,Timestamp,Open,High,Low,Close,Adj Close,Volume,Dividends,Stock Splits,Date
0,2023-07-11 09:15:00+05:30,7580.4501953125,7619.9501953125,7580.4501953125,7619.9501953125,,0.0,0.0,0.0,2023-07-11
1,2023-07-11 09:16:00+05:30,7615.10009765625,7616.5498046875,7599.85009765625,7613.60009765625,,19476.0,0.0,0.0,2023-07-11
2,2023-07-11 09:17:00+05:30,7613.5498046875,7632.60009765625,7604.10009765625,7607.85009765625,,16761.0,0.0,0.0,2023-07-11
3,2023-07-11 09:18:00+05:30,7610.0,7620.0,7605.75,7615.2001953125,,8625.0,0.0,0.0,2023-07-11
4,2023-07-11 09:19:00+05:30,7617.39990234375,7635.0,7614.35009765625,7625.2998046875,,9535.0,0.0,0.0,2023-07-11
5,2023-07-11 09:20:00+05:30,7628.7001953125,7635.0,7628.7001953125,7631.5498046875,,6004.0,0.0,0.0,2023-07-11
6,2023-07-11 09:21:00+05:30,7630.89990234375,7644.0,7627.2001953125,7639.7998046875,,8590.0,0.0,0.0,2023-07-11
7,2023-07-11 09:22:00+05:30,7639.7998046875,7645.0,7632.35009765625,7638.0,,5877.0,0.0,0.0,2023-07-11
8,2023-07-11 09:23:00+05:30,7651.14990234375,7660.14990234375,7651.14990234375,7660.14990234375,,10769.0,0.0,0.0,2023-07-11
9,2023-07-11 09:24:00+05:30,7660.35009765625,7663.89990234375,7652.0,7655.4501953125,,8982.0,0.0,0.0,2023-07-11
10,2023-07-11 09:25:00+05:30,7657.39990234375,7673.9501953125,7657.35009765625,7665.25,,8954.0,0.0,0.0,2023-07-11
11,2023-07-11 09:26:00+05:30,7665.2998046875,7672.0,7655.0,7670.0,,6779.0,0.0,0.0,2023-07-11
12,2023-07-11 09:27:00+05:30,7669.25,7672.7001953125,7661.0,7668.0,,6607.0,0.0,0.0,2023-07-11
13,2023-07-11 09:28:00+05:30,7668.0,7672.75,7659.64990234375,7669.39990234375,,13674.0,0.0,0.0,2023-07-11
14,2023-07-11 09:29:00+05:30,7671.0,7680.0,7664.64990234375,7668.4501953125,,10984.0,0.0,0.0,2023-07-11
15,2023-07-11 09:30:00+05:30,7670.0,7676.0,7669.5,7675.0,,4544.0,0.0,0.0,2023-07-11
16,2023-07-11 09:31:00+05:30,7671.5,7674.89990234375,7669.39990234375,7673.25,,4474.0,0.0,0.0,2023-07-11
17,2023-07-11 09:32:00+05:30,7670.0,7673.89990234375,7656.5,7657.25,,5350.0,0.0,0.0,2023-07-11
18,2023-07-11 09:33:00+05:30,7658.64990234375,7659.75,7646.10009765625,7647.2001953125,,7668.0,0.0,0.0,2023-07-11
19,2023-07-11 09:34:00+05:30,7650.0,7655.35009765625,7647.0,7653.0,,2813.0,0.0,0.0,2023-07-11
20,2023-07-11 09:35:00+05:30,7653.0,7664.39990234375,7650.0498046875,7653.0,,4815.0,0.0,0.0,2023-07-11
21,2023-07-11 09:36:00+05:30,7651.0498046875,7658.5498046875,7651.0498046875,7655.75,,3366.0,0.0,0.0,2023-07-11
22,2023-07-11 09:37:00+05:30,7658.14990234375,7659.0,7653.25,7656.25,,2387.0,0.0,0.0,2023-07-11
23,2023-07-11 09:38:00+05:30,7656.25,7660.10009765625,7655.75,7660.10009765625,,2289.0,0.0,0.0,2023-07-11
24,2023-07-11 09:39:00+05:30,7663.10009765625,7665.0,7660.0,7660.89990234375,,3438.0,0.0,0.0,2023-07-11
25,2023-07-11 09:40:00+05:30,7660.9501953125,7661.85009765625,7658.25,7661.2998046875,,2089.0,0.0,0.0,2023-07-11
26,2023-07-11 09:41:00+05:30,7660.2998046875,7662.0,7653.25,7654.10009765625,,2169.0,0.0,0.0,2023-07-11
27,2023-07-11 09:42:00+05:30,7654.9501953125,7655.0,7646.10009765625,7653.9501953125,,4478.0,0.0,0.0,2023-07-11
28,2023-07-11 09:43:00+05:30,7654.5,7660.0,7651.85009765625,7654.64990234375,,3343.0,0.0,0.0,2023-07-11
29,2023-07-11 09:44:00+05:30,7652.5498046875,7654.75,7646.64990234375,7646.7001953125,,3529.0,0.0,0.0,2023-07-11
30,2023-07-11 09:45:00+05:30,7646.7001953125,7657.39990234375,7646.7001953125,7647.2998046875,,3087.0,0.0,0.0,2023-07-11
31,2023-07-11 09:46:00+05:30,7646.64990234375,7648.10009765625,7641.7001953125,7642.10009765625,,4383.0,0.0,0.0,2023-07-11
32,2023-07-11 09:47:00+05:30,7643.9501953125,7650.0,7642.10009765625,7646.7998046875,,2973.0,0.0,0.0,2023-07-11
33,2023-07-11 09:48:00+05:30,7646.75,7649.7001953125,7645.64990234375,7648.9501953125,,1416.0,0.0,0.0,2023-07-11
34,2023-07-11 09:49:00+05:30,7649.0,7650.0,7644.0498046875,7645.0,,2881.0,0.0,0.0,2023-07-11
35,2023-07-11 09:50:00+05:30,7646.5,7648.25,7641.0498046875,7641.35009765625,,2800.0,0.0,0.0,2023-07-11
36,2023-07-11 09:51:00+05:30,7641.35009765625,7653.85009765625,7641.0,7649.0498046875,,2428.0,0.0,0.0,2023-07-11
37,2023-07-11 09:52:00+05:30,7649.2001953125,7653.4501953125,7649.2001953125,7652.14990234375,,1541.0,0.0,0.0,2023-07-11
38,2023-07-11 09:53:00+05:30,7650.0,7650.0,7645.14990234375,7648.2998046875,,1652.0,0.0,0.0,2023-07-11
39,2023-07-11 09:54:00+05:30,7647.2001953125,7655.9501953125,7647.2001953125,7654.60009765625,,1484.0,0.0,0.0,2023-07-11
40,2023-07-11 09:55:00+05:30,7654.60009765625,7656.7001953125,7651.4501953125,7652.5,,2249.0,0.0,0.0,2023-07-11
41,2023-07-11 09:56:00+05:30,7652.5,7656.7998046875,7651.4501953125,7653.75,,3262.0,0.0,0.0,2023-07-11
42,2023-07-11 09:57:00+05:30,7653.75,7656.7998046875,7648.85009765625,7650.85009765625,,3522.0,0.0,0.0,2023-07-11
43,2023-07-11 09:58:00+05:30,7650.7998046875,7650.85009765625,7645.2998046875,7647.5,,2751.0,0.0,0.0,2023-07-11
44,2023-07-11 09:59:00+05:30,7647.5498046875,7648.14990234375,7644.2998046875,7646.10009765625,,2545.0,0.0,0.0,2023-07-11
45,2023-07-11 10:00:00+05:30,7646.14990234375,7646.14990234375,7630.39990234375,7635.60009765625,,8034.0,0.0,0.0,2023-07-11
46,2023-07-11 10:01:00+05:30,7635.0,7635.0,7622.5,7622.5,,7874.0,0.0,0.0,2023-07-11
47,2023-07-11 10:02:00+05:30,7623.0,7624.5498046875,7620.0498046875,7621.2001953125,,3439.0,0.0,0.0,2023-07-11
48,2023-07-11 10:03:00+05:30,7621.35009765625,7621.39990234375,7610.0,7611.7998046875,,9241.0,0.0,0.0,2023-07-11
49,2023-07-11 10:04:00+05:30,7611.7998046875,7611.7998046875,7608.5,7610.0,,2389.0,0.0,0.0,2023-07-11
50,2023-07-11 10:05:00+05:30,7610.0,7611.2998046875,7602.2001953125,7607.25,,8106.0,0.0,0.0,2023-07-11
51,2023-07-11 10:06:00+05:30,7607.25,7607.25,7597.2998046875,7598.35009765625,,9643.0,0.0,0.0,2023-07-11
52,2023-07-11 10:07:00+05:30,7598.0498046875,7603.4501953125,7595.2998046875,7600.2998046875,,3996.0,0.0,0.0,2023-07-11
53,2023-07-11 10:08:00+05:30,7604.5498046875,7610.0,7600.75,7604.39990234375,,4859.0,0.0,0.0,2023-07-11
54,2023-07-11 10:09:00+05:30,7604.2998046875,7611.0,7598.25,7609.5498046875,,4818.0,0.0,0.0,2023-07-11
55,2023-07-11 10:10:00+05:30,7608.7998046875,7613.2998046875,7605.2998046875,7609.25,,4089.0,0.0,0.0,2023-07-11
56,2023-07-11 10:11:00+05:30,7609.2998046875,7618.35009765625,7607.39990234375,7614.0,,2797.0,0.0,0.0,2023-07-11
57,2023-07-11 10:12:00+05:30,7614.0,7615.0,7608.2998046875,7610.0,,4186.0,0.0,0.0,2023-07-11
58,2023-07-11 10:13:00+05:30,7608.0,7612.9501953125,7607.35009765625,7610.7001953125,,3866.0,0.0,0.0,2023-07-11
59,2023-07-11 10:14:00+05:30,7612.9501953125,7615.85009765625,7610.5,7612.0,,1814.0,0.0,0.0,2023-07-11
60,2023-07-11 10:15:00+05:30,7614.0,7614.89990234375,7611.7998046875,7614.39990234375,,1401.0,0.0,0.0,2023-07-11
61,2023-07-11 10:16:00+05:30,7614.5,7622.60009765625,7614.35009765625,7619.10009765625,,4637.0,0.0,0.0,2023-07-11
62,2023-07-11 10:17:00+05:30,7619.10009765625,7624.0,7618.9501953125,7623.0,,3754.0,0.0,0.0,2023-07-11
63,2023-07-11 10:18:00+05:30,7623.14990234375,7629.7001953125,7621.25,7629.7001953125,,2716.0,0.0,0.0,2023-07-11
64,2023-07-11 10:19:00+05:30,7629.5498046875,7629.89990234375,7621.64990234375,7624.89990234375,,3229.0,0.0,0.0,2023-07-11
65,2023-07-11 10:20:00+05:30,7625.2998046875,7627.4501953125,7624.0,7625.0,,1747.0,0.0,0.0,2023-07-11
66,2023-07-11 10:21:00+05:30,7626.2998046875,7626.2998046875,7618.7001953125,7619.85009765625,,2369.0,0.0,0.0,2023-07-11
67,2023-07-11 10:22:00+05:30,7618.85009765625,7622.2001953125,7617.5,7618.25,,1840.0,0.0,0.0,2023-07-11
68,2023-07-11 10:23:00+05:30,7620.7998046875,7620.7998046875,7615.0,7615.5,,2013.0,0.0,0.0,2023-07-11
69,2023-07-11 10:24:00+05:30,7615.5,7623.5,7615.0,7623.5,,1487.0,0.0,0.0,2023-07-11
70,2023-07-11 10:25:00+05:30,7620.9501953125,7625.60009765625,7620.89990234375,7621.85009765625,,2025.0,0.0,0.0,2023-07-11
71,2023-07-11 10:26:00+05:30,7620.9501953125,7621.60009765625,7618.2001953125,7619.64990234375,,628.0,0.0,0.0,2023-07-11
72,2023-07-11 10:27:00+05:30,7619.9501953125,7619.9501953125,7616.2001953125,7616.2001953125,,1472.0,0.0,0.0,2023-07-11
73,2023-07-11 10:28:00+05:30,7617.9501953125,7617.9501953125,7615.7998046875,7616.75,,893.0,0.0,0.0,2023-07-11
74,2023-07-11 10:29:00+05:30,7616.5498046875,7618.14990234375,7615.0,7617.14990234375,,2048.0,0.0,0.0,2023-07-11
75,2023-07-11 10:30:00+05:30,7617.4501953125,7619.75,7614.64990234375,7616.85009765625,,2134.0,0.0,0.0,2023-07-11
76,2023-07-11 10:31:00+05:30,7616.4501953125,7616.4501953125,7612.5498046875,7615.0,,1588.0,0.0,0.0,2023-07-11
77,2023-07-11 10:32:00+05:30,7614.85009765625,7615.0,7613.35009765625,7613.35009765625,,987.0,0.0,0.0,2023-07-11
78,2023-07-11 10:33:00+05:30,7614.75,7615.39990234375,7613.35009765625,7615.10009765625,,1500.0,0.0,0.0,2023-07-11
79,2023-07-11 10:34:00+05:30,7615.39990234375,7617.0,7613.39990234375,7613.9501953125,,1777.0,0.0,0.0,2023-07-11
80,2023-07-11 10:35:00+05:30,7616.2001953125,7616.9501953125,7612.10009765625,7612.60009765625,,6570.0,0.0,0.0,2023-07-11
81,2023-07-11 10:36:00+05:30,7612.75,7615.0498046875,7605.0,7605.0,,6254.0,0.0,0.0,2023-07-11
82,2023-07-11 10:37:00+05:30,7605.0,7608.2001953125,7596.60009765625,7597.0,,8128.0,0.0,0.0,2023-07-11
83,2023-07-11 10:38:00+05:30,7599.89990234375,7602.89990234375,7596.9501953125,7602.25,,3156.0,0.0,0.0,2023-07-11
84,2023-07-11 10:39:00+05:30,7601.25,7604.25,7600.10009765625,7600.10009765625,,1629.0,0.0,0.0,2023-07-11
85,2023-07-11 10:40:00+05:30,7600.10009765625,7604.35009765625,7600.10009765625,7603.60009765625,,1681.0,0.0,0.0,2023-07-11
86,2023-07-11 10:41:00+05:30,7603.60009765625,7608.10009765625,7603.14990234375,7607.7998046875,,1681.0,0.0,0.0,2023-07-11
87,2023-07-11 10:42:00+05:30,7606.7001953125,7610.64990234375,7606.5,7608.60009765625,,1861.0,0.0,0.0,2023-07-11
88,2023-07-11 10:43:00+05:30,7607.7001953125,7615.7998046875,7607.7001953125,7614.5498046875,,1852.0,0.0,0.0,2023-07-11
89,2023-07-11 10:44:00+05:30,7614.60009765625,7616.0,7613.0,7615.7998046875,,1229.0,0.0,0.0,2023-07-11
90,2023-07-11 10:45:00+05:30,7615.7998046875,7615.7998046875,7610.10009765625,7613.9501953125,,1681.0,0.0,0.0,2023-07-11
91,2023-07-11 10:46:00+05:30,7614.89990234375,7615.0,7608.0498046875,7609.5,,2692.0,0.0,0.0,2023-07-11
92,2023-07-11 10:47:00+05:30,7608.89990234375,7611.60009765625,7608.25,7610.0,,1371.0,0.0,0.0,2023-07-11
93,2023-07-11 10:48:00+05:30,7608.39990234375,7609.9501953125,7603.85009765625,7607.4501953125,,1502.0,0.0,0.0,2023-07-11
94,2023-07-11 10:49:00+05:30,7606.5,7608.39990234375,7605.0,7606.35009765625,,1885.0,0.0,0.0,2023-07-11
95,2023-07-11 10:50:00+05:30,7606.35009765625,7610.9501953125,7606.2998046875,7609.60009765625,,944.0,0.0,0.0,2023-07-11
96,2023-07-11 10:51:00+05:30,7609.60009765625,7611.0,7606.25,7609.2998046875,,1377.0,0.0,0.0,2023-07-11
97,2023-07-11 10:52:00+05:30,7609.2001953125,7614.9501953125,7607.35009765625,7613.64990234375,,1020.0,0.0,0.0,2023-07-11
98,2023-07-11 10:53:00+05:30,7613.2998046875,7614.89990234375,7606.25,7606.39990234375,,3379.0,0.0,0.0,2023-07-11
99,2023-07-11 10:54:00+05:30,7606.5,7608.7001953125,7605.89990234375,7607.0,,1585.0,0.0,0.0,2023-07-11
100,2023-07-11 10:55:00+05:30,7609.0498046875,7609.85009765625,7605.4501953125,7605.89990234375,,1744.0,0.0,0.0,2023-07-11
101,2023-07-11 10:56:00+05:30,7606.2001953125,7606.2001953125,7601.0,7601.89990234375,,2083.0,0.0,0.0,2023-07-11
102,2023-07-11 10:57:00+05:30,7601.0498046875,7601.2998046875,7590.85009765625,7598.85009765625,,4930.0,0.0,0.0,2023-07-11
103,2023-07-11 10:58:00+05:30,7598.4501953125,7603.7998046875,7596.35009765625,7599.9501953125,,2329.0,0.0,0.0,2023-07-11
104,2023-07-11 10:59:00+05:30,7600.0,7600.0,7592.10009765625,7594.89990234375,,3109.0,0.0,0.0,2023-07-11
105,2023-07-11 11:00:00+05:30,7594.89990234375,7596.0,7590.0498046875,7595.0,,3714.0,0.0,0.0,2023-07-11
106,2023-07-11 11:01:00+05:30,7593.0,7595.0,7592.2998046875,7595.0,,2078.0,0.0,0.0,2023-07-11
107,2023-07-11 11:02:00+05:30,7593.9501953125,7595.0,7592.0,7592.2001953125,,9244.0,0.0,0.0,2023-07-11
108,2023-07-11 11:03:00+05:30,7593.0,7595.0,7592.7998046875,7594.60009765625,,872.0,0.0,0.0,2023-07-11
109,2023-07-11 11:04:00+05:30,7595.0,7595.5,7592.0,7593.0498046875,,9756.0,0.0,0.0,2023-07-11
110,2023-07-11 11:05:00+05:30,7593.2998046875,7595.0,7584.2001953125,7584.2001953125,,13626.0,0.0,0.0,2023-07-11
111,2023-07-11 11:06:00+05:30,7584.2001953125,7584.2001953125,7560.0,7560.5,,32174.0,0.0,0.0,2023-07-11
112,2023-07-11 11:07:00+05:30,7561.75,7568.25,7560.0,7563.75,,7223.0,0.0,0.0,2023-07-11
113,2023-07-11 11:08:00+05:30,7563.75,7571.2001953125,7563.0,7569.39990234375,,4391.0,0.0,0.0,2023-07-11
114,2023-07-11 11:09:00+05:30,7565.39990234375,7577.0498046875,7565.39990234375,7574.2001953125,,5613.0,0.0,0.0,2023-07-11
115,2023-07-11 11:10:00+05:30,7573.0,7577.0,7566.0,7566.0498046875,,3773.0,0.0,0.0,2023-07-11
116,2023-07-11 11:11:00+05:30,7567.7001953125,7570.14990234375,7564.7001953125,7568.5,,4928.0,0.0,0.0,2023-07-11
117,2023-07-11 11:12:00+05:30,7565.0,7570.2001953125,7564.7998046875,7568.0,,3859.0,0.0,0.0,2023-07-11
118,2023-07-11 11:13:00+05:30,7568.0,7577.0,7567.2998046875,7567.7998046875,,3416.0,0.0,0.0,2023-07-11
119,2023-07-11 11:14:00+05:30,7567.4501953125,7570.25,7565.5498046875,7567.7001953125,,2080.0,0.0,0.0,2023-07-11
120,2023-07-11 11:15:00+05:30,7565.5498046875,7568.39990234375,7558.4501953125,7559.39990234375,,5671.0,0.0,0.0,2023-07-11
121,2023-07-11 11:16:00+05:30,7558.39990234375,7569.14990234375,7558.39990234375,7564.39990234375,,2147.0,0.0,0.0,2023-07-11
122,2023-07-11 11:17:00+05:30,7568.0,7571.7001953125,7564.9501953125,7566.0,,2415.0,0.0,0.0,2023-07-11
123,2023-07-11 11:18:00+05:30,7566.0,7569.85009765625,7559.7998046875,7561.2001953125,,3973.0,0.0,0.0,2023-07-11
124,2023-07-11 11:19:00+05:30,7561.7001953125,7572.5,7561.0,7572.5,,2477.0,0.0,0.0,2023-07-11
125,2023-07-11 11:20:00+05:30,7572.5,7573.9501953125,7569.5498046875,7571.5,,1542.0,0.0,0.0,2023-07-11
126,2023-07-11 11:21:00+05:30,7573.0498046875,7573.0498046875,7565.0,7568.2998046875,,1943.0,0.0,0.0,2023-07-11
127,2023-07-11 11:22:00+05:30,7566.10009765625,7573.0,7565.9501953125,7573.0,,2683.0,0.0,0.0,2023-07-11
128,2023-07-11 11:23:00+05:30,7572.0,7573.7998046875,7565.2001953125,7566.2001953125,,2580.0,0.0,0.0,2023-07-11
129,2023-07-11 11:24:00+05:30,7566.25,7570.10009765625,7562.5,7566.89990234375,,2919.0,0.0,0.0,2023-07-11
130,2023-07-11 11:25:00+05:30,7565.9501953125,7571.25,7564.0498046875,7564.0498046875,,1643.0,0.0,0.0,2023-07-11
131,2023-07-11 11:26:00+05:30,7564.2001953125,7568.0,7563.2998046875,7563.39990234375,,1961.0,0.0,0.0,2023-07-11
132,2023-07-11 11:27:00+05:30,7564.4501953125,7567.85009765625,7563.0,7567.2998046875,,1539.0,0.0,0.0,2023-07-11
133,2023-07-11 11:28:00+05:30,7567.2998046875,7569.75,7562.25,7562.7001953125,,3255.0,0.0,0.0,2023-07-11
134,2023-07-11 11:29:00+05:30,7562.0,7562.2998046875,7551.60009765625,7556.5,,7153.0,0.0,0.0,2023-07-11
135,2023-07-11 11:30:00+05:30,7556.5,7562.64990234375,7556.5,7561.0498046875,,1673.0,0.0,0.0,2023-07-11
136,2023-07-11 11:31:00+05:30,7560.9501953125,7561.5,7557.5498046875,7559.89990234375,,1797.0,0.0,0.0,2023-07-11
137,2023-07-11 11:32:00+05:30,7560.39990234375,7565.0,7557.39990234375,7562.9501953125,,2982.0,0.0,0.0,2023-07-11
138,2023-07-11 11:33:00+05:30,7561.60009765625,7564.5,7559.14990234375,7561.85009765625,,1641.0,0.0,0.0,2023-07-11
139,2023-07-11 11:34:00+05:30,7562.39990234375,7564.9501953125,7560.35009765625,7564.9501953125,,1153.0,0.0,0.0,2023-07-11
140,2023-07-11 11:35:00+05:30,7565.0,7568.0,7562.25,7566.0,,1416.0,0.0,0.0,2023-07-11
141,2023-07-11 11:36:00+05:30,7564.0,7564.0,7557.0,7561.10009765625,,1573.0,0.0,0.0,2023-07-11
142,2023-07-11 11:37:00+05:30,7561.10009765625,7563.0498046875,7558.2001953125,7558.89990234375,,1139.0,0.0,0.0,2023-07-11
143,2023-07-11 11:38:00+05:30,7558.89990234375,7561.75,7545.14990234375,7548.5,,8677.0,0.0,0.0,2023-07-11
144,2023-07-11 11:39:00+05:30,7549.0,7549.0,7542.64990234375,7545.89990234375,,2599.0,0.0,0.0,2023-07-11
145,2023-07-11 11:40:00+05:30,7546.9501953125,7555.10009765625,7545.10009765625,7545.39990234375,,2283.0,0.0,0.0,2023-07-11
146,2023-07-11 11:41:00+05:30,7545.0498046875,7552.39990234375,7545.0498046875,7550.0,,1313.0,0.0,0.0,2023-07-11
147,2023-07-11 11:42:00+05:30,7546.9501953125,7549.7001953125,7546.0,7546.89990234375,,1412.0,0.0,0.0,2023-07-11
148,2023-07-11 11:43:00+05:30,7546.85009765625,7549.0,7543.5,7547.10009765625,,1962.0,0.0,0.0,2023-07-11
149,2023-07-11 11:44:00+05:30,7546.7998046875,7555.0,7546.2998046875,7552.0498046875,,1721.0,0.0,0.0,2023-07-11
150,2023-07-11 11:45:00+05:30,7552.0498046875,7559.0,7550.7998046875,7559.0,,1835.0,0.0,0.0,2023-07-11
151,2023-07-11 11:46:00+05:30,7558.14990234375,7560.0,7551.14990234375,7551.85009765625,,1836.0,0.0,0.0,2023-07-11
152,2023-07-11 11:47:00+05:30,7551.5,7558.4501953125,7551.5,7556.0,,694.0,0.0,0.0,2023-07-11
153,2023-07-11 11:48:00+05:30,7556.0,7556.89990234375,7550.0,7550.0,,1566.0,0.0,0.0,2023-07-11
154,2023-07-11 11:49:00+05:30,7550.14990234375,7550.25,7545.0,7548.0,,1768.0,0.0,0.0,2023-07-11
155,2023-07-11 11:50:00+05:30,7548.0,7555.39990234375,7548.0,7555.39990234375,,1230.0,0.0,0.0,2023-07-11
156,2023-07-11 11:51:00+05:30,7555.39990234375,7558.85009765625,7554.0,7556.85009765625,,1496.0,0.0,0.0,2023-07-11
157,2023-07-11 11:52:00+05:30,7558.0,7559.75,7553.5,7556.60009765625,,1305.0,0.0,0.0,2023-07-11
158,2023-07-11 11:53:00+05:30,7557.5498046875,7558.7001953125,7550.0,7553.4501953125,,1208.0,0.0,0.0,2023-07-11
159,2023-07-11 11:54:00+05:30,7552.64990234375,7554.39990234375,7548.0,7550.0498046875,,1572.0,0.0,0.0,2023-07-11
160,2023-07-11 11:55:00+05:30,7551.0,7551.9501953125,7548.60009765625,7551.4501953125,,1217.0,0.0,0.0,2023-07-11
161,2023-07-11 11:56:00+05:30,7551.0,7558.0,7551.0,7553.5498046875,,1909.0,0.0,0.0,2023-07-11
162,2023-07-11 11:57:00+05:30,7553.2001953125,7560.0,7553.2001953125,7555.35009765625,,1788.0,0.0,0.0,2023-07-11
163,2023-07-11 11:58:00+05:30,7555.2001953125,7559.39990234375,7549.0498046875,7550.0,,2490.0,0.0,0.0,2023-07-11
164,2023-07-11 11:59:00+05:30,7550.0,7558.0,7549.89990234375,7557.2001953125,,1008.0,0.0,0.0,2023-07-11
165,2023-07-11 12:00:00+05:30,7556.25,7558.39990234375,7555.0,7558.0,,1110.0,0.0,0.0,2023-07-11
166,2023-07-11 12:01:00+05:30,7558.0,7558.10009765625,7551.60009765625,7553.35009765625,,997.0,0.0,0.0,2023-07-11
167,2023-07-11 12:02:00+05:30,7552.14990234375,7555.5,7550.85009765625,7551.0,,968.0,0.0,0.0,2023-07-11
168,2023-07-11 12:03:00+05:30,7551.0,7555.14990234375,7551.0,7552.0,,1165.0,0.0,0.0,2023-07-11
169,2023-07-11 12:04:00+05:30,7552.0,7556.0498046875,7550.5,7555.7998046875,,2530.0,0.0,0.0,2023-07-11
170,2023-07-11 12:05:00+05:30,7553.5,7557.9501953125,7551.5,7556.0,,1037.0,0.0,0.0,2023-07-11
171,2023-07-11 12:06:00+05:30,7554.5,7557.7998046875,7554.10009765625,7557.39990234375,,882.0,0.0,0.0,2023-07-11
172,2023-07-11 12:07:00+05:30,7557.0,7558.14990234375,7555.0498046875,7555.39990234375,,1656.0,0.0,0.0,2023-07-11
173,2023-07-11 12:08:00+05:30,7555.75,7555.75,7552.0,7554.75,,914.0,0.0,0.0,2023-07-11
174,2023-07-11 12:09:00+05:30,7552.35009765625,7555.75,7552.14990234375,7553.2998046875,,1278.0,0.0,0.0,2023-07-11
175,2023-07-11 12:10:00+05:30,7553.39990234375,7555.10009765625,7550.10009765625,7550.75,,1766.0,0.0,0.0,2023-07-11
176,2023-07-11 12:11:00+05:30,7550.2998046875,7553.9501953125,7546.5,7550.0,,2073.0,0.0,0.0,2023-07-11
177,2023-07-11 12:12:00+05:30,7549.5498046875,7550.4501953125,7546.5,7549.0498046875,,916.0,0.0,0.0,2023-07-11
178,2023-07-11 12:13:00+05:30,7547.85009765625,7553.5498046875,7547.5,7548.75,,742.0,0.0,0.0,2023-07-11
179,2023-07-11 12:14:00+05:30,7548.0,7552.75,7547.2001953125,7550.0,,1054.0,0.0,0.0,2023-07-11
180,2023-07-11 12:15:00+05:30,7550.0,7550.14990234375,7549.0498046875,7550.0,,553.0,0.0,0.0,2023-07-11
181,2023-07-11 12:16:00+05:30,7550.0,7550.7001953125,7546.0,7546.5,,1278.0,0.0,0.0,2023-07-11
182,2023-07-11 12:17:00+05:30,7546.5,7548.0,7546.0,7547.9501953125,,633.0,0.0,0.0,2023-07-11
183,2023-07-11 12:18:00+05:30,7547.9501953125,7552.0,7546.0498046875,7549.0,,936.0,0.0,0.0,2023-07-11
184,2023-07-11 12:19:00+05:30,7550.0,7551.9501953125,7548.0,7550.0,,870.0,0.0,0.0,2023-07-11
185,2023-07-11 12:20:00+05:30,7551.0,7551.39990234375,7548.2001953125,7551.0,,516.0,0.0,0.0,2023-07-11
186,2023-07-11 12:21:00+05:30,7551.39990234375,7553.0,7549.0,7549.9501953125,,1086.0,0.0,0.0,2023-07-11
187,2023-07-11 12:22:00+05:30,7550.0,7551.0,7548.0,7549.64990234375,,774.0,0.0,0.0,2023-07-11
188,2023-07-11 12:23:00+05:30,7548.0,7550.0,7547.14990234375,7550.0,,447.0,0.0,0.0,2023-07-11
189,2023-07-11 12:24:00+05:30,7550.0,7550.39990234375,7549.10009765625,7549.39990234375,,372.0,0.0,0.0,2023-07-11
190,2023-07-11 12:25:00+05:30,7549.35009765625,7552.0,7548.0,7550.0,,1385.0,0.0,0.0,2023-07-11
191,2023-07-11 12:26:00+05:30,7550.0,7550.0,7537.2001953125,7540.35009765625,,6408.0,0.0,0.0,2023-07-11
192,2023-07-11 12:27:00+05:30,7540.35009765625,7545.5498046875,7538.9501953125,7543.10009765625,,600.0,0.0,0.0,2023-07-11
193,2023-07-11 12:28:00+05:30,7543.0498046875,7551.0,7542.0498046875,7545.7001953125,,1181.0,0.0,0.0,2023-07-11
194,2023-07-11 12:29:00+05:30,7545.4501953125,7547.39990234375,7542.0,7543.64990234375,,854.0,0.0,0.0,2023-07-11
195,2023-07-11 12:30:00+05:30,7543.64990234375,7544.0,7540.0,7540.85009765625,,818.0,0.0,0.0,2023-07-11
196,2023-07-11 12:31:00+05:30,7540.60009765625,7542.0,7538.5,7540.85009765625,,1243.0,0.0,0.0,2023-07-11
197,2023-07-11 12:32:00+05:30,7538.5,7541.39990234375,7538.2001953125,7538.7001953125,,730.0,0.0,0.0,2023-07-11
198,2023-07-11 12:33:00+05:30,7538.7001953125,7540.14990234375,7538.0,7539.0498046875,,960.0,0.0,0.0,2023-07-11
199,2023-07-11 12:34:00+05:30,7538.10009765625,7539.9501953125,7536.60009765625,7539.9501953125,,1971.0,0.0,0.0,2023-07-11
200,2023-07-11 12:35:00+05:30,7539.14990234375,7539.7001953125,7532.7998046875,7534.0,,2525.0,0.0,0.0,2023-07-11
201,2023-07-11 12:36:00+05:30,7533.89990234375,7542.0498046875,7533.14990234375,7538.0,,1859.0,0.0,0.0,2023-07-11
202,2023-07-11 12:37:00+05:30,7537.89990234375,7538.5498046875,7535.35009765625,7536.9501953125,,1688.0,0.0,0.0,2023-07-11
203,2023-07-11 12:38:00+05:30,7536.0,7539.7998046875,7534.2001953125,7535.7001953125,,1440.0,0.0,0.0,2023-07-11
204,2023-07-11 12:39:00+05:30,7535.64990234375,7537.75,7533.39990234375,7533.64990234375,,1201.0,0.0,0.0,2023-07-11
205,2023-07-11 12:40:00+05:30,7533.75,7535.0,7530.0,7530.0,,3487.0,0.0,0.0,2023-07-11
206,2023-07-11 12:41:00+05:30,7530.14990234375,7534.14990234375,7525.9501953125,7532.7998046875,,2599.0,0.0,0.0,2023-07-11
207,2023-07-11 12:42:00+05:30,7531.5,7533.0,7528.0,7530.0,,2096.0,0.0,0.0,2023-07-11
208,2023-07-11 12:43:00+05:30,7529.9501953125,7530.35009765625,7528.0,7529.89990234375,,814.0,0.0,0.0,2023-07-11
209,2023-07-11 12:44:00+05:30,7529.85009765625,7530.2998046875,7526.39990234375,7526.39990234375,,2432.0,0.0,0.0,2023-07-11
210,2023-07-11 12:45:00+05:30,7526.39990234375,7528.2998046875,7525.0,7525.7998046875,,2301.0,0.0,0.0,2023-07-11
211,2023-07-11 12:46:00+05:30,7525.2998046875,7533.2001953125,7525.14990234375,7531.4501953125,,1103.0,0.0,0.0,2023-07-11
212,2023-07-11 12:47:00+05:30,7531.5,7538.0,7530.0,7534.9501953125,,2619.0,0.0,0.0,2023-07-11
213,2023-07-11 12:48:00+05:30,7532.2001953125,7534.9501953125,7528.39990234375,7531.0,,1518.0,0.0,0.0,2023-07-11
214,2023-07-11 12:49:00+05:30,7530.9501953125,7531.0,7525.0,7525.0,,2308.0,0.0,0.0,2023-07-11
215,2023-07-11 12:50:00+05:30,7524.7998046875,7530.0,7524.0498046875,7528.89990234375,,1497.0,0.0,0.0,2023-07-11
216,2023-07-11 12:51:00+05:30,7530.0,7533.2998046875,7529.0,7532.39990234375,,1022.0,0.0,0.0,2023-07-11
217,2023-07-11 12:52:00+05:30,7530.4501953125,7532.10009765625,7527.64990234375,7529.0,,1354.0,0.0,0.0,2023-07-11
218,2023-07-11 12:53:00+05:30,7529.10009765625,7529.9501953125,7527.5498046875,7527.75,,715.0,0.0,0.0,2023-07-11
219,2023-07-11 12:54:00+05:30,7528.7001953125,7528.7998046875,7526.0,7527.2001953125,,982.0,0.0,0.0,2023-07-11
220,2023-07-11 12:55:00+05:30,7527.2001953125,7528.0,7525.64990234375,7527.7998046875,,1083.0,0.0,0.0,2023-07-11
221,2023-07-11 12:56:00+05:30,7527.5,7529.10009765625,7525.5,7529.0498046875,,674.0,0.0,0.0,2023-07-11
222,2023-07-11 12:57:00+05:30,7528.0,7530.0,7527.0,7527.0,,1482.0,0.0,0.0,2023-07-11
223,2023-07-11 12:58:00+05:30,7527.0,7529.0498046875,7525.5,7529.0,,628.0,0.0,0.0,2023-07-11
224,2023-07-11 12:59:00+05:30,7527.39990234375,7529.14990234375,7526.0,7528.2001953125,,2179.0,0.0,0.0,2023-07-11
225,2023-07-11 13:00:00+05:30,7527.10009765625,7529.2998046875,7527.0,7528.89990234375,,778.0,0.0,0.0,2023-07-11
226,2023-07-11 13:01:00+05:30,7530.0,7530.0,7527.89990234375,7529.4501953125,,829.0,0.0,0.0,2023-07-11
227,2023-07-11 13:02:00+05:30,7528.10009765625,7530.0,7527.39990234375,7529.9501953125,,1017.0,0.0,0.0,2023-07-11
228,2023-07-11 13:03:00+05:30,7529.2001953125,7530.2001953125,7528.7001953125,7530.2001953125,,1328.0,0.0,0.0,2023-07-11
229,2023-07-11 13:04:00+05:30,7530.10009765625,7530.5,7528.0,7528.2001953125,,834.0,0.0,0.0,2023-07-11
230,2023-07-11 13:05:00+05:30,7528.2001953125,7529.4501953125,7526.0,7526.10009765625,,2044.0,0.0,0.0,2023-07-11
231,2023-07-11 13:06:00+05:30,7526.0,7527.7001953125,7523.7998046875,7527.0,,1722.0,0.0,0.0,2023-07-11
232,2023-07-11 13:07:00+05:30,7525.0,7527.75,7521.0,7521.0,,1640.0,0.0,0.0,2023-07-11
233,2023-07-11 13:08:00+05:30,7521.0,7521.85009765625,7513.0,7513.7001953125,,3733.0,0.0,0.0,2023-07-11
234,2023-07-11 13:09:00+05:30,7507.60009765625,7514.0498046875,7507.2001953125,7510.0,,5482.0,0.0,0.0,2023-07-11
235,2023-07-11 13:10:00+05:30,7507.75,7509.7001953125,7503.0498046875,7503.39990234375,,4898.0,0.0,0.0,2023-07-11
236,2023-07-11 13:11:00+05:30,7506.2998046875,7506.2998046875,7503.39990234375,7503.39990234375,,2735.0,0.0,0.0,2023-07-11
237,2023-07-11 13:12:00+05:30,7503.39990234375,7504.4501953125,7500.0498046875,7501.5498046875,,2514.0,0.0,0.0,2023-07-11
238,2023-07-11 13:13:00+05:30,7501.5498046875,7508.89990234375,7500.5,7503.10009765625,,1971.0,0.0,0.0,2023-07-11
239,2023-07-11 13:14:00+05:30,7501.0,7503.10009765625,7490.0,7499.89990234375,,8370.0,0.0,0.0,2023-07-11
240,2023-07-11 13:15:00+05:30,7499.5498046875,7499.5498046875,7491.14990234375,7495.5498046875,,3097.0,0.0,0.0,2023-07-11
241,2023-07-11 13:16:00+05:30,7492.89990234375,7499.2001953125,7492.14990234375,7496.10009765625,,2553.0,0.0,0.0,2023-07-11
242,2023-07-11 13:17:00+05:30,7496.10009765625,7499.4501953125,7496.10009765625,7498.14990234375,,2633.0,0.0,0.0,2023-07-11
243,2023-07-11 13:18:00+05:30,7498.14990234375,7500.0,7496.2001953125,7498.25,,2068.0,0.0,0.0,2023-07-11
244,2023-07-11 13:19:00+05:30,7497.0,7499.60009765625,7493.64990234375,7493.85009765625,,2299.0,0.0,0.0,2023-07-11
245,2023-07-11 13:20:00+05:30,7495.0,7495.5,7490.0,7493.2001953125,,2521.0,0.0,0.0,2023-07-11
246,2023-07-11 13:21:00+05:30,7491.0,7493.10009765625,7482.75,7485.0,,5536.0,0.0,0.0,2023-07-11
247,2023-07-11 13:22:00+05:30,7484.14990234375,7487.25,7474.10009765625,7475.0498046875,,6430.0,0.0,0.0,2023-07-11
248,2023-07-11 13:23:00+05:30,7480.35009765625,7480.35009765625,7474.2998046875,7474.2998046875,,5537.0,0.0,0.0,2023-07-11
249,2023-07-11 13:24:00+05:30,7475.0,7478.25,7471.7001953125,7474.25,,2971.0,0.0,0.0,2023-07-11
250,2023-07-11 13:25:00+05:30,7476.0,7483.0498046875,7474.0498046875,7481.14990234375,,1664.0,0.0,0.0,2023-07-11
251,2023-07-11 13:26:00+05:30,7482.39990234375,7490.0,7481.85009765625,7481.85009765625,,4081.0,0.0,0.0,2023-07-11
252,2023-07-11 13:27:00+05:30,7481.7998046875,7484.35009765625,7476.0,7480.64990234375,,2498.0,0.0,0.0,2023-07-11
253,2023-07-11 13:28:00+05:30,7479.60009765625,7483.2001953125,7477.2998046875,7479.7998046875,,2662.0,0.0,0.0,2023-07-11
254,2023-07-11 13:29:00+05:30,7482.2001953125,7483.5498046875,7472.75,7475.0498046875,,11953.0,0.0,0.0,2023-07-11
255,2023-07-11 13:30:00+05:30,7475.5,7499.2001953125,7474.10009765625,7490.0,,7607.0,0.0,0.0,2023-07-11
256,2023-07-11 13:31:00+05:30,7488.7001953125,7493.60009765625,7486.60009765625,7492.60009765625,,1735.0,0.0,0.0,2023-07-11
257,2023-07-11 13:32:00+05:30,7492.60009765625,7492.9501953125,7490.0498046875,7490.7998046875,,2364.0,0.0,0.0,2023-07-11
258,2023-07-11 13:33:00+05:30,7492.60009765625,7495.0,7490.5,7493.0,,3669.0,0.0,0.0,2023-07-11
259,2023-07-11 13:34:00+05:30,7493.0,7495.2001953125,7487.39990234375,7487.39990234375,,2860.0,0.0,0.0,2023-07-11
260,2023-07-11 13:35:00+05:30,7489.0,7490.0,7472.35009765625,7476.5498046875,,11115.0,0.0,0.0,2023-07-11
261,2023-07-11 13:36:00+05:30,7477.14990234375,7482.64990234375,7476.0,7478.64990234375,,7041.0,0.0,0.0,2023-07-11
262,2023-07-11 13:37:00+05:30,7477.5498046875,7478.9501953125,7475.2001953125,7476.4501953125,,1098.0,0.0,0.0,2023-07-11
263,2023-07-11 13:38:00+05:30,7475.35009765625,7476.4501953125,7475.0,7475.64990234375,,1070.0,0.0,0.0,2023-07-11
264,2023-07-11 13:39:00+05:30,7475.35009765625,7479.0,7474.39990234375,7474.64990234375,,2879.0,0.0,0.0,2023-07-11
265,2023-07-11 13:40:00+05:30,7474.89990234375,7479.89990234375,7474.89990234375,7479.89990234375,,2383.0,0.0,0.0,2023-07-11
266,2023-07-11 13:41:00+05:30,7479.2998046875,7479.89990234375,7466.39990234375,7469.7998046875,,10169.0,0.0,0.0,2023-07-11
267,2023-07-11 13:42:00+05:30,7466.5,7469.75,7459.25,7462.0,,7359.0,0.0,0.0,2023-07-11
268,2023-07-11 13:43:00+05:30,7462.0,7462.0,7452.4501953125,7453.85009765625,,5646.0,0.0,0.0,2023-07-11
269,2023-07-11 13:44:00+05:30,7453.14990234375,7461.7998046875,7453.14990234375,7456.5498046875,,6103.0,0.0,0.0,2023-07-11
270,2023-07-11 13:45:00+05:30,7455.0,7458.9501953125,7450.25,7456.0,,3529.0,0.0,0.0,2023-07-11
271,2023-07-11 13:46:00+05:30,7455.0498046875,7463.0,7451.0498046875,7452.0,,3796.0,0.0,0.0,2023-07-11
272,2023-07-11 13:47:00+05:30,7454.89990234375,7454.89990234375,7451.0,7451.35009765625,,3858.0,0.0,0.0,2023-07-11
273,2023-07-11 13:48:00+05:30,7451.35009765625,7452.0,7442.39990234375,7446.7998046875,,9538.0,0.0,0.0,2023-07-11
274,2023-07-11 13:49:00+05:30,7447.0,7448.10009765625,7437.0,7437.0,,6722.0,0.0,0.0,2023-07-11
275,2023-07-11 13:50:00+05:30,7437.0,7438.89990234375,7422.0,7422.0,,9368.0,0.0,0.0,2023-07-11
276,2023-07-11 13:51:00+05:30,7424.89990234375,7428.10009765625,7412.9501953125,7412.9501953125,,14622.0,0.0,0.0,2023-07-11
277,2023-07-11 13:52:00+05:30,7415.0,7415.0,7390.75,7399.85009765625,,25025.0,0.0,0.0,2023-07-11
278,2023-07-11 13:53:00+05:30,7399.7998046875,7407.5,7396.5,7403.0,,12546.0,0.0,0.0,2023-07-11
279,2023-07-11 13:54:00+05:30,7403.0,7404.35009765625,7383.2001953125,7400.0,,18253.0,0.0,0.0,2023-07-11
280,2023-07-11 13:55:00+05:30,7398.25,7404.0,7389.14990234375,7402.0,,8829.0,0.0,0.0,2023-07-11
281,2023-07-11 13:56:00+05:30,7401.7998046875,7401.7998046875,7392.2001953125,7395.89990234375,,8772.0,0.0,0.0,2023-07-11
282,2023-07-11 13:57:00+05:30,7397.4501953125,7400.85009765625,7393.0,7400.0,,6393.0,0.0,0.0,2023-07-11
283,2023-07-11 13:58:00+05:30,7399.89990234375,7405.0498046875,7398.0,7401.9501953125,,10074.0,0.0,0.0,2023-07-11
284,2023-07-11 13:59:00+05:30,7412.35009765625,7412.35009765625,7403.0,7407.85009765625,,32681.0,0.0,0.0,2023-07-11
285,2023-07-11 14:00:00+05:30,7411.2001953125,7424.0,7409.7001953125,7421.0,,11439.0,0.0,0.0,2023-07-11
286,2023-07-11 14:01:00+05:30,7421.9501953125,7433.35009765625,7419.0498046875,7433.35009765625,,14438.0,0.0,0.0,2023-07-11
287,2023-07-11 14:02:00+05:30,7433.9501953125,7434.9501953125,7428.0,7429.0,,10130.0,0.0,0.0,2023-07-11
288,2023-07-11 14:03:00+05:30,7428.5,7430.0,7428.0498046875,7428.5,,3748.0,0.0,0.0,2023-07-11
289,2023-07-11 14:04:00+05:30,7429.75,7437.39990234375,7429.75,7436.35009765625,,7466.0,0.0,0.0,2023-07-11
290,2023-07-11 14:05:00+05:30,7436.35009765625,7442.39990234375,7434.89990234375,7434.89990234375,,11069.0,0.0,0.0,2023-07-11
291,2023-07-11 14:06:00+05:30,7434.89990234375,7434.89990234375,7428.85009765625,7429.7998046875,,10260.0,0.0,0.0,2023-07-11
292,2023-07-11 14:07:00+05:30,7428.85009765625,7430.0,7426.39990234375,7427.85009765625,,4003.0,0.0,0.0,2023-07-11
293,2023-07-11 14:08:00+05:30,7425.2998046875,7426.9501953125,7418.89990234375,7420.0,,7280.0,0.0,0.0,2023-07-11
294,2023-07-11 14:09:00+05:30,7420.0,7423.5498046875,7416.10009765625,7417.5,,3314.0,0.0,0.0,2023-07-11
295,2023-07-11 14:10:00+05:30,7417.7998046875,7427.35009765625,7415.0,7427.0,,3869.0,0.0,0.0,2023-07-11
296,2023-07-11 14:11:00+05:30,7427.0,7428.9501953125,7425.9501953125,7428.5498046875,,3558.0,0.0,0.0,2023-07-11
297,2023-07-11 14:12:00+05:30,7426.89990234375,7428.7001953125,7424.5,7424.64990234375,,1618.0,0.0,0.0,2023-07-11
298,2023-07-11 14:13:00+05:30,7421.75,7424.5498046875,7418.10009765625,7418.10009765625,,2976.0,0.0,0.0,2023-07-11
299,2023-07-11 14:14:00+05:30,7418.2001953125,7418.2001953125,7411.2998046875,7411.2998046875,,3090.0,0.0,0.0,2023-07-11
300,2023-07-11 14:15:00+05:30,7411.0498046875,7415.35009765625,7411.0,7415.35009765625,,6551.0,0.0,0.0,2023-07-11
301,2023-07-11 14:16:00+05:30,7414.7001953125,7422.85009765625,7414.7001953125,7418.2001953125,,3007.0,0.0,0.0,2023-07-11
302,2023-07-11 14:17:00+05:30,7418.2001953125,7435.60009765625,7418.0498046875,7432.64990234375,,2907.0,0.0,0.0,2023-07-11
303,2023-07-11 14:18:00+05:30,7430.4501953125,7433.0,7425.2001953125,7429.9501953125,,6280.0,0.0,0.0,2023-07-11
304,2023-07-11 14:19:00+05:30,7430.0,7439.0,7430.0,7432.0498046875,,6562.0,0.0,0.0,2023-07-11
305,2023-07-11 14:20:00+05:30,7430.7001953125,7435.0,7430.7001953125,7434.89990234375,,3922.0,0.0,0.0,2023-07-11
306,2023-07-11 14:21:00+05:30,7434.89990234375,7444.14990234375,7433.7998046875,7443.7998046875,,10956.0,0.0,0.0,2023-07-11
307,2023-07-11 14:22:00+05:30,7441.39990234375,7446.10009765625,7436.89990234375,7442.0498046875,,7009.0,0.0,0.0,2023-07-11
308,2023-07-11 14:23:00+05:30,7442.2998046875,7447.9501953125,7438.85009765625,7438.85009765625,,9534.0,0.0,0.0,2023-07-11
309,2023-07-11 14:24:00+05:30,7439.2001953125,7440.0,7433.14990234375,7434.0,,4691.0,0.0,0.0,2023-07-11
310,2023-07-11 14:25:00+05:30,7433.14990234375,7435.39990234375,7428.2998046875,7435.39990234375,,5672.0,0.0,0.0,2023-07-11
311,2023-07-11 14:26:00+05:30,7435.39990234375,7436.7998046875,7429.4501953125,7430.10009765625,,2870.0,0.0,0.0,2023-07-11
312,2023-07-11 14:27:00+05:30,7430.10009765625,7442.0,7430.10009765625,7442.0,,3342.0,0.0,0.0,2023-07-11
313,2023-07-11 14:28:00+05:30,7441.0498046875,7441.9501953125,7435.9501953125,7438.75,,3033.0,0.0,0.0,2023-07-11
314,2023-07-11 14:29:00+05:30,7437.85009765625,7441.14990234375,7436.85009765625,7437.5498046875,,3673.0,0.0,0.0,2023-07-11
315,2023-07-11 14:30:00+05:30,7440.0,7445.0,7439.2998046875,7444.0,,5239.0,0.0,0.0,2023-07-11
316,2023-07-11 14:31:00+05:30,7443.4501953125,7444.0,7439.0,7440.60009765625,,6220.0,0.0,0.0,2023-07-11
317,2023-07-11 14:32:00+05:30,7440.60009765625,7444.7998046875,7437.2998046875,7442.10009765625,,4500.0,0.0,0.0,2023-07-11
318,2023-07-11 14:33:00+05:30,7442.0,7442.0498046875,7435.4501953125,7435.7001953125,,4718.0,0.0,0.0,2023-07-11
319,2023-07-11 14:34:00+05:30,7435.7001953125,7438.75,7434.2001953125,7435.60009765625,,3128.0,0.0,0.0,2023-07-11
320,2023-07-11 14:35:00+05:30,7434.89990234375,7438.0,7434.10009765625,7437.7998046875,,2719.0,0.0,0.0,2023-07-11
321,2023-07-11 14:36:00+05:30,7437.0498046875,7437.7998046875,7435.39990234375,7436.60009765625,,2244.0,0.0,0.0,2023-07-11
322,2023-07-11 14:37:00+05:30,7435.85009765625,7436.0,7432.5498046875,7434.75,,4610.0,0.0,0.0,2023-07-11
323,2023-07-11 14:38:00+05:30,7434.7001953125,7440.5498046875,7434.14990234375,7437.39990234375,,12005.0,0.0,0.0,2023-07-11
324,2023-07-11 14:39:00+05:30,7437.35009765625,7437.39990234375,7437.0,7437.35009765625,,2262.0,0.0,0.0,2023-07-11
325,2023-07-11 14:40:00+05:30,7437.35009765625,7445.0,7437.2998046875,7445.0,,3064.0,0.0,0.0,2023-07-11
326,2023-07-11 14:41:00+05:30,7445.0,7450.0,7444.9501953125,7450.0,,5474.0,0.0,0.0,2023-07-11
327,2023-07-11 14:42:00+05:30,7451.75,7451.75,7450.0,7451.7001953125,,5481.0,0.0,0.0,2023-07-11
328,2023-07-11 14:43:00+05:30,7451.0,7465.0,7451.0,7461.0498046875,,15759.0,0.0,0.0,2023-07-11
329,2023-07-11 14:44:00+05:30,7460.85009765625,7462.10009765625,7455.14990234375,7460.0,,7808.0,0.0,0.0,2023-07-11
330,2023-07-11 14:45:00+05:30,7458.0,7458.0,7445.14990234375,7447.5,,18124.0,0.0,0.0,2023-07-11
331,2023-07-11 14:46:00+05:30,7447.5,7455.4501953125,7445.25,7454.5,,3827.0,0.0,0.0,2023-07-11
332,2023-07-11 14:47:00+05:30,7454.0,7456.39990234375,7452.4501953125,7454.9501953125,,10077.0,0.0,0.0,2023-07-11
333,2023-07-11 14:48:00+05:30,7454.0,7458.0,7454.0,7457.5,,5446.0,0.0,0.0,2023-07-11
334,2023-07-11 14:49:00+05:30,7457.5,7458.0,7454.0,7454.0,,10993.0,0.0,0.0,2023-07-11
335,2023-07-11 14:50:00+05:30,7454.0,7457.2998046875,7449.7998046875,7456.0,,7997.0,0.0,0.0,2023-07-11
336,2023-07-11 14:51:00+05:30,7456.0,7459.5498046875,7453.89990234375,7459.10009765625,,3028.0,0.0,0.0,2023-07-11
337,2023-07-11 14:52:00+05:30,7459.64990234375,7465.0,7459.5498046875,7464.5,,4048.0,0.0,0.0,2023-07-11
338,2023-07-11 14:53:00+05:30,7464.5,7465.0,7460.0498046875,7460.10009765625,,3409.0,0.0,0.0,2023-07-11
339,2023-07-11 14:54:00+05:30,7460.75,7460.75,7456.10009765625,7458.5498046875,,3007.0,0.0,0.0,2023-07-11
340,2023-07-11 14:55:00+05:30,7458.5498046875,7461.39990234375,7456.0,7460.0498046875,,3364.0,0.0,0.0,2023-07-11
341,2023-07-11 14:56:00+05:30,7460.0498046875,7460.60009765625,7454.10009765625,7456.35009765625,,4059.0,0.0,0.0,2023-07-11
342,2023-07-11 14:57:00+05:30,7456.35009765625,7456.35009765625,7450.0,7453.89990234375,,9555.0,0.0,0.0,2023-07-11
343,2023-07-11 14:58:00+05:30,7453.5,7459.7001953125,7453.5,7456.0498046875,,4562.0,0.0,0.0,2023-07-11
344,2023-07-11 14:59:00+05:30,7455.60009765625,7456.39990234375,7450.0,7451.35009765625,,3968.0,0.0,0.0,2023-07-11
345,2023-07-11 15:00:00+05:30,7459.7001953125,7459.7001953125,7455.4501953125,7457.2001953125,,6170.0,0.0,0.0,2023-07-11
346,2023-07-11 15:01:00+05:30,7457.2001953125,7457.2001953125,7456.60009765625,7456.85009765625,,4783.0,0.0,0.0,2023-07-11
347,2023-07-11 15:02:00+05:30,7456.7998046875,7456.85009765625,7449.35009765625,7449.85009765625,,5849.0,0.0,0.0,2023-07-11
348,2023-07-11 15:03:00+05:30,7449.85009765625,7454.5498046875,7449.14990234375,7453.7998046875,,8322.0,0.0,0.0,2023-07-11
349,2023-07-11 15:04:00+05:30,7453.7998046875,7453.89990234375,7451.0498046875,7452.2998046875,,5837.0,0.0,0.0,2023-07-11
350,2023-07-11 15:05:00+05:30,7452.5,7452.5,7451.7998046875,7451.9501953125,,5673.0,0.0,0.0,2023-07-11
351,2023-07-11 15:06:00+05:30,7451.9501953125,7452.0,7450.5,7450.5,,4634.0,0.0,0.0,2023-07-11
352,2023-07-11 15:07:00+05:30,7450.2001953125,7451.0,7445.0,7447.60009765625,,8698.0,0.0,0.0,2023-07-11
353,2023-07-11 15:08:00+05:30,7447.39990234375,7447.5498046875,7444.14990234375,7446.7998046875,,7230.0,0.0,0.0,2023-07-11
354,2023-07-11 15:09:00+05:30,7446.85009765625,7449.89990234375,7445.4501953125,7447.60009765625,,7131.0,0.0,0.0,2023-07-11
355,2023-07-11 15:10:00+05:30,7447.60009765625,7451.0,7447.60009765625,7450.7998046875,,5057.0,0.0,0.0,2023-07-11
356,2023-07-11 15:11:00+05:30,7450.7998046875,7450.7998046875,7444.5498046875,7445.9501953125,,8628.0,0.0,0.0,2023-07-11
357,2023-07-11 15:12:00+05:30,7445.9501953125,7450.7998046875,7445.9501953125,7450.0,,6108.0,0.0,0.0,2023-07-11
358,2023-07-11 15:13:00+05:30,7450.0498046875,7450.4501953125,7450.0,7450.25,,5032.0,0.0,0.0,2023-07-11
359,2023-07-11 15:14:00+05:30,7450.25,7453.0,7450.10009765625,7452.89990234375,,8358.0,0.0,0.0,2023-07-11
360,2023-07-11 15:15:00+05:30,7452.89990234375,7453.10009765625,7447.10009765625,7449.5498046875,,6863.0,0.0,0.0,2023-07-11
361,2023-07-11 15:16:00+05:30,7449.5498046875,7449.5498046875,7441.0,7443.64990234375,,8338.0,0.0,0.0,2023-07-11
362,2023-07-11 15:17:00+05:30,7443.64990234375,7447.2001953125,7439.5498046875,7439.5498046875,,10719.0,0.0,0.0,2023-07-11
363,2023-07-11 15:18:00+05:30,7439.89990234375,7444.5498046875,7437.0,7439.0498046875,,10943.0,0.0,0.0,2023-07-11
364,2023-07-11 15:19:00+05:30,7438.85009765625,7440.0,7438.60009765625,7440.0,,7077.0,0.0,0.0,2023-07-11
365,2023-07-11 15:20:00+05:30,7439.9501953125,7443.60009765625,7424.0498046875,7429.0,,18780.0,0.0,0.0,2023-07-11
366,2023-07-11 15:21:00+05:30,7428.9501953125,7436.10009765625,7426.75,7435.7998046875,,7551.0,0.0,0.0,2023-07-11
367,2023-07-11 15:22:00+05:30,7435.7998046875,7444.0498046875,7435.7998046875,7444.0498046875,,4398.0,0.0,0.0,2023-07-11
368,2023-07-11 15:23:00+05:30,7443.39990234375,7445.0,7442.4501953125,7444.75,,6227.0,0.0,0.0,2023-07-11
369,2023-07-11 15:24:00+05:30,7444.75,7446.4501953125,7436.89990234375,7438.75,,11893.0,0.0,0.0,2023-07-11
370,2023-07-11 15:25:00+05:30,7438.75,7438.75,7434.35009765625,7435.0,,11317.0,0.0,0.0,2023-07-11
371,2023-07-11 15:26:00+05:30,7435.0,7435.0,7434.89990234375,7434.9501953125,,8825.0,0.0,0.0,2023-07-11
372,2023-07-11 15:27:00+05:30,7434.9501953125,7448.2998046875,7434.9501953125,7447.35009765625,,11656.0,0.0,0.0,2023-07-11
373,2023-07-11 15:28:00+05:30,7444.0498046875,7450.0,7437.60009765625,7437.7001953125,,6107.0,0.0,0.0,2023-07-11
374,2023-07-11 15:29:00+05:30,7445.85009765625,7446.0,7436.0498046875,7444.0,,4116.0,0.0,0.0,2023-07-11
375,2023-07-12 09:15:00+05:30,7469.7998046875,7489.0498046875,7435.0,7462.75,,0.0,0.0,0.0,2023-07-12
376,2023-07-12 09:16:00+05:30,7462.75,7473.5498046875,7451.0498046875,7464.39990234375,,7537.0,0.0,0.0,2023-07-12
377,2023-07-12 09:17:00+05:30,7468.75,7472.2001953125,7460.0,7460.64990234375,,8069.0,0.0,0.0,2023-07-12
378,2023-07-12 09:18:00+05:30,7456.5498046875,7471.89990234375,7450.85009765625,7469.9501953125,,6421.0,0.0,0.0,2023-07-12
379,2023-07-12 09:19:00+05:30,7469.0,7469.89990234375,7461.2001953125,7468.0,,4678.0,0.0,0.0,2023-07-12
380,2023-07-12 09:20:00+05:30,7468.0,7468.0,7452.9501953125,7452.9501953125,,10141.0,0.0,0.0,2023-07-12
381,2023-07-12 09:21:00+05:30,7454.5,7465.0,7452.35009765625,7460.64990234375,,2857.0,0.0,0.0,2023-07-12
382,2023-07-12 09:22:00+05:30,7460.35009765625,7469.25,7454.0498046875,7465.39990234375,,2524.0,0.0,0.0,2023-07-12
383,2023-07-12 09:23:00+05:30,7465.25,7468.35009765625,7461.2998046875,7464.0498046875,,4506.0,0.0,0.0,2023-07-12
384,2023-07-12 09:24:00+05:30,7464.85009765625,7464.9501953125,7452.25,7452.5498046875,,3110.0,0.0,0.0,2023-07-12
385,2023-07-12 09:25:00+05:30,7452.7998046875,7455.64990234375,7452.7998046875,7453.4501953125,,1630.0,0.0,0.0,2023-07-12
386,2023-07-12 09:26:00+05:30,7463.0,7482.9501953125,7462.5,7482.0,,8917.0,0.0,0.0,2023-07-12
387,2023-07-12 09:27:00+05:30,7482.9501953125,7485.0,7482.9501953125,7485.0,,286.0,0.0,0.0,2023-07-12
388,2023-07-12 09:28:00+05:30,7500.10009765625,7505.60009765625,7493.14990234375,7493.14990234375,,18591.0,0.0,0.0,2023-07-12
389,2023-07-12 09:29:00+05:30,7498.9501953125,7500.0,7496.25,7500.0,,5289.0,0.0,0.0,2023-07-12
390,2023-07-12 09:30:00+05:30,7501.0,7502.0,7490.2001953125,7497.14990234375,,6254.0,0.0,0.0,2023-07-12
391,2023-07-12 09:31:00+05:30,7499.0,7504.10009765625,7496.2998046875,7502.7998046875,,4584.0,0.0,0.0,2023-07-12
392,2023-07-12 09:32:00+05:30,7502.7998046875,7508.0,7502.10009765625,7502.7998046875,,13446.0,0.0,0.0,2023-07-12
393,2023-07-12 09:33:00+05:30,7502.7998046875,7504.9501953125,7498.64990234375,7502.0,,5871.0,0.0,0.0,2023-07-12
394,2023-07-12 09:34:00+05:30,7501.25,7505.75,7501.25,7503.4501953125,,2046.0,0.0,0.0,2023-07-12
395,2023-07-12 09:35:00+05:30,7505.0,7505.0,7502.60009765625,7502.9501953125,,2661.0,0.0,0.0,2023-07-12
396,2023-07-12 09:36:00+05:30,7504.7998046875,7504.7998046875,7484.0,7484.0,,15437.0,0.0,0.0,2023-07-12
397,2023-07-12 09:37:00+05:30,7484.9501953125,7486.75,7474.85009765625,7481.10009765625,,14544.0,0.0,0.0,2023-07-12
398,2023-07-12 09:38:00+05:30,7482.39990234375,7491.39990234375,7482.39990234375,7484.75,,2723.0,0.0,0.0,2023-07-12
399,2023-07-12 09:39:00+05:30,7483.39990234375,7484.85009765625,7476.0,7480.25,,2756.0,0.0,0.0,2023-07-12
400,2023-07-12 09:40:00+05:30,7480.25,7487.4501953125,7480.25,7485.64990234375,,1346.0,0.0,0.0,2023-07-12
401,2023-07-12 09:41:00+05:30,7487.2998046875,7490.0,7485.64990234375,7489.0498046875,,1242.0,0.0,0.0,2023-07-12
402,2023-07-12 09:42:00+05:30,7489.0498046875,7496.10009765625,7489.0498046875,7495.0,,1631.0,0.0,0.0,2023-07-12
403,2023-07-12 09:43:00+05:30,7495.0,7495.75,7490.2001953125,7491.64990234375,,1716.0,0.0,0.0,2023-07-12
404,2023-07-12 09:44:00+05:30,7491.64990234375,7494.25,7484.0498046875,7484.2998046875,,2961.0,0.0,0.0,2023-07-12
405,2023-07-12 09:45:00+05:30,7486.75,7492.2001953125,7482.0,7489.2998046875,,2603.0,0.0,0.0,2023-07-12
406,2023-07-12 09:46:00+05:30,7487.2001953125,7498.0,7487.2001953125,7498.0,,2115.0,0.0,0.0,2023-07-12
407,2023-07-12 09:47:00+05:30,7495.25,7498.5,7493.89990234375,7494.2998046875,,1640.0,0.0,0.0,2023-07-12
408,2023-07-12 09:48:00+05:30,7497.25,7497.25,7488.0,7490.7001953125,,1841.0,0.0,0.0,2023-07-12
409,2023-07-12 09:49:00+05:30,7488.4501953125,7492.2998046875,7484.10009765625,7488.5,,1554.0,0.0,0.0,2023-07-12
410,2023-07-12 09:50:00+05:30,7486.5498046875,7488.0,7483.0,7483.0,,1793.0,0.0,0.0,2023-07-12
411,2023-07-12 09:51:00+05:30,7483.0,7485.14990234375,7480.7001953125,7482.0,,2338.0,0.0,0.0,2023-07-12
412,2023-07-12 09:52:00+05:30,7482.0,7493.7998046875,7482.0,7491.0,,1066.0,0.0,0.0,2023-07-12
413,2023-07-12 09:53:00+05:30,7490.75,7495.9501953125,7490.75,7493.35009765625,,1048.0,0.0,0.0,2023-07-12
414,2023-07-12 09:54:00+05:30,7492.85009765625,7497.25,7490.2001953125,7490.25,,1614.0,0.0,0.0,2023-07-12
415,2023-07-12 09:55:00+05:30,7490.25,7490.9501953125,7486.2001953125,7487.0,,1892.0,0.0,0.0,2023-07-12
416,2023-07-12 09:56:00+05:30,7487.0,7495.85009765625,7485.39990234375,7488.35009765625,,1798.0,0.0,0.0,2023-07-12
417,2023-07-12 09:57:00+05:30,7488.35009765625,7494.9501953125,7488.35009765625,7490.14990234375,,1652.0,0.0,0.0,2023-07-12
418,2023-07-12 09:58:00+05:30,7490.14990234375,7494.0498046875,7490.14990234375,7492.14990234375,,1795.0,0.0,0.0,2023-07-12
419,2023-07-12 09:59:00+05:30,7493.10009765625,7495.0,7491.0498046875,7492.10009765625,,2727.0,0.0,0.0,2023-07-12
420,2023-07-12 10:00:00+05:30,7492.2001953125,7498.0,7492.2001953125,7498.0,,1373.0,0.0,0.0,2023-07-12
421,2023-07-12 10:01:00+05:30,7498.0,7503.64990234375,7495.64990234375,7499.2998046875,,2722.0,0.0,0.0,2023-07-12
422,2023-07-12 10:02:00+05:30,7499.2998046875,7502.25,7496.5,7497.7001953125,,2438.0,0.0,0.0,2023-07-12
423,2023-07-12 10:03:00+05:30,7498.85009765625,7503.64990234375,7498.85009765625,7502.64990234375,,814.0,0.0,0.0,2023-07-12
424,2023-07-12 10:04:00+05:30,7502.64990234375,7505.0,7501.2001953125,7502.9501953125,,1720.0,0.0,0.0,2023-07-12
425,2023-07-12 10:05:00+05:30,7502.9501953125,7505.9501953125,7500.0498046875,7500.35009765625,,5255.0,0.0,0.0,2023-07-12
426,2023-07-12 10:06:00+05:30,7500.35009765625,7505.85009765625,7500.35009765625,7503.0,,3105.0,0.0,0.0,2023-07-12
427,2023-07-12 10:07:00+05:30,7503.0,7504.5498046875,7501.39990234375,7503.9501953125,,2370.0,0.0,0.0,2023-07-12
428,2023-07-12 10:08:00+05:30,7502.7998046875,7504.0,7501.35009765625,7502.0,,720.0,0.0,0.0,2023-07-12
429,2023-07-12 10:09:00+05:30,7502.25,7503.85009765625,7490.0498046875,7490.4501953125,,3782.0,0.0,0.0,2023-07-12
430,2023-07-12 10:10:00+05:30,7490.64990234375,7498.39990234375,7490.64990234375,7495.0,,1112.0,0.0,0.0,2023-07-12
431,2023-07-12 10:11:00+05:30,7495.0,7497.0,7495.0,7497.0,,526.0,0.0,0.0,2023-07-12
432,2023-07-12 10:12:00+05:30,7497.0,7499.0,7496.35009765625,7498.89990234375,,482.0,0.0,0.0,2023-07-12
433,2023-07-12 10:13:00+05:30,7497.0,7498.0,7494.0498046875,7494.10009765625,,780.0,0.0,0.0,2023-07-12
434,2023-07-12 10:14:00+05:30,7492.2998046875,7493.75,7483.25,7483.25,,3385.0,0.0,0.0,2023-07-12
435,2023-07-12 10:15:00+05:30,7482.10009765625,7483.64990234375,7475.0,7475.0,,4865.0,0.0,0.0,2023-07-12
436,2023-07-12 10:16:00+05:30,7475.0,7479.2998046875,7470.0,7479.14990234375,,4994.0,0.0,0.0,2023-07-12
437,2023-07-12 10:17:00+05:30,7474.2001953125,7481.5,7474.2001953125,7476.0,,2273.0,0.0,0.0,2023-07-12
438,2023-07-12 10:18:00+05:30,7475.7998046875,7477.89990234375,7468.2001953125,7468.2001953125,,3874.0,0.0,0.0,2023-07-12
439,2023-07-12 10:19:00+05:30,7468.2001953125,7468.2001953125,7463.0498046875,7466.0,,2526.0,0.0,0.0,2023-07-12
440,2023-07-12 10:20:00+05:30,7467.0,7469.2001953125,7460.0,7460.9501953125,,4160.0,0.0,0.0,2023-07-12
441,2023-07-12 10:21:00+05:30,7460.25,7467.9501953125,7459.0498046875,7465.0,,1991.0,0.0,0.0,2023-07-12
442,2023-07-12 10:22:00+05:30,7467.9501953125,7474.0,7467.9501953125,7469.2998046875,,1342.0,0.0,0.0,2023-07-12
443,2023-07-12 10:23:00+05:30,7470.0498046875,7472.75,7465.5,7466.64990234375,,1875.0,0.0,0.0,2023-07-12
444,2023-07-12 10:24:00+05:30,7466.64990234375,7469.0,7464.0,7465.35009765625,,2082.0,0.0,0.0,2023-07-12
445,2023-07-12 10:25:00+05:30,7466.4501953125,7470.0,7466.10009765625,7466.85009765625,,831.0,0.0,0.0,2023-07-12
446,2023-07-12 10:26:00+05:30,7468.0,7469.39990234375,7466.85009765625,7467.89990234375,,809.0,0.0,0.0,2023-07-12
447,2023-07-12 10:27:00+05:30,7467.85009765625,7474.60009765625,7467.85009765625,7473.0,,554.0,0.0,0.0,2023-07-12
448,2023-07-12 10:28:00+05:30,7474.60009765625,7475.0,7466.0,7466.0,,1618.0,0.0,0.0,2023-07-12
449,2023-07-12 10:29:00+05:30,7468.25,7473.89990234375,7466.0,7469.39990234375,,578.0,0.0,0.0,2023-07-12
450,2023-07-12 10:30:00+05:30,7468.5498046875,7471.0498046875,7468.5498046875,7470.9501953125,,515.0,0.0,0.0,2023-07-12
451,2023-07-12 10:31:00+05:30,7469.0,7471.9501953125,7467.0,7469.10009765625,,2107.0,0.0,0.0,2023-07-12
452,2023-07-12 10:32:00+05:30,7469.10009765625,7474.7998046875,7469.10009765625,7472.35009765625,,887.0,0.0,0.0,2023-07-12
453,2023-07-12 10:33:00+05:30,7474.7998046875,7475.0,7472.35009765625,7473.2001953125,,777.0,0.0,0.0,2023-07-12
454,2023-07-12 10:34:00+05:30,7474.9501953125,7482.39990234375,7471.2998046875,7477.35009765625,,2811.0,0.0,0.0,2023-07-12
455,2023-07-12 10:35:00+05:30,7480.60009765625,7482.4501953125,7477.35009765625,7478.4501953125,,1277.0,0.0,0.0,2023-07-12
456,2023-07-12 10:36:00+05:30,7478.5498046875,7486.10009765625,7478.5498046875,7481.5,,1738.0,0.0,0.0,2023-07-12
457,2023-07-12 10:37:00+05:30,7481.2998046875,7482.5,7475.0,7476.85009765625,,2908.0,0.0,0.0,2023-07-12
458,2023-07-12 10:38:00+05:30,7479.9501953125,7481.0,7477.0,7480.0498046875,,518.0,0.0,0.0,2023-07-12
459,2023-07-12 10:39:00+05:30,7480.0498046875,7484.14990234375,7480.0498046875,7481.7998046875,,848.0,0.0,0.0,2023-07-12
460,2023-07-12 10:40:00+05:30,7483.0498046875,7484.2998046875,7478.60009765625,7480.0498046875,,2402.0,0.0,0.0,2023-07-12
461,2023-07-12 10:41:00+05:30,7478.75,7480.60009765625,7478.0,7480.25,,790.0,0.0,0.0,2023-07-12
462,2023-07-12 10:42:00+05:30,7482.85009765625,7482.85009765625,7478.4501953125,7480.0498046875,,912.0,0.0,0.0,2023-07-12
463,2023-07-12 10:43:00+05:30,7480.0498046875,7481.2998046875,7478.2001953125,7481.2001953125,,1435.0,0.0,0.0,2023-07-12
464,2023-07-12 10:44:00+05:30,7481.2001953125,7482.35009765625,7479.10009765625,7479.14990234375,,833.0,0.0,0.0,2023-07-12
465,2023-07-12 10:45:00+05:30,7480.2998046875,7484.39990234375,7479.2998046875,7482.2998046875,,694.0,0.0,0.0,2023-07-12
466,2023-07-12 10:46:00+05:30,7482.2998046875,7484.35009765625,7482.2998046875,7482.2998046875,,61.0,0.0,0.0,2023-07-12
467,2023-07-12 10:47:00+05:30,7481.5,7486.0498046875,7481.5,7483.25,,1456.0,0.0,0.0,2023-07-12
468,2023-07-12 10:48:00+05:30,7483.39990234375,7487.85009765625,7483.25,7484.25,,508.0,0.0,0.0,2023-07-12
469,2023-07-12 10:49:00+05:30,7484.25,7487.7998046875,7484.25,7485.60009765625,,391.0,0.0,0.0,2023-07-12
470,2023-07-12 10:50:00+05:30,7485.7001953125,7488.89990234375,7485.7001953125,7486.5498046875,,533.0,0.0,0.0,2023-07-12
471,2023-07-12 10:51:00+05:30,7486.5498046875,7489.0,7486.10009765625,7486.64990234375,,556.0,0.0,0.0,2023-07-12
472,2023-07-12 10:52:00+05:30,7486.0498046875,7486.0498046875,7481.25,7483.7001953125,,1781.0,0.0,0.0,2023-07-12
473,2023-07-12 10:53:00+05:30,7483.5,7484.7001953125,7480.0,7481.75,,1000.0,0.0,0.0,2023-07-12
474,2023-07-12 10:54:00+05:30,7481.7998046875,7485.5498046875,7481.0,7481.0,,712.0,0.0,0.0,2023-07-12
475,2023-07-12 10:55:00+05:30,7481.64990234375,7484.64990234375,7479.0,7483.64990234375,,801.0,0.0,0.0,2023-07-12
476,2023-07-12 10:56:00+05:30,7483.64990234375,7485.0,7481.14990234375,7481.5,,551.0,0.0,0.0,2023-07-12
477,2023-07-12 10:57:00+05:30,7481.5,7484.89990234375,7481.5,7483.14990234375,,176.0,0.0,0.0,2023-07-12
478,2023-07-12 10:58:00+05:30,7483.35009765625,7490.0,7483.35009765625,7490.0,,1202.0,0.0,0.0,2023-07-12
479,2023-07-12 10:59:00+05:30,7492.4501953125,7495.0,7490.25,7491.60009765625,,2069.0,0.0,0.0,2023-07-12
480,2023-07-12 11:00:00+05:30,7492.0498046875,7493.9501953125,7492.0498046875,7492.10009765625,,851.0,0.0,0.0,2023-07-12
481,2023-07-12 11:01:00+05:30,7493.0,7499.0,7492.10009765625,7498.9501953125,,3469.0,0.0,0.0,2023-07-12
482,2023-07-12 11:02:00+05:30,7498.14990234375,7498.85009765625,7492.25,7492.25,,608.0,0.0,0.0,2023-07-12
483,2023-07-12 11:03:00+05:30,7492.25,7500.5,7491.5498046875,7497.75,,5878.0,0.0,0.0,2023-07-12
484,2023-07-12 11:04:00+05:30,7500.64990234375,7505.0,7497.0,7500.0,,3445.0,0.0,0.0,2023-07-12
485,2023-07-12 11:05:00+05:30,7500.0,7501.60009765625,7492.5,7492.5,,2294.0,0.0,0.0,2023-07-12
486,2023-07-12 11:06:00+05:30,7492.5,7499.9501953125,7492.4501953125,7496.7998046875,,939.0,0.0,0.0,2023-07-12
487,2023-07-12 11:07:00+05:30,7496.60009765625,7498.89990234375,7490.5,7490.89990234375,,1561.0,0.0,0.0,2023-07-12
488,2023-07-12 11:08:00+05:30,7490.89990234375,7494.0,7490.2001953125,7491.7001953125,,626.0,0.0,0.0,2023-07-12
489,2023-07-12 11:09:00+05:30,7491.7001953125,7493.9501953125,7490.0,7490.0,,676.0,0.0,0.0,2023-07-12
490,2023-07-12 11:10:00+05:30,7489.9501953125,7489.9501953125,7483.25,7483.7001953125,,1852.0,0.0,0.0,2023-07-12
491,2023-07-12 11:11:00+05:30,7483.64990234375,7488.85009765625,7481.14990234375,7481.14990234375,,1311.0,0.0,0.0,2023-07-12
492,2023-07-12 11:12:00+05:30,7481.14990234375,7482.0,7470.0,7472.0,,3511.0,0.0,0.0,2023-07-12
493,2023-07-12 11:13:00+05:30,7472.89990234375,7475.9501953125,7472.10009765625,7475.0498046875,,1104.0,0.0,0.0,2023-07-12
494,2023-07-12 11:14:00+05:30,7475.85009765625,7478.0,7472.2001953125,7472.2001953125,,1894.0,0.0,0.0,2023-07-12
495,2023-07-12 11:15:00+05:30,7472.2001953125,7473.9501953125,7464.4501953125,7464.89990234375,,3442.0,0.0,0.0,2023-07-12
496,2023-07-12 11:16:00+05:30,7464.5498046875,7468.75,7464.39990234375,7466.0,,1992.0,0.0,0.0,2023-07-12
497,2023-07-12 11:17:00+05:30,7464.9501953125,7467.0,7464.39990234375,7464.39990234375,,841.0,0.0,0.0,2023-07-12
498,2023-07-12 11:18:00+05:30,7461.14990234375,7461.14990234375,7452.2001953125,7452.5,,7475.0,0.0,0.0,2023-07-12
499,2023-07-12 11:19:00+05:30,7452.2998046875,7453.64990234375,7446.85009765625,7447.85009765625,,5456.0,0.0,0.0,2023-07-12
500,2023-07-12 11:20:00+05:30,7448.7998046875,7448.7998046875,7443.0,7448.10009765625,,3123.0,0.0,0.0,2023-07-12
501,2023-07-12 11:21:00+05:30,7446.0,7453.64990234375,7442.2998046875,7447.0498046875,,7489.0,0.0,0.0,2023-07-12
502,2023-07-12 11:22:00+05:30,7446.7001953125,7451.85009765625,7446.7001953125,7450.0,,2248.0,0.0,0.0,2023-07-12
503,2023-07-12 11:23:00+05:30,7450.0,7450.39990234375,7446.60009765625,7450.0,,1733.0,0.0,0.0,2023-07-12
504,2023-07-12 11:24:00+05:30,7448.9501953125,7448.9501953125,7432.2001953125,7432.2001953125,,6321.0,0.0,0.0,2023-07-12
505,2023-07-12 11:25:00+05:30,7430.0498046875,7434.85009765625,7425.0,7428.5498046875,,5226.0,0.0,0.0,2023-07-12
506,2023-07-12 11:26:00+05:30,7428.39990234375,7430.9501953125,7425.0,7428.60009765625,,3609.0,0.0,0.0,2023-07-12
507,2023-07-12 11:27:00+05:30,7427.0,7432.0,7427.0,7431.2001953125,,2920.0,0.0,0.0,2023-07-12
508,2023-07-12 11:28:00+05:30,7431.25,7444.0,7431.25,7439.9501953125,,2668.0,0.0,0.0,2023-07-12
509,2023-07-12 11:29:00+05:30,7439.9501953125,7447.0,7439.9501953125,7446.0,,1465.0,0.0,0.0,2023-07-12
510,2023-07-12 11:30:00+05:30,7446.0,7450.0,7445.9501953125,7446.0498046875,,1750.0,0.0,0.0,2023-07-12
511,2023-07-12 11:31:00+05:30,7448.0,7448.89990234375,7436.10009765625,7436.10009765625,,2210.0,0.0,0.0,2023-07-12
512,2023-07-12 11:32:00+05:30,7437.9501953125,7437.9501953125,7431.0,7432.25,,2631.0,0.0,0.0,2023-07-12
513,2023-07-12 11:33:00+05:30,7432.25,7441.5,7432.10009765625,7435.9501953125,,3172.0,0.0,0.0,2023-07-12
514,2023-07-12 11:34:00+05:30,7433.4501953125,7438.14990234375,7433.4501953125,7436.10009765625,,969.0,0.0,0.0,2023-07-12
515,2023-07-12 11:35:00+05:30,7436.10009765625,7439.5498046875,7436.10009765625,7436.9501953125,,830.0,0.0,0.0,2023-07-12
516,2023-07-12 11:36:00+05:30,7437.10009765625,7441.0,7436.85009765625,7436.85009765625,,1611.0,0.0,0.0,2023-07-12
517,2023-07-12 11:37:00+05:30,7436.85009765625,7437.9501953125,7432.75,7433.10009765625,,1782.0,0.0,0.0,2023-07-12
518,2023-07-12 11:38:00+05:30,7433.10009765625,7435.64990234375,7433.0,7433.0,,1587.0,0.0,0.0,2023-07-12
519,2023-07-12 11:39:00+05:30,7433.0,7436.39990234375,7430.0,7430.0,,3183.0,0.0,0.0,2023-07-12
520,2023-07-12 11:40:00+05:30,7428.0,7428.0,7415.85009765625,7421.0,,7178.0,0.0,0.0,2023-07-12
521,2023-07-12 11:41:00+05:30,7420.14990234375,7427.39990234375,7420.14990234375,7426.2001953125,,1151.0,0.0,0.0,2023-07-12
522,2023-07-12 11:42:00+05:30,7427.39990234375,7427.39990234375,7422.0,7423.39990234375,,1114.0,0.0,0.0,2023-07-12
523,2023-07-12 11:43:00+05:30,7423.39990234375,7425.0,7418.0,7418.0,,3289.0,0.0,0.0,2023-07-12
524,2023-07-12 11:44:00+05:30,7418.0,7421.85009765625,7418.0,7418.2001953125,,2021.0,0.0,0.0,2023-07-12
525,2023-07-12 11:45:00+05:30,7416.25,7419.75,7411.5,7418.5,,4106.0,0.0,0.0,2023-07-12
526,2023-07-12 11:46:00+05:30,7418.5,7425.7998046875,7416.89990234375,7425.7998046875,,2039.0,0.0,0.0,2023-07-12
527,2023-07-12 11:47:00+05:30,7424.0,7425.89990234375,7422.0,7422.10009765625,,1453.0,0.0,0.0,2023-07-12
528,2023-07-12 11:48:00+05:30,7422.10009765625,7425.5,7416.2998046875,7416.2998046875,,2176.0,0.0,0.0,2023-07-12
529,2023-07-12 11:49:00+05:30,7416.35009765625,7416.35009765625,7398.5,7400.0,,25340.0,0.0,0.0,2023-07-12
530,2023-07-12 11:50:00+05:30,7402.60009765625,7405.89990234375,7399.5,7405.2998046875,,15664.0,0.0,0.0,2023-07-12
531,2023-07-12 11:51:00+05:30,7405.39990234375,7416.7001953125,7405.39990234375,7413.60009765625,,3534.0,0.0,0.0,2023-07-12
532,2023-07-12 11:52:00+05:30,7413.64990234375,7424.2998046875,7413.64990234375,7418.35009765625,,5274.0,0.0,0.0,2023-07-12
533,2023-07-12 11:53:00+05:30,7417.5,7427.9501953125,7417.5,7426.0,,4803.0,0.0,0.0,2023-07-12
534,2023-07-12 11:54:00+05:30,7425.0498046875,7433.64990234375,7425.0498046875,7430.4501953125,,4699.0,0.0,0.0,2023-07-12
535,2023-07-12 11:55:00+05:30,7430.39990234375,7430.39990234375,7420.7998046875,7422.4501953125,,1872.0,0.0,0.0,2023-07-12
536,2023-07-12 11:56:00+05:30,7422.60009765625,7426.85009765625,7422.4501953125,7423.85009765625,,1809.0,0.0,0.0,2023-07-12
537,2023-07-12 11:57:00+05:30,7423.4501953125,7425.0498046875,7420.85009765625,7421.14990234375,,1781.0,0.0,0.0,2023-07-12
538,2023-07-12 11:58:00+05:30,7421.25,7425.0,7421.25,7422.89990234375,,1100.0,0.0,0.0,2023-07-12
539,2023-07-12 11:59:00+05:30,7422.9501953125,7425.10009765625,7420.0498046875,7422.10009765625,,4316.0,0.0,0.0,2023-07-12
540,2023-07-12 12:00:00+05:30,7423.5498046875,7429.89990234375,7423.5498046875,7427.14990234375,,1564.0,0.0,0.0,2023-07-12
541,2023-07-12 12:01:00+05:30,7426.2001953125,7428.9501953125,7426.2001953125,7427.2998046875,,1023.0,0.0,0.0,2023-07-12
542,2023-07-12 12:02:00+05:30,7427.2998046875,7435.75,7427.2998046875,7435.0498046875,,1080.0,0.0,0.0,2023-07-12
543,2023-07-12 12:03:00+05:30,7435.0498046875,7437.89990234375,7432.7998046875,7433.75,,3334.0,0.0,0.0,2023-07-12
544,2023-07-12 12:04:00+05:30,7433.75,7439.85009765625,7433.0498046875,7435.2001953125,,959.0,0.0,0.0,2023-07-12
545,2023-07-12 12:05:00+05:30,7435.39990234375,7435.39990234375,7432.0,7434.10009765625,,4221.0,0.0,0.0,2023-07-12
546,2023-07-12 12:06:00+05:30,7434.10009765625,7435.0,7431.75,7434.85009765625,,5384.0,0.0,0.0,2023-07-12
547,2023-07-12 12:07:00+05:30,7434.7998046875,7436.0,7432.7001953125,7435.5,,5166.0,0.0,0.0,2023-07-12
548,2023-07-12 12:08:00+05:30,7435.0498046875,7435.0498046875,7431.60009765625,7434.0498046875,,5872.0,0.0,0.0,2023-07-12
549,2023-07-12 12:09:00+05:30,7434.0,7434.4501953125,7426.64990234375,7427.2001953125,,1595.0,0.0,0.0,2023-07-12
550,2023-07-12 12:10:00+05:30,7426.64990234375,7429.10009765625,7425.0,7426.0,,2135.0,0.0,0.0,2023-07-12
551,2023-07-12 12:11:00+05:30,7426.0,7429.0,7418.7001953125,7429.0,,5786.0,0.0,0.0,2023-07-12
552,2023-07-12 12:12:00+05:30,7429.10009765625,7431.0,7426.9501953125,7430.0498046875,,4127.0,0.0,0.0,2023-07-12
553,2023-07-12 12:13:00+05:30,7431.0,7431.25,7427.89990234375,7428.0498046875,,1484.0,0.0,0.0,2023-07-12
554,2023-07-12 12:14:00+05:30,7428.0498046875,7430.5,7420.2001953125,7425.0498046875,,10509.0,0.0,0.0,2023-07-12
555,2023-07-12 12:15:00+05:30,7425.0498046875,7428.25,7420.25,7420.64990234375,,2407.0,0.0,0.0,2023-07-12
556,2023-07-12 12:16:00+05:30,7420.64990234375,7425.0,7420.64990234375,7422.89990234375,,627.0,0.0,0.0,2023-07-12
557,2023-07-12 12:17:00+05:30,7422.14990234375,7424.9501953125,7421.5498046875,7422.0498046875,,974.0,0.0,0.0,2023-07-12
558,2023-07-12 12:18:00+05:30,7422.0,7429.2998046875,7422.0,7427.7001953125,,1597.0,0.0,0.0,2023-07-12
559,2023-07-12 12:19:00+05:30,7429.0,7431.0,7425.7998046875,7425.85009765625,,2341.0,0.0,0.0,2023-07-12
560,2023-07-12 12:20:00+05:30,7427.7998046875,7431.7001953125,7425.85009765625,7430.0498046875,,4368.0,0.0,0.0,2023-07-12
561,2023-07-12 12:21:00+05:30,7430.0498046875,7435.0,7430.0498046875,7432.75,,428.0,0.0,0.0,2023-07-12
562,2023-07-12 12:22:00+05:30,7432.4501953125,7435.0,7431.60009765625,7431.7001953125,,2464.0,0.0,0.0,2023-07-12
563,2023-07-12 12:23:00+05:30,7432.39990234375,7434.9501953125,7431.7001953125,7432.7998046875,,1074.0,0.0,0.0,2023-07-12
564,2023-07-12 12:24:00+05:30,7432.75,7433.4501953125,7427.0498046875,7427.60009765625,,5880.0,0.0,0.0,2023-07-12
565,2023-07-12 12:25:00+05:30,7427.60009765625,7431.0,7426.0,7426.0,,3564.0,0.0,0.0,2023-07-12
566,2023-07-12 12:26:00+05:30,7426.0,7430.39990234375,7426.0,7430.2001953125,,928.0,0.0,0.0,2023-07-12
567,2023-07-12 12:27:00+05:30,7430.0498046875,7430.14990234375,7427.5,7428.25,,2905.0,0.0,0.0,2023-07-12
568,2023-07-12 12:28:00+05:30,7428.25,7429.7998046875,7428.0,7429.75,,545.0,0.0,0.0,2023-07-12
569,2023-07-12 12:29:00+05:30,7429.75,7430.0,7428.0,7429.25,,2418.0,0.0,0.0,2023-07-12
570,2023-07-12 12:30:00+05:30,7429.10009765625,7430.0,7429.0498046875,7429.60009765625,,1007.0,0.0,0.0,2023-07-12
571,2023-07-12 12:31:00+05:30,7429.2998046875,7430.0,7429.2998046875,7429.4501953125,,422.0,0.0,0.0,2023-07-12
572,2023-07-12 12:32:00+05:30,7429.5,7430.0,7427.0,7427.10009765625,,2144.0,0.0,0.0,2023-07-12
573,2023-07-12 12:33:00+05:30,7427.10009765625,7428.64990234375,7426.0,7426.2998046875,,514.0,0.0,0.0,2023-07-12
574,2023-07-12 12:34:00+05:30,7426.5,7428.0,7422.25,7425.10009765625,,1627.0,0.0,0.0,2023-07-12
575,2023-07-12 12:35:00+05:30,7425.0498046875,7426.0,7422.7998046875,7423.9501953125,,1018.0,0.0,0.0,2023-07-12
576,2023-07-12 12:36:00+05:30,7423.39990234375,7425.89990234375,7422.0498046875,7425.7001953125,,619.0,0.0,0.0,2023-07-12
577,2023-07-12 12:37:00+05:30,7422.9501953125,7425.85009765625,7422.9501953125,7424.35009765625,,604.0,0.0,0.0,2023-07-12
578,2023-07-12 12:38:00+05:30,7423.9501953125,7426.4501953125,7421.14990234375,7425.7001953125,,1154.0,0.0,0.0,2023-07-12
579,2023-07-12 12:39:00+05:30,7425.5498046875,7427.64990234375,7425.5498046875,7426.10009765625,,395.0,0.0,0.0,2023-07-12
580,2023-07-12 12:40:00+05:30,7426.10009765625,7428.10009765625,7426.10009765625,7428.10009765625,,485.0,0.0,0.0,2023-07-12
581,2023-07-12 12:41:00+05:30,7428.0498046875,7429.75,7428.0,7429.0498046875,,2264.0,0.0,0.0,2023-07-12
582,2023-07-12 12:42:00+05:30,7429.0,7431.0,7429.0,7431.0,,1089.0,0.0,0.0,2023-07-12
583,2023-07-12 12:43:00+05:30,7433.0,7433.10009765625,7430.0,7430.5,,2617.0,0.0,0.0,2023-07-12
584,2023-07-12 12:44:00+05:30,7430.25,7433.0,7430.0,7432.0,,721.0,0.0,0.0,2023-07-12
585,2023-07-12 12:45:00+05:30,7432.0,7433.0,7430.9501953125,7431.0498046875,,3330.0,0.0,0.0,2023-07-12
586,2023-07-12 12:46:00+05:30,7431.0498046875,7432.89990234375,7431.0498046875,7431.5498046875,,930.0,0.0,0.0,2023-07-12
587,2023-07-12 12:47:00+05:30,7431.5,7431.60009765625,7428.5,7428.5498046875,,810.0,0.0,0.0,2023-07-12
588,2023-07-12 12:48:00+05:30,7429.10009765625,7430.2001953125,7428.0,7429.85009765625,,2330.0,0.0,0.0,2023-07-12
589,2023-07-12 12:49:00+05:30,7429.85009765625,7430.5,7428.25,7430.4501953125,,800.0,0.0,0.0,2023-07-12
590,2023-07-12 12:50:00+05:30,7430.0,7430.0,7426.39990234375,7427.35009765625,,6402.0,0.0,0.0,2023-07-12
591,2023-07-12 12:51:00+05:30,7427.64990234375,7430.2001953125,7427.64990234375,7429.39990234375,,4252.0,0.0,0.0,2023-07-12
592,2023-07-12 12:52:00+05:30,7429.0498046875,7430.0,7427.85009765625,7429.0498046875,,1108.0,0.0,0.0,2023-07-12
593,2023-07-12 12:53:00+05:30,7429.0498046875,7430.0498046875,7429.0498046875,7429.7001953125,,2039.0,0.0,0.0,2023-07-12
594,2023-07-12 12:54:00+05:30,7429.7001953125,7430.0,7428.2998046875,7428.2998046875,,2014.0,0.0,0.0,2023-07-12
595,2023-07-12 12:55:00+05:30,7428.2998046875,7429.2998046875,7426.14990234375,7428.35009765625,,840.0,0.0,0.0,2023-07-12
596,2023-07-12 12:56:00+05:30,7428.35009765625,7430.0,7428.35009765625,7430.0,,400.0,0.0,0.0,2023-07-12
597,2023-07-12 12:57:00+05:30,7428.85009765625,7430.2001953125,7428.85009765625,7430.10009765625,,887.0,0.0,0.0,2023-07-12
598,2023-07-12 12:58:00+05:30,7430.0498046875,7430.10009765625,7427.25,7429.85009765625,,2944.0,0.0,0.0,2023-07-12
599,2023-07-12 12:59:00+05:30,7429.5498046875,7430.0,7429.5498046875,7429.9501953125,,434.0,0.0,0.0,2023-07-12
600,2023-07-12 13:00:00+05:30,7430.0,7432.9501953125,7429.5,7431.0,,3326.0,0.0,0.0,2023-07-12
601,2023-07-12 13:01:00+05:30,7431.0,7434.0,7431.0,7434.0,,3177.0,0.0,0.0,2023-07-12
602,2023-07-12 13:02:00+05:30,7433.89990234375,7434.0,7428.0,7430.2998046875,,3786.0,0.0,0.0,2023-07-12
603,2023-07-12 13:03:00+05:30,7430.5498046875,7433.14990234375,7428.64990234375,7429.0,,1652.0,0.0,0.0,2023-07-12
604,2023-07-12 13:04:00+05:30,7429.4501953125,7430.0,7428.0,7428.2001953125,,1001.0,0.0,0.0,2023-07-12
605,2023-07-12 13:05:00+05:30,7428.2001953125,7430.0,7427.2001953125,7430.0,,1853.0,0.0,0.0,2023-07-12
606,2023-07-12 13:06:00+05:30,7427.7998046875,7430.5,7427.60009765625,7429.4501953125,,4781.0,0.0,0.0,2023-07-12
607,2023-07-12 13:07:00+05:30,7429.4501953125,7430.5,7427.89990234375,7427.89990234375,,7566.0,0.0,0.0,2023-07-12
608,2023-07-12 13:08:00+05:30,7430.0,7432.5,7427.9501953125,7432.5,,4317.0,0.0,0.0,2023-07-12
609,2023-07-12 13:09:00+05:30,7430.10009765625,7432.2001953125,7430.0498046875,7432.0,,589.0,0.0,0.0,2023-07-12
610,2023-07-12 13:10:00+05:30,7432.0,7433.0,7432.0,7432.0498046875,,5849.0,0.0,0.0,2023-07-12
611,2023-07-12 13:11:00+05:30,7432.0498046875,7433.0,7432.0498046875,7432.39990234375,,3376.0,0.0,0.0,2023-07-12
612,2023-07-12 13:12:00+05:30,7433.0,7433.0,7428.39990234375,7429.0498046875,,1634.0,0.0,0.0,2023-07-12
613,2023-07-12 13:13:00+05:30,7430.0,7430.0,7427.60009765625,7430.0,,8269.0,0.0,0.0,2023-07-12
614,2023-07-12 13:14:00+05:30,7430.0,7430.0,7429.0,7429.10009765625,,3646.0,0.0,0.0,2023-07-12
615,2023-07-12 13:15:00+05:30,7429.10009765625,7430.0,7429.10009765625,7430.0,,308.0,0.0,0.0,2023-07-12
616,2023-07-12 13:16:00+05:30,7429.5,7430.0,7429.5,7430.0,,3857.0,0.0,0.0,2023-07-12
617,2023-07-12 13:17:00+05:30,7430.0,7433.0,7430.0,7432.2001953125,,2650.0,0.0,0.0,2023-07-12
618,2023-07-12 13:18:00+05:30,7432.9501953125,7432.9501953125,7428.0498046875,7428.25,,2994.0,0.0,0.0,2023-07-12
619,2023-07-12 13:19:00+05:30,7428.25,7430.0,7428.25,7428.5,,1718.0,0.0,0.0,2023-07-12
620,2023-07-12 13:20:00+05:30,7428.5498046875,7430.0,7428.5498046875,7429.0,,5556.0,0.0,0.0,2023-07-12
621,2023-07-12 13:21:00+05:30,7429.0,7430.0,7429.0,7429.60009765625,,3317.0,0.0,0.0,2023-07-12
622,2023-07-12 13:22:00+05:30,7429.60009765625,7430.0,7429.60009765625,7429.64990234375,,510.0,0.0,0.0,2023-07-12
623,2023-07-12 13:23:00+05:30,7429.64990234375,7430.0,7429.64990234375,7430.0,,1243.0,0.0,0.0,2023-07-12
624,2023-07-12 13:24:00+05:30,7429.9501953125,7431.0,7429.9501953125,7431.0,,1921.0,0.0,0.0,2023-07-12
625,2023-07-12 13:25:00+05:30,7430.0,7432.9501953125,7429.9501953125,7430.10009765625,,1733.0,0.0,0.0,2023-07-12
626,2023-07-12 13:26:00+05:30,7431.2998046875,7433.0,7429.75,7429.75,,1655.0,0.0,0.0,2023-07-12
627,2023-07-12 13:27:00+05:30,7429.75,7430.0,7429.75,7429.89990234375,,328.0,0.0,0.0,2023-07-12
628,2023-07-12 13:28:00+05:30,7429.7998046875,7433.0,7429.7998046875,7431.64990234375,,300.0,0.0,0.0,2023-07-12
629,2023-07-12 13:29:00+05:30,7431.64990234375,7432.2001953125,7429.60009765625,7431.85009765625,,8319.0,0.0,0.0,2023-07-12
630,2023-07-12 13:30:00+05:30,7430.2998046875,7432.2001953125,7429.7998046875,7430.25,,8608.0,0.0,0.0,2023-07-12
631,2023-07-12 13:31:00+05:30,7430.25,7430.35009765625,7429.14990234375,7429.14990234375,,3294.0,0.0,0.0,2023-07-12
632,2023-07-12 13:32:00+05:30,7429.60009765625,7430.25,7428.0,7428.14990234375,,6374.0,0.0,0.0,2023-07-12
633,2023-07-12 13:33:00+05:30,7428.14990234375,7430.0,7426.5498046875,7430.0,,5253.0,0.0,0.0,2023-07-12
634,2023-07-12 13:34:00+05:30,7430.14990234375,7430.14990234375,7427.2001953125,7427.4501953125,,4032.0,0.0,0.0,2023-07-12
635,2023-07-12 13:35:00+05:30,7427.4501953125,7427.75,7426.0,7426.0,,1149.0,0.0,0.0,2023-07-12
636,2023-07-12 13:36:00+05:30,7426.0498046875,7426.10009765625,7423.0,7423.0,,1865.0,0.0,0.0,2023-07-12
637,2023-07-12 13:37:00+05:30,7423.0,7423.0498046875,7421.10009765625,7421.14990234375,,1174.0,0.0,0.0,2023-07-12
638,2023-07-12 13:38:00+05:30,7421.14990234375,7421.9501953125,7414.5,7419.10009765625,,2913.0,0.0,0.0,2023-07-12
639,2023-07-12 13:39:00+05:30,7419.10009765625,7428.0,7419.10009765625,7427.89990234375,,904.0,0.0,0.0,2023-07-12
640,2023-07-12 13:40:00+05:30,7427.89990234375,7428.0,7426.2998046875,7426.5498046875,,766.0,0.0,0.0,2023-07-12
641,2023-07-12 13:41:00+05:30,7426.5,7427.0,7426.5,7426.60009765625,,751.0,0.0,0.0,2023-07-12
642,2023-07-12 13:42:00+05:30,7426.60009765625,7429.2998046875,7426.60009765625,7428.5498046875,,806.0,0.0,0.0,2023-07-12
643,2023-07-12 13:43:00+05:30,7428.0,7429.9501953125,7426.75,7428.0,,1572.0,0.0,0.0,2023-07-12
644,2023-07-12 13:44:00+05:30,7429.2998046875,7430.0,7427.25,7427.85009765625,,579.0,0.0,0.0,2023-07-12
645,2023-07-12 13:45:00+05:30,7428.0498046875,7430.0,7427.85009765625,7429.9501953125,,4052.0,0.0,0.0,2023-07-12
646,2023-07-12 13:46:00+05:30,7429.9501953125,7433.0,7429.9501953125,7432.10009765625,,8814.0,0.0,0.0,2023-07-12
647,2023-07-12 13:47:00+05:30,7431.35009765625,7433.0498046875,7431.35009765625,7432.60009765625,,10835.0,0.0,0.0,2023-07-12
648,2023-07-12 13:48:00+05:30,7432.64990234375,7433.0,7428.5498046875,7430.0,,4549.0,0.0,0.0,2023-07-12
649,2023-07-12 13:49:00+05:30,7430.0,7432.0,7428.10009765625,7432.0,,3306.0,0.0,0.0,2023-07-12
650,2023-07-12 13:50:00+05:30,7429.60009765625,7439.85009765625,7429.39990234375,7438.0,,2935.0,0.0,0.0,2023-07-12
651,2023-07-12 13:51:00+05:30,7437.7001953125,7438.64990234375,7437.0,7438.0498046875,,2103.0,0.0,0.0,2023-07-12
652,2023-07-12 13:52:00+05:30,7438.0498046875,7452.2998046875,7438.0498046875,7449.85009765625,,5970.0,0.0,0.0,2023-07-12
653,2023-07-12 13:53:00+05:30,7447.0,7449.85009765625,7446.75,7449.0,,1690.0,0.0,0.0,2023-07-12
654,2023-07-12 13:54:00+05:30,7449.0,7449.0,7448.0498046875,7448.10009765625,,1194.0,0.0,0.0,2023-07-12
655,2023-07-12 13:55:00+05:30,7449.0,7461.0,7448.10009765625,7460.39990234375,,4224.0,0.0,0.0,2023-07-12
656,2023-07-12 13:56:00+05:30,7460.7998046875,7472.25,7460.7998046875,7469.2998046875,,6965.0,0.0,0.0,2023-07-12
657,2023-07-12 13:57:00+05:30,7469.89990234375,7472.2998046875,7465.10009765625,7465.10009765625,,2946.0,0.0,0.0,2023-07-12
658,2023-07-12 13:58:00+05:30,7465.0,7468.60009765625,7459.60009765625,7465.0,,3870.0,0.0,0.0,2023-07-12
659,2023-07-12 13:59:00+05:30,7465.89990234375,7467.85009765625,7462.0,7462.0498046875,,1042.0,0.0,0.0,2023-07-12
660,2023-07-12 14:00:00+05:30,7462.0498046875,7470.9501953125,7462.0,7470.0,,3410.0,0.0,0.0,2023-07-12
661,2023-07-12 14:01:00+05:30,7468.0,7470.60009765625,7468.0,7468.0,,3442.0,0.0,0.0,2023-07-12
662,2023-07-12 14:02:00+05:30,7468.0498046875,7468.0498046875,7464.14990234375,7465.60009765625,,1320.0,0.0,0.0,2023-07-12
663,2023-07-12 14:03:00+05:30,7465.9501953125,7469.9501953125,7465.9501953125,7466.75,,1744.0,0.0,0.0,2023-07-12
664,2023-07-12 14:04:00+05:30,7466.85009765625,7470.0,7466.75,7468.9501953125,,1538.0,0.0,0.0,2023-07-12
665,2023-07-12 14:05:00+05:30,7468.85009765625,7468.85009765625,7464.35009765625,7465.10009765625,,1778.0,0.0,0.0,2023-07-12
666,2023-07-12 14:06:00+05:30,7465.0498046875,7465.0498046875,7458.4501953125,7458.75,,2317.0,0.0,0.0,2023-07-12
667,2023-07-12 14:07:00+05:30,7458.4501953125,7460.10009765625,7455.0,7455.9501953125,,2222.0,0.0,0.0,2023-07-12
668,2023-07-12 14:08:00+05:30,7455.0498046875,7459.75,7455.0,7459.60009765625,,1640.0,0.0,0.0,2023-07-12
669,2023-07-12 14:09:00+05:30,7459.0,7460.89990234375,7455.0,7458.89990234375,,3070.0,0.0,0.0,2023-07-12
670,2023-07-12 14:10:00+05:30,7456.85009765625,7459.4501953125,7456.0,7456.75,,598.0,0.0,0.0,2023-07-12
671,2023-07-12 14:11:00+05:30,7456.2001953125,7456.89990234375,7454.10009765625,7454.2001953125,,1498.0,0.0,0.0,2023-07-12
672,2023-07-12 14:12:00+05:30,7454.10009765625,7455.0,7452.14990234375,7453.64990234375,,2534.0,0.0,0.0,2023-07-12
673,2023-07-12 14:13:00+05:30,7453.64990234375,7455.0,7453.0,7453.0498046875,,1933.0,0.0,0.0,2023-07-12
674,2023-07-12 14:14:00+05:30,7453.0498046875,7453.39990234375,7445.0498046875,7449.5498046875,,2907.0,0.0,0.0,2023-07-12
675,2023-07-12 14:15:00+05:30,7449.0,7449.64990234375,7446.5498046875,7448.0,,1404.0,0.0,0.0,2023-07-12
676,2023-07-12 14:16:00+05:30,7450.0,7450.0,7446.5498046875,7446.5498046875,,1263.0,0.0,0.0,2023-07-12
677,2023-07-12 14:17:00+05:30,7447.25,7450.39990234375,7446.5498046875,7450.0,,2705.0,0.0,0.0,2023-07-12
678,2023-07-12 14:18:00+05:30,7450.0,7452.7998046875,7446.7998046875,7447.0,,1997.0,0.0,0.0,2023-07-12
679,2023-07-12 14:19:00+05:30,7446.75,7447.0,7440.0,7440.10009765625,,6276.0,0.0,0.0,2023-07-12
680,2023-07-12 14:20:00+05:30,7440.0498046875,7443.39990234375,7438.2001953125,7442.25,,1264.0,0.0,0.0,2023-07-12
681,2023-07-12 14:21:00+05:30,7441.25,7444.5498046875,7440.0,7444.0498046875,,3911.0,0.0,0.0,2023-07-12
682,2023-07-12 14:22:00+05:30,7442.0,7447.0,7442.0,7444.89990234375,,1791.0,0.0,0.0,2023-07-12
683,2023-07-12 14:23:00+05:30,7445.0,7445.2998046875,7443.2001953125,7443.2001953125,,2414.0,0.0,0.0,2023-07-12
684,2023-07-12 14:24:00+05:30,7443.2001953125,7446.5,7443.0,7445.0,,3376.0,0.0,0.0,2023-07-12
685,2023-07-12 14:25:00+05:30,7442.7001953125,7444.75,7442.0,7442.75,,483.0,0.0,0.0,2023-07-12
686,2023-07-12 14:26:00+05:30,7442.0498046875,7442.64990234375,7442.0498046875,7442.60009765625,,957.0,0.0,0.0,2023-07-12
687,2023-07-12 14:27:00+05:30,7442.7998046875,7444.7001953125,7440.2998046875,7444.39990234375,,1677.0,0.0,0.0,2023-07-12
688,2023-07-12 14:28:00+05:30,7443.75,7444.14990234375,7438.7001953125,7439.5498046875,,4077.0,0.0,0.0,2023-07-12
689,2023-07-12 14:29:00+05:30,7439.35009765625,7440.0,7439.14990234375,7439.75,,4485.0,0.0,0.0,2023-07-12
690,2023-07-12 14:30:00+05:30,7439.7998046875,7442.60009765625,7439.0,7439.0,,4896.0,0.0,0.0,2023-07-12
691,2023-07-12 14:31:00+05:30,7439.0,7440.0,7439.0,7439.89990234375,,806.0,0.0,0.0,2023-07-12
692,2023-07-12 14:32:00+05:30,7439.0498046875,7440.0,7439.0498046875,7439.35009765625,,685.0,0.0,0.0,2023-07-12
693,2023-07-12 14:33:00+05:30,7439.35009765625,7440.0,7439.25,7439.4501953125,,701.0,0.0,0.0,2023-07-12
694,2023-07-12 14:34:00+05:30,7439.4501953125,7440.0,7439.25,7439.9501953125,,1201.0,0.0,0.0,2023-07-12
695,2023-07-12 14:35:00+05:30,7439.5,7439.9501953125,7435.89990234375,7436.25,,1579.0,0.0,0.0,2023-07-12
696,2023-07-12 14:36:00+05:30,7435.9501953125,7437.0,7434.0498046875,7435.39990234375,,1841.0,0.0,0.0,2023-07-12
697,2023-07-12 14:37:00+05:30,7435.39990234375,7435.39990234375,7432.0498046875,7432.75,,2243.0,0.0,0.0,2023-07-12
698,2023-07-12 14:38:00+05:30,7432.7001953125,7437.0,7432.5498046875,7434.0,,2800.0,0.0,0.0,2023-07-12
699,2023-07-12 14:39:00+05:30,7433.7998046875,7439.60009765625,7433.5,7436.64990234375,,1572.0,0.0,0.0,2023-07-12
700,2023-07-12 14:40:00+05:30,7436.5498046875,7444.0,7436.5498046875,7442.60009765625,,2135.0,0.0,0.0,2023-07-12
701,2023-07-12 14:41:00+05:30,7441.35009765625,7444.5,7441.2998046875,7442.14990234375,,1014.0,0.0,0.0,2023-07-12
702,2023-07-12 14:42:00+05:30,7442.85009765625,7442.85009765625,7436.10009765625,7436.75,,1200.0,0.0,0.0,2023-07-12
703,2023-07-12 14:43:00+05:30,7436.75,7438.0,7435.0,7436.14990234375,,3758.0,0.0,0.0,2023-07-12
704,2023-07-12 14:44:00+05:30,7436.9501953125,7438.0,7434.0,7434.35009765625,,1706.0,0.0,0.0,2023-07-12
705,2023-07-12 14:45:00+05:30,7434.2998046875,7435.0,7432.0498046875,7432.5,,904.0,0.0,0.0,2023-07-12
706,2023-07-12 14:46:00+05:30,7432.5,7434.85009765625,7432.0,7434.85009765625,,1290.0,0.0,0.0,2023-07-12
707,2023-07-12 14:47:00+05:30,7433.0,7435.0,7433.0,7433.5,,1014.0,0.0,0.0,2023-07-12
708,2023-07-12 14:48:00+05:30,7434.0498046875,7435.0,7432.0,7434.7001953125,,2380.0,0.0,0.0,2023-07-12
709,2023-07-12 14:49:00+05:30,7432.89990234375,7435.0,7432.89990234375,7434.14990234375,,761.0,0.0,0.0,2023-07-12
710,2023-07-12 14:50:00+05:30,7433.25,7435.0,7433.25,7434.4501953125,,1014.0,0.0,0.0,2023-07-12
711,2023-07-12 14:51:00+05:30,7435.0,7435.0,7433.64990234375,7433.85009765625,,1552.0,0.0,0.0,2023-07-12
712,2023-07-12 14:52:00+05:30,7433.85009765625,7435.0,7433.85009765625,7434.0498046875,,1318.0,0.0,0.0,2023-07-12
713,2023-07-12 14:53:00+05:30,7434.0498046875,7434.0498046875,7433.85009765625,7434.0498046875,,990.0,0.0,0.0,2023-07-12
714,2023-07-12 14:54:00+05:30,7434.0,7434.14990234375,7433.89990234375,7434.14990234375,,861.0,0.0,0.0,2023-07-12
715,2023-07-12 14:55:00+05:30,7434.0498046875,7434.0498046875,7432.85009765625,7433.10009765625,,1589.0,0.0,0.0,2023-07-12
716,2023-07-12 14:56:00+05:30,7433.0498046875,7433.5498046875,7433.0498046875,7433.5498046875,,700.0,0.0,0.0,2023-07-12
717,2023-07-12 14:57:00+05:30,7433.0498046875,7435.0,7433.0498046875,7434.89990234375,,1261.0,0.0,0.0,2023-07-12
718,2023-07-12 14:58:00+05:30,7434.9501953125,7435.0,7434.64990234375,7434.7001953125,,1322.0,0.0,0.0,2023-07-12
719,2023-07-12 14:59:00+05:30,7434.7998046875,7435.0,7434.10009765625,7434.2998046875,,1603.0,0.0,0.0,2023-07-12
720,2023-07-12 15:00:00+05:30,7434.2998046875,7435.0,7434.2998046875,7434.60009765625,,6212.0,0.0,0.0,2023-07-12
721,2023-07-12 15:01:00+05:30,7434.10009765625,7435.0,7434.0498046875,7434.0498046875,,4519.0,0.0,0.0,2023-07-12
722,2023-07-12 15:02:00+05:30,7434.0498046875,7435.0,7433.5,7433.5,,5231.0,0.0,0.0,2023-07-12
723,2023-07-12 15:03:00+05:30,7433.10009765625,7435.0,7433.10009765625,7434.4501953125,,4946.0,0.0,0.0,2023-07-12
724,2023-07-12 15:04:00+05:30,7434.4501953125,7435.0,7434.4501953125,7434.75,,3929.0,0.0,0.0,2023-07-12
725,2023-07-12 15:05:00+05:30,7434.75,7435.0,7431.0,7431.7998046875,,6216.0,0.0,0.0,2023-07-12
726,2023-07-12 15:06:00+05:30,7431.14990234375,7435.0,7431.0,7431.5,,4421.0,0.0,0.0,2023-07-12
727,2023-07-12 15:07:00+05:30,7431.5,7434.7998046875,7431.35009765625,7432.10009765625,,4071.0,0.0,0.0,2023-07-12
728,2023-07-12 15:08:00+05:30,7432.0498046875,7434.0,7432.0,7433.0,,4574.0,0.0,0.0,2023-07-12
729,2023-07-12 15:09:00+05:30,7432.25,7435.0,7432.25,7434.5,,5201.0,0.0,0.0,2023-07-12
730,2023-07-12 15:10:00+05:30,7434.5,7434.89990234375,7428.4501953125,7428.5498046875,,7065.0,0.0,0.0,2023-07-12
731,2023-07-12 15:11:00+05:30,7428.5,7432.0498046875,7428.5,7429.75,,4827.0,0.0,0.0,2023-07-12
732,2023-07-12 15:12:00+05:30,7429.75,7431.5,7429.39990234375,7430.10009765625,,4735.0,0.0,0.0,2023-07-12
733,2023-07-12 15:13:00+05:30,7430.2001953125,7433.35009765625,7430.10009765625,7432.25,,4675.0,0.0,0.0,2023-07-12
734,2023-07-12 15:14:00+05:30,7432.2998046875,7435.0,7432.2998046875,7434.75,,5525.0,0.0,0.0,2023-07-12
735,2023-07-12 15:15:00+05:30,7434.64990234375,7435.0,7432.4501953125,7433.10009765625,,7184.0,0.0,0.0,2023-07-12
736,2023-07-12 15:16:00+05:30,7433.10009765625,7433.2001953125,7428.89990234375,7429.0498046875,,8572.0,0.0,0.0,2023-07-12
737,2023-07-12 15:17:00+05:30,7429.10009765625,7430.0,7429.0,7429.64990234375,,6997.0,0.0,0.0,2023-07-12
738,2023-07-12 15:18:00+05:30,7429.64990234375,7430.0,7426.0498046875,7428.9501953125,,9513.0,0.0,0.0,2023-07-12
739,2023-07-12 15:19:00+05:30,7428.89990234375,7430.0,7428.89990234375,7429.7001953125,,5810.0,0.0,0.0,2023-07-12
740,2023-07-12 15:20:00+05:30,7429.7001953125,7429.9501953125,7428.89990234375,7428.89990234375,,9690.0,0.0,0.0,2023-07-12
741,2023-07-12 15:21:00+05:30,7429.39990234375,7430.2998046875,7428.89990234375,7429.85009765625,,5528.0,0.0,0.0,2023-07-12
742,2023-07-12 15:22:00+05:30,7429.85009765625,7435.0,7429.85009765625,7431.5498046875,,5869.0,0.0,0.0,2023-07-12
743,2023-07-12 15:23:00+05:30,7431.9501953125,7435.0,7431.9501953125,7432.60009765625,,5538.0,0.0,0.0,2023-07-12
744,2023-07-12 15:24:00+05:30,7432.5498046875,7435.0,7429.7001953125,7430.64990234375,,6439.0,0.0,0.0,2023-07-12
745,2023-07-12 15:25:00+05:30,7434.9501953125,7435.0,7430.10009765625,7435.0,,6304.0,0.0,0.0,2023-07-12
746,2023-07-12 15:26:00+05:30,7434.9501953125,7435.0,7428.5498046875,7429.64990234375,,9540.0,0.0,0.0,2023-07-12
747,2023-07-12 15:27:00+05:30,7429.64990234375,7435.0,7429.64990234375,7435.0,,3747.0,0.0,0.0,2023-07-12
748,2023-07-12 15:28:00+05:30,7435.0,7435.0,7434.0,7434.0,,5073.0,0.0,0.0,2023-07-12
749,2023-07-12 15:29:00+05:30,7430.75,7440.0,7430.0,7434.0498046875,,2208.0,0.0,0.0,2023-07-12
750,2023-07-13 09:15:00+05:30,7462.2001953125,7485.7998046875,7462.2001953125,7482.0498046875,,20824.0,0.0,0.0,2023-07-13
751,2023-07-13 09:16:00+05:30,7486.89990234375,7497.5,7486.89990234375,7493.0498046875,,13453.0,0.0,0.0,2023-07-13
752,2023-07-13 09:17:00+05:30,7492.9501953125,7506.39990234375,7489.7001953125,7503.5,,10948.0,0.0,0.0,2023-07-13
753,2023-07-13 09:18:00+05:30,7507.9501953125,7508.0,7480.10009765625,7490.14990234375,,9750.0,0.0,0.0,2023-07-13
754,2023-07-13 09:19:00+05:30,7485.35009765625,7488.2001953125,7470.14990234375,7479.25,,5284.0,0.0,0.0,2023-07-13
755,2023-07-13 09:20:00+05:30,7479.25,7482.0,7462.0,7462.0,,4352.0,0.0,0.0,2023-07-13
756,2023-07-13 09:21:00+05:30,7461.0,7520.0,7455.35009765625,7489.2998046875,,20193.0,0.0,0.0,2023-07-13
757,2023-07-13 09:22:00+05:30,7487.75,7493.14990234375,7456.5498046875,7456.5498046875,,7349.0,0.0,0.0,2023-07-13
758,2023-07-13 09:23:00+05:30,7457.4501953125,7466.7998046875,7429.25,7455.0498046875,,12653.0,0.0,0.0,2023-07-13
759,2023-07-13 09:24:00+05:30,7453.9501953125,7459.2001953125,7445.7998046875,7454.0,,3384.0,0.0,0.0,2023-07-13
760,2023-07-13 09:25:00+05:30,7455.0498046875,7460.0,7446.0,7455.0,,4295.0,0.0,0.0,2023-07-13
761,2023-07-13 09:26:00+05:30,7454.10009765625,7456.2001953125,7441.64990234375,7456.0,,3352.0,0.0,0.0,2023-07-13
762,2023-07-13 09:27:00+05:30,7453.60009765625,7460.0,7450.10009765625,7457.0,,1559.0,0.0,0.0,2023-07-13
763,2023-07-13 09:28:00+05:30,7456.5,7465.0,7456.5,7463.7998046875,,1636.0,0.0,0.0,2023-07-13
764,2023-07-13 09:29:00+05:30,7463.7998046875,7473.89990234375,7461.7998046875,7470.0,,2856.0,0.0,0.0,2023-07-13
765,2023-07-13 09:30:00+05:30,7467.39990234375,7473.64990234375,7466.5,7472.0,,1184.0,0.0,0.0,2023-07-13
766,2023-07-13 09:31:00+05:30,7472.0,7476.9501953125,7471.25,7472.9501953125,,2065.0,0.0,0.0,2023-07-13
767,2023-07-13 09:32:00+05:30,7472.89990234375,7474.7998046875,7468.10009765625,7472.0,,2083.0,0.0,0.0,2023-07-13
768,2023-07-13 09:33:00+05:30,7469.0,7472.0498046875,7469.0,7472.0498046875,,766.0,0.0,0.0,2023-07-13
769,2023-07-13 09:34:00+05:30,7477.0,7484.39990234375,7477.0,7480.0,,3452.0,0.0,0.0,2023-07-13
770,2023-07-13 09:35:00+05:30,7479.2001953125,7492.0,7479.2001953125,7487.14990234375,,3123.0,0.0,0.0,2023-07-13
771,2023-07-13 09:36:00+05:30,7487.25,7498.89990234375,7484.0,7495.0,,3679.0,0.0,0.0,2023-07-13
772,2023-07-13 09:37:00+05:30,7490.0,7495.0,7490.0,7494.25,,2798.0,0.0,0.0,2023-07-13
773,2023-07-13 09:38:00+05:30,7492.25,7495.0,7490.0,7492.60009765625,,2570.0,0.0,0.0,2023-07-13
774,2023-07-13 09:39:00+05:30,7492.39990234375,7492.60009765625,7490.0,7492.0,,1289.0,0.0,0.0,2023-07-13
775,2023-07-13 09:40:00+05:30,7492.0,7499.0,7489.10009765625,7495.0,,4532.0,0.0,0.0,2023-07-13
776,2023-07-13 09:41:00+05:30,7495.0,7497.10009765625,7491.35009765625,7494.89990234375,,2244.0,0.0,0.0,2023-07-13
777,2023-07-13 09:42:00+05:30,7495.0,7496.0,7491.9501953125,7492.0498046875,,2013.0,0.0,0.0,2023-07-13
778,2023-07-13 09:43:00+05:30,7493.7001953125,7493.7001953125,7481.64990234375,7485.25,,4091.0,0.0,0.0,2023-07-13
779,2023-07-13 09:44:00+05:30,7488.89990234375,7489.60009765625,7484.64990234375,7486.5498046875,,1815.0,0.0,0.0,2023-07-13
780,2023-07-13 09:45:00+05:30,7484.75,7490.0,7481.60009765625,7483.39990234375,,2791.0,0.0,0.0,2023-07-13
781,2023-07-13 09:46:00+05:30,7483.39990234375,7486.75,7480.2001953125,7482.7998046875,,1881.0,0.0,0.0,2023-07-13
782,2023-07-13 09:47:00+05:30,7482.7998046875,7490.0,7481.25,7490.0,,1872.0,0.0,0.0,2023-07-13
783,2023-07-13 09:48:00+05:30,7490.0,7490.9501953125,7488.0498046875,7489.9501953125,,1147.0,0.0,0.0,2023-07-13
784,2023-07-13 09:49:00+05:30,7489.89990234375,7490.0,7485.14990234375,7485.14990234375,,876.0,0.0,0.0,2023-07-13
785,2023-07-13 09:50:00+05:30,7485.2001953125,7488.5498046875,7484.2998046875,7485.9501953125,,464.0,0.0,0.0,2023-07-13
786,2023-07-13 09:51:00+05:30,7488.0,7488.0,7482.0,7487.35009765625,,588.0,0.0,0.0,2023-07-13
787,2023-07-13 09:52:00+05:30,7485.10009765625,7487.0,7470.10009765625,7470.10009765625,,2551.0,0.0,0.0,2023-07-13
788,2023-07-13 09:53:00+05:30,7472.39990234375,7473.75,7462.35009765625,7465.5,,3029.0,0.0,0.0,2023-07-13
789,2023-07-13 09:54:00+05:30,7463.0498046875,7470.0,7461.0,7461.0,,2187.0,0.0,0.0,2023-07-13
790,2023-07-13 09:55:00+05:30,7461.0,7465.89990234375,7457.0,7464.0498046875,,2355.0,0.0,0.0,2023-07-13
791,2023-07-13 09:56:00+05:30,7466.7998046875,7466.7998046875,7460.2998046875,7464.60009765625,,957.0,0.0,0.0,2023-07-13
792,2023-07-13 09:57:00+05:30,7464.60009765625,7465.0,7455.64990234375,7457.5498046875,,1712.0,0.0,0.0,2023-07-13
793,2023-07-13 09:58:00+05:30,7459.25,7464.5,7456.0,7457.64990234375,,1912.0,0.0,0.0,2023-07-13
794,2023-07-13 09:59:00+05:30,7457.2998046875,7463.60009765625,7457.2998046875,7461.89990234375,,478.0,0.0,0.0,2023-07-13
795,2023-07-13 10:00:00+05:30,7461.89990234375,7465.39990234375,7455.0,7464.85009765625,,2462.0,0.0,0.0,2023-07-13
796,2023-07-13 10:01:00+05:30,7465.0,7466.9501953125,7457.0498046875,7457.10009765625,,1760.0,0.0,0.0,2023-07-13
797,2023-07-13 10:02:00+05:30,7462.39990234375,7463.14990234375,7455.0,7455.5498046875,,632.0,0.0,0.0,2023-07-13
798,2023-07-13 10:03:00+05:30,7456.0,7456.75,7450.0,7454.7998046875,,3213.0,0.0,0.0,2023-07-13
799,2023-07-13 10:04:00+05:30,7453.0,7464.5498046875,7453.0,7461.5498046875,,1410.0,0.0,0.0,2023-07-13
800,2023-07-13 10:05:00+05:30,7458.5,7462.4501953125,7457.0498046875,7460.7998046875,,965.0,0.0,0.0,2023-07-13
801,2023-07-13 10:06:00+05:30,7460.0,7463.5,7457.0498046875,7460.75,,1044.0,0.0,0.0,2023-07-13
802,2023-07-13 10:07:00+05:30,7461.5498046875,7462.64990234375,7458.0,7459.0,,1028.0,0.0,0.0,2023-07-13
803,2023-07-13 10:08:00+05:30,7458.2001953125,7462.5498046875,7458.14990234375,7461.10009765625,,813.0,0.0,0.0,2023-07-13
804,2023-07-13 10:09:00+05:30,7461.10009765625,7466.0498046875,7460.0,7464.0,,2268.0,0.0,0.0,2023-07-13
805,2023-07-13 10:10:00+05:30,7464.0,7466.2998046875,7462.0,7462.2001953125,,3199.0,0.0,0.0,2023-07-13
806,2023-07-13 10:11:00+05:30,7462.2001953125,7464.64990234375,7456.75,7461.25,,1333.0,0.0,0.0,2023-07-13
807,2023-07-13 10:12:00+05:30,7461.7998046875,7467.0,7460.0498046875,7460.4501953125,,859.0,0.0,0.0,2023-07-13
808,2023-07-13 10:13:00+05:30,7460.39990234375,7463.60009765625,7457.0,7459.60009765625,,1078.0,0.0,0.0,2023-07-13
809,2023-07-13 10:14:00+05:30,7459.64990234375,7462.35009765625,7457.14990234375,7458.9501953125,,1257.0,0.0,0.0,2023-07-13
810,2023-07-13 10:15:00+05:30,7455.0,7460.60009765625,7451.0,7460.60009765625,,1474.0,0.0,0.0,2023-07-13
811,2023-07-13 10:16:00+05:30,7460.60009765625,7464.0,7454.10009765625,7464.0,,1247.0,0.0,0.0,2023-07-13
812,2023-07-13 10:17:00+05:30,7463.7998046875,7469.0,7463.75,7468.0,,1933.0,0.0,0.0,2023-07-13
813,2023-07-13 10:18:00+05:30,7466.39990234375,7472.89990234375,7466.39990234375,7469.0,,3327.0,0.0,0.0,2023-07-13
814,2023-07-13 10:19:00+05:30,7470.0,7480.0,7469.0,7480.0,,1816.0,0.0,0.0,2023-07-13
815,2023-07-13 10:20:00+05:30,7476.7998046875,7482.85009765625,7472.0,7475.0498046875,,2822.0,0.0,0.0,2023-07-13
816,2023-07-13 10:21:00+05:30,7472.0,7475.9501953125,7470.0,7475.0,,1418.0,0.0,0.0,2023-07-13
817,2023-07-13 10:22:00+05:30,7473.0498046875,7478.4501953125,7473.0,7477.5,,1368.0,0.0,0.0,2023-07-13
818,2023-07-13 10:23:00+05:30,7476.0,7479.0,7472.2001953125,7475.35009765625,,2640.0,0.0,0.0,2023-07-13
819,2023-07-13 10:24:00+05:30,7472.2998046875,7479.85009765625,7472.2998046875,7476.2001953125,,1339.0,0.0,0.0,2023-07-13
820,2023-07-13 10:25:00+05:30,7478.60009765625,7480.0,7476.2001953125,7479.9501953125,,660.0,0.0,0.0,2023-07-13
821,2023-07-13 10:26:00+05:30,7477.7001953125,7480.0,7472.25,7472.25,,984.0,0.0,0.0,2023-07-13
822,2023-07-13 10:27:00+05:30,7472.25,7475.0,7470.0,7473.5498046875,,1361.0,0.0,0.0,2023-07-13
823,2023-07-13 10:28:00+05:30,7475.0,7480.0,7473.7998046875,7480.0,,670.0,0.0,0.0,2023-07-13
824,2023-07-13 10:29:00+05:30,7479.0,7480.0,7472.75,7477.85009765625,,1236.0,0.0,0.0,2023-07-13
825,2023-07-13 10:30:00+05:30,7477.85009765625,7477.85009765625,7475.0498046875,7477.0,,217.0,0.0,0.0,2023-07-13
826,2023-07-13 10:31:00+05:30,7475.2001953125,7480.0,7475.2001953125,7478.4501953125,,915.0,0.0,0.0,2023-07-13
827,2023-07-13 10:32:00+05:30,7480.0,7480.0,7478.35009765625,7479.60009765625,,1034.0,0.0,0.0,2023-07-13
828,2023-07-13 10:33:00+05:30,7479.85009765625,7480.0,7479.60009765625,7480.0,,1135.0,0.0,0.0,2023-07-13
829,2023-07-13 10:34:00+05:30,7478.5,7482.0,7478.5,7482.0,,861.0,0.0,0.0,2023-07-13
830,2023-07-13 10:35:00+05:30,7482.0,7488.0,7480.0498046875,7484.5,,1679.0,0.0,0.0,2023-07-13
831,2023-07-13 10:36:00+05:30,7486.0,7487.0,7480.0,7481.89990234375,,1299.0,0.0,0.0,2023-07-13
832,2023-07-13 10:37:00+05:30,7481.85009765625,7489.4501953125,7481.85009765625,7489.0,,1896.0,0.0,0.0,2023-07-13
833,2023-07-13 10:38:00+05:30,7488.9501953125,7493.60009765625,7488.9501953125,7492.5498046875,,4278.0,0.0,0.0,2023-07-13
834,2023-07-13 10:39:00+05:30,7491.0,7495.0,7490.0,7495.0,,6854.0,0.0,0.0,2023-07-13
835,2023-07-13 10:40:00+05:30,7492.7998046875,7498.5498046875,7486.60009765625,7487.5498046875,,3443.0,0.0,0.0,2023-07-13
836,2023-07-13 10:41:00+05:30,7487.5498046875,7494.0,7487.5,7494.0,,823.0,0.0,0.0,2023-07-13
837,2023-07-13 10:42:00+05:30,7493.85009765625,7495.0,7491.25,7491.25,,1750.0,0.0,0.0,2023-07-13
838,2023-07-13 10:43:00+05:30,7493.9501953125,7495.0,7490.0,7491.5,,669.0,0.0,0.0,2023-07-13
839,2023-07-13 10:44:00+05:30,7491.0,7493.5,7483.4501953125,7485.0,,1136.0,0.0,0.0,2023-07-13
840,2023-07-13 10:45:00+05:30,7485.0,7490.0,7485.0,7490.0,,1204.0,0.0,0.0,2023-07-13
841,2023-07-13 10:46:00+05:30,7490.0,7492.0498046875,7486.85009765625,7487.2001953125,,2218.0,0.0,0.0,2023-07-13
842,2023-07-13 10:47:00+05:30,7487.2001953125,7487.4501953125,7485.0,7486.60009765625,,625.0,0.0,0.0,2023-07-13
843,2023-07-13 10:48:00+05:30,7486.60009765625,7490.0,7486.60009765625,7489.89990234375,,475.0,0.0,0.0,2023-07-13
844,2023-07-13 10:49:00+05:30,7489.89990234375,7491.9501953125,7485.0498046875,7486.64990234375,,2016.0,0.0,0.0,2023-07-13
845,2023-07-13 10:50:00+05:30,7485.0498046875,7487.89990234375,7482.5,7487.7998046875,,931.0,0.0,0.0,2023-07-13
846,2023-07-13 10:51:00+05:30,7487.7998046875,7487.7998046875,7485.0498046875,7486.60009765625,,365.0,0.0,0.0,2023-07-13
847,2023-07-13 10:52:00+05:30,7485.0498046875,7485.0498046875,7475.7998046875,7477.14990234375,,1098.0,0.0,0.0,2023-07-13
848,2023-07-13 10:53:00+05:30,7477.14990234375,7485.0,7477.14990234375,7483.89990234375,,649.0,0.0,0.0,2023-07-13
849,2023-07-13 10:54:00+05:30,7482.7001953125,7485.0,7480.2001953125,7483.0498046875,,513.0,0.0,0.0,2023-07-13
850,2023-07-13 10:55:00+05:30,7480.2001953125,7482.85009765625,7480.10009765625,7482.60009765625,,206.0,0.0,0.0,2023-07-13
851,2023-07-13 10:56:00+05:30,7482.60009765625,7482.60009765625,7477.2001953125,7477.2001953125,,994.0,0.0,0.0,2023-07-13
852,2023-07-13 10:57:00+05:30,7476.14990234375,7477.9501953125,7475.0498046875,7475.0498046875,,1098.0,0.0,0.0,2023-07-13
853,2023-07-13 10:58:00+05:30,7475.89990234375,7482.85009765625,7475.64990234375,7482.85009765625,,1139.0,0.0,0.0,2023-07-13
854,2023-07-13 10:59:00+05:30,7483.0498046875,7487.0,7480.0,7480.7998046875,,1563.0,0.0,0.0,2023-07-13
855,2023-07-13 11:00:00+05:30,7480.7998046875,7489.9501953125,7480.14990234375,7489.75,,1608.0,0.0,0.0,2023-07-13
856,2023-07-13 11:01:00+05:30,7489.10009765625,7494.85009765625,7488.0,7492.9501953125,,2220.0,0.0,0.0,2023-07-13
857,2023-07-13 11:02:00+05:30,7494.85009765625,7503.0,7491.2001953125,7501.25,,9138.0,0.0,0.0,2023-07-13
858,2023-07-13 11:03:00+05:30,7501.25,7514.0,7501.25,7510.85009765625,,14957.0,0.0,0.0,2023-07-13
859,2023-07-13 11:04:00+05:30,7510.85009765625,7512.9501953125,7501.0,7511.0,,3250.0,0.0,0.0,2023-07-13
860,2023-07-13 11:05:00+05:30,7511.0498046875,7515.0,7501.0,7501.0,,6646.0,0.0,0.0,2023-07-13
861,2023-07-13 11:06:00+05:30,7501.0,7509.0498046875,7500.0,7504.0,,2506.0,0.0,0.0,2023-07-13
862,2023-07-13 11:07:00+05:30,7505.25,7505.25,7492.5498046875,7492.5498046875,,3276.0,0.0,0.0,2023-07-13
863,2023-07-13 11:08:00+05:30,7492.0498046875,7496.9501953125,7483.75,7487.0,,3514.0,0.0,0.0,2023-07-13
864,2023-07-13 11:09:00+05:30,7485.0,7493.0,7485.0,7490.0,,1156.0,0.0,0.0,2023-07-13
865,2023-07-13 11:10:00+05:30,7490.10009765625,7495.85009765625,7485.0,7485.0,,2336.0,0.0,0.0,2023-07-13
866,2023-07-13 11:11:00+05:30,7485.10009765625,7488.0,7485.0,7488.0,,692.0,0.0,0.0,2023-07-13
867,2023-07-13 11:12:00+05:30,7488.7998046875,7498.89990234375,7488.0,7497.89990234375,,1435.0,0.0,0.0,2023-07-13
868,2023-07-13 11:13:00+05:30,7498.89990234375,7502.0,7495.10009765625,7500.0,,1172.0,0.0,0.0,2023-07-13
869,2023-07-13 11:14:00+05:30,7498.2001953125,7500.0498046875,7486.0,7487.25,,2304.0,0.0,0.0,2023-07-13
870,2023-07-13 11:15:00+05:30,7487.64990234375,7501.89990234375,7487.2998046875,7500.0,,1869.0,0.0,0.0,2023-07-13
871,2023-07-13 11:16:00+05:30,7502.89990234375,7502.89990234375,7495.25,7498.10009765625,,1564.0,0.0,0.0,2023-07-13
872,2023-07-13 11:17:00+05:30,7497.0,7501.75,7497.0,7500.25,,903.0,0.0,0.0,2023-07-13
873,2023-07-13 11:18:00+05:30,7500.0498046875,7500.0498046875,7490.0,7490.0,,1551.0,0.0,0.0,2023-07-13
874,2023-07-13 11:19:00+05:30,7492.25,7492.25,7480.0,7480.5498046875,,2170.0,0.0,0.0,2023-07-13
875,2023-07-13 11:20:00+05:30,7480.5498046875,7488.10009765625,7480.39990234375,7488.0,,867.0,0.0,0.0,2023-07-13
876,2023-07-13 11:21:00+05:30,7485.39990234375,7487.9501953125,7485.0,7485.5,,271.0,0.0,0.0,2023-07-13
877,2023-07-13 11:22:00+05:30,7485.5,7490.0,7485.5,7488.14990234375,,1243.0,0.0,0.0,2023-07-13
878,2023-07-13 11:23:00+05:30,7487.9501953125,7490.0,7487.9501953125,7489.9501953125,,549.0,0.0,0.0,2023-07-13
879,2023-07-13 11:24:00+05:30,7489.85009765625,7495.0,7488.0,7492.5498046875,,887.0,0.0,0.0,2023-07-13
880,2023-07-13 11:25:00+05:30,7489.85009765625,7493.4501953125,7485.0,7485.0,,1726.0,0.0,0.0,2023-07-13
881,2023-07-13 11:26:00+05:30,7485.0,7487.0,7481.0,7483.25,,659.0,0.0,0.0,2023-07-13
882,2023-07-13 11:27:00+05:30,7483.25,7483.25,7481.0,7482.0,,577.0,0.0,0.0,2023-07-13
883,2023-07-13 11:28:00+05:30,7481.0,7482.25,7476.0,7476.0,,2748.0,0.0,0.0,2023-07-13
884,2023-07-13 11:29:00+05:30,7476.0,7478.4501953125,7475.0,7475.0498046875,,1358.0,0.0,0.0,2023-07-13
885,2023-07-13 11:30:00+05:30,7475.0,7475.2001953125,7465.0,7471.9501953125,,3730.0,0.0,0.0,2023-07-13
886,2023-07-13 11:31:00+05:30,7472.0,7472.0,7466.0498046875,7466.10009765625,,1893.0,0.0,0.0,2023-07-13
887,2023-07-13 11:32:00+05:30,7465.75,7476.4501953125,7465.75,7476.4501953125,,1289.0,0.0,0.0,2023-07-13
888,2023-07-13 11:33:00+05:30,7476.4501953125,7478.5498046875,7472.0,7474.85009765625,,782.0,0.0,0.0,2023-07-13
889,2023-07-13 11:34:00+05:30,7472.0,7477.2001953125,7468.39990234375,7477.0,,3483.0,0.0,0.0,2023-07-13
890,2023-07-13 11:35:00+05:30,7475.0,7481.5498046875,7472.10009765625,7481.5498046875,,1581.0,0.0,0.0,2023-07-13
891,2023-07-13 11:36:00+05:30,7480.0,7484.85009765625,7474.0,7475.0,,993.0,0.0,0.0,2023-07-13
892,2023-07-13 11:37:00+05:30,7477.10009765625,7479.35009765625,7475.0498046875,7477.0,,1703.0,0.0,0.0,2023-07-13
893,2023-07-13 11:38:00+05:30,7476.75,7480.0,7468.0498046875,7469.0,,2253.0,0.0,0.0,2023-07-13
894,2023-07-13 11:39:00+05:30,7469.0,7473.89990234375,7469.0,7473.85009765625,,700.0,0.0,0.0,2023-07-13
895,2023-07-13 11:40:00+05:30,7471.5,7474.0,7470.0498046875,7471.0,,1034.0,0.0,0.0,2023-07-13
896,2023-07-13 11:41:00+05:30,7471.0,7472.7998046875,7469.0,7470.0498046875,,575.0,0.0,0.0,2023-07-13
897,2023-07-13 11:42:00+05:30,7470.0498046875,7472.0,7470.0,7470.0,,638.0,0.0,0.0,2023-07-13
898,2023-07-13 11:43:00+05:30,7470.0,7470.0498046875,7467.9501953125,7469.9501953125,,1268.0,0.0,0.0,2023-07-13
899,2023-07-13 11:44:00+05:30,7467.9501953125,7470.0,7467.7998046875,7467.9501953125,,569.0,0.0,0.0,2023-07-13
900,2023-07-13 11:45:00+05:30,7467.9501953125,7470.0,7467.7998046875,7470.0,,450.0,0.0,0.0,2023-07-13
901,2023-07-13 11:46:00+05:30,7470.0,7470.64990234375,7467.0498046875,7467.0498046875,,806.0,0.0,0.0,2023-07-13
902,2023-07-13 11:47:00+05:30,7467.0498046875,7469.2998046875,7465.10009765625,7466.10009765625,,680.0,0.0,0.0,2023-07-13
903,2023-07-13 11:48:00+05:30,7467.89990234375,7467.9501953125,7465.0,7465.5,,956.0,0.0,0.0,2023-07-13
904,2023-07-13 11:49:00+05:30,7465.0498046875,7467.85009765625,7465.0498046875,7467.0,,647.0,0.0,0.0,2023-07-13
905,2023-07-13 11:50:00+05:30,7465.14990234375,7471.0,7465.10009765625,7469.89990234375,,628.0,0.0,0.0,2023-07-13
906,2023-07-13 11:51:00+05:30,7470.9501953125,7473.25,7469.60009765625,7473.25,,982.0,0.0,0.0,2023-07-13
907,2023-07-13 11:52:00+05:30,7473.25,7477.4501953125,7473.0,7477.4501953125,,1675.0,0.0,0.0,2023-07-13
908,2023-07-13 11:53:00+05:30,7476.9501953125,7476.9501953125,7472.14990234375,7475.7998046875,,610.0,0.0,0.0,2023-07-13
909,2023-07-13 11:54:00+05:30,7473.2998046875,7479.0498046875,7473.0,7479.0,,1504.0,0.0,0.0,2023-07-13
910,2023-07-13 11:55:00+05:30,7475.10009765625,7479.60009765625,7470.0,7472.7998046875,,1051.0,0.0,0.0,2023-07-13
911,2023-07-13 11:56:00+05:30,7474.0,7474.7998046875,7470.0,7470.0498046875,,1058.0,0.0,0.0,2023-07-13
912,2023-07-13 11:57:00+05:30,7470.0498046875,7470.89990234375,7465.0,7465.0,,1006.0,0.0,0.0,2023-07-13
913,2023-07-13 11:58:00+05:30,7465.35009765625,7470.25,7465.35009765625,7467.35009765625,,728.0,0.0,0.0,2023-07-13
914,2023-07-13 11:59:00+05:30,7467.35009765625,7467.9501953125,7466.0498046875,7467.10009765625,,835.0,0.0,0.0,2023-07-13
915,2023-07-13 12:00:00+05:30,7467.0,7467.4501953125,7465.5,7467.4501953125,,1363.0,0.0,0.0,2023-07-13
916,2023-07-13 12:01:00+05:30,7467.4501953125,7467.4501953125,7465.5,7466.25,,406.0,0.0,0.0,2023-07-13
917,2023-07-13 12:02:00+05:30,7466.5,7467.0,7465.5,7465.5,,489.0,0.0,0.0,2023-07-13
918,2023-07-13 12:03:00+05:30,7465.5,7465.64990234375,7455.64990234375,7458.7001953125,,7277.0,0.0,0.0,2023-07-13
919,2023-07-13 12:04:00+05:30,7462.10009765625,7462.64990234375,7456.0,7460.0498046875,,930.0,0.0,0.0,2023-07-13
920,2023-07-13 12:05:00+05:30,7460.0498046875,7462.0,7458.0,7460.0,,731.0,0.0,0.0,2023-07-13
921,2023-07-13 12:06:00+05:30,7462.0,7463.85009765625,7460.0,7463.85009765625,,392.0,0.0,0.0,2023-07-13
922,2023-07-13 12:07:00+05:30,7464.0,7470.89990234375,7464.0,7467.7001953125,,1350.0,0.0,0.0,2023-07-13
923,2023-07-13 12:08:00+05:30,7469.39990234375,7473.9501953125,7468.0,7472.14990234375,,2449.0,0.0,0.0,2023-07-13
924,2023-07-13 12:09:00+05:30,7470.60009765625,7473.64990234375,7469.0,7471.2998046875,,616.0,0.0,0.0,2023-07-13
925,2023-07-13 12:10:00+05:30,7470.64990234375,7473.9501953125,7470.64990234375,7472.5,,347.0,0.0,0.0,2023-07-13
926,2023-07-13 12:11:00+05:30,7471.0498046875,7473.0,7469.10009765625,7469.5,,865.0,0.0,0.0,2023-07-13
927,2023-07-13 12:12:00+05:30,7473.2001953125,7474.5,7470.85009765625,7474.5,,219.0,0.0,0.0,2023-07-13
928,2023-07-13 12:13:00+05:30,7474.5,7475.0,7471.5,7471.7001953125,,265.0,0.0,0.0,2023-07-13
929,2023-07-13 12:14:00+05:30,7474.7998046875,7474.7998046875,7471.75,7473.2998046875,,438.0,0.0,0.0,2023-07-13
930,2023-07-13 12:15:00+05:30,7473.2998046875,7474.7998046875,7471.85009765625,7473.2998046875,,398.0,0.0,0.0,2023-07-13
931,2023-07-13 12:16:00+05:30,7473.2998046875,7473.2998046875,7470.0,7472.7001953125,,701.0,0.0,0.0,2023-07-13
932,2023-07-13 12:17:00+05:30,7473.0,7473.10009765625,7470.4501953125,7473.10009765625,,192.0,0.0,0.0,2023-07-13
933,2023-07-13 12:18:00+05:30,7473.0,7473.10009765625,7469.64990234375,7472.85009765625,,575.0,0.0,0.0,2023-07-13
934,2023-07-13 12:19:00+05:30,7470.25,7478.2998046875,7470.25,7478.2998046875,,1036.0,0.0,0.0,2023-07-13
935,2023-07-13 12:20:00+05:30,7476.0,7480.0,7476.0,7480.0,,832.0,0.0,0.0,2023-07-13
936,2023-07-13 12:21:00+05:30,7480.0,7483.2001953125,7478.4501953125,7481.39990234375,,1566.0,0.0,0.0,2023-07-13
937,2023-07-13 12:22:00+05:30,7481.39990234375,7481.39990234375,7478.0,7480.0,,568.0,0.0,0.0,2023-07-13
938,2023-07-13 12:23:00+05:30,7479.5,7481.0,7475.2001953125,7476.0,,607.0,0.0,0.0,2023-07-13
939,2023-07-13 12:24:00+05:30,7476.0,7476.0,7475.0,7475.0,,252.0,0.0,0.0,2023-07-13
940,2023-07-13 12:25:00+05:30,7475.60009765625,7477.7001953125,7475.0,7477.7001953125,,261.0,0.0,0.0,2023-07-13
941,2023-07-13 12:26:00+05:30,7477.85009765625,7477.85009765625,7469.25,7471.9501953125,,607.0,0.0,0.0,2023-07-13
942,2023-07-13 12:27:00+05:30,7473.4501953125,7474.75,7470.35009765625,7474.4501953125,,604.0,0.0,0.0,2023-07-13
943,2023-07-13 12:28:00+05:30,7472.0,7474.39990234375,7468.0,7468.75,,425.0,0.0,0.0,2023-07-13
944,2023-07-13 12:29:00+05:30,7468.75,7469.9501953125,7465.10009765625,7469.2998046875,,738.0,0.0,0.0,2023-07-13
945,2023-07-13 12:30:00+05:30,7469.25,7471.2998046875,7467.10009765625,7470.64990234375,,332.0,0.0,0.0,2023-07-13
946,2023-07-13 12:31:00+05:30,7470.64990234375,7471.35009765625,7468.0,7469.0,,586.0,0.0,0.0,2023-07-13
947,2023-07-13 12:32:00+05:30,7469.0,7470.0,7467.35009765625,7470.0,,237.0,0.0,0.0,2023-07-13
948,2023-07-13 12:33:00+05:30,7468.2998046875,7470.0,7467.2001953125,7467.35009765625,,371.0,0.0,0.0,2023-07-13
949,2023-07-13 12:34:00+05:30,7467.35009765625,7469.89990234375,7466.2001953125,7468.35009765625,,403.0,0.0,0.0,2023-07-13
950,2023-07-13 12:35:00+05:30,7468.35009765625,7470.0,7468.0,7468.5,,281.0,0.0,0.0,2023-07-13
951,2023-07-13 12:36:00+05:30,7469.0,7470.0,7468.0,7470.0,,215.0,0.0,0.0,2023-07-13
952,2023-07-13 12:37:00+05:30,7469.0,7471.14990234375,7468.0,7470.5498046875,,584.0,0.0,0.0,2023-07-13
953,2023-07-13 12:38:00+05:30,7470.7001953125,7477.25,7470.7001953125,7475.0,,809.0,0.0,0.0,2023-07-13
954,2023-07-13 12:39:00+05:30,7473.75,7478.0,7471.2998046875,7478.0,,848.0,0.0,0.0,2023-07-13
955,2023-07-13 12:40:00+05:30,7478.0,7480.7998046875,7473.9501953125,7475.64990234375,,497.0,0.0,0.0,2023-07-13
956,2023-07-13 12:41:00+05:30,7474.60009765625,7476.0,7470.2001953125,7472.0,,642.0,0.0,0.0,2023-07-13
957,2023-07-13 12:42:00+05:30,7473.35009765625,7475.0,7471.7001953125,7472.60009765625,,354.0,0.0,0.0,2023-07-13
958,2023-07-13 12:43:00+05:30,7472.60009765625,7478.35009765625,7472.0,7478.35009765625,,571.0,0.0,0.0,2023-07-13
959,2023-07-13 12:44:00+05:30,7478.39990234375,7479.0,7475.0498046875,7476.5498046875,,357.0,0.0,0.0,2023-07-13
960,2023-07-13 12:45:00+05:30,7475.60009765625,7479.0,7475.35009765625,7478.0,,445.0,0.0,0.0,2023-07-13
961,2023-07-13 12:46:00+05:30,7478.0,7480.60009765625,7477.0,7477.0,,783.0,0.0,0.0,2023-07-13
962,2023-07-13 12:47:00+05:30,7477.0,7478.4501953125,7475.0498046875,7478.4501953125,,410.0,0.0,0.0,2023-07-13
963,2023-07-13 12:48:00+05:30,7478.4501953125,7480.0,7475.7001953125,7478.25,,513.0,0.0,0.0,2023-07-13
964,2023-07-13 12:49:00+05:30,7478.25,7479.9501953125,7476.0,7478.25,,454.0,0.0,0.0,2023-07-13
965,2023-07-13 12:50:00+05:30,7478.25,7478.25,7476.0,7477.5,,542.0,0.0,0.0,2023-07-13
966,2023-07-13 12:51:00+05:30,7477.5,7478.0,7476.0,7478.0,,607.0,0.0,0.0,2023-07-13
967,2023-07-13 12:52:00+05:30,7478.0,7479.9501953125,7477.0,7478.0,,371.0,0.0,0.0,2023-07-13
968,2023-07-13 12:53:00+05:30,7480.0,7480.0,7474.0,7477.39990234375,,531.0,0.0,0.0,2023-07-13
969,2023-07-13 12:54:00+05:30,7479.10009765625,7480.64990234375,7476.75,7477.5498046875,,182.0,0.0,0.0,2023-07-13
970,2023-07-13 12:55:00+05:30,7477.5498046875,7482.0,7475.0,7476.7001953125,,1234.0,0.0,0.0,2023-07-13
971,2023-07-13 12:56:00+05:30,7478.35009765625,7479.5,7475.0,7475.5498046875,,531.0,0.0,0.0,2023-07-13
972,2023-07-13 12:57:00+05:30,7477.14990234375,7479.7001953125,7475.14990234375,7479.7001953125,,240.0,0.0,0.0,2023-07-13
973,2023-07-13 12:58:00+05:30,7479.64990234375,7481.0,7476.2001953125,7480.5,,529.0,0.0,0.0,2023-07-13
974,2023-07-13 12:59:00+05:30,7480.5,7480.5,7475.0,7478.5498046875,,781.0,0.0,0.0,2023-07-13
975,2023-07-13 13:00:00+05:30,7478.64990234375,7480.9501953125,7477.7001953125,7480.5,,377.0,0.0,0.0,2023-07-13
976,2023-07-13 13:01:00+05:30,7480.4501953125,7483.75,7475.7001953125,7481.4501953125,,722.0,0.0,0.0,2023-07-13
977,2023-07-13 13:02:00+05:30,7483.7001953125,7487.9501953125,7481.7001953125,7487.9501953125,,1240.0,0.0,0.0,2023-07-13
978,2023-07-13 13:03:00+05:30,7488.0,7490.0,7485.0,7485.0,,1141.0,0.0,0.0,2023-07-13
979,2023-07-13 13:04:00+05:30,7486.0,7487.5498046875,7482.2998046875,7485.0,,1043.0,0.0,0.0,2023-07-13
980,2023-07-13 13:05:00+05:30,7482.39990234375,7485.0498046875,7480.64990234375,7482.0,,1478.0,0.0,0.0,2023-07-13
981,2023-07-13 13:06:00+05:30,7481.14990234375,7484.89990234375,7481.14990234375,7482.64990234375,,470.0,0.0,0.0,2023-07-13
982,2023-07-13 13:07:00+05:30,7481.2998046875,7484.0,7481.2998046875,7484.0,,274.0,0.0,0.0,2023-07-13
983,2023-07-13 13:08:00+05:30,7484.0,7484.0,7480.0,7481.2001953125,,185.0,0.0,0.0,2023-07-13
984,2023-07-13 13:09:00+05:30,7478.7001953125,7481.39990234375,7475.0,7481.39990234375,,397.0,0.0,0.0,2023-07-13
985,2023-07-13 13:10:00+05:30,7481.9501953125,7481.9501953125,7477.25,7479.89990234375,,299.0,0.0,0.0,2023-07-13
986,2023-07-13 13:11:00+05:30,7479.89990234375,7484.0,7475.9501953125,7484.0,,838.0,0.0,0.0,2023-07-13
987,2023-07-13 13:12:00+05:30,7484.0,7486.0,7482.2998046875,7483.25,,695.0,0.0,0.0,2023-07-13
988,2023-07-13 13:13:00+05:30,7486.0,7486.0,7483.0498046875,7486.0,,300.0,0.0,0.0,2023-07-13
989,2023-07-13 13:14:00+05:30,7485.9501953125,7486.0,7485.0,7486.0,,862.0,0.0,0.0,2023-07-13
990,2023-07-13 13:15:00+05:30,7486.0,7488.85009765625,7485.0,7488.85009765625,,464.0,0.0,0.0,2023-07-13
991,2023-07-13 13:16:00+05:30,7485.2001953125,7491.0,7484.9501953125,7491.0,,1252.0,0.0,0.0,2023-07-13
992,2023-07-13 13:17:00+05:30,7491.0,7496.89990234375,7490.39990234375,7494.75,,2735.0,0.0,0.0,2023-07-13
993,2023-07-13 13:18:00+05:30,7492.85009765625,7494.60009765625,7491.2998046875,7494.0,,898.0,0.0,0.0,2023-07-13
994,2023-07-13 13:19:00+05:30,7494.0,7494.0,7492.25,7493.5,,475.0,0.0,0.0,2023-07-13
995,2023-07-13 13:20:00+05:30,7493.5,7494.0,7490.4501953125,7493.0,,959.0,0.0,0.0,2023-07-13
996,2023-07-13 13:21:00+05:30,7493.4501953125,7493.4501953125,7491.0,7491.0,,721.0,0.0,0.0,2023-07-13
997,2023-07-13 13:22:00+05:30,7491.35009765625,7491.60009765625,7491.0,7491.39990234375,,766.0,0.0,0.0,2023-07-13
998,2023-07-13 13:23:00+05:30,7491.2998046875,7492.0,7491.0,7491.5,,628.0,0.0,0.0,2023-07-13
999,2023-07-13 13:24:00+05:30,7491.5,7492.0,7484.0498046875,7484.0498046875,,2425.0,0.0,0.0,2023-07-13
1000,2023-07-13 13:25:00+05:30,7484.0,7484.0498046875,7477.0498046875,7478.5498046875,,1672.0,0.0,0.0,2023-07-13
1001,2023-07-13 13:26:00+05:30,7479.9501953125,7481.2001953125,7478.35009765625,7478.7001953125,,449.0,0.0,0.0,2023-07-13
1002,2023-07-13 13:27:00+05:30,7480.9501953125,7481.0,7470.10009765625,7471.85009765625,,1240.0,0.0,0.0,2023-07-13
1003,2023-07-13 13:28:00+05:30,7470.7001953125,7474.0,7470.0,7471.10009765625,,706.0,0.0,0.0,2023-07-13
1004,2023-07-13 13:29:00+05:30,7471.14990234375,7476.0,7471.0,7472.7001953125,,497.0,0.0,0.0,2023-07-13
1005,2023-07-13 13:30:00+05:30,7472.7001953125,7475.14990234375,7472.0,7474.85009765625,,426.0,0.0,0.0,2023-07-13
1006,2023-07-13 13:31:00+05:30,7475.64990234375,7475.64990234375,7472.0,7472.5498046875,,426.0,0.0,0.0,2023-07-13
1007,2023-07-13 13:32:00+05:30,7473.89990234375,7474.5498046875,7471.0,7473.64990234375,,385.0,0.0,0.0,2023-07-13
1008,2023-07-13 13:33:00+05:30,7474.0,7474.35009765625,7471.0,7474.0,,361.0,0.0,0.0,2023-07-13
1009,2023-07-13 13:34:00+05:30,7471.9501953125,7480.14990234375,7471.9501953125,7479.89990234375,,647.0,0.0,0.0,2023-07-13
1010,2023-07-13 13:35:00+05:30,7479.85009765625,7481.35009765625,7475.35009765625,7476.0,,328.0,0.0,0.0,2023-07-13
1011,2023-07-13 13:36:00+05:30,7477.5498046875,7480.89990234375,7476.0,7479.9501953125,,553.0,0.0,0.0,2023-07-13
1012,2023-07-13 13:37:00+05:30,7479.9501953125,7481.25,7477.0,7480.2001953125,,325.0,0.0,0.0,2023-07-13
1013,2023-07-13 13:38:00+05:30,7479.0,7481.25,7477.25,7481.25,,319.0,0.0,0.0,2023-07-13
1014,2023-07-13 13:39:00+05:30,7480.14990234375,7484.0498046875,7480.0498046875,7484.0498046875,,392.0,0.0,0.0,2023-07-13
1015,2023-07-13 13:40:00+05:30,7481.0,7484.5498046875,7481.0,7484.0,,354.0,0.0,0.0,2023-07-13
1016,2023-07-13 13:41:00+05:30,7483.2001953125,7483.60009765625,7481.64990234375,7481.64990234375,,669.0,0.0,0.0,2023-07-13
1017,2023-07-13 13:42:00+05:30,7482.9501953125,7484.4501953125,7482.64990234375,7484.4501953125,,280.0,0.0,0.0,2023-07-13
1018,2023-07-13 13:43:00+05:30,7484.4501953125,7484.4501953125,7480.0,7480.0,,647.0,0.0,0.0,2023-07-13
1019,2023-07-13 13:44:00+05:30,7480.5,7480.5,7477.0,7479.7001953125,,1005.0,0.0,0.0,2023-07-13
1020,2023-07-13 13:45:00+05:30,7475.5,7476.2001953125,7473.5498046875,7473.5498046875,,411.0,0.0,0.0,2023-07-13
1021,2023-07-13 13:46:00+05:30,7473.5498046875,7481.7998046875,7472.89990234375,7481.7998046875,,357.0,0.0,0.0,2023-07-13
1022,2023-07-13 13:48:00+05:30,7477.0,7479.7001953125,7474.7001953125,7476.5,,1351.0,0.0,0.0,2023-07-13
1023,2023-07-13 13:49:00+05:30,7476.5,7478.0,7472.0,7476.0,,319.0,0.0,0.0,2023-07-13
1024,2023-07-13 13:50:00+05:30,7476.14990234375,7476.14990234375,7475.10009765625,7475.5498046875,,240.0,0.0,0.0,2023-07-13
1025,2023-07-13 13:51:00+05:30,7475.5498046875,7475.7998046875,7471.0,7471.0,,657.0,0.0,0.0,2023-07-13
1026,2023-07-13 13:52:00+05:30,7471.0,7472.7001953125,7466.0498046875,7470.5,,1152.0,0.0,0.0,2023-07-13
1027,2023-07-13 13:53:00+05:30,7470.0,7472.4501953125,7465.64990234375,7472.4501953125,,1268.0,0.0,0.0,2023-07-13
1028,2023-07-13 13:54:00+05:30,7470.0498046875,7472.60009765625,7470.0,7470.35009765625,,526.0,0.0,0.0,2023-07-13
1029,2023-07-13 13:55:00+05:30,7470.35009765625,7473.0498046875,7470.35009765625,7470.5,,843.0,0.0,0.0,2023-07-13
1030,2023-07-13 13:56:00+05:30,7470.5,7475.0,7470.5,7472.5498046875,,404.0,0.0,0.0,2023-07-13
1031,2023-07-13 13:57:00+05:30,7473.5498046875,7473.5498046875,7460.0,7463.7001953125,,3227.0,0.0,0.0,2023-07-13
1032,2023-07-13 13:58:00+05:30,7465.10009765625,7466.60009765625,7460.5,7461.25,,1499.0,0.0,0.0,2023-07-13
1033,2023-07-13 13:59:00+05:30,7460.60009765625,7462.60009765625,7460.0,7460.64990234375,,631.0,0.0,0.0,2023-07-13
1034,2023-07-13 14:00:00+05:30,7460.9501953125,7460.9501953125,7450.10009765625,7450.75,,4894.0,0.0,0.0,2023-07-13
1035,2023-07-13 14:01:00+05:30,7453.64990234375,7459.89990234375,7451.7998046875,7457.2998046875,,2939.0,0.0,0.0,2023-07-13
1036,2023-07-13 14:02:00+05:30,7457.5,7457.5,7452.0,7456.0,,1953.0,0.0,0.0,2023-07-13
1037,2023-07-13 14:03:00+05:30,7456.0,7458.9501953125,7454.2001953125,7458.0,,816.0,0.0,0.0,2023-07-13
1038,2023-07-13 14:04:00+05:30,7458.0,7461.7998046875,7457.10009765625,7461.75,,1068.0,0.0,0.0,2023-07-13
1039,2023-07-13 14:05:00+05:30,7461.75,7465.0,7455.0,7458.0,,899.0,0.0,0.0,2023-07-13
1040,2023-07-13 14:06:00+05:30,7457.9501953125,7459.7998046875,7451.0498046875,7451.75,,1534.0,0.0,0.0,2023-07-13
1041,2023-07-13 14:07:00+05:30,7451.10009765625,7453.0498046875,7450.0,7451.0,,1638.0,0.0,0.0,2023-07-13
1042,2023-07-13 14:08:00+05:30,7451.0,7451.0,7440.2998046875,7440.5,,6856.0,0.0,0.0,2023-07-13
1043,2023-07-13 14:09:00+05:30,7441.75,7446.10009765625,7441.0,7441.14990234375,,1527.0,0.0,0.0,2023-07-13
1044,2023-07-13 14:10:00+05:30,7441.2001953125,7445.7001953125,7433.2001953125,7437.10009765625,,15393.0,0.0,0.0,2023-07-13
1045,2023-07-13 14:11:00+05:30,7437.4501953125,7445.14990234375,7435.75,7445.14990234375,,4573.0,0.0,0.0,2023-07-13
1046,2023-07-13 14:12:00+05:30,7445.64990234375,7446.0,7431.0,7432.64990234375,,3911.0,0.0,0.0,2023-07-13
1047,2023-07-13 14:13:00+05:30,7432.85009765625,7433.39990234375,7430.0,7431.9501953125,,4138.0,0.0,0.0,2023-07-13
1048,2023-07-13 14:14:00+05:30,7431.0,7436.0,7421.0,7435.7998046875,,10292.0,0.0,0.0,2023-07-13
1049,2023-07-13 14:15:00+05:30,7435.75,7435.75,7427.35009765625,7430.0,,2348.0,0.0,0.0,2023-07-13
1050,2023-07-13 14:16:00+05:30,7430.0,7435.0,7430.0,7435.0,,1185.0,0.0,0.0,2023-07-13
1051,2023-07-13 14:17:00+05:30,7435.0,7436.60009765625,7425.0,7429.5,,2290.0,0.0,0.0,2023-07-13
1052,2023-07-13 14:18:00+05:30,7425.10009765625,7429.10009765625,7416.0498046875,7424.5,,6416.0,0.0,0.0,2023-07-13
1053,2023-07-13 14:19:00+05:30,7425.0,7431.0,7425.0,7430.0,,3029.0,0.0,0.0,2023-07-13
1054,2023-07-13 14:20:00+05:30,7430.2001953125,7443.0,7430.0,7440.7998046875,,1889.0,0.0,0.0,2023-07-13
1055,2023-07-13 14:21:00+05:30,7440.75,7449.0,7435.0498046875,7447.5,,1631.0,0.0,0.0,2023-07-13
1056,2023-07-13 14:22:00+05:30,7448.0498046875,7448.0498046875,7445.0,7445.0,,2198.0,0.0,0.0,2023-07-13
1057,2023-07-13 14:23:00+05:30,7446.35009765625,7446.35009765625,7440.0,7440.35009765625,,1163.0,0.0,0.0,2023-07-13
1058,2023-07-13 14:24:00+05:30,7442.75,7447.7998046875,7435.0,7435.0,,2046.0,0.0,0.0,2023-07-13
1059,2023-07-13 14:25:00+05:30,7437.2001953125,7447.25,7435.0498046875,7447.25,,1136.0,0.0,0.0,2023-07-13
1060,2023-07-13 14:26:00+05:30,7443.60009765625,7447.0,7438.5,7438.5,,1194.0,0.0,0.0,2023-07-13
1061,2023-07-13 14:27:00+05:30,7438.5498046875,7445.0,7438.5498046875,7442.7998046875,,1072.0,0.0,0.0,2023-07-13
1062,2023-07-13 14:28:00+05:30,7445.0,7450.0,7442.89990234375,7448.85009765625,,1688.0,0.0,0.0,2023-07-13
1063,2023-07-13 14:29:00+05:30,7448.5,7450.0,7441.0,7444.60009765625,,1519.0,0.0,0.0,2023-07-13
1064,2023-07-13 14:30:00+05:30,7444.25,7445.0,7441.0,7445.0,,1542.0,0.0,0.0,2023-07-13
1065,2023-07-13 14:31:00+05:30,7445.0,7445.0,7439.5498046875,7439.5498046875,,2018.0,0.0,0.0,2023-07-13
1066,2023-07-13 14:32:00+05:30,7439.10009765625,7445.0,7438.2001953125,7441.5498046875,,2170.0,0.0,0.0,2023-07-13
1067,2023-07-13 14:33:00+05:30,7444.9501953125,7448.7998046875,7441.5498046875,7443.85009765625,,856.0,0.0,0.0,2023-07-13
1068,2023-07-13 14:34:00+05:30,7446.7998046875,7449.0,7442.2001953125,7448.5,,1498.0,0.0,0.0,2023-07-13
1069,2023-07-13 14:35:00+05:30,7448.5,7448.5,7441.5498046875,7443.89990234375,,474.0,0.0,0.0,2023-07-13
1070,2023-07-13 14:36:00+05:30,7444.9501953125,7445.9501953125,7441.5498046875,7441.5498046875,,403.0,0.0,0.0,2023-07-13
1071,2023-07-13 14:37:00+05:30,7441.5498046875,7445.64990234375,7441.5498046875,7442.10009765625,,308.0,0.0,0.0,2023-07-13
1072,2023-07-13 14:38:00+05:30,7442.75,7443.85009765625,7435.10009765625,7440.89990234375,,4038.0,0.0,0.0,2023-07-13
1073,2023-07-13 14:39:00+05:30,7442.4501953125,7447.0,7440.89990234375,7441.0,,610.0,0.0,0.0,2023-07-13
1074,2023-07-13 14:40:00+05:30,7441.0,7444.5498046875,7438.2998046875,7440.0,,1671.0,0.0,0.0,2023-07-13
1075,2023-07-13 14:41:00+05:30,7438.14990234375,7440.0,7437.25,7440.0,,1418.0,0.0,0.0,2023-07-13
1076,2023-07-13 14:42:00+05:30,7441.14990234375,7442.64990234375,7432.0,7432.0,,2345.0,0.0,0.0,2023-07-13
1077,2023-07-13 14:43:00+05:30,7432.0,7436.5498046875,7428.14990234375,7435.60009765625,,1624.0,0.0,0.0,2023-07-13
1078,2023-07-13 14:44:00+05:30,7434.10009765625,7437.7001953125,7432.14990234375,7436.25,,752.0,0.0,0.0,2023-07-13
1079,2023-07-13 14:45:00+05:30,7436.2001953125,7436.2998046875,7432.14990234375,7436.0498046875,,940.0,0.0,0.0,2023-07-13
1080,2023-07-13 14:46:00+05:30,7434.5,7436.4501953125,7432.14990234375,7436.4501953125,,594.0,0.0,0.0,2023-07-13
1081,2023-07-13 14:47:00+05:30,7432.85009765625,7447.0,7432.85009765625,7446.9501953125,,1860.0,0.0,0.0,2023-07-13
1082,2023-07-13 14:48:00+05:30,7446.9501953125,7447.0,7442.10009765625,7442.10009765625,,1165.0,0.0,0.0,2023-07-13
1083,2023-07-13 14:49:00+05:30,7442.0498046875,7446.60009765625,7442.0498046875,7445.2998046875,,624.0,0.0,0.0,2023-07-13
1084,2023-07-13 14:50:00+05:30,7445.7998046875,7447.0,7445.0,7446.0,,485.0,0.0,0.0,2023-07-13
1085,2023-07-13 14:51:00+05:30,7446.0,7447.0,7440.75,7443.89990234375,,617.0,0.0,0.0,2023-07-13
1086,2023-07-13 14:52:00+05:30,7440.7998046875,7444.0,7440.0,7444.0,,767.0,0.0,0.0,2023-07-13
1087,2023-07-13 14:53:00+05:30,7444.0,7446.89990234375,7442.2998046875,7445.4501953125,,1455.0,0.0,0.0,2023-07-13
1088,2023-07-13 14:54:00+05:30,7445.4501953125,7446.7001953125,7440.0,7443.14990234375,,1438.0,0.0,0.0,2023-07-13
1089,2023-07-13 14:55:00+05:30,7443.35009765625,7443.35009765625,7440.0,7442.35009765625,,419.0,0.0,0.0,2023-07-13
1090,2023-07-13 14:56:00+05:30,7442.4501953125,7446.0,7441.10009765625,7442.89990234375,,1164.0,0.0,0.0,2023-07-13
1091,2023-07-13 14:57:00+05:30,7445.0,7446.0,7445.0,7445.0,,659.0,0.0,0.0,2023-07-13
1092,2023-07-13 14:58:00+05:30,7445.5498046875,7448.9501953125,7445.0,7448.9501953125,,591.0,0.0,0.0,2023-07-13
1093,2023-07-13 15:00:00+05:30,7445.10009765625,7448.2001953125,7440.0,7447.4501953125,,5694.0,0.0,0.0,2023-07-13
1094,2023-07-13 15:01:00+05:30,7445.14990234375,7450.0,7445.0,7447.89990234375,,2124.0,0.0,0.0,2023-07-13
1095,2023-07-13 15:02:00+05:30,7447.89990234375,7450.0,7443.2001953125,7449.60009765625,,2739.0,0.0,0.0,2023-07-13
1096,2023-07-13 15:03:00+05:30,7447.4501953125,7449.89990234375,7445.64990234375,7447.2998046875,,1771.0,0.0,0.0,2023-07-13
1097,2023-07-13 15:04:00+05:30,7447.2998046875,7455.0,7446.4501953125,7451.5,,3524.0,0.0,0.0,2023-07-13
1098,2023-07-13 15:05:00+05:30,7454.9501953125,7463.9501953125,7454.9501953125,7460.14990234375,,3894.0,0.0,0.0,2023-07-13
1099,2023-07-13 15:06:00+05:30,7462.0,7465.0,7460.2001953125,7462.14990234375,,2508.0,0.0,0.0,2023-07-13
1100,2023-07-13 15:07:00+05:30,7462.0498046875,7465.7998046875,7461.2998046875,7462.14990234375,,2411.0,0.0,0.0,2023-07-13
1101,2023-07-13 15:08:00+05:30,7462.14990234375,7468.10009765625,7462.14990234375,7465.0,,3340.0,0.0,0.0,2023-07-13
1102,2023-07-13 15:09:00+05:30,7465.0,7470.0,7463.2001953125,7467.7998046875,,4958.0,0.0,0.0,2023-07-13
1103,2023-07-13 15:10:00+05:30,7468.85009765625,7477.0,7468.85009765625,7477.0,,5270.0,0.0,0.0,2023-07-13
1104,2023-07-13 15:11:00+05:30,7478.0,7484.9501953125,7477.35009765625,7479.2001953125,,4787.0,0.0,0.0,2023-07-13
1105,2023-07-13 15:12:00+05:30,7480.0,7480.85009765625,7477.0,7479.85009765625,,2438.0,0.0,0.0,2023-07-13
1106,2023-07-13 15:13:00+05:30,7477.2001953125,7480.0,7475.85009765625,7476.0,,3109.0,0.0,0.0,2023-07-13
1107,2023-07-13 15:14:00+05:30,7476.10009765625,7479.0,7476.0,7477.2998046875,,2318.0,0.0,0.0,2023-07-13
1108,2023-07-13 15:15:00+05:30,7477.2998046875,7487.9501953125,7477.2998046875,7485.35009765625,,4750.0,0.0,0.0,2023-07-13
1109,2023-07-13 15:16:00+05:30,7485.35009765625,7489.5,7485.0,7486.10009765625,,2751.0,0.0,0.0,2023-07-13
1110,2023-07-13 15:17:00+05:30,7489.0498046875,7490.0,7485.64990234375,7486.2998046875,,4142.0,0.0,0.0,2023-07-13
1111,2023-07-13 15:18:00+05:30,7487.25,7487.2998046875,7480.75,7483.7998046875,,5583.0,0.0,0.0,2023-07-13
1112,2023-07-13 15:19:00+05:30,7485.0,7485.0,7478.10009765625,7481.2001953125,,5130.0,0.0,0.0,2023-07-13
1113,2023-07-13 15:20:00+05:30,7481.2001953125,7488.7998046875,7480.60009765625,7480.60009765625,,7696.0,0.0,0.0,2023-07-13
1114,2023-07-13 15:21:00+05:30,7480.7001953125,7485.0,7479.64990234375,7480.60009765625,,4862.0,0.0,0.0,2023-07-13
1115,2023-07-13 15:22:00+05:30,7481.14990234375,7483.89990234375,7479.2998046875,7480.75,,4351.0,0.0,0.0,2023-07-13
1116,2023-07-13 15:23:00+05:30,7479.9501953125,7484.60009765625,7479.9501953125,7480.7001953125,,4774.0,0.0,0.0,2023-07-13
1117,2023-07-13 15:24:00+05:30,7483.4501953125,7484.89990234375,7479.0,7482.0,,3234.0,0.0,0.0,2023-07-13
1118,2023-07-13 15:25:00+05:30,7481.9501953125,7482.0,7479.9501953125,7479.9501953125,,4648.0,0.0,0.0,2023-07-13
1119,2023-07-13 15:26:00+05:30,7480.0,7481.2001953125,7474.5498046875,7475.2001953125,,18975.0,0.0,0.0,2023-07-13
1120,2023-07-13 15:27:00+05:30,7479.60009765625,7480.0,7474.85009765625,7475.0,,6379.0,0.0,0.0,2023-07-13
1121,2023-07-13 15:28:00+05:30,7475.0,7480.0,7474.5498046875,7475.0,,8003.0,0.0,0.0,2023-07-13
1122,2023-07-13 15:29:00+05:30,7474.89990234375,7485.0,7473.0,7474.60009765625,,7749.0,0.0,0.0,2023-07-13
1123,2023-07-14 09:15:00+05:30,7484.9501953125,7498.2001953125,7457.5,7457.5,,0.0,0.0,0.0,2023-07-14
1124,2023-07-14 09:16:00+05:30,7456.39990234375,7487.2001953125,7456.39990234375,7487.2001953125,,4970.0,0.0,0.0,2023-07-14
1125,2023-07-14 09:17:00+05:30,7484.9501953125,7489.7998046875,7475.64990234375,7487.0,,2852.0,0.0,0.0,2023-07-14
1126,2023-07-14 09:18:00+05:30,7485.10009765625,7500.0,7485.0,7496.89990234375,,2403.0,0.0,0.0,2023-07-14
1127,2023-07-14 09:19:00+05:30,7499.75,7506.7998046875,7492.25,7492.25,,5107.0,0.0,0.0,2023-07-14
1128,2023-07-14 09:20:00+05:30,7492.25,7499.0,7488.2001953125,7495.89990234375,,2823.0,0.0,0.0,2023-07-14
1129,2023-07-14 09:21:00+05:30,7502.0498046875,7509.9501953125,7502.0,7506.0,,4231.0,0.0,0.0,2023-07-14
1130,2023-07-14 09:22:00+05:30,7506.0,7516.60009765625,7505.0,7508.64990234375,,8518.0,0.0,0.0,2023-07-14
1131,2023-07-14 09:23:00+05:30,7503.7998046875,7504.39990234375,7499.4501953125,7501.2001953125,,727.0,0.0,0.0,2023-07-14
1132,2023-07-14 09:24:00+05:30,7501.39990234375,7504.0,7496.0,7497.89990234375,,3016.0,0.0,0.0,2023-07-14
1133,2023-07-14 09:25:00+05:30,7496.0,7497.89990234375,7480.7998046875,7484.85009765625,,2553.0,0.0,0.0,2023-07-14
1134,2023-07-14 09:26:00+05:30,7483.4501953125,7484.85009765625,7471.10009765625,7478.35009765625,,3800.0,0.0,0.0,2023-07-14
1135,2023-07-14 09:27:00+05:30,7480.0,7484.85009765625,7474.75,7484.85009765625,,2358.0,0.0,0.0,2023-07-14
1136,2023-07-14 09:28:00+05:30,7484.85009765625,7484.85009765625,7480.0,7484.75,,2081.0,0.0,0.0,2023-07-14
1137,2023-07-14 09:29:00+05:30,7482.0,7490.14990234375,7482.0,7489.7001953125,,1691.0,0.0,0.0,2023-07-14
1138,2023-07-14 09:30:00+05:30,7486.75,7500.0,7486.25,7497.10009765625,,3160.0,0.0,0.0,2023-07-14
1139,2023-07-14 09:31:00+05:30,7499.7001953125,7500.0,7486.4501953125,7488.0,,2489.0,0.0,0.0,2023-07-14
1140,2023-07-14 09:32:00+05:30,7488.64990234375,7492.0,7487.0498046875,7490.5,,563.0,0.0,0.0,2023-07-14
1141,2023-07-14 09:33:00+05:30,7490.5,7496.0,7482.0,7496.0,,2192.0,0.0,0.0,2023-07-14
1142,2023-07-14 09:34:00+05:30,7496.0498046875,7496.0498046875,7487.0498046875,7490.25,,1052.0,0.0,0.0,2023-07-14
1143,2023-07-14 09:35:00+05:30,7487.14990234375,7490.60009765625,7483.14990234375,7483.14990234375,,1112.0,0.0,0.0,2023-07-14
1144,2023-07-14 09:36:00+05:30,7485.25,7488.10009765625,7482.0498046875,7482.0498046875,,1571.0,0.0,0.0,2023-07-14
1145,2023-07-14 09:37:00+05:30,7482.0,7485.75,7475.60009765625,7475.60009765625,,1106.0,0.0,0.0,2023-07-14
1146,2023-07-14 09:38:00+05:30,7475.0,7480.0,7472.0,7478.14990234375,,2200.0,0.0,0.0,2023-07-14
1147,2023-07-14 09:39:00+05:30,7480.0,7485.0,7475.0,7484.9501953125,,1480.0,0.0,0.0,2023-07-14
1148,2023-07-14 09:40:00+05:30,7482.7998046875,7485.0,7478.0498046875,7482.0,,728.0,0.0,0.0,2023-07-14
1149,2023-07-14 09:41:00+05:30,7482.0,7482.0,7473.5,7478.0,,1438.0,0.0,0.0,2023-07-14
1150,2023-07-14 09:42:00+05:30,7478.0,7480.0,7473.10009765625,7475.89990234375,,1199.0,0.0,0.0,2023-07-14
1151,2023-07-14 09:43:00+05:30,7475.9501953125,7476.60009765625,7463.9501953125,7466.25,,3771.0,0.0,0.0,2023-07-14
1152,2023-07-14 09:44:00+05:30,7464.25,7473.39990234375,7462.7001953125,7467.4501953125,,3083.0,0.0,0.0,2023-07-14
1153,2023-07-14 09:45:00+05:30,7467.4501953125,7475.0,7467.39990234375,7468.89990234375,,1332.0,0.0,0.0,2023-07-14
1154,2023-07-14 09:46:00+05:30,7468.7001953125,7474.5498046875,7467.0498046875,7470.0498046875,,779.0,0.0,0.0,2023-07-14
1155,2023-07-14 09:47:00+05:30,7470.0498046875,7472.0,7468.0498046875,7468.4501953125,,680.0,0.0,0.0,2023-07-14
1156,2023-07-14 09:48:00+05:30,7468.35009765625,7469.7001953125,7461.39990234375,7465.9501953125,,2498.0,0.0,0.0,2023-07-14
1157,2023-07-14 09:49:00+05:30,7465.85009765625,7466.0,7462.7001953125,7465.7001953125,,1260.0,0.0,0.0,2023-07-14
1158,2023-07-14 09:50:00+05:30,7465.0,7466.89990234375,7463.0,7465.5498046875,,709.0,0.0,0.0,2023-07-14
1159,2023-07-14 09:51:00+05:30,7466.0,7471.0498046875,7464.5,7465.0,,1480.0,0.0,0.0,2023-07-14
1160,2023-07-14 09:52:00+05:30,7465.0,7467.2998046875,7463.14990234375,7464.0498046875,,1134.0,0.0,0.0,2023-07-14
1161,2023-07-14 09:53:00+05:30,7466.75,7467.64990234375,7463.2998046875,7465.0,,787.0,0.0,0.0,2023-07-14
1162,2023-07-14 09:54:00+05:30,7469.0,7472.0,7467.75,7467.75,,1182.0,0.0,0.0,2023-07-14
1163,2023-07-14 09:55:00+05:30,7466.85009765625,7468.7001953125,7455.0,7455.0,,4122.0,0.0,0.0,2023-07-14
1164,2023-07-14 09:56:00+05:30,7458.0498046875,7458.14990234375,7450.2998046875,7456.0,,3160.0,0.0,0.0,2023-07-14
1165,2023-07-14 09:57:00+05:30,7455.89990234375,7455.89990234375,7449.64990234375,7453.0,,3484.0,0.0,0.0,2023-07-14
1166,2023-07-14 09:58:00+05:30,7453.0,7453.0,7443.5498046875,7446.10009765625,,3199.0,0.0,0.0,2023-07-14
1167,2023-07-14 09:59:00+05:30,7446.10009765625,7451.2001953125,7445.0,7447.2001953125,,1987.0,0.0,0.0,2023-07-14
1168,2023-07-14 10:00:00+05:30,7445.0,7450.0,7439.85009765625,7445.0,,4148.0,0.0,0.0,2023-07-14
1169,2023-07-14 10:01:00+05:30,7445.0,7449.89990234375,7445.0,7445.7001953125,,2337.0,0.0,0.0,2023-07-14
1170,2023-07-14 10:02:00+05:30,7445.7001953125,7448.2001953125,7440.35009765625,7441.2001953125,,2000.0,0.0,0.0,2023-07-14
1171,2023-07-14 10:03:00+05:30,7443.2001953125,7443.2001953125,7438.7998046875,7439.10009765625,,1635.0,0.0,0.0,2023-07-14
1172,2023-07-14 10:04:00+05:30,7442.39990234375,7442.39990234375,7436.10009765625,7436.10009765625,,2599.0,0.0,0.0,2023-07-14
1173,2023-07-14 10:05:00+05:30,7439.9501953125,7440.0,7436.0,7438.0498046875,,900.0,0.0,0.0,2023-07-14
1174,2023-07-14 10:06:00+05:30,7438.0,7440.0,7436.5,7438.0,,956.0,0.0,0.0,2023-07-14
1175,2023-07-14 10:07:00+05:30,7438.0,7441.85009765625,7432.60009765625,7440.5498046875,,3220.0,0.0,0.0,2023-07-14
1176,2023-07-14 10:08:00+05:30,7440.4501953125,7442.0,7435.75,7440.2998046875,,1754.0,0.0,0.0,2023-07-14
1177,2023-07-14 10:09:00+05:30,7440.2998046875,7442.85009765625,7435.0,7435.0,,1266.0,0.0,0.0,2023-07-14
1178,2023-07-14 10:10:00+05:30,7435.0498046875,7437.0,7432.64990234375,7433.39990234375,,1521.0,0.0,0.0,2023-07-14
1179,2023-07-14 10:11:00+05:30,7433.14990234375,7447.0,7433.14990234375,7447.0,,1422.0,0.0,0.0,2023-07-14
1180,2023-07-14 10:12:00+05:30,7445.5,7453.14990234375,7445.5,7450.10009765625,,3116.0,0.0,0.0,2023-07-14
1181,2023-07-14 10:13:00+05:30,7454.10009765625,7454.10009765625,7440.0,7440.4501953125,,1605.0,0.0,0.0,2023-07-14
1182,2023-07-14 10:14:00+05:30,7440.25,7444.35009765625,7439.75,7441.0,,826.0,0.0,0.0,2023-07-14
1183,2023-07-14 10:15:00+05:30,7441.0,7444.25,7432.64990234375,7436.10009765625,,1771.0,0.0,0.0,2023-07-14
1184,2023-07-14 10:16:00+05:30,7435.2998046875,7437.4501953125,7432.64990234375,7434.0,,1212.0,0.0,0.0,2023-07-14
1185,2023-07-14 10:17:00+05:30,7434.0,7438.0,7428.0,7433.2001953125,,3927.0,0.0,0.0,2023-07-14
1186,2023-07-14 10:18:00+05:30,7432.0498046875,7433.2001953125,7428.64990234375,7428.7001953125,,742.0,0.0,0.0,2023-07-14
1187,2023-07-14 10:19:00+05:30,7429.0,7429.2001953125,7422.25,7428.14990234375,,2687.0,0.0,0.0,2023-07-14
1188,2023-07-14 10:20:00+05:30,7425.39990234375,7433.0,7425.0,7427.85009765625,,1633.0,0.0,0.0,2023-07-14
1189,2023-07-14 10:21:00+05:30,7427.85009765625,7432.7001953125,7425.0,7426.0,,1111.0,0.0,0.0,2023-07-14
1190,2023-07-14 10:22:00+05:30,7425.2001953125,7427.0,7425.2001953125,7426.2001953125,,778.0,0.0,0.0,2023-07-14
1191,2023-07-14 10:23:00+05:30,7425.2998046875,7429.9501953125,7423.0,7423.0,,2644.0,0.0,0.0,2023-07-14
1192,2023-07-14 10:24:00+05:30,7422.2998046875,7426.0,7421.5,7423.14990234375,,1325.0,0.0,0.0,2023-07-14
1193,2023-07-14 10:25:00+05:30,7422.0,7424.0,7422.0,7422.0498046875,,617.0,0.0,0.0,2023-07-14
1194,2023-07-14 10:26:00+05:30,7422.0498046875,7423.2001953125,7421.9501953125,7422.0,,813.0,0.0,0.0,2023-07-14
1195,2023-07-14 10:27:00+05:30,7422.0,7430.0,7422.0,7430.0,,883.0,0.0,0.0,2023-07-14
1196,2023-07-14 10:28:00+05:30,7430.0,7431.7001953125,7428.0,7430.0,,682.0,0.0,0.0,2023-07-14
1197,2023-07-14 10:29:00+05:30,7429.0,7435.10009765625,7428.85009765625,7432.0,,1372.0,0.0,0.0,2023-07-14
1198,2023-07-14 10:30:00+05:30,7432.0,7438.89990234375,7432.0,7437.0,,927.0,0.0,0.0,2023-07-14
1199,2023-07-14 10:31:00+05:30,7437.0,7437.10009765625,7431.10009765625,7431.10009765625,,1058.0,0.0,0.0,2023-07-14
1200,2023-07-14 10:32:00+05:30,7431.10009765625,7434.10009765625,7430.0,7430.39990234375,,1117.0,0.0,0.0,2023-07-14
1201,2023-07-14 10:33:00+05:30,7434.0,7434.85009765625,7431.0,7434.85009765625,,605.0,0.0,0.0,2023-07-14
1202,2023-07-14 10:34:00+05:30,7432.14990234375,7434.85009765625,7426.7998046875,7430.0498046875,,1867.0,0.0,0.0,2023-07-14
1203,2023-07-14 10:35:00+05:30,7430.0,7430.0,7426.5498046875,7426.5498046875,,898.0,0.0,0.0,2023-07-14
1204,2023-07-14 10:36:00+05:30,7426.5498046875,7430.0,7426.14990234375,7427.5498046875,,1486.0,0.0,0.0,2023-07-14
1205,2023-07-14 10:37:00+05:30,7426.39990234375,7429.7998046875,7426.2998046875,7426.5,,591.0,0.0,0.0,2023-07-14
1206,2023-07-14 10:38:00+05:30,7426.5,7428.39990234375,7426.25,7427.0,,568.0,0.0,0.0,2023-07-14
1207,2023-07-14 10:39:00+05:30,7426.35009765625,7432.7001953125,7426.35009765625,7430.35009765625,,1177.0,0.0,0.0,2023-07-14
1208,2023-07-14 10:40:00+05:30,7430.2998046875,7431.9501953125,7427.64990234375,7429.10009765625,,402.0,0.0,0.0,2023-07-14
1209,2023-07-14 10:41:00+05:30,7427.85009765625,7429.25,7425.5498046875,7425.5498046875,,792.0,0.0,0.0,2023-07-14
1210,2023-07-14 10:42:00+05:30,7425.85009765625,7429.0498046875,7425.10009765625,7426.0,,1113.0,0.0,0.0,2023-07-14
1211,2023-07-14 10:43:00+05:30,7426.0,7427.9501953125,7423.0,7423.0,,1585.0,0.0,0.0,2023-07-14
1212,2023-07-14 10:44:00+05:30,7423.0,7424.85009765625,7420.5,7423.35009765625,,897.0,0.0,0.0,2023-07-14
1213,2023-07-14 10:45:00+05:30,7422.25,7423.7998046875,7413.0,7413.0,,4456.0,0.0,0.0,2023-07-14
1214,2023-07-14 10:46:00+05:30,7413.2001953125,7413.2001953125,7405.60009765625,7410.5,,4506.0,0.0,0.0,2023-07-14
1215,2023-07-14 10:47:00+05:30,7409.60009765625,7411.85009765625,7405.0,7406.39990234375,,3111.0,0.0,0.0,2023-07-14
1216,2023-07-14 10:48:00+05:30,7406.39990234375,7406.4501953125,7401.10009765625,7401.10009765625,,3645.0,0.0,0.0,2023-07-14
1217,2023-07-14 10:49:00+05:30,7401.10009765625,7410.7001953125,7401.0,7404.89990234375,,2452.0,0.0,0.0,2023-07-14
1218,2023-07-14 10:50:00+05:30,7404.35009765625,7406.75,7401.0,7401.0498046875,,1620.0,0.0,0.0,2023-07-14
1219,2023-07-14 10:51:00+05:30,7401.2001953125,7404.85009765625,7399.89990234375,7404.0,,5396.0,0.0,0.0,2023-07-14
1220,2023-07-14 10:52:00+05:30,7403.9501953125,7403.9501953125,7401.60009765625,7401.64990234375,,842.0,0.0,0.0,2023-07-14
1221,2023-07-14 10:53:00+05:30,7401.7998046875,7408.0,7401.60009765625,7408.0,,1029.0,0.0,0.0,2023-07-14
1222,2023-07-14 10:54:00+05:30,7408.0,7409.9501953125,7405.0,7408.14990234375,,998.0,0.0,0.0,2023-07-14
1223,2023-07-14 10:55:00+05:30,7408.7001953125,7420.89990234375,7408.7001953125,7420.89990234375,,3691.0,0.0,0.0,2023-07-14
1224,2023-07-14 10:56:00+05:30,7418.0,7421.0,7416.14990234375,7420.60009765625,,1953.0,0.0,0.0,2023-07-14
1225,2023-07-14 10:57:00+05:30,7418.2998046875,7420.7001953125,7416.0,7416.0,,1173.0,0.0,0.0,2023-07-14
1226,2023-07-14 10:58:00+05:30,7416.0,7417.0498046875,7413.85009765625,7414.9501953125,,908.0,0.0,0.0,2023-07-14
1227,2023-07-14 10:59:00+05:30,7413.75,7414.7998046875,7410.14990234375,7411.7001953125,,1804.0,0.0,0.0,2023-07-14
1228,2023-07-14 11:00:00+05:30,7411.7001953125,7417.60009765625,7408.35009765625,7412.64990234375,,1752.0,0.0,0.0,2023-07-14
1229,2023-07-14 11:01:00+05:30,7412.7998046875,7418.0,7412.0498046875,7415.7998046875,,704.0,0.0,0.0,2023-07-14
1230,2023-07-14 11:02:00+05:30,7416.35009765625,7418.0,7416.35009765625,7417.10009765625,,578.0,0.0,0.0,2023-07-14
1231,2023-07-14 11:03:00+05:30,7417.2001953125,7424.25,7417.0498046875,7420.0,,1246.0,0.0,0.0,2023-07-14
1232,2023-07-14 11:04:00+05:30,7421.0,7424.85009765625,7420.0498046875,7424.4501953125,,1258.0,0.0,0.0,2023-07-14
1233,2023-07-14 11:05:00+05:30,7424.39990234375,7427.0,7422.89990234375,7422.89990234375,,1579.0,0.0,0.0,2023-07-14
1234,2023-07-14 11:06:00+05:30,7422.89990234375,7424.35009765625,7420.0,7423.75,,793.0,0.0,0.0,2023-07-14
1235,2023-07-14 11:07:00+05:30,7422.85009765625,7429.0,7422.2998046875,7429.0,,1192.0,0.0,0.0,2023-07-14
1236,2023-07-14 11:08:00+05:30,7429.0,7434.9501953125,7429.0,7434.9501953125,,5589.0,0.0,0.0,2023-07-14
1237,2023-07-14 11:09:00+05:30,7435.0,7435.0,7433.10009765625,7434.85009765625,,1556.0,0.0,0.0,2023-07-14
1238,2023-07-14 11:10:00+05:30,7434.85009765625,7440.0,7433.89990234375,7438.75,,3759.0,0.0,0.0,2023-07-14
1239,2023-07-14 11:11:00+05:30,7436.0,7438.64990234375,7432.5,7432.5,,956.0,0.0,0.0,2023-07-14
1240,2023-07-14 11:12:00+05:30,7432.5,7434.39990234375,7430.10009765625,7431.14990234375,,1051.0,0.0,0.0,2023-07-14
1241,2023-07-14 11:13:00+05:30,7433.0,7434.60009765625,7430.9501953125,7433.64990234375,,568.0,0.0,0.0,2023-07-14
1242,2023-07-14 11:14:00+05:30,7430.9501953125,7437.10009765625,7430.5498046875,7435.60009765625,,1295.0,0.0,0.0,2023-07-14
1243,2023-07-14 11:15:00+05:30,7435.60009765625,7442.0,7435.60009765625,7440.39990234375,,2682.0,0.0,0.0,2023-07-14
1244,2023-07-14 11:16:00+05:30,7438.0498046875,7440.39990234375,7437.89990234375,7440.0498046875,,680.0,0.0,0.0,2023-07-14
1245,2023-07-14 11:17:00+05:30,7440.0,7447.25,7440.0,7441.9501953125,,1882.0,0.0,0.0,2023-07-14
1246,2023-07-14 11:18:00+05:30,7440.64990234375,7444.9501953125,7440.0,7444.85009765625,,1188.0,0.0,0.0,2023-07-14
1247,2023-07-14 11:19:00+05:30,7443.0,7446.14990234375,7443.0,7446.0498046875,,1210.0,0.0,0.0,2023-07-14
1248,2023-07-14 11:20:00+05:30,7446.0498046875,7446.0498046875,7442.0,7442.0,,1620.0,0.0,0.0,2023-07-14
1249,2023-07-14 11:21:00+05:30,7442.0,7442.39990234375,7436.4501953125,7437.14990234375,,894.0,0.0,0.0,2023-07-14
1250,2023-07-14 11:22:00+05:30,7436.5498046875,7439.2001953125,7436.39990234375,7439.0,,796.0,0.0,0.0,2023-07-14
1251,2023-07-14 11:23:00+05:30,7438.0498046875,7444.10009765625,7438.0498046875,7444.10009765625,,1515.0,0.0,0.0,2023-07-14
1252,2023-07-14 11:24:00+05:30,7444.10009765625,7448.7998046875,7443.60009765625,7448.7998046875,,2739.0,0.0,0.0,2023-07-14
1253,2023-07-14 11:25:00+05:30,7448.7998046875,7459.35009765625,7448.0,7455.10009765625,,4408.0,0.0,0.0,2023-07-14
1254,2023-07-14 11:26:00+05:30,7458.2001953125,7458.2001953125,7451.9501953125,7451.9501953125,,1542.0,0.0,0.0,2023-07-14
1255,2023-07-14 11:27:00+05:30,7453.14990234375,7453.14990234375,7440.0,7440.0,,2773.0,0.0,0.0,2023-07-14
1256,2023-07-14 11:28:00+05:30,7440.0,7451.0,7440.0,7447.7001953125,,819.0,0.0,0.0,2023-07-14
1257,2023-07-14 11:29:00+05:30,7446.0,7447.0,7440.0,7445.25,,1104.0,0.0,0.0,2023-07-14
1258,2023-07-14 11:30:00+05:30,7445.39990234375,7451.60009765625,7445.39990234375,7447.0,,1276.0,0.0,0.0,2023-07-14
1259,2023-07-14 11:31:00+05:30,7448.0,7448.0,7445.9501953125,7447.9501953125,,791.0,0.0,0.0,2023-07-14
1260,2023-07-14 11:32:00+05:30,7448.0,7449.0,7444.14990234375,7447.89990234375,,1178.0,0.0,0.0,2023-07-14
1261,2023-07-14 11:33:00+05:30,7446.0498046875,7447.14990234375,7444.0,7444.0,,569.0,0.0,0.0,2023-07-14
1262,2023-07-14 11:34:00+05:30,7444.0,7445.0,7441.0498046875,7441.64990234375,,852.0,0.0,0.0,2023-07-14
1263,2023-07-14 11:35:00+05:30,7441.64990234375,7444.0,7441.14990234375,7441.5498046875,,539.0,0.0,0.0,2023-07-14
1264,2023-07-14 11:36:00+05:30,7444.0,7444.0,7441.14990234375,7441.25,,357.0,0.0,0.0,2023-07-14
1265,2023-07-14 11:37:00+05:30,7441.2001953125,7441.25,7439.0,7439.0,,865.0,0.0,0.0,2023-07-14
1266,2023-07-14 11:38:00+05:30,7439.0,7439.0,7433.4501953125,7435.60009765625,,1619.0,0.0,0.0,2023-07-14
1267,2023-07-14 11:39:00+05:30,7435.2998046875,7438.0,7431.89990234375,7438.0,,1110.0,0.0,0.0,2023-07-14
1268,2023-07-14 11:40:00+05:30,7437.9501953125,7437.9501953125,7431.10009765625,7432.10009765625,,1709.0,0.0,0.0,2023-07-14
1269,2023-07-14 11:41:00+05:30,7431.5,7434.89990234375,7429.5,7433.75,,1872.0,0.0,0.0,2023-07-14
1270,2023-07-14 11:42:00+05:30,7432.5498046875,7438.0,7432.25,7434.25,,736.0,0.0,0.0,2023-07-14
1271,2023-07-14 11:43:00+05:30,7434.39990234375,7434.39990234375,7429.0,7429.0,,849.0,0.0,0.0,2023-07-14
1272,2023-07-14 11:44:00+05:30,7429.0,7435.0,7427.89990234375,7434.0498046875,,1199.0,0.0,0.0,2023-07-14
1273,2023-07-14 11:45:00+05:30,7435.0,7435.0,7432.0,7432.0,,554.0,0.0,0.0,2023-07-14
1274,2023-07-14 11:46:00+05:30,7431.89990234375,7432.0,7421.85009765625,7426.2001953125,,1888.0,0.0,0.0,2023-07-14
1275,2023-07-14 11:47:00+05:30,7426.2001953125,7428.60009765625,7425.0498046875,7427.10009765625,,785.0,0.0,0.0,2023-07-14
1276,2023-07-14 11:48:00+05:30,7427.10009765625,7430.0,7427.0,7429.14990234375,,562.0,0.0,0.0,2023-07-14
1277,2023-07-14 11:49:00+05:30,7429.2001953125,7430.0,7427.5498046875,7430.0,,1123.0,0.0,0.0,2023-07-14
1278,2023-07-14 11:50:00+05:30,7430.0,7438.5,7428.7998046875,7435.5,,2158.0,0.0,0.0,2023-07-14
1279,2023-07-14 11:51:00+05:30,7435.5498046875,7441.39990234375,7435.5498046875,7440.85009765625,,1707.0,0.0,0.0,2023-07-14
1280,2023-07-14 11:52:00+05:30,7441.0,7444.25,7441.0,7444.0,,704.0,0.0,0.0,2023-07-14
1281,2023-07-14 11:53:00+05:30,7444.25,7444.25,7442.5,7443.2998046875,,962.0,0.0,0.0,2023-07-14
1282,2023-07-14 11:54:00+05:30,7443.25,7443.4501953125,7443.0,7443.0498046875,,1435.0,0.0,0.0,2023-07-14
1283,2023-07-14 11:55:00+05:30,7448.4501953125,7455.0,7448.0,7455.0,,3882.0,0.0,0.0,2023-07-14
1284,2023-07-14 11:56:00+05:30,7452.25,7458.35009765625,7452.2001953125,7458.35009765625,,4743.0,0.0,0.0,2023-07-14
1285,2023-07-14 11:57:00+05:30,7458.0,7458.25,7443.64990234375,7450.25,,1612.0,0.0,0.0,2023-07-14
1286,2023-07-14 11:58:00+05:30,7447.0498046875,7454.0,7447.0498046875,7454.0,,986.0,0.0,0.0,2023-07-14
1287,2023-07-14 11:59:00+05:30,7452.25,7455.9501953125,7449.9501953125,7449.9501953125,,1569.0,0.0,0.0,2023-07-14
1288,2023-07-14 12:00:00+05:30,7449.9501953125,7454.0,7447.7998046875,7451.75,,1302.0,0.0,0.0,2023-07-14
1289,2023-07-14 12:01:00+05:30,7451.75,7454.0,7450.0,7450.0,,842.0,0.0,0.0,2023-07-14
1290,2023-07-14 12:02:00+05:30,7450.0498046875,7454.0,7450.0498046875,7451.14990234375,,807.0,0.0,0.0,2023-07-14
1291,2023-07-14 12:03:00+05:30,7451.14990234375,7454.89990234375,7451.14990234375,7452.25,,991.0,0.0,0.0,2023-07-14
1292,2023-07-14 12:04:00+05:30,7454.89990234375,7455.0,7451.89990234375,7453.14990234375,,930.0,0.0,0.0,2023-07-14
1293,2023-07-14 12:05:00+05:30,7453.10009765625,7455.0,7451.60009765625,7454.25,,1157.0,0.0,0.0,2023-07-14
1294,2023-07-14 12:06:00+05:30,7454.25,7455.0,7453.75,7453.75,,1076.0,0.0,0.0,2023-07-14
1295,2023-07-14 12:07:00+05:30,7455.0,7455.0,7452.14990234375,7453.7001953125,,882.0,0.0,0.0,2023-07-14
1296,2023-07-14 12:08:00+05:30,7453.64990234375,7453.7001953125,7451.35009765625,7451.5,,780.0,0.0,0.0,2023-07-14
1297,2023-07-14 12:09:00+05:30,7451.60009765625,7453.64990234375,7451.10009765625,7451.35009765625,,743.0,0.0,0.0,2023-07-14
1298,2023-07-14 12:10:00+05:30,7451.10009765625,7453.0,7444.5,7448.2001953125,,1186.0,0.0,0.0,2023-07-14
1299,2023-07-14 12:11:00+05:30,7447.75,7456.60009765625,7447.10009765625,7453.7998046875,,1418.0,0.0,0.0,2023-07-14
1300,2023-07-14 12:12:00+05:30,7454.4501953125,7460.0,7452.35009765625,7459.9501953125,,1559.0,0.0,0.0,2023-07-14
1301,2023-07-14 12:13:00+05:30,7459.9501953125,7460.0,7455.7001953125,7455.9501953125,,1411.0,0.0,0.0,2023-07-14
1302,2023-07-14 12:14:00+05:30,7455.9501953125,7458.7001953125,7455.75,7455.75,,991.0,0.0,0.0,2023-07-14
1303,2023-07-14 12:15:00+05:30,7455.75,7456.9501953125,7455.75,7456.60009765625,,739.0,0.0,0.0,2023-07-14
1304,2023-07-14 12:16:00+05:30,7456.60009765625,7458.0,7455.75,7455.9501953125,,998.0,0.0,0.0,2023-07-14
1305,2023-07-14 12:17:00+05:30,7455.9501953125,7463.0,7455.64990234375,7462.5498046875,,4066.0,0.0,0.0,2023-07-14
1306,2023-07-14 12:18:00+05:30,7462.5498046875,7464.9501953125,7458.7998046875,7458.7998046875,,1686.0,0.0,0.0,2023-07-14
1307,2023-07-14 12:19:00+05:30,7458.7998046875,7462.0,7458.7998046875,7458.9501953125,,1365.0,0.0,0.0,2023-07-14
1308,2023-07-14 12:20:00+05:30,7458.9501953125,7459.9501953125,7454.89990234375,7458.0,,2320.0,0.0,0.0,2023-07-14
1309,2023-07-14 12:21:00+05:30,7458.89990234375,7458.89990234375,7456.0,7456.14990234375,,814.0,0.0,0.0,2023-07-14
1310,2023-07-14 12:22:00+05:30,7456.0498046875,7456.14990234375,7448.9501953125,7448.9501953125,,10425.0,0.0,0.0,2023-07-14
1311,2023-07-14 12:23:00+05:30,7447.7998046875,7448.75,7439.60009765625,7442.0498046875,,3636.0,0.0,0.0,2023-07-14
1312,2023-07-14 12:24:00+05:30,7441.85009765625,7448.85009765625,7440.7998046875,7445.4501953125,,1265.0,0.0,0.0,2023-07-14
1313,2023-07-14 12:25:00+05:30,7445.35009765625,7447.7001953125,7445.35009765625,7446.4501953125,,803.0,0.0,0.0,2023-07-14
1314,2023-07-14 12:26:00+05:30,7446.4501953125,7447.5498046875,7441.14990234375,7442.35009765625,,1134.0,0.0,0.0,2023-07-14
1315,2023-07-14 12:27:00+05:30,7442.35009765625,7442.35009765625,7435.0498046875,7438.4501953125,,3886.0,0.0,0.0,2023-07-14
1316,2023-07-14 12:28:00+05:30,7437.2001953125,7438.4501953125,7432.60009765625,7433.10009765625,,3576.0,0.0,0.0,2023-07-14
1317,2023-07-14 12:29:00+05:30,7434.9501953125,7435.0,7431.4501953125,7433.10009765625,,1568.0,0.0,0.0,2023-07-14
1318,2023-07-14 12:30:00+05:30,7433.0498046875,7436.7001953125,7433.0498046875,7435.0,,1841.0,0.0,0.0,2023-07-14
1319,2023-07-14 12:31:00+05:30,7435.0498046875,7441.64990234375,7435.0498046875,7439.5,,1180.0,0.0,0.0,2023-07-14
1320,2023-07-14 12:32:00+05:30,7438.2998046875,7439.7001953125,7435.10009765625,7439.0,,1008.0,0.0,0.0,2023-07-14
1321,2023-07-14 12:33:00+05:30,7439.0,7440.4501953125,7435.0498046875,7435.85009765625,,713.0,0.0,0.0,2023-07-14
1322,2023-07-14 12:34:00+05:30,7435.0498046875,7435.2001953125,7433.0,7433.5498046875,,1237.0,0.0,0.0,2023-07-14
1323,2023-07-14 12:35:00+05:30,7433.0,7439.35009765625,7432.0498046875,7438.5498046875,,1226.0,0.0,0.0,2023-07-14
1324,2023-07-14 12:36:00+05:30,7438.5498046875,7440.0498046875,7438.5,7438.5498046875,,1076.0,0.0,0.0,2023-07-14
1325,2023-07-14 12:37:00+05:30,7438.5,7447.4501953125,7432.75,7440.10009765625,,5754.0,0.0,0.0,2023-07-14
1326,2023-07-14 12:38:00+05:30,7439.9501953125,7441.7998046875,7436.2998046875,7438.7001953125,,1234.0,0.0,0.0,2023-07-14
1327,2023-07-14 12:39:00+05:30,7438.14990234375,7445.0,7437.7001953125,7443.0498046875,,1110.0,0.0,0.0,2023-07-14
1328,2023-07-14 12:40:00+05:30,7443.0,7445.0,7440.7001953125,7444.89990234375,,1307.0,0.0,0.0,2023-07-14
1329,2023-07-14 12:41:00+05:30,7444.89990234375,7445.0498046875,7442.0,7444.64990234375,,1305.0,0.0,0.0,2023-07-14
1330,2023-07-14 12:42:00+05:30,7443.60009765625,7445.0498046875,7441.2001953125,7442.5498046875,,734.0,0.0,0.0,2023-07-14
1331,2023-07-14 12:43:00+05:30,7441.0498046875,7444.85009765625,7440.9501953125,7441.7998046875,,977.0,0.0,0.0,2023-07-14
1332,2023-07-14 12:44:00+05:30,7441.85009765625,7443.9501953125,7440.0,7442.35009765625,,753.0,0.0,0.0,2023-07-14
1333,2023-07-14 12:45:00+05:30,7442.7998046875,7445.5498046875,7442.35009765625,7445.35009765625,,1022.0,0.0,0.0,2023-07-14
1334,2023-07-14 12:46:00+05:30,7445.25,7445.89990234375,7441.0498046875,7445.89990234375,,1106.0,0.0,0.0,2023-07-14
1335,2023-07-14 12:47:00+05:30,7445.89990234375,7448.35009765625,7441.2998046875,7445.9501953125,,1899.0,0.0,0.0,2023-07-14
1336,2023-07-14 12:48:00+05:30,7445.89990234375,7447.4501953125,7444.5498046875,7445.0,,625.0,0.0,0.0,2023-07-14
1337,2023-07-14 12:49:00+05:30,7443.75,7443.75,7443.4501953125,7443.4501953125,,654.0,0.0,0.0,2023-07-14
1338,2023-07-14 12:50:00+05:30,7443.4501953125,7450.0,7441.10009765625,7448.4501953125,,1544.0,0.0,0.0,2023-07-14
1339,2023-07-14 12:51:00+05:30,7448.4501953125,7453.25,7447.39990234375,7451.89990234375,,1112.0,0.0,0.0,2023-07-14
1340,2023-07-14 12:52:00+05:30,7451.7998046875,7451.7998046875,7446.0,7446.7001953125,,836.0,0.0,0.0,2023-07-14
1341,2023-07-14 12:53:00+05:30,7450.10009765625,7450.10009765625,7446.64990234375,7448.5,,820.0,0.0,0.0,2023-07-14
1342,2023-07-14 12:54:00+05:30,7448.4501953125,7449.14990234375,7445.39990234375,7446.25,,1074.0,0.0,0.0,2023-07-14
1343,2023-07-14 12:55:00+05:30,7446.25,7449.0498046875,7445.5498046875,7445.9501953125,,694.0,0.0,0.0,2023-07-14
1344,2023-07-14 12:56:00+05:30,7445.9501953125,7448.7998046875,7445.0,7445.2998046875,,851.0,0.0,0.0,2023-07-14
1345,2023-07-14 12:57:00+05:30,7445.14990234375,7445.35009765625,7445.0,7445.0498046875,,674.0,0.0,0.0,2023-07-14
1346,2023-07-14 12:58:00+05:30,7445.0,7445.0498046875,7438.35009765625,7439.25,,2200.0,0.0,0.0,2023-07-14
1347,2023-07-14 12:59:00+05:30,7438.10009765625,7443.2001953125,7438.0,7438.89990234375,,1046.0,0.0,0.0,2023-07-14
1348,2023-07-14 13:00:00+05:30,7438.89990234375,7443.7998046875,7438.35009765625,7441.2998046875,,2299.0,0.0,0.0,2023-07-14
1349,2023-07-14 13:01:00+05:30,7445.0498046875,7445.0498046875,7440.25,7440.2998046875,,603.0,0.0,0.0,2023-07-14
1350,2023-07-14 13:02:00+05:30,7440.5,7446.64990234375,7438.0,7446.64990234375,,1026.0,0.0,0.0,2023-07-14
1351,2023-07-14 13:03:00+05:30,7446.64990234375,7446.64990234375,7441.0498046875,7441.25,,754.0,0.0,0.0,2023-07-14
1352,2023-07-14 13:04:00+05:30,7441.0498046875,7441.25,7435.0,7436.0498046875,,2590.0,0.0,0.0,2023-07-14
1353,2023-07-14 13:05:00+05:30,7435.10009765625,7436.64990234375,7435.0,7436.64990234375,,802.0,0.0,0.0,2023-07-14
1354,2023-07-14 13:06:00+05:30,7436.64990234375,7444.60009765625,7436.10009765625,7439.4501953125,,1263.0,0.0,0.0,2023-07-14
1355,2023-07-14 13:07:00+05:30,7439.4501953125,7439.7998046875,7435.75,7436.2998046875,,1005.0,0.0,0.0,2023-07-14
1356,2023-07-14 13:08:00+05:30,7436.2998046875,7439.5,7435.2998046875,7437.0498046875,,973.0,0.0,0.0,2023-07-14
1357,2023-07-14 13:09:00+05:30,7437.0498046875,7437.5498046875,7434.0,7434.0498046875,,879.0,0.0,0.0,2023-07-14
1358,2023-07-14 13:10:00+05:30,7434.0498046875,7438.60009765625,7433.75,7436.5498046875,,763.0,0.0,0.0,2023-07-14
1359,2023-07-14 13:11:00+05:30,7435.10009765625,7442.0,7434.5,7439.35009765625,,1006.0,0.0,0.0,2023-07-14
1360,2023-07-14 13:12:00+05:30,7438.85009765625,7438.89990234375,7434.60009765625,7436.2001953125,,931.0,0.0,0.0,2023-07-14
1361,2023-07-14 13:13:00+05:30,7436.2001953125,7440.0,7435.5498046875,7438.60009765625,,914.0,0.0,0.0,2023-07-14
1362,2023-07-14 13:14:00+05:30,7437.0,7441.64990234375,7436.85009765625,7437.0498046875,,1358.0,0.0,0.0,2023-07-14
1363,2023-07-14 13:15:00+05:30,7437.0498046875,7440.0,7433.0,7438.0,,1988.0,0.0,0.0,2023-07-14
1364,2023-07-14 13:16:00+05:30,7436.10009765625,7444.25,7436.0,7442.75,,2239.0,0.0,0.0,2023-07-14
1365,2023-07-14 13:17:00+05:30,7441.4501953125,7445.10009765625,7439.5498046875,7440.89990234375,,918.0,0.0,0.0,2023-07-14
1366,2023-07-14 13:18:00+05:30,7440.89990234375,7442.35009765625,7438.5498046875,7438.75,,837.0,0.0,0.0,2023-07-14
1367,2023-07-14 13:19:00+05:30,7438.5498046875,7444.7001953125,7435.0,7435.0,,1760.0,0.0,0.0,2023-07-14
1368,2023-07-14 13:20:00+05:30,7435.0,7438.2001953125,7435.0,7438.2001953125,,810.0,0.0,0.0,2023-07-14
1369,2023-07-14 13:21:00+05:30,7435.9501953125,7440.7001953125,7435.14990234375,7437.9501953125,,939.0,0.0,0.0,2023-07-14
1370,2023-07-14 13:22:00+05:30,7437.85009765625,7438.0,7437.5,7437.5,,221.0,0.0,0.0,2023-07-14
1371,2023-07-14 13:23:00+05:30,7440.9501953125,7441.25,7436.0498046875,7438.2998046875,,1578.0,0.0,0.0,2023-07-14
1372,2023-07-14 13:24:00+05:30,7437.14990234375,7442.0,7436.0498046875,7437.60009765625,,734.0,0.0,0.0,2023-07-14
1373,2023-07-14 13:25:00+05:30,7436.35009765625,7440.7998046875,7435.0,7436.35009765625,,698.0,0.0,0.0,2023-07-14
1374,2023-07-14 13:26:00+05:30,7434.7998046875,7438.35009765625,7433.9501953125,7434.85009765625,,1082.0,0.0,0.0,2023-07-14
1375,2023-07-14 13:27:00+05:30,7434.2001953125,7437.85009765625,7433.89990234375,7433.89990234375,,649.0,0.0,0.0,2023-07-14
1376,2023-07-14 13:28:00+05:30,7434.10009765625,7437.5,7433.0,7433.0,,1234.0,0.0,0.0,2023-07-14
1377,2023-07-14 13:29:00+05:30,7433.0,7435.5,7427.0,7427.0,,1633.0,0.0,0.0,2023-07-14
1378,2023-07-14 13:30:00+05:30,7427.0,7432.14990234375,7426.10009765625,7432.14990234375,,1646.0,0.0,0.0,2023-07-14
1379,2023-07-14 13:31:00+05:30,7432.5498046875,7432.5498046875,7428.7998046875,7428.85009765625,,1270.0,0.0,0.0,2023-07-14
1380,2023-07-14 13:32:00+05:30,7428.7998046875,7428.85009765625,7425.0,7425.0498046875,,1582.0,0.0,0.0,2023-07-14
1381,2023-07-14 13:33:00+05:30,7423.0,7428.9501953125,7421.14990234375,7423.25,,2528.0,0.0,0.0,2023-07-14
1382,2023-07-14 13:34:00+05:30,7422.25,7425.5,7418.10009765625,7418.10009765625,,1705.0,0.0,0.0,2023-07-14
1383,2023-07-14 13:35:00+05:30,7418.0,7419.5,7414.0498046875,7419.35009765625,,1832.0,0.0,0.0,2023-07-14
1384,2023-07-14 13:36:00+05:30,7417.85009765625,7419.4501953125,7415.39990234375,7419.4501953125,,1399.0,0.0,0.0,2023-07-14
1385,2023-07-14 13:37:00+05:30,7415.5,7419.9501953125,7415.2001953125,7418.9501953125,,1041.0,0.0,0.0,2023-07-14
1386,2023-07-14 13:38:00+05:30,7418.9501953125,7419.85009765625,7417.0,7419.85009765625,,1110.0,0.0,0.0,2023-07-14
1387,2023-07-14 13:39:00+05:30,7418.9501953125,7423.35009765625,7418.10009765625,7420.14990234375,,1541.0,0.0,0.0,2023-07-14
1388,2023-07-14 13:40:00+05:30,7420.14990234375,7420.4501953125,7416.0,7416.35009765625,,3677.0,0.0,0.0,2023-07-14
1389,2023-07-14 13:41:00+05:30,7416.35009765625,7425.75,7416.35009765625,7423.60009765625,,1410.0,0.0,0.0,2023-07-14
1390,2023-07-14 13:42:00+05:30,7423.60009765625,7428.85009765625,7423.60009765625,7426.0498046875,,1639.0,0.0,0.0,2023-07-14
1391,2023-07-14 13:43:00+05:30,7426.0498046875,7427.35009765625,7423.0,7423.9501953125,,1305.0,0.0,0.0,2023-07-14
1392,2023-07-14 13:44:00+05:30,7424.0,7424.7998046875,7420.9501953125,7421.4501953125,,1211.0,0.0,0.0,2023-07-14
1393,2023-07-14 13:45:00+05:30,7421.4501953125,7425.0,7421.2001953125,7422.64990234375,,1227.0,0.0,0.0,2023-07-14
1394,2023-07-14 13:46:00+05:30,7422.64990234375,7430.85009765625,7422.64990234375,7426.39990234375,,2731.0,0.0,0.0,2023-07-14
1395,2023-07-14 13:47:00+05:30,7426.2998046875,7426.2998046875,7420.0,7421.2001953125,,1420.0,0.0,0.0,2023-07-14
1396,2023-07-14 13:48:00+05:30,7423.4501953125,7430.75,7421.14990234375,7428.35009765625,,1781.0,0.0,0.0,2023-07-14
1397,2023-07-14 13:49:00+05:30,7429.10009765625,7433.60009765625,7428.35009765625,7430.85009765625,,1079.0,0.0,0.0,2023-07-14
1398,2023-07-14 13:50:00+05:30,7430.7998046875,7431.39990234375,7428.35009765625,7431.10009765625,,3451.0,0.0,0.0,2023-07-14
1399,2023-07-14 13:51:00+05:30,7430.75,7440.0,7430.2998046875,7440.0,,2468.0,0.0,0.0,2023-07-14
1400,2023-07-14 13:52:00+05:30,7438.0,7442.0,7438.0,7440.35009765625,,2396.0,0.0,0.0,2023-07-14
1401,2023-07-14 13:53:00+05:30,7440.35009765625,7440.35009765625,7433.0498046875,7433.5498046875,,1130.0,0.0,0.0,2023-07-14
1402,2023-07-14 13:54:00+05:30,7435.0,7435.0,7430.0,7430.0498046875,,1090.0,0.0,0.0,2023-07-14
1403,2023-07-14 13:55:00+05:30,7430.0,7435.0,7430.0,7435.0,,1216.0,0.0,0.0,2023-07-14
1404,2023-07-14 13:56:00+05:30,7435.0,7435.0,7432.14990234375,7433.89990234375,,596.0,0.0,0.0,2023-07-14
1405,2023-07-14 13:57:00+05:30,7432.5498046875,7442.7998046875,7432.5498046875,7442.7998046875,,1452.0,0.0,0.0,2023-07-14
1406,2023-07-14 13:58:00+05:30,7441.9501953125,7448.85009765625,7440.35009765625,7440.39990234375,,2559.0,0.0,0.0,2023-07-14
1407,2023-07-14 13:59:00+05:30,7438.25,7440.7998046875,7434.7998046875,7440.5498046875,,826.0,0.0,0.0,2023-07-14
1408,2023-07-14 14:00:00+05:30,7437.9501953125,7440.7998046875,7437.7998046875,7439.14990234375,,801.0,0.0,0.0,2023-07-14
1409,2023-07-14 14:01:00+05:30,7440.0,7444.0,7439.14990234375,7443.60009765625,,936.0,0.0,0.0,2023-07-14
1410,2023-07-14 14:02:00+05:30,7443.5498046875,7443.5498046875,7436.0,7440.9501953125,,1208.0,0.0,0.0,2023-07-14
1411,2023-07-14 14:03:00+05:30,7440.9501953125,7445.0,7440.0,7441.9501953125,,997.0,0.0,0.0,2023-07-14
1412,2023-07-14 14:04:00+05:30,7442.14990234375,7445.0,7439.89990234375,7445.0,,1148.0,0.0,0.0,2023-07-14
1413,2023-07-14 14:05:00+05:30,7443.89990234375,7445.35009765625,7441.0,7443.25,,3268.0,0.0,0.0,2023-07-14
1414,2023-07-14 14:06:00+05:30,7443.25,7446.2998046875,7437.89990234375,7441.39990234375,,3153.0,0.0,0.0,2023-07-14
1415,2023-07-14 14:07:00+05:30,7439.25,7441.39990234375,7436.0498046875,7438.2001953125,,1540.0,0.0,0.0,2023-07-14
1416,2023-07-14 14:08:00+05:30,7438.0,7438.85009765625,7435.75,7437.2998046875,,1245.0,0.0,0.0,2023-07-14
1417,2023-07-14 14:09:00+05:30,7436.85009765625,7439.5498046875,7436.10009765625,7439.5498046875,,717.0,0.0,0.0,2023-07-14
1418,2023-07-14 14:10:00+05:30,7439.0,7442.0,7439.0,7442.0,,1410.0,0.0,0.0,2023-07-14
1419,2023-07-14 14:11:00+05:30,7441.35009765625,7441.64990234375,7439.0498046875,7439.64990234375,,682.0,0.0,0.0,2023-07-14
1420,2023-07-14 14:12:00+05:30,7439.0,7442.0,7439.0,7440.89990234375,,1001.0,0.0,0.0,2023-07-14
1421,2023-07-14 14:13:00+05:30,7442.0,7442.0,7440.0,7440.2998046875,,1351.0,0.0,0.0,2023-07-14
1422,2023-07-14 14:14:00+05:30,7440.2998046875,7440.5,7438.85009765625,7440.0,,1778.0,0.0,0.0,2023-07-14
1423,2023-07-14 14:15:00+05:30,7438.0,7440.0,7436.89990234375,7440.0,,3445.0,0.0,0.0,2023-07-14
1424,2023-07-14 14:16:00+05:30,7438.10009765625,7440.0,7432.4501953125,7435.0,,3484.0,0.0,0.0,2023-07-14
1425,2023-07-14 14:17:00+05:30,7437.89990234375,7441.64990234375,7437.10009765625,7437.10009765625,,944.0,0.0,0.0,2023-07-14
1426,2023-07-14 14:18:00+05:30,7437.10009765625,7440.5498046875,7437.10009765625,7440.2001953125,,733.0,0.0,0.0,2023-07-14
1427,2023-07-14 14:19:00+05:30,7440.2001953125,7443.7998046875,7440.14990234375,7442.0,,1490.0,0.0,0.0,2023-07-14
1428,2023-07-14 14:20:00+05:30,7441.5498046875,7441.7998046875,7434.14990234375,7441.64990234375,,1189.0,0.0,0.0,2023-07-14
1429,2023-07-14 14:21:00+05:30,7439.0498046875,7442.0,7439.0498046875,7440.2001953125,,1718.0,0.0,0.0,2023-07-14
1430,2023-07-14 14:22:00+05:30,7440.0,7444.7998046875,7440.0,7440.0,,1434.0,0.0,0.0,2023-07-14
1431,2023-07-14 14:23:00+05:30,7440.0498046875,7444.75,7440.0,7441.25,,1941.0,0.0,0.0,2023-07-14
1432,2023-07-14 14:24:00+05:30,7441.25,7443.7998046875,7438.75,7438.89990234375,,3863.0,0.0,0.0,2023-07-14
1433,2023-07-14 14:25:00+05:30,7438.89990234375,7447.89990234375,7438.89990234375,7445.9501953125,,2225.0,0.0,0.0,2023-07-14
1434,2023-07-14 14:26:00+05:30,7445.4501953125,7450.5,7445.0,7450.0498046875,,4250.0,0.0,0.0,2023-07-14
1435,2023-07-14 14:27:00+05:30,7450.0498046875,7454.0,7449.2998046875,7451.25,,1587.0,0.0,0.0,2023-07-14
1436,2023-07-14 14:28:00+05:30,7452.0498046875,7454.9501953125,7450.60009765625,7450.60009765625,,1032.0,0.0,0.0,2023-07-14
1437,2023-07-14 14:29:00+05:30,7451.60009765625,7454.7001953125,7448.4501953125,7453.39990234375,,1394.0,0.0,0.0,2023-07-14
1438,2023-07-14 14:30:00+05:30,7452.0498046875,7455.2998046875,7450.35009765625,7455.2998046875,,1583.0,0.0,0.0,2023-07-14
1439,2023-07-14 14:31:00+05:30,7455.2998046875,7458.0,7453.5,7456.10009765625,,1821.0,0.0,0.0,2023-07-14
1440,2023-07-14 14:32:00+05:30,7456.14990234375,7457.0,7450.10009765625,7450.25,,1792.0,0.0,0.0,2023-07-14
1441,2023-07-14 14:33:00+05:30,7450.14990234375,7452.89990234375,7449.39990234375,7450.4501953125,,1462.0,0.0,0.0,2023-07-14
1442,2023-07-14 14:34:00+05:30,7451.0,7451.0,7450.0,7450.10009765625,,1048.0,0.0,0.0,2023-07-14
1443,2023-07-14 14:35:00+05:30,7450.0,7450.2001953125,7449.9501953125,7450.0,,1354.0,0.0,0.0,2023-07-14
1444,2023-07-14 14:36:00+05:30,7450.0,7450.10009765625,7450.0,7450.10009765625,,166.0,0.0,0.0,2023-07-14
1445,2023-07-14 14:37:00+05:30,7452.10009765625,7452.2001953125,7450.0,7450.35009765625,,1864.0,0.0,0.0,2023-07-14
1446,2023-07-14 14:38:00+05:30,7450.0,7452.2998046875,7449.9501953125,7450.0498046875,,1753.0,0.0,0.0,2023-07-14
1447,2023-07-14 14:39:00+05:30,7450.0,7457.85009765625,7450.0,7454.4501953125,,1713.0,0.0,0.0,2023-07-14
1448,2023-07-14 14:40:00+05:30,7454.9501953125,7456.64990234375,7453.2998046875,7455.2001953125,,1432.0,0.0,0.0,2023-07-14
1449,2023-07-14 14:41:00+05:30,7455.10009765625,7457.0,7451.64990234375,7453.5,,1916.0,0.0,0.0,2023-07-14
1450,2023-07-14 14:42:00+05:30,7453.5,7454.14990234375,7449.85009765625,7450.0,,1565.0,0.0,0.0,2023-07-14
1451,2023-07-14 14:43:00+05:30,7450.0,7450.0498046875,7450.0,7450.0498046875,,926.0,0.0,0.0,2023-07-14
1452,2023-07-14 14:44:00+05:30,7450.0,7450.0498046875,7449.9501953125,7449.9501953125,,2090.0,0.0,0.0,2023-07-14
1453,2023-07-14 14:45:00+05:30,7449.9501953125,7450.0498046875,7445.0,7445.75,,1838.0,0.0,0.0,2023-07-14
1454,2023-07-14 14:46:00+05:30,7445.2001953125,7445.64990234375,7444.39990234375,7444.39990234375,,1466.0,0.0,0.0,2023-07-14
1455,2023-07-14 14:47:00+05:30,7444.39990234375,7452.0,7444.39990234375,7446.9501953125,,1565.0,0.0,0.0,2023-07-14
1456,2023-07-14 14:48:00+05:30,7446.9501953125,7447.39990234375,7444.5,7446.2998046875,,1118.0,0.0,0.0,2023-07-14
1457,2023-07-14 14:49:00+05:30,7446.10009765625,7446.39990234375,7440.0,7440.14990234375,,1053.0,0.0,0.0,2023-07-14
1458,2023-07-14 14:50:00+05:30,7440.0,7448.9501953125,7436.4501953125,7446.2998046875,,2418.0,0.0,0.0,2023-07-14
1459,2023-07-14 14:51:00+05:30,7446.2998046875,7449.60009765625,7443.2998046875,7448.25,,1858.0,0.0,0.0,2023-07-14
1460,2023-07-14 14:52:00+05:30,7447.89990234375,7449.5,7443.0,7443.0,,1701.0,0.0,0.0,2023-07-14
1461,2023-07-14 14:53:00+05:30,7441.0498046875,7449.0,7439.5498046875,7448.10009765625,,2038.0,0.0,0.0,2023-07-14
1462,2023-07-14 14:54:00+05:30,7448.2001953125,7448.2001953125,7445.0498046875,7445.10009765625,,1096.0,0.0,0.0,2023-07-14
1463,2023-07-14 14:55:00+05:30,7445.10009765625,7449.0,7445.0498046875,7448.7998046875,,1291.0,0.0,0.0,2023-07-14
1464,2023-07-14 14:56:00+05:30,7448.75,7448.7998046875,7439.5498046875,7439.5498046875,,1121.0,0.0,0.0,2023-07-14
1465,2023-07-14 14:57:00+05:30,7438.0,7447.35009765625,7435.0498046875,7443.75,,3937.0,0.0,0.0,2023-07-14
1466,2023-07-14 14:58:00+05:30,7444.14990234375,7449.75,7444.14990234375,7444.5,,1794.0,0.0,0.0,2023-07-14
1467,2023-07-14 14:59:00+05:30,7444.0,7448.9501953125,7444.0,7447.89990234375,,1056.0,0.0,0.0,2023-07-14
1468,2023-07-14 15:00:00+05:30,7449.0,7464.2998046875,7449.0,7462.9501953125,,8794.0,0.0,0.0,2023-07-14
1469,2023-07-14 15:01:00+05:30,7462.9501953125,7468.89990234375,7454.0,7468.89990234375,,4558.0,0.0,0.0,2023-07-14
1470,2023-07-14 15:02:00+05:30,7470.0,7470.39990234375,7460.89990234375,7465.0,,6840.0,0.0,0.0,2023-07-14
1471,2023-07-14 15:03:00+05:30,7463.10009765625,7478.0,7460.0,7473.5498046875,,7139.0,0.0,0.0,2023-07-14
1472,2023-07-14 15:04:00+05:30,7473.60009765625,7475.25,7469.39990234375,7473.35009765625,,6355.0,0.0,0.0,2023-07-14
1473,2023-07-14 15:05:00+05:30,7473.35009765625,7477.39990234375,7471.0,7475.0,,5244.0,0.0,0.0,2023-07-14
1474,2023-07-14 15:06:00+05:30,7476.2001953125,7476.2001953125,7475.0,7476.0,,4215.0,0.0,0.0,2023-07-14
1475,2023-07-14 15:07:00+05:30,7476.0,7476.0,7470.0498046875,7470.0498046875,,3883.0,0.0,0.0,2023-07-14
1476,2023-07-14 15:08:00+05:30,7471.39990234375,7471.39990234375,7465.64990234375,7470.0,,4997.0,0.0,0.0,2023-07-14
1477,2023-07-14 15:09:00+05:30,7470.39990234375,7475.10009765625,7468.39990234375,7474.89990234375,,2697.0,0.0,0.0,2023-07-14
1478,2023-07-14 15:10:00+05:30,7475.35009765625,7476.0,7472.64990234375,7475.89990234375,,4586.0,0.0,0.0,2023-07-14
1479,2023-07-14 15:11:00+05:30,7475.5,7476.5,7475.2998046875,7476.5,,2546.0,0.0,0.0,2023-07-14
1480,2023-07-14 15:12:00+05:30,7476.5,7477.2998046875,7476.0,7476.89990234375,,3630.0,0.0,0.0,2023-07-14
1481,2023-07-14 15:13:00+05:30,7477.0,7477.0,7476.75,7477.0,,2881.0,0.0,0.0,2023-07-14
1482,2023-07-14 15:14:00+05:30,7477.0,7485.0,7476.64990234375,7485.0,,6185.0,0.0,0.0,2023-07-14
1483,2023-07-14 15:15:00+05:30,7485.39990234375,7493.0,7483.0,7493.0,,5293.0,0.0,0.0,2023-07-14
1484,2023-07-14 15:16:00+05:30,7493.14990234375,7497.5498046875,7492.89990234375,7496.9501953125,,5753.0,0.0,0.0,2023-07-14
1485,2023-07-14 15:17:00+05:30,7497.0,7497.5498046875,7496.9501953125,7497.39990234375,,3185.0,0.0,0.0,2023-07-14
1486,2023-07-14 15:18:00+05:30,7497.60009765625,7498.10009765625,7497.35009765625,7497.7998046875,,5084.0,0.0,0.0,2023-07-14
1487,2023-07-14 15:19:00+05:30,7497.5,7498.2998046875,7497.39990234375,7498.0498046875,,3023.0,0.0,0.0,2023-07-14
1488,2023-07-14 15:20:00+05:30,7497.75,7500.0,7497.75,7500.0,,5006.0,0.0,0.0,2023-07-14
1489,2023-07-14 15:21:00+05:30,7499.7998046875,7500.0,7498.4501953125,7499.89990234375,,3069.0,0.0,0.0,2023-07-14
1490,2023-07-14 15:22:00+05:30,7499.89990234375,7500.0,7497.85009765625,7497.85009765625,,5304.0,0.0,0.0,2023-07-14
1491,2023-07-14 15:23:00+05:30,7497.89990234375,7500.0,7497.60009765625,7497.89990234375,,4666.0,0.0,0.0,2023-07-14
1492,2023-07-14 15:24:00+05:30,7498.4501953125,7498.4501953125,7497.9501953125,7498.0,,1914.0,0.0,0.0,2023-07-14
1493,2023-07-14 15:25:00+05:30,7498.0,7498.0,7495.0,7495.64990234375,,5400.0,0.0,0.0,2023-07-14
1494,2023-07-14 15:26:00+05:30,7495.64990234375,7497.0,7495.5498046875,7496.0,,3684.0,0.0,0.0,2023-07-14
1495,2023-07-14 15:27:00+05:30,7496.0,7496.0,7494.0,7496.0,,3642.0,0.0,0.0,2023-07-14
1496,2023-07-14 15:28:00+05:30,7495.0,7496.7998046875,7493.0,7495.7998046875,,5347.0,0.0,0.0,2023-07-14
1497,2023-07-14 15:29:00+05:30,7496.7998046875,7498.0,7486.2001953125,7493.0,,3066.0,0.0,0.0,2023-07-14
0,2023-07-18 09:15:00+05:30,7520.10009765625,7539.7998046875,7511.10009765625,7535.0,,0.0,0.0,0.0,2023-07-18
1,2023-07-18 09:16:00+05:30,7536.5498046875,7553.0,7525.0,7553.0,,11878.0,0.0,0.0,2023-07-18
2,2023-07-18 09:17:00+05:30,7551.89990234375,7554.2998046875,7545.0,7549.89990234375,,8242.0,0.0,0.0,2023-07-18
3,2023-07-18 09:18:00+05:30,7545.2001953125,7551.89990234375,7535.35009765625,7550.0,,12869.0,0.0,0.0,2023-07-18
4,2023-07-18 09:19:00+05:30,7550.0,7550.0,7524.10009765625,7527.0,,6201.0,0.0,0.0,2023-07-18
5,2023-07-18 09:20:00+05:30,7531.0498046875,7531.0498046875,7510.35009765625,7525.0,,8467.0,0.0,0.0,2023-07-18
6,2023-07-18 09:21:00+05:30,7520.85009765625,7533.75,7519.2998046875,7522.7998046875,,5416.0,0.0,0.0,2023-07-18
7,2023-07-18 09:22:00+05:30,7522.7998046875,7531.9501953125,7522.0,7524.0,,2866.0,0.0,0.0,2023-07-18
8,2023-07-18 09:23:00+05:30,7522.85009765625,7531.0,7521.5,7521.5,,3005.0,0.0,0.0,2023-07-18
9,2023-07-18 09:24:00+05:30,7517.9501953125,7528.25,7515.0,7525.0,,4363.0,0.0,0.0,2023-07-18
10,2023-07-18 09:25:00+05:30,7525.7001953125,7527.4501953125,7496.0,7505.2998046875,,7764.0,0.0,0.0,2023-07-18
11,2023-07-18 09:26:00+05:30,7505.2998046875,7505.2998046875,7489.0498046875,7494.39990234375,,4737.0,0.0,0.0,2023-07-18
12,2023-07-18 09:27:00+05:30,7497.2998046875,7498.2001953125,7482.25,7482.25,,4087.0,0.0,0.0,2023-07-18
13,2023-07-18 09:28:00+05:30,7484.75,7489.60009765625,7478.0,7486.0498046875,,4350.0,0.0,0.0,2023-07-18
14,2023-07-18 09:29:00+05:30,7486.2001953125,7495.64990234375,7486.2001953125,7492.0,,2156.0,0.0,0.0,2023-07-18
15,2023-07-18 09:30:00+05:30,7492.0,7496.85009765625,7482.0,7482.0,,4777.0,0.0,0.0,2023-07-18
16,2023-07-18 09:31:00+05:30,7486.60009765625,7487.0,7475.9501953125,7479.85009765625,,3786.0,0.0,0.0,2023-07-18
17,2023-07-18 09:32:00+05:30,7479.85009765625,7486.75,7477.35009765625,7481.60009765625,,2603.0,0.0,0.0,2023-07-18
18,2023-07-18 09:33:00+05:30,7484.9501953125,7492.0,7477.0,7490.0,,2763.0,0.0,0.0,2023-07-18
19,2023-07-18 09:34:00+05:30,7490.0,7490.0,7485.2001953125,7485.89990234375,,5046.0,0.0,0.0,2023-07-18
20,2023-07-18 09:35:00+05:30,7485.89990234375,7490.0,7480.0,7484.0,,2478.0,0.0,0.0,2023-07-18
21,2023-07-18 09:36:00+05:30,7485.75,7490.0,7481.5,7489.0498046875,,1380.0,0.0,0.0,2023-07-18
22,2023-07-18 09:37:00+05:30,7489.0498046875,7495.89990234375,7485.0,7493.0498046875,,2059.0,0.0,0.0,2023-07-18
23,2023-07-18 09:38:00+05:30,7495.0,7503.60009765625,7493.0,7501.14990234375,,7069.0,0.0,0.0,2023-07-18
24,2023-07-18 09:39:00+05:30,7500.0,7502.0,7487.9501953125,7487.9501953125,,6252.0,0.0,0.0,2023-07-18
25,2023-07-18 09:40:00+05:30,7491.85009765625,7491.85009765625,7481.64990234375,7483.5,,1844.0,0.0,0.0,2023-07-18
26,2023-07-18 09:41:00+05:30,7484.0,7497.89990234375,7481.5498046875,7492.85009765625,,3758.0,0.0,0.0,2023-07-18
27,2023-07-18 09:42:00+05:30,7494.0,7495.0,7486.64990234375,7486.64990234375,,1190.0,0.0,0.0,2023-07-18
28,2023-07-18 09:43:00+05:30,7486.7001953125,7490.0,7486.7001953125,7489.39990234375,,1025.0,0.0,0.0,2023-07-18
29,2023-07-18 09:44:00+05:30,7489.39990234375,7489.39990234375,7486.7998046875,7489.0,,1360.0,0.0,0.0,2023-07-18
30,2023-07-18 09:45:00+05:30,7489.0,7492.9501953125,7488.0,7490.0498046875,,2736.0,0.0,0.0,2023-07-18
31,2023-07-18 09:46:00+05:30,7490.10009765625,7492.9501953125,7488.5,7489.0,,3876.0,0.0,0.0,2023-07-18
32,2023-07-18 09:47:00+05:30,7491.0,7491.0,7486.7998046875,7488.39990234375,,1397.0,0.0,0.0,2023-07-18
33,2023-07-18 09:48:00+05:30,7488.9501953125,7494.4501953125,7488.0,7494.4501953125,,3309.0,0.0,0.0,2023-07-18
34,2023-07-18 09:49:00+05:30,7494.4501953125,7497.89990234375,7492.25,7496.14990234375,,3073.0,0.0,0.0,2023-07-18
35,2023-07-18 09:50:00+05:30,7496.10009765625,7499.0,7491.7998046875,7495.75,,2353.0,0.0,0.0,2023-07-18
36,2023-07-18 09:51:00+05:30,7499.39990234375,7499.39990234375,7495.39990234375,7497.39990234375,,942.0,0.0,0.0,2023-07-18
37,2023-07-18 09:52:00+05:30,7497.39990234375,7499.39990234375,7493.85009765625,7496.2998046875,,4451.0,0.0,0.0,2023-07-18
38,2023-07-18 09:53:00+05:30,7497.14990234375,7499.39990234375,7495.7001953125,7497.9501953125,,1348.0,0.0,0.0,2023-07-18
39,2023-07-18 09:54:00+05:30,7497.9501953125,7498.9501953125,7495.4501953125,7498.9501953125,,1221.0,0.0,0.0,2023-07-18
40,2023-07-18 09:55:00+05:30,7496.7001953125,7499.0,7496.7001953125,7499.0,,1463.0,0.0,0.0,2023-07-18
41,2023-07-18 09:56:00+05:30,7499.0,7501.2001953125,7498.10009765625,7500.85009765625,,3367.0,0.0,0.0,2023-07-18
42,2023-07-18 09:57:00+05:30,7500.85009765625,7505.0,7500.85009765625,7503.0,,4125.0,0.0,0.0,2023-07-18
43,2023-07-18 09:58:00+05:30,7503.0,7506.7998046875,7503.0,7506.0,,3518.0,0.0,0.0,2023-07-18
44,2023-07-18 09:59:00+05:30,7506.7998046875,7506.85009765625,7503.0,7503.0,,1789.0,0.0,0.0,2023-07-18
45,2023-07-18 10:00:00+05:30,7503.64990234375,7503.64990234375,7494.75,7503.2001953125,,4229.0,0.0,0.0,2023-07-18
46,2023-07-18 10:01:00+05:30,7503.2001953125,7506.4501953125,7498.0,7500.2001953125,,2400.0,0.0,0.0,2023-07-18
47,2023-07-18 10:02:00+05:30,7500.2001953125,7502.7001953125,7497.0,7497.2998046875,,1473.0,0.0,0.0,2023-07-18
48,2023-07-18 10:03:00+05:30,7498.0,7501.9501953125,7490.89990234375,7500.89990234375,,1948.0,0.0,0.0,2023-07-18
49,2023-07-18 10:04:00+05:30,7498.0,7502.0,7497.0,7498.4501953125,,1454.0,0.0,0.0,2023-07-18
50,2023-07-18 10:05:00+05:30,7498.35009765625,7499.35009765625,7492.75,7492.85009765625,,1255.0,0.0,0.0,2023-07-18
51,2023-07-18 10:06:00+05:30,7492.85009765625,7496.39990234375,7490.10009765625,7492.7998046875,,2362.0,0.0,0.0,2023-07-18
52,2023-07-18 10:07:00+05:30,7492.7998046875,7493.2998046875,7490.0,7491.5,,2178.0,0.0,0.0,2023-07-18
53,2023-07-18 10:08:00+05:30,7491.5,7491.5,7486.0,7486.0,,1229.0,0.0,0.0,2023-07-18
54,2023-07-18 10:09:00+05:30,7486.14990234375,7491.85009765625,7486.14990234375,7491.7998046875,,2426.0,0.0,0.0,2023-07-18
55,2023-07-18 10:10:00+05:30,7491.9501953125,7491.9501953125,7480.0,7480.0,,3601.0,0.0,0.0,2023-07-18
56,2023-07-18 10:11:00+05:30,7480.0,7484.7998046875,7480.0,7483.0,,1399.0,0.0,0.0,2023-07-18
57,2023-07-18 10:12:00+05:30,7483.0,7485.2998046875,7470.0,7477.4501953125,,8169.0,0.0,0.0,2023-07-18
58,2023-07-18 10:13:00+05:30,7473.64990234375,7480.0,7473.64990234375,7476.9501953125,,2067.0,0.0,0.0,2023-07-18
59,2023-07-18 10:14:00+05:30,7476.5498046875,7482.0,7475.14990234375,7480.60009765625,,1641.0,0.0,0.0,2023-07-18
60,2023-07-18 10:15:00+05:30,7478.0,7480.60009765625,7476.0,7479.25,,3368.0,0.0,0.0,2023-07-18
61,2023-07-18 10:16:00+05:30,7479.5498046875,7492.0,7478.25,7489.9501953125,,1047.0,0.0,0.0,2023-07-18
62,2023-07-18 10:17:00+05:30,7492.0,7492.0,7483.5,7485.35009765625,,1030.0,0.0,0.0,2023-07-18
63,2023-07-18 10:18:00+05:30,7487.9501953125,7488.39990234375,7485.35009765625,7488.39990234375,,937.0,0.0,0.0,2023-07-18
64,2023-07-18 10:19:00+05:30,7488.39990234375,7488.39990234375,7484.9501953125,7488.39990234375,,1204.0,0.0,0.0,2023-07-18
65,2023-07-18 10:20:00+05:30,7487.0,7488.0,7478.0498046875,7481.0,,1206.0,0.0,0.0,2023-07-18
66,2023-07-18 10:21:00+05:30,7483.89990234375,7483.89990234375,7481.0,7481.0,,420.0,0.0,0.0,2023-07-18
67,2023-07-18 10:22:00+05:30,7483.25,7483.5,7477.2001953125,7481.14990234375,,1977.0,0.0,0.0,2023-07-18
68,2023-07-18 10:23:00+05:30,7481.25,7481.2998046875,7478.39990234375,7478.60009765625,,893.0,0.0,0.0,2023-07-18
69,2023-07-18 10:24:00+05:30,7479.10009765625,7479.2001953125,7475.14990234375,7475.25,,1528.0,0.0,0.0,2023-07-18
70,2023-07-18 10:25:00+05:30,7477.7998046875,7477.7998046875,7472.0498046875,7476.35009765625,,2767.0,0.0,0.0,2023-07-18
71,2023-07-18 10:26:00+05:30,7476.9501953125,7477.89990234375,7472.64990234375,7477.89990234375,,1924.0,0.0,0.0,2023-07-18
72,2023-07-18 10:27:00+05:30,7476.9501953125,7479.0,7474.0,7475.75,,1979.0,0.0,0.0,2023-07-18
73,2023-07-18 10:28:00+05:30,7475.75,7475.75,7465.0,7470.10009765625,,4691.0,0.0,0.0,2023-07-18
74,2023-07-18 10:29:00+05:30,7468.0,7470.10009765625,7461.10009765625,7468.0,,3236.0,0.0,0.0,2023-07-18
75,2023-07-18 10:30:00+05:30,7466.0,7466.0,7461.64990234375,7463.0,,1111.0,0.0,0.0,2023-07-18
76,2023-07-18 10:31:00+05:30,7464.0,7470.0498046875,7463.4501953125,7468.0498046875,,1595.0,0.0,0.0,2023-07-18
77,2023-07-18 10:32:00+05:30,7468.0498046875,7474.64990234375,7466.4501953125,7469.64990234375,,1357.0,0.0,0.0,2023-07-18
78,2023-07-18 10:33:00+05:30,7469.64990234375,7475.0,7469.35009765625,7475.0,,766.0,0.0,0.0,2023-07-18
79,2023-07-18 10:34:00+05:30,7475.0,7479.0,7474.60009765625,7476.0498046875,,1857.0,0.0,0.0,2023-07-18
80,2023-07-18 10:35:00+05:30,7478.64990234375,7479.0,7475.2998046875,7478.0,,370.0,0.0,0.0,2023-07-18
81,2023-07-18 10:36:00+05:30,7479.0,7479.0,7476.5,7479.0,,899.0,0.0,0.0,2023-07-18
82,2023-07-18 10:37:00+05:30,7478.5,7479.0,7476.60009765625,7479.0,,1054.0,0.0,0.0,2023-07-18
83,2023-07-18 10:38:00+05:30,7479.0,7479.0,7476.4501953125,7479.0,,1212.0,0.0,0.0,2023-07-18
84,2023-07-18 10:39:00+05:30,7479.0,7487.2001953125,7479.0,7485.0498046875,,2718.0,0.0,0.0,2023-07-18
85,2023-07-18 10:40:00+05:30,7485.0,7487.7998046875,7481.0,7483.4501953125,,5320.0,0.0,0.0,2023-07-18
86,2023-07-18 10:41:00+05:30,7483.60009765625,7487.2001953125,7480.5498046875,7485.7998046875,,2125.0,0.0,0.0,2023-07-18
87,2023-07-18 10:42:00+05:30,7487.2001953125,7487.75,7484.89990234375,7487.0,,1985.0,0.0,0.0,2023-07-18
88,2023-07-18 10:43:00+05:30,7487.0,7487.0498046875,7484.0498046875,7486.0,,628.0,0.0,0.0,2023-07-18
89,2023-07-18 10:44:00+05:30,7486.0,7490.0,7483.25,7487.0498046875,,4087.0,0.0,0.0,2023-07-18
90,2023-07-18 10:45:00+05:30,7487.89990234375,7488.5498046875,7480.0,7480.2998046875,,1498.0,0.0,0.0,2023-07-18
91,2023-07-18 10:46:00+05:30,7480.2998046875,7481.85009765625,7480.0,7480.89990234375,,344.0,0.0,0.0,2023-07-18
92,2023-07-18 10:47:00+05:30,7480.89990234375,7480.89990234375,7480.14990234375,7480.25,,496.0,0.0,0.0,2023-07-18
93,2023-07-18 10:48:00+05:30,7480.39990234375,7481.0498046875,7480.39990234375,7481.0,,372.0,0.0,0.0,2023-07-18
94,2023-07-18 10:49:00+05:30,7481.0,7481.0498046875,7480.60009765625,7481.0,,761.0,0.0,0.0,2023-07-18
95,2023-07-18 10:50:00+05:30,7481.0498046875,7481.0498046875,7480.5,7480.5,,597.0,0.0,0.0,2023-07-18
96,2023-07-18 10:51:00+05:30,7480.5,7481.0498046875,7480.0,7481.0,,1219.0,0.0,0.0,2023-07-18
97,2023-07-18 10:52:00+05:30,7481.0,7489.0,7481.0,7487.4501953125,,5859.0,0.0,0.0,2023-07-18
98,2023-07-18 10:53:00+05:30,7484.7998046875,7489.0,7484.7998046875,7488.64990234375,,3360.0,0.0,0.0,2023-07-18
99,2023-07-18 10:54:00+05:30,7488.64990234375,7489.9501953125,7488.10009765625,7489.9501953125,,1735.0,0.0,0.0,2023-07-18
100,2023-07-18 10:55:00+05:30,7489.0,7489.9501953125,7486.25,7489.0,,1101.0,0.0,0.0,2023-07-18
101,2023-07-18 10:56:00+05:30,7487.0498046875,7489.0,7486.5498046875,7489.0,,894.0,0.0,0.0,2023-07-18
102,2023-07-18 10:57:00+05:30,7487.39990234375,7489.9501953125,7487.39990234375,7489.0,,1676.0,0.0,0.0,2023-07-18
103,2023-07-18 10:58:00+05:30,7489.0,7490.14990234375,7486.25,7489.9501953125,,4670.0,0.0,0.0,2023-07-18
104,2023-07-18 10:59:00+05:30,7488.10009765625,7499.75,7488.0498046875,7499.2001953125,,4011.0,0.0,0.0,2023-07-18
105,2023-07-18 11:00:00+05:30,7499.14990234375,7499.7001953125,7496.39990234375,7499.64990234375,,2827.0,0.0,0.0,2023-07-18
106,2023-07-18 11:01:00+05:30,7498.2998046875,7501.0,7496.0,7501.0,,5327.0,0.0,0.0,2023-07-18
107,2023-07-18 11:02:00+05:30,7500.0,7504.0,7500.0,7502.2998046875,,6027.0,0.0,0.0,2023-07-18
108,2023-07-18 11:03:00+05:30,7501.0,7502.2998046875,7499.89990234375,7500.0,,2979.0,0.0,0.0,2023-07-18
109,2023-07-18 11:04:00+05:30,7500.0,7502.0,7498.4501953125,7501.9501953125,,3042.0,0.0,0.0,2023-07-18
110,2023-07-18 11:05:00+05:30,7499.5498046875,7501.9501953125,7499.4501953125,7499.7001953125,,1382.0,0.0,0.0,2023-07-18
111,2023-07-18 11:06:00+05:30,7499.4501953125,7499.60009765625,7491.2998046875,7491.7001953125,,1419.0,0.0,0.0,2023-07-18
112,2023-07-18 11:07:00+05:30,7491.0498046875,7491.0498046875,7486.4501953125,7490.9501953125,,1951.0,0.0,0.0,2023-07-18
113,2023-07-18 11:08:00+05:30,7491.64990234375,7496.85009765625,7490.85009765625,7496.60009765625,,1537.0,0.0,0.0,2023-07-18
114,2023-07-18 11:09:00+05:30,7496.60009765625,7499.4501953125,7495.60009765625,7498.85009765625,,1040.0,0.0,0.0,2023-07-18
115,2023-07-18 11:10:00+05:30,7498.89990234375,7501.89990234375,7492.0,7492.85009765625,,3191.0,0.0,0.0,2023-07-18
116,2023-07-18 11:11:00+05:30,7495.25,7495.89990234375,7493.25,7494.14990234375,,548.0,0.0,0.0,2023-07-18
117,2023-07-18 11:12:00+05:30,7494.14990234375,7495.89990234375,7493.0,7494.7998046875,,1220.0,0.0,0.0,2023-07-18
118,2023-07-18 11:13:00+05:30,7494.39990234375,7496.75,7493.0498046875,7496.75,,1463.0,0.0,0.0,2023-07-18
119,2023-07-18 11:14:00+05:30,7496.7001953125,7496.7001953125,7490.39990234375,7492.60009765625,,487.0,0.0,0.0,2023-07-18
120,2023-07-18 11:15:00+05:30,7490.25,7495.60009765625,7490.0,7490.0,,1795.0,0.0,0.0,2023-07-18
121,2023-07-18 11:16:00+05:30,7490.0,7490.0,7482.14990234375,7484.0,,2239.0,0.0,0.0,2023-07-18
122,2023-07-18 11:17:00+05:30,7482.64990234375,7492.0,7481.7001953125,7492.0,,451.0,0.0,0.0,2023-07-18
123,2023-07-18 11:18:00+05:30,7490.0,7490.0,7486.0,7488.89990234375,,526.0,0.0,0.0,2023-07-18
124,2023-07-18 11:19:00+05:30,7486.14990234375,7488.5498046875,7477.75,7484.0,,47370.0,0.0,0.0,2023-07-18
125,2023-07-18 11:20:00+05:30,7482.9501953125,7490.0,7482.0,7485.7998046875,,30238.0,0.0,0.0,2023-07-18
126,2023-07-18 11:21:00+05:30,7485.7998046875,7487.4501953125,7481.10009765625,7487.39990234375,,738.0,0.0,0.0,2023-07-18
127,2023-07-18 11:22:00+05:30,7487.39990234375,7488.64990234375,7481.0,7484.60009765625,,2464.0,0.0,0.0,2023-07-18
128,2023-07-18 11:23:00+05:30,7481.0,7487.9501953125,7480.0498046875,7487.9501953125,,1803.0,0.0,0.0,2023-07-18
129,2023-07-18 11:24:00+05:30,7488.35009765625,7492.0,7482.75,7484.9501953125,,1511.0,0.0,0.0,2023-07-18
130,2023-07-18 11:25:00+05:30,7482.75,7484.9501953125,7475.0498046875,7477.0,,2826.0,0.0,0.0,2023-07-18
131,2023-07-18 11:26:00+05:30,7476.0,7477.0,7465.0,7469.25,,2839.0,0.0,0.0,2023-07-18
132,2023-07-18 11:27:00+05:30,7466.0,7469.2998046875,7465.10009765625,7465.2001953125,,1626.0,0.0,0.0,2023-07-18
133,2023-07-18 11:28:00+05:30,7466.0,7470.0,7462.60009765625,7464.14990234375,,2020.0,0.0,0.0,2023-07-18
134,2023-07-18 11:29:00+05:30,7466.14990234375,7470.0,7462.0,7462.0,,1828.0,0.0,0.0,2023-07-18
135,2023-07-18 11:30:00+05:30,7461.10009765625,7465.25,7455.60009765625,7455.9501953125,,5537.0,0.0,0.0,2023-07-18
136,2023-07-18 11:31:00+05:30,7458.85009765625,7468.64990234375,7456.0,7462.0498046875,,1161.0,0.0,0.0,2023-07-18
137,2023-07-18 11:32:00+05:30,7463.10009765625,7464.0,7460.0,7460.60009765625,,1499.0,0.0,0.0,2023-07-18
138,2023-07-18 11:33:00+05:30,7461.0,7462.0,7458.5,7458.5,,879.0,0.0,0.0,2023-07-18
139,2023-07-18 11:34:00+05:30,7458.5,7461.5,7455.2998046875,7456.5498046875,,2431.0,0.0,0.0,2023-07-18
140,2023-07-18 11:35:00+05:30,7456.0,7463.14990234375,7452.5498046875,7462.64990234375,,2918.0,0.0,0.0,2023-07-18
141,2023-07-18 11:36:00+05:30,7460.39990234375,7462.64990234375,7451.0,7451.0,,3773.0,0.0,0.0,2023-07-18
142,2023-07-18 11:37:00+05:30,7451.0,7451.7001953125,7440.0,7440.0,,10758.0,0.0,0.0,2023-07-18
143,2023-07-18 11:38:00+05:30,7440.0,7440.0,7432.0,7433.0498046875,,4688.0,0.0,0.0,2023-07-18
144,2023-07-18 11:39:00+05:30,7436.0,7436.0,7421.2001953125,7426.2001953125,,7547.0,0.0,0.0,2023-07-18
145,2023-07-18 11:40:00+05:30,7426.35009765625,7436.60009765625,7426.2998046875,7435.39990234375,,5219.0,0.0,0.0,2023-07-18
146,2023-07-18 11:41:00+05:30,7433.25,7434.89990234375,7423.10009765625,7423.5,,4508.0,0.0,0.0,2023-07-18
147,2023-07-18 11:42:00+05:30,7422.10009765625,7430.0,7420.0,7422.85009765625,,6237.0,0.0,0.0,2023-07-18
148,2023-07-18 11:43:00+05:30,7426.25,7426.25,7414.0,7421.75,,4436.0,0.0,0.0,2023-07-18
149,2023-07-18 11:44:00+05:30,7418.0,7421.64990234375,7415.0,7415.2001953125,,3291.0,0.0,0.0,2023-07-18
150,2023-07-18 11:45:00+05:30,7415.14990234375,7418.2998046875,7406.0498046875,7413.60009765625,,6289.0,0.0,0.0,2023-07-18
151,2023-07-18 11:46:00+05:30,7413.64990234375,7421.9501953125,7410.0,7421.5498046875,,3127.0,0.0,0.0,2023-07-18
152,2023-07-18 11:47:00+05:30,7421.5498046875,7438.0,7419.35009765625,7438.0,,2291.0,0.0,0.0,2023-07-18
153,2023-07-18 11:48:00+05:30,7438.0,7444.0,7435.0498046875,7444.0,,2931.0,0.0,0.0,2023-07-18
154,2023-07-18 11:49:00+05:30,7440.0,7441.7998046875,7430.0,7430.0,,2433.0,0.0,0.0,2023-07-18
155,2023-07-18 11:50:00+05:30,7430.0,7432.0,7422.0,7427.7998046875,,2624.0,0.0,0.0,2023-07-18
156,2023-07-18 11:51:00+05:30,7423.64990234375,7432.0,7423.64990234375,7430.7001953125,,1071.0,0.0,0.0,2023-07-18
157,2023-07-18 11:52:00+05:30,7430.64990234375,7431.0498046875,7425.0,7425.10009765625,,1463.0,0.0,0.0,2023-07-18
158,2023-07-18 11:53:00+05:30,7425.0,7435.0,7425.0,7435.0,,5415.0,0.0,0.0,2023-07-18
159,2023-07-18 11:54:00+05:30,7435.0,7439.35009765625,7433.0,7433.0,,1152.0,0.0,0.0,2023-07-18
160,2023-07-18 11:55:00+05:30,7435.7998046875,7435.7998046875,7426.39990234375,7426.60009765625,,3699.0,0.0,0.0,2023-07-18
161,2023-07-18 11:56:00+05:30,7426.60009765625,7428.0,7425.0,7425.0,,1650.0,0.0,0.0,2023-07-18
162,2023-07-18 11:57:00+05:30,7426.5498046875,7426.7998046875,7421.14990234375,7422.0,,1199.0,0.0,0.0,2023-07-18
163,2023-07-18 11:58:00+05:30,7421.5498046875,7428.5,7420.89990234375,7428.0498046875,,2381.0,0.0,0.0,2023-07-18
164,2023-07-18 11:59:00+05:30,7428.0,7429.0,7424.0,7428.5,,1271.0,0.0,0.0,2023-07-18
165,2023-07-18 12:00:00+05:30,7428.5,7428.5,7422.0,7424.0,,1478.0,0.0,0.0,2023-07-18
166,2023-07-18 12:01:00+05:30,7424.0498046875,7424.14990234375,7412.0,7415.64990234375,,9374.0,0.0,0.0,2023-07-18
167,2023-07-18 12:02:00+05:30,7416.14990234375,7420.10009765625,7412.14990234375,7414.89990234375,,7506.0,0.0,0.0,2023-07-18
168,2023-07-18 12:03:00+05:30,7412.60009765625,7413.10009765625,7396.7001953125,7400.0,,17634.0,0.0,0.0,2023-07-18
169,2023-07-18 12:04:00+05:30,7400.0,7400.0,7389.4501953125,7394.0,,5081.0,0.0,0.0,2023-07-18
170,2023-07-18 12:05:00+05:30,7392.0498046875,7394.60009765625,7382.4501953125,7386.7998046875,,6158.0,0.0,0.0,2023-07-18
171,2023-07-18 12:06:00+05:30,7385.0,7387.89990234375,7380.0,7381.25,,5163.0,0.0,0.0,2023-07-18
172,2023-07-18 12:07:00+05:30,7384.39990234375,7384.89990234375,7374.0,7377.25,,3818.0,0.0,0.0,2023-07-18
173,2023-07-18 12:08:00+05:30,7374.0,7380.7998046875,7373.25,7378.0,,4210.0,0.0,0.0,2023-07-18
174,2023-07-18 12:09:00+05:30,7379.85009765625,7387.64990234375,7376.39990234375,7387.64990234375,,1994.0,0.0,0.0,2023-07-18
175,2023-07-18 12:10:00+05:30,7387.5498046875,7393.0,7384.14990234375,7387.5498046875,,3646.0,0.0,0.0,2023-07-18
176,2023-07-18 12:11:00+05:30,7389.39990234375,7389.39990234375,7376.0498046875,7378.0498046875,,2320.0,0.0,0.0,2023-07-18
177,2023-07-18 12:12:00+05:30,7376.0498046875,7378.0498046875,7375.0,7378.0,,2112.0,0.0,0.0,2023-07-18
178,2023-07-18 12:13:00+05:30,7378.0,7383.5498046875,7376.0,7379.10009765625,,1303.0,0.0,0.0,2023-07-18
179,2023-07-18 12:14:00+05:30,7379.10009765625,7390.14990234375,7379.10009765625,7387.0,,2053.0,0.0,0.0,2023-07-18
180,2023-07-18 12:15:00+05:30,7388.0498046875,7388.0498046875,7376.5,7383.5,,3496.0,0.0,0.0,2023-07-18
181,2023-07-18 12:16:00+05:30,7380.10009765625,7395.0,7380.10009765625,7392.75,,2896.0,0.0,0.0,2023-07-18
182,2023-07-18 12:17:00+05:30,7393.2998046875,7398.0,7393.2998046875,7394.0,,1922.0,0.0,0.0,2023-07-18
183,2023-07-18 12:18:00+05:30,7393.0498046875,7397.0498046875,7393.0,7394.9501953125,,2503.0,0.0,0.0,2023-07-18
184,2023-07-18 12:19:00+05:30,7394.0498046875,7394.5,7388.39990234375,7390.85009765625,,1505.0,0.0,0.0,2023-07-18
185,2023-07-18 12:20:00+05:30,7393.7998046875,7397.0,7390.9501953125,7391.25,,1430.0,0.0,0.0,2023-07-18
186,2023-07-18 12:21:00+05:30,7393.89990234375,7393.89990234375,7385.89990234375,7389.0498046875,,3799.0,0.0,0.0,2023-07-18
187,2023-07-18 12:22:00+05:30,7388.85009765625,7400.10009765625,7387.0,7400.10009765625,,4201.0,0.0,0.0,2023-07-18
188,2023-07-18 12:23:00+05:30,7400.5,7400.5,7393.9501953125,7398.25,,1055.0,0.0,0.0,2023-07-18
189,2023-07-18 12:24:00+05:30,7398.25,7400.0,7397.0,7400.0,,671.0,0.0,0.0,2023-07-18
190,2023-07-18 12:25:00+05:30,7400.0,7409.4501953125,7399.0,7406.0,,5876.0,0.0,0.0,2023-07-18
191,2023-07-18 12:26:00+05:30,7405.9501953125,7414.0498046875,7403.25,7412.5498046875,,4857.0,0.0,0.0,2023-07-18
192,2023-07-18 12:27:00+05:30,7412.4501953125,7420.9501953125,7412.4501953125,7415.39990234375,,4295.0,0.0,0.0,2023-07-18
193,2023-07-18 12:28:00+05:30,7415.2998046875,7421.0,7415.0,7420.9501953125,,2723.0,0.0,0.0,2023-07-18
194,2023-07-18 12:29:00+05:30,7420.25,7428.0,7420.25,7423.7001953125,,3826.0,0.0,0.0,2023-07-18
195,2023-07-18 12:30:00+05:30,7424.7001953125,7441.7001953125,7423.25,7441.0,,9800.0,0.0,0.0,2023-07-18
196,2023-07-18 12:31:00+05:30,7440.5,7447.0,7440.5,7441.64990234375,,6356.0,0.0,0.0,2023-07-18
197,2023-07-18 12:32:00+05:30,7444.4501953125,7449.85009765625,7425.60009765625,7428.5,,8441.0,0.0,0.0,2023-07-18
198,2023-07-18 12:33:00+05:30,7426.5498046875,7436.9501953125,7424.9501953125,7436.9501953125,,4781.0,0.0,0.0,2023-07-18
199,2023-07-18 12:34:00+05:30,7438.7998046875,7448.0,7434.39990234375,7434.39990234375,,2244.0,0.0,0.0,2023-07-18
200,2023-07-18 12:35:00+05:30,7434.39990234375,7443.9501953125,7433.60009765625,7437.0,,1558.0,0.0,0.0,2023-07-18
201,2023-07-18 12:36:00+05:30,7437.60009765625,7447.0,7435.0498046875,7447.0,,3309.0,0.0,0.0,2023-07-18
202,2023-07-18 12:37:00+05:30,7444.7001953125,7450.0,7444.7001953125,7449.9501953125,,3763.0,0.0,0.0,2023-07-18
203,2023-07-18 12:38:00+05:30,7449.9501953125,7456.14990234375,7448.2998046875,7454.14990234375,,6211.0,0.0,0.0,2023-07-18
204,2023-07-18 12:39:00+05:30,7453.4501953125,7453.4501953125,7434.5,7440.0,,2340.0,0.0,0.0,2023-07-18
205,2023-07-18 12:40:00+05:30,7440.0,7440.0,7435.39990234375,7435.5,,1246.0,0.0,0.0,2023-07-18
206,2023-07-18 12:41:00+05:30,7437.85009765625,7456.75,7436.0,7446.7001953125,,4658.0,0.0,0.0,2023-07-18
207,2023-07-18 12:42:00+05:30,7450.10009765625,7455.89990234375,7446.2001953125,7455.89990234375,,3687.0,0.0,0.0,2023-07-18
208,2023-07-18 12:43:00+05:30,7455.89990234375,7455.89990234375,7451.2998046875,7452.64990234375,,2615.0,0.0,0.0,2023-07-18
209,2023-07-18 12:44:00+05:30,7453.0,7455.0,7450.5,7450.5,,839.0,0.0,0.0,2023-07-18
210,2023-07-18 12:45:00+05:30,7453.0,7453.0,7440.10009765625,7440.39990234375,,2132.0,0.0,0.0,2023-07-18
211,2023-07-18 12:46:00+05:30,7440.39990234375,7453.0,7440.39990234375,7452.89990234375,,2340.0,0.0,0.0,2023-07-18
212,2023-07-18 12:47:00+05:30,7452.85009765625,7464.89990234375,7450.0,7462.35009765625,,9020.0,0.0,0.0,2023-07-18
213,2023-07-18 12:48:00+05:30,7462.4501953125,7467.75,7454.5,7464.2001953125,,12348.0,0.0,0.0,2023-07-18
214,2023-07-18 12:49:00+05:30,7463.60009765625,7468.25,7461.4501953125,7468.0,,7107.0,0.0,0.0,2023-07-18
215,2023-07-18 12:50:00+05:30,7468.0,7468.0,7456.0,7459.2001953125,,6580.0,0.0,0.0,2023-07-18
216,2023-07-18 12:51:00+05:30,7457.0,7458.0,7450.0,7454.5,,1520.0,0.0,0.0,2023-07-18
217,2023-07-18 12:52:00+05:30,7451.5498046875,7457.39990234375,7451.39990234375,7457.0,,1179.0,0.0,0.0,2023-07-18
218,2023-07-18 12:53:00+05:30,7456.25,7458.60009765625,7451.0,7451.10009765625,,1366.0,0.0,0.0,2023-07-18
219,2023-07-18 12:54:00+05:30,7451.10009765625,7452.60009765625,7439.4501953125,7440.2998046875,,3512.0,0.0,0.0,2023-07-18
220,2023-07-18 12:55:00+05:30,7442.5498046875,7453.39990234375,7440.10009765625,7453.39990234375,,1375.0,0.0,0.0,2023-07-18
221,2023-07-18 12:56:00+05:30,7453.64990234375,7455.0,7445.0,7447.60009765625,,1095.0,0.0,0.0,2023-07-18
222,2023-07-18 12:57:00+05:30,7447.60009765625,7447.60009765625,7440.0,7441.0,,3000.0,0.0,0.0,2023-07-18
223,2023-07-18 12:58:00+05:30,7442.0,7442.0,7432.60009765625,7435.85009765625,,8271.0,0.0,0.0,2023-07-18
224,2023-07-18 12:59:00+05:30,7440.14990234375,7440.14990234375,7427.10009765625,7431.0,,5386.0,0.0,0.0,2023-07-18
225,2023-07-18 13:00:00+05:30,7431.0,7435.7001953125,7422.5498046875,7422.7001953125,,5130.0,0.0,0.0,2023-07-18
226,2023-07-18 13:01:00+05:30,7424.7998046875,7430.0,7418.2998046875,7418.5,,8338.0,0.0,0.0,2023-07-18
227,2023-07-18 13:02:00+05:30,7418.85009765625,7433.64990234375,7418.75,7420.25,,9635.0,0.0,0.0,2023-07-18
228,2023-07-18 13:03:00+05:30,7420.2001953125,7425.0,7418.0,7422.35009765625,,1592.0,0.0,0.0,2023-07-18
229,2023-07-18 13:04:00+05:30,7422.35009765625,7422.35009765625,7414.9501953125,7416.9501953125,,2467.0,0.0,0.0,2023-07-18
230,2023-07-18 13:05:00+05:30,7415.2998046875,7433.35009765625,7415.25,7431.85009765625,,1578.0,0.0,0.0,2023-07-18
231,2023-07-18 13:06:00+05:30,7432.0,7437.25,7430.5498046875,7437.25,,1571.0,0.0,0.0,2023-07-18
232,2023-07-18 13:07:00+05:30,7437.25,7440.0,7436.2998046875,7437.89990234375,,1108.0,0.0,0.0,2023-07-18
233,2023-07-18 13:08:00+05:30,7437.0,7437.89990234375,7426.85009765625,7428.9501953125,,789.0,0.0,0.0,2023-07-18
234,2023-07-18 13:09:00+05:30,7427.39990234375,7428.9501953125,7412.14990234375,7416.2998046875,,4092.0,0.0,0.0,2023-07-18
235,2023-07-18 13:10:00+05:30,7414.14990234375,7419.4501953125,7405.0498046875,7405.0498046875,,3871.0,0.0,0.0,2023-07-18
236,2023-07-18 13:11:00+05:30,7405.0498046875,7415.0,7405.0498046875,7415.0,,2108.0,0.0,0.0,2023-07-18
237,2023-07-18 13:12:00+05:30,7412.0,7422.0,7410.2001953125,7422.0,,1964.0,0.0,0.0,2023-07-18
238,2023-07-18 13:13:00+05:30,7423.0,7426.75,7420.39990234375,7422.5,,1081.0,0.0,0.0,2023-07-18
239,2023-07-18 13:14:00+05:30,7422.5,7422.5,7414.4501953125,7414.4501953125,,902.0,0.0,0.0,2023-07-18
240,2023-07-18 13:15:00+05:30,7416.25,7421.85009765625,7414.4501953125,7421.39990234375,,910.0,0.0,0.0,2023-07-18
241,2023-07-18 13:16:00+05:30,7421.0,7423.75,7418.0498046875,7423.75,,988.0,0.0,0.0,2023-07-18
242,2023-07-18 13:17:00+05:30,7423.75,7425.5498046875,7419.25,7420.10009765625,,1444.0,0.0,0.0,2023-07-18
243,2023-07-18 13:18:00+05:30,7420.7001953125,7429.9501953125,7420.0,7426.7998046875,,1247.0,0.0,0.0,2023-07-18
244,2023-07-18 13:19:00+05:30,7429.2998046875,7433.25,7423.5,7430.5,,3037.0,0.0,0.0,2023-07-18
245,2023-07-18 13:20:00+05:30,7430.9501953125,7439.85009765625,7424.35009765625,7439.85009765625,,7040.0,0.0,0.0,2023-07-18
246,2023-07-18 13:21:00+05:30,7439.7998046875,7453.0,7431.0,7453.0,,5393.0,0.0,0.0,2023-07-18
247,2023-07-18 13:22:00+05:30,7453.7998046875,7459.7998046875,7449.10009765625,7453.64990234375,,6273.0,0.0,0.0,2023-07-18
248,2023-07-18 13:23:00+05:30,7451.5,7457.4501953125,7440.89990234375,7455.2001953125,,3933.0,0.0,0.0,2023-07-18
249,2023-07-18 13:24:00+05:30,7456.7998046875,7459.7998046875,7448.85009765625,7456.0,,3382.0,0.0,0.0,2023-07-18
250,2023-07-18 13:25:00+05:30,7452.9501953125,7457.5,7451.35009765625,7451.35009765625,,1650.0,0.0,0.0,2023-07-18
251,2023-07-18 13:26:00+05:30,7453.0,7458.5498046875,7452.0498046875,7455.0,,2732.0,0.0,0.0,2023-07-18
252,2023-07-18 13:27:00+05:30,7455.10009765625,7457.0,7446.0,7448.10009765625,,1665.0,0.0,0.0,2023-07-18
253,2023-07-18 13:28:00+05:30,7448.0,7448.0,7443.2001953125,7445.0,,971.0,0.0,0.0,2023-07-18
254,2023-07-18 13:29:00+05:30,7445.0,7445.0,7440.89990234375,7441.4501953125,,1040.0,0.0,0.0,2023-07-18
255,2023-07-18 13:30:00+05:30,7441.5498046875,7443.0,7430.0,7430.0,,3249.0,0.0,0.0,2023-07-18
256,2023-07-18 13:31:00+05:30,7430.0,7442.60009765625,7427.5498046875,7440.0498046875,,1244.0,0.0,0.0,2023-07-18
257,2023-07-18 13:32:00+05:30,7439.5,7440.4501953125,7434.5,7436.5498046875,,607.0,0.0,0.0,2023-07-18
258,2023-07-18 13:33:00+05:30,7436.0498046875,7445.0,7434.0498046875,7441.7998046875,,2322.0,0.0,0.0,2023-07-18
259,2023-07-18 13:34:00+05:30,7445.0,7449.5498046875,7440.0,7447.4501953125,,5080.0,0.0,0.0,2023-07-18
260,2023-07-18 13:35:00+05:30,7446.4501953125,7450.0,7446.39990234375,7449.0,,1905.0,0.0,0.0,2023-07-18
261,2023-07-18 13:36:00+05:30,7450.0,7450.0,7436.2998046875,7436.39990234375,,755.0,0.0,0.0,2023-07-18
262,2023-07-18 13:37:00+05:30,7436.4501953125,7437.0,7430.14990234375,7433.39990234375,,2044.0,0.0,0.0,2023-07-18
263,2023-07-18 13:38:00+05:30,7435.0498046875,7435.9501953125,7431.0,7434.14990234375,,975.0,0.0,0.0,2023-07-18
264,2023-07-18 13:39:00+05:30,7431.2998046875,7445.0,7430.9501953125,7445.0,,1080.0,0.0,0.0,2023-07-18
265,2023-07-18 13:40:00+05:30,7445.0,7450.0,7434.39990234375,7435.0,,1749.0,0.0,0.0,2023-07-18
266,2023-07-18 13:41:00+05:30,7437.7001953125,7437.7001953125,7433.0,7433.5498046875,,1053.0,0.0,0.0,2023-07-18
267,2023-07-18 13:42:00+05:30,7434.89990234375,7436.0,7430.10009765625,7431.2001953125,,1137.0,0.0,0.0,2023-07-18
268,2023-07-18 13:43:00+05:30,7431.39990234375,7447.9501953125,7431.39990234375,7443.5498046875,,1402.0,0.0,0.0,2023-07-18
269,2023-07-18 13:44:00+05:30,7443.5,7446.39990234375,7432.39990234375,7446.39990234375,,937.0,0.0,0.0,2023-07-18
270,2023-07-18 13:45:00+05:30,7444.0,7447.2001953125,7442.25,7442.25,,1240.0,0.0,0.0,2023-07-18
271,2023-07-18 13:46:00+05:30,7442.4501953125,7447.5498046875,7440.35009765625,7444.5,,1083.0,0.0,0.0,2023-07-18
272,2023-07-18 13:47:00+05:30,7442.60009765625,7446.89990234375,7435.89990234375,7435.9501953125,,1024.0,0.0,0.0,2023-07-18
273,2023-07-18 13:48:00+05:30,7435.9501953125,7437.0,7428.85009765625,7432.0,,3030.0,0.0,0.0,2023-07-18
274,2023-07-18 13:49:00+05:30,7431.89990234375,7438.85009765625,7430.0498046875,7436.4501953125,,1149.0,0.0,0.0,2023-07-18
275,2023-07-18 13:50:00+05:30,7434.10009765625,7434.60009765625,7425.2001953125,7425.2001953125,,1573.0,0.0,0.0,2023-07-18
276,2023-07-18 13:51:00+05:30,7425.35009765625,7433.10009765625,7425.0498046875,7425.0498046875,,1977.0,0.0,0.0,2023-07-18
277,2023-07-18 13:52:00+05:30,7425.0498046875,7434.9501953125,7424.0,7434.0,,1683.0,0.0,0.0,2023-07-18
278,2023-07-18 13:53:00+05:30,7432.25,7434.0,7426.5,7427.0,,973.0,0.0,0.0,2023-07-18
279,2023-07-18 13:54:00+05:30,7427.0,7430.9501953125,7425.0,7430.89990234375,,1116.0,0.0,0.0,2023-07-18
280,2023-07-18 13:55:00+05:30,7430.5,7432.2998046875,7425.25,7431.5,,1426.0,0.0,0.0,2023-07-18
281,2023-07-18 13:56:00+05:30,7429.85009765625,7438.0,7428.7001953125,7434.9501953125,,1312.0,0.0,0.0,2023-07-18
282,2023-07-18 13:57:00+05:30,7437.0,7443.0,7434.60009765625,7442.85009765625,,1316.0,0.0,0.0,2023-07-18
283,2023-07-18 13:58:00+05:30,7444.0,7453.0,7443.2001953125,7451.89990234375,,4637.0,0.0,0.0,2023-07-18
284,2023-07-18 13:59:00+05:30,7450.25,7452.0,7441.4501953125,7441.4501953125,,1705.0,0.0,0.0,2023-07-18
285,2023-07-18 14:00:00+05:30,7442.75,7444.14990234375,7437.0,7438.0498046875,,450.0,0.0,0.0,2023-07-18
286,2023-07-18 14:01:00+05:30,7438.0498046875,7438.89990234375,7436.25,7438.2998046875,,1130.0,0.0,0.0,2023-07-18
287,2023-07-18 14:02:00+05:30,7438.7001953125,7451.0,7438.7001953125,7451.0,,2271.0,0.0,0.0,2023-07-18
288,2023-07-18 14:03:00+05:30,7450.25,7457.0,7449.85009765625,7456.5,,4684.0,0.0,0.0,2023-07-18
289,2023-07-18 14:04:00+05:30,7454.2998046875,7454.7001953125,7442.0498046875,7446.0498046875,,1280.0,0.0,0.0,2023-07-18
290,2023-07-18 14:05:00+05:30,7446.14990234375,7451.10009765625,7442.0,7445.60009765625,,1273.0,0.0,0.0,2023-07-18
291,2023-07-18 14:06:00+05:30,7443.14990234375,7444.14990234375,7438.85009765625,7444.14990234375,,1029.0,0.0,0.0,2023-07-18
292,2023-07-18 14:07:00+05:30,7444.14990234375,7450.0,7442.0,7444.35009765625,,1243.0,0.0,0.0,2023-07-18
293,2023-07-18 14:08:00+05:30,7445.0,7446.0,7437.0498046875,7442.60009765625,,3761.0,0.0,0.0,2023-07-18
294,2023-07-18 14:09:00+05:30,7442.60009765625,7453.2001953125,7442.60009765625,7447.7998046875,,5097.0,0.0,0.0,2023-07-18
295,2023-07-18 14:10:00+05:30,7450.0,7450.0,7436.5,7440.5,,1514.0,0.0,0.0,2023-07-18
296,2023-07-18 14:11:00+05:30,7440.5498046875,7443.0,7435.10009765625,7439.89990234375,,892.0,0.0,0.0,2023-07-18
297,2023-07-18 14:12:00+05:30,7443.2001953125,7443.2001953125,7426.0498046875,7428.0,,6693.0,0.0,0.0,2023-07-18
298,2023-07-18 14:13:00+05:30,7428.0,7435.2998046875,7428.0,7433.0,,1057.0,0.0,0.0,2023-07-18
299,2023-07-18 14:14:00+05:30,7432.75,7433.9501953125,7422.85009765625,7426.85009765625,,3178.0,0.0,0.0,2023-07-18
300,2023-07-18 14:15:00+05:30,7426.64990234375,7431.39990234375,7416.2998046875,7416.2998046875,,4701.0,0.0,0.0,2023-07-18
301,2023-07-18 14:16:00+05:30,7416.2998046875,7419.0498046875,7416.0,7416.0498046875,,7993.0,0.0,0.0,2023-07-18
302,2023-07-18 14:17:00+05:30,7417.0,7417.4501953125,7401.64990234375,7401.89990234375,,13583.0,0.0,0.0,2023-07-18
303,2023-07-18 14:18:00+05:30,7401.9501953125,7409.5498046875,7398.0,7400.25,,19075.0,0.0,0.0,2023-07-18
304,2023-07-18 14:19:00+05:30,7400.0498046875,7407.85009765625,7390.9501953125,7394.14990234375,,7863.0,0.0,0.0,2023-07-18
305,2023-07-18 14:20:00+05:30,7392.0,7396.9501953125,7381.0,7383.14990234375,,7196.0,0.0,0.0,2023-07-18
306,2023-07-18 14:21:00+05:30,7385.5498046875,7398.0498046875,7385.5498046875,7392.0,,3300.0,0.0,0.0,2023-07-18
307,2023-07-18 14:22:00+05:30,7391.85009765625,7400.0,7390.7998046875,7400.0,,1328.0,0.0,0.0,2023-07-18
308,2023-07-18 14:23:00+05:30,7400.4501953125,7402.35009765625,7393.10009765625,7394.9501953125,,2681.0,0.0,0.0,2023-07-18
309,2023-07-18 14:24:00+05:30,7394.9501953125,7404.75,7393.10009765625,7399.0,,1374.0,0.0,0.0,2023-07-18
310,2023-07-18 14:25:00+05:30,7401.0,7402.5498046875,7393.2998046875,7400.0,,2615.0,0.0,0.0,2023-07-18
311,2023-07-18 14:26:00+05:30,7396.35009765625,7414.35009765625,7396.35009765625,7406.0,,2672.0,0.0,0.0,2023-07-18
312,2023-07-18 14:27:00+05:30,7407.14990234375,7407.14990234375,7397.35009765625,7399.0,,2522.0,0.0,0.0,2023-07-18
313,2023-07-18 14:28:00+05:30,7400.0,7405.25,7398.0,7405.25,,1255.0,0.0,0.0,2023-07-18
314,2023-07-18 14:29:00+05:30,7407.0,7414.0,7405.0,7413.89990234375,,3039.0,0.0,0.0,2023-07-18
315,2023-07-18 14:30:00+05:30,7413.89990234375,7413.89990234375,7404.9501953125,7404.9501953125,,1607.0,0.0,0.0,2023-07-18
316,2023-07-18 14:31:00+05:30,7402.85009765625,7407.0498046875,7402.14990234375,7407.0,,1370.0,0.0,0.0,2023-07-18
317,2023-07-18 14:32:00+05:30,7407.0,7412.0,7405.14990234375,7407.2001953125,,1888.0,0.0,0.0,2023-07-18
318,2023-07-18 14:33:00+05:30,7406.2001953125,7406.7001953125,7394.9501953125,7398.10009765625,,3436.0,0.0,0.0,2023-07-18
319,2023-07-18 14:34:00+05:30,7394.9501953125,7401.7001953125,7393.4501953125,7400.5498046875,,2904.0,0.0,0.0,2023-07-18
320,2023-07-18 14:35:00+05:30,7400.0498046875,7404.14990234375,7399.2998046875,7401.75,,5239.0,0.0,0.0,2023-07-18
321,2023-07-18 14:36:00+05:30,7401.89990234375,7401.89990234375,7392.7998046875,7398.35009765625,,3635.0,0.0,0.0,2023-07-18
322,2023-07-18 14:37:00+05:30,7400.0,7409.7998046875,7398.39990234375,7408.0498046875,,1848.0,0.0,0.0,2023-07-18
323,2023-07-18 14:38:00+05:30,7406.5,7408.39990234375,7403.10009765625,7408.0,,700.0,0.0,0.0,2023-07-18
324,2023-07-18 14:39:00+05:30,7408.0,7420.0,7404.39990234375,7418.9501953125,,2250.0,0.0,0.0,2023-07-18
325,2023-07-18 14:40:00+05:30,7416.35009765625,7417.64990234375,7407.0,7411.9501953125,,1099.0,0.0,0.0,2023-07-18
326,2023-07-18 14:41:00+05:30,7415.0,7415.0,7408.14990234375,7411.39990234375,,1120.0,0.0,0.0,2023-07-18
327,2023-07-18 14:42:00+05:30,7411.39990234375,7417.64990234375,7408.10009765625,7413.9501953125,,1978.0,0.0,0.0,2023-07-18
328,2023-07-18 14:43:00+05:30,7413.89990234375,7417.35009765625,7411.10009765625,7413.2998046875,,2506.0,0.0,0.0,2023-07-18
329,2023-07-18 14:44:00+05:30,7413.25,7414.7998046875,7406.89990234375,7409.5498046875,,1956.0,0.0,0.0,2023-07-18
330,2023-07-18 14:45:00+05:30,7409.5,7415.0,7407.0,7407.14990234375,,2739.0,0.0,0.0,2023-07-18
331,2023-07-18 14:46:00+05:30,7407.0,7407.35009765625,7398.10009765625,7398.2998046875,,5402.0,0.0,0.0,2023-07-18
332,2023-07-18 14:47:00+05:30,7398.2998046875,7408.0498046875,7397.89990234375,7398.7001953125,,9723.0,0.0,0.0,2023-07-18
333,2023-07-18 14:48:00+05:30,7398.75,7403.0,7396.2998046875,7397.2998046875,,5302.0,0.0,0.0,2023-07-18
334,2023-07-18 14:49:00+05:30,7396.2998046875,7399.64990234375,7392.10009765625,7392.85009765625,,7232.0,0.0,0.0,2023-07-18
335,2023-07-18 14:50:00+05:30,7392.85009765625,7399.0,7392.85009765625,7399.0,,1421.0,0.0,0.0,2023-07-18
336,2023-07-18 14:51:00+05:30,7398.7001953125,7402.75,7398.7001953125,7400.0,,2571.0,0.0,0.0,2023-07-18
337,2023-07-18 14:52:00+05:30,7400.0,7400.0,7398.0,7399.25,,1054.0,0.0,0.0,2023-07-18
338,2023-07-18 14:53:00+05:30,7400.0,7403.89990234375,7398.0,7400.0,,4051.0,0.0,0.0,2023-07-18
339,2023-07-18 14:54:00+05:30,7400.0,7409.9501953125,7399.4501953125,7399.7001953125,,8945.0,0.0,0.0,2023-07-18
340,2023-07-18 14:55:00+05:30,7399.7001953125,7400.0,7393.5498046875,7396.0,,3215.0,0.0,0.0,2023-07-18
341,2023-07-18 14:56:00+05:30,7396.0,7398.9501953125,7393.75,7398.64990234375,,1048.0,0.0,0.0,2023-07-18
342,2023-07-18 14:57:00+05:30,7398.5,7408.75,7398.5,7406.60009765625,,24619.0,0.0,0.0,2023-07-18
343,2023-07-18 14:58:00+05:30,7408.0,7408.0,7401.39990234375,7403.5498046875,,3206.0,0.0,0.0,2023-07-18
344,2023-07-18 14:59:00+05:30,7403.5498046875,7409.85009765625,7401.0,7409.2998046875,,6329.0,0.0,0.0,2023-07-18
345,2023-07-18 15:00:00+05:30,7410.75,7424.0,7409.2998046875,7413.0,,7154.0,0.0,0.0,2023-07-18
346,2023-07-18 15:01:00+05:30,7413.7001953125,7419.9501953125,7411.10009765625,7419.0,,3633.0,0.0,0.0,2023-07-18
347,2023-07-18 15:02:00+05:30,7420.0,7422.0,7418.10009765625,7421.9501953125,,3291.0,0.0,0.0,2023-07-18
348,2023-07-18 15:03:00+05:30,7421.7998046875,7428.0,7421.7998046875,7425.9501953125,,3934.0,0.0,0.0,2023-07-18
349,2023-07-18 15:04:00+05:30,7426.7998046875,7427.9501953125,7423.7998046875,7424.7998046875,,3210.0,0.0,0.0,2023-07-18
350,2023-07-18 15:05:00+05:30,7424.7998046875,7428.0,7423.75,7428.0,,2864.0,0.0,0.0,2023-07-18
351,2023-07-18 15:06:00+05:30,7427.0498046875,7430.0,7427.0,7427.5,,4177.0,0.0,0.0,2023-07-18
352,2023-07-18 15:07:00+05:30,7427.9501953125,7427.9501953125,7422.0,7425.0,,2935.0,0.0,0.0,2023-07-18
353,2023-07-18 15:08:00+05:30,7425.0,7433.0,7425.0,7432.0,,5369.0,0.0,0.0,2023-07-18
354,2023-07-18 15:09:00+05:30,7431.5,7432.5,7426.0,7430.0,,2813.0,0.0,0.0,2023-07-18
355,2023-07-18 15:10:00+05:30,7429.9501953125,7433.2998046875,7426.2998046875,7430.0,,4701.0,0.0,0.0,2023-07-18
356,2023-07-18 15:11:00+05:30,7429.5,7430.0,7425.9501953125,7425.9501953125,,3087.0,0.0,0.0,2023-07-18
357,2023-07-18 15:12:00+05:30,7425.9501953125,7426.0,7417.10009765625,7419.0,,6416.0,0.0,0.0,2023-07-18
358,2023-07-18 15:13:00+05:30,7417.5,7424.4501953125,7410.0498046875,7422.4501953125,,6205.0,0.0,0.0,2023-07-18
359,2023-07-18 15:14:00+05:30,7424.0,7424.89990234375,7422.5,7424.89990234375,,2815.0,0.0,0.0,2023-07-18
360,2023-07-18 15:15:00+05:30,7423.9501953125,7425.10009765625,7418.75,7424.7998046875,,5049.0,0.0,0.0,2023-07-18
361,2023-07-18 15:16:00+05:30,7423.7998046875,7424.7998046875,7416.0,7420.0,,4205.0,0.0,0.0,2023-07-18
362,2023-07-18 15:17:00+05:30,7419.0,7423.0,7417.89990234375,7422.0498046875,,2564.0,0.0,0.0,2023-07-18
363,2023-07-18 15:18:00+05:30,7422.0,7427.5498046875,7422.0,7427.5498046875,,11741.0,0.0,0.0,2023-07-18
364,2023-07-18 15:19:00+05:30,7427.5498046875,7430.89990234375,7426.0,7426.7998046875,,7824.0,0.0,0.0,2023-07-18
365,2023-07-18 15:20:00+05:30,7426.10009765625,7426.7001953125,7408.39990234375,7411.35009765625,,12245.0,0.0,0.0,2023-07-18
366,2023-07-18 15:21:00+05:30,7411.25,7414.85009765625,7402.60009765625,7409.0,,7553.0,0.0,0.0,2023-07-18
367,2023-07-18 15:22:00+05:30,7409.0,7416.4501953125,7409.0,7415.0498046875,,3009.0,0.0,0.0,2023-07-18
368,2023-07-18 15:23:00+05:30,7414.89990234375,7415.0,7408.4501953125,7411.10009765625,,3674.0,0.0,0.0,2023-07-18
369,2023-07-18 15:24:00+05:30,7412.0,7412.9501953125,7410.0,7411.9501953125,,4129.0,0.0,0.0,2023-07-18
370,2023-07-18 15:25:00+05:30,7412.0,7412.0,7408.25,7408.60009765625,,2895.0,0.0,0.0,2023-07-18
371,2023-07-18 15:26:00+05:30,7408.64990234375,7412.0,7407.89990234375,7411.7998046875,,3122.0,0.0,0.0,2023-07-18
372,2023-07-18 15:27:00+05:30,7411.7998046875,7412.0,7409.7001953125,7412.0,,2468.0,0.0,0.0,2023-07-18
373,2023-07-18 15:28:00+05:30,7411.85009765625,7412.0,7410.0,7411.9501953125,,2261.0,0.0,0.0,2023-07-18
374,2023-07-18 15:29:00+05:30,7410.0,7420.0,7409.0,7415.0,,3495.0,0.0,0.0,2023-07-18
375,2023-07-19 09:15:00+05:30,7441.9501953125,7471.0498046875,7431.10009765625,7451.85009765625,,16564.0,0.0,0.0,2023-07-19
376,2023-07-19 09:16:00+05:30,7457.2998046875,7477.5,7450.35009765625,7469.2001953125,,10102.0,0.0,0.0,2023-07-19
377,2023-07-19 09:17:00+05:30,7474.5498046875,7484.7998046875,7466.10009765625,7469.2998046875,,14484.0,0.0,0.0,2023-07-19
378,2023-07-19 09:18:00+05:30,7471.39990234375,7477.0,7457.5,7460.7998046875,,6434.0,0.0,0.0,2023-07-19
379,2023-07-19 09:19:00+05:30,7457.4501953125,7460.0,7449.64990234375,7455.0,,3328.0,0.0,0.0,2023-07-19
380,2023-07-19 09:20:00+05:30,7454.0498046875,7460.0,7440.85009765625,7443.5498046875,,5629.0,0.0,0.0,2023-07-19
381,2023-07-19 09:21:00+05:30,7444.85009765625,7455.0,7444.39990234375,7444.39990234375,,2078.0,0.0,0.0,2023-07-19
382,2023-07-19 09:22:00+05:30,7447.14990234375,7451.7998046875,7445.0,7449.0498046875,,2472.0,0.0,0.0,2023-07-19
383,2023-07-19 09:23:00+05:30,7448.75,7455.0,7445.10009765625,7452.0,,3298.0,0.0,0.0,2023-07-19
384,2023-07-19 09:24:00+05:30,7453.14990234375,7453.5,7445.10009765625,7453.0,,3504.0,0.0,0.0,2023-07-19
385,2023-07-19 09:25:00+05:30,7454.5,7462.89990234375,7452.89990234375,7454.9501953125,,1976.0,0.0,0.0,2023-07-19
386,2023-07-19 09:26:00+05:30,7454.9501953125,7455.0,7450.4501953125,7453.0,,668.0,0.0,0.0,2023-07-19
387,2023-07-19 09:27:00+05:30,7453.0,7454.9501953125,7450.4501953125,7454.9501953125,,716.0,0.0,0.0,2023-07-19
388,2023-07-19 09:28:00+05:30,7454.0,7460.39990234375,7451.35009765625,7459.4501953125,,755.0,0.0,0.0,2023-07-19
389,2023-07-19 09:29:00+05:30,7459.5,7463.7001953125,7457.14990234375,7463.5498046875,,1553.0,0.0,0.0,2023-07-19
390,2023-07-19 09:30:00+05:30,7462.0,7474.0,7458.2001953125,7469.4501953125,,2758.0,0.0,0.0,2023-07-19
391,2023-07-19 09:31:00+05:30,7469.39990234375,7470.5,7462.89990234375,7466.9501953125,,2974.0,0.0,0.0,2023-07-19
392,2023-07-19 09:32:00+05:30,7465.5498046875,7466.9501953125,7457.39990234375,7459.9501953125,,2393.0,0.0,0.0,2023-07-19
393,2023-07-19 09:33:00+05:30,7460.0,7460.0,7455.5,7459.75,,1562.0,0.0,0.0,2023-07-19
394,2023-07-19 09:34:00+05:30,7459.75,7464.5498046875,7457.0,7460.4501953125,,783.0,0.0,0.0,2023-07-19
395,2023-07-19 09:35:00+05:30,7462.60009765625,7470.0,7458.5498046875,7470.0,,1956.0,0.0,0.0,2023-07-19
396,2023-07-19 09:36:00+05:30,7469.9501953125,7473.2001953125,7462.0,7465.25,,2259.0,0.0,0.0,2023-07-19
397,2023-07-19 09:37:00+05:30,7465.85009765625,7476.9501953125,7465.85009765625,7476.9501953125,,4859.0,0.0,0.0,2023-07-19
398,2023-07-19 09:38:00+05:30,7475.0498046875,7477.0,7466.5498046875,7469.85009765625,,2715.0,0.0,0.0,2023-07-19
399,2023-07-19 09:39:00+05:30,7471.10009765625,7474.0,7470.0,7474.0,,987.0,0.0,0.0,2023-07-19
400,2023-07-19 09:40:00+05:30,7475.0,7475.25,7469.5498046875,7469.60009765625,,1899.0,0.0,0.0,2023-07-19
401,2023-07-19 09:41:00+05:30,7472.7998046875,7472.7998046875,7461.9501953125,7464.9501953125,,1585.0,0.0,0.0,2023-07-19
402,2023-07-19 09:42:00+05:30,7464.7998046875,7466.5,7462.4501953125,7465.5,,556.0,0.0,0.0,2023-07-19
403,2023-07-19 09:43:00+05:30,7465.5,7473.0,7465.5,7470.14990234375,,2073.0,0.0,0.0,2023-07-19
404,2023-07-19 09:44:00+05:30,7466.0,7468.0,7463.0,7468.0,,1293.0,0.0,0.0,2023-07-19
405,2023-07-19 09:45:00+05:30,7468.0,7479.89990234375,7467.0,7479.89990234375,,5037.0,0.0,0.0,2023-07-19
406,2023-07-19 09:46:00+05:30,7479.89990234375,7479.89990234375,7474.75,7478.85009765625,,1993.0,0.0,0.0,2023-07-19
407,2023-07-19 09:47:00+05:30,7478.35009765625,7482.0,7475.5,7482.0,,5089.0,0.0,0.0,2023-07-19
408,2023-07-19 09:48:00+05:30,7481.39990234375,7486.89990234375,7481.0498046875,7482.0,,4478.0,0.0,0.0,2023-07-19
409,2023-07-19 09:49:00+05:30,7484.5,7484.5,7467.9501953125,7474.0,,1493.0,0.0,0.0,2023-07-19
410,2023-07-19 09:50:00+05:30,7472.0,7478.14990234375,7471.85009765625,7477.39990234375,,931.0,0.0,0.0,2023-07-19
411,2023-07-19 09:51:00+05:30,7477.39990234375,7479.7001953125,7475.0,7479.7001953125,,525.0,0.0,0.0,2023-07-19
412,2023-07-19 09:52:00+05:30,7478.10009765625,7480.0,7477.14990234375,7478.0498046875,,1079.0,0.0,0.0,2023-07-19
413,2023-07-19 09:53:00+05:30,7479.89990234375,7479.89990234375,7473.35009765625,7475.0,,1125.0,0.0,0.0,2023-07-19
414,2023-07-19 09:54:00+05:30,7476.9501953125,7477.9501953125,7475.0,7477.39990234375,,451.0,0.0,0.0,2023-07-19
415,2023-07-19 09:55:00+05:30,7477.39990234375,7479.64990234375,7475.0,7479.64990234375,,995.0,0.0,0.0,2023-07-19
416,2023-07-19 09:56:00+05:30,7479.64990234375,7484.60009765625,7477.4501953125,7484.60009765625,,902.0,0.0,0.0,2023-07-19
417,2023-07-19 09:57:00+05:30,7485.0,7486.0498046875,7480.0,7486.0498046875,,2429.0,0.0,0.0,2023-07-19
418,2023-07-19 09:58:00+05:30,7486.5,7486.89990234375,7480.60009765625,7483.60009765625,,1676.0,0.0,0.0,2023-07-19
419,2023-07-19 09:59:00+05:30,7480.75,7486.0,7478.4501953125,7485.89990234375,,1256.0,0.0,0.0,2023-07-19
420,2023-07-19 10:00:00+05:30,7485.89990234375,7488.89990234375,7481.0,7483.0498046875,,5547.0,0.0,0.0,2023-07-19
421,2023-07-19 10:01:00+05:30,7485.0,7488.89990234375,7484.0,7488.10009765625,,1812.0,0.0,0.0,2023-07-19
422,2023-07-19 10:02:00+05:30,7488.14990234375,7490.0,7485.0,7490.0,,6986.0,0.0,0.0,2023-07-19
423,2023-07-19 10:03:00+05:30,7490.0,7493.89990234375,7489.89990234375,7493.89990234375,,3858.0,0.0,0.0,2023-07-19
424,2023-07-19 10:04:00+05:30,7492.89990234375,7493.89990234375,7481.2998046875,7483.85009765625,,4224.0,0.0,0.0,2023-07-19
425,2023-07-19 10:05:00+05:30,7483.85009765625,7488.39990234375,7482.64990234375,7484.39990234375,,1528.0,0.0,0.0,2023-07-19
426,2023-07-19 10:06:00+05:30,7487.14990234375,7490.0,7483.85009765625,7489.10009765625,,2263.0,0.0,0.0,2023-07-19
427,2023-07-19 10:07:00+05:30,7491.35009765625,7491.35009765625,7484.4501953125,7489.0,,2602.0,0.0,0.0,2023-07-19
428,2023-07-19 10:08:00+05:30,7489.0,7489.0,7483.5,7487.4501953125,,1637.0,0.0,0.0,2023-07-19
429,2023-07-19 10:09:00+05:30,7484.75,7487.0,7475.60009765625,7485.0,,26053.0,0.0,0.0,2023-07-19
430,2023-07-19 10:10:00+05:30,7486.35009765625,7494.0,7485.7998046875,7491.2998046875,,3699.0,0.0,0.0,2023-07-19
431,2023-07-19 10:11:00+05:30,7492.75,7495.10009765625,7492.0,7494.9501953125,,3618.0,0.0,0.0,2023-07-19
432,2023-07-19 10:12:00+05:30,7495.0,7497.89990234375,7494.39990234375,7497.75,,4450.0,0.0,0.0,2023-07-19
433,2023-07-19 10:13:00+05:30,7497.75,7497.75,7491.75,7492.0,,1072.0,0.0,0.0,2023-07-19
434,2023-07-19 10:14:00+05:30,7492.0,7505.39990234375,7491.0,7505.39990234375,,18049.0,0.0,0.0,2023-07-19
435,2023-07-19 10:15:00+05:30,7506.0,7514.7998046875,7505.7998046875,7514.14990234375,,8682.0,0.0,0.0,2023-07-19
436,2023-07-19 10:16:00+05:30,7514.14990234375,7514.14990234375,7508.0,7512.89990234375,,3412.0,0.0,0.0,2023-07-19
437,2023-07-19 10:17:00+05:30,7512.89990234375,7512.89990234375,7505.9501953125,7507.14990234375,,2990.0,0.0,0.0,2023-07-19
438,2023-07-19 10:18:00+05:30,7505.85009765625,7507.5,7497.0,7503.64990234375,,3222.0,0.0,0.0,2023-07-19
439,2023-07-19 10:19:00+05:30,7504.89990234375,7504.89990234375,7495.60009765625,7495.60009765625,,1068.0,0.0,0.0,2023-07-19
440,2023-07-19 10:20:00+05:30,7496.5,7498.25,7490.5498046875,7490.5498046875,,2980.0,0.0,0.0,2023-07-19
441,2023-07-19 10:21:00+05:30,7490.5498046875,7494.0,7488.9501953125,7492.9501953125,,2857.0,0.0,0.0,2023-07-19
442,2023-07-19 10:22:00+05:30,7491.9501953125,7494.0,7490.0,7494.0,,1404.0,0.0,0.0,2023-07-19
443,2023-07-19 10:23:00+05:30,7494.9501953125,7500.0,7494.2001953125,7500.0,,2006.0,0.0,0.0,2023-07-19
444,2023-07-19 10:24:00+05:30,7499.64990234375,7508.25,7499.64990234375,7503.39990234375,,2476.0,0.0,0.0,2023-07-19
445,2023-07-19 10:25:00+05:30,7503.7998046875,7503.9501953125,7495.0498046875,7495.0498046875,,2214.0,0.0,0.0,2023-07-19
446,2023-07-19 10:26:00+05:30,7495.0498046875,7496.7998046875,7491.2001953125,7496.7001953125,,959.0,0.0,0.0,2023-07-19
447,2023-07-19 10:27:00+05:30,7496.7001953125,7499.7998046875,7491.0,7492.75,,1337.0,0.0,0.0,2023-07-19
448,2023-07-19 10:28:00+05:30,7492.7998046875,7497.9501953125,7490.7998046875,7497.7998046875,,1069.0,0.0,0.0,2023-07-19
449,2023-07-19 10:29:00+05:30,7497.7001953125,7499.9501953125,7494.0,7494.0,,1266.0,0.0,0.0,2023-07-19
450,2023-07-19 10:30:00+05:30,7494.0,7499.0,7490.64990234375,7496.0,,1394.0,0.0,0.0,2023-07-19
451,2023-07-19 10:31:00+05:30,7496.0,7497.0,7490.0,7490.0,,704.0,0.0,0.0,2023-07-19
452,2023-07-19 10:32:00+05:30,7491.39990234375,7497.0,7490.0,7497.0,,849.0,0.0,0.0,2023-07-19
453,2023-07-19 10:33:00+05:30,7497.0,7497.0,7483.2998046875,7486.2998046875,,2634.0,0.0,0.0,2023-07-19
454,2023-07-19 10:34:00+05:30,7486.2998046875,7489.0,7483.4501953125,7486.0498046875,,976.0,0.0,0.0,2023-07-19
455,2023-07-19 10:35:00+05:30,7486.25,7489.0,7486.0,7486.0,,719.0,0.0,0.0,2023-07-19
456,2023-07-19 10:36:00+05:30,7486.0,7490.0,7486.0,7489.5,,1006.0,0.0,0.0,2023-07-19
457,2023-07-19 10:37:00+05:30,7489.5498046875,7490.0,7486.7001953125,7489.39990234375,,616.0,0.0,0.0,2023-07-19
458,2023-07-19 10:38:00+05:30,7490.0,7492.0,7487.0,7490.10009765625,,1867.0,0.0,0.0,2023-07-19
459,2023-07-19 10:39:00+05:30,7491.2001953125,7495.0,7490.10009765625,7490.10009765625,,727.0,0.0,0.0,2023-07-19
460,2023-07-19 10:40:00+05:30,7490.14990234375,7496.89990234375,7490.10009765625,7496.89990234375,,1232.0,0.0,0.0,2023-07-19
461,2023-07-19 10:41:00+05:30,7497.0,7506.75,7490.89990234375,7503.5498046875,,5521.0,0.0,0.0,2023-07-19
462,2023-07-19 10:42:00+05:30,7503.0,7518.0,7500.7998046875,7518.0,,13700.0,0.0,0.0,2023-07-19
463,2023-07-19 10:43:00+05:30,7518.0,7521.0,7506.5498046875,7516.5,,15102.0,0.0,0.0,2023-07-19
464,2023-07-19 10:44:00+05:30,7516.5,7516.5,7504.4501953125,7507.5498046875,,2738.0,0.0,0.0,2023-07-19
465,2023-07-19 10:45:00+05:30,7508.0,7508.0,7496.60009765625,7507.0,,3252.0,0.0,0.0,2023-07-19
466,2023-07-19 10:46:00+05:30,7507.0,7507.5,7501.10009765625,7503.2998046875,,965.0,0.0,0.0,2023-07-19
467,2023-07-19 10:47:00+05:30,7502.0498046875,7504.4501953125,7501.14990234375,7502.5,,922.0,0.0,0.0,2023-07-19
468,2023-07-19 10:48:00+05:30,7502.5,7510.0,7502.5,7509.0,,1195.0,0.0,0.0,2023-07-19
469,2023-07-19 10:49:00+05:30,7510.0,7510.0,7505.5498046875,7508.0,,921.0,0.0,0.0,2023-07-19
470,2023-07-19 10:50:00+05:30,7506.89990234375,7508.0,7505.9501953125,7505.9501953125,,809.0,0.0,0.0,2023-07-19
471,2023-07-19 10:51:00+05:30,7506.0,7508.0,7504.89990234375,7506.0498046875,,1037.0,0.0,0.0,2023-07-19
472,2023-07-19 10:52:00+05:30,7506.0,7513.2001953125,7505.0,7511.5498046875,,3141.0,0.0,0.0,2023-07-19
473,2023-07-19 10:53:00+05:30,7511.5498046875,7513.85009765625,7508.39990234375,7508.39990234375,,2030.0,0.0,0.0,2023-07-19
474,2023-07-19 10:54:00+05:30,7510.0,7510.0,7508.0,7509.0,,506.0,0.0,0.0,2023-07-19
475,2023-07-19 10:55:00+05:30,7509.0,7515.0,7509.0,7512.0,,4083.0,0.0,0.0,2023-07-19
476,2023-07-19 10:56:00+05:30,7512.0,7519.0,7511.5498046875,7518.0,,4027.0,0.0,0.0,2023-07-19
477,2023-07-19 10:57:00+05:30,7518.89990234375,7518.89990234375,7510.14990234375,7510.14990234375,,1514.0,0.0,0.0,2023-07-19
478,2023-07-19 10:58:00+05:30,7510.0,7512.7001953125,7502.7001953125,7503.0498046875,,1492.0,0.0,0.0,2023-07-19
479,2023-07-19 10:59:00+05:30,7503.0498046875,7513.7998046875,7503.0498046875,7507.35009765625,,2123.0,0.0,0.0,2023-07-19
480,2023-07-19 11:00:00+05:30,7505.4501953125,7508.0,7505.4501953125,7508.0,,648.0,0.0,0.0,2023-07-19
481,2023-07-19 11:01:00+05:30,7508.0,7512.0,7508.0,7510.2998046875,,1491.0,0.0,0.0,2023-07-19
482,2023-07-19 11:02:00+05:30,7512.0,7514.7001953125,7508.64990234375,7509.4501953125,,1120.0,0.0,0.0,2023-07-19
483,2023-07-19 11:03:00+05:30,7509.4501953125,7509.75,7496.0,7501.0498046875,,3244.0,0.0,0.0,2023-07-19
484,2023-07-19 11:04:00+05:30,7502.0,7507.2001953125,7500.35009765625,7502.0,,1222.0,0.0,0.0,2023-07-19
485,2023-07-19 11:05:00+05:30,7502.0,7502.0,7496.0,7499.9501953125,,1353.0,0.0,0.0,2023-07-19
486,2023-07-19 11:06:00+05:30,7499.9501953125,7499.9501953125,7495.0,7495.14990234375,,1224.0,0.0,0.0,2023-07-19
487,2023-07-19 11:07:00+05:30,7495.14990234375,7497.39990234375,7494.9501953125,7496.0,,773.0,0.0,0.0,2023-07-19
488,2023-07-19 11:08:00+05:30,7496.0,7497.0,7495.0,7496.89990234375,,625.0,0.0,0.0,2023-07-19
489,2023-07-19 11:09:00+05:30,7496.35009765625,7497.0,7495.10009765625,7495.10009765625,,1433.0,0.0,0.0,2023-07-19
490,2023-07-19 11:10:00+05:30,7495.9501953125,7500.0,7494.5,7499.5498046875,,948.0,0.0,0.0,2023-07-19
491,2023-07-19 11:11:00+05:30,7497.0498046875,7500.0,7496.7998046875,7498.0498046875,,321.0,0.0,0.0,2023-07-19
492,2023-07-19 11:12:00+05:30,7498.7998046875,7500.0,7497.75,7499.89990234375,,638.0,0.0,0.0,2023-07-19
493,2023-07-19 11:13:00+05:30,7499.85009765625,7500.9501953125,7498.0,7500.0,,1499.0,0.0,0.0,2023-07-19
494,2023-07-19 11:14:00+05:30,7500.0,7500.9501953125,7495.0,7495.14990234375,,1232.0,0.0,0.0,2023-07-19
495,2023-07-19 11:15:00+05:30,7495.14990234375,7495.14990234375,7490.0,7490.0498046875,,3447.0,0.0,0.0,2023-07-19
496,2023-07-19 11:16:00+05:30,7491.0498046875,7493.39990234375,7483.2998046875,7483.2998046875,,1792.0,0.0,0.0,2023-07-19
497,2023-07-19 11:17:00+05:30,7484.9501953125,7487.9501953125,7479.64990234375,7479.64990234375,,2787.0,0.0,0.0,2023-07-19
498,2023-07-19 11:18:00+05:30,7478.0498046875,7485.0,7478.0498046875,7485.0,,1799.0,0.0,0.0,2023-07-19
499,2023-07-19 11:19:00+05:30,7485.10009765625,7488.89990234375,7484.0,7486.25,,1546.0,0.0,0.0,2023-07-19
500,2023-07-19 11:20:00+05:30,7486.10009765625,7494.89990234375,7483.0,7494.89990234375,,1009.0,0.0,0.0,2023-07-19
501,2023-07-19 11:21:00+05:30,7494.0,7495.0,7489.5,7493.9501953125,,2770.0,0.0,0.0,2023-07-19
502,2023-07-19 11:22:00+05:30,7493.9501953125,7495.0,7492.2998046875,7492.39990234375,,661.0,0.0,0.0,2023-07-19
503,2023-07-19 11:23:00+05:30,7495.0,7495.0,7489.5,7489.5,,730.0,0.0,0.0,2023-07-19
504,2023-07-19 11:24:00+05:30,7491.75,7494.85009765625,7490.0,7494.7998046875,,1033.0,0.0,0.0,2023-07-19
505,2023-07-19 11:25:00+05:30,7494.7998046875,7494.9501953125,7491.5498046875,7491.5498046875,,445.0,0.0,0.0,2023-07-19
506,2023-07-19 11:26:00+05:30,7490.2998046875,7494.89990234375,7489.89990234375,7494.89990234375,,432.0,0.0,0.0,2023-07-19
507,2023-07-19 11:27:00+05:30,7492.75,7495.0,7491.0,7491.10009765625,,267.0,0.0,0.0,2023-07-19
508,2023-07-19 11:28:00+05:30,7491.10009765625,7495.0,7491.10009765625,7495.0,,391.0,0.0,0.0,2023-07-19
509,2023-07-19 11:29:00+05:30,7495.0,7497.7001953125,7494.64990234375,7497.5498046875,,1068.0,0.0,0.0,2023-07-19
510,2023-07-19 11:30:00+05:30,7497.5498046875,7497.7001953125,7495.0,7496.89990234375,,365.0,0.0,0.0,2023-07-19
511,2023-07-19 11:31:00+05:30,7496.85009765625,7499.89990234375,7494.60009765625,7499.89990234375,,1946.0,0.0,0.0,2023-07-19
512,2023-07-19 11:32:00+05:30,7500.0,7500.0,7496.85009765625,7499.0,,1367.0,0.0,0.0,2023-07-19
513,2023-07-19 11:33:00+05:30,7499.0,7501.60009765625,7496.5498046875,7501.0498046875,,1238.0,0.0,0.0,2023-07-19
514,2023-07-19 11:34:00+05:30,7501.60009765625,7501.7001953125,7496.25,7496.25,,662.0,0.0,0.0,2023-07-19
515,2023-07-19 11:35:00+05:30,7496.0,7498.64990234375,7492.0498046875,7495.0,,850.0,0.0,0.0,2023-07-19
516,2023-07-19 11:36:00+05:30,7495.0,7497.14990234375,7492.5498046875,7497.0,,895.0,0.0,0.0,2023-07-19
517,2023-07-19 11:37:00+05:30,7497.10009765625,7499.9501953125,7497.10009765625,7499.60009765625,,370.0,0.0,0.0,2023-07-19
518,2023-07-19 11:38:00+05:30,7499.60009765625,7499.9501953125,7496.5,7499.0,,402.0,0.0,0.0,2023-07-19
519,2023-07-19 11:39:00+05:30,7497.4501953125,7499.9501953125,7496.5498046875,7496.60009765625,,320.0,0.0,0.0,2023-07-19
520,2023-07-19 11:40:00+05:30,7498.5498046875,7499.9501953125,7496.7001953125,7499.9501953125,,1232.0,0.0,0.0,2023-07-19
521,2023-07-19 11:41:00+05:30,7499.9501953125,7510.0,7498.64990234375,7510.0,,2548.0,0.0,0.0,2023-07-19
522,2023-07-19 11:42:00+05:30,7509.89990234375,7512.85009765625,7503.25,7507.4501953125,,2555.0,0.0,0.0,2023-07-19
523,2023-07-19 11:43:00+05:30,7505.9501953125,7507.0,7501.25,7502.0498046875,,1103.0,0.0,0.0,2023-07-19
524,2023-07-19 11:44:00+05:30,7502.2001953125,7504.2998046875,7496.0,7501.9501953125,,1415.0,0.0,0.0,2023-07-19
525,2023-07-19 11:45:00+05:30,7502.0,7503.85009765625,7497.0498046875,7498.7998046875,,1073.0,0.0,0.0,2023-07-19
526,2023-07-19 11:46:00+05:30,7496.0498046875,7499.5,7490.75,7492.5,,808.0,0.0,0.0,2023-07-19
527,2023-07-19 11:47:00+05:30,7492.5498046875,7497.0,7488.2001953125,7497.0,,1100.0,0.0,0.0,2023-07-19
528,2023-07-19 11:48:00+05:30,7495.10009765625,7503.7998046875,7495.10009765625,7496.7998046875,,1286.0,0.0,0.0,2023-07-19
529,2023-07-19 11:49:00+05:30,7499.0,7503.0498046875,7497.89990234375,7502.2998046875,,699.0,0.0,0.0,2023-07-19
530,2023-07-19 11:50:00+05:30,7503.0,7506.0,7501.4501953125,7504.25,,606.0,0.0,0.0,2023-07-19
531,2023-07-19 11:51:00+05:30,7508.0,7508.7998046875,7508.0,7508.7998046875,,1235.0,0.0,0.0,2023-07-19
532,2023-07-19 11:52:00+05:30,7508.75,7512.0,7506.10009765625,7511.5498046875,,1939.0,0.0,0.0,2023-07-19
533,2023-07-19 11:53:00+05:30,7511.0,7511.0,7503.2001953125,7509.39990234375,,1752.0,0.0,0.0,2023-07-19
534,2023-07-19 11:54:00+05:30,7509.39990234375,7509.39990234375,7505.0498046875,7508.0,,375.0,0.0,0.0,2023-07-19
535,2023-07-19 11:55:00+05:30,7508.0,7514.85009765625,7506.0498046875,7514.85009765625,,5487.0,0.0,0.0,2023-07-19
536,2023-07-19 11:56:00+05:30,7514.9501953125,7515.0,7504.2998046875,7513.5,,2204.0,0.0,0.0,2023-07-19
537,2023-07-19 11:57:00+05:30,7513.39990234375,7513.75,7505.75,7509.85009765625,,935.0,0.0,0.0,2023-07-19
538,2023-07-19 11:58:00+05:30,7508.39990234375,7508.39990234375,7502.0,7507.5498046875,,475.0,0.0,0.0,2023-07-19
539,2023-07-19 11:59:00+05:30,7507.5498046875,7510.5,7507.5498046875,7508.10009765625,,365.0,0.0,0.0,2023-07-19
540,2023-07-19 12:00:00+05:30,7508.10009765625,7512.85009765625,7506.9501953125,7512.85009765625,,1281.0,0.0,0.0,2023-07-19
541,2023-07-19 12:01:00+05:30,7512.85009765625,7514.85009765625,7508.7001953125,7514.0,,2105.0,0.0,0.0,2023-07-19
542,2023-07-19 12:02:00+05:30,7514.0,7514.0,7508.9501953125,7513.64990234375,,1150.0,0.0,0.0,2023-07-19
543,2023-07-19 12:03:00+05:30,7512.0,7513.5498046875,7509.0,7510.0,,467.0,0.0,0.0,2023-07-19
544,2023-07-19 12:04:00+05:30,7509.5,7515.0,7508.0,7513.0498046875,,2455.0,0.0,0.0,2023-07-19
545,2023-07-19 12:05:00+05:30,7513.0498046875,7515.0,7511.10009765625,7511.89990234375,,1042.0,0.0,0.0,2023-07-19
546,2023-07-19 12:06:00+05:30,7511.89990234375,7513.0,7510.0,7513.0,,1095.0,0.0,0.0,2023-07-19
547,2023-07-19 12:07:00+05:30,7512.89990234375,7514.89990234375,7510.0,7511.14990234375,,1207.0,0.0,0.0,2023-07-19
548,2023-07-19 12:08:00+05:30,7512.85009765625,7514.7998046875,7512.2001953125,7514.35009765625,,334.0,0.0,0.0,2023-07-19
549,2023-07-19 12:09:00+05:30,7512.35009765625,7515.0,7512.2998046875,7514.0,,545.0,0.0,0.0,2023-07-19
550,2023-07-19 12:10:00+05:30,7512.35009765625,7514.75,7510.4501953125,7511.0,,1333.0,0.0,0.0,2023-07-19
551,2023-07-19 12:11:00+05:30,7511.0,7512.89990234375,7510.0,7511.39990234375,,614.0,0.0,0.0,2023-07-19
552,2023-07-19 12:12:00+05:30,7510.0,7511.9501953125,7508.0,7508.0498046875,,1127.0,0.0,0.0,2023-07-19
553,2023-07-19 12:13:00+05:30,7508.0,7511.9501953125,7506.0,7508.0,,1053.0,0.0,0.0,2023-07-19
554,2023-07-19 12:14:00+05:30,7508.0,7511.89990234375,7507.25,7509.4501953125,,383.0,0.0,0.0,2023-07-19
555,2023-07-19 12:15:00+05:30,7509.64990234375,7512.0,7508.5498046875,7510.0,,352.0,0.0,0.0,2023-07-19
556,2023-07-19 12:16:00+05:30,7510.5,7511.75,7506.0498046875,7506.10009765625,,559.0,0.0,0.0,2023-07-19
557,2023-07-19 12:17:00+05:30,7506.10009765625,7510.5,7505.0,7508.2001953125,,1204.0,0.0,0.0,2023-07-19
558,2023-07-19 12:18:00+05:30,7508.2001953125,7510.5,7507.2001953125,7508.39990234375,,405.0,0.0,0.0,2023-07-19
559,2023-07-19 12:19:00+05:30,7507.39990234375,7507.64990234375,7504.0,7504.0498046875,,851.0,0.0,0.0,2023-07-19
560,2023-07-19 12:20:00+05:30,7504.0498046875,7507.0,7500.85009765625,7506.7998046875,,1667.0,0.0,0.0,2023-07-19
561,2023-07-19 12:21:00+05:30,7505.0498046875,7506.7998046875,7502.39990234375,7503.10009765625,,463.0,0.0,0.0,2023-07-19
562,2023-07-19 12:22:00+05:30,7505.35009765625,7505.9501953125,7501.0,7503.4501953125,,1006.0,0.0,0.0,2023-07-19
563,2023-07-19 12:23:00+05:30,7503.4501953125,7504.4501953125,7501.2998046875,7504.0,,205.0,0.0,0.0,2023-07-19
564,2023-07-19 12:24:00+05:30,7503.5498046875,7515.0,7503.5498046875,7515.0,,2644.0,0.0,0.0,2023-07-19
565,2023-07-19 12:25:00+05:30,7515.0,7538.0,7514.75,7536.75,,22362.0,0.0,0.0,2023-07-19
566,2023-07-19 12:26:00+05:30,7534.9501953125,7547.0,7532.0,7535.9501953125,,12515.0,0.0,0.0,2023-07-19
567,2023-07-19 12:27:00+05:30,7533.2001953125,7540.60009765625,7524.0,7530.9501953125,,3343.0,0.0,0.0,2023-07-19
568,2023-07-19 12:28:00+05:30,7531.64990234375,7533.35009765625,7526.7001953125,7527.60009765625,,4882.0,0.0,0.0,2023-07-19
569,2023-07-19 12:29:00+05:30,7528.75,7535.0,7528.0,7532.0,,2711.0,0.0,0.0,2023-07-19
570,2023-07-19 12:30:00+05:30,7530.64990234375,7536.0,7530.64990234375,7536.0,,3527.0,0.0,0.0,2023-07-19
571,2023-07-19 12:31:00+05:30,7538.0,7541.0,7537.0,7538.5,,2349.0,0.0,0.0,2023-07-19
572,2023-07-19 12:32:00+05:30,7540.0,7540.0,7534.14990234375,7537.9501953125,,1218.0,0.0,0.0,2023-07-19
573,2023-07-19 12:33:00+05:30,7534.64990234375,7538.89990234375,7534.64990234375,7538.0,,971.0,0.0,0.0,2023-07-19
574,2023-07-19 12:34:00+05:30,7538.0,7540.0,7532.89990234375,7538.14990234375,,1732.0,0.0,0.0,2023-07-19
575,2023-07-19 12:35:00+05:30,7538.14990234375,7540.5,7536.2998046875,7540.4501953125,,1747.0,0.0,0.0,2023-07-19
576,2023-07-19 12:36:00+05:30,7539.5,7554.0,7539.5,7553.9501953125,,12883.0,0.0,0.0,2023-07-19
577,2023-07-19 12:37:00+05:30,7552.0,7560.0,7551.0,7553.25,,8827.0,0.0,0.0,2023-07-19
578,2023-07-19 12:38:00+05:30,7553.0,7557.0,7552.0,7556.9501953125,,4796.0,0.0,0.0,2023-07-19
579,2023-07-19 12:39:00+05:30,7556.0,7561.25,7553.10009765625,7553.10009765625,,5643.0,0.0,0.0,2023-07-19
580,2023-07-19 12:40:00+05:30,7553.0,7553.0,7542.0,7547.0,,3059.0,0.0,0.0,2023-07-19
581,2023-07-19 12:41:00+05:30,7547.39990234375,7557.0,7546.85009765625,7555.0,,2404.0,0.0,0.0,2023-07-19
582,2023-07-19 12:42:00+05:30,7557.0,7561.0,7556.0,7556.0,,2937.0,0.0,0.0,2023-07-19
583,2023-07-19 12:43:00+05:30,7560.0,7569.89990234375,7558.0,7567.0,,6932.0,0.0,0.0,2023-07-19
584,2023-07-19 12:44:00+05:30,7563.0,7569.2998046875,7561.5498046875,7566.0498046875,,5952.0,0.0,0.0,2023-07-19
585,2023-07-19 12:45:00+05:30,7566.2001953125,7569.0,7565.0,7566.0,,4913.0,0.0,0.0,2023-07-19
586,2023-07-19 12:46:00+05:30,7565.0,7566.9501953125,7563.64990234375,7565.0,,2623.0,0.0,0.0,2023-07-19
587,2023-07-19 12:47:00+05:30,7565.0,7567.0,7565.0,7565.39990234375,,6177.0,0.0,0.0,2023-07-19
588,2023-07-19 12:48:00+05:30,7565.0,7566.0,7565.0,7565.5498046875,,3577.0,0.0,0.0,2023-07-19
589,2023-07-19 12:49:00+05:30,7566.9501953125,7566.9501953125,7550.0,7555.85009765625,,3737.0,0.0,0.0,2023-07-19
590,2023-07-19 12:50:00+05:30,7560.0,7560.0,7549.7001953125,7549.7001953125,,2366.0,0.0,0.0,2023-07-19
591,2023-07-19 12:51:00+05:30,7552.89990234375,7558.5498046875,7549.7001953125,7556.0,,1878.0,0.0,0.0,2023-07-19
592,2023-07-19 12:52:00+05:30,7556.0,7565.0,7555.0,7563.89990234375,,2512.0,0.0,0.0,2023-07-19
593,2023-07-19 12:53:00+05:30,7562.0,7569.0,7560.14990234375,7567.2998046875,,2970.0,0.0,0.0,2023-07-19
594,2023-07-19 12:54:00+05:30,7568.75,7569.0,7563.60009765625,7568.0,,2679.0,0.0,0.0,2023-07-19
595,2023-07-19 12:55:00+05:30,7567.9501953125,7580.0,7565.60009765625,7579.9501953125,,8739.0,0.0,0.0,2023-07-19
596,2023-07-19 12:56:00+05:30,7579.10009765625,7584.7998046875,7576.0,7577.0,,5784.0,0.0,0.0,2023-07-19
597,2023-07-19 12:57:00+05:30,7577.4501953125,7585.0,7575.9501953125,7585.0,,3441.0,0.0,0.0,2023-07-19
598,2023-07-19 12:58:00+05:30,7581.5,7582.0,7570.7998046875,7571.60009765625,,4962.0,0.0,0.0,2023-07-19
599,2023-07-19 12:59:00+05:30,7574.2001953125,7574.2001953125,7560.0,7563.4501953125,,2587.0,0.0,0.0,2023-07-19
600,2023-07-19 13:00:00+05:30,7563.4501953125,7576.0,7561.75,7574.89990234375,,2076.0,0.0,0.0,2023-07-19
601,2023-07-19 13:01:00+05:30,7571.75,7575.7001953125,7566.9501953125,7574.0,,1145.0,0.0,0.0,2023-07-19
602,2023-07-19 13:02:00+05:30,7574.0,7578.0,7571.9501953125,7573.0,,2943.0,0.0,0.0,2023-07-19
603,2023-07-19 13:03:00+05:30,7574.25,7575.0,7571.0,7575.0,,1298.0,0.0,0.0,2023-07-19
604,2023-07-19 13:04:00+05:30,7575.0,7579.89990234375,7571.7001953125,7576.89990234375,,1596.0,0.0,0.0,2023-07-19
605,2023-07-19 13:05:00+05:30,7578.0,7583.89990234375,7574.0,7575.0,,3158.0,0.0,0.0,2023-07-19
606,2023-07-19 13:06:00+05:30,7575.0,7577.39990234375,7567.0498046875,7570.0,,4314.0,0.0,0.0,2023-07-19
607,2023-07-19 13:07:00+05:30,7570.0,7570.7998046875,7564.85009765625,7567.0,,3685.0,0.0,0.0,2023-07-19
608,2023-07-19 13:08:00+05:30,7567.85009765625,7574.75,7562.0,7562.0,,2497.0,0.0,0.0,2023-07-19
609,2023-07-19 13:09:00+05:30,7561.60009765625,7561.60009765625,7554.0,7557.0,,3948.0,0.0,0.0,2023-07-19
610,2023-07-19 13:10:00+05:30,7558.9501953125,7560.0,7554.5,7554.75,,1357.0,0.0,0.0,2023-07-19
611,2023-07-19 13:11:00+05:30,7554.2998046875,7555.0,7547.89990234375,7551.0,,3839.0,0.0,0.0,2023-07-19
612,2023-07-19 13:12:00+05:30,7549.25,7558.0,7549.25,7558.0,,2360.0,0.0,0.0,2023-07-19
613,2023-07-19 13:13:00+05:30,7556.5498046875,7563.5498046875,7555.0,7560.89990234375,,2446.0,0.0,0.0,2023-07-19
614,2023-07-19 13:14:00+05:30,7558.14990234375,7562.4501953125,7558.10009765625,7559.5,,2101.0,0.0,0.0,2023-07-19
615,2023-07-19 13:15:00+05:30,7559.5498046875,7561.7998046875,7555.0,7555.0,,1937.0,0.0,0.0,2023-07-19
616,2023-07-19 13:16:00+05:30,7558.0498046875,7559.9501953125,7555.0,7559.0,,810.0,0.0,0.0,2023-07-19
617,2023-07-19 13:17:00+05:30,7559.9501953125,7565.0,7559.0,7562.4501953125,,1753.0,0.0,0.0,2023-07-19
618,2023-07-19 13:18:00+05:30,7562.0,7562.14990234375,7558.9501953125,7560.7001953125,,1378.0,0.0,0.0,2023-07-19
619,2023-07-19 13:19:00+05:30,7560.39990234375,7560.39990234375,7550.5,7552.25,,1550.0,0.0,0.0,2023-07-19
620,2023-07-19 13:20:00+05:30,7550.7001953125,7553.7998046875,7545.0,7545.0,,2079.0,0.0,0.0,2023-07-19
621,2023-07-19 13:21:00+05:30,7543.35009765625,7548.0,7542.25,7547.0,,2316.0,0.0,0.0,2023-07-19
622,2023-07-19 13:22:00+05:30,7545.0498046875,7548.0,7544.10009765625,7546.5498046875,,1457.0,0.0,0.0,2023-07-19
623,2023-07-19 13:23:00+05:30,7547.85009765625,7550.0,7545.14990234375,7546.5,,1139.0,0.0,0.0,2023-07-19
624,2023-07-19 13:24:00+05:30,7546.5,7549.35009765625,7546.5,7549.0,,589.0,0.0,0.0,2023-07-19
625,2023-07-19 13:25:00+05:30,7548.0,7554.2998046875,7547.0,7552.89990234375,,697.0,0.0,0.0,2023-07-19
626,2023-07-19 13:26:00+05:30,7553.64990234375,7556.0,7552.0498046875,7556.0,,1094.0,0.0,0.0,2023-07-19
627,2023-07-19 13:27:00+05:30,7555.5,7558.5498046875,7555.0,7557.0,,1222.0,0.0,0.0,2023-07-19
628,2023-07-19 13:28:00+05:30,7556.9501953125,7556.9501953125,7550.0,7552.64990234375,,1444.0,0.0,0.0,2023-07-19
629,2023-07-19 13:29:00+05:30,7552.0498046875,7552.64990234375,7536.2001953125,7537.14990234375,,3933.0,0.0,0.0,2023-07-19
630,2023-07-19 13:30:00+05:30,7537.39990234375,7547.0,7537.10009765625,7542.10009765625,,1095.0,0.0,0.0,2023-07-19
631,2023-07-19 13:31:00+05:30,7540.0,7544.0,7540.0,7543.0,,624.0,0.0,0.0,2023-07-19
632,2023-07-19 13:32:00+05:30,7544.0,7546.35009765625,7542.0,7544.0,,401.0,0.0,0.0,2023-07-19
633,2023-07-19 13:33:00+05:30,7546.0,7546.0,7543.35009765625,7546.0,,336.0,0.0,0.0,2023-07-19
634,2023-07-19 13:34:00+05:30,7546.0,7552.0,7545.7001953125,7549.14990234375,,678.0,0.0,0.0,2023-07-19
635,2023-07-19 13:35:00+05:30,7549.25,7555.0,7549.25,7552.2998046875,,754.0,0.0,0.0,2023-07-19
636,2023-07-19 13:36:00+05:30,7552.0,7554.2998046875,7549.35009765625,7554.2998046875,,675.0,0.0,0.0,2023-07-19
637,2023-07-19 13:37:00+05:30,7554.39990234375,7554.39990234375,7548.4501953125,7552.10009765625,,563.0,0.0,0.0,2023-07-19
638,2023-07-19 13:38:00+05:30,7552.7001953125,7555.0,7549.5498046875,7552.5,,627.0,0.0,0.0,2023-07-19
639,2023-07-19 13:39:00+05:30,7552.0,7555.0,7550.5,7555.0,,290.0,0.0,0.0,2023-07-19
640,2023-07-19 13:40:00+05:30,7555.0,7556.75,7551.4501953125,7555.4501953125,,2375.0,0.0,0.0,2023-07-19
641,2023-07-19 13:41:00+05:30,7554.0498046875,7556.89990234375,7553.64990234375,7555.7998046875,,336.0,0.0,0.0,2023-07-19
642,2023-07-19 13:42:00+05:30,7554.0,7556.7001953125,7554.0,7555.60009765625,,871.0,0.0,0.0,2023-07-19
643,2023-07-19 13:43:00+05:30,7556.0,7556.25,7554.0,7556.0,,1014.0,0.0,0.0,2023-07-19
644,2023-07-19 13:44:00+05:30,7555.0,7556.75,7550.5498046875,7554.75,,747.0,0.0,0.0,2023-07-19
645,2023-07-19 13:45:00+05:30,7554.9501953125,7554.9501953125,7551.5,7554.0,,367.0,0.0,0.0,2023-07-19
646,2023-07-19 13:46:00+05:30,7552.5,7554.85009765625,7551.0,7551.0,,673.0,0.0,0.0,2023-07-19
647,2023-07-19 13:47:00+05:30,7550.60009765625,7552.0,7550.5498046875,7551.9501953125,,642.0,0.0,0.0,2023-07-19
648,2023-07-19 13:48:00+05:30,7552.0,7552.0,7549.5498046875,7551.35009765625,,1323.0,0.0,0.0,2023-07-19
649,2023-07-19 13:49:00+05:30,7549.85009765625,7550.0,7546.7998046875,7548.7998046875,,606.0,0.0,0.0,2023-07-19
650,2023-07-19 13:50:00+05:30,7547.64990234375,7552.0,7545.5,7550.0,,1862.0,0.0,0.0,2023-07-19
651,2023-07-19 13:51:00+05:30,7550.0,7559.89990234375,7548.85009765625,7559.85009765625,,2664.0,0.0,0.0,2023-07-19
652,2023-07-19 13:52:00+05:30,7559.89990234375,7563.10009765625,7559.0,7559.14990234375,,3104.0,0.0,0.0,2023-07-19
653,2023-07-19 13:53:00+05:30,7559.14990234375,7563.60009765625,7556.2998046875,7561.9501953125,,3539.0,0.0,0.0,2023-07-19
654,2023-07-19 13:54:00+05:30,7562.0,7563.85009765625,7558.7001953125,7562.10009765625,,2097.0,0.0,0.0,2023-07-19
655,2023-07-19 13:55:00+05:30,7560.5,7563.7998046875,7558.75,7562.7998046875,,3409.0,0.0,0.0,2023-07-19
656,2023-07-19 13:56:00+05:30,7562.7998046875,7563.2001953125,7559.25,7562.0,,2792.0,0.0,0.0,2023-07-19
657,2023-07-19 13:57:00+05:30,7557.5498046875,7561.60009765625,7551.0,7553.0498046875,,1897.0,0.0,0.0,2023-07-19
658,2023-07-19 13:58:00+05:30,7550.0498046875,7558.0,7550.0,7555.64990234375,,940.0,0.0,0.0,2023-07-19
659,2023-07-19 13:59:00+05:30,7559.39990234375,7559.39990234375,7550.5,7557.9501953125,,1735.0,0.0,0.0,2023-07-19
660,2023-07-19 14:00:00+05:30,7557.9501953125,7560.0,7555.0,7558.0,,546.0,0.0,0.0,2023-07-19
661,2023-07-19 14:01:00+05:30,7555.0498046875,7558.89990234375,7552.2001953125,7557.89990234375,,1495.0,0.0,0.0,2023-07-19
662,2023-07-19 14:02:00+05:30,7554.10009765625,7557.85009765625,7554.10009765625,7555.0,,421.0,0.0,0.0,2023-07-19
663,2023-07-19 14:03:00+05:30,7555.10009765625,7558.0,7555.0498046875,7555.75,,870.0,0.0,0.0,2023-07-19
664,2023-07-19 14:04:00+05:30,7555.75,7555.75,7544.2998046875,7544.2998046875,,2484.0,0.0,0.0,2023-07-19
665,2023-07-19 14:05:00+05:30,7546.0,7547.0,7544.0,7544.35009765625,,659.0,0.0,0.0,2023-07-19
666,2023-07-19 14:06:00+05:30,7544.35009765625,7546.4501953125,7540.0,7543.0,,1514.0,0.0,0.0,2023-07-19
667,2023-07-19 14:07:00+05:30,7541.10009765625,7545.0,7540.0498046875,7545.0,,659.0,0.0,0.0,2023-07-19
668,2023-07-19 14:08:00+05:30,7545.0,7548.5,7542.5,7548.5,,1625.0,0.0,0.0,2023-07-19
669,2023-07-19 14:09:00+05:30,7550.0,7550.0,7545.2998046875,7548.89990234375,,1103.0,0.0,0.0,2023-07-19
670,2023-07-19 14:10:00+05:30,7548.85009765625,7550.0,7546.0,7546.0,,1233.0,0.0,0.0,2023-07-19
671,2023-07-19 14:11:00+05:30,7545.25,7549.5498046875,7545.14990234375,7547.5,,491.0,0.0,0.0,2023-07-19
672,2023-07-19 14:12:00+05:30,7546.25,7549.9501953125,7545.0,7545.0,,1150.0,0.0,0.0,2023-07-19
673,2023-07-19 14:13:00+05:30,7543.0,7544.60009765625,7541.0,7541.0498046875,,980.0,0.0,0.0,2023-07-19
674,2023-07-19 14:14:00+05:30,7541.0,7543.75,7529.39990234375,7536.2998046875,,7606.0,0.0,0.0,2023-07-19
675,2023-07-19 14:15:00+05:30,7539.7001953125,7543.0,7534.64990234375,7539.85009765625,,1545.0,0.0,0.0,2023-07-19
676,2023-07-19 14:16:00+05:30,7540.89990234375,7543.0,7538.2001953125,7541.7001953125,,636.0,0.0,0.0,2023-07-19
677,2023-07-19 14:17:00+05:30,7541.7001953125,7542.25,7539.0498046875,7539.14990234375,,526.0,0.0,0.0,2023-07-19
678,2023-07-19 14:18:00+05:30,7539.14990234375,7541.2001953125,7536.0,7536.0,,496.0,0.0,0.0,2023-07-19
679,2023-07-19 14:19:00+05:30,7537.0498046875,7537.14990234375,7535.10009765625,7537.0498046875,,1972.0,0.0,0.0,2023-07-19
680,2023-07-19 14:20:00+05:30,7537.14990234375,7537.14990234375,7532.0,7533.0,,3656.0,0.0,0.0,2023-07-19
681,2023-07-19 14:21:00+05:30,7532.5,7536.39990234375,7532.5,7534.0498046875,,827.0,0.0,0.0,2023-07-19
682,2023-07-19 14:22:00+05:30,7534.0498046875,7540.0,7534.0,7540.0,,588.0,0.0,0.0,2023-07-19
683,2023-07-19 14:23:00+05:30,7537.89990234375,7540.0,7537.0,7540.0,,623.0,0.0,0.0,2023-07-19
684,2023-07-19 14:24:00+05:30,7538.5498046875,7540.0,7535.0,7536.0,,847.0,0.0,0.0,2023-07-19
685,2023-07-19 14:25:00+05:30,7536.0,7539.0,7536.0,7539.0,,463.0,0.0,0.0,2023-07-19
686,2023-07-19 14:26:00+05:30,7538.89990234375,7539.0,7536.5,7538.0,,469.0,0.0,0.0,2023-07-19
687,2023-07-19 14:27:00+05:30,7538.0,7549.0,7538.0,7546.7001953125,,1699.0,0.0,0.0,2023-07-19
688,2023-07-19 14:28:00+05:30,7544.0,7548.9501953125,7542.85009765625,7544.10009765625,,2121.0,0.0,0.0,2023-07-19
689,2023-07-19 14:29:00+05:30,7544.14990234375,7549.0,7544.10009765625,7546.2001953125,,1504.0,0.0,0.0,2023-07-19
690,2023-07-19 14:30:00+05:30,7546.2001953125,7549.75,7545.14990234375,7548.75,,1205.0,0.0,0.0,2023-07-19
691,2023-07-19 14:31:00+05:30,7549.0,7549.9501953125,7546.7998046875,7549.0,,1962.0,0.0,0.0,2023-07-19
692,2023-07-19 14:32:00+05:30,7549.0,7551.0,7546.7998046875,7551.0,,3400.0,0.0,0.0,2023-07-19
693,2023-07-19 14:33:00+05:30,7549.35009765625,7558.85009765625,7549.35009765625,7556.10009765625,,1356.0,0.0,0.0,2023-07-19
694,2023-07-19 14:34:00+05:30,7556.10009765625,7558.39990234375,7554.0,7558.0,,745.0,0.0,0.0,2023-07-19
695,2023-07-19 14:35:00+05:30,7558.0,7559.0498046875,7551.5,7555.0,,2927.0,0.0,0.0,2023-07-19
696,2023-07-19 14:36:00+05:30,7550.89990234375,7554.25,7549.0,7551.0,,1831.0,0.0,0.0,2023-07-19
697,2023-07-19 14:37:00+05:30,7553.2998046875,7557.14990234375,7551.64990234375,7557.14990234375,,1291.0,0.0,0.0,2023-07-19
698,2023-07-19 14:38:00+05:30,7557.14990234375,7562.89990234375,7557.10009765625,7560.9501953125,,3866.0,0.0,0.0,2023-07-19
699,2023-07-19 14:39:00+05:30,7558.75,7560.75,7550.0,7550.10009765625,,2055.0,0.0,0.0,2023-07-19
700,2023-07-19 14:40:00+05:30,7550.0498046875,7560.0,7550.0498046875,7556.75,,2725.0,0.0,0.0,2023-07-19
701,2023-07-19 14:41:00+05:30,7560.0,7560.89990234375,7555.7998046875,7558.89990234375,,1708.0,0.0,0.0,2023-07-19
702,2023-07-19 14:42:00+05:30,7559.89990234375,7560.4501953125,7555.64990234375,7559.5498046875,,1886.0,0.0,0.0,2023-07-19
703,2023-07-19 14:43:00+05:30,7560.0,7560.4501953125,7555.4501953125,7560.4501953125,,1098.0,0.0,0.0,2023-07-19
704,2023-07-19 14:44:00+05:30,7560.4501953125,7560.5,7555.0,7557.5498046875,,13190.0,0.0,0.0,2023-07-19
705,2023-07-19 14:45:00+05:30,7557.2001953125,7560.39990234375,7554.14990234375,7560.39990234375,,11787.0,0.0,0.0,2023-07-19
706,2023-07-19 14:46:00+05:30,7557.85009765625,7560.35009765625,7557.0498046875,7560.0,,968.0,0.0,0.0,2023-07-19
707,2023-07-19 14:47:00+05:30,7560.14990234375,7560.75,7559.9501953125,7560.35009765625,,2878.0,0.0,0.0,2023-07-19
708,2023-07-19 14:48:00+05:30,7560.0,7563.5498046875,7560.0,7560.0,,2471.0,0.0,0.0,2023-07-19
709,2023-07-19 14:49:00+05:30,7561.39990234375,7561.39990234375,7560.0,7560.5498046875,,3111.0,0.0,0.0,2023-07-19
710,2023-07-19 14:50:00+05:30,7560.0,7563.85009765625,7560.0,7563.2998046875,,1490.0,0.0,0.0,2023-07-19
711,2023-07-19 14:51:00+05:30,7565.0,7568.0,7564.60009765625,7568.0,,3447.0,0.0,0.0,2023-07-19
712,2023-07-19 14:52:00+05:30,7568.7998046875,7570.7998046875,7567.5,7570.10009765625,,2871.0,0.0,0.0,2023-07-19
713,2023-07-19 14:53:00+05:30,7570.10009765625,7574.75,7570.0,7574.5,,1728.0,0.0,0.0,2023-07-19
714,2023-07-19 14:54:00+05:30,7575.0,7575.0,7570.0,7571.7998046875,,2157.0,0.0,0.0,2023-07-19
715,2023-07-19 14:55:00+05:30,7570.89990234375,7573.89990234375,7570.0,7572.7001953125,,1202.0,0.0,0.0,2023-07-19
716,2023-07-19 14:56:00+05:30,7572.14990234375,7573.0,7570.0,7571.0,,749.0,0.0,0.0,2023-07-19
717,2023-07-19 14:57:00+05:30,7571.0,7572.35009765625,7570.0,7570.10009765625,,3628.0,0.0,0.0,2023-07-19
718,2023-07-19 14:58:00+05:30,7570.0,7572.0,7565.0,7571.9501953125,,5783.0,0.0,0.0,2023-07-19
719,2023-07-19 14:59:00+05:30,7570.0,7572.0,7570.0,7572.0,,1031.0,0.0,0.0,2023-07-19
720,2023-07-19 15:00:00+05:30,7571.0,7574.35009765625,7570.0,7572.0498046875,,3848.0,0.0,0.0,2023-07-19
721,2023-07-19 15:01:00+05:30,7573.64990234375,7577.0,7572.2001953125,7572.4501953125,,3420.0,0.0,0.0,2023-07-19
722,2023-07-19 15:02:00+05:30,7573.4501953125,7574.9501953125,7570.0,7571.7001953125,,1918.0,0.0,0.0,2023-07-19
723,2023-07-19 15:03:00+05:30,7570.0,7573.85009765625,7570.0,7570.64990234375,,1800.0,0.0,0.0,2023-07-19
724,2023-07-19 15:04:00+05:30,7570.64990234375,7574.89990234375,7570.64990234375,7571.75,,3687.0,0.0,0.0,2023-07-19
725,2023-07-19 15:05:00+05:30,7571.10009765625,7578.0,7571.10009765625,7577.9501953125,,4283.0,0.0,0.0,2023-07-19
726,2023-07-19 15:06:00+05:30,7578.0,7583.35009765625,7576.25,7582.0,,6941.0,0.0,0.0,2023-07-19
727,2023-07-19 15:07:00+05:30,7583.0,7583.0,7580.0,7581.25,,3132.0,0.0,0.0,2023-07-19
728,2023-07-19 15:08:00+05:30,7581.2001953125,7583.0,7580.2001953125,7582.9501953125,,2770.0,0.0,0.0,2023-07-19
729,2023-07-19 15:09:00+05:30,7583.2001953125,7583.39990234375,7580.7001953125,7582.89990234375,,2892.0,0.0,0.0,2023-07-19
730,2023-07-19 15:10:00+05:30,7582.25,7582.9501953125,7580.0,7580.0,,4636.0,0.0,0.0,2023-07-19
731,2023-07-19 15:11:00+05:30,7580.0,7580.25,7565.0,7571.4501953125,,4689.0,0.0,0.0,2023-07-19
732,2023-07-19 15:12:00+05:30,7571.4501953125,7575.75,7571.4501953125,7574.0,,2579.0,0.0,0.0,2023-07-19
733,2023-07-19 15:13:00+05:30,7573.75,7577.0,7572.2998046875,7572.2998046875,,2917.0,0.0,0.0,2023-07-19
734,2023-07-19 15:14:00+05:30,7572.0498046875,7576.5,7572.0498046875,7576.0,,2467.0,0.0,0.0,2023-07-19
735,2023-07-19 15:15:00+05:30,7576.0498046875,7579.89990234375,7576.0,7577.5,,6855.0,0.0,0.0,2023-07-19
736,2023-07-19 15:16:00+05:30,7576.7998046875,7578.85009765625,7575.0,7576.14990234375,,3576.0,0.0,0.0,2023-07-19
737,2023-07-19 15:17:00+05:30,7576.25,7585.0,7576.0498046875,7584.2998046875,,6215.0,0.0,0.0,2023-07-19
738,2023-07-19 15:18:00+05:30,7584.39990234375,7590.0,7581.10009765625,7590.0,,10556.0,0.0,0.0,2023-07-19
739,2023-07-19 15:19:00+05:30,7588.35009765625,7592.0,7588.35009765625,7590.0,,6662.0,0.0,0.0,2023-07-19
740,2023-07-19 15:20:00+05:30,7590.5498046875,7599.0,7590.0,7593.39990234375,,16129.0,0.0,0.0,2023-07-19
741,2023-07-19 15:21:00+05:30,7593.0498046875,7596.0,7591.0,7593.89990234375,,3748.0,0.0,0.0,2023-07-19
742,2023-07-19 15:22:00+05:30,7592.39990234375,7598.0,7591.25,7598.0,,3272.0,0.0,0.0,2023-07-19
743,2023-07-19 15:23:00+05:30,7595.5,7598.39990234375,7591.0,7591.2998046875,,8804.0,0.0,0.0,2023-07-19
744,2023-07-19 15:24:00+05:30,7591.0498046875,7593.9501953125,7586.2998046875,7591.5498046875,,3386.0,0.0,0.0,2023-07-19
745,2023-07-19 15:25:00+05:30,7591.5498046875,7593.89990234375,7590.0498046875,7590.0498046875,,2744.0,0.0,0.0,2023-07-19
746,2023-07-19 15:26:00+05:30,7590.0,7594.5498046875,7589.0,7590.7998046875,,2270.0,0.0,0.0,2023-07-19
747,2023-07-19 15:27:00+05:30,7589.89990234375,7593.9501953125,7589.89990234375,7592.9501953125,,3201.0,0.0,0.0,2023-07-19
748,2023-07-19 15:28:00+05:30,7593.4501953125,7595.0,7591.0,7595.0,,5468.0,0.0,0.0,2023-07-19
749,2023-07-19 15:29:00+05:30,7584.7001953125,7584.7001953125,7584.7001953125,7584.7001953125,,0.0,0.0,0.0,2023-07-19
750,2023-07-20 09:15:00+05:30,7551.0,7607.7998046875,7551.0,7607.75,,24767.0,0.0,0.0,2023-07-20
751,2023-07-20 09:16:00+05:30,7607.75,7634.75,7607.0498046875,7620.0498046875,,13526.0,0.0,0.0,2023-07-20
752,2023-07-20 09:17:00+05:30,7616.64990234375,7620.25,7582.64990234375,7591.10009765625,,11032.0,0.0,0.0,2023-07-20
753,2023-07-20 09:18:00+05:30,7590.2998046875,7592.0498046875,7570.60009765625,7579.7001953125,,6080.0,0.0,0.0,2023-07-20
754,2023-07-20 09:19:00+05:30,7576.0,7583.60009765625,7562.0,7565.0,,6925.0,0.0,0.0,2023-07-20
755,2023-07-20 09:20:00+05:30,7567.75,7569.4501953125,7553.35009765625,7558.0498046875,,9057.0,0.0,0.0,2023-07-20
756,2023-07-20 09:21:00+05:30,7558.0498046875,7562.0,7544.0,7553.7998046875,,7886.0,0.0,0.0,2023-07-20
757,2023-07-20 09:22:00+05:30,7553.9501953125,7568.0,7547.25,7566.0,,4569.0,0.0,0.0,2023-07-20
758,2023-07-20 09:23:00+05:30,7566.0,7583.39990234375,7566.0,7577.35009765625,,4564.0,0.0,0.0,2023-07-20
759,2023-07-20 09:24:00+05:30,7577.5,7581.89990234375,7565.64990234375,7567.2001953125,,4578.0,0.0,0.0,2023-07-20
760,2023-07-20 09:25:00+05:30,7570.0,7570.0,7569.9501953125,7569.9501953125,,182.0,0.0,0.0,2023-07-20
761,2023-07-20 09:26:00+05:30,7572.9501953125,7575.0,7571.2001953125,7571.64990234375,,3849.0,0.0,0.0,2023-07-20
762,2023-07-20 09:27:00+05:30,7573.7001953125,7573.7001953125,7561.0498046875,7565.0,,1119.0,0.0,0.0,2023-07-20
763,2023-07-20 09:28:00+05:30,7565.4501953125,7567.10009765625,7553.0,7566.9501953125,,1736.0,0.0,0.0,2023-07-20
764,2023-07-20 09:29:00+05:30,7566.9501953125,7566.9501953125,7558.60009765625,7566.0,,1121.0,0.0,0.0,2023-07-20
765,2023-07-20 09:30:00+05:30,7565.2998046875,7568.5,7555.0,7557.0,,1081.0,0.0,0.0,2023-07-20
766,2023-07-20 09:31:00+05:30,7555.2001953125,7557.9501953125,7552.0,7557.9501953125,,2049.0,0.0,0.0,2023-07-20
767,2023-07-20 09:32:00+05:30,7558.25,7558.5498046875,7552.0,7555.39990234375,,2003.0,0.0,0.0,2023-07-20
768,2023-07-20 09:33:00+05:30,7555.39990234375,7564.0,7553.0498046875,7561.0498046875,,1197.0,0.0,0.0,2023-07-20
769,2023-07-20 09:34:00+05:30,7563.85009765625,7563.85009765625,7554.0,7554.0,,1693.0,0.0,0.0,2023-07-20
770,2023-07-20 09:35:00+05:30,7556.35009765625,7556.35009765625,7545.0,7545.0,,5583.0,0.0,0.0,2023-07-20
771,2023-07-20 09:36:00+05:30,7545.0,7554.0,7544.0,7554.0,,1798.0,0.0,0.0,2023-07-20
772,2023-07-20 09:37:00+05:30,7552.14990234375,7556.0,7549.89990234375,7555.0,,1022.0,0.0,0.0,2023-07-20
773,2023-07-20 09:38:00+05:30,7554.5498046875,7561.7001953125,7554.5498046875,7560.0,,1384.0,0.0,0.0,2023-07-20
774,2023-07-20 09:39:00+05:30,7559.64990234375,7562.7998046875,7555.0,7556.75,,1552.0,0.0,0.0,2023-07-20
775,2023-07-20 09:40:00+05:30,7556.75,7556.75,7547.9501953125,7547.9501953125,,2583.0,0.0,0.0,2023-07-20
776,2023-07-20 09:41:00+05:30,7548.14990234375,7558.39990234375,7546.14990234375,7552.60009765625,,1153.0,0.0,0.0,2023-07-20
777,2023-07-20 09:42:00+05:30,7552.25,7553.39990234375,7548.0,7548.0,,1178.0,0.0,0.0,2023-07-20
778,2023-07-20 09:43:00+05:30,7547.75,7548.39990234375,7538.0,7538.0,,3736.0,0.0,0.0,2023-07-20
779,2023-07-20 09:44:00+05:30,7540.0,7540.0,7525.0,7535.0,,7021.0,0.0,0.0,2023-07-20
780,2023-07-20 09:45:00+05:30,7535.0,7535.0,7521.5,7528.0,,4403.0,0.0,0.0,2023-07-20
781,2023-07-20 09:46:00+05:30,7525.2001953125,7535.0,7522.14990234375,7522.14990234375,,2691.0,0.0,0.0,2023-07-20
782,2023-07-20 09:47:00+05:30,7524.64990234375,7524.64990234375,7515.60009765625,7517.10009765625,,5263.0,0.0,0.0,2023-07-20
783,2023-07-20 09:48:00+05:30,7517.0,7523.2001953125,7516.4501953125,7523.2001953125,,3502.0,0.0,0.0,2023-07-20
784,2023-07-20 09:49:00+05:30,7522.14990234375,7527.4501953125,7518.10009765625,7521.89990234375,,4932.0,0.0,0.0,2023-07-20
785,2023-07-20 09:50:00+05:30,7518.0498046875,7525.0,7518.0,7525.0,,2005.0,0.0,0.0,2023-07-20
786,2023-07-20 09:51:00+05:30,7524.0,7528.0498046875,7518.0,7518.0,,2804.0,0.0,0.0,2023-07-20
787,2023-07-20 09:52:00+05:30,7518.0,7520.0,7509.0,7513.0498046875,,3230.0,0.0,0.0,2023-07-20
788,2023-07-20 09:53:00+05:30,7515.64990234375,7515.64990234375,7502.5,7504.2001953125,,4347.0,0.0,0.0,2023-07-20
789,2023-07-20 09:54:00+05:30,7504.2001953125,7515.0,7502.0,7514.9501953125,,2871.0,0.0,0.0,2023-07-20
790,2023-07-20 09:55:00+05:30,7514.9501953125,7524.9501953125,7513.9501953125,7520.60009765625,,2194.0,0.0,0.0,2023-07-20
791,2023-07-20 09:56:00+05:30,7523.60009765625,7523.89990234375,7512.10009765625,7512.64990234375,,2354.0,0.0,0.0,2023-07-20
792,2023-07-20 09:57:00+05:30,7511.0,7523.5,7510.0,7523.5,,1384.0,0.0,0.0,2023-07-20
793,2023-07-20 09:58:00+05:30,7523.2001953125,7523.2001953125,7511.0,7511.0,,2339.0,0.0,0.0,2023-07-20
794,2023-07-20 09:59:00+05:30,7511.0,7513.9501953125,7505.0,7508.39990234375,,1830.0,0.0,0.0,2023-07-20
795,2023-07-20 10:00:00+05:30,7506.2998046875,7513.85009765625,7506.2998046875,7511.0,,1825.0,0.0,0.0,2023-07-20
796,2023-07-20 10:01:00+05:30,7510.5,7519.9501953125,7510.5,7516.4501953125,,1640.0,0.0,0.0,2023-07-20
797,2023-07-20 10:02:00+05:30,7519.0,7528.35009765625,7518.10009765625,7528.0,,1748.0,0.0,0.0,2023-07-20
798,2023-07-20 10:03:00+05:30,7527.5498046875,7528.0,7524.0,7526.9501953125,,1451.0,0.0,0.0,2023-07-20
799,2023-07-20 10:04:00+05:30,7526.9501953125,7527.75,7512.60009765625,7515.0,,3315.0,0.0,0.0,2023-07-20
800,2023-07-20 10:05:00+05:30,7514.0,7517.0498046875,7505.89990234375,7507.5498046875,,3413.0,0.0,0.0,2023-07-20
801,2023-07-20 10:06:00+05:30,7507.0498046875,7514.0,7506.0,7514.0,,1535.0,0.0,0.0,2023-07-20
802,2023-07-20 10:07:00+05:30,7514.0,7518.9501953125,7510.9501953125,7516.14990234375,,1316.0,0.0,0.0,2023-07-20
803,2023-07-20 10:08:00+05:30,7518.0,7518.0,7512.0,7512.0,,634.0,0.0,0.0,2023-07-20
804,2023-07-20 10:09:00+05:30,7513.0,7513.0,7509.0,7510.0,,674.0,0.0,0.0,2023-07-20
805,2023-07-20 10:10:00+05:30,7513.89990234375,7516.4501953125,7511.5,7515.0498046875,,759.0,0.0,0.0,2023-07-20
806,2023-07-20 10:11:00+05:30,7515.0,7516.89990234375,7511.60009765625,7515.35009765625,,483.0,0.0,0.0,2023-07-20
807,2023-07-20 10:12:00+05:30,7515.35009765625,7515.35009765625,7507.2001953125,7509.4501953125,,746.0,0.0,0.0,2023-07-20
808,2023-07-20 10:13:00+05:30,7508.0,7515.0,7508.0,7515.0,,398.0,0.0,0.0,2023-07-20
809,2023-07-20 10:14:00+05:30,7515.0,7519.25,7510.0,7519.25,,2661.0,0.0,0.0,2023-07-20
810,2023-07-20 10:15:00+05:30,7518.85009765625,7519.7998046875,7514.60009765625,7514.60009765625,,1308.0,0.0,0.0,2023-07-20
811,2023-07-20 10:16:00+05:30,7517.0,7520.0,7514.4501953125,7520.0,,399.0,0.0,0.0,2023-07-20
812,2023-07-20 10:17:00+05:30,7522.0,7525.0,7520.14990234375,7525.0,,936.0,0.0,0.0,2023-07-20
813,2023-07-20 10:18:00+05:30,7525.0,7528.0,7522.0,7527.9501953125,,1350.0,0.0,0.0,2023-07-20
814,2023-07-20 10:19:00+05:30,7528.0,7528.0,7523.35009765625,7523.35009765625,,1162.0,0.0,0.0,2023-07-20
815,2023-07-20 10:20:00+05:30,7523.35009765625,7526.89990234375,7518.0,7519.10009765625,,1836.0,0.0,0.0,2023-07-20
816,2023-07-20 10:21:00+05:30,7519.25,7522.35009765625,7517.75,7521.85009765625,,748.0,0.0,0.0,2023-07-20
817,2023-07-20 10:22:00+05:30,7521.85009765625,7525.0,7519.0,7522.75,,341.0,0.0,0.0,2023-07-20
818,2023-07-20 10:23:00+05:30,7525.0,7525.0,7523.0,7524.25,,450.0,0.0,0.0,2023-07-20
819,2023-07-20 10:24:00+05:30,7524.7998046875,7530.0,7522.5,7530.0,,2632.0,0.0,0.0,2023-07-20
820,2023-07-20 10:25:00+05:30,7530.0,7530.0,7526.0498046875,7526.39990234375,,587.0,0.0,0.0,2023-07-20
821,2023-07-20 10:26:00+05:30,7529.0,7529.0,7525.0498046875,7526.0498046875,,896.0,0.0,0.0,2023-07-20
822,2023-07-20 10:27:00+05:30,7528.0,7532.0,7526.2001953125,7531.25,,1544.0,0.0,0.0,2023-07-20
823,2023-07-20 10:28:00+05:30,7532.0,7532.0,7529.0,7530.10009765625,,793.0,0.0,0.0,2023-07-20
824,2023-07-20 10:29:00+05:30,7531.60009765625,7537.5,7529.0,7537.5,,4238.0,0.0,0.0,2023-07-20
825,2023-07-20 10:30:00+05:30,7537.5,7538.89990234375,7529.85009765625,7529.85009765625,,1581.0,0.0,0.0,2023-07-20
826,2023-07-20 10:31:00+05:30,7530.0,7538.0,7530.0,7536.0,,523.0,0.0,0.0,2023-07-20
827,2023-07-20 10:32:00+05:30,7538.0,7538.9501953125,7536.0,7537.0,,1352.0,0.0,0.0,2023-07-20
828,2023-07-20 10:33:00+05:30,7537.0,7538.0,7530.0,7530.10009765625,,1426.0,0.0,0.0,2023-07-20
829,2023-07-20 10:34:00+05:30,7530.0,7540.60009765625,7530.0,7540.60009765625,,2312.0,0.0,0.0,2023-07-20
830,2023-07-20 10:35:00+05:30,7540.10009765625,7547.0,7535.0,7538.10009765625,,5052.0,0.0,0.0,2023-07-20
831,2023-07-20 10:36:00+05:30,7538.0,7540.5498046875,7535.0,7535.0,,565.0,0.0,0.0,2023-07-20
832,2023-07-20 10:37:00+05:30,7535.75,7537.0,7530.4501953125,7533.0,,611.0,0.0,0.0,2023-07-20
833,2023-07-20 10:38:00+05:30,7531.0,7533.0,7530.5,7532.0,,462.0,0.0,0.0,2023-07-20
834,2023-07-20 10:39:00+05:30,7532.89990234375,7532.89990234375,7530.10009765625,7532.0,,430.0,0.0,0.0,2023-07-20
835,2023-07-20 10:40:00+05:30,7532.85009765625,7533.0,7522.14990234375,7525.0,,1403.0,0.0,0.0,2023-07-20
836,2023-07-20 10:41:00+05:30,7525.0,7525.89990234375,7523.25,7525.89990234375,,337.0,0.0,0.0,2023-07-20
837,2023-07-20 10:42:00+05:30,7525.0,7529.35009765625,7525.0,7526.60009765625,,175.0,0.0,0.0,2023-07-20
838,2023-07-20 10:43:00+05:30,7526.0,7529.89990234375,7526.0,7526.2001953125,,304.0,0.0,0.0,2023-07-20
839,2023-07-20 10:44:00+05:30,7526.75,7529.7998046875,7526.25,7527.5,,408.0,0.0,0.0,2023-07-20
840,2023-07-20 10:45:00+05:30,7527.5,7527.5,7520.0,7522.75,,1512.0,0.0,0.0,2023-07-20
841,2023-07-20 10:46:00+05:30,7520.0,7523.0,7520.0,7522.85009765625,,258.0,0.0,0.0,2023-07-20
842,2023-07-20 10:47:00+05:30,7522.85009765625,7522.9501953125,7522.85009765625,7522.9501953125,,331.0,0.0,0.0,2023-07-20
843,2023-07-20 10:48:00+05:30,7522.9501953125,7532.0,7522.9501953125,7530.0,,862.0,0.0,0.0,2023-07-20
844,2023-07-20 10:49:00+05:30,7530.10009765625,7533.0,7530.10009765625,7533.0,,484.0,0.0,0.0,2023-07-20
845,2023-07-20 10:50:00+05:30,7532.4501953125,7534.5,7530.64990234375,7531.14990234375,,847.0,0.0,0.0,2023-07-20
846,2023-07-20 10:51:00+05:30,7534.0,7534.0,7531.2001953125,7531.89990234375,,306.0,0.0,0.0,2023-07-20
847,2023-07-20 10:52:00+05:30,7531.7001953125,7531.85009765625,7530.0,7531.7001953125,,322.0,0.0,0.0,2023-07-20
848,2023-07-20 10:53:00+05:30,7530.0,7531.7001953125,7526.0498046875,7530.5498046875,,1071.0,0.0,0.0,2023-07-20
849,2023-07-20 10:54:00+05:30,7527.5,7540.0,7527.5,7539.0,,843.0,0.0,0.0,2023-07-20
850,2023-07-20 10:55:00+05:30,7538.2998046875,7541.5498046875,7535.75,7536.4501953125,,1437.0,0.0,0.0,2023-07-20
851,2023-07-20 10:56:00+05:30,7536.4501953125,7538.5,7530.0498046875,7535.7001953125,,1653.0,0.0,0.0,2023-07-20
852,2023-07-20 10:57:00+05:30,7528.0,7530.7001953125,7526.0498046875,7528.75,,228.0,0.0,0.0,2023-07-20
853,2023-07-20 10:58:00+05:30,7528.75,7532.89990234375,7527.0,7530.2998046875,,461.0,0.0,0.0,2023-07-20
854,2023-07-20 10:59:00+05:30,7530.35009765625,7534.5,7530.0,7534.10009765625,,329.0,0.0,0.0,2023-07-20
855,2023-07-20 11:00:00+05:30,7532.60009765625,7535.0,7532.0,7532.9501953125,,240.0,0.0,0.0,2023-07-20
856,2023-07-20 11:01:00+05:30,7532.0498046875,7535.0,7530.64990234375,7531.25,,198.0,0.0,0.0,2023-07-20
857,2023-07-20 11:02:00+05:30,7531.5498046875,7538.14990234375,7531.5498046875,7535.85009765625,,208.0,0.0,0.0,2023-07-20
858,2023-07-20 11:03:00+05:30,7538.7998046875,7538.7998046875,7535.89990234375,7537.4501953125,,232.0,0.0,0.0,2023-07-20
859,2023-07-20 11:04:00+05:30,7538.2998046875,7538.5,7535.2001953125,7535.85009765625,,324.0,0.0,0.0,2023-07-20
860,2023-07-20 11:05:00+05:30,7538.5,7538.5,7535.39990234375,7538.35009765625,,252.0,0.0,0.0,2023-07-20
861,2023-07-20 11:06:00+05:30,7538.35009765625,7538.39990234375,7538.25,7538.39990234375,,167.0,0.0,0.0,2023-07-20
862,2023-07-20 11:07:00+05:30,7538.25,7550.0,7538.25,7545.85009765625,,4051.0,0.0,0.0,2023-07-20
863,2023-07-20 11:08:00+05:30,7545.85009765625,7547.0498046875,7543.10009765625,7547.0,,920.0,0.0,0.0,2023-07-20
864,2023-07-20 11:09:00+05:30,7548.0,7548.0,7545.35009765625,7547.0,,403.0,0.0,0.0,2023-07-20
865,2023-07-20 11:10:00+05:30,7546.7998046875,7548.0,7546.7998046875,7548.0,,461.0,0.0,0.0,2023-07-20
866,2023-07-20 11:11:00+05:30,7548.0,7548.0,7546.89990234375,7547.2001953125,,872.0,0.0,0.0,2023-07-20
867,2023-07-20 11:12:00+05:30,7547.0,7548.0,7546.0,7546.39990234375,,558.0,0.0,0.0,2023-07-20
868,2023-07-20 11:13:00+05:30,7546.39990234375,7546.39990234375,7545.2001953125,7545.7998046875,,290.0,0.0,0.0,2023-07-20
869,2023-07-20 11:14:00+05:30,7545.89990234375,7545.89990234375,7545.2001953125,7545.39990234375,,422.0,0.0,0.0,2023-07-20
870,2023-07-20 11:15:00+05:30,7545.39990234375,7545.5,7538.7998046875,7541.4501953125,,937.0,0.0,0.0,2023-07-20
871,2023-07-20 11:16:00+05:30,7541.0,7542.0,7538.0,7541.9501953125,,388.0,0.0,0.0,2023-07-20
872,2023-07-20 11:17:00+05:30,7542.0,7544.85009765625,7541.85009765625,7541.9501953125,,409.0,0.0,0.0,2023-07-20
873,2023-07-20 11:18:00+05:30,7542.0,7545.0,7540.7001953125,7540.7001953125,,677.0,0.0,0.0,2023-07-20
874,2023-07-20 11:19:00+05:30,7544.89990234375,7544.89990234375,7541.35009765625,7541.7001953125,,361.0,0.0,0.0,2023-07-20
875,2023-07-20 11:20:00+05:30,7541.7001953125,7548.60009765625,7540.2998046875,7548.60009765625,,1185.0,0.0,0.0,2023-07-20
876,2023-07-20 11:21:00+05:30,7548.60009765625,7560.0,7546.25,7557.75,,4710.0,0.0,0.0,2023-07-20
877,2023-07-20 11:22:00+05:30,7560.0,7560.7998046875,7550.60009765625,7550.64990234375,,1923.0,0.0,0.0,2023-07-20
878,2023-07-20 11:23:00+05:30,7550.60009765625,7554.0,7550.10009765625,7552.0,,1031.0,0.0,0.0,2023-07-20
879,2023-07-20 11:24:00+05:30,7552.0,7553.10009765625,7550.0498046875,7551.85009765625,,763.0,0.0,0.0,2023-07-20
880,2023-07-20 11:25:00+05:30,7550.2001953125,7556.85009765625,7550.2001953125,7552.0,,810.0,0.0,0.0,2023-07-20
881,2023-07-20 11:26:00+05:30,7552.0,7554.2001953125,7550.60009765625,7552.5,,513.0,0.0,0.0,2023-07-20
882,2023-07-20 11:27:00+05:30,7555.0,7555.9501953125,7552.5,7555.0,,390.0,0.0,0.0,2023-07-20
883,2023-07-20 11:28:00+05:30,7555.0,7564.0,7554.2001953125,7561.0,,1742.0,0.0,0.0,2023-07-20
884,2023-07-20 11:29:00+05:30,7563.2001953125,7569.9501953125,7562.10009765625,7569.9501953125,,2821.0,0.0,0.0,2023-07-20
885,2023-07-20 11:30:00+05:30,7571.75,7571.75,7563.10009765625,7567.39990234375,,2194.0,0.0,0.0,2023-07-20
886,2023-07-20 11:31:00+05:30,7567.39990234375,7574.0,7566.0,7570.60009765625,,2562.0,0.0,0.0,2023-07-20
887,2023-07-20 11:32:00+05:30,7570.0,7572.0,7568.7998046875,7571.0,,1195.0,0.0,0.0,2023-07-20
888,2023-07-20 11:33:00+05:30,7569.0,7572.0,7568.7998046875,7571.4501953125,,733.0,0.0,0.0,2023-07-20
889,2023-07-20 11:34:00+05:30,7571.89990234375,7575.0,7567.39990234375,7575.0,,2017.0,0.0,0.0,2023-07-20
890,2023-07-20 11:35:00+05:30,7573.2998046875,7580.0,7571.85009765625,7576.2001953125,,4231.0,0.0,0.0,2023-07-20
891,2023-07-20 11:36:00+05:30,7575.0,7579.60009765625,7575.0,7579.60009765625,,734.0,0.0,0.0,2023-07-20
892,2023-07-20 11:37:00+05:30,7578.25,7578.9501953125,7568.75,7569.10009765625,,1481.0,0.0,0.0,2023-07-20
893,2023-07-20 11:38:00+05:30,7569.0498046875,7571.0,7563.5,7565.4501953125,,2289.0,0.0,0.0,2023-07-20
894,2023-07-20 11:39:00+05:30,7565.10009765625,7579.7998046875,7565.0498046875,7578.64990234375,,1462.0,0.0,0.0,2023-07-20
895,2023-07-20 11:40:00+05:30,7578.64990234375,7585.0,7577.5,7582.9501953125,,3267.0,0.0,0.0,2023-07-20
896,2023-07-20 11:41:00+05:30,7582.9501953125,7583.0,7576.7998046875,7577.7998046875,,1256.0,0.0,0.0,2023-07-20
897,2023-07-20 11:42:00+05:30,7580.75,7580.75,7571.89990234375,7575.0,,1163.0,0.0,0.0,2023-07-20
898,2023-07-20 11:43:00+05:30,7572.14990234375,7575.85009765625,7572.0,7572.0,,359.0,0.0,0.0,2023-07-20
899,2023-07-20 11:44:00+05:30,7573.25,7576.0,7571.0498046875,7572.0,,801.0,0.0,0.0,2023-07-20
900,2023-07-20 11:45:00+05:30,7571.0498046875,7574.0,7570.0,7570.14990234375,,596.0,0.0,0.0,2023-07-20
901,2023-07-20 11:46:00+05:30,7572.0,7573.5498046875,7570.14990234375,7570.2001953125,,747.0,0.0,0.0,2023-07-20
902,2023-07-20 11:47:00+05:30,7570.14990234375,7573.35009765625,7570.0,7570.0,,323.0,0.0,0.0,2023-07-20
903,2023-07-20 11:48:00+05:30,7570.0,7572.0,7570.0,7570.0,,293.0,0.0,0.0,2023-07-20
904,2023-07-20 11:49:00+05:30,7572.0,7578.7998046875,7570.0,7578.7998046875,,1026.0,0.0,0.0,2023-07-20
905,2023-07-20 11:50:00+05:30,7578.7001953125,7579.64990234375,7576.2001953125,7577.0,,710.0,0.0,0.0,2023-07-20
906,2023-07-20 11:51:00+05:30,7577.0,7577.0,7570.0498046875,7573.0,,916.0,0.0,0.0,2023-07-20
907,2023-07-20 11:52:00+05:30,7573.0,7576.64990234375,7572.25,7573.75,,1022.0,0.0,0.0,2023-07-20
908,2023-07-20 11:53:00+05:30,7573.75,7576.0,7573.0,7574.0,,206.0,0.0,0.0,2023-07-20
909,2023-07-20 11:54:00+05:30,7574.0,7579.5,7574.0,7577.0498046875,,388.0,0.0,0.0,2023-07-20
910,2023-07-20 11:55:00+05:30,7579.60009765625,7579.60009765625,7564.0498046875,7564.0498046875,,6644.0,0.0,0.0,2023-07-20
911,2023-07-20 11:56:00+05:30,7565.0,7566.60009765625,7552.64990234375,7555.0,,6540.0,0.0,0.0,2023-07-20
912,2023-07-20 11:57:00+05:30,7555.0,7564.9501953125,7553.25,7562.5,,1183.0,0.0,0.0,2023-07-20
913,2023-07-20 11:58:00+05:30,7564.89990234375,7567.35009765625,7562.10009765625,7564.9501953125,,755.0,0.0,0.0,2023-07-20
914,2023-07-20 11:59:00+05:30,7565.0498046875,7568.60009765625,7565.0498046875,7568.60009765625,,558.0,0.0,0.0,2023-07-20
915,2023-07-20 12:00:00+05:30,7566.10009765625,7569.10009765625,7565.0,7565.35009765625,,653.0,0.0,0.0,2023-07-20
916,2023-07-20 12:01:00+05:30,7565.5,7571.9501953125,7565.5,7567.89990234375,,795.0,0.0,0.0,2023-07-20
917,2023-07-20 12:02:00+05:30,7567.89990234375,7570.7001953125,7565.0,7565.0,,513.0,0.0,0.0,2023-07-20
918,2023-07-20 12:03:00+05:30,7565.0,7568.10009765625,7565.0,7567.9501953125,,59.0,0.0,0.0,2023-07-20
919,2023-07-20 12:04:00+05:30,7570.0,7570.9501953125,7567.39990234375,7567.39990234375,,493.0,0.0,0.0,2023-07-20
920,2023-07-20 12:05:00+05:30,7568.2998046875,7574.0,7568.2998046875,7574.0,,432.0,0.0,0.0,2023-07-20
921,2023-07-20 12:06:00+05:30,7574.0,7575.60009765625,7570.10009765625,7575.0,,916.0,0.0,0.0,2023-07-20
922,2023-07-20 12:07:00+05:30,7576.64990234375,7579.0,7574.9501953125,7575.35009765625,,931.0,0.0,0.0,2023-07-20
923,2023-07-20 12:08:00+05:30,7575.35009765625,7577.9501953125,7575.0,7576.9501953125,,215.0,0.0,0.0,2023-07-20
924,2023-07-20 12:09:00+05:30,7575.0,7576.7998046875,7571.5,7574.7998046875,,345.0,0.0,0.0,2023-07-20
925,2023-07-20 12:10:00+05:30,7574.7998046875,7576.7001953125,7571.0,7571.0,,367.0,0.0,0.0,2023-07-20
926,2023-07-20 12:11:00+05:30,7572.89990234375,7575.0,7571.0,7572.5498046875,,399.0,0.0,0.0,2023-07-20
927,2023-07-20 12:12:00+05:30,7574.9501953125,7578.64990234375,7573.2001953125,7577.0,,1372.0,0.0,0.0,2023-07-20
928,2023-07-20 12:13:00+05:30,7575.0,7577.9501953125,7572.14990234375,7575.85009765625,,858.0,0.0,0.0,2023-07-20
929,2023-07-20 12:14:00+05:30,7575.0,7577.75,7575.0,7576.25,,422.0,0.0,0.0,2023-07-20
930,2023-07-20 12:15:00+05:30,7576.25,7577.0,7573.0,7574.25,,523.0,0.0,0.0,2023-07-20
931,2023-07-20 12:16:00+05:30,7576.89990234375,7588.7001953125,7571.10009765625,7585.5,,6498.0,0.0,0.0,2023-07-20
932,2023-07-20 12:17:00+05:30,7585.10009765625,7586.9501953125,7579.0498046875,7582.0,,1703.0,0.0,0.0,2023-07-20
933,2023-07-20 12:18:00+05:30,7580.75,7586.39990234375,7580.75,7582.0498046875,,1186.0,0.0,0.0,2023-07-20
934,2023-07-20 12:19:00+05:30,7585.7998046875,7585.7998046875,7581.0,7585.0,,1092.0,0.0,0.0,2023-07-20
935,2023-07-20 12:20:00+05:30,7585.0,7587.9501953125,7582.5,7587.39990234375,,1230.0,0.0,0.0,2023-07-20
936,2023-07-20 12:21:00+05:30,7587.4501953125,7590.0,7586.0,7589.0,,3125.0,0.0,0.0,2023-07-20
937,2023-07-20 12:22:00+05:30,7589.0,7595.0,7589.0,7594.60009765625,,3807.0,0.0,0.0,2023-07-20
938,2023-07-20 12:23:00+05:30,7594.60009765625,7600.0,7588.35009765625,7588.35009765625,,5307.0,0.0,0.0,2023-07-20
939,2023-07-20 12:24:00+05:30,7591.2001953125,7592.0,7584.0,7585.2001953125,,1132.0,0.0,0.0,2023-07-20
940,2023-07-20 12:25:00+05:30,7588.0,7595.0,7586.9501953125,7591.9501953125,,1791.0,0.0,0.0,2023-07-20
941,2023-07-20 12:26:00+05:30,7594.9501953125,7597.9501953125,7590.0498046875,7596.5,,1167.0,0.0,0.0,2023-07-20
942,2023-07-20 12:27:00+05:30,7596.5,7597.10009765625,7593.0,7593.0,,1157.0,0.0,0.0,2023-07-20
943,2023-07-20 12:28:00+05:30,7593.0,7593.0,7590.0,7590.64990234375,,426.0,0.0,0.0,2023-07-20
944,2023-07-20 12:29:00+05:30,7592.7001953125,7596.0,7590.64990234375,7595.0,,783.0,0.0,0.0,2023-07-20
945,2023-07-20 12:30:00+05:30,7595.0,7604.0,7593.5,7596.5498046875,,6651.0,0.0,0.0,2023-07-20
946,2023-07-20 12:31:00+05:30,7599.85009765625,7607.5498046875,7596.7001953125,7606.0,,5817.0,0.0,0.0,2023-07-20
947,2023-07-20 12:32:00+05:30,7602.75,7604.85009765625,7600.0,7601.0,,3312.0,0.0,0.0,2023-07-20
948,2023-07-20 12:33:00+05:30,7603.0,7605.9501953125,7601.2998046875,7605.75,,2503.0,0.0,0.0,2023-07-20
949,2023-07-20 12:34:00+05:30,7602.7001953125,7606.0,7602.7001953125,7605.0,,1245.0,0.0,0.0,2023-07-20
950,2023-07-20 12:35:00+05:30,7604.89990234375,7606.0,7600.0,7600.0498046875,,2157.0,0.0,0.0,2023-07-20
951,2023-07-20 12:36:00+05:30,7602.75,7604.0,7598.10009765625,7601.60009765625,,2346.0,0.0,0.0,2023-07-20
952,2023-07-20 12:37:00+05:30,7601.60009765625,7603.2998046875,7596.0,7596.0,,1108.0,0.0,0.0,2023-07-20
953,2023-07-20 12:38:00+05:30,7598.0,7598.9501953125,7590.0,7590.0,,1732.0,0.0,0.0,2023-07-20
954,2023-07-20 12:39:00+05:30,7590.0,7591.60009765625,7587.0,7590.0,,1374.0,0.0,0.0,2023-07-20
955,2023-07-20 12:40:00+05:30,7590.60009765625,7593.0,7588.35009765625,7591.5498046875,,997.0,0.0,0.0,2023-07-20
956,2023-07-20 12:41:00+05:30,7593.0,7594.14990234375,7590.0498046875,7593.0,,1271.0,0.0,0.0,2023-07-20
957,2023-07-20 12:42:00+05:30,7593.5498046875,7593.5498046875,7590.0,7590.10009765625,,929.0,0.0,0.0,2023-07-20
958,2023-07-20 12:43:00+05:30,7592.89990234375,7593.5,7589.39990234375,7593.2001953125,,1044.0,0.0,0.0,2023-07-20
959,2023-07-20 12:44:00+05:30,7593.5498046875,7594.89990234375,7590.64990234375,7592.2998046875,,621.0,0.0,0.0,2023-07-20
960,2023-07-20 12:45:00+05:30,7594.89990234375,7595.9501953125,7592.2998046875,7595.9501953125,,706.0,0.0,0.0,2023-07-20
961,2023-07-20 12:46:00+05:30,7592.2998046875,7600.0,7592.2998046875,7598.39990234375,,1061.0,0.0,0.0,2023-07-20
962,2023-07-20 12:47:00+05:30,7600.0,7600.0,7595.0,7595.0,,395.0,0.0,0.0,2023-07-20
963,2023-07-20 12:48:00+05:30,7595.0,7599.5,7595.0,7597.9501953125,,658.0,0.0,0.0,2023-07-20
964,2023-07-20 12:49:00+05:30,7599.0,7604.9501953125,7597.9501953125,7600.64990234375,,2388.0,0.0,0.0,2023-07-20
965,2023-07-20 12:50:00+05:30,7603.89990234375,7603.89990234375,7595.89990234375,7601.14990234375,,1108.0,0.0,0.0,2023-07-20
966,2023-07-20 12:51:00+05:30,7602.0,7602.35009765625,7598.10009765625,7599.89990234375,,520.0,0.0,0.0,2023-07-20
967,2023-07-20 12:52:00+05:30,7599.9501953125,7601.0,7595.25,7595.25,,866.0,0.0,0.0,2023-07-20
968,2023-07-20 12:53:00+05:30,7598.85009765625,7599.0,7595.0,7597.14990234375,,996.0,0.0,0.0,2023-07-20
969,2023-07-20 12:54:00+05:30,7597.14990234375,7599.89990234375,7596.5498046875,7596.5498046875,,175.0,0.0,0.0,2023-07-20
970,2023-07-20 12:55:00+05:30,7595.35009765625,7595.35009765625,7593.89990234375,7593.89990234375,,571.0,0.0,0.0,2023-07-20
971,2023-07-20 12:56:00+05:30,7594.89990234375,7594.9501953125,7590.0,7590.0,,902.0,0.0,0.0,2023-07-20
972,2023-07-20 12:57:00+05:30,7592.4501953125,7594.89990234375,7590.0,7591.0498046875,,2037.0,0.0,0.0,2023-07-20
973,2023-07-20 12:58:00+05:30,7594.5,7595.5,7591.0,7591.85009765625,,586.0,0.0,0.0,2023-07-20
974,2023-07-20 12:59:00+05:30,7591.85009765625,7595.0,7591.85009765625,7591.9501953125,,204.0,0.0,0.0,2023-07-20
975,2023-07-20 13:00:00+05:30,7591.9501953125,7593.7998046875,7575.0498046875,7575.0498046875,,2611.0,0.0,0.0,2023-07-20
976,2023-07-20 13:01:00+05:30,7575.35009765625,7584.35009765625,7575.0,7580.75,,1790.0,0.0,0.0,2023-07-20
977,2023-07-20 13:02:00+05:30,7583.9501953125,7583.9501953125,7575.7001953125,7580.0,,1124.0,0.0,0.0,2023-07-20
978,2023-07-20 13:03:00+05:30,7577.25,7580.7001953125,7575.0,7575.7998046875,,1549.0,0.0,0.0,2023-07-20
979,2023-07-20 13:04:00+05:30,7575.7998046875,7580.7001953125,7575.7998046875,7576.0,,557.0,0.0,0.0,2023-07-20
980,2023-07-20 13:05:00+05:30,7577.0,7585.0,7576.0,7578.0,,914.0,0.0,0.0,2023-07-20
981,2023-07-20 13:06:00+05:30,7578.0,7580.0,7577.0,7577.89990234375,,354.0,0.0,0.0,2023-07-20
982,2023-07-20 13:07:00+05:30,7576.0498046875,7578.5498046875,7575.0,7576.0498046875,,592.0,0.0,0.0,2023-07-20
983,2023-07-20 13:08:00+05:30,7576.0498046875,7584.10009765625,7576.0498046875,7581.35009765625,,626.0,0.0,0.0,2023-07-20
984,2023-07-20 13:09:00+05:30,7581.35009765625,7584.0498046875,7577.0,7577.0498046875,,728.0,0.0,0.0,2023-07-20
985,2023-07-20 13:10:00+05:30,7577.0498046875,7584.0,7571.5498046875,7583.2001953125,,2032.0,0.0,0.0,2023-07-20
986,2023-07-20 13:11:00+05:30,7583.9501953125,7587.5,7583.9501953125,7584.0498046875,,1234.0,0.0,0.0,2023-07-20
987,2023-07-20 13:12:00+05:30,7584.0,7585.35009765625,7580.0,7580.0,,326.0,0.0,0.0,2023-07-20
988,2023-07-20 13:13:00+05:30,7580.0,7582.0,7575.0,7578.0,,1008.0,0.0,0.0,2023-07-20
989,2023-07-20 13:14:00+05:30,7579.10009765625,7587.2001953125,7575.89990234375,7587.2001953125,,1020.0,0.0,0.0,2023-07-20
990,2023-07-20 13:15:00+05:30,7588.39990234375,7590.0,7583.14990234375,7583.14990234375,,1427.0,0.0,0.0,2023-07-20
991,2023-07-20 13:16:00+05:30,7583.14990234375,7596.9501953125,7580.7998046875,7592.7001953125,,6237.0,0.0,0.0,2023-07-20
992,2023-07-20 13:17:00+05:30,7592.7001953125,7599.89990234375,7591.0,7596.4501953125,,2378.0,0.0,0.0,2023-07-20
993,2023-07-20 13:18:00+05:30,7596.0498046875,7599.7998046875,7595.0,7599.0,,1423.0,0.0,0.0,2023-07-20
994,2023-07-20 13:19:00+05:30,7598.0,7599.7998046875,7592.5,7593.0,,1142.0,0.0,0.0,2023-07-20
995,2023-07-20 13:20:00+05:30,7593.0,7594.64990234375,7585.89990234375,7590.9501953125,,1278.0,0.0,0.0,2023-07-20
996,2023-07-20 13:21:00+05:30,7587.39990234375,7594.35009765625,7587.39990234375,7589.0498046875,,1452.0,0.0,0.0,2023-07-20
997,2023-07-20 13:22:00+05:30,7592.2998046875,7593.0,7586.2001953125,7586.2001953125,,689.0,0.0,0.0,2023-07-20
998,2023-07-20 13:23:00+05:30,7589.64990234375,7589.64990234375,7586.0,7589.35009765625,,361.0,0.0,0.0,2023-07-20
999,2023-07-20 13:24:00+05:30,7589.60009765625,7590.0,7584.0498046875,7584.0498046875,,347.0,0.0,0.0,2023-07-20
1000,2023-07-20 13:25:00+05:30,7584.9501953125,7592.64990234375,7584.9501953125,7589.60009765625,,1549.0,0.0,0.0,2023-07-20
1001,2023-07-20 13:26:00+05:30,7591.0,7591.0,7589.0,7589.0,,276.0,0.0,0.0,2023-07-20
1002,2023-07-20 13:27:00+05:30,7590.0,7590.14990234375,7587.0,7587.2001953125,,469.0,0.0,0.0,2023-07-20
1003,2023-07-20 13:28:00+05:30,7590.0,7591.0,7587.5,7588.0,,328.0,0.0,0.0,2023-07-20
1004,2023-07-20 13:29:00+05:30,7590.25,7590.89990234375,7587.5,7588.0,,511.0,0.0,0.0,2023-07-20
1005,2023-07-20 13:30:00+05:30,7590.0,7590.0,7585.0,7586.0,,474.0,0.0,0.0,2023-07-20
1006,2023-07-20 13:31:00+05:30,7586.0,7588.9501953125,7580.0,7583.0498046875,,940.0,0.0,0.0,2023-07-20
1007,2023-07-20 13:32:00+05:30,7585.85009765625,7590.0,7584.75,7585.39990234375,,570.0,0.0,0.0,2023-07-20
1008,2023-07-20 13:33:00+05:30,7588.7998046875,7588.7998046875,7585.0,7585.14990234375,,382.0,0.0,0.0,2023-07-20
1009,2023-07-20 13:34:00+05:30,7588.0498046875,7588.0498046875,7585.0,7587.25,,194.0,0.0,0.0,2023-07-20
1010,2023-07-20 13:35:00+05:30,7585.2001953125,7587.2001953125,7580.0,7580.0,,529.0,0.0,0.0,2023-07-20
1011,2023-07-20 13:36:00+05:30,7580.7998046875,7582.5498046875,7575.0,7577.0,,762.0,0.0,0.0,2023-07-20
1012,2023-07-20 13:37:00+05:30,7575.14990234375,7577.5,7571.0,7571.0,,2714.0,0.0,0.0,2023-07-20
1013,2023-07-20 13:38:00+05:30,7572.10009765625,7573.5,7565.10009765625,7566.60009765625,,2590.0,0.0,0.0,2023-07-20
1014,2023-07-20 13:39:00+05:30,7565.9501953125,7566.89990234375,7555.0498046875,7559.89990234375,,8374.0,0.0,0.0,2023-07-20
1015,2023-07-20 13:40:00+05:30,7557.10009765625,7567.89990234375,7557.10009765625,7564.64990234375,,1946.0,0.0,0.0,2023-07-20
1016,2023-07-20 13:41:00+05:30,7564.60009765625,7565.7998046875,7555.10009765625,7556.7001953125,,2201.0,0.0,0.0,2023-07-20
1017,2023-07-20 13:42:00+05:30,7556.7001953125,7560.35009765625,7556.0,7559.9501953125,,1499.0,0.0,0.0,2023-07-20
1018,2023-07-20 13:43:00+05:30,7557.35009765625,7565.0,7557.35009765625,7565.0,,1344.0,0.0,0.0,2023-07-20
1019,2023-07-20 13:44:00+05:30,7567.0,7567.9501953125,7561.0498046875,7564.75,,775.0,0.0,0.0,2023-07-20
1020,2023-07-20 13:45:00+05:30,7564.75,7570.0,7562.7001953125,7570.0,,755.0,0.0,0.0,2023-07-20
1021,2023-07-20 13:46:00+05:30,7572.64990234375,7574.9501953125,7569.25,7574.89990234375,,1045.0,0.0,0.0,2023-07-20
1022,2023-07-20 13:47:00+05:30,7571.7998046875,7571.9501953125,7565.0,7565.0,,925.0,0.0,0.0,2023-07-20
1023,2023-07-20 13:48:00+05:30,7565.0,7566.5,7561.0,7561.0,,797.0,0.0,0.0,2023-07-20
1024,2023-07-20 13:49:00+05:30,7561.0,7562.35009765625,7559.10009765625,7560.0,,1382.0,0.0,0.0,2023-07-20
1025,2023-07-20 13:50:00+05:30,7562.64990234375,7564.75,7560.0,7564.0,,338.0,0.0,0.0,2023-07-20
1026,2023-07-20 13:51:00+05:30,7564.89990234375,7564.89990234375,7559.39990234375,7560.4501953125,,853.0,0.0,0.0,2023-07-20
1027,2023-07-20 13:52:00+05:30,7560.4501953125,7573.0,7560.39990234375,7569.2001953125,,1440.0,0.0,0.0,2023-07-20
1028,2023-07-20 13:53:00+05:30,7569.2001953125,7571.9501953125,7562.7001953125,7565.35009765625,,5835.0,0.0,0.0,2023-07-20
1029,2023-07-20 13:54:00+05:30,7569.0,7569.9501953125,7563.4501953125,7565.39990234375,,956.0,0.0,0.0,2023-07-20
1030,2023-07-20 13:55:00+05:30,7565.5,7569.0,7565.39990234375,7566.0498046875,,668.0,0.0,0.0,2023-07-20
1031,2023-07-20 13:56:00+05:30,7569.0,7570.9501953125,7566.0,7570.0,,813.0,0.0,0.0,2023-07-20
1032,2023-07-20 13:57:00+05:30,7570.0,7573.9501953125,7563.0,7570.14990234375,,2058.0,0.0,0.0,2023-07-20
1033,2023-07-20 13:58:00+05:30,7570.10009765625,7571.7001953125,7568.2001953125,7569.5,,215.0,0.0,0.0,2023-07-20
1034,2023-07-20 13:59:00+05:30,7569.89990234375,7569.89990234375,7564.89990234375,7564.9501953125,,483.0,0.0,0.0,2023-07-20
1035,2023-07-20 14:00:00+05:30,7565.0,7565.0,7562.0,7564.14990234375,,2240.0,0.0,0.0,2023-07-20
1036,2023-07-20 14:01:00+05:30,7564.25,7565.0,7562.0,7564.5498046875,,1114.0,0.0,0.0,2023-07-20
1037,2023-07-20 14:02:00+05:30,7564.5498046875,7575.0498046875,7562.9501953125,7575.0498046875,,4316.0,0.0,0.0,2023-07-20
1038,2023-07-20 14:03:00+05:30,7576.0,7581.0,7572.10009765625,7572.10009765625,,1090.0,0.0,0.0,2023-07-20
1039,2023-07-20 14:04:00+05:30,7574.7001953125,7577.4501953125,7570.10009765625,7577.0,,420.0,0.0,0.0,2023-07-20
1040,2023-07-20 14:05:00+05:30,7577.0,7578.60009765625,7568.0,7568.0,,1500.0,0.0,0.0,2023-07-20
1041,2023-07-20 14:06:00+05:30,7568.0,7573.25,7568.0,7572.0,,827.0,0.0,0.0,2023-07-20
1042,2023-07-20 14:07:00+05:30,7574.89990234375,7584.9501953125,7572.35009765625,7584.2998046875,,1018.0,0.0,0.0,2023-07-20
1043,2023-07-20 14:08:00+05:30,7580.85009765625,7586.85009765625,7578.7998046875,7579.85009765625,,1064.0,0.0,0.0,2023-07-20
1044,2023-07-20 14:09:00+05:30,7579.2001953125,7582.5498046875,7578.7998046875,7580.0,,677.0,0.0,0.0,2023-07-20
1045,2023-07-20 14:10:00+05:30,7580.0,7585.5,7580.0,7585.0,,1198.0,0.0,0.0,2023-07-20
1046,2023-07-20 14:11:00+05:30,7585.0,7586.9501953125,7580.0,7584.39990234375,,1197.0,0.0,0.0,2023-07-20
1047,2023-07-20 14:12:00+05:30,7582.0,7585.0,7580.0,7583.4501953125,,806.0,0.0,0.0,2023-07-20
1048,2023-07-20 14:13:00+05:30,7583.5498046875,7585.0,7575.0,7577.10009765625,,1280.0,0.0,0.0,2023-07-20
1049,2023-07-20 14:14:00+05:30,7575.0,7579.89990234375,7575.0,7576.7001953125,,363.0,0.0,0.0,2023-07-20
1050,2023-07-20 14:15:00+05:30,7578.60009765625,7579.64990234375,7576.2998046875,7577.14990234375,,354.0,0.0,0.0,2023-07-20
1051,2023-07-20 14:16:00+05:30,7577.2001953125,7578.9501953125,7576.5,7576.5,,412.0,0.0,0.0,2023-07-20
1052,2023-07-20 14:17:00+05:30,7576.5,7587.2001953125,7576.2998046875,7583.0,,1876.0,0.0,0.0,2023-07-20
1053,2023-07-20 14:18:00+05:30,7582.89990234375,7584.5,7581.0,7584.39990234375,,281.0,0.0,0.0,2023-07-20
1054,2023-07-20 14:19:00+05:30,7582.0,7585.0,7582.0,7584.0,,591.0,0.0,0.0,2023-07-20
1055,2023-07-20 14:20:00+05:30,7584.0,7584.10009765625,7581.0498046875,7581.5498046875,,675.0,0.0,0.0,2023-07-20
1056,2023-07-20 14:21:00+05:30,7581.7001953125,7583.7998046875,7580.60009765625,7581.2001953125,,2720.0,0.0,0.0,2023-07-20
1057,2023-07-20 14:22:00+05:30,7582.0,7583.9501953125,7580.0,7582.0,,2529.0,0.0,0.0,2023-07-20
1058,2023-07-20 14:23:00+05:30,7582.0,7582.0,7577.64990234375,7582.0,,1178.0,0.0,0.0,2023-07-20
1059,2023-07-20 14:24:00+05:30,7582.0,7582.0,7573.85009765625,7579.2001953125,,3760.0,0.0,0.0,2023-07-20
1060,2023-07-20 14:25:00+05:30,7581.89990234375,7582.0,7576.85009765625,7578.10009765625,,1276.0,0.0,0.0,2023-07-20
1061,2023-07-20 14:26:00+05:30,7580.0,7581.10009765625,7577.39990234375,7578.0498046875,,407.0,0.0,0.0,2023-07-20
1062,2023-07-20 14:27:00+05:30,7578.0498046875,7580.0,7577.0,7577.14990234375,,499.0,0.0,0.0,2023-07-20
1063,2023-07-20 14:28:00+05:30,7578.89990234375,7578.89990234375,7572.0,7578.5,,1049.0,0.0,0.0,2023-07-20
1064,2023-07-20 14:29:00+05:30,7574.7001953125,7578.5498046875,7571.0,7571.0,,1025.0,0.0,0.0,2023-07-20
1065,2023-07-20 14:30:00+05:30,7572.89990234375,7577.25,7569.0,7574.0498046875,,1894.0,0.0,0.0,2023-07-20
1066,2023-07-20 14:31:00+05:30,7577.2001953125,7578.89990234375,7574.60009765625,7575.7998046875,,392.0,0.0,0.0,2023-07-20
1067,2023-07-20 14:32:00+05:30,7575.7998046875,7578.0,7574.10009765625,7575.2998046875,,434.0,0.0,0.0,2023-07-20
1068,2023-07-20 14:33:00+05:30,7576.25,7584.2001953125,7575.7001953125,7583.0,,963.0,0.0,0.0,2023-07-20
1069,2023-07-20 14:34:00+05:30,7583.7001953125,7585.0498046875,7572.0,7572.0,,866.0,0.0,0.0,2023-07-20
1070,2023-07-20 14:35:00+05:30,7573.9501953125,7583.9501953125,7570.7998046875,7581.14990234375,,897.0,0.0,0.0,2023-07-20
1071,2023-07-20 14:36:00+05:30,7582.9501953125,7583.0,7579.60009765625,7581.0,,331.0,0.0,0.0,2023-07-20
1072,2023-07-20 14:37:00+05:30,7581.0,7581.0,7577.2001953125,7577.39990234375,,196.0,0.0,0.0,2023-07-20
1073,2023-07-20 14:38:00+05:30,7577.2998046875,7582.0,7577.2998046875,7581.9501953125,,1124.0,0.0,0.0,2023-07-20
1074,2023-07-20 14:39:00+05:30,7582.0,7586.0,7581.0498046875,7584.89990234375,,1172.0,0.0,0.0,2023-07-20
1075,2023-07-20 14:40:00+05:30,7585.9501953125,7586.0,7575.0,7577.89990234375,,709.0,0.0,0.0,2023-07-20
1076,2023-07-20 14:41:00+05:30,7577.89990234375,7581.4501953125,7575.7998046875,7576.9501953125,,2212.0,0.0,0.0,2023-07-20
1077,2023-07-20 14:42:00+05:30,7576.9501953125,7579.7998046875,7576.9501953125,7577.9501953125,,317.0,0.0,0.0,2023-07-20
1078,2023-07-20 14:43:00+05:30,7577.89990234375,7578.0,7577.0,7577.0,,219.0,0.0,0.0,2023-07-20
1079,2023-07-20 14:44:00+05:30,7576.9501953125,7577.0,7574.0,7574.7998046875,,585.0,0.0,0.0,2023-07-20
1080,2023-07-20 14:45:00+05:30,7574.7998046875,7577.0,7570.7998046875,7574.7001953125,,1886.0,0.0,0.0,2023-07-20
1081,2023-07-20 14:46:00+05:30,7575.7998046875,7577.0,7573.0,7574.5,,446.0,0.0,0.0,2023-07-20
1082,2023-07-20 14:47:00+05:30,7574.5,7578.7998046875,7571.35009765625,7573.60009765625,,1733.0,0.0,0.0,2023-07-20
1083,2023-07-20 14:48:00+05:30,7573.60009765625,7576.0,7565.0,7574.2998046875,,1758.0,0.0,0.0,2023-07-20
1084,2023-07-20 14:49:00+05:30,7574.2998046875,7575.0,7560.0,7560.0498046875,,2291.0,0.0,0.0,2023-07-20
1085,2023-07-20 14:50:00+05:30,7563.9501953125,7570.0,7560.4501953125,7569.89990234375,,1053.0,0.0,0.0,2023-07-20
1086,2023-07-20 14:51:00+05:30,7569.89990234375,7573.7001953125,7565.10009765625,7565.10009765625,,655.0,0.0,0.0,2023-07-20
1087,2023-07-20 14:52:00+05:30,7564.10009765625,7567.39990234375,7562.75,7565.0,,1084.0,0.0,0.0,2023-07-20
1088,2023-07-20 14:53:00+05:30,7566.10009765625,7575.0,7562.0,7572.2001953125,,2169.0,0.0,0.0,2023-07-20
1089,2023-07-20 14:54:00+05:30,7574.7998046875,7576.89990234375,7570.0498046875,7573.2998046875,,1322.0,0.0,0.0,2023-07-20
1090,2023-07-20 14:55:00+05:30,7574.4501953125,7578.0,7573.35009765625,7576.2001953125,,883.0,0.0,0.0,2023-07-20
1091,2023-07-20 14:56:00+05:30,7576.2001953125,7579.25,7575.10009765625,7575.25,,748.0,0.0,0.0,2023-07-20
1092,2023-07-20 14:57:00+05:30,7577.9501953125,7577.9501953125,7575.14990234375,7577.4501953125,,292.0,0.0,0.0,2023-07-20
1093,2023-07-20 14:58:00+05:30,7577.5,7582.0,7574.75,7580.2998046875,,1608.0,0.0,0.0,2023-07-20
1094,2023-07-20 14:59:00+05:30,7580.2998046875,7585.5,7574.75,7582.0,,2215.0,0.0,0.0,2023-07-20
1095,2023-07-20 15:00:00+05:30,7582.5,7586.0,7580.5,7583.85009765625,,2104.0,0.0,0.0,2023-07-20
1096,2023-07-20 15:01:00+05:30,7581.14990234375,7590.0,7580.75,7589.0,,2687.0,0.0,0.0,2023-07-20
1097,2023-07-20 15:02:00+05:30,7589.25,7589.85009765625,7586.7001953125,7587.7001953125,,867.0,0.0,0.0,2023-07-20
1098,2023-07-20 15:03:00+05:30,7587.60009765625,7587.7001953125,7582.64990234375,7583.0,,1270.0,0.0,0.0,2023-07-20
1099,2023-07-20 15:04:00+05:30,7583.5498046875,7587.85009765625,7582.89990234375,7586.9501953125,,1687.0,0.0,0.0,2023-07-20
1100,2023-07-20 15:05:00+05:30,7587.2001953125,7592.0,7585.39990234375,7591.5498046875,,2903.0,0.0,0.0,2023-07-20
1101,2023-07-20 15:06:00+05:30,7592.0,7592.0,7589.89990234375,7591.0,,2414.0,0.0,0.0,2023-07-20
1102,2023-07-20 15:07:00+05:30,7591.9501953125,7591.9501953125,7582.75,7582.75,,1130.0,0.0,0.0,2023-07-20
1103,2023-07-20 15:08:00+05:30,7581.60009765625,7590.0,7580.10009765625,7590.0,,1625.0,0.0,0.0,2023-07-20
1104,2023-07-20 15:09:00+05:30,7590.0,7592.0,7589.2001953125,7592.0,,5712.0,0.0,0.0,2023-07-20
1105,2023-07-20 15:10:00+05:30,7591.85009765625,7594.5,7588.2001953125,7588.39990234375,,1986.0,0.0,0.0,2023-07-20
1106,2023-07-20 15:11:00+05:30,7587.60009765625,7592.0,7587.5498046875,7591.5,,1041.0,0.0,0.0,2023-07-20
1107,2023-07-20 15:12:00+05:30,7591.5498046875,7593.0,7591.0,7592.5498046875,,959.0,0.0,0.0,2023-07-20
1108,2023-07-20 15:13:00+05:30,7592.5498046875,7596.0,7590.5,7596.0,,2844.0,0.0,0.0,2023-07-20
1109,2023-07-20 15:14:00+05:30,7596.5,7599.39990234375,7595.0498046875,7599.39990234375,,3198.0,0.0,0.0,2023-07-20
1110,2023-07-20 15:15:00+05:30,7599.0,7599.7998046875,7597.0,7598.0,,3966.0,0.0,0.0,2023-07-20
1111,2023-07-20 15:16:00+05:30,7599.39990234375,7601.0,7590.7001953125,7595.14990234375,,8514.0,0.0,0.0,2023-07-20
1112,2023-07-20 15:17:00+05:30,7595.14990234375,7604.64990234375,7594.7001953125,7603.0498046875,,6074.0,0.0,0.0,2023-07-20
1113,2023-07-20 15:18:00+05:30,7602.5498046875,7606.0,7599.10009765625,7603.9501953125,,4261.0,0.0,0.0,2023-07-20
1114,2023-07-20 15:19:00+05:30,7604.5498046875,7605.25,7600.10009765625,7602.35009765625,,2398.0,0.0,0.0,2023-07-20
1115,2023-07-20 15:20:00+05:30,7602.35009765625,7607.7001953125,7596.7998046875,7601.89990234375,,10106.0,0.0,0.0,2023-07-20
1116,2023-07-20 15:21:00+05:30,7605.2998046875,7608.5,7602.25,7602.25,,2335.0,0.0,0.0,2023-07-20
1117,2023-07-20 15:22:00+05:30,7602.25,7602.2998046875,7593.10009765625,7593.14990234375,,2176.0,0.0,0.0,2023-07-20
1118,2023-07-20 15:23:00+05:30,7596.75,7605.0,7595.39990234375,7604.10009765625,,2606.0,0.0,0.0,2023-07-20
1119,2023-07-20 15:24:00+05:30,7600.85009765625,7604.9501953125,7598.0,7600.0498046875,,2869.0,0.0,0.0,2023-07-20
1120,2023-07-20 15:25:00+05:30,7602.2998046875,7603.7998046875,7598.7001953125,7600.60009765625,,2060.0,0.0,0.0,2023-07-20
1121,2023-07-20 15:26:00+05:30,7602.0,7602.0,7598.75,7598.9501953125,,1062.0,0.0,0.0,2023-07-20
1122,2023-07-20 15:27:00+05:30,7599.9501953125,7600.5,7596.2001953125,7600.0,,1322.0,0.0,0.0,2023-07-20
1123,2023-07-20 15:28:00+05:30,7600.0,7600.0,7597.0,7597.0,,1220.0,0.0,0.0,2023-07-20
1124,2023-07-20 15:29:00+05:30,7597.0,7600.0,7590.0,7596.60009765625,,1606.0,0.0,0.0,2023-07-20
1125,2023-07-21 09:15:00+05:30,7581.89990234375,7597.25,7550.0,7597.25,,0.0,0.0,0.0,2023-07-21
1126,2023-07-21 09:16:00+05:30,7592.75,7600.9501953125,7581.7001953125,7590.0,,13893.0,0.0,0.0,2023-07-21
1127,2023-07-21 09:17:00+05:30,7588.14990234375,7596.0,7565.0,7569.9501953125,,9568.0,0.0,0.0,2023-07-21
1128,2023-07-21 09:18:00+05:30,7573.2998046875,7573.35009765625,7555.75,7560.2001953125,,6767.0,0.0,0.0,2023-07-21
1129,2023-07-21 09:19:00+05:30,7561.39990234375,7561.39990234375,7551.0,7559.2998046875,,5175.0,0.0,0.0,2023-07-21
1130,2023-07-21 09:20:00+05:30,7558.0498046875,7559.5,7550.0,7550.60009765625,,3755.0,0.0,0.0,2023-07-21
1131,2023-07-21 09:21:00+05:30,7554.0,7554.0,7536.60009765625,7545.0,,7679.0,0.0,0.0,2023-07-21
1132,2023-07-21 09:22:00+05:30,7544.85009765625,7546.35009765625,7540.0498046875,7540.2001953125,,4039.0,0.0,0.0,2023-07-21
1133,2023-07-21 09:23:00+05:30,7541.2998046875,7563.5498046875,7535.75,7563.5498046875,,5058.0,0.0,0.0,2023-07-21
1134,2023-07-21 09:24:00+05:30,7561.7998046875,7579.9501953125,7561.7998046875,7575.89990234375,,6623.0,0.0,0.0,2023-07-21
1135,2023-07-21 09:25:00+05:30,7578.0,7587.35009765625,7573.7998046875,7573.7998046875,,5459.0,0.0,0.0,2023-07-21
1136,2023-07-21 09:26:00+05:30,7570.7998046875,7570.7998046875,7568.0,7568.0,,2666.0,0.0,0.0,2023-07-21
1137,2023-07-21 09:27:00+05:30,7568.0,7569.7998046875,7560.0,7569.0,,2872.0,0.0,0.0,2023-07-21
1138,2023-07-21 09:28:00+05:30,7569.0498046875,7577.0,7566.2001953125,7575.0,,1421.0,0.0,0.0,2023-07-21
1139,2023-07-21 09:29:00+05:30,7575.10009765625,7583.0,7574.7998046875,7580.0,,2338.0,0.0,0.0,2023-07-21
1140,2023-07-21 09:30:00+05:30,7580.7001953125,7600.10009765625,7580.0,7588.2998046875,,7500.0,0.0,0.0,2023-07-21
1141,2023-07-21 09:31:00+05:30,7590.25,7591.5498046875,7579.2001953125,7582.0,,2061.0,0.0,0.0,2023-07-21
1142,2023-07-21 09:32:00+05:30,7583.75,7587.64990234375,7580.64990234375,7583.60009765625,,1925.0,0.0,0.0,2023-07-21
1143,2023-07-21 09:33:00+05:30,7584.0498046875,7600.0,7584.0498046875,7594.2001953125,,2378.0,0.0,0.0,2023-07-21
1144,2023-07-21 09:34:00+05:30,7592.0,7592.0,7580.0,7587.64990234375,,2027.0,0.0,0.0,2023-07-21
1145,2023-07-21 09:35:00+05:30,7580.0,7585.0,7570.0,7580.39990234375,,1954.0,0.0,0.0,2023-07-21
1146,2023-07-21 09:36:00+05:30,7580.39990234375,7596.0,7580.2001953125,7596.0,,2867.0,0.0,0.0,2023-07-21
1147,2023-07-21 09:37:00+05:30,7596.0,7596.85009765625,7580.0,7586.0498046875,,2812.0,0.0,0.0,2023-07-21
1148,2023-07-21 09:38:00+05:30,7586.0498046875,7594.0,7581.35009765625,7586.4501953125,,1036.0,0.0,0.0,2023-07-21
1149,2023-07-21 09:39:00+05:30,7585.0,7586.0,7580.0,7580.39990234375,,1594.0,0.0,0.0,2023-07-21
1150,2023-07-21 09:40:00+05:30,7580.0,7583.0,7577.0,7578.35009765625,,1904.0,0.0,0.0,2023-07-21
1151,2023-07-21 09:41:00+05:30,7582.4501953125,7582.4501953125,7573.25,7575.7001953125,,925.0,0.0,0.0,2023-07-21
1152,2023-07-21 09:42:00+05:30,7575.7001953125,7593.75,7575.7001953125,7585.14990234375,,1430.0,0.0,0.0,2023-07-21
1153,2023-07-21 09:43:00+05:30,7585.14990234375,7590.2998046875,7585.14990234375,7590.2998046875,,1502.0,0.0,0.0,2023-07-21
1154,2023-07-21 09:44:00+05:30,7590.35009765625,7592.0,7588.5498046875,7588.5498046875,,1151.0,0.0,0.0,2023-07-21
1155,2023-07-21 09:45:00+05:30,7590.5,7590.5,7578.5,7584.14990234375,,1320.0,0.0,0.0,2023-07-21
1156,2023-07-21 09:46:00+05:30,7588.4501953125,7590.5,7587.14990234375,7590.5,,586.0,0.0,0.0,2023-07-21
1157,2023-07-21 09:47:00+05:30,7590.39990234375,7590.39990234375,7584.25,7586.9501953125,,752.0,0.0,0.0,2023-07-21
1158,2023-07-21 09:48:00+05:30,7585.0,7586.9501953125,7579.0,7581.0,,640.0,0.0,0.0,2023-07-21
1159,2023-07-21 09:49:00+05:30,7580.0,7590.0,7580.0,7588.39990234375,,540.0,0.0,0.0,2023-07-21
1160,2023-07-21 09:50:00+05:30,7585.9501953125,7588.5,7580.0498046875,7580.0498046875,,405.0,0.0,0.0,2023-07-21
1161,2023-07-21 09:51:00+05:30,7583.0498046875,7589.39990234375,7580.10009765625,7587.0,,857.0,0.0,0.0,2023-07-21
1162,2023-07-21 09:52:00+05:30,7587.0,7589.0,7585.0,7585.0498046875,,956.0,0.0,0.0,2023-07-21
1163,2023-07-21 09:53:00+05:30,7585.10009765625,7589.0,7582.25,7587.35009765625,,851.0,0.0,0.0,2023-07-21
1164,2023-07-21 09:54:00+05:30,7588.2998046875,7588.2998046875,7579.0,7579.0,,1379.0,0.0,0.0,2023-07-21
1165,2023-07-21 09:55:00+05:30,7579.9501953125,7588.14990234375,7575.0,7582.35009765625,,2146.0,0.0,0.0,2023-07-21
1166,2023-07-21 09:56:00+05:30,7586.0498046875,7587.4501953125,7575.0,7576.89990234375,,553.0,0.0,0.0,2023-07-21
1167,2023-07-21 09:57:00+05:30,7576.7001953125,7580.0,7568.25,7580.0,,2371.0,0.0,0.0,2023-07-21
1168,2023-07-21 09:58:00+05:30,7580.0,7585.9501953125,7580.0,7585.0,,595.0,0.0,0.0,2023-07-21
1169,2023-07-21 09:59:00+05:30,7584.0,7584.64990234375,7576.0,7576.2998046875,,658.0,0.0,0.0,2023-07-21
1170,2023-07-21 10:00:00+05:30,7576.2998046875,7585.0,7574.0,7575.0,,1767.0,0.0,0.0,2023-07-21
1171,2023-07-21 10:01:00+05:30,7577.0498046875,7579.25,7575.0,7579.0,,575.0,0.0,0.0,2023-07-21
1172,2023-07-21 10:02:00+05:30,7577.0,7578.89990234375,7562.5498046875,7563.0,,6338.0,0.0,0.0,2023-07-21
1173,2023-07-21 10:03:00+05:30,7565.0,7565.0,7562.0,7565.0,,1268.0,0.0,0.0,2023-07-21
1174,2023-07-21 10:04:00+05:30,7565.0,7565.0,7561.10009765625,7564.0498046875,,1021.0,0.0,0.0,2023-07-21
1175,2023-07-21 10:05:00+05:30,7564.0498046875,7564.0498046875,7552.85009765625,7556.7001953125,,2870.0,0.0,0.0,2023-07-21
1176,2023-07-21 10:06:00+05:30,7552.85009765625,7563.5,7551.0,7560.0,,4845.0,0.0,0.0,2023-07-21
1177,2023-07-21 10:07:00+05:30,7560.0,7560.0,7553.0,7557.4501953125,,1027.0,0.0,0.0,2023-07-21
1178,2023-07-21 10:08:00+05:30,7557.4501953125,7557.7001953125,7553.0,7555.2998046875,,878.0,0.0,0.0,2023-07-21
1179,2023-07-21 10:09:00+05:30,7555.2998046875,7557.4501953125,7542.0498046875,7544.5498046875,,9017.0,0.0,0.0,2023-07-21
1180,2023-07-21 10:10:00+05:30,7550.0,7550.0,7536.0,7546.64990234375,,4882.0,0.0,0.0,2023-07-21
1181,2023-07-21 10:11:00+05:30,7549.85009765625,7549.85009765625,7537.5498046875,7539.2001953125,,832.0,0.0,0.0,2023-07-21
1182,2023-07-21 10:12:00+05:30,7540.0,7546.0,7540.0,7542.0,,1130.0,0.0,0.0,2023-07-21
1183,2023-07-21 10:13:00+05:30,7542.0,7549.0,7540.5,7549.0,,909.0,0.0,0.0,2023-07-21
1184,2023-07-21 10:14:00+05:30,7549.0,7558.10009765625,7549.0,7557.7998046875,,1123.0,0.0,0.0,2023-07-21
1185,2023-07-21 10:15:00+05:30,7556.64990234375,7556.64990234375,7546.35009765625,7549.89990234375,,1418.0,0.0,0.0,2023-07-21
1186,2023-07-21 10:16:00+05:30,7549.9501953125,7550.0498046875,7547.0,7550.0,,718.0,0.0,0.0,2023-07-21
1187,2023-07-21 10:17:00+05:30,7550.9501953125,7551.0498046875,7547.0,7549.0,,721.0,0.0,0.0,2023-07-21
1188,2023-07-21 10:18:00+05:30,7550.10009765625,7559.0,7550.10009765625,7559.0,,933.0,0.0,0.0,2023-07-21
1189,2023-07-21 10:19:00+05:30,7558.9501953125,7564.0,7556.0,7564.0,,2228.0,0.0,0.0,2023-07-21
1190,2023-07-21 10:20:00+05:30,7564.0,7564.0,7548.2998046875,7550.0,,1633.0,0.0,0.0,2023-07-21
1191,2023-07-21 10:21:00+05:30,7550.0,7558.0,7548.5,7557.85009765625,,669.0,0.0,0.0,2023-07-21
1192,2023-07-21 10:22:00+05:30,7557.9501953125,7558.0498046875,7553.64990234375,7555.7001953125,,316.0,0.0,0.0,2023-07-21
1193,2023-07-21 10:23:00+05:30,7555.0,7555.7998046875,7547.2001953125,7550.10009765625,,980.0,0.0,0.0,2023-07-21
1194,2023-07-21 10:24:00+05:30,7550.10009765625,7550.10009765625,7547.0,7547.0,,493.0,0.0,0.0,2023-07-21
1195,2023-07-21 10:25:00+05:30,7547.35009765625,7553.85009765625,7547.35009765625,7551.0,,391.0,0.0,0.0,2023-07-21
1196,2023-07-21 10:26:00+05:30,7551.0,7553.85009765625,7545.35009765625,7546.35009765625,,1212.0,0.0,0.0,2023-07-21
1197,2023-07-21 10:27:00+05:30,7548.7998046875,7553.60009765625,7547.0498046875,7552.7998046875,,1074.0,0.0,0.0,2023-07-21
1198,2023-07-21 10:28:00+05:30,7552.7998046875,7553.0,7549.0498046875,7550.0,,361.0,0.0,0.0,2023-07-21
1199,2023-07-21 10:29:00+05:30,7550.0,7552.7998046875,7550.0,7552.7998046875,,764.0,0.0,0.0,2023-07-21
1200,2023-07-21 10:30:00+05:30,7554.9501953125,7564.0,7554.9501953125,7564.0,,969.0,0.0,0.0,2023-07-21
1201,2023-07-21 10:31:00+05:30,7564.0,7564.0,7563.10009765625,7564.0,,281.0,0.0,0.0,2023-07-21
1202,2023-07-21 10:32:00+05:30,7562.39990234375,7565.0,7560.89990234375,7564.0,,924.0,0.0,0.0,2023-07-21
1203,2023-07-21 10:33:00+05:30,7564.64990234375,7564.64990234375,7559.0,7559.0,,518.0,0.0,0.0,2023-07-21
1204,2023-07-21 10:34:00+05:30,7559.0,7561.7001953125,7558.0,7560.0,,257.0,0.0,0.0,2023-07-21
1205,2023-07-21 10:35:00+05:30,7559.0,7564.0,7555.0,7562.0498046875,,1115.0,0.0,0.0,2023-07-21
1206,2023-07-21 10:36:00+05:30,7562.10009765625,7569.7998046875,7558.35009765625,7558.35009765625,,1947.0,0.0,0.0,2023-07-21
1207,2023-07-21 10:37:00+05:30,7558.35009765625,7569.9501953125,7558.10009765625,7561.9501953125,,1185.0,0.0,0.0,2023-07-21
1208,2023-07-21 10:38:00+05:30,7561.9501953125,7563.10009765625,7559.39990234375,7562.75,,352.0,0.0,0.0,2023-07-21
1209,2023-07-21 10:39:00+05:30,7562.75,7563.0,7560.0,7560.0,,208.0,0.0,0.0,2023-07-21
1210,2023-07-21 10:40:00+05:30,7560.0,7560.75,7558.0,7558.0,,485.0,0.0,0.0,2023-07-21
1211,2023-07-21 10:41:00+05:30,7558.0,7558.0,7552.0498046875,7552.0498046875,,1089.0,0.0,0.0,2023-07-21
1212,2023-07-21 10:42:00+05:30,7552.10009765625,7554.10009765625,7552.10009765625,7553.35009765625,,227.0,0.0,0.0,2023-07-21
1213,2023-07-21 10:43:00+05:30,7553.35009765625,7554.14990234375,7553.35009765625,7554.0,,752.0,0.0,0.0,2023-07-21
1214,2023-07-21 10:44:00+05:30,7554.0,7554.9501953125,7547.0,7548.0498046875,,1100.0,0.0,0.0,2023-07-21
1215,2023-07-21 10:45:00+05:30,7550.0,7555.0,7548.75,7555.0,,349.0,0.0,0.0,2023-07-21
1216,2023-07-21 10:46:00+05:30,7553.2998046875,7555.0,7553.2998046875,7554.0,,251.0,0.0,0.0,2023-07-21
1217,2023-07-21 10:47:00+05:30,7554.0,7555.0,7554.0,7555.0,,109.0,0.0,0.0,2023-07-21
1218,2023-07-21 10:48:00+05:30,7554.0,7559.7001953125,7545.39990234375,7545.60009765625,,1622.0,0.0,0.0,2023-07-21
1219,2023-07-21 10:49:00+05:30,7545.60009765625,7554.39990234375,7542.89990234375,7545.25,,1882.0,0.0,0.0,2023-07-21
1220,2023-07-21 10:50:00+05:30,7545.14990234375,7553.25,7537.75,7545.14990234375,,2388.0,0.0,0.0,2023-07-21
1221,2023-07-21 10:51:00+05:30,7550.7998046875,7552.35009765625,7543.0498046875,7543.0498046875,,1519.0,0.0,0.0,2023-07-21
1222,2023-07-21 10:52:00+05:30,7542.0,7547.9501953125,7541.0,7547.9501953125,,1044.0,0.0,0.0,2023-07-21
1223,2023-07-21 10:53:00+05:30,7545.0,7551.0,7544.7998046875,7551.0,,332.0,0.0,0.0,2023-07-21
1224,2023-07-21 10:54:00+05:30,7551.0,7552.0,7550.0,7552.0,,201.0,0.0,0.0,2023-07-21
1225,2023-07-21 10:55:00+05:30,7550.2998046875,7559.9501953125,7548.25,7551.7001953125,,1738.0,0.0,0.0,2023-07-21
1226,2023-07-21 10:56:00+05:30,7550.0,7551.2998046875,7546.35009765625,7551.2001953125,,360.0,0.0,0.0,2023-07-21
1227,2023-07-21 10:57:00+05:30,7551.0,7559.25,7549.25,7558.89990234375,,1356.0,0.0,0.0,2023-07-21
1228,2023-07-21 10:58:00+05:30,7558.89990234375,7562.0,7557.14990234375,7562.0,,512.0,0.0,0.0,2023-07-21
1229,2023-07-21 10:59:00+05:30,7562.39990234375,7562.85009765625,7556.0,7558.89990234375,,434.0,0.0,0.0,2023-07-21
1230,2023-07-21 11:00:00+05:30,7558.85009765625,7558.85009765625,7555.0,7555.0,,410.0,0.0,0.0,2023-07-21
1231,2023-07-21 11:01:00+05:30,7556.7998046875,7557.0,7554.10009765625,7554.5498046875,,380.0,0.0,0.0,2023-07-21
1232,2023-07-21 11:02:00+05:30,7557.0,7557.0,7556.0,7556.7998046875,,285.0,0.0,0.0,2023-07-21
1233,2023-07-21 11:03:00+05:30,7556.0498046875,7556.9501953125,7556.0498046875,7556.9501953125,,641.0,0.0,0.0,2023-07-21
1234,2023-07-21 11:04:00+05:30,7556.9501953125,7563.35009765625,7556.2001953125,7562.7998046875,,1086.0,0.0,0.0,2023-07-21
1235,2023-07-21 11:05:00+05:30,7563.2998046875,7563.2998046875,7556.0498046875,7560.0,,484.0,0.0,0.0,2023-07-21
1236,2023-07-21 11:06:00+05:30,7562.0,7563.25,7560.0,7560.85009765625,,310.0,0.0,0.0,2023-07-21
1237,2023-07-21 11:07:00+05:30,7564.85009765625,7569.7998046875,7560.75,7563.75,,1901.0,0.0,0.0,2023-07-21
1238,2023-07-21 11:08:00+05:30,7563.7001953125,7565.7001953125,7561.0498046875,7565.14990234375,,868.0,0.0,0.0,2023-07-21
1239,2023-07-21 11:09:00+05:30,7565.14990234375,7565.14990234375,7562.64990234375,7565.14990234375,,178.0,0.0,0.0,2023-07-21
1240,2023-07-21 11:10:00+05:30,7565.0,7569.0,7565.0,7566.60009765625,,931.0,0.0,0.0,2023-07-21
1241,2023-07-21 11:11:00+05:30,7566.5498046875,7568.4501953125,7566.5498046875,7568.0,,216.0,0.0,0.0,2023-07-21
1242,2023-07-21 11:12:00+05:30,7566.0,7568.0,7561.10009765625,7563.0,,560.0,0.0,0.0,2023-07-21
1243,2023-07-21 11:13:00+05:30,7562.7998046875,7565.0,7561.0,7563.0498046875,,444.0,0.0,0.0,2023-07-21
1244,2023-07-21 11:14:00+05:30,7562.64990234375,7562.64990234375,7556.89990234375,7556.89990234375,,838.0,0.0,0.0,2023-07-21
1245,2023-07-21 11:15:00+05:30,7558.35009765625,7564.0,7558.0,7561.9501953125,,944.0,0.0,0.0,2023-07-21
1246,2023-07-21 11:16:00+05:30,7560.0498046875,7565.0,7558.89990234375,7562.5498046875,,405.0,0.0,0.0,2023-07-21
1247,2023-07-21 11:17:00+05:30,7562.5,7563.7998046875,7560.0498046875,7562.5,,397.0,0.0,0.0,2023-07-21
1248,2023-07-21 11:18:00+05:30,7562.0,7562.10009765625,7561.0,7561.0,,181.0,0.0,0.0,2023-07-21
1249,2023-07-21 11:19:00+05:30,7561.0,7562.10009765625,7558.0,7558.0,,356.0,0.0,0.0,2023-07-21
1250,2023-07-21 11:20:00+05:30,7558.0,7560.85009765625,7558.0,7560.0,,130.0,0.0,0.0,2023-07-21
1251,2023-07-21 11:21:00+05:30,7558.10009765625,7560.0,7553.0,7553.35009765625,,602.0,0.0,0.0,2023-07-21
1252,2023-07-21 11:22:00+05:30,7554.0,7555.2001953125,7551.5,7551.5,,884.0,0.0,0.0,2023-07-21
1253,2023-07-21 11:23:00+05:30,7551.0,7560.0,7551.0,7551.0,,971.0,0.0,0.0,2023-07-21
1254,2023-07-21 11:24:00+05:30,7548.25,7551.2001953125,7542.0,7542.0,,2305.0,0.0,0.0,2023-07-21
1255,2023-07-21 11:25:00+05:30,7542.0,7542.0,7537.0,7541.35009765625,,3147.0,0.0,0.0,2023-07-21
1256,2023-07-21 11:26:00+05:30,7541.35009765625,7547.89990234375,7538.89990234375,7547.89990234375,,817.0,0.0,0.0,2023-07-21
1257,2023-07-21 11:27:00+05:30,7547.25,7558.0,7543.60009765625,7556.14990234375,,2149.0,0.0,0.0,2023-07-21
1258,2023-07-21 11:28:00+05:30,7556.14990234375,7560.0,7552.2001953125,7560.0,,1006.0,0.0,0.0,2023-07-21
1259,2023-07-21 11:29:00+05:30,7557.25,7559.64990234375,7552.0,7552.0,,344.0,0.0,0.0,2023-07-21
1260,2023-07-21 11:30:00+05:30,7551.5,7553.75,7545.14990234375,7545.14990234375,,578.0,0.0,0.0,2023-07-21
1261,2023-07-21 11:31:00+05:30,7545.5,7547.75,7545.0,7545.5498046875,,620.0,0.0,0.0,2023-07-21
1262,2023-07-21 11:32:00+05:30,7545.5498046875,7546.85009765625,7545.10009765625,7545.10009765625,,295.0,0.0,0.0,2023-07-21
1263,2023-07-21 11:33:00+05:30,7545.10009765625,7550.0,7545.10009765625,7548.5498046875,,514.0,0.0,0.0,2023-07-21
1264,2023-07-21 11:34:00+05:30,7548.5498046875,7551.4501953125,7548.5498046875,7549.2001953125,,310.0,0.0,0.0,2023-07-21
1265,2023-07-21 11:35:00+05:30,7548.85009765625,7554.9501953125,7546.89990234375,7548.64990234375,,957.0,0.0,0.0,2023-07-21
1266,2023-07-21 11:36:00+05:30,7548.0,7548.0,7541.2001953125,7542.0,,2452.0,0.0,0.0,2023-07-21
1267,2023-07-21 11:37:00+05:30,7541.60009765625,7544.75,7541.0,7542.0498046875,,857.0,0.0,0.0,2023-07-21
1268,2023-07-21 11:38:00+05:30,7542.0498046875,7548.85009765625,7542.0498046875,7546.0,,504.0,0.0,0.0,2023-07-21
1269,2023-07-21 11:39:00+05:30,7546.4501953125,7550.0,7546.39990234375,7547.89990234375,,169.0,0.0,0.0,2023-07-21
1270,2023-07-21 11:40:00+05:30,7547.89990234375,7558.0,7546.9501953125,7556.0498046875,,788.0,0.0,0.0,2023-07-21
1271,2023-07-21 11:41:00+05:30,7556.0498046875,7559.0,7552.9501953125,7559.0,,653.0,0.0,0.0,2023-07-21
1272,2023-07-21 11:42:00+05:30,7557.5,7559.0,7546.89990234375,7546.89990234375,,1667.0,0.0,0.0,2023-07-21
1273,2023-07-21 11:43:00+05:30,7547.2998046875,7558.89990234375,7547.25,7556.39990234375,,827.0,0.0,0.0,2023-07-21
1274,2023-07-21 11:44:00+05:30,7556.39990234375,7564.9501953125,7556.0498046875,7564.9501953125,,3983.0,0.0,0.0,2023-07-21
1275,2023-07-21 11:45:00+05:30,7564.9501953125,7564.9501953125,7554.2001953125,7558.7001953125,,2285.0,0.0,0.0,2023-07-21
1276,2023-07-21 11:46:00+05:30,7558.64990234375,7564.9501953125,7552.85009765625,7564.89990234375,,1200.0,0.0,0.0,2023-07-21
1277,2023-07-21 11:47:00+05:30,7562.0,7565.0,7560.0,7560.2998046875,,346.0,0.0,0.0,2023-07-21
1278,2023-07-21 11:48:00+05:30,7560.2998046875,7562.9501953125,7555.25,7558.5,,686.0,0.0,0.0,2023-07-21
1279,2023-07-21 11:49:00+05:30,7558.5,7558.5,7555.0,7555.0,,300.0,0.0,0.0,2023-07-21
1280,2023-07-21 11:50:00+05:30,7555.0,7556.89990234375,7552.7998046875,7552.7998046875,,600.0,0.0,0.0,2023-07-21
1281,2023-07-21 11:51:00+05:30,7552.85009765625,7555.0,7552.85009765625,7553.0498046875,,213.0,0.0,0.0,2023-07-21
1282,2023-07-21 11:52:00+05:30,7555.0,7557.14990234375,7553.60009765625,7557.10009765625,,420.0,0.0,0.0,2023-07-21
1283,2023-07-21 11:53:00+05:30,7557.10009765625,7558.14990234375,7553.14990234375,7554.39990234375,,286.0,0.0,0.0,2023-07-21
1284,2023-07-21 11:54:00+05:30,7554.9501953125,7560.0,7554.39990234375,7557.0,,947.0,0.0,0.0,2023-07-21
1285,2023-07-21 11:55:00+05:30,7559.5,7559.60009765625,7546.7998046875,7555.0,,1012.0,0.0,0.0,2023-07-21
1286,2023-07-21 11:56:00+05:30,7555.0,7556.85009765625,7545.2998046875,7550.7998046875,,620.0,0.0,0.0,2023-07-21
1287,2023-07-21 11:57:00+05:30,7550.7998046875,7556.35009765625,7545.75,7549.5498046875,,912.0,0.0,0.0,2023-07-21
1288,2023-07-21 11:58:00+05:30,7549.5498046875,7551.39990234375,7546.7998046875,7550.2001953125,,650.0,0.0,0.0,2023-07-21
1289,2023-07-21 11:59:00+05:30,7550.5498046875,7550.5498046875,7547.25,7550.10009765625,,447.0,0.0,0.0,2023-07-21
1290,2023-07-21 12:00:00+05:30,7550.0,7556.7998046875,7550.0,7553.0,,762.0,0.0,0.0,2023-07-21
1291,2023-07-21 12:01:00+05:30,7556.0,7556.2001953125,7550.10009765625,7553.2998046875,,327.0,0.0,0.0,2023-07-21
1292,2023-07-21 12:02:00+05:30,7553.2998046875,7557.89990234375,7552.60009765625,7552.60009765625,,366.0,0.0,0.0,2023-07-21
1293,2023-07-21 12:03:00+05:30,7550.0498046875,7552.5498046875,7545.5498046875,7546.2001953125,,1033.0,0.0,0.0,2023-07-21
1294,2023-07-21 12:04:00+05:30,7546.14990234375,7549.60009765625,7545.0,7545.0,,1880.0,0.0,0.0,2023-07-21
1295,2023-07-21 12:05:00+05:30,7545.0498046875,7552.0,7545.0498046875,7552.0,,888.0,0.0,0.0,2023-07-21
1296,2023-07-21 12:06:00+05:30,7549.5,7557.10009765625,7547.39990234375,7549.9501953125,,407.0,0.0,0.0,2023-07-21
1297,2023-07-21 12:07:00+05:30,7546.5498046875,7553.35009765625,7545.7998046875,7552.0,,1566.0,0.0,0.0,2023-07-21
1298,2023-07-21 12:08:00+05:30,7549.2998046875,7556.0,7549.2998046875,7556.0,,1146.0,0.0,0.0,2023-07-21
1299,2023-07-21 12:09:00+05:30,7555.9501953125,7558.89990234375,7552.39990234375,7558.4501953125,,1389.0,0.0,0.0,2023-07-21
1300,2023-07-21 12:10:00+05:30,7555.2998046875,7555.35009765625,7552.0498046875,7554.60009765625,,600.0,0.0,0.0,2023-07-21
1301,2023-07-21 12:11:00+05:30,7552.0498046875,7554.39990234375,7545.2998046875,7548.0498046875,,1781.0,0.0,0.0,2023-07-21
1302,2023-07-21 12:12:00+05:30,7548.0498046875,7550.7998046875,7546.0,7546.14990234375,,1558.0,0.0,0.0,2023-07-21
1303,2023-07-21 12:13:00+05:30,7546.5,7551.5498046875,7546.5,7547.89990234375,,839.0,0.0,0.0,2023-07-21
1304,2023-07-21 12:14:00+05:30,7547.7001953125,7549.25,7547.0498046875,7547.2001953125,,985.0,0.0,0.0,2023-07-21
1305,2023-07-21 12:15:00+05:30,7547.0,7548.89990234375,7541.64990234375,7546.39990234375,,1631.0,0.0,0.0,2023-07-21
1306,2023-07-21 12:16:00+05:30,7546.39990234375,7547.0,7544.60009765625,7545.0,,365.0,0.0,0.0,2023-07-21
1307,2023-07-21 12:17:00+05:30,7546.39990234375,7548.7001953125,7545.0,7546.60009765625,,1158.0,0.0,0.0,2023-07-21
1308,2023-07-21 12:18:00+05:30,7546.60009765625,7549.0,7543.64990234375,7543.64990234375,,994.0,0.0,0.0,2023-07-21
1309,2023-07-21 12:19:00+05:30,7543.9501953125,7546.85009765625,7543.75,7545.0,,292.0,0.0,0.0,2023-07-21
1310,2023-07-21 12:20:00+05:30,7545.0,7552.5498046875,7544.10009765625,7552.5498046875,,822.0,0.0,0.0,2023-07-21
1311,2023-07-21 12:21:00+05:30,7552.0,7554.9501953125,7550.25,7552.4501953125,,1422.0,0.0,0.0,2023-07-21
1312,2023-07-21 12:22:00+05:30,7552.5,7555.0,7552.4501953125,7554.89990234375,,213.0,0.0,0.0,2023-07-21
1313,2023-07-21 12:23:00+05:30,7552.64990234375,7555.0,7550.89990234375,7553.0,,775.0,0.0,0.0,2023-07-21
1314,2023-07-21 12:24:00+05:30,7553.0,7554.25,7547.9501953125,7549.5498046875,,881.0,0.0,0.0,2023-07-21
1315,2023-07-21 12:25:00+05:30,7549.60009765625,7551.25,7546.0,7547.25,,636.0,0.0,0.0,2023-07-21
1316,2023-07-21 12:26:00+05:30,7549.35009765625,7549.4501953125,7547.0498046875,7547.35009765625,,227.0,0.0,0.0,2023-07-21
1317,2023-07-21 12:27:00+05:30,7547.39990234375,7553.2998046875,7546.60009765625,7553.25,,592.0,0.0,0.0,2023-07-21
1318,2023-07-21 12:28:00+05:30,7553.39990234375,7555.0,7546.0,7552.5498046875,,1178.0,0.0,0.0,2023-07-21
1319,2023-07-21 12:29:00+05:30,7549.35009765625,7554.9501953125,7547.25,7554.7001953125,,611.0,0.0,0.0,2023-07-21
1320,2023-07-21 12:30:00+05:30,7552.75,7554.9501953125,7549.5498046875,7553.4501953125,,348.0,0.0,0.0,2023-07-21
1321,2023-07-21 12:31:00+05:30,7553.4501953125,7554.7998046875,7549.0,7551.7998046875,,282.0,0.0,0.0,2023-07-21
1322,2023-07-21 12:32:00+05:30,7554.7998046875,7558.85009765625,7551.9501953125,7558.0,,595.0,0.0,0.0,2023-07-21
1323,2023-07-21 12:33:00+05:30,7558.85009765625,7565.0,7558.0,7564.0,,4709.0,0.0,0.0,2023-07-21
1324,2023-07-21 12:34:00+05:30,7562.4501953125,7574.89990234375,7561.64990234375,7570.39990234375,,5572.0,0.0,0.0,2023-07-21
1325,2023-07-21 12:35:00+05:30,7571.0,7571.0,7565.10009765625,7566.25,,878.0,0.0,0.0,2023-07-21
1326,2023-07-21 12:36:00+05:30,7569.0,7570.10009765625,7568.10009765625,7570.10009765625,,1030.0,0.0,0.0,2023-07-21
1327,2023-07-21 12:37:00+05:30,7570.10009765625,7570.10009765625,7567.25,7570.0,,398.0,0.0,0.0,2023-07-21
1328,2023-07-21 12:38:00+05:30,7570.0,7573.0,7567.9501953125,7573.0,,1175.0,0.0,0.0,2023-07-21
1329,2023-07-21 12:39:00+05:30,7573.0,7579.0,7572.60009765625,7575.0,,1303.0,0.0,0.0,2023-07-21
1330,2023-07-21 12:40:00+05:30,7575.0,7577.39990234375,7567.4501953125,7567.4501953125,,1154.0,0.0,0.0,2023-07-21
1331,2023-07-21 12:41:00+05:30,7567.4501953125,7567.4501953125,7561.14990234375,7566.14990234375,,613.0,0.0,0.0,2023-07-21
1332,2023-07-21 12:42:00+05:30,7566.10009765625,7569.2998046875,7564.0498046875,7569.0498046875,,353.0,0.0,0.0,2023-07-21
1333,2023-07-21 12:43:00+05:30,7569.0,7569.0,7563.0,7566.5498046875,,702.0,0.0,0.0,2023-07-21
1334,2023-07-21 12:44:00+05:30,7565.89990234375,7571.89990234375,7563.5,7568.5498046875,,636.0,0.0,0.0,2023-07-21
1335,2023-07-21 12:45:00+05:30,7566.5498046875,7569.0,7563.10009765625,7563.10009765625,,893.0,0.0,0.0,2023-07-21
1336,2023-07-21 12:46:00+05:30,7566.4501953125,7566.5,7564.0498046875,7566.4501953125,,770.0,0.0,0.0,2023-07-21
1337,2023-07-21 12:47:00+05:30,7566.4501953125,7566.4501953125,7563.25,7563.25,,346.0,0.0,0.0,2023-07-21
1338,2023-07-21 12:48:00+05:30,7566.7001953125,7575.0,7566.0498046875,7570.7001953125,,1109.0,0.0,0.0,2023-07-21
1339,2023-07-21 12:49:00+05:30,7574.35009765625,7574.35009765625,7565.0498046875,7568.5498046875,,482.0,0.0,0.0,2023-07-21
1340,2023-07-21 12:50:00+05:30,7568.60009765625,7574.89990234375,7568.60009765625,7574.64990234375,,809.0,0.0,0.0,2023-07-21
1341,2023-07-21 12:51:00+05:30,7574.64990234375,7583.39990234375,7571.5498046875,7581.85009765625,,3351.0,0.0,0.0,2023-07-21
1342,2023-07-21 12:52:00+05:30,7582.0,7582.0,7576.0,7582.0,,1761.0,0.0,0.0,2023-07-21
1343,2023-07-21 12:53:00+05:30,7582.25,7584.64990234375,7580.4501953125,7584.64990234375,,1366.0,0.0,0.0,2023-07-21
1344,2023-07-21 12:54:00+05:30,7581.2998046875,7584.60009765625,7580.0,7580.0,,1084.0,0.0,0.0,2023-07-21
1345,2023-07-21 12:55:00+05:30,7582.0,7582.0,7580.0,7580.0498046875,,396.0,0.0,0.0,2023-07-21
1346,2023-07-21 12:56:00+05:30,7580.0,7580.5498046875,7573.0498046875,7577.75,,900.0,0.0,0.0,2023-07-21
1347,2023-07-21 12:57:00+05:30,7577.75,7577.75,7575.0,7575.5,,311.0,0.0,0.0,2023-07-21
1348,2023-07-21 12:58:00+05:30,7575.89990234375,7582.9501953125,7575.89990234375,7582.0,,1288.0,0.0,0.0,2023-07-21
1349,2023-07-21 12:59:00+05:30,7581.7998046875,7583.7001953125,7580.0,7582.0,,399.0,0.0,0.0,2023-07-21
1350,2023-07-21 13:00:00+05:30,7582.0,7589.0,7581.0,7589.0,,1744.0,0.0,0.0,2023-07-21
1351,2023-07-21 13:01:00+05:30,7589.5,7589.5,7589.5,7589.5,,3301.0,0.0,0.0,2023-07-21
1352,2023-07-21 13:02:00+05:30,7587.0,7588.75,7584.2998046875,7585.7001953125,,946.0,0.0,0.0,2023-07-21
1353,2023-07-21 13:03:00+05:30,7580.0,7582.2001953125,7578.0,7580.5,,1255.0,0.0,0.0,2023-07-21
1354,2023-07-21 13:04:00+05:30,7580.5,7580.60009765625,7576.0,7577.85009765625,,565.0,0.0,0.0,2023-07-21
1355,2023-07-21 13:05:00+05:30,7577.75,7577.7998046875,7570.0,7572.0,,1023.0,0.0,0.0,2023-07-21
1356,2023-07-21 13:06:00+05:30,7572.89990234375,7579.2998046875,7571.60009765625,7575.14990234375,,1188.0,0.0,0.0,2023-07-21
1357,2023-07-21 13:07:00+05:30,7575.0498046875,7580.0,7575.0498046875,7579.5,,1259.0,0.0,0.0,2023-07-21
1358,2023-07-21 13:08:00+05:30,7580.0,7585.85009765625,7580.0,7585.0,,581.0,0.0,0.0,2023-07-21
1359,2023-07-21 13:09:00+05:30,7585.0,7586.9501953125,7581.0,7583.64990234375,,1064.0,0.0,0.0,2023-07-21
1360,2023-07-21 13:10:00+05:30,7583.5498046875,7594.85009765625,7581.4501953125,7590.60009765625,,5033.0,0.0,0.0,2023-07-21
1361,2023-07-21 13:11:00+05:30,7591.64990234375,7594.14990234375,7590.0,7590.0,,2153.0,0.0,0.0,2023-07-21
1362,2023-07-21 13:12:00+05:30,7590.0,7593.9501953125,7586.0,7592.0,,2130.0,0.0,0.0,2023-07-21
1363,2023-07-21 13:13:00+05:30,7593.39990234375,7593.9501953125,7591.0,7593.9501953125,,1109.0,0.0,0.0,2023-07-21
1364,2023-07-21 13:14:00+05:30,7594.0,7606.25,7592.5,7605.85009765625,,9033.0,0.0,0.0,2023-07-21
1365,2023-07-21 13:15:00+05:30,7604.0,7609.25,7597.2001953125,7609.25,,5081.0,0.0,0.0,2023-07-21
1366,2023-07-21 13:16:00+05:30,7609.89990234375,7614.7001953125,7606.9501953125,7610.0,,5640.0,0.0,0.0,2023-07-21
1367,2023-07-21 13:17:00+05:30,7611.7998046875,7614.0,7608.0,7613.89990234375,,3081.0,0.0,0.0,2023-07-21
1368,2023-07-21 13:18:00+05:30,7613.89990234375,7615.0,7610.7998046875,7615.0,,1724.0,0.0,0.0,2023-07-21
1369,2023-07-21 13:19:00+05:30,7614.0498046875,7619.0,7613.0,7618.0,,2013.0,0.0,0.0,2023-07-21
1370,2023-07-21 13:20:00+05:30,7617.25,7618.75,7611.39990234375,7618.10009765625,,1611.0,0.0,0.0,2023-07-21
1371,2023-07-21 13:21:00+05:30,7618.14990234375,7618.9501953125,7613.35009765625,7616.0,,1462.0,0.0,0.0,2023-07-21
1372,2023-07-21 13:22:00+05:30,7618.14990234375,7618.14990234375,7615.0498046875,7617.0,,907.0,0.0,0.0,2023-07-21
1373,2023-07-21 13:23:00+05:30,7618.0,7618.10009765625,7615.35009765625,7617.4501953125,,1169.0,0.0,0.0,2023-07-21
1374,2023-07-21 13:24:00+05:30,7617.0,7625.0,7617.0,7624.39990234375,,5986.0,0.0,0.0,2023-07-21
1375,2023-07-21 13:25:00+05:30,7624.0,7625.0,7621.4501953125,7624.0,,2009.0,0.0,0.0,2023-07-21
1376,2023-07-21 13:26:00+05:30,7624.7998046875,7625.0,7620.0,7623.9501953125,,2503.0,0.0,0.0,2023-07-21
1377,2023-07-21 13:27:00+05:30,7623.9501953125,7625.0,7621.0,7623.39990234375,,676.0,0.0,0.0,2023-07-21
1378,2023-07-21 13:28:00+05:30,7623.2998046875,7623.2998046875,7620.0,7620.0,,1296.0,0.0,0.0,2023-07-21
1379,2023-07-21 13:29:00+05:30,7620.0498046875,7620.9501953125,7620.0,7620.60009765625,,961.0,0.0,0.0,2023-07-21
1380,2023-07-21 13:30:00+05:30,7620.0,7620.60009765625,7611.0,7611.0,,1956.0,0.0,0.0,2023-07-21
1381,2023-07-21 13:31:00+05:30,7611.0,7616.89990234375,7610.0,7615.2001953125,,3160.0,0.0,0.0,2023-07-21
1382,2023-07-21 13:32:00+05:30,7612.89990234375,7618.0,7612.89990234375,7617.0,,1038.0,0.0,0.0,2023-07-21
1383,2023-07-21 13:33:00+05:30,7615.35009765625,7616.89990234375,7614.0,7614.0,,772.0,0.0,0.0,2023-07-21
1384,2023-07-21 13:34:00+05:30,7614.0498046875,7620.0,7613.0,7616.75,,1551.0,0.0,0.0,2023-07-21
1385,2023-07-21 13:35:00+05:30,7616.75,7618.0498046875,7613.0,7613.9501953125,,744.0,0.0,0.0,2023-07-21
1386,2023-07-21 13:36:00+05:30,7613.89990234375,7616.25,7613.14990234375,7614.89990234375,,991.0,0.0,0.0,2023-07-21
1387,2023-07-21 13:37:00+05:30,7615.89990234375,7616.25,7614.7998046875,7615.0498046875,,1775.0,0.0,0.0,2023-07-21
1388,2023-07-21 13:38:00+05:30,7615.0,7618.0,7614.7998046875,7616.64990234375,,1310.0,0.0,0.0,2023-07-21
1389,2023-07-21 13:39:00+05:30,7618.25,7618.60009765625,7616.25,7617.35009765625,,775.0,0.0,0.0,2023-07-21
1390,2023-07-21 13:40:00+05:30,7616.4501953125,7625.0,7616.4501953125,7624.60009765625,,3149.0,0.0,0.0,2023-07-21
1391,2023-07-21 13:41:00+05:30,7625.7998046875,7629.75,7614.64990234375,7614.64990234375,,5038.0,0.0,0.0,2023-07-21
1392,2023-07-21 13:42:00+05:30,7614.35009765625,7626.64990234375,7614.2998046875,7620.35009765625,,2457.0,0.0,0.0,2023-07-21
1393,2023-07-21 13:43:00+05:30,7618.14990234375,7621.85009765625,7618.0,7620.5,,1497.0,0.0,0.0,2023-07-21
1394,2023-07-21 13:44:00+05:30,7620.5,7626.0,7618.0,7622.4501953125,,1261.0,0.0,0.0,2023-07-21
1395,2023-07-21 13:45:00+05:30,7622.4501953125,7625.4501953125,7618.0,7624.5,,1746.0,0.0,0.0,2023-07-21
1396,2023-07-21 13:46:00+05:30,7622.39990234375,7625.89990234375,7621.39990234375,7625.7998046875,,1066.0,0.0,0.0,2023-07-21
1397,2023-07-21 13:47:00+05:30,7624.0498046875,7626.0,7624.0,7624.0498046875,,1096.0,0.0,0.0,2023-07-21
1398,2023-07-21 13:48:00+05:30,7624.2998046875,7626.0,7624.0,7625.7998046875,,951.0,0.0,0.0,2023-07-21
1399,2023-07-21 13:49:00+05:30,7625.7998046875,7629.5,7625.4501953125,7627.60009765625,,2920.0,0.0,0.0,2023-07-21
1400,2023-07-21 13:50:00+05:30,7627.64990234375,7633.7001953125,7627.64990234375,7632.0,,4273.0,0.0,0.0,2023-07-21
1401,2023-07-21 13:51:00+05:30,7633.60009765625,7635.0,7632.0,7632.0,,3288.0,0.0,0.0,2023-07-21
1402,2023-07-21 13:52:00+05:30,7632.10009765625,7635.0,7632.0,7634.35009765625,,1875.0,0.0,0.0,2023-07-21
1403,2023-07-21 13:53:00+05:30,7634.85009765625,7644.89990234375,7634.7998046875,7640.0,,9100.0,0.0,0.0,2023-07-21
1404,2023-07-21 13:54:00+05:30,7640.25,7644.89990234375,7637.0498046875,7643.5,,2968.0,0.0,0.0,2023-07-21
1405,2023-07-21 13:55:00+05:30,7644.89990234375,7645.0,7641.0498046875,7643.9501953125,,3139.0,0.0,0.0,2023-07-21
1406,2023-07-21 13:56:00+05:30,7643.9501953125,7648.0498046875,7642.14990234375,7647.0,,3574.0,0.0,0.0,2023-07-21
1407,2023-07-21 13:57:00+05:30,7646.35009765625,7648.0,7635.35009765625,7639.64990234375,,2193.0,0.0,0.0,2023-07-21
1408,2023-07-21 13:58:00+05:30,7639.5498046875,7640.0498046875,7635.0,7638.64990234375,,2717.0,0.0,0.0,2023-07-21
1409,2023-07-21 13:59:00+05:30,7637.10009765625,7644.7001953125,7637.10009765625,7641.39990234375,,1479.0,0.0,0.0,2023-07-21
1410,2023-07-21 14:00:00+05:30,7644.2998046875,7650.0,7642.2001953125,7650.0,,5822.0,0.0,0.0,2023-07-21
1411,2023-07-21 14:01:00+05:30,7650.0,7656.9501953125,7648.9501953125,7651.7001953125,,9374.0,0.0,0.0,2023-07-21
1412,2023-07-21 14:02:00+05:30,7651.2998046875,7653.7001953125,7645.0,7646.39990234375,,2151.0,0.0,0.0,2023-07-21
1413,2023-07-21 14:03:00+05:30,7645.0,7648.9501953125,7626.7001953125,7629.5,,5773.0,0.0,0.0,2023-07-21
1414,2023-07-21 14:04:00+05:30,7628.35009765625,7629.2001953125,7611.60009765625,7616.4501953125,,5586.0,0.0,0.0,2023-07-21
1415,2023-07-21 14:05:00+05:30,7618.39990234375,7621.9501953125,7611.0498046875,7611.4501953125,,4081.0,0.0,0.0,2023-07-21
1416,2023-07-21 14:06:00+05:30,7614.2998046875,7614.2998046875,7595.89990234375,7608.5,,7305.0,0.0,0.0,2023-07-21
1417,2023-07-21 14:07:00+05:30,7607.89990234375,7610.0,7607.35009765625,7608.64990234375,,3987.0,0.0,0.0,2023-07-21
1418,2023-07-21 14:08:00+05:30,7608.64990234375,7609.9501953125,7607.0,7609.0,,2786.0,0.0,0.0,2023-07-21
1419,2023-07-21 14:09:00+05:30,7608.0,7619.5,7607.2001953125,7617.75,,4313.0,0.0,0.0,2023-07-21
1420,2023-07-21 14:10:00+05:30,7614.35009765625,7620.0,7614.35009765625,7618.10009765625,,3054.0,0.0,0.0,2023-07-21
1421,2023-07-21 14:11:00+05:30,7617.75,7618.75,7610.0,7612.0498046875,,2463.0,0.0,0.0,2023-07-21
1422,2023-07-21 14:12:00+05:30,7612.0,7619.75,7611.0,7614.9501953125,,4745.0,0.0,0.0,2023-07-21
1423,2023-07-21 14:13:00+05:30,7614.9501953125,7619.64990234375,7612.64990234375,7613.9501953125,,4073.0,0.0,0.0,2023-07-21
1424,2023-07-21 14:14:00+05:30,7612.0,7622.7001953125,7611.0,7622.7001953125,,3566.0,0.0,0.0,2023-07-21
1425,2023-07-21 14:15:00+05:30,7623.0,7623.0,7615.0498046875,7620.85009765625,,2977.0,0.0,0.0,2023-07-21
1426,2023-07-21 14:16:00+05:30,7620.85009765625,7629.5498046875,7618.75,7628.0,,1870.0,0.0,0.0,2023-07-21
1427,2023-07-21 14:17:00+05:30,7628.0,7628.0,7619.25,7619.25,,1214.0,0.0,0.0,2023-07-21
1428,2023-07-21 14:18:00+05:30,7621.5,7621.5,7618.0,7620.5498046875,,1229.0,0.0,0.0,2023-07-21
1429,2023-07-21 14:19:00+05:30,7620.85009765625,7621.2001953125,7617.25,7621.2001953125,,774.0,0.0,0.0,2023-07-21
1430,2023-07-21 14:20:00+05:30,7620.7001953125,7623.0,7620.7001953125,7622.64990234375,,1308.0,0.0,0.0,2023-07-21
1431,2023-07-21 14:21:00+05:30,7623.9501953125,7623.9501953125,7615.0,7617.89990234375,,1083.0,0.0,0.0,2023-07-21
1432,2023-07-21 14:22:00+05:30,7617.85009765625,7621.89990234375,7617.85009765625,7618.0,,1676.0,0.0,0.0,2023-07-21
1433,2023-07-21 14:23:00+05:30,7618.0,7618.5,7606.0,7607.5498046875,,3175.0,0.0,0.0,2023-07-21
1434,2023-07-21 14:24:00+05:30,7605.7998046875,7609.5498046875,7602.0498046875,7602.0498046875,,1604.0,0.0,0.0,2023-07-21
1435,2023-07-21 14:25:00+05:30,7602.5,7613.64990234375,7602.0498046875,7606.0498046875,,1373.0,0.0,0.0,2023-07-21
1436,2023-07-21 14:26:00+05:30,7606.0498046875,7608.9501953125,7602.0,7602.0,,816.0,0.0,0.0,2023-07-21
1437,2023-07-21 14:27:00+05:30,7601.75,7602.7998046875,7595.0,7595.39990234375,,3566.0,0.0,0.0,2023-07-21
1438,2023-07-21 14:28:00+05:30,7597.5,7609.89990234375,7597.5,7605.2001953125,,2225.0,0.0,0.0,2023-07-21
1439,2023-07-21 14:29:00+05:30,7605.2001953125,7612.0,7602.2998046875,7612.0,,965.0,0.0,0.0,2023-07-21
1440,2023-07-21 14:30:00+05:30,7611.0,7614.14990234375,7605.0,7605.0,,622.0,0.0,0.0,2023-07-21
1441,2023-07-21 14:31:00+05:30,7605.0,7606.7998046875,7604.0,7604.0498046875,,822.0,0.0,0.0,2023-07-21
1442,2023-07-21 14:32:00+05:30,7606.10009765625,7606.10009765625,7602.0,7602.0498046875,,843.0,0.0,0.0,2023-07-21
1443,2023-07-21 14:33:00+05:30,7602.0498046875,7612.0,7601.7998046875,7610.7001953125,,1511.0,0.0,0.0,2023-07-21
1444,2023-07-21 14:34:00+05:30,7610.7001953125,7610.7001953125,7602.0,7602.25,,1076.0,0.0,0.0,2023-07-21
1445,2023-07-21 14:35:00+05:30,7604.0,7609.9501953125,7602.25,7609.89990234375,,1084.0,0.0,0.0,2023-07-21
1446,2023-07-21 14:36:00+05:30,7607.2001953125,7609.7998046875,7604.0498046875,7606.4501953125,,355.0,0.0,0.0,2023-07-21
1447,2023-07-21 14:37:00+05:30,7607.25,7615.10009765625,7607.25,7609.0,,1502.0,0.0,0.0,2023-07-21
1448,2023-07-21 14:38:00+05:30,7609.0,7611.35009765625,7605.0,7607.89990234375,,494.0,0.0,0.0,2023-07-21
1449,2023-07-21 14:39:00+05:30,7607.89990234375,7609.7001953125,7605.0,7609.7001953125,,799.0,0.0,0.0,2023-07-21
1450,2023-07-21 14:40:00+05:30,7609.7001953125,7609.7998046875,7605.0,7605.0,,682.0,0.0,0.0,2023-07-21
1451,2023-07-21 14:41:00+05:30,7605.0498046875,7605.0498046875,7602.0,7604.5498046875,,1080.0,0.0,0.0,2023-07-21
1452,2023-07-21 14:42:00+05:30,7604.5498046875,7605.0498046875,7602.9501953125,7603.0,,448.0,0.0,0.0,2023-07-21
1453,2023-07-21 14:43:00+05:30,7603.0,7605.0498046875,7592.2998046875,7593.5498046875,,4051.0,0.0,0.0,2023-07-21
1454,2023-07-21 14:44:00+05:30,7594.0,7594.10009765625,7589.39990234375,7590.0,,1788.0,0.0,0.0,2023-07-21
1455,2023-07-21 14:45:00+05:30,7591.2998046875,7592.75,7582.35009765625,7590.0,,3115.0,0.0,0.0,2023-07-21
1456,2023-07-21 14:46:00+05:30,7590.0,7590.7001953125,7585.64990234375,7588.4501953125,,1079.0,0.0,0.0,2023-07-21
1457,2023-07-21 14:47:00+05:30,7588.4501953125,7589.0498046875,7585.14990234375,7588.60009765625,,1008.0,0.0,0.0,2023-07-21
1458,2023-07-21 14:48:00+05:30,7588.60009765625,7596.9501953125,7587.0,7587.0498046875,,1108.0,0.0,0.0,2023-07-21
1459,2023-07-21 14:49:00+05:30,7587.0498046875,7589.64990234375,7585.0,7585.14990234375,,1346.0,0.0,0.0,2023-07-21
1460,2023-07-21 14:50:00+05:30,7585.14990234375,7589.64990234375,7585.0,7586.14990234375,,1390.0,0.0,0.0,2023-07-21
1461,2023-07-21 14:51:00+05:30,7586.14990234375,7587.75,7585.0,7585.0,,552.0,0.0,0.0,2023-07-21
1462,2023-07-21 14:52:00+05:30,7585.0,7587.14990234375,7581.0,7581.0,,2623.0,0.0,0.0,2023-07-21
1463,2023-07-21 14:53:00+05:30,7581.0,7584.10009765625,7576.25,7577.0,,2168.0,0.0,0.0,2023-07-21
1464,2023-07-21 14:54:00+05:30,7577.0,7577.0,7570.0,7573.0,,3800.0,0.0,0.0,2023-07-21
1465,2023-07-21 14:55:00+05:30,7573.0,7585.0,7573.0,7578.9501953125,,1140.0,0.0,0.0,2023-07-21
1466,2023-07-21 14:56:00+05:30,7578.9501953125,7584.0,7576.5498046875,7581.0498046875,,1438.0,0.0,0.0,2023-07-21
1467,2023-07-21 14:57:00+05:30,7584.0,7584.0,7565.89990234375,7569.64990234375,,2283.0,0.0,0.0,2023-07-21
1468,2023-07-21 14:58:00+05:30,7569.64990234375,7578.9501953125,7569.64990234375,7571.2001953125,,1077.0,0.0,0.0,2023-07-21
1469,2023-07-21 14:59:00+05:30,7573.0,7575.5,7570.39990234375,7571.0,,2286.0,0.0,0.0,2023-07-21
1470,2023-07-21 15:00:00+05:30,7573.25,7580.0,7573.25,7573.60009765625,,2165.0,0.0,0.0,2023-07-21
1471,2023-07-21 15:01:00+05:30,7573.60009765625,7584.2998046875,7573.60009765625,7584.2998046875,,1893.0,0.0,0.0,2023-07-21
1472,2023-07-21 15:02:00+05:30,7582.2998046875,7585.0,7578.39990234375,7580.0,,1332.0,0.0,0.0,2023-07-21
1473,2023-07-21 15:03:00+05:30,7581.5,7581.7001953125,7573.4501953125,7573.4501953125,,3402.0,0.0,0.0,2023-07-21
1474,2023-07-21 15:04:00+05:30,7573.35009765625,7576.7998046875,7571.0,7575.0498046875,,1431.0,0.0,0.0,2023-07-21
1475,2023-07-21 15:05:00+05:30,7574.39990234375,7579.89990234375,7574.0,7579.14990234375,,1591.0,0.0,0.0,2023-07-21
1476,2023-07-21 15:06:00+05:30,7578.35009765625,7578.39990234375,7573.0,7573.14990234375,,2363.0,0.0,0.0,2023-07-21
1477,2023-07-21 15:07:00+05:30,7574.5498046875,7574.60009765625,7572.0,7573.89990234375,,1921.0,0.0,0.0,2023-07-21
1478,2023-07-21 15:08:00+05:30,7573.89990234375,7574.7998046875,7573.10009765625,7574.60009765625,,1095.0,0.0,0.0,2023-07-21
1479,2023-07-21 15:09:00+05:30,7574.7998046875,7580.0,7574.7001953125,7580.0,,1492.0,0.0,0.0,2023-07-21
1480,2023-07-21 15:10:00+05:30,7580.25,7585.0,7579.39990234375,7581.2998046875,,2112.0,0.0,0.0,2023-07-21
1481,2023-07-21 15:11:00+05:30,7581.7998046875,7584.0,7580.14990234375,7583.0498046875,,1472.0,0.0,0.0,2023-07-21
1482,2023-07-21 15:12:00+05:30,7584.0,7585.0,7583.5498046875,7584.39990234375,,2051.0,0.0,0.0,2023-07-21
1483,2023-07-21 15:13:00+05:30,7584.5,7584.5,7580.2001953125,7582.2998046875,,1135.0,0.0,0.0,2023-07-21
1484,2023-07-21 15:14:00+05:30,7582.35009765625,7584.0,7580.25,7582.7998046875,,2539.0,0.0,0.0,2023-07-21
1485,2023-07-21 15:15:00+05:30,7583.89990234375,7587.7998046875,7582.10009765625,7587.5498046875,,2928.0,0.0,0.0,2023-07-21
1486,2023-07-21 15:16:00+05:30,7587.60009765625,7589.85009765625,7587.14990234375,7589.85009765625,,2185.0,0.0,0.0,2023-07-21
1487,2023-07-21 15:17:00+05:30,7589.7998046875,7591.85009765625,7589.0,7590.0,,2188.0,0.0,0.0,2023-07-21
1488,2023-07-21 15:18:00+05:30,7590.0,7590.0,7587.39990234375,7588.7001953125,,2887.0,0.0,0.0,2023-07-21
1489,2023-07-21 15:19:00+05:30,7588.89990234375,7588.89990234375,7581.10009765625,7582.0498046875,,2455.0,0.0,0.0,2023-07-21
1490,2023-07-21 15:20:00+05:30,7582.89990234375,7583.64990234375,7577.89990234375,7577.89990234375,,4349.0,0.0,0.0,2023-07-21
1491,2023-07-21 15:21:00+05:30,7577.89990234375,7581.10009765625,7577.89990234375,7580.7998046875,,2249.0,0.0,0.0,2023-07-21
1492,2023-07-21 15:22:00+05:30,7580.89990234375,7587.2998046875,7580.89990234375,7586.5,,1714.0,0.0,0.0,2023-07-21
1493,2023-07-21 15:23:00+05:30,7587.0,7587.0,7580.2998046875,7581.5498046875,,1724.0,0.0,0.0,2023-07-21
1494,2023-07-21 15:24:00+05:30,7582.0,7585.9501953125,7581.5,7582.7998046875,,1543.0,0.0,0.0,2023-07-21
1495,2023-07-21 15:25:00+05:30,7584.5,7584.5498046875,7583.2001953125,7583.64990234375,,1523.0,0.0,0.0,2023-07-21
1496,2023-07-21 15:26:00+05:30,7583.7001953125,7584.5,7583.64990234375,7584.0,,1592.0,0.0,0.0,2023-07-21
1497,2023-07-21 15:27:00+05:30,7584.25,7585.9501953125,7582.0498046875,7582.14990234375,,2263.0,0.0,0.0,2023-07-21
1498,2023-07-21 15:28:00+05:30,7582.14990234375,7585.0,7581.0,7583.7001953125,,2578.0,0.0,0.0,2023-07-21
1499,2023-07-21 15:29:00+05:30,7581.75,7584.5,7581.75,7581.75,,2008.0,0.0,0.0,2023-07-21
0,2023-07-25 09:15:00+05:30,7628.89990234375,7628.89990234375,7609.35009765625,7624.0,,0.0,0.0,0.0,2023-07-25
1,2023-07-25 09:16:00+05:30,7629.39990234375,7629.39990234375,7620.0,7623.0498046875,,4529.0,0.0,0.0,2023-07-25
2,2023-07-25 09:17:00+05:30,7623.0,7623.0,7611.60009765625,7620.10009765625,,3061.0,0.0,0.0,2023-07-25
3,2023-07-25 09:18:00+05:30,7620.10009765625,7632.75,7620.10009765625,7630.10009765625,,4815.0,0.0,0.0,2023-07-25
4,2023-07-25 09:19:00+05:30,7633.60009765625,7633.60009765625,7615.14990234375,7617.89990234375,,2720.0,0.0,0.0,2023-07-25
5,2023-07-25 09:20:00+05:30,7615.14990234375,7618.10009765625,7611.0498046875,7612.4501953125,,3460.0,0.0,0.0,2023-07-25
6,2023-07-25 09:21:00+05:30,7612.4501953125,7626.10009765625,7610.35009765625,7618.7998046875,,3762.0,0.0,0.0,2023-07-25
7,2023-07-25 09:22:00+05:30,7621.2001953125,7625.0,7617.10009765625,7625.0,,1995.0,0.0,0.0,2023-07-25
8,2023-07-25 09:23:00+05:30,7622.0498046875,7628.0498046875,7622.0498046875,7628.0498046875,,1725.0,0.0,0.0,2023-07-25
9,2023-07-25 09:24:00+05:30,7635.0,7635.0,7625.0,7628.9501953125,,5955.0,0.0,0.0,2023-07-25
10,2023-07-25 09:25:00+05:30,7628.0,7632.5,7628.0,7632.5,,922.0,0.0,0.0,2023-07-25
11,2023-07-25 09:26:00+05:30,7629.0,7630.0,7615.5498046875,7615.5498046875,,3731.0,0.0,0.0,2023-07-25
12,2023-07-25 09:27:00+05:30,7616.2998046875,7617.2998046875,7605.2998046875,7608.0,,2583.0,0.0,0.0,2023-07-25
13,2023-07-25 09:28:00+05:30,7609.5,7615.0,7607.14990234375,7607.39990234375,,2424.0,0.0,0.0,2023-07-25
14,2023-07-25 09:29:00+05:30,7607.0,7615.10009765625,7607.0,7611.35009765625,,1602.0,0.0,0.0,2023-07-25
15,2023-07-25 09:30:00+05:30,7610.0,7625.0,7608.0498046875,7614.7001953125,,3153.0,0.0,0.0,2023-07-25
16,2023-07-25 09:31:00+05:30,7609.75,7627.0,7609.75,7627.0,,1716.0,0.0,0.0,2023-07-25
17,2023-07-25 09:32:00+05:30,7627.7001953125,7629.9501953125,7615.35009765625,7615.35009765625,,1560.0,0.0,0.0,2023-07-25
18,2023-07-25 09:33:00+05:30,7619.7998046875,7623.85009765625,7618.0,7623.2998046875,,2843.0,0.0,0.0,2023-07-25
19,2023-07-25 09:34:00+05:30,7622.64990234375,7625.0,7613.9501953125,7616.7001953125,,1364.0,0.0,0.0,2023-07-25
20,2023-07-25 09:35:00+05:30,7616.64990234375,7624.9501953125,7613.9501953125,7622.39990234375,,1199.0,0.0,0.0,2023-07-25
21,2023-07-25 09:36:00+05:30,7622.39990234375,7625.0,7616.7001953125,7622.2998046875,,1040.0,0.0,0.0,2023-07-25
22,2023-07-25 09:37:00+05:30,7622.5,7625.0,7622.2998046875,7625.0,,677.0,0.0,0.0,2023-07-25
23,2023-07-25 09:38:00+05:30,7625.0,7630.0,7616.7998046875,7618.10009765625,,2896.0,0.0,0.0,2023-07-25
24,2023-07-25 09:39:00+05:30,7617.9501953125,7623.60009765625,7609.0498046875,7614.4501953125,,4799.0,0.0,0.0,2023-07-25
25,2023-07-25 09:40:00+05:30,7613.7998046875,7623.35009765625,7611.5498046875,7617.9501953125,,5899.0,0.0,0.0,2023-07-25
26,2023-07-25 09:41:00+05:30,7615.25,7619.35009765625,7609.5,7614.14990234375,,5701.0,0.0,0.0,2023-07-25
27,2023-07-25 09:42:00+05:30,7614.25,7624.25,7614.2001953125,7620.60009765625,,2560.0,0.0,0.0,2023-07-25
28,2023-07-25 09:43:00+05:30,7620.5498046875,7620.60009765625,7613.5,7613.5,,615.0,0.0,0.0,2023-07-25
29,2023-07-25 09:44:00+05:30,7612.14990234375,7615.7001953125,7605.0498046875,7612.2001953125,,3611.0,0.0,0.0,2023-07-25
30,2023-07-25 09:45:00+05:30,7612.14990234375,7619.7001953125,7607.35009765625,7619.7001953125,,1232.0,0.0,0.0,2023-07-25
31,2023-07-25 09:46:00+05:30,7619.7001953125,7619.75,7607.2998046875,7609.39990234375,,1063.0,0.0,0.0,2023-07-25
32,2023-07-25 09:47:00+05:30,7608.0,7616.64990234375,7608.0,7614.5,,1400.0,0.0,0.0,2023-07-25
33,2023-07-25 09:48:00+05:30,7616.0,7616.0,7610.0498046875,7611.10009765625,,382.0,0.0,0.0,2023-07-25
34,2023-07-25 09:49:00+05:30,7612.60009765625,7615.0,7608.0,7609.7001953125,,1208.0,0.0,0.0,2023-07-25
35,2023-07-25 09:50:00+05:30,7610.0,7614.9501953125,7609.0,7610.0,,527.0,0.0,0.0,2023-07-25
36,2023-07-25 09:51:00+05:30,7609.0,7610.0,7606.64990234375,7607.5,,966.0,0.0,0.0,2023-07-25
37,2023-07-25 09:52:00+05:30,7607.64990234375,7610.0,7598.2001953125,7610.0,,4519.0,0.0,0.0,2023-07-25
38,2023-07-25 09:53:00+05:30,7608.10009765625,7609.2998046875,7603.0,7607.39990234375,,696.0,0.0,0.0,2023-07-25
39,2023-07-25 09:54:00+05:30,7601.75,7610.0,7601.75,7610.0,,1239.0,0.0,0.0,2023-07-25
40,2023-07-25 09:55:00+05:30,7607.7998046875,7607.7998046875,7601.5,7602.0,,756.0,0.0,0.0,2023-07-25
41,2023-07-25 09:56:00+05:30,7601.75,7602.85009765625,7600.0,7600.0,,1046.0,0.0,0.0,2023-07-25
42,2023-07-25 09:57:00+05:30,7598.0,7599.4501953125,7596.0,7596.0498046875,,810.0,0.0,0.0,2023-07-25
43,2023-07-25 09:58:00+05:30,7596.0498046875,7598.5,7587.0,7594.7001953125,,4368.0,0.0,0.0,2023-07-25
44,2023-07-25 09:59:00+05:30,7594.89990234375,7599.64990234375,7591.0,7593.7001953125,,1218.0,0.0,0.0,2023-07-25
45,2023-07-25 10:00:00+05:30,7593.7001953125,7596.75,7592.14990234375,7594.10009765625,,834.0,0.0,0.0,2023-07-25
46,2023-07-25 10:01:00+05:30,7595.14990234375,7595.14990234375,7585.5498046875,7586.10009765625,,1293.0,0.0,0.0,2023-07-25
47,2023-07-25 10:02:00+05:30,7585.0,7596.0,7585.0,7591.9501953125,,1593.0,0.0,0.0,2023-07-25
48,2023-07-25 10:03:00+05:30,7595.0498046875,7595.64990234375,7588.0,7590.0,,862.0,0.0,0.0,2023-07-25
49,2023-07-25 10:04:00+05:30,7588.0,7588.0,7585.0498046875,7585.0498046875,,859.0,0.0,0.0,2023-07-25
50,2023-07-25 10:05:00+05:30,7585.0,7587.9501953125,7578.39990234375,7587.7998046875,,6273.0,0.0,0.0,2023-07-25
51,2023-07-25 10:06:00+05:30,7586.0,7586.4501953125,7580.0498046875,7583.64990234375,,1870.0,0.0,0.0,2023-07-25
52,2023-07-25 10:07:00+05:30,7583.64990234375,7585.0,7581.0,7581.60009765625,,2198.0,0.0,0.0,2023-07-25
53,2023-07-25 10:08:00+05:30,7581.0,7582.5,7576.0,7580.0,,1676.0,0.0,0.0,2023-07-25
54,2023-07-25 10:09:00+05:30,7580.0,7584.75,7578.0,7582.5,,1451.0,0.0,0.0,2023-07-25
55,2023-07-25 10:10:00+05:30,7584.85009765625,7588.0,7582.4501953125,7587.5498046875,,2137.0,0.0,0.0,2023-07-25
56,2023-07-25 10:11:00+05:30,7588.0,7593.39990234375,7586.14990234375,7590.64990234375,,1730.0,0.0,0.0,2023-07-25
57,2023-07-25 10:12:00+05:30,7593.0,7593.0,7583.5,7589.89990234375,,990.0,0.0,0.0,2023-07-25
58,2023-07-25 10:13:00+05:30,7589.89990234375,7589.89990234375,7583.0,7584.75,,561.0,0.0,0.0,2023-07-25
59,2023-07-25 10:14:00+05:30,7584.0,7589.2001953125,7581.0,7583.89990234375,,1259.0,0.0,0.0,2023-07-25
60,2023-07-25 10:15:00+05:30,7582.14990234375,7583.89990234375,7567.85009765625,7570.4501953125,,4655.0,0.0,0.0,2023-07-25
61,2023-07-25 10:16:00+05:30,7570.4501953125,7573.0,7570.0,7571.85009765625,,1337.0,0.0,0.0,2023-07-25
62,2023-07-25 10:17:00+05:30,7571.85009765625,7572.89990234375,7566.2998046875,7572.64990234375,,1640.0,0.0,0.0,2023-07-25
63,2023-07-25 10:18:00+05:30,7571.0,7574.85009765625,7568.2001953125,7568.2001953125,,2855.0,0.0,0.0,2023-07-25
64,2023-07-25 10:19:00+05:30,7568.0,7568.7998046875,7562.0,7564.60009765625,,1911.0,0.0,0.0,2023-07-25
65,2023-07-25 10:20:00+05:30,7562.2998046875,7564.7001953125,7560.0,7561.89990234375,,1676.0,0.0,0.0,2023-07-25
66,2023-07-25 10:21:00+05:30,7561.89990234375,7577.7001953125,7561.89990234375,7575.0,,1877.0,0.0,0.0,2023-07-25
67,2023-07-25 10:22:00+05:30,7577.5498046875,7579.9501953125,7567.5,7577.0,,5709.0,0.0,0.0,2023-07-25
68,2023-07-25 10:23:00+05:30,7576.5,7576.5,7570.0,7572.85009765625,,452.0,0.0,0.0,2023-07-25
69,2023-07-25 10:24:00+05:30,7571.2998046875,7574.64990234375,7571.2998046875,7573.0,,432.0,0.0,0.0,2023-07-25
70,2023-07-25 10:25:00+05:30,7574.64990234375,7579.0,7573.0498046875,7577.5498046875,,690.0,0.0,0.0,2023-07-25
71,2023-07-25 10:26:00+05:30,7575.60009765625,7575.60009765625,7567.0,7574.0,,982.0,0.0,0.0,2023-07-25
72,2023-07-25 10:27:00+05:30,7575.0498046875,7575.0498046875,7571.10009765625,7571.10009765625,,763.0,0.0,0.0,2023-07-25
73,2023-07-25 10:28:00+05:30,7571.10009765625,7579.5498046875,7570.10009765625,7577.60009765625,,1179.0,0.0,0.0,2023-07-25
74,2023-07-25 10:29:00+05:30,7578.4501953125,7578.4501953125,7571.25,7573.10009765625,,354.0,0.0,0.0,2023-07-25
75,2023-07-25 10:30:00+05:30,7572.0,7573.10009765625,7568.0498046875,7572.10009765625,,722.0,0.0,0.0,2023-07-25
76,2023-07-25 10:31:00+05:30,7572.10009765625,7572.10009765625,7569.2998046875,7570.0498046875,,157.0,0.0,0.0,2023-07-25
77,2023-07-25 10:32:00+05:30,7570.0,7575.10009765625,7568.75,7575.10009765625,,552.0,0.0,0.0,2023-07-25
78,2023-07-25 10:33:00+05:30,7572.7998046875,7577.89990234375,7572.7998046875,7575.2001953125,,311.0,0.0,0.0,2023-07-25
79,2023-07-25 10:34:00+05:30,7578.14990234375,7578.39990234375,7575.2001953125,7577.0,,794.0,0.0,0.0,2023-07-25
80,2023-07-25 10:35:00+05:30,7576.0,7577.0,7576.0,7577.0,,403.0,0.0,0.0,2023-07-25
81,2023-07-25 10:36:00+05:30,7576.10009765625,7578.39990234375,7576.10009765625,7577.0498046875,,582.0,0.0,0.0,2023-07-25
82,2023-07-25 10:37:00+05:30,7577.0498046875,7578.39990234375,7560.9501953125,7560.9501953125,,3622.0,0.0,0.0,2023-07-25
83,2023-07-25 10:38:00+05:30,7560.0,7566.7998046875,7556.25,7561.2998046875,,4047.0,0.0,0.0,2023-07-25
84,2023-07-25 10:39:00+05:30,7561.35009765625,7566.0,7561.35009765625,7564.9501953125,,513.0,0.0,0.0,2023-07-25
85,2023-07-25 10:40:00+05:30,7564.9501953125,7565.0,7557.0498046875,7560.0,,11098.0,0.0,0.0,2023-07-25
86,2023-07-25 10:41:00+05:30,7560.75,7565.9501953125,7558.10009765625,7560.0,,2377.0,0.0,0.0,2023-07-25
87,2023-07-25 10:42:00+05:30,7560.0,7560.0,7557.0,7560.0,,2023.0,0.0,0.0,2023-07-25
88,2023-07-25 10:43:00+05:30,7560.0,7568.0,7560.0,7568.0,,1135.0,0.0,0.0,2023-07-25
89,2023-07-25 10:44:00+05:30,7565.0,7567.89990234375,7561.0,7561.2001953125,,562.0,0.0,0.0,2023-07-25
90,2023-07-25 10:45:00+05:30,7563.35009765625,7563.35009765625,7559.0,7562.5,,546.0,0.0,0.0,2023-07-25
91,2023-07-25 10:46:00+05:30,7562.5,7562.5,7560.0,7560.0,,227.0,0.0,0.0,2023-07-25
92,2023-07-25 10:47:00+05:30,7560.4501953125,7560.4501953125,7560.2998046875,7560.2998046875,,597.0,0.0,0.0,2023-07-25
93,2023-07-25 10:48:00+05:30,7560.4501953125,7560.4501953125,7560.2998046875,7560.4501953125,,22.0,0.0,0.0,2023-07-25
94,2023-07-25 10:49:00+05:30,7551.39990234375,7555.85009765625,7551.0498046875,7553.10009765625,,4196.0,0.0,0.0,2023-07-25
95,2023-07-25 10:50:00+05:30,7548.0,7549.39990234375,7545.0,7549.39990234375,,4384.0,0.0,0.0,2023-07-25
96,2023-07-25 10:51:00+05:30,7553.0,7553.0,7550.85009765625,7550.85009765625,,1229.0,0.0,0.0,2023-07-25
97,2023-07-25 10:52:00+05:30,7552.5,7559.5498046875,7550.9501953125,7559.0,,478.0,0.0,0.0,2023-07-25
98,2023-07-25 10:53:00+05:30,7559.85009765625,7562.9501953125,7559.0,7561.10009765625,,330.0,0.0,0.0,2023-07-25
99,2023-07-25 10:54:00+05:30,7562.0,7562.0,7554.85009765625,7556.10009765625,,1261.0,0.0,0.0,2023-07-25
100,2023-07-25 10:55:00+05:30,7557.75,7559.0,7553.2001953125,7553.2001953125,,1491.0,0.0,0.0,2023-07-25
101,2023-07-25 10:56:00+05:30,7554.10009765625,7560.0,7552.0498046875,7560.0,,937.0,0.0,0.0,2023-07-25
102,2023-07-25 10:57:00+05:30,7559.5498046875,7565.0,7559.5498046875,7562.9501953125,,1707.0,0.0,0.0,2023-07-25
103,2023-07-25 10:58:00+05:30,7563.0,7581.9501953125,7557.7001953125,7574.89990234375,,3115.0,0.0,0.0,2023-07-25
104,2023-07-25 10:59:00+05:30,7573.7001953125,7575.0,7571.85009765625,7573.75,,243.0,0.0,0.0,2023-07-25
105,2023-07-25 11:00:00+05:30,7573.5,7579.39990234375,7573.39990234375,7578.0,,975.0,0.0,0.0,2023-07-25
106,2023-07-25 11:01:00+05:30,7577.64990234375,7588.60009765625,7577.5498046875,7586.0,,3729.0,0.0,0.0,2023-07-25
107,2023-07-25 11:02:00+05:30,7582.4501953125,7590.9501953125,7581.10009765625,7585.64990234375,,1764.0,0.0,0.0,2023-07-25
108,2023-07-25 11:03:00+05:30,7583.75,7589.10009765625,7580.10009765625,7583.0,,1083.0,0.0,0.0,2023-07-25
109,2023-07-25 11:04:00+05:30,7582.2001953125,7592.4501953125,7582.2001953125,7591.7001953125,,1189.0,0.0,0.0,2023-07-25
110,2023-07-25 11:05:00+05:30,7586.2998046875,7586.2998046875,7574.0498046875,7574.0498046875,,1058.0,0.0,0.0,2023-07-25
111,2023-07-25 11:06:00+05:30,7575.0,7582.5,7575.0,7577.25,,690.0,0.0,0.0,2023-07-25
112,2023-07-25 11:07:00+05:30,7577.25,7587.89990234375,7577.25,7586.0,,482.0,0.0,0.0,2023-07-25
113,2023-07-25 11:08:00+05:30,7586.75,7587.89990234375,7581.9501953125,7583.0,,755.0,0.0,0.0,2023-07-25
114,2023-07-25 11:09:00+05:30,7584.10009765625,7591.7001953125,7583.0,7586.0,,1592.0,0.0,0.0,2023-07-25
115,2023-07-25 11:10:00+05:30,7586.10009765625,7589.9501953125,7582.60009765625,7587.0,,624.0,0.0,0.0,2023-07-25
116,2023-07-25 11:11:00+05:30,7587.0,7591.10009765625,7587.0,7588.0,,431.0,0.0,0.0,2023-07-25
117,2023-07-25 11:12:00+05:30,7588.0,7590.89990234375,7582.25,7582.25,,930.0,0.0,0.0,2023-07-25
118,2023-07-25 11:13:00+05:30,7582.0,7582.2001953125,7576.10009765625,7576.9501953125,,778.0,0.0,0.0,2023-07-25
119,2023-07-25 11:14:00+05:30,7576.89990234375,7580.0,7576.5,7580.0,,145.0,0.0,0.0,2023-07-25
120,2023-07-25 11:15:00+05:30,7577.60009765625,7581.0498046875,7577.60009765625,7578.2998046875,,620.0,0.0,0.0,2023-07-25
121,2023-07-25 11:16:00+05:30,7578.2998046875,7581.5498046875,7578.2998046875,7579.0,,216.0,0.0,0.0,2023-07-25
122,2023-07-25 11:17:00+05:30,7581.5498046875,7581.60009765625,7579.0,7579.64990234375,,154.0,0.0,0.0,2023-07-25
123,2023-07-25 11:18:00+05:30,7579.0,7579.64990234375,7578.5,7578.9501953125,,639.0,0.0,0.0,2023-07-25
124,2023-07-25 11:19:00+05:30,7578.39990234375,7578.7001953125,7576.10009765625,7576.64990234375,,290.0,0.0,0.0,2023-07-25
125,2023-07-25 11:20:00+05:30,7576.25,7576.25,7571.7001953125,7572.0,,551.0,0.0,0.0,2023-07-25
126,2023-07-25 11:21:00+05:30,7572.0,7573.0,7570.14990234375,7571.0,,696.0,0.0,0.0,2023-07-25
127,2023-07-25 11:22:00+05:30,7570.9501953125,7576.5,7570.14990234375,7576.5,,1037.0,0.0,0.0,2023-07-25
128,2023-07-25 11:23:00+05:30,7574.2998046875,7576.5498046875,7574.2001953125,7575.64990234375,,239.0,0.0,0.0,2023-07-25
129,2023-07-25 11:24:00+05:30,7575.64990234375,7575.64990234375,7570.0,7572.75,,1142.0,0.0,0.0,2023-07-25
130,2023-07-25 11:25:00+05:30,7572.7998046875,7578.4501953125,7570.0,7575.14990234375,,861.0,0.0,0.0,2023-07-25
131,2023-07-25 11:26:00+05:30,7575.5,7584.9501953125,7575.5,7578.25,,653.0,0.0,0.0,2023-07-25
132,2023-07-25 11:27:00+05:30,7579.0,7579.14990234375,7577.0,7577.0498046875,,462.0,0.0,0.0,2023-07-25
133,2023-07-25 11:28:00+05:30,7577.0498046875,7579.0,7575.0,7576.10009765625,,787.0,0.0,0.0,2023-07-25
134,2023-07-25 11:29:00+05:30,7574.5,7579.0,7567.0498046875,7579.0,,1352.0,0.0,0.0,2023-07-25
135,2023-07-25 11:30:00+05:30,7579.0,7584.4501953125,7576.0,7576.0498046875,,1052.0,0.0,0.0,2023-07-25
136,2023-07-25 11:31:00+05:30,7578.2998046875,7582.60009765625,7576.0,7579.9501953125,,860.0,0.0,0.0,2023-07-25
137,2023-07-25 11:32:00+05:30,7578.10009765625,7580.0,7576.0,7577.0498046875,,733.0,0.0,0.0,2023-07-25
138,2023-07-25 11:33:00+05:30,7577.0498046875,7581.85009765625,7576.10009765625,7579.9501953125,,449.0,0.0,0.0,2023-07-25
139,2023-07-25 11:34:00+05:30,7578.5498046875,7579.2998046875,7570.0,7570.0,,744.0,0.0,0.0,2023-07-25
140,2023-07-25 11:35:00+05:30,7570.0498046875,7574.9501953125,7570.0,7572.35009765625,,182.0,0.0,0.0,2023-07-25
141,2023-07-25 11:36:00+05:30,7573.64990234375,7574.85009765625,7566.85009765625,7569.0,,817.0,0.0,0.0,2023-07-25
142,2023-07-25 11:37:00+05:30,7575.0,7575.0,7567.75,7571.9501953125,,887.0,0.0,0.0,2023-07-25
143,2023-07-25 11:38:00+05:30,7571.9501953125,7572.0,7569.9501953125,7570.4501953125,,197.0,0.0,0.0,2023-07-25
144,2023-07-25 11:39:00+05:30,7570.4501953125,7581.35009765625,7570.4501953125,7580.0,,480.0,0.0,0.0,2023-07-25
145,2023-07-25 11:40:00+05:30,7580.0,7580.5,7572.0498046875,7576.35009765625,,816.0,0.0,0.0,2023-07-25
146,2023-07-25 11:41:00+05:30,7576.25,7580.0,7576.25,7579.7001953125,,221.0,0.0,0.0,2023-07-25
147,2023-07-25 11:42:00+05:30,7577.0498046875,7579.0,7575.0,7576.0,,312.0,0.0,0.0,2023-07-25
148,2023-07-25 11:43:00+05:30,7575.0,7579.14990234375,7570.2001953125,7575.25,,999.0,0.0,0.0,2023-07-25
149,2023-07-25 11:44:00+05:30,7575.0498046875,7577.0,7572.35009765625,7576.0,,294.0,0.0,0.0,2023-07-25
150,2023-07-25 11:45:00+05:30,7576.0,7576.64990234375,7574.0,7574.0498046875,,191.0,0.0,0.0,2023-07-25
151,2023-07-25 11:46:00+05:30,7574.10009765625,7580.0,7574.0498046875,7578.89990234375,,904.0,0.0,0.0,2023-07-25
152,2023-07-25 11:47:00+05:30,7572.35009765625,7574.2001953125,7564.5498046875,7569.10009765625,,12546.0,0.0,0.0,2023-07-25
153,2023-07-25 11:48:00+05:30,7569.10009765625,7577.0,7569.10009765625,7569.2998046875,,990.0,0.0,0.0,2023-07-25
154,2023-07-25 11:49:00+05:30,7569.25,7575.60009765625,7565.0,7573.35009765625,,844.0,0.0,0.0,2023-07-25
155,2023-07-25 11:50:00+05:30,7574.39990234375,7577.7998046875,7570.10009765625,7577.0,,742.0,0.0,0.0,2023-07-25
156,2023-07-25 11:51:00+05:30,7576.64990234375,7576.9501953125,7570.39990234375,7573.5498046875,,645.0,0.0,0.0,2023-07-25
157,2023-07-25 11:52:00+05:30,7573.64990234375,7579.2001953125,7573.64990234375,7577.2998046875,,902.0,0.0,0.0,2023-07-25
158,2023-07-25 11:53:00+05:30,7574.14990234375,7579.85009765625,7573.10009765625,7579.75,,521.0,0.0,0.0,2023-07-25
159,2023-07-25 11:54:00+05:30,7579.75,7584.0,7576.2998046875,7584.0,,1195.0,0.0,0.0,2023-07-25
160,2023-07-25 11:55:00+05:30,7582.5,7590.0,7580.7001953125,7589.0498046875,,2383.0,0.0,0.0,2023-07-25
161,2023-07-25 11:56:00+05:30,7590.0,7596.0,7590.0,7592.2001953125,,2951.0,0.0,0.0,2023-07-25
162,2023-07-25 11:57:00+05:30,7595.0,7595.0,7589.0,7589.0,,737.0,0.0,0.0,2023-07-25
163,2023-07-25 11:58:00+05:30,7588.0,7589.9501953125,7583.35009765625,7584.2001953125,,678.0,0.0,0.0,2023-07-25
164,2023-07-25 11:59:00+05:30,7584.0498046875,7589.0,7583.35009765625,7586.75,,560.0,0.0,0.0,2023-07-25
165,2023-07-25 12:00:00+05:30,7586.75,7592.9501953125,7585.2001953125,7591.39990234375,,1203.0,0.0,0.0,2023-07-25
166,2023-07-25 12:01:00+05:30,7591.10009765625,7596.0,7588.0498046875,7596.0,,1549.0,0.0,0.0,2023-07-25
167,2023-07-25 12:02:00+05:30,7594.4501953125,7595.39990234375,7591.4501953125,7592.0,,554.0,0.0,0.0,2023-07-25
168,2023-07-25 12:03:00+05:30,7592.0,7593.9501953125,7588.75,7591.85009765625,,646.0,0.0,0.0,2023-07-25
169,2023-07-25 12:04:00+05:30,7591.0498046875,7603.5,7591.0,7602.0,,6156.0,0.0,0.0,2023-07-25
170,2023-07-25 12:05:00+05:30,7602.85009765625,7603.89990234375,7597.25,7598.2001953125,,2748.0,0.0,0.0,2023-07-25
171,2023-07-25 12:06:00+05:30,7600.85009765625,7605.0,7596.0,7604.0498046875,,1909.0,0.0,0.0,2023-07-25
172,2023-07-25 12:07:00+05:30,7604.0498046875,7605.0,7600.0,7602.9501953125,,2999.0,0.0,0.0,2023-07-25
173,2023-07-25 12:08:00+05:30,7602.9501953125,7602.9501953125,7590.0,7594.9501953125,,967.0,0.0,0.0,2023-07-25
174,2023-07-25 12:09:00+05:30,7596.2998046875,7598.9501953125,7593.2998046875,7593.35009765625,,711.0,0.0,0.0,2023-07-25
175,2023-07-25 12:10:00+05:30,7593.35009765625,7598.39990234375,7591.10009765625,7597.75,,1084.0,0.0,0.0,2023-07-25
176,2023-07-25 12:11:00+05:30,7598.4501953125,7599.0,7594.85009765625,7597.2998046875,,1045.0,0.0,0.0,2023-07-25
177,2023-07-25 12:12:00+05:30,7597.35009765625,7599.0,7592.0,7597.9501953125,,891.0,0.0,0.0,2023-07-25
178,2023-07-25 12:13:00+05:30,7597.9501953125,7600.0,7593.5,7600.0,,1610.0,0.0,0.0,2023-07-25
179,2023-07-25 12:14:00+05:30,7600.0,7600.0,7598.0,7600.0,,1338.0,0.0,0.0,2023-07-25
180,2023-07-25 12:15:00+05:30,7599.7001953125,7600.0,7596.14990234375,7596.35009765625,,1328.0,0.0,0.0,2023-07-25
181,2023-07-25 12:16:00+05:30,7596.2998046875,7599.7001953125,7595.0,7599.7001953125,,792.0,0.0,0.0,2023-07-25
182,2023-07-25 12:17:00+05:30,7596.75,7599.89990234375,7595.0,7595.9501953125,,610.0,0.0,0.0,2023-07-25
183,2023-07-25 12:18:00+05:30,7597.0498046875,7600.0,7596.10009765625,7600.0,,1442.0,0.0,0.0,2023-07-25
184,2023-07-25 12:19:00+05:30,7600.0,7604.60009765625,7597.0,7599.85009765625,,3770.0,0.0,0.0,2023-07-25
185,2023-07-25 12:20:00+05:30,7599.5,7603.0,7596.39990234375,7600.0,,1143.0,0.0,0.0,2023-07-25
186,2023-07-25 12:21:00+05:30,7600.0,7603.0498046875,7597.9501953125,7599.9501953125,,1720.0,0.0,0.0,2023-07-25
187,2023-07-25 12:22:00+05:30,7600.0,7607.0,7598.5,7607.0,,4118.0,0.0,0.0,2023-07-25
188,2023-07-25 12:23:00+05:30,7607.0,7614.75,7604.10009765625,7607.0,,4985.0,0.0,0.0,2023-07-25
189,2023-07-25 12:24:00+05:30,7607.0,7611.85009765625,7601.14990234375,7604.89990234375,,2911.0,0.0,0.0,2023-07-25
190,2023-07-25 12:25:00+05:30,7604.4501953125,7604.4501953125,7595.0,7595.0498046875,,1630.0,0.0,0.0,2023-07-25
191,2023-07-25 12:26:00+05:30,7595.0,7600.0,7592.5498046875,7600.0,,782.0,0.0,0.0,2023-07-25
192,2023-07-25 12:27:00+05:30,7600.0,7605.9501953125,7595.64990234375,7605.9501953125,,1510.0,0.0,0.0,2023-07-25
193,2023-07-25 12:28:00+05:30,7604.2998046875,7607.0,7604.2998046875,7605.64990234375,,631.0,0.0,0.0,2023-07-25
194,2023-07-25 12:29:00+05:30,7605.7001953125,7606.35009765625,7596.5498046875,7603.10009765625,,784.0,0.0,0.0,2023-07-25
195,2023-07-25 12:30:00+05:30,7604.64990234375,7610.2001953125,7601.9501953125,7606.39990234375,,6316.0,0.0,0.0,2023-07-25
196,2023-07-25 12:31:00+05:30,7605.0498046875,7610.0,7603.10009765625,7609.89990234375,,1879.0,0.0,0.0,2023-07-25
197,2023-07-25 12:32:00+05:30,7609.0498046875,7610.0,7601.0498046875,7603.9501953125,,3498.0,0.0,0.0,2023-07-25
198,2023-07-25 12:33:00+05:30,7602.0498046875,7609.85009765625,7599.0,7609.75,,1308.0,0.0,0.0,2023-07-25
199,2023-07-25 12:34:00+05:30,7607.14990234375,7614.75,7607.14990234375,7613.0,,1975.0,0.0,0.0,2023-07-25
200,2023-07-25 12:35:00+05:30,7614.5,7616.0,7609.2998046875,7611.2001953125,,1504.0,0.0,0.0,2023-07-25
201,2023-07-25 12:36:00+05:30,7611.14990234375,7612.0,7601.0,7601.25,,5279.0,0.0,0.0,2023-07-25
202,2023-07-25 12:37:00+05:30,7604.60009765625,7610.0,7598.9501953125,7610.0,,1393.0,0.0,0.0,2023-07-25
203,2023-07-25 12:38:00+05:30,7610.0,7612.25,7602.0498046875,7603.39990234375,,596.0,0.0,0.0,2023-07-25
204,2023-07-25 12:39:00+05:30,7604.89990234375,7605.0,7603.5,7604.0498046875,,586.0,0.0,0.0,2023-07-25
205,2023-07-25 12:40:00+05:30,7604.5,7606.85009765625,7604.0,7606.85009765625,,758.0,0.0,0.0,2023-07-25
206,2023-07-25 12:41:00+05:30,7605.0498046875,7611.39990234375,7605.0498046875,7609.35009765625,,1639.0,0.0,0.0,2023-07-25
207,2023-07-25 12:42:00+05:30,7609.35009765625,7614.60009765625,7608.2998046875,7612.14990234375,,2008.0,0.0,0.0,2023-07-25
208,2023-07-25 12:43:00+05:30,7612.14990234375,7615.0,7610.0498046875,7610.0498046875,,2352.0,0.0,0.0,2023-07-25
209,2023-07-25 12:44:00+05:30,7610.0498046875,7610.0498046875,7597.0498046875,7601.75,,3883.0,0.0,0.0,2023-07-25
210,2023-07-25 12:45:00+05:30,7601.75,7612.0498046875,7600.25,7609.9501953125,,2099.0,0.0,0.0,2023-07-25
211,2023-07-25 12:46:00+05:30,7610.0,7611.89990234375,7606.0498046875,7609.0,,1101.0,0.0,0.0,2023-07-25
212,2023-07-25 12:47:00+05:30,7609.0498046875,7612.5498046875,7606.0498046875,7610.85009765625,,881.0,0.0,0.0,2023-07-25
213,2023-07-25 12:48:00+05:30,7609.0,7610.85009765625,7602.0498046875,7602.39990234375,,1485.0,0.0,0.0,2023-07-25
214,2023-07-25 12:49:00+05:30,7602.39990234375,7607.10009765625,7600.0,7601.14990234375,,4826.0,0.0,0.0,2023-07-25
215,2023-07-25 12:50:00+05:30,7601.89990234375,7603.60009765625,7600.0,7600.35009765625,,1505.0,0.0,0.0,2023-07-25
216,2023-07-25 12:51:00+05:30,7600.7998046875,7603.0,7600.0,7603.0,,1642.0,0.0,0.0,2023-07-25
217,2023-07-25 12:52:00+05:30,7601.64990234375,7604.9501953125,7601.5498046875,7604.10009765625,,1418.0,0.0,0.0,2023-07-25
218,2023-07-25 12:53:00+05:30,7603.2001953125,7605.0,7603.2001953125,7604.5,,583.0,0.0,0.0,2023-07-25
219,2023-07-25 12:54:00+05:30,7605.0,7608.0,7601.0498046875,7601.0498046875,,1443.0,0.0,0.0,2023-07-25
220,2023-07-25 12:55:00+05:30,7601.10009765625,7604.0,7601.0498046875,7604.0,,544.0,0.0,0.0,2023-07-25
221,2023-07-25 12:56:00+05:30,7603.9501953125,7608.0,7603.9501953125,7605.0498046875,,753.0,0.0,0.0,2023-07-25
222,2023-07-25 12:57:00+05:30,7602.4501953125,7607.0,7602.0498046875,7602.10009765625,,1027.0,0.0,0.0,2023-07-25
223,2023-07-25 12:58:00+05:30,7602.10009765625,7604.5498046875,7601.0,7602.14990234375,,377.0,0.0,0.0,2023-07-25
224,2023-07-25 12:59:00+05:30,7601.0,7602.14990234375,7598.2998046875,7600.0,,690.0,0.0,0.0,2023-07-25
225,2023-07-25 13:00:00+05:30,7600.0498046875,7606.7998046875,7600.0498046875,7606.0498046875,,1012.0,0.0,0.0,2023-07-25
226,2023-07-25 13:01:00+05:30,7606.2001953125,7608.0,7601.64990234375,7602.85009765625,,1071.0,0.0,0.0,2023-07-25
227,2023-07-25 13:02:00+05:30,7607.5498046875,7607.5498046875,7600.35009765625,7603.0498046875,,1240.0,0.0,0.0,2023-07-25
228,2023-07-25 13:03:00+05:30,7600.7001953125,7602.89990234375,7600.0,7600.39990234375,,451.0,0.0,0.0,2023-07-25
229,2023-07-25 13:04:00+05:30,7601.2998046875,7602.85009765625,7600.0,7601.5498046875,,563.0,0.0,0.0,2023-07-25
230,2023-07-25 13:05:00+05:30,7601.5498046875,7607.0,7600.0,7606.9501953125,,931.0,0.0,0.0,2023-07-25
231,2023-07-25 13:06:00+05:30,7605.0,7613.0,7605.0,7612.85009765625,,3230.0,0.0,0.0,2023-07-25
232,2023-07-25 13:07:00+05:30,7612.85009765625,7612.85009765625,7609.35009765625,7611.85009765625,,495.0,0.0,0.0,2023-07-25
233,2023-07-25 13:08:00+05:30,7609.64990234375,7610.89990234375,7602.0498046875,7608.0498046875,,1330.0,0.0,0.0,2023-07-25
234,2023-07-25 13:09:00+05:30,7607.75,7609.0,7600.0,7600.0,,2387.0,0.0,0.0,2023-07-25
235,2023-07-25 13:10:00+05:30,7602.14990234375,7602.14990234375,7583.5,7583.7998046875,,7349.0,0.0,0.0,2023-07-25
236,2023-07-25 13:11:00+05:30,7587.5498046875,7596.0,7586.10009765625,7593.14990234375,,6477.0,0.0,0.0,2023-07-25
237,2023-07-25 13:12:00+05:30,7591.9501953125,7594.85009765625,7585.0,7588.7001953125,,4637.0,0.0,0.0,2023-07-25
238,2023-07-25 13:13:00+05:30,7586.75,7589.7998046875,7580.0,7580.0,,7342.0,0.0,0.0,2023-07-25
239,2023-07-25 13:14:00+05:30,7580.0,7586.85009765625,7578.14990234375,7585.0,,3494.0,0.0,0.0,2023-07-25
240,2023-07-25 13:15:00+05:30,7585.0,7586.7001953125,7581.9501953125,7582.39990234375,,9780.0,0.0,0.0,2023-07-25
241,2023-07-25 13:16:00+05:30,7582.60009765625,7583.35009765625,7574.25,7577.5,,4107.0,0.0,0.0,2023-07-25
242,2023-07-25 13:17:00+05:30,7574.89990234375,7576.75,7564.89990234375,7566.75,,13911.0,0.0,0.0,2023-07-25
243,2023-07-25 13:18:00+05:30,7566.75,7574.9501953125,7564.7998046875,7572.7001953125,,3376.0,0.0,0.0,2023-07-25
244,2023-07-25 13:19:00+05:30,7572.7001953125,7574.5,7566.5,7570.0,,2197.0,0.0,0.0,2023-07-25
245,2023-07-25 13:20:00+05:30,7570.0,7581.60009765625,7567.0,7577.0498046875,,1638.0,0.0,0.0,2023-07-25
246,2023-07-25 13:21:00+05:30,7578.7001953125,7580.35009765625,7570.10009765625,7575.7998046875,,608.0,0.0,0.0,2023-07-25
247,2023-07-25 13:22:00+05:30,7579.10009765625,7579.9501953125,7570.0,7574.5,,1327.0,0.0,0.0,2023-07-25
248,2023-07-25 13:23:00+05:30,7574.5,7574.5,7571.0,7573.7998046875,,650.0,0.0,0.0,2023-07-25
249,2023-07-25 13:24:00+05:30,7571.10009765625,7583.4501953125,7571.0,7581.89990234375,,4350.0,0.0,0.0,2023-07-25
250,2023-07-25 13:25:00+05:30,7581.2998046875,7585.0498046875,7578.5,7583.4501953125,,4628.0,0.0,0.0,2023-07-25
251,2023-07-25 13:26:00+05:30,7583.2998046875,7594.9501953125,7581.7998046875,7589.0,,2807.0,0.0,0.0,2023-07-25
252,2023-07-25 13:27:00+05:30,7590.0,7591.5,7585.0498046875,7588.85009765625,,2580.0,0.0,0.0,2023-07-25
253,2023-07-25 13:28:00+05:30,7587.0,7587.85009765625,7578.10009765625,7584.75,,3857.0,0.0,0.0,2023-07-25
254,2023-07-25 13:29:00+05:30,7587.9501953125,7588.75,7581.85009765625,7586.89990234375,,1589.0,0.0,0.0,2023-07-25
255,2023-07-25 13:30:00+05:30,7584.10009765625,7588.0,7579.7001953125,7579.75,,4755.0,0.0,0.0,2023-07-25
256,2023-07-25 13:31:00+05:30,7579.64990234375,7588.0,7578.64990234375,7583.5,,2674.0,0.0,0.0,2023-07-25
257,2023-07-25 13:32:00+05:30,7585.0,7585.0,7572.75,7581.10009765625,,881.0,0.0,0.0,2023-07-25
258,2023-07-25 13:33:00+05:30,7581.39990234375,7582.0,7577.9501953125,7581.4501953125,,635.0,0.0,0.0,2023-07-25
259,2023-07-25 13:34:00+05:30,7581.64990234375,7581.75,7570.2001953125,7570.7001953125,,667.0,0.0,0.0,2023-07-25
260,2023-07-25 13:35:00+05:30,7570.7001953125,7582.60009765625,7570.7001953125,7582.60009765625,,1190.0,0.0,0.0,2023-07-25
261,2023-07-25 13:36:00+05:30,7582.89990234375,7582.89990234375,7576.4501953125,7580.0498046875,,917.0,0.0,0.0,2023-07-25
262,2023-07-25 13:37:00+05:30,7578.64990234375,7588.0,7575.35009765625,7579.9501953125,,5556.0,0.0,0.0,2023-07-25
263,2023-07-25 13:38:00+05:30,7583.10009765625,7587.0498046875,7580.25,7583.64990234375,,693.0,0.0,0.0,2023-07-25
264,2023-07-25 13:39:00+05:30,7583.7998046875,7589.10009765625,7580.0,7580.0,,2775.0,0.0,0.0,2023-07-25
265,2023-07-25 13:40:00+05:30,7582.14990234375,7582.14990234375,7571.5498046875,7577.7001953125,,1033.0,0.0,0.0,2023-07-25
266,2023-07-25 13:41:00+05:30,7578.0498046875,7587.89990234375,7576.39990234375,7585.60009765625,,711.0,0.0,0.0,2023-07-25
267,2023-07-25 13:42:00+05:30,7585.60009765625,7585.60009765625,7577.75,7581.14990234375,,1014.0,0.0,0.0,2023-07-25
268,2023-07-25 13:43:00+05:30,7581.0498046875,7583.89990234375,7580.0,7581.64990234375,,477.0,0.0,0.0,2023-07-25
269,2023-07-25 13:44:00+05:30,7581.7001953125,7588.0,7581.0,7583.89990234375,,3365.0,0.0,0.0,2023-07-25
270,2023-07-25 13:45:00+05:30,7583.89990234375,7588.0,7582.5,7584.89990234375,,1115.0,0.0,0.0,2023-07-25
271,2023-07-25 13:46:00+05:30,7584.9501953125,7584.9501953125,7577.60009765625,7577.89990234375,,1395.0,0.0,0.0,2023-07-25
272,2023-07-25 13:47:00+05:30,7578.0,7580.7001953125,7575.0,7577.60009765625,,935.0,0.0,0.0,2023-07-25
273,2023-07-25 13:48:00+05:30,7576.5498046875,7584.89990234375,7575.4501953125,7584.89990234375,,1150.0,0.0,0.0,2023-07-25
274,2023-07-25 13:49:00+05:30,7584.89990234375,7588.89990234375,7574.5498046875,7574.5498046875,,5844.0,0.0,0.0,2023-07-25
275,2023-07-25 13:50:00+05:30,7575.35009765625,7579.7998046875,7570.0,7574.89990234375,,1790.0,0.0,0.0,2023-07-25
276,2023-07-25 13:51:00+05:30,7571.25,7580.60009765625,7571.10009765625,7572.0498046875,,1912.0,0.0,0.0,2023-07-25
277,2023-07-25 13:52:00+05:30,7572.0,7573.25,7561.7001953125,7562.14990234375,,5155.0,0.0,0.0,2023-07-25
278,2023-07-25 13:53:00+05:30,7562.2001953125,7564.0498046875,7556.60009765625,7556.60009765625,,8556.0,0.0,0.0,2023-07-25
279,2023-07-25 13:54:00+05:30,7556.60009765625,7564.0,7556.25,7559.7998046875,,4001.0,0.0,0.0,2023-07-25
280,2023-07-25 13:55:00+05:30,7559.85009765625,7568.39990234375,7559.7998046875,7565.0,,1836.0,0.0,0.0,2023-07-25
281,2023-07-25 13:56:00+05:30,7565.0,7572.14990234375,7565.0,7565.7001953125,,871.0,0.0,0.0,2023-07-25
282,2023-07-25 13:57:00+05:30,7565.7001953125,7572.60009765625,7565.7001953125,7570.0,,1458.0,0.0,0.0,2023-07-25
283,2023-07-25 13:58:00+05:30,7570.0,7574.39990234375,7568.25,7568.25,,1071.0,0.0,0.0,2023-07-25
284,2023-07-25 13:59:00+05:30,7569.9501953125,7573.2998046875,7564.10009765625,7564.60009765625,,1369.0,0.0,0.0,2023-07-25
285,2023-07-25 14:00:00+05:30,7564.10009765625,7568.39990234375,7564.0,7566.0498046875,,1866.0,0.0,0.0,2023-07-25
286,2023-07-25 14:01:00+05:30,7564.0,7564.10009765625,7560.10009765625,7561.89990234375,,4554.0,0.0,0.0,2023-07-25
287,2023-07-25 14:02:00+05:30,7562.0,7569.5,7562.0,7569.0,,648.0,0.0,0.0,2023-07-25
288,2023-07-25 14:03:00+05:30,7567.14990234375,7571.7001953125,7567.0498046875,7568.7001953125,,1067.0,0.0,0.0,2023-07-25
289,2023-07-25 14:04:00+05:30,7568.7001953125,7577.10009765625,7567.4501953125,7577.10009765625,,1732.0,0.0,0.0,2023-07-25
290,2023-07-25 14:05:00+05:30,7575.60009765625,7579.5,7573.10009765625,7576.14990234375,,1663.0,0.0,0.0,2023-07-25
291,2023-07-25 14:06:00+05:30,7575.89990234375,7581.39990234375,7574.9501953125,7581.39990234375,,1420.0,0.0,0.0,2023-07-25
292,2023-07-25 14:07:00+05:30,7581.4501953125,7582.5,7573.25,7576.64990234375,,1925.0,0.0,0.0,2023-07-25
293,2023-07-25 14:08:00+05:30,7575.10009765625,7581.89990234375,7573.64990234375,7576.7998046875,,4741.0,0.0,0.0,2023-07-25
294,2023-07-25 14:09:00+05:30,7576.85009765625,7589.7001953125,7576.85009765625,7585.60009765625,,4064.0,0.0,0.0,2023-07-25
295,2023-07-25 14:10:00+05:30,7587.9501953125,7597.89990234375,7586.0,7594.5498046875,,5106.0,0.0,0.0,2023-07-25
296,2023-07-25 14:11:00+05:30,7596.0,7598.2998046875,7595.0,7597.60009765625,,2447.0,0.0,0.0,2023-07-25
297,2023-07-25 14:12:00+05:30,7598.14990234375,7598.5,7595.0,7595.0498046875,,2413.0,0.0,0.0,2023-07-25
298,2023-07-25 14:13:00+05:30,7595.0,7597.5,7591.0,7594.60009765625,,3191.0,0.0,0.0,2023-07-25
299,2023-07-25 14:14:00+05:30,7594.64990234375,7596.2001953125,7585.5498046875,7587.5,,993.0,0.0,0.0,2023-07-25
300,2023-07-25 14:15:00+05:30,7587.5498046875,7606.0,7585.0,7604.35009765625,,3845.0,0.0,0.0,2023-07-25
301,2023-07-25 14:16:00+05:30,7604.75,7613.75,7601.14990234375,7601.14990234375,,7119.0,0.0,0.0,2023-07-25
302,2023-07-25 14:17:00+05:30,7605.64990234375,7612.5,7601.2998046875,7612.14990234375,,2882.0,0.0,0.0,2023-07-25
303,2023-07-25 14:18:00+05:30,7609.7998046875,7617.9501953125,7609.7998046875,7615.5498046875,,4414.0,0.0,0.0,2023-07-25
304,2023-07-25 14:19:00+05:30,7617.2001953125,7623.89990234375,7616.7998046875,7620.39990234375,,4995.0,0.0,0.0,2023-07-25
305,2023-07-25 14:20:00+05:30,7620.4501953125,7623.89990234375,7615.4501953125,7620.89990234375,,3738.0,0.0,0.0,2023-07-25
306,2023-07-25 14:21:00+05:30,7618.10009765625,7629.5498046875,7618.10009765625,7625.5498046875,,8851.0,0.0,0.0,2023-07-25
307,2023-07-25 14:22:00+05:30,7628.0,7634.7998046875,7627.39990234375,7633.9501953125,,5390.0,0.0,0.0,2023-07-25
308,2023-07-25 14:23:00+05:30,7632.7001953125,7634.0,7620.0,7625.64990234375,,4164.0,0.0,0.0,2023-07-25
309,2023-07-25 14:24:00+05:30,7625.64990234375,7628.0,7622.35009765625,7624.25,,1399.0,0.0,0.0,2023-07-25
310,2023-07-25 14:25:00+05:30,7616.9501953125,7621.2001953125,7615.2001953125,7617.2001953125,,3901.0,0.0,0.0,2023-07-25
311,2023-07-25 14:26:00+05:30,7617.2001953125,7619.64990234375,7613.39990234375,7618.0,,2177.0,0.0,0.0,2023-07-25
312,2023-07-25 14:27:00+05:30,7612.0,7615.89990234375,7604.85009765625,7607.89990234375,,4218.0,0.0,0.0,2023-07-25
313,2023-07-25 14:28:00+05:30,7602.5498046875,7616.2998046875,7602.0,7612.0,,3814.0,0.0,0.0,2023-07-25
314,2023-07-25 14:29:00+05:30,7615.0498046875,7615.2998046875,7606.9501953125,7613.64990234375,,1424.0,0.0,0.0,2023-07-25
315,2023-07-25 14:30:00+05:30,7614.14990234375,7614.89990234375,7610.5498046875,7610.5498046875,,1717.0,0.0,0.0,2023-07-25
316,2023-07-25 14:31:00+05:30,7613.60009765625,7613.60009765625,7603.10009765625,7607.7998046875,,1268.0,0.0,0.0,2023-07-25
317,2023-07-25 14:32:00+05:30,7607.7998046875,7627.0,7607.7998046875,7625.0,,6275.0,0.0,0.0,2023-07-25
318,2023-07-25 14:33:00+05:30,7625.39990234375,7627.0,7622.0498046875,7626.5,,3553.0,0.0,0.0,2023-07-25
319,2023-07-25 14:34:00+05:30,7622.7998046875,7626.7998046875,7619.5,7626.7998046875,,2341.0,0.0,0.0,2023-07-25
320,2023-07-25 14:35:00+05:30,7624.64990234375,7633.85009765625,7622.14990234375,7633.85009765625,,3318.0,0.0,0.0,2023-07-25
321,2023-07-25 14:36:00+05:30,7634.0,7634.75,7624.5498046875,7625.64990234375,,2989.0,0.0,0.0,2023-07-25
322,2023-07-25 14:37:00+05:30,7625.0498046875,7627.89990234375,7617.5498046875,7618.25,,3263.0,0.0,0.0,2023-07-25
323,2023-07-25 14:38:00+05:30,7618.2998046875,7621.75,7611.0,7611.0,,2146.0,0.0,0.0,2023-07-25
324,2023-07-25 14:39:00+05:30,7610.2001953125,7619.0,7609.0498046875,7618.10009765625,,3790.0,0.0,0.0,2023-07-25
325,2023-07-25 14:40:00+05:30,7618.14990234375,7624.2001953125,7616.0,7617.85009765625,,2600.0,0.0,0.0,2023-07-25
326,2023-07-25 14:41:00+05:30,7617.85009765625,7619.7001953125,7614.10009765625,7616.60009765625,,1415.0,0.0,0.0,2023-07-25
327,2023-07-25 14:42:00+05:30,7617.0498046875,7625.0,7616.5498046875,7625.0,,1380.0,0.0,0.0,2023-07-25
328,2023-07-25 14:43:00+05:30,7625.0,7625.0,7616.5,7616.5,,2210.0,0.0,0.0,2023-07-25
329,2023-07-25 14:44:00+05:30,7616.5,7622.64990234375,7614.0498046875,7621.0,,1086.0,0.0,0.0,2023-07-25
330,2023-07-25 14:45:00+05:30,7621.10009765625,7624.4501953125,7612.10009765625,7615.10009765625,,1452.0,0.0,0.0,2023-07-25
331,2023-07-25 14:46:00+05:30,7615.0498046875,7618.5,7611.14990234375,7612.0498046875,,910.0,0.0,0.0,2023-07-25
332,2023-07-25 14:47:00+05:30,7612.0498046875,7614.35009765625,7610.0,7611.60009765625,,822.0,0.0,0.0,2023-07-25
333,2023-07-25 14:48:00+05:30,7610.14990234375,7613.0,7605.0,7608.89990234375,,4326.0,0.0,0.0,2023-07-25
334,2023-07-25 14:49:00+05:30,7611.7998046875,7620.0,7608.85009765625,7619.0,,1542.0,0.0,0.0,2023-07-25
335,2023-07-25 14:50:00+05:30,7619.0,7625.0,7616.5498046875,7618.0,,1920.0,0.0,0.0,2023-07-25
336,2023-07-25 14:51:00+05:30,7619.5498046875,7624.0,7617.5498046875,7624.0,,905.0,0.0,0.0,2023-07-25
337,2023-07-25 14:52:00+05:30,7624.0498046875,7624.9501953125,7618.0,7619.0,,1468.0,0.0,0.0,2023-07-25
338,2023-07-25 14:53:00+05:30,7618.10009765625,7626.0,7618.10009765625,7626.0,,9317.0,0.0,0.0,2023-07-25
339,2023-07-25 14:54:00+05:30,7624.7998046875,7629.85009765625,7624.7998046875,7629.39990234375,,3446.0,0.0,0.0,2023-07-25
340,2023-07-25 14:55:00+05:30,7629.0,7632.0,7625.5,7632.0,,6253.0,0.0,0.0,2023-07-25
341,2023-07-25 14:56:00+05:30,7633.75,7638.0,7630.5498046875,7634.7998046875,,7110.0,0.0,0.0,2023-07-25
342,2023-07-25 14:57:00+05:30,7635.89990234375,7640.85009765625,7634.0,7640.5498046875,,5702.0,0.0,0.0,2023-07-25
343,2023-07-25 14:58:00+05:30,7640.85009765625,7646.35009765625,7637.0,7637.7998046875,,6101.0,0.0,0.0,2023-07-25
344,2023-07-25 14:59:00+05:30,7637.7998046875,7640.0,7630.2001953125,7630.2001953125,,2839.0,0.0,0.0,2023-07-25
345,2023-07-25 15:00:00+05:30,7631.25,7633.89990234375,7617.0498046875,7617.2001953125,,5601.0,0.0,0.0,2023-07-25
346,2023-07-25 15:01:00+05:30,7617.85009765625,7618.89990234375,7609.14990234375,7609.25,,4962.0,0.0,0.0,2023-07-25
347,2023-07-25 15:02:00+05:30,7609.0,7612.25,7598.25,7600.0,,12829.0,0.0,0.0,2023-07-25
348,2023-07-25 15:03:00+05:30,7600.0498046875,7607.85009765625,7600.0498046875,7605.5,,4682.0,0.0,0.0,2023-07-25
349,2023-07-25 15:04:00+05:30,7605.2998046875,7617.35009765625,7605.2998046875,7617.35009765625,,2566.0,0.0,0.0,2023-07-25
350,2023-07-25 15:05:00+05:30,7617.64990234375,7620.7001953125,7611.9501953125,7611.9501953125,,5023.0,0.0,0.0,2023-07-25
351,2023-07-25 15:06:00+05:30,7611.9501953125,7613.9501953125,7603.0498046875,7606.0498046875,,3659.0,0.0,0.0,2023-07-25
352,2023-07-25 15:07:00+05:30,7606.0,7610.0,7606.0,7609.89990234375,,1233.0,0.0,0.0,2023-07-25
353,2023-07-25 15:08:00+05:30,7607.5,7609.39990234375,7606.10009765625,7606.64990234375,,1544.0,0.0,0.0,2023-07-25
354,2023-07-25 15:09:00+05:30,7606.89990234375,7606.9501953125,7599.0,7603.25,,4464.0,0.0,0.0,2023-07-25
355,2023-07-25 15:10:00+05:30,7603.25,7608.89990234375,7603.25,7607.0,,3206.0,0.0,0.0,2023-07-25
356,2023-07-25 15:11:00+05:30,7607.0,7607.2998046875,7601.2998046875,7605.0,,1979.0,0.0,0.0,2023-07-25
357,2023-07-25 15:12:00+05:30,7605.9501953125,7605.9501953125,7601.25,7601.9501953125,,1882.0,0.0,0.0,2023-07-25
358,2023-07-25 15:13:00+05:30,7601.9501953125,7607.35009765625,7601.9501953125,7604.89990234375,,3073.0,0.0,0.0,2023-07-25
359,2023-07-25 15:14:00+05:30,7604.0,7607.4501953125,7604.0,7607.2998046875,,2104.0,0.0,0.0,2023-07-25
360,2023-07-25 15:15:00+05:30,7607.2998046875,7609.0,7605.0,7606.5,,3079.0,0.0,0.0,2023-07-25
361,2023-07-25 15:16:00+05:30,7606.5498046875,7607.39990234375,7605.0,7605.5,,1611.0,0.0,0.0,2023-07-25
362,2023-07-25 15:17:00+05:30,7605.5498046875,7606.9501953125,7602.89990234375,7604.7998046875,,2161.0,0.0,0.0,2023-07-25
363,2023-07-25 15:18:00+05:30,7604.89990234375,7607.89990234375,7603.7001953125,7604.35009765625,,3696.0,0.0,0.0,2023-07-25
364,2023-07-25 15:19:00+05:30,7602.0498046875,7604.2998046875,7601.4501953125,7601.75,,2834.0,0.0,0.0,2023-07-25
365,2023-07-25 15:20:00+05:30,7601.5498046875,7606.25,7600.9501953125,7601.35009765625,,5578.0,0.0,0.0,2023-07-25
366,2023-07-25 15:21:00+05:30,7602.89990234375,7604.4501953125,7598.89990234375,7604.10009765625,,2620.0,0.0,0.0,2023-07-25
367,2023-07-25 15:22:00+05:30,7602.9501953125,7604.10009765625,7599.5,7601.10009765625,,5117.0,0.0,0.0,2023-07-25
368,2023-07-25 15:23:00+05:30,7601.39990234375,7607.14990234375,7599.4501953125,7599.75,,4725.0,0.0,0.0,2023-07-25
369,2023-07-25 15:24:00+05:30,7598.7001953125,7599.64990234375,7595.0498046875,7599.35009765625,,2914.0,0.0,0.0,2023-07-25
370,2023-07-25 15:25:00+05:30,7599.35009765625,7608.7998046875,7599.2998046875,7608.60009765625,,2569.0,0.0,0.0,2023-07-25
371,2023-07-25 15:26:00+05:30,7607.14990234375,7607.75,7600.60009765625,7603.0,,2149.0,0.0,0.0,2023-07-25
372,2023-07-25 15:27:00+05:30,7603.2998046875,7606.0,7602.4501953125,7605.9501953125,,1691.0,0.0,0.0,2023-07-25
373,2023-07-25 15:28:00+05:30,7606.0,7606.0,7601.0,7604.64990234375,,2193.0,0.0,0.0,2023-07-25
374,2023-07-25 15:29:00+05:30,7604.60009765625,7606.4501953125,7602.0,7606.4501953125,,1076.0,0.0,0.0,2023-07-25
375,2023-07-26 09:15:00+05:30,7634.4501953125,7634.4501953125,7611.39990234375,7622.0,,0.0,0.0,0.0,2023-07-26
376,2023-07-26 09:16:00+05:30,7630.5498046875,7634.4501953125,7620.85009765625,7624.9501953125,,7450.0,0.0,0.0,2023-07-26
377,2023-07-26 09:17:00+05:30,7623.4501953125,7624.89990234375,7600.9501953125,7602.0498046875,,5628.0,0.0,0.0,2023-07-26
378,2023-07-26 09:18:00+05:30,7605.89990234375,7605.89990234375,7598.35009765625,7600.10009765625,,3826.0,0.0,0.0,2023-07-26
379,2023-07-26 09:19:00+05:30,7596.75,7600.85009765625,7596.64990234375,7596.85009765625,,2961.0,0.0,0.0,2023-07-26
380,2023-07-26 09:20:00+05:30,7593.7998046875,7594.75,7580.0,7583.0,,6289.0,0.0,0.0,2023-07-26
381,2023-07-26 09:21:00+05:30,7583.0,7585.5,7581.85009765625,7584.35009765625,,987.0,0.0,0.0,2023-07-26
382,2023-07-26 09:22:00+05:30,7595.0,7599.7001953125,7592.75,7599.64990234375,,5260.0,0.0,0.0,2023-07-26
383,2023-07-26 09:23:00+05:30,7599.64990234375,7613.9501953125,7599.0,7610.35009765625,,5446.0,0.0,0.0,2023-07-26
384,2023-07-26 09:24:00+05:30,7613.0,7613.89990234375,7600.60009765625,7600.60009765625,,3546.0,0.0,0.0,2023-07-26
385,2023-07-26 09:25:00+05:30,7604.14990234375,7609.85009765625,7600.2001953125,7609.85009765625,,1564.0,0.0,0.0,2023-07-26
386,2023-07-26 09:26:00+05:30,7610.0,7613.0,7600.0,7606.7001953125,,4221.0,0.0,0.0,2023-07-26
387,2023-07-26 09:27:00+05:30,7606.7001953125,7609.35009765625,7600.0,7604.5498046875,,1328.0,0.0,0.0,2023-07-26
388,2023-07-26 09:28:00+05:30,7604.5498046875,7604.5498046875,7598.0498046875,7598.10009765625,,1654.0,0.0,0.0,2023-07-26
389,2023-07-26 09:29:00+05:30,7600.5498046875,7600.5498046875,7591.9501953125,7598.7998046875,,1339.0,0.0,0.0,2023-07-26
390,2023-07-26 09:30:00+05:30,7598.4501953125,7598.4501953125,7592.14990234375,7596.9501953125,,950.0,0.0,0.0,2023-07-26
391,2023-07-26 09:31:00+05:30,7596.9501953125,7600.0,7595.7998046875,7598.9501953125,,1522.0,0.0,0.0,2023-07-26
392,2023-07-26 09:32:00+05:30,7600.0,7600.0,7590.0,7597.14990234375,,1864.0,0.0,0.0,2023-07-26
393,2023-07-26 09:33:00+05:30,7599.0,7603.75,7596.64990234375,7600.4501953125,,2013.0,0.0,0.0,2023-07-26
394,2023-07-26 09:34:00+05:30,7599.85009765625,7600.0498046875,7595.89990234375,7596.5498046875,,860.0,0.0,0.0,2023-07-26
395,2023-07-26 09:35:00+05:30,7598.2998046875,7605.85009765625,7596.5498046875,7605.64990234375,,1145.0,0.0,0.0,2023-07-26
396,2023-07-26 09:36:00+05:30,7604.14990234375,7609.5,7603.75,7609.5,,1576.0,0.0,0.0,2023-07-26
397,2023-07-26 09:37:00+05:30,7608.85009765625,7622.89990234375,7608.85009765625,7622.89990234375,,3767.0,0.0,0.0,2023-07-26
398,2023-07-26 09:38:00+05:30,7622.89990234375,7626.60009765625,7619.25,7623.2001953125,,2789.0,0.0,0.0,2023-07-26
399,2023-07-26 09:39:00+05:30,7623.0,7623.25,7620.0,7620.5,,1241.0,0.0,0.0,2023-07-26
400,2023-07-26 09:40:00+05:30,7620.0,7625.0,7620.0,7625.0,,2074.0,0.0,0.0,2023-07-26
401,2023-07-26 09:41:00+05:30,7624.7998046875,7634.7998046875,7622.7998046875,7625.89990234375,,5245.0,0.0,0.0,2023-07-26
402,2023-07-26 09:42:00+05:30,7625.9501953125,7625.9501953125,7617.25,7621.2001953125,,1383.0,0.0,0.0,2023-07-26
403,2023-07-26 09:43:00+05:30,7623.0,7626.0,7622.0,7625.9501953125,,1091.0,0.0,0.0,2023-07-26
404,2023-07-26 09:44:00+05:30,7623.64990234375,7626.0,7622.0,7622.64990234375,,961.0,0.0,0.0,2023-07-26
405,2023-07-26 09:45:00+05:30,7626.2001953125,7629.0,7626.0498046875,7628.7998046875,,2095.0,0.0,0.0,2023-07-26
406,2023-07-26 09:46:00+05:30,7628.2998046875,7629.0,7623.25,7623.25,,2089.0,0.0,0.0,2023-07-26
407,2023-07-26 09:47:00+05:30,7623.9501953125,7628.0,7620.0,7625.0,,866.0,0.0,0.0,2023-07-26
408,2023-07-26 09:48:00+05:30,7622.39990234375,7624.9501953125,7620.39990234375,7621.5,,708.0,0.0,0.0,2023-07-26
409,2023-07-26 09:49:00+05:30,7624.85009765625,7625.0,7618.0,7618.0,,1228.0,0.0,0.0,2023-07-26
410,2023-07-26 09:50:00+05:30,7618.0,7620.75,7618.0,7618.0,,549.0,0.0,0.0,2023-07-26
411,2023-07-26 09:51:00+05:30,7620.0498046875,7622.2998046875,7618.0,7622.2998046875,,449.0,0.0,0.0,2023-07-26
412,2023-07-26 09:52:00+05:30,7620.7998046875,7625.0,7620.7998046875,7623.85009765625,,676.0,0.0,0.0,2023-07-26
413,2023-07-26 09:53:00+05:30,7623.85009765625,7625.0,7621.60009765625,7623.85009765625,,490.0,0.0,0.0,2023-07-26
414,2023-07-26 09:54:00+05:30,7621.2001953125,7626.7001953125,7621.2001953125,7625.0,,581.0,0.0,0.0,2023-07-26
415,2023-07-26 09:55:00+05:30,7623.0,7623.7998046875,7620.0,7622.0,,873.0,0.0,0.0,2023-07-26
416,2023-07-26 09:56:00+05:30,7622.0,7635.0,7620.14990234375,7635.0,,3626.0,0.0,0.0,2023-07-26
417,2023-07-26 09:57:00+05:30,7640.0,7641.0,7626.5498046875,7629.89990234375,,4186.0,0.0,0.0,2023-07-26
418,2023-07-26 09:58:00+05:30,7627.0,7636.9501953125,7627.0,7635.0,,2147.0,0.0,0.0,2023-07-26
419,2023-07-26 09:59:00+05:30,7635.0,7635.64990234375,7630.10009765625,7632.0498046875,,1518.0,0.0,0.0,2023-07-26
420,2023-07-26 10:00:00+05:30,7631.60009765625,7636.2998046875,7631.5,7635.0,,951.0,0.0,0.0,2023-07-26
421,2023-07-26 10:01:00+05:30,7634.2001953125,7642.0,7633.75,7641.9501953125,,2970.0,0.0,0.0,2023-07-26
422,2023-07-26 10:02:00+05:30,7641.9501953125,7644.0,7633.5498046875,7635.4501953125,,2772.0,0.0,0.0,2023-07-26
423,2023-07-26 10:03:00+05:30,7637.5,7644.0,7633.0498046875,7637.14990234375,,2686.0,0.0,0.0,2023-07-26
424,2023-07-26 10:04:00+05:30,7640.5,7641.0,7633.5498046875,7637.0,,1165.0,0.0,0.0,2023-07-26
425,2023-07-26 10:05:00+05:30,7637.0,7644.0,7635.75,7637.0,,2640.0,0.0,0.0,2023-07-26
426,2023-07-26 10:06:00+05:30,7637.0,7643.10009765625,7635.0498046875,7639.10009765625,,882.0,0.0,0.0,2023-07-26
427,2023-07-26 10:07:00+05:30,7642.60009765625,7644.0,7639.60009765625,7641.0,,980.0,0.0,0.0,2023-07-26
428,2023-07-26 10:08:00+05:30,7641.0,7644.0,7640.0,7642.39990234375,,1993.0,0.0,0.0,2023-07-26
429,2023-07-26 10:09:00+05:30,7640.64990234375,7643.35009765625,7639.4501953125,7643.35009765625,,1002.0,0.0,0.0,2023-07-26
430,2023-07-26 10:10:00+05:30,7643.0,7649.7998046875,7642.5498046875,7649.7998046875,,5370.0,0.0,0.0,2023-07-26
431,2023-07-26 10:11:00+05:30,7649.2001953125,7650.0,7645.0,7648.0,,2363.0,0.0,0.0,2023-07-26
432,2023-07-26 10:12:00+05:30,7648.5,7656.0,7647.2001953125,7655.89990234375,,7603.0,0.0,0.0,2023-07-26
433,2023-07-26 10:13:00+05:30,7651.35009765625,7654.75,7644.39990234375,7646.25,,2029.0,0.0,0.0,2023-07-26
434,2023-07-26 10:14:00+05:30,7645.9501953125,7650.2998046875,7642.0498046875,7646.5498046875,,1184.0,0.0,0.0,2023-07-26
435,2023-07-26 10:15:00+05:30,7646.5498046875,7650.89990234375,7642.5498046875,7646.89990234375,,1239.0,0.0,0.0,2023-07-26
436,2023-07-26 10:16:00+05:30,7646.89990234375,7648.85009765625,7640.25,7642.0,,1612.0,0.0,0.0,2023-07-26
437,2023-07-26 10:17:00+05:30,7642.0,7644.39990234375,7641.89990234375,7642.7001953125,,987.0,0.0,0.0,2023-07-26
438,2023-07-26 10:18:00+05:30,7643.0,7644.0,7641.10009765625,7643.7001953125,,1284.0,0.0,0.0,2023-07-26
439,2023-07-26 10:19:00+05:30,7643.7001953125,7644.89990234375,7640.10009765625,7644.2998046875,,981.0,0.0,0.0,2023-07-26
440,2023-07-26 10:20:00+05:30,7644.0,7648.60009765625,7642.0,7646.5,,1771.0,0.0,0.0,2023-07-26
441,2023-07-26 10:21:00+05:30,7648.60009765625,7649.7001953125,7644.0,7649.7001953125,,1741.0,0.0,0.0,2023-07-26
442,2023-07-26 10:22:00+05:30,7645.5498046875,7649.0,7642.4501953125,7643.0498046875,,691.0,0.0,0.0,2023-07-26
443,2023-07-26 10:23:00+05:30,7643.4501953125,7647.0,7642.89990234375,7645.0,,449.0,0.0,0.0,2023-07-26
444,2023-07-26 10:24:00+05:30,7644.2001953125,7650.89990234375,7641.7998046875,7650.0,,3956.0,0.0,0.0,2023-07-26
445,2023-07-26 10:25:00+05:30,7649.9501953125,7659.0,7647.75,7658.89990234375,,2994.0,0.0,0.0,2023-07-26
446,2023-07-26 10:26:00+05:30,7658.85009765625,7659.10009765625,7652.60009765625,7657.5498046875,,1572.0,0.0,0.0,2023-07-26
447,2023-07-26 10:27:00+05:30,7656.7001953125,7659.0,7654.5,7658.0,,2348.0,0.0,0.0,2023-07-26
448,2023-07-26 10:28:00+05:30,7655.0498046875,7665.0,7655.0498046875,7661.14990234375,,7325.0,0.0,0.0,2023-07-26
449,2023-07-26 10:29:00+05:30,7658.0498046875,7665.0,7658.0498046875,7661.14990234375,,2552.0,0.0,0.0,2023-07-26
450,2023-07-26 10:30:00+05:30,7663.0,7669.0,7660.35009765625,7669.0,,3962.0,0.0,0.0,2023-07-26
451,2023-07-26 10:31:00+05:30,7669.5,7677.0,7669.0,7677.0,,19642.0,0.0,0.0,2023-07-26
452,2023-07-26 10:32:00+05:30,7678.10009765625,7683.0,7677.10009765625,7680.0,,7675.0,0.0,0.0,2023-07-26
453,2023-07-26 10:33:00+05:30,7680.5,7683.7001953125,7675.60009765625,7677.89990234375,,6865.0,0.0,0.0,2023-07-26
454,2023-07-26 10:34:00+05:30,7681.25,7681.85009765625,7666.85009765625,7668.25,,4718.0,0.0,0.0,2023-07-26
455,2023-07-26 10:35:00+05:30,7669.7998046875,7674.25,7668.0,7671.5,,1660.0,0.0,0.0,2023-07-26
456,2023-07-26 10:36:00+05:30,7674.64990234375,7676.25,7671.5,7674.0,,1317.0,0.0,0.0,2023-07-26
457,2023-07-26 10:37:00+05:30,7673.0,7676.9501953125,7670.0,7673.39990234375,,2407.0,0.0,0.0,2023-07-26
458,2023-07-26 10:38:00+05:30,7675.0,7679.0,7673.0,7675.0,,4327.0,0.0,0.0,2023-07-26
459,2023-07-26 10:39:00+05:30,7675.0,7676.89990234375,7672.0,7673.0,,2355.0,0.0,0.0,2023-07-26
460,2023-07-26 10:40:00+05:30,7674.5,7676.9501953125,7673.0,7676.75,,529.0,0.0,0.0,2023-07-26
461,2023-07-26 10:41:00+05:30,7675.0,7676.0,7670.0,7672.0,,1542.0,0.0,0.0,2023-07-26
462,2023-07-26 10:42:00+05:30,7672.0,7672.0,7668.0,7671.7998046875,,1484.0,0.0,0.0,2023-07-26
463,2023-07-26 10:43:00+05:30,7671.7998046875,7671.7998046875,7668.10009765625,7670.0,,1241.0,0.0,0.0,2023-07-26
464,2023-07-26 10:44:00+05:30,7669.10009765625,7670.0,7667.89990234375,7668.0,,1384.0,0.0,0.0,2023-07-26
465,2023-07-26 10:45:00+05:30,7670.0,7675.7001953125,7668.0,7672.5498046875,,1791.0,0.0,0.0,2023-07-26
466,2023-07-26 10:46:00+05:30,7672.5498046875,7676.0,7671.75,7673.39990234375,,688.0,0.0,0.0,2023-07-26
467,2023-07-26 10:47:00+05:30,7676.0,7677.64990234375,7673.5,7674.14990234375,,959.0,0.0,0.0,2023-07-26
468,2023-07-26 10:48:00+05:30,7674.14990234375,7677.0,7672.5,7674.14990234375,,1246.0,0.0,0.0,2023-07-26
469,2023-07-26 10:49:00+05:30,7674.14990234375,7676.0,7672.0,7672.0498046875,,922.0,0.0,0.0,2023-07-26
470,2023-07-26 10:50:00+05:30,7674.0,7678.0,7672.0498046875,7678.0,,1238.0,0.0,0.0,2023-07-26
471,2023-07-26 10:51:00+05:30,7675.5,7679.0,7674.60009765625,7678.60009765625,,2915.0,0.0,0.0,2023-07-26
472,2023-07-26 10:52:00+05:30,7676.7998046875,7680.0,7675.89990234375,7679.89990234375,,2406.0,0.0,0.0,2023-07-26
473,2023-07-26 10:53:00+05:30,7676.25,7679.14990234375,7674.0,7675.25,,1627.0,0.0,0.0,2023-07-26
474,2023-07-26 10:54:00+05:30,7678.0,7678.0,7673.4501953125,7677.5498046875,,1597.0,0.0,0.0,2023-07-26
475,2023-07-26 10:55:00+05:30,7677.5498046875,7692.10009765625,7675.64990234375,7686.14990234375,,13108.0,0.0,0.0,2023-07-26
476,2023-07-26 10:56:00+05:30,7686.2001953125,7688.25,7682.5498046875,7683.7001953125,,2006.0,0.0,0.0,2023-07-26
477,2023-07-26 10:57:00+05:30,7682.5498046875,7685.85009765625,7677.10009765625,7683.85009765625,,1004.0,0.0,0.0,2023-07-26
478,2023-07-26 10:58:00+05:30,7683.9501953125,7683.9501953125,7678.7998046875,7681.0498046875,,1093.0,0.0,0.0,2023-07-26
479,2023-07-26 10:59:00+05:30,7678.0,7679.5498046875,7675.10009765625,7678.89990234375,,1603.0,0.0,0.0,2023-07-26
480,2023-07-26 11:00:00+05:30,7678.0,7680.0,7675.10009765625,7675.2001953125,,1112.0,0.0,0.0,2023-07-26
481,2023-07-26 11:01:00+05:30,7675.10009765625,7678.7001953125,7661.0,7664.7001953125,,6305.0,0.0,0.0,2023-07-26
482,2023-07-26 11:02:00+05:30,7668.5498046875,7668.5498046875,7665.0498046875,7666.0,,844.0,0.0,0.0,2023-07-26
483,2023-07-26 11:03:00+05:30,7665.89990234375,7670.0,7665.64990234375,7669.89990234375,,1415.0,0.0,0.0,2023-07-26
484,2023-07-26 11:04:00+05:30,7669.89990234375,7673.35009765625,7668.0,7670.85009765625,,682.0,0.0,0.0,2023-07-26
485,2023-07-26 11:05:00+05:30,7670.0,7673.35009765625,7670.0,7671.7998046875,,1024.0,0.0,0.0,2023-07-26
486,2023-07-26 11:06:00+05:30,7668.10009765625,7672.75,7668.10009765625,7671.25,,2434.0,0.0,0.0,2023-07-26
487,2023-07-26 11:07:00+05:30,7671.2001953125,7672.9501953125,7668.10009765625,7668.10009765625,,1009.0,0.0,0.0,2023-07-26
488,2023-07-26 11:08:00+05:30,7670.0,7670.0,7664.7998046875,7665.0498046875,,1561.0,0.0,0.0,2023-07-26
489,2023-07-26 11:09:00+05:30,7665.0,7668.7998046875,7661.14990234375,7667.35009765625,,1870.0,0.0,0.0,2023-07-26
490,2023-07-26 11:10:00+05:30,7662.64990234375,7666.14990234375,7662.0498046875,7662.89990234375,,969.0,0.0,0.0,2023-07-26
491,2023-07-26 11:11:00+05:30,7663.0,7666.60009765625,7663.0,7665.0,,1320.0,0.0,0.0,2023-07-26
492,2023-07-26 11:12:00+05:30,7665.0,7665.7998046875,7663.0,7664.85009765625,,757.0,0.0,0.0,2023-07-26
493,2023-07-26 11:13:00+05:30,7664.85009765625,7671.4501953125,7663.5,7671.4501953125,,1876.0,0.0,0.0,2023-07-26
494,2023-07-26 11:14:00+05:30,7670.0,7675.0,7669.5498046875,7674.0,,709.0,0.0,0.0,2023-07-26
495,2023-07-26 11:15:00+05:30,7674.89990234375,7675.2001953125,7671.5,7672.14990234375,,1139.0,0.0,0.0,2023-07-26
496,2023-07-26 11:16:00+05:30,7672.0,7674.0,7670.0498046875,7670.2001953125,,318.0,0.0,0.0,2023-07-26
497,2023-07-26 11:17:00+05:30,7669.0,7672.0,7665.14990234375,7668.5,,810.0,0.0,0.0,2023-07-26
498,2023-07-26 11:18:00+05:30,7668.5498046875,7670.64990234375,7657.10009765625,7660.0,,2564.0,0.0,0.0,2023-07-26
499,2023-07-26 11:19:00+05:30,7657.75,7663.0,7657.75,7660.0,,929.0,0.0,0.0,2023-07-26
500,2023-07-26 11:20:00+05:30,7660.0,7662.0,7659.2001953125,7659.64990234375,,1054.0,0.0,0.0,2023-07-26
501,2023-07-26 11:21:00+05:30,7659.5,7664.25,7658.60009765625,7663.2001953125,,788.0,0.0,0.0,2023-07-26
502,2023-07-26 11:22:00+05:30,7663.14990234375,7666.5498046875,7663.10009765625,7663.10009765625,,363.0,0.0,0.0,2023-07-26
503,2023-07-26 11:23:00+05:30,7665.5,7669.0,7663.0,7666.4501953125,,1067.0,0.0,0.0,2023-07-26
504,2023-07-26 11:24:00+05:30,7666.4501953125,7669.89990234375,7666.4501953125,7666.4501953125,,195.0,0.0,0.0,2023-07-26
505,2023-07-26 11:25:00+05:30,7667.0,7668.5,7664.7001953125,7665.75,,663.0,0.0,0.0,2023-07-26
506,2023-07-26 11:26:00+05:30,7663.9501953125,7665.5,7663.0,7663.35009765625,,317.0,0.0,0.0,2023-07-26
507,2023-07-26 11:27:00+05:30,7665.5498046875,7665.5498046875,7660.0,7662.39990234375,,536.0,0.0,0.0,2023-07-26
508,2023-07-26 11:28:00+05:30,7662.64990234375,7662.7998046875,7657.10009765625,7657.10009765625,,1056.0,0.0,0.0,2023-07-26
509,2023-07-26 11:29:00+05:30,7655.0,7658.2998046875,7654.14990234375,7655.0,,1956.0,0.0,0.0,2023-07-26
510,2023-07-26 11:30:00+05:30,7652.0,7654.4501953125,7650.0,7652.0,,2165.0,0.0,0.0,2023-07-26
511,2023-07-26 11:31:00+05:30,7652.0,7653.35009765625,7644.25,7644.35009765625,,4404.0,0.0,0.0,2023-07-26
512,2023-07-26 11:32:00+05:30,7647.85009765625,7648.0,7644.0498046875,7646.10009765625,,1381.0,0.0,0.0,2023-07-26
513,2023-07-26 11:33:00+05:30,7647.5498046875,7649.10009765625,7644.85009765625,7649.0,,1278.0,0.0,0.0,2023-07-26
514,2023-07-26 11:34:00+05:30,7649.0,7652.0,7646.0,7648.89990234375,,1710.0,0.0,0.0,2023-07-26
515,2023-07-26 11:35:00+05:30,7647.85009765625,7650.0,7646.75,7647.5,,823.0,0.0,0.0,2023-07-26
516,2023-07-26 11:36:00+05:30,7645.85009765625,7646.64990234375,7636.14990234375,7642.9501953125,,7083.0,0.0,0.0,2023-07-26
517,2023-07-26 11:37:00+05:30,7643.14990234375,7648.0498046875,7641.25,7645.2001953125,,1339.0,0.0,0.0,2023-07-26
518,2023-07-26 11:38:00+05:30,7646.0498046875,7646.4501953125,7640.5,7641.7998046875,,1369.0,0.0,0.0,2023-07-26
519,2023-07-26 11:39:00+05:30,7640.0,7644.85009765625,7640.0,7640.0,,934.0,0.0,0.0,2023-07-26
520,2023-07-26 11:40:00+05:30,7640.0,7641.4501953125,7636.10009765625,7636.7001953125,,1185.0,0.0,0.0,2023-07-26
521,2023-07-26 11:41:00+05:30,7636.25,7638.7998046875,7630.64990234375,7631.0,,4090.0,0.0,0.0,2023-07-26
522,2023-07-26 11:42:00+05:30,7631.0,7631.0,7626.0,7628.0498046875,,2877.0,0.0,0.0,2023-07-26
523,2023-07-26 11:43:00+05:30,7628.10009765625,7632.2001953125,7626.10009765625,7629.5,,1730.0,0.0,0.0,2023-07-26
524,2023-07-26 11:44:00+05:30,7631.60009765625,7631.60009765625,7628.10009765625,7628.14990234375,,1096.0,0.0,0.0,2023-07-26
525,2023-07-26 11:45:00+05:30,7627.0,7627.0,7620.0,7620.0,,5136.0,0.0,0.0,2023-07-26
526,2023-07-26 11:46:00+05:30,7620.2001953125,7625.0,7620.2001953125,7625.0,,1335.0,0.0,0.0,2023-07-26
527,2023-07-26 11:47:00+05:30,7622.0,7631.9501953125,7622.0,7631.9501953125,,2217.0,0.0,0.0,2023-07-26
528,2023-07-26 11:48:00+05:30,7632.10009765625,7635.2998046875,7630.0,7633.0,,1807.0,0.0,0.0,2023-07-26
529,2023-07-26 11:49:00+05:30,7633.0,7633.2998046875,7630.14990234375,7632.0498046875,,596.0,0.0,0.0,2023-07-26
530,2023-07-26 11:50:00+05:30,7631.14990234375,7634.85009765625,7631.0,7634.64990234375,,656.0,0.0,0.0,2023-07-26
531,2023-07-26 11:51:00+05:30,7633.25,7641.0,7633.0,7641.0,,1580.0,0.0,0.0,2023-07-26
532,2023-07-26 11:52:00+05:30,7641.0,7641.0,7636.0,7638.4501953125,,2194.0,0.0,0.0,2023-07-26
533,2023-07-26 11:53:00+05:30,7639.89990234375,7645.0,7637.64990234375,7644.5498046875,,1832.0,0.0,0.0,2023-07-26
534,2023-07-26 11:54:00+05:30,7644.5498046875,7649.0,7642.7998046875,7645.89990234375,,2415.0,0.0,0.0,2023-07-26
535,2023-07-26 11:55:00+05:30,7646.7001953125,7650.0,7646.7001953125,7650.0,,1400.0,0.0,0.0,2023-07-26
536,2023-07-26 11:56:00+05:30,7650.0,7660.0,7650.0,7658.85009765625,,3705.0,0.0,0.0,2023-07-26
537,2023-07-26 11:57:00+05:30,7656.0498046875,7659.0,7656.0,7658.0,,682.0,0.0,0.0,2023-07-26
538,2023-07-26 11:58:00+05:30,7656.7998046875,7659.7001953125,7656.7998046875,7659.0,,1123.0,0.0,0.0,2023-07-26
539,2023-07-26 11:59:00+05:30,7659.0,7662.5498046875,7658.5,7662.0,,1766.0,0.0,0.0,2023-07-26
540,2023-07-26 12:00:00+05:30,7660.2001953125,7662.0,7658.5,7659.5,,1677.0,0.0,0.0,2023-07-26
541,2023-07-26 12:01:00+05:30,7660.0,7660.0,7655.60009765625,7655.60009765625,,1028.0,0.0,0.0,2023-07-26
542,2023-07-26 12:02:00+05:30,7656.89990234375,7657.0,7651.2001953125,7652.5,,750.0,0.0,0.0,2023-07-26
543,2023-07-26 12:03:00+05:30,7656.0,7656.7998046875,7653.0,7655.0,,496.0,0.0,0.0,2023-07-26
544,2023-07-26 12:04:00+05:30,7656.35009765625,7656.35009765625,7652.2001953125,7652.60009765625,,909.0,0.0,0.0,2023-07-26
545,2023-07-26 12:05:00+05:30,7653.0498046875,7656.89990234375,7652.60009765625,7653.4501953125,,811.0,0.0,0.0,2023-07-26
546,2023-07-26 12:06:00+05:30,7653.4501953125,7655.39990234375,7652.7001953125,7652.7001953125,,450.0,0.0,0.0,2023-07-26
547,2023-07-26 12:07:00+05:30,7653.7001953125,7656.7998046875,7652.7001953125,7655.4501953125,,583.0,0.0,0.0,2023-07-26
548,2023-07-26 12:08:00+05:30,7653.9501953125,7655.5,7653.0,7653.89990234375,,332.0,0.0,0.0,2023-07-26
549,2023-07-26 12:09:00+05:30,7653.89990234375,7656.64990234375,7653.85009765625,7654.89990234375,,605.0,0.0,0.0,2023-07-26
550,2023-07-26 12:10:00+05:30,7654.2001953125,7654.2001953125,7640.5498046875,7641.0,,3677.0,0.0,0.0,2023-07-26
551,2023-07-26 12:11:00+05:30,7641.60009765625,7645.4501953125,7641.60009765625,7644.7001953125,,403.0,0.0,0.0,2023-07-26
552,2023-07-26 12:12:00+05:30,7647.14990234375,7648.9501953125,7645.10009765625,7647.64990234375,,1316.0,0.0,0.0,2023-07-26
553,2023-07-26 12:13:00+05:30,7650.0,7651.5498046875,7645.9501953125,7649.0498046875,,747.0,0.0,0.0,2023-07-26
554,2023-07-26 12:14:00+05:30,7649.0498046875,7649.0498046875,7647.0,7647.0498046875,,453.0,0.0,0.0,2023-07-26
555,2023-07-26 12:15:00+05:30,7647.10009765625,7647.5,7646.0,7646.7998046875,,404.0,0.0,0.0,2023-07-26
556,2023-07-26 12:16:00+05:30,7646.7998046875,7646.9501953125,7644.7998046875,7646.9501953125,,692.0,0.0,0.0,2023-07-26
557,2023-07-26 12:17:00+05:30,7646.2998046875,7652.0,7646.2001953125,7649.2998046875,,2490.0,0.0,0.0,2023-07-26
558,2023-07-26 12:18:00+05:30,7651.64990234375,7652.7001953125,7648.75,7652.7001953125,,1211.0,0.0,0.0,2023-07-26
559,2023-07-26 12:19:00+05:30,7651.14990234375,7655.0,7650.0,7654.85009765625,,1214.0,0.0,0.0,2023-07-26
560,2023-07-26 12:20:00+05:30,7653.9501953125,7655.0,7652.25,7653.2001953125,,1102.0,0.0,0.0,2023-07-26
561,2023-07-26 12:21:00+05:30,7653.25,7655.0,7650.2001953125,7652.0498046875,,1382.0,0.0,0.0,2023-07-26
562,2023-07-26 12:22:00+05:30,7654.0,7654.35009765625,7651.7001953125,7653.64990234375,,668.0,0.0,0.0,2023-07-26
563,2023-07-26 12:23:00+05:30,7653.64990234375,7655.0,7652.2998046875,7655.0,,820.0,0.0,0.0,2023-07-26
564,2023-07-26 12:24:00+05:30,7655.0,7655.10009765625,7653.60009765625,7655.0,,617.0,0.0,0.0,2023-07-26
565,2023-07-26 12:25:00+05:30,7654.9501953125,7654.9501953125,7652.25,7652.25,,725.0,0.0,0.0,2023-07-26
566,2023-07-26 12:26:00+05:30,7652.2998046875,7652.2998046875,7645.5,7645.5,,1011.0,0.0,0.0,2023-07-26
567,2023-07-26 12:27:00+05:30,7646.14990234375,7647.89990234375,7645.0,7646.0,,636.0,0.0,0.0,2023-07-26
568,2023-07-26 12:28:00+05:30,7647.75,7648.14990234375,7646.0,7646.4501953125,,560.0,0.0,0.0,2023-07-26
569,2023-07-26 12:29:00+05:30,7646.5498046875,7646.5498046875,7646.0498046875,7646.14990234375,,439.0,0.0,0.0,2023-07-26
570,2023-07-26 12:30:00+05:30,7647.0,7649.7998046875,7646.0,7646.25,,864.0,0.0,0.0,2023-07-26
571,2023-07-26 12:31:00+05:30,7646.5498046875,7646.5498046875,7645.5,7645.5498046875,,424.0,0.0,0.0,2023-07-26
572,2023-07-26 12:32:00+05:30,7645.5498046875,7648.5498046875,7645.5,7646.75,,1266.0,0.0,0.0,2023-07-26
573,2023-07-26 12:33:00+05:30,7646.89990234375,7649.89990234375,7646.7998046875,7649.7998046875,,604.0,0.0,0.0,2023-07-26
574,2023-07-26 12:34:00+05:30,7648.75,7649.7998046875,7646.89990234375,7647.60009765625,,690.0,0.0,0.0,2023-07-26
575,2023-07-26 12:35:00+05:30,7652.0,7652.0,7646.89990234375,7648.0,,1497.0,0.0,0.0,2023-07-26
576,2023-07-26 12:36:00+05:30,7647.7001953125,7649.39990234375,7646.9501953125,7648.5498046875,,259.0,0.0,0.0,2023-07-26
577,2023-07-26 12:37:00+05:30,7648.10009765625,7648.10009765625,7646.0,7646.2001953125,,1681.0,0.0,0.0,2023-07-26
578,2023-07-26 12:38:00+05:30,7646.60009765625,7646.60009765625,7646.0,7646.2998046875,,174.0,0.0,0.0,2023-07-26
579,2023-07-26 12:39:00+05:30,7646.0498046875,7647.10009765625,7646.0498046875,7646.75,,544.0,0.0,0.0,2023-07-26
580,2023-07-26 12:40:00+05:30,7646.75,7646.75,7646.14990234375,7646.2001953125,,226.0,0.0,0.0,2023-07-26
581,2023-07-26 12:41:00+05:30,7646.2001953125,7646.5498046875,7646.2001953125,7646.39990234375,,439.0,0.0,0.0,2023-07-26
582,2023-07-26 12:42:00+05:30,7646.39990234375,7648.0,7646.0,7646.10009765625,,1097.0,0.0,0.0,2023-07-26
583,2023-07-26 12:43:00+05:30,7646.0,7646.25,7636.0,7638.0,,4503.0,0.0,0.0,2023-07-26
584,2023-07-26 12:44:00+05:30,7638.0,7639.4501953125,7636.0,7639.4501953125,,761.0,0.0,0.0,2023-07-26
585,2023-07-26 12:45:00+05:30,7639.35009765625,7645.60009765625,7639.35009765625,7644.64990234375,,31212.0,0.0,0.0,2023-07-26
586,2023-07-26 12:46:00+05:30,7646.2998046875,7649.0,7644.75,7647.5498046875,,535.0,0.0,0.0,2023-07-26
587,2023-07-26 12:48:00+05:30,7649.39990234375,7649.9501953125,7647.25,7647.9501953125,,1034.0,0.0,0.0,2023-07-26
588,2023-07-26 12:49:00+05:30,7647.9501953125,7649.89990234375,7645.14990234375,7645.5498046875,,1048.0,0.0,0.0,2023-07-26
589,2023-07-26 12:50:00+05:30,7644.0,7644.5498046875,7640.0,7642.2001953125,,1631.0,0.0,0.0,2023-07-26
590,2023-07-26 12:51:00+05:30,7643.0,7644.60009765625,7641.35009765625,7644.60009765625,,463.0,0.0,0.0,2023-07-26
591,2023-07-26 12:52:00+05:30,7644.7001953125,7647.9501953125,7641.5,7645.60009765625,,1191.0,0.0,0.0,2023-07-26
592,2023-07-26 12:53:00+05:30,7646.0,7650.10009765625,7646.0,7650.10009765625,,1379.0,0.0,0.0,2023-07-26
593,2023-07-26 12:54:00+05:30,7650.10009765625,7652.2001953125,7649.60009765625,7652.10009765625,,776.0,0.0,0.0,2023-07-26
594,2023-07-26 12:55:00+05:30,7652.10009765625,7652.2998046875,7648.89990234375,7651.35009765625,,507.0,0.0,0.0,2023-07-26
595,2023-07-26 12:56:00+05:30,7651.35009765625,7654.85009765625,7650.0,7654.85009765625,,1356.0,0.0,0.0,2023-07-26
596,2023-07-26 12:57:00+05:30,7652.9501953125,7654.7998046875,7651.85009765625,7652.25,,552.0,0.0,0.0,2023-07-26
597,2023-07-26 12:58:00+05:30,7650.0498046875,7653.14990234375,7650.0,7653.14990234375,,723.0,0.0,0.0,2023-07-26
598,2023-07-26 12:59:00+05:30,7650.64990234375,7653.5,7650.64990234375,7651.60009765625,,801.0,0.0,0.0,2023-07-26
599,2023-07-26 13:00:00+05:30,7651.60009765625,7653.0,7650.64990234375,7652.0,,1018.0,0.0,0.0,2023-07-26
600,2023-07-26 13:01:00+05:30,7652.0,7652.10009765625,7651.75,7651.75,,644.0,0.0,0.0,2023-07-26
601,2023-07-26 13:02:00+05:30,7651.75,7653.5,7651.75,7652.85009765625,,1380.0,0.0,0.0,2023-07-26
602,2023-07-26 13:03:00+05:30,7651.0,7652.35009765625,7645.5,7647.2998046875,,1064.0,0.0,0.0,2023-07-26
603,2023-07-26 13:04:00+05:30,7647.2998046875,7652.0,7647.2998046875,7651.9501953125,,404.0,0.0,0.0,2023-07-26
604,2023-07-26 13:05:00+05:30,7651.64990234375,7651.9501953125,7649.0498046875,7651.0,,356.0,0.0,0.0,2023-07-26
605,2023-07-26 13:06:00+05:30,7651.0,7651.0,7649.0,7650.75,,585.0,0.0,0.0,2023-07-26
606,2023-07-26 13:07:00+05:30,7650.85009765625,7650.89990234375,7648.0,7648.2001953125,,607.0,0.0,0.0,2023-07-26
607,2023-07-26 13:08:00+05:30,7648.2001953125,7651.7001953125,7648.10009765625,7651.7001953125,,900.0,0.0,0.0,2023-07-26
608,2023-07-26 13:09:00+05:30,7651.7001953125,7651.7001953125,7643.7998046875,7647.5498046875,,1694.0,0.0,0.0,2023-07-26
609,2023-07-26 13:10:00+05:30,7648.64990234375,7651.5,7647.7998046875,7651.5,,916.0,0.0,0.0,2023-07-26
610,2023-07-26 13:11:00+05:30,7651.5,7651.75,7648.0,7650.0,,509.0,0.0,0.0,2023-07-26
611,2023-07-26 13:12:00+05:30,7648.10009765625,7650.10009765625,7647.9501953125,7648.5,,646.0,0.0,0.0,2023-07-26
612,2023-07-26 13:13:00+05:30,7648.39990234375,7652.0,7648.35009765625,7651.25,,842.0,0.0,0.0,2023-07-26
613,2023-07-26 13:14:00+05:30,7651.25,7654.2001953125,7650.5,7654.10009765625,,2770.0,0.0,0.0,2023-07-26
614,2023-07-26 13:15:00+05:30,7654.2001953125,7665.0,7654.2001953125,7664.0,,3958.0,0.0,0.0,2023-07-26
615,2023-07-26 13:16:00+05:30,7664.0,7668.85009765625,7663.2001953125,7666.0,,2990.0,0.0,0.0,2023-07-26
616,2023-07-26 13:17:00+05:30,7667.7001953125,7668.0,7665.5,7666.10009765625,,985.0,0.0,0.0,2023-07-26
617,2023-07-26 13:18:00+05:30,7666.0498046875,7667.0,7662.85009765625,7666.14990234375,,1131.0,0.0,0.0,2023-07-26
618,2023-07-26 13:19:00+05:30,7665.9501953125,7667.0,7662.10009765625,7666.7998046875,,1450.0,0.0,0.0,2023-07-26
619,2023-07-26 13:20:00+05:30,7666.35009765625,7673.0,7664.0498046875,7672.5498046875,,4090.0,0.0,0.0,2023-07-26
620,2023-07-26 13:21:00+05:30,7672.7998046875,7677.89990234375,7672.7998046875,7676.7998046875,,2891.0,0.0,0.0,2023-07-26
621,2023-07-26 13:22:00+05:30,7676.2998046875,7678.39990234375,7674.0,7675.25,,1527.0,0.0,0.0,2023-07-26
622,2023-07-26 13:23:00+05:30,7677.89990234375,7677.9501953125,7671.0498046875,7671.0498046875,,1205.0,0.0,0.0,2023-07-26
623,2023-07-26 13:24:00+05:30,7672.25,7676.85009765625,7672.0,7676.85009765625,,2740.0,0.0,0.0,2023-07-26
624,2023-07-26 13:25:00+05:30,7675.0,7682.4501953125,7675.0,7679.25,,8472.0,0.0,0.0,2023-07-26
625,2023-07-26 13:26:00+05:30,7677.10009765625,7679.9501953125,7675.0,7679.9501953125,,1693.0,0.0,0.0,2023-07-26
626,2023-07-26 13:27:00+05:30,7678.0498046875,7679.9501953125,7675.0,7675.0,,798.0,0.0,0.0,2023-07-26
627,2023-07-26 13:28:00+05:30,7675.0,7676.9501953125,7672.0498046875,7672.35009765625,,2233.0,0.0,0.0,2023-07-26
628,2023-07-26 13:29:00+05:30,7672.0,7672.0,7670.0,7670.14990234375,,1057.0,0.0,0.0,2023-07-26
629,2023-07-26 13:30:00+05:30,7670.2001953125,7671.0,7669.75,7669.85009765625,,1007.0,0.0,0.0,2023-07-26
630,2023-07-26 13:31:00+05:30,7669.85009765625,7673.0,7668.4501953125,7671.64990234375,,1415.0,0.0,0.0,2023-07-26
631,2023-07-26 13:32:00+05:30,7671.0498046875,7672.0,7667.25,7667.39990234375,,1579.0,0.0,0.0,2023-07-26
632,2023-07-26 13:33:00+05:30,7667.0,7668.0,7662.0498046875,7662.25,,1747.0,0.0,0.0,2023-07-26
633,2023-07-26 13:34:00+05:30,7662.25,7664.39990234375,7659.2001953125,7660.4501953125,,1977.0,0.0,0.0,2023-07-26
634,2023-07-26 13:35:00+05:30,7659.85009765625,7665.0,7659.85009765625,7662.2998046875,,1419.0,0.0,0.0,2023-07-26
635,2023-07-26 13:36:00+05:30,7662.0498046875,7665.10009765625,7662.0,7665.10009765625,,964.0,0.0,0.0,2023-07-26
636,2023-07-26 13:37:00+05:30,7663.10009765625,7665.0,7662.2001953125,7663.14990234375,,602.0,0.0,0.0,2023-07-26
637,2023-07-26 13:38:00+05:30,7662.0498046875,7665.39990234375,7662.0,7662.10009765625,,892.0,0.0,0.0,2023-07-26
638,2023-07-26 13:39:00+05:30,7662.10009765625,7663.35009765625,7660.0,7661.14990234375,,970.0,0.0,0.0,2023-07-26
639,2023-07-26 13:40:00+05:30,7661.14990234375,7662.0,7660.35009765625,7662.0,,697.0,0.0,0.0,2023-07-26
640,2023-07-26 13:41:00+05:30,7660.85009765625,7663.7001953125,7656.0498046875,7656.10009765625,,1804.0,0.0,0.0,2023-07-26
641,2023-07-26 13:42:00+05:30,7657.10009765625,7660.5498046875,7657.0498046875,7659.89990234375,,584.0,0.0,0.0,2023-07-26
642,2023-07-26 13:43:00+05:30,7659.2001953125,7662.4501953125,7658.35009765625,7658.60009765625,,963.0,0.0,0.0,2023-07-26
643,2023-07-26 13:44:00+05:30,7658.64990234375,7661.7998046875,7658.64990234375,7660.14990234375,,1043.0,0.0,0.0,2023-07-26
644,2023-07-26 13:45:00+05:30,7660.2998046875,7662.60009765625,7660.25,7661.10009765625,,871.0,0.0,0.0,2023-07-26
645,2023-07-26 13:46:00+05:30,7661.10009765625,7663.9501953125,7661.0,7662.7001953125,,784.0,0.0,0.0,2023-07-26
646,2023-07-26 13:47:00+05:30,7661.60009765625,7663.9501953125,7661.0,7661.25,,708.0,0.0,0.0,2023-07-26
647,2023-07-26 13:48:00+05:30,7661.0498046875,7661.2998046875,7656.5498046875,7656.60009765625,,1932.0,0.0,0.0,2023-07-26
648,2023-07-26 13:49:00+05:30,7656.60009765625,7659.2998046875,7652.0,7652.75,,1882.0,0.0,0.0,2023-07-26
649,2023-07-26 13:50:00+05:30,7654.5498046875,7657.7998046875,7652.5498046875,7657.7998046875,,1778.0,0.0,0.0,2023-07-26
650,2023-07-26 13:51:00+05:30,7654.0,7663.0,7654.0,7663.0,,889.0,0.0,0.0,2023-07-26
651,2023-07-26 13:52:00+05:30,7663.0,7663.39990234375,7660.0,7661.85009765625,,853.0,0.0,0.0,2023-07-26
652,2023-07-26 13:53:00+05:30,7662.7998046875,7664.85009765625,7655.0498046875,7655.2001953125,,1314.0,0.0,0.0,2023-07-26
653,2023-07-26 13:54:00+05:30,7655.25,7658.89990234375,7653.0,7655.89990234375,,1130.0,0.0,0.0,2023-07-26
654,2023-07-26 13:55:00+05:30,7655.7998046875,7657.0498046875,7653.9501953125,7656.7998046875,,579.0,0.0,0.0,2023-07-26
655,2023-07-26 13:56:00+05:30,7655.25,7661.7998046875,7654.2001953125,7660.25,,757.0,0.0,0.0,2023-07-26
656,2023-07-26 13:57:00+05:30,7660.25,7662.60009765625,7658.7001953125,7662.5,,551.0,0.0,0.0,2023-07-26
657,2023-07-26 13:58:00+05:30,7662.5,7663.5498046875,7660.5,7661.39990234375,,678.0,0.0,0.0,2023-07-26
658,2023-07-26 13:59:00+05:30,7661.25,7663.4501953125,7660.2998046875,7661.10009765625,,698.0,0.0,0.0,2023-07-26
659,2023-07-26 14:00:00+05:30,7661.60009765625,7664.39990234375,7659.4501953125,7664.39990234375,,1103.0,0.0,0.0,2023-07-26
660,2023-07-26 14:01:00+05:30,7663.4501953125,7665.5,7658.4501953125,7660.9501953125,,1933.0,0.0,0.0,2023-07-26
661,2023-07-26 14:02:00+05:30,7660.2001953125,7662.0,7656.0,7659.5,,1252.0,0.0,0.0,2023-07-26
662,2023-07-26 14:03:00+05:30,7659.5,7659.5,7654.5498046875,7657.64990234375,,1280.0,0.0,0.0,2023-07-26
663,2023-07-26 14:04:00+05:30,7657.64990234375,7658.64990234375,7655.0,7655.0,,1282.0,0.0,0.0,2023-07-26
664,2023-07-26 14:05:00+05:30,7655.0,7660.0,7655.0,7658.2998046875,,775.0,0.0,0.0,2023-07-26
665,2023-07-26 14:06:00+05:30,7658.0,7660.0,7651.10009765625,7654.60009765625,,3184.0,0.0,0.0,2023-07-26
666,2023-07-26 14:07:00+05:30,7654.25,7654.25,7644.39990234375,7646.0,,3017.0,0.0,0.0,2023-07-26
667,2023-07-26 14:08:00+05:30,7645.14990234375,7651.39990234375,7645.0,7651.10009765625,,1547.0,0.0,0.0,2023-07-26
668,2023-07-26 14:09:00+05:30,7648.14990234375,7651.2001953125,7645.0,7647.60009765625,,1913.0,0.0,0.0,2023-07-26
669,2023-07-26 14:10:00+05:30,7646.2001953125,7650.0,7640.0,7640.35009765625,,4145.0,0.0,0.0,2023-07-26
670,2023-07-26 14:11:00+05:30,7642.2001953125,7643.2998046875,7635.0,7636.9501953125,,3481.0,0.0,0.0,2023-07-26
671,2023-07-26 14:12:00+05:30,7636.35009765625,7640.0,7632.60009765625,7639.25,,2977.0,0.0,0.0,2023-07-26
672,2023-07-26 14:13:00+05:30,7639.25,7647.39990234375,7638.14990234375,7643.85009765625,,2336.0,0.0,0.0,2023-07-26
673,2023-07-26 14:14:00+05:30,7640.35009765625,7645.0,7639.85009765625,7642.5498046875,,1444.0,0.0,0.0,2023-07-26
674,2023-07-26 14:15:00+05:30,7642.5,7647.0,7640.0,7645.25,,2358.0,0.0,0.0,2023-07-26
675,2023-07-26 14:16:00+05:30,7646.85009765625,7646.85009765625,7640.2998046875,7643.2001953125,,1981.0,0.0,0.0,2023-07-26
676,2023-07-26 14:17:00+05:30,7644.64990234375,7647.5498046875,7641.0,7647.5498046875,,1766.0,0.0,0.0,2023-07-26
677,2023-07-26 14:18:00+05:30,7647.0,7647.10009765625,7641.2001953125,7647.0,,1497.0,0.0,0.0,2023-07-26
678,2023-07-26 14:19:00+05:30,7647.0,7648.0,7644.0498046875,7646.10009765625,,770.0,0.0,0.0,2023-07-26
679,2023-07-26 14:20:00+05:30,7646.10009765625,7651.0498046875,7644.25,7649.10009765625,,1569.0,0.0,0.0,2023-07-26
680,2023-07-26 14:21:00+05:30,7649.10009765625,7654.85009765625,7647.89990234375,7652.2001953125,,627.0,0.0,0.0,2023-07-26
681,2023-07-26 14:22:00+05:30,7653.0,7653.0,7646.0,7649.9501953125,,1177.0,0.0,0.0,2023-07-26
682,2023-07-26 14:23:00+05:30,7650.0,7652.2001953125,7645.0,7647.85009765625,,1388.0,0.0,0.0,2023-07-26
683,2023-07-26 14:24:00+05:30,7649.0,7650.0,7646.39990234375,7648.5,,1060.0,0.0,0.0,2023-07-26
684,2023-07-26 14:25:00+05:30,7648.5,7649.7998046875,7642.2998046875,7649.60009765625,,1855.0,0.0,0.0,2023-07-26
685,2023-07-26 14:26:00+05:30,7649.64990234375,7649.7998046875,7645.0498046875,7649.5,,1205.0,0.0,0.0,2023-07-26
686,2023-07-26 14:27:00+05:30,7648.0,7664.0,7637.0498046875,7638.9501953125,,13059.0,0.0,0.0,2023-07-26
687,2023-07-26 14:28:00+05:30,7640.0,7701.0,7640.0,7689.39990234375,,45626.0,0.0,0.0,2023-07-26
688,2023-07-26 14:29:00+05:30,7685.2998046875,7727.2998046875,7683.14990234375,7726.39990234375,,60473.0,0.0,0.0,2023-07-26
689,2023-07-26 14:30:00+05:30,7726.39990234375,7732.2998046875,7696.10009765625,7704.75,,43961.0,0.0,0.0,2023-07-26
690,2023-07-26 14:31:00+05:30,7705.0,7715.0,7684.10009765625,7694.9501953125,,32053.0,0.0,0.0,2023-07-26
691,2023-07-26 14:32:00+05:30,7693.2001953125,7694.9501953125,7661.5,7674.85009765625,,24703.0,0.0,0.0,2023-07-26
692,2023-07-26 14:33:00+05:30,7674.5498046875,7679.7998046875,7654.85009765625,7659.0,,24145.0,0.0,0.0,2023-07-26
693,2023-07-26 14:34:00+05:30,7661.0,7680.2998046875,7660.0,7670.0,,17887.0,0.0,0.0,2023-07-26
694,2023-07-26 14:35:00+05:30,7668.10009765625,7673.89990234375,7661.0,7668.0,,8000.0,0.0,0.0,2023-07-26
695,2023-07-26 14:36:00+05:30,7665.60009765625,7670.5498046875,7641.14990234375,7642.35009765625,,28374.0,0.0,0.0,2023-07-26
696,2023-07-26 14:37:00+05:30,7644.60009765625,7645.0498046875,7592.25,7605.89990234375,,51284.0,0.0,0.0,2023-07-26
697,2023-07-26 14:38:00+05:30,7602.4501953125,7618.0,7590.25,7591.0,,30691.0,0.0,0.0,2023-07-26
698,2023-07-26 14:39:00+05:30,7587.0,7587.39990234375,7556.0498046875,7563.60009765625,,46384.0,0.0,0.0,2023-07-26
699,2023-07-26 14:40:00+05:30,7561.25,7561.25,7505.35009765625,7519.0,,52130.0,0.0,0.0,2023-07-26
700,2023-07-26 14:41:00+05:30,7516.5,7544.0,7515.0,7538.10009765625,,31185.0,0.0,0.0,2023-07-26
701,2023-07-26 14:42:00+05:30,7539.2998046875,7539.2998046875,7475.60009765625,7475.60009765625,,50553.0,0.0,0.0,2023-07-26
702,2023-07-26 14:43:00+05:30,7475.5,7526.0498046875,7475.5,7525.0,,40555.0,0.0,0.0,2023-07-26
703,2023-07-26 14:44:00+05:30,7525.0,7553.2998046875,7525.0,7552.7998046875,,36480.0,0.0,0.0,2023-07-26
704,2023-07-26 14:45:00+05:30,7553.89990234375,7553.89990234375,7510.10009765625,7511.14990234375,,30735.0,0.0,0.0,2023-07-26
705,2023-07-26 14:46:00+05:30,7513.2998046875,7530.89990234375,7512.60009765625,7517.25,,13730.0,0.0,0.0,2023-07-26
706,2023-07-26 14:47:00+05:30,7515.0,7515.0,7498.89990234375,7498.89990234375,,22671.0,0.0,0.0,2023-07-26
707,2023-07-26 14:48:00+05:30,7494.0498046875,7494.0498046875,7455.0,7473.85009765625,,44408.0,0.0,0.0,2023-07-26
708,2023-07-26 14:49:00+05:30,7476.0,7489.9501953125,7472.2001953125,7488.0,,18624.0,0.0,0.0,2023-07-26
709,2023-07-26 14:50:00+05:30,7487.9501953125,7488.0,7466.2001953125,7485.0,,12252.0,0.0,0.0,2023-07-26
710,2023-07-26 14:51:00+05:30,7485.0,7489.9501953125,7455.85009765625,7459.4501953125,,16207.0,0.0,0.0,2023-07-26
711,2023-07-26 14:52:00+05:30,7457.4501953125,7464.89990234375,7430.10009765625,7437.0,,31466.0,0.0,0.0,2023-07-26
712,2023-07-26 14:53:00+05:30,7437.39990234375,7451.2001953125,7435.2998046875,7439.9501953125,,24844.0,0.0,0.0,2023-07-26
713,2023-07-26 14:54:00+05:30,7435.0,7439.25,7390.7001953125,7393.14990234375,,64370.0,0.0,0.0,2023-07-26
714,2023-07-26 14:55:00+05:30,7394.64990234375,7400.0,7341.0498046875,7341.0498046875,,66665.0,0.0,0.0,2023-07-26
715,2023-07-26 14:56:00+05:30,7347.85009765625,7381.39990234375,7334.2001953125,7381.39990234375,,43150.0,0.0,0.0,2023-07-26
716,2023-07-26 14:57:00+05:30,7381.10009765625,7400.0,7366.0498046875,7397.7001953125,,35608.0,0.0,0.0,2023-07-26
717,2023-07-26 14:58:00+05:30,7394.0,7400.14990234375,7390.0498046875,7393.0,,31129.0,0.0,0.0,2023-07-26
718,2023-07-26 14:59:00+05:30,7386.14990234375,7415.0,7384.9501953125,7413.0,,38889.0,0.0,0.0,2023-07-26
719,2023-07-26 15:00:00+05:30,7414.0,7439.35009765625,7414.0,7439.35009765625,,34334.0,0.0,0.0,2023-07-26
720,2023-07-26 15:01:00+05:30,7436.14990234375,7462.0,7430.2001953125,7444.39990234375,,43372.0,0.0,0.0,2023-07-26
721,2023-07-26 15:02:00+05:30,7442.2998046875,7442.2998046875,7421.14990234375,7426.60009765625,,23737.0,0.0,0.0,2023-07-26
722,2023-07-26 15:03:00+05:30,7423.0,7444.0,7421.0,7444.0,,10743.0,0.0,0.0,2023-07-26
723,2023-07-26 15:04:00+05:30,7444.89990234375,7449.9501953125,7435.0,7435.0,,12530.0,0.0,0.0,2023-07-26
724,2023-07-26 15:05:00+05:30,7434.9501953125,7436.7998046875,7395.10009765625,7395.10009765625,,22293.0,0.0,0.0,2023-07-26
725,2023-07-26 15:06:00+05:30,7400.0,7418.85009765625,7393.0498046875,7409.5,,17536.0,0.0,0.0,2023-07-26
726,2023-07-26 15:07:00+05:30,7409.5,7409.5,7390.0,7390.10009765625,,13760.0,0.0,0.0,2023-07-26
727,2023-07-26 15:08:00+05:30,7392.0,7400.4501953125,7390.10009765625,7393.75,,12078.0,0.0,0.0,2023-07-26
728,2023-07-26 15:09:00+05:30,7390.2998046875,7391.60009765625,7370.0,7389.14990234375,,21506.0,0.0,0.0,2023-07-26
729,2023-07-26 15:10:00+05:30,7390.0,7406.9501953125,7386.0,7395.0,,17293.0,0.0,0.0,2023-07-26
730,2023-07-26 15:11:00+05:30,7394.7998046875,7400.0,7390.0,7399.85009765625,,9900.0,0.0,0.0,2023-07-26
731,2023-07-26 15:12:00+05:30,7398.7001953125,7423.9501953125,7395.0,7420.0,,14850.0,0.0,0.0,2023-07-26
732,2023-07-26 15:13:00+05:30,7420.0,7435.39990234375,7418.89990234375,7430.0,,19193.0,0.0,0.0,2023-07-26
733,2023-07-26 15:14:00+05:30,7430.89990234375,7440.0,7429.9501953125,7438.60009765625,,14521.0,0.0,0.0,2023-07-26
734,2023-07-26 15:15:00+05:30,7439.0,7444.0,7436.25,7440.89990234375,,22520.0,0.0,0.0,2023-07-26
735,2023-07-26 15:16:00+05:30,7440.0,7450.0,7436.5498046875,7450.0,,20768.0,0.0,0.0,2023-07-26
736,2023-07-26 15:17:00+05:30,7450.0,7454.60009765625,7441.35009765625,7441.35009765625,,17771.0,0.0,0.0,2023-07-26
737,2023-07-26 15:18:00+05:30,7444.9501953125,7444.9501953125,7436.14990234375,7438.14990234375,,20593.0,0.0,0.0,2023-07-26
738,2023-07-26 15:19:00+05:30,7438.10009765625,7451.5,7438.10009765625,7448.7998046875,,11520.0,0.0,0.0,2023-07-26
739,2023-07-26 15:20:00+05:30,7448.10009765625,7452.9501953125,7441.0498046875,7447.25,,21375.0,0.0,0.0,2023-07-26
740,2023-07-26 15:21:00+05:30,7447.7001953125,7452.64990234375,7447.0,7447.0,,10616.0,0.0,0.0,2023-07-26
741,2023-07-26 15:22:00+05:30,7447.5,7451.0,7447.0,7451.0,,12191.0,0.0,0.0,2023-07-26
742,2023-07-26 15:23:00+05:30,7452.0,7455.0,7450.0,7454.39990234375,,12209.0,0.0,0.0,2023-07-26
743,2023-07-26 15:24:00+05:30,7454.39990234375,7454.5498046875,7445.0,7448.9501953125,,12017.0,0.0,0.0,2023-07-26
744,2023-07-26 15:25:00+05:30,7448.9501953125,7456.0,7448.0,7455.2001953125,,7569.0,0.0,0.0,2023-07-26
745,2023-07-26 15:26:00+05:30,7455.35009765625,7461.89990234375,7455.25,7461.85009765625,,8802.0,0.0,0.0,2023-07-26
746,2023-07-26 15:27:00+05:30,7461.89990234375,7469.9501953125,7460.60009765625,7468.0,,9300.0,0.0,0.0,2023-07-26
747,2023-07-26 15:28:00+05:30,7470.0,7474.9501953125,7468.0498046875,7472.5498046875,,11397.0,0.0,0.0,2023-07-26
748,2023-07-26 15:29:00+05:30,7470.0,7475.0,7465.0498046875,7465.0498046875,,12049.0,0.0,0.0,2023-07-26
749,2023-07-27 09:15:00+05:30,7551.89990234375,7568.89990234375,7524.35009765625,7528.25,,0.0,0.0,0.0,2023-07-27
750,2023-07-27 09:16:00+05:30,7526.0,7553.75,7526.0,7527.0498046875,,41570.0,0.0,0.0,2023-07-27
751,2023-07-27 09:17:00+05:30,7526.0498046875,7545.0,7523.0498046875,7540.39990234375,,24121.0,0.0,0.0,2023-07-27
752,2023-07-27 09:18:00+05:30,7535.10009765625,7537.0498046875,7510.0,7510.0,,18042.0,0.0,0.0,2023-07-27
753,2023-07-27 09:19:00+05:30,7510.14990234375,7519.60009765625,7507.0498046875,7508.10009765625,,16894.0,0.0,0.0,2023-07-27
754,2023-07-27 09:20:00+05:30,7505.7001953125,7508.10009765625,7490.14990234375,7497.9501953125,,17121.0,0.0,0.0,2023-07-27
755,2023-07-27 09:21:00+05:30,7495.0,7498.2998046875,7479.2001953125,7479.2001953125,,17421.0,0.0,0.0,2023-07-27
756,2023-07-27 09:22:00+05:30,7480.39990234375,7507.39990234375,7475.7001953125,7504.0498046875,,11700.0,0.0,0.0,2023-07-27
757,2023-07-27 09:23:00+05:30,7504.35009765625,7504.35009765625,7487.64990234375,7491.7998046875,,7025.0,0.0,0.0,2023-07-27
758,2023-07-27 09:24:00+05:30,7495.25,7496.75,7483.2998046875,7490.14990234375,,11769.0,0.0,0.0,2023-07-27
759,2023-07-27 09:25:00+05:30,7492.39990234375,7494.4501953125,7481.5,7483.9501953125,,7331.0,0.0,0.0,2023-07-27
760,2023-07-27 09:26:00+05:30,7483.89990234375,7483.89990234375,7471.2998046875,7483.0,,13629.0,0.0,0.0,2023-07-27
761,2023-07-27 09:27:00+05:30,7483.0,7499.64990234375,7481.35009765625,7497.2001953125,,6107.0,0.0,0.0,2023-07-27
762,2023-07-27 09:28:00+05:30,7499.64990234375,7499.64990234375,7484.9501953125,7489.9501953125,,6107.0,0.0,0.0,2023-07-27
763,2023-07-27 09:29:00+05:30,7489.85009765625,7491.2001953125,7482.0,7482.4501953125,,4375.0,0.0,0.0,2023-07-27
764,2023-07-27 09:30:00+05:30,7483.85009765625,7495.4501953125,7483.85009765625,7495.0,,6856.0,0.0,0.0,2023-07-27
765,2023-07-27 09:31:00+05:30,7495.0,7497.35009765625,7493.0498046875,7496.0,,3029.0,0.0,0.0,2023-07-27
766,2023-07-27 09:32:00+05:30,7497.35009765625,7508.0,7495.89990234375,7505.2998046875,,7756.0,0.0,0.0,2023-07-27
767,2023-07-27 09:33:00+05:30,7506.75,7506.75,7494.10009765625,7496.64990234375,,5444.0,0.0,0.0,2023-07-27
768,2023-07-27 09:34:00+05:30,7496.35009765625,7496.35009765625,7483.0,7486.9501953125,,4734.0,0.0,0.0,2023-07-27
769,2023-07-27 09:35:00+05:30,7484.25,7486.39990234375,7475.35009765625,7476.0,,7167.0,0.0,0.0,2023-07-27
770,2023-07-27 09:36:00+05:30,7475.0498046875,7489.89990234375,7472.10009765625,7482.35009765625,,6440.0,0.0,0.0,2023-07-27
771,2023-07-27 09:37:00+05:30,7482.2998046875,7487.85009765625,7478.2001953125,7485.0,,3649.0,0.0,0.0,2023-07-27
772,2023-07-27 09:38:00+05:30,7484.35009765625,7497.14990234375,7482.0,7492.14990234375,,5650.0,0.0,0.0,2023-07-27
773,2023-07-27 09:39:00+05:30,7494.85009765625,7508.9501953125,7494.85009765625,7505.39990234375,,10577.0,0.0,0.0,2023-07-27
774,2023-07-27 09:40:00+05:30,7503.10009765625,7515.0,7502.60009765625,7508.14990234375,,14168.0,0.0,0.0,2023-07-27
775,2023-07-27 09:41:00+05:30,7509.7998046875,7510.0,7505.0,7506.10009765625,,5513.0,0.0,0.0,2023-07-27
776,2023-07-27 09:42:00+05:30,7510.0,7514.0498046875,7505.85009765625,7510.39990234375,,7221.0,0.0,0.0,2023-07-27
777,2023-07-27 09:43:00+05:30,7510.39990234375,7513.39990234375,7506.0,7510.0,,7224.0,0.0,0.0,2023-07-27
778,2023-07-27 09:44:00+05:30,7511.0,7515.0,7510.0,7515.0,,4143.0,0.0,0.0,2023-07-27
779,2023-07-27 09:45:00+05:30,7515.0,7515.0498046875,7508.14990234375,7511.75,,7489.0,0.0,0.0,2023-07-27
780,2023-07-27 09:46:00+05:30,7511.75,7519.4501953125,7511.5498046875,7514.0498046875,,11190.0,0.0,0.0,2023-07-27
781,2023-07-27 09:47:00+05:30,7514.0498046875,7515.0,7512.4501953125,7513.7998046875,,2553.0,0.0,0.0,2023-07-27
782,2023-07-27 09:48:00+05:30,7512.75,7516.7998046875,7506.0498046875,7506.14990234375,,6662.0,0.0,0.0,2023-07-27
783,2023-07-27 09:49:00+05:30,7507.7998046875,7513.9501953125,7501.2998046875,7511.9501953125,,5902.0,0.0,0.0,2023-07-27
784,2023-07-27 09:50:00+05:30,7511.0,7512.0,7508.25,7511.85009765625,,3742.0,0.0,0.0,2023-07-27
785,2023-07-27 09:51:00+05:30,7511.85009765625,7515.35009765625,7511.85009765625,7513.5498046875,,6392.0,0.0,0.0,2023-07-27
786,2023-07-27 09:52:00+05:30,7513.5498046875,7515.0,7511.0498046875,7513.0,,2646.0,0.0,0.0,2023-07-27
787,2023-07-27 09:53:00+05:30,7513.0,7516.64990234375,7510.0498046875,7511.2001953125,,6004.0,0.0,0.0,2023-07-27
788,2023-07-27 09:54:00+05:30,7511.0498046875,7515.0,7511.0,7512.60009765625,,2653.0,0.0,0.0,2023-07-27
789,2023-07-27 09:55:00+05:30,7511.60009765625,7518.0,7511.0498046875,7518.0,,4815.0,0.0,0.0,2023-07-27
790,2023-07-27 09:56:00+05:30,7518.0,7518.60009765625,7514.64990234375,7518.60009765625,,3103.0,0.0,0.0,2023-07-27
791,2023-07-27 09:57:00+05:30,7518.60009765625,7520.0498046875,7513.2001953125,7514.0498046875,,8806.0,0.0,0.0,2023-07-27
792,2023-07-27 09:58:00+05:30,7511.60009765625,7513.2001953125,7505.14990234375,7513.2001953125,,7565.0,0.0,0.0,2023-07-27
793,2023-07-27 09:59:00+05:30,7510.10009765625,7514.9501953125,7510.0498046875,7511.7998046875,,3907.0,0.0,0.0,2023-07-27
794,2023-07-27 10:00:00+05:30,7511.75,7511.7998046875,7508.2998046875,7508.75,,2227.0,0.0,0.0,2023-07-27
795,2023-07-27 10:01:00+05:30,7508.85009765625,7511.75,7508.10009765625,7508.10009765625,,1633.0,0.0,0.0,2023-07-27
796,2023-07-27 10:02:00+05:30,7508.0,7509.0,7500.0,7502.5498046875,,4473.0,0.0,0.0,2023-07-27
797,2023-07-27 10:03:00+05:30,7502.0,7509.39990234375,7495.0,7507.0,,5832.0,0.0,0.0,2023-07-27
798,2023-07-27 10:04:00+05:30,7509.0,7515.0,7507.2001953125,7512.0,,3058.0,0.0,0.0,2023-07-27
799,2023-07-27 10:05:00+05:30,7510.10009765625,7513.64990234375,7508.64990234375,7511.2001953125,,1803.0,0.0,0.0,2023-07-27
800,2023-07-27 10:06:00+05:30,7510.64990234375,7511.2001953125,7496.14990234375,7499.25,,2890.0,0.0,0.0,2023-07-27
801,2023-07-27 10:07:00+05:30,7499.14990234375,7499.25,7490.5,7492.2998046875,,4849.0,0.0,0.0,2023-07-27
802,2023-07-27 10:08:00+05:30,7492.35009765625,7495.9501953125,7489.0,7492.10009765625,,5602.0,0.0,0.0,2023-07-27
803,2023-07-27 10:09:00+05:30,7492.2001953125,7498.7001953125,7488.0,7489.5498046875,,5112.0,0.0,0.0,2023-07-27
804,2023-07-27 10:10:00+05:30,7489.89990234375,7489.89990234375,7476.89990234375,7478.5498046875,,7590.0,0.0,0.0,2023-07-27
805,2023-07-27 10:11:00+05:30,7478.7001953125,7485.4501953125,7478.7001953125,7479.0,,4870.0,0.0,0.0,2023-07-27
806,2023-07-27 10:12:00+05:30,7479.0,7490.0,7478.14990234375,7490.0,,3003.0,0.0,0.0,2023-07-27
807,2023-07-27 10:13:00+05:30,7489.25,7498.2998046875,7489.25,7491.0,,2047.0,0.0,0.0,2023-07-27
808,2023-07-27 10:14:00+05:30,7489.85009765625,7495.2001953125,7488.0498046875,7495.0498046875,,2183.0,0.0,0.0,2023-07-27
809,2023-07-27 10:15:00+05:30,7495.0,7498.0,7490.0,7490.0498046875,,3214.0,0.0,0.0,2023-07-27
810,2023-07-27 10:16:00+05:30,7490.0,7492.39990234375,7488.4501953125,7489.5,,1555.0,0.0,0.0,2023-07-27
811,2023-07-27 10:17:00+05:30,7488.0,7489.10009765625,7485.0,7487.0,,1270.0,0.0,0.0,2023-07-27
812,2023-07-27 10:18:00+05:30,7485.5,7487.0,7480.0,7480.0,,4048.0,0.0,0.0,2023-07-27
813,2023-07-27 10:19:00+05:30,7480.0,7485.2001953125,7477.0,7477.0,,3374.0,0.0,0.0,2023-07-27
814,2023-07-27 10:20:00+05:30,7478.0,7483.14990234375,7475.0,7482.0,,3223.0,0.0,0.0,2023-07-27
815,2023-07-27 10:21:00+05:30,7479.9501953125,7481.85009765625,7470.14990234375,7471.0,,8116.0,0.0,0.0,2023-07-27
816,2023-07-27 10:22:00+05:30,7472.0,7473.0,7458.4501953125,7460.35009765625,,13804.0,0.0,0.0,2023-07-27
817,2023-07-27 10:23:00+05:30,7460.35009765625,7463.35009765625,7450.0498046875,7452.0,,7127.0,0.0,0.0,2023-07-27
818,2023-07-27 10:24:00+05:30,7452.5,7463.39990234375,7450.0,7450.0498046875,,7929.0,0.0,0.0,2023-07-27
819,2023-07-27 10:25:00+05:30,7450.4501953125,7457.2001953125,7450.0498046875,7453.0498046875,,4271.0,0.0,0.0,2023-07-27
820,2023-07-27 10:26:00+05:30,7453.0498046875,7461.35009765625,7452.0,7459.5498046875,,6031.0,0.0,0.0,2023-07-27
821,2023-07-27 10:27:00+05:30,7459.60009765625,7469.89990234375,7459.60009765625,7468.75,,3495.0,0.0,0.0,2023-07-27
822,2023-07-27 10:28:00+05:30,7469.0,7469.9501953125,7465.0,7467.89990234375,,2117.0,0.0,0.0,2023-07-27
823,2023-07-27 10:29:00+05:30,7467.89990234375,7469.9501953125,7465.64990234375,7466.7998046875,,2585.0,0.0,0.0,2023-07-27
824,2023-07-27 10:30:00+05:30,7469.9501953125,7472.5,7467.0,7472.0,,2240.0,0.0,0.0,2023-07-27
825,2023-07-27 10:31:00+05:30,7472.0,7472.0,7461.4501953125,7467.35009765625,,4404.0,0.0,0.0,2023-07-27
826,2023-07-27 10:32:00+05:30,7467.5498046875,7467.60009765625,7462.10009765625,7463.4501953125,,1344.0,0.0,0.0,2023-07-27
827,2023-07-27 10:33:00+05:30,7462.7001953125,7462.7001953125,7455.5,7458.5498046875,,2653.0,0.0,0.0,2023-07-27
828,2023-07-27 10:34:00+05:30,7458.0,7465.35009765625,7458.0,7465.2001953125,,1657.0,0.0,0.0,2023-07-27
829,2023-07-27 10:35:00+05:30,7465.2998046875,7465.35009765625,7460.0,7462.89990234375,,1407.0,0.0,0.0,2023-07-27
830,2023-07-27 10:36:00+05:30,7462.89990234375,7463.2998046875,7458.0,7459.14990234375,,1758.0,0.0,0.0,2023-07-27
831,2023-07-27 10:37:00+05:30,7459.10009765625,7459.14990234375,7455.64990234375,7456.0,,2713.0,0.0,0.0,2023-07-27
832,2023-07-27 10:38:00+05:30,7456.0,7462.39990234375,7456.0,7462.0,,2507.0,0.0,0.0,2023-07-27
833,2023-07-27 10:39:00+05:30,7460.2001953125,7470.39990234375,7460.2001953125,7470.39990234375,,2665.0,0.0,0.0,2023-07-27
834,2023-07-27 10:40:00+05:30,7469.14990234375,7472.0,7468.0,7471.14990234375,,1661.0,0.0,0.0,2023-07-27
835,2023-07-27 10:41:00+05:30,7471.2001953125,7477.5498046875,7471.2001953125,7476.7998046875,,3158.0,0.0,0.0,2023-07-27
836,2023-07-27 10:42:00+05:30,7469.9501953125,7474.2001953125,7469.85009765625,7470.0,,5658.0,0.0,0.0,2023-07-27
837,2023-07-27 10:43:00+05:30,7464.89990234375,7465.2001953125,7462.2998046875,7462.35009765625,,2361.0,0.0,0.0,2023-07-27
838,2023-07-27 10:44:00+05:30,7462.35009765625,7468.7998046875,7462.2001953125,7468.7998046875,,2142.0,0.0,0.0,2023-07-27
839,2023-07-27 10:45:00+05:30,7468.7998046875,7468.7998046875,7464.7001953125,7468.35009765625,,1276.0,0.0,0.0,2023-07-27
840,2023-07-27 10:46:00+05:30,7465.89990234375,7468.35009765625,7465.7001953125,7466.5,,900.0,0.0,0.0,2023-07-27
841,2023-07-27 10:47:00+05:30,7467.10009765625,7467.10009765625,7462.14990234375,7463.60009765625,,1700.0,0.0,0.0,2023-07-27
842,2023-07-27 10:48:00+05:30,7462.14990234375,7467.10009765625,7460.0,7461.60009765625,,2669.0,0.0,0.0,2023-07-27
843,2023-07-27 10:49:00+05:30,7461.60009765625,7461.7001953125,7460.0,7461.0,,1060.0,0.0,0.0,2023-07-27
844,2023-07-27 10:50:00+05:30,7461.0,7467.5,7460.85009765625,7465.14990234375,,1595.0,0.0,0.0,2023-07-27
845,2023-07-27 10:51:00+05:30,7464.75,7464.75,7460.35009765625,7461.0498046875,,1954.0,0.0,0.0,2023-07-27
846,2023-07-27 10:52:00+05:30,7461.10009765625,7464.75,7461.0,7464.75,,1606.0,0.0,0.0,2023-07-27
847,2023-07-27 10:53:00+05:30,7464.75,7465.0,7461.89990234375,7461.89990234375,,1233.0,0.0,0.0,2023-07-27
848,2023-07-27 10:54:00+05:30,7461.9501953125,7462.39990234375,7446.60009765625,7450.0,,17394.0,0.0,0.0,2023-07-27
849,2023-07-27 10:55:00+05:30,7450.0498046875,7464.9501953125,7450.0498046875,7464.64990234375,,3445.0,0.0,0.0,2023-07-27
850,2023-07-27 10:56:00+05:30,7462.39990234375,7464.0,7460.0,7462.5498046875,,1799.0,0.0,0.0,2023-07-27
851,2023-07-27 10:57:00+05:30,7462.60009765625,7462.9501953125,7455.5498046875,7457.5,,3345.0,0.0,0.0,2023-07-27
852,2023-07-27 10:58:00+05:30,7455.7001953125,7465.0,7455.7001953125,7464.64990234375,,2231.0,0.0,0.0,2023-07-27
853,2023-07-27 10:59:00+05:30,7464.64990234375,7465.39990234375,7456.14990234375,7456.14990234375,,1618.0,0.0,0.0,2023-07-27
854,2023-07-27 11:00:00+05:30,7458.5,7458.5,7455.0,7455.0,,2286.0,0.0,0.0,2023-07-27
855,2023-07-27 11:01:00+05:30,7455.0498046875,7457.89990234375,7454.0,7457.60009765625,,2739.0,0.0,0.0,2023-07-27
856,2023-07-27 11:02:00+05:30,7457.60009765625,7458.0,7444.89990234375,7450.10009765625,,10059.0,0.0,0.0,2023-07-27
857,2023-07-27 11:03:00+05:30,7450.2001953125,7455.9501953125,7449.0,7450.5498046875,,2626.0,0.0,0.0,2023-07-27
858,2023-07-27 11:04:00+05:30,7451.0,7454.7001953125,7446.2998046875,7449.0,,3087.0,0.0,0.0,2023-07-27
859,2023-07-27 11:05:00+05:30,7448.89990234375,7449.7998046875,7445.4501953125,7446.2998046875,,4008.0,0.0,0.0,2023-07-27
860,2023-07-27 11:06:00+05:30,7447.0498046875,7452.0,7445.0498046875,7449.25,,5704.0,0.0,0.0,2023-07-27
861,2023-07-27 11:07:00+05:30,7449.35009765625,7454.60009765625,7448.0,7450.64990234375,,3825.0,0.0,0.0,2023-07-27
862,2023-07-27 11:08:00+05:30,7450.64990234375,7451.5498046875,7447.4501953125,7448.2998046875,,1644.0,0.0,0.0,2023-07-27
863,2023-07-27 11:09:00+05:30,7447.9501953125,7451.2998046875,7445.7001953125,7448.0,,2852.0,0.0,0.0,2023-07-27
864,2023-07-27 11:10:00+05:30,7445.75,7448.4501953125,7444.0,7444.0,,4205.0,0.0,0.0,2023-07-27
865,2023-07-27 11:11:00+05:30,7444.0,7444.5498046875,7440.0,7442.2998046875,,6848.0,0.0,0.0,2023-07-27
866,2023-07-27 11:12:00+05:30,7442.2998046875,7447.9501953125,7441.0,7447.9501953125,,3796.0,0.0,0.0,2023-07-27
867,2023-07-27 11:13:00+05:30,7447.9501953125,7450.39990234375,7445.0,7446.60009765625,,3107.0,0.0,0.0,2023-07-27
868,2023-07-27 11:14:00+05:30,7446.85009765625,7447.0,7435.0,7439.0498046875,,7913.0,0.0,0.0,2023-07-27
869,2023-07-27 11:15:00+05:30,7437.64990234375,7441.14990234375,7435.0,7437.0,,3634.0,0.0,0.0,2023-07-27
870,2023-07-27 11:16:00+05:30,7437.0,7437.0,7427.0,7431.64990234375,,11444.0,0.0,0.0,2023-07-27
871,2023-07-27 11:17:00+05:30,7431.64990234375,7431.64990234375,7425.0,7425.5,,11568.0,0.0,0.0,2023-07-27
872,2023-07-27 11:18:00+05:30,7426.75,7430.0,7422.10009765625,7423.60009765625,,7534.0,0.0,0.0,2023-07-27
873,2023-07-27 11:19:00+05:30,7425.25,7434.75,7421.89990234375,7434.4501953125,,13670.0,0.0,0.0,2023-07-27
874,2023-07-27 11:20:00+05:30,7436.0,7445.5,7434.9501953125,7438.85009765625,,6150.0,0.0,0.0,2023-07-27
875,2023-07-27 11:21:00+05:30,7439.2998046875,7441.7998046875,7428.0,7429.5,,4594.0,0.0,0.0,2023-07-27
876,2023-07-27 11:22:00+05:30,7429.89990234375,7433.75,7425.0,7426.7001953125,,5506.0,0.0,0.0,2023-07-27
877,2023-07-27 11:23:00+05:30,7426.7001953125,7430.0,7422.75,7425.0498046875,,3668.0,0.0,0.0,2023-07-27
878,2023-07-27 11:24:00+05:30,7425.10009765625,7425.10009765625,7423.0,7425.0498046875,,2112.0,0.0,0.0,2023-07-27
879,2023-07-27 11:25:00+05:30,7424.9501953125,7429.25,7423.75,7428.64990234375,,1836.0,0.0,0.0,2023-07-27
880,2023-07-27 11:26:00+05:30,7428.64990234375,7430.0,7428.0,7430.0,,2414.0,0.0,0.0,2023-07-27
881,2023-07-27 11:27:00+05:30,7427.60009765625,7430.60009765625,7423.0,7423.2001953125,,5318.0,0.0,0.0,2023-07-27
882,2023-07-27 11:28:00+05:30,7423.2001953125,7425.7001953125,7423.0,7425.2998046875,,1793.0,0.0,0.0,2023-07-27
883,2023-07-27 11:29:00+05:30,7425.2998046875,7430.0,7420.0,7430.0,,8271.0,0.0,0.0,2023-07-27
884,2023-07-27 11:30:00+05:30,7430.0,7434.0,7427.4501953125,7433.0,,4014.0,0.0,0.0,2023-07-27
885,2023-07-27 11:31:00+05:30,7431.60009765625,7443.4501953125,7431.60009765625,7440.25,,5650.0,0.0,0.0,2023-07-27
886,2023-07-27 11:32:00+05:30,7440.4501953125,7442.39990234375,7430.9501953125,7430.9501953125,,3728.0,0.0,0.0,2023-07-27
887,2023-07-27 11:33:00+05:30,7429.14990234375,7430.89990234375,7425.0498046875,7426.5,,3723.0,0.0,0.0,2023-07-27
888,2023-07-27 11:34:00+05:30,7426.5,7428.14990234375,7421.4501953125,7422.75,,3117.0,0.0,0.0,2023-07-27
889,2023-07-27 11:35:00+05:30,7421.0,7425.0,7421.0,7421.5498046875,,2920.0,0.0,0.0,2023-07-27
890,2023-07-27 11:36:00+05:30,7423.10009765625,7425.0,7421.0,7422.0,,2556.0,0.0,0.0,2023-07-27
891,2023-07-27 11:37:00+05:30,7422.5498046875,7427.7998046875,7418.75,7422.4501953125,,8483.0,0.0,0.0,2023-07-27
892,2023-07-27 11:38:00+05:30,7424.0,7425.14990234375,7421.0,7421.10009765625,,1110.0,0.0,0.0,2023-07-27
893,2023-07-27 11:39:00+05:30,7420.10009765625,7423.2001953125,7420.0,7421.0,,2344.0,0.0,0.0,2023-07-27
894,2023-07-27 11:40:00+05:30,7421.7998046875,7424.39990234375,7415.0,7416.0498046875,,7456.0,0.0,0.0,2023-07-27
895,2023-07-27 11:41:00+05:30,7416.10009765625,7424.9501953125,7416.10009765625,7418.0,,4141.0,0.0,0.0,2023-07-27
896,2023-07-27 11:42:00+05:30,7417.0,7421.85009765625,7413.0498046875,7413.14990234375,,7166.0,0.0,0.0,2023-07-27
897,2023-07-27 11:43:00+05:30,7413.0498046875,7420.2001953125,7405.9501953125,7415.64990234375,,27280.0,0.0,0.0,2023-07-27
898,2023-07-27 11:44:00+05:30,7415.64990234375,7415.64990234375,7407.2998046875,7412.10009765625,,6578.0,0.0,0.0,2023-07-27
899,2023-07-27 11:45:00+05:30,7411.0,7413.0498046875,7411.0,7413.0498046875,,2288.0,0.0,0.0,2023-07-27
900,2023-07-27 11:46:00+05:30,7413.0498046875,7415.9501953125,7410.0,7412.35009765625,,2153.0,0.0,0.0,2023-07-27
901,2023-07-27 11:47:00+05:30,7412.0,7416.0,7412.0,7416.0,,2079.0,0.0,0.0,2023-07-27
902,2023-07-27 11:48:00+05:30,7415.39990234375,7416.89990234375,7408.0,7409.25,,3919.0,0.0,0.0,2023-07-27
903,2023-07-27 11:49:00+05:30,7409.25,7410.0,7405.0,7408.0,,8711.0,0.0,0.0,2023-07-27
904,2023-07-27 11:50:00+05:30,7409.0,7411.89990234375,7406.14990234375,7411.0,,5777.0,0.0,0.0,2023-07-27
905,2023-07-27 11:51:00+05:30,7411.39990234375,7411.39990234375,7407.0,7407.5,,1975.0,0.0,0.0,2023-07-27
906,2023-07-27 11:52:00+05:30,7409.85009765625,7410.10009765625,7408.0,7410.10009765625,,1373.0,0.0,0.0,2023-07-27
907,2023-07-27 11:53:00+05:30,7406.25,7408.64990234375,7405.0,7408.64990234375,,5907.0,0.0,0.0,2023-07-27
908,2023-07-27 11:54:00+05:30,7408.64990234375,7422.14990234375,7406.0,7421.75,,9377.0,0.0,0.0,2023-07-27
909,2023-07-27 11:55:00+05:30,7421.35009765625,7438.35009765625,7418.39990234375,7438.35009765625,,18307.0,0.0,0.0,2023-07-27
910,2023-07-27 11:56:00+05:30,7436.75,7436.75,7427.7001953125,7436.0,,12731.0,0.0,0.0,2023-07-27
911,2023-07-27 11:57:00+05:30,7436.0,7436.7998046875,7428.5,7430.4501953125,,2852.0,0.0,0.0,2023-07-27
912,2023-07-27 11:58:00+05:30,7430.5,7433.0,7428.5498046875,7433.0,,1801.0,0.0,0.0,2023-07-27
913,2023-07-27 11:59:00+05:30,7433.0,7437.10009765625,7430.0,7436.0498046875,,4169.0,0.0,0.0,2023-07-27
914,2023-07-27 12:00:00+05:30,7437.39990234375,7450.0,7437.39990234375,7449.39990234375,,14862.0,0.0,0.0,2023-07-27
915,2023-07-27 12:01:00+05:30,7450.0498046875,7450.0498046875,7445.4501953125,7446.10009765625,,4919.0,0.0,0.0,2023-07-27
916,2023-07-27 12:02:00+05:30,7448.0,7454.9501953125,7444.39990234375,7451.0,,5800.0,0.0,0.0,2023-07-27
917,2023-07-27 12:03:00+05:30,7450.5498046875,7451.60009765625,7436.64990234375,7438.10009765625,,3288.0,0.0,0.0,2023-07-27
918,2023-07-27 12:04:00+05:30,7438.10009765625,7438.10009765625,7427.2001953125,7429.0,,3940.0,0.0,0.0,2023-07-27
919,2023-07-27 12:05:00+05:30,7428.89990234375,7435.2998046875,7425.0,7425.0498046875,,3486.0,0.0,0.0,2023-07-27
920,2023-07-27 12:06:00+05:30,7425.0498046875,7428.0,7425.0498046875,7426.85009765625,,1287.0,0.0,0.0,2023-07-27
921,2023-07-27 12:07:00+05:30,7426.85009765625,7427.9501953125,7424.7001953125,7425.75,,2658.0,0.0,0.0,2023-07-27
922,2023-07-27 12:08:00+05:30,7426.9501953125,7429.39990234375,7425.14990234375,7427.2998046875,,2210.0,0.0,0.0,2023-07-27
923,2023-07-27 12:09:00+05:30,7429.39990234375,7432.5498046875,7427.0,7429.7998046875,,2113.0,0.0,0.0,2023-07-27
924,2023-07-27 12:10:00+05:30,7427.0,7428.9501953125,7421.10009765625,7423.64990234375,,2175.0,0.0,0.0,2023-07-27
925,2023-07-27 12:11:00+05:30,7423.9501953125,7424.35009765625,7423.89990234375,7423.89990234375,,378.0,0.0,0.0,2023-07-27
926,2023-07-27 12:12:00+05:30,7421.5,7424.7998046875,7419.2998046875,7422.0,,5212.0,0.0,0.0,2023-07-27
927,2023-07-27 12:13:00+05:30,7422.5,7433.64990234375,7420.5498046875,7428.0498046875,,5206.0,0.0,0.0,2023-07-27
928,2023-07-27 12:14:00+05:30,7426.0498046875,7428.5498046875,7420.85009765625,7423.0498046875,,2063.0,0.0,0.0,2023-07-27
929,2023-07-27 12:15:00+05:30,7423.0,7423.60009765625,7419.5,7420.0,,2335.0,0.0,0.0,2023-07-27
930,2023-07-27 12:16:00+05:30,7418.35009765625,7419.10009765625,7413.0,7416.2001953125,,4421.0,0.0,0.0,2023-07-27
931,2023-07-27 12:17:00+05:30,7416.0498046875,7430.0,7416.0,7427.2001953125,,3310.0,0.0,0.0,2023-07-27
932,2023-07-27 12:18:00+05:30,7427.2001953125,7428.35009765625,7421.0,7423.89990234375,,1636.0,0.0,0.0,2023-07-27
933,2023-07-27 12:19:00+05:30,7422.0,7423.5498046875,7417.10009765625,7419.35009765625,,1437.0,0.0,0.0,2023-07-27
934,2023-07-27 12:20:00+05:30,7418.2001953125,7419.35009765625,7416.14990234375,7418.7001953125,,1311.0,0.0,0.0,2023-07-27
935,2023-07-27 12:21:00+05:30,7418.7001953125,7426.7001953125,7416.0,7422.0,,3873.0,0.0,0.0,2023-07-27
936,2023-07-27 12:22:00+05:30,7421.85009765625,7423.85009765625,7420.5,7423.85009765625,,1166.0,0.0,0.0,2023-07-27
937,2023-07-27 12:23:00+05:30,7421.0498046875,7426.5,7420.5,7421.5,,1325.0,0.0,0.0,2023-07-27
938,2023-07-27 12:24:00+05:30,7421.5,7421.89990234375,7416.7998046875,7419.5,,1473.0,0.0,0.0,2023-07-27
939,2023-07-27 12:25:00+05:30,7420.35009765625,7420.7001953125,7413.2001953125,7413.60009765625,,2101.0,0.0,0.0,2023-07-27
940,2023-07-27 12:26:00+05:30,7413.60009765625,7418.10009765625,7411.14990234375,7414.14990234375,,3280.0,0.0,0.0,2023-07-27
941,2023-07-27 12:27:00+05:30,7414.10009765625,7416.4501953125,7410.0,7413.35009765625,,3057.0,0.0,0.0,2023-07-27
942,2023-07-27 12:28:00+05:30,7413.0,7419.89990234375,7413.0,7418.85009765625,,1904.0,0.0,0.0,2023-07-27
943,2023-07-27 12:29:00+05:30,7416.64990234375,7421.4501953125,7415.14990234375,7417.64990234375,,1763.0,0.0,0.0,2023-07-27
944,2023-07-27 12:30:00+05:30,7419.89990234375,7419.9501953125,7415.0498046875,7416.0498046875,,1655.0,0.0,0.0,2023-07-27
945,2023-07-27 12:31:00+05:30,7416.10009765625,7416.10009765625,7415.0,7415.0,,897.0,0.0,0.0,2023-07-27
946,2023-07-27 12:33:00+05:30,7416.5,7416.85009765625,7413.35009765625,7414.5,,4110.0,0.0,0.0,2023-07-27
947,2023-07-27 12:34:00+05:30,7414.5,7414.5,7411.0498046875,7411.10009765625,,2141.0,0.0,0.0,2023-07-27
948,2023-07-27 12:35:00+05:30,7411.75,7413.35009765625,7407.10009765625,7408.60009765625,,5766.0,0.0,0.0,2023-07-27
949,2023-07-27 12:36:00+05:30,7408.60009765625,7417.0,7408.60009765625,7414.60009765625,,1903.0,0.0,0.0,2023-07-27
950,2023-07-27 12:37:00+05:30,7414.60009765625,7417.0,7412.85009765625,7415.75,,1256.0,0.0,0.0,2023-07-27
951,2023-07-27 12:38:00+05:30,7415.4501953125,7417.0,7415.2001953125,7417.0,,1148.0,0.0,0.0,2023-07-27
952,2023-07-27 12:39:00+05:30,7417.0,7417.0,7414.5,7415.25,,1595.0,0.0,0.0,2023-07-27
953,2023-07-27 12:40:00+05:30,7415.25,7416.9501953125,7410.0,7414.5498046875,,2386.0,0.0,0.0,2023-07-27
954,2023-07-27 12:41:00+05:30,7414.5498046875,7414.5498046875,7410.0,7412.5498046875,,784.0,0.0,0.0,2023-07-27
955,2023-07-27 12:42:00+05:30,7412.5498046875,7412.5498046875,7410.0,7412.2001953125,,797.0,0.0,0.0,2023-07-27
956,2023-07-27 12:43:00+05:30,7412.2001953125,7412.2001953125,7410.0,7410.0,,1076.0,0.0,0.0,2023-07-27
957,2023-07-27 12:44:00+05:30,7410.0,7412.5498046875,7410.0,7410.89990234375,,1163.0,0.0,0.0,2023-07-27
958,2023-07-27 12:45:00+05:30,7410.89990234375,7410.89990234375,7408.0,7409.0,,4752.0,0.0,0.0,2023-07-27
959,2023-07-27 12:46:00+05:30,7408.60009765625,7417.0,7408.0,7417.0,,3017.0,0.0,0.0,2023-07-27
960,2023-07-27 12:47:00+05:30,7417.0,7425.0,7416.25,7420.64990234375,,2739.0,0.0,0.0,2023-07-27
961,2023-07-27 12:48:00+05:30,7420.64990234375,7423.75,7419.89990234375,7420.5498046875,,418.0,0.0,0.0,2023-07-27
962,2023-07-27 12:49:00+05:30,7416.0,7422.75,7414.5,7421.5,,1930.0,0.0,0.0,2023-07-27
963,2023-07-27 12:50:00+05:30,7421.4501953125,7421.4501953125,7416.0,7416.85009765625,,984.0,0.0,0.0,2023-07-27
964,2023-07-27 12:51:00+05:30,7416.85009765625,7421.7998046875,7415.0,7416.85009765625,,963.0,0.0,0.0,2023-07-27
965,2023-07-27 12:52:00+05:30,7415.89990234375,7417.10009765625,7412.2998046875,7414.25,,1363.0,0.0,0.0,2023-07-27
966,2023-07-27 12:53:00+05:30,7414.25,7421.39990234375,7412.2001953125,7415.0,,1890.0,0.0,0.0,2023-07-27
967,2023-07-27 12:54:00+05:30,7414.0,7417.7001953125,7411.0,7411.89990234375,,1192.0,0.0,0.0,2023-07-27
968,2023-07-27 12:55:00+05:30,7411.89990234375,7417.89990234375,7411.89990234375,7415.0498046875,,1244.0,0.0,0.0,2023-07-27
969,2023-07-27 12:56:00+05:30,7415.0498046875,7415.5498046875,7410.0,7410.0,,1455.0,0.0,0.0,2023-07-27
970,2023-07-27 12:57:00+05:30,7410.14990234375,7415.5498046875,7410.0,7414.5498046875,,2630.0,0.0,0.0,2023-07-27
971,2023-07-27 12:58:00+05:30,7415.2001953125,7415.2001953125,7414.0,7414.7001953125,,1659.0,0.0,0.0,2023-07-27
972,2023-07-27 12:59:00+05:30,7413.60009765625,7413.60009765625,7410.4501953125,7410.4501953125,,2372.0,0.0,0.0,2023-07-27
973,2023-07-27 13:00:00+05:30,7411.0,7413.25,7410.85009765625,7411.4501953125,,987.0,0.0,0.0,2023-07-27
974,2023-07-27 13:01:00+05:30,7411.4501953125,7412.0,7411.0,7412.0,,802.0,0.0,0.0,2023-07-27
975,2023-07-27 13:02:00+05:30,7411.5,7411.89990234375,7406.0,7406.0,,5424.0,0.0,0.0,2023-07-27
976,2023-07-27 13:03:00+05:30,7405.85009765625,7410.5,7405.0,7408.14990234375,,8405.0,0.0,0.0,2023-07-27
977,2023-07-27 13:04:00+05:30,7408.14990234375,7411.39990234375,7407.2998046875,7407.85009765625,,987.0,0.0,0.0,2023-07-27
978,2023-07-27 13:05:00+05:30,7407.85009765625,7418.85009765625,7407.5,7417.0498046875,,2973.0,0.0,0.0,2023-07-27
979,2023-07-27 13:06:00+05:30,7415.2001953125,7418.0,7415.2001953125,7417.0,,1491.0,0.0,0.0,2023-07-27
980,2023-07-27 13:07:00+05:30,7417.0,7420.0,7416.0,7420.0,,2539.0,0.0,0.0,2023-07-27
981,2023-07-27 13:08:00+05:30,7421.7998046875,7422.0,7420.0,7420.0498046875,,1411.0,0.0,0.0,2023-07-27
982,2023-07-27 13:09:00+05:30,7420.2998046875,7425.0,7420.0,7421.0,,1860.0,0.0,0.0,2023-07-27
983,2023-07-27 13:10:00+05:30,7421.0,7424.4501953125,7420.0,7424.14990234375,,1428.0,0.0,0.0,2023-07-27
984,2023-07-27 13:11:00+05:30,7421.39990234375,7422.7998046875,7420.0,7420.5,,927.0,0.0,0.0,2023-07-27
985,2023-07-27 13:12:00+05:30,7421.10009765625,7423.10009765625,7421.0,7422.39990234375,,2221.0,0.0,0.0,2023-07-27
986,2023-07-27 13:13:00+05:30,7421.0,7422.89990234375,7420.35009765625,7422.64990234375,,617.0,0.0,0.0,2023-07-27
987,2023-07-27 13:14:00+05:30,7422.14990234375,7424.14990234375,7420.0,7424.14990234375,,1448.0,0.0,0.0,2023-07-27
988,2023-07-27 13:15:00+05:30,7424.10009765625,7430.0,7422.25,7429.9501953125,,6463.0,0.0,0.0,2023-07-27
989,2023-07-27 13:16:00+05:30,7428.10009765625,7429.2998046875,7425.0,7427.9501953125,,1801.0,0.0,0.0,2023-07-27
990,2023-07-27 13:17:00+05:30,7426.4501953125,7429.89990234375,7423.25,7423.25,,2924.0,0.0,0.0,2023-07-27
991,2023-07-27 13:18:00+05:30,7424.89990234375,7428.9501953125,7422.0,7423.0,,1065.0,0.0,0.0,2023-07-27
992,2023-07-27 13:19:00+05:30,7423.39990234375,7425.39990234375,7422.0498046875,7424.2998046875,,2394.0,0.0,0.0,2023-07-27
993,2023-07-27 13:20:00+05:30,7423.89990234375,7428.2001953125,7423.75,7426.64990234375,,1504.0,0.0,0.0,2023-07-27
994,2023-07-27 13:21:00+05:30,7426.64990234375,7430.0,7425.39990234375,7429.5498046875,,2714.0,0.0,0.0,2023-07-27
995,2023-07-27 13:22:00+05:30,7429.5498046875,7429.75,7425.0,7426.60009765625,,894.0,0.0,0.0,2023-07-27
996,2023-07-27 13:23:00+05:30,7425.10009765625,7426.60009765625,7420.10009765625,7420.14990234375,,2434.0,0.0,0.0,2023-07-27
997,2023-07-27 13:24:00+05:30,7421.0,7423.9501953125,7416.5498046875,7422.10009765625,,2642.0,0.0,0.0,2023-07-27
998,2023-07-27 13:25:00+05:30,7422.10009765625,7422.10009765625,7419.0,7420.0,,2373.0,0.0,0.0,2023-07-27
999,2023-07-27 13:26:00+05:30,7420.0,7420.0,7416.7998046875,7419.60009765625,,1600.0,0.0,0.0,2023-07-27
1000,2023-07-27 13:27:00+05:30,7416.9501953125,7420.0,7416.60009765625,7420.0,,1577.0,0.0,0.0,2023-07-27
1001,2023-07-27 13:28:00+05:30,7417.0,7420.0,7416.7001953125,7419.9501953125,,2075.0,0.0,0.0,2023-07-27
1002,2023-07-27 13:29:00+05:30,7419.9501953125,7420.0,7417.0,7419.7998046875,,1338.0,0.0,0.0,2023-07-27
1003,2023-07-27 13:30:00+05:30,7419.75,7426.2001953125,7417.10009765625,7420.25,,2356.0,0.0,0.0,2023-07-27
1004,2023-07-27 13:31:00+05:30,7420.0,7420.2001953125,7416.0,7419.25,,2193.0,0.0,0.0,2023-07-27
1005,2023-07-27 13:32:00+05:30,7419.64990234375,7421.89990234375,7417.25,7420.0,,4011.0,0.0,0.0,2023-07-27
1006,2023-07-27 13:33:00+05:30,7420.0,7420.10009765625,7415.75,7416.0498046875,,2724.0,0.0,0.0,2023-07-27
1007,2023-07-27 13:34:00+05:30,7415.0,7418.89990234375,7412.0,7412.0,,1677.0,0.0,0.0,2023-07-27
1008,2023-07-27 13:35:00+05:30,7412.0,7414.85009765625,7410.9501953125,7411.64990234375,,1676.0,0.0,0.0,2023-07-27
1009,2023-07-27 13:36:00+05:30,7411.85009765625,7420.0,7411.85009765625,7418.35009765625,,1372.0,0.0,0.0,2023-07-27
1010,2023-07-27 13:37:00+05:30,7417.4501953125,7418.35009765625,7413.0498046875,7415.0,,1372.0,0.0,0.0,2023-07-27
1011,2023-07-27 13:38:00+05:30,7415.0,7415.0,7408.0,7410.25,,2658.0,0.0,0.0,2023-07-27
1012,2023-07-27 13:39:00+05:30,7410.25,7410.25,7406.0,7406.4501953125,,3903.0,0.0,0.0,2023-07-27
1013,2023-07-27 13:40:00+05:30,7406.4501953125,7410.35009765625,7406.0,7407.0,,5054.0,0.0,0.0,2023-07-27
1014,2023-07-27 13:41:00+05:30,7407.0,7410.39990234375,7406.0498046875,7407.10009765625,,2518.0,0.0,0.0,2023-07-27
1015,2023-07-27 13:42:00+05:30,7410.2998046875,7411.2998046875,7407.0,7411.2998046875,,2012.0,0.0,0.0,2023-07-27
1016,2023-07-27 13:43:00+05:30,7407.89990234375,7414.0,7407.89990234375,7413.0,,2191.0,0.0,0.0,2023-07-27
1017,2023-07-27 13:44:00+05:30,7411.89990234375,7413.60009765625,7411.10009765625,7411.2998046875,,654.0,0.0,0.0,2023-07-27
1018,2023-07-27 13:45:00+05:30,7412.10009765625,7414.75,7411.10009765625,7412.75,,2843.0,0.0,0.0,2023-07-27
1019,2023-07-27 13:46:00+05:30,7412.2001953125,7413.60009765625,7411.5,7413.4501953125,,1723.0,0.0,0.0,2023-07-27
1020,2023-07-27 13:47:00+05:30,7411.0,7413.4501953125,7410.0,7410.5,,3100.0,0.0,0.0,2023-07-27
1021,2023-07-27 13:48:00+05:30,7410.5,7413.60009765625,7410.0,7413.60009765625,,2903.0,0.0,0.0,2023-07-27
1022,2023-07-27 13:49:00+05:30,7414.85009765625,7414.85009765625,7406.0,7406.0,,2978.0,0.0,0.0,2023-07-27
1023,2023-07-27 13:50:00+05:30,7406.0,7407.25,7405.0,7406.0,,6418.0,0.0,0.0,2023-07-27
1024,2023-07-27 13:51:00+05:30,7405.0,7405.75,7405.0,7405.0,,5445.0,0.0,0.0,2023-07-27
1025,2023-07-27 13:52:00+05:30,7405.25,7405.2998046875,7394.2001953125,7394.25,,14889.0,0.0,0.0,2023-07-27
1026,2023-07-27 13:53:00+05:30,7394.64990234375,7399.85009765625,7394.2998046875,7396.25,,3436.0,0.0,0.0,2023-07-27
1027,2023-07-27 13:54:00+05:30,7396.2001953125,7396.7998046875,7385.2001953125,7389.2998046875,,4527.0,0.0,0.0,2023-07-27
1028,2023-07-27 13:55:00+05:30,7389.35009765625,7391.7998046875,7385.0498046875,7391.7998046875,,4412.0,0.0,0.0,2023-07-27
1029,2023-07-27 13:56:00+05:30,7390.25,7398.0,7390.25,7397.7998046875,,2318.0,0.0,0.0,2023-07-27
1030,2023-07-27 13:57:00+05:30,7397.7998046875,7398.0,7393.39990234375,7395.4501953125,,2301.0,0.0,0.0,2023-07-27
1031,2023-07-27 13:58:00+05:30,7396.7001953125,7403.0,7396.0,7401.0,,2337.0,0.0,0.0,2023-07-27
1032,2023-07-27 13:59:00+05:30,7401.0,7401.0,7397.2998046875,7400.25,,2224.0,0.0,0.0,2023-07-27
1033,2023-07-27 14:00:00+05:30,7400.2001953125,7400.2001953125,7397.5,7397.5,,2122.0,0.0,0.0,2023-07-27
1034,2023-07-27 14:01:00+05:30,7397.5,7403.0,7397.5,7400.39990234375,,1999.0,0.0,0.0,2023-07-27
1035,2023-07-27 14:02:00+05:30,7400.10009765625,7403.10009765625,7400.0,7401.75,,2149.0,0.0,0.0,2023-07-27
1036,2023-07-27 14:03:00+05:30,7402.10009765625,7403.5,7399.0,7399.9501953125,,2168.0,0.0,0.0,2023-07-27
1037,2023-07-27 14:04:00+05:30,7403.2001953125,7403.2001953125,7395.4501953125,7396.5,,1037.0,0.0,0.0,2023-07-27
1038,2023-07-27 14:05:00+05:30,7395.4501953125,7404.2998046875,7394.0498046875,7403.10009765625,,3080.0,0.0,0.0,2023-07-27
1039,2023-07-27 14:06:00+05:30,7402.9501953125,7402.9501953125,7396.7001953125,7396.7001953125,,1659.0,0.0,0.0,2023-07-27
1040,2023-07-27 14:07:00+05:30,7396.64990234375,7399.35009765625,7394.0,7397.7001953125,,2253.0,0.0,0.0,2023-07-27
1041,2023-07-27 14:08:00+05:30,7397.5,7398.85009765625,7395.0,7398.7998046875,,1691.0,0.0,0.0,2023-07-27
1042,2023-07-27 14:09:00+05:30,7398.7998046875,7400.0,7396.0498046875,7398.0498046875,,1680.0,0.0,0.0,2023-07-27
1043,2023-07-27 14:10:00+05:30,7398.89990234375,7400.5,7396.25,7396.25,,1666.0,0.0,0.0,2023-07-27
1044,2023-07-27 14:11:00+05:30,7396.25,7403.0498046875,7396.25,7401.75,,2830.0,0.0,0.0,2023-07-27
1045,2023-07-27 14:12:00+05:30,7401.0,7404.0,7400.0,7402.2001953125,,1566.0,0.0,0.0,2023-07-27
1046,2023-07-27 14:13:00+05:30,7402.89990234375,7402.89990234375,7400.0,7400.35009765625,,1531.0,0.0,0.0,2023-07-27
1047,2023-07-27 14:14:00+05:30,7400.0,7400.39990234375,7396.60009765625,7397.39990234375,,3291.0,0.0,0.0,2023-07-27
1048,2023-07-27 14:15:00+05:30,7397.39990234375,7397.39990234375,7394.60009765625,7395.7001953125,,1331.0,0.0,0.0,2023-07-27
1049,2023-07-27 14:16:00+05:30,7395.7001953125,7395.7001953125,7390.4501953125,7390.7998046875,,2162.0,0.0,0.0,2023-07-27
1050,2023-07-27 14:17:00+05:30,7390.7998046875,7391.0498046875,7384.0,7384.85009765625,,6053.0,0.0,0.0,2023-07-27
1051,2023-07-27 14:18:00+05:30,7382.75,7386.9501953125,7381.0,7383.10009765625,,3784.0,0.0,0.0,2023-07-27
1052,2023-07-27 14:19:00+05:30,7384.0,7385.0,7374.75,7375.64990234375,,10266.0,0.0,0.0,2023-07-27
1053,2023-07-27 14:20:00+05:30,7375.85009765625,7375.85009765625,7370.2001953125,7371.0,,7229.0,0.0,0.0,2023-07-27
1054,2023-07-27 14:21:00+05:30,7371.0,7372.39990234375,7360.2998046875,7366.60009765625,,12018.0,0.0,0.0,2023-07-27
1055,2023-07-27 14:22:00+05:30,7365.0,7366.7998046875,7361.2001953125,7365.0,,6237.0,0.0,0.0,2023-07-27
1056,2023-07-27 14:23:00+05:30,7365.0,7365.39990234375,7361.2998046875,7361.35009765625,,3631.0,0.0,0.0,2023-07-27
1057,2023-07-27 14:24:00+05:30,7361.35009765625,7362.60009765625,7343.39990234375,7345.0,,15004.0,0.0,0.0,2023-07-27
1058,2023-07-27 14:25:00+05:30,7345.0,7346.85009765625,7334.10009765625,7336.7998046875,,12364.0,0.0,0.0,2023-07-27
1059,2023-07-27 14:26:00+05:30,7337.0,7341.7998046875,7334.14990234375,7339.25,,11274.0,0.0,0.0,2023-07-27
1060,2023-07-27 14:27:00+05:30,7341.35009765625,7343.5,7339.0,7342.0,,5494.0,0.0,0.0,2023-07-27
1061,2023-07-27 14:28:00+05:30,7341.9501953125,7342.0,7336.5498046875,7337.5498046875,,5566.0,0.0,0.0,2023-07-27
1062,2023-07-27 14:29:00+05:30,7338.0,7339.2998046875,7336.10009765625,7337.5,,2586.0,0.0,0.0,2023-07-27
1063,2023-07-27 14:30:00+05:30,7337.5,7341.14990234375,7332.0498046875,7333.35009765625,,6899.0,0.0,0.0,2023-07-27
1064,2023-07-27 14:31:00+05:30,7333.2998046875,7333.35009765625,7316.35009765625,7320.0498046875,,14667.0,0.0,0.0,2023-07-27
1065,2023-07-27 14:32:00+05:30,7320.0,7323.7001953125,7316.2001953125,7316.2001953125,,7921.0,0.0,0.0,2023-07-27
1066,2023-07-27 14:33:00+05:30,7316.9501953125,7318.85009765625,7306.39990234375,7314.89990234375,,13974.0,0.0,0.0,2023-07-27
1067,2023-07-27 14:34:00+05:30,7311.0498046875,7315.75,7310.10009765625,7312.0,,6882.0,0.0,0.0,2023-07-27
1068,2023-07-27 14:35:00+05:30,7313.0,7315.0,7307.0,7307.2001953125,,7005.0,0.0,0.0,2023-07-27
1069,2023-07-27 14:36:00+05:30,7307.0,7309.75,7300.35009765625,7306.35009765625,,9478.0,0.0,0.0,2023-07-27
1070,2023-07-27 14:37:00+05:30,7306.35009765625,7310.0,7302.25,7305.89990234375,,5799.0,0.0,0.0,2023-07-27
1071,2023-07-27 14:38:00+05:30,7305.9501953125,7308.0,7302.0,7303.0,,5666.0,0.0,0.0,2023-07-27
1072,2023-07-27 14:39:00+05:30,7302.0,7302.7998046875,7300.0,7301.7998046875,,7847.0,0.0,0.0,2023-07-27
1073,2023-07-27 14:40:00+05:30,7301.7998046875,7305.0,7300.5,7302.0,,5497.0,0.0,0.0,2023-07-27
1074,2023-07-27 14:41:00+05:30,7301.4501953125,7303.0,7287.39990234375,7287.9501953125,,10960.0,0.0,0.0,2023-07-27
1075,2023-07-27 14:42:00+05:30,7288.10009765625,7303.7998046875,7288.10009765625,7303.7998046875,,16398.0,0.0,0.0,2023-07-27
1076,2023-07-27 14:43:00+05:30,7300.10009765625,7306.75,7300.0,7306.75,,6121.0,0.0,0.0,2023-07-27
1077,2023-07-27 14:44:00+05:30,7305.0,7310.0,7305.0,7309.14990234375,,4029.0,0.0,0.0,2023-07-27
1078,2023-07-27 14:45:00+05:30,7310.25,7313.0,7308.0498046875,7312.39990234375,,5042.0,0.0,0.0,2023-07-27
1079,2023-07-27 14:46:00+05:30,7311.2998046875,7319.39990234375,7311.2998046875,7318.0498046875,,5945.0,0.0,0.0,2023-07-27
1080,2023-07-27 14:47:00+05:30,7316.0,7319.4501953125,7315.0,7316.0,,5871.0,0.0,0.0,2023-07-27
1081,2023-07-27 14:48:00+05:30,7316.0,7319.35009765625,7315.0,7317.39990234375,,4182.0,0.0,0.0,2023-07-27
1082,2023-07-27 14:49:00+05:30,7317.89990234375,7320.39990234375,7315.2998046875,7320.35009765625,,3619.0,0.0,0.0,2023-07-27
1083,2023-07-27 14:50:00+05:30,7319.9501953125,7323.7001953125,7319.0498046875,7320.7998046875,,3248.0,0.0,0.0,2023-07-27
1084,2023-07-27 14:51:00+05:30,7320.7998046875,7323.5,7315.4501953125,7315.75,,4468.0,0.0,0.0,2023-07-27
1085,2023-07-27 14:52:00+05:30,7315.75,7317.85009765625,7304.0498046875,7304.0498046875,,3403.0,0.0,0.0,2023-07-27
1086,2023-07-27 14:53:00+05:30,7304.0498046875,7306.25,7296.0,7297.64990234375,,8393.0,0.0,0.0,2023-07-27
1087,2023-07-27 14:54:00+05:30,7298.5,7298.5,7294.0,7294.0,,2466.0,0.0,0.0,2023-07-27
1088,2023-07-27 14:55:00+05:30,7292.0,7294.85009765625,7290.0498046875,7293.7001953125,,6705.0,0.0,0.0,2023-07-27
1089,2023-07-27 14:56:00+05:30,7293.7001953125,7293.85009765625,7281.5,7282.0,,23486.0,0.0,0.0,2023-07-27
1090,2023-07-27 14:57:00+05:30,7284.60009765625,7284.60009765625,7270.0,7271.0,,30088.0,0.0,0.0,2023-07-27
1091,2023-07-27 14:58:00+05:30,7271.85009765625,7275.0,7270.0,7274.0,,14160.0,0.0,0.0,2023-07-27
1092,2023-07-27 14:59:00+05:30,7274.4501953125,7276.7001953125,7272.60009765625,7276.2001953125,,12843.0,0.0,0.0,2023-07-27
1093,2023-07-27 15:00:00+05:30,7276.2001953125,7285.4501953125,7276.2001953125,7283.9501953125,,22217.0,0.0,0.0,2023-07-27
1094,2023-07-27 15:01:00+05:30,7284.0,7291.7001953125,7283.0,7289.10009765625,,11135.0,0.0,0.0,2023-07-27
1095,2023-07-27 15:02:00+05:30,7291.0,7296.89990234375,7288.14990234375,7290.0498046875,,13927.0,0.0,0.0,2023-07-27
1096,2023-07-27 15:03:00+05:30,7289.60009765625,7292.4501953125,7288.10009765625,7290.0498046875,,5892.0,0.0,0.0,2023-07-27
1097,2023-07-27 15:04:00+05:30,7289.14990234375,7289.5,7282.0,7284.9501953125,,13762.0,0.0,0.0,2023-07-27
1098,2023-07-27 15:05:00+05:30,7284.7998046875,7289.0,7284.35009765625,7289.0,,14265.0,0.0,0.0,2023-07-27
1099,2023-07-27 15:06:00+05:30,7287.60009765625,7291.0,7287.25,7290.9501953125,,9065.0,0.0,0.0,2023-07-27
1100,2023-07-27 15:07:00+05:30,7290.5,7290.5,7277.7001953125,7280.0,,19555.0,0.0,0.0,2023-07-27
1101,2023-07-27 15:08:00+05:30,7280.14990234375,7282.0,7278.25,7279.85009765625,,17350.0,0.0,0.0,2023-07-27
1102,2023-07-27 15:09:00+05:30,7282.0,7284.0,7279.0,7283.0498046875,,11445.0,0.0,0.0,2023-07-27
1103,2023-07-27 15:10:00+05:30,7283.0,7288.0,7281.9501953125,7285.10009765625,,22637.0,0.0,0.0,2023-07-27
1104,2023-07-27 15:11:00+05:30,7284.10009765625,7287.0,7282.35009765625,7283.10009765625,,13988.0,0.0,0.0,2023-07-27
1105,2023-07-27 15:12:00+05:30,7284.39990234375,7287.0,7282.39990234375,7285.39990234375,,9176.0,0.0,0.0,2023-07-27
1106,2023-07-27 15:13:00+05:30,7285.39990234375,7289.0,7284.2998046875,7287.9501953125,,9844.0,0.0,0.0,2023-07-27
1107,2023-07-27 15:14:00+05:30,7288.0,7289.0,7286.85009765625,7287.0,,12932.0,0.0,0.0,2023-07-27
1108,2023-07-27 15:15:00+05:30,7286.64990234375,7288.5,7283.14990234375,7288.0,,13544.0,0.0,0.0,2023-07-27
1109,2023-07-27 15:16:00+05:30,7287.60009765625,7287.89990234375,7283.0,7285.2001953125,,17615.0,0.0,0.0,2023-07-27
1110,2023-07-27 15:17:00+05:30,7286.0,7286.0,7281.0,7284.0,,22115.0,0.0,0.0,2023-07-27
1111,2023-07-27 15:18:00+05:30,7284.0,7284.0,7276.0,7281.64990234375,,18968.0,0.0,0.0,2023-07-27
1112,2023-07-27 15:19:00+05:30,7282.7001953125,7283.10009765625,7277.4501953125,7281.9501953125,,13372.0,0.0,0.0,2023-07-27
1113,2023-07-27 15:20:00+05:30,7283.0,7284.5498046875,7279.39990234375,7281.35009765625,,26149.0,0.0,0.0,2023-07-27
1114,2023-07-27 15:21:00+05:30,7281.4501953125,7284.0,7280.25,7283.0,,13385.0,0.0,0.0,2023-07-27
1115,2023-07-27 15:22:00+05:30,7282.9501953125,7283.0,7282.0,7283.0,,13129.0,0.0,0.0,2023-07-27
1116,2023-07-27 15:23:00+05:30,7283.0,7283.39990234375,7281.7998046875,7283.0,,14071.0,0.0,0.0,2023-07-27
1117,2023-07-27 15:24:00+05:30,7283.39990234375,7287.60009765625,7280.10009765625,7283.0,,21128.0,0.0,0.0,2023-07-27
1118,2023-07-27 15:25:00+05:30,7285.0,7288.5,7283.0,7285.0,,15550.0,0.0,0.0,2023-07-27
1119,2023-07-27 15:26:00+05:30,7284.0,7287.5498046875,7282.10009765625,7283.0,,14089.0,0.0,0.0,2023-07-27
1120,2023-07-27 15:27:00+05:30,7280.10009765625,7284.9501953125,7280.10009765625,7283.0,,12022.0,0.0,0.0,2023-07-27
1121,2023-07-27 15:28:00+05:30,7282.14990234375,7283.14990234375,7279.7998046875,7280.0,,15219.0,0.0,0.0,2023-07-27
1122,2023-07-27 15:29:00+05:30,7279.9501953125,7285.0,7277.0,7285.0,,10313.0,0.0,0.0,2023-07-27
1123,2023-07-28 09:15:00+05:30,7318.0,7318.0,7292.4501953125,7300.14990234375,,0.0,0.0,0.0,2023-07-28
1124,2023-07-28 09:16:00+05:30,7306.2001953125,7328.7998046875,7304.7998046875,7320.0,,19329.0,0.0,0.0,2023-07-28
1125,2023-07-28 09:17:00+05:30,7320.0,7326.7998046875,7313.89990234375,7324.60009765625,,8964.0,0.0,0.0,2023-07-28
1126,2023-07-28 09:18:00+05:30,7326.5,7334.39990234375,7314.85009765625,7334.39990234375,,6912.0,0.0,0.0,2023-07-28
1127,2023-07-28 09:19:00+05:30,7333.4501953125,7333.5,7323.10009765625,7333.2001953125,,9803.0,0.0,0.0,2023-07-28
1128,2023-07-28 09:20:00+05:30,7335.0,7335.0,7305.0,7305.0,,10107.0,0.0,0.0,2023-07-28
1129,2023-07-28 09:21:00+05:30,7305.14990234375,7309.85009765625,7284.10009765625,7285.0498046875,,11163.0,0.0,0.0,2023-07-28
1130,2023-07-28 09:22:00+05:30,7284.10009765625,7294.39990234375,7275.9501953125,7282.64990234375,,11872.0,0.0,0.0,2023-07-28
1131,2023-07-28 09:23:00+05:30,7279.0,7284.89990234375,7258.2001953125,7269.5498046875,,10806.0,0.0,0.0,2023-07-28
1132,2023-07-28 09:24:00+05:30,7265.39990234375,7275.0,7263.25,7273.0,,7177.0,0.0,0.0,2023-07-28
1133,2023-07-28 09:25:00+05:30,7272.5,7278.4501953125,7267.4501953125,7267.4501953125,,5352.0,0.0,0.0,2023-07-28
1134,2023-07-28 09:26:00+05:30,7270.0,7273.89990234375,7257.39990234375,7264.9501953125,,6322.0,0.0,0.0,2023-07-28
1135,2023-07-28 09:27:00+05:30,7262.4501953125,7266.0,7256.14990234375,7261.2001953125,,5775.0,0.0,0.0,2023-07-28
1136,2023-07-28 09:28:00+05:30,7264.35009765625,7278.0,7262.0,7263.7001953125,,4557.0,0.0,0.0,2023-07-28
1137,2023-07-28 09:29:00+05:30,7260.0,7264.89990234375,7253.0,7257.14990234375,,5853.0,0.0,0.0,2023-07-28
1138,2023-07-28 09:30:00+05:30,7252.5498046875,7261.39990234375,7248.60009765625,7260.35009765625,,9797.0,0.0,0.0,2023-07-28
1139,2023-07-28 09:31:00+05:30,7260.2998046875,7275.0,7260.2998046875,7274.0,,3440.0,0.0,0.0,2023-07-28
1140,2023-07-28 09:32:00+05:30,7274.5498046875,7285.0,7274.5498046875,7279.5,,7612.0,0.0,0.0,2023-07-28
1141,2023-07-28 09:33:00+05:30,7277.7001953125,7280.0,7260.14990234375,7261.7001953125,,6626.0,0.0,0.0,2023-07-28
1142,2023-07-28 09:34:00+05:30,7260.0,7266.4501953125,7257.25,7266.4501953125,,2185.0,0.0,0.0,2023-07-28
1143,2023-07-28 09:35:00+05:30,7266.4501953125,7272.25,7264.75,7269.7998046875,,2967.0,0.0,0.0,2023-07-28
1144,2023-07-28 09:36:00+05:30,7272.39990234375,7280.0,7269.4501953125,7273.7001953125,,2542.0,0.0,0.0,2023-07-28
1145,2023-07-28 09:37:00+05:30,7273.5498046875,7284.60009765625,7273.14990234375,7282.89990234375,,2641.0,0.0,0.0,2023-07-28
1146,2023-07-28 09:38:00+05:30,7280.2001953125,7281.7998046875,7274.60009765625,7280.85009765625,,2631.0,0.0,0.0,2023-07-28
1147,2023-07-28 09:39:00+05:30,7281.39990234375,7288.39990234375,7275.0,7287.89990234375,,7261.0,0.0,0.0,2023-07-28
1148,2023-07-28 09:40:00+05:30,7285.25,7285.64990234375,7278.75,7280.35009765625,,3003.0,0.0,0.0,2023-07-28
1149,2023-07-28 09:41:00+05:30,7281.5,7284.35009765625,7277.7998046875,7280.0,,2482.0,0.0,0.0,2023-07-28
1150,2023-07-28 09:42:00+05:30,7280.0,7290.0,7278.14990234375,7285.60009765625,,3227.0,0.0,0.0,2023-07-28
1151,2023-07-28 09:43:00+05:30,7284.0,7286.0,7279.0498046875,7280.0,,2166.0,0.0,0.0,2023-07-28
1152,2023-07-28 09:44:00+05:30,7282.0,7282.0,7275.4501953125,7278.5498046875,,1542.0,0.0,0.0,2023-07-28
1153,2023-07-28 09:45:00+05:30,7278.60009765625,7284.35009765625,7275.4501953125,7281.9501953125,,2023.0,0.0,0.0,2023-07-28
1154,2023-07-28 09:46:00+05:30,7282.9501953125,7283.85009765625,7275.0,7275.0,,1834.0,0.0,0.0,2023-07-28
1155,2023-07-28 09:47:00+05:30,7272.9501953125,7275.0,7256.2001953125,7259.4501953125,,4264.0,0.0,0.0,2023-07-28
1156,2023-07-28 09:48:00+05:30,7259.4501953125,7260.0,7246.10009765625,7253.75,,7794.0,0.0,0.0,2023-07-28
1157,2023-07-28 09:49:00+05:30,7256.0,7256.0,7241.89990234375,7246.35009765625,,7229.0,0.0,0.0,2023-07-28
1158,2023-07-28 09:50:00+05:30,7247.0,7263.25,7246.35009765625,7259.10009765625,,3686.0,0.0,0.0,2023-07-28
1159,2023-07-28 09:51:00+05:30,7260.0,7267.9501953125,7257.5,7265.2998046875,,2769.0,0.0,0.0,2023-07-28
1160,2023-07-28 09:52:00+05:30,7269.14990234375,7276.0,7267.85009765625,7275.35009765625,,3612.0,0.0,0.0,2023-07-28
1161,2023-07-28 09:53:00+05:30,7273.2998046875,7276.64990234375,7272.0,7275.0,,1537.0,0.0,0.0,2023-07-28
1162,2023-07-28 09:54:00+05:30,7276.0,7288.85009765625,7275.7001953125,7287.10009765625,,6227.0,0.0,0.0,2023-07-28
1163,2023-07-28 09:55:00+05:30,7288.85009765625,7294.9501953125,7281.9501953125,7292.89990234375,,9677.0,0.0,0.0,2023-07-28
1164,2023-07-28 09:56:00+05:30,7292.9501953125,7300.0,7292.89990234375,7300.0,,5027.0,0.0,0.0,2023-07-28
1165,2023-07-28 09:57:00+05:30,7300.7001953125,7302.5498046875,7285.0,7291.0498046875,,5211.0,0.0,0.0,2023-07-28
1166,2023-07-28 09:58:00+05:30,7292.5498046875,7292.7001953125,7287.0,7292.0,,2991.0,0.0,0.0,2023-07-28
1167,2023-07-28 09:59:00+05:30,7290.64990234375,7295.0,7290.64990234375,7293.2998046875,,1939.0,0.0,0.0,2023-07-28
1168,2023-07-28 10:00:00+05:30,7293.2998046875,7297.89990234375,7293.0,7294.7998046875,,1376.0,0.0,0.0,2023-07-28
1169,2023-07-28 10:01:00+05:30,7294.7998046875,7299.89990234375,7294.14990234375,7295.10009765625,,2874.0,0.0,0.0,2023-07-28
1170,2023-07-28 10:02:00+05:30,7295.10009765625,7295.10009765625,7275.4501953125,7280.7001953125,,5272.0,0.0,0.0,2023-07-28
1171,2023-07-28 10:03:00+05:30,7282.0498046875,7287.85009765625,7282.0498046875,7283.64990234375,,3279.0,0.0,0.0,2023-07-28
1172,2023-07-28 10:04:00+05:30,7283.4501953125,7283.5,7280.25,7282.7998046875,,1250.0,0.0,0.0,2023-07-28
1173,2023-07-28 10:05:00+05:30,7282.7998046875,7287.35009765625,7279.9501953125,7279.9501953125,,3212.0,0.0,0.0,2023-07-28
1174,2023-07-28 10:06:00+05:30,7277.35009765625,7280.0,7275.0,7277.60009765625,,3905.0,0.0,0.0,2023-07-28
1175,2023-07-28 10:07:00+05:30,7277.60009765625,7278.75,7266.5,7276.14990234375,,4710.0,0.0,0.0,2023-07-28
1176,2023-07-28 10:08:00+05:30,7277.10009765625,7279.89990234375,7277.10009765625,7278.5498046875,,1239.0,0.0,0.0,2023-07-28
1177,2023-07-28 10:09:00+05:30,7279.2001953125,7282.14990234375,7276.60009765625,7276.7001953125,,2586.0,0.0,0.0,2023-07-28
1178,2023-07-28 10:10:00+05:30,7276.4501953125,7276.75,7274.0,7274.89990234375,,1621.0,0.0,0.0,2023-07-28
1179,2023-07-28 10:11:00+05:30,7274.0498046875,7279.89990234375,7273.7998046875,7279.89990234375,,1937.0,0.0,0.0,2023-07-28
1180,2023-07-28 10:12:00+05:30,7279.10009765625,7282.75,7273.0,7273.7998046875,,2246.0,0.0,0.0,2023-07-28
1181,2023-07-28 10:13:00+05:30,7273.7998046875,7275.9501953125,7270.0,7270.0,,1098.0,0.0,0.0,2023-07-28
1182,2023-07-28 10:14:00+05:30,7271.2001953125,7272.64990234375,7271.0,7272.60009765625,,704.0,0.0,0.0,2023-07-28
1183,2023-07-28 10:15:00+05:30,7272.0,7272.64990234375,7271.2998046875,7272.0,,1375.0,0.0,0.0,2023-07-28
1184,2023-07-28 10:16:00+05:30,7271.89990234375,7271.9501953125,7262.60009765625,7266.64990234375,,5381.0,0.0,0.0,2023-07-28
1185,2023-07-28 10:17:00+05:30,7268.14990234375,7268.14990234375,7263.9501953125,7267.7001953125,,1556.0,0.0,0.0,2023-07-28
1186,2023-07-28 10:18:00+05:30,7270.0,7273.0,7267.10009765625,7273.0,,1324.0,0.0,0.0,2023-07-28
1187,2023-07-28 10:19:00+05:30,7272.5498046875,7273.7001953125,7263.7001953125,7267.10009765625,,1880.0,0.0,0.0,2023-07-28
1188,2023-07-28 10:20:00+05:30,7267.10009765625,7267.10009765625,7259.5498046875,7261.10009765625,,2065.0,0.0,0.0,2023-07-28
1189,2023-07-28 10:21:00+05:30,7261.10009765625,7263.7001953125,7250.0,7251.0,,5734.0,0.0,0.0,2023-07-28
1190,2023-07-28 10:22:00+05:30,7250.0,7252.0,7244.39990234375,7246.0,,11430.0,0.0,0.0,2023-07-28
1191,2023-07-28 10:23:00+05:30,7246.0498046875,7251.64990234375,7238.0,7251.64990234375,,7696.0,0.0,0.0,2023-07-28
1192,2023-07-28 10:24:00+05:30,7249.25,7249.7001953125,7230.10009765625,7230.10009765625,,6854.0,0.0,0.0,2023-07-28
1193,2023-07-28 10:25:00+05:30,7229.85009765625,7237.0498046875,7221.7001953125,7221.7001953125,,7308.0,0.0,0.0,2023-07-28
1194,2023-07-28 10:26:00+05:30,7222.9501953125,7232.39990234375,7220.0,7228.5498046875,,7421.0,0.0,0.0,2023-07-28
1195,2023-07-28 10:27:00+05:30,7232.9501953125,7233.14990234375,7213.64990234375,7215.35009765625,,6743.0,0.0,0.0,2023-07-28
1196,2023-07-28 10:28:00+05:30,7212.64990234375,7228.0,7212.64990234375,7222.0,,4024.0,0.0,0.0,2023-07-28
1197,2023-07-28 10:29:00+05:30,7226.0498046875,7227.14990234375,7216.10009765625,7219.5,,2993.0,0.0,0.0,2023-07-28
1198,2023-07-28 10:30:00+05:30,7217.2001953125,7219.9501953125,7210.10009765625,7218.0,,4308.0,0.0,0.0,2023-07-28
1199,2023-07-28 10:31:00+05:30,7219.0,7219.60009765625,7212.0,7217.7001953125,,3321.0,0.0,0.0,2023-07-28
1200,2023-07-28 10:32:00+05:30,7218.0,7219.4501953125,7213.0,7214.7998046875,,3174.0,0.0,0.0,2023-07-28
1201,2023-07-28 10:33:00+05:30,7214.7998046875,7218.7998046875,7214.7998046875,7218.7998046875,,1751.0,0.0,0.0,2023-07-28
1202,2023-07-28 10:34:00+05:30,7216.0,7230.5498046875,7215.25,7227.14990234375,,4683.0,0.0,0.0,2023-07-28
1203,2023-07-28 10:35:00+05:30,7224.60009765625,7231.10009765625,7222.14990234375,7231.10009765625,,2391.0,0.0,0.0,2023-07-28
1204,2023-07-28 10:36:00+05:30,7234.39990234375,7238.0,7234.0,7235.0,,3276.0,0.0,0.0,2023-07-28
1205,2023-07-28 10:37:00+05:30,7234.64990234375,7242.2001953125,7234.64990234375,7240.0,,1714.0,0.0,0.0,2023-07-28
1206,2023-07-28 10:38:00+05:30,7241.2001953125,7243.35009765625,7241.0,7242.0,,1860.0,0.0,0.0,2023-07-28
1207,2023-07-28 10:39:00+05:30,7241.9501953125,7245.0,7235.0,7245.0,,3256.0,0.0,0.0,2023-07-28
1208,2023-07-28 10:40:00+05:30,7244.39990234375,7245.0,7240.0,7241.10009765625,,1322.0,0.0,0.0,2023-07-28
1209,2023-07-28 10:41:00+05:30,7241.89990234375,7245.0,7232.14990234375,7232.5498046875,,2532.0,0.0,0.0,2023-07-28
1210,2023-07-28 10:42:00+05:30,7231.39990234375,7243.0,7230.5498046875,7243.0,,1768.0,0.0,0.0,2023-07-28
1211,2023-07-28 10:43:00+05:30,7242.85009765625,7244.25,7235.2001953125,7235.5498046875,,874.0,0.0,0.0,2023-07-28
1212,2023-07-28 10:44:00+05:30,7236.0,7237.9501953125,7230.0,7234.85009765625,,1749.0,0.0,0.0,2023-07-28
1213,2023-07-28 10:45:00+05:30,7234.85009765625,7234.85009765625,7230.4501953125,7232.0,,1507.0,0.0,0.0,2023-07-28
1214,2023-07-28 10:46:00+05:30,7233.0,7243.0,7230.14990234375,7243.0,,1415.0,0.0,0.0,2023-07-28
1215,2023-07-28 10:47:00+05:30,7243.0,7245.0,7243.0,7244.10009765625,,937.0,0.0,0.0,2023-07-28
1216,2023-07-28 10:48:00+05:30,7243.9501953125,7250.0,7241.0,7250.0,,2413.0,0.0,0.0,2023-07-28
1217,2023-07-28 10:49:00+05:30,7250.0,7255.25,7249.4501953125,7253.7998046875,,1871.0,0.0,0.0,2023-07-28
1218,2023-07-28 10:50:00+05:30,7253.7998046875,7258.2001953125,7248.5498046875,7256.2998046875,,2884.0,0.0,0.0,2023-07-28
1219,2023-07-28 10:51:00+05:30,7255.75,7257.9501953125,7252.89990234375,7254.25,,1766.0,0.0,0.0,2023-07-28
1220,2023-07-28 10:52:00+05:30,7255.10009765625,7258.0,7254.35009765625,7257.75,,1589.0,0.0,0.0,2023-07-28
1221,2023-07-28 10:53:00+05:30,7255.0,7257.64990234375,7250.0,7253.0498046875,,1005.0,0.0,0.0,2023-07-28
1222,2023-07-28 10:54:00+05:30,7251.64990234375,7254.10009765625,7249.10009765625,7250.0,,965.0,0.0,0.0,2023-07-28
1223,2023-07-28 10:55:00+05:30,7250.0,7250.0498046875,7240.7998046875,7240.7998046875,,1949.0,0.0,0.0,2023-07-28
1224,2023-07-28 10:56:00+05:30,7240.39990234375,7247.5,7240.35009765625,7244.89990234375,,1379.0,0.0,0.0,2023-07-28
1225,2023-07-28 10:57:00+05:30,7243.7001953125,7245.0,7240.85009765625,7245.0,,1052.0,0.0,0.0,2023-07-28
1226,2023-07-28 10:58:00+05:30,7245.0,7250.0,7242.35009765625,7242.35009765625,,8513.0,0.0,0.0,2023-07-28
1227,2023-07-28 10:59:00+05:30,7245.75,7257.0,7242.39990234375,7256.2001953125,,826.0,0.0,0.0,2023-07-28
1228,2023-07-28 11:00:00+05:30,7256.0,7267.5498046875,7254.0498046875,7261.0,,4182.0,0.0,0.0,2023-07-28
1229,2023-07-28 11:01:00+05:30,7264.0498046875,7264.7001953125,7260.10009765625,7263.0,,735.0,0.0,0.0,2023-07-28
1230,2023-07-28 11:02:00+05:30,7264.0,7267.0,7262.75,7264.4501953125,,1827.0,0.0,0.0,2023-07-28
1231,2023-07-28 11:03:00+05:30,7264.4501953125,7267.75,7262.7998046875,7267.75,,1193.0,0.0,0.0,2023-07-28
1232,2023-07-28 11:04:00+05:30,7266.0,7268.75,7262.5,7262.5,,1582.0,0.0,0.0,2023-07-28
1233,2023-07-28 11:05:00+05:30,7262.4501953125,7262.5,7261.60009765625,7261.7998046875,,1738.0,0.0,0.0,2023-07-28
1234,2023-07-28 11:06:00+05:30,7261.7998046875,7261.7998046875,7255.60009765625,7255.60009765625,,963.0,0.0,0.0,2023-07-28
1235,2023-07-28 11:07:00+05:30,7255.5,7260.60009765625,7251.0,7260.0,,667.0,0.0,0.0,2023-07-28
1236,2023-07-28 11:08:00+05:30,7260.60009765625,7260.60009765625,7259.10009765625,7259.4501953125,,749.0,0.0,0.0,2023-07-28
1237,2023-07-28 11:09:00+05:30,7259.4501953125,7259.89990234375,7259.4501953125,7259.89990234375,,436.0,0.0,0.0,2023-07-28
1238,2023-07-28 11:10:00+05:30,7259.5,7259.5,7253.0,7253.35009765625,,2234.0,0.0,0.0,2023-07-28
1239,2023-07-28 11:11:00+05:30,7252.64990234375,7255.0,7250.0,7255.0,,1319.0,0.0,0.0,2023-07-28
1240,2023-07-28 11:12:00+05:30,7253.4501953125,7261.25,7253.4501953125,7256.0,,1033.0,0.0,0.0,2023-07-28
1241,2023-07-28 11:13:00+05:30,7255.0,7258.35009765625,7255.0,7256.0498046875,,746.0,0.0,0.0,2023-07-28
1242,2023-07-28 11:14:00+05:30,7256.0498046875,7256.0498046875,7255.7001953125,7255.9501953125,,515.0,0.0,0.0,2023-07-28
1243,2023-07-28 11:15:00+05:30,7259.0,7259.5,7255.9501953125,7256.0,,1080.0,0.0,0.0,2023-07-28
1244,2023-07-28 11:16:00+05:30,7256.0,7256.9501953125,7253.0,7255.25,,800.0,0.0,0.0,2023-07-28
1245,2023-07-28 11:17:00+05:30,7255.5,7256.0,7253.7998046875,7253.7998046875,,1317.0,0.0,0.0,2023-07-28
1246,2023-07-28 11:18:00+05:30,7254.5498046875,7256.0,7253.35009765625,7255.64990234375,,439.0,0.0,0.0,2023-07-28
1247,2023-07-28 11:19:00+05:30,7255.64990234375,7262.39990234375,7255.39990234375,7260.5,,1858.0,0.0,0.0,2023-07-28
1248,2023-07-28 11:20:00+05:30,7258.14990234375,7267.0,7258.14990234375,7265.0,,1774.0,0.0,0.0,2023-07-28
1249,2023-07-28 11:21:00+05:30,7265.10009765625,7269.14990234375,7265.0,7267.2998046875,,1154.0,0.0,0.0,2023-07-28
1250,2023-07-28 11:22:00+05:30,7269.2001953125,7278.9501953125,7268.5,7277.14990234375,,5907.0,0.0,0.0,2023-07-28
1251,2023-07-28 11:23:00+05:30,7276.2001953125,7277.0,7271.7998046875,7272.64990234375,,1046.0,0.0,0.0,2023-07-28
1252,2023-07-28 11:24:00+05:30,7272.64990234375,7278.0,7270.0,7273.2998046875,,1447.0,0.0,0.0,2023-07-28
1253,2023-07-28 11:25:00+05:30,7273.2998046875,7278.0,7272.39990234375,7274.9501953125,,1440.0,0.0,0.0,2023-07-28
1254,2023-07-28 11:26:00+05:30,7274.89990234375,7274.89990234375,7270.0,7270.9501953125,,1088.0,0.0,0.0,2023-07-28
1255,2023-07-28 11:27:00+05:30,7270.9501953125,7278.7998046875,7270.9501953125,7275.39990234375,,1407.0,0.0,0.0,2023-07-28
1256,2023-07-28 11:28:00+05:30,7275.5,7279.14990234375,7271.7001953125,7271.89990234375,,1661.0,0.0,0.0,2023-07-28
1257,2023-07-28 11:29:00+05:30,7271.4501953125,7271.4501953125,7264.75,7264.89990234375,,1664.0,0.0,0.0,2023-07-28
1258,2023-07-28 11:30:00+05:30,7266.14990234375,7267.0,7264.7998046875,7264.7998046875,,816.0,0.0,0.0,2023-07-28
1259,2023-07-28 11:31:00+05:30,7264.85009765625,7265.0,7259.60009765625,7260.7001953125,,2151.0,0.0,0.0,2023-07-28
1260,2023-07-28 11:32:00+05:30,7261.75,7272.4501953125,7261.75,7270.85009765625,,2761.0,0.0,0.0,2023-07-28
1261,2023-07-28 11:33:00+05:30,7270.2001953125,7270.2998046875,7268.2001953125,7268.5,,506.0,0.0,0.0,2023-07-28
1262,2023-07-28 11:34:00+05:30,7268.5,7279.0,7268.5,7272.5,,1416.0,0.0,0.0,2023-07-28
1263,2023-07-28 11:35:00+05:30,7274.0498046875,7274.0498046875,7272.2001953125,7273.85009765625,,560.0,0.0,0.0,2023-07-28
1264,2023-07-28 11:36:00+05:30,7273.39990234375,7276.2001953125,7273.39990234375,7275.39990234375,,500.0,0.0,0.0,2023-07-28
1265,2023-07-28 11:37:00+05:30,7275.9501953125,7279.0,7273.25,7273.64990234375,,1218.0,0.0,0.0,2023-07-28
1266,2023-07-28 11:38:00+05:30,7273.39990234375,7276.0,7273.35009765625,7275.39990234375,,428.0,0.0,0.0,2023-07-28
1267,2023-07-28 11:39:00+05:30,7274.7998046875,7275.39990234375,7274.0,7274.10009765625,,1110.0,0.0,0.0,2023-07-28
1268,2023-07-28 11:40:00+05:30,7274.35009765625,7274.35009765625,7272.0498046875,7273.0,,750.0,0.0,0.0,2023-07-28
1269,2023-07-28 11:41:00+05:30,7272.4501953125,7274.0,7272.10009765625,7273.5498046875,,1106.0,0.0,0.0,2023-07-28
1270,2023-07-28 11:42:00+05:30,7273.85009765625,7274.0,7272.64990234375,7274.0,,699.0,0.0,0.0,2023-07-28
1271,2023-07-28 11:43:00+05:30,7273.35009765625,7279.0,7273.35009765625,7279.0,,983.0,0.0,0.0,2023-07-28
1272,2023-07-28 11:44:00+05:30,7278.10009765625,7279.0,7260.0,7264.85009765625,,1996.0,0.0,0.0,2023-07-28
1273,2023-07-28 11:45:00+05:30,7262.89990234375,7272.60009765625,7262.64990234375,7268.5498046875,,521.0,0.0,0.0,2023-07-28
1274,2023-07-28 11:46:00+05:30,7268.5498046875,7269.35009765625,7263.0,7263.10009765625,,1116.0,0.0,0.0,2023-07-28
1275,2023-07-28 11:47:00+05:30,7263.14990234375,7272.0,7262.75,7267.7998046875,,807.0,0.0,0.0,2023-07-28
1276,2023-07-28 11:48:00+05:30,7266.14990234375,7266.4501953125,7260.0,7261.39990234375,,877.0,0.0,0.0,2023-07-28
1277,2023-07-28 11:49:00+05:30,7264.9501953125,7269.5,7261.39990234375,7269.0,,830.0,0.0,0.0,2023-07-28
1278,2023-07-28 11:50:00+05:30,7266.39990234375,7270.0,7266.39990234375,7270.0,,423.0,0.0,0.0,2023-07-28
1279,2023-07-28 11:51:00+05:30,7270.0,7274.35009765625,7269.0,7269.0,,1082.0,0.0,0.0,2023-07-28
1280,2023-07-28 11:52:00+05:30,7269.64990234375,7271.10009765625,7268.0,7271.0,,486.0,0.0,0.0,2023-07-28
1281,2023-07-28 11:53:00+05:30,7272.2001953125,7273.0,7270.60009765625,7270.7998046875,,1689.0,0.0,0.0,2023-07-28
1282,2023-07-28 11:54:00+05:30,7270.7998046875,7278.0,7270.64990234375,7273.5,,1274.0,0.0,0.0,2023-07-28
1283,2023-07-28 11:55:00+05:30,7276.0,7277.10009765625,7270.14990234375,7271.7998046875,,536.0,0.0,0.0,2023-07-28
1284,2023-07-28 11:56:00+05:30,7271.7998046875,7272.35009765625,7266.25,7269.10009765625,,1887.0,0.0,0.0,2023-07-28
1285,2023-07-28 11:57:00+05:30,7269.10009765625,7271.2998046875,7265.2998046875,7266.2001953125,,7595.0,0.0,0.0,2023-07-28
1286,2023-07-28 11:58:00+05:30,7266.9501953125,7269.7001953125,7265.0498046875,7267.5498046875,,1770.0,0.0,0.0,2023-07-28
1287,2023-07-28 11:59:00+05:30,7267.60009765625,7276.0,7267.25,7273.0,,1046.0,0.0,0.0,2023-07-28
1288,2023-07-28 12:00:00+05:30,7273.0,7273.0,7265.64990234375,7271.2998046875,,3784.0,0.0,0.0,2023-07-28
1289,2023-07-28 12:01:00+05:30,7271.2998046875,7273.64990234375,7271.0,7271.5,,1008.0,0.0,0.0,2023-07-28
1290,2023-07-28 12:02:00+05:30,7271.64990234375,7271.64990234375,7268.25,7268.25,,991.0,0.0,0.0,2023-07-28
1291,2023-07-28 12:03:00+05:30,7268.75,7269.2001953125,7267.0,7269.2001953125,,932.0,0.0,0.0,2023-07-28
1292,2023-07-28 12:04:00+05:30,7267.75,7269.7998046875,7267.7001953125,7267.75,,841.0,0.0,0.0,2023-07-28
1293,2023-07-28 12:05:00+05:30,7267.85009765625,7267.85009765625,7265.2998046875,7265.5498046875,,602.0,0.0,0.0,2023-07-28
1294,2023-07-28 12:06:00+05:30,7265.64990234375,7265.85009765625,7260.5,7261.85009765625,,1123.0,0.0,0.0,2023-07-28
1295,2023-07-28 12:07:00+05:30,7263.10009765625,7263.10009765625,7260.0,7262.0,,1179.0,0.0,0.0,2023-07-28
1296,2023-07-28 12:08:00+05:30,7262.0,7264.39990234375,7260.5498046875,7262.9501953125,,750.0,0.0,0.0,2023-07-28
1297,2023-07-28 12:09:00+05:30,7262.9501953125,7266.2001953125,7262.39990234375,7265.4501953125,,639.0,0.0,0.0,2023-07-28
1298,2023-07-28 12:10:00+05:30,7265.85009765625,7265.85009765625,7263.89990234375,7264.9501953125,,768.0,0.0,0.0,2023-07-28
1299,2023-07-28 12:11:00+05:30,7265.64990234375,7265.64990234375,7262.60009765625,7264.64990234375,,433.0,0.0,0.0,2023-07-28
1300,2023-07-28 12:12:00+05:30,7264.0,7265.4501953125,7262.89990234375,7264.0,,536.0,0.0,0.0,2023-07-28
1301,2023-07-28 12:13:00+05:30,7264.0,7270.0,7263.5,7267.0498046875,,1021.0,0.0,0.0,2023-07-28
1302,2023-07-28 12:14:00+05:30,7267.35009765625,7269.0,7267.10009765625,7268.0,,447.0,0.0,0.0,2023-07-28
1303,2023-07-28 12:15:00+05:30,7269.5,7271.2998046875,7268.0,7270.9501953125,,961.0,0.0,0.0,2023-07-28
1304,2023-07-28 12:16:00+05:30,7270.0,7270.0,7267.0,7269.0,,900.0,0.0,0.0,2023-07-28
1305,2023-07-28 12:17:00+05:30,7269.0,7270.0,7264.0,7264.7998046875,,1156.0,0.0,0.0,2023-07-28
1306,2023-07-28 12:18:00+05:30,7266.64990234375,7269.75,7264.39990234375,7264.89990234375,,2057.0,0.0,0.0,2023-07-28
1307,2023-07-28 12:19:00+05:30,7264.89990234375,7268.2001953125,7263.64990234375,7266.9501953125,,1165.0,0.0,0.0,2023-07-28
1308,2023-07-28 12:20:00+05:30,7266.9501953125,7267.64990234375,7264.7001953125,7267.14990234375,,393.0,0.0,0.0,2023-07-28
1309,2023-07-28 12:21:00+05:30,7268.89990234375,7271.0,7266.85009765625,7268.89990234375,,702.0,0.0,0.0,2023-07-28
1310,2023-07-28 12:22:00+05:30,7270.0,7271.0498046875,7268.9501953125,7269.25,,651.0,0.0,0.0,2023-07-28
1311,2023-07-28 12:23:00+05:30,7269.5498046875,7269.5498046875,7260.89990234375,7264.25,,2349.0,0.0,0.0,2023-07-28
1312,2023-07-28 12:24:00+05:30,7264.25,7264.5,7260.0498046875,7262.0498046875,,2639.0,0.0,0.0,2023-07-28
1313,2023-07-28 12:25:00+05:30,7264.35009765625,7265.0,7262.14990234375,7263.35009765625,,315.0,0.0,0.0,2023-07-28
1314,2023-07-28 12:26:00+05:30,7263.2998046875,7265.35009765625,7260.0,7262.5498046875,,962.0,0.0,0.0,2023-07-28
1315,2023-07-28 12:27:00+05:30,7262.5498046875,7264.75,7260.2001953125,7263.0,,963.0,0.0,0.0,2023-07-28
1316,2023-07-28 12:28:00+05:30,7261.5498046875,7265.0,7261.5498046875,7263.39990234375,,552.0,0.0,0.0,2023-07-28
1317,2023-07-28 12:29:00+05:30,7264.85009765625,7265.0,7262.60009765625,7263.75,,831.0,0.0,0.0,2023-07-28
1318,2023-07-28 12:30:00+05:30,7263.7998046875,7266.14990234375,7263.75,7264.2001953125,,590.0,0.0,0.0,2023-07-28
1319,2023-07-28 12:31:00+05:30,7264.25,7268.10009765625,7264.14990234375,7266.0,,734.0,0.0,0.0,2023-07-28
1320,2023-07-28 12:33:00+05:30,7268.39990234375,7270.75,7268.10009765625,7270.5498046875,,1947.0,0.0,0.0,2023-07-28
1321,2023-07-28 12:34:00+05:30,7268.9501953125,7270.0,7266.0498046875,7268.75,,1363.0,0.0,0.0,2023-07-28
1322,2023-07-28 12:35:00+05:30,7268.7998046875,7274.39990234375,7267.60009765625,7273.7001953125,,875.0,0.0,0.0,2023-07-28
1323,2023-07-28 12:36:00+05:30,7274.39990234375,7277.2998046875,7271.0,7272.7998046875,,1477.0,0.0,0.0,2023-07-28
1324,2023-07-28 12:37:00+05:30,7272.7998046875,7277.0,7272.4501953125,7275.89990234375,,850.0,0.0,0.0,2023-07-28
1325,2023-07-28 12:38:00+05:30,7275.89990234375,7284.2001953125,7275.7001953125,7282.10009765625,,6288.0,0.0,0.0,2023-07-28
1326,2023-07-28 12:39:00+05:30,7282.10009765625,7289.89990234375,7282.0,7287.25,,5940.0,0.0,0.0,2023-07-28
1327,2023-07-28 12:40:00+05:30,7287.25,7299.64990234375,7286.89990234375,7294.0,,4746.0,0.0,0.0,2023-07-28
1328,2023-07-28 12:41:00+05:30,7289.14990234375,7290.25,7289.14990234375,7290.0,,2701.0,0.0,0.0,2023-07-28
1329,2023-07-28 12:42:00+05:30,7290.4501953125,7297.10009765625,7289.89990234375,7292.75,,2494.0,0.0,0.0,2023-07-28
1330,2023-07-28 12:43:00+05:30,7292.0,7298.14990234375,7292.0,7296.25,,2056.0,0.0,0.0,2023-07-28
1331,2023-07-28 12:44:00+05:30,7296.25,7299.0,7296.10009765625,7297.7998046875,,1661.0,0.0,0.0,2023-07-28
1332,2023-07-28 12:45:00+05:30,7297.35009765625,7299.0,7296.35009765625,7297.85009765625,,2108.0,0.0,0.0,2023-07-28
1333,2023-07-28 12:46:00+05:30,7298.0,7298.9501953125,7293.0498046875,7297.7001953125,,2440.0,0.0,0.0,2023-07-28
1334,2023-07-28 12:47:00+05:30,7297.7001953125,7298.5498046875,7295.0,7297.35009765625,,1113.0,0.0,0.0,2023-07-28
1335,2023-07-28 12:48:00+05:30,7297.35009765625,7305.0,7295.25,7305.0,,4834.0,0.0,0.0,2023-07-28
1336,2023-07-28 12:49:00+05:30,7304.0,7313.85009765625,7303.0,7303.0,,7708.0,0.0,0.0,2023-07-28
1337,2023-07-28 12:50:00+05:30,7304.0498046875,7311.2001953125,7300.10009765625,7304.7001953125,,3205.0,0.0,0.0,2023-07-28
1338,2023-07-28 12:51:00+05:30,7304.0,7304.39990234375,7303.0,7303.60009765625,,696.0,0.0,0.0,2023-07-28
1339,2023-07-28 12:52:00+05:30,7303.0,7303.60009765625,7293.4501953125,7298.0498046875,,2585.0,0.0,0.0,2023-07-28
1340,2023-07-28 12:53:00+05:30,7296.2998046875,7303.60009765625,7296.2998046875,7303.2001953125,,2148.0,0.0,0.0,2023-07-28
1341,2023-07-28 12:54:00+05:30,7303.2001953125,7303.60009765625,7300.4501953125,7302.2001953125,,1159.0,0.0,0.0,2023-07-28
1342,2023-07-28 12:55:00+05:30,7302.2001953125,7303.5,7295.35009765625,7298.0,,2511.0,0.0,0.0,2023-07-28
1343,2023-07-28 12:56:00+05:30,7295.64990234375,7302.0,7295.64990234375,7299.0,,881.0,0.0,0.0,2023-07-28
1344,2023-07-28 12:57:00+05:30,7298.2998046875,7298.2998046875,7283.5,7286.35009765625,,6360.0,0.0,0.0,2023-07-28
1345,2023-07-28 12:58:00+05:30,7285.85009765625,7290.7998046875,7285.10009765625,7288.89990234375,,1332.0,0.0,0.0,2023-07-28
1346,2023-07-28 12:59:00+05:30,7289.39990234375,7296.89990234375,7288.0498046875,7296.0,,789.0,0.0,0.0,2023-07-28
1347,2023-07-28 13:00:00+05:30,7296.0,7300.0,7295.7001953125,7300.0,,1711.0,0.0,0.0,2023-07-28
1348,2023-07-28 13:01:00+05:30,7300.0,7302.0,7297.7001953125,7302.0,,1455.0,0.0,0.0,2023-07-28
1349,2023-07-28 13:02:00+05:30,7302.0,7302.0,7299.0,7302.0,,957.0,0.0,0.0,2023-07-28
1350,2023-07-28 13:03:00+05:30,7302.0,7310.0,7302.0,7308.7001953125,,1860.0,0.0,0.0,2023-07-28
1351,2023-07-28 13:04:00+05:30,7308.7001953125,7310.0,7308.0,7309.9501953125,,2071.0,0.0,0.0,2023-07-28
1352,2023-07-28 13:05:00+05:30,7309.9501953125,7313.9501953125,7309.75,7312.5,,3184.0,0.0,0.0,2023-07-28
1353,2023-07-28 13:06:00+05:30,7312.0,7314.25,7311.25,7311.2998046875,,2140.0,0.0,0.0,2023-07-28
1354,2023-07-28 13:07:00+05:30,7311.25,7314.0,7311.25,7312.60009765625,,1950.0,0.0,0.0,2023-07-28
1355,2023-07-28 13:08:00+05:30,7312.7001953125,7317.9501953125,7312.64990234375,7314.35009765625,,2669.0,0.0,0.0,2023-07-28
1356,2023-07-28 13:09:00+05:30,7314.35009765625,7317.7998046875,7313.0,7317.60009765625,,1352.0,0.0,0.0,2023-07-28
1357,2023-07-28 13:10:00+05:30,7315.7998046875,7318.0,7313.5,7318.0,,3013.0,0.0,0.0,2023-07-28
1358,2023-07-28 13:11:00+05:30,7316.89990234375,7320.0,7316.89990234375,7320.0,,2635.0,0.0,0.0,2023-07-28
1359,2023-07-28 13:12:00+05:30,7320.0,7320.0,7312.0,7312.4501953125,,3217.0,0.0,0.0,2023-07-28
1360,2023-07-28 13:13:00+05:30,7312.25,7312.25,7303.64990234375,7308.0,,2300.0,0.0,0.0,2023-07-28
1361,2023-07-28 13:14:00+05:30,7308.7998046875,7310.5,7308.0,7309.9501953125,,724.0,0.0,0.0,2023-07-28
1362,2023-07-28 13:15:00+05:30,7309.9501953125,7309.9501953125,7301.4501953125,7302.2001953125,,2466.0,0.0,0.0,2023-07-28
1363,2023-07-28 13:16:00+05:30,7302.0,7304.85009765625,7302.0,7302.35009765625,,1064.0,0.0,0.0,2023-07-28
1364,2023-07-28 13:17:00+05:30,7302.14990234375,7305.0,7302.0,7302.5,,681.0,0.0,0.0,2023-07-28
1365,2023-07-28 13:18:00+05:30,7303.14990234375,7303.4501953125,7302.10009765625,7302.5498046875,,657.0,0.0,0.0,2023-07-28
1366,2023-07-28 13:19:00+05:30,7302.5498046875,7305.0,7302.5498046875,7303.7998046875,,956.0,0.0,0.0,2023-07-28
1367,2023-07-28 13:20:00+05:30,7303.89990234375,7307.85009765625,7303.0,7304.5,,1578.0,0.0,0.0,2023-07-28
1368,2023-07-28 13:21:00+05:30,7304.0,7305.0,7295.5,7296.7998046875,,1954.0,0.0,0.0,2023-07-28
1369,2023-07-28 13:22:00+05:30,7296.7998046875,7296.9501953125,7290.89990234375,7294.2998046875,,2262.0,0.0,0.0,2023-07-28
1370,2023-07-28 13:23:00+05:30,7294.35009765625,7298.5498046875,7294.2001953125,7296.0,,800.0,0.0,0.0,2023-07-28
1371,2023-07-28 13:24:00+05:30,7297.0,7299.89990234375,7296.10009765625,7298.0,,1351.0,0.0,0.0,2023-07-28
1372,2023-07-28 13:25:00+05:30,7298.7001953125,7300.0,7297.75,7299.7001953125,,451.0,0.0,0.0,2023-07-28
1373,2023-07-28 13:26:00+05:30,7299.7001953125,7303.0,7299.2998046875,7303.0,,1317.0,0.0,0.0,2023-07-28
1374,2023-07-28 13:27:00+05:30,7303.0,7311.75,7303.0,7310.60009765625,,986.0,0.0,0.0,2023-07-28
1375,2023-07-28 13:28:00+05:30,7309.25,7311.14990234375,7308.14990234375,7308.2001953125,,955.0,0.0,0.0,2023-07-28
1376,2023-07-28 13:29:00+05:30,7309.2001953125,7310.0,7308.0,7309.9501953125,,691.0,0.0,0.0,2023-07-28
1377,2023-07-28 13:30:00+05:30,7309.85009765625,7313.25,7309.85009765625,7311.2001953125,,1186.0,0.0,0.0,2023-07-28
1378,2023-07-28 13:31:00+05:30,7311.7001953125,7315.0,7311.2998046875,7314.5498046875,,1764.0,0.0,0.0,2023-07-28
1379,2023-07-28 13:32:00+05:30,7314.2998046875,7314.89990234375,7312.39990234375,7313.25,,1043.0,0.0,0.0,2023-07-28
1380,2023-07-28 13:33:00+05:30,7313.25,7313.25,7312.25,7312.89990234375,,953.0,0.0,0.0,2023-07-28
1381,2023-07-28 13:34:00+05:30,7312.64990234375,7313.25,7312.64990234375,7313.0,,492.0,0.0,0.0,2023-07-28
1382,2023-07-28 13:35:00+05:30,7313.0,7313.14990234375,7307.4501953125,7307.7998046875,,1756.0,0.0,0.0,2023-07-28
1383,2023-07-28 13:36:00+05:30,7307.7998046875,7308.14990234375,7295.14990234375,7299.25,,2266.0,0.0,0.0,2023-07-28
1384,2023-07-28 13:37:00+05:30,7299.35009765625,7303.85009765625,7299.35009765625,7301.7001953125,,459.0,0.0,0.0,2023-07-28
1385,2023-07-28 13:38:00+05:30,7302.0,7302.14990234375,7296.64990234375,7296.64990234375,,1701.0,0.0,0.0,2023-07-28
1386,2023-07-28 13:39:00+05:30,7297.60009765625,7298.0,7289.7998046875,7298.0,,1864.0,0.0,0.0,2023-07-28
1387,2023-07-28 13:40:00+05:30,7297.2001953125,7297.2001953125,7293.64990234375,7294.89990234375,,1268.0,0.0,0.0,2023-07-28
1388,2023-07-28 13:41:00+05:30,7294.89990234375,7294.89990234375,7290.2001953125,7291.9501953125,,1124.0,0.0,0.0,2023-07-28
1389,2023-07-28 13:42:00+05:30,7291.9501953125,7294.0,7290.2001953125,7291.9501953125,,1024.0,0.0,0.0,2023-07-28
1390,2023-07-28 13:43:00+05:30,7294.0,7294.0,7290.2001953125,7293.0,,1528.0,0.0,0.0,2023-07-28
1391,2023-07-28 13:44:00+05:30,7293.9501953125,7293.9501953125,7287.39990234375,7287.39990234375,,1388.0,0.0,0.0,2023-07-28
1392,2023-07-28 13:45:00+05:30,7287.5498046875,7290.0,7286.4501953125,7288.0498046875,,1176.0,0.0,0.0,2023-07-28
1393,2023-07-28 13:46:00+05:30,7288.4501953125,7293.89990234375,7288.4501953125,7292.0,,1123.0,0.0,0.0,2023-07-28
1394,2023-07-28 13:47:00+05:30,7292.5,7297.85009765625,7292.5,7296.60009765625,,1027.0,0.0,0.0,2023-07-28
1395,2023-07-28 13:48:00+05:30,7297.85009765625,7299.9501953125,7295.85009765625,7298.89990234375,,1011.0,0.0,0.0,2023-07-28
1396,2023-07-28 13:49:00+05:30,7298.89990234375,7305.0,7298.4501953125,7298.7998046875,,1340.0,0.0,0.0,2023-07-28
1397,2023-07-28 13:50:00+05:30,7301.39990234375,7305.2001953125,7298.5,7301.4501953125,,1904.0,0.0,0.0,2023-07-28
1398,2023-07-28 13:51:00+05:30,7303.60009765625,7308.85009765625,7302.7998046875,7305.2001953125,,1199.0,0.0,0.0,2023-07-28
1399,2023-07-28 13:52:00+05:30,7305.0,7307.0,7302.64990234375,7303.7001953125,,839.0,0.0,0.0,2023-07-28
1400,2023-07-28 13:53:00+05:30,7303.7001953125,7306.0,7302.7001953125,7306.0,,815.0,0.0,0.0,2023-07-28
1401,2023-07-28 13:54:00+05:30,7306.0,7306.10009765625,7305.35009765625,7305.64990234375,,826.0,0.0,0.0,2023-07-28
1402,2023-07-28 13:55:00+05:30,7305.5,7305.9501953125,7300.0,7301.89990234375,,999.0,0.0,0.0,2023-07-28
1403,2023-07-28 13:56:00+05:30,7301.89990234375,7303.9501953125,7300.25,7303.9501953125,,742.0,0.0,0.0,2023-07-28
1404,2023-07-28 13:57:00+05:30,7303.9501953125,7305.0,7302.7001953125,7305.0,,622.0,0.0,0.0,2023-07-28
1405,2023-07-28 13:58:00+05:30,7305.64990234375,7309.4501953125,7305.64990234375,7308.5498046875,,1256.0,0.0,0.0,2023-07-28
1406,2023-07-28 13:59:00+05:30,7308.85009765625,7313.89990234375,7308.5498046875,7313.89990234375,,944.0,0.0,0.0,2023-07-28
1407,2023-07-28 14:00:00+05:30,7313.89990234375,7315.0,7311.64990234375,7314.60009765625,,2907.0,0.0,0.0,2023-07-28
1408,2023-07-28 14:01:00+05:30,7313.2001953125,7315.0,7313.2001953125,7314.0,,1590.0,0.0,0.0,2023-07-28
1409,2023-07-28 14:02:00+05:30,7314.0,7315.0,7308.5,7309.64990234375,,2835.0,0.0,0.0,2023-07-28
1410,2023-07-28 14:03:00+05:30,7309.75,7309.9501953125,7304.9501953125,7306.60009765625,,1308.0,0.0,0.0,2023-07-28
1411,2023-07-28 14:04:00+05:30,7307.4501953125,7308.4501953125,7306.60009765625,7307.85009765625,,602.0,0.0,0.0,2023-07-28
1412,2023-07-28 14:05:00+05:30,7307.39990234375,7309.9501953125,7307.35009765625,7309.9501953125,,992.0,0.0,0.0,2023-07-28
1413,2023-07-28 14:06:00+05:30,7309.9501953125,7316.9501953125,7309.5,7314.0,,1427.0,0.0,0.0,2023-07-28
1414,2023-07-28 14:07:00+05:30,7313.60009765625,7318.0,7312.5498046875,7318.0,,2932.0,0.0,0.0,2023-07-28
1415,2023-07-28 14:08:00+05:30,7318.0,7320.0,7317.0,7319.0498046875,,2851.0,0.0,0.0,2023-07-28
1416,2023-07-28 14:09:00+05:30,7318.5,7324.5,7318.5,7323.9501953125,,2627.0,0.0,0.0,2023-07-28
1417,2023-07-28 14:10:00+05:30,7323.0498046875,7324.5,7322.0,7324.0,,2770.0,0.0,0.0,2023-07-28
1418,2023-07-28 14:11:00+05:30,7323.60009765625,7324.5,7322.2001953125,7323.4501953125,,1166.0,0.0,0.0,2023-07-28
1419,2023-07-28 14:12:00+05:30,7323.7001953125,7324.0,7320.2001953125,7321.75,,1657.0,0.0,0.0,2023-07-28
1420,2023-07-28 14:13:00+05:30,7321.0,7321.0,7317.5,7318.0,,2573.0,0.0,0.0,2023-07-28
1421,2023-07-28 14:14:00+05:30,7318.0,7320.0,7315.7998046875,7318.0,,3415.0,0.0,0.0,2023-07-28
1422,2023-07-28 14:15:00+05:30,7319.9501953125,7319.9501953125,7317.0,7317.9501953125,,958.0,0.0,0.0,2023-07-28
1423,2023-07-28 14:16:00+05:30,7318.5,7318.5498046875,7308.9501953125,7311.39990234375,,1429.0,0.0,0.0,2023-07-28
1424,2023-07-28 14:17:00+05:30,7310.4501953125,7318.0,7309.4501953125,7317.75,,1712.0,0.0,0.0,2023-07-28
1425,2023-07-28 14:18:00+05:30,7317.75,7317.75,7315.10009765625,7317.0,,543.0,0.0,0.0,2023-07-28
1426,2023-07-28 14:19:00+05:30,7317.0,7317.0,7313.60009765625,7314.9501953125,,1317.0,0.0,0.0,2023-07-28
1427,2023-07-28 14:20:00+05:30,7315.0,7315.64990234375,7314.2001953125,7314.7998046875,,1078.0,0.0,0.0,2023-07-28
1428,2023-07-28 14:21:00+05:30,7315.0,7319.7001953125,7313.60009765625,7314.9501953125,,2133.0,0.0,0.0,2023-07-28
1429,2023-07-28 14:22:00+05:30,7314.9501953125,7319.85009765625,7314.9501953125,7317.0498046875,,1656.0,0.0,0.0,2023-07-28
1430,2023-07-28 14:23:00+05:30,7317.0,7324.0,7317.0,7322.7001953125,,2316.0,0.0,0.0,2023-07-28
1431,2023-07-28 14:24:00+05:30,7324.0,7324.4501953125,7319.5498046875,7321.2998046875,,2328.0,0.0,0.0,2023-07-28
1432,2023-07-28 14:25:00+05:30,7321.2998046875,7321.7001953125,7318.2998046875,7318.2998046875,,1434.0,0.0,0.0,2023-07-28
1433,2023-07-28 14:26:00+05:30,7318.2998046875,7320.0,7318.2998046875,7319.7998046875,,1193.0,0.0,0.0,2023-07-28
1434,2023-07-28 14:27:00+05:30,7319.7998046875,7322.0,7319.7001953125,7321.60009765625,,1111.0,0.0,0.0,2023-07-28
1435,2023-07-28 14:28:00+05:30,7321.9501953125,7322.0,7319.2998046875,7320.25,,1718.0,0.0,0.0,2023-07-28
1436,2023-07-28 14:29:00+05:30,7320.7001953125,7320.7001953125,7316.0,7316.0,,1050.0,0.0,0.0,2023-07-28
1437,2023-07-28 14:30:00+05:30,7317.0,7317.0,7314.0,7315.9501953125,,1118.0,0.0,0.0,2023-07-28
1438,2023-07-28 14:31:00+05:30,7315.7998046875,7315.9501953125,7312.0498046875,7312.0498046875,,854.0,0.0,0.0,2023-07-28
1439,2023-07-28 14:32:00+05:30,7313.9501953125,7313.9501953125,7311.10009765625,7312.0,,752.0,0.0,0.0,2023-07-28
1440,2023-07-28 14:33:00+05:30,7311.89990234375,7312.0,7310.5,7310.5498046875,,621.0,0.0,0.0,2023-07-28
1441,2023-07-28 14:34:00+05:30,7310.0,7310.0,7304.0498046875,7306.5,,3193.0,0.0,0.0,2023-07-28
1442,2023-07-28 14:35:00+05:30,7307.14990234375,7307.14990234375,7295.0498046875,7300.0498046875,,4811.0,0.0,0.0,2023-07-28
1443,2023-07-28 14:36:00+05:30,7298.5498046875,7303.5498046875,7298.5,7302.9501953125,,1332.0,0.0,0.0,2023-07-28
1444,2023-07-28 14:37:00+05:30,7302.9501953125,7308.89990234375,7302.14990234375,7305.9501953125,,1489.0,0.0,0.0,2023-07-28
1445,2023-07-28 14:38:00+05:30,7306.9501953125,7306.9501953125,7303.25,7305.64990234375,,671.0,0.0,0.0,2023-07-28
1446,2023-07-28 14:39:00+05:30,7305.2998046875,7311.89990234375,7305.25,7311.89990234375,,1161.0,0.0,0.0,2023-07-28
1447,2023-07-28 14:40:00+05:30,7310.0,7314.89990234375,7309.14990234375,7314.0,,1622.0,0.0,0.0,2023-07-28
1448,2023-07-28 14:41:00+05:30,7314.0,7314.0,7309.2998046875,7310.5498046875,,946.0,0.0,0.0,2023-07-28
1449,2023-07-28 14:42:00+05:30,7310.5498046875,7310.5498046875,7304.14990234375,7305.2001953125,,3164.0,0.0,0.0,2023-07-28
1450,2023-07-28 14:43:00+05:30,7305.2001953125,7310.0,7305.0,7308.64990234375,,1495.0,0.0,0.0,2023-07-28
1451,2023-07-28 14:44:00+05:30,7310.14990234375,7310.2998046875,7307.0,7308.64990234375,,888.0,0.0,0.0,2023-07-28
1452,2023-07-28 14:45:00+05:30,7308.89990234375,7314.89990234375,7308.75,7314.60009765625,,1870.0,0.0,0.0,2023-07-28
1453,2023-07-28 14:46:00+05:30,7314.60009765625,7319.64990234375,7314.0,7319.5,,1202.0,0.0,0.0,2023-07-28
1454,2023-07-28 14:47:00+05:30,7318.5,7322.60009765625,7318.5,7322.60009765625,,3455.0,0.0,0.0,2023-07-28
1455,2023-07-28 14:48:00+05:30,7323.0,7340.0,7321.60009765625,7340.0,,11365.0,0.0,0.0,2023-07-28
1456,2023-07-28 14:49:00+05:30,7340.0,7359.0,7337.25,7350.0,,10976.0,0.0,0.0,2023-07-28
1457,2023-07-28 14:50:00+05:30,7353.75,7376.4501953125,7345.7998046875,7376.4501953125,,14277.0,0.0,0.0,2023-07-28
1458,2023-07-28 14:51:00+05:30,7379.0,7388.0,7360.9501953125,7362.9501953125,,10689.0,0.0,0.0,2023-07-28
1459,2023-07-28 14:52:00+05:30,7359.64990234375,7375.7001953125,7359.64990234375,7364.0,,7524.0,0.0,0.0,2023-07-28
1460,2023-07-28 14:53:00+05:30,7361.0,7369.4501953125,7359.10009765625,7364.2001953125,,3211.0,0.0,0.0,2023-07-28
1461,2023-07-28 14:54:00+05:30,7363.89990234375,7364.7998046875,7360.0,7361.14990234375,,2386.0,0.0,0.0,2023-07-28
1462,2023-07-28 14:55:00+05:30,7362.0498046875,7373.2001953125,7362.0498046875,7365.9501953125,,2598.0,0.0,0.0,2023-07-28
1463,2023-07-28 14:56:00+05:30,7363.14990234375,7365.35009765625,7360.0,7360.10009765625,,1760.0,0.0,0.0,2023-07-28
1464,2023-07-28 14:57:00+05:30,7360.35009765625,7372.0,7356.39990234375,7368.25,,3884.0,0.0,0.0,2023-07-28
1465,2023-07-28 14:58:00+05:30,7371.0,7377.9501953125,7367.25,7373.0,,4146.0,0.0,0.0,2023-07-28
1466,2023-07-28 14:59:00+05:30,7371.5498046875,7377.9501953125,7365.5498046875,7377.9501953125,,4830.0,0.0,0.0,2023-07-28
1467,2023-07-28 15:00:00+05:30,7377.9501953125,7384.0,7372.4501953125,7374.0,,5800.0,0.0,0.0,2023-07-28
1468,2023-07-28 15:01:00+05:30,7374.0,7380.0,7370.0,7378.25,,3266.0,0.0,0.0,2023-07-28
1469,2023-07-28 15:02:00+05:30,7379.39990234375,7389.0,7377.39990234375,7389.0,,5447.0,0.0,0.0,2023-07-28
1470,2023-07-28 15:03:00+05:30,7389.0,7394.0,7385.0,7386.25,,6462.0,0.0,0.0,2023-07-28
1471,2023-07-28 15:04:00+05:30,7388.0,7390.0,7382.35009765625,7385.0,,3865.0,0.0,0.0,2023-07-28
1472,2023-07-28 15:05:00+05:30,7384.9501953125,7390.0,7382.5498046875,7390.0,,4472.0,0.0,0.0,2023-07-28
1473,2023-07-28 15:06:00+05:30,7390.0,7390.0,7385.7001953125,7388.25,,3525.0,0.0,0.0,2023-07-28
1474,2023-07-28 15:07:00+05:30,7389.75,7390.0,7383.10009765625,7385.0,,3408.0,0.0,0.0,2023-07-28
1475,2023-07-28 15:08:00+05:30,7384.85009765625,7387.75,7382.60009765625,7387.0,,1947.0,0.0,0.0,2023-07-28
1476,2023-07-28 15:09:00+05:30,7387.2998046875,7387.7001953125,7380.14990234375,7381.4501953125,,4613.0,0.0,0.0,2023-07-28
1477,2023-07-28 15:10:00+05:30,7382.5,7386.25,7382.0498046875,7382.5498046875,,2627.0,0.0,0.0,2023-07-28
1478,2023-07-28 15:11:00+05:30,7382.5,7387.9501953125,7382.14990234375,7385.0,,3479.0,0.0,0.0,2023-07-28
1479,2023-07-28 15:12:00+05:30,7384.5498046875,7384.89990234375,7381.7001953125,7381.7001953125,,2321.0,0.0,0.0,2023-07-28
1480,2023-07-28 15:13:00+05:30,7382.4501953125,7382.5498046875,7374.10009765625,7377.14990234375,,5214.0,0.0,0.0,2023-07-28
1481,2023-07-28 15:14:00+05:30,7376.0498046875,7377.14990234375,7374.64990234375,7374.64990234375,,2735.0,0.0,0.0,2023-07-28
1482,2023-07-28 15:15:00+05:30,7374.64990234375,7383.0,7374.25,7383.0,,3843.0,0.0,0.0,2023-07-28
1483,2023-07-28 15:16:00+05:30,7381.9501953125,7385.9501953125,7379.60009765625,7385.9501953125,,3477.0,0.0,0.0,2023-07-28
1484,2023-07-28 15:17:00+05:30,7384.64990234375,7385.89990234375,7380.39990234375,7383.39990234375,,2984.0,0.0,0.0,2023-07-28
1485,2023-07-28 15:18:00+05:30,7383.2998046875,7389.0,7382.64990234375,7384.7998046875,,7210.0,0.0,0.0,2023-07-28
1486,2023-07-28 15:19:00+05:30,7384.14990234375,7385.7998046875,7378.2001953125,7380.60009765625,,3532.0,0.0,0.0,2023-07-28
1487,2023-07-28 15:20:00+05:30,7379.75,7383.7998046875,7377.0,7378.39990234375,,9245.0,0.0,0.0,2023-07-28
1488,2023-07-28 15:21:00+05:30,7377.75,7380.5,7372.2998046875,7376.89990234375,,5642.0,0.0,0.0,2023-07-28
1489,2023-07-28 15:22:00+05:30,7376.75,7382.0,7376.75,7377.85009765625,,2795.0,0.0,0.0,2023-07-28
1490,2023-07-28 15:23:00+05:30,7377.85009765625,7382.9501953125,7375.10009765625,7377.0,,3865.0,0.0,0.0,2023-07-28
1491,2023-07-28 15:24:00+05:30,7376.85009765625,7377.0,7373.5,7377.0,,3253.0,0.0,0.0,2023-07-28
1492,2023-07-28 15:25:00+05:30,7377.0,7379.9501953125,7375.0498046875,7375.75,,3861.0,0.0,0.0,2023-07-28
1493,2023-07-28 15:26:00+05:30,7375.75,7378.0,7375.14990234375,7377.9501953125,,2866.0,0.0,0.0,2023-07-28
1494,2023-07-28 15:27:00+05:30,7377.14990234375,7380.0,7377.14990234375,7379.9501953125,,3096.0,0.0,0.0,2023-07-28
1495,2023-07-28 15:28:00+05:30,7379.9501953125,7384.0,7376.0,7376.0,,3214.0,0.0,0.0,2023-07-28
1496,2023-07-28 15:29:00+05:30,7376.0,7381.60009765625,7373.35009765625,7381.60009765625,,2369.0,0.0,0.0,2023-07-28
0,2023-08-01 09:15:00+05:30,7308.7001953125,7316.5498046875,7293.35009765625,7312.25,,0.0,0.0,0.0,2023-08-01
1,2023-08-01 09:16:00+05:30,7316.4501953125,7326.60009765625,7314.10009765625,7319.9501953125,,5879.0,0.0,0.0,2023-08-01
2,2023-08-01 09:17:00+05:30,7319.9501953125,7325.0,7318.39990234375,7322.35009765625,,3103.0,0.0,0.0,2023-08-01
3,2023-08-01 09:18:00+05:30,7324.5,7329.85009765625,7322.85009765625,7326.2998046875,,4126.0,0.0,0.0,2023-08-01
4,2023-08-01 09:19:00+05:30,7326.0,7330.0,7322.14990234375,7328.7998046875,,2904.0,0.0,0.0,2023-08-01
5,2023-08-01 09:20:00+05:30,7328.9501953125,7329.0,7325.0498046875,7327.5,,1769.0,0.0,0.0,2023-08-01
6,2023-08-01 09:21:00+05:30,7328.0,7328.7998046875,7322.64990234375,7325.0,,4945.0,0.0,0.0,2023-08-01
7,2023-08-01 09:22:00+05:30,7323.64990234375,7323.64990234375,7312.2001953125,7315.35009765625,,3368.0,0.0,0.0,2023-08-01
8,2023-08-01 09:23:00+05:30,7316.85009765625,7316.85009765625,7312.2998046875,7313.9501953125,,214.0,0.0,0.0,2023-08-01
9,2023-08-01 09:24:00+05:30,7314.10009765625,7322.39990234375,7314.0,7322.39990234375,,2425.0,0.0,0.0,2023-08-01
10,2023-08-01 09:25:00+05:30,7320.89990234375,7322.35009765625,7320.0498046875,7322.0,,228.0,0.0,0.0,2023-08-01
11,2023-08-01 09:26:00+05:30,7326.0,7326.0,7318.64990234375,7319.85009765625,,1941.0,0.0,0.0,2023-08-01
12,2023-08-01 09:27:00+05:30,7319.85009765625,7321.85009765625,7311.14990234375,7313.0,,2062.0,0.0,0.0,2023-08-01
13,2023-08-01 09:28:00+05:30,7315.25,7316.10009765625,7308.35009765625,7311.0,,1634.0,0.0,0.0,2023-08-01
14,2023-08-01 09:29:00+05:30,7308.25,7315.64990234375,7308.0,7314.9501953125,,650.0,0.0,0.0,2023-08-01
15,2023-08-01 09:30:00+05:30,7314.9501953125,7321.85009765625,7312.0,7321.0,,2302.0,0.0,0.0,2023-08-01
16,2023-08-01 09:31:00+05:30,7320.0,7321.0,7317.0498046875,7318.0498046875,,519.0,0.0,0.0,2023-08-01
17,2023-08-01 09:32:00+05:30,7318.35009765625,7319.89990234375,7317.7001953125,7319.0,,615.0,0.0,0.0,2023-08-01
18,2023-08-01 09:33:00+05:30,7320.0,7320.5,7316.4501953125,7316.4501953125,,873.0,0.0,0.0,2023-08-01
19,2023-08-01 09:34:00+05:30,7315.0,7319.9501953125,7315.0,7318.0498046875,,623.0,0.0,0.0,2023-08-01
20,2023-08-01 09:35:00+05:30,7319.7998046875,7319.85009765625,7310.2998046875,7313.7001953125,,3069.0,0.0,0.0,2023-08-01
21,2023-08-01 09:36:00+05:30,7314.9501953125,7314.9501953125,7307.0498046875,7307.0498046875,,1720.0,0.0,0.0,2023-08-01
22,2023-08-01 09:37:00+05:30,7307.0498046875,7313.7001953125,7307.0498046875,7313.4501953125,,1364.0,0.0,0.0,2023-08-01
23,2023-08-01 09:38:00+05:30,7313.4501953125,7314.14990234375,7310.0,7310.0498046875,,656.0,0.0,0.0,2023-08-01
24,2023-08-01 09:39:00+05:30,7310.0,7312.0498046875,7308.39990234375,7310.25,,285.0,0.0,0.0,2023-08-01
25,2023-08-01 09:40:00+05:30,7310.0,7310.0,7298.0,7301.0,,3464.0,0.0,0.0,2023-08-01
26,2023-08-01 09:41:00+05:30,7301.0,7301.0,7282.0,7288.5,,5363.0,0.0,0.0,2023-08-01
27,2023-08-01 09:42:00+05:30,7289.4501953125,7294.0,7288.10009765625,7293.7998046875,,2286.0,0.0,0.0,2023-08-01
28,2023-08-01 09:43:00+05:30,7293.7998046875,7295.0,7286.5,7292.35009765625,,2775.0,0.0,0.0,2023-08-01
29,2023-08-01 09:44:00+05:30,7294.64990234375,7294.7998046875,7286.5498046875,7290.5,,1465.0,0.0,0.0,2023-08-01
30,2023-08-01 09:45:00+05:30,7288.0,7297.9501953125,7287.9501953125,7297.9501953125,,2093.0,0.0,0.0,2023-08-01
31,2023-08-01 09:46:00+05:30,7298.7998046875,7298.7998046875,7290.75,7295.75,,2569.0,0.0,0.0,2023-08-01
32,2023-08-01 09:47:00+05:30,7295.75,7300.0,7293.0,7293.85009765625,,3600.0,0.0,0.0,2023-08-01
33,2023-08-01 09:48:00+05:30,7297.89990234375,7300.0498046875,7296.9501953125,7298.5498046875,,1210.0,0.0,0.0,2023-08-01
34,2023-08-01 09:49:00+05:30,7296.89990234375,7300.0,7295.60009765625,7300.0,,1111.0,0.0,0.0,2023-08-01
35,2023-08-01 09:50:00+05:30,7300.0,7300.0,7296.4501953125,7300.0,,1159.0,0.0,0.0,2023-08-01
36,2023-08-01 09:51:00+05:30,7301.0,7304.0,7299.14990234375,7302.60009765625,,1263.0,0.0,0.0,2023-08-01
37,2023-08-01 09:52:00+05:30,7303.2001953125,7303.7998046875,7300.35009765625,7303.7998046875,,644.0,0.0,0.0,2023-08-01
38,2023-08-01 09:53:00+05:30,7303.7998046875,7308.0,7300.0498046875,7306.0,,2744.0,0.0,0.0,2023-08-01
39,2023-08-01 09:54:00+05:30,7306.0,7306.0,7301.75,7305.35009765625,,651.0,0.0,0.0,2023-08-01
40,2023-08-01 09:55:00+05:30,7305.64990234375,7306.7001953125,7302.0,7302.0,,1629.0,0.0,0.0,2023-08-01
41,2023-08-01 09:56:00+05:30,7301.5,7302.4501953125,7295.0,7299.0,,1217.0,0.0,0.0,2023-08-01
42,2023-08-01 09:57:00+05:30,7299.0,7306.25,7299.0,7306.25,,1566.0,0.0,0.0,2023-08-01
43,2023-08-01 09:58:00+05:30,7305.9501953125,7305.9501953125,7296.2998046875,7304.9501953125,,897.0,0.0,0.0,2023-08-01
44,2023-08-01 09:59:00+05:30,7305.0,7312.5,7302.5,7310.0498046875,,2916.0,0.0,0.0,2023-08-01
45,2023-08-01 10:00:00+05:30,7307.0498046875,7322.0,7307.0498046875,7317.0498046875,,5033.0,0.0,0.0,2023-08-01
46,2023-08-01 10:01:00+05:30,7319.14990234375,7319.7998046875,7310.2998046875,7313.7998046875,,2886.0,0.0,0.0,2023-08-01
47,2023-08-01 10:02:00+05:30,7313.75,7313.89990234375,7310.0,7310.25,,961.0,0.0,0.0,2023-08-01
48,2023-08-01 10:03:00+05:30,7313.0,7313.0,7296.39990234375,7306.0,,7814.0,0.0,0.0,2023-08-01
49,2023-08-01 10:04:00+05:30,7306.0,7307.64990234375,7303.89990234375,7307.0,,463.0,0.0,0.0,2023-08-01
50,2023-08-01 10:05:00+05:30,7304.85009765625,7307.39990234375,7303.35009765625,7306.0,,866.0,0.0,0.0,2023-08-01
51,2023-08-01 10:06:00+05:30,7306.0,7306.0,7297.0,7297.0,,1532.0,0.0,0.0,2023-08-01
52,2023-08-01 10:07:00+05:30,7299.5,7303.0,7298.7001953125,7303.0,,1249.0,0.0,0.0,2023-08-01
53,2023-08-01 10:08:00+05:30,7303.0,7307.9501953125,7301.39990234375,7303.9501953125,,895.0,0.0,0.0,2023-08-01
54,2023-08-01 10:09:00+05:30,7305.0498046875,7307.75,7303.5,7307.0498046875,,867.0,0.0,0.0,2023-08-01
55,2023-08-01 10:10:00+05:30,7307.2001953125,7308.89990234375,7304.60009765625,7308.89990234375,,848.0,0.0,0.0,2023-08-01
56,2023-08-01 10:11:00+05:30,7307.64990234375,7307.64990234375,7305.0498046875,7307.4501953125,,462.0,0.0,0.0,2023-08-01
57,2023-08-01 10:12:00+05:30,7307.4501953125,7307.4501953125,7301.0498046875,7303.0,,1238.0,0.0,0.0,2023-08-01
58,2023-08-01 10:13:00+05:30,7303.10009765625,7305.7001953125,7300.7998046875,7303.7001953125,,698.0,0.0,0.0,2023-08-01
59,2023-08-01 10:14:00+05:30,7301.25,7303.7998046875,7299.0,7300.60009765625,,397.0,0.0,0.0,2023-08-01
60,2023-08-01 10:15:00+05:30,7301.25,7301.25,7294.2001953125,7297.35009765625,,2885.0,0.0,0.0,2023-08-01
61,2023-08-01 10:16:00+05:30,7297.35009765625,7298.89990234375,7291.75,7296.89990234375,,1388.0,0.0,0.0,2023-08-01
62,2023-08-01 10:17:00+05:30,7297.0,7305.35009765625,7294.10009765625,7299.85009765625,,1918.0,0.0,0.0,2023-08-01
63,2023-08-01 10:18:00+05:30,7299.85009765625,7299.85009765625,7297.0,7297.0498046875,,224.0,0.0,0.0,2023-08-01
64,2023-08-01 10:19:00+05:30,7298.9501953125,7300.0,7295.2001953125,7298.35009765625,,1120.0,0.0,0.0,2023-08-01
65,2023-08-01 10:20:00+05:30,7299.2001953125,7301.4501953125,7295.89990234375,7300.5498046875,,1556.0,0.0,0.0,2023-08-01
66,2023-08-01 10:21:00+05:30,7300.39990234375,7300.5,7293.89990234375,7293.89990234375,,1571.0,0.0,0.0,2023-08-01
67,2023-08-01 10:22:00+05:30,7293.9501953125,7299.14990234375,7293.9501953125,7296.0498046875,,533.0,0.0,0.0,2023-08-01
68,2023-08-01 10:23:00+05:30,7299.0498046875,7299.0498046875,7293.0498046875,7295.0,,1125.0,0.0,0.0,2023-08-01
69,2023-08-01 10:24:00+05:30,7293.2998046875,7298.0,7293.0498046875,7297.64990234375,,834.0,0.0,0.0,2023-08-01
70,2023-08-01 10:25:00+05:30,7297.64990234375,7301.64990234375,7296.2001953125,7297.64990234375,,812.0,0.0,0.0,2023-08-01
71,2023-08-01 10:26:00+05:30,7295.85009765625,7298.4501953125,7292.39990234375,7294.4501953125,,1102.0,0.0,0.0,2023-08-01
72,2023-08-01 10:27:00+05:30,7292.2998046875,7296.10009765625,7292.0,7296.10009765625,,1315.0,0.0,0.0,2023-08-01
73,2023-08-01 10:28:00+05:30,7294.9501953125,7296.7998046875,7293.0,7296.39990234375,,556.0,0.0,0.0,2023-08-01
74,2023-08-01 10:29:00+05:30,7296.39990234375,7297.89990234375,7295.0498046875,7297.60009765625,,895.0,0.0,0.0,2023-08-01
75,2023-08-01 10:30:00+05:30,7298.35009765625,7298.75,7293.2998046875,7296.4501953125,,495.0,0.0,0.0,2023-08-01
76,2023-08-01 10:31:00+05:30,7296.4501953125,7297.89990234375,7290.0,7290.0,,1909.0,0.0,0.0,2023-08-01
77,2023-08-01 10:32:00+05:30,7290.0,7293.2998046875,7283.0,7289.35009765625,,3304.0,0.0,0.0,2023-08-01
78,2023-08-01 10:33:00+05:30,7288.0,7293.0,7288.0,7288.0,,2237.0,0.0,0.0,2023-08-01
79,2023-08-01 10:34:00+05:30,7290.89990234375,7293.2998046875,7288.0,7289.14990234375,,1223.0,0.0,0.0,2023-08-01
80,2023-08-01 10:35:00+05:30,7289.0,7289.0,7285.0,7285.10009765625,,707.0,0.0,0.0,2023-08-01
81,2023-08-01 10:36:00+05:30,7284.0,7291.0498046875,7283.5498046875,7287.89990234375,,2007.0,0.0,0.0,2023-08-01
82,2023-08-01 10:37:00+05:30,7287.85009765625,7288.4501953125,7285.64990234375,7287.89990234375,,495.0,0.0,0.0,2023-08-01
83,2023-08-01 10:38:00+05:30,7287.89990234375,7287.89990234375,7284.0498046875,7284.75,,900.0,0.0,0.0,2023-08-01
84,2023-08-01 10:39:00+05:30,7284.75,7286.85009765625,7282.0,7286.14990234375,,1437.0,0.0,0.0,2023-08-01
85,2023-08-01 10:40:00+05:30,7285.5498046875,7289.75,7284.2001953125,7285.0498046875,,464.0,0.0,0.0,2023-08-01
86,2023-08-01 10:41:00+05:30,7285.5498046875,7289.5,7285.0,7286.5498046875,,1615.0,0.0,0.0,2023-08-01
87,2023-08-01 10:42:00+05:30,7289.14990234375,7290.85009765625,7286.4501953125,7290.85009765625,,746.0,0.0,0.0,2023-08-01
88,2023-08-01 10:43:00+05:30,7291.0,7292.64990234375,7288.5498046875,7289.9501953125,,1204.0,0.0,0.0,2023-08-01
89,2023-08-01 10:44:00+05:30,7286.39990234375,7289.25,7284.0,7285.0,,1582.0,0.0,0.0,2023-08-01
90,2023-08-01 10:45:00+05:30,7286.35009765625,7286.60009765625,7284.0,7286.39990234375,,1129.0,0.0,0.0,2023-08-01
91,2023-08-01 10:46:00+05:30,7286.7998046875,7286.7998046875,7275.7998046875,7276.0,,4785.0,0.0,0.0,2023-08-01
92,2023-08-01 10:47:00+05:30,7276.64990234375,7281.0,7276.0,7278.0,,1017.0,0.0,0.0,2023-08-01
93,2023-08-01 10:48:00+05:30,7279.75,7281.0498046875,7278.0,7281.0498046875,,1065.0,0.0,0.0,2023-08-01
94,2023-08-01 10:49:00+05:30,7282.5,7282.5,7279.0,7280.0,,1375.0,0.0,0.0,2023-08-01
95,2023-08-01 10:50:00+05:30,7280.0,7280.0,7270.0,7270.0,,6463.0,0.0,0.0,2023-08-01
96,2023-08-01 10:51:00+05:30,7270.0,7275.0,7268.14990234375,7270.0,,3072.0,0.0,0.0,2023-08-01
97,2023-08-01 10:52:00+05:30,7272.0,7277.0,7270.89990234375,7276.89990234375,,5160.0,0.0,0.0,2023-08-01
98,2023-08-01 10:53:00+05:30,7275.0,7280.0,7274.2998046875,7278.0,,1518.0,0.0,0.0,2023-08-01
99,2023-08-01 10:54:00+05:30,7278.0,7278.0,7272.0,7275.0,,633.0,0.0,0.0,2023-08-01
100,2023-08-01 10:55:00+05:30,7274.9501953125,7275.0,7272.0,7273.89990234375,,656.0,0.0,0.0,2023-08-01
101,2023-08-01 10:56:00+05:30,7273.7998046875,7275.7998046875,7272.10009765625,7275.0,,1819.0,0.0,0.0,2023-08-01
102,2023-08-01 10:57:00+05:30,7275.0,7278.0,7273.5498046875,7278.0,,475.0,0.0,0.0,2023-08-01
103,2023-08-01 10:58:00+05:30,7278.0,7278.0,7275.0,7275.0,,356.0,0.0,0.0,2023-08-01
104,2023-08-01 10:59:00+05:30,7276.85009765625,7276.85009765625,7272.2998046875,7275.4501953125,,1065.0,0.0,0.0,2023-08-01
105,2023-08-01 11:00:00+05:30,7275.4501953125,7275.4501953125,7272.5,7273.4501953125,,865.0,0.0,0.0,2023-08-01
106,2023-08-01 11:01:00+05:30,7273.4501953125,7274.0,7272.0,7272.0,,522.0,0.0,0.0,2023-08-01
107,2023-08-01 11:02:00+05:30,7273.4501953125,7274.10009765625,7272.0,7273.89990234375,,641.0,0.0,0.0,2023-08-01
108,2023-08-01 11:03:00+05:30,7273.89990234375,7274.0,7272.0,7272.14990234375,,310.0,0.0,0.0,2023-08-01
109,2023-08-01 11:04:00+05:30,7273.89990234375,7273.89990234375,7271.35009765625,7273.85009765625,,446.0,0.0,0.0,2023-08-01
110,2023-08-01 11:05:00+05:30,7273.85009765625,7273.89990234375,7272.10009765625,7273.7998046875,,667.0,0.0,0.0,2023-08-01
111,2023-08-01 11:06:00+05:30,7275.0,7278.0,7272.14990234375,7276.0,,3000.0,0.0,0.0,2023-08-01
112,2023-08-01 11:07:00+05:30,7273.2998046875,7276.0,7272.10009765625,7272.10009765625,,755.0,0.0,0.0,2023-08-01
113,2023-08-01 11:08:00+05:30,7274.60009765625,7275.9501953125,7272.0,7275.4501953125,,450.0,0.0,0.0,2023-08-01
114,2023-08-01 11:09:00+05:30,7275.85009765625,7276.0,7274.0,7274.0,,680.0,0.0,0.0,2023-08-01
115,2023-08-01 11:10:00+05:30,7274.0,7275.0,7273.0,7275.0,,482.0,0.0,0.0,2023-08-01
116,2023-08-01 11:11:00+05:30,7275.10009765625,7276.9501953125,7273.39990234375,7275.60009765625,,536.0,0.0,0.0,2023-08-01
117,2023-08-01 11:12:00+05:30,7275.0,7275.5498046875,7270.0498046875,7275.5498046875,,1620.0,0.0,0.0,2023-08-01
118,2023-08-01 11:13:00+05:30,7275.5498046875,7275.89990234375,7274.0498046875,7275.89990234375,,319.0,0.0,0.0,2023-08-01
119,2023-08-01 11:14:00+05:30,7275.89990234375,7275.89990234375,7272.60009765625,7273.5,,372.0,0.0,0.0,2023-08-01
120,2023-08-01 11:15:00+05:30,7270.9501953125,7275.7998046875,7270.10009765625,7275.0,,1176.0,0.0,0.0,2023-08-01
121,2023-08-01 11:16:00+05:30,7274.5,7275.0,7274.5,7275.0,,252.0,0.0,0.0,2023-08-01
122,2023-08-01 11:17:00+05:30,7274.85009765625,7275.0,7268.10009765625,7272.5,,1637.0,0.0,0.0,2023-08-01
123,2023-08-01 11:18:00+05:30,7269.9501953125,7273.4501953125,7269.9501953125,7272.0,,605.0,0.0,0.0,2023-08-01
124,2023-08-01 11:19:00+05:30,7270.0,7272.0,7270.0,7271.4501953125,,253.0,0.0,0.0,2023-08-01
125,2023-08-01 11:20:00+05:30,7271.4501953125,7271.4501953125,7266.0,7267.0498046875,,2419.0,0.0,0.0,2023-08-01
126,2023-08-01 11:21:00+05:30,7267.10009765625,7271.7001953125,7267.10009765625,7270.0,,672.0,0.0,0.0,2023-08-01
127,2023-08-01 11:22:00+05:30,7272.0,7272.0,7268.7001953125,7272.0,,528.0,0.0,0.0,2023-08-01
128,2023-08-01 11:23:00+05:30,7271.7998046875,7273.0,7269.25,7272.0,,343.0,0.0,0.0,2023-08-01
129,2023-08-01 11:24:00+05:30,7272.89990234375,7275.89990234375,7271.89990234375,7275.89990234375,,949.0,0.0,0.0,2023-08-01
130,2023-08-01 11:25:00+05:30,7275.89990234375,7276.0,7274.9501953125,7275.0,,653.0,0.0,0.0,2023-08-01
131,2023-08-01 11:26:00+05:30,7274.7998046875,7276.0,7274.0,7275.2998046875,,1478.0,0.0,0.0,2023-08-01
132,2023-08-01 11:27:00+05:30,7275.0,7275.0,7271.9501953125,7274.0498046875,,206.0,0.0,0.0,2023-08-01
133,2023-08-01 11:28:00+05:30,7274.0498046875,7274.0498046875,7270.75,7273.9501953125,,280.0,0.0,0.0,2023-08-01
134,2023-08-01 11:29:00+05:30,7272.14990234375,7275.0,7270.85009765625,7274.9501953125,,810.0,0.0,0.0,2023-08-01
135,2023-08-01 11:30:00+05:30,7274.9501953125,7275.0,7274.0,7274.0,,166.0,0.0,0.0,2023-08-01
136,2023-08-01 11:31:00+05:30,7275.0,7275.0,7274.0,7275.0,,177.0,0.0,0.0,2023-08-01
137,2023-08-01 11:32:00+05:30,7275.0,7275.0,7273.0,7274.0,,356.0,0.0,0.0,2023-08-01
138,2023-08-01 11:33:00+05:30,7274.0,7274.0,7272.0,7272.10009765625,,168.0,0.0,0.0,2023-08-01
139,2023-08-01 11:34:00+05:30,7272.0,7272.10009765625,7270.85009765625,7271.7001953125,,353.0,0.0,0.0,2023-08-01
140,2023-08-01 11:35:00+05:30,7270.85009765625,7271.7001953125,7268.0498046875,7269.10009765625,,1540.0,0.0,0.0,2023-08-01
141,2023-08-01 11:36:00+05:30,7269.10009765625,7269.2001953125,7268.9501953125,7269.14990234375,,879.0,0.0,0.0,2023-08-01
142,2023-08-01 11:37:00+05:30,7268.0,7269.14990234375,7267.5,7267.75,,774.0,0.0,0.0,2023-08-01
143,2023-08-01 11:38:00+05:30,7267.0498046875,7267.75,7266.35009765625,7267.75,,786.0,0.0,0.0,2023-08-01
144,2023-08-01 11:39:00+05:30,7267.75,7268.75,7267.10009765625,7267.4501953125,,343.0,0.0,0.0,2023-08-01
145,2023-08-01 11:40:00+05:30,7267.75,7270.0,7267.39990234375,7270.0,,473.0,0.0,0.0,2023-08-01
146,2023-08-01 11:41:00+05:30,7269.10009765625,7271.0,7269.10009765625,7270.9501953125,,440.0,0.0,0.0,2023-08-01
147,2023-08-01 11:42:00+05:30,7270.0,7273.7998046875,7269.85009765625,7271.89990234375,,1199.0,0.0,0.0,2023-08-01
148,2023-08-01 11:43:00+05:30,7271.9501953125,7276.10009765625,7271.9501953125,7276.0,,1066.0,0.0,0.0,2023-08-01
149,2023-08-01 11:44:00+05:30,7276.0,7276.0,7273.85009765625,7276.0,,1314.0,0.0,0.0,2023-08-01
150,2023-08-01 11:45:00+05:30,7275.4501953125,7277.0,7274.0,7277.0,,1232.0,0.0,0.0,2023-08-01
151,2023-08-01 11:46:00+05:30,7277.0,7285.0,7276.14990234375,7285.0,,2893.0,0.0,0.0,2023-08-01
152,2023-08-01 11:47:00+05:30,7282.0,7283.7998046875,7282.0,7282.7001953125,,1002.0,0.0,0.0,2023-08-01
153,2023-08-01 11:48:00+05:30,7284.89990234375,7287.0,7284.89990234375,7287.0,,1750.0,0.0,0.0,2023-08-01
154,2023-08-01 11:49:00+05:30,7276.0,7276.0,7270.0,7271.14990234375,,2431.0,0.0,0.0,2023-08-01
155,2023-08-01 11:50:00+05:30,7276.10009765625,7276.10009765625,7272.60009765625,7273.9501953125,,904.0,0.0,0.0,2023-08-01
156,2023-08-01 11:51:00+05:30,7273.9501953125,7274.64990234375,7270.0,7270.10009765625,,1333.0,0.0,0.0,2023-08-01
157,2023-08-01 11:52:00+05:30,7270.14990234375,7275.0,7270.0,7272.0498046875,,610.0,0.0,0.0,2023-08-01
158,2023-08-01 11:53:00+05:30,7272.10009765625,7272.14990234375,7272.0,7272.0498046875,,225.0,0.0,0.0,2023-08-01
159,2023-08-01 11:54:00+05:30,7272.0498046875,7274.7001953125,7272.0,7272.75,,153.0,0.0,0.0,2023-08-01
160,2023-08-01 11:55:00+05:30,7274.7001953125,7274.7001953125,7272.10009765625,7272.25,,192.0,0.0,0.0,2023-08-01
161,2023-08-01 11:56:00+05:30,7272.39990234375,7274.89990234375,7272.0498046875,7272.10009765625,,714.0,0.0,0.0,2023-08-01
162,2023-08-01 11:57:00+05:30,7272.60009765625,7275.0,7272.0,7273.0,,407.0,0.0,0.0,2023-08-01
163,2023-08-01 11:58:00+05:30,7272.89990234375,7276.10009765625,7272.89990234375,7275.9501953125,,447.0,0.0,0.0,2023-08-01
164,2023-08-01 11:59:00+05:30,7275.0,7276.60009765625,7273.25,7273.60009765625,,282.0,0.0,0.0,2023-08-01
165,2023-08-01 12:00:00+05:30,7273.60009765625,7273.60009765625,7270.4501953125,7270.60009765625,,690.0,0.0,0.0,2023-08-01
166,2023-08-01 12:01:00+05:30,7270.2998046875,7270.2998046875,7266.89990234375,7268.25,,1006.0,0.0,0.0,2023-08-01
167,2023-08-01 12:02:00+05:30,7269.4501953125,7270.0,7267.5,7269.39990234375,,555.0,0.0,0.0,2023-08-01
168,2023-08-01 12:03:00+05:30,7269.35009765625,7270.0,7267.5,7268.0,,232.0,0.0,0.0,2023-08-01
169,2023-08-01 12:04:00+05:30,7268.0,7268.60009765625,7266.2001953125,7267.7998046875,,1354.0,0.0,0.0,2023-08-01
170,2023-08-01 12:05:00+05:30,7267.7998046875,7268.5,7267.0,7268.14990234375,,216.0,0.0,0.0,2023-08-01
171,2023-08-01 12:06:00+05:30,7268.2001953125,7268.35009765625,7267.0,7267.2998046875,,523.0,0.0,0.0,2023-08-01
172,2023-08-01 12:07:00+05:30,7267.2998046875,7268.25,7261.2001953125,7262.89990234375,,2691.0,0.0,0.0,2023-08-01
173,2023-08-01 12:08:00+05:30,7260.10009765625,7265.5498046875,7259.0,7264.0,,1984.0,0.0,0.0,2023-08-01
174,2023-08-01 12:09:00+05:30,7262.0498046875,7267.2998046875,7261.0,7262.39990234375,,1598.0,0.0,0.0,2023-08-01
175,2023-08-01 12:10:00+05:30,7262.2001953125,7265.25,7262.0,7263.25,,260.0,0.0,0.0,2023-08-01
176,2023-08-01 12:11:00+05:30,7263.85009765625,7265.0,7263.85009765625,7265.0,,464.0,0.0,0.0,2023-08-01
177,2023-08-01 12:12:00+05:30,7265.0,7265.0,7265.0,7265.0,,52.0,0.0,0.0,2023-08-01
178,2023-08-01 12:13:00+05:30,7264.75,7264.75,7262.39990234375,7262.39990234375,,550.0,0.0,0.0,2023-08-01
179,2023-08-01 12:14:00+05:30,7264.0498046875,7265.0,7262.64990234375,7265.0,,601.0,0.0,0.0,2023-08-01
180,2023-08-01 12:15:00+05:30,7264.2001953125,7265.0,7262.0,7262.9501953125,,955.0,0.0,0.0,2023-08-01
181,2023-08-01 12:16:00+05:30,7263.64990234375,7264.2001953125,7259.5,7259.5,,2266.0,0.0,0.0,2023-08-01
182,2023-08-01 12:17:00+05:30,7260.0,7260.0,7256.0,7258.0,,1743.0,0.0,0.0,2023-08-01
183,2023-08-01 12:18:00+05:30,7258.0,7258.0,7256.0498046875,7257.5,,505.0,0.0,0.0,2023-08-01
184,2023-08-01 12:19:00+05:30,7257.5,7260.25,7257.10009765625,7259.64990234375,,985.0,0.0,0.0,2023-08-01
185,2023-08-01 12:20:00+05:30,7260.0,7260.0,7259.0,7259.0,,401.0,0.0,0.0,2023-08-01
186,2023-08-01 12:21:00+05:30,7259.2001953125,7260.0,7255.0498046875,7255.0498046875,,1248.0,0.0,0.0,2023-08-01
187,2023-08-01 12:22:00+05:30,7255.0,7257.0,7251.14990234375,7252.75,,1732.0,0.0,0.0,2023-08-01
188,2023-08-01 12:23:00+05:30,7252.5,7256.60009765625,7249.0,7252.5498046875,,7801.0,0.0,0.0,2023-08-01
189,2023-08-01 12:24:00+05:30,7250.2001953125,7253.85009765625,7249.5498046875,7252.5498046875,,3302.0,0.0,0.0,2023-08-01
190,2023-08-01 12:25:00+05:30,7251.7001953125,7253.7001953125,7249.14990234375,7249.89990234375,,4603.0,0.0,0.0,2023-08-01
191,2023-08-01 12:26:00+05:30,7249.89990234375,7252.9501953125,7246.35009765625,7248.9501953125,,4547.0,0.0,0.0,2023-08-01
192,2023-08-01 12:27:00+05:30,7248.9501953125,7253.25,7246.9501953125,7252.0,,1612.0,0.0,0.0,2023-08-01
193,2023-08-01 12:28:00+05:30,7251.25,7251.89990234375,7249.14990234375,7249.2998046875,,3070.0,0.0,0.0,2023-08-01
194,2023-08-01 12:29:00+05:30,7249.0,7249.14990234375,7244.0,7245.2001953125,,5169.0,0.0,0.0,2023-08-01
195,2023-08-01 12:30:00+05:30,7247.9501953125,7249.35009765625,7247.14990234375,7248.25,,1691.0,0.0,0.0,2023-08-01
196,2023-08-01 12:31:00+05:30,7248.5,7263.75,7245.14990234375,7262.9501953125,,11970.0,0.0,0.0,2023-08-01
197,2023-08-01 12:32:00+05:30,7263.0,7263.0,7260.0498046875,7261.89990234375,,3342.0,0.0,0.0,2023-08-01
198,2023-08-01 12:33:00+05:30,7261.2001953125,7261.89990234375,7257.0498046875,7259.89990234375,,1918.0,0.0,0.0,2023-08-01
199,2023-08-01 12:34:00+05:30,7256.9501953125,7261.7998046875,7256.9501953125,7261.10009765625,,6244.0,0.0,0.0,2023-08-01
200,2023-08-01 12:35:00+05:30,7261.10009765625,7264.7001953125,7261.10009765625,7264.7001953125,,575.0,0.0,0.0,2023-08-01
201,2023-08-01 12:36:00+05:30,7263.89990234375,7268.0,7262.7998046875,7263.14990234375,,2844.0,0.0,0.0,2023-08-01
202,2023-08-01 12:37:00+05:30,7263.14990234375,7266.7001953125,7263.0498046875,7263.0498046875,,848.0,0.0,0.0,2023-08-01
203,2023-08-01 12:38:00+05:30,7263.64990234375,7265.0,7261.2001953125,7264.7998046875,,721.0,0.0,0.0,2023-08-01
204,2023-08-01 12:39:00+05:30,7263.0498046875,7263.25,7260.0,7260.0498046875,,699.0,0.0,0.0,2023-08-01
205,2023-08-01 12:40:00+05:30,7260.0,7263.0,7259.0498046875,7263.0,,690.0,0.0,0.0,2023-08-01
206,2023-08-01 12:41:00+05:30,7262.2001953125,7263.7998046875,7262.2001953125,7262.5,,295.0,0.0,0.0,2023-08-01
207,2023-08-01 12:42:00+05:30,7262.5,7262.5,7259.60009765625,7261.9501953125,,453.0,0.0,0.0,2023-08-01
208,2023-08-01 12:43:00+05:30,7261.2001953125,7264.0,7261.0,7261.75,,403.0,0.0,0.0,2023-08-01
209,2023-08-01 12:44:00+05:30,7263.35009765625,7268.0,7262.5498046875,7265.0,,2986.0,0.0,0.0,2023-08-01
210,2023-08-01 12:45:00+05:30,7264.25,7265.0,7262.0,7262.0,,580.0,0.0,0.0,2023-08-01
211,2023-08-01 12:46:00+05:30,7262.5,7264.0,7262.0,7263.0,,579.0,0.0,0.0,2023-08-01
212,2023-08-01 12:47:00+05:30,7263.0,7264.5,7262.10009765625,7264.0,,846.0,0.0,0.0,2023-08-01
213,2023-08-01 12:48:00+05:30,7262.5,7263.9501953125,7260.0,7262.35009765625,,1072.0,0.0,0.0,2023-08-01
214,2023-08-01 12:49:00+05:30,7259.0498046875,7260.0,7257.0498046875,7257.0498046875,,812.0,0.0,0.0,2023-08-01
215,2023-08-01 12:50:00+05:30,7258.7998046875,7258.7998046875,7252.2001953125,7256.7001953125,,1321.0,0.0,0.0,2023-08-01
216,2023-08-01 12:51:00+05:30,7258.85009765625,7267.89990234375,7258.85009765625,7267.89990234375,,1295.0,0.0,0.0,2023-08-01
217,2023-08-01 12:52:00+05:30,7265.85009765625,7267.0,7265.85009765625,7266.10009765625,,275.0,0.0,0.0,2023-08-01
218,2023-08-01 12:53:00+05:30,7266.10009765625,7270.5,7266.10009765625,7270.25,,967.0,0.0,0.0,2023-08-01
219,2023-08-01 12:54:00+05:30,7270.25,7279.0498046875,7268.0,7279.0498046875,,4799.0,0.0,0.0,2023-08-01
220,2023-08-01 12:55:00+05:30,7283.0,7284.89990234375,7279.0498046875,7283.89990234375,,3541.0,0.0,0.0,2023-08-01
221,2023-08-01 12:56:00+05:30,7284.89990234375,7284.89990234375,7276.0,7276.60009765625,,3833.0,0.0,0.0,2023-08-01
222,2023-08-01 12:57:00+05:30,7280.0498046875,7281.85009765625,7276.0,7276.0,,2494.0,0.0,0.0,2023-08-01
223,2023-08-01 12:58:00+05:30,7275.14990234375,7279.7001953125,7273.2001953125,7273.2001953125,,955.0,0.0,0.0,2023-08-01
224,2023-08-01 12:59:00+05:30,7273.0,7274.7998046875,7266.2998046875,7270.0498046875,,3741.0,0.0,0.0,2023-08-01
225,2023-08-01 13:00:00+05:30,7271.85009765625,7273.89990234375,7268.14990234375,7268.14990234375,,2247.0,0.0,0.0,2023-08-01
226,2023-08-01 13:01:00+05:30,7268.10009765625,7270.0,7263.5498046875,7270.0,,3821.0,0.0,0.0,2023-08-01
227,2023-08-01 13:02:00+05:30,7271.5498046875,7271.5498046875,7262.0,7264.0,,3310.0,0.0,0.0,2023-08-01
228,2023-08-01 13:03:00+05:30,7263.0,7265.60009765625,7258.85009765625,7258.85009765625,,3403.0,0.0,0.0,2023-08-01
229,2023-08-01 13:04:00+05:30,7258.9501953125,7265.75,7258.10009765625,7265.75,,1210.0,0.0,0.0,2023-08-01
230,2023-08-01 13:05:00+05:30,7265.39990234375,7270.9501953125,7262.64990234375,7270.9501953125,,749.0,0.0,0.0,2023-08-01
231,2023-08-01 13:06:00+05:30,7269.9501953125,7275.0,7269.89990234375,7274.39990234375,,5605.0,0.0,0.0,2023-08-01
232,2023-08-01 13:07:00+05:30,7274.39990234375,7281.5,7274.0,7277.0,,3249.0,0.0,0.0,2023-08-01
233,2023-08-01 13:08:00+05:30,7277.0,7279.0,7276.0498046875,7278.7001953125,,1239.0,0.0,0.0,2023-08-01
234,2023-08-01 13:09:00+05:30,7279.0,7280.0,7277.0,7278.14990234375,,1315.0,0.0,0.0,2023-08-01
235,2023-08-01 13:10:00+05:30,7279.25,7282.9501953125,7275.64990234375,7279.9501953125,,3733.0,0.0,0.0,2023-08-01
236,2023-08-01 13:11:00+05:30,7279.9501953125,7282.0,7277.7001953125,7281.9501953125,,692.0,0.0,0.0,2023-08-01
237,2023-08-01 13:12:00+05:30,7281.85009765625,7288.0,7281.85009765625,7284.75,,3188.0,0.0,0.0,2023-08-01
238,2023-08-01 13:13:00+05:30,7285.0498046875,7285.75,7282.10009765625,7284.2001953125,,417.0,0.0,0.0,2023-08-01
239,2023-08-01 13:14:00+05:30,7285.5498046875,7288.7001953125,7281.14990234375,7288.7001953125,,2449.0,0.0,0.0,2023-08-01
240,2023-08-01 13:15:00+05:30,7288.7001953125,7293.5498046875,7284.0,7289.5498046875,,6204.0,0.0,0.0,2023-08-01
241,2023-08-01 13:16:00+05:30,7289.7998046875,7289.7998046875,7278.89990234375,7283.0,,1678.0,0.0,0.0,2023-08-01
242,2023-08-01 13:17:00+05:30,7282.64990234375,7293.35009765625,7282.14990234375,7292.9501953125,,2726.0,0.0,0.0,2023-08-01
243,2023-08-01 13:18:00+05:30,7292.9501953125,7296.2998046875,7290.5498046875,7292.0,,5078.0,0.0,0.0,2023-08-01
244,2023-08-01 13:19:00+05:30,7293.10009765625,7293.10009765625,7288.9501953125,7289.75,,595.0,0.0,0.0,2023-08-01
245,2023-08-01 13:20:00+05:30,7289.75,7289.75,7288.4501953125,7288.9501953125,,625.0,0.0,0.0,2023-08-01
246,2023-08-01 13:21:00+05:30,7288.4501953125,7290.0,7288.4501953125,7289.35009765625,,352.0,0.0,0.0,2023-08-01
247,2023-08-01 13:22:00+05:30,7289.0498046875,7299.0,7287.5498046875,7298.39990234375,,2528.0,0.0,0.0,2023-08-01
248,2023-08-01 13:23:00+05:30,7298.39990234375,7308.0,7295.35009765625,7304.89990234375,,7670.0,0.0,0.0,2023-08-01
249,2023-08-01 13:24:00+05:30,7303.0,7307.9501953125,7302.10009765625,7306.5498046875,,1611.0,0.0,0.0,2023-08-01
250,2023-08-01 13:25:00+05:30,7306.0,7306.5,7300.0,7300.0,,1065.0,0.0,0.0,2023-08-01
251,2023-08-01 13:26:00+05:30,7299.0498046875,7302.35009765625,7297.60009765625,7297.60009765625,,2015.0,0.0,0.0,2023-08-01
252,2023-08-01 13:27:00+05:30,7298.5,7309.0,7297.7001953125,7307.14990234375,,4879.0,0.0,0.0,2023-08-01
253,2023-08-01 13:28:00+05:30,7309.0,7310.0,7306.7998046875,7310.0,,3209.0,0.0,0.0,2023-08-01
254,2023-08-01 13:29:00+05:30,7310.0,7310.0,7303.0,7310.0,,1106.0,0.0,0.0,2023-08-01
255,2023-08-01 13:30:00+05:30,7310.0,7315.0,7305.85009765625,7315.0,,5490.0,0.0,0.0,2023-08-01
256,2023-08-01 13:31:00+05:30,7313.9501953125,7318.89990234375,7313.7001953125,7314.7001953125,,3269.0,0.0,0.0,2023-08-01
257,2023-08-01 13:32:00+05:30,7315.0,7320.0,7311.9501953125,7319.0,,6849.0,0.0,0.0,2023-08-01
258,2023-08-01 13:33:00+05:30,7319.5,7320.0,7315.0,7315.0,,2247.0,0.0,0.0,2023-08-01
259,2023-08-01 13:34:00+05:30,7311.7998046875,7317.0,7310.0,7310.5,,2992.0,0.0,0.0,2023-08-01
260,2023-08-01 13:35:00+05:30,7310.0,7319.0,7310.0,7319.0,,1975.0,0.0,0.0,2023-08-01
261,2023-08-01 13:36:00+05:30,7319.0,7325.0,7316.5498046875,7318.0498046875,,6217.0,0.0,0.0,2023-08-01
262,2023-08-01 13:37:00+05:30,7317.2998046875,7321.0,7316.5498046875,7316.7998046875,,1211.0,0.0,0.0,2023-08-01
263,2023-08-01 13:38:00+05:30,7317.7998046875,7319.7001953125,7316.4501953125,7316.60009765625,,977.0,0.0,0.0,2023-08-01
264,2023-08-01 13:39:00+05:30,7316.5498046875,7316.60009765625,7300.0,7300.0,,3663.0,0.0,0.0,2023-08-01
265,2023-08-01 13:40:00+05:30,7298.2998046875,7299.0498046875,7290.0,7292.85009765625,,14564.0,0.0,0.0,2023-08-01
266,2023-08-01 13:41:00+05:30,7290.5,7295.0,7285.14990234375,7285.9501953125,,2025.0,0.0,0.0,2023-08-01
267,2023-08-01 13:42:00+05:30,7282.0498046875,7295.0498046875,7280.7998046875,7295.0498046875,,2753.0,0.0,0.0,2023-08-01
268,2023-08-01 13:43:00+05:30,7297.75,7297.75,7280.10009765625,7297.0,,2257.0,0.0,0.0,2023-08-01
269,2023-08-01 13:44:00+05:30,7296.5498046875,7296.7998046875,7282.14990234375,7282.25,,2421.0,0.0,0.0,2023-08-01
270,2023-08-01 13:45:00+05:30,7283.2998046875,7290.0,7278.2998046875,7280.60009765625,,3306.0,0.0,0.0,2023-08-01
271,2023-08-01 13:46:00+05:30,7278.85009765625,7283.4501953125,7278.2998046875,7280.5,,1136.0,0.0,0.0,2023-08-01
272,2023-08-01 13:47:00+05:30,7281.7001953125,7287.10009765625,7280.0498046875,7285.89990234375,,545.0,0.0,0.0,2023-08-01
273,2023-08-01 13:48:00+05:30,7285.89990234375,7294.7001953125,7285.39990234375,7294.39990234375,,1948.0,0.0,0.0,2023-08-01
274,2023-08-01 13:49:00+05:30,7293.14990234375,7300.0,7293.14990234375,7295.7001953125,,4906.0,0.0,0.0,2023-08-01
275,2023-08-01 13:50:00+05:30,7295.7001953125,7298.0,7294.2001953125,7296.75,,850.0,0.0,0.0,2023-08-01
276,2023-08-01 13:51:00+05:30,7296.75,7301.9501953125,7296.75,7298.2998046875,,3376.0,0.0,0.0,2023-08-01
277,2023-08-01 13:52:00+05:30,7298.2998046875,7298.2998046875,7282.0498046875,7282.0498046875,,3691.0,0.0,0.0,2023-08-01
278,2023-08-01 13:53:00+05:30,7284.9501953125,7284.9501953125,7274.0498046875,7277.2998046875,,9941.0,0.0,0.0,2023-08-01
279,2023-08-01 13:54:00+05:30,7274.39990234375,7278.85009765625,7274.2001953125,7275.0,,1345.0,0.0,0.0,2023-08-01
280,2023-08-01 13:55:00+05:30,7275.0,7276.89990234375,7270.0,7275.0,,3172.0,0.0,0.0,2023-08-01
281,2023-08-01 13:56:00+05:30,7273.9501953125,7282.7998046875,7271.14990234375,7271.14990234375,,2170.0,0.0,0.0,2023-08-01
282,2023-08-01 13:57:00+05:30,7272.0,7274.85009765625,7266.85009765625,7266.85009765625,,2185.0,0.0,0.0,2023-08-01
283,2023-08-01 13:58:00+05:30,7263.7001953125,7272.2001953125,7262.0498046875,7265.9501953125,,4395.0,0.0,0.0,2023-08-01
284,2023-08-01 13:59:00+05:30,7263.10009765625,7266.7998046875,7261.0,7263.2998046875,,3438.0,0.0,0.0,2023-08-01
285,2023-08-01 14:00:00+05:30,7263.2998046875,7266.0498046875,7262.0,7263.64990234375,,1649.0,0.0,0.0,2023-08-01
286,2023-08-01 14:01:00+05:30,7262.0498046875,7267.89990234375,7261.0,7261.0498046875,,3810.0,0.0,0.0,2023-08-01
287,2023-08-01 14:02:00+05:30,7261.0,7261.0,7255.9501953125,7259.35009765625,,5173.0,0.0,0.0,2023-08-01
288,2023-08-01 14:03:00+05:30,7256.75,7260.5,7256.10009765625,7260.5,,1915.0,0.0,0.0,2023-08-01
289,2023-08-01 14:04:00+05:30,7260.9501953125,7266.75,7258.85009765625,7266.0,,998.0,0.0,0.0,2023-08-01
290,2023-08-01 14:05:00+05:30,7266.75,7274.25,7261.0,7264.4501953125,,2504.0,0.0,0.0,2023-08-01
291,2023-08-01 14:06:00+05:30,7261.0,7265.35009765625,7256.0,7260.0,,5379.0,0.0,0.0,2023-08-01
292,2023-08-01 14:07:00+05:30,7260.0,7265.0,7258.14990234375,7262.5498046875,,881.0,0.0,0.0,2023-08-01
293,2023-08-01 14:08:00+05:30,7264.0,7267.14990234375,7261.25,7266.89990234375,,1077.0,0.0,0.0,2023-08-01
294,2023-08-01 14:09:00+05:30,7265.14990234375,7270.5,7265.0,7268.85009765625,,1708.0,0.0,0.0,2023-08-01
295,2023-08-01 14:10:00+05:30,7269.39990234375,7269.39990234375,7265.64990234375,7267.2001953125,,351.0,0.0,0.0,2023-08-01
296,2023-08-01 14:11:00+05:30,7267.2001953125,7268.35009765625,7265.0498046875,7266.10009765625,,479.0,0.0,0.0,2023-08-01
297,2023-08-01 14:12:00+05:30,7267.10009765625,7267.10009765625,7265.0,7265.60009765625,,329.0,0.0,0.0,2023-08-01
298,2023-08-01 14:13:00+05:30,7265.60009765625,7266.0,7263.14990234375,7264.9501953125,,653.0,0.0,0.0,2023-08-01
299,2023-08-01 14:14:00+05:30,7265.60009765625,7268.0,7258.0,7266.4501953125,,13239.0,0.0,0.0,2023-08-01
300,2023-08-01 14:15:00+05:30,7263.4501953125,7267.7001953125,7263.4501953125,7265.64990234375,,625.0,0.0,0.0,2023-08-01
301,2023-08-01 14:16:00+05:30,7264.25,7270.9501953125,7264.14990234375,7269.85009765625,,1496.0,0.0,0.0,2023-08-01
302,2023-08-01 14:17:00+05:30,7271.60009765625,7273.9501953125,7267.5498046875,7272.0,,1994.0,0.0,0.0,2023-08-01
303,2023-08-01 14:18:00+05:30,7271.2998046875,7272.64990234375,7266.2001953125,7266.64990234375,,1486.0,0.0,0.0,2023-08-01
304,2023-08-01 14:19:00+05:30,7266.25,7268.7998046875,7265.0498046875,7267.89990234375,,965.0,0.0,0.0,2023-08-01
305,2023-08-01 14:20:00+05:30,7267.0,7278.9501953125,7265.60009765625,7278.89990234375,,3844.0,0.0,0.0,2023-08-01
306,2023-08-01 14:21:00+05:30,7279.0,7279.7001953125,7268.39990234375,7276.85009765625,,3641.0,0.0,0.0,2023-08-01
307,2023-08-01 14:22:00+05:30,7279.7001953125,7283.64990234375,7276.10009765625,7283.64990234375,,4692.0,0.0,0.0,2023-08-01
308,2023-08-01 14:23:00+05:30,7283.64990234375,7283.7001953125,7275.25,7277.25,,1742.0,0.0,0.0,2023-08-01
309,2023-08-01 14:24:00+05:30,7275.75,7278.7998046875,7272.0498046875,7272.0498046875,,2882.0,0.0,0.0,2023-08-01
310,2023-08-01 14:25:00+05:30,7272.10009765625,7275.75,7272.0498046875,7275.75,,655.0,0.0,0.0,2023-08-01
311,2023-08-01 14:26:00+05:30,7274.75,7280.0,7272.0498046875,7277.39990234375,,3002.0,0.0,0.0,2023-08-01
312,2023-08-01 14:27:00+05:30,7277.39990234375,7280.64990234375,7274.35009765625,7277.39990234375,,953.0,0.0,0.0,2023-08-01
313,2023-08-01 14:28:00+05:30,7278.0,7280.5,7277.7001953125,7280.5,,2078.0,0.0,0.0,2023-08-01
314,2023-08-01 14:29:00+05:30,7282.0,7285.0,7278.5498046875,7282.5,,3128.0,0.0,0.0,2023-08-01
315,2023-08-01 14:30:00+05:30,7284.7998046875,7284.9501953125,7280.85009765625,7283.2001953125,,1232.0,0.0,0.0,2023-08-01
316,2023-08-01 14:31:00+05:30,7284.0,7284.89990234375,7280.0,7281.0,,734.0,0.0,0.0,2023-08-01
317,2023-08-01 14:32:00+05:30,7281.0,7282.0,7280.0498046875,7281.5,,515.0,0.0,0.0,2023-08-01
318,2023-08-01 14:33:00+05:30,7281.25,7282.0,7276.0498046875,7276.7001953125,,506.0,0.0,0.0,2023-08-01
319,2023-08-01 14:34:00+05:30,7276.0498046875,7278.75,7274.0,7277.0,,1399.0,0.0,0.0,2023-08-01
320,2023-08-01 14:35:00+05:30,7276.5498046875,7277.2998046875,7276.5498046875,7277.0498046875,,234.0,0.0,0.0,2023-08-01
321,2023-08-01 14:36:00+05:30,7277.10009765625,7285.0,7275.5498046875,7285.0,,1886.0,0.0,0.0,2023-08-01
322,2023-08-01 14:37:00+05:30,7285.0,7285.0,7277.5498046875,7278.75,,408.0,0.0,0.0,2023-08-01
323,2023-08-01 14:38:00+05:30,7278.75,7280.4501953125,7277.0,7279.7998046875,,472.0,0.0,0.0,2023-08-01
324,2023-08-01 14:39:00+05:30,7279.7998046875,7280.0,7277.85009765625,7279.89990234375,,684.0,0.0,0.0,2023-08-01
325,2023-08-01 14:40:00+05:30,7279.60009765625,7279.60009765625,7277.0,7277.2998046875,,752.0,0.0,0.0,2023-08-01
326,2023-08-01 14:41:00+05:30,7279.7998046875,7280.0,7277.0,7277.5,,1252.0,0.0,0.0,2023-08-01
327,2023-08-01 14:42:00+05:30,7277.5,7278.14990234375,7265.64990234375,7269.60009765625,,3754.0,0.0,0.0,2023-08-01
328,2023-08-01 14:43:00+05:30,7272.4501953125,7272.4501953125,7267.9501953125,7270.4501953125,,763.0,0.0,0.0,2023-08-01
329,2023-08-01 14:44:00+05:30,7270.4501953125,7271.2001953125,7268.5498046875,7271.0,,1968.0,0.0,0.0,2023-08-01
330,2023-08-01 14:45:00+05:30,7271.0,7272.2001953125,7268.5498046875,7270.89990234375,,504.0,0.0,0.0,2023-08-01
331,2023-08-01 14:46:00+05:30,7270.10009765625,7271.89990234375,7267.4501953125,7271.89990234375,,1564.0,0.0,0.0,2023-08-01
332,2023-08-01 14:47:00+05:30,7270.4501953125,7271.14990234375,7269.9501953125,7270.0,,299.0,0.0,0.0,2023-08-01
333,2023-08-01 14:48:00+05:30,7269.7001953125,7270.0,7265.10009765625,7265.10009765625,,1295.0,0.0,0.0,2023-08-01
334,2023-08-01 14:49:00+05:30,7265.9501953125,7265.9501953125,7261.10009765625,7262.2998046875,,2302.0,0.0,0.0,2023-08-01
335,2023-08-01 14:50:00+05:30,7261.10009765625,7265.7998046875,7260.0,7265.7001953125,,1823.0,0.0,0.0,2023-08-01
336,2023-08-01 14:51:00+05:30,7262.0498046875,7270.10009765625,7261.4501953125,7265.0498046875,,3001.0,0.0,0.0,2023-08-01
337,2023-08-01 14:52:00+05:30,7265.0,7268.39990234375,7261.0,7266.39990234375,,962.0,0.0,0.0,2023-08-01
338,2023-08-01 14:53:00+05:30,7264.2001953125,7267.89990234375,7260.2998046875,7262.75,,1970.0,0.0,0.0,2023-08-01
339,2023-08-01 14:54:00+05:30,7260.2998046875,7266.2001953125,7260.2998046875,7266.2001953125,,953.0,0.0,0.0,2023-08-01
340,2023-08-01 14:55:00+05:30,7267.64990234375,7267.64990234375,7261.89990234375,7265.85009765625,,1020.0,0.0,0.0,2023-08-01
341,2023-08-01 14:56:00+05:30,7265.2998046875,7269.9501953125,7263.5,7268.10009765625,,911.0,0.0,0.0,2023-08-01
342,2023-08-01 14:57:00+05:30,7268.0498046875,7273.9501953125,7265.64990234375,7273.9501953125,,2319.0,0.0,0.0,2023-08-01
343,2023-08-01 14:58:00+05:30,7273.0,7277.0,7271.60009765625,7275.7998046875,,3749.0,0.0,0.0,2023-08-01
344,2023-08-01 14:59:00+05:30,7275.85009765625,7276.4501953125,7273.0,7273.0,,2553.0,0.0,0.0,2023-08-01
345,2023-08-01 15:00:00+05:30,7273.60009765625,7277.0,7273.0,7276.7998046875,,2312.0,0.0,0.0,2023-08-01
346,2023-08-01 15:01:00+05:30,7276.7998046875,7276.7998046875,7262.0,7262.0,,2552.0,0.0,0.0,2023-08-01
347,2023-08-01 15:02:00+05:30,7262.0,7270.7998046875,7261.5498046875,7264.5498046875,,8599.0,0.0,0.0,2023-08-01
348,2023-08-01 15:03:00+05:30,7264.60009765625,7276.9501953125,7261.10009765625,7274.10009765625,,4851.0,0.0,0.0,2023-08-01
349,2023-08-01 15:04:00+05:30,7272.2001953125,7279.0,7272.2001953125,7275.85009765625,,6826.0,0.0,0.0,2023-08-01
350,2023-08-01 15:05:00+05:30,7274.5498046875,7275.0,7271.85009765625,7271.85009765625,,1352.0,0.0,0.0,2023-08-01
351,2023-08-01 15:06:00+05:30,7270.39990234375,7271.7001953125,7266.2998046875,7270.0,,1686.0,0.0,0.0,2023-08-01
352,2023-08-01 15:07:00+05:30,7271.0,7272.10009765625,7269.9501953125,7271.85009765625,,1478.0,0.0,0.0,2023-08-01
353,2023-08-01 15:08:00+05:30,7269.9501953125,7274.7001953125,7268.5,7271.0,,4708.0,0.0,0.0,2023-08-01
354,2023-08-01 15:09:00+05:30,7271.2001953125,7279.0,7271.0498046875,7279.0,,3337.0,0.0,0.0,2023-08-01
355,2023-08-01 15:10:00+05:30,7280.0,7281.9501953125,7272.25,7276.0,,6369.0,0.0,0.0,2023-08-01
356,2023-08-01 15:11:00+05:30,7275.39990234375,7277.10009765625,7275.39990234375,7276.64990234375,,1219.0,0.0,0.0,2023-08-01
357,2023-08-01 15:12:00+05:30,7276.64990234375,7276.7001953125,7273.85009765625,7273.85009765625,,1142.0,0.0,0.0,2023-08-01
358,2023-08-01 15:13:00+05:30,7274.0498046875,7274.7001953125,7274.0,7274.0,,1109.0,0.0,0.0,2023-08-01
359,2023-08-01 15:14:00+05:30,7272.0,7276.0,7271.9501953125,7274.0,,2898.0,0.0,0.0,2023-08-01
360,2023-08-01 15:15:00+05:30,7274.89990234375,7274.89990234375,7270.0,7273.9501953125,,3732.0,0.0,0.0,2023-08-01
361,2023-08-01 15:16:00+05:30,7271.25,7274.4501953125,7271.25,7274.4501953125,,2591.0,0.0,0.0,2023-08-01
362,2023-08-01 15:17:00+05:30,7274.89990234375,7275.9501953125,7274.25,7274.9501953125,,1199.0,0.0,0.0,2023-08-01
363,2023-08-01 15:18:00+05:30,7274.89990234375,7275.0,7270.0,7271.39990234375,,4448.0,0.0,0.0,2023-08-01
364,2023-08-01 15:19:00+05:30,7270.7001953125,7272.0,7269.89990234375,7270.0,,2101.0,0.0,0.0,2023-08-01
365,2023-08-01 15:20:00+05:30,7269.89990234375,7270.0,7260.0498046875,7263.89990234375,,7339.0,0.0,0.0,2023-08-01
366,2023-08-01 15:21:00+05:30,7264.9501953125,7266.64990234375,7261.5,7265.0,,1911.0,0.0,0.0,2023-08-01
367,2023-08-01 15:22:00+05:30,7265.25,7268.9501953125,7264.0,7268.89990234375,,1622.0,0.0,0.0,2023-08-01
368,2023-08-01 15:23:00+05:30,7268.7998046875,7269.9501953125,7267.64990234375,7268.5,,2623.0,0.0,0.0,2023-08-01
369,2023-08-01 15:24:00+05:30,7268.5,7268.5,7268.0,7268.0,,1667.0,0.0,0.0,2023-08-01
370,2023-08-01 15:25:00+05:30,7268.9501953125,7268.9501953125,7258.75,7258.75,,4812.0,0.0,0.0,2023-08-01
371,2023-08-01 15:26:00+05:30,7260.0,7262.0,7257.2998046875,7258.10009765625,,3429.0,0.0,0.0,2023-08-01
372,2023-08-01 15:27:00+05:30,7260.0,7265.0,7258.0,7262.0,,3050.0,0.0,0.0,2023-08-01
373,2023-08-01 15:28:00+05:30,7264.75,7264.75,7260.0,7262.89990234375,,2154.0,0.0,0.0,2023-08-01
374,2023-08-01 15:29:00+05:30,7262.9501953125,7269.7001953125,7260.64990234375,7269.7001953125,,2189.0,0.0,0.0,2023-08-01
375,2023-08-02 09:15:00+05:30,7280.0,7280.0,7250.0,7259.5,,0.0,0.0,0.0,2023-08-02
376,2023-08-02 09:16:00+05:30,7259.25,7259.25,7230.85009765625,7233.5,,13471.0,0.0,0.0,2023-08-02
377,2023-08-02 09:17:00+05:30,7230.0,7245.0,7228.5498046875,7243.4501953125,,8995.0,0.0,0.0,2023-08-02
378,2023-08-02 09:18:00+05:30,7245.0,7247.5,7230.0,7233.0498046875,,6083.0,0.0,0.0,2023-08-02
379,2023-08-02 09:19:00+05:30,7236.5498046875,7237.10009765625,7231.0,7237.0,,3055.0,0.0,0.0,2023-08-02
380,2023-08-02 09:20:00+05:30,7234.0,7244.89990234375,7230.10009765625,7244.85009765625,,2258.0,0.0,0.0,2023-08-02
381,2023-08-02 09:21:00+05:30,7243.0,7244.89990234375,7236.25,7236.60009765625,,4549.0,0.0,0.0,2023-08-02
382,2023-08-02 09:22:00+05:30,7238.0,7249.0,7238.0,7247.0,,3885.0,0.0,0.0,2023-08-02
383,2023-08-02 09:23:00+05:30,7247.0,7247.25,7242.5,7243.0498046875,,1186.0,0.0,0.0,2023-08-02
384,2023-08-02 09:24:00+05:30,7240.0,7241.0,7234.89990234375,7234.89990234375,,4394.0,0.0,0.0,2023-08-02
385,2023-08-02 09:25:00+05:30,7235.4501953125,7235.4501953125,7222.0,7226.9501953125,,6309.0,0.0,0.0,2023-08-02
386,2023-08-02 09:26:00+05:30,7226.7998046875,7232.0,7224.0498046875,7229.0,,2572.0,0.0,0.0,2023-08-02
387,2023-08-02 09:27:00+05:30,7228.0,7229.75,7221.0,7225.0,,4024.0,0.0,0.0,2023-08-02
388,2023-08-02 09:28:00+05:30,7224.0,7234.4501953125,7220.60009765625,7233.0,,4391.0,0.0,0.0,2023-08-02
389,2023-08-02 09:29:00+05:30,7234.39990234375,7234.39990234375,7228.2998046875,7230.0,,1306.0,0.0,0.0,2023-08-02
390,2023-08-02 09:30:00+05:30,7231.2998046875,7239.0,7230.0,7238.10009765625,,1988.0,0.0,0.0,2023-08-02
391,2023-08-02 09:31:00+05:30,7239.0,7239.0,7233.9501953125,7236.25,,1618.0,0.0,0.0,2023-08-02
392,2023-08-02 09:32:00+05:30,7236.9501953125,7241.85009765625,7236.9501953125,7240.0,,1928.0,0.0,0.0,2023-08-02
393,2023-08-02 09:33:00+05:30,7237.7001953125,7244.5,7236.25,7243.2998046875,,4145.0,0.0,0.0,2023-08-02
394,2023-08-02 09:34:00+05:30,7242.0498046875,7247.85009765625,7241.0,7247.0,,1985.0,0.0,0.0,2023-08-02
395,2023-08-02 09:35:00+05:30,7246.9501953125,7246.9501953125,7233.10009765625,7236.7998046875,,5722.0,0.0,0.0,2023-08-02
396,2023-08-02 09:36:00+05:30,7236.85009765625,7238.25,7233.25,7235.35009765625,,1021.0,0.0,0.0,2023-08-02
397,2023-08-02 09:37:00+05:30,7235.64990234375,7236.0,7227.0,7233.0,,2240.0,0.0,0.0,2023-08-02
398,2023-08-02 09:38:00+05:30,7233.89990234375,7235.0,7227.75,7230.0,,1125.0,0.0,0.0,2023-08-02
399,2023-08-02 09:39:00+05:30,7230.0,7232.0,7230.0,7230.0,,1161.0,0.0,0.0,2023-08-02
400,2023-08-02 09:40:00+05:30,7232.0,7242.2001953125,7232.0,7242.2001953125,,2869.0,0.0,0.0,2023-08-02
401,2023-08-02 09:41:00+05:30,7241.0498046875,7247.89990234375,7241.0498046875,7243.7998046875,,2466.0,0.0,0.0,2023-08-02
402,2023-08-02 09:42:00+05:30,7243.7998046875,7243.7998046875,7237.9501953125,7240.10009765625,,984.0,0.0,0.0,2023-08-02
403,2023-08-02 09:43:00+05:30,7239.60009765625,7239.60009765625,7234.9501953125,7237.89990234375,,856.0,0.0,0.0,2023-08-02
404,2023-08-02 09:44:00+05:30,7236.85009765625,7239.89990234375,7232.0,7236.9501953125,,1883.0,0.0,0.0,2023-08-02
405,2023-08-02 09:45:00+05:30,7236.9501953125,7236.9501953125,7225.14990234375,7226.89990234375,,4087.0,0.0,0.0,2023-08-02
406,2023-08-02 09:46:00+05:30,7226.89990234375,7233.0498046875,7225.0,7232.4501953125,,2358.0,0.0,0.0,2023-08-02
407,2023-08-02 09:47:00+05:30,7232.4501953125,7232.4501953125,7227.0,7228.0,,866.0,0.0,0.0,2023-08-02
408,2023-08-02 09:48:00+05:30,7229.64990234375,7231.7001953125,7227.5498046875,7230.0,,996.0,0.0,0.0,2023-08-02
409,2023-08-02 09:49:00+05:30,7231.60009765625,7231.60009765625,7227.0,7228.0,,594.0,0.0,0.0,2023-08-02
410,2023-08-02 09:50:00+05:30,7227.0,7229.60009765625,7226.10009765625,7226.5,,965.0,0.0,0.0,2023-08-02
411,2023-08-02 09:51:00+05:30,7226.5,7230.0,7226.0,7227.4501953125,,1830.0,0.0,0.0,2023-08-02
412,2023-08-02 09:52:00+05:30,7227.7001953125,7228.4501953125,7222.0,7226.75,,3175.0,0.0,0.0,2023-08-02
413,2023-08-02 09:53:00+05:30,7227.39990234375,7229.0,7224.0498046875,7225.9501953125,,1028.0,0.0,0.0,2023-08-02
414,2023-08-02 09:54:00+05:30,7229.0,7239.0,7229.0,7238.85009765625,,1714.0,0.0,0.0,2023-08-02
415,2023-08-02 09:55:00+05:30,7238.0,7243.85009765625,7235.5498046875,7243.5,,3289.0,0.0,0.0,2023-08-02
416,2023-08-02 09:56:00+05:30,7244.4501953125,7244.4501953125,7238.10009765625,7241.25,,2372.0,0.0,0.0,2023-08-02
417,2023-08-02 09:57:00+05:30,7241.25,7241.25,7234.0,7236.2001953125,,2720.0,0.0,0.0,2023-08-02
418,2023-08-02 09:58:00+05:30,7236.0,7236.0,7228.10009765625,7231.89990234375,,4247.0,0.0,0.0,2023-08-02
419,2023-08-02 09:59:00+05:30,7231.89990234375,7233.89990234375,7227.35009765625,7231.5,,1724.0,0.0,0.0,2023-08-02
420,2023-08-02 10:00:00+05:30,7232.89990234375,7235.0,7228.0498046875,7229.39990234375,,1395.0,0.0,0.0,2023-08-02
421,2023-08-02 10:01:00+05:30,7228.35009765625,7230.0,7227.0,7229.5,,1494.0,0.0,0.0,2023-08-02
422,2023-08-02 10:02:00+05:30,7227.2998046875,7231.39990234375,7227.0,7229.60009765625,,1820.0,0.0,0.0,2023-08-02
423,2023-08-02 10:03:00+05:30,7229.60009765625,7229.9501953125,7227.0498046875,7227.5,,787.0,0.0,0.0,2023-08-02
424,2023-08-02 10:04:00+05:30,7228.14990234375,7228.14990234375,7225.0,7225.0,,2528.0,0.0,0.0,2023-08-02
425,2023-08-02 10:05:00+05:30,7225.0,7228.0,7222.0,7226.0498046875,,1635.0,0.0,0.0,2023-08-02
426,2023-08-02 10:06:00+05:30,7226.0,7226.0,7213.2998046875,7218.0,,5779.0,0.0,0.0,2023-08-02
427,2023-08-02 10:07:00+05:30,7218.0,7219.0,7212.0,7212.5,,2452.0,0.0,0.0,2023-08-02
428,2023-08-02 10:08:00+05:30,7216.25,7216.25,7212.39990234375,7215.0,,1154.0,0.0,0.0,2023-08-02
429,2023-08-02 10:09:00+05:30,7216.0,7220.0,7215.10009765625,7219.0,,559.0,0.0,0.0,2023-08-02
430,2023-08-02 10:10:00+05:30,7220.0,7220.0,7216.0,7219.0,,1042.0,0.0,0.0,2023-08-02
431,2023-08-02 10:11:00+05:30,7219.0,7220.0,7215.0,7218.64990234375,,1453.0,0.0,0.0,2023-08-02
432,2023-08-02 10:12:00+05:30,7218.9501953125,7219.85009765625,7215.0,7219.7001953125,,1411.0,0.0,0.0,2023-08-02
433,2023-08-02 10:13:00+05:30,7218.0,7219.9501953125,7216.0,7218.75,,1223.0,0.0,0.0,2023-08-02
434,2023-08-02 10:14:00+05:30,7218.60009765625,7218.64990234375,7215.0498046875,7215.10009765625,,2369.0,0.0,0.0,2023-08-02
435,2023-08-02 10:15:00+05:30,7214.4501953125,7214.4501953125,7207.2998046875,7208.7998046875,,8530.0,0.0,0.0,2023-08-02
436,2023-08-02 10:16:00+05:30,7208.10009765625,7212.0,7208.10009765625,7210.0,,1163.0,0.0,0.0,2023-08-02
437,2023-08-02 10:17:00+05:30,7209.0,7211.5498046875,7209.0,7211.5498046875,,1698.0,0.0,0.0,2023-08-02
438,2023-08-02 10:18:00+05:30,7210.5,7212.0,7205.39990234375,7210.0,,1550.0,0.0,0.0,2023-08-02
439,2023-08-02 10:19:00+05:30,7210.5498046875,7211.85009765625,7208.85009765625,7209.10009765625,,1291.0,0.0,0.0,2023-08-02
440,2023-08-02 10:20:00+05:30,7209.14990234375,7211.9501953125,7203.0,7206.5498046875,,4873.0,0.0,0.0,2023-08-02
441,2023-08-02 10:21:00+05:30,7204.10009765625,7212.0,7203.75,7211.0,,1451.0,0.0,0.0,2023-08-02
442,2023-08-02 10:22:00+05:30,7209.4501953125,7212.0,7209.10009765625,7210.0,,643.0,0.0,0.0,2023-08-02
443,2023-08-02 10:23:00+05:30,7210.0,7211.2001953125,7205.60009765625,7210.0,,783.0,0.0,0.0,2023-08-02
444,2023-08-02 10:24:00+05:30,7210.0,7211.4501953125,7201.10009765625,7202.75,,4078.0,0.0,0.0,2023-08-02
445,2023-08-02 10:25:00+05:30,7202.85009765625,7203.75,7200.0,7200.0,,5419.0,0.0,0.0,2023-08-02
446,2023-08-02 10:26:00+05:30,7201.4501953125,7207.39990234375,7201.4501953125,7203.75,,1142.0,0.0,0.0,2023-08-02
447,2023-08-02 10:27:00+05:30,7203.0,7207.5,7202.2998046875,7207.0,,1221.0,0.0,0.0,2023-08-02
448,2023-08-02 10:28:00+05:30,7203.0,7207.2998046875,7203.0,7206.5,,1479.0,0.0,0.0,2023-08-02
449,2023-08-02 10:29:00+05:30,7204.0,7206.10009765625,7204.0,7204.5,,682.0,0.0,0.0,2023-08-02
450,2023-08-02 10:30:00+05:30,7204.0498046875,7204.7998046875,7201.0498046875,7201.0498046875,,1361.0,0.0,0.0,2023-08-02
451,2023-08-02 10:31:00+05:30,7201.0,7205.0,7201.0,7204.0,,1331.0,0.0,0.0,2023-08-02
452,2023-08-02 10:32:00+05:30,7204.0,7206.0,7201.0498046875,7202.2001953125,,2077.0,0.0,0.0,2023-08-02
453,2023-08-02 10:33:00+05:30,7202.0498046875,7205.2001953125,7201.0,7205.0,,984.0,0.0,0.0,2023-08-02
454,2023-08-02 10:34:00+05:30,7204.89990234375,7205.0,7203.0,7203.0,,1252.0,0.0,0.0,2023-08-02
455,2023-08-02 10:35:00+05:30,7203.0498046875,7205.0,7203.0,7203.0,,1633.0,0.0,0.0,2023-08-02
456,2023-08-02 10:36:00+05:30,7203.0,7204.89990234375,7201.0,7201.0,,1156.0,0.0,0.0,2023-08-02
457,2023-08-02 10:37:00+05:30,7201.0,7204.85009765625,7201.0,7202.0,,858.0,0.0,0.0,2023-08-02
458,2023-08-02 10:38:00+05:30,7202.0,7203.7998046875,7196.0,7196.0,,6531.0,0.0,0.0,2023-08-02
459,2023-08-02 10:39:00+05:30,7196.35009765625,7200.0,7195.0,7200.0,,3052.0,0.0,0.0,2023-08-02
460,2023-08-02 10:40:00+05:30,7199.85009765625,7200.0,7197.2998046875,7199.89990234375,,684.0,0.0,0.0,2023-08-02
461,2023-08-02 10:41:00+05:30,7199.89990234375,7200.0,7195.35009765625,7195.35009765625,,2794.0,0.0,0.0,2023-08-02
462,2023-08-02 10:42:00+05:30,7195.25,7196.89990234375,7191.0,7195.0,,4855.0,0.0,0.0,2023-08-02
463,2023-08-02 10:43:00+05:30,7195.0,7196.2998046875,7193.0,7193.75,,1415.0,0.0,0.0,2023-08-02
464,2023-08-02 10:44:00+05:30,7193.75,7197.75,7192.0,7197.2001953125,,1372.0,0.0,0.0,2023-08-02
465,2023-08-02 10:45:00+05:30,7195.0,7199.89990234375,7194.35009765625,7199.89990234375,,883.0,0.0,0.0,2023-08-02
466,2023-08-02 10:46:00+05:30,7197.9501953125,7203.2998046875,7197.9501953125,7202.0,,2129.0,0.0,0.0,2023-08-02
467,2023-08-02 10:47:00+05:30,7200.35009765625,7201.9501953125,7197.0,7200.9501953125,,1201.0,0.0,0.0,2023-08-02
468,2023-08-02 10:48:00+05:30,7200.0,7201.14990234375,7196.0,7198.75,,504.0,0.0,0.0,2023-08-02
469,2023-08-02 10:49:00+05:30,7198.75,7200.14990234375,7198.0,7198.64990234375,,794.0,0.0,0.0,2023-08-02
470,2023-08-02 10:50:00+05:30,7198.64990234375,7200.0,7198.0,7198.0,,654.0,0.0,0.0,2023-08-02
471,2023-08-02 10:51:00+05:30,7198.0,7200.0,7198.0,7200.0,,479.0,0.0,0.0,2023-08-02
472,2023-08-02 10:52:00+05:30,7202.0,7202.0,7199.89990234375,7199.89990234375,,1514.0,0.0,0.0,2023-08-02
473,2023-08-02 10:53:00+05:30,7201.0498046875,7203.4501953125,7199.0,7203.4501953125,,1222.0,0.0,0.0,2023-08-02
474,2023-08-02 10:54:00+05:30,7200.25,7205.0,7200.25,7202.0498046875,,660.0,0.0,0.0,2023-08-02
475,2023-08-02 10:55:00+05:30,7202.0498046875,7203.0,7200.0498046875,7202.0,,619.0,0.0,0.0,2023-08-02
476,2023-08-02 10:56:00+05:30,7200.5,7202.2001953125,7195.0,7196.89990234375,,951.0,0.0,0.0,2023-08-02
477,2023-08-02 10:57:00+05:30,7196.89990234375,7200.0,7196.75,7196.75,,445.0,0.0,0.0,2023-08-02
478,2023-08-02 10:58:00+05:30,7196.75,7198.0,7195.0,7195.10009765625,,1263.0,0.0,0.0,2023-08-02
479,2023-08-02 10:59:00+05:30,7194.39990234375,7198.25,7194.0498046875,7196.75,,733.0,0.0,0.0,2023-08-02
480,2023-08-02 11:00:00+05:30,7199.0498046875,7200.0,7196.5,7196.75,,711.0,0.0,0.0,2023-08-02
481,2023-08-02 11:01:00+05:30,7196.75,7198.35009765625,7195.5,7198.35009765625,,469.0,0.0,0.0,2023-08-02
482,2023-08-02 11:02:00+05:30,7198.2998046875,7199.0,7191.0,7191.0,,1360.0,0.0,0.0,2023-08-02
483,2023-08-02 11:03:00+05:30,7191.0,7193.0498046875,7180.0498046875,7180.0498046875,,8738.0,0.0,0.0,2023-08-02
484,2023-08-02 11:04:00+05:30,7180.0,7184.0498046875,7180.0,7184.0,,4174.0,0.0,0.0,2023-08-02
485,2023-08-02 11:05:00+05:30,7182.0,7183.0,7175.14990234375,7175.9501953125,,8548.0,0.0,0.0,2023-08-02
486,2023-08-02 11:06:00+05:30,7175.9501953125,7179.4501953125,7175.0,7178.64990234375,,1733.0,0.0,0.0,2023-08-02
487,2023-08-02 11:07:00+05:30,7179.39990234375,7180.39990234375,7177.0,7179.7998046875,,1012.0,0.0,0.0,2023-08-02
488,2023-08-02 11:08:00+05:30,7177.75,7183.2998046875,7176.25,7183.2998046875,,1221.0,0.0,0.0,2023-08-02
489,2023-08-02 11:09:00+05:30,7180.2001953125,7187.75,7180.10009765625,7185.0,,1132.0,0.0,0.0,2023-08-02
490,2023-08-02 11:10:00+05:30,7185.0,7187.4501953125,7180.2001953125,7181.85009765625,,1579.0,0.0,0.0,2023-08-02
491,2023-08-02 11:11:00+05:30,7184.0498046875,7188.7998046875,7181.0498046875,7187.0,,852.0,0.0,0.0,2023-08-02
492,2023-08-02 11:12:00+05:30,7187.0,7191.5498046875,7187.0,7188.60009765625,,1664.0,0.0,0.0,2023-08-02
493,2023-08-02 11:13:00+05:30,7188.10009765625,7189.9501953125,7185.0,7186.75,,1709.0,0.0,0.0,2023-08-02
494,2023-08-02 11:14:00+05:30,7189.9501953125,7190.0,7186.10009765625,7189.5,,739.0,0.0,0.0,2023-08-02
495,2023-08-02 11:15:00+05:30,7188.0498046875,7189.85009765625,7187.0,7189.0,,598.0,0.0,0.0,2023-08-02
496,2023-08-02 11:16:00+05:30,7188.0,7190.7001953125,7188.0,7190.7001953125,,881.0,0.0,0.0,2023-08-02
497,2023-08-02 11:17:00+05:30,7190.4501953125,7192.0,7188.85009765625,7190.0,,1132.0,0.0,0.0,2023-08-02
498,2023-08-02 11:18:00+05:30,7190.0,7191.89990234375,7188.2001953125,7189.0,,504.0,0.0,0.0,2023-08-02
499,2023-08-02 11:19:00+05:30,7189.0498046875,7192.9501953125,7189.0,7191.60009765625,,893.0,0.0,0.0,2023-08-02
500,2023-08-02 11:20:00+05:30,7191.60009765625,7195.7998046875,7190.0,7195.0,,1033.0,0.0,0.0,2023-08-02
501,2023-08-02 11:21:00+05:30,7193.35009765625,7200.0,7192.0,7192.7001953125,,2988.0,0.0,0.0,2023-08-02
502,2023-08-02 11:22:00+05:30,7194.35009765625,7194.7001953125,7187.0,7187.0,,2713.0,0.0,0.0,2023-08-02
503,2023-08-02 11:23:00+05:30,7187.89990234375,7188.0,7185.60009765625,7186.0,,574.0,0.0,0.0,2023-08-02
504,2023-08-02 11:24:00+05:30,7186.0,7186.89990234375,7185.0,7185.0,,690.0,0.0,0.0,2023-08-02
505,2023-08-02 11:25:00+05:30,7185.89990234375,7185.89990234375,7183.4501953125,7183.4501953125,,553.0,0.0,0.0,2023-08-02
506,2023-08-02 11:26:00+05:30,7184.7001953125,7185.64990234375,7182.0,7182.0,,1873.0,0.0,0.0,2023-08-02
507,2023-08-02 11:27:00+05:30,7182.7998046875,7182.7998046875,7180.0,7181.0,,716.0,0.0,0.0,2023-08-02
508,2023-08-02 11:28:00+05:30,7180.89990234375,7183.75,7180.89990234375,7181.0498046875,,1127.0,0.0,0.0,2023-08-02
509,2023-08-02 11:29:00+05:30,7181.25,7183.0,7181.0498046875,7181.4501953125,,687.0,0.0,0.0,2023-08-02
510,2023-08-02 11:30:00+05:30,7181.4501953125,7183.89990234375,7181.0498046875,7183.0,,899.0,0.0,0.0,2023-08-02
511,2023-08-02 11:31:00+05:30,7181.85009765625,7182.9501953125,7181.5,7181.64990234375,,530.0,0.0,0.0,2023-08-02
512,2023-08-02 11:32:00+05:30,7181.89990234375,7183.0,7181.7001953125,7182.0,,509.0,0.0,0.0,2023-08-02
513,2023-08-02 11:33:00+05:30,7182.5,7183.0,7182.0,7182.0,,621.0,0.0,0.0,2023-08-02
514,2023-08-02 11:34:00+05:30,7182.89990234375,7183.0,7182.0,7182.2001953125,,410.0,0.0,0.0,2023-08-02
515,2023-08-02 11:35:00+05:30,7182.2001953125,7183.0,7182.0,7182.0,,1389.0,0.0,0.0,2023-08-02
516,2023-08-02 11:36:00+05:30,7181.85009765625,7181.85009765625,7172.0,7172.0,,3976.0,0.0,0.0,2023-08-02
517,2023-08-02 11:37:00+05:30,7171.85009765625,7173.0,7169.0,7172.0,,4537.0,0.0,0.0,2023-08-02
518,2023-08-02 11:38:00+05:30,7172.0,7177.0,7171.0,7175.0498046875,,1176.0,0.0,0.0,2023-08-02
519,2023-08-02 11:39:00+05:30,7177.0,7178.4501953125,7175.0498046875,7175.0498046875,,593.0,0.0,0.0,2023-08-02
520,2023-08-02 11:40:00+05:30,7175.0,7178.0,7175.0,7177.89990234375,,811.0,0.0,0.0,2023-08-02
521,2023-08-02 11:41:00+05:30,7177.89990234375,7179.9501953125,7175.7001953125,7179.9501953125,,894.0,0.0,0.0,2023-08-02
522,2023-08-02 11:42:00+05:30,7176.7001953125,7186.85009765625,7176.39990234375,7185.0498046875,,1893.0,0.0,0.0,2023-08-02
523,2023-08-02 11:43:00+05:30,7186.85009765625,7189.0498046875,7185.0,7186.64990234375,,961.0,0.0,0.0,2023-08-02
524,2023-08-02 11:44:00+05:30,7189.5,7189.89990234375,7185.60009765625,7188.9501953125,,890.0,0.0,0.0,2023-08-02
525,2023-08-02 11:45:00+05:30,7186.10009765625,7189.4501953125,7186.0,7186.0,,580.0,0.0,0.0,2023-08-02
526,2023-08-02 11:46:00+05:30,7186.0,7187.60009765625,7182.5498046875,7182.64990234375,,747.0,0.0,0.0,2023-08-02
527,2023-08-02 11:47:00+05:30,7182.5498046875,7184.89990234375,7182.0,7183.10009765625,,20489.0,0.0,0.0,2023-08-02
528,2023-08-02 11:48:00+05:30,7184.5498046875,7188.10009765625,7182.10009765625,7186.0,,2048.0,0.0,0.0,2023-08-02
529,2023-08-02 11:49:00+05:30,7188.0498046875,7195.0,7188.0498046875,7191.7998046875,,2631.0,0.0,0.0,2023-08-02
530,2023-08-02 11:50:00+05:30,7194.64990234375,7194.9501953125,7191.0,7191.14990234375,,909.0,0.0,0.0,2023-08-02
531,2023-08-02 11:51:00+05:30,7191.14990234375,7193.39990234375,7190.0,7193.39990234375,,689.0,0.0,0.0,2023-08-02
532,2023-08-02 11:52:00+05:30,7193.4501953125,7198.89990234375,7193.4501953125,7197.0,,4114.0,0.0,0.0,2023-08-02
533,2023-08-02 11:53:00+05:30,7196.9501953125,7200.0,7195.0,7199.89990234375,,2617.0,0.0,0.0,2023-08-02
534,2023-08-02 11:54:00+05:30,7200.0,7200.0498046875,7197.2001953125,7198.10009765625,,1130.0,0.0,0.0,2023-08-02
535,2023-08-02 11:55:00+05:30,7198.14990234375,7200.0,7195.5498046875,7196.9501953125,,1627.0,0.0,0.0,2023-08-02
536,2023-08-02 11:56:00+05:30,7197.0,7204.0,7196.25,7202.2998046875,,2614.0,0.0,0.0,2023-08-02
537,2023-08-02 11:57:00+05:30,7200.0498046875,7202.35009765625,7198.0498046875,7198.4501953125,,1622.0,0.0,0.0,2023-08-02
538,2023-08-02 11:58:00+05:30,7198.0498046875,7200.89990234375,7198.0,7198.60009765625,,556.0,0.0,0.0,2023-08-02
539,2023-08-02 11:59:00+05:30,7198.0,7199.75,7197.0,7197.0,,685.0,0.0,0.0,2023-08-02
540,2023-08-02 12:00:00+05:30,7197.0,7198.0,7192.0,7192.10009765625,,1115.0,0.0,0.0,2023-08-02
541,2023-08-02 12:01:00+05:30,7193.7998046875,7195.0,7191.10009765625,7191.2001953125,,970.0,0.0,0.0,2023-08-02
542,2023-08-02 12:02:00+05:30,7191.14990234375,7193.60009765625,7188.2001953125,7189.60009765625,,1299.0,0.0,0.0,2023-08-02
543,2023-08-02 12:03:00+05:30,7188.5498046875,7194.0,7188.25,7193.10009765625,,1096.0,0.0,0.0,2023-08-02
544,2023-08-02 12:04:00+05:30,7192.14990234375,7197.89990234375,7192.14990234375,7197.89990234375,,775.0,0.0,0.0,2023-08-02
545,2023-08-02 12:05:00+05:30,7198.0,7198.7998046875,7196.0,7196.60009765625,,691.0,0.0,0.0,2023-08-02
546,2023-08-02 12:06:00+05:30,7196.60009765625,7196.60009765625,7193.0498046875,7194.0,,666.0,0.0,0.0,2023-08-02
547,2023-08-02 12:07:00+05:30,7195.0,7203.0,7193.25,7199.64990234375,,3005.0,0.0,0.0,2023-08-02
548,2023-08-02 12:08:00+05:30,7202.0,7202.0,7196.5,7199.60009765625,,4115.0,0.0,0.0,2023-08-02
549,2023-08-02 12:09:00+05:30,7199.60009765625,7201.0,7199.0,7199.0,,2110.0,0.0,0.0,2023-08-02
550,2023-08-02 12:10:00+05:30,7200.0,7201.0,7198.0498046875,7199.60009765625,,2414.0,0.0,0.0,2023-08-02
551,2023-08-02 12:11:00+05:30,7199.60009765625,7200.0,7198.2001953125,7200.0,,1027.0,0.0,0.0,2023-08-02
552,2023-08-02 12:12:00+05:30,7200.0,7200.0,7198.0,7199.0498046875,,652.0,0.0,0.0,2023-08-02
553,2023-08-02 12:13:00+05:30,7198.5,7200.0,7195.0,7195.7998046875,,1243.0,0.0,0.0,2023-08-02
554,2023-08-02 12:14:00+05:30,7197.10009765625,7197.10009765625,7192.0498046875,7194.75,,1964.0,0.0,0.0,2023-08-02
555,2023-08-02 12:15:00+05:30,7194.75,7196.5498046875,7194.75,7196.0498046875,,450.0,0.0,0.0,2023-08-02
556,2023-08-02 12:16:00+05:30,7195.5498046875,7196.10009765625,7192.25,7193.5,,764.0,0.0,0.0,2023-08-02
557,2023-08-02 12:17:00+05:30,7195.0,7196.64990234375,7195.0,7196.25,,989.0,0.0,0.0,2023-08-02
558,2023-08-02 12:18:00+05:30,7196.39990234375,7197.7998046875,7195.0,7195.10009765625,,2707.0,0.0,0.0,2023-08-02
559,2023-08-02 12:19:00+05:30,7195.85009765625,7198.5498046875,7195.14990234375,7197.0498046875,,1041.0,0.0,0.0,2023-08-02
560,2023-08-02 12:20:00+05:30,7196.0,7198.5498046875,7195.0,7195.60009765625,,640.0,0.0,0.0,2023-08-02
561,2023-08-02 12:21:00+05:30,7195.0,7197.14990234375,7195.0,7195.0,,516.0,0.0,0.0,2023-08-02
562,2023-08-02 12:22:00+05:30,7195.0,7198.0,7192.0,7192.0,,3659.0,0.0,0.0,2023-08-02
563,2023-08-02 12:23:00+05:30,7192.0,7195.0,7190.0,7194.89990234375,,1044.0,0.0,0.0,2023-08-02
564,2023-08-02 12:24:00+05:30,7194.9501953125,7199.0,7194.9501953125,7198.0498046875,,910.0,0.0,0.0,2023-08-02
565,2023-08-02 12:25:00+05:30,7198.0,7198.9501953125,7195.14990234375,7195.7001953125,,664.0,0.0,0.0,2023-08-02
566,2023-08-02 12:26:00+05:30,7195.7001953125,7196.64990234375,7192.75,7194.7001953125,,666.0,0.0,0.0,2023-08-02
567,2023-08-02 12:27:00+05:30,7192.75,7194.7998046875,7190.0498046875,7192.0498046875,,869.0,0.0,0.0,2023-08-02
568,2023-08-02 12:28:00+05:30,7190.0,7191.75,7190.0,7190.0,,560.0,0.0,0.0,2023-08-02
569,2023-08-02 12:29:00+05:30,7190.0,7191.7998046875,7190.0,7190.7001953125,,478.0,0.0,0.0,2023-08-02
570,2023-08-02 12:30:00+05:30,7190.60009765625,7192.0,7190.0,7190.35009765625,,492.0,0.0,0.0,2023-08-02
571,2023-08-02 12:31:00+05:30,7190.0,7190.4501953125,7185.0,7185.0498046875,,1297.0,0.0,0.0,2023-08-02
572,2023-08-02 12:32:00+05:30,7185.0498046875,7189.25,7184.5498046875,7184.5498046875,,890.0,0.0,0.0,2023-08-02
573,2023-08-02 12:33:00+05:30,7184.5,7187.2001953125,7184.5,7185.7998046875,,526.0,0.0,0.0,2023-08-02
574,2023-08-02 12:34:00+05:30,7185.0498046875,7185.39990234375,7184.0,7184.60009765625,,483.0,0.0,0.0,2023-08-02
575,2023-08-02 12:35:00+05:30,7184.64990234375,7190.0,7182.5,7190.0,,998.0,0.0,0.0,2023-08-02
576,2023-08-02 12:36:00+05:30,7188.9501953125,7190.0,7188.7998046875,7188.7998046875,,749.0,0.0,0.0,2023-08-02
577,2023-08-02 12:37:00+05:30,7188.64990234375,7190.0,7185.9501953125,7188.75,,1154.0,0.0,0.0,2023-08-02
578,2023-08-02 12:38:00+05:30,7188.75,7190.0,7188.5,7189.9501953125,,1137.0,0.0,0.0,2023-08-02
579,2023-08-02 12:39:00+05:30,7189.7001953125,7196.25,7189.25,7189.85009765625,,7233.0,0.0,0.0,2023-08-02
580,2023-08-02 12:40:00+05:30,7190.0,7190.0,7188.2001953125,7188.5498046875,,700.0,0.0,0.0,2023-08-02
581,2023-08-02 12:41:00+05:30,7188.5,7189.7001953125,7186.2998046875,7186.5,,691.0,0.0,0.0,2023-08-02
582,2023-08-02 12:42:00+05:30,7186.5,7187.2001953125,7186.0,7186.0,,702.0,0.0,0.0,2023-08-02
583,2023-08-02 12:43:00+05:30,7186.0,7189.9501953125,7185.0,7187.0,,925.0,0.0,0.0,2023-08-02
584,2023-08-02 12:44:00+05:30,7188.5,7188.5,7182.0,7183.35009765625,,1091.0,0.0,0.0,2023-08-02
585,2023-08-02 12:45:00+05:30,7183.39990234375,7188.2998046875,7182.0,7185.2998046875,,564.0,0.0,0.0,2023-08-02
586,2023-08-02 12:46:00+05:30,7182.7998046875,7185.2998046875,7182.35009765625,7185.0,,216.0,0.0,0.0,2023-08-02
587,2023-08-02 12:47:00+05:30,7188.39990234375,7189.10009765625,7186.4501953125,7186.5,,1803.0,0.0,0.0,2023-08-02
588,2023-08-02 12:48:00+05:30,7187.64990234375,7187.64990234375,7184.39990234375,7186.0,,89.0,0.0,0.0,2023-08-02
589,2023-08-02 12:49:00+05:30,7184.9501953125,7186.0,7184.64990234375,7185.39990234375,,1037.0,0.0,0.0,2023-08-02
590,2023-08-02 12:50:00+05:30,7182.9501953125,7186.0,7181.0,7186.0,,4266.0,0.0,0.0,2023-08-02
591,2023-08-02 12:51:00+05:30,7186.7001953125,7186.7001953125,7184.60009765625,7186.0,,1059.0,0.0,0.0,2023-08-02
592,2023-08-02 12:52:00+05:30,7183.9501953125,7186.25,7182.0498046875,7185.9501953125,,2923.0,0.0,0.0,2023-08-02
593,2023-08-02 12:53:00+05:30,7180.0,7180.0,7179.0498046875,7179.0498046875,,1757.0,0.0,0.0,2023-08-02
594,2023-08-02 12:54:00+05:30,7179.2001953125,7180.0,7177.0498046875,7177.0498046875,,927.0,0.0,0.0,2023-08-02
595,2023-08-02 12:55:00+05:30,7177.0,7177.75,7175.0,7177.75,,4886.0,0.0,0.0,2023-08-02
596,2023-08-02 12:56:00+05:30,7177.9501953125,7178.10009765625,7175.0,7176.0498046875,,1216.0,0.0,0.0,2023-08-02
597,2023-08-02 12:57:00+05:30,7176.0498046875,7179.25,7175.0,7176.2001953125,,2040.0,0.0,0.0,2023-08-02
598,2023-08-02 12:58:00+05:30,7176.2001953125,7179.25,7175.5498046875,7176.75,,470.0,0.0,0.0,2023-08-02
599,2023-08-02 12:59:00+05:30,7176.2001953125,7176.2001953125,7173.0,7174.2001953125,,2535.0,0.0,0.0,2023-08-02
600,2023-08-02 13:00:00+05:30,7174.0,7177.10009765625,7173.0,7173.0,,784.0,0.0,0.0,2023-08-02
601,2023-08-02 13:01:00+05:30,7173.5498046875,7174.5,7172.0,7173.25,,1979.0,0.0,0.0,2023-08-02
602,2023-08-02 13:02:00+05:30,7173.25,7178.5,7173.0,7178.0,,1056.0,0.0,0.0,2023-08-02
603,2023-08-02 13:03:00+05:30,7178.0,7178.5,7175.0,7175.35009765625,,697.0,0.0,0.0,2023-08-02
604,2023-08-02 13:04:00+05:30,7175.39990234375,7177.35009765625,7173.75,7176.35009765625,,678.0,0.0,0.0,2023-08-02
605,2023-08-02 13:05:00+05:30,7176.35009765625,7178.2998046875,7175.0,7177.7001953125,,1023.0,0.0,0.0,2023-08-02
606,2023-08-02 13:06:00+05:30,7177.7001953125,7177.7001953125,7174.64990234375,7175.9501953125,,898.0,0.0,0.0,2023-08-02
607,2023-08-02 13:07:00+05:30,7175.0498046875,7176.7998046875,7173.9501953125,7174.0,,876.0,0.0,0.0,2023-08-02
608,2023-08-02 13:08:00+05:30,7174.75,7175.85009765625,7172.9501953125,7174.0498046875,,803.0,0.0,0.0,2023-08-02
609,2023-08-02 13:09:00+05:30,7175.85009765625,7181.89990234375,7173.5,7181.89990234375,,879.0,0.0,0.0,2023-08-02
610,2023-08-02 13:10:00+05:30,7182.0,7185.0,7180.0,7180.64990234375,,1153.0,0.0,0.0,2023-08-02
611,2023-08-02 13:11:00+05:30,7180.64990234375,7182.5,7176.7998046875,7178.7998046875,,1421.0,0.0,0.0,2023-08-02
612,2023-08-02 13:12:00+05:30,7178.7998046875,7179.9501953125,7177.0498046875,7177.10009765625,,612.0,0.0,0.0,2023-08-02
613,2023-08-02 13:13:00+05:30,7177.10009765625,7178.89990234375,7175.75,7178.4501953125,,997.0,0.0,0.0,2023-08-02
614,2023-08-02 13:14:00+05:30,7178.0498046875,7178.7001953125,7167.89990234375,7172.60009765625,,7093.0,0.0,0.0,2023-08-02
615,2023-08-02 13:15:00+05:30,7173.7998046875,7173.7998046875,7165.0498046875,7169.10009765625,,2744.0,0.0,0.0,2023-08-02
616,2023-08-02 13:16:00+05:30,7169.10009765625,7171.0,7167.0,7169.2001953125,,2331.0,0.0,0.0,2023-08-02
617,2023-08-02 13:17:00+05:30,7169.2998046875,7174.10009765625,7167.5,7171.5498046875,,2883.0,0.0,0.0,2023-08-02
618,2023-08-02 13:18:00+05:30,7174.0498046875,7174.60009765625,7171.39990234375,7172.0498046875,,695.0,0.0,0.0,2023-08-02
619,2023-08-02 13:19:00+05:30,7173.35009765625,7173.35009765625,7170.0,7170.5,,886.0,0.0,0.0,2023-08-02
620,2023-08-02 13:20:00+05:30,7172.4501953125,7173.89990234375,7170.5498046875,7172.2001953125,,697.0,0.0,0.0,2023-08-02
621,2023-08-02 13:21:00+05:30,7171.0,7171.0,7170.0,7170.85009765625,,3995.0,0.0,0.0,2023-08-02
622,2023-08-02 13:22:00+05:30,7170.85009765625,7174.2998046875,7170.85009765625,7171.89990234375,,1180.0,0.0,0.0,2023-08-02
623,2023-08-02 13:23:00+05:30,7171.0498046875,7174.89990234375,7170.0,7171.0,,1387.0,0.0,0.0,2023-08-02
624,2023-08-02 13:24:00+05:30,7172.10009765625,7172.2001953125,7165.0,7165.2998046875,,2999.0,0.0,0.0,2023-08-02
625,2023-08-02 13:25:00+05:30,7167.60009765625,7169.7001953125,7165.0,7166.2001953125,,1705.0,0.0,0.0,2023-08-02
626,2023-08-02 13:26:00+05:30,7168.0,7169.85009765625,7166.2001953125,7168.0,,906.0,0.0,0.0,2023-08-02
627,2023-08-02 13:27:00+05:30,7168.5498046875,7169.14990234375,7162.5,7162.5498046875,,3257.0,0.0,0.0,2023-08-02
628,2023-08-02 13:28:00+05:30,7164.64990234375,7168.2001953125,7161.10009765625,7167.60009765625,,6295.0,0.0,0.0,2023-08-02
629,2023-08-02 13:29:00+05:30,7167.60009765625,7172.0,7167.10009765625,7167.10009765625,,1015.0,0.0,0.0,2023-08-02
630,2023-08-02 13:30:00+05:30,7167.14990234375,7176.0,7167.14990234375,7174.2001953125,,1695.0,0.0,0.0,2023-08-02
631,2023-08-02 13:31:00+05:30,7172.10009765625,7174.0498046875,7162.0,7164.5498046875,,1180.0,0.0,0.0,2023-08-02
632,2023-08-02 13:32:00+05:30,7164.60009765625,7164.64990234375,7161.0,7161.4501953125,,1444.0,0.0,0.0,2023-08-02
633,2023-08-02 13:33:00+05:30,7161.25,7162.0,7160.2998046875,7160.85009765625,,1309.0,0.0,0.0,2023-08-02
634,2023-08-02 13:34:00+05:30,7161.85009765625,7164.64990234375,7161.0,7163.25,,1177.0,0.0,0.0,2023-08-02
635,2023-08-02 13:35:00+05:30,7164.64990234375,7169.0,7162.5,7162.7998046875,,1119.0,0.0,0.0,2023-08-02
636,2023-08-02 13:36:00+05:30,7161.89990234375,7166.0,7161.89990234375,7164.10009765625,,1433.0,0.0,0.0,2023-08-02
637,2023-08-02 13:37:00+05:30,7164.10009765625,7166.0,7163.0,7165.5,,1010.0,0.0,0.0,2023-08-02
638,2023-08-02 13:38:00+05:30,7165.60009765625,7166.0,7155.0,7157.9501953125,,5002.0,0.0,0.0,2023-08-02
639,2023-08-02 13:39:00+05:30,7157.9501953125,7157.9501953125,7153.2001953125,7153.7001953125,,3128.0,0.0,0.0,2023-08-02
640,2023-08-02 13:40:00+05:30,7153.7001953125,7154.7998046875,7151.0,7154.7998046875,,3502.0,0.0,0.0,2023-08-02
641,2023-08-02 13:41:00+05:30,7153.0498046875,7155.0,7151.0,7154.60009765625,,1905.0,0.0,0.0,2023-08-02
642,2023-08-02 13:42:00+05:30,7154.10009765625,7155.0,7150.4501953125,7150.4501953125,,2088.0,0.0,0.0,2023-08-02
643,2023-08-02 13:43:00+05:30,7150.5,7155.0,7150.0,7152.25,,3299.0,0.0,0.0,2023-08-02
644,2023-08-02 13:44:00+05:30,7152.25,7155.0,7150.10009765625,7154.10009765625,,2771.0,0.0,0.0,2023-08-02
645,2023-08-02 13:45:00+05:30,7154.2998046875,7154.2998046875,7145.0,7152.5,,9361.0,0.0,0.0,2023-08-02
646,2023-08-02 13:46:00+05:30,7151.9501953125,7164.25,7150.0,7160.35009765625,,5738.0,0.0,0.0,2023-08-02
647,2023-08-02 13:47:00+05:30,7165.4501953125,7166.0,7153.0498046875,7154.0,,2486.0,0.0,0.0,2023-08-02
648,2023-08-02 13:48:00+05:30,7154.0,7154.0,7148.14990234375,7152.2001953125,,2365.0,0.0,0.0,2023-08-02
649,2023-08-02 13:49:00+05:30,7152.14990234375,7154.9501953125,7151.0498046875,7151.89990234375,,1124.0,0.0,0.0,2023-08-02
650,2023-08-02 13:50:00+05:30,7151.89990234375,7159.10009765625,7151.89990234375,7156.0498046875,,948.0,0.0,0.0,2023-08-02
651,2023-08-02 13:51:00+05:30,7157.0,7157.9501953125,7154.0,7154.10009765625,,758.0,0.0,0.0,2023-08-02
652,2023-08-02 13:52:00+05:30,7154.0,7155.9501953125,7151.0,7155.0,,1331.0,0.0,0.0,2023-08-02
653,2023-08-02 13:53:00+05:30,7155.0,7163.4501953125,7152.5498046875,7162.0,,2059.0,0.0,0.0,2023-08-02
654,2023-08-02 13:54:00+05:30,7163.0,7164.9501953125,7160.39990234375,7163.85009765625,,899.0,0.0,0.0,2023-08-02
655,2023-08-02 13:55:00+05:30,7163.85009765625,7165.7001953125,7160.60009765625,7164.0498046875,,1358.0,0.0,0.0,2023-08-02
656,2023-08-02 13:56:00+05:30,7164.2998046875,7164.2998046875,7162.0,7162.2001953125,,732.0,0.0,0.0,2023-08-02
657,2023-08-02 13:57:00+05:30,7163.0,7164.2998046875,7157.10009765625,7157.75,,1486.0,0.0,0.0,2023-08-02
658,2023-08-02 13:58:00+05:30,7158.10009765625,7162.4501953125,7153.35009765625,7157.10009765625,,1423.0,0.0,0.0,2023-08-02
659,2023-08-02 13:59:00+05:30,7157.0,7158.0,7154.14990234375,7154.2998046875,,1115.0,0.0,0.0,2023-08-02
660,2023-08-02 14:00:00+05:30,7155.2001953125,7158.0,7154.14990234375,7155.0498046875,,844.0,0.0,0.0,2023-08-02
661,2023-08-02 14:01:00+05:30,7155.0498046875,7156.0,7152.14990234375,7155.2998046875,,1818.0,0.0,0.0,2023-08-02
662,2023-08-02 14:02:00+05:30,7154.10009765625,7160.0,7154.10009765625,7157.60009765625,,1641.0,0.0,0.0,2023-08-02
663,2023-08-02 14:03:00+05:30,7157.60009765625,7158.0,7155.35009765625,7155.4501953125,,667.0,0.0,0.0,2023-08-02
664,2023-08-02 14:04:00+05:30,7155.35009765625,7155.35009765625,7149.4501953125,7151.0,,2910.0,0.0,0.0,2023-08-02
665,2023-08-02 14:05:00+05:30,7151.0,7151.0,7147.0,7148.39990234375,,1403.0,0.0,0.0,2023-08-02
666,2023-08-02 14:06:00+05:30,7148.0,7155.0,7148.0,7152.0,,2344.0,0.0,0.0,2023-08-02
667,2023-08-02 14:07:00+05:30,7153.0,7157.5,7150.14990234375,7152.7998046875,,1129.0,0.0,0.0,2023-08-02
668,2023-08-02 14:08:00+05:30,7152.7998046875,7157.0,7152.7998046875,7154.9501953125,,900.0,0.0,0.0,2023-08-02
669,2023-08-02 14:09:00+05:30,7153.7001953125,7154.5498046875,7150.5,7152.0,,958.0,0.0,0.0,2023-08-02
670,2023-08-02 14:10:00+05:30,7152.7001953125,7156.0,7152.39990234375,7152.5,,1106.0,0.0,0.0,2023-08-02
671,2023-08-02 14:11:00+05:30,7154.5498046875,7154.7001953125,7151.0,7151.0,,992.0,0.0,0.0,2023-08-02
672,2023-08-02 14:12:00+05:30,7151.0,7153.0,7148.0,7150.0498046875,,2928.0,0.0,0.0,2023-08-02
673,2023-08-02 14:13:00+05:30,7148.10009765625,7154.60009765625,7147.60009765625,7148.7001953125,,3479.0,0.0,0.0,2023-08-02
674,2023-08-02 14:14:00+05:30,7147.0,7152.0,7146.7001953125,7150.64990234375,,3364.0,0.0,0.0,2023-08-02
675,2023-08-02 14:15:00+05:30,7150.60009765625,7151.0,7146.0,7150.64990234375,,4325.0,0.0,0.0,2023-08-02
676,2023-08-02 14:16:00+05:30,7150.7001953125,7156.89990234375,7149.5498046875,7153.85009765625,,2252.0,0.0,0.0,2023-08-02
677,2023-08-02 14:17:00+05:30,7151.75,7152.25,7148.0498046875,7152.25,,1571.0,0.0,0.0,2023-08-02
678,2023-08-02 14:18:00+05:30,7152.25,7152.9501953125,7149.14990234375,7150.0498046875,,863.0,0.0,0.0,2023-08-02
679,2023-08-02 14:19:00+05:30,7150.0,7151.35009765625,7148.0,7148.0,,1038.0,0.0,0.0,2023-08-02
680,2023-08-02 14:20:00+05:30,7149.89990234375,7156.5498046875,7149.89990234375,7153.14990234375,,1402.0,0.0,0.0,2023-08-02
681,2023-08-02 14:21:00+05:30,7155.0,7157.0,7153.10009765625,7156.85009765625,,1013.0,0.0,0.0,2023-08-02
682,2023-08-02 14:22:00+05:30,7155.0,7157.0,7151.89990234375,7156.7001953125,,1040.0,0.0,0.0,2023-08-02
683,2023-08-02 14:23:00+05:30,7156.7001953125,7156.89990234375,7152.2001953125,7156.25,,1680.0,0.0,0.0,2023-08-02
684,2023-08-02 14:24:00+05:30,7156.25,7159.0,7156.10009765625,7156.10009765625,,1409.0,0.0,0.0,2023-08-02
685,2023-08-02 14:25:00+05:30,7157.10009765625,7157.10009765625,7151.7001953125,7153.89990234375,,1193.0,0.0,0.0,2023-08-02
686,2023-08-02 14:26:00+05:30,7151.39990234375,7157.60009765625,7151.39990234375,7157.60009765625,,1308.0,0.0,0.0,2023-08-02
687,2023-08-02 14:27:00+05:30,7157.60009765625,7158.0,7153.85009765625,7155.5,,1483.0,0.0,0.0,2023-08-02
688,2023-08-02 14:28:00+05:30,7155.5,7155.85009765625,7152.0,7152.2001953125,,323.0,0.0,0.0,2023-08-02
689,2023-08-02 14:29:00+05:30,7157.2998046875,7159.0,7153.5,7156.0,,1731.0,0.0,0.0,2023-08-02
690,2023-08-02 14:30:00+05:30,7156.0,7164.0,7154.75,7164.0,,2871.0,0.0,0.0,2023-08-02
691,2023-08-02 14:31:00+05:30,7164.0,7164.0,7160.5498046875,7163.0,,1157.0,0.0,0.0,2023-08-02
692,2023-08-02 14:32:00+05:30,7162.9501953125,7163.0,7160.5,7160.5498046875,,850.0,0.0,0.0,2023-08-02
693,2023-08-02 14:33:00+05:30,7160.5498046875,7160.60009765625,7156.0,7156.0,,1040.0,0.0,0.0,2023-08-02
694,2023-08-02 14:34:00+05:30,7155.4501953125,7160.0,7155.0,7158.7998046875,,1160.0,0.0,0.0,2023-08-02
695,2023-08-02 14:35:00+05:30,7160.0,7160.0,7155.35009765625,7157.4501953125,,888.0,0.0,0.0,2023-08-02
696,2023-08-02 14:36:00+05:30,7157.85009765625,7170.0,7157.85009765625,7168.0,,5275.0,0.0,0.0,2023-08-02
697,2023-08-02 14:37:00+05:30,7168.0,7173.14990234375,7166.5,7168.9501953125,,2685.0,0.0,0.0,2023-08-02
698,2023-08-02 14:38:00+05:30,7168.9501953125,7172.89990234375,7165.5,7170.0,,2438.0,0.0,0.0,2023-08-02
699,2023-08-02 14:39:00+05:30,7170.0498046875,7172.0,7170.0,7170.4501953125,,1254.0,0.0,0.0,2023-08-02
700,2023-08-02 14:40:00+05:30,7170.10009765625,7172.0,7167.0,7167.14990234375,,1965.0,0.0,0.0,2023-08-02
701,2023-08-02 14:41:00+05:30,7167.0,7169.0,7165.39990234375,7165.85009765625,,883.0,0.0,0.0,2023-08-02
702,2023-08-02 14:42:00+05:30,7166.0,7166.0,7161.0,7164.75,,1496.0,0.0,0.0,2023-08-02
703,2023-08-02 14:43:00+05:30,7164.75,7171.9501953125,7162.0498046875,7171.5,,3744.0,0.0,0.0,2023-08-02
704,2023-08-02 14:44:00+05:30,7171.60009765625,7171.60009765625,7165.0,7170.4501953125,,2564.0,0.0,0.0,2023-08-02
705,2023-08-02 14:45:00+05:30,7170.4501953125,7171.39990234375,7165.0,7166.85009765625,,2395.0,0.0,0.0,2023-08-02
706,2023-08-02 14:46:00+05:30,7166.89990234375,7169.0498046875,7165.0498046875,7165.5,,1124.0,0.0,0.0,2023-08-02
707,2023-08-02 14:47:00+05:30,7165.5,7165.5,7162.0,7164.9501953125,,1439.0,0.0,0.0,2023-08-02
708,2023-08-02 14:48:00+05:30,7165.89990234375,7166.10009765625,7162.25,7163.7001953125,,939.0,0.0,0.0,2023-08-02
709,2023-08-02 14:49:00+05:30,7162.10009765625,7170.0,7162.10009765625,7170.0,,1578.0,0.0,0.0,2023-08-02
710,2023-08-02 14:50:00+05:30,7169.4501953125,7174.9501953125,7168.75,7171.0,,3419.0,0.0,0.0,2023-08-02
711,2023-08-02 14:51:00+05:30,7171.4501953125,7179.0,7171.4501953125,7176.9501953125,,10446.0,0.0,0.0,2023-08-02
712,2023-08-02 14:52:00+05:30,7176.9501953125,7179.0,7175.0,7176.5498046875,,1374.0,0.0,0.0,2023-08-02
713,2023-08-02 14:53:00+05:30,7176.89990234375,7187.0498046875,7176.85009765625,7185.89990234375,,8623.0,0.0,0.0,2023-08-02
714,2023-08-02 14:54:00+05:30,7185.60009765625,7189.0,7185.0,7188.4501953125,,4915.0,0.0,0.0,2023-08-02
715,2023-08-02 14:55:00+05:30,7187.0498046875,7188.64990234375,7183.10009765625,7184.0,,3073.0,0.0,0.0,2023-08-02
716,2023-08-02 14:56:00+05:30,7184.0,7186.0,7182.2998046875,7186.0,,2090.0,0.0,0.0,2023-08-02
717,2023-08-02 14:57:00+05:30,7186.0,7193.0,7185.0,7193.0,,3127.0,0.0,0.0,2023-08-02
718,2023-08-02 14:58:00+05:30,7192.7998046875,7198.7998046875,7192.7998046875,7197.9501953125,,10576.0,0.0,0.0,2023-08-02
719,2023-08-02 14:59:00+05:30,7197.9501953125,7197.9501953125,7190.0,7192.25,,6037.0,0.0,0.0,2023-08-02
720,2023-08-02 15:00:00+05:30,7193.7001953125,7204.9501953125,7192.2998046875,7200.5498046875,,10454.0,0.0,0.0,2023-08-02
721,2023-08-02 15:01:00+05:30,7200.5498046875,7205.5498046875,7200.5498046875,7203.0,,7009.0,0.0,0.0,2023-08-02
722,2023-08-02 15:02:00+05:30,7202.64990234375,7204.7001953125,7201.75,7202.85009765625,,3198.0,0.0,0.0,2023-08-02
723,2023-08-02 15:03:00+05:30,7203.0,7204.2001953125,7200.0,7204.0,,3947.0,0.0,0.0,2023-08-02
724,2023-08-02 15:04:00+05:30,7202.14990234375,7205.0,7202.14990234375,7205.0,,3042.0,0.0,0.0,2023-08-02
725,2023-08-02 15:05:00+05:30,7205.0,7206.0,7195.9501953125,7200.0,,5072.0,0.0,0.0,2023-08-02
726,2023-08-02 15:06:00+05:30,7200.0,7203.64990234375,7199.75,7200.14990234375,,4202.0,0.0,0.0,2023-08-02
727,2023-08-02 15:07:00+05:30,7200.10009765625,7200.10009765625,7197.85009765625,7199.39990234375,,2902.0,0.0,0.0,2023-08-02
728,2023-08-02 15:08:00+05:30,7199.60009765625,7199.7998046875,7193.89990234375,7197.0,,3974.0,0.0,0.0,2023-08-02
729,2023-08-02 15:09:00+05:30,7197.25,7200.0,7197.25,7197.64990234375,,3550.0,0.0,0.0,2023-08-02
730,2023-08-02 15:10:00+05:30,7198.0,7199.0,7195.0,7197.60009765625,,3998.0,0.0,0.0,2023-08-02
731,2023-08-02 15:11:00+05:30,7197.60009765625,7200.0,7197.5,7199.89990234375,,5484.0,0.0,0.0,2023-08-02
732,2023-08-02 15:12:00+05:30,7199.89990234375,7200.0,7198.0,7199.9501953125,,3113.0,0.0,0.0,2023-08-02
733,2023-08-02 15:13:00+05:30,7199.9501953125,7202.0,7199.9501953125,7199.9501953125,,7643.0,0.0,0.0,2023-08-02
734,2023-08-02 15:14:00+05:30,7199.85009765625,7202.0,7199.85009765625,7201.7998046875,,4445.0,0.0,0.0,2023-08-02
735,2023-08-02 15:15:00+05:30,7201.7998046875,7203.64990234375,7200.0,7203.5498046875,,5324.0,0.0,0.0,2023-08-02
736,2023-08-02 15:16:00+05:30,7202.89990234375,7205.5498046875,7202.89990234375,7205.10009765625,,6022.0,0.0,0.0,2023-08-02
737,2023-08-02 15:17:00+05:30,7205.2001953125,7206.0,7204.9501953125,7205.85009765625,,3820.0,0.0,0.0,2023-08-02
738,2023-08-02 15:18:00+05:30,7205.85009765625,7205.85009765625,7198.10009765625,7203.25,,6459.0,0.0,0.0,2023-08-02
739,2023-08-02 15:19:00+05:30,7205.0,7206.60009765625,7203.5,7205.7998046875,,5167.0,0.0,0.0,2023-08-02
740,2023-08-02 15:20:00+05:30,7205.89990234375,7209.0,7198.89990234375,7201.64990234375,,9075.0,0.0,0.0,2023-08-02
741,2023-08-02 15:21:00+05:30,7202.85009765625,7207.2001953125,7200.0,7204.0,,3918.0,0.0,0.0,2023-08-02
742,2023-08-02 15:22:00+05:30,7204.0,7204.60009765625,7199.89990234375,7200.35009765625,,5056.0,0.0,0.0,2023-08-02
743,2023-08-02 15:23:00+05:30,7201.4501953125,7203.0,7197.5498046875,7201.4501953125,,5065.0,0.0,0.0,2023-08-02
744,2023-08-02 15:24:00+05:30,7200.0,7203.0,7198.0,7202.5498046875,,7736.0,0.0,0.0,2023-08-02
745,2023-08-02 15:25:00+05:30,7202.7001953125,7204.0,7199.5498046875,7203.9501953125,,7939.0,0.0,0.0,2023-08-02
746,2023-08-02 15:26:00+05:30,7204.0498046875,7208.0,7202.60009765625,7208.0,,7963.0,0.0,0.0,2023-08-02
747,2023-08-02 15:27:00+05:30,7208.0,7211.0,7205.0,7210.2001953125,,12848.0,0.0,0.0,2023-08-02
748,2023-08-02 15:28:00+05:30,7210.2001953125,7210.75,7205.0,7210.0,,10607.0,0.0,0.0,2023-08-02
749,2023-08-02 15:29:00+05:30,7210.0,7210.7001953125,7205.0,7205.0,,11794.0,0.0,0.0,2023-08-02
750,2023-08-03 09:15:00+05:30,7167.0498046875,7176.4501953125,7155.7998046875,7175.5498046875,,0.0,0.0,0.0,2023-08-03
751,2023-08-03 09:16:00+05:30,7178.14990234375,7179.60009765625,7161.7998046875,7165.0,,4317.0,0.0,0.0,2023-08-03
752,2023-08-03 09:17:00+05:30,7166.75,7175.0,7158.4501953125,7173.64990234375,,5929.0,0.0,0.0,2023-08-03
753,2023-08-03 09:18:00+05:30,7175.0,7189.7998046875,7174.0,7189.0,,5653.0,0.0,0.0,2023-08-03
754,2023-08-03 09:19:00+05:30,7187.0,7195.4501953125,7180.60009765625,7186.89990234375,,3729.0,0.0,0.0,2023-08-03
755,2023-08-03 09:20:00+05:30,7189.14990234375,7201.0,7186.0,7199.9501953125,,3935.0,0.0,0.0,2023-08-03
756,2023-08-03 09:21:00+05:30,7199.0,7201.14990234375,7190.5498046875,7195.9501953125,,2362.0,0.0,0.0,2023-08-03
757,2023-08-03 09:22:00+05:30,7197.10009765625,7207.0,7194.14990234375,7198.5,,6160.0,0.0,0.0,2023-08-03
758,2023-08-03 09:23:00+05:30,7198.2001953125,7199.35009765625,7185.0,7196.25,,5120.0,0.0,0.0,2023-08-03
759,2023-08-03 09:24:00+05:30,7196.89990234375,7204.64990234375,7196.25,7200.0,,3723.0,0.0,0.0,2023-08-03
760,2023-08-03 09:25:00+05:30,7198.0,7202.7001953125,7193.25,7202.14990234375,,2871.0,0.0,0.0,2023-08-03
761,2023-08-03 09:26:00+05:30,7201.10009765625,7203.0,7195.0,7198.35009765625,,1129.0,0.0,0.0,2023-08-03
762,2023-08-03 09:27:00+05:30,7198.35009765625,7214.9501953125,7198.35009765625,7203.0,,6199.0,0.0,0.0,2023-08-03
763,2023-08-03 09:28:00+05:30,7203.85009765625,7208.35009765625,7199.2001953125,7205.0,,2809.0,0.0,0.0,2023-08-03
764,2023-08-03 09:29:00+05:30,7202.64990234375,7208.0,7202.64990234375,7205.5,,1435.0,0.0,0.0,2023-08-03
765,2023-08-03 09:30:00+05:30,7207.75,7214.85009765625,7206.60009765625,7209.4501953125,,2815.0,0.0,0.0,2023-08-03
766,2023-08-03 09:31:00+05:30,7211.75,7224.2998046875,7208.0,7213.9501953125,,5958.0,0.0,0.0,2023-08-03
767,2023-08-03 09:32:00+05:30,7216.0498046875,7220.75,7210.0,7215.4501953125,,2336.0,0.0,0.0,2023-08-03
768,2023-08-03 09:33:00+05:30,7217.39990234375,7221.9501953125,7213.0,7213.0,,1794.0,0.0,0.0,2023-08-03
769,2023-08-03 09:34:00+05:30,7213.0,7213.25,7207.7001953125,7209.7998046875,,1664.0,0.0,0.0,2023-08-03
770,2023-08-03 09:35:00+05:30,7209.7998046875,7214.64990234375,7202.0,7211.7001953125,,4228.0,0.0,0.0,2023-08-03
771,2023-08-03 09:36:00+05:30,7211.75,7211.75,7201.10009765625,7201.89990234375,,1631.0,0.0,0.0,2023-08-03
772,2023-08-03 09:37:00+05:30,7202.0,7204.0,7196.5,7198.5498046875,,2261.0,0.0,0.0,2023-08-03
773,2023-08-03 09:38:00+05:30,7200.0,7203.0,7195.14990234375,7200.0498046875,,1263.0,0.0,0.0,2023-08-03
774,2023-08-03 09:39:00+05:30,7200.0,7201.35009765625,7194.60009765625,7198.0498046875,,1967.0,0.0,0.0,2023-08-03
775,2023-08-03 09:40:00+05:30,7198.0498046875,7203.4501953125,7195.0,7198.60009765625,,1032.0,0.0,0.0,2023-08-03
776,2023-08-03 09:41:00+05:30,7198.60009765625,7200.2001953125,7195.2001953125,7196.10009765625,,1692.0,0.0,0.0,2023-08-03
777,2023-08-03 09:42:00+05:30,7198.0,7203.4501953125,7196.0498046875,7197.0498046875,,1425.0,0.0,0.0,2023-08-03
778,2023-08-03 09:43:00+05:30,7194.0,7197.35009765625,7193.0,7195.0,,4928.0,0.0,0.0,2023-08-03
779,2023-08-03 09:44:00+05:30,7195.0,7195.0498046875,7188.60009765625,7194.85009765625,,5418.0,0.0,0.0,2023-08-03
780,2023-08-03 09:45:00+05:30,7195.9501953125,7201.39990234375,7192.5,7199.7998046875,,1413.0,0.0,0.0,2023-08-03
781,2023-08-03 09:46:00+05:30,7200.0,7200.0,7197.0498046875,7197.10009765625,,1371.0,0.0,0.0,2023-08-03
782,2023-08-03 09:47:00+05:30,7197.10009765625,7208.0,7197.0,7208.0,,2677.0,0.0,0.0,2023-08-03
783,2023-08-03 09:48:00+05:30,7207.0498046875,7219.9501953125,7206.7998046875,7215.75,,4368.0,0.0,0.0,2023-08-03
784,2023-08-03 09:49:00+05:30,7215.7998046875,7219.0,7212.0,7212.0,,2969.0,0.0,0.0,2023-08-03
785,2023-08-03 09:50:00+05:30,7211.7001953125,7214.60009765625,7205.2998046875,7209.60009765625,,1550.0,0.0,0.0,2023-08-03
786,2023-08-03 09:51:00+05:30,7206.4501953125,7210.0,7202.10009765625,7210.0,,2040.0,0.0,0.0,2023-08-03
787,2023-08-03 09:52:00+05:30,7210.75,7213.0,7201.0,7203.0498046875,,1675.0,0.0,0.0,2023-08-03
788,2023-08-03 09:53:00+05:30,7208.4501953125,7209.7001953125,7201.5,7201.9501953125,,2081.0,0.0,0.0,2023-08-03
789,2023-08-03 09:54:00+05:30,7201.0,7206.2998046875,7201.0,7205.0498046875,,1277.0,0.0,0.0,2023-08-03
790,2023-08-03 09:55:00+05:30,7207.89990234375,7207.89990234375,7199.2998046875,7202.2998046875,,1515.0,0.0,0.0,2023-08-03
791,2023-08-03 09:56:00+05:30,7202.2998046875,7205.60009765625,7199.4501953125,7203.4501953125,,1167.0,0.0,0.0,2023-08-03
792,2023-08-03 09:57:00+05:30,7204.75,7212.2001953125,7203.0,7206.64990234375,,1796.0,0.0,0.0,2023-08-03
793,2023-08-03 09:58:00+05:30,7206.2998046875,7207.85009765625,7198.75,7198.75,,1311.0,0.0,0.0,2023-08-03
794,2023-08-03 09:59:00+05:30,7199.9501953125,7201.14990234375,7190.0,7193.10009765625,,4184.0,0.0,0.0,2023-08-03
795,2023-08-03 10:00:00+05:30,7193.10009765625,7193.64990234375,7182.0,7183.0498046875,,5839.0,0.0,0.0,2023-08-03
796,2023-08-03 10:01:00+05:30,7184.5498046875,7185.0,7177.64990234375,7180.9501953125,,5753.0,0.0,0.0,2023-08-03
797,2023-08-03 10:02:00+05:30,7180.9501953125,7181.9501953125,7176.0,7178.5498046875,,2632.0,0.0,0.0,2023-08-03
798,2023-08-03 10:03:00+05:30,7179.0,7186.0498046875,7178.85009765625,7181.5498046875,,2858.0,0.0,0.0,2023-08-03
799,2023-08-03 10:04:00+05:30,7180.25,7184.10009765625,7177.0498046875,7179.7001953125,,2885.0,0.0,0.0,2023-08-03
800,2023-08-03 10:05:00+05:30,7179.7001953125,7187.9501953125,7179.7001953125,7181.60009765625,,1176.0,0.0,0.0,2023-08-03
801,2023-08-03 10:06:00+05:30,7181.64990234375,7185.0,7176.60009765625,7179.5498046875,,2491.0,0.0,0.0,2023-08-03
802,2023-08-03 10:07:00+05:30,7178.5,7184.5498046875,7177.75,7183.7001953125,,1677.0,0.0,0.0,2023-08-03
803,2023-08-03 10:08:00+05:30,7182.14990234375,7184.0,7176.0,7178.60009765625,,4630.0,0.0,0.0,2023-08-03
804,2023-08-03 10:09:00+05:30,7177.14990234375,7178.7998046875,7171.25,7173.10009765625,,3096.0,0.0,0.0,2023-08-03
805,2023-08-03 10:10:00+05:30,7175.2998046875,7179.85009765625,7168.0,7169.35009765625,,2848.0,0.0,0.0,2023-08-03
806,2023-08-03 10:11:00+05:30,7170.7998046875,7178.75,7169.7998046875,7177.0498046875,,2230.0,0.0,0.0,2023-08-03
807,2023-08-03 10:12:00+05:30,7178.89990234375,7180.0,7170.0498046875,7178.5,,1746.0,0.0,0.0,2023-08-03
808,2023-08-03 10:13:00+05:30,7179.75,7179.89990234375,7174.0,7174.0,,2529.0,0.0,0.0,2023-08-03
809,2023-08-03 10:14:00+05:30,7171.7998046875,7173.5,7168.0,7170.0,,3404.0,0.0,0.0,2023-08-03
810,2023-08-03 10:15:00+05:30,7169.9501953125,7173.0,7165.0,7173.0,,1797.0,0.0,0.0,2023-08-03
811,2023-08-03 10:16:00+05:30,7172.14990234375,7173.0,7162.0,7164.60009765625,,5694.0,0.0,0.0,2023-08-03
812,2023-08-03 10:17:00+05:30,7162.89990234375,7168.64990234375,7162.89990234375,7168.64990234375,,1463.0,0.0,0.0,2023-08-03
813,2023-08-03 10:18:00+05:30,7168.35009765625,7170.0,7164.0,7164.0,,1849.0,0.0,0.0,2023-08-03
814,2023-08-03 10:19:00+05:30,7164.64990234375,7175.4501953125,7164.64990234375,7171.89990234375,,1286.0,0.0,0.0,2023-08-03
815,2023-08-03 10:20:00+05:30,7171.9501953125,7171.9501953125,7165.0,7166.89990234375,,987.0,0.0,0.0,2023-08-03
816,2023-08-03 10:21:00+05:30,7166.64990234375,7167.14990234375,7164.9501953125,7164.9501953125,,1956.0,0.0,0.0,2023-08-03
817,2023-08-03 10:22:00+05:30,7166.35009765625,7166.35009765625,7162.0,7162.9501953125,,1874.0,0.0,0.0,2023-08-03
818,2023-08-03 10:23:00+05:30,7163.7998046875,7167.14990234375,7162.0,7165.0498046875,,2212.0,0.0,0.0,2023-08-03
819,2023-08-03 10:24:00+05:30,7165.0498046875,7165.0498046875,7164.0,7164.0,,820.0,0.0,0.0,2023-08-03
820,2023-08-03 10:25:00+05:30,7164.14990234375,7165.60009765625,7162.0,7162.89990234375,,1239.0,0.0,0.0,2023-08-03
821,2023-08-03 10:26:00+05:30,7162.10009765625,7163.60009765625,7162.0,7162.60009765625,,1503.0,0.0,0.0,2023-08-03
822,2023-08-03 10:27:00+05:30,7162.60009765625,7164.0498046875,7162.0,7163.0,,1198.0,0.0,0.0,2023-08-03
823,2023-08-03 10:28:00+05:30,7163.0,7166.0498046875,7160.85009765625,7166.0498046875,,2480.0,0.0,0.0,2023-08-03
824,2023-08-03 10:29:00+05:30,7166.0498046875,7172.9501953125,7165.0,7171.9501953125,,2387.0,0.0,0.0,2023-08-03
825,2023-08-03 10:30:00+05:30,7171.9501953125,7172.0,7170.0498046875,7171.9501953125,,1780.0,0.0,0.0,2023-08-03
826,2023-08-03 10:31:00+05:30,7171.9501953125,7174.0,7168.75,7173.5498046875,,1036.0,0.0,0.0,2023-08-03
827,2023-08-03 10:32:00+05:30,7173.5498046875,7175.75,7173.5,7175.75,,992.0,0.0,0.0,2023-08-03
828,2023-08-03 10:33:00+05:30,7175.39990234375,7175.39990234375,7173.7001953125,7174.0,,912.0,0.0,0.0,2023-08-03
829,2023-08-03 10:34:00+05:30,7173.9501953125,7174.5,7171.0,7172.89990234375,,1235.0,0.0,0.0,2023-08-03
830,2023-08-03 10:35:00+05:30,7172.85009765625,7176.64990234375,7170.2001953125,7170.2001953125,,1296.0,0.0,0.0,2023-08-03
831,2023-08-03 10:36:00+05:30,7171.35009765625,7172.35009765625,7169.39990234375,7169.5,,833.0,0.0,0.0,2023-08-03
832,2023-08-03 10:37:00+05:30,7169.0,7170.75,7168.0,7170.14990234375,,1786.0,0.0,0.0,2023-08-03
833,2023-08-03 10:38:00+05:30,7170.14990234375,7171.39990234375,7169.60009765625,7170.75,,732.0,0.0,0.0,2023-08-03
834,2023-08-03 10:39:00+05:30,7170.89990234375,7173.75,7170.85009765625,7173.75,,741.0,0.0,0.0,2023-08-03
835,2023-08-03 10:40:00+05:30,7173.75,7175.0,7173.5,7173.60009765625,,1839.0,0.0,0.0,2023-08-03
836,2023-08-03 10:41:00+05:30,7173.60009765625,7182.4501953125,7173.60009765625,7180.5,,1454.0,0.0,0.0,2023-08-03
837,2023-08-03 10:42:00+05:30,7179.0498046875,7181.0498046875,7176.9501953125,7176.9501953125,,1439.0,0.0,0.0,2023-08-03
838,2023-08-03 10:43:00+05:30,7177.9501953125,7180.75,7177.10009765625,7180.0,,913.0,0.0,0.0,2023-08-03
839,2023-08-03 10:44:00+05:30,7179.2001953125,7181.0,7178.0498046875,7180.60009765625,,2278.0,0.0,0.0,2023-08-03
840,2023-08-03 10:45:00+05:30,7179.89990234375,7180.60009765625,7177.5498046875,7179.0,,1504.0,0.0,0.0,2023-08-03
841,2023-08-03 10:46:00+05:30,7178.89990234375,7185.0,7177.89990234375,7177.89990234375,,1719.0,0.0,0.0,2023-08-03
842,2023-08-03 10:47:00+05:30,7177.9501953125,7179.9501953125,7176.9501953125,7176.9501953125,,732.0,0.0,0.0,2023-08-03
843,2023-08-03 10:48:00+05:30,7176.0,7178.9501953125,7176.0,7176.25,,717.0,0.0,0.0,2023-08-03
844,2023-08-03 10:49:00+05:30,7175.64990234375,7178.39990234375,7170.0498046875,7170.5,,1567.0,0.0,0.0,2023-08-03
845,2023-08-03 10:50:00+05:30,7171.0498046875,7173.89990234375,7168.0,7168.0498046875,,1685.0,0.0,0.0,2023-08-03
846,2023-08-03 10:51:00+05:30,7168.10009765625,7171.85009765625,7168.10009765625,7169.9501953125,,766.0,0.0,0.0,2023-08-03
847,2023-08-03 10:52:00+05:30,7169.64990234375,7169.89990234375,7163.7998046875,7163.89990234375,,2958.0,0.0,0.0,2023-08-03
848,2023-08-03 10:53:00+05:30,7163.9501953125,7165.5,7163.9501953125,7164.85009765625,,703.0,0.0,0.0,2023-08-03
849,2023-08-03 10:54:00+05:30,7164.85009765625,7169.0,7164.0,7169.0,,685.0,0.0,0.0,2023-08-03
850,2023-08-03 10:55:00+05:30,7168.7998046875,7169.0,7165.64990234375,7167.2001953125,,829.0,0.0,0.0,2023-08-03
851,2023-08-03 10:56:00+05:30,7167.14990234375,7170.0,7167.14990234375,7167.2998046875,,968.0,0.0,0.0,2023-08-03
852,2023-08-03 10:57:00+05:30,7167.25,7170.0,7166.39990234375,7166.39990234375,,1483.0,0.0,0.0,2023-08-03
853,2023-08-03 10:58:00+05:30,7167.4501953125,7170.0,7167.0,7167.0,,926.0,0.0,0.0,2023-08-03
854,2023-08-03 10:59:00+05:30,7167.4501953125,7168.0,7167.0,7167.64990234375,,450.0,0.0,0.0,2023-08-03
855,2023-08-03 11:00:00+05:30,7167.89990234375,7169.7001953125,7167.89990234375,7169.7001953125,,726.0,0.0,0.0,2023-08-03
856,2023-08-03 11:01:00+05:30,7169.64990234375,7169.64990234375,7167.25,7167.25,,394.0,0.0,0.0,2023-08-03
857,2023-08-03 11:02:00+05:30,7167.0,7167.89990234375,7164.14990234375,7167.60009765625,,1325.0,0.0,0.0,2023-08-03
858,2023-08-03 11:03:00+05:30,7167.85009765625,7169.5,7167.60009765625,7168.0,,594.0,0.0,0.0,2023-08-03
859,2023-08-03 11:04:00+05:30,7169.5,7170.0,7167.35009765625,7168.0498046875,,3146.0,0.0,0.0,2023-08-03
860,2023-08-03 11:05:00+05:30,7169.9501953125,7175.0,7168.2998046875,7171.35009765625,,7156.0,0.0,0.0,2023-08-03
861,2023-08-03 11:06:00+05:30,7170.5498046875,7179.5498046875,7170.5498046875,7179.5498046875,,813.0,0.0,0.0,2023-08-03
862,2023-08-03 11:07:00+05:30,7179.2998046875,7184.89990234375,7175.0498046875,7183.10009765625,,2447.0,0.0,0.0,2023-08-03
863,2023-08-03 11:08:00+05:30,7183.10009765625,7184.4501953125,7179.64990234375,7183.89990234375,,875.0,0.0,0.0,2023-08-03
864,2023-08-03 11:09:00+05:30,7183.39990234375,7184.0,7181.9501953125,7183.0498046875,,825.0,0.0,0.0,2023-08-03
865,2023-08-03 11:10:00+05:30,7183.10009765625,7183.5498046875,7180.2998046875,7181.89990234375,,844.0,0.0,0.0,2023-08-03
866,2023-08-03 11:11:00+05:30,7181.9501953125,7183.7001953125,7181.89990234375,7182.25,,1137.0,0.0,0.0,2023-08-03
867,2023-08-03 11:12:00+05:30,7182.2001953125,7182.2998046875,7175.60009765625,7175.60009765625,,1596.0,0.0,0.0,2023-08-03
868,2023-08-03 11:13:00+05:30,7175.2001953125,7180.0,7175.2001953125,7175.75,,1353.0,0.0,0.0,2023-08-03
869,2023-08-03 11:14:00+05:30,7176.2998046875,7178.7998046875,7175.7998046875,7176.7001953125,,494.0,0.0,0.0,2023-08-03
870,2023-08-03 11:15:00+05:30,7176.0,7176.7001953125,7176.0,7176.0,,792.0,0.0,0.0,2023-08-03
871,2023-08-03 11:16:00+05:30,7176.0,7177.0,7175.0,7175.0,,1528.0,0.0,0.0,2023-08-03
872,2023-08-03 11:17:00+05:30,7175.0498046875,7176.5498046875,7175.0,7176.2001953125,,1451.0,0.0,0.0,2023-08-03
873,2023-08-03 11:18:00+05:30,7176.2001953125,7176.2001953125,7174.0,7174.75,,1995.0,0.0,0.0,2023-08-03
874,2023-08-03 11:19:00+05:30,7175.2998046875,7176.85009765625,7168.60009765625,7169.7001953125,,1003.0,0.0,0.0,2023-08-03
875,2023-08-03 11:20:00+05:30,7170.25,7170.25,7169.60009765625,7169.75,,263.0,0.0,0.0,2023-08-03
876,2023-08-03 11:21:00+05:30,7169.35009765625,7169.39990234375,7166.25,7166.4501953125,,854.0,0.0,0.0,2023-08-03
877,2023-08-03 11:22:00+05:30,7166.4501953125,7169.85009765625,7165.0,7169.7001953125,,652.0,0.0,0.0,2023-08-03
878,2023-08-03 11:23:00+05:30,7167.64990234375,7170.0,7165.10009765625,7168.9501953125,,627.0,0.0,0.0,2023-08-03
879,2023-08-03 11:24:00+05:30,7169.5,7171.9501953125,7168.0,7169.5,,825.0,0.0,0.0,2023-08-03
880,2023-08-03 11:25:00+05:30,7170.9501953125,7176.2998046875,7170.0,7171.60009765625,,2822.0,0.0,0.0,2023-08-03
881,2023-08-03 11:26:00+05:30,7170.89990234375,7175.5,7170.89990234375,7171.0,,462.0,0.0,0.0,2023-08-03
882,2023-08-03 11:27:00+05:30,7171.35009765625,7172.89990234375,7169.5,7169.7001953125,,534.0,0.0,0.0,2023-08-03
883,2023-08-03 11:28:00+05:30,7169.75,7187.14990234375,7169.7001953125,7183.10009765625,,2260.0,0.0,0.0,2023-08-03
884,2023-08-03 11:29:00+05:30,7184.4501953125,7189.5,7180.10009765625,7186.5,,2357.0,0.0,0.0,2023-08-03
885,2023-08-03 11:30:00+05:30,7186.75,7190.0,7182.60009765625,7184.0498046875,,4276.0,0.0,0.0,2023-08-03
886,2023-08-03 11:31:00+05:30,7188.14990234375,7196.5,7187.2998046875,7194.10009765625,,2216.0,0.0,0.0,2023-08-03
887,2023-08-03 11:32:00+05:30,7192.5498046875,7193.25,7189.4501953125,7189.5498046875,,861.0,0.0,0.0,2023-08-03
888,2023-08-03 11:33:00+05:30,7189.89990234375,7189.89990234375,7186.64990234375,7186.64990234375,,579.0,0.0,0.0,2023-08-03
889,2023-08-03 11:34:00+05:30,7186.9501953125,7186.9501953125,7181.5,7182.7998046875,,952.0,0.0,0.0,2023-08-03
890,2023-08-03 11:35:00+05:30,7182.64990234375,7183.2998046875,7179.0498046875,7180.10009765625,,754.0,0.0,0.0,2023-08-03
891,2023-08-03 11:36:00+05:30,7180.0,7183.2998046875,7179.4501953125,7179.7001953125,,1287.0,0.0,0.0,2023-08-03
892,2023-08-03 11:37:00+05:30,7179.85009765625,7185.0,7179.7001953125,7185.0,,814.0,0.0,0.0,2023-08-03
893,2023-08-03 11:38:00+05:30,7184.2998046875,7185.5,7183.35009765625,7185.0,,653.0,0.0,0.0,2023-08-03
894,2023-08-03 11:39:00+05:30,7184.7998046875,7191.0,7183.14990234375,7186.85009765625,,1000.0,0.0,0.0,2023-08-03
895,2023-08-03 11:40:00+05:30,7188.7998046875,7190.5,7187.0,7188.14990234375,,578.0,0.0,0.0,2023-08-03
896,2023-08-03 11:41:00+05:30,7188.14990234375,7189.9501953125,7181.14990234375,7182.89990234375,,1759.0,0.0,0.0,2023-08-03
897,2023-08-03 11:42:00+05:30,7182.75,7184.89990234375,7181.39990234375,7181.39990234375,,533.0,0.0,0.0,2023-08-03
898,2023-08-03 11:43:00+05:30,7181.25,7184.10009765625,7180.0,7181.2998046875,,421.0,0.0,0.0,2023-08-03
899,2023-08-03 11:44:00+05:30,7181.2998046875,7183.75,7181.0,7182.25,,434.0,0.0,0.0,2023-08-03
900,2023-08-03 11:45:00+05:30,7182.25,7183.9501953125,7181.14990234375,7181.7998046875,,360.0,0.0,0.0,2023-08-03
901,2023-08-03 11:46:00+05:30,7181.7998046875,7182.75,7181.10009765625,7181.89990234375,,397.0,0.0,0.0,2023-08-03
902,2023-08-03 11:47:00+05:30,7182.0,7182.0,7179.60009765625,7179.9501953125,,813.0,0.0,0.0,2023-08-03
903,2023-08-03 11:48:00+05:30,7179.89990234375,7179.9501953125,7175.0,7176.0,,1206.0,0.0,0.0,2023-08-03
904,2023-08-03 11:49:00+05:30,7175.10009765625,7178.0,7173.4501953125,7174.75,,690.0,0.0,0.0,2023-08-03
905,2023-08-03 11:50:00+05:30,7174.75,7175.7001953125,7170.2001953125,7175.7001953125,,751.0,0.0,0.0,2023-08-03
906,2023-08-03 11:51:00+05:30,7173.9501953125,7175.10009765625,7170.2001953125,7171.10009765625,,470.0,0.0,0.0,2023-08-03
907,2023-08-03 11:52:00+05:30,7171.5498046875,7171.9501953125,7166.35009765625,7169.0498046875,,1794.0,0.0,0.0,2023-08-03
908,2023-08-03 11:53:00+05:30,7169.14990234375,7170.0,7168.64990234375,7169.10009765625,,1082.0,0.0,0.0,2023-08-03
909,2023-08-03 11:54:00+05:30,7169.0,7170.0,7169.0,7170.0,,440.0,0.0,0.0,2023-08-03
910,2023-08-03 11:55:00+05:30,7170.0,7170.0,7167.5,7169.25,,1073.0,0.0,0.0,2023-08-03
911,2023-08-03 11:56:00+05:30,7170.0,7170.0,7167.5498046875,7169.0498046875,,596.0,0.0,0.0,2023-08-03
912,2023-08-03 11:57:00+05:30,7169.0,7170.0,7165.0,7166.35009765625,,1047.0,0.0,0.0,2023-08-03
913,2023-08-03 11:58:00+05:30,7168.39990234375,7175.0,7166.0,7170.7998046875,,2233.0,0.0,0.0,2023-08-03
914,2023-08-03 11:59:00+05:30,7170.85009765625,7175.7998046875,7170.0498046875,7170.0498046875,,2114.0,0.0,0.0,2023-08-03
915,2023-08-03 12:00:00+05:30,7170.0,7173.9501953125,7170.0,7170.0498046875,,1965.0,0.0,0.0,2023-08-03
916,2023-08-03 12:01:00+05:30,7170.5498046875,7172.5,7170.0,7171.35009765625,,381.0,0.0,0.0,2023-08-03
917,2023-08-03 12:02:00+05:30,7171.2998046875,7171.2998046875,7167.10009765625,7168.14990234375,,818.0,0.0,0.0,2023-08-03
918,2023-08-03 12:03:00+05:30,7168.2001953125,7169.2998046875,7167.0,7168.75,,571.0,0.0,0.0,2023-08-03
919,2023-08-03 12:04:00+05:30,7168.75,7169.9501953125,7165.0,7168.89990234375,,1442.0,0.0,0.0,2023-08-03
920,2023-08-03 12:05:00+05:30,7168.9501953125,7169.89990234375,7168.0498046875,7169.0,,305.0,0.0,0.0,2023-08-03
921,2023-08-03 12:06:00+05:30,7168.5,7176.2001953125,7168.5,7176.2001953125,,563.0,0.0,0.0,2023-08-03
922,2023-08-03 12:07:00+05:30,7176.2001953125,7178.25,7171.0,7171.9501953125,,970.0,0.0,0.0,2023-08-03
923,2023-08-03 12:08:00+05:30,7172.14990234375,7177.0,7170.0498046875,7173.0,,1865.0,0.0,0.0,2023-08-03
924,2023-08-03 12:09:00+05:30,7175.10009765625,7176.75,7172.0498046875,7172.35009765625,,535.0,0.0,0.0,2023-08-03
925,2023-08-03 12:10:00+05:30,7172.0,7174.75,7172.0,7172.39990234375,,458.0,0.0,0.0,2023-08-03
926,2023-08-03 12:11:00+05:30,7172.0,7175.7001953125,7171.2998046875,7173.25,,584.0,0.0,0.0,2023-08-03
927,2023-08-03 12:12:00+05:30,7171.89990234375,7173.0,7171.2998046875,7172.14990234375,,698.0,0.0,0.0,2023-08-03
928,2023-08-03 12:13:00+05:30,7171.89990234375,7173.0,7170.7001953125,7170.7001953125,,2037.0,0.0,0.0,2023-08-03
929,2023-08-03 12:14:00+05:30,7172.85009765625,7172.85009765625,7162.0,7162.10009765625,,4227.0,0.0,0.0,2023-08-03
930,2023-08-03 12:15:00+05:30,7162.10009765625,7163.0,7148.0498046875,7153.9501953125,,14113.0,0.0,0.0,2023-08-03
931,2023-08-03 12:16:00+05:30,7154.9501953125,7159.75,7151.25,7152.0,,2421.0,0.0,0.0,2023-08-03
932,2023-08-03 12:17:00+05:30,7152.0,7155.0,7149.89990234375,7154.14990234375,,2970.0,0.0,0.0,2023-08-03
933,2023-08-03 12:18:00+05:30,7153.75,7158.14990234375,7153.75,7157.7998046875,,1295.0,0.0,0.0,2023-08-03
934,2023-08-03 12:19:00+05:30,7157.85009765625,7158.25,7155.0,7156.85009765625,,782.0,0.0,0.0,2023-08-03
935,2023-08-03 12:20:00+05:30,7156.64990234375,7159.0,7151.0,7151.5,,1193.0,0.0,0.0,2023-08-03
936,2023-08-03 12:21:00+05:30,7151.2001953125,7155.0,7151.2001953125,7152.64990234375,,659.0,0.0,0.0,2023-08-03
937,2023-08-03 12:22:00+05:30,7152.4501953125,7153.5,7148.2998046875,7148.9501953125,,7303.0,0.0,0.0,2023-08-03
938,2023-08-03 12:23:00+05:30,7148.4501953125,7148.9501953125,7144.35009765625,7146.5,,2851.0,0.0,0.0,2023-08-03
939,2023-08-03 12:24:00+05:30,7145.39990234375,7147.0,7140.0,7142.5,,4942.0,0.0,0.0,2023-08-03
940,2023-08-03 12:25:00+05:30,7142.75,7145.35009765625,7140.0498046875,7145.35009765625,,1038.0,0.0,0.0,2023-08-03
941,2023-08-03 12:26:00+05:30,7145.0,7146.39990234375,7141.60009765625,7141.64990234375,,2402.0,0.0,0.0,2023-08-03
942,2023-08-03 12:27:00+05:30,7141.85009765625,7142.5,7134.0,7136.4501953125,,6648.0,0.0,0.0,2023-08-03
943,2023-08-03 12:28:00+05:30,7137.5498046875,7143.0,7135.2001953125,7140.7998046875,,1478.0,0.0,0.0,2023-08-03
944,2023-08-03 12:29:00+05:30,7140.2001953125,7142.35009765625,7137.0,7138.10009765625,,1244.0,0.0,0.0,2023-08-03
945,2023-08-03 12:30:00+05:30,7140.14990234375,7140.4501953125,7131.0,7131.25,,2970.0,0.0,0.0,2023-08-03
946,2023-08-03 12:31:00+05:30,7131.25,7133.64990234375,7122.60009765625,7133.64990234375,,12157.0,0.0,0.0,2023-08-03
947,2023-08-03 12:32:00+05:30,7130.5498046875,7136.64990234375,7126.89990234375,7133.39990234375,,1854.0,0.0,0.0,2023-08-03
948,2023-08-03 12:33:00+05:30,7132.60009765625,7135.0,7129.25,7134.0,,2215.0,0.0,0.0,2023-08-03
949,2023-08-03 12:34:00+05:30,7133.9501953125,7135.0,7130.75,7132.9501953125,,964.0,0.0,0.0,2023-08-03
950,2023-08-03 12:35:00+05:30,7132.64990234375,7135.5,7129.7001953125,7130.60009765625,,3578.0,0.0,0.0,2023-08-03
951,2023-08-03 12:36:00+05:30,7129.7001953125,7135.85009765625,7129.7001953125,7133.60009765625,,2167.0,0.0,0.0,2023-08-03
952,2023-08-03 12:37:00+05:30,7132.5,7135.0,7132.0,7134.5498046875,,963.0,0.0,0.0,2023-08-03
953,2023-08-03 12:38:00+05:30,7134.5498046875,7134.7001953125,7132.14990234375,7132.85009765625,,2104.0,0.0,0.0,2023-08-03
954,2023-08-03 12:39:00+05:30,7134.4501953125,7134.4501953125,7121.0,7122.10009765625,,4201.0,0.0,0.0,2023-08-03
955,2023-08-03 12:40:00+05:30,7122.10009765625,7125.5,7111.14990234375,7116.0,,7611.0,0.0,0.0,2023-08-03
956,2023-08-03 12:41:00+05:30,7115.85009765625,7119.5,7114.0,7119.5,,1555.0,0.0,0.0,2023-08-03
957,2023-08-03 12:42:00+05:30,7120.0,7120.0498046875,7117.4501953125,7119.2001953125,,3882.0,0.0,0.0,2023-08-03
958,2023-08-03 12:43:00+05:30,7119.2001953125,7120.0,7119.0,7119.64990234375,,1674.0,0.0,0.0,2023-08-03
959,2023-08-03 12:44:00+05:30,7119.5,7119.75,7111.0,7113.35009765625,,2465.0,0.0,0.0,2023-08-03
960,2023-08-03 12:45:00+05:30,7112.39990234375,7115.75,7110.0,7110.64990234375,,5479.0,0.0,0.0,2023-08-03
961,2023-08-03 12:46:00+05:30,7110.0,7112.5498046875,7107.0,7109.25,,2810.0,0.0,0.0,2023-08-03
962,2023-08-03 12:47:00+05:30,7101.4501953125,7103.2001953125,7101.10009765625,7103.2001953125,,6773.0,0.0,0.0,2023-08-03
963,2023-08-03 12:48:00+05:30,7103.14990234375,7107.4501953125,7093.10009765625,7093.10009765625,,7945.0,0.0,0.0,2023-08-03
964,2023-08-03 12:49:00+05:30,7103.9501953125,7103.9501953125,7096.5,7097.7001953125,,5421.0,0.0,0.0,2023-08-03
965,2023-08-03 12:50:00+05:30,7096.5,7101.4501953125,7095.9501953125,7101.4501953125,,1998.0,0.0,0.0,2023-08-03
966,2023-08-03 12:51:00+05:30,7101.0,7108.0,7099.75,7107.0,,2931.0,0.0,0.0,2023-08-03
967,2023-08-03 12:52:00+05:30,7105.9501953125,7108.64990234375,7099.2001953125,7099.2001953125,,3536.0,0.0,0.0,2023-08-03
968,2023-08-03 12:53:00+05:30,7099.2001953125,7103.5,7099.2001953125,7102.5,,1759.0,0.0,0.0,2023-08-03
969,2023-08-03 12:54:00+05:30,7102.10009765625,7103.0,7098.0,7099.7001953125,,1496.0,0.0,0.0,2023-08-03
970,2023-08-03 12:55:00+05:30,7100.0,7103.14990234375,7095.0498046875,7097.7001953125,,3543.0,0.0,0.0,2023-08-03
971,2023-08-03 12:56:00+05:30,7097.75,7101.0,7092.0,7092.0,,1753.0,0.0,0.0,2023-08-03
972,2023-08-03 12:57:00+05:30,7092.0,7095.89990234375,7086.14990234375,7094.89990234375,,5466.0,0.0,0.0,2023-08-03
973,2023-08-03 12:58:00+05:30,7098.25,7099.25,7094.0498046875,7096.2001953125,,1010.0,0.0,0.0,2023-08-03
974,2023-08-03 12:59:00+05:30,7096.14990234375,7104.5498046875,7096.14990234375,7104.14990234375,,1291.0,0.0,0.0,2023-08-03
975,2023-08-03 13:00:00+05:30,7102.85009765625,7103.9501953125,7095.0,7095.4501953125,,1608.0,0.0,0.0,2023-08-03
976,2023-08-03 13:01:00+05:30,7095.0,7096.5498046875,7093.0,7093.4501953125,,2512.0,0.0,0.0,2023-08-03
977,2023-08-03 13:02:00+05:30,7093.0,7093.4501953125,7084.4501953125,7088.0,,2834.0,0.0,0.0,2023-08-03
978,2023-08-03 13:03:00+05:30,7087.4501953125,7092.5498046875,7085.0,7089.7001953125,,2642.0,0.0,0.0,2023-08-03
979,2023-08-03 13:04:00+05:30,7087.14990234375,7090.0,7085.4501953125,7088.0,,2370.0,0.0,0.0,2023-08-03
980,2023-08-03 13:05:00+05:30,7088.0,7090.39990234375,7086.25,7090.39990234375,,1791.0,0.0,0.0,2023-08-03
981,2023-08-03 13:06:00+05:30,7088.35009765625,7099.4501953125,7088.35009765625,7098.5,,1450.0,0.0,0.0,2023-08-03
982,2023-08-03 13:07:00+05:30,7099.85009765625,7101.39990234375,7094.85009765625,7095.2001953125,,2542.0,0.0,0.0,2023-08-03
983,2023-08-03 13:08:00+05:30,7092.9501953125,7100.64990234375,7092.9501953125,7095.75,,1698.0,0.0,0.0,2023-08-03
984,2023-08-03 13:09:00+05:30,7095.5,7097.35009765625,7085.0,7086.10009765625,,1997.0,0.0,0.0,2023-08-03
985,2023-08-03 13:10:00+05:30,7085.5498046875,7091.10009765625,7085.0,7087.0,,1403.0,0.0,0.0,2023-08-03
986,2023-08-03 13:11:00+05:30,7087.0,7089.0498046875,7085.7001953125,7088.0498046875,,1356.0,0.0,0.0,2023-08-03
987,2023-08-03 13:12:00+05:30,7087.64990234375,7088.60009765625,7075.0,7075.60009765625,,6458.0,0.0,0.0,2023-08-03
988,2023-08-03 13:13:00+05:30,7075.60009765625,7084.9501953125,7075.0,7084.9501953125,,2041.0,0.0,0.0,2023-08-03
989,2023-08-03 13:14:00+05:30,7084.39990234375,7085.0,7080.0,7080.0,,3755.0,0.0,0.0,2023-08-03
990,2023-08-03 13:15:00+05:30,7080.0,7082.89990234375,7076.14990234375,7076.25,,2098.0,0.0,0.0,2023-08-03
991,2023-08-03 13:16:00+05:30,7075.60009765625,7083.9501953125,7075.60009765625,7078.25,,2600.0,0.0,0.0,2023-08-03
992,2023-08-03 13:17:00+05:30,7079.5,7079.5,7075.25,7075.5,,2473.0,0.0,0.0,2023-08-03
993,2023-08-03 13:18:00+05:30,7075.5,7076.10009765625,7072.14990234375,7073.10009765625,,4112.0,0.0,0.0,2023-08-03
994,2023-08-03 13:19:00+05:30,7073.2998046875,7075.0,7062.0498046875,7062.10009765625,,7922.0,0.0,0.0,2023-08-03
995,2023-08-03 13:20:00+05:30,7062.0498046875,7065.25,7062.0498046875,7062.2001953125,,2274.0,0.0,0.0,2023-08-03
996,2023-08-03 13:21:00+05:30,7061.0498046875,7063.0,7058.0,7058.39990234375,,4686.0,0.0,0.0,2023-08-03
997,2023-08-03 13:22:00+05:30,7061.64990234375,7063.0,7058.60009765625,7061.39990234375,,2300.0,0.0,0.0,2023-08-03
998,2023-08-03 13:23:00+05:30,7060.0,7062.9501953125,7057.0,7058.0,,2108.0,0.0,0.0,2023-08-03
999,2023-08-03 13:24:00+05:30,7056.89990234375,7062.0,7056.64990234375,7060.0498046875,,2632.0,0.0,0.0,2023-08-03
1000,2023-08-03 13:25:00+05:30,7060.0498046875,7062.85009765625,7056.60009765625,7056.60009765625,,1755.0,0.0,0.0,2023-08-03
1001,2023-08-03 13:26:00+05:30,7056.2998046875,7058.10009765625,7051.0,7055.35009765625,,3649.0,0.0,0.0,2023-08-03
1002,2023-08-03 13:27:00+05:30,7052.14990234375,7054.7001953125,7050.0498046875,7050.5,,3264.0,0.0,0.0,2023-08-03
1003,2023-08-03 13:28:00+05:30,7050.7998046875,7059.7998046875,7050.0498046875,7057.85009765625,,1912.0,0.0,0.0,2023-08-03
1004,2023-08-03 13:29:00+05:30,7056.2998046875,7059.7001953125,7055.0,7057.0,,2033.0,0.0,0.0,2023-08-03
1005,2023-08-03 13:30:00+05:30,7057.14990234375,7061.39990234375,7057.14990234375,7058.60009765625,,2184.0,0.0,0.0,2023-08-03
1006,2023-08-03 13:31:00+05:30,7059.5498046875,7060.0,7057.7001953125,7057.7001953125,,1612.0,0.0,0.0,2023-08-03
1007,2023-08-03 13:32:00+05:30,7057.7001953125,7064.75,7056.14990234375,7060.2001953125,,1793.0,0.0,0.0,2023-08-03
1008,2023-08-03 13:33:00+05:30,7060.0498046875,7062.0,7055.5498046875,7055.9501953125,,2028.0,0.0,0.0,2023-08-03
1009,2023-08-03 13:34:00+05:30,7055.9501953125,7057.0,7053.0,7054.2998046875,,2152.0,0.0,0.0,2023-08-03
1010,2023-08-03 13:35:00+05:30,7054.5,7058.9501953125,7053.60009765625,7057.5,,2285.0,0.0,0.0,2023-08-03
1011,2023-08-03 13:36:00+05:30,7057.2998046875,7061.4501953125,7057.10009765625,7058.60009765625,,1325.0,0.0,0.0,2023-08-03
1012,2023-08-03 13:37:00+05:30,7057.85009765625,7068.9501953125,7057.0,7066.35009765625,,2277.0,0.0,0.0,2023-08-03
1013,2023-08-03 13:38:00+05:30,7066.35009765625,7069.0,7064.2001953125,7067.5,,2594.0,0.0,0.0,2023-08-03
1014,2023-08-03 13:39:00+05:30,7068.60009765625,7068.89990234375,7062.14990234375,7062.5498046875,,2134.0,0.0,0.0,2023-08-03
1015,2023-08-03 13:40:00+05:30,7062.14990234375,7063.2001953125,7056.0,7056.0,,3032.0,0.0,0.0,2023-08-03
1016,2023-08-03 13:41:00+05:30,7056.0,7058.14990234375,7054.89990234375,7054.89990234375,,1420.0,0.0,0.0,2023-08-03
1017,2023-08-03 13:42:00+05:30,7057.2001953125,7057.2001953125,7051.9501953125,7052.60009765625,,1584.0,0.0,0.0,2023-08-03
1018,2023-08-03 13:43:00+05:30,7052.60009765625,7055.0,7051.10009765625,7052.0498046875,,1872.0,0.0,0.0,2023-08-03
1019,2023-08-03 13:44:00+05:30,7053.0,7054.25,7050.25,7050.60009765625,,2170.0,0.0,0.0,2023-08-03
1020,2023-08-03 13:45:00+05:30,7050.25,7050.7001953125,7044.4501953125,7045.0498046875,,8072.0,0.0,0.0,2023-08-03
1021,2023-08-03 13:46:00+05:30,7046.75,7050.0,7045.0,7048.14990234375,,1707.0,0.0,0.0,2023-08-03
1022,2023-08-03 13:47:00+05:30,7048.25,7053.7998046875,7046.60009765625,7046.89990234375,,2052.0,0.0,0.0,2023-08-03
1023,2023-08-03 13:48:00+05:30,7046.14990234375,7049.0,7045.0,7047.25,,2538.0,0.0,0.0,2023-08-03
1024,2023-08-03 13:49:00+05:30,7049.0,7049.0,7044.7001953125,7045.0,,2286.0,0.0,0.0,2023-08-03
1025,2023-08-03 13:50:00+05:30,7045.2998046875,7050.0,7044.0498046875,7046.0,,2247.0,0.0,0.0,2023-08-03
1026,2023-08-03 13:51:00+05:30,7045.0498046875,7050.0,7045.0498046875,7047.39990234375,,3054.0,0.0,0.0,2023-08-03
1027,2023-08-03 13:52:00+05:30,7050.5,7057.89990234375,7046.0498046875,7047.0,,7888.0,0.0,0.0,2023-08-03
1028,2023-08-03 13:53:00+05:30,7046.35009765625,7049.9501953125,7043.75,7046.0498046875,,2982.0,0.0,0.0,2023-08-03
1029,2023-08-03 13:54:00+05:30,7046.0498046875,7049.75,7041.10009765625,7041.10009765625,,3153.0,0.0,0.0,2023-08-03
1030,2023-08-03 13:55:00+05:30,7041.0,7041.2001953125,7037.60009765625,7038.0,,4619.0,0.0,0.0,2023-08-03
1031,2023-08-03 13:56:00+05:30,7037.0,7038.9501953125,7032.5498046875,7033.5,,5632.0,0.0,0.0,2023-08-03
1032,2023-08-03 13:57:00+05:30,7033.5,7041.85009765625,7033.5,7039.4501953125,,3894.0,0.0,0.0,2023-08-03
1033,2023-08-03 13:58:00+05:30,7037.64990234375,7039.10009765625,7031.7001953125,7034.60009765625,,2340.0,0.0,0.0,2023-08-03
1034,2023-08-03 13:59:00+05:30,7032.39990234375,7035.10009765625,7030.64990234375,7031.5,,3776.0,0.0,0.0,2023-08-03
1035,2023-08-03 14:00:00+05:30,7034.35009765625,7038.9501953125,7030.5498046875,7037.0,,2549.0,0.0,0.0,2023-08-03
1036,2023-08-03 14:01:00+05:30,7036.14990234375,7043.0,7036.0,7041.0498046875,,3974.0,0.0,0.0,2023-08-03
1037,2023-08-03 14:02:00+05:30,7041.0,7043.14990234375,7037.14990234375,7040.5498046875,,4000.0,0.0,0.0,2023-08-03
1038,2023-08-03 14:03:00+05:30,7039.4501953125,7041.0,7031.2998046875,7032.5,,3162.0,0.0,0.0,2023-08-03
1039,2023-08-03 14:04:00+05:30,7033.0,7034.0,7029.0,7029.0,,4771.0,0.0,0.0,2023-08-03
1040,2023-08-03 14:05:00+05:30,7028.9501953125,7029.0,7021.9501953125,7021.9501953125,,7729.0,0.0,0.0,2023-08-03
1041,2023-08-03 14:06:00+05:30,7021.60009765625,7026.2001953125,7021.2001953125,7022.0,,3640.0,0.0,0.0,2023-08-03
1042,2023-08-03 14:07:00+05:30,7022.0,7032.4501953125,7018.60009765625,7029.0498046875,,7190.0,0.0,0.0,2023-08-03
1043,2023-08-03 14:08:00+05:30,7029.0,7038.0,7029.0,7037.9501953125,,3826.0,0.0,0.0,2023-08-03
1044,2023-08-03 14:09:00+05:30,7035.2001953125,7038.0,7031.0,7031.0,,3894.0,0.0,0.0,2023-08-03
1045,2023-08-03 14:10:00+05:30,7031.0498046875,7045.2998046875,7031.0498046875,7045.0498046875,,9082.0,0.0,0.0,2023-08-03
1046,2023-08-03 14:11:00+05:30,7045.0498046875,7045.0498046875,7042.2001953125,7043.0,,5923.0,0.0,0.0,2023-08-03
1047,2023-08-03 14:12:00+05:30,7042.9501953125,7044.7998046875,7037.39990234375,7038.0,,2812.0,0.0,0.0,2023-08-03
1048,2023-08-03 14:13:00+05:30,7038.0,7047.0498046875,7037.39990234375,7047.0498046875,,4068.0,0.0,0.0,2023-08-03
1049,2023-08-03 14:14:00+05:30,7046.25,7069.7998046875,7046.25,7067.7998046875,,7520.0,0.0,0.0,2023-08-03
1050,2023-08-03 14:15:00+05:30,7067.0,7077.89990234375,7066.25,7071.7998046875,,6936.0,0.0,0.0,2023-08-03
1051,2023-08-03 14:16:00+05:30,7070.14990234375,7072.7998046875,7061.4501953125,7067.39990234375,,5068.0,0.0,0.0,2023-08-03
1052,2023-08-03 14:17:00+05:30,7067.39990234375,7067.4501953125,7057.5,7062.0498046875,,4148.0,0.0,0.0,2023-08-03
1053,2023-08-03 14:18:00+05:30,7062.0498046875,7065.0,7059.5498046875,7063.0,,2300.0,0.0,0.0,2023-08-03
1054,2023-08-03 14:19:00+05:30,7063.64990234375,7070.5,7062.0498046875,7069.0,,2910.0,0.0,0.0,2023-08-03
1055,2023-08-03 14:20:00+05:30,7069.0,7076.7998046875,7069.0,7073.60009765625,,4702.0,0.0,0.0,2023-08-03
1056,2023-08-03 14:21:00+05:30,7073.60009765625,7084.0498046875,7071.75,7077.2998046875,,6900.0,0.0,0.0,2023-08-03
1057,2023-08-03 14:22:00+05:30,7077.35009765625,7080.0,7070.10009765625,7070.5498046875,,4151.0,0.0,0.0,2023-08-03
1058,2023-08-03 14:23:00+05:30,7070.5498046875,7073.4501953125,7070.0,7070.14990234375,,3741.0,0.0,0.0,2023-08-03
1059,2023-08-03 14:24:00+05:30,7070.0,7071.7998046875,7061.64990234375,7067.7998046875,,4052.0,0.0,0.0,2023-08-03
1060,2023-08-03 14:25:00+05:30,7065.9501953125,7071.64990234375,7062.5,7062.75,,3014.0,0.0,0.0,2023-08-03
1061,2023-08-03 14:26:00+05:30,7064.0498046875,7069.89990234375,7062.2998046875,7067.25,,2336.0,0.0,0.0,2023-08-03
1062,2023-08-03 14:27:00+05:30,7069.35009765625,7085.0,7067.4501953125,7083.4501953125,,6041.0,0.0,0.0,2023-08-03
1063,2023-08-03 14:28:00+05:30,7082.14990234375,7087.9501953125,7080.7001953125,7080.75,,4625.0,0.0,0.0,2023-08-03
1064,2023-08-03 14:29:00+05:30,7080.35009765625,7085.9501953125,7079.35009765625,7084.4501953125,,4744.0,0.0,0.0,2023-08-03
1065,2023-08-03 14:30:00+05:30,7082.9501953125,7094.89990234375,7080.0,7080.0,,8575.0,0.0,0.0,2023-08-03
1066,2023-08-03 14:31:00+05:30,7082.0,7094.0,7080.39990234375,7092.0498046875,,3315.0,0.0,0.0,2023-08-03
1067,2023-08-03 14:32:00+05:30,7091.7001953125,7093.0,7083.0,7090.2001953125,,3334.0,0.0,0.0,2023-08-03
1068,2023-08-03 14:33:00+05:30,7090.2001953125,7094.5,7090.0,7092.5,,4189.0,0.0,0.0,2023-08-03
1069,2023-08-03 14:34:00+05:30,7091.89990234375,7100.0,7090.39990234375,7097.85009765625,,4588.0,0.0,0.0,2023-08-03
1070,2023-08-03 14:35:00+05:30,7097.85009765625,7099.0,7096.60009765625,7096.60009765625,,2510.0,0.0,0.0,2023-08-03
1071,2023-08-03 14:36:00+05:30,7096.60009765625,7107.7001953125,7096.0,7102.7998046875,,6674.0,0.0,0.0,2023-08-03
1072,2023-08-03 14:37:00+05:30,7102.7998046875,7104.5,7101.0,7101.64990234375,,2443.0,0.0,0.0,2023-08-03
1073,2023-08-03 14:38:00+05:30,7101.64990234375,7105.89990234375,7101.10009765625,7105.89990234375,,3806.0,0.0,0.0,2023-08-03
1074,2023-08-03 14:39:00+05:30,7105.5,7112.0,7102.60009765625,7112.0,,5346.0,0.0,0.0,2023-08-03
1075,2023-08-03 14:40:00+05:30,7109.9501953125,7111.89990234375,7107.39990234375,7108.75,,2663.0,0.0,0.0,2023-08-03
1076,2023-08-03 14:41:00+05:30,7107.39990234375,7111.89990234375,7107.39990234375,7108.60009765625,,3590.0,0.0,0.0,2023-08-03
1077,2023-08-03 14:42:00+05:30,7108.60009765625,7110.89990234375,7105.60009765625,7105.64990234375,,3701.0,0.0,0.0,2023-08-03
1078,2023-08-03 14:43:00+05:30,7103.60009765625,7107.89990234375,7092.2001953125,7097.35009765625,,5434.0,0.0,0.0,2023-08-03
1079,2023-08-03 14:44:00+05:30,7094.60009765625,7097.60009765625,7086.14990234375,7090.4501953125,,5129.0,0.0,0.0,2023-08-03
1080,2023-08-03 14:45:00+05:30,7090.85009765625,7100.0,7090.4501953125,7100.0,,4065.0,0.0,0.0,2023-08-03
1081,2023-08-03 14:46:00+05:30,7098.9501953125,7102.2001953125,7095.0,7100.0,,4643.0,0.0,0.0,2023-08-03
1082,2023-08-03 14:47:00+05:30,7100.0,7103.0498046875,7100.0,7100.5498046875,,2378.0,0.0,0.0,2023-08-03
1083,2023-08-03 14:48:00+05:30,7100.5498046875,7101.0,7097.0,7100.0,,2560.0,0.0,0.0,2023-08-03
1084,2023-08-03 14:49:00+05:30,7098.10009765625,7100.0,7091.0,7099.10009765625,,2600.0,0.0,0.0,2023-08-03
1085,2023-08-03 14:50:00+05:30,7097.0,7102.0,7097.0,7100.0,,3253.0,0.0,0.0,2023-08-03
1086,2023-08-03 14:51:00+05:30,7100.0,7100.2001953125,7095.2001953125,7097.0498046875,,2486.0,0.0,0.0,2023-08-03
1087,2023-08-03 14:52:00+05:30,7097.0498046875,7101.9501953125,7096.2001953125,7097.7001953125,,2913.0,0.0,0.0,2023-08-03
1088,2023-08-03 14:53:00+05:30,7097.9501953125,7102.2998046875,7097.9501953125,7099.0,,2309.0,0.0,0.0,2023-08-03
1089,2023-08-03 14:54:00+05:30,7099.85009765625,7108.35009765625,7098.10009765625,7108.2998046875,,2976.0,0.0,0.0,2023-08-03
1090,2023-08-03 14:55:00+05:30,7108.0,7110.64990234375,7105.2001953125,7105.2001953125,,3292.0,0.0,0.0,2023-08-03
1091,2023-08-03 14:56:00+05:30,7105.2001953125,7107.64990234375,7100.0,7106.39990234375,,3519.0,0.0,0.0,2023-08-03
1092,2023-08-03 14:57:00+05:30,7105.7998046875,7107.75,7101.2001953125,7103.5,,2183.0,0.0,0.0,2023-08-03
1093,2023-08-03 14:58:00+05:30,7102.4501953125,7111.0,7102.4501953125,7110.9501953125,,4038.0,0.0,0.0,2023-08-03
1094,2023-08-03 14:59:00+05:30,7110.9501953125,7111.89990234375,7108.5498046875,7110.0,,3669.0,0.0,0.0,2023-08-03
1095,2023-08-03 15:00:00+05:30,7109.35009765625,7134.0,7109.35009765625,7126.7998046875,,15847.0,0.0,0.0,2023-08-03
1096,2023-08-03 15:01:00+05:30,7127.14990234375,7130.0,7116.2998046875,7117.2998046875,,7250.0,0.0,0.0,2023-08-03
1097,2023-08-03 15:02:00+05:30,7116.39990234375,7122.39990234375,7115.10009765625,7116.60009765625,,6028.0,0.0,0.0,2023-08-03
1098,2023-08-03 15:03:00+05:30,7116.64990234375,7118.75,7109.0,7110.5498046875,,5679.0,0.0,0.0,2023-08-03
1099,2023-08-03 15:04:00+05:30,7110.5498046875,7119.25,7108.0,7115.0498046875,,5661.0,0.0,0.0,2023-08-03
1100,2023-08-03 15:05:00+05:30,7115.0498046875,7120.85009765625,7112.85009765625,7115.0,,5600.0,0.0,0.0,2023-08-03
1101,2023-08-03 15:06:00+05:30,7114.7001953125,7115.10009765625,7107.0,7107.89990234375,,3828.0,0.0,0.0,2023-08-03
1102,2023-08-03 15:07:00+05:30,7107.89990234375,7107.89990234375,7100.0,7102.35009765625,,6686.0,0.0,0.0,2023-08-03
1103,2023-08-03 15:08:00+05:30,7102.60009765625,7116.85009765625,7102.60009765625,7114.5498046875,,5822.0,0.0,0.0,2023-08-03
1104,2023-08-03 15:09:00+05:30,7114.5498046875,7114.5498046875,7109.0498046875,7111.2001953125,,4846.0,0.0,0.0,2023-08-03
1105,2023-08-03 15:10:00+05:30,7110.64990234375,7113.9501953125,7107.0498046875,7107.0498046875,,4387.0,0.0,0.0,2023-08-03
1106,2023-08-03 15:11:00+05:30,7106.25,7107.9501953125,7102.5498046875,7105.10009765625,,4716.0,0.0,0.0,2023-08-03
1107,2023-08-03 15:12:00+05:30,7105.14990234375,7107.2001953125,7101.64990234375,7101.64990234375,,5525.0,0.0,0.0,2023-08-03
1108,2023-08-03 15:13:00+05:30,7101.64990234375,7105.9501953125,7101.2998046875,7101.7998046875,,4829.0,0.0,0.0,2023-08-03
1109,2023-08-03 15:14:00+05:30,7101.85009765625,7110.0,7100.2001953125,7107.5498046875,,6166.0,0.0,0.0,2023-08-03
1110,2023-08-03 15:15:00+05:30,7107.5498046875,7109.9501953125,7105.2998046875,7106.60009765625,,4010.0,0.0,0.0,2023-08-03
1111,2023-08-03 15:16:00+05:30,7106.39990234375,7106.60009765625,7100.39990234375,7103.14990234375,,5424.0,0.0,0.0,2023-08-03
1112,2023-08-03 15:17:00+05:30,7103.89990234375,7106.5,7102.2001953125,7103.2998046875,,3678.0,0.0,0.0,2023-08-03
1113,2023-08-03 15:18:00+05:30,7102.9501953125,7105.0,7101.0,7102.85009765625,,7185.0,0.0,0.0,2023-08-03
1114,2023-08-03 15:19:00+05:30,7102.85009765625,7105.85009765625,7101.85009765625,7105.7001953125,,4330.0,0.0,0.0,2023-08-03
1115,2023-08-03 15:20:00+05:30,7105.5498046875,7109.9501953125,7100.0,7103.10009765625,,10040.0,0.0,0.0,2023-08-03
1116,2023-08-03 15:21:00+05:30,7103.10009765625,7108.89990234375,7102.35009765625,7102.9501953125,,5027.0,0.0,0.0,2023-08-03
1117,2023-08-03 15:22:00+05:30,7103.2001953125,7103.2998046875,7098.10009765625,7099.9501953125,,7034.0,0.0,0.0,2023-08-03
1118,2023-08-03 15:23:00+05:30,7101.35009765625,7101.39990234375,7100.0,7100.0,,4395.0,0.0,0.0,2023-08-03
1119,2023-08-03 15:24:00+05:30,7100.0498046875,7101.14990234375,7097.0,7100.4501953125,,4790.0,0.0,0.0,2023-08-03
1120,2023-08-03 15:25:00+05:30,7100.4501953125,7101.85009765625,7100.0,7100.39990234375,,2769.0,0.0,0.0,2023-08-03
1121,2023-08-03 15:26:00+05:30,7100.39990234375,7106.0,7100.39990234375,7105.7998046875,,2979.0,0.0,0.0,2023-08-03
1122,2023-08-03 15:27:00+05:30,7105.7998046875,7107.5498046875,7101.2001953125,7105.0,,3824.0,0.0,0.0,2023-08-03
1123,2023-08-03 15:28:00+05:30,7104.4501953125,7105.0,7100.0498046875,7105.0,,5112.0,0.0,0.0,2023-08-03
1124,2023-08-03 15:29:00+05:30,7108.35009765625,7108.35009765625,7108.35009765625,7108.35009765625,,0.0,0.0,0.0,2023-08-03
1125,2023-08-04 09:15:00+05:30,7133.0498046875,7196.35009765625,7133.0498046875,7169.9501953125,,30754.0,0.0,0.0,2023-08-04
1126,2023-08-04 09:16:00+05:30,7172.35009765625,7190.0,7172.35009765625,7180.5,,7255.0,0.0,0.0,2023-08-04
1127,2023-08-04 09:17:00+05:30,7180.5,7182.0,7166.7001953125,7172.2001953125,,5964.0,0.0,0.0,2023-08-04
1128,2023-08-04 09:18:00+05:30,7172.5,7185.0,7167.9501953125,7172.9501953125,,10303.0,0.0,0.0,2023-08-04
1129,2023-08-04 09:19:00+05:30,7172.89990234375,7186.35009765625,7172.89990234375,7185.0,,8159.0,0.0,0.0,2023-08-04
1130,2023-08-04 09:20:00+05:30,7180.5498046875,7187.9501953125,7161.0,7164.0498046875,,10668.0,0.0,0.0,2023-08-04
1131,2023-08-04 09:21:00+05:30,7161.5498046875,7164.85009765625,7147.5498046875,7148.2001953125,,5689.0,0.0,0.0,2023-08-04
1132,2023-08-04 09:22:00+05:30,7147.9501953125,7160.35009765625,7145.2998046875,7157.39990234375,,12214.0,0.0,0.0,2023-08-04
1133,2023-08-04 09:24:00+05:30,7171.9501953125,7173.75,7148.0,7148.0,,12516.0,0.0,0.0,2023-08-04
1134,2023-08-04 09:25:00+05:30,7148.0,7149.10009765625,7146.0,7147.0,,2729.0,0.0,0.0,2023-08-04
1135,2023-08-04 09:26:00+05:30,7147.0,7147.0,7133.4501953125,7138.14990234375,,3923.0,0.0,0.0,2023-08-04
1136,2023-08-04 09:27:00+05:30,7138.5,7139.7001953125,7132.2001953125,7137.0,,2969.0,0.0,0.0,2023-08-04
1137,2023-08-04 09:28:00+05:30,7137.2001953125,7140.0,7134.89990234375,7137.75,,1603.0,0.0,0.0,2023-08-04
1138,2023-08-04 09:29:00+05:30,7140.0,7150.0,7136.5,7147.4501953125,,3081.0,0.0,0.0,2023-08-04
1139,2023-08-04 09:30:00+05:30,7148.0,7152.60009765625,7135.5,7137.85009765625,,3794.0,0.0,0.0,2023-08-04
1140,2023-08-04 09:31:00+05:30,7137.85009765625,7140.35009765625,7134.2001953125,7135.2998046875,,2218.0,0.0,0.0,2023-08-04
1141,2023-08-04 09:32:00+05:30,7135.2998046875,7138.89990234375,7130.0,7137.7001953125,,2278.0,0.0,0.0,2023-08-04
1142,2023-08-04 09:33:00+05:30,7137.7001953125,7139.2998046875,7132.2998046875,7134.39990234375,,1911.0,0.0,0.0,2023-08-04
1143,2023-08-04 09:34:00+05:30,7134.85009765625,7147.7998046875,7134.85009765625,7146.0,,2553.0,0.0,0.0,2023-08-04
1144,2023-08-04 09:35:00+05:30,7146.0,7153.89990234375,7146.0,7147.0,,2272.0,0.0,0.0,2023-08-04
1145,2023-08-04 09:36:00+05:30,7146.25,7151.89990234375,7146.10009765625,7150.0,,1796.0,0.0,0.0,2023-08-04
1146,2023-08-04 09:37:00+05:30,7150.0,7150.0,7145.0,7145.25,,1372.0,0.0,0.0,2023-08-04
1147,2023-08-04 09:38:00+05:30,7147.9501953125,7152.85009765625,7147.0,7152.39990234375,,1735.0,0.0,0.0,2023-08-04
1148,2023-08-04 09:39:00+05:30,7152.5,7156.0,7152.0,7154.2001953125,,1731.0,0.0,0.0,2023-08-04
1149,2023-08-04 09:40:00+05:30,7154.5498046875,7155.35009765625,7145.0,7145.14990234375,,1678.0,0.0,0.0,2023-08-04
1150,2023-08-04 09:41:00+05:30,7142.0,7144.4501953125,7135.0,7140.0498046875,,3529.0,0.0,0.0,2023-08-04
1151,2023-08-04 09:42:00+05:30,7142.0,7151.2998046875,7141.5498046875,7151.2998046875,,673.0,0.0,0.0,2023-08-04
1152,2023-08-04 09:43:00+05:30,7152.0,7154.0,7141.5498046875,7143.9501953125,,1933.0,0.0,0.0,2023-08-04
1153,2023-08-04 09:44:00+05:30,7141.7001953125,7143.89990234375,7134.5498046875,7137.0,,2039.0,0.0,0.0,2023-08-04
1154,2023-08-04 09:45:00+05:30,7137.0,7140.0,7135.0,7137.5,,974.0,0.0,0.0,2023-08-04
1155,2023-08-04 09:46:00+05:30,7138.75,7139.60009765625,7132.0,7136.5,,1828.0,0.0,0.0,2023-08-04
1156,2023-08-04 09:47:00+05:30,7135.60009765625,7140.0,7135.60009765625,7138.0,,893.0,0.0,0.0,2023-08-04
1157,2023-08-04 09:48:00+05:30,7138.0,7141.14990234375,7136.0,7139.39990234375,,1639.0,0.0,0.0,2023-08-04
1158,2023-08-04 09:49:00+05:30,7139.39990234375,7142.85009765625,7137.10009765625,7140.0,,3350.0,0.0,0.0,2023-08-04
1159,2023-08-04 09:50:00+05:30,7140.0,7140.0498046875,7135.0498046875,7135.0498046875,,1347.0,0.0,0.0,2023-08-04
1160,2023-08-04 09:51:00+05:30,7135.0,7136.2001953125,7130.0,7136.2001953125,,2081.0,0.0,0.0,2023-08-04
1161,2023-08-04 09:52:00+05:30,7136.2001953125,7137.0498046875,7135.0,7135.0,,1082.0,0.0,0.0,2023-08-04
1162,2023-08-04 09:53:00+05:30,7131.35009765625,7133.64990234375,7114.64990234375,7122.7998046875,,8095.0,0.0,0.0,2023-08-04
1163,2023-08-04 09:54:00+05:30,7123.2998046875,7126.0,7121.75,7123.14990234375,,2277.0,0.0,0.0,2023-08-04
1164,2023-08-04 09:55:00+05:30,7123.14990234375,7129.7001953125,7122.0,7123.75,,1816.0,0.0,0.0,2023-08-04
1165,2023-08-04 09:56:00+05:30,7123.75,7125.39990234375,7117.0,7124.85009765625,,1808.0,0.0,0.0,2023-08-04
1166,2023-08-04 09:57:00+05:30,7122.7998046875,7126.0498046875,7121.2001953125,7121.25,,1821.0,0.0,0.0,2023-08-04
1167,2023-08-04 09:58:00+05:30,7121.35009765625,7123.25,7117.75,7123.25,,1282.0,0.0,0.0,2023-08-04
1168,2023-08-04 09:59:00+05:30,7121.39990234375,7125.0,7118.10009765625,7123.0,,1650.0,0.0,0.0,2023-08-04
1169,2023-08-04 10:00:00+05:30,7123.5,7129.0,7121.5,7126.10009765625,,2159.0,0.0,0.0,2023-08-04
1170,2023-08-04 10:01:00+05:30,7126.10009765625,7126.10009765625,7123.0,7124.85009765625,,791.0,0.0,0.0,2023-08-04
1171,2023-08-04 10:02:00+05:30,7124.85009765625,7124.85009765625,7116.0,7119.7001953125,,1588.0,0.0,0.0,2023-08-04
1172,2023-08-04 10:03:00+05:30,7119.0,7122.14990234375,7117.89990234375,7122.14990234375,,1002.0,0.0,0.0,2023-08-04
1173,2023-08-04 10:04:00+05:30,7122.4501953125,7122.5,7118.25,7118.89990234375,,665.0,0.0,0.0,2023-08-04
1174,2023-08-04 10:05:00+05:30,7120.0,7123.7001953125,7120.0,7120.0,,1632.0,0.0,0.0,2023-08-04
1175,2023-08-04 10:06:00+05:30,7120.0,7122.0,7118.10009765625,7122.0,,618.0,0.0,0.0,2023-08-04
1176,2023-08-04 10:07:00+05:30,7122.64990234375,7122.85009765625,7118.0,7118.0,,832.0,0.0,0.0,2023-08-04
1177,2023-08-04 10:08:00+05:30,7117.9501953125,7123.2998046875,7115.0,7122.2001953125,,1550.0,0.0,0.0,2023-08-04
1178,2023-08-04 10:09:00+05:30,7122.2001953125,7128.10009765625,7122.2001953125,7127.25,,2405.0,0.0,0.0,2023-08-04
1179,2023-08-04 10:10:00+05:30,7124.0498046875,7132.0,7124.0,7124.9501953125,,1549.0,0.0,0.0,2023-08-04
1180,2023-08-04 10:11:00+05:30,7125.0,7135.35009765625,7125.0,7135.2998046875,,1835.0,0.0,0.0,2023-08-04
1181,2023-08-04 10:12:00+05:30,7131.25,7135.9501953125,7128.64990234375,7131.2998046875,,1716.0,0.0,0.0,2023-08-04
1182,2023-08-04 10:13:00+05:30,7133.9501953125,7133.9501953125,7120.0,7122.14990234375,,1612.0,0.0,0.0,2023-08-04
1183,2023-08-04 10:14:00+05:30,7120.4501953125,7126.2998046875,7120.4501953125,7123.4501953125,,871.0,0.0,0.0,2023-08-04
1184,2023-08-04 10:15:00+05:30,7123.5,7123.5,7115.0,7115.85009765625,,1059.0,0.0,0.0,2023-08-04
1185,2023-08-04 10:16:00+05:30,7115.85009765625,7121.39990234375,7115.39990234375,7118.0498046875,,1155.0,0.0,0.0,2023-08-04
1186,2023-08-04 10:17:00+05:30,7119.5,7119.5,7116.0,7117.5,,546.0,0.0,0.0,2023-08-04
1187,2023-08-04 10:18:00+05:30,7117.5,7117.7998046875,7111.0,7111.35009765625,,2775.0,0.0,0.0,2023-08-04
1188,2023-08-04 10:19:00+05:30,7111.39990234375,7119.85009765625,7111.0498046875,7117.85009765625,,1072.0,0.0,0.0,2023-08-04
1189,2023-08-04 10:20:00+05:30,7117.75,7119.4501953125,7113.35009765625,7114.14990234375,,836.0,0.0,0.0,2023-08-04
1190,2023-08-04 10:21:00+05:30,7114.14990234375,7119.4501953125,7113.0,7119.4501953125,,916.0,0.0,0.0,2023-08-04
1191,2023-08-04 10:22:00+05:30,7119.4501953125,7122.5,7117.0498046875,7120.0,,2442.0,0.0,0.0,2023-08-04
1192,2023-08-04 10:23:00+05:30,7118.39990234375,7118.75,7114.0,7118.7001953125,,809.0,0.0,0.0,2023-08-04
1193,2023-08-04 10:24:00+05:30,7116.0498046875,7120.75,7114.0,7120.75,,1057.0,0.0,0.0,2023-08-04
1194,2023-08-04 10:25:00+05:30,7120.75,7129.4501953125,7119.35009765625,7123.0498046875,,1278.0,0.0,0.0,2023-08-04
1195,2023-08-04 10:26:00+05:30,7122.0,7128.89990234375,7122.0,7124.7998046875,,1183.0,0.0,0.0,2023-08-04
1196,2023-08-04 10:27:00+05:30,7125.5498046875,7125.5498046875,7122.0,7123.2998046875,,553.0,0.0,0.0,2023-08-04
1197,2023-08-04 10:28:00+05:30,7123.0498046875,7126.7001953125,7122.5,7122.85009765625,,681.0,0.0,0.0,2023-08-04
1198,2023-08-04 10:29:00+05:30,7122.7998046875,7124.75,7121.0,7121.89990234375,,768.0,0.0,0.0,2023-08-04
1199,2023-08-04 10:30:00+05:30,7121.10009765625,7121.5,7115.0,7118.0,,1542.0,0.0,0.0,2023-08-04
1200,2023-08-04 10:31:00+05:30,7118.0,7119.60009765625,7115.5,7118.5498046875,,672.0,0.0,0.0,2023-08-04
1201,2023-08-04 10:32:00+05:30,7118.75,7124.0,7115.64990234375,7123.64990234375,,742.0,0.0,0.0,2023-08-04
1202,2023-08-04 10:33:00+05:30,7122.14990234375,7122.14990234375,7115.0,7115.0498046875,,818.0,0.0,0.0,2023-08-04
1203,2023-08-04 10:34:00+05:30,7115.0498046875,7117.0498046875,7114.5,7114.85009765625,,876.0,0.0,0.0,2023-08-04
1204,2023-08-04 10:35:00+05:30,7114.0,7114.10009765625,7111.0,7111.2998046875,,1914.0,0.0,0.0,2023-08-04
1205,2023-08-04 10:36:00+05:30,7112.0,7113.75,7106.0,7106.10009765625,,4160.0,0.0,0.0,2023-08-04
1206,2023-08-04 10:37:00+05:30,7106.0,7109.39990234375,7103.2998046875,7105.7001953125,,2151.0,0.0,0.0,2023-08-04
1207,2023-08-04 10:38:00+05:30,7105.9501953125,7109.35009765625,7103.75,7103.89990234375,,1700.0,0.0,0.0,2023-08-04
1208,2023-08-04 10:39:00+05:30,7103.5498046875,7108.0498046875,7103.0498046875,7104.0,,1148.0,0.0,0.0,2023-08-04
1209,2023-08-04 10:40:00+05:30,7104.5498046875,7110.4501953125,7104.0,7105.10009765625,,2108.0,0.0,0.0,2023-08-04
1210,2023-08-04 10:41:00+05:30,7105.10009765625,7109.0,7105.10009765625,7107.0,,942.0,0.0,0.0,2023-08-04
1211,2023-08-04 10:42:00+05:30,7105.5498046875,7111.5,7105.5498046875,7110.0498046875,,975.0,0.0,0.0,2023-08-04
1212,2023-08-04 10:43:00+05:30,7110.0,7110.10009765625,7108.0,7110.0,,793.0,0.0,0.0,2023-08-04
1213,2023-08-04 10:44:00+05:30,7110.0,7113.25,7108.10009765625,7110.0,,964.0,0.0,0.0,2023-08-04
1214,2023-08-04 10:45:00+05:30,7112.25,7113.85009765625,7108.0498046875,7109.14990234375,,1097.0,0.0,0.0,2023-08-04
1215,2023-08-04 10:46:00+05:30,7109.0,7111.7998046875,7108.0,7108.0,,856.0,0.0,0.0,2023-08-04
1216,2023-08-04 10:47:00+05:30,7108.7001953125,7108.7001953125,7105.0,7106.14990234375,,1450.0,0.0,0.0,2023-08-04
1217,2023-08-04 10:48:00+05:30,7105.5498046875,7106.0498046875,7105.5,7106.0498046875,,704.0,0.0,0.0,2023-08-04
1218,2023-08-04 10:49:00+05:30,7106.39990234375,7111.0498046875,7105.5498046875,7105.7998046875,,1464.0,0.0,0.0,2023-08-04
1219,2023-08-04 10:50:00+05:30,7105.7001953125,7105.7001953125,7105.0,7105.64990234375,,1093.0,0.0,0.0,2023-08-04
1220,2023-08-04 10:51:00+05:30,7105.0498046875,7105.7001953125,7101.0,7101.60009765625,,1462.0,0.0,0.0,2023-08-04
1221,2023-08-04 10:52:00+05:30,7103.85009765625,7103.85009765625,7100.0,7100.0,,2166.0,0.0,0.0,2023-08-04
1222,2023-08-04 10:53:00+05:30,7100.0,7103.0,7100.0,7101.25,,1625.0,0.0,0.0,2023-08-04
1223,2023-08-04 10:54:00+05:30,7102.9501953125,7103.0,7100.0,7102.39990234375,,1109.0,0.0,0.0,2023-08-04
1224,2023-08-04 10:55:00+05:30,7101.0498046875,7109.2001953125,7101.0498046875,7108.0,,1523.0,0.0,0.0,2023-08-04
1225,2023-08-04 10:56:00+05:30,7108.0,7108.0,7101.0,7101.10009765625,,742.0,0.0,0.0,2023-08-04
1226,2023-08-04 10:57:00+05:30,7101.0498046875,7107.25,7101.0498046875,7102.0,,762.0,0.0,0.0,2023-08-04
1227,2023-08-04 10:58:00+05:30,7105.9501953125,7107.0,7103.2998046875,7105.5,,892.0,0.0,0.0,2023-08-04
1228,2023-08-04 10:59:00+05:30,7104.25,7110.0,7104.25,7108.89990234375,,764.0,0.0,0.0,2023-08-04
1229,2023-08-04 11:00:00+05:30,7109.0,7109.9501953125,7105.2001953125,7106.14990234375,,1249.0,0.0,0.0,2023-08-04
1230,2023-08-04 11:01:00+05:30,7107.2998046875,7107.9501953125,7101.10009765625,7107.4501953125,,1111.0,0.0,0.0,2023-08-04
1231,2023-08-04 11:02:00+05:30,7107.5,7108.5,7102.0,7107.14990234375,,869.0,0.0,0.0,2023-08-04
1232,2023-08-04 11:03:00+05:30,7108.0,7109.60009765625,7105.10009765625,7108.14990234375,,906.0,0.0,0.0,2023-08-04
1233,2023-08-04 11:04:00+05:30,7109.9501953125,7118.10009765625,7106.0,7118.10009765625,,2650.0,0.0,0.0,2023-08-04
1234,2023-08-04 11:05:00+05:30,7118.10009765625,7120.0,7113.39990234375,7119.5,,2078.0,0.0,0.0,2023-08-04
1235,2023-08-04 11:06:00+05:30,7116.2998046875,7122.0,7115.0,7122.0,,1656.0,0.0,0.0,2023-08-04
1236,2023-08-04 11:07:00+05:30,7122.0,7128.0,7121.4501953125,7125.89990234375,,2422.0,0.0,0.0,2023-08-04
1237,2023-08-04 11:08:00+05:30,7125.4501953125,7125.4501953125,7120.0,7124.0498046875,,772.0,0.0,0.0,2023-08-04
1238,2023-08-04 11:09:00+05:30,7124.0498046875,7128.89990234375,7122.89990234375,7124.25,,1500.0,0.0,0.0,2023-08-04
1239,2023-08-04 11:10:00+05:30,7124.10009765625,7129.0,7122.5,7129.0,,1713.0,0.0,0.0,2023-08-04
1240,2023-08-04 11:11:00+05:30,7128.0,7133.0,7126.9501953125,7128.9501953125,,2574.0,0.0,0.0,2023-08-04
1241,2023-08-04 11:12:00+05:30,7127.89990234375,7130.0,7125.0,7125.9501953125,,873.0,0.0,0.0,2023-08-04
1242,2023-08-04 11:13:00+05:30,7125.2001953125,7127.10009765625,7122.39990234375,7127.10009765625,,1190.0,0.0,0.0,2023-08-04
1243,2023-08-04 11:14:00+05:30,7126.0498046875,7127.0,7122.7998046875,7126.75,,536.0,0.0,0.0,2023-08-04
1244,2023-08-04 11:15:00+05:30,7126.75,7129.2001953125,7125.0,7125.9501953125,,437.0,0.0,0.0,2023-08-04
1245,2023-08-04 11:16:00+05:30,7126.2998046875,7127.39990234375,7122.2998046875,7126.5498046875,,834.0,0.0,0.0,2023-08-04
1246,2023-08-04 11:17:00+05:30,7122.0498046875,7128.0,7122.0498046875,7124.4501953125,,869.0,0.0,0.0,2023-08-04
1247,2023-08-04 11:18:00+05:30,7124.39990234375,7129.0,7123.0,7123.7998046875,,667.0,0.0,0.0,2023-08-04
1248,2023-08-04 11:19:00+05:30,7122.9501953125,7128.7001953125,7122.0,7126.0498046875,,1097.0,0.0,0.0,2023-08-04
1249,2023-08-04 11:20:00+05:30,7126.0,7128.75,7124.2998046875,7125.5,,753.0,0.0,0.0,2023-08-04
1250,2023-08-04 11:21:00+05:30,7128.75,7131.85009765625,7128.0,7129.14990234375,,1079.0,0.0,0.0,2023-08-04
1251,2023-08-04 11:22:00+05:30,7129.10009765625,7133.0,7126.25,7132.2998046875,,1193.0,0.0,0.0,2023-08-04
1252,2023-08-04 11:23:00+05:30,7132.2998046875,7132.2998046875,7128.0,7130.0,,473.0,0.0,0.0,2023-08-04
1253,2023-08-04 11:24:00+05:30,7129.0,7129.39990234375,7125.0,7127.7001953125,,457.0,0.0,0.0,2023-08-04
1254,2023-08-04 11:25:00+05:30,7125.0498046875,7131.25,7125.0,7130.7998046875,,1032.0,0.0,0.0,2023-08-04
1255,2023-08-04 11:26:00+05:30,7129.60009765625,7137.89990234375,7129.4501953125,7137.85009765625,,3056.0,0.0,0.0,2023-08-04
1256,2023-08-04 11:27:00+05:30,7137.85009765625,7138.89990234375,7130.0,7133.10009765625,,3128.0,0.0,0.0,2023-08-04
1257,2023-08-04 11:28:00+05:30,7135.7998046875,7137.0,7128.9501953125,7130.2001953125,,2482.0,0.0,0.0,2023-08-04
1258,2023-08-04 11:29:00+05:30,7129.60009765625,7130.2001953125,7126.0,7126.0498046875,,442.0,0.0,0.0,2023-08-04
1259,2023-08-04 11:30:00+05:30,7126.25,7132.39990234375,7125.14990234375,7127.35009765625,,1052.0,0.0,0.0,2023-08-04
1260,2023-08-04 11:31:00+05:30,7127.2998046875,7130.0,7127.25,7128.5,,655.0,0.0,0.0,2023-08-04
1261,2023-08-04 11:32:00+05:30,7128.2998046875,7131.85009765625,7125.0,7131.85009765625,,927.0,0.0,0.0,2023-08-04
1262,2023-08-04 11:33:00+05:30,7132.2998046875,7132.2998046875,7128.0,7128.0,,425.0,0.0,0.0,2023-08-04
1263,2023-08-04 11:34:00+05:30,7128.0498046875,7135.0,7126.5498046875,7134.85009765625,,1016.0,0.0,0.0,2023-08-04
1264,2023-08-04 11:35:00+05:30,7134.85009765625,7135.0,7129.9501953125,7130.0,,534.0,0.0,0.0,2023-08-04
1265,2023-08-04 11:36:00+05:30,7129.10009765625,7134.25,7127.0,7131.2998046875,,927.0,0.0,0.0,2023-08-04
1266,2023-08-04 11:37:00+05:30,7130.85009765625,7133.2998046875,7129.0,7133.2998046875,,634.0,0.0,0.0,2023-08-04
1267,2023-08-04 11:38:00+05:30,7132.64990234375,7134.14990234375,7130.5498046875,7131.4501953125,,445.0,0.0,0.0,2023-08-04
1268,2023-08-04 11:39:00+05:30,7131.7998046875,7136.9501953125,7131.7998046875,7136.5498046875,,551.0,0.0,0.0,2023-08-04
1269,2023-08-04 11:40:00+05:30,7136.14990234375,7137.2001953125,7132.5,7136.5498046875,,1012.0,0.0,0.0,2023-08-04
1270,2023-08-04 11:41:00+05:30,7135.0,7136.14990234375,7133.60009765625,7133.60009765625,,548.0,0.0,0.0,2023-08-04
1271,2023-08-04 11:42:00+05:30,7133.5,7135.5,7132.0498046875,7135.0,,530.0,0.0,0.0,2023-08-04
1272,2023-08-04 11:43:00+05:30,7135.0498046875,7137.0,7126.39990234375,7126.5,,597.0,0.0,0.0,2023-08-04
1273,2023-08-04 11:44:00+05:30,7128.0,7132.2998046875,7126.60009765625,7128.60009765625,,683.0,0.0,0.0,2023-08-04
1274,2023-08-04 11:45:00+05:30,7128.10009765625,7129.85009765625,7125.35009765625,7126.10009765625,,892.0,0.0,0.0,2023-08-04
1275,2023-08-04 11:46:00+05:30,7125.60009765625,7130.0,7125.60009765625,7126.60009765625,,576.0,0.0,0.0,2023-08-04
1276,2023-08-04 11:47:00+05:30,7126.60009765625,7129.9501953125,7126.0498046875,7128.7998046875,,496.0,0.0,0.0,2023-08-04
1277,2023-08-04 11:48:00+05:30,7128.7998046875,7132.2998046875,7127.0,7128.2001953125,,747.0,0.0,0.0,2023-08-04
1278,2023-08-04 11:49:00+05:30,7129.60009765625,7130.0,7128.0,7128.0498046875,,149.0,0.0,0.0,2023-08-04
1279,2023-08-04 11:50:00+05:30,7128.64990234375,7128.64990234375,7128.0498046875,7128.4501953125,,568.0,0.0,0.0,2023-08-04
1280,2023-08-04 11:51:00+05:30,7128.2001953125,7128.4501953125,7124.0498046875,7124.0498046875,,1068.0,0.0,0.0,2023-08-04
1281,2023-08-04 11:52:00+05:30,7123.5,7124.35009765625,7121.89990234375,7122.5,,779.0,0.0,0.0,2023-08-04
1282,2023-08-04 11:53:00+05:30,7122.60009765625,7125.7001953125,7121.0498046875,7125.60009765625,,774.0,0.0,0.0,2023-08-04
1283,2023-08-04 11:54:00+05:30,7125.0,7125.10009765625,7122.0,7122.64990234375,,614.0,0.0,0.0,2023-08-04
1284,2023-08-04 11:55:00+05:30,7122.0498046875,7130.0,7122.0498046875,7124.7998046875,,817.0,0.0,0.0,2023-08-04
1285,2023-08-04 11:56:00+05:30,7126.9501953125,7127.5,7124.0,7124.0,,642.0,0.0,0.0,2023-08-04
1286,2023-08-04 11:57:00+05:30,7124.89990234375,7125.64990234375,7122.2001953125,7122.2001953125,,534.0,0.0,0.0,2023-08-04
1287,2023-08-04 11:58:00+05:30,7123.39990234375,7124.89990234375,7122.0,7122.0,,524.0,0.0,0.0,2023-08-04
1288,2023-08-04 11:59:00+05:30,7122.14990234375,7122.2998046875,7120.0,7120.39990234375,,581.0,0.0,0.0,2023-08-04
1289,2023-08-04 12:00:00+05:30,7120.7998046875,7125.9501953125,7120.0,7122.4501953125,,1439.0,0.0,0.0,2023-08-04
1290,2023-08-04 12:01:00+05:30,7121.75,7131.14990234375,7121.0,7128.0,,1328.0,0.0,0.0,2023-08-04
1291,2023-08-04 12:02:00+05:30,7128.85009765625,7129.10009765625,7124.7998046875,7125.7001953125,,1190.0,0.0,0.0,2023-08-04
1292,2023-08-04 12:03:00+05:30,7128.0,7129.0,7121.0,7121.0,,408.0,0.0,0.0,2023-08-04
1293,2023-08-04 12:04:00+05:30,7120.5,7123.10009765625,7120.0,7120.7001953125,,925.0,0.0,0.0,2023-08-04
1294,2023-08-04 12:05:00+05:30,7120.10009765625,7123.10009765625,7120.0,7120.64990234375,,749.0,0.0,0.0,2023-08-04
1295,2023-08-04 12:06:00+05:30,7120.64990234375,7125.25,7118.5,7119.25,,1755.0,0.0,0.0,2023-08-04
1296,2023-08-04 12:07:00+05:30,7119.2001953125,7124.9501953125,7119.2001953125,7123.60009765625,,800.0,0.0,0.0,2023-08-04
1297,2023-08-04 12:08:00+05:30,7123.60009765625,7124.2998046875,7120.25,7124.14990234375,,519.0,0.0,0.0,2023-08-04
1298,2023-08-04 12:09:00+05:30,7122.5498046875,7123.89990234375,7120.2001953125,7122.0,,608.0,0.0,0.0,2023-08-04
1299,2023-08-04 12:10:00+05:30,7121.5498046875,7122.0498046875,7120.2001953125,7120.7998046875,,733.0,0.0,0.0,2023-08-04
1300,2023-08-04 12:11:00+05:30,7120.7998046875,7122.0,7118.2001953125,7120.0498046875,,802.0,0.0,0.0,2023-08-04
1301,2023-08-04 12:12:00+05:30,7120.5,7122.0,7119.0498046875,7119.14990234375,,559.0,0.0,0.0,2023-08-04
1302,2023-08-04 12:13:00+05:30,7120.0,7121.4501953125,7118.2998046875,7119.25,,337.0,0.0,0.0,2023-08-04
1303,2023-08-04 12:14:00+05:30,7119.2001953125,7122.5,7118.2001953125,7120.0,,1871.0,0.0,0.0,2023-08-04
1304,2023-08-04 12:15:00+05:30,7122.0,7127.0498046875,7119.0,7122.0498046875,,2770.0,0.0,0.0,2023-08-04
1305,2023-08-04 12:16:00+05:30,7122.14990234375,7126.10009765625,7122.0,7122.35009765625,,892.0,0.0,0.0,2023-08-04
1306,2023-08-04 12:17:00+05:30,7122.35009765625,7122.89990234375,7120.9501953125,7122.7998046875,,627.0,0.0,0.0,2023-08-04
1307,2023-08-04 12:18:00+05:30,7121.25,7124.0,7121.0,7123.7998046875,,830.0,0.0,0.0,2023-08-04
1308,2023-08-04 12:19:00+05:30,7122.64990234375,7124.0,7121.0,7124.0,,429.0,0.0,0.0,2023-08-04
1309,2023-08-04 12:20:00+05:30,7121.4501953125,7128.9501953125,7121.4501953125,7128.9501953125,,652.0,0.0,0.0,2023-08-04
1310,2023-08-04 12:21:00+05:30,7128.75,7131.0,7123.0,7124.10009765625,,1235.0,0.0,0.0,2023-08-04
1311,2023-08-04 12:22:00+05:30,7123.5,7129.5498046875,7123.5,7129.5498046875,,701.0,0.0,0.0,2023-08-04
1312,2023-08-04 12:23:00+05:30,7125.10009765625,7133.9501953125,7125.0498046875,7131.64990234375,,767.0,0.0,0.0,2023-08-04
1313,2023-08-04 12:24:00+05:30,7131.39990234375,7132.89990234375,7124.89990234375,7125.60009765625,,2078.0,0.0,0.0,2023-08-04
1314,2023-08-04 12:25:00+05:30,7127.0,7129.10009765625,7125.0,7125.0,,614.0,0.0,0.0,2023-08-04
1315,2023-08-04 12:26:00+05:30,7125.0,7129.10009765625,7125.0,7127.35009765625,,694.0,0.0,0.0,2023-08-04
1316,2023-08-04 12:27:00+05:30,7128.2001953125,7131.0,7128.2001953125,7130.7998046875,,602.0,0.0,0.0,2023-08-04
1317,2023-08-04 12:28:00+05:30,7130.0,7135.0498046875,7130.0,7135.0498046875,,1941.0,0.0,0.0,2023-08-04
1318,2023-08-04 12:29:00+05:30,7135.0,7135.89990234375,7130.0,7131.2001953125,,2377.0,0.0,0.0,2023-08-04
1319,2023-08-04 12:30:00+05:30,7131.2001953125,7132.14990234375,7127.0,7128.5,,791.0,0.0,0.0,2023-08-04
1320,2023-08-04 12:31:00+05:30,7128.35009765625,7129.7998046875,7125.0,7128.60009765625,,817.0,0.0,0.0,2023-08-04
1321,2023-08-04 12:32:00+05:30,7128.64990234375,7130.0,7125.0,7127.0,,551.0,0.0,0.0,2023-08-04
1322,2023-08-04 12:33:00+05:30,7129.60009765625,7129.60009765625,7125.5498046875,7125.89990234375,,404.0,0.0,0.0,2023-08-04
1323,2023-08-04 12:34:00+05:30,7125.7998046875,7127.75,7122.64990234375,7124.0,,708.0,0.0,0.0,2023-08-04
1324,2023-08-04 12:35:00+05:30,7122.64990234375,7122.75,7118.25,7118.2998046875,,2361.0,0.0,0.0,2023-08-04
1325,2023-08-04 12:36:00+05:30,7118.25,7120.0,7118.10009765625,7118.75,,1060.0,0.0,0.0,2023-08-04
1326,2023-08-04 12:37:00+05:30,7118.9501953125,7119.10009765625,7118.0,7119.0,,701.0,0.0,0.0,2023-08-04
1327,2023-08-04 12:38:00+05:30,7118.64990234375,7119.0,7118.39990234375,7118.89990234375,,608.0,0.0,0.0,2023-08-04
1328,2023-08-04 12:39:00+05:30,7118.60009765625,7118.75,7117.89990234375,7118.60009765625,,1190.0,0.0,0.0,2023-08-04
1329,2023-08-04 12:40:00+05:30,7118.25,7123.5498046875,7117.89990234375,7120.14990234375,,561.0,0.0,0.0,2023-08-04
1330,2023-08-04 12:41:00+05:30,7120.0,7122.2998046875,7119.0,7119.0498046875,,460.0,0.0,0.0,2023-08-04
1331,2023-08-04 12:42:00+05:30,7119.2001953125,7125.2001953125,7119.2001953125,7121.5,,691.0,0.0,0.0,2023-08-04
1332,2023-08-04 12:43:00+05:30,7121.9501953125,7123.25,7120.0,7120.0498046875,,431.0,0.0,0.0,2023-08-04
1333,2023-08-04 12:44:00+05:30,7120.0,7126.0,7120.0,7122.5,,816.0,0.0,0.0,2023-08-04
1334,2023-08-04 12:45:00+05:30,7122.5,7126.2998046875,7121.0498046875,7122.5498046875,,484.0,0.0,0.0,2023-08-04
1335,2023-08-04 12:46:00+05:30,7122.5,7125.0,7120.5498046875,7124.35009765625,,570.0,0.0,0.0,2023-08-04
1336,2023-08-04 12:47:00+05:30,7124.0498046875,7127.2001953125,7124.0498046875,7126.39990234375,,508.0,0.0,0.0,2023-08-04
1337,2023-08-04 12:48:00+05:30,7125.89990234375,7135.0,7123.0,7135.0,,1275.0,0.0,0.0,2023-08-04
1338,2023-08-04 12:49:00+05:30,7134.4501953125,7136.4501953125,7129.5498046875,7133.64990234375,,1025.0,0.0,0.0,2023-08-04
1339,2023-08-04 12:50:00+05:30,7133.7001953125,7133.7001953125,7128.9501953125,7129.0498046875,,646.0,0.0,0.0,2023-08-04
1340,2023-08-04 12:51:00+05:30,7129.10009765625,7131.85009765625,7122.35009765625,7122.35009765625,,1067.0,0.0,0.0,2023-08-04
1341,2023-08-04 12:52:00+05:30,7123.7001953125,7128.7998046875,7123.0498046875,7124.0,,1033.0,0.0,0.0,2023-08-04
1342,2023-08-04 12:53:00+05:30,7124.2998046875,7127.5,7122.85009765625,7122.89990234375,,998.0,0.0,0.0,2023-08-04
1343,2023-08-04 12:54:00+05:30,7122.89990234375,7129.0,7122.89990234375,7127.64990234375,,1056.0,0.0,0.0,2023-08-04
1344,2023-08-04 12:55:00+05:30,7128.10009765625,7129.9501953125,7125.0,7126.7001953125,,858.0,0.0,0.0,2023-08-04
1345,2023-08-04 12:56:00+05:30,7126.2998046875,7128.75,7125.10009765625,7125.60009765625,,456.0,0.0,0.0,2023-08-04
1346,2023-08-04 12:57:00+05:30,7125.60009765625,7126.0,7125.0,7125.4501953125,,503.0,0.0,0.0,2023-08-04
1347,2023-08-04 12:58:00+05:30,7125.4501953125,7126.10009765625,7124.0,7124.0,,497.0,0.0,0.0,2023-08-04
1348,2023-08-04 12:59:00+05:30,7124.0498046875,7124.89990234375,7121.2998046875,7122.85009765625,,402.0,0.0,0.0,2023-08-04
1349,2023-08-04 13:00:00+05:30,7122.7998046875,7128.2001953125,7122.7001953125,7127.60009765625,,737.0,0.0,0.0,2023-08-04
1350,2023-08-04 13:01:00+05:30,7127.5,7129.5498046875,7122.7998046875,7129.5498046875,,682.0,0.0,0.0,2023-08-04
1351,2023-08-04 13:02:00+05:30,7127.4501953125,7129.85009765625,7125.39990234375,7126.10009765625,,582.0,0.0,0.0,2023-08-04
1352,2023-08-04 13:03:00+05:30,7129.9501953125,7129.9501953125,7122.89990234375,7126.10009765625,,778.0,0.0,0.0,2023-08-04
1353,2023-08-04 13:04:00+05:30,7125.0498046875,7125.5498046875,7122.0,7125.10009765625,,770.0,0.0,0.0,2023-08-04
1354,2023-08-04 13:05:00+05:30,7125.0498046875,7129.7001953125,7122.7001953125,7125.10009765625,,848.0,0.0,0.0,2023-08-04
1355,2023-08-04 13:06:00+05:30,7126.0498046875,7129.89990234375,7124.4501953125,7126.75,,578.0,0.0,0.0,2023-08-04
1356,2023-08-04 13:07:00+05:30,7126.75,7130.0,7125.0498046875,7128.4501953125,,559.0,0.0,0.0,2023-08-04
1357,2023-08-04 13:08:00+05:30,7127.85009765625,7130.0,7124.5,7127.10009765625,,748.0,0.0,0.0,2023-08-04
1358,2023-08-04 13:09:00+05:30,7126.0498046875,7128.2998046875,7124.0498046875,7124.0498046875,,455.0,0.0,0.0,2023-08-04
1359,2023-08-04 13:10:00+05:30,7125.10009765625,7128.35009765625,7125.10009765625,7128.25,,411.0,0.0,0.0,2023-08-04
1360,2023-08-04 13:11:00+05:30,7128.2998046875,7129.9501953125,7125.64990234375,7128.2001953125,,537.0,0.0,0.0,2023-08-04
1361,2023-08-04 13:12:00+05:30,7128.2001953125,7128.89990234375,7125.0,7127.35009765625,,460.0,0.0,0.0,2023-08-04
1362,2023-08-04 13:13:00+05:30,7125.5,7129.85009765625,7125.4501953125,7127.4501953125,,489.0,0.0,0.0,2023-08-04
1363,2023-08-04 13:14:00+05:30,7127.0498046875,7127.25,7124.0,7124.10009765625,,379.0,0.0,0.0,2023-08-04
1364,2023-08-04 13:15:00+05:30,7124.10009765625,7126.39990234375,7124.0,7124.0,,521.0,0.0,0.0,2023-08-04
1365,2023-08-04 13:16:00+05:30,7124.89990234375,7129.0,7124.0,7128.35009765625,,1106.0,0.0,0.0,2023-08-04
1366,2023-08-04 13:17:00+05:30,7125.5498046875,7128.9501953125,7124.0,7125.60009765625,,925.0,0.0,0.0,2023-08-04
1367,2023-08-04 13:18:00+05:30,7126.7001953125,7129.85009765625,7125.2001953125,7126.0,,816.0,0.0,0.0,2023-08-04
1368,2023-08-04 13:19:00+05:30,7126.7998046875,7128.2998046875,7124.7998046875,7126.14990234375,,684.0,0.0,0.0,2023-08-04
1369,2023-08-04 13:20:00+05:30,7127.4501953125,7132.0,7126.0,7128.35009765625,,1194.0,0.0,0.0,2023-08-04
1370,2023-08-04 13:21:00+05:30,7129.2001953125,7129.2001953125,7124.0,7124.0,,1189.0,0.0,0.0,2023-08-04
1371,2023-08-04 13:22:00+05:30,7124.4501953125,7124.9501953125,7122.0,7122.7001953125,,817.0,0.0,0.0,2023-08-04
1372,2023-08-04 13:23:00+05:30,7123.0,7123.9501953125,7119.0,7119.89990234375,,4137.0,0.0,0.0,2023-08-04
1373,2023-08-04 13:24:00+05:30,7119.89990234375,7124.0498046875,7118.0,7118.0,,2411.0,0.0,0.0,2023-08-04
1374,2023-08-04 13:25:00+05:30,7118.0,7120.60009765625,7118.0,7120.0,,897.0,0.0,0.0,2023-08-04
1375,2023-08-04 13:26:00+05:30,7120.0,7121.9501953125,7118.0,7118.0,,774.0,0.0,0.0,2023-08-04
1376,2023-08-04 13:28:00+05:30,7117.0,7121.60009765625,7117.0,7118.2001953125,,3109.0,0.0,0.0,2023-08-04
1377,2023-08-04 13:29:00+05:30,7118.64990234375,7121.75,7117.0,7119.0,,4234.0,0.0,0.0,2023-08-04
1378,2023-08-04 13:30:00+05:30,7119.0,7121.89990234375,7116.0,7121.89990234375,,1533.0,0.0,0.0,2023-08-04
1379,2023-08-04 13:31:00+05:30,7121.89990234375,7121.89990234375,7116.0,7119.14990234375,,3968.0,0.0,0.0,2023-08-04
1380,2023-08-04 13:32:00+05:30,7119.14990234375,7121.0,7116.2998046875,7118.14990234375,,1770.0,0.0,0.0,2023-08-04
1381,2023-08-04 13:33:00+05:30,7117.10009765625,7119.10009765625,7115.10009765625,7118.0,,1402.0,0.0,0.0,2023-08-04
1382,2023-08-04 13:34:00+05:30,7116.85009765625,7118.0,7115.7001953125,7115.7001953125,,1376.0,0.0,0.0,2023-08-04
1383,2023-08-04 13:35:00+05:30,7115.60009765625,7117.5,7102.0498046875,7104.5498046875,,7570.0,0.0,0.0,2023-08-04
1384,2023-08-04 13:36:00+05:30,7102.7998046875,7113.9501953125,7102.7998046875,7113.9501953125,,1852.0,0.0,0.0,2023-08-04
1385,2023-08-04 13:37:00+05:30,7114.5,7114.5,7101.9501953125,7102.0,,1599.0,0.0,0.0,2023-08-04
1386,2023-08-04 13:38:00+05:30,7102.0498046875,7105.9501953125,7101.5,7105.0498046875,,1146.0,0.0,0.0,2023-08-04
1387,2023-08-04 13:39:00+05:30,7105.10009765625,7110.35009765625,7105.0,7108.5,,813.0,0.0,0.0,2023-08-04
1388,2023-08-04 13:40:00+05:30,7108.2998046875,7117.4501953125,7105.25,7106.25,,1195.0,0.0,0.0,2023-08-04
1389,2023-08-04 13:41:00+05:30,7106.0,7109.9501953125,7105.0,7105.39990234375,,1280.0,0.0,0.0,2023-08-04
1390,2023-08-04 13:42:00+05:30,7105.25,7106.75,7105.0,7105.0,,967.0,0.0,0.0,2023-08-04
1391,2023-08-04 13:43:00+05:30,7105.14990234375,7108.0,7105.0,7105.85009765625,,1384.0,0.0,0.0,2023-08-04
1392,2023-08-04 13:44:00+05:30,7105.4501953125,7113.75,7105.0,7107.5,,2580.0,0.0,0.0,2023-08-04
1393,2023-08-04 13:45:00+05:30,7107.4501953125,7107.5,7101.10009765625,7101.39990234375,,2201.0,0.0,0.0,2023-08-04
1394,2023-08-04 13:46:00+05:30,7101.0,7103.89990234375,7101.0,7101.0498046875,,1470.0,0.0,0.0,2023-08-04
1395,2023-08-04 13:47:00+05:30,7101.0498046875,7101.14990234375,7101.0,7101.0498046875,,2536.0,0.0,0.0,2023-08-04
1396,2023-08-04 13:48:00+05:30,7101.0,7101.85009765625,7097.0,7097.0,,3954.0,0.0,0.0,2023-08-04
1397,2023-08-04 13:49:00+05:30,7096.5,7096.5,7085.0,7087.9501953125,,4243.0,0.0,0.0,2023-08-04
1398,2023-08-04 13:50:00+05:30,7087.25,7091.75,7082.4501953125,7087.89990234375,,2690.0,0.0,0.0,2023-08-04
1399,2023-08-04 13:51:00+05:30,7086.0498046875,7092.0,7085.25,7087.5498046875,,2115.0,0.0,0.0,2023-08-04
1400,2023-08-04 13:52:00+05:30,7086.5,7087.5498046875,7082.14990234375,7084.89990234375,,1396.0,0.0,0.0,2023-08-04
1401,2023-08-04 13:53:00+05:30,7084.5,7090.7998046875,7084.5,7086.7998046875,,1221.0,0.0,0.0,2023-08-04
1402,2023-08-04 13:54:00+05:30,7085.0498046875,7090.0498046875,7084.10009765625,7086.7001953125,,1293.0,0.0,0.0,2023-08-04
1403,2023-08-04 13:55:00+05:30,7088.0,7090.85009765625,7087.35009765625,7087.35009765625,,1146.0,0.0,0.0,2023-08-04
1404,2023-08-04 13:56:00+05:30,7087.10009765625,7089.7001953125,7081.39990234375,7084.64990234375,,2089.0,0.0,0.0,2023-08-04
1405,2023-08-04 13:57:00+05:30,7083.2998046875,7086.0498046875,7081.0,7081.7001953125,,1391.0,0.0,0.0,2023-08-04
1406,2023-08-04 13:58:00+05:30,7082.10009765625,7083.89990234375,7080.0,7080.2998046875,,5860.0,0.0,0.0,2023-08-04
1407,2023-08-04 13:59:00+05:30,7080.0,7081.0498046875,7075.0,7075.0,,4061.0,0.0,0.0,2023-08-04
1408,2023-08-04 14:00:00+05:30,7074.85009765625,7077.89990234375,7071.2998046875,7075.2998046875,,3543.0,0.0,0.0,2023-08-04
1409,2023-08-04 14:01:00+05:30,7075.10009765625,7087.2001953125,7075.10009765625,7078.14990234375,,3535.0,0.0,0.0,2023-08-04
1410,2023-08-04 14:02:00+05:30,7079.75,7080.39990234375,7074.64990234375,7078.60009765625,,1949.0,0.0,0.0,2023-08-04
1411,2023-08-04 14:03:00+05:30,7079.0498046875,7083.0,7078.5,7081.25,,1586.0,0.0,0.0,2023-08-04
1412,2023-08-04 14:04:00+05:30,7081.2001953125,7081.7001953125,7077.0,7077.0,,1743.0,0.0,0.0,2023-08-04
1413,2023-08-04 14:05:00+05:30,7076.10009765625,7081.0,7076.0498046875,7081.0,,1907.0,0.0,0.0,2023-08-04
1414,2023-08-04 14:06:00+05:30,7080.10009765625,7085.89990234375,7077.5498046875,7085.89990234375,,1947.0,0.0,0.0,2023-08-04
1415,2023-08-04 14:07:00+05:30,7085.89990234375,7087.0,7081.0,7083.7998046875,,1728.0,0.0,0.0,2023-08-04
1416,2023-08-04 14:08:00+05:30,7083.85009765625,7088.7998046875,7083.25,7084.7001953125,,1977.0,0.0,0.0,2023-08-04
1417,2023-08-04 14:09:00+05:30,7083.0,7086.5,7082.0,7083.0,,1703.0,0.0,0.0,2023-08-04
1418,2023-08-04 14:10:00+05:30,7083.14990234375,7085.89990234375,7079.0498046875,7080.39990234375,,1950.0,0.0,0.0,2023-08-04
1419,2023-08-04 14:11:00+05:30,7080.4501953125,7095.0,7080.4501953125,7094.9501953125,,3588.0,0.0,0.0,2023-08-04
1420,2023-08-04 14:12:00+05:30,7094.89990234375,7097.0,7085.9501953125,7085.9501953125,,1778.0,0.0,0.0,2023-08-04
1421,2023-08-04 14:13:00+05:30,7085.10009765625,7090.0,7085.10009765625,7088.0,,1046.0,0.0,0.0,2023-08-04
1422,2023-08-04 14:14:00+05:30,7085.5498046875,7090.0,7085.10009765625,7085.85009765625,,1395.0,0.0,0.0,2023-08-04
1423,2023-08-04 14:15:00+05:30,7085.7998046875,7090.0,7085.25,7087.7998046875,,1232.0,0.0,0.0,2023-08-04
1424,2023-08-04 14:16:00+05:30,7086.9501953125,7094.89990234375,7085.60009765625,7091.0,,1598.0,0.0,0.0,2023-08-04
1425,2023-08-04 14:17:00+05:30,7090.64990234375,7097.0498046875,7090.64990234375,7093.89990234375,,2057.0,0.0,0.0,2023-08-04
1426,2023-08-04 14:18:00+05:30,7095.89990234375,7095.89990234375,7090.89990234375,7092.75,,1989.0,0.0,0.0,2023-08-04
1427,2023-08-04 14:19:00+05:30,7092.7998046875,7105.89990234375,7092.7998046875,7099.0498046875,,4201.0,0.0,0.0,2023-08-04
1428,2023-08-04 14:20:00+05:30,7101.75,7105.0,7099.9501953125,7105.0,,2372.0,0.0,0.0,2023-08-04
1429,2023-08-04 14:21:00+05:30,7104.9501953125,7106.89990234375,7100.0,7100.10009765625,,2566.0,0.0,0.0,2023-08-04
1430,2023-08-04 14:22:00+05:30,7100.10009765625,7110.9501953125,7099.0,7109.7001953125,,3136.0,0.0,0.0,2023-08-04
1431,2023-08-04 14:23:00+05:30,7109.7001953125,7116.9501953125,7108.10009765625,7108.10009765625,,3748.0,0.0,0.0,2023-08-04
1432,2023-08-04 14:24:00+05:30,7107.5,7115.7998046875,7107.5,7114.0,,1858.0,0.0,0.0,2023-08-04
1433,2023-08-04 14:25:00+05:30,7115.0,7118.7001953125,7114.4501953125,7117.0,,2379.0,0.0,0.0,2023-08-04
1434,2023-08-04 14:26:00+05:30,7116.9501953125,7118.0,7113.9501953125,7115.14990234375,,2446.0,0.0,0.0,2023-08-04
1435,2023-08-04 14:27:00+05:30,7115.14990234375,7117.0498046875,7114.0,7114.4501953125,,1422.0,0.0,0.0,2023-08-04
1436,2023-08-04 14:28:00+05:30,7114.4501953125,7117.0,7109.5,7116.2998046875,,2812.0,0.0,0.0,2023-08-04
1437,2023-08-04 14:29:00+05:30,7116.2998046875,7118.0,7113.64990234375,7117.0,,2364.0,0.0,0.0,2023-08-04
1438,2023-08-04 14:30:00+05:30,7117.0,7132.0498046875,7115.7001953125,7127.5,,9630.0,0.0,0.0,2023-08-04
1439,2023-08-04 14:31:00+05:30,7128.25,7128.25,7116.2001953125,7121.2998046875,,2144.0,0.0,0.0,2023-08-04
1440,2023-08-04 14:32:00+05:30,7120.0,7122.9501953125,7115.0,7121.4501953125,,2310.0,0.0,0.0,2023-08-04
1441,2023-08-04 14:33:00+05:30,7119.14990234375,7121.60009765625,7115.14990234375,7118.9501953125,,1233.0,0.0,0.0,2023-08-04
1442,2023-08-04 14:34:00+05:30,7119.10009765625,7122.9501953125,7118.5498046875,7122.64990234375,,1290.0,0.0,0.0,2023-08-04
1443,2023-08-04 14:35:00+05:30,7122.7998046875,7122.85009765625,7115.0,7119.89990234375,,1345.0,0.0,0.0,2023-08-04
1444,2023-08-04 14:36:00+05:30,7119.0,7128.0,7119.0,7124.14990234375,,4526.0,0.0,0.0,2023-08-04
1445,2023-08-04 14:37:00+05:30,7122.0,7122.0,7111.0,7111.0,,4381.0,0.0,0.0,2023-08-04
1446,2023-08-04 14:38:00+05:30,7110.0498046875,7115.85009765625,7110.0,7110.35009765625,,4535.0,0.0,0.0,2023-08-04
1447,2023-08-04 14:39:00+05:30,7110.0498046875,7123.0,7110.0,7121.35009765625,,10997.0,0.0,0.0,2023-08-04
1448,2023-08-04 14:40:00+05:30,7121.2001953125,7122.0498046875,7118.2001953125,7120.0498046875,,1143.0,0.0,0.0,2023-08-04
1449,2023-08-04 14:41:00+05:30,7119.25,7125.0,7116.0498046875,7125.0,,2398.0,0.0,0.0,2023-08-04
1450,2023-08-04 14:42:00+05:30,7124.2998046875,7128.75,7122.64990234375,7123.0498046875,,1925.0,0.0,0.0,2023-08-04
1451,2023-08-04 14:43:00+05:30,7123.0,7125.5,7121.10009765625,7121.9501953125,,1541.0,0.0,0.0,2023-08-04
1452,2023-08-04 14:44:00+05:30,7123.5498046875,7126.0498046875,7120.60009765625,7120.7998046875,,1420.0,0.0,0.0,2023-08-04
1453,2023-08-04 14:45:00+05:30,7120.64990234375,7132.10009765625,7120.64990234375,7127.0,,3894.0,0.0,0.0,2023-08-04
1454,2023-08-04 14:46:00+05:30,7127.0,7131.9501953125,7126.0,7127.2998046875,,2332.0,0.0,0.0,2023-08-04
1455,2023-08-04 14:47:00+05:30,7127.2998046875,7130.14990234375,7124.0,7125.14990234375,,1085.0,0.0,0.0,2023-08-04
1456,2023-08-04 14:48:00+05:30,7124.0,7128.85009765625,7121.35009765625,7126.60009765625,,1934.0,0.0,0.0,2023-08-04
1457,2023-08-04 14:49:00+05:30,7126.64990234375,7126.64990234375,7121.5,7122.39990234375,,1059.0,0.0,0.0,2023-08-04
1458,2023-08-04 14:50:00+05:30,7121.75,7128.2998046875,7121.75,7123.2998046875,,2004.0,0.0,0.0,2023-08-04
1459,2023-08-04 14:51:00+05:30,7123.14990234375,7127.10009765625,7121.4501953125,7125.89990234375,,1870.0,0.0,0.0,2023-08-04
1460,2023-08-04 14:52:00+05:30,7125.89990234375,7127.85009765625,7125.0498046875,7125.2998046875,,1367.0,0.0,0.0,2023-08-04
1461,2023-08-04 14:53:00+05:30,7125.39990234375,7133.89990234375,7125.39990234375,7131.9501953125,,5352.0,0.0,0.0,2023-08-04
1462,2023-08-04 14:54:00+05:30,7131.9501953125,7147.39990234375,7130.64990234375,7132.25,,9862.0,0.0,0.0,2023-08-04
1463,2023-08-04 14:55:00+05:30,7132.0498046875,7138.39990234375,7131.0498046875,7133.0,,2343.0,0.0,0.0,2023-08-04
1464,2023-08-04 14:56:00+05:30,7133.0,7137.0,7131.25,7135.0498046875,,2127.0,0.0,0.0,2023-08-04
1465,2023-08-04 14:57:00+05:30,7135.0498046875,7138.60009765625,7135.0,7138.2001953125,,2385.0,0.0,0.0,2023-08-04
1466,2023-08-04 14:58:00+05:30,7137.0498046875,7138.0,7132.0,7132.25,,2998.0,0.0,0.0,2023-08-04
1467,2023-08-04 14:59:00+05:30,7132.0498046875,7136.0,7132.0498046875,7132.89990234375,,2159.0,0.0,0.0,2023-08-04
1468,2023-08-04 15:00:00+05:30,7137.2998046875,7157.9501953125,7137.2998046875,7156.0,,10372.0,0.0,0.0,2023-08-04
1469,2023-08-04 15:01:00+05:30,7156.89990234375,7158.5,7153.0,7155.0,,4990.0,0.0,0.0,2023-08-04
1470,2023-08-04 15:02:00+05:30,7153.0498046875,7158.0,7152.14990234375,7154.9501953125,,4626.0,0.0,0.0,2023-08-04
1471,2023-08-04 15:03:00+05:30,7154.0,7155.0,7151.14990234375,7152.35009765625,,2401.0,0.0,0.0,2023-08-04
1472,2023-08-04 15:04:00+05:30,7152.2001953125,7152.39990234375,7143.7998046875,7146.60009765625,,3904.0,0.0,0.0,2023-08-04
1473,2023-08-04 15:05:00+05:30,7150.0,7152.9501953125,7148.60009765625,7150.5498046875,,2692.0,0.0,0.0,2023-08-04
1474,2023-08-04 15:06:00+05:30,7150.5498046875,7154.0,7149.64990234375,7150.4501953125,,2820.0,0.0,0.0,2023-08-04
1475,2023-08-04 15:07:00+05:30,7149.7001953125,7153.0498046875,7145.2001953125,7151.9501953125,,1935.0,0.0,0.0,2023-08-04
1476,2023-08-04 15:08:00+05:30,7151.9501953125,7152.9501953125,7150.35009765625,7150.4501953125,,1687.0,0.0,0.0,2023-08-04
1477,2023-08-04 15:09:00+05:30,7150.4501953125,7157.25,7147.35009765625,7154.0,,8277.0,0.0,0.0,2023-08-04
1478,2023-08-04 15:10:00+05:30,7155.0,7155.0,7148.64990234375,7150.0498046875,,2402.0,0.0,0.0,2023-08-04
1479,2023-08-04 15:11:00+05:30,7150.0,7152.89990234375,7146.5498046875,7148.9501953125,,2880.0,0.0,0.0,2023-08-04
1480,2023-08-04 15:12:00+05:30,7148.5498046875,7153.7998046875,7148.5498046875,7152.89990234375,,3173.0,0.0,0.0,2023-08-04
1481,2023-08-04 15:13:00+05:30,7152.9501953125,7153.0,7148.5498046875,7151.60009765625,,5027.0,0.0,0.0,2023-08-04
1482,2023-08-04 15:14:00+05:30,7151.60009765625,7152.0,7150.0,7151.9501953125,,1766.0,0.0,0.0,2023-08-04
1483,2023-08-04 15:15:00+05:30,7151.64990234375,7159.0,7151.64990234375,7158.5,,4460.0,0.0,0.0,2023-08-04
1484,2023-08-04 15:16:00+05:30,7158.9501953125,7159.0,7156.0,7156.0,,3529.0,0.0,0.0,2023-08-04
1485,2023-08-04 15:17:00+05:30,7155.60009765625,7155.60009765625,7151.0,7151.10009765625,,1887.0,0.0,0.0,2023-08-04
1486,2023-08-04 15:18:00+05:30,7151.10009765625,7151.14990234375,7145.4501953125,7148.9501953125,,3747.0,0.0,0.0,2023-08-04
1487,2023-08-04 15:19:00+05:30,7148.9501953125,7150.0,7145.5,7147.10009765625,,1964.0,0.0,0.0,2023-08-04
1488,2023-08-04 15:20:00+05:30,7145.5,7149.85009765625,7143.5,7146.2998046875,,4748.0,0.0,0.0,2023-08-04
1489,2023-08-04 15:21:00+05:30,7142.5498046875,7145.85009765625,7135.14990234375,7137.39990234375,,2660.0,0.0,0.0,2023-08-04
1490,2023-08-04 15:22:00+05:30,7137.4501953125,7137.4501953125,7135.75,7135.89990234375,,995.0,0.0,0.0,2023-08-04
1491,2023-08-04 15:23:00+05:30,7135.75,7137.9501953125,7135.14990234375,7137.2001953125,,1839.0,0.0,0.0,2023-08-04
1492,2023-08-04 15:24:00+05:30,7137.10009765625,7137.2001953125,7135.35009765625,7135.64990234375,,2028.0,0.0,0.0,2023-08-04
1493,2023-08-04 15:25:00+05:30,7135.60009765625,7135.89990234375,7128.7001953125,7132.39990234375,,2686.0,0.0,0.0,2023-08-04
1494,2023-08-04 15:26:00+05:30,7133.5,7136.5498046875,7132.0,7134.0,,3461.0,0.0,0.0,2023-08-04
1495,2023-08-04 15:27:00+05:30,7132.10009765625,7139.89990234375,7132.10009765625,7139.89990234375,,1041.0,0.0,0.0,2023-08-04
1496,2023-08-04 15:28:00+05:30,7139.89990234375,7139.89990234375,7131.2001953125,7132.5,,1434.0,0.0,0.0,2023-08-04
1497,2023-08-04 15:29:00+05:30,7132.0498046875,7140.0,7130.0,7140.0,,1130.0,0.0,0.0,2023-08-04
