,Timestamp,Open,High,Low,Close,Volume,Dividends,Stock Splits,Date
0,2023-05-24 09:30:00-04:00,35.5,35.64500045776367,35.5,35.6432991027832,0,0.0,0.0,2023-05-24
1,2023-05-24 09:40:00-04:00,35.23500061035156,35.23500061035156,35.23500061035156,35.23500061035156,266,0.0,0.0,2023-05-24
2,2023-05-24 09:45:00-04:00,35.20500183105469,35.20500183105469,35.185001373291016,35.185001373291016,731,0.0,0.0,2023-05-24
3,2023-05-24 09:50:00-04:00,35.23500061035156,35.23500061035156,35.130001068115234,35.13999938964844,2535,0.0,0.0,2023-05-24
4,2023-05-24 09:55:00-04:00,35.1150016784668,35.1150016784668,35.099998474121094,35.099998474121094,850,0.0,0.0,2023-05-24
5,2023-05-24 10:00:00-04:00,35.15999984741211,35.279998779296875,35.15999984741211,35.279998779296875,1521,0.0,0.0,2023-05-24
6,2023-05-24 10:05:00-04:00,35.19929885864258,35.27000045776367,35.18000030517578,35.20000076293945,2589,0.0,0.0,2023-05-24
7,2023-05-24 10:10:00-04:00,35.16999816894531,35.16999816894531,35.16999816894531,35.16999816894531,571,0.0,0.0,2023-05-24
8,2023-05-24 10:15:00-04:00,35.29999923706055,35.310001373291016,35.255001068115234,35.310001373291016,909,0.0,0.0,2023-05-24
9,2023-05-24 10:20:00-04:00,35.185001373291016,35.20000076293945,35.11000061035156,35.11000061035156,2470,0.0,0.0,2023-05-24
10,2023-05-24 10:25:00-04:00,35.10499954223633,35.10499954223633,35.10499954223633,35.10499954223633,729,0.0,0.0,2023-05-24
11,2023-05-24 10:30:00-04:00,35.209999084472656,35.29499816894531,35.209999084472656,35.2599983215332,1520,0.0,0.0,2023-05-24
12,2023-05-24 10:35:00-04:00,35.27000045776367,35.29999923706055,35.2599983215332,35.29999923706055,1397,0.0,0.0,2023-05-24
13,2023-05-24 10:40:00-04:00,35.279998779296875,35.279998779296875,35.279998779296875,35.279998779296875,291,0.0,0.0,2023-05-24
14,2023-05-24 10:45:00-04:00,35.15999984741211,35.25,35.119998931884766,35.16999816894531,2085,0.0,0.0,2023-05-24
15,2023-05-24 10:50:00-04:00,35.18000030517578,35.2400016784668,35.092498779296875,35.2400016784668,4809,0.0,0.0,2023-05-24
16,2023-05-24 10:55:00-04:00,35.25,35.2599983215332,35.25,35.2599983215332,1071,0.0,0.0,2023-05-24
17,2023-05-24 11:00:00-04:00,35.2599983215332,35.29499816894531,35.189998626708984,35.23500061035156,2059,0.0,0.0,2023-05-24
18,2023-05-24 11:05:00-04:00,35.220001220703125,35.220001220703125,35.15999984741211,35.165000915527344,2000,0.0,0.0,2023-05-24
19,2023-05-24 11:10:00-04:00,35.154998779296875,35.220001220703125,35.154998779296875,35.17499923706055,2360,0.0,0.0,2023-05-24
20,2023-05-24 11:15:00-04:00,35.209999084472656,35.275001525878906,35.20000076293945,35.275001525878906,1218,0.0,0.0,2023-05-24
21,2023-05-24 11:20:00-04:00,35.349998474121094,35.43000030517578,35.349998474121094,35.43000030517578,884,0.0,0.0,2023-05-24
22,2023-05-24 11:25:00-04:00,35.56999969482422,35.58000183105469,35.540000915527344,35.56999969482422,1695,0.0,0.0,2023-05-24
23,2023-05-24 11:30:00-04:00,35.41999816894531,35.41999816894531,35.31999969482422,35.34000015258789,733,0.0,0.0,2023-05-24
24,2023-05-24 11:35:00-04:00,35.25,35.25,35.25,35.25,404,0.0,0.0,2023-05-24
25,2023-05-24 11:40:00-04:00,35.314998626708984,35.314998626708984,35.314998626708984,35.314998626708984,1476,0.0,0.0,2023-05-24
26,2023-05-24 11:45:00-04:00,35.36000061035156,35.36000061035156,35.33000183105469,35.34000015258789,514,0.0,0.0,2023-05-24
27,2023-05-24 11:50:00-04:00,35.42499923706055,35.43000030517578,35.41999816894531,35.43000030517578,2076,0.0,0.0,2023-05-24
28,2023-05-24 11:55:00-04:00,35.43000030517578,35.5099983215332,35.43000030517578,35.5099983215332,3740,0.0,0.0,2023-05-24
29,2023-05-24 12:00:00-04:00,35.5099983215332,35.52000045776367,35.5,35.5,522,0.0,0.0,2023-05-24
30,2023-05-24 12:05:00-04:00,35.52000045776367,35.58000183105469,35.5,35.58000183105469,4378,0.0,0.0,2023-05-24
31,2023-05-24 12:10:00-04:00,35.505001068115234,35.560001373291016,35.505001068115234,35.560001373291016,612,0.0,0.0,2023-05-24
32,2023-05-24 12:15:00-04:00,35.43000030517578,35.45000076293945,35.43000030517578,35.45000076293945,938,0.0,0.0,2023-05-24
33,2023-05-24 12:20:00-04:00,35.5,35.5,35.5,35.5,453,0.0,0.0,2023-05-24
34,2023-05-24 12:25:00-04:00,35.43000030517578,35.47999954223633,35.43000030517578,35.439998626708984,1117,0.0,0.0,2023-05-24
35,2023-05-24 12:30:00-04:00,35.46500015258789,35.54999923706055,35.46500015258789,35.54999923706055,2142,0.0,0.0,2023-05-24
36,2023-05-24 12:35:00-04:00,35.560001373291016,35.59000015258789,35.560001373291016,35.59000015258789,391,0.0,0.0,2023-05-24
37,2023-05-24 12:40:00-04:00,35.66999816894531,35.77000045776367,35.66999816894531,35.66999816894531,788,0.0,0.0,2023-05-24
38,2023-05-24 12:45:00-04:00,35.59000015258789,35.619998931884766,35.58000183105469,35.619998931884766,563,0.0,0.0,2023-05-24
39,2023-05-24 12:55:00-04:00,35.619998931884766,35.619998931884766,35.619998931884766,35.619998931884766,236,0.0,0.0,2023-05-24
40,2023-05-24 13:00:00-04:00,35.56999969482422,35.58000183105469,35.540000915527344,35.540000915527344,989,0.0,0.0,2023-05-24
41,2023-05-24 13:05:00-04:00,35.540000915527344,35.540000915527344,35.540000915527344,35.540000915527344,397,0.0,0.0,2023-05-24
42,2023-05-24 13:15:00-04:00,35.560001373291016,35.77000045776367,35.540000915527344,35.77000045776367,3869,0.0,0.0,2023-05-24
43,2023-05-24 13:20:00-04:00,35.779998779296875,35.869998931884766,35.75,35.79999923706055,1693,0.0,0.0,2023-05-24
44,2023-05-24 13:25:00-04:00,35.75,35.83000183105469,35.720001220703125,35.720001220703125,2738,0.0,0.0,2023-05-24
45,2023-05-24 13:30:00-04:00,35.810001373291016,35.900001525878906,35.810001373291016,35.900001525878906,1623,0.0,0.0,2023-05-24
46,2023-05-24 13:35:00-04:00,35.849998474121094,35.90999984741211,35.79999923706055,35.84000015258789,1438,0.0,0.0,2023-05-24
47,2023-05-24 13:40:00-04:00,35.90999984741211,35.95000076293945,35.880001068115234,35.900001525878906,1627,0.0,0.0,2023-05-24
48,2023-05-24 13:45:00-04:00,35.8849983215332,35.8849983215332,35.810001373291016,35.849998474121094,1875,0.0,0.0,2023-05-24
49,2023-05-24 13:50:00-04:00,35.810001373291016,35.88999938964844,35.810001373291016,35.88999938964844,1734,0.0,0.0,2023-05-24
50,2023-05-24 13:55:00-04:00,35.900001525878906,35.93000030517578,35.81100082397461,35.85499954223633,4179,0.0,0.0,2023-05-24
51,2023-05-24 14:00:00-04:00,35.849998474121094,35.93000030517578,35.819000244140625,35.86000061035156,2521,0.0,0.0,2023-05-24
52,2023-05-24 14:05:00-04:00,35.790000915527344,35.939998626708984,35.790000915527344,35.900001525878906,1172,0.0,0.0,2023-05-24
53,2023-05-24 14:10:00-04:00,35.88999938964844,35.88999938964844,35.619998931884766,35.7599983215332,5925,0.0,0.0,2023-05-24
54,2023-05-24 14:15:00-04:00,35.70000076293945,35.810001373291016,35.70000076293945,35.709999084472656,1978,0.0,0.0,2023-05-24
55,2023-05-24 14:20:00-04:00,35.73500061035156,35.73500061035156,35.689998626708984,35.73500061035156,679,0.0,0.0,2023-05-24
56,2023-05-24 14:25:00-04:00,35.73500061035156,35.790000915527344,35.732200622558594,35.732200622558594,1642,0.0,0.0,2023-05-24
57,2023-05-24 14:30:00-04:00,35.720001220703125,35.79999923706055,35.720001220703125,35.79999923706055,1676,0.0,0.0,2023-05-24
58,2023-05-24 14:35:00-04:00,35.76499938964844,35.810001373291016,35.720001220703125,35.810001373291016,4643,0.0,0.0,2023-05-24
59,2023-05-24 14:40:00-04:00,35.779998779296875,35.84000015258789,35.77000045776367,35.77000045776367,1408,0.0,0.0,2023-05-24
60,2023-05-24 14:45:00-04:00,35.79999923706055,35.82500076293945,35.7599983215332,35.77000045776367,1052,0.0,0.0,2023-05-24
61,2023-05-24 14:50:00-04:00,35.74020004272461,35.810001373291016,35.7400016784668,35.7400016784668,4288,0.0,0.0,2023-05-24
62,2023-05-24 14:55:00-04:00,35.75,35.75,35.65999984741211,35.67499923706055,4433,0.0,0.0,2023-05-24
63,2023-05-24 15:00:00-04:00,35.709999084472656,35.720001220703125,35.560001373291016,35.560001373291016,2016,0.0,0.0,2023-05-24
64,2023-05-24 15:05:00-04:00,35.58000183105469,35.65999984741211,35.58000183105469,35.6150016784668,519,0.0,0.0,2023-05-24
65,2023-05-24 15:10:00-04:00,35.60499954223633,35.65999984741211,35.60499954223633,35.65999984741211,1893,0.0,0.0,2023-05-24
66,2023-05-24 15:15:00-04:00,35.66999816894531,35.79999923706055,35.66999816894531,35.790000915527344,2553,0.0,0.0,2023-05-24
67,2023-05-24 15:20:00-04:00,35.84000015258789,35.849998474121094,35.77000045776367,35.79499816894531,2379,0.0,0.0,2023-05-24
68,2023-05-24 15:25:00-04:00,35.779998779296875,35.80500030517578,35.7599983215332,35.772499084472656,1883,0.0,0.0,2023-05-24
69,2023-05-24 15:30:00-04:00,35.775001525878906,35.869998931884766,35.775001525878906,35.814998626708984,1916,0.0,0.0,2023-05-24
70,2023-05-24 15:35:00-04:00,35.814998626708984,35.814998626708984,35.70000076293945,35.72999954223633,4513,0.0,0.0,2023-05-24
71,2023-05-24 15:40:00-04:00,35.75,35.79999923706055,35.65999984741211,35.65999984741211,4223,0.0,0.0,2023-05-24
72,2023-05-24 15:45:00-04:00,35.65999984741211,35.779998779296875,35.630001068115234,35.71500015258789,7430,0.0,0.0,2023-05-24
73,2023-05-24 15:50:00-04:00,35.63999938964844,35.810001373291016,35.630001068115234,35.744998931884766,12523,0.0,0.0,2023-05-24
74,2023-05-24 15:55:00-04:00,35.744998931884766,35.880001068115234,35.680999755859375,35.70000076293945,29220,0.0,0.0,2023-05-24
75,2023-05-25 09:30:00-04:00,35.459999084472656,35.70000076293945,35.459999084472656,35.58000183105469,5349,0.0,0.0,2023-05-25
76,2023-05-25 09:35:00-04:00,35.790000915527344,35.790000915527344,35.6349983215332,35.6349983215332,1621,0.0,0.0,2023-05-25
77,2023-05-25 09:40:00-04:00,35.6150016784668,35.6150016784668,35.42499923706055,35.43000030517578,2022,0.0,0.0,2023-05-25
78,2023-05-25 09:45:00-04:00,35.58000183105469,35.709999084472656,35.54499816894531,35.709999084472656,565,0.0,0.0,2023-05-25
79,2023-05-25 09:50:00-04:00,35.45000076293945,35.540000915527344,35.45000076293945,35.540000915527344,473,0.0,0.0,2023-05-25
80,2023-05-25 09:55:00-04:00,35.4900016784668,35.4900016784668,35.400001525878906,35.47999954223633,949,0.0,0.0,2023-05-25
81,2023-05-25 10:00:00-04:00,35.560001373291016,35.560001373291016,35.40999984741211,35.40999984741211,1216,0.0,0.0,2023-05-25
82,2023-05-25 10:05:00-04:00,35.41999816894531,35.4900016784668,35.40999984741211,35.40999984741211,1366,0.0,0.0,2023-05-25
83,2023-05-25 10:10:00-04:00,35.33000183105469,35.349998474121094,35.209999084472656,35.349998474121094,2965,0.0,0.0,2023-05-25
84,2023-05-25 10:15:00-04:00,35.36000061035156,35.41999816894531,35.20000076293945,35.27000045776367,1720,0.0,0.0,2023-05-25
85,2023-05-25 10:20:00-04:00,35.13999938964844,35.25,35.119998931884766,35.119998931884766,1217,0.0,0.0,2023-05-25
86,2023-05-25 10:25:00-04:00,35.29999923706055,35.400001525878906,35.15999984741211,35.15999984741211,2609,0.0,0.0,2023-05-25
87,2023-05-25 10:30:00-04:00,35.09000015258789,35.099998474121094,34.779998779296875,34.779998779296875,4470,0.0,0.0,2023-05-25
88,2023-05-25 10:35:00-04:00,34.63999938964844,34.77000045776367,34.599998474121094,34.599998474121094,2417,0.0,0.0,2023-05-25
89,2023-05-25 10:40:00-04:00,34.599998474121094,34.65999984741211,34.599998474121094,34.599998474121094,1656,0.0,0.0,2023-05-25
90,2023-05-25 10:45:00-04:00,34.709999084472656,34.720001220703125,34.52000045776367,34.540000915527344,4243,0.0,0.0,2023-05-25
91,2023-05-25 10:50:00-04:00,34.540000915527344,34.58000183105469,34.52000045776367,34.54999923706055,2107,0.0,0.0,2023-05-25
92,2023-05-25 10:55:00-04:00,34.56999969482422,34.63999938964844,34.56999969482422,34.61000061035156,2837,0.0,0.0,2023-05-25
93,2023-05-25 11:00:00-04:00,34.64500045776367,34.68000030517578,34.64500045776367,34.68000030517578,1023,0.0,0.0,2023-05-25
94,2023-05-25 11:05:00-04:00,34.70000076293945,34.959999084472656,34.70000076293945,34.91999816894531,1770,0.0,0.0,2023-05-25
95,2023-05-25 11:10:00-04:00,34.88999938964844,34.95500183105469,34.75,34.84000015258789,3725,0.0,0.0,2023-05-25
96,2023-05-25 11:15:00-04:00,34.810001373291016,34.810001373291016,34.71500015258789,34.71500015258789,2171,0.0,0.0,2023-05-25
97,2023-05-25 11:20:00-04:00,34.810001373291016,34.84000015258789,34.79999923706055,34.83000183105469,1516,0.0,0.0,2023-05-25
98,2023-05-25 11:25:00-04:00,34.83000183105469,34.845001220703125,34.83000183105469,34.845001220703125,679,0.0,0.0,2023-05-25
99,2023-05-25 11:30:00-04:00,34.79999923706055,34.79999923706055,34.650001525878906,34.650001525878906,1944,0.0,0.0,2023-05-25
100,2023-05-25 11:35:00-04:00,34.56999969482422,34.599998474121094,34.56999969482422,34.599998474121094,455,0.0,0.0,2023-05-25
101,2023-05-25 11:40:00-04:00,34.439998626708984,34.48500061035156,34.33000183105469,34.34000015258789,9597,0.0,0.0,2023-05-25
102,2023-05-25 11:45:00-04:00,34.290000915527344,34.43000030517578,34.209999084472656,34.209999084472656,3354,0.0,0.0,2023-05-25
103,2023-05-25 11:50:00-04:00,34.41999816894531,34.45000076293945,34.380001068115234,34.380001068115234,2016,0.0,0.0,2023-05-25
104,2023-05-25 11:55:00-04:00,34.349998474121094,34.43000030517578,34.349998474121094,34.41999816894531,2337,0.0,0.0,2023-05-25
105,2023-05-25 12:00:00-04:00,34.3849983215332,34.439998626708984,34.3849983215332,34.439998626708984,816,0.0,0.0,2023-05-25
106,2023-05-25 12:10:00-04:00,34.47999954223633,34.47999954223633,34.380001068115234,34.40999984741211,2196,0.0,0.0,2023-05-25
107,2023-05-25 12:15:00-04:00,34.42499923706055,34.470001220703125,34.41999816894531,34.470001220703125,659,0.0,0.0,2023-05-25
108,2023-05-25 12:20:00-04:00,34.4900016784668,34.540000915527344,34.38999938964844,34.43000030517578,1772,0.0,0.0,2023-05-25
109,2023-05-25 12:25:00-04:00,34.349998474121094,34.400001525878906,34.349998474121094,34.400001525878906,767,0.0,0.0,2023-05-25
110,2023-05-25 12:30:00-04:00,34.3650016784668,34.3650016784668,34.345001220703125,34.345001220703125,595,0.0,0.0,2023-05-25
111,2023-05-25 12:35:00-04:00,34.375,34.51499938964844,34.375,34.51499938964844,1621,0.0,0.0,2023-05-25
112,2023-05-25 12:40:00-04:00,34.5,34.5,34.439998626708984,34.439998626708984,973,0.0,0.0,2023-05-25
113,2023-05-25 12:45:00-04:00,34.38999938964844,34.45000076293945,34.38999938964844,34.43000030517578,397,0.0,0.0,2023-05-25
114,2023-05-25 12:50:00-04:00,34.46900177001953,34.46900177001953,34.46900177001953,34.46900177001953,262,0.0,0.0,2023-05-25
115,2023-05-25 12:55:00-04:00,34.41999816894531,34.47999954223633,34.38999938964844,34.38999938964844,2196,0.0,0.0,2023-05-25
116,2023-05-25 13:00:00-04:00,34.349998474121094,34.369998931884766,34.349998474121094,34.369998931884766,278,0.0,0.0,2023-05-25
117,2023-05-25 13:05:00-04:00,34.310001373291016,34.48500061035156,34.30500030517578,34.48500061035156,3400,0.0,0.0,2023-05-25
118,2023-05-25 13:10:00-04:00,34.5099983215332,34.630001068115234,34.5099983215332,34.584999084472656,5189,0.0,0.0,2023-05-25
119,2023-05-25 13:15:00-04:00,34.599998474121094,34.689998626708984,34.599998474121094,34.67499923706055,2273,0.0,0.0,2023-05-25
120,2023-05-25 13:20:00-04:00,34.72999954223633,34.779998779296875,34.66999816894531,34.779998779296875,3407,0.0,0.0,2023-05-25
121,2023-05-25 13:25:00-04:00,34.7599983215332,34.93000030517578,34.7599983215332,34.93000030517578,2420,0.0,0.0,2023-05-25
122,2023-05-25 13:30:00-04:00,34.869998931884766,34.92499923706055,34.869998931884766,34.869998931884766,915,0.0,0.0,2023-05-25
123,2023-05-25 13:35:00-04:00,34.875,34.93000030517578,34.7400016784668,34.76499938964844,2847,0.0,0.0,2023-05-25
124,2023-05-25 13:40:00-04:00,34.720001220703125,34.900001525878906,34.720001220703125,34.79999923706055,4553,0.0,0.0,2023-05-25
125,2023-05-25 13:45:00-04:00,34.837799072265625,34.837799072265625,34.709999084472656,34.709999084472656,618,0.0,0.0,2023-05-25
126,2023-05-25 13:50:00-04:00,34.619998931884766,34.619998931884766,34.540000915527344,34.540000915527344,1284,0.0,0.0,2023-05-25
127,2023-05-25 13:55:00-04:00,34.59000015258789,34.65999984741211,34.59000015258789,34.65999984741211,1625,0.0,0.0,2023-05-25
128,2023-05-25 14:00:00-04:00,34.70000076293945,34.900001525878906,34.70000076293945,34.709999084472656,3381,0.0,0.0,2023-05-25
129,2023-05-25 14:05:00-04:00,34.70000076293945,34.70000076293945,34.70000076293945,34.70000076293945,887,0.0,0.0,2023-05-25
130,2023-05-25 14:10:00-04:00,34.7400016784668,34.755001068115234,34.63999938964844,34.63999938964844,992,0.0,0.0,2023-05-25
131,2023-05-25 14:15:00-04:00,34.720001220703125,34.720001220703125,34.70000076293945,34.70500183105469,1040,0.0,0.0,2023-05-25
132,2023-05-25 14:20:00-04:00,34.66999816894531,34.709999084472656,34.650001525878906,34.65999984741211,1794,0.0,0.0,2023-05-25
133,2023-05-25 14:25:00-04:00,34.59159851074219,34.7599983215332,34.59159851074219,34.70000076293945,2652,0.0,0.0,2023-05-25
134,2023-05-25 14:30:00-04:00,34.67499923706055,34.67499923706055,34.6150016784668,34.64500045776367,869,0.0,0.0,2023-05-25
135,2023-05-25 14:35:00-04:00,34.4900016784668,34.5,34.4900016784668,34.5,866,0.0,0.0,2023-05-25
136,2023-05-25 14:40:00-04:00,34.5,34.58000183105469,34.47999954223633,34.47999954223633,6906,0.0,0.0,2023-05-25
137,2023-05-25 14:45:00-04:00,34.529998779296875,34.54999923706055,34.4900016784668,34.5099983215332,2477,0.0,0.0,2023-05-25
138,2023-05-25 14:50:00-04:00,34.5099983215332,34.58000183105469,34.47999954223633,34.54999923706055,2142,0.0,0.0,2023-05-25
139,2023-05-25 14:55:00-04:00,34.5,34.5,34.42499923706055,34.45500183105469,3565,0.0,0.0,2023-05-25
140,2023-05-25 15:00:00-04:00,34.4900016784668,34.59000015258789,34.470001220703125,34.540000915527344,3511,0.0,0.0,2023-05-25
141,2023-05-25 15:05:00-04:00,34.540000915527344,34.599998474121094,34.540000915527344,34.560001373291016,2929,0.0,0.0,2023-05-25
142,2023-05-25 15:10:00-04:00,34.59000015258789,34.61000061035156,34.560001373291016,34.58000183105469,2366,0.0,0.0,2023-05-25
143,2023-05-25 15:15:00-04:00,34.58000183105469,34.630001068115234,34.54999923706055,34.59000015258789,4568,0.0,0.0,2023-05-25
144,2023-05-25 15:20:00-04:00,34.61000061035156,34.77000045776367,34.61000061035156,34.77000045776367,2767,0.0,0.0,2023-05-25
145,2023-05-25 15:25:00-04:00,34.70000076293945,34.84000015258789,34.650001525878906,34.79999923706055,4243,0.0,0.0,2023-05-25
146,2023-05-25 15:30:00-04:00,34.75,34.880001068115234,34.75,34.790000915527344,4601,0.0,0.0,2023-05-25
147,2023-05-25 15:35:00-04:00,34.76499938964844,34.84000015258789,34.709999084472656,34.77000045776367,4359,0.0,0.0,2023-05-25
148,2023-05-25 15:40:00-04:00,34.7599983215332,34.779998779296875,34.709999084472656,34.720001220703125,3625,0.0,0.0,2023-05-25
149,2023-05-25 15:45:00-04:00,34.72999954223633,34.75,34.62099838256836,34.62099838256836,6929,0.0,0.0,2023-05-25
150,2023-05-25 15:50:00-04:00,34.619998931884766,34.630001068115234,34.47999954223633,34.54999923706055,10503,0.0,0.0,2023-05-25
151,2023-05-25 15:55:00-04:00,34.56999969482422,34.66999816894531,34.564998626708984,34.584999084472656,24487,0.0,0.0,2023-05-25
152,2023-05-26 09:30:00-04:00,34.56999969482422,34.689998626708984,34.5,34.65999984741211,2929,0.0,0.0,2023-05-26
153,2023-05-26 09:35:00-04:00,34.630001068115234,34.87919998168945,34.630001068115234,34.659400939941406,3240,0.0,0.0,2023-05-26
154,2023-05-26 09:40:00-04:00,34.31800079345703,34.5099983215332,34.310001373291016,34.5,2293,0.0,0.0,2023-05-26
155,2023-05-26 09:50:00-04:00,34.26499938964844,34.26499938964844,34.26499938964844,34.26499938964844,105,0.0,0.0,2023-05-26
156,2023-05-26 09:55:00-04:00,34.209999084472656,34.27000045776367,34.209999084472656,34.25,702,0.0,0.0,2023-05-26
157,2023-05-26 10:00:00-04:00,34.13999938964844,34.16450119018555,34.08000183105469,34.15999984741211,2614,0.0,0.0,2023-05-26
158,2023-05-26 10:05:00-04:00,34.18000030517578,34.34000015258789,34.18000030517578,34.25,2277,0.0,0.0,2023-05-26
159,2023-05-26 10:10:00-04:00,34.33000183105469,34.33000183105469,34.2599983215332,34.2599983215332,994,0.0,0.0,2023-05-26
160,2023-05-26 10:15:00-04:00,34.27000045776367,34.40999984741211,34.27000045776367,34.40999984741211,840,0.0,0.0,2023-05-26
161,2023-05-26 10:20:00-04:00,34.38999938964844,34.38999938964844,34.38999938964844,34.38999938964844,1480,0.0,0.0,2023-05-26
162,2023-05-26 10:25:00-04:00,34.47999954223633,34.673500061035156,34.459999084472656,34.673500061035156,1170,0.0,0.0,2023-05-26
163,2023-05-26 10:30:00-04:00,34.68000030517578,34.68000030517578,34.58000183105469,34.619998931884766,1307,0.0,0.0,2023-05-26
164,2023-05-26 10:40:00-04:00,34.689998626708984,34.70000076293945,34.61000061035156,34.630001068115234,1176,0.0,0.0,2023-05-26
165,2023-05-26 10:45:00-04:00,34.58000183105469,34.58000183105469,34.58000183105469,34.58000183105469,311,0.0,0.0,2023-05-26
166,2023-05-26 10:50:00-04:00,34.540000915527344,34.540000915527344,34.400001525878906,34.439998626708984,1043,0.0,0.0,2023-05-26
167,2023-05-26 10:55:00-04:00,34.439998626708984,34.439998626708984,34.439998626708984,34.439998626708984,314,0.0,0.0,2023-05-26
168,2023-05-26 11:00:00-04:00,34.43000030517578,34.560001373291016,34.40999984741211,34.560001373291016,1493,0.0,0.0,2023-05-26
169,2023-05-26 11:05:00-04:00,34.5099983215332,34.5099983215332,34.5099983215332,34.5099983215332,225,0.0,0.0,2023-05-26
170,2023-05-26 11:10:00-04:00,34.529998779296875,34.529998779296875,34.52000045776367,34.52000045776367,637,0.0,0.0,2023-05-26
171,2023-05-26 11:15:00-04:00,34.439998626708984,34.47999954223633,34.439998626708984,34.47999954223633,1457,0.0,0.0,2023-05-26
172,2023-05-26 11:20:00-04:00,34.47999954223633,34.4900016784668,34.41999816894531,34.4900016784668,1793,0.0,0.0,2023-05-26
173,2023-05-26 11:25:00-04:00,34.400001525878906,34.400001525878906,34.38999938964844,34.38999938964844,1058,0.0,0.0,2023-05-26
174,2023-05-26 11:30:00-04:00,34.3650016784668,34.38999938964844,34.3650016784668,34.38999938964844,543,0.0,0.0,2023-05-26
175,2023-05-26 11:35:00-04:00,34.43000030517578,34.54999923706055,34.43000030517578,34.54999923706055,1105,0.0,0.0,2023-05-26
176,2023-05-26 11:40:00-04:00,34.5099983215332,34.5099983215332,34.5099983215332,34.5099983215332,512,0.0,0.0,2023-05-26
177,2023-05-26 11:45:00-04:00,34.4900016784668,34.4900016784668,34.489898681640625,34.489898681640625,580,0.0,0.0,2023-05-26
178,2023-05-26 11:50:00-04:00,34.529998779296875,34.540000915527344,34.52000045776367,34.540000915527344,947,0.0,0.0,2023-05-26
179,2023-05-26 11:55:00-04:00,34.5099983215332,34.540000915527344,34.5099983215332,34.540000915527344,357,0.0,0.0,2023-05-26
180,2023-05-26 12:00:00-04:00,34.529998779296875,34.599998474121094,34.529998779296875,34.599998474121094,2307,0.0,0.0,2023-05-26
181,2023-05-26 12:05:00-04:00,34.650001525878906,34.650001525878906,34.64500045776367,34.64500045776367,799,0.0,0.0,2023-05-26
182,2023-05-26 12:15:00-04:00,34.69499969482422,34.69499969482422,34.63999938964844,34.63999938964844,2162,0.0,0.0,2023-05-26
183,2023-05-26 12:20:00-04:00,34.709999084472656,34.720001220703125,34.709999084472656,34.720001220703125,832,0.0,0.0,2023-05-26
184,2023-05-26 12:25:00-04:00,34.72999954223633,34.72999954223633,34.720001220703125,34.720001220703125,681,0.0,0.0,2023-05-26
185,2023-05-26 12:30:00-04:00,34.720001220703125,34.720001220703125,34.709999084472656,34.709999084472656,449,0.0,0.0,2023-05-26
186,2023-05-26 12:35:00-04:00,34.62139892578125,34.66999816894531,34.62139892578125,34.66999816894531,387,0.0,0.0,2023-05-26
187,2023-05-26 12:40:00-04:00,34.68000030517578,34.70000076293945,34.61000061035156,34.61000061035156,3186,0.0,0.0,2023-05-26
188,2023-05-26 12:45:00-04:00,34.59000015258789,34.59000015258789,34.529998779296875,34.55500030517578,1312,0.0,0.0,2023-05-26
189,2023-05-26 12:50:00-04:00,34.59000015258789,34.619998931884766,34.52000045776367,34.52000045776367,1713,0.0,0.0,2023-05-26
190,2023-05-26 12:55:00-04:00,34.52000045776367,34.52000045776367,34.5,34.5,833,0.0,0.0,2023-05-26
191,2023-05-26 13:00:00-04:00,34.540000915527344,34.560001373291016,34.540000915527344,34.560001373291016,933,0.0,0.0,2023-05-26
192,2023-05-26 13:05:00-04:00,34.61000061035156,34.61000061035156,34.61000061035156,34.61000061035156,160,0.0,0.0,2023-05-26
193,2023-05-26 13:10:00-04:00,34.540000915527344,34.540000915527344,34.52000045776367,34.52000045776367,840,0.0,0.0,2023-05-26
194,2023-05-26 13:15:00-04:00,34.47999954223633,34.47999954223633,34.41740036010742,34.41740036010742,823,0.0,0.0,2023-05-26
195,2023-05-26 13:20:00-04:00,34.46500015258789,34.46500015258789,34.46500015258789,34.46500015258789,342,0.0,0.0,2023-05-26
196,2023-05-26 13:25:00-04:00,34.470001220703125,34.50270080566406,34.459999084472656,34.459999084472656,1120,0.0,0.0,2023-05-26
197,2023-05-26 13:30:00-04:00,34.45500183105469,34.540000915527344,34.439998626708984,34.525001525878906,2483,0.0,0.0,2023-05-26
198,2023-05-26 13:35:00-04:00,34.5,34.5,34.5,34.5,368,0.0,0.0,2023-05-26
199,2023-05-26 13:40:00-04:00,34.474998474121094,34.474998474121094,34.40999984741211,34.40999984741211,516,0.0,0.0,2023-05-26
200,2023-05-26 13:45:00-04:00,34.38999938964844,34.38999938964844,34.38999938964844,34.38999938964844,309,0.0,0.0,2023-05-26
201,2023-05-26 13:50:00-04:00,34.41999816894531,34.44499969482422,34.40999984741211,34.40999984741211,1492,0.0,0.0,2023-05-26
202,2023-05-26 13:55:00-04:00,34.41999816894531,34.44499969482422,34.38999938964844,34.44499969482422,1288,0.0,0.0,2023-05-26
203,2023-05-26 14:00:00-04:00,34.459999084472656,34.47999954223633,34.43000030517578,34.46500015258789,2606,0.0,0.0,2023-05-26
204,2023-05-26 14:05:00-04:00,34.40999984741211,34.435001373291016,34.40999984741211,34.4275016784668,948,0.0,0.0,2023-05-26
205,2023-05-26 14:10:00-04:00,34.439998626708984,34.439998626708984,34.43000030517578,34.43000030517578,326,0.0,0.0,2023-05-26
206,2023-05-26 14:15:00-04:00,34.43000030517578,34.45000076293945,34.40999984741211,34.439998626708984,1648,0.0,0.0,2023-05-26
207,2023-05-26 14:20:00-04:00,34.45500183105469,34.45500183105469,34.45500183105469,34.45500183105469,600,0.0,0.0,2023-05-26
208,2023-05-26 14:25:00-04:00,34.459999084472656,34.459999084472656,34.439998626708984,34.459999084472656,1124,0.0,0.0,2023-05-26
209,2023-05-26 14:30:00-04:00,34.38999938964844,34.400001525878906,34.36000061035156,34.400001525878906,705,0.0,0.0,2023-05-26
210,2023-05-26 14:35:00-04:00,34.34000015258789,34.41999816894531,34.34000015258789,34.41999816894531,807,0.0,0.0,2023-05-26
211,2023-05-26 14:40:00-04:00,34.40449905395508,34.40449905395508,34.40449905395508,34.40449905395508,252,0.0,0.0,2023-05-26
212,2023-05-26 14:45:00-04:00,34.43000030517578,34.459999084472656,34.43000030517578,34.459999084472656,1941,0.0,0.0,2023-05-26
213,2023-05-26 14:50:00-04:00,34.45000076293945,34.4900016784668,34.45000076293945,34.4900016784668,1915,0.0,0.0,2023-05-26
214,2023-05-26 14:55:00-04:00,34.560001373291016,34.560001373291016,34.560001373291016,34.560001373291016,447,0.0,0.0,2023-05-26
215,2023-05-26 15:00:00-04:00,34.53499984741211,34.599998474121094,34.53499984741211,34.599998474121094,510,0.0,0.0,2023-05-26
216,2023-05-26 15:05:00-04:00,34.599998474121094,34.70000076293945,34.599998474121094,34.689998626708984,4280,0.0,0.0,2023-05-26
217,2023-05-26 15:10:00-04:00,34.64500045776367,34.64500045776367,34.64500045776367,34.64500045776367,439,0.0,0.0,2023-05-26
218,2023-05-26 15:15:00-04:00,34.715999603271484,34.715999603271484,34.715999603271484,34.715999603271484,647,0.0,0.0,2023-05-26
219,2023-05-26 15:20:00-04:00,34.619998931884766,34.650001525878906,34.619998931884766,34.619998931884766,2888,0.0,0.0,2023-05-26
220,2023-05-26 15:25:00-04:00,34.529998779296875,34.54999923706055,34.52000045776367,34.54999923706055,1007,0.0,0.0,2023-05-26
221,2023-05-26 15:30:00-04:00,34.5099983215332,34.5099983215332,34.5099983215332,34.5099983215332,734,0.0,0.0,2023-05-26
222,2023-05-26 15:35:00-04:00,34.56999969482422,34.6349983215332,34.560001373291016,34.619998931884766,13844,0.0,0.0,2023-05-26
223,2023-05-26 15:40:00-04:00,34.630001068115234,34.69499969482422,34.630001068115234,34.69499969482422,1607,0.0,0.0,2023-05-26
224,2023-05-26 15:45:00-04:00,34.70500183105469,34.790000915527344,34.70500183105469,34.755001068115234,3609,0.0,0.0,2023-05-26
225,2023-05-26 15:50:00-04:00,34.70000076293945,34.724998474121094,34.651798248291016,34.720001220703125,6864,0.0,0.0,2023-05-26
226,2023-05-26 15:55:00-04:00,34.7599983215332,34.86000061035156,34.7599983215332,34.77000045776367,15489,0.0,0.0,2023-05-26
227,2023-05-30 09:30:00-04:00,34.790000915527344,34.790000915527344,34.790000915527344,34.790000915527344,2232,0.0,0.0,2023-05-30
228,2023-05-30 09:45:00-04:00,34.400001525878906,34.5,34.38999938964844,34.435001373291016,959,0.0,0.0,2023-05-30
229,2023-05-30 09:50:00-04:00,34.560001373291016,34.560001373291016,34.54999923706055,34.560001373291016,1201,0.0,0.0,2023-05-30
230,2023-05-30 09:55:00-04:00,34.42110061645508,34.4900016784668,34.27000045776367,34.40999984741211,3052,0.0,0.0,2023-05-30
231,2023-05-30 10:00:00-04:00,34.41999816894531,34.47629928588867,34.41999816894531,34.470001220703125,524,0.0,0.0,2023-05-30
232,2023-05-30 10:05:00-04:00,34.400001525878906,34.45000076293945,34.220001220703125,34.44499969482422,2499,0.0,0.0,2023-05-30
233,2023-05-30 10:10:00-04:00,34.4900016784668,34.54999923706055,34.4900016784668,34.54999923706055,503,0.0,0.0,2023-05-30
234,2023-05-30 10:15:00-04:00,34.5099983215332,34.84000015258789,34.5099983215332,34.720001220703125,1945,0.0,0.0,2023-05-30
235,2023-05-30 10:20:00-04:00,34.79999923706055,34.79999923706055,34.619998931884766,34.619998931884766,1849,0.0,0.0,2023-05-30
236,2023-05-30 10:25:00-04:00,34.380001068115234,34.380001068115234,34.380001068115234,34.380001068115234,766,0.0,0.0,2023-05-30
237,2023-05-30 10:35:00-04:00,34.470001220703125,34.470001220703125,34.470001220703125,34.470001220703125,165,0.0,0.0,2023-05-30
238,2023-05-30 10:45:00-04:00,34.40999984741211,34.40999984741211,34.15999984741211,34.20249938964844,1992,0.0,0.0,2023-05-30
239,2023-05-30 10:50:00-04:00,34.060001373291016,34.060001373291016,34.060001373291016,34.060001373291016,317,0.0,0.0,2023-05-30
240,2023-05-30 10:55:00-04:00,34.060001373291016,34.16999816894531,34.040000915527344,34.16999816894531,3398,0.0,0.0,2023-05-30
241,2023-05-30 11:10:00-04:00,34.060001373291016,34.060001373291016,34.060001373291016,34.060001373291016,307,0.0,0.0,2023-05-30
242,2023-05-30 11:15:00-04:00,34.060001373291016,34.060001373291016,33.959999084472656,33.959999084472656,2227,0.0,0.0,2023-05-30
243,2023-05-30 11:25:00-04:00,33.85940170288086,33.85940170288086,33.85940170288086,33.85940170288086,1347,0.0,0.0,2023-05-30
244,2023-05-30 11:45:00-04:00,33.849998474121094,33.849998474121094,33.849998474121094,33.849998474121094,522,0.0,0.0,2023-05-30
245,2023-05-30 11:50:00-04:00,33.90999984741211,34.029998779296875,33.90999984741211,34.029998779296875,3006,0.0,0.0,2023-05-30
246,2023-05-30 11:55:00-04:00,33.9900016784668,34.09000015258789,33.9900016784668,34.029998779296875,1709,0.0,0.0,2023-05-30
247,2023-05-30 12:00:00-04:00,34.040000915527344,34.040000915527344,34.040000915527344,34.040000915527344,203,0.0,0.0,2023-05-30
248,2023-05-30 12:05:00-04:00,33.970001220703125,33.9900016784668,33.970001220703125,33.9900016784668,1040,0.0,0.0,2023-05-30
249,2023-05-30 12:10:00-04:00,33.9900016784668,33.9900016784668,33.970001220703125,33.970001220703125,928,0.0,0.0,2023-05-30
250,2023-05-30 12:15:00-04:00,33.97999954223633,33.97999954223633,33.93000030517578,33.970001220703125,573,0.0,0.0,2023-05-30
251,2023-05-30 12:20:00-04:00,33.939998626708984,33.939998626708984,33.939998626708984,33.939998626708984,538,0.0,0.0,2023-05-30
252,2023-05-30 12:25:00-04:00,34.04999923706055,34.04999923706055,34.04999923706055,34.04999923706055,380,0.0,0.0,2023-05-30
253,2023-05-30 12:30:00-04:00,33.97010040283203,34.11000061035156,33.97010040283203,34.08000183105469,3081,0.0,0.0,2023-05-30
254,2023-05-30 12:35:00-04:00,34.15999984741211,34.20989990234375,34.060001373291016,34.060001373291016,2272,0.0,0.0,2023-05-30
255,2023-05-30 12:40:00-04:00,34.040000915527344,34.060001373291016,34.0099983215332,34.02000045776367,1030,0.0,0.0,2023-05-30
256,2023-05-30 12:45:00-04:00,34.0099983215332,34.0099983215332,34.0099983215332,34.0099983215332,464,0.0,0.0,2023-05-30
257,2023-05-30 12:50:00-04:00,34.0,34.0,33.95009994506836,33.95009994506836,1623,0.0,0.0,2023-05-30
258,2023-05-30 12:55:00-04:00,34.099998474121094,34.13999938964844,34.099998474121094,34.13999938964844,1080,0.0,0.0,2023-05-30
259,2023-05-30 13:05:00-04:00,34.189998626708984,34.189998626708984,34.150001525878906,34.150001525878906,1887,0.0,0.0,2023-05-30
260,2023-05-30 13:10:00-04:00,34.09000015258789,34.14350128173828,34.059898376464844,34.09000015258789,1268,0.0,0.0,2023-05-30
261,2023-05-30 13:15:00-04:00,34.09000015258789,34.09000015258789,34.09000015258789,34.09000015258789,452,0.0,0.0,2023-05-30
262,2023-05-30 13:20:00-04:00,34.15999984741211,34.275001525878906,34.13999938964844,34.275001525878906,4367,0.0,0.0,2023-05-30
263,2023-05-30 13:25:00-04:00,34.279998779296875,34.279998779296875,34.189998626708984,34.189998626708984,3555,0.0,0.0,2023-05-30
264,2023-05-30 13:30:00-04:00,34.27000045776367,34.27000045776367,34.27000045776367,34.27000045776367,973,0.0,0.0,2023-05-30
265,2023-05-30 13:50:00-04:00,34.2400016784668,34.2400016784668,34.22999954223633,34.22999954223633,855,0.0,0.0,2023-05-30
266,2023-05-30 13:55:00-04:00,34.150001525878906,34.18000030517578,34.13999938964844,34.16999816894531,982,0.0,0.0,2023-05-30
267,2023-05-30 14:05:00-04:00,34.220001220703125,34.220001220703125,34.18000030517578,34.18000030517578,1008,0.0,0.0,2023-05-30
268,2023-05-30 14:10:00-04:00,34.25,34.2599983215332,34.25,34.2599983215332,714,0.0,0.0,2023-05-30
269,2023-05-30 14:15:00-04:00,34.27000045776367,34.34000015258789,34.27000045776367,34.34000015258789,1174,0.0,0.0,2023-05-30
270,2023-05-30 14:20:00-04:00,34.36000061035156,34.36000061035156,34.36000061035156,34.36000061035156,339,0.0,0.0,2023-05-30
271,2023-05-30 14:25:00-04:00,34.390098571777344,34.390098571777344,34.390098571777344,34.390098571777344,452,0.0,0.0,2023-05-30
272,2023-05-30 14:30:00-04:00,34.38999938964844,34.435001373291016,34.38999938964844,34.435001373291016,1029,0.0,0.0,2023-05-30
273,2023-05-30 14:35:00-04:00,34.41320037841797,34.52000045776367,34.41320037841797,34.47999954223633,3127,0.0,0.0,2023-05-30
274,2023-05-30 14:45:00-04:00,34.47999954223633,34.47999954223633,34.439998626708984,34.439998626708984,1404,0.0,0.0,2023-05-30
275,2023-05-30 14:50:00-04:00,34.380001068115234,34.380001068115234,34.380001068115234,34.380001068115234,913,0.0,0.0,2023-05-30
276,2023-05-30 14:55:00-04:00,34.48809814453125,34.48809814453125,34.38999938964844,34.41999816894531,2050,0.0,0.0,2023-05-30
277,2023-05-30 15:00:00-04:00,34.369998931884766,34.369998931884766,34.369998931884766,34.369998931884766,186,0.0,0.0,2023-05-30
278,2023-05-30 15:05:00-04:00,34.380001068115234,34.38999938964844,34.380001068115234,34.38999938964844,692,0.0,0.0,2023-05-30
279,2023-05-30 15:10:00-04:00,34.369998931884766,34.43000030517578,34.369998931884766,34.400001525878906,1929,0.0,0.0,2023-05-30
280,2023-05-30 15:15:00-04:00,34.380001068115234,34.380001068115234,34.380001068115234,34.380001068115234,622,0.0,0.0,2023-05-30
281,2023-05-30 15:20:00-04:00,34.36000061035156,34.38999938964844,34.29999923706055,34.369998931884766,2746,0.0,0.0,2023-05-30
282,2023-05-30 15:25:00-04:00,34.400001525878906,34.400001525878906,34.400001525878906,34.400001525878906,581,0.0,0.0,2023-05-30
283,2023-05-30 15:30:00-04:00,34.43000030517578,34.43000030517578,34.400001525878906,34.41999816894531,3005,0.0,0.0,2023-05-30
284,2023-05-30 15:35:00-04:00,34.40999984741211,34.439998626708984,34.40999984741211,34.439998626708984,634,0.0,0.0,2023-05-30
285,2023-05-30 15:40:00-04:00,34.439998626708984,34.45000076293945,34.38999938964844,34.43000030517578,2286,0.0,0.0,2023-05-30
286,2023-05-30 15:45:00-04:00,34.45000076293945,34.45000076293945,34.41999816894531,34.439998626708984,2794,0.0,0.0,2023-05-30
287,2023-05-30 15:50:00-04:00,34.40999984741211,34.40999984741211,34.33000183105469,34.33000183105469,2506,0.0,0.0,2023-05-30
288,2023-05-30 15:55:00-04:00,34.290000915527344,34.439998626708984,34.290000915527344,34.400001525878906,12431,0.0,0.0,2023-05-30
289,2023-05-31 09:30:00-04:00,34.119998931884766,34.52000045776367,34.119998931884766,34.220001220703125,5412,0.0,0.0,2023-05-31
290,2023-05-31 09:35:00-04:00,34.2421989440918,34.2421989440918,34.2421989440918,34.2421989440918,904,0.0,0.0,2023-05-31
291,2023-05-31 09:40:00-04:00,34.23500061035156,34.369998931884766,34.23500061035156,34.369998931884766,1539,0.0,0.0,2023-05-31
292,2023-05-31 09:45:00-04:00,33.93000030517578,34.029998779296875,33.900001525878906,33.93000030517578,576,0.0,0.0,2023-05-31
293,2023-05-31 09:50:00-04:00,33.939998626708984,33.939998626708984,33.939998626708984,33.939998626708984,165,0.0,0.0,2023-05-31
294,2023-05-31 09:55:00-04:00,33.95000076293945,33.95000076293945,33.94499969482422,33.9474983215332,540,0.0,0.0,2023-05-31
295,2023-05-31 10:05:00-04:00,33.89500045776367,33.89500045776367,33.77000045776367,33.77000045776367,1557,0.0,0.0,2023-05-31
296,2023-05-31 10:10:00-04:00,33.619998931884766,33.619998931884766,33.619998931884766,33.619998931884766,634,0.0,0.0,2023-05-31
297,2023-05-31 10:20:00-04:00,33.59120178222656,33.599998474121094,33.459999084472656,33.58000183105469,2244,0.0,0.0,2023-05-31
298,2023-05-31 10:25:00-04:00,33.5,33.5,33.36000061035156,33.36000061035156,725,0.0,0.0,2023-05-31
299,2023-05-31 10:30:00-04:00,33.25,33.25,33.209999084472656,33.209999084472656,607,0.0,0.0,2023-05-31
300,2023-05-31 10:35:00-04:00,33.13999938964844,33.13999938964844,32.9900016784668,32.9900016784668,789,0.0,0.0,2023-05-31
301,2023-05-31 10:40:00-04:00,32.970001220703125,32.970001220703125,32.880001068115234,32.880001068115234,559,0.0,0.0,2023-05-31
302,2023-05-31 10:45:00-04:00,32.790000915527344,32.790000915527344,32.790000915527344,32.790000915527344,562,0.0,0.0,2023-05-31
303,2023-05-31 10:50:00-04:00,32.790000915527344,32.97999954223633,32.75,32.90999984741211,4272,0.0,0.0,2023-05-31
304,2023-05-31 10:55:00-04:00,32.91999816894531,32.939998626708984,32.90999984741211,32.939998626708984,667,0.0,0.0,2023-05-31
305,2023-05-31 11:00:00-04:00,33.150001525878906,33.290000915527344,33.0,33.0,2312,0.0,0.0,2023-05-31
306,2023-05-31 11:05:00-04:00,33.035499572753906,33.035499572753906,33.035499572753906,33.035499572753906,295,0.0,0.0,2023-05-31
307,2023-05-31 11:15:00-04:00,32.88130187988281,33.06999969482422,32.88130187988281,33.06999969482422,3057,0.0,0.0,2023-05-31
308,2023-05-31 11:20:00-04:00,33.08000183105469,33.09000015258789,32.959999084472656,33.0099983215332,3035,0.0,0.0,2023-05-31
309,2023-05-31 11:25:00-04:00,33.02000045776367,33.04999923706055,33.02000045776367,33.04999923706055,1119,0.0,0.0,2023-05-31
310,2023-05-31 11:30:00-04:00,33.119998931884766,33.56999969482422,33.084999084472656,33.474998474121094,19761,0.0,0.0,2023-05-31
311,2023-05-31 11:35:00-04:00,33.560001373291016,33.56999969482422,33.36000061035156,33.36000061035156,1612,0.0,0.0,2023-05-31
312,2023-05-31 11:40:00-04:00,33.27000045776367,33.27000045776367,33.27000045776367,33.27000045776367,801,0.0,0.0,2023-05-31
313,2023-05-31 11:45:00-04:00,33.33000183105469,33.33000183105469,33.31999969482422,33.31999969482422,822,0.0,0.0,2023-05-31
314,2023-05-31 11:50:00-04:00,33.24300003051758,33.24300003051758,33.24300003051758,33.24300003051758,339,0.0,0.0,2023-05-31
315,2023-05-31 11:55:00-04:00,33.23550033569336,33.23550033569336,33.23550033569336,33.23550033569336,1960,0.0,0.0,2023-05-31
316,2023-05-31 12:00:00-04:00,33.400001525878906,33.43000030517578,33.400001525878906,33.43000030517578,702,0.0,0.0,2023-05-31
317,2023-05-31 12:05:00-04:00,33.279998779296875,33.279998779296875,33.18000030517578,33.18000030517578,1365,0.0,0.0,2023-05-31
318,2023-05-31 12:20:00-04:00,33.10660171508789,33.130001068115234,33.099998474121094,33.130001068115234,919,0.0,0.0,2023-05-31
319,2023-05-31 12:25:00-04:00,33.099998474121094,33.099998474121094,33.099998474121094,33.099998474121094,312,0.0,0.0,2023-05-31
320,2023-05-31 12:30:00-04:00,33.060001373291016,33.08000183105469,33.040000915527344,33.04999923706055,1629,0.0,0.0,2023-05-31
321,2023-05-31 12:35:00-04:00,33.11000061035156,33.11000061035156,33.06999969482422,33.06999969482422,1228,0.0,0.0,2023-05-31
322,2023-05-31 12:40:00-04:00,33.09000015258789,33.130001068115234,33.09000015258789,33.130001068115234,1426,0.0,0.0,2023-05-31
323,2023-05-31 12:45:00-04:00,33.08000183105469,33.18000030517578,33.06999969482422,33.15999984741211,1638,0.0,0.0,2023-05-31
324,2023-05-31 12:50:00-04:00,33.04999923706055,33.04999923706055,33.0,33.0099983215332,2439,0.0,0.0,2023-05-31
325,2023-05-31 13:05:00-04:00,33.04999923706055,33.13999938964844,33.04999923706055,33.13999938964844,1081,0.0,0.0,2023-05-31
326,2023-05-31 13:10:00-04:00,33.209999084472656,33.209999084472656,33.209999084472656,33.209999084472656,189,0.0,0.0,2023-05-31
327,2023-05-31 13:15:00-04:00,33.290000915527344,33.290000915527344,33.290000915527344,33.290000915527344,533,0.0,0.0,2023-05-31
328,2023-05-31 13:20:00-04:00,33.119998931884766,33.154998779296875,33.060001373291016,33.154998779296875,1764,0.0,0.0,2023-05-31
329,2023-05-31 13:25:00-04:00,33.10300064086914,33.220001220703125,33.10300064086914,33.220001220703125,778,0.0,0.0,2023-05-31
330,2023-05-31 13:30:00-04:00,33.22999954223633,33.22999954223633,33.16999816894531,33.16999816894531,2077,0.0,0.0,2023-05-31
331,2023-05-31 13:40:00-04:00,33.220001220703125,33.310001373291016,33.220001220703125,33.310001373291016,1022,0.0,0.0,2023-05-31
332,2023-05-31 13:45:00-04:00,33.2599983215332,33.2599983215332,33.2599983215332,33.2599983215332,528,0.0,0.0,2023-05-31
333,2023-05-31 13:50:00-04:00,33.187599182128906,33.2599983215332,33.187599182128906,33.2599983215332,1460,0.0,0.0,2023-05-31
334,2023-05-31 13:55:00-04:00,33.2599983215332,33.2599983215332,33.2599983215332,33.2599983215332,599,0.0,0.0,2023-05-31
335,2023-05-31 14:00:00-04:00,33.27000045776367,33.310001373291016,33.25,33.310001373291016,1051,0.0,0.0,2023-05-31
336,2023-05-31 14:10:00-04:00,33.36000061035156,33.369998931884766,33.31999969482422,33.369998931884766,2425,0.0,0.0,2023-05-31
337,2023-05-31 14:15:00-04:00,33.40999984741211,33.40999984741211,33.36000061035156,33.36000061035156,1975,0.0,0.0,2023-05-31
338,2023-05-31 14:30:00-04:00,33.38999938964844,33.38999938964844,33.37990188598633,33.37990188598633,1036,0.0,0.0,2023-05-31
339,2023-05-31 14:35:00-04:00,33.34000015258789,33.375,33.34000015258789,33.375,377,0.0,0.0,2023-05-31
340,2023-05-31 14:40:00-04:00,33.400001525878906,33.40999984741211,33.369998931884766,33.369998931884766,3630,0.0,0.0,2023-05-31
341,2023-05-31 14:45:00-04:00,33.349998474121094,33.349998474121094,33.33000183105469,33.33000183105469,2001,0.0,0.0,2023-05-31
342,2023-05-31 14:50:00-04:00,33.290000915527344,33.290000915527344,33.279998779296875,33.279998779296875,1248,0.0,0.0,2023-05-31
343,2023-05-31 14:55:00-04:00,33.15999984741211,33.27000045776367,33.15999984741211,33.27000045776367,996,0.0,0.0,2023-05-31
344,2023-05-31 15:00:00-04:00,33.29499816894531,33.29499816894531,33.2599983215332,33.2599983215332,782,0.0,0.0,2023-05-31
345,2023-05-31 15:05:00-04:00,33.290000915527344,33.290000915527344,33.290000915527344,33.290000915527344,657,0.0,0.0,2023-05-31
346,2023-05-31 15:10:00-04:00,33.290000915527344,33.375,33.290000915527344,33.375,1316,0.0,0.0,2023-05-31
347,2023-05-31 15:15:00-04:00,33.39500045776367,33.39500045776367,33.349998474121094,33.380001068115234,2098,0.0,0.0,2023-05-31
348,2023-05-31 15:20:00-04:00,33.375,33.375,33.349998474121094,33.36000061035156,1292,0.0,0.0,2023-05-31
349,2023-05-31 15:25:00-04:00,33.33000183105469,33.33000183105469,33.31999969482422,33.31999969482422,998,0.0,0.0,2023-05-31
350,2023-05-31 15:30:00-04:00,33.27000045776367,33.27000045776367,33.2400016784668,33.2400016784668,1321,0.0,0.0,2023-05-31
351,2023-05-31 15:35:00-04:00,33.2400016784668,33.25,33.220001220703125,33.220001220703125,704,0.0,0.0,2023-05-31
352,2023-05-31 15:40:00-04:00,33.25,33.400001525878906,33.22999954223633,33.400001525878906,3463,0.0,0.0,2023-05-31
353,2023-05-31 15:45:00-04:00,33.45000076293945,33.45000076293945,33.36000061035156,33.400001525878906,3409,0.0,0.0,2023-05-31
354,2023-05-31 15:50:00-04:00,33.400001525878906,33.470001220703125,33.33000183105469,33.34000015258789,7048,0.0,0.0,2023-05-31
355,2023-05-31 15:55:00-04:00,33.40999984741211,33.45000076293945,33.33000183105469,33.34000015258789,13143,0.0,0.0,2023-05-31
356,2023-06-01 09:30:00-04:00,33.68000030517578,33.68000030517578,33.0099983215332,33.0099983215332,1947,0.0,0.0,2023-06-01
357,2023-06-01 09:35:00-04:00,33.709999084472656,33.709999084472656,33.505001068115234,33.599998474121094,4120,0.0,0.0,2023-06-01
358,2023-06-01 09:40:00-04:00,33.599998474121094,33.599998474121094,33.189998626708984,33.189998626708984,3227,0.0,0.0,2023-06-01
359,2023-06-01 09:50:00-04:00,33.2599983215332,33.2599983215332,33.2599983215332,33.2599983215332,314,0.0,0.0,2023-06-01
360,2023-06-01 09:55:00-04:00,33.060001373291016,33.220001220703125,33.04499816894531,33.04499816894531,961,0.0,0.0,2023-06-01
361,2023-06-01 10:00:00-04:00,33.209999084472656,33.47999954223633,33.209999084472656,33.41019821166992,1684,0.0,0.0,2023-06-01
362,2023-06-01 10:05:00-04:00,33.435001373291016,33.650001525878906,33.435001373291016,33.45000076293945,2469,0.0,0.0,2023-06-01
363,2023-06-01 10:15:00-04:00,33.51499938964844,33.51499938964844,33.51499938964844,33.51499938964844,101,0.0,0.0,2023-06-01
364,2023-06-01 10:20:00-04:00,33.51499938964844,33.77000045776367,33.51499938964844,33.77000045776367,3620,0.0,0.0,2023-06-01
365,2023-06-01 10:25:00-04:00,33.7599983215332,33.900001525878906,33.650001525878906,33.900001525878906,2559,0.0,0.0,2023-06-01
366,2023-06-01 10:30:00-04:00,33.790000915527344,33.790000915527344,33.7400016784668,33.779998779296875,1600,0.0,0.0,2023-06-01
367,2023-06-01 10:35:00-04:00,33.79999923706055,34.0797004699707,33.79999923706055,33.970001220703125,2859,0.0,0.0,2023-06-01
368,2023-06-01 10:40:00-04:00,33.97999954223633,34.13999938964844,33.97999954223633,34.13999938964844,684,0.0,0.0,2023-06-01
369,2023-06-01 10:45:00-04:00,34.22999954223633,34.22999954223633,34.14500045776367,34.14500045776367,435,0.0,0.0,2023-06-01
370,2023-06-01 10:50:00-04:00,34.220001220703125,34.369998931884766,34.12099838256836,34.12099838256836,3253,0.0,0.0,2023-06-01
371,2023-06-01 10:55:00-04:00,34.20000076293945,34.21500015258789,34.150001525878906,34.18000030517578,1862,0.0,0.0,2023-06-01
372,2023-06-01 11:00:00-04:00,33.970001220703125,33.970001220703125,33.869998931884766,33.869998931884766,743,0.0,0.0,2023-06-01
373,2023-06-01 11:05:00-04:00,33.86000061035156,34.0,33.86000061035156,33.90999984741211,1959,0.0,0.0,2023-06-01
374,2023-06-01 11:10:00-04:00,33.900001525878906,33.900001525878906,33.900001525878906,33.900001525878906,603,0.0,0.0,2023-06-01
375,2023-06-01 11:15:00-04:00,34.029998779296875,34.15999984741211,33.965301513671875,34.13999938964844,5529,0.0,0.0,2023-06-01
376,2023-06-01 11:20:00-04:00,34.150001525878906,34.2400016784668,34.150001525878906,34.2400016784668,968,0.0,0.0,2023-06-01
377,2023-06-01 11:25:00-04:00,34.20000076293945,34.399898529052734,34.20000076293945,34.39149856567383,5393,0.0,0.0,2023-06-01
378,2023-06-01 11:30:00-04:00,34.38999938964844,34.38999938964844,34.38999938964844,34.38999938964844,123,0.0,0.0,2023-06-01
379,2023-06-01 11:35:00-04:00,34.380001068115234,34.65999984741211,34.380001068115234,34.650001525878906,4349,0.0,0.0,2023-06-01
380,2023-06-01 11:45:00-04:00,34.4900016784668,34.59000015258789,34.4900016784668,34.59000015258789,3469,0.0,0.0,2023-06-01
381,2023-06-01 11:50:00-04:00,34.619998931884766,34.66999816894531,34.619998931884766,34.66999816894531,568,0.0,0.0,2023-06-01
382,2023-06-01 11:55:00-04:00,34.66999816894531,34.91999816894531,34.66999816894531,34.810001373291016,14365,0.0,0.0,2023-06-01
383,2023-06-01 12:00:00-04:00,34.72999954223633,34.7599983215332,34.439998626708984,34.540000915527344,10046,0.0,0.0,2023-06-01
384,2023-06-01 12:05:00-04:00,34.619998931884766,35.08000183105469,34.599998474121094,35.0099983215332,25369,0.0,0.0,2023-06-01
385,2023-06-01 12:10:00-04:00,35.06999969482422,35.06999969482422,35.06999969482422,35.06999969482422,100,0.0,0.0,2023-06-01
386,2023-06-01 12:15:00-04:00,34.970001220703125,35.060001373291016,34.970001220703125,35.060001373291016,421,0.0,0.0,2023-06-01
387,2023-06-01 12:20:00-04:00,35.040000915527344,35.040000915527344,35.040000915527344,35.040000915527344,980,0.0,0.0,2023-06-01
388,2023-06-01 12:25:00-04:00,34.91999816894531,34.93000030517578,34.880001068115234,34.880001068115234,1909,0.0,0.0,2023-06-01
389,2023-06-01 12:30:00-04:00,34.86000061035156,34.86000061035156,34.671600341796875,34.671600341796875,1778,0.0,0.0,2023-06-01
390,2023-06-01 12:35:00-04:00,34.75,34.75,34.75,34.75,264,0.0,0.0,2023-06-01
391,2023-06-01 12:40:00-04:00,34.71500015258789,34.71500015258789,34.68000030517578,34.68000030517578,1307,0.0,0.0,2023-06-01
392,2023-06-01 12:45:00-04:00,34.64500045776367,34.64500045776367,34.619998931884766,34.619998931884766,915,0.0,0.0,2023-06-01
393,2023-06-01 12:50:00-04:00,34.6150016784668,34.6150016784668,34.58000183105469,34.58000183105469,2694,0.0,0.0,2023-06-01
394,2023-06-01 12:55:00-04:00,34.58000183105469,34.61000061035156,34.55500030517578,34.599998474121094,1188,0.0,0.0,2023-06-01
395,2023-06-01 13:00:00-04:00,34.619998931884766,34.650001525878906,34.529998779296875,34.529998779296875,1735,0.0,0.0,2023-06-01
396,2023-06-01 13:05:00-04:00,34.4900016784668,34.4900016784668,34.319000244140625,34.319000244140625,1040,0.0,0.0,2023-06-01
397,2023-06-01 13:15:00-04:00,34.400001525878906,34.400001525878906,34.349998474121094,34.349998474121094,622,0.0,0.0,2023-06-01
398,2023-06-01 13:20:00-04:00,34.43000030517578,34.619998931884766,34.43000030517578,34.47999954223633,3825,0.0,0.0,2023-06-01
399,2023-06-01 13:25:00-04:00,34.54999923706055,34.54999923706055,34.54999923706055,34.54999923706055,450,0.0,0.0,2023-06-01
400,2023-06-01 13:30:00-04:00,34.540000915527344,34.540000915527344,34.540000915527344,34.540000915527344,875,0.0,0.0,2023-06-01
401,2023-06-01 13:35:00-04:00,34.57500076293945,34.57500076293945,34.4900016784668,34.4900016784668,1397,0.0,0.0,2023-06-01
402,2023-06-01 13:40:00-04:00,34.560001373291016,34.560001373291016,34.474998474121094,34.474998474121094,314,0.0,0.0,2023-06-01
403,2023-06-01 13:45:00-04:00,34.599998474121094,34.599998474121094,34.599998474121094,34.599998474121094,1047,0.0,0.0,2023-06-01
404,2023-06-01 13:55:00-04:00,34.650001525878906,34.66999816894531,34.650001525878906,34.66999816894531,1537,0.0,0.0,2023-06-01
405,2023-06-01 14:00:00-04:00,34.685001373291016,34.71500015258789,34.66999816894531,34.71500015258789,864,0.0,0.0,2023-06-01
406,2023-06-01 14:05:00-04:00,34.720001220703125,34.720001220703125,34.720001220703125,34.720001220703125,590,0.0,0.0,2023-06-01
407,2023-06-01 14:10:00-04:00,34.72999954223633,34.7599983215332,34.689998626708984,34.689998626708984,3499,0.0,0.0,2023-06-01
408,2023-06-01 14:15:00-04:00,34.7400016784668,34.7599983215332,34.7400016784668,34.7599983215332,805,0.0,0.0,2023-06-01
409,2023-06-01 14:20:00-04:00,34.75,34.75,34.75,34.75,440,0.0,0.0,2023-06-01
410,2023-06-01 14:25:00-04:00,34.7599983215332,34.7599983215332,34.68000030517578,34.68000030517578,931,0.0,0.0,2023-06-01
411,2023-06-01 14:30:00-04:00,34.7400016784668,34.7400016784668,34.650001525878906,34.650001525878906,2231,0.0,0.0,2023-06-01
412,2023-06-01 14:35:00-04:00,34.63999938964844,34.63999938964844,34.540000915527344,34.540000915527344,1411,0.0,0.0,2023-06-01
413,2023-06-01 14:45:00-04:00,34.47999954223633,34.4900016784668,34.47999954223633,34.4900016784668,613,0.0,0.0,2023-06-01
414,2023-06-01 14:50:00-04:00,34.47999954223633,34.560001373291016,34.470001220703125,34.560001373291016,1883,0.0,0.0,2023-06-01
415,2023-06-01 14:55:00-04:00,34.59000015258789,34.59000015258789,34.59000015258789,34.59000015258789,534,0.0,0.0,2023-06-01
416,2023-06-01 15:00:00-04:00,34.55500030517578,34.650001525878906,34.55500030517578,34.61000061035156,1667,0.0,0.0,2023-06-01
417,2023-06-01 15:05:00-04:00,34.68000030517578,34.68000030517578,34.56010055541992,34.56999969482422,602,0.0,0.0,2023-06-01
418,2023-06-01 15:10:00-04:00,34.560001373291016,34.560001373291016,34.540000915527344,34.540000915527344,1055,0.0,0.0,2023-06-01
419,2023-06-01 15:15:00-04:00,34.540000915527344,34.540000915527344,34.459999084472656,34.459999084472656,2002,0.0,0.0,2023-06-01
420,2023-06-01 15:20:00-04:00,34.362300872802734,34.4900016784668,34.362300872802734,34.45000076293945,1527,0.0,0.0,2023-06-01
421,2023-06-01 15:25:00-04:00,34.42499923706055,34.5,34.41999816894531,34.41999816894531,1495,0.0,0.0,2023-06-01
422,2023-06-01 15:30:00-04:00,34.39500045776367,34.40999984741211,34.39500045776367,34.39500045776367,1484,0.0,0.0,2023-06-01
423,2023-06-01 15:35:00-04:00,34.3849983215332,34.39500045776367,34.3650016784668,34.380001068115234,1698,0.0,0.0,2023-06-01
424,2023-06-01 15:40:00-04:00,34.43000030517578,34.540000915527344,34.43000030517578,34.540000915527344,2890,0.0,0.0,2023-06-01
425,2023-06-01 15:45:00-04:00,34.5099983215332,34.57500076293945,34.50899887084961,34.50899887084961,4648,0.0,0.0,2023-06-01
426,2023-06-01 15:50:00-04:00,34.5,34.599998474121094,34.4900016784668,34.529998779296875,9137,0.0,0.0,2023-06-01
427,2023-06-01 15:55:00-04:00,34.560001373291016,34.70000076293945,34.51499938964844,34.54999923706055,21579,0.0,0.0,2023-06-01
428,2023-06-02 09:30:00-04:00,35.33000183105469,35.75,35.0,35.11000061035156,6685,0.0,0.0,2023-06-02
429,2023-06-02 09:35:00-04:00,35.0,35.099998474121094,34.880001068115234,34.880001068115234,9606,0.0,0.0,2023-06-02
430,2023-06-02 09:40:00-04:00,34.92499923706055,35.0099983215332,34.92499923706055,34.935001373291016,1173,0.0,0.0,2023-06-02
431,2023-06-02 09:45:00-04:00,35.029998779296875,35.08000183105469,34.959999084472656,34.959999084472656,3653,0.0,0.0,2023-06-02
432,2023-06-02 09:50:00-04:00,35.02000045776367,35.209999084472656,34.95000076293945,34.95000076293945,6616,0.0,0.0,2023-06-02
433,2023-06-02 09:55:00-04:00,35.0,35.060001373291016,35.0,35.0,1022,0.0,0.0,2023-06-02
434,2023-06-02 10:00:00-04:00,34.83000183105469,34.849998474121094,34.790000915527344,34.83000183105469,1429,0.0,0.0,2023-06-02
435,2023-06-02 10:05:00-04:00,34.900001525878906,34.900001525878906,34.900001525878906,34.900001525878906,933,0.0,0.0,2023-06-02
436,2023-06-02 10:10:00-04:00,34.9900016784668,35.025001525878906,34.9900016784668,35.0,3386,0.0,0.0,2023-06-02
437,2023-06-02 10:15:00-04:00,35.0,35.0,34.90999984741211,34.95000076293945,1988,0.0,0.0,2023-06-02
438,2023-06-02 10:20:00-04:00,34.9900016784668,35.19499969482422,34.9900016784668,35.19499969482422,5587,0.0,0.0,2023-06-02
439,2023-06-02 10:25:00-04:00,35.25,35.33000183105469,35.15999984741211,35.30500030517578,18895,0.0,0.0,2023-06-02
440,2023-06-02 10:30:00-04:00,35.31999969482422,35.41999816894531,35.27000045776367,35.41999816894531,3963,0.0,0.0,2023-06-02
441,2023-06-02 10:35:00-04:00,35.41999816894531,35.619998931884766,35.310001373291016,35.619998931884766,11270,0.0,0.0,2023-06-02
442,2023-06-02 10:40:00-04:00,35.58000183105469,35.58000183105469,35.38999938964844,35.40999984741211,2386,0.0,0.0,2023-06-02
443,2023-06-02 10:45:00-04:00,35.494300842285156,35.560001373291016,35.375,35.5,3179,0.0,0.0,2023-06-02
444,2023-06-02 10:50:00-04:00,35.505001068115234,35.59000015258789,35.43009948730469,35.59000015258789,3748,0.0,0.0,2023-06-02
445,2023-06-02 10:55:00-04:00,35.52000045776367,35.619998931884766,35.43000030517578,35.43000030517578,10540,0.0,0.0,2023-06-02
446,2023-06-02 11:00:00-04:00,35.529998779296875,35.709999084472656,35.494998931884766,35.599998474121094,7229,0.0,0.0,2023-06-02
447,2023-06-02 11:05:00-04:00,35.599998474121094,35.709999084472656,35.599998474121094,35.68000030517578,7244,0.0,0.0,2023-06-02
448,2023-06-02 11:10:00-04:00,35.63999938964844,35.63999938964844,35.54999923706055,35.599998474121094,3397,0.0,0.0,2023-06-02
449,2023-06-02 11:15:00-04:00,35.61000061035156,35.65999984741211,35.599998474121094,35.599998474121094,4905,0.0,0.0,2023-06-02
450,2023-06-02 11:20:00-04:00,35.630001068115234,35.66999816894531,35.599998474121094,35.650001525878906,3153,0.0,0.0,2023-06-02
451,2023-06-02 11:25:00-04:00,35.59000015258789,35.84000015258789,35.56999969482422,35.834999084472656,4451,0.0,0.0,2023-06-02
452,2023-06-02 11:30:00-04:00,35.869998931884766,35.90999984741211,35.79999923706055,35.880001068115234,2192,0.0,0.0,2023-06-02
453,2023-06-02 11:35:00-04:00,35.849998474121094,35.91999816894531,35.82809829711914,35.91999816894531,1624,0.0,0.0,2023-06-02
454,2023-06-02 11:40:00-04:00,35.845001220703125,35.845001220703125,35.630001068115234,35.66999816894531,6497,0.0,0.0,2023-06-02
455,2023-06-02 11:45:00-04:00,35.630001068115234,35.70000076293945,35.619998931884766,35.70000076293945,1520,0.0,0.0,2023-06-02
456,2023-06-02 11:50:00-04:00,35.70000076293945,35.70000076293945,35.70000076293945,35.70000076293945,1074,0.0,0.0,2023-06-02
457,2023-06-02 11:55:00-04:00,35.71500015258789,35.939998626708984,35.65999984741211,35.939998626708984,13156,0.0,0.0,2023-06-02
458,2023-06-02 12:00:00-04:00,36.029998779296875,36.060001373291016,36.029998779296875,36.040000915527344,1646,0.0,0.0,2023-06-02
459,2023-06-02 12:10:00-04:00,36.150001525878906,36.22999954223633,36.150001525878906,36.18000030517578,463,0.0,0.0,2023-06-02
460,2023-06-02 12:15:00-04:00,36.2599983215332,36.2599983215332,36.2599983215332,36.2599983215332,221,0.0,0.0,2023-06-02
461,2023-06-02 12:20:00-04:00,36.2599983215332,36.36000061035156,36.244998931884766,36.275001525878906,2065,0.0,0.0,2023-06-02
462,2023-06-02 12:25:00-04:00,36.27000045776367,36.34000015258789,36.2599983215332,36.2599983215332,977,0.0,0.0,2023-06-02
463,2023-06-02 12:30:00-04:00,36.25,36.349998474121094,36.25,36.29999923706055,1801,0.0,0.0,2023-06-02
464,2023-06-02 12:35:00-04:00,36.31999969482422,36.470001220703125,36.31999969482422,36.369998931884766,2349,0.0,0.0,2023-06-02
465,2023-06-02 12:40:00-04:00,36.34000015258789,36.41999816894531,36.310001373291016,36.41999816894531,2249,0.0,0.0,2023-06-02
466,2023-06-02 12:45:00-04:00,36.47999954223633,36.53499984741211,36.349998474121094,36.349998474121094,3183,0.0,0.0,2023-06-02
467,2023-06-02 12:50:00-04:00,36.459999084472656,36.459999084472656,36.459999084472656,36.459999084472656,832,0.0,0.0,2023-06-02
468,2023-06-02 12:55:00-04:00,36.474998474121094,36.540000915527344,36.41899871826172,36.540000915527344,1473,0.0,0.0,2023-06-02
469,2023-06-02 13:00:00-04:00,36.474998474121094,36.474998474121094,36.474998474121094,36.474998474121094,274,0.0,0.0,2023-06-02
470,2023-06-02 13:05:00-04:00,36.40999984741211,36.529998779296875,36.40999984741211,36.529998779296875,1725,0.0,0.0,2023-06-02
471,2023-06-02 13:10:00-04:00,36.47999954223633,36.529998779296875,36.470001220703125,36.529998779296875,1936,0.0,0.0,2023-06-02
472,2023-06-02 13:15:00-04:00,36.560001373291016,36.58000183105469,36.540000915527344,36.58000183105469,1625,0.0,0.0,2023-06-02
473,2023-06-02 13:20:00-04:00,36.56999969482422,36.665000915527344,36.56999969482422,36.63999938964844,3619,0.0,0.0,2023-06-02
474,2023-06-02 13:30:00-04:00,36.77000045776367,36.77000045776367,36.61000061035156,36.61000061035156,1020,0.0,0.0,2023-06-02
475,2023-06-02 13:35:00-04:00,36.70000076293945,36.70000076293945,36.70000076293945,36.70000076293945,547,0.0,0.0,2023-06-02
476,2023-06-02 13:40:00-04:00,36.75,36.75,36.63999938964844,36.689998626708984,1788,0.0,0.0,2023-06-02
477,2023-06-02 13:45:00-04:00,36.709999084472656,36.790000915527344,36.709999084472656,36.790000915527344,2027,0.0,0.0,2023-06-02
478,2023-06-02 13:50:00-04:00,36.779998779296875,36.779998779296875,36.779998779296875,36.779998779296875,218,0.0,0.0,2023-06-02
479,2023-06-02 13:55:00-04:00,36.70000076293945,36.810001373291016,36.70000076293945,36.810001373291016,1281,0.0,0.0,2023-06-02
480,2023-06-02 14:00:00-04:00,36.720001220703125,36.720001220703125,36.720001220703125,36.720001220703125,995,0.0,0.0,2023-06-02
481,2023-06-02 14:05:00-04:00,36.75,36.75,36.57500076293945,36.63999938964844,3617,0.0,0.0,2023-06-02
482,2023-06-02 14:10:00-04:00,36.67499923706055,36.67499923706055,36.619998931884766,36.619998931884766,1385,0.0,0.0,2023-06-02
483,2023-06-02 14:15:00-04:00,36.65999984741211,36.65999984741211,36.65999984741211,36.65999984741211,456,0.0,0.0,2023-06-02
484,2023-06-02 14:20:00-04:00,36.72999954223633,36.779998779296875,36.72999954223633,36.779998779296875,1542,0.0,0.0,2023-06-02
485,2023-06-02 14:25:00-04:00,36.755001068115234,36.755001068115234,36.755001068115234,36.755001068115234,612,0.0,0.0,2023-06-02
486,2023-06-02 14:30:00-04:00,36.755001068115234,36.85499954223633,36.755001068115234,36.85499954223633,1865,0.0,0.0,2023-06-02
487,2023-06-02 14:35:00-04:00,36.939998626708984,36.939998626708984,36.779998779296875,36.779998779296875,2656,0.0,0.0,2023-06-02
488,2023-06-02 14:40:00-04:00,36.73099899291992,36.88999938964844,36.73099899291992,36.790000915527344,3837,0.0,0.0,2023-06-02
489,2023-06-02 14:45:00-04:00,36.779998779296875,36.779998779296875,36.779998779296875,36.779998779296875,638,0.0,0.0,2023-06-02
490,2023-06-02 14:50:00-04:00,36.79100036621094,36.84000015258789,36.79100036621094,36.84000015258789,1568,0.0,0.0,2023-06-02
491,2023-06-02 14:55:00-04:00,36.81999969482422,36.939998626708984,36.810001373291016,36.939998626708984,3912,0.0,0.0,2023-06-02
492,2023-06-02 15:00:00-04:00,36.91999816894531,36.9900016784668,36.91999816894531,36.9900016784668,1471,0.0,0.0,2023-06-02
493,2023-06-02 15:05:00-04:00,37.02000045776367,37.04999923706055,37.02000045776367,37.040000915527344,1993,0.0,0.0,2023-06-02
494,2023-06-02 15:10:00-04:00,36.97999954223633,36.97999954223633,36.90999984741211,36.970001220703125,3501,0.0,0.0,2023-06-02
495,2023-06-02 15:15:00-04:00,37.06999969482422,37.06999969482422,37.06999969482422,37.06999969482422,1388,0.0,0.0,2023-06-02
496,2023-06-02 15:20:00-04:00,36.970001220703125,37.02000045776367,36.90999984741211,36.939998626708984,3749,0.0,0.0,2023-06-02
497,2023-06-02 15:25:00-04:00,36.904998779296875,37.04499816894531,36.88999938964844,37.04499816894531,4395,0.0,0.0,2023-06-02
498,2023-06-02 15:30:00-04:00,37.0,37.02000045776367,36.994998931884766,37.02000045776367,1071,0.0,0.0,2023-06-02
499,2023-06-02 15:35:00-04:00,37.029998779296875,37.06999969482422,37.02000045776367,37.029998779296875,4818,0.0,0.0,2023-06-02
500,2023-06-02 15:40:00-04:00,37.06999969482422,37.150001525878906,37.060001373291016,37.060001373291016,5128,0.0,0.0,2023-06-02
501,2023-06-02 15:45:00-04:00,37.02000045776367,37.09000015258789,36.959999084472656,37.09000015258789,6101,0.0,0.0,2023-06-02
502,2023-06-02 15:50:00-04:00,37.04499816894531,37.189998626708984,37.04499816894531,37.165000915527344,13871,0.0,0.0,2023-06-02
503,2023-06-02 15:55:00-04:00,37.13999938964844,37.16999816894531,37.029998779296875,37.040000915527344,22060,0.0,0.0,2023-06-02
504,2023-06-05 09:30:00-04:00,36.90999984741211,36.959999084472656,36.630001068115234,36.630001068115234,4300,0.0,0.0,2023-06-05
505,2023-06-05 09:35:00-04:00,36.875,36.875,36.54999923706055,36.54999923706055,2420,0.0,0.0,2023-06-05
506,2023-06-05 09:40:00-04:00,36.459999084472656,36.459999084472656,36.029998779296875,36.029998779296875,5287,0.0,0.0,2023-06-05
507,2023-06-05 09:45:00-04:00,35.75,36.21989822387695,35.75,35.84000015258789,838,0.0,0.0,2023-06-05
508,2023-06-05 09:50:00-04:00,35.88999938964844,35.99489974975586,35.56999969482422,35.654998779296875,2115,0.0,0.0,2023-06-05
509,2023-06-05 09:55:00-04:00,35.56999969482422,35.65999984741211,35.380001068115234,35.65999984741211,2882,0.0,0.0,2023-06-05
510,2023-06-05 10:00:00-04:00,35.70000076293945,35.94499969482422,35.61000061035156,35.75,4049,0.0,0.0,2023-06-05
511,2023-06-05 10:05:00-04:00,35.7400016784668,35.900001525878906,35.7400016784668,35.8650016784668,6550,0.0,0.0,2023-06-05
512,2023-06-05 10:10:00-04:00,35.7400016784668,35.7400016784668,35.52000045776367,35.630001068115234,3877,0.0,0.0,2023-06-05
513,2023-06-05 10:15:00-04:00,35.67499923706055,35.81999969482422,35.65999984741211,35.81999969482422,2467,0.0,0.0,2023-06-05
514,2023-06-05 10:20:00-04:00,35.79999923706055,35.875,35.79999923706055,35.875,2307,0.0,0.0,2023-06-05
515,2023-06-05 10:25:00-04:00,35.880001068115234,36.0,35.81999969482422,35.81999969482422,4161,0.0,0.0,2023-06-05
516,2023-06-05 10:30:00-04:00,35.68000030517578,35.689998626708984,35.61000061035156,35.68000030517578,2351,0.0,0.0,2023-06-05
517,2023-06-05 10:35:00-04:00,35.599998474121094,35.810001373291016,35.599998474121094,35.720001220703125,1768,0.0,0.0,2023-06-05
518,2023-06-05 10:40:00-04:00,35.65999984741211,35.73500061035156,35.65999984741211,35.689998626708984,1002,0.0,0.0,2023-06-05
519,2023-06-05 10:45:00-04:00,35.709999084472656,35.71500015258789,35.709999084472656,35.71500015258789,544,0.0,0.0,2023-06-05
520,2023-06-05 10:50:00-04:00,35.79999923706055,35.849998474121094,35.790000915527344,35.849998474121094,1378,0.0,0.0,2023-06-05
521,2023-06-05 10:55:00-04:00,35.849998474121094,35.88999938964844,35.79999923706055,35.81999969482422,3514,0.0,0.0,2023-06-05
522,2023-06-05 11:00:00-04:00,35.91999816894531,36.040000915527344,35.91999816894531,36.029998779296875,1409,0.0,0.0,2023-06-05
523,2023-06-05 11:05:00-04:00,36.02000045776367,36.02000045776367,36.005001068115234,36.005001068115234,1431,0.0,0.0,2023-06-05
524,2023-06-05 11:15:00-04:00,36.09000015258789,36.15999984741211,36.060001373291016,36.130001068115234,2602,0.0,0.0,2023-06-05
525,2023-06-05 11:20:00-04:00,36.20000076293945,36.290000915527344,36.130001068115234,36.290000915527344,5705,0.0,0.0,2023-06-05
526,2023-06-05 11:25:00-04:00,36.29999923706055,36.349998474121094,36.2400016784668,36.349998474121094,2857,0.0,0.0,2023-06-05
527,2023-06-05 11:30:00-04:00,36.29999923706055,36.33000183105469,36.27000045776367,36.290000915527344,1612,0.0,0.0,2023-06-05
528,2023-06-05 11:35:00-04:00,36.279998779296875,36.279998779296875,36.18000030517578,36.209999084472656,1673,0.0,0.0,2023-06-05
529,2023-06-05 11:40:00-04:00,36.220001220703125,36.33000183105469,36.220001220703125,36.33000183105469,1526,0.0,0.0,2023-06-05
530,2023-06-05 11:45:00-04:00,36.334999084472656,36.470001220703125,36.334999084472656,36.470001220703125,1841,0.0,0.0,2023-06-05
531,2023-06-05 11:50:00-04:00,36.45000076293945,36.61000061035156,36.45000076293945,36.54999923706055,5303,0.0,0.0,2023-06-05
532,2023-06-05 11:55:00-04:00,36.60499954223633,36.720001220703125,36.60499954223633,36.720001220703125,4264,0.0,0.0,2023-06-05
533,2023-06-05 12:00:00-04:00,36.689998626708984,36.810001373291016,36.68000030517578,36.720001220703125,4522,0.0,0.0,2023-06-05
534,2023-06-05 12:05:00-04:00,36.779998779296875,36.810001373291016,36.779998779296875,36.810001373291016,512,0.0,0.0,2023-06-05
535,2023-06-05 12:10:00-04:00,36.77000045776367,36.90999984741211,36.75,36.779998779296875,3098,0.0,0.0,2023-06-05
536,2023-06-05 12:15:00-04:00,36.7599983215332,36.84000015258789,36.744998931884766,36.84000015258789,1680,0.0,0.0,2023-06-05
537,2023-06-05 12:20:00-04:00,36.7599983215332,36.78499984741211,36.7599983215332,36.78499984741211,500,0.0,0.0,2023-06-05
538,2023-06-05 12:25:00-04:00,36.75,36.880001068115234,36.75,36.880001068115234,740,0.0,0.0,2023-06-05
539,2023-06-05 12:30:00-04:00,36.7599983215332,37.0099983215332,36.7599983215332,36.939998626708984,1576,0.0,0.0,2023-06-05
540,2023-06-05 12:35:00-04:00,36.939998626708984,36.939998626708984,36.79999923706055,36.86000061035156,1965,0.0,0.0,2023-06-05
541,2023-06-05 12:40:00-04:00,36.79999923706055,36.86000061035156,36.79999923706055,36.86000061035156,2558,0.0,0.0,2023-06-05
542,2023-06-05 12:45:00-04:00,36.83000183105469,36.83000183105469,36.77000045776367,36.77000045776367,1035,0.0,0.0,2023-06-05
543,2023-06-05 12:50:00-04:00,36.83000183105469,36.869998931884766,36.810001373291016,36.810001373291016,892,0.0,0.0,2023-06-05
544,2023-06-05 12:55:00-04:00,36.84000015258789,36.84000015258789,36.84000015258789,36.84000015258789,487,0.0,0.0,2023-06-05
545,2023-06-05 13:00:00-04:00,36.790000915527344,36.790000915527344,36.66999816894531,36.66999816894531,1455,0.0,0.0,2023-06-05
546,2023-06-05 13:05:00-04:00,36.68000030517578,36.72999954223633,36.68000030517578,36.72999954223633,1285,0.0,0.0,2023-06-05
547,2023-06-05 13:10:00-04:00,36.724998474121094,36.724998474121094,36.564998626708984,36.564998626708984,991,0.0,0.0,2023-06-05
548,2023-06-05 13:15:00-04:00,36.560001373291016,36.560001373291016,36.560001373291016,36.560001373291016,786,0.0,0.0,2023-06-05
549,2023-06-05 13:20:00-04:00,36.560001373291016,36.63999938964844,36.45500183105469,36.619998931884766,2527,0.0,0.0,2023-06-05
550,2023-06-05 13:25:00-04:00,36.58000183105469,36.599998474121094,36.58000183105469,36.599998474121094,1172,0.0,0.0,2023-06-05
551,2023-06-05 13:30:00-04:00,36.529998779296875,36.529998779296875,36.5,36.5,1016,0.0,0.0,2023-06-05
552,2023-06-05 13:35:00-04:00,36.470001220703125,36.470001220703125,36.439998626708984,36.45000076293945,762,0.0,0.0,2023-06-05
553,2023-06-05 13:40:00-04:00,36.470001220703125,36.58000183105469,36.470001220703125,36.54999923706055,2911,0.0,0.0,2023-06-05
554,2023-06-05 13:45:00-04:00,36.54999923706055,36.66999816894531,36.529998779296875,36.650001525878906,1845,0.0,0.0,2023-06-05
555,2023-06-05 13:50:00-04:00,36.64500045776367,36.689998626708984,36.619998931884766,36.689998626708984,2292,0.0,0.0,2023-06-05
556,2023-06-05 13:55:00-04:00,36.70000076293945,36.77000045776367,36.70000076293945,36.7599983215332,3518,0.0,0.0,2023-06-05
557,2023-06-05 14:05:00-04:00,36.744998931884766,36.790000915527344,36.709999084472656,36.76499938964844,6547,0.0,0.0,2023-06-05
558,2023-06-05 14:10:00-04:00,36.75,36.77000045776367,36.5,36.599998474121094,8868,0.0,0.0,2023-06-05
559,2023-06-05 14:20:00-04:00,36.65999984741211,36.65999984741211,36.65999984741211,36.65999984741211,850,0.0,0.0,2023-06-05
560,2023-06-05 14:25:00-04:00,36.54999923706055,36.599998474121094,36.54999923706055,36.599998474121094,825,0.0,0.0,2023-06-05
561,2023-06-05 14:30:00-04:00,36.599998474121094,36.599998474121094,36.369998931884766,36.369998931884766,1969,0.0,0.0,2023-06-05
562,2023-06-05 14:35:00-04:00,36.400001525878906,36.400001525878906,36.400001525878906,36.400001525878906,578,0.0,0.0,2023-06-05
563,2023-06-05 14:40:00-04:00,36.31999969482422,36.31999969482422,36.28499984741211,36.28499984741211,345,0.0,0.0,2023-06-05
564,2023-06-05 14:45:00-04:00,36.31999969482422,36.31999969482422,36.23500061035156,36.23500061035156,1425,0.0,0.0,2023-06-05
565,2023-06-05 14:50:00-04:00,36.22999954223633,36.22999954223633,36.099998474121094,36.22999954223633,3895,0.0,0.0,2023-06-05
566,2023-06-05 14:55:00-04:00,36.244998931884766,36.3390007019043,36.244998931884766,36.3390007019043,1946,0.0,0.0,2023-06-05
567,2023-06-05 15:00:00-04:00,36.32500076293945,36.32500076293945,36.32500076293945,36.32500076293945,1325,0.0,0.0,2023-06-05
568,2023-06-05 15:05:00-04:00,36.23500061035156,36.23500061035156,36.16999816894531,36.16999816894531,636,0.0,0.0,2023-06-05
569,2023-06-05 15:10:00-04:00,36.189998626708984,36.275001525878906,36.189998626708984,36.275001525878906,1130,0.0,0.0,2023-06-05
570,2023-06-05 15:15:00-04:00,36.349998474121094,36.349998474121094,36.29999923706055,36.29999923706055,1685,0.0,0.0,2023-06-05
571,2023-06-05 15:20:00-04:00,36.279998779296875,36.279998779296875,36.22999954223633,36.22999954223633,1652,0.0,0.0,2023-06-05
572,2023-06-05 15:25:00-04:00,36.22999954223633,36.22999954223633,36.150001525878906,36.150001525878906,1902,0.0,0.0,2023-06-05
573,2023-06-05 15:30:00-04:00,36.18000030517578,36.18000030517578,36.11000061035156,36.13999938964844,3136,0.0,0.0,2023-06-05
574,2023-06-05 15:35:00-04:00,36.17499923706055,36.21500015258789,36.17499923706055,36.21500015258789,1703,0.0,0.0,2023-06-05
575,2023-06-05 15:40:00-04:00,36.310001373291016,36.310001373291016,36.2400016784668,36.2599983215332,2432,0.0,0.0,2023-06-05
576,2023-06-05 15:45:00-04:00,36.279998779296875,36.36000061035156,36.27000045776367,36.34000015258789,3956,0.0,0.0,2023-06-05
577,2023-06-05 15:50:00-04:00,36.34000015258789,36.439998626708984,36.279998779296875,36.310001373291016,11289,0.0,0.0,2023-06-05
578,2023-06-05 15:55:00-04:00,36.290000915527344,36.34000015258789,36.150001525878906,36.189998626708984,16173,0.0,0.0,2023-06-05
579,2023-06-06 09:30:00-04:00,36.06999969482422,36.630001068115234,36.06999969482422,36.56999969482422,4313,0.0,0.0,2023-06-06
580,2023-06-06 09:35:00-04:00,36.650001525878906,36.86000061035156,36.650001525878906,36.81999969482422,1744,0.0,0.0,2023-06-06
581,2023-06-06 09:40:00-04:00,36.93000030517578,36.93000030517578,36.88999938964844,36.91999816894531,305,0.0,0.0,2023-06-06
582,2023-06-06 09:45:00-04:00,36.90999984741211,37.15660095214844,36.90999984741211,37.15660095214844,1274,0.0,0.0,2023-06-06
583,2023-06-06 09:50:00-04:00,37.43000030517578,37.689998626708984,37.33000183105469,37.41999816894531,1672,0.0,0.0,2023-06-06
584,2023-06-06 09:55:00-04:00,37.470001220703125,37.959999084472656,37.470001220703125,37.81999969482422,5362,0.0,0.0,2023-06-06
585,2023-06-06 10:00:00-04:00,37.900001525878906,38.32500076293945,37.900001525878906,38.32500076293945,2555,0.0,0.0,2023-06-06
586,2023-06-06 10:05:00-04:00,38.20000076293945,38.439998626708984,38.16999816894531,38.439998626708984,3213,0.0,0.0,2023-06-06
587,2023-06-06 10:10:00-04:00,38.369998931884766,38.662498474121094,38.29999923706055,38.662498474121094,4515,0.0,0.0,2023-06-06
588,2023-06-06 10:15:00-04:00,38.54999923706055,38.6150016784668,38.41999816894531,38.43000030517578,4651,0.0,0.0,2023-06-06
589,2023-06-06 10:20:00-04:00,38.619998931884766,38.66999816894531,38.55500030517578,38.6349983215332,1450,0.0,0.0,2023-06-06
590,2023-06-06 10:25:00-04:00,38.75,38.970001220703125,38.75,38.970001220703125,1861,0.0,0.0,2023-06-06
591,2023-06-06 10:30:00-04:00,38.95500183105469,39.11000061035156,38.94499969482422,39.025001525878906,2168,0.0,0.0,2023-06-06
592,2023-06-06 10:35:00-04:00,39.064998626708984,39.064998626708984,39.064998626708984,39.064998626708984,409,0.0,0.0,2023-06-06
593,2023-06-06 10:40:00-04:00,39.130001068115234,39.31999969482422,39.130001068115234,39.31999969482422,1994,0.0,0.0,2023-06-06
594,2023-06-06 10:45:00-04:00,39.220001220703125,39.459999084472656,39.220001220703125,39.439998626708984,2616,0.0,0.0,2023-06-06
595,2023-06-06 10:50:00-04:00,39.4900016784668,39.599998474121094,39.380001068115234,39.599998474121094,9600,0.0,0.0,2023-06-06
596,2023-06-06 10:55:00-04:00,39.4900016784668,39.810001373291016,39.43000030517578,39.810001373291016,4383,0.0,0.0,2023-06-06
597,2023-06-06 11:00:00-04:00,39.79499816894531,39.9900016784668,39.79499816894531,39.90999984741211,6642,0.0,0.0,2023-06-06
598,2023-06-06 11:05:00-04:00,39.91379928588867,40.0099983215332,39.619998931884766,39.70000076293945,6249,0.0,0.0,2023-06-06
599,2023-06-06 11:10:00-04:00,39.81999969482422,39.900001525878906,39.75,39.75,4900,0.0,0.0,2023-06-06
600,2023-06-06 11:15:00-04:00,39.5,39.83000183105469,39.5,39.665000915527344,3197,0.0,0.0,2023-06-06
601,2023-06-06 11:20:00-04:00,39.779998779296875,39.779998779296875,39.63999938964844,39.63999938964844,2010,0.0,0.0,2023-06-06
602,2023-06-06 11:25:00-04:00,39.56999969482422,39.56999969482422,39.5,39.5,622,0.0,0.0,2023-06-06
603,2023-06-06 11:30:00-04:00,39.63999938964844,39.63999938964844,39.63999938964844,39.63999938964844,1398,0.0,0.0,2023-06-06
604,2023-06-06 11:35:00-04:00,39.709999084472656,40.02000045776367,39.709999084472656,40.02000045776367,3208,0.0,0.0,2023-06-06
605,2023-06-06 11:40:00-04:00,39.898101806640625,40.040000915527344,39.898101806640625,40.040000915527344,991,0.0,0.0,2023-06-06
606,2023-06-06 11:45:00-04:00,40.125,40.27000045776367,40.125,40.150001525878906,3513,0.0,0.0,2023-06-06
607,2023-06-06 11:50:00-04:00,40.11000061035156,40.324501037597656,40.09199905395508,40.275001525878906,3243,0.0,0.0,2023-06-06
608,2023-06-06 11:55:00-04:00,40.20500183105469,40.34000015258789,40.16999816894531,40.34000015258789,3374,0.0,0.0,2023-06-06
609,2023-06-06 12:00:00-04:00,40.29999923706055,40.3650016784668,40.27000045776367,40.36000061035156,3129,0.0,0.0,2023-06-06
610,2023-06-06 12:05:00-04:00,40.34000015258789,40.439998626708984,40.189998626708984,40.35499954223633,13922,0.0,0.0,2023-06-06
611,2023-06-06 12:10:00-04:00,40.36000061035156,40.47999954223633,40.35499954223633,40.439998626708984,1760,0.0,0.0,2023-06-06
612,2023-06-06 12:15:00-04:00,40.47140121459961,40.47140121459961,40.40999984741211,40.40999984741211,374,0.0,0.0,2023-06-06
613,2023-06-06 12:20:00-04:00,40.43000030517578,40.43000030517578,40.415000915527344,40.415000915527344,752,0.0,0.0,2023-06-06
614,2023-06-06 12:25:00-04:00,40.31999969482422,40.415000915527344,40.31999969482422,40.404998779296875,2494,0.0,0.0,2023-06-06
615,2023-06-06 12:30:00-04:00,40.41999816894531,40.56999969482422,40.380001068115234,40.560001373291016,4648,0.0,0.0,2023-06-06
616,2023-06-06 12:35:00-04:00,40.4900016784668,40.55500030517578,40.470001220703125,40.505001068115234,4999,0.0,0.0,2023-06-06
617,2023-06-06 12:40:00-04:00,40.494998931884766,40.529998779296875,40.494998931884766,40.525001525878906,1035,0.0,0.0,2023-06-06
618,2023-06-06 12:45:00-04:00,40.5099983215332,40.5099983215332,40.5099983215332,40.5099983215332,464,0.0,0.0,2023-06-06
619,2023-06-06 12:50:00-04:00,40.48500061035156,40.48500061035156,40.48500061035156,40.48500061035156,114,0.0,0.0,2023-06-06
620,2023-06-06 12:55:00-04:00,40.46500015258789,40.46500015258789,40.02000045776367,40.11000061035156,6525,0.0,0.0,2023-06-06
621,2023-06-06 13:00:00-04:00,40.15999984741211,40.16999816894531,40.06999969482422,40.06999969482422,698,0.0,0.0,2023-06-06
622,2023-06-06 13:05:00-04:00,40.14500045776367,40.18000030517578,40.064998626708984,40.18000030517578,2042,0.0,0.0,2023-06-06
623,2023-06-06 13:10:00-04:00,40.130001068115234,40.209999084472656,40.119998931884766,40.119998931884766,1771,0.0,0.0,2023-06-06
624,2023-06-06 13:15:00-04:00,40.18000030517578,40.18000030517578,39.939998626708984,39.9900016784668,2094,0.0,0.0,2023-06-06
625,2023-06-06 13:20:00-04:00,39.845001220703125,39.845001220703125,39.619998931884766,39.762699127197266,1660,0.0,0.0,2023-06-06
626,2023-06-06 13:25:00-04:00,39.56999969482422,39.630001068115234,39.525001525878906,39.630001068115234,2462,0.0,0.0,2023-06-06
627,2023-06-06 13:30:00-04:00,39.61000061035156,39.61000061035156,39.47999954223633,39.560001373291016,1386,0.0,0.0,2023-06-06
628,2023-06-06 13:35:00-04:00,39.58000183105469,39.58000183105469,39.58000183105469,39.58000183105469,207,0.0,0.0,2023-06-06
629,2023-06-06 13:40:00-04:00,39.56999969482422,39.56999969482422,39.47999954223633,39.47999954223633,1392,0.0,0.0,2023-06-06
630,2023-06-06 13:45:00-04:00,39.44499969482422,39.59000015258789,39.439998626708984,39.5099983215332,1638,0.0,0.0,2023-06-06
631,2023-06-06 13:50:00-04:00,39.560001373291016,39.560001373291016,39.560001373291016,39.560001373291016,633,0.0,0.0,2023-06-06
632,2023-06-06 13:55:00-04:00,39.5099983215332,39.5099983215332,39.439998626708984,39.45000076293945,1667,0.0,0.0,2023-06-06
633,2023-06-06 14:00:00-04:00,39.529998779296875,39.540000915527344,39.5,39.5,718,0.0,0.0,2023-06-06
634,2023-06-06 14:05:00-04:00,39.48500061035156,39.48500061035156,39.29999923706055,39.29999923706055,1818,0.0,0.0,2023-06-06
635,2023-06-06 14:10:00-04:00,39.34000015258789,39.400001525878906,39.34000015258789,39.400001525878906,2137,0.0,0.0,2023-06-06
636,2023-06-06 14:15:00-04:00,39.369998931884766,39.5099983215332,39.369998931884766,39.45000076293945,695,0.0,0.0,2023-06-06
637,2023-06-06 14:20:00-04:00,39.459999084472656,39.52000045776367,39.45000076293945,39.45000076293945,1875,0.0,0.0,2023-06-06
638,2023-06-06 14:25:00-04:00,39.52000045776367,39.54999923706055,39.52000045776367,39.52000045776367,1703,0.0,0.0,2023-06-06
639,2023-06-06 14:30:00-04:00,39.58000183105469,39.58000183105469,39.47999954223633,39.540000915527344,962,0.0,0.0,2023-06-06
640,2023-06-06 14:35:00-04:00,39.47999954223633,39.47999954223633,39.459999084472656,39.459999084472656,1327,0.0,0.0,2023-06-06
641,2023-06-06 14:40:00-04:00,39.56999969482422,39.619998931884766,39.540000915527344,39.61000061035156,2278,0.0,0.0,2023-06-06
642,2023-06-06 14:45:00-04:00,39.5099983215332,39.540000915527344,39.349998474121094,39.52000045776367,5497,0.0,0.0,2023-06-06
643,2023-06-06 14:50:00-04:00,39.589900970458984,39.59000015258789,39.35499954223633,39.36000061035156,4966,0.0,0.0,2023-06-06
644,2023-06-06 14:55:00-04:00,39.380001068115234,39.47999954223633,39.380001068115234,39.46500015258789,2121,0.0,0.0,2023-06-06
645,2023-06-06 15:00:00-04:00,39.5,39.56999969482422,39.5,39.56999969482422,405,0.0,0.0,2023-06-06
646,2023-06-06 15:05:00-04:00,39.52000045776367,39.529998779296875,39.45000076293945,39.45000076293945,2902,0.0,0.0,2023-06-06
647,2023-06-06 15:10:00-04:00,39.474998474121094,39.494998931884766,39.459999084472656,39.459999084472656,921,0.0,0.0,2023-06-06
648,2023-06-06 15:15:00-04:00,39.5,39.529998779296875,39.38999938964844,39.47999954223633,4684,0.0,0.0,2023-06-06
649,2023-06-06 15:20:00-04:00,39.529998779296875,39.599998474121094,39.5099983215332,39.599998474121094,4365,0.0,0.0,2023-06-06
650,2023-06-06 15:25:00-04:00,39.54999923706055,39.54999923706055,39.380001068115234,39.459999084472656,4338,0.0,0.0,2023-06-06
651,2023-06-06 15:30:00-04:00,39.5,39.63999938964844,39.4900016784668,39.63999938964844,2701,0.0,0.0,2023-06-06
652,2023-06-06 15:35:00-04:00,39.59000015258789,39.68000030517578,39.529998779296875,39.529998779296875,5665,0.0,0.0,2023-06-06
653,2023-06-06 15:40:00-04:00,39.470001220703125,39.595001220703125,39.41999816894531,39.59000015258789,3824,0.0,0.0,2023-06-06
654,2023-06-06 15:45:00-04:00,39.540000915527344,39.689998626708984,39.540000915527344,39.689998626708984,8904,0.0,0.0,2023-06-06
655,2023-06-06 15:50:00-04:00,39.709999084472656,39.775001525878906,39.25,39.290000915527344,28887,0.0,0.0,2023-06-06
656,2023-06-06 15:55:00-04:00,39.29999923706055,39.33000183105469,38.97999954223633,39.16999816894531,49015,0.0,0.0,2023-06-06
657,2023-06-07 09:30:00-04:00,39.779998779296875,39.779998779296875,39.52000045776367,39.7599983215332,3410,0.0,0.0,2023-06-07
658,2023-06-07 09:35:00-04:00,39.66999816894531,39.95000076293945,39.505001068115234,39.86000061035156,3472,0.0,0.0,2023-06-07
659,2023-06-07 09:40:00-04:00,39.880001068115234,39.97999954223633,39.52000045776367,39.72999954223633,2839,0.0,0.0,2023-06-07
660,2023-06-07 09:45:00-04:00,39.75,39.880001068115234,39.63999938964844,39.63999938964844,1111,0.0,0.0,2023-06-07
661,2023-06-07 09:50:00-04:00,39.709999084472656,39.93000030517578,39.709999084472656,39.93000030517578,1564,0.0,0.0,2023-06-07
662,2023-06-07 09:55:00-04:00,40.07500076293945,40.2599983215332,40.07500076293945,40.2599983215332,1361,0.0,0.0,2023-06-07
663,2023-06-07 10:00:00-04:00,40.349998474121094,40.41999816894531,40.31999969482422,40.41999816894531,1373,0.0,0.0,2023-06-07
664,2023-06-07 10:05:00-04:00,40.459999084472656,40.459999084472656,40.349998474121094,40.439998626708984,1872,0.0,0.0,2023-06-07
665,2023-06-07 10:10:00-04:00,40.50749969482422,40.70989990234375,40.4900016784668,40.52000045776367,3021,0.0,0.0,2023-06-07
666,2023-06-07 10:15:00-04:00,40.43000030517578,40.43000030517578,40.119998931884766,40.119998931884766,1551,0.0,0.0,2023-06-07
667,2023-06-07 10:20:00-04:00,40.13999938964844,40.13999938964844,40.04999923706055,40.095001220703125,696,0.0,0.0,2023-06-07
668,2023-06-07 10:25:00-04:00,40.07500076293945,40.25,39.9900016784668,40.25,2491,0.0,0.0,2023-06-07
669,2023-06-07 10:30:00-04:00,40.33000183105469,40.400001525878906,40.33000183105469,40.400001525878906,1006,0.0,0.0,2023-06-07
670,2023-06-07 10:35:00-04:00,40.400001525878906,40.400001525878906,40.16999816894531,40.279998779296875,2526,0.0,0.0,2023-06-07
671,2023-06-07 10:40:00-04:00,40.31999969482422,40.40999984741211,40.20500183105469,40.20500183105469,3190,0.0,0.0,2023-06-07
672,2023-06-07 10:45:00-04:00,40.11000061035156,40.29999923706055,40.11000061035156,40.29999923706055,1210,0.0,0.0,2023-06-07
673,2023-06-07 10:50:00-04:00,40.459999084472656,40.459999084472656,40.130001068115234,40.290000915527344,2388,0.0,0.0,2023-06-07
674,2023-06-07 10:55:00-04:00,40.349998474121094,40.470001220703125,40.34000015258789,40.37990188598633,2511,0.0,0.0,2023-06-07
675,2023-06-07 11:00:00-04:00,40.439998626708984,40.439998626708984,40.27000045776367,40.27000045776367,1046,0.0,0.0,2023-06-07
676,2023-06-07 11:05:00-04:00,40.18000030517578,40.29999923706055,40.18000030517578,40.189998626708984,1326,0.0,0.0,2023-06-07
677,2023-06-07 11:10:00-04:00,40.29999923706055,40.29999923706055,40.2400016784668,40.2599983215332,1275,0.0,0.0,2023-06-07
678,2023-06-07 11:15:00-04:00,40.165000915527344,40.36000061035156,40.165000915527344,40.31999969482422,2368,0.0,0.0,2023-06-07
679,2023-06-07 11:20:00-04:00,40.2400016784668,40.2400016784668,40.095001220703125,40.119998931884766,1645,0.0,0.0,2023-06-07
680,2023-06-07 11:25:00-04:00,40.220001220703125,40.34000015258789,40.220001220703125,40.224998474121094,1425,0.0,0.0,2023-06-07
681,2023-06-07 11:30:00-04:00,40.25,40.45500183105469,40.25,40.45500183105469,1020,0.0,0.0,2023-06-07
682,2023-06-07 11:35:00-04:00,40.619998931884766,40.78200149536133,40.5099983215332,40.56999969482422,5162,0.0,0.0,2023-06-07
683,2023-06-07 11:40:00-04:00,40.5,40.54999923706055,40.439998626708984,40.45000076293945,3135,0.0,0.0,2023-06-07
684,2023-06-07 11:45:00-04:00,40.5099983215332,40.59000015258789,40.5099983215332,40.56999969482422,1562,0.0,0.0,2023-06-07
685,2023-06-07 11:50:00-04:00,40.5099983215332,40.5099983215332,40.45000076293945,40.5099983215332,950,0.0,0.0,2023-06-07
686,2023-06-07 11:55:00-04:00,40.45000076293945,40.45000076293945,40.310001373291016,40.380001068115234,1850,0.0,0.0,2023-06-07
687,2023-06-07 12:00:00-04:00,40.369998931884766,40.43000030517578,40.369998931884766,40.400001525878906,1177,0.0,0.0,2023-06-07
688,2023-06-07 12:05:00-04:00,40.369998931884766,40.439998626708984,40.369998931884766,40.439998626708984,2378,0.0,0.0,2023-06-07
689,2023-06-07 12:10:00-04:00,40.310001373291016,40.400001525878906,40.310001373291016,40.38999938964844,3773,0.0,0.0,2023-06-07
690,2023-06-07 12:15:00-04:00,40.439998626708984,40.45000076293945,40.38999938964844,40.38999938964844,2473,0.0,0.0,2023-06-07
691,2023-06-07 12:20:00-04:00,40.33000183105469,40.33000183105469,40.279998779296875,40.279998779296875,509,0.0,0.0,2023-06-07
692,2023-06-07 12:25:00-04:00,40.279998779296875,40.33000183105469,40.275001525878906,40.30500030517578,3874,0.0,0.0,2023-06-07
693,2023-06-07 12:30:00-04:00,40.30500030517578,40.30500030517578,40.209999084472656,40.209999084472656,1615,0.0,0.0,2023-06-07
694,2023-06-07 12:35:00-04:00,40.209999084472656,40.209999084472656,40.20000076293945,40.20000076293945,851,0.0,0.0,2023-06-07
695,2023-06-07 12:40:00-04:00,40.220001220703125,40.380001068115234,40.220001220703125,40.33000183105469,5190,0.0,0.0,2023-06-07
696,2023-06-07 12:45:00-04:00,40.290000915527344,40.290000915527344,40.220001220703125,40.220001220703125,624,0.0,0.0,2023-06-07
697,2023-06-07 12:50:00-04:00,40.13999938964844,40.13999938964844,40.040000915527344,40.07500076293945,2017,0.0,0.0,2023-06-07
698,2023-06-07 12:55:00-04:00,40.064998626708984,40.18000030517578,40.025001525878906,40.025001525878906,1992,0.0,0.0,2023-06-07
699,2023-06-07 13:05:00-04:00,40.130001068115234,40.220001220703125,40.125,40.20000076293945,3007,0.0,0.0,2023-06-07
700,2023-06-07 13:10:00-04:00,40.15999984741211,40.189998626708984,40.15999984741211,40.189998626708984,849,0.0,0.0,2023-06-07
701,2023-06-07 13:15:00-04:00,40.09000015258789,40.34000015258789,40.09000015258789,40.25,1773,0.0,0.0,2023-06-07
702,2023-06-07 13:20:00-04:00,40.314998626708984,40.314998626708984,40.2599983215332,40.29499816894531,3291,0.0,0.0,2023-06-07
703,2023-06-07 13:25:00-04:00,40.310001373291016,40.349998474121094,40.23500061035156,40.23500061035156,3320,0.0,0.0,2023-06-07
704,2023-06-07 13:30:00-04:00,40.22999954223633,40.25,40.0,40.06999969482422,2954,0.0,0.0,2023-06-07
705,2023-06-07 13:35:00-04:00,40.09000015258789,40.15999984741211,39.970001220703125,39.970001220703125,2011,0.0,0.0,2023-06-07
706,2023-06-07 13:40:00-04:00,39.970001220703125,40.08000183105469,39.970001220703125,40.08000183105469,1708,0.0,0.0,2023-06-07
707,2023-06-07 13:45:00-04:00,40.060001373291016,40.15999984741211,39.98500061035156,40.060001373291016,3096,0.0,0.0,2023-06-07
708,2023-06-07 13:50:00-04:00,40.02000045776367,40.02000045776367,40.02000045776367,40.02000045776367,409,0.0,0.0,2023-06-07
709,2023-06-07 13:55:00-04:00,40.0,40.04499816894531,40.0,40.025001525878906,2739,0.0,0.0,2023-06-07
710,2023-06-07 14:00:00-04:00,40.04999923706055,40.099998474121094,40.0099983215332,40.029998779296875,1546,0.0,0.0,2023-06-07
711,2023-06-07 14:05:00-04:00,40.09000015258789,40.18000030517578,40.09000015258789,40.150001525878906,1975,0.0,0.0,2023-06-07
712,2023-06-07 14:10:00-04:00,40.150001525878906,40.150001525878906,40.09000015258789,40.13999938964844,831,0.0,0.0,2023-06-07
713,2023-06-07 14:15:00-04:00,40.08000183105469,40.36000061035156,40.08000183105469,40.36000061035156,2311,0.0,0.0,2023-06-07
714,2023-06-07 14:20:00-04:00,40.369998931884766,40.40999984741211,40.369998931884766,40.40999984741211,536,0.0,0.0,2023-06-07
715,2023-06-07 14:25:00-04:00,40.459999084472656,40.47999954223633,40.459999084472656,40.459999084472656,2285,0.0,0.0,2023-06-07
716,2023-06-07 14:30:00-04:00,40.54999923706055,40.630001068115234,40.459999084472656,40.58000183105469,6173,0.0,0.0,2023-06-07
717,2023-06-07 14:35:00-04:00,40.4900016784668,40.5,40.4900016784668,40.5,308,0.0,0.0,2023-06-07
718,2023-06-07 14:40:00-04:00,40.5,40.540000915527344,40.4900016784668,40.540000915527344,1635,0.0,0.0,2023-06-07
719,2023-06-07 14:45:00-04:00,40.45000076293945,40.56999969482422,40.439998626708984,40.540000915527344,2042,0.0,0.0,2023-06-07
720,2023-06-07 14:50:00-04:00,40.59000015258789,40.619998931884766,40.58000183105469,40.619998931884766,1372,0.0,0.0,2023-06-07
721,2023-06-07 14:55:00-04:00,40.66999816894531,40.79999923706055,40.63999938964844,40.79999923706055,2918,0.0,0.0,2023-06-07
722,2023-06-07 15:00:00-04:00,40.83000183105469,40.8650016784668,40.72999954223633,40.72999954223633,1739,0.0,0.0,2023-06-07
723,2023-06-07 15:05:00-04:00,40.76499938964844,40.77000045776367,40.70500183105469,40.77000045776367,2898,0.0,0.0,2023-06-07
724,2023-06-07 15:10:00-04:00,40.720001220703125,40.849998474121094,40.65999984741211,40.65999984741211,4353,0.0,0.0,2023-06-07
725,2023-06-07 15:15:00-04:00,40.60499954223633,40.60499954223633,40.560001373291016,40.560001373291016,1387,0.0,0.0,2023-06-07
726,2023-06-07 15:20:00-04:00,40.540000915527344,40.540000915527344,40.45000076293945,40.45000076293945,1277,0.0,0.0,2023-06-07
727,2023-06-07 15:25:00-04:00,40.470001220703125,40.470001220703125,40.439998626708984,40.439998626708984,1148,0.0,0.0,2023-06-07
728,2023-06-07 15:30:00-04:00,40.380001068115234,40.42720031738281,40.275001525878906,40.275001525878906,5616,0.0,0.0,2023-06-07
729,2023-06-07 15:35:00-04:00,40.31999969482422,40.34000015258789,40.22999954223633,40.22999954223633,1846,0.0,0.0,2023-06-07
730,2023-06-07 15:40:00-04:00,40.31999969482422,40.349998474121094,40.22999954223633,40.349998474121094,5731,0.0,0.0,2023-06-07
731,2023-06-07 15:45:00-04:00,40.400001525878906,40.5099983215332,40.380001068115234,40.5,4417,0.0,0.0,2023-06-07
732,2023-06-07 15:50:00-04:00,40.56999969482422,40.63999938964844,40.52000045776367,40.599998474121094,5196,0.0,0.0,2023-06-07
733,2023-06-07 15:55:00-04:00,40.4900016784668,40.560001373291016,40.45000076293945,40.459999084472656,32516,0.0,0.0,2023-06-07
734,2023-06-08 09:30:00-04:00,40.06999969482422,40.10499954223633,39.630001068115234,39.630001068115234,3140,0.0,0.0,2023-06-08
735,2023-06-08 09:35:00-04:00,39.56999969482422,39.56999969482422,39.345001220703125,39.52000045776367,2904,0.0,0.0,2023-06-08
736,2023-06-08 09:40:00-04:00,39.43000030517578,39.4900016784668,38.959999084472656,39.20000076293945,6236,0.0,0.0,2023-06-08
737,2023-06-08 09:45:00-04:00,39.099998474121094,39.099998474121094,38.51499938964844,38.61000061035156,6187,0.0,0.0,2023-06-08
738,2023-06-08 09:50:00-04:00,38.7400016784668,38.81999969482422,38.54999923706055,38.57500076293945,6427,0.0,0.0,2023-06-08
739,2023-06-08 09:55:00-04:00,38.68000030517578,38.83000183105469,38.68000030517578,38.775001525878906,3083,0.0,0.0,2023-06-08
740,2023-06-08 10:00:00-04:00,38.8650016784668,38.8650016784668,38.75709915161133,38.75709915161133,2116,0.0,0.0,2023-06-08
741,2023-06-08 10:15:00-04:00,38.880001068115234,38.98500061035156,38.880001068115234,38.98500061035156,2209,0.0,0.0,2023-06-08
742,2023-06-08 10:20:00-04:00,39.17499923706055,39.17499923706055,39.17499923706055,39.17499923706055,521,0.0,0.0,2023-06-08
743,2023-06-08 10:25:00-04:00,39.0,39.0,38.84000015258789,38.970001220703125,1815,0.0,0.0,2023-06-08
744,2023-06-08 10:30:00-04:00,38.939998626708984,38.94499969482422,38.790000915527344,38.810001373291016,1473,0.0,0.0,2023-06-08
745,2023-06-08 10:35:00-04:00,38.83000183105469,38.95000076293945,38.83000183105469,38.892799377441406,1386,0.0,0.0,2023-06-08
746,2023-06-08 10:40:00-04:00,39.0099983215332,39.185001373291016,39.0099983215332,39.185001373291016,846,0.0,0.0,2023-06-08
747,2023-06-08 10:45:00-04:00,39.22999954223633,39.22999954223633,39.000099182128906,39.029998779296875,3062,0.0,0.0,2023-06-08
748,2023-06-08 10:50:00-04:00,39.11000061035156,39.220001220703125,39.11000061035156,39.150001525878906,2304,0.0,0.0,2023-06-08
749,2023-06-08 10:55:00-04:00,39.13999938964844,39.18000030517578,39.09000015258789,39.18000030517578,1648,0.0,0.0,2023-06-08
750,2023-06-08 11:00:00-04:00,39.125,39.125,39.04999923706055,39.04999923706055,1149,0.0,0.0,2023-06-08
751,2023-06-08 11:05:00-04:00,39.0099983215332,39.0099983215332,39.0099983215332,39.0099983215332,469,0.0,0.0,2023-06-08
752,2023-06-08 11:10:00-04:00,39.0,39.0,39.0,39.0,577,0.0,0.0,2023-06-08
753,2023-06-08 11:15:00-04:00,38.97140121459961,38.97140121459961,38.90999984741211,38.90999984741211,1175,0.0,0.0,2023-06-08
754,2023-06-08 11:20:00-04:00,38.959999084472656,39.0099983215332,38.959999084472656,39.0099983215332,2327,0.0,0.0,2023-06-08
755,2023-06-08 11:25:00-04:00,39.119998931884766,39.154998779296875,39.119998931884766,39.14500045776367,968,0.0,0.0,2023-06-08
756,2023-06-08 11:30:00-04:00,39.290000915527344,39.439998626708984,39.18000030517578,39.22570037841797,2514,0.0,0.0,2023-06-08
757,2023-06-08 11:35:00-04:00,39.286399841308594,39.33000183105469,39.286399841308594,39.310001373291016,1891,0.0,0.0,2023-06-08
758,2023-06-08 11:40:00-04:00,39.3650016784668,39.45000076293945,39.3650016784668,39.45000076293945,545,0.0,0.0,2023-06-08
759,2023-06-08 11:45:00-04:00,39.470001220703125,39.470001220703125,39.29999923706055,39.400001525878906,2389,0.0,0.0,2023-06-08
760,2023-06-08 11:50:00-04:00,39.39500045776367,39.39500045776367,39.29999923706055,39.29999923706055,1518,0.0,0.0,2023-06-08
761,2023-06-08 11:55:00-04:00,39.31999969482422,39.36000061035156,39.317501068115234,39.317501068115234,1318,0.0,0.0,2023-06-08
762,2023-06-08 12:00:00-04:00,39.290000915527344,39.38999938964844,39.2599983215332,39.38999938964844,2913,0.0,0.0,2023-06-08
763,2023-06-08 12:05:00-04:00,39.540000915527344,39.540000915527344,39.5099983215332,39.5099983215332,261,0.0,0.0,2023-06-08
764,2023-06-08 12:10:00-04:00,39.5,39.5,39.40999984741211,39.40999984741211,416,0.0,0.0,2023-06-08
765,2023-06-08 12:15:00-04:00,39.4900016784668,39.5099983215332,39.4900016784668,39.5099983215332,245,0.0,0.0,2023-06-08
766,2023-06-08 12:20:00-04:00,39.4900016784668,39.4900016784668,39.349998474121094,39.349998474121094,841,0.0,0.0,2023-06-08
767,2023-06-08 12:25:00-04:00,39.33000183105469,39.54999923706055,39.33000183105469,39.54999923706055,2917,0.0,0.0,2023-06-08
768,2023-06-08 12:30:00-04:00,39.57899856567383,39.57899856567383,39.40999984741211,39.56999969482422,3243,0.0,0.0,2023-06-08
769,2023-06-08 12:35:00-04:00,39.4900016784668,39.5,39.48500061035156,39.5,774,0.0,0.0,2023-06-08
770,2023-06-08 12:40:00-04:00,39.48500061035156,39.58000183105469,39.48500061035156,39.58000183105469,868,0.0,0.0,2023-06-08
771,2023-06-08 12:45:00-04:00,39.52000045776367,39.56999969482422,39.52000045776367,39.527198791503906,989,0.0,0.0,2023-06-08
772,2023-06-08 12:50:00-04:00,39.5099983215332,39.56999969482422,39.380001068115234,39.48500061035156,2163,0.0,0.0,2023-06-08
773,2023-06-08 13:00:00-04:00,39.52000045776367,39.529998779296875,39.474998474121094,39.5099983215332,2503,0.0,0.0,2023-06-08
774,2023-06-08 13:05:00-04:00,39.46500015258789,39.5,39.46500015258789,39.5,823,0.0,0.0,2023-06-08
775,2023-06-08 13:10:00-04:00,39.46950149536133,39.5,39.459999084472656,39.4900016784668,1549,0.0,0.0,2023-06-08
776,2023-06-08 13:15:00-04:00,39.540000915527344,39.709999084472656,39.529998779296875,39.709999084472656,3253,0.0,0.0,2023-06-08
777,2023-06-08 13:20:00-04:00,39.709999084472656,39.779998779296875,39.650001525878906,39.779998779296875,2230,0.0,0.0,2023-06-08
778,2023-06-08 13:25:00-04:00,39.79499816894531,39.86000061035156,39.79499816894531,39.83000183105469,1255,0.0,0.0,2023-06-08
779,2023-06-08 13:30:00-04:00,39.849998474121094,39.97999954223633,39.849998474121094,39.904998779296875,1022,0.0,0.0,2023-06-08
780,2023-06-08 13:35:00-04:00,39.904998779296875,39.904998779296875,39.84000015258789,39.85499954223633,3057,0.0,0.0,2023-06-08
781,2023-06-08 13:40:00-04:00,39.849998474121094,39.88999938964844,39.849998474121094,39.85499954223633,4194,0.0,0.0,2023-06-08
782,2023-06-08 13:45:00-04:00,39.849998474121094,39.849998474121094,39.849998474121094,39.849998474121094,538,0.0,0.0,2023-06-08
783,2023-06-08 13:50:00-04:00,39.84000015258789,39.939998626708984,39.84000015258789,39.935001373291016,2861,0.0,0.0,2023-06-08
784,2023-06-08 13:55:00-04:00,39.970001220703125,39.9900016784668,39.959999084472656,39.970001220703125,1233,0.0,0.0,2023-06-08
785,2023-06-08 14:00:00-04:00,39.9900016784668,40.0099983215332,39.970001220703125,39.977500915527344,1376,0.0,0.0,2023-06-08
786,2023-06-08 14:05:00-04:00,39.974998474121094,40.0,39.86000061035156,39.875,2767,0.0,0.0,2023-06-08
787,2023-06-08 14:10:00-04:00,39.79999923706055,39.90999984741211,39.790000915527344,39.90999984741211,8458,0.0,0.0,2023-06-08
788,2023-06-08 14:15:00-04:00,39.869998931884766,39.94499969482422,39.849998474121094,39.849998474121094,1061,0.0,0.0,2023-06-08
789,2023-06-08 14:20:00-04:00,39.810001373291016,39.86000061035156,39.810001373291016,39.83000183105469,889,0.0,0.0,2023-06-08
790,2023-06-08 14:25:00-04:00,39.86000061035156,39.86000061035156,39.54999923706055,39.69499969482422,3250,0.0,0.0,2023-06-08
791,2023-06-08 14:30:00-04:00,39.685001373291016,39.75,39.685001373291016,39.720001220703125,1548,0.0,0.0,2023-06-08
792,2023-06-08 14:35:00-04:00,39.709999084472656,39.7599983215332,39.69499969482422,39.7400016784668,1908,0.0,0.0,2023-06-08
793,2023-06-08 14:40:00-04:00,39.779998779296875,39.790000915527344,39.72999954223633,39.73500061035156,1282,0.0,0.0,2023-06-08
794,2023-06-08 14:45:00-04:00,39.77000045776367,39.77000045776367,39.665000915527344,39.66999816894531,2252,0.0,0.0,2023-06-08
795,2023-06-08 14:50:00-04:00,39.65999984741211,39.7599983215332,39.599998474121094,39.709999084472656,2507,0.0,0.0,2023-06-08
796,2023-06-08 14:55:00-04:00,39.71500015258789,39.77000045776367,39.709999084472656,39.77000045776367,977,0.0,0.0,2023-06-08
797,2023-06-08 15:00:00-04:00,39.810001373291016,39.810001373291016,39.79499816894531,39.79499816894531,1169,0.0,0.0,2023-06-08
798,2023-06-08 15:05:00-04:00,39.72999954223633,39.72999954223633,39.69499969482422,39.69499969482422,1323,0.0,0.0,2023-06-08
799,2023-06-08 15:10:00-04:00,39.67499923706055,39.67499923706055,39.67499923706055,39.67499923706055,1154,0.0,0.0,2023-06-08
800,2023-06-08 15:15:00-04:00,39.619998931884766,39.65999984741211,39.564998626708984,39.57500076293945,3337,0.0,0.0,2023-06-08
801,2023-06-08 15:20:00-04:00,39.57500076293945,39.68000030517578,39.57500076293945,39.68000030517578,3571,0.0,0.0,2023-06-08
802,2023-06-08 15:25:00-04:00,39.62099838256836,39.709999084472656,39.560001373291016,39.584999084472656,3168,0.0,0.0,2023-06-08
803,2023-06-08 15:30:00-04:00,39.595001220703125,39.619998931884766,39.435001373291016,39.4900016784668,3588,0.0,0.0,2023-06-08
804,2023-06-08 15:35:00-04:00,39.494998931884766,39.494998931884766,39.38999938964844,39.38999938964844,3207,0.0,0.0,2023-06-08
805,2023-06-08 15:40:00-04:00,39.52000045776367,39.56999969482422,39.47999954223633,39.52069854736328,2964,0.0,0.0,2023-06-08
806,2023-06-08 15:45:00-04:00,39.52000045776367,39.63999938964844,39.5099983215332,39.63719940185547,3847,0.0,0.0,2023-06-08
807,2023-06-08 15:50:00-04:00,39.66999816894531,39.810001373291016,39.66999816894531,39.810001373291016,8366,0.0,0.0,2023-06-08
808,2023-06-08 15:55:00-04:00,39.77000045776367,39.849998474121094,39.650001525878906,39.709999084472656,47939,0.0,0.0,2023-06-08
809,2023-06-09 09:30:00-04:00,39.91999816894531,39.91999816894531,39.56999969482422,39.56999969482422,4006,0.0,0.0,2023-06-09
810,2023-06-09 09:35:00-04:00,39.595001220703125,39.595001220703125,39.595001220703125,39.595001220703125,316,0.0,0.0,2023-06-09
811,2023-06-09 09:40:00-04:00,39.599998474121094,39.70500183105469,39.599998474121094,39.63999938964844,1182,0.0,0.0,2023-06-09
812,2023-06-09 09:45:00-04:00,39.54999923706055,39.779998779296875,39.38999938964844,39.38999938964844,1758,0.0,0.0,2023-06-09
813,2023-06-09 09:50:00-04:00,39.332000732421875,39.332000732421875,39.15999984741211,39.15999984741211,1007,0.0,0.0,2023-06-09
814,2023-06-09 09:55:00-04:00,39.189998626708984,39.189998626708984,39.15999984741211,39.15999984741211,367,0.0,0.0,2023-06-09
815,2023-06-09 10:00:00-04:00,39.36000061035156,39.619998931884766,39.345001220703125,39.619998931884766,1892,0.0,0.0,2023-06-09
816,2023-06-09 10:10:00-04:00,39.59000015258789,39.619998931884766,39.59000015258789,39.619998931884766,681,0.0,0.0,2023-06-09
817,2023-06-09 10:15:00-04:00,39.459999084472656,39.459999084472656,39.459999084472656,39.459999084472656,753,0.0,0.0,2023-06-09
818,2023-06-09 10:20:00-04:00,39.45000076293945,39.47959899902344,39.345001220703125,39.43000030517578,1265,0.0,0.0,2023-06-09
819,2023-06-09 10:25:00-04:00,39.33000183105469,39.41999816894531,39.2400016784668,39.41999816894531,2124,0.0,0.0,2023-06-09
820,2023-06-09 10:30:00-04:00,39.4900016784668,39.5,39.349998474121094,39.349998474121094,1513,0.0,0.0,2023-06-09
821,2023-06-09 10:35:00-04:00,39.40999984741211,39.54999923706055,39.35499954223633,39.4900016784668,9636,0.0,0.0,2023-06-09
822,2023-06-09 10:40:00-04:00,39.22999954223633,39.32500076293945,39.22999954223633,39.279998779296875,440,0.0,0.0,2023-06-09
823,2023-06-09 10:45:00-04:00,39.32500076293945,39.54999923706055,39.32500076293945,39.54999923706055,2446,0.0,0.0,2023-06-09
824,2023-06-09 10:50:00-04:00,39.369998931884766,39.369998931884766,39.279998779296875,39.29999923706055,1419,0.0,0.0,2023-06-09
825,2023-06-09 10:55:00-04:00,39.18000030517578,39.18000030517578,39.09000015258789,39.09000015258789,530,0.0,0.0,2023-06-09
826,2023-06-09 11:00:00-04:00,39.099998474121094,39.209999084472656,39.08000183105469,39.209999084472656,536,0.0,0.0,2023-06-09
827,2023-06-09 11:05:00-04:00,39.099998474121094,39.099998474121094,39.060001373291016,39.060001373291016,458,0.0,0.0,2023-06-09
828,2023-06-09 11:10:00-04:00,38.959999084472656,38.959999084472656,38.939998626708984,38.939998626708984,450,0.0,0.0,2023-06-09
829,2023-06-09 11:15:00-04:00,38.8849983215332,38.8849983215332,38.80580139160156,38.80580139160156,835,0.0,0.0,2023-06-09
830,2023-06-09 11:20:00-04:00,38.88999938964844,38.88999938964844,38.88999938964844,38.88999938964844,100,0.0,0.0,2023-06-09
831,2023-06-09 11:25:00-04:00,38.81999969482422,38.90999984741211,38.76499938964844,38.775001525878906,3326,0.0,0.0,2023-06-09
832,2023-06-09 11:30:00-04:00,38.7400016784668,38.7400016784668,38.630001068115234,38.630001068115234,502,0.0,0.0,2023-06-09
833,2023-06-09 11:35:00-04:00,38.63999938964844,38.86989974975586,38.63999938964844,38.86989974975586,247,0.0,0.0,2023-06-09
834,2023-06-09 11:45:00-04:00,38.810001373291016,38.810001373291016,38.470001220703125,38.58000183105469,6320,0.0,0.0,2023-06-09
835,2023-06-09 11:50:00-04:00,38.5,38.689998626708984,38.5,38.689998626708984,1700,0.0,0.0,2023-06-09
836,2023-06-09 11:55:00-04:00,38.58000183105469,38.58000183105469,38.56999969482422,38.56999969482422,1068,0.0,0.0,2023-06-09
837,2023-06-09 12:00:00-04:00,38.66999816894531,38.66999816894531,38.65999984741211,38.65999984741211,867,0.0,0.0,2023-06-09
838,2023-06-09 12:10:00-04:00,38.70000076293945,38.70000076293945,38.68000030517578,38.70000076293945,713,0.0,0.0,2023-06-09
839,2023-06-09 12:15:00-04:00,38.650001525878906,38.70000076293945,38.61000061035156,38.61000061035156,1168,0.0,0.0,2023-06-09
840,2023-06-09 12:30:00-04:00,38.7400016784668,38.7599983215332,38.689998626708984,38.689998626708984,1213,0.0,0.0,2023-06-09
841,2023-06-09 12:35:00-04:00,38.68000030517578,38.68000030517578,38.560001373291016,38.560001373291016,1337,0.0,0.0,2023-06-09
842,2023-06-09 12:40:00-04:00,38.505001068115234,38.505001068115234,38.369998931884766,38.369998931884766,1095,0.0,0.0,2023-06-09
843,2023-06-09 12:50:00-04:00,38.459999084472656,38.470001220703125,38.40999984741211,38.40999984741211,1744,0.0,0.0,2023-06-09
844,2023-06-09 12:55:00-04:00,38.52000045776367,38.66999816894531,38.52000045776367,38.66999816894531,530,0.0,0.0,2023-06-09
845,2023-06-09 13:00:00-04:00,38.66999816894531,38.66999816894531,38.65999984741211,38.66999816894531,1690,0.0,0.0,2023-06-09
846,2023-06-09 13:10:00-04:00,38.650001525878906,38.849998474121094,38.645198822021484,38.790000915527344,3895,0.0,0.0,2023-06-09
847,2023-06-09 13:15:00-04:00,38.70500183105469,38.70500183105469,38.654998779296875,38.654998779296875,961,0.0,0.0,2023-06-09
848,2023-06-09 13:20:00-04:00,38.65999984741211,38.65999984741211,38.61000061035156,38.61000061035156,1136,0.0,0.0,2023-06-09
849,2023-06-09 13:25:00-04:00,38.58000183105469,38.58000183105469,38.505001068115234,38.505001068115234,1035,0.0,0.0,2023-06-09
850,2023-06-09 13:35:00-04:00,38.58000183105469,38.58000183105469,38.58000183105469,38.58000183105469,365,0.0,0.0,2023-06-09
851,2023-06-09 13:40:00-04:00,38.56999969482422,38.58000183105469,38.51499938964844,38.51499938964844,1641,0.0,0.0,2023-06-09
852,2023-06-09 13:45:00-04:00,38.47999954223633,38.47999954223633,38.43000030517578,38.43000030517578,708,0.0,0.0,2023-06-09
853,2023-06-09 13:50:00-04:00,38.43000030517578,38.5099983215332,38.375,38.5099983215332,1757,0.0,0.0,2023-06-09
854,2023-06-09 13:55:00-04:00,38.560001373291016,38.58000183105469,38.560001373291016,38.58000183105469,528,0.0,0.0,2023-06-09
855,2023-06-09 14:00:00-04:00,38.56999969482422,38.56999969482422,38.459999084472656,38.459999084472656,1008,0.0,0.0,2023-06-09
856,2023-06-09 14:15:00-04:00,38.459999084472656,38.5,38.459999084472656,38.5,768,0.0,0.0,2023-06-09
857,2023-06-09 14:20:00-04:00,38.54999923706055,38.63999938964844,38.54999923706055,38.59000015258789,1567,0.0,0.0,2023-06-09
858,2023-06-09 14:25:00-04:00,38.619998931884766,38.619998931884766,38.52000045776367,38.52000045776367,1710,0.0,0.0,2023-06-09
859,2023-06-09 14:30:00-04:00,38.51499938964844,38.529998779296875,38.5,38.505001068115234,867,0.0,0.0,2023-06-09
860,2023-06-09 14:40:00-04:00,38.4900016784668,38.4900016784668,38.4900016784668,38.4900016784668,636,0.0,0.0,2023-06-09
861,2023-06-09 14:50:00-04:00,38.5,38.529998779296875,38.4900016784668,38.4900016784668,1481,0.0,0.0,2023-06-09
862,2023-06-09 14:55:00-04:00,38.52000045776367,38.52000045776367,38.52000045776367,38.52000045776367,2392,0.0,0.0,2023-06-09
863,2023-06-09 15:05:00-04:00,38.6244010925293,38.6244010925293,38.5099983215332,38.5099983215332,1547,0.0,0.0,2023-06-09
864,2023-06-09 15:10:00-04:00,38.45000076293945,38.45000076293945,38.45000076293945,38.45000076293945,677,0.0,0.0,2023-06-09
865,2023-06-09 15:15:00-04:00,38.5099983215332,38.529998779296875,38.474998474121094,38.4900016784668,1804,0.0,0.0,2023-06-09
866,2023-06-09 15:20:00-04:00,38.5,38.5,38.45000076293945,38.45000076293945,964,0.0,0.0,2023-06-09
867,2023-06-09 15:25:00-04:00,38.459999084472656,38.459999084472656,38.459999084472656,38.459999084472656,505,0.0,0.0,2023-06-09
868,2023-06-09 15:30:00-04:00,38.47999954223633,38.529998779296875,38.47999954223633,38.529998779296875,1155,0.0,0.0,2023-06-09
869,2023-06-09 15:35:00-04:00,38.52000045776367,38.54999923706055,38.4900016784668,38.5,2926,0.0,0.0,2023-06-09
870,2023-06-09 15:40:00-04:00,38.48500061035156,38.52000045776367,38.48500061035156,38.5099983215332,1010,0.0,0.0,2023-06-09
871,2023-06-09 15:45:00-04:00,38.52000045776367,38.595001220703125,38.5099983215332,38.58000183105469,3538,0.0,0.0,2023-06-09
872,2023-06-09 15:50:00-04:00,38.58000183105469,38.630001068115234,38.54999923706055,38.630001068115234,4007,0.0,0.0,2023-06-09
873,2023-06-09 15:55:00-04:00,38.599998474121094,38.650001525878906,38.53499984741211,38.59000015258789,18171,0.0,0.0,2023-06-09
874,2023-06-12 09:30:00-04:00,38.47999954223633,38.47999954223633,38.09000015258789,38.09000015258789,1564,0.0,0.0,2023-06-12
875,2023-06-12 09:35:00-04:00,37.98500061035156,37.98500061035156,37.98500061035156,37.98500061035156,275,0.0,0.0,2023-06-12
876,2023-06-12 09:40:00-04:00,38.41999816894531,38.540000915527344,38.41999816894531,38.5099983215332,1318,0.0,0.0,2023-06-12
877,2023-06-12 09:45:00-04:00,38.36000061035156,38.38999938964844,38.22999954223633,38.38999938964844,1638,0.0,0.0,2023-06-12
878,2023-06-12 09:50:00-04:00,38.540000915527344,38.98500061035156,38.540000915527344,38.98500061035156,1409,0.0,0.0,2023-06-12
879,2023-06-12 09:55:00-04:00,39.03499984741211,39.22999954223633,38.86000061035156,39.08000183105469,10271,0.0,0.0,2023-06-12
880,2023-06-12 10:00:00-04:00,39.220001220703125,39.220001220703125,39.220001220703125,39.220001220703125,336,0.0,0.0,2023-06-12
881,2023-06-12 10:05:00-04:00,39.27000045776367,39.349998474121094,39.099998474121094,39.29999923706055,3281,0.0,0.0,2023-06-12
882,2023-06-12 10:10:00-04:00,39.369998931884766,39.3849983215332,39.369998931884766,39.3849983215332,704,0.0,0.0,2023-06-12
883,2023-06-12 10:15:00-04:00,39.2599983215332,39.329898834228516,38.970001220703125,39.29999923706055,12586,0.0,0.0,2023-06-12
884,2023-06-12 10:20:00-04:00,39.099998474121094,39.099998474121094,38.83000183105469,38.83000183105469,1224,0.0,0.0,2023-06-12
885,2023-06-12 10:25:00-04:00,38.73500061035156,38.73500061035156,38.73500061035156,38.73500061035156,654,0.0,0.0,2023-06-12
886,2023-06-12 10:30:00-04:00,38.630001068115234,38.709999084472656,38.529998779296875,38.709999084472656,1660,0.0,0.0,2023-06-12
887,2023-06-12 10:35:00-04:00,38.38999938964844,38.38999938964844,38.06999969482422,38.06999969482422,1965,0.0,0.0,2023-06-12
888,2023-06-12 10:40:00-04:00,38.220001220703125,38.29999923706055,38.220001220703125,38.29999923706055,2125,0.0,0.0,2023-06-12
889,2023-06-12 10:45:00-04:00,38.290000915527344,38.369998931884766,38.255001068115234,38.34000015258789,1737,0.0,0.0,2023-06-12
890,2023-06-12 10:50:00-04:00,38.189998626708984,38.189998626708984,38.11000061035156,38.11000061035156,582,0.0,0.0,2023-06-12
891,2023-06-12 10:55:00-04:00,38.22999954223633,38.36000061035156,38.21500015258789,38.36000061035156,2046,0.0,0.0,2023-06-12
892,2023-06-12 11:00:00-04:00,38.290000915527344,38.29999923706055,38.2599983215332,38.29999923706055,788,0.0,0.0,2023-06-12
893,2023-06-12 11:05:00-04:00,38.209999084472656,38.209999084472656,38.09000015258789,38.09000015258789,1124,0.0,0.0,2023-06-12
894,2023-06-12 11:10:00-04:00,38.15999984741211,38.349998474121094,38.15999984741211,38.349998474121094,1568,0.0,0.0,2023-06-12
895,2023-06-12 11:15:00-04:00,38.41999816894531,38.41999816894531,38.349998474121094,38.349998474121094,1450,0.0,0.0,2023-06-12
896,2023-06-12 11:20:00-04:00,38.2599983215332,38.2599983215332,37.8849983215332,37.8849983215332,1908,0.0,0.0,2023-06-12
897,2023-06-12 11:25:00-04:00,37.720001220703125,37.796199798583984,37.689998626708984,37.689998626708984,1213,0.0,0.0,2023-06-12
898,2023-06-12 11:30:00-04:00,37.58000183105469,37.7400016784668,37.5,37.59000015258789,3857,0.0,0.0,2023-06-12
899,2023-06-12 11:35:00-04:00,37.65999984741211,37.65999984741211,37.439998626708984,37.459999084472656,1346,0.0,0.0,2023-06-12
900,2023-06-12 11:40:00-04:00,37.5,37.52000045776367,37.5,37.52000045776367,1359,0.0,0.0,2023-06-12
901,2023-06-12 11:45:00-04:00,37.380001068115234,37.650001525878906,37.36000061035156,37.599998474121094,5730,0.0,0.0,2023-06-12
902,2023-06-12 11:50:00-04:00,37.70000076293945,37.70000076293945,37.650001525878906,37.66999816894531,2111,0.0,0.0,2023-06-12
903,2023-06-12 12:00:00-04:00,37.689998626708984,37.84000015258789,37.685001373291016,37.84000015258789,2611,0.0,0.0,2023-06-12
904,2023-06-12 12:05:00-04:00,37.81999969482422,37.81999969482422,37.810001373291016,37.810001373291016,892,0.0,0.0,2023-06-12
905,2023-06-12 12:10:00-04:00,37.81999969482422,37.959999084472656,37.775001525878906,37.80500030517578,3077,0.0,0.0,2023-06-12
906,2023-06-12 12:15:00-04:00,37.7400016784668,37.75,37.68000030517578,37.75,2652,0.0,0.0,2023-06-12
907,2023-06-12 12:20:00-04:00,37.72999954223633,37.72999954223633,37.650001525878906,37.709999084472656,2615,0.0,0.0,2023-06-12
908,2023-06-12 12:25:00-04:00,37.72999954223633,37.72999954223633,37.599998474121094,37.599998474121094,1114,0.0,0.0,2023-06-12
909,2023-06-12 12:30:00-04:00,37.560001373291016,37.619998931884766,37.529998779296875,37.619998931884766,2706,0.0,0.0,2023-06-12
910,2023-06-12 12:35:00-04:00,37.630001068115234,37.630001068115234,37.630001068115234,37.630001068115234,391,0.0,0.0,2023-06-12
911,2023-06-12 12:40:00-04:00,37.56999969482422,37.6150016784668,37.43000030517578,37.43000030517578,2061,0.0,0.0,2023-06-12
912,2023-06-12 12:45:00-04:00,37.3650016784668,37.5,37.3650016784668,37.4900016784668,1765,0.0,0.0,2023-06-12
913,2023-06-12 12:50:00-04:00,37.41999816894531,37.43000030517578,37.40999984741211,37.43000030517578,838,0.0,0.0,2023-06-12
914,2023-06-12 12:55:00-04:00,37.45500183105469,37.529998779296875,37.41999816894531,37.529998779296875,1555,0.0,0.0,2023-06-12
915,2023-06-12 13:05:00-04:00,37.4900016784668,37.5,37.439998626708984,37.470001220703125,2909,0.0,0.0,2023-06-12
916,2023-06-12 13:10:00-04:00,37.47999954223633,37.48500061035156,37.459999084472656,37.48500061035156,821,0.0,0.0,2023-06-12
917,2023-06-12 13:15:00-04:00,37.439998626708984,37.439998626708984,37.43000030517578,37.43000030517578,1124,0.0,0.0,2023-06-12
918,2023-06-12 13:25:00-04:00,37.3650016784668,37.3650016784668,37.34000015258789,37.34000015258789,1361,0.0,0.0,2023-06-12
919,2023-06-12 13:30:00-04:00,37.33000183105469,37.33000183105469,37.31999969482422,37.31999969482422,652,0.0,0.0,2023-06-12
920,2023-06-12 13:35:00-04:00,37.290000915527344,37.40999984741211,37.275001525878906,37.400001525878906,3241,0.0,0.0,2023-06-12
921,2023-06-12 13:45:00-04:00,37.54999923706055,37.564998626708984,37.54999923706055,37.564998626708984,408,0.0,0.0,2023-06-12
922,2023-06-12 13:50:00-04:00,37.564998626708984,37.564998626708984,37.52000045776367,37.52000045776367,802,0.0,0.0,2023-06-12
923,2023-06-12 13:55:00-04:00,37.51499938964844,37.54999923706055,37.51499938964844,37.54999923706055,686,0.0,0.0,2023-06-12
924,2023-06-12 14:00:00-04:00,37.52000045776367,37.52000045776367,37.5,37.5,890,0.0,0.0,2023-06-12
925,2023-06-12 14:05:00-04:00,37.52000045776367,37.599998474121094,37.470001220703125,37.599998474121094,3933,0.0,0.0,2023-06-12
926,2023-06-12 14:10:00-04:00,37.59000015258789,37.59000015258789,37.56999969482422,37.56999969482422,696,0.0,0.0,2023-06-12
927,2023-06-12 14:15:00-04:00,37.56999969482422,37.56999969482422,37.54999923706055,37.54999923706055,915,0.0,0.0,2023-06-12
928,2023-06-12 14:20:00-04:00,37.619998931884766,37.68000030517578,37.619998931884766,37.68000030517578,2427,0.0,0.0,2023-06-12
929,2023-06-12 14:25:00-04:00,37.689998626708984,37.76499938964844,37.58000183105469,37.58000183105469,8334,0.0,0.0,2023-06-12
930,2023-06-12 14:30:00-04:00,37.619998931884766,37.63999938964844,37.619998931884766,37.6349983215332,1656,0.0,0.0,2023-06-12
931,2023-06-12 14:35:00-04:00,37.650001525878906,37.650001525878906,37.38999938964844,37.5,4583,0.0,0.0,2023-06-12
932,2023-06-12 14:40:00-04:00,37.44499969482422,37.5099983215332,37.44499969482422,37.5,1267,0.0,0.0,2023-06-12
933,2023-06-12 14:45:00-04:00,37.52000045776367,37.650001525878906,37.52000045776367,37.650001525878906,1452,0.0,0.0,2023-06-12
934,2023-06-12 14:50:00-04:00,37.665000915527344,37.665000915527344,37.58000183105469,37.58000183105469,2113,0.0,0.0,2023-06-12
935,2023-06-12 14:55:00-04:00,37.599998474121094,37.599998474121094,37.5099983215332,37.54999923706055,3241,0.0,0.0,2023-06-12
936,2023-06-12 15:00:00-04:00,37.58000183105469,37.5989990234375,37.5099983215332,37.5099983215332,1622,0.0,0.0,2023-06-12
937,2023-06-12 15:05:00-04:00,37.53499984741211,37.584999084472656,37.52000045776367,37.584999084472656,2497,0.0,0.0,2023-06-12
938,2023-06-12 15:10:00-04:00,37.63999938964844,37.744998931884766,37.63999938964844,37.720001220703125,2388,0.0,0.0,2023-06-12
939,2023-06-12 15:15:00-04:00,37.775001525878906,37.775001525878906,37.720001220703125,37.720001220703125,4324,0.0,0.0,2023-06-12
940,2023-06-12 15:20:00-04:00,37.7400016784668,37.77000045776367,37.709999084472656,37.75,4914,0.0,0.0,2023-06-12
941,2023-06-12 15:25:00-04:00,37.72999954223633,37.77000045776367,37.689998626708984,37.724998474121094,6039,0.0,0.0,2023-06-12
942,2023-06-12 15:30:00-04:00,37.724998474121094,37.775001525878906,37.720001220703125,37.775001525878906,5896,0.0,0.0,2023-06-12
943,2023-06-12 15:35:00-04:00,37.779998779296875,37.78499984741211,37.689998626708984,37.75,4993,0.0,0.0,2023-06-12
944,2023-06-12 15:40:00-04:00,37.79999923706055,37.869998931884766,37.79999923706055,37.81999969482422,2226,0.0,0.0,2023-06-12
945,2023-06-12 15:45:00-04:00,37.79999923706055,37.81999969482422,37.75,37.810001373291016,8225,0.0,0.0,2023-06-12
946,2023-06-12 15:50:00-04:00,37.83000183105469,37.93000030517578,37.814998626708984,37.84000015258789,20538,0.0,0.0,2023-06-12
947,2023-06-12 15:55:00-04:00,37.81999969482422,37.869998931884766,37.673500061035156,37.869998931884766,22760,0.0,0.0,2023-06-12
948,2023-06-13 09:30:00-04:00,38.130001068115234,38.130001068115234,38.130001068115234,38.130001068115234,1559,0.0,0.0,2023-06-13
949,2023-06-13 09:35:00-04:00,38.060001373291016,38.525001525878906,38.060001373291016,38.525001525878906,1324,0.0,0.0,2023-06-13
950,2023-06-13 09:40:00-04:00,38.75,38.755001068115234,38.59000015258789,38.72999954223633,1210,0.0,0.0,2023-06-13
951,2023-06-13 09:45:00-04:00,38.90999984741211,39.09000015258789,38.900001525878906,38.970001220703125,1619,0.0,0.0,2023-06-13
952,2023-06-13 09:50:00-04:00,39.02399826049805,39.189998626708984,39.02399826049805,39.189998626708984,442,0.0,0.0,2023-06-13
953,2023-06-13 09:55:00-04:00,39.119998931884766,39.15999984741211,39.119998931884766,39.15999984741211,528,0.0,0.0,2023-06-13
954,2023-06-13 10:00:00-04:00,39.060001373291016,39.310001373291016,39.060001373291016,39.310001373291016,2181,0.0,0.0,2023-06-13
955,2023-06-13 10:05:00-04:00,39.33000183105469,39.439998626708984,39.33000183105469,39.43000030517578,1846,0.0,0.0,2023-06-13
956,2023-06-13 10:10:00-04:00,39.400001525878906,39.70000076293945,39.400001525878906,39.70000076293945,3922,0.0,0.0,2023-06-13
957,2023-06-13 10:15:00-04:00,39.56999969482422,39.56999969482422,39.38999938964844,39.38999938964844,3191,0.0,0.0,2023-06-13
958,2023-06-13 10:20:00-04:00,39.435001373291016,39.529998779296875,39.435001373291016,39.529998779296875,784,0.0,0.0,2023-06-13
959,2023-06-13 10:25:00-04:00,39.54999923706055,39.72999954223633,39.54999923706055,39.67499923706055,5473,0.0,0.0,2023-06-13
960,2023-06-13 10:30:00-04:00,39.67499923706055,39.67499923706055,39.439998626708984,39.52000045776367,9566,0.0,0.0,2023-06-13
961,2023-06-13 10:35:00-04:00,39.52000045776367,39.52000045776367,39.34000015258789,39.34000015258789,3971,0.0,0.0,2023-06-13
962,2023-06-13 10:40:00-04:00,39.209999084472656,39.32529830932617,39.17499923706055,39.220001220703125,1837,0.0,0.0,2023-06-13
963,2023-06-13 10:45:00-04:00,39.16999816894531,39.189998626708984,39.02000045776367,39.125,2636,0.0,0.0,2023-06-13
964,2023-06-13 10:50:00-04:00,39.18000030517578,39.18000030517578,38.93000030517578,38.93000030517578,3267,0.0,0.0,2023-06-13
965,2023-06-13 10:55:00-04:00,38.970001220703125,39.09000015258789,38.970001220703125,39.0099983215332,1708,0.0,0.0,2023-06-13
966,2023-06-13 11:00:00-04:00,39.0099983215332,39.220001220703125,39.0099983215332,39.20000076293945,13449,0.0,0.0,2023-06-13
967,2023-06-13 11:05:00-04:00,39.150001525878906,39.15999984741211,38.96009826660156,38.96009826660156,11044,0.0,0.0,2023-06-13
968,2023-06-13 11:10:00-04:00,38.9900016784668,39.13999938964844,38.9900016784668,39.09000015258789,1208,0.0,0.0,2023-06-13
969,2023-06-13 11:15:00-04:00,39.125,39.125,38.89500045776367,38.900001525878906,1872,0.0,0.0,2023-06-13
970,2023-06-13 11:20:00-04:00,38.970001220703125,39.099998474121094,38.869998931884766,39.060001373291016,10353,0.0,0.0,2023-06-13
971,2023-06-13 11:25:00-04:00,39.06999969482422,39.31999969482422,39.06999969482422,39.31999969482422,2031,0.0,0.0,2023-06-13
972,2023-06-13 11:30:00-04:00,39.41999816894531,39.41999816894531,39.28450012207031,39.28450012207031,1271,0.0,0.0,2023-06-13
973,2023-06-13 11:35:00-04:00,39.31999969482422,39.31999969482422,39.2599983215332,39.2599983215332,1241,0.0,0.0,2023-06-13
974,2023-06-13 11:40:00-04:00,39.21500015258789,39.279998779296875,39.21500015258789,39.25,1533,0.0,0.0,2023-06-13
975,2023-06-13 11:45:00-04:00,39.27000045776367,39.33000183105469,39.27000045776367,39.33000183105469,717,0.0,0.0,2023-06-13
976,2023-06-13 11:50:00-04:00,39.33000183105469,39.4900016784668,39.33000183105469,39.4900016784668,1796,0.0,0.0,2023-06-13
977,2023-06-13 11:55:00-04:00,39.470001220703125,39.5,39.40999984741211,39.459999084472656,1732,0.0,0.0,2023-06-13
978,2023-06-13 12:00:00-04:00,39.5,39.5,39.459999084472656,39.459999084472656,861,0.0,0.0,2023-06-13
979,2023-06-13 12:05:00-04:00,39.52000045776367,39.650001525878906,39.52000045776367,39.630001068115234,904,0.0,0.0,2023-06-13
980,2023-06-13 12:10:00-04:00,39.560001373291016,39.63999938964844,39.540000915527344,39.540000915527344,2235,0.0,0.0,2023-06-13
981,2023-06-13 12:15:00-04:00,39.584999084472656,39.650001525878906,39.540000915527344,39.650001525878906,1115,0.0,0.0,2023-06-13
982,2023-06-13 12:20:00-04:00,39.65999984741211,39.65999984741211,39.630001068115234,39.65999984741211,1211,0.0,0.0,2023-06-13
983,2023-06-13 12:25:00-04:00,39.689998626708984,39.720001220703125,39.65999984741211,39.709999084472656,1847,0.0,0.0,2023-06-13
984,2023-06-13 12:30:00-04:00,39.630001068115234,39.90999984741211,39.619998931884766,39.90999984741211,5374,0.0,0.0,2023-06-13
985,2023-06-13 12:35:00-04:00,39.79999923706055,39.95000076293945,39.79999923706055,39.915000915527344,8406,0.0,0.0,2023-06-13
986,2023-06-13 12:40:00-04:00,39.939998626708984,39.939998626708984,39.84000015258789,39.84000015258789,6455,0.0,0.0,2023-06-13
987,2023-06-13 12:45:00-04:00,39.90999984741211,39.970001220703125,39.88999938964844,39.88999938964844,1581,0.0,0.0,2023-06-13
988,2023-06-13 12:50:00-04:00,39.970001220703125,39.970001220703125,39.970001220703125,39.970001220703125,164,0.0,0.0,2023-06-13
989,2023-06-13 12:55:00-04:00,39.900001525878906,39.970001220703125,39.900001525878906,39.970001220703125,1255,0.0,0.0,2023-06-13
990,2023-06-13 13:00:00-04:00,39.970001220703125,39.9900016784668,39.970001220703125,39.9900016784668,520,0.0,0.0,2023-06-13
991,2023-06-13 13:05:00-04:00,39.97999954223633,39.97999954223633,39.7599983215332,39.7599983215332,6585,0.0,0.0,2023-06-13
992,2023-06-13 13:10:00-04:00,39.7599983215332,39.79999923706055,39.7400016784668,39.7400016784668,1755,0.0,0.0,2023-06-13
993,2023-06-13 13:20:00-04:00,39.7692985534668,39.7692985534668,39.67499923706055,39.720001220703125,1427,0.0,0.0,2023-06-13
994,2023-06-13 13:25:00-04:00,39.70000076293945,39.72999954223633,39.619998931884766,39.619998931884766,4084,0.0,0.0,2023-06-13
995,2023-06-13 13:30:00-04:00,39.68000030517578,39.7400016784668,39.66999816894531,39.71009826660156,2943,0.0,0.0,2023-06-13
996,2023-06-13 13:35:00-04:00,39.709999084472656,39.709999084472656,39.599998474121094,39.599998474121094,1361,0.0,0.0,2023-06-13
997,2023-06-13 13:40:00-04:00,39.650001525878906,39.650001525878906,39.63999938964844,39.63999938964844,859,0.0,0.0,2023-06-13
998,2023-06-13 13:45:00-04:00,39.59000015258789,39.650001525878906,39.54999923706055,39.64500045776367,4570,0.0,0.0,2023-06-13
999,2023-06-13 13:50:00-04:00,39.63999938964844,39.650001525878906,39.6150016784668,39.63999938964844,1707,0.0,0.0,2023-06-13
1000,2023-06-13 13:55:00-04:00,39.63999938964844,39.689998626708984,39.599998474121094,39.689998626708984,1235,0.0,0.0,2023-06-13
1001,2023-06-13 14:00:00-04:00,39.665000915527344,39.66999816894531,39.599998474121094,39.61000061035156,1716,0.0,0.0,2023-06-13
1002,2023-06-13 14:05:00-04:00,39.560001373291016,39.619998931884766,39.5,39.505001068115234,719,0.0,0.0,2023-06-13
1003,2023-06-13 14:10:00-04:00,39.44499969482422,39.48500061035156,39.38999938964844,39.45500183105469,853,0.0,0.0,2023-06-13
1004,2023-06-13 14:15:00-04:00,39.459999084472656,39.5099983215332,39.459999084472656,39.470001220703125,1464,0.0,0.0,2023-06-13
1005,2023-06-13 14:20:00-04:00,39.5099983215332,39.6349983215332,39.494998931884766,39.61000061035156,1381,0.0,0.0,2023-06-13
1006,2023-06-13 14:25:00-04:00,39.630001068115234,39.650001525878906,39.540000915527344,39.54999923706055,2055,0.0,0.0,2023-06-13
1007,2023-06-13 14:30:00-04:00,39.54999923706055,39.6150016784668,39.54999923706055,39.6150016784668,359,0.0,0.0,2023-06-13
1008,2023-06-13 14:35:00-04:00,39.55500030517578,39.560001373291016,39.55500030517578,39.560001373291016,1193,0.0,0.0,2023-06-13
1009,2023-06-13 14:40:00-04:00,39.56999969482422,39.599998474121094,39.470001220703125,39.470001220703125,3788,0.0,0.0,2023-06-13
1010,2023-06-13 14:55:00-04:00,39.529998779296875,39.58000183105469,39.525001525878906,39.56999969482422,1691,0.0,0.0,2023-06-13
1011,2023-06-13 15:00:00-04:00,39.56999969482422,39.63999938964844,39.56999969482422,39.59000015258789,2350,0.0,0.0,2023-06-13
1012,2023-06-13 15:05:00-04:00,39.584999084472656,39.61000061035156,39.529998779296875,39.529998779296875,2899,0.0,0.0,2023-06-13
1013,2023-06-13 15:10:00-04:00,39.56999969482422,39.56999969482422,39.560001373291016,39.560001373291016,2259,0.0,0.0,2023-06-13
1014,2023-06-13 15:15:00-04:00,39.5099983215332,39.540000915527344,39.5099983215332,39.5099983215332,1675,0.0,0.0,2023-06-13
1015,2023-06-13 15:20:00-04:00,39.52000045776367,39.529998779296875,39.44499969482422,39.459999084472656,3557,0.0,0.0,2023-06-13
1016,2023-06-13 15:25:00-04:00,39.45000076293945,39.525001525878906,39.45000076293945,39.525001525878906,2214,0.0,0.0,2023-06-13
1017,2023-06-13 15:30:00-04:00,39.54499816894531,39.56999969482422,39.5,39.52000045776367,2385,0.0,0.0,2023-06-13
1018,2023-06-13 15:35:00-04:00,39.52000045776367,39.560001373291016,39.46500015258789,39.525001525878906,10368,0.0,0.0,2023-06-13
1019,2023-06-13 15:40:00-04:00,39.5099983215332,39.54999923706055,39.47999954223633,39.47999954223633,11632,0.0,0.0,2023-06-13
1020,2023-06-13 15:45:00-04:00,39.439998626708984,39.439998626708984,39.33000183105469,39.33000183105469,3983,0.0,0.0,2023-06-13
1021,2023-06-13 15:50:00-04:00,39.36000061035156,39.40999984741211,39.22999954223633,39.279998779296875,6653,0.0,0.0,2023-06-13
1022,2023-06-13 15:55:00-04:00,39.31999969482422,39.31999969482422,39.18000030517578,39.209999084472656,16110,0.0,0.0,2023-06-13
1023,2023-06-14 09:30:00-04:00,39.27000045776367,39.27000045776367,39.06999969482422,39.06999969482422,2496,0.0,0.0,2023-06-14
1024,2023-06-14 09:35:00-04:00,39.61000061035156,39.61000061035156,39.61000061035156,39.61000061035156,297,0.0,0.0,2023-06-14
1025,2023-06-14 09:40:00-04:00,39.52000045776367,39.56999969482422,39.52000045776367,39.56999969482422,907,0.0,0.0,2023-06-14
1026,2023-06-14 09:50:00-04:00,39.59000015258789,39.810001373291016,39.560001373291016,39.810001373291016,1687,0.0,0.0,2023-06-14
1027,2023-06-14 09:55:00-04:00,39.470001220703125,39.540000915527344,39.470001220703125,39.540000915527344,559,0.0,0.0,2023-06-14
1028,2023-06-14 10:00:00-04:00,39.56999969482422,39.56999969482422,39.5,39.5,839,0.0,0.0,2023-06-14
1029,2023-06-14 10:05:00-04:00,39.560001373291016,39.560001373291016,39.35749816894531,39.36000061035156,1937,0.0,0.0,2023-06-14
1030,2023-06-14 10:10:00-04:00,39.22999954223633,39.22999954223633,39.08000183105469,39.09000015258789,695,0.0,0.0,2023-06-14
1031,2023-06-14 10:15:00-04:00,39.15999984741211,39.310001373291016,39.06999969482422,39.17499923706055,9044,0.0,0.0,2023-06-14
1032,2023-06-14 10:20:00-04:00,39.2400016784668,39.2400016784668,39.029998779296875,39.2400016784668,5074,0.0,0.0,2023-06-14
1033,2023-06-14 10:25:00-04:00,39.33000183105469,39.34000015258789,39.310001373291016,39.34000015258789,1625,0.0,0.0,2023-06-14
1034,2023-06-14 10:30:00-04:00,39.369998931884766,39.369998931884766,39.27000045776367,39.27000045776367,1070,0.0,0.0,2023-06-14
1035,2023-06-14 10:35:00-04:00,39.41999816894531,39.41999816894531,39.130001068115234,39.189998626708984,1518,0.0,0.0,2023-06-14
1036,2023-06-14 10:40:00-04:00,39.30500030517578,39.30500030517578,39.02000045776367,39.09000015258789,1389,0.0,0.0,2023-06-14
1037,2023-06-14 10:45:00-04:00,39.2400016784668,39.2400016784668,39.2400016784668,39.2400016784668,100,0.0,0.0,2023-06-14
1038,2023-06-14 10:50:00-04:00,39.18000030517578,39.18000030517578,39.18000030517578,39.18000030517578,843,0.0,0.0,2023-06-14
1039,2023-06-14 10:55:00-04:00,39.31999969482422,39.31999969482422,39.31999969482422,39.31999969482422,235,0.0,0.0,2023-06-14
1040,2023-06-14 11:00:00-04:00,39.47999954223633,39.560001373291016,39.47999954223633,39.54999923706055,735,0.0,0.0,2023-06-14
1041,2023-06-14 11:05:00-04:00,39.47999954223633,39.47999954223633,39.33000183105469,39.33000183105469,2382,0.0,0.0,2023-06-14
1042,2023-06-14 11:10:00-04:00,39.27000045776367,39.27000045776367,39.27000045776367,39.27000045776367,243,0.0,0.0,2023-06-14
1043,2023-06-14 11:15:00-04:00,39.310001373291016,39.34000015258789,39.279998779296875,39.279998779296875,1675,0.0,0.0,2023-06-14
1044,2023-06-14 11:20:00-04:00,39.334999084472656,39.400001525878906,39.25,39.36000061035156,2310,0.0,0.0,2023-06-14
1045,2023-06-14 11:25:00-04:00,39.400001525878906,39.439998626708984,39.400001525878906,39.439998626708984,935,0.0,0.0,2023-06-14
1046,2023-06-14 11:35:00-04:00,39.3849983215332,39.3849983215332,39.2400016784668,39.2400016784668,4353,0.0,0.0,2023-06-14
1047,2023-06-14 11:40:00-04:00,39.18000030517578,39.310001373291016,39.16999816894531,39.224998474121094,5667,0.0,0.0,2023-06-14
1048,2023-06-14 11:45:00-04:00,39.25,39.29999923706055,39.224998474121094,39.260398864746094,5048,0.0,0.0,2023-06-14
1049,2023-06-14 11:50:00-04:00,39.22999954223633,39.22999954223633,39.20000076293945,39.20000076293945,1037,0.0,0.0,2023-06-14
1050,2023-06-14 11:55:00-04:00,39.16999816894531,39.209999084472656,39.127498626708984,39.1349983215332,2929,0.0,0.0,2023-06-14
1051,2023-06-14 12:00:00-04:00,39.130001068115234,39.150001525878906,39.060001373291016,39.060001373291016,3551,0.0,0.0,2023-06-14
1052,2023-06-14 12:05:00-04:00,39.06999969482422,39.06999969482422,39.06999969482422,39.06999969482422,339,0.0,0.0,2023-06-14
1053,2023-06-14 12:10:00-04:00,39.0,39.029998779296875,39.0,39.029998779296875,924,0.0,0.0,2023-06-14
1054,2023-06-14 12:15:00-04:00,39.029998779296875,39.03499984741211,39.029998779296875,39.03499984741211,770,0.0,0.0,2023-06-14
1055,2023-06-14 12:20:00-04:00,38.9900016784668,38.9900016784668,38.915000915527344,38.915000915527344,1701,0.0,0.0,2023-06-14
1056,2023-06-14 12:25:00-04:00,38.92499923706055,38.92499923706055,38.92499923706055,38.92499923706055,101,0.0,0.0,2023-06-14
1057,2023-06-14 12:30:00-04:00,38.91999816894531,39.005001068115234,38.91999816894531,38.95000076293945,1127,0.0,0.0,2023-06-14
1058,2023-06-14 12:35:00-04:00,38.96500015258789,38.970001220703125,38.96500015258789,38.970001220703125,1529,0.0,0.0,2023-06-14
1059,2023-06-14 12:40:00-04:00,38.939998626708984,38.970699310302734,38.939998626708984,38.970699310302734,531,0.0,0.0,2023-06-14
1060,2023-06-14 12:45:00-04:00,39.0,39.0099983215332,38.96500015258789,38.970001220703125,1970,0.0,0.0,2023-06-14
1061,2023-06-14 12:50:00-04:00,38.970001220703125,39.0099983215332,38.95000076293945,38.95000076293945,3555,0.0,0.0,2023-06-14
1062,2023-06-14 12:55:00-04:00,38.970001220703125,39.0099983215332,38.91999816894531,38.970001220703125,4046,0.0,0.0,2023-06-14
1063,2023-06-14 13:00:00-04:00,38.95000076293945,38.97999954223633,38.939998626708984,38.970001220703125,1983,0.0,0.0,2023-06-14
1064,2023-06-14 13:05:00-04:00,38.91999816894531,39.0099983215332,38.90999984741211,38.96500015258789,2292,0.0,0.0,2023-06-14
1065,2023-06-14 13:10:00-04:00,38.97999954223633,38.97999954223633,38.91999816894531,38.95000076293945,1539,0.0,0.0,2023-06-14
1066,2023-06-14 13:15:00-04:00,38.95000076293945,38.95000076293945,38.900001525878906,38.939998626708984,1237,0.0,0.0,2023-06-14
1067,2023-06-14 13:25:00-04:00,38.900001525878906,38.97999954223633,38.900001525878906,38.97999954223633,2007,0.0,0.0,2023-06-14
1068,2023-06-14 13:30:00-04:00,38.95000076293945,38.959999084472656,38.939998626708984,38.939998626708984,1104,0.0,0.0,2023-06-14
1069,2023-06-14 13:35:00-04:00,38.939998626708984,38.939998626708984,38.880001068115234,38.880001068115234,2541,0.0,0.0,2023-06-14
1070,2023-06-14 13:40:00-04:00,38.8849983215332,38.91999816894531,38.8849983215332,38.91999816894531,1195,0.0,0.0,2023-06-14
1071,2023-06-14 13:45:00-04:00,39.0,39.02000045776367,38.959999084472656,39.02000045776367,1629,0.0,0.0,2023-06-14
1072,2023-06-14 13:50:00-04:00,38.95000076293945,38.9900016784668,38.88999938964844,38.88999938964844,2015,0.0,0.0,2023-06-14
1073,2023-06-14 13:55:00-04:00,38.91999816894531,38.970001220703125,38.88999938964844,38.88999938964844,2237,0.0,0.0,2023-06-14
1074,2023-06-14 14:00:00-04:00,38.8650016784668,39.04999923706055,38.790000915527344,38.880001068115234,22556,0.0,0.0,2023-06-14
1075,2023-06-14 14:05:00-04:00,38.724998474121094,38.724998474121094,38.5989990234375,38.5989990234375,766,0.0,0.0,2023-06-14
1076,2023-06-14 14:10:00-04:00,38.63999938964844,38.65999984741211,38.31999969482422,38.43000030517578,1969,0.0,0.0,2023-06-14
1077,2023-06-14 14:15:00-04:00,38.32500076293945,38.595001220703125,38.290000915527344,38.5,17710,0.0,0.0,2023-06-14
1078,2023-06-14 14:20:00-04:00,38.4900016784668,38.5,38.27000045776367,38.27000045776367,3343,0.0,0.0,2023-06-14
1079,2023-06-14 14:25:00-04:00,38.310001373291016,38.41999816894531,38.119998931884766,38.20000076293945,6373,0.0,0.0,2023-06-14
1080,2023-06-14 14:30:00-04:00,38.20500183105469,38.38750076293945,38.20500183105469,38.38750076293945,2236,0.0,0.0,2023-06-14
1081,2023-06-14 14:35:00-04:00,38.29999923706055,38.4900016784668,38.290000915527344,38.44499969482422,3185,0.0,0.0,2023-06-14
1082,2023-06-14 14:40:00-04:00,38.439998626708984,38.61000061035156,38.439998626708984,38.61000061035156,2275,0.0,0.0,2023-06-14
1083,2023-06-14 14:45:00-04:00,38.59000015258789,38.59000015258789,38.474998474121094,38.474998474121094,1425,0.0,0.0,2023-06-14
1084,2023-06-14 14:50:00-04:00,38.53499984741211,38.53499984741211,38.505001068115234,38.505001068115234,1057,0.0,0.0,2023-06-14
1085,2023-06-14 14:55:00-04:00,38.56999969482422,38.665000915527344,38.56999969482422,38.619998931884766,1551,0.0,0.0,2023-06-14
1086,2023-06-14 15:00:00-04:00,38.709999084472656,38.7400016784668,38.63999938964844,38.709999084472656,3996,0.0,0.0,2023-06-14
1087,2023-06-14 15:05:00-04:00,38.720001220703125,38.779998779296875,38.720001220703125,38.75,529,0.0,0.0,2023-06-14
1088,2023-06-14 15:10:00-04:00,38.689998626708984,38.689998626708984,38.540000915527344,38.57500076293945,3056,0.0,0.0,2023-06-14
1089,2023-06-14 15:15:00-04:00,38.5,38.5,38.290000915527344,38.439998626708984,4852,0.0,0.0,2023-06-14
1090,2023-06-14 15:20:00-04:00,38.43000030517578,38.650001525878906,38.43000030517578,38.57500076293945,2166,0.0,0.0,2023-06-14
1091,2023-06-14 15:25:00-04:00,38.744998931884766,38.78499984741211,38.66999816894531,38.66999816894531,3455,0.0,0.0,2023-06-14
1092,2023-06-14 15:30:00-04:00,38.63999938964844,38.83000183105469,38.63999938964844,38.83000183105469,9411,0.0,0.0,2023-06-14
1093,2023-06-14 15:35:00-04:00,38.81999969482422,38.81999969482422,38.70000076293945,38.75,17891,0.0,0.0,2023-06-14
1094,2023-06-14 15:40:00-04:00,38.75,38.77000045776367,38.70000076293945,38.70000076293945,3003,0.0,0.0,2023-06-14
1095,2023-06-14 15:45:00-04:00,38.68000030517578,38.70000076293945,38.54999923706055,38.54999923706055,6133,0.0,0.0,2023-06-14
1096,2023-06-14 15:50:00-04:00,38.45000076293945,38.45000076293945,38.29999923706055,38.33000183105469,7121,0.0,0.0,2023-06-14
1097,2023-06-14 15:55:00-04:00,38.334999084472656,38.5099983215332,38.31999969482422,38.4900016784668,39810,0.0,0.0,2023-06-14
1098,2023-06-15 09:30:00-04:00,37.970001220703125,38.43000030517578,37.970001220703125,38.3849983215332,3005,0.0,0.0,2023-06-15
1099,2023-06-15 09:35:00-04:00,38.56999969482422,38.56999969482422,38.56999969482422,38.56999969482422,490,0.0,0.0,2023-06-15
1100,2023-06-15 09:40:00-04:00,38.79999923706055,38.79999923706055,38.279998779296875,38.459999084472656,2107,0.0,0.0,2023-06-15
1101,2023-06-15 09:45:00-04:00,38.560001373291016,38.625,38.5,38.625,621,0.0,0.0,2023-06-15
1102,2023-06-15 09:50:00-04:00,38.69499969482422,38.69499969482422,38.69499969482422,38.69499969482422,142,0.0,0.0,2023-06-15
1103,2023-06-15 09:55:00-04:00,38.84000015258789,38.84000015258789,38.52000045776367,38.52000045776367,472,0.0,0.0,2023-06-15
1104,2023-06-15 10:00:00-04:00,38.970001220703125,39.20000076293945,38.939998626708984,38.9900016784668,5728,0.0,0.0,2023-06-15
1105,2023-06-15 10:05:00-04:00,38.91999816894531,38.91999816894531,38.72999954223633,38.72999954223633,1755,0.0,0.0,2023-06-15
1106,2023-06-15 10:10:00-04:00,38.81999969482422,38.81999969482422,38.790000915527344,38.790000915527344,1248,0.0,0.0,2023-06-15
1107,2023-06-15 10:15:00-04:00,38.939998626708984,38.97999954223633,38.90999984741211,38.97999954223633,1357,0.0,0.0,2023-06-15
1108,2023-06-15 10:20:00-04:00,38.96500015258789,39.150001525878906,38.96500015258789,39.08000183105469,4559,0.0,0.0,2023-06-15
1109,2023-06-15 10:25:00-04:00,39.07500076293945,39.150001525878906,39.04499816894531,39.07500076293945,2754,0.0,0.0,2023-06-15
1110,2023-06-15 10:30:00-04:00,39.0,39.0,38.72999954223633,38.72999954223633,1125,0.0,0.0,2023-06-15
1111,2023-06-15 10:35:00-04:00,38.724998474121094,38.72999954223633,38.529998779296875,38.63999938964844,1113,0.0,0.0,2023-06-15
1112,2023-06-15 10:40:00-04:00,38.6349983215332,38.83000183105469,38.630001068115234,38.7599983215332,3175,0.0,0.0,2023-06-15
1113,2023-06-15 10:45:00-04:00,38.80500030517578,38.939998626708984,38.80500030517578,38.93000030517578,708,0.0,0.0,2023-06-15
1114,2023-06-15 10:50:00-04:00,38.849998474121094,38.849998474121094,38.779998779296875,38.779998779296875,1276,0.0,0.0,2023-06-15
1115,2023-06-15 10:55:00-04:00,38.779998779296875,38.779998779296875,38.779998779296875,38.779998779296875,383,0.0,0.0,2023-06-15
1116,2023-06-15 11:00:00-04:00,38.83000183105469,38.8650016784668,38.709999084472656,38.84000015258789,3346,0.0,0.0,2023-06-15
1117,2023-06-15 11:05:00-04:00,38.790000915527344,38.880001068115234,38.78779983520508,38.880001068115234,642,0.0,0.0,2023-06-15
1118,2023-06-15 11:10:00-04:00,38.900001525878906,39.0098991394043,38.89500045776367,38.89500045776367,2689,0.0,0.0,2023-06-15
1119,2023-06-15 11:15:00-04:00,38.970001220703125,39.04999923706055,38.96500015258789,38.96500015258789,1006,0.0,0.0,2023-06-15
1120,2023-06-15 11:20:00-04:00,39.04999923706055,39.15999984741211,39.04999923706055,39.15999984741211,1998,0.0,0.0,2023-06-15
1121,2023-06-15 11:25:00-04:00,39.10499954223633,39.15999984741211,39.10499954223633,39.15999984741211,538,0.0,0.0,2023-06-15
1122,2023-06-15 11:30:00-04:00,39.119998931884766,39.2599983215332,39.119998931884766,39.17499923706055,19033,0.0,0.0,2023-06-15
1123,2023-06-15 11:35:00-04:00,39.2599983215332,39.2599983215332,39.2599983215332,39.2599983215332,685,0.0,0.0,2023-06-15
1124,2023-06-15 11:40:00-04:00,39.290000915527344,39.310001373291016,39.290000915527344,39.310001373291016,1595,0.0,0.0,2023-06-15
1125,2023-06-15 11:45:00-04:00,39.209999084472656,39.209999084472656,39.095001220703125,39.095001220703125,1237,0.0,0.0,2023-06-15
1126,2023-06-15 11:50:00-04:00,39.029998779296875,39.04999923706055,38.93000030517578,39.049400329589844,2755,0.0,0.0,2023-06-15
1127,2023-06-15 11:55:00-04:00,39.0,39.0,38.88999938964844,38.88999938964844,736,0.0,0.0,2023-06-15
1128,2023-06-15 12:05:00-04:00,38.900001525878906,38.900001525878906,38.88999938964844,38.88999938964844,734,0.0,0.0,2023-06-15
1129,2023-06-15 12:10:00-04:00,38.8650016784668,38.8650016784668,38.779998779296875,38.779998779296875,1169,0.0,0.0,2023-06-15
1130,2023-06-15 12:15:00-04:00,38.790000915527344,38.875,38.77000045776367,38.83000183105469,3762,0.0,0.0,2023-06-15
1131,2023-06-15 12:25:00-04:00,38.84000015258789,38.84000015258789,38.779998779296875,38.79999923706055,1364,0.0,0.0,2023-06-15
1132,2023-06-15 12:30:00-04:00,38.79999923706055,38.880001068115234,38.79999923706055,38.84000015258789,3119,0.0,0.0,2023-06-15
1133,2023-06-15 12:35:00-04:00,38.900001525878906,39.0,38.900001525878906,39.0,1666,0.0,0.0,2023-06-15
1134,2023-06-15 12:45:00-04:00,39.0,39.029998779296875,39.0,39.029998779296875,626,0.0,0.0,2023-06-15
1135,2023-06-15 12:50:00-04:00,38.9900016784668,38.9900016784668,38.9900016784668,38.9900016784668,829,0.0,0.0,2023-06-15
1136,2023-06-15 12:55:00-04:00,38.95000076293945,39.02000045776367,38.935001373291016,39.0,2294,0.0,0.0,2023-06-15
1137,2023-06-15 13:00:00-04:00,39.0,39.0,39.0,39.0,307,0.0,0.0,2023-06-15
1138,2023-06-15 13:05:00-04:00,38.9900016784668,39.060001373291016,38.95000076293945,38.9900016784668,4019,0.0,0.0,2023-06-15
1139,2023-06-15 13:10:00-04:00,38.9900016784668,39.02000045776367,38.959999084472656,38.97999954223633,1409,0.0,0.0,2023-06-15
1140,2023-06-15 13:15:00-04:00,38.849998474121094,38.900001525878906,38.849998474121094,38.85499954223633,711,0.0,0.0,2023-06-15
1141,2023-06-15 13:20:00-04:00,38.880001068115234,38.880001068115234,38.84000015258789,38.875,1054,0.0,0.0,2023-06-15
1142,2023-06-15 13:25:00-04:00,38.869998931884766,38.90999984741211,38.869998931884766,38.90999984741211,4147,0.0,0.0,2023-06-15
1143,2023-06-15 13:30:00-04:00,38.95000076293945,38.95000076293945,38.91999816894531,38.91999816894531,610,0.0,0.0,2023-06-15
1144,2023-06-15 13:35:00-04:00,38.95000076293945,38.95000076293945,38.95000076293945,38.95000076293945,234,0.0,0.0,2023-06-15
1145,2023-06-15 13:40:00-04:00,38.959999084472656,39.09749984741211,38.95000076293945,39.09749984741211,1365,0.0,0.0,2023-06-15
1146,2023-06-15 13:45:00-04:00,39.130001068115234,39.130001068115234,39.130001068115234,39.130001068115234,429,0.0,0.0,2023-06-15
1147,2023-06-15 13:50:00-04:00,39.20000076293945,39.20000076293945,39.130001068115234,39.150001525878906,1075,0.0,0.0,2023-06-15
1148,2023-06-15 14:05:00-04:00,39.150001525878906,39.310001373291016,39.150001525878906,39.189998626708984,5686,0.0,0.0,2023-06-15
1149,2023-06-15 14:10:00-04:00,39.220001220703125,39.31999969482422,39.220001220703125,39.31999969482422,2223,0.0,0.0,2023-06-15
1150,2023-06-15 14:15:00-04:00,39.189998626708984,39.310001373291016,39.189998626708984,39.2400016784668,2838,0.0,0.0,2023-06-15
1151,2023-06-15 14:20:00-04:00,39.279998779296875,39.290000915527344,39.25,39.25,949,0.0,0.0,2023-06-15
1152,2023-06-15 14:25:00-04:00,39.25,39.279998779296875,39.2400016784668,39.279998779296875,1669,0.0,0.0,2023-06-15
1153,2023-06-15 14:30:00-04:00,39.29999923706055,39.38999938964844,39.29999923706055,39.38999938964844,3582,0.0,0.0,2023-06-15
1154,2023-06-15 14:35:00-04:00,39.312198638916016,39.312198638916016,39.312198638916016,39.312198638916016,385,0.0,0.0,2023-06-15
1155,2023-06-15 14:40:00-04:00,39.34000015258789,39.36000061035156,39.27000045776367,39.27000045776367,1330,0.0,0.0,2023-06-15
1156,2023-06-15 14:45:00-04:00,39.255001068115234,39.290000915527344,39.2400016784668,39.290000915527344,1948,0.0,0.0,2023-06-15
1157,2023-06-15 14:50:00-04:00,39.32500076293945,39.32500076293945,39.32500076293945,39.32500076293945,917,0.0,0.0,2023-06-15
1158,2023-06-15 14:55:00-04:00,39.38999938964844,39.56999969482422,39.38999938964844,39.529998779296875,8968,0.0,0.0,2023-06-15
1159,2023-06-15 15:00:00-04:00,39.41999816894531,39.470001220703125,39.349998474121094,39.470001220703125,4896,0.0,0.0,2023-06-15
1160,2023-06-15 15:05:00-04:00,39.4900016784668,39.52000045776367,39.45500183105469,39.45500183105469,1031,0.0,0.0,2023-06-15
1161,2023-06-15 15:10:00-04:00,39.38999938964844,39.38999938964844,39.38999938964844,39.38999938964844,269,0.0,0.0,2023-06-15
1162,2023-06-15 15:15:00-04:00,39.52000045776367,39.59000015258789,39.52000045776367,39.59000015258789,3157,0.0,0.0,2023-06-15
1163,2023-06-15 15:20:00-04:00,39.45000076293945,39.45000076293945,39.380001068115234,39.380001068115234,857,0.0,0.0,2023-06-15
1164,2023-06-15 15:25:00-04:00,39.380001068115234,39.41999816894531,39.380001068115234,39.41999816894531,3364,0.0,0.0,2023-06-15
1165,2023-06-15 15:30:00-04:00,39.470001220703125,39.52000045776367,39.470001220703125,39.52000045776367,1955,0.0,0.0,2023-06-15
1166,2023-06-15 15:35:00-04:00,39.52000045776367,39.584999084472656,39.52000045776367,39.54999923706055,3420,0.0,0.0,2023-06-15
1167,2023-06-15 15:40:00-04:00,39.599998474121094,39.70000076293945,39.599998474121094,39.685001373291016,1878,0.0,0.0,2023-06-15
1168,2023-06-15 15:45:00-04:00,39.68000030517578,39.72999954223633,39.48400115966797,39.619998931884766,6492,0.0,0.0,2023-06-15
1169,2023-06-15 15:50:00-04:00,39.650001525878906,39.650001525878906,39.45000076293945,39.5099983215332,6739,0.0,0.0,2023-06-15
1170,2023-06-15 15:55:00-04:00,39.47999954223633,39.4900016784668,39.189998626708984,39.380001068115234,26271,0.0,0.0,2023-06-15
1171,2023-06-16 09:30:00-04:00,39.68000030517578,39.68000030517578,39.599998474121094,39.650001525878906,49343,0.0,0.0,2023-06-16
1172,2023-06-16 09:35:00-04:00,39.599998474121094,39.599998474121094,39.20500183105469,39.20500183105469,567,0.0,0.0,2023-06-16
1173,2023-06-16 09:40:00-04:00,39.209999084472656,39.209999084472656,38.86249923706055,38.86249923706055,1506,0.0,0.0,2023-06-16
1174,2023-06-16 09:45:00-04:00,38.80500030517578,38.900001525878906,38.72999954223633,38.869998931884766,1054,0.0,0.0,2023-06-16
1175,2023-06-16 09:50:00-04:00,39.02000045776367,39.108699798583984,38.790000915527344,38.869998931884766,5315,0.0,0.0,2023-06-16
1176,2023-06-16 09:55:00-04:00,38.86000061035156,38.86000061035156,38.86000061035156,38.86000061035156,440,0.0,0.0,2023-06-16
1177,2023-06-16 10:00:00-04:00,38.83000183105469,38.84000015258789,38.689998626708984,38.689998626708984,946,0.0,0.0,2023-06-16
1178,2023-06-16 10:05:00-04:00,38.95000076293945,39.0,38.95000076293945,38.95000076293945,1012,0.0,0.0,2023-06-16
1179,2023-06-16 10:10:00-04:00,38.880001068115234,38.880001068115234,38.880001068115234,38.880001068115234,988,0.0,0.0,2023-06-16
1180,2023-06-16 10:20:00-04:00,38.599998474121094,38.66999816894531,38.599998474121094,38.66999816894531,787,0.0,0.0,2023-06-16
1181,2023-06-16 10:25:00-04:00,38.64500045776367,38.64500045776367,38.64500045776367,38.64500045776367,405,0.0,0.0,2023-06-16
1182,2023-06-16 10:30:00-04:00,38.459999084472656,38.459999084472656,38.459999084472656,38.459999084472656,617,0.0,0.0,2023-06-16
1183,2023-06-16 10:40:00-04:00,38.290000915527344,38.290000915527344,38.15999984741211,38.15999984741211,528,0.0,0.0,2023-06-16
1184,2023-06-16 10:45:00-04:00,38.209999084472656,38.349998474121094,38.209999084472656,38.2599983215332,2588,0.0,0.0,2023-06-16
1185,2023-06-16 10:50:00-04:00,38.34000015258789,38.43000030517578,38.34000015258789,38.43000030517578,1769,0.0,0.0,2023-06-16
1186,2023-06-16 10:55:00-04:00,38.41999816894531,38.459999084472656,38.38999938964844,38.439998626708984,1374,0.0,0.0,2023-06-16
1187,2023-06-16 11:00:00-04:00,38.220001220703125,38.220001220703125,37.98500061035156,37.98500061035156,765,0.0,0.0,2023-06-16
1188,2023-06-16 11:05:00-04:00,38.099998474121094,38.099998474121094,38.099998474121094,38.099998474121094,601,0.0,0.0,2023-06-16
1189,2023-06-16 11:10:00-04:00,38.18709945678711,38.40999984741211,38.165000915527344,38.34000015258789,3626,0.0,0.0,2023-06-16
1190,2023-06-16 11:15:00-04:00,38.20000076293945,38.345001220703125,38.20000076293945,38.32500076293945,3063,0.0,0.0,2023-06-16
1191,2023-06-16 11:20:00-04:00,38.32500076293945,38.54999923706055,38.32500076293945,38.54999923706055,2388,0.0,0.0,2023-06-16
1192,2023-06-16 11:25:00-04:00,38.65999984741211,38.65999984741211,38.4900016784668,38.5,5244,0.0,0.0,2023-06-16
1193,2023-06-16 11:30:00-04:00,38.650001525878906,38.77320098876953,38.619998931884766,38.77320098876953,4540,0.0,0.0,2023-06-16
1194,2023-06-16 11:35:00-04:00,38.76499938964844,38.76499938964844,38.63999938964844,38.63999938964844,1431,0.0,0.0,2023-06-16
1195,2023-06-16 11:45:00-04:00,38.630001068115234,38.630001068115234,38.52000045776367,38.52000045776367,462,0.0,0.0,2023-06-16
1196,2023-06-16 11:50:00-04:00,38.4900016784668,38.4900016784668,38.4900016784668,38.4900016784668,887,0.0,0.0,2023-06-16
1197,2023-06-16 11:55:00-04:00,38.474998474121094,38.474998474121094,38.474998474121094,38.474998474121094,497,0.0,0.0,2023-06-16
1198,2023-06-16 12:00:00-04:00,38.56999969482422,38.619998931884766,38.557498931884766,38.557498931884766,1343,0.0,0.0,2023-06-16
1199,2023-06-16 12:15:00-04:00,38.59000015258789,38.619998931884766,38.59000015258789,38.619998931884766,399,0.0,0.0,2023-06-16
1200,2023-06-16 12:20:00-04:00,38.619998931884766,38.619998931884766,38.619998931884766,38.619998931884766,186,0.0,0.0,2023-06-16
1201,2023-06-16 12:25:00-04:00,38.68000030517578,38.68000030517578,38.59000015258789,38.59000015258789,1144,0.0,0.0,2023-06-16
1202,2023-06-16 12:30:00-04:00,38.59000015258789,38.59000015258789,38.59000015258789,38.59000015258789,456,0.0,0.0,2023-06-16
1203,2023-06-16 12:40:00-04:00,38.59619903564453,38.689998626708984,38.59619903564453,38.689998626708984,968,0.0,0.0,2023-06-16
1204,2023-06-16 12:50:00-04:00,38.70000076293945,38.720001220703125,38.70000076293945,38.720001220703125,265,0.0,0.0,2023-06-16
1205,2023-06-16 12:55:00-04:00,38.709999084472656,38.709999084472656,38.709999084472656,38.709999084472656,604,0.0,0.0,2023-06-16
1206,2023-06-16 13:00:00-04:00,38.560001373291016,38.68000030517578,38.560001373291016,38.630001068115234,1504,0.0,0.0,2023-06-16
1207,2023-06-16 13:05:00-04:00,38.61000061035156,38.61000061035156,38.54999923706055,38.599998474121094,539,0.0,0.0,2023-06-16
1208,2023-06-16 13:15:00-04:00,38.54999923706055,38.57500076293945,38.540000915527344,38.54999923706055,1584,0.0,0.0,2023-06-16
1209,2023-06-16 13:30:00-04:00,38.43000030517578,38.43000030517578,38.34000015258789,38.34000015258789,420,0.0,0.0,2023-06-16
1210,2023-06-16 13:35:00-04:00,38.36000061035156,38.36000061035156,38.36000061035156,38.36000061035156,261,0.0,0.0,2023-06-16
1211,2023-06-16 13:40:00-04:00,38.369998931884766,38.369998931884766,38.349998474121094,38.369998931884766,1466,0.0,0.0,2023-06-16
1212,2023-06-16 13:55:00-04:00,38.3650016784668,38.375,38.3650016784668,38.375,328,0.0,0.0,2023-06-16
1213,2023-06-16 14:00:00-04:00,38.369998931884766,38.369998931884766,38.369998931884766,38.369998931884766,533,0.0,0.0,2023-06-16
1214,2023-06-16 14:10:00-04:00,38.36000061035156,38.36000061035156,38.36000061035156,38.36000061035156,523,0.0,0.0,2023-06-16
1215,2023-06-16 14:15:00-04:00,38.43000030517578,38.5,38.43000030517578,38.5,1289,0.0,0.0,2023-06-16
1216,2023-06-16 14:30:00-04:00,38.45000076293945,38.45000076293945,38.45000076293945,38.45000076293945,712,0.0,0.0,2023-06-16
1217,2023-06-16 14:35:00-04:00,38.47999954223633,38.540000915527344,38.47999954223633,38.53739929199219,1404,0.0,0.0,2023-06-16
1218,2023-06-16 14:40:00-04:00,38.54999923706055,38.54999923706055,38.5099983215332,38.5099983215332,752,0.0,0.0,2023-06-16
1219,2023-06-16 14:50:00-04:00,38.540000915527344,38.54999923706055,38.52069854736328,38.52069854736328,1454,0.0,0.0,2023-06-16
1220,2023-06-16 14:55:00-04:00,38.560001373291016,38.59000015258789,38.560001373291016,38.59000015258789,1482,0.0,0.0,2023-06-16
1221,2023-06-16 15:00:00-04:00,38.650001525878906,38.650001525878906,38.650001525878906,38.650001525878906,704,0.0,0.0,2023-06-16
1222,2023-06-16 15:05:00-04:00,38.61000061035156,38.61000061035156,38.4900016784668,38.4900016784668,1306,0.0,0.0,2023-06-16
1223,2023-06-16 15:10:00-04:00,38.43000030517578,38.5,38.43000030517578,38.5,1488,0.0,0.0,2023-06-16
1224,2023-06-16 15:15:00-04:00,38.45000076293945,38.45000076293945,38.45000076293945,38.45000076293945,571,0.0,0.0,2023-06-16
1225,2023-06-16 15:20:00-04:00,38.5,38.52000045776367,38.47999954223633,38.52000045776367,2153,0.0,0.0,2023-06-16
1226,2023-06-16 15:25:00-04:00,38.459999084472656,38.459999084472656,38.459999084472656,38.459999084472656,1213,0.0,0.0,2023-06-16
1227,2023-06-16 15:35:00-04:00,38.52000045776367,38.540000915527344,38.52000045776367,38.52000045776367,1153,0.0,0.0,2023-06-16
1228,2023-06-16 15:40:00-04:00,38.5,38.525001525878906,38.5,38.525001525878906,2195,0.0,0.0,2023-06-16
1229,2023-06-16 15:45:00-04:00,38.560001373291016,38.790000915527344,38.52000045776367,38.775001525878906,13538,0.0,0.0,2023-06-16
1230,2023-06-16 15:50:00-04:00,38.939998626708984,39.21500015258789,38.83000183105469,38.900001525878906,31333,0.0,0.0,2023-06-16
1231,2023-06-16 15:55:00-04:00,38.86000061035156,38.93000030517578,38.773399353027344,38.779998779296875,28090,0.0,0.0,2023-06-16
1232,2023-06-20 09:30:00-04:00,38.380001068115234,38.380001068115234,37.83000183105469,37.83000183105469,3676,0.0,0.0,2023-06-20
1233,2023-06-20 09:35:00-04:00,38.29999923706055,38.45000076293945,38.275699615478516,38.275699615478516,625,0.0,0.0,2023-06-20
1234,2023-06-20 09:40:00-04:00,37.91999816894531,38.060001373291016,37.7599983215332,38.060001373291016,1853,0.0,0.0,2023-06-20
1235,2023-06-20 09:50:00-04:00,37.939998626708984,38.209999084472656,37.939998626708984,38.119998931884766,1572,0.0,0.0,2023-06-20
1236,2023-06-20 10:00:00-04:00,38.15999984741211,38.189998626708984,38.08000183105469,38.08000183105469,1802,0.0,0.0,2023-06-20
1237,2023-06-20 10:05:00-04:00,38.06999969482422,38.13999938964844,38.04999923706055,38.04999923706055,2511,0.0,0.0,2023-06-20
1238,2023-06-20 10:10:00-04:00,37.9900016784668,37.9900016784668,37.95000076293945,37.959999084472656,931,0.0,0.0,2023-06-20
1239,2023-06-20 10:15:00-04:00,37.84000015258789,37.84000015258789,37.59000015258789,37.61000061035156,1479,0.0,0.0,2023-06-20
1240,2023-06-20 10:20:00-04:00,37.70000076293945,37.70000076293945,37.650001525878906,37.650001525878906,1080,0.0,0.0,2023-06-20
1241,2023-06-20 10:25:00-04:00,37.459999084472656,37.459999084472656,37.459999084472656,37.459999084472656,407,0.0,0.0,2023-06-20
1242,2023-06-20 10:30:00-04:00,37.4900016784668,37.540000915527344,37.45000076293945,37.540000915527344,2591,0.0,0.0,2023-06-20
1243,2023-06-20 10:35:00-04:00,37.54999923706055,37.75,37.54999923706055,37.7400016784668,3036,0.0,0.0,2023-06-20
1244,2023-06-20 10:40:00-04:00,37.689998626708984,37.689998626708984,37.650001525878906,37.650001525878906,809,0.0,0.0,2023-06-20
1245,2023-06-20 10:45:00-04:00,37.68000030517578,37.682701110839844,37.6349983215332,37.665000915527344,981,0.0,0.0,2023-06-20
1246,2023-06-20 10:50:00-04:00,37.560001373291016,37.685001373291016,37.560001373291016,37.685001373291016,1094,0.0,0.0,2023-06-20
1247,2023-06-20 10:55:00-04:00,37.70000076293945,37.880001068115234,37.69499969482422,37.810001373291016,2581,0.0,0.0,2023-06-20
1248,2023-06-20 11:00:00-04:00,37.939998626708984,38.029998779296875,37.939998626708984,38.02000045776367,1103,0.0,0.0,2023-06-20
1249,2023-06-20 11:05:00-04:00,37.880001068115234,38.02000045776367,37.79999923706055,38.02000045776367,1978,0.0,0.0,2023-06-20
1250,2023-06-20 11:15:00-04:00,37.869998931884766,37.869998931884766,37.810001373291016,37.810001373291016,1031,0.0,0.0,2023-06-20
1251,2023-06-20 11:20:00-04:00,37.7400016784668,37.77000045776367,37.7400016784668,37.77000045776367,287,0.0,0.0,2023-06-20
1252,2023-06-20 11:25:00-04:00,37.7400016784668,37.7400016784668,37.720001220703125,37.720001220703125,759,0.0,0.0,2023-06-20
1253,2023-06-20 11:30:00-04:00,37.68000030517578,37.81999969482422,37.68000030517578,37.81999969482422,2168,0.0,0.0,2023-06-20
1254,2023-06-20 11:35:00-04:00,37.810001373291016,37.93000030517578,37.810001373291016,37.93000030517578,1147,0.0,0.0,2023-06-20
1255,2023-06-20 11:40:00-04:00,37.939998626708984,37.939998626708984,37.81999969482422,37.81999969482422,791,0.0,0.0,2023-06-20
1256,2023-06-20 11:45:00-04:00,37.77000045776367,37.86000061035156,37.77000045776367,37.86000061035156,1642,0.0,0.0,2023-06-20
1257,2023-06-20 11:50:00-04:00,37.779998779296875,37.849998474121094,37.7599983215332,37.849998474121094,2401,0.0,0.0,2023-06-20
1258,2023-06-20 11:55:00-04:00,37.97999954223633,38.047698974609375,37.95500183105469,37.95500183105469,1368,0.0,0.0,2023-06-20
1259,2023-06-20 12:00:00-04:00,37.8849983215332,37.90999984741211,37.8849983215332,37.90999984741211,1467,0.0,0.0,2023-06-20
1260,2023-06-20 12:05:00-04:00,37.900001525878906,37.91999816894531,37.900001525878906,37.91999816894531,559,0.0,0.0,2023-06-20
1261,2023-06-20 12:10:00-04:00,37.97999954223633,37.97999954223633,37.970001220703125,37.970001220703125,990,0.0,0.0,2023-06-20
1262,2023-06-20 12:15:00-04:00,37.96500015258789,38.0,37.900001525878906,38.0,2954,0.0,0.0,2023-06-20
1263,2023-06-20 12:25:00-04:00,38.13999938964844,38.16999816894531,38.119998931884766,38.16999816894531,1102,0.0,0.0,2023-06-20
1264,2023-06-20 12:30:00-04:00,38.0099983215332,38.0099983215332,37.91999816894531,37.939998626708984,1398,0.0,0.0,2023-06-20
1265,2023-06-20 12:35:00-04:00,38.02000045776367,38.09000015258789,38.02000045776367,38.09000015258789,1040,0.0,0.0,2023-06-20
1266,2023-06-20 12:40:00-04:00,38.084999084472656,38.09000015258789,38.084999084472656,38.09000015258789,244,0.0,0.0,2023-06-20
1267,2023-06-20 12:45:00-04:00,38.040000915527344,38.06999969482422,38.040000915527344,38.06999969482422,712,0.0,0.0,2023-06-20
1268,2023-06-20 12:50:00-04:00,38.04999923706055,38.04999923706055,38.0,38.0,399,0.0,0.0,2023-06-20
1269,2023-06-20 12:55:00-04:00,38.06999969482422,38.13999938964844,38.029998779296875,38.13999938964844,2373,0.0,0.0,2023-06-20
1270,2023-06-20 13:00:00-04:00,38.2599983215332,38.2599983215332,38.2599983215332,38.2599983215332,704,0.0,0.0,2023-06-20
1271,2023-06-20 13:05:00-04:00,38.150001525878906,38.154998779296875,38.130001068115234,38.154998779296875,1396,0.0,0.0,2023-06-20
1272,2023-06-20 13:15:00-04:00,38.1349983215332,38.16999816894531,38.1349983215332,38.16999816894531,1442,0.0,0.0,2023-06-20
1273,2023-06-20 13:20:00-04:00,38.220001220703125,38.220001220703125,38.220001220703125,38.220001220703125,1283,0.0,0.0,2023-06-20
1274,2023-06-20 13:25:00-04:00,38.20000076293945,38.209999084472656,38.16999816894531,38.185001373291016,1821,0.0,0.0,2023-06-20
1275,2023-06-20 13:30:00-04:00,38.150001525878906,38.15999984741211,38.11000061035156,38.11000061035156,2096,0.0,0.0,2023-06-20
1276,2023-06-20 13:40:00-04:00,38.099998474121094,38.11000061035156,38.099998474121094,38.11000061035156,1008,0.0,0.0,2023-06-20
1277,2023-06-20 13:45:00-04:00,38.119998931884766,38.130001068115234,38.09000015258789,38.1150016784668,6521,0.0,0.0,2023-06-20
1278,2023-06-20 13:50:00-04:00,38.1150016784668,38.1150016784668,38.09000015258789,38.09000015258789,1294,0.0,0.0,2023-06-20
1279,2023-06-20 13:55:00-04:00,38.06999969482422,38.06999969482422,38.0099983215332,38.0099983215332,1202,0.0,0.0,2023-06-20
1280,2023-06-20 14:00:00-04:00,37.97999954223633,37.97999954223633,37.92499923706055,37.92499923706055,250,0.0,0.0,2023-06-20
1281,2023-06-20 14:05:00-04:00,37.95000076293945,37.9900016784668,37.93000030517578,37.95249938964844,2249,0.0,0.0,2023-06-20
1282,2023-06-20 14:10:00-04:00,37.9900016784668,38.0099983215332,37.9900016784668,38.0099983215332,1681,0.0,0.0,2023-06-20
1283,2023-06-20 14:15:00-04:00,38.040000915527344,38.040000915527344,38.0,38.005001068115234,1783,0.0,0.0,2023-06-20
1284,2023-06-20 14:20:00-04:00,38.0099983215332,38.040000915527344,38.0099983215332,38.040000915527344,805,0.0,0.0,2023-06-20
1285,2023-06-20 14:25:00-04:00,38.025001525878906,38.04999923706055,37.994998931884766,37.994998931884766,512,0.0,0.0,2023-06-20
1286,2023-06-20 14:30:00-04:00,37.970001220703125,37.970001220703125,37.91999816894531,37.91999816894531,1758,0.0,0.0,2023-06-20
1287,2023-06-20 14:35:00-04:00,37.79499816894531,37.79499816894531,37.70000076293945,37.78929901123047,4164,0.0,0.0,2023-06-20
1288,2023-06-20 14:40:00-04:00,37.83000183105469,37.83000183105469,37.70000076293945,37.70000076293945,1312,0.0,0.0,2023-06-20
1289,2023-06-20 14:45:00-04:00,37.70000076293945,37.70000076293945,37.349998474121094,37.540000915527344,24787,0.0,0.0,2023-06-20
1290,2023-06-20 14:50:00-04:00,37.599998474121094,37.70000076293945,37.599998474121094,37.70000076293945,1533,0.0,0.0,2023-06-20
1291,2023-06-20 14:55:00-04:00,37.724998474121094,37.72999954223633,37.68000030517578,37.720001220703125,1606,0.0,0.0,2023-06-20
1292,2023-06-20 15:00:00-04:00,37.77000045776367,37.78499984741211,37.72999954223633,37.7599983215332,1666,0.0,0.0,2023-06-20
1293,2023-06-20 15:05:00-04:00,37.7400016784668,37.7400016784668,37.7400016784668,37.7400016784668,467,0.0,0.0,2023-06-20
1294,2023-06-20 15:10:00-04:00,37.77000045776367,37.79999923706055,37.7400016784668,37.79999923706055,1925,0.0,0.0,2023-06-20
1295,2023-06-20 15:15:00-04:00,37.82500076293945,37.83000183105469,37.79999923706055,37.83000183105469,1692,0.0,0.0,2023-06-20
1296,2023-06-20 15:20:00-04:00,37.880001068115234,37.880001068115234,37.81999969482422,37.849998474121094,1572,0.0,0.0,2023-06-20
1297,2023-06-20 15:25:00-04:00,37.880001068115234,37.880001068115234,37.83000183105469,37.84000015258789,2646,0.0,0.0,2023-06-20
1298,2023-06-20 15:30:00-04:00,37.869998931884766,37.869998931884766,37.869998931884766,37.869998931884766,1424,0.0,0.0,2023-06-20
1299,2023-06-20 15:35:00-04:00,37.83000183105469,37.85499954223633,37.83000183105469,37.85499954223633,1449,0.0,0.0,2023-06-20
1300,2023-06-20 15:40:00-04:00,37.84000015258789,37.869998931884766,37.779998779296875,37.869998931884766,4906,0.0,0.0,2023-06-20
1301,2023-06-20 15:45:00-04:00,37.869998931884766,37.915000915527344,37.849998474121094,37.849998474121094,2563,0.0,0.0,2023-06-20
1302,2023-06-20 15:50:00-04:00,37.86000061035156,37.915000915527344,37.70000076293945,37.70000076293945,7988,0.0,0.0,2023-06-20
1303,2023-06-20 15:55:00-04:00,37.779998779296875,37.779998779296875,37.689998626708984,37.689998626708984,19367,0.0,0.0,2023-06-20
1304,2023-06-21 09:30:00-04:00,37.369998931884766,37.369998931884766,36.900001525878906,36.900001525878906,3253,0.0,0.0,2023-06-21
1305,2023-06-21 09:35:00-04:00,37.029998779296875,37.099998474121094,36.915000915527344,36.97999954223633,2694,0.0,0.0,2023-06-21
1306,2023-06-21 09:40:00-04:00,36.900001525878906,36.900001525878906,36.70000076293945,36.70000076293945,1804,0.0,0.0,2023-06-21
1307,2023-06-21 09:45:00-04:00,36.8650016784668,37.119998931884766,36.77000045776367,36.97999954223633,2028,0.0,0.0,2023-06-21
1308,2023-06-21 09:50:00-04:00,37.06999969482422,37.119998931884766,36.96500015258789,36.96500015258789,3411,0.0,0.0,2023-06-21
1309,2023-06-21 09:55:00-04:00,37.09000015258789,37.099998474121094,36.900001525878906,36.900001525878906,1246,0.0,0.0,2023-06-21
1310,2023-06-21 10:00:00-04:00,36.939998626708984,36.939998626708984,36.900001525878906,36.900001525878906,2004,0.0,0.0,2023-06-21
1311,2023-06-21 10:05:00-04:00,36.88999938964844,36.90999984741211,36.7599983215332,36.7599983215332,2120,0.0,0.0,2023-06-21
1312,2023-06-21 10:10:00-04:00,36.81999969482422,36.86000061035156,36.689998626708984,36.849998474121094,5511,0.0,0.0,2023-06-21
1313,2023-06-21 10:15:00-04:00,36.88999938964844,36.994998931884766,36.84000015258789,36.86000061035156,2970,0.0,0.0,2023-06-21
1314,2023-06-21 10:20:00-04:00,36.95000076293945,36.95000076293945,36.91999816894531,36.91999816894531,1078,0.0,0.0,2023-06-21
1315,2023-06-21 10:25:00-04:00,36.869998931884766,36.869998931884766,36.72999954223633,36.869998931884766,4869,0.0,0.0,2023-06-21
1316,2023-06-21 10:30:00-04:00,36.869998931884766,36.869998931884766,36.79999923706055,36.79999923706055,861,0.0,0.0,2023-06-21
1317,2023-06-21 10:35:00-04:00,36.81999969482422,36.88999938964844,36.790000915527344,36.88999938964844,2453,0.0,0.0,2023-06-21
1318,2023-06-21 10:40:00-04:00,36.91999816894531,36.91999816894531,36.7400016784668,36.7400016784668,1298,0.0,0.0,2023-06-21
1319,2023-06-21 10:45:00-04:00,36.720001220703125,36.720001220703125,36.68000030517578,36.68000030517578,685,0.0,0.0,2023-06-21
1320,2023-06-21 10:50:00-04:00,36.61000061035156,36.630001068115234,36.4900016784668,36.630001068115234,4896,0.0,0.0,2023-06-21
1321,2023-06-21 10:55:00-04:00,36.7599983215332,36.7599983215332,36.689998626708984,36.72999954223633,1025,0.0,0.0,2023-06-21
1322,2023-06-21 11:00:00-04:00,36.900001525878906,36.900001525878906,36.81999969482422,36.85499954223633,2265,0.0,0.0,2023-06-21
1323,2023-06-21 11:05:00-04:00,36.83000183105469,36.939998626708984,36.7400016784668,36.93000030517578,4127,0.0,0.0,2023-06-21
1324,2023-06-21 11:10:00-04:00,36.97999954223633,36.97999954223633,36.93000030517578,36.939998626708984,1586,0.0,0.0,2023-06-21
1325,2023-06-21 11:15:00-04:00,36.970001220703125,36.983001708984375,36.94499969482422,36.983001708984375,2012,0.0,0.0,2023-06-21
1326,2023-06-21 11:20:00-04:00,36.88999938964844,36.959999084472656,36.84000015258789,36.93000030517578,2493,0.0,0.0,2023-06-21
1327,2023-06-21 11:25:00-04:00,36.970001220703125,37.04999923706055,36.970001220703125,37.04999923706055,765,0.0,0.0,2023-06-21
1328,2023-06-21 11:30:00-04:00,37.04999923706055,37.04999923706055,36.900001525878906,36.959999084472656,2032,0.0,0.0,2023-06-21
1329,2023-06-21 11:35:00-04:00,36.96500015258789,37.02000045776367,36.959999084472656,37.01499938964844,2829,0.0,0.0,2023-06-21
1330,2023-06-21 11:40:00-04:00,37.02000045776367,37.040000915527344,37.0,37.0,642,0.0,0.0,2023-06-21
1331,2023-06-21 11:45:00-04:00,37.01499938964844,37.02000045776367,36.970001220703125,36.994998931884766,1157,0.0,0.0,2023-06-21
1332,2023-06-21 11:50:00-04:00,37.0099983215332,37.08000183105469,37.0099983215332,37.08000183105469,1726,0.0,0.0,2023-06-21
1333,2023-06-21 11:55:00-04:00,37.09000015258789,37.09000015258789,37.060001373291016,37.060001373291016,1062,0.0,0.0,2023-06-21
1334,2023-06-21 12:00:00-04:00,37.08000183105469,37.08000183105469,37.06999969482422,37.06999969482422,1247,0.0,0.0,2023-06-21
1335,2023-06-21 12:05:00-04:00,37.060001373291016,37.060001373291016,37.060001373291016,37.060001373291016,448,0.0,0.0,2023-06-21
1336,2023-06-21 12:10:00-04:00,37.06999969482422,37.06999969482422,37.029998779296875,37.029998779296875,1241,0.0,0.0,2023-06-21
1337,2023-06-21 12:15:00-04:00,36.970001220703125,37.16999816894531,36.970001220703125,37.165000915527344,5347,0.0,0.0,2023-06-21
1338,2023-06-21 12:20:00-04:00,37.119998931884766,37.119998931884766,37.11000061035156,37.11000061035156,429,0.0,0.0,2023-06-21
1339,2023-06-21 12:25:00-04:00,37.08000183105469,37.16999816894531,37.08000183105469,37.15999984741211,2215,0.0,0.0,2023-06-21
1340,2023-06-21 12:30:00-04:00,37.2400016784668,37.2400016784668,37.20000076293945,37.20000076293945,961,0.0,0.0,2023-06-21
1341,2023-06-21 12:35:00-04:00,37.18000030517578,37.18000030517578,37.09000015258789,37.099998474121094,589,0.0,0.0,2023-06-21
1342,2023-06-21 12:40:00-04:00,37.08000183105469,37.084999084472656,37.0,37.0099983215332,1799,0.0,0.0,2023-06-21
1343,2023-06-21 12:45:00-04:00,37.0,37.0,36.849998474121094,36.849998474121094,2350,0.0,0.0,2023-06-21
1344,2023-06-21 12:50:00-04:00,36.84000015258789,36.91999816894531,36.84000015258789,36.8849983215332,1403,0.0,0.0,2023-06-21
1345,2023-06-21 12:55:00-04:00,36.880001068115234,36.880001068115234,36.810001373291016,36.880001068115234,2092,0.0,0.0,2023-06-21
1346,2023-06-21 13:05:00-04:00,36.810001373291016,36.810001373291016,36.79999923706055,36.79999923706055,314,0.0,0.0,2023-06-21
1347,2023-06-21 13:10:00-04:00,36.81999969482422,36.81999969482422,36.81999969482422,36.81999969482422,530,0.0,0.0,2023-06-21
1348,2023-06-21 13:15:00-04:00,36.775001525878906,36.775001525878906,36.775001525878906,36.775001525878906,644,0.0,0.0,2023-06-21
1349,2023-06-21 13:20:00-04:00,36.77000045776367,36.779998779296875,36.75,36.7599983215332,2471,0.0,0.0,2023-06-21
1350,2023-06-21 13:25:00-04:00,36.779998779296875,36.83000183105469,36.779998779296875,36.83000183105469,1916,0.0,0.0,2023-06-21
1351,2023-06-21 13:30:00-04:00,36.869998931884766,36.88999938964844,36.849998474121094,36.88999938964844,462,0.0,0.0,2023-06-21
1352,2023-06-21 13:35:00-04:00,36.86000061035156,36.900001525878906,36.86000061035156,36.900001525878906,1708,0.0,0.0,2023-06-21
1353,2023-06-21 13:40:00-04:00,36.90999984741211,36.93000030517578,36.880001068115234,36.8849983215332,1978,0.0,0.0,2023-06-21
1354,2023-06-21 13:45:00-04:00,36.900001525878906,36.91999816894531,36.900001525878906,36.91999816894531,355,0.0,0.0,2023-06-21
1355,2023-06-21 13:50:00-04:00,36.939998626708984,36.939998626708984,36.81999969482422,36.849998474121094,1490,0.0,0.0,2023-06-21
1356,2023-06-21 13:55:00-04:00,36.875,36.880001068115234,36.85499954223633,36.85499954223633,1581,0.0,0.0,2023-06-21
1357,2023-06-21 14:00:00-04:00,36.880001068115234,36.93000030517578,36.880001068115234,36.93000030517578,1720,0.0,0.0,2023-06-21
1358,2023-06-21 14:05:00-04:00,36.95000076293945,36.959999084472656,36.939998626708984,36.959999084472656,615,0.0,0.0,2023-06-21
1359,2023-06-21 14:10:00-04:00,37.005001068115234,37.005001068115234,36.869998931884766,36.869998931884766,1505,0.0,0.0,2023-06-21
1360,2023-06-21 14:15:00-04:00,36.900001525878906,36.93000030517578,36.880001068115234,36.90999984741211,2519,0.0,0.0,2023-06-21
1361,2023-06-21 14:20:00-04:00,36.95000076293945,36.95500183105469,36.95000076293945,36.95500183105469,1117,0.0,0.0,2023-06-21
1362,2023-06-21 14:25:00-04:00,36.95000076293945,36.970001220703125,36.95000076293945,36.970001220703125,1461,0.0,0.0,2023-06-21
1363,2023-06-21 14:30:00-04:00,36.97999954223633,36.97999954223633,36.959999084472656,36.970001220703125,2517,0.0,0.0,2023-06-21
1364,2023-06-21 14:35:00-04:00,36.970001220703125,37.0,36.970001220703125,37.0,1100,0.0,0.0,2023-06-21
1365,2023-06-21 14:40:00-04:00,36.994998931884766,36.994998931884766,36.959999084472656,36.974998474121094,682,0.0,0.0,2023-06-21
1366,2023-06-21 14:45:00-04:00,36.96500015258789,36.96500015258789,36.91999816894531,36.91999816894531,1812,0.0,0.0,2023-06-21
1367,2023-06-21 14:50:00-04:00,36.939998626708984,36.959999084472656,36.935001373291016,36.95500183105469,1748,0.0,0.0,2023-06-21
1368,2023-06-21 14:55:00-04:00,36.95000076293945,36.95000076293945,36.880001068115234,36.880001068115234,2128,0.0,0.0,2023-06-21
1369,2023-06-21 15:00:00-04:00,36.88999938964844,36.88999938964844,36.77000045776367,36.77000045776367,2684,0.0,0.0,2023-06-21
1370,2023-06-21 15:05:00-04:00,36.79999923706055,36.80500030517578,36.744998931884766,36.744998931884766,1834,0.0,0.0,2023-06-21
1371,2023-06-21 15:10:00-04:00,36.742000579833984,36.76499938964844,36.742000579833984,36.755001068115234,2437,0.0,0.0,2023-06-21
1372,2023-06-21 15:15:00-04:00,36.77000045776367,36.779998779296875,36.7400016784668,36.779998779296875,2392,0.0,0.0,2023-06-21
1373,2023-06-21 15:20:00-04:00,36.7599983215332,36.77000045776367,36.72999954223633,36.7599983215332,2441,0.0,0.0,2023-06-21
1374,2023-06-21 15:25:00-04:00,36.75,36.75,36.70000076293945,36.75,2144,0.0,0.0,2023-06-21
1375,2023-06-21 15:30:00-04:00,36.724998474121094,36.7599983215332,36.720001220703125,36.7400016784668,3074,0.0,0.0,2023-06-21
1376,2023-06-21 15:35:00-04:00,36.7599983215332,36.7599983215332,36.650001525878906,36.68000030517578,2591,0.0,0.0,2023-06-21
1377,2023-06-21 15:40:00-04:00,36.689998626708984,36.7400016784668,36.689998626708984,36.73500061035156,3147,0.0,0.0,2023-06-21
1378,2023-06-21 15:45:00-04:00,36.720001220703125,36.749000549316406,36.70000076293945,36.709999084472656,3787,0.0,0.0,2023-06-21
1379,2023-06-21 15:50:00-04:00,36.689998626708984,36.689998626708984,36.58000183105469,36.599998474121094,9156,0.0,0.0,2023-06-21
1380,2023-06-21 15:55:00-04:00,36.599998474121094,36.599998474121094,36.5099983215332,36.560001373291016,16244,0.0,0.0,2023-06-21
1381,2023-06-22 09:30:00-04:00,36.40999984741211,36.40999984741211,35.959999084472656,36.005001068115234,1961,0.0,0.0,2023-06-22
1382,2023-06-22 09:35:00-04:00,35.959999084472656,35.959999084472656,35.599998474121094,35.755001068115234,4444,0.0,0.0,2023-06-22
1383,2023-06-22 09:40:00-04:00,35.5099983215332,35.5099983215332,35.4900016784668,35.5099983215332,695,0.0,0.0,2023-06-22
1384,2023-06-22 09:45:00-04:00,35.33000183105469,35.33000183105469,35.119998931884766,35.185001373291016,3335,0.0,0.0,2023-06-22
1385,2023-06-22 09:50:00-04:00,35.06999969482422,35.380001068115234,35.06999969482422,35.15999984741211,2518,0.0,0.0,2023-06-22
1386,2023-06-22 09:55:00-04:00,35.34000015258789,35.34000015258789,35.13999938964844,35.150001525878906,1444,0.0,0.0,2023-06-22
1387,2023-06-22 10:00:00-04:00,35.233001708984375,35.233001708984375,35.09000015258789,35.209999084472656,1455,0.0,0.0,2023-06-22
1388,2023-06-22 10:05:00-04:00,35.209999084472656,35.29999923706055,35.209999084472656,35.29999923706055,1182,0.0,0.0,2023-06-22
1389,2023-06-22 10:10:00-04:00,35.34000015258789,35.439998626708984,35.29999923706055,35.41999816894531,1948,0.0,0.0,2023-06-22
1390,2023-06-22 10:15:00-04:00,35.459999084472656,35.54999923706055,35.459999084472656,35.54999923706055,489,0.0,0.0,2023-06-22
1391,2023-06-22 10:20:00-04:00,35.41999816894531,35.54999923706055,35.41999816894531,35.54999923706055,771,0.0,0.0,2023-06-22
1392,2023-06-22 10:30:00-04:00,35.474998474121094,35.599998474121094,35.474998474121094,35.4900016784668,1180,0.0,0.0,2023-06-22
1393,2023-06-22 10:35:00-04:00,35.5,35.584999084472656,35.3650016784668,35.5099983215332,3982,0.0,0.0,2023-06-22
1394,2023-06-22 10:40:00-04:00,35.51499938964844,35.51499938964844,35.34000015258789,35.34000015258789,2544,0.0,0.0,2023-06-22
1395,2023-06-22 10:45:00-04:00,35.314998626708984,35.380001068115234,35.279998779296875,35.380001068115234,640,0.0,0.0,2023-06-22
1396,2023-06-22 10:50:00-04:00,35.290000915527344,35.38999938964844,35.20000076293945,35.20000076293945,3028,0.0,0.0,2023-06-22
1397,2023-06-22 10:55:00-04:00,35.26499938964844,35.26499938964844,35.130001068115234,35.20000076293945,4035,0.0,0.0,2023-06-22
1398,2023-06-22 11:00:00-04:00,35.09000015258789,35.09000015258789,35.09000015258789,35.09000015258789,319,0.0,0.0,2023-06-22
1399,2023-06-22 11:05:00-04:00,35.06999969482422,35.06999969482422,34.9900016784668,35.04499816894531,1783,0.0,0.0,2023-06-22
1400,2023-06-22 11:10:00-04:00,34.959999084472656,34.970001220703125,34.79999923706055,34.83000183105469,2954,0.0,0.0,2023-06-22
1401,2023-06-22 11:15:00-04:00,34.77000045776367,34.77000045776367,34.68000030517578,34.75,4307,0.0,0.0,2023-06-22
1402,2023-06-22 11:20:00-04:00,34.7599983215332,34.7599983215332,34.63999938964844,34.689998626708984,1987,0.0,0.0,2023-06-22
1403,2023-06-22 11:25:00-04:00,34.72999954223633,35.029998779296875,34.72999954223633,35.029998779296875,3516,0.0,0.0,2023-06-22
1404,2023-06-22 11:30:00-04:00,35.029998779296875,35.029998779296875,35.029998779296875,35.029998779296875,752,0.0,0.0,2023-06-22
1405,2023-06-22 11:35:00-04:00,35.0625,35.27000045776367,35.0625,35.209999084472656,1680,0.0,0.0,2023-06-22
1406,2023-06-22 11:45:00-04:00,35.19499969482422,35.19499969482422,35.19499969482422,35.19499969482422,261,0.0,0.0,2023-06-22
1407,2023-06-22 11:50:00-04:00,35.189998626708984,35.349998474121094,35.130001068115234,35.345001220703125,5827,0.0,0.0,2023-06-22
1408,2023-06-22 11:55:00-04:00,35.34000015258789,35.38999938964844,35.34000015258789,35.35499954223633,763,0.0,0.0,2023-06-22
1409,2023-06-22 12:00:00-04:00,35.31999969482422,35.31999969482422,35.31999969482422,35.31999969482422,760,0.0,0.0,2023-06-22
1410,2023-06-22 12:05:00-04:00,35.43550109863281,35.54999923706055,35.43550109863281,35.54999923706055,1149,0.0,0.0,2023-06-22
1411,2023-06-22 12:10:00-04:00,35.51499938964844,35.51499938964844,35.5099983215332,35.5099983215332,645,0.0,0.0,2023-06-22
1412,2023-06-22 12:15:00-04:00,35.4900016784668,35.4900016784668,35.435001373291016,35.435001373291016,2367,0.0,0.0,2023-06-22
1413,2023-06-22 12:20:00-04:00,35.435001373291016,35.47999954223633,35.435001373291016,35.459999084472656,948,0.0,0.0,2023-06-22
1414,2023-06-22 12:30:00-04:00,35.45000076293945,35.5,35.45000076293945,35.5,1317,0.0,0.0,2023-06-22
1415,2023-06-22 12:35:00-04:00,35.56999969482422,35.56999969482422,35.529998779296875,35.529998779296875,474,0.0,0.0,2023-06-22
1416,2023-06-22 12:40:00-04:00,35.41999816894531,35.459999084472656,35.41999816894531,35.45500183105469,946,0.0,0.0,2023-06-22
1417,2023-06-22 12:45:00-04:00,35.45500183105469,35.45500183105469,35.36000061035156,35.369998931884766,1059,0.0,0.0,2023-06-22
1418,2023-06-22 12:50:00-04:00,35.369998931884766,35.400001525878906,35.369998931884766,35.400001525878906,627,0.0,0.0,2023-06-22
1419,2023-06-22 12:55:00-04:00,35.36000061035156,35.470001220703125,35.36000061035156,35.470001220703125,1446,0.0,0.0,2023-06-22
1420,2023-06-22 13:00:00-04:00,35.505001068115234,35.505001068115234,35.505001068115234,35.505001068115234,752,0.0,0.0,2023-06-22
1421,2023-06-22 13:05:00-04:00,35.5177001953125,35.5177001953125,35.470001220703125,35.470001220703125,2725,0.0,0.0,2023-06-22
1422,2023-06-22 13:15:00-04:00,35.45000076293945,35.45000076293945,35.45000076293945,35.45000076293945,388,0.0,0.0,2023-06-22
1423,2023-06-22 13:20:00-04:00,35.5099983215332,35.560001373291016,35.5099983215332,35.560001373291016,2301,0.0,0.0,2023-06-22
1424,2023-06-22 13:25:00-04:00,35.630001068115234,35.68000030517578,35.630001068115234,35.68000030517578,1107,0.0,0.0,2023-06-22
1425,2023-06-22 13:30:00-04:00,35.52000045776367,35.57500076293945,35.52000045776367,35.57500076293945,369,0.0,0.0,2023-06-22
1426,2023-06-22 13:35:00-04:00,35.5099983215332,35.540000915527344,35.5099983215332,35.540000915527344,979,0.0,0.0,2023-06-22
1427,2023-06-22 13:40:00-04:00,35.54999923706055,35.55500030517578,35.54999923706055,35.55500030517578,813,0.0,0.0,2023-06-22
1428,2023-06-22 13:45:00-04:00,35.61000061035156,35.61000061035156,35.61000061035156,35.61000061035156,796,0.0,0.0,2023-06-22
1429,2023-06-22 13:50:00-04:00,35.5099983215332,35.5099983215332,35.5099983215332,35.5099983215332,559,0.0,0.0,2023-06-22
1430,2023-06-22 13:55:00-04:00,35.47999954223633,35.47999954223633,35.47999954223633,35.47999954223633,376,0.0,0.0,2023-06-22
1431,2023-06-22 14:00:00-04:00,35.474998474121094,35.474998474121094,35.45000076293945,35.45000076293945,219,0.0,0.0,2023-06-22
1432,2023-06-22 14:05:00-04:00,35.470001220703125,35.5,35.470001220703125,35.48500061035156,1738,0.0,0.0,2023-06-22
1433,2023-06-22 14:10:00-04:00,35.47999954223633,35.47999954223633,35.45500183105469,35.45500183105469,1470,0.0,0.0,2023-06-22
1434,2023-06-22 14:15:00-04:00,35.46500015258789,35.54999923706055,35.46500015258789,35.54999923706055,1482,0.0,0.0,2023-06-22
1435,2023-06-22 14:20:00-04:00,35.5,35.52000045776367,35.459999084472656,35.52000045776367,3446,0.0,0.0,2023-06-22
1436,2023-06-22 14:25:00-04:00,35.52000045776367,35.56999969482422,35.52000045776367,35.56999969482422,929,0.0,0.0,2023-06-22
1437,2023-06-22 14:30:00-04:00,35.65999984741211,35.70000076293945,35.65999984741211,35.70000076293945,501,0.0,0.0,2023-06-22
1438,2023-06-22 14:35:00-04:00,35.720001220703125,35.7599983215332,35.650001525878906,35.7400016784668,2513,0.0,0.0,2023-06-22
1439,2023-06-22 14:40:00-04:00,35.689998626708984,35.689998626708984,35.66999816894531,35.689998626708984,733,0.0,0.0,2023-06-22
1440,2023-06-22 14:45:00-04:00,35.63999938964844,35.72999954223633,35.63999938964844,35.72999954223633,1369,0.0,0.0,2023-06-22
1441,2023-06-22 14:50:00-04:00,35.744998931884766,35.81999969482422,35.744998931884766,35.810001373291016,2416,0.0,0.0,2023-06-22
1442,2023-06-22 14:55:00-04:00,35.84700012207031,35.84700012207031,35.790000915527344,35.790000915527344,1309,0.0,0.0,2023-06-22
1443,2023-06-22 15:00:00-04:00,35.80500030517578,35.810001373291016,35.79999923706055,35.810001373291016,1754,0.0,0.0,2023-06-22
1444,2023-06-22 15:05:00-04:00,35.77000045776367,35.79999923706055,35.68149948120117,35.68149948120117,3747,0.0,0.0,2023-06-22
1445,2023-06-22 15:10:00-04:00,35.724998474121094,35.724998474121094,35.66999816894531,35.66999816894531,1359,0.0,0.0,2023-06-22
1446,2023-06-22 15:15:00-04:00,35.65999984741211,35.65999984741211,35.6349983215332,35.6349983215332,482,0.0,0.0,2023-06-22
1447,2023-06-22 15:20:00-04:00,35.58000183105469,35.59000015258789,35.4900016784668,35.59000015258789,3329,0.0,0.0,2023-06-22
1448,2023-06-22 15:25:00-04:00,35.57500076293945,35.57500076293945,35.540000915527344,35.540000915527344,1442,0.0,0.0,2023-06-22
1449,2023-06-22 15:30:00-04:00,35.459999084472656,35.470001220703125,35.38999938964844,35.38999938964844,3014,0.0,0.0,2023-06-22
1450,2023-06-22 15:35:00-04:00,35.38999938964844,35.45000076293945,35.369998931884766,35.45000076293945,3454,0.0,0.0,2023-06-22
1451,2023-06-22 15:40:00-04:00,35.45000076293945,35.45000076293945,35.41999816894531,35.435001373291016,3787,0.0,0.0,2023-06-22
1452,2023-06-22 15:45:00-04:00,35.45000076293945,35.560001373291016,35.40010070800781,35.54999923706055,4881,0.0,0.0,2023-06-22
1453,2023-06-22 15:50:00-04:00,35.5099983215332,35.68000030517578,35.5099983215332,35.61000061035156,12750,0.0,0.0,2023-06-22
1454,2023-06-22 15:55:00-04:00,35.68550109863281,35.68550109863281,35.52000045776367,35.630001068115234,20419,0.0,0.0,2023-06-22
1455,2023-06-23 09:30:00-04:00,34.97999954223633,34.97999954223633,34.73500061035156,34.84000015258789,5360,0.0,0.0,2023-06-23
1456,2023-06-23 09:35:00-04:00,34.869998931884766,35.349998474121094,34.869998931884766,34.939998626708984,1605,0.0,0.0,2023-06-23
1457,2023-06-23 09:40:00-04:00,35.220001220703125,35.2400016784668,35.220001220703125,35.220001220703125,708,0.0,0.0,2023-06-23
1458,2023-06-23 09:45:00-04:00,35.380001068115234,35.380001068115234,35.36000061035156,35.380001068115234,390,0.0,0.0,2023-06-23
1459,2023-06-23 09:50:00-04:00,35.380001068115234,35.54999923706055,35.380001068115234,35.38999938964844,2599,0.0,0.0,2023-06-23
1460,2023-06-23 09:55:00-04:00,35.505001068115234,35.56999969482422,35.43000030517578,35.470001220703125,1218,0.0,0.0,2023-06-23
1461,2023-06-23 10:00:00-04:00,35.54999923706055,35.630001068115234,35.4900016784668,35.4900016784668,1399,0.0,0.0,2023-06-23
1462,2023-06-23 10:05:00-04:00,35.47999954223633,35.47999954223633,35.40999984741211,35.40999984741211,575,0.0,0.0,2023-06-23
1463,2023-06-23 10:10:00-04:00,35.27000045776367,35.27000045776367,35.05500030517578,35.05500030517578,1726,0.0,0.0,2023-06-23
1464,2023-06-23 10:15:00-04:00,35.119998931884766,35.189998626708984,35.119998931884766,35.189998626708984,1094,0.0,0.0,2023-06-23
1465,2023-06-23 10:20:00-04:00,35.130001068115234,35.15999984741211,35.0099983215332,35.15999984741211,1982,0.0,0.0,2023-06-23
1466,2023-06-23 10:25:00-04:00,35.150001525878906,35.209999084472656,35.150001525878906,35.15999984741211,4615,0.0,0.0,2023-06-23
1467,2023-06-23 10:30:00-04:00,35.20000076293945,35.20000076293945,35.099998474121094,35.099998474121094,1781,0.0,0.0,2023-06-23
1468,2023-06-23 10:35:00-04:00,35.25,35.349998474121094,35.209999084472656,35.349998474121094,2670,0.0,0.0,2023-06-23
1469,2023-06-23 10:45:00-04:00,35.189998626708984,35.189998626708984,35.189998626708984,35.189998626708984,362,0.0,0.0,2023-06-23
1470,2023-06-23 10:50:00-04:00,35.17499923706055,35.17499923706055,35.150001525878906,35.150001525878906,696,0.0,0.0,2023-06-23
1471,2023-06-23 10:55:00-04:00,35.09000015258789,35.09000015258789,35.060001373291016,35.060001373291016,433,0.0,0.0,2023-06-23
1472,2023-06-23 11:00:00-04:00,35.13999938964844,35.189998626708984,35.13999938964844,35.189998626708984,573,0.0,0.0,2023-06-23
1473,2023-06-23 11:05:00-04:00,35.13999938964844,35.13999938964844,35.02000045776367,35.06999969482422,1201,0.0,0.0,2023-06-23
1474,2023-06-23 11:10:00-04:00,35.04999923706055,35.130001068115234,34.970001220703125,35.130001068115234,2330,0.0,0.0,2023-06-23
1475,2023-06-23 11:15:00-04:00,35.029998779296875,35.029998779296875,35.029998779296875,35.029998779296875,202,0.0,0.0,2023-06-23
1476,2023-06-23 11:20:00-04:00,35.02000045776367,35.02000045776367,34.959999084472656,34.959999084472656,768,0.0,0.0,2023-06-23
1477,2023-06-23 11:25:00-04:00,35.0,35.029998779296875,34.95000076293945,35.029998779296875,840,0.0,0.0,2023-06-23
1478,2023-06-23 11:30:00-04:00,35.0,35.0099983215332,35.0,35.0,826,0.0,0.0,2023-06-23
1479,2023-06-23 11:35:00-04:00,35.040000915527344,35.05500030517578,35.0,35.0,991,0.0,0.0,2023-06-23
1480,2023-06-23 11:40:00-04:00,34.9900016784668,34.9900016784668,34.9900016784668,34.9900016784668,365,0.0,0.0,2023-06-23
1481,2023-06-23 11:45:00-04:00,34.9900016784668,34.9900016784668,34.9900016784668,34.9900016784668,169,0.0,0.0,2023-06-23
1482,2023-06-23 11:50:00-04:00,34.9900016784668,34.9900016784668,34.79999923706055,34.79999923706055,1989,0.0,0.0,2023-06-23
1483,2023-06-23 11:55:00-04:00,34.880001068115234,35.060001373291016,34.86000061035156,35.060001373291016,3052,0.0,0.0,2023-06-23
1484,2023-06-23 12:00:00-04:00,35.09000015258789,35.09000015258789,35.04999923706055,35.060001373291016,1502,0.0,0.0,2023-06-23
1485,2023-06-23 12:05:00-04:00,35.04999923706055,35.11000061035156,35.029998779296875,35.06999969482422,2726,0.0,0.0,2023-06-23
1486,2023-06-23 12:10:00-04:00,35.06999969482422,35.119998931884766,35.0546989440918,35.119998931884766,807,0.0,0.0,2023-06-23
1487,2023-06-23 12:15:00-04:00,35.084999084472656,35.13999938964844,35.060001373291016,35.060001373291016,1413,0.0,0.0,2023-06-23
1488,2023-06-23 12:20:00-04:00,35.099998474121094,35.220001220703125,35.099998474121094,35.220001220703125,1553,0.0,0.0,2023-06-23
1489,2023-06-23 12:25:00-04:00,35.150001525878906,35.22999954223633,35.099998474121094,35.168399810791016,3853,0.0,0.0,2023-06-23
1490,2023-06-23 12:30:00-04:00,35.18000030517578,35.18000030517578,35.18000030517578,35.18000030517578,217,0.0,0.0,2023-06-23
1491,2023-06-23 12:35:00-04:00,35.16999816894531,35.16999816894531,35.150001525878906,35.16999816894531,908,0.0,0.0,2023-06-23
1492,2023-06-23 12:40:00-04:00,35.04999923706055,35.04999923706055,35.04999923706055,35.04999923706055,579,0.0,0.0,2023-06-23
1493,2023-06-23 12:50:00-04:00,35.064998626708984,35.064998626708984,34.97999954223633,34.97999954223633,1332,0.0,0.0,2023-06-23
1494,2023-06-23 12:55:00-04:00,34.93000030517578,34.959999084472656,34.880001068115234,34.95000076293945,2434,0.0,0.0,2023-06-23
1495,2023-06-23 13:00:00-04:00,34.959999084472656,34.959999084472656,34.91999816894531,34.935001373291016,1556,0.0,0.0,2023-06-23
1496,2023-06-23 13:05:00-04:00,34.92499923706055,34.970001220703125,34.900001525878906,34.970001220703125,1200,0.0,0.0,2023-06-23
1497,2023-06-23 13:10:00-04:00,34.98899841308594,35.0,34.96500015258789,34.97999954223633,1704,0.0,0.0,2023-06-23
1498,2023-06-23 13:15:00-04:00,34.97999954223633,35.0099983215332,34.97999954223633,34.994998931884766,1581,0.0,0.0,2023-06-23
1499,2023-06-23 13:20:00-04:00,35.02000045776367,35.040000915527344,35.02000045776367,35.03499984741211,1189,0.0,0.0,2023-06-23
1500,2023-06-23 13:25:00-04:00,35.04499816894531,35.14500045776367,35.04499816894531,35.14500045776367,1158,0.0,0.0,2023-06-23
1501,2023-06-23 13:30:00-04:00,35.130001068115234,35.130001068115234,35.040000915527344,35.130001068115234,3125,0.0,0.0,2023-06-23
1502,2023-06-23 13:35:00-04:00,35.11000061035156,35.209999084472656,35.11000061035156,35.209999084472656,3745,0.0,0.0,2023-06-23
1503,2023-06-23 13:40:00-04:00,35.220001220703125,35.224998474121094,35.21500015258789,35.224998474121094,1034,0.0,0.0,2023-06-23
1504,2023-06-23 13:45:00-04:00,35.22999954223633,35.23500061035156,35.22999954223633,35.23500061035156,488,0.0,0.0,2023-06-23
1505,2023-06-23 13:50:00-04:00,35.220001220703125,35.2599983215332,35.220001220703125,35.2599983215332,2710,0.0,0.0,2023-06-23
1506,2023-06-23 13:55:00-04:00,35.28900146484375,35.290000915527344,35.279998779296875,35.279998779296875,1772,0.0,0.0,2023-06-23
1507,2023-06-23 14:00:00-04:00,35.2400016784668,35.290000915527344,35.189998626708984,35.189998626708984,2307,0.0,0.0,2023-06-23
1508,2023-06-23 14:05:00-04:00,35.16999816894531,35.20500183105469,35.15999984741211,35.15999984741211,2035,0.0,0.0,2023-06-23
1509,2023-06-23 14:10:00-04:00,35.06999969482422,35.1150016784668,35.067501068115234,35.099998474121094,2304,0.0,0.0,2023-06-23
1510,2023-06-23 14:15:00-04:00,35.099998474121094,35.150001525878906,35.04999923706055,35.150001525878906,3929,0.0,0.0,2023-06-23
1511,2023-06-23 14:20:00-04:00,35.119998931884766,35.119998931884766,35.07500076293945,35.07500076293945,859,0.0,0.0,2023-06-23
1512,2023-06-23 14:25:00-04:00,35.07500076293945,35.07500076293945,35.025001525878906,35.040000915527344,2071,0.0,0.0,2023-06-23
1513,2023-06-23 14:30:00-04:00,35.029998779296875,35.029998779296875,34.97999954223633,35.005001068115234,1761,0.0,0.0,2023-06-23
1514,2023-06-23 14:35:00-04:00,34.97999954223633,34.97999954223633,34.88249969482422,34.88249969482422,1912,0.0,0.0,2023-06-23
1515,2023-06-23 14:40:00-04:00,34.88999938964844,34.91999816894531,34.88999938964844,34.91999816894531,3485,0.0,0.0,2023-06-23
1516,2023-06-23 14:45:00-04:00,34.90999984741211,34.90999984741211,34.81999969482422,34.84000015258789,2986,0.0,0.0,2023-06-23
1517,2023-06-23 14:50:00-04:00,34.85499954223633,34.86000061035156,34.79499816894531,34.814998626708984,1280,0.0,0.0,2023-06-23
1518,2023-06-23 14:55:00-04:00,34.82500076293945,34.85499954223633,34.81999969482422,34.81999969482422,4341,0.0,0.0,2023-06-23
1519,2023-06-23 15:00:00-04:00,34.77000045776367,34.79249954223633,34.66999816894531,34.720001220703125,3795,0.0,0.0,2023-06-23
1520,2023-06-23 15:05:00-04:00,34.720001220703125,34.7400016784668,34.70000076293945,34.720001220703125,3772,0.0,0.0,2023-06-23
1521,2023-06-23 15:10:00-04:00,34.779998779296875,34.790000915527344,34.779998779296875,34.790000915527344,1374,0.0,0.0,2023-06-23
1522,2023-06-23 15:15:00-04:00,34.77000045776367,34.81999969482422,34.77000045776367,34.814998626708984,2439,0.0,0.0,2023-06-23
1523,2023-06-23 15:20:00-04:00,34.84000015258789,34.87900161743164,34.84000015258789,34.85499954223633,2874,0.0,0.0,2023-06-23
1524,2023-06-23 15:25:00-04:00,34.880001068115234,34.880001068115234,34.810001373291016,34.81999969482422,2547,0.0,0.0,2023-06-23
1525,2023-06-23 15:30:00-04:00,34.79999923706055,34.79999923706055,34.75,34.79999923706055,3974,0.0,0.0,2023-06-23
1526,2023-06-23 15:35:00-04:00,34.78499984741211,34.84000015258789,34.7599983215332,34.779998779296875,2601,0.0,0.0,2023-06-23
1527,2023-06-23 15:40:00-04:00,34.7599983215332,34.81999969482422,34.720001220703125,34.81999969482422,5417,0.0,0.0,2023-06-23
1528,2023-06-23 15:45:00-04:00,34.81999969482422,34.880001068115234,34.810001373291016,34.84000015258789,8339,0.0,0.0,2023-06-23
1529,2023-06-23 15:50:00-04:00,34.880001068115234,35.20000076293945,34.880001068115234,35.06999969482422,16378,0.0,0.0,2023-06-23
1530,2023-06-23 15:55:00-04:00,35.119998931884766,35.36000061035156,35.11000061035156,35.20000076293945,31340,0.0,0.0,2023-06-23
1531,2023-06-26 09:30:00-04:00,35.290000915527344,35.41999816894531,35.290000915527344,35.3849983215332,3674,0.0,0.0,2023-06-26
1532,2023-06-26 09:35:00-04:00,35.60499954223633,35.88999938964844,35.60499954223633,35.849998474121094,1261,0.0,0.0,2023-06-26
1533,2023-06-26 09:40:00-04:00,35.849998474121094,36.040000915527344,35.849998474121094,35.9900016784668,2560,0.0,0.0,2023-06-26
1534,2023-06-26 09:45:00-04:00,35.9900016784668,36.06999969482422,35.9900016784668,36.060001373291016,880,0.0,0.0,2023-06-26
1535,2023-06-26 09:50:00-04:00,35.974998474121094,36.279998779296875,35.974998474121094,36.150001525878906,1752,0.0,0.0,2023-06-26
1536,2023-06-26 09:55:00-04:00,36.029998779296875,36.029998779296875,35.7599983215332,35.7599983215332,1075,0.0,0.0,2023-06-26
1537,2023-06-26 10:00:00-04:00,35.75,35.75,35.380001068115234,35.380001068115234,694,0.0,0.0,2023-06-26
1538,2023-06-26 10:05:00-04:00,35.400001525878906,35.52000045776367,35.400001525878906,35.52000045776367,1200,0.0,0.0,2023-06-26
1539,2023-06-26 10:10:00-04:00,35.380001068115234,35.380001068115234,35.21500015258789,35.3650016784668,2144,0.0,0.0,2023-06-26
1540,2023-06-26 10:15:00-04:00,35.40999984741211,35.54999923706055,35.380001068115234,35.54999923706055,1914,0.0,0.0,2023-06-26
1541,2023-06-26 10:20:00-04:00,35.459999084472656,35.47999954223633,35.38999938964844,35.41999816894531,1413,0.0,0.0,2023-06-26
1542,2023-06-26 10:25:00-04:00,35.41999816894531,35.41999816894531,35.31999969482422,35.345001220703125,864,0.0,0.0,2023-06-26
1543,2023-06-26 10:30:00-04:00,35.34000015258789,35.36000061035156,35.220001220703125,35.36000061035156,1708,0.0,0.0,2023-06-26
1544,2023-06-26 10:35:00-04:00,35.310001373291016,35.310001373291016,35.310001373291016,35.310001373291016,533,0.0,0.0,2023-06-26
1545,2023-06-26 10:40:00-04:00,35.314998626708984,35.369998931884766,35.314998626708984,35.369998931884766,900,0.0,0.0,2023-06-26
1546,2023-06-26 10:45:00-04:00,35.40549850463867,35.40549850463867,35.3650016784668,35.3650016784668,1229,0.0,0.0,2023-06-26
1547,2023-06-26 10:50:00-04:00,35.42499923706055,35.529998779296875,35.42499923706055,35.529998779296875,1705,0.0,0.0,2023-06-26
1548,2023-06-26 10:55:00-04:00,35.529998779296875,35.66999816894531,35.529998779296875,35.66999816894531,2970,0.0,0.0,2023-06-26
1549,2023-06-26 11:00:00-04:00,35.65999984741211,35.814998626708984,35.65999984741211,35.814998626708984,2545,0.0,0.0,2023-06-26
1550,2023-06-26 11:05:00-04:00,35.7599983215332,35.900001525878906,35.7599983215332,35.849998474121094,2492,0.0,0.0,2023-06-26
1551,2023-06-26 11:10:00-04:00,35.900001525878906,35.96500015258789,35.845001220703125,35.90999984741211,2051,0.0,0.0,2023-06-26
1552,2023-06-26 11:15:00-04:00,35.9900016784668,36.08000183105469,35.935001373291016,36.029998779296875,3355,0.0,0.0,2023-06-26
1553,2023-06-26 11:20:00-04:00,36.08000183105469,36.119998931884766,36.0099983215332,36.119998931884766,2858,0.0,0.0,2023-06-26
1554,2023-06-26 11:25:00-04:00,36.095001220703125,36.15999984741211,36.095001220703125,36.099998474121094,3828,0.0,0.0,2023-06-26
1555,2023-06-26 11:30:00-04:00,36.1349983215332,36.25,36.1349983215332,36.22999954223633,2931,0.0,0.0,2023-06-26
1556,2023-06-26 11:35:00-04:00,36.279998779296875,36.279998779296875,36.189998626708984,36.220001220703125,5948,0.0,0.0,2023-06-26
1557,2023-06-26 11:40:00-04:00,36.220001220703125,36.290000915527344,36.220001220703125,36.26499938964844,3475,0.0,0.0,2023-06-26
1558,2023-06-26 11:45:00-04:00,36.275001525878906,36.41999816894531,36.275001525878906,36.380001068115234,2012,0.0,0.0,2023-06-26
1559,2023-06-26 11:50:00-04:00,36.43000030517578,36.435001373291016,36.40999984741211,36.40999984741211,904,0.0,0.0,2023-06-26
1560,2023-06-26 11:55:00-04:00,36.439998626708984,36.45000076293945,36.400001525878906,36.45000076293945,1024,0.0,0.0,2023-06-26
1561,2023-06-26 12:00:00-04:00,36.43000030517578,36.47999954223633,36.43000030517578,36.44499969482422,2208,0.0,0.0,2023-06-26
1562,2023-06-26 12:05:00-04:00,36.40999984741211,36.40999984741211,36.290000915527344,36.290000915527344,1974,0.0,0.0,2023-06-26
1563,2023-06-26 12:10:00-04:00,36.22999954223633,36.22999954223633,36.16999816894531,36.224998474121094,1734,0.0,0.0,2023-06-26
1564,2023-06-26 12:15:00-04:00,36.224998474121094,36.224998474121094,36.224998474121094,36.224998474121094,733,0.0,0.0,2023-06-26
1565,2023-06-26 12:20:00-04:00,36.224998474121094,36.290000915527344,36.165000915527344,36.27000045776367,6624,0.0,0.0,2023-06-26
1566,2023-06-26 12:25:00-04:00,36.31999969482422,36.31999969482422,36.20000076293945,36.26499938964844,1238,0.0,0.0,2023-06-26
1567,2023-06-26 12:30:00-04:00,36.29999923706055,36.31999969482422,36.20500183105469,36.2400016784668,1222,0.0,0.0,2023-06-26
1568,2023-06-26 12:35:00-04:00,36.165000915527344,36.22999954223633,36.165000915527344,36.209999084472656,3143,0.0,0.0,2023-06-26
1569,2023-06-26 12:40:00-04:00,36.15999984741211,36.2599983215332,36.15999984741211,36.2599983215332,2004,0.0,0.0,2023-06-26
1570,2023-06-26 12:45:00-04:00,36.20000076293945,36.27000045776367,36.17499923706055,36.209999084472656,1919,0.0,0.0,2023-06-26
1571,2023-06-26 12:50:00-04:00,36.209999084472656,36.31999969482422,36.209999084472656,36.31999969482422,1012,0.0,0.0,2023-06-26
1572,2023-06-26 12:55:00-04:00,36.2599983215332,36.33000183105469,36.2599983215332,36.33000183105469,1427,0.0,0.0,2023-06-26
1573,2023-06-26 13:00:00-04:00,36.3650016784668,36.43000030517578,36.33380126953125,36.33380126953125,1276,0.0,0.0,2023-06-26
1574,2023-06-26 13:05:00-04:00,36.43000030517578,36.43000030517578,36.349998474121094,36.349998474121094,1884,0.0,0.0,2023-06-26
1575,2023-06-26 13:10:00-04:00,36.349998474121094,36.400001525878906,36.29999923706055,36.36000061035156,2886,0.0,0.0,2023-06-26
1576,2023-06-26 13:15:00-04:00,36.3650016784668,36.43000030517578,36.3650016784668,36.3650016784668,650,0.0,0.0,2023-06-26
1577,2023-06-26 13:20:00-04:00,36.369998931884766,36.41999816894531,36.310001373291016,36.35499954223633,1059,0.0,0.0,2023-06-26
1578,2023-06-26 13:25:00-04:00,36.30500030517578,36.32500076293945,36.2599983215332,36.31999969482422,5358,0.0,0.0,2023-06-26
1579,2023-06-26 13:30:00-04:00,36.310001373291016,36.36000061035156,36.310001373291016,36.34000015258789,1129,0.0,0.0,2023-06-26
1580,2023-06-26 13:35:00-04:00,36.369998931884766,36.369998931884766,36.29999923706055,36.34000015258789,1467,0.0,0.0,2023-06-26
1581,2023-06-26 13:40:00-04:00,36.34000015258789,36.36000061035156,36.2599983215332,36.28499984741211,2238,0.0,0.0,2023-06-26
1582,2023-06-26 13:45:00-04:00,36.244998931884766,36.310001373291016,36.244998931884766,36.27000045776367,2490,0.0,0.0,2023-06-26
1583,2023-06-26 13:50:00-04:00,36.27000045776367,36.30500030517578,36.13999938964844,36.18000030517578,2481,0.0,0.0,2023-06-26
1584,2023-06-26 13:55:00-04:00,36.18000030517578,36.220001220703125,36.130001068115234,36.130001068115234,1565,0.0,0.0,2023-06-26
1585,2023-06-26 14:00:00-04:00,36.14500045776367,36.20000076293945,36.1349983215332,36.20000076293945,2155,0.0,0.0,2023-06-26
1586,2023-06-26 14:05:00-04:00,36.21500015258789,36.22999954223633,36.17499923706055,36.17499923706055,1649,0.0,0.0,2023-06-26
1587,2023-06-26 14:10:00-04:00,36.17499923706055,36.18000030517578,36.084999084472656,36.084999084472656,1135,0.0,0.0,2023-06-26
1588,2023-06-26 14:15:00-04:00,36.084999084472656,36.18000030517578,36.084999084472656,36.18000030517578,2051,0.0,0.0,2023-06-26
1589,2023-06-26 14:20:00-04:00,36.125,36.189998626708984,36.125,36.154998779296875,1004,0.0,0.0,2023-06-26
1590,2023-06-26 14:25:00-04:00,36.165000915527344,36.189998626708984,36.130001068115234,36.189998626708984,4414,0.0,0.0,2023-06-26
1591,2023-06-26 14:30:00-04:00,36.185001373291016,36.25,36.185001373291016,36.25,1415,0.0,0.0,2023-06-26
1592,2023-06-26 14:35:00-04:00,36.26499938964844,36.28499984741211,36.2599983215332,36.2599983215332,1214,0.0,0.0,2023-06-26
1593,2023-06-26 14:40:00-04:00,36.2599983215332,36.290000915527344,36.25,36.25,2395,0.0,0.0,2023-06-26
1594,2023-06-26 14:45:00-04:00,36.25,36.290000915527344,36.25,36.28499984741211,1750,0.0,0.0,2023-06-26
1595,2023-06-26 14:50:00-04:00,36.310001373291016,36.36000061035156,36.224998474121094,36.224998474121094,2103,0.0,0.0,2023-06-26
1596,2023-06-26 14:55:00-04:00,36.220001220703125,36.29999923706055,36.209999084472656,36.27000045776367,2118,0.0,0.0,2023-06-26
1597,2023-06-26 15:00:00-04:00,36.29999923706055,36.34000015258789,36.29999923706055,36.32500076293945,2412,0.0,0.0,2023-06-26
1598,2023-06-26 15:05:00-04:00,36.310001373291016,36.349998474121094,36.29999923706055,36.34000015258789,1937,0.0,0.0,2023-06-26
1599,2023-06-26 15:10:00-04:00,36.34000015258789,36.38999938964844,36.33000183105469,36.34000015258789,5779,0.0,0.0,2023-06-26
1600,2023-06-26 15:15:00-04:00,36.380001068115234,36.380001068115234,36.380001068115234,36.380001068115234,1210,0.0,0.0,2023-06-26
1601,2023-06-26 15:20:00-04:00,36.41999816894531,36.43000030517578,36.33000183105469,36.34000015258789,2958,0.0,0.0,2023-06-26
1602,2023-06-26 15:25:00-04:00,36.349998474121094,36.43899917602539,36.349998474121094,36.40999984741211,2894,0.0,0.0,2023-06-26
1603,2023-06-26 15:30:00-04:00,36.41999816894531,36.41999816894531,36.36000061035156,36.38999938964844,3991,0.0,0.0,2023-06-26
1604,2023-06-26 15:35:00-04:00,36.400001525878906,36.41999816894531,36.334999084472656,36.375,4856,0.0,0.0,2023-06-26
1605,2023-06-26 15:40:00-04:00,36.375,36.375,36.28499984741211,36.28499984741211,4930,0.0,0.0,2023-06-26
1606,2023-06-26 15:45:00-04:00,36.31999969482422,36.31999969482422,36.16999816894531,36.23899841308594,6606,0.0,0.0,2023-06-26
1607,2023-06-26 15:50:00-04:00,36.189998626708984,36.27000045776367,36.150001525878906,36.2400016784668,12002,0.0,0.0,2023-06-26
1608,2023-06-26 15:55:00-04:00,36.22999954223633,36.22999954223633,36.09000015258789,36.18000030517578,23842,0.0,0.0,2023-06-26
1609,2023-06-27 09:30:00-04:00,36.209999084472656,36.72999954223633,35.0099983215332,35.994998931884766,4000,0.0,0.0,2023-06-27
1610,2023-06-27 09:35:00-04:00,35.939998626708984,35.939998626708984,35.755001068115234,35.755001068115234,1827,0.0,0.0,2023-06-27
1611,2023-06-27 09:40:00-04:00,35.755001068115234,35.95000076293945,35.75,35.95000076293945,1574,0.0,0.0,2023-06-27
1612,2023-06-27 09:45:00-04:00,36.099998474121094,36.099998474121094,35.849998474121094,35.869998931884766,1170,0.0,0.0,2023-06-27
1613,2023-06-27 09:50:00-04:00,35.82500076293945,36.040000915527344,35.82500076293945,36.040000915527344,1738,0.0,0.0,2023-06-27
1614,2023-06-27 10:00:00-04:00,36.130001068115234,36.40999984741211,36.130001068115234,36.40999984741211,925,0.0,0.0,2023-06-27
1615,2023-06-27 10:05:00-04:00,36.30500030517578,36.369998931884766,36.29999923706055,36.29999923706055,1321,0.0,0.0,2023-06-27
1616,2023-06-27 10:10:00-04:00,36.18000030517578,36.375,36.16999816894531,36.375,1621,0.0,0.0,2023-06-27
1617,2023-06-27 10:15:00-04:00,36.39500045776367,36.595001220703125,36.39500045776367,36.5099983215332,1628,0.0,0.0,2023-06-27
1618,2023-06-27 10:20:00-04:00,36.505001068115234,36.505001068115234,36.505001068115234,36.505001068115234,596,0.0,0.0,2023-06-27
1619,2023-06-27 10:25:00-04:00,36.540000915527344,36.630001068115234,36.525001525878906,36.630001068115234,1021,0.0,0.0,2023-06-27
1620,2023-06-27 10:30:00-04:00,36.630001068115234,36.689998626708984,36.599998474121094,36.689998626708984,765,0.0,0.0,2023-06-27
1621,2023-06-27 10:35:00-04:00,36.7599983215332,36.779998779296875,36.689998626708984,36.779998779296875,1624,0.0,0.0,2023-06-27
1622,2023-06-27 10:40:00-04:00,36.880001068115234,36.880001068115234,36.724998474121094,36.724998474121094,1972,0.0,0.0,2023-06-27
1623,2023-06-27 10:45:00-04:00,36.70000076293945,36.755001068115234,36.70000076293945,36.7400016784668,625,0.0,0.0,2023-06-27
1624,2023-06-27 10:50:00-04:00,36.7599983215332,36.810001373291016,36.7599983215332,36.810001373291016,816,0.0,0.0,2023-06-27
1625,2023-06-27 10:55:00-04:00,36.84000015258789,36.86000061035156,36.82500076293945,36.84000015258789,2264,0.0,0.0,2023-06-27
1626,2023-06-27 11:00:00-04:00,36.89500045776367,36.89500045776367,36.779998779296875,36.779998779296875,1232,0.0,0.0,2023-06-27
1627,2023-06-27 11:05:00-04:00,36.709999084472656,36.744998931884766,36.709999084472656,36.744998931884766,992,0.0,0.0,2023-06-27
1628,2023-06-27 11:10:00-04:00,36.709999084472656,36.77000045776367,36.66999816894531,36.77000045776367,1656,0.0,0.0,2023-06-27
1629,2023-06-27 11:15:00-04:00,36.75,36.75,36.66999816894531,36.689998626708984,2343,0.0,0.0,2023-06-27
1630,2023-06-27 11:20:00-04:00,36.70500183105469,36.70500183105469,36.630001068115234,36.70000076293945,3208,0.0,0.0,2023-06-27
1631,2023-06-27 11:25:00-04:00,36.68000030517578,36.70500183105469,36.68000030517578,36.69499969482422,1166,0.0,0.0,2023-06-27
1632,2023-06-27 11:30:00-04:00,36.709999084472656,36.709999084472656,36.64500045776367,36.64500045776367,978,0.0,0.0,2023-06-27
1633,2023-06-27 11:35:00-04:00,36.689998626708984,36.70000076293945,36.665000915527344,36.665000915527344,895,0.0,0.0,2023-06-27
1634,2023-06-27 11:40:00-04:00,36.665000915527344,36.70000076293945,36.665000915527344,36.665000915527344,906,0.0,0.0,2023-06-27
1635,2023-06-27 11:45:00-04:00,36.619998931884766,36.67499923706055,36.619998931884766,36.650001525878906,1281,0.0,0.0,2023-06-27
1636,2023-06-27 11:50:00-04:00,36.665000915527344,36.720001220703125,36.665000915527344,36.720001220703125,1962,0.0,0.0,2023-06-27
1637,2023-06-27 11:55:00-04:00,36.7400016784668,36.80500030517578,36.724998474121094,36.80500030517578,1918,0.0,0.0,2023-06-27
1638,2023-06-27 12:00:00-04:00,36.86000061035156,36.86000061035156,36.86000061035156,36.86000061035156,568,0.0,0.0,2023-06-27
1639,2023-06-27 12:05:00-04:00,36.880001068115234,36.88999938964844,36.86000061035156,36.86000061035156,1024,0.0,0.0,2023-06-27
1640,2023-06-27 12:10:00-04:00,36.88999938964844,36.90999984741211,36.880001068115234,36.90999984741211,2016,0.0,0.0,2023-06-27
1641,2023-06-27 12:15:00-04:00,36.91999816894531,36.91999816894531,36.900001525878906,36.900001525878906,1429,0.0,0.0,2023-06-27
1642,2023-06-27 12:20:00-04:00,36.79999923706055,36.79999923706055,36.7400016784668,36.7400016784668,2232,0.0,0.0,2023-06-27
1643,2023-06-27 12:25:00-04:00,36.79999923706055,36.80500030517578,36.665000915527344,36.665000915527344,3780,0.0,0.0,2023-06-27
1644,2023-06-27 12:30:00-04:00,36.75,36.810001373291016,36.75,36.810001373291016,1622,0.0,0.0,2023-06-27
1645,2023-06-27 12:35:00-04:00,36.81999969482422,36.900001525878906,36.7599983215332,36.900001525878906,2065,0.0,0.0,2023-06-27
1646,2023-06-27 12:40:00-04:00,36.810001373291016,36.810001373291016,36.70500183105469,36.71500015258789,2520,0.0,0.0,2023-06-27
1647,2023-06-27 12:45:00-04:00,36.810001373291016,36.91999816894531,36.810001373291016,36.8849983215332,1866,0.0,0.0,2023-06-27
1648,2023-06-27 12:50:00-04:00,36.869998931884766,36.869998931884766,36.77000045776367,36.77000045776367,2084,0.0,0.0,2023-06-27
1649,2023-06-27 12:55:00-04:00,36.810001373291016,36.810001373291016,36.77000045776367,36.77000045776367,829,0.0,0.0,2023-06-27
1650,2023-06-27 13:00:00-04:00,36.7599983215332,36.76499938964844,36.7599983215332,36.76499938964844,891,0.0,0.0,2023-06-27
1651,2023-06-27 13:05:00-04:00,36.76499938964844,36.76499938964844,36.709999084472656,36.709999084472656,367,0.0,0.0,2023-06-27
1652,2023-06-27 13:10:00-04:00,36.68000030517578,36.71500015258789,36.66999816894531,36.66999816894531,1116,0.0,0.0,2023-06-27
1653,2023-06-27 13:15:00-04:00,36.71500015258789,36.77000045776367,36.70000076293945,36.70000076293945,2972,0.0,0.0,2023-06-27
1654,2023-06-27 13:20:00-04:00,36.70500183105469,36.77000045776367,36.70500183105469,36.720001220703125,4005,0.0,0.0,2023-06-27
1655,2023-06-27 13:25:00-04:00,36.709999084472656,36.7400016784668,36.65999984741211,36.67499923706055,2398,0.0,0.0,2023-06-27
1656,2023-06-27 13:30:00-04:00,36.69499969482422,36.69499969482422,36.66999816894531,36.66999816894531,464,0.0,0.0,2023-06-27
1657,2023-06-27 13:35:00-04:00,36.69499969482422,36.69499969482422,36.69499969482422,36.69499969482422,363,0.0,0.0,2023-06-27
1658,2023-06-27 13:40:00-04:00,36.69499969482422,36.869998931884766,36.69499969482422,36.869998931884766,2404,0.0,0.0,2023-06-27
1659,2023-06-27 13:45:00-04:00,36.7599983215332,36.779998779296875,36.65999984741211,36.709999084472656,2446,0.0,0.0,2023-06-27
1660,2023-06-27 13:50:00-04:00,36.709999084472656,36.709999084472656,36.709999084472656,36.709999084472656,215,0.0,0.0,2023-06-27
1661,2023-06-27 13:55:00-04:00,36.709999084472656,36.7400016784668,36.66999816894531,36.71500015258789,3100,0.0,0.0,2023-06-27
1662,2023-06-27 14:00:00-04:00,36.67499923706055,36.70500183105469,36.67499923706055,36.70500183105469,623,0.0,0.0,2023-06-27
1663,2023-06-27 14:05:00-04:00,36.70000076293945,36.7400016784668,36.685001373291016,36.685001373291016,713,0.0,0.0,2023-06-27
1664,2023-06-27 14:10:00-04:00,36.7400016784668,36.775001525878906,36.709999084472656,36.775001525878906,1140,0.0,0.0,2023-06-27
1665,2023-06-27 14:15:00-04:00,36.779998779296875,36.779998779296875,36.75,36.77000045776367,943,0.0,0.0,2023-06-27
1666,2023-06-27 14:20:00-04:00,36.7599983215332,36.7599983215332,36.720001220703125,36.72999954223633,1322,0.0,0.0,2023-06-27
1667,2023-06-27 14:25:00-04:00,36.7599983215332,36.810001373291016,36.7599983215332,36.779998779296875,2005,0.0,0.0,2023-06-27
1668,2023-06-27 14:30:00-04:00,36.775001525878906,36.790000915527344,36.76499938964844,36.76499938964844,503,0.0,0.0,2023-06-27
1669,2023-06-27 14:35:00-04:00,36.76499938964844,36.77000045776367,36.7400016784668,36.7400016784668,2264,0.0,0.0,2023-06-27
1670,2023-06-27 14:40:00-04:00,36.75,36.75,36.685001373291016,36.685001373291016,1342,0.0,0.0,2023-06-27
1671,2023-06-27 14:45:00-04:00,36.685001373291016,36.685001373291016,36.685001373291016,36.685001373291016,1395,0.0,0.0,2023-06-27
1672,2023-06-27 14:50:00-04:00,36.70500183105469,36.70500183105469,36.68000030517578,36.685001373291016,1311,0.0,0.0,2023-06-27
1673,2023-06-27 14:55:00-04:00,36.689998626708984,36.689998626708984,36.67499923706055,36.67499923706055,857,0.0,0.0,2023-06-27
1674,2023-06-27 15:00:00-04:00,36.689998626708984,36.724998474121094,36.689998626708984,36.724998474121094,1245,0.0,0.0,2023-06-27
1675,2023-06-27 15:05:00-04:00,36.72999954223633,36.7400016784668,36.72999954223633,36.7400016784668,1708,0.0,0.0,2023-06-27
1676,2023-06-27 15:10:00-04:00,36.689998626708984,36.689998626708984,36.619998931884766,36.619998931884766,908,0.0,0.0,2023-06-27
1677,2023-06-27 15:15:00-04:00,36.54999923706055,36.54999923706055,36.54999923706055,36.54999923706055,935,0.0,0.0,2023-06-27
1678,2023-06-27 15:20:00-04:00,36.529998779296875,36.529998779296875,36.47999954223633,36.48500061035156,3084,0.0,0.0,2023-06-27
1679,2023-06-27 15:25:00-04:00,36.4900016784668,36.540000915527344,36.4900016784668,36.52000045776367,1772,0.0,0.0,2023-06-27
1680,2023-06-27 15:30:00-04:00,36.560001373291016,36.59000015258789,36.540000915527344,36.59000015258789,1801,0.0,0.0,2023-06-27
1681,2023-06-27 15:35:00-04:00,36.56999969482422,36.59000015258789,36.564998626708984,36.564998626708984,2164,0.0,0.0,2023-06-27
1682,2023-06-27 15:40:00-04:00,36.59000015258789,36.650001525878906,36.59000015258789,36.62519836425781,2297,0.0,0.0,2023-06-27
1683,2023-06-27 15:45:00-04:00,36.630001068115234,36.689998626708984,36.630001068115234,36.689998626708984,2086,0.0,0.0,2023-06-27
1684,2023-06-27 15:50:00-04:00,36.650001525878906,36.650001525878906,36.540000915527344,36.560001373291016,5695,0.0,0.0,2023-06-27
1685,2023-06-27 15:55:00-04:00,36.54499816894531,36.54999923706055,36.459999084472656,36.5099983215332,14318,0.0,0.0,2023-06-27
1686,2023-06-28 09:30:00-04:00,36.099998474121094,36.119998931884766,35.79999923706055,35.79999923706055,5383,0.0,0.0,2023-06-28
1687,2023-06-28 09:35:00-04:00,35.599998474121094,35.779998779296875,35.599998474121094,35.7599983215332,436,0.0,0.0,2023-06-28
1688,2023-06-28 09:40:00-04:00,35.45000076293945,35.86000061035156,35.45000076293945,35.82500076293945,34989,0.0,0.0,2023-06-28
1689,2023-06-28 09:45:00-04:00,35.619998931884766,35.619998931884766,35.619998931884766,35.619998931884766,492,0.0,0.0,2023-06-28
1690,2023-06-28 09:50:00-04:00,35.619998931884766,35.91999816894531,35.61000061035156,35.91999816894531,1797,0.0,0.0,2023-06-28
1691,2023-06-28 09:55:00-04:00,35.91999816894531,35.91999816894531,35.91999816894531,35.91999816894531,598,0.0,0.0,2023-06-28
1692,2023-06-28 10:00:00-04:00,35.939998626708984,36.040000915527344,35.939998626708984,36.040000915527344,384,0.0,0.0,2023-06-28
1693,2023-06-28 10:05:00-04:00,36.040000915527344,36.040000915527344,35.977500915527344,36.040000915527344,922,0.0,0.0,2023-06-28
1694,2023-06-28 10:15:00-04:00,35.95000076293945,36.04999923706055,35.95000076293945,35.96500015258789,605,0.0,0.0,2023-06-28
1695,2023-06-28 10:20:00-04:00,35.96500015258789,35.96500015258789,35.790000915527344,35.88999938964844,2475,0.0,0.0,2023-06-28
1696,2023-06-28 10:25:00-04:00,35.79499816894531,35.79499816894531,35.790000915527344,35.790000915527344,443,0.0,0.0,2023-06-28
1697,2023-06-28 10:30:00-04:00,35.900001525878906,35.900001525878906,35.790000915527344,35.849998474121094,573,0.0,0.0,2023-06-28
1698,2023-06-28 10:35:00-04:00,35.75,35.75,35.72999954223633,35.72999954223633,482,0.0,0.0,2023-06-28
1699,2023-06-28 10:40:00-04:00,35.849998474121094,35.849998474121094,35.849998474121094,35.849998474121094,149,0.0,0.0,2023-06-28
1700,2023-06-28 10:45:00-04:00,35.650001525878906,35.650001525878906,35.58000183105469,35.61000061035156,1665,0.0,0.0,2023-06-28
1701,2023-06-28 10:50:00-04:00,35.66999816894531,35.709999084472656,35.61000061035156,35.65999984741211,1299,0.0,0.0,2023-06-28
1702,2023-06-28 10:55:00-04:00,35.685001373291016,35.685001373291016,35.650699615478516,35.650699615478516,494,0.0,0.0,2023-06-28
1703,2023-06-28 11:00:00-04:00,35.5099983215332,35.5099983215332,35.5099983215332,35.5099983215332,275,0.0,0.0,2023-06-28
1704,2023-06-28 11:10:00-04:00,35.66999816894531,35.959999084472656,35.650001525878906,35.72999954223633,4648,0.0,0.0,2023-06-28
1705,2023-06-28 11:15:00-04:00,35.720001220703125,35.720001220703125,35.650001525878906,35.650001525878906,480,0.0,0.0,2023-06-28
1706,2023-06-28 11:20:00-04:00,35.84000015258789,35.90999984741211,35.79999923706055,35.90999984741211,1462,0.0,0.0,2023-06-28
1707,2023-06-28 11:25:00-04:00,35.90999984741211,35.970001220703125,35.88999938964844,35.970001220703125,871,0.0,0.0,2023-06-28
1708,2023-06-28 11:30:00-04:00,35.95000076293945,36.060001373291016,35.95000076293945,36.040000915527344,1103,0.0,0.0,2023-06-28
1709,2023-06-28 11:35:00-04:00,36.084999084472656,36.084999084472656,36.040000915527344,36.040000915527344,620,0.0,0.0,2023-06-28
1710,2023-06-28 11:45:00-04:00,36.09000015258789,36.130001068115234,36.0,36.03499984741211,1616,0.0,0.0,2023-06-28
1711,2023-06-28 11:50:00-04:00,36.08000183105469,36.099998474121094,36.040000915527344,36.040000915527344,659,0.0,0.0,2023-06-28
1712,2023-06-28 12:00:00-04:00,36.0099983215332,36.060001373291016,35.97999954223633,36.060001373291016,1134,0.0,0.0,2023-06-28
1713,2023-06-28 12:05:00-04:00,35.959999084472656,35.959999084472656,35.959999084472656,35.959999084472656,101,0.0,0.0,2023-06-28
1714,2023-06-28 12:10:00-04:00,36.060001373291016,36.099998474121094,36.04999923706055,36.099998474121094,1098,0.0,0.0,2023-06-28
1715,2023-06-28 12:15:00-04:00,36.209999084472656,36.209999084472656,36.209999084472656,36.209999084472656,118,0.0,0.0,2023-06-28
1716,2023-06-28 12:20:00-04:00,36.150001525878906,36.22999954223633,36.150001525878906,36.22999954223633,636,0.0,0.0,2023-06-28
1717,2023-06-28 12:25:00-04:00,36.157501220703125,36.157501220703125,36.07500076293945,36.07500076293945,455,0.0,0.0,2023-06-28
1718,2023-06-28 12:30:00-04:00,36.18000030517578,36.18000030517578,36.18000030517578,36.18000030517578,202,0.0,0.0,2023-06-28
1719,2023-06-28 12:35:00-04:00,36.150001525878906,36.18000030517578,36.13999938964844,36.14500045776367,3074,0.0,0.0,2023-06-28
1720,2023-06-28 12:40:00-04:00,36.13999938964844,36.13999938964844,35.970001220703125,35.97999954223633,805,0.0,0.0,2023-06-28
1721,2023-06-28 12:45:00-04:00,35.994998931884766,35.994998931884766,35.880001068115234,35.880001068115234,1254,0.0,0.0,2023-06-28
1722,2023-06-28 12:50:00-04:00,35.79499816894531,35.79499816894531,35.68000030517578,35.68000030517578,333,0.0,0.0,2023-06-28
1723,2023-06-28 12:55:00-04:00,35.810001373291016,35.83449935913086,35.790000915527344,35.790000915527344,2103,0.0,0.0,2023-06-28
1724,2023-06-28 13:00:00-04:00,35.81999969482422,35.84000015258789,35.79999923706055,35.79999923706055,1103,0.0,0.0,2023-06-28
1725,2023-06-28 13:15:00-04:00,35.65999984741211,35.65999984741211,35.65999984741211,35.65999984741211,1059,0.0,0.0,2023-06-28
1726,2023-06-28 13:25:00-04:00,35.84000015258789,35.84000015258789,35.80500030517578,35.84000015258789,1277,0.0,0.0,2023-06-28
1727,2023-06-28 13:30:00-04:00,35.810001373291016,35.83000183105469,35.75310134887695,35.779998779296875,1427,0.0,0.0,2023-06-28
1728,2023-06-28 13:35:00-04:00,35.66999816894531,35.66999816894531,35.66999816894531,35.66999816894531,366,0.0,0.0,2023-06-28
1729,2023-06-28 13:40:00-04:00,35.79999923706055,35.83000183105469,35.74039840698242,35.74039840698242,1639,0.0,0.0,2023-06-28
1730,2023-06-28 13:45:00-04:00,35.81999969482422,35.81999969482422,35.77000045776367,35.77000045776367,651,0.0,0.0,2023-06-28
1731,2023-06-28 13:50:00-04:00,35.79499816894531,35.849998474121094,35.79499816894531,35.849998474121094,254,0.0,0.0,2023-06-28
1732,2023-06-28 13:55:00-04:00,35.810001373291016,35.86000061035156,35.810001373291016,35.84000015258789,2269,0.0,0.0,2023-06-28
1733,2023-06-28 14:00:00-04:00,35.83000183105469,35.83000183105469,35.72999954223633,35.72999954223633,7858,0.0,0.0,2023-06-28
1734,2023-06-28 14:05:00-04:00,35.73500061035156,35.73500061035156,35.73500061035156,35.73500061035156,400,0.0,0.0,2023-06-28
1735,2023-06-28 14:10:00-04:00,35.709999084472656,35.75,35.630001068115234,35.630001068115234,2635,0.0,0.0,2023-06-28
1736,2023-06-28 14:15:00-04:00,35.665000915527344,35.720001220703125,35.665000915527344,35.720001220703125,285,0.0,0.0,2023-06-28
1737,2023-06-28 14:20:00-04:00,35.665000915527344,35.665000915527344,35.665000915527344,35.665000915527344,261,0.0,0.0,2023-06-28
1738,2023-06-28 14:25:00-04:00,35.65999984741211,35.66999816894531,35.64500045776367,35.65999984741211,1302,0.0,0.0,2023-06-28
1739,2023-06-28 14:35:00-04:00,35.689998626708984,35.72999954223633,35.689998626708984,35.72999954223633,2107,0.0,0.0,2023-06-28
1740,2023-06-28 14:40:00-04:00,35.779998779296875,35.779998779296875,35.779998779296875,35.779998779296875,359,0.0,0.0,2023-06-28
1741,2023-06-28 14:45:00-04:00,35.779998779296875,35.779998779296875,35.779998779296875,35.779998779296875,337,0.0,0.0,2023-06-28
1742,2023-06-28 14:50:00-04:00,35.79999923706055,35.79999923706055,35.77000045776367,35.79999923706055,1238,0.0,0.0,2023-06-28
1743,2023-06-28 14:55:00-04:00,35.814998626708984,35.814998626708984,35.720001220703125,35.720001220703125,1501,0.0,0.0,2023-06-28
1744,2023-06-28 15:00:00-04:00,35.689998626708984,35.689998626708984,35.689998626708984,35.689998626708984,366,0.0,0.0,2023-06-28
1745,2023-06-28 15:05:00-04:00,35.689998626708984,35.689998626708984,35.689998626708984,35.689998626708984,562,0.0,0.0,2023-06-28
1746,2023-06-28 15:10:00-04:00,35.709999084472656,35.77000045776367,35.709999084472656,35.7599983215332,1897,0.0,0.0,2023-06-28
1747,2023-06-28 15:15:00-04:00,35.77000045776367,35.77000045776367,35.689998626708984,35.689998626708984,713,0.0,0.0,2023-06-28
1748,2023-06-28 15:20:00-04:00,35.7599983215332,35.7599983215332,35.7599983215332,35.7599983215332,167,0.0,0.0,2023-06-28
1749,2023-06-28 15:25:00-04:00,35.77000045776367,35.790000915527344,35.755001068115234,35.755001068115234,1401,0.0,0.0,2023-06-28
1750,2023-06-28 15:30:00-04:00,35.779998779296875,35.79999923706055,35.7400016784668,35.75,2951,0.0,0.0,2023-06-28
1751,2023-06-28 15:35:00-04:00,35.755001068115234,35.810001373291016,35.755001068115234,35.790000915527344,2407,0.0,0.0,2023-06-28
1752,2023-06-28 15:40:00-04:00,35.79999923706055,35.84000015258789,35.78499984741211,35.83000183105469,3650,0.0,0.0,2023-06-28
1753,2023-06-28 15:45:00-04:00,35.86000061035156,35.95000076293945,35.84000015258789,35.939998626708984,3319,0.0,0.0,2023-06-28
1754,2023-06-28 15:50:00-04:00,35.91999816894531,35.91999816894531,35.84000015258789,35.89500045776367,27325,0.0,0.0,2023-06-28
1755,2023-06-28 15:55:00-04:00,35.86000061035156,35.91999816894531,35.79499816894531,35.900001525878906,35020,0.0,0.0,2023-06-28
1756,2023-06-29 09:30:00-04:00,36.130001068115234,36.45000076293945,36.130001068115234,36.38999938964844,3787,0.0,0.0,2023-06-29
1757,2023-06-29 09:35:00-04:00,36.59000015258789,36.665000915527344,36.40999984741211,36.619998931884766,1628,0.0,0.0,2023-06-29
1758,2023-06-29 09:40:00-04:00,36.685001373291016,36.69499969482422,36.529998779296875,36.654998779296875,2273,0.0,0.0,2023-06-29
1759,2023-06-29 09:45:00-04:00,36.650001525878906,36.7400016784668,36.529998779296875,36.7400016784668,1167,0.0,0.0,2023-06-29
1760,2023-06-29 09:50:00-04:00,36.61000061035156,36.650001525878906,36.61000061035156,36.650001525878906,676,0.0,0.0,2023-06-29
1761,2023-06-29 09:55:00-04:00,36.630001068115234,36.75,36.560001373291016,36.75,717,0.0,0.0,2023-06-29
1762,2023-06-29 10:00:00-04:00,36.810001373291016,36.84000015258789,36.810001373291016,36.83000183105469,832,0.0,0.0,2023-06-29
1763,2023-06-29 10:05:00-04:00,36.95000076293945,37.09000015258789,36.95000076293945,37.02000045776367,4024,0.0,0.0,2023-06-29
1764,2023-06-29 10:10:00-04:00,36.900001525878906,36.96500015258789,36.900001525878906,36.959999084472656,1212,0.0,0.0,2023-06-29
1765,2023-06-29 10:20:00-04:00,36.900001525878906,36.900001525878906,36.720001220703125,36.720001220703125,1270,0.0,0.0,2023-06-29
1766,2023-06-29 10:25:00-04:00,36.81999969482422,36.81999969482422,36.720001220703125,36.720001220703125,618,0.0,0.0,2023-06-29
1767,2023-06-29 10:30:00-04:00,36.86000061035156,36.86000061035156,36.86000061035156,36.86000061035156,413,0.0,0.0,2023-06-29
1768,2023-06-29 10:35:00-04:00,36.86000061035156,36.86000061035156,36.77000045776367,36.77000045776367,967,0.0,0.0,2023-06-29
1769,2023-06-29 10:40:00-04:00,36.75,36.880001068115234,36.75,36.880001068115234,1192,0.0,0.0,2023-06-29
1770,2023-06-29 10:45:00-04:00,36.849998474121094,36.880001068115234,36.849998474121094,36.880001068115234,1239,0.0,0.0,2023-06-29
1771,2023-06-29 10:50:00-04:00,36.689998626708984,36.720001220703125,36.685001373291016,36.685001373291016,1052,0.0,0.0,2023-06-29
1772,2023-06-29 10:55:00-04:00,36.68000030517578,36.68000030517578,36.68000030517578,36.68000030517578,613,0.0,0.0,2023-06-29
1773,2023-06-29 11:05:00-04:00,36.70000076293945,36.720001220703125,36.650001525878906,36.65999984741211,1404,0.0,0.0,2023-06-29
1774,2023-06-29 11:10:00-04:00,36.720001220703125,36.72999954223633,36.720001220703125,36.72999954223633,791,0.0,0.0,2023-06-29
1775,2023-06-29 11:15:00-04:00,36.779998779296875,36.81999969482422,36.7599983215332,36.810001373291016,2386,0.0,0.0,2023-06-29
1776,2023-06-29 11:20:00-04:00,36.689998626708984,36.73500061035156,36.65999984741211,36.73500061035156,1118,0.0,0.0,2023-06-29
1777,2023-06-29 11:25:00-04:00,36.650001525878906,36.650001525878906,36.599998474121094,36.599998474121094,475,0.0,0.0,2023-06-29
1778,2023-06-29 11:35:00-04:00,36.65999984741211,36.70000076293945,36.630001068115234,36.70000076293945,2104,0.0,0.0,2023-06-29
1779,2023-06-29 11:40:00-04:00,36.72999954223633,36.72999954223633,36.63999938964844,36.63999938964844,1245,0.0,0.0,2023-06-29
1780,2023-06-29 11:55:00-04:00,36.560001373291016,36.560001373291016,36.560001373291016,36.560001373291016,553,0.0,0.0,2023-06-29
1781,2023-06-29 12:00:00-04:00,36.54999923706055,36.54999923706055,36.54499816894531,36.54499816894531,5353,0.0,0.0,2023-06-29
1782,2023-06-29 12:05:00-04:00,36.560001373291016,36.560001373291016,36.48500061035156,36.52000045776367,8161,0.0,0.0,2023-06-29
1783,2023-06-29 12:10:00-04:00,36.41999816894531,36.45000076293945,36.40999984741211,36.41999816894531,1522,0.0,0.0,2023-06-29
1784,2023-06-29 12:20:00-04:00,36.540000915527344,36.619998931884766,36.540000915527344,36.619998931884766,1904,0.0,0.0,2023-06-29
1785,2023-06-29 12:25:00-04:00,36.65999984741211,36.65999984741211,36.65999984741211,36.65999984741211,104,0.0,0.0,2023-06-29
1786,2023-06-29 12:30:00-04:00,36.685001373291016,36.685001373291016,36.685001373291016,36.685001373291016,1256,0.0,0.0,2023-06-29
1787,2023-06-29 12:45:00-04:00,36.82500076293945,36.82500076293945,36.79999923706055,36.79999923706055,31374,0.0,0.0,2023-06-29
1788,2023-06-29 12:50:00-04:00,36.70000076293945,36.70000076293945,36.650001525878906,36.66999816894531,877,0.0,0.0,2023-06-29
1789,2023-06-29 12:55:00-04:00,36.63999938964844,36.63999938964844,36.63999938964844,36.63999938964844,1445,0.0,0.0,2023-06-29
1790,2023-06-29 13:15:00-04:00,36.58000183105469,36.630001068115234,36.58000183105469,36.630001068115234,633,0.0,0.0,2023-06-29
1791,2023-06-29 13:20:00-04:00,36.63999938964844,36.63999938964844,36.625,36.625,420,0.0,0.0,2023-06-29
1792,2023-06-29 13:25:00-04:00,36.630001068115234,36.65999984741211,36.630001068115234,36.65999984741211,445,0.0,0.0,2023-06-29
1793,2023-06-29 13:30:00-04:00,36.66999816894531,36.709999084472656,36.650001525878906,36.709999084472656,385,0.0,0.0,2023-06-29
1794,2023-06-29 13:35:00-04:00,36.709999084472656,36.709999084472656,36.65999984741211,36.65999984741211,262,0.0,0.0,2023-06-29
1795,2023-06-29 13:40:00-04:00,36.709999084472656,36.709999084472656,36.709999084472656,36.709999084472656,218,0.0,0.0,2023-06-29
1796,2023-06-29 13:45:00-04:00,36.66999816894531,36.66999816894531,36.66999816894531,36.66999816894531,176,0.0,0.0,2023-06-29
1797,2023-06-29 13:50:00-04:00,36.630001068115234,36.63999938964844,36.630001068115234,36.63999938964844,972,0.0,0.0,2023-06-29
1798,2023-06-29 14:05:00-04:00,36.369998931884766,36.380001068115234,36.369998931884766,36.380001068115234,1473,0.0,0.0,2023-06-29
1799,2023-06-29 14:10:00-04:00,36.369998931884766,36.41999816894531,36.369998931884766,36.380001068115234,1221,0.0,0.0,2023-06-29
1800,2023-06-29 14:20:00-04:00,36.5,36.52000045776367,36.47999954223633,36.47999954223633,883,0.0,0.0,2023-06-29
1801,2023-06-29 14:25:00-04:00,36.52000045776367,36.52000045776367,36.52000045776367,36.52000045776367,158,0.0,0.0,2023-06-29
1802,2023-06-29 14:30:00-04:00,36.459999084472656,36.470001220703125,36.459999084472656,36.470001220703125,1304,0.0,0.0,2023-06-29
1803,2023-06-29 14:35:00-04:00,36.47999954223633,36.47999954223633,36.47999954223633,36.47999954223633,766,0.0,0.0,2023-06-29
1804,2023-06-29 14:40:00-04:00,36.459999084472656,36.459999084472656,36.42499923706055,36.42499923706055,1185,0.0,0.0,2023-06-29
1805,2023-06-29 14:45:00-04:00,36.5099983215332,36.5099983215332,36.349998474121094,36.39500045776367,3251,0.0,0.0,2023-06-29
1806,2023-06-29 14:50:00-04:00,36.39500045776367,36.4119987487793,36.39500045776367,36.4119987487793,2399,0.0,0.0,2023-06-29
1807,2023-06-29 14:55:00-04:00,36.380001068115234,36.380001068115234,36.375,36.380001068115234,744,0.0,0.0,2023-06-29
1808,2023-06-29 15:00:00-04:00,36.380001068115234,36.380001068115234,36.220001220703125,36.220001220703125,2480,0.0,0.0,2023-06-29
1809,2023-06-29 15:05:00-04:00,36.16999816894531,36.2400016784668,36.16999816894531,36.185001373291016,2912,0.0,0.0,2023-06-29
1810,2023-06-29 15:10:00-04:00,36.20000076293945,36.220001220703125,36.154998779296875,36.220001220703125,5904,0.0,0.0,2023-06-29
1811,2023-06-29 15:15:00-04:00,36.18000030517578,36.220001220703125,36.13999938964844,36.20000076293945,6037,0.0,0.0,2023-06-29
1812,2023-06-29 15:20:00-04:00,36.220001220703125,36.27000045776367,36.15999984741211,36.209999084472656,8940,0.0,0.0,2023-06-29
1813,2023-06-29 15:25:00-04:00,36.217498779296875,36.27750015258789,36.20500183105469,36.22999954223633,4671,0.0,0.0,2023-06-29
1814,2023-06-29 15:30:00-04:00,36.22999954223633,36.2400016784668,36.165000915527344,36.165000915527344,4475,0.0,0.0,2023-06-29
1815,2023-06-29 15:35:00-04:00,36.18000030517578,36.18000030517578,36.040000915527344,36.06999969482422,10183,0.0,0.0,2023-06-29
1816,2023-06-29 15:40:00-04:00,36.09000015258789,36.15999984741211,36.040000915527344,36.119998931884766,8178,0.0,0.0,2023-06-29
1817,2023-06-29 15:45:00-04:00,36.150001525878906,36.22999954223633,36.09000015258789,36.189998626708984,5580,0.0,0.0,2023-06-29
1818,2023-06-29 15:50:00-04:00,36.22999954223633,36.2400016784668,36.04999923706055,36.04999923706055,9761,0.0,0.0,2023-06-29
1819,2023-06-29 15:55:00-04:00,36.05500030517578,36.09000015258789,35.970001220703125,36.029998779296875,17442,0.0,0.0,2023-06-29
1820,2023-06-30 09:30:00-04:00,36.36000061035156,36.36000061035156,35.91999816894531,36.224998474121094,5812,0.0,0.0,2023-06-30
1821,2023-06-30 09:35:00-04:00,36.185001373291016,36.185001373291016,35.68000030517578,35.880001068115234,6922,0.0,0.0,2023-06-30
1822,2023-06-30 09:40:00-04:00,35.95500183105469,35.95500183105469,35.77000045776367,35.88999938964844,3633,0.0,0.0,2023-06-30
1823,2023-06-30 09:45:00-04:00,35.837501525878906,35.837501525878906,35.47999954223633,35.599998474121094,2628,0.0,0.0,2023-06-30
1824,2023-06-30 09:50:00-04:00,35.599998474121094,35.97999954223633,35.58000183105469,35.77000045776367,2951,0.0,0.0,2023-06-30
1825,2023-06-30 09:55:00-04:00,35.790000915527344,36.04999923706055,35.790000915527344,35.849998474121094,992,0.0,0.0,2023-06-30
1826,2023-06-30 10:00:00-04:00,36.04999923706055,36.09000015258789,35.849998474121094,36.064998626708984,16489,0.0,0.0,2023-06-30
1827,2023-06-30 10:05:00-04:00,36.07500076293945,36.08000183105469,35.970001220703125,36.029998779296875,17969,0.0,0.0,2023-06-30
1828,2023-06-30 10:10:00-04:00,36.02000045776367,36.084999084472656,35.75,35.75,3123,0.0,0.0,2023-06-30
1829,2023-06-30 10:15:00-04:00,35.7599983215332,35.7599983215332,35.4900016784668,35.4900016784668,2354,0.0,0.0,2023-06-30
1830,2023-06-30 10:20:00-04:00,35.53499984741211,35.599998474121094,35.45000076293945,35.560001373291016,2234,0.0,0.0,2023-06-30
1831,2023-06-30 10:25:00-04:00,35.619998931884766,35.79999923706055,35.619998931884766,35.790000915527344,1912,0.0,0.0,2023-06-30
1832,2023-06-30 10:30:00-04:00,35.81999969482422,35.869998931884766,35.66999816894531,35.66999816894531,2258,0.0,0.0,2023-06-30
1833,2023-06-30 10:35:00-04:00,35.709999084472656,35.709999084472656,35.525001525878906,35.525001525878906,1780,0.0,0.0,2023-06-30
1834,2023-06-30 10:40:00-04:00,35.439998626708984,35.474998474121094,35.369998931884766,35.369998931884766,683,0.0,0.0,2023-06-30
1835,2023-06-30 10:45:00-04:00,35.407798767089844,35.407798767089844,35.099998474121094,35.130001068115234,3781,0.0,0.0,2023-06-30
1836,2023-06-30 10:50:00-04:00,35.130001068115234,35.19499969482422,35.130001068115234,35.16999816894531,1194,0.0,0.0,2023-06-30
1837,2023-06-30 10:55:00-04:00,35.13999938964844,35.189998626708984,35.119998931884766,35.16999816894531,3136,0.0,0.0,2023-06-30
1838,2023-06-30 11:00:00-04:00,35.15999984741211,35.189998626708984,35.15999984741211,35.189998626708984,476,0.0,0.0,2023-06-30
1839,2023-06-30 11:05:00-04:00,35.22999954223633,35.310001373291016,35.209999084472656,35.310001373291016,3453,0.0,0.0,2023-06-30
1840,2023-06-30 11:10:00-04:00,35.310001373291016,35.310001373291016,35.220001220703125,35.220001220703125,1914,0.0,0.0,2023-06-30
1841,2023-06-30 11:15:00-04:00,35.220001220703125,35.2400016784668,35.099998474121094,35.15999984741211,2388,0.0,0.0,2023-06-30
1842,2023-06-30 11:20:00-04:00,35.20000076293945,35.25,35.16999816894531,35.209999084472656,1513,0.0,0.0,2023-06-30
1843,2023-06-30 11:25:00-04:00,35.2599983215332,35.2599983215332,35.150001525878906,35.209999084472656,1960,0.0,0.0,2023-06-30
1844,2023-06-30 11:30:00-04:00,35.255001068115234,35.26499938964844,35.19200134277344,35.20000076293945,1862,0.0,0.0,2023-06-30
1845,2023-06-30 11:35:00-04:00,35.209999084472656,35.224998474121094,35.18000030517578,35.18000030517578,2967,0.0,0.0,2023-06-30
1846,2023-06-30 11:40:00-04:00,35.20000076293945,35.27000045776367,35.16999816894531,35.224998474121094,6058,0.0,0.0,2023-06-30
1847,2023-06-30 11:45:00-04:00,35.220001220703125,35.220001220703125,35.16999816894531,35.20500183105469,3624,0.0,0.0,2023-06-30
1848,2023-06-30 11:50:00-04:00,35.14500045776367,35.154998779296875,35.04999923706055,35.04999923706055,1416,0.0,0.0,2023-06-30
1849,2023-06-30 11:55:00-04:00,35.029998779296875,35.040000915527344,35.0099983215332,35.0099983215332,1347,0.0,0.0,2023-06-30
1850,2023-06-30 12:00:00-04:00,35.04999923706055,35.04999923706055,34.869998931884766,34.900001525878906,3886,0.0,0.0,2023-06-30
1851,2023-06-30 12:05:00-04:00,35.02000045776367,35.11000061035156,34.95000076293945,35.040000915527344,1765,0.0,0.0,2023-06-30
1852,2023-06-30 12:10:00-04:00,35.119998931884766,35.119998931884766,35.119998931884766,35.119998931884766,410,0.0,0.0,2023-06-30
1853,2023-06-30 12:15:00-04:00,35.040000915527344,35.06999969482422,35.040000915527344,35.06999969482422,674,0.0,0.0,2023-06-30
1854,2023-06-30 12:20:00-04:00,35.04499816894531,35.04999923706055,35.02000045776367,35.02000045776367,1247,0.0,0.0,2023-06-30
1855,2023-06-30 12:25:00-04:00,35.03499984741211,35.11000061035156,35.03499984741211,35.099998474121094,1385,0.0,0.0,2023-06-30
1856,2023-06-30 12:35:00-04:00,35.130001068115234,35.20000076293945,35.0,35.0,9999,0.0,0.0,2023-06-30
1857,2023-06-30 12:40:00-04:00,35.0,35.099998474121094,35.0,35.04499816894531,1646,0.0,0.0,2023-06-30
1858,2023-06-30 12:45:00-04:00,35.08000183105469,35.08000183105469,34.88999938964844,34.88999938964844,5892,0.0,0.0,2023-06-30
1859,2023-06-30 12:50:00-04:00,34.959999084472656,34.994998931884766,34.93000030517578,34.939998626708984,1514,0.0,0.0,2023-06-30
1860,2023-06-30 12:55:00-04:00,34.86000061035156,34.86000061035156,34.86000061035156,34.86000061035156,570,0.0,0.0,2023-06-30
1861,2023-06-30 13:00:00-04:00,34.86000061035156,34.86000061035156,34.66999816894531,34.720001220703125,5010,0.0,0.0,2023-06-30
1862,2023-06-30 13:05:00-04:00,34.78499984741211,34.81999969482422,34.7400016784668,34.7400016784668,1135,0.0,0.0,2023-06-30
1863,2023-06-30 13:10:00-04:00,34.7599983215332,34.7599983215332,34.7599983215332,34.7599983215332,100,0.0,0.0,2023-06-30
1864,2023-06-30 13:15:00-04:00,34.7599983215332,34.779998779296875,34.755001068115234,34.779998779296875,1484,0.0,0.0,2023-06-30
1865,2023-06-30 13:20:00-04:00,34.810001373291016,34.81999969482422,34.77000045776367,34.81999969482422,630,0.0,0.0,2023-06-30
1866,2023-06-30 13:25:00-04:00,34.83000183105469,34.86000061035156,34.77000045776367,34.77000045776367,1289,0.0,0.0,2023-06-30
1867,2023-06-30 13:35:00-04:00,34.779998779296875,34.810001373291016,34.779998779296875,34.78239822387695,918,0.0,0.0,2023-06-30
1868,2023-06-30 13:45:00-04:00,34.7599983215332,34.7599983215332,34.7599983215332,34.7599983215332,101,0.0,0.0,2023-06-30
1869,2023-06-30 13:50:00-04:00,34.78499984741211,34.81999969482422,34.7599983215332,34.7599983215332,1190,0.0,0.0,2023-06-30
1870,2023-06-30 13:55:00-04:00,34.72999954223633,34.72999954223633,34.72999954223633,34.72999954223633,531,0.0,0.0,2023-06-30
1871,2023-06-30 14:00:00-04:00,34.63999938964844,34.63999938964844,34.599998474121094,34.599998474121094,1296,0.0,0.0,2023-06-30
1872,2023-06-30 14:05:00-04:00,34.75,34.779998779296875,34.70000076293945,34.73500061035156,2087,0.0,0.0,2023-06-30
1873,2023-06-30 14:10:00-04:00,34.73500061035156,34.755001068115234,34.68000030517578,34.72999954223633,2465,0.0,0.0,2023-06-30
1874,2023-06-30 14:15:00-04:00,34.68000030517578,34.77000045776367,34.68000030517578,34.77000045776367,550,0.0,0.0,2023-06-30
1875,2023-06-30 14:20:00-04:00,34.70000076293945,34.709999084472656,34.650001525878906,34.66999816894531,1807,0.0,0.0,2023-06-30
1876,2023-06-30 14:25:00-04:00,34.67499923706055,34.790000915527344,34.67499923706055,34.75,2319,0.0,0.0,2023-06-30
1877,2023-06-30 14:30:00-04:00,34.81999969482422,34.81999969482422,34.70000076293945,34.71500015258789,2132,0.0,0.0,2023-06-30
1878,2023-06-30 14:35:00-04:00,34.75,34.75,34.650001525878906,34.650001525878906,862,0.0,0.0,2023-06-30
1879,2023-06-30 14:40:00-04:00,34.7400016784668,34.75,34.7400016784668,34.75,528,0.0,0.0,2023-06-30
1880,2023-06-30 14:45:00-04:00,34.7400016784668,34.7400016784668,34.689998626708984,34.7400016784668,1578,0.0,0.0,2023-06-30
1881,2023-06-30 14:55:00-04:00,34.65999984741211,34.72999954223633,34.650001525878906,34.650001525878906,1618,0.0,0.0,2023-06-30
1882,2023-06-30 15:00:00-04:00,34.70000076293945,34.70000076293945,34.70000076293945,34.70000076293945,139,0.0,0.0,2023-06-30
1883,2023-06-30 15:05:00-04:00,34.66999816894531,34.689998626708984,34.619998931884766,34.619998931884766,1120,0.0,0.0,2023-06-30
1884,2023-06-30 15:10:00-04:00,34.65999984741211,34.66999816894531,34.619998931884766,34.63999938964844,869,0.0,0.0,2023-06-30
1885,2023-06-30 15:15:00-04:00,34.7067985534668,34.71500015258789,34.66999816894531,34.66999816894531,1620,0.0,0.0,2023-06-30
1886,2023-06-30 15:20:00-04:00,34.63999938964844,34.63999938964844,34.599998474121094,34.599998474121094,1670,0.0,0.0,2023-06-30
1887,2023-06-30 15:25:00-04:00,34.65999984741211,34.68000030517578,34.630001068115234,34.66999816894531,1453,0.0,0.0,2023-06-30
1888,2023-06-30 15:30:00-04:00,34.72999954223633,34.72999954223633,34.689998626708984,34.71500015258789,2790,0.0,0.0,2023-06-30
1889,2023-06-30 15:35:00-04:00,34.71500015258789,34.71500015258789,34.619998931884766,34.65999984741211,1973,0.0,0.0,2023-06-30
1890,2023-06-30 15:40:00-04:00,34.619998931884766,34.66999816894531,34.619998931884766,34.66999816894531,1861,0.0,0.0,2023-06-30
1891,2023-06-30 15:45:00-04:00,34.67499923706055,34.75,34.65999984741211,34.70000076293945,8088,0.0,0.0,2023-06-30
1892,2023-06-30 15:50:00-04:00,34.720001220703125,34.75,34.650001525878906,34.68000030517578,8526,0.0,0.0,2023-06-30
1893,2023-06-30 15:55:00-04:00,34.685001373291016,34.689998626708984,34.47999954223633,34.47999954223633,27774,0.0,0.0,2023-06-30
1894,2023-07-03 09:30:00-04:00,34.619998931884766,35.02000045776367,34.540000915527344,35.02000045776367,2795,0.0,0.0,2023-07-03
1895,2023-07-03 09:35:00-04:00,34.86009979248047,35.380001068115234,34.86009979248047,35.380001068115234,3081,0.0,0.0,2023-07-03
1896,2023-07-03 09:40:00-04:00,35.23030090332031,35.404998779296875,35.02000045776367,35.3650016784668,6098,0.0,0.0,2023-07-03
1897,2023-07-03 09:45:00-04:00,35.33000183105469,35.56999969482422,35.33000183105469,35.5099983215332,1937,0.0,0.0,2023-07-03
1898,2023-07-03 09:50:00-04:00,35.564998626708984,35.564998626708984,35.209999084472656,35.31999969482422,2815,0.0,0.0,2023-07-03
1899,2023-07-03 09:55:00-04:00,35.29999923706055,35.400001525878906,35.25,35.25,5176,0.0,0.0,2023-07-03
1900,2023-07-03 10:00:00-04:00,35.380001068115234,35.400001525878906,35.209999084472656,35.29999923706055,8799,0.0,0.0,2023-07-03
1901,2023-07-03 10:05:00-04:00,35.349998474121094,35.505001068115234,35.33000183105469,35.505001068115234,815,0.0,0.0,2023-07-03
1902,2023-07-03 10:10:00-04:00,35.45000076293945,35.45000076293945,35.36000061035156,35.36000061035156,1467,0.0,0.0,2023-07-03
1903,2023-07-03 10:15:00-04:00,35.46500015258789,35.619998931884766,35.43000030517578,35.619998931884766,1601,0.0,0.0,2023-07-03
1904,2023-07-03 10:20:00-04:00,35.75,35.75,35.59000015258789,35.650001525878906,3178,0.0,0.0,2023-07-03
1905,2023-07-03 10:25:00-04:00,35.59000015258789,35.59000015258789,35.2400016784668,35.279998779296875,4152,0.0,0.0,2023-07-03
1906,2023-07-03 10:30:00-04:00,35.369998931884766,35.41999816894531,35.29999923706055,35.33000183105469,4543,0.0,0.0,2023-07-03
1907,2023-07-03 10:35:00-04:00,35.36000061035156,35.36000061035156,35.15999984741211,35.20000076293945,1954,0.0,0.0,2023-07-03
1908,2023-07-03 10:45:00-04:00,35.2400016784668,35.25,35.15999984741211,35.15999984741211,1322,0.0,0.0,2023-07-03
1909,2023-07-03 10:50:00-04:00,35.11000061035156,35.11000061035156,35.0,35.029998779296875,1487,0.0,0.0,2023-07-03
1910,2023-07-03 10:55:00-04:00,35.04999923706055,35.150001525878906,35.04999923706055,35.130001068115234,2151,0.0,0.0,2023-07-03
1911,2023-07-03 11:00:00-04:00,35.220001220703125,35.31999969482422,35.13999938964844,35.13999938964844,2370,0.0,0.0,2023-07-03
1912,2023-07-03 11:05:00-04:00,35.2599983215332,35.41999816894531,35.2599983215332,35.41999816894531,711,0.0,0.0,2023-07-03
1913,2023-07-03 11:10:00-04:00,35.34000015258789,35.34000015258789,35.34000015258789,35.34000015258789,472,0.0,0.0,2023-07-03
1914,2023-07-03 11:15:00-04:00,35.459999084472656,35.459999084472656,35.290000915527344,35.29999923706055,2831,0.0,0.0,2023-07-03
1915,2023-07-03 11:20:00-04:00,35.33000183105469,35.5099983215332,35.31999969482422,35.45000076293945,5183,0.0,0.0,2023-07-03
1916,2023-07-03 11:25:00-04:00,35.54999923706055,35.66999816894531,35.54999923706055,35.6150016784668,2911,0.0,0.0,2023-07-03
1917,2023-07-03 11:30:00-04:00,35.65999984741211,35.90999984741211,35.65999984741211,35.90999984741211,847,0.0,0.0,2023-07-03
1918,2023-07-03 11:35:00-04:00,35.9900016784668,35.9900016784668,35.84000015258789,35.95500183105469,2500,0.0,0.0,2023-07-03
1919,2023-07-03 11:40:00-04:00,35.90999984741211,35.95000076293945,35.90999984741211,35.95000076293945,954,0.0,0.0,2023-07-03
1920,2023-07-03 11:45:00-04:00,35.95000076293945,35.970001220703125,35.869998931884766,35.939998626708984,3707,0.0,0.0,2023-07-03
1921,2023-07-03 11:50:00-04:00,35.939998626708984,36.189998626708984,35.939998626708984,36.099998474121094,3381,0.0,0.0,2023-07-03
1922,2023-07-03 11:55:00-04:00,36.130001068115234,36.130001068115234,36.04999923706055,36.084999084472656,1637,0.0,0.0,2023-07-03
1923,2023-07-03 12:00:00-04:00,36.08000183105469,36.099998474121094,36.07500076293945,36.07500076293945,649,0.0,0.0,2023-07-03
1924,2023-07-03 12:05:00-04:00,36.07500076293945,36.13999938964844,36.07500076293945,36.130001068115234,2027,0.0,0.0,2023-07-03
1925,2023-07-03 12:10:00-04:00,36.09000015258789,36.095001220703125,35.959999084472656,35.959999084472656,3071,0.0,0.0,2023-07-03
1926,2023-07-03 12:15:00-04:00,36.0,36.0,35.91999816894531,35.91999816894531,1447,0.0,0.0,2023-07-03
1927,2023-07-03 12:20:00-04:00,35.810001373291016,35.810001373291016,35.810001373291016,35.810001373291016,555,0.0,0.0,2023-07-03
1928,2023-07-03 12:25:00-04:00,35.81999969482422,35.865299224853516,35.779998779296875,35.779998779296875,3470,0.0,0.0,2023-07-03
1929,2023-07-03 12:30:00-04:00,35.72999954223633,35.7400016784668,35.70000076293945,35.70000076293945,2478,0.0,0.0,2023-07-03
1930,2023-07-03 12:35:00-04:00,35.7400016784668,35.848201751708984,35.60499954223633,35.848201751708984,12231,0.0,0.0,2023-07-03
1931,2023-07-03 12:40:00-04:00,35.827598571777344,35.827598571777344,35.61000061035156,35.66999816894531,5756,0.0,0.0,2023-07-03
1932,2023-07-05 09:30:00-04:00,35.470001220703125,35.880001068115234,35.369998931884766,35.7599983215332,2199,0.0,0.0,2023-07-05
1933,2023-07-05 09:35:00-04:00,35.25,35.25,35.04999923706055,35.22999954223633,2240,0.0,0.0,2023-07-05
1934,2023-07-05 09:40:00-04:00,35.224998474121094,35.399898529052734,34.560001373291016,34.560001373291016,4670,0.0,0.0,2023-07-05
1935,2023-07-05 09:45:00-04:00,34.502601623535156,34.86000061035156,34.502601623535156,34.86000061035156,1447,0.0,0.0,2023-07-05
1936,2023-07-05 09:50:00-04:00,34.849998474121094,34.85499954223633,34.790000915527344,34.84000015258789,1190,0.0,0.0,2023-07-05
1937,2023-07-05 09:55:00-04:00,34.72999954223633,34.72999954223633,34.689998626708984,34.689998626708984,1270,0.0,0.0,2023-07-05
1938,2023-07-05 10:00:00-04:00,34.93000030517578,34.93000030517578,34.91999816894531,34.91999816894531,1168,0.0,0.0,2023-07-05
1939,2023-07-05 10:05:00-04:00,35.060001373291016,35.060001373291016,35.060001373291016,35.060001373291016,592,0.0,0.0,2023-07-05
1940,2023-07-05 10:10:00-04:00,35.13999938964844,35.13999938964844,35.13999938964844,35.13999938964844,683,0.0,0.0,2023-07-05
1941,2023-07-05 10:15:00-04:00,35.040000915527344,35.11000061035156,35.0099983215332,35.11000061035156,2799,0.0,0.0,2023-07-05
1942,2023-07-05 10:25:00-04:00,35.189998626708984,35.189998626708984,35.01599884033203,35.01599884033203,1686,0.0,0.0,2023-07-05
1943,2023-07-05 10:30:00-04:00,35.06999969482422,35.147499084472656,35.040000915527344,35.147499084472656,2303,0.0,0.0,2023-07-05
1944,2023-07-05 10:40:00-04:00,35.20000076293945,35.2400016784668,35.20000076293945,35.2400016784668,1033,0.0,0.0,2023-07-05
1945,2023-07-05 10:45:00-04:00,35.2599983215332,35.2599983215332,35.150001525878906,35.224998474121094,1571,0.0,0.0,2023-07-05
1946,2023-07-05 10:50:00-04:00,35.41999816894531,35.41999816894531,35.39500045776367,35.39500045776367,1243,0.0,0.0,2023-07-05
1947,2023-07-05 10:55:00-04:00,35.630001068115234,35.65999984741211,35.630001068115234,35.65999984741211,670,0.0,0.0,2023-07-05
1948,2023-07-05 11:00:00-04:00,35.625,35.625,35.619998931884766,35.619998931884766,931,0.0,0.0,2023-07-05
1949,2023-07-05 11:05:00-04:00,35.4900016784668,35.4900016784668,35.4900016784668,35.4900016784668,3424,0.0,0.0,2023-07-05
1950,2023-07-05 11:10:00-04:00,35.4900016784668,35.4900016784668,35.4900016784668,35.4900016784668,762,0.0,0.0,2023-07-05
1951,2023-07-05 11:15:00-04:00,35.619998931884766,35.619998931884766,35.619998931884766,35.619998931884766,409,0.0,0.0,2023-07-05
1952,2023-07-05 11:20:00-04:00,35.689998626708984,35.709999084472656,35.689998626708984,35.709999084472656,1144,0.0,0.0,2023-07-05
1953,2023-07-05 11:25:00-04:00,35.810001373291016,35.810001373291016,35.810001373291016,35.810001373291016,528,0.0,0.0,2023-07-05
1954,2023-07-05 11:30:00-04:00,35.880001068115234,36.040000915527344,35.869998931884766,36.029998779296875,2104,0.0,0.0,2023-07-05
1955,2023-07-05 11:35:00-04:00,36.06999969482422,36.189998626708984,36.06999969482422,36.189998626708984,2331,0.0,0.0,2023-07-05
1956,2023-07-05 11:40:00-04:00,35.9900016784668,36.0,35.939998626708984,35.970001220703125,2635,0.0,0.0,2023-07-05
1957,2023-07-05 12:00:00-04:00,35.95500183105469,35.95500183105469,35.95500183105469,35.95500183105469,125,0.0,0.0,2023-07-05
1958,2023-07-05 12:05:00-04:00,35.970001220703125,35.970001220703125,35.970001220703125,35.970001220703125,183,0.0,0.0,2023-07-05
1959,2023-07-05 12:10:00-04:00,35.9900016784668,35.9900016784668,35.970001220703125,35.970001220703125,862,0.0,0.0,2023-07-05
1960,2023-07-05 12:15:00-04:00,35.935001373291016,35.935001373291016,35.93000030517578,35.93000030517578,419,0.0,0.0,2023-07-05
1961,2023-07-05 12:20:00-04:00,35.93000030517578,35.93000030517578,35.900001525878906,35.900001525878906,2348,0.0,0.0,2023-07-05
1962,2023-07-05 12:30:00-04:00,35.85499954223633,35.869998931884766,35.85499954223633,35.869998931884766,786,0.0,0.0,2023-07-05
1963,2023-07-05 12:35:00-04:00,35.814998626708984,35.814998626708984,35.814998626708984,35.814998626708984,607,0.0,0.0,2023-07-05
1964,2023-07-05 12:40:00-04:00,35.810001373291016,35.810001373291016,35.79999923706055,35.79999923706055,405,0.0,0.0,2023-07-05
1965,2023-07-05 12:45:00-04:00,35.79999923706055,35.79999923706055,35.79999923706055,35.79999923706055,263,0.0,0.0,2023-07-05
1966,2023-07-05 12:50:00-04:00,35.779998779296875,35.779998779296875,35.7599983215332,35.7599983215332,2450,0.0,0.0,2023-07-05
1967,2023-07-05 13:10:00-04:00,35.810001373291016,35.810001373291016,35.810001373291016,35.810001373291016,221,0.0,0.0,2023-07-05
1968,2023-07-05 13:15:00-04:00,35.880001068115234,35.959999084472656,35.880001068115234,35.95000076293945,1345,0.0,0.0,2023-07-05
1969,2023-07-05 13:20:00-04:00,35.959999084472656,35.959999084472656,35.959999084472656,35.959999084472656,615,0.0,0.0,2023-07-05
1970,2023-07-05 13:25:00-04:00,35.939998626708984,35.959999084472656,35.875,35.875,3202,0.0,0.0,2023-07-05
1971,2023-07-05 13:35:00-04:00,35.869998931884766,35.869998931884766,35.869998931884766,35.869998931884766,585,0.0,0.0,2023-07-05
1972,2023-07-05 13:45:00-04:00,35.959999084472656,35.970001220703125,35.869998931884766,35.869998931884766,3330,0.0,0.0,2023-07-05
1973,2023-07-05 13:50:00-04:00,35.900001525878906,35.90850067138672,35.900001525878906,35.90850067138672,644,0.0,0.0,2023-07-05
1974,2023-07-05 13:55:00-04:00,35.900001525878906,35.939998626708984,35.900001525878906,35.90999984741211,442,0.0,0.0,2023-07-05
1975,2023-07-05 14:00:00-04:00,35.90999984741211,35.90999984741211,35.90999984741211,35.90999984741211,652,0.0,0.0,2023-07-05
1976,2023-07-05 14:05:00-04:00,35.97079849243164,35.97079849243164,35.904998779296875,35.96500015258789,1953,0.0,0.0,2023-07-05
1977,2023-07-05 14:10:00-04:00,35.93000030517578,35.93000030517578,35.88999938964844,35.90999984741211,1853,0.0,0.0,2023-07-05
1978,2023-07-05 14:15:00-04:00,35.83000183105469,35.8650016784668,35.79999923706055,35.8650016784668,989,0.0,0.0,2023-07-05
1979,2023-07-05 14:20:00-04:00,35.845001220703125,35.939998626708984,35.845001220703125,35.939998626708984,1684,0.0,0.0,2023-07-05
1980,2023-07-05 14:25:00-04:00,35.959999084472656,36.040000915527344,35.95000076293945,35.9900016784668,16737,0.0,0.0,2023-07-05
1981,2023-07-05 14:30:00-04:00,35.9900016784668,36.029998779296875,35.9900016784668,36.029998779296875,12367,0.0,0.0,2023-07-05
1982,2023-07-05 14:35:00-04:00,36.0099983215332,36.09000015258789,36.0099983215332,36.08000183105469,20170,0.0,0.0,2023-07-05
1983,2023-07-05 14:40:00-04:00,36.084999084472656,36.20000076293945,36.084999084472656,36.18000030517578,7975,0.0,0.0,2023-07-05
1984,2023-07-05 14:45:00-04:00,36.150001525878906,36.15999984741211,35.83000183105469,35.8849983215332,9750,0.0,0.0,2023-07-05
1985,2023-07-05 14:50:00-04:00,35.86000061035156,35.9900016784668,35.86000061035156,35.9900016784668,2083,0.0,0.0,2023-07-05
1986,2023-07-05 14:55:00-04:00,35.93000030517578,36.0,35.88999938964844,35.91999816894531,3999,0.0,0.0,2023-07-05
1987,2023-07-05 15:00:00-04:00,35.93000030517578,35.93000030517578,35.869998931884766,35.869998931884766,1802,0.0,0.0,2023-07-05
1988,2023-07-05 15:05:00-04:00,35.875,35.959999084472656,35.875,35.959999084472656,1831,0.0,0.0,2023-07-05
1989,2023-07-05 15:10:00-04:00,35.93000030517578,35.93000030517578,35.89910125732422,35.89910125732422,1438,0.0,0.0,2023-07-05
1990,2023-07-05 15:15:00-04:00,35.95000076293945,35.95000076293945,35.91999816894531,35.91999816894531,928,0.0,0.0,2023-07-05
1991,2023-07-05 15:20:00-04:00,35.88999938964844,35.88999938964844,35.81999969482422,35.83000183105469,2929,0.0,0.0,2023-07-05
1992,2023-07-05 15:25:00-04:00,35.83000183105469,35.91999816894531,35.83000183105469,35.900001525878906,3049,0.0,0.0,2023-07-05
1993,2023-07-05 15:30:00-04:00,35.84000015258789,35.84000015258789,35.69499969482422,35.790000915527344,3213,0.0,0.0,2023-07-05
1994,2023-07-05 15:35:00-04:00,35.86000061035156,35.93000030517578,35.81999969482422,35.81999969482422,2979,0.0,0.0,2023-07-05
1995,2023-07-05 15:40:00-04:00,35.849998474121094,35.880001068115234,35.79999923706055,35.880001068115234,3341,0.0,0.0,2023-07-05
1996,2023-07-05 15:45:00-04:00,35.849998474121094,35.880001068115234,35.810001373291016,35.83000183105469,6922,0.0,0.0,2023-07-05
1997,2023-07-05 15:50:00-04:00,35.790000915527344,35.869998931884766,35.599998474121094,35.790000915527344,25385,0.0,0.0,2023-07-05
1998,2023-07-05 15:55:00-04:00,35.7599983215332,35.83000183105469,35.70500183105469,35.7400016784668,22093,0.0,0.0,2023-07-05
1999,2023-07-06 09:30:00-04:00,35.22999954223633,35.47999954223633,35.22999954223633,35.47999954223633,1826,0.0,0.0,2023-07-06
2000,2023-07-06 09:35:00-04:00,34.900001525878906,34.900001525878906,34.810001373291016,34.810001373291016,1045,0.0,0.0,2023-07-06
2001,2023-07-06 09:40:00-04:00,34.70000076293945,34.95669937133789,34.619998931884766,34.619998931884766,1048,0.0,0.0,2023-07-06
2002,2023-07-06 09:45:00-04:00,34.310001373291016,34.790000915527344,34.310001373291016,34.75,3861,0.0,0.0,2023-07-06
2003,2023-07-06 09:50:00-04:00,34.52000045776367,34.52000045776367,34.52000045776367,34.52000045776367,121,0.0,0.0,2023-07-06
2004,2023-07-06 09:55:00-04:00,34.470001220703125,34.560001373291016,34.470001220703125,34.560001373291016,1387,0.0,0.0,2023-07-06
2005,2023-07-06 10:00:00-04:00,34.349998474121094,34.589298248291016,34.349998474121094,34.4900016784668,1877,0.0,0.0,2023-07-06
2006,2023-07-06 10:05:00-04:00,34.59000015258789,34.630001068115234,34.439998626708984,34.630001068115234,3927,0.0,0.0,2023-07-06
2007,2023-07-06 10:10:00-04:00,34.47999954223633,34.619998931884766,34.29999923706055,34.59000015258789,6985,0.0,0.0,2023-07-06
2008,2023-07-06 10:15:00-04:00,34.599998474121094,34.599998474121094,34.400001525878906,34.400001525878906,1807,0.0,0.0,2023-07-06
2009,2023-07-06 10:20:00-04:00,34.529998779296875,34.709999084472656,34.529998779296875,34.709999084472656,2176,0.0,0.0,2023-07-06
2010,2023-07-06 10:25:00-04:00,34.529998779296875,34.529998779296875,34.470001220703125,34.47999954223633,1675,0.0,0.0,2023-07-06
2011,2023-07-06 10:30:00-04:00,34.470001220703125,34.470001220703125,34.470001220703125,34.470001220703125,970,0.0,0.0,2023-07-06
2012,2023-07-06 10:35:00-04:00,34.5099983215332,34.5099983215332,34.36000061035156,34.36000061035156,2355,0.0,0.0,2023-07-06
2013,2023-07-06 10:40:00-04:00,34.5,34.5,34.5,34.5,230,0.0,0.0,2023-07-06
2014,2023-07-06 10:45:00-04:00,34.61000061035156,34.72999954223633,34.4900016784668,34.4900016784668,1566,0.0,0.0,2023-07-06
2015,2023-07-06 10:50:00-04:00,34.470001220703125,34.59000015258789,34.459999084472656,34.59000015258789,1637,0.0,0.0,2023-07-06
2016,2023-07-06 10:55:00-04:00,34.52000045776367,34.52000045776367,34.52000045776367,34.52000045776367,736,0.0,0.0,2023-07-06
2017,2023-07-06 11:00:00-04:00,34.470001220703125,34.470001220703125,34.470001220703125,34.470001220703125,277,0.0,0.0,2023-07-06
2018,2023-07-06 11:05:00-04:00,34.54999923706055,34.60499954223633,34.54999923706055,34.599998474121094,1174,0.0,0.0,2023-07-06
2019,2023-07-06 11:10:00-04:00,34.599998474121094,34.720001220703125,34.599998474121094,34.68000030517578,2201,0.0,0.0,2023-07-06
2020,2023-07-06 11:15:00-04:00,34.619998931884766,34.619998931884766,34.599998474121094,34.599998474121094,2024,0.0,0.0,2023-07-06
2021,2023-07-06 11:20:00-04:00,34.459999084472656,34.619998931884766,34.459999084472656,34.619998931884766,774,0.0,0.0,2023-07-06
2022,2023-07-06 11:25:00-04:00,34.54999923706055,34.54999923706055,34.54999923706055,34.54999923706055,929,0.0,0.0,2023-07-06
2023,2023-07-06 11:30:00-04:00,34.619998931884766,34.73500061035156,34.619998931884766,34.619998931884766,1322,0.0,0.0,2023-07-06
2024,2023-07-06 11:40:00-04:00,34.73500061035156,34.79999923706055,34.73500061035156,34.77000045776367,1048,0.0,0.0,2023-07-06
2025,2023-07-06 11:45:00-04:00,34.73500061035156,34.7599983215332,34.73500061035156,34.7599983215332,434,0.0,0.0,2023-07-06
2026,2023-07-06 11:50:00-04:00,34.77000045776367,34.77000045776367,34.77000045776367,34.77000045776367,326,0.0,0.0,2023-07-06
2027,2023-07-06 11:55:00-04:00,34.810001373291016,34.82500076293945,34.810001373291016,34.82500076293945,1066,0.0,0.0,2023-07-06
2028,2023-07-06 12:05:00-04:00,34.79999923706055,34.79999923706055,34.7400016784668,34.790000915527344,1650,0.0,0.0,2023-07-06
2029,2023-07-06 12:10:00-04:00,34.790000915527344,34.79999923706055,34.790000915527344,34.79999923706055,773,0.0,0.0,2023-07-06
2030,2023-07-06 12:15:00-04:00,34.720001220703125,34.720001220703125,34.709999084472656,34.709999084472656,461,0.0,0.0,2023-07-06
2031,2023-07-06 12:20:00-04:00,34.640098571777344,34.685001373291016,34.640098571777344,34.685001373291016,907,0.0,0.0,2023-07-06
2032,2023-07-06 12:25:00-04:00,34.650001525878906,34.650001525878906,34.630001068115234,34.650001525878906,492,0.0,0.0,2023-07-06
2033,2023-07-06 12:30:00-04:00,34.56999969482422,34.56999969482422,34.56999969482422,34.56999969482422,1061,0.0,0.0,2023-07-06
2034,2023-07-06 12:40:00-04:00,34.540000915527344,34.560001373291016,34.540000915527344,34.560001373291016,987,0.0,0.0,2023-07-06
2035,2023-07-06 12:45:00-04:00,34.58000183105469,34.619998931884766,34.58000183105469,34.619998931884766,767,0.0,0.0,2023-07-06
2036,2023-07-06 12:50:00-04:00,34.599998474121094,34.599998474121094,34.599998474121094,34.599998474121094,652,0.0,0.0,2023-07-06
2037,2023-07-06 12:55:00-04:00,34.58000183105469,34.58000183105469,34.58000183105469,34.58000183105469,573,0.0,0.0,2023-07-06
2038,2023-07-06 13:10:00-04:00,34.61000061035156,34.650001525878906,34.61000061035156,34.650001525878906,1046,0.0,0.0,2023-07-06
2039,2023-07-06 13:20:00-04:00,34.650001525878906,34.68000030517578,34.650001525878906,34.68000030517578,723,0.0,0.0,2023-07-06
2040,2023-07-06 13:25:00-04:00,34.650001525878906,34.650001525878906,34.59450149536133,34.59450149536133,2229,0.0,0.0,2023-07-06
2041,2023-07-06 13:40:00-04:00,34.599998474121094,34.630001068115234,34.599998474121094,34.630001068115234,1338,0.0,0.0,2023-07-06
2042,2023-07-06 13:45:00-04:00,34.56340026855469,34.56340026855469,34.56340026855469,34.56340026855469,532,0.0,0.0,2023-07-06
2043,2023-07-06 13:50:00-04:00,34.599998474121094,34.66999816894531,34.599998474121094,34.650001525878906,1108,0.0,0.0,2023-07-06
2044,2023-07-06 13:55:00-04:00,34.68000030517578,34.68000030517578,34.6349983215332,34.6349983215332,844,0.0,0.0,2023-07-06
2045,2023-07-06 14:05:00-04:00,34.619998931884766,34.619998931884766,34.619998931884766,34.619998931884766,706,0.0,0.0,2023-07-06
2046,2023-07-06 14:10:00-04:00,34.58000183105469,34.58000183105469,34.58000183105469,34.58000183105469,694,0.0,0.0,2023-07-06
2047,2023-07-06 14:15:00-04:00,34.619998931884766,34.689998626708984,34.619998931884766,34.689998626708984,1300,0.0,0.0,2023-07-06
2048,2023-07-06 14:20:00-04:00,34.650001525878906,34.66999816894531,34.650001525878906,34.650001525878906,978,0.0,0.0,2023-07-06
2049,2023-07-06 14:25:00-04:00,34.709999084472656,34.7599983215332,34.709999084472656,34.7599983215332,1492,0.0,0.0,2023-07-06
2050,2023-07-06 14:30:00-04:00,34.79999923706055,34.79999923706055,34.790000915527344,34.790000915527344,1331,0.0,0.0,2023-07-06
2051,2023-07-06 14:40:00-04:00,34.77000045776367,34.81999969482422,34.7599983215332,34.81999969482422,1844,0.0,0.0,2023-07-06
2052,2023-07-06 14:45:00-04:00,34.849998474121094,34.900001525878906,34.849998474121094,34.869998931884766,1009,0.0,0.0,2023-07-06
2053,2023-07-06 14:50:00-04:00,34.869998931884766,34.869998931884766,34.869998931884766,34.869998931884766,322,0.0,0.0,2023-07-06
2054,2023-07-06 14:55:00-04:00,34.91999816894531,34.91999816894531,34.91999816894531,34.91999816894531,678,0.0,0.0,2023-07-06
2055,2023-07-06 15:00:00-04:00,34.849998474121094,34.849998474121094,34.849998474121094,34.849998474121094,460,0.0,0.0,2023-07-06
2056,2023-07-06 15:05:00-04:00,34.779998779296875,34.86000061035156,34.779998779296875,34.86000061035156,1563,0.0,0.0,2023-07-06
2057,2023-07-06 15:10:00-04:00,34.85499954223633,34.85499954223633,34.810001373291016,34.810001373291016,529,0.0,0.0,2023-07-06
2058,2023-07-06 15:15:00-04:00,34.86000061035156,34.900001525878906,34.834999084472656,34.900001525878906,1043,0.0,0.0,2023-07-06
2059,2023-07-06 15:20:00-04:00,34.83000183105469,34.849998474121094,34.83000183105469,34.84000015258789,1931,0.0,0.0,2023-07-06
2060,2023-07-06 15:30:00-04:00,34.84000015258789,34.84000015258789,34.81999969482422,34.81999969482422,1538,0.0,0.0,2023-07-06
2061,2023-07-06 15:35:00-04:00,34.86000061035156,34.900001525878906,34.86000061035156,34.86000061035156,1497,0.0,0.0,2023-07-06
2062,2023-07-06 15:40:00-04:00,34.869998931884766,34.869998931884766,34.77000045776367,34.779998779296875,3273,0.0,0.0,2023-07-06
2063,2023-07-06 15:45:00-04:00,34.689998626708984,34.7599983215332,34.689998626708984,34.7599983215332,3604,0.0,0.0,2023-07-06
2064,2023-07-06 15:50:00-04:00,34.797000885009766,34.869998931884766,34.797000885009766,34.849998474121094,4396,0.0,0.0,2023-07-06
2065,2023-07-06 15:55:00-04:00,34.880001068115234,35.02000045776367,34.880001068115234,34.959999084472656,13376,0.0,0.0,2023-07-06
2066,2023-07-07 09:30:00-04:00,35.06999969482422,35.06999969482422,35.06999969482422,35.06999969482422,2348,0.0,0.0,2023-07-07
2067,2023-07-07 09:35:00-04:00,35.2400016784668,35.279998779296875,35.2400016784668,35.27000045776367,769,0.0,0.0,2023-07-07
2068,2023-07-07 09:40:00-04:00,35.4900016784668,35.4900016784668,35.2400016784668,35.2400016784668,805,0.0,0.0,2023-07-07
2069,2023-07-07 09:50:00-04:00,35.5,35.61000061035156,35.369998931884766,35.369998931884766,1789,0.0,0.0,2023-07-07
2070,2023-07-07 09:55:00-04:00,35.459999084472656,35.459999084472656,35.3120002746582,35.3120002746582,233,0.0,0.0,2023-07-07
2071,2023-07-07 10:00:00-04:00,35.400001525878906,35.45000076293945,35.400001525878906,35.40999984741211,2125,0.0,0.0,2023-07-07
2072,2023-07-07 10:05:00-04:00,35.189998626708984,35.189998626708984,35.189998626708984,35.189998626708984,417,0.0,0.0,2023-07-07
2073,2023-07-07 10:10:00-04:00,35.290000915527344,35.36000061035156,35.290000915527344,35.36000061035156,1093,0.0,0.0,2023-07-07
2074,2023-07-07 10:15:00-04:00,35.38999938964844,35.38999938964844,35.345001220703125,35.345001220703125,919,0.0,0.0,2023-07-07
2075,2023-07-07 10:20:00-04:00,35.470001220703125,35.5099983215332,35.380001068115234,35.380001068115234,2039,0.0,0.0,2023-07-07
2076,2023-07-07 10:30:00-04:00,35.369998931884766,35.369998931884766,35.369998931884766,35.369998931884766,603,0.0,0.0,2023-07-07
2077,2023-07-07 10:40:00-04:00,35.5099983215332,35.5099983215332,35.5099983215332,35.5099983215332,689,0.0,0.0,2023-07-07
2078,2023-07-07 10:50:00-04:00,35.4900016784668,35.5099983215332,35.40999984741211,35.5,1711,0.0,0.0,2023-07-07
2079,2023-07-07 10:55:00-04:00,35.529998779296875,35.63999938964844,35.529998779296875,35.63999938964844,1090,0.0,0.0,2023-07-07
2080,2023-07-07 11:00:00-04:00,35.64339828491211,35.68000030517578,35.64339828491211,35.68000030517578,559,0.0,0.0,2023-07-07
2081,2023-07-07 11:05:00-04:00,35.79499816894531,35.83000183105469,35.79499816894531,35.83000183105469,507,0.0,0.0,2023-07-07
2082,2023-07-07 11:10:00-04:00,35.79999923706055,35.79999923706055,35.79999923706055,35.79999923706055,150,0.0,0.0,2023-07-07
2083,2023-07-07 11:15:00-04:00,35.790000915527344,35.790000915527344,35.790000915527344,35.790000915527344,547,0.0,0.0,2023-07-07
2084,2023-07-07 11:20:00-04:00,35.83000183105469,35.939998626708984,35.83000183105469,35.91999816894531,1643,0.0,0.0,2023-07-07
2085,2023-07-07 11:25:00-04:00,35.935001373291016,35.970001220703125,35.935001373291016,35.970001220703125,641,0.0,0.0,2023-07-07
2086,2023-07-07 11:30:00-04:00,35.94029998779297,36.060001373291016,35.94029998779297,36.060001373291016,1361,0.0,0.0,2023-07-07
2087,2023-07-07 11:35:00-04:00,35.97999954223633,35.97999954223633,35.97999954223633,35.97999954223633,162,0.0,0.0,2023-07-07
2088,2023-07-07 11:40:00-04:00,35.959999084472656,35.959999084472656,35.93000030517578,35.93000030517578,1860,0.0,0.0,2023-07-07
2089,2023-07-07 11:55:00-04:00,35.82500076293945,35.82500076293945,35.82500076293945,35.82500076293945,448,0.0,0.0,2023-07-07
2090,2023-07-07 12:00:00-04:00,35.810001373291016,35.810001373291016,35.810001373291016,35.810001373291016,255,0.0,0.0,2023-07-07
2091,2023-07-07 12:05:00-04:00,35.83000183105469,35.83000183105469,35.720001220703125,35.720001220703125,3572,0.0,0.0,2023-07-07
2092,2023-07-07 12:10:00-04:00,35.720001220703125,35.720001220703125,35.65999984741211,35.65999984741211,1568,0.0,0.0,2023-07-07
2093,2023-07-07 12:15:00-04:00,35.685001373291016,35.70000076293945,35.65999984741211,35.65999984741211,658,0.0,0.0,2023-07-07
2094,2023-07-07 12:20:00-04:00,35.650001525878906,35.650001525878906,35.650001525878906,35.650001525878906,364,0.0,0.0,2023-07-07
2095,2023-07-07 12:25:00-04:00,35.72999954223633,35.810001373291016,35.72999954223633,35.810001373291016,2024,0.0,0.0,2023-07-07
2096,2023-07-07 12:30:00-04:00,35.720001220703125,35.720001220703125,35.66749954223633,35.720001220703125,1628,0.0,0.0,2023-07-07
2097,2023-07-07 12:35:00-04:00,35.7599983215332,35.77000045776367,35.7400016784668,35.7599983215332,2070,0.0,0.0,2023-07-07
2098,2023-07-07 12:40:00-04:00,35.77000045776367,35.88999938964844,35.7599983215332,35.88999938964844,1267,0.0,0.0,2023-07-07
2099,2023-07-07 12:45:00-04:00,35.84000015258789,35.84000015258789,35.810001373291016,35.810001373291016,1102,0.0,0.0,2023-07-07
2100,2023-07-07 12:50:00-04:00,35.83000183105469,35.849998474121094,35.83000183105469,35.849998474121094,894,0.0,0.0,2023-07-07
2101,2023-07-07 12:55:00-04:00,35.91999816894531,35.91999816894531,35.91999816894531,35.91999816894531,1214,0.0,0.0,2023-07-07
2102,2023-07-07 13:20:00-04:00,35.907501220703125,35.907501220703125,35.907501220703125,35.907501220703125,168,0.0,0.0,2023-07-07
2103,2023-07-07 13:25:00-04:00,35.939998626708984,35.939998626708984,35.90999984741211,35.90999984741211,403,0.0,0.0,2023-07-07
2104,2023-07-07 13:30:00-04:00,35.92499923706055,35.9275016784668,35.849998474121094,35.869998931884766,2896,0.0,0.0,2023-07-07
2105,2023-07-07 13:35:00-04:00,35.849998474121094,35.849998474121094,35.810001373291016,35.810001373291016,687,0.0,0.0,2023-07-07
2106,2023-07-07 13:40:00-04:00,35.817501068115234,35.817501068115234,35.790000915527344,35.790000915527344,565,0.0,0.0,2023-07-07
2107,2023-07-07 13:45:00-04:00,35.880001068115234,35.880001068115234,35.8650016784668,35.869998931884766,1769,0.0,0.0,2023-07-07
2108,2023-07-07 13:50:00-04:00,35.869998931884766,35.869998931884766,35.83000183105469,35.83000183105469,1275,0.0,0.0,2023-07-07
2109,2023-07-07 13:55:00-04:00,35.779998779296875,35.779998779296875,35.779998779296875,35.779998779296875,672,0.0,0.0,2023-07-07
2110,2023-07-07 14:00:00-04:00,35.790000915527344,35.790000915527344,35.790000915527344,35.790000915527344,828,0.0,0.0,2023-07-07
2111,2023-07-07 14:05:00-04:00,35.75680160522461,35.79750061035156,35.75680160522461,35.790000915527344,1457,0.0,0.0,2023-07-07
2112,2023-07-07 14:10:00-04:00,35.75,35.79999923706055,35.75,35.79999923706055,2408,0.0,0.0,2023-07-07
2113,2023-07-07 14:15:00-04:00,35.7599983215332,35.7599983215332,35.720001220703125,35.720001220703125,846,0.0,0.0,2023-07-07
2114,2023-07-07 14:20:00-04:00,35.7599983215332,35.83000183105469,35.7599983215332,35.83000183105469,1289,0.0,0.0,2023-07-07
2115,2023-07-07 14:25:00-04:00,35.810001373291016,35.90999984741211,35.810001373291016,35.90999984741211,976,0.0,0.0,2023-07-07
2116,2023-07-07 14:30:00-04:00,35.869998931884766,35.869998931884766,35.869998931884766,35.869998931884766,259,0.0,0.0,2023-07-07
2117,2023-07-07 14:35:00-04:00,35.850101470947266,35.88999938964844,35.850101470947266,35.88999938964844,1236,0.0,0.0,2023-07-07
2118,2023-07-07 14:40:00-04:00,35.88999938964844,35.88999938964844,35.869998931884766,35.869998931884766,677,0.0,0.0,2023-07-07
2119,2023-07-07 14:45:00-04:00,35.86000061035156,35.88999938964844,35.86000061035156,35.88999938964844,2112,0.0,0.0,2023-07-07
2120,2023-07-07 14:50:00-04:00,35.86000061035156,35.86000061035156,35.7599983215332,35.7599983215332,2642,0.0,0.0,2023-07-07
2121,2023-07-07 14:55:00-04:00,35.790000915527344,35.79999923706055,35.744998931884766,35.76499938964844,1523,0.0,0.0,2023-07-07
2122,2023-07-07 15:00:00-04:00,35.76750183105469,35.83000183105469,35.76750183105469,35.81999969482422,4125,0.0,0.0,2023-07-07
2123,2023-07-07 15:05:00-04:00,35.849998474121094,35.849998474121094,35.849998474121094,35.849998474121094,965,0.0,0.0,2023-07-07
2124,2023-07-07 15:10:00-04:00,35.849998474121094,35.880001068115234,35.84000015258789,35.880001068115234,756,0.0,0.0,2023-07-07
2125,2023-07-07 15:15:00-04:00,35.84159851074219,35.869998931884766,35.834999084472656,35.869998931884766,3170,0.0,0.0,2023-07-07
2126,2023-07-07 15:20:00-04:00,35.869998931884766,35.869998931884766,35.790000915527344,35.790000915527344,2301,0.0,0.0,2023-07-07
2127,2023-07-07 15:25:00-04:00,35.83000183105469,35.869998931884766,35.83000183105469,35.869998931884766,2318,0.0,0.0,2023-07-07
2128,2023-07-07 15:30:00-04:00,35.869998931884766,35.88999938964844,35.869998931884766,35.88999938964844,882,0.0,0.0,2023-07-07
2129,2023-07-07 15:35:00-04:00,35.91999816894531,35.91999816894531,35.78499984741211,35.83000183105469,3839,0.0,0.0,2023-07-07
2130,2023-07-07 15:40:00-04:00,35.7400016784668,35.77000045776367,35.709999084472656,35.709999084472656,1310,0.0,0.0,2023-07-07
2131,2023-07-07 15:45:00-04:00,35.66999816894531,35.709999084472656,35.52009963989258,35.52009963989258,3700,0.0,0.0,2023-07-07
2132,2023-07-07 15:50:00-04:00,35.59000015258789,35.65999984741211,35.5099983215332,35.560001373291016,3661,0.0,0.0,2023-07-07
2133,2023-07-07 15:55:00-04:00,35.58000183105469,35.63999938964844,35.56999969482422,35.63999938964844,9550,0.0,0.0,2023-07-07
2134,2023-07-10 09:30:00-04:00,35.459999084472656,35.459999084472656,35.459999084472656,35.459999084472656,1371,0.0,0.0,2023-07-10
2135,2023-07-10 09:35:00-04:00,35.54499816894531,35.54499816894531,35.54499816894531,35.54499816894531,180,0.0,0.0,2023-07-10
2136,2023-07-10 09:40:00-04:00,35.5,35.58330154418945,35.36000061035156,35.560001373291016,2604,0.0,0.0,2023-07-10
2137,2023-07-10 09:45:00-04:00,35.60499954223633,35.60499954223633,35.60499954223633,35.60499954223633,1029,0.0,0.0,2023-07-10
2138,2023-07-10 09:50:00-04:00,35.84000015258789,36.13999938964844,35.689998626708984,36.060001373291016,4170,0.0,0.0,2023-07-10
2139,2023-07-10 09:55:00-04:00,36.060001373291016,36.060001373291016,36.060001373291016,36.060001373291016,300,0.0,0.0,2023-07-10
2140,2023-07-10 10:00:00-04:00,36.16999816894531,36.16999816894531,36.16999816894531,36.16999816894531,587,0.0,0.0,2023-07-10
2141,2023-07-10 10:05:00-04:00,36.400001525878906,36.45000076293945,36.400001525878906,36.45000076293945,714,0.0,0.0,2023-07-10
2142,2023-07-10 10:10:00-04:00,36.33000183105469,36.380001068115234,36.220001220703125,36.2947998046875,1853,0.0,0.0,2023-07-10
2143,2023-07-10 10:15:00-04:00,36.220001220703125,36.2599983215332,36.11000061035156,36.25,6552,0.0,0.0,2023-07-10
2144,2023-07-10 10:20:00-04:00,36.08000183105469,36.08000183105469,36.029998779296875,36.029998779296875,858,0.0,0.0,2023-07-10
2145,2023-07-10 10:25:00-04:00,35.97999954223633,35.97999954223633,35.880001068115234,35.880001068115234,1043,0.0,0.0,2023-07-10
2146,2023-07-10 10:30:00-04:00,35.959999084472656,35.970001220703125,35.849998474121094,35.849998474121094,756,0.0,0.0,2023-07-10
2147,2023-07-10 10:35:00-04:00,35.83000183105469,35.970001220703125,35.83000183105469,35.95000076293945,1721,0.0,0.0,2023-07-10
2148,2023-07-10 10:40:00-04:00,35.970001220703125,35.970001220703125,35.970001220703125,35.970001220703125,1562,0.0,0.0,2023-07-10
2149,2023-07-10 10:45:00-04:00,36.2599983215332,36.439998626708984,36.2599983215332,36.36000061035156,1345,0.0,0.0,2023-07-10
2150,2023-07-10 10:50:00-04:00,36.26499938964844,36.29999923706055,36.26499938964844,36.29999923706055,687,0.0,0.0,2023-07-10
2151,2023-07-10 10:55:00-04:00,36.30670166015625,36.30670166015625,36.130001068115234,36.130001068115234,1521,0.0,0.0,2023-07-10
2152,2023-07-10 11:00:00-04:00,36.119998931884766,36.20000076293945,36.119998931884766,36.20000076293945,327,0.0,0.0,2023-07-10
2153,2023-07-10 11:05:00-04:00,36.165000915527344,36.165000915527344,35.97999954223633,35.97999954223633,2186,0.0,0.0,2023-07-10
2154,2023-07-10 11:20:00-04:00,35.84000015258789,35.90999984741211,35.84000015258789,35.900001525878906,2586,0.0,0.0,2023-07-10
2155,2023-07-10 11:25:00-04:00,35.900001525878906,35.900001525878906,35.790000915527344,35.79999923706055,5612,0.0,0.0,2023-07-10
2156,2023-07-10 11:30:00-04:00,35.86000061035156,35.880001068115234,35.86000061035156,35.880001068115234,1219,0.0,0.0,2023-07-10
2157,2023-07-10 11:45:00-04:00,35.95000076293945,36.029998779296875,35.95000076293945,35.97999954223633,1403,0.0,0.0,2023-07-10
2158,2023-07-10 11:50:00-04:00,36.0,36.0,35.81999969482422,35.81999969482422,12143,0.0,0.0,2023-07-10
2159,2023-07-10 12:00:00-04:00,35.79999923706055,35.79999923706055,35.79999923706055,35.79999923706055,777,0.0,0.0,2023-07-10
2160,2023-07-10 12:10:00-04:00,35.689998626708984,35.689998626708984,35.689998626708984,35.689998626708984,933,0.0,0.0,2023-07-10
2161,2023-07-10 12:30:00-04:00,35.66999816894531,35.66999816894531,35.529998779296875,35.619998931884766,4937,0.0,0.0,2023-07-10
2162,2023-07-10 12:35:00-04:00,35.54999923706055,35.54999923706055,35.439998626708984,35.439998626708984,13300,0.0,0.0,2023-07-10
2163,2023-07-10 12:40:00-04:00,35.400001525878906,35.5099983215332,35.36000061035156,35.5099983215332,2597,0.0,0.0,2023-07-10
2164,2023-07-10 12:45:00-04:00,35.52000045776367,35.52000045776367,35.52000045776367,35.52000045776367,521,0.0,0.0,2023-07-10
2165,2023-07-10 12:50:00-04:00,35.41999816894531,35.41999816894531,35.41999816894531,35.41999816894531,632,0.0,0.0,2023-07-10
2166,2023-07-10 12:55:00-04:00,35.40999984741211,35.40999984741211,35.40999984741211,35.40999984741211,131,0.0,0.0,2023-07-10
2167,2023-07-10 13:00:00-04:00,35.349998474121094,35.349998474121094,35.349998474121094,35.349998474121094,713,0.0,0.0,2023-07-10
2168,2023-07-10 13:15:00-04:00,35.349998474121094,35.400001525878906,35.33000183105469,35.36000061035156,8410,0.0,0.0,2023-07-10
2169,2023-07-10 13:20:00-04:00,35.34000015258789,35.34000015258789,35.34000015258789,35.34000015258789,308,0.0,0.0,2023-07-10
2170,2023-07-10 13:25:00-04:00,35.349998474121094,35.349998474121094,35.31999969482422,35.31999969482422,364,0.0,0.0,2023-07-10
2171,2023-07-10 13:30:00-04:00,35.349998474121094,35.349998474121094,35.34000015258789,35.34000015258789,874,0.0,0.0,2023-07-10
2172,2023-07-10 13:35:00-04:00,35.349998474121094,35.42250061035156,35.349998474121094,35.42250061035156,1168,0.0,0.0,2023-07-10
2173,2023-07-10 13:40:00-04:00,35.380001068115234,35.380001068115234,35.380001068115234,35.380001068115234,301,0.0,0.0,2023-07-10
2174,2023-07-10 13:45:00-04:00,35.36000061035156,35.380001068115234,35.36000061035156,35.380001068115234,542,0.0,0.0,2023-07-10
2175,2023-07-10 13:50:00-04:00,35.380001068115234,35.380001068115234,35.380001068115234,35.380001068115234,257,0.0,0.0,2023-07-10
2176,2023-07-10 13:55:00-04:00,35.380001068115234,35.38999938964844,35.349998474121094,35.369998931884766,1727,0.0,0.0,2023-07-10
2177,2023-07-10 14:00:00-04:00,35.380001068115234,35.39500045776367,35.31999969482422,35.31999969482422,1070,0.0,0.0,2023-07-10
2178,2023-07-10 14:05:00-04:00,35.349998474121094,35.38999938964844,35.349998474121094,35.38999938964844,1124,0.0,0.0,2023-07-10
2179,2023-07-10 14:10:00-04:00,35.310001373291016,35.310001373291016,35.290000915527344,35.290000915527344,1095,0.0,0.0,2023-07-10
2180,2023-07-10 14:20:00-04:00,35.349998474121094,35.349998474121094,35.349998474121094,35.349998474121094,249,0.0,0.0,2023-07-10
2181,2023-07-10 14:25:00-04:00,35.380001068115234,35.40999984741211,35.380001068115234,35.40999984741211,547,0.0,0.0,2023-07-10
2182,2023-07-10 14:30:00-04:00,35.400001525878906,35.400001525878906,35.400001525878906,35.400001525878906,221,0.0,0.0,2023-07-10
2183,2023-07-10 14:35:00-04:00,35.41999816894531,35.41999816894531,35.41999816894531,35.41999816894531,751,0.0,0.0,2023-07-10
2184,2023-07-10 14:40:00-04:00,35.349998474121094,35.349998474121094,35.310001373291016,35.310001373291016,1052,0.0,0.0,2023-07-10
2185,2023-07-10 14:45:00-04:00,35.2599983215332,35.2599983215332,35.2599983215332,35.2599983215332,897,0.0,0.0,2023-07-10
2186,2023-07-10 14:50:00-04:00,35.34000015258789,35.34000015258789,35.34000015258789,35.34000015258789,495,0.0,0.0,2023-07-10
2187,2023-07-10 14:55:00-04:00,35.369998931884766,35.380001068115234,35.369998931884766,35.380001068115234,609,0.0,0.0,2023-07-10
2188,2023-07-10 15:00:00-04:00,35.40999984741211,35.47999954223633,35.40999984741211,35.47999954223633,1839,0.0,0.0,2023-07-10
2189,2023-07-10 15:05:00-04:00,35.40999984741211,35.40999984741211,35.400001525878906,35.400001525878906,836,0.0,0.0,2023-07-10
2190,2023-07-10 15:10:00-04:00,35.380001068115234,35.380001068115234,35.33000183105469,35.33000183105469,757,0.0,0.0,2023-07-10
2191,2023-07-10 15:15:00-04:00,35.369998931884766,35.369998931884766,35.34000015258789,35.34000015258789,2228,0.0,0.0,2023-07-10
2192,2023-07-10 15:20:00-04:00,35.34000015258789,35.34000015258789,35.310001373291016,35.310001373291016,1498,0.0,0.0,2023-07-10
2193,2023-07-10 15:30:00-04:00,35.209999084472656,35.209999084472656,35.154998779296875,35.209999084472656,2740,0.0,0.0,2023-07-10
2194,2023-07-10 15:35:00-04:00,35.209999084472656,35.2599983215332,35.20000076293945,35.22999954223633,4253,0.0,0.0,2023-07-10
2195,2023-07-10 15:40:00-04:00,35.310001373291016,35.349998474121094,35.279998779296875,35.31999969482422,3090,0.0,0.0,2023-07-10
2196,2023-07-10 15:45:00-04:00,35.31999969482422,35.34000015258789,35.290000915527344,35.32500076293945,2958,0.0,0.0,2023-07-10
2197,2023-07-10 15:50:00-04:00,35.290000915527344,35.38999938964844,35.244998931884766,35.38999938964844,6039,0.0,0.0,2023-07-10
2198,2023-07-10 15:55:00-04:00,35.42499923706055,35.439998626708984,35.33000183105469,35.34000015258789,26582,0.0,0.0,2023-07-10
2199,2023-07-11 09:30:00-04:00,35.65999984741211,35.65999984741211,35.130001068115234,35.130001068115234,1726,0.0,0.0,2023-07-11
2200,2023-07-11 09:35:00-04:00,35.220001220703125,35.564998626708984,35.15999984741211,35.15999984741211,938,0.0,0.0,2023-07-11
2201,2023-07-11 09:40:00-04:00,34.900001525878906,34.900001525878906,34.900001525878906,34.900001525878906,113,0.0,0.0,2023-07-11
2202,2023-07-11 09:45:00-04:00,35.18000030517578,35.5,35.18000030517578,35.40999984741211,2070,0.0,0.0,2023-07-11
2203,2023-07-11 09:50:00-04:00,35.38999938964844,35.38999938964844,35.38999938964844,35.38999938964844,992,0.0,0.0,2023-07-11
2204,2023-07-11 09:55:00-04:00,35.744998931884766,35.744998931884766,35.56999969482422,35.720001220703125,622,0.0,0.0,2023-07-11
2205,2023-07-11 10:00:00-04:00,35.77000045776367,35.79999923706055,35.75,35.79999923706055,4876,0.0,0.0,2023-07-11
2206,2023-07-11 10:05:00-04:00,35.83000183105469,35.9900016784668,35.810001373291016,35.97999954223633,2673,0.0,0.0,2023-07-11
2207,2023-07-11 10:10:00-04:00,35.900001525878906,35.91999816894531,35.869998931884766,35.875,1495,0.0,0.0,2023-07-11
2208,2023-07-11 10:20:00-04:00,36.07500076293945,36.07500076293945,35.93000030517578,36.0,2638,0.0,0.0,2023-07-11
2209,2023-07-11 10:25:00-04:00,36.04999923706055,36.244998931884766,36.03499984741211,36.16999816894531,11418,0.0,0.0,2023-07-11
2210,2023-07-11 10:30:00-04:00,36.220001220703125,36.220001220703125,35.939998626708984,35.939998626708984,3060,0.0,0.0,2023-07-11
2211,2023-07-11 10:40:00-04:00,35.880001068115234,35.880001068115234,35.869998931884766,35.869998931884766,1167,0.0,0.0,2023-07-11
2212,2023-07-11 10:45:00-04:00,35.91999816894531,35.91999816894531,35.91999816894531,35.91999816894531,397,0.0,0.0,2023-07-11
2213,2023-07-11 10:50:00-04:00,35.88999938964844,35.88999938964844,35.88999938964844,35.88999938964844,405,0.0,0.0,2023-07-11
2214,2023-07-11 10:55:00-04:00,35.84000015258789,35.84000015258789,35.75,35.75,3545,0.0,0.0,2023-07-11
2215,2023-07-11 11:00:00-04:00,35.84000015258789,35.84000015258789,35.814998626708984,35.84000015258789,892,0.0,0.0,2023-07-11
2216,2023-07-11 11:05:00-04:00,35.75,35.7599983215332,35.70000076293945,35.70000076293945,1090,0.0,0.0,2023-07-11
2217,2023-07-11 11:15:00-04:00,35.58000183105469,35.58000183105469,35.43000030517578,35.470001220703125,2913,0.0,0.0,2023-07-11
2218,2023-07-11 11:20:00-04:00,35.439998626708984,35.5,35.439998626708984,35.5,1411,0.0,0.0,2023-07-11
2219,2023-07-11 11:25:00-04:00,35.470001220703125,35.540000915527344,35.470001220703125,35.52000045776367,1012,0.0,0.0,2023-07-11
2220,2023-07-11 11:30:00-04:00,35.54999923706055,35.59000015258789,35.54999923706055,35.59000015258789,470,0.0,0.0,2023-07-11
2221,2023-07-11 11:35:00-04:00,35.619998931884766,35.619998931884766,35.619998931884766,35.619998931884766,828,0.0,0.0,2023-07-11
2222,2023-07-11 11:40:00-04:00,35.69499969482422,35.69499969482422,35.619998931884766,35.619998931884766,505,0.0,0.0,2023-07-11
2223,2023-07-11 11:45:00-04:00,35.56999969482422,35.56999969482422,35.56999969482422,35.56999969482422,280,0.0,0.0,2023-07-11
2224,2023-07-11 11:50:00-04:00,35.5,35.5,35.46500015258789,35.46500015258789,611,0.0,0.0,2023-07-11
2225,2023-07-11 11:55:00-04:00,35.43000030517578,35.43000030517578,35.426700592041016,35.426700592041016,2638,0.0,0.0,2023-07-11
2226,2023-07-11 12:00:00-04:00,35.44499969482422,35.47999954223633,35.44499969482422,35.459999084472656,723,0.0,0.0,2023-07-11
2227,2023-07-11 12:05:00-04:00,35.5099983215332,35.685001373291016,35.5099983215332,35.685001373291016,2263,0.0,0.0,2023-07-11
2228,2023-07-11 12:10:00-04:00,35.75,35.75,35.650001525878906,35.724998474121094,2184,0.0,0.0,2023-07-11
2229,2023-07-11 12:15:00-04:00,35.76499938964844,35.76499938964844,35.76499938964844,35.76499938964844,112,0.0,0.0,2023-07-11
2230,2023-07-11 12:20:00-04:00,35.75,35.75,35.71500015258789,35.73500061035156,1140,0.0,0.0,2023-07-11
2231,2023-07-11 12:25:00-04:00,35.685001373291016,35.689998626708984,35.63999938964844,35.66999816894531,1236,0.0,0.0,2023-07-11
2232,2023-07-11 12:30:00-04:00,35.65999984741211,35.65999984741211,35.65999984741211,35.65999984741211,383,0.0,0.0,2023-07-11
2233,2023-07-11 12:35:00-04:00,35.619998931884766,35.63999938964844,35.56999969482422,35.63999938964844,3340,0.0,0.0,2023-07-11
2234,2023-07-11 12:45:00-04:00,35.72999954223633,35.72999954223633,35.72999954223633,35.72999954223633,543,0.0,0.0,2023-07-11
2235,2023-07-11 12:50:00-04:00,35.75,35.75,35.75,35.75,732,0.0,0.0,2023-07-11
2236,2023-07-11 12:55:00-04:00,35.7599983215332,35.7599983215332,35.7400016784668,35.75,1475,0.0,0.0,2023-07-11
2237,2023-07-11 13:00:00-04:00,35.720001220703125,35.810001373291016,35.720001220703125,35.78499984741211,1291,0.0,0.0,2023-07-11
2238,2023-07-11 13:05:00-04:00,35.85499954223633,35.85499954223633,35.7599983215332,35.7599983215332,809,0.0,0.0,2023-07-11
2239,2023-07-11 13:10:00-04:00,35.77000045776367,35.78499984741211,35.77000045776367,35.782501220703125,618,0.0,0.0,2023-07-11
2240,2023-07-11 13:15:00-04:00,35.689998626708984,35.69499969482422,35.68000030517578,35.69499969482422,645,0.0,0.0,2023-07-11
2241,2023-07-11 13:25:00-04:00,35.790000915527344,35.790000915527344,35.724998474121094,35.73500061035156,441,0.0,0.0,2023-07-11
2242,2023-07-11 13:30:00-04:00,35.7599983215332,35.77000045776367,35.68000030517578,35.77000045776367,919,0.0,0.0,2023-07-11
2243,2023-07-11 13:35:00-04:00,35.7599983215332,35.7599983215332,35.599998474121094,35.61000061035156,3390,0.0,0.0,2023-07-11
2244,2023-07-11 13:40:00-04:00,35.599998474121094,35.619998931884766,35.599998474121094,35.619998931884766,368,0.0,0.0,2023-07-11
2245,2023-07-11 13:45:00-04:00,35.650001525878906,35.650001525878906,35.58000183105469,35.58000183105469,1791,0.0,0.0,2023-07-11
2246,2023-07-11 13:50:00-04:00,35.61000061035156,35.65999984741211,35.61000061035156,35.650001525878906,1423,0.0,0.0,2023-07-11
2247,2023-07-11 13:55:00-04:00,35.70000076293945,35.720001220703125,35.65999984741211,35.65999984741211,596,0.0,0.0,2023-07-11
2248,2023-07-11 14:00:00-04:00,35.720001220703125,35.72999954223633,35.630001068115234,35.689998626708984,961,0.0,0.0,2023-07-11
2249,2023-07-11 14:05:00-04:00,35.75,35.75,35.63999938964844,35.66999816894531,2777,0.0,0.0,2023-07-11
2250,2023-07-11 14:10:00-04:00,35.619998931884766,35.619998931884766,35.54999923706055,35.55500030517578,1877,0.0,0.0,2023-07-11
2251,2023-07-11 14:15:00-04:00,35.529998779296875,35.540000915527344,35.529998779296875,35.540000915527344,518,0.0,0.0,2023-07-11
2252,2023-07-11 14:20:00-04:00,35.540000915527344,35.56999969482422,35.540000915527344,35.56999969482422,1153,0.0,0.0,2023-07-11
2253,2023-07-11 14:25:00-04:00,35.59000015258789,35.654998779296875,35.58000183105469,35.650001525878906,1447,0.0,0.0,2023-07-11
2254,2023-07-11 14:30:00-04:00,35.665000915527344,35.665000915527344,35.63100051879883,35.63100051879883,537,0.0,0.0,2023-07-11
2255,2023-07-11 14:35:00-04:00,35.654998779296875,35.689998626708984,35.654998779296875,35.689998626708984,1447,0.0,0.0,2023-07-11
2256,2023-07-11 14:40:00-04:00,35.72999954223633,35.7400016784668,35.70000076293945,35.70000076293945,1132,0.0,0.0,2023-07-11
2257,2023-07-11 14:45:00-04:00,35.71500015258789,35.71500015258789,35.619998931884766,35.689998626708984,2445,0.0,0.0,2023-07-11
2258,2023-07-11 14:50:00-04:00,35.709999084472656,35.71500015258789,35.66999816894531,35.66999816894531,1104,0.0,0.0,2023-07-11
2259,2023-07-11 14:55:00-04:00,35.68000030517578,35.709999084472656,35.68000030517578,35.709999084472656,1398,0.0,0.0,2023-07-11
2260,2023-07-11 15:00:00-04:00,35.7400016784668,35.81999969482422,35.7400016784668,35.81999969482422,1775,0.0,0.0,2023-07-11
2261,2023-07-11 15:05:00-04:00,35.845001220703125,35.849998474121094,35.7400016784668,35.849998474121094,2903,0.0,0.0,2023-07-11
2262,2023-07-11 15:10:00-04:00,35.83000183105469,35.83000183105469,35.724998474121094,35.72999954223633,2799,0.0,0.0,2023-07-11
2263,2023-07-11 15:15:00-04:00,35.7400016784668,35.81999969482422,35.720001220703125,35.720001220703125,970,0.0,0.0,2023-07-11
2264,2023-07-11 15:20:00-04:00,35.779998779296875,35.810001373291016,35.75,35.810001373291016,2538,0.0,0.0,2023-07-11
2265,2023-07-11 15:25:00-04:00,35.779998779296875,35.83000183105469,35.77560043334961,35.83000183105469,2217,0.0,0.0,2023-07-11
2266,2023-07-11 15:30:00-04:00,35.810001373291016,35.849998474121094,35.77000045776367,35.849998474121094,5239,0.0,0.0,2023-07-11
2267,2023-07-11 15:35:00-04:00,35.81999969482422,35.81999969482422,35.7599983215332,35.7599983215332,2830,0.0,0.0,2023-07-11
2268,2023-07-11 15:40:00-04:00,35.75,35.81999969482422,35.689998626708984,35.81999969482422,5535,0.0,0.0,2023-07-11
2269,2023-07-11 15:45:00-04:00,35.84000015258789,35.880001068115234,35.77000045776367,35.86000061035156,4487,0.0,0.0,2023-07-11
2270,2023-07-11 15:50:00-04:00,35.84000015258789,35.970001220703125,35.810001373291016,35.91999816894531,8515,0.0,0.0,2023-07-11
2271,2023-07-11 15:55:00-04:00,35.93000030517578,35.959999084472656,35.849998474121094,35.91999816894531,26139,0.0,0.0,2023-07-11
2272,2023-07-12 09:30:00-04:00,36.91999816894531,38.77000045776367,36.91999816894531,37.38999938964844,5535,0.0,0.0,2023-07-12
2273,2023-07-12 09:35:00-04:00,37.02000045776367,37.400001525878906,37.02000045776367,37.400001525878906,1014,0.0,0.0,2023-07-12
2274,2023-07-12 09:40:00-04:00,37.279998779296875,37.59000015258789,37.279998779296875,37.560001373291016,2635,0.0,0.0,2023-07-12
2275,2023-07-12 09:45:00-04:00,37.47999954223633,37.47999954223633,37.25,37.334999084472656,5522,0.0,0.0,2023-07-12
2276,2023-07-12 09:50:00-04:00,37.36000061035156,37.4900016784668,37.25,37.279998779296875,5144,0.0,0.0,2023-07-12
2277,2023-07-12 09:55:00-04:00,37.16999816894531,37.290000915527344,37.150001525878906,37.290000915527344,1030,0.0,0.0,2023-07-12
2278,2023-07-12 10:00:00-04:00,37.29999923706055,37.29999923706055,36.9900016784668,36.9900016784668,2649,0.0,0.0,2023-07-12
2279,2023-07-12 10:05:00-04:00,36.599998474121094,36.79999923706055,36.599998474121094,36.79999923706055,1263,0.0,0.0,2023-07-12
2280,2023-07-12 10:10:00-04:00,36.65999984741211,36.689998626708984,36.61000061035156,36.689998626708984,1378,0.0,0.0,2023-07-12
2281,2023-07-12 10:15:00-04:00,36.67499923706055,36.67499923706055,36.540000915527344,36.540000915527344,1168,0.0,0.0,2023-07-12
2282,2023-07-12 10:20:00-04:00,36.470001220703125,36.470001220703125,36.33000183105469,36.33000183105469,2797,0.0,0.0,2023-07-12
2283,2023-07-12 10:25:00-04:00,36.15999984741211,36.41999816894531,36.15999984741211,36.38999938964844,7082,0.0,0.0,2023-07-12
2284,2023-07-12 10:30:00-04:00,36.5,36.8650016784668,36.5,36.8650016784668,4735,0.0,0.0,2023-07-12
2285,2023-07-12 10:35:00-04:00,36.810001373291016,36.810001373291016,36.79999923706055,36.79999923706055,2043,0.0,0.0,2023-07-12
2286,2023-07-12 10:40:00-04:00,36.83000183105469,36.834999084472656,36.66999816894531,36.66999816894531,867,0.0,0.0,2023-07-12
2287,2023-07-12 10:45:00-04:00,36.709999084472656,36.76499938964844,36.709999084472656,36.7599983215332,752,0.0,0.0,2023-07-12
2288,2023-07-12 10:50:00-04:00,36.75,36.75,36.75,36.75,1278,0.0,0.0,2023-07-12
2289,2023-07-12 10:55:00-04:00,36.85499954223633,36.939998626708984,36.81999969482422,36.81999969482422,1122,0.0,0.0,2023-07-12
2290,2023-07-12 11:00:00-04:00,36.88999938964844,37.04499816894531,36.88999938964844,37.04499816894531,1310,0.0,0.0,2023-07-12
2291,2023-07-12 11:05:00-04:00,37.060001373291016,37.08000183105469,36.959999084472656,36.959999084472656,2577,0.0,0.0,2023-07-12
2292,2023-07-12 11:10:00-04:00,36.849998474121094,36.86000061035156,36.709999084472656,36.709999084472656,4368,0.0,0.0,2023-07-12
2293,2023-07-12 11:15:00-04:00,36.77000045776367,36.83000183105469,36.77000045776367,36.790000915527344,1653,0.0,0.0,2023-07-12
2294,2023-07-12 11:20:00-04:00,36.779998779296875,36.779998779296875,36.66999816894531,36.72999954223633,2804,0.0,0.0,2023-07-12
2295,2023-07-12 11:25:00-04:00,36.78499984741211,36.78499984741211,36.78499984741211,36.78499984741211,185,0.0,0.0,2023-07-12
2296,2023-07-12 11:30:00-04:00,36.790000915527344,36.88999938964844,36.790000915527344,36.83000183105469,6842,0.0,0.0,2023-07-12
2297,2023-07-12 11:35:00-04:00,36.849998474121094,36.86000061035156,36.79999923706055,36.79999923706055,4172,0.0,0.0,2023-07-12
2298,2023-07-12 11:40:00-04:00,36.71500015258789,36.71500015258789,36.70500183105469,36.71500015258789,971,0.0,0.0,2023-07-12
2299,2023-07-12 11:45:00-04:00,36.65999984741211,36.779998779296875,36.630001068115234,36.76750183105469,7163,0.0,0.0,2023-07-12
2300,2023-07-12 11:50:00-04:00,36.810001373291016,36.810001373291016,36.70000076293945,36.70000076293945,6561,0.0,0.0,2023-07-12
2301,2023-07-12 11:55:00-04:00,36.65999984741211,36.66999816894531,36.54999923706055,36.58000183105469,2295,0.0,0.0,2023-07-12
2302,2023-07-12 12:00:00-04:00,36.599998474121094,36.625,36.599998474121094,36.625,552,0.0,0.0,2023-07-12
2303,2023-07-12 12:05:00-04:00,36.56999969482422,36.56999969482422,36.51499938964844,36.52000045776367,1736,0.0,0.0,2023-07-12
2304,2023-07-12 12:10:00-04:00,36.54999923706055,36.64500045776367,36.54999923706055,36.64500045776367,1846,0.0,0.0,2023-07-12
2305,2023-07-12 12:15:00-04:00,36.54999923706055,36.54999923706055,36.439998626708984,36.439998626708984,1070,0.0,0.0,2023-07-12
2306,2023-07-12 12:20:00-04:00,36.415000915527344,36.630001068115234,36.415000915527344,36.630001068115234,1258,0.0,0.0,2023-07-12
2307,2023-07-12 12:25:00-04:00,36.650001525878906,36.650001525878906,36.650001525878906,36.650001525878906,245,0.0,0.0,2023-07-12
2308,2023-07-12 12:30:00-04:00,36.650001525878906,36.689998626708984,36.650001525878906,36.689998626708984,307,0.0,0.0,2023-07-12
2309,2023-07-12 12:35:00-04:00,36.689998626708984,36.720001220703125,36.650001525878906,36.720001220703125,1953,0.0,0.0,2023-07-12
2310,2023-07-12 12:40:00-04:00,36.689998626708984,36.72999954223633,36.689998626708984,36.720001220703125,587,0.0,0.0,2023-07-12
2311,2023-07-12 12:45:00-04:00,36.650001525878906,36.650001525878906,36.525001525878906,36.567501068115234,5188,0.0,0.0,2023-07-12
2312,2023-07-12 12:50:00-04:00,36.619998931884766,36.720001220703125,36.60499954223633,36.720001220703125,5885,0.0,0.0,2023-07-12
2313,2023-07-12 12:55:00-04:00,36.77000045776367,36.77000045776367,36.709999084472656,36.709999084472656,905,0.0,0.0,2023-07-12
2314,2023-07-12 13:00:00-04:00,36.70000076293945,36.70000076293945,36.65999984741211,36.65999984741211,1461,0.0,0.0,2023-07-12
2315,2023-07-12 13:05:00-04:00,36.599998474121094,36.61000061035156,36.599998474121094,36.61000061035156,858,0.0,0.0,2023-07-12
2316,2023-07-12 13:10:00-04:00,36.599998474121094,36.650001525878906,36.599998474121094,36.650001525878906,914,0.0,0.0,2023-07-12
2317,2023-07-12 13:15:00-04:00,36.599998474121094,36.63999938964844,36.58000183105469,36.63999938964844,2982,0.0,0.0,2023-07-12
2318,2023-07-12 13:20:00-04:00,36.619998931884766,36.619998931884766,36.58000183105469,36.58000183105469,2674,0.0,0.0,2023-07-12
2319,2023-07-12 13:25:00-04:00,36.599998474121094,36.69419860839844,36.595001220703125,36.69419860839844,5412,0.0,0.0,2023-07-12
2320,2023-07-12 13:30:00-04:00,36.66999816894531,36.70000076293945,36.6150016784668,36.70000076293945,2589,0.0,0.0,2023-07-12
2321,2023-07-12 13:35:00-04:00,36.70500183105469,36.70500183105469,36.650001525878906,36.68000030517578,2115,0.0,0.0,2023-07-12
2322,2023-07-12 13:40:00-04:00,36.68000030517578,36.95000076293945,36.68000030517578,36.904998779296875,8505,0.0,0.0,2023-07-12
2323,2023-07-12 13:45:00-04:00,36.869998931884766,36.869998931884766,36.83000183105469,36.849998474121094,2262,0.0,0.0,2023-07-12
2324,2023-07-12 13:50:00-04:00,36.81999969482422,36.900001525878906,36.810001373291016,36.900001525878906,2162,0.0,0.0,2023-07-12
2325,2023-07-12 13:55:00-04:00,36.959999084472656,36.959999084472656,36.95500183105469,36.95500183105469,741,0.0,0.0,2023-07-12
2326,2023-07-12 14:00:00-04:00,37.0,37.0,36.939998626708984,36.939998626708984,744,0.0,0.0,2023-07-12
2327,2023-07-12 14:05:00-04:00,36.97999954223633,36.97999954223633,36.939998626708984,36.939998626708984,384,0.0,0.0,2023-07-12
2328,2023-07-12 14:10:00-04:00,36.93000030517578,36.9900016784668,36.92499923706055,36.93000030517578,2309,0.0,0.0,2023-07-12
2329,2023-07-12 14:15:00-04:00,36.970001220703125,36.970001220703125,36.959999084472656,36.959999084472656,616,0.0,0.0,2023-07-12
2330,2023-07-12 14:20:00-04:00,36.95500183105469,36.970001220703125,36.81999969482422,36.81999969482422,3051,0.0,0.0,2023-07-12
2331,2023-07-12 14:25:00-04:00,36.790000915527344,36.79999923706055,36.744998931884766,36.744998931884766,1911,0.0,0.0,2023-07-12
2332,2023-07-12 14:30:00-04:00,36.7599983215332,36.84000015258789,36.7599983215332,36.84000015258789,1791,0.0,0.0,2023-07-12
2333,2023-07-12 14:35:00-04:00,36.88999938964844,36.90999984741211,36.88999938964844,36.90999984741211,1355,0.0,0.0,2023-07-12
2334,2023-07-12 14:40:00-04:00,36.959999084472656,36.959999084472656,36.93000030517578,36.93000030517578,709,0.0,0.0,2023-07-12
2335,2023-07-12 14:45:00-04:00,36.92499923706055,36.959999084472656,36.92499923706055,36.939998626708984,2158,0.0,0.0,2023-07-12
2336,2023-07-12 14:50:00-04:00,36.97999954223633,36.97999954223633,36.97999954223633,36.97999954223633,244,0.0,0.0,2023-07-12
2337,2023-07-12 14:55:00-04:00,36.959999084472656,37.0,36.959999084472656,36.97999954223633,1647,0.0,0.0,2023-07-12
2338,2023-07-12 15:00:00-04:00,36.939998626708984,36.939998626708984,36.939998626708984,36.939998626708984,757,0.0,0.0,2023-07-12
2339,2023-07-12 15:05:00-04:00,36.88999938964844,36.88999938964844,36.880001068115234,36.880001068115234,1448,0.0,0.0,2023-07-12
2340,2023-07-12 15:10:00-04:00,36.81999969482422,36.869998931884766,36.81999969482422,36.86000061035156,1907,0.0,0.0,2023-07-12
2341,2023-07-12 15:15:00-04:00,36.86000061035156,36.880001068115234,36.849998474121094,36.880001068115234,859,0.0,0.0,2023-07-12
2342,2023-07-12 15:20:00-04:00,36.849998474121094,36.86000061035156,36.66999816894531,36.66999816894531,14478,0.0,0.0,2023-07-12
2343,2023-07-12 15:25:00-04:00,36.650001525878906,36.709999084472656,36.63999938964844,36.65999984741211,2775,0.0,0.0,2023-07-12
2344,2023-07-12 15:30:00-04:00,36.7400016784668,36.790000915527344,36.689998626708984,36.689998626708984,2021,0.0,0.0,2023-07-12
2345,2023-07-12 15:35:00-04:00,36.689998626708984,36.70000076293945,36.689998626708984,36.70000076293945,1109,0.0,0.0,2023-07-12
2346,2023-07-12 15:40:00-04:00,36.779998779296875,36.88999938964844,36.720001220703125,36.88999938964844,4145,0.0,0.0,2023-07-12
2347,2023-07-12 15:45:00-04:00,36.84000015258789,36.91999816894531,36.83000183105469,36.880001068115234,2367,0.0,0.0,2023-07-12
2348,2023-07-12 15:50:00-04:00,36.779998779296875,36.91999816894531,36.709999084472656,36.86000061035156,7208,0.0,0.0,2023-07-12
2349,2023-07-12 15:55:00-04:00,36.84000015258789,36.939998626708984,36.83000183105469,36.93000030517578,15621,0.0,0.0,2023-07-12
2350,2023-07-13 09:30:00-04:00,37.130001068115234,37.40999984741211,36.720001220703125,37.064998626708984,3268,0.0,0.0,2023-07-13
2351,2023-07-13 09:35:00-04:00,37.2400016784668,37.59000015258789,37.2400016784668,37.59000015258789,2093,0.0,0.0,2023-07-13
2352,2023-07-13 09:45:00-04:00,37.2599983215332,37.4900016784668,37.2599983215332,37.4900016784668,599,0.0,0.0,2023-07-13
2353,2023-07-13 09:50:00-04:00,37.470001220703125,37.4900016784668,37.369998931884766,37.470001220703125,1290,0.0,0.0,2023-07-13
2354,2023-07-13 10:00:00-04:00,37.560001373291016,37.81999969482422,37.560001373291016,37.81999969482422,1110,0.0,0.0,2023-07-13
2355,2023-07-13 10:05:00-04:00,37.81999969482422,37.90999984741211,37.810001373291016,37.849998474121094,3793,0.0,0.0,2023-07-13
2356,2023-07-13 10:10:00-04:00,37.849998474121094,37.970001220703125,37.779998779296875,37.93000030517578,10654,0.0,0.0,2023-07-13
2357,2023-07-13 10:15:00-04:00,37.66999816894531,37.66999816894531,37.36000061035156,37.48500061035156,2521,0.0,0.0,2023-07-13
2358,2023-07-13 10:20:00-04:00,37.5,37.619998931884766,37.43000030517578,37.619998931884766,834,0.0,0.0,2023-07-13
2359,2023-07-13 10:25:00-04:00,37.5,37.68000030517578,37.5,37.68000030517578,1896,0.0,0.0,2023-07-13
2360,2023-07-13 10:30:00-04:00,37.77000045776367,38.12990188598633,37.77000045776367,37.9900016784668,1132,0.0,0.0,2023-07-13
2361,2023-07-13 10:35:00-04:00,37.9900016784668,38.064998626708984,37.900001525878906,37.939998626708984,2588,0.0,0.0,2023-07-13
2362,2023-07-13 10:40:00-04:00,37.880001068115234,37.90999984741211,37.849998474121094,37.90999984741211,937,0.0,0.0,2023-07-13
2363,2023-07-13 10:45:00-04:00,37.939998626708984,37.96500015258789,37.79999923706055,37.810001373291016,3073,0.0,0.0,2023-07-13
2364,2023-07-13 10:50:00-04:00,37.79999923706055,37.79999923706055,37.70000076293945,37.72999954223633,3187,0.0,0.0,2023-07-13
2365,2023-07-13 10:55:00-04:00,37.81999969482422,37.84000015258789,37.810001373291016,37.84000015258789,1143,0.0,0.0,2023-07-13
2366,2023-07-13 11:00:00-04:00,37.83000183105469,37.869998931884766,37.83000183105469,37.869998931884766,579,0.0,0.0,2023-07-13
2367,2023-07-13 11:05:00-04:00,37.83000183105469,37.83000183105469,37.7400016784668,37.7400016784668,1391,0.0,0.0,2023-07-13
2368,2023-07-13 11:10:00-04:00,37.709999084472656,37.709999084472656,37.61000061035156,37.61280059814453,1675,0.0,0.0,2023-07-13
2369,2023-07-13 11:15:00-04:00,37.7239990234375,37.7239990234375,37.61000061035156,37.720001220703125,639,0.0,0.0,2023-07-13
2370,2023-07-13 11:20:00-04:00,37.73979949951172,37.73979949951172,37.599998474121094,37.599998474121094,1077,0.0,0.0,2023-07-13
2371,2023-07-13 11:25:00-04:00,37.61000061035156,37.75,37.61000061035156,37.71500015258789,1661,0.0,0.0,2023-07-13
2372,2023-07-13 11:30:00-04:00,37.720001220703125,37.720001220703125,37.59000015258789,37.59000015258789,1472,0.0,0.0,2023-07-13
2373,2023-07-13 11:35:00-04:00,37.599998474121094,37.599998474121094,37.599998474121094,37.599998474121094,106,0.0,0.0,2023-07-13
2374,2023-07-13 11:40:00-04:00,37.65999984741211,37.7400016784668,37.65999984741211,37.7400016784668,772,0.0,0.0,2023-07-13
2375,2023-07-13 11:45:00-04:00,37.63999938964844,37.63999938964844,37.630001068115234,37.630001068115234,312,0.0,0.0,2023-07-13
2376,2023-07-13 11:50:00-04:00,37.599998474121094,37.599998474121094,37.56999969482422,37.56999969482422,825,0.0,0.0,2023-07-13
2377,2023-07-13 11:55:00-04:00,37.57500076293945,37.619998931884766,37.57500076293945,37.619998931884766,670,0.0,0.0,2023-07-13
2378,2023-07-13 12:00:00-04:00,37.61000061035156,37.63999938964844,37.59000015258789,37.63999938964844,872,0.0,0.0,2023-07-13
2379,2023-07-13 12:05:00-04:00,37.56999969482422,37.56999969482422,37.56999969482422,37.56999969482422,586,0.0,0.0,2023-07-13
2380,2023-07-13 12:10:00-04:00,37.564998626708984,37.564998626708984,37.50379943847656,37.564998626708984,2483,0.0,0.0,2023-07-13
2381,2023-07-13 12:15:00-04:00,37.52000045776367,37.630001068115234,37.52000045776367,37.61000061035156,1640,0.0,0.0,2023-07-13
2382,2023-07-13 12:25:00-04:00,37.48500061035156,37.5099983215332,37.46500015258789,37.46500015258789,800,0.0,0.0,2023-07-13
2383,2023-07-13 12:30:00-04:00,37.47999954223633,37.4900016784668,37.47999954223633,37.47999954223633,790,0.0,0.0,2023-07-13
2384,2023-07-13 12:35:00-04:00,37.47999954223633,37.5099983215332,37.45000076293945,37.45000076293945,837,0.0,0.0,2023-07-13
2385,2023-07-13 12:40:00-04:00,37.38999938964844,37.38999938964844,37.38999938964844,37.38999938964844,218,0.0,0.0,2023-07-13
2386,2023-07-13 12:45:00-04:00,37.439998626708984,37.47999954223633,37.439998626708984,37.45000076293945,800,0.0,0.0,2023-07-13
2387,2023-07-13 12:50:00-04:00,37.369998931884766,37.369998931884766,37.369998931884766,37.369998931884766,677,0.0,0.0,2023-07-13
2388,2023-07-13 12:55:00-04:00,37.349998474121094,37.349998474121094,37.34000015258789,37.34000015258789,405,0.0,0.0,2023-07-13
2389,2023-07-13 13:00:00-04:00,37.22999954223633,37.22999954223633,37.22999954223633,37.22999954223633,503,0.0,0.0,2023-07-13
2390,2023-07-13 13:05:00-04:00,37.310001373291016,37.310001373291016,37.2400016784668,37.2400016784668,858,0.0,0.0,2023-07-13
2391,2023-07-13 13:10:00-04:00,37.224998474121094,37.22999954223633,37.224998474121094,37.22999954223633,592,0.0,0.0,2023-07-13
2392,2023-07-13 13:15:00-04:00,37.185001373291016,37.28499984741211,37.185001373291016,37.220001220703125,2066,0.0,0.0,2023-07-13
2393,2023-07-13 13:20:00-04:00,37.09000015258789,37.09000015258789,37.09000015258789,37.09000015258789,235,0.0,0.0,2023-07-13
2394,2023-07-13 13:25:00-04:00,37.11000061035156,37.11000061035156,37.03499984741211,37.099998474121094,1872,0.0,0.0,2023-07-13
2395,2023-07-13 13:30:00-04:00,37.150001525878906,37.18000030517578,37.125,37.18000030517578,2365,0.0,0.0,2023-07-13
2396,2023-07-13 13:35:00-04:00,37.09000015258789,37.09000015258789,37.08000183105469,37.09000015258789,852,0.0,0.0,2023-07-13
2397,2023-07-13 13:40:00-04:00,37.040000915527344,37.040000915527344,37.040000915527344,37.040000915527344,401,0.0,0.0,2023-07-13
2398,2023-07-13 13:45:00-04:00,37.040000915527344,37.040000915527344,37.040000915527344,37.040000915527344,750,0.0,0.0,2023-07-13
2399,2023-07-13 13:50:00-04:00,37.06999969482422,37.119998931884766,37.06999969482422,37.119998931884766,643,0.0,0.0,2023-07-13
2400,2023-07-13 13:55:00-04:00,37.20500183105469,37.20500183105469,37.189998626708984,37.189998626708984,418,0.0,0.0,2023-07-13
2401,2023-07-13 14:00:00-04:00,37.2400016784668,37.2400016784668,37.2400016784668,37.2400016784668,168,0.0,0.0,2023-07-13
2402,2023-07-13 14:05:00-04:00,37.21500015258789,37.29999923706055,37.21500015258789,37.29999923706055,392,0.0,0.0,2023-07-13
2403,2023-07-13 14:10:00-04:00,37.290000915527344,37.38999938964844,37.290000915527344,37.375,14004,0.0,0.0,2023-07-13
2404,2023-07-13 14:15:00-04:00,37.314998626708984,37.4900016784668,37.27000045776367,37.470001220703125,1533,0.0,0.0,2023-07-13
2405,2023-07-13 14:20:00-04:00,37.39500045776367,37.65999984741211,37.39500045776367,37.65999984741211,2186,0.0,0.0,2023-07-13
2406,2023-07-13 14:25:00-04:00,37.599998474121094,37.599998474121094,37.5,37.505001068115234,6148,0.0,0.0,2023-07-13
2407,2023-07-13 14:30:00-04:00,37.47999954223633,37.47999954223633,37.400001525878906,37.400001525878906,4313,0.0,0.0,2023-07-13
2408,2023-07-13 14:35:00-04:00,37.349998474121094,37.36000061035156,37.31999969482422,37.334999084472656,1152,0.0,0.0,2023-07-13
2409,2023-07-13 14:45:00-04:00,37.369998931884766,37.415000915527344,37.369998931884766,37.415000915527344,900,0.0,0.0,2023-07-13
2410,2023-07-13 14:50:00-04:00,37.45000076293945,37.45000076293945,37.34189987182617,37.400001525878906,1125,0.0,0.0,2023-07-13
2411,2023-07-13 14:55:00-04:00,37.375999450683594,37.44729995727539,37.375999450683594,37.415000915527344,2002,0.0,0.0,2023-07-13
2412,2023-07-13 15:00:00-04:00,37.42499923706055,37.5,37.42399978637695,37.45000076293945,1897,0.0,0.0,2023-07-13
2413,2023-07-13 15:05:00-04:00,37.41999816894531,37.43000030517578,37.400001525878906,37.40999984741211,4021,0.0,0.0,2023-07-13
2414,2023-07-13 15:10:00-04:00,37.45000076293945,37.4900016784668,37.400001525878906,37.470001220703125,8450,0.0,0.0,2023-07-13
2415,2023-07-13 15:15:00-04:00,37.459999084472656,37.459999084472656,37.400001525878906,37.435001373291016,4870,0.0,0.0,2023-07-13
2416,2023-07-13 15:20:00-04:00,37.435001373291016,37.540000915527344,37.41999816894531,37.540000915527344,6645,0.0,0.0,2023-07-13
2417,2023-07-13 15:25:00-04:00,37.540000915527344,37.540000915527344,37.525001525878906,37.529998779296875,661,0.0,0.0,2023-07-13
2418,2023-07-13 15:30:00-04:00,37.564998626708984,37.58000183105469,37.529998779296875,37.540000915527344,3918,0.0,0.0,2023-07-13
2419,2023-07-13 15:35:00-04:00,37.529998779296875,37.560001373291016,37.52000045776367,37.53499984741211,2018,0.0,0.0,2023-07-13
2420,2023-07-13 15:40:00-04:00,37.5,37.540000915527344,37.459999084472656,37.505001068115234,4476,0.0,0.0,2023-07-13
2421,2023-07-13 15:45:00-04:00,37.5099983215332,37.56999969482422,37.5099983215332,37.54999923706055,2997,0.0,0.0,2023-07-13
2422,2023-07-13 15:50:00-04:00,37.560001373291016,37.66999816894531,37.560001373291016,37.66999816894531,5622,0.0,0.0,2023-07-13
2423,2023-07-13 15:55:00-04:00,37.66999816894531,37.7400016784668,37.560001373291016,37.650001525878906,21672,0.0,0.0,2023-07-13
2424,2023-07-14 09:30:00-04:00,37.93000030517578,37.93000030517578,37.93000030517578,37.93000030517578,1184,0.0,0.0,2023-07-14
2425,2023-07-14 09:35:00-04:00,37.630001068115234,37.630001068115234,37.630001068115234,37.630001068115234,371,0.0,0.0,2023-07-14
2426,2023-07-14 09:45:00-04:00,37.35499954223633,37.39500045776367,37.35499954223633,37.39500045776367,509,0.0,0.0,2023-07-14
2427,2023-07-14 09:50:00-04:00,36.970001220703125,36.974998474121094,36.875,36.875,805,0.0,0.0,2023-07-14
2428,2023-07-14 10:00:00-04:00,36.83000183105469,36.83000183105469,36.72999954223633,36.76499938964844,1224,0.0,0.0,2023-07-14
2429,2023-07-14 10:05:00-04:00,36.7599983215332,36.7599983215332,36.630001068115234,36.630001068115234,1759,0.0,0.0,2023-07-14
2430,2023-07-14 10:10:00-04:00,36.72999954223633,36.86249923706055,36.7151985168457,36.849998474121094,2334,0.0,0.0,2023-07-14
2431,2023-07-14 10:15:00-04:00,36.7400016784668,36.744998931884766,36.7400016784668,36.744998931884766,635,0.0,0.0,2023-07-14
2432,2023-07-14 10:20:00-04:00,36.75,36.79999923706055,36.68000030517578,36.72999954223633,2897,0.0,0.0,2023-07-14
2433,2023-07-14 10:25:00-04:00,36.79999923706055,36.79999923706055,36.59000015258789,36.64500045776367,3443,0.0,0.0,2023-07-14
2434,2023-07-14 10:30:00-04:00,36.68000030517578,36.70000076293945,36.540000915527344,36.58000183105469,4735,0.0,0.0,2023-07-14
2435,2023-07-14 10:35:00-04:00,36.529998779296875,36.564998626708984,36.45000076293945,36.470001220703125,3452,0.0,0.0,2023-07-14
2436,2023-07-14 10:40:00-04:00,36.56999969482422,36.56999969482422,36.39500045776367,36.39500045776367,2432,0.0,0.0,2023-07-14
2437,2023-07-14 10:50:00-04:00,36.29999923706055,36.47999954223633,36.29999923706055,36.404998779296875,4278,0.0,0.0,2023-07-14
2438,2023-07-14 10:55:00-04:00,36.3849983215332,36.45000076293945,36.375,36.45000076293945,1070,0.0,0.0,2023-07-14
2439,2023-07-14 11:00:00-04:00,36.22999954223633,36.404998779296875,36.20000076293945,36.404998779296875,2247,0.0,0.0,2023-07-14
2440,2023-07-14 11:05:00-04:00,36.40999984741211,36.58000183105469,36.38999938964844,36.58000183105469,5874,0.0,0.0,2023-07-14
2441,2023-07-14 11:10:00-04:00,36.619998931884766,36.665000915527344,36.54999923706055,36.61000061035156,4567,0.0,0.0,2023-07-14
2442,2023-07-14 11:15:00-04:00,36.63999938964844,36.66999816894531,36.529998779296875,36.540000915527344,4412,0.0,0.0,2023-07-14
2443,2023-07-14 11:20:00-04:00,36.595001220703125,36.595001220703125,36.459999084472656,36.459999084472656,4718,0.0,0.0,2023-07-14
2444,2023-07-14 11:25:00-04:00,36.5099983215332,36.6349983215332,36.47999954223633,36.6349983215332,2406,0.0,0.0,2023-07-14
2445,2023-07-14 11:30:00-04:00,36.595001220703125,36.81999969482422,36.595001220703125,36.689998626708984,4113,0.0,0.0,2023-07-14
2446,2023-07-14 11:35:00-04:00,36.665000915527344,36.68000030517578,36.665000915527344,36.68000030517578,526,0.0,0.0,2023-07-14
2447,2023-07-14 11:40:00-04:00,36.66999816894531,36.71500015258789,36.66999816894531,36.70500183105469,403,0.0,0.0,2023-07-14
2448,2023-07-14 11:45:00-04:00,36.744998931884766,36.744998931884766,36.60499954223633,36.60499954223633,1848,0.0,0.0,2023-07-14
2449,2023-07-14 11:50:00-04:00,36.47999954223633,36.4900016784668,36.470001220703125,36.470001220703125,2246,0.0,0.0,2023-07-14
2450,2023-07-14 11:55:00-04:00,36.45000076293945,36.529998779296875,36.439998626708984,36.529998779296875,3659,0.0,0.0,2023-07-14
2451,2023-07-14 12:00:00-04:00,36.619998931884766,36.67499923706055,36.529998779296875,36.529998779296875,3292,0.0,0.0,2023-07-14
2452,2023-07-14 12:05:00-04:00,36.540000915527344,36.599998474121094,36.540000915527344,36.56999969482422,798,0.0,0.0,2023-07-14
2453,2023-07-14 12:10:00-04:00,36.54999923706055,36.59000015258789,36.54999923706055,36.59000015258789,829,0.0,0.0,2023-07-14
2454,2023-07-14 12:15:00-04:00,36.560001373291016,36.560001373291016,36.560001373291016,36.560001373291016,756,0.0,0.0,2023-07-14
2455,2023-07-14 12:20:00-04:00,36.560001373291016,36.59000015258789,36.43000030517578,36.43000030517578,3257,0.0,0.0,2023-07-14
2456,2023-07-14 12:25:00-04:00,36.45500183105469,36.529998779296875,36.380001068115234,36.380001068115234,2327,0.0,0.0,2023-07-14
2457,2023-07-14 12:30:00-04:00,36.349998474121094,36.47999954223633,36.349998474121094,36.47999954223633,1592,0.0,0.0,2023-07-14
2458,2023-07-14 12:35:00-04:00,36.439998626708984,36.439998626708984,36.41999816894531,36.41999816894531,1024,0.0,0.0,2023-07-14
2459,2023-07-14 12:40:00-04:00,36.404998779296875,36.45000076293945,36.404998779296875,36.43000030517578,1922,0.0,0.0,2023-07-14
2460,2023-07-14 12:45:00-04:00,36.439998626708984,36.52000045776367,36.41999816894531,36.439998626708984,8895,0.0,0.0,2023-07-14
2461,2023-07-14 12:50:00-04:00,36.459999084472656,36.5099983215332,36.459999084472656,36.459999084472656,2916,0.0,0.0,2023-07-14
2462,2023-07-14 12:55:00-04:00,36.459999084472656,36.52000045776367,36.41999816894531,36.46500015258789,14583,0.0,0.0,2023-07-14
2463,2023-07-14 13:00:00-04:00,36.5099983215332,36.5099983215332,36.400001525878906,36.43000030517578,5456,0.0,0.0,2023-07-14
2464,2023-07-14 13:05:00-04:00,36.45000076293945,36.459999084472656,36.34000015258789,36.34000015258789,1931,0.0,0.0,2023-07-14
2465,2023-07-14 13:10:00-04:00,36.38999938964844,36.52000045776367,36.38999938964844,36.47999954223633,3579,0.0,0.0,2023-07-14
2466,2023-07-14 13:15:00-04:00,36.5,36.810001373291016,36.48500061035156,36.810001373291016,3678,0.0,0.0,2023-07-14
2467,2023-07-14 13:25:00-04:00,36.779998779296875,36.81999969482422,36.7400016784668,36.81999969482422,1523,0.0,0.0,2023-07-14
2468,2023-07-14 13:30:00-04:00,36.80500030517578,36.849998474121094,36.7599983215332,36.849998474121094,1234,0.0,0.0,2023-07-14
2469,2023-07-14 13:35:00-04:00,36.904998779296875,36.904998779296875,36.84000015258789,36.84000015258789,863,0.0,0.0,2023-07-14
2470,2023-07-14 13:40:00-04:00,36.88999938964844,36.900001525878906,36.775001525878906,36.775001525878906,3007,0.0,0.0,2023-07-14
2471,2023-07-14 13:45:00-04:00,36.79499816894531,36.810001373291016,36.79499816894531,36.810001373291016,353,0.0,0.0,2023-07-14
2472,2023-07-14 13:50:00-04:00,36.82500076293945,36.86000061035156,36.82500076293945,36.86000061035156,320,0.0,0.0,2023-07-14
2473,2023-07-14 13:55:00-04:00,36.869998931884766,36.869998931884766,36.72249984741211,36.73500061035156,1894,0.0,0.0,2023-07-14
2474,2023-07-14 14:00:00-04:00,36.7400016784668,36.7400016784668,36.7400016784668,36.7400016784668,318,0.0,0.0,2023-07-14
2475,2023-07-14 14:05:00-04:00,36.76499938964844,36.76499938964844,36.720001220703125,36.744998931884766,948,0.0,0.0,2023-07-14
2476,2023-07-14 14:10:00-04:00,36.755001068115234,36.80500030517578,36.755001068115234,36.779998779296875,2612,0.0,0.0,2023-07-14
2477,2023-07-14 14:15:00-04:00,36.744998931884766,36.744998931884766,36.744998931884766,36.744998931884766,100,0.0,0.0,2023-07-14
2478,2023-07-14 14:20:00-04:00,36.755001068115234,36.76499938964844,36.70000076293945,36.709999084472656,1243,0.0,0.0,2023-07-14
2479,2023-07-14 14:25:00-04:00,36.7599983215332,36.7599983215332,36.7599983215332,36.7599983215332,411,0.0,0.0,2023-07-14
2480,2023-07-14 14:30:00-04:00,36.75,36.75,36.709999084472656,36.709999084472656,1030,0.0,0.0,2023-07-14
2481,2023-07-14 14:35:00-04:00,36.73500061035156,36.73500061035156,36.73500061035156,36.73500061035156,404,0.0,0.0,2023-07-14
2482,2023-07-14 14:40:00-04:00,36.72999954223633,36.744998931884766,36.720001220703125,36.720001220703125,1035,0.0,0.0,2023-07-14
2483,2023-07-14 14:45:00-04:00,36.720001220703125,36.720001220703125,36.619998931884766,36.65999984741211,3593,0.0,0.0,2023-07-14
2484,2023-07-14 14:50:00-04:00,36.650001525878906,36.68000030517578,36.630001068115234,36.68000030517578,1493,0.0,0.0,2023-07-14
2485,2023-07-14 14:55:00-04:00,36.68000030517578,36.68000030517578,36.61000061035156,36.6150016784668,2186,0.0,0.0,2023-07-14
2486,2023-07-14 15:00:00-04:00,36.619998931884766,36.619998931884766,36.58000183105469,36.599998474121094,1045,0.0,0.0,2023-07-14
2487,2023-07-14 15:05:00-04:00,36.61000061035156,36.66999816894531,36.61000061035156,36.66999816894531,1369,0.0,0.0,2023-07-14
2488,2023-07-14 15:10:00-04:00,36.66999816894531,36.66999816894531,36.66999816894531,36.66999816894531,1236,0.0,0.0,2023-07-14
2489,2023-07-14 15:15:00-04:00,36.79999923706055,36.79999923706055,36.70000076293945,36.70000076293945,3460,0.0,0.0,2023-07-14
2490,2023-07-14 15:20:00-04:00,36.66999816894531,36.709999084472656,36.65999984741211,36.70000076293945,3592,0.0,0.0,2023-07-14
2491,2023-07-14 15:25:00-04:00,36.68000030517578,36.762001037597656,36.68000030517578,36.762001037597656,2072,0.0,0.0,2023-07-14
2492,2023-07-14 15:30:00-04:00,36.7400016784668,36.7599983215332,36.63999938964844,36.72200012207031,6902,0.0,0.0,2023-07-14
2493,2023-07-14 15:35:00-04:00,36.69499969482422,36.69499969482422,36.650001525878906,36.650001525878906,1533,0.0,0.0,2023-07-14
2494,2023-07-14 15:40:00-04:00,36.66999816894531,36.68000030517578,36.560001373291016,36.57500076293945,6681,0.0,0.0,2023-07-14
2495,2023-07-14 15:45:00-04:00,36.599998474121094,36.650001525878906,36.59000015258789,36.61000061035156,2955,0.0,0.0,2023-07-14
2496,2023-07-14 15:50:00-04:00,36.61000061035156,36.70000076293945,36.599998474121094,36.68000030517578,4581,0.0,0.0,2023-07-14
2497,2023-07-14 15:55:00-04:00,36.68000030517578,36.77000045776367,36.65999984741211,36.709999084472656,15972,0.0,0.0,2023-07-14
2498,2023-07-17 09:30:00-04:00,36.61000061035156,37.04999923706055,36.61000061035156,36.88750076293945,2697,0.0,0.0,2023-07-17
2499,2023-07-17 09:35:00-04:00,36.599998474121094,37.02000045776367,36.599998474121094,36.86000061035156,612,0.0,0.0,2023-07-17
2500,2023-07-17 09:40:00-04:00,36.619998931884766,36.619998931884766,36.54999923706055,36.54999923706055,965,0.0,0.0,2023-07-17
2501,2023-07-17 09:45:00-04:00,36.7599983215332,36.90999984741211,36.540000915527344,36.90999984741211,1273,0.0,0.0,2023-07-17
2502,2023-07-17 09:50:00-04:00,36.880001068115234,37.029998779296875,36.880001068115234,37.029998779296875,764,0.0,0.0,2023-07-17
2503,2023-07-17 10:00:00-04:00,37.029998779296875,37.04499816894531,36.970001220703125,36.970001220703125,6450,0.0,0.0,2023-07-17
2504,2023-07-17 10:05:00-04:00,36.939998626708984,37.11000061035156,36.709999084472656,36.98500061035156,7429,0.0,0.0,2023-07-17
2505,2023-07-17 10:10:00-04:00,36.95000076293945,36.95000076293945,36.95000076293945,36.95000076293945,246,0.0,0.0,2023-07-17
2506,2023-07-17 10:15:00-04:00,36.880001068115234,36.880001068115234,36.880001068115234,36.880001068115234,132,0.0,0.0,2023-07-17
2507,2023-07-17 10:20:00-04:00,36.900001525878906,36.900001525878906,36.81999969482422,36.81999969482422,924,0.0,0.0,2023-07-17
2508,2023-07-17 10:30:00-04:00,36.83000183105469,36.86000061035156,36.83000183105469,36.86000061035156,910,0.0,0.0,2023-07-17
2509,2023-07-17 10:35:00-04:00,36.81999969482422,36.95000076293945,36.81999969482422,36.95000076293945,1141,0.0,0.0,2023-07-17
2510,2023-07-17 10:45:00-04:00,37.150001525878906,37.150001525878906,37.150001525878906,37.150001525878906,494,0.0,0.0,2023-07-17
2511,2023-07-17 10:50:00-04:00,37.279998779296875,37.34000015258789,37.279998779296875,37.33549880981445,559,0.0,0.0,2023-07-17
2512,2023-07-17 10:55:00-04:00,37.34000015258789,37.40999984741211,37.290000915527344,37.290000915527344,1951,0.0,0.0,2023-07-17
2513,2023-07-17 11:05:00-04:00,37.329200744628906,37.329200744628906,37.329200744628906,37.329200744628906,514,0.0,0.0,2023-07-17
2514,2023-07-17 11:15:00-04:00,37.349998474121094,37.38999938964844,37.349998474121094,37.38999938964844,894,0.0,0.0,2023-07-17
2515,2023-07-17 11:20:00-04:00,37.40999984741211,37.40999984741211,37.31999969482422,37.31999969482422,2408,0.0,0.0,2023-07-17
2516,2023-07-17 11:25:00-04:00,37.2599983215332,37.2599983215332,37.25,37.25,608,0.0,0.0,2023-07-17
2517,2023-07-17 11:35:00-04:00,37.369998931884766,37.439998626708984,37.279998779296875,37.279998779296875,515,0.0,0.0,2023-07-17
2518,2023-07-17 11:40:00-04:00,37.470001220703125,37.59000015258789,37.38999938964844,37.59000015258789,1026,0.0,0.0,2023-07-17
2519,2023-07-17 11:45:00-04:00,37.56999969482422,37.56999969482422,37.56999969482422,37.56999969482422,226,0.0,0.0,2023-07-17
2520,2023-07-17 11:50:00-04:00,37.61000061035156,37.61000061035156,37.61000061035156,37.61000061035156,546,0.0,0.0,2023-07-17
2521,2023-07-17 11:55:00-04:00,37.65999984741211,37.65999984741211,37.43000030517578,37.43000030517578,3799,0.0,0.0,2023-07-17
2522,2023-07-17 12:00:00-04:00,37.400001525878906,37.45000076293945,37.400001525878906,37.45000076293945,214,0.0,0.0,2023-07-17
2523,2023-07-17 12:05:00-04:00,37.38999938964844,37.38999938964844,37.38999938964844,37.38999938964844,1471,0.0,0.0,2023-07-17
2524,2023-07-17 12:10:00-04:00,37.45000076293945,37.540000915527344,37.45000076293945,37.540000915527344,1338,0.0,0.0,2023-07-17
2525,2023-07-17 12:15:00-04:00,37.619998931884766,37.619998931884766,37.40999984741211,37.40999984741211,2661,0.0,0.0,2023-07-17
2526,2023-07-17 12:20:00-04:00,37.40999984741211,37.41999816894531,37.400001525878906,37.400001525878906,1332,0.0,0.0,2023-07-17
2527,2023-07-17 12:30:00-04:00,37.42649841308594,37.439998626708984,37.380001068115234,37.439998626708984,2167,0.0,0.0,2023-07-17
2528,2023-07-17 12:40:00-04:00,37.43000030517578,37.43000030517578,37.43000030517578,37.43000030517578,480,0.0,0.0,2023-07-17
2529,2023-07-17 12:45:00-04:00,37.45500183105469,37.45500183105469,37.40999984741211,37.45500183105469,785,0.0,0.0,2023-07-17
2530,2023-07-17 12:50:00-04:00,37.45000076293945,37.45000076293945,37.45000076293945,37.45000076293945,571,0.0,0.0,2023-07-17
2531,2023-07-17 13:00:00-04:00,37.459999084472656,37.459999084472656,37.459999084472656,37.459999084472656,367,0.0,0.0,2023-07-17
2532,2023-07-17 13:05:00-04:00,37.47999954223633,37.5099983215332,37.47999954223633,37.47999954223633,1255,0.0,0.0,2023-07-17
2533,2023-07-17 13:10:00-04:00,37.540000915527344,37.54999923706055,37.4474983215332,37.54999923706055,4495,0.0,0.0,2023-07-17
2534,2023-07-17 13:15:00-04:00,37.619998931884766,37.619998931884766,37.540000915527344,37.540000915527344,929,0.0,0.0,2023-07-17
2535,2023-07-17 13:20:00-04:00,37.720001220703125,37.720001220703125,37.63999938964844,37.63999938964844,1032,0.0,0.0,2023-07-17
2536,2023-07-17 13:30:00-04:00,37.720001220703125,37.75,37.71500015258789,37.724998474121094,1248,0.0,0.0,2023-07-17
2537,2023-07-17 13:40:00-04:00,37.73249816894531,37.7599983215332,37.70000076293945,37.744998931884766,3614,0.0,0.0,2023-07-17
2538,2023-07-17 13:45:00-04:00,37.709999084472656,37.75,37.709999084472656,37.75,525,0.0,0.0,2023-07-17
2539,2023-07-17 13:50:00-04:00,37.720001220703125,37.720001220703125,37.709999084472656,37.71500015258789,698,0.0,0.0,2023-07-17
2540,2023-07-17 13:55:00-04:00,37.709999084472656,37.709999084472656,37.709999084472656,37.709999084472656,799,0.0,0.0,2023-07-17
2541,2023-07-17 14:00:00-04:00,37.724998474121094,37.72999954223633,37.71500015258789,37.71500015258789,442,0.0,0.0,2023-07-17
2542,2023-07-17 14:05:00-04:00,37.720001220703125,37.810001373291016,37.720001220703125,37.810001373291016,1888,0.0,0.0,2023-07-17
2543,2023-07-17 14:10:00-04:00,37.779998779296875,37.849998474121094,37.775001525878906,37.849998474121094,1840,0.0,0.0,2023-07-17
2544,2023-07-17 14:15:00-04:00,37.85499954223633,37.85499954223633,37.85499954223633,37.85499954223633,532,0.0,0.0,2023-07-17
2545,2023-07-17 14:20:00-04:00,37.888999938964844,37.93000030517578,37.880001068115234,37.93000030517578,3109,0.0,0.0,2023-07-17
2546,2023-07-17 14:25:00-04:00,37.93000030517578,37.93000030517578,37.88999938964844,37.88999938964844,1261,0.0,0.0,2023-07-17
2547,2023-07-17 14:30:00-04:00,37.849998474121094,37.869998931884766,37.779998779296875,37.779998779296875,7557,0.0,0.0,2023-07-17
2548,2023-07-17 14:35:00-04:00,37.849998474121094,37.85499954223633,37.849998474121094,37.85499954223633,861,0.0,0.0,2023-07-17
2549,2023-07-17 14:40:00-04:00,37.79499816894531,37.84149932861328,37.79499816894531,37.84149932861328,1554,0.0,0.0,2023-07-17
2550,2023-07-17 14:45:00-04:00,37.849998474121094,37.849998474121094,37.83000183105469,37.83000183105469,1531,0.0,0.0,2023-07-17
2551,2023-07-17 14:50:00-04:00,37.80500030517578,37.849998474121094,37.80500030517578,37.810001373291016,818,0.0,0.0,2023-07-17
2552,2023-07-17 14:55:00-04:00,37.81999969482422,37.81999969482422,37.7599983215332,37.7599983215332,1354,0.0,0.0,2023-07-17
2553,2023-07-17 15:00:00-04:00,37.7599983215332,37.76499938964844,37.7400016784668,37.75,2084,0.0,0.0,2023-07-17
2554,2023-07-17 15:05:00-04:00,37.75,37.77000045776367,37.75,37.75,1655,0.0,0.0,2023-07-17
2555,2023-07-17 15:10:00-04:00,37.7400016784668,37.75,37.73500061035156,37.75,1081,0.0,0.0,2023-07-17
2556,2023-07-17 15:15:00-04:00,37.7400016784668,37.76499938964844,37.720001220703125,37.7599983215332,4411,0.0,0.0,2023-07-17
2557,2023-07-17 15:20:00-04:00,37.7599983215332,37.775001525878906,37.73500061035156,37.744998931884766,2316,0.0,0.0,2023-07-17
2558,2023-07-17 15:25:00-04:00,37.75,37.779998779296875,37.709999084472656,37.720001220703125,2467,0.0,0.0,2023-07-17
2559,2023-07-17 15:30:00-04:00,37.709999084472656,37.709999084472656,37.650001525878906,37.654998779296875,2544,0.0,0.0,2023-07-17
2560,2023-07-17 15:35:00-04:00,37.630001068115234,37.720001220703125,37.630001068115234,37.65999984741211,3201,0.0,0.0,2023-07-17
2561,2023-07-17 15:40:00-04:00,37.689998626708984,37.70000076293945,37.650001525878906,37.66999816894531,3961,0.0,0.0,2023-07-17
2562,2023-07-17 15:45:00-04:00,37.63999938964844,37.63999938964844,37.56999969482422,37.56999969482422,2731,0.0,0.0,2023-07-17
2563,2023-07-17 15:50:00-04:00,37.560001373291016,37.63999938964844,37.560001373291016,37.60499954223633,6764,0.0,0.0,2023-07-17
2564,2023-07-17 15:55:00-04:00,37.59000015258789,37.599998474121094,37.459999084472656,37.540000915527344,13838,0.0,0.0,2023-07-17
2565,2023-07-18 09:30:00-04:00,37.5,37.75,37.5,37.75,3415,0.0,0.0,2023-07-18
2566,2023-07-18 09:35:00-04:00,37.79999923706055,38.150001525878906,37.790000915527344,37.810001373291016,2128,0.0,0.0,2023-07-18
2567,2023-07-18 09:40:00-04:00,38.189998626708984,38.38999938964844,38.189998626708984,38.38999938964844,1206,0.0,0.0,2023-07-18
2568,2023-07-18 09:45:00-04:00,38.560001373291016,38.560001373291016,38.560001373291016,38.560001373291016,814,0.0,0.0,2023-07-18
2569,2023-07-18 09:50:00-04:00,38.70000076293945,39.040000915527344,38.70000076293945,38.869998931884766,2728,0.0,0.0,2023-07-18
2570,2023-07-18 09:55:00-04:00,38.91999816894531,39.20000076293945,38.849998474121094,39.20000076293945,2881,0.0,0.0,2023-07-18
2571,2023-07-18 10:00:00-04:00,39.2400016784668,39.34000015258789,39.2400016784668,39.34000015258789,1430,0.0,0.0,2023-07-18
2572,2023-07-18 10:05:00-04:00,39.349998474121094,39.349998474121094,39.25,39.25,1724,0.0,0.0,2023-07-18
2573,2023-07-18 10:10:00-04:00,39.224998474121094,39.224998474121094,39.09000015258789,39.119998931884766,1553,0.0,0.0,2023-07-18
2574,2023-07-18 10:15:00-04:00,39.11000061035156,39.11000061035156,38.83000183105469,38.90999984741211,4842,0.0,0.0,2023-07-18
2575,2023-07-18 10:20:00-04:00,38.84000015258789,39.0,38.84000015258789,39.0,1321,0.0,0.0,2023-07-18
2576,2023-07-18 10:30:00-04:00,38.84000015258789,38.84000015258789,38.689998626708984,38.7599983215332,4333,0.0,0.0,2023-07-18
2577,2023-07-18 10:40:00-04:00,38.77000045776367,38.849998474121094,38.70000076293945,38.72999954223633,3164,0.0,0.0,2023-07-18
2578,2023-07-18 10:45:00-04:00,38.724998474121094,38.724998474121094,38.724998474121094,38.724998474121094,523,0.0,0.0,2023-07-18
2579,2023-07-18 10:50:00-04:00,38.720001220703125,38.720001220703125,38.66999816894531,38.68000030517578,826,0.0,0.0,2023-07-18
2580,2023-07-18 10:55:00-04:00,38.709999084472656,38.720001220703125,38.560001373291016,38.63999938964844,2758,0.0,0.0,2023-07-18
2581,2023-07-18 11:00:00-04:00,38.790000915527344,38.810001373291016,38.75,38.75,2013,0.0,0.0,2023-07-18
2582,2023-07-18 11:05:00-04:00,38.81999969482422,39.209999084472656,38.80500030517578,39.209999084472656,6282,0.0,0.0,2023-07-18
2583,2023-07-18 11:10:00-04:00,39.209999084472656,39.209999084472656,39.1349983215332,39.20500183105469,1699,0.0,0.0,2023-07-18
2584,2023-07-18 11:15:00-04:00,39.310001373291016,39.45000076293945,39.310001373291016,39.33000183105469,2993,0.0,0.0,2023-07-18
2585,2023-07-18 11:20:00-04:00,39.45500183105469,39.650001525878906,39.45500183105469,39.650001525878906,2080,0.0,0.0,2023-07-18
2586,2023-07-18 11:25:00-04:00,39.66999816894531,39.77000045776367,39.66999816894531,39.77000045776367,1396,0.0,0.0,2023-07-18
2587,2023-07-18 11:30:00-04:00,39.755001068115234,39.755001068115234,39.630001068115234,39.70000076293945,2259,0.0,0.0,2023-07-18
2588,2023-07-18 11:35:00-04:00,39.625,39.662498474121094,39.625,39.654998779296875,1280,0.0,0.0,2023-07-18
2589,2023-07-18 11:40:00-04:00,39.599998474121094,39.599998474121094,39.369998931884766,39.369998931884766,3052,0.0,0.0,2023-07-18
2590,2023-07-18 11:45:00-04:00,39.47999954223633,39.47999954223633,39.47999954223633,39.47999954223633,783,0.0,0.0,2023-07-18
2591,2023-07-18 11:50:00-04:00,39.5099983215332,39.54999923706055,39.37099838256836,39.5099983215332,3404,0.0,0.0,2023-07-18
2592,2023-07-18 11:55:00-04:00,39.5099983215332,39.61000061035156,39.5099983215332,39.61000061035156,1683,0.0,0.0,2023-07-18
2593,2023-07-18 12:05:00-04:00,39.57500076293945,39.57500076293945,39.57500076293945,39.57500076293945,642,0.0,0.0,2023-07-18
2594,2023-07-18 12:10:00-04:00,39.4900016784668,39.619998931884766,39.439998626708984,39.619998931884766,2876,0.0,0.0,2023-07-18
2595,2023-07-18 12:15:00-04:00,39.619998931884766,39.68000030517578,39.58000183105469,39.68000030517578,945,0.0,0.0,2023-07-18
2596,2023-07-18 12:20:00-04:00,39.720001220703125,39.720001220703125,39.599998474121094,39.599998474121094,1333,0.0,0.0,2023-07-18
2597,2023-07-18 12:30:00-04:00,39.59000015258789,39.68000030517578,39.59000015258789,39.59000015258789,3795,0.0,0.0,2023-07-18
2598,2023-07-18 12:35:00-04:00,39.689998626708984,39.70000076293945,39.682498931884766,39.70000076293945,1625,0.0,0.0,2023-07-18
2599,2023-07-18 12:40:00-04:00,39.720001220703125,39.790000915527344,39.689998626708984,39.720001220703125,2364,0.0,0.0,2023-07-18
2600,2023-07-18 12:50:00-04:00,39.77000045776367,39.77000045776367,39.625,39.625,1395,0.0,0.0,2023-07-18
2601,2023-07-18 12:55:00-04:00,39.720001220703125,39.720001220703125,39.720001220703125,39.720001220703125,418,0.0,0.0,2023-07-18
2602,2023-07-18 13:00:00-04:00,39.72999954223633,39.869998931884766,39.72999954223633,39.810001373291016,1524,0.0,0.0,2023-07-18
2603,2023-07-18 13:05:00-04:00,39.790000915527344,39.790000915527344,39.720001220703125,39.720001220703125,1256,0.0,0.0,2023-07-18
2604,2023-07-18 13:10:00-04:00,39.779998779296875,39.81529998779297,39.72999954223633,39.72999954223633,996,0.0,0.0,2023-07-18
2605,2023-07-18 13:15:00-04:00,39.790000915527344,39.86000061035156,39.790000915527344,39.86000061035156,2759,0.0,0.0,2023-07-18
2606,2023-07-18 13:20:00-04:00,39.88999938964844,39.90999984741211,39.88999938964844,39.90999984741211,771,0.0,0.0,2023-07-18
2607,2023-07-18 13:25:00-04:00,39.83000183105469,39.83000183105469,39.7400016784668,39.7400016784668,1574,0.0,0.0,2023-07-18
2608,2023-07-18 13:30:00-04:00,39.7400016784668,39.7400016784668,39.7400016784668,39.7400016784668,909,0.0,0.0,2023-07-18
2609,2023-07-18 13:35:00-04:00,39.7400016784668,39.84000015258789,39.71099853515625,39.84000015258789,4444,0.0,0.0,2023-07-18
2610,2023-07-18 13:50:00-04:00,39.880001068115234,39.880001068115234,39.81999969482422,39.81999969482422,1329,0.0,0.0,2023-07-18
2611,2023-07-18 13:55:00-04:00,39.779998779296875,39.779998779296875,39.66999816894531,39.66999816894531,875,0.0,0.0,2023-07-18
2612,2023-07-18 14:00:00-04:00,39.665000915527344,39.68000030517578,39.52000045776367,39.599998474121094,3162,0.0,0.0,2023-07-18
2613,2023-07-18 14:05:00-04:00,39.61000061035156,39.61000061035156,39.560001373291016,39.560001373291016,511,0.0,0.0,2023-07-18
2614,2023-07-18 14:10:00-04:00,39.59000015258789,39.650001525878906,39.59000015258789,39.63999938964844,1308,0.0,0.0,2023-07-18
2615,2023-07-18 14:15:00-04:00,39.62689971923828,39.62689971923828,39.625,39.625,482,0.0,0.0,2023-07-18
2616,2023-07-18 14:20:00-04:00,39.630001068115234,39.650001525878906,39.625,39.625,910,0.0,0.0,2023-07-18
2617,2023-07-18 14:25:00-04:00,39.66999816894531,39.66999816894531,39.66999816894531,39.66999816894531,652,0.0,0.0,2023-07-18
2618,2023-07-18 14:30:00-04:00,39.7400016784668,39.790000915527344,39.7400016784668,39.790000915527344,1934,0.0,0.0,2023-07-18
2619,2023-07-18 14:35:00-04:00,39.7599983215332,39.779998779296875,39.7400016784668,39.7599983215332,1342,0.0,0.0,2023-07-18
2620,2023-07-18 14:40:00-04:00,39.744998931884766,39.90999984741211,39.744998931884766,39.88999938964844,4724,0.0,0.0,2023-07-18
2621,2023-07-18 14:45:00-04:00,39.869998931884766,39.994998931884766,39.869998931884766,39.900001525878906,3383,0.0,0.0,2023-07-18
2622,2023-07-18 14:50:00-04:00,39.869998931884766,39.95000076293945,39.869998931884766,39.91999816894531,2894,0.0,0.0,2023-07-18
2623,2023-07-18 15:00:00-04:00,39.939998626708984,39.939998626708984,39.88999938964844,39.88999938964844,1139,0.0,0.0,2023-07-18
2624,2023-07-18 15:05:00-04:00,40.0,40.0,39.959999084472656,39.959999084472656,620,0.0,0.0,2023-07-18
2625,2023-07-18 15:10:00-04:00,39.9900016784668,39.9900016784668,39.93000030517578,39.95000076293945,2279,0.0,0.0,2023-07-18
2626,2023-07-18 15:15:00-04:00,39.970001220703125,40.06999969482422,39.970001220703125,40.060001373291016,2347,0.0,0.0,2023-07-18
2627,2023-07-18 15:20:00-04:00,40.060001373291016,40.09000015258789,40.029998779296875,40.060001373291016,2621,0.0,0.0,2023-07-18
2628,2023-07-18 15:25:00-04:00,40.060001373291016,40.060001373291016,40.02000045776367,40.060001373291016,2935,0.0,0.0,2023-07-18
2629,2023-07-18 15:30:00-04:00,40.060001373291016,40.11000061035156,40.053001403808594,40.053001403808594,2995,0.0,0.0,2023-07-18
2630,2023-07-18 15:35:00-04:00,40.099998474121094,40.13999938964844,40.0,40.0,4361,0.0,0.0,2023-07-18
2631,2023-07-18 15:40:00-04:00,40.025001525878906,40.119998931884766,40.025001525878906,40.095001220703125,8223,0.0,0.0,2023-07-18
2632,2023-07-18 15:45:00-04:00,40.119998931884766,40.150001525878906,40.0,40.0,8460,0.0,0.0,2023-07-18
2633,2023-07-18 15:50:00-04:00,40.029998779296875,40.15999984741211,39.970001220703125,40.060001373291016,6961,0.0,0.0,2023-07-18
2634,2023-07-18 15:55:00-04:00,40.060001373291016,40.130001068115234,40.02000045776367,40.04999923706055,19706,0.0,0.0,2023-07-18
2635,2023-07-19 09:30:00-04:00,40.43000030517578,40.439998626708984,40.0099983215332,40.2599983215332,3038,0.0,0.0,2023-07-19
2636,2023-07-19 09:35:00-04:00,40.78350067138672,40.790000915527344,40.14500045776367,40.14500045776367,957,0.0,0.0,2023-07-19
2637,2023-07-19 09:40:00-04:00,40.06999969482422,40.150001525878906,40.06999969482422,40.09000015258789,1275,0.0,0.0,2023-07-19
2638,2023-07-19 09:45:00-04:00,40.68000030517578,40.900001525878906,40.554500579833984,40.900001525878906,3338,0.0,0.0,2023-07-19
2639,2023-07-19 09:50:00-04:00,40.869998931884766,41.11000061035156,40.869998931884766,40.95000076293945,3670,0.0,0.0,2023-07-19
2640,2023-07-19 09:55:00-04:00,41.060001373291016,41.060001373291016,40.90999984741211,40.959999084472656,2401,0.0,0.0,2023-07-19
2641,2023-07-19 10:00:00-04:00,41.09000015258789,41.09000015258789,41.09000015258789,41.09000015258789,362,0.0,0.0,2023-07-19
2642,2023-07-19 10:05:00-04:00,41.13999938964844,41.185001373291016,40.95000076293945,41.099998474121094,2824,0.0,0.0,2023-07-19
2643,2023-07-19 10:10:00-04:00,41.2400016784668,41.400001525878906,41.2400016784668,41.400001525878906,1361,0.0,0.0,2023-07-19
2644,2023-07-19 10:15:00-04:00,41.203800201416016,41.5,41.203800201416016,41.5,4282,0.0,0.0,2023-07-19
2645,2023-07-19 10:20:00-04:00,41.45000076293945,41.47999954223633,41.290000915527344,41.29999923706055,1455,0.0,0.0,2023-07-19
2646,2023-07-19 10:25:00-04:00,41.33000183105469,41.439998626708984,41.29999923706055,41.439998626708984,1263,0.0,0.0,2023-07-19
2647,2023-07-19 10:30:00-04:00,41.43000030517578,41.43000030517578,41.27000045776367,41.349998474121094,1440,0.0,0.0,2023-07-19
2648,2023-07-19 10:35:00-04:00,41.279998779296875,41.279998779296875,41.18000030517578,41.2400016784668,2596,0.0,0.0,2023-07-19
2649,2023-07-19 10:40:00-04:00,41.31999969482422,41.34000015258789,41.22999954223633,41.28499984741211,2229,0.0,0.0,2023-07-19
2650,2023-07-19 10:45:00-04:00,41.2400016784668,41.29999923706055,41.2400016784668,41.29999923706055,1070,0.0,0.0,2023-07-19
2651,2023-07-19 10:50:00-04:00,41.33000183105469,41.33000183105469,41.31999969482422,41.31999969482422,200,0.0,0.0,2023-07-19
2652,2023-07-19 10:55:00-04:00,41.2400016784668,41.489498138427734,41.2400016784668,41.290000915527344,2642,0.0,0.0,2023-07-19
2653,2023-07-19 11:00:00-04:00,41.290000915527344,41.31999969482422,41.290000915527344,41.31999969482422,971,0.0,0.0,2023-07-19
2654,2023-07-19 11:05:00-04:00,41.310001373291016,41.310001373291016,41.13999938964844,41.13999938964844,2069,0.0,0.0,2023-07-19
2655,2023-07-19 11:10:00-04:00,41.119998931884766,41.119998931884766,41.0,41.0,3518,0.0,0.0,2023-07-19
2656,2023-07-19 11:15:00-04:00,40.900001525878906,41.13999938964844,40.900001525878906,41.13999938964844,2546,0.0,0.0,2023-07-19
2657,2023-07-19 11:20:00-04:00,41.16999816894531,41.189998626708984,41.16999816894531,41.189998626708984,947,0.0,0.0,2023-07-19
2658,2023-07-19 11:25:00-04:00,41.209999084472656,41.209999084472656,41.209999084472656,41.209999084472656,472,0.0,0.0,2023-07-19
2659,2023-07-19 11:30:00-04:00,41.25600051879883,41.470001220703125,41.25600051879883,41.470001220703125,4785,0.0,0.0,2023-07-19
2660,2023-07-19 11:35:00-04:00,41.45000076293945,41.56999969482422,41.40999984741211,41.560001373291016,4312,0.0,0.0,2023-07-19
2661,2023-07-19 11:40:00-04:00,41.45000076293945,41.59000015258789,41.45000076293945,41.59000015258789,2928,0.0,0.0,2023-07-19
2662,2023-07-19 11:45:00-04:00,41.46260070800781,41.46260070800781,41.46260070800781,41.46260070800781,343,0.0,0.0,2023-07-19
2663,2023-07-19 11:50:00-04:00,41.45000076293945,41.56999969482422,41.40999984741211,41.56999969482422,2581,0.0,0.0,2023-07-19
2664,2023-07-19 11:55:00-04:00,41.61000061035156,41.65999984741211,41.61000061035156,41.65999984741211,744,0.0,0.0,2023-07-19
2665,2023-07-19 12:00:00-04:00,41.650001525878906,41.650001525878906,41.59000015258789,41.59000015258789,528,0.0,0.0,2023-07-19
2666,2023-07-19 12:05:00-04:00,41.61000061035156,41.720001220703125,41.61000061035156,41.720001220703125,1384,0.0,0.0,2023-07-19
2667,2023-07-19 12:10:00-04:00,41.720001220703125,41.720001220703125,41.66999816894531,41.66999816894531,841,0.0,0.0,2023-07-19
2668,2023-07-19 12:15:00-04:00,41.71500015258789,41.71500015258789,41.709999084472656,41.709999084472656,775,0.0,0.0,2023-07-19
2669,2023-07-19 12:20:00-04:00,41.71500015258789,41.779998779296875,41.650001525878906,41.779998779296875,1925,0.0,0.0,2023-07-19
2670,2023-07-19 12:25:00-04:00,41.790000915527344,41.790000915527344,41.69070053100586,41.72999954223633,2900,0.0,0.0,2023-07-19
2671,2023-07-19 12:30:00-04:00,41.665000915527344,41.709999084472656,41.45000076293945,41.5099983215332,3385,0.0,0.0,2023-07-19
2672,2023-07-19 12:35:00-04:00,41.4900016784668,41.52000045776367,41.349998474121094,41.52000045776367,2206,0.0,0.0,2023-07-19
2673,2023-07-19 12:40:00-04:00,41.540000915527344,41.540000915527344,41.540000915527344,41.540000915527344,933,0.0,0.0,2023-07-19
2674,2023-07-19 12:45:00-04:00,41.68000030517578,41.70500183105469,41.68000030517578,41.70500183105469,2451,0.0,0.0,2023-07-19
2675,2023-07-19 12:50:00-04:00,41.720001220703125,41.970001220703125,41.720001220703125,41.970001220703125,19996,0.0,0.0,2023-07-19
2676,2023-07-19 12:55:00-04:00,41.95000076293945,42.095001220703125,41.915000915527344,42.08000183105469,6795,0.0,0.0,2023-07-19
2677,2023-07-19 13:00:00-04:00,42.08000183105469,42.08000183105469,42.0099983215332,42.060001373291016,1872,0.0,0.0,2023-07-19
2678,2023-07-19 13:05:00-04:00,42.040000915527344,42.099998474121094,41.95000076293945,41.9900016784668,1417,0.0,0.0,2023-07-19
2679,2023-07-19 13:10:00-04:00,42.04499816894531,42.04499816894531,41.9900016784668,41.9900016784668,1598,0.0,0.0,2023-07-19
2680,2023-07-19 13:20:00-04:00,41.95000076293945,41.9900016784668,41.95000076293945,41.9900016784668,665,0.0,0.0,2023-07-19
2681,2023-07-19 13:25:00-04:00,42.025001525878906,42.1349983215332,42.025001525878906,42.130001068115234,1990,0.0,0.0,2023-07-19
2682,2023-07-19 13:30:00-04:00,42.16999816894531,42.16999816894531,42.150001525878906,42.150001525878906,644,0.0,0.0,2023-07-19
2683,2023-07-19 13:35:00-04:00,42.119998931884766,42.119998931884766,42.00740051269531,42.00740051269531,1492,0.0,0.0,2023-07-19
2684,2023-07-19 13:40:00-04:00,41.9900016784668,42.09000015258789,41.970001220703125,42.09000015258789,1931,0.0,0.0,2023-07-19
2685,2023-07-19 13:45:00-04:00,42.11000061035156,42.2400016784668,42.11000061035156,42.220001220703125,3712,0.0,0.0,2023-07-19
2686,2023-07-19 13:50:00-04:00,42.279998779296875,42.29999923706055,42.2599983215332,42.28499984741211,1263,0.0,0.0,2023-07-19
2687,2023-07-19 13:55:00-04:00,42.25,42.275001525878906,42.2400016784668,42.275001525878906,1558,0.0,0.0,2023-07-19
2688,2023-07-19 14:00:00-04:00,42.31999969482422,42.369998931884766,42.2400016784668,42.255001068115234,6007,0.0,0.0,2023-07-19
2689,2023-07-19 14:10:00-04:00,42.150001525878906,42.22999954223633,42.11000061035156,42.22999954223633,2928,0.0,0.0,2023-07-19
2690,2023-07-19 14:15:00-04:00,42.22999954223633,42.2400016784668,42.189998626708984,42.20000076293945,2042,0.0,0.0,2023-07-19
2691,2023-07-19 14:20:00-04:00,42.189998626708984,42.189998626708984,42.18000030517578,42.18000030517578,701,0.0,0.0,2023-07-19
2692,2023-07-19 14:25:00-04:00,42.19499969482422,42.19499969482422,42.19499969482422,42.19499969482422,683,0.0,0.0,2023-07-19
2693,2023-07-19 14:30:00-04:00,42.22999954223633,42.344398498535156,42.22999954223633,42.344398498535156,2621,0.0,0.0,2023-07-19
2694,2023-07-19 14:35:00-04:00,42.380001068115234,42.380001068115234,42.369998931884766,42.369998931884766,821,0.0,0.0,2023-07-19
2695,2023-07-19 14:40:00-04:00,42.41999816894531,42.46699905395508,42.41999816894531,42.439998626708984,2285,0.0,0.0,2023-07-19
2696,2023-07-19 14:45:00-04:00,42.439998626708984,42.439998626708984,42.345001220703125,42.375,3735,0.0,0.0,2023-07-19
2697,2023-07-19 14:50:00-04:00,42.29999923706055,42.29999923706055,42.29999923706055,42.29999923706055,681,0.0,0.0,2023-07-19
2698,2023-07-19 14:55:00-04:00,42.27000045776367,42.345001220703125,42.27000045776367,42.29499816894531,3151,0.0,0.0,2023-07-19
2699,2023-07-19 15:00:00-04:00,42.279998779296875,42.279998779296875,42.25,42.25,1160,0.0,0.0,2023-07-19
2700,2023-07-19 15:05:00-04:00,42.25,42.25,42.09000015258789,42.09000015258789,1116,0.0,0.0,2023-07-19
2701,2023-07-19 15:10:00-04:00,42.060001373291016,42.150001525878906,42.060001373291016,42.150001525878906,1557,0.0,0.0,2023-07-19
2702,2023-07-19 15:15:00-04:00,42.119998931884766,42.18000030517578,42.119998931884766,42.13999938964844,2025,0.0,0.0,2023-07-19
2703,2023-07-19 15:20:00-04:00,42.154998779296875,42.28499984741211,42.130001068115234,42.19499969482422,5247,0.0,0.0,2023-07-19
2704,2023-07-19 15:25:00-04:00,42.189998626708984,42.2400016784668,42.189998626708984,42.2400016784668,1151,0.0,0.0,2023-07-19
2705,2023-07-19 15:30:00-04:00,42.2599983215332,42.27000045776367,42.185001373291016,42.185001373291016,2312,0.0,0.0,2023-07-19
2706,2023-07-19 15:35:00-04:00,42.150001525878906,42.21500015258789,42.11000061035156,42.20500183105469,5212,0.0,0.0,2023-07-19
2707,2023-07-19 15:40:00-04:00,42.20500183105469,42.34000015258789,42.20000076293945,42.34000015258789,5270,0.0,0.0,2023-07-19
2708,2023-07-19 15:45:00-04:00,42.314998626708984,42.400001525878906,42.29999923706055,42.29999923706055,9175,0.0,0.0,2023-07-19
2709,2023-07-19 15:50:00-04:00,42.310001373291016,42.45000076293945,42.20000076293945,42.34000015258789,13102,0.0,0.0,2023-07-19
2710,2023-07-19 15:55:00-04:00,42.35499954223633,42.439998626708984,42.310001373291016,42.310001373291016,22305,0.0,0.0,2023-07-19
2711,2023-07-20 09:30:00-04:00,42.16999816894531,42.16999816894531,41.75,41.9900016784668,2393,0.0,0.0,2023-07-20
2712,2023-07-20 09:35:00-04:00,41.9900016784668,42.07500076293945,41.9900016784668,42.07500076293945,1088,0.0,0.0,2023-07-20
2713,2023-07-20 09:40:00-04:00,41.7400016784668,41.7400016784668,41.7400016784668,41.7400016784668,523,0.0,0.0,2023-07-20
2714,2023-07-20 09:45:00-04:00,41.95000076293945,42.040000915527344,41.95000076293945,41.970001220703125,1919,0.0,0.0,2023-07-20
2715,2023-07-20 09:55:00-04:00,41.7400016784668,41.86000061035156,41.59000015258789,41.59000015258789,1713,0.0,0.0,2023-07-20
2716,2023-07-20 10:00:00-04:00,41.6150016784668,41.63999938964844,41.40999984741211,41.439998626708984,2443,0.0,0.0,2023-07-20
2717,2023-07-20 10:05:00-04:00,41.45000076293945,41.559898376464844,41.439998626708984,41.45000076293945,3208,0.0,0.0,2023-07-20
2718,2023-07-20 10:10:00-04:00,41.31999969482422,41.349998474121094,41.189998626708984,41.244998931884766,2641,0.0,0.0,2023-07-20
2719,2023-07-20 10:15:00-04:00,41.18000030517578,41.2400016784668,41.0099983215332,41.0099983215332,3887,0.0,0.0,2023-07-20
2720,2023-07-20 10:20:00-04:00,41.08000183105469,41.08000183105469,40.84000015258789,40.84000015258789,1382,0.0,0.0,2023-07-20
2721,2023-07-20 10:25:00-04:00,40.89500045776367,40.89500045776367,40.6349983215332,40.6349983215332,2185,0.0,0.0,2023-07-20
2722,2023-07-20 10:30:00-04:00,40.724998474121094,40.810001373291016,40.70500183105469,40.79499816894531,2579,0.0,0.0,2023-07-20
2723,2023-07-20 10:35:00-04:00,40.86000061035156,41.0099983215332,40.86000061035156,40.91999816894531,1508,0.0,0.0,2023-07-20
2724,2023-07-20 10:40:00-04:00,40.84000015258789,40.97999954223633,40.84000015258789,40.92499923706055,509,0.0,0.0,2023-07-20
2725,2023-07-20 10:45:00-04:00,40.9900016784668,41.040000915527344,40.849998474121094,40.91999816894531,3461,0.0,0.0,2023-07-20
2726,2023-07-20 10:50:00-04:00,41.029998779296875,41.04999923706055,40.95000076293945,41.04999923706055,690,0.0,0.0,2023-07-20
2727,2023-07-20 10:55:00-04:00,41.04999923706055,41.09000015258789,41.02000045776367,41.09000015258789,1333,0.0,0.0,2023-07-20
2728,2023-07-20 11:00:00-04:00,41.09000015258789,41.189998626708984,41.060001373291016,41.060001373291016,1790,0.0,0.0,2023-07-20
2729,2023-07-20 11:05:00-04:00,41.04499816894531,41.10499954223633,41.04499816894531,41.10499954223633,454,0.0,0.0,2023-07-20
2730,2023-07-20 11:10:00-04:00,40.9900016784668,40.9900016784668,40.8849983215332,40.97999954223633,645,0.0,0.0,2023-07-20
2731,2023-07-20 11:15:00-04:00,40.98500061035156,41.19499969482422,40.98500061035156,41.189998626708984,3958,0.0,0.0,2023-07-20
2732,2023-07-20 11:20:00-04:00,41.16999816894531,41.25,41.130001068115234,41.25,3104,0.0,0.0,2023-07-20
2733,2023-07-20 11:25:00-04:00,41.2599983215332,41.26499938964844,41.244998931884766,41.244998931884766,418,0.0,0.0,2023-07-20
2734,2023-07-20 11:30:00-04:00,41.18000030517578,41.310001373291016,41.18000030517578,41.310001373291016,1574,0.0,0.0,2023-07-20
2735,2023-07-20 11:35:00-04:00,41.290000915527344,41.290000915527344,41.275001525878906,41.275001525878906,437,0.0,0.0,2023-07-20
2736,2023-07-20 11:40:00-04:00,41.20000076293945,41.349998474121094,41.20000076293945,41.349998474121094,2500,0.0,0.0,2023-07-20
2737,2023-07-20 11:45:00-04:00,41.34000015258789,41.34000015258789,41.20000076293945,41.290000915527344,1763,0.0,0.0,2023-07-20
2738,2023-07-20 11:50:00-04:00,41.220001220703125,41.310001373291016,41.220001220703125,41.29999923706055,2652,0.0,0.0,2023-07-20
2739,2023-07-20 12:00:00-04:00,41.34000015258789,41.43000030517578,41.34000015258789,41.42499923706055,1206,0.0,0.0,2023-07-20
2740,2023-07-20 12:05:00-04:00,41.45500183105469,41.45500183105469,41.40999984741211,41.40999984741211,946,0.0,0.0,2023-07-20
2741,2023-07-20 12:10:00-04:00,41.400001525878906,41.439998626708984,41.400001525878906,41.439998626708984,249,0.0,0.0,2023-07-20
2742,2023-07-20 12:15:00-04:00,41.47999954223633,41.47999954223633,41.470001220703125,41.470001220703125,409,0.0,0.0,2023-07-20
2743,2023-07-20 12:20:00-04:00,41.40999984741211,41.45000076293945,41.2599983215332,41.290000915527344,1575,0.0,0.0,2023-07-20
2744,2023-07-20 12:25:00-04:00,41.31999969482422,41.369998931884766,41.310001373291016,41.36000061035156,1777,0.0,0.0,2023-07-20
2745,2023-07-20 12:30:00-04:00,41.36000061035156,41.36000061035156,41.310001373291016,41.31999969482422,1610,0.0,0.0,2023-07-20
2746,2023-07-20 12:35:00-04:00,41.31999969482422,41.3650016784668,41.29999923706055,41.29999923706055,2053,0.0,0.0,2023-07-20
2747,2023-07-20 12:40:00-04:00,41.2400016784668,41.25,41.185001373291016,41.220001220703125,3192,0.0,0.0,2023-07-20
2748,2023-07-20 12:45:00-04:00,41.18000030517578,41.18000030517578,41.18000030517578,41.18000030517578,327,0.0,0.0,2023-07-20
2749,2023-07-20 12:50:00-04:00,41.19499969482422,41.27000045776367,41.19499969482422,41.27000045776367,1094,0.0,0.0,2023-07-20
2750,2023-07-20 12:55:00-04:00,41.224998474121094,41.224998474121094,41.13890075683594,41.13890075683594,1358,0.0,0.0,2023-07-20
2751,2023-07-20 13:00:00-04:00,41.06999969482422,41.06999969482422,41.040000915527344,41.040000915527344,460,0.0,0.0,2023-07-20
2752,2023-07-20 13:05:00-04:00,40.9900016784668,41.060001373291016,40.9900016784668,41.0099983215332,1325,0.0,0.0,2023-07-20
2753,2023-07-20 13:10:00-04:00,41.06999969482422,41.165000915527344,41.06999969482422,41.165000915527344,2028,0.0,0.0,2023-07-20
2754,2023-07-20 13:15:00-04:00,41.130001068115234,41.154998779296875,41.06999969482422,41.06999969482422,1309,0.0,0.0,2023-07-20
2755,2023-07-20 13:20:00-04:00,40.9900016784668,41.040000915527344,40.9900016784668,41.0099983215332,752,0.0,0.0,2023-07-20
2756,2023-07-20 13:25:00-04:00,40.9900016784668,41.02000045776367,40.9900016784668,41.02000045776367,613,0.0,0.0,2023-07-20
2757,2023-07-20 13:30:00-04:00,41.0,41.13999938964844,41.0,41.119998931884766,1518,0.0,0.0,2023-07-20
2758,2023-07-20 13:35:00-04:00,41.09000015258789,41.09000015258789,41.08000183105469,41.084999084472656,655,0.0,0.0,2023-07-20
2759,2023-07-20 13:40:00-04:00,41.06999969482422,41.130001068115234,41.040000915527344,41.130001068115234,440,0.0,0.0,2023-07-20
2760,2023-07-20 13:45:00-04:00,41.08000183105469,41.11000061035156,41.08000183105469,41.11000061035156,704,0.0,0.0,2023-07-20
2761,2023-07-20 13:50:00-04:00,41.15999984741211,41.189998626708984,41.150001525878906,41.189998626708984,966,0.0,0.0,2023-07-20
2762,2023-07-20 13:55:00-04:00,41.13999938964844,41.15999984741211,41.099998474121094,41.15999984741211,494,0.0,0.0,2023-07-20
2763,2023-07-20 14:00:00-04:00,41.09000015258789,41.15999984741211,41.04999923706055,41.15999984741211,1778,0.0,0.0,2023-07-20
2764,2023-07-20 14:05:00-04:00,41.2599983215332,41.290000915527344,41.2599983215332,41.290000915527344,1402,0.0,0.0,2023-07-20
2765,2023-07-20 14:10:00-04:00,41.22999954223633,41.279998779296875,41.20000076293945,41.27000045776367,2356,0.0,0.0,2023-07-20
2766,2023-07-20 14:15:00-04:00,41.16999816894531,41.16999816894531,41.16999816894531,41.16999816894531,782,0.0,0.0,2023-07-20
2767,2023-07-20 14:20:00-04:00,41.040000915527344,41.22999954223633,41.040000915527344,41.220001220703125,2064,0.0,0.0,2023-07-20
2768,2023-07-20 14:25:00-04:00,41.22999954223633,41.23500061035156,41.189998626708984,41.189998626708984,1669,0.0,0.0,2023-07-20
2769,2023-07-20 14:30:00-04:00,41.2599983215332,41.33000183105469,41.23500061035156,41.33000183105469,1910,0.0,0.0,2023-07-20
2770,2023-07-20 14:35:00-04:00,41.3849983215332,41.40999984741211,41.33000183105469,41.40999984741211,1859,0.0,0.0,2023-07-20
2771,2023-07-20 14:40:00-04:00,41.334999084472656,41.334999084472656,41.310001373291016,41.310001373291016,714,0.0,0.0,2023-07-20
2772,2023-07-20 14:45:00-04:00,41.349998474121094,41.349998474121094,41.31999969482422,41.31999969482422,1877,0.0,0.0,2023-07-20
2773,2023-07-20 14:50:00-04:00,41.22999954223633,41.27000045776367,41.22999954223633,41.27000045776367,1116,0.0,0.0,2023-07-20
2774,2023-07-20 14:55:00-04:00,41.27000045776367,41.310001373291016,41.22999954223633,41.30500030517578,1590,0.0,0.0,2023-07-20
2775,2023-07-20 15:00:00-04:00,41.290000915527344,41.29499816894531,41.25,41.29499816894531,1720,0.0,0.0,2023-07-20
2776,2023-07-20 15:05:00-04:00,41.30500030517578,41.349998474121094,41.27000045776367,41.279998779296875,3604,0.0,0.0,2023-07-20
2777,2023-07-20 15:10:00-04:00,41.220001220703125,41.29999923706055,41.189998626708984,41.189998626708984,2583,0.0,0.0,2023-07-20
2778,2023-07-20 15:15:00-04:00,41.06999969482422,41.150001525878906,41.040000915527344,41.099998474121094,3574,0.0,0.0,2023-07-20
2779,2023-07-20 15:25:00-04:00,41.064998626708984,41.064998626708984,40.948001861572266,40.9900016784668,3739,0.0,0.0,2023-07-20
2780,2023-07-20 15:30:00-04:00,41.05500030517578,41.06999969482422,41.0,41.040000915527344,4314,0.0,0.0,2023-07-20
2781,2023-07-20 15:35:00-04:00,41.0,41.06999969482422,40.97999954223633,41.040000915527344,4992,0.0,0.0,2023-07-20
2782,2023-07-20 15:40:00-04:00,41.04999923706055,41.04999923706055,41.0,41.0099983215332,2608,0.0,0.0,2023-07-20
2783,2023-07-20 15:45:00-04:00,41.007999420166016,41.099998474121094,41.007999420166016,41.029998779296875,5859,0.0,0.0,2023-07-20
2784,2023-07-20 15:50:00-04:00,41.005001068115234,41.040000915527344,40.970001220703125,41.02000045776367,6226,0.0,0.0,2023-07-20
2785,2023-07-20 15:55:00-04:00,41.060001373291016,41.1349983215332,40.9900016784668,41.02000045776367,19401,0.0,0.0,2023-07-20
2786,2023-07-21 09:30:00-04:00,41.40999984741211,41.40999984741211,41.349998474121094,41.349998474121094,16177,0.0,0.0,2023-07-21
2787,2023-07-21 09:35:00-04:00,41.310001373291016,41.459999084472656,41.310001373291016,41.459999084472656,1693,0.0,0.0,2023-07-21
2788,2023-07-21 09:40:00-04:00,41.279998779296875,41.279998779296875,41.279998779296875,41.279998779296875,585,0.0,0.0,2023-07-21
2789,2023-07-21 09:45:00-04:00,41.060001373291016,41.060001373291016,41.0,41.0,810,0.0,0.0,2023-07-21
2790,2023-07-21 09:50:00-04:00,40.84000015258789,40.84000015258789,40.779998779296875,40.779998779296875,643,0.0,0.0,2023-07-21
2791,2023-07-21 09:55:00-04:00,40.970001220703125,40.970001220703125,40.900001525878906,40.900001525878906,718,0.0,0.0,2023-07-21
2792,2023-07-21 10:00:00-04:00,40.81999969482422,40.849998474121094,40.810001373291016,40.849998474121094,1487,0.0,0.0,2023-07-21
2793,2023-07-21 10:05:00-04:00,40.900001525878906,40.900001525878906,40.900001525878906,40.900001525878906,688,0.0,0.0,2023-07-21
2794,2023-07-21 10:10:00-04:00,41.04999923706055,41.09000015258789,41.04999923706055,41.09000015258789,431,0.0,0.0,2023-07-21
2795,2023-07-21 10:15:00-04:00,41.11000061035156,41.11000061035156,41.09000015258789,41.09000015258789,1737,0.0,0.0,2023-07-21
2796,2023-07-21 10:20:00-04:00,41.119998931884766,41.119998931884766,41.0099983215332,41.0099983215332,1827,0.0,0.0,2023-07-21
2797,2023-07-21 10:25:00-04:00,40.79999923706055,40.79999923706055,40.72600173950195,40.72600173950195,1034,0.0,0.0,2023-07-21
2798,2023-07-21 10:30:00-04:00,40.59000015258789,40.83000183105469,40.45000076293945,40.810001373291016,13937,0.0,0.0,2023-07-21
2799,2023-07-21 10:35:00-04:00,40.86000061035156,40.939998626708984,40.86000061035156,40.939998626708984,850,0.0,0.0,2023-07-21
2800,2023-07-21 10:40:00-04:00,40.939998626708984,40.939998626708984,40.81999969482422,40.904998779296875,1971,0.0,0.0,2023-07-21
2801,2023-07-21 10:45:00-04:00,40.66999816894531,40.68000030517578,40.599998474121094,40.599998474121094,1550,0.0,0.0,2023-07-21
2802,2023-07-21 10:50:00-04:00,40.720001220703125,40.75,40.63999938964844,40.70500183105469,1998,0.0,0.0,2023-07-21
2803,2023-07-21 10:55:00-04:00,40.67499923706055,40.67499923706055,40.67499923706055,40.67499923706055,424,0.0,0.0,2023-07-21
2804,2023-07-21 11:00:00-04:00,40.599998474121094,40.61000061035156,40.59000015258789,40.59000015258789,1021,0.0,0.0,2023-07-21
2805,2023-07-21 11:05:00-04:00,40.63999938964844,40.63999938964844,40.61000061035156,40.61000061035156,854,0.0,0.0,2023-07-21
2806,2023-07-21 11:10:00-04:00,40.51499938964844,40.51499938964844,40.40999984741211,40.40999984741211,3195,0.0,0.0,2023-07-21
2807,2023-07-21 11:15:00-04:00,40.52000045776367,40.66999816894531,40.52000045776367,40.66999816894531,892,0.0,0.0,2023-07-21
2808,2023-07-21 11:20:00-04:00,40.619998931884766,40.630001068115234,40.56999969482422,40.56999969482422,1650,0.0,0.0,2023-07-21
2809,2023-07-21 11:25:00-04:00,40.689998626708984,40.709999084472656,40.689998626708984,40.709999084472656,365,0.0,0.0,2023-07-21
2810,2023-07-21 11:30:00-04:00,40.75,40.83000183105469,40.709999084472656,40.779998779296875,2493,0.0,0.0,2023-07-21
2811,2023-07-21 11:35:00-04:00,40.755001068115234,40.88999938964844,40.755001068115234,40.88999938964844,1105,0.0,0.0,2023-07-21
2812,2023-07-21 11:40:00-04:00,40.96500015258789,41.0099983215332,40.90010070800781,41.0099983215332,1194,0.0,0.0,2023-07-21
2813,2023-07-21 11:45:00-04:00,41.0099983215332,41.0099983215332,40.959999084472656,40.959999084472656,1297,0.0,0.0,2023-07-21
2814,2023-07-21 11:50:00-04:00,40.970001220703125,40.970001220703125,40.970001220703125,40.970001220703125,199,0.0,0.0,2023-07-21
2815,2023-07-21 11:55:00-04:00,41.03900146484375,41.04999923706055,41.03900146484375,41.040000915527344,3655,0.0,0.0,2023-07-21
2816,2023-07-21 12:00:00-04:00,41.0,41.0,40.970001220703125,40.970001220703125,968,0.0,0.0,2023-07-21
2817,2023-07-21 12:05:00-04:00,40.95500183105469,40.95500183105469,40.95500183105469,40.95500183105469,895,0.0,0.0,2023-07-21
2818,2023-07-21 12:15:00-04:00,41.029998779296875,41.040000915527344,40.9900016784668,40.9900016784668,1983,0.0,0.0,2023-07-21
2819,2023-07-21 12:30:00-04:00,41.0099983215332,41.0099983215332,40.959999084472656,40.959999084472656,1301,0.0,0.0,2023-07-21
2820,2023-07-21 12:35:00-04:00,40.952999114990234,40.952999114990234,40.95000076293945,40.95000076293945,1090,0.0,0.0,2023-07-21
2821,2023-07-21 12:40:00-04:00,40.86000061035156,40.86000061035156,40.650001525878906,40.650001525878906,7568,0.0,0.0,2023-07-21
2822,2023-07-21 12:50:00-04:00,40.65999984741211,40.7400016784668,40.65999984741211,40.720001220703125,2023,0.0,0.0,2023-07-21
2823,2023-07-21 12:55:00-04:00,40.650001525878906,40.650001525878906,40.650001525878906,40.650001525878906,558,0.0,0.0,2023-07-21
2824,2023-07-21 13:00:00-04:00,40.75,40.790000915527344,40.7400016784668,40.7599983215332,1817,0.0,0.0,2023-07-21
2825,2023-07-21 13:10:00-04:00,40.7400016784668,40.7400016784668,40.720001220703125,40.720001220703125,1228,0.0,0.0,2023-07-21
2826,2023-07-21 13:15:00-04:00,40.72999954223633,40.755001068115234,40.72999954223633,40.755001068115234,312,0.0,0.0,2023-07-21
2827,2023-07-21 13:20:00-04:00,40.72999954223633,40.849998474121094,40.72999954223633,40.80500030517578,1784,0.0,0.0,2023-07-21
2828,2023-07-21 13:25:00-04:00,40.77000045776367,40.77000045776367,40.76499938964844,40.76499938964844,908,0.0,0.0,2023-07-21
2829,2023-07-21 13:30:00-04:00,40.779998779296875,40.84000015258789,40.779998779296875,40.82500076293945,1858,0.0,0.0,2023-07-21
2830,2023-07-21 13:35:00-04:00,40.810001373291016,40.810001373291016,40.79999923706055,40.79999923706055,606,0.0,0.0,2023-07-21
2831,2023-07-21 13:40:00-04:00,40.7599983215332,40.779998779296875,40.7599983215332,40.779998779296875,1360,0.0,0.0,2023-07-21
2832,2023-07-21 13:45:00-04:00,40.810001373291016,40.810001373291016,40.810001373291016,40.810001373291016,361,0.0,0.0,2023-07-21
2833,2023-07-21 13:50:00-04:00,40.84000015258789,40.84000015258789,40.84000015258789,40.84000015258789,438,0.0,0.0,2023-07-21
2834,2023-07-21 13:55:00-04:00,40.869998931884766,40.869998931884766,40.869998931884766,40.869998931884766,826,0.0,0.0,2023-07-21
2835,2023-07-21 14:00:00-04:00,40.93000030517578,40.93000030517578,40.86000061035156,40.86000061035156,2767,0.0,0.0,2023-07-21
2836,2023-07-21 14:05:00-04:00,40.849998474121094,40.88999938964844,40.849998474121094,40.88999938964844,2259,0.0,0.0,2023-07-21
2837,2023-07-21 14:10:00-04:00,40.875,40.880001068115234,40.875,40.875,855,0.0,0.0,2023-07-21
2838,2023-07-21 14:15:00-04:00,40.86000061035156,40.86000061035156,40.86000061035156,40.86000061035156,590,0.0,0.0,2023-07-21
2839,2023-07-21 14:20:00-04:00,40.790000915527344,40.810001373291016,40.75,40.79999923706055,1877,0.0,0.0,2023-07-21
2840,2023-07-21 14:25:00-04:00,40.7599983215332,40.76499938964844,40.7400016784668,40.76250076293945,881,0.0,0.0,2023-07-21
2841,2023-07-21 14:30:00-04:00,40.720001220703125,40.7400016784668,40.720001220703125,40.7400016784668,2153,0.0,0.0,2023-07-21
2842,2023-07-21 14:40:00-04:00,40.81999969482422,40.81999969482422,40.81999969482422,40.81999969482422,459,0.0,0.0,2023-07-21
2843,2023-07-21 14:45:00-04:00,40.84000015258789,40.84000015258789,40.84000015258789,40.84000015258789,602,0.0,0.0,2023-07-21
2844,2023-07-21 14:50:00-04:00,40.779998779296875,40.849998474121094,40.779998779296875,40.849998474121094,1176,0.0,0.0,2023-07-21
2845,2023-07-21 14:55:00-04:00,40.84000015258789,40.84000015258789,40.72999954223633,40.744998931884766,2197,0.0,0.0,2023-07-21
2846,2023-07-21 15:00:00-04:00,40.75,40.75,40.70000076293945,40.70000076293945,897,0.0,0.0,2023-07-21
2847,2023-07-21 15:05:00-04:00,40.68000030517578,40.69499969482422,40.630001068115234,40.630001068115234,2029,0.0,0.0,2023-07-21
2848,2023-07-21 15:10:00-04:00,40.619998931884766,40.66999816894531,40.61000061035156,40.650001525878906,2804,0.0,0.0,2023-07-21
2849,2023-07-21 15:15:00-04:00,40.72999954223633,40.75,40.72999954223633,40.75,1040,0.0,0.0,2023-07-21
2850,2023-07-21 15:20:00-04:00,40.755001068115234,40.755001068115234,40.70000076293945,40.70000076293945,1422,0.0,0.0,2023-07-21
2851,2023-07-21 15:25:00-04:00,40.72999954223633,40.7400016784668,40.70000076293945,40.70000076293945,2443,0.0,0.0,2023-07-21
2852,2023-07-21 15:30:00-04:00,40.72999954223633,40.72999954223633,40.6349983215332,40.6349983215332,3193,0.0,0.0,2023-07-21
2853,2023-07-21 15:35:00-04:00,40.6349983215332,40.709999084472656,40.6349983215332,40.709999084472656,3905,0.0,0.0,2023-07-21
2854,2023-07-21 15:40:00-04:00,40.7599983215332,40.83000183105469,40.75,40.779998779296875,6408,0.0,0.0,2023-07-21
2855,2023-07-21 15:45:00-04:00,40.7599983215332,40.79999923706055,40.75,40.77000045776367,4455,0.0,0.0,2023-07-21
2856,2023-07-21 15:50:00-04:00,40.720001220703125,40.7400016784668,40.619998931884766,40.73500061035156,9353,0.0,0.0,2023-07-21
2857,2023-07-21 15:55:00-04:00,40.779998779296875,40.970001220703125,40.72999954223633,40.939998626708984,39920,0.0,0.0,2023-07-21
