,Timestamp,Open,High,Low,Close,Volume,Dividends,Stock Splits,Date
0,2023-06-23 09:30:00-04:00,68.19000244140625,68.19000244140625,68.19000244140625,68.19000244140625,8885,0.0,0.0,2023-06-23
1,2023-06-23 09:32:00-04:00,68.16000366210938,68.16000366210938,67.94650268554688,67.98999786376953,876,0.0,0.0,2023-06-23
2,2023-06-23 09:33:00-04:00,68.19000244140625,68.44999694824219,67.98999786376953,68.2300033569336,8386,0.0,0.0,2023-06-23
3,2023-06-23 09:35:00-04:00,68.30999755859375,68.66000366210938,68.30000305175781,68.66000366210938,8585,0.0,0.0,2023-06-23
4,2023-06-23 09:36:00-04:00,68.67500305175781,68.67500305175781,68.67500305175781,68.67500305175781,220,0.0,0.0,2023-06-23
5,2023-06-23 09:37:00-04:00,68.68000030517578,68.72000122070312,68.66999816894531,68.68000030517578,927,0.0,0.0,2023-06-23
6,2023-06-23 09:38:00-04:00,68.5,68.75,68.48999786376953,68.6449966430664,5858,0.0,0.0,2023-06-23
7,2023-06-23 09:39:00-04:00,68.80899810791016,68.80899810791016,68.62999725341797,68.7699966430664,461,0.0,0.0,2023-06-23
8,2023-06-23 09:40:00-04:00,68.625,68.80000305175781,68.625,68.77999877929688,1296,0.0,0.0,2023-06-23
9,2023-06-23 09:42:00-04:00,68.93000030517578,69.0199966430664,68.7699966430664,69.0199966430664,11365,0.0,0.0,2023-06-23
10,2023-06-23 09:44:00-04:00,68.9800033569336,68.9800033569336,68.91500091552734,68.91500091552734,402,0.0,0.0,2023-06-23
11,2023-06-23 09:45:00-04:00,68.9000015258789,68.9800033569336,68.73999786376953,68.77999877929688,2779,0.0,0.0,2023-06-23
12,2023-06-23 09:46:00-04:00,68.81999969482422,69.05000305175781,68.81999969482422,69.05000305175781,7963,0.0,0.0,2023-06-23
13,2023-06-23 09:47:00-04:00,68.95500183105469,69.18000030517578,68.95500183105469,69.11499786376953,5214,0.0,0.0,2023-06-23
14,2023-06-23 09:50:00-04:00,68.80999755859375,68.97000122070312,68.7699966430664,68.83999633789062,2301,0.0,0.0,2023-06-23
15,2023-06-23 09:51:00-04:00,68.81999969482422,68.81999969482422,68.81999969482422,68.81999969482422,114,0.0,0.0,2023-06-23
16,2023-06-23 09:52:00-04:00,68.63999938964844,68.68499755859375,68.52999877929688,68.62999725341797,1122,0.0,0.0,2023-06-23
17,2023-06-23 09:53:00-04:00,68.73999786376953,68.83999633789062,68.7300033569336,68.83999633789062,1699,0.0,0.0,2023-06-23
18,2023-06-23 09:54:00-04:00,68.91000366210938,68.91999816894531,68.91000366210938,68.91999816894531,484,0.0,0.0,2023-06-23
19,2023-06-23 09:55:00-04:00,68.9800033569336,69.05999755859375,68.9800033569336,69.05999755859375,2090,0.0,0.0,2023-06-23
20,2023-06-23 09:56:00-04:00,68.93000030517578,68.93000030517578,68.91999816894531,68.91999816894531,712,0.0,0.0,2023-06-23
21,2023-06-23 09:57:00-04:00,69.05000305175781,69.11000061035156,69.05000305175781,69.1050033569336,1263,0.0,0.0,2023-06-23
22,2023-06-23 09:58:00-04:00,69.19000244140625,69.25,69.01000213623047,69.0199966430664,1982,0.0,0.0,2023-06-23
23,2023-06-23 09:59:00-04:00,69.04000091552734,69.08000183105469,69.04000091552734,69.06999969482422,782,0.0,0.0,2023-06-23
24,2023-06-23 10:00:00-04:00,68.98500061035156,69.22000122070312,68.98500061035156,69.22000122070312,3494,0.0,0.0,2023-06-23
25,2023-06-23 10:04:00-04:00,68.93000030517578,68.93000030517578,68.93000030517578,68.93000030517578,127,0.0,0.0,2023-06-23
26,2023-06-23 10:05:00-04:00,69.01499938964844,69.01499938964844,69.01499938964844,69.01499938964844,561,0.0,0.0,2023-06-23
27,2023-06-23 10:06:00-04:00,69.06500244140625,69.06500244140625,69.01499938964844,69.01499938964844,1593,0.0,0.0,2023-06-23
28,2023-06-23 10:07:00-04:00,69.08000183105469,69.11000061035156,68.88999938964844,68.88999938964844,3425,0.0,0.0,2023-06-23
29,2023-06-23 10:08:00-04:00,68.97000122070312,69.04000091552734,68.97000122070312,68.9800033569336,1782,0.0,0.0,2023-06-23
30,2023-06-23 10:09:00-04:00,68.9000015258789,69.05000305175781,68.9000015258789,69.01000213623047,5441,0.0,0.0,2023-06-23
31,2023-06-23 10:10:00-04:00,68.9800033569336,69.2699966430664,68.97000122070312,69.19000244140625,7889,0.0,0.0,2023-06-23
32,2023-06-23 10:11:00-04:00,69.12999725341797,69.1500015258789,69.08999633789062,69.1500015258789,2782,0.0,0.0,2023-06-23
33,2023-06-23 10:12:00-04:00,69.1500015258789,69.1500015258789,69.1500015258789,69.1500015258789,700,0.0,0.0,2023-06-23
34,2023-06-23 10:13:00-04:00,69.13999938964844,69.1500015258789,69.13999938964844,69.1500015258789,883,0.0,0.0,2023-06-23
35,2023-06-23 10:14:00-04:00,69.1500015258789,69.19000244140625,69.1500015258789,69.1500015258789,3345,0.0,0.0,2023-06-23
36,2023-06-23 10:15:00-04:00,69.1500015258789,69.29000091552734,69.1500015258789,69.29000091552734,4977,0.0,0.0,2023-06-23
37,2023-06-23 10:16:00-04:00,69.29000091552734,69.29000091552734,69.18000030517578,69.25,4970,0.0,0.0,2023-06-23
38,2023-06-23 10:17:00-04:00,69.25,69.25,69.25,69.25,821,0.0,0.0,2023-06-23
39,2023-06-23 10:18:00-04:00,69.25,69.25,69.2300033569336,69.25,881,0.0,0.0,2023-06-23
40,2023-06-23 10:20:00-04:00,69.25,69.25,69.23999786376953,69.24500274658203,2654,0.0,0.0,2023-06-23
41,2023-06-23 10:21:00-04:00,69.25,69.25,69.23999786376953,69.25,2285,0.0,0.0,2023-06-23
42,2023-06-23 10:22:00-04:00,69.23999786376953,69.25,69.23999786376953,69.25,2177,0.0,0.0,2023-06-23
43,2023-06-23 10:23:00-04:00,69.29000091552734,69.29000091552734,69.23999786376953,69.25,2270,0.0,0.0,2023-06-23
44,2023-06-23 10:24:00-04:00,69.25,69.25,69.23999786376953,69.23999786376953,2547,0.0,0.0,2023-06-23
45,2023-06-23 10:25:00-04:00,69.25,69.30000305175781,69.20999908447266,69.21749877929688,3516,0.0,0.0,2023-06-23
46,2023-06-23 10:26:00-04:00,69.25,69.2699966430664,69.25,69.2699966430664,7990,0.0,0.0,2023-06-23
47,2023-06-23 10:27:00-04:00,69.2699966430664,69.2699966430664,69.2300033569336,69.23999786376953,1640,0.0,0.0,2023-06-23
48,2023-06-23 10:28:00-04:00,69.2699966430664,69.2699966430664,69.2699966430664,69.2699966430664,425,0.0,0.0,2023-06-23
49,2023-06-23 10:29:00-04:00,69.2699966430664,69.2699966430664,69.2699966430664,69.2699966430664,976,0.0,0.0,2023-06-23
50,2023-06-23 10:30:00-04:00,69.2699966430664,69.2699966430664,69.25,69.2699966430664,2003,0.0,0.0,2023-06-23
51,2023-06-23 10:31:00-04:00,69.2699966430664,69.2699966430664,69.26499938964844,69.2699966430664,7574,0.0,0.0,2023-06-23
52,2023-06-23 10:32:00-04:00,69.2699966430664,69.27999877929688,69.2699966430664,69.2699966430664,2129,0.0,0.0,2023-06-23
53,2023-06-23 10:33:00-04:00,69.2699966430664,69.2699966430664,69.26750183105469,69.2699966430664,1838,0.0,0.0,2023-06-23
54,2023-06-23 10:34:00-04:00,69.2699966430664,69.29000091552734,69.26000213623047,69.2699966430664,4675,0.0,0.0,2023-06-23
55,2023-06-23 10:35:00-04:00,69.2699966430664,69.2699966430664,69.2699966430664,69.2699966430664,2287,0.0,0.0,2023-06-23
56,2023-06-23 10:36:00-04:00,69.2699966430664,69.44000244140625,69.2699966430664,69.44000244140625,2536,0.0,0.0,2023-06-23
57,2023-06-23 10:37:00-04:00,69.41999816894531,69.5999984741211,69.4000015258789,69.5999984741211,9605,0.0,0.0,2023-06-23
58,2023-06-23 10:38:00-04:00,69.58000183105469,69.70999908447266,69.58000183105469,69.70999908447266,2566,0.0,0.0,2023-06-23
59,2023-06-23 10:39:00-04:00,69.81999969482422,69.95999908447266,69.75,69.75,6325,0.0,0.0,2023-06-23
60,2023-06-23 10:40:00-04:00,69.80500030517578,69.84600067138672,69.80500030517578,69.84600067138672,1207,0.0,0.0,2023-06-23
61,2023-06-23 10:42:00-04:00,69.80500030517578,69.80500030517578,69.80500030517578,69.80500030517578,1614,0.0,0.0,2023-06-23
62,2023-06-23 10:43:00-04:00,69.80500030517578,69.80500030517578,69.62999725341797,69.72000122070312,7977,0.0,0.0,2023-06-23
63,2023-06-23 10:44:00-04:00,69.73999786376953,69.80999755859375,69.73999786376953,69.80999755859375,1221,0.0,0.0,2023-06-23
64,2023-06-23 10:45:00-04:00,69.80000305175781,69.9000015258789,69.69000244140625,69.70999908447266,3821,0.0,0.0,2023-06-23
65,2023-06-23 10:46:00-04:00,69.70999908447266,69.77999877929688,69.70999908447266,69.77999877929688,527,0.0,0.0,2023-06-23
66,2023-06-23 10:47:00-04:00,69.9000015258789,69.9000015258789,69.82499694824219,69.82499694824219,919,0.0,0.0,2023-06-23
67,2023-06-23 10:48:00-04:00,69.75,69.75,69.75,69.75,1797,0.0,0.0,2023-06-23
68,2023-06-23 10:50:00-04:00,69.7699966430664,69.7699966430664,69.70999908447266,69.70999908447266,1017,0.0,0.0,2023-06-23
69,2023-06-23 10:51:00-04:00,69.69999694824219,69.72000122070312,69.69000244140625,69.70999908447266,2193,0.0,0.0,2023-06-23
70,2023-06-23 10:52:00-04:00,69.66999816894531,69.76000213623047,69.66000366210938,69.75,2550,0.0,0.0,2023-06-23
71,2023-06-23 10:53:00-04:00,69.75,69.75,69.69999694824219,69.69999694824219,950,0.0,0.0,2023-06-23
72,2023-06-23 10:54:00-04:00,69.68000030517578,69.68000030517578,69.5999984741211,69.5999984741211,2232,0.0,0.0,2023-06-23
73,2023-06-23 10:55:00-04:00,69.51000213623047,69.51000213623047,69.51000213623047,69.51000213623047,765,0.0,0.0,2023-06-23
74,2023-06-23 10:56:00-04:00,69.5,69.66999816894531,69.5,69.6050033569336,1234,0.0,0.0,2023-06-23
75,2023-06-23 10:57:00-04:00,69.66999816894531,69.66999816894531,69.66000366210938,69.66999816894531,642,0.0,0.0,2023-06-23
76,2023-06-23 10:58:00-04:00,69.54000091552734,69.83000183105469,69.54000091552734,69.69000244140625,8076,0.0,0.0,2023-06-23
77,2023-06-23 10:59:00-04:00,69.83000183105469,69.83000183105469,69.62999725341797,69.63300323486328,7240,0.0,0.0,2023-06-23
78,2023-06-23 11:00:00-04:00,69.6500015258789,69.6500015258789,69.5,69.50499725341797,2409,0.0,0.0,2023-06-23
79,2023-06-23 11:01:00-04:00,69.50499725341797,69.62000274658203,69.50499725341797,69.61000061035156,1005,0.0,0.0,2023-06-23
80,2023-06-23 11:02:00-04:00,69.6500015258789,69.6500015258789,69.625,69.6500015258789,969,0.0,0.0,2023-06-23
81,2023-06-23 11:03:00-04:00,69.58000183105469,69.60900115966797,69.54000091552734,69.60199737548828,1371,0.0,0.0,2023-06-23
82,2023-06-23 11:04:00-04:00,69.5999984741211,69.5999984741211,69.5999984741211,69.5999984741211,754,0.0,0.0,2023-06-23
83,2023-06-23 11:05:00-04:00,69.51000213623047,69.54000091552734,69.4800033569336,69.48999786376953,977,0.0,0.0,2023-06-23
84,2023-06-23 11:07:00-04:00,69.45999908447266,69.6500015258789,69.45999908447266,69.6500015258789,2104,0.0,0.0,2023-06-23
85,2023-06-23 11:08:00-04:00,69.58000183105469,69.58000183105469,69.58000183105469,69.58000183105469,100,0.0,0.0,2023-06-23
86,2023-06-23 11:09:00-04:00,69.6500015258789,69.6500015258789,69.6500015258789,69.6500015258789,223,0.0,0.0,2023-06-23
87,2023-06-23 11:10:00-04:00,69.6500015258789,69.6500015258789,69.58000183105469,69.6500015258789,770,0.0,0.0,2023-06-23
88,2023-06-23 11:11:00-04:00,69.6500015258789,69.6500015258789,69.57319641113281,69.6500015258789,723,0.0,0.0,2023-06-23
89,2023-06-23 11:12:00-04:00,69.6500015258789,69.6500015258789,69.63999938964844,69.63999938964844,963,0.0,0.0,2023-06-23
90,2023-06-23 11:13:00-04:00,69.6500015258789,69.6500015258789,69.6500015258789,69.6500015258789,1043,0.0,0.0,2023-06-23
91,2023-06-23 11:14:00-04:00,69.58499908447266,69.6500015258789,69.55000305175781,69.6500015258789,623,0.0,0.0,2023-06-23
92,2023-06-23 11:15:00-04:00,69.54000091552734,69.54000091552734,69.38999938964844,69.5199966430664,5332,0.0,0.0,2023-06-23
93,2023-06-23 11:17:00-04:00,69.37999725341797,69.37999725341797,69.2699966430664,69.30999755859375,1132,0.0,0.0,2023-06-23
94,2023-06-23 11:19:00-04:00,69.30999755859375,69.33000183105469,69.30999755859375,69.33000183105469,1120,0.0,0.0,2023-06-23
95,2023-06-23 11:20:00-04:00,69.36000061035156,69.41000366210938,69.3499984741211,69.4000015258789,1994,0.0,0.0,2023-06-23
96,2023-06-23 11:22:00-04:00,69.42500305175781,69.42500305175781,69.42500305175781,69.42500305175781,100,0.0,0.0,2023-06-23
97,2023-06-23 11:23:00-04:00,69.48999786376953,69.48999786376953,69.48999786376953,69.48999786376953,132,0.0,0.0,2023-06-23
98,2023-06-23 11:24:00-04:00,69.48999786376953,69.5,69.43000030517578,69.43000030517578,1141,0.0,0.0,2023-06-23
99,2023-06-23 11:25:00-04:00,69.45999908447266,69.45999908447266,69.45999908447266,69.45999908447266,626,0.0,0.0,2023-06-23
100,2023-06-23 11:26:00-04:00,69.36000061035156,69.36000061035156,69.30000305175781,69.30000305175781,2877,0.0,0.0,2023-06-23
101,2023-06-23 11:29:00-04:00,69.44000244140625,69.44999694824219,69.4000015258789,69.41000366210938,751,0.0,0.0,2023-06-23
102,2023-06-23 11:31:00-04:00,69.44999694824219,69.45999908447266,69.4000015258789,69.41000366210938,1518,0.0,0.0,2023-06-23
103,2023-06-23 11:33:00-04:00,69.45999908447266,69.45999908447266,69.45999908447266,69.45999908447266,111,0.0,0.0,2023-06-23
104,2023-06-23 11:34:00-04:00,69.45999908447266,69.45999908447266,69.45999908447266,69.45999908447266,213,0.0,0.0,2023-06-23
105,2023-06-23 11:35:00-04:00,69.45999908447266,69.45999908447266,69.45999908447266,69.45999908447266,1541,0.0,0.0,2023-06-23
106,2023-06-23 11:36:00-04:00,69.45999908447266,69.45999908447266,69.45999908447266,69.45999908447266,232,0.0,0.0,2023-06-23
107,2023-06-23 11:37:00-04:00,69.44999694824219,69.44999694824219,69.38999938964844,69.44000244140625,2853,0.0,0.0,2023-06-23
108,2023-06-23 11:38:00-04:00,69.45999908447266,69.45999908447266,69.44999694824219,69.45999908447266,2539,0.0,0.0,2023-06-23
109,2023-06-23 11:39:00-04:00,69.45999908447266,69.45999908447266,69.44999694824219,69.45999908447266,1707,0.0,0.0,2023-06-23
110,2023-06-23 11:40:00-04:00,69.45999908447266,69.45999908447266,69.45500183105469,69.45999908447266,2798,0.0,0.0,2023-06-23
111,2023-06-23 11:41:00-04:00,69.44999694824219,69.45999908447266,69.44999694824219,69.45999908447266,2612,0.0,0.0,2023-06-23
112,2023-06-23 11:42:00-04:00,69.45999908447266,69.45999908447266,69.45999908447266,69.45999908447266,2035,0.0,0.0,2023-06-23
113,2023-06-23 11:43:00-04:00,69.45999908447266,69.45999908447266,69.44000244140625,69.45999908447266,3259,0.0,0.0,2023-06-23
114,2023-06-23 11:44:00-04:00,69.45999908447266,69.45999908447266,69.45999908447266,69.45999908447266,550,0.0,0.0,2023-06-23
115,2023-06-23 11:45:00-04:00,69.44000244140625,69.44999694824219,69.43000030517578,69.44000244140625,1572,0.0,0.0,2023-06-23
116,2023-06-23 11:46:00-04:00,69.43000030517578,69.43499755859375,69.41999816894531,69.43499755859375,1576,0.0,0.0,2023-06-23
117,2023-06-23 11:47:00-04:00,69.45999908447266,69.45999908447266,69.45999908447266,69.45999908447266,1747,0.0,0.0,2023-06-23
118,2023-06-23 11:48:00-04:00,69.44000244140625,69.45999908447266,69.41000366210938,69.41000366210938,2238,0.0,0.0,2023-06-23
119,2023-06-23 11:49:00-04:00,69.40499877929688,69.43000030517578,69.4000015258789,69.4000015258789,847,0.0,0.0,2023-06-23
120,2023-06-23 11:50:00-04:00,69.37000274658203,69.37000274658203,69.37000274658203,69.37000274658203,814,0.0,0.0,2023-06-23
121,2023-06-23 11:51:00-04:00,69.37999725341797,69.37999725341797,69.37999725341797,69.37999725341797,603,0.0,0.0,2023-06-23
122,2023-06-23 11:52:00-04:00,69.38999938964844,69.41999816894531,69.38999938964844,69.41000366210938,1824,0.0,0.0,2023-06-23
123,2023-06-23 11:54:00-04:00,69.41000366210938,69.41000366210938,69.31500244140625,69.31500244140625,2146,0.0,0.0,2023-06-23
124,2023-06-23 11:55:00-04:00,69.3499984741211,69.3499984741211,69.3499984741211,69.3499984741211,115,0.0,0.0,2023-06-23
125,2023-06-23 11:56:00-04:00,69.3499984741211,69.3499984741211,69.2699966430664,69.2699966430664,2015,0.0,0.0,2023-06-23
126,2023-06-23 11:57:00-04:00,69.30500030517578,69.30500030517578,69.30500030517578,69.30500030517578,100,0.0,0.0,2023-06-23
127,2023-06-23 11:58:00-04:00,69.30000305175781,69.30500030517578,69.25,69.25,1082,0.0,0.0,2023-06-23
128,2023-06-23 11:59:00-04:00,69.2300033569336,69.2300033569336,69.19000244140625,69.19000244140625,1301,0.0,0.0,2023-06-23
129,2023-06-23 12:00:00-04:00,69.19000244140625,69.19000244140625,69.13500213623047,69.13999938964844,1180,0.0,0.0,2023-06-23
130,2023-06-23 12:01:00-04:00,69.19999694824219,69.20500183105469,69.19000244140625,69.19999694824219,1219,0.0,0.0,2023-06-23
131,2023-06-23 12:02:00-04:00,69.20500183105469,69.20500183105469,69.20500183105469,69.20500183105469,517,0.0,0.0,2023-06-23
132,2023-06-23 12:03:00-04:00,69.20500183105469,69.20500183105469,69.20500183105469,69.20500183105469,1354,0.0,0.0,2023-06-23
133,2023-06-23 12:04:00-04:00,69.19999694824219,69.20500183105469,69.18000030517578,69.18000030517578,856,0.0,0.0,2023-06-23
134,2023-06-23 12:05:00-04:00,69.16000366210938,69.16000366210938,69.1500015258789,69.16000366210938,1131,0.0,0.0,2023-06-23
135,2023-06-23 12:06:00-04:00,69.16000366210938,69.16000366210938,69.16000366210938,69.16000366210938,537,0.0,0.0,2023-06-23
136,2023-06-23 12:07:00-04:00,69.19999694824219,69.19999694824219,69.19999694824219,69.19999694824219,444,0.0,0.0,2023-06-23
137,2023-06-23 12:08:00-04:00,69.19999694824219,69.20500183105469,69.0999984741211,69.1500015258789,6872,0.0,0.0,2023-06-23
138,2023-06-23 12:10:00-04:00,69.19999694824219,69.22000122070312,69.19000244140625,69.21499633789062,2126,0.0,0.0,2023-06-23
139,2023-06-23 12:11:00-04:00,69.2249984741211,69.2249984741211,69.19000244140625,69.20500183105469,1719,0.0,0.0,2023-06-23
140,2023-06-23 12:12:00-04:00,69.19999694824219,69.19999694824219,69.19999694824219,69.19999694824219,561,0.0,0.0,2023-06-23
141,2023-06-23 12:13:00-04:00,69.19999694824219,69.22000122070312,69.19999694824219,69.19999694824219,2106,0.0,0.0,2023-06-23
142,2023-06-23 12:14:00-04:00,69.19000244140625,69.22000122070312,69.19000244140625,69.19999694824219,1791,0.0,0.0,2023-06-23
143,2023-06-23 12:15:00-04:00,69.19999694824219,69.21499633789062,69.19999694824219,69.19999694824219,5985,0.0,0.0,2023-06-23
144,2023-06-23 12:16:00-04:00,69.19999694824219,69.3499984741211,69.19999694824219,69.3499984741211,22690,0.0,0.0,2023-06-23
145,2023-06-23 12:17:00-04:00,69.31999969482422,69.31999969482422,69.12999725341797,69.1500015258789,10358,0.0,0.0,2023-06-23
146,2023-06-23 12:18:00-04:00,69.13999938964844,69.36000061035156,69.11000061035156,69.3499984741211,3225,0.0,0.0,2023-06-23
147,2023-06-23 12:19:00-04:00,69.37999725341797,69.41000366210938,69.37999725341797,69.41000366210938,628,0.0,0.0,2023-06-23
148,2023-06-23 12:20:00-04:00,69.44000244140625,69.45999908447266,69.41000366210938,69.41000366210938,1479,0.0,0.0,2023-06-23
149,2023-06-23 12:21:00-04:00,69.41000366210938,69.44000244140625,69.41000366210938,69.44000244140625,1713,0.0,0.0,2023-06-23
150,2023-06-23 12:22:00-04:00,69.44999694824219,69.45999908447266,69.42500305175781,69.45999908447266,2727,0.0,0.0,2023-06-23
151,2023-06-23 12:23:00-04:00,69.45590209960938,69.45999908447266,69.45590209960938,69.45999908447266,977,0.0,0.0,2023-06-23
152,2023-06-23 12:24:00-04:00,69.45999908447266,69.45999908447266,69.44000244140625,69.44000244140625,7302,0.0,0.0,2023-06-23
153,2023-06-23 12:25:00-04:00,69.44000244140625,69.45999908447266,69.36000061035156,69.36000061035156,6245,0.0,0.0,2023-06-23
154,2023-06-23 12:26:00-04:00,69.36000061035156,69.36000061035156,69.33000183105469,69.33000183105469,410,0.0,0.0,2023-06-23
155,2023-06-23 12:27:00-04:00,69.36000061035156,69.43000030517578,69.36000061035156,69.40499877929688,731,0.0,0.0,2023-06-23
156,2023-06-23 12:28:00-04:00,69.44999694824219,69.45999908447266,69.41500091552734,69.45999908447266,1809,0.0,0.0,2023-06-23
157,2023-06-23 12:29:00-04:00,69.45999908447266,69.45999908447266,69.38999938964844,69.38999938964844,8275,0.0,0.0,2023-06-23
158,2023-06-23 12:30:00-04:00,69.44999694824219,69.5,69.4000015258789,69.4000015258789,3980,0.0,0.0,2023-06-23
159,2023-06-23 12:31:00-04:00,69.41000366210938,69.44499969482422,69.41000366210938,69.44499969482422,454,0.0,0.0,2023-06-23
160,2023-06-23 12:32:00-04:00,69.44999694824219,69.44999694824219,69.44999694824219,69.44999694824219,225,0.0,0.0,2023-06-23
161,2023-06-23 12:33:00-04:00,69.43000030517578,69.43000030517578,69.3499984741211,69.37000274658203,4264,0.0,0.0,2023-06-23
162,2023-06-23 12:34:00-04:00,69.37000274658203,69.41999816894531,69.37000274658203,69.40499877929688,925,0.0,0.0,2023-06-23
163,2023-06-23 12:35:00-04:00,69.44999694824219,69.44999694824219,69.44999694824219,69.44999694824219,364,0.0,0.0,2023-06-23
164,2023-06-23 12:36:00-04:00,69.48999786376953,69.5,69.47000122070312,69.5,3620,0.0,0.0,2023-06-23
165,2023-06-23 12:37:00-04:00,69.5,69.5,69.5,69.5,729,0.0,0.0,2023-06-23
166,2023-06-23 12:38:00-04:00,69.5,69.5,69.48500061035156,69.5,1668,0.0,0.0,2023-06-23
167,2023-06-23 12:39:00-04:00,69.4906005859375,69.5,69.4906005859375,69.5,2736,0.0,0.0,2023-06-23
168,2023-06-23 12:40:00-04:00,69.5,69.5,69.45999908447266,69.47000122070312,3299,0.0,0.0,2023-06-23
169,2023-06-23 12:42:00-04:00,69.5,69.5,69.5,69.5,912,0.0,0.0,2023-06-23
170,2023-06-23 12:43:00-04:00,69.5,69.5,69.48500061035156,69.48500061035156,1141,0.0,0.0,2023-06-23
171,2023-06-23 12:44:00-04:00,69.47000122070312,69.48999786376953,69.47000122070312,69.4749984741211,907,0.0,0.0,2023-06-23
172,2023-06-23 12:45:00-04:00,69.4749984741211,69.5,69.4749984741211,69.5,559,0.0,0.0,2023-06-23
173,2023-06-23 12:46:00-04:00,69.5,69.5,69.4800033569336,69.4800033569336,1011,0.0,0.0,2023-06-23
174,2023-06-23 12:47:00-04:00,69.4800033569336,69.5,69.45999908447266,69.5,1246,0.0,0.0,2023-06-23
175,2023-06-23 12:48:00-04:00,69.5,69.5,69.48999786376953,69.5,499,0.0,0.0,2023-06-23
176,2023-06-23 12:49:00-04:00,69.5,69.5,69.5,69.5,293,0.0,0.0,2023-06-23
177,2023-06-23 12:50:00-04:00,69.5,69.5,69.5,69.5,1791,0.0,0.0,2023-06-23
178,2023-06-23 12:51:00-04:00,69.5,69.5,69.5,69.5,340,0.0,0.0,2023-06-23
179,2023-06-23 12:52:00-04:00,69.5,69.5,69.37000274658203,69.40499877929688,4406,0.0,0.0,2023-06-23
180,2023-06-23 12:53:00-04:00,69.41500091552734,69.43000030517578,69.4000015258789,69.4000015258789,788,0.0,0.0,2023-06-23
181,2023-06-23 12:54:00-04:00,69.30999755859375,69.30999755859375,69.30999755859375,69.30999755859375,157,0.0,0.0,2023-06-23
182,2023-06-23 12:55:00-04:00,69.25,69.25,69.19999694824219,69.19999694824219,1928,0.0,0.0,2023-06-23
183,2023-06-23 12:56:00-04:00,69.22750091552734,69.25,69.16000366210938,69.16000366210938,3361,0.0,0.0,2023-06-23
184,2023-06-23 12:57:00-04:00,69.18000030517578,69.22000122070312,69.16999816894531,69.19999694824219,3159,0.0,0.0,2023-06-23
185,2023-06-23 12:58:00-04:00,69.16999816894531,69.18000030517578,69.16999816894531,69.17500305175781,1172,0.0,0.0,2023-06-23
186,2023-06-23 12:59:00-04:00,69.20999908447266,69.36000061035156,69.20999908447266,69.3499984741211,1178,0.0,0.0,2023-06-23
187,2023-06-23 13:00:00-04:00,69.32499694824219,69.32499694824219,69.32499694824219,69.32499694824219,276,0.0,0.0,2023-06-23
188,2023-06-23 13:01:00-04:00,69.30000305175781,69.30999755859375,69.29000091552734,69.29000091552734,858,0.0,0.0,2023-06-23
189,2023-06-23 13:02:00-04:00,69.2699966430664,69.2699966430664,69.11000061035156,69.11000061035156,4783,0.0,0.0,2023-06-23
190,2023-06-23 13:04:00-04:00,69.18000030517578,69.20999908447266,69.18000030517578,69.19999694824219,1119,0.0,0.0,2023-06-23
191,2023-06-23 13:05:00-04:00,69.19999694824219,69.20999908447266,69.18499755859375,69.19000244140625,2432,0.0,0.0,2023-06-23
192,2023-06-23 13:06:00-04:00,69.19999694824219,69.20999908447266,69.01499938964844,69.0199966430664,7271,0.0,0.0,2023-06-23
193,2023-06-23 13:07:00-04:00,69.02999877929688,69.04000091552734,68.98999786376953,68.98999786376953,655,0.0,0.0,2023-06-23
194,2023-06-23 13:08:00-04:00,69.0,69.08000183105469,69.0,69.05999755859375,1590,0.0,0.0,2023-06-23
195,2023-06-23 13:09:00-04:00,69.1500015258789,69.21499633789062,69.1500015258789,69.21499633789062,1879,0.0,0.0,2023-06-23
196,2023-06-23 13:10:00-04:00,69.19999694824219,69.22000122070312,69.19999694824219,69.19999694824219,612,0.0,0.0,2023-06-23
197,2023-06-23 13:11:00-04:00,69.19999694824219,69.20999908447266,69.19999694824219,69.19999694824219,342,0.0,0.0,2023-06-23
198,2023-06-23 13:12:00-04:00,69.19999694824219,69.19999694824219,68.9749984741211,68.9749984741211,6150,0.0,0.0,2023-06-23
199,2023-06-23 13:13:00-04:00,69.0,69.04499816894531,69.0,69.02999877929688,1278,0.0,0.0,2023-06-23
200,2023-06-23 13:14:00-04:00,69.05000305175781,69.05000305175781,69.05000305175781,69.05000305175781,313,0.0,0.0,2023-06-23
201,2023-06-23 13:15:00-04:00,69.0199966430664,69.0199966430664,68.98999786376953,68.98999786376953,1304,0.0,0.0,2023-06-23
202,2023-06-23 13:16:00-04:00,68.96499633789062,68.96499633789062,68.96499633789062,68.96499633789062,305,0.0,0.0,2023-06-23
203,2023-06-23 13:17:00-04:00,68.96499633789062,68.96499633789062,68.96499633789062,68.96499633789062,397,0.0,0.0,2023-06-23
204,2023-06-23 13:18:00-04:00,69.0,69.0,68.94999694824219,68.95500183105469,2131,0.0,0.0,2023-06-23
205,2023-06-23 13:19:00-04:00,68.96499633789062,68.96499633789062,68.93000030517578,68.93000030517578,2016,0.0,0.0,2023-06-23
206,2023-06-23 13:20:00-04:00,68.9800033569336,69.02999877929688,68.9800033569336,69.01000213623047,1599,0.0,0.0,2023-06-23
207,2023-06-23 13:21:00-04:00,69.01000213623047,69.05000305175781,69.01000213623047,69.05000305175781,1039,0.0,0.0,2023-06-23
208,2023-06-23 13:22:00-04:00,69.03500366210938,69.03500366210938,69.02999877929688,69.02999877929688,923,0.0,0.0,2023-06-23
209,2023-06-23 13:23:00-04:00,69.02999877929688,69.05000305175781,68.98999786376953,68.98999786376953,2355,0.0,0.0,2023-06-23
210,2023-06-23 13:25:00-04:00,68.94999694824219,69.0,68.94999694824219,68.96499633789062,3986,0.0,0.0,2023-06-23
211,2023-06-23 13:26:00-04:00,68.96499633789062,68.96499633789062,68.96499633789062,68.96499633789062,483,0.0,0.0,2023-06-23
212,2023-06-23 13:27:00-04:00,68.95999908447266,69.01000213623047,68.95999908447266,68.95999908447266,1146,0.0,0.0,2023-06-23
213,2023-06-23 13:28:00-04:00,68.94999694824219,69.0,68.94999694824219,68.95999908447266,1571,0.0,0.0,2023-06-23
214,2023-06-23 13:29:00-04:00,69.0,69.0,68.95999908447266,68.95999908447266,1428,0.0,0.0,2023-06-23
215,2023-06-23 13:30:00-04:00,68.95999908447266,68.95999908447266,68.94999694824219,68.94999694824219,766,0.0,0.0,2023-06-23
216,2023-06-23 13:31:00-04:00,68.94000244140625,68.94000244140625,68.94000244140625,68.94000244140625,104,0.0,0.0,2023-06-23
217,2023-06-23 13:32:00-04:00,68.95500183105469,68.9800033569336,68.93000030517578,68.93000030517578,1190,0.0,0.0,2023-06-23
218,2023-06-23 13:33:00-04:00,68.91000366210938,68.91000366210938,68.77999877929688,68.77999877929688,8842,0.0,0.0,2023-06-23
219,2023-06-23 13:34:00-04:00,68.77749633789062,68.86000061035156,68.73999786376953,68.86000061035156,6559,0.0,0.0,2023-06-23
220,2023-06-23 13:36:00-04:00,68.93000030517578,68.98999786376953,68.93000030517578,68.95999908447266,2166,0.0,0.0,2023-06-23
221,2023-06-23 13:37:00-04:00,68.97000122070312,68.97000122070312,68.87000274658203,68.87000274658203,2493,0.0,0.0,2023-06-23
222,2023-06-23 13:38:00-04:00,68.87000274658203,68.87000274658203,68.80000305175781,68.80000305175781,9779,0.0,0.0,2023-06-23
223,2023-06-23 13:39:00-04:00,68.80000305175781,68.80999755859375,68.80000305175781,68.80000305175781,1225,0.0,0.0,2023-06-23
224,2023-06-23 13:40:00-04:00,68.80000305175781,68.80000305175781,68.77999877929688,68.80000305175781,2360,0.0,0.0,2023-06-23
225,2023-06-23 13:41:00-04:00,68.7699966430664,68.77999877929688,68.5999984741211,68.69000244140625,4154,0.0,0.0,2023-06-23
226,2023-06-23 13:42:00-04:00,68.68000030517578,68.7925033569336,68.66999816894531,68.7925033569336,1638,0.0,0.0,2023-06-23
227,2023-06-23 13:43:00-04:00,68.80999755859375,68.80999755859375,68.75,68.76499938964844,2549,0.0,0.0,2023-06-23
228,2023-06-23 13:44:00-04:00,68.76499938964844,68.80500030517578,68.76499938964844,68.80500030517578,1021,0.0,0.0,2023-06-23
229,2023-06-23 13:45:00-04:00,68.80500030517578,68.8499984741211,68.69999694824219,68.69999694824219,6308,0.0,0.0,2023-06-23
230,2023-06-23 13:46:00-04:00,68.74500274658203,68.74500274658203,68.6500015258789,68.69999694824219,7688,0.0,0.0,2023-06-23
231,2023-06-23 13:47:00-04:00,68.74019622802734,68.74019622802734,68.74019622802734,68.74019622802734,161,0.0,0.0,2023-06-23
232,2023-06-23 13:48:00-04:00,68.70500183105469,68.70500183105469,68.51000213623047,68.5999984741211,8563,0.0,0.0,2023-06-23
233,2023-06-23 13:49:00-04:00,68.5999984741211,68.5999984741211,68.5999984741211,68.5999984741211,607,0.0,0.0,2023-06-23
234,2023-06-23 13:50:00-04:00,68.6050033569336,68.69000244140625,68.6050033569336,68.69000244140625,4046,0.0,0.0,2023-06-23
235,2023-06-23 13:51:00-04:00,68.69000244140625,68.69000244140625,68.69000244140625,68.69000244140625,544,0.0,0.0,2023-06-23
236,2023-06-23 13:52:00-04:00,68.69999694824219,68.73999786376953,68.69999694824219,68.69999694824219,852,0.0,0.0,2023-06-23
237,2023-06-23 13:53:00-04:00,68.69999694824219,68.75,68.69999694824219,68.75,1995,0.0,0.0,2023-06-23
238,2023-06-23 13:54:00-04:00,68.75,68.79000091552734,68.75,68.79000091552734,1902,0.0,0.0,2023-06-23
239,2023-06-23 13:55:00-04:00,68.79000091552734,68.79000091552734,68.69000244140625,68.69000244140625,3092,0.0,0.0,2023-06-23
240,2023-06-23 13:56:00-04:00,68.68000030517578,68.68499755859375,68.68000030517578,68.68499755859375,429,0.0,0.0,2023-06-23
241,2023-06-23 13:57:00-04:00,68.68499755859375,68.68499755859375,68.62999725341797,68.6449966430664,1365,0.0,0.0,2023-06-23
242,2023-06-23 13:58:00-04:00,68.63999938964844,68.63999938964844,68.63999938964844,68.63999938964844,1174,0.0,0.0,2023-06-23
243,2023-06-23 13:59:00-04:00,68.63999938964844,68.7699966430664,68.63999938964844,68.7699966430664,2699,0.0,0.0,2023-06-23
244,2023-06-23 14:00:00-04:00,68.76499938964844,68.7699966430664,68.76499938964844,68.76499938964844,1280,0.0,0.0,2023-06-23
245,2023-06-23 14:01:00-04:00,68.75499725341797,68.77999877929688,68.7300033569336,68.76499938964844,2903,0.0,0.0,2023-06-23
246,2023-06-23 14:02:00-04:00,68.76499938964844,68.80999755859375,68.76499938964844,68.7750015258789,885,0.0,0.0,2023-06-23
247,2023-06-23 14:03:00-04:00,68.78500366210938,68.78500366210938,68.77999877929688,68.77999877929688,1066,0.0,0.0,2023-06-23
248,2023-06-23 14:04:00-04:00,68.77999877929688,68.79429626464844,68.73999786376953,68.79429626464844,2205,0.0,0.0,2023-06-23
249,2023-06-23 14:05:00-04:00,68.76000213623047,68.80000305175781,68.76000213623047,68.76000213623047,1203,0.0,0.0,2023-06-23
250,2023-06-23 14:06:00-04:00,68.76000213623047,68.76000213623047,68.76000213623047,68.76000213623047,202,0.0,0.0,2023-06-23
251,2023-06-23 14:07:00-04:00,68.76000213623047,68.76000213623047,68.76000213623047,68.76000213623047,605,0.0,0.0,2023-06-23
252,2023-06-23 14:08:00-04:00,68.75,68.76000213623047,68.62999725341797,68.6500015258789,5981,0.0,0.0,2023-06-23
253,2023-06-23 14:10:00-04:00,68.58000183105469,68.58000183105469,68.55000305175781,68.55999755859375,1266,0.0,0.0,2023-06-23
254,2023-06-23 14:11:00-04:00,68.62000274658203,68.625,68.60440063476562,68.60440063476562,931,0.0,0.0,2023-06-23
255,2023-06-23 14:12:00-04:00,68.625,68.625,68.625,68.625,245,0.0,0.0,2023-06-23
256,2023-06-23 14:13:00-04:00,68.62000274658203,68.63999938964844,68.62000274658203,68.625,1120,0.0,0.0,2023-06-23
257,2023-06-23 14:14:00-04:00,68.66000366210938,68.66000366210938,68.62000274658203,68.62000274658203,1781,0.0,0.0,2023-06-23
258,2023-06-23 14:15:00-04:00,68.6500015258789,68.69999694824219,68.6500015258789,68.69999694824219,1090,0.0,0.0,2023-06-23
259,2023-06-23 14:16:00-04:00,68.69999694824219,68.69999694824219,68.66999816894531,68.69999694824219,3241,0.0,0.0,2023-06-23
260,2023-06-23 14:17:00-04:00,68.69999694824219,68.69999694824219,68.68499755859375,68.68499755859375,856,0.0,0.0,2023-06-23
261,2023-06-23 14:18:00-04:00,68.69999694824219,68.69999694824219,68.69999694824219,68.69999694824219,543,0.0,0.0,2023-06-23
262,2023-06-23 14:19:00-04:00,68.69999694824219,68.69999694824219,68.66999816894531,68.66999816894531,3414,0.0,0.0,2023-06-23
263,2023-06-23 14:20:00-04:00,68.69999694824219,68.69999694824219,68.66000366210938,68.67500305175781,1686,0.0,0.0,2023-06-23
264,2023-06-23 14:21:00-04:00,68.69999694824219,68.69999694824219,68.69999694824219,68.69999694824219,264,0.0,0.0,2023-06-23
265,2023-06-23 14:22:00-04:00,68.69999694824219,68.69999694824219,68.68000030517578,68.69999694824219,585,0.0,0.0,2023-06-23
266,2023-06-23 14:23:00-04:00,68.69999694824219,68.69999694824219,68.69999694824219,68.69999694824219,740,0.0,0.0,2023-06-23
267,2023-06-23 14:24:00-04:00,68.69999694824219,68.69999694824219,68.69000244140625,68.69499969482422,2195,0.0,0.0,2023-06-23
268,2023-06-23 14:25:00-04:00,68.69000244140625,68.69999694824219,68.69000244140625,68.69999694824219,1196,0.0,0.0,2023-06-23
269,2023-06-23 14:26:00-04:00,68.68000030517578,68.68000030517578,68.66999816894531,68.66999816894531,1192,0.0,0.0,2023-06-23
270,2023-06-23 14:27:00-04:00,68.66500091552734,68.66500091552734,68.66500091552734,68.66500091552734,287,0.0,0.0,2023-06-23
271,2023-06-23 14:28:00-04:00,68.69999694824219,68.69999694824219,68.69000244140625,68.69999694824219,1155,0.0,0.0,2023-06-23
272,2023-06-23 14:29:00-04:00,68.69999694824219,68.69999694824219,68.69999694824219,68.69999694824219,1180,0.0,0.0,2023-06-23
273,2023-06-23 14:30:00-04:00,68.69999694824219,68.69999694824219,68.66999816894531,68.66999816894531,3320,0.0,0.0,2023-06-23
274,2023-06-23 14:32:00-04:00,68.66999816894531,68.66999816894531,68.66999816894531,68.66999816894531,250,0.0,0.0,2023-06-23
275,2023-06-23 14:33:00-04:00,68.69999694824219,68.69999694824219,68.68000030517578,68.68000030517578,1295,0.0,0.0,2023-06-23
276,2023-06-23 14:34:00-04:00,68.68499755859375,68.68499755859375,68.63999938964844,68.6500015258789,1930,0.0,0.0,2023-06-23
277,2023-06-23 14:35:00-04:00,68.6500015258789,68.6500015258789,68.62000274658203,68.62000274658203,418,0.0,0.0,2023-06-23
278,2023-06-23 14:36:00-04:00,68.5999984741211,68.61000061035156,68.55000305175781,68.5999984741211,1789,0.0,0.0,2023-06-23
279,2023-06-23 14:38:00-04:00,68.55000305175781,68.55000305175781,68.55000305175781,68.55000305175781,957,0.0,0.0,2023-06-23
280,2023-06-23 14:39:00-04:00,68.55000305175781,68.55000305175781,68.55000305175781,68.55000305175781,511,0.0,0.0,2023-06-23
281,2023-06-23 14:40:00-04:00,68.53500366210938,68.53500366210938,68.51000213623047,68.5199966430664,1822,0.0,0.0,2023-06-23
282,2023-06-23 14:41:00-04:00,68.58000183105469,68.58000183105469,68.58000183105469,68.58000183105469,1050,0.0,0.0,2023-06-23
283,2023-06-23 14:42:00-04:00,68.5999984741211,68.5999984741211,68.5999984741211,68.5999984741211,850,0.0,0.0,2023-06-23
284,2023-06-23 14:43:00-04:00,68.57499694824219,68.57499694824219,68.5199966430664,68.5199966430664,1499,0.0,0.0,2023-06-23
285,2023-06-23 14:44:00-04:00,68.5199966430664,68.5199966430664,68.5199966430664,68.5199966430664,398,0.0,0.0,2023-06-23
286,2023-06-23 14:45:00-04:00,68.4800033569336,68.4800033569336,68.41999816894531,68.41999816894531,1074,0.0,0.0,2023-06-23
287,2023-06-23 14:46:00-04:00,68.44999694824219,68.45999908447266,68.4000015258789,68.41000366210938,1424,0.0,0.0,2023-06-23
288,2023-06-23 14:47:00-04:00,68.38999938964844,68.38999938964844,68.38999938964844,68.38999938964844,306,0.0,0.0,2023-06-23
289,2023-06-23 14:48:00-04:00,68.375,68.375,68.375,68.375,235,0.0,0.0,2023-06-23
290,2023-06-23 14:49:00-04:00,68.33000183105469,68.37999725341797,68.30000305175781,68.37999725341797,1857,0.0,0.0,2023-06-23
291,2023-06-23 14:50:00-04:00,68.33000183105469,68.4000015258789,68.33000183105469,68.37000274658203,893,0.0,0.0,2023-06-23
292,2023-06-23 14:51:00-04:00,68.36499786376953,68.37000274658203,68.36499786376953,68.37000274658203,597,0.0,0.0,2023-06-23
293,2023-06-23 14:52:00-04:00,68.37000274658203,68.37000274658203,68.37000274658203,68.37000274658203,459,0.0,0.0,2023-06-23
294,2023-06-23 14:53:00-04:00,68.31999969482422,68.33000183105469,68.27999877929688,68.33000183105469,2387,0.0,0.0,2023-06-23
295,2023-06-23 14:54:00-04:00,68.36000061035156,68.36000061035156,68.36000061035156,68.36000061035156,635,0.0,0.0,2023-06-23
296,2023-06-23 14:56:00-04:00,68.37999725341797,68.37999725341797,68.37999725341797,68.37999725341797,533,0.0,0.0,2023-06-23
297,2023-06-23 14:57:00-04:00,68.31999969482422,68.31999969482422,68.19999694824219,68.2300033569336,4475,0.0,0.0,2023-06-23
298,2023-06-23 14:58:00-04:00,68.25,68.25,68.25,68.25,238,0.0,0.0,2023-06-23
299,2023-06-23 14:59:00-04:00,68.23999786376953,68.25,68.13999938964844,68.13999938964844,1389,0.0,0.0,2023-06-23
300,2023-06-23 15:00:00-04:00,68.0999984741211,68.0999984741211,68.0,68.0,1228,0.0,0.0,2023-06-23
301,2023-06-23 15:01:00-04:00,68.03500366210938,68.03500366210938,68.03500366210938,68.03500366210938,134,0.0,0.0,2023-06-23
302,2023-06-23 15:02:00-04:00,68.03500366210938,68.03500366210938,68.03500366210938,68.03500366210938,1173,0.0,0.0,2023-06-23
303,2023-06-23 15:03:00-04:00,68.08999633789062,68.12999725341797,68.08499908447266,68.12999725341797,2379,0.0,0.0,2023-06-23
304,2023-06-23 15:04:00-04:00,68.1500015258789,68.2699966430664,68.1500015258789,68.20500183105469,1545,0.0,0.0,2023-06-23
305,2023-06-23 15:05:00-04:00,68.19999694824219,68.25,68.19999694824219,68.25,620,0.0,0.0,2023-06-23
306,2023-06-23 15:06:00-04:00,68.25,68.25,68.25,68.25,2204,0.0,0.0,2023-06-23
307,2023-06-23 15:07:00-04:00,68.25,68.25,68.25,68.25,105,0.0,0.0,2023-06-23
308,2023-06-23 15:08:00-04:00,68.2699966430664,68.2699966430664,68.08000183105469,68.12000274658203,3128,0.0,0.0,2023-06-23
309,2023-06-23 15:10:00-04:00,68.11000061035156,68.11000061035156,68.08999633789062,68.11000061035156,555,0.0,0.0,2023-06-23
310,2023-06-23 15:11:00-04:00,68.06999969482422,68.08000183105469,67.98999786376953,68.0199966430664,1580,0.0,0.0,2023-06-23
311,2023-06-23 15:12:00-04:00,67.9800033569336,67.9800033569336,67.9800033569336,67.9800033569336,175,0.0,0.0,2023-06-23
312,2023-06-23 15:13:00-04:00,68.05000305175781,68.08000183105469,68.04000091552734,68.04000091552734,1623,0.0,0.0,2023-06-23
313,2023-06-23 15:14:00-04:00,68.01000213623047,68.02999877929688,68.0,68.02999877929688,649,0.0,0.0,2023-06-23
314,2023-06-23 15:15:00-04:00,68.08000183105469,68.08999633789062,68.08000183105469,68.08499908447266,1542,0.0,0.0,2023-06-23
315,2023-06-23 15:17:00-04:00,68.0999984741211,68.18000030517578,68.0999984741211,68.18000030517578,1803,0.0,0.0,2023-06-23
316,2023-06-23 15:18:00-04:00,68.16999816894531,68.21990203857422,68.16000366210938,68.21990203857422,1606,0.0,0.0,2023-06-23
317,2023-06-23 15:19:00-04:00,68.22000122070312,68.22000122070312,68.22000122070312,68.22000122070312,534,0.0,0.0,2023-06-23
318,2023-06-23 15:20:00-04:00,68.18000030517578,68.18000030517578,68.1500015258789,68.18000030517578,532,0.0,0.0,2023-06-23
319,2023-06-23 15:21:00-04:00,68.22000122070312,68.22000122070312,68.18000030517578,68.18000030517578,824,0.0,0.0,2023-06-23
320,2023-06-23 15:22:00-04:00,68.2300033569336,68.2699966430664,68.2300033569336,68.2699966430664,1123,0.0,0.0,2023-06-23
321,2023-06-23 15:23:00-04:00,68.18000030517578,68.18000030517578,68.18000030517578,68.18000030517578,993,0.0,0.0,2023-06-23
322,2023-06-23 15:24:00-04:00,68.25,68.25,68.25,68.25,613,0.0,0.0,2023-06-23
323,2023-06-23 15:25:00-04:00,68.2300033569336,68.25,68.2300033569336,68.2300033569336,906,0.0,0.0,2023-06-23
324,2023-06-23 15:26:00-04:00,68.18000030517578,68.18000030517578,68.13999938964844,68.13999938964844,2587,0.0,0.0,2023-06-23
325,2023-06-23 15:27:00-04:00,68.13999938964844,68.13999938964844,68.0999984741211,68.0999984741211,1136,0.0,0.0,2023-06-23
326,2023-06-23 15:28:00-04:00,68.16999816894531,68.16999816894531,68.0999984741211,68.0999984741211,1023,0.0,0.0,2023-06-23
327,2023-06-23 15:29:00-04:00,68.06999969482422,68.08899688720703,68.05999755859375,68.08899688720703,1446,0.0,0.0,2023-06-23
328,2023-06-23 15:30:00-04:00,68.12000274658203,68.13300323486328,68.12000274658203,68.13300323486328,1228,0.0,0.0,2023-06-23
329,2023-06-23 15:31:00-04:00,68.11499786376953,68.11499786376953,68.05999755859375,68.05999755859375,2581,0.0,0.0,2023-06-23
330,2023-06-23 15:32:00-04:00,68.05000305175781,68.08000183105469,68.02999877929688,68.05000305175781,3322,0.0,0.0,2023-06-23
331,2023-06-23 15:33:00-04:00,68.01000213623047,68.02999877929688,68.0,68.0,979,0.0,0.0,2023-06-23
332,2023-06-23 15:34:00-04:00,68.0,68.05999755859375,68.0,68.05999755859375,2842,0.0,0.0,2023-06-23
333,2023-06-23 15:35:00-04:00,68.05999755859375,68.08000183105469,68.04000091552734,68.06999969482422,3044,0.0,0.0,2023-06-23
334,2023-06-23 15:36:00-04:00,68.0999984741211,68.11000061035156,68.0999984741211,68.11000061035156,638,0.0,0.0,2023-06-23
335,2023-06-23 15:37:00-04:00,68.12999725341797,68.12999725341797,68.04000091552734,68.04000091552734,2928,0.0,0.0,2023-06-23
336,2023-06-23 15:38:00-04:00,68.08999633789062,68.13999938964844,68.08999633789062,68.13999938964844,1025,0.0,0.0,2023-06-23
337,2023-06-23 15:39:00-04:00,68.12999725341797,68.16899871826172,68.12999725341797,68.16899871826172,1093,0.0,0.0,2023-06-23
338,2023-06-23 15:40:00-04:00,68.1500015258789,68.1500015258789,68.12000274658203,68.12000274658203,1918,0.0,0.0,2023-06-23
339,2023-06-23 15:41:00-04:00,68.12000274658203,68.125,68.11000061035156,68.125,848,0.0,0.0,2023-06-23
340,2023-06-23 15:42:00-04:00,68.13999938964844,68.19499969482422,68.12999725341797,68.19499969482422,2064,0.0,0.0,2023-06-23
341,2023-06-23 15:43:00-04:00,68.19000244140625,68.19000244140625,68.1500015258789,68.18000030517578,4811,0.0,0.0,2023-06-23
342,2023-06-23 15:44:00-04:00,68.19999694824219,68.30999755859375,68.19999694824219,68.30999755859375,1347,0.0,0.0,2023-06-23
343,2023-06-23 15:45:00-04:00,68.2750015258789,68.30000305175781,68.2750015258789,68.2750015258789,1594,0.0,0.0,2023-06-23
344,2023-06-23 15:46:00-04:00,68.2750015258789,68.30999755859375,68.2750015258789,68.29750061035156,2529,0.0,0.0,2023-06-23
345,2023-06-23 15:47:00-04:00,68.30000305175781,68.36000061035156,68.30000305175781,68.3499984741211,2765,0.0,0.0,2023-06-23
346,2023-06-23 15:48:00-04:00,68.33000183105469,68.33000183105469,68.25499725341797,68.25499725341797,5891,0.0,0.0,2023-06-23
347,2023-06-23 15:49:00-04:00,68.2699966430664,68.33000183105469,68.23999786376953,68.33000183105469,2769,0.0,0.0,2023-06-23
348,2023-06-23 15:50:00-04:00,68.29000091552734,68.33000183105469,68.0199966430664,68.05000305175781,12454,0.0,0.0,2023-06-23
349,2023-06-23 15:51:00-04:00,68.07499694824219,68.11000061035156,68.04000091552734,68.06999969482422,5758,0.0,0.0,2023-06-23
350,2023-06-23 15:52:00-04:00,68.04000091552734,68.04000091552734,67.97000122070312,67.9800033569336,7824,0.0,0.0,2023-06-23
351,2023-06-23 15:53:00-04:00,67.9800033569336,67.98999786376953,67.93000030517578,67.93000030517578,1917,0.0,0.0,2023-06-23
352,2023-06-23 15:54:00-04:00,67.94999694824219,68.0,67.93000030517578,67.94000244140625,6275,0.0,0.0,2023-06-23
353,2023-06-23 15:55:00-04:00,67.9000015258789,68.0,67.9000015258789,67.91000366210938,35471,0.0,0.0,2023-06-23
354,2023-06-23 15:56:00-04:00,67.93000030517578,68.01000213623047,67.91000366210938,68.0,8145,0.0,0.0,2023-06-23
355,2023-06-23 15:57:00-04:00,68.0,68.01000213623047,67.97000122070312,68.0,10102,0.0,0.0,2023-06-23
356,2023-06-23 15:58:00-04:00,68.01000213623047,68.0199966430664,67.91000366210938,67.91000366210938,12446,0.0,0.0,2023-06-23
357,2023-06-23 15:59:00-04:00,67.91500091552734,67.93000030517578,67.78500366210938,67.87000274658203,35717,0.0,0.0,2023-06-23
0,2023-06-26 09:30:00-04:00,66.58000183105469,66.58000183105469,66.5,66.5,38166,0.0,0.0,2023-06-26
1,2023-06-26 09:32:00-04:00,66.7300033569336,66.7300033569336,66.7300033569336,66.7300033569336,111,0.0,0.0,2023-06-26
2,2023-06-26 09:33:00-04:00,67.18499755859375,67.18499755859375,67.18499755859375,67.18499755859375,128,0.0,0.0,2023-06-26
3,2023-06-26 09:34:00-04:00,67.58999633789062,67.58999633789062,67.11000061035156,67.11000061035156,1068,0.0,0.0,2023-06-26
4,2023-06-26 09:35:00-04:00,67.66000366210938,68.08000183105469,67.5999984741211,68.08000183105469,3068,0.0,0.0,2023-06-26
5,2023-06-26 09:36:00-04:00,67.91000366210938,68.1050033569336,67.86000061035156,68.1050033569336,1393,0.0,0.0,2023-06-26
6,2023-06-26 09:37:00-04:00,68.01000213623047,68.12000274658203,68.01000213623047,68.12000274658203,228,0.0,0.0,2023-06-26
7,2023-06-26 09:38:00-04:00,68.12999725341797,68.1500015258789,68.05999755859375,68.1500015258789,659,0.0,0.0,2023-06-26
8,2023-06-26 09:39:00-04:00,68.06999969482422,68.12750244140625,68.05999755859375,68.06999969482422,1987,0.0,0.0,2023-06-26
9,2023-06-26 09:40:00-04:00,68.13999938964844,68.23999786376953,68.13999938964844,68.13999938964844,1098,0.0,0.0,2023-06-26
10,2023-06-26 09:41:00-04:00,68.38999938964844,68.43499755859375,68.38999938964844,68.43499755859375,338,0.0,0.0,2023-06-26
11,2023-06-26 09:42:00-04:00,68.5,68.56999969482422,68.5,68.56999969482422,531,0.0,0.0,2023-06-26
12,2023-06-26 09:43:00-04:00,68.4800033569336,68.55500030517578,68.4800033569336,68.55500030517578,752,0.0,0.0,2023-06-26
13,2023-06-26 09:45:00-04:00,68.55999755859375,68.56500244140625,68.55999755859375,68.56500244140625,2552,0.0,0.0,2023-06-26
14,2023-06-26 09:46:00-04:00,68.75,68.75,68.73999786376953,68.73999786376953,910,0.0,0.0,2023-06-26
15,2023-06-26 09:47:00-04:00,69.1500015258789,69.1500015258789,69.1500015258789,69.1500015258789,776,0.0,0.0,2023-06-26
16,2023-06-26 09:48:00-04:00,68.7300033569336,69.08000183105469,68.72000122070312,68.73999786376953,878,0.0,0.0,2023-06-26
17,2023-06-26 09:49:00-04:00,69.04000091552734,69.04000091552734,68.70999908447266,68.94000244140625,1574,0.0,0.0,2023-06-26
18,2023-06-26 09:50:00-04:00,68.94000244140625,68.94000244140625,68.94000244140625,68.94000244140625,928,0.0,0.0,2023-06-26
19,2023-06-26 09:52:00-04:00,69.23999786376953,69.23999786376953,69.23999786376953,69.23999786376953,200,0.0,0.0,2023-06-26
20,2023-06-26 09:53:00-04:00,69.27999877929688,69.3499984741211,69.16999816894531,69.16999816894531,2495,0.0,0.0,2023-06-26
21,2023-06-26 09:56:00-04:00,69.19000244140625,69.19000244140625,69.04000091552734,69.0999984741211,1025,0.0,0.0,2023-06-26
22,2023-06-26 09:57:00-04:00,69.06500244140625,69.44999694824219,69.05249786376953,69.44999694824219,4155,0.0,0.0,2023-06-26
23,2023-06-26 09:58:00-04:00,69.4000015258789,69.49250030517578,69.4000015258789,69.49250030517578,4065,0.0,0.0,2023-06-26
24,2023-06-26 09:59:00-04:00,69.62000274658203,69.62000274658203,69.62000274658203,69.62000274658203,522,0.0,0.0,2023-06-26
25,2023-06-26 10:00:00-04:00,69.58999633789062,69.68499755859375,69.49500274658203,69.68499755859375,1302,0.0,0.0,2023-06-26
26,2023-06-26 10:01:00-04:00,69.69000244140625,69.77999877929688,69.69000244140625,69.77999877929688,1345,0.0,0.0,2023-06-26
27,2023-06-26 10:02:00-04:00,69.94999694824219,69.97000122070312,69.7300033569336,69.80999755859375,4591,0.0,0.0,2023-06-26
28,2023-06-26 10:03:00-04:00,69.75,69.75,69.7300033569336,69.74500274658203,1350,0.0,0.0,2023-06-26
29,2023-06-26 10:05:00-04:00,69.68000030517578,69.75,69.68000030517578,69.75,1763,0.0,0.0,2023-06-26
30,2023-06-26 10:07:00-04:00,69.91000366210938,69.98999786376953,69.8499984741211,69.98999786376953,794,0.0,0.0,2023-06-26
31,2023-06-26 10:09:00-04:00,69.80000305175781,69.88999938964844,69.75,69.88999938964844,1927,0.0,0.0,2023-06-26
32,2023-06-26 10:10:00-04:00,69.75,69.77749633789062,69.69000244140625,69.69000244140625,2051,0.0,0.0,2023-06-26
33,2023-06-26 10:12:00-04:00,69.66999816894531,69.68000030517578,69.62000274658203,69.67500305175781,1996,0.0,0.0,2023-06-26
34,2023-06-26 10:14:00-04:00,69.79000091552734,69.79000091552734,69.79000091552734,69.79000091552734,292,0.0,0.0,2023-06-26
35,2023-06-26 10:16:00-04:00,69.91999816894531,69.91999816894531,69.91999816894531,69.91999816894531,159,0.0,0.0,2023-06-26
36,2023-06-26 10:17:00-04:00,69.9000015258789,69.91999816894531,69.9000015258789,69.91999816894531,709,0.0,0.0,2023-06-26
37,2023-06-26 10:18:00-04:00,70.0,70.09500122070312,70.0,70.09500122070312,2138,0.0,0.0,2023-06-26
38,2023-06-26 10:19:00-04:00,70.04499816894531,70.04499816894531,70.04499816894531,70.04499816894531,180,0.0,0.0,2023-06-26
39,2023-06-26 10:20:00-04:00,69.95500183105469,70.0250015258789,69.94000244140625,70.0250015258789,1323,0.0,0.0,2023-06-26
40,2023-06-26 10:21:00-04:00,70.0199966430664,70.07150268554688,70.0199966430664,70.07150268554688,866,0.0,0.0,2023-06-26
41,2023-06-26 10:22:00-04:00,70.16000366210938,70.2750015258789,70.16000366210938,70.2750015258789,1720,0.0,0.0,2023-06-26
42,2023-06-26 10:25:00-04:00,70.31999969482422,70.4749984741211,70.31999969482422,70.4000015258789,2393,0.0,0.0,2023-06-26
43,2023-06-26 10:26:00-04:00,70.36000061035156,70.36000061035156,70.3499984741211,70.3499984741211,671,0.0,0.0,2023-06-26
44,2023-06-26 10:27:00-04:00,70.29000091552734,70.41000366210938,70.29000091552734,70.37000274658203,2900,0.0,0.0,2023-06-26
45,2023-06-26 10:28:00-04:00,70.35040283203125,70.38999938964844,70.30999755859375,70.30999755859375,3959,0.0,0.0,2023-06-26
46,2023-06-26 10:29:00-04:00,70.30999755859375,70.30999755859375,70.22000122070312,70.22000122070312,2178,0.0,0.0,2023-06-26
47,2023-06-26 10:30:00-04:00,70.24500274658203,70.24500274658203,70.1050033569336,70.1050033569336,903,0.0,0.0,2023-06-26
48,2023-06-26 10:31:00-04:00,70.05999755859375,70.16000366210938,70.05999755859375,70.125,1566,0.0,0.0,2023-06-26
49,2023-06-26 10:32:00-04:00,70.08000183105469,70.08000183105469,69.9800033569336,70.0199966430664,1696,0.0,0.0,2023-06-26
50,2023-06-26 10:33:00-04:00,69.94999694824219,69.97000122070312,69.87000274658203,69.9000015258789,1374,0.0,0.0,2023-06-26
51,2023-06-26 10:34:00-04:00,69.92500305175781,69.92500305175781,69.92500305175781,69.92500305175781,119,0.0,0.0,2023-06-26
52,2023-06-26 10:35:00-04:00,69.87000274658203,69.88999938964844,69.76000213623047,69.88999938964844,3365,0.0,0.0,2023-06-26
53,2023-06-26 10:36:00-04:00,69.9000015258789,69.9000015258789,69.84500122070312,69.84500122070312,632,0.0,0.0,2023-06-26
54,2023-06-26 10:38:00-04:00,69.83000183105469,69.83000183105469,69.75,69.77400207519531,1951,0.0,0.0,2023-06-26
55,2023-06-26 10:39:00-04:00,69.80500030517578,69.80500030517578,69.7750015258789,69.7750015258789,567,0.0,0.0,2023-06-26
56,2023-06-26 10:40:00-04:00,69.75,69.75,69.70999908447266,69.70999908447266,375,0.0,0.0,2023-06-26
57,2023-06-26 10:42:00-04:00,69.80999755859375,69.80999755859375,69.74500274658203,69.74500274658203,449,0.0,0.0,2023-06-26
58,2023-06-26 10:43:00-04:00,69.7699966430664,69.81999969482422,69.73999786376953,69.81999969482422,1570,0.0,0.0,2023-06-26
59,2023-06-26 10:44:00-04:00,69.86000061035156,69.86000061035156,69.86000061035156,69.86000061035156,504,0.0,0.0,2023-06-26
60,2023-06-26 10:46:00-04:00,70.0199966430664,70.0199966430664,69.9302978515625,69.9302978515625,1051,0.0,0.0,2023-06-26
61,2023-06-26 10:47:00-04:00,69.9749984741211,70.02999877929688,69.9749984741211,69.99009704589844,1131,0.0,0.0,2023-06-26
62,2023-06-26 10:48:00-04:00,70.05000305175781,70.1500015258789,70.04000091552734,70.12000274658203,1531,0.0,0.0,2023-06-26
63,2023-06-26 10:49:00-04:00,70.1500015258789,70.18000030517578,70.1500015258789,70.18000030517578,767,0.0,0.0,2023-06-26
64,2023-06-26 10:50:00-04:00,70.19999694824219,70.19999694824219,70.19999694824219,70.19999694824219,718,0.0,0.0,2023-06-26
65,2023-06-26 10:51:00-04:00,70.22000122070312,70.22000122070312,70.16000366210938,70.16000366210938,3197,0.0,0.0,2023-06-26
66,2023-06-26 10:52:00-04:00,70.1500015258789,70.1500015258789,70.05000305175781,70.05999755859375,1958,0.0,0.0,2023-06-26
67,2023-06-26 10:53:00-04:00,70.08999633789062,70.08999633789062,70.05000305175781,70.08999633789062,684,0.0,0.0,2023-06-26
68,2023-06-26 10:54:00-04:00,70.11499786376953,70.11499786376953,70.05000305175781,70.05000305175781,863,0.0,0.0,2023-06-26
69,2023-06-26 10:55:00-04:00,70.03500366210938,70.03500366210938,69.94999694824219,69.9800033569336,1537,0.0,0.0,2023-06-26
70,2023-06-26 10:56:00-04:00,69.96499633789062,69.96499633789062,69.96499633789062,69.96499633789062,629,0.0,0.0,2023-06-26
71,2023-06-26 10:57:00-04:00,69.88999938964844,69.88999938964844,69.8499984741211,69.875,1096,0.0,0.0,2023-06-26
72,2023-06-26 10:59:00-04:00,69.75,69.80999755859375,69.75,69.80999755859375,1639,0.0,0.0,2023-06-26
73,2023-06-26 11:00:00-04:00,69.72000122070312,69.72000122070312,69.72000122070312,69.72000122070312,221,0.0,0.0,2023-06-26
74,2023-06-26 11:01:00-04:00,69.76499938964844,69.76499938964844,69.76499938964844,69.76499938964844,413,0.0,0.0,2023-06-26
75,2023-06-26 11:02:00-04:00,69.8499984741211,69.9000015258789,69.80000305175781,69.84500122070312,4337,0.0,0.0,2023-06-26
76,2023-06-26 11:04:00-04:00,69.77999877929688,69.77999877929688,69.7699966430664,69.7699966430664,367,0.0,0.0,2023-06-26
77,2023-06-26 11:05:00-04:00,69.70999908447266,69.73500061035156,69.70999908447266,69.7300033569336,453,0.0,0.0,2023-06-26
78,2023-06-26 11:07:00-04:00,69.77999877929688,69.77999877929688,69.77999877929688,69.77999877929688,696,0.0,0.0,2023-06-26
79,2023-06-26 11:08:00-04:00,69.68000030517578,69.70999908447266,69.68000030517578,69.70999908447266,1087,0.0,0.0,2023-06-26
80,2023-06-26 11:09:00-04:00,69.69000244140625,69.69000244140625,69.69000244140625,69.69000244140625,601,0.0,0.0,2023-06-26
81,2023-06-26 11:10:00-04:00,69.69999694824219,69.69999694824219,69.69999694824219,69.69999694824219,118,0.0,0.0,2023-06-26
82,2023-06-26 11:11:00-04:00,69.70999908447266,69.7300033569336,69.62000274658203,69.62000274658203,5470,0.0,0.0,2023-06-26
83,2023-06-26 11:12:00-04:00,69.62999725341797,69.63999938964844,69.5999984741211,69.63999938964844,699,0.0,0.0,2023-06-26
84,2023-06-26 11:14:00-04:00,69.66000366210938,69.66000366210938,69.66000366210938,69.66000366210938,140,0.0,0.0,2023-06-26
85,2023-06-26 11:15:00-04:00,69.73999786376953,69.78500366210938,69.70999908447266,69.72049713134766,3129,0.0,0.0,2023-06-26
86,2023-06-26 11:16:00-04:00,69.76499938964844,69.76499938964844,69.70099639892578,69.70700073242188,1306,0.0,0.0,2023-06-26
87,2023-06-26 11:17:00-04:00,69.69999694824219,69.69999694824219,69.69999694824219,69.69999694824219,706,0.0,0.0,2023-06-26
88,2023-06-26 11:18:00-04:00,69.68000030517578,69.68000030517578,69.66999816894531,69.66999816894531,326,0.0,0.0,2023-06-26
89,2023-06-26 11:19:00-04:00,69.7300033569336,69.7699966430664,69.70999908447266,69.72000122070312,4343,0.0,0.0,2023-06-26
90,2023-06-26 11:20:00-04:00,69.6500015258789,69.69999694824219,69.5999984741211,69.5999984741211,23770,0.0,0.0,2023-06-26
91,2023-06-26 11:21:00-04:00,69.5999984741211,69.62000274658203,69.58999633789062,69.6050033569336,21168,0.0,0.0,2023-06-26
92,2023-06-26 11:22:00-04:00,69.62999725341797,69.69499969482422,69.62999725341797,69.69499969482422,852,0.0,0.0,2023-06-26
93,2023-06-26 11:23:00-04:00,69.6500015258789,69.6500015258789,69.5999984741211,69.5999984741211,7332,0.0,0.0,2023-06-26
94,2023-06-26 11:24:00-04:00,69.58999633789062,69.68000030517578,69.55000305175781,69.55000305175781,2950,0.0,0.0,2023-06-26
95,2023-06-26 11:25:00-04:00,69.52999877929688,69.5999984741211,69.52999877929688,69.58000183105469,1415,0.0,0.0,2023-06-26
96,2023-06-26 11:26:00-04:00,69.57499694824219,69.625,69.57499694824219,69.625,804,0.0,0.0,2023-06-26
97,2023-06-26 11:27:00-04:00,69.62999725341797,69.62999725341797,69.52999877929688,69.52999877929688,2608,0.0,0.0,2023-06-26
98,2023-06-26 11:28:00-04:00,69.5999984741211,69.5999984741211,69.5999984741211,69.5999984741211,1600,0.0,0.0,2023-06-26
99,2023-06-26 11:29:00-04:00,69.55000305175781,69.63999938964844,69.5,69.55000305175781,3054,0.0,0.0,2023-06-26
100,2023-06-26 11:30:00-04:00,69.4800033569336,69.4800033569336,69.4800033569336,69.4800033569336,515,0.0,0.0,2023-06-26
101,2023-06-26 11:31:00-04:00,69.5999984741211,69.5999984741211,69.5999984741211,69.5999984741211,1126,0.0,0.0,2023-06-26
102,2023-06-26 11:33:00-04:00,69.54000091552734,69.56999969482422,69.5199966430664,69.5199966430664,933,0.0,0.0,2023-06-26
103,2023-06-26 11:34:00-04:00,69.5199966430664,69.52999877929688,69.5199966430664,69.52999877929688,527,0.0,0.0,2023-06-26
104,2023-06-26 11:35:00-04:00,69.54000091552734,69.5999984741211,69.54000091552734,69.5999984741211,639,0.0,0.0,2023-06-26
105,2023-06-26 11:36:00-04:00,69.55000305175781,69.55000305175781,69.55000305175781,69.55000305175781,1185,0.0,0.0,2023-06-26
106,2023-06-26 11:38:00-04:00,69.51000213623047,69.51000213623047,69.51000213623047,69.51000213623047,221,0.0,0.0,2023-06-26
107,2023-06-26 11:39:00-04:00,69.54000091552734,69.66000366210938,69.54000091552734,69.61499786376953,1170,0.0,0.0,2023-06-26
108,2023-06-26 11:40:00-04:00,69.61499786376953,69.66000366210938,69.61499786376953,69.66000366210938,676,0.0,0.0,2023-06-26
109,2023-06-26 11:41:00-04:00,69.61499786376953,69.61499786376953,69.61499786376953,69.61499786376953,394,0.0,0.0,2023-06-26
110,2023-06-26 11:42:00-04:00,69.66000366210938,69.66000366210938,69.62999725341797,69.6500015258789,873,0.0,0.0,2023-06-26
111,2023-06-26 11:43:00-04:00,69.6500015258789,69.66999816894531,69.62999725341797,69.62999725341797,2053,0.0,0.0,2023-06-26
112,2023-06-26 11:44:00-04:00,69.58999633789062,69.58999633789062,69.58999633789062,69.58999633789062,129,0.0,0.0,2023-06-26
113,2023-06-26 11:46:00-04:00,69.66999816894531,69.69999694824219,69.6500015258789,69.6500015258789,2392,0.0,0.0,2023-06-26
114,2023-06-26 11:47:00-04:00,69.69999694824219,69.69999694824219,69.63999938964844,69.63999938964844,3014,0.0,0.0,2023-06-26
115,2023-06-26 11:48:00-04:00,69.65499877929688,69.66000366210938,69.62999725341797,69.62999725341797,5379,0.0,0.0,2023-06-26
116,2023-06-26 11:49:00-04:00,69.68000030517578,69.69999694824219,69.63999938964844,69.6500015258789,5098,0.0,0.0,2023-06-26
117,2023-06-26 11:50:00-04:00,69.6500015258789,69.66999816894531,69.6500015258789,69.65499877929688,3309,0.0,0.0,2023-06-26
118,2023-06-26 11:51:00-04:00,69.6500015258789,69.65249633789062,69.63999938964844,69.6500015258789,1456,0.0,0.0,2023-06-26
119,2023-06-26 11:52:00-04:00,69.6500015258789,69.66999816894531,69.62999725341797,69.63999938964844,4933,0.0,0.0,2023-06-26
120,2023-06-26 11:53:00-04:00,69.63999938964844,69.63999938964844,69.61000061035156,69.62999725341797,1473,0.0,0.0,2023-06-26
121,2023-06-26 11:56:00-04:00,69.66999816894531,69.66999816894531,69.6449966430664,69.6449966430664,1806,0.0,0.0,2023-06-26
122,2023-06-26 11:57:00-04:00,69.64250183105469,69.64250183105469,69.61000061035156,69.61000061035156,1938,0.0,0.0,2023-06-26
123,2023-06-26 11:58:00-04:00,69.62000274658203,69.66000366210938,69.61000061035156,69.6500015258789,3780,0.0,0.0,2023-06-26
124,2023-06-26 11:59:00-04:00,69.6500015258789,69.66999816894531,69.5999984741211,69.5999984741211,5452,0.0,0.0,2023-06-26
125,2023-06-26 12:00:00-04:00,69.625,69.65499877929688,69.625,69.63999938964844,1914,0.0,0.0,2023-06-26
126,2023-06-26 12:01:00-04:00,69.63999938964844,69.63999938964844,69.5999984741211,69.5999984741211,2843,0.0,0.0,2023-06-26
127,2023-06-26 12:04:00-04:00,69.5999984741211,69.62999725341797,69.58999633789062,69.62999725341797,546,0.0,0.0,2023-06-26
128,2023-06-26 12:05:00-04:00,69.55000305175781,69.58000183105469,69.52999877929688,69.52999877929688,2099,0.0,0.0,2023-06-26
129,2023-06-26 12:08:00-04:00,69.54000091552734,69.55999755859375,69.54000091552734,69.55999755859375,391,0.0,0.0,2023-06-26
130,2023-06-26 12:09:00-04:00,69.56999969482422,69.56999969482422,69.56999969482422,69.56999969482422,546,0.0,0.0,2023-06-26
131,2023-06-26 12:10:00-04:00,69.55500030517578,69.55500030517578,69.5,69.5,2031,0.0,0.0,2023-06-26
132,2023-06-26 12:11:00-04:00,69.44999694824219,69.44999694824219,69.44999694824219,69.44999694824219,575,0.0,0.0,2023-06-26
133,2023-06-26 12:12:00-04:00,69.44000244140625,69.44999694824219,69.44000244140625,69.44999694824219,736,0.0,0.0,2023-06-26
134,2023-06-26 12:14:00-04:00,69.5199966430664,69.5250015258789,69.48999786376953,69.5250015258789,714,0.0,0.0,2023-06-26
135,2023-06-26 12:15:00-04:00,69.54000091552734,69.54000091552734,69.54000091552734,69.54000091552734,369,0.0,0.0,2023-06-26
136,2023-06-26 12:17:00-04:00,69.58999633789062,69.5999984741211,69.56999969482422,69.56999969482422,2675,0.0,0.0,2023-06-26
137,2023-06-26 12:18:00-04:00,69.54000091552734,69.55000305175781,69.54000091552734,69.55000305175781,560,0.0,0.0,2023-06-26
138,2023-06-26 12:20:00-04:00,69.5,69.51000213623047,69.5,69.51000213623047,834,0.0,0.0,2023-06-26
139,2023-06-26 12:21:00-04:00,69.56999969482422,69.5999984741211,69.56999969482422,69.5999984741211,807,0.0,0.0,2023-06-26
140,2023-06-26 12:22:00-04:00,69.6050033569336,69.6050033569336,69.55999755859375,69.55999755859375,1286,0.0,0.0,2023-06-26
141,2023-06-26 12:24:00-04:00,69.54000091552734,69.54000091552734,69.54000091552734,69.54000091552734,450,0.0,0.0,2023-06-26
142,2023-06-26 12:25:00-04:00,69.5,69.5,69.5,69.5,779,0.0,0.0,2023-06-26
143,2023-06-26 12:26:00-04:00,69.4800033569336,69.4800033569336,69.4717025756836,69.4717025756836,1030,0.0,0.0,2023-06-26
144,2023-06-26 12:27:00-04:00,69.51000213623047,69.51000213623047,69.45999908447266,69.45999908447266,689,0.0,0.0,2023-06-26
145,2023-06-26 12:31:00-04:00,69.44999694824219,69.4749984741211,69.44000244140625,69.4749984741211,1464,0.0,0.0,2023-06-26
146,2023-06-26 12:32:00-04:00,69.44000244140625,69.44000244140625,69.4000015258789,69.4000015258789,705,0.0,0.0,2023-06-26
147,2023-06-26 12:33:00-04:00,69.3499984741211,69.3499984741211,69.3499984741211,69.3499984741211,784,0.0,0.0,2023-06-26
148,2023-06-26 12:34:00-04:00,69.33000183105469,69.3550033569336,69.31999969482422,69.3550033569336,887,0.0,0.0,2023-06-26
149,2023-06-26 12:35:00-04:00,69.3499984741211,69.36229705810547,69.30000305175781,69.36229705810547,1818,0.0,0.0,2023-06-26
150,2023-06-26 12:37:00-04:00,69.33999633789062,69.33999633789062,69.33000183105469,69.33499908447266,391,0.0,0.0,2023-06-26
151,2023-06-26 12:38:00-04:00,69.37999725341797,69.37999725341797,69.36000061035156,69.36000061035156,764,0.0,0.0,2023-06-26
152,2023-06-26 12:39:00-04:00,69.30000305175781,69.30000305175781,69.30000305175781,69.30000305175781,431,0.0,0.0,2023-06-26
153,2023-06-26 12:40:00-04:00,69.33999633789062,69.33999633789062,69.33999633789062,69.33999633789062,326,0.0,0.0,2023-06-26
154,2023-06-26 12:42:00-04:00,69.27999877929688,69.27999877929688,69.25,69.25,1443,0.0,0.0,2023-06-26
155,2023-06-26 12:43:00-04:00,69.21499633789062,69.21499633789062,69.13999938964844,69.13999938964844,1290,0.0,0.0,2023-06-26
156,2023-06-26 12:45:00-04:00,69.16999816894531,69.18000030517578,69.16999816894531,69.18000030517578,533,0.0,0.0,2023-06-26
157,2023-06-26 12:46:00-04:00,69.20500183105469,69.20500183105469,69.12000274658203,69.12999725341797,4580,0.0,0.0,2023-06-26
158,2023-06-26 12:47:00-04:00,69.05999755859375,69.05999755859375,69.05999755859375,69.05999755859375,252,0.0,0.0,2023-06-26
159,2023-06-26 12:48:00-04:00,69.1050033569336,69.1050033569336,69.1050033569336,69.1050033569336,362,0.0,0.0,2023-06-26
160,2023-06-26 12:49:00-04:00,69.11000061035156,69.11000061035156,69.11000061035156,69.11000061035156,287,0.0,0.0,2023-06-26
161,2023-06-26 12:50:00-04:00,69.16999816894531,69.16999816894531,69.16999816894531,69.16999816894531,1069,0.0,0.0,2023-06-26
162,2023-06-26 12:53:00-04:00,69.37000274658203,69.37000274658203,69.30999755859375,69.30999755859375,257,0.0,0.0,2023-06-26
163,2023-06-26 12:54:00-04:00,69.26010131835938,69.32499694824219,69.26000213623047,69.32499694824219,1745,0.0,0.0,2023-06-26
164,2023-06-26 12:55:00-04:00,69.31500244140625,69.37000274658203,69.31500244140625,69.37000274658203,1056,0.0,0.0,2023-06-26
165,2023-06-26 12:58:00-04:00,69.37999725341797,69.37999725341797,69.37999725341797,69.37999725341797,226,0.0,0.0,2023-06-26
166,2023-06-26 12:59:00-04:00,69.41000366210938,69.5,69.41000366210938,69.5,351,0.0,0.0,2023-06-26
167,2023-06-26 13:00:00-04:00,69.41010284423828,69.41010284423828,69.41010284423828,69.41010284423828,508,0.0,0.0,2023-06-26
168,2023-06-26 13:01:00-04:00,69.4800033569336,69.48500061035156,69.4800033569336,69.48500061035156,326,0.0,0.0,2023-06-26
169,2023-06-26 13:02:00-04:00,69.55000305175781,69.55000305175781,69.55000305175781,69.55000305175781,334,0.0,0.0,2023-06-26
170,2023-06-26 13:03:00-04:00,69.54000091552734,69.54000091552734,69.54000091552734,69.54000091552734,111,0.0,0.0,2023-06-26
171,2023-06-26 13:04:00-04:00,69.5199966430664,69.5199966430664,69.41999816894531,69.41999816894531,1195,0.0,0.0,2023-06-26
172,2023-06-26 13:05:00-04:00,69.45999908447266,69.54720306396484,69.45999908447266,69.54720306396484,477,0.0,0.0,2023-06-26
173,2023-06-26 13:06:00-04:00,69.5,69.5,69.5,69.5,9238,0.0,0.0,2023-06-26
174,2023-06-26 13:07:00-04:00,69.44000244140625,69.5,69.43000030517578,69.5,3227,0.0,0.0,2023-06-26
175,2023-06-26 13:08:00-04:00,69.45500183105469,69.45500183105469,69.45500183105469,69.45500183105469,291,0.0,0.0,2023-06-26
176,2023-06-26 13:09:00-04:00,69.41999816894531,69.41999816894531,69.4000015258789,69.4000015258789,2101,0.0,0.0,2023-06-26
177,2023-06-26 13:11:00-04:00,69.43000030517578,69.43000030517578,69.4000015258789,69.4000015258789,420,0.0,0.0,2023-06-26
178,2023-06-26 13:12:00-04:00,69.46499633789062,69.46499633789062,69.46499633789062,69.46499633789062,234,0.0,0.0,2023-06-26
179,2023-06-26 13:13:00-04:00,69.50499725341797,69.50499725341797,69.50499725341797,69.50499725341797,158,0.0,0.0,2023-06-26
180,2023-06-26 13:14:00-04:00,69.52999877929688,69.52999877929688,69.51499938964844,69.51499938964844,350,0.0,0.0,2023-06-26
181,2023-06-26 13:15:00-04:00,69.52999877929688,69.52999877929688,69.5,69.5,827,0.0,0.0,2023-06-26
182,2023-06-26 13:16:00-04:00,69.5250015258789,69.5250015258789,69.47000122070312,69.5,1670,0.0,0.0,2023-06-26
183,2023-06-26 13:17:00-04:00,69.44999694824219,69.4800033569336,69.44000244140625,69.44000244140625,1174,0.0,0.0,2023-06-26
184,2023-06-26 13:20:00-04:00,69.5199966430664,69.5199966430664,69.5,69.5,229,0.0,0.0,2023-06-26
185,2023-06-26 13:21:00-04:00,69.47000122070312,69.50499725341797,69.47000122070312,69.50499725341797,676,0.0,0.0,2023-06-26
186,2023-06-26 13:22:00-04:00,69.50499725341797,69.50499725341797,69.50499725341797,69.50499725341797,364,0.0,0.0,2023-06-26
187,2023-06-26 13:23:00-04:00,69.50499725341797,69.50499725341797,69.50499725341797,69.50499725341797,362,0.0,0.0,2023-06-26
188,2023-06-26 13:24:00-04:00,69.45999908447266,69.45999908447266,69.41999816894531,69.41999816894531,1229,0.0,0.0,2023-06-26
189,2023-06-26 13:25:00-04:00,69.38999938964844,69.40499877929688,69.38999938964844,69.40499877929688,246,0.0,0.0,2023-06-26
190,2023-06-26 13:27:00-04:00,69.44000244140625,69.44999694824219,69.43499755859375,69.43499755859375,1015,0.0,0.0,2023-06-26
191,2023-06-26 13:28:00-04:00,69.45999908447266,69.45999908447266,69.45999908447266,69.45999908447266,324,0.0,0.0,2023-06-26
192,2023-06-26 13:29:00-04:00,69.41010284423828,69.5,69.41010284423828,69.5,1656,0.0,0.0,2023-06-26
193,2023-06-26 13:30:00-04:00,69.47000122070312,69.5,69.47000122070312,69.5,477,0.0,0.0,2023-06-26
194,2023-06-26 13:31:00-04:00,69.44000244140625,69.44000244140625,69.42500305175781,69.42500305175781,663,0.0,0.0,2023-06-26
195,2023-06-26 13:34:00-04:00,69.44000244140625,69.44000244140625,69.41999816894531,69.41999816894531,692,0.0,0.0,2023-06-26
196,2023-06-26 13:35:00-04:00,69.41999816894531,69.43000030517578,69.41999816894531,69.43000030517578,308,0.0,0.0,2023-06-26
197,2023-06-26 13:36:00-04:00,69.41500091552734,69.44989776611328,69.41500091552734,69.41500091552734,2231,0.0,0.0,2023-06-26
198,2023-06-26 13:37:00-04:00,69.44000244140625,69.52989959716797,69.41999816894531,69.48999786376953,8841,0.0,0.0,2023-06-26
199,2023-06-26 13:38:00-04:00,69.5,69.5,69.48999786376953,69.48999786376953,646,0.0,0.0,2023-06-26
200,2023-06-26 13:39:00-04:00,69.48999786376953,69.51499938964844,69.48999786376953,69.5,521,0.0,0.0,2023-06-26
201,2023-06-26 13:40:00-04:00,69.5,69.5250015258789,69.5,69.5,3224,0.0,0.0,2023-06-26
202,2023-06-26 13:41:00-04:00,69.5,69.5,69.47000122070312,69.47000122070312,1767,0.0,0.0,2023-06-26
203,2023-06-26 13:42:00-04:00,69.44999694824219,69.4800033569336,69.44999694824219,69.4800033569336,839,0.0,0.0,2023-06-26
204,2023-06-26 13:43:00-04:00,69.5,69.5,69.5,69.5,1221,0.0,0.0,2023-06-26
205,2023-06-26 13:44:00-04:00,69.5,69.5,69.4800033569336,69.4800033569336,1320,0.0,0.0,2023-06-26
206,2023-06-26 13:45:00-04:00,69.4800033569336,69.5,69.4800033569336,69.5,915,0.0,0.0,2023-06-26
207,2023-06-26 13:46:00-04:00,69.51000213623047,69.54000091552734,69.48999786376953,69.5,1963,0.0,0.0,2023-06-26
208,2023-06-26 13:47:00-04:00,69.50499725341797,69.5115966796875,69.5,69.5,1972,0.0,0.0,2023-06-26
209,2023-06-26 13:48:00-04:00,69.5,69.5,69.47000122070312,69.47000122070312,1554,0.0,0.0,2023-06-26
210,2023-06-26 13:51:00-04:00,69.4800033569336,69.48999786376953,69.4800033569336,69.48999786376953,1117,0.0,0.0,2023-06-26
211,2023-06-26 13:52:00-04:00,69.45999908447266,69.45999908447266,69.44999694824219,69.45999908447266,826,0.0,0.0,2023-06-26
212,2023-06-26 13:55:00-04:00,69.43000030517578,69.4749984741211,69.43000030517578,69.4749984741211,1485,0.0,0.0,2023-06-26
213,2023-06-26 13:56:00-04:00,69.44000244140625,69.44000244140625,69.44000244140625,69.44000244140625,412,0.0,0.0,2023-06-26
214,2023-06-26 13:57:00-04:00,69.4000015258789,69.4000015258789,69.4000015258789,69.4000015258789,919,0.0,0.0,2023-06-26
215,2023-06-26 13:59:00-04:00,69.41500091552734,69.41500091552734,69.41500091552734,69.41500091552734,149,0.0,0.0,2023-06-26
216,2023-06-26 14:00:00-04:00,69.37999725341797,69.37999725341797,69.37000274658203,69.37000274658203,751,0.0,0.0,2023-06-26
217,2023-06-26 14:01:00-04:00,69.36000061035156,69.36000061035156,69.33499908447266,69.33499908447266,489,0.0,0.0,2023-06-26
218,2023-06-26 14:02:00-04:00,69.30999755859375,69.31500244140625,69.2699966430664,69.27999877929688,1275,0.0,0.0,2023-06-26
219,2023-06-26 14:03:00-04:00,69.26000213623047,69.26000213623047,69.25499725341797,69.25499725341797,540,0.0,0.0,2023-06-26
220,2023-06-26 14:04:00-04:00,69.26300048828125,69.26300048828125,69.26300048828125,69.26300048828125,293,0.0,0.0,2023-06-26
221,2023-06-26 14:05:00-04:00,69.20999908447266,69.20999908447266,69.20999908447266,69.20999908447266,693,0.0,0.0,2023-06-26
222,2023-06-26 14:07:00-04:00,69.08999633789062,69.0999984741211,69.08999633789062,69.0999984741211,484,0.0,0.0,2023-06-26
223,2023-06-26 14:09:00-04:00,69.12999725341797,69.20999908447266,69.12999725341797,69.20999908447266,1076,0.0,0.0,2023-06-26
224,2023-06-26 14:10:00-04:00,69.16000366210938,69.16999816894531,69.16000366210938,69.16999816894531,241,0.0,0.0,2023-06-26
225,2023-06-26 14:11:00-04:00,69.16999816894531,69.16999816894531,69.16999816894531,69.16999816894531,170,0.0,0.0,2023-06-26
226,2023-06-26 14:12:00-04:00,69.12999725341797,69.12999725341797,69.08999633789062,69.08999633789062,1664,0.0,0.0,2023-06-26
227,2023-06-26 14:13:00-04:00,69.08000183105469,69.0999984741211,69.08000183105469,69.0999984741211,860,0.0,0.0,2023-06-26
228,2023-06-26 14:14:00-04:00,69.0999984741211,69.0999984741211,69.05999755859375,69.05999755859375,540,0.0,0.0,2023-06-26
229,2023-06-26 14:17:00-04:00,69.13999938964844,69.13999938964844,69.13999938964844,69.13999938964844,342,0.0,0.0,2023-06-26
230,2023-06-26 14:18:00-04:00,69.14900207519531,69.14900207519531,69.12000274658203,69.12000274658203,379,0.0,0.0,2023-06-26
231,2023-06-26 14:19:00-04:00,69.12000274658203,69.12000274658203,69.0199966430664,69.0199966430664,1433,0.0,0.0,2023-06-26
232,2023-06-26 14:21:00-04:00,68.9800033569336,68.98999786376953,68.9749984741211,68.98999786376953,1948,0.0,0.0,2023-06-26
233,2023-06-26 14:22:00-04:00,68.99500274658203,68.99500274658203,68.99500274658203,68.99500274658203,479,0.0,0.0,2023-06-26
234,2023-06-26 14:23:00-04:00,68.9800033569336,68.9800033569336,68.94999694824219,68.97000122070312,881,0.0,0.0,2023-06-26
235,2023-06-26 14:24:00-04:00,68.98500061035156,68.98500061035156,68.98500061035156,68.98500061035156,291,0.0,0.0,2023-06-26
236,2023-06-26 14:25:00-04:00,69.04000091552734,69.04000091552734,69.04000091552734,69.04000091552734,214,0.0,0.0,2023-06-26
237,2023-06-26 14:26:00-04:00,69.04000091552734,69.04000091552734,69.04000091552734,69.04000091552734,211,0.0,0.0,2023-06-26
238,2023-06-26 14:27:00-04:00,69.04000091552734,69.04000091552734,68.97000122070312,69.0,1438,0.0,0.0,2023-06-26
239,2023-06-26 14:28:00-04:00,69.0199966430664,69.11000061035156,69.0199966430664,69.11000061035156,605,0.0,0.0,2023-06-26
240,2023-06-26 14:29:00-04:00,69.18000030517578,69.19999694824219,69.12000274658203,69.12000274658203,800,0.0,0.0,2023-06-26
241,2023-06-26 14:30:00-04:00,69.20999908447266,69.22000122070312,69.19999694824219,69.19999694824219,1146,0.0,0.0,2023-06-26
242,2023-06-26 14:32:00-04:00,69.16999816894531,69.16999816894531,69.16000366210938,69.16000366210938,552,0.0,0.0,2023-06-26
243,2023-06-26 14:33:00-04:00,69.1500015258789,69.1500015258789,69.1500015258789,69.1500015258789,331,0.0,0.0,2023-06-26
244,2023-06-26 14:34:00-04:00,69.16500091552734,69.19000244140625,69.16500091552734,69.18000030517578,900,0.0,0.0,2023-06-26
245,2023-06-26 14:35:00-04:00,69.18000030517578,69.19000244140625,69.16000366210938,69.19000244140625,1914,0.0,0.0,2023-06-26
246,2023-06-26 14:37:00-04:00,69.19999694824219,69.19999694824219,69.19999694824219,69.19999694824219,136,0.0,0.0,2023-06-26
247,2023-06-26 14:38:00-04:00,69.25,69.25,69.20999908447266,69.23500061035156,2898,0.0,0.0,2023-06-26
248,2023-06-26 14:39:00-04:00,69.19999694824219,69.19999694824219,69.18000030517578,69.18000030517578,1186,0.0,0.0,2023-06-26
249,2023-06-26 14:40:00-04:00,69.16000366210938,69.16999816894531,69.16000366210938,69.16999816894531,414,0.0,0.0,2023-06-26
250,2023-06-26 14:41:00-04:00,69.19999694824219,69.19999694824219,69.1500015258789,69.1500015258789,1396,0.0,0.0,2023-06-26
251,2023-06-26 14:43:00-04:00,69.12000274658203,69.12000274658203,69.11000061035156,69.11000061035156,359,0.0,0.0,2023-06-26
252,2023-06-26 14:44:00-04:00,69.08999633789062,69.08999633789062,69.06999969482422,69.08999633789062,647,0.0,0.0,2023-06-26
253,2023-06-26 14:46:00-04:00,69.0999984741211,69.0999984741211,69.04000091552734,69.05000305175781,2787,0.0,0.0,2023-06-26
254,2023-06-26 14:47:00-04:00,69.04000091552734,69.04000091552734,69.0199966430664,69.04000091552734,1717,0.0,0.0,2023-06-26
255,2023-06-26 14:48:00-04:00,69.05000305175781,69.05000305175781,69.04000091552734,69.04000091552734,708,0.0,0.0,2023-06-26
256,2023-06-26 14:49:00-04:00,69.05000305175781,69.05000305175781,69.0199966430664,69.05000305175781,1998,0.0,0.0,2023-06-26
257,2023-06-26 14:50:00-04:00,69.0199966430664,69.0199966430664,69.0,69.0,1216,0.0,0.0,2023-06-26
258,2023-06-26 14:51:00-04:00,69.0199966430664,69.0199966430664,69.0199966430664,69.0199966430664,119,0.0,0.0,2023-06-26
259,2023-06-26 14:53:00-04:00,69.0,69.0,68.97000122070312,68.97000122070312,1556,0.0,0.0,2023-06-26
260,2023-06-26 14:55:00-04:00,69.0,69.0,68.95999908447266,69.0,1528,0.0,0.0,2023-06-26
261,2023-06-26 14:56:00-04:00,69.0,69.0,69.0,69.0,311,0.0,0.0,2023-06-26
262,2023-06-26 14:57:00-04:00,69.04000091552734,69.04000091552734,68.97000122070312,68.97000122070312,22404,0.0,0.0,2023-06-26
263,2023-06-26 14:58:00-04:00,68.9800033569336,69.00499725341797,68.9800033569336,69.00250244140625,830,0.0,0.0,2023-06-26
264,2023-06-26 14:59:00-04:00,69.0,69.0,68.97000122070312,68.97000122070312,2296,0.0,0.0,2023-06-26
265,2023-06-26 15:00:00-04:00,69.0,69.02999877929688,69.0,69.0,3525,0.0,0.0,2023-06-26
266,2023-06-26 15:01:00-04:00,69.00499725341797,69.01000213623047,68.98999786376953,69.0,7754,0.0,0.0,2023-06-26
267,2023-06-26 15:02:00-04:00,68.97000122070312,69.0,68.97000122070312,69.0,561,0.0,0.0,2023-06-26
268,2023-06-26 15:03:00-04:00,69.0,69.0,68.97000122070312,68.9800033569336,2188,0.0,0.0,2023-06-26
269,2023-06-26 15:04:00-04:00,68.94000244140625,68.94000244140625,68.91999816894531,68.91999816894531,682,0.0,0.0,2023-06-26
270,2023-06-26 15:06:00-04:00,69.0,69.01000213623047,68.98999786376953,69.0,3146,0.0,0.0,2023-06-26
271,2023-06-26 15:07:00-04:00,69.0,69.00499725341797,68.98999786376953,68.98999786376953,1864,0.0,0.0,2023-06-26
272,2023-06-26 15:08:00-04:00,68.99500274658203,68.99500274658203,68.95999908447266,68.98999786376953,1189,0.0,0.0,2023-06-26
273,2023-06-26 15:09:00-04:00,69.0,69.0,68.95999908447266,68.97000122070312,2223,0.0,0.0,2023-06-26
274,2023-06-26 15:10:00-04:00,68.95999908447266,68.97000122070312,68.93000030517578,68.94999694824219,2672,0.0,0.0,2023-06-26
275,2023-06-26 15:11:00-04:00,68.94999694824219,68.94999694824219,68.94999694824219,68.94999694824219,1043,0.0,0.0,2023-06-26
276,2023-06-26 15:12:00-04:00,68.94000244140625,68.95500183105469,68.94000244140625,68.94999694824219,2247,0.0,0.0,2023-06-26
277,2023-06-26 15:13:00-04:00,68.94000244140625,68.94000244140625,68.93000030517578,68.93000030517578,1375,0.0,0.0,2023-06-26
278,2023-06-26 15:16:00-04:00,68.93000030517578,68.93000030517578,68.83000183105469,68.83000183105469,2935,0.0,0.0,2023-06-26
279,2023-06-26 15:17:00-04:00,68.83000183105469,68.83000183105469,68.80000305175781,68.80000305175781,3370,0.0,0.0,2023-06-26
280,2023-06-26 15:18:00-04:00,68.80999755859375,68.80999755859375,68.80999755859375,68.80999755859375,159,0.0,0.0,2023-06-26
281,2023-06-26 15:19:00-04:00,68.83000183105469,68.83000183105469,68.81500244140625,68.81500244140625,1022,0.0,0.0,2023-06-26
282,2023-06-26 15:20:00-04:00,68.79000091552734,68.79000091552734,68.7300033569336,68.79000091552734,1964,0.0,0.0,2023-06-26
283,2023-06-26 15:21:00-04:00,68.7699966430664,68.80999755859375,68.72000122070312,68.80000305175781,6162,0.0,0.0,2023-06-26
284,2023-06-26 15:22:00-04:00,68.83899688720703,68.83899688720703,68.81999969482422,68.81999969482422,987,0.0,0.0,2023-06-26
285,2023-06-26 15:23:00-04:00,68.82499694824219,68.875,68.82499694824219,68.875,481,0.0,0.0,2023-06-26
286,2023-06-26 15:24:00-04:00,68.87000274658203,68.87000274658203,68.8499984741211,68.8499984741211,792,0.0,0.0,2023-06-26
287,2023-06-26 15:25:00-04:00,68.88500213623047,68.9800033569336,68.86000061035156,68.9800033569336,2159,0.0,0.0,2023-06-26
288,2023-06-26 15:26:00-04:00,68.94999694824219,68.99500274658203,68.94999694824219,68.99500274658203,605,0.0,0.0,2023-06-26
289,2023-06-26 15:27:00-04:00,68.98999786376953,69.08000183105469,68.98999786376953,69.0,5639,0.0,0.0,2023-06-26
290,2023-06-26 15:28:00-04:00,68.98500061035156,69.02300262451172,68.7300033569336,68.75,16520,0.0,0.0,2023-06-26
291,2023-06-26 15:29:00-04:00,68.72000122070312,68.77999877929688,68.72000122070312,68.75,1236,0.0,0.0,2023-06-26
292,2023-06-26 15:30:00-04:00,68.75,68.75,68.625,68.66999816894531,3504,0.0,0.0,2023-06-26
293,2023-06-26 15:31:00-04:00,68.68000030517578,68.83000183105469,68.68000030517578,68.80000305175781,1205,0.0,0.0,2023-06-26
294,2023-06-26 15:32:00-04:00,68.8499984741211,68.94499969482422,68.79000091552734,68.94499969482422,1219,0.0,0.0,2023-06-26
295,2023-06-26 15:33:00-04:00,68.94999694824219,68.94999694824219,68.84500122070312,68.84500122070312,2376,0.0,0.0,2023-06-26
296,2023-06-26 15:35:00-04:00,68.87999725341797,68.88999938964844,68.86000061035156,68.86750030517578,1758,0.0,0.0,2023-06-26
297,2023-06-26 15:36:00-04:00,68.83000183105469,68.87000274658203,68.83000183105469,68.87000274658203,230,0.0,0.0,2023-06-26
298,2023-06-26 15:37:00-04:00,68.875,68.88500213623047,68.83999633789062,68.85900115966797,2774,0.0,0.0,2023-06-26
299,2023-06-26 15:38:00-04:00,68.93000030517578,68.98999786376953,68.93000030517578,68.98999786376953,1028,0.0,0.0,2023-06-26
300,2023-06-26 15:39:00-04:00,69.0,69.0250015258789,69.0,69.0250015258789,693,0.0,0.0,2023-06-26
301,2023-06-26 15:40:00-04:00,69.08999633789062,69.08999633789062,68.97000122070312,68.97000122070312,5737,0.0,0.0,2023-06-26
302,2023-06-26 15:41:00-04:00,69.0,69.0,68.98999786376953,68.98999786376953,2496,0.0,0.0,2023-06-26
303,2023-06-26 15:42:00-04:00,68.98999786376953,68.98999786376953,68.75,68.75,14624,0.0,0.0,2023-06-26
304,2023-06-26 15:43:00-04:00,68.75,68.7699966430664,68.73999786376953,68.75,11928,0.0,0.0,2023-06-26
305,2023-06-26 15:44:00-04:00,68.73999786376953,68.75,68.52999877929688,68.52999877929688,22270,0.0,0.0,2023-06-26
306,2023-06-26 15:45:00-04:00,68.52999877929688,68.74500274658203,68.48999786376953,68.74500274658203,9138,0.0,0.0,2023-06-26
307,2023-06-26 15:46:00-04:00,68.70999908447266,68.70999908447266,68.5,68.66000366210938,12295,0.0,0.0,2023-06-26
308,2023-06-26 15:47:00-04:00,68.68499755859375,68.68499755859375,68.62000274658203,68.62000274658203,2967,0.0,0.0,2023-06-26
309,2023-06-26 15:48:00-04:00,68.58499908447266,68.58999633789062,68.37000274658203,68.38999938964844,21818,0.0,0.0,2023-06-26
310,2023-06-26 15:49:00-04:00,68.4000015258789,68.63500213623047,68.4000015258789,68.58999633789062,8927,0.0,0.0,2023-06-26
311,2023-06-26 15:50:00-04:00,68.55000305175781,68.61000061035156,68.54000091552734,68.61000061035156,1323,0.0,0.0,2023-06-26
312,2023-06-26 15:51:00-04:00,68.56999969482422,68.73999786376953,68.56999969482422,68.73999786376953,5781,0.0,0.0,2023-06-26
313,2023-06-26 15:52:00-04:00,68.7699966430664,68.87000274658203,68.5,68.5,34111,0.0,0.0,2023-06-26
314,2023-06-26 15:53:00-04:00,68.55000305175781,68.61000061035156,68.4000015258789,68.4000015258789,11509,0.0,0.0,2023-06-26
315,2023-06-26 15:54:00-04:00,68.5199966430664,68.55000305175781,68.45999908447266,68.55000305175781,2331,0.0,0.0,2023-06-26
316,2023-06-26 15:55:00-04:00,68.5199966430664,68.54499816894531,68.43499755859375,68.43499755859375,5642,0.0,0.0,2023-06-26
317,2023-06-26 15:56:00-04:00,68.41999816894531,68.43000030517578,68.30999755859375,68.33999633789062,5842,0.0,0.0,2023-06-26
318,2023-06-26 15:57:00-04:00,68.3499984741211,68.3499984741211,68.18000030517578,68.34500122070312,19081,0.0,0.0,2023-06-26
319,2023-06-26 15:58:00-04:00,68.31999969482422,68.41999816894531,68.31999969482422,68.38500213623047,10574,0.0,0.0,2023-06-26
320,2023-06-26 15:59:00-04:00,68.4000015258789,68.41000366210938,67.73999786376953,67.79499816894531,102813,0.0,0.0,2023-06-26
321,2023-06-27 09:30:00-04:00,68.0,68.28500366210938,68.0,68.23999786376953,3512,0.0,0.0,2023-06-27
322,2023-06-27 09:32:00-04:00,68.44000244140625,68.66000366210938,68.44000244140625,68.54499816894531,767,0.0,0.0,2023-06-27
323,2023-06-27 09:33:00-04:00,68.69000244140625,68.80000305175781,68.69000244140625,68.80000305175781,1325,0.0,0.0,2023-06-27
324,2023-06-27 09:34:00-04:00,68.7300033569336,68.75,68.62999725341797,68.62999725341797,1588,0.0,0.0,2023-06-27
325,2023-06-27 09:35:00-04:00,68.9530029296875,68.9530029296875,68.9530029296875,68.9530029296875,185,0.0,0.0,2023-06-27
326,2023-06-27 09:36:00-04:00,68.87239837646484,68.87239837646484,68.66999816894531,68.66999816894531,814,0.0,0.0,2023-06-27
327,2023-06-27 09:37:00-04:00,68.63880157470703,68.63880157470703,68.4800033569336,68.4800033569336,373,0.0,0.0,2023-06-27
328,2023-06-27 09:38:00-04:00,68.70500183105469,68.87999725341797,68.70500183105469,68.79000091552734,660,0.0,0.0,2023-06-27
329,2023-06-27 09:39:00-04:00,68.98999786376953,68.98999786376953,68.98999786376953,68.98999786376953,290,0.0,0.0,2023-06-27
330,2023-06-27 09:40:00-04:00,69.02999877929688,69.06990051269531,69.01000213623047,69.06990051269531,441,0.0,0.0,2023-06-27
331,2023-06-27 09:41:00-04:00,69.0199966430664,69.0199966430664,69.0199966430664,69.0199966430664,719,0.0,0.0,2023-06-27
332,2023-06-27 09:43:00-04:00,69.05999755859375,69.05999755859375,69.05999755859375,69.05999755859375,314,0.0,0.0,2023-06-27
333,2023-06-27 09:44:00-04:00,69.19000244140625,69.19000244140625,69.12030029296875,69.12030029296875,499,0.0,0.0,2023-06-27
334,2023-06-27 09:45:00-04:00,69.27999877929688,69.27999877929688,69.19999694824219,69.19999694824219,694,0.0,0.0,2023-06-27
335,2023-06-27 09:46:00-04:00,68.9000015258789,68.91999816894531,68.83499908447266,68.83499908447266,1322,0.0,0.0,2023-06-27
336,2023-06-27 09:47:00-04:00,68.83499908447266,68.97000122070312,68.83499908447266,68.97000122070312,552,0.0,0.0,2023-06-27
337,2023-06-27 09:48:00-04:00,68.97000122070312,68.97000122070312,68.97000122070312,68.97000122070312,112,0.0,0.0,2023-06-27
338,2023-06-27 09:49:00-04:00,68.83999633789062,68.97000122070312,68.83999633789062,68.97000122070312,223,0.0,0.0,2023-06-27
339,2023-06-27 09:50:00-04:00,69.0,69.0,69.0,69.0,125,0.0,0.0,2023-06-27
340,2023-06-27 09:51:00-04:00,68.9800033569336,69.12000274658203,68.87000274658203,69.12000274658203,2526,0.0,0.0,2023-06-27
341,2023-06-27 09:52:00-04:00,69.1500015258789,69.1500015258789,68.91000366210938,68.91000366210938,2273,0.0,0.0,2023-06-27
342,2023-06-27 09:54:00-04:00,68.80000305175781,68.98999786376953,68.80000305175781,68.87999725341797,2588,0.0,0.0,2023-06-27
343,2023-06-27 09:55:00-04:00,68.88500213623047,68.88500213623047,68.88500213623047,68.88500213623047,210,0.0,0.0,2023-06-27
344,2023-06-27 09:56:00-04:00,68.97000122070312,69.01000213623047,68.93000030517578,68.93000030517578,1128,0.0,0.0,2023-06-27
345,2023-06-27 09:57:00-04:00,68.97000122070312,69.08000183105469,68.8499984741211,68.9749984741211,3125,0.0,0.0,2023-06-27
346,2023-06-27 09:58:00-04:00,69.11000061035156,69.11000061035156,69.08999633789062,69.08999633789062,300,0.0,0.0,2023-06-27
347,2023-06-27 09:59:00-04:00,69.19999694824219,69.19999694824219,69.18000030517578,69.18000030517578,713,0.0,0.0,2023-06-27
348,2023-06-27 10:00:00-04:00,69.23999786376953,69.4000015258789,69.23999786376953,69.33999633789062,3202,0.0,0.0,2023-06-27
349,2023-06-27 10:01:00-04:00,69.23999786376953,69.23999786376953,69.19999694824219,69.19999694824219,687,0.0,0.0,2023-06-27
350,2023-06-27 10:03:00-04:00,69.29000091552734,69.33000183105469,69.29000091552734,69.33000183105469,939,0.0,0.0,2023-06-27
351,2023-06-27 10:04:00-04:00,69.41000366210938,69.41000366210938,69.41000366210938,69.41000366210938,118,0.0,0.0,2023-06-27
352,2023-06-27 10:06:00-04:00,69.41000366210938,69.52999877929688,69.41000366210938,69.52999877929688,835,0.0,0.0,2023-06-27
353,2023-06-27 10:07:00-04:00,69.27999877929688,69.4000015258789,69.2699966430664,69.4000015258789,2987,0.0,0.0,2023-06-27
354,2023-06-27 10:08:00-04:00,69.5,69.55000305175781,69.5,69.5,2511,0.0,0.0,2023-06-27
355,2023-06-27 10:09:00-04:00,69.5,69.56999969482422,69.5,69.56999969482422,985,0.0,0.0,2023-06-27
356,2023-06-27 10:12:00-04:00,69.19999694824219,69.19999694824219,69.19999694824219,69.19999694824219,299,0.0,0.0,2023-06-27
357,2023-06-27 10:13:00-04:00,69.37000274658203,69.41000366210938,69.36499786376953,69.37000274658203,1050,0.0,0.0,2023-06-27
358,2023-06-27 10:14:00-04:00,69.52999877929688,69.52999877929688,69.5250015258789,69.5250015258789,406,0.0,0.0,2023-06-27
359,2023-06-27 10:15:00-04:00,69.5999984741211,69.70999908447266,69.5999984741211,69.70999908447266,682,0.0,0.0,2023-06-27
360,2023-06-27 10:16:00-04:00,69.69000244140625,69.72000122070312,69.59500122070312,69.72000122070312,1013,0.0,0.0,2023-06-27
361,2023-06-27 10:19:00-04:00,69.72000122070312,69.72000122070312,69.72000122070312,69.72000122070312,355,0.0,0.0,2023-06-27
362,2023-06-27 10:20:00-04:00,69.71499633789062,69.7300033569336,69.63999938964844,69.63999938964844,2336,0.0,0.0,2023-06-27
363,2023-06-27 10:21:00-04:00,69.77999877929688,69.83000183105469,69.7699966430664,69.83000183105469,1562,0.0,0.0,2023-06-27
364,2023-06-27 10:24:00-04:00,69.96499633789062,69.96499633789062,69.96499633789062,69.96499633789062,313,0.0,0.0,2023-06-27
365,2023-06-27 10:25:00-04:00,69.875,69.875,69.83999633789062,69.83999633789062,402,0.0,0.0,2023-06-27
366,2023-06-27 10:26:00-04:00,69.91000366210938,69.94999694824219,69.91000366210938,69.94999694824219,843,0.0,0.0,2023-06-27
367,2023-06-27 10:27:00-04:00,70.0,70.0,70.0,70.0,205,0.0,0.0,2023-06-27
368,2023-06-27 10:28:00-04:00,70.0,70.0,70.0,70.0,794,0.0,0.0,2023-06-27
369,2023-06-27 10:29:00-04:00,70.0,70.01000213623047,70.0,70.01000213623047,400,0.0,0.0,2023-06-27
370,2023-06-27 10:30:00-04:00,70.0,70.0,69.9800033569336,69.9800033569336,456,0.0,0.0,2023-06-27
371,2023-06-27 10:31:00-04:00,70.0,70.0,70.0,70.0,207,0.0,0.0,2023-06-27
372,2023-06-27 10:32:00-04:00,70.0,70.0,70.0,70.0,506,0.0,0.0,2023-06-27
373,2023-06-27 10:33:00-04:00,69.87000274658203,70.01000213623047,69.87000274658203,70.01000213623047,2018,0.0,0.0,2023-06-27
374,2023-06-27 10:34:00-04:00,70.0,70.0,70.0,70.0,392,0.0,0.0,2023-06-27
375,2023-06-27 10:35:00-04:00,69.87999725341797,69.9000015258789,69.8499984741211,69.8499984741211,2412,0.0,0.0,2023-06-27
376,2023-06-27 10:36:00-04:00,69.86499786376953,69.86499786376953,69.86499786376953,69.86499786376953,100,0.0,0.0,2023-06-27
377,2023-06-27 10:37:00-04:00,69.80999755859375,69.80999755859375,69.80999755859375,69.80999755859375,470,0.0,0.0,2023-06-27
378,2023-06-27 10:39:00-04:00,69.94999694824219,70.0250015258789,69.94999694824219,70.0,1519,0.0,0.0,2023-06-27
379,2023-06-27 10:40:00-04:00,70.0199966430664,70.06999969482422,70.0199966430664,70.02999877929688,962,0.0,0.0,2023-06-27
380,2023-06-27 10:41:00-04:00,70.02999877929688,70.02999877929688,69.97000122070312,70.01000213623047,2308,0.0,0.0,2023-06-27
381,2023-06-27 10:42:00-04:00,70.0,70.0,70.0,70.0,460,0.0,0.0,2023-06-27
382,2023-06-27 10:43:00-04:00,69.94000244140625,69.94000244140625,69.87999725341797,69.87999725341797,760,0.0,0.0,2023-06-27
383,2023-06-27 10:44:00-04:00,69.94999694824219,69.97000122070312,69.94999694824219,69.97000122070312,581,0.0,0.0,2023-06-27
384,2023-06-27 10:45:00-04:00,69.92500305175781,69.92500305175781,69.86000061035156,69.86000061035156,480,0.0,0.0,2023-06-27
385,2023-06-27 10:46:00-04:00,69.87999725341797,69.87999725341797,69.87999725341797,69.87999725341797,148,0.0,0.0,2023-06-27
386,2023-06-27 10:47:00-04:00,69.95999908447266,69.97000122070312,69.87999725341797,69.97000122070312,1414,0.0,0.0,2023-06-27
387,2023-06-27 10:48:00-04:00,70.0,70.04000091552734,70.0,70.0,1537,0.0,0.0,2023-06-27
388,2023-06-27 10:49:00-04:00,69.98999786376953,69.98999786376953,69.86000061035156,69.87000274658203,9126,0.0,0.0,2023-06-27
389,2023-06-27 10:50:00-04:00,69.87000274658203,69.87000274658203,69.87000274658203,69.87000274658203,100,0.0,0.0,2023-06-27
390,2023-06-27 10:51:00-04:00,69.91999816894531,69.93000030517578,69.77999877929688,69.82749938964844,2379,0.0,0.0,2023-06-27
391,2023-06-27 10:52:00-04:00,69.76000213623047,69.83999633789062,69.76000213623047,69.83999633789062,1181,0.0,0.0,2023-06-27
392,2023-06-27 10:54:00-04:00,69.8499984741211,69.8499984741211,69.8499984741211,69.8499984741211,177,0.0,0.0,2023-06-27
393,2023-06-27 10:55:00-04:00,69.9000015258789,69.9000015258789,69.9000015258789,69.9000015258789,334,0.0,0.0,2023-06-27
394,2023-06-27 10:56:00-04:00,70.0,70.02999877929688,70.0,70.02999877929688,1854,0.0,0.0,2023-06-27
395,2023-06-27 10:57:00-04:00,70.0250015258789,70.2249984741211,70.0250015258789,70.2249984741211,10940,0.0,0.0,2023-06-27
396,2023-06-27 10:58:00-04:00,70.23999786376953,70.23999786376953,70.23999786376953,70.23999786376953,810,0.0,0.0,2023-06-27
397,2023-06-27 10:59:00-04:00,70.2699966430664,70.2699966430664,70.2699966430664,70.2699966430664,990,0.0,0.0,2023-06-27
398,2023-06-27 11:00:00-04:00,70.38999938964844,70.43000030517578,70.37000274658203,70.43000030517578,1538,0.0,0.0,2023-06-27
399,2023-06-27 11:01:00-04:00,70.38999938964844,70.38999938964844,70.38999938964844,70.38999938964844,205,0.0,0.0,2023-06-27
400,2023-06-27 11:02:00-04:00,70.3499984741211,70.38999938964844,70.23999786376953,70.30000305175781,10740,0.0,0.0,2023-06-27
401,2023-06-27 11:03:00-04:00,70.22000122070312,70.22000122070312,70.22000122070312,70.22000122070312,474,0.0,0.0,2023-06-27
402,2023-06-27 11:04:00-04:00,70.12000274658203,70.12000274658203,70.04000091552734,70.04000091552734,1495,0.0,0.0,2023-06-27
403,2023-06-27 11:07:00-04:00,70.08000183105469,70.41000366210938,70.08000183105469,70.41000366210938,2287,0.0,0.0,2023-06-27
404,2023-06-27 11:10:00-04:00,70.38999938964844,70.40499877929688,70.30000305175781,70.30000305175781,5319,0.0,0.0,2023-06-27
405,2023-06-27 11:11:00-04:00,70.31500244140625,70.45999908447266,70.23999786376953,70.45999908447266,1504,0.0,0.0,2023-06-27
406,2023-06-27 11:14:00-04:00,70.44999694824219,70.44999694824219,70.44999694824219,70.44999694824219,526,0.0,0.0,2023-06-27
407,2023-06-27 11:15:00-04:00,70.48500061035156,70.48500061035156,70.4800033569336,70.4800033569336,1698,0.0,0.0,2023-06-27
408,2023-06-27 11:16:00-04:00,70.4800033569336,70.73999786376953,70.4800033569336,70.73999786376953,13523,0.0,0.0,2023-06-27
409,2023-06-27 11:17:00-04:00,70.63999938964844,70.83999633789062,70.62000274658203,70.76000213623047,2546,0.0,0.0,2023-06-27
410,2023-06-27 11:19:00-04:00,70.84500122070312,70.84500122070312,70.71179962158203,70.71179962158203,247,0.0,0.0,2023-06-27
411,2023-06-27 11:20:00-04:00,70.72000122070312,70.7699966430664,70.66500091552734,70.74500274658203,4328,0.0,0.0,2023-06-27
412,2023-06-27 11:21:00-04:00,70.80999755859375,70.86000061035156,70.80999755859375,70.86000061035156,380,0.0,0.0,2023-06-27
413,2023-06-27 11:22:00-04:00,70.83999633789062,70.83999633789062,70.83999633789062,70.83999633789062,234,0.0,0.0,2023-06-27
414,2023-06-27 11:23:00-04:00,70.83499908447266,70.88999938964844,70.83499908447266,70.88999938964844,744,0.0,0.0,2023-06-27
415,2023-06-27 11:24:00-04:00,70.9000015258789,70.93000030517578,70.875,70.87999725341797,4594,0.0,0.0,2023-06-27
416,2023-06-27 11:25:00-04:00,70.8499984741211,70.9800033569336,70.79000091552734,70.86000061035156,8327,0.0,0.0,2023-06-27
417,2023-06-27 11:26:00-04:00,70.8136978149414,70.81999969482422,70.8136978149414,70.81999969482422,693,0.0,0.0,2023-06-27
418,2023-06-27 11:27:00-04:00,70.80000305175781,70.86000061035156,70.75,70.75,4011,0.0,0.0,2023-06-27
419,2023-06-27 11:28:00-04:00,70.80999755859375,70.94000244140625,70.80000305175781,70.87999725341797,7704,0.0,0.0,2023-06-27
420,2023-06-27 11:29:00-04:00,70.87000274658203,70.87000274658203,70.8499984741211,70.8499984741211,857,0.0,0.0,2023-06-27
421,2023-06-27 11:30:00-04:00,70.77999877929688,70.80000305175781,70.75,70.75,5265,0.0,0.0,2023-06-27
422,2023-06-27 11:31:00-04:00,70.80000305175781,70.92009735107422,70.77999877929688,70.92009735107422,1878,0.0,0.0,2023-06-27
423,2023-06-27 11:32:00-04:00,70.87999725341797,71.01000213623047,70.83999633789062,70.9000015258789,12000,0.0,0.0,2023-06-27
424,2023-06-27 11:33:00-04:00,70.91000366210938,70.91000366210938,70.82499694824219,70.83999633789062,6030,0.0,0.0,2023-06-27
425,2023-06-27 11:34:00-04:00,70.80000305175781,70.9000015258789,70.80000305175781,70.9000015258789,2791,0.0,0.0,2023-06-27
426,2023-06-27 11:36:00-04:00,70.86000061035156,70.86000061035156,70.78500366210938,70.79000091552734,5763,0.0,0.0,2023-06-27
427,2023-06-27 11:37:00-04:00,70.80999755859375,70.94499969482422,70.80999755859375,70.9000015258789,3244,0.0,0.0,2023-06-27
428,2023-06-27 11:38:00-04:00,70.87000274658203,71.08000183105469,70.87000274658203,71.0199966430664,12154,0.0,0.0,2023-06-27
429,2023-06-27 11:39:00-04:00,70.95999908447266,70.95999908447266,70.95999908447266,70.95999908447266,515,0.0,0.0,2023-06-27
430,2023-06-27 11:40:00-04:00,71.05000305175781,71.05000305175781,71.02999877929688,71.02999877929688,822,0.0,0.0,2023-06-27
431,2023-06-27 11:42:00-04:00,70.95999908447266,70.95999908447266,70.88999938964844,70.88999938964844,1869,0.0,0.0,2023-06-27
432,2023-06-27 11:43:00-04:00,70.87999725341797,70.9000015258789,70.80999755859375,70.80999755859375,1918,0.0,0.0,2023-06-27
433,2023-06-27 11:44:00-04:00,70.83000183105469,70.9000015258789,70.83000183105469,70.88999938964844,2048,0.0,0.0,2023-06-27
434,2023-06-27 11:46:00-04:00,70.91000366210938,71.12999725341797,70.91000366210938,71.12999725341797,3324,0.0,0.0,2023-06-27
435,2023-06-27 11:47:00-04:00,70.99009704589844,71.12000274658203,70.99009704589844,71.05000305175781,2780,0.0,0.0,2023-06-27
436,2023-06-27 11:48:00-04:00,71.05000305175781,71.05000305175781,71.05000305175781,71.05000305175781,1119,0.0,0.0,2023-06-27
437,2023-06-27 11:49:00-04:00,71.08999633789062,71.08999633789062,71.05999755859375,71.05999755859375,728,0.0,0.0,2023-06-27
438,2023-06-27 11:50:00-04:00,71.12000274658203,71.12000274658203,71.06999969482422,71.06999969482422,1300,0.0,0.0,2023-06-27
439,2023-06-27 11:52:00-04:00,71.08000183105469,71.19000244140625,71.08000183105469,71.14009857177734,1447,0.0,0.0,2023-06-27
440,2023-06-27 11:53:00-04:00,71.19000244140625,71.19000244140625,71.08999633789062,71.12999725341797,2192,0.0,0.0,2023-06-27
441,2023-06-27 11:55:00-04:00,71.08999633789062,71.13999938964844,71.08000183105469,71.1050033569336,2095,0.0,0.0,2023-06-27
442,2023-06-27 11:56:00-04:00,71.1500015258789,71.20999908447266,71.1500015258789,71.20999908447266,712,0.0,0.0,2023-06-27
443,2023-06-27 11:57:00-04:00,71.19499969482422,71.25,71.1500015258789,71.2300033569336,1201,0.0,0.0,2023-06-27
444,2023-06-27 11:58:00-04:00,71.18499755859375,71.18499755859375,71.18499755859375,71.18499755859375,731,0.0,0.0,2023-06-27
445,2023-06-27 12:00:00-04:00,71.2300033569336,71.2300033569336,71.20500183105469,71.20500183105469,735,0.0,0.0,2023-06-27
446,2023-06-27 12:03:00-04:00,71.2300033569336,71.2300033569336,71.2300033569336,71.2300033569336,322,0.0,0.0,2023-06-27
447,2023-06-27 12:05:00-04:00,71.13999938964844,71.21499633789062,71.05000305175781,71.05000305175781,3895,0.0,0.0,2023-06-27
448,2023-06-27 12:07:00-04:00,71.04000091552734,71.04000091552734,71.04000091552734,71.04000091552734,361,0.0,0.0,2023-06-27
449,2023-06-27 12:09:00-04:00,71.06999969482422,71.06999969482422,71.06999969482422,71.06999969482422,1078,0.0,0.0,2023-06-27
450,2023-06-27 12:10:00-04:00,71.04000091552734,71.05000305175781,70.98999786376953,70.98999786376953,13786,0.0,0.0,2023-06-27
451,2023-06-27 12:11:00-04:00,70.98999786376953,71.00499725341797,70.9800033569336,70.9800033569336,1524,0.0,0.0,2023-06-27
452,2023-06-27 12:12:00-04:00,70.98999786376953,70.98999786376953,70.97000122070312,70.97000122070312,272,0.0,0.0,2023-06-27
453,2023-06-27 12:13:00-04:00,70.98169708251953,71.0999984741211,70.98169708251953,71.0999984741211,4983,0.0,0.0,2023-06-27
454,2023-06-27 12:14:00-04:00,71.04000091552734,71.11000061035156,71.0,71.0,6454,0.0,0.0,2023-06-27
455,2023-06-27 12:15:00-04:00,71.04499816894531,71.0999984741211,71.0199966430664,71.0999984741211,2840,0.0,0.0,2023-06-27
456,2023-06-27 12:16:00-04:00,71.05999755859375,71.08499908447266,70.98999786376953,71.0,10787,0.0,0.0,2023-06-27
457,2023-06-27 12:17:00-04:00,70.97000122070312,70.9800033569336,70.95999908447266,70.97000122070312,859,0.0,0.0,2023-06-27
458,2023-06-27 12:18:00-04:00,70.95999908447266,70.97000122070312,70.93000030517578,70.93000030517578,1331,0.0,0.0,2023-06-27
459,2023-06-27 12:20:00-04:00,70.9800033569336,71.16000366210938,70.9800033569336,71.0199966430664,8413,0.0,0.0,2023-06-27
460,2023-06-27 12:21:00-04:00,71.06999969482422,71.11000061035156,71.0,71.01000213623047,18842,0.0,0.0,2023-06-27
461,2023-06-27 12:22:00-04:00,71.0,71.0,70.94999694824219,70.95500183105469,2640,0.0,0.0,2023-06-27
462,2023-06-27 12:24:00-04:00,70.9800033569336,70.98999786376953,70.9800033569336,70.98999786376953,1485,0.0,0.0,2023-06-27
463,2023-06-27 12:25:00-04:00,71.0199966430664,71.04000091552734,71.0199966430664,71.04000091552734,1323,0.0,0.0,2023-06-27
464,2023-06-27 12:26:00-04:00,71.01000213623047,71.01000213623047,70.9800033569336,71.00499725341797,2375,0.0,0.0,2023-06-27
465,2023-06-27 12:27:00-04:00,70.9800033569336,71.04000091552734,70.9800033569336,71.04000091552734,2267,0.0,0.0,2023-06-27
466,2023-06-27 12:28:00-04:00,71.08999633789062,71.125,70.98999786376953,70.98999786376953,6620,0.0,0.0,2023-06-27
467,2023-06-27 12:29:00-04:00,70.98500061035156,71.0199966430664,70.98500061035156,71.0199966430664,1229,0.0,0.0,2023-06-27
468,2023-06-27 12:30:00-04:00,71.02999877929688,71.04750061035156,71.02999877929688,71.04499816894531,1377,0.0,0.0,2023-06-27
469,2023-06-27 12:31:00-04:00,71.08999633789062,71.20999908447266,71.08999633789062,71.1511001586914,2927,0.0,0.0,2023-06-27
470,2023-06-27 12:32:00-04:00,71.1500015258789,71.22000122070312,71.11000061035156,71.19999694824219,3126,0.0,0.0,2023-06-27
471,2023-06-27 12:33:00-04:00,71.19499969482422,71.22000122070312,71.19499969482422,71.22000122070312,1577,0.0,0.0,2023-06-27
472,2023-06-27 12:34:00-04:00,71.25,71.31999969482422,71.25,71.31999969482422,1459,0.0,0.0,2023-06-27
473,2023-06-27 12:35:00-04:00,71.2300033569336,71.33999633789062,71.20999908447266,71.23500061035156,4006,0.0,0.0,2023-06-27
474,2023-06-27 12:36:00-04:00,71.30000305175781,71.37000274658203,71.2699966430664,71.2699966430664,725,0.0,0.0,2023-06-27
475,2023-06-27 12:37:00-04:00,71.26010131835938,71.37999725341797,71.26010131835938,71.37999725341797,4220,0.0,0.0,2023-06-27
476,2023-06-27 12:38:00-04:00,71.36000061035156,71.45999908447266,71.31999969482422,71.45999908447266,4971,0.0,0.0,2023-06-27
477,2023-06-27 12:39:00-04:00,71.37000274658203,71.45500183105469,71.29000091552734,71.37999725341797,9518,0.0,0.0,2023-06-27
478,2023-06-27 12:40:00-04:00,71.29000091552734,71.3499984741211,71.03500366210938,71.04959869384766,48912,0.0,0.0,2023-06-27
479,2023-06-27 12:41:00-04:00,71.04000091552734,71.2300033569336,71.01000213623047,71.01000213623047,34914,0.0,0.0,2023-06-27
480,2023-06-27 12:42:00-04:00,71.01000213623047,71.05999755859375,70.97000122070312,71.0199966430664,7968,0.0,0.0,2023-06-27
481,2023-06-27 12:43:00-04:00,71.0,71.04000091552734,70.98999786376953,71.0,5625,0.0,0.0,2023-06-27
482,2023-06-27 12:44:00-04:00,71.01000213623047,71.05999755859375,70.99500274658203,70.99500274658203,5693,0.0,0.0,2023-06-27
483,2023-06-27 12:45:00-04:00,70.9800033569336,71.0,70.94999694824219,71.0,3127,0.0,0.0,2023-06-27
484,2023-06-27 12:46:00-04:00,71.01000213623047,71.13500213623047,70.9800033569336,71.0,14098,0.0,0.0,2023-06-27
485,2023-06-27 12:47:00-04:00,71.0,71.11000061035156,70.95500183105469,70.95500183105469,13906,0.0,0.0,2023-06-27
486,2023-06-27 12:48:00-04:00,70.98999786376953,70.98999786376953,70.9800033569336,70.98999786376953,1194,0.0,0.0,2023-06-27
487,2023-06-27 12:49:00-04:00,71.0,71.0,70.97000122070312,70.9800033569336,3660,0.0,0.0,2023-06-27
488,2023-06-27 12:50:00-04:00,70.97000122070312,70.9749984741211,70.91000366210938,70.91000366210938,5161,0.0,0.0,2023-06-27
489,2023-06-27 12:51:00-04:00,70.91000366210938,70.94499969482422,70.91000366210938,70.94499969482422,680,0.0,0.0,2023-06-27
490,2023-06-27 12:52:00-04:00,70.97000122070312,71.0199966430664,70.97000122070312,71.01000213623047,6347,0.0,0.0,2023-06-27
491,2023-06-27 12:53:00-04:00,71.00749969482422,71.02999877929688,70.94999694824219,70.95500183105469,11159,0.0,0.0,2023-06-27
492,2023-06-27 12:55:00-04:00,70.9800033569336,71.19999694824219,70.9800033569336,71.13999938964844,8428,0.0,0.0,2023-06-27
493,2023-06-27 12:56:00-04:00,71.1500015258789,71.23999786376953,71.05999755859375,71.2249984741211,8395,0.0,0.0,2023-06-27
494,2023-06-27 12:57:00-04:00,71.30999755859375,71.36499786376953,71.30999755859375,71.36499786376953,698,0.0,0.0,2023-06-27
495,2023-06-27 12:58:00-04:00,71.36499786376953,71.36499786376953,71.23999786376953,71.30999755859375,4564,0.0,0.0,2023-06-27
496,2023-06-27 12:59:00-04:00,71.41999816894531,71.5,71.4000015258789,71.44999694824219,2980,0.0,0.0,2023-06-27
497,2023-06-27 13:00:00-04:00,71.44999694824219,71.44999694824219,71.38009643554688,71.44999694824219,907,0.0,0.0,2023-06-27
498,2023-06-27 13:01:00-04:00,71.44999694824219,71.44999694824219,71.37000274658203,71.37000274658203,3095,0.0,0.0,2023-06-27
499,2023-06-27 13:02:00-04:00,71.37000274658203,71.5,71.27999877929688,71.45500183105469,9889,0.0,0.0,2023-06-27
500,2023-06-27 13:03:00-04:00,71.5,71.55000305175781,71.41000366210938,71.5,7710,0.0,0.0,2023-06-27
501,2023-06-27 13:04:00-04:00,71.51000213623047,71.5199966430664,71.4749984741211,71.5199966430664,1025,0.0,0.0,2023-06-27
502,2023-06-27 13:05:00-04:00,71.52999877929688,71.52999877929688,71.19000244140625,71.25,17468,0.0,0.0,2023-06-27
503,2023-06-27 13:06:00-04:00,71.2300033569336,71.2300033569336,71.16999816894531,71.19000244140625,2078,0.0,0.0,2023-06-27
504,2023-06-27 13:07:00-04:00,71.13999938964844,71.19000244140625,71.13999938964844,71.1500015258789,2110,0.0,0.0,2023-06-27
505,2023-06-27 13:08:00-04:00,71.1500015258789,71.19000244140625,71.1500015258789,71.1500015258789,1108,0.0,0.0,2023-06-27
506,2023-06-27 13:09:00-04:00,71.18000030517578,71.25,71.18000030517578,71.25,2983,0.0,0.0,2023-06-27
507,2023-06-27 13:10:00-04:00,71.20999908447266,71.27999877929688,71.20999908447266,71.25,1434,0.0,0.0,2023-06-27
508,2023-06-27 13:11:00-04:00,71.26000213623047,71.3499984741211,71.15499877929688,71.29499816894531,5870,0.0,0.0,2023-06-27
509,2023-06-27 13:12:00-04:00,71.3499984741211,71.3499984741211,71.24009704589844,71.29000091552734,3025,0.0,0.0,2023-06-27
510,2023-06-27 13:13:00-04:00,71.30000305175781,71.37999725341797,71.27010345458984,71.37999725341797,2324,0.0,0.0,2023-06-27
511,2023-06-27 13:14:00-04:00,71.49500274658203,71.5,71.41999816894531,71.41999816894531,3086,0.0,0.0,2023-06-27
512,2023-06-27 13:15:00-04:00,71.3499984741211,71.4000015258789,71.29000091552734,71.37000274658203,4704,0.0,0.0,2023-06-27
513,2023-06-27 13:16:00-04:00,71.44999694824219,71.51000213623047,71.44000244140625,71.44000244140625,2998,0.0,0.0,2023-06-27
514,2023-06-27 13:18:00-04:00,71.39559936523438,71.39559936523438,71.39559936523438,71.39559936523438,1035,0.0,0.0,2023-06-27
515,2023-06-27 13:19:00-04:00,71.55000305175781,71.55000305175781,71.41000366210938,71.54000091552734,3251,0.0,0.0,2023-06-27
516,2023-06-27 13:20:00-04:00,71.51000213623047,71.63999938964844,71.51000213623047,71.58999633789062,4429,0.0,0.0,2023-06-27
517,2023-06-27 13:21:00-04:00,71.53009796142578,71.6500015258789,71.53009796142578,71.57009887695312,2722,0.0,0.0,2023-06-27
518,2023-06-27 13:22:00-04:00,71.69000244140625,71.69999694824219,71.63500213623047,71.69999694824219,1725,0.0,0.0,2023-06-27
519,2023-06-27 13:23:00-04:00,71.69999694824219,71.72000122070312,71.67500305175781,71.67500305175781,656,0.0,0.0,2023-06-27
520,2023-06-27 13:24:00-04:00,71.68499755859375,71.72000122070312,71.5,71.5,14782,0.0,0.0,2023-06-27
521,2023-06-27 13:25:00-04:00,71.5,71.5999984741211,71.44999694824219,71.47000122070312,27498,0.0,0.0,2023-06-27
522,2023-06-27 13:26:00-04:00,71.51000213623047,71.5999984741211,71.47000122070312,71.5,8181,0.0,0.0,2023-06-27
523,2023-06-27 13:27:00-04:00,71.51000213623047,71.55000305175781,71.46499633789062,71.51000213623047,3984,0.0,0.0,2023-06-27
524,2023-06-27 13:28:00-04:00,71.51000213623047,71.68000030517578,71.51000213623047,71.63500213623047,4231,0.0,0.0,2023-06-27
525,2023-06-27 13:29:00-04:00,71.63500213623047,71.63500213623047,71.4000015258789,71.55000305175781,9876,0.0,0.0,2023-06-27
526,2023-06-27 13:30:00-04:00,71.5199966430664,71.62000274658203,71.47799682617188,71.62000274658203,2276,0.0,0.0,2023-06-27
527,2023-06-27 13:31:00-04:00,71.56999969482422,71.63999938964844,71.55000305175781,71.63999938964844,2635,0.0,0.0,2023-06-27
528,2023-06-27 13:32:00-04:00,71.58999633789062,71.62999725341797,71.58000183105469,71.62999725341797,719,0.0,0.0,2023-06-27
529,2023-06-27 13:33:00-04:00,71.66000366210938,71.72000122070312,71.60009765625,71.72000122070312,2206,0.0,0.0,2023-06-27
530,2023-06-27 13:34:00-04:00,71.72000122070312,71.7699966430664,71.72000122070312,71.7699966430664,1022,0.0,0.0,2023-06-27
531,2023-06-27 13:35:00-04:00,71.76000213623047,71.83999633789062,71.76000213623047,71.7699966430664,1507,0.0,0.0,2023-06-27
532,2023-06-27 13:36:00-04:00,71.83000183105469,71.83000183105469,71.83000183105469,71.83000183105469,464,0.0,0.0,2023-06-27
533,2023-06-27 13:37:00-04:00,71.81999969482422,71.83000183105469,71.81999969482422,71.83000183105469,654,0.0,0.0,2023-06-27
534,2023-06-27 13:38:00-04:00,71.7750015258789,71.7750015258789,71.7750015258789,71.7750015258789,1176,0.0,0.0,2023-06-27
535,2023-06-27 13:39:00-04:00,71.83000183105469,71.87000274658203,71.80999755859375,71.87000274658203,1486,0.0,0.0,2023-06-27
536,2023-06-27 13:40:00-04:00,71.86000061035156,71.93499755859375,71.80999755859375,71.8499984741211,4349,0.0,0.0,2023-06-27
537,2023-06-27 13:41:00-04:00,71.80000305175781,71.80000305175781,71.80000305175781,71.80000305175781,297,0.0,0.0,2023-06-27
538,2023-06-27 13:42:00-04:00,71.8499984741211,71.8499984741211,71.83999633789062,71.8499984741211,849,0.0,0.0,2023-06-27
539,2023-06-27 13:43:00-04:00,71.91000366210938,71.91000366210938,71.91000366210938,71.91000366210938,595,0.0,0.0,2023-06-27
540,2023-06-27 13:45:00-04:00,71.88500213623047,71.88500213623047,71.88500213623047,71.88500213623047,321,0.0,0.0,2023-06-27
541,2023-06-27 13:46:00-04:00,71.90499877929688,71.90499877929688,71.83999633789062,71.86000061035156,744,0.0,0.0,2023-06-27
542,2023-06-27 13:47:00-04:00,71.80999755859375,71.80999755859375,71.75,71.75,2178,0.0,0.0,2023-06-27
543,2023-06-27 13:48:00-04:00,71.83999633789062,71.83999633789062,71.83999633789062,71.83999633789062,279,0.0,0.0,2023-06-27
544,2023-06-27 13:49:00-04:00,71.83000183105469,71.87999725341797,71.83000183105469,71.87999725341797,932,0.0,0.0,2023-06-27
545,2023-06-27 13:50:00-04:00,71.88999938964844,71.94000244140625,71.88999938964844,71.94000244140625,235,0.0,0.0,2023-06-27
546,2023-06-27 13:51:00-04:00,71.87000274658203,71.87000274658203,71.87000274658203,71.87000274658203,730,0.0,0.0,2023-06-27
547,2023-06-27 13:52:00-04:00,71.94000244140625,71.94000244140625,71.87010192871094,71.94000244140625,1073,0.0,0.0,2023-06-27
548,2023-06-27 13:53:00-04:00,71.90010070800781,72.0,71.90010070800781,72.0,2047,0.0,0.0,2023-06-27
549,2023-06-27 13:54:00-04:00,72.0,72.05000305175781,72.0,72.01499938964844,1941,0.0,0.0,2023-06-27
550,2023-06-27 13:55:00-04:00,72.06990051269531,72.06990051269531,71.9800033569336,71.9800033569336,3018,0.0,0.0,2023-06-27
551,2023-06-27 13:56:00-04:00,72.0,72.0,72.0,72.0,1254,0.0,0.0,2023-06-27
552,2023-06-27 13:57:00-04:00,71.9000015258789,71.9000015258789,71.9000015258789,71.9000015258789,1151,0.0,0.0,2023-06-27
553,2023-06-27 13:58:00-04:00,71.87000274658203,71.9000015258789,71.83000183105469,71.83000183105469,2242,0.0,0.0,2023-06-27
554,2023-06-27 13:59:00-04:00,71.86000061035156,71.9000015258789,71.86000061035156,71.9000015258789,827,0.0,0.0,2023-06-27
555,2023-06-27 14:01:00-04:00,71.875,71.875,71.875,71.875,506,0.0,0.0,2023-06-27
556,2023-06-27 14:02:00-04:00,71.86000061035156,71.86000061035156,71.86000061035156,71.86000061035156,1212,0.0,0.0,2023-06-27
557,2023-06-27 14:03:00-04:00,71.83000183105469,71.83000183105469,71.83000183105469,71.83000183105469,340,0.0,0.0,2023-06-27
558,2023-06-27 14:04:00-04:00,71.80999755859375,71.83499908447266,71.80000305175781,71.80000305175781,1845,0.0,0.0,2023-06-27
559,2023-06-27 14:05:00-04:00,71.80000305175781,71.86499786376953,71.80000305175781,71.86499786376953,2346,0.0,0.0,2023-06-27
560,2023-06-27 14:06:00-04:00,71.91999816894531,71.95999908447266,71.91999816894531,71.95999908447266,307,0.0,0.0,2023-06-27
561,2023-06-27 14:07:00-04:00,71.90499877929688,71.90499877929688,71.90499877929688,71.90499877929688,540,0.0,0.0,2023-06-27
562,2023-06-27 14:08:00-04:00,71.91000366210938,71.93000030517578,71.91000366210938,71.93000030517578,1803,0.0,0.0,2023-06-27
563,2023-06-27 14:09:00-04:00,71.92500305175781,71.92500305175781,71.91999816894531,71.91999816894531,251,0.0,0.0,2023-06-27
564,2023-06-27 14:10:00-04:00,71.8949966430664,71.8949966430664,71.8499984741211,71.87000274658203,1221,0.0,0.0,2023-06-27
565,2023-06-27 14:11:00-04:00,71.87969970703125,71.87969970703125,71.87969970703125,71.87969970703125,225,0.0,0.0,2023-06-27
566,2023-06-27 14:12:00-04:00,71.8499984741211,71.8499984741211,71.83999633789062,71.83999633789062,885,0.0,0.0,2023-06-27
567,2023-06-27 14:13:00-04:00,71.80999755859375,71.80999755859375,71.77999877929688,71.80999755859375,3066,0.0,0.0,2023-06-27
568,2023-06-27 14:14:00-04:00,71.83999633789062,71.91999816894531,71.83999633789062,71.91999816894531,1067,0.0,0.0,2023-06-27
569,2023-06-27 14:15:00-04:00,71.875,71.94999694824219,71.875,71.9000015258789,3496,0.0,0.0,2023-06-27
570,2023-06-27 14:16:00-04:00,71.94000244140625,71.9800033569336,71.87000274658203,71.87000274658203,2805,0.0,0.0,2023-06-27
571,2023-06-27 14:17:00-04:00,71.87000274658203,71.91999816894531,71.87000274658203,71.91999816894531,1315,0.0,0.0,2023-06-27
572,2023-06-27 14:18:00-04:00,71.94999694824219,72.0,71.94999694824219,72.0,1292,0.0,0.0,2023-06-27
573,2023-06-27 14:19:00-04:00,71.97010040283203,72.11499786376953,71.97010040283203,72.06999969482422,4261,0.0,0.0,2023-06-27
574,2023-06-27 14:22:00-04:00,72.04000091552734,72.06999969482422,72.04000091552734,72.06500244140625,1178,0.0,0.0,2023-06-27
575,2023-06-27 14:23:00-04:00,72.0999984741211,72.16999816894531,72.0999984741211,72.16999816894531,1199,0.0,0.0,2023-06-27
576,2023-06-27 14:24:00-04:00,72.10679626464844,72.16999816894531,72.04000091552734,72.08999633789062,5095,0.0,0.0,2023-06-27
577,2023-06-27 14:25:00-04:00,72.12999725341797,72.12999725341797,72.12999725341797,72.12999725341797,453,0.0,0.0,2023-06-27
578,2023-06-27 14:26:00-04:00,72.12999725341797,72.16000366210938,72.12999725341797,72.16000366210938,710,0.0,0.0,2023-06-27
579,2023-06-27 14:27:00-04:00,72.18000030517578,72.18000030517578,72.05000305175781,72.05000305175781,20812,0.0,0.0,2023-06-27
580,2023-06-27 14:28:00-04:00,72.05000305175781,72.06999969482422,72.03500366210938,72.06999969482422,2471,0.0,0.0,2023-06-27
581,2023-06-27 14:29:00-04:00,72.04389953613281,72.04389953613281,71.9800033569336,71.9800033569336,1294,0.0,0.0,2023-06-27
582,2023-06-27 14:30:00-04:00,71.98500061035156,71.98500061035156,71.94000244140625,71.94999694824219,2544,0.0,0.0,2023-06-27
583,2023-06-27 14:31:00-04:00,71.94000244140625,71.95999908447266,71.94000244140625,71.95130157470703,1460,0.0,0.0,2023-06-27
584,2023-06-27 14:32:00-04:00,71.94000244140625,71.94000244140625,71.91000366210938,71.91999816894531,2140,0.0,0.0,2023-06-27
585,2023-06-27 14:33:00-04:00,71.93000030517578,71.98500061035156,71.93000030517578,71.97000122070312,996,0.0,0.0,2023-06-27
586,2023-06-27 14:34:00-04:00,72.01000213623047,72.02999877929688,71.9801025390625,71.9801025390625,1551,0.0,0.0,2023-06-27
587,2023-06-27 14:35:00-04:00,72.0250015258789,72.05999755859375,71.9800033569336,71.9800033569336,1184,0.0,0.0,2023-06-27
588,2023-06-27 14:36:00-04:00,72.08460235595703,72.08460235595703,72.08460235595703,72.08460235595703,595,0.0,0.0,2023-06-27
589,2023-06-27 14:37:00-04:00,72.0250015258789,72.05999755859375,72.0250015258789,72.04499816894531,862,0.0,0.0,2023-06-27
590,2023-06-27 14:38:00-04:00,72.07499694824219,72.08999633789062,72.07499694824219,72.08999633789062,720,0.0,0.0,2023-06-27
591,2023-06-27 14:39:00-04:00,72.08999633789062,72.08999633789062,72.08999633789062,72.08999633789062,506,0.0,0.0,2023-06-27
592,2023-06-27 14:40:00-04:00,72.08999633789062,72.08999633789062,72.08000183105469,72.08000183105469,244,0.0,0.0,2023-06-27
593,2023-06-27 14:41:00-04:00,72.08529663085938,72.08529663085938,72.04000091552734,72.04000091552734,1838,0.0,0.0,2023-06-27
594,2023-06-27 14:43:00-04:00,72.05999755859375,72.05999755859375,72.0199966430664,72.0199966430664,551,0.0,0.0,2023-06-27
595,2023-06-27 14:44:00-04:00,72.09989929199219,72.09989929199219,72.09989929199219,72.09989929199219,377,0.0,0.0,2023-06-27
596,2023-06-27 14:46:00-04:00,72.05500030517578,72.05500030517578,71.9800033569336,71.9800033569336,2153,0.0,0.0,2023-06-27
597,2023-06-27 14:47:00-04:00,71.9800033569336,71.9800033569336,71.88999938964844,71.90499877929688,3645,0.0,0.0,2023-06-27
598,2023-06-27 14:48:00-04:00,71.93000030517578,71.97000122070312,71.93000030517578,71.97000122070312,1578,0.0,0.0,2023-06-27
599,2023-06-27 14:49:00-04:00,72.05999755859375,72.05999755859375,72.0,72.0,883,0.0,0.0,2023-06-27
600,2023-06-27 14:51:00-04:00,72.02999877929688,72.05999755859375,71.98999786376953,72.04000091552734,1723,0.0,0.0,2023-06-27
601,2023-06-27 14:52:00-04:00,72.01499938964844,72.01499938964844,71.94999694824219,71.94999694824219,956,0.0,0.0,2023-06-27
602,2023-06-27 14:53:00-04:00,71.94000244140625,71.94999694824219,71.91999816894531,71.91999816894531,1693,0.0,0.0,2023-06-27
603,2023-06-27 14:55:00-04:00,71.89399719238281,71.91000366210938,71.86000061035156,71.88500213623047,1977,0.0,0.0,2023-06-27
604,2023-06-27 14:56:00-04:00,71.87999725341797,71.88500213623047,71.86000061035156,71.88500213623047,812,0.0,0.0,2023-06-27
605,2023-06-27 14:57:00-04:00,71.88999938964844,71.89649963378906,71.86000061035156,71.86000061035156,1351,0.0,0.0,2023-06-27
606,2023-06-27 14:58:00-04:00,71.8499984741211,71.8499984741211,71.81999969482422,71.81999969482422,1613,0.0,0.0,2023-06-27
607,2023-06-27 14:59:00-04:00,71.81999969482422,71.81999969482422,71.80000305175781,71.80000305175781,1259,0.0,0.0,2023-06-27
608,2023-06-27 15:00:00-04:00,71.79499816894531,71.79499816894531,71.7699966430664,71.7699966430664,1433,0.0,0.0,2023-06-27
609,2023-06-27 15:01:00-04:00,71.74500274658203,71.77999877929688,71.74500274658203,71.76000213623047,1592,0.0,0.0,2023-06-27
610,2023-06-27 15:02:00-04:00,71.74500274658203,71.74500274658203,71.72000122070312,71.72000122070312,946,0.0,0.0,2023-06-27
611,2023-06-27 15:03:00-04:00,71.71299743652344,71.7249984741211,71.69999694824219,71.69999694824219,1884,0.0,0.0,2023-06-27
612,2023-06-27 15:04:00-04:00,71.72000122070312,71.7699966430664,71.69999694824219,71.76000213623047,3826,0.0,0.0,2023-06-27
613,2023-06-27 15:05:00-04:00,71.75,71.75,71.75,71.75,887,0.0,0.0,2023-06-27
614,2023-06-27 15:08:00-04:00,71.73999786376953,71.75,71.69999694824219,71.69999694824219,1413,0.0,0.0,2023-06-27
615,2023-06-27 15:10:00-04:00,71.69999694824219,71.69999694824219,71.69999694824219,71.69999694824219,562,0.0,0.0,2023-06-27
616,2023-06-27 15:11:00-04:00,71.68000030517578,71.68009948730469,71.62000274658203,71.62000274658203,3477,0.0,0.0,2023-06-27
617,2023-06-27 15:12:00-04:00,71.62000274658203,71.62000274658203,71.62000274658203,71.62000274658203,588,0.0,0.0,2023-06-27
618,2023-06-27 15:13:00-04:00,71.58999633789062,71.62000274658203,71.58999633789062,71.62000274658203,1344,0.0,0.0,2023-06-27
619,2023-06-27 15:14:00-04:00,71.62999725341797,71.6449966430664,71.62999725341797,71.6449966430664,1626,0.0,0.0,2023-06-27
620,2023-06-27 15:15:00-04:00,71.6449966430664,71.6449966430664,71.6449966430664,71.6449966430664,564,0.0,0.0,2023-06-27
621,2023-06-27 15:16:00-04:00,71.61699676513672,71.61699676513672,71.61699676513672,71.61699676513672,226,0.0,0.0,2023-06-27
622,2023-06-27 15:17:00-04:00,71.68000030517578,71.68000030517578,71.58000183105469,71.58000183105469,3953,0.0,0.0,2023-06-27
623,2023-06-27 15:18:00-04:00,71.56999969482422,71.63999938964844,71.52999877929688,71.52999877929688,6232,0.0,0.0,2023-06-27
624,2023-06-27 15:19:00-04:00,71.52999877929688,71.56999969482422,71.4800033569336,71.5,7054,0.0,0.0,2023-06-27
625,2023-06-27 15:20:00-04:00,71.5,71.50499725341797,71.44999694824219,71.45999908447266,4593,0.0,0.0,2023-06-27
626,2023-06-27 15:21:00-04:00,71.44999694824219,71.61499786376953,71.44000244140625,71.6050033569336,6360,0.0,0.0,2023-06-27
627,2023-06-27 15:22:00-04:00,71.5199966430664,71.55000305175781,71.37999725341797,71.3833999633789,18162,0.0,0.0,2023-06-27
628,2023-06-27 15:23:00-04:00,71.3499984741211,71.42330169677734,71.3499984741211,71.38500213623047,10554,0.0,0.0,2023-06-27
629,2023-06-27 15:24:00-04:00,71.41000366210938,71.54499816894531,71.375,71.51499938964844,9194,0.0,0.0,2023-06-27
630,2023-06-27 15:25:00-04:00,71.5,71.5199966430664,71.46499633789062,71.5,5426,0.0,0.0,2023-06-27
631,2023-06-27 15:26:00-04:00,71.5,71.54000091552734,71.5,71.5,9029,0.0,0.0,2023-06-27
632,2023-06-27 15:27:00-04:00,71.5,71.51000213623047,71.48999786376953,71.5,5198,0.0,0.0,2023-06-27
633,2023-06-27 15:28:00-04:00,71.51000213623047,71.54000091552734,71.48999786376953,71.48999786376953,5113,0.0,0.0,2023-06-27
634,2023-06-27 15:29:00-04:00,71.50499725341797,71.50499725341797,71.48999786376953,71.48999786376953,1100,0.0,0.0,2023-06-27
635,2023-06-27 15:30:00-04:00,71.47000122070312,71.47000122070312,71.33499908447266,71.33499908447266,11693,0.0,0.0,2023-06-27
636,2023-06-27 15:31:00-04:00,71.33499908447266,71.42500305175781,71.25,71.26000213623047,10787,0.0,0.0,2023-06-27
637,2023-06-27 15:32:00-04:00,71.26499938964844,71.48999786376953,71.26000213623047,71.48999786376953,6064,0.0,0.0,2023-06-27
638,2023-06-27 15:33:00-04:00,71.54000091552734,71.54000091552734,71.54000091552734,71.54000091552734,554,0.0,0.0,2023-06-27
639,2023-06-27 15:34:00-04:00,71.55999755859375,71.68000030517578,71.5,71.68000030517578,2852,0.0,0.0,2023-06-27
640,2023-06-27 15:35:00-04:00,71.66999816894531,71.75499725341797,71.5,71.5,7307,0.0,0.0,2023-06-27
641,2023-06-27 15:36:00-04:00,71.47000122070312,71.5250015258789,71.4000015258789,71.4000015258789,4124,0.0,0.0,2023-06-27
642,2023-06-27 15:38:00-04:00,71.3499984741211,71.39250183105469,71.3499984741211,71.37999725341797,1042,0.0,0.0,2023-06-27
643,2023-06-27 15:39:00-04:00,71.43000030517578,71.44000244140625,71.23999786376953,71.23999786376953,7148,0.0,0.0,2023-06-27
644,2023-06-27 15:40:00-04:00,71.22000122070312,71.45500183105469,71.22000122070312,71.3499984741211,6857,0.0,0.0,2023-06-27
645,2023-06-27 15:41:00-04:00,71.36000061035156,71.44000244140625,71.3499984741211,71.41000366210938,1293,0.0,0.0,2023-06-27
646,2023-06-27 15:42:00-04:00,71.41500091552734,71.41999816894531,71.37999725341797,71.38999938964844,2292,0.0,0.0,2023-06-27
647,2023-06-27 15:43:00-04:00,71.44000244140625,71.44999694824219,71.38999938964844,71.42500305175781,2551,0.0,0.0,2023-06-27
648,2023-06-27 15:44:00-04:00,71.44999694824219,71.55000305175781,71.44999694824219,71.5199966430664,5316,0.0,0.0,2023-06-27
649,2023-06-27 15:45:00-04:00,71.4800033569336,71.51000213623047,71.17109680175781,71.2300033569336,30305,0.0,0.0,2023-06-27
650,2023-06-27 15:46:00-04:00,71.2249984741211,71.30000305175781,71.19999694824219,71.23500061035156,15666,0.0,0.0,2023-06-27
651,2023-06-27 15:47:00-04:00,71.23500061035156,71.25,71.22000122070312,71.2300033569336,4499,0.0,0.0,2023-06-27
652,2023-06-27 15:48:00-04:00,71.19000244140625,71.26000213623047,71.19000244140625,71.21700286865234,5069,0.0,0.0,2023-06-27
653,2023-06-27 15:49:00-04:00,71.23500061035156,71.23500061035156,71.1500015258789,71.16500091552734,3214,0.0,0.0,2023-06-27
654,2023-06-27 15:50:00-04:00,71.1500015258789,71.2300033569336,71.1500015258789,71.18499755859375,6078,0.0,0.0,2023-06-27
655,2023-06-27 15:51:00-04:00,71.16999816894531,71.18000030517578,71.08000183105469,71.18000030517578,6544,0.0,0.0,2023-06-27
656,2023-06-27 15:52:00-04:00,71.16999816894531,71.19999694824219,70.95999908447266,70.98500061035156,14293,0.0,0.0,2023-06-27
657,2023-06-27 15:53:00-04:00,70.95999908447266,70.97000122070312,70.93000030517578,70.93000030517578,2542,0.0,0.0,2023-06-27
658,2023-06-27 15:54:00-04:00,70.94499969482422,71.0,70.94499969482422,71.0,4729,0.0,0.0,2023-06-27
659,2023-06-27 15:55:00-04:00,70.97000122070312,71.01000213623047,70.95999908447266,70.97000122070312,15599,0.0,0.0,2023-06-27
660,2023-06-27 15:56:00-04:00,70.94000244140625,70.94000244140625,70.91999816894531,70.93000030517578,5383,0.0,0.0,2023-06-27
661,2023-06-27 15:57:00-04:00,70.91999816894531,70.93000030517578,70.83999633789062,70.91999816894531,6934,0.0,0.0,2023-06-27
662,2023-06-27 15:58:00-04:00,70.93000030517578,71.00499725341797,70.91999816894531,70.98999786376953,12770,0.0,0.0,2023-06-27
663,2023-06-27 15:59:00-04:00,71.0,71.0199966430664,70.94999694824219,71.0,55032,0.0,0.0,2023-06-27
664,2023-06-28 09:30:00-04:00,71.0,71.0,71.0,71.0,6174,0.0,0.0,2023-06-28
665,2023-06-28 09:31:00-04:00,71.2699966430664,71.2699966430664,71.2699966430664,71.2699966430664,223,0.0,0.0,2023-06-28
666,2023-06-28 09:34:00-04:00,71.01000213623047,71.29000091552734,70.93499755859375,71.29000091552734,3650,0.0,0.0,2023-06-28
667,2023-06-28 09:35:00-04:00,71.33000183105469,71.3949966430664,71.29000091552734,71.3949966430664,570,0.0,0.0,2023-06-28
668,2023-06-28 09:37:00-04:00,71.27999877929688,71.32499694824219,71.27999877929688,71.32499694824219,426,0.0,0.0,2023-06-28
669,2023-06-28 09:38:00-04:00,71.45999908447266,71.45999908447266,71.45999908447266,71.45999908447266,630,0.0,0.0,2023-06-28
670,2023-06-28 09:39:00-04:00,71.66000366210938,71.66999816894531,71.62999725341797,71.66999816894531,1357,0.0,0.0,2023-06-28
671,2023-06-28 09:41:00-04:00,71.58000183105469,71.6050033569336,71.58000183105469,71.6050033569336,450,0.0,0.0,2023-06-28
672,2023-06-28 09:42:00-04:00,71.58000183105469,71.61000061035156,71.58000183105469,71.61000061035156,2078,0.0,0.0,2023-06-28
673,2023-06-28 09:45:00-04:00,71.47000122070312,71.47000122070312,71.47000122070312,71.47000122070312,534,0.0,0.0,2023-06-28
674,2023-06-28 09:46:00-04:00,71.58999633789062,71.5999984741211,71.58999633789062,71.5999984741211,362,0.0,0.0,2023-06-28
675,2023-06-28 09:47:00-04:00,71.62000274658203,71.69000244140625,71.56999969482422,71.56999969482422,1121,0.0,0.0,2023-06-28
676,2023-06-28 09:49:00-04:00,71.48500061035156,71.48500061035156,71.30000305175781,71.41000366210938,1013,0.0,0.0,2023-06-28
677,2023-06-28 09:50:00-04:00,71.22000122070312,71.2300033569336,71.11000061035156,71.22000122070312,693,0.0,0.0,2023-06-28
678,2023-06-28 09:51:00-04:00,71.22000122070312,71.2300033569336,71.22000122070312,71.2300033569336,785,0.0,0.0,2023-06-28
679,2023-06-28 09:53:00-04:00,71.27999877929688,71.27999877929688,71.27999877929688,71.27999877929688,171,0.0,0.0,2023-06-28
680,2023-06-28 09:54:00-04:00,71.45999908447266,71.45999908447266,71.45999908447266,71.45999908447266,324,0.0,0.0,2023-06-28
681,2023-06-28 09:55:00-04:00,71.57499694824219,71.61640167236328,71.5,71.5,2238,0.0,0.0,2023-06-28
682,2023-06-28 09:56:00-04:00,71.33100128173828,71.4000015258789,71.33000183105469,71.37000274658203,700,0.0,0.0,2023-06-28
683,2023-06-28 09:57:00-04:00,71.375,71.375,71.375,71.375,281,0.0,0.0,2023-06-28
684,2023-06-28 09:58:00-04:00,71.51000213623047,71.51000213623047,71.5,71.51000213623047,1131,0.0,0.0,2023-06-28
685,2023-06-28 09:59:00-04:00,71.36000061035156,71.36000061035156,71.36000061035156,71.36000061035156,482,0.0,0.0,2023-06-28
686,2023-06-28 10:00:00-04:00,71.36000061035156,71.5,71.33499908447266,71.5,992,0.0,0.0,2023-06-28
687,2023-06-28 10:07:00-04:00,71.44999694824219,71.44999694824219,71.44999694824219,71.44999694824219,655,0.0,0.0,2023-06-28
688,2023-06-28 10:08:00-04:00,71.27999877929688,71.31500244140625,71.12000274658203,71.19000244140625,2002,0.0,0.0,2023-06-28
689,2023-06-28 10:11:00-04:00,71.08000183105469,71.08000183105469,71.0199966430664,71.0199966430664,691,0.0,0.0,2023-06-28
690,2023-06-28 10:12:00-04:00,71.0,71.01000213623047,70.93000030517578,70.9800033569336,1091,0.0,0.0,2023-06-28
691,2023-06-28 10:13:00-04:00,71.0,71.0,70.95500183105469,70.95500183105469,724,0.0,0.0,2023-06-28
692,2023-06-28 10:14:00-04:00,70.77999877929688,70.77999877929688,70.7300033569336,70.73999786376953,568,0.0,0.0,2023-06-28
693,2023-06-28 10:16:00-04:00,70.84500122070312,70.84500122070312,70.84500122070312,70.84500122070312,392,0.0,0.0,2023-06-28
694,2023-06-28 10:17:00-04:00,70.69000244140625,70.76000213623047,70.63999938964844,70.63999938964844,978,0.0,0.0,2023-06-28
695,2023-06-28 10:18:00-04:00,70.63999938964844,70.63999938964844,70.51000213623047,70.51000213623047,1298,0.0,0.0,2023-06-28
696,2023-06-28 10:19:00-04:00,70.56999969482422,70.72000122070312,70.56999969482422,70.72000122070312,1464,0.0,0.0,2023-06-28
697,2023-06-28 10:20:00-04:00,70.76000213623047,70.7699966430664,70.76000213623047,70.7699966430664,904,0.0,0.0,2023-06-28
698,2023-06-28 10:21:00-04:00,70.75499725341797,70.75499725341797,70.69000244140625,70.69000244140625,855,0.0,0.0,2023-06-28
699,2023-06-28 10:22:00-04:00,70.70999908447266,70.70999908447266,70.70999908447266,70.70999908447266,241,0.0,0.0,2023-06-28
700,2023-06-28 10:23:00-04:00,70.72000122070312,70.72000122070312,70.62999725341797,70.70850372314453,2191,0.0,0.0,2023-06-28
701,2023-06-28 10:24:00-04:00,70.48999786376953,70.48999786376953,70.37999725341797,70.37999725341797,674,0.0,0.0,2023-06-28
702,2023-06-28 10:25:00-04:00,70.4000015258789,70.43000030517578,70.27999877929688,70.4000015258789,3897,0.0,0.0,2023-06-28
703,2023-06-28 10:26:00-04:00,70.37999725341797,70.41999816894531,70.36000061035156,70.36000061035156,1117,0.0,0.0,2023-06-28
704,2023-06-28 10:28:00-04:00,70.5199966430664,70.5999984741211,70.5199966430664,70.5999984741211,547,0.0,0.0,2023-06-28
705,2023-06-28 10:29:00-04:00,70.6500015258789,70.6500015258789,70.6500015258789,70.6500015258789,470,0.0,0.0,2023-06-28
706,2023-06-28 10:30:00-04:00,70.72000122070312,70.73999786376953,70.72000122070312,70.72000122070312,804,0.0,0.0,2023-06-28
707,2023-06-28 10:32:00-04:00,70.68000030517578,70.7020034790039,70.68000030517578,70.7020034790039,791,0.0,0.0,2023-06-28
708,2023-06-28 10:33:00-04:00,70.62000274658203,70.62000274658203,70.62000274658203,70.62000274658203,281,0.0,0.0,2023-06-28
709,2023-06-28 10:35:00-04:00,70.69999694824219,70.75499725341797,70.69999694824219,70.75499725341797,1342,0.0,0.0,2023-06-28
710,2023-06-28 10:36:00-04:00,70.69000244140625,70.69000244140625,70.69000244140625,70.69000244140625,276,0.0,0.0,2023-06-28
711,2023-06-28 10:37:00-04:00,70.71499633789062,70.71499633789062,70.71499633789062,70.71499633789062,181,0.0,0.0,2023-06-28
712,2023-06-28 10:39:00-04:00,70.76000213623047,70.8499984741211,70.74500274658203,70.8499984741211,1256,0.0,0.0,2023-06-28
713,2023-06-28 10:40:00-04:00,70.75,70.75,70.75,70.75,640,0.0,0.0,2023-06-28
714,2023-06-28 10:41:00-04:00,70.72000122070312,70.7699966430664,70.70999908447266,70.7699966430664,825,0.0,0.0,2023-06-28
715,2023-06-28 10:42:00-04:00,70.7699966430664,70.7699966430664,70.7699966430664,70.7699966430664,287,0.0,0.0,2023-06-28
716,2023-06-28 10:43:00-04:00,70.68000030517578,70.72000122070312,70.66000366210938,70.72000122070312,670,0.0,0.0,2023-06-28
717,2023-06-28 10:44:00-04:00,70.66000366210938,70.66000366210938,70.63999938964844,70.63999938964844,307,0.0,0.0,2023-06-28
718,2023-06-28 10:45:00-04:00,70.62999725341797,70.62999725341797,70.55999755859375,70.5999984741211,1093,0.0,0.0,2023-06-28
719,2023-06-28 10:46:00-04:00,70.4800033569336,70.48500061035156,70.4800033569336,70.48500061035156,278,0.0,0.0,2023-06-28
720,2023-06-28 10:47:00-04:00,70.55000305175781,70.55500030517578,70.55000305175781,70.55500030517578,738,0.0,0.0,2023-06-28
721,2023-06-28 10:49:00-04:00,70.51000213623047,70.51000213623047,70.51000213623047,70.51000213623047,200,0.0,0.0,2023-06-28
722,2023-06-28 10:50:00-04:00,70.48320007324219,70.48320007324219,70.48320007324219,70.48320007324219,373,0.0,0.0,2023-06-28
723,2023-06-28 10:51:00-04:00,70.48999786376953,70.48999786376953,70.36000061035156,70.36000061035156,1106,0.0,0.0,2023-06-28
724,2023-06-28 10:52:00-04:00,70.37000274658203,70.37999725341797,70.29000091552734,70.37999725341797,730,0.0,0.0,2023-06-28
725,2023-06-28 10:53:00-04:00,70.33000183105469,70.33000183105469,70.33000183105469,70.33000183105469,297,0.0,0.0,2023-06-28
726,2023-06-28 10:54:00-04:00,70.33499908447266,70.33499908447266,70.33499908447266,70.33499908447266,157,0.0,0.0,2023-06-28
727,2023-06-28 10:55:00-04:00,70.25,70.25,70.16999816894531,70.16999816894531,1667,0.0,0.0,2023-06-28
728,2023-06-28 10:56:00-04:00,70.16999816894531,70.2300033569336,70.12999725341797,70.2300033569336,1213,0.0,0.0,2023-06-28
729,2023-06-28 10:58:00-04:00,70.19000244140625,70.19000244140625,70.18000030517578,70.18000030517578,368,0.0,0.0,2023-06-28
730,2023-06-28 10:59:00-04:00,70.21499633789062,70.21499633789062,70.21499633789062,70.21499633789062,115,0.0,0.0,2023-06-28
731,2023-06-28 11:00:00-04:00,70.2249984741211,70.2249984741211,70.2249984741211,70.2249984741211,365,0.0,0.0,2023-06-28
732,2023-06-28 11:01:00-04:00,70.2750015258789,70.2750015258789,70.19000244140625,70.19999694824219,664,0.0,0.0,2023-06-28
733,2023-06-28 11:02:00-04:00,70.16999816894531,70.22019958496094,70.1500015258789,70.22019958496094,962,0.0,0.0,2023-06-28
734,2023-06-28 11:03:00-04:00,70.12000274658203,70.12000274658203,70.11000061035156,70.11000061035156,700,0.0,0.0,2023-06-28
735,2023-06-28 11:04:00-04:00,70.13500213623047,70.13999938964844,70.13500213623047,70.13999938964844,456,0.0,0.0,2023-06-28
736,2023-06-28 11:05:00-04:00,70.0999984741211,70.0999984741211,70.0999984741211,70.0999984741211,554,0.0,0.0,2023-06-28
737,2023-06-28 11:06:00-04:00,70.2300033569336,70.2300033569336,70.2300033569336,70.2300033569336,418,0.0,0.0,2023-06-28
738,2023-06-28 11:07:00-04:00,70.27999877929688,70.27999877929688,70.27999877929688,70.27999877929688,490,0.0,0.0,2023-06-28
739,2023-06-28 11:09:00-04:00,70.3499984741211,70.36499786376953,70.3499984741211,70.36499786376953,209,0.0,0.0,2023-06-28
740,2023-06-28 11:10:00-04:00,70.42500305175781,70.42500305175781,70.42500305175781,70.42500305175781,633,0.0,0.0,2023-06-28
741,2023-06-28 11:11:00-04:00,70.38999938964844,70.38999938964844,70.38999938964844,70.38999938964844,534,0.0,0.0,2023-06-28
742,2023-06-28 11:12:00-04:00,70.37999725341797,70.37999725341797,70.25,70.25,1401,0.0,0.0,2023-06-28
743,2023-06-28 11:13:00-04:00,70.21499633789062,70.21499633789062,70.21499633789062,70.21499633789062,362,0.0,0.0,2023-06-28
744,2023-06-28 11:14:00-04:00,70.19999694824219,70.25,70.19999694824219,70.19999694824219,571,0.0,0.0,2023-06-28
745,2023-06-28 11:15:00-04:00,70.1864013671875,70.1864013671875,70.13999938964844,70.13999938964844,1188,0.0,0.0,2023-06-28
746,2023-06-28 11:16:00-04:00,70.18499755859375,70.23999786376953,70.18499755859375,70.23999786376953,922,0.0,0.0,2023-06-28
747,2023-06-28 11:19:00-04:00,70.37000274658203,70.41500091552734,70.37000274658203,70.41500091552734,599,0.0,0.0,2023-06-28
748,2023-06-28 11:20:00-04:00,70.44499969482422,70.44499969482422,70.44499969482422,70.44499969482422,311,0.0,0.0,2023-06-28
749,2023-06-28 11:23:00-04:00,70.44499969482422,70.44499969482422,70.3499984741211,70.375,1513,0.0,0.0,2023-06-28
750,2023-06-28 11:24:00-04:00,70.36000061035156,70.38999938964844,70.36000061035156,70.38999938964844,237,0.0,0.0,2023-06-28
751,2023-06-28 11:25:00-04:00,70.37999725341797,70.37999725341797,70.37999725341797,70.37999725341797,166,0.0,0.0,2023-06-28
752,2023-06-28 11:26:00-04:00,70.3499984741211,70.3499984741211,70.3499984741211,70.3499984741211,254,0.0,0.0,2023-06-28
753,2023-06-28 11:27:00-04:00,70.3949966430664,70.3949966430664,70.3949966430664,70.3949966430664,165,0.0,0.0,2023-06-28
754,2023-06-28 11:29:00-04:00,70.45999908447266,70.45999908447266,70.36000061035156,70.36000061035156,824,0.0,0.0,2023-06-28
755,2023-06-28 11:30:00-04:00,70.41000366210938,70.41999816894531,70.3301010131836,70.3301010131836,1002,0.0,0.0,2023-06-28
756,2023-06-28 11:31:00-04:00,70.38500213623047,70.44000244140625,70.38500213623047,70.44000244140625,1148,0.0,0.0,2023-06-28
757,2023-06-28 11:32:00-04:00,70.47000122070312,70.51000213623047,70.47000122070312,70.51000213623047,336,0.0,0.0,2023-06-28
758,2023-06-28 11:33:00-04:00,70.50499725341797,70.50499725341797,70.50499725341797,70.50499725341797,130,0.0,0.0,2023-06-28
759,2023-06-28 11:34:00-04:00,70.5250015258789,70.58499908447266,70.5250015258789,70.52999877929688,478,0.0,0.0,2023-06-28
760,2023-06-28 11:35:00-04:00,70.58999633789062,70.58999633789062,70.42739868164062,70.42739868164062,2209,0.0,0.0,2023-06-28
761,2023-06-28 11:36:00-04:00,70.41500091552734,70.43000030517578,70.41500091552734,70.43000030517578,907,0.0,0.0,2023-06-28
762,2023-06-28 11:38:00-04:00,70.43000030517578,70.43000030517578,70.43000030517578,70.43000030517578,184,0.0,0.0,2023-06-28
763,2023-06-28 11:39:00-04:00,70.44499969482422,70.44499969482422,70.43499755859375,70.43499755859375,555,0.0,0.0,2023-06-28
764,2023-06-28 11:40:00-04:00,70.31009674072266,70.43499755859375,70.31009674072266,70.43000030517578,1071,0.0,0.0,2023-06-28
765,2023-06-28 11:42:00-04:00,70.43499755859375,70.48999786376953,70.4000015258789,70.48999786376953,1059,0.0,0.0,2023-06-28
766,2023-06-28 11:43:00-04:00,70.38999938964844,70.41000366210938,70.31999969482422,70.33000183105469,1548,0.0,0.0,2023-06-28
767,2023-06-28 11:44:00-04:00,70.33000183105469,70.33000183105469,70.27999877929688,70.27999877929688,692,0.0,0.0,2023-06-28
768,2023-06-28 11:45:00-04:00,70.2699966430664,70.2699966430664,70.2300033569336,70.2300033569336,461,0.0,0.0,2023-06-28
769,2023-06-28 11:46:00-04:00,70.30999755859375,70.30999755859375,70.29000091552734,70.29000091552734,667,0.0,0.0,2023-06-28
770,2023-06-28 11:47:00-04:00,70.375,70.41000366210938,70.375,70.41000366210938,954,0.0,0.0,2023-06-28
771,2023-06-28 11:49:00-04:00,70.41500091552734,70.41500091552734,70.41500091552734,70.41500091552734,245,0.0,0.0,2023-06-28
772,2023-06-28 11:50:00-04:00,70.43000030517578,70.43000030517578,70.36000061035156,70.36000061035156,1627,0.0,0.0,2023-06-28
773,2023-06-28 11:52:00-04:00,70.2699966430664,70.29000091552734,70.25749969482422,70.26000213623047,729,0.0,0.0,2023-06-28
774,2023-06-28 11:53:00-04:00,70.25,70.25,70.22000122070312,70.25,967,0.0,0.0,2023-06-28
775,2023-06-28 11:54:00-04:00,70.2249984741211,70.23999786376953,70.2249984741211,70.23999786376953,425,0.0,0.0,2023-06-28
776,2023-06-28 11:55:00-04:00,70.20999908447266,70.20999908447266,70.20999908447266,70.20999908447266,467,0.0,0.0,2023-06-28
777,2023-06-28 11:56:00-04:00,70.16000366210938,70.22000122070312,70.16000366210938,70.22000122070312,969,0.0,0.0,2023-06-28
778,2023-06-28 11:58:00-04:00,70.30000305175781,70.30599975585938,70.29000091552734,70.29000091552734,742,0.0,0.0,2023-06-28
779,2023-06-28 11:59:00-04:00,70.24500274658203,70.29000091552734,70.19999694824219,70.29000091552734,1024,0.0,0.0,2023-06-28
780,2023-06-28 12:01:00-04:00,70.36000061035156,70.36000061035156,70.36000061035156,70.36000061035156,180,0.0,0.0,2023-06-28
781,2023-06-28 12:02:00-04:00,70.30999755859375,70.30999755859375,70.2699966430664,70.27999877929688,866,0.0,0.0,2023-06-28
782,2023-06-28 12:03:00-04:00,70.3499984741211,70.3499984741211,70.26000213623047,70.26000213623047,1017,0.0,0.0,2023-06-28
783,2023-06-28 12:04:00-04:00,70.2750015258789,70.27999877929688,70.2750015258789,70.27999877929688,640,0.0,0.0,2023-06-28
784,2023-06-28 12:05:00-04:00,70.2300033569336,70.2300033569336,70.2300033569336,70.2300033569336,381,0.0,0.0,2023-06-28
785,2023-06-28 12:07:00-04:00,70.19039916992188,70.19039916992188,70.19039916992188,70.19039916992188,559,0.0,0.0,2023-06-28
786,2023-06-28 12:08:00-04:00,70.30000305175781,70.32499694824219,70.30000305175781,70.32499694824219,659,0.0,0.0,2023-06-28
787,2023-06-28 12:10:00-04:00,70.27999877929688,70.27999877929688,70.27999877929688,70.27999877929688,947,0.0,0.0,2023-06-28
788,2023-06-28 12:11:00-04:00,70.31999969482422,70.31999969482422,70.31999969482422,70.31999969482422,417,0.0,0.0,2023-06-28
789,2023-06-28 12:12:00-04:00,70.36499786376953,70.36499786376953,70.36499786376953,70.36499786376953,263,0.0,0.0,2023-06-28
790,2023-06-28 12:13:00-04:00,70.37000274658203,70.37000274658203,70.37000274658203,70.37000274658203,243,0.0,0.0,2023-06-28
791,2023-06-28 12:14:00-04:00,70.37999725341797,70.41999816894531,70.37999725341797,70.41999816894531,436,0.0,0.0,2023-06-28
792,2023-06-28 12:15:00-04:00,70.37000274658203,70.37000274658203,70.3499984741211,70.3499984741211,241,0.0,0.0,2023-06-28
793,2023-06-28 12:16:00-04:00,70.36000061035156,70.36000061035156,70.3499984741211,70.3499984741211,820,0.0,0.0,2023-06-28
794,2023-06-28 12:17:00-04:00,70.3949966430664,70.43000030517578,70.3949966430664,70.43000030517578,795,0.0,0.0,2023-06-28
795,2023-06-28 12:20:00-04:00,70.36000061035156,70.37000274658203,70.36000061035156,70.37000274658203,324,0.0,0.0,2023-06-28
796,2023-06-28 12:21:00-04:00,70.41999816894531,70.41999816894531,70.41999816894531,70.41999816894531,291,0.0,0.0,2023-06-28
797,2023-06-28 12:23:00-04:00,70.47000122070312,70.47000122070312,70.47000122070312,70.47000122070312,299,0.0,0.0,2023-06-28
798,2023-06-28 12:26:00-04:00,70.45999908447266,70.51000213623047,70.41000366210938,70.41000366210938,1982,0.0,0.0,2023-06-28
799,2023-06-28 12:27:00-04:00,70.4000015258789,70.4000015258789,70.37000274658203,70.37000274658203,786,0.0,0.0,2023-06-28
800,2023-06-28 12:29:00-04:00,70.25,70.30999755859375,70.25,70.27999877929688,692,0.0,0.0,2023-06-28
801,2023-06-28 12:30:00-04:00,70.28500366210938,70.28500366210938,70.28500366210938,70.28500366210938,101,0.0,0.0,2023-06-28
802,2023-06-28 12:31:00-04:00,70.28500366210938,70.31999969482422,70.28500366210938,70.31999969482422,263,0.0,0.0,2023-06-28
803,2023-06-28 12:32:00-04:00,70.29000091552734,70.29499816894531,70.29000091552734,70.29499816894531,419,0.0,0.0,2023-06-28
804,2023-06-28 12:34:00-04:00,70.33999633789062,70.33999633789062,70.30999755859375,70.31500244140625,542,0.0,0.0,2023-06-28
805,2023-06-28 12:36:00-04:00,70.31999969482422,70.33000183105469,70.31999969482422,70.33000183105469,1421,0.0,0.0,2023-06-28
806,2023-06-28 12:38:00-04:00,70.25,70.25,70.25,70.25,522,0.0,0.0,2023-06-28
807,2023-06-28 12:39:00-04:00,70.25,70.25,70.22000122070312,70.23999786376953,1542,0.0,0.0,2023-06-28
808,2023-06-28 12:40:00-04:00,70.19999694824219,70.22000122070312,70.19999694824219,70.22000122070312,645,0.0,0.0,2023-06-28
809,2023-06-28 12:41:00-04:00,70.25,70.2699966430664,70.20999908447266,70.2699966430664,819,0.0,0.0,2023-06-28
810,2023-06-28 12:43:00-04:00,70.2300033569336,70.2300033569336,70.18499755859375,70.18499755859375,1172,0.0,0.0,2023-06-28
811,2023-06-28 12:44:00-04:00,70.0999984741211,70.0999984741211,70.0999984741211,70.0999984741211,520,0.0,0.0,2023-06-28
812,2023-06-28 12:45:00-04:00,70.08000183105469,70.08000183105469,70.0199966430664,70.0199966430664,1225,0.0,0.0,2023-06-28
813,2023-06-28 12:46:00-04:00,70.07499694824219,70.07499694824219,70.07499694824219,70.07499694824219,533,0.0,0.0,2023-06-28
814,2023-06-28 12:49:00-04:00,70.13999938964844,70.13999938964844,70.11000061035156,70.11000061035156,684,0.0,0.0,2023-06-28
815,2023-06-28 12:50:00-04:00,70.05000305175781,70.06999969482422,70.05000305175781,70.06999969482422,686,0.0,0.0,2023-06-28
816,2023-06-28 12:51:00-04:00,70.06999969482422,70.06999969482422,70.06999969482422,70.06999969482422,569,0.0,0.0,2023-06-28
817,2023-06-28 12:53:00-04:00,70.06999969482422,70.06999969482422,70.05000305175781,70.05000305175781,712,0.0,0.0,2023-06-28
818,2023-06-28 12:54:00-04:00,70.05999755859375,70.05999755859375,70.05999755859375,70.05999755859375,121,0.0,0.0,2023-06-28
819,2023-06-28 12:55:00-04:00,70.04000091552734,70.04000091552734,70.0199966430664,70.0199966430664,1001,0.0,0.0,2023-06-28
820,2023-06-28 12:58:00-04:00,70.0999984741211,70.0999984741211,70.0999984741211,70.0999984741211,274,0.0,0.0,2023-06-28
821,2023-06-28 12:59:00-04:00,70.16000366210938,70.16000366210938,70.12000274658203,70.12000274658203,710,0.0,0.0,2023-06-28
822,2023-06-28 13:01:00-04:00,70.0999984741211,70.0999984741211,70.0999984741211,70.0999984741211,344,0.0,0.0,2023-06-28
823,2023-06-28 13:02:00-04:00,70.125,70.125,70.05999755859375,70.05999755859375,233,0.0,0.0,2023-06-28
824,2023-06-28 13:03:00-04:00,70.13999938964844,70.13999938964844,70.13999938964844,70.13999938964844,155,0.0,0.0,2023-06-28
825,2023-06-28 13:05:00-04:00,70.16000366210938,70.16000366210938,70.16000366210938,70.16000366210938,424,0.0,0.0,2023-06-28
826,2023-06-28 13:07:00-04:00,70.19999694824219,70.19999694824219,70.19999694824219,70.19999694824219,294,0.0,0.0,2023-06-28
827,2023-06-28 13:08:00-04:00,70.20999908447266,70.20999908447266,70.20999908447266,70.20999908447266,124,0.0,0.0,2023-06-28
828,2023-06-28 13:09:00-04:00,70.27999877929688,70.27999877929688,70.27999877929688,70.27999877929688,290,0.0,0.0,2023-06-28
829,2023-06-28 13:11:00-04:00,70.26000213623047,70.26000213623047,70.22750091552734,70.22750091552734,347,0.0,0.0,2023-06-28
830,2023-06-28 13:13:00-04:00,70.23999786376953,70.23999786376953,70.23999786376953,70.23999786376953,122,0.0,0.0,2023-06-28
831,2023-06-28 13:14:00-04:00,70.29000091552734,70.29000091552734,70.29000091552734,70.29000091552734,506,0.0,0.0,2023-06-28
832,2023-06-28 13:17:00-04:00,70.29000091552734,70.29000091552734,70.29000091552734,70.29000091552734,220,0.0,0.0,2023-06-28
833,2023-06-28 13:19:00-04:00,70.30999755859375,70.30999755859375,70.30999755859375,70.30999755859375,554,0.0,0.0,2023-06-28
834,2023-06-28 13:21:00-04:00,70.34500122070312,70.4000015258789,70.34500122070312,70.4000015258789,279,0.0,0.0,2023-06-28
835,2023-06-28 13:22:00-04:00,70.29000091552734,70.30000305175781,70.27999877929688,70.29000091552734,1483,0.0,0.0,2023-06-28
836,2023-06-28 13:23:00-04:00,70.29499816894531,70.29499816894531,70.29499816894531,70.29499816894531,219,0.0,0.0,2023-06-28
837,2023-06-28 13:25:00-04:00,70.25,70.25,70.22000122070312,70.25,652,0.0,0.0,2023-06-28
838,2023-06-28 13:26:00-04:00,70.22000122070312,70.27999877929688,70.22000122070312,70.27999877929688,520,0.0,0.0,2023-06-28
839,2023-06-28 13:27:00-04:00,70.30000305175781,70.30000305175781,70.30000305175781,70.30000305175781,356,0.0,0.0,2023-06-28
840,2023-06-28 13:30:00-04:00,70.3550033569336,70.3550033569336,70.3550033569336,70.3550033569336,256,0.0,0.0,2023-06-28
841,2023-06-28 13:31:00-04:00,70.36000061035156,70.36000061035156,70.33000183105469,70.33000183105469,981,0.0,0.0,2023-06-28
842,2023-06-28 13:32:00-04:00,70.27999877929688,70.30000305175781,70.27999877929688,70.27999877929688,1356,0.0,0.0,2023-06-28
843,2023-06-28 13:33:00-04:00,70.31999969482422,70.31999969482422,70.31999969482422,70.31999969482422,582,0.0,0.0,2023-06-28
844,2023-06-28 13:37:00-04:00,70.27999877929688,70.27999877929688,70.27999877929688,70.27999877929688,154,0.0,0.0,2023-06-28
845,2023-06-28 13:38:00-04:00,70.30000305175781,70.30000305175781,70.30000305175781,70.30000305175781,835,0.0,0.0,2023-06-28
846,2023-06-28 13:42:00-04:00,70.46499633789062,70.46499633789062,70.37000274658203,70.37999725341797,944,0.0,0.0,2023-06-28
847,2023-06-28 13:43:00-04:00,70.37999725341797,70.45500183105469,70.37999725341797,70.44000244140625,1498,0.0,0.0,2023-06-28
848,2023-06-28 13:46:00-04:00,70.41999816894531,70.41999816894531,70.3499984741211,70.3499984741211,1428,0.0,0.0,2023-06-28
849,2023-06-28 13:47:00-04:00,70.3550033569336,70.3550033569336,70.3499984741211,70.3499984741211,680,0.0,0.0,2023-06-28
850,2023-06-28 13:48:00-04:00,70.25499725341797,70.25499725341797,70.25499725341797,70.25499725341797,121,0.0,0.0,2023-06-28
851,2023-06-28 13:49:00-04:00,70.22000122070312,70.22000122070312,70.19000244140625,70.21499633789062,1067,0.0,0.0,2023-06-28
852,2023-06-28 13:50:00-04:00,70.16999816894531,70.22000122070312,70.16999816894531,70.19999694824219,579,0.0,0.0,2023-06-28
853,2023-06-28 13:51:00-04:00,70.25,70.25,70.25,70.25,245,0.0,0.0,2023-06-28
854,2023-06-28 13:52:00-04:00,70.24500274658203,70.24500274658203,70.24500274658203,70.24500274658203,183,0.0,0.0,2023-06-28
855,2023-06-28 13:55:00-04:00,70.23999786376953,70.23999786376953,70.23999786376953,70.23999786376953,189,0.0,0.0,2023-06-28
856,2023-06-28 13:57:00-04:00,70.2300033569336,70.26000213623047,70.2300033569336,70.26000213623047,223,0.0,0.0,2023-06-28
857,2023-06-28 13:58:00-04:00,70.16000366210938,70.20999908447266,70.15499877929688,70.20999908447266,1566,0.0,0.0,2023-06-28
858,2023-06-28 13:59:00-04:00,70.2699966430664,70.2699966430664,70.16999816894531,70.16999816894531,891,0.0,0.0,2023-06-28
859,2023-06-28 14:00:00-04:00,70.16999816894531,70.16999816894531,70.16999816894531,70.16999816894531,202,0.0,0.0,2023-06-28
860,2023-06-28 14:01:00-04:00,70.16999816894531,70.16999816894531,70.0999984741211,70.1050033569336,2044,0.0,0.0,2023-06-28
861,2023-06-28 14:04:00-04:00,70.02999877929688,70.02999877929688,70.02999877929688,70.02999877929688,328,0.0,0.0,2023-06-28
862,2023-06-28 14:05:00-04:00,70.05999755859375,70.08999633789062,70.04000091552734,70.06500244140625,1302,0.0,0.0,2023-06-28
863,2023-06-28 14:07:00-04:00,70.0999984741211,70.1050033569336,70.05000305175781,70.07499694824219,4092,0.0,0.0,2023-06-28
864,2023-06-28 14:08:00-04:00,70.06999969482422,70.16999816894531,70.06999969482422,70.1050033569336,1145,0.0,0.0,2023-06-28
865,2023-06-28 14:09:00-04:00,70.0999984741211,70.1050033569336,70.08000183105469,70.08000183105469,1948,0.0,0.0,2023-06-28
866,2023-06-28 14:10:00-04:00,70.0999984741211,70.0999984741211,70.0999984741211,70.0999984741211,311,0.0,0.0,2023-06-28
867,2023-06-28 14:11:00-04:00,70.10250091552734,70.10250091552734,70.0999984741211,70.0999984741211,553,0.0,0.0,2023-06-28
868,2023-06-28 14:12:00-04:00,70.0999984741211,70.12000274658203,70.0999984741211,70.0999984741211,5604,0.0,0.0,2023-06-28
869,2023-06-28 14:13:00-04:00,70.0999984741211,70.0999984741211,70.08499908447266,70.08999633789062,1806,0.0,0.0,2023-06-28
870,2023-06-28 14:15:00-04:00,70.06999969482422,70.06999969482422,70.06999969482422,70.06999969482422,142,0.0,0.0,2023-06-28
871,2023-06-28 14:16:00-04:00,70.06999969482422,70.06999969482422,70.06999969482422,70.06999969482422,620,0.0,0.0,2023-06-28
872,2023-06-28 14:17:00-04:00,70.0999984741211,70.1050033569336,70.08999633789062,70.0999984741211,919,0.0,0.0,2023-06-28
873,2023-06-28 14:18:00-04:00,70.0999984741211,70.12000274658203,70.08499908447266,70.08999633789062,2504,0.0,0.0,2023-06-28
874,2023-06-28 14:19:00-04:00,70.08499908447266,70.0999984741211,70.08499908447266,70.08999633789062,1126,0.0,0.0,2023-06-28
875,2023-06-28 14:22:00-04:00,70.11000061035156,70.11000061035156,70.0999984741211,70.0999984741211,772,0.0,0.0,2023-06-28
876,2023-06-28 14:23:00-04:00,70.11000061035156,70.11000061035156,70.07499694824219,70.0999984741211,1726,0.0,0.0,2023-06-28
877,2023-06-28 14:24:00-04:00,70.0999984741211,70.11499786376953,70.08000183105469,70.0999984741211,2067,0.0,0.0,2023-06-28
878,2023-06-28 14:25:00-04:00,70.1050033569336,70.1050033569336,70.0999984741211,70.0999984741211,2429,0.0,0.0,2023-06-28
879,2023-06-28 14:26:00-04:00,70.0999984741211,70.1050033569336,70.08999633789062,70.1050033569336,1799,0.0,0.0,2023-06-28
880,2023-06-28 14:27:00-04:00,70.11000061035156,70.11000061035156,70.08999633789062,70.08999633789062,1970,0.0,0.0,2023-06-28
881,2023-06-28 14:28:00-04:00,70.08999633789062,70.0999984741211,70.08999633789062,70.0999984741211,2178,0.0,0.0,2023-06-28
882,2023-06-28 14:29:00-04:00,70.10250091552734,70.10250091552734,70.05999755859375,70.05999755859375,2035,0.0,0.0,2023-06-28
883,2023-06-28 14:31:00-04:00,70.06999969482422,70.06999969482422,70.04000091552734,70.05999755859375,1198,0.0,0.0,2023-06-28
884,2023-06-28 14:32:00-04:00,70.04000091552734,70.05850219726562,70.02999877929688,70.02999877929688,2997,0.0,0.0,2023-06-28
885,2023-06-28 14:33:00-04:00,70.02999877929688,70.05000305175781,70.02999877929688,70.05000305175781,713,0.0,0.0,2023-06-28
886,2023-06-28 14:35:00-04:00,70.0999984741211,70.0999984741211,70.0999984741211,70.0999984741211,216,0.0,0.0,2023-06-28
887,2023-06-28 14:36:00-04:00,70.0999984741211,70.21499633789062,70.0999984741211,70.20999908447266,2321,0.0,0.0,2023-06-28
888,2023-06-28 14:37:00-04:00,70.22000122070312,70.22000122070312,70.22000122070312,70.22000122070312,410,0.0,0.0,2023-06-28
889,2023-06-28 14:38:00-04:00,70.2300033569336,70.26000213623047,70.20999908447266,70.21499633789062,2404,0.0,0.0,2023-06-28
890,2023-06-28 14:39:00-04:00,70.18000030517578,70.19999694824219,70.16500091552734,70.18000030517578,938,0.0,0.0,2023-06-28
891,2023-06-28 14:40:00-04:00,70.17500305175781,70.17500305175781,70.16500091552734,70.16500091552734,530,0.0,0.0,2023-06-28
892,2023-06-28 14:41:00-04:00,70.16500091552734,70.20999908447266,70.16500091552734,70.18000030517578,671,0.0,0.0,2023-06-28
893,2023-06-28 14:42:00-04:00,70.2300033569336,70.2300033569336,70.2300033569336,70.2300033569336,601,0.0,0.0,2023-06-28
894,2023-06-28 14:43:00-04:00,70.24500274658203,70.26000213623047,70.16000366210938,70.19999694824219,15052,0.0,0.0,2023-06-28
895,2023-06-28 14:44:00-04:00,70.19999694824219,70.22000122070312,70.08999633789062,70.11000061035156,22716,0.0,0.0,2023-06-28
896,2023-06-28 14:45:00-04:00,70.05999755859375,70.05999755859375,70.02999877929688,70.04499816894531,1536,0.0,0.0,2023-06-28
897,2023-06-28 14:46:00-04:00,70.08999633789062,70.08999633789062,70.08999633789062,70.08999633789062,442,0.0,0.0,2023-06-28
898,2023-06-28 14:47:00-04:00,70.08000183105469,70.0999984741211,70.08000183105469,70.08999633789062,980,0.0,0.0,2023-06-28
899,2023-06-28 14:48:00-04:00,70.0999984741211,70.0999984741211,70.0999984741211,70.0999984741211,288,0.0,0.0,2023-06-28
900,2023-06-28 14:49:00-04:00,70.08000183105469,70.19499969482422,70.08000183105469,70.19499969482422,2047,0.0,0.0,2023-06-28
901,2023-06-28 14:50:00-04:00,70.19499969482422,70.25,70.19499969482422,70.2300033569336,2587,0.0,0.0,2023-06-28
902,2023-06-28 14:51:00-04:00,70.2300033569336,70.2300033569336,70.1500015258789,70.18000030517578,2413,0.0,0.0,2023-06-28
903,2023-06-28 14:53:00-04:00,70.19999694824219,70.19999694824219,70.0,70.0,5712,0.0,0.0,2023-06-28
904,2023-06-28 14:54:00-04:00,70.04000091552734,70.1449966430664,70.04000091552734,70.1449966430664,1785,0.0,0.0,2023-06-28
905,2023-06-28 14:55:00-04:00,70.1449966430664,70.1449966430664,70.08000183105469,70.08000183105469,906,0.0,0.0,2023-06-28
906,2023-06-28 14:56:00-04:00,70.11599731445312,70.11599731445312,70.05000305175781,70.06999969482422,2314,0.0,0.0,2023-06-28
907,2023-06-28 14:57:00-04:00,70.06999969482422,70.0999984741211,70.05000305175781,70.06999969482422,2994,0.0,0.0,2023-06-28
908,2023-06-28 14:58:00-04:00,70.0635986328125,70.0635986328125,70.02999877929688,70.04000091552734,833,0.0,0.0,2023-06-28
909,2023-06-28 15:00:00-04:00,70.125,70.125,70.06999969482422,70.08499908447266,752,0.0,0.0,2023-06-28
910,2023-06-28 15:02:00-04:00,70.08000183105469,70.08000183105469,70.01000213623047,70.01000213623047,2821,0.0,0.0,2023-06-28
911,2023-06-28 15:03:00-04:00,70.00499725341797,70.00499725341797,69.94000244140625,69.94000244140625,1393,0.0,0.0,2023-06-28
912,2023-06-28 15:06:00-04:00,69.93000030517578,69.93000030517578,69.93000030517578,69.93000030517578,570,0.0,0.0,2023-06-28
913,2023-06-28 15:07:00-04:00,69.87999725341797,69.93000030517578,69.87999725341797,69.93000030517578,2053,0.0,0.0,2023-06-28
914,2023-06-28 15:08:00-04:00,69.98999786376953,70.05000305175781,69.98999786376953,70.05000305175781,774,0.0,0.0,2023-06-28
915,2023-06-28 15:10:00-04:00,70.05000305175781,70.05000305175781,70.0374984741211,70.0374984741211,1312,0.0,0.0,2023-06-28
916,2023-06-28 15:12:00-04:00,70.1500015258789,70.20999908447266,70.1500015258789,70.20999908447266,760,0.0,0.0,2023-06-28
917,2023-06-28 15:14:00-04:00,70.25,70.25,70.1500015258789,70.1500015258789,3583,0.0,0.0,2023-06-28
918,2023-06-28 15:15:00-04:00,70.18000030517578,70.18000030517578,70.18000030517578,70.18000030517578,554,0.0,0.0,2023-06-28
919,2023-06-28 15:17:00-04:00,70.20500183105469,70.20500183105469,70.20500183105469,70.20500183105469,120,0.0,0.0,2023-06-28
920,2023-06-28 15:18:00-04:00,70.18000030517578,70.18000030517578,70.18000030517578,70.18000030517578,215,0.0,0.0,2023-06-28
921,2023-06-28 15:19:00-04:00,70.18499755859375,70.23999786376953,70.18499755859375,70.23999786376953,685,0.0,0.0,2023-06-28
922,2023-06-28 15:20:00-04:00,70.25,70.25,70.23500061035156,70.25,3494,0.0,0.0,2023-06-28
923,2023-06-28 15:21:00-04:00,70.23999786376953,70.25499725341797,70.19999694824219,70.19999694824219,4945,0.0,0.0,2023-06-28
924,2023-06-28 15:22:00-04:00,70.19999694824219,70.19999694824219,70.19999694824219,70.19999694824219,950,0.0,0.0,2023-06-28
925,2023-06-28 15:23:00-04:00,70.25,70.25,70.22000122070312,70.22000122070312,2893,0.0,0.0,2023-06-28
926,2023-06-28 15:24:00-04:00,70.19999694824219,70.19999694824219,70.19999694824219,70.19999694824219,305,0.0,0.0,2023-06-28
927,2023-06-28 15:25:00-04:00,70.2300033569336,70.43000030517578,70.2300033569336,70.43000030517578,24646,0.0,0.0,2023-06-28
928,2023-06-28 15:26:00-04:00,70.41999816894531,70.43000030517578,70.40499877929688,70.40499877929688,2221,0.0,0.0,2023-06-28
929,2023-06-28 15:27:00-04:00,70.42500305175781,70.42500305175781,70.37000274658203,70.37999725341797,1444,0.0,0.0,2023-06-28
930,2023-06-28 15:28:00-04:00,70.37000274658203,70.37000274658203,70.1500015258789,70.29499816894531,21237,0.0,0.0,2023-06-28
931,2023-06-28 15:29:00-04:00,70.30999755859375,70.31999969482422,70.30999755859375,70.31999969482422,317,0.0,0.0,2023-06-28
932,2023-06-28 15:30:00-04:00,70.32499694824219,70.33999633789062,70.31500244140625,70.33999633789062,1174,0.0,0.0,2023-06-28
933,2023-06-28 15:31:00-04:00,70.4000015258789,70.4000015258789,70.4000015258789,70.4000015258789,1095,0.0,0.0,2023-06-28
934,2023-06-28 15:32:00-04:00,70.4000015258789,70.40499877929688,70.33499908447266,70.33499908447266,2245,0.0,0.0,2023-06-28
935,2023-06-28 15:33:00-04:00,70.33000183105469,70.33000183105469,70.26000213623047,70.26000213623047,1642,0.0,0.0,2023-06-28
936,2023-06-28 15:34:00-04:00,70.33999633789062,70.37000274658203,70.33999633789062,70.37000274658203,1479,0.0,0.0,2023-06-28
937,2023-06-28 15:35:00-04:00,70.3499984741211,70.36499786376953,70.25,70.30000305175781,6129,0.0,0.0,2023-06-28
938,2023-06-28 15:36:00-04:00,70.24500274658203,70.24500274658203,70.24500274658203,70.24500274658203,321,0.0,0.0,2023-06-28
939,2023-06-28 15:37:00-04:00,70.25,70.25,70.25,70.25,294,0.0,0.0,2023-06-28
940,2023-06-28 15:38:00-04:00,70.26000213623047,70.26899719238281,70.23999786376953,70.26899719238281,1392,0.0,0.0,2023-06-28
941,2023-06-28 15:39:00-04:00,70.2699966430664,70.31999969482422,70.2300033569336,70.2300033569336,4495,0.0,0.0,2023-06-28
942,2023-06-28 15:40:00-04:00,70.2249984741211,70.22899627685547,70.18000030517578,70.18000030517578,6225,0.0,0.0,2023-06-28
943,2023-06-28 15:41:00-04:00,70.19999694824219,70.2249984741211,70.01000213623047,70.16999816894531,16253,0.0,0.0,2023-06-28
944,2023-06-28 15:42:00-04:00,70.16999816894531,70.19999694824219,70.08999633789062,70.1500015258789,2688,0.0,0.0,2023-06-28
945,2023-06-28 15:43:00-04:00,70.1500015258789,70.26000213623047,70.13999938964844,70.26000213623047,1129,0.0,0.0,2023-06-28
946,2023-06-28 15:44:00-04:00,70.20999908447266,70.20999908447266,70.20500183105469,70.20500183105469,1748,0.0,0.0,2023-06-28
947,2023-06-28 15:45:00-04:00,70.19000244140625,70.19000244140625,70.12999725341797,70.18000030517578,3484,0.0,0.0,2023-06-28
948,2023-06-28 15:46:00-04:00,70.19000244140625,70.19000244140625,70.18000030517578,70.19000244140625,1142,0.0,0.0,2023-06-28
949,2023-06-28 15:47:00-04:00,70.19000244140625,70.20999908447266,70.13999938964844,70.13999938964844,2623,0.0,0.0,2023-06-28
950,2023-06-28 15:48:00-04:00,70.15080261230469,70.17500305175781,70.1500015258789,70.16999816894531,3112,0.0,0.0,2023-06-28
951,2023-06-28 15:49:00-04:00,70.16999816894531,70.29000091552734,70.15499877929688,70.26499938964844,2687,0.0,0.0,2023-06-28
952,2023-06-28 15:50:00-04:00,70.2699966430664,70.2699966430664,70.16000366210938,70.16000366210938,6543,0.0,0.0,2023-06-28
953,2023-06-28 15:51:00-04:00,70.19999694824219,70.20899963378906,70.05000305175781,70.0999984741211,25260,0.0,0.0,2023-06-28
954,2023-06-28 15:52:00-04:00,70.0999984741211,70.16000366210938,70.05999755859375,70.05999755859375,12841,0.0,0.0,2023-06-28
955,2023-06-28 15:53:00-04:00,70.08000183105469,70.12000274658203,70.08000183105469,70.10250091552734,5187,0.0,0.0,2023-06-28
956,2023-06-28 15:54:00-04:00,70.12000274658203,70.12000274658203,70.02999877929688,70.02999877929688,13020,0.0,0.0,2023-06-28
957,2023-06-28 15:55:00-04:00,70.05000305175781,70.06999969482422,70.0199966430664,70.04000091552734,8688,0.0,0.0,2023-06-28
958,2023-06-28 15:56:00-04:00,70.05000305175781,70.06999969482422,69.98999786376953,69.98999786376953,11435,0.0,0.0,2023-06-28
959,2023-06-28 15:57:00-04:00,69.98999786376953,70.0199966430664,69.9800033569336,69.9800033569336,9699,0.0,0.0,2023-06-28
960,2023-06-28 15:58:00-04:00,69.98999786376953,70.02999877929688,69.98999786376953,70.0199966430664,9579,0.0,0.0,2023-06-28
961,2023-06-28 15:59:00-04:00,70.01000213623047,70.16000366210938,69.98999786376953,70.02999877929688,51085,0.0,0.0,2023-06-28
962,2023-06-29 09:30:00-04:00,70.0,70.0,70.0,70.0,7461,0.0,0.0,2023-06-29
963,2023-06-29 09:31:00-04:00,70.19999694824219,70.25,70.19999694824219,70.25,622,0.0,0.0,2023-06-29
964,2023-06-29 09:32:00-04:00,70.19999694824219,70.19999694824219,70.19999694824219,70.19999694824219,107,0.0,0.0,2023-06-29
965,2023-06-29 09:35:00-04:00,70.37999725341797,70.37999725341797,70.37999725341797,70.37999725341797,102,0.0,0.0,2023-06-29
966,2023-06-29 09:36:00-04:00,70.38999938964844,70.45999908447266,70.29000091552734,70.34500122070312,942,0.0,0.0,2023-06-29
967,2023-06-29 09:37:00-04:00,70.3499984741211,70.55000305175781,70.3499984741211,70.55000305175781,327,0.0,0.0,2023-06-29
968,2023-06-29 09:38:00-04:00,70.56999969482422,70.56999969482422,70.37999725341797,70.37999725341797,626,0.0,0.0,2023-06-29
969,2023-06-29 09:39:00-04:00,70.56999969482422,70.56999969482422,70.56999969482422,70.56999969482422,292,0.0,0.0,2023-06-29
970,2023-06-29 09:40:00-04:00,70.69149780273438,70.69149780273438,70.69149780273438,70.69149780273438,163,0.0,0.0,2023-06-29
971,2023-06-29 09:41:00-04:00,70.5999984741211,70.5999984741211,70.3499984741211,70.36000061035156,2544,0.0,0.0,2023-06-29
972,2023-06-29 09:42:00-04:00,70.30999755859375,70.30999755859375,70.27999877929688,70.27999877929688,703,0.0,0.0,2023-06-29
973,2023-06-29 09:43:00-04:00,70.26000213623047,70.36479949951172,70.26000213623047,70.36479949951172,600,0.0,0.0,2023-06-29
974,2023-06-29 09:44:00-04:00,70.26000213623047,70.2699966430664,70.26000213623047,70.2699966430664,383,0.0,0.0,2023-06-29
975,2023-06-29 09:45:00-04:00,70.1500015258789,70.1500015258789,69.95999908447266,69.95999908447266,643,0.0,0.0,2023-06-29
976,2023-06-29 09:48:00-04:00,70.0199966430664,70.0199966430664,70.0199966430664,70.0199966430664,100,0.0,0.0,2023-06-29
977,2023-06-29 09:49:00-04:00,70.01119995117188,70.22000122070312,70.01119995117188,70.0999984741211,827,0.0,0.0,2023-06-29
978,2023-06-29 09:50:00-04:00,70.30999755859375,70.30999755859375,70.30999755859375,70.30999755859375,143,0.0,0.0,2023-06-29
979,2023-06-29 09:51:00-04:00,70.20999908447266,70.20999908447266,70.20999908447266,70.20999908447266,550,0.0,0.0,2023-06-29
980,2023-06-29 09:52:00-04:00,70.5,70.5,70.37999725341797,70.37999725341797,274,0.0,0.0,2023-06-29
981,2023-06-29 09:54:00-04:00,70.51000213623047,70.51000213623047,70.41000366210938,70.41010284423828,1761,0.0,0.0,2023-06-29
982,2023-06-29 09:56:00-04:00,70.5250015258789,70.61000061035156,70.51000213623047,70.51000213623047,923,0.0,0.0,2023-06-29
983,2023-06-29 09:57:00-04:00,70.4800033569336,70.48650360107422,70.4800033569336,70.48650360107422,244,0.0,0.0,2023-06-29
984,2023-06-29 09:58:00-04:00,70.51000213623047,70.5250015258789,70.37000274658203,70.43000030517578,1328,0.0,0.0,2023-06-29
985,2023-06-29 09:59:00-04:00,70.37100219726562,70.37100219726562,70.37100219726562,70.37100219726562,252,0.0,0.0,2023-06-29
986,2023-06-29 10:00:00-04:00,70.41500091552734,70.41500091552734,70.30000305175781,70.30000305175781,813,0.0,0.0,2023-06-29
987,2023-06-29 10:02:00-04:00,70.29000091552734,70.29000091552734,70.29000091552734,70.29000091552734,132,0.0,0.0,2023-06-29
988,2023-06-29 10:03:00-04:00,70.19999694824219,70.19999694824219,70.19999694824219,70.19999694824219,203,0.0,0.0,2023-06-29
989,2023-06-29 10:04:00-04:00,70.0999984741211,70.0999984741211,70.0999984741211,70.0999984741211,309,0.0,0.0,2023-06-29
990,2023-06-29 10:05:00-04:00,70.27999877929688,70.27999877929688,70.19999694824219,70.19999694824219,225,0.0,0.0,2023-06-29
991,2023-06-29 10:06:00-04:00,70.19999694824219,70.19999694824219,70.19999694824219,70.19999694824219,528,0.0,0.0,2023-06-29
992,2023-06-29 10:07:00-04:00,70.1500015258789,70.1500015258789,70.1500015258789,70.1500015258789,554,0.0,0.0,2023-06-29
993,2023-06-29 10:08:00-04:00,70.08000183105469,70.08000183105469,70.0,70.0,1922,0.0,0.0,2023-06-29
994,2023-06-29 10:09:00-04:00,70.06999969482422,70.19999694824219,70.06999969482422,70.16999816894531,728,0.0,0.0,2023-06-29
995,2023-06-29 10:12:00-04:00,70.23999786376953,70.23999786376953,70.23999786376953,70.23999786376953,570,0.0,0.0,2023-06-29
996,2023-06-29 10:14:00-04:00,70.5,70.5,70.5,70.5,371,0.0,0.0,2023-06-29
997,2023-06-29 10:15:00-04:00,70.55999755859375,70.55999755859375,70.55999755859375,70.55999755859375,655,0.0,0.0,2023-06-29
998,2023-06-29 10:16:00-04:00,70.67500305175781,70.67500305175781,70.58000183105469,70.58000183105469,507,0.0,0.0,2023-06-29
999,2023-06-29 10:17:00-04:00,70.52999877929688,70.68000030517578,70.52999877929688,70.68000030517578,2703,0.0,0.0,2023-06-29
1000,2023-06-29 10:18:00-04:00,70.61000061035156,70.62000274658203,70.54000091552734,70.62000274658203,1153,0.0,0.0,2023-06-29
1001,2023-06-29 10:19:00-04:00,70.55999755859375,70.55999755859375,70.55999755859375,70.55999755859375,253,0.0,0.0,2023-06-29
1002,2023-06-29 10:21:00-04:00,70.70500183105469,70.70500183105469,70.70500183105469,70.70500183105469,126,0.0,0.0,2023-06-29
1003,2023-06-29 10:23:00-04:00,70.71499633789062,70.71499633789062,70.5999984741211,70.5999984741211,2070,0.0,0.0,2023-06-29
1004,2023-06-29 10:24:00-04:00,70.61000061035156,70.61000061035156,70.54000091552734,70.54000091552734,1081,0.0,0.0,2023-06-29
1005,2023-06-29 10:25:00-04:00,70.4800033569336,70.4800033569336,70.47000122070312,70.47000122070312,454,0.0,0.0,2023-06-29
1006,2023-06-29 10:26:00-04:00,70.52999877929688,70.52999877929688,70.52999877929688,70.52999877929688,331,0.0,0.0,2023-06-29
1007,2023-06-29 10:28:00-04:00,70.48999786376953,70.48999786376953,70.48999786376953,70.48999786376953,494,0.0,0.0,2023-06-29
1008,2023-06-29 10:30:00-04:00,70.62000274658203,70.62999725341797,70.5199966430664,70.5199966430664,2094,0.0,0.0,2023-06-29
1009,2023-06-29 10:31:00-04:00,70.5,70.55000305175781,70.5,70.55000305175781,469,0.0,0.0,2023-06-29
1010,2023-06-29 10:32:00-04:00,70.4800033569336,70.4800033569336,70.4800033569336,70.4800033569336,114,0.0,0.0,2023-06-29
1011,2023-06-29 10:33:00-04:00,70.4800033569336,70.62000274658203,70.4800033569336,70.62000274658203,1142,0.0,0.0,2023-06-29
1012,2023-06-29 10:34:00-04:00,70.61000061035156,70.6500015258789,70.55000305175781,70.58999633789062,1705,0.0,0.0,2023-06-29
1013,2023-06-29 10:35:00-04:00,70.66500091552734,70.66999816894531,70.58000183105469,70.58000183105469,1257,0.0,0.0,2023-06-29
1014,2023-06-29 10:36:00-04:00,70.5,70.54000091552734,70.5,70.54000091552734,604,0.0,0.0,2023-06-29
1015,2023-06-29 10:37:00-04:00,70.45999908447266,70.51000213623047,70.45999908447266,70.51000213623047,650,0.0,0.0,2023-06-29
1016,2023-06-29 10:39:00-04:00,70.48500061035156,70.48500061035156,70.47000122070312,70.47000122070312,515,0.0,0.0,2023-06-29
1017,2023-06-29 10:40:00-04:00,70.45999908447266,70.47000122070312,70.41000366210938,70.46499633789062,1800,0.0,0.0,2023-06-29
1018,2023-06-29 10:41:00-04:00,70.43000030517578,70.43000030517578,70.4000015258789,70.4000015258789,338,0.0,0.0,2023-06-29
1019,2023-06-29 10:42:00-04:00,70.47000122070312,70.55999755859375,70.47000122070312,70.55999755859375,906,0.0,0.0,2023-06-29
1020,2023-06-29 10:44:00-04:00,70.55000305175781,70.55000305175781,70.55000305175781,70.55000305175781,176,0.0,0.0,2023-06-29
1021,2023-06-29 10:45:00-04:00,70.63999938964844,70.63999938964844,70.63999938964844,70.63999938964844,105,0.0,0.0,2023-06-29
1022,2023-06-29 10:46:00-04:00,70.58000183105469,70.58000183105469,70.4800033569336,70.48999786376953,1937,0.0,0.0,2023-06-29
1023,2023-06-29 10:48:00-04:00,70.41000366210938,70.41000366210938,70.4000015258789,70.4000015258789,721,0.0,0.0,2023-06-29
1024,2023-06-29 10:49:00-04:00,70.48999786376953,70.49500274658203,70.48999786376953,70.49500274658203,492,0.0,0.0,2023-06-29
1025,2023-06-29 10:50:00-04:00,70.41000366210938,70.4800033569336,70.41000366210938,70.4800033569336,226,0.0,0.0,2023-06-29
1026,2023-06-29 10:51:00-04:00,70.5,70.5,70.5,70.5,151,0.0,0.0,2023-06-29
1027,2023-06-29 10:54:00-04:00,70.4000015258789,70.4000015258789,70.30999755859375,70.30999755859375,1104,0.0,0.0,2023-06-29
1028,2023-06-29 10:55:00-04:00,70.4000015258789,70.41000366210938,70.29000091552734,70.29000091552734,849,0.0,0.0,2023-06-29
1029,2023-06-29 10:56:00-04:00,70.33000183105469,70.33000183105469,70.27999877929688,70.27999877929688,476,0.0,0.0,2023-06-29
1030,2023-06-29 10:57:00-04:00,70.31999969482422,70.39959716796875,70.31999969482422,70.39959716796875,664,0.0,0.0,2023-06-29
1031,2023-06-29 10:58:00-04:00,70.34500122070312,70.34500122070312,70.34500122070312,70.34500122070312,244,0.0,0.0,2023-06-29
1032,2023-06-29 10:59:00-04:00,70.27999877929688,70.27999877929688,70.26000213623047,70.26000213623047,457,0.0,0.0,2023-06-29
1033,2023-06-29 11:01:00-04:00,70.26000213623047,70.27999877929688,70.20999908447266,70.27999877929688,1670,0.0,0.0,2023-06-29
1034,2023-06-29 11:02:00-04:00,70.33499908447266,70.37000274658203,70.33499908447266,70.3499984741211,756,0.0,0.0,2023-06-29
1035,2023-06-29 11:05:00-04:00,70.27999877929688,70.41500091552734,70.27999877929688,70.41500091552734,1177,0.0,0.0,2023-06-29
1036,2023-06-29 11:07:00-04:00,70.41999816894531,70.41999816894531,70.36000061035156,70.36000061035156,381,0.0,0.0,2023-06-29
1037,2023-06-29 11:08:00-04:00,70.47000122070312,70.47000122070312,70.47000122070312,70.47000122070312,177,0.0,0.0,2023-06-29
1038,2023-06-29 11:09:00-04:00,70.4000015258789,70.4000015258789,70.4000015258789,70.4000015258789,142,0.0,0.0,2023-06-29
1039,2023-06-29 11:10:00-04:00,70.43499755859375,70.43499755859375,70.43499755859375,70.43499755859375,104,0.0,0.0,2023-06-29
1040,2023-06-29 11:11:00-04:00,70.47000122070312,70.47000122070312,70.37999725341797,70.37999725341797,592,0.0,0.0,2023-06-29
1041,2023-06-29 11:13:00-04:00,70.51000213623047,70.51000213623047,70.4749984741211,70.4749984741211,430,0.0,0.0,2023-06-29
1042,2023-06-29 11:14:00-04:00,70.48500061035156,70.48500061035156,70.48500061035156,70.48500061035156,538,0.0,0.0,2023-06-29
1043,2023-06-29 11:15:00-04:00,70.55000305175781,70.55000305175781,70.55000305175781,70.55000305175781,106,0.0,0.0,2023-06-29
1044,2023-06-29 11:16:00-04:00,70.5999984741211,70.5999984741211,70.5999984741211,70.5999984741211,331,0.0,0.0,2023-06-29
1045,2023-06-29 11:17:00-04:00,70.61000061035156,70.61000061035156,70.48999786376953,70.52999877929688,1236,0.0,0.0,2023-06-29
1046,2023-06-29 11:18:00-04:00,70.55999755859375,70.55999755859375,70.55999755859375,70.55999755859375,406,0.0,0.0,2023-06-29
1047,2023-06-29 11:20:00-04:00,70.44999694824219,70.45999908447266,70.37000274658203,70.44000244140625,2321,0.0,0.0,2023-06-29
1048,2023-06-29 11:22:00-04:00,70.41500091552734,70.42500305175781,70.41000366210938,70.42500305175781,994,0.0,0.0,2023-06-29
1049,2023-06-29 11:23:00-04:00,70.42549896240234,70.42549896240234,70.42549896240234,70.42549896240234,167,0.0,0.0,2023-06-29
1050,2023-06-29 11:24:00-04:00,70.4175033569336,70.4175033569336,70.4175033569336,70.4175033569336,310,0.0,0.0,2023-06-29
1051,2023-06-29 11:25:00-04:00,70.48989868164062,70.48989868164062,70.48989868164062,70.48989868164062,592,0.0,0.0,2023-06-29
1052,2023-06-29 11:26:00-04:00,70.41000366210938,70.43000030517578,70.41000366210938,70.41000366210938,610,0.0,0.0,2023-06-29
1053,2023-06-29 11:27:00-04:00,70.41000366210938,70.41000366210938,70.41000366210938,70.41000366210938,137,0.0,0.0,2023-06-29
1054,2023-06-29 11:28:00-04:00,70.41500091552734,70.45500183105469,70.41500091552734,70.41500091552734,357,0.0,0.0,2023-06-29
1055,2023-06-29 11:29:00-04:00,70.41000366210938,70.45999908447266,70.41000366210938,70.41000366210938,1445,0.0,0.0,2023-06-29
1056,2023-06-29 11:30:00-04:00,70.41999816894531,70.41999816894531,70.41000366210938,70.41000366210938,969,0.0,0.0,2023-06-29
1057,2023-06-29 11:32:00-04:00,70.41000366210938,70.44499969482422,70.36000061035156,70.41000366210938,6932,0.0,0.0,2023-06-29
1058,2023-06-29 11:33:00-04:00,70.41000366210938,70.41000366210938,70.33999633789062,70.33999633789062,863,0.0,0.0,2023-06-29
1059,2023-06-29 11:34:00-04:00,70.3499984741211,70.3499984741211,70.3499984741211,70.3499984741211,106,0.0,0.0,2023-06-29
1060,2023-06-29 11:36:00-04:00,70.3550033569336,70.3550033569336,70.3550033569336,70.3550033569336,125,0.0,0.0,2023-06-29
1061,2023-06-29 11:37:00-04:00,70.30999755859375,70.30999755859375,70.27999877929688,70.30999755859375,1342,0.0,0.0,2023-06-29
1062,2023-06-29 11:38:00-04:00,70.27999877929688,70.27999877929688,70.27999877929688,70.27999877929688,714,0.0,0.0,2023-06-29
1063,2023-06-29 11:41:00-04:00,70.37000274658203,70.37000274658203,70.37000274658203,70.37000274658203,536,0.0,0.0,2023-06-29
1064,2023-06-29 11:42:00-04:00,70.43000030517578,70.43000030517578,70.4000015258789,70.4000015258789,1323,0.0,0.0,2023-06-29
1065,2023-06-29 11:43:00-04:00,70.41000366210938,70.41000366210938,70.41000366210938,70.41000366210938,311,0.0,0.0,2023-06-29
1066,2023-06-29 11:44:00-04:00,70.40499877929688,70.40499877929688,70.40499877929688,70.40499877929688,168,0.0,0.0,2023-06-29
1067,2023-06-29 11:46:00-04:00,70.41500091552734,70.41500091552734,70.41500091552734,70.41500091552734,109,0.0,0.0,2023-06-29
1068,2023-06-29 11:47:00-04:00,70.41000366210938,70.41000366210938,70.41000366210938,70.41000366210938,436,0.0,0.0,2023-06-29
1069,2023-06-29 11:48:00-04:00,70.40499877929688,70.40499877929688,70.40499877929688,70.40499877929688,469,0.0,0.0,2023-06-29
1070,2023-06-29 11:49:00-04:00,70.37000274658203,70.37000274658203,70.3499984741211,70.3499984741211,1192,0.0,0.0,2023-06-29
1071,2023-06-29 11:50:00-04:00,70.37000274658203,70.37000274658203,70.37000274658203,70.37000274658203,165,0.0,0.0,2023-06-29
1072,2023-06-29 11:52:00-04:00,70.3499984741211,70.37999725341797,70.33999633789062,70.37999725341797,825,0.0,0.0,2023-06-29
1073,2023-06-29 11:53:00-04:00,70.41000366210938,70.41000366210938,70.41000366210938,70.41000366210938,403,0.0,0.0,2023-06-29
1074,2023-06-29 11:54:00-04:00,70.4000015258789,70.44499969482422,70.4000015258789,70.42500305175781,1108,0.0,0.0,2023-06-29
1075,2023-06-29 11:55:00-04:00,70.41000366210938,70.41000366210938,70.36000061035156,70.37999725341797,723,0.0,0.0,2023-06-29
1076,2023-06-29 11:57:00-04:00,70.31999969482422,70.31999969482422,70.31999969482422,70.31999969482422,443,0.0,0.0,2023-06-29
1077,2023-06-29 11:58:00-04:00,70.30000305175781,70.30000305175781,70.30000305175781,70.30000305175781,121,0.0,0.0,2023-06-29
1078,2023-06-29 12:00:00-04:00,70.3499984741211,70.3499984741211,70.3499984741211,70.3499984741211,353,0.0,0.0,2023-06-29
1079,2023-06-29 12:04:00-04:00,70.30999755859375,70.36000061035156,70.30999755859375,70.36000061035156,614,0.0,0.0,2023-06-29
1080,2023-06-29 12:05:00-04:00,70.36000061035156,70.36000061035156,70.30000305175781,70.33999633789062,974,0.0,0.0,2023-06-29
1081,2023-06-29 12:07:00-04:00,70.31999969482422,70.31999969482422,70.31999969482422,70.31999969482422,275,0.0,0.0,2023-06-29
1082,2023-06-29 12:10:00-04:00,70.37000274658203,70.41500091552734,70.37000274658203,70.41000366210938,1047,0.0,0.0,2023-06-29
1083,2023-06-29 12:11:00-04:00,70.38999938964844,70.38999938964844,70.2699966430664,70.3499984741211,7094,0.0,0.0,2023-06-29
1084,2023-06-29 12:12:00-04:00,70.36000061035156,70.41999816894531,70.36000061035156,70.41999816894531,328,0.0,0.0,2023-06-29
1085,2023-06-29 12:13:00-04:00,70.41000366210938,70.41000366210938,70.4000015258789,70.4000015258789,631,0.0,0.0,2023-06-29
1086,2023-06-29 12:14:00-04:00,70.3499984741211,70.3499984741211,70.3499984741211,70.3499984741211,434,0.0,0.0,2023-06-29
1087,2023-06-29 12:15:00-04:00,70.31999969482422,70.31999969482422,70.31999969482422,70.31999969482422,100,0.0,0.0,2023-06-29
1088,2023-06-29 12:16:00-04:00,70.38999938964844,70.38999938964844,70.38999938964844,70.38999938964844,213,0.0,0.0,2023-06-29
1089,2023-06-29 12:17:00-04:00,70.3949966430664,70.51499938964844,70.3949966430664,70.4000015258789,1815,0.0,0.0,2023-06-29
1090,2023-06-29 12:18:00-04:00,70.55000305175781,70.62000274658203,70.43000030517578,70.45999908447266,10994,0.0,0.0,2023-06-29
1091,2023-06-29 12:19:00-04:00,70.45999908447266,70.51000213623047,70.43000030517578,70.44999694824219,12077,0.0,0.0,2023-06-29
1092,2023-06-29 12:20:00-04:00,70.47000122070312,70.51499938964844,70.4000015258789,70.44000244140625,23731,0.0,0.0,2023-06-29
1093,2023-06-29 12:21:00-04:00,70.4800033569336,70.4800033569336,70.37000274658203,70.4000015258789,14805,0.0,0.0,2023-06-29
1094,2023-06-29 12:22:00-04:00,70.4000015258789,70.43000030517578,70.3499984741211,70.36000061035156,20571,0.0,0.0,2023-06-29
1095,2023-06-29 12:23:00-04:00,70.37999725341797,70.52999877929688,70.33000183105469,70.5250015258789,6235,0.0,0.0,2023-06-29
1096,2023-06-29 12:24:00-04:00,70.58000183105469,70.58999633789062,70.58000183105469,70.58999633789062,205,0.0,0.0,2023-06-29
1097,2023-06-29 12:26:00-04:00,70.56999969482422,70.56999969482422,70.56999969482422,70.56999969482422,137,0.0,0.0,2023-06-29
1098,2023-06-29 12:27:00-04:00,70.55590057373047,70.55999755859375,70.54000091552734,70.55999755859375,1353,0.0,0.0,2023-06-29
1099,2023-06-29 12:28:00-04:00,70.5199966430664,70.5199966430664,70.5199966430664,70.5199966430664,185,0.0,0.0,2023-06-29
1100,2023-06-29 12:30:00-04:00,70.55999755859375,70.55999755859375,70.55999755859375,70.55999755859375,103,0.0,0.0,2023-06-29
1101,2023-06-29 12:31:00-04:00,70.56999969482422,70.56999969482422,70.56999969482422,70.56999969482422,216,0.0,0.0,2023-06-29
1102,2023-06-29 12:32:00-04:00,70.63500213623047,70.63500213623047,70.63500213623047,70.63500213623047,125,0.0,0.0,2023-06-29
1103,2023-06-29 12:33:00-04:00,70.5999984741211,70.66000366210938,70.47000122070312,70.5,4003,0.0,0.0,2023-06-29
1104,2023-06-29 12:34:00-04:00,70.5,70.52999877929688,70.5,70.52999877929688,1557,0.0,0.0,2023-06-29
1105,2023-06-29 12:35:00-04:00,70.5,70.51000213623047,70.5,70.51000213623047,239,0.0,0.0,2023-06-29
1106,2023-06-29 12:36:00-04:00,70.51000213623047,70.5199966430664,70.51000213623047,70.51000213623047,600,0.0,0.0,2023-06-29
1107,2023-06-29 12:37:00-04:00,70.5199966430664,70.58000183105469,70.48999786376953,70.51000213623047,9354,0.0,0.0,2023-06-29
1108,2023-06-29 12:38:00-04:00,70.51000213623047,70.51000213623047,70.48999786376953,70.51000213623047,2422,0.0,0.0,2023-06-29
1109,2023-06-29 12:39:00-04:00,70.51000213623047,70.58499908447266,70.5,70.51000213623047,4874,0.0,0.0,2023-06-29
1110,2023-06-29 12:40:00-04:00,70.5,70.52999877929688,70.5,70.51000213623047,6328,0.0,0.0,2023-06-29
1111,2023-06-29 12:41:00-04:00,70.51000213623047,70.5250015258789,70.5,70.5,2445,0.0,0.0,2023-06-29
1112,2023-06-29 12:42:00-04:00,70.51000213623047,70.52999877929688,70.5,70.5,4663,0.0,0.0,2023-06-29
1113,2023-06-29 12:43:00-04:00,70.5,70.51000213623047,70.5,70.51000213623047,1230,0.0,0.0,2023-06-29
1114,2023-06-29 12:44:00-04:00,70.5199966430664,70.55999755859375,70.51000213623047,70.52999877929688,6060,0.0,0.0,2023-06-29
1115,2023-06-29 12:45:00-04:00,70.5199966430664,70.58499908447266,70.51000213623047,70.51000213623047,12811,0.0,0.0,2023-06-29
1116,2023-06-29 12:46:00-04:00,70.54000091552734,70.69999694824219,70.51000213623047,70.65499877929688,10410,0.0,0.0,2023-06-29
1117,2023-06-29 12:47:00-04:00,70.62000274658203,70.70999908447266,70.62000274658203,70.70999908447266,2560,0.0,0.0,2023-06-29
1118,2023-06-29 12:49:00-04:00,70.79499816894531,70.87000274658203,70.79499816894531,70.87000274658203,412,0.0,0.0,2023-06-29
1119,2023-06-29 12:50:00-04:00,70.87999725341797,70.87999725341797,70.87999725341797,70.87999725341797,339,0.0,0.0,2023-06-29
1120,2023-06-29 12:51:00-04:00,70.90499877929688,70.93000030517578,70.8499984741211,70.8499984741211,4158,0.0,0.0,2023-06-29
1121,2023-06-29 12:53:00-04:00,70.8499984741211,70.86000061035156,70.8499984741211,70.86000061035156,849,0.0,0.0,2023-06-29
1122,2023-06-29 12:55:00-04:00,70.89099884033203,70.89099884033203,70.88999938964844,70.88999938964844,291,0.0,0.0,2023-06-29
1123,2023-06-29 12:57:00-04:00,70.98999786376953,70.98999786376953,70.94000244140625,70.94000244140625,648,0.0,0.0,2023-06-29
1124,2023-06-29 12:58:00-04:00,70.9000015258789,70.9000015258789,70.8499984741211,70.8499984741211,590,0.0,0.0,2023-06-29
1125,2023-06-29 12:59:00-04:00,70.8499984741211,70.87999725341797,70.81999969482422,70.87999725341797,1500,0.0,0.0,2023-06-29
1126,2023-06-29 13:00:00-04:00,70.88999938964844,70.9000015258789,70.88999938964844,70.9000015258789,1500,0.0,0.0,2023-06-29
1127,2023-06-29 13:01:00-04:00,70.9000015258789,70.94000244140625,70.72000122070312,70.83000183105469,9179,0.0,0.0,2023-06-29
1128,2023-06-29 13:02:00-04:00,70.79000091552734,70.79000091552734,70.7300033569336,70.76000213623047,2314,0.0,0.0,2023-06-29
1129,2023-06-29 13:03:00-04:00,70.74250030517578,70.74250030517578,70.7300033569336,70.7300033569336,363,0.0,0.0,2023-06-29
1130,2023-06-29 13:04:00-04:00,70.70999908447266,70.72000122070312,70.69999694824219,70.72000122070312,1196,0.0,0.0,2023-06-29
1131,2023-06-29 13:05:00-04:00,70.69999694824219,70.69999694824219,70.61000061035156,70.68000030517578,2877,0.0,0.0,2023-06-29
1132,2023-06-29 13:06:00-04:00,70.75,70.7699966430664,70.58000183105469,70.61000061035156,12136,0.0,0.0,2023-06-29
1133,2023-06-29 13:07:00-04:00,70.62000274658203,70.62999725341797,70.47000122070312,70.55000305175781,18807,0.0,0.0,2023-06-29
1134,2023-06-29 13:08:00-04:00,70.51499938964844,70.75,70.5,70.65499877929688,6506,0.0,0.0,2023-06-29
1135,2023-06-29 13:09:00-04:00,70.69000244140625,70.69000244140625,70.62999725341797,70.63050079345703,946,0.0,0.0,2023-06-29
1136,2023-06-29 13:10:00-04:00,70.55999755859375,70.58000183105469,70.55999755859375,70.58000183105469,1187,0.0,0.0,2023-06-29
1137,2023-06-29 13:11:00-04:00,70.55999755859375,70.58999633789062,70.55999755859375,70.58999633789062,694,0.0,0.0,2023-06-29
1138,2023-06-29 13:12:00-04:00,70.55999755859375,70.55999755859375,70.4800033569336,70.4800033569336,1717,0.0,0.0,2023-06-29
1139,2023-06-29 13:14:00-04:00,70.4800033569336,70.48999786376953,70.43000030517578,70.48999786376953,3357,0.0,0.0,2023-06-29
1140,2023-06-29 13:15:00-04:00,70.54000091552734,70.55999755859375,70.54000091552734,70.55999755859375,808,0.0,0.0,2023-06-29
1141,2023-06-29 13:17:00-04:00,70.69999694824219,70.69999694824219,70.69999694824219,70.69999694824219,716,0.0,0.0,2023-06-29
1142,2023-06-29 13:20:00-04:00,70.79499816894531,70.79499816894531,70.79499816894531,70.79499816894531,213,0.0,0.0,2023-06-29
1143,2023-06-29 13:21:00-04:00,70.83499908447266,70.83499908447266,70.83499908447266,70.83499908447266,243,0.0,0.0,2023-06-29
1144,2023-06-29 13:22:00-04:00,70.76000213623047,70.76000213623047,70.76000213623047,70.76000213623047,852,0.0,0.0,2023-06-29
1145,2023-06-29 13:23:00-04:00,70.81999969482422,70.81999969482422,70.81999969482422,70.81999969482422,288,0.0,0.0,2023-06-29
1146,2023-06-29 13:26:00-04:00,70.87999725341797,70.93000030517578,70.87999725341797,70.93000030517578,699,0.0,0.0,2023-06-29
1147,2023-06-29 13:27:00-04:00,70.91999816894531,70.93000030517578,70.91999816894531,70.91999816894531,860,0.0,0.0,2023-06-29
1148,2023-06-29 13:28:00-04:00,70.87999725341797,70.91000366210938,70.87999725341797,70.91000366210938,634,0.0,0.0,2023-06-29
1149,2023-06-29 13:29:00-04:00,70.88500213623047,70.88500213623047,70.88500213623047,70.88500213623047,305,0.0,0.0,2023-06-29
1150,2023-06-29 13:33:00-04:00,70.91999816894531,70.91999816894531,70.91999816894531,70.91999816894531,170,0.0,0.0,2023-06-29
1151,2023-06-29 13:34:00-04:00,70.95999908447266,71.04000091552734,70.95999908447266,71.04000091552734,1319,0.0,0.0,2023-06-29
1152,2023-06-29 13:35:00-04:00,71.05000305175781,71.05999755859375,71.05000305175781,71.05999755859375,558,0.0,0.0,2023-06-29
1153,2023-06-29 13:36:00-04:00,71.12000274658203,71.16999816894531,71.12000274658203,71.16000366210938,1405,0.0,0.0,2023-06-29
1154,2023-06-29 13:37:00-04:00,71.16259765625,71.16259765625,71.16259765625,71.16259765625,160,0.0,0.0,2023-06-29
1155,2023-06-29 13:38:00-04:00,71.17500305175781,71.17500305175781,71.17500305175781,71.17500305175781,192,0.0,0.0,2023-06-29
1156,2023-06-29 13:39:00-04:00,71.23500061035156,71.23500061035156,71.21499633789062,71.21499633789062,570,0.0,0.0,2023-06-29
1157,2023-06-29 13:41:00-04:00,71.2699966430664,71.27300262451172,71.2699966430664,71.27300262451172,430,0.0,0.0,2023-06-29
1158,2023-06-29 13:42:00-04:00,71.22000122070312,71.2300033569336,71.22000122070312,71.2300033569336,350,0.0,0.0,2023-06-29
1159,2023-06-29 13:43:00-04:00,71.19999694824219,71.23999786376953,71.19999694824219,71.23999786376953,871,0.0,0.0,2023-06-29
1160,2023-06-29 13:44:00-04:00,71.26000213623047,71.26000213623047,71.26000213623047,71.26000213623047,400,0.0,0.0,2023-06-29
1161,2023-06-29 13:45:00-04:00,71.25,71.2750015258789,71.25,71.2750015258789,236,0.0,0.0,2023-06-29
1162,2023-06-29 13:46:00-04:00,71.30999755859375,71.31999969482422,71.30999755859375,71.31999969482422,948,0.0,0.0,2023-06-29
1163,2023-06-29 13:50:00-04:00,71.33989715576172,71.33989715576172,71.23999786376953,71.27999877929688,1438,0.0,0.0,2023-06-29
1164,2023-06-29 13:52:00-04:00,71.29000091552734,71.29000091552734,71.29000091552734,71.29000091552734,213,0.0,0.0,2023-06-29
1165,2023-06-29 13:53:00-04:00,71.2699966430664,71.2699966430664,71.2699966430664,71.2699966430664,661,0.0,0.0,2023-06-29
1166,2023-06-29 13:55:00-04:00,71.30000305175781,71.30000305175781,71.30000305175781,71.30000305175781,217,0.0,0.0,2023-06-29
1167,2023-06-29 13:56:00-04:00,71.2699966430664,71.2699966430664,71.2300033569336,71.2300033569336,2265,0.0,0.0,2023-06-29
1168,2023-06-29 13:58:00-04:00,71.25,71.2699966430664,71.2300033569336,71.2699966430664,908,0.0,0.0,2023-06-29
1169,2023-06-29 13:59:00-04:00,71.23999786376953,71.23999786376953,71.23999786376953,71.23999786376953,172,0.0,0.0,2023-06-29
1170,2023-06-29 14:00:00-04:00,71.2249984741211,71.2249984741211,71.2249984741211,71.2249984741211,503,0.0,0.0,2023-06-29
1171,2023-06-29 14:01:00-04:00,71.18699645996094,71.18699645996094,71.18699645996094,71.18699645996094,128,0.0,0.0,2023-06-29
1172,2023-06-29 14:02:00-04:00,71.20500183105469,71.20500183105469,71.12000274658203,71.12000274658203,997,0.0,0.0,2023-06-29
1173,2023-06-29 14:03:00-04:00,71.1050033569336,71.1050033569336,71.05999755859375,71.08000183105469,1194,0.0,0.0,2023-06-29
1174,2023-06-29 14:05:00-04:00,71.06999969482422,71.06999969482422,71.02999877929688,71.05999755859375,1816,0.0,0.0,2023-06-29
1175,2023-06-29 14:08:00-04:00,71.05000305175781,71.06999969482422,71.02999877929688,71.06999969482422,914,0.0,0.0,2023-06-29
1176,2023-06-29 14:09:00-04:00,71.06999969482422,71.08999633789062,71.06999969482422,71.08999633789062,1393,0.0,0.0,2023-06-29
1177,2023-06-29 14:13:00-04:00,71.2300033569336,71.2300033569336,71.2300033569336,71.2300033569336,217,0.0,0.0,2023-06-29
1178,2023-06-29 14:14:00-04:00,71.22000122070312,71.22000122070312,71.22000122070312,71.22000122070312,135,0.0,0.0,2023-06-29
1179,2023-06-29 14:15:00-04:00,71.27999877929688,71.27999877929688,71.27999877929688,71.27999877929688,132,0.0,0.0,2023-06-29
1180,2023-06-29 14:16:00-04:00,71.2699966430664,71.2699966430664,71.2699966430664,71.2699966430664,170,0.0,0.0,2023-06-29
1181,2023-06-29 14:18:00-04:00,71.2750015258789,71.27999877929688,71.2750015258789,71.27999877929688,473,0.0,0.0,2023-06-29
1182,2023-06-29 14:19:00-04:00,71.2699966430664,71.30999755859375,71.2699966430664,71.30999755859375,728,0.0,0.0,2023-06-29
1183,2023-06-29 14:21:00-04:00,71.31999969482422,71.31999969482422,71.29000091552734,71.29000091552734,902,0.0,0.0,2023-06-29
1184,2023-06-29 14:22:00-04:00,71.31999969482422,71.31999969482422,71.1500015258789,71.25,7362,0.0,0.0,2023-06-29
1185,2023-06-29 14:23:00-04:00,71.22000122070312,71.2300033569336,71.22000122070312,71.2300033569336,437,0.0,0.0,2023-06-29
1186,2023-06-29 14:24:00-04:00,71.27999877929688,71.27999877929688,71.23500061035156,71.23999786376953,606,0.0,0.0,2023-06-29
1187,2023-06-29 14:25:00-04:00,71.19000244140625,71.19999694824219,71.16999816894531,71.16999816894531,760,0.0,0.0,2023-06-29
1188,2023-06-29 14:27:00-04:00,71.11000061035156,71.11000061035156,71.11000061035156,71.11000061035156,110,0.0,0.0,2023-06-29
1189,2023-06-29 14:28:00-04:00,71.16500091552734,71.16500091552734,71.16500091552734,71.16500091552734,226,0.0,0.0,2023-06-29
1190,2023-06-29 14:29:00-04:00,71.17500305175781,71.17500305175781,71.12000274658203,71.12000274658203,1305,0.0,0.0,2023-06-29
1191,2023-06-29 14:32:00-04:00,71.16000366210938,71.16000366210938,71.16000366210938,71.16000366210938,229,0.0,0.0,2023-06-29
1192,2023-06-29 14:34:00-04:00,71.0999984741211,71.11000061035156,71.08999633789062,71.11000061035156,1327,0.0,0.0,2023-06-29
1193,2023-06-29 14:35:00-04:00,71.12000274658203,71.12000274658203,71.12000274658203,71.12000274658203,211,0.0,0.0,2023-06-29
1194,2023-06-29 14:36:00-04:00,71.12000274658203,71.12000274658203,71.06999969482422,71.0999984741211,2287,0.0,0.0,2023-06-29
1195,2023-06-29 14:37:00-04:00,71.0999984741211,71.0999984741211,71.0999984741211,71.0999984741211,153,0.0,0.0,2023-06-29
1196,2023-06-29 14:38:00-04:00,71.08000183105469,71.11000061035156,71.05999755859375,71.11000061035156,1629,0.0,0.0,2023-06-29
1197,2023-06-29 14:39:00-04:00,71.1449966430664,71.16000366210938,71.1449966430664,71.16000366210938,256,0.0,0.0,2023-06-29
1198,2023-06-29 14:40:00-04:00,71.17500305175781,71.17500305175781,71.0199966430664,71.06999969482422,5119,0.0,0.0,2023-06-29
1199,2023-06-29 14:41:00-04:00,71.0199966430664,71.05000305175781,70.9800033569336,70.9800033569336,2822,0.0,0.0,2023-06-29
1200,2023-06-29 14:42:00-04:00,70.96499633789062,70.97000122070312,70.96499633789062,70.97000122070312,740,0.0,0.0,2023-06-29
1201,2023-06-29 14:44:00-04:00,71.01000213623047,71.04000091552734,71.0,71.01000213623047,3124,0.0,0.0,2023-06-29
1202,2023-06-29 14:45:00-04:00,71.01000213623047,71.01000213623047,70.99500274658203,71.0,1175,0.0,0.0,2023-06-29
1203,2023-06-29 14:46:00-04:00,70.99500274658203,71.0199966430664,70.99500274658203,71.0199966430664,587,0.0,0.0,2023-06-29
1204,2023-06-29 14:47:00-04:00,71.0,71.02999877929688,70.97000122070312,70.9800033569336,6743,0.0,0.0,2023-06-29
1205,2023-06-29 14:48:00-04:00,70.98999786376953,70.98999786376953,70.9800033569336,70.9800033569336,287,0.0,0.0,2023-06-29
1206,2023-06-29 14:50:00-04:00,70.9999008178711,70.9999008178711,70.9999008178711,70.9999008178711,280,0.0,0.0,2023-06-29
1207,2023-06-29 14:51:00-04:00,70.95500183105469,70.9999008178711,70.95500183105469,70.9999008178711,731,0.0,0.0,2023-06-29
1208,2023-06-29 14:53:00-04:00,70.98999786376953,70.98999786376953,70.9800033569336,70.9800033569336,804,0.0,0.0,2023-06-29
1209,2023-06-29 14:54:00-04:00,70.91000366210938,70.93000030517578,70.91000366210938,70.91000366210938,816,0.0,0.0,2023-06-29
1210,2023-06-29 14:55:00-04:00,70.9000015258789,70.9000015258789,70.9000015258789,70.9000015258789,521,0.0,0.0,2023-06-29
1211,2023-06-29 14:57:00-04:00,70.9000015258789,70.91000366210938,70.9000015258789,70.9000015258789,1095,0.0,0.0,2023-06-29
1212,2023-06-29 14:58:00-04:00,70.87999725341797,70.87999725341797,70.86000061035156,70.87000274658203,1274,0.0,0.0,2023-06-29
1213,2023-06-29 14:59:00-04:00,70.87000274658203,70.87999725341797,70.87000274658203,70.87999725341797,461,0.0,0.0,2023-06-29
1214,2023-06-29 15:00:00-04:00,70.9000015258789,70.9000015258789,70.87000274658203,70.87000274658203,608,0.0,0.0,2023-06-29
1215,2023-06-29 15:01:00-04:00,70.88999938964844,70.90499877929688,70.88999938964844,70.90499877929688,276,0.0,0.0,2023-06-29
1216,2023-06-29 15:02:00-04:00,70.91000366210938,70.93000030517578,70.91000366210938,70.91000366210938,783,0.0,0.0,2023-06-29
1217,2023-06-29 15:03:00-04:00,70.91000366210938,70.91000366210938,70.86000061035156,70.86000061035156,934,0.0,0.0,2023-06-29
1218,2023-06-29 15:04:00-04:00,70.86499786376953,70.86499786376953,70.8550033569336,70.8550033569336,402,0.0,0.0,2023-06-29
1219,2023-06-29 15:05:00-04:00,70.87999725341797,70.88999938964844,70.86000061035156,70.86000061035156,500,0.0,0.0,2023-06-29
1220,2023-06-29 15:06:00-04:00,70.86000061035156,70.86000061035156,70.80999755859375,70.80999755859375,1363,0.0,0.0,2023-06-29
1221,2023-06-29 15:07:00-04:00,70.79000091552734,70.79000091552734,70.77999877929688,70.77999877929688,318,0.0,0.0,2023-06-29
1222,2023-06-29 15:08:00-04:00,70.78500366210938,70.81999969482422,70.76000213623047,70.76000213623047,1594,0.0,0.0,2023-06-29
1223,2023-06-29 15:10:00-04:00,70.76000213623047,70.76000213623047,70.76000213623047,70.76000213623047,402,0.0,0.0,2023-06-29
1224,2023-06-29 15:11:00-04:00,70.80000305175781,70.80000305175781,70.80000305175781,70.80000305175781,301,0.0,0.0,2023-06-29
1225,2023-06-29 15:12:00-04:00,70.81999969482422,70.81999969482422,70.81999969482422,70.81999969482422,323,0.0,0.0,2023-06-29
1226,2023-06-29 15:14:00-04:00,70.93000030517578,70.93000030517578,70.80999755859375,70.80999755859375,2473,0.0,0.0,2023-06-29
1227,2023-06-29 15:15:00-04:00,70.80000305175781,70.80500030517578,70.80000305175781,70.80500030517578,654,0.0,0.0,2023-06-29
1228,2023-06-29 15:16:00-04:00,70.8499984741211,70.8499984741211,70.69000244140625,70.72000122070312,4104,0.0,0.0,2023-06-29
1229,2023-06-29 15:17:00-04:00,70.72000122070312,70.72000122070312,70.72000122070312,70.72000122070312,415,0.0,0.0,2023-06-29
1230,2023-06-29 15:18:00-04:00,70.71499633789062,70.71499633789062,70.58999633789062,70.61499786376953,8820,0.0,0.0,2023-06-29
1231,2023-06-29 15:20:00-04:00,70.63999938964844,70.68000030517578,70.56500244140625,70.5999984741211,13218,0.0,0.0,2023-06-29
1232,2023-06-29 15:21:00-04:00,70.5999984741211,70.61000061035156,70.54000091552734,70.54000091552734,3441,0.0,0.0,2023-06-29
1233,2023-06-29 15:22:00-04:00,70.54000091552734,70.55999755859375,70.48999786376953,70.48999786376953,7193,0.0,0.0,2023-06-29
1234,2023-06-29 15:23:00-04:00,70.5,70.5,70.5,70.5,413,0.0,0.0,2023-06-29
1235,2023-06-29 15:24:00-04:00,70.5199966430664,70.5999984741211,70.5199966430664,70.5999984741211,1643,0.0,0.0,2023-06-29
1236,2023-06-29 15:25:00-04:00,70.62000274658203,70.75499725341797,70.62000274658203,70.7300033569336,3141,0.0,0.0,2023-06-29
1237,2023-06-29 15:26:00-04:00,70.75,70.7698974609375,70.70999908447266,70.75,4882,0.0,0.0,2023-06-29
1238,2023-06-29 15:27:00-04:00,70.75,70.7699966430664,70.7300033569336,70.75,6174,0.0,0.0,2023-06-29
1239,2023-06-29 15:28:00-04:00,70.75,70.76249694824219,70.75,70.75,1142,0.0,0.0,2023-06-29
1240,2023-06-29 15:29:00-04:00,70.76000213623047,70.76000213623047,70.75,70.76000213623047,2080,0.0,0.0,2023-06-29
1241,2023-06-29 15:30:00-04:00,70.72000122070312,70.7300033569336,70.54000091552734,70.55000305175781,8930,0.0,0.0,2023-06-29
1242,2023-06-29 15:31:00-04:00,70.54000091552734,70.55999755859375,70.48999786376953,70.52999877929688,21861,0.0,0.0,2023-06-29
1243,2023-06-29 15:32:00-04:00,70.52999877929688,70.63999938964844,70.52999877929688,70.63999938964844,1527,0.0,0.0,2023-06-29
1244,2023-06-29 15:33:00-04:00,70.62999725341797,70.70999908447266,70.62999725341797,70.66500091552734,1542,0.0,0.0,2023-06-29
1245,2023-06-29 15:34:00-04:00,70.66500091552734,70.75,70.5,70.54000091552734,15777,0.0,0.0,2023-06-29
1246,2023-06-29 15:35:00-04:00,70.54000091552734,70.61000061035156,70.4800033569336,70.4800033569336,5241,0.0,0.0,2023-06-29
1247,2023-06-29 15:36:00-04:00,70.5199966430664,70.55000305175781,70.5199966430664,70.55000305175781,2040,0.0,0.0,2023-06-29
1248,2023-06-29 15:37:00-04:00,70.58000183105469,70.62000274658203,70.56999969482422,70.62000274658203,2478,0.0,0.0,2023-06-29
1249,2023-06-29 15:38:00-04:00,70.62000274658203,70.66999816894531,70.62000274658203,70.63999938964844,1475,0.0,0.0,2023-06-29
1250,2023-06-29 15:39:00-04:00,70.68000030517578,70.68000030517578,70.44000244140625,70.47000122070312,17239,0.0,0.0,2023-06-29
1251,2023-06-29 15:40:00-04:00,70.45999908447266,70.55000305175781,70.44999694824219,70.55000305175781,1706,0.0,0.0,2023-06-29
1252,2023-06-29 15:41:00-04:00,70.47000122070312,70.5,70.2699966430664,70.43000030517578,28491,0.0,0.0,2023-06-29
1253,2023-06-29 15:42:00-04:00,70.375,70.38999938964844,70.27999877929688,70.30999755859375,15299,0.0,0.0,2023-06-29
1254,2023-06-29 15:43:00-04:00,70.29000091552734,70.33999633789062,70.16000366210938,70.30999755859375,19260,0.0,0.0,2023-06-29
1255,2023-06-29 15:44:00-04:00,70.30999755859375,70.37999725341797,70.27999877929688,70.37999725341797,8534,0.0,0.0,2023-06-29
1256,2023-06-29 15:45:00-04:00,70.41999816894531,70.62999725341797,70.41999816894531,70.56500244140625,2384,0.0,0.0,2023-06-29
1257,2023-06-29 15:46:00-04:00,70.56999969482422,70.62999725341797,70.55000305175781,70.58999633789062,2458,0.0,0.0,2023-06-29
1258,2023-06-29 15:47:00-04:00,70.58999633789062,70.61000061035156,70.51000213623047,70.61000061035156,2912,0.0,0.0,2023-06-29
1259,2023-06-29 15:48:00-04:00,70.58999633789062,70.62999725341797,70.58999633789062,70.62999725341797,1584,0.0,0.0,2023-06-29
1260,2023-06-29 15:49:00-04:00,70.63999938964844,70.6449966430664,70.58999633789062,70.62999725341797,2637,0.0,0.0,2023-06-29
1261,2023-06-29 15:50:00-04:00,70.66999816894531,70.75,70.66999816894531,70.75,1851,0.0,0.0,2023-06-29
1262,2023-06-29 15:51:00-04:00,70.80000305175781,70.83000183105469,70.58999633789062,70.5999984741211,10462,0.0,0.0,2023-06-29
1263,2023-06-29 15:52:00-04:00,70.5999984741211,70.63999938964844,70.5199966430664,70.55999755859375,12181,0.0,0.0,2023-06-29
1264,2023-06-29 15:53:00-04:00,70.50499725341797,70.55000305175781,70.47000122070312,70.4800033569336,11997,0.0,0.0,2023-06-29
1265,2023-06-29 15:54:00-04:00,70.5,70.50900268554688,70.20999908447266,70.2249984741211,45112,0.0,0.0,2023-06-29
1266,2023-06-29 15:55:00-04:00,70.23999786376953,70.43000030517578,70.22000122070312,70.36000061035156,26736,0.0,0.0,2023-06-29
1267,2023-06-29 15:56:00-04:00,70.36000061035156,70.36000061035156,70.2249984741211,70.3550033569336,14716,0.0,0.0,2023-06-29
1268,2023-06-29 15:57:00-04:00,70.33000183105469,70.5,70.2300033569336,70.23999786376953,32371,0.0,0.0,2023-06-29
1269,2023-06-29 15:58:00-04:00,70.25,70.38999938964844,70.2300033569336,70.30000305175781,41499,0.0,0.0,2023-06-29
1270,2023-06-29 15:59:00-04:00,70.31999969482422,70.38500213623047,70.23999786376953,70.27999877929688,31765,0.0,0.0,2023-06-29
1271,2023-06-30 09:30:00-04:00,70.94000244140625,70.94000244140625,70.94000244140625,70.94000244140625,3295,0.0,0.0,2023-06-30
1272,2023-06-30 09:33:00-04:00,71.56999969482422,71.56999969482422,70.83000183105469,70.83000183105469,897,0.0,0.0,2023-06-30
1273,2023-06-30 09:34:00-04:00,70.76000213623047,70.97000122070312,70.76000213623047,70.97000122070312,1491,0.0,0.0,2023-06-30
1274,2023-06-30 09:35:00-04:00,71.0999984741211,71.0999984741211,71.0,71.0,718,0.0,0.0,2023-06-30
1275,2023-06-30 09:41:00-04:00,70.9000015258789,71.0,70.88999938964844,70.9749984741211,879,0.0,0.0,2023-06-30
1276,2023-06-30 09:42:00-04:00,71.25,71.25,71.25,71.25,472,0.0,0.0,2023-06-30
1277,2023-06-30 09:50:00-04:00,70.72000122070312,70.81999969482422,70.72000122070312,70.7300033569336,671,0.0,0.0,2023-06-30
1278,2023-06-30 09:51:00-04:00,70.87000274658203,70.89990234375,70.81999969482422,70.81999969482422,1239,0.0,0.0,2023-06-30
1279,2023-06-30 09:53:00-04:00,70.75,70.8499984741211,70.75,70.8499984741211,431,0.0,0.0,2023-06-30
1280,2023-06-30 09:55:00-04:00,70.7488021850586,70.7699966430664,70.7488021850586,70.7699966430664,449,0.0,0.0,2023-06-30
1281,2023-06-30 09:58:00-04:00,70.86000061035156,70.86000061035156,70.86000061035156,70.86000061035156,126,0.0,0.0,2023-06-30
1282,2023-06-30 09:59:00-04:00,70.69000244140625,70.69000244140625,70.69000244140625,70.69000244140625,549,0.0,0.0,2023-06-30
1283,2023-06-30 10:02:00-04:00,70.71499633789062,70.71499633789062,70.71499633789062,70.71499633789062,123,0.0,0.0,2023-06-30
1284,2023-06-30 10:03:00-04:00,70.73500061035156,70.73500061035156,70.73500061035156,70.73500061035156,551,0.0,0.0,2023-06-30
1285,2023-06-30 10:08:00-04:00,70.73999786376953,70.73999786376953,70.6500015258789,70.6500015258789,921,0.0,0.0,2023-06-30
1286,2023-06-30 10:09:00-04:00,70.72000122070312,70.72000122070312,70.72000122070312,70.72000122070312,698,0.0,0.0,2023-06-30
1287,2023-06-30 10:10:00-04:00,70.66000366210938,70.7300033569336,70.62999725341797,70.66999816894531,1738,0.0,0.0,2023-06-30
1288,2023-06-30 10:13:00-04:00,70.56999969482422,70.56999969482422,70.56999969482422,70.56999969482422,324,0.0,0.0,2023-06-30
1289,2023-06-30 10:16:00-04:00,70.54000091552734,70.54000091552734,70.47000122070312,70.48999786376953,555,0.0,0.0,2023-06-30
1290,2023-06-30 10:17:00-04:00,70.4000015258789,70.4000015258789,70.3499984741211,70.38999938964844,1885,0.0,0.0,2023-06-30
1291,2023-06-30 10:19:00-04:00,70.3499984741211,70.3550033569336,70.30000305175781,70.30000305175781,870,0.0,0.0,2023-06-30
1292,2023-06-30 10:21:00-04:00,70.27999877929688,70.27999877929688,70.27999877929688,70.27999877929688,265,0.0,0.0,2023-06-30
1293,2023-06-30 10:22:00-04:00,70.37000274658203,70.37000274658203,70.37000274658203,70.37000274658203,243,0.0,0.0,2023-06-30
1294,2023-06-30 10:24:00-04:00,70.29000091552734,70.29000091552734,70.29000091552734,70.29000091552734,452,0.0,0.0,2023-06-30
1295,2023-06-30 10:26:00-04:00,70.44999694824219,70.44999694824219,70.44999694824219,70.44999694824219,366,0.0,0.0,2023-06-30
1296,2023-06-30 10:28:00-04:00,70.51000213623047,70.51000213623047,70.51000213623047,70.51000213623047,341,0.0,0.0,2023-06-30
1297,2023-06-30 10:32:00-04:00,70.63999938964844,70.63999938964844,70.63999938964844,70.63999938964844,100,0.0,0.0,2023-06-30
1298,2023-06-30 10:33:00-04:00,70.58000183105469,70.58000183105469,70.58000183105469,70.58000183105469,178,0.0,0.0,2023-06-30
1299,2023-06-30 10:34:00-04:00,70.58999633789062,70.72000122070312,70.58000183105469,70.58000183105469,993,0.0,0.0,2023-06-30
1300,2023-06-30 10:35:00-04:00,70.56999969482422,70.56999969482422,70.51000213623047,70.51000213623047,403,0.0,0.0,2023-06-30
1301,2023-06-30 10:36:00-04:00,70.51499938964844,70.51499938964844,70.5,70.5,290,0.0,0.0,2023-06-30
1302,2023-06-30 10:37:00-04:00,70.5,70.5,70.5,70.5,398,0.0,0.0,2023-06-30
1303,2023-06-30 10:38:00-04:00,70.43499755859375,70.43499755859375,70.43499755859375,70.43499755859375,229,0.0,0.0,2023-06-30
1304,2023-06-30 10:39:00-04:00,70.43499755859375,70.43499755859375,70.43499755859375,70.43499755859375,101,0.0,0.0,2023-06-30
1305,2023-06-30 10:40:00-04:00,70.43499755859375,70.43499755859375,70.43499755859375,70.43499755859375,418,0.0,0.0,2023-06-30
1306,2023-06-30 10:41:00-04:00,70.44000244140625,70.44499969482422,70.44000244140625,70.44499969482422,286,0.0,0.0,2023-06-30
1307,2023-06-30 10:42:00-04:00,70.44999694824219,70.44999694824219,70.44999694824219,70.44999694824219,113,0.0,0.0,2023-06-30
1308,2023-06-30 10:43:00-04:00,70.41000366210938,70.41999816894531,70.41000366210938,70.41999816894531,331,0.0,0.0,2023-06-30
1309,2023-06-30 10:44:00-04:00,70.55000305175781,70.55000305175781,70.44999694824219,70.46499633789062,691,0.0,0.0,2023-06-30
1310,2023-06-30 10:45:00-04:00,70.47000122070312,70.47000122070312,70.47000122070312,70.47000122070312,101,0.0,0.0,2023-06-30
1311,2023-06-30 10:46:00-04:00,70.47000122070312,70.47000122070312,70.47000122070312,70.47000122070312,316,0.0,0.0,2023-06-30
1312,2023-06-30 10:47:00-04:00,70.47000122070312,70.47000122070312,70.47000122070312,70.47000122070312,248,0.0,0.0,2023-06-30
1313,2023-06-30 10:48:00-04:00,70.3499984741211,70.3499984741211,70.26000213623047,70.26000213623047,1533,0.0,0.0,2023-06-30
1314,2023-06-30 10:49:00-04:00,70.19999694824219,70.19999694824219,70.19999694824219,70.19999694824219,487,0.0,0.0,2023-06-30
1315,2023-06-30 10:50:00-04:00,70.11499786376953,70.11499786376953,70.11499786376953,70.11499786376953,186,0.0,0.0,2023-06-30
1316,2023-06-30 10:51:00-04:00,70.05999755859375,70.05999755859375,70.05999755859375,70.05999755859375,136,0.0,0.0,2023-06-30
1317,2023-06-30 10:52:00-04:00,70.13999938964844,70.25,70.13999938964844,70.13999938964844,1773,0.0,0.0,2023-06-30
1318,2023-06-30 10:53:00-04:00,70.16500091552734,70.16500091552734,70.16500091552734,70.16500091552734,449,0.0,0.0,2023-06-30
1319,2023-06-30 10:58:00-04:00,70.26000213623047,70.26000213623047,70.26000213623047,70.26000213623047,162,0.0,0.0,2023-06-30
1320,2023-06-30 11:01:00-04:00,70.25499725341797,70.33000183105469,70.25499725341797,70.33000183105469,744,0.0,0.0,2023-06-30
1321,2023-06-30 11:02:00-04:00,70.3949966430664,70.3949966430664,70.3949966430664,70.3949966430664,200,0.0,0.0,2023-06-30
1322,2023-06-30 11:04:00-04:00,70.41999816894531,70.41999816894531,70.41999816894531,70.41999816894531,102,0.0,0.0,2023-06-30
1323,2023-06-30 11:05:00-04:00,70.37999725341797,70.37999725341797,70.37999725341797,70.37999725341797,114,0.0,0.0,2023-06-30
1324,2023-06-30 11:06:00-04:00,70.37999725341797,70.37999725341797,70.37999725341797,70.37999725341797,755,0.0,0.0,2023-06-30
1325,2023-06-30 11:07:00-04:00,70.45999908447266,70.45999908447266,70.38999938964844,70.38999938964844,476,0.0,0.0,2023-06-30
1326,2023-06-30 11:10:00-04:00,70.4000015258789,70.4000015258789,70.37999725341797,70.37999725341797,687,0.0,0.0,2023-06-30
1327,2023-06-30 11:12:00-04:00,70.33000183105469,70.37000274658203,70.33000183105469,70.37000274658203,1539,0.0,0.0,2023-06-30
1328,2023-06-30 11:14:00-04:00,70.37000274658203,70.37000274658203,70.37000274658203,70.37000274658203,227,0.0,0.0,2023-06-30
1329,2023-06-30 11:15:00-04:00,70.37000274658203,70.37000274658203,70.37000274658203,70.37000274658203,216,0.0,0.0,2023-06-30
1330,2023-06-30 11:17:00-04:00,70.40499877929688,70.40499877929688,70.33000183105469,70.33000183105469,203,0.0,0.0,2023-06-30
1331,2023-06-30 11:18:00-04:00,70.30000305175781,70.30000305175781,70.20999908447266,70.20999908447266,1196,0.0,0.0,2023-06-30
1332,2023-06-30 11:19:00-04:00,70.18689727783203,70.19999694824219,70.18689727783203,70.19999694824219,845,0.0,0.0,2023-06-30
1333,2023-06-30 11:20:00-04:00,70.19999694824219,70.19999694824219,70.19999694824219,70.19999694824219,632,0.0,0.0,2023-06-30
1334,2023-06-30 11:23:00-04:00,70.19000244140625,70.19000244140625,70.19000244140625,70.19000244140625,280,0.0,0.0,2023-06-30
1335,2023-06-30 11:25:00-04:00,70.13999938964844,70.13999938964844,70.08000183105469,70.08999633789062,965,0.0,0.0,2023-06-30
1336,2023-06-30 11:26:00-04:00,70.0999984741211,70.0999984741211,70.0999984741211,70.0999984741211,359,0.0,0.0,2023-06-30
1337,2023-06-30 11:31:00-04:00,70.05000305175781,70.08499908447266,70.02999877929688,70.08499908447266,1415,0.0,0.0,2023-06-30
1338,2023-06-30 11:32:00-04:00,70.11000061035156,70.11000061035156,70.11000061035156,70.11000061035156,208,0.0,0.0,2023-06-30
1339,2023-06-30 11:35:00-04:00,70.08999633789062,70.08999633789062,70.08999633789062,70.08999633789062,656,0.0,0.0,2023-06-30
1340,2023-06-30 11:36:00-04:00,70.13999938964844,70.13999938964844,70.13999938964844,70.13999938964844,102,0.0,0.0,2023-06-30
1341,2023-06-30 11:37:00-04:00,70.13999938964844,70.13999938964844,70.13999938964844,70.13999938964844,100,0.0,0.0,2023-06-30
1342,2023-06-30 11:38:00-04:00,70.13999938964844,70.13999938964844,70.13999938964844,70.13999938964844,102,0.0,0.0,2023-06-30
1343,2023-06-30 11:39:00-04:00,70.22000122070312,70.22000122070312,70.22000122070312,70.22000122070312,328,0.0,0.0,2023-06-30
1344,2023-06-30 11:41:00-04:00,70.16500091552734,70.16500091552734,70.16500091552734,70.16500091552734,103,0.0,0.0,2023-06-30
1345,2023-06-30 11:42:00-04:00,70.16000366210938,70.16000366210938,70.16000366210938,70.16000366210938,202,0.0,0.0,2023-06-30
1346,2023-06-30 11:43:00-04:00,70.23999786376953,70.23999786376953,70.23999786376953,70.23999786376953,163,0.0,0.0,2023-06-30
1347,2023-06-30 11:44:00-04:00,70.1500015258789,70.1500015258789,70.1500015258789,70.1500015258789,747,0.0,0.0,2023-06-30
1348,2023-06-30 11:45:00-04:00,70.12999725341797,70.18000030517578,70.12999725341797,70.18000030517578,342,0.0,0.0,2023-06-30
1349,2023-06-30 11:46:00-04:00,70.15499877929688,70.16500091552734,70.15499877929688,70.16500091552734,201,0.0,0.0,2023-06-30
1350,2023-06-30 11:47:00-04:00,70.16000366210938,70.16000366210938,70.16000366210938,70.16000366210938,106,0.0,0.0,2023-06-30
1351,2023-06-30 11:48:00-04:00,70.17500305175781,70.25,70.10009765625,70.25,356,0.0,0.0,2023-06-30
1352,2023-06-30 11:49:00-04:00,70.18499755859375,70.2698974609375,70.18499755859375,70.2698974609375,244,0.0,0.0,2023-06-30
1353,2023-06-30 11:50:00-04:00,70.16000366210938,70.18000030517578,70.12999725341797,70.18000030517578,1270,0.0,0.0,2023-06-30
1354,2023-06-30 11:51:00-04:00,70.18000030517578,70.18000030517578,70.18000030517578,70.18000030517578,227,0.0,0.0,2023-06-30
1355,2023-06-30 11:52:00-04:00,70.1458969116211,70.1458969116211,70.12999725341797,70.12999725341797,641,0.0,0.0,2023-06-30
1356,2023-06-30 11:53:00-04:00,70.16500091552734,70.16500091552734,70.16500091552734,70.16500091552734,150,0.0,0.0,2023-06-30
1357,2023-06-30 11:54:00-04:00,70.20999908447266,70.20999908447266,70.11499786376953,70.11499786376953,571,0.0,0.0,2023-06-30
1358,2023-06-30 11:55:00-04:00,70.06999969482422,70.06999969482422,70.0199966430664,70.04000091552734,2527,0.0,0.0,2023-06-30
1359,2023-06-30 11:57:00-04:00,70.03500366210938,70.03500366210938,70.03500366210938,70.03500366210938,215,0.0,0.0,2023-06-30
1360,2023-06-30 11:58:00-04:00,70.04000091552734,70.04000091552734,70.03500366210938,70.03500366210938,354,0.0,0.0,2023-06-30
1361,2023-06-30 11:59:00-04:00,70.03500366210938,70.03500366210938,70.03500366210938,70.03500366210938,294,0.0,0.0,2023-06-30
1362,2023-06-30 12:00:00-04:00,70.03500366210938,70.03500366210938,70.03500366210938,70.03500366210938,121,0.0,0.0,2023-06-30
1363,2023-06-30 12:01:00-04:00,70.05000305175781,70.05000305175781,69.91999816894531,69.91999816894531,2961,0.0,0.0,2023-06-30
1364,2023-06-30 12:03:00-04:00,69.91000366210938,69.91000366210938,69.87999725341797,69.87999725341797,883,0.0,0.0,2023-06-30
1365,2023-06-30 12:05:00-04:00,69.9281005859375,69.9281005859375,69.9281005859375,69.9281005859375,274,0.0,0.0,2023-06-30
1366,2023-06-30 12:09:00-04:00,69.88500213623047,69.88500213623047,69.88500213623047,69.88500213623047,244,0.0,0.0,2023-06-30
1367,2023-06-30 12:10:00-04:00,69.88999938964844,69.94000244140625,69.88999938964844,69.94000244140625,811,0.0,0.0,2023-06-30
1368,2023-06-30 12:11:00-04:00,69.94000244140625,69.94000244140625,69.94000244140625,69.94000244140625,625,0.0,0.0,2023-06-30
1369,2023-06-30 12:12:00-04:00,69.91999816894531,69.91999816894531,69.91999816894531,69.91999816894531,208,0.0,0.0,2023-06-30
1370,2023-06-30 12:14:00-04:00,69.88999938964844,69.88999938964844,69.88999938964844,69.88999938964844,129,0.0,0.0,2023-06-30
1371,2023-06-30 12:16:00-04:00,69.8499984741211,69.8499984741211,69.8499984741211,69.8499984741211,341,0.0,0.0,2023-06-30
1372,2023-06-30 12:18:00-04:00,69.83999633789062,69.86000061035156,69.80999755859375,69.8499984741211,983,0.0,0.0,2023-06-30
1373,2023-06-30 12:24:00-04:00,69.8550033569336,69.9000015258789,69.8550033569336,69.87000274658203,1024,0.0,0.0,2023-06-30
1374,2023-06-30 12:28:00-04:00,69.94000244140625,69.94000244140625,69.91500091552734,69.91500091552734,884,0.0,0.0,2023-06-30
1375,2023-06-30 12:29:00-04:00,69.91999816894531,69.91999816894531,69.91999816894531,69.91999816894531,846,0.0,0.0,2023-06-30
1376,2023-06-30 12:35:00-04:00,69.9800033569336,69.98999786376953,69.9800033569336,69.9800033569336,700,0.0,0.0,2023-06-30
1377,2023-06-30 12:36:00-04:00,69.95999908447266,69.95999908447266,69.95999908447266,69.95999908447266,831,0.0,0.0,2023-06-30
1378,2023-06-30 12:37:00-04:00,70.0199966430664,70.0199966430664,70.0199966430664,70.0199966430664,137,0.0,0.0,2023-06-30
1379,2023-06-30 12:38:00-04:00,70.0250015258789,70.0250015258789,70.01000213623047,70.01000213623047,357,0.0,0.0,2023-06-30
1380,2023-06-30 12:43:00-04:00,70.125,70.1500015258789,70.1050033569336,70.1050033569336,1125,0.0,0.0,2023-06-30
1381,2023-06-30 12:44:00-04:00,70.08000183105469,70.08000183105469,70.05999755859375,70.08000183105469,2067,0.0,0.0,2023-06-30
1382,2023-06-30 12:45:00-04:00,70.07499694824219,70.07499694824219,69.99500274658203,69.99500274658203,2233,0.0,0.0,2023-06-30
1383,2023-06-30 12:46:00-04:00,70.04000091552734,70.04000091552734,70.04000091552734,70.04000091552734,451,0.0,0.0,2023-06-30
1384,2023-06-30 12:47:00-04:00,69.99500274658203,69.99500274658203,69.99500274658203,69.99500274658203,936,0.0,0.0,2023-06-30
1385,2023-06-30 12:48:00-04:00,69.95999908447266,69.95999908447266,69.91999816894531,69.91999816894531,998,0.0,0.0,2023-06-30
1386,2023-06-30 12:49:00-04:00,69.91500091552734,69.91500091552734,69.88500213623047,69.88500213623047,452,0.0,0.0,2023-06-30
1387,2023-06-30 12:50:00-04:00,69.88999938964844,69.88999938964844,69.88999938964844,69.88999938964844,225,0.0,0.0,2023-06-30
1388,2023-06-30 12:52:00-04:00,69.8499984741211,69.8499984741211,69.8499984741211,69.8499984741211,164,0.0,0.0,2023-06-30
1389,2023-06-30 12:54:00-04:00,69.86499786376953,69.86499786376953,69.86499786376953,69.86499786376953,151,0.0,0.0,2023-06-30
1390,2023-06-30 12:58:00-04:00,69.86000061035156,69.86000061035156,69.86000061035156,69.86000061035156,182,0.0,0.0,2023-06-30
1391,2023-06-30 13:00:00-04:00,69.86000061035156,69.86000061035156,69.86000061035156,69.86000061035156,116,0.0,0.0,2023-06-30
1392,2023-06-30 13:02:00-04:00,69.87000274658203,69.87000274658203,69.76000213623047,69.7750015258789,2920,0.0,0.0,2023-06-30
1393,2023-06-30 13:04:00-04:00,69.80999755859375,69.82499694824219,69.75499725341797,69.79000091552734,1568,0.0,0.0,2023-06-30
1394,2023-06-30 13:07:00-04:00,69.81500244140625,69.81500244140625,69.80999755859375,69.80999755859375,323,0.0,0.0,2023-06-30
1395,2023-06-30 13:10:00-04:00,69.79000091552734,69.79000091552734,69.75,69.75,1128,0.0,0.0,2023-06-30
1396,2023-06-30 13:11:00-04:00,69.75,69.75,69.73999786376953,69.73999786376953,482,0.0,0.0,2023-06-30
1397,2023-06-30 13:12:00-04:00,69.7699966430664,69.7699966430664,69.7699966430664,69.7699966430664,300,0.0,0.0,2023-06-30
1398,2023-06-30 13:14:00-04:00,69.72000122070312,69.72000122070312,69.63999938964844,69.66000366210938,1777,0.0,0.0,2023-06-30
1399,2023-06-30 13:15:00-04:00,69.69999694824219,69.69999694824219,69.69999694824219,69.69999694824219,308,0.0,0.0,2023-06-30
1400,2023-06-30 13:17:00-04:00,69.66000366210938,69.69999694824219,69.66000366210938,69.69999694824219,719,0.0,0.0,2023-06-30
1401,2023-06-30 13:21:00-04:00,69.6500015258789,69.6500015258789,69.62000274658203,69.63999938964844,705,0.0,0.0,2023-06-30
1402,2023-06-30 13:22:00-04:00,69.62000274658203,69.62000274658203,69.62000274658203,69.62000274658203,350,0.0,0.0,2023-06-30
1403,2023-06-30 13:23:00-04:00,69.62000274658203,69.62000274658203,69.62000274658203,69.62000274658203,355,0.0,0.0,2023-06-30
1404,2023-06-30 13:26:00-04:00,69.62999725341797,69.62999725341797,69.62000274658203,69.62000274658203,406,0.0,0.0,2023-06-30
1405,2023-06-30 13:27:00-04:00,69.58999633789062,69.58999633789062,69.55999755859375,69.57499694824219,1187,0.0,0.0,2023-06-30
1406,2023-06-30 13:29:00-04:00,69.54000091552734,69.56500244140625,69.54000091552734,69.56500244140625,309,0.0,0.0,2023-06-30
1407,2023-06-30 13:31:00-04:00,69.56999969482422,69.61000061035156,69.56999969482422,69.61000061035156,457,0.0,0.0,2023-06-30
1408,2023-06-30 13:34:00-04:00,69.59500122070312,69.62999725341797,69.59500122070312,69.62999725341797,328,0.0,0.0,2023-06-30
1409,2023-06-30 13:35:00-04:00,69.55999755859375,69.55999755859375,69.55999755859375,69.55999755859375,392,0.0,0.0,2023-06-30
1410,2023-06-30 13:36:00-04:00,69.5,69.5,69.43000030517578,69.44000244140625,1688,0.0,0.0,2023-06-30
1411,2023-06-30 13:37:00-04:00,69.43000030517578,69.44000244140625,69.41999816894531,69.41999816894531,926,0.0,0.0,2023-06-30
1412,2023-06-30 13:38:00-04:00,69.38999938964844,69.38999938964844,69.38999938964844,69.38999938964844,942,0.0,0.0,2023-06-30
1413,2023-06-30 13:42:00-04:00,69.41000366210938,69.41000366210938,69.33000183105469,69.33000183105469,1071,0.0,0.0,2023-06-30
1414,2023-06-30 13:43:00-04:00,69.31999969482422,69.31999969482422,69.31999969482422,69.31999969482422,759,0.0,0.0,2023-06-30
1415,2023-06-30 13:44:00-04:00,69.30999755859375,69.30999755859375,69.30000305175781,69.30000305175781,311,0.0,0.0,2023-06-30
1416,2023-06-30 13:45:00-04:00,69.30000305175781,69.31500244140625,69.26000213623047,69.26000213623047,745,0.0,0.0,2023-06-30
1417,2023-06-30 13:48:00-04:00,69.23999786376953,69.30500030517578,69.23999786376953,69.30500030517578,351,0.0,0.0,2023-06-30
1418,2023-06-30 13:50:00-04:00,69.2300033569336,69.2300033569336,69.2300033569336,69.2300033569336,422,0.0,0.0,2023-06-30
1419,2023-06-30 13:55:00-04:00,69.19000244140625,69.22000122070312,69.19000244140625,69.22000122070312,1017,0.0,0.0,2023-06-30
1420,2023-06-30 14:00:00-04:00,69.29000091552734,69.29000091552734,69.29000091552734,69.29000091552734,285,0.0,0.0,2023-06-30
1421,2023-06-30 14:01:00-04:00,69.19000244140625,69.19000244140625,69.16500091552734,69.18000030517578,1716,0.0,0.0,2023-06-30
1422,2023-06-30 14:03:00-04:00,69.16999816894531,69.16999816894531,69.16999816894531,69.16999816894531,136,0.0,0.0,2023-06-30
1423,2023-06-30 14:04:00-04:00,69.16000366210938,69.16000366210938,69.16000366210938,69.16000366210938,525,0.0,0.0,2023-06-30
1424,2023-06-30 14:05:00-04:00,69.11000061035156,69.13999938964844,69.11000061035156,69.13800048828125,1466,0.0,0.0,2023-06-30
1425,2023-06-30 14:06:00-04:00,69.17500305175781,69.18000030517578,69.17500305175781,69.18000030517578,1024,0.0,0.0,2023-06-30
1426,2023-06-30 14:07:00-04:00,69.13999938964844,69.13999938964844,69.12999725341797,69.12999725341797,1323,0.0,0.0,2023-06-30
1427,2023-06-30 14:10:00-04:00,69.12999725341797,69.20999908447266,69.12999725341797,69.20999908447266,712,0.0,0.0,2023-06-30
1428,2023-06-30 14:12:00-04:00,69.13999938964844,69.1500015258789,69.05999755859375,69.05999755859375,3399,0.0,0.0,2023-06-30
1429,2023-06-30 14:13:00-04:00,69.06500244140625,69.12000274658203,69.06500244140625,69.12000274658203,1453,0.0,0.0,2023-06-30
1430,2023-06-30 14:15:00-04:00,69.08999633789062,69.08999633789062,69.08999633789062,69.08999633789062,427,0.0,0.0,2023-06-30
1431,2023-06-30 14:16:00-04:00,69.09500122070312,69.09500122070312,69.09500122070312,69.09500122070312,426,0.0,0.0,2023-06-30
1432,2023-06-30 14:17:00-04:00,69.05999755859375,69.05999755859375,69.02999877929688,69.02999877929688,1223,0.0,0.0,2023-06-30
1433,2023-06-30 14:18:00-04:00,69.02999877929688,69.02999877929688,69.02999877929688,69.02999877929688,394,0.0,0.0,2023-06-30
1434,2023-06-30 14:19:00-04:00,69.01000213623047,69.01000213623047,69.01000213623047,69.01000213623047,205,0.0,0.0,2023-06-30
1435,2023-06-30 14:20:00-04:00,69.04499816894531,69.04499816894531,69.04499816894531,69.04499816894531,311,0.0,0.0,2023-06-30
1436,2023-06-30 14:21:00-04:00,69.0199966430664,69.0199966430664,68.97000122070312,68.97000122070312,2011,0.0,0.0,2023-06-30
1437,2023-06-30 14:22:00-04:00,68.94999694824219,68.94999694824219,68.93070220947266,68.93070220947266,516,0.0,0.0,2023-06-30
1438,2023-06-30 14:23:00-04:00,68.87000274658203,68.89250183105469,68.87000274658203,68.89250183105469,537,0.0,0.0,2023-06-30
1439,2023-06-30 14:25:00-04:00,68.91000366210938,68.91000366210938,68.9000015258789,68.9000015258789,610,0.0,0.0,2023-06-30
1440,2023-06-30 14:26:00-04:00,68.9000015258789,68.9000015258789,68.88500213623047,68.88500213623047,914,0.0,0.0,2023-06-30
1441,2023-06-30 14:27:00-04:00,68.9000015258789,68.91999816894531,68.9000015258789,68.91999816894531,578,0.0,0.0,2023-06-30
1442,2023-06-30 14:28:00-04:00,68.93000030517578,68.93000030517578,68.92500305175781,68.92500305175781,514,0.0,0.0,2023-06-30
1443,2023-06-30 14:30:00-04:00,68.93499755859375,68.93499755859375,68.93499755859375,68.93499755859375,306,0.0,0.0,2023-06-30
1444,2023-06-30 14:31:00-04:00,68.93499755859375,68.93499755859375,68.8499984741211,68.88500213623047,2677,0.0,0.0,2023-06-30
1445,2023-06-30 14:32:00-04:00,68.90499877929688,68.90499877929688,68.90499877929688,68.90499877929688,104,0.0,0.0,2023-06-30
1446,2023-06-30 14:33:00-04:00,68.86000061035156,68.86000061035156,68.86000061035156,68.86000061035156,148,0.0,0.0,2023-06-30
1447,2023-06-30 14:34:00-04:00,68.93460083007812,68.93460083007812,68.93460083007812,68.93460083007812,226,0.0,0.0,2023-06-30
1448,2023-06-30 14:35:00-04:00,68.92500305175781,68.92500305175781,68.92500305175781,68.92500305175781,301,0.0,0.0,2023-06-30
1449,2023-06-30 14:36:00-04:00,68.92500305175781,68.97000122070312,68.9000015258789,68.93329620361328,2074,0.0,0.0,2023-06-30
1450,2023-06-30 14:40:00-04:00,68.94999694824219,68.94999694824219,68.94999694824219,68.94999694824219,470,0.0,0.0,2023-06-30
1451,2023-06-30 14:41:00-04:00,69.01000213623047,69.05000305175781,69.0,69.05000305175781,1146,0.0,0.0,2023-06-30
1452,2023-06-30 14:42:00-04:00,69.05500030517578,69.05500030517578,69.05500030517578,69.05500030517578,113,0.0,0.0,2023-06-30
1453,2023-06-30 14:43:00-04:00,69.06999969482422,69.06999969482422,69.05000305175781,69.05500030517578,428,0.0,0.0,2023-06-30
1454,2023-06-30 14:44:00-04:00,69.0999984741211,69.18000030517578,69.0999984741211,69.18000030517578,786,0.0,0.0,2023-06-30
1455,2023-06-30 14:45:00-04:00,69.1449966430664,69.1449966430664,69.1449966430664,69.1449966430664,716,0.0,0.0,2023-06-30
1456,2023-06-30 14:46:00-04:00,69.18000030517578,69.18000030517578,69.16000366210938,69.16000366210938,225,0.0,0.0,2023-06-30
1457,2023-06-30 14:47:00-04:00,69.16000366210938,69.16000366210938,69.15499877929688,69.15499877929688,829,0.0,0.0,2023-06-30
1458,2023-06-30 14:48:00-04:00,69.19000244140625,69.19000244140625,69.16999816894531,69.19000244140625,1014,0.0,0.0,2023-06-30
1459,2023-06-30 14:49:00-04:00,69.1500015258789,69.18000030517578,69.1500015258789,69.18000030517578,1644,0.0,0.0,2023-06-30
1460,2023-06-30 14:50:00-04:00,69.23999786376953,69.30000305175781,69.23500061035156,69.25,699,0.0,0.0,2023-06-30
1461,2023-06-30 14:53:00-04:00,69.30000305175781,69.30000305175781,69.25,69.25,532,0.0,0.0,2023-06-30
1462,2023-06-30 14:54:00-04:00,69.25,69.30000305175781,69.2300033569336,69.2300033569336,342,0.0,0.0,2023-06-30
1463,2023-06-30 14:55:00-04:00,69.25499725341797,69.25499725341797,69.11000061035156,69.1500015258789,3408,0.0,0.0,2023-06-30
1464,2023-06-30 14:56:00-04:00,69.0999984741211,69.11000061035156,69.08999633789062,69.11000061035156,1317,0.0,0.0,2023-06-30
1465,2023-06-30 14:57:00-04:00,69.0999984741211,69.0999984741211,69.0999984741211,69.0999984741211,155,0.0,0.0,2023-06-30
1466,2023-06-30 14:58:00-04:00,69.11499786376953,69.11499786376953,69.11499786376953,69.11499786376953,150,0.0,0.0,2023-06-30
1467,2023-06-30 14:59:00-04:00,69.05999755859375,69.05999755859375,69.05999755859375,69.05999755859375,329,0.0,0.0,2023-06-30
1468,2023-06-30 15:00:00-04:00,69.13999938964844,69.13999938964844,69.06500244140625,69.06500244140625,916,0.0,0.0,2023-06-30
1469,2023-06-30 15:01:00-04:00,69.0999984741211,69.1050033569336,69.08000183105469,69.08000183105469,709,0.0,0.0,2023-06-30
1470,2023-06-30 15:03:00-04:00,69.08000183105469,69.08000183105469,69.02999877929688,69.02999877929688,455,0.0,0.0,2023-06-30
1471,2023-06-30 15:04:00-04:00,69.08000183105469,69.08000183105469,69.0199966430664,69.03500366210938,1012,0.0,0.0,2023-06-30
1472,2023-06-30 15:05:00-04:00,69.08000183105469,69.08000183105469,69.08000183105469,69.08000183105469,109,0.0,0.0,2023-06-30
1473,2023-06-30 15:06:00-04:00,69.03500366210938,69.11000061035156,69.03500366210938,69.11000061035156,356,0.0,0.0,2023-06-30
1474,2023-06-30 15:07:00-04:00,69.0999984741211,69.0999984741211,69.0999984741211,69.0999984741211,130,0.0,0.0,2023-06-30
1475,2023-06-30 15:08:00-04:00,69.01000213623047,69.04000091552734,69.01000213623047,69.04000091552734,237,0.0,0.0,2023-06-30
1476,2023-06-30 15:09:00-04:00,69.04000091552734,69.04000091552734,69.04000091552734,69.04000091552734,176,0.0,0.0,2023-06-30
1477,2023-06-30 15:10:00-04:00,69.04000091552734,69.04000091552734,69.04000091552734,69.04000091552734,299,0.0,0.0,2023-06-30
1478,2023-06-30 15:11:00-04:00,69.12000274658203,69.12000274658203,69.12000274658203,69.12000274658203,110,0.0,0.0,2023-06-30
1479,2023-06-30 15:12:00-04:00,68.98999786376953,69.04000091552734,68.98999786376953,69.04000091552734,325,0.0,0.0,2023-06-30
1480,2023-06-30 15:14:00-04:00,69.01000213623047,69.05000305175781,69.01000213623047,69.0199966430664,657,0.0,0.0,2023-06-30
1481,2023-06-30 15:17:00-04:00,69.04499816894531,69.04499816894531,69.02999877929688,69.02999877929688,630,0.0,0.0,2023-06-30
1482,2023-06-30 15:18:00-04:00,69.01000213623047,69.0199966430664,68.98999786376953,69.0199966430664,1030,0.0,0.0,2023-06-30
1483,2023-06-30 15:19:00-04:00,69.01499938964844,69.05000305175781,69.01499938964844,69.05000305175781,221,0.0,0.0,2023-06-30
1484,2023-06-30 15:20:00-04:00,69.0199966430664,69.0199966430664,68.94999694824219,68.98999786376953,2153,0.0,0.0,2023-06-30
1485,2023-06-30 15:21:00-04:00,68.95999908447266,68.9800033569336,68.94999694824219,68.95999908447266,1337,0.0,0.0,2023-06-30
1486,2023-06-30 15:23:00-04:00,68.94000244140625,68.94999694824219,68.93000030517578,68.94999694824219,1977,0.0,0.0,2023-06-30
1487,2023-06-30 15:25:00-04:00,68.97000122070312,69.04000091552734,68.97000122070312,69.04000091552734,861,0.0,0.0,2023-06-30
1488,2023-06-30 15:27:00-04:00,69.05000305175781,69.05000305175781,69.05000305175781,69.05000305175781,118,0.0,0.0,2023-06-30
1489,2023-06-30 15:28:00-04:00,69.01000213623047,69.01000213623047,68.97000122070312,68.97000122070312,550,0.0,0.0,2023-06-30
1490,2023-06-30 15:30:00-04:00,69.01000213623047,69.01000213623047,68.95999908447266,68.9800033569336,1483,0.0,0.0,2023-06-30
1491,2023-06-30 15:31:00-04:00,68.99500274658203,68.99500274658203,68.99500274658203,68.99500274658203,134,0.0,0.0,2023-06-30
1492,2023-06-30 15:32:00-04:00,68.99500274658203,69.02999877929688,68.97000122070312,68.97000122070312,539,0.0,0.0,2023-06-30
1493,2023-06-30 15:33:00-04:00,69.0,69.0,68.94000244140625,68.95999908447266,2473,0.0,0.0,2023-06-30
1494,2023-06-30 15:34:00-04:00,68.9800033569336,69.0,68.9800033569336,69.0,996,0.0,0.0,2023-06-30
1495,2023-06-30 15:35:00-04:00,68.98999786376953,69.05000305175781,68.9800033569336,69.05000305175781,834,0.0,0.0,2023-06-30
1496,2023-06-30 15:37:00-04:00,69.0,69.02999877929688,69.0,69.01499938964844,676,0.0,0.0,2023-06-30
1497,2023-06-30 15:38:00-04:00,69.0199966430664,69.0199966430664,68.9800033569336,68.9800033569336,1122,0.0,0.0,2023-06-30
1498,2023-06-30 15:39:00-04:00,69.0,69.05000305175781,69.0,69.0250015258789,1920,0.0,0.0,2023-06-30
1499,2023-06-30 15:40:00-04:00,69.04000091552734,69.11000061035156,69.04000091552734,69.08999633789062,978,0.0,0.0,2023-06-30
1500,2023-06-30 15:41:00-04:00,69.08000183105469,69.08000183105469,69.04000091552734,69.05999755859375,1644,0.0,0.0,2023-06-30
1501,2023-06-30 15:43:00-04:00,69.08000183105469,69.08000183105469,69.02999877929688,69.04000091552734,872,0.0,0.0,2023-06-30
1502,2023-06-30 15:44:00-04:00,69.02999877929688,69.06999969482422,69.02999877929688,69.06999969482422,728,0.0,0.0,2023-06-30
1503,2023-06-30 15:45:00-04:00,69.05000305175781,69.13999938964844,69.05000305175781,69.12000274658203,1666,0.0,0.0,2023-06-30
1504,2023-06-30 15:46:00-04:00,69.11000061035156,69.12000274658203,69.0999984741211,69.0999984741211,1522,0.0,0.0,2023-06-30
1505,2023-06-30 15:47:00-04:00,69.13999938964844,69.19999694824219,69.13999938964844,69.18499755859375,1591,0.0,0.0,2023-06-30
1506,2023-06-30 15:48:00-04:00,69.19000244140625,69.23999786376953,69.18000030517578,69.18000030517578,2207,0.0,0.0,2023-06-30
1507,2023-06-30 15:49:00-04:00,69.19499969482422,69.19999694824219,69.16000366210938,69.16999816894531,2156,0.0,0.0,2023-06-30
1508,2023-06-30 15:50:00-04:00,69.19000244140625,69.21499633789062,69.16000366210938,69.17500305175781,4771,0.0,0.0,2023-06-30
1509,2023-06-30 15:51:00-04:00,69.17500305175781,69.18000030517578,69.13999938964844,69.13999938964844,1026,0.0,0.0,2023-06-30
1510,2023-06-30 15:52:00-04:00,69.12000274658203,69.18000030517578,69.12000274658203,69.18000030517578,2273,0.0,0.0,2023-06-30
1511,2023-06-30 15:53:00-04:00,69.16000366210938,69.16000366210938,69.0999984741211,69.13999938964844,2030,0.0,0.0,2023-06-30
1512,2023-06-30 15:54:00-04:00,69.08999633789062,69.1500015258789,69.08000183105469,69.1500015258789,2364,0.0,0.0,2023-06-30
1513,2023-06-30 15:55:00-04:00,69.16000366210938,69.16000366210938,69.08000183105469,69.08000183105469,3137,0.0,0.0,2023-06-30
1514,2023-06-30 15:56:00-04:00,69.09500122070312,69.12999725341797,69.08000183105469,69.11000061035156,4417,0.0,0.0,2023-06-30
1515,2023-06-30 15:57:00-04:00,69.12999725341797,69.19000244140625,69.12999725341797,69.13999938964844,5613,0.0,0.0,2023-06-30
1516,2023-06-30 15:58:00-04:00,69.19000244140625,69.23999786376953,69.16999816894531,69.23999786376953,3396,0.0,0.0,2023-06-30
1517,2023-06-30 15:59:00-04:00,69.23999786376953,69.25,69.19999694824219,69.19999694824219,23007,0.0,0.0,2023-06-30
0,2023-07-03 09:30:00-04:00,68.98999786376953,69.15499877929688,68.98999786376953,69.15499877929688,0,0.0,0.0,2023-07-03
1,2023-07-03 09:32:00-04:00,69.07219696044922,69.07219696044922,69.07219696044922,69.07219696044922,178,0.0,0.0,2023-07-03
2,2023-07-03 09:34:00-04:00,69.45999908447266,69.61000061035156,69.37999725341797,69.61000061035156,1076,0.0,0.0,2023-07-03
3,2023-07-03 09:35:00-04:00,69.56999969482422,69.56999969482422,69.56999969482422,69.56999969482422,429,0.0,0.0,2023-07-03
4,2023-07-03 09:39:00-04:00,69.72000122070312,69.72000122070312,69.72000122070312,69.72000122070312,485,0.0,0.0,2023-07-03
5,2023-07-03 09:40:00-04:00,69.62000274658203,69.62000274658203,69.62000274658203,69.62000274658203,1237,0.0,0.0,2023-07-03
6,2023-07-03 09:41:00-04:00,69.51000213623047,69.51000213623047,69.51000213623047,69.51000213623047,112,0.0,0.0,2023-07-03
7,2023-07-03 09:42:00-04:00,69.66999816894531,69.7750015258789,69.66999816894531,69.7750015258789,543,0.0,0.0,2023-07-03
8,2023-07-03 09:45:00-04:00,70.0199966430664,70.20999908447266,70.0199966430664,70.04499816894531,367,0.0,0.0,2023-07-03
9,2023-07-03 09:47:00-04:00,70.0250015258789,70.0250015258789,70.0250015258789,70.0250015258789,101,0.0,0.0,2023-07-03
10,2023-07-03 09:48:00-04:00,69.83999633789062,69.95999908447266,69.83999633789062,69.95999908447266,1098,0.0,0.0,2023-07-03
11,2023-07-03 09:50:00-04:00,69.69000244140625,69.7249984741211,69.5999984741211,69.5999984741211,1092,0.0,0.0,2023-07-03
12,2023-07-03 09:51:00-04:00,69.69000244140625,69.69000244140625,69.5999984741211,69.5999984741211,465,0.0,0.0,2023-07-03
13,2023-07-03 09:52:00-04:00,69.5199966430664,69.5199966430664,69.41999816894531,69.41999816894531,609,0.0,0.0,2023-07-03
14,2023-07-03 09:53:00-04:00,69.41500091552734,69.41500091552734,69.41500091552734,69.41500091552734,299,0.0,0.0,2023-07-03
15,2023-07-03 09:54:00-04:00,69.38999938964844,69.4000015258789,69.29750061035156,69.29750061035156,527,0.0,0.0,2023-07-03
16,2023-07-03 09:55:00-04:00,69.37999725341797,69.4000015258789,69.23999786376953,69.23999786376953,1361,0.0,0.0,2023-07-03
17,2023-07-03 09:56:00-04:00,69.34269714355469,69.34269714355469,69.34269714355469,69.34269714355469,119,0.0,0.0,2023-07-03
18,2023-07-03 09:57:00-04:00,69.3550033569336,69.4000015258789,69.3550033569336,69.36000061035156,303,0.0,0.0,2023-07-03
19,2023-07-03 09:58:00-04:00,69.38999938964844,69.38999938964844,69.34500122070312,69.34500122070312,459,0.0,0.0,2023-07-03
20,2023-07-03 09:59:00-04:00,69.33999633789062,69.33999633789062,69.33999633789062,69.33999633789062,471,0.0,0.0,2023-07-03
21,2023-07-03 10:00:00-04:00,69.44000244140625,69.44000244140625,69.3499984741211,69.3499984741211,605,0.0,0.0,2023-07-03
22,2023-07-03 10:01:00-04:00,69.36000061035156,69.45999908447266,69.33000183105469,69.42500305175781,2160,0.0,0.0,2023-07-03
23,2023-07-03 10:03:00-04:00,69.43499755859375,69.43499755859375,69.43499755859375,69.43499755859375,279,0.0,0.0,2023-07-03
24,2023-07-03 10:04:00-04:00,69.31999969482422,69.47000122070312,69.31999969482422,69.47000122070312,1054,0.0,0.0,2023-07-03
25,2023-07-03 10:05:00-04:00,69.55000305175781,69.55000305175781,69.55000305175781,69.55000305175781,115,0.0,0.0,2023-07-03
26,2023-07-03 10:06:00-04:00,69.5199966430664,69.5199966430664,69.5199966430664,69.5199966430664,132,0.0,0.0,2023-07-03
27,2023-07-03 10:08:00-04:00,69.57250213623047,69.57250213623047,69.57250213623047,69.57250213623047,411,0.0,0.0,2023-07-03
28,2023-07-03 10:09:00-04:00,69.47000122070312,69.47000122070312,69.47000122070312,69.47000122070312,529,0.0,0.0,2023-07-03
29,2023-07-03 10:10:00-04:00,69.5,69.5,69.44000244140625,69.44000244140625,1580,0.0,0.0,2023-07-03
30,2023-07-03 10:11:00-04:00,69.5199966430664,69.52999877929688,69.5199966430664,69.52999877929688,583,0.0,0.0,2023-07-03
31,2023-07-03 10:12:00-04:00,69.44000244140625,69.44000244140625,69.44000244140625,69.44000244140625,449,0.0,0.0,2023-07-03
32,2023-07-03 10:13:00-04:00,69.41000366210938,69.41000366210938,69.41000366210938,69.41000366210938,474,0.0,0.0,2023-07-03
33,2023-07-03 10:15:00-04:00,69.55999755859375,69.55999755859375,69.55999755859375,69.55999755859375,395,0.0,0.0,2023-07-03
34,2023-07-03 10:16:00-04:00,69.57499694824219,69.62000274658203,69.51000213623047,69.60330200195312,3143,0.0,0.0,2023-07-03
35,2023-07-03 10:19:00-04:00,69.55999755859375,69.55999755859375,69.55999755859375,69.55999755859375,276,0.0,0.0,2023-07-03
36,2023-07-03 10:20:00-04:00,69.5999984741211,69.61000061035156,69.4800033569336,69.4800033569336,3334,0.0,0.0,2023-07-03
37,2023-07-03 10:21:00-04:00,69.62000274658203,69.62000274658203,69.62000274658203,69.62000274658203,138,0.0,0.0,2023-07-03
38,2023-07-03 10:22:00-04:00,69.53500366210938,69.53500366210938,69.53500366210938,69.53500366210938,1920,0.0,0.0,2023-07-03
39,2023-07-03 10:23:00-04:00,69.58000183105469,69.70999908447266,69.58000183105469,69.70999908447266,2092,0.0,0.0,2023-07-03
40,2023-07-03 10:25:00-04:00,69.94000244140625,69.94000244140625,69.93000030517578,69.93000030517578,1050,0.0,0.0,2023-07-03
41,2023-07-03 10:27:00-04:00,70.0199966430664,70.0199966430664,70.0199966430664,70.0199966430664,190,0.0,0.0,2023-07-03
42,2023-07-03 10:28:00-04:00,70.05000305175781,70.05000305175781,70.05000305175781,70.05000305175781,170,0.0,0.0,2023-07-03
43,2023-07-03 10:29:00-04:00,70.0199966430664,70.08499908447266,70.0199966430664,70.08499908447266,1937,0.0,0.0,2023-07-03
44,2023-07-03 10:31:00-04:00,70.1449966430664,70.1449966430664,69.95999908447266,69.95999908447266,2241,0.0,0.0,2023-07-03
45,2023-07-03 10:32:00-04:00,69.93000030517578,69.93000030517578,69.93000030517578,69.93000030517578,221,0.0,0.0,2023-07-03
46,2023-07-03 10:34:00-04:00,69.95999908447266,69.95999908447266,69.95999908447266,69.95999908447266,287,0.0,0.0,2023-07-03
47,2023-07-03 10:35:00-04:00,69.87000274658203,69.9000015258789,69.76000213623047,69.76000213623047,4619,0.0,0.0,2023-07-03
48,2023-07-03 10:36:00-04:00,69.79000091552734,69.80999755859375,69.75499725341797,69.75499725341797,1124,0.0,0.0,2023-07-03
49,2023-07-03 10:38:00-04:00,69.80999755859375,69.83999633789062,69.80999755859375,69.83999633789062,755,0.0,0.0,2023-07-03
50,2023-07-03 10:39:00-04:00,69.9000015258789,69.97000122070312,69.9000015258789,69.97000122070312,511,0.0,0.0,2023-07-03
51,2023-07-03 10:40:00-04:00,70.0,70.0,70.0,70.0,237,0.0,0.0,2023-07-03
52,2023-07-03 10:41:00-04:00,70.01219940185547,70.05000305175781,70.01219940185547,70.05000305175781,333,0.0,0.0,2023-07-03
53,2023-07-03 10:42:00-04:00,70.05999755859375,70.06999969482422,70.05999755859375,70.06999969482422,400,0.0,0.0,2023-07-03
54,2023-07-03 10:43:00-04:00,70.02999877929688,70.0999984741211,70.0250015258789,70.0250015258789,1378,0.0,0.0,2023-07-03
55,2023-07-03 10:44:00-04:00,69.95999908447266,69.95999908447266,69.95999908447266,69.95999908447266,1063,0.0,0.0,2023-07-03
56,2023-07-03 10:47:00-04:00,69.86000061035156,69.87999725341797,69.86000061035156,69.87999725341797,607,0.0,0.0,2023-07-03
57,2023-07-03 10:48:00-04:00,69.87999725341797,69.87999725341797,69.87999725341797,69.87999725341797,799,0.0,0.0,2023-07-03
58,2023-07-03 10:49:00-04:00,69.81999969482422,69.81999969482422,69.79000091552734,69.79000091552734,483,0.0,0.0,2023-07-03
59,2023-07-03 10:50:00-04:00,69.73999786376953,69.73999786376953,69.68000030517578,69.68000030517578,924,0.0,0.0,2023-07-03
60,2023-07-03 10:51:00-04:00,69.66500091552734,69.66500091552734,69.56999969482422,69.58999633789062,572,0.0,0.0,2023-07-03
61,2023-07-03 10:57:00-04:00,69.63999938964844,69.6500015258789,69.54499816894531,69.61000061035156,5131,0.0,0.0,2023-07-03
62,2023-07-03 10:58:00-04:00,69.68000030517578,69.68000030517578,69.66999816894531,69.66999816894531,2204,0.0,0.0,2023-07-03
63,2023-07-03 10:59:00-04:00,69.66000366210938,69.70999908447266,69.66000366210938,69.70999908447266,614,0.0,0.0,2023-07-03
64,2023-07-03 11:00:00-04:00,69.72000122070312,69.7300033569336,69.72000122070312,69.7249984741211,896,0.0,0.0,2023-07-03
65,2023-07-03 11:02:00-04:00,69.73999786376953,69.73999786376953,69.73999786376953,69.73999786376953,838,0.0,0.0,2023-07-03
66,2023-07-03 11:04:00-04:00,69.6500015258789,69.6500015258789,69.5999984741211,69.5999984741211,1045,0.0,0.0,2023-07-03
67,2023-07-03 11:05:00-04:00,69.66000366210938,69.66000366210938,69.66000366210938,69.66000366210938,338,0.0,0.0,2023-07-03
68,2023-07-03 11:06:00-04:00,69.69999694824219,69.69999694824219,69.69999694824219,69.69999694824219,722,0.0,0.0,2023-07-03
69,2023-07-03 11:10:00-04:00,69.72000122070312,69.72000122070312,69.72000122070312,69.72000122070312,228,0.0,0.0,2023-07-03
70,2023-07-03 11:13:00-04:00,69.66500091552734,69.66999816894531,69.63999938964844,69.63999938964844,1138,0.0,0.0,2023-07-03
71,2023-07-03 11:15:00-04:00,69.55999755859375,69.55999755859375,69.55999755859375,69.55999755859375,403,0.0,0.0,2023-07-03
72,2023-07-03 11:16:00-04:00,69.51000213623047,69.51000213623047,69.51000213623047,69.51000213623047,506,0.0,0.0,2023-07-03
73,2023-07-03 11:20:00-04:00,69.4000015258789,69.4000015258789,69.37999725341797,69.37999725341797,656,0.0,0.0,2023-07-03
74,2023-07-03 11:21:00-04:00,69.27999877929688,69.27999877929688,69.27999877929688,69.27999877929688,342,0.0,0.0,2023-07-03
75,2023-07-03 11:22:00-04:00,69.3550033569336,69.3550033569336,69.3550033569336,69.3550033569336,341,0.0,0.0,2023-07-03
76,2023-07-03 11:25:00-04:00,69.33000183105469,69.38999938964844,69.33000183105469,69.38999938964844,1314,0.0,0.0,2023-07-03
77,2023-07-03 11:26:00-04:00,69.38500213623047,69.4000015258789,69.38500213623047,69.38999938964844,985,0.0,0.0,2023-07-03
78,2023-07-03 11:27:00-04:00,69.43000030517578,69.44499969482422,69.43000030517578,69.44499969482422,395,0.0,0.0,2023-07-03
79,2023-07-03 11:28:00-04:00,69.4000015258789,69.4000015258789,69.4000015258789,69.4000015258789,364,0.0,0.0,2023-07-03
80,2023-07-03 11:29:00-04:00,69.37999725341797,69.37999725341797,69.37999725341797,69.37999725341797,509,0.0,0.0,2023-07-03
81,2023-07-03 11:30:00-04:00,69.38999938964844,69.4000015258789,69.38999938964844,69.4000015258789,388,0.0,0.0,2023-07-03
82,2023-07-03 11:31:00-04:00,69.44000244140625,69.44000244140625,69.44000244140625,69.44000244140625,584,0.0,0.0,2023-07-03
83,2023-07-03 11:33:00-04:00,69.47000122070312,69.47000122070312,69.47000122070312,69.47000122070312,419,0.0,0.0,2023-07-03
84,2023-07-03 11:34:00-04:00,69.48999786376953,69.5,69.48999786376953,69.5,456,0.0,0.0,2023-07-03
85,2023-07-03 11:35:00-04:00,69.5,69.5,69.5,69.5,327,0.0,0.0,2023-07-03
86,2023-07-03 11:36:00-04:00,69.4749984741211,69.51000213623047,69.4749984741211,69.51000213623047,783,0.0,0.0,2023-07-03
87,2023-07-03 11:37:00-04:00,69.55999755859375,69.55999755859375,69.55999755859375,69.55999755859375,212,0.0,0.0,2023-07-03
88,2023-07-03 11:39:00-04:00,69.56999969482422,69.58999633789062,69.56999969482422,69.58999633789062,484,0.0,0.0,2023-07-03
89,2023-07-03 11:41:00-04:00,69.52999877929688,69.52999877929688,69.52999877929688,69.52999877929688,562,0.0,0.0,2023-07-03
90,2023-07-03 11:42:00-04:00,69.5199966430664,69.5199966430664,69.51000213623047,69.51000213623047,1388,0.0,0.0,2023-07-03
91,2023-07-03 11:46:00-04:00,69.57499694824219,69.57499694824219,69.57499694824219,69.57499694824219,378,0.0,0.0,2023-07-03
92,2023-07-03 11:47:00-04:00,69.55999755859375,69.55999755859375,69.52999877929688,69.52999877929688,1419,0.0,0.0,2023-07-03
93,2023-07-03 11:48:00-04:00,69.45999908447266,69.45999908447266,69.45999908447266,69.45999908447266,250,0.0,0.0,2023-07-03
94,2023-07-03 11:49:00-04:00,69.48500061035156,69.48500061035156,69.48500061035156,69.48500061035156,100,0.0,0.0,2023-07-03
95,2023-07-03 11:50:00-04:00,69.44999694824219,69.44999694824219,69.41999816894531,69.44000244140625,1168,0.0,0.0,2023-07-03
96,2023-07-03 11:51:00-04:00,69.41999816894531,69.43499755859375,69.38999938964844,69.38999938964844,1090,0.0,0.0,2023-07-03
97,2023-07-03 11:52:00-04:00,69.38999938964844,69.38999938964844,69.37999725341797,69.37999725341797,206,0.0,0.0,2023-07-03
98,2023-07-03 11:55:00-04:00,69.41500091552734,69.41500091552734,69.37999725341797,69.41000366210938,1598,0.0,0.0,2023-07-03
99,2023-07-03 11:58:00-04:00,69.37999725341797,69.37999725341797,69.37999725341797,69.37999725341797,1027,0.0,0.0,2023-07-03
100,2023-07-03 12:01:00-04:00,69.45999908447266,69.45999908447266,69.45999908447266,69.45999908447266,124,0.0,0.0,2023-07-03
101,2023-07-03 12:02:00-04:00,69.4800033569336,69.4800033569336,69.47000122070312,69.47000122070312,483,0.0,0.0,2023-07-03
102,2023-07-03 12:03:00-04:00,69.47000122070312,69.48999786376953,69.47000122070312,69.48999786376953,358,0.0,0.0,2023-07-03
103,2023-07-03 12:04:00-04:00,69.52999877929688,69.54000091552734,69.52999877929688,69.52999877929688,379,0.0,0.0,2023-07-03
104,2023-07-03 12:05:00-04:00,69.55999755859375,69.56999969482422,69.55999755859375,69.56999969482422,763,0.0,0.0,2023-07-03
105,2023-07-03 12:07:00-04:00,69.59500122070312,69.62000274658203,69.59500122070312,69.62000274658203,585,0.0,0.0,2023-07-03
106,2023-07-03 12:08:00-04:00,69.61499786376953,69.6500015258789,69.61499786376953,69.6500015258789,340,0.0,0.0,2023-07-03
107,2023-07-03 12:11:00-04:00,69.61499786376953,69.61499786376953,69.52999877929688,69.58000183105469,4382,0.0,0.0,2023-07-03
108,2023-07-03 12:14:00-04:00,69.5,69.52999877929688,69.48999786376953,69.52999877929688,1192,0.0,0.0,2023-07-03
109,2023-07-03 12:17:00-04:00,69.4800033569336,69.4800033569336,69.43000030517578,69.43000030517578,1274,0.0,0.0,2023-07-03
110,2023-07-03 12:19:00-04:00,69.47000122070312,69.47000122070312,69.47000122070312,69.47000122070312,227,0.0,0.0,2023-07-03
111,2023-07-03 12:20:00-04:00,69.45999908447266,69.45999908447266,69.44000244140625,69.44000244140625,524,0.0,0.0,2023-07-03
112,2023-07-03 12:22:00-04:00,69.46499633789062,69.46499633789062,69.46499633789062,69.46499633789062,378,0.0,0.0,2023-07-03
113,2023-07-03 12:27:00-04:00,69.4917984008789,69.4917984008789,69.48999786376953,69.48999786376953,262,0.0,0.0,2023-07-03
114,2023-07-03 12:28:00-04:00,69.43000030517578,69.44000244140625,69.41000366210938,69.41000366210938,1329,0.0,0.0,2023-07-03
115,2023-07-03 12:29:00-04:00,69.41500091552734,69.41500091552734,69.41500091552734,69.41500091552734,539,0.0,0.0,2023-07-03
116,2023-07-03 12:32:00-04:00,69.3499984741211,69.3499984741211,69.33999633789062,69.33999633789062,1074,0.0,0.0,2023-07-03
117,2023-07-03 12:34:00-04:00,69.41000366210938,69.43000030517578,69.41000366210938,69.43000030517578,575,0.0,0.0,2023-07-03
118,2023-07-03 12:35:00-04:00,69.44999694824219,69.44999694824219,69.44999694824219,69.44999694824219,362,0.0,0.0,2023-07-03
119,2023-07-03 12:36:00-04:00,69.45999908447266,69.48999786376953,69.45999908447266,69.48999786376953,750,0.0,0.0,2023-07-03
120,2023-07-03 12:37:00-04:00,69.5199966430664,69.5199966430664,69.51499938964844,69.51499938964844,223,0.0,0.0,2023-07-03
121,2023-07-03 12:38:00-04:00,69.55000305175781,69.55000305175781,69.5199966430664,69.5199966430664,459,0.0,0.0,2023-07-03
122,2023-07-03 12:40:00-04:00,69.54000091552734,69.54000091552734,69.54000091552734,69.54000091552734,419,0.0,0.0,2023-07-03
123,2023-07-03 12:41:00-04:00,69.55000305175781,69.55000305175781,69.55000305175781,69.55000305175781,990,0.0,0.0,2023-07-03
124,2023-07-03 12:42:00-04:00,69.5199966430664,69.52899932861328,69.5199966430664,69.52899932861328,1061,0.0,0.0,2023-07-03
125,2023-07-03 12:43:00-04:00,69.55500030517578,69.55500030517578,69.55500030517578,69.55500030517578,405,0.0,0.0,2023-07-03
126,2023-07-05 09:30:00-04:00,68.93000030517578,69.28500366210938,68.93000030517578,69.28500366210938,3471,0.0,0.0,2023-07-05
127,2023-07-05 09:31:00-04:00,69.19969940185547,69.19969940185547,69.08000183105469,69.08000183105469,464,0.0,0.0,2023-07-05
128,2023-07-05 09:32:00-04:00,68.88999938964844,68.88999938964844,68.51000213623047,68.5199966430664,5090,0.0,0.0,2023-07-05
129,2023-07-05 09:35:00-04:00,68.47000122070312,68.47000122070312,68.08499908447266,68.08499908447266,1153,0.0,0.0,2023-07-05
130,2023-07-05 09:37:00-04:00,68.25,68.25,68.25,68.25,161,0.0,0.0,2023-07-05
131,2023-07-05 09:38:00-04:00,68.61000061035156,68.69999694824219,68.61000061035156,68.69999694824219,1124,0.0,0.0,2023-07-05
132,2023-07-05 09:39:00-04:00,68.86000061035156,68.94999694824219,68.86000061035156,68.94999694824219,519,0.0,0.0,2023-07-05
133,2023-07-05 09:40:00-04:00,68.97000122070312,68.97000122070312,68.97000122070312,68.97000122070312,297,0.0,0.0,2023-07-05
134,2023-07-05 09:41:00-04:00,68.94999694824219,68.94999694824219,68.69999694824219,68.69999694824219,395,0.0,0.0,2023-07-05
135,2023-07-05 09:43:00-04:00,69.13999938964844,69.13999938964844,69.00499725341797,69.00499725341797,681,0.0,0.0,2023-07-05
136,2023-07-05 09:44:00-04:00,69.0,69.0,69.0,69.0,580,0.0,0.0,2023-07-05
137,2023-07-05 09:45:00-04:00,68.86000061035156,68.95999908447266,68.86000061035156,68.95999908447266,214,0.0,0.0,2023-07-05
138,2023-07-05 09:46:00-04:00,68.75969696044922,68.75969696044922,68.75969696044922,68.75969696044922,381,0.0,0.0,2023-07-05
139,2023-07-05 09:47:00-04:00,68.95999908447266,68.95999908447266,68.95999908447266,68.95999908447266,415,0.0,0.0,2023-07-05
140,2023-07-05 09:48:00-04:00,68.94000244140625,68.94000244140625,68.74500274658203,68.74500274658203,297,0.0,0.0,2023-07-05
141,2023-07-05 09:51:00-04:00,68.87999725341797,68.87999725341797,68.87999725341797,68.87999725341797,211,0.0,0.0,2023-07-05
142,2023-07-05 09:53:00-04:00,69.0199966430664,69.0199966430664,68.95999908447266,68.95999908447266,491,0.0,0.0,2023-07-05
143,2023-07-05 09:54:00-04:00,69.12000274658203,69.12000274658203,69.12000274658203,69.12000274658203,163,0.0,0.0,2023-07-05
144,2023-07-05 09:55:00-04:00,69.13500213623047,69.13500213623047,69.1050033569336,69.1050033569336,229,0.0,0.0,2023-07-05
145,2023-07-05 09:57:00-04:00,69.11000061035156,69.11000061035156,69.08000183105469,69.08000183105469,368,0.0,0.0,2023-07-05
146,2023-07-05 09:58:00-04:00,69.13729858398438,69.13729858398438,69.13729858398438,69.13729858398438,111,0.0,0.0,2023-07-05
147,2023-07-05 09:59:00-04:00,69.05000305175781,69.16999816894531,68.98999786376953,69.12999725341797,3100,0.0,0.0,2023-07-05
148,2023-07-05 10:00:00-04:00,69.04769897460938,69.04769897460938,69.04769897460938,69.04769897460938,673,0.0,0.0,2023-07-05
149,2023-07-05 10:02:00-04:00,68.98500061035156,69.02999877929688,68.91999816894531,68.9800033569336,1925,0.0,0.0,2023-07-05
150,2023-07-05 10:03:00-04:00,69.02999877929688,69.02999877929688,69.02999877929688,69.02999877929688,253,0.0,0.0,2023-07-05
151,2023-07-05 10:05:00-04:00,69.05000305175781,69.11000061035156,69.05000305175781,69.11000061035156,882,0.0,0.0,2023-07-05
152,2023-07-05 10:07:00-04:00,69.18560028076172,69.18560028076172,69.07499694824219,69.07499694824219,257,0.0,0.0,2023-07-05
153,2023-07-05 10:09:00-04:00,69.13999938964844,69.13999938964844,69.13999938964844,69.13999938964844,200,0.0,0.0,2023-07-05
154,2023-07-05 10:10:00-04:00,69.04000091552734,69.08999633789062,69.04000091552734,69.04000091552734,1175,0.0,0.0,2023-07-05
155,2023-07-05 10:11:00-04:00,69.04000091552734,69.04000091552734,69.04000091552734,69.04000091552734,225,0.0,0.0,2023-07-05
156,2023-07-05 10:12:00-04:00,69.05999755859375,69.05999755859375,69.05999755859375,69.05999755859375,618,0.0,0.0,2023-07-05
157,2023-07-05 10:13:00-04:00,68.94999694824219,68.94999694824219,68.94999694824219,68.94999694824219,102,0.0,0.0,2023-07-05
158,2023-07-05 10:14:00-04:00,68.87999725341797,68.87999725341797,68.87999725341797,68.87999725341797,268,0.0,0.0,2023-07-05
159,2023-07-05 10:17:00-04:00,68.81999969482422,68.81999969482422,68.81999969482422,68.81999969482422,101,0.0,0.0,2023-07-05
160,2023-07-05 10:18:00-04:00,68.83499908447266,68.83499908447266,68.83499908447266,68.83499908447266,132,0.0,0.0,2023-07-05
161,2023-07-05 10:20:00-04:00,68.9749984741211,68.9749984741211,68.9749984741211,68.9749984741211,120,0.0,0.0,2023-07-05
162,2023-07-05 10:21:00-04:00,68.9800033569336,69.05000305175781,68.9800033569336,69.05000305175781,972,0.0,0.0,2023-07-05
163,2023-07-05 10:22:00-04:00,69.06999969482422,69.18499755859375,69.06999969482422,69.18499755859375,220,0.0,0.0,2023-07-05
164,2023-07-05 10:23:00-04:00,69.12999725341797,69.12999725341797,69.04000091552734,69.08000183105469,1572,0.0,0.0,2023-07-05
165,2023-07-05 10:24:00-04:00,69.0250015258789,69.0250015258789,69.0250015258789,69.0250015258789,207,0.0,0.0,2023-07-05
166,2023-07-05 10:25:00-04:00,69.0250015258789,69.0250015258789,68.97000122070312,68.97000122070312,611,0.0,0.0,2023-07-05
167,2023-07-05 10:27:00-04:00,68.93499755859375,69.0,68.91000366210938,68.91000366210938,1346,0.0,0.0,2023-07-05
168,2023-07-05 10:28:00-04:00,68.95999908447266,68.95999908447266,68.88500213623047,68.88500213623047,608,0.0,0.0,2023-07-05
169,2023-07-05 10:29:00-04:00,68.93000030517578,68.93000030517578,68.87999725341797,68.87999725341797,515,0.0,0.0,2023-07-05
170,2023-07-05 10:30:00-04:00,68.8949966430664,68.8949966430664,68.8949966430664,68.8949966430664,192,0.0,0.0,2023-07-05
171,2023-07-05 10:31:00-04:00,68.82499694824219,68.82499694824219,68.82499694824219,68.82499694824219,122,0.0,0.0,2023-07-05
172,2023-07-05 10:32:00-04:00,68.91000366210938,68.91000366210938,68.91000366210938,68.91000366210938,502,0.0,0.0,2023-07-05
173,2023-07-05 10:33:00-04:00,68.98999786376953,69.01000213623047,68.9800033569336,69.0,1787,0.0,0.0,2023-07-05
174,2023-07-05 10:35:00-04:00,69.04000091552734,69.04000091552734,69.04000091552734,69.04000091552734,549,0.0,0.0,2023-07-05
175,2023-07-05 10:36:00-04:00,68.98999786376953,68.98999786376953,68.98999786376953,68.98999786376953,590,0.0,0.0,2023-07-05
176,2023-07-05 10:37:00-04:00,68.98999786376953,69.01000213623047,68.98999786376953,69.01000213623047,783,0.0,0.0,2023-07-05
177,2023-07-05 10:40:00-04:00,69.01750183105469,69.01750183105469,69.01750183105469,69.01750183105469,100,0.0,0.0,2023-07-05
178,2023-07-05 10:41:00-04:00,69.00749969482422,69.04499816894531,69.00749969482422,69.04499816894531,300,0.0,0.0,2023-07-05
179,2023-07-05 10:42:00-04:00,69.0,69.0,68.97000122070312,68.97000122070312,621,0.0,0.0,2023-07-05
180,2023-07-05 10:43:00-04:00,68.9800033569336,68.98999786376953,68.9800033569336,68.98999786376953,344,0.0,0.0,2023-07-05
181,2023-07-05 10:44:00-04:00,69.0,69.0,69.0,69.0,172,0.0,0.0,2023-07-05
182,2023-07-05 10:45:00-04:00,68.95999908447266,68.95999908447266,68.8949966430664,68.8949966430664,1061,0.0,0.0,2023-07-05
183,2023-07-05 10:46:00-04:00,68.75,68.75,68.75,68.75,110,0.0,0.0,2023-07-05
184,2023-07-05 10:47:00-04:00,68.69999694824219,68.69999694824219,68.69999694824219,68.69999694824219,123,0.0,0.0,2023-07-05
185,2023-07-05 10:48:00-04:00,68.69999694824219,68.69999694824219,68.59500122070312,68.59500122070312,718,0.0,0.0,2023-07-05
186,2023-07-05 10:49:00-04:00,68.56999969482422,68.56999969482422,68.56999969482422,68.56999969482422,566,0.0,0.0,2023-07-05
187,2023-07-05 10:50:00-04:00,68.66000366210938,68.66000366210938,68.66000366210938,68.66000366210938,349,0.0,0.0,2023-07-05
188,2023-07-05 10:51:00-04:00,68.70999908447266,68.71499633789062,68.70999908447266,68.71499633789062,725,0.0,0.0,2023-07-05
189,2023-07-05 10:53:00-04:00,68.7300033569336,68.7300033569336,68.69290161132812,68.7300033569336,538,0.0,0.0,2023-07-05
190,2023-07-05 10:54:00-04:00,68.72000122070312,68.76000213623047,68.72000122070312,68.76000213623047,614,0.0,0.0,2023-07-05
191,2023-07-05 10:55:00-04:00,68.76000213623047,68.76000213623047,68.76000213623047,68.76000213623047,160,0.0,0.0,2023-07-05
192,2023-07-05 10:56:00-04:00,68.8499984741211,68.8499984741211,68.8499984741211,68.8499984741211,124,0.0,0.0,2023-07-05
193,2023-07-05 10:58:00-04:00,68.80999755859375,68.80999755859375,68.80999755859375,68.80999755859375,515,0.0,0.0,2023-07-05
194,2023-07-05 10:59:00-04:00,68.83000183105469,68.83000183105469,68.7750015258789,68.7750015258789,509,0.0,0.0,2023-07-05
195,2023-07-05 11:00:00-04:00,68.81999969482422,68.81999969482422,68.81999969482422,68.81999969482422,171,0.0,0.0,2023-07-05
196,2023-07-05 11:02:00-04:00,68.8550033569336,68.8550033569336,68.8550033569336,68.8550033569336,127,0.0,0.0,2023-07-05
197,2023-07-05 11:03:00-04:00,68.81500244140625,68.81500244140625,68.80000305175781,68.80000305175781,498,0.0,0.0,2023-07-05
198,2023-07-05 11:04:00-04:00,68.76000213623047,68.76000213623047,68.70999908447266,68.70999908447266,787,0.0,0.0,2023-07-05
199,2023-07-05 11:05:00-04:00,68.75,68.75,68.75,68.75,132,0.0,0.0,2023-07-05
200,2023-07-05 11:07:00-04:00,68.70999908447266,68.70999908447266,68.62999725341797,68.62999725341797,2335,0.0,0.0,2023-07-05
201,2023-07-05 11:08:00-04:00,68.61000061035156,68.61000061035156,68.61000061035156,68.61000061035156,515,0.0,0.0,2023-07-05
202,2023-07-05 11:09:00-04:00,68.5999984741211,68.5999984741211,68.5,68.5,745,0.0,0.0,2023-07-05
203,2023-07-05 11:10:00-04:00,68.36499786376953,68.36499786376953,68.36499786376953,68.36499786376953,215,0.0,0.0,2023-07-05
204,2023-07-05 11:11:00-04:00,68.37000274658203,68.37000274658203,68.36000061035156,68.36000061035156,333,0.0,0.0,2023-07-05
205,2023-07-05 11:13:00-04:00,68.31999969482422,68.31999969482422,68.31999969482422,68.31999969482422,582,0.0,0.0,2023-07-05
206,2023-07-05 11:15:00-04:00,68.41000366210938,68.41000366210938,68.4000015258789,68.41000366210938,516,0.0,0.0,2023-07-05
207,2023-07-05 11:16:00-04:00,68.41999816894531,68.4800033569336,68.41999816894531,68.44999694824219,769,0.0,0.0,2023-07-05
208,2023-07-05 11:18:00-04:00,68.40499877929688,68.40499877929688,68.37999725341797,68.40499877929688,1386,0.0,0.0,2023-07-05
209,2023-07-05 11:19:00-04:00,68.36000061035156,68.37000274658203,68.3499984741211,68.37000274658203,665,0.0,0.0,2023-07-05
210,2023-07-05 11:20:00-04:00,68.41000366210938,68.48999786376953,68.41000366210938,68.48999786376953,1112,0.0,0.0,2023-07-05
211,2023-07-05 11:22:00-04:00,68.52999877929688,68.62999725341797,68.52999877929688,68.62999725341797,387,0.0,0.0,2023-07-05
212,2023-07-05 11:24:00-04:00,68.68000030517578,68.68000030517578,68.68000030517578,68.68000030517578,113,0.0,0.0,2023-07-05
213,2023-07-05 11:26:00-04:00,68.55999755859375,68.62000274658203,68.55999755859375,68.62000274658203,365,0.0,0.0,2023-07-05
214,2023-07-05 11:27:00-04:00,68.69000244140625,68.69000244140625,68.69000244140625,68.69000244140625,154,0.0,0.0,2023-07-05
215,2023-07-05 11:28:00-04:00,68.66999816894531,68.66999816894531,68.66999816894531,68.66999816894531,428,0.0,0.0,2023-07-05
216,2023-07-05 11:29:00-04:00,68.70999908447266,68.70999908447266,68.67330169677734,68.67330169677734,491,0.0,0.0,2023-07-05
217,2023-07-05 11:30:00-04:00,68.69499969482422,68.69499969482422,68.68499755859375,68.68499755859375,206,0.0,0.0,2023-07-05
218,2023-07-05 11:32:00-04:00,68.77999877929688,68.84500122070312,68.77999877929688,68.80000305175781,519,0.0,0.0,2023-07-05
219,2023-07-05 11:33:00-04:00,68.8499984741211,68.8499984741211,68.80500030517578,68.80500030517578,344,0.0,0.0,2023-07-05
220,2023-07-05 11:34:00-04:00,68.80000305175781,68.80000305175781,68.73999786376953,68.73999786376953,1299,0.0,0.0,2023-07-05
221,2023-07-05 11:37:00-04:00,68.7300033569336,68.7300033569336,68.5999984741211,68.5999984741211,3413,0.0,0.0,2023-07-05
222,2023-07-05 11:38:00-04:00,68.52999877929688,68.53500366210938,68.52999877929688,68.52999877929688,347,0.0,0.0,2023-07-05
223,2023-07-05 11:39:00-04:00,68.51000213623047,68.56999969482422,68.51000213623047,68.56999969482422,351,0.0,0.0,2023-07-05
224,2023-07-05 11:40:00-04:00,68.47000122070312,68.47000122070312,68.47000122070312,68.47000122070312,238,0.0,0.0,2023-07-05
225,2023-07-05 11:41:00-04:00,68.45999908447266,68.45999908447266,68.45999908447266,68.45999908447266,448,0.0,0.0,2023-07-05
226,2023-07-05 11:42:00-04:00,68.36000061035156,68.36000061035156,68.36000061035156,68.36000061035156,101,0.0,0.0,2023-07-05
227,2023-07-05 11:43:00-04:00,68.33000183105469,68.44000244140625,68.33000183105469,68.44000244140625,938,0.0,0.0,2023-07-05
228,2023-07-05 11:47:00-04:00,68.375,68.375,68.375,68.375,203,0.0,0.0,2023-07-05
229,2023-07-05 11:49:00-04:00,68.37999725341797,68.37999725341797,68.37999725341797,68.37999725341797,313,0.0,0.0,2023-07-05
230,2023-07-05 11:50:00-04:00,68.45999908447266,68.45999908447266,68.44499969482422,68.44499969482422,320,0.0,0.0,2023-07-05
231,2023-07-05 11:51:00-04:00,68.43000030517578,68.43000030517578,68.43000030517578,68.43000030517578,100,0.0,0.0,2023-07-05
232,2023-07-05 11:52:00-04:00,68.5,68.5,68.45500183105469,68.45500183105469,427,0.0,0.0,2023-07-05
233,2023-07-05 11:54:00-04:00,68.51000213623047,68.51000213623047,68.51000213623047,68.51000213623047,301,0.0,0.0,2023-07-05
234,2023-07-05 11:56:00-04:00,68.44000244140625,68.47000122070312,68.44000244140625,68.47000122070312,322,0.0,0.0,2023-07-05
235,2023-07-05 11:57:00-04:00,68.44000244140625,68.44000244140625,68.42500305175781,68.42500305175781,1536,0.0,0.0,2023-07-05
236,2023-07-05 12:00:00-04:00,68.4800033569336,68.51000213623047,68.4800033569336,68.51000213623047,246,0.0,0.0,2023-07-05
237,2023-07-05 12:01:00-04:00,68.44999694824219,68.44999694824219,68.44999694824219,68.44999694824219,101,0.0,0.0,2023-07-05
238,2023-07-05 12:03:00-04:00,68.48999786376953,68.625,68.48999786376953,68.625,1112,0.0,0.0,2023-07-05
239,2023-07-05 12:06:00-04:00,68.54000091552734,68.54000091552734,68.54000091552734,68.54000091552734,103,0.0,0.0,2023-07-05
240,2023-07-05 12:07:00-04:00,68.55999755859375,68.55999755859375,68.55999755859375,68.55999755859375,216,0.0,0.0,2023-07-05
241,2023-07-05 12:10:00-04:00,68.58999633789062,68.58999633789062,68.5,68.5,1328,0.0,0.0,2023-07-05
242,2023-07-05 12:11:00-04:00,68.43000030517578,68.43000030517578,68.43000030517578,68.43000030517578,111,0.0,0.0,2023-07-05
243,2023-07-05 12:12:00-04:00,68.41999816894531,68.41999816894531,68.41999816894531,68.41999816894531,279,0.0,0.0,2023-07-05
244,2023-07-05 12:13:00-04:00,68.4000015258789,68.4000015258789,68.33000183105469,68.4000015258789,746,0.0,0.0,2023-07-05
245,2023-07-05 12:15:00-04:00,68.44000244140625,68.44000244140625,68.37750244140625,68.37750244140625,233,0.0,0.0,2023-07-05
246,2023-07-05 12:16:00-04:00,68.34500122070312,68.34500122070312,68.29000091552734,68.29000091552734,248,0.0,0.0,2023-07-05
247,2023-07-05 12:17:00-04:00,68.38999938964844,68.44999694824219,68.38999938964844,68.43000030517578,1155,0.0,0.0,2023-07-05
248,2023-07-05 12:19:00-04:00,68.41000366210938,68.61000061035156,68.41000366210938,68.55999755859375,2589,0.0,0.0,2023-07-05
249,2023-07-05 12:21:00-04:00,68.55500030517578,68.55500030517578,68.5,68.5,317,0.0,0.0,2023-07-05
250,2023-07-05 12:22:00-04:00,68.44999694824219,68.44999694824219,68.44999694824219,68.44999694824219,267,0.0,0.0,2023-07-05
251,2023-07-05 12:24:00-04:00,68.55000305175781,68.59989929199219,68.55000305175781,68.59500122070312,1066,0.0,0.0,2023-07-05
252,2023-07-05 12:25:00-04:00,68.48999786376953,68.48999786376953,68.48999786376953,68.48999786376953,100,0.0,0.0,2023-07-05
253,2023-07-05 12:26:00-04:00,68.48999786376953,68.48999786376953,68.48999786376953,68.48999786376953,569,0.0,0.0,2023-07-05
254,2023-07-05 12:30:00-04:00,68.44999694824219,68.44999694824219,68.44999694824219,68.44999694824219,111,0.0,0.0,2023-07-05
255,2023-07-05 12:31:00-04:00,68.4800033569336,68.52999877929688,68.41999816894531,68.52999877929688,528,0.0,0.0,2023-07-05
256,2023-07-05 12:33:00-04:00,68.41999816894531,68.41999816894531,68.41999816894531,68.41999816894531,234,0.0,0.0,2023-07-05
257,2023-07-05 12:34:00-04:00,68.41999816894531,68.48999786376953,68.38999938964844,68.48999786376953,2350,0.0,0.0,2023-07-05
258,2023-07-05 12:35:00-04:00,68.5,68.5199966430664,68.5,68.5199966430664,429,0.0,0.0,2023-07-05
259,2023-07-05 12:36:00-04:00,68.45999908447266,68.45999908447266,68.45999908447266,68.45999908447266,626,0.0,0.0,2023-07-05
260,2023-07-05 12:38:00-04:00,68.5,68.5,68.5,68.5,184,0.0,0.0,2023-07-05
261,2023-07-05 12:39:00-04:00,68.52999877929688,68.52999877929688,68.52999877929688,68.52999877929688,103,0.0,0.0,2023-07-05
262,2023-07-05 12:41:00-04:00,68.44999694824219,68.5,68.44999694824219,68.5,284,0.0,0.0,2023-07-05
263,2023-07-05 12:43:00-04:00,68.52999877929688,68.52999877929688,68.52999877929688,68.52999877929688,202,0.0,0.0,2023-07-05
264,2023-07-05 12:44:00-04:00,68.55000305175781,68.55000305175781,68.55000305175781,68.55000305175781,438,0.0,0.0,2023-07-05
265,2023-07-05 12:46:00-04:00,68.4800033569336,68.4800033569336,68.4800033569336,68.4800033569336,106,0.0,0.0,2023-07-05
266,2023-07-05 12:47:00-04:00,68.4800033569336,68.4800033569336,68.4800033569336,68.4800033569336,1317,0.0,0.0,2023-07-05
267,2023-07-05 12:48:00-04:00,68.44999694824219,68.46499633789062,68.44999694824219,68.44999694824219,484,0.0,0.0,2023-07-05
268,2023-07-05 12:49:00-04:00,68.47000122070312,68.5,68.47000122070312,68.47000122070312,1876,0.0,0.0,2023-07-05
269,2023-07-05 12:50:00-04:00,68.5,68.5,68.5,68.5,145,0.0,0.0,2023-07-05
270,2023-07-05 12:52:00-04:00,68.51000213623047,68.51000213623047,68.51000213623047,68.51000213623047,152,0.0,0.0,2023-07-05
271,2023-07-05 12:56:00-04:00,68.51000213623047,68.51000213623047,68.51000213623047,68.51000213623047,347,0.0,0.0,2023-07-05
272,2023-07-05 12:57:00-04:00,68.51000213623047,68.51000213623047,68.5,68.5,639,0.0,0.0,2023-07-05
273,2023-07-05 12:59:00-04:00,68.5,68.5,68.5,68.5,180,0.0,0.0,2023-07-05
274,2023-07-05 13:00:00-04:00,68.5386962890625,68.5386962890625,68.5386962890625,68.5386962890625,302,0.0,0.0,2023-07-05
275,2023-07-05 13:01:00-04:00,68.45999908447266,68.47000122070312,68.44000244140625,68.44000244140625,2188,0.0,0.0,2023-07-05
276,2023-07-05 13:02:00-04:00,68.3949966430664,68.3949966430664,68.3949966430664,68.3949966430664,284,0.0,0.0,2023-07-05
277,2023-07-05 13:07:00-04:00,68.41000366210938,68.41000366210938,68.41000366210938,68.41000366210938,254,0.0,0.0,2023-07-05
278,2023-07-05 13:09:00-04:00,68.41000366210938,68.41000366210938,68.41000366210938,68.41000366210938,303,0.0,0.0,2023-07-05
279,2023-07-05 13:10:00-04:00,68.41000366210938,68.41000366210938,68.38999938964844,68.38999938964844,1175,0.0,0.0,2023-07-05
280,2023-07-05 13:12:00-04:00,68.34500122070312,68.34500122070312,68.34500122070312,68.34500122070312,236,0.0,0.0,2023-07-05
281,2023-07-05 13:13:00-04:00,68.38999938964844,68.43000030517578,68.38999938964844,68.43000030517578,1396,0.0,0.0,2023-07-05
282,2023-07-05 13:14:00-04:00,68.36000061035156,68.36000061035156,68.36000061035156,68.36000061035156,209,0.0,0.0,2023-07-05
283,2023-07-05 13:15:00-04:00,68.33999633789062,68.33999633789062,68.30999755859375,68.30999755859375,582,0.0,0.0,2023-07-05
284,2023-07-05 13:17:00-04:00,68.29499816894531,68.30000305175781,68.29499816894531,68.30000305175781,211,0.0,0.0,2023-07-05
285,2023-07-05 13:18:00-04:00,68.33999633789062,68.33999633789062,68.33999633789062,68.33999633789062,590,0.0,0.0,2023-07-05
286,2023-07-05 13:19:00-04:00,68.36000061035156,68.36000061035156,68.36000061035156,68.36000061035156,271,0.0,0.0,2023-07-05
287,2023-07-05 13:22:00-04:00,68.43499755859375,68.43499755859375,68.43499755859375,68.43499755859375,105,0.0,0.0,2023-07-05
288,2023-07-05 13:23:00-04:00,68.4749984741211,68.4749984741211,68.4749984741211,68.4749984741211,538,0.0,0.0,2023-07-05
289,2023-07-05 13:27:00-04:00,68.44999694824219,68.45999908447266,68.4000015258789,68.4000015258789,1254,0.0,0.0,2023-07-05
290,2023-07-05 13:28:00-04:00,68.44000244140625,68.44000244140625,68.41999816894531,68.41999816894531,483,0.0,0.0,2023-07-05
291,2023-07-05 13:30:00-04:00,68.4000015258789,68.44499969482422,68.4000015258789,68.44499969482422,494,0.0,0.0,2023-07-05
292,2023-07-05 13:31:00-04:00,68.44499969482422,68.44499969482422,68.44499969482422,68.44499969482422,226,0.0,0.0,2023-07-05
293,2023-07-05 13:33:00-04:00,68.4000015258789,68.4000015258789,68.4000015258789,68.4000015258789,254,0.0,0.0,2023-07-05
294,2023-07-05 13:34:00-04:00,68.4000015258789,68.41999816894531,68.37000274658203,68.37000274658203,449,0.0,0.0,2023-07-05
295,2023-07-05 13:35:00-04:00,68.43499755859375,68.43499755859375,68.4000015258789,68.4000015258789,535,0.0,0.0,2023-07-05
296,2023-07-05 13:37:00-04:00,68.45999908447266,68.45999908447266,68.43499755859375,68.43499755859375,521,0.0,0.0,2023-07-05
297,2023-07-05 13:38:00-04:00,68.48999786376953,68.48999786376953,68.48999786376953,68.48999786376953,238,0.0,0.0,2023-07-05
298,2023-07-05 13:40:00-04:00,68.5199966430664,68.55000305175781,68.5199966430664,68.55000305175781,785,0.0,0.0,2023-07-05
299,2023-07-05 13:43:00-04:00,68.55999755859375,68.55999755859375,68.55999755859375,68.55999755859375,795,0.0,0.0,2023-07-05
300,2023-07-05 13:44:00-04:00,68.57499694824219,68.58000183105469,68.57499694824219,68.58000183105469,435,0.0,0.0,2023-07-05
301,2023-07-05 13:46:00-04:00,68.58999633789062,68.58999633789062,68.58000183105469,68.58999633789062,1419,0.0,0.0,2023-07-05
302,2023-07-05 13:47:00-04:00,68.5999984741211,68.5999984741211,68.5999984741211,68.5999984741211,103,0.0,0.0,2023-07-05
303,2023-07-05 13:48:00-04:00,68.54000091552734,68.54000091552734,68.54000091552734,68.54000091552734,125,0.0,0.0,2023-07-05
304,2023-07-05 13:49:00-04:00,68.58000183105469,68.58999633789062,68.58000183105469,68.58999633789062,677,0.0,0.0,2023-07-05
305,2023-07-05 13:51:00-04:00,68.54000091552734,68.54000091552734,68.54000091552734,68.54000091552734,348,0.0,0.0,2023-07-05
306,2023-07-05 13:52:00-04:00,68.5199966430664,68.58999633789062,68.5199966430664,68.56999969482422,343,0.0,0.0,2023-07-05
307,2023-07-05 13:53:00-04:00,68.54000091552734,68.54000091552734,68.54000091552734,68.54000091552734,265,0.0,0.0,2023-07-05
308,2023-07-05 13:55:00-04:00,68.58000183105469,68.58000183105469,68.58000183105469,68.58000183105469,120,0.0,0.0,2023-07-05
309,2023-07-05 13:56:00-04:00,68.5999984741211,68.61000061035156,68.5999984741211,68.61000061035156,579,0.0,0.0,2023-07-05
310,2023-07-05 13:58:00-04:00,68.62000274658203,68.62999725341797,68.5999984741211,68.62999725341797,479,0.0,0.0,2023-07-05
311,2023-07-05 13:59:00-04:00,68.58499908447266,68.69999694824219,68.58499908447266,68.6449966430664,611,0.0,0.0,2023-07-05
312,2023-07-05 14:01:00-04:00,68.6500015258789,68.6500015258789,68.6500015258789,68.6500015258789,695,0.0,0.0,2023-07-05
313,2023-07-05 14:03:00-04:00,68.58999633789062,68.58999633789062,68.58000183105469,68.58000183105469,1293,0.0,0.0,2023-07-05
314,2023-07-05 14:05:00-04:00,68.56999969482422,68.58999633789062,68.55000305175781,68.56500244140625,1300,0.0,0.0,2023-07-05
315,2023-07-05 14:06:00-04:00,68.61000061035156,68.62000274658203,68.61000061035156,68.61000061035156,634,0.0,0.0,2023-07-05
316,2023-07-05 14:08:00-04:00,68.66999816894531,68.66999816894531,68.66999816894531,68.66999816894531,217,0.0,0.0,2023-07-05
317,2023-07-05 14:09:00-04:00,68.65499877929688,68.65499877929688,68.65499877929688,68.65499877929688,238,0.0,0.0,2023-07-05
318,2023-07-05 14:10:00-04:00,68.65499877929688,68.74500274658203,68.65499877929688,68.7300033569336,3878,0.0,0.0,2023-07-05
319,2023-07-05 14:11:00-04:00,68.7699966430664,68.7699966430664,68.73999786376953,68.73999786376953,595,0.0,0.0,2023-07-05
320,2023-07-05 14:12:00-04:00,68.73999786376953,68.73999786376953,68.7300033569336,68.7300033569336,1087,0.0,0.0,2023-07-05
321,2023-07-05 14:13:00-04:00,68.70999908447266,68.70999908447266,68.70999908447266,68.70999908447266,233,0.0,0.0,2023-07-05
322,2023-07-05 14:14:00-04:00,68.72000122070312,68.72000122070312,68.72000122070312,68.72000122070312,222,0.0,0.0,2023-07-05
323,2023-07-05 14:15:00-04:00,68.72000122070312,68.72000122070312,68.69000244140625,68.72000122070312,2902,0.0,0.0,2023-07-05
324,2023-07-05 14:16:00-04:00,68.7406005859375,68.76000213623047,68.69000244140625,68.76000213623047,2315,0.0,0.0,2023-07-05
325,2023-07-05 14:17:00-04:00,68.69000244140625,68.69000244140625,68.69000244140625,68.69000244140625,398,0.0,0.0,2023-07-05
326,2023-07-05 14:18:00-04:00,68.69000244140625,68.69000244140625,68.58999633789062,68.65499877929688,3016,0.0,0.0,2023-07-05
327,2023-07-05 14:19:00-04:00,68.5999984741211,68.5999984741211,68.5999984741211,68.5999984741211,193,0.0,0.0,2023-07-05
328,2023-07-05 14:22:00-04:00,68.56999969482422,68.5999984741211,68.55000305175781,68.5999984741211,2545,0.0,0.0,2023-07-05
329,2023-07-05 14:23:00-04:00,68.62999725341797,68.62999725341797,68.62999725341797,68.62999725341797,811,0.0,0.0,2023-07-05
330,2023-07-05 14:25:00-04:00,68.61000061035156,68.61000061035156,68.61000061035156,68.61000061035156,1307,0.0,0.0,2023-07-05
331,2023-07-05 14:27:00-04:00,68.63999938964844,68.63999938964844,68.5999984741211,68.5999984741211,442,0.0,0.0,2023-07-05
332,2023-07-05 14:30:00-04:00,68.6500015258789,68.66999816894531,68.6500015258789,68.66999816894531,674,0.0,0.0,2023-07-05
333,2023-07-05 14:31:00-04:00,68.61000061035156,68.69000244140625,68.61000061035156,68.69000244140625,830,0.0,0.0,2023-07-05
334,2023-07-05 14:33:00-04:00,68.69999694824219,68.70999908447266,68.68000030517578,68.69000244140625,1459,0.0,0.0,2023-07-05
335,2023-07-05 14:35:00-04:00,68.66999816894531,68.66999816894531,68.66000366210938,68.66000366210938,414,0.0,0.0,2023-07-05
336,2023-07-05 14:36:00-04:00,68.68499755859375,68.72000122070312,68.68499755859375,68.72000122070312,1407,0.0,0.0,2023-07-05
337,2023-07-05 14:37:00-04:00,68.77999877929688,68.77999877929688,68.77999877929688,68.77999877929688,222,0.0,0.0,2023-07-05
338,2023-07-05 14:38:00-04:00,68.79000091552734,68.79000091552734,68.79000091552734,68.79000091552734,254,0.0,0.0,2023-07-05
339,2023-07-05 14:39:00-04:00,68.81999969482422,68.8499984741211,68.80000305175781,68.8499984741211,1478,0.0,0.0,2023-07-05
340,2023-07-05 14:40:00-04:00,68.83999633789062,68.87999725341797,68.83000183105469,68.83000183105469,562,0.0,0.0,2023-07-05
341,2023-07-05 14:41:00-04:00,68.81999969482422,68.81999969482422,68.79000091552734,68.79000091552734,2112,0.0,0.0,2023-07-05
342,2023-07-05 14:43:00-04:00,68.76000213623047,68.77999877929688,68.76000213623047,68.76499938964844,2046,0.0,0.0,2023-07-05
343,2023-07-05 14:44:00-04:00,68.79000091552734,68.79000091552734,68.7699966430664,68.7699966430664,712,0.0,0.0,2023-07-05
344,2023-07-05 14:45:00-04:00,68.80000305175781,68.83000183105469,68.79000091552734,68.83000183105469,1968,0.0,0.0,2023-07-05
345,2023-07-05 14:46:00-04:00,68.875,68.875,68.875,68.875,100,0.0,0.0,2023-07-05
346,2023-07-05 14:47:00-04:00,68.83999633789062,68.83999633789062,68.83999633789062,68.83999633789062,246,0.0,0.0,2023-07-05
347,2023-07-05 14:48:00-04:00,68.87999725341797,68.87999725341797,68.87999725341797,68.87999725341797,433,0.0,0.0,2023-07-05
348,2023-07-05 14:49:00-04:00,68.87999725341797,68.8949966430664,68.81999969482422,68.83000183105469,2966,0.0,0.0,2023-07-05
349,2023-07-05 14:50:00-04:00,68.80999755859375,68.80999755859375,68.79000091552734,68.80999755859375,1245,0.0,0.0,2023-07-05
350,2023-07-05 14:51:00-04:00,68.83000183105469,68.83000183105469,68.81999969482422,68.83000183105469,493,0.0,0.0,2023-07-05
351,2023-07-05 14:54:00-04:00,68.80999755859375,68.80999755859375,68.80999755859375,68.80999755859375,825,0.0,0.0,2023-07-05
352,2023-07-05 14:56:00-04:00,68.81999969482422,68.82499694824219,68.80999755859375,68.80999755859375,463,0.0,0.0,2023-07-05
353,2023-07-05 14:57:00-04:00,68.80999755859375,68.81999969482422,68.76000213623047,68.81999969482422,3329,0.0,0.0,2023-07-05
354,2023-07-05 14:58:00-04:00,68.83999633789062,68.8499984741211,68.79499816894531,68.79499816894531,1351,0.0,0.0,2023-07-05
355,2023-07-05 15:00:00-04:00,68.87999725341797,68.87999725341797,68.87999725341797,68.87999725341797,483,0.0,0.0,2023-07-05
356,2023-07-05 15:01:00-04:00,68.91999816894531,68.91999816894531,68.91999816894531,68.91999816894531,666,0.0,0.0,2023-07-05
357,2023-07-05 15:02:00-04:00,68.9000015258789,68.94999694824219,68.9000015258789,68.94999694824219,594,0.0,0.0,2023-07-05
358,2023-07-05 15:03:00-04:00,68.94999694824219,68.97000122070312,68.94999694824219,68.97000122070312,846,0.0,0.0,2023-07-05
359,2023-07-05 15:04:00-04:00,69.04000091552734,69.04000091552734,68.94999694824219,68.95999908447266,1400,0.0,0.0,2023-07-05
360,2023-07-05 15:05:00-04:00,68.95999908447266,68.9800033569336,68.95999908447266,68.97000122070312,694,0.0,0.0,2023-07-05
361,2023-07-05 15:06:00-04:00,68.9749984741211,69.01000213623047,68.9749984741211,69.01000213623047,307,0.0,0.0,2023-07-05
362,2023-07-05 15:07:00-04:00,68.9800033569336,69.0,68.94010162353516,68.98999786376953,1228,0.0,0.0,2023-07-05
363,2023-07-05 15:09:00-04:00,68.95999908447266,68.97000122070312,68.94999694824219,68.94999694824219,756,0.0,0.0,2023-07-05
364,2023-07-05 15:10:00-04:00,68.93000030517578,68.94000244140625,68.91999816894531,68.91999816894531,3003,0.0,0.0,2023-07-05
365,2023-07-05 15:11:00-04:00,68.93000030517578,68.93000030517578,68.9000015258789,68.9000015258789,709,0.0,0.0,2023-07-05
366,2023-07-05 15:12:00-04:00,68.91999816894531,68.93000030517578,68.91000366210938,68.91000366210938,1015,0.0,0.0,2023-07-05
367,2023-07-05 15:13:00-04:00,68.88999938964844,68.88999938964844,68.88999938964844,68.88999938964844,166,0.0,0.0,2023-07-05
368,2023-07-05 15:14:00-04:00,68.94000244140625,68.95249938964844,68.94000244140625,68.95249938964844,620,0.0,0.0,2023-07-05
369,2023-07-05 15:15:00-04:00,69.01000213623047,69.01000213623047,68.94000244140625,68.94000244140625,506,0.0,0.0,2023-07-05
370,2023-07-05 15:16:00-04:00,68.97000122070312,68.9800033569336,68.97000122070312,68.9800033569336,817,0.0,0.0,2023-07-05
371,2023-07-05 15:18:00-04:00,68.98999786376953,69.0,68.98999786376953,69.0,975,0.0,0.0,2023-07-05
372,2023-07-05 15:19:00-04:00,69.0,69.0,68.99500274658203,68.99500274658203,306,0.0,0.0,2023-07-05
373,2023-07-05 15:20:00-04:00,69.0,69.0,68.94999694824219,68.94999694824219,3128,0.0,0.0,2023-07-05
374,2023-07-05 15:21:00-04:00,68.94499969482422,68.94499969482422,68.94499969482422,68.94499969482422,332,0.0,0.0,2023-07-05
375,2023-07-05 15:23:00-04:00,68.91000366210938,68.91000366210938,68.875,68.9000015258789,2189,0.0,0.0,2023-07-05
376,2023-07-05 15:24:00-04:00,68.91999816894531,68.93000030517578,68.91999816894531,68.91999816894531,1574,0.0,0.0,2023-07-05
377,2023-07-05 15:25:00-04:00,68.93000030517578,68.93000030517578,68.93000030517578,68.93000030517578,826,0.0,0.0,2023-07-05
378,2023-07-05 15:26:00-04:00,68.94000244140625,68.94000244140625,68.94000244140625,68.94000244140625,580,0.0,0.0,2023-07-05
379,2023-07-05 15:27:00-04:00,68.94000244140625,68.9800033569336,68.94000244140625,68.9800033569336,535,0.0,0.0,2023-07-05
380,2023-07-05 15:28:00-04:00,68.98500061035156,68.98999786376953,68.94999694824219,68.98999786376953,732,0.0,0.0,2023-07-05
381,2023-07-05 15:29:00-04:00,69.0,69.01000213623047,68.98999786376953,69.01000213623047,440,0.0,0.0,2023-07-05
382,2023-07-05 15:30:00-04:00,69.01000213623047,69.01000213623047,68.94999694824219,68.95500183105469,2178,0.0,0.0,2023-07-05
383,2023-07-05 15:32:00-04:00,68.98999786376953,69.00900268554688,68.97000122070312,68.98500061035156,1712,0.0,0.0,2023-07-05
384,2023-07-05 15:33:00-04:00,69.02999877929688,69.02999877929688,68.9800033569336,68.9800033569336,2091,0.0,0.0,2023-07-05
385,2023-07-05 15:34:00-04:00,68.99500274658203,69.0,68.9749984741211,68.9800033569336,692,0.0,0.0,2023-07-05
386,2023-07-05 15:35:00-04:00,69.0,69.02999877929688,69.0,69.0,762,0.0,0.0,2023-07-05
387,2023-07-05 15:36:00-04:00,69.0,69.00900268554688,68.9800033569336,69.0,2651,0.0,0.0,2023-07-05
388,2023-07-05 15:37:00-04:00,68.97000122070312,69.01000213623047,68.95999908447266,68.97000122070312,2699,0.0,0.0,2023-07-05
389,2023-07-05 15:38:00-04:00,68.9800033569336,68.9800033569336,68.95999908447266,68.95999908447266,944,0.0,0.0,2023-07-05
390,2023-07-05 15:39:00-04:00,68.94000244140625,68.97000122070312,68.94000244140625,68.95999908447266,833,0.0,0.0,2023-07-05
391,2023-07-05 15:40:00-04:00,68.94499969482422,68.97000122070312,68.94000244140625,68.97000122070312,1626,0.0,0.0,2023-07-05
392,2023-07-05 15:41:00-04:00,68.9800033569336,69.03500366210938,68.97000122070312,69.03500366210938,1810,0.0,0.0,2023-07-05
393,2023-07-05 15:42:00-04:00,69.01000213623047,69.05899810791016,69.01000213623047,69.0199966430664,2962,0.0,0.0,2023-07-05
394,2023-07-05 15:43:00-04:00,69.01000213623047,69.01499938964844,68.97000122070312,68.97000122070312,1673,0.0,0.0,2023-07-05
395,2023-07-05 15:44:00-04:00,68.97000122070312,68.9800033569336,68.96499633789062,68.97000122070312,993,0.0,0.0,2023-07-05
396,2023-07-05 15:45:00-04:00,68.96499633789062,68.97000122070312,68.94000244140625,68.97000122070312,2467,0.0,0.0,2023-07-05
397,2023-07-05 15:46:00-04:00,68.9800033569336,69.0,68.9800033569336,69.0,1652,0.0,0.0,2023-07-05
398,2023-07-05 15:47:00-04:00,68.97000122070312,68.97000122070312,68.94000244140625,68.95999908447266,4827,0.0,0.0,2023-07-05
399,2023-07-05 15:48:00-04:00,68.97000122070312,68.9800033569336,68.94999694824219,68.97000122070312,1708,0.0,0.0,2023-07-05
400,2023-07-05 15:49:00-04:00,68.9800033569336,68.9800033569336,68.94999694824219,68.96499633789062,1321,0.0,0.0,2023-07-05
401,2023-07-05 15:50:00-04:00,68.94999694824219,68.95999908447266,68.8499984741211,68.94999694824219,4241,0.0,0.0,2023-07-05
402,2023-07-05 15:51:00-04:00,68.95999908447266,69.0,68.95999908447266,68.98999786376953,2318,0.0,0.0,2023-07-05
403,2023-07-05 15:52:00-04:00,68.9800033569336,68.98500061035156,68.95999908447266,68.9749984741211,5000,0.0,0.0,2023-07-05
404,2023-07-05 15:53:00-04:00,68.9749984741211,69.01000213623047,68.94000244140625,68.9800033569336,5289,0.0,0.0,2023-07-05
405,2023-07-05 15:54:00-04:00,68.97000122070312,69.0,68.97000122070312,68.97000122070312,2630,0.0,0.0,2023-07-05
406,2023-07-05 15:55:00-04:00,68.95999908447266,69.01499938964844,68.94000244140625,69.01000213623047,6348,0.0,0.0,2023-07-05
407,2023-07-05 15:56:00-04:00,69.01499938964844,69.01499938964844,68.97000122070312,68.9749984741211,6765,0.0,0.0,2023-07-05
408,2023-07-05 15:57:00-04:00,68.97000122070312,68.98999786376953,68.9000015258789,68.95500183105469,7976,0.0,0.0,2023-07-05
409,2023-07-05 15:58:00-04:00,68.94000244140625,68.9800033569336,68.93000030517578,68.94249725341797,8148,0.0,0.0,2023-07-05
410,2023-07-05 15:59:00-04:00,68.95999908447266,68.98899841308594,68.91000366210938,68.94000244140625,13735,0.0,0.0,2023-07-05
411,2023-07-06 09:30:00-04:00,68.26000213623047,68.26000213623047,67.5199966430664,67.61979675292969,3867,0.0,0.0,2023-07-06
412,2023-07-06 09:31:00-04:00,67.51619720458984,67.51619720458984,67.51619720458984,67.51619720458984,222,0.0,0.0,2023-07-06
413,2023-07-06 09:33:00-04:00,68.16000366210938,68.16000366210938,68.16000366210938,68.16000366210938,542,0.0,0.0,2023-07-06
414,2023-07-06 09:40:00-04:00,68.19999694824219,68.19999694824219,68.19000244140625,68.19000244140625,303,0.0,0.0,2023-07-06
415,2023-07-06 09:41:00-04:00,68.19999694824219,68.19999694824219,68.0,68.0,1292,0.0,0.0,2023-07-06
416,2023-07-06 09:44:00-04:00,68.01000213623047,68.01000213623047,67.91999816894531,67.91999816894531,466,0.0,0.0,2023-07-06
417,2023-07-06 09:46:00-04:00,67.94000244140625,67.94000244140625,67.94000244140625,67.94000244140625,240,0.0,0.0,2023-07-06
418,2023-07-06 09:49:00-04:00,68.16000366210938,68.18000030517578,68.16000366210938,68.18000030517578,742,0.0,0.0,2023-07-06
419,2023-07-06 09:52:00-04:00,68.09500122070312,68.09500122070312,68.09500122070312,68.09500122070312,266,0.0,0.0,2023-07-06
420,2023-07-06 09:54:00-04:00,67.93000030517578,67.93000030517578,67.93000030517578,67.93000030517578,249,0.0,0.0,2023-07-06
421,2023-07-06 10:03:00-04:00,67.72000122070312,67.80999755859375,67.70999908447266,67.75,2340,0.0,0.0,2023-07-06
422,2023-07-06 10:05:00-04:00,67.80999755859375,67.80999755859375,67.77999877929688,67.77999877929688,380,0.0,0.0,2023-07-06
423,2023-07-06 10:07:00-04:00,67.72000122070312,67.75,67.68000030517578,67.75,1528,0.0,0.0,2023-07-06
424,2023-07-06 10:08:00-04:00,67.61000061035156,67.63999938964844,67.61000061035156,67.63999938964844,271,0.0,0.0,2023-07-06
425,2023-07-06 10:09:00-04:00,67.63999938964844,67.63999938964844,67.5999984741211,67.5999984741211,729,0.0,0.0,2023-07-06
426,2023-07-06 10:10:00-04:00,67.69000244140625,67.69000244140625,67.68000030517578,67.68000030517578,285,0.0,0.0,2023-07-06
427,2023-07-06 10:11:00-04:00,67.66000366210938,67.66000366210938,67.61000061035156,67.63999938964844,962,0.0,0.0,2023-07-06
428,2023-07-06 10:13:00-04:00,67.68000030517578,67.68000030517578,67.58000183105469,67.6500015258789,1122,0.0,0.0,2023-07-06
429,2023-07-06 10:14:00-04:00,67.69000244140625,67.72000122070312,67.69000244140625,67.72000122070312,1065,0.0,0.0,2023-07-06
430,2023-07-06 10:15:00-04:00,67.68000030517578,67.68000030517578,67.66000366210938,67.66000366210938,571,0.0,0.0,2023-07-06
431,2023-07-06 10:18:00-04:00,67.61000061035156,67.61000061035156,67.61000061035156,67.61000061035156,819,0.0,0.0,2023-07-06
432,2023-07-06 10:19:00-04:00,67.5999984741211,67.62999725341797,67.51000213623047,67.51000213623047,1194,0.0,0.0,2023-07-06
433,2023-07-06 10:20:00-04:00,67.51499938964844,67.61000061035156,67.51499938964844,67.61000061035156,1357,0.0,0.0,2023-07-06
434,2023-07-06 10:21:00-04:00,67.60009765625,67.60009765625,67.55000305175781,67.55999755859375,5926,0.0,0.0,2023-07-06
435,2023-07-06 10:22:00-04:00,67.58999633789062,67.58999633789062,67.58999633789062,67.58999633789062,527,0.0,0.0,2023-07-06
436,2023-07-06 10:23:00-04:00,67.52999877929688,67.52999877929688,67.48999786376953,67.48999786376953,1585,0.0,0.0,2023-07-06
437,2023-07-06 10:27:00-04:00,67.5,67.5,67.5,67.5,1715,0.0,0.0,2023-07-06
438,2023-07-06 10:28:00-04:00,67.4896011352539,67.4896011352539,67.4896011352539,67.4896011352539,230,0.0,0.0,2023-07-06
439,2023-07-06 10:29:00-04:00,67.44000244140625,67.44000244140625,67.44000244140625,67.44000244140625,791,0.0,0.0,2023-07-06
440,2023-07-06 10:31:00-04:00,67.44000244140625,67.44999694824219,67.44000244140625,67.44999694824219,968,0.0,0.0,2023-07-06
441,2023-07-06 10:33:00-04:00,67.44000244140625,67.44000244140625,67.44000244140625,67.44000244140625,475,0.0,0.0,2023-07-06
442,2023-07-06 10:36:00-04:00,67.54000091552734,67.54000091552734,67.44999694824219,67.44999694824219,836,0.0,0.0,2023-07-06
443,2023-07-06 10:37:00-04:00,67.41999816894531,67.41999816894531,67.41999816894531,67.41999816894531,494,0.0,0.0,2023-07-06
444,2023-07-06 10:39:00-04:00,67.3499984741211,67.41999816894531,67.3499984741211,67.41999816894531,373,0.0,0.0,2023-07-06
445,2023-07-06 10:41:00-04:00,67.2699966430664,67.2699966430664,67.2699966430664,67.2699966430664,403,0.0,0.0,2023-07-06
446,2023-07-06 10:43:00-04:00,67.26000213623047,67.26000213623047,67.26000213623047,67.26000213623047,232,0.0,0.0,2023-07-06
447,2023-07-06 10:44:00-04:00,67.26000213623047,67.2699966430664,67.23500061035156,67.23500061035156,779,0.0,0.0,2023-07-06
448,2023-07-06 10:45:00-04:00,67.17009735107422,67.17009735107422,67.17009735107422,67.17009735107422,608,0.0,0.0,2023-07-06
449,2023-07-06 10:49:00-04:00,67.16000366210938,67.16000366210938,67.09089660644531,67.16000366210938,2746,0.0,0.0,2023-07-06
450,2023-07-06 10:50:00-04:00,67.11000061035156,67.11000061035156,67.11000061035156,67.11000061035156,149,0.0,0.0,2023-07-06
451,2023-07-06 10:52:00-04:00,67.1050033569336,67.1050033569336,67.1050033569336,67.1050033569336,434,0.0,0.0,2023-07-06
452,2023-07-06 10:55:00-04:00,67.05999755859375,67.05999755859375,67.05999755859375,67.05999755859375,994,0.0,0.0,2023-07-06
453,2023-07-06 10:56:00-04:00,67.08000183105469,67.08000183105469,67.08000183105469,67.08000183105469,393,0.0,0.0,2023-07-06
454,2023-07-06 10:57:00-04:00,67.11000061035156,67.11000061035156,67.11000061035156,67.11000061035156,1067,0.0,0.0,2023-07-06
455,2023-07-06 11:02:00-04:00,67.11000061035156,67.11000061035156,67.11000061035156,67.11000061035156,665,0.0,0.0,2023-07-06
456,2023-07-06 11:03:00-04:00,67.0999984741211,67.0999984741211,67.0999984741211,67.0999984741211,200,0.0,0.0,2023-07-06
457,2023-07-06 11:05:00-04:00,67.12999725341797,67.12999725341797,67.12999725341797,67.12999725341797,334,0.0,0.0,2023-07-06
458,2023-07-06 11:07:00-04:00,67.11000061035156,67.16000366210938,67.11000061035156,67.16000366210938,637,0.0,0.0,2023-07-06
459,2023-07-06 11:09:00-04:00,67.19000244140625,67.19000244140625,67.19000244140625,67.19000244140625,811,0.0,0.0,2023-07-06
460,2023-07-06 11:10:00-04:00,67.16999816894531,67.16999816894531,67.16999816894531,67.16999816894531,372,0.0,0.0,2023-07-06
461,2023-07-06 11:14:00-04:00,67.22000122070312,67.22000122070312,67.19000244140625,67.19000244140625,424,0.0,0.0,2023-07-06
462,2023-07-06 11:15:00-04:00,67.1500015258789,67.1500015258789,67.1500015258789,67.1500015258789,895,0.0,0.0,2023-07-06
463,2023-07-06 11:16:00-04:00,67.13999938964844,67.13999938964844,67.09500122070312,67.09500122070312,655,0.0,0.0,2023-07-06
464,2023-07-06 11:19:00-04:00,67.05999755859375,67.05999755859375,67.05999755859375,67.05999755859375,120,0.0,0.0,2023-07-06
465,2023-07-06 11:20:00-04:00,67.0999984741211,67.0999984741211,67.0999984741211,67.0999984741211,508,0.0,0.0,2023-07-06
466,2023-07-06 11:21:00-04:00,67.11000061035156,67.11000061035156,67.06009674072266,67.06009674072266,226,0.0,0.0,2023-07-06
467,2023-07-06 11:22:00-04:00,67.11000061035156,67.11000061035156,67.05000305175781,67.05000305175781,611,0.0,0.0,2023-07-06
468,2023-07-06 11:23:00-04:00,67.05000305175781,67.05000305175781,67.05000305175781,67.05000305175781,100,0.0,0.0,2023-07-06
469,2023-07-06 11:24:00-04:00,67.05000305175781,67.05000305175781,67.05000305175781,67.05000305175781,100,0.0,0.0,2023-07-06
470,2023-07-06 11:25:00-04:00,67.05000305175781,67.05000305175781,67.0,67.0,938,0.0,0.0,2023-07-06
471,2023-07-06 11:26:00-04:00,66.91010284423828,67.0199966430664,66.91010284423828,67.0199966430664,817,0.0,0.0,2023-07-06
472,2023-07-06 11:28:00-04:00,67.06999969482422,67.06999969482422,67.06999969482422,67.06999969482422,206,0.0,0.0,2023-07-06
473,2023-07-06 11:30:00-04:00,67.03500366210938,67.05000305175781,67.03500366210938,67.05000305175781,948,0.0,0.0,2023-07-06
474,2023-07-06 11:34:00-04:00,67.21990203857422,67.21990203857422,67.21990203857422,67.21990203857422,325,0.0,0.0,2023-07-06
475,2023-07-06 11:36:00-04:00,67.20999908447266,67.20999908447266,67.20999908447266,67.20999908447266,105,0.0,0.0,2023-07-06
476,2023-07-06 11:37:00-04:00,67.16999816894531,67.16999816894531,67.16999816894531,67.16999816894531,649,0.0,0.0,2023-07-06
477,2023-07-06 11:39:00-04:00,67.25,67.25,67.25,67.25,361,0.0,0.0,2023-07-06
478,2023-07-06 11:42:00-04:00,67.22000122070312,67.2300033569336,67.22000122070312,67.2300033569336,1388,0.0,0.0,2023-07-06
479,2023-07-06 11:43:00-04:00,67.22000122070312,67.22000122070312,67.19999694824219,67.19999694824219,417,0.0,0.0,2023-07-06
480,2023-07-06 11:44:00-04:00,67.19000244140625,67.19000244140625,67.19000244140625,67.19000244140625,571,0.0,0.0,2023-07-06
481,2023-07-06 11:51:00-04:00,67.11000061035156,67.11000061035156,67.11000061035156,67.11000061035156,551,0.0,0.0,2023-07-06
482,2023-07-06 11:52:00-04:00,67.16999816894531,67.16999816894531,67.16999816894531,67.16999816894531,356,0.0,0.0,2023-07-06
483,2023-07-06 11:55:00-04:00,67.13999938964844,67.13999938964844,67.12000274658203,67.12000274658203,625,0.0,0.0,2023-07-06
484,2023-07-06 11:58:00-04:00,67.16000366210938,67.16000366210938,67.13999938964844,67.13999938964844,1711,0.0,0.0,2023-07-06
485,2023-07-06 12:03:00-04:00,67.1500015258789,67.1500015258789,67.1500015258789,67.1500015258789,200,0.0,0.0,2023-07-06
486,2023-07-06 12:05:00-04:00,67.12999725341797,67.12999725341797,67.08999633789062,67.08999633789062,497,0.0,0.0,2023-07-06
487,2023-07-06 12:06:00-04:00,67.08999633789062,67.08999633789062,67.05999755859375,67.08000183105469,1584,0.0,0.0,2023-07-06
488,2023-07-06 12:07:00-04:00,67.12999725341797,67.12999725341797,67.12000274658203,67.12999725341797,632,0.0,0.0,2023-07-06
489,2023-07-06 12:08:00-04:00,67.0199966430664,67.0199966430664,66.98999786376953,66.98999786376953,650,0.0,0.0,2023-07-06
490,2023-07-06 12:11:00-04:00,66.96499633789062,66.96499633789062,66.96499633789062,66.96499633789062,120,0.0,0.0,2023-07-06
491,2023-07-06 12:12:00-04:00,67.01000213623047,67.01000213623047,67.01000213623047,67.01000213623047,203,0.0,0.0,2023-07-06
492,2023-07-06 12:13:00-04:00,66.9800033569336,66.9800033569336,66.87000274658203,66.87000274658203,729,0.0,0.0,2023-07-06
493,2023-07-06 12:15:00-04:00,66.88999938964844,66.94999694824219,66.875,66.94999694824219,831,0.0,0.0,2023-07-06
494,2023-07-06 12:16:00-04:00,66.94999694824219,66.94999694824219,66.94999694824219,66.94999694824219,135,0.0,0.0,2023-07-06
495,2023-07-06 12:17:00-04:00,66.98999786376953,66.98999786376953,66.98999786376953,66.98999786376953,488,0.0,0.0,2023-07-06
496,2023-07-06 12:23:00-04:00,66.98999786376953,67.0199966430664,66.98999786376953,67.0199966430664,329,0.0,0.0,2023-07-06
497,2023-07-06 12:24:00-04:00,67.01000213623047,67.01000213623047,67.01000213623047,67.01000213623047,107,0.0,0.0,2023-07-06
498,2023-07-06 12:27:00-04:00,66.98500061035156,66.98500061035156,66.97000122070312,66.97000122070312,498,0.0,0.0,2023-07-06
499,2023-07-06 12:31:00-04:00,67.0,67.0,67.0,67.0,461,0.0,0.0,2023-07-06
500,2023-07-06 12:32:00-04:00,67.04000091552734,67.04000091552734,67.04000091552734,67.04000091552734,173,0.0,0.0,2023-07-06
501,2023-07-06 12:33:00-04:00,67.05999755859375,67.05999755859375,67.05999755859375,67.05999755859375,234,0.0,0.0,2023-07-06
502,2023-07-06 12:34:00-04:00,67.06999969482422,67.06999969482422,67.05999755859375,67.05999755859375,584,0.0,0.0,2023-07-06
503,2023-07-06 12:35:00-04:00,67.02999877929688,67.02999877929688,67.02999877929688,67.02999877929688,568,0.0,0.0,2023-07-06
504,2023-07-06 12:37:00-04:00,66.98999786376953,66.98999786376953,66.95999908447266,66.95999908447266,985,0.0,0.0,2023-07-06
505,2023-07-06 12:38:00-04:00,66.95500183105469,66.95500183105469,66.95500183105469,66.95500183105469,305,0.0,0.0,2023-07-06
506,2023-07-06 12:39:00-04:00,66.91500091552734,66.93000030517578,66.88999938964844,66.93000030517578,972,0.0,0.0,2023-07-06
507,2023-07-06 12:40:00-04:00,66.94499969482422,66.94499969482422,66.94499969482422,66.94499969482422,603,0.0,0.0,2023-07-06
508,2023-07-06 12:46:00-04:00,67.01000213623047,67.01000213623047,67.01000213623047,67.01000213623047,501,0.0,0.0,2023-07-06
509,2023-07-06 12:50:00-04:00,67.08999633789062,67.1050033569336,67.08000183105469,67.1050033569336,2171,0.0,0.0,2023-07-06
510,2023-07-06 12:55:00-04:00,67.01499938964844,67.01499938964844,67.01499938964844,67.01499938964844,296,0.0,0.0,2023-07-06
511,2023-07-06 12:57:00-04:00,67.0199966430664,67.0199966430664,67.0199966430664,67.0199966430664,312,0.0,0.0,2023-07-06
512,2023-07-06 13:01:00-04:00,67.04000091552734,67.04000091552734,67.01499938964844,67.01499938964844,563,0.0,0.0,2023-07-06
513,2023-07-06 13:04:00-04:00,67.03500366210938,67.05999755859375,67.03500366210938,67.05999755859375,796,0.0,0.0,2023-07-06
514,2023-07-06 13:06:00-04:00,67.06500244140625,67.08999633789062,67.06500244140625,67.08999633789062,420,0.0,0.0,2023-07-06
515,2023-07-06 13:07:00-04:00,67.13500213623047,67.13500213623047,67.08000183105469,67.08000183105469,1232,0.0,0.0,2023-07-06
516,2023-07-06 13:08:00-04:00,67.06999969482422,67.06999969482422,67.04000091552734,67.04000091552734,481,0.0,0.0,2023-07-06
517,2023-07-06 13:09:00-04:00,66.98999786376953,66.98999786376953,66.98999786376953,66.98999786376953,103,0.0,0.0,2023-07-06
518,2023-07-06 13:10:00-04:00,67.0199966430664,67.0199966430664,67.0199966430664,67.0199966430664,542,0.0,0.0,2023-07-06
519,2023-07-06 13:15:00-04:00,67.0199966430664,67.0199966430664,66.94000244140625,66.94000244140625,780,0.0,0.0,2023-07-06
520,2023-07-06 13:17:00-04:00,66.94999694824219,66.94999694824219,66.94999694824219,66.94999694824219,299,0.0,0.0,2023-07-06
521,2023-07-06 13:20:00-04:00,66.97000122070312,66.97000122070312,66.97000122070312,66.97000122070312,332,0.0,0.0,2023-07-06
522,2023-07-06 13:21:00-04:00,66.9800033569336,66.9800033569336,66.9800033569336,66.9800033569336,279,0.0,0.0,2023-07-06
523,2023-07-06 13:23:00-04:00,67.01000213623047,67.05999755859375,67.01000213623047,67.05999755859375,1122,0.0,0.0,2023-07-06
524,2023-07-06 13:26:00-04:00,67.05000305175781,67.05000305175781,67.02999877929688,67.02999877929688,1078,0.0,0.0,2023-07-06
525,2023-07-06 13:27:00-04:00,67.04000091552734,67.04000091552734,67.04000091552734,67.04000091552734,151,0.0,0.0,2023-07-06
526,2023-07-06 13:29:00-04:00,67.0739974975586,67.0739974975586,67.04499816894531,67.04499816894531,589,0.0,0.0,2023-07-06
527,2023-07-06 13:35:00-04:00,67.10990142822266,67.10990142822266,67.10990142822266,67.10990142822266,342,0.0,0.0,2023-07-06
528,2023-07-06 13:38:00-04:00,67.06999969482422,67.06999969482422,67.04000091552734,67.04000091552734,1588,0.0,0.0,2023-07-06
529,2023-07-06 13:39:00-04:00,67.08000183105469,67.08000183105469,67.08000183105469,67.08000183105469,198,0.0,0.0,2023-07-06
530,2023-07-06 13:40:00-04:00,67.08999633789062,67.0999984741211,67.08999633789062,67.08999633789062,830,0.0,0.0,2023-07-06
531,2023-07-06 13:43:00-04:00,67.12999725341797,67.13999938964844,67.12999725341797,67.13999938964844,880,0.0,0.0,2023-07-06
532,2023-07-06 13:45:00-04:00,67.11000061035156,67.11000061035156,67.0999984741211,67.0999984741211,417,0.0,0.0,2023-07-06
533,2023-07-06 13:46:00-04:00,67.12000274658203,67.12000274658203,67.12000274658203,67.12000274658203,641,0.0,0.0,2023-07-06
534,2023-07-06 13:52:00-04:00,67.17500305175781,67.17500305175781,67.17500305175781,67.17500305175781,363,0.0,0.0,2023-07-06
535,2023-07-06 13:54:00-04:00,67.1500015258789,67.1500015258789,67.08499908447266,67.08499908447266,1203,0.0,0.0,2023-07-06
536,2023-07-06 13:55:00-04:00,67.04000091552734,67.04000091552734,67.04000091552734,67.04000091552734,701,0.0,0.0,2023-07-06
537,2023-07-06 13:57:00-04:00,67.0999984741211,67.125,67.0999984741211,67.125,463,0.0,0.0,2023-07-06
538,2023-07-06 13:59:00-04:00,67.11000061035156,67.11000061035156,67.11000061035156,67.11000061035156,822,0.0,0.0,2023-07-06
539,2023-07-06 14:00:00-04:00,67.08000183105469,67.08000183105469,67.08000183105469,67.08000183105469,236,0.0,0.0,2023-07-06
540,2023-07-06 14:01:00-04:00,67.05000305175781,67.05000305175781,67.05000305175781,67.05000305175781,469,0.0,0.0,2023-07-06
541,2023-07-06 14:05:00-04:00,67.08000183105469,67.08000183105469,67.08000183105469,67.08000183105469,550,0.0,0.0,2023-07-06
542,2023-07-06 14:07:00-04:00,67.06999969482422,67.08999633789062,67.06999969482422,67.08999633789062,382,0.0,0.0,2023-07-06
543,2023-07-06 14:08:00-04:00,67.05999755859375,67.05999755859375,67.04000091552734,67.04000091552734,1597,0.0,0.0,2023-07-06
544,2023-07-06 14:10:00-04:00,67.0697021484375,67.06999969482422,67.0697021484375,67.06999969482422,1078,0.0,0.0,2023-07-06
545,2023-07-06 14:12:00-04:00,67.04000091552734,67.04000091552734,67.04000091552734,67.04000091552734,185,0.0,0.0,2023-07-06
546,2023-07-06 14:14:00-04:00,67.0199966430664,67.0199966430664,66.97000122070312,66.97000122070312,1694,0.0,0.0,2023-07-06
547,2023-07-06 14:15:00-04:00,66.94999694824219,66.94999694824219,66.93000030517578,66.93000030517578,441,0.0,0.0,2023-07-06
548,2023-07-06 14:20:00-04:00,66.94000244140625,66.94000244140625,66.92500305175781,66.92500305175781,772,0.0,0.0,2023-07-06
549,2023-07-06 14:21:00-04:00,66.88999938964844,66.91000366210938,66.88999938964844,66.91000366210938,461,0.0,0.0,2023-07-06
550,2023-07-06 14:22:00-04:00,66.87999725341797,66.87999725341797,66.87999725341797,66.87999725341797,141,0.0,0.0,2023-07-06
551,2023-07-06 14:24:00-04:00,66.87999725341797,66.87999725341797,66.8499984741211,66.8499984741211,209,0.0,0.0,2023-07-06
552,2023-07-06 14:26:00-04:00,66.86000061035156,66.86000061035156,66.8499984741211,66.8499984741211,1326,0.0,0.0,2023-07-06
553,2023-07-06 14:30:00-04:00,66.9000015258789,66.94000244140625,66.9000015258789,66.91999816894531,1065,0.0,0.0,2023-07-06
554,2023-07-06 14:31:00-04:00,66.95999908447266,66.95999908447266,66.94000244140625,66.94000244140625,615,0.0,0.0,2023-07-06
555,2023-07-06 14:32:00-04:00,66.93000030517578,66.93000030517578,66.91000366210938,66.91000366210938,561,0.0,0.0,2023-07-06
556,2023-07-06 14:35:00-04:00,66.97000122070312,66.97000122070312,66.97000122070312,66.97000122070312,154,0.0,0.0,2023-07-06
557,2023-07-06 14:38:00-04:00,67.01000213623047,67.01000213623047,67.01000213623047,67.01000213623047,329,0.0,0.0,2023-07-06
558,2023-07-06 14:40:00-04:00,67.0199966430664,67.0199966430664,66.98999786376953,67.01000213623047,873,0.0,0.0,2023-07-06
559,2023-07-06 14:41:00-04:00,67.0250015258789,67.0250015258789,67.0250015258789,67.0250015258789,767,0.0,0.0,2023-07-06
560,2023-07-06 14:48:00-04:00,67.12000274658203,67.12000274658203,67.12000274658203,67.12000274658203,484,0.0,0.0,2023-07-06
561,2023-07-06 14:51:00-04:00,67.11000061035156,67.12000274658203,67.06999969482422,67.06999969482422,2813,0.0,0.0,2023-07-06
562,2023-07-06 14:52:00-04:00,67.08999633789062,67.08999633789062,67.05999755859375,67.08999633789062,583,0.0,0.0,2023-07-06
563,2023-07-06 14:54:00-04:00,67.05999755859375,67.0999984741211,67.05999755859375,67.0999984741211,1516,0.0,0.0,2023-07-06
564,2023-07-06 14:58:00-04:00,67.18000030517578,67.18000030517578,67.18000030517578,67.18000030517578,369,0.0,0.0,2023-07-06
565,2023-07-06 15:00:00-04:00,67.18900299072266,67.20500183105469,67.16439819335938,67.20500183105469,1107,0.0,0.0,2023-07-06
566,2023-07-06 15:02:00-04:00,67.19999694824219,67.19999694824219,67.19000244140625,67.19000244140625,505,0.0,0.0,2023-07-06
567,2023-07-06 15:03:00-04:00,67.19499969482422,67.19499969482422,67.19499969482422,67.19499969482422,139,0.0,0.0,2023-07-06
568,2023-07-06 15:04:00-04:00,67.18000030517578,67.18000030517578,67.1500015258789,67.1500015258789,882,0.0,0.0,2023-07-06
569,2023-07-06 15:06:00-04:00,67.1500015258789,67.1500015258789,67.1500015258789,67.1500015258789,251,0.0,0.0,2023-07-06
570,2023-07-06 15:07:00-04:00,67.1449966430664,67.1449966430664,67.1449966430664,67.1449966430664,100,0.0,0.0,2023-07-06
571,2023-07-06 15:08:00-04:00,67.1449966430664,67.1449966430664,67.1449966430664,67.1449966430664,425,0.0,0.0,2023-07-06
572,2023-07-06 15:10:00-04:00,67.1449966430664,67.1449966430664,67.1449966430664,67.1449966430664,351,0.0,0.0,2023-07-06
573,2023-07-06 15:12:00-04:00,67.12000274658203,67.12000274658203,67.0199966430664,67.05000305175781,1380,0.0,0.0,2023-07-06
574,2023-07-06 15:13:00-04:00,67.0199966430664,67.0199966430664,67.0199966430664,67.0199966430664,845,0.0,0.0,2023-07-06
575,2023-07-06 15:15:00-04:00,67.0199966430664,67.0199966430664,67.0199966430664,67.0199966430664,127,0.0,0.0,2023-07-06
576,2023-07-06 15:16:00-04:00,66.98999786376953,67.01000213623047,66.98999786376953,67.01000213623047,1168,0.0,0.0,2023-07-06
577,2023-07-06 15:17:00-04:00,67.01499938964844,67.01499938964844,67.01499938964844,67.01499938964844,289,0.0,0.0,2023-07-06
578,2023-07-06 15:18:00-04:00,67.02999877929688,67.04000091552734,67.02999877929688,67.04000091552734,785,0.0,0.0,2023-07-06
579,2023-07-06 15:19:00-04:00,67.05999755859375,67.06500244140625,67.05999755859375,67.06500244140625,292,0.0,0.0,2023-07-06
580,2023-07-06 15:20:00-04:00,67.05999755859375,67.05999755859375,67.05000305175781,67.05000305175781,951,0.0,0.0,2023-07-06
581,2023-07-06 15:21:00-04:00,67.05999755859375,67.08000183105469,67.05999755859375,67.08000183105469,328,0.0,0.0,2023-07-06
582,2023-07-06 15:22:00-04:00,67.08499908447266,67.11000061035156,67.08499908447266,67.11000061035156,568,0.0,0.0,2023-07-06
583,2023-07-06 15:23:00-04:00,67.11000061035156,67.11000061035156,67.08000183105469,67.08000183105469,931,0.0,0.0,2023-07-06
584,2023-07-06 15:26:00-04:00,67.09500122070312,67.12000274658203,67.09500122070312,67.12000274658203,359,0.0,0.0,2023-07-06
585,2023-07-06 15:27:00-04:00,67.08499908447266,67.08499908447266,67.05999755859375,67.06999969482422,955,0.0,0.0,2023-07-06
586,2023-07-06 15:28:00-04:00,67.0999984741211,67.0999984741211,67.0999984741211,67.0999984741211,330,0.0,0.0,2023-07-06
587,2023-07-06 15:29:00-04:00,67.08499908447266,67.08499908447266,67.08499908447266,67.08499908447266,566,0.0,0.0,2023-07-06
588,2023-07-06 15:30:00-04:00,67.06999969482422,67.06999969482422,67.05000305175781,67.05500030517578,2107,0.0,0.0,2023-07-06
589,2023-07-06 15:31:00-04:00,67.08000183105469,67.12999725341797,67.08000183105469,67.12000274658203,2068,0.0,0.0,2023-07-06
590,2023-07-06 15:32:00-04:00,67.16000366210938,67.16000366210938,67.16000366210938,67.16000366210938,373,0.0,0.0,2023-07-06
591,2023-07-06 15:33:00-04:00,67.22000122070312,67.22000122070312,67.22000122070312,67.22000122070312,175,0.0,0.0,2023-07-06
592,2023-07-06 15:34:00-04:00,67.22000122070312,67.22000122070312,67.20999908447266,67.20999908447266,2417,0.0,0.0,2023-07-06
593,2023-07-06 15:35:00-04:00,67.19999694824219,67.2300033569336,67.19999694824219,67.21499633789062,1463,0.0,0.0,2023-07-06
594,2023-07-06 15:37:00-04:00,67.19999694824219,67.19999694824219,67.1500015258789,67.1500015258789,3084,0.0,0.0,2023-07-06
595,2023-07-06 15:38:00-04:00,67.16000366210938,67.16999816894531,67.16000366210938,67.16000366210938,1172,0.0,0.0,2023-07-06
596,2023-07-06 15:39:00-04:00,67.13999938964844,67.13999938964844,67.11000061035156,67.12000274658203,1783,0.0,0.0,2023-07-06
597,2023-07-06 15:40:00-04:00,67.11000061035156,67.12000274658203,67.11000061035156,67.11000061035156,406,0.0,0.0,2023-07-06
598,2023-07-06 15:41:00-04:00,67.08999633789062,67.0999984741211,67.05999755859375,67.08000183105469,2368,0.0,0.0,2023-07-06
599,2023-07-06 15:42:00-04:00,67.08000183105469,67.08000183105469,67.04000091552734,67.04000091552734,1216,0.0,0.0,2023-07-06
600,2023-07-06 15:43:00-04:00,67.04000091552734,67.08000183105469,67.04000091552734,67.08000183105469,3067,0.0,0.0,2023-07-06
601,2023-07-06 15:44:00-04:00,67.08000183105469,67.08000183105469,67.0199966430664,67.0199966430664,2376,0.0,0.0,2023-07-06
602,2023-07-06 15:45:00-04:00,67.01499938964844,67.02999877929688,66.9800033569336,66.9800033569336,2684,0.0,0.0,2023-07-06
603,2023-07-06 15:46:00-04:00,66.9749984741211,67.01000213623047,66.97000122070312,67.00250244140625,2340,0.0,0.0,2023-07-06
604,2023-07-06 15:47:00-04:00,66.95999908447266,66.97000122070312,66.91999816894531,66.93000030517578,3073,0.0,0.0,2023-07-06
605,2023-07-06 15:48:00-04:00,66.95500183105469,66.9749984741211,66.95500183105469,66.95999908447266,1183,0.0,0.0,2023-07-06
606,2023-07-06 15:49:00-04:00,66.94000244140625,67.04000091552734,66.94000244140625,67.0250015258789,1753,0.0,0.0,2023-07-06
607,2023-07-06 15:50:00-04:00,67.04000091552734,67.13500213623047,67.02999877929688,67.12000274658203,2508,0.0,0.0,2023-07-06
608,2023-07-06 15:51:00-04:00,67.13999938964844,67.20500183105469,67.13999938964844,67.16000366210938,2293,0.0,0.0,2023-07-06
609,2023-07-06 15:52:00-04:00,67.16999816894531,67.18000030517578,67.12999725341797,67.12999725341797,3322,0.0,0.0,2023-07-06
610,2023-07-06 15:53:00-04:00,67.0999984741211,67.16000366210938,67.0999984741211,67.16000366210938,2486,0.0,0.0,2023-07-06
611,2023-07-06 15:54:00-04:00,67.1500015258789,67.26499938964844,67.1500015258789,67.23999786376953,4437,0.0,0.0,2023-07-06
612,2023-07-06 15:55:00-04:00,67.27999877929688,67.2969970703125,67.23999786376953,67.23999786376953,5213,0.0,0.0,2023-07-06
613,2023-07-06 15:56:00-04:00,67.27999877929688,67.29000091552734,67.2300033569336,67.26000213623047,6778,0.0,0.0,2023-07-06
614,2023-07-06 15:57:00-04:00,67.25,67.26000213623047,67.2300033569336,67.25,3241,0.0,0.0,2023-07-06
615,2023-07-06 15:58:00-04:00,67.25,67.26000213623047,67.23999786376953,67.25,2739,0.0,0.0,2023-07-06
616,2023-07-06 15:59:00-04:00,67.26000213623047,67.31999969482422,67.23999786376953,67.27999877929688,10831,0.0,0.0,2023-07-06
617,2023-07-07 09:30:00-04:00,67.44000244140625,67.44000244140625,67.33999633789062,67.33999633789062,1522,0.0,0.0,2023-07-07
618,2023-07-07 09:34:00-04:00,67.66000366210938,67.66000366210938,67.66000366210938,67.66000366210938,322,0.0,0.0,2023-07-07
619,2023-07-07 09:41:00-04:00,68.05500030517578,68.05500030517578,68.05500030517578,68.05500030517578,268,0.0,0.0,2023-07-07
620,2023-07-07 09:47:00-04:00,68.29000091552734,68.37999725341797,68.27999877929688,68.27999877929688,1142,0.0,0.0,2023-07-07
621,2023-07-07 09:49:00-04:00,68.30500030517578,68.30500030517578,68.20999908447266,68.22000122070312,2767,0.0,0.0,2023-07-07
622,2023-07-07 09:52:00-04:00,68.22000122070312,68.2699966430664,68.22000122070312,68.2699966430664,430,0.0,0.0,2023-07-07
623,2023-07-07 09:53:00-04:00,68.37999725341797,68.37999725341797,68.34500122070312,68.34500122070312,850,0.0,0.0,2023-07-07
624,2023-07-07 09:57:00-04:00,68.22000122070312,68.22000122070312,68.19999694824219,68.19999694824219,774,0.0,0.0,2023-07-07
625,2023-07-07 09:59:00-04:00,68.11000061035156,68.11000061035156,68.11000061035156,68.11000061035156,208,0.0,0.0,2023-07-07
626,2023-07-07 10:01:00-04:00,68.11000061035156,68.11000061035156,68.11000061035156,68.11000061035156,395,0.0,0.0,2023-07-07
627,2023-07-07 10:02:00-04:00,68.23999786376953,68.23999786376953,68.23999786376953,68.23999786376953,390,0.0,0.0,2023-07-07
628,2023-07-07 10:04:00-04:00,68.19000244140625,68.19000244140625,68.19000244140625,68.19000244140625,101,0.0,0.0,2023-07-07
629,2023-07-07 10:05:00-04:00,68.0999984741211,68.0999984741211,68.04000091552734,68.04000091552734,756,0.0,0.0,2023-07-07
630,2023-07-07 10:06:00-04:00,68.0250015258789,68.0250015258789,68.0250015258789,68.0250015258789,434,0.0,0.0,2023-07-07
631,2023-07-07 10:09:00-04:00,68.0199966430664,68.06999969482422,68.0199966430664,68.0199966430664,535,0.0,0.0,2023-07-07
632,2023-07-07 10:10:00-04:00,68.07499694824219,68.16000366210938,68.07499694824219,68.13999938964844,665,0.0,0.0,2023-07-07
633,2023-07-07 10:12:00-04:00,68.19499969482422,68.19499969482422,68.19499969482422,68.19499969482422,103,0.0,0.0,2023-07-07
634,2023-07-07 10:13:00-04:00,68.21499633789062,68.21499633789062,68.21499633789062,68.21499633789062,236,0.0,0.0,2023-07-07
635,2023-07-07 10:16:00-04:00,68.1500015258789,68.1500015258789,68.12999725341797,68.12999725341797,1663,0.0,0.0,2023-07-07
636,2023-07-07 10:17:00-04:00,68.11000061035156,68.11000061035156,68.11000061035156,68.11000061035156,539,0.0,0.0,2023-07-07
637,2023-07-07 10:18:00-04:00,68.19999694824219,68.22000122070312,68.19999694824219,68.22000122070312,636,0.0,0.0,2023-07-07
638,2023-07-07 10:19:00-04:00,68.1500015258789,68.1500015258789,68.1500015258789,68.1500015258789,1385,0.0,0.0,2023-07-07
639,2023-07-07 10:23:00-04:00,68.16000366210938,68.16000366210938,68.16000366210938,68.16000366210938,314,0.0,0.0,2023-07-07
640,2023-07-07 10:26:00-04:00,68.25,68.26000213623047,68.25,68.26000213623047,741,0.0,0.0,2023-07-07
641,2023-07-07 10:27:00-04:00,68.29000091552734,68.29000091552734,68.26000213623047,68.26000213623047,1271,0.0,0.0,2023-07-07
642,2023-07-07 10:30:00-04:00,68.29000091552734,68.29000091552734,68.29000091552734,68.29000091552734,546,0.0,0.0,2023-07-07
643,2023-07-07 10:31:00-04:00,68.30500030517578,68.30500030517578,68.30500030517578,68.30500030517578,149,0.0,0.0,2023-07-07
644,2023-07-07 10:32:00-04:00,68.29000091552734,68.29000091552734,68.29000091552734,68.29000091552734,283,0.0,0.0,2023-07-07
645,2023-07-07 10:33:00-04:00,68.30000305175781,68.30000305175781,68.2300033569336,68.2300033569336,361,0.0,0.0,2023-07-07
646,2023-07-07 10:34:00-04:00,68.2300033569336,68.2300033569336,68.0999984741211,68.13999938964844,1906,0.0,0.0,2023-07-07
647,2023-07-07 10:36:00-04:00,68.20999908447266,68.22000122070312,68.20999908447266,68.22000122070312,936,0.0,0.0,2023-07-07
648,2023-07-07 10:37:00-04:00,68.16000366210938,68.16000366210938,68.16000366210938,68.16000366210938,100,0.0,0.0,2023-07-07
649,2023-07-07 10:39:00-04:00,68.20999908447266,68.20999908447266,68.19999694824219,68.19999694824219,526,0.0,0.0,2023-07-07
650,2023-07-07 10:40:00-04:00,68.2300033569336,68.26000213623047,68.2300033569336,68.26000213623047,668,0.0,0.0,2023-07-07
651,2023-07-07 10:41:00-04:00,68.26000213623047,68.26000213623047,68.26000213623047,68.26000213623047,137,0.0,0.0,2023-07-07
652,2023-07-07 10:42:00-04:00,68.26000213623047,68.26000213623047,68.26000213623047,68.26000213623047,733,0.0,0.0,2023-07-07
653,2023-07-07 10:44:00-04:00,68.27999877929688,68.27999877929688,68.26000213623047,68.26000213623047,713,0.0,0.0,2023-07-07
654,2023-07-07 10:45:00-04:00,68.19999694824219,68.19999694824219,68.19999694824219,68.19999694824219,180,0.0,0.0,2023-07-07
655,2023-07-07 10:47:00-04:00,68.16999816894531,68.27999877929688,68.16999816894531,68.27999877929688,336,0.0,0.0,2023-07-07
656,2023-07-07 10:48:00-04:00,68.27999877929688,68.27999877929688,68.27999877929688,68.27999877929688,1166,0.0,0.0,2023-07-07
657,2023-07-07 10:49:00-04:00,68.25499725341797,68.25499725341797,68.25499725341797,68.25499725341797,356,0.0,0.0,2023-07-07
658,2023-07-07 10:51:00-04:00,68.19999694824219,68.19999694824219,68.19999694824219,68.19999694824219,760,0.0,0.0,2023-07-07
659,2023-07-07 10:55:00-04:00,68.23999786376953,68.27999877929688,68.23999786376953,68.27999877929688,941,0.0,0.0,2023-07-07
660,2023-07-07 10:57:00-04:00,68.3550033569336,68.3550033569336,68.3550033569336,68.3550033569336,898,0.0,0.0,2023-07-07
661,2023-07-07 11:02:00-04:00,68.61000061035156,68.6500015258789,68.61000061035156,68.61000061035156,1075,0.0,0.0,2023-07-07
662,2023-07-07 11:03:00-04:00,68.56999969482422,68.56999969482422,68.4800033569336,68.54000091552734,1663,0.0,0.0,2023-07-07
663,2023-07-07 11:04:00-04:00,68.45999908447266,68.45999908447266,68.45999908447266,68.45999908447266,351,0.0,0.0,2023-07-07
664,2023-07-07 11:06:00-04:00,68.42500305175781,68.42500305175781,68.42500305175781,68.42500305175781,131,0.0,0.0,2023-07-07
665,2023-07-07 11:07:00-04:00,68.4800033569336,68.4800033569336,68.41000366210938,68.41000366210938,760,0.0,0.0,2023-07-07
666,2023-07-07 11:08:00-04:00,68.36000061035156,68.36000061035156,68.31999969482422,68.31999969482422,226,0.0,0.0,2023-07-07
667,2023-07-07 11:10:00-04:00,68.30000305175781,68.30000305175781,68.30000305175781,68.30000305175781,278,0.0,0.0,2023-07-07
668,2023-07-07 11:12:00-04:00,68.25,68.25,68.2300033569336,68.2300033569336,841,0.0,0.0,2023-07-07
669,2023-07-07 11:15:00-04:00,68.37000274658203,68.37999725341797,68.37000274658203,68.37000274658203,620,0.0,0.0,2023-07-07
670,2023-07-07 11:16:00-04:00,68.44000244140625,68.44000244140625,68.44000244140625,68.44000244140625,432,0.0,0.0,2023-07-07
671,2023-07-07 11:17:00-04:00,68.41000366210938,68.41000366210938,68.41000366210938,68.41000366210938,281,0.0,0.0,2023-07-07
672,2023-07-07 11:18:00-04:00,68.4000015258789,68.4000015258789,68.4000015258789,68.4000015258789,557,0.0,0.0,2023-07-07
673,2023-07-07 11:19:00-04:00,68.36000061035156,68.36499786376953,68.36000061035156,68.36499786376953,434,0.0,0.0,2023-07-07
674,2023-07-07 11:21:00-04:00,68.31999969482422,68.31999969482422,68.31999969482422,68.31999969482422,541,0.0,0.0,2023-07-07
675,2023-07-07 11:22:00-04:00,68.29000091552734,68.29000091552734,68.29000091552734,68.29000091552734,702,0.0,0.0,2023-07-07
676,2023-07-07 11:23:00-04:00,68.4000015258789,68.4000015258789,68.4000015258789,68.4000015258789,121,0.0,0.0,2023-07-07
677,2023-07-07 11:25:00-04:00,68.41999816894531,68.41999816894531,68.41999816894531,68.41999816894531,899,0.0,0.0,2023-07-07
678,2023-07-07 11:30:00-04:00,68.36000061035156,68.36000061035156,68.36000061035156,68.36000061035156,160,0.0,0.0,2023-07-07
679,2023-07-07 11:33:00-04:00,68.4000015258789,68.4000015258789,68.4000015258789,68.4000015258789,395,0.0,0.0,2023-07-07
680,2023-07-07 11:34:00-04:00,68.3499984741211,68.3499984741211,68.25,68.3499984741211,1509,0.0,0.0,2023-07-07
681,2023-07-07 11:36:00-04:00,68.26000213623047,68.26000213623047,68.26000213623047,68.26000213623047,689,0.0,0.0,2023-07-07
682,2023-07-07 11:38:00-04:00,68.25,68.25,68.25,68.25,334,0.0,0.0,2023-07-07
683,2023-07-07 11:39:00-04:00,68.20999908447266,68.21499633789062,68.20999908447266,68.21499633789062,448,0.0,0.0,2023-07-07
684,2023-07-07 11:40:00-04:00,68.24749755859375,68.24749755859375,68.15139770507812,68.15139770507812,367,0.0,0.0,2023-07-07
685,2023-07-07 11:42:00-04:00,68.21399688720703,68.21399688720703,68.21399688720703,68.21399688720703,160,0.0,0.0,2023-07-07
686,2023-07-07 11:43:00-04:00,68.20500183105469,68.20500183105469,68.1500015258789,68.1500015258789,709,0.0,0.0,2023-07-07
687,2023-07-07 11:45:00-04:00,68.16999816894531,68.16999816894531,68.16999816894531,68.16999816894531,252,0.0,0.0,2023-07-07
688,2023-07-07 11:47:00-04:00,68.125,68.18499755859375,68.125,68.18499755859375,338,0.0,0.0,2023-07-07
689,2023-07-07 11:48:00-04:00,68.12999725341797,68.19000244140625,68.12999725341797,68.19000244140625,479,0.0,0.0,2023-07-07
690,2023-07-07 11:49:00-04:00,68.15499877929688,68.15499877929688,68.15499877929688,68.15499877929688,235,0.0,0.0,2023-07-07
691,2023-07-07 11:51:00-04:00,68.13500213623047,68.13500213623047,68.13500213623047,68.13500213623047,170,0.0,0.0,2023-07-07
692,2023-07-07 11:52:00-04:00,68.06999969482422,68.06999969482422,68.04000091552734,68.04000091552734,1247,0.0,0.0,2023-07-07
693,2023-07-07 11:53:00-04:00,68.01000213623047,68.01000213623047,68.01000213623047,68.01000213623047,150,0.0,0.0,2023-07-07
694,2023-07-07 11:54:00-04:00,67.97000122070312,68.0199966430664,67.95999908447266,67.95999908447266,1162,0.0,0.0,2023-07-07
695,2023-07-07 11:55:00-04:00,68.04000091552734,68.04000091552734,68.04000091552734,68.04000091552734,243,0.0,0.0,2023-07-07
696,2023-07-07 11:58:00-04:00,68.08499908447266,68.08499908447266,68.08499908447266,68.08499908447266,130,0.0,0.0,2023-07-07
697,2023-07-07 11:59:00-04:00,68.04000091552734,68.04000091552734,68.04000091552734,68.04000091552734,214,0.0,0.0,2023-07-07
698,2023-07-07 12:01:00-04:00,68.08000183105469,68.08000183105469,68.08000183105469,68.08000183105469,350,0.0,0.0,2023-07-07
699,2023-07-07 12:03:00-04:00,68.08499908447266,68.08499908447266,68.08499908447266,68.08499908447266,270,0.0,0.0,2023-07-07
700,2023-07-07 12:05:00-04:00,68.02999877929688,68.02999877929688,68.02999877929688,68.02999877929688,385,0.0,0.0,2023-07-07
701,2023-07-07 12:09:00-04:00,67.97000122070312,67.97000122070312,67.94999694824219,67.94999694824219,1106,0.0,0.0,2023-07-07
702,2023-07-07 12:10:00-04:00,67.94999694824219,67.94999694824219,67.94999694824219,67.94999694824219,146,0.0,0.0,2023-07-07
703,2023-07-07 12:12:00-04:00,67.98999786376953,67.98999786376953,67.98999786376953,67.98999786376953,257,0.0,0.0,2023-07-07
704,2023-07-07 12:13:00-04:00,67.98999786376953,68.01000213623047,67.98999786376953,68.01000213623047,933,0.0,0.0,2023-07-07
705,2023-07-07 12:16:00-04:00,68.05000305175781,68.05000305175781,68.05000305175781,68.05000305175781,326,0.0,0.0,2023-07-07
706,2023-07-07 12:18:00-04:00,68.04000091552734,68.06999969482422,68.04000091552734,68.06999969482422,774,0.0,0.0,2023-07-07
707,2023-07-07 12:19:00-04:00,68.0199966430664,68.06999969482422,68.0199966430664,68.06999969482422,425,0.0,0.0,2023-07-07
708,2023-07-07 12:21:00-04:00,68.05000305175781,68.05000305175781,68.0199966430664,68.0199966430664,1289,0.0,0.0,2023-07-07
709,2023-07-07 12:23:00-04:00,67.99500274658203,67.99500274658203,67.99500274658203,67.99500274658203,142,0.0,0.0,2023-07-07
710,2023-07-07 12:25:00-04:00,67.93499755859375,67.94000244140625,67.93000030517578,67.93000030517578,751,0.0,0.0,2023-07-07
711,2023-07-07 12:26:00-04:00,67.95999908447266,67.9800033569336,67.95999908447266,67.9800033569336,683,0.0,0.0,2023-07-07
712,2023-07-07 12:28:00-04:00,67.98999786376953,67.98999786376953,67.98999786376953,67.98999786376953,324,0.0,0.0,2023-07-07
713,2023-07-07 12:29:00-04:00,68.0,68.0,67.98999786376953,67.98999786376953,454,0.0,0.0,2023-07-07
714,2023-07-07 12:30:00-04:00,68.01239776611328,68.02999877929688,68.01239776611328,68.02999877929688,605,0.0,0.0,2023-07-07
715,2023-07-07 12:31:00-04:00,68.05000305175781,68.05000305175781,68.05000305175781,68.05000305175781,338,0.0,0.0,2023-07-07
716,2023-07-07 12:32:00-04:00,68.05999755859375,68.1050033569336,68.05999755859375,68.1050033569336,568,0.0,0.0,2023-07-07
717,2023-07-07 12:34:00-04:00,68.12000274658203,68.12999725341797,68.12000274658203,68.12999725341797,433,0.0,0.0,2023-07-07
718,2023-07-07 12:36:00-04:00,68.16999816894531,68.16999816894531,68.16999816894531,68.16999816894531,460,0.0,0.0,2023-07-07
719,2023-07-07 12:38:00-04:00,68.26000213623047,68.26000213623047,68.26000213623047,68.26000213623047,205,0.0,0.0,2023-07-07
720,2023-07-07 12:39:00-04:00,68.26000213623047,68.26000213623047,68.18000030517578,68.19499969482422,1438,0.0,0.0,2023-07-07
721,2023-07-07 12:40:00-04:00,68.18000030517578,68.18000030517578,68.18000030517578,68.18000030517578,261,0.0,0.0,2023-07-07
722,2023-07-07 12:41:00-04:00,68.22000122070312,68.22000122070312,68.22000122070312,68.22000122070312,109,0.0,0.0,2023-07-07
723,2023-07-07 12:42:00-04:00,68.22000122070312,68.33999633789062,68.22000122070312,68.33999633789062,2176,0.0,0.0,2023-07-07
724,2023-07-07 12:44:00-04:00,68.38999938964844,68.38999938964844,68.38999938964844,68.38999938964844,235,0.0,0.0,2023-07-07
725,2023-07-07 12:45:00-04:00,68.33999633789062,68.33999633789062,68.33999633789062,68.33999633789062,104,0.0,0.0,2023-07-07
726,2023-07-07 12:46:00-04:00,68.38999938964844,68.38999938964844,68.38999938964844,68.38999938964844,236,0.0,0.0,2023-07-07
727,2023-07-07 12:47:00-04:00,68.37999725341797,68.37999725341797,68.29000091552734,68.29000091552734,1897,0.0,0.0,2023-07-07
728,2023-07-07 12:48:00-04:00,68.26000213623047,68.28739929199219,68.25,68.28739929199219,765,0.0,0.0,2023-07-07
729,2023-07-07 12:49:00-04:00,68.23500061035156,68.23500061035156,68.2300033569336,68.2300033569336,918,0.0,0.0,2023-07-07
730,2023-07-07 12:50:00-04:00,68.16999816894531,68.16999816894531,68.16000366210938,68.16000366210938,868,0.0,0.0,2023-07-07
731,2023-07-07 12:51:00-04:00,68.22000122070312,68.31500244140625,68.22000122070312,68.27999877929688,1193,0.0,0.0,2023-07-07
732,2023-07-07 12:54:00-04:00,68.30999755859375,68.37999725341797,68.30999755859375,68.37999725341797,1249,0.0,0.0,2023-07-07
733,2023-07-07 12:55:00-04:00,68.36250305175781,68.36250305175781,68.3324966430664,68.33999633789062,672,0.0,0.0,2023-07-07
734,2023-07-07 12:56:00-04:00,68.30999755859375,68.30999755859375,68.25,68.27999877929688,1138,0.0,0.0,2023-07-07
735,2023-07-07 12:58:00-04:00,68.36499786376953,68.36499786376953,68.36499786376953,68.36499786376953,270,0.0,0.0,2023-07-07
736,2023-07-07 13:00:00-04:00,68.37000274658203,68.43000030517578,68.33999633789062,68.43000030517578,1340,0.0,0.0,2023-07-07
737,2023-07-07 13:01:00-04:00,68.43000030517578,68.43000030517578,68.43000030517578,68.43000030517578,562,0.0,0.0,2023-07-07
738,2023-07-07 13:02:00-04:00,68.43299865722656,68.43299865722656,68.43299865722656,68.43299865722656,338,0.0,0.0,2023-07-07
739,2023-07-07 13:03:00-04:00,68.46499633789062,68.46499633789062,68.46499633789062,68.46499633789062,372,0.0,0.0,2023-07-07
740,2023-07-07 13:04:00-04:00,68.38999938964844,68.43000030517578,68.37000274658203,68.38999938964844,984,0.0,0.0,2023-07-07
741,2023-07-07 13:05:00-04:00,68.44000244140625,68.44000244140625,68.4000015258789,68.4000015258789,222,0.0,0.0,2023-07-07
742,2023-07-07 13:07:00-04:00,68.40499877929688,68.44000244140625,68.40499877929688,68.44000244140625,328,0.0,0.0,2023-07-07
743,2023-07-07 13:08:00-04:00,68.41500091552734,68.41500091552734,68.41500091552734,68.41500091552734,205,0.0,0.0,2023-07-07
744,2023-07-07 13:09:00-04:00,68.37000274658203,68.38999938964844,68.3550033569336,68.38999938964844,1878,0.0,0.0,2023-07-07
745,2023-07-07 13:11:00-04:00,68.37000274658203,68.37000274658203,68.37000274658203,68.37000274658203,102,0.0,0.0,2023-07-07
746,2023-07-07 13:12:00-04:00,68.38999938964844,68.38999938964844,68.38999938964844,68.38999938964844,123,0.0,0.0,2023-07-07
747,2023-07-07 13:13:00-04:00,68.36000061035156,68.36000061035156,68.36000061035156,68.36000061035156,208,0.0,0.0,2023-07-07
748,2023-07-07 13:14:00-04:00,68.4000015258789,68.4000015258789,68.2699966430664,68.2699966430664,1789,0.0,0.0,2023-07-07
749,2023-07-07 13:17:00-04:00,68.29000091552734,68.29000091552734,68.2522964477539,68.2522964477539,420,0.0,0.0,2023-07-07
750,2023-07-07 13:19:00-04:00,68.22000122070312,68.22000122070312,68.19999694824219,68.20500183105469,866,0.0,0.0,2023-07-07
751,2023-07-07 13:20:00-04:00,68.16000366210938,68.16000366210938,68.16000366210938,68.16000366210938,3484,0.0,0.0,2023-07-07
752,2023-07-07 13:21:00-04:00,68.12000274658203,68.12000274658203,68.12000274658203,68.12000274658203,618,0.0,0.0,2023-07-07
753,2023-07-07 13:23:00-04:00,68.18000030517578,68.18000030517578,68.18000030517578,68.18000030517578,366,0.0,0.0,2023-07-07
754,2023-07-07 13:25:00-04:00,68.20999908447266,68.20999908447266,68.16000366210938,68.16000366210938,1258,0.0,0.0,2023-07-07
755,2023-07-07 13:27:00-04:00,68.18000030517578,68.18000030517578,68.18000030517578,68.18000030517578,202,0.0,0.0,2023-07-07
756,2023-07-07 13:29:00-04:00,68.18000030517578,68.20999908447266,68.18000030517578,68.19000244140625,1403,0.0,0.0,2023-07-07
757,2023-07-07 13:30:00-04:00,68.20999908447266,68.20999908447266,68.20999908447266,68.20999908447266,101,0.0,0.0,2023-07-07
758,2023-07-07 13:31:00-04:00,68.20999908447266,68.20999908447266,68.20999908447266,68.20999908447266,133,0.0,0.0,2023-07-07
759,2023-07-07 13:33:00-04:00,68.2300033569336,68.2300033569336,68.2300033569336,68.2300033569336,132,0.0,0.0,2023-07-07
760,2023-07-07 13:34:00-04:00,68.16999816894531,68.19999694824219,68.16000366210938,68.16000366210938,1866,0.0,0.0,2023-07-07
761,2023-07-07 13:35:00-04:00,68.1500015258789,68.1500015258789,68.1500015258789,68.1500015258789,955,0.0,0.0,2023-07-07
762,2023-07-07 13:36:00-04:00,68.1500015258789,68.1500015258789,68.1500015258789,68.1500015258789,374,0.0,0.0,2023-07-07
763,2023-07-07 13:38:00-04:00,68.11000061035156,68.11000061035156,68.08499908447266,68.08499908447266,1277,0.0,0.0,2023-07-07
764,2023-07-07 13:39:00-04:00,68.12999725341797,68.12999725341797,68.12999725341797,68.12999725341797,186,0.0,0.0,2023-07-07
765,2023-07-07 13:40:00-04:00,68.16999816894531,68.22000122070312,68.16999816894531,68.22000122070312,605,0.0,0.0,2023-07-07
766,2023-07-07 13:41:00-04:00,68.2699966430664,68.2699966430664,68.2699966430664,68.2699966430664,161,0.0,0.0,2023-07-07
767,2023-07-07 13:43:00-04:00,68.26000213623047,68.26000213623047,68.19999694824219,68.19999694824219,1196,0.0,0.0,2023-07-07
768,2023-07-07 13:45:00-04:00,68.19000244140625,68.19000244140625,68.16999816894531,68.16999816894531,761,0.0,0.0,2023-07-07
769,2023-07-07 13:46:00-04:00,68.12999725341797,68.12999725341797,68.12999725341797,68.12999725341797,133,0.0,0.0,2023-07-07
770,2023-07-07 13:47:00-04:00,68.13999938964844,68.13999938964844,68.13999938964844,68.13999938964844,289,0.0,0.0,2023-07-07
771,2023-07-07 13:48:00-04:00,68.0999984741211,68.0999984741211,68.08999633789062,68.0999984741211,986,0.0,0.0,2023-07-07
772,2023-07-07 13:49:00-04:00,68.13999938964844,68.13999938964844,68.13999938964844,68.13999938964844,236,0.0,0.0,2023-07-07
773,2023-07-07 13:51:00-04:00,68.16000366210938,68.16000366210938,68.16000366210938,68.16000366210938,325,0.0,0.0,2023-07-07
774,2023-07-07 13:52:00-04:00,68.19000244140625,68.19000244140625,68.11499786376953,68.11499786376953,2390,0.0,0.0,2023-07-07
775,2023-07-07 13:57:00-04:00,68.05000305175781,68.05000305175781,68.05000305175781,68.05000305175781,574,0.0,0.0,2023-07-07
776,2023-07-07 13:58:00-04:00,67.95999908447266,67.95999908447266,67.95999908447266,67.95999908447266,301,0.0,0.0,2023-07-07
777,2023-07-07 14:00:00-04:00,68.08000183105469,68.0999984741211,68.08000183105469,68.0999984741211,784,0.0,0.0,2023-07-07
778,2023-07-07 14:01:00-04:00,68.12000274658203,68.12000274658203,68.12000274658203,68.12000274658203,168,0.0,0.0,2023-07-07
779,2023-07-07 14:02:00-04:00,68.125,68.18000030517578,68.125,68.18000030517578,616,0.0,0.0,2023-07-07
780,2023-07-07 14:03:00-04:00,68.0999984741211,68.0999984741211,68.0999984741211,68.0999984741211,524,0.0,0.0,2023-07-07
781,2023-07-07 14:04:00-04:00,68.08999633789062,68.08999633789062,68.08999633789062,68.08999633789062,134,0.0,0.0,2023-07-07
782,2023-07-07 14:05:00-04:00,68.11000061035156,68.11000061035156,68.11000061035156,68.11000061035156,528,0.0,0.0,2023-07-07
783,2023-07-07 14:06:00-04:00,68.13999938964844,68.19000244140625,68.13999938964844,68.19000244140625,648,0.0,0.0,2023-07-07
784,2023-07-07 14:08:00-04:00,68.20999908447266,68.20999908447266,68.16000366210938,68.16999816894531,1164,0.0,0.0,2023-07-07
785,2023-07-07 14:10:00-04:00,68.16999816894531,68.19999694824219,68.16999816894531,68.19999694824219,282,0.0,0.0,2023-07-07
786,2023-07-07 14:11:00-04:00,68.19000244140625,68.19000244140625,68.19000244140625,68.19000244140625,357,0.0,0.0,2023-07-07
787,2023-07-07 14:12:00-04:00,68.2300033569336,68.2300033569336,68.19000244140625,68.19000244140625,1052,0.0,0.0,2023-07-07
788,2023-07-07 14:13:00-04:00,68.19000244140625,68.19000244140625,68.18000030517578,68.18000030517578,566,0.0,0.0,2023-07-07
789,2023-07-07 14:14:00-04:00,68.19000244140625,68.19000244140625,68.19000244140625,68.19000244140625,339,0.0,0.0,2023-07-07
790,2023-07-07 14:15:00-04:00,68.2300033569336,68.2300033569336,68.2300033569336,68.2300033569336,211,0.0,0.0,2023-07-07
791,2023-07-07 14:16:00-04:00,68.19999694824219,68.19999694824219,68.19999694824219,68.19999694824219,108,0.0,0.0,2023-07-07
792,2023-07-07 14:17:00-04:00,68.2300033569336,68.2300033569336,68.2300033569336,68.2300033569336,266,0.0,0.0,2023-07-07
793,2023-07-07 14:19:00-04:00,68.24130249023438,68.25,68.19999694824219,68.20999908447266,2080,0.0,0.0,2023-07-07
794,2023-07-07 14:21:00-04:00,68.25,68.25,68.25,68.25,455,0.0,0.0,2023-07-07
795,2023-07-07 14:23:00-04:00,68.25,68.2699966430664,68.25,68.2699966430664,766,0.0,0.0,2023-07-07
796,2023-07-07 14:27:00-04:00,68.33999633789062,68.33999633789062,68.33999633789062,68.33999633789062,389,0.0,0.0,2023-07-07
797,2023-07-07 14:28:00-04:00,68.3499984741211,68.3499984741211,68.3499984741211,68.3499984741211,228,0.0,0.0,2023-07-07
798,2023-07-07 14:29:00-04:00,68.37999725341797,68.37999725341797,68.3499984741211,68.3499984741211,429,0.0,0.0,2023-07-07
799,2023-07-07 14:30:00-04:00,68.38999938964844,68.38999938964844,68.38999938964844,68.38999938964844,504,0.0,0.0,2023-07-07
800,2023-07-07 14:31:00-04:00,68.30999755859375,68.33000183105469,68.27999877929688,68.29000091552734,2472,0.0,0.0,2023-07-07
801,2023-07-07 14:34:00-04:00,68.2699966430664,68.2699966430664,68.19000244140625,68.20500183105469,1416,0.0,0.0,2023-07-07
802,2023-07-07 14:35:00-04:00,68.2699966430664,68.2699966430664,68.2699966430664,68.2699966430664,458,0.0,0.0,2023-07-07
803,2023-07-07 14:36:00-04:00,68.33000183105469,68.33000183105469,68.33000183105469,68.33000183105469,150,0.0,0.0,2023-07-07
804,2023-07-07 14:37:00-04:00,68.27999877929688,68.29499816894531,68.25,68.29499816894531,1240,0.0,0.0,2023-07-07
805,2023-07-07 14:41:00-04:00,68.30000305175781,68.30000305175781,68.30000305175781,68.30000305175781,531,0.0,0.0,2023-07-07
806,2023-07-07 14:42:00-04:00,68.30000305175781,68.30000305175781,68.2699966430664,68.2699966430664,1162,0.0,0.0,2023-07-07
807,2023-07-07 14:43:00-04:00,68.27999877929688,68.27999877929688,68.2300033569336,68.2300033569336,1829,0.0,0.0,2023-07-07
808,2023-07-07 14:44:00-04:00,68.20999908447266,68.22000122070312,68.17250061035156,68.17250061035156,1112,0.0,0.0,2023-07-07
809,2023-07-07 14:46:00-04:00,68.21499633789062,68.21499633789062,68.21499633789062,68.21499633789062,173,0.0,0.0,2023-07-07
810,2023-07-07 14:48:00-04:00,68.2699966430664,68.2699966430664,68.2699966430664,68.2699966430664,469,0.0,0.0,2023-07-07
811,2023-07-07 14:50:00-04:00,68.2699966430664,68.2699966430664,68.2699966430664,68.2699966430664,488,0.0,0.0,2023-07-07
812,2023-07-07 14:51:00-04:00,68.31999969482422,68.31999969482422,68.19999694824219,68.26000213623047,4243,0.0,0.0,2023-07-07
813,2023-07-07 14:53:00-04:00,68.22000122070312,68.22000122070312,68.20500183105469,68.20500183105469,423,0.0,0.0,2023-07-07
814,2023-07-07 14:54:00-04:00,68.22000122070312,68.22000122070312,68.22000122070312,68.22000122070312,551,0.0,0.0,2023-07-07
815,2023-07-07 14:55:00-04:00,68.26499938964844,68.26499938964844,68.26499938964844,68.26499938964844,103,0.0,0.0,2023-07-07
816,2023-07-07 14:56:00-04:00,68.23590087890625,68.23590087890625,68.23590087890625,68.23590087890625,618,0.0,0.0,2023-07-07
817,2023-07-07 14:58:00-04:00,68.27999877929688,68.29000091552734,68.27999877929688,68.29000091552734,693,0.0,0.0,2023-07-07
818,2023-07-07 14:59:00-04:00,68.26000213623047,68.26000213623047,68.26000213623047,68.26000213623047,434,0.0,0.0,2023-07-07
819,2023-07-07 15:00:00-04:00,68.31999969482422,68.31999969482422,68.31999969482422,68.31999969482422,729,0.0,0.0,2023-07-07
820,2023-07-07 15:02:00-04:00,68.3499984741211,68.3499984741211,68.30000305175781,68.33000183105469,2351,0.0,0.0,2023-07-07
821,2023-07-07 15:03:00-04:00,68.29000091552734,68.29000091552734,68.29000091552734,68.29000091552734,320,0.0,0.0,2023-07-07
822,2023-07-07 15:04:00-04:00,68.30989837646484,68.31999969482422,68.30000305175781,68.30000305175781,2832,0.0,0.0,2023-07-07
823,2023-07-07 15:06:00-04:00,68.30500030517578,68.30500030517578,68.30500030517578,68.30500030517578,380,0.0,0.0,2023-07-07
824,2023-07-07 15:08:00-04:00,68.30000305175781,68.30000305175781,68.30000305175781,68.30000305175781,442,0.0,0.0,2023-07-07
825,2023-07-07 15:10:00-04:00,68.33000183105469,68.33000183105469,68.30500030517578,68.30500030517578,1360,0.0,0.0,2023-07-07
826,2023-07-07 15:11:00-04:00,68.33499908447266,68.33499908447266,68.33499908447266,68.33499908447266,409,0.0,0.0,2023-07-07
827,2023-07-07 15:12:00-04:00,68.33499908447266,68.33499908447266,68.33499908447266,68.33499908447266,250,0.0,0.0,2023-07-07
828,2023-07-07 15:14:00-04:00,68.33499908447266,68.33999633789062,68.31999969482422,68.31999969482422,1357,0.0,0.0,2023-07-07
829,2023-07-07 15:15:00-04:00,68.33000183105469,68.33000183105469,68.30999755859375,68.30999755859375,314,0.0,0.0,2023-07-07
830,2023-07-07 15:16:00-04:00,68.33000183105469,68.33499908447266,68.31999969482422,68.33499908447266,528,0.0,0.0,2023-07-07
831,2023-07-07 15:17:00-04:00,68.30999755859375,68.33000183105469,68.30999755859375,68.33000183105469,1782,0.0,0.0,2023-07-07
832,2023-07-07 15:18:00-04:00,68.33999633789062,68.36000061035156,68.29000091552734,68.29000091552734,1807,0.0,0.0,2023-07-07
833,2023-07-07 15:19:00-04:00,68.31500244140625,68.31500244140625,68.29000091552734,68.29000091552734,635,0.0,0.0,2023-07-07
834,2023-07-07 15:20:00-04:00,68.29000091552734,68.29000091552734,68.27999877929688,68.29000091552734,1151,0.0,0.0,2023-07-07
835,2023-07-07 15:22:00-04:00,68.24500274658203,68.24500274658203,68.24500274658203,68.24500274658203,502,0.0,0.0,2023-07-07
836,2023-07-07 15:24:00-04:00,68.26000213623047,68.26000213623047,68.24500274658203,68.26000213623047,712,0.0,0.0,2023-07-07
837,2023-07-07 15:25:00-04:00,68.2699966430664,68.2699966430664,68.25,68.26000213623047,1026,0.0,0.0,2023-07-07
838,2023-07-07 15:26:00-04:00,68.29000091552734,68.29000091552734,68.26000213623047,68.26000213623047,2012,0.0,0.0,2023-07-07
839,2023-07-07 15:28:00-04:00,68.25,68.2699966430664,68.25,68.25,382,0.0,0.0,2023-07-07
840,2023-07-07 15:29:00-04:00,68.26000213623047,68.26000213623047,68.2300033569336,68.26000213623047,1657,0.0,0.0,2023-07-07
841,2023-07-07 15:30:00-04:00,68.29000091552734,68.29499816894531,68.25,68.25,1990,0.0,0.0,2023-07-07
842,2023-07-07 15:31:00-04:00,68.23500061035156,68.2699966430664,68.23500061035156,68.2699966430664,403,0.0,0.0,2023-07-07
843,2023-07-07 15:33:00-04:00,68.2750015258789,68.2750015258789,68.26000213623047,68.26000213623047,276,0.0,0.0,2023-07-07
844,2023-07-07 15:34:00-04:00,68.2699966430664,68.2699966430664,68.22000122070312,68.2300033569336,2470,0.0,0.0,2023-07-07
845,2023-07-07 15:35:00-04:00,68.21499633789062,68.25,68.19499969482422,68.25,4024,0.0,0.0,2023-07-07
846,2023-07-07 15:36:00-04:00,68.25,68.25,68.22000122070312,68.22000122070312,2128,0.0,0.0,2023-07-07
847,2023-07-07 15:37:00-04:00,68.2300033569336,68.2300033569336,68.19000244140625,68.20500183105469,3078,0.0,0.0,2023-07-07
848,2023-07-07 15:38:00-04:00,68.20999908447266,68.22000122070312,68.2040023803711,68.20999908447266,1392,0.0,0.0,2023-07-07
849,2023-07-07 15:39:00-04:00,68.22000122070312,68.2300033569336,68.19000244140625,68.19999694824219,4646,0.0,0.0,2023-07-07
850,2023-07-07 15:40:00-04:00,68.20500183105469,68.2300033569336,68.20500183105469,68.2300033569336,1052,0.0,0.0,2023-07-07
851,2023-07-07 15:41:00-04:00,68.19999694824219,68.20999908447266,68.18000030517578,68.18499755859375,2777,0.0,0.0,2023-07-07
852,2023-07-07 15:43:00-04:00,68.19999694824219,68.19999694824219,68.1500015258789,68.16000366210938,1977,0.0,0.0,2023-07-07
853,2023-07-07 15:44:00-04:00,68.11000061035156,68.11000061035156,68.0199966430664,68.0199966430664,5365,0.0,0.0,2023-07-07
854,2023-07-07 15:45:00-04:00,68.05500030517578,68.0999984741211,68.0425033569336,68.0999984741211,3748,0.0,0.0,2023-07-07
855,2023-07-07 15:46:00-04:00,68.12000274658203,68.12000274658203,68.12000274658203,68.12000274658203,649,0.0,0.0,2023-07-07
856,2023-07-07 15:47:00-04:00,68.11000061035156,68.11000061035156,68.06999969482422,68.08000183105469,3213,0.0,0.0,2023-07-07
857,2023-07-07 15:48:00-04:00,68.0999984741211,68.0999984741211,68.06999969482422,68.07499694824219,989,0.0,0.0,2023-07-07
858,2023-07-07 15:49:00-04:00,68.05999755859375,68.06749725341797,68.05000305175781,68.06749725341797,1828,0.0,0.0,2023-07-07
859,2023-07-07 15:50:00-04:00,68.06999969482422,68.06999969482422,68.0199966430664,68.05999755859375,3492,0.0,0.0,2023-07-07
860,2023-07-07 15:51:00-04:00,68.05999755859375,68.12000274658203,68.05999755859375,68.05999755859375,4561,0.0,0.0,2023-07-07
861,2023-07-07 15:52:00-04:00,68.05999755859375,68.08000183105469,68.04000091552734,68.06999969482422,1508,0.0,0.0,2023-07-07
862,2023-07-07 15:53:00-04:00,68.08000183105469,68.08000183105469,68.0,68.01599884033203,4674,0.0,0.0,2023-07-07
863,2023-07-07 15:54:00-04:00,68.0199966430664,68.06999969482422,68.0199966430664,68.06999969482422,2108,0.0,0.0,2023-07-07
864,2023-07-07 15:55:00-04:00,68.05000305175781,68.08999633789062,68.05000305175781,68.06999969482422,3813,0.0,0.0,2023-07-07
865,2023-07-07 15:56:00-04:00,68.06999969482422,68.06999969482422,68.0,68.01000213623047,4694,0.0,0.0,2023-07-07
866,2023-07-07 15:57:00-04:00,68.01000213623047,68.05999755859375,67.97599792480469,68.05999755859375,4989,0.0,0.0,2023-07-07
867,2023-07-07 15:58:00-04:00,68.05999755859375,68.05999755859375,68.0199966430664,68.02999877929688,6359,0.0,0.0,2023-07-07
868,2023-07-07 15:59:00-04:00,68.01499938964844,68.16999816894531,68.0,68.16000366210938,10333,0.0,0.0,2023-07-07
0,2023-07-10 09:30:00-04:00,67.95999908447266,67.95999908447266,67.95999908447266,67.95999908447266,0,0.0,0.0,2023-07-10
1,2023-07-10 09:31:00-04:00,67.58499908447266,67.58499908447266,67.58499908447266,67.58499908447266,414,0.0,0.0,2023-07-10
2,2023-07-10 09:32:00-04:00,67.83000183105469,67.91999816894531,67.83000183105469,67.87999725341797,705,0.0,0.0,2023-07-10
3,2023-07-10 09:34:00-04:00,68.41999816894531,68.58999633789062,68.41500091552734,68.41500091552734,1011,0.0,0.0,2023-07-10
4,2023-07-10 09:37:00-04:00,68.66999816894531,68.75,68.66000366210938,68.75,1097,0.0,0.0,2023-07-10
5,2023-07-10 09:41:00-04:00,68.98999786376953,69.16000366210938,68.98999786376953,69.16000366210938,985,0.0,0.0,2023-07-10
6,2023-07-10 09:45:00-04:00,69.23999786376953,69.25,69.13999938964844,69.13999938964844,1626,0.0,0.0,2023-07-10
7,2023-07-10 09:46:00-04:00,69.02999877929688,69.02999877929688,68.95999908447266,68.95999908447266,835,0.0,0.0,2023-07-10
8,2023-07-10 09:47:00-04:00,68.93000030517578,68.93000030517578,68.9000015258789,68.9000015258789,461,0.0,0.0,2023-07-10
9,2023-07-10 09:50:00-04:00,68.9000015258789,68.91999816894531,68.86000061035156,68.87999725341797,924,0.0,0.0,2023-07-10
10,2023-07-10 09:51:00-04:00,68.87999725341797,68.87999725341797,68.87999725341797,68.87999725341797,308,0.0,0.0,2023-07-10
11,2023-07-10 09:52:00-04:00,68.97000122070312,69.08000183105469,68.94999694824219,69.08000183105469,997,0.0,0.0,2023-07-10
12,2023-07-10 09:53:00-04:00,69.00890350341797,69.00890350341797,68.88999938964844,68.9000015258789,1919,0.0,0.0,2023-07-10
13,2023-07-10 09:54:00-04:00,69.01000213623047,69.0199966430664,69.01000213623047,69.0199966430664,333,0.0,0.0,2023-07-10
14,2023-07-10 09:56:00-04:00,69.0199966430664,69.0999984741211,69.0199966430664,69.0999984741211,745,0.0,0.0,2023-07-10
15,2023-07-10 09:57:00-04:00,68.94000244140625,68.94000244140625,68.94000244140625,68.94000244140625,289,0.0,0.0,2023-07-10
16,2023-07-10 09:59:00-04:00,69.12000274658203,69.12999725341797,69.08499908447266,69.08499908447266,569,0.0,0.0,2023-07-10
17,2023-07-10 10:00:00-04:00,69.08999633789062,69.08999633789062,69.08999633789062,69.08999633789062,310,0.0,0.0,2023-07-10
18,2023-07-10 10:02:00-04:00,69.19499969482422,69.19499969482422,69.19499969482422,69.19499969482422,100,0.0,0.0,2023-07-10
19,2023-07-10 10:03:00-04:00,69.19999694824219,69.19999694824219,69.19999694824219,69.19999694824219,457,0.0,0.0,2023-07-10
20,2023-07-10 10:04:00-04:00,69.25,69.26000213623047,69.18000030517578,69.19000244140625,2407,0.0,0.0,2023-07-10
21,2023-07-10 10:05:00-04:00,69.25,69.25,69.25,69.25,421,0.0,0.0,2023-07-10
22,2023-07-10 10:06:00-04:00,69.12999725341797,69.19000244140625,69.0999984741211,69.19000244140625,2797,0.0,0.0,2023-07-10
23,2023-07-10 10:07:00-04:00,69.16999816894531,69.16999816894531,69.16999816894531,69.16999816894531,218,0.0,0.0,2023-07-10
24,2023-07-10 10:08:00-04:00,69.25,69.2699966430664,69.25,69.25,2678,0.0,0.0,2023-07-10
25,2023-07-10 10:09:00-04:00,69.2699966430664,69.2699966430664,69.2699966430664,69.2699966430664,689,0.0,0.0,2023-07-10
26,2023-07-10 10:10:00-04:00,69.26000213623047,69.26000213623047,69.26000213623047,69.26000213623047,201,0.0,0.0,2023-07-10
27,2023-07-10 10:11:00-04:00,69.25,69.29000091552734,69.2300033569336,69.29000091552734,1695,0.0,0.0,2023-07-10
28,2023-07-10 10:12:00-04:00,69.27999877929688,69.27999877929688,69.27999877929688,69.27999877929688,600,0.0,0.0,2023-07-10
29,2023-07-10 10:13:00-04:00,69.27999877929688,69.31999969482422,69.2699966430664,69.2699966430664,531,0.0,0.0,2023-07-10
30,2023-07-10 10:15:00-04:00,69.30999755859375,69.30999755859375,69.25,69.25,1007,0.0,0.0,2023-07-10
31,2023-07-10 10:17:00-04:00,69.30750274658203,69.30750274658203,69.30750274658203,69.30750274658203,260,0.0,0.0,2023-07-10
32,2023-07-10 10:19:00-04:00,69.2699966430664,69.2699966430664,69.2699966430664,69.2699966430664,420,0.0,0.0,2023-07-10
33,2023-07-10 10:20:00-04:00,69.32550048828125,69.32550048828125,69.32550048828125,69.32550048828125,105,0.0,0.0,2023-07-10
34,2023-07-10 10:21:00-04:00,69.29000091552734,69.29000091552734,69.27999877929688,69.29000091552734,747,0.0,0.0,2023-07-10
35,2023-07-10 10:22:00-04:00,69.19999694824219,69.19999694824219,69.19999694824219,69.19999694824219,133,0.0,0.0,2023-07-10
36,2023-07-10 10:23:00-04:00,69.19999694824219,69.23999786376953,69.19999694824219,69.21499633789062,1101,0.0,0.0,2023-07-10
37,2023-07-10 10:24:00-04:00,69.18000030517578,69.18000030517578,69.18000030517578,69.18000030517578,161,0.0,0.0,2023-07-10
38,2023-07-10 10:25:00-04:00,69.30000305175781,69.31999969482422,69.30000305175781,69.31999969482422,649,0.0,0.0,2023-07-10
39,2023-07-10 10:30:00-04:00,69.29000091552734,69.30000305175781,69.19999694824219,69.19999694824219,3693,0.0,0.0,2023-07-10
40,2023-07-10 10:33:00-04:00,69.0,69.0,69.0,69.0,302,0.0,0.0,2023-07-10
41,2023-07-10 10:34:00-04:00,69.0,69.01499938964844,69.0,69.01499938964844,730,0.0,0.0,2023-07-10
42,2023-07-10 10:35:00-04:00,68.94000244140625,69.0,68.94000244140625,68.99500274658203,1836,0.0,0.0,2023-07-10
43,2023-07-10 10:36:00-04:00,68.93000030517578,69.1500015258789,68.93000030517578,69.0999984741211,1455,0.0,0.0,2023-07-10
44,2023-07-10 10:37:00-04:00,69.27999877929688,69.29000091552734,69.26000213623047,69.26000213623047,441,0.0,0.0,2023-07-10
45,2023-07-10 10:38:00-04:00,69.3134994506836,69.33000183105469,69.3134994506836,69.33000183105469,382,0.0,0.0,2023-07-10
46,2023-07-10 10:39:00-04:00,69.27999877929688,69.27999877929688,69.27999877929688,69.27999877929688,924,0.0,0.0,2023-07-10
47,2023-07-10 10:40:00-04:00,69.20359802246094,69.20359802246094,69.20359802246094,69.20359802246094,294,0.0,0.0,2023-07-10
48,2023-07-10 10:42:00-04:00,69.20999908447266,69.20999908447266,69.20999908447266,69.20999908447266,391,0.0,0.0,2023-07-10
49,2023-07-10 10:45:00-04:00,69.29000091552734,69.30000305175781,69.2699966430664,69.2699966430664,996,0.0,0.0,2023-07-10
50,2023-07-10 10:47:00-04:00,69.37000274658203,69.37000274658203,69.31999969482422,69.31999969482422,321,0.0,0.0,2023-07-10
51,2023-07-10 10:48:00-04:00,69.37000274658203,69.37000274658203,69.37000274658203,69.37000274658203,139,0.0,0.0,2023-07-10
52,2023-07-10 10:49:00-04:00,69.3363037109375,69.3363037109375,69.2699966430664,69.27999877929688,2529,0.0,0.0,2023-07-10
53,2023-07-10 10:52:00-04:00,69.16999816894531,69.16999816894531,69.16999816894531,69.16999816894531,265,0.0,0.0,2023-07-10
54,2023-07-10 10:54:00-04:00,69.04000091552734,69.04000091552734,69.04000091552734,69.04000091552734,271,0.0,0.0,2023-07-10
55,2023-07-10 10:55:00-04:00,69.08000183105469,69.13500213623047,69.08000183105469,69.13500213623047,778,0.0,0.0,2023-07-10
56,2023-07-10 10:59:00-04:00,69.06999969482422,69.06999969482422,69.06999969482422,69.06999969482422,132,0.0,0.0,2023-07-10
57,2023-07-10 11:00:00-04:00,69.12999725341797,69.12999725341797,69.12999725341797,69.12999725341797,462,0.0,0.0,2023-07-10
58,2023-07-10 11:01:00-04:00,69.08000183105469,69.16000366210938,69.08000183105469,69.0999984741211,2480,0.0,0.0,2023-07-10
59,2023-07-10 11:03:00-04:00,69.09500122070312,69.0999984741211,69.0199966430664,69.0199966430664,1030,0.0,0.0,2023-07-10
60,2023-07-10 11:04:00-04:00,69.05999755859375,69.06999969482422,69.04000091552734,69.06999969482422,772,0.0,0.0,2023-07-10
61,2023-07-10 11:07:00-04:00,69.06500244140625,69.06500244140625,69.0,69.0,937,0.0,0.0,2023-07-10
62,2023-07-10 11:08:00-04:00,69.0,69.0,69.0,69.0,567,0.0,0.0,2023-07-10
63,2023-07-10 11:09:00-04:00,69.0,69.0,69.0,69.0,473,0.0,0.0,2023-07-10
64,2023-07-10 11:11:00-04:00,69.05000305175781,69.0999984741211,69.05000305175781,69.0999984741211,465,0.0,0.0,2023-07-10
65,2023-07-10 11:13:00-04:00,69.06999969482422,69.06999969482422,69.06999969482422,69.06999969482422,174,0.0,0.0,2023-07-10
66,2023-07-10 11:17:00-04:00,69.05000305175781,69.05000305175781,69.05000305175781,69.05000305175781,164,0.0,0.0,2023-07-10
67,2023-07-10 11:18:00-04:00,69.0199966430664,69.0199966430664,68.97000122070312,69.0,2721,0.0,0.0,2023-07-10
68,2023-07-10 11:19:00-04:00,68.97250366210938,68.9749984741211,68.95999908447266,68.95999908447266,1376,0.0,0.0,2023-07-10
69,2023-07-10 11:20:00-04:00,68.91000366210938,68.91000366210938,68.9000015258789,68.9000015258789,758,0.0,0.0,2023-07-10
70,2023-07-10 11:23:00-04:00,68.9800033569336,69.01000213623047,68.97000122070312,68.99500274658203,1689,0.0,0.0,2023-07-10
71,2023-07-10 11:24:00-04:00,69.04000091552734,69.04000091552734,69.0199966430664,69.0199966430664,546,0.0,0.0,2023-07-10
72,2023-07-10 11:26:00-04:00,68.98999786376953,69.0,68.98999786376953,68.99500274658203,1255,0.0,0.0,2023-07-10
73,2023-07-10 11:28:00-04:00,69.02999877929688,69.02999877929688,69.02999877929688,69.02999877929688,158,0.0,0.0,2023-07-10
74,2023-07-10 11:29:00-04:00,69.0,69.0,69.0,69.0,375,0.0,0.0,2023-07-10
75,2023-07-10 11:30:00-04:00,69.05999755859375,69.05999755859375,69.05999755859375,69.05999755859375,399,0.0,0.0,2023-07-10
76,2023-07-10 11:33:00-04:00,69.0,69.0,68.98999786376953,69.0,1670,0.0,0.0,2023-07-10
77,2023-07-10 11:34:00-04:00,69.0199966430664,69.0199966430664,69.0,69.0,575,0.0,0.0,2023-07-10
78,2023-07-10 11:35:00-04:00,69.0,69.0,68.99500274658203,68.99500274658203,1415,0.0,0.0,2023-07-10
79,2023-07-10 11:36:00-04:00,69.01499938964844,69.01499938964844,69.01499938964844,69.01499938964844,196,0.0,0.0,2023-07-10
80,2023-07-10 11:37:00-04:00,69.0250015258789,69.0250015258789,69.01499938964844,69.01499938964844,296,0.0,0.0,2023-07-10
81,2023-07-10 11:38:00-04:00,69.0,69.01000213623047,68.98999786376953,68.98999786376953,1955,0.0,0.0,2023-07-10
82,2023-07-10 11:39:00-04:00,68.96499633789062,68.96499633789062,68.96499633789062,68.96499633789062,290,0.0,0.0,2023-07-10
83,2023-07-10 11:40:00-04:00,68.99500274658203,69.0,68.98500061035156,68.99250030517578,1274,0.0,0.0,2023-07-10
84,2023-07-10 11:44:00-04:00,69.0,69.0,69.0,69.0,102,0.0,0.0,2023-07-10
85,2023-07-10 11:45:00-04:00,68.95999908447266,68.9800033569336,68.95999908447266,68.9800033569336,1092,0.0,0.0,2023-07-10
86,2023-07-10 11:46:00-04:00,68.9800033569336,69.0199966430664,68.9800033569336,69.0199966430664,693,0.0,0.0,2023-07-10
87,2023-07-10 11:48:00-04:00,69.02999877929688,69.04499816894531,69.02999877929688,69.02999877929688,1293,0.0,0.0,2023-07-10
88,2023-07-10 11:49:00-04:00,69.08000183105469,69.08000183105469,69.08000183105469,69.08000183105469,742,0.0,0.0,2023-07-10
89,2023-07-10 11:53:00-04:00,69.12000274658203,69.12000274658203,69.12000274658203,69.12000274658203,126,0.0,0.0,2023-07-10
90,2023-07-10 11:55:00-04:00,69.11000061035156,69.11000061035156,69.11000061035156,69.11000061035156,405,0.0,0.0,2023-07-10
91,2023-07-10 11:56:00-04:00,69.13999938964844,69.16000366210938,69.13999938964844,69.16000366210938,279,0.0,0.0,2023-07-10
92,2023-07-10 11:58:00-04:00,69.19000244140625,69.19000244140625,69.16999816894531,69.16999816894531,684,0.0,0.0,2023-07-10
93,2023-07-10 12:01:00-04:00,69.2499008178711,69.2499008178711,69.23999786376953,69.23999786376953,232,0.0,0.0,2023-07-10
94,2023-07-10 12:02:00-04:00,69.18000030517578,69.18000030517578,69.05000305175781,69.05000305175781,1913,0.0,0.0,2023-07-10
95,2023-07-10 12:03:00-04:00,69.13999938964844,69.1500015258789,69.13999938964844,69.1500015258789,351,0.0,0.0,2023-07-10
96,2023-07-10 12:04:00-04:00,69.12000274658203,69.12000274658203,69.08999633789062,69.08999633789062,771,0.0,0.0,2023-07-10
97,2023-07-10 12:06:00-04:00,69.0,69.0,68.96499633789062,68.96499633789062,594,0.0,0.0,2023-07-10
98,2023-07-10 12:08:00-04:00,68.9000015258789,68.95500183105469,68.9000015258789,68.92500305175781,825,0.0,0.0,2023-07-10
99,2023-07-10 12:09:00-04:00,68.95999908447266,68.95999908447266,68.95999908447266,68.95999908447266,383,0.0,0.0,2023-07-10
100,2023-07-10 12:10:00-04:00,68.91500091552734,68.91500091552734,68.91000366210938,68.91000366210938,631,0.0,0.0,2023-07-10
101,2023-07-10 12:12:00-04:00,68.9800033569336,68.9800033569336,68.9800033569336,68.9800033569336,614,0.0,0.0,2023-07-10
102,2023-07-10 12:14:00-04:00,69.04000091552734,69.0999984741211,69.04000091552734,69.05999755859375,1776,0.0,0.0,2023-07-10
103,2023-07-10 12:19:00-04:00,69.06500244140625,69.06999969482422,69.04000091552734,69.04000091552734,1837,0.0,0.0,2023-07-10
104,2023-07-10 12:22:00-04:00,69.0199966430664,69.0199966430664,69.0199966430664,69.0199966430664,178,0.0,0.0,2023-07-10
105,2023-07-10 12:24:00-04:00,69.02799987792969,69.02799987792969,69.02799987792969,69.02799987792969,666,0.0,0.0,2023-07-10
106,2023-07-10 12:27:00-04:00,69.02999877929688,69.02999877929688,69.0,69.0,879,0.0,0.0,2023-07-10
107,2023-07-10 12:29:00-04:00,68.99500274658203,69.0,68.99500274658203,69.0,687,0.0,0.0,2023-07-10
108,2023-07-10 12:32:00-04:00,68.94999694824219,68.94999694824219,68.94999694824219,68.94999694824219,372,0.0,0.0,2023-07-10
109,2023-07-10 12:35:00-04:00,69.00199890136719,69.00199890136719,68.99500274658203,68.99500274658203,1686,0.0,0.0,2023-07-10
110,2023-07-10 12:36:00-04:00,69.0,69.0,69.0,69.0,406,0.0,0.0,2023-07-10
111,2023-07-10 12:37:00-04:00,69.0199966430664,69.04000091552734,69.0199966430664,69.04000091552734,1159,0.0,0.0,2023-07-10
112,2023-07-10 12:38:00-04:00,69.04000091552734,69.04000091552734,69.04000091552734,69.04000091552734,100,0.0,0.0,2023-07-10
113,2023-07-10 12:39:00-04:00,69.0250015258789,69.0250015258789,69.0250015258789,69.0250015258789,455,0.0,0.0,2023-07-10
114,2023-07-10 12:40:00-04:00,68.98999786376953,68.98999786376953,68.94499969482422,68.94499969482422,4062,0.0,0.0,2023-07-10
115,2023-07-10 12:41:00-04:00,68.94999694824219,68.94999694824219,68.94999694824219,68.94999694824219,290,0.0,0.0,2023-07-10
116,2023-07-10 12:43:00-04:00,68.97000122070312,68.97000122070312,68.97000122070312,68.97000122070312,126,0.0,0.0,2023-07-10
117,2023-07-10 12:44:00-04:00,68.95500183105469,69.0,68.95500183105469,69.0,967,0.0,0.0,2023-07-10
118,2023-07-10 12:48:00-04:00,69.06999969482422,69.08999633789062,69.06999969482422,69.07499694824219,1332,0.0,0.0,2023-07-10
119,2023-07-10 12:49:00-04:00,69.08000183105469,69.08000183105469,69.04000091552734,69.04000091552734,235,0.0,0.0,2023-07-10
120,2023-07-10 12:52:00-04:00,69.04000091552734,69.04000091552734,69.0,69.0,215,0.0,0.0,2023-07-10
121,2023-07-10 12:53:00-04:00,69.07990264892578,69.07990264892578,69.07990264892578,69.07990264892578,241,0.0,0.0,2023-07-10
122,2023-07-10 12:54:00-04:00,69.04000091552734,69.04000091552734,69.04000091552734,69.04000091552734,644,0.0,0.0,2023-07-10
123,2023-07-10 12:55:00-04:00,69.0,69.0,68.98999786376953,68.99500274658203,1631,0.0,0.0,2023-07-10
124,2023-07-10 12:57:00-04:00,68.98999786376953,68.98999786376953,68.98999786376953,68.98999786376953,166,0.0,0.0,2023-07-10
125,2023-07-10 12:58:00-04:00,69.02999877929688,69.04000091552734,69.02999877929688,69.04000091552734,211,0.0,0.0,2023-07-10
126,2023-07-10 13:00:00-04:00,69.05000305175781,69.06999969482422,69.02999877929688,69.06999969482422,1490,0.0,0.0,2023-07-10
127,2023-07-10 13:01:00-04:00,69.06999969482422,69.06999969482422,69.06999969482422,69.06999969482422,459,0.0,0.0,2023-07-10
128,2023-07-10 13:03:00-04:00,69.05000305175781,69.05000305175781,69.0,69.0,1351,0.0,0.0,2023-07-10
129,2023-07-10 13:04:00-04:00,69.0199966430664,69.0199966430664,69.0199966430664,69.0199966430664,100,0.0,0.0,2023-07-10
130,2023-07-10 13:05:00-04:00,69.0199966430664,69.0199966430664,69.0,69.0,249,0.0,0.0,2023-07-10
131,2023-07-10 13:06:00-04:00,69.02999877929688,69.02999877929688,69.01000213623047,69.01000213623047,267,0.0,0.0,2023-07-10
132,2023-07-10 13:08:00-04:00,69.03990173339844,69.03990173339844,69.0199966430664,69.0199966430664,877,0.0,0.0,2023-07-10
133,2023-07-10 13:11:00-04:00,69.0,69.0,69.0,69.0,253,0.0,0.0,2023-07-10
134,2023-07-10 13:12:00-04:00,69.0,69.0,69.0,69.0,623,0.0,0.0,2023-07-10
135,2023-07-10 13:14:00-04:00,69.02999877929688,69.05000305175781,69.0199966430664,69.04000091552734,989,0.0,0.0,2023-07-10
136,2023-07-10 13:15:00-04:00,69.05999755859375,69.05999755859375,69.05999755859375,69.05999755859375,615,0.0,0.0,2023-07-10
137,2023-07-10 13:17:00-04:00,69.08000183105469,69.08000183105469,69.08000183105469,69.08000183105469,478,0.0,0.0,2023-07-10
138,2023-07-10 13:18:00-04:00,69.06999969482422,69.0999984741211,69.06999969482422,69.0999984741211,1023,0.0,0.0,2023-07-10
139,2023-07-10 13:19:00-04:00,69.08999633789062,69.0999984741211,69.05999755859375,69.0999984741211,1293,0.0,0.0,2023-07-10
140,2023-07-10 13:25:00-04:00,69.06999969482422,69.06999969482422,69.06999969482422,69.06999969482422,102,0.0,0.0,2023-07-10
141,2023-07-10 13:27:00-04:00,69.08000183105469,69.08000183105469,69.05999755859375,69.05999755859375,527,0.0,0.0,2023-07-10
142,2023-07-10 13:30:00-04:00,69.12000274658203,69.12000274658203,69.07499694824219,69.07499694824219,284,0.0,0.0,2023-07-10
143,2023-07-10 13:32:00-04:00,69.05999755859375,69.06999969482422,69.05999755859375,69.06999969482422,1270,0.0,0.0,2023-07-10
144,2023-07-10 13:36:00-04:00,69.07499694824219,69.11000061035156,69.06500244140625,69.06500244140625,501,0.0,0.0,2023-07-10
145,2023-07-10 13:37:00-04:00,69.0999984741211,69.0999984741211,69.0999984741211,69.0999984741211,337,0.0,0.0,2023-07-10
146,2023-07-10 13:39:00-04:00,69.02999877929688,69.02999877929688,69.02999877929688,69.02999877929688,145,0.0,0.0,2023-07-10
147,2023-07-10 13:41:00-04:00,69.02999877929688,69.02999877929688,69.02999877929688,69.02999877929688,736,0.0,0.0,2023-07-10
148,2023-07-10 13:42:00-04:00,69.02999877929688,69.02999877929688,68.98999786376953,68.98999786376953,1795,0.0,0.0,2023-07-10
149,2023-07-10 13:46:00-04:00,69.0199966430664,69.04000091552734,68.98999786376953,68.98999786376953,4268,0.0,0.0,2023-07-10
150,2023-07-10 13:49:00-04:00,69.0199966430664,69.0199966430664,69.0199966430664,69.0199966430664,341,0.0,0.0,2023-07-10
151,2023-07-10 13:51:00-04:00,69.01499938964844,69.05000305175781,69.01499938964844,69.02999877929688,1052,0.0,0.0,2023-07-10
152,2023-07-10 13:52:00-04:00,69.06999969482422,69.08999633789062,69.05000305175781,69.08999633789062,713,0.0,0.0,2023-07-10
153,2023-07-10 13:53:00-04:00,69.08000183105469,69.08000183105469,69.08000183105469,69.08000183105469,934,0.0,0.0,2023-07-10
154,2023-07-10 13:56:00-04:00,69.04000091552734,69.04000091552734,68.99749755859375,68.99749755859375,1258,0.0,0.0,2023-07-10
155,2023-07-10 14:01:00-04:00,69.0,69.0199966430664,69.0,69.0199966430664,822,0.0,0.0,2023-07-10
156,2023-07-10 14:02:00-04:00,69.04000091552734,69.04000091552734,69.04000091552734,69.04000091552734,865,0.0,0.0,2023-07-10
157,2023-07-10 14:06:00-04:00,69.05999755859375,69.06999969482422,69.05999755859375,69.05999755859375,748,0.0,0.0,2023-07-10
158,2023-07-10 14:07:00-04:00,69.08999633789062,69.08999633789062,69.08999633789062,69.08999633789062,117,0.0,0.0,2023-07-10
159,2023-07-10 14:08:00-04:00,69.08499908447266,69.08499908447266,69.08499908447266,69.08499908447266,388,0.0,0.0,2023-07-10
160,2023-07-10 14:11:00-04:00,69.09989929199219,69.09989929199219,69.05000305175781,69.05000305175781,381,0.0,0.0,2023-07-10
161,2023-07-10 14:12:00-04:00,69.12000274658203,69.12000274658203,69.11000061035156,69.11000061035156,1204,0.0,0.0,2023-07-10
162,2023-07-10 14:15:00-04:00,69.13999938964844,69.13999938964844,69.13999938964844,69.13999938964844,1306,0.0,0.0,2023-07-10
163,2023-07-10 14:16:00-04:00,69.16000366210938,69.16999816894531,69.16000366210938,69.16999816894531,770,0.0,0.0,2023-07-10
164,2023-07-10 14:17:00-04:00,69.19000244140625,69.19000244140625,69.19000244140625,69.19000244140625,507,0.0,0.0,2023-07-10
165,2023-07-10 14:20:00-04:00,69.16999816894531,69.19999694824219,69.16999816894531,69.19999694824219,737,0.0,0.0,2023-07-10
166,2023-07-10 14:23:00-04:00,69.16000366210938,69.16000366210938,69.12999725341797,69.12999725341797,1962,0.0,0.0,2023-07-10
167,2023-07-10 14:25:00-04:00,69.11000061035156,69.11000061035156,69.11000061035156,69.11000061035156,741,0.0,0.0,2023-07-10
168,2023-07-10 14:27:00-04:00,69.1500015258789,69.1500015258789,69.1500015258789,69.1500015258789,512,0.0,0.0,2023-07-10
169,2023-07-10 14:28:00-04:00,69.19999694824219,69.19999694824219,69.19999694824219,69.19999694824219,440,0.0,0.0,2023-07-10
170,2023-07-10 14:30:00-04:00,69.25,69.25,69.20999908447266,69.20999908447266,1167,0.0,0.0,2023-07-10
171,2023-07-10 14:32:00-04:00,69.19750213623047,69.20130157470703,69.19750213623047,69.20130157470703,349,0.0,0.0,2023-07-10
172,2023-07-10 14:34:00-04:00,69.16999816894531,69.16999816894531,69.16999816894531,69.16999816894531,617,0.0,0.0,2023-07-10
173,2023-07-10 14:35:00-04:00,69.1500015258789,69.16000366210938,69.1500015258789,69.16000366210938,593,0.0,0.0,2023-07-10
174,2023-07-10 14:38:00-04:00,69.1500015258789,69.1500015258789,69.08999633789062,69.08999633789062,905,0.0,0.0,2023-07-10
175,2023-07-10 14:39:00-04:00,69.06999969482422,69.06999969482422,69.06999969482422,69.06999969482422,683,0.0,0.0,2023-07-10
176,2023-07-10 14:43:00-04:00,69.0199966430664,69.0199966430664,68.98249816894531,68.98249816894531,1053,0.0,0.0,2023-07-10
177,2023-07-10 14:44:00-04:00,68.99500274658203,69.0,68.99250030517578,69.0,550,0.0,0.0,2023-07-10
178,2023-07-10 14:46:00-04:00,68.99500274658203,69.02999877929688,68.99500274658203,69.02999877929688,874,0.0,0.0,2023-07-10
179,2023-07-10 14:47:00-04:00,69.01000213623047,69.01000213623047,69.01000213623047,69.01000213623047,302,0.0,0.0,2023-07-10
180,2023-07-10 14:50:00-04:00,69.01000213623047,69.0199966430664,69.01000213623047,69.0199966430664,541,0.0,0.0,2023-07-10
181,2023-07-10 14:51:00-04:00,69.04000091552734,69.05000305175781,69.02999877929688,69.05000305175781,1597,0.0,0.0,2023-07-10
182,2023-07-10 14:52:00-04:00,69.06999969482422,69.06999969482422,69.06999969482422,69.06999969482422,683,0.0,0.0,2023-07-10
183,2023-07-10 14:54:00-04:00,69.06500244140625,69.08999633789062,69.06500244140625,69.08000183105469,370,0.0,0.0,2023-07-10
184,2023-07-10 14:55:00-04:00,69.08999633789062,69.13899993896484,69.08999633789062,69.13300323486328,1156,0.0,0.0,2023-07-10
185,2023-07-10 14:56:00-04:00,69.13999938964844,69.13999938964844,69.11499786376953,69.11499786376953,1679,0.0,0.0,2023-07-10
186,2023-07-10 14:57:00-04:00,69.12000274658203,69.12899780273438,69.12000274658203,69.12899780273438,203,0.0,0.0,2023-07-10
187,2023-07-10 14:58:00-04:00,69.12000274658203,69.1500015258789,69.12000274658203,69.1500015258789,1240,0.0,0.0,2023-07-10
188,2023-07-10 15:00:00-04:00,69.13999938964844,69.13999938964844,69.13999938964844,69.13999938964844,223,0.0,0.0,2023-07-10
189,2023-07-10 15:02:00-04:00,69.17990112304688,69.17990112304688,69.17990112304688,69.17990112304688,439,0.0,0.0,2023-07-10
190,2023-07-10 15:03:00-04:00,69.20500183105469,69.20500183105469,69.11000061035156,69.11000061035156,1477,0.0,0.0,2023-07-10
191,2023-07-10 15:06:00-04:00,69.12999725341797,69.12999725341797,69.05000305175781,69.05000305175781,1411,0.0,0.0,2023-07-10
192,2023-07-10 15:07:00-04:00,69.05999755859375,69.05999755859375,69.05999755859375,69.05999755859375,457,0.0,0.0,2023-07-10
193,2023-07-10 15:09:00-04:00,69.02999877929688,69.02999877929688,69.02999877929688,69.02999877929688,493,0.0,0.0,2023-07-10
194,2023-07-10 15:11:00-04:00,69.02999877929688,69.02999877929688,69.02999877929688,69.02999877929688,727,0.0,0.0,2023-07-10
195,2023-07-10 15:12:00-04:00,69.02999877929688,69.02999877929688,69.02999877929688,69.02999877929688,139,0.0,0.0,2023-07-10
196,2023-07-10 15:13:00-04:00,69.05500030517578,69.05500030517578,69.05500030517578,69.05500030517578,1039,0.0,0.0,2023-07-10
197,2023-07-10 15:16:00-04:00,69.02999877929688,69.02999877929688,69.0,69.0,1028,0.0,0.0,2023-07-10
198,2023-07-10 15:17:00-04:00,69.0,69.04000091552734,69.0,69.04000091552734,1194,0.0,0.0,2023-07-10
199,2023-07-10 15:19:00-04:00,69.06999969482422,69.08999633789062,69.06999969482422,69.08999633789062,548,0.0,0.0,2023-07-10
200,2023-07-10 15:20:00-04:00,69.08000183105469,69.08000183105469,69.08000183105469,69.08000183105469,281,0.0,0.0,2023-07-10
201,2023-07-10 15:22:00-04:00,69.09500122070312,69.09500122070312,69.06999969482422,69.06999969482422,938,0.0,0.0,2023-07-10
202,2023-07-10 15:23:00-04:00,69.04000091552734,69.04000091552734,69.04000091552734,69.04000091552734,771,0.0,0.0,2023-07-10
203,2023-07-10 15:24:00-04:00,69.03099822998047,69.03099822998047,69.02999877929688,69.02999877929688,1231,0.0,0.0,2023-07-10
204,2023-07-10 15:26:00-04:00,69.04000091552734,69.04000091552734,69.01000213623047,69.01000213623047,1571,0.0,0.0,2023-07-10
205,2023-07-10 15:27:00-04:00,69.0199966430664,69.08000183105469,69.0199966430664,69.08000183105469,1556,0.0,0.0,2023-07-10
206,2023-07-10 15:29:00-04:00,69.07099914550781,69.07099914550781,69.05000305175781,69.06999969482422,1928,0.0,0.0,2023-07-10
207,2023-07-10 15:30:00-04:00,69.04000091552734,69.04000091552734,69.0,69.02999877929688,1526,0.0,0.0,2023-07-10
208,2023-07-10 15:31:00-04:00,69.05000305175781,69.06999969482422,69.05000305175781,69.05999755859375,2151,0.0,0.0,2023-07-10
209,2023-07-10 15:32:00-04:00,69.04499816894531,69.04499816894531,69.04499816894531,69.04499816894531,183,0.0,0.0,2023-07-10
210,2023-07-10 15:34:00-04:00,69.04100036621094,69.04100036621094,69.04000091552734,69.04000091552734,1531,0.0,0.0,2023-07-10
211,2023-07-10 15:35:00-04:00,69.05999755859375,69.06999969482422,69.05000305175781,69.05000305175781,2105,0.0,0.0,2023-07-10
212,2023-07-10 15:36:00-04:00,69.04100036621094,69.04100036621094,69.04100036621094,69.04100036621094,108,0.0,0.0,2023-07-10
213,2023-07-10 15:37:00-04:00,69.08000183105469,69.08999633789062,69.06999969482422,69.08999633789062,1213,0.0,0.0,2023-07-10
214,2023-07-10 15:38:00-04:00,69.1050033569336,69.1050033569336,69.08000183105469,69.09600067138672,1247,0.0,0.0,2023-07-10
215,2023-07-10 15:39:00-04:00,69.06999969482422,69.08000183105469,69.06999969482422,69.08000183105469,940,0.0,0.0,2023-07-10
216,2023-07-10 15:40:00-04:00,69.06999969482422,69.12000274658203,69.06999969482422,69.11499786376953,1089,0.0,0.0,2023-07-10
217,2023-07-10 15:41:00-04:00,69.0999984741211,69.10600280761719,69.05999755859375,69.05999755859375,1433,0.0,0.0,2023-07-10
218,2023-07-10 15:42:00-04:00,69.07099914550781,69.12999725341797,69.07099914550781,69.12999725341797,992,0.0,0.0,2023-07-10
219,2023-07-10 15:43:00-04:00,69.11000061035156,69.11000061035156,69.11000061035156,69.11000061035156,924,0.0,0.0,2023-07-10
220,2023-07-10 15:44:00-04:00,69.12000274658203,69.12999725341797,69.0999984741211,69.12000274658203,2770,0.0,0.0,2023-07-10
221,2023-07-10 15:45:00-04:00,69.13999938964844,69.1500015258789,69.11100006103516,69.11100006103516,898,0.0,0.0,2023-07-10
222,2023-07-10 15:46:00-04:00,69.12999725341797,69.13999938964844,69.12999725341797,69.13500213623047,787,0.0,0.0,2023-07-10
223,2023-07-10 15:47:00-04:00,69.13500213623047,69.17990112304688,69.13500213623047,69.17990112304688,1911,0.0,0.0,2023-07-10
224,2023-07-10 15:48:00-04:00,69.16000366210938,69.16000366210938,69.09500122070312,69.09500122070312,1595,0.0,0.0,2023-07-10
225,2023-07-10 15:49:00-04:00,69.11000061035156,69.12989807128906,69.0999984741211,69.1050033569336,648,0.0,0.0,2023-07-10
226,2023-07-10 15:50:00-04:00,69.08999633789062,69.08999633789062,68.98999786376953,69.02999877929688,3600,0.0,0.0,2023-07-10
227,2023-07-10 15:51:00-04:00,69.0250015258789,69.06999969482422,68.9800033569336,69.04000091552734,5256,0.0,0.0,2023-07-10
228,2023-07-10 15:52:00-04:00,69.05000305175781,69.13999938964844,69.02999877929688,69.13999938964844,1921,0.0,0.0,2023-07-10
229,2023-07-10 15:53:00-04:00,69.14990234375,69.16000366210938,69.11000061035156,69.12999725341797,3906,0.0,0.0,2023-07-10
230,2023-07-10 15:54:00-04:00,69.13999938964844,69.19000244140625,69.12999725341797,69.16000366210938,8379,0.0,0.0,2023-07-10
231,2023-07-10 15:55:00-04:00,69.16999816894531,69.25,69.16000366210938,69.25,3475,0.0,0.0,2023-07-10
232,2023-07-10 15:56:00-04:00,69.2300033569336,69.2699966430664,69.2300033569336,69.23999786376953,7233,0.0,0.0,2023-07-10
233,2023-07-10 15:57:00-04:00,69.26000213623047,69.2699966430664,69.25,69.26000213623047,2700,0.0,0.0,2023-07-10
234,2023-07-10 15:58:00-04:00,69.2699966430664,69.30000305175781,69.25,69.30000305175781,5714,0.0,0.0,2023-07-10
235,2023-07-10 15:59:00-04:00,69.30000305175781,69.33999633789062,69.29499816894531,69.31999969482422,8336,0.0,0.0,2023-07-10
236,2023-07-11 09:30:00-04:00,69.72000122070312,69.72000122070312,69.72000122070312,69.72000122070312,3318,0.0,0.0,2023-07-11
237,2023-07-11 09:31:00-04:00,69.88999938964844,70.11000061035156,69.88999938964844,70.11000061035156,439,0.0,0.0,2023-07-11
238,2023-07-11 09:32:00-04:00,70.02999877929688,70.02999877929688,70.02999877929688,70.02999877929688,154,0.0,0.0,2023-07-11
239,2023-07-11 09:35:00-04:00,69.7300033569336,69.7300033569336,69.7300033569336,69.7300033569336,100,0.0,0.0,2023-07-11
240,2023-07-11 09:36:00-04:00,69.68000030517578,69.68000030517578,69.66000366210938,69.66000366210938,1206,0.0,0.0,2023-07-11
241,2023-07-11 09:37:00-04:00,69.58999633789062,69.58999633789062,69.58999633789062,69.58999633789062,512,0.0,0.0,2023-07-11
242,2023-07-11 09:44:00-04:00,69.38999938964844,69.38999938964844,69.38999938964844,69.38999938964844,651,0.0,0.0,2023-07-11
243,2023-07-11 09:46:00-04:00,69.34500122070312,69.34500122070312,69.34500122070312,69.34500122070312,185,0.0,0.0,2023-07-11
244,2023-07-11 09:48:00-04:00,69.4800033569336,69.58000183105469,69.4800033569336,69.58000183105469,706,0.0,0.0,2023-07-11
245,2023-07-11 09:52:00-04:00,69.81999969482422,69.81999969482422,69.81999969482422,69.81999969482422,426,0.0,0.0,2023-07-11
246,2023-07-11 09:58:00-04:00,69.81999969482422,69.81999969482422,69.81999969482422,69.81999969482422,215,0.0,0.0,2023-07-11
247,2023-07-11 10:00:00-04:00,69.94000244140625,69.94000244140625,69.94000244140625,69.94000244140625,128,0.0,0.0,2023-07-11
248,2023-07-11 10:01:00-04:00,69.98500061035156,69.98500061035156,69.98500061035156,69.98500061035156,228,0.0,0.0,2023-07-11
249,2023-07-11 10:03:00-04:00,70.04000091552734,70.05999755859375,70.0,70.05999755859375,1227,0.0,0.0,2023-07-11
250,2023-07-11 10:05:00-04:00,70.20999908447266,70.20999908447266,70.20999908447266,70.20999908447266,587,0.0,0.0,2023-07-11
251,2023-07-11 10:07:00-04:00,70.12000274658203,70.12000274658203,70.12000274658203,70.12000274658203,700,0.0,0.0,2023-07-11
252,2023-07-11 10:09:00-04:00,70.08499908447266,70.08499908447266,70.08499908447266,70.08499908447266,253,0.0,0.0,2023-07-11
253,2023-07-11 10:11:00-04:00,70.0999984741211,70.0999984741211,70.0999984741211,70.0999984741211,261,0.0,0.0,2023-07-11
254,2023-07-11 10:12:00-04:00,70.01499938964844,70.01499938964844,70.01499938964844,70.01499938964844,245,0.0,0.0,2023-07-11
255,2023-07-11 10:15:00-04:00,69.79000091552734,69.79000091552734,69.79000091552734,69.79000091552734,994,0.0,0.0,2023-07-11
256,2023-07-11 10:17:00-04:00,69.86000061035156,69.87000274658203,69.86000061035156,69.87000274658203,715,0.0,0.0,2023-07-11
257,2023-07-11 10:18:00-04:00,69.81999969482422,69.81999969482422,69.81999969482422,69.81999969482422,439,0.0,0.0,2023-07-11
258,2023-07-11 10:20:00-04:00,69.75,69.75,69.75,69.75,130,0.0,0.0,2023-07-11
259,2023-07-11 10:22:00-04:00,69.81999969482422,69.81999969482422,69.81999969482422,69.81999969482422,236,0.0,0.0,2023-07-11
260,2023-07-11 10:25:00-04:00,69.7699966430664,69.7699966430664,69.7699966430664,69.7699966430664,108,0.0,0.0,2023-07-11
261,2023-07-11 10:26:00-04:00,69.8499984741211,69.8499984741211,69.8499984741211,69.8499984741211,273,0.0,0.0,2023-07-11
262,2023-07-11 10:30:00-04:00,69.7249984741211,69.7249984741211,69.7249984741211,69.7249984741211,348,0.0,0.0,2023-07-11
263,2023-07-11 10:31:00-04:00,69.58999633789062,69.58999633789062,69.58999633789062,69.58999633789062,211,0.0,0.0,2023-07-11
264,2023-07-11 10:33:00-04:00,69.48999786376953,69.56500244140625,69.48999786376953,69.56500244140625,723,0.0,0.0,2023-07-11
265,2023-07-11 10:34:00-04:00,69.52999877929688,69.52999877929688,69.52999877929688,69.52999877929688,158,0.0,0.0,2023-07-11
266,2023-07-11 10:35:00-04:00,69.4800033569336,69.58000183105469,69.4800033569336,69.58000183105469,1190,0.0,0.0,2023-07-11
267,2023-07-11 10:37:00-04:00,69.66000366210938,69.66000366210938,69.66000366210938,69.66000366210938,547,0.0,0.0,2023-07-11
268,2023-07-11 10:40:00-04:00,69.68000030517578,69.68000030517578,69.68000030517578,69.68000030517578,187,0.0,0.0,2023-07-11
269,2023-07-11 10:43:00-04:00,69.8499984741211,69.8499984741211,69.8499984741211,69.8499984741211,178,0.0,0.0,2023-07-11
270,2023-07-11 10:44:00-04:00,69.8499984741211,69.86990356445312,69.79000091552734,69.79000091552734,1852,0.0,0.0,2023-07-11
271,2023-07-11 10:49:00-04:00,69.7750015258789,69.7750015258789,69.7750015258789,69.7750015258789,126,0.0,0.0,2023-07-11
272,2023-07-11 10:51:00-04:00,69.83000183105469,69.83000183105469,69.83000183105469,69.83000183105469,160,0.0,0.0,2023-07-11
273,2023-07-11 10:52:00-04:00,69.83989715576172,69.83989715576172,69.83300018310547,69.83300018310547,574,0.0,0.0,2023-07-11
274,2023-07-11 10:54:00-04:00,69.7699966430664,69.7699966430664,69.7699966430664,69.7699966430664,856,0.0,0.0,2023-07-11
275,2023-07-11 10:56:00-04:00,69.62999725341797,69.62999725341797,69.62999725341797,69.62999725341797,408,0.0,0.0,2023-07-11
276,2023-07-11 10:58:00-04:00,69.55000305175781,69.57499694824219,69.55000305175781,69.57499694824219,1540,0.0,0.0,2023-07-11
277,2023-07-11 11:02:00-04:00,69.75499725341797,69.75499725341797,69.75499725341797,69.75499725341797,106,0.0,0.0,2023-07-11
278,2023-07-11 11:04:00-04:00,69.76499938964844,69.76499938964844,69.76499938964844,69.76499938964844,137,0.0,0.0,2023-07-11
279,2023-07-11 11:10:00-04:00,69.7699966430664,69.7699966430664,69.7699966430664,69.7699966430664,213,0.0,0.0,2023-07-11
280,2023-07-11 11:11:00-04:00,69.70999908447266,69.72000122070312,69.70999908447266,69.72000122070312,606,0.0,0.0,2023-07-11
281,2023-07-11 11:13:00-04:00,69.73500061035156,69.7699966430664,69.73500061035156,69.7699966430664,453,0.0,0.0,2023-07-11
282,2023-07-11 11:14:00-04:00,69.75,69.75,69.75,69.75,433,0.0,0.0,2023-07-11
283,2023-07-11 11:16:00-04:00,69.72000122070312,69.72000122070312,69.68000030517578,69.68589782714844,1236,0.0,0.0,2023-07-11
284,2023-07-11 11:17:00-04:00,69.66000366210938,69.66000366210938,69.66000366210938,69.66000366210938,148,0.0,0.0,2023-07-11
285,2023-07-11 11:19:00-04:00,69.5999984741211,69.5999984741211,69.5999984741211,69.5999984741211,204,0.0,0.0,2023-07-11
286,2023-07-11 11:24:00-04:00,69.56999969482422,69.56999969482422,69.56999969482422,69.56999969482422,192,0.0,0.0,2023-07-11
287,2023-07-11 11:26:00-04:00,69.51000213623047,69.51000213623047,69.51000213623047,69.51000213623047,1077,0.0,0.0,2023-07-11
288,2023-07-11 11:34:00-04:00,69.42500305175781,69.42500305175781,69.42500305175781,69.42500305175781,442,0.0,0.0,2023-07-11
289,2023-07-11 11:37:00-04:00,69.41500091552734,69.52999877929688,69.41500091552734,69.52999877929688,785,0.0,0.0,2023-07-11
290,2023-07-11 11:38:00-04:00,69.50499725341797,69.50499725341797,69.50499725341797,69.50499725341797,306,0.0,0.0,2023-07-11
291,2023-07-11 11:39:00-04:00,69.5,69.5,69.5,69.5,492,0.0,0.0,2023-07-11
292,2023-07-11 11:42:00-04:00,69.52999877929688,69.52999877929688,69.52999877929688,69.52999877929688,295,0.0,0.0,2023-07-11
293,2023-07-11 11:43:00-04:00,69.4800033569336,69.4800033569336,69.4800033569336,69.4800033569336,633,0.0,0.0,2023-07-11
294,2023-07-11 11:46:00-04:00,69.44000244140625,69.44000244140625,69.44000244140625,69.44000244140625,100,0.0,0.0,2023-07-11
295,2023-07-11 11:47:00-04:00,69.41000366210938,69.41000366210938,69.41000366210938,69.41000366210938,130,0.0,0.0,2023-07-11
296,2023-07-11 11:48:00-04:00,69.41500091552734,69.41500091552734,69.33999633789062,69.33999633789062,397,0.0,0.0,2023-07-11
297,2023-07-11 11:50:00-04:00,69.29000091552734,69.33999633789062,69.29000091552734,69.33999633789062,288,0.0,0.0,2023-07-11
298,2023-07-11 11:51:00-04:00,69.38999938964844,69.4000015258789,69.38999938964844,69.4000015258789,459,0.0,0.0,2023-07-11
299,2023-07-11 11:52:00-04:00,69.37999725341797,69.37999725341797,69.37999725341797,69.37999725341797,202,0.0,0.0,2023-07-11
300,2023-07-11 11:53:00-04:00,69.33000183105469,69.33000183105469,69.33000183105469,69.33000183105469,341,0.0,0.0,2023-07-11
301,2023-07-11 11:55:00-04:00,69.22000122070312,69.22000122070312,69.22000122070312,69.22000122070312,126,0.0,0.0,2023-07-11
302,2023-07-11 11:56:00-04:00,69.33000183105469,69.33000183105469,69.33000183105469,69.33000183105469,267,0.0,0.0,2023-07-11
303,2023-07-11 11:59:00-04:00,69.22000122070312,69.22000122070312,69.22000122070312,69.22000122070312,459,0.0,0.0,2023-07-11
304,2023-07-11 12:00:00-04:00,69.20999908447266,69.20999908447266,69.16999816894531,69.16999816894531,287,0.0,0.0,2023-07-11
305,2023-07-11 12:02:00-04:00,69.27999877929688,69.27999877929688,69.27999877929688,69.27999877929688,148,0.0,0.0,2023-07-11
306,2023-07-11 12:03:00-04:00,69.33000183105469,69.33000183105469,69.33000183105469,69.33000183105469,1072,0.0,0.0,2023-07-11
307,2023-07-11 12:07:00-04:00,69.33999633789062,69.33999633789062,69.33000183105469,69.33000183105469,627,0.0,0.0,2023-07-11
308,2023-07-11 12:11:00-04:00,69.38999938964844,69.38999938964844,69.38999938964844,69.38999938964844,626,0.0,0.0,2023-07-11
309,2023-07-11 12:12:00-04:00,69.33000183105469,69.33000183105469,69.33000183105469,69.33000183105469,847,0.0,0.0,2023-07-11
310,2023-07-11 12:17:00-04:00,69.30999755859375,69.30999755859375,69.30999755859375,69.30999755859375,108,0.0,0.0,2023-07-11
311,2023-07-11 12:18:00-04:00,69.33999633789062,69.37000274658203,69.33999633789062,69.3550033569336,771,0.0,0.0,2023-07-11
312,2023-07-11 12:19:00-04:00,69.36499786376953,69.36499786376953,69.36499786376953,69.36499786376953,111,0.0,0.0,2023-07-11
313,2023-07-11 12:20:00-04:00,69.38999938964844,69.4000015258789,69.36000061035156,69.36000061035156,1293,0.0,0.0,2023-07-11
314,2023-07-11 12:22:00-04:00,69.42500305175781,69.42500305175781,69.42500305175781,69.42500305175781,702,0.0,0.0,2023-07-11
315,2023-07-11 12:24:00-04:00,69.37020111083984,69.43000030517578,69.3499984741211,69.3499984741211,3188,0.0,0.0,2023-07-11
316,2023-07-11 12:28:00-04:00,69.25,69.2750015258789,69.2300033569336,69.26499938964844,1151,0.0,0.0,2023-07-11
317,2023-07-11 12:29:00-04:00,69.19999694824219,69.19999694824219,69.19999694824219,69.19999694824219,137,0.0,0.0,2023-07-11
318,2023-07-11 12:31:00-04:00,69.28500366210938,69.33999633789062,69.28500366210938,69.33999633789062,566,0.0,0.0,2023-07-11
319,2023-07-11 12:36:00-04:00,69.31999969482422,69.31999969482422,69.2699966430664,69.2699966430664,628,0.0,0.0,2023-07-11
320,2023-07-11 12:41:00-04:00,69.2300033569336,69.2300033569336,69.2300033569336,69.2300033569336,932,0.0,0.0,2023-07-11
321,2023-07-11 12:45:00-04:00,69.25,69.25,69.20999908447266,69.20999908447266,427,0.0,0.0,2023-07-11
322,2023-07-11 12:48:00-04:00,69.13009643554688,69.13009643554688,69.13009643554688,69.13009643554688,212,0.0,0.0,2023-07-11
323,2023-07-11 12:50:00-04:00,69.19000244140625,69.19000244140625,69.19000244140625,69.19000244140625,203,0.0,0.0,2023-07-11
324,2023-07-11 12:51:00-04:00,69.13009643554688,69.13009643554688,69.13009643554688,69.13009643554688,181,0.0,0.0,2023-07-11
325,2023-07-11 12:55:00-04:00,69.18000030517578,69.18000030517578,69.18000030517578,69.18000030517578,228,0.0,0.0,2023-07-11
326,2023-07-11 12:57:00-04:00,69.13999938964844,69.13999938964844,69.13999938964844,69.13999938964844,591,0.0,0.0,2023-07-11
327,2023-07-11 12:59:00-04:00,69.12000274658203,69.12000274658203,69.12000274658203,69.12000274658203,104,0.0,0.0,2023-07-11
328,2023-07-11 13:00:00-04:00,69.12999725341797,69.12999725341797,69.12999725341797,69.12999725341797,359,0.0,0.0,2023-07-11
329,2023-07-11 13:01:00-04:00,69.1532974243164,69.1532974243164,69.1532974243164,69.1532974243164,511,0.0,0.0,2023-07-11
330,2023-07-11 13:04:00-04:00,69.16000366210938,69.18000030517578,69.16000366210938,69.18000030517578,811,0.0,0.0,2023-07-11
331,2023-07-11 13:05:00-04:00,69.18000030517578,69.18000030517578,69.18000030517578,69.18000030517578,219,0.0,0.0,2023-07-11
332,2023-07-11 13:06:00-04:00,69.12999725341797,69.12999725341797,69.12999725341797,69.12999725341797,196,0.0,0.0,2023-07-11
333,2023-07-11 13:09:00-04:00,69.13500213623047,69.13500213623047,69.13500213623047,69.13500213623047,823,0.0,0.0,2023-07-11
334,2023-07-11 13:17:00-04:00,69.08000183105469,69.08000183105469,69.08000183105469,69.08000183105469,353,0.0,0.0,2023-07-11
335,2023-07-11 13:20:00-04:00,69.08000183105469,69.08000183105469,69.08000183105469,69.08000183105469,217,0.0,0.0,2023-07-11
336,2023-07-11 13:22:00-04:00,69.08999633789062,69.08999633789062,69.08999633789062,69.08999633789062,340,0.0,0.0,2023-07-11
337,2023-07-11 13:24:00-04:00,69.05000305175781,69.05000305175781,69.05000305175781,69.05000305175781,924,0.0,0.0,2023-07-11
338,2023-07-11 13:25:00-04:00,69.05000305175781,69.05000305175781,69.05000305175781,69.05000305175781,428,0.0,0.0,2023-07-11
339,2023-07-11 13:26:00-04:00,69.08000183105469,69.08000183105469,69.05500030517578,69.05500030517578,1052,0.0,0.0,2023-07-11
340,2023-07-11 13:29:00-04:00,69.1500015258789,69.16000366210938,69.1500015258789,69.16000366210938,391,0.0,0.0,2023-07-11
341,2023-07-11 13:31:00-04:00,69.13999938964844,69.13999938964844,69.13999938964844,69.13999938964844,173,0.0,0.0,2023-07-11
342,2023-07-11 13:33:00-04:00,69.19000244140625,69.2249984741211,69.19000244140625,69.2249984741211,428,0.0,0.0,2023-07-11
343,2023-07-11 13:36:00-04:00,69.2300033569336,69.2699966430664,69.22000122070312,69.26000213623047,574,0.0,0.0,2023-07-11
344,2023-07-11 13:38:00-04:00,69.2300033569336,69.2300033569336,69.2300033569336,69.2300033569336,326,0.0,0.0,2023-07-11
345,2023-07-11 13:41:00-04:00,69.27999877929688,69.27999877929688,69.27999877929688,69.27999877929688,267,0.0,0.0,2023-07-11
346,2023-07-11 13:42:00-04:00,69.29000091552734,69.29000091552734,69.27999877929688,69.27999877929688,523,0.0,0.0,2023-07-11
347,2023-07-11 13:43:00-04:00,69.27999877929688,69.27999877929688,69.25,69.25,1557,0.0,0.0,2023-07-11
348,2023-07-11 13:46:00-04:00,69.26000213623047,69.30000305175781,69.26000213623047,69.29000091552734,1709,0.0,0.0,2023-07-11
349,2023-07-11 13:47:00-04:00,69.29000091552734,69.29000091552734,69.29000091552734,69.29000091552734,685,0.0,0.0,2023-07-11
350,2023-07-11 13:55:00-04:00,69.2699966430664,69.2699966430664,69.25,69.25,958,0.0,0.0,2023-07-11
351,2023-07-11 14:00:00-04:00,69.16999816894531,69.2300033569336,69.16999816894531,69.22000122070312,2002,0.0,0.0,2023-07-11
352,2023-07-11 14:01:00-04:00,69.22000122070312,69.2699966430664,69.22000122070312,69.2699966430664,2579,0.0,0.0,2023-07-11
353,2023-07-11 14:02:00-04:00,69.26000213623047,69.26000213623047,69.26000213623047,69.26000213623047,213,0.0,0.0,2023-07-11
354,2023-07-11 14:06:00-04:00,69.25,69.25,69.25,69.25,123,0.0,0.0,2023-07-11
355,2023-07-11 14:08:00-04:00,69.25,69.25,69.25,69.25,105,0.0,0.0,2023-07-11
356,2023-07-11 14:09:00-04:00,69.29000091552734,69.29000091552734,69.29000091552734,69.29000091552734,3055,0.0,0.0,2023-07-11
357,2023-07-11 14:10:00-04:00,69.25,69.2699966430664,69.25,69.2699966430664,416,0.0,0.0,2023-07-11
358,2023-07-11 14:11:00-04:00,69.25,69.2699966430664,69.25,69.2699966430664,257,0.0,0.0,2023-07-11
359,2023-07-11 14:12:00-04:00,69.27999877929688,69.27999877929688,69.27999877929688,69.27999877929688,131,0.0,0.0,2023-07-11
360,2023-07-11 14:13:00-04:00,69.29000091552734,69.29000091552734,69.22000122070312,69.22000122070312,1496,0.0,0.0,2023-07-11
361,2023-07-11 14:14:00-04:00,69.22000122070312,69.22000122070312,69.22000122070312,69.22000122070312,293,0.0,0.0,2023-07-11
362,2023-07-11 14:19:00-04:00,69.27999877929688,69.36000061035156,69.27999877929688,69.33000183105469,1999,0.0,0.0,2023-07-11
363,2023-07-11 14:20:00-04:00,69.30000305175781,69.30000305175781,69.30000305175781,69.30000305175781,467,0.0,0.0,2023-07-11
364,2023-07-11 14:24:00-04:00,69.30999755859375,69.30999755859375,69.30999755859375,69.30999755859375,114,0.0,0.0,2023-07-11
365,2023-07-11 14:25:00-04:00,69.29000091552734,69.29000091552734,69.29000091552734,69.29000091552734,148,0.0,0.0,2023-07-11
366,2023-07-11 14:26:00-04:00,69.29000091552734,69.29000091552734,69.29000091552734,69.29000091552734,603,0.0,0.0,2023-07-11
367,2023-07-11 14:27:00-04:00,69.31999969482422,69.36000061035156,69.31999969482422,69.36000061035156,830,0.0,0.0,2023-07-11
368,2023-07-11 14:29:00-04:00,69.33999633789062,69.3499984741211,69.33999633789062,69.3499984741211,478,0.0,0.0,2023-07-11
369,2023-07-11 14:30:00-04:00,69.36000061035156,69.38999938964844,69.36000061035156,69.38999938964844,569,0.0,0.0,2023-07-11
370,2023-07-11 14:31:00-04:00,69.37000274658203,69.37000274658203,69.3499984741211,69.3499984741211,2332,0.0,0.0,2023-07-11
371,2023-07-11 14:35:00-04:00,69.25,69.25,69.20999908447266,69.20999908447266,277,0.0,0.0,2023-07-11
372,2023-07-11 14:39:00-04:00,69.2750015258789,69.2750015258789,69.2750015258789,69.2750015258789,269,0.0,0.0,2023-07-11
373,2023-07-11 14:42:00-04:00,69.30000305175781,69.30000305175781,69.29000091552734,69.29000091552734,242,0.0,0.0,2023-07-11
374,2023-07-11 14:43:00-04:00,69.27999877929688,69.27999877929688,69.26499938964844,69.2699966430664,1078,0.0,0.0,2023-07-11
375,2023-07-11 14:46:00-04:00,69.29000091552734,69.29000091552734,69.29000091552734,69.29000091552734,180,0.0,0.0,2023-07-11
376,2023-07-11 14:47:00-04:00,69.23999786376953,69.23999786376953,69.22000122070312,69.22000122070312,1069,0.0,0.0,2023-07-11
377,2023-07-11 14:49:00-04:00,69.17009735107422,69.17009735107422,69.17009735107422,69.17009735107422,505,0.0,0.0,2023-07-11
378,2023-07-11 14:52:00-04:00,69.16000366210938,69.16000366210938,69.16000366210938,69.16000366210938,629,0.0,0.0,2023-07-11
379,2023-07-11 14:55:00-04:00,69.08999633789062,69.16000366210938,69.08999633789062,69.16000366210938,1994,0.0,0.0,2023-07-11
380,2023-07-11 14:56:00-04:00,69.16999816894531,69.16999816894531,69.16999816894531,69.16999816894531,748,0.0,0.0,2023-07-11
381,2023-07-11 14:57:00-04:00,69.1500015258789,69.16999816894531,69.1500015258789,69.16999816894531,750,0.0,0.0,2023-07-11
382,2023-07-11 14:59:00-04:00,69.19000244140625,69.19999694824219,69.19000244140625,69.19999694824219,567,0.0,0.0,2023-07-11
383,2023-07-11 15:00:00-04:00,69.22000122070312,69.23999786376953,69.22000122070312,69.23999786376953,315,0.0,0.0,2023-07-11
384,2023-07-11 15:01:00-04:00,69.26000213623047,69.28500366210938,69.26000213623047,69.28500366210938,217,0.0,0.0,2023-07-11
385,2023-07-11 15:02:00-04:00,69.25,69.25,69.25,69.25,416,0.0,0.0,2023-07-11
386,2023-07-11 15:05:00-04:00,69.27999877929688,69.27999877929688,69.27999877929688,69.27999877929688,152,0.0,0.0,2023-07-11
387,2023-07-11 15:06:00-04:00,69.27999877929688,69.27999877929688,69.25,69.25,1286,0.0,0.0,2023-07-11
388,2023-07-11 15:07:00-04:00,69.22000122070312,69.22000122070312,69.19999694824219,69.19999694824219,661,0.0,0.0,2023-07-11
389,2023-07-11 15:09:00-04:00,69.23999786376953,69.23999786376953,69.23999786376953,69.23999786376953,579,0.0,0.0,2023-07-11
390,2023-07-11 15:11:00-04:00,69.19999694824219,69.19999694824219,69.19999694824219,69.19999694824219,1131,0.0,0.0,2023-07-11
391,2023-07-11 15:14:00-04:00,69.18000030517578,69.18000030517578,69.18000030517578,69.18000030517578,764,0.0,0.0,2023-07-11
392,2023-07-11 15:16:00-04:00,69.1500015258789,69.1500015258789,69.1500015258789,69.1500015258789,747,0.0,0.0,2023-07-11
393,2023-07-11 15:17:00-04:00,69.12999725341797,69.12999725341797,69.12999725341797,69.12999725341797,383,0.0,0.0,2023-07-11
394,2023-07-11 15:18:00-04:00,69.18000030517578,69.18000030517578,69.16999816894531,69.16999816894531,901,0.0,0.0,2023-07-11
395,2023-07-11 15:20:00-04:00,69.18000030517578,69.18000030517578,69.18000030517578,69.18000030517578,412,0.0,0.0,2023-07-11
396,2023-07-11 15:21:00-04:00,69.19999694824219,69.19999694824219,69.18000030517578,69.18000030517578,690,0.0,0.0,2023-07-11
397,2023-07-11 15:22:00-04:00,69.20999908447266,69.20999908447266,69.19999694824219,69.19999694824219,252,0.0,0.0,2023-07-11
398,2023-07-11 15:24:00-04:00,69.19999694824219,69.23999786376953,69.19999694824219,69.20099639892578,875,0.0,0.0,2023-07-11
399,2023-07-11 15:25:00-04:00,69.25,69.25,69.25,69.25,181,0.0,0.0,2023-07-11
400,2023-07-11 15:26:00-04:00,69.2249984741211,69.2249984741211,69.2249984741211,69.2249984741211,107,0.0,0.0,2023-07-11
401,2023-07-11 15:27:00-04:00,69.19999694824219,69.2300033569336,69.19999694824219,69.2300033569336,1625,0.0,0.0,2023-07-11
402,2023-07-11 15:28:00-04:00,69.22000122070312,69.22000122070312,69.22000122070312,69.22000122070312,375,0.0,0.0,2023-07-11
403,2023-07-11 15:29:00-04:00,69.2249984741211,69.2300033569336,69.2249984741211,69.2300033569336,631,0.0,0.0,2023-07-11
404,2023-07-11 15:30:00-04:00,69.19999694824219,69.19999694824219,69.19999694824219,69.19999694824219,1482,0.0,0.0,2023-07-11
405,2023-07-11 15:32:00-04:00,69.16000366210938,69.16999816894531,69.1500015258789,69.15499877929688,1100,0.0,0.0,2023-07-11
406,2023-07-11 15:33:00-04:00,69.18000030517578,69.20999908447266,69.18000030517578,69.19999694824219,1621,0.0,0.0,2023-07-11
407,2023-07-11 15:34:00-04:00,69.19999694824219,69.19999694824219,69.18000030517578,69.18000030517578,567,0.0,0.0,2023-07-11
408,2023-07-11 15:35:00-04:00,69.19999694824219,69.19999694824219,69.19000244140625,69.19000244140625,670,0.0,0.0,2023-07-11
409,2023-07-11 15:36:00-04:00,69.19000244140625,69.2300033569336,69.18000030517578,69.2300033569336,1288,0.0,0.0,2023-07-11
410,2023-07-11 15:37:00-04:00,69.25,69.25,69.23999786376953,69.23999786376953,959,0.0,0.0,2023-07-11
411,2023-07-11 15:38:00-04:00,69.24980163574219,69.24980163574219,69.24980163574219,69.24980163574219,795,0.0,0.0,2023-07-11
412,2023-07-11 15:39:00-04:00,69.2750015258789,69.2750015258789,69.23999786376953,69.23999786376953,997,0.0,0.0,2023-07-11
413,2023-07-11 15:40:00-04:00,69.26000213623047,69.27999877929688,69.26000213623047,69.27999877929688,609,0.0,0.0,2023-07-11
414,2023-07-11 15:41:00-04:00,69.27999877929688,69.30999755859375,69.27999877929688,69.30999755859375,813,0.0,0.0,2023-07-11
415,2023-07-11 15:43:00-04:00,69.34500122070312,69.40499877929688,69.34500122070312,69.4000015258789,1865,0.0,0.0,2023-07-11
416,2023-07-11 15:44:00-04:00,69.37999725341797,69.37999725341797,69.37000274658203,69.37000274658203,469,0.0,0.0,2023-07-11
417,2023-07-11 15:45:00-04:00,69.33999633789062,69.37000274658203,69.33999633789062,69.36499786376953,1250,0.0,0.0,2023-07-11
418,2023-07-11 15:46:00-04:00,69.33999633789062,69.33999633789062,69.29000091552734,69.30999755859375,991,0.0,0.0,2023-07-11
419,2023-07-11 15:47:00-04:00,69.30999755859375,69.3499984741211,69.3093032836914,69.3093032836914,1932,0.0,0.0,2023-07-11
420,2023-07-11 15:48:00-04:00,69.33000183105469,69.33000183105469,69.33000183105469,69.33000183105469,879,0.0,0.0,2023-07-11
421,2023-07-11 15:49:00-04:00,69.33999633789062,69.37000274658203,69.31999969482422,69.37000274658203,1835,0.0,0.0,2023-07-11
422,2023-07-11 15:50:00-04:00,69.37000274658203,69.44999694824219,69.37000274658203,69.41999816894531,1093,0.0,0.0,2023-07-11
423,2023-07-11 15:51:00-04:00,69.38999938964844,69.38999938964844,69.36000061035156,69.37000274658203,3281,0.0,0.0,2023-07-11
424,2023-07-11 15:52:00-04:00,69.375,69.42500305175781,69.375,69.41999816894531,1300,0.0,0.0,2023-07-11
425,2023-07-11 15:53:00-04:00,69.41000366210938,69.41000366210938,69.36499786376953,69.36499786376953,2452,0.0,0.0,2023-07-11
426,2023-07-11 15:54:00-04:00,69.4000015258789,69.41000366210938,69.3499984741211,69.3499984741211,4353,0.0,0.0,2023-07-11
427,2023-07-11 15:55:00-04:00,69.31999969482422,69.33999633789062,69.30000305175781,69.30999755859375,5530,0.0,0.0,2023-07-11
428,2023-07-11 15:56:00-04:00,69.27999877929688,69.31999969482422,69.27999877929688,69.31999969482422,3334,0.0,0.0,2023-07-11
429,2023-07-11 15:57:00-04:00,69.33999633789062,69.36000061035156,69.29000091552734,69.30000305175781,4072,0.0,0.0,2023-07-11
430,2023-07-11 15:58:00-04:00,69.27999877929688,69.27999877929688,69.2300033569336,69.2300033569336,4393,0.0,0.0,2023-07-11
431,2023-07-11 15:59:00-04:00,69.23999786376953,69.44999694824219,69.23999786376953,69.44999694824219,11462,0.0,0.0,2023-07-11
432,2023-07-12 09:30:00-04:00,70.5199966430664,70.5199966430664,70.5199966430664,70.5199966430664,2436,0.0,0.0,2023-07-12
433,2023-07-12 09:38:00-04:00,70.29000091552734,70.29000091552734,70.29000091552734,70.29000091552734,153,0.0,0.0,2023-07-12
434,2023-07-12 09:39:00-04:00,70.19000244140625,70.19000244140625,70.12999725341797,70.12999725341797,1251,0.0,0.0,2023-07-12
435,2023-07-12 09:44:00-04:00,70.20999908447266,70.22000122070312,70.20999908447266,70.22000122070312,866,0.0,0.0,2023-07-12
436,2023-07-12 09:45:00-04:00,70.13500213623047,70.13500213623047,70.13500213623047,70.13500213623047,156,0.0,0.0,2023-07-12
437,2023-07-12 09:46:00-04:00,70.0199966430664,70.0199966430664,70.0199966430664,70.0199966430664,296,0.0,0.0,2023-07-12
438,2023-07-12 09:48:00-04:00,70.2300033569336,70.33000183105469,70.2300033569336,70.33000183105469,689,0.0,0.0,2023-07-12
439,2023-07-12 09:49:00-04:00,70.25499725341797,70.25499725341797,70.25499725341797,70.25499725341797,153,0.0,0.0,2023-07-12
440,2023-07-12 09:51:00-04:00,70.23999786376953,70.30000305175781,70.23999786376953,70.30000305175781,1200,0.0,0.0,2023-07-12
441,2023-07-12 09:53:00-04:00,70.17009735107422,70.17009735107422,70.17009735107422,70.17009735107422,1343,0.0,0.0,2023-07-12
442,2023-07-12 09:55:00-04:00,70.22000122070312,70.22000122070312,70.22000122070312,70.22000122070312,500,0.0,0.0,2023-07-12
443,2023-07-12 09:56:00-04:00,70.25,70.25,70.25,70.25,144,0.0,0.0,2023-07-12
444,2023-07-12 09:57:00-04:00,70.29920196533203,70.29920196533203,70.29920196533203,70.29920196533203,377,0.0,0.0,2023-07-12
445,2023-07-12 09:58:00-04:00,70.33999633789062,70.33999633789062,70.33999633789062,70.33999633789062,681,0.0,0.0,2023-07-12
446,2023-07-12 09:59:00-04:00,70.44000244140625,70.44999694824219,70.44000244140625,70.44999694824219,546,0.0,0.0,2023-07-12
447,2023-07-12 10:00:00-04:00,70.58499908447266,70.58499908447266,70.54000091552734,70.54000091552734,448,0.0,0.0,2023-07-12
448,2023-07-12 10:03:00-04:00,70.47000122070312,70.58999633789062,70.47000122070312,70.58999633789062,1141,0.0,0.0,2023-07-12
449,2023-07-12 10:06:00-04:00,70.48999786376953,70.48999786376953,70.48999786376953,70.48999786376953,220,0.0,0.0,2023-07-12
450,2023-07-12 10:08:00-04:00,70.56999969482422,70.66999816894531,70.56999969482422,70.66999816894531,1015,0.0,0.0,2023-07-12
451,2023-07-12 10:09:00-04:00,70.68000030517578,70.68000030517578,70.55000305175781,70.55000305175781,1487,0.0,0.0,2023-07-12
452,2023-07-12 10:11:00-04:00,70.58619689941406,70.58619689941406,70.58619689941406,70.58619689941406,121,0.0,0.0,2023-07-12
453,2023-07-12 10:12:00-04:00,70.62000274658203,70.62999725341797,70.62000274658203,70.62999725341797,341,0.0,0.0,2023-07-12
454,2023-07-12 10:14:00-04:00,70.56999969482422,70.58000183105469,70.56999969482422,70.56999969482422,426,0.0,0.0,2023-07-12
455,2023-07-12 10:15:00-04:00,70.56999969482422,70.56999969482422,70.56999969482422,70.56999969482422,233,0.0,0.0,2023-07-12
456,2023-07-12 10:16:00-04:00,70.66999816894531,70.66999816894531,70.56999969482422,70.56999969482422,753,0.0,0.0,2023-07-12
457,2023-07-12 10:19:00-04:00,70.58999633789062,70.62000274658203,70.58999633789062,70.62000274658203,681,0.0,0.0,2023-07-12
458,2023-07-12 10:22:00-04:00,70.58000183105469,70.58000183105469,70.58000183105469,70.58000183105469,465,0.0,0.0,2023-07-12
459,2023-07-12 10:25:00-04:00,70.47000122070312,70.54000091552734,70.47000122070312,70.51000213623047,693,0.0,0.0,2023-07-12
460,2023-07-12 10:26:00-04:00,70.5,70.5,70.4800033569336,70.4800033569336,282,0.0,0.0,2023-07-12
461,2023-07-12 10:27:00-04:00,70.55999755859375,70.55999755859375,70.55999755859375,70.55999755859375,657,0.0,0.0,2023-07-12
462,2023-07-12 10:28:00-04:00,70.55999755859375,70.55999755859375,70.55999755859375,70.55999755859375,617,0.0,0.0,2023-07-12
463,2023-07-12 10:29:00-04:00,70.6500015258789,70.6500015258789,70.6500015258789,70.6500015258789,252,0.0,0.0,2023-07-12
464,2023-07-12 10:30:00-04:00,70.68000030517578,70.68000030517578,70.66999816894531,70.66999816894531,526,0.0,0.0,2023-07-12
465,2023-07-12 10:32:00-04:00,70.7699966430664,70.7699966430664,70.7699966430664,70.7699966430664,312,0.0,0.0,2023-07-12
466,2023-07-12 10:34:00-04:00,70.86000061035156,70.87000274658203,70.83000183105469,70.87000274658203,1034,0.0,0.0,2023-07-12
467,2023-07-12 10:35:00-04:00,70.83000183105469,70.83000183105469,70.83000183105469,70.83000183105469,249,0.0,0.0,2023-07-12
468,2023-07-12 10:38:00-04:00,70.86000061035156,70.87000274658203,70.86000061035156,70.87000274658203,632,0.0,0.0,2023-07-12
469,2023-07-12 10:41:00-04:00,70.87000274658203,70.87000274658203,70.87000274658203,70.87000274658203,134,0.0,0.0,2023-07-12
470,2023-07-12 10:42:00-04:00,70.83000183105469,70.83000183105469,70.79499816894531,70.79499816894531,703,0.0,0.0,2023-07-12
471,2023-07-12 10:43:00-04:00,70.8499984741211,70.8499984741211,70.8499984741211,70.8499984741211,608,0.0,0.0,2023-07-12
472,2023-07-12 10:45:00-04:00,70.8499984741211,70.8499984741211,70.8499984741211,70.8499984741211,697,0.0,0.0,2023-07-12
473,2023-07-12 10:47:00-04:00,70.9000015258789,70.93000030517578,70.9000015258789,70.93000030517578,302,0.0,0.0,2023-07-12
474,2023-07-12 10:48:00-04:00,70.94999694824219,70.95500183105469,70.93000030517578,70.93000030517578,882,0.0,0.0,2023-07-12
475,2023-07-12 10:49:00-04:00,70.97000122070312,71.0,70.97000122070312,71.0,1197,0.0,0.0,2023-07-12
476,2023-07-12 10:51:00-04:00,71.0,71.0,71.0,71.0,169,0.0,0.0,2023-07-12
477,2023-07-12 10:53:00-04:00,71.05999755859375,71.05999755859375,71.05999755859375,71.05999755859375,1381,0.0,0.0,2023-07-12
478,2023-07-12 10:54:00-04:00,71.06999969482422,71.06999969482422,71.04000091552734,71.04000091552734,817,0.0,0.0,2023-07-12
479,2023-07-12 10:57:00-04:00,70.98999786376953,70.98999786376953,70.9800033569336,70.9800033569336,695,0.0,0.0,2023-07-12
480,2023-07-12 10:58:00-04:00,70.95500183105469,70.95500183105469,70.93000030517578,70.93000030517578,415,0.0,0.0,2023-07-12
481,2023-07-12 10:59:00-04:00,71.04000091552734,71.04000091552734,71.04000091552734,71.04000091552734,347,0.0,0.0,2023-07-12
482,2023-07-12 11:00:00-04:00,71.0999984741211,71.0999984741211,71.0999984741211,71.0999984741211,882,0.0,0.0,2023-07-12
483,2023-07-12 11:04:00-04:00,71.11000061035156,71.11000061035156,71.11000061035156,71.11000061035156,444,0.0,0.0,2023-07-12
484,2023-07-12 11:06:00-04:00,71.05999755859375,71.05999755859375,71.05999755859375,71.05999755859375,972,0.0,0.0,2023-07-12
485,2023-07-12 11:09:00-04:00,71.0,71.0,70.95999908447266,70.95999908447266,370,0.0,0.0,2023-07-12
486,2023-07-12 11:11:00-04:00,70.94999694824219,71.0199966430664,70.94999694824219,71.0199966430664,1385,0.0,0.0,2023-07-12
487,2023-07-12 11:13:00-04:00,71.04000091552734,71.05500030517578,71.04000091552734,71.05500030517578,732,0.0,0.0,2023-07-12
488,2023-07-12 11:16:00-04:00,71.01000213623047,71.01000213623047,71.01000213623047,71.01000213623047,601,0.0,0.0,2023-07-12
489,2023-07-12 11:20:00-04:00,70.97000122070312,70.97000122070312,70.97000122070312,70.97000122070312,750,0.0,0.0,2023-07-12
490,2023-07-12 11:21:00-04:00,70.91000366210938,70.91000366210938,70.91000366210938,70.91000366210938,419,0.0,0.0,2023-07-12
491,2023-07-12 11:25:00-04:00,70.9800033569336,70.9800033569336,70.95999908447266,70.95999908447266,602,0.0,0.0,2023-07-12
492,2023-07-12 11:27:00-04:00,70.9968032836914,70.9968032836914,70.9968032836914,70.9968032836914,425,0.0,0.0,2023-07-12
493,2023-07-12 11:28:00-04:00,71.0199966430664,71.06999969482422,71.0199966430664,71.06999969482422,1282,0.0,0.0,2023-07-12
494,2023-07-12 11:31:00-04:00,71.11000061035156,71.11000061035156,71.05999755859375,71.06999969482422,1093,0.0,0.0,2023-07-12
495,2023-07-12 11:32:00-04:00,70.9800033569336,70.9800033569336,70.9800033569336,70.9800033569336,223,0.0,0.0,2023-07-12
496,2023-07-12 11:33:00-04:00,71.01000213623047,71.02999877929688,71.01000213623047,71.0199966430664,741,0.0,0.0,2023-07-12
497,2023-07-12 11:35:00-04:00,71.01000213623047,71.01000213623047,70.98500061035156,70.98500061035156,451,0.0,0.0,2023-07-12
498,2023-07-12 11:36:00-04:00,71.04000091552734,71.04000091552734,71.02999877929688,71.02999877929688,489,0.0,0.0,2023-07-12
499,2023-07-12 11:39:00-04:00,70.93000030517578,70.93000030517578,70.93000030517578,70.93000030517578,433,0.0,0.0,2023-07-12
500,2023-07-12 11:40:00-04:00,70.78810119628906,70.78810119628906,70.78810119628906,70.78810119628906,268,0.0,0.0,2023-07-12
501,2023-07-12 11:43:00-04:00,70.80999755859375,70.86000061035156,70.80999755859375,70.8499984741211,1113,0.0,0.0,2023-07-12
502,2023-07-12 11:45:00-04:00,70.83000183105469,70.83000183105469,70.83000183105469,70.83000183105469,380,0.0,0.0,2023-07-12
503,2023-07-12 11:50:00-04:00,70.91999816894531,70.91999816894531,70.91999816894531,70.91999816894531,684,0.0,0.0,2023-07-12
504,2023-07-12 11:54:00-04:00,70.9000015258789,70.9000015258789,70.9000015258789,70.9000015258789,660,0.0,0.0,2023-07-12
505,2023-07-12 11:56:00-04:00,70.9000015258789,70.91000366210938,70.83999633789062,70.8550033569336,875,0.0,0.0,2023-07-12
506,2023-07-12 11:57:00-04:00,70.8550033569336,70.8550033569336,70.8550033569336,70.8550033569336,342,0.0,0.0,2023-07-12
507,2023-07-12 11:58:00-04:00,70.87999725341797,70.87999725341797,70.87999725341797,70.87999725341797,324,0.0,0.0,2023-07-12
508,2023-07-12 12:02:00-04:00,70.9000015258789,70.9000015258789,70.9000015258789,70.9000015258789,466,0.0,0.0,2023-07-12
509,2023-07-12 12:04:00-04:00,70.83999633789062,70.875,70.83000183105469,70.875,962,0.0,0.0,2023-07-12
510,2023-07-12 12:05:00-04:00,70.875,70.875,70.875,70.875,235,0.0,0.0,2023-07-12
511,2023-07-12 12:08:00-04:00,70.9000015258789,70.9000015258789,70.9000015258789,70.9000015258789,457,0.0,0.0,2023-07-12
512,2023-07-12 12:10:00-04:00,70.81999969482422,70.81999969482422,70.81999969482422,70.81999969482422,543,0.0,0.0,2023-07-12
513,2023-07-12 12:11:00-04:00,70.87000274658203,70.87000274658203,70.83999633789062,70.83999633789062,1254,0.0,0.0,2023-07-12
514,2023-07-12 12:14:00-04:00,70.87999725341797,70.87999725341797,70.87000274658203,70.87000274658203,874,0.0,0.0,2023-07-12
515,2023-07-12 12:15:00-04:00,70.79499816894531,70.79499816894531,70.79499816894531,70.79499816894531,164,0.0,0.0,2023-07-12
516,2023-07-12 12:16:00-04:00,70.77999877929688,70.77999877929688,70.77999877929688,70.77999877929688,538,0.0,0.0,2023-07-12
517,2023-07-12 12:23:00-04:00,70.77999877929688,70.77999877929688,70.77999877929688,70.77999877929688,670,0.0,0.0,2023-07-12
518,2023-07-12 12:26:00-04:00,70.68000030517578,70.68000030517578,70.68000030517578,70.68000030517578,515,0.0,0.0,2023-07-12
519,2023-07-12 12:28:00-04:00,70.69999694824219,70.69999694824219,70.69999694824219,70.69999694824219,510,0.0,0.0,2023-07-12
520,2023-07-12 12:34:00-04:00,70.62000274658203,70.65499877929688,70.61160278320312,70.61160278320312,1058,0.0,0.0,2023-07-12
521,2023-07-12 12:37:00-04:00,70.58999633789062,70.58999633789062,70.58999633789062,70.58999633789062,420,0.0,0.0,2023-07-12
522,2023-07-12 12:38:00-04:00,70.52999877929688,70.52999877929688,70.52999877929688,70.52999877929688,164,0.0,0.0,2023-07-12
523,2023-07-12 12:39:00-04:00,70.5999984741211,70.5999984741211,70.5999984741211,70.5999984741211,737,0.0,0.0,2023-07-12
524,2023-07-12 12:41:00-04:00,70.58999633789062,70.61000061035156,70.58999633789062,70.61000061035156,697,0.0,0.0,2023-07-12
525,2023-07-12 12:47:00-04:00,70.58999633789062,70.62259674072266,70.58000183105469,70.62259674072266,828,0.0,0.0,2023-07-12
526,2023-07-12 12:49:00-04:00,70.56500244140625,70.56500244140625,70.56500244140625,70.56500244140625,107,0.0,0.0,2023-07-12
527,2023-07-12 12:50:00-04:00,70.5199966430664,70.5199966430664,70.5199966430664,70.5199966430664,219,0.0,0.0,2023-07-12
528,2023-07-12 12:51:00-04:00,70.5999984741211,70.62000274658203,70.58999633789062,70.62000274658203,699,0.0,0.0,2023-07-12
529,2023-07-12 12:53:00-04:00,70.66999816894531,70.66999816894531,70.66999816894531,70.66999816894531,556,0.0,0.0,2023-07-12
530,2023-07-12 12:55:00-04:00,70.7300033569336,70.7300033569336,70.7300033569336,70.7300033569336,277,0.0,0.0,2023-07-12
531,2023-07-12 12:59:00-04:00,70.62000274658203,70.62000274658203,70.62000274658203,70.62000274658203,273,0.0,0.0,2023-07-12
532,2023-07-12 13:01:00-04:00,70.66999816894531,70.68000030517578,70.66999816894531,70.68000030517578,645,0.0,0.0,2023-07-12
533,2023-07-12 13:05:00-04:00,70.69000244140625,70.75270080566406,70.69000244140625,70.75270080566406,345,0.0,0.0,2023-07-12
534,2023-07-12 13:06:00-04:00,70.75499725341797,70.75499725341797,70.68000030517578,70.68000030517578,1120,0.0,0.0,2023-07-12
535,2023-07-12 13:08:00-04:00,70.73999786376953,70.73999786376953,70.70999908447266,70.70999908447266,529,0.0,0.0,2023-07-12
536,2023-07-12 13:09:00-04:00,70.68000030517578,70.76000213623047,70.68000030517578,70.76000213623047,636,0.0,0.0,2023-07-12
537,2023-07-12 13:12:00-04:00,70.75,70.75,70.75,70.75,560,0.0,0.0,2023-07-12
538,2023-07-12 13:16:00-04:00,70.77999877929688,70.77999877929688,70.77999877929688,70.77999877929688,408,0.0,0.0,2023-07-12
539,2023-07-12 13:18:00-04:00,70.79000091552734,70.80000305175781,70.79000091552734,70.80000305175781,514,0.0,0.0,2023-07-12
540,2023-07-12 13:19:00-04:00,70.80999755859375,70.8499984741211,70.80999755859375,70.84500122070312,1719,0.0,0.0,2023-07-12
541,2023-07-12 13:20:00-04:00,70.88999938964844,70.88999938964844,70.87000274658203,70.87000274658203,601,0.0,0.0,2023-07-12
542,2023-07-12 13:22:00-04:00,70.9000015258789,70.9000015258789,70.88999938964844,70.88999938964844,638,0.0,0.0,2023-07-12
543,2023-07-12 13:23:00-04:00,70.87000274658203,70.87000274658203,70.87000274658203,70.87000274658203,606,0.0,0.0,2023-07-12
544,2023-07-12 13:24:00-04:00,70.8949966430664,70.8949966430664,70.8949966430664,70.8949966430664,103,0.0,0.0,2023-07-12
545,2023-07-12 13:25:00-04:00,70.87000274658203,70.87000274658203,70.87000274658203,70.87000274658203,279,0.0,0.0,2023-07-12
546,2023-07-12 13:30:00-04:00,70.87999725341797,70.91000366210938,70.87999725341797,70.91000366210938,535,0.0,0.0,2023-07-12
547,2023-07-12 13:31:00-04:00,70.9000015258789,70.9000015258789,70.9000015258789,70.9000015258789,778,0.0,0.0,2023-07-12
548,2023-07-12 13:33:00-04:00,70.94499969482422,70.94999694824219,70.94499969482422,70.94999694824219,209,0.0,0.0,2023-07-12
549,2023-07-12 13:34:00-04:00,70.95999908447266,70.95999908447266,70.95999908447266,70.95999908447266,306,0.0,0.0,2023-07-12
550,2023-07-12 13:35:00-04:00,70.95999908447266,70.95999908447266,70.95999908447266,70.95999908447266,218,0.0,0.0,2023-07-12
551,2023-07-12 13:36:00-04:00,70.97000122070312,71.0199966430664,70.94000244140625,71.0199966430664,2163,0.0,0.0,2023-07-12
552,2023-07-12 13:37:00-04:00,70.9800033569336,70.9800033569336,70.9800033569336,70.9800033569336,127,0.0,0.0,2023-07-12
553,2023-07-12 13:38:00-04:00,70.9749984741211,70.9749984741211,70.9749984741211,70.9749984741211,261,0.0,0.0,2023-07-12
554,2023-07-12 13:39:00-04:00,71.01000213623047,71.01000213623047,71.01000213623047,71.01000213623047,596,0.0,0.0,2023-07-12
555,2023-07-12 13:40:00-04:00,71.05000305175781,71.06999969482422,71.04000091552734,71.05000305175781,1662,0.0,0.0,2023-07-12
556,2023-07-12 13:42:00-04:00,70.98999786376953,70.98999786376953,70.98999786376953,70.98999786376953,838,0.0,0.0,2023-07-12
557,2023-07-12 13:47:00-04:00,70.95999908447266,70.95999908447266,70.95999908447266,70.95999908447266,905,0.0,0.0,2023-07-12
558,2023-07-12 13:53:00-04:00,70.91999816894531,70.9800033569336,70.91999816894531,70.93499755859375,364,0.0,0.0,2023-07-12
559,2023-07-12 13:54:00-04:00,70.92500305175781,70.92500305175781,70.92500305175781,70.92500305175781,299,0.0,0.0,2023-07-12
560,2023-07-12 13:56:00-04:00,70.94000244140625,70.94000244140625,70.94000244140625,70.94000244140625,409,0.0,0.0,2023-07-12
561,2023-07-12 13:58:00-04:00,70.94999694824219,70.97000122070312,70.94999694824219,70.97000122070312,466,0.0,0.0,2023-07-12
562,2023-07-12 14:00:00-04:00,70.97000122070312,70.97000122070312,70.97000122070312,70.97000122070312,1215,0.0,0.0,2023-07-12
563,2023-07-12 14:05:00-04:00,70.94000244140625,70.94000244140625,70.94000244140625,70.94000244140625,499,0.0,0.0,2023-07-12
564,2023-07-12 14:06:00-04:00,70.9000015258789,70.9000015258789,70.9000015258789,70.9000015258789,278,0.0,0.0,2023-07-12
565,2023-07-12 14:08:00-04:00,70.94000244140625,70.94000244140625,70.94000244140625,70.94000244140625,814,0.0,0.0,2023-07-12
566,2023-07-12 14:14:00-04:00,70.93000030517578,70.93000030517578,70.9114990234375,70.9114990234375,348,0.0,0.0,2023-07-12
567,2023-07-12 14:16:00-04:00,70.93000030517578,70.94000244140625,70.93000030517578,70.94000244140625,695,0.0,0.0,2023-07-12
568,2023-07-12 14:18:00-04:00,70.94000244140625,70.94000244140625,70.94000244140625,70.94000244140625,1148,0.0,0.0,2023-07-12
569,2023-07-12 14:22:00-04:00,70.88999938964844,70.88999938964844,70.87000274658203,70.87000274658203,983,0.0,0.0,2023-07-12
570,2023-07-12 14:27:00-04:00,70.90499877929688,70.90499877929688,70.90499877929688,70.90499877929688,222,0.0,0.0,2023-07-12
571,2023-07-12 14:32:00-04:00,70.94000244140625,70.94000244140625,70.90499877929688,70.90499877929688,378,0.0,0.0,2023-07-12
572,2023-07-12 14:35:00-04:00,70.87010192871094,70.87010192871094,70.87010192871094,70.87010192871094,788,0.0,0.0,2023-07-12
573,2023-07-12 14:42:00-04:00,70.94000244140625,70.94000244140625,70.94000244140625,70.94000244140625,1305,0.0,0.0,2023-07-12
574,2023-07-12 14:46:00-04:00,70.88999938964844,70.88999938964844,70.86000061035156,70.86000061035156,1294,0.0,0.0,2023-07-12
575,2023-07-12 14:48:00-04:00,70.7699966430664,70.7699966430664,70.7699966430664,70.7699966430664,425,0.0,0.0,2023-07-12
576,2023-07-12 14:50:00-04:00,70.74500274658203,70.74500274658203,70.74500274658203,70.74500274658203,244,0.0,0.0,2023-07-12
577,2023-07-12 14:53:00-04:00,70.75,70.75,70.66500091552734,70.66500091552734,1583,0.0,0.0,2023-07-12
578,2023-07-12 14:54:00-04:00,70.72000122070312,70.72000122070312,70.70999908447266,70.70999908447266,1136,0.0,0.0,2023-07-12
579,2023-07-12 14:55:00-04:00,70.72000122070312,70.7300033569336,70.72000122070312,70.7300033569336,760,0.0,0.0,2023-07-12
580,2023-07-12 14:57:00-04:00,70.77999877929688,70.77999877929688,70.77999877929688,70.77999877929688,647,0.0,0.0,2023-07-12
581,2023-07-12 14:58:00-04:00,70.79000091552734,70.79000091552734,70.79000091552734,70.79000091552734,488,0.0,0.0,2023-07-12
582,2023-07-12 15:01:00-04:00,70.76000213623047,70.76000213623047,70.76000213623047,70.76000213623047,982,0.0,0.0,2023-07-12
583,2023-07-12 15:02:00-04:00,70.70999908447266,70.70999908447266,70.70999908447266,70.70999908447266,1013,0.0,0.0,2023-07-12
584,2023-07-12 15:05:00-04:00,70.67500305175781,70.67500305175781,70.67500305175781,70.67500305175781,401,0.0,0.0,2023-07-12
585,2023-07-12 15:07:00-04:00,70.69999694824219,70.72000122070312,70.69999694824219,70.72000122070312,572,0.0,0.0,2023-07-12
586,2023-07-12 15:10:00-04:00,70.69000244140625,70.70999908447266,70.69000244140625,70.70999908447266,1053,0.0,0.0,2023-07-12
587,2023-07-12 15:12:00-04:00,70.72000122070312,70.7300033569336,70.72000122070312,70.7300033569336,767,0.0,0.0,2023-07-12
588,2023-07-12 15:13:00-04:00,70.71499633789062,70.71499633789062,70.71499633789062,70.71499633789062,972,0.0,0.0,2023-07-12
589,2023-07-12 15:15:00-04:00,70.7699966430664,70.7699966430664,70.7699966430664,70.7699966430664,217,0.0,0.0,2023-07-12
590,2023-07-12 15:16:00-04:00,70.77999877929688,70.79000091552734,70.76000213623047,70.76000213623047,1034,0.0,0.0,2023-07-12
591,2023-07-12 15:17:00-04:00,70.73999786376953,70.73999786376953,70.70999908447266,70.70999908447266,605,0.0,0.0,2023-07-12
592,2023-07-12 15:18:00-04:00,70.77100372314453,70.77100372314453,70.77100372314453,70.77100372314453,338,0.0,0.0,2023-07-12
593,2023-07-12 15:20:00-04:00,70.70999908447266,70.70999908447266,70.70999908447266,70.70999908447266,782,0.0,0.0,2023-07-12
594,2023-07-12 15:23:00-04:00,70.66000366210938,70.66999816894531,70.6500015258789,70.66999816894531,1165,0.0,0.0,2023-07-12
595,2023-07-12 15:25:00-04:00,70.62000274658203,70.62000274658203,70.62000274658203,70.62000274658203,1001,0.0,0.0,2023-07-12
596,2023-07-12 15:26:00-04:00,70.62000274658203,70.62999725341797,70.62000274658203,70.62999725341797,972,0.0,0.0,2023-07-12
597,2023-07-12 15:28:00-04:00,70.62699890136719,70.62699890136719,70.62699890136719,70.62699890136719,246,0.0,0.0,2023-07-12
598,2023-07-12 15:30:00-04:00,70.62999725341797,70.62999725341797,70.56500244140625,70.56500244140625,1448,0.0,0.0,2023-07-12
599,2023-07-12 15:31:00-04:00,70.61000061035156,70.61000061035156,70.58999633789062,70.58999633789062,628,0.0,0.0,2023-07-12
600,2023-07-12 15:32:00-04:00,70.58000183105469,70.58000183105469,70.5199966430664,70.55000305175781,4331,0.0,0.0,2023-07-12
601,2023-07-12 15:33:00-04:00,70.54000091552734,70.54000091552734,70.5199966430664,70.5199966430664,565,0.0,0.0,2023-07-12
602,2023-07-12 15:34:00-04:00,70.55000305175781,70.5530014038086,70.52999877929688,70.5530014038086,1095,0.0,0.0,2023-07-12
603,2023-07-12 15:35:00-04:00,70.55999755859375,70.59500122070312,70.55999755859375,70.59500122070312,1140,0.0,0.0,2023-07-12
604,2023-07-12 15:36:00-04:00,70.62000274658203,70.62000274658203,70.56999969482422,70.56999969482422,2203,0.0,0.0,2023-07-12
605,2023-07-12 15:37:00-04:00,70.5999984741211,70.5999984741211,70.59500122070312,70.59500122070312,863,0.0,0.0,2023-07-12
606,2023-07-12 15:38:00-04:00,70.59500122070312,70.59500122070312,70.59500122070312,70.59500122070312,158,0.0,0.0,2023-07-12
607,2023-07-12 15:39:00-04:00,70.61990356445312,70.61990356445312,70.56999969482422,70.56999969482422,1282,0.0,0.0,2023-07-12
608,2023-07-12 15:40:00-04:00,70.58000183105469,70.58499908447266,70.58000183105469,70.58000183105469,801,0.0,0.0,2023-07-12
609,2023-07-12 15:41:00-04:00,70.62000274658203,70.62000274658203,70.62000274658203,70.62000274658203,1069,0.0,0.0,2023-07-12
610,2023-07-12 15:42:00-04:00,70.6500015258789,70.66500091552734,70.6500015258789,70.66500091552734,485,0.0,0.0,2023-07-12
611,2023-07-12 15:43:00-04:00,70.66999816894531,70.66999816894531,70.62000274658203,70.63899993896484,1268,0.0,0.0,2023-07-12
612,2023-07-12 15:44:00-04:00,70.62999725341797,70.66999816894531,70.62999725341797,70.66999816894531,1141,0.0,0.0,2023-07-12
613,2023-07-12 15:45:00-04:00,70.63999938964844,70.63999938964844,70.5999984741211,70.61599731445312,2120,0.0,0.0,2023-07-12
614,2023-07-12 15:46:00-04:00,70.58999633789062,70.5999984741211,70.58000183105469,70.58999633789062,1150,0.0,0.0,2023-07-12
615,2023-07-12 15:47:00-04:00,70.54000091552734,70.54000091552734,70.5,70.5238037109375,2978,0.0,0.0,2023-07-12
616,2023-07-12 15:48:00-04:00,70.52999877929688,70.53900146484375,70.5199966430664,70.53900146484375,784,0.0,0.0,2023-07-12
617,2023-07-12 15:49:00-04:00,70.51000213623047,70.52999877929688,70.48999786376953,70.5,3137,0.0,0.0,2023-07-12
618,2023-07-12 15:50:00-04:00,70.47000122070312,70.47000122070312,70.37999725341797,70.37999725341797,1120,0.0,0.0,2023-07-12
619,2023-07-12 15:51:00-04:00,70.33999633789062,70.33999633789062,70.29000091552734,70.29000091552734,3377,0.0,0.0,2023-07-12
620,2023-07-12 15:52:00-04:00,70.29000091552734,70.30999755859375,70.27999877929688,70.29000091552734,2930,0.0,0.0,2023-07-12
621,2023-07-12 15:53:00-04:00,70.30000305175781,70.33000183105469,70.29000091552734,70.29000091552734,2858,0.0,0.0,2023-07-12
622,2023-07-12 15:54:00-04:00,70.30999755859375,70.31999969482422,70.29000091552734,70.30999755859375,4548,0.0,0.0,2023-07-12
623,2023-07-12 15:55:00-04:00,70.30000305175781,70.30999755859375,70.27999877929688,70.30000305175781,5820,0.0,0.0,2023-07-12
624,2023-07-12 15:56:00-04:00,70.30999755859375,70.33999633789062,70.30000305175781,70.31999969482422,3880,0.0,0.0,2023-07-12
625,2023-07-12 15:57:00-04:00,70.33000183105469,70.33999633789062,70.30000305175781,70.30999755859375,3152,0.0,0.0,2023-07-12
626,2023-07-12 15:58:00-04:00,70.30999755859375,70.37000274658203,70.30999755859375,70.37000274658203,2810,0.0,0.0,2023-07-12
627,2023-07-12 15:59:00-04:00,70.37000274658203,70.44999694824219,70.36000061035156,70.43000030517578,8216,0.0,0.0,2023-07-12
628,2023-07-13 09:30:00-04:00,70.4800033569336,70.4800033569336,70.4800033569336,70.4800033569336,2213,0.0,0.0,2023-07-13
629,2023-07-13 09:36:00-04:00,70.4800033569336,70.58000183105469,70.33000183105469,70.43000030517578,2131,0.0,0.0,2023-07-13
630,2023-07-13 09:41:00-04:00,70.37000274658203,70.5199966430664,70.37000274658203,70.5199966430664,910,0.0,0.0,2023-07-13
631,2023-07-13 09:42:00-04:00,70.31999969482422,70.41999816894531,70.31999969482422,70.41999816894531,415,0.0,0.0,2023-07-13
632,2023-07-13 09:43:00-04:00,70.4000015258789,70.4000015258789,70.4000015258789,70.4000015258789,160,0.0,0.0,2023-07-13
633,2023-07-13 09:50:00-04:00,70.88999938964844,70.88999938964844,70.71499633789062,70.7699966430664,726,0.0,0.0,2023-07-13
634,2023-07-13 09:54:00-04:00,70.86000061035156,70.87000274658203,70.7699966430664,70.87000274658203,1878,0.0,0.0,2023-07-13
635,2023-07-13 09:55:00-04:00,70.7699966430664,70.77999877929688,70.7699966430664,70.7699966430664,645,0.0,0.0,2023-07-13
636,2023-07-13 09:56:00-04:00,70.83000183105469,70.83999633789062,70.83000183105469,70.83999633789062,222,0.0,0.0,2023-07-13
637,2023-07-13 09:57:00-04:00,70.9000015258789,70.9000015258789,70.9000015258789,70.9000015258789,209,0.0,0.0,2023-07-13
638,2023-07-13 10:00:00-04:00,70.7699966430664,70.86499786376953,70.63999938964844,70.63999938964844,1505,0.0,0.0,2023-07-13
639,2023-07-13 10:05:00-04:00,70.7300033569336,70.76000213623047,70.69200134277344,70.76000213623047,1449,0.0,0.0,2023-07-13
640,2023-07-13 10:07:00-04:00,70.69000244140625,70.69000244140625,70.69000244140625,70.69000244140625,371,0.0,0.0,2023-07-13
641,2023-07-13 10:10:00-04:00,70.5999984741211,70.5999984741211,70.54000091552734,70.55000305175781,754,0.0,0.0,2023-07-13
642,2023-07-13 10:12:00-04:00,70.58999633789062,70.63999938964844,70.58999633789062,70.62999725341797,762,0.0,0.0,2023-07-13
643,2023-07-13 10:13:00-04:00,70.51000213623047,70.51000213623047,70.51000213623047,70.51000213623047,456,0.0,0.0,2023-07-13
644,2023-07-13 10:15:00-04:00,70.43000030517578,70.51000213623047,70.43000030517578,70.51000213623047,783,0.0,0.0,2023-07-13
645,2023-07-13 10:20:00-04:00,70.30000305175781,70.30000305175781,70.30000305175781,70.30000305175781,578,0.0,0.0,2023-07-13
646,2023-07-13 10:26:00-04:00,70.23999786376953,70.23999786376953,70.23999786376953,70.23999786376953,154,0.0,0.0,2023-07-13
647,2023-07-13 10:28:00-04:00,70.44000244140625,70.44000244140625,70.30999755859375,70.44000244140625,906,0.0,0.0,2023-07-13
648,2023-07-13 10:29:00-04:00,70.44999694824219,70.48999786376953,70.43000030517578,70.43000030517578,695,0.0,0.0,2023-07-13
649,2023-07-13 10:30:00-04:00,70.43000030517578,70.43000030517578,70.43000030517578,70.43000030517578,217,0.0,0.0,2023-07-13
650,2023-07-13 10:31:00-04:00,70.37000274658203,70.41000366210938,70.37000274658203,70.37000274658203,1379,0.0,0.0,2023-07-13
651,2023-07-13 10:32:00-04:00,70.33000183105469,70.33999633789062,70.33000183105469,70.33999633789062,879,0.0,0.0,2023-07-13
652,2023-07-13 10:34:00-04:00,70.4000015258789,70.41000366210938,70.33999633789062,70.33999633789062,1420,0.0,0.0,2023-07-13
653,2023-07-13 10:36:00-04:00,70.48999786376953,70.48999786376953,70.45999908447266,70.45999908447266,383,0.0,0.0,2023-07-13
654,2023-07-13 10:37:00-04:00,70.4800033569336,70.4800033569336,70.4800033569336,70.4800033569336,100,0.0,0.0,2023-07-13
655,2023-07-13 10:38:00-04:00,70.48500061035156,70.48500061035156,70.48500061035156,70.48500061035156,156,0.0,0.0,2023-07-13
656,2023-07-13 10:39:00-04:00,70.41999816894531,70.43000030517578,70.31009674072266,70.31009674072266,1098,0.0,0.0,2023-07-13
657,2023-07-13 10:40:00-04:00,70.30999755859375,70.41999816894531,70.30000305175781,70.38999938964844,1774,0.0,0.0,2023-07-13
658,2023-07-13 10:43:00-04:00,70.52999877929688,70.56999969482422,70.52999877929688,70.56999969482422,668,0.0,0.0,2023-07-13
659,2023-07-13 10:46:00-04:00,70.52999877929688,70.52999877929688,70.52999877929688,70.52999877929688,177,0.0,0.0,2023-07-13
660,2023-07-13 10:47:00-04:00,70.5199966430664,70.5199966430664,70.45999908447266,70.45999908447266,833,0.0,0.0,2023-07-13
661,2023-07-13 10:49:00-04:00,70.42500305175781,70.42500305175781,70.42500305175781,70.42500305175781,112,0.0,0.0,2023-07-13
662,2023-07-13 10:50:00-04:00,70.47000122070312,70.47000122070312,70.47000122070312,70.47000122070312,117,0.0,0.0,2023-07-13
663,2023-07-13 10:55:00-04:00,70.42500305175781,70.42500305175781,70.42500305175781,70.42500305175781,100,0.0,0.0,2023-07-13
664,2023-07-13 10:56:00-04:00,70.42500305175781,70.42500305175781,70.42500305175781,70.42500305175781,484,0.0,0.0,2023-07-13
665,2023-07-13 10:57:00-04:00,70.36000061035156,70.36000061035156,70.36000061035156,70.36000061035156,130,0.0,0.0,2023-07-13
666,2023-07-13 10:58:00-04:00,70.33000183105469,70.33000183105469,70.33000183105469,70.33000183105469,132,0.0,0.0,2023-07-13
667,2023-07-13 11:00:00-04:00,70.3949966430664,70.44000244140625,70.3949966430664,70.44000244140625,332,0.0,0.0,2023-07-13
668,2023-07-13 11:01:00-04:00,70.3499984741211,70.3499984741211,70.3499984741211,70.3499984741211,241,0.0,0.0,2023-07-13
669,2023-07-13 11:04:00-04:00,70.4000015258789,70.4000015258789,70.4000015258789,70.4000015258789,229,0.0,0.0,2023-07-13
670,2023-07-13 11:05:00-04:00,70.27999877929688,70.27999877929688,70.27999877929688,70.27999877929688,428,0.0,0.0,2023-07-13
671,2023-07-13 11:09:00-04:00,70.19999694824219,70.19999694824219,70.19999694824219,70.19999694824219,169,0.0,0.0,2023-07-13
672,2023-07-13 11:10:00-04:00,70.13999938964844,70.13999938964844,70.13999938964844,70.13999938964844,100,0.0,0.0,2023-07-13
673,2023-07-13 11:13:00-04:00,70.19499969482422,70.19499969482422,70.19000244140625,70.19000244140625,372,0.0,0.0,2023-07-13
674,2023-07-13 11:14:00-04:00,70.13140106201172,70.13140106201172,70.13140106201172,70.13140106201172,199,0.0,0.0,2023-07-13
675,2023-07-13 11:18:00-04:00,70.25,70.25,70.25,70.25,426,0.0,0.0,2023-07-13
676,2023-07-13 11:19:00-04:00,70.2699966430664,70.30000305175781,70.2699966430664,70.30000305175781,520,0.0,0.0,2023-07-13
677,2023-07-13 11:20:00-04:00,70.33499908447266,70.33499908447266,70.30000305175781,70.30000305175781,329,0.0,0.0,2023-07-13
678,2023-07-13 11:21:00-04:00,70.36000061035156,70.36000061035156,70.36000061035156,70.36000061035156,165,0.0,0.0,2023-07-13
679,2023-07-13 11:22:00-04:00,70.31999969482422,70.31999969482422,70.2300033569336,70.2300033569336,1201,0.0,0.0,2023-07-13
680,2023-07-13 11:24:00-04:00,70.22000122070312,70.33219909667969,70.22000122070312,70.33219909667969,243,0.0,0.0,2023-07-13
681,2023-07-13 11:27:00-04:00,70.28500366210938,70.3499984741211,70.28500366210938,70.32099914550781,662,0.0,0.0,2023-07-13
682,2023-07-13 11:29:00-04:00,70.31999969482422,70.31999969482422,70.31999969482422,70.31999969482422,519,0.0,0.0,2023-07-13
683,2023-07-13 11:31:00-04:00,70.2699966430664,70.2699966430664,70.24500274658203,70.24500274658203,431,0.0,0.0,2023-07-13
684,2023-07-13 11:33:00-04:00,70.20999908447266,70.20999908447266,70.20999908447266,70.20999908447266,161,0.0,0.0,2023-07-13
685,2023-07-13 11:34:00-04:00,70.30000305175781,70.30000305175781,70.29000091552734,70.29000091552734,666,0.0,0.0,2023-07-13
686,2023-07-13 11:36:00-04:00,70.23999786376953,70.33999633789062,70.23999786376953,70.33999633789062,317,0.0,0.0,2023-07-13
687,2023-07-13 11:39:00-04:00,70.37000274658203,70.40499877929688,70.37000274658203,70.37999725341797,812,0.0,0.0,2023-07-13
688,2023-07-13 11:43:00-04:00,70.4540023803711,70.4540023803711,70.44999694824219,70.44999694824219,350,0.0,0.0,2023-07-13
689,2023-07-13 11:45:00-04:00,70.54229736328125,70.54229736328125,70.54229736328125,70.54229736328125,163,0.0,0.0,2023-07-13
690,2023-07-13 11:48:00-04:00,70.48059844970703,70.48059844970703,70.43000030517578,70.43000030517578,223,0.0,0.0,2023-07-13
691,2023-07-13 11:49:00-04:00,70.43000030517578,70.43000030517578,70.43000030517578,70.43000030517578,664,0.0,0.0,2023-07-13
692,2023-07-13 11:51:00-04:00,70.41000366210938,70.41000366210938,70.41000366210938,70.41000366210938,269,0.0,0.0,2023-07-13
693,2023-07-13 11:53:00-04:00,70.46499633789062,70.46499633789062,70.46499633789062,70.46499633789062,118,0.0,0.0,2023-07-13
694,2023-07-13 11:54:00-04:00,70.48500061035156,70.48500061035156,70.48500061035156,70.48500061035156,102,0.0,0.0,2023-07-13
695,2023-07-13 11:55:00-04:00,70.48999786376953,70.58000183105469,70.48999786376953,70.58000183105469,759,0.0,0.0,2023-07-13
696,2023-07-13 12:01:00-04:00,70.54119873046875,70.54119873046875,70.5,70.5250015258789,956,0.0,0.0,2023-07-13
697,2023-07-13 12:02:00-04:00,70.48999786376953,70.48999786376953,70.48999786376953,70.48999786376953,100,0.0,0.0,2023-07-13
698,2023-07-13 12:03:00-04:00,70.51000213623047,70.53500366210938,70.48999786376953,70.53500366210938,732,0.0,0.0,2023-07-13
699,2023-07-13 12:04:00-04:00,70.58999633789062,70.5999984741211,70.58999633789062,70.58999633789062,582,0.0,0.0,2023-07-13
700,2023-07-13 12:05:00-04:00,70.58499908447266,70.58499908447266,70.52999877929688,70.52999877929688,354,0.0,0.0,2023-07-13
701,2023-07-13 12:06:00-04:00,70.5624008178711,70.5624008178711,70.5624008178711,70.5624008178711,113,0.0,0.0,2023-07-13
702,2023-07-13 12:09:00-04:00,70.51000213623047,70.51000213623047,70.51000213623047,70.51000213623047,107,0.0,0.0,2023-07-13
703,2023-07-13 12:11:00-04:00,70.56500244140625,70.56500244140625,70.56500244140625,70.56500244140625,154,0.0,0.0,2023-07-13
704,2023-07-13 12:13:00-04:00,70.56999969482422,70.56999969482422,70.56999969482422,70.56999969482422,103,0.0,0.0,2023-07-13
705,2023-07-13 12:14:00-04:00,70.56500244140625,70.56500244140625,70.5199966430664,70.5199966430664,233,0.0,0.0,2023-07-13
706,2023-07-13 12:15:00-04:00,70.56999969482422,70.56999969482422,70.56999969482422,70.56999969482422,205,0.0,0.0,2023-07-13
707,2023-07-13 12:18:00-04:00,70.58499908447266,70.58499908447266,70.58499908447266,70.58499908447266,216,0.0,0.0,2023-07-13
708,2023-07-13 12:19:00-04:00,70.58499908447266,70.58499908447266,70.58499908447266,70.58499908447266,124,0.0,0.0,2023-07-13
709,2023-07-13 12:20:00-04:00,70.58499908447266,70.58499908447266,70.58499908447266,70.58499908447266,213,0.0,0.0,2023-07-13
710,2023-07-13 12:22:00-04:00,70.61000061035156,70.61000061035156,70.61000061035156,70.61000061035156,115,0.0,0.0,2023-07-13
711,2023-07-13 12:23:00-04:00,70.58499908447266,70.58499908447266,70.58499908447266,70.58499908447266,217,0.0,0.0,2023-07-13
712,2023-07-13 12:24:00-04:00,70.58499908447266,70.58499908447266,70.58499908447266,70.58499908447266,137,0.0,0.0,2023-07-13
713,2023-07-13 12:27:00-04:00,70.56400299072266,70.56400299072266,70.55000305175781,70.55999755859375,1538,0.0,0.0,2023-07-13
714,2023-07-13 12:28:00-04:00,70.61000061035156,70.61000061035156,70.61000061035156,70.61000061035156,435,0.0,0.0,2023-07-13
715,2023-07-13 12:30:00-04:00,70.52999877929688,70.58000183105469,70.52999877929688,70.58000183105469,1450,0.0,0.0,2023-07-13
716,2023-07-13 12:31:00-04:00,70.56500244140625,70.59500122070312,70.56500244140625,70.59500122070312,810,0.0,0.0,2023-07-13
717,2023-07-13 12:32:00-04:00,70.63500213623047,70.63500213623047,70.63500213623047,70.63500213623047,111,0.0,0.0,2023-07-13
718,2023-07-13 12:34:00-04:00,70.63500213623047,70.6449966430664,70.61000061035156,70.6449966430664,312,0.0,0.0,2023-07-13
719,2023-07-13 12:35:00-04:00,70.6449966430664,70.6449966430664,70.6449966430664,70.6449966430664,117,0.0,0.0,2023-07-13
720,2023-07-13 12:36:00-04:00,70.6500015258789,70.71869659423828,70.6500015258789,70.71869659423828,441,0.0,0.0,2023-07-13
721,2023-07-13 12:37:00-04:00,70.68000030517578,70.68000030517578,70.63999938964844,70.63999938964844,773,0.0,0.0,2023-07-13
722,2023-07-13 12:39:00-04:00,70.63999938964844,70.63999938964844,70.63999938964844,70.63999938964844,560,0.0,0.0,2023-07-13
723,2023-07-13 12:40:00-04:00,70.66999816894531,70.66999816894531,70.66999816894531,70.66999816894531,398,0.0,0.0,2023-07-13
724,2023-07-13 12:44:00-04:00,70.66999816894531,70.66999816894531,70.66999816894531,70.66999816894531,139,0.0,0.0,2023-07-13
725,2023-07-13 12:45:00-04:00,70.74500274658203,70.74500274658203,70.74500274658203,70.74500274658203,546,0.0,0.0,2023-07-13
726,2023-07-13 12:48:00-04:00,70.6500015258789,70.6500015258789,70.6500015258789,70.6500015258789,240,0.0,0.0,2023-07-13
727,2023-07-13 12:53:00-04:00,70.61000061035156,70.6500015258789,70.58999633789062,70.58999633789062,1193,0.0,0.0,2023-07-13
728,2023-07-13 12:54:00-04:00,70.58999633789062,70.58999633789062,70.58999633789062,70.58999633789062,218,0.0,0.0,2023-07-13
729,2023-07-13 12:55:00-04:00,70.56999969482422,70.56999969482422,70.56999969482422,70.56999969482422,163,0.0,0.0,2023-07-13
730,2023-07-13 12:57:00-04:00,70.56500244140625,70.56500244140625,70.56500244140625,70.56500244140625,514,0.0,0.0,2023-07-13
731,2023-07-13 13:01:00-04:00,70.56999969482422,70.56999969482422,70.56500244140625,70.56500244140625,395,0.0,0.0,2023-07-13
732,2023-07-13 13:03:00-04:00,70.51090240478516,70.51090240478516,70.51090240478516,70.51090240478516,299,0.0,0.0,2023-07-13
733,2023-07-13 13:04:00-04:00,70.55000305175781,70.55000305175781,70.55000305175781,70.55000305175781,376,0.0,0.0,2023-07-13
734,2023-07-13 13:05:00-04:00,70.58000183105469,70.58000183105469,70.58000183105469,70.58000183105469,127,0.0,0.0,2023-07-13
735,2023-07-13 13:06:00-04:00,70.5199966430664,70.5199966430664,70.5199966430664,70.5199966430664,136,0.0,0.0,2023-07-13
736,2023-07-13 13:09:00-04:00,70.54499816894531,70.54499816894531,70.54499816894531,70.54499816894531,215,0.0,0.0,2023-07-13
737,2023-07-13 13:12:00-04:00,70.61000061035156,70.61000061035156,70.55500030517578,70.55500030517578,449,0.0,0.0,2023-07-13
738,2023-07-13 13:13:00-04:00,70.61000061035156,70.61000061035156,70.61000061035156,70.61000061035156,142,0.0,0.0,2023-07-13
739,2023-07-13 13:14:00-04:00,70.55999755859375,70.61000061035156,70.55999755859375,70.56999969482422,619,0.0,0.0,2023-07-13
740,2023-07-13 13:15:00-04:00,70.53500366210938,70.53500366210938,70.53500366210938,70.53500366210938,270,0.0,0.0,2023-07-13
741,2023-07-13 13:19:00-04:00,70.62999725341797,70.62999725341797,70.58000183105469,70.58000183105469,307,0.0,0.0,2023-07-13
742,2023-07-13 13:21:00-04:00,70.58000183105469,70.58000183105469,70.58000183105469,70.58000183105469,150,0.0,0.0,2023-07-13
743,2023-07-13 13:23:00-04:00,70.54000091552734,70.58000183105469,70.54000091552734,70.58000183105469,257,0.0,0.0,2023-07-13
744,2023-07-13 13:24:00-04:00,70.61000061035156,70.61000061035156,70.58000183105469,70.58000183105469,554,0.0,0.0,2023-07-13
745,2023-07-13 13:27:00-04:00,70.58000183105469,70.58000183105469,70.58000183105469,70.58000183105469,213,0.0,0.0,2023-07-13
746,2023-07-13 13:29:00-04:00,70.58000183105469,70.58000183105469,70.58000183105469,70.58000183105469,113,0.0,0.0,2023-07-13
747,2023-07-13 13:30:00-04:00,70.58000183105469,70.62000274658203,70.58000183105469,70.62000274658203,423,0.0,0.0,2023-07-13
748,2023-07-13 13:31:00-04:00,70.57499694824219,70.57499694824219,70.57499694824219,70.57499694824219,107,0.0,0.0,2023-07-13
749,2023-07-13 13:32:00-04:00,70.55000305175781,70.57499694824219,70.55000305175781,70.57499694824219,243,0.0,0.0,2023-07-13
750,2023-07-13 13:34:00-04:00,70.62000274658203,70.62000274658203,70.58000183105469,70.58000183105469,686,0.0,0.0,2023-07-13
751,2023-07-13 13:35:00-04:00,70.52999877929688,70.52999877929688,70.50499725341797,70.50499725341797,1034,0.0,0.0,2023-07-13
752,2023-07-13 13:37:00-04:00,70.51000213623047,70.51000213623047,70.51000213623047,70.51000213623047,269,0.0,0.0,2023-07-13
753,2023-07-13 13:39:00-04:00,70.55999755859375,70.55999755859375,70.55999755859375,70.55999755859375,186,0.0,0.0,2023-07-13
754,2023-07-13 13:40:00-04:00,70.50499725341797,70.51000213623047,70.50499725341797,70.51000213623047,201,0.0,0.0,2023-07-13
755,2023-07-13 13:41:00-04:00,70.51000213623047,70.51000213623047,70.51000213623047,70.51000213623047,145,0.0,0.0,2023-07-13
756,2023-07-13 13:43:00-04:00,70.51000213623047,70.51000213623047,70.51000213623047,70.51000213623047,100,0.0,0.0,2023-07-13
757,2023-07-13 13:44:00-04:00,70.51000213623047,70.51000213623047,70.51000213623047,70.51000213623047,357,0.0,0.0,2023-07-13
758,2023-07-13 13:49:00-04:00,70.48999786376953,70.51000213623047,70.48999786376953,70.51000213623047,373,0.0,0.0,2023-07-13
759,2023-07-13 13:53:00-04:00,70.55000305175781,70.55000305175781,70.55000305175781,70.55000305175781,203,0.0,0.0,2023-07-13
760,2023-07-13 13:54:00-04:00,70.51000213623047,70.51000213623047,70.51000213623047,70.51000213623047,346,0.0,0.0,2023-07-13
761,2023-07-13 13:55:00-04:00,70.5199966430664,70.5199966430664,70.4800033569336,70.4800033569336,930,0.0,0.0,2023-07-13
762,2023-07-13 13:56:00-04:00,70.52999877929688,70.52999877929688,70.52999877929688,70.52999877929688,258,0.0,0.0,2023-07-13
763,2023-07-13 13:57:00-04:00,70.48999786376953,70.6050033569336,70.48999786376953,70.6050033569336,2400,0.0,0.0,2023-07-13
764,2023-07-13 13:58:00-04:00,70.6050033569336,70.6050033569336,70.6050033569336,70.6050033569336,275,0.0,0.0,2023-07-13
765,2023-07-13 14:03:00-04:00,70.59500122070312,70.59500122070312,70.59500122070312,70.59500122070312,311,0.0,0.0,2023-07-13
766,2023-07-13 14:05:00-04:00,70.58000183105469,70.58000183105469,70.58000183105469,70.58000183105469,201,0.0,0.0,2023-07-13
767,2023-07-13 14:06:00-04:00,70.59500122070312,70.59500122070312,70.59500122070312,70.59500122070312,178,0.0,0.0,2023-07-13
768,2023-07-13 14:07:00-04:00,70.58000183105469,70.5999984741211,70.55999755859375,70.55999755859375,1484,0.0,0.0,2023-07-13
769,2023-07-13 14:08:00-04:00,70.62000274658203,70.62000274658203,70.62000274658203,70.62000274658203,566,0.0,0.0,2023-07-13
770,2023-07-13 14:12:00-04:00,70.56999969482422,70.5999984741211,70.56999969482422,70.5999984741211,1317,0.0,0.0,2023-07-13
771,2023-07-13 14:13:00-04:00,70.58000183105469,70.5999984741211,70.58000183105469,70.5999984741211,486,0.0,0.0,2023-07-13
772,2023-07-13 14:15:00-04:00,70.62999725341797,70.6500015258789,70.62999725341797,70.6500015258789,542,0.0,0.0,2023-07-13
773,2023-07-13 14:16:00-04:00,70.63999938964844,70.6500015258789,70.63999938964844,70.6500015258789,548,0.0,0.0,2023-07-13
774,2023-07-13 14:17:00-04:00,70.66000366210938,70.69000244140625,70.66000366210938,70.66500091552734,419,0.0,0.0,2023-07-13
775,2023-07-13 14:18:00-04:00,70.66000366210938,70.66000366210938,70.62999725341797,70.63999938964844,2288,0.0,0.0,2023-07-13
776,2023-07-13 14:19:00-04:00,70.6449966430664,70.6449966430664,70.6449966430664,70.6449966430664,221,0.0,0.0,2023-07-13
777,2023-07-13 14:20:00-04:00,70.66000366210938,70.66000366210938,70.66000366210938,70.66000366210938,583,0.0,0.0,2023-07-13
778,2023-07-13 14:21:00-04:00,70.68000030517578,70.68000030517578,70.68000030517578,70.68000030517578,134,0.0,0.0,2023-07-13
779,2023-07-13 14:23:00-04:00,70.70649719238281,70.70649719238281,70.68299865722656,70.68299865722656,374,0.0,0.0,2023-07-13
780,2023-07-13 14:25:00-04:00,70.68000030517578,70.68000030517578,70.6500015258789,70.6500015258789,936,0.0,0.0,2023-07-13
781,2023-07-13 14:26:00-04:00,70.66999816894531,70.66999816894531,70.63999938964844,70.66999816894531,1649,0.0,0.0,2023-07-13
782,2023-07-13 14:28:00-04:00,70.69000244140625,70.69999694824219,70.69000244140625,70.69999694824219,903,0.0,0.0,2023-07-13
783,2023-07-13 14:30:00-04:00,70.69499969482422,70.69499969482422,70.69249725341797,70.69249725341797,384,0.0,0.0,2023-07-13
784,2023-07-13 14:31:00-04:00,70.70999908447266,70.70999908447266,70.70999908447266,70.70999908447266,862,0.0,0.0,2023-07-13
785,2023-07-13 14:32:00-04:00,70.75,70.75,70.75,70.75,639,0.0,0.0,2023-07-13
786,2023-07-13 14:34:00-04:00,70.73500061035156,70.73500061035156,70.70999908447266,70.71499633789062,1417,0.0,0.0,2023-07-13
787,2023-07-13 14:35:00-04:00,70.69000244140625,70.69000244140625,70.66500091552734,70.66500091552734,588,0.0,0.0,2023-07-13
788,2023-07-13 14:36:00-04:00,70.66500091552734,70.66500091552734,70.66500091552734,70.66500091552734,400,0.0,0.0,2023-07-13
789,2023-07-13 14:37:00-04:00,70.63999938964844,70.66999816894531,70.63999938964844,70.66500091552734,2780,0.0,0.0,2023-07-13
790,2023-07-13 14:39:00-04:00,70.66999816894531,70.66999816894531,70.66999816894531,70.66999816894531,100,0.0,0.0,2023-07-13
791,2023-07-13 14:40:00-04:00,70.65750122070312,70.65750122070312,70.65750122070312,70.65750122070312,134,0.0,0.0,2023-07-13
792,2023-07-13 14:41:00-04:00,70.69000244140625,70.69000244140625,70.66500091552734,70.66500091552734,225,0.0,0.0,2023-07-13
793,2023-07-13 14:42:00-04:00,70.66000366210938,70.68000030517578,70.63999938964844,70.68000030517578,4476,0.0,0.0,2023-07-13
794,2023-07-13 14:43:00-04:00,70.66000366210938,70.66000366210938,70.66000366210938,70.66000366210938,301,0.0,0.0,2023-07-13
795,2023-07-13 14:44:00-04:00,70.67379760742188,70.67379760742188,70.66000366210938,70.66000366210938,309,0.0,0.0,2023-07-13
796,2023-07-13 14:45:00-04:00,70.6500015258789,70.6500015258789,70.6500015258789,70.6500015258789,102,0.0,0.0,2023-07-13
797,2023-07-13 14:46:00-04:00,70.66000366210938,70.66000366210938,70.66000366210938,70.66000366210938,245,0.0,0.0,2023-07-13
798,2023-07-13 14:47:00-04:00,70.68000030517578,70.68000030517578,70.62000274658203,70.62000274658203,2447,0.0,0.0,2023-07-13
799,2023-07-13 14:50:00-04:00,70.61000061035156,70.62999725341797,70.61000061035156,70.62999725341797,516,0.0,0.0,2023-07-13
800,2023-07-13 14:51:00-04:00,70.63999938964844,70.63999938964844,70.63999938964844,70.63999938964844,768,0.0,0.0,2023-07-13
801,2023-07-13 14:53:00-04:00,70.6082992553711,70.61000061035156,70.6082992553711,70.61000061035156,1368,0.0,0.0,2023-07-13
802,2023-07-13 14:56:00-04:00,70.66999816894531,70.69000244140625,70.66999816894531,70.69000244140625,1292,0.0,0.0,2023-07-13
803,2023-07-13 14:59:00-04:00,70.74500274658203,70.74500274658203,70.74500274658203,70.74500274658203,499,0.0,0.0,2023-07-13
804,2023-07-13 15:01:00-04:00,70.73999786376953,70.73999786376953,70.73999786376953,70.73999786376953,1611,0.0,0.0,2023-07-13
805,2023-07-13 15:02:00-04:00,70.76499938964844,70.83000183105469,70.76499938964844,70.79319763183594,431,0.0,0.0,2023-07-13
806,2023-07-13 15:03:00-04:00,70.83999633789062,70.83999633789062,70.83999633789062,70.83999633789062,102,0.0,0.0,2023-07-13
807,2023-07-13 15:04:00-04:00,70.76000213623047,70.76000213623047,70.76000213623047,70.76000213623047,101,0.0,0.0,2023-07-13
808,2023-07-13 15:05:00-04:00,70.83000183105469,70.83000183105469,70.83000183105469,70.83000183105469,247,0.0,0.0,2023-07-13
809,2023-07-13 15:09:00-04:00,70.79000091552734,70.79000091552734,70.79000091552734,70.79000091552734,267,0.0,0.0,2023-07-13
810,2023-07-13 15:10:00-04:00,70.77999877929688,70.77999877929688,70.73999786376953,70.77999877929688,460,0.0,0.0,2023-07-13
811,2023-07-13 15:11:00-04:00,70.81999969482422,70.81999969482422,70.81999969482422,70.81999969482422,500,0.0,0.0,2023-07-13
812,2023-07-13 15:12:00-04:00,70.81999969482422,70.81999969482422,70.81999969482422,70.81999969482422,446,0.0,0.0,2023-07-13
813,2023-07-13 15:13:00-04:00,70.80999755859375,70.80999755859375,70.76000213623047,70.80999755859375,1882,0.0,0.0,2023-07-13
814,2023-07-13 15:15:00-04:00,70.7300033569336,70.73999786376953,70.7300033569336,70.73999786376953,244,0.0,0.0,2023-07-13
815,2023-07-13 15:16:00-04:00,70.69000244140625,70.69000244140625,70.62999725341797,70.62999725341797,759,0.0,0.0,2023-07-13
816,2023-07-13 15:18:00-04:00,70.62999725341797,70.66000366210938,70.62999725341797,70.66000366210938,503,0.0,0.0,2023-07-13
817,2023-07-13 15:20:00-04:00,70.5999984741211,70.63999938964844,70.5999984741211,70.63999938964844,1395,0.0,0.0,2023-07-13
818,2023-07-13 15:21:00-04:00,70.62999725341797,70.62999725341797,70.62999725341797,70.62999725341797,205,0.0,0.0,2023-07-13
819,2023-07-13 15:22:00-04:00,70.62999725341797,70.6500015258789,70.62999725341797,70.63999938964844,461,0.0,0.0,2023-07-13
820,2023-07-13 15:24:00-04:00,70.6449966430664,70.6449966430664,70.6449966430664,70.6449966430664,890,0.0,0.0,2023-07-13
821,2023-07-13 15:25:00-04:00,70.62999725341797,70.66889953613281,70.62999725341797,70.6449966430664,1207,0.0,0.0,2023-07-13
822,2023-07-13 15:26:00-04:00,70.6449966430664,70.6449966430664,70.6449966430664,70.6449966430664,131,0.0,0.0,2023-07-13
823,2023-07-13 15:27:00-04:00,70.63999938964844,70.63999938964844,70.62000274658203,70.62000274658203,744,0.0,0.0,2023-07-13
824,2023-07-13 15:28:00-04:00,70.62000274658203,70.66000366210938,70.62000274658203,70.66000366210938,271,0.0,0.0,2023-07-13
825,2023-07-13 15:29:00-04:00,70.62999725341797,70.62999725341797,70.62999725341797,70.62999725341797,169,0.0,0.0,2023-07-13
826,2023-07-13 15:30:00-04:00,70.66999816894531,70.7300033569336,70.66999816894531,70.7300033569336,1681,0.0,0.0,2023-07-13
827,2023-07-13 15:31:00-04:00,70.7300033569336,70.7300033569336,70.7300033569336,70.7300033569336,145,0.0,0.0,2023-07-13
828,2023-07-13 15:32:00-04:00,70.7300033569336,70.73999786376953,70.70999908447266,70.73500061035156,1511,0.0,0.0,2023-07-13
829,2023-07-13 15:33:00-04:00,70.73500061035156,70.76000213623047,70.73500061035156,70.76000213623047,420,0.0,0.0,2023-07-13
830,2023-07-13 15:34:00-04:00,70.73500061035156,70.73500061035156,70.73500061035156,70.73500061035156,563,0.0,0.0,2023-07-13
831,2023-07-13 15:35:00-04:00,70.73999786376953,70.73999786376953,70.73999786376953,70.73999786376953,368,0.0,0.0,2023-07-13
832,2023-07-13 15:36:00-04:00,70.76000213623047,70.79499816894531,70.7300033569336,70.79499816894531,2495,0.0,0.0,2023-07-13
833,2023-07-13 15:37:00-04:00,70.80999755859375,70.80999755859375,70.80999755859375,70.80999755859375,591,0.0,0.0,2023-07-13
834,2023-07-13 15:38:00-04:00,70.83000183105469,70.83000183105469,70.72000122070312,70.73999786376953,5199,0.0,0.0,2023-07-13
835,2023-07-13 15:40:00-04:00,70.7699966430664,70.77999877929688,70.75,70.75,935,0.0,0.0,2023-07-13
836,2023-07-13 15:41:00-04:00,70.75,70.75,70.75,70.75,356,0.0,0.0,2023-07-13
837,2023-07-13 15:42:00-04:00,70.75,70.77999877929688,70.75,70.75499725341797,1912,0.0,0.0,2023-07-13
838,2023-07-13 15:43:00-04:00,70.75250244140625,70.75499725341797,70.75,70.75,746,0.0,0.0,2023-07-13
839,2023-07-13 15:44:00-04:00,70.76000213623047,70.83499908447266,70.75499725341797,70.83499908447266,3436,0.0,0.0,2023-07-13
840,2023-07-13 15:45:00-04:00,70.84500122070312,70.88500213623047,70.84500122070312,70.87999725341797,1825,0.0,0.0,2023-07-13
841,2023-07-13 15:46:00-04:00,70.88999938964844,70.97000122070312,70.88999938964844,70.94000244140625,1083,0.0,0.0,2023-07-13
842,2023-07-13 15:47:00-04:00,70.97000122070312,71.0,70.95999908447266,70.97000122070312,2342,0.0,0.0,2023-07-13
843,2023-07-13 15:48:00-04:00,71.0,71.0,70.9800033569336,70.9800033569336,291,0.0,0.0,2023-07-13
844,2023-07-13 15:49:00-04:00,70.98999786376953,71.04000091552734,70.98999786376953,71.0199966430664,4091,0.0,0.0,2023-07-13
845,2023-07-13 15:50:00-04:00,71.02999877929688,71.02999877929688,70.94999694824219,70.94999694824219,1858,0.0,0.0,2023-07-13
846,2023-07-13 15:51:00-04:00,70.94999694824219,71.00499725341797,70.93000030517578,71.0,2783,0.0,0.0,2023-07-13
847,2023-07-13 15:52:00-04:00,71.0,71.06999969482422,70.97000122070312,71.06999969482422,9245,0.0,0.0,2023-07-13
848,2023-07-13 15:53:00-04:00,71.08000183105469,71.08000183105469,71.0199966430664,71.02999877929688,7494,0.0,0.0,2023-07-13
849,2023-07-13 15:54:00-04:00,71.04000091552734,71.08499908447266,71.02999877929688,71.07499694824219,3069,0.0,0.0,2023-07-13
850,2023-07-13 15:55:00-04:00,71.07499694824219,71.11000061035156,71.04000091552734,71.05000305175781,7323,0.0,0.0,2023-07-13
851,2023-07-13 15:56:00-04:00,71.05999755859375,71.08999633789062,70.93000030517578,70.97000122070312,12723,0.0,0.0,2023-07-13
852,2023-07-13 15:57:00-04:00,70.96499633789062,70.96499633789062,70.87999725341797,70.9000015258789,3844,0.0,0.0,2023-07-13
853,2023-07-13 15:58:00-04:00,70.91000366210938,70.94000244140625,70.87999725341797,70.93000030517578,4710,0.0,0.0,2023-07-13
854,2023-07-13 15:59:00-04:00,70.94000244140625,71.06999969482422,70.94000244140625,71.05000305175781,10420,0.0,0.0,2023-07-13
855,2023-07-14 09:30:00-04:00,70.76000213623047,70.76000213623047,70.76000213623047,70.76000213623047,1177,0.0,0.0,2023-07-14
856,2023-07-14 09:31:00-04:00,70.65499877929688,70.65499877929688,70.65499877929688,70.65499877929688,563,0.0,0.0,2023-07-14
857,2023-07-14 09:34:00-04:00,70.66999816894531,70.66999816894531,70.66999816894531,70.66999816894531,848,0.0,0.0,2023-07-14
858,2023-07-14 09:36:00-04:00,70.73999786376953,70.73999786376953,70.73999786376953,70.73999786376953,492,0.0,0.0,2023-07-14
859,2023-07-14 09:37:00-04:00,70.61000061035156,70.61000061035156,70.55000305175781,70.55000305175781,973,0.0,0.0,2023-07-14
860,2023-07-14 09:48:00-04:00,70.7300033569336,70.7300033569336,70.7300033569336,70.7300033569336,154,0.0,0.0,2023-07-14
861,2023-07-14 09:50:00-04:00,70.36009979248047,70.66000366210938,70.36009979248047,70.66000366210938,509,0.0,0.0,2023-07-14
862,2023-07-14 09:52:00-04:00,70.35289764404297,70.35289764404297,70.31999969482422,70.31999969482422,1447,0.0,0.0,2023-07-14
863,2023-07-14 09:54:00-04:00,70.44999694824219,70.58999633789062,70.44999694824219,70.58999633789062,806,0.0,0.0,2023-07-14
864,2023-07-14 09:56:00-04:00,70.58999633789062,70.58999633789062,70.58999633789062,70.58999633789062,262,0.0,0.0,2023-07-14
865,2023-07-14 09:59:00-04:00,70.55000305175781,70.55000305175781,70.55000305175781,70.55000305175781,136,0.0,0.0,2023-07-14
866,2023-07-14 10:00:00-04:00,70.45999908447266,70.45999908447266,70.36000061035156,70.36000061035156,623,0.0,0.0,2023-07-14
867,2023-07-14 10:03:00-04:00,70.36000061035156,70.44999694824219,70.36000061035156,70.44999694824219,1273,0.0,0.0,2023-07-14
868,2023-07-14 10:06:00-04:00,70.52999877929688,70.58999633789062,70.52999877929688,70.55999755859375,1154,0.0,0.0,2023-07-14
869,2023-07-14 10:08:00-04:00,70.57009887695312,70.7300033569336,70.57009887695312,70.7300033569336,462,0.0,0.0,2023-07-14
870,2023-07-14 10:09:00-04:00,70.55999755859375,70.6449966430664,70.55000305175781,70.58999633789062,1397,0.0,0.0,2023-07-14
871,2023-07-14 10:12:00-04:00,70.58499908447266,70.6500015258789,70.58499908447266,70.6500015258789,616,0.0,0.0,2023-07-14
872,2023-07-14 10:16:00-04:00,70.69000244140625,70.69000244140625,70.69000244140625,70.69000244140625,170,0.0,0.0,2023-07-14
873,2023-07-14 10:18:00-04:00,70.66000366210938,70.66000366210938,70.6500015258789,70.6500015258789,472,0.0,0.0,2023-07-14
874,2023-07-14 10:19:00-04:00,70.66999816894531,70.66999816894531,70.66999816894531,70.66999816894531,188,0.0,0.0,2023-07-14
875,2023-07-14 10:21:00-04:00,70.6500015258789,70.6500015258789,70.6500015258789,70.6500015258789,347,0.0,0.0,2023-07-14
876,2023-07-14 10:23:00-04:00,70.6449966430664,70.6449966430664,70.6449966430664,70.6449966430664,116,0.0,0.0,2023-07-14
877,2023-07-14 10:24:00-04:00,70.54000091552734,70.54000091552734,70.52999877929688,70.52999877929688,703,0.0,0.0,2023-07-14
878,2023-07-14 10:27:00-04:00,70.29000091552734,70.29000091552734,70.29000091552734,70.29000091552734,471,0.0,0.0,2023-07-14
879,2023-07-14 10:29:00-04:00,70.02999877929688,70.02999877929688,70.02999877929688,70.02999877929688,195,0.0,0.0,2023-07-14
880,2023-07-14 10:31:00-04:00,70.13500213623047,70.22000122070312,70.13500213623047,70.22000122070312,537,0.0,0.0,2023-07-14
881,2023-07-14 10:33:00-04:00,70.01000213623047,70.01000213623047,70.01000213623047,70.01000213623047,655,0.0,0.0,2023-07-14
882,2023-07-14 10:35:00-04:00,70.00499725341797,70.16999816894531,70.00499725341797,70.05999755859375,1412,0.0,0.0,2023-07-14
883,2023-07-14 10:38:00-04:00,70.06500244140625,70.08499908447266,70.06500244140625,70.08499908447266,242,0.0,0.0,2023-07-14
884,2023-07-14 10:39:00-04:00,70.09190368652344,70.09190368652344,70.09190368652344,70.09190368652344,721,0.0,0.0,2023-07-14
885,2023-07-14 10:41:00-04:00,70.18000030517578,70.18000030517578,70.18000030517578,70.18000030517578,478,0.0,0.0,2023-07-14
886,2023-07-14 10:48:00-04:00,70.08999633789062,70.08999633789062,70.05000305175781,70.05000305175781,706,0.0,0.0,2023-07-14
887,2023-07-14 10:49:00-04:00,70.09500122070312,70.09500122070312,70.09500122070312,70.09500122070312,151,0.0,0.0,2023-07-14
888,2023-07-14 10:51:00-04:00,70.18000030517578,70.18000030517578,70.18000030517578,70.18000030517578,805,0.0,0.0,2023-07-14
889,2023-07-14 10:55:00-04:00,70.30999755859375,70.30999755859375,70.30999755859375,70.30999755859375,141,0.0,0.0,2023-07-14
890,2023-07-14 10:57:00-04:00,70.36000061035156,70.37000274658203,70.36000061035156,70.37000274658203,335,0.0,0.0,2023-07-14
891,2023-07-14 10:59:00-04:00,70.33999633789062,70.33999633789062,70.33999633789062,70.33999633789062,546,0.0,0.0,2023-07-14
892,2023-07-14 11:00:00-04:00,70.4000015258789,70.4000015258789,70.36000061035156,70.36000061035156,201,0.0,0.0,2023-07-14
893,2023-07-14 11:01:00-04:00,70.4000015258789,70.4000015258789,70.4000015258789,70.4000015258789,198,0.0,0.0,2023-07-14
894,2023-07-14 11:02:00-04:00,70.36000061035156,70.37000274658203,70.2699966430664,70.2699966430664,1378,0.0,0.0,2023-07-14
895,2023-07-14 11:04:00-04:00,70.20999908447266,70.20999908447266,70.20999908447266,70.20999908447266,804,0.0,0.0,2023-07-14
896,2023-07-14 11:05:00-04:00,70.33000183105469,70.33000183105469,70.31999969482422,70.33000183105469,608,0.0,0.0,2023-07-14
897,2023-07-14 11:08:00-04:00,70.29000091552734,70.29000091552734,70.29000091552734,70.29000091552734,534,0.0,0.0,2023-07-14
898,2023-07-14 11:09:00-04:00,70.33000183105469,70.33000183105469,70.33000183105469,70.33000183105469,305,0.0,0.0,2023-07-14
899,2023-07-14 11:12:00-04:00,70.26000213623047,70.26000213623047,70.25,70.25,654,0.0,0.0,2023-07-14
900,2023-07-14 11:14:00-04:00,70.20999908447266,70.20999908447266,70.20999908447266,70.20999908447266,100,0.0,0.0,2023-07-14
901,2023-07-14 11:15:00-04:00,70.19000244140625,70.19000244140625,70.19000244140625,70.19000244140625,138,0.0,0.0,2023-07-14
902,2023-07-14 11:16:00-04:00,70.19499969482422,70.19999694824219,70.19499969482422,70.19999694824219,276,0.0,0.0,2023-07-14
903,2023-07-14 11:18:00-04:00,70.21939849853516,70.21939849853516,70.21939849853516,70.21939849853516,251,0.0,0.0,2023-07-14
904,2023-07-14 11:20:00-04:00,70.16500091552734,70.16500091552734,70.16500091552734,70.16500091552734,250,0.0,0.0,2023-07-14
905,2023-07-14 11:22:00-04:00,70.12999725341797,70.12999725341797,70.12999725341797,70.12999725341797,227,0.0,0.0,2023-07-14
906,2023-07-14 11:23:00-04:00,70.16500091552734,70.16500091552734,70.16500091552734,70.16500091552734,350,0.0,0.0,2023-07-14
907,2023-07-14 11:24:00-04:00,70.12999725341797,70.12999725341797,70.12999725341797,70.12999725341797,220,0.0,0.0,2023-07-14
908,2023-07-14 11:25:00-04:00,70.12000274658203,70.12000274658203,70.12000274658203,70.12000274658203,470,0.0,0.0,2023-07-14
909,2023-07-14 11:27:00-04:00,70.23999786376953,70.23999786376953,70.18000030517578,70.18000030517578,324,0.0,0.0,2023-07-14
910,2023-07-14 11:28:00-04:00,70.18000030517578,70.18000030517578,70.18000030517578,70.18000030517578,759,0.0,0.0,2023-07-14
911,2023-07-14 11:29:00-04:00,70.11000061035156,70.11000061035156,70.08999633789062,70.11000061035156,1108,0.0,0.0,2023-07-14
912,2023-07-14 11:30:00-04:00,70.16000366210938,70.16000366210938,70.16000366210938,70.16000366210938,803,0.0,0.0,2023-07-14
913,2023-07-14 11:39:00-04:00,70.19000244140625,70.19000244140625,70.12999725341797,70.12999725341797,1135,0.0,0.0,2023-07-14
914,2023-07-14 11:41:00-04:00,70.06999969482422,70.06999969482422,70.06999969482422,70.06999969482422,219,0.0,0.0,2023-07-14
915,2023-07-14 11:42:00-04:00,70.02999877929688,70.02999877929688,70.02999877929688,70.02999877929688,274,0.0,0.0,2023-07-14
916,2023-07-14 11:44:00-04:00,69.99500274658203,69.99500274658203,69.99500274658203,69.99500274658203,419,0.0,0.0,2023-07-14
917,2023-07-14 11:51:00-04:00,69.91999816894531,69.91999816894531,69.91999816894531,69.91999816894531,642,0.0,0.0,2023-07-14
918,2023-07-14 11:53:00-04:00,69.9000015258789,69.9000015258789,69.88999938964844,69.88999938964844,370,0.0,0.0,2023-07-14
919,2023-07-14 11:54:00-04:00,69.94999694824219,70.0,69.94999694824219,70.0,1060,0.0,0.0,2023-07-14
920,2023-07-14 11:58:00-04:00,70.04000091552734,70.06500244140625,70.0199966430664,70.06500244140625,1103,0.0,0.0,2023-07-14
921,2023-07-14 12:00:00-04:00,70.0999984741211,70.0999984741211,70.0999984741211,70.0999984741211,1350,0.0,0.0,2023-07-14
922,2023-07-14 12:06:00-04:00,69.9000015258789,69.9749984741211,69.83999633789062,69.9749984741211,1564,0.0,0.0,2023-07-14
923,2023-07-14 12:10:00-04:00,69.91000366210938,69.91000366210938,69.91000366210938,69.91000366210938,547,0.0,0.0,2023-07-14
924,2023-07-14 12:19:00-04:00,70.01000213623047,70.05999755859375,70.01000213623047,70.05999755859375,604,0.0,0.0,2023-07-14
925,2023-07-14 12:20:00-04:00,70.08999633789062,70.08999633789062,70.08999633789062,70.08999633789062,508,0.0,0.0,2023-07-14
926,2023-07-14 12:22:00-04:00,70.0999984741211,70.0999984741211,70.0824966430664,70.0824966430664,823,0.0,0.0,2023-07-14
927,2023-07-14 12:23:00-04:00,70.05000305175781,70.05000305175781,70.05000305175781,70.05000305175781,414,0.0,0.0,2023-07-14
928,2023-07-14 12:27:00-04:00,70.05500030517578,70.05500030517578,70.05500030517578,70.05500030517578,131,0.0,0.0,2023-07-14
929,2023-07-14 12:28:00-04:00,70.08000183105469,70.08000183105469,70.08000183105469,70.08000183105469,110,0.0,0.0,2023-07-14
930,2023-07-14 12:29:00-04:00,70.12000274658203,70.12000274658203,70.12000274658203,70.12000274658203,700,0.0,0.0,2023-07-14
931,2023-07-14 12:33:00-04:00,70.19999694824219,70.19999694824219,70.19999694824219,70.19999694824219,367,0.0,0.0,2023-07-14
932,2023-07-14 12:36:00-04:00,70.20999908447266,70.20999908447266,70.20999908447266,70.20999908447266,210,0.0,0.0,2023-07-14
933,2023-07-14 12:37:00-04:00,70.22000122070312,70.27999877929688,70.22000122070312,70.27999877929688,1189,0.0,0.0,2023-07-14
934,2023-07-14 12:38:00-04:00,70.33000183105469,70.33000183105469,70.33000183105469,70.33000183105469,260,0.0,0.0,2023-07-14
935,2023-07-14 12:39:00-04:00,70.33000183105469,70.33000183105469,70.33000183105469,70.33000183105469,325,0.0,0.0,2023-07-14
936,2023-07-14 12:40:00-04:00,70.33000183105469,70.33000183105469,70.33000183105469,70.33000183105469,123,0.0,0.0,2023-07-14
937,2023-07-14 12:43:00-04:00,70.31999969482422,70.3561019897461,70.31999969482422,70.33999633789062,413,0.0,0.0,2023-07-14
938,2023-07-14 12:44:00-04:00,70.32499694824219,70.39430236816406,70.32499694824219,70.39430236816406,401,0.0,0.0,2023-07-14
939,2023-07-14 12:45:00-04:00,70.4000015258789,70.43000030517578,70.4000015258789,70.43000030517578,1241,0.0,0.0,2023-07-14
940,2023-07-14 12:49:00-04:00,70.29000091552734,70.37000274658203,70.29000091552734,70.3499984741211,718,0.0,0.0,2023-07-14
941,2023-07-14 12:55:00-04:00,70.37999725341797,70.4000015258789,70.37999725341797,70.4000015258789,675,0.0,0.0,2023-07-14
942,2023-07-14 12:56:00-04:00,70.38999938964844,70.4000015258789,70.36000061035156,70.36000061035156,522,0.0,0.0,2023-07-14
943,2023-07-14 12:59:00-04:00,70.37999725341797,70.37999725341797,70.37999725341797,70.37999725341797,207,0.0,0.0,2023-07-14
944,2023-07-14 13:02:00-04:00,70.31999969482422,70.31999969482422,70.31999969482422,70.31999969482422,483,0.0,0.0,2023-07-14
945,2023-07-14 13:04:00-04:00,70.24500274658203,70.2699966430664,70.23999786376953,70.2699966430664,539,0.0,0.0,2023-07-14
946,2023-07-14 13:06:00-04:00,70.2699966430664,70.29499816894531,70.2699966430664,70.29499816894531,411,0.0,0.0,2023-07-14
947,2023-07-14 13:08:00-04:00,70.27999877929688,70.27999877929688,70.27999877929688,70.27999877929688,779,0.0,0.0,2023-07-14
948,2023-07-14 13:10:00-04:00,70.33999633789062,70.33999633789062,70.33999633789062,70.33999633789062,262,0.0,0.0,2023-07-14
949,2023-07-14 13:11:00-04:00,70.37000274658203,70.37000274658203,70.37000274658203,70.37000274658203,533,0.0,0.0,2023-07-14
950,2023-07-14 13:19:00-04:00,70.36000061035156,70.36000061035156,70.36000061035156,70.36000061035156,517,0.0,0.0,2023-07-14
951,2023-07-14 13:21:00-04:00,70.41999816894531,70.41999816894531,70.41999816894531,70.41999816894531,289,0.0,0.0,2023-07-14
952,2023-07-14 13:22:00-04:00,70.36000061035156,70.36000061035156,70.36000061035156,70.36000061035156,1623,0.0,0.0,2023-07-14
953,2023-07-14 13:24:00-04:00,70.31999969482422,70.31999969482422,70.31999969482422,70.31999969482422,211,0.0,0.0,2023-07-14
954,2023-07-14 13:25:00-04:00,70.30000305175781,70.30000305175781,70.2699966430664,70.2699966430664,242,0.0,0.0,2023-07-14
955,2023-07-14 13:27:00-04:00,70.27999877929688,70.33999633789062,70.27999877929688,70.33999633789062,732,0.0,0.0,2023-07-14
956,2023-07-14 13:28:00-04:00,70.38999938964844,70.38999938964844,70.38999938964844,70.38999938964844,287,0.0,0.0,2023-07-14
957,2023-07-14 13:30:00-04:00,70.44000244140625,70.44000244140625,70.44000244140625,70.44000244140625,200,0.0,0.0,2023-07-14
958,2023-07-14 13:31:00-04:00,70.41999816894531,70.41999816894531,70.38999938964844,70.38999938964844,651,0.0,0.0,2023-07-14
959,2023-07-14 13:33:00-04:00,70.41000366210938,70.41000366210938,70.41000366210938,70.41000366210938,105,0.0,0.0,2023-07-14
960,2023-07-14 13:34:00-04:00,70.45999908447266,70.45999908447266,70.45999908447266,70.45999908447266,261,0.0,0.0,2023-07-14
961,2023-07-14 13:36:00-04:00,70.44499969482422,70.44499969482422,70.44499969482422,70.44499969482422,992,0.0,0.0,2023-07-14
962,2023-07-14 13:38:00-04:00,70.47000122070312,70.47000122070312,70.45439910888672,70.45439910888672,292,0.0,0.0,2023-07-14
963,2023-07-14 13:40:00-04:00,70.44999694824219,70.44999694824219,70.44999694824219,70.44999694824219,219,0.0,0.0,2023-07-14
964,2023-07-14 13:42:00-04:00,70.43000030517578,70.43000030517578,70.43000030517578,70.43000030517578,951,0.0,0.0,2023-07-14
965,2023-07-14 13:43:00-04:00,70.48999786376953,70.48999786376953,70.48999786376953,70.48999786376953,777,0.0,0.0,2023-07-14
966,2023-07-14 13:47:00-04:00,70.44499969482422,70.44499969482422,70.44499969482422,70.44499969482422,838,0.0,0.0,2023-07-14
967,2023-07-14 13:56:00-04:00,70.45999908447266,70.45999908447266,70.38999938964844,70.43000030517578,1862,0.0,0.0,2023-07-14
968,2023-07-14 13:58:00-04:00,70.30000305175781,70.30000305175781,70.30000305175781,70.30000305175781,189,0.0,0.0,2023-07-14
969,2023-07-14 13:59:00-04:00,70.27999877929688,70.27999877929688,70.27999877929688,70.27999877929688,257,0.0,0.0,2023-07-14
970,2023-07-14 14:02:00-04:00,70.25,70.2699966430664,70.25,70.2699966430664,365,0.0,0.0,2023-07-14
971,2023-07-14 14:04:00-04:00,70.20999908447266,70.20999908447266,70.20999908447266,70.20999908447266,377,0.0,0.0,2023-07-14
972,2023-07-14 14:05:00-04:00,70.20999908447266,70.22000122070312,70.20999908447266,70.22000122070312,423,0.0,0.0,2023-07-14
973,2023-07-14 14:06:00-04:00,70.25,70.25,70.25,70.25,948,0.0,0.0,2023-07-14
974,2023-07-14 14:13:00-04:00,70.19999694824219,70.19999694824219,70.19000244140625,70.19499969482422,1752,0.0,0.0,2023-07-14
975,2023-07-14 14:16:00-04:00,70.23999786376953,70.27999877929688,70.23999786376953,70.27999877929688,676,0.0,0.0,2023-07-14
976,2023-07-14 14:20:00-04:00,70.29850006103516,70.29850006103516,70.29850006103516,70.29850006103516,701,0.0,0.0,2023-07-14
977,2023-07-14 14:21:00-04:00,70.30999755859375,70.30999755859375,70.30999755859375,70.30999755859375,696,0.0,0.0,2023-07-14
978,2023-07-14 14:22:00-04:00,70.31320190429688,70.31320190429688,70.31320190429688,70.31320190429688,297,0.0,0.0,2023-07-14
979,2023-07-14 14:23:00-04:00,70.2699966430664,70.2699966430664,70.25,70.25,844,0.0,0.0,2023-07-14
980,2023-07-14 14:31:00-04:00,70.27999877929688,70.28500366210938,70.25499725341797,70.25499725341797,1389,0.0,0.0,2023-07-14
981,2023-07-14 14:32:00-04:00,70.2688980102539,70.2688980102539,70.2688980102539,70.2688980102539,203,0.0,0.0,2023-07-14
982,2023-07-14 14:34:00-04:00,70.27999877929688,70.28500366210938,70.2699966430664,70.28500366210938,579,0.0,0.0,2023-07-14
983,2023-07-14 14:35:00-04:00,70.28500366210938,70.30000305175781,70.28500366210938,70.30000305175781,840,0.0,0.0,2023-07-14
984,2023-07-14 14:37:00-04:00,70.27999877929688,70.27999877929688,70.27999877929688,70.27999877929688,556,0.0,0.0,2023-07-14
985,2023-07-14 14:38:00-04:00,70.29499816894531,70.29499816894531,70.29499816894531,70.29499816894531,170,0.0,0.0,2023-07-14
986,2023-07-14 14:40:00-04:00,70.31999969482422,70.33000183105469,70.30000305175781,70.33000183105469,975,0.0,0.0,2023-07-14
987,2023-07-14 14:41:00-04:00,70.34500122070312,70.34500122070312,70.34500122070312,70.34500122070312,322,0.0,0.0,2023-07-14
988,2023-07-14 14:43:00-04:00,70.3499984741211,70.3499984741211,70.3499984741211,70.3499984741211,207,0.0,0.0,2023-07-14
989,2023-07-14 14:46:00-04:00,70.3499984741211,70.3499984741211,70.31999969482422,70.31999969482422,695,0.0,0.0,2023-07-14
990,2023-07-14 14:47:00-04:00,70.28500366210938,70.28500366210938,70.28500366210938,70.28500366210938,420,0.0,0.0,2023-07-14
991,2023-07-14 14:53:00-04:00,70.29000091552734,70.29000091552734,70.29000091552734,70.29000091552734,236,0.0,0.0,2023-07-14
992,2023-07-14 14:55:00-04:00,70.29000091552734,70.29000091552734,70.29000091552734,70.29000091552734,819,0.0,0.0,2023-07-14
993,2023-07-14 14:58:00-04:00,70.28820037841797,70.28820037841797,70.2300033569336,70.2300033569336,1200,0.0,0.0,2023-07-14
994,2023-07-14 14:59:00-04:00,70.30999755859375,70.3499984741211,70.30999755859375,70.31999969482422,1240,0.0,0.0,2023-07-14
995,2023-07-14 15:00:00-04:00,70.26000213623047,70.26000213623047,70.26000213623047,70.26000213623047,1079,0.0,0.0,2023-07-14
996,2023-07-14 15:04:00-04:00,70.19000244140625,70.19000244140625,70.19000244140625,70.19000244140625,194,0.0,0.0,2023-07-14
997,2023-07-14 15:06:00-04:00,70.22000122070312,70.22000122070312,70.22000122070312,70.22000122070312,100,0.0,0.0,2023-07-14
998,2023-07-14 15:07:00-04:00,70.19000244140625,70.30000305175781,70.19000244140625,70.30000305175781,607,0.0,0.0,2023-07-14
999,2023-07-14 15:08:00-04:00,70.30000305175781,70.30000305175781,70.2699966430664,70.2699966430664,1029,0.0,0.0,2023-07-14
1000,2023-07-14 15:10:00-04:00,70.31999969482422,70.33000183105469,70.29000091552734,70.29000091552734,798,0.0,0.0,2023-07-14
1001,2023-07-14 15:12:00-04:00,70.29000091552734,70.29000091552734,70.29000091552734,70.29000091552734,347,0.0,0.0,2023-07-14
1002,2023-07-14 15:13:00-04:00,70.33999633789062,70.37999725341797,70.33999633789062,70.37999725341797,844,0.0,0.0,2023-07-14
1003,2023-07-14 15:16:00-04:00,70.4800033569336,70.4800033569336,70.4800033569336,70.4800033569336,406,0.0,0.0,2023-07-14
1004,2023-07-14 15:19:00-04:00,70.44000244140625,70.44000244140625,70.37000274658203,70.37000274658203,1309,0.0,0.0,2023-07-14
1005,2023-07-14 15:20:00-04:00,70.41000366210938,70.58899688720703,70.4000015258789,70.52999877929688,7753,0.0,0.0,2023-07-14
1006,2023-07-14 15:21:00-04:00,70.53500366210938,70.53500366210938,70.5199966430664,70.5199966430664,349,0.0,0.0,2023-07-14
1007,2023-07-14 15:22:00-04:00,70.56999969482422,70.62000274658203,70.56999969482422,70.62000274658203,806,0.0,0.0,2023-07-14
1008,2023-07-14 15:23:00-04:00,70.58000183105469,70.58000183105469,70.55999755859375,70.55999755859375,658,0.0,0.0,2023-07-14
1009,2023-07-14 15:24:00-04:00,70.55999755859375,70.55999755859375,70.55999755859375,70.55999755859375,103,0.0,0.0,2023-07-14
1010,2023-07-14 15:25:00-04:00,70.55999755859375,70.55999755859375,70.55999755859375,70.55999755859375,587,0.0,0.0,2023-07-14
1011,2023-07-14 15:26:00-04:00,70.5636978149414,70.5636978149414,70.5636978149414,70.5636978149414,155,0.0,0.0,2023-07-14
1012,2023-07-14 15:27:00-04:00,70.56999969482422,70.56999969482422,70.54000091552734,70.54000091552734,585,0.0,0.0,2023-07-14
1013,2023-07-14 15:28:00-04:00,70.5,70.5,70.5,70.5,149,0.0,0.0,2023-07-14
1014,2023-07-14 15:29:00-04:00,70.5530014038086,70.5530014038086,70.5530014038086,70.5530014038086,519,0.0,0.0,2023-07-14
1015,2023-07-14 15:30:00-04:00,70.58000183105469,70.58000183105469,70.58000183105469,70.58000183105469,530,0.0,0.0,2023-07-14
1016,2023-07-14 15:32:00-04:00,70.56749725341797,70.56749725341797,70.54000091552734,70.54000091552734,1692,0.0,0.0,2023-07-14
1017,2023-07-14 15:35:00-04:00,70.48999786376953,70.48999786376953,70.4800033569336,70.4800033569336,426,0.0,0.0,2023-07-14
1018,2023-07-14 15:36:00-04:00,70.47000122070312,70.5199966430664,70.47000122070312,70.49500274658203,1402,0.0,0.0,2023-07-14
1019,2023-07-14 15:37:00-04:00,70.4800033569336,70.4800033569336,70.4800033569336,70.4800033569336,220,0.0,0.0,2023-07-14
1020,2023-07-14 15:38:00-04:00,70.48999786376953,70.48999786376953,70.48999786376953,70.48999786376953,540,0.0,0.0,2023-07-14
1021,2023-07-14 15:39:00-04:00,70.52999877929688,70.58000183105469,70.51000213623047,70.58000183105469,1492,0.0,0.0,2023-07-14
1022,2023-07-14 15:41:00-04:00,70.61000061035156,70.62000274658203,70.61000061035156,70.62000274658203,374,0.0,0.0,2023-07-14
1023,2023-07-14 15:42:00-04:00,70.6500015258789,70.66000366210938,70.62449645996094,70.66000366210938,1124,0.0,0.0,2023-07-14
1024,2023-07-14 15:43:00-04:00,70.62999725341797,70.62999725341797,70.58999633789062,70.58999633789062,1721,0.0,0.0,2023-07-14
1025,2023-07-14 15:45:00-04:00,70.62999725341797,70.6500015258789,70.62999725341797,70.6500015258789,884,0.0,0.0,2023-07-14
1026,2023-07-14 15:47:00-04:00,70.66410064697266,70.66410064697266,70.5999984741211,70.5999984741211,2851,0.0,0.0,2023-07-14
1027,2023-07-14 15:48:00-04:00,70.58999633789062,70.5999984741211,70.58999633789062,70.58999633789062,1435,0.0,0.0,2023-07-14
1028,2023-07-14 15:49:00-04:00,70.54000091552734,70.54000091552734,70.54000091552734,70.54000091552734,455,0.0,0.0,2023-07-14
1029,2023-07-14 15:50:00-04:00,70.51000213623047,70.55999755859375,70.51000213623047,70.54000091552734,1206,0.0,0.0,2023-07-14
1030,2023-07-14 15:51:00-04:00,70.55000305175781,70.55999755859375,70.52999877929688,70.55999755859375,1676,0.0,0.0,2023-07-14
1031,2023-07-14 15:52:00-04:00,70.58999633789062,70.58999633789062,70.54000091552734,70.55000305175781,1923,0.0,0.0,2023-07-14
1032,2023-07-14 15:53:00-04:00,70.56999969482422,70.56999969482422,70.54000091552734,70.54000091552734,1080,0.0,0.0,2023-07-14
1033,2023-07-14 15:54:00-04:00,70.51000213623047,70.55999755859375,70.51000213623047,70.55999755859375,1841,0.0,0.0,2023-07-14
1034,2023-07-14 15:55:00-04:00,70.56999969482422,70.62999725341797,70.56999969482422,70.62999725341797,2648,0.0,0.0,2023-07-14
1035,2023-07-14 15:56:00-04:00,70.68000030517578,70.70999908447266,70.66000366210938,70.66999816894531,4226,0.0,0.0,2023-07-14
1036,2023-07-14 15:57:00-04:00,70.66000366210938,70.66000366210938,70.62999725341797,70.62999725341797,2061,0.0,0.0,2023-07-14
1037,2023-07-14 15:58:00-04:00,70.63999938964844,70.6449966430664,70.61000061035156,70.61000061035156,3331,0.0,0.0,2023-07-14
1038,2023-07-14 15:59:00-04:00,70.61000061035156,70.76000213623047,70.61000061035156,70.75,9923,0.0,0.0,2023-07-14
0,2023-07-17 09:30:00-04:00,70.55999755859375,70.69999694824219,70.55999755859375,70.69999694824219,0,0.0,0.0,2023-07-17
1,2023-07-17 09:31:00-04:00,70.72000122070312,70.72000122070312,70.72000122070312,70.72000122070312,236,0.0,0.0,2023-07-17
2,2023-07-17 09:33:00-04:00,70.9800033569336,70.9800033569336,70.9800033569336,70.9800033569336,208,0.0,0.0,2023-07-17
3,2023-07-17 09:38:00-04:00,70.69999694824219,70.69999694824219,70.55000305175781,70.55000305175781,419,0.0,0.0,2023-07-17
4,2023-07-17 09:43:00-04:00,70.61000061035156,70.61000061035156,70.61000061035156,70.61000061035156,484,0.0,0.0,2023-07-17
5,2023-07-17 09:44:00-04:00,70.62999725341797,70.6500015258789,70.5999984741211,70.6500015258789,626,0.0,0.0,2023-07-17
6,2023-07-17 09:45:00-04:00,70.7699966430664,70.7699966430664,70.68000030517578,70.68499755859375,2257,0.0,0.0,2023-07-17
7,2023-07-17 09:46:00-04:00,70.75,70.75,70.75,70.75,169,0.0,0.0,2023-07-17
8,2023-07-17 09:47:00-04:00,70.69499969482422,70.69499969482422,70.69499969482422,70.69499969482422,580,0.0,0.0,2023-07-17
9,2023-07-17 09:49:00-04:00,70.80999755859375,70.80999755859375,70.80999755859375,70.80999755859375,387,0.0,0.0,2023-07-17
10,2023-07-17 09:52:00-04:00,71.05000305175781,71.05000305175781,70.99500274658203,70.99500274658203,402,0.0,0.0,2023-07-17
11,2023-07-17 09:53:00-04:00,71.0,71.0,71.0,71.0,374,0.0,0.0,2023-07-17
12,2023-07-17 09:58:00-04:00,70.98999786376953,70.98999786376953,70.9800033569336,70.9800033569336,1657,0.0,0.0,2023-07-17
13,2023-07-17 10:00:00-04:00,70.96499633789062,70.96499633789062,70.96499633789062,70.96499633789062,488,0.0,0.0,2023-07-17
14,2023-07-17 10:02:00-04:00,70.88999938964844,70.88999938964844,70.87999725341797,70.87999725341797,1758,0.0,0.0,2023-07-17
15,2023-07-17 10:06:00-04:00,70.6500015258789,70.6500015258789,70.6500015258789,70.6500015258789,243,0.0,0.0,2023-07-17
16,2023-07-17 10:07:00-04:00,70.72000122070312,70.76499938964844,70.72000122070312,70.76499938964844,1134,0.0,0.0,2023-07-17
17,2023-07-17 10:12:00-04:00,70.69999694824219,70.73999786376953,70.68499755859375,70.70999908447266,980,0.0,0.0,2023-07-17
18,2023-07-17 10:15:00-04:00,70.69999694824219,70.69999694824219,70.68000030517578,70.68000030517578,1193,0.0,0.0,2023-07-17
19,2023-07-17 10:17:00-04:00,70.69000244140625,70.69999694824219,70.62000274658203,70.62000274658203,919,0.0,0.0,2023-07-17
20,2023-07-17 10:19:00-04:00,70.5,70.51000213623047,70.5,70.5,1371,0.0,0.0,2023-07-17
21,2023-07-17 10:20:00-04:00,70.58000183105469,70.66000366210938,70.58000183105469,70.66000366210938,1677,0.0,0.0,2023-07-17
22,2023-07-17 10:21:00-04:00,70.58000183105469,70.58000183105469,70.58000183105469,70.58000183105469,268,0.0,0.0,2023-07-17
23,2023-07-17 10:24:00-04:00,70.67500305175781,70.67500305175781,70.67500305175781,70.67500305175781,110,0.0,0.0,2023-07-17
24,2023-07-17 10:27:00-04:00,70.58999633789062,70.69999694824219,70.58000183105469,70.69999694824219,1698,0.0,0.0,2023-07-17
25,2023-07-17 10:29:00-04:00,70.76000213623047,70.76000213623047,70.76000213623047,70.76000213623047,572,0.0,0.0,2023-07-17
26,2023-07-17 10:35:00-04:00,70.6050033569336,70.6050033569336,70.6050033569336,70.6050033569336,630,0.0,0.0,2023-07-17
27,2023-07-17 10:39:00-04:00,70.65499877929688,70.69000244140625,70.65499877929688,70.69000244140625,693,0.0,0.0,2023-07-17
28,2023-07-17 10:43:00-04:00,70.68000030517578,70.68000030517578,70.68000030517578,70.68000030517578,322,0.0,0.0,2023-07-17
29,2023-07-17 10:47:00-04:00,70.76000213623047,70.93000030517578,70.76000213623047,70.93000030517578,1361,0.0,0.0,2023-07-17
30,2023-07-17 10:48:00-04:00,70.8949966430664,70.8949966430664,70.8949966430664,70.8949966430664,443,0.0,0.0,2023-07-17
31,2023-07-17 10:50:00-04:00,71.00499725341797,71.00499725341797,71.00499725341797,71.00499725341797,397,0.0,0.0,2023-07-17
32,2023-07-17 10:53:00-04:00,71.05999755859375,71.05999755859375,71.0199966430664,71.0199966430664,606,0.0,0.0,2023-07-17
33,2023-07-17 10:54:00-04:00,71.01000213623047,71.0199966430664,71.01000213623047,71.0199966430664,381,0.0,0.0,2023-07-17
34,2023-07-17 10:55:00-04:00,70.9800033569336,70.9800033569336,70.9800033569336,70.9800033569336,701,0.0,0.0,2023-07-17
35,2023-07-17 10:56:00-04:00,70.94999694824219,70.94999694824219,70.94999694824219,70.94999694824219,421,0.0,0.0,2023-07-17
36,2023-07-17 10:59:00-04:00,70.8292007446289,70.8292007446289,70.8292007446289,70.8292007446289,325,0.0,0.0,2023-07-17
37,2023-07-17 11:01:00-04:00,70.86000061035156,70.86000061035156,70.86000061035156,70.86000061035156,331,0.0,0.0,2023-07-17
38,2023-07-17 11:04:00-04:00,70.81999969482422,70.81999969482422,70.81999969482422,70.81999969482422,111,0.0,0.0,2023-07-17
39,2023-07-17 11:06:00-04:00,70.81999969482422,70.81999969482422,70.81999969482422,70.81999969482422,185,0.0,0.0,2023-07-17
40,2023-07-17 11:12:00-04:00,70.81999969482422,70.81999969482422,70.81999969482422,70.81999969482422,308,0.0,0.0,2023-07-17
41,2023-07-17 11:14:00-04:00,70.91000366210938,70.93000030517578,70.91000366210938,70.93000030517578,1278,0.0,0.0,2023-07-17
42,2023-07-17 11:19:00-04:00,70.87999725341797,70.87999725341797,70.87999725341797,70.87999725341797,756,0.0,0.0,2023-07-17
43,2023-07-17 11:20:00-04:00,70.9000015258789,70.9000015258789,70.9000015258789,70.9000015258789,381,0.0,0.0,2023-07-17
44,2023-07-17 11:21:00-04:00,70.87000274658203,70.87000274658203,70.87000274658203,70.87000274658203,171,0.0,0.0,2023-07-17
45,2023-07-17 11:25:00-04:00,70.91999816894531,70.91999816894531,70.91999816894531,70.91999816894531,346,0.0,0.0,2023-07-17
46,2023-07-17 11:31:00-04:00,70.86000061035156,70.86000061035156,70.86000061035156,70.86000061035156,460,0.0,0.0,2023-07-17
47,2023-07-17 11:32:00-04:00,70.93000030517578,70.95500183105469,70.93000030517578,70.95500183105469,712,0.0,0.0,2023-07-17
48,2023-07-17 11:33:00-04:00,70.97000122070312,70.97000122070312,70.97000122070312,70.97000122070312,323,0.0,0.0,2023-07-17
49,2023-07-17 11:35:00-04:00,71.01000213623047,71.06999969482422,71.01000213623047,71.06999969482422,910,0.0,0.0,2023-07-17
50,2023-07-17 11:36:00-04:00,71.08999633789062,71.0999984741211,71.08000183105469,71.08000183105469,615,0.0,0.0,2023-07-17
51,2023-07-17 11:37:00-04:00,71.08000183105469,71.08000183105469,71.08000183105469,71.08000183105469,101,0.0,0.0,2023-07-17
52,2023-07-17 11:38:00-04:00,71.12989807128906,71.12989807128906,71.08000183105469,71.08000183105469,298,0.0,0.0,2023-07-17
53,2023-07-17 11:40:00-04:00,71.08000183105469,71.08000183105469,71.08000183105469,71.08000183105469,118,0.0,0.0,2023-07-17
54,2023-07-17 11:42:00-04:00,71.02999877929688,71.02999877929688,70.98999786376953,70.98999786376953,933,0.0,0.0,2023-07-17
55,2023-07-17 11:43:00-04:00,70.95500183105469,70.95500183105469,70.95500183105469,70.95500183105469,208,0.0,0.0,2023-07-17
56,2023-07-17 11:45:00-04:00,71.05000305175781,71.05999755859375,71.01499938964844,71.01499938964844,790,0.0,0.0,2023-07-17
57,2023-07-17 11:47:00-04:00,71.08000183105469,71.08000183105469,71.08000183105469,71.08000183105469,266,0.0,0.0,2023-07-17
58,2023-07-17 11:54:00-04:00,71.05000305175781,71.05000305175781,71.05000305175781,71.05000305175781,102,0.0,0.0,2023-07-17
59,2023-07-17 11:55:00-04:00,71.1500015258789,71.16000366210938,71.12999725341797,71.12999725341797,1355,0.0,0.0,2023-07-17
60,2023-07-17 11:56:00-04:00,71.22000122070312,71.22000122070312,71.22000122070312,71.22000122070312,317,0.0,0.0,2023-07-17
61,2023-07-17 11:58:00-04:00,71.13999938964844,71.13999938964844,71.13999938964844,71.13999938964844,463,0.0,0.0,2023-07-17
62,2023-07-17 12:00:00-04:00,71.11000061035156,71.11000061035156,71.11000061035156,71.11000061035156,101,0.0,0.0,2023-07-17
63,2023-07-17 12:01:00-04:00,71.18000030517578,71.33000183105469,71.16999816894531,71.33000183105469,3363,0.0,0.0,2023-07-17
64,2023-07-17 12:02:00-04:00,71.33000183105469,71.33999633789062,71.33000183105469,71.33999633789062,451,0.0,0.0,2023-07-17
65,2023-07-17 12:04:00-04:00,71.32499694824219,71.37000274658203,71.32499694824219,71.37000274658203,454,0.0,0.0,2023-07-17
66,2023-07-17 12:05:00-04:00,71.38999938964844,71.43000030517578,71.32959747314453,71.43000030517578,1412,0.0,0.0,2023-07-17
67,2023-07-17 12:06:00-04:00,71.40499877929688,71.40499877929688,71.40499877929688,71.40499877929688,603,0.0,0.0,2023-07-17
68,2023-07-17 12:10:00-04:00,71.47000122070312,71.51000213623047,71.47000122070312,71.51000213623047,615,0.0,0.0,2023-07-17
69,2023-07-17 12:11:00-04:00,71.47000122070312,71.47000122070312,71.47000122070312,71.47000122070312,414,0.0,0.0,2023-07-17
70,2023-07-17 12:14:00-04:00,71.52999877929688,71.52999877929688,71.52999877929688,71.52999877929688,435,0.0,0.0,2023-07-17
71,2023-07-17 12:16:00-04:00,71.48999786376953,71.48999786376953,71.4000015258789,71.43499755859375,1387,0.0,0.0,2023-07-17
72,2023-07-17 12:18:00-04:00,71.37999725341797,71.44580078125,71.37999725341797,71.44580078125,208,0.0,0.0,2023-07-17
73,2023-07-17 12:19:00-04:00,71.36499786376953,71.36499786376953,71.36499786376953,71.36499786376953,441,0.0,0.0,2023-07-17
74,2023-07-17 12:22:00-04:00,71.44000244140625,71.44000244140625,71.44000244140625,71.44000244140625,192,0.0,0.0,2023-07-17
75,2023-07-17 12:23:00-04:00,71.37999725341797,71.37999725341797,71.36000061035156,71.36000061035156,647,0.0,0.0,2023-07-17
76,2023-07-17 12:27:00-04:00,71.47000122070312,71.47000122070312,71.47000122070312,71.47000122070312,308,0.0,0.0,2023-07-17
77,2023-07-17 12:28:00-04:00,71.33999633789062,71.43000030517578,71.33999633789062,71.43000030517578,566,0.0,0.0,2023-07-17
78,2023-07-17 12:30:00-04:00,71.45999908447266,71.54499816894531,71.45999908447266,71.54499816894531,318,0.0,0.0,2023-07-17
79,2023-07-17 12:32:00-04:00,71.56999969482422,71.56999969482422,71.56999969482422,71.56999969482422,138,0.0,0.0,2023-07-17
80,2023-07-17 12:33:00-04:00,71.54000091552734,71.58000183105469,71.54000091552734,71.58000183105469,337,0.0,0.0,2023-07-17
81,2023-07-17 12:34:00-04:00,71.58000183105469,71.58000183105469,71.58000183105469,71.58000183105469,204,0.0,0.0,2023-07-17
82,2023-07-17 12:35:00-04:00,71.535400390625,71.535400390625,71.535400390625,71.535400390625,111,0.0,0.0,2023-07-17
83,2023-07-17 12:37:00-04:00,71.5250015258789,71.5250015258789,71.5250015258789,71.5250015258789,222,0.0,0.0,2023-07-17
84,2023-07-17 12:38:00-04:00,71.5250015258789,71.54000091552734,71.45500183105469,71.5270004272461,1673,0.0,0.0,2023-07-17
85,2023-07-17 12:39:00-04:00,71.55999755859375,71.58000183105469,71.55999755859375,71.56999969482422,616,0.0,0.0,2023-07-17
86,2023-07-17 12:40:00-04:00,71.58000183105469,71.58000183105469,71.52999877929688,71.52999877929688,450,0.0,0.0,2023-07-17
87,2023-07-17 12:44:00-04:00,71.58999633789062,71.5999984741211,71.58999633789062,71.58999633789062,676,0.0,0.0,2023-07-17
88,2023-07-17 12:45:00-04:00,71.58499908447266,71.58499908447266,71.55999755859375,71.58000183105469,438,0.0,0.0,2023-07-17
89,2023-07-17 12:47:00-04:00,71.55000305175781,71.55999755859375,71.55000305175781,71.55999755859375,536,0.0,0.0,2023-07-17
90,2023-07-17 12:50:00-04:00,71.54000091552734,71.54000091552734,71.54000091552734,71.54000091552734,126,0.0,0.0,2023-07-17
91,2023-07-17 12:52:00-04:00,71.45999908447266,71.50499725341797,71.45999908447266,71.50499725341797,327,0.0,0.0,2023-07-17
92,2023-07-17 12:56:00-04:00,71.44000244140625,71.44000244140625,71.44000244140625,71.44000244140625,101,0.0,0.0,2023-07-17
93,2023-07-17 12:57:00-04:00,71.4800033569336,71.4800033569336,71.4800033569336,71.4800033569336,106,0.0,0.0,2023-07-17
94,2023-07-17 12:58:00-04:00,71.51000213623047,71.51000213623047,71.51000213623047,71.51000213623047,216,0.0,0.0,2023-07-17
95,2023-07-17 13:00:00-04:00,71.43499755859375,71.43499755859375,71.43499755859375,71.43499755859375,165,0.0,0.0,2023-07-17
96,2023-07-17 13:02:00-04:00,71.48999786376953,71.5,71.43000030517578,71.5,1378,0.0,0.0,2023-07-17
97,2023-07-17 13:03:00-04:00,71.4800033569336,71.4800033569336,71.41999816894531,71.41999816894531,350,0.0,0.0,2023-07-17
98,2023-07-17 13:05:00-04:00,71.4800033569336,71.4800033569336,71.41999816894531,71.41999816894531,541,0.0,0.0,2023-07-17
99,2023-07-17 13:06:00-04:00,71.43000030517578,71.43000030517578,71.41999816894531,71.41999816894531,553,0.0,0.0,2023-07-17
100,2023-07-17 13:07:00-04:00,71.37999725341797,71.38500213623047,71.37999725341797,71.38500213623047,311,0.0,0.0,2023-07-17
101,2023-07-17 13:09:00-04:00,71.44999694824219,71.44999694824219,71.44999694824219,71.44999694824219,160,0.0,0.0,2023-07-17
102,2023-07-17 13:10:00-04:00,71.44999694824219,71.47000122070312,71.43000030517578,71.47000122070312,851,0.0,0.0,2023-07-17
103,2023-07-17 13:12:00-04:00,71.41999816894531,71.41999816894531,71.41999816894531,71.41999816894531,360,0.0,0.0,2023-07-17
104,2023-07-17 13:13:00-04:00,71.43229675292969,71.43229675292969,71.4000015258789,71.4000015258789,642,0.0,0.0,2023-07-17
105,2023-07-17 13:15:00-04:00,71.47000122070312,71.5,71.45500183105469,71.45999908447266,830,0.0,0.0,2023-07-17
106,2023-07-17 13:17:00-04:00,71.46499633789062,71.46499633789062,71.41999816894531,71.42500305175781,810,0.0,0.0,2023-07-17
107,2023-07-17 13:19:00-04:00,71.45999908447266,71.5199966430664,71.45999908447266,71.47000122070312,1293,0.0,0.0,2023-07-17
108,2023-07-17 13:20:00-04:00,71.50499725341797,71.50499725341797,71.50499725341797,71.50499725341797,125,0.0,0.0,2023-07-17
109,2023-07-17 13:21:00-04:00,71.50499725341797,71.50499725341797,71.50499725341797,71.50499725341797,285,0.0,0.0,2023-07-17
110,2023-07-17 13:22:00-04:00,71.51000213623047,71.51000213623047,71.51000213623047,71.51000213623047,285,0.0,0.0,2023-07-17
111,2023-07-17 13:23:00-04:00,71.55500030517578,71.55500030517578,71.55500030517578,71.55500030517578,143,0.0,0.0,2023-07-17
112,2023-07-17 13:24:00-04:00,71.52999877929688,71.52999877929688,71.50170135498047,71.5199966430664,679,0.0,0.0,2023-07-17
113,2023-07-17 13:26:00-04:00,71.52999877929688,71.52999877929688,71.52999877929688,71.52999877929688,226,0.0,0.0,2023-07-17
114,2023-07-17 13:28:00-04:00,71.55000305175781,71.55999755859375,71.55000305175781,71.55999755859375,690,0.0,0.0,2023-07-17
115,2023-07-17 13:29:00-04:00,71.56500244140625,71.56500244140625,71.56500244140625,71.56500244140625,104,0.0,0.0,2023-07-17
116,2023-07-17 13:30:00-04:00,71.54000091552734,71.54000091552734,71.51000213623047,71.5199966430664,922,0.0,0.0,2023-07-17
117,2023-07-17 13:34:00-04:00,71.51000213623047,71.51000213623047,71.51000213623047,71.51000213623047,323,0.0,0.0,2023-07-17
118,2023-07-17 13:36:00-04:00,71.55000305175781,71.55000305175781,71.55000305175781,71.55000305175781,290,0.0,0.0,2023-07-17
119,2023-07-17 13:38:00-04:00,71.55999755859375,71.55999755859375,71.55999755859375,71.55999755859375,123,0.0,0.0,2023-07-17
120,2023-07-17 13:39:00-04:00,71.55999755859375,71.55999755859375,71.55999755859375,71.55999755859375,508,0.0,0.0,2023-07-17
121,2023-07-17 13:41:00-04:00,71.5,71.5,71.5,71.5,358,0.0,0.0,2023-07-17
122,2023-07-17 13:42:00-04:00,71.44000244140625,71.44000244140625,71.44000244140625,71.44000244140625,696,0.0,0.0,2023-07-17
123,2023-07-17 13:44:00-04:00,71.4800033569336,71.4800033569336,71.4800033569336,71.4800033569336,203,0.0,0.0,2023-07-17
124,2023-07-17 13:45:00-04:00,71.45909881591797,71.45909881591797,71.45909881591797,71.45909881591797,101,0.0,0.0,2023-07-17
125,2023-07-17 13:46:00-04:00,71.44000244140625,71.44999694824219,71.43000030517578,71.44999694824219,1064,0.0,0.0,2023-07-17
126,2023-07-17 13:47:00-04:00,71.45999908447266,71.45999908447266,71.45999908447266,71.45999908447266,271,0.0,0.0,2023-07-17
127,2023-07-17 13:50:00-04:00,71.4800033569336,71.4800033569336,71.4800033569336,71.4800033569336,237,0.0,0.0,2023-07-17
128,2023-07-17 13:52:00-04:00,71.43000030517578,71.43000030517578,71.43000030517578,71.43000030517578,112,0.0,0.0,2023-07-17
129,2023-07-17 13:53:00-04:00,71.3499984741211,71.3499984741211,71.33999633789062,71.33999633789062,320,0.0,0.0,2023-07-17
130,2023-07-17 13:55:00-04:00,71.31999969482422,71.33999633789062,71.29000091552734,71.33999633789062,779,0.0,0.0,2023-07-17
131,2023-07-17 13:56:00-04:00,71.31999969482422,71.31999969482422,71.31999969482422,71.31999969482422,104,0.0,0.0,2023-07-17
132,2023-07-17 13:57:00-04:00,71.31999969482422,71.3499984741211,71.31999969482422,71.3499984741211,291,0.0,0.0,2023-07-17
133,2023-07-17 13:59:00-04:00,71.31999969482422,71.32499694824219,71.31999969482422,71.32499694824219,587,0.0,0.0,2023-07-17
134,2023-07-17 14:02:00-04:00,71.30500030517578,71.30500030517578,71.30500030517578,71.30500030517578,109,0.0,0.0,2023-07-17
135,2023-07-17 14:03:00-04:00,71.30500030517578,71.30500030517578,71.26000213623047,71.26000213623047,855,0.0,0.0,2023-07-17
136,2023-07-17 14:04:00-04:00,71.31999969482422,71.3499984741211,71.31999969482422,71.3499984741211,1289,0.0,0.0,2023-07-17
137,2023-07-17 14:05:00-04:00,71.37000274658203,71.37999725341797,71.33999633789062,71.36000061035156,1248,0.0,0.0,2023-07-17
138,2023-07-17 14:07:00-04:00,71.38999938964844,71.38999938964844,71.38999938964844,71.38999938964844,552,0.0,0.0,2023-07-17
139,2023-07-17 14:11:00-04:00,71.41000366210938,71.41000366210938,71.41000366210938,71.41000366210938,222,0.0,0.0,2023-07-17
140,2023-07-17 14:12:00-04:00,71.44000244140625,71.44000244140625,71.44000244140625,71.44000244140625,114,0.0,0.0,2023-07-17
141,2023-07-17 14:13:00-04:00,71.37999725341797,71.44000244140625,71.37999725341797,71.44000244140625,550,0.0,0.0,2023-07-17
142,2023-07-17 14:14:00-04:00,71.44000244140625,71.44000244140625,71.44000244140625,71.44000244140625,850,0.0,0.0,2023-07-17
143,2023-07-17 14:18:00-04:00,71.5,71.5,71.5,71.5,341,0.0,0.0,2023-07-17
144,2023-07-17 14:19:00-04:00,71.4800033569336,71.51000213623047,71.44999694824219,71.44999694824219,1093,0.0,0.0,2023-07-17
145,2023-07-17 14:20:00-04:00,71.48999786376953,71.5,71.48999786376953,71.5,771,0.0,0.0,2023-07-17
146,2023-07-17 14:23:00-04:00,71.55000305175781,71.55000305175781,71.55000305175781,71.55000305175781,562,0.0,0.0,2023-07-17
147,2023-07-17 14:26:00-04:00,71.58000183105469,71.58000183105469,71.58000183105469,71.58000183105469,140,0.0,0.0,2023-07-17
148,2023-07-17 14:27:00-04:00,71.55999755859375,71.55999755859375,71.55999755859375,71.55999755859375,211,0.0,0.0,2023-07-17
149,2023-07-17 14:28:00-04:00,71.58000183105469,71.58000183105469,71.58000183105469,71.58000183105469,420,0.0,0.0,2023-07-17
150,2023-07-17 14:30:00-04:00,71.52999877929688,71.54000091552734,71.52999877929688,71.52999877929688,609,0.0,0.0,2023-07-17
151,2023-07-17 14:31:00-04:00,71.5199966430664,71.5199966430664,71.5199966430664,71.5199966430664,662,0.0,0.0,2023-07-17
152,2023-07-17 14:32:00-04:00,71.5250015258789,71.5250015258789,71.5250015258789,71.5250015258789,283,0.0,0.0,2023-07-17
153,2023-07-17 14:34:00-04:00,71.52999877929688,71.52999877929688,71.52999877929688,71.52999877929688,648,0.0,0.0,2023-07-17
154,2023-07-17 14:36:00-04:00,71.55000305175781,71.55000305175781,71.55000305175781,71.55000305175781,111,0.0,0.0,2023-07-17
155,2023-07-17 14:37:00-04:00,71.5199966430664,71.5199966430664,71.5199966430664,71.5199966430664,1130,0.0,0.0,2023-07-17
156,2023-07-17 14:42:00-04:00,71.36000061035156,71.41999816894531,71.36000061035156,71.41999816894531,1467,0.0,0.0,2023-07-17
157,2023-07-17 14:45:00-04:00,71.41999816894531,71.44000244140625,71.40499877929688,71.44000244140625,796,0.0,0.0,2023-07-17
158,2023-07-17 14:46:00-04:00,71.44000244140625,71.45999908447266,71.44000244140625,71.45999908447266,455,0.0,0.0,2023-07-17
159,2023-07-17 14:48:00-04:00,71.47000122070312,71.4800033569336,71.47000122070312,71.4800033569336,488,0.0,0.0,2023-07-17
160,2023-07-17 14:49:00-04:00,71.4800033569336,71.4800033569336,71.47000122070312,71.47000122070312,1230,0.0,0.0,2023-07-17
161,2023-07-17 14:52:00-04:00,71.43000030517578,71.43000030517578,71.43000030517578,71.43000030517578,540,0.0,0.0,2023-07-17
162,2023-07-17 14:53:00-04:00,71.44000244140625,71.44999694824219,71.41999816894531,71.44999694824219,466,0.0,0.0,2023-07-17
163,2023-07-17 14:56:00-04:00,71.42500305175781,71.42500305175781,71.42500305175781,71.42500305175781,135,0.0,0.0,2023-07-17
164,2023-07-17 14:58:00-04:00,71.42500305175781,71.45999908447266,71.42500305175781,71.44000244140625,910,0.0,0.0,2023-07-17
165,2023-07-17 14:59:00-04:00,71.41999816894531,71.41999816894531,71.41999816894531,71.41999816894531,378,0.0,0.0,2023-07-17
166,2023-07-17 15:00:00-04:00,71.44999694824219,71.47000122070312,71.44999694824219,71.47000122070312,247,0.0,0.0,2023-07-17
167,2023-07-17 15:01:00-04:00,71.44499969482422,71.44499969482422,71.44499969482422,71.44499969482422,199,0.0,0.0,2023-07-17
168,2023-07-17 15:02:00-04:00,71.47000122070312,71.47000122070312,71.47000122070312,71.47000122070312,563,0.0,0.0,2023-07-17
169,2023-07-17 15:03:00-04:00,71.45999908447266,71.45999908447266,71.44000244140625,71.44000244140625,745,0.0,0.0,2023-07-17
170,2023-07-17 15:04:00-04:00,71.41999816894531,71.41999816894531,71.34960174560547,71.34960174560547,363,0.0,0.0,2023-07-17
171,2023-07-17 15:06:00-04:00,71.37000274658203,71.4000015258789,71.37000274658203,71.4000015258789,578,0.0,0.0,2023-07-17
172,2023-07-17 15:07:00-04:00,71.31999969482422,71.31999969482422,71.31999969482422,71.31999969482422,139,0.0,0.0,2023-07-17
173,2023-07-17 15:08:00-04:00,71.37000274658203,71.37000274658203,71.37000274658203,71.37000274658203,341,0.0,0.0,2023-07-17
174,2023-07-17 15:10:00-04:00,71.37000274658203,71.38999938964844,71.33999633789062,71.33999633789062,898,0.0,0.0,2023-07-17
175,2023-07-17 15:11:00-04:00,71.3550033569336,71.3550033569336,71.3550033569336,71.3550033569336,220,0.0,0.0,2023-07-17
176,2023-07-17 15:13:00-04:00,71.36000061035156,71.36000061035156,71.36000061035156,71.36000061035156,435,0.0,0.0,2023-07-17
177,2023-07-17 15:14:00-04:00,71.37000274658203,71.37000274658203,71.37000274658203,71.37000274658203,208,0.0,0.0,2023-07-17
178,2023-07-17 15:15:00-04:00,71.36499786376953,71.36499786376953,71.31999969482422,71.31999969482422,997,0.0,0.0,2023-07-17
179,2023-07-17 15:16:00-04:00,71.33000183105469,71.33999633789062,71.29499816894531,71.33999633789062,859,0.0,0.0,2023-07-17
180,2023-07-17 15:18:00-04:00,71.32499694824219,71.33000183105469,71.30000305175781,71.33000183105469,742,0.0,0.0,2023-07-17
181,2023-07-17 15:19:00-04:00,71.36000061035156,71.43000030517578,71.3499984741211,71.41999816894531,1860,0.0,0.0,2023-07-17
182,2023-07-17 15:20:00-04:00,71.41000366210938,71.41000366210938,71.41000366210938,71.41000366210938,193,0.0,0.0,2023-07-17
183,2023-07-17 15:21:00-04:00,71.3949966430664,71.3949966430664,71.30999755859375,71.32499694824219,829,0.0,0.0,2023-07-17
184,2023-07-17 15:22:00-04:00,71.3499984741211,71.3499984741211,71.3499984741211,71.3499984741211,271,0.0,0.0,2023-07-17
185,2023-07-17 15:24:00-04:00,71.30999755859375,71.33999633789062,71.30500030517578,71.33999633789062,608,0.0,0.0,2023-07-17
186,2023-07-17 15:25:00-04:00,71.37999725341797,71.37999725341797,71.37999725341797,71.37999725341797,418,0.0,0.0,2023-07-17
187,2023-07-17 15:26:00-04:00,71.375,71.375,71.3499984741211,71.3499984741211,457,0.0,0.0,2023-07-17
188,2023-07-17 15:27:00-04:00,71.33000183105469,71.33000183105469,71.33000183105469,71.33000183105469,242,0.0,0.0,2023-07-17
189,2023-07-17 15:28:00-04:00,71.38999938964844,71.38999938964844,71.38999938964844,71.38999938964844,125,0.0,0.0,2023-07-17
190,2023-07-17 15:29:00-04:00,71.30999755859375,71.30999755859375,71.30999755859375,71.30999755859375,306,0.0,0.0,2023-07-17
191,2023-07-17 15:30:00-04:00,71.31999969482422,71.31999969482422,71.31999969482422,71.31999969482422,355,0.0,0.0,2023-07-17
192,2023-07-17 15:31:00-04:00,71.29000091552734,71.31999969482422,71.2699966430664,71.2699966430664,1497,0.0,0.0,2023-07-17
193,2023-07-17 15:32:00-04:00,71.26000213623047,71.26499938964844,71.2300033569336,71.2300033569336,934,0.0,0.0,2023-07-17
194,2023-07-17 15:33:00-04:00,71.2300033569336,71.23999786376953,71.22000122070312,71.22000122070312,703,0.0,0.0,2023-07-17
195,2023-07-17 15:34:00-04:00,71.26000213623047,71.30000305175781,71.26000213623047,71.28500366210938,1686,0.0,0.0,2023-07-17
196,2023-07-17 15:35:00-04:00,71.27999877929688,71.33999633789062,71.27999877929688,71.33499908447266,1172,0.0,0.0,2023-07-17
197,2023-07-17 15:36:00-04:00,71.33999633789062,71.36000061035156,71.33000183105469,71.33000183105469,822,0.0,0.0,2023-07-17
198,2023-07-17 15:37:00-04:00,71.30000305175781,71.30000305175781,71.30000305175781,71.30000305175781,455,0.0,0.0,2023-07-17
199,2023-07-17 15:38:00-04:00,71.33999633789062,71.33999633789062,71.31999969482422,71.31999969482422,495,0.0,0.0,2023-07-17
200,2023-07-17 15:40:00-04:00,71.36000061035156,71.37000274658203,71.33499908447266,71.37000274658203,903,0.0,0.0,2023-07-17
201,2023-07-17 15:41:00-04:00,71.31999969482422,71.34500122070312,71.31999969482422,71.31999969482422,1023,0.0,0.0,2023-07-17
202,2023-07-17 15:42:00-04:00,71.3499984741211,71.3499984741211,71.33999633789062,71.3499984741211,1516,0.0,0.0,2023-07-17
203,2023-07-17 15:43:00-04:00,71.3499984741211,71.36000061035156,71.3499984741211,71.3499984741211,547,0.0,0.0,2023-07-17
204,2023-07-17 15:44:00-04:00,71.34500122070312,71.34500122070312,71.30000305175781,71.30999755859375,2955,0.0,0.0,2023-07-17
205,2023-07-17 15:45:00-04:00,71.30000305175781,71.30000305175781,71.26000213623047,71.30000305175781,1170,0.0,0.0,2023-07-17
206,2023-07-17 15:46:00-04:00,71.2699966430664,71.28500366210938,71.16999816894531,71.17500305175781,3837,0.0,0.0,2023-07-17
207,2023-07-17 15:47:00-04:00,71.19000244140625,71.19000244140625,71.08000183105469,71.11000061035156,4797,0.0,0.0,2023-07-17
208,2023-07-17 15:48:00-04:00,71.08999633789062,71.1050033569336,71.0199966430664,71.05999755859375,4530,0.0,0.0,2023-07-17
209,2023-07-17 15:49:00-04:00,71.0199966430664,71.0199966430664,71.0199966430664,71.0199966430664,1518,0.0,0.0,2023-07-17
210,2023-07-17 15:50:00-04:00,71.01499938964844,71.05999755859375,70.9749984741211,71.05999755859375,3316,0.0,0.0,2023-07-17
211,2023-07-17 15:51:00-04:00,71.05500030517578,71.06999969482422,71.0,71.05999755859375,4409,0.0,0.0,2023-07-17
212,2023-07-17 15:52:00-04:00,71.02999877929688,71.04000091552734,70.95999908447266,70.9800033569336,3776,0.0,0.0,2023-07-17
213,2023-07-17 15:53:00-04:00,70.93000030517578,70.94000244140625,70.88999938964844,70.91999816894531,5480,0.0,0.0,2023-07-17
214,2023-07-17 15:54:00-04:00,70.91999816894531,70.94000244140625,70.9000015258789,70.9000015258789,2314,0.0,0.0,2023-07-17
215,2023-07-17 15:55:00-04:00,70.93000030517578,70.94499969482422,70.86000061035156,70.87000274658203,4174,0.0,0.0,2023-07-17
216,2023-07-17 15:56:00-04:00,70.87000274658203,70.93000030517578,70.87000274658203,70.93000030517578,3279,0.0,0.0,2023-07-17
217,2023-07-17 15:57:00-04:00,70.94000244140625,70.94000244140625,70.8499984741211,70.8550033569336,4815,0.0,0.0,2023-07-17
218,2023-07-17 15:58:00-04:00,70.83000183105469,70.83000183105469,70.81999969482422,70.81999969482422,5462,0.0,0.0,2023-07-17
219,2023-07-17 15:59:00-04:00,70.83000183105469,70.84500122070312,70.79000091552734,70.83000183105469,10808,0.0,0.0,2023-07-17
220,2023-07-18 09:30:00-04:00,71.2300033569336,71.2300033569336,71.2300033569336,71.2300033569336,3450,0.0,0.0,2023-07-18
221,2023-07-18 09:31:00-04:00,71.26000213623047,71.26000213623047,71.26000213623047,71.26000213623047,333,0.0,0.0,2023-07-18
222,2023-07-18 09:33:00-04:00,71.28500366210938,71.28500366210938,71.28500366210938,71.28500366210938,143,0.0,0.0,2023-07-18
223,2023-07-18 09:34:00-04:00,71.34500122070312,71.40809631347656,71.34500122070312,71.40809631347656,493,0.0,0.0,2023-07-18
224,2023-07-18 09:35:00-04:00,71.26000213623047,71.26000213623047,71.26000213623047,71.26000213623047,209,0.0,0.0,2023-07-18
225,2023-07-18 09:36:00-04:00,71.55000305175781,71.55000305175781,71.55000305175781,71.55000305175781,518,0.0,0.0,2023-07-18
226,2023-07-18 09:43:00-04:00,71.87000274658203,71.87999725341797,71.5999984741211,71.5999984741211,2034,0.0,0.0,2023-07-18
227,2023-07-18 09:48:00-04:00,71.58660125732422,71.58660125732422,71.58660125732422,71.58660125732422,413,0.0,0.0,2023-07-18
228,2023-07-18 09:50:00-04:00,71.61029815673828,71.61029815673828,71.61029815673828,71.61029815673828,204,0.0,0.0,2023-07-18
229,2023-07-18 09:51:00-04:00,71.6500015258789,71.6500015258789,71.6500015258789,71.6500015258789,353,0.0,0.0,2023-07-18
230,2023-07-18 09:59:00-04:00,71.88999938964844,71.91999816894531,71.80999755859375,71.80999755859375,1088,0.0,0.0,2023-07-18
231,2023-07-18 10:00:00-04:00,71.98999786376953,72.00499725341797,71.9800033569336,72.00499725341797,781,0.0,0.0,2023-07-18
232,2023-07-18 10:02:00-04:00,71.9800033569336,72.0999984741211,71.9800033569336,72.0999984741211,1008,0.0,0.0,2023-07-18
233,2023-07-18 10:03:00-04:00,72.12999725341797,72.1500015258789,72.05000305175781,72.05000305175781,2835,0.0,0.0,2023-07-18
234,2023-07-18 10:06:00-04:00,72.23500061035156,72.23500061035156,72.12999725341797,72.12999725341797,437,0.0,0.0,2023-07-18
235,2023-07-18 10:07:00-04:00,72.22000122070312,72.22000122070312,72.22000122070312,72.22000122070312,216,0.0,0.0,2023-07-18
236,2023-07-18 10:08:00-04:00,72.12999725341797,72.1500015258789,72.06500244140625,72.06500244140625,941,0.0,0.0,2023-07-18
237,2023-07-18 10:11:00-04:00,71.94000244140625,71.94000244140625,71.94000244140625,71.94000244140625,168,0.0,0.0,2023-07-18
238,2023-07-18 10:12:00-04:00,71.87000274658203,71.94999694824219,71.84500122070312,71.84500122070312,443,0.0,0.0,2023-07-18
239,2023-07-18 10:15:00-04:00,71.93000030517578,72.0,71.93000030517578,72.0,733,0.0,0.0,2023-07-18
240,2023-07-18 10:16:00-04:00,71.94000244140625,71.94000244140625,71.86000061035156,71.86000061035156,393,0.0,0.0,2023-07-18
241,2023-07-18 10:17:00-04:00,71.95999908447266,71.95999908447266,71.95999908447266,71.95999908447266,302,0.0,0.0,2023-07-18
242,2023-07-18 10:23:00-04:00,72.01000213623047,72.01000213623047,72.01000213623047,72.01000213623047,111,0.0,0.0,2023-07-18
243,2023-07-18 10:25:00-04:00,72.0,72.13999938964844,72.0,72.13500213623047,2361,0.0,0.0,2023-07-18
244,2023-07-18 10:26:00-04:00,72.16999816894531,72.16999816894531,72.16999816894531,72.16999816894531,360,0.0,0.0,2023-07-18
245,2023-07-18 10:28:00-04:00,72.0999984741211,72.11000061035156,72.08999633789062,72.08999633789062,1035,0.0,0.0,2023-07-18
246,2023-07-18 10:30:00-04:00,71.9800033569336,72.01000213623047,71.93000030517578,72.01000213623047,1020,0.0,0.0,2023-07-18
247,2023-07-18 10:34:00-04:00,71.87000274658203,71.91999816894531,71.87000274658203,71.91000366210938,1232,0.0,0.0,2023-07-18
248,2023-07-18 10:35:00-04:00,71.75,71.75,71.75,71.75,203,0.0,0.0,2023-07-18
249,2023-07-18 10:36:00-04:00,71.72000122070312,71.72000122070312,71.72000122070312,71.72000122070312,102,0.0,0.0,2023-07-18
250,2023-07-18 10:37:00-04:00,71.9000015258789,71.9000015258789,71.9000015258789,71.9000015258789,134,0.0,0.0,2023-07-18
251,2023-07-18 10:39:00-04:00,71.83999633789062,71.83999633789062,71.70999908447266,71.70999908447266,486,0.0,0.0,2023-07-18
252,2023-07-18 10:40:00-04:00,71.77999877929688,71.77999877929688,71.77999877929688,71.77999877929688,177,0.0,0.0,2023-07-18
253,2023-07-18 10:42:00-04:00,71.875,71.9000015258789,71.875,71.9000015258789,1061,0.0,0.0,2023-07-18
254,2023-07-18 10:43:00-04:00,71.84500122070312,71.84500122070312,71.77999877929688,71.77999877929688,337,0.0,0.0,2023-07-18
255,2023-07-18 10:45:00-04:00,71.7699966430664,71.7699966430664,71.7699966430664,71.7699966430664,280,0.0,0.0,2023-07-18
256,2023-07-18 10:48:00-04:00,71.81500244140625,71.81500244140625,71.81500244140625,71.81500244140625,133,0.0,0.0,2023-07-18
257,2023-07-18 10:50:00-04:00,71.83999633789062,71.83999633789062,71.83999633789062,71.83999633789062,819,0.0,0.0,2023-07-18
258,2023-07-18 10:53:00-04:00,71.9000015258789,71.9000015258789,71.9000015258789,71.9000015258789,326,0.0,0.0,2023-07-18
259,2023-07-18 10:54:00-04:00,71.83999633789062,71.83999633789062,71.83999633789062,71.83999633789062,324,0.0,0.0,2023-07-18
260,2023-07-18 10:55:00-04:00,71.81999969482422,71.81999969482422,71.81999969482422,71.81999969482422,379,0.0,0.0,2023-07-18
261,2023-07-18 10:57:00-04:00,71.76000213623047,71.76000213623047,71.72000122070312,71.72000122070312,343,0.0,0.0,2023-07-18
262,2023-07-18 10:59:00-04:00,71.7300033569336,71.80000305175781,71.7300033569336,71.80000305175781,635,0.0,0.0,2023-07-18
263,2023-07-18 11:01:00-04:00,71.73999786376953,71.73999786376953,71.73999786376953,71.73999786376953,206,0.0,0.0,2023-07-18
264,2023-07-18 11:04:00-04:00,71.72000122070312,71.72000122070312,71.72000122070312,71.72000122070312,359,0.0,0.0,2023-07-18
265,2023-07-18 11:06:00-04:00,71.66999816894531,71.69999694824219,71.66999816894531,71.69999694824219,426,0.0,0.0,2023-07-18
266,2023-07-18 11:07:00-04:00,71.66000366210938,71.66000366210938,71.6500015258789,71.6500015258789,1830,0.0,0.0,2023-07-18
267,2023-07-18 11:09:00-04:00,71.66000366210938,71.69000244140625,71.62999725341797,71.62999725341797,549,0.0,0.0,2023-07-18
268,2023-07-18 11:10:00-04:00,71.62999725341797,71.76000213623047,71.62999725341797,71.76000213623047,799,0.0,0.0,2023-07-18
269,2023-07-18 11:11:00-04:00,71.63999938964844,71.63999938964844,71.63999938964844,71.63999938964844,157,0.0,0.0,2023-07-18
270,2023-07-18 11:13:00-04:00,71.73999786376953,71.79000091552734,71.73999786376953,71.79000091552734,242,0.0,0.0,2023-07-18
271,2023-07-18 11:14:00-04:00,71.86000061035156,71.86000061035156,71.86000061035156,71.86000061035156,437,0.0,0.0,2023-07-18
272,2023-07-18 11:18:00-04:00,71.91999816894531,71.91999816894531,71.91999816894531,71.91999816894531,638,0.0,0.0,2023-07-18
273,2023-07-18 11:20:00-04:00,71.98999786376953,71.98999786376953,71.98999786376953,71.98999786376953,393,0.0,0.0,2023-07-18
274,2023-07-18 11:21:00-04:00,72.06999969482422,72.06999969482422,72.03790283203125,72.03790283203125,697,0.0,0.0,2023-07-18
275,2023-07-18 11:23:00-04:00,72.05000305175781,72.05000305175781,72.05000305175781,72.05000305175781,317,0.0,0.0,2023-07-18
276,2023-07-18 11:26:00-04:00,72.05999755859375,72.05999755859375,72.05999755859375,72.05999755859375,411,0.0,0.0,2023-07-18
277,2023-07-18 11:27:00-04:00,72.13500213623047,72.18000030517578,72.13500213623047,72.18000030517578,397,0.0,0.0,2023-07-18
278,2023-07-18 11:30:00-04:00,72.12999725341797,72.12999725341797,72.08999633789062,72.08999633789062,638,0.0,0.0,2023-07-18
279,2023-07-18 11:31:00-04:00,72.05999755859375,72.05999755859375,72.05000305175781,72.05000305175781,784,0.0,0.0,2023-07-18
280,2023-07-18 11:33:00-04:00,71.9800033569336,71.9800033569336,71.9800033569336,71.9800033569336,423,0.0,0.0,2023-07-18
281,2023-07-18 11:35:00-04:00,72.0198974609375,72.0198974609375,72.0198974609375,72.0198974609375,354,0.0,0.0,2023-07-18
282,2023-07-18 11:36:00-04:00,71.87999725341797,71.87999725341797,71.87999725341797,71.87999725341797,319,0.0,0.0,2023-07-18
283,2023-07-18 11:38:00-04:00,71.93000030517578,71.93000030517578,71.91999816894531,71.91999816894531,698,0.0,0.0,2023-07-18
284,2023-07-18 11:39:00-04:00,72.0199966430664,72.0199966430664,72.0199966430664,72.0199966430664,137,0.0,0.0,2023-07-18
285,2023-07-18 11:40:00-04:00,71.94000244140625,71.94000244140625,71.94000244140625,71.94000244140625,170,0.0,0.0,2023-07-18
286,2023-07-18 11:41:00-04:00,71.91000366210938,71.98999786376953,71.91000366210938,71.98999786376953,1075,0.0,0.0,2023-07-18
287,2023-07-18 11:43:00-04:00,71.94000244140625,72.02999877929688,71.94000244140625,72.0199966430664,2667,0.0,0.0,2023-07-18
288,2023-07-18 11:45:00-04:00,71.98999786376953,71.98999786376953,71.94999694824219,71.94999694824219,274,0.0,0.0,2023-07-18
289,2023-07-18 11:46:00-04:00,71.98999786376953,71.98999786376953,71.98999786376953,71.98999786376953,545,0.0,0.0,2023-07-18
290,2023-07-18 11:49:00-04:00,72.08999633789062,72.08999633789062,71.98999786376953,71.98999786376953,1048,0.0,0.0,2023-07-18
291,2023-07-18 11:50:00-04:00,72.02999877929688,72.12999725341797,72.02999877929688,72.12999725341797,251,0.0,0.0,2023-07-18
292,2023-07-18 11:51:00-04:00,72.05999755859375,72.05999755859375,72.05999755859375,72.05999755859375,115,0.0,0.0,2023-07-18
293,2023-07-18 11:52:00-04:00,72.12999725341797,72.12999725341797,71.95999908447266,71.95999908447266,1179,0.0,0.0,2023-07-18
294,2023-07-18 11:53:00-04:00,71.94000244140625,72.0,71.94000244140625,71.99500274658203,972,0.0,0.0,2023-07-18
295,2023-07-18 11:54:00-04:00,72.06999969482422,72.06999969482422,72.04000091552734,72.04000091552734,233,0.0,0.0,2023-07-18
296,2023-07-18 11:55:00-04:00,72.09269714355469,72.09269714355469,72.09269714355469,72.09269714355469,486,0.0,0.0,2023-07-18
297,2023-07-18 11:56:00-04:00,72.13999938964844,72.13999938964844,72.13999938964844,72.13999938964844,130,0.0,0.0,2023-07-18
298,2023-07-18 11:57:00-04:00,72.12999725341797,72.12999725341797,72.12999725341797,72.12999725341797,131,0.0,0.0,2023-07-18
299,2023-07-18 11:58:00-04:00,72.1500015258789,72.1500015258789,72.1500015258789,72.1500015258789,128,0.0,0.0,2023-07-18
300,2023-07-18 12:01:00-04:00,72.1500015258789,72.1500015258789,72.13999938964844,72.1449966430664,1296,0.0,0.0,2023-07-18
301,2023-07-18 12:03:00-04:00,72.0999984741211,72.16999816894531,72.05999755859375,72.05999755859375,1528,0.0,0.0,2023-07-18
302,2023-07-18 12:06:00-04:00,71.97000122070312,71.98500061035156,71.97000122070312,71.98500061035156,941,0.0,0.0,2023-07-18
303,2023-07-18 12:08:00-04:00,71.9800033569336,72.04000091552734,71.9800033569336,72.04000091552734,281,0.0,0.0,2023-07-18
304,2023-07-18 12:09:00-04:00,71.91999816894531,71.9800033569336,71.91999816894531,71.97000122070312,457,0.0,0.0,2023-07-18
305,2023-07-18 12:10:00-04:00,71.88999938964844,71.9800033569336,71.88999938964844,71.9800033569336,2863,0.0,0.0,2023-07-18
306,2023-07-18 12:11:00-04:00,72.01000213623047,72.04000091552734,72.01000213623047,72.01000213623047,680,0.0,0.0,2023-07-18
307,2023-07-18 12:12:00-04:00,72.03500366210938,72.05000305175781,72.03500366210938,72.05000305175781,461,0.0,0.0,2023-07-18
308,2023-07-18 12:14:00-04:00,72.03500366210938,72.08999633789062,72.03500366210938,72.08999633789062,503,0.0,0.0,2023-07-18
309,2023-07-18 12:15:00-04:00,72.0,72.0,72.0,72.0,218,0.0,0.0,2023-07-18
310,2023-07-18 12:16:00-04:00,72.04000091552734,72.04000091552734,72.04000091552734,72.04000091552734,668,0.0,0.0,2023-07-18
311,2023-07-18 12:22:00-04:00,71.99500274658203,71.99500274658203,71.99500274658203,71.99500274658203,302,0.0,0.0,2023-07-18
312,2023-07-18 12:23:00-04:00,71.94999694824219,71.9749984741211,71.94999694824219,71.9749984741211,1285,0.0,0.0,2023-07-18
313,2023-07-18 12:24:00-04:00,71.88500213623047,71.88500213623047,71.88500213623047,71.88500213623047,683,0.0,0.0,2023-07-18
314,2023-07-18 12:25:00-04:00,71.91000366210938,71.91000366210938,71.91000366210938,71.91000366210938,569,0.0,0.0,2023-07-18
315,2023-07-18 12:28:00-04:00,71.97000122070312,72.0,71.97000122070312,72.0,757,0.0,0.0,2023-07-18
316,2023-07-18 12:29:00-04:00,72.05000305175781,72.05999755859375,72.05000305175781,72.05999755859375,208,0.0,0.0,2023-07-18
317,2023-07-18 12:31:00-04:00,72.0,72.0,72.0,72.0,423,0.0,0.0,2023-07-18
318,2023-07-18 12:34:00-04:00,71.94000244140625,72.0,71.93000030517578,71.93000030517578,2426,0.0,0.0,2023-07-18
319,2023-07-18 12:36:00-04:00,71.93000030517578,71.93000030517578,71.93000030517578,71.93000030517578,849,0.0,0.0,2023-07-18
320,2023-07-18 12:38:00-04:00,72.05000305175781,72.05000305175781,71.9800033569336,72.05000305175781,955,0.0,0.0,2023-07-18
321,2023-07-18 12:42:00-04:00,71.98500061035156,71.98500061035156,71.98500061035156,71.98500061035156,222,0.0,0.0,2023-07-18
322,2023-07-18 12:45:00-04:00,72.04000091552734,72.04000091552734,72.04000091552734,72.04000091552734,143,0.0,0.0,2023-07-18
323,2023-07-18 12:48:00-04:00,71.98999786376953,71.98999786376953,71.98999786376953,71.98999786376953,364,0.0,0.0,2023-07-18
324,2023-07-18 12:51:00-04:00,71.9749984741211,71.9749984741211,71.9749984741211,71.9749984741211,111,0.0,0.0,2023-07-18
325,2023-07-18 12:52:00-04:00,71.97000122070312,71.97000122070312,71.97000122070312,71.97000122070312,147,0.0,0.0,2023-07-18
326,2023-07-18 12:53:00-04:00,72.00499725341797,72.00499725341797,72.00499725341797,72.00499725341797,113,0.0,0.0,2023-07-18
327,2023-07-18 12:57:00-04:00,72.01499938964844,72.01499938964844,72.01499938964844,72.01499938964844,286,0.0,0.0,2023-07-18
328,2023-07-18 12:58:00-04:00,72.05000305175781,72.05000305175781,72.04000091552734,72.04000091552734,661,0.0,0.0,2023-07-18
329,2023-07-18 12:59:00-04:00,72.01000213623047,72.01000213623047,72.0,72.0,1396,0.0,0.0,2023-07-18
330,2023-07-18 13:04:00-04:00,72.05000305175781,72.05000305175781,72.05000305175781,72.05000305175781,130,0.0,0.0,2023-07-18
331,2023-07-18 13:05:00-04:00,72.01000213623047,72.01000213623047,72.01000213623047,72.01000213623047,325,0.0,0.0,2023-07-18
332,2023-07-18 13:07:00-04:00,72.0199966430664,72.0199966430664,72.0199966430664,72.0199966430664,418,0.0,0.0,2023-07-18
333,2023-07-18 13:10:00-04:00,71.98999786376953,71.98999786376953,71.98999786376953,71.98999786376953,320,0.0,0.0,2023-07-18
334,2023-07-18 13:11:00-04:00,71.95999908447266,71.95999908447266,71.95999908447266,71.95999908447266,234,0.0,0.0,2023-07-18
335,2023-07-18 13:12:00-04:00,71.95999908447266,72.01000213623047,71.95999908447266,72.01000213623047,521,0.0,0.0,2023-07-18
336,2023-07-18 13:13:00-04:00,72.05500030517578,72.05500030517578,72.05500030517578,72.05500030517578,202,0.0,0.0,2023-07-18
337,2023-07-18 13:14:00-04:00,72.01499938964844,72.01499938964844,72.01499938964844,72.01499938964844,230,0.0,0.0,2023-07-18
338,2023-07-18 13:15:00-04:00,72.0999984741211,72.0999984741211,72.0999984741211,72.0999984741211,343,0.0,0.0,2023-07-18
339,2023-07-18 13:23:00-04:00,72.20819854736328,72.20999908447266,72.1500015258789,72.20999908447266,725,0.0,0.0,2023-07-18
340,2023-07-18 13:26:00-04:00,72.12999725341797,72.1500015258789,72.12999725341797,72.1500015258789,279,0.0,0.0,2023-07-18
341,2023-07-18 13:30:00-04:00,72.08000183105469,72.08000183105469,72.08000183105469,72.08000183105469,582,0.0,0.0,2023-07-18
342,2023-07-18 13:31:00-04:00,72.02999877929688,72.02999877929688,72.02999877929688,72.02999877929688,100,0.0,0.0,2023-07-18
343,2023-07-18 13:32:00-04:00,72.11000061035156,72.11000061035156,72.11000061035156,72.11000061035156,357,0.0,0.0,2023-07-18
344,2023-07-18 13:35:00-04:00,72.0,72.0,72.0,72.0,672,0.0,0.0,2023-07-18
345,2023-07-18 13:37:00-04:00,72.06999969482422,72.06999969482422,72.06999969482422,72.06999969482422,414,0.0,0.0,2023-07-18
346,2023-07-18 13:40:00-04:00,72.05000305175781,72.05000305175781,72.05000305175781,72.05000305175781,100,0.0,0.0,2023-07-18
347,2023-07-18 13:41:00-04:00,72.11000061035156,72.22000122070312,72.11000061035156,72.22000122070312,1063,0.0,0.0,2023-07-18
348,2023-07-18 13:42:00-04:00,72.19999694824219,72.19999694824219,72.19999694824219,72.19999694824219,401,0.0,0.0,2023-07-18
349,2023-07-18 13:47:00-04:00,72.19499969482422,72.19499969482422,72.19499969482422,72.19499969482422,301,0.0,0.0,2023-07-18
350,2023-07-18 13:48:00-04:00,72.1500015258789,72.16999816894531,72.13999938964844,72.16000366210938,1108,0.0,0.0,2023-07-18
351,2023-07-18 13:49:00-04:00,72.18499755859375,72.18499755859375,72.18499755859375,72.18499755859375,870,0.0,0.0,2023-07-18
352,2023-07-18 13:52:00-04:00,72.19999694824219,72.19999694824219,72.19999694824219,72.19999694824219,453,0.0,0.0,2023-07-18
353,2023-07-18 13:54:00-04:00,72.13999938964844,72.13999938964844,72.13999938964844,72.13999938964844,100,0.0,0.0,2023-07-18
354,2023-07-18 13:55:00-04:00,72.12999725341797,72.12999725341797,72.12999725341797,72.12999725341797,278,0.0,0.0,2023-07-18
355,2023-07-18 13:56:00-04:00,72.13999938964844,72.13999938964844,72.13999938964844,72.13999938964844,380,0.0,0.0,2023-07-18
356,2023-07-18 13:57:00-04:00,72.12999725341797,72.12999725341797,72.12999725341797,72.12999725341797,185,0.0,0.0,2023-07-18
357,2023-07-18 13:58:00-04:00,72.12999725341797,72.12999725341797,72.12999725341797,72.12999725341797,199,0.0,0.0,2023-07-18
358,2023-07-18 13:59:00-04:00,72.16000366210938,72.16000366210938,72.1500015258789,72.1500015258789,460,0.0,0.0,2023-07-18
359,2023-07-18 14:00:00-04:00,72.20999908447266,72.20999908447266,72.20999908447266,72.20999908447266,104,0.0,0.0,2023-07-18
360,2023-07-18 14:01:00-04:00,72.19000244140625,72.19000244140625,72.19000244140625,72.19000244140625,118,0.0,0.0,2023-07-18
361,2023-07-18 14:05:00-04:00,72.2300033569336,72.2300033569336,72.2300033569336,72.2300033569336,325,0.0,0.0,2023-07-18
362,2023-07-18 14:07:00-04:00,72.25,72.25,72.25,72.25,157,0.0,0.0,2023-07-18
363,2023-07-18 14:10:00-04:00,72.2300033569336,72.2300033569336,72.21769714355469,72.21769714355469,538,0.0,0.0,2023-07-18
364,2023-07-18 14:11:00-04:00,72.25,72.33999633789062,72.25,72.29429626464844,1923,0.0,0.0,2023-07-18
365,2023-07-18 14:12:00-04:00,72.33999633789062,72.33999633789062,72.33999633789062,72.33999633789062,1414,0.0,0.0,2023-07-18
366,2023-07-18 14:15:00-04:00,72.33999633789062,72.33999633789062,72.30000305175781,72.30000305175781,1267,0.0,0.0,2023-07-18
367,2023-07-18 14:16:00-04:00,72.31999969482422,72.33999633789062,72.31999969482422,72.33999633789062,708,0.0,0.0,2023-07-18
368,2023-07-18 14:17:00-04:00,72.31999969482422,72.44000244140625,72.31999969482422,72.44000244140625,525,0.0,0.0,2023-07-18
369,2023-07-18 14:18:00-04:00,72.40499877929688,72.40499877929688,72.37000274658203,72.37000274658203,1612,0.0,0.0,2023-07-18
370,2023-07-18 14:21:00-04:00,72.31999969482422,72.3499984741211,72.31999969482422,72.32250213623047,921,0.0,0.0,2023-07-18
371,2023-07-18 14:24:00-04:00,72.31500244140625,72.31500244140625,72.2699966430664,72.2699966430664,502,0.0,0.0,2023-07-18
372,2023-07-18 14:27:00-04:00,72.30000305175781,72.30000305175781,72.30000305175781,72.30000305175781,234,0.0,0.0,2023-07-18
373,2023-07-18 14:29:00-04:00,72.33000183105469,72.33499908447266,72.33000183105469,72.33499908447266,874,0.0,0.0,2023-07-18
374,2023-07-18 14:32:00-04:00,72.36000061035156,72.44000244140625,72.3499984741211,72.42500305175781,1123,0.0,0.0,2023-07-18
375,2023-07-18 14:34:00-04:00,72.4000015258789,72.4000015258789,72.33999633789062,72.4000015258789,1386,0.0,0.0,2023-07-18
376,2023-07-18 14:35:00-04:00,72.31999969482422,72.31999969482422,72.26000213623047,72.26000213623047,713,0.0,0.0,2023-07-18
377,2023-07-18 14:37:00-04:00,72.24500274658203,72.24500274658203,72.24500274658203,72.24500274658203,328,0.0,0.0,2023-07-18
378,2023-07-18 14:38:00-04:00,72.23999786376953,72.23999786376953,72.23999786376953,72.23999786376953,221,0.0,0.0,2023-07-18
379,2023-07-18 14:40:00-04:00,72.19999694824219,72.19999694824219,72.19999694824219,72.19999694824219,290,0.0,0.0,2023-07-18
380,2023-07-18 14:41:00-04:00,72.23999786376953,72.26000213623047,72.23999786376953,72.26000213623047,1545,0.0,0.0,2023-07-18
381,2023-07-18 14:45:00-04:00,72.26000213623047,72.26000213623047,72.26000213623047,72.26000213623047,134,0.0,0.0,2023-07-18
382,2023-07-18 14:47:00-04:00,72.30999755859375,72.30999755859375,72.30999755859375,72.30999755859375,712,0.0,0.0,2023-07-18
383,2023-07-18 14:48:00-04:00,72.30999755859375,72.31500244140625,72.25,72.25,1883,0.0,0.0,2023-07-18
384,2023-07-18 14:50:00-04:00,72.25,72.25,72.25,72.25,659,0.0,0.0,2023-07-18
385,2023-07-18 14:51:00-04:00,72.25,72.25,72.22000122070312,72.22000122070312,300,0.0,0.0,2023-07-18
386,2023-07-18 14:52:00-04:00,72.24500274658203,72.26000213623047,72.22000122070312,72.26000213623047,1141,0.0,0.0,2023-07-18
387,2023-07-18 14:53:00-04:00,72.26000213623047,72.27999877929688,72.26000213623047,72.27999877929688,581,0.0,0.0,2023-07-18
388,2023-07-18 14:57:00-04:00,72.2300033569336,72.26499938964844,72.2300033569336,72.26499938964844,988,0.0,0.0,2023-07-18
389,2023-07-18 14:58:00-04:00,72.27999877929688,72.29000091552734,72.27999877929688,72.29000091552734,906,0.0,0.0,2023-07-18
390,2023-07-18 14:59:00-04:00,72.30999755859375,72.31999969482422,72.30999755859375,72.31999969482422,787,0.0,0.0,2023-07-18
391,2023-07-18 15:00:00-04:00,72.37000274658203,72.37000274658203,72.37000274658203,72.37000274658203,254,0.0,0.0,2023-07-18
392,2023-07-18 15:01:00-04:00,72.37999725341797,72.37999725341797,72.33000183105469,72.33000183105469,661,0.0,0.0,2023-07-18
393,2023-07-18 15:02:00-04:00,72.36000061035156,72.37000274658203,72.36000061035156,72.37000274658203,570,0.0,0.0,2023-07-18
394,2023-07-18 15:03:00-04:00,72.47000122070312,72.47000122070312,72.44999694824219,72.45999908447266,1113,0.0,0.0,2023-07-18
395,2023-07-18 15:06:00-04:00,72.45999908447266,72.48999786376953,72.45999908447266,72.47000122070312,2447,0.0,0.0,2023-07-18
396,2023-07-18 15:09:00-04:00,72.52999877929688,72.56500244140625,72.52999877929688,72.56500244140625,1130,0.0,0.0,2023-07-18
397,2023-07-18 15:10:00-04:00,72.56999969482422,72.56999969482422,72.55000305175781,72.56999969482422,706,0.0,0.0,2023-07-18
398,2023-07-18 15:11:00-04:00,72.58999633789062,72.62999725341797,72.58999633789062,72.62999725341797,723,0.0,0.0,2023-07-18
399,2023-07-18 15:12:00-04:00,72.5999984741211,72.62999725341797,72.58499908447266,72.58499908447266,846,0.0,0.0,2023-07-18
400,2023-07-18 15:13:00-04:00,72.6500015258789,72.6500015258789,72.62999725341797,72.62999725341797,1299,0.0,0.0,2023-07-18
401,2023-07-18 15:14:00-04:00,72.61499786376953,72.61499786376953,72.61499786376953,72.61499786376953,307,0.0,0.0,2023-07-18
402,2023-07-18 15:15:00-04:00,72.61000061035156,72.63999938964844,72.61000061035156,72.63999938964844,892,0.0,0.0,2023-07-18
403,2023-07-18 15:16:00-04:00,72.62000274658203,72.625,72.62000274658203,72.625,629,0.0,0.0,2023-07-18
404,2023-07-18 15:17:00-04:00,72.63999938964844,72.63999938964844,72.63999938964844,72.63999938964844,1068,0.0,0.0,2023-07-18
405,2023-07-18 15:18:00-04:00,72.6500015258789,72.66999816894531,72.6500015258789,72.6500015258789,1101,0.0,0.0,2023-07-18
406,2023-07-18 15:19:00-04:00,72.6449966430664,72.6449966430664,72.5999984741211,72.5999984741211,789,0.0,0.0,2023-07-18
407,2023-07-18 15:20:00-04:00,72.62999725341797,72.62999725341797,72.59500122070312,72.59500122070312,2464,0.0,0.0,2023-07-18
408,2023-07-18 15:22:00-04:00,72.58000183105469,72.58999633789062,72.58000183105469,72.58999633789062,427,0.0,0.0,2023-07-18
409,2023-07-18 15:23:00-04:00,72.58999633789062,72.62000274658203,72.58999633789062,72.62000274658203,891,0.0,0.0,2023-07-18
410,2023-07-18 15:24:00-04:00,72.62000274658203,72.62000274658203,72.62000274658203,72.62000274658203,751,0.0,0.0,2023-07-18
411,2023-07-18 15:25:00-04:00,72.6500015258789,72.6500015258789,72.6500015258789,72.6500015258789,321,0.0,0.0,2023-07-18
412,2023-07-18 15:26:00-04:00,72.62999725341797,72.62999725341797,72.62000274658203,72.62000274658203,317,0.0,0.0,2023-07-18
413,2023-07-18 15:27:00-04:00,72.61499786376953,72.61499786376953,72.55500030517578,72.55500030517578,3295,0.0,0.0,2023-07-18
414,2023-07-18 15:28:00-04:00,72.55500030517578,72.58999633789062,72.55500030517578,72.58999633789062,200,0.0,0.0,2023-07-18
415,2023-07-18 15:29:00-04:00,72.58999633789062,72.58999633789062,72.58999633789062,72.58999633789062,637,0.0,0.0,2023-07-18
416,2023-07-18 15:30:00-04:00,72.5999984741211,72.61000061035156,72.5999984741211,72.61000061035156,964,0.0,0.0,2023-07-18
417,2023-07-18 15:31:00-04:00,72.55999755859375,72.5999984741211,72.55000305175781,72.56999969482422,4641,0.0,0.0,2023-07-18
418,2023-07-18 15:32:00-04:00,72.56999969482422,72.56999969482422,72.55999755859375,72.56500244140625,1289,0.0,0.0,2023-07-18
419,2023-07-18 15:33:00-04:00,72.55999755859375,72.56999969482422,72.55999755859375,72.55999755859375,1047,0.0,0.0,2023-07-18
420,2023-07-18 15:34:00-04:00,72.58000183105469,72.58999633789062,72.58000183105469,72.58999633789062,1373,0.0,0.0,2023-07-18
421,2023-07-18 15:35:00-04:00,72.55999755859375,72.55999755859375,72.50499725341797,72.55999755859375,5094,0.0,0.0,2023-07-18
422,2023-07-18 15:36:00-04:00,72.56999969482422,72.56999969482422,72.55000305175781,72.55999755859375,610,0.0,0.0,2023-07-18
423,2023-07-18 15:37:00-04:00,72.54499816894531,72.55999755859375,72.54499816894531,72.55999755859375,899,0.0,0.0,2023-07-18
424,2023-07-18 15:38:00-04:00,72.52999877929688,72.54499816894531,72.49500274658203,72.49500274658203,2761,0.0,0.0,2023-07-18
425,2023-07-18 15:39:00-04:00,72.5199966430664,72.5199966430664,72.5199966430664,72.5199966430664,502,0.0,0.0,2023-07-18
426,2023-07-18 15:40:00-04:00,72.5199966430664,72.5199966430664,72.4749984741211,72.5199966430664,1982,0.0,0.0,2023-07-18
427,2023-07-18 15:41:00-04:00,72.53500366210938,72.53500366210938,72.53500366210938,72.53500366210938,371,0.0,0.0,2023-07-18
428,2023-07-18 15:42:00-04:00,72.53500366210938,72.55000305175781,72.44000244140625,72.44000244140625,3699,0.0,0.0,2023-07-18
429,2023-07-18 15:43:00-04:00,72.45999908447266,72.45999908447266,72.45999908447266,72.45999908447266,1157,0.0,0.0,2023-07-18
430,2023-07-18 15:44:00-04:00,72.48999786376953,72.48999786376953,72.48999786376953,72.48999786376953,480,0.0,0.0,2023-07-18
431,2023-07-18 15:45:00-04:00,72.48999786376953,72.48999786376953,72.45999908447266,72.48999786376953,1378,0.0,0.0,2023-07-18
432,2023-07-18 15:46:00-04:00,72.4800033569336,72.58499908447266,72.4800033569336,72.58499908447266,3786,0.0,0.0,2023-07-18
433,2023-07-18 15:47:00-04:00,72.58999633789062,72.66000366210938,72.58999633789062,72.66000366210938,3042,0.0,0.0,2023-07-18
434,2023-07-18 15:48:00-04:00,72.68000030517578,72.69999694824219,72.68000030517578,72.69999694824219,1799,0.0,0.0,2023-07-18
435,2023-07-18 15:49:00-04:00,72.70999908447266,72.72000122070312,72.62999725341797,72.62999725341797,5081,0.0,0.0,2023-07-18
436,2023-07-18 15:50:00-04:00,72.66000366210938,72.66999816894531,72.625,72.66000366210938,3979,0.0,0.0,2023-07-18
437,2023-07-18 15:51:00-04:00,72.66000366210938,72.66999816894531,72.63999938964844,72.65499877929688,4008,0.0,0.0,2023-07-18
438,2023-07-18 15:52:00-04:00,72.66999816894531,72.68000030517578,72.65499877929688,72.68000030517578,3593,0.0,0.0,2023-07-18
439,2023-07-18 15:53:00-04:00,72.69999694824219,72.75,72.69999694824219,72.70500183105469,3311,0.0,0.0,2023-07-18
440,2023-07-18 15:54:00-04:00,72.70999908447266,72.70999908447266,72.6500015258789,72.6500015258789,3995,0.0,0.0,2023-07-18
441,2023-07-18 15:55:00-04:00,72.63999938964844,72.69999694824219,72.5999984741211,72.69999694824219,5695,0.0,0.0,2023-07-18
442,2023-07-18 15:56:00-04:00,72.69999694824219,72.69999694824219,72.5999984741211,72.63500213623047,8232,0.0,0.0,2023-07-18
443,2023-07-18 15:57:00-04:00,72.62000274658203,72.69000244140625,72.62000274658203,72.66000366210938,3260,0.0,0.0,2023-07-18
444,2023-07-18 15:58:00-04:00,72.66999816894531,72.66999816894531,72.63999938964844,72.6449966430664,5004,0.0,0.0,2023-07-18
445,2023-07-18 15:59:00-04:00,72.63999938964844,72.73999786376953,72.58499908447266,72.66999816894531,7358,0.0,0.0,2023-07-18
446,2023-07-19 09:30:00-04:00,72.73999786376953,72.94000244140625,72.72000122070312,72.93000030517578,5378,0.0,0.0,2023-07-19
447,2023-07-19 09:32:00-04:00,73.0,73.0,72.98999786376953,72.98999786376953,523,0.0,0.0,2023-07-19
448,2023-07-19 09:34:00-04:00,73.26000213623047,73.26000213623047,73.26000213623047,73.26000213623047,276,0.0,0.0,2023-07-19
449,2023-07-19 09:35:00-04:00,73.4000015258789,73.43000030517578,73.19000244140625,73.39510345458984,1320,0.0,0.0,2023-07-19
450,2023-07-19 09:36:00-04:00,73.20999908447266,73.20999908447266,73.07499694824219,73.07499694824219,575,0.0,0.0,2023-07-19
451,2023-07-19 09:37:00-04:00,72.8499984741211,72.8499984741211,72.62999725341797,72.79499816894531,2137,0.0,0.0,2023-07-19
452,2023-07-19 09:38:00-04:00,72.66000366210938,72.72000122070312,72.50499725341797,72.50499725341797,612,0.0,0.0,2023-07-19
453,2023-07-19 09:41:00-04:00,72.44000244140625,72.44000244140625,72.44000244140625,72.44000244140625,104,0.0,0.0,2023-07-19
454,2023-07-19 09:42:00-04:00,72.11009979248047,72.5,72.11009979248047,72.5,766,0.0,0.0,2023-07-19
455,2023-07-19 09:43:00-04:00,72.33999633789062,72.33999633789062,72.33999633789062,72.33999633789062,203,0.0,0.0,2023-07-19
456,2023-07-19 09:44:00-04:00,72.18009948730469,72.4800033569336,72.18009948730469,72.4800033569336,599,0.0,0.0,2023-07-19
457,2023-07-19 09:45:00-04:00,72.19999694824219,72.28500366210938,72.19999694824219,72.25,2625,0.0,0.0,2023-07-19
458,2023-07-19 09:46:00-04:00,72.37999725341797,72.37999725341797,72.375,72.375,590,0.0,0.0,2023-07-19
459,2023-07-19 09:47:00-04:00,72.37200164794922,72.37200164794922,72.37200164794922,72.37200164794922,678,0.0,0.0,2023-07-19
460,2023-07-19 09:50:00-04:00,72.51000213623047,72.51000213623047,72.35009765625,72.35009765625,1109,0.0,0.0,2023-07-19
461,2023-07-19 09:52:00-04:00,72.58000183105469,72.58000183105469,72.58000183105469,72.58000183105469,302,0.0,0.0,2023-07-19
462,2023-07-19 09:53:00-04:00,72.66000366210938,72.70999908447266,72.66000366210938,72.70999908447266,489,0.0,0.0,2023-07-19
463,2023-07-19 09:55:00-04:00,72.77999877929688,72.77999877929688,72.71499633789062,72.71499633789062,355,0.0,0.0,2023-07-19
464,2023-07-19 09:56:00-04:00,72.80999755859375,72.80999755859375,72.7699966430664,72.7699966430664,696,0.0,0.0,2023-07-19
465,2023-07-19 10:00:00-04:00,72.83000183105469,72.83999633789062,72.80000305175781,72.81999969482422,2276,0.0,0.0,2023-07-19
466,2023-07-19 10:02:00-04:00,72.76000213623047,72.76000213623047,72.76000213623047,72.76000213623047,282,0.0,0.0,2023-07-19
467,2023-07-19 10:04:00-04:00,72.77999877929688,72.77999877929688,72.77999877929688,72.77999877929688,539,0.0,0.0,2023-07-19
468,2023-07-19 10:05:00-04:00,72.76000213623047,72.76000213623047,72.76000213623047,72.76000213623047,212,0.0,0.0,2023-07-19
469,2023-07-19 10:06:00-04:00,72.62999725341797,72.66999816894531,72.62999725341797,72.66000366210938,1104,0.0,0.0,2023-07-19
470,2023-07-19 10:07:00-04:00,72.6675033569336,72.6675033569336,72.6675033569336,72.6675033569336,510,0.0,0.0,2023-07-19
471,2023-07-19 10:09:00-04:00,72.78500366210938,72.78500366210938,72.78500366210938,72.78500366210938,207,0.0,0.0,2023-07-19
472,2023-07-19 10:10:00-04:00,72.80000305175781,72.86000061035156,72.80000305175781,72.86000061035156,506,0.0,0.0,2023-07-19
473,2023-07-19 10:11:00-04:00,72.88999938964844,72.91500091552734,72.87000274658203,72.91500091552734,586,0.0,0.0,2023-07-19
474,2023-07-19 10:12:00-04:00,72.87000274658203,72.87000274658203,72.83000183105469,72.83000183105469,1202,0.0,0.0,2023-07-19
475,2023-07-19 10:13:00-04:00,72.8499984741211,72.88999938964844,72.8499984741211,72.88999938964844,540,0.0,0.0,2023-07-19
476,2023-07-19 10:14:00-04:00,72.69999694824219,72.69999694824219,72.69999694824219,72.69999694824219,1217,0.0,0.0,2023-07-19
477,2023-07-19 10:15:00-04:00,72.75,72.75,72.75,72.75,400,0.0,0.0,2023-07-19
478,2023-07-19 10:18:00-04:00,72.6500015258789,72.6500015258789,72.6500015258789,72.6500015258789,141,0.0,0.0,2023-07-19
479,2023-07-19 10:19:00-04:00,72.58999633789062,72.58999633789062,72.5,72.5,1561,0.0,0.0,2023-07-19
480,2023-07-19 10:21:00-04:00,72.61000061035156,72.62999725341797,72.61000061035156,72.62999725341797,502,0.0,0.0,2023-07-19
481,2023-07-19 10:22:00-04:00,72.55999755859375,72.55999755859375,72.55999755859375,72.55999755859375,555,0.0,0.0,2023-07-19
482,2023-07-19 10:23:00-04:00,72.58999633789062,72.61000061035156,72.58999633789062,72.5999984741211,1120,0.0,0.0,2023-07-19
483,2023-07-19 10:28:00-04:00,72.56999969482422,72.56999969482422,72.56999969482422,72.56999969482422,138,0.0,0.0,2023-07-19
484,2023-07-19 10:30:00-04:00,72.56999969482422,72.56999969482422,72.5,72.51000213623047,961,0.0,0.0,2023-07-19
485,2023-07-19 10:31:00-04:00,72.5,72.5999984741211,72.5,72.5999984741211,2946,0.0,0.0,2023-07-19
486,2023-07-19 10:35:00-04:00,72.58000183105469,72.58000183105469,72.55000305175781,72.55000305175781,1337,0.0,0.0,2023-07-19
487,2023-07-19 10:36:00-04:00,72.5199966430664,72.5199966430664,72.51000213623047,72.51000213623047,677,0.0,0.0,2023-07-19
488,2023-07-19 10:37:00-04:00,72.51000213623047,72.54000091552734,72.4800033569336,72.4800033569336,19067,0.0,0.0,2023-07-19
489,2023-07-19 10:38:00-04:00,72.37000274658203,72.38999938964844,72.36000061035156,72.36000061035156,788,0.0,0.0,2023-07-19
490,2023-07-19 10:39:00-04:00,72.16000366210938,72.16000366210938,72.12000274658203,72.12000274658203,612,0.0,0.0,2023-07-19
491,2023-07-19 10:41:00-04:00,72.30999755859375,72.38999938964844,72.30000305175781,72.33999633789062,1951,0.0,0.0,2023-07-19
492,2023-07-19 10:42:00-04:00,72.38999938964844,72.38999938964844,72.38999938964844,72.38999938964844,389,0.0,0.0,2023-07-19
493,2023-07-19 10:43:00-04:00,72.38999938964844,72.38999938964844,72.29000091552734,72.29000091552734,1112,0.0,0.0,2023-07-19
494,2023-07-19 10:48:00-04:00,72.12999725341797,72.12999725341797,71.91000366210938,72.0,16342,0.0,0.0,2023-07-19
495,2023-07-19 10:49:00-04:00,72.0999984741211,72.12999725341797,72.08000183105469,72.12999725341797,1156,0.0,0.0,2023-07-19
496,2023-07-19 10:51:00-04:00,72.29000091552734,72.29000091552734,72.29000091552734,72.29000091552734,304,0.0,0.0,2023-07-19
497,2023-07-19 10:52:00-04:00,72.4000015258789,72.4000015258789,72.19999694824219,72.19999694824219,1032,0.0,0.0,2023-07-19
498,2023-07-19 10:54:00-04:00,72.1449966430664,72.1449966430664,72.08000183105469,72.08000183105469,552,0.0,0.0,2023-07-19
499,2023-07-19 10:55:00-04:00,72.01000213623047,72.05999755859375,72.01000213623047,72.05999755859375,1372,0.0,0.0,2023-07-19
500,2023-07-19 10:56:00-04:00,72.12000274658203,72.22000122070312,72.10600280761719,72.22000122070312,803,0.0,0.0,2023-07-19
501,2023-07-19 10:58:00-04:00,72.31999969482422,72.31999969482422,72.24500274658203,72.24500274658203,782,0.0,0.0,2023-07-19
502,2023-07-19 11:05:00-04:00,72.2699966430664,72.27999877929688,72.1500015258789,72.27999877929688,1483,0.0,0.0,2023-07-19
503,2023-07-19 11:06:00-04:00,72.27999877929688,72.27999877929688,72.22000122070312,72.22000122070312,217,0.0,0.0,2023-07-19
504,2023-07-19 11:07:00-04:00,72.20999908447266,72.20999908447266,72.20999908447266,72.20999908447266,244,0.0,0.0,2023-07-19
505,2023-07-19 11:08:00-04:00,72.26000213623047,72.27999877929688,72.24400329589844,72.26000213623047,1853,0.0,0.0,2023-07-19
506,2023-07-19 11:09:00-04:00,72.22000122070312,72.22000122070312,72.20999908447266,72.20999908447266,1098,0.0,0.0,2023-07-19
507,2023-07-19 11:10:00-04:00,72.22000122070312,72.22000122070312,72.22000122070312,72.22000122070312,181,0.0,0.0,2023-07-19
508,2023-07-19 11:11:00-04:00,72.21749877929688,72.21749877929688,72.21499633789062,72.21499633789062,300,0.0,0.0,2023-07-19
509,2023-07-19 11:12:00-04:00,72.18000030517578,72.18000030517578,72.16000366210938,72.16000366210938,844,0.0,0.0,2023-07-19
510,2023-07-19 11:13:00-04:00,72.13369750976562,72.13369750976562,72.12999725341797,72.12999725341797,262,0.0,0.0,2023-07-19
511,2023-07-19 11:14:00-04:00,72.16999816894531,72.18499755859375,72.16500091552734,72.18499755859375,1421,0.0,0.0,2023-07-19
512,2023-07-19 11:15:00-04:00,72.14630126953125,72.14630126953125,72.14630126953125,72.14630126953125,582,0.0,0.0,2023-07-19
513,2023-07-19 11:16:00-04:00,72.17500305175781,72.18000030517578,72.17500305175781,72.18000030517578,342,0.0,0.0,2023-07-19
514,2023-07-19 11:17:00-04:00,72.25,72.25,72.23999786376953,72.23999786376953,612,0.0,0.0,2023-07-19
515,2023-07-19 11:20:00-04:00,72.31999969482422,72.33999633789062,72.31999969482422,72.33000183105469,859,0.0,0.0,2023-07-19
516,2023-07-19 11:21:00-04:00,72.30999755859375,72.30999755859375,72.2699966430664,72.2699966430664,1115,0.0,0.0,2023-07-19
517,2023-07-19 11:22:00-04:00,72.27999877929688,72.27999877929688,72.27999877929688,72.27999877929688,332,0.0,0.0,2023-07-19
518,2023-07-19 11:23:00-04:00,72.30999755859375,72.30999755859375,72.30999755859375,72.30999755859375,745,0.0,0.0,2023-07-19
519,2023-07-19 11:25:00-04:00,72.33999633789062,72.33999633789062,72.33999633789062,72.33999633789062,1067,0.0,0.0,2023-07-19
520,2023-07-19 11:26:00-04:00,72.36000061035156,72.36000061035156,72.26000213623047,72.26000213623047,755,0.0,0.0,2023-07-19
521,2023-07-19 11:27:00-04:00,72.26000213623047,72.26000213623047,72.26000213623047,72.26000213623047,315,0.0,0.0,2023-07-19
522,2023-07-19 11:28:00-04:00,72.2699966430664,72.2699966430664,72.2699966430664,72.2699966430664,100,0.0,0.0,2023-07-19
523,2023-07-19 11:29:00-04:00,72.29000091552734,72.29000091552734,72.29000091552734,72.29000091552734,854,0.0,0.0,2023-07-19
524,2023-07-19 11:31:00-04:00,72.30000305175781,72.30000305175781,72.30000305175781,72.30000305175781,153,0.0,0.0,2023-07-19
525,2023-07-19 11:33:00-04:00,72.31999969482422,72.31999969482422,72.30999755859375,72.30999755859375,1472,0.0,0.0,2023-07-19
526,2023-07-19 11:34:00-04:00,72.30000305175781,72.30000305175781,72.20999908447266,72.20999908447266,731,0.0,0.0,2023-07-19
527,2023-07-19 11:35:00-04:00,72.26000213623047,72.26000213623047,72.16000366210938,72.16000366210938,498,0.0,0.0,2023-07-19
528,2023-07-19 11:38:00-04:00,72.16999816894531,72.19000244140625,72.16999816894531,72.16999816894531,1332,0.0,0.0,2023-07-19
529,2023-07-19 11:39:00-04:00,72.22000122070312,72.22000122070312,72.13999938964844,72.13999938964844,729,0.0,0.0,2023-07-19
530,2023-07-19 11:40:00-04:00,72.12000274658203,72.16999816894531,72.12000274658203,72.16999816894531,1336,0.0,0.0,2023-07-19
531,2023-07-19 11:44:00-04:00,72.1500015258789,72.16999816894531,72.1500015258789,72.16999816894531,716,0.0,0.0,2023-07-19
532,2023-07-19 11:45:00-04:00,72.13999938964844,72.19999694824219,72.13999938964844,72.19999694824219,327,0.0,0.0,2023-07-19
533,2023-07-19 11:48:00-04:00,72.16000366210938,72.16000366210938,72.16000366210938,72.16000366210938,141,0.0,0.0,2023-07-19
534,2023-07-19 11:49:00-04:00,72.12999725341797,72.12999725341797,72.12999725341797,72.12999725341797,100,0.0,0.0,2023-07-19
535,2023-07-19 11:50:00-04:00,72.16000366210938,72.16000366210938,72.06999969482422,72.06999969482422,892,0.0,0.0,2023-07-19
536,2023-07-19 11:52:00-04:00,72.01499938964844,72.01499938964844,72.01499938964844,72.01499938964844,195,0.0,0.0,2023-07-19
537,2023-07-19 11:53:00-04:00,72.08000183105469,72.08000183105469,72.08000183105469,72.08000183105469,698,0.0,0.0,2023-07-19
538,2023-07-19 11:56:00-04:00,72.05500030517578,72.05500030517578,72.05500030517578,72.05500030517578,118,0.0,0.0,2023-07-19
539,2023-07-19 11:57:00-04:00,72.0,72.0,72.0,72.0,116,0.0,0.0,2023-07-19
540,2023-07-19 11:58:00-04:00,72.08999633789062,72.08999633789062,72.08999633789062,72.08999633789062,577,0.0,0.0,2023-07-19
541,2023-07-19 12:02:00-04:00,72.12999725341797,72.12999725341797,72.12999725341797,72.12999725341797,110,0.0,0.0,2023-07-19
542,2023-07-19 12:03:00-04:00,72.1500015258789,72.16999816894531,72.1500015258789,72.1500015258789,752,0.0,0.0,2023-07-19
543,2023-07-19 12:04:00-04:00,72.12000274658203,72.12000274658203,72.06999969482422,72.06999969482422,1055,0.0,0.0,2023-07-19
544,2023-07-19 12:05:00-04:00,72.13999938964844,72.13999938964844,72.13999938964844,72.13999938964844,182,0.0,0.0,2023-07-19
545,2023-07-19 12:07:00-04:00,72.1500015258789,72.1500015258789,72.06999969482422,72.0999984741211,1117,0.0,0.0,2023-07-19
546,2023-07-19 12:10:00-04:00,72.1500015258789,72.1500015258789,72.1500015258789,72.1500015258789,332,0.0,0.0,2023-07-19
547,2023-07-19 12:11:00-04:00,72.1500015258789,72.1500015258789,72.1500015258789,72.1500015258789,236,0.0,0.0,2023-07-19
548,2023-07-19 12:12:00-04:00,72.19999694824219,72.19999694824219,72.19000244140625,72.19000244140625,581,0.0,0.0,2023-07-19
549,2023-07-19 12:14:00-04:00,72.19999694824219,72.19999694824219,72.18000030517578,72.18000030517578,439,0.0,0.0,2023-07-19
550,2023-07-19 12:15:00-04:00,72.2300033569336,72.2699966430664,72.2300033569336,72.23500061035156,869,0.0,0.0,2023-07-19
551,2023-07-19 12:16:00-04:00,72.29000091552734,72.29000091552734,72.29000091552734,72.29000091552734,330,0.0,0.0,2023-07-19
552,2023-07-19 12:17:00-04:00,72.33000183105469,72.33000183105469,72.31999969482422,72.31999969482422,413,0.0,0.0,2023-07-19
553,2023-07-19 12:18:00-04:00,72.29000091552734,72.3949966430664,72.27999877929688,72.3949966430664,1931,0.0,0.0,2023-07-19
554,2023-07-19 12:19:00-04:00,72.41000366210938,72.43000030517578,72.41000366210938,72.43000030517578,891,0.0,0.0,2023-07-19
555,2023-07-19 12:21:00-04:00,72.44000244140625,72.44000244140625,72.375,72.42500305175781,1996,0.0,0.0,2023-07-19
556,2023-07-19 12:22:00-04:00,72.45999908447266,72.45999908447266,72.44000244140625,72.44000244140625,254,0.0,0.0,2023-07-19
557,2023-07-19 12:24:00-04:00,72.4800033569336,72.5,72.47000122070312,72.5,760,0.0,0.0,2023-07-19
558,2023-07-19 12:25:00-04:00,72.43000030517578,72.43000030517578,72.41999816894531,72.41999816894531,368,0.0,0.0,2023-07-19
559,2023-07-19 12:28:00-04:00,72.41000366210938,72.44999694824219,72.41000366210938,72.44999694824219,495,0.0,0.0,2023-07-19
560,2023-07-19 12:29:00-04:00,72.4000015258789,72.44000244140625,72.4000015258789,72.44000244140625,403,0.0,0.0,2023-07-19
561,2023-07-19 12:30:00-04:00,72.44000244140625,72.44000244140625,72.44000244140625,72.44000244140625,266,0.0,0.0,2023-07-19
562,2023-07-19 12:31:00-04:00,72.37000274658203,72.37999725341797,72.30000305175781,72.37999725341797,1558,0.0,0.0,2023-07-19
563,2023-07-19 12:33:00-04:00,72.43000030517578,72.44999694824219,72.43000030517578,72.44999694824219,987,0.0,0.0,2023-07-19
564,2023-07-19 12:34:00-04:00,72.47000122070312,72.47000122070312,72.47000122070312,72.47000122070312,100,0.0,0.0,2023-07-19
565,2023-07-19 12:35:00-04:00,72.42500305175781,72.44000244140625,72.42500305175781,72.44000244140625,336,0.0,0.0,2023-07-19
566,2023-07-19 12:36:00-04:00,72.37999725341797,72.38500213623047,72.37999725341797,72.38500213623047,849,0.0,0.0,2023-07-19
567,2023-07-19 12:37:00-04:00,72.30999755859375,72.30999755859375,72.30000305175781,72.30999755859375,1118,0.0,0.0,2023-07-19
568,2023-07-19 12:39:00-04:00,72.29000091552734,72.29000091552734,72.29000091552734,72.29000091552734,268,0.0,0.0,2023-07-19
569,2023-07-19 12:40:00-04:00,72.33999633789062,72.33999633789062,72.33999633789062,72.33999633789062,167,0.0,0.0,2023-07-19
570,2023-07-19 12:42:00-04:00,72.33999633789062,72.33999633789062,72.33999633789062,72.33999633789062,497,0.0,0.0,2023-07-19
571,2023-07-19 12:44:00-04:00,72.36000061035156,72.37000274658203,72.33000183105469,72.37000274658203,4438,0.0,0.0,2023-07-19
572,2023-07-19 12:45:00-04:00,72.37000274658203,72.42500305175781,72.37000274658203,72.42500305175781,1554,0.0,0.0,2023-07-19
573,2023-07-19 12:50:00-04:00,72.55999755859375,72.55999755859375,72.5,72.5,640,0.0,0.0,2023-07-19
574,2023-07-19 12:51:00-04:00,72.51000213623047,72.52999877929688,72.51000213623047,72.52999877929688,950,0.0,0.0,2023-07-19
575,2023-07-19 12:52:00-04:00,72.50499725341797,72.51000213623047,72.50499725341797,72.51000213623047,445,0.0,0.0,2023-07-19
576,2023-07-19 12:54:00-04:00,72.51000213623047,72.51000213623047,72.51000213623047,72.51000213623047,173,0.0,0.0,2023-07-19
577,2023-07-19 12:55:00-04:00,72.48999786376953,72.48999786376953,72.48999786376953,72.48999786376953,148,0.0,0.0,2023-07-19
578,2023-07-19 12:56:00-04:00,72.44999694824219,72.44999694824219,72.44999694824219,72.44999694824219,165,0.0,0.0,2023-07-19
579,2023-07-19 12:58:00-04:00,72.44499969482422,72.5,72.43000030517578,72.5,369,0.0,0.0,2023-07-19
580,2023-07-19 13:00:00-04:00,72.52999877929688,72.52999877929688,72.43000030517578,72.44999694824219,992,0.0,0.0,2023-07-19
581,2023-07-19 13:01:00-04:00,72.45999908447266,72.45999908447266,72.45999908447266,72.45999908447266,381,0.0,0.0,2023-07-19
582,2023-07-19 13:04:00-04:00,72.45999908447266,72.4749984741211,72.45999908447266,72.4749984741211,401,0.0,0.0,2023-07-19
583,2023-07-19 13:05:00-04:00,72.44000244140625,72.5,72.44000244140625,72.5,444,0.0,0.0,2023-07-19
584,2023-07-19 13:06:00-04:00,72.41000366210938,72.41000366210938,72.41000366210938,72.41000366210938,146,0.0,0.0,2023-07-19
585,2023-07-19 13:07:00-04:00,72.41000366210938,72.42500305175781,72.41000366210938,72.42500305175781,214,0.0,0.0,2023-07-19
586,2023-07-19 13:08:00-04:00,72.42500305175781,72.43000030517578,72.38999938964844,72.38999938964844,665,0.0,0.0,2023-07-19
587,2023-07-19 13:09:00-04:00,72.41999816894531,72.41999816894531,72.37999725341797,72.40499877929688,932,0.0,0.0,2023-07-19
588,2023-07-19 13:10:00-04:00,72.43000030517578,72.43000030517578,72.43000030517578,72.43000030517578,404,0.0,0.0,2023-07-19
589,2023-07-19 13:11:00-04:00,72.44999694824219,72.48999786376953,72.44999694824219,72.4800033569336,1250,0.0,0.0,2023-07-19
590,2023-07-19 13:12:00-04:00,72.5,72.5,72.5,72.5,286,0.0,0.0,2023-07-19
591,2023-07-19 13:13:00-04:00,72.5,72.5,72.5,72.5,401,0.0,0.0,2023-07-19
592,2023-07-19 13:15:00-04:00,72.48999786376953,72.48999786376953,72.48999786376953,72.48999786376953,300,0.0,0.0,2023-07-19
593,2023-07-19 13:16:00-04:00,72.50499725341797,72.50499725341797,72.5,72.5,221,0.0,0.0,2023-07-19
594,2023-07-19 13:17:00-04:00,72.45999908447266,72.45999908447266,72.4000015258789,72.41000366210938,1276,0.0,0.0,2023-07-19
595,2023-07-19 13:20:00-04:00,72.41500091552734,72.45999908447266,72.41500091552734,72.45999908447266,585,0.0,0.0,2023-07-19
596,2023-07-19 13:21:00-04:00,72.44000244140625,72.51000213623047,72.44000244140625,72.51000213623047,1238,0.0,0.0,2023-07-19
597,2023-07-19 13:24:00-04:00,72.5199966430664,72.5199966430664,72.51000213623047,72.51000213623047,933,0.0,0.0,2023-07-19
598,2023-07-19 13:25:00-04:00,72.5199966430664,72.5199966430664,72.5199966430664,72.5199966430664,253,0.0,0.0,2023-07-19
599,2023-07-19 13:27:00-04:00,72.5199966430664,72.52999877929688,72.5199966430664,72.52999877929688,1053,0.0,0.0,2023-07-19
600,2023-07-19 13:28:00-04:00,72.54000091552734,72.54499816894531,72.54000091552734,72.54499816894531,467,0.0,0.0,2023-07-19
601,2023-07-19 13:29:00-04:00,72.54499816894531,72.54499816894531,72.54499816894531,72.54499816894531,105,0.0,0.0,2023-07-19
602,2023-07-19 13:30:00-04:00,72.54000091552734,72.58000183105469,72.54000091552734,72.58000183105469,490,0.0,0.0,2023-07-19
603,2023-07-19 13:31:00-04:00,72.53500366210938,72.53500366210938,72.53500366210938,72.53500366210938,216,0.0,0.0,2023-07-19
604,2023-07-19 13:32:00-04:00,72.5199966430664,72.5199966430664,72.5199966430664,72.5199966430664,210,0.0,0.0,2023-07-19
605,2023-07-19 13:33:00-04:00,72.5199966430664,72.5199966430664,72.5199966430664,72.5199966430664,194,0.0,0.0,2023-07-19
606,2023-07-19 13:35:00-04:00,72.44000244140625,72.44000244140625,72.44000244140625,72.44000244140625,302,0.0,0.0,2023-07-19
607,2023-07-19 13:39:00-04:00,72.44999694824219,72.44999694824219,72.44999694824219,72.44999694824219,111,0.0,0.0,2023-07-19
608,2023-07-19 13:40:00-04:00,72.44999694824219,72.44999694824219,72.44999694824219,72.44999694824219,122,0.0,0.0,2023-07-19
609,2023-07-19 13:41:00-04:00,72.44999694824219,72.44999694824219,72.44999694824219,72.44999694824219,179,0.0,0.0,2023-07-19
610,2023-07-19 13:44:00-04:00,72.44000244140625,72.48999786376953,72.44000244140625,72.48999786376953,365,0.0,0.0,2023-07-19
611,2023-07-19 13:46:00-04:00,72.46499633789062,72.46499633789062,72.41999816894531,72.43000030517578,1451,0.0,0.0,2023-07-19
612,2023-07-19 13:47:00-04:00,72.33000183105469,72.33000183105469,72.33000183105469,72.33000183105469,556,0.0,0.0,2023-07-19
613,2023-07-19 13:49:00-04:00,72.2699966430664,72.31999969482422,72.2699966430664,72.31999969482422,1124,0.0,0.0,2023-07-19
614,2023-07-19 13:51:00-04:00,72.31999969482422,72.31999969482422,72.30000305175781,72.30000305175781,532,0.0,0.0,2023-07-19
615,2023-07-19 13:55:00-04:00,72.239501953125,72.239501953125,72.239501953125,72.239501953125,281,0.0,0.0,2023-07-19
616,2023-07-19 13:57:00-04:00,72.29000091552734,72.29000091552734,72.29000091552734,72.29000091552734,127,0.0,0.0,2023-07-19
617,2023-07-19 13:59:00-04:00,72.31999969482422,72.31999969482422,72.31990051269531,72.31990051269531,203,0.0,0.0,2023-07-19
618,2023-07-19 14:00:00-04:00,72.29000091552734,72.31999969482422,72.29000091552734,72.31999969482422,777,0.0,0.0,2023-07-19
619,2023-07-19 14:01:00-04:00,72.37000274658203,72.37000274658203,72.37000274658203,72.37000274658203,246,0.0,0.0,2023-07-19
620,2023-07-19 14:02:00-04:00,72.36000061035156,72.36000061035156,72.36000061035156,72.36000061035156,333,0.0,0.0,2023-07-19
621,2023-07-19 14:03:00-04:00,72.37999725341797,72.37999725341797,72.37999725341797,72.37999725341797,306,0.0,0.0,2023-07-19
622,2023-07-19 14:04:00-04:00,72.37000274658203,72.37000274658203,72.37000274658203,72.37000274658203,172,0.0,0.0,2023-07-19
623,2023-07-19 14:05:00-04:00,72.41999816894531,72.41999816894531,72.41999816894531,72.41999816894531,100,0.0,0.0,2023-07-19
624,2023-07-19 14:06:00-04:00,72.36499786376953,72.36499786376953,72.36499786376953,72.36499786376953,107,0.0,0.0,2023-07-19
625,2023-07-19 14:07:00-04:00,72.33709716796875,72.3550033569336,72.33709716796875,72.3550033569336,302,0.0,0.0,2023-07-19
626,2023-07-19 14:08:00-04:00,72.38999938964844,72.38999938964844,72.33999633789062,72.33999633789062,1416,0.0,0.0,2023-07-19
627,2023-07-19 14:10:00-04:00,72.41000366210938,72.41000366210938,72.36250305175781,72.36250305175781,567,0.0,0.0,2023-07-19
628,2023-07-19 14:13:00-04:00,72.36499786376953,72.36499786376953,72.23999786376953,72.23999786376953,1613,0.0,0.0,2023-07-19
629,2023-07-19 14:14:00-04:00,72.29000091552734,72.29000091552734,72.29000091552734,72.29000091552734,275,0.0,0.0,2023-07-19
630,2023-07-19 14:16:00-04:00,72.33000183105469,72.33999633789062,72.33000183105469,72.33999633789062,258,0.0,0.0,2023-07-19
631,2023-07-19 14:18:00-04:00,72.33000183105469,72.33000183105469,72.33000183105469,72.33000183105469,548,0.0,0.0,2023-07-19
632,2023-07-19 14:19:00-04:00,72.36000061035156,72.36000061035156,72.36000061035156,72.36000061035156,150,0.0,0.0,2023-07-19
633,2023-07-19 14:20:00-04:00,72.31999969482422,72.31999969482422,72.31999969482422,72.31999969482422,301,0.0,0.0,2023-07-19
634,2023-07-19 14:22:00-04:00,72.36000061035156,72.36000061035156,72.36000061035156,72.36000061035156,558,0.0,0.0,2023-07-19
635,2023-07-19 14:24:00-04:00,72.41999816894531,72.41999816894531,72.41999816894531,72.41999816894531,316,0.0,0.0,2023-07-19
636,2023-07-19 14:25:00-04:00,72.38999938964844,72.38999938964844,72.38999938964844,72.38999938964844,449,0.0,0.0,2023-07-19
637,2023-07-19 14:26:00-04:00,72.41999816894531,72.41999816894531,72.41000366210938,72.41000366210938,393,0.0,0.0,2023-07-19
638,2023-07-19 14:28:00-04:00,72.41000366210938,72.41000366210938,72.41000366210938,72.41000366210938,470,0.0,0.0,2023-07-19
639,2023-07-19 14:31:00-04:00,72.44000244140625,72.44000244140625,72.44000244140625,72.44000244140625,428,0.0,0.0,2023-07-19
640,2023-07-19 14:32:00-04:00,72.44000244140625,72.45999908447266,72.44000244140625,72.45999908447266,655,0.0,0.0,2023-07-19
641,2023-07-19 14:33:00-04:00,72.45999908447266,72.4800033569336,72.45999908447266,72.4800033569336,2540,0.0,0.0,2023-07-19
642,2023-07-19 14:34:00-04:00,72.45999908447266,72.45999908447266,72.3499984741211,72.36000061035156,1079,0.0,0.0,2023-07-19
643,2023-07-19 14:35:00-04:00,72.41000366210938,72.41000366210938,72.36000061035156,72.36000061035156,285,0.0,0.0,2023-07-19
644,2023-07-19 14:40:00-04:00,72.36000061035156,72.36000061035156,72.36000061035156,72.36000061035156,237,0.0,0.0,2023-07-19
645,2023-07-19 14:41:00-04:00,72.3499984741211,72.37000274658203,72.3499984741211,72.37000274658203,905,0.0,0.0,2023-07-19
646,2023-07-19 14:42:00-04:00,72.43000030517578,72.43000030517578,72.43000030517578,72.43000030517578,597,0.0,0.0,2023-07-19
647,2023-07-19 14:43:00-04:00,72.45500183105469,72.5,72.45500183105469,72.5,209,0.0,0.0,2023-07-19
648,2023-07-19 14:44:00-04:00,72.45999908447266,72.45999908447266,72.45999908447266,72.45999908447266,281,0.0,0.0,2023-07-19
649,2023-07-19 14:45:00-04:00,72.45999908447266,72.45999908447266,72.45999908447266,72.45999908447266,253,0.0,0.0,2023-07-19
650,2023-07-19 14:46:00-04:00,72.41999816894531,72.44999694824219,72.41999816894531,72.44999694824219,943,0.0,0.0,2023-07-19
651,2023-07-19 14:48:00-04:00,72.38999938964844,72.38999938964844,72.38999938964844,72.38999938964844,286,0.0,0.0,2023-07-19
652,2023-07-19 14:50:00-04:00,72.37000274658203,72.38999938964844,72.3499984741211,72.3499984741211,856,0.0,0.0,2023-07-19
653,2023-07-19 14:51:00-04:00,72.36000061035156,72.36000061035156,72.36000061035156,72.36000061035156,343,0.0,0.0,2023-07-19
654,2023-07-19 14:54:00-04:00,72.26000213623047,72.29000091552734,72.26000213623047,72.29000091552734,426,0.0,0.0,2023-07-19
655,2023-07-19 14:55:00-04:00,72.29000091552734,72.29000091552734,72.29000091552734,72.29000091552734,430,0.0,0.0,2023-07-19
656,2023-07-19 14:57:00-04:00,72.30000305175781,72.33999633789062,72.30000305175781,72.33999633789062,950,0.0,0.0,2023-07-19
657,2023-07-19 14:59:00-04:00,72.33000183105469,72.3949966430664,72.33000183105469,72.3949966430664,1905,0.0,0.0,2023-07-19
658,2023-07-19 15:02:00-04:00,72.41999816894531,72.41999816894531,72.41999816894531,72.41999816894531,201,0.0,0.0,2023-07-19
659,2023-07-19 15:04:00-04:00,72.4000015258789,72.4000015258789,72.4000015258789,72.4000015258789,253,0.0,0.0,2023-07-19
660,2023-07-19 15:05:00-04:00,72.37000274658203,72.41999816894531,72.37000274658203,72.41999816894531,3680,0.0,0.0,2023-07-19
661,2023-07-19 15:07:00-04:00,72.44000244140625,72.44999694824219,72.44000244140625,72.44999694824219,730,0.0,0.0,2023-07-19
662,2023-07-19 15:08:00-04:00,72.4800033569336,72.4800033569336,72.47000122070312,72.47000122070312,738,0.0,0.0,2023-07-19
663,2023-07-19 15:09:00-04:00,72.4800033569336,72.4800033569336,72.4800033569336,72.4800033569336,254,0.0,0.0,2023-07-19
664,2023-07-19 15:10:00-04:00,72.47000122070312,72.47000122070312,72.47000122070312,72.47000122070312,522,0.0,0.0,2023-07-19
665,2023-07-19 15:12:00-04:00,72.48999786376953,72.48999786376953,72.48999786376953,72.48999786376953,588,0.0,0.0,2023-07-19
666,2023-07-19 15:13:00-04:00,72.48500061035156,72.48500061035156,72.44999694824219,72.44999694824219,1961,0.0,0.0,2023-07-19
667,2023-07-19 15:17:00-04:00,72.47000122070312,72.48999786376953,72.47000122070312,72.47000122070312,2031,0.0,0.0,2023-07-19
668,2023-07-19 15:19:00-04:00,72.4800033569336,72.5,72.4800033569336,72.4800033569336,3290,0.0,0.0,2023-07-19
669,2023-07-19 15:21:00-04:00,72.5,72.5,72.5,72.5,671,0.0,0.0,2023-07-19
670,2023-07-19 15:23:00-04:00,72.4800033569336,72.4800033569336,72.4800033569336,72.4800033569336,151,0.0,0.0,2023-07-19
671,2023-07-19 15:24:00-04:00,72.4800033569336,72.4800033569336,72.4800033569336,72.4800033569336,993,0.0,0.0,2023-07-19
672,2023-07-19 15:25:00-04:00,72.5,72.5,72.4800033569336,72.4800033569336,1292,0.0,0.0,2023-07-19
673,2023-07-19 15:26:00-04:00,72.4800033569336,72.4800033569336,72.45999908447266,72.45999908447266,526,0.0,0.0,2023-07-19
674,2023-07-19 15:27:00-04:00,72.45999908447266,72.45999908447266,72.41000366210938,72.41000366210938,1972,0.0,0.0,2023-07-19
675,2023-07-19 15:28:00-04:00,72.37000274658203,72.37000274658203,72.37000274658203,72.37000274658203,182,0.0,0.0,2023-07-19
676,2023-07-19 15:29:00-04:00,72.37000274658203,72.37000274658203,72.32499694824219,72.32499694824219,2209,0.0,0.0,2023-07-19
677,2023-07-19 15:31:00-04:00,72.30999755859375,72.30999755859375,72.30999755859375,72.30999755859375,462,0.0,0.0,2023-07-19
678,2023-07-19 15:32:00-04:00,72.30999755859375,72.31999969482422,72.2770004272461,72.2770004272461,2158,0.0,0.0,2023-07-19
679,2023-07-19 15:33:00-04:00,72.30999755859375,72.37999725341797,72.30999755859375,72.37999725341797,2321,0.0,0.0,2023-07-19
680,2023-07-19 15:34:00-04:00,72.41000366210938,72.44000244140625,72.4000015258789,72.41999816894531,1399,0.0,0.0,2023-07-19
681,2023-07-19 15:35:00-04:00,72.4000015258789,72.41999816894531,72.37999725341797,72.37999725341797,1763,0.0,0.0,2023-07-19
682,2023-07-19 15:36:00-04:00,72.33999633789062,72.33999633789062,72.30999755859375,72.30999755859375,447,0.0,0.0,2023-07-19
683,2023-07-19 15:37:00-04:00,72.36000061035156,72.40899658203125,72.36000061035156,72.40899658203125,2351,0.0,0.0,2023-07-19
684,2023-07-19 15:38:00-04:00,72.41999816894531,72.44000244140625,72.41999816894531,72.44000244140625,872,0.0,0.0,2023-07-19
685,2023-07-19 15:39:00-04:00,72.41999816894531,72.43900299072266,72.4010009765625,72.43900299072266,1095,0.0,0.0,2023-07-19
686,2023-07-19 15:40:00-04:00,72.44000244140625,72.45999908447266,72.44000244140625,72.45500183105469,1316,0.0,0.0,2023-07-19
687,2023-07-19 15:41:00-04:00,72.4800033569336,72.50499725341797,72.44999694824219,72.48999786376953,4451,0.0,0.0,2023-07-19
688,2023-07-19 15:42:00-04:00,72.37000274658203,72.37999725341797,72.2699966430664,72.2699966430664,1478,0.0,0.0,2023-07-19
689,2023-07-19 15:43:00-04:00,72.27999877929688,72.27999877929688,72.2699966430664,72.2770004272461,3155,0.0,0.0,2023-07-19
690,2023-07-19 15:44:00-04:00,72.31999969482422,72.33000183105469,72.31999969482422,72.33000183105469,557,0.0,0.0,2023-07-19
691,2023-07-19 15:45:00-04:00,72.30999755859375,72.33000183105469,72.27999877929688,72.33000183105469,4146,0.0,0.0,2023-07-19
692,2023-07-19 15:46:00-04:00,72.33999633789062,72.3949966430664,72.30999755859375,72.3949966430664,3637,0.0,0.0,2023-07-19
693,2023-07-19 15:47:00-04:00,72.4000015258789,72.41000366210938,72.4000015258789,72.41000366210938,395,0.0,0.0,2023-07-19
694,2023-07-19 15:48:00-04:00,72.4000015258789,72.4000015258789,72.30999755859375,72.30999755859375,2752,0.0,0.0,2023-07-19
695,2023-07-19 15:49:00-04:00,72.33999633789062,72.4000015258789,72.33999633789062,72.4000015258789,2637,0.0,0.0,2023-07-19
696,2023-07-19 15:50:00-04:00,72.4000015258789,72.5,72.4000015258789,72.49400329589844,2812,0.0,0.0,2023-07-19
697,2023-07-19 15:51:00-04:00,72.5,72.5,72.44999694824219,72.47000122070312,6045,0.0,0.0,2023-07-19
698,2023-07-19 15:52:00-04:00,72.48500061035156,72.48500061035156,72.44000244140625,72.45999908447266,4432,0.0,0.0,2023-07-19
699,2023-07-19 15:53:00-04:00,72.43000030517578,72.44999694824219,72.41100311279297,72.44999694824219,1941,0.0,0.0,2023-07-19
700,2023-07-19 15:54:00-04:00,72.41000366210938,72.41000366210938,72.31999969482422,72.37000274658203,5727,0.0,0.0,2023-07-19
701,2023-07-19 15:55:00-04:00,72.375,72.41999816894531,72.30999755859375,72.38999938964844,6229,0.0,0.0,2023-07-19
702,2023-07-19 15:56:00-04:00,72.38500213623047,72.38999938964844,72.3499984741211,72.36000061035156,5112,0.0,0.0,2023-07-19
703,2023-07-19 15:57:00-04:00,72.3499984741211,72.37000274658203,72.33000183105469,72.36000061035156,4921,0.0,0.0,2023-07-19
704,2023-07-19 15:58:00-04:00,72.36000061035156,72.38999938964844,72.36000061035156,72.38999938964844,5538,0.0,0.0,2023-07-19
705,2023-07-19 15:59:00-04:00,72.38999938964844,72.45999908447266,72.37999725341797,72.44999694824219,12232,0.0,0.0,2023-07-19
706,2023-07-20 09:30:00-04:00,72.83999633789062,72.83999633789062,72.83999633789062,72.83999633789062,1499,0.0,0.0,2023-07-20
707,2023-07-20 09:33:00-04:00,72.45480346679688,72.45480346679688,72.45480346679688,72.45480346679688,195,0.0,0.0,2023-07-20
708,2023-07-20 09:39:00-04:00,72.52999877929688,72.52999877929688,72.52999877929688,72.52999877929688,111,0.0,0.0,2023-07-20
709,2023-07-20 09:40:00-04:00,72.43000030517578,72.43000030517578,72.20999908447266,72.25,1804,0.0,0.0,2023-07-20
710,2023-07-20 09:41:00-04:00,72.2886962890625,72.2886962890625,72.2886962890625,72.2886962890625,320,0.0,0.0,2023-07-20
711,2023-07-20 09:43:00-04:00,72.19999694824219,72.19999694824219,72.19999694824219,72.19999694824219,269,0.0,0.0,2023-07-20
712,2023-07-20 09:46:00-04:00,72.12000274658203,72.12999725341797,71.87999725341797,71.87999725341797,2138,0.0,0.0,2023-07-20
713,2023-07-20 09:49:00-04:00,72.0999984741211,72.0999984741211,72.08999633789062,72.08999633789062,1068,0.0,0.0,2023-07-20
714,2023-07-20 09:51:00-04:00,72.30999755859375,72.31999969482422,72.30999755859375,72.31999969482422,794,0.0,0.0,2023-07-20
715,2023-07-20 09:59:00-04:00,72.49500274658203,72.49500274658203,72.49500274658203,72.49500274658203,387,0.0,0.0,2023-07-20
716,2023-07-20 10:00:00-04:00,72.3499984741211,72.3499984741211,72.3499984741211,72.3499984741211,402,0.0,0.0,2023-07-20
717,2023-07-20 10:01:00-04:00,72.22000122070312,72.22000122070312,72.16500091552734,72.16500091552734,685,0.0,0.0,2023-07-20
718,2023-07-20 10:05:00-04:00,72.05000305175781,72.05000305175781,72.05000305175781,72.05000305175781,161,0.0,0.0,2023-07-20
719,2023-07-20 10:06:00-04:00,71.9800033569336,71.9800033569336,71.9800033569336,71.9800033569336,392,0.0,0.0,2023-07-20
720,2023-07-20 10:08:00-04:00,71.94000244140625,71.94000244140625,71.94000244140625,71.94000244140625,104,0.0,0.0,2023-07-20
721,2023-07-20 10:09:00-04:00,71.8499984741211,71.87999725341797,71.8499984741211,71.87999725341797,2116,0.0,0.0,2023-07-20
722,2023-07-20 10:12:00-04:00,71.9000015258789,71.9000015258789,71.75,71.7750015258789,1920,0.0,0.0,2023-07-20
723,2023-07-20 10:13:00-04:00,71.76000213623047,71.76000213623047,71.68499755859375,71.68499755859375,1017,0.0,0.0,2023-07-20
724,2023-07-20 10:14:00-04:00,71.69499969482422,71.76000213623047,71.68499755859375,71.75,1311,0.0,0.0,2023-07-20
725,2023-07-20 10:15:00-04:00,71.73999786376953,71.7699966430664,71.73999786376953,71.7699966430664,625,0.0,0.0,2023-07-20
726,2023-07-20 10:16:00-04:00,71.79499816894531,71.79499816894531,71.73999786376953,71.73999786376953,431,0.0,0.0,2023-07-20
727,2023-07-20 10:17:00-04:00,71.68000030517578,71.8499984741211,71.68000030517578,71.84300231933594,2801,0.0,0.0,2023-07-20
728,2023-07-20 10:19:00-04:00,71.80500030517578,71.80500030517578,71.71499633789062,71.76000213623047,1006,0.0,0.0,2023-07-20
729,2023-07-20 10:20:00-04:00,71.75499725341797,71.75499725341797,71.75499725341797,71.75499725341797,325,0.0,0.0,2023-07-20
730,2023-07-20 10:21:00-04:00,71.8499984741211,71.94000244140625,71.8499984741211,71.94000244140625,794,0.0,0.0,2023-07-20
731,2023-07-20 10:24:00-04:00,71.74749755859375,71.74749755859375,71.74749755859375,71.74749755859375,102,0.0,0.0,2023-07-20
732,2023-07-20 10:25:00-04:00,71.69000244140625,71.78500366210938,71.69000244140625,71.78500366210938,314,0.0,0.0,2023-07-20
733,2023-07-20 10:26:00-04:00,71.80000305175781,71.9000015258789,71.80000305175781,71.9000015258789,2371,0.0,0.0,2023-07-20
734,2023-07-20 10:27:00-04:00,71.82499694824219,71.82499694824219,71.82499694824219,71.82499694824219,675,0.0,0.0,2023-07-20
735,2023-07-20 10:31:00-04:00,71.87000274658203,71.87999725341797,71.87000274658203,71.87999725341797,759,0.0,0.0,2023-07-20
736,2023-07-20 10:33:00-04:00,71.87000274658203,71.87000274658203,71.86000061035156,71.87000274658203,889,0.0,0.0,2023-07-20
737,2023-07-20 10:34:00-04:00,71.98999786376953,71.98999786376953,71.8499984741211,71.8499984741211,650,0.0,0.0,2023-07-20
738,2023-07-20 10:39:00-04:00,71.80000305175781,71.80000305175781,71.80000305175781,71.80000305175781,638,0.0,0.0,2023-07-20
739,2023-07-20 10:41:00-04:00,71.79000091552734,71.79000091552734,71.79000091552734,71.79000091552734,244,0.0,0.0,2023-07-20
740,2023-07-20 10:42:00-04:00,71.80999755859375,71.80999755859375,71.77999877929688,71.77999877929688,371,0.0,0.0,2023-07-20
741,2023-07-20 10:44:00-04:00,71.80500030517578,71.80500030517578,71.80500030517578,71.80500030517578,104,0.0,0.0,2023-07-20
742,2023-07-20 10:45:00-04:00,71.79499816894531,71.79499816894531,71.72000122070312,71.72000122070312,426,0.0,0.0,2023-07-20
743,2023-07-20 10:46:00-04:00,71.75,71.76499938964844,71.73999786376953,71.76499938964844,865,0.0,0.0,2023-07-20
744,2023-07-20 10:47:00-04:00,71.80999755859375,71.83000183105469,71.80999755859375,71.83000183105469,787,0.0,0.0,2023-07-20
745,2023-07-20 10:48:00-04:00,71.88999938964844,71.8949966430664,71.88999938964844,71.8949966430664,265,0.0,0.0,2023-07-20
746,2023-07-20 10:50:00-04:00,71.91999816894531,71.91999816894531,71.91000366210938,71.91000366210938,773,0.0,0.0,2023-07-20
747,2023-07-20 10:51:00-04:00,72.01000213623047,72.01000213623047,72.01000213623047,72.01000213623047,473,0.0,0.0,2023-07-20
748,2023-07-20 10:52:00-04:00,72.08000183105469,72.08000183105469,72.08000183105469,72.08000183105469,366,0.0,0.0,2023-07-20
749,2023-07-20 10:56:00-04:00,72.01000213623047,72.01000213623047,72.01000213623047,72.01000213623047,496,0.0,0.0,2023-07-20
750,2023-07-20 10:57:00-04:00,71.95999908447266,71.95999908447266,71.95999908447266,71.95999908447266,162,0.0,0.0,2023-07-20
751,2023-07-20 11:00:00-04:00,72.00499725341797,72.00499725341797,72.00499725341797,72.00499725341797,325,0.0,0.0,2023-07-20
752,2023-07-20 11:03:00-04:00,71.98999786376953,71.98999786376953,71.98999786376953,71.98999786376953,313,0.0,0.0,2023-07-20
753,2023-07-20 11:06:00-04:00,72.06999969482422,72.06999969482422,72.06999969482422,72.06999969482422,659,0.0,0.0,2023-07-20
754,2023-07-20 11:12:00-04:00,72.11000061035156,72.11000061035156,72.05000305175781,72.05000305175781,429,0.0,0.0,2023-07-20
755,2023-07-20 11:14:00-04:00,71.9800033569336,71.9800033569336,71.9800033569336,71.9800033569336,431,0.0,0.0,2023-07-20
756,2023-07-20 11:19:00-04:00,71.98999786376953,71.98999786376953,71.98999786376953,71.98999786376953,456,0.0,0.0,2023-07-20
757,2023-07-20 11:22:00-04:00,71.91999816894531,71.93000030517578,71.84500122070312,71.84500122070312,1026,0.0,0.0,2023-07-20
758,2023-07-20 11:25:00-04:00,71.81999969482422,71.86000061035156,71.81999969482422,71.86000061035156,744,0.0,0.0,2023-07-20
759,2023-07-20 11:28:00-04:00,71.9000015258789,71.9000015258789,71.87999725341797,71.9000015258789,525,0.0,0.0,2023-07-20
760,2023-07-20 11:31:00-04:00,71.8949966430664,71.8949966430664,71.8949966430664,71.8949966430664,399,0.0,0.0,2023-07-20
761,2023-07-20 11:34:00-04:00,71.94000244140625,71.94000244140625,71.94000244140625,71.94000244140625,236,0.0,0.0,2023-07-20
762,2023-07-20 11:36:00-04:00,71.94999694824219,71.94999694824219,71.88999938964844,71.91999816894531,1766,0.0,0.0,2023-07-20
763,2023-07-20 11:38:00-04:00,71.86000061035156,71.9000015258789,71.86000061035156,71.9000015258789,258,0.0,0.0,2023-07-20
764,2023-07-20 11:40:00-04:00,71.91000366210938,71.91000366210938,71.91000366210938,71.91000366210938,243,0.0,0.0,2023-07-20
765,2023-07-20 11:41:00-04:00,71.8499984741211,71.8499984741211,71.8499984741211,71.8499984741211,291,0.0,0.0,2023-07-20
766,2023-07-20 11:44:00-04:00,71.92500305175781,71.92500305175781,71.92500305175781,71.92500305175781,202,0.0,0.0,2023-07-20
767,2023-07-20 11:45:00-04:00,71.87000274658203,71.88999938964844,71.86000061035156,71.88999938964844,1125,0.0,0.0,2023-07-20
768,2023-07-20 11:46:00-04:00,71.84500122070312,71.84500122070312,71.84500122070312,71.84500122070312,272,0.0,0.0,2023-07-20
769,2023-07-20 11:48:00-04:00,71.83999633789062,71.84500122070312,71.83499908447266,71.83499908447266,360,0.0,0.0,2023-07-20
770,2023-07-20 11:50:00-04:00,71.83499908447266,71.83499908447266,71.83499908447266,71.83499908447266,202,0.0,0.0,2023-07-20
771,2023-07-20 11:52:00-04:00,71.9000015258789,71.9000015258789,71.9000015258789,71.9000015258789,832,0.0,0.0,2023-07-20
772,2023-07-20 11:53:00-04:00,71.84010314941406,71.9000015258789,71.84010314941406,71.9000015258789,663,0.0,0.0,2023-07-20
773,2023-07-20 11:54:00-04:00,71.93000030517578,71.93000030517578,71.88999938964844,71.88999938964844,1293,0.0,0.0,2023-07-20
774,2023-07-20 11:55:00-04:00,71.8949966430664,71.8949966430664,71.8949966430664,71.8949966430664,102,0.0,0.0,2023-07-20
775,2023-07-20 11:56:00-04:00,71.93000030517578,71.94000244140625,71.93000030517578,71.94000244140625,628,0.0,0.0,2023-07-20
776,2023-07-20 11:58:00-04:00,71.88999938964844,71.89250183105469,71.88999938964844,71.89250183105469,265,0.0,0.0,2023-07-20
777,2023-07-20 11:59:00-04:00,71.87999725341797,71.87999725341797,71.87999725341797,71.87999725341797,122,0.0,0.0,2023-07-20
778,2023-07-20 12:01:00-04:00,71.94000244140625,71.94000244140625,71.94000244140625,71.94000244140625,157,0.0,0.0,2023-07-20
779,2023-07-20 12:02:00-04:00,71.94000244140625,71.94000244140625,71.94000244140625,71.94000244140625,171,0.0,0.0,2023-07-20
780,2023-07-20 12:09:00-04:00,71.94000244140625,71.9800033569336,71.94000244140625,71.9800033569336,711,0.0,0.0,2023-07-20
781,2023-07-20 12:12:00-04:00,72.01000213623047,72.01000213623047,72.01000213623047,72.01000213623047,204,0.0,0.0,2023-07-20
782,2023-07-20 12:14:00-04:00,72.0250015258789,72.0250015258789,72.0,72.0,894,0.0,0.0,2023-07-20
783,2023-07-20 12:17:00-04:00,72.05000305175781,72.05000305175781,72.05000305175781,72.05000305175781,316,0.0,0.0,2023-07-20
784,2023-07-20 12:18:00-04:00,72.04499816894531,72.04499816894531,72.04499816894531,72.04499816894531,107,0.0,0.0,2023-07-20
785,2023-07-20 12:19:00-04:00,71.95999908447266,71.95999908447266,71.95999908447266,71.95999908447266,173,0.0,0.0,2023-07-20
786,2023-07-20 12:20:00-04:00,72.01000213623047,72.01000213623047,72.01000213623047,72.01000213623047,291,0.0,0.0,2023-07-20
787,2023-07-20 12:22:00-04:00,71.9000015258789,71.91999816894531,71.88999938964844,71.91999816894531,1191,0.0,0.0,2023-07-20
788,2023-07-20 12:30:00-04:00,71.97000122070312,71.97000122070312,71.9469985961914,71.9469985961914,375,0.0,0.0,2023-07-20
789,2023-07-20 12:31:00-04:00,71.97000122070312,71.97000122070312,71.91999816894531,71.91999816894531,1087,0.0,0.0,2023-07-20
790,2023-07-20 12:37:00-04:00,71.84500122070312,71.8499984741211,71.84500122070312,71.8499984741211,662,0.0,0.0,2023-07-20
791,2023-07-20 12:40:00-04:00,71.8499984741211,71.8499984741211,71.8499984741211,71.8499984741211,482,0.0,0.0,2023-07-20
792,2023-07-20 12:41:00-04:00,71.87000274658203,71.87999725341797,71.86000061035156,71.87999725341797,678,0.0,0.0,2023-07-20
793,2023-07-20 12:42:00-04:00,71.8949966430664,71.8949966430664,71.8949966430664,71.8949966430664,631,0.0,0.0,2023-07-20
794,2023-07-20 12:49:00-04:00,71.87999725341797,71.9000015258789,71.87000274658203,71.9000015258789,978,0.0,0.0,2023-07-20
795,2023-07-20 12:51:00-04:00,71.91500091552734,71.91500091552734,71.91500091552734,71.91500091552734,446,0.0,0.0,2023-07-20
796,2023-07-20 12:54:00-04:00,71.94000244140625,71.97000122070312,71.94000244140625,71.97000122070312,361,0.0,0.0,2023-07-20
797,2023-07-20 12:55:00-04:00,71.97000122070312,71.97000122070312,71.97000122070312,71.97000122070312,103,0.0,0.0,2023-07-20
798,2023-07-20 12:56:00-04:00,71.91999816894531,71.9800033569336,71.91999816894531,71.9800033569336,1360,0.0,0.0,2023-07-20
799,2023-07-20 12:57:00-04:00,71.95999908447266,71.97000122070312,71.95999908447266,71.97000122070312,469,0.0,0.0,2023-07-20
800,2023-07-20 13:01:00-04:00,71.93000030517578,71.93000030517578,71.93000030517578,71.93000030517578,241,0.0,0.0,2023-07-20
801,2023-07-20 13:05:00-04:00,71.83999633789062,71.87000274658203,71.83999633789062,71.87000274658203,1012,0.0,0.0,2023-07-20
802,2023-07-20 13:06:00-04:00,71.94999694824219,71.94999694824219,71.94999694824219,71.94999694824219,328,0.0,0.0,2023-07-20
803,2023-07-20 13:16:00-04:00,71.94000244140625,71.94000244140625,71.94000244140625,71.94000244140625,182,0.0,0.0,2023-07-20
804,2023-07-20 13:17:00-04:00,71.94000244140625,71.94000244140625,71.94000244140625,71.94000244140625,365,0.0,0.0,2023-07-20
805,2023-07-20 13:19:00-04:00,71.88999938964844,71.88999938964844,71.8499984741211,71.8499984741211,1003,0.0,0.0,2023-07-20
806,2023-07-20 13:21:00-04:00,71.94000244140625,72.02999877929688,71.94000244140625,72.02999877929688,1694,0.0,0.0,2023-07-20
807,2023-07-20 13:23:00-04:00,71.95999908447266,72.0,71.95999908447266,72.0,202,0.0,0.0,2023-07-20
808,2023-07-20 13:24:00-04:00,72.0,72.0,72.0,72.0,693,0.0,0.0,2023-07-20
809,2023-07-20 13:33:00-04:00,72.0199966430664,72.0199966430664,72.0199966430664,72.0199966430664,221,0.0,0.0,2023-07-20
810,2023-07-20 13:36:00-04:00,72.08000183105469,72.08000183105469,72.08000183105469,72.08000183105469,245,0.0,0.0,2023-07-20
811,2023-07-20 13:37:00-04:00,72.06999969482422,72.06999969482422,72.01000213623047,72.01000213623047,2031,0.0,0.0,2023-07-20
812,2023-07-20 13:48:00-04:00,71.94000244140625,71.94999694824219,71.94000244140625,71.94999694824219,590,0.0,0.0,2023-07-20
813,2023-07-20 13:49:00-04:00,71.9800033569336,72.01499938964844,71.9800033569336,72.01499938964844,847,0.0,0.0,2023-07-20
814,2023-07-20 13:51:00-04:00,72.0199966430664,72.0199966430664,72.0199966430664,72.0199966430664,247,0.0,0.0,2023-07-20
815,2023-07-20 13:53:00-04:00,72.02999877929688,72.02999877929688,71.98999786376953,71.98999786376953,1020,0.0,0.0,2023-07-20
816,2023-07-20 13:55:00-04:00,72.02999877929688,72.02999877929688,72.02999877929688,72.02999877929688,431,0.0,0.0,2023-07-20
817,2023-07-20 13:57:00-04:00,72.0,72.0,71.96499633789062,71.96499633789062,1013,0.0,0.0,2023-07-20
818,2023-07-20 13:59:00-04:00,72.0,72.0,72.0,72.0,340,0.0,0.0,2023-07-20
819,2023-07-20 14:00:00-04:00,71.9749984741211,71.9749984741211,71.9749984741211,71.9749984741211,156,0.0,0.0,2023-07-20
820,2023-07-20 14:02:00-04:00,72.0199966430664,72.0199966430664,72.0199966430664,72.0199966430664,758,0.0,0.0,2023-07-20
821,2023-07-20 14:06:00-04:00,72.05000305175781,72.05000305175781,72.05000305175781,72.05000305175781,211,0.0,0.0,2023-07-20
822,2023-07-20 14:08:00-04:00,72.08000183105469,72.08000183105469,72.08000183105469,72.08000183105469,406,0.0,0.0,2023-07-20
823,2023-07-20 14:09:00-04:00,72.05999755859375,72.06999969482422,72.05000305175781,72.05000305175781,1647,0.0,0.0,2023-07-20
824,2023-07-20 14:10:00-04:00,72.0,72.0,71.98500061035156,71.98500061035156,337,0.0,0.0,2023-07-20
825,2023-07-20 14:11:00-04:00,71.94999694824219,71.94999694824219,71.94999694824219,71.94999694824219,313,0.0,0.0,2023-07-20
826,2023-07-20 14:14:00-04:00,71.9800033569336,71.9800033569336,71.9800033569336,71.9800033569336,331,0.0,0.0,2023-07-20
827,2023-07-20 14:15:00-04:00,71.93000030517578,71.98999786376953,71.93000030517578,71.98999786376953,1039,0.0,0.0,2023-07-20
828,2023-07-20 14:18:00-04:00,71.98999786376953,71.98999786376953,71.98999786376953,71.98999786376953,132,0.0,0.0,2023-07-20
829,2023-07-20 14:19:00-04:00,71.97000122070312,72.0,71.97000122070312,72.0,619,0.0,0.0,2023-07-20
830,2023-07-20 14:20:00-04:00,71.94000244140625,71.97000122070312,71.94000244140625,71.97000122070312,898,0.0,0.0,2023-07-20
831,2023-07-20 14:21:00-04:00,71.98999786376953,71.98999786376953,71.98999786376953,71.98999786376953,744,0.0,0.0,2023-07-20
832,2023-07-20 14:24:00-04:00,72.04499816894531,72.04499816894531,72.04499816894531,72.04499816894531,151,0.0,0.0,2023-07-20
833,2023-07-20 14:26:00-04:00,72.05000305175781,72.05000305175781,72.0199966430664,72.0250015258789,795,0.0,0.0,2023-07-20
834,2023-07-20 14:27:00-04:00,72.01000213623047,72.01000213623047,72.01000213623047,72.01000213623047,152,0.0,0.0,2023-07-20
835,2023-07-20 14:28:00-04:00,72.0250015258789,72.0250015258789,72.0,72.0,828,0.0,0.0,2023-07-20
836,2023-07-20 14:29:00-04:00,71.94999694824219,71.94999694824219,71.94999694824219,71.94999694824219,494,0.0,0.0,2023-07-20
837,2023-07-20 14:30:00-04:00,71.98999786376953,71.98999786376953,71.98999786376953,71.98999786376953,357,0.0,0.0,2023-07-20
838,2023-07-20 14:31:00-04:00,72.0,72.00499725341797,72.0,72.00499725341797,379,0.0,0.0,2023-07-20
839,2023-07-20 14:32:00-04:00,72.0199966430664,72.0199966430664,72.0199966430664,72.0199966430664,588,0.0,0.0,2023-07-20
840,2023-07-20 14:36:00-04:00,72.05000305175781,72.05000305175781,72.04000091552734,72.04000091552734,1158,0.0,0.0,2023-07-20
841,2023-07-20 14:37:00-04:00,72.08000183105469,72.08999633789062,72.08000183105469,72.08999633789062,2035,0.0,0.0,2023-07-20
842,2023-07-20 14:38:00-04:00,72.11499786376953,72.11499786376953,72.11499786376953,72.11499786376953,192,0.0,0.0,2023-07-20
843,2023-07-20 14:39:00-04:00,72.12000274658203,72.13999938964844,72.12000274658203,72.13999938964844,1025,0.0,0.0,2023-07-20
844,2023-07-20 14:40:00-04:00,72.12999725341797,72.13999938964844,72.05500030517578,72.05500030517578,1067,0.0,0.0,2023-07-20
845,2023-07-20 14:41:00-04:00,72.02999877929688,72.04000091552734,72.02999877929688,72.04000091552734,516,0.0,0.0,2023-07-20
846,2023-07-20 14:43:00-04:00,71.98999786376953,72.05000305175781,71.98999786376953,72.05000305175781,1971,0.0,0.0,2023-07-20
847,2023-07-20 14:46:00-04:00,72.08999633789062,72.08999633789062,72.08999633789062,72.08999633789062,109,0.0,0.0,2023-07-20
848,2023-07-20 14:48:00-04:00,72.08999633789062,72.12999725341797,72.08999633789062,72.12999725341797,312,0.0,0.0,2023-07-20
849,2023-07-20 14:49:00-04:00,72.12000274658203,72.12000274658203,72.12000274658203,72.12000274658203,292,0.0,0.0,2023-07-20
850,2023-07-20 14:51:00-04:00,72.08999633789062,72.08999633789062,72.08999633789062,72.08999633789062,847,0.0,0.0,2023-07-20
851,2023-07-20 14:56:00-04:00,72.02999877929688,72.12999725341797,72.02999877929688,72.12999725341797,1778,0.0,0.0,2023-07-20
852,2023-07-20 14:58:00-04:00,72.11000061035156,72.11000061035156,72.0999984741211,72.0999984741211,757,0.0,0.0,2023-07-20
853,2023-07-20 15:00:00-04:00,72.11250305175781,72.11250305175781,72.11250305175781,72.11250305175781,122,0.0,0.0,2023-07-20
854,2023-07-20 15:01:00-04:00,72.06999969482422,72.06999969482422,72.06999969482422,72.06999969482422,259,0.0,0.0,2023-07-20
855,2023-07-20 15:02:00-04:00,72.05000305175781,72.05000305175781,72.03500366210938,72.03500366210938,406,0.0,0.0,2023-07-20
856,2023-07-20 15:03:00-04:00,72.05699920654297,72.05699920654297,72.01000213623047,72.02999877929688,1476,0.0,0.0,2023-07-20
857,2023-07-20 15:04:00-04:00,72.05000305175781,72.08999633789062,72.05000305175781,72.08000183105469,2124,0.0,0.0,2023-07-20
858,2023-07-20 15:05:00-04:00,72.0999984741211,72.0999984741211,72.0999984741211,72.0999984741211,407,0.0,0.0,2023-07-20
859,2023-07-20 15:07:00-04:00,72.12999725341797,72.12999725341797,72.12000274658203,72.12999725341797,1551,0.0,0.0,2023-07-20
860,2023-07-20 15:10:00-04:00,72.05000305175781,72.12000274658203,72.05000305175781,72.12000274658203,932,0.0,0.0,2023-07-20
861,2023-07-20 15:11:00-04:00,72.11000061035156,72.11000061035156,72.11000061035156,72.11000061035156,154,0.0,0.0,2023-07-20
862,2023-07-20 15:13:00-04:00,72.12000274658203,72.12000274658203,72.11000061035156,72.11000061035156,514,0.0,0.0,2023-07-20
863,2023-07-20 15:14:00-04:00,72.06999969482422,72.06999969482422,72.06999969482422,72.06999969482422,457,0.0,0.0,2023-07-20
864,2023-07-20 15:15:00-04:00,72.05000305175781,72.05000305175781,72.0156021118164,72.03500366210938,1987,0.0,0.0,2023-07-20
865,2023-07-20 15:16:00-04:00,72.03500366210938,72.06999969482422,72.03500366210938,72.05999755859375,967,0.0,0.0,2023-07-20
866,2023-07-20 15:17:00-04:00,72.08000183105469,72.08000183105469,72.08000183105469,72.08000183105469,400,0.0,0.0,2023-07-20
867,2023-07-20 15:18:00-04:00,72.08000183105469,72.08000183105469,72.08000183105469,72.08000183105469,476,0.0,0.0,2023-07-20
868,2023-07-20 15:20:00-04:00,72.0999984741211,72.0999984741211,72.0999984741211,72.0999984741211,296,0.0,0.0,2023-07-20
869,2023-07-20 15:22:00-04:00,72.12000274658203,72.12000274658203,72.12000274658203,72.12000274658203,171,0.0,0.0,2023-07-20
870,2023-07-20 15:23:00-04:00,72.0999984741211,72.0999984741211,72.05999755859375,72.05999755859375,1267,0.0,0.0,2023-07-20
871,2023-07-20 15:24:00-04:00,72.02860260009766,72.02860260009766,72.02860260009766,72.02860260009766,100,0.0,0.0,2023-07-20
872,2023-07-20 15:25:00-04:00,72.04499816894531,72.05000305175781,72.04499816894531,72.04499816894531,402,0.0,0.0,2023-07-20
873,2023-07-20 15:26:00-04:00,72.05000305175781,72.05000305175781,72.05000305175781,72.05000305175781,135,0.0,0.0,2023-07-20
874,2023-07-20 15:27:00-04:00,72.04499816894531,72.04499816894531,72.04499816894531,72.04499816894531,215,0.0,0.0,2023-07-20
875,2023-07-20 15:29:00-04:00,72.05000305175781,72.05000305175781,72.02999877929688,72.02999877929688,337,0.0,0.0,2023-07-20
876,2023-07-20 15:30:00-04:00,72.08999633789062,72.0999984741211,72.08000183105469,72.08000183105469,1601,0.0,0.0,2023-07-20
877,2023-07-20 15:31:00-04:00,72.09500122070312,72.11000061035156,72.09500122070312,72.11000061035156,782,0.0,0.0,2023-07-20
878,2023-07-20 15:32:00-04:00,72.12999725341797,72.13999938964844,72.11000061035156,72.11000061035156,1675,0.0,0.0,2023-07-20
879,2023-07-20 15:34:00-04:00,72.08999633789062,72.08999633789062,72.05000305175781,72.05000305175781,694,0.0,0.0,2023-07-20
880,2023-07-20 15:35:00-04:00,72.05000305175781,72.0999984741211,72.0469970703125,72.0999984741211,329,0.0,0.0,2023-07-20
881,2023-07-20 15:36:00-04:00,72.05000305175781,72.05000305175781,72.05000305175781,72.05000305175781,538,0.0,0.0,2023-07-20
882,2023-07-20 15:37:00-04:00,72.05000305175781,72.11499786376953,72.05000305175781,72.06999969482422,2068,0.0,0.0,2023-07-20
883,2023-07-20 15:40:00-04:00,72.06999969482422,72.0770034790039,72.06999969482422,72.07499694824219,1839,0.0,0.0,2023-07-20
884,2023-07-20 15:41:00-04:00,72.08000183105469,72.08000183105469,72.04499816894531,72.04499816894531,817,0.0,0.0,2023-07-20
885,2023-07-20 15:42:00-04:00,72.04000091552734,72.04000091552734,72.04000091552734,72.04000091552734,342,0.0,0.0,2023-07-20
886,2023-07-20 15:43:00-04:00,72.04000091552734,72.05999755859375,72.0250015258789,72.05699920654297,2177,0.0,0.0,2023-07-20
887,2023-07-20 15:44:00-04:00,72.05000305175781,72.05000305175781,72.0250015258789,72.0250015258789,1900,0.0,0.0,2023-07-20
888,2023-07-20 15:45:00-04:00,72.04000091552734,72.05999755859375,72.04000091552734,72.05999755859375,532,0.0,0.0,2023-07-20
889,2023-07-20 15:46:00-04:00,72.05999755859375,72.08000183105469,72.05000305175781,72.08000183105469,2142,0.0,0.0,2023-07-20
890,2023-07-20 15:47:00-04:00,72.0999984741211,72.0999984741211,72.08000183105469,72.08000183105469,816,0.0,0.0,2023-07-20
891,2023-07-20 15:48:00-04:00,72.06999969482422,72.06999969482422,72.05000305175781,72.05000305175781,1131,0.0,0.0,2023-07-20
892,2023-07-20 15:49:00-04:00,72.04000091552734,72.04000091552734,72.01000213623047,72.0250015258789,2303,0.0,0.0,2023-07-20
893,2023-07-20 15:50:00-04:00,72.04000091552734,72.05500030517578,72.04000091552734,72.05500030517578,1539,0.0,0.0,2023-07-20
894,2023-07-20 15:51:00-04:00,72.04000091552734,72.06999969482422,72.04000091552734,72.06999969482422,1528,0.0,0.0,2023-07-20
895,2023-07-20 15:52:00-04:00,72.06500244140625,72.06500244140625,72.05000305175781,72.06500244140625,757,0.0,0.0,2023-07-20
896,2023-07-20 15:53:00-04:00,72.06999969482422,72.08999633789062,72.05000305175781,72.05000305175781,2220,0.0,0.0,2023-07-20
897,2023-07-20 15:54:00-04:00,72.06999969482422,72.06999969482422,72.0199966430664,72.05000305175781,3687,0.0,0.0,2023-07-20
898,2023-07-20 15:55:00-04:00,72.04000091552734,72.06999969482422,72.04000091552734,72.06999969482422,2849,0.0,0.0,2023-07-20
899,2023-07-20 15:56:00-04:00,72.05999755859375,72.08000183105469,72.04000091552734,72.04000091552734,4023,0.0,0.0,2023-07-20
900,2023-07-20 15:57:00-04:00,72.02999877929688,72.05000305175781,72.02999877929688,72.04000091552734,2252,0.0,0.0,2023-07-20
901,2023-07-20 15:58:00-04:00,72.04499816894531,72.05999755859375,72.04000091552734,72.0510025024414,4880,0.0,0.0,2023-07-20
902,2023-07-20 15:59:00-04:00,72.05999755859375,72.12999725341797,72.05500030517578,72.11000061035156,8201,0.0,0.0,2023-07-20
903,2023-07-21 09:30:00-04:00,72.5999984741211,72.5999984741211,72.5999984741211,72.5999984741211,18458,0.0,0.0,2023-07-21
904,2023-07-21 09:31:00-04:00,73.13999938964844,73.13999938964844,73.13999938964844,73.13999938964844,260,0.0,0.0,2023-07-21
905,2023-07-21 09:35:00-04:00,72.73500061035156,72.73500061035156,72.73500061035156,72.73500061035156,399,0.0,0.0,2023-07-21
906,2023-07-21 09:47:00-04:00,72.4800033569336,72.4800033569336,72.4800033569336,72.4800033569336,1294,0.0,0.0,2023-07-21
907,2023-07-21 09:50:00-04:00,72.55000305175781,72.55000305175781,72.51000213623047,72.51000213623047,636,0.0,0.0,2023-07-21
908,2023-07-21 09:55:00-04:00,72.38999938964844,72.38999938964844,72.38999938964844,72.38999938964844,121,0.0,0.0,2023-07-21
909,2023-07-21 09:59:00-04:00,72.5,72.5,72.5,72.5,169,0.0,0.0,2023-07-21
910,2023-07-21 10:00:00-04:00,72.5199966430664,72.68000030517578,72.5199966430664,72.68000030517578,1189,0.0,0.0,2023-07-21
911,2023-07-21 10:01:00-04:00,72.52999877929688,72.52999877929688,72.52999877929688,72.52999877929688,388,0.0,0.0,2023-07-21
912,2023-07-21 10:02:00-04:00,72.58999633789062,72.58999633789062,72.58000183105469,72.58999633789062,879,0.0,0.0,2023-07-21
913,2023-07-21 10:04:00-04:00,72.62999725341797,72.62999725341797,72.62999725341797,72.62999725341797,255,0.0,0.0,2023-07-21
914,2023-07-21 10:05:00-04:00,72.55000305175781,72.58999633789062,72.55000305175781,72.58999633789062,474,0.0,0.0,2023-07-21
915,2023-07-21 10:06:00-04:00,72.58000183105469,72.58000183105469,72.45999908447266,72.4800033569336,2509,0.0,0.0,2023-07-21
916,2023-07-21 10:08:00-04:00,72.55000305175781,72.69999694824219,72.55000305175781,72.69999694824219,730,0.0,0.0,2023-07-21
917,2023-07-21 10:09:00-04:00,72.68000030517578,72.75,72.68000030517578,72.75,455,0.0,0.0,2023-07-21
918,2023-07-21 10:10:00-04:00,72.80000305175781,72.80000305175781,72.80000305175781,72.80000305175781,517,0.0,0.0,2023-07-21
919,2023-07-21 10:15:00-04:00,72.88999938964844,72.88999938964844,72.87999725341797,72.87999725341797,831,0.0,0.0,2023-07-21
920,2023-07-21 10:16:00-04:00,72.9000015258789,72.9000015258789,72.9000015258789,72.9000015258789,221,0.0,0.0,2023-07-21
921,2023-07-21 10:17:00-04:00,72.8499984741211,72.8499984741211,72.79499816894531,72.79499816894531,1009,0.0,0.0,2023-07-21
922,2023-07-21 10:18:00-04:00,72.78500366210938,72.81999969482422,72.69999694824219,72.69999694824219,1100,0.0,0.0,2023-07-21
923,2023-07-21 10:20:00-04:00,72.71499633789062,72.71499633789062,72.71499633789062,72.71499633789062,652,0.0,0.0,2023-07-21
924,2023-07-21 10:21:00-04:00,72.68000030517578,72.68000030517578,72.68000030517578,72.68000030517578,100,0.0,0.0,2023-07-21
925,2023-07-21 10:22:00-04:00,72.69000244140625,72.69000244140625,72.61499786376953,72.61499786376953,1301,0.0,0.0,2023-07-21
926,2023-07-21 10:23:00-04:00,72.58999633789062,72.63999938964844,72.5,72.62750244140625,2383,0.0,0.0,2023-07-21
927,2023-07-21 10:24:00-04:00,72.66500091552734,72.75,72.5199966430664,72.63500213623047,2259,0.0,0.0,2023-07-21
928,2023-07-21 10:25:00-04:00,72.58499908447266,72.58499908447266,72.58499908447266,72.58499908447266,110,0.0,0.0,2023-07-21
929,2023-07-21 10:26:00-04:00,72.58999633789062,72.58999633789062,72.58499908447266,72.58499908447266,202,0.0,0.0,2023-07-21
930,2023-07-21 10:27:00-04:00,72.57499694824219,72.57499694824219,72.57499694824219,72.57499694824219,304,0.0,0.0,2023-07-21
931,2023-07-21 10:28:00-04:00,72.57499694824219,72.57499694824219,72.5,72.55999755859375,1574,0.0,0.0,2023-07-21
932,2023-07-21 10:29:00-04:00,72.55500030517578,72.56999969482422,72.54499816894531,72.56500244140625,1096,0.0,0.0,2023-07-21
933,2023-07-21 10:30:00-04:00,72.56500244140625,72.56999969482422,72.56500244140625,72.56999969482422,229,0.0,0.0,2023-07-21
934,2023-07-21 10:31:00-04:00,72.56500244140625,72.56500244140625,72.56500244140625,72.56500244140625,368,0.0,0.0,2023-07-21
935,2023-07-21 10:32:00-04:00,72.56500244140625,72.58999633789062,72.56500244140625,72.58999633789062,1263,0.0,0.0,2023-07-21
936,2023-07-21 10:33:00-04:00,72.58499908447266,72.58499908447266,72.55000305175781,72.55000305175781,521,0.0,0.0,2023-07-21
937,2023-07-21 10:34:00-04:00,72.47000122070312,72.54000091552734,72.47000122070312,72.5250015258789,1635,0.0,0.0,2023-07-21
938,2023-07-21 10:35:00-04:00,72.5199966430664,72.61499786376953,72.5199966430664,72.61499786376953,3196,0.0,0.0,2023-07-21
939,2023-07-21 10:36:00-04:00,72.62000274658203,72.66999816894531,72.62000274658203,72.66999816894531,650,0.0,0.0,2023-07-21
940,2023-07-21 10:37:00-04:00,72.72000122070312,72.72000122070312,72.72000122070312,72.72000122070312,498,0.0,0.0,2023-07-21
941,2023-07-21 10:39:00-04:00,72.68000030517578,72.68000030517578,72.68000030517578,72.68000030517578,100,0.0,0.0,2023-07-21
942,2023-07-21 10:40:00-04:00,72.70999908447266,72.7300033569336,72.70999908447266,72.7300033569336,611,0.0,0.0,2023-07-21
943,2023-07-21 10:41:00-04:00,72.7699966430664,72.7699966430664,72.7699966430664,72.7699966430664,137,0.0,0.0,2023-07-21
944,2023-07-21 10:43:00-04:00,72.77999877929688,72.77999877929688,72.77999877929688,72.77999877929688,100,0.0,0.0,2023-07-21
945,2023-07-21 10:44:00-04:00,72.75,72.75,72.75,72.75,227,0.0,0.0,2023-07-21
946,2023-07-21 10:45:00-04:00,72.73999786376953,72.73999786376953,72.72000122070312,72.72000122070312,279,0.0,0.0,2023-07-21
947,2023-07-21 10:46:00-04:00,72.69999694824219,72.70500183105469,72.66000366210938,72.66000366210938,1192,0.0,0.0,2023-07-21
948,2023-07-21 10:47:00-04:00,72.61000061035156,72.63999938964844,72.5999984741211,72.62249755859375,494,0.0,0.0,2023-07-21
949,2023-07-21 10:48:00-04:00,72.59500122070312,72.59500122070312,72.59500122070312,72.59500122070312,150,0.0,0.0,2023-07-21
950,2023-07-21 10:49:00-04:00,72.63249969482422,72.63249969482422,72.63249969482422,72.63249969482422,221,0.0,0.0,2023-07-21
951,2023-07-21 10:50:00-04:00,72.69000244140625,72.69000244140625,72.69000244140625,72.69000244140625,139,0.0,0.0,2023-07-21
952,2023-07-21 10:51:00-04:00,72.61000061035156,72.61000061035156,72.61000061035156,72.61000061035156,145,0.0,0.0,2023-07-21
953,2023-07-21 10:52:00-04:00,72.6449966430664,72.6449966430664,72.6449966430664,72.6449966430664,301,0.0,0.0,2023-07-21
954,2023-07-21 10:54:00-04:00,72.6500015258789,72.79000091552734,72.6498031616211,72.67500305175781,7598,0.0,0.0,2023-07-21
955,2023-07-21 10:55:00-04:00,72.69999694824219,72.73999786376953,72.66999816894531,72.72000122070312,1589,0.0,0.0,2023-07-21
956,2023-07-21 10:56:00-04:00,72.70999908447266,72.75,72.66999816894531,72.75,364,0.0,0.0,2023-07-21
957,2023-07-21 10:58:00-04:00,72.77999877929688,72.77999877929688,72.77999877929688,72.77999877929688,206,0.0,0.0,2023-07-21
958,2023-07-21 11:00:00-04:00,72.7699966430664,72.7699966430664,72.7699966430664,72.7699966430664,110,0.0,0.0,2023-07-21
959,2023-07-21 11:01:00-04:00,72.7699966430664,72.7699966430664,72.7699966430664,72.7699966430664,699,0.0,0.0,2023-07-21
960,2023-07-21 11:02:00-04:00,72.72000122070312,72.72000122070312,72.72000122070312,72.72000122070312,182,0.0,0.0,2023-07-21
961,2023-07-21 11:05:00-04:00,72.69999694824219,72.69999694824219,72.625,72.625,519,0.0,0.0,2023-07-21
962,2023-07-21 11:06:00-04:00,72.70999908447266,72.70999908447266,72.70999908447266,72.70999908447266,190,0.0,0.0,2023-07-21
963,2023-07-21 11:07:00-04:00,72.75,72.75,72.68000030517578,72.72000122070312,723,0.0,0.0,2023-07-21
964,2023-07-21 11:08:00-04:00,72.75,72.75,72.68499755859375,72.68499755859375,934,0.0,0.0,2023-07-21
965,2023-07-21 11:11:00-04:00,72.6449966430664,72.6449966430664,72.6449966430664,72.6449966430664,165,0.0,0.0,2023-07-21
966,2023-07-21 11:12:00-04:00,72.55999755859375,72.66999816894531,72.55999755859375,72.6500015258789,2413,0.0,0.0,2023-07-21
967,2023-07-21 11:13:00-04:00,72.6500015258789,72.66999816894531,72.6500015258789,72.66999816894531,634,0.0,0.0,2023-07-21
968,2023-07-21 11:14:00-04:00,72.63999938964844,72.63999938964844,72.63999938964844,72.63999938964844,424,0.0,0.0,2023-07-21
969,2023-07-21 11:15:00-04:00,72.66999816894531,72.72000122070312,72.66999816894531,72.72000122070312,723,0.0,0.0,2023-07-21
970,2023-07-21 11:16:00-04:00,72.7300033569336,72.7300033569336,72.7300033569336,72.7300033569336,100,0.0,0.0,2023-07-21
971,2023-07-21 11:18:00-04:00,72.6449966430664,72.6449966430664,72.6449966430664,72.6449966430664,221,0.0,0.0,2023-07-21
972,2023-07-21 11:19:00-04:00,72.6449966430664,72.6449966430664,72.6449966430664,72.6449966430664,224,0.0,0.0,2023-07-21
973,2023-07-21 11:20:00-04:00,72.5999984741211,72.5999984741211,72.5999984741211,72.5999984741211,438,0.0,0.0,2023-07-21
974,2023-07-21 11:21:00-04:00,72.69000244140625,72.69000244140625,72.69000244140625,72.69000244140625,258,0.0,0.0,2023-07-21
975,2023-07-21 11:22:00-04:00,72.63999938964844,72.63999938964844,72.61000061035156,72.62000274658203,747,0.0,0.0,2023-07-21
976,2023-07-21 11:23:00-04:00,72.61000061035156,72.61000061035156,72.61000061035156,72.61000061035156,127,0.0,0.0,2023-07-21
977,2023-07-21 11:24:00-04:00,72.61000061035156,72.6500015258789,72.6050033569336,72.6500015258789,2022,0.0,0.0,2023-07-21
978,2023-07-21 11:25:00-04:00,72.66000366210938,72.66000366210938,72.66000366210938,72.66000366210938,113,0.0,0.0,2023-07-21
979,2023-07-21 11:26:00-04:00,72.65010070800781,72.66999816894531,72.65010070800781,72.66999816894531,689,0.0,0.0,2023-07-21
980,2023-07-21 11:27:00-04:00,72.67659759521484,72.67659759521484,72.67659759521484,72.67659759521484,167,0.0,0.0,2023-07-21
981,2023-07-21 11:28:00-04:00,72.69999694824219,72.69999694824219,72.69999694824219,72.69999694824219,402,0.0,0.0,2023-07-21
982,2023-07-21 11:29:00-04:00,72.72000122070312,72.75,72.72000122070312,72.75,339,0.0,0.0,2023-07-21
983,2023-07-21 11:30:00-04:00,72.76000213623047,72.76000213623047,72.76000213623047,72.76000213623047,245,0.0,0.0,2023-07-21
984,2023-07-21 11:32:00-04:00,72.68000030517578,72.68000030517578,72.66500091552734,72.68000030517578,619,0.0,0.0,2023-07-21
985,2023-07-21 11:33:00-04:00,72.69000244140625,72.69000244140625,72.62999725341797,72.66000366210938,727,0.0,0.0,2023-07-21
986,2023-07-21 11:34:00-04:00,72.63999938964844,72.6500015258789,72.63999938964844,72.6500015258789,216,0.0,0.0,2023-07-21
987,2023-07-21 11:35:00-04:00,72.61000061035156,72.66999816894531,72.61000061035156,72.66999816894531,884,0.0,0.0,2023-07-21
988,2023-07-21 11:36:00-04:00,72.68000030517578,72.68000030517578,72.68000030517578,72.68000030517578,200,0.0,0.0,2023-07-21
989,2023-07-21 11:37:00-04:00,72.69000244140625,72.69000244140625,72.69000244140625,72.69000244140625,178,0.0,0.0,2023-07-21
990,2023-07-21 11:38:00-04:00,72.68499755859375,72.68499755859375,72.68499755859375,72.68499755859375,244,0.0,0.0,2023-07-21
991,2023-07-21 11:39:00-04:00,72.68000030517578,72.68000030517578,72.67500305175781,72.67500305175781,686,0.0,0.0,2023-07-21
992,2023-07-21 11:41:00-04:00,72.62000274658203,72.6500015258789,72.61000061035156,72.6449966430664,1021,0.0,0.0,2023-07-21
993,2023-07-21 11:43:00-04:00,72.6500015258789,72.6500015258789,72.63500213623047,72.63500213623047,241,0.0,0.0,2023-07-21
994,2023-07-21 11:44:00-04:00,72.63500213623047,72.63500213623047,72.63500213623047,72.63500213623047,300,0.0,0.0,2023-07-21
995,2023-07-21 11:45:00-04:00,72.6449966430664,72.6449966430664,72.6449966430664,72.6449966430664,179,0.0,0.0,2023-07-21
996,2023-07-21 11:47:00-04:00,72.62000274658203,72.6449966430664,72.62000274658203,72.6449966430664,1086,0.0,0.0,2023-07-21
997,2023-07-21 11:48:00-04:00,72.69000244140625,72.69000244140625,72.69000244140625,72.69000244140625,449,0.0,0.0,2023-07-21
998,2023-07-21 11:50:00-04:00,72.69000244140625,72.70999908447266,72.63999938964844,72.68000030517578,4156,0.0,0.0,2023-07-21
999,2023-07-21 11:51:00-04:00,72.6500015258789,72.67140197753906,72.6449966430664,72.6449966430664,458,0.0,0.0,2023-07-21
1000,2023-07-21 11:52:00-04:00,72.6449966430664,72.6500015258789,72.61499786376953,72.61499786376953,416,0.0,0.0,2023-07-21
1001,2023-07-21 11:53:00-04:00,72.6050033569336,72.61000061035156,72.55000305175781,72.55000305175781,536,0.0,0.0,2023-07-21
1002,2023-07-21 11:54:00-04:00,72.51000213623047,72.53500366210938,72.51000213623047,72.53500366210938,519,0.0,0.0,2023-07-21
1003,2023-07-21 11:56:00-04:00,72.51000213623047,72.51000213623047,72.51000213623047,72.51000213623047,123,0.0,0.0,2023-07-21
1004,2023-07-21 11:57:00-04:00,72.51000213623047,72.51000213623047,72.51000213623047,72.51000213623047,276,0.0,0.0,2023-07-21
1005,2023-07-21 12:00:00-04:00,72.5199966430664,72.5199966430664,72.5199966430664,72.5199966430664,313,0.0,0.0,2023-07-21
1006,2023-07-21 12:01:00-04:00,72.5199966430664,72.58000183105469,72.5199966430664,72.58000183105469,1239,0.0,0.0,2023-07-21
1007,2023-07-21 12:02:00-04:00,72.58000183105469,72.58000183105469,72.5199966430664,72.56999969482422,1368,0.0,0.0,2023-07-21
1008,2023-07-21 12:03:00-04:00,72.54000091552734,72.54000091552734,72.54000091552734,72.54000091552734,480,0.0,0.0,2023-07-21
1009,2023-07-21 12:04:00-04:00,72.54000091552734,72.55000305175781,72.54000091552734,72.55000305175781,728,0.0,0.0,2023-07-21
1010,2023-07-21 12:05:00-04:00,72.5250015258789,72.52999877929688,72.5,72.5,407,0.0,0.0,2023-07-21
1011,2023-07-21 12:06:00-04:00,72.54000091552734,72.54000091552734,72.51499938964844,72.51499938964844,403,0.0,0.0,2023-07-21
1012,2023-07-21 12:07:00-04:00,72.51000213623047,72.51000213623047,72.51000213623047,72.51000213623047,468,0.0,0.0,2023-07-21
1013,2023-07-21 12:09:00-04:00,72.55000305175781,72.55000305175781,72.55000305175781,72.55000305175781,989,0.0,0.0,2023-07-21
1014,2023-07-21 12:10:00-04:00,72.58000183105469,72.58000183105469,72.58000183105469,72.58000183105469,207,0.0,0.0,2023-07-21
1015,2023-07-21 12:13:00-04:00,72.52999877929688,72.56500244140625,72.52999877929688,72.56500244140625,744,0.0,0.0,2023-07-21
1016,2023-07-21 12:14:00-04:00,72.58000183105469,72.58000183105469,72.58000183105469,72.58000183105469,353,0.0,0.0,2023-07-21
1017,2023-07-21 12:15:00-04:00,72.5999984741211,72.62999725341797,72.5999984741211,72.62449645996094,656,0.0,0.0,2023-07-21
1018,2023-07-21 12:16:00-04:00,72.58999633789062,72.62000274658203,72.58999633789062,72.62000274658203,484,0.0,0.0,2023-07-21
1019,2023-07-21 12:17:00-04:00,72.62000274658203,72.62000274658203,72.62000274658203,72.62000274658203,223,0.0,0.0,2023-07-21
1020,2023-07-21 12:18:00-04:00,72.61000061035156,72.6449966430664,72.61000061035156,72.6449966430664,1024,0.0,0.0,2023-07-21
1021,2023-07-21 12:19:00-04:00,72.6500015258789,72.6500015258789,72.58999633789062,72.58999633789062,526,0.0,0.0,2023-07-21
1022,2023-07-21 12:20:00-04:00,72.62000274658203,72.62000274658203,72.62000274658203,72.62000274658203,282,0.0,0.0,2023-07-21
1023,2023-07-21 12:21:00-04:00,72.63999938964844,72.6500015258789,72.63999938964844,72.6500015258789,632,0.0,0.0,2023-07-21
1024,2023-07-21 12:23:00-04:00,72.65499877929688,72.65499877929688,72.65499877929688,72.65499877929688,117,0.0,0.0,2023-07-21
1025,2023-07-21 12:24:00-04:00,72.65499877929688,72.65499877929688,72.65499877929688,72.65499877929688,104,0.0,0.0,2023-07-21
1026,2023-07-21 12:25:00-04:00,72.6500015258789,72.6500015258789,72.62000274658203,72.6449966430664,846,0.0,0.0,2023-07-21
1027,2023-07-21 12:27:00-04:00,72.58499908447266,72.625,72.58499908447266,72.6050033569336,603,0.0,0.0,2023-07-21
1028,2023-07-21 12:29:00-04:00,72.54000091552734,72.58999633789062,72.54000091552734,72.58999633789062,429,0.0,0.0,2023-07-21
1029,2023-07-21 12:30:00-04:00,72.58000183105469,72.58000183105469,72.56999969482422,72.56999969482422,231,0.0,0.0,2023-07-21
1030,2023-07-21 12:31:00-04:00,72.54750061035156,72.56500244140625,72.54750061035156,72.56500244140625,202,0.0,0.0,2023-07-21
1031,2023-07-21 12:32:00-04:00,72.56500244140625,72.56500244140625,72.4800033569336,72.4800033569336,2017,0.0,0.0,2023-07-21
1032,2023-07-21 12:33:00-04:00,72.5199966430664,72.52999877929688,72.48999786376953,72.52999877929688,542,0.0,0.0,2023-07-21
1033,2023-07-21 12:34:00-04:00,72.4749984741211,72.5199966430664,72.4749984741211,72.51499938964844,1167,0.0,0.0,2023-07-21
1034,2023-07-21 12:35:00-04:00,72.50499725341797,72.51000213623047,72.44999694824219,72.44999694824219,555,0.0,0.0,2023-07-21
1035,2023-07-21 12:36:00-04:00,72.44000244140625,72.44000244140625,72.3499984741211,72.41000366210938,2274,0.0,0.0,2023-07-21
1036,2023-07-21 12:37:00-04:00,72.41000366210938,72.41999816894531,72.33999633789062,72.41999816894531,525,0.0,0.0,2023-07-21
1037,2023-07-21 12:38:00-04:00,72.41000366210938,72.41000366210938,72.20999908447266,72.25499725341797,4091,0.0,0.0,2023-07-21
1038,2023-07-21 12:39:00-04:00,72.25,72.25,72.16999816894531,72.2300033569336,1561,0.0,0.0,2023-07-21
1039,2023-07-21 12:40:00-04:00,72.1449966430664,72.19499969482422,72.13999938964844,72.19499969482422,392,0.0,0.0,2023-07-21
1040,2023-07-21 12:41:00-04:00,72.19999694824219,72.19999694824219,72.12999725341797,72.12999725341797,545,0.0,0.0,2023-07-21
1041,2023-07-21 12:42:00-04:00,72.08999633789062,72.17500305175781,72.08999633789062,72.17500305175781,792,0.0,0.0,2023-07-21
1042,2023-07-21 12:43:00-04:00,72.1500015258789,72.1500015258789,72.08999633789062,72.08999633789062,342,0.0,0.0,2023-07-21
1043,2023-07-21 12:45:00-04:00,72.13999938964844,72.13999938964844,72.13999938964844,72.13999938964844,127,0.0,0.0,2023-07-21
1044,2023-07-21 12:46:00-04:00,72.13500213623047,72.13500213623047,72.0,72.06999969482422,3959,0.0,0.0,2023-07-21
1045,2023-07-21 12:47:00-04:00,72.05000305175781,72.05000305175781,72.05000305175781,72.05000305175781,217,0.0,0.0,2023-07-21
1046,2023-07-21 12:48:00-04:00,72.0999984741211,72.18000030517578,72.0999984741211,72.18000030517578,1531,0.0,0.0,2023-07-21
1047,2023-07-21 12:49:00-04:00,72.1050033569336,72.18000030517578,72.1050033569336,72.18000030517578,410,0.0,0.0,2023-07-21
1048,2023-07-21 12:50:00-04:00,72.18000030517578,72.18000030517578,72.18000030517578,72.18000030517578,358,0.0,0.0,2023-07-21
1049,2023-07-21 12:53:00-04:00,72.18000030517578,72.22000122070312,72.18000030517578,72.22000122070312,930,0.0,0.0,2023-07-21
1050,2023-07-21 12:55:00-04:00,72.19499969482422,72.22000122070312,72.19499969482422,72.22000122070312,833,0.0,0.0,2023-07-21
1051,2023-07-21 12:57:00-04:00,72.2249984741211,72.2249984741211,72.2249984741211,72.2249984741211,388,0.0,0.0,2023-07-21
1052,2023-07-21 12:59:00-04:00,72.2699966430664,72.2699966430664,72.2699966430664,72.2699966430664,536,0.0,0.0,2023-07-21
1053,2023-07-21 13:00:00-04:00,72.27999877929688,72.27999877929688,72.27999877929688,72.27999877929688,510,0.0,0.0,2023-07-21
1054,2023-07-21 13:03:00-04:00,72.33000183105469,72.37000274658203,72.33000183105469,72.37000274658203,823,0.0,0.0,2023-07-21
1055,2023-07-21 13:04:00-04:00,72.37000274658203,72.37000274658203,72.37000274658203,72.37000274658203,439,0.0,0.0,2023-07-21
1056,2023-07-21 13:05:00-04:00,72.37000274658203,72.375,72.3499984741211,72.375,2432,0.0,0.0,2023-07-21
1057,2023-07-21 13:08:00-04:00,72.44000244140625,72.45999908447266,72.44000244140625,72.45999908447266,438,0.0,0.0,2023-07-21
1058,2023-07-21 13:09:00-04:00,72.4800033569336,72.5250015258789,72.4800033569336,72.51000213623047,492,0.0,0.0,2023-07-21
1059,2023-07-21 13:10:00-04:00,72.5,72.51000213623047,72.5,72.51000213623047,386,0.0,0.0,2023-07-21
1060,2023-07-21 13:11:00-04:00,72.48500061035156,72.48999786376953,72.43000030517578,72.45999908447266,1014,0.0,0.0,2023-07-21
1061,2023-07-21 13:13:00-04:00,72.44999694824219,72.44999694824219,72.44999694824219,72.44999694824219,389,0.0,0.0,2023-07-21
1062,2023-07-21 13:15:00-04:00,72.5250015258789,72.5250015258789,72.5250015258789,72.5250015258789,144,0.0,0.0,2023-07-21
1063,2023-07-21 13:18:00-04:00,72.5,72.52999877929688,72.5,72.52999877929688,917,0.0,0.0,2023-07-21
1064,2023-07-21 13:20:00-04:00,72.51000213623047,72.55999755859375,72.5,72.53500366210938,1886,0.0,0.0,2023-07-21
1065,2023-07-21 13:26:00-04:00,72.5,72.5,72.5,72.5,426,0.0,0.0,2023-07-21
1066,2023-07-21 13:27:00-04:00,72.52999877929688,72.55000305175781,72.52999877929688,72.55000305175781,555,0.0,0.0,2023-07-21
1067,2023-07-21 13:28:00-04:00,72.51000213623047,72.70999908447266,72.51000213623047,72.61000061035156,13553,0.0,0.0,2023-07-21
1068,2023-07-21 13:30:00-04:00,72.68000030517578,72.68000030517578,72.68000030517578,72.68000030517578,147,0.0,0.0,2023-07-21
1069,2023-07-21 13:32:00-04:00,72.61499786376953,72.62789916992188,72.61499786376953,72.62789916992188,313,0.0,0.0,2023-07-21
1070,2023-07-21 13:33:00-04:00,72.63420104980469,72.63420104980469,72.63420104980469,72.63420104980469,192,0.0,0.0,2023-07-21
1071,2023-07-21 13:34:00-04:00,72.61499786376953,72.61499786376953,72.61499786376953,72.61499786376953,155,0.0,0.0,2023-07-21
1072,2023-07-21 13:35:00-04:00,72.6050033569336,72.63999938964844,72.6050033569336,72.61499786376953,909,0.0,0.0,2023-07-21
1073,2023-07-21 13:36:00-04:00,72.66000366210938,72.66000366210938,72.66000366210938,72.66000366210938,551,0.0,0.0,2023-07-21
1074,2023-07-21 13:37:00-04:00,72.69419860839844,72.69419860839844,72.69419860839844,72.69419860839844,1264,0.0,0.0,2023-07-21
1075,2023-07-21 13:39:00-04:00,72.70999908447266,72.70999908447266,72.70999908447266,72.70999908447266,160,0.0,0.0,2023-07-21
1076,2023-07-21 13:40:00-04:00,72.6500015258789,72.68499755859375,72.6449966430664,72.68000030517578,1192,0.0,0.0,2023-07-21
1077,2023-07-21 13:43:00-04:00,72.62999725341797,72.62999725341797,72.62999725341797,72.62999725341797,461,0.0,0.0,2023-07-21
1078,2023-07-21 13:45:00-04:00,72.63500213623047,72.68000030517578,72.63500213623047,72.68000030517578,250,0.0,0.0,2023-07-21
1079,2023-07-21 13:47:00-04:00,72.63500213623047,72.63500213623047,72.63500213623047,72.63500213623047,336,0.0,0.0,2023-07-21
1080,2023-07-21 13:49:00-04:00,72.63500213623047,72.63500213623047,72.63500213623047,72.63500213623047,486,0.0,0.0,2023-07-21
1081,2023-07-21 13:53:00-04:00,72.63999938964844,72.63999938964844,72.55999755859375,72.5999984741211,3636,0.0,0.0,2023-07-21
1082,2023-07-21 13:54:00-04:00,72.55500030517578,72.55500030517578,72.51000213623047,72.5250015258789,389,0.0,0.0,2023-07-21
1083,2023-07-21 13:55:00-04:00,72.51000213623047,72.51000213623047,72.51000213623047,72.51000213623047,208,0.0,0.0,2023-07-21
1084,2023-07-21 13:56:00-04:00,72.5199966430664,72.5199966430664,72.44999694824219,72.44999694824219,211,0.0,0.0,2023-07-21
1085,2023-07-21 13:57:00-04:00,72.44999694824219,72.44999694824219,72.44999694824219,72.44999694824219,259,0.0,0.0,2023-07-21
1086,2023-07-21 13:58:00-04:00,72.51000213623047,72.51000213623047,72.49500274658203,72.49500274658203,595,0.0,0.0,2023-07-21
1087,2023-07-21 13:59:00-04:00,72.52999877929688,72.52999877929688,72.52999877929688,72.52999877929688,138,0.0,0.0,2023-07-21
1088,2023-07-21 14:00:00-04:00,72.52999877929688,72.58999633789062,72.52999877929688,72.58999633789062,1468,0.0,0.0,2023-07-21
1089,2023-07-21 14:02:00-04:00,72.51000213623047,72.55000305175781,72.51000213623047,72.53500366210938,627,0.0,0.0,2023-07-21
1090,2023-07-21 14:04:00-04:00,72.4800033569336,72.50499725341797,72.4800033569336,72.50499725341797,609,0.0,0.0,2023-07-21
1091,2023-07-21 14:07:00-04:00,72.47000122070312,72.5,72.47000122070312,72.5,651,0.0,0.0,2023-07-21
1092,2023-07-21 14:08:00-04:00,72.45500183105469,72.45500183105469,72.45500183105469,72.45500183105469,516,0.0,0.0,2023-07-21
1093,2023-07-21 14:10:00-04:00,72.5,72.55000305175781,72.45999908447266,72.55000305175781,11124,0.0,0.0,2023-07-21
1094,2023-07-21 14:11:00-04:00,72.53250122070312,72.53250122070312,72.50499725341797,72.50499725341797,831,0.0,0.0,2023-07-21
1095,2023-07-21 14:12:00-04:00,72.4800033569336,72.5199966430664,72.4800033569336,72.51750183105469,964,0.0,0.0,2023-07-21
1096,2023-07-21 14:14:00-04:00,72.4800033569336,72.5250015258789,72.43499755859375,72.48500061035156,1491,0.0,0.0,2023-07-21
1097,2023-07-21 14:15:00-04:00,72.48500061035156,72.48500061035156,72.48500061035156,72.48500061035156,497,0.0,0.0,2023-07-21
1098,2023-07-21 14:16:00-04:00,72.41999816894531,72.4749984741211,72.37999725341797,72.38500213623047,2742,0.0,0.0,2023-07-21
1099,2023-07-21 14:17:00-04:00,72.40499877929688,72.41000366210938,72.40499877929688,72.41000366210938,749,0.0,0.0,2023-07-21
1100,2023-07-21 14:18:00-04:00,72.43000030517578,72.43499755859375,72.43000030517578,72.43499755859375,336,0.0,0.0,2023-07-21
1101,2023-07-21 14:19:00-04:00,72.41000366210938,72.44000244140625,72.40499877929688,72.44000244140625,969,0.0,0.0,2023-07-21
1102,2023-07-21 14:20:00-04:00,72.44499969482422,72.44499969482422,72.44499969482422,72.44499969482422,114,0.0,0.0,2023-07-21
1103,2023-07-21 14:21:00-04:00,72.43000030517578,72.43499755859375,72.375,72.43499755859375,964,0.0,0.0,2023-07-21
1104,2023-07-21 14:23:00-04:00,72.41000366210938,72.41000366210938,72.41000366210938,72.41000366210938,390,0.0,0.0,2023-07-21
1105,2023-07-21 14:24:00-04:00,72.44000244140625,72.44000244140625,72.44000244140625,72.44000244140625,466,0.0,0.0,2023-07-21
1106,2023-07-21 14:25:00-04:00,72.41500091552734,72.44000244140625,72.37999725341797,72.44000244140625,434,0.0,0.0,2023-07-21
1107,2023-07-21 14:26:00-04:00,72.36000061035156,72.36000061035156,72.36000061035156,72.36000061035156,106,0.0,0.0,2023-07-21
1108,2023-07-21 14:27:00-04:00,72.40499877929688,72.40499877929688,72.40499877929688,72.40499877929688,394,0.0,0.0,2023-07-21
1109,2023-07-21 14:30:00-04:00,72.375,72.375,72.375,72.375,178,0.0,0.0,2023-07-21
1110,2023-07-21 14:31:00-04:00,72.3499984741211,72.40499877929688,72.3499984741211,72.37999725341797,586,0.0,0.0,2023-07-21
1111,2023-07-21 14:32:00-04:00,72.33499908447266,72.33499908447266,72.33499908447266,72.33499908447266,346,0.0,0.0,2023-07-21
1112,2023-07-21 14:35:00-04:00,72.3499984741211,72.4000015258789,72.3499984741211,72.4000015258789,1533,0.0,0.0,2023-07-21
1113,2023-07-21 14:37:00-04:00,72.41999816894531,72.45999908447266,72.41999816894531,72.45999908447266,1107,0.0,0.0,2023-07-21
1114,2023-07-21 14:38:00-04:00,72.41000366210938,72.44000244140625,72.41000366210938,72.44000244140625,1461,0.0,0.0,2023-07-21
1115,2023-07-21 14:40:00-04:00,72.45999908447266,72.45999908447266,72.45999908447266,72.45999908447266,364,0.0,0.0,2023-07-21
1116,2023-07-21 14:42:00-04:00,72.45999908447266,72.48999786376953,72.44149780273438,72.48999786376953,1663,0.0,0.0,2023-07-21
1117,2023-07-21 14:43:00-04:00,72.48999786376953,72.48999786376953,72.48999786376953,72.48999786376953,175,0.0,0.0,2023-07-21
1118,2023-07-21 14:44:00-04:00,72.49500274658203,72.49500274658203,72.4800033569336,72.4800033569336,988,0.0,0.0,2023-07-21
1119,2023-07-21 14:45:00-04:00,72.5,72.5,72.5,72.5,345,0.0,0.0,2023-07-21
1120,2023-07-21 14:46:00-04:00,72.51000213623047,72.5199966430664,72.51000213623047,72.5199966430664,455,0.0,0.0,2023-07-21
1121,2023-07-21 14:47:00-04:00,72.5199966430664,72.52999877929688,72.5199966430664,72.5250015258789,816,0.0,0.0,2023-07-21
1122,2023-07-21 14:48:00-04:00,72.51000213623047,72.52999877929688,72.47000122070312,72.52999877929688,2665,0.0,0.0,2023-07-21
1123,2023-07-21 14:50:00-04:00,72.47000122070312,72.48999786376953,72.47000122070312,72.48999786376953,638,0.0,0.0,2023-07-21
1124,2023-07-21 14:52:00-04:00,72.47000122070312,72.47000122070312,72.47000122070312,72.47000122070312,494,0.0,0.0,2023-07-21
1125,2023-07-21 14:53:00-04:00,72.45999908447266,72.45999908447266,72.45999908447266,72.45999908447266,358,0.0,0.0,2023-07-21
1126,2023-07-21 14:55:00-04:00,72.4800033569336,72.4800033569336,72.44000244140625,72.44000244140625,567,0.0,0.0,2023-07-21
1127,2023-07-21 14:59:00-04:00,72.45999908447266,72.45999908447266,72.44999694824219,72.44999694824219,464,0.0,0.0,2023-07-21
1128,2023-07-21 15:00:00-04:00,72.44999694824219,72.45999908447266,72.44999694824219,72.45999908447266,929,0.0,0.0,2023-07-21
1129,2023-07-21 15:01:00-04:00,72.4800033569336,72.5199966430664,72.4800033569336,72.5199966430664,798,0.0,0.0,2023-07-21
1130,2023-07-21 15:02:00-04:00,72.48999786376953,72.49500274658203,72.48999786376953,72.49500274658203,529,0.0,0.0,2023-07-21
1131,2023-07-21 15:03:00-04:00,72.4749984741211,72.4749984741211,72.4749984741211,72.4749984741211,398,0.0,0.0,2023-07-21
1132,2023-07-21 15:04:00-04:00,72.45999908447266,72.46499633789062,72.44000244140625,72.46499633789062,1128,0.0,0.0,2023-07-21
1133,2023-07-21 15:05:00-04:00,72.41999816894531,72.44499969482422,72.41500091552734,72.43499755859375,796,0.0,0.0,2023-07-21
1134,2023-07-21 15:06:00-04:00,72.47000122070312,72.47000122070312,72.47000122070312,72.47000122070312,255,0.0,0.0,2023-07-21
1135,2023-07-21 15:07:00-04:00,72.4800033569336,72.4800033569336,72.47000122070312,72.47000122070312,385,0.0,0.0,2023-07-21
1136,2023-07-21 15:08:00-04:00,72.4574966430664,72.47000122070312,72.4574966430664,72.47000122070312,687,0.0,0.0,2023-07-21
1137,2023-07-21 15:09:00-04:00,72.44999694824219,72.48500061035156,72.44999694824219,72.46499633789062,613,0.0,0.0,2023-07-21
1138,2023-07-21 15:10:00-04:00,72.46499633789062,72.46499633789062,72.43000030517578,72.43000030517578,714,0.0,0.0,2023-07-21
1139,2023-07-21 15:11:00-04:00,72.44000244140625,72.44000244140625,72.43499755859375,72.43499755859375,614,0.0,0.0,2023-07-21
1140,2023-07-21 15:12:00-04:00,72.43499755859375,72.44000244140625,72.41000366210938,72.44000244140625,507,0.0,0.0,2023-07-21
1141,2023-07-21 15:13:00-04:00,72.41000366210938,72.44000244140625,72.41000366210938,72.43000030517578,1919,0.0,0.0,2023-07-21
1142,2023-07-21 15:14:00-04:00,72.45999908447266,72.45999908447266,72.44000244140625,72.44000244140625,644,0.0,0.0,2023-07-21
1143,2023-07-21 15:15:00-04:00,72.45999908447266,72.47000122070312,72.44999694824219,72.45999908447266,841,0.0,0.0,2023-07-21
1144,2023-07-21 15:16:00-04:00,72.45999908447266,72.47000122070312,72.45999908447266,72.47000122070312,296,0.0,0.0,2023-07-21
1145,2023-07-21 15:18:00-04:00,72.47000122070312,72.5199966430664,72.47000122070312,72.5199966430664,2290,0.0,0.0,2023-07-21
1146,2023-07-21 15:19:00-04:00,72.5250015258789,72.5250015258789,72.50990295410156,72.50990295410156,540,0.0,0.0,2023-07-21
1147,2023-07-21 15:20:00-04:00,72.51000213623047,72.5250015258789,72.5,72.5,1131,0.0,0.0,2023-07-21
1148,2023-07-21 15:21:00-04:00,72.50499725341797,72.50499725341797,72.50499725341797,72.50499725341797,252,0.0,0.0,2023-07-21
1149,2023-07-21 15:22:00-04:00,72.48999786376953,72.48999786376953,72.48999786376953,72.48999786376953,171,0.0,0.0,2023-07-21
1150,2023-07-21 15:23:00-04:00,72.4800033569336,72.4800033569336,72.4800033569336,72.4800033569336,307,0.0,0.0,2023-07-21
1151,2023-07-21 15:24:00-04:00,72.51000213623047,72.55000305175781,72.51000213623047,72.55000305175781,1448,0.0,0.0,2023-07-21
1152,2023-07-21 15:25:00-04:00,72.55000305175781,72.55000305175781,72.54499816894531,72.54499816894531,355,0.0,0.0,2023-07-21
1153,2023-07-21 15:26:00-04:00,72.52999877929688,72.55000305175781,72.5199966430664,72.5199966430664,1431,0.0,0.0,2023-07-21
1154,2023-07-21 15:30:00-04:00,72.5625,72.61000061035156,72.5625,72.61000061035156,1785,0.0,0.0,2023-07-21
1155,2023-07-21 15:31:00-04:00,72.62000274658203,72.63999938964844,72.58000183105469,72.62000274658203,2512,0.0,0.0,2023-07-21
1156,2023-07-21 15:32:00-04:00,72.63999938964844,72.63999938964844,72.63999938964844,72.63999938964844,780,0.0,0.0,2023-07-21
1157,2023-07-21 15:33:00-04:00,72.6500015258789,72.69999694824219,72.62000274658203,72.66000366210938,2063,0.0,0.0,2023-07-21
1158,2023-07-21 15:34:00-04:00,72.68000030517578,72.68000030517578,72.68000030517578,72.68000030517578,232,0.0,0.0,2023-07-21
1159,2023-07-21 15:35:00-04:00,72.68000030517578,72.69999694824219,72.68000030517578,72.69999694824219,802,0.0,0.0,2023-07-21
1160,2023-07-21 15:36:00-04:00,72.67500305175781,72.69999694824219,72.63999938964844,72.63999938964844,3125,0.0,0.0,2023-07-21
1161,2023-07-21 15:37:00-04:00,72.62000274658203,72.62000274658203,72.56999969482422,72.58000183105469,665,0.0,0.0,2023-07-21
1162,2023-07-21 15:38:00-04:00,72.57499694824219,72.57499694824219,72.57499694824219,72.57499694824219,116,0.0,0.0,2023-07-21
1163,2023-07-21 15:39:00-04:00,72.54000091552734,72.54000091552734,72.54000091552734,72.54000091552734,620,0.0,0.0,2023-07-21
1164,2023-07-21 15:40:00-04:00,72.58000183105469,72.58000183105469,72.58000183105469,72.58000183105469,276,0.0,0.0,2023-07-21
1165,2023-07-21 15:41:00-04:00,72.58999633789062,72.58999633789062,72.56500244140625,72.56500244140625,277,0.0,0.0,2023-07-21
1166,2023-07-21 15:42:00-04:00,72.56500244140625,72.56500244140625,72.56500244140625,72.56500244140625,510,0.0,0.0,2023-07-21
1167,2023-07-21 15:43:00-04:00,72.56500244140625,72.56500244140625,72.56500244140625,72.56500244140625,317,0.0,0.0,2023-07-21
1168,2023-07-21 15:44:00-04:00,72.56099700927734,72.5999984741211,72.56099700927734,72.59500122070312,2582,0.0,0.0,2023-07-21
1169,2023-07-21 15:45:00-04:00,72.58000183105469,72.58999633789062,72.56999969482422,72.58999633789062,1714,0.0,0.0,2023-07-21
1170,2023-07-21 15:46:00-04:00,72.57499694824219,72.57499694824219,72.52999877929688,72.54000091552734,1103,0.0,0.0,2023-07-21
1171,2023-07-21 15:47:00-04:00,72.55000305175781,72.56999969482422,72.54100036621094,72.55500030517578,2596,0.0,0.0,2023-07-21
1172,2023-07-21 15:48:00-04:00,72.55500030517578,72.55999755859375,72.54000091552734,72.54000091552734,1546,0.0,0.0,2023-07-21
1173,2023-07-21 15:49:00-04:00,72.53500366210938,72.53500366210938,72.43099975585938,72.43099975585938,1847,0.0,0.0,2023-07-21
1174,2023-07-21 15:50:00-04:00,72.41000366210938,72.48999786376953,72.41000366210938,72.48999786376953,3631,0.0,0.0,2023-07-21
1175,2023-07-21 15:51:00-04:00,72.48999786376953,72.48999786376953,72.44999694824219,72.48999786376953,6938,0.0,0.0,2023-07-21
1176,2023-07-21 15:52:00-04:00,72.4800033569336,72.51000213623047,72.46099853515625,72.48100280761719,2111,0.0,0.0,2023-07-21
1177,2023-07-21 15:53:00-04:00,72.4800033569336,72.4800033569336,72.44000244140625,72.44000244140625,1268,0.0,0.0,2023-07-21
1178,2023-07-21 15:54:00-04:00,72.44000244140625,72.5,72.44000244140625,72.4800033569336,4230,0.0,0.0,2023-07-21
1179,2023-07-21 15:55:00-04:00,72.47000122070312,72.51000213623047,72.46499633789062,72.48999786376953,3190,0.0,0.0,2023-07-21
1180,2023-07-21 15:56:00-04:00,72.5,72.5,72.41999816894531,72.41999816894531,2318,0.0,0.0,2023-07-21
1181,2023-07-21 15:57:00-04:00,72.41000366210938,72.41999816894531,72.33999633789062,72.37999725341797,3274,0.0,0.0,2023-07-21
1182,2023-07-21 15:58:00-04:00,72.37000274658203,72.37000274658203,72.31999969482422,72.31999969482422,3443,0.0,0.0,2023-07-21
1183,2023-07-21 15:59:00-04:00,72.30000305175781,72.52999877929688,72.30000305175781,72.5199966430664,10488,0.0,0.0,2023-07-21
