,Timestamp,Open,High,Low,Close,Volume,Dividends,Stock Splits,Date
0,2023-06-23 09:30:00-04:00,371.82000732421875,371.82000732421875,370.3599853515625,370.3599853515625,1720,0.0,0.0,2023-06-23
1,2023-06-23 09:32:00-04:00,371.17999267578125,372.3299865722656,370.0899963378906,372.3299865722656,2880,0.0,0.0,2023-06-23
2,2023-06-23 09:39:00-04:00,371.385009765625,372.30999755859375,371.385009765625,372.30999755859375,408,0.0,0.0,2023-06-23
3,2023-06-23 09:40:00-04:00,371.81500244140625,371.81500244140625,371.81500244140625,371.81500244140625,249,0.0,0.0,2023-06-23
4,2023-06-23 09:41:00-04:00,373.1000061035156,373.25,372.6000061035156,372.70001220703125,1584,0.0,0.0,2023-06-23
5,2023-06-23 09:42:00-04:00,373.32000732421875,373.32000732421875,373.32000732421875,373.32000732421875,729,0.0,0.0,2023-06-23
6,2023-06-23 09:46:00-04:00,373.7799987792969,373.7799987792969,373.7799987792969,373.7799987792969,151,0.0,0.0,2023-06-23
7,2023-06-23 09:48:00-04:00,375.8299865722656,375.8299865722656,375.8299865722656,375.8299865722656,584,0.0,0.0,2023-06-23
8,2023-06-23 09:49:00-04:00,374.5299987792969,374.5299987792969,374.5299987792969,374.5299987792969,284,0.0,0.0,2023-06-23
9,2023-06-23 09:51:00-04:00,373.6600036621094,373.6600036621094,373.6600036621094,373.6600036621094,216,0.0,0.0,2023-06-23
10,2023-06-23 09:52:00-04:00,374.3349914550781,374.489990234375,374.3349914550781,374.489990234375,321,0.0,0.0,2023-06-23
11,2023-06-23 09:53:00-04:00,373.6000061035156,374.32000732421875,373.6000061035156,374.04998779296875,1745,0.0,0.0,2023-06-23
12,2023-06-23 09:54:00-04:00,373.1600036621094,373.7099914550781,373.1600036621094,373.7099914550781,940,0.0,0.0,2023-06-23
13,2023-06-23 09:57:00-04:00,373.49249267578125,374.0,373.49249267578125,374.0,2742,0.0,0.0,2023-06-23
14,2023-06-23 09:58:00-04:00,374.0799865722656,374.4949951171875,374.0799865722656,374.4949951171875,1020,0.0,0.0,2023-06-23
15,2023-06-23 10:00:00-04:00,373.9200134277344,373.9200134277344,373.7900085449219,373.864990234375,1079,0.0,0.0,2023-06-23
16,2023-06-23 10:01:00-04:00,374.05999755859375,374.07501220703125,374.05999755859375,374.07501220703125,620,0.0,0.0,2023-06-23
17,2023-06-23 10:02:00-04:00,374.0199890136719,374.0199890136719,374.0199890136719,374.0199890136719,124,0.0,0.0,2023-06-23
18,2023-06-23 10:03:00-04:00,373.69000244140625,374.1000061035156,373.69000244140625,374.1000061035156,342,0.0,0.0,2023-06-23
19,2023-06-23 10:04:00-04:00,374.1400146484375,374.1400146484375,374.1400146484375,374.1400146484375,300,0.0,0.0,2023-06-23
20,2023-06-23 10:05:00-04:00,373.94000244140625,374.4100036621094,373.94000244140625,374.3949890136719,1089,0.0,0.0,2023-06-23
21,2023-06-23 10:07:00-04:00,374.0174865722656,374.0174865722656,373.6400146484375,373.6400146484375,714,0.0,0.0,2023-06-23
22,2023-06-23 10:09:00-04:00,373.6000061035156,373.6000061035156,373.6000061035156,373.6000061035156,395,0.0,0.0,2023-06-23
23,2023-06-23 10:10:00-04:00,372.7200012207031,372.7200012207031,372.7200012207031,372.7200012207031,129,0.0,0.0,2023-06-23
24,2023-06-23 10:11:00-04:00,373.385009765625,373.385009765625,373.385009765625,373.385009765625,355,0.0,0.0,2023-06-23
25,2023-06-23 10:12:00-04:00,373.2300109863281,373.3399963378906,373.2200012207031,373.2200012207031,782,0.0,0.0,2023-06-23
26,2023-06-23 10:13:00-04:00,373.30999755859375,373.3399963378906,373.30999755859375,373.3399963378906,832,0.0,0.0,2023-06-23
27,2023-06-23 10:14:00-04:00,373.3699951171875,373.3699951171875,373.3699951171875,373.3699951171875,590,0.0,0.0,2023-06-23
28,2023-06-23 10:16:00-04:00,373.0299987792969,373.55999755859375,373.0299987792969,373.55999755859375,451,0.0,0.0,2023-06-23
29,2023-06-23 10:18:00-04:00,373.510009765625,373.510009765625,373.510009765625,373.510009765625,200,0.0,0.0,2023-06-23
30,2023-06-23 10:19:00-04:00,373.5199890136719,373.7049865722656,373.5150146484375,373.7049865722656,709,0.0,0.0,2023-06-23
31,2023-06-23 10:20:00-04:00,373.239990234375,373.625,373.239990234375,373.625,780,0.0,0.0,2023-06-23
32,2023-06-23 10:21:00-04:00,373.3800048828125,373.4825134277344,373.2799987792969,373.4825134277344,526,0.0,0.0,2023-06-23
33,2023-06-23 10:22:00-04:00,373.4700012207031,373.4700012207031,373.4700012207031,373.4700012207031,365,0.0,0.0,2023-06-23
34,2023-06-23 10:23:00-04:00,372.8999938964844,372.8999938964844,372.8999938964844,372.8999938964844,419,0.0,0.0,2023-06-23
35,2023-06-23 10:25:00-04:00,372.989990234375,372.989990234375,372.989990234375,372.989990234375,107,0.0,0.0,2023-06-23
36,2023-06-23 10:26:00-04:00,373.125,373.125,372.42999267578125,372.7799987792969,681,0.0,0.0,2023-06-23
37,2023-06-23 10:27:00-04:00,372.4599914550781,372.4599914550781,372.4599914550781,372.4599914550781,362,0.0,0.0,2023-06-23
38,2023-06-23 10:29:00-04:00,373.1300048828125,373.1300048828125,373.1300048828125,373.1300048828125,127,0.0,0.0,2023-06-23
39,2023-06-23 10:30:00-04:00,373.1300048828125,373.1300048828125,372.95001220703125,372.95001220703125,1689,0.0,0.0,2023-06-23
40,2023-06-23 10:31:00-04:00,372.7900085449219,372.7900085449219,372.7900085449219,372.7900085449219,216,0.0,0.0,2023-06-23
41,2023-06-23 10:32:00-04:00,373.1300048828125,373.1300048828125,373.1300048828125,373.1300048828125,519,0.0,0.0,2023-06-23
42,2023-06-23 10:33:00-04:00,373.17999267578125,373.17999267578125,373.17999267578125,373.17999267578125,485,0.0,0.0,2023-06-23
43,2023-06-23 10:36:00-04:00,373.17498779296875,373.17498779296875,373.1300048828125,373.1600036621094,1034,0.0,0.0,2023-06-23
44,2023-06-23 10:37:00-04:00,372.79998779296875,372.79998779296875,372.79998779296875,372.79998779296875,265,0.0,0.0,2023-06-23
45,2023-06-23 10:38:00-04:00,373.2250061035156,373.2349853515625,373.18499755859375,373.2300109863281,1114,0.0,0.0,2023-06-23
46,2023-06-23 10:39:00-04:00,373.489990234375,373.5,373.3450012207031,373.3450012207031,728,0.0,0.0,2023-06-23
47,2023-06-23 10:40:00-04:00,373.3450012207031,373.3450012207031,373.32000732421875,373.32000732421875,443,0.0,0.0,2023-06-23
48,2023-06-23 10:41:00-04:00,373.06500244140625,373.06500244140625,373.06500244140625,373.06500244140625,689,0.0,0.0,2023-06-23
49,2023-06-23 10:45:00-04:00,372.75,372.75,372.75,372.75,191,0.0,0.0,2023-06-23
50,2023-06-23 10:47:00-04:00,372.6000061035156,372.8999938964844,372.6000061035156,372.8999938964844,736,0.0,0.0,2023-06-23
51,2023-06-23 10:48:00-04:00,372.7261047363281,372.7261047363281,372.7261047363281,372.7261047363281,446,0.0,0.0,2023-06-23
52,2023-06-23 10:50:00-04:00,372.6000061035156,372.8399963378906,372.5899963378906,372.8399963378906,777,0.0,0.0,2023-06-23
53,2023-06-23 10:51:00-04:00,372.6400146484375,372.6400146484375,372.6300048828125,372.6300048828125,422,0.0,0.0,2023-06-23
54,2023-06-23 10:52:00-04:00,372.4949951171875,372.6300048828125,372.3500061035156,372.6300048828125,1826,0.0,0.0,2023-06-23
55,2023-06-23 10:53:00-04:00,372.57000732421875,372.57000732421875,372.489990234375,372.489990234375,408,0.0,0.0,2023-06-23
56,2023-06-23 10:54:00-04:00,372.2850036621094,372.5450134277344,372.2699890136719,372.4700012207031,524,0.0,0.0,2023-06-23
57,2023-06-23 10:55:00-04:00,372.3800048828125,372.3800048828125,372.3800048828125,372.3800048828125,111,0.0,0.0,2023-06-23
58,2023-06-23 10:56:00-04:00,372.5350036621094,372.5350036621094,372.5350036621094,372.5350036621094,143,0.0,0.0,2023-06-23
59,2023-06-23 10:58:00-04:00,372.5350036621094,372.7900085449219,372.5350036621094,372.7900085449219,720,0.0,0.0,2023-06-23
60,2023-06-23 11:00:00-04:00,372.8500061035156,372.9700012207031,372.8500061035156,372.9700012207031,636,0.0,0.0,2023-06-23
61,2023-06-23 11:06:00-04:00,372.9599914550781,372.9599914550781,372.9599914550781,372.9599914550781,681,0.0,0.0,2023-06-23
62,2023-06-23 11:07:00-04:00,372.75,372.79998779296875,372.75,372.79998779296875,203,0.0,0.0,2023-06-23
63,2023-06-23 11:08:00-04:00,372.55999755859375,372.55999755859375,372.5400085449219,372.5400085449219,975,0.0,0.0,2023-06-23
64,2023-06-23 11:11:00-04:00,372.80999755859375,373.239990234375,372.80999755859375,373.239990234375,530,0.0,0.0,2023-06-23
65,2023-06-23 11:12:00-04:00,372.95001220703125,372.95001220703125,372.95001220703125,372.95001220703125,348,0.0,0.0,2023-06-23
66,2023-06-23 11:13:00-04:00,372.7300109863281,372.739990234375,372.55999755859375,372.55999755859375,303,0.0,0.0,2023-06-23
67,2023-06-23 11:14:00-04:00,372.7349853515625,372.7349853515625,372.7349853515625,372.7349853515625,220,0.0,0.0,2023-06-23
68,2023-06-23 11:15:00-04:00,372.8800048828125,372.8800048828125,372.8800048828125,372.8800048828125,113,0.0,0.0,2023-06-23
69,2023-06-23 11:16:00-04:00,373.0400085449219,373.0400085449219,373.0400085449219,373.0400085449219,163,0.0,0.0,2023-06-23
70,2023-06-23 11:17:00-04:00,372.7099914550781,372.7099914550781,372.7099914550781,372.7099914550781,122,0.0,0.0,2023-06-23
71,2023-06-23 11:18:00-04:00,372.7200012207031,372.7325134277344,372.7200012207031,372.7325134277344,638,0.0,0.0,2023-06-23
72,2023-06-23 11:19:00-04:00,372.69500732421875,372.69500732421875,372.69500732421875,372.69500732421875,130,0.0,0.0,2023-06-23
73,2023-06-23 11:20:00-04:00,372.6549987792969,372.6549987792969,372.6549987792969,372.6549987792969,806,0.0,0.0,2023-06-23
74,2023-06-23 11:22:00-04:00,372.92999267578125,372.92999267578125,372.8599853515625,372.8599853515625,303,0.0,0.0,2023-06-23
75,2023-06-23 11:23:00-04:00,373.0199890136719,373.0199890136719,373.0199890136719,373.0199890136719,136,0.0,0.0,2023-06-23
76,2023-06-23 11:24:00-04:00,372.739990234375,372.989990234375,372.739990234375,372.989990234375,322,0.0,0.0,2023-06-23
77,2023-06-23 11:25:00-04:00,372.5400085449219,372.5400085449219,372.5400085449219,372.5400085449219,315,0.0,0.0,2023-06-23
78,2023-06-23 11:28:00-04:00,372.74249267578125,372.74249267578125,372.74249267578125,372.74249267578125,214,0.0,0.0,2023-06-23
79,2023-06-23 11:29:00-04:00,372.9049987792969,373.0899963378906,372.9049987792969,373.0899963378906,1607,0.0,0.0,2023-06-23
80,2023-06-23 11:30:00-04:00,372.9800109863281,372.9800109863281,372.9800109863281,372.9800109863281,151,0.0,0.0,2023-06-23
81,2023-06-23 11:31:00-04:00,372.7699890136719,372.7699890136719,372.7699890136719,372.7699890136719,208,0.0,0.0,2023-06-23
82,2023-06-23 11:32:00-04:00,373.5400085449219,373.5400085449219,372.989990234375,372.9949951171875,838,0.0,0.0,2023-06-23
83,2023-06-23 11:33:00-04:00,372.7799987792969,372.9100036621094,372.635009765625,372.82000732421875,521,0.0,0.0,2023-06-23
84,2023-06-23 11:36:00-04:00,372.8699951171875,372.8699951171875,372.8699951171875,372.8699951171875,218,0.0,0.0,2023-06-23
85,2023-06-23 11:37:00-04:00,373.1600036621094,373.20001220703125,373.1600036621094,373.20001220703125,479,0.0,0.0,2023-06-23
86,2023-06-23 11:38:00-04:00,373.07501220703125,373.07501220703125,373.07501220703125,373.07501220703125,307,0.0,0.0,2023-06-23
87,2023-06-23 11:39:00-04:00,373.0799865722656,373.1199951171875,373.0799865722656,373.0799865722656,567,0.0,0.0,2023-06-23
88,2023-06-23 11:40:00-04:00,372.92999267578125,372.92999267578125,372.92999267578125,372.92999267578125,101,0.0,0.0,2023-06-23
89,2023-06-23 11:41:00-04:00,372.92999267578125,372.92999267578125,372.92999267578125,372.92999267578125,268,0.0,0.0,2023-06-23
90,2023-06-23 11:42:00-04:00,372.989990234375,373.28619384765625,372.94000244140625,373.28619384765625,1006,0.0,0.0,2023-06-23
91,2023-06-23 11:47:00-04:00,373.17999267578125,373.17999267578125,372.989990234375,372.989990234375,841,0.0,0.0,2023-06-23
92,2023-06-23 11:52:00-04:00,373.2149963378906,373.42999267578125,373.0,373.42999267578125,1344,0.0,0.0,2023-06-23
93,2023-06-23 11:56:00-04:00,373.44000244140625,373.44000244140625,373.44000244140625,373.44000244140625,230,0.0,0.0,2023-06-23
94,2023-06-23 11:58:00-04:00,373.3800048828125,373.3800048828125,373.1600036621094,373.1600036621094,489,0.0,0.0,2023-06-23
95,2023-06-23 12:00:00-04:00,373.1600036621094,373.1600036621094,373.1600036621094,373.1600036621094,188,0.0,0.0,2023-06-23
96,2023-06-23 12:07:00-04:00,373.3450012207031,373.3450012207031,373.3450012207031,373.3450012207031,446,0.0,0.0,2023-06-23
97,2023-06-23 12:12:00-04:00,373.3999938964844,373.3999938964844,373.29998779296875,373.29998779296875,315,0.0,0.0,2023-06-23
98,2023-06-23 12:17:00-04:00,373.0899963378906,373.0899963378906,373.0899963378906,373.0899963378906,114,0.0,0.0,2023-06-23
99,2023-06-23 12:18:00-04:00,373.30999755859375,373.30999755859375,373.30999755859375,373.30999755859375,262,0.0,0.0,2023-06-23
100,2023-06-23 12:22:00-04:00,373.3450012207031,373.3450012207031,373.3450012207031,373.3450012207031,306,0.0,0.0,2023-06-23
101,2023-06-23 12:23:00-04:00,373.32501220703125,373.32501220703125,373.32501220703125,373.32501220703125,454,0.0,0.0,2023-06-23
102,2023-06-23 12:26:00-04:00,373.7200012207031,373.7200012207031,373.5950012207031,373.5950012207031,448,0.0,0.0,2023-06-23
103,2023-06-23 12:27:00-04:00,373.6700134277344,373.6700134277344,373.55999755859375,373.55999755859375,1351,0.0,0.0,2023-06-23
104,2023-06-23 12:30:00-04:00,373.5799865722656,373.5799865722656,373.5799865722656,373.5799865722656,161,0.0,0.0,2023-06-23
105,2023-06-23 12:31:00-04:00,373.4800109863281,373.4800109863281,373.4800109863281,373.4800109863281,394,0.0,0.0,2023-06-23
106,2023-06-23 12:33:00-04:00,373.7200012207031,373.7200012207031,373.7200012207031,373.7200012207031,422,0.0,0.0,2023-06-23
107,2023-06-23 12:34:00-04:00,373.82000732421875,373.82000732421875,373.3599853515625,373.3599853515625,1101,0.0,0.0,2023-06-23
108,2023-06-23 12:39:00-04:00,373.1099853515625,373.1099853515625,373.1099853515625,373.1099853515625,131,0.0,0.0,2023-06-23
109,2023-06-23 12:40:00-04:00,373.16778564453125,373.16778564453125,373.16778564453125,373.16778564453125,234,0.0,0.0,2023-06-23
110,2023-06-23 12:41:00-04:00,373.45001220703125,373.45001220703125,373.45001220703125,373.45001220703125,300,0.0,0.0,2023-06-23
111,2023-06-23 12:44:00-04:00,373.2650146484375,373.2650146484375,373.2650146484375,373.2650146484375,477,0.0,0.0,2023-06-23
112,2023-06-23 12:45:00-04:00,373.6099853515625,373.6099853515625,373.6099853515625,373.6099853515625,275,0.0,0.0,2023-06-23
113,2023-06-23 12:46:00-04:00,373.5,373.5,373.5,373.5,100,0.0,0.0,2023-06-23
114,2023-06-23 12:47:00-04:00,373.55499267578125,373.55499267578125,373.55499267578125,373.55499267578125,724,0.0,0.0,2023-06-23
115,2023-06-23 12:50:00-04:00,373.1000061035156,373.1000061035156,373.1000061035156,373.1000061035156,519,0.0,0.0,2023-06-23
116,2023-06-23 12:55:00-04:00,373.4599914550781,373.4599914550781,372.9599914550781,372.9599914550781,284,0.0,0.0,2023-06-23
117,2023-06-23 12:56:00-04:00,372.80999755859375,372.80999755859375,372.80999755859375,372.80999755859375,306,0.0,0.0,2023-06-23
118,2023-06-23 13:01:00-04:00,373.0199890136719,373.0199890136719,373.0199890136719,373.0199890136719,570,0.0,0.0,2023-06-23
119,2023-06-23 13:02:00-04:00,372.7699890136719,372.9800109863281,372.7699890136719,372.9800109863281,1487,0.0,0.0,2023-06-23
120,2023-06-23 13:04:00-04:00,372.989990234375,372.989990234375,372.989990234375,372.989990234375,107,0.0,0.0,2023-06-23
121,2023-06-23 13:05:00-04:00,372.9700012207031,372.9700012207031,372.9700012207031,372.9700012207031,184,0.0,0.0,2023-06-23
122,2023-06-23 13:06:00-04:00,372.9649963378906,372.9649963378906,372.5199890136719,372.5199890136719,937,0.0,0.0,2023-06-23
123,2023-06-23 13:09:00-04:00,372.6099853515625,372.6099853515625,372.6099853515625,372.6099853515625,212,0.0,0.0,2023-06-23
124,2023-06-23 13:10:00-04:00,372.70001220703125,372.70001220703125,372.70001220703125,372.70001220703125,233,0.0,0.0,2023-06-23
125,2023-06-23 13:12:00-04:00,372.739990234375,372.82000732421875,372.739990234375,372.82000732421875,221,0.0,0.0,2023-06-23
126,2023-06-23 13:13:00-04:00,372.75,372.75,372.75,372.75,263,0.0,0.0,2023-06-23
127,2023-06-23 13:15:00-04:00,372.7300109863281,372.9800109863281,372.7300109863281,372.9800109863281,266,0.0,0.0,2023-06-23
128,2023-06-23 13:16:00-04:00,372.8299865722656,372.8299865722656,372.8299865722656,372.8299865722656,121,0.0,0.0,2023-06-23
129,2023-06-23 13:18:00-04:00,372.68499755859375,372.739990234375,372.67999267578125,372.739990234375,721,0.0,0.0,2023-06-23
130,2023-06-23 13:19:00-04:00,372.55999755859375,372.55999755859375,372.55999755859375,372.55999755859375,108,0.0,0.0,2023-06-23
131,2023-06-23 13:20:00-04:00,372.739990234375,372.739990234375,372.739990234375,372.739990234375,101,0.0,0.0,2023-06-23
132,2023-06-23 13:21:00-04:00,372.5199890136719,372.5199890136719,372.5199890136719,372.5199890136719,253,0.0,0.0,2023-06-23
133,2023-06-23 13:23:00-04:00,372.55999755859375,372.55999755859375,372.4599914550781,372.4599914550781,668,0.0,0.0,2023-06-23
134,2023-06-23 13:24:00-04:00,372.55999755859375,372.57000732421875,372.55999755859375,372.57000732421875,707,0.0,0.0,2023-06-23
135,2023-06-23 13:27:00-04:00,372.4599914550781,372.5799865722656,372.4599914550781,372.5799865722656,468,0.0,0.0,2023-06-23
136,2023-06-23 13:29:00-04:00,372.6199951171875,372.6449890136719,372.4599914550781,372.5350036621094,1988,0.0,0.0,2023-06-23
137,2023-06-23 13:30:00-04:00,372.5249938964844,372.5249938964844,372.5249938964844,372.5249938964844,334,0.0,0.0,2023-06-23
138,2023-06-23 13:32:00-04:00,372.67999267578125,372.67999267578125,372.6700134277344,372.6700134277344,1180,0.0,0.0,2023-06-23
139,2023-06-23 13:33:00-04:00,372.95001220703125,373.0199890136719,372.95001220703125,373.0199890136719,580,0.0,0.0,2023-06-23
140,2023-06-23 13:34:00-04:00,372.95001220703125,372.9800109863281,372.8800048828125,372.9049987792969,1108,0.0,0.0,2023-06-23
141,2023-06-23 13:35:00-04:00,373.0,373.0,373.0,373.0,231,0.0,0.0,2023-06-23
142,2023-06-23 13:36:00-04:00,373.1499938964844,373.45001220703125,373.1400146484375,373.45001220703125,484,0.0,0.0,2023-06-23
143,2023-06-23 13:38:00-04:00,373.1600036621094,373.1600036621094,373.1600036621094,373.1600036621094,232,0.0,0.0,2023-06-23
144,2023-06-23 13:39:00-04:00,373.1400146484375,373.1400146484375,373.1400146484375,373.1400146484375,472,0.0,0.0,2023-06-23
145,2023-06-23 13:40:00-04:00,373.1499938964844,373.1600036621094,373.1499938964844,373.1600036621094,1172,0.0,0.0,2023-06-23
146,2023-06-23 13:42:00-04:00,373.0299987792969,373.0299987792969,373.0299987792969,373.0299987792969,314,0.0,0.0,2023-06-23
147,2023-06-23 13:43:00-04:00,373.0,373.0,373.0,373.0,292,0.0,0.0,2023-06-23
148,2023-06-23 13:46:00-04:00,373.0,373.0,373.0,373.0,565,0.0,0.0,2023-06-23
149,2023-06-23 13:52:00-04:00,372.9100036621094,372.9100036621094,372.9100036621094,372.9100036621094,349,0.0,0.0,2023-06-23
150,2023-06-23 13:55:00-04:00,372.9100036621094,372.9800109863281,372.9100036621094,372.9800109863281,703,0.0,0.0,2023-06-23
151,2023-06-23 13:56:00-04:00,372.80999755859375,372.80999755859375,372.80999755859375,372.80999755859375,486,0.0,0.0,2023-06-23
152,2023-06-23 13:58:00-04:00,372.75,372.75,372.75,372.75,476,0.0,0.0,2023-06-23
153,2023-06-23 14:01:00-04:00,372.7200012207031,372.7200012207031,372.7200012207031,372.7200012207031,101,0.0,0.0,2023-06-23
154,2023-06-23 14:02:00-04:00,372.7200012207031,372.7200012207031,372.7200012207031,372.7200012207031,126,0.0,0.0,2023-06-23
155,2023-06-23 14:03:00-04:00,372.7149963378906,372.7300109863281,372.6300048828125,372.7300109863281,1918,0.0,0.0,2023-06-23
156,2023-06-23 14:04:00-04:00,372.739990234375,372.760009765625,372.739990234375,372.760009765625,760,0.0,0.0,2023-06-23
157,2023-06-23 14:05:00-04:00,372.92999267578125,372.92999267578125,372.92999267578125,372.92999267578125,1073,0.0,0.0,2023-06-23
158,2023-06-23 14:06:00-04:00,372.8800048828125,372.8800048828125,372.8800048828125,372.8800048828125,326,0.0,0.0,2023-06-23
159,2023-06-23 14:09:00-04:00,372.9649963378906,373.05999755859375,372.8999938964844,373.05999755859375,585,0.0,0.0,2023-06-23
160,2023-06-23 14:10:00-04:00,373.0,373.0,372.989990234375,372.989990234375,309,0.0,0.0,2023-06-23
161,2023-06-23 14:12:00-04:00,372.8999938964844,372.9200134277344,372.7099914550781,372.8999938964844,1316,0.0,0.0,2023-06-23
162,2023-06-23 14:13:00-04:00,372.739990234375,372.8599853515625,372.6600036621094,372.8599853515625,444,0.0,0.0,2023-06-23
163,2023-06-23 14:15:00-04:00,372.6199951171875,372.8699951171875,372.6199951171875,372.6300048828125,2496,0.0,0.0,2023-06-23
164,2023-06-23 14:16:00-04:00,372.6300048828125,372.7650146484375,372.45001220703125,372.510009765625,2202,0.0,0.0,2023-06-23
165,2023-06-23 14:17:00-04:00,372.5,372.5299987792969,372.32000732421875,372.42999267578125,2762,0.0,0.0,2023-06-23
166,2023-06-23 14:19:00-04:00,372.45001220703125,372.45001220703125,372.45001220703125,372.45001220703125,101,0.0,0.0,2023-06-23
167,2023-06-23 14:20:00-04:00,372.44500732421875,372.44500732421875,372.260009765625,372.260009765625,751,0.0,0.0,2023-06-23
168,2023-06-23 14:23:00-04:00,372.6700134277344,372.6700134277344,372.4599914550781,372.4599914550781,899,0.0,0.0,2023-06-23
169,2023-06-23 14:24:00-04:00,372.5799865722656,372.5799865722656,372.5799865722656,372.5799865722656,126,0.0,0.0,2023-06-23
170,2023-06-23 14:25:00-04:00,372.55499267578125,372.55499267578125,372.5400085449219,372.5400085449219,237,0.0,0.0,2023-06-23
171,2023-06-23 14:26:00-04:00,372.54998779296875,372.55499267578125,372.3599853515625,372.55499267578125,717,0.0,0.0,2023-06-23
172,2023-06-23 14:29:00-04:00,372.510009765625,372.510009765625,372.4599914550781,372.4599914550781,308,0.0,0.0,2023-06-23
173,2023-06-23 14:30:00-04:00,372.5199890136719,372.5199890136719,372.5199890136719,372.5199890136719,140,0.0,0.0,2023-06-23
174,2023-06-23 14:32:00-04:00,372.3699951171875,372.4800109863281,372.32000732421875,372.4800109863281,2361,0.0,0.0,2023-06-23
175,2023-06-23 14:34:00-04:00,372.489990234375,372.7099914550781,372.489990234375,372.7099914550781,1213,0.0,0.0,2023-06-23
176,2023-06-23 14:35:00-04:00,372.70001220703125,372.70001220703125,372.70001220703125,372.70001220703125,105,0.0,0.0,2023-06-23
177,2023-06-23 14:37:00-04:00,372.7850036621094,372.875,372.7850036621094,372.875,353,0.0,0.0,2023-06-23
178,2023-06-23 14:38:00-04:00,372.739990234375,373.0,372.739990234375,373.0,500,0.0,0.0,2023-06-23
179,2023-06-23 14:40:00-04:00,372.7900085449219,372.7900085449219,372.7900085449219,372.7900085449219,740,0.0,0.0,2023-06-23
180,2023-06-23 14:43:00-04:00,372.4800109863281,372.5299987792969,372.3599853515625,372.44000244140625,952,0.0,0.0,2023-06-23
181,2023-06-23 14:45:00-04:00,372.2200012207031,372.2200012207031,372.2200012207031,372.2200012207031,653,0.0,0.0,2023-06-23
182,2023-06-23 14:46:00-04:00,371.989990234375,372.19000244140625,371.989990234375,372.19000244140625,732,0.0,0.0,2023-06-23
183,2023-06-23 14:48:00-04:00,372.06500244140625,372.06500244140625,372.04998779296875,372.06500244140625,327,0.0,0.0,2023-06-23
184,2023-06-23 14:49:00-04:00,372.05999755859375,372.05999755859375,371.9800109863281,371.9800109863281,579,0.0,0.0,2023-06-23
185,2023-06-23 14:52:00-04:00,372.20001220703125,372.20001220703125,372.20001220703125,372.20001220703125,127,0.0,0.0,2023-06-23
186,2023-06-23 14:53:00-04:00,372.0400085449219,372.18499755859375,372.0400085449219,372.18499755859375,270,0.0,0.0,2023-06-23
187,2023-06-23 14:54:00-04:00,371.989990234375,371.989990234375,371.760009765625,371.760009765625,1185,0.0,0.0,2023-06-23
188,2023-06-23 14:56:00-04:00,371.8299865722656,371.8800048828125,371.8299865722656,371.8800048828125,988,0.0,0.0,2023-06-23
189,2023-06-23 14:57:00-04:00,371.8500061035156,371.8500061035156,371.8500061035156,371.8500061035156,215,0.0,0.0,2023-06-23
190,2023-06-23 14:59:00-04:00,372.125,372.1499938964844,372.125,372.1499938964844,240,0.0,0.0,2023-06-23
191,2023-06-23 15:00:00-04:00,371.8399963378906,372.0350036621094,371.54998779296875,371.8349914550781,864,0.0,0.0,2023-06-23
192,2023-06-23 15:01:00-04:00,371.8349914550781,371.8349914550781,371.8349914550781,371.8349914550781,141,0.0,0.0,2023-06-23
193,2023-06-23 15:02:00-04:00,371.7850036621094,371.79998779296875,371.7850036621094,371.79998779296875,365,0.0,0.0,2023-06-23
194,2023-06-23 15:03:00-04:00,371.8900146484375,372.1650085449219,371.8900146484375,372.1650085449219,1026,0.0,0.0,2023-06-23
195,2023-06-23 15:04:00-04:00,372.1549987792969,372.1549987792969,372.1549987792969,372.1549987792969,128,0.0,0.0,2023-06-23
196,2023-06-23 15:05:00-04:00,372.1300048828125,372.32000732421875,372.1300048828125,372.32000732421875,750,0.0,0.0,2023-06-23
197,2023-06-23 15:06:00-04:00,372.2250061035156,372.2250061035156,372.2250061035156,372.2250061035156,593,0.0,0.0,2023-06-23
198,2023-06-23 15:09:00-04:00,372.31500244140625,372.4700012207031,372.31500244140625,372.4700012207031,799,0.0,0.0,2023-06-23
199,2023-06-23 15:11:00-04:00,372.6199951171875,372.6199951171875,372.510009765625,372.510009765625,913,0.0,0.0,2023-06-23
200,2023-06-23 15:13:00-04:00,372.57501220703125,372.57501220703125,372.57501220703125,372.57501220703125,439,0.0,0.0,2023-06-23
201,2023-06-23 15:14:00-04:00,372.4100036621094,372.4100036621094,372.2200012207031,372.30999755859375,1607,0.0,0.0,2023-06-23
202,2023-06-23 15:15:00-04:00,372.3800048828125,372.45001220703125,372.3800048828125,372.45001220703125,392,0.0,0.0,2023-06-23
203,2023-06-23 15:16:00-04:00,372.4200134277344,372.44000244140625,372.4200134277344,372.44000244140625,1112,0.0,0.0,2023-06-23
204,2023-06-23 15:17:00-04:00,372.44500732421875,372.44500732421875,372.1600036621094,372.44000244140625,471,0.0,0.0,2023-06-23
205,2023-06-23 15:20:00-04:00,372.44000244140625,372.44000244140625,372.44000244140625,372.44000244140625,588,0.0,0.0,2023-06-23
206,2023-06-23 15:23:00-04:00,372.3500061035156,372.44000244140625,372.1600036621094,372.1600036621094,1579,0.0,0.0,2023-06-23
207,2023-06-23 15:24:00-04:00,372.2900085449219,372.3800048828125,372.2900085449219,372.3800048828125,2364,0.0,0.0,2023-06-23
208,2023-06-23 15:26:00-04:00,372.29998779296875,372.4100036621094,372.29998779296875,372.4100036621094,642,0.0,0.0,2023-06-23
209,2023-06-23 15:27:00-04:00,372.2900085449219,372.45001220703125,372.2200012207031,372.45001220703125,2747,0.0,0.0,2023-06-23
210,2023-06-23 15:28:00-04:00,372.57000732421875,372.57000732421875,372.5050048828125,372.5050048828125,640,0.0,0.0,2023-06-23
211,2023-06-23 15:30:00-04:00,372.625,372.625,372.625,372.625,414,0.0,0.0,2023-06-23
212,2023-06-23 15:31:00-04:00,372.57501220703125,372.57501220703125,372.57501220703125,372.57501220703125,288,0.0,0.0,2023-06-23
213,2023-06-23 15:32:00-04:00,372.5799865722656,372.5799865722656,372.5799865722656,372.5799865722656,336,0.0,0.0,2023-06-23
214,2023-06-23 15:34:00-04:00,372.5799865722656,372.625,372.4100036621094,372.625,2678,0.0,0.0,2023-06-23
215,2023-06-23 15:35:00-04:00,372.5899963378906,372.8900146484375,372.5899963378906,372.8900146484375,2405,0.0,0.0,2023-06-23
216,2023-06-23 15:36:00-04:00,373.0400085449219,373.0400085449219,373.0400085449219,373.0400085449219,286,0.0,0.0,2023-06-23
217,2023-06-23 15:37:00-04:00,372.57000732421875,372.7900085449219,372.5199890136719,372.5199890136719,1253,0.0,0.0,2023-06-23
218,2023-06-23 15:38:00-04:00,372.5849914550781,372.82000732421875,372.5849914550781,372.82000732421875,1387,0.0,0.0,2023-06-23
219,2023-06-23 15:39:00-04:00,372.7049865722656,372.7049865722656,372.7049865722656,372.7049865722656,403,0.0,0.0,2023-06-23
220,2023-06-23 15:40:00-04:00,372.489990234375,372.6650085449219,372.489990234375,372.6300048828125,1580,0.0,0.0,2023-06-23
221,2023-06-23 15:41:00-04:00,372.625,372.625,372.489990234375,372.489990234375,950,0.0,0.0,2023-06-23
222,2023-06-23 15:42:00-04:00,372.6700134277344,372.760009765625,372.6700134277344,372.7049865722656,756,0.0,0.0,2023-06-23
223,2023-06-23 15:43:00-04:00,372.489990234375,372.489990234375,372.489990234375,372.489990234375,262,0.0,0.0,2023-06-23
224,2023-06-23 15:44:00-04:00,372.7099914550781,372.75,372.7099914550781,372.75,433,0.0,0.0,2023-06-23
225,2023-06-23 15:46:00-04:00,372.6199951171875,372.70001220703125,372.489990234375,372.67498779296875,1424,0.0,0.0,2023-06-23
226,2023-06-23 15:47:00-04:00,372.6700134277344,372.7200012207031,372.6000061035156,372.7200012207031,1221,0.0,0.0,2023-06-23
227,2023-06-23 15:48:00-04:00,372.489990234375,372.6000061035156,372.489990234375,372.6000061035156,544,0.0,0.0,2023-06-23
228,2023-06-23 15:49:00-04:00,372.7099914550781,372.75,372.7099914550781,372.7200012207031,1001,0.0,0.0,2023-06-23
229,2023-06-23 15:50:00-04:00,372.5299987792969,372.5899963378906,371.9800109863281,372.1499938964844,5464,0.0,0.0,2023-06-23
230,2023-06-23 15:51:00-04:00,372.32000732421875,372.69000244140625,372.2950134277344,372.69000244140625,5680,0.0,0.0,2023-06-23
231,2023-06-23 15:52:00-04:00,372.760009765625,372.8800048828125,372.6210021972656,372.8800048828125,1869,0.0,0.0,2023-06-23
232,2023-06-23 15:54:00-04:00,372.8500061035156,373.0,372.7799987792969,372.8500061035156,2174,0.0,0.0,2023-06-23
233,2023-06-23 15:55:00-04:00,373.1300048828125,373.1300048828125,373.1300048828125,373.1300048828125,980,0.0,0.0,2023-06-23
234,2023-06-23 15:56:00-04:00,373.1400146484375,373.1400146484375,372.8999938964844,373.0400085449219,5042,0.0,0.0,2023-06-23
235,2023-06-23 15:57:00-04:00,373.07000732421875,373.1499938964844,372.9200134277344,372.94500732421875,3435,0.0,0.0,2023-06-23
236,2023-06-23 15:58:00-04:00,372.760009765625,372.760009765625,372.6499938964844,372.70001220703125,2853,0.0,0.0,2023-06-23
237,2023-06-23 15:59:00-04:00,372.69000244140625,372.8299865722656,372.67999267578125,372.67999267578125,6065,0.0,0.0,2023-06-23
0,2023-06-26 09:30:00-04:00,373.0,373.0,373.0,373.0,0,0.0,0.0,2023-06-26
1,2023-06-26 09:39:00-04:00,372.56500244140625,372.57000732421875,372.56500244140625,372.57000732421875,220,0.0,0.0,2023-06-26
2,2023-06-26 09:40:00-04:00,372.5899963378906,372.5899963378906,372.5899963378906,372.5899963378906,302,0.0,0.0,2023-06-26
3,2023-06-26 09:47:00-04:00,372.0799865722656,372.0799865722656,372.0799865722656,372.0799865722656,451,0.0,0.0,2023-06-26
4,2023-06-26 09:49:00-04:00,372.1400146484375,372.1400146484375,372.1400146484375,372.1400146484375,159,0.0,0.0,2023-06-26
5,2023-06-26 09:50:00-04:00,372.2200012207031,372.7200012207031,372.2200012207031,372.7200012207031,2149,0.0,0.0,2023-06-26
6,2023-06-26 09:51:00-04:00,372.9200134277344,372.9200134277344,372.9200134277344,372.9200134277344,121,0.0,0.0,2023-06-26
7,2023-06-26 09:54:00-04:00,372.1400146484375,372.1400146484375,372.0799865722656,372.0899963378906,1614,0.0,0.0,2023-06-26
8,2023-06-26 09:55:00-04:00,371.5299987792969,371.5299987792969,371.5299987792969,371.5299987792969,313,0.0,0.0,2023-06-26
9,2023-06-26 09:58:00-04:00,370.54998779296875,371.2200012207031,370.5299987792969,370.5299987792969,1260,0.0,0.0,2023-06-26
10,2023-06-26 10:00:00-04:00,370.5,370.5,369.3800048828125,369.3800048828125,1628,0.0,0.0,2023-06-26
11,2023-06-26 10:02:00-04:00,370.1199951171875,370.7250061035156,370.1199951171875,370.7250061035156,865,0.0,0.0,2023-06-26
12,2023-06-26 10:06:00-04:00,371.4800109863281,371.6099853515625,371.1499938964844,371.6099853515625,367,0.0,0.0,2023-06-26
13,2023-06-26 10:07:00-04:00,371.57501220703125,371.57501220703125,371.57501220703125,371.57501220703125,108,0.0,0.0,2023-06-26
14,2023-06-26 10:08:00-04:00,371.1499938964844,371.4849853515625,371.0400085449219,371.0400085449219,483,0.0,0.0,2023-06-26
15,2023-06-26 10:09:00-04:00,371.1000061035156,371.2200012207031,371.1000061035156,371.2200012207031,424,0.0,0.0,2023-06-26
16,2023-06-26 10:10:00-04:00,370.5299987792969,370.5299987792969,370.5199890136719,370.5199890136719,781,0.0,0.0,2023-06-26
17,2023-06-26 10:11:00-04:00,370.8299865722656,370.8299865722656,370.8299865722656,370.8299865722656,678,0.0,0.0,2023-06-26
18,2023-06-26 10:13:00-04:00,370.5199890136719,370.5199890136719,370.5199890136719,370.5199890136719,179,0.0,0.0,2023-06-26
19,2023-06-26 10:15:00-04:00,370.875,370.875,370.8599853515625,370.8599853515625,304,0.0,0.0,2023-06-26
20,2023-06-26 10:18:00-04:00,371.1549987792969,371.1549987792969,371.1549987792969,371.1549987792969,241,0.0,0.0,2023-06-26
21,2023-06-26 10:19:00-04:00,371.1199951171875,371.1199951171875,371.1199951171875,371.1199951171875,897,0.0,0.0,2023-06-26
22,2023-06-26 10:20:00-04:00,371.1499938964844,371.54998779296875,371.1499938964844,371.54998779296875,527,0.0,0.0,2023-06-26
23,2023-06-26 10:22:00-04:00,371.6499938964844,371.8599853515625,371.6499938964844,371.8599853515625,434,0.0,0.0,2023-06-26
24,2023-06-26 10:25:00-04:00,372.3299865722656,372.4100036621094,372.3299865722656,372.4100036621094,932,0.0,0.0,2023-06-26
25,2023-06-26 10:29:00-04:00,372.8299865722656,372.8299865722656,372.8299865722656,372.8299865722656,471,0.0,0.0,2023-06-26
26,2023-06-26 10:32:00-04:00,372.6499938964844,372.6499938964844,372.6499938964844,372.6499938964844,100,0.0,0.0,2023-06-26
27,2023-06-26 10:34:00-04:00,373.17999267578125,373.17999267578125,373.17999267578125,373.17999267578125,915,0.0,0.0,2023-06-26
28,2023-06-26 10:38:00-04:00,372.8800048828125,372.8800048828125,372.8800048828125,372.8800048828125,212,0.0,0.0,2023-06-26
29,2023-06-26 10:40:00-04:00,372.70001220703125,372.9100036621094,372.69000244140625,372.9100036621094,1188,0.0,0.0,2023-06-26
30,2023-06-26 10:43:00-04:00,373.2049865722656,373.2049865722656,373.2049865722656,373.2049865722656,144,0.0,0.0,2023-06-26
31,2023-06-26 10:44:00-04:00,373.2049865722656,373.2049865722656,373.2049865722656,373.2049865722656,207,0.0,0.0,2023-06-26
32,2023-06-26 10:45:00-04:00,373.2200012207031,373.2799987792969,373.2200012207031,373.2799987792969,316,0.0,0.0,2023-06-26
33,2023-06-26 10:47:00-04:00,373.05999755859375,373.1050109863281,372.67999267578125,372.7099914550781,4030,0.0,0.0,2023-06-26
34,2023-06-26 10:50:00-04:00,372.7900085449219,372.7900085449219,372.7900085449219,372.7900085449219,379,0.0,0.0,2023-06-26
35,2023-06-26 10:51:00-04:00,373.05499267578125,373.05499267578125,372.9800109863281,372.9800109863281,913,0.0,0.0,2023-06-26
36,2023-06-26 11:00:00-04:00,373.260009765625,373.385009765625,373.260009765625,373.385009765625,479,0.0,0.0,2023-06-26
37,2023-06-26 11:02:00-04:00,373.1600036621094,373.1600036621094,373.1600036621094,373.1600036621094,675,0.0,0.0,2023-06-26
38,2023-06-26 11:05:00-04:00,373.19000244140625,373.7349853515625,373.19000244140625,373.7349853515625,924,0.0,0.0,2023-06-26
39,2023-06-26 11:06:00-04:00,373.2799987792969,373.2799987792969,373.2799987792969,373.2799987792969,185,0.0,0.0,2023-06-26
40,2023-06-26 11:09:00-04:00,373.2900085449219,373.2900085449219,373.2699890136719,373.2699890136719,569,0.0,0.0,2023-06-26
41,2023-06-26 11:13:00-04:00,373.55999755859375,373.55999755859375,373.55999755859375,373.55999755859375,222,0.0,0.0,2023-06-26
42,2023-06-26 11:19:00-04:00,373.643310546875,373.92999267578125,373.643310546875,373.92999267578125,486,0.0,0.0,2023-06-26
43,2023-06-26 11:24:00-04:00,373.510009765625,373.510009765625,373.3399963378906,373.45001220703125,405,0.0,0.0,2023-06-26
44,2023-06-26 11:29:00-04:00,373.57000732421875,373.57000732421875,373.3399963378906,373.3399963378906,213,0.0,0.0,2023-06-26
45,2023-06-26 11:30:00-04:00,373.2799987792969,373.2799987792969,373.2799987792969,373.2799987792969,350,0.0,0.0,2023-06-26
46,2023-06-26 11:33:00-04:00,373.4100036621094,373.5899963378906,373.4100036621094,373.5899963378906,893,0.0,0.0,2023-06-26
47,2023-06-26 11:35:00-04:00,373.3900146484375,373.42999267578125,373.3900146484375,373.42999267578125,637,0.0,0.0,2023-06-26
48,2023-06-26 11:38:00-04:00,373.2200012207031,373.2200012207031,373.2200012207031,373.2200012207031,283,0.0,0.0,2023-06-26
49,2023-06-26 11:43:00-04:00,373.1199951171875,373.3800048828125,373.1199951171875,373.3800048828125,439,0.0,0.0,2023-06-26
50,2023-06-26 11:44:00-04:00,373.0199890136719,373.0199890136719,373.0199890136719,373.0199890136719,1311,0.0,0.0,2023-06-26
51,2023-06-26 11:54:00-04:00,373.7699890136719,373.7699890136719,373.6499938964844,373.7699890136719,1188,0.0,0.0,2023-06-26
52,2023-06-26 12:05:00-04:00,373.8500061035156,374.1400146484375,373.7699890136719,374.1400146484375,1144,0.0,0.0,2023-06-26
53,2023-06-26 12:10:00-04:00,373.4599914550781,373.5799865722656,373.4200134277344,373.4200134277344,1360,0.0,0.0,2023-06-26
54,2023-06-26 12:17:00-04:00,373.75,373.9700012207031,373.6600036621094,373.9700012207031,1396,0.0,0.0,2023-06-26
55,2023-06-26 12:22:00-04:00,374.1400146484375,374.1400146484375,374.1400146484375,374.1400146484375,179,0.0,0.0,2023-06-26
56,2023-06-26 12:26:00-04:00,373.8800048828125,374.0899963378906,373.8800048828125,374.0899963378906,584,0.0,0.0,2023-06-26
57,2023-06-26 12:28:00-04:00,374.385009765625,374.385009765625,374.385009765625,374.385009765625,118,0.0,0.0,2023-06-26
58,2023-06-26 12:29:00-04:00,374.1499938964844,374.1499938964844,374.1499938964844,374.1499938964844,434,0.0,0.0,2023-06-26
59,2023-06-26 12:38:00-04:00,374.1600036621094,374.1600036621094,374.1600036621094,374.1600036621094,511,0.0,0.0,2023-06-26
60,2023-06-26 12:40:00-04:00,374.1449890136719,374.1449890136719,374.1449890136719,374.1449890136719,172,0.0,0.0,2023-06-26
61,2023-06-26 12:42:00-04:00,374.1499938964844,374.1499938964844,374.1499938964844,374.1499938964844,110,0.0,0.0,2023-06-26
62,2023-06-26 12:43:00-04:00,374.135009765625,374.135009765625,374.135009765625,374.135009765625,393,0.0,0.0,2023-06-26
63,2023-06-26 12:44:00-04:00,374.6499938964844,374.6600036621094,374.6499938964844,374.6600036621094,463,0.0,0.0,2023-06-26
64,2023-06-26 12:45:00-04:00,375.04998779296875,375.04998779296875,375.04998779296875,375.04998779296875,405,0.0,0.0,2023-06-26
65,2023-06-26 12:49:00-04:00,374.6099853515625,374.7850036621094,374.6000061035156,374.7850036621094,1008,0.0,0.0,2023-06-26
66,2023-06-26 12:55:00-04:00,374.989990234375,374.989990234375,374.989990234375,374.989990234375,549,0.0,0.0,2023-06-26
67,2023-06-26 12:56:00-04:00,375.0199890136719,375.25,375.0199890136719,375.25,597,0.0,0.0,2023-06-26
68,2023-06-26 13:00:00-04:00,375.4599914550781,375.4599914550781,375.4599914550781,375.4599914550781,208,0.0,0.0,2023-06-26
69,2023-06-26 13:02:00-04:00,375.75,375.75,375.75,375.75,476,0.0,0.0,2023-06-26
70,2023-06-26 13:03:00-04:00,375.30999755859375,375.30999755859375,375.260009765625,375.260009765625,700,0.0,0.0,2023-06-26
71,2023-06-26 13:06:00-04:00,374.989990234375,374.989990234375,374.989990234375,374.989990234375,480,0.0,0.0,2023-06-26
72,2023-06-26 13:14:00-04:00,374.8399963378906,374.8399963378906,374.8399963378906,374.8399963378906,378,0.0,0.0,2023-06-26
73,2023-06-26 13:15:00-04:00,375.4100036621094,375.4100036621094,375.0799865722656,375.2174987792969,1996,0.0,0.0,2023-06-26
74,2023-06-26 13:17:00-04:00,375.07000732421875,375.07000732421875,375.07000732421875,375.07000732421875,330,0.0,0.0,2023-06-26
75,2023-06-26 13:22:00-04:00,375.19000244140625,375.19000244140625,375.19000244140625,375.19000244140625,758,0.0,0.0,2023-06-26
76,2023-06-26 13:25:00-04:00,375.010009765625,375.010009765625,375.010009765625,375.010009765625,649,0.0,0.0,2023-06-26
77,2023-06-26 13:27:00-04:00,374.6700134277344,374.6700134277344,374.6600036621094,374.6600036621094,823,0.0,0.0,2023-06-26
78,2023-06-26 13:33:00-04:00,374.8999938964844,375.04998779296875,374.8999938964844,375.04998779296875,896,0.0,0.0,2023-06-26
79,2023-06-26 13:35:00-04:00,375.0400085449219,375.0400085449219,375.0350036621094,375.0350036621094,385,0.0,0.0,2023-06-26
80,2023-06-26 13:36:00-04:00,374.8500061035156,374.9700012207031,374.8500061035156,374.8500061035156,1884,0.0,0.0,2023-06-26
81,2023-06-26 13:41:00-04:00,374.8699951171875,374.8699951171875,374.8699951171875,374.8699951171875,245,0.0,0.0,2023-06-26
82,2023-06-26 13:43:00-04:00,374.5899963378906,374.5899963378906,374.55999755859375,374.5899963378906,661,0.0,0.0,2023-06-26
83,2023-06-26 13:48:00-04:00,374.2699890136719,374.2699890136719,374.2699890136719,374.2699890136719,286,0.0,0.0,2023-06-26
84,2023-06-26 13:53:00-04:00,374.0299987792969,374.0299987792969,374.0299987792969,374.0299987792969,516,0.0,0.0,2023-06-26
85,2023-06-26 13:56:00-04:00,373.9700012207031,373.9700012207031,373.9700012207031,373.9700012207031,323,0.0,0.0,2023-06-26
86,2023-06-26 14:00:00-04:00,373.72039794921875,373.72039794921875,373.7099914550781,373.7099914550781,828,0.0,0.0,2023-06-26
87,2023-06-26 14:02:00-04:00,373.6050109863281,373.6050109863281,373.6050109863281,373.6050109863281,104,0.0,0.0,2023-06-26
88,2023-06-26 14:03:00-04:00,373.5350036621094,373.5350036621094,373.5350036621094,373.5350036621094,106,0.0,0.0,2023-06-26
89,2023-06-26 14:04:00-04:00,373.55499267578125,373.55499267578125,373.55499267578125,373.55499267578125,102,0.0,0.0,2023-06-26
90,2023-06-26 14:05:00-04:00,373.55999755859375,373.75,373.55999755859375,373.75,423,0.0,0.0,2023-06-26
91,2023-06-26 14:06:00-04:00,373.4700012207031,373.4700012207031,373.4700012207031,373.4700012207031,1471,0.0,0.0,2023-06-26
92,2023-06-26 14:15:00-04:00,373.0,373.0,373.0,373.0,311,0.0,0.0,2023-06-26
93,2023-06-26 14:16:00-04:00,372.92999267578125,372.92999267578125,372.92999267578125,372.92999267578125,421,0.0,0.0,2023-06-26
94,2023-06-26 14:20:00-04:00,372.9200134277344,372.9200134277344,372.9200134277344,372.9200134277344,176,0.0,0.0,2023-06-26
95,2023-06-26 14:21:00-04:00,373.2099914550781,373.2099914550781,373.2099914550781,373.2099914550781,1119,0.0,0.0,2023-06-26
96,2023-06-26 14:30:00-04:00,373.1199951171875,373.3299865722656,373.1199951171875,373.19000244140625,1044,0.0,0.0,2023-06-26
97,2023-06-26 14:32:00-04:00,373.45001220703125,373.45001220703125,373.4100036621094,373.4100036621094,664,0.0,0.0,2023-06-26
98,2023-06-26 14:34:00-04:00,373.7900085449219,373.7900085449219,373.6600036621094,373.6600036621094,527,0.0,0.0,2023-06-26
99,2023-06-26 14:37:00-04:00,373.69500732421875,373.69500732421875,373.69500732421875,373.69500732421875,665,0.0,0.0,2023-06-26
100,2023-06-26 14:45:00-04:00,373.510009765625,373.510009765625,373.510009765625,373.510009765625,270,0.0,0.0,2023-06-26
101,2023-06-26 14:52:00-04:00,373.79998779296875,373.79998779296875,373.79998779296875,373.79998779296875,182,0.0,0.0,2023-06-26
102,2023-06-26 14:53:00-04:00,373.6099853515625,373.6400146484375,373.6099853515625,373.6400146484375,322,0.0,0.0,2023-06-26
103,2023-06-26 14:54:00-04:00,373.5899963378906,373.5899963378906,373.55999755859375,373.55999755859375,882,0.0,0.0,2023-06-26
104,2023-06-26 14:57:00-04:00,373.45001220703125,373.45001220703125,373.45001220703125,373.45001220703125,164,0.0,0.0,2023-06-26
105,2023-06-26 14:58:00-04:00,373.3999938964844,373.3999938964844,373.3999938964844,373.3999938964844,128,0.0,0.0,2023-06-26
106,2023-06-26 14:59:00-04:00,373.32000732421875,373.32000732421875,373.32000732421875,373.32000732421875,159,0.0,0.0,2023-06-26
107,2023-06-26 15:00:00-04:00,373.5899963378906,373.739990234375,373.5899963378906,373.739990234375,989,0.0,0.0,2023-06-26
108,2023-06-26 15:01:00-04:00,373.7349853515625,373.7349853515625,373.55999755859375,373.55999755859375,608,0.0,0.0,2023-06-26
109,2023-06-26 15:03:00-04:00,373.5,373.5,373.5,373.5,352,0.0,0.0,2023-06-26
110,2023-06-26 15:04:00-04:00,373.489990234375,373.489990234375,373.3924865722656,373.3924865722656,556,0.0,0.0,2023-06-26
111,2023-06-26 15:06:00-04:00,373.2900085449219,373.45001220703125,373.2900085449219,373.45001220703125,328,0.0,0.0,2023-06-26
112,2023-06-26 15:07:00-04:00,373.135009765625,373.135009765625,373.135009765625,373.135009765625,101,0.0,0.0,2023-06-26
113,2023-06-26 15:08:00-04:00,373.135009765625,373.135009765625,373.135009765625,373.135009765625,110,0.0,0.0,2023-06-26
114,2023-06-26 15:09:00-04:00,373.1549987792969,373.17498779296875,373.1549987792969,373.17498779296875,356,0.0,0.0,2023-06-26
115,2023-06-26 15:10:00-04:00,373.42498779296875,373.4549865722656,373.06500244140625,373.06500244140625,429,0.0,0.0,2023-06-26
116,2023-06-26 15:11:00-04:00,373.0199890136719,373.19500732421875,373.0050048828125,373.0050048828125,546,0.0,0.0,2023-06-26
117,2023-06-26 15:12:00-04:00,373.19500732421875,373.19500732421875,373.19500732421875,373.19500732421875,225,0.0,0.0,2023-06-26
118,2023-06-26 15:13:00-04:00,373.0050048828125,373.0050048828125,373.0050048828125,373.0050048828125,107,0.0,0.0,2023-06-26
119,2023-06-26 15:14:00-04:00,373.010009765625,373.010009765625,373.010009765625,373.010009765625,237,0.0,0.0,2023-06-26
120,2023-06-26 15:15:00-04:00,373.0849914550781,373.0849914550781,373.0849914550781,373.0849914550781,314,0.0,0.0,2023-06-26
121,2023-06-26 15:16:00-04:00,373.010009765625,373.010009765625,373.0,373.0,373,0.0,0.0,2023-06-26
122,2023-06-26 15:17:00-04:00,373.1449890136719,373.1449890136719,373.1400146484375,373.1400146484375,256,0.0,0.0,2023-06-26
123,2023-06-26 15:18:00-04:00,373.0,373.0,373.0,373.0,208,0.0,0.0,2023-06-26
124,2023-06-26 15:19:00-04:00,372.989990234375,372.989990234375,372.8450012207031,372.8450012207031,443,0.0,0.0,2023-06-26
125,2023-06-26 15:20:00-04:00,373.0050048828125,373.0050048828125,373.0050048828125,373.0050048828125,240,0.0,0.0,2023-06-26
126,2023-06-26 15:21:00-04:00,373.0150146484375,373.0299987792969,372.8900146484375,372.8900146484375,473,0.0,0.0,2023-06-26
127,2023-06-26 15:22:00-04:00,372.82000732421875,373.0400085449219,372.82000732421875,372.989990234375,1267,0.0,0.0,2023-06-26
128,2023-06-26 15:23:00-04:00,372.8500061035156,372.9700012207031,372.8299865722656,372.8399963378906,1024,0.0,0.0,2023-06-26
129,2023-06-26 15:24:00-04:00,372.9549865722656,372.9549865722656,372.9549865722656,372.9549865722656,535,0.0,0.0,2023-06-26
130,2023-06-26 15:25:00-04:00,372.8699951171875,372.9849853515625,372.8699951171875,372.9849853515625,473,0.0,0.0,2023-06-26
131,2023-06-26 15:26:00-04:00,372.8500061035156,373.260009765625,372.8500061035156,373.260009765625,1455,0.0,0.0,2023-06-26
132,2023-06-26 15:27:00-04:00,373.2099914550781,373.2149963378906,373.2099914550781,373.2149963378906,440,0.0,0.0,2023-06-26
133,2023-06-26 15:28:00-04:00,373.0299987792969,373.0299987792969,373.0299987792969,373.0299987792969,210,0.0,0.0,2023-06-26
134,2023-06-26 15:29:00-04:00,373.0199890136719,373.0400085449219,373.0199890136719,373.0400085449219,450,0.0,0.0,2023-06-26
135,2023-06-26 15:30:00-04:00,372.9800109863281,372.989990234375,372.82000732421875,372.8299865722656,976,0.0,0.0,2023-06-26
136,2023-06-26 15:31:00-04:00,372.9100036621094,372.9725036621094,372.80999755859375,372.9100036621094,2534,0.0,0.0,2023-06-26
137,2023-06-26 15:32:00-04:00,373.0150146484375,373.30999755859375,373.0150146484375,373.30999755859375,991,0.0,0.0,2023-06-26
138,2023-06-26 15:33:00-04:00,373.1600036621094,373.1600036621094,373.1600036621094,373.1600036621094,273,0.0,0.0,2023-06-26
139,2023-06-26 15:34:00-04:00,373.1600036621094,373.1600036621094,373.1600036621094,373.1600036621094,210,0.0,0.0,2023-06-26
140,2023-06-26 15:35:00-04:00,373.0350036621094,373.1600036621094,373.0350036621094,373.1600036621094,570,0.0,0.0,2023-06-26
141,2023-06-26 15:36:00-04:00,373.0450134277344,373.0450134277344,373.0450134277344,373.0450134277344,245,0.0,0.0,2023-06-26
142,2023-06-26 15:37:00-04:00,373.1099853515625,373.17999267578125,373.1099853515625,373.17999267578125,1668,0.0,0.0,2023-06-26
143,2023-06-26 15:38:00-04:00,373.18499755859375,373.32000732421875,373.18499755859375,373.32000732421875,988,0.0,0.0,2023-06-26
144,2023-06-26 15:39:00-04:00,373.31500244140625,373.3299865722656,373.31500244140625,373.3299865722656,470,0.0,0.0,2023-06-26
145,2023-06-26 15:40:00-04:00,373.31500244140625,373.32501220703125,373.31500244140625,373.32000732421875,797,0.0,0.0,2023-06-26
146,2023-06-26 15:41:00-04:00,373.3399963378906,373.3500061035156,373.3299865722656,373.3500061035156,869,0.0,0.0,2023-06-26
147,2023-06-26 15:42:00-04:00,373.3450012207031,373.3450012207031,373.30999755859375,373.30999755859375,951,0.0,0.0,2023-06-26
148,2023-06-26 15:43:00-04:00,373.2099914550781,373.4100036621094,373.2099914550781,373.32501220703125,1352,0.0,0.0,2023-06-26
149,2023-06-26 15:44:00-04:00,373.2799987792969,373.30999755859375,373.17999267578125,373.17999267578125,2899,0.0,0.0,2023-06-26
150,2023-06-26 15:45:00-04:00,373.2300109863281,373.2300109863281,373.1400146484375,373.2149963378906,2453,0.0,0.0,2023-06-26
151,2023-06-26 15:46:00-04:00,373.2049865722656,373.2149963378906,373.2049865722656,373.2149963378906,344,0.0,0.0,2023-06-26
152,2023-06-26 15:47:00-04:00,373.07000732421875,373.19000244140625,373.07000732421875,373.19000244140625,926,0.0,0.0,2023-06-26
153,2023-06-26 15:48:00-04:00,373.07000732421875,373.260009765625,373.07000732421875,373.1650085449219,1536,0.0,0.0,2023-06-26
154,2023-06-26 15:49:00-04:00,373.2900085449219,373.6650085449219,373.2049865722656,373.614990234375,2959,0.0,0.0,2023-06-26
155,2023-06-26 15:50:00-04:00,373.6099853515625,373.6099853515625,373.30499267578125,373.30499267578125,2577,0.0,0.0,2023-06-26
156,2023-06-26 15:51:00-04:00,373.2200012207031,373.45001220703125,373.05999755859375,373.2799987792969,5370,0.0,0.0,2023-06-26
157,2023-06-26 15:52:00-04:00,373.42999267578125,373.4700012207031,373.1300048828125,373.1400146484375,3182,0.0,0.0,2023-06-26
158,2023-06-26 15:53:00-04:00,373.1300048828125,373.32000732421875,373.1000061035156,373.239990234375,3378,0.0,0.0,2023-06-26
159,2023-06-26 15:54:00-04:00,373.2300109863281,373.3299865722656,373.17999267578125,373.2149963378906,2882,0.0,0.0,2023-06-26
160,2023-06-26 15:55:00-04:00,373.3800048828125,373.45001220703125,373.1600036621094,373.2550048828125,7830,0.0,0.0,2023-06-26
161,2023-06-26 15:56:00-04:00,373.2550048828125,373.2950134277344,373.0899963378906,373.2300109863281,8371,0.0,0.0,2023-06-26
162,2023-06-26 15:57:00-04:00,373.2099914550781,373.55999755859375,373.1000061035156,373.4649963378906,13976,0.0,0.0,2023-06-26
163,2023-06-26 15:58:00-04:00,373.30499267578125,373.5899963378906,373.1300048828125,373.3399963378906,12455,0.0,0.0,2023-06-26
164,2023-06-26 15:59:00-04:00,373.3450012207031,373.8699951171875,373.25,373.8299865722656,20160,0.0,0.0,2023-06-26
165,2023-06-27 09:30:00-04:00,374.260009765625,374.9429931640625,374.260009765625,374.9429931640625,1927,0.0,0.0,2023-06-27
166,2023-06-27 09:35:00-04:00,373.8299865722656,373.8299865722656,373.8299865722656,373.8299865722656,143,0.0,0.0,2023-06-27
167,2023-06-27 09:38:00-04:00,374.614990234375,374.614990234375,374.614990234375,374.614990234375,590,0.0,0.0,2023-06-27
168,2023-06-27 09:43:00-04:00,374.6400146484375,374.7900085449219,374.6400146484375,374.7900085449219,1379,0.0,0.0,2023-06-27
169,2023-06-27 09:44:00-04:00,375.07501220703125,375.07501220703125,375.07501220703125,375.07501220703125,204,0.0,0.0,2023-06-27
170,2023-06-27 09:46:00-04:00,374.4700012207031,374.70001220703125,374.0,374.70001220703125,1957,0.0,0.0,2023-06-27
171,2023-06-27 09:47:00-04:00,374.2961120605469,374.2961120605469,374.2900085449219,374.2900085449219,706,0.0,0.0,2023-06-27
172,2023-06-27 09:54:00-04:00,374.6050109863281,374.6050109863281,374.6050109863281,374.6050109863281,959,0.0,0.0,2023-06-27
173,2023-06-27 09:56:00-04:00,374.32000732421875,374.32000732421875,374.32000732421875,374.32000732421875,243,0.0,0.0,2023-06-27
174,2023-06-27 09:57:00-04:00,374.5,374.5,374.5,374.5,139,0.0,0.0,2023-06-27
175,2023-06-27 09:58:00-04:00,373.5199890136719,373.5199890136719,373.5199890136719,373.5199890136719,839,0.0,0.0,2023-06-27
176,2023-06-27 09:59:00-04:00,373.3299865722656,373.4649963378906,373.0400085449219,373.4649963378906,1363,0.0,0.0,2023-06-27
177,2023-06-27 10:00:00-04:00,373.0,373.0249938964844,372.94000244140625,373.0249938964844,1250,0.0,0.0,2023-06-27
178,2023-06-27 10:03:00-04:00,372.37750244140625,372.5299987792969,372.37750244140625,372.5299987792969,869,0.0,0.0,2023-06-27
179,2023-06-27 10:06:00-04:00,373.07000732421875,373.07000732421875,372.4800109863281,372.4800109863281,3290,0.0,0.0,2023-06-27
180,2023-06-27 10:07:00-04:00,372.1000061035156,372.1000061035156,372.1000061035156,372.1000061035156,372,0.0,0.0,2023-06-27
181,2023-06-27 10:08:00-04:00,371.739990234375,371.739990234375,371.739990234375,371.739990234375,637,0.0,0.0,2023-06-27
182,2023-06-27 10:12:00-04:00,371.7099914550781,371.7099914550781,371.135009765625,371.135009765625,1481,0.0,0.0,2023-06-27
183,2023-06-27 10:14:00-04:00,372.239990234375,372.239990234375,371.8450012207031,371.8450012207031,695,0.0,0.0,2023-06-27
184,2023-06-27 10:15:00-04:00,372.25,372.25,372.25,372.25,876,0.0,0.0,2023-06-27
185,2023-06-27 10:20:00-04:00,372.4100036621094,372.4100036621094,372.4100036621094,372.4100036621094,108,0.0,0.0,2023-06-27
186,2023-06-27 10:21:00-04:00,372.1639099121094,372.1639099121094,371.9200134277344,371.9200134277344,1405,0.0,0.0,2023-06-27
187,2023-06-27 10:30:00-04:00,371.8699951171875,371.8699951171875,371.8699951171875,371.8699951171875,522,0.0,0.0,2023-06-27
188,2023-06-27 10:33:00-04:00,372.2900085449219,372.3399963378906,372.2900085449219,372.3399963378906,754,0.0,0.0,2023-06-27
189,2023-06-27 10:34:00-04:00,372.5,372.5249938964844,372.4049987792969,372.427490234375,924,0.0,0.0,2023-06-27
190,2023-06-27 10:36:00-04:00,372.0799865722656,372.25,372.0799865722656,372.25,555,0.0,0.0,2023-06-27
191,2023-06-27 10:38:00-04:00,372.31500244140625,372.31500244140625,372.31500244140625,372.31500244140625,116,0.0,0.0,2023-06-27
192,2023-06-27 10:39:00-04:00,372.32000732421875,372.32000732421875,372.32000732421875,372.32000732421875,139,0.0,0.0,2023-06-27
193,2023-06-27 10:40:00-04:00,371.989990234375,372.0,371.8299865722656,371.8299865722656,1717,0.0,0.0,2023-06-27
194,2023-06-27 10:41:00-04:00,371.6449890136719,371.6449890136719,371.6449890136719,371.6449890136719,812,0.0,0.0,2023-06-27
195,2023-06-27 10:45:00-04:00,372.07000732421875,372.2200012207031,372.07000732421875,372.2200012207031,1006,0.0,0.0,2023-06-27
196,2023-06-27 10:48:00-04:00,372.4100036621094,372.4100036621094,372.4100036621094,372.4100036621094,296,0.0,0.0,2023-06-27
197,2023-06-27 10:50:00-04:00,372.739990234375,372.739990234375,372.5150146484375,372.552490234375,1206,0.0,0.0,2023-06-27
198,2023-06-27 10:51:00-04:00,372.5249938964844,372.5249938964844,372.5249938964844,372.5249938964844,294,0.0,0.0,2023-06-27
199,2023-06-27 10:52:00-04:00,372.6424865722656,372.6424865722656,372.6424865722656,372.6424865722656,188,0.0,0.0,2023-06-27
200,2023-06-27 10:54:00-04:00,372.82501220703125,372.82501220703125,372.82501220703125,372.82501220703125,340,0.0,0.0,2023-06-27
201,2023-06-27 10:57:00-04:00,372.80499267578125,372.989990234375,372.7799987792969,372.989990234375,1778,0.0,0.0,2023-06-27
202,2023-06-27 10:59:00-04:00,373.3699951171875,373.3699951171875,373.3699951171875,373.3699951171875,193,0.0,0.0,2023-06-27
203,2023-06-27 11:00:00-04:00,373.625,373.625,373.3450012207031,373.3450012207031,322,0.0,0.0,2023-06-27
204,2023-06-27 11:01:00-04:00,373.2799987792969,373.2799987792969,373.2799987792969,373.2799987792969,442,0.0,0.0,2023-06-27
205,2023-06-27 11:04:00-04:00,373.5050048828125,373.5050048828125,373.5050048828125,373.5050048828125,307,0.0,0.0,2023-06-27
206,2023-06-27 11:05:00-04:00,373.05999755859375,373.1925048828125,373.05999755859375,373.1925048828125,729,0.0,0.0,2023-06-27
207,2023-06-27 11:10:00-04:00,373.04998779296875,373.04998779296875,373.04998779296875,373.04998779296875,162,0.0,0.0,2023-06-27
208,2023-06-27 11:11:00-04:00,373.0299987792969,373.0299987792969,373.0299987792969,373.0299987792969,115,0.0,0.0,2023-06-27
209,2023-06-27 11:12:00-04:00,373.04998779296875,373.04998779296875,373.04998779296875,373.04998779296875,224,0.0,0.0,2023-06-27
210,2023-06-27 11:14:00-04:00,373.06500244140625,373.06500244140625,373.05999755859375,373.05999755859375,655,0.0,0.0,2023-06-27
211,2023-06-27 11:17:00-04:00,373.3500061035156,373.3500061035156,373.3500061035156,373.3500061035156,100,0.0,0.0,2023-06-27
212,2023-06-27 11:18:00-04:00,373.260009765625,373.4200134277344,373.260009765625,373.3399963378906,525,0.0,0.0,2023-06-27
213,2023-06-27 11:19:00-04:00,373.2699890136719,373.2699890136719,373.2699890136719,373.2699890136719,410,0.0,0.0,2023-06-27
214,2023-06-27 11:22:00-04:00,373.489990234375,373.5899963378906,373.489990234375,373.5899963378906,1144,0.0,0.0,2023-06-27
215,2023-06-27 11:23:00-04:00,373.7699890136719,374.1449890136719,373.7699890136719,374.1449890136719,781,0.0,0.0,2023-06-27
216,2023-06-27 11:27:00-04:00,374.2099914550781,374.2099914550781,374.2099914550781,374.2099914550781,164,0.0,0.0,2023-06-27
217,2023-06-27 11:28:00-04:00,374.18499755859375,374.56500244140625,374.18499755859375,374.56500244140625,422,0.0,0.0,2023-06-27
218,2023-06-27 11:30:00-04:00,374.7550048828125,374.7799987792969,374.6099853515625,374.6099853515625,1333,0.0,0.0,2023-06-27
219,2023-06-27 11:31:00-04:00,374.3500061035156,374.3500061035156,374.3500061035156,374.3500061035156,442,0.0,0.0,2023-06-27
220,2023-06-27 11:32:00-04:00,374.5199890136719,374.5199890136719,374.5199890136719,374.5199890136719,124,0.0,0.0,2023-06-27
221,2023-06-27 11:34:00-04:00,374.48748779296875,374.48748779296875,374.48748779296875,374.48748779296875,199,0.0,0.0,2023-06-27
222,2023-06-27 11:35:00-04:00,374.5799865722656,374.5799865722656,374.5799865722656,374.5799865722656,257,0.0,0.0,2023-06-27
223,2023-06-27 11:37:00-04:00,374.5249938964844,374.5249938964844,374.5249938964844,374.5249938964844,120,0.0,0.0,2023-06-27
224,2023-06-27 11:39:00-04:00,374.6099853515625,374.6099853515625,374.6099853515625,374.6099853515625,145,0.0,0.0,2023-06-27
225,2023-06-27 11:40:00-04:00,374.5950012207031,374.5950012207031,374.5950012207031,374.5950012207031,167,0.0,0.0,2023-06-27
226,2023-06-27 11:42:00-04:00,374.8999938964844,374.9150085449219,374.8999938964844,374.9150085449219,545,0.0,0.0,2023-06-27
227,2023-06-27 11:44:00-04:00,374.7950134277344,374.7950134277344,374.7950134277344,374.7950134277344,260,0.0,0.0,2023-06-27
228,2023-06-27 11:45:00-04:00,375.1700134277344,375.1700134277344,374.9200134277344,374.9200134277344,548,0.0,0.0,2023-06-27
229,2023-06-27 11:49:00-04:00,375.07000732421875,375.8450012207031,375.07000732421875,375.56500244140625,1078,0.0,0.0,2023-06-27
230,2023-06-27 11:50:00-04:00,375.7200012207031,376.0899963378906,375.7200012207031,376.0899963378906,633,0.0,0.0,2023-06-27
231,2023-06-27 11:51:00-04:00,375.9800109863281,376.6600036621094,375.9800109863281,376.6600036621094,1039,0.0,0.0,2023-06-27
232,2023-06-27 11:55:00-04:00,376.32501220703125,377.0400085449219,376.32501220703125,377.0400085449219,1238,0.0,0.0,2023-06-27
233,2023-06-27 11:57:00-04:00,376.9800109863281,376.9800109863281,376.9800109863281,376.9800109863281,261,0.0,0.0,2023-06-27
234,2023-06-27 11:58:00-04:00,377.1499938964844,377.1499938964844,377.0,377.0,929,0.0,0.0,2023-06-27
235,2023-06-27 12:00:00-04:00,376.9049987792969,376.9049987792969,376.8900146484375,376.8900146484375,1504,0.0,0.0,2023-06-27
236,2023-06-27 12:02:00-04:00,376.5799865722656,376.5799865722656,376.55999755859375,376.55999755859375,522,0.0,0.0,2023-06-27
237,2023-06-27 12:04:00-04:00,376.302490234375,376.302490234375,376.2900085449219,376.2900085449219,311,0.0,0.0,2023-06-27
238,2023-06-27 12:05:00-04:00,376.29998779296875,376.29998779296875,376.29998779296875,376.29998779296875,130,0.0,0.0,2023-06-27
239,2023-06-27 12:06:00-04:00,376.635009765625,376.635009765625,376.489990234375,376.489990234375,1003,0.0,0.0,2023-06-27
240,2023-06-27 12:07:00-04:00,376.5423889160156,376.5423889160156,376.5423889160156,376.5423889160156,805,0.0,0.0,2023-06-27
241,2023-06-27 12:09:00-04:00,376.989990234375,376.989990234375,376.6449890136719,376.6499938964844,2400,0.0,0.0,2023-06-27
242,2023-06-27 12:14:00-04:00,376.7650146484375,376.7650146484375,376.7650146484375,376.7650146484375,224,0.0,0.0,2023-06-27
243,2023-06-27 12:15:00-04:00,376.9100036621094,376.9100036621094,376.79998779296875,376.79998779296875,755,0.0,0.0,2023-06-27
244,2023-06-27 12:18:00-04:00,376.2950134277344,376.3550109863281,376.2950134277344,376.3550109863281,651,0.0,0.0,2023-06-27
245,2023-06-27 12:25:00-04:00,376.614990234375,376.614990234375,376.4700012207031,376.4700012207031,1505,0.0,0.0,2023-06-27
246,2023-06-27 12:28:00-04:00,376.29998779296875,376.29998779296875,376.29998779296875,376.29998779296875,478,0.0,0.0,2023-06-27
247,2023-06-27 12:35:00-04:00,376.2799987792969,376.2799987792969,376.2799987792969,376.2799987792969,567,0.0,0.0,2023-06-27
248,2023-06-27 12:40:00-04:00,376.510009765625,376.510009765625,376.4150085449219,376.4150085449219,459,0.0,0.0,2023-06-27
249,2023-06-27 12:43:00-04:00,376.44000244140625,376.44000244140625,376.44000244140625,376.44000244140625,695,0.0,0.0,2023-06-27
250,2023-06-27 12:45:00-04:00,376.3299865722656,376.3299865722656,376.3299865722656,376.3299865722656,186,0.0,0.0,2023-06-27
251,2023-06-27 12:48:00-04:00,376.6099853515625,376.6099853515625,376.45001220703125,376.45001220703125,735,0.0,0.0,2023-06-27
252,2023-06-27 12:55:00-04:00,376.6499938964844,376.6499938964844,376.6499938964844,376.6499938964844,209,0.0,0.0,2023-06-27
253,2023-06-27 13:00:00-04:00,376.4599914550781,376.4599914550781,376.4599914550781,376.4599914550781,251,0.0,0.0,2023-06-27
254,2023-06-27 13:01:00-04:00,376.6300048828125,376.6300048828125,376.6300048828125,376.6300048828125,300,0.0,0.0,2023-06-27
255,2023-06-27 13:04:00-04:00,376.67498779296875,376.67498779296875,376.67498779296875,376.67498779296875,113,0.0,0.0,2023-06-27
256,2023-06-27 13:05:00-04:00,376.5899963378906,376.5899963378906,376.5899963378906,376.5899963378906,517,0.0,0.0,2023-06-27
257,2023-06-27 13:07:00-04:00,376.4649963378906,376.4649963378906,376.4649963378906,376.4649963378906,189,0.0,0.0,2023-06-27
258,2023-06-27 13:08:00-04:00,376.32000732421875,376.32000732421875,376.32000732421875,376.32000732421875,118,0.0,0.0,2023-06-27
259,2023-06-27 13:09:00-04:00,376.4649963378906,376.4649963378906,376.4649963378906,376.4649963378906,498,0.0,0.0,2023-06-27
260,2023-06-27 13:11:00-04:00,376.3900146484375,376.3900146484375,376.3900146484375,376.3900146484375,138,0.0,0.0,2023-06-27
261,2023-06-27 13:12:00-04:00,376.25,376.25,376.0299987792969,376.0299987792969,1799,0.0,0.0,2023-06-27
262,2023-06-27 13:14:00-04:00,375.6820068359375,375.6820068359375,375.6820068359375,375.6820068359375,309,0.0,0.0,2023-06-27
263,2023-06-27 13:15:00-04:00,376.05999755859375,376.05999755859375,376.05999755859375,376.05999755859375,950,0.0,0.0,2023-06-27
264,2023-06-27 13:16:00-04:00,376.125,376.125,376.125,376.125,953,0.0,0.0,2023-06-27
265,2023-06-27 13:18:00-04:00,376.739990234375,376.739990234375,376.739990234375,376.739990234375,274,0.0,0.0,2023-06-27
266,2023-06-27 13:20:00-04:00,376.6099853515625,376.6099853515625,376.6099853515625,376.6099853515625,118,0.0,0.0,2023-06-27
267,2023-06-27 13:21:00-04:00,376.6099853515625,376.82501220703125,376.6099853515625,376.82501220703125,791,0.0,0.0,2023-06-27
268,2023-06-27 13:24:00-04:00,376.9750061035156,376.9750061035156,376.9750061035156,376.9750061035156,265,0.0,0.0,2023-06-27
269,2023-06-27 13:26:00-04:00,377.125,377.1400146484375,377.125,377.1400146484375,385,0.0,0.0,2023-06-27
270,2023-06-27 13:27:00-04:00,377.19000244140625,377.19000244140625,377.19000244140625,377.19000244140625,101,0.0,0.0,2023-06-27
271,2023-06-27 13:28:00-04:00,376.9949951171875,376.9949951171875,376.9949951171875,376.9949951171875,145,0.0,0.0,2023-06-27
272,2023-06-27 13:29:00-04:00,377.17498779296875,377.17498779296875,377.17498779296875,377.17498779296875,124,0.0,0.0,2023-06-27
273,2023-06-27 13:30:00-04:00,377.17999267578125,377.17999267578125,377.17999267578125,377.17999267578125,762,0.0,0.0,2023-06-27
274,2023-06-27 13:31:00-04:00,377.5199890136719,377.5199890136719,377.5199890136719,377.5199890136719,297,0.0,0.0,2023-06-27
275,2023-06-27 13:34:00-04:00,377.44500732421875,377.44500732421875,377.44500732421875,377.44500732421875,846,0.0,0.0,2023-06-27
276,2023-06-27 13:35:00-04:00,376.9599914550781,377.0899963378906,376.9599914550781,377.0899963378906,849,0.0,0.0,2023-06-27
277,2023-06-27 13:38:00-04:00,376.739990234375,376.7850036621094,376.489990234375,376.7850036621094,1395,0.0,0.0,2023-06-27
278,2023-06-27 13:40:00-04:00,376.79998779296875,376.79998779296875,376.79998779296875,376.79998779296875,277,0.0,0.0,2023-06-27
279,2023-06-27 13:41:00-04:00,377.05999755859375,377.19000244140625,377.05999755859375,377.19000244140625,1418,0.0,0.0,2023-06-27
280,2023-06-27 13:51:00-04:00,377.1000061035156,377.1000061035156,376.9200134277344,376.9200134277344,717,0.0,0.0,2023-06-27
281,2023-06-27 13:52:00-04:00,376.9150085449219,377.07000732421875,376.9150085449219,377.07000732421875,1249,0.0,0.0,2023-06-27
282,2023-06-27 13:53:00-04:00,377.1199951171875,377.1199951171875,377.1199951171875,377.1199951171875,123,0.0,0.0,2023-06-27
283,2023-06-27 13:54:00-04:00,377.2300109863281,377.2300109863281,377.2300109863281,377.2300109863281,595,0.0,0.0,2023-06-27
284,2023-06-27 13:57:00-04:00,376.9700012207031,376.9700012207031,376.9700012207031,376.9700012207031,168,0.0,0.0,2023-06-27
285,2023-06-27 13:58:00-04:00,377.1700134277344,377.1700134277344,377.1700134277344,377.1700134277344,329,0.0,0.0,2023-06-27
286,2023-06-27 14:00:00-04:00,376.9700012207031,376.9700012207031,376.9700012207031,376.9700012207031,391,0.0,0.0,2023-06-27
287,2023-06-27 14:01:00-04:00,377.0,377.0,377.0,377.0,248,0.0,0.0,2023-06-27
288,2023-06-27 14:02:00-04:00,377.0,377.0,377.0,377.0,304,0.0,0.0,2023-06-27
289,2023-06-27 14:03:00-04:00,377.1400146484375,377.1499938964844,377.1400146484375,377.1499938964844,838,0.0,0.0,2023-06-27
290,2023-06-27 14:04:00-04:00,377.2449951171875,377.2449951171875,377.2449951171875,377.2449951171875,618,0.0,0.0,2023-06-27
291,2023-06-27 14:05:00-04:00,377.3299865722656,377.3299865722656,377.3299865722656,377.3299865722656,400,0.0,0.0,2023-06-27
292,2023-06-27 14:07:00-04:00,377.5849914550781,377.5849914550781,377.3800048828125,377.3800048828125,655,0.0,0.0,2023-06-27
293,2023-06-27 14:09:00-04:00,377.1700134277344,377.1700134277344,377.0799865722656,377.0799865722656,729,0.0,0.0,2023-06-27
294,2023-06-27 14:10:00-04:00,377.1199951171875,377.2550048828125,377.1199951171875,377.2200012207031,431,0.0,0.0,2023-06-27
295,2023-06-27 14:11:00-04:00,377.1400146484375,377.1400146484375,377.1400146484375,377.1400146484375,180,0.0,0.0,2023-06-27
296,2023-06-27 14:12:00-04:00,377.2099914550781,377.3399963378906,377.2099914550781,377.3399963378906,773,0.0,0.0,2023-06-27
297,2023-06-27 14:13:00-04:00,377.2950134277344,377.489990234375,377.2950134277344,377.38238525390625,1674,0.0,0.0,2023-06-27
298,2023-06-27 14:15:00-04:00,377.5,377.5,377.5,377.5,115,0.0,0.0,2023-06-27
299,2023-06-27 14:16:00-04:00,377.2749938964844,377.2749938964844,377.2749938964844,377.2749938964844,213,0.0,0.0,2023-06-27
300,2023-06-27 14:17:00-04:00,377.1000061035156,377.1000061035156,376.92999267578125,376.92999267578125,799,0.0,0.0,2023-06-27
301,2023-06-27 14:19:00-04:00,377.20001220703125,377.3500061035156,377.1700134277344,377.31500244140625,1150,0.0,0.0,2023-06-27
302,2023-06-27 14:21:00-04:00,377.2200012207031,377.2200012207031,377.2200012207031,377.2200012207031,336,0.0,0.0,2023-06-27
303,2023-06-27 14:26:00-04:00,377.32000732421875,377.32501220703125,377.32000732421875,377.32501220703125,436,0.0,0.0,2023-06-27
304,2023-06-27 14:27:00-04:00,377.3900146484375,377.3900146484375,377.32501220703125,377.3349914550781,670,0.0,0.0,2023-06-27
305,2023-06-27 14:28:00-04:00,377.31500244140625,377.31500244140625,377.31500244140625,377.31500244140625,103,0.0,0.0,2023-06-27
306,2023-06-27 14:29:00-04:00,377.4599914550781,377.55999755859375,377.4100036621094,377.55999755859375,634,0.0,0.0,2023-06-27
307,2023-06-27 14:30:00-04:00,377.57000732421875,377.5950012207031,377.57000732421875,377.5950012207031,590,0.0,0.0,2023-06-27
308,2023-06-27 14:31:00-04:00,377.5,377.6600036621094,377.5,377.6600036621094,954,0.0,0.0,2023-06-27
309,2023-06-27 14:35:00-04:00,377.6549987792969,377.6549987792969,377.6549987792969,377.6549987792969,377,0.0,0.0,2023-06-27
310,2023-06-27 14:36:00-04:00,377.6549987792969,377.6549987792969,377.6549987792969,377.6549987792969,259,0.0,0.0,2023-06-27
311,2023-06-27 14:39:00-04:00,377.79998779296875,378.0350036621094,377.79998779296875,378.0350036621094,1155,0.0,0.0,2023-06-27
312,2023-06-27 14:40:00-04:00,378.05499267578125,378.05499267578125,378.05499267578125,378.05499267578125,262,0.0,0.0,2023-06-27
313,2023-06-27 14:41:00-04:00,377.864990234375,377.864990234375,377.864990234375,377.864990234375,188,0.0,0.0,2023-06-27
314,2023-06-27 14:42:00-04:00,377.69000244140625,377.69000244140625,377.6400146484375,377.6400146484375,1466,0.0,0.0,2023-06-27
315,2023-06-27 14:43:00-04:00,377.5799865722656,377.5799865722656,377.5799865722656,377.5799865722656,150,0.0,0.0,2023-06-27
316,2023-06-27 14:44:00-04:00,377.55999755859375,377.55999755859375,377.55999755859375,377.55999755859375,110,0.0,0.0,2023-06-27
317,2023-06-27 14:45:00-04:00,377.7449951171875,377.7449951171875,377.3900146484375,377.69000244140625,3473,0.0,0.0,2023-06-27
318,2023-06-27 14:49:00-04:00,377.8900146484375,377.8900146484375,377.8900146484375,377.8900146484375,276,0.0,0.0,2023-06-27
319,2023-06-27 14:50:00-04:00,378.0450134277344,378.0450134277344,378.0450134277344,378.0450134277344,345,0.0,0.0,2023-06-27
320,2023-06-27 14:51:00-04:00,378.0899963378906,378.1199951171875,378.0899963378906,378.1199951171875,1284,0.0,0.0,2023-06-27
321,2023-06-27 14:55:00-04:00,377.989990234375,378.0199890136719,377.92999267578125,377.92999267578125,1019,0.0,0.0,2023-06-27
322,2023-06-27 14:56:00-04:00,377.989990234375,378.25,377.9142150878906,378.25,984,0.0,0.0,2023-06-27
323,2023-06-27 14:57:00-04:00,378.29998779296875,378.29998779296875,378.29998779296875,378.29998779296875,131,0.0,0.0,2023-06-27
324,2023-06-27 14:58:00-04:00,378.0400085449219,378.0400085449219,378.0400085449219,378.0400085449219,201,0.0,0.0,2023-06-27
325,2023-06-27 15:00:00-04:00,378.0950012207031,378.0950012207031,378.0950012207031,378.0950012207031,420,0.0,0.0,2023-06-27
326,2023-06-27 15:02:00-04:00,378.239990234375,378.2699890136719,378.239990234375,378.2699890136719,846,0.0,0.0,2023-06-27
327,2023-06-27 15:05:00-04:00,378.1600036621094,378.2099914550781,377.8999938964844,377.8999938964844,1938,0.0,0.0,2023-06-27
328,2023-06-27 15:06:00-04:00,377.94000244140625,377.9599914550781,377.94000244140625,377.9599914550781,1080,0.0,0.0,2023-06-27
329,2023-06-27 15:08:00-04:00,378.0899963378906,378.0899963378906,378.0899963378906,378.0899963378906,556,0.0,0.0,2023-06-27
330,2023-06-27 15:11:00-04:00,377.9800109863281,377.9800109863281,377.9700012207031,377.9700012207031,961,0.0,0.0,2023-06-27
331,2023-06-27 15:13:00-04:00,377.8800048828125,377.8800048828125,377.8800048828125,377.8800048828125,857,0.0,0.0,2023-06-27
332,2023-06-27 15:14:00-04:00,378.0199890136719,378.04998779296875,378.0199890136719,378.04998779296875,1485,0.0,0.0,2023-06-27
333,2023-06-27 15:17:00-04:00,378.20001220703125,378.2300109863281,378.20001220703125,378.2300109863281,1115,0.0,0.0,2023-06-27
334,2023-06-27 15:22:00-04:00,378.260009765625,378.2900085449219,378.260009765625,378.2900085449219,1568,0.0,0.0,2023-06-27
335,2023-06-27 15:28:00-04:00,378.3999938964844,378.4599914550781,378.3999938964844,378.4599914550781,1572,0.0,0.0,2023-06-27
336,2023-06-27 15:31:00-04:00,378.6000061035156,378.6099853515625,378.6000061035156,378.6099853515625,673,0.0,0.0,2023-06-27
337,2023-06-27 15:32:00-04:00,378.5450134277344,378.54998779296875,378.20001220703125,378.20001220703125,2158,0.0,0.0,2023-06-27
338,2023-06-27 15:36:00-04:00,378.1199951171875,378.1199951171875,378.1199951171875,378.1199951171875,560,0.0,0.0,2023-06-27
339,2023-06-27 15:37:00-04:00,378.0199890136719,378.05999755859375,377.82501220703125,377.8974914550781,1928,0.0,0.0,2023-06-27
340,2023-06-27 15:38:00-04:00,377.82000732421875,377.82000732421875,377.739990234375,377.739990234375,918,0.0,0.0,2023-06-27
341,2023-06-27 15:40:00-04:00,377.7449951171875,377.75,377.7449951171875,377.75,498,0.0,0.0,2023-06-27
342,2023-06-27 15:41:00-04:00,377.7799987792969,378.010009765625,377.7799987792969,378.010009765625,2346,0.0,0.0,2023-06-27
343,2023-06-27 15:43:00-04:00,377.95001220703125,378.0450134277344,377.95001220703125,378.0450134277344,838,0.0,0.0,2023-06-27
344,2023-06-27 15:44:00-04:00,378.1000061035156,378.3800048828125,378.1000061035156,378.3800048828125,1171,0.0,0.0,2023-06-27
345,2023-06-27 15:45:00-04:00,378.2900085449219,378.3399963378906,378.2900085449219,378.30999755859375,472,0.0,0.0,2023-06-27
346,2023-06-27 15:46:00-04:00,378.2950134277344,378.4800109863281,378.2950134277344,378.4800109863281,960,0.0,0.0,2023-06-27
347,2023-06-27 15:47:00-04:00,378.5899963378906,378.5899963378906,378.5899963378906,378.5899963378906,444,0.0,0.0,2023-06-27
348,2023-06-27 15:48:00-04:00,378.5299987792969,378.5299987792969,378.4649963378906,378.4649963378906,1013,0.0,0.0,2023-06-27
349,2023-06-27 15:49:00-04:00,378.510009765625,378.510009765625,378.2275085449219,378.2275085449219,2334,0.0,0.0,2023-06-27
350,2023-06-27 15:50:00-04:00,378.19000244140625,378.19000244140625,377.8900146484375,377.95001220703125,2579,0.0,0.0,2023-06-27
351,2023-06-27 15:51:00-04:00,377.82000732421875,377.885009765625,377.82000732421875,377.8699951171875,1414,0.0,0.0,2023-06-27
352,2023-06-27 15:52:00-04:00,378.07000732421875,378.07000732421875,377.9700012207031,377.9700012207031,1471,0.0,0.0,2023-06-27
353,2023-06-27 15:53:00-04:00,377.9700012207031,377.9700012207031,377.8500061035156,377.8500061035156,959,0.0,0.0,2023-06-27
354,2023-06-27 15:54:00-04:00,378.0849914550781,378.0849914550781,377.7900085449219,377.92498779296875,4710,0.0,0.0,2023-06-27
355,2023-06-27 15:55:00-04:00,378.0199890136719,378.3399963378906,378.0199890136719,378.3399963378906,2020,0.0,0.0,2023-06-27
356,2023-06-27 15:56:00-04:00,378.2799987792969,378.57000732421875,378.2799987792969,378.5,3436,0.0,0.0,2023-06-27
357,2023-06-27 15:57:00-04:00,378.5849914550781,378.6099853515625,378.44000244140625,378.55999755859375,6640,0.0,0.0,2023-06-27
358,2023-06-27 15:58:00-04:00,378.45001220703125,378.5350036621094,378.2699890136719,378.5299987792969,7269,0.0,0.0,2023-06-27
359,2023-06-27 15:59:00-04:00,378.55999755859375,378.9100036621094,378.4100036621094,378.6600036621094,13662,0.0,0.0,2023-06-27
360,2023-06-28 09:30:00-04:00,378.6700134277344,378.6700134277344,378.6700134277344,378.6700134277344,1851,0.0,0.0,2023-06-28
361,2023-06-28 09:33:00-04:00,378.7799987792969,378.7799987792969,378.7799987792969,378.7799987792969,310,0.0,0.0,2023-06-28
362,2023-06-28 09:35:00-04:00,379.0199890136719,379.0199890136719,378.92498779296875,378.92498779296875,898,0.0,0.0,2023-06-28
363,2023-06-28 09:38:00-04:00,380.0,380.1549987792969,379.4100036621094,380.1549987792969,676,0.0,0.0,2023-06-28
364,2023-06-28 09:43:00-04:00,379.3500061035156,379.3500061035156,377.1449890136719,377.1449890136719,5114,0.0,0.0,2023-06-28
365,2023-06-28 09:45:00-04:00,378.18499755859375,378.18499755859375,378.18499755859375,378.18499755859375,408,0.0,0.0,2023-06-28
366,2023-06-28 09:47:00-04:00,378.364990234375,378.364990234375,378.364990234375,378.364990234375,390,0.0,0.0,2023-06-28
367,2023-06-28 09:51:00-04:00,378.43499755859375,378.43499755859375,378.43499755859375,378.43499755859375,289,0.0,0.0,2023-06-28
368,2023-06-28 09:53:00-04:00,377.8500061035156,377.8500061035156,377.80999755859375,377.80999755859375,982,0.0,0.0,2023-06-28
369,2023-06-28 09:55:00-04:00,378.1675109863281,378.177490234375,378.1675109863281,378.177490234375,638,0.0,0.0,2023-06-28
370,2023-06-28 09:57:00-04:00,378.56500244140625,378.6549987792969,378.56500244140625,378.6549987792969,568,0.0,0.0,2023-06-28
371,2023-06-28 09:58:00-04:00,378.522705078125,378.522705078125,378.522705078125,378.522705078125,405,0.0,0.0,2023-06-28
372,2023-06-28 09:59:00-04:00,378.9700012207031,378.9700012207031,378.9700012207031,378.9700012207031,244,0.0,0.0,2023-06-28
373,2023-06-28 10:00:00-04:00,378.989990234375,379.3299865722656,378.989990234375,379.2900085449219,644,0.0,0.0,2023-06-28
374,2023-06-28 10:02:00-04:00,379.6600036621094,379.7099914550781,379.6099853515625,379.6099853515625,2547,0.0,0.0,2023-06-28
375,2023-06-28 10:09:00-04:00,380.04998779296875,380.04998779296875,380.04998779296875,380.04998779296875,359,0.0,0.0,2023-06-28
376,2023-06-28 10:12:00-04:00,379.8500061035156,379.989990234375,379.7900085449219,379.7900085449219,1523,0.0,0.0,2023-06-28
377,2023-06-28 10:14:00-04:00,380.010009765625,380.010009765625,380.010009765625,380.010009765625,1159,0.0,0.0,2023-06-28
378,2023-06-28 10:16:00-04:00,380.614990234375,380.614990234375,380.614990234375,380.614990234375,497,0.0,0.0,2023-06-28
379,2023-06-28 10:20:00-04:00,380.989990234375,380.989990234375,380.989990234375,380.989990234375,868,0.0,0.0,2023-06-28
380,2023-06-28 10:23:00-04:00,381.447998046875,381.447998046875,381.447998046875,381.447998046875,411,0.0,0.0,2023-06-28
381,2023-06-28 10:25:00-04:00,380.8800048828125,380.8800048828125,380.8800048828125,380.8800048828125,326,0.0,0.0,2023-06-28
382,2023-06-28 10:27:00-04:00,380.57000732421875,380.6300048828125,380.57000732421875,380.6300048828125,600,0.0,0.0,2023-06-28
383,2023-06-28 10:31:00-04:00,380.760009765625,380.760009765625,380.760009765625,380.760009765625,407,0.0,0.0,2023-06-28
384,2023-06-28 10:33:00-04:00,381.2380065917969,381.2380065917969,381.2380065917969,381.2380065917969,320,0.0,0.0,2023-06-28
385,2023-06-28 10:36:00-04:00,381.260009765625,381.260009765625,381.260009765625,381.260009765625,234,0.0,0.0,2023-06-28
386,2023-06-28 10:37:00-04:00,381.1199951171875,381.1199951171875,381.1199951171875,381.1199951171875,323,0.0,0.0,2023-06-28
387,2023-06-28 10:38:00-04:00,381.06500244140625,381.2099914550781,381.0299987792969,381.1000061035156,1709,0.0,0.0,2023-06-28
388,2023-06-28 10:44:00-04:00,380.92999267578125,381.0249938964844,380.92999267578125,381.0249938964844,583,0.0,0.0,2023-06-28
389,2023-06-28 10:45:00-04:00,380.67999267578125,380.67999267578125,380.67999267578125,380.67999267578125,203,0.0,0.0,2023-06-28
390,2023-06-28 10:46:00-04:00,380.8399963378906,380.8399963378906,380.8399963378906,380.8399963378906,258,0.0,0.0,2023-06-28
391,2023-06-28 10:50:00-04:00,380.9599914550781,380.9599914550781,380.9599914550781,380.9599914550781,133,0.0,0.0,2023-06-28
392,2023-06-28 10:51:00-04:00,380.70001220703125,380.70001220703125,380.6199951171875,380.6199951171875,391,0.0,0.0,2023-06-28
393,2023-06-28 10:53:00-04:00,380.614990234375,380.614990234375,380.614990234375,380.614990234375,712,0.0,0.0,2023-06-28
394,2023-06-28 10:54:00-04:00,380.4200134277344,380.5950012207031,380.4200134277344,380.5950012207031,960,0.0,0.0,2023-06-28
395,2023-06-28 10:58:00-04:00,380.0400085449219,380.0400085449219,380.0400085449219,380.0400085449219,542,0.0,0.0,2023-06-28
396,2023-06-28 10:59:00-04:00,380.29998779296875,380.29998779296875,380.2799987792969,380.2799987792969,559,0.0,0.0,2023-06-28
397,2023-06-28 11:03:00-04:00,380.67498779296875,380.67498779296875,380.67498779296875,380.67498779296875,162,0.0,0.0,2023-06-28
398,2023-06-28 11:06:00-04:00,380.6099853515625,380.6099853515625,380.57000732421875,380.57000732421875,1258,0.0,0.0,2023-06-28
399,2023-06-28 11:09:00-04:00,380.29998779296875,380.29998779296875,380.10198974609375,380.10198974609375,547,0.0,0.0,2023-06-28
400,2023-06-28 11:11:00-04:00,380.05999755859375,380.05999755859375,380.0400085449219,380.0400085449219,778,0.0,0.0,2023-06-28
401,2023-06-28 11:12:00-04:00,379.8699951171875,379.9700012207031,379.8699951171875,379.9700012207031,236,0.0,0.0,2023-06-28
402,2023-06-28 11:13:00-04:00,379.9599914550781,380.0199890136719,379.9599914550781,380.0199890136719,465,0.0,0.0,2023-06-28
403,2023-06-28 11:14:00-04:00,380.1000061035156,380.1000061035156,380.0950012207031,380.0950012207031,837,0.0,0.0,2023-06-28
404,2023-06-28 11:15:00-04:00,380.2799987792969,380.2799987792969,380.2799987792969,380.2799987792969,126,0.0,0.0,2023-06-28
405,2023-06-28 11:17:00-04:00,380.510009765625,380.510009765625,380.510009765625,380.510009765625,206,0.0,0.0,2023-06-28
406,2023-06-28 11:18:00-04:00,380.54998779296875,380.54998779296875,380.3900146484375,380.3999938964844,2538,0.0,0.0,2023-06-28
407,2023-06-28 11:20:00-04:00,380.3550109863281,380.3550109863281,380.239990234375,380.239990234375,303,0.0,0.0,2023-06-28
408,2023-06-28 11:22:00-04:00,380.32000732421875,380.32000732421875,380.32000732421875,380.32000732421875,600,0.0,0.0,2023-06-28
409,2023-06-28 11:25:00-04:00,379.9700012207031,379.9700012207031,379.8299865722656,379.8299865722656,600,0.0,0.0,2023-06-28
410,2023-06-28 11:27:00-04:00,380.20001220703125,380.20001220703125,380.17498779296875,380.17498779296875,996,0.0,0.0,2023-06-28
411,2023-06-28 11:28:00-04:00,380.3450012207031,380.3450012207031,380.3450012207031,380.3450012207031,169,0.0,0.0,2023-06-28
412,2023-06-28 11:29:00-04:00,380.364990234375,380.364990234375,380.364990234375,380.364990234375,195,0.0,0.0,2023-06-28
413,2023-06-28 11:30:00-04:00,380.375,380.54998779296875,380.375,380.54998779296875,1036,0.0,0.0,2023-06-28
414,2023-06-28 11:31:00-04:00,380.375,380.375,380.375,380.375,857,0.0,0.0,2023-06-28
415,2023-06-28 11:34:00-04:00,380.3599853515625,380.3599853515625,380.2550048828125,380.2550048828125,877,0.0,0.0,2023-06-28
416,2023-06-28 11:37:00-04:00,380.3399963378906,380.3399963378906,380.3399963378906,380.3399963378906,369,0.0,0.0,2023-06-28
417,2023-06-28 11:38:00-04:00,380.29998779296875,380.29998779296875,379.9599914550781,379.9599914550781,818,0.0,0.0,2023-06-28
418,2023-06-28 11:39:00-04:00,380.010009765625,380.010009765625,380.010009765625,380.010009765625,156,0.0,0.0,2023-06-28
419,2023-06-28 11:41:00-04:00,380.0050048828125,380.0050048828125,380.0050048828125,380.0050048828125,337,0.0,0.0,2023-06-28
420,2023-06-28 11:42:00-04:00,380.04998779296875,380.17999267578125,380.04998779296875,380.17999267578125,951,0.0,0.0,2023-06-28
421,2023-06-28 11:44:00-04:00,380.3599853515625,380.3599853515625,380.3599853515625,380.3599853515625,245,0.0,0.0,2023-06-28
422,2023-06-28 11:45:00-04:00,380.32501220703125,380.32501220703125,380.32501220703125,380.32501220703125,100,0.0,0.0,2023-06-28
423,2023-06-28 11:46:00-04:00,380.32501220703125,380.32501220703125,380.32501220703125,380.32501220703125,336,0.0,0.0,2023-06-28
424,2023-06-28 11:47:00-04:00,380.3550109863281,380.3550109863281,380.3550109863281,380.3550109863281,184,0.0,0.0,2023-06-28
425,2023-06-28 11:49:00-04:00,380.20001220703125,380.2099914550781,380.20001220703125,380.2099914550781,360,0.0,0.0,2023-06-28
426,2023-06-28 11:52:00-04:00,380.05999755859375,380.05999755859375,379.8800048828125,380.0050048828125,715,0.0,0.0,2023-06-28
427,2023-06-28 11:54:00-04:00,379.8500061035156,379.8500061035156,379.8399963378906,379.8399963378906,559,0.0,0.0,2023-06-28
428,2023-06-28 11:56:00-04:00,380.0350036621094,380.07000732421875,380.0350036621094,380.07000732421875,406,0.0,0.0,2023-06-28
429,2023-06-28 11:57:00-04:00,380.0849914550781,380.0849914550781,380.0849914550781,380.0849914550781,173,0.0,0.0,2023-06-28
430,2023-06-28 11:58:00-04:00,380.0775146484375,380.0775146484375,380.0775146484375,380.0775146484375,215,0.0,0.0,2023-06-28
431,2023-06-28 11:59:00-04:00,380.07501220703125,380.07501220703125,380.07501220703125,380.07501220703125,278,0.0,0.0,2023-06-28
432,2023-06-28 12:00:00-04:00,380.2650146484375,380.2650146484375,380.2650146484375,380.2650146484375,150,0.0,0.0,2023-06-28
433,2023-06-28 12:01:00-04:00,380.2900085449219,380.2900085449219,380.2900085449219,380.2900085449219,154,0.0,0.0,2023-06-28
434,2023-06-28 12:02:00-04:00,380.3299865722656,380.3299865722656,380.3299865722656,380.3299865722656,140,0.0,0.0,2023-06-28
435,2023-06-28 12:03:00-04:00,380.3599853515625,380.3599853515625,380.3599853515625,380.3599853515625,701,0.0,0.0,2023-06-28
436,2023-06-28 12:06:00-04:00,380.54998779296875,380.70001220703125,380.54998779296875,380.69000244140625,1180,0.0,0.0,2023-06-28
437,2023-06-28 12:07:00-04:00,380.8500061035156,380.8500061035156,380.8299865722656,380.8299865722656,304,0.0,0.0,2023-06-28
438,2023-06-28 12:08:00-04:00,380.8599853515625,380.8599853515625,380.8599853515625,380.8599853515625,871,0.0,0.0,2023-06-28
439,2023-06-28 12:10:00-04:00,380.8399963378906,380.8399963378906,380.8399963378906,380.8399963378906,1290,0.0,0.0,2023-06-28
440,2023-06-28 12:12:00-04:00,380.9700012207031,380.9700012207031,380.9700012207031,380.9700012207031,343,0.0,0.0,2023-06-28
441,2023-06-28 12:13:00-04:00,380.8699951171875,380.8699951171875,380.8699951171875,380.8699951171875,110,0.0,0.0,2023-06-28
442,2023-06-28 12:14:00-04:00,380.93341064453125,380.93341064453125,380.93341064453125,380.93341064453125,247,0.0,0.0,2023-06-28
443,2023-06-28 12:15:00-04:00,381.0,381.06500244140625,381.0,381.06500244140625,303,0.0,0.0,2023-06-28
444,2023-06-28 12:16:00-04:00,381.1300048828125,381.1300048828125,381.1300048828125,381.1300048828125,190,0.0,0.0,2023-06-28
445,2023-06-28 12:18:00-04:00,381.114990234375,381.114990234375,381.07000732421875,381.07000732421875,391,0.0,0.0,2023-06-28
446,2023-06-28 12:20:00-04:00,380.94500732421875,380.94500732421875,380.8074951171875,380.82000732421875,939,0.0,0.0,2023-06-28
447,2023-06-28 12:27:00-04:00,380.82501220703125,380.8399963378906,380.69000244140625,380.69000244140625,1095,0.0,0.0,2023-06-28
448,2023-06-28 12:28:00-04:00,380.5450134277344,380.5450134277344,380.5450134277344,380.5450134277344,617,0.0,0.0,2023-06-28
449,2023-06-28 12:32:00-04:00,380.3999938964844,380.3999938964844,380.3999938964844,380.3999938964844,273,0.0,0.0,2023-06-28
450,2023-06-28 12:34:00-04:00,380.489990234375,380.489990234375,380.30999755859375,380.44500732421875,1031,0.0,0.0,2023-06-28
451,2023-06-28 12:35:00-04:00,380.4700012207031,380.4700012207031,380.4700012207031,380.4700012207031,325,0.0,0.0,2023-06-28
452,2023-06-28 12:40:00-04:00,380.4049987792969,380.4049987792969,380.4049987792969,380.4049987792969,492,0.0,0.0,2023-06-28
453,2023-06-28 12:42:00-04:00,380.1199951171875,380.1199951171875,380.1199951171875,380.1199951171875,248,0.0,0.0,2023-06-28
454,2023-06-28 12:43:00-04:00,379.8599853515625,379.8599853515625,379.6700134277344,379.67498779296875,1506,0.0,0.0,2023-06-28
455,2023-06-28 12:46:00-04:00,379.8800048828125,379.8800048828125,379.8800048828125,379.8800048828125,290,0.0,0.0,2023-06-28
456,2023-06-28 12:47:00-04:00,380.0,380.0,380.0,380.0,310,0.0,0.0,2023-06-28
457,2023-06-28 12:48:00-04:00,379.8399963378906,379.8399963378906,379.8399963378906,379.8399963378906,131,0.0,0.0,2023-06-28
458,2023-06-28 12:49:00-04:00,379.75,379.75,379.7200012207031,379.7200012207031,342,0.0,0.0,2023-06-28
459,2023-06-28 12:50:00-04:00,379.69500732421875,379.69500732421875,379.69500732421875,379.69500732421875,200,0.0,0.0,2023-06-28
460,2023-06-28 12:51:00-04:00,379.7099914550781,379.7099914550781,379.7099914550781,379.7099914550781,101,0.0,0.0,2023-06-28
461,2023-06-28 12:52:00-04:00,379.69000244140625,379.69000244140625,379.69000244140625,379.69000244140625,263,0.0,0.0,2023-06-28
462,2023-06-28 12:53:00-04:00,379.5174865722656,379.5174865722656,379.3599853515625,379.3599853515625,615,0.0,0.0,2023-06-28
463,2023-06-28 12:54:00-04:00,379.3500061035156,379.4700012207031,379.3399963378906,379.4700012207031,691,0.0,0.0,2023-06-28
464,2023-06-28 12:57:00-04:00,379.4100036621094,379.5400085449219,379.4100036621094,379.5400085449219,608,0.0,0.0,2023-06-28
465,2023-06-28 12:58:00-04:00,379.4599914550781,379.4599914550781,379.4599914550781,379.4599914550781,297,0.0,0.0,2023-06-28
466,2023-06-28 13:01:00-04:00,379.32000732421875,379.32000732421875,379.2900085449219,379.2900085449219,417,0.0,0.0,2023-06-28
467,2023-06-28 13:02:00-04:00,379.2900085449219,379.2900085449219,379.2850036621094,379.2850036621094,372,0.0,0.0,2023-06-28
468,2023-06-28 13:04:00-04:00,379.5299987792969,379.5299987792969,379.5299987792969,379.5299987792969,101,0.0,0.0,2023-06-28
469,2023-06-28 13:05:00-04:00,379.4599914550781,379.4649963378906,379.4599914550781,379.4649963378906,723,0.0,0.0,2023-06-28
470,2023-06-28 13:09:00-04:00,379.55999755859375,379.55999755859375,379.5249938964844,379.5249938964844,499,0.0,0.0,2023-06-28
471,2023-06-28 13:10:00-04:00,379.45001220703125,379.45001220703125,379.3800048828125,379.3800048828125,1034,0.0,0.0,2023-06-28
472,2023-06-28 13:11:00-04:00,379.6000061035156,379.6700134277344,379.6000061035156,379.6700134277344,468,0.0,0.0,2023-06-28
473,2023-06-28 13:18:00-04:00,379.70001220703125,379.70001220703125,379.70001220703125,379.70001220703125,293,0.0,0.0,2023-06-28
474,2023-06-28 13:21:00-04:00,379.9150085449219,379.9150085449219,379.7799987792969,379.7799987792969,460,0.0,0.0,2023-06-28
475,2023-06-28 13:22:00-04:00,379.9700012207031,379.9700012207031,379.9700012207031,379.9700012207031,284,0.0,0.0,2023-06-28
476,2023-06-28 13:23:00-04:00,379.92999267578125,379.92999267578125,379.92999267578125,379.92999267578125,196,0.0,0.0,2023-06-28
477,2023-06-28 13:24:00-04:00,379.9100036621094,379.9100036621094,379.9100036621094,379.9100036621094,227,0.0,0.0,2023-06-28
478,2023-06-28 13:27:00-04:00,379.82000732421875,379.82000732421875,379.7799987792969,379.7799987792969,913,0.0,0.0,2023-06-28
479,2023-06-28 13:28:00-04:00,379.7699890136719,379.7749938964844,379.7200012207031,379.7749938964844,1441,0.0,0.0,2023-06-28
480,2023-06-28 13:29:00-04:00,379.8999938964844,379.8999938964844,379.8999938964844,379.8999938964844,448,0.0,0.0,2023-06-28
481,2023-06-28 13:31:00-04:00,379.7799987792969,379.7799987792969,379.7799987792969,379.7799987792969,865,0.0,0.0,2023-06-28
482,2023-06-28 13:32:00-04:00,379.6499938964844,379.70001220703125,379.6300048828125,379.6400146484375,1999,0.0,0.0,2023-06-28
483,2023-06-28 13:37:00-04:00,379.6199951171875,379.6199951171875,379.6199951171875,379.6199951171875,697,0.0,0.0,2023-06-28
484,2023-06-28 13:42:00-04:00,379.4599914550781,379.4599914550781,379.4599914550781,379.4599914550781,664,0.0,0.0,2023-06-28
485,2023-06-28 13:46:00-04:00,379.4200134277344,379.44000244140625,379.3500061035156,379.3500061035156,993,0.0,0.0,2023-06-28
486,2023-06-28 13:49:00-04:00,379.2099914550781,379.2099914550781,379.1300048828125,379.1300048828125,964,0.0,0.0,2023-06-28
487,2023-06-28 13:51:00-04:00,378.8999938964844,378.9049987792969,378.8999938964844,378.9049987792969,318,0.0,0.0,2023-06-28
488,2023-06-28 13:53:00-04:00,378.9849853515625,378.9849853515625,378.8900146484375,378.8900146484375,1332,0.0,0.0,2023-06-28
489,2023-06-28 13:54:00-04:00,379.1000061035156,379.1000061035156,379.0150146484375,379.06500244140625,629,0.0,0.0,2023-06-28
490,2023-06-28 13:55:00-04:00,379.1499938964844,379.3550109863281,379.1499938964844,379.3550109863281,1251,0.0,0.0,2023-06-28
491,2023-06-28 13:57:00-04:00,379.1400146484375,379.1400146484375,379.1400146484375,379.1400146484375,177,0.0,0.0,2023-06-28
492,2023-06-28 13:59:00-04:00,379.260009765625,379.260009765625,379.260009765625,379.260009765625,294,0.0,0.0,2023-06-28
493,2023-06-28 14:00:00-04:00,379.260009765625,379.4200134277344,379.260009765625,379.4200134277344,313,0.0,0.0,2023-06-28
494,2023-06-28 14:01:00-04:00,379.5050048828125,379.5050048828125,379.5050048828125,379.5050048828125,186,0.0,0.0,2023-06-28
495,2023-06-28 14:02:00-04:00,379.7550048828125,379.7799987792969,379.7250061035156,379.7250061035156,627,0.0,0.0,2023-06-28
496,2023-06-28 14:03:00-04:00,379.7200012207031,379.7300109863281,379.7200012207031,379.7300109863281,309,0.0,0.0,2023-06-28
497,2023-06-28 14:04:00-04:00,379.5299987792969,379.6400146484375,379.5299987792969,379.6400146484375,671,0.0,0.0,2023-06-28
498,2023-06-28 14:06:00-04:00,379.4599914550781,379.4599914550781,379.4599914550781,379.4599914550781,113,0.0,0.0,2023-06-28
499,2023-06-28 14:07:00-04:00,379.5950012207031,379.5950012207031,379.5950012207031,379.5950012207031,266,0.0,0.0,2023-06-28
500,2023-06-28 14:08:00-04:00,379.7200012207031,379.7275085449219,379.7200012207031,379.7275085449219,448,0.0,0.0,2023-06-28
501,2023-06-28 14:09:00-04:00,379.6650085449219,379.6650085449219,379.6650085449219,379.6650085449219,137,0.0,0.0,2023-06-28
502,2023-06-28 14:12:00-04:00,379.7650146484375,379.7699890136719,379.7650146484375,379.7699890136719,291,0.0,0.0,2023-06-28
503,2023-06-28 14:13:00-04:00,379.6600036621094,379.6600036621094,379.625,379.625,893,0.0,0.0,2023-06-28
504,2023-06-28 14:14:00-04:00,379.6099853515625,379.6099853515625,379.6099853515625,379.6099853515625,313,0.0,0.0,2023-06-28
505,2023-06-28 14:17:00-04:00,379.6099853515625,379.6099853515625,379.5199890136719,379.5199890136719,676,0.0,0.0,2023-06-28
506,2023-06-28 14:19:00-04:00,379.6700134277344,379.739990234375,379.5799865722656,379.739990234375,1467,0.0,0.0,2023-06-28
507,2023-06-28 14:26:00-04:00,379.95001220703125,379.95001220703125,379.95001220703125,379.95001220703125,178,0.0,0.0,2023-06-28
508,2023-06-28 14:27:00-04:00,379.9200134277344,379.9200134277344,379.70001220703125,379.9200134277344,1716,0.0,0.0,2023-06-28
509,2023-06-28 14:30:00-04:00,379.9599914550781,379.9599914550781,379.9599914550781,379.9599914550781,100,0.0,0.0,2023-06-28
510,2023-06-28 14:31:00-04:00,379.8900146484375,380.1099853515625,379.8900146484375,380.1099853515625,1518,0.0,0.0,2023-06-28
511,2023-06-28 14:38:00-04:00,380.04998779296875,380.05499267578125,379.989990234375,380.04998779296875,1620,0.0,0.0,2023-06-28
512,2023-06-28 14:40:00-04:00,380.0,380.0,379.9800109863281,379.9800109863281,597,0.0,0.0,2023-06-28
513,2023-06-28 14:43:00-04:00,379.9800109863281,379.9849853515625,379.9800109863281,379.9800109863281,1298,0.0,0.0,2023-06-28
514,2023-06-28 14:45:00-04:00,379.9700012207031,379.9700012207031,379.9700012207031,379.9700012207031,147,0.0,0.0,2023-06-28
515,2023-06-28 14:46:00-04:00,379.92999267578125,379.92999267578125,379.80999755859375,379.80999755859375,772,0.0,0.0,2023-06-28
516,2023-06-28 14:51:00-04:00,379.7699890136719,379.7699890136719,379.6700134277344,379.6700134277344,2322,0.0,0.0,2023-06-28
517,2023-06-28 14:52:00-04:00,379.8900146484375,379.8900146484375,379.8900146484375,379.8900146484375,392,0.0,0.0,2023-06-28
518,2023-06-28 14:54:00-04:00,379.95001220703125,379.9599914550781,379.95001220703125,379.9599914550781,362,0.0,0.0,2023-06-28
519,2023-06-28 14:55:00-04:00,379.9700012207031,379.9700012207031,379.9700012207031,379.9700012207031,294,0.0,0.0,2023-06-28
520,2023-06-28 14:56:00-04:00,379.9700012207031,380.239990234375,379.9700012207031,380.239990234375,1402,0.0,0.0,2023-06-28
521,2023-06-28 14:58:00-04:00,380.239990234375,380.4100036621094,380.239990234375,380.30499267578125,704,0.0,0.0,2023-06-28
522,2023-06-28 14:59:00-04:00,380.489990234375,380.489990234375,380.489990234375,380.489990234375,354,0.0,0.0,2023-06-28
523,2023-06-28 15:00:00-04:00,380.6099853515625,380.6099853515625,380.6099853515625,380.6099853515625,601,0.0,0.0,2023-06-28
524,2023-06-28 15:01:00-04:00,380.4100036621094,380.4100036621094,380.4100036621094,380.4100036621094,680,0.0,0.0,2023-06-28
525,2023-06-28 15:06:00-04:00,380.1300048828125,380.1650085449219,380.1099853515625,380.1300048828125,766,0.0,0.0,2023-06-28
526,2023-06-28 15:07:00-04:00,380.1300048828125,380.1549987792969,380.1199951171875,380.1549987792969,616,0.0,0.0,2023-06-28
527,2023-06-28 15:08:00-04:00,380.3500061035156,380.44500732421875,380.3500061035156,380.44500732421875,360,0.0,0.0,2023-06-28
528,2023-06-28 15:09:00-04:00,380.32501220703125,380.32501220703125,380.32501220703125,380.32501220703125,737,0.0,0.0,2023-06-28
529,2023-06-28 15:12:00-04:00,380.760009765625,380.760009765625,380.760009765625,380.760009765625,211,0.0,0.0,2023-06-28
530,2023-06-28 15:13:00-04:00,380.8550109863281,380.8550109863281,380.8550109863281,380.8550109863281,359,0.0,0.0,2023-06-28
531,2023-06-28 15:14:00-04:00,380.9599914550781,380.9599914550781,380.9599914550781,380.9599914550781,101,0.0,0.0,2023-06-28
532,2023-06-28 15:15:00-04:00,380.9549865722656,380.9549865722656,380.9549865722656,380.9549865722656,362,0.0,0.0,2023-06-28
533,2023-06-28 15:17:00-04:00,380.9649963378906,380.9649963378906,380.9649963378906,380.9649963378906,385,0.0,0.0,2023-06-28
534,2023-06-28 15:19:00-04:00,381.2349853515625,381.2349853515625,381.2349853515625,381.2349853515625,191,0.0,0.0,2023-06-28
535,2023-06-28 15:20:00-04:00,381.3349914550781,381.3349914550781,381.3349914550781,381.3349914550781,448,0.0,0.0,2023-06-28
536,2023-06-28 15:23:00-04:00,381.0899963378906,381.1600036621094,381.0899963378906,381.1600036621094,479,0.0,0.0,2023-06-28
537,2023-06-28 15:25:00-04:00,381.010009765625,381.0450134277344,380.8900146484375,380.8900146484375,904,0.0,0.0,2023-06-28
538,2023-06-28 15:27:00-04:00,380.6600036621094,380.6600036621094,380.5150146484375,380.5150146484375,532,0.0,0.0,2023-06-28
539,2023-06-28 15:28:00-04:00,380.5400085449219,380.5400085449219,380.5400085449219,380.5400085449219,433,0.0,0.0,2023-06-28
540,2023-06-28 15:30:00-04:00,380.4100036621094,380.4100036621094,380.4100036621094,380.4100036621094,504,0.0,0.0,2023-06-28
541,2023-06-28 15:31:00-04:00,380.29998779296875,380.5,380.260009765625,380.5,2036,0.0,0.0,2023-06-28
542,2023-06-28 15:32:00-04:00,380.55999755859375,380.55999755859375,380.55999755859375,380.55999755859375,108,0.0,0.0,2023-06-28
543,2023-06-28 15:33:00-04:00,380.5249938964844,380.5249938964844,380.5249938964844,380.5249938964844,189,0.0,0.0,2023-06-28
544,2023-06-28 15:34:00-04:00,380.5299987792969,380.5450134277344,380.5299987792969,380.5450134277344,579,0.0,0.0,2023-06-28
545,2023-06-28 15:36:00-04:00,380.3599853515625,380.3900146484375,380.3599853515625,380.3900146484375,419,0.0,0.0,2023-06-28
546,2023-06-28 15:37:00-04:00,380.3399963378906,380.3500061035156,380.17999267578125,380.17999267578125,1232,0.0,0.0,2023-06-28
547,2023-06-28 15:39:00-04:00,380.19500732421875,380.19500732421875,380.0199890136719,380.1400146484375,2239,0.0,0.0,2023-06-28
548,2023-06-28 15:40:00-04:00,380.1499938964844,380.1499938964844,380.1099853515625,380.1099853515625,544,0.0,0.0,2023-06-28
549,2023-06-28 15:41:00-04:00,380.19000244140625,380.19000244140625,380.19000244140625,380.19000244140625,243,0.0,0.0,2023-06-28
550,2023-06-28 15:42:00-04:00,380.2200012207031,380.2200012207031,380.2200012207031,380.2200012207031,335,0.0,0.0,2023-06-28
551,2023-06-28 15:43:00-04:00,380.1600036621094,380.1600036621094,380.1600036621094,380.1600036621094,330,0.0,0.0,2023-06-28
552,2023-06-28 15:44:00-04:00,380.05999755859375,380.1600036621094,379.989990234375,380.1000061035156,965,0.0,0.0,2023-06-28
553,2023-06-28 15:45:00-04:00,380.0950012207031,380.0950012207031,380.0950012207031,380.0950012207031,531,0.0,0.0,2023-06-28
554,2023-06-28 15:46:00-04:00,380.0199890136719,380.0299987792969,379.9800109863281,380.0299987792969,1288,0.0,0.0,2023-06-28
555,2023-06-28 15:47:00-04:00,380.0899963378906,380.2250061035156,380.0899963378906,380.19000244140625,1600,0.0,0.0,2023-06-28
556,2023-06-28 15:48:00-04:00,380.20001220703125,380.20001220703125,380.20001220703125,380.20001220703125,153,0.0,0.0,2023-06-28
557,2023-06-28 15:49:00-04:00,380.19500732421875,380.19500732421875,380.17999267578125,380.17999267578125,875,0.0,0.0,2023-06-28
558,2023-06-28 15:50:00-04:00,380.1499938964844,380.30499267578125,380.1499938964844,380.30499267578125,768,0.0,0.0,2023-06-28
559,2023-06-28 15:51:00-04:00,380.6050109863281,380.6050109863281,380.3900146484375,380.4100036621094,3083,0.0,0.0,2023-06-28
560,2023-06-28 15:52:00-04:00,380.3949890136719,380.54998779296875,380.3949890136719,380.54998779296875,2650,0.0,0.0,2023-06-28
561,2023-06-28 15:53:00-04:00,380.5299987792969,380.5299987792969,380.3900146484375,380.42999267578125,2494,0.0,0.0,2023-06-28
562,2023-06-28 15:54:00-04:00,380.4700012207031,380.4750061035156,380.2099914550781,380.25,6727,0.0,0.0,2023-06-28
563,2023-06-28 15:55:00-04:00,380.30499267578125,380.30499267578125,380.20001220703125,380.20001220703125,1121,0.0,0.0,2023-06-28
564,2023-06-28 15:56:00-04:00,380.2099914550781,380.3924865722656,380.19000244140625,380.3924865722656,5704,0.0,0.0,2023-06-28
565,2023-06-28 15:57:00-04:00,380.3399963378906,380.4049987792969,380.2900085449219,380.2900085449219,2350,0.0,0.0,2023-06-28
566,2023-06-28 15:58:00-04:00,380.3500061035156,380.510009765625,380.3450012207031,380.4649963378906,3064,0.0,0.0,2023-06-28
567,2023-06-28 15:59:00-04:00,380.42498779296875,380.6099853515625,380.1099853515625,380.510009765625,16395,0.0,0.0,2023-06-28
568,2023-06-29 09:30:00-04:00,379.17999267578125,379.42999267578125,379.17999267578125,379.42999267578125,0,0.0,0.0,2023-06-29
569,2023-06-29 09:31:00-04:00,379.3999938964844,379.3999938964844,379.3999938964844,379.3999938964844,414,0.0,0.0,2023-06-29
570,2023-06-29 09:39:00-04:00,379.8900146484375,379.8900146484375,379.8900146484375,379.8900146484375,385,0.0,0.0,2023-06-29
571,2023-06-29 09:44:00-04:00,379.3299865722656,381.3699951171875,379.3299865722656,380.2099914550781,1228,0.0,0.0,2023-06-29
572,2023-06-29 09:53:00-04:00,381.5799865722656,382.04998779296875,381.3949890136719,382.04998779296875,1352,0.0,0.0,2023-06-29
573,2023-06-29 09:54:00-04:00,381.5199890136719,381.7300109863281,381.5199890136719,381.7300109863281,467,0.0,0.0,2023-06-29
574,2023-06-29 09:55:00-04:00,381.739990234375,382.489990234375,381.739990234375,381.75,1155,0.0,0.0,2023-06-29
575,2023-06-29 09:58:00-04:00,381.9100036621094,382.19000244140625,381.760009765625,381.9700012207031,1300,0.0,0.0,2023-06-29
576,2023-06-29 10:00:00-04:00,382.3450012207031,382.3450012207031,382.0299987792969,382.0299987792969,657,0.0,0.0,2023-06-29
577,2023-06-29 10:07:00-04:00,381.5450134277344,381.5450134277344,380.8900146484375,380.8900146484375,1122,0.0,0.0,2023-06-29
578,2023-06-29 10:08:00-04:00,381.45001220703125,381.7099914550781,381.45001220703125,381.7099914550781,305,0.0,0.0,2023-06-29
579,2023-06-29 10:09:00-04:00,381.8999938964844,381.8999938964844,381.8999938964844,381.8999938964844,503,0.0,0.0,2023-06-29
580,2023-06-29 10:11:00-04:00,382.489990234375,382.489990234375,382.489990234375,382.489990234375,722,0.0,0.0,2023-06-29
581,2023-06-29 10:18:00-04:00,382.70001220703125,382.70001220703125,382.70001220703125,382.70001220703125,289,0.0,0.0,2023-06-29
582,2023-06-29 10:20:00-04:00,383.0350036621094,383.0350036621094,383.0350036621094,383.0350036621094,388,0.0,0.0,2023-06-29
583,2023-06-29 10:23:00-04:00,382.9700012207031,382.9700012207031,382.9700012207031,382.9700012207031,386,0.0,0.0,2023-06-29
584,2023-06-29 10:25:00-04:00,382.6600036621094,382.6600036621094,382.510009765625,382.510009765625,845,0.0,0.0,2023-06-29
585,2023-06-29 10:26:00-04:00,382.3299865722656,382.489990234375,382.3299865722656,382.489990234375,627,0.0,0.0,2023-06-29
586,2023-06-29 10:34:00-04:00,382.4750061035156,382.4750061035156,382.4750061035156,382.4750061035156,2757,0.0,0.0,2023-06-29
587,2023-06-29 10:35:00-04:00,382.4599914550781,382.4599914550781,382.1549987792969,382.1549987792969,336,0.0,0.0,2023-06-29
588,2023-06-29 10:37:00-04:00,381.6099853515625,381.9800109863281,381.6099853515625,381.93499755859375,710,0.0,0.0,2023-06-29
589,2023-06-29 10:39:00-04:00,382.19000244140625,382.19000244140625,381.92999267578125,381.92999267578125,1622,0.0,0.0,2023-06-29
590,2023-06-29 10:42:00-04:00,382.17999267578125,382.17999267578125,382.17999267578125,382.17999267578125,873,0.0,0.0,2023-06-29
591,2023-06-29 10:47:00-04:00,381.3900146484375,381.3900146484375,381.3900146484375,381.3900146484375,139,0.0,0.0,2023-06-29
592,2023-06-29 10:48:00-04:00,381.2950134277344,381.2950134277344,381.2950134277344,381.2950134277344,783,0.0,0.0,2023-06-29
593,2023-06-29 10:49:00-04:00,381.8999938964844,381.8999938964844,381.6400146484375,381.6400146484375,883,0.0,0.0,2023-06-29
594,2023-06-29 10:53:00-04:00,381.7749938964844,381.989990234375,381.7749938964844,381.7749938964844,1146,0.0,0.0,2023-06-29
595,2023-06-29 11:06:00-04:00,382.1033935546875,382.1033935546875,382.1033935546875,382.1033935546875,164,0.0,0.0,2023-06-29
596,2023-06-29 11:08:00-04:00,382.07000732421875,382.239990234375,382.07000732421875,382.239990234375,480,0.0,0.0,2023-06-29
597,2023-06-29 11:10:00-04:00,382.06500244140625,382.06500244140625,382.06500244140625,382.06500244140625,221,0.0,0.0,2023-06-29
598,2023-06-29 11:12:00-04:00,382.2250061035156,382.2900085449219,382.2250061035156,382.2900085449219,306,0.0,0.0,2023-06-29
599,2023-06-29 11:13:00-04:00,382.2850036621094,382.2850036621094,382.2850036621094,382.2850036621094,284,0.0,0.0,2023-06-29
600,2023-06-29 11:15:00-04:00,382.55999755859375,382.57501220703125,382.4949951171875,382.4949951171875,631,0.0,0.0,2023-06-29
601,2023-06-29 11:16:00-04:00,382.5350036621094,382.5350036621094,382.5350036621094,382.5350036621094,217,0.0,0.0,2023-06-29
602,2023-06-29 11:17:00-04:00,382.6000061035156,382.6000061035156,382.6000061035156,382.6000061035156,350,0.0,0.0,2023-06-29
603,2023-06-29 11:19:00-04:00,382.260009765625,382.3999938964844,382.0,382.0,1278,0.0,0.0,2023-06-29
604,2023-06-29 11:21:00-04:00,381.94000244140625,381.94000244140625,381.94000244140625,381.94000244140625,127,0.0,0.0,2023-06-29
605,2023-06-29 11:22:00-04:00,382.0950012207031,382.0950012207031,382.0950012207031,382.0950012207031,100,0.0,0.0,2023-06-29
606,2023-06-29 11:23:00-04:00,382.18499755859375,382.18499755859375,382.18499755859375,382.18499755859375,316,0.0,0.0,2023-06-29
607,2023-06-29 11:30:00-04:00,382.2349853515625,382.2349853515625,382.2349853515625,382.2349853515625,394,0.0,0.0,2023-06-29
608,2023-06-29 11:36:00-04:00,382.0,382.0,381.9800109863281,381.9800109863281,698,0.0,0.0,2023-06-29
609,2023-06-29 11:39:00-04:00,382.25,382.25,381.875,382.0199890136719,525,0.0,0.0,2023-06-29
610,2023-06-29 11:40:00-04:00,382.0350036621094,382.0350036621094,381.510009765625,381.510009765625,1310,0.0,0.0,2023-06-29
611,2023-06-29 11:43:00-04:00,381.7250061035156,381.7250061035156,381.3999938964844,381.3999938964844,738,0.0,0.0,2023-06-29
612,2023-06-29 11:48:00-04:00,381.239990234375,381.239990234375,380.6300048828125,380.67999267578125,646,0.0,0.0,2023-06-29
613,2023-06-29 11:49:00-04:00,380.7099914550781,380.7349853515625,380.7099914550781,380.7349853515625,294,0.0,0.0,2023-06-29
614,2023-06-29 11:50:00-04:00,380.6400146484375,380.6400146484375,380.6400146484375,380.6400146484375,178,0.0,0.0,2023-06-29
615,2023-06-29 11:51:00-04:00,381.0299987792969,381.0299987792969,380.6400146484375,380.6400146484375,865,0.0,0.0,2023-06-29
616,2023-06-29 11:53:00-04:00,381.4100036621094,381.6600036621094,381.25,381.6600036621094,1661,0.0,0.0,2023-06-29
617,2023-06-29 11:54:00-04:00,381.2699890136719,381.54998779296875,381.0899963378906,381.17498779296875,2167,0.0,0.0,2023-06-29
618,2023-06-29 11:55:00-04:00,380.79998779296875,380.79998779296875,380.79998779296875,380.79998779296875,395,0.0,0.0,2023-06-29
619,2023-06-29 12:00:00-04:00,381.1099853515625,381.1099853515625,381.1099853515625,381.1099853515625,330,0.0,0.0,2023-06-29
620,2023-06-29 12:03:00-04:00,381.0199890136719,381.0199890136719,381.0199890136719,381.0199890136719,421,0.0,0.0,2023-06-29
621,2023-06-29 12:04:00-04:00,380.8299865722656,380.8299865722656,380.6300048828125,380.6300048828125,1772,0.0,0.0,2023-06-29
622,2023-06-29 12:08:00-04:00,380.8699951171875,380.9599914550781,380.8699951171875,380.9599914550781,382,0.0,0.0,2023-06-29
623,2023-06-29 12:09:00-04:00,381.1700134277344,381.1700134277344,381.1700134277344,381.1700134277344,200,0.0,0.0,2023-06-29
624,2023-06-29 12:12:00-04:00,381.30499267578125,381.30499267578125,381.30499267578125,381.30499267578125,1640,0.0,0.0,2023-06-29
625,2023-06-29 12:26:00-04:00,381.7449951171875,381.7449951171875,381.7449951171875,381.7449951171875,625,0.0,0.0,2023-06-29
626,2023-06-29 12:33:00-04:00,382.010009765625,382.135009765625,381.94000244140625,382.135009765625,588,0.0,0.0,2023-06-29
627,2023-06-29 12:34:00-04:00,381.9200134277344,381.9200134277344,381.8699951171875,381.8699951171875,909,0.0,0.0,2023-06-29
628,2023-06-29 12:35:00-04:00,381.75,381.82000732421875,381.7099914550781,381.82000732421875,813,0.0,0.0,2023-06-29
629,2023-06-29 12:39:00-04:00,381.82000732421875,381.82000732421875,381.82000732421875,381.82000732421875,719,0.0,0.0,2023-06-29
630,2023-06-29 12:47:00-04:00,382.0,382.3399963378906,381.5899963378906,381.5899963378906,2978,0.0,0.0,2023-06-29
631,2023-06-29 12:54:00-04:00,381.9200134277344,382.1050109863281,381.9200134277344,382.1050109863281,524,0.0,0.0,2023-06-29
632,2023-06-29 12:57:00-04:00,381.5899963378906,381.69500732421875,381.5899963378906,381.69500732421875,833,0.0,0.0,2023-06-29
633,2023-06-29 12:58:00-04:00,381.4200134277344,381.4200134277344,381.4200134277344,381.4200134277344,506,0.0,0.0,2023-06-29
634,2023-06-29 13:01:00-04:00,381.2650146484375,381.2650146484375,381.2650146484375,381.2650146484375,261,0.0,0.0,2023-06-29
635,2023-06-29 13:05:00-04:00,381.19000244140625,381.19000244140625,380.9599914550781,381.0400085449219,582,0.0,0.0,2023-06-29
636,2023-06-29 13:06:00-04:00,380.8550109863281,380.8550109863281,380.8550109863281,380.8550109863281,443,0.0,0.0,2023-06-29
637,2023-06-29 13:09:00-04:00,381.30999755859375,381.4800109863281,380.8699951171875,380.8699951171875,2352,0.0,0.0,2023-06-29
638,2023-06-29 13:14:00-04:00,381.29998779296875,381.29998779296875,381.29998779296875,381.29998779296875,169,0.0,0.0,2023-06-29
639,2023-06-29 13:15:00-04:00,381.4599914550781,381.4599914550781,381.4599914550781,381.4599914550781,666,0.0,0.0,2023-06-29
640,2023-06-29 13:23:00-04:00,381.79998779296875,381.79998779296875,381.79998779296875,381.79998779296875,119,0.0,0.0,2023-06-29
641,2023-06-29 13:24:00-04:00,381.7449951171875,381.7449951171875,381.7449951171875,381.7449951171875,111,0.0,0.0,2023-06-29
642,2023-06-29 13:26:00-04:00,381.42999267578125,381.6600036621094,381.4150085449219,381.6600036621094,685,0.0,0.0,2023-06-29
643,2023-06-29 13:32:00-04:00,381.67999267578125,381.79998779296875,381.67999267578125,381.79998779296875,498,0.0,0.0,2023-06-29
644,2023-06-29 13:33:00-04:00,381.760009765625,381.760009765625,381.760009765625,381.760009765625,236,0.0,0.0,2023-06-29
645,2023-06-29 13:36:00-04:00,381.7300109863281,381.7300109863281,381.7300109863281,381.7300109863281,102,0.0,0.0,2023-06-29
646,2023-06-29 13:37:00-04:00,381.7300109863281,381.7300109863281,381.7300109863281,381.7300109863281,795,0.0,0.0,2023-06-29
647,2023-06-29 13:38:00-04:00,381.3299865722656,381.3299865722656,381.3299865722656,381.3299865722656,156,0.0,0.0,2023-06-29
648,2023-06-29 13:40:00-04:00,381.4200134277344,381.5350036621094,381.4200134277344,381.5350036621094,529,0.0,0.0,2023-06-29
649,2023-06-29 13:42:00-04:00,381.6400146484375,381.6400146484375,381.6400146484375,381.6400146484375,321,0.0,0.0,2023-06-29
650,2023-06-29 13:43:00-04:00,381.3299865722656,381.3299865722656,381.2699890136719,381.32000732421875,830,0.0,0.0,2023-06-29
651,2023-06-29 13:46:00-04:00,381.1000061035156,381.1000061035156,380.8699951171875,380.8699951171875,992,0.0,0.0,2023-06-29
652,2023-06-29 13:48:00-04:00,380.9700012207031,380.9700012207031,380.9700012207031,380.9700012207031,141,0.0,0.0,2023-06-29
653,2023-06-29 13:50:00-04:00,380.8949890136719,380.8949890136719,380.8949890136719,380.8949890136719,117,0.0,0.0,2023-06-29
654,2023-06-29 13:52:00-04:00,381.0400085449219,381.0400085449219,381.0400085449219,381.0400085449219,962,0.0,0.0,2023-06-29
655,2023-06-29 13:55:00-04:00,381.2650146484375,381.2650146484375,381.2650146484375,381.2650146484375,150,0.0,0.0,2023-06-29
656,2023-06-29 13:56:00-04:00,381.0799865722656,381.2200012207031,381.0799865722656,381.2200012207031,708,0.0,0.0,2023-06-29
657,2023-06-29 13:57:00-04:00,381.0799865722656,381.0799865722656,380.45001220703125,380.45001220703125,2850,0.0,0.0,2023-06-29
658,2023-06-29 13:58:00-04:00,380.2200012207031,380.2200012207031,379.94000244140625,379.94000244140625,307,0.0,0.0,2023-06-29
659,2023-06-29 13:59:00-04:00,380.0950012207031,380.0950012207031,379.75,379.75,857,0.0,0.0,2023-06-29
660,2023-06-29 14:01:00-04:00,380.17999267578125,380.17999267578125,380.17999267578125,380.17999267578125,377,0.0,0.0,2023-06-29
661,2023-06-29 14:03:00-04:00,380.0799865722656,380.0799865722656,379.55999755859375,379.57000732421875,1450,0.0,0.0,2023-06-29
662,2023-06-29 14:04:00-04:00,379.54998779296875,380.04998779296875,379.54998779296875,380.04998779296875,1103,0.0,0.0,2023-06-29
663,2023-06-29 14:06:00-04:00,379.7200012207031,379.7200012207031,379.7200012207031,379.7200012207031,319,0.0,0.0,2023-06-29
664,2023-06-29 14:08:00-04:00,379.92999267578125,379.92999267578125,379.8800048828125,379.9100036621094,321,0.0,0.0,2023-06-29
665,2023-06-29 14:09:00-04:00,380.1199951171875,380.1600036621094,380.1199951171875,380.1600036621094,868,0.0,0.0,2023-06-29
666,2023-06-29 14:12:00-04:00,380.0150146484375,380.0150146484375,380.0150146484375,380.0150146484375,309,0.0,0.0,2023-06-29
667,2023-06-29 14:15:00-04:00,380.18499755859375,380.2300109863281,380.18499755859375,380.2300109863281,491,0.0,0.0,2023-06-29
668,2023-06-29 14:16:00-04:00,380.2300109863281,380.2300109863281,380.2300109863281,380.2300109863281,548,0.0,0.0,2023-06-29
669,2023-06-29 14:17:00-04:00,380.3399963378906,380.4100036621094,380.1400146484375,380.18499755859375,1162,0.0,0.0,2023-06-29
670,2023-06-29 14:18:00-04:00,380.18499755859375,380.18499755859375,380.18499755859375,380.18499755859375,343,0.0,0.0,2023-06-29
671,2023-06-29 14:21:00-04:00,380.4100036621094,380.42999267578125,380.4100036621094,380.42999267578125,701,0.0,0.0,2023-06-29
672,2023-06-29 14:22:00-04:00,380.5899963378906,380.5899963378906,380.29998779296875,380.29998779296875,343,0.0,0.0,2023-06-29
673,2023-06-29 14:23:00-04:00,380.6199951171875,380.6199951171875,380.6199951171875,380.6199951171875,145,0.0,0.0,2023-06-29
674,2023-06-29 14:25:00-04:00,380.42498779296875,380.42498779296875,380.42498779296875,380.42498779296875,101,0.0,0.0,2023-06-29
675,2023-06-29 14:26:00-04:00,380.5400085449219,380.6000061035156,380.5400085449219,380.6000061035156,421,0.0,0.0,2023-06-29
676,2023-06-29 14:27:00-04:00,380.2699890136719,380.8399963378906,380.2699890136719,380.510009765625,2978,0.0,0.0,2023-06-29
677,2023-06-29 14:28:00-04:00,380.5199890136719,380.5400085449219,380.04998779296875,380.239990234375,2798,0.0,0.0,2023-06-29
678,2023-06-29 14:29:00-04:00,380.2300109863281,380.2300109863281,380.04998779296875,380.04998779296875,728,0.0,0.0,2023-06-29
679,2023-06-29 14:30:00-04:00,380.0400085449219,380.04998779296875,379.9700012207031,379.9700012207031,919,0.0,0.0,2023-06-29
680,2023-06-29 14:31:00-04:00,379.94000244140625,379.94500732421875,379.94000244140625,379.94500732421875,467,0.0,0.0,2023-06-29
681,2023-06-29 14:33:00-04:00,379.75,379.94000244140625,379.75,379.94000244140625,555,0.0,0.0,2023-06-29
682,2023-06-29 14:34:00-04:00,379.94000244140625,380.0199890136719,379.75,380.0199890136719,2307,0.0,0.0,2023-06-29
683,2023-06-29 14:35:00-04:00,379.9200134277344,380.0899963378906,379.9200134277344,380.0899963378906,999,0.0,0.0,2023-06-29
684,2023-06-29 14:36:00-04:00,379.94500732421875,379.94500732421875,379.94500732421875,379.94500732421875,258,0.0,0.0,2023-06-29
685,2023-06-29 14:39:00-04:00,380.1300048828125,380.1300048828125,380.1300048828125,380.1300048828125,401,0.0,0.0,2023-06-29
686,2023-06-29 14:40:00-04:00,380.1650085449219,380.1650085449219,380.1650085449219,380.1650085449219,651,0.0,0.0,2023-06-29
687,2023-06-29 14:42:00-04:00,379.8900146484375,379.8900146484375,379.8900146484375,379.8900146484375,306,0.0,0.0,2023-06-29
688,2023-06-29 14:43:00-04:00,380.0199890136719,380.0199890136719,379.8299865722656,380.0,1088,0.0,0.0,2023-06-29
689,2023-06-29 14:45:00-04:00,380.32501220703125,380.3999938964844,380.32501220703125,380.3999938964844,567,0.0,0.0,2023-06-29
690,2023-06-29 14:46:00-04:00,380.2250061035156,380.2250061035156,380.2250061035156,380.2250061035156,329,0.0,0.0,2023-06-29
691,2023-06-29 14:47:00-04:00,380.2225036621094,380.2225036621094,380.2225036621094,380.2225036621094,290,0.0,0.0,2023-06-29
692,2023-06-29 14:48:00-04:00,380.3999938964844,380.5400085449219,380.3999938964844,380.5400085449219,752,0.0,0.0,2023-06-29
693,2023-06-29 14:49:00-04:00,380.3999938964844,380.3999938964844,380.3999938964844,380.3999938964844,439,0.0,0.0,2023-06-29
694,2023-06-29 14:50:00-04:00,380.1600036621094,380.1600036621094,380.04998779296875,380.04998779296875,1173,0.0,0.0,2023-06-29
695,2023-06-29 14:51:00-04:00,380.260009765625,380.260009765625,380.260009765625,380.260009765625,474,0.0,0.0,2023-06-29
696,2023-06-29 14:52:00-04:00,380.3900146484375,380.3999938964844,380.3900146484375,380.3999938964844,325,0.0,0.0,2023-06-29
697,2023-06-29 14:55:00-04:00,380.67999267578125,380.67999267578125,380.67999267578125,380.67999267578125,399,0.0,0.0,2023-06-29
698,2023-06-29 14:59:00-04:00,380.7099914550781,380.7099914550781,380.7099914550781,380.7099914550781,379,0.0,0.0,2023-06-29
699,2023-06-29 15:02:00-04:00,380.8399963378906,380.95001220703125,380.8399963378906,380.95001220703125,751,0.0,0.0,2023-06-29
700,2023-06-29 15:03:00-04:00,380.9800109863281,380.9800109863281,380.9800109863281,380.9800109863281,490,0.0,0.0,2023-06-29
701,2023-06-29 15:07:00-04:00,380.760009765625,380.9599914550781,380.760009765625,380.9599914550781,428,0.0,0.0,2023-06-29
702,2023-06-29 15:10:00-04:00,381.1099853515625,381.1099853515625,381.1099853515625,381.1099853515625,403,0.0,0.0,2023-06-29
703,2023-06-29 15:15:00-04:00,380.95001220703125,381.1400146484375,380.95001220703125,381.1400146484375,717,0.0,0.0,2023-06-29
704,2023-06-29 15:16:00-04:00,381.2099914550781,381.2099914550781,381.2099914550781,381.2099914550781,396,0.0,0.0,2023-06-29
705,2023-06-29 15:21:00-04:00,381.3550109863281,381.3550109863281,381.3550109863281,381.3550109863281,393,0.0,0.0,2023-06-29
706,2023-06-29 15:22:00-04:00,381.2099914550781,381.2799987792969,381.2049865722656,381.2049865722656,773,0.0,0.0,2023-06-29
707,2023-06-29 15:23:00-04:00,381.0400085449219,381.04998779296875,381.0400085449219,381.04998779296875,543,0.0,0.0,2023-06-29
708,2023-06-29 15:24:00-04:00,381.0,381.0,381.0,381.0,187,0.0,0.0,2023-06-29
709,2023-06-29 15:27:00-04:00,381.0299987792969,381.0299987792969,381.0299987792969,381.0299987792969,153,0.0,0.0,2023-06-29
710,2023-06-29 15:28:00-04:00,381.20001220703125,381.2799987792969,381.20001220703125,381.2799987792969,1149,0.0,0.0,2023-06-29
711,2023-06-29 15:29:00-04:00,381.2900085449219,381.2900085449219,381.2900085449219,381.2900085449219,134,0.0,0.0,2023-06-29
712,2023-06-29 15:30:00-04:00,381.2250061035156,381.2300109863281,381.2250061035156,381.2300109863281,1051,0.0,0.0,2023-06-29
713,2023-06-29 15:31:00-04:00,381.2950134277344,381.2950134277344,381.2950134277344,381.2950134277344,291,0.0,0.0,2023-06-29
714,2023-06-29 15:32:00-04:00,381.375,381.4700012207031,381.375,381.4700012207031,351,0.0,0.0,2023-06-29
715,2023-06-29 15:33:00-04:00,381.3500061035156,381.3500061035156,381.2699890136719,381.30499267578125,1107,0.0,0.0,2023-06-29
716,2023-06-29 15:34:00-04:00,381.1686096191406,381.1686096191406,381.0400085449219,381.06500244140625,1053,0.0,0.0,2023-06-29
717,2023-06-29 15:35:00-04:00,381.0799865722656,381.0799865722656,380.5299987792969,380.75,6107,0.0,0.0,2023-06-29
718,2023-06-29 15:36:00-04:00,380.75,380.82501220703125,380.5799865722656,380.5799865722656,1525,0.0,0.0,2023-06-29
719,2023-06-29 15:37:00-04:00,380.5400085449219,380.5400085449219,380.5400085449219,380.5400085449219,299,0.0,0.0,2023-06-29
720,2023-06-29 15:38:00-04:00,380.3999938964844,380.4700012207031,380.3999938964844,380.4700012207031,401,0.0,0.0,2023-06-29
721,2023-06-29 15:39:00-04:00,380.3800048828125,380.44000244140625,380.3299865722656,380.3299865722656,1954,0.0,0.0,2023-06-29
722,2023-06-29 15:41:00-04:00,380.42999267578125,380.42999267578125,380.4150085449219,380.4150085449219,581,0.0,0.0,2023-06-29
723,2023-06-29 15:42:00-04:00,380.4150085449219,380.4150085449219,380.260009765625,380.3500061035156,720,0.0,0.0,2023-06-29
724,2023-06-29 15:43:00-04:00,380.25,380.3800048828125,380.25,380.3800048828125,574,0.0,0.0,2023-06-29
725,2023-06-29 15:44:00-04:00,380.5150146484375,380.5199890136719,380.45001220703125,380.45001220703125,322,0.0,0.0,2023-06-29
726,2023-06-29 15:45:00-04:00,380.6600036621094,380.6700134277344,380.5849914550781,380.5849914550781,466,0.0,0.0,2023-06-29
727,2023-06-29 15:46:00-04:00,380.30999755859375,380.54998779296875,380.30999755859375,380.54998779296875,566,0.0,0.0,2023-06-29
728,2023-06-29 15:47:00-04:00,380.5450134277344,380.75,380.5450134277344,380.75,1398,0.0,0.0,2023-06-29
729,2023-06-29 15:48:00-04:00,380.54998779296875,380.6499938964844,380.2099914550781,380.2799987792969,6457,0.0,0.0,2023-06-29
730,2023-06-29 15:49:00-04:00,380.2825012207031,380.3299865722656,379.989990234375,379.989990234375,2606,0.0,0.0,2023-06-29
731,2023-06-29 15:50:00-04:00,380.0,380.20001220703125,380.0,380.1499938964844,6138,0.0,0.0,2023-06-29
732,2023-06-29 15:51:00-04:00,380.1499938964844,380.3299865722656,379.92999267578125,379.989990234375,11365,0.0,0.0,2023-06-29
733,2023-06-29 15:52:00-04:00,380.1400146484375,380.1449890136719,380.010009765625,380.0849914550781,2029,0.0,0.0,2023-06-29
734,2023-06-29 15:53:00-04:00,380.1499938964844,380.5050048828125,380.1499938964844,380.5050048828125,2795,0.0,0.0,2023-06-29
735,2023-06-29 15:54:00-04:00,380.5400085449219,380.5400085449219,380.239990234375,380.239990234375,3442,0.0,0.0,2023-06-29
736,2023-06-29 15:55:00-04:00,380.25,380.43499755859375,380.25,380.3399963378906,1966,0.0,0.0,2023-06-29
737,2023-06-29 15:56:00-04:00,380.3800048828125,380.5199890136719,380.30999755859375,380.5199890136719,3479,0.0,0.0,2023-06-29
738,2023-06-29 15:57:00-04:00,380.5400085449219,380.57000732421875,379.92999267578125,379.9800109863281,9624,0.0,0.0,2023-06-29
739,2023-06-29 15:58:00-04:00,379.8999938964844,380.43499755859375,379.8999938964844,380.1199951171875,7106,0.0,0.0,2023-06-29
740,2023-06-29 15:59:00-04:00,380.20001220703125,380.20001220703125,379.9200134277344,380.05999755859375,24327,0.0,0.0,2023-06-29
741,2023-06-30 09:30:00-04:00,383.9800109863281,383.9800109863281,383.9800109863281,383.9800109863281,2000,0.0,0.0,2023-06-30
742,2023-06-30 09:32:00-04:00,383.2550048828125,383.4549865722656,383.2099914550781,383.4549865722656,526,0.0,0.0,2023-06-30
743,2023-06-30 09:35:00-04:00,383.6449890136719,383.6449890136719,383.6449890136719,383.6449890136719,325,0.0,0.0,2023-06-30
744,2023-06-30 09:40:00-04:00,383.5050048828125,383.6000061035156,382.5,383.5199890136719,1147,0.0,0.0,2023-06-30
745,2023-06-30 09:42:00-04:00,383.2200012207031,383.7149963378906,383.1000061035156,383.18499755859375,916,0.0,0.0,2023-06-30
746,2023-06-30 09:45:00-04:00,383.2749938964844,383.75,383.2749938964844,383.75,423,0.0,0.0,2023-06-30
747,2023-06-30 09:46:00-04:00,383.989990234375,384.1499938964844,383.7099914550781,384.1050109863281,835,0.0,0.0,2023-06-30
748,2023-06-30 09:47:00-04:00,383.8999938964844,383.8999938964844,383.8999938964844,383.8999938964844,161,0.0,0.0,2023-06-30
749,2023-06-30 09:48:00-04:00,384.1424865722656,384.1424865722656,384.05999755859375,384.1400146484375,318,0.0,0.0,2023-06-30
750,2023-06-30 09:49:00-04:00,384.1925048828125,384.20001220703125,383.7699890136719,384.1400146484375,945,0.0,0.0,2023-06-30
751,2023-06-30 09:50:00-04:00,383.5400085449219,383.5400085449219,383.510009765625,383.510009765625,1025,0.0,0.0,2023-06-30
752,2023-06-30 09:58:00-04:00,381.7215881347656,381.7215881347656,381.7215881347656,381.7215881347656,214,0.0,0.0,2023-06-30
753,2023-06-30 10:00:00-04:00,382.2250061035156,383.0249938964844,380.6300048828125,383.0249938964844,1091,0.0,0.0,2023-06-30
754,2023-06-30 10:01:00-04:00,382.6600036621094,382.6600036621094,382.3500061035156,382.3500061035156,656,0.0,0.0,2023-06-30
755,2023-06-30 10:02:00-04:00,382.4100036621094,382.6600036621094,382.3550109863281,382.44500732421875,1060,0.0,0.0,2023-06-30
756,2023-06-30 10:03:00-04:00,382.04998779296875,382.04998779296875,381.8299865722656,381.8299865722656,1250,0.0,0.0,2023-06-30
757,2023-06-30 10:04:00-04:00,382.1424865722656,382.1424865722656,382.1424865722656,382.1424865722656,527,0.0,0.0,2023-06-30
758,2023-06-30 10:05:00-04:00,382.05499267578125,382.20001220703125,381.9599914550781,381.9599914550781,1503,0.0,0.0,2023-06-30
759,2023-06-30 10:06:00-04:00,381.989990234375,382.3900146484375,381.67999267578125,382.04998779296875,2015,0.0,0.0,2023-06-30
760,2023-06-30 10:09:00-04:00,382.32000732421875,382.4049987792969,382.32000732421875,382.4049987792969,862,0.0,0.0,2023-06-30
761,2023-06-30 10:11:00-04:00,382.1300048828125,382.2674865722656,382.1199951171875,382.2674865722656,736,0.0,0.0,2023-06-30
762,2023-06-30 10:12:00-04:00,382.05999755859375,382.05999755859375,382.05999755859375,382.05999755859375,776,0.0,0.0,2023-06-30
763,2023-06-30 10:15:00-04:00,381.92999267578125,381.92999267578125,381.92999267578125,381.92999267578125,337,0.0,0.0,2023-06-30
764,2023-06-30 10:18:00-04:00,381.92999267578125,381.92999267578125,381.92999267578125,381.92999267578125,892,0.0,0.0,2023-06-30
765,2023-06-30 10:23:00-04:00,381.2900085449219,381.5849914550781,381.2900085449219,381.5574951171875,420,0.0,0.0,2023-06-30
766,2023-06-30 10:24:00-04:00,381.30999755859375,381.30999755859375,381.30999755859375,381.30999755859375,186,0.0,0.0,2023-06-30
767,2023-06-30 10:26:00-04:00,381.5799865722656,381.5799865722656,381.5799865722656,381.5799865722656,166,0.0,0.0,2023-06-30
768,2023-06-30 10:27:00-04:00,381.239990234375,381.239990234375,380.7200012207031,381.2225036621094,610,0.0,0.0,2023-06-30
769,2023-06-30 10:28:00-04:00,381.1700134277344,381.31500244140625,380.79998779296875,381.31500244140625,765,0.0,0.0,2023-06-30
770,2023-06-30 10:29:00-04:00,381.1075134277344,381.1075134277344,381.1075134277344,381.1075134277344,118,0.0,0.0,2023-06-30
771,2023-06-30 10:30:00-04:00,381.2699890136719,381.6600036621094,381.2699890136719,381.625,2358,0.0,0.0,2023-06-30
772,2023-06-30 10:31:00-04:00,381.42498779296875,381.42498779296875,381.42498779296875,381.42498779296875,455,0.0,0.0,2023-06-30
773,2023-06-30 10:32:00-04:00,381.0400085449219,381.05499267578125,381.0400085449219,381.05499267578125,969,0.0,0.0,2023-06-30
774,2023-06-30 10:33:00-04:00,381.05999755859375,381.05999755859375,381.05999755859375,381.05999755859375,239,0.0,0.0,2023-06-30
775,2023-06-30 10:34:00-04:00,380.7699890136719,380.79998779296875,380.7699890136719,380.79998779296875,271,0.0,0.0,2023-06-30
776,2023-06-30 10:35:00-04:00,380.7974853515625,380.7974853515625,380.7974853515625,380.7974853515625,259,0.0,0.0,2023-06-30
777,2023-06-30 10:36:00-04:00,380.5899963378906,380.5899963378906,380.20001220703125,380.20001220703125,883,0.0,0.0,2023-06-30
778,2023-06-30 10:38:00-04:00,380.45001220703125,380.45001220703125,379.9800109863281,379.9800109863281,1355,0.0,0.0,2023-06-30
779,2023-06-30 10:39:00-04:00,380.44000244140625,380.44000244140625,380.010009765625,380.010009765625,207,0.0,0.0,2023-06-30
780,2023-06-30 10:40:00-04:00,380.44500732421875,380.7674865722656,380.44500732421875,380.7674865722656,306,0.0,0.0,2023-06-30
781,2023-06-30 10:41:00-04:00,380.8500061035156,380.8599853515625,380.54998779296875,380.54998779296875,1846,0.0,0.0,2023-06-30
782,2023-06-30 10:45:00-04:00,380.7049865722656,380.7049865722656,380.7049865722656,380.7049865722656,336,0.0,0.0,2023-06-30
783,2023-06-30 10:46:00-04:00,380.7049865722656,380.7049865722656,380.6700134277344,380.70001220703125,657,0.0,0.0,2023-06-30
784,2023-06-30 10:47:00-04:00,380.69500732421875,380.69500732421875,380.69500732421875,380.69500732421875,101,0.0,0.0,2023-06-30
785,2023-06-30 10:48:00-04:00,380.69500732421875,380.69500732421875,380.69500732421875,380.69500732421875,781,0.0,0.0,2023-06-30
786,2023-06-30 10:49:00-04:00,380.67999267578125,380.67999267578125,380.3299865722656,380.489990234375,1148,0.0,0.0,2023-06-30
787,2023-06-30 10:50:00-04:00,379.989990234375,379.989990234375,379.989990234375,379.989990234375,259,0.0,0.0,2023-06-30
788,2023-06-30 10:51:00-04:00,380.55999755859375,380.8299865722656,380.55999755859375,380.8299865722656,1734,0.0,0.0,2023-06-30
789,2023-06-30 10:55:00-04:00,381.94000244140625,381.94000244140625,381.94000244140625,381.94000244140625,469,0.0,0.0,2023-06-30
790,2023-06-30 10:57:00-04:00,382.489990234375,382.489990234375,382.489990234375,382.489990234375,10113,0.0,0.0,2023-06-30
791,2023-06-30 10:58:00-04:00,382.4700012207031,382.6199951171875,382.45001220703125,382.6199951171875,828,0.0,0.0,2023-06-30
792,2023-06-30 10:59:00-04:00,383.05999755859375,383.1000061035156,383.04998779296875,383.1000061035156,610,0.0,0.0,2023-06-30
793,2023-06-30 11:01:00-04:00,383.0849914550781,383.114990234375,383.0,383.0350036621094,2256,0.0,0.0,2023-06-30
794,2023-06-30 11:03:00-04:00,383.05999755859375,383.05999755859375,383.04998779296875,383.04998779296875,472,0.0,0.0,2023-06-30
795,2023-06-30 11:04:00-04:00,383.0400085449219,383.0400085449219,382.7200012207031,382.7200012207031,1092,0.0,0.0,2023-06-30
796,2023-06-30 11:07:00-04:00,382.9549865722656,382.9549865722656,382.9549865722656,382.9549865722656,108,0.0,0.0,2023-06-30
797,2023-06-30 11:08:00-04:00,382.885009765625,382.885009765625,382.885009765625,382.885009765625,393,0.0,0.0,2023-06-30
798,2023-06-30 11:09:00-04:00,382.5899963378906,382.6199951171875,382.5899963378906,382.6199951171875,669,0.0,0.0,2023-06-30
799,2023-06-30 11:13:00-04:00,382.5450134277344,382.5450134277344,382.5450134277344,382.5450134277344,296,0.0,0.0,2023-06-30
800,2023-06-30 11:15:00-04:00,382.5,382.5,382.5,382.5,112,0.0,0.0,2023-06-30
801,2023-06-30 11:16:00-04:00,382.4849853515625,382.4849853515625,382.32000732421875,382.32000732421875,473,0.0,0.0,2023-06-30
802,2023-06-30 11:17:00-04:00,382.19000244140625,382.19000244140625,382.19000244140625,382.19000244140625,515,0.0,0.0,2023-06-30
803,2023-06-30 11:18:00-04:00,382.260009765625,382.260009765625,382.0400085449219,382.0400085449219,474,0.0,0.0,2023-06-30
804,2023-06-30 11:19:00-04:00,382.2349853515625,382.2349853515625,382.2349853515625,382.2349853515625,321,0.0,0.0,2023-06-30
805,2023-06-30 11:21:00-04:00,382.17999267578125,382.17999267578125,381.9700012207031,381.9700012207031,998,0.0,0.0,2023-06-30
806,2023-06-30 11:26:00-04:00,381.67498779296875,381.67498779296875,381.67498779296875,381.67498779296875,449,0.0,0.0,2023-06-30
807,2023-06-30 11:29:00-04:00,381.67999267578125,381.67999267578125,381.6499938964844,381.6499938964844,529,0.0,0.0,2023-06-30
808,2023-06-30 11:30:00-04:00,381.67999267578125,381.67999267578125,381.67999267578125,381.67999267578125,180,0.0,0.0,2023-06-30
809,2023-06-30 11:32:00-04:00,381.57000732421875,381.57000732421875,381.57000732421875,381.57000732421875,113,0.0,0.0,2023-06-30
810,2023-06-30 11:33:00-04:00,381.6199951171875,381.6199951171875,381.57000732421875,381.57000732421875,543,0.0,0.0,2023-06-30
811,2023-06-30 11:35:00-04:00,381.8399963378906,381.9100036621094,381.8399963378906,381.9100036621094,1006,0.0,0.0,2023-06-30
812,2023-06-30 11:39:00-04:00,381.95001220703125,381.95001220703125,381.5899963378906,381.5899963378906,1115,0.0,0.0,2023-06-30
813,2023-06-30 11:40:00-04:00,381.91180419921875,381.91180419921875,381.55499267578125,381.55499267578125,685,0.0,0.0,2023-06-30
814,2023-06-30 11:44:00-04:00,381.4200134277344,381.4200134277344,381.4200134277344,381.4200134277344,170,0.0,0.0,2023-06-30
815,2023-06-30 11:45:00-04:00,381.1499938964844,381.1499938964844,381.1499938964844,381.1499938964844,368,0.0,0.0,2023-06-30
816,2023-06-30 11:47:00-04:00,380.760009765625,380.760009765625,380.760009765625,380.760009765625,149,0.0,0.0,2023-06-30
817,2023-06-30 11:49:00-04:00,381.1099853515625,381.1099853515625,381.0299987792969,381.0299987792969,431,0.0,0.0,2023-06-30
818,2023-06-30 11:50:00-04:00,380.9599914550781,380.9599914550781,380.7699890136719,380.7799987792969,639,0.0,0.0,2023-06-30
819,2023-06-30 11:51:00-04:00,380.7799987792969,381.0,380.7799987792969,380.94000244140625,2272,0.0,0.0,2023-06-30
820,2023-06-30 11:55:00-04:00,381.1400146484375,381.1400146484375,381.1400146484375,381.1400146484375,487,0.0,0.0,2023-06-30
821,2023-06-30 11:56:00-04:00,381.2900085449219,381.2900085449219,381.2900085449219,381.2900085449219,712,0.0,0.0,2023-06-30
822,2023-06-30 12:07:00-04:00,382.0050048828125,382.0350036621094,381.8349914550781,381.8349914550781,1944,0.0,0.0,2023-06-30
823,2023-06-30 12:14:00-04:00,382.05999755859375,382.05999755859375,382.05999755859375,382.05999755859375,293,0.0,0.0,2023-06-30
824,2023-06-30 12:16:00-04:00,382.364990234375,382.364990234375,382.364990234375,382.364990234375,157,0.0,0.0,2023-06-30
825,2023-06-30 12:17:00-04:00,382.4324951171875,382.4324951171875,382.4324951171875,382.4324951171875,253,0.0,0.0,2023-06-30
826,2023-06-30 12:21:00-04:00,382.7699890136719,382.8500061035156,382.7699890136719,382.8500061035156,450,0.0,0.0,2023-06-30
827,2023-06-30 12:23:00-04:00,382.8699951171875,383.0,382.8699951171875,383.0,344,0.0,0.0,2023-06-30
828,2023-06-30 12:26:00-04:00,382.9599914550781,383.30999755859375,382.9599914550781,383.30999755859375,302,0.0,0.0,2023-06-30
829,2023-06-30 12:28:00-04:00,383.0,383.0,383.0,383.0,490,0.0,0.0,2023-06-30
830,2023-06-30 12:29:00-04:00,382.989990234375,382.989990234375,382.989990234375,382.989990234375,762,0.0,0.0,2023-06-30
831,2023-06-30 12:30:00-04:00,383.32501220703125,383.3299865722656,383.32501220703125,383.3299865722656,2081,0.0,0.0,2023-06-30
832,2023-06-30 12:32:00-04:00,383.04998779296875,383.04998779296875,382.9200134277344,382.93499755859375,986,0.0,0.0,2023-06-30
833,2023-06-30 12:34:00-04:00,382.95001220703125,382.95001220703125,382.95001220703125,382.95001220703125,683,0.0,0.0,2023-06-30
834,2023-06-30 12:48:00-04:00,382.80499267578125,382.80499267578125,382.80499267578125,382.80499267578125,253,0.0,0.0,2023-06-30
835,2023-06-30 12:50:00-04:00,382.57000732421875,382.63861083984375,382.57000732421875,382.63861083984375,397,0.0,0.0,2023-06-30
836,2023-06-30 12:51:00-04:00,382.4599914550781,382.6400146484375,382.4599914550781,382.6400146484375,619,0.0,0.0,2023-06-30
837,2023-06-30 12:54:00-04:00,382.6099853515625,382.8500061035156,382.3800048828125,382.3800048828125,1137,0.0,0.0,2023-06-30
838,2023-06-30 12:55:00-04:00,382.760009765625,382.760009765625,382.739990234375,382.739990234375,200,0.0,0.0,2023-06-30
839,2023-06-30 12:56:00-04:00,382.69000244140625,382.69000244140625,382.3500061035156,382.57000732421875,620,0.0,0.0,2023-06-30
840,2023-06-30 12:58:00-04:00,382.43499755859375,382.4700012207031,382.3500061035156,382.3500061035156,1279,0.0,0.0,2023-06-30
841,2023-06-30 12:59:00-04:00,382.8399963378906,382.8399963378906,382.6650085449219,382.6650085449219,350,0.0,0.0,2023-06-30
842,2023-06-30 13:02:00-04:00,382.9700012207031,383.32000732421875,382.9700012207031,383.30999755859375,1012,0.0,0.0,2023-06-30
843,2023-06-30 13:05:00-04:00,383.5528869628906,383.5528869628906,383.5528869628906,383.5528869628906,374,0.0,0.0,2023-06-30
844,2023-06-30 13:06:00-04:00,383.7099914550781,383.7099914550781,383.7099914550781,383.7099914550781,215,0.0,0.0,2023-06-30
845,2023-06-30 13:10:00-04:00,383.5950012207031,383.5950012207031,383.5950012207031,383.5950012207031,445,0.0,0.0,2023-06-30
846,2023-06-30 13:12:00-04:00,383.6099853515625,383.6099853515625,383.6099853515625,383.6099853515625,186,0.0,0.0,2023-06-30
847,2023-06-30 13:13:00-04:00,383.4100036621094,383.4100036621094,383.4100036621094,383.4100036621094,200,0.0,0.0,2023-06-30
848,2023-06-30 13:16:00-04:00,383.489990234375,383.510009765625,383.489990234375,383.510009765625,331,0.0,0.0,2023-06-30
849,2023-06-30 13:17:00-04:00,383.510009765625,383.510009765625,383.3599853515625,383.3949890136719,647,0.0,0.0,2023-06-30
850,2023-06-30 13:18:00-04:00,383.5050048828125,383.5050048828125,383.30999755859375,383.375,978,0.0,0.0,2023-06-30
851,2023-06-30 13:19:00-04:00,382.8900146484375,382.8900146484375,382.8900146484375,382.8900146484375,287,0.0,0.0,2023-06-30
852,2023-06-30 13:21:00-04:00,383.0775146484375,383.0775146484375,383.0775146484375,383.0775146484375,404,0.0,0.0,2023-06-30
853,2023-06-30 13:24:00-04:00,383.04998779296875,383.04998779296875,383.04998779296875,383.04998779296875,127,0.0,0.0,2023-06-30
854,2023-06-30 13:25:00-04:00,383.0799865722656,383.0799865722656,383.0799865722656,383.0799865722656,101,0.0,0.0,2023-06-30
855,2023-06-30 13:26:00-04:00,383.0799865722656,383.1499938964844,382.9100036621094,383.07000732421875,1224,0.0,0.0,2023-06-30
856,2023-06-30 13:28:00-04:00,382.95001220703125,382.95001220703125,382.775390625,382.775390625,1452,0.0,0.0,2023-06-30
857,2023-06-30 13:36:00-04:00,383.7099914550781,383.7099914550781,383.7099914550781,383.7099914550781,1004,0.0,0.0,2023-06-30
858,2023-06-30 13:43:00-04:00,383.5350036621094,383.5350036621094,383.5350036621094,383.5350036621094,166,0.0,0.0,2023-06-30
859,2023-06-30 13:45:00-04:00,383.3800048828125,383.3800048828125,383.3800048828125,383.3800048828125,152,0.0,0.0,2023-06-30
860,2023-06-30 13:47:00-04:00,383.3900146484375,383.3900146484375,383.3900146484375,383.3900146484375,287,0.0,0.0,2023-06-30
861,2023-06-30 13:49:00-04:00,383.510009765625,383.55499267578125,383.510009765625,383.55499267578125,956,0.0,0.0,2023-06-30
862,2023-06-30 13:51:00-04:00,383.8800048828125,383.8800048828125,383.8800048828125,383.8800048828125,246,0.0,0.0,2023-06-30
863,2023-06-30 13:53:00-04:00,383.8349914550781,383.8349914550781,383.8349914550781,383.8349914550781,263,0.0,0.0,2023-06-30
864,2023-06-30 13:56:00-04:00,383.8299865722656,383.8299865722656,383.8299865722656,383.8299865722656,280,0.0,0.0,2023-06-30
865,2023-06-30 13:59:00-04:00,383.9100036621094,383.9100036621094,383.9049987792969,383.9049987792969,319,0.0,0.0,2023-06-30
866,2023-06-30 14:01:00-04:00,384.07000732421875,384.07000732421875,383.93499755859375,383.93499755859375,884,0.0,0.0,2023-06-30
867,2023-06-30 14:04:00-04:00,383.6000061035156,383.6700134277344,383.6000061035156,383.6700134277344,680,0.0,0.0,2023-06-30
868,2023-06-30 14:05:00-04:00,383.989990234375,384.0799865722656,383.989990234375,384.0799865722656,585,0.0,0.0,2023-06-30
869,2023-06-30 14:08:00-04:00,384.07501220703125,384.07501220703125,384.0400085449219,384.0400085449219,294,0.0,0.0,2023-06-30
870,2023-06-30 14:11:00-04:00,383.7200012207031,383.7200012207031,383.69000244140625,383.69000244140625,487,0.0,0.0,2023-06-30
871,2023-06-30 14:12:00-04:00,383.67498779296875,383.67498779296875,383.6650085449219,383.6650085449219,244,0.0,0.0,2023-06-30
872,2023-06-30 14:14:00-04:00,383.9100036621094,383.9100036621094,383.9100036621094,383.9100036621094,212,0.0,0.0,2023-06-30
873,2023-06-30 14:15:00-04:00,383.989990234375,384.2200012207031,383.989990234375,384.20001220703125,1223,0.0,0.0,2023-06-30
874,2023-06-30 14:19:00-04:00,384.29998779296875,384.29998779296875,384.29998779296875,384.29998779296875,800,0.0,0.0,2023-06-30
875,2023-06-30 14:23:00-04:00,384.1499938964844,384.1499938964844,384.1499938964844,384.1499938964844,198,0.0,0.0,2023-06-30
876,2023-06-30 14:26:00-04:00,384.3999938964844,384.4549865722656,384.3900146484375,384.4549865722656,934,0.0,0.0,2023-06-30
877,2023-06-30 14:27:00-04:00,384.4800109863281,384.510009765625,384.25,384.44500732421875,1954,0.0,0.0,2023-06-30
878,2023-06-30 14:28:00-04:00,384.20001220703125,384.6099853515625,384.20001220703125,384.6099853515625,2480,0.0,0.0,2023-06-30
879,2023-06-30 14:30:00-04:00,384.81500244140625,384.81500244140625,384.81500244140625,384.81500244140625,550,0.0,0.0,2023-06-30
880,2023-06-30 14:34:00-04:00,385.1700134277344,385.3399963378906,385.1700134277344,385.3399963378906,982,0.0,0.0,2023-06-30
881,2023-06-30 14:41:00-04:00,385.6199951171875,385.6199951171875,385.6199951171875,385.6199951171875,102,0.0,0.0,2023-06-30
882,2023-06-30 14:42:00-04:00,385.62249755859375,385.62249755859375,385.4425048828125,385.45001220703125,774,0.0,0.0,2023-06-30
883,2023-06-30 14:45:00-04:00,385.1050109863281,385.1050109863281,385.1050109863281,385.1050109863281,458,0.0,0.0,2023-06-30
884,2023-06-30 14:46:00-04:00,384.8500061035156,384.9150085449219,384.8500061035156,384.9150085449219,634,0.0,0.0,2023-06-30
885,2023-06-30 14:49:00-04:00,384.8699951171875,384.8699951171875,384.864990234375,384.864990234375,433,0.0,0.0,2023-06-30
886,2023-06-30 14:50:00-04:00,384.864990234375,384.864990234375,384.864990234375,384.864990234375,370,0.0,0.0,2023-06-30
887,2023-06-30 14:51:00-04:00,384.9700012207031,384.9700012207031,384.9700012207031,384.9700012207031,389,0.0,0.0,2023-06-30
888,2023-06-30 14:53:00-04:00,384.739990234375,384.9100036621094,384.70001220703125,384.9049987792969,1593,0.0,0.0,2023-06-30
889,2023-06-30 15:01:00-04:00,384.8399963378906,384.8399963378906,384.8399963378906,384.8399963378906,815,0.0,0.0,2023-06-30
890,2023-06-30 15:04:00-04:00,384.8599853515625,385.0,384.80999755859375,384.8450012207031,1923,0.0,0.0,2023-06-30
891,2023-06-30 15:09:00-04:00,384.67999267578125,384.94000244140625,384.67999267578125,384.8800048828125,1241,0.0,0.0,2023-06-30
892,2023-06-30 15:10:00-04:00,384.8699951171875,384.8900146484375,384.8699951171875,384.8900146484375,223,0.0,0.0,2023-06-30
893,2023-06-30 15:11:00-04:00,384.8800048828125,384.8800048828125,384.8800048828125,384.8800048828125,212,0.0,0.0,2023-06-30
894,2023-06-30 15:12:00-04:00,384.864990234375,384.864990234375,384.864990234375,384.864990234375,247,0.0,0.0,2023-06-30
895,2023-06-30 15:14:00-04:00,384.70001220703125,384.70001220703125,384.70001220703125,384.70001220703125,442,0.0,0.0,2023-06-30
896,2023-06-30 15:18:00-04:00,384.7300109863281,384.7300109863281,384.7300109863281,384.7300109863281,443,0.0,0.0,2023-06-30
897,2023-06-30 15:22:00-04:00,384.7300109863281,384.7300109863281,384.7300109863281,384.7300109863281,452,0.0,0.0,2023-06-30
898,2023-06-30 15:24:00-04:00,384.6400146484375,384.67999267578125,384.5899963378906,384.5899963378906,1443,0.0,0.0,2023-06-30
899,2023-06-30 15:25:00-04:00,384.5899963378906,384.6499938964844,384.5899963378906,384.6499938964844,1251,0.0,0.0,2023-06-30
900,2023-06-30 15:31:00-04:00,384.760009765625,384.760009765625,384.760009765625,384.760009765625,445,0.0,0.0,2023-06-30
901,2023-06-30 15:32:00-04:00,384.8450012207031,384.8450012207031,384.8450012207031,384.8450012207031,606,0.0,0.0,2023-06-30
902,2023-06-30 15:34:00-04:00,385.0249938964844,385.0249938964844,385.0249938964844,385.0249938964844,280,0.0,0.0,2023-06-30
903,2023-06-30 15:36:00-04:00,384.8800048828125,384.8800048828125,384.8800048828125,384.8800048828125,441,0.0,0.0,2023-06-30
904,2023-06-30 15:37:00-04:00,384.8699951171875,384.8699951171875,384.8699951171875,384.8699951171875,655,0.0,0.0,2023-06-30
905,2023-06-30 15:38:00-04:00,384.80999755859375,384.93499755859375,384.80999755859375,384.93499755859375,374,0.0,0.0,2023-06-30
906,2023-06-30 15:39:00-04:00,384.92999267578125,384.9700012207031,384.9200134277344,384.9700012207031,519,0.0,0.0,2023-06-30
907,2023-06-30 15:40:00-04:00,384.94000244140625,385.1199951171875,384.82000732421875,385.07000732421875,2055,0.0,0.0,2023-06-30
908,2023-06-30 15:41:00-04:00,385.1499938964844,385.1600036621094,384.93109130859375,385.1499938964844,489,0.0,0.0,2023-06-30
909,2023-06-30 15:42:00-04:00,385.1600036621094,385.1600036621094,385.1600036621094,385.1600036621094,135,0.0,0.0,2023-06-30
910,2023-06-30 15:43:00-04:00,385.2300109863281,385.2300109863281,385.2300109863281,385.2300109863281,713,0.0,0.0,2023-06-30
911,2023-06-30 15:44:00-04:00,384.8900146484375,384.9649963378906,384.8900146484375,384.9649963378906,326,0.0,0.0,2023-06-30
912,2023-06-30 15:45:00-04:00,384.875,384.885009765625,384.875,384.885009765625,238,0.0,0.0,2023-06-30
913,2023-06-30 15:46:00-04:00,384.9549865722656,384.9549865722656,384.92999267578125,384.92999267578125,650,0.0,0.0,2023-06-30
914,2023-06-30 15:47:00-04:00,384.864990234375,384.94000244140625,384.864990234375,384.94000244140625,755,0.0,0.0,2023-06-30
915,2023-06-30 15:48:00-04:00,384.8999938964844,384.8999938964844,384.8999938964844,384.8999938964844,218,0.0,0.0,2023-06-30
916,2023-06-30 15:49:00-04:00,384.82000732421875,385.0199890136719,384.81500244140625,385.0199890136719,1238,0.0,0.0,2023-06-30
917,2023-06-30 15:50:00-04:00,384.7799987792969,384.864990234375,384.70001220703125,384.7650146484375,1183,0.0,0.0,2023-06-30
918,2023-06-30 15:51:00-04:00,384.57000732421875,384.6000061035156,384.4599914550781,384.5199890136719,2176,0.0,0.0,2023-06-30
919,2023-06-30 15:52:00-04:00,384.4200134277344,384.43499755859375,384.4200134277344,384.42999267578125,694,0.0,0.0,2023-06-30
920,2023-06-30 15:53:00-04:00,384.510009765625,384.510009765625,384.3500061035156,384.3500061035156,474,0.0,0.0,2023-06-30
921,2023-06-30 15:54:00-04:00,384.30499267578125,384.30499267578125,383.9599914550781,384.2699890136719,2618,0.0,0.0,2023-06-30
922,2023-06-30 15:55:00-04:00,384.239990234375,384.2699890136719,384.0,384.0,1579,0.0,0.0,2023-06-30
923,2023-06-30 15:56:00-04:00,384.010009765625,384.0899963378906,383.8999938964844,383.8999938964844,1508,0.0,0.0,2023-06-30
924,2023-06-30 15:57:00-04:00,383.94000244140625,383.94000244140625,383.489990234375,383.7799987792969,4680,0.0,0.0,2023-06-30
925,2023-06-30 15:58:00-04:00,383.7799987792969,383.9200134277344,383.760009765625,383.8800048828125,3312,0.0,0.0,2023-06-30
926,2023-06-30 15:59:00-04:00,383.7699890136719,383.9549865722656,383.3500061035156,383.3599853515625,11660,0.0,0.0,2023-06-30
0,2023-07-03 09:30:00-04:00,380.6499938964844,380.6499938964844,380.6499938964844,380.6499938964844,0,0.0,0.0,2023-07-03
1,2023-07-03 09:31:00-04:00,379.260009765625,380.0199890136719,379.260009765625,380.0199890136719,923,0.0,0.0,2023-07-03
2,2023-07-03 09:32:00-04:00,380.0299987792969,380.0299987792969,380.0299987792969,380.0299987792969,6432,0.0,0.0,2023-07-03
3,2023-07-03 09:36:00-04:00,378.3999938964844,378.3999938964844,378.3999938964844,378.3999938964844,5179,0.0,0.0,2023-07-03
4,2023-07-03 09:40:00-04:00,375.92999267578125,375.92999267578125,375.92999267578125,375.92999267578125,1171,0.0,0.0,2023-07-03
5,2023-07-03 09:53:00-04:00,377.010009765625,377.125,377.010009765625,377.125,952,0.0,0.0,2023-07-03
6,2023-07-03 09:54:00-04:00,377.2099914550781,377.2200012207031,377.1449890136719,377.2200012207031,840,0.0,0.0,2023-07-03
7,2023-07-03 09:55:00-04:00,377.95001220703125,377.95001220703125,377.95001220703125,377.95001220703125,788,0.0,0.0,2023-07-03
8,2023-07-03 10:01:00-04:00,377.989990234375,378.17999267578125,377.635009765625,377.7349853515625,758,0.0,0.0,2023-07-03
9,2023-07-03 10:02:00-04:00,378.2099914550781,378.2099914550781,377.4599914550781,377.6099853515625,1915,0.0,0.0,2023-07-03
10,2023-07-03 10:05:00-04:00,377.57000732421875,377.57000732421875,377.4100036621094,377.4150085449219,1125,0.0,0.0,2023-07-03
11,2023-07-03 10:08:00-04:00,377.43499755859375,377.43499755859375,377.0,377.0,756,0.0,0.0,2023-07-03
12,2023-07-03 10:09:00-04:00,377.010009765625,377.010009765625,376.4599914550781,376.4599914550781,455,0.0,0.0,2023-07-03
13,2023-07-03 10:10:00-04:00,376.42999267578125,376.42999267578125,376.42999267578125,376.42999267578125,256,0.0,0.0,2023-07-03
14,2023-07-03 10:12:00-04:00,376.3599853515625,376.3599853515625,376.3599853515625,376.3599853515625,549,0.0,0.0,2023-07-03
15,2023-07-03 10:15:00-04:00,375.8599853515625,375.8599853515625,375.2799987792969,375.2799987792969,1197,0.0,0.0,2023-07-03
16,2023-07-03 10:16:00-04:00,375.3999938964844,377.5799865722656,375.30999755859375,377.5799865722656,9618,0.0,0.0,2023-07-03
17,2023-07-03 10:17:00-04:00,377.3999938964844,377.5199890136719,377.30999755859375,377.30999755859375,1588,0.0,0.0,2023-07-03
18,2023-07-03 10:18:00-04:00,377.7300109863281,377.7300109863281,377.7300109863281,377.7300109863281,229,0.0,0.0,2023-07-03
19,2023-07-03 10:19:00-04:00,377.4200134277344,377.4549865722656,377.4200134277344,377.4549865722656,1037,0.0,0.0,2023-07-03
20,2023-07-03 10:21:00-04:00,377.80999755859375,377.80999755859375,377.80999755859375,377.80999755859375,196,0.0,0.0,2023-07-03
21,2023-07-03 10:22:00-04:00,377.3699951171875,377.3699951171875,377.3699951171875,377.3699951171875,155,0.0,0.0,2023-07-03
22,2023-07-03 10:25:00-04:00,377.80999755859375,378.29998779296875,377.80999755859375,378.29998779296875,845,0.0,0.0,2023-07-03
23,2023-07-03 10:26:00-04:00,378.29998779296875,378.29998779296875,378.29998779296875,378.29998779296875,288,0.0,0.0,2023-07-03
24,2023-07-03 10:31:00-04:00,378.4599914550781,378.4599914550781,378.4599914550781,378.4599914550781,747,0.0,0.0,2023-07-03
25,2023-07-03 10:33:00-04:00,379.2049865722656,379.2049865722656,378.9100036621094,378.9100036621094,433,0.0,0.0,2023-07-03
26,2023-07-03 10:36:00-04:00,378.5199890136719,378.7799987792969,378.5199890136719,378.635009765625,958,0.0,0.0,2023-07-03
27,2023-07-03 10:37:00-04:00,378.6499938964844,378.6499938964844,378.6499938964844,378.6499938964844,230,0.0,0.0,2023-07-03
28,2023-07-03 10:39:00-04:00,378.6300048828125,378.6300048828125,378.6300048828125,378.6300048828125,297,0.0,0.0,2023-07-03
29,2023-07-03 10:41:00-04:00,378.2200012207031,378.489990234375,378.19000244140625,378.489990234375,1548,0.0,0.0,2023-07-03
30,2023-07-03 10:42:00-04:00,377.8500061035156,377.8500061035156,377.80999755859375,377.80999755859375,285,0.0,0.0,2023-07-03
31,2023-07-03 10:43:00-04:00,377.6000061035156,377.7749938964844,377.5799865722656,377.5799865722656,431,0.0,0.0,2023-07-03
32,2023-07-03 10:44:00-04:00,377.54998779296875,377.54998779296875,377.54998779296875,377.54998779296875,196,0.0,0.0,2023-07-03
33,2023-07-03 10:45:00-04:00,377.6099853515625,377.760009765625,377.510009765625,377.6099853515625,552,0.0,0.0,2023-07-03
34,2023-07-03 10:46:00-04:00,377.5299987792969,377.5299987792969,377.44000244140625,377.44000244140625,479,0.0,0.0,2023-07-03
35,2023-07-03 10:48:00-04:00,377.4100036621094,377.635009765625,377.4100036621094,377.635009765625,1001,0.0,0.0,2023-07-03
36,2023-07-03 10:52:00-04:00,377.7200012207031,377.7900085449219,377.45001220703125,377.7900085449219,892,0.0,0.0,2023-07-03
37,2023-07-03 10:53:00-04:00,377.8800048828125,378.0799865722656,377.8800048828125,378.07501220703125,1754,0.0,0.0,2023-07-03
38,2023-07-03 10:54:00-04:00,378.0199890136719,378.0199890136719,378.0199890136719,378.0199890136719,143,0.0,0.0,2023-07-03
39,2023-07-03 10:56:00-04:00,378.0199890136719,378.0199890136719,377.760009765625,377.7699890136719,954,0.0,0.0,2023-07-03
40,2023-07-03 11:00:00-04:00,377.3450012207031,377.3500061035156,377.3450012207031,377.3500061035156,280,0.0,0.0,2023-07-03
41,2023-07-03 11:03:00-04:00,377.36859130859375,377.36859130859375,377.2699890136719,377.36859130859375,961,0.0,0.0,2023-07-03
42,2023-07-03 11:04:00-04:00,377.260009765625,377.260009765625,377.260009765625,377.260009765625,324,0.0,0.0,2023-07-03
43,2023-07-03 11:06:00-04:00,377.2449951171875,377.2449951171875,377.2449951171875,377.2449951171875,169,0.0,0.0,2023-07-03
44,2023-07-03 11:08:00-04:00,377.2699890136719,377.2699890136719,377.2699890136719,377.2699890136719,143,0.0,0.0,2023-07-03
45,2023-07-03 11:09:00-04:00,377.2699890136719,377.2699890136719,377.2699890136719,377.2699890136719,226,0.0,0.0,2023-07-03
46,2023-07-03 11:10:00-04:00,377.2550048828125,377.2550048828125,376.8699951171875,376.8699951171875,337,0.0,0.0,2023-07-03
47,2023-07-03 11:13:00-04:00,377.1099853515625,377.3949890136719,377.0450134277344,377.3949890136719,2155,0.0,0.0,2023-07-03
48,2023-07-03 11:15:00-04:00,377.010009765625,377.1499938964844,377.010009765625,377.1499938964844,1273,0.0,0.0,2023-07-03
49,2023-07-03 11:18:00-04:00,376.7900085449219,376.8599853515625,376.1000061035156,376.1000061035156,2286,0.0,0.0,2023-07-03
50,2023-07-03 11:19:00-04:00,376.18499755859375,376.18499755859375,376.18499755859375,376.18499755859375,355,0.0,0.0,2023-07-03
51,2023-07-03 11:22:00-04:00,376.2349853515625,376.2349853515625,376.2349853515625,376.2349853515625,219,0.0,0.0,2023-07-03
52,2023-07-03 11:23:00-04:00,376.3900146484375,376.4700012207031,376.3900146484375,376.3999938964844,1325,0.0,0.0,2023-07-03
53,2023-07-03 11:25:00-04:00,376.42498779296875,376.42498779296875,376.42498779296875,376.42498779296875,229,0.0,0.0,2023-07-03
54,2023-07-03 11:30:00-04:00,376.3900146484375,376.3900146484375,376.3900146484375,376.3900146484375,279,0.0,0.0,2023-07-03
55,2023-07-03 11:31:00-04:00,376.0899963378906,376.0899963378906,376.0899963378906,376.0899963378906,880,0.0,0.0,2023-07-03
56,2023-07-03 11:36:00-04:00,375.7699890136719,375.7699890136719,375.7699890136719,375.7699890136719,203,0.0,0.0,2023-07-03
57,2023-07-03 11:39:00-04:00,375.68499755859375,375.7099914550781,375.68499755859375,375.7099914550781,519,0.0,0.0,2023-07-03
58,2023-07-03 11:42:00-04:00,375.5899963378906,375.5899963378906,375.55999755859375,375.55999755859375,636,0.0,0.0,2023-07-03
59,2023-07-03 11:43:00-04:00,375.5,375.5,375.32000732421875,375.32000732421875,308,0.0,0.0,2023-07-03
60,2023-07-03 11:45:00-04:00,375.4549865722656,375.4549865722656,375.4549865722656,375.4549865722656,250,0.0,0.0,2023-07-03
61,2023-07-03 11:46:00-04:00,375.4800109863281,375.8800048828125,375.4599914550781,375.8800048828125,3167,0.0,0.0,2023-07-03
62,2023-07-03 11:49:00-04:00,375.79998779296875,375.79998779296875,375.6549987792969,375.6549987792969,452,0.0,0.0,2023-07-03
63,2023-07-03 11:52:00-04:00,375.6650085449219,375.7950134277344,375.6650085449219,375.7950134277344,1177,0.0,0.0,2023-07-03
64,2023-07-03 12:01:00-04:00,375.7749938964844,375.7799987792969,375.7749938964844,375.7799987792969,426,0.0,0.0,2023-07-03
65,2023-07-03 12:02:00-04:00,375.6700134277344,375.6700134277344,375.6650085449219,375.6650085449219,297,0.0,0.0,2023-07-03
66,2023-07-03 12:03:00-04:00,375.6600036621094,375.7099914550781,375.6600036621094,375.7099914550781,363,0.0,0.0,2023-07-03
67,2023-07-03 12:04:00-04:00,375.7049865722656,375.7049865722656,375.7049865722656,375.7049865722656,491,0.0,0.0,2023-07-03
68,2023-07-03 12:05:00-04:00,375.5799865722656,375.760009765625,375.56500244140625,375.6650085449219,1440,0.0,0.0,2023-07-03
69,2023-07-03 12:06:00-04:00,375.8299865722656,376.0899963378906,375.8299865722656,376.0899963378906,1097,0.0,0.0,2023-07-03
70,2023-07-03 12:09:00-04:00,376.1099853515625,376.1099853515625,376.1099853515625,376.1099853515625,127,0.0,0.0,2023-07-03
71,2023-07-03 12:10:00-04:00,376.0950012207031,376.0950012207031,376.0950012207031,376.0950012207031,607,0.0,0.0,2023-07-03
72,2023-07-03 12:12:00-04:00,375.82000732421875,375.9700012207031,375.82000732421875,375.9700012207031,339,0.0,0.0,2023-07-03
73,2023-07-03 12:13:00-04:00,375.92498779296875,375.92498779296875,375.92498779296875,375.92498779296875,378,0.0,0.0,2023-07-03
74,2023-07-03 12:14:00-04:00,375.94000244140625,375.94000244140625,375.94000244140625,375.94000244140625,396,0.0,0.0,2023-07-03
75,2023-07-03 12:15:00-04:00,376.1199951171875,376.364990234375,376.1199951171875,376.364990234375,603,0.0,0.0,2023-07-03
76,2023-07-03 12:16:00-04:00,376.18499755859375,376.3599853515625,376.18499755859375,376.19000244140625,1494,0.0,0.0,2023-07-03
77,2023-07-03 12:18:00-04:00,376.114990234375,376.114990234375,376.114990234375,376.114990234375,369,0.0,0.0,2023-07-03
78,2023-07-03 12:21:00-04:00,376.1050109863281,376.1400146484375,376.1050109863281,376.1400146484375,361,0.0,0.0,2023-07-03
79,2023-07-03 12:22:00-04:00,376.1549987792969,376.1700134277344,376.1549987792969,376.1700134277344,479,0.0,0.0,2023-07-03
80,2023-07-03 12:25:00-04:00,376.3699951171875,376.3999938964844,376.20001220703125,376.3999938964844,938,0.0,0.0,2023-07-03
81,2023-07-03 12:26:00-04:00,376.5224914550781,376.5224914550781,376.5224914550781,376.5224914550781,121,0.0,0.0,2023-07-03
82,2023-07-03 12:28:00-04:00,376.42498779296875,376.42498779296875,376.42498779296875,376.42498779296875,459,0.0,0.0,2023-07-03
83,2023-07-03 12:31:00-04:00,376.489990234375,376.7099914550781,376.489990234375,376.69000244140625,1030,0.0,0.0,2023-07-03
84,2023-07-03 12:34:00-04:00,376.69000244140625,376.7200012207031,376.69000244140625,376.7200012207031,335,0.0,0.0,2023-07-03
85,2023-07-03 12:35:00-04:00,376.7699890136719,376.7699890136719,376.7699890136719,376.7699890136719,360,0.0,0.0,2023-07-03
86,2023-07-03 12:36:00-04:00,376.7550048828125,376.7550048828125,376.7550048828125,376.7550048828125,276,0.0,0.0,2023-07-03
87,2023-07-03 12:37:00-04:00,376.7650146484375,376.7650146484375,376.7650146484375,376.7650146484375,702,0.0,0.0,2023-07-03
88,2023-07-03 12:38:00-04:00,376.6600036621094,376.8699951171875,376.6499938964844,376.7900085449219,3597,0.0,0.0,2023-07-03
89,2023-07-03 12:39:00-04:00,376.7950134277344,376.7950134277344,376.7950134277344,376.7950134277344,520,0.0,0.0,2023-07-03
90,2023-07-03 12:40:00-04:00,376.989990234375,377.07000732421875,376.989990234375,377.07000732421875,435,0.0,0.0,2023-07-03
91,2023-07-03 12:41:00-04:00,377.239990234375,377.7300109863281,377.239990234375,377.7300109863281,1028,0.0,0.0,2023-07-03
92,2023-07-03 12:43:00-04:00,377.6449890136719,377.9100036621094,377.57000732421875,377.57000732421875,605,0.0,0.0,2023-07-03
93,2023-07-03 12:44:00-04:00,377.7099914550781,377.7099914550781,377.614990234375,377.614990234375,1530,0.0,0.0,2023-07-03
94,2023-07-03 12:45:00-04:00,377.6199951171875,377.6400146484375,377.6199951171875,377.6199951171875,1013,0.0,0.0,2023-07-03
95,2023-07-05 09:30:00-04:00,378.1300048828125,378.1300048828125,378.1300048828125,378.1300048828125,2295,0.0,0.0,2023-07-05
96,2023-07-05 09:32:00-04:00,377.3900146484375,377.3900146484375,377.3900146484375,377.3900146484375,273,0.0,0.0,2023-07-05
97,2023-07-05 09:34:00-04:00,376.6199951171875,378.6199951171875,376.6199951171875,378.5400085449219,1018,0.0,0.0,2023-07-05
98,2023-07-05 09:38:00-04:00,376.55499267578125,376.55499267578125,376.2200012207031,376.2200012207031,318,0.0,0.0,2023-07-05
99,2023-07-05 09:40:00-04:00,376.385009765625,376.385009765625,376.385009765625,376.385009765625,171,0.0,0.0,2023-07-05
100,2023-07-05 09:41:00-04:00,376.3900146484375,377.3999938964844,376.3900146484375,377.2074890136719,764,0.0,0.0,2023-07-05
101,2023-07-05 09:43:00-04:00,377.0299987792969,377.0299987792969,377.0299987792969,377.0299987792969,205,0.0,0.0,2023-07-05
102,2023-07-05 09:45:00-04:00,376.7900085449219,376.7900085449219,376.45001220703125,376.45001220703125,1538,0.0,0.0,2023-07-05
103,2023-07-05 09:51:00-04:00,376.06500244140625,376.81988525390625,376.06500244140625,376.114990234375,1712,0.0,0.0,2023-07-05
104,2023-07-05 09:53:00-04:00,376.2250061035156,376.2250061035156,376.2250061035156,376.2250061035156,313,0.0,0.0,2023-07-05
105,2023-07-05 09:55:00-04:00,376.6000061035156,377.9700012207031,376.30999755859375,377.9700012207031,6371,0.0,0.0,2023-07-05
106,2023-07-05 09:56:00-04:00,377.5849914550781,377.5849914550781,377.5849914550781,377.5849914550781,427,0.0,0.0,2023-07-05
107,2023-07-05 09:57:00-04:00,376.989990234375,376.989990234375,376.2349853515625,376.2349853515625,1158,0.0,0.0,2023-07-05
108,2023-07-05 09:58:00-04:00,376.9125061035156,376.9750061035156,376.9125061035156,376.9599914550781,608,0.0,0.0,2023-07-05
109,2023-07-05 10:01:00-04:00,376.3999938964844,376.3999938964844,376.3999938964844,376.3999938964844,268,0.0,0.0,2023-07-05
110,2023-07-05 10:02:00-04:00,376.0,376.0,375.6000061035156,375.80499267578125,585,0.0,0.0,2023-07-05
111,2023-07-05 10:03:00-04:00,375.2950134277344,375.32501220703125,375.2900085449219,375.2900085449219,381,0.0,0.0,2023-07-05
112,2023-07-05 10:04:00-04:00,375.2799987792969,375.2850036621094,375.2799987792969,375.2850036621094,792,0.0,0.0,2023-07-05
113,2023-07-05 10:06:00-04:00,374.4800109863281,374.5299987792969,374.4800109863281,374.5249938964844,735,0.0,0.0,2023-07-05
114,2023-07-05 10:07:00-04:00,374.32501220703125,374.3800048828125,374.32501220703125,374.3800048828125,540,0.0,0.0,2023-07-05
115,2023-07-05 10:09:00-04:00,373.57000732421875,373.57000732421875,373.4100036621094,373.4100036621094,659,0.0,0.0,2023-07-05
116,2023-07-05 10:10:00-04:00,373.4049987792969,373.4049987792969,373.20001220703125,373.3299865722656,1768,0.0,0.0,2023-07-05
117,2023-07-05 10:11:00-04:00,373.4100036621094,373.4100036621094,373.4100036621094,373.4100036621094,486,0.0,0.0,2023-07-05
118,2023-07-05 10:12:00-04:00,373.7200012207031,373.7200012207031,373.7049865722656,373.7049865722656,336,0.0,0.0,2023-07-05
119,2023-07-05 10:16:00-04:00,374.2049865722656,374.2049865722656,374.2049865722656,374.2049865722656,164,0.0,0.0,2023-07-05
120,2023-07-05 10:17:00-04:00,374.30999755859375,374.30999755859375,374.30999755859375,374.30999755859375,187,0.0,0.0,2023-07-05
121,2023-07-05 10:18:00-04:00,374.364990234375,374.3699951171875,374.364990234375,374.3699951171875,612,0.0,0.0,2023-07-05
122,2023-07-05 10:19:00-04:00,373.9700012207031,374.5,373.9700012207031,374.5,1024,0.0,0.0,2023-07-05
123,2023-07-05 10:20:00-04:00,374.42498779296875,374.4800109863281,374.29998779296875,374.4800109863281,430,0.0,0.0,2023-07-05
124,2023-07-05 10:21:00-04:00,374.4949951171875,374.6499938964844,374.04998779296875,374.17999267578125,1891,0.0,0.0,2023-07-05
125,2023-07-05 10:22:00-04:00,374.4100036621094,374.5,374.4100036621094,374.5,413,0.0,0.0,2023-07-05
126,2023-07-05 10:23:00-04:00,374.4649963378906,374.4649963378906,374.1300048828125,374.4100036621094,1542,0.0,0.0,2023-07-05
127,2023-07-05 10:25:00-04:00,373.989990234375,374.19000244140625,373.989990234375,374.1499938964844,453,0.0,0.0,2023-07-05
128,2023-07-05 10:26:00-04:00,374.19000244140625,374.19000244140625,374.19000244140625,374.19000244140625,208,0.0,0.0,2023-07-05
129,2023-07-05 10:28:00-04:00,374.19000244140625,374.19000244140625,374.19000244140625,374.19000244140625,348,0.0,0.0,2023-07-05
130,2023-07-05 10:29:00-04:00,374.19000244140625,374.2300109863281,374.05999755859375,374.2300109863281,551,0.0,0.0,2023-07-05
131,2023-07-05 10:32:00-04:00,374.1400146484375,374.1400146484375,374.1400146484375,374.1400146484375,1230,0.0,0.0,2023-07-05
132,2023-07-05 10:35:00-04:00,374.7699890136719,374.95001220703125,374.7699890136719,374.95001220703125,625,0.0,0.0,2023-07-05
133,2023-07-05 10:40:00-04:00,375.0950012207031,375.0950012207031,375.0950012207031,375.0950012207031,668,0.0,0.0,2023-07-05
134,2023-07-05 10:43:00-04:00,375.7950134277344,376.1199951171875,375.2099914550781,375.4200134277344,1401,0.0,0.0,2023-07-05
135,2023-07-05 10:45:00-04:00,374.6600036621094,374.6600036621094,374.6600036621094,374.6600036621094,678,0.0,0.0,2023-07-05
136,2023-07-05 10:47:00-04:00,374.6990051269531,374.6990051269531,374.6990051269531,374.6990051269531,232,0.0,0.0,2023-07-05
137,2023-07-05 10:49:00-04:00,374.42498779296875,374.55499267578125,374.42498779296875,374.55499267578125,983,0.0,0.0,2023-07-05
138,2023-07-05 10:50:00-04:00,374.4700012207031,374.57000732421875,374.375,374.57000732421875,311,0.0,0.0,2023-07-05
139,2023-07-05 10:51:00-04:00,374.3699951171875,374.3699951171875,374.3699951171875,374.3699951171875,332,0.0,0.0,2023-07-05
140,2023-07-05 10:52:00-04:00,374.0299987792969,374.0350036621094,374.0299987792969,374.0350036621094,354,0.0,0.0,2023-07-05
141,2023-07-05 10:53:00-04:00,374.1300048828125,374.20001220703125,374.1300048828125,374.20001220703125,1330,0.0,0.0,2023-07-05
142,2023-07-05 10:55:00-04:00,373.8500061035156,373.8699951171875,373.8500061035156,373.8699951171875,330,0.0,0.0,2023-07-05
143,2023-07-05 10:57:00-04:00,373.8399963378906,373.8399963378906,373.7699890136719,373.79998779296875,598,0.0,0.0,2023-07-05
144,2023-07-05 10:58:00-04:00,373.6700134277344,373.6700134277344,373.5799865722656,373.6600036621094,669,0.0,0.0,2023-07-05
145,2023-07-05 11:01:00-04:00,373.7865905761719,373.7865905761719,373.7865905761719,373.7865905761719,1171,0.0,0.0,2023-07-05
146,2023-07-05 11:04:00-04:00,374.7200012207031,374.7200012207031,374.7200012207031,374.7200012207031,343,0.0,0.0,2023-07-05
147,2023-07-05 11:09:00-04:00,375.3349914550781,375.3349914550781,375.3349914550781,375.3349914550781,140,0.0,0.0,2023-07-05
148,2023-07-05 11:12:00-04:00,374.9599914550781,374.9599914550781,374.69000244140625,374.82000732421875,736,0.0,0.0,2023-07-05
149,2023-07-05 11:13:00-04:00,374.6199951171875,374.6199951171875,374.6199951171875,374.6199951171875,230,0.0,0.0,2023-07-05
150,2023-07-05 11:17:00-04:00,374.3900146484375,374.3900146484375,374.3500061035156,374.3900146484375,325,0.0,0.0,2023-07-05
151,2023-07-05 11:18:00-04:00,374.2099914550781,374.2099914550781,374.2099914550781,374.2099914550781,145,0.0,0.0,2023-07-05
152,2023-07-05 11:20:00-04:00,374.70001220703125,374.70001220703125,374.70001220703125,374.70001220703125,528,0.0,0.0,2023-07-05
153,2023-07-05 11:22:00-04:00,374.5799865722656,374.5799865722656,374.5799865722656,374.5799865722656,755,0.0,0.0,2023-07-05
154,2023-07-05 11:30:00-04:00,375.635009765625,375.635009765625,375.635009765625,375.635009765625,265,0.0,0.0,2023-07-05
155,2023-07-05 11:32:00-04:00,375.4049987792969,375.4049987792969,374.989990234375,374.989990234375,1931,0.0,0.0,2023-07-05
156,2023-07-05 11:34:00-04:00,375.04998779296875,375.04998779296875,375.0299987792969,375.0299987792969,1118,0.0,0.0,2023-07-05
157,2023-07-05 11:35:00-04:00,375.260009765625,375.260009765625,375.2406005859375,375.2406005859375,371,0.0,0.0,2023-07-05
158,2023-07-05 11:36:00-04:00,375.32000732421875,375.43499755859375,375.32000732421875,375.43499755859375,650,0.0,0.0,2023-07-05
159,2023-07-05 11:37:00-04:00,375.510009765625,375.510009765625,375.510009765625,375.510009765625,158,0.0,0.0,2023-07-05
160,2023-07-05 11:39:00-04:00,375.1700134277344,375.1700134277344,375.135009765625,375.135009765625,320,0.0,0.0,2023-07-05
161,2023-07-05 11:40:00-04:00,375.4100036621094,375.4100036621094,375.4100036621094,375.4100036621094,141,0.0,0.0,2023-07-05
162,2023-07-05 11:42:00-04:00,375.1300964355469,375.1499938964844,375.1199951171875,375.1499938964844,929,0.0,0.0,2023-07-05
163,2023-07-05 11:43:00-04:00,375.0799865722656,375.0799865722656,375.0799865722656,375.0799865722656,142,0.0,0.0,2023-07-05
164,2023-07-05 11:44:00-04:00,375.0450134277344,375.0450134277344,375.0450134277344,375.0450134277344,556,0.0,0.0,2023-07-05
165,2023-07-05 11:49:00-04:00,375.2650146484375,375.2650146484375,375.2650146484375,375.2650146484375,280,0.0,0.0,2023-07-05
166,2023-07-05 11:50:00-04:00,374.95001220703125,375.05999755859375,374.7300109863281,374.7300109863281,1912,0.0,0.0,2023-07-05
167,2023-07-05 11:51:00-04:00,375.55999755859375,375.7449951171875,375.55999755859375,375.7449951171875,358,0.0,0.0,2023-07-05
168,2023-07-05 11:53:00-04:00,375.7699890136719,375.7699890136719,375.7699890136719,375.7699890136719,421,0.0,0.0,2023-07-05
169,2023-07-05 11:54:00-04:00,375.5400085449219,375.54998779296875,375.4599914550781,375.54998779296875,1814,0.0,0.0,2023-07-05
170,2023-07-05 12:01:00-04:00,375.45001220703125,375.45001220703125,375.45001220703125,375.45001220703125,530,0.0,0.0,2023-07-05
171,2023-07-05 12:06:00-04:00,375.5719909667969,375.5719909667969,375.5719909667969,375.5719909667969,521,0.0,0.0,2023-07-05
172,2023-07-05 12:11:00-04:00,375.7838134765625,375.7838134765625,375.5899963378906,375.7200012207031,1252,0.0,0.0,2023-07-05
173,2023-07-05 12:13:00-04:00,375.7250061035156,375.7250061035156,375.7250061035156,375.7250061035156,355,0.0,0.0,2023-07-05
174,2023-07-05 12:18:00-04:00,375.7550048828125,375.7550048828125,375.7550048828125,375.7550048828125,150,0.0,0.0,2023-07-05
175,2023-07-05 12:19:00-04:00,375.614990234375,375.635009765625,375.614990234375,375.6199951171875,908,0.0,0.0,2023-07-05
176,2023-07-05 12:21:00-04:00,375.5899963378906,375.8900146484375,375.5899963378906,375.8900146484375,597,0.0,0.0,2023-07-05
177,2023-07-05 12:24:00-04:00,376.05999755859375,376.05999755859375,376.05999755859375,376.05999755859375,937,0.0,0.0,2023-07-05
178,2023-07-05 12:28:00-04:00,375.9800109863281,375.989990234375,375.8999938964844,375.9750061035156,1453,0.0,0.0,2023-07-05
179,2023-07-05 12:29:00-04:00,375.75,375.75,375.7300109863281,375.7300109863281,830,0.0,0.0,2023-07-05
180,2023-07-05 12:33:00-04:00,375.6600036621094,375.94000244140625,375.6400146484375,375.94000244140625,685,0.0,0.0,2023-07-05
181,2023-07-05 12:34:00-04:00,375.5799865722656,375.6400146484375,375.5799865722656,375.6400146484375,531,0.0,0.0,2023-07-05
182,2023-07-05 12:36:00-04:00,375.2200012207031,375.2200012207031,375.0299987792969,375.0299987792969,1296,0.0,0.0,2023-07-05
183,2023-07-05 12:41:00-04:00,375.42999267578125,375.42999267578125,375.42999267578125,375.42999267578125,224,0.0,0.0,2023-07-05
184,2023-07-05 12:43:00-04:00,375.760009765625,375.760009765625,375.760009765625,375.760009765625,851,0.0,0.0,2023-07-05
185,2023-07-05 12:51:00-04:00,375.92498779296875,375.92498779296875,375.92498779296875,375.92498779296875,115,0.0,0.0,2023-07-05
186,2023-07-05 12:52:00-04:00,375.7200012207031,375.7200012207031,375.69000244140625,375.69000244140625,764,0.0,0.0,2023-07-05
187,2023-07-05 12:53:00-04:00,375.8800048828125,375.8800048828125,375.8800048828125,375.8800048828125,182,0.0,0.0,2023-07-05
188,2023-07-05 12:56:00-04:00,375.70001220703125,375.70001220703125,375.70001220703125,375.70001220703125,670,0.0,0.0,2023-07-05
189,2023-07-05 13:00:00-04:00,375.6600036621094,375.6600036621094,375.6600036621094,375.6600036621094,489,0.0,0.0,2023-07-05
190,2023-07-05 13:01:00-04:00,375.7349853515625,375.760009765625,375.7349853515625,375.7550048828125,21270,0.0,0.0,2023-07-05
191,2023-07-05 13:02:00-04:00,375.739990234375,376.1300048828125,375.739990234375,375.92498779296875,21883,0.0,0.0,2023-07-05
192,2023-07-05 13:03:00-04:00,376.0,376.0350036621094,376.0,376.0350036621094,2808,0.0,0.0,2023-07-05
193,2023-07-05 13:04:00-04:00,376.1400146484375,376.1400146484375,376.1400146484375,376.1400146484375,100,0.0,0.0,2023-07-05
194,2023-07-05 13:05:00-04:00,376.0199890136719,376.0224914550781,375.9800109863281,376.0224914550781,515,0.0,0.0,2023-07-05
195,2023-07-05 13:06:00-04:00,375.5,375.5,375.1499938964844,375.1499938964844,1503,0.0,0.0,2023-07-05
196,2023-07-05 13:07:00-04:00,375.30999755859375,375.30999755859375,375.30999755859375,375.30999755859375,255,0.0,0.0,2023-07-05
197,2023-07-05 13:10:00-04:00,375.07000732421875,375.1000061035156,374.8699951171875,374.8699951171875,958,0.0,0.0,2023-07-05
198,2023-07-05 13:11:00-04:00,374.75,374.760009765625,374.7300109863281,374.760009765625,479,0.0,0.0,2023-07-05
199,2023-07-05 13:14:00-04:00,375.0400085449219,375.0400085449219,375.0400085449219,375.0400085449219,155,0.0,0.0,2023-07-05
200,2023-07-05 13:16:00-04:00,374.92999267578125,375.44000244140625,374.92999267578125,375.44000244140625,2223,0.0,0.0,2023-07-05
201,2023-07-05 13:17:00-04:00,375.1300048828125,375.20001220703125,375.0899963378906,375.1300048828125,620,0.0,0.0,2023-07-05
202,2023-07-05 13:18:00-04:00,375.2850036621094,375.2850036621094,375.2850036621094,375.2850036621094,259,0.0,0.0,2023-07-05
203,2023-07-05 13:23:00-04:00,375.55999755859375,375.55999755859375,375.55999755859375,375.55999755859375,272,0.0,0.0,2023-07-05
204,2023-07-05 13:25:00-04:00,375.55999755859375,375.55999755859375,375.55999755859375,375.55999755859375,604,0.0,0.0,2023-07-05
205,2023-07-05 13:26:00-04:00,375.7300109863281,375.7300109863281,375.7300109863281,375.7300109863281,301,0.0,0.0,2023-07-05
206,2023-07-05 13:28:00-04:00,375.5199890136719,375.5199890136719,375.510009765625,375.510009765625,510,0.0,0.0,2023-07-05
207,2023-07-05 13:30:00-04:00,375.45001220703125,375.45001220703125,375.45001220703125,375.45001220703125,547,0.0,0.0,2023-07-05
208,2023-07-05 13:33:00-04:00,375.2300109863281,375.2300109863281,375.19000244140625,375.19000244140625,324,0.0,0.0,2023-07-05
209,2023-07-05 13:36:00-04:00,375.510009765625,375.510009765625,375.510009765625,375.510009765625,121,0.0,0.0,2023-07-05
210,2023-07-05 13:38:00-04:00,375.1199951171875,375.1199951171875,375.1199951171875,375.1199951171875,323,0.0,0.0,2023-07-05
211,2023-07-05 13:43:00-04:00,375.4800109863281,375.5,375.4800109863281,375.5,1042,0.0,0.0,2023-07-05
212,2023-07-05 13:45:00-04:00,375.30999755859375,375.3800048828125,375.239990234375,375.25,1137,0.0,0.0,2023-07-05
213,2023-07-05 13:47:00-04:00,375.239990234375,375.239990234375,375.239990234375,375.239990234375,157,0.0,0.0,2023-07-05
214,2023-07-05 13:50:00-04:00,375.25,375.25,375.25,375.25,179,0.0,0.0,2023-07-05
215,2023-07-05 13:52:00-04:00,375.239990234375,375.239990234375,375.239990234375,375.239990234375,151,0.0,0.0,2023-07-05
216,2023-07-05 13:53:00-04:00,375.4200134277344,375.4200134277344,375.4200134277344,375.4200134277344,465,0.0,0.0,2023-07-05
217,2023-07-05 13:55:00-04:00,375.4750061035156,375.4750061035156,375.4750061035156,375.4750061035156,324,0.0,0.0,2023-07-05
218,2023-07-05 13:56:00-04:00,375.30999755859375,375.30999755859375,375.30999755859375,375.30999755859375,198,0.0,0.0,2023-07-05
219,2023-07-05 13:57:00-04:00,375.30499267578125,375.30499267578125,375.1000061035156,375.1000061035156,834,0.0,0.0,2023-07-05
220,2023-07-05 13:58:00-04:00,375.1000061035156,375.1000061035156,375.1000061035156,375.1000061035156,133,0.0,0.0,2023-07-05
221,2023-07-05 13:59:00-04:00,375.0849914550781,375.0849914550781,374.8999938964844,374.8999938964844,1272,0.0,0.0,2023-07-05
222,2023-07-05 14:03:00-04:00,374.9725036621094,374.9725036621094,374.69000244140625,374.95001220703125,5842,0.0,0.0,2023-07-05
223,2023-07-05 14:05:00-04:00,375.1300048828125,375.1449890136719,375.1000061035156,375.1000061035156,1348,0.0,0.0,2023-07-05
224,2023-07-05 14:06:00-04:00,375.2099914550781,375.3399963378906,375.2099914550781,375.3399963378906,356,0.0,0.0,2023-07-05
225,2023-07-05 14:07:00-04:00,375.5450134277344,375.5450134277344,375.5450134277344,375.5450134277344,226,0.0,0.0,2023-07-05
226,2023-07-05 14:08:00-04:00,375.6000061035156,375.6000061035156,375.4599914550781,375.4849853515625,610,0.0,0.0,2023-07-05
227,2023-07-05 14:09:00-04:00,375.44500732421875,375.8800048828125,375.3900146484375,375.4425048828125,1886,0.0,0.0,2023-07-05
228,2023-07-05 14:12:00-04:00,375.6549987792969,375.6549987792969,375.6549987792969,375.6549987792969,379,0.0,0.0,2023-07-05
229,2023-07-05 14:13:00-04:00,375.82000732421875,375.82000732421875,375.82000732421875,375.82000732421875,116,0.0,0.0,2023-07-05
230,2023-07-05 14:14:00-04:00,375.92999267578125,376.07000732421875,375.92999267578125,376.07000732421875,778,0.0,0.0,2023-07-05
231,2023-07-05 14:15:00-04:00,376.1600036621094,376.1600036621094,375.05999755859375,375.05999755859375,1977,0.0,0.0,2023-07-05
232,2023-07-05 14:17:00-04:00,375.1700134277344,375.1700134277344,375.1700134277344,375.1700134277344,654,0.0,0.0,2023-07-05
233,2023-07-05 14:19:00-04:00,374.7900085449219,374.8299865722656,374.6600036621094,374.8299865722656,588,0.0,0.0,2023-07-05
234,2023-07-05 14:20:00-04:00,374.6700134277344,374.6700134277344,374.54998779296875,374.6000061035156,1386,0.0,0.0,2023-07-05
235,2023-07-05 14:25:00-04:00,374.8500061035156,374.8500061035156,374.80999755859375,374.80999755859375,466,0.0,0.0,2023-07-05
236,2023-07-05 14:26:00-04:00,374.7799987792969,374.7799987792969,374.7799987792969,374.7799987792969,112,0.0,0.0,2023-07-05
237,2023-07-05 14:27:00-04:00,374.9849853515625,374.9849853515625,374.9849853515625,374.9849853515625,199,0.0,0.0,2023-07-05
238,2023-07-05 14:28:00-04:00,374.8299865722656,374.8299865722656,374.8299865722656,374.8299865722656,146,0.0,0.0,2023-07-05
239,2023-07-05 14:30:00-04:00,375.0199890136719,375.0199890136719,375.0199890136719,375.0199890136719,180,0.0,0.0,2023-07-05
240,2023-07-05 14:31:00-04:00,375.010009765625,375.010009765625,375.010009765625,375.010009765625,566,0.0,0.0,2023-07-05
241,2023-07-05 14:33:00-04:00,375.0199890136719,375.0199890136719,375.0199890136719,375.0199890136719,301,0.0,0.0,2023-07-05
242,2023-07-05 14:35:00-04:00,374.9100036621094,374.9100036621094,374.9100036621094,374.9100036621094,1207,0.0,0.0,2023-07-05
243,2023-07-05 14:37:00-04:00,375.1600036621094,375.1600036621094,375.1600036621094,375.1600036621094,234,0.0,0.0,2023-07-05
244,2023-07-05 14:39:00-04:00,375.4750061035156,375.4750061035156,375.4750061035156,375.4750061035156,207,0.0,0.0,2023-07-05
245,2023-07-05 14:41:00-04:00,375.1600036621094,375.1600036621094,375.1499938964844,375.1499938964844,876,0.0,0.0,2023-07-05
246,2023-07-05 14:42:00-04:00,375.0799865722656,375.0799865722656,375.05999755859375,375.05999755859375,563,0.0,0.0,2023-07-05
247,2023-07-05 14:45:00-04:00,375.3399963378906,375.3399963378906,375.3399963378906,375.3399963378906,520,0.0,0.0,2023-07-05
248,2023-07-05 14:48:00-04:00,375.67999267578125,375.67999267578125,375.67999267578125,375.67999267578125,112,0.0,0.0,2023-07-05
249,2023-07-05 14:50:00-04:00,375.4700012207031,375.4700012207031,375.4700012207031,375.4700012207031,213,0.0,0.0,2023-07-05
250,2023-07-05 14:51:00-04:00,375.42999267578125,375.42999267578125,375.2300109863281,375.2300109863281,1449,0.0,0.0,2023-07-05
251,2023-07-05 14:52:00-04:00,375.3399963378906,375.3399963378906,375.2699890136719,375.2699890136719,1033,0.0,0.0,2023-07-05
252,2023-07-05 14:54:00-04:00,375.7099914550781,375.7550048828125,375.7099914550781,375.7550048828125,208,0.0,0.0,2023-07-05
253,2023-07-05 14:55:00-04:00,375.7550048828125,375.7550048828125,375.739990234375,375.739990234375,413,0.0,0.0,2023-07-05
254,2023-07-05 14:56:00-04:00,375.8599853515625,375.8599853515625,375.8599853515625,375.8599853515625,349,0.0,0.0,2023-07-05
255,2023-07-05 14:58:00-04:00,376.1000061035156,376.1000061035156,376.1000061035156,376.1000061035156,454,0.0,0.0,2023-07-05
256,2023-07-05 14:59:00-04:00,376.45001220703125,376.45001220703125,376.45001220703125,376.45001220703125,646,0.0,0.0,2023-07-05
257,2023-07-05 15:06:00-04:00,376.3299865722656,376.3299865722656,376.0400085449219,376.0400085449219,1724,0.0,0.0,2023-07-05
258,2023-07-05 15:09:00-04:00,376.1300048828125,376.1300048828125,376.1300048828125,376.1300048828125,107,0.0,0.0,2023-07-05
259,2023-07-05 15:10:00-04:00,376.260009765625,376.260009765625,376.260009765625,376.260009765625,394,0.0,0.0,2023-07-05
260,2023-07-05 15:11:00-04:00,376.45001220703125,376.45001220703125,376.45001220703125,376.45001220703125,492,0.0,0.0,2023-07-05
261,2023-07-05 15:14:00-04:00,376.8900146484375,376.8900146484375,376.8900146484375,376.8900146484375,223,0.0,0.0,2023-07-05
262,2023-07-05 15:15:00-04:00,376.7799987792969,376.7799987792969,376.67999267578125,376.67999267578125,1026,0.0,0.0,2023-07-05
263,2023-07-05 15:16:00-04:00,376.5050048828125,376.5050048828125,376.5050048828125,376.5050048828125,465,0.0,0.0,2023-07-05
264,2023-07-05 15:18:00-04:00,376.44000244140625,376.44000244140625,376.30999755859375,376.3599853515625,483,0.0,0.0,2023-07-05
265,2023-07-05 15:19:00-04:00,376.6400146484375,376.67999267578125,376.42999267578125,376.5950012207031,2251,0.0,0.0,2023-07-05
266,2023-07-05 15:20:00-04:00,376.42999267578125,376.7300109863281,376.3900146484375,376.7300109863281,3748,0.0,0.0,2023-07-05
267,2023-07-05 15:22:00-04:00,376.69000244140625,376.69000244140625,376.69000244140625,376.69000244140625,100,0.0,0.0,2023-07-05
268,2023-07-05 15:23:00-04:00,376.69000244140625,377.239990234375,376.6000061035156,377.239990234375,8299,0.0,0.0,2023-07-05
269,2023-07-05 15:24:00-04:00,377.2825012207031,377.3399963378906,377.2825012207031,377.3399963378906,857,0.0,0.0,2023-07-05
270,2023-07-05 15:25:00-04:00,377.4289855957031,377.6099853515625,377.4289855957031,377.5199890136719,833,0.0,0.0,2023-07-05
271,2023-07-05 15:26:00-04:00,377.510009765625,377.510009765625,377.510009765625,377.510009765625,590,0.0,0.0,2023-07-05
272,2023-07-05 15:27:00-04:00,377.42999267578125,377.5299987792969,377.3299865722656,377.5299987792969,1348,0.0,0.0,2023-07-05
273,2023-07-05 15:29:00-04:00,377.43499755859375,377.43499755859375,377.43499755859375,377.43499755859375,215,0.0,0.0,2023-07-05
274,2023-07-05 15:30:00-04:00,377.6000061035156,377.7550048828125,377.5899963378906,377.7550048828125,959,0.0,0.0,2023-07-05
275,2023-07-05 15:31:00-04:00,377.79998779296875,377.79998779296875,377.79998779296875,377.79998779296875,212,0.0,0.0,2023-07-05
276,2023-07-05 15:32:00-04:00,377.7900085449219,377.7900085449219,377.6400146484375,377.6400146484375,352,0.0,0.0,2023-07-05
277,2023-07-05 15:33:00-04:00,377.625,377.625,377.625,377.625,224,0.0,0.0,2023-07-05
278,2023-07-05 15:34:00-04:00,377.6400146484375,377.6400146484375,377.4100036621094,377.55999755859375,4127,0.0,0.0,2023-07-05
279,2023-07-05 15:35:00-04:00,377.55999755859375,377.79998779296875,377.55999755859375,377.79998779296875,2524,0.0,0.0,2023-07-05
280,2023-07-05 15:36:00-04:00,377.8399963378906,377.8399963378906,377.4800109863281,377.4800109863281,2756,0.0,0.0,2023-07-05
281,2023-07-05 15:37:00-04:00,377.5400085449219,377.5899963378906,377.5400085449219,377.5899963378906,369,0.0,0.0,2023-07-05
282,2023-07-05 15:38:00-04:00,377.5899963378906,377.5899963378906,377.5899963378906,377.5899963378906,295,0.0,0.0,2023-07-05
283,2023-07-05 15:39:00-04:00,377.6000061035156,377.6000061035156,377.6000061035156,377.6000061035156,349,0.0,0.0,2023-07-05
284,2023-07-05 15:40:00-04:00,377.7300109863281,377.7550048828125,377.7300109863281,377.7550048828125,600,0.0,0.0,2023-07-05
285,2023-07-05 15:41:00-04:00,377.8699951171875,377.9150085449219,377.8699951171875,377.9150085449219,741,0.0,0.0,2023-07-05
286,2023-07-05 15:42:00-04:00,377.9150085449219,377.9150085449219,377.69000244140625,377.69000244140625,1200,0.0,0.0,2023-07-05
287,2023-07-05 15:43:00-04:00,377.7200012207031,377.7200012207031,377.69000244140625,377.69000244140625,475,0.0,0.0,2023-07-05
288,2023-07-05 15:44:00-04:00,377.6650085449219,377.6650085449219,377.6650085449219,377.6650085449219,217,0.0,0.0,2023-07-05
289,2023-07-05 15:45:00-04:00,377.5400085449219,377.5400085449219,377.32000732421875,377.45001220703125,3312,0.0,0.0,2023-07-05
290,2023-07-05 15:46:00-04:00,377.2950134277344,377.4599914550781,377.2900085449219,377.4599914550781,1170,0.0,0.0,2023-07-05
291,2023-07-05 15:47:00-04:00,377.3900146484375,377.43499755859375,377.3699951171875,377.43499755859375,1525,0.0,0.0,2023-07-05
292,2023-07-05 15:48:00-04:00,377.42498779296875,377.44500732421875,377.42498779296875,377.44000244140625,830,0.0,0.0,2023-07-05
293,2023-07-05 15:49:00-04:00,377.42999267578125,377.5400085449219,377.42999267578125,377.5400085449219,567,0.0,0.0,2023-07-05
294,2023-07-05 15:50:00-04:00,377.54998779296875,377.5899963378906,377.3999938964844,377.57000732421875,2283,0.0,0.0,2023-07-05
295,2023-07-05 15:51:00-04:00,377.4599914550781,377.4599914550781,377.4549865722656,377.4599914550781,534,0.0,0.0,2023-07-05
296,2023-07-05 15:52:00-04:00,377.45001220703125,377.45001220703125,377.3699951171875,377.375,2716,0.0,0.0,2023-07-05
297,2023-07-05 15:53:00-04:00,377.3800048828125,377.3900146484375,377.3500061035156,377.3800048828125,1359,0.0,0.0,2023-07-05
298,2023-07-05 15:54:00-04:00,377.3800048828125,377.4100036621094,376.95001220703125,376.95001220703125,3669,0.0,0.0,2023-07-05
299,2023-07-05 15:55:00-04:00,377.1300048828125,377.5299987792969,377.1199951171875,377.5299987792969,4466,0.0,0.0,2023-07-05
300,2023-07-05 15:56:00-04:00,377.3299865722656,378.0,377.2900085449219,378.0,11440,0.0,0.0,2023-07-05
301,2023-07-05 15:57:00-04:00,378.010009765625,378.1400146484375,377.82000732421875,377.8299865722656,5413,0.0,0.0,2023-07-05
302,2023-07-05 15:58:00-04:00,377.82000732421875,378.0849914550781,377.80999755859375,378.0849914550781,8757,0.0,0.0,2023-07-05
303,2023-07-05 15:59:00-04:00,378.0249938964844,378.1600036621094,377.2699890136719,377.2900085449219,13295,0.0,0.0,2023-07-05
304,2023-07-06 09:30:00-04:00,374.1600036621094,374.1600036621094,373.0350036621094,373.0350036621094,2492,0.0,0.0,2023-07-06
305,2023-07-06 09:32:00-04:00,374.57501220703125,374.57501220703125,374.57501220703125,374.57501220703125,168,0.0,0.0,2023-07-06
306,2023-07-06 09:33:00-04:00,374.5799865722656,374.5799865722656,374.5799865722656,374.5799865722656,223,0.0,0.0,2023-07-06
307,2023-07-06 09:36:00-04:00,373.17999267578125,373.17999267578125,373.17999267578125,373.17999267578125,132,0.0,0.0,2023-07-06
308,2023-07-06 09:38:00-04:00,374.54998779296875,374.54998779296875,373.2900085449219,374.54998779296875,3461,0.0,0.0,2023-07-06
309,2023-07-06 09:39:00-04:00,374.54998779296875,374.54998779296875,373.010009765625,373.010009765625,362,0.0,0.0,2023-07-06
310,2023-07-06 09:41:00-04:00,375.80499267578125,375.80499267578125,375.80499267578125,375.80499267578125,169,0.0,0.0,2023-07-06
311,2023-07-06 09:43:00-04:00,375.6700134277344,375.67999267578125,375.6700134277344,375.67999267578125,380,0.0,0.0,2023-07-06
312,2023-07-06 09:44:00-04:00,375.92498779296875,376.4049987792969,375.6700134277344,376.4049987792969,1463,0.0,0.0,2023-07-06
313,2023-07-06 09:45:00-04:00,376.4700012207031,376.4700012207031,376.4700012207031,376.4700012207031,153,0.0,0.0,2023-07-06
314,2023-07-06 09:47:00-04:00,375.739990234375,375.75,375.510009765625,375.75,456,0.0,0.0,2023-07-06
315,2023-07-06 09:48:00-04:00,376.8500061035156,376.8500061035156,376.8500061035156,376.8500061035156,334,0.0,0.0,2023-07-06
316,2023-07-06 09:49:00-04:00,377.375,377.375,377.375,377.375,173,0.0,0.0,2023-07-06
317,2023-07-06 09:51:00-04:00,377.5150146484375,377.5150146484375,377.5150146484375,377.5150146484375,183,0.0,0.0,2023-07-06
318,2023-07-06 09:52:00-04:00,377.55999755859375,377.55999755859375,377.55999755859375,377.55999755859375,125,0.0,0.0,2023-07-06
319,2023-07-06 09:53:00-04:00,377.55999755859375,377.55999755859375,377.55999755859375,377.55999755859375,255,0.0,0.0,2023-07-06
320,2023-07-06 09:54:00-04:00,376.49249267578125,376.49249267578125,376.49249267578125,376.49249267578125,176,0.0,0.0,2023-07-06
321,2023-07-06 09:55:00-04:00,377.2149963378906,377.2300109863281,377.2149963378906,377.2300109863281,457,0.0,0.0,2023-07-06
322,2023-07-06 09:56:00-04:00,377.7099914550781,377.7099914550781,377.7099914550781,377.7099914550781,170,0.0,0.0,2023-07-06
323,2023-07-06 09:58:00-04:00,377.7149963378906,377.94000244140625,377.7149963378906,377.94000244140625,1329,0.0,0.0,2023-07-06
324,2023-07-06 09:59:00-04:00,377.55999755859375,378.4100036621094,377.4800109863281,378.4100036621094,589,0.0,0.0,2023-07-06
325,2023-07-06 10:00:00-04:00,377.05999755859375,377.30999755859375,377.04998779296875,377.04998779296875,2226,0.0,0.0,2023-07-06
326,2023-07-06 10:06:00-04:00,376.7099914550781,376.7300109863281,375.8900146484375,375.8900146484375,3648,0.0,0.0,2023-07-06
327,2023-07-06 10:08:00-04:00,375.8699951171875,375.9700012207031,375.8399963378906,375.8399963378906,461,0.0,0.0,2023-07-06
328,2023-07-06 10:09:00-04:00,375.79998779296875,376.239990234375,375.79998779296875,376.04998779296875,2275,0.0,0.0,2023-07-06
329,2023-07-06 10:10:00-04:00,375.8599853515625,375.8599853515625,375.8599853515625,375.8599853515625,1404,0.0,0.0,2023-07-06
330,2023-07-06 10:11:00-04:00,376.25,376.25,376.25,376.25,996,0.0,0.0,2023-07-06
331,2023-07-06 10:13:00-04:00,375.7200012207031,375.9700012207031,375.2900085449219,375.56500244140625,5224,0.0,0.0,2023-07-06
332,2023-07-06 10:14:00-04:00,375.3599853515625,375.6099853515625,375.32000732421875,375.6099853515625,967,0.0,0.0,2023-07-06
333,2023-07-06 10:15:00-04:00,375.8699951171875,375.8699951171875,375.8699951171875,375.8699951171875,244,0.0,0.0,2023-07-06
334,2023-07-06 10:16:00-04:00,375.75,375.75,375.17999267578125,375.3500061035156,1898,0.0,0.0,2023-07-06
335,2023-07-06 10:17:00-04:00,375.04998779296875,375.3900146484375,375.04998779296875,375.3900146484375,1133,0.0,0.0,2023-07-06
336,2023-07-06 10:18:00-04:00,375.29998779296875,375.29998779296875,375.29998779296875,375.29998779296875,283,0.0,0.0,2023-07-06
337,2023-07-06 10:21:00-04:00,374.989990234375,375.07000732421875,374.7099914550781,375.05999755859375,2018,0.0,0.0,2023-07-06
338,2023-07-06 10:22:00-04:00,375.4100036621094,375.4599914550781,375.4100036621094,375.4599914550781,574,0.0,0.0,2023-07-06
339,2023-07-06 10:23:00-04:00,375.385009765625,375.385009765625,375.385009765625,375.385009765625,411,0.0,0.0,2023-07-06
340,2023-07-06 10:24:00-04:00,375.1099853515625,375.1099853515625,375.1099853515625,375.1099853515625,824,0.0,0.0,2023-07-06
341,2023-07-06 10:27:00-04:00,375.2799987792969,375.6499938964844,375.2799987792969,375.3999938964844,776,0.0,0.0,2023-07-06
342,2023-07-06 10:28:00-04:00,375.55999755859375,375.55999755859375,375.55999755859375,375.55999755859375,3146,0.0,0.0,2023-07-06
343,2023-07-06 10:29:00-04:00,375.55999755859375,375.55999755859375,375.2200012207031,375.44500732421875,4273,0.0,0.0,2023-07-06
344,2023-07-06 10:31:00-04:00,375.4800109863281,375.5899963378906,375.2200012207031,375.5899963378906,1822,0.0,0.0,2023-07-06
345,2023-07-06 10:32:00-04:00,375.3399963378906,375.5,375.05999755859375,375.085205078125,1934,0.0,0.0,2023-07-06
346,2023-07-06 10:33:00-04:00,375.20001220703125,375.4100036621094,375.20001220703125,375.4100036621094,549,0.0,0.0,2023-07-06
347,2023-07-06 10:34:00-04:00,375.3349914550781,375.55999755859375,375.3349914550781,375.55999755859375,328,0.0,0.0,2023-07-06
348,2023-07-06 10:37:00-04:00,375.385009765625,375.385009765625,375.385009765625,375.385009765625,248,0.0,0.0,2023-07-06
349,2023-07-06 10:38:00-04:00,375.739990234375,375.7799987792969,375.7049865722656,375.7349853515625,1735,0.0,0.0,2023-07-06
350,2023-07-06 10:41:00-04:00,375.7300109863281,375.7300109863281,375.6199951171875,375.7300109863281,847,0.0,0.0,2023-07-06
351,2023-07-06 10:42:00-04:00,375.6199951171875,375.68499755859375,375.6199951171875,375.68499755859375,494,0.0,0.0,2023-07-06
352,2023-07-06 10:44:00-04:00,375.8800048828125,375.8999938964844,375.79998779296875,375.79998779296875,855,0.0,0.0,2023-07-06
353,2023-07-06 10:45:00-04:00,376.0350036621094,376.0350036621094,376.0350036621094,376.0350036621094,267,0.0,0.0,2023-07-06
354,2023-07-06 10:46:00-04:00,375.95001220703125,375.95001220703125,375.7200012207031,375.7200012207031,1663,0.0,0.0,2023-07-06
355,2023-07-06 10:47:00-04:00,375.7749938964844,375.8599853515625,375.7749938964844,375.7799987792969,503,0.0,0.0,2023-07-06
356,2023-07-06 10:48:00-04:00,375.8599853515625,375.8599853515625,375.8599853515625,375.8599853515625,495,0.0,0.0,2023-07-06
357,2023-07-06 10:50:00-04:00,375.8599853515625,375.8599853515625,375.739990234375,375.739990234375,551,0.0,0.0,2023-07-06
358,2023-07-06 10:52:00-04:00,375.8999938964844,375.8999938964844,375.6499938964844,375.739990234375,935,0.0,0.0,2023-07-06
359,2023-07-06 10:54:00-04:00,375.5899963378906,375.5899963378906,375.5899963378906,375.5899963378906,478,0.0,0.0,2023-07-06
360,2023-07-06 10:55:00-04:00,375.5899963378906,375.5899963378906,375.4100036621094,375.5299987792969,1608,0.0,0.0,2023-07-06
361,2023-07-06 10:56:00-04:00,375.5249938964844,375.5249938964844,375.5249938964844,375.5249938964844,2309,0.0,0.0,2023-07-06
362,2023-07-06 10:57:00-04:00,375.42999267578125,375.5299987792969,375.3800048828125,375.5299987792969,2151,0.0,0.0,2023-07-06
363,2023-07-06 10:59:00-04:00,375.70001220703125,375.739990234375,375.70001220703125,375.70001220703125,855,0.0,0.0,2023-07-06
364,2023-07-06 11:01:00-04:00,375.45001220703125,375.54998779296875,375.45001220703125,375.54998779296875,250,0.0,0.0,2023-07-06
365,2023-07-06 11:02:00-04:00,375.59869384765625,375.739990234375,375.59869384765625,375.739990234375,325,0.0,0.0,2023-07-06
366,2023-07-06 11:03:00-04:00,375.69000244140625,375.69000244140625,375.67498779296875,375.67498779296875,495,0.0,0.0,2023-07-06
367,2023-07-06 11:04:00-04:00,375.6925048828125,375.7099914550781,375.6925048828125,375.7099914550781,249,0.0,0.0,2023-07-06
368,2023-07-06 11:06:00-04:00,375.7049865722656,375.7049865722656,375.7049865722656,375.7049865722656,1463,0.0,0.0,2023-07-06
369,2023-07-06 11:07:00-04:00,375.8699951171875,375.8699951171875,375.8500061035156,375.8500061035156,491,0.0,0.0,2023-07-06
370,2023-07-06 11:09:00-04:00,375.82000732421875,375.82000732421875,375.80999755859375,375.82000732421875,541,0.0,0.0,2023-07-06
371,2023-07-06 11:10:00-04:00,375.5299987792969,375.5299987792969,375.3800048828125,375.3800048828125,1568,0.0,0.0,2023-07-06
372,2023-07-06 11:11:00-04:00,375.54998779296875,375.54998779296875,375.2950134277344,375.2950134277344,2000,0.0,0.0,2023-07-06
373,2023-07-06 11:12:00-04:00,375.510009765625,375.510009765625,375.3999938964844,375.3999938964844,1001,0.0,0.0,2023-07-06
374,2023-07-06 11:16:00-04:00,375.4800109863281,375.4800109863281,375.4800109863281,375.4800109863281,250,0.0,0.0,2023-07-06
375,2023-07-06 11:17:00-04:00,375.55999755859375,375.760009765625,375.55999755859375,375.760009765625,726,0.0,0.0,2023-07-06
376,2023-07-06 11:21:00-04:00,375.54998779296875,375.54998779296875,375.2900085449219,375.2900085449219,1036,0.0,0.0,2023-07-06
377,2023-07-06 11:22:00-04:00,375.239990234375,375.29998779296875,375.1099853515625,375.2900085449219,2371,0.0,0.0,2023-07-06
378,2023-07-06 11:24:00-04:00,375.44000244140625,375.45001220703125,375.44000244140625,375.45001220703125,601,0.0,0.0,2023-07-06
379,2023-07-06 11:25:00-04:00,375.30499267578125,375.30499267578125,375.30499267578125,375.30499267578125,235,0.0,0.0,2023-07-06
380,2023-07-06 11:26:00-04:00,375.489990234375,375.489990234375,375.489990234375,375.489990234375,563,0.0,0.0,2023-07-06
381,2023-07-06 11:29:00-04:00,375.5199890136719,375.70001220703125,375.4599914550781,375.4949951171875,1284,0.0,0.0,2023-07-06
382,2023-07-06 11:31:00-04:00,375.4949951171875,375.4949951171875,375.4949951171875,375.4949951171875,424,0.0,0.0,2023-07-06
383,2023-07-06 11:34:00-04:00,375.5350036621094,375.5350036621094,375.5350036621094,375.5350036621094,110,0.0,0.0,2023-07-06
384,2023-07-06 11:35:00-04:00,375.5299987792969,375.5299987792969,375.5299987792969,375.5299987792969,1062,0.0,0.0,2023-07-06
385,2023-07-06 11:36:00-04:00,375.489990234375,375.489990234375,375.489990234375,375.489990234375,283,0.0,0.0,2023-07-06
386,2023-07-06 11:37:00-04:00,375.4700012207031,375.489990234375,375.25,375.2799987792969,1443,0.0,0.0,2023-07-06
387,2023-07-06 11:38:00-04:00,375.3299865722656,375.3800048828125,375.3299865722656,375.3599853515625,618,0.0,0.0,2023-07-06
388,2023-07-06 11:39:00-04:00,375.5400085449219,375.5400085449219,375.510009765625,375.510009765625,246,0.0,0.0,2023-07-06
389,2023-07-06 11:40:00-04:00,375.3949890136719,375.6300048828125,375.3949890136719,375.44000244140625,2869,0.0,0.0,2023-07-06
390,2023-07-06 11:42:00-04:00,375.7449951171875,375.7449951171875,375.7449951171875,375.7449951171875,291,0.0,0.0,2023-07-06
391,2023-07-06 11:44:00-04:00,375.489990234375,375.489990234375,375.3800048828125,375.489990234375,513,0.0,0.0,2023-07-06
392,2023-07-06 11:45:00-04:00,375.6199951171875,375.6199951171875,375.4700012207031,375.4700012207031,1358,0.0,0.0,2023-07-06
393,2023-07-06 11:46:00-04:00,375.67999267578125,375.7300109863281,375.31500244140625,375.614990234375,2289,0.0,0.0,2023-07-06
394,2023-07-06 11:47:00-04:00,375.57000732421875,375.57000732421875,375.57000732421875,375.57000732421875,200,0.0,0.0,2023-07-06
395,2023-07-06 11:49:00-04:00,375.5,375.54998779296875,375.5,375.54998779296875,247,0.0,0.0,2023-07-06
396,2023-07-06 11:50:00-04:00,375.56500244140625,375.56500244140625,375.56500244140625,375.56500244140625,180,0.0,0.0,2023-07-06
397,2023-07-06 11:51:00-04:00,375.4700012207031,375.4700012207031,375.4700012207031,375.4700012207031,357,0.0,0.0,2023-07-06
398,2023-07-06 11:52:00-04:00,375.5199890136719,375.5299987792969,375.5199890136719,375.5299987792969,715,0.0,0.0,2023-07-06
399,2023-07-06 11:55:00-04:00,375.55999755859375,375.55999755859375,375.55999755859375,375.55999755859375,614,0.0,0.0,2023-07-06
400,2023-07-06 11:56:00-04:00,375.79998779296875,375.79998779296875,375.79998779296875,375.79998779296875,128,0.0,0.0,2023-07-06
401,2023-07-06 11:57:00-04:00,375.69000244140625,375.8999938964844,375.69000244140625,375.8699951171875,943,0.0,0.0,2023-07-06
402,2023-07-06 11:59:00-04:00,376.0899963378906,376.2550048828125,375.989990234375,376.2550048828125,533,0.0,0.0,2023-07-06
403,2023-07-06 12:00:00-04:00,376.4100036621094,376.4100036621094,376.2449951171875,376.260009765625,465,0.0,0.0,2023-07-06
404,2023-07-06 12:01:00-04:00,376.3550109863281,376.5150146484375,376.3550109863281,376.5150146484375,2747,0.0,0.0,2023-07-06
405,2023-07-06 12:02:00-04:00,376.5400085449219,376.5899963378906,376.5400085449219,376.5899963378906,611,0.0,0.0,2023-07-06
406,2023-07-06 12:04:00-04:00,376.7149963378906,376.7149963378906,376.7149963378906,376.7149963378906,107,0.0,0.0,2023-07-06
407,2023-07-06 12:06:00-04:00,376.7626953125,376.7626953125,376.7149963378906,376.7149963378906,727,0.0,0.0,2023-07-06
408,2023-07-06 12:07:00-04:00,376.7149963378906,376.7149963378906,376.7149963378906,376.7149963378906,201,0.0,0.0,2023-07-06
409,2023-07-06 12:08:00-04:00,376.7200012207031,376.7200012207031,376.7200012207031,376.7200012207031,423,0.0,0.0,2023-07-06
410,2023-07-06 12:09:00-04:00,377.1400146484375,377.30999755859375,377.1400146484375,377.30999755859375,221,0.0,0.0,2023-07-06
411,2023-07-06 12:10:00-04:00,377.302490234375,377.302490234375,377.302490234375,377.302490234375,295,0.0,0.0,2023-07-06
412,2023-07-06 12:13:00-04:00,377.0899963378906,377.6199951171875,377.0899963378906,377.6199951171875,402,0.0,0.0,2023-07-06
413,2023-07-06 12:18:00-04:00,377.6650085449219,377.6650085449219,377.3699951171875,377.3699951171875,739,0.0,0.0,2023-07-06
414,2023-07-06 12:19:00-04:00,377.3299865722656,377.6650085449219,377.3299865722656,377.6650085449219,303,0.0,0.0,2023-07-06
415,2023-07-06 12:22:00-04:00,377.3599853515625,377.3599853515625,377.3599853515625,377.3599853515625,406,0.0,0.0,2023-07-06
416,2023-07-06 12:28:00-04:00,377.1650085449219,377.625,377.125,377.625,856,0.0,0.0,2023-07-06
417,2023-07-06 12:31:00-04:00,377.67498779296875,377.67498779296875,377.4200134277344,377.4200134277344,357,0.0,0.0,2023-07-06
418,2023-07-06 12:32:00-04:00,377.42999267578125,377.7099914550781,377.3500061035156,377.5799865722656,2875,0.0,0.0,2023-07-06
419,2023-07-06 12:33:00-04:00,377.5799865722656,377.7250061035156,377.5799865722656,377.7250061035156,318,0.0,0.0,2023-07-06
420,2023-07-06 12:34:00-04:00,377.7300109863281,377.7300109863281,377.7149963378906,377.7149963378906,304,0.0,0.0,2023-07-06
421,2023-07-06 12:35:00-04:00,377.635009765625,377.739990234375,377.635009765625,377.739990234375,339,0.0,0.0,2023-07-06
422,2023-07-06 12:36:00-04:00,377.7200012207031,377.7200012207031,377.70001220703125,377.70001220703125,675,0.0,0.0,2023-07-06
423,2023-07-06 12:38:00-04:00,377.8399963378906,377.8399963378906,377.8399963378906,377.8399963378906,147,0.0,0.0,2023-07-06
424,2023-07-06 12:40:00-04:00,377.8900146484375,378.31500244140625,377.8900146484375,377.95001220703125,1625,0.0,0.0,2023-07-06
425,2023-07-06 12:44:00-04:00,378.2349853515625,378.2349853515625,378.2349853515625,378.2349853515625,135,0.0,0.0,2023-07-06
426,2023-07-06 12:45:00-04:00,377.69000244140625,377.69000244140625,377.69000244140625,377.69000244140625,271,0.0,0.0,2023-07-06
427,2023-07-06 12:46:00-04:00,378.0,378.0,378.0,378.0,153,0.0,0.0,2023-07-06
428,2023-07-06 12:49:00-04:00,377.95001220703125,377.95001220703125,377.95001220703125,377.95001220703125,282,0.0,0.0,2023-07-06
429,2023-07-06 12:50:00-04:00,378.17498779296875,378.2349853515625,378.17498779296875,378.2349853515625,210,0.0,0.0,2023-07-06
430,2023-07-06 12:51:00-04:00,378.2250061035156,378.2250061035156,378.2250061035156,378.2250061035156,148,0.0,0.0,2023-07-06
431,2023-07-06 12:52:00-04:00,378.260009765625,378.260009765625,378.260009765625,378.260009765625,113,0.0,0.0,2023-07-06
432,2023-07-06 12:54:00-04:00,378.3800048828125,378.3800048828125,378.3800048828125,378.3800048828125,419,0.0,0.0,2023-07-06
433,2023-07-06 12:55:00-04:00,378.0,378.1925048828125,377.94000244140625,378.1925048828125,1354,0.0,0.0,2023-07-06
434,2023-07-06 12:59:00-04:00,378.6499938964844,379.0400085449219,378.3800048828125,378.7200012207031,3125,0.0,0.0,2023-07-06
435,2023-07-06 13:00:00-04:00,378.7449951171875,378.82000732421875,378.7449951171875,378.82000732421875,781,0.0,0.0,2023-07-06
436,2023-07-06 13:01:00-04:00,378.760009765625,378.8136901855469,378.760009765625,378.8136901855469,308,0.0,0.0,2023-07-06
437,2023-07-06 13:03:00-04:00,378.9649963378906,378.9649963378906,378.7099914550781,378.7099914550781,420,0.0,0.0,2023-07-06
438,2023-07-06 13:04:00-04:00,378.8800048828125,378.8800048828125,378.8800048828125,378.8800048828125,401,0.0,0.0,2023-07-06
439,2023-07-06 13:06:00-04:00,378.95001220703125,378.95001220703125,378.739990234375,378.8699951171875,1141,0.0,0.0,2023-07-06
440,2023-07-06 13:07:00-04:00,378.739990234375,378.739990234375,378.7250061035156,378.7250061035156,445,0.0,0.0,2023-07-06
441,2023-07-06 13:09:00-04:00,378.989990234375,378.989990234375,378.989990234375,378.989990234375,220,0.0,0.0,2023-07-06
442,2023-07-06 13:10:00-04:00,379.0249938964844,379.0249938964844,379.0249938964844,379.0249938964844,186,0.0,0.0,2023-07-06
443,2023-07-06 13:13:00-04:00,379.0400085449219,379.0400085449219,378.6300048828125,378.6300048828125,1815,0.0,0.0,2023-07-06
444,2023-07-06 13:15:00-04:00,378.67999267578125,378.67999267578125,378.29998779296875,378.29998779296875,2355,0.0,0.0,2023-07-06
445,2023-07-06 13:19:00-04:00,378.1700134277344,378.1700134277344,377.989990234375,377.989990234375,1838,0.0,0.0,2023-07-06
446,2023-07-06 13:30:00-04:00,377.6700134277344,377.6700134277344,377.6700134277344,377.6700134277344,265,0.0,0.0,2023-07-06
447,2023-07-06 13:31:00-04:00,377.6600036621094,377.6600036621094,377.6499938964844,377.6499938964844,532,0.0,0.0,2023-07-06
448,2023-07-06 13:32:00-04:00,377.5299987792969,377.5299987792969,377.510009765625,377.510009765625,351,0.0,0.0,2023-07-06
449,2023-07-06 13:34:00-04:00,377.6600036621094,377.6600036621094,377.3500061035156,377.3500061035156,766,0.0,0.0,2023-07-06
450,2023-07-06 13:36:00-04:00,377.3500061035156,377.3800048828125,377.07501220703125,377.07501220703125,1566,0.0,0.0,2023-07-06
451,2023-07-06 13:37:00-04:00,376.4599914550781,376.4599914550781,376.3699951171875,376.3699951171875,324,0.0,0.0,2023-07-06
452,2023-07-06 13:38:00-04:00,376.3699951171875,376.3699951171875,376.3699951171875,376.3699951171875,538,0.0,0.0,2023-07-06
453,2023-07-06 13:41:00-04:00,376.239990234375,376.239990234375,376.239990234375,376.239990234375,418,0.0,0.0,2023-07-06
454,2023-07-06 13:43:00-04:00,376.70001220703125,376.70001220703125,376.6099853515625,376.6600036621094,1485,0.0,0.0,2023-07-06
455,2023-07-06 13:44:00-04:00,376.6000061035156,376.6000061035156,376.55999755859375,376.55999755859375,481,0.0,0.0,2023-07-06
456,2023-07-06 13:45:00-04:00,376.4100036621094,376.4100036621094,376.4100036621094,376.4100036621094,123,0.0,0.0,2023-07-06
457,2023-07-06 13:47:00-04:00,376.3399963378906,376.3399963378906,376.1199951171875,376.1199951171875,1162,0.0,0.0,2023-07-06
458,2023-07-06 13:48:00-04:00,375.8999938964844,375.8999938964844,375.8999938964844,375.8999938964844,476,0.0,0.0,2023-07-06
459,2023-07-06 13:49:00-04:00,376.0400085449219,376.0400085449219,375.8399963378906,375.8599853515625,456,0.0,0.0,2023-07-06
460,2023-07-06 13:50:00-04:00,375.80999755859375,375.82000732421875,375.80999755859375,375.80999755859375,460,0.0,0.0,2023-07-06
461,2023-07-06 13:51:00-04:00,375.7900085449219,375.82000732421875,375.489990234375,375.489990234375,835,0.0,0.0,2023-07-06
462,2023-07-06 13:52:00-04:00,375.54998779296875,375.54998779296875,375.5400085449219,375.5400085449219,353,0.0,0.0,2023-07-06
463,2023-07-06 13:54:00-04:00,375.5199890136719,375.5299987792969,375.5199890136719,375.5299987792969,564,0.0,0.0,2023-07-06
464,2023-07-06 13:55:00-04:00,375.54998779296875,375.739990234375,375.489990234375,375.57000732421875,1449,0.0,0.0,2023-07-06
465,2023-07-06 13:56:00-04:00,375.7099914550781,375.7699890136719,375.6300048828125,375.6300048828125,2907,0.0,0.0,2023-07-06
466,2023-07-06 13:57:00-04:00,376.1000061035156,376.1700134277344,375.9200134277344,376.0249938964844,963,0.0,0.0,2023-07-06
467,2023-07-06 13:59:00-04:00,376.04998779296875,376.04998779296875,375.8800048828125,375.8800048828125,539,0.0,0.0,2023-07-06
468,2023-07-06 14:00:00-04:00,375.760009765625,375.760009765625,375.54998779296875,375.54998779296875,795,0.0,0.0,2023-07-06
469,2023-07-06 14:02:00-04:00,375.489990234375,375.54998779296875,375.45001220703125,375.510009765625,1259,0.0,0.0,2023-07-06
470,2023-07-06 14:04:00-04:00,375.510009765625,375.510009765625,375.510009765625,375.510009765625,718,0.0,0.0,2023-07-06
471,2023-07-06 14:06:00-04:00,375.44000244140625,375.44000244140625,375.44000244140625,375.44000244140625,111,0.0,0.0,2023-07-06
472,2023-07-06 14:07:00-04:00,375.5849914550781,375.8699951171875,375.510009765625,375.5400085449219,2878,0.0,0.0,2023-07-06
473,2023-07-06 14:13:00-04:00,375.7799987792969,375.7799987792969,375.7799987792969,375.7799987792969,595,0.0,0.0,2023-07-06
474,2023-07-06 14:16:00-04:00,375.94000244140625,376.1600036621094,375.8949890136719,376.056396484375,2687,0.0,0.0,2023-07-06
475,2023-07-06 14:17:00-04:00,375.9700012207031,376.010009765625,375.9700012207031,376.010009765625,1203,0.0,0.0,2023-07-06
476,2023-07-06 14:19:00-04:00,376.0,376.0,376.0,376.0,5009,0.0,0.0,2023-07-06
477,2023-07-06 14:20:00-04:00,375.875,375.875,375.75,375.75,1164,0.0,0.0,2023-07-06
478,2023-07-06 14:21:00-04:00,375.57000732421875,375.760009765625,375.489990234375,375.67999267578125,2368,0.0,0.0,2023-07-06
479,2023-07-06 14:25:00-04:00,375.6195068359375,375.6195068359375,375.6195068359375,375.6195068359375,392,0.0,0.0,2023-07-06
480,2023-07-06 14:27:00-04:00,375.4100036621094,375.5474853515625,375.4100036621094,375.5299987792969,1095,0.0,0.0,2023-07-06
481,2023-07-06 14:28:00-04:00,375.7300109863281,375.7699890136719,375.5,375.5,4329,0.0,0.0,2023-07-06
482,2023-07-06 14:29:00-04:00,375.5150146484375,375.5150146484375,375.3599853515625,375.4599914550781,580,0.0,0.0,2023-07-06
483,2023-07-06 14:30:00-04:00,375.3900146484375,375.44000244140625,375.2900085449219,375.44000244140625,572,0.0,0.0,2023-07-06
484,2023-07-06 14:31:00-04:00,375.47589111328125,375.47589111328125,375.4013977050781,375.4013977050781,379,0.0,0.0,2023-07-06
485,2023-07-06 14:32:00-04:00,375.54998779296875,375.67498779296875,375.44000244140625,375.67498779296875,1940,0.0,0.0,2023-07-06
486,2023-07-06 14:34:00-04:00,375.92498779296875,375.92498779296875,375.92498779296875,375.92498779296875,147,0.0,0.0,2023-07-06
487,2023-07-06 14:36:00-04:00,375.9599914550781,375.9750061035156,375.9599914550781,375.9750061035156,306,0.0,0.0,2023-07-06
488,2023-07-06 14:37:00-04:00,375.875,375.8800048828125,375.875,375.8800048828125,286,0.0,0.0,2023-07-06
489,2023-07-06 14:39:00-04:00,376.07501220703125,376.07501220703125,376.07501220703125,376.07501220703125,116,0.0,0.0,2023-07-06
490,2023-07-06 14:41:00-04:00,376.0950012207031,376.0950012207031,376.0950012207031,376.0950012207031,240,0.0,0.0,2023-07-06
491,2023-07-06 14:43:00-04:00,376.1199951171875,376.1199951171875,376.1199951171875,376.1199951171875,202,0.0,0.0,2023-07-06
492,2023-07-06 14:44:00-04:00,375.93499755859375,376.18499755859375,375.93499755859375,376.18499755859375,635,0.0,0.0,2023-07-06
493,2023-07-06 14:45:00-04:00,376.17498779296875,376.17498779296875,376.1650085449219,376.1650085449219,228,0.0,0.0,2023-07-06
494,2023-07-06 14:46:00-04:00,376.1499938964844,376.1499938964844,376.1499938964844,376.1499938964844,240,0.0,0.0,2023-07-06
495,2023-07-06 14:47:00-04:00,375.95001220703125,376.1099853515625,375.95001220703125,375.9599914550781,1046,0.0,0.0,2023-07-06
496,2023-07-06 14:48:00-04:00,376.114990234375,376.114990234375,376.114990234375,376.114990234375,128,0.0,0.0,2023-07-06
497,2023-07-06 14:49:00-04:00,376.2200012207031,376.2200012207031,376.1300048828125,376.1300048828125,552,0.0,0.0,2023-07-06
498,2023-07-06 14:50:00-04:00,376.0299987792969,376.0799865722656,376.0299987792969,376.0350036621094,470,0.0,0.0,2023-07-06
499,2023-07-06 14:52:00-04:00,376.2449951171875,376.2449951171875,375.95001220703125,375.95001220703125,1846,0.0,0.0,2023-07-06
500,2023-07-06 14:53:00-04:00,375.94000244140625,375.94000244140625,375.8299865722656,375.8299865722656,954,0.0,0.0,2023-07-06
501,2023-07-06 14:54:00-04:00,375.82000732421875,375.82000732421875,375.80999755859375,375.80999755859375,667,0.0,0.0,2023-07-06
502,2023-07-06 14:57:00-04:00,375.8299865722656,375.8299865722656,375.8299865722656,375.8299865722656,1078,0.0,0.0,2023-07-06
503,2023-07-06 15:00:00-04:00,375.79998779296875,375.79998779296875,375.79998779296875,375.79998779296875,438,0.0,0.0,2023-07-06
504,2023-07-06 15:04:00-04:00,375.7650146484375,375.7650146484375,375.6600036621094,375.7650146484375,739,0.0,0.0,2023-07-06
505,2023-07-06 15:05:00-04:00,375.54998779296875,375.54998779296875,375.30999755859375,375.30999755859375,2179,0.0,0.0,2023-07-06
506,2023-07-06 15:06:00-04:00,375.3500061035156,375.3500061035156,375.3500061035156,375.3500061035156,189,0.0,0.0,2023-07-06
507,2023-07-06 15:07:00-04:00,375.2699890136719,375.32000732421875,375.2699890136719,375.2699890136719,645,0.0,0.0,2023-07-06
508,2023-07-06 15:08:00-04:00,375.45001220703125,375.45001220703125,375.30999755859375,375.3500061035156,1147,0.0,0.0,2023-07-06
509,2023-07-06 15:11:00-04:00,375.260009765625,375.32000732421875,375.260009765625,375.32000732421875,426,0.0,0.0,2023-07-06
510,2023-07-06 15:13:00-04:00,375.3299865722656,375.3299865722656,375.3299865722656,375.3299865722656,407,0.0,0.0,2023-07-06
511,2023-07-06 15:14:00-04:00,375.3299865722656,375.3299865722656,375.2099914550781,375.32501220703125,2053,0.0,0.0,2023-07-06
512,2023-07-06 15:15:00-04:00,375.260009765625,375.30999755859375,375.0400085449219,375.0400085449219,1458,0.0,0.0,2023-07-06
513,2023-07-06 15:16:00-04:00,375.05499267578125,375.05499267578125,375.0150146484375,375.0150146484375,261,0.0,0.0,2023-07-06
514,2023-07-06 15:17:00-04:00,375.0150146484375,375.0224914550781,375.0150146484375,375.0224914550781,269,0.0,0.0,2023-07-06
515,2023-07-06 15:18:00-04:00,374.9599914550781,375.1600036621094,374.9599914550781,375.0050048828125,2647,0.0,0.0,2023-07-06
516,2023-07-06 15:19:00-04:00,375.0,375.1499938964844,375.0,375.1499938964844,1859,0.0,0.0,2023-07-06
517,2023-07-06 15:21:00-04:00,375.19000244140625,375.19000244140625,375.19000244140625,375.19000244140625,128,0.0,0.0,2023-07-06
518,2023-07-06 15:22:00-04:00,375.2099914550781,375.2099914550781,375.2099914550781,375.2099914550781,662,0.0,0.0,2023-07-06
519,2023-07-06 15:23:00-04:00,375.30999755859375,375.3900146484375,375.30999755859375,375.3900146484375,634,0.0,0.0,2023-07-06
520,2023-07-06 15:24:00-04:00,375.3800048828125,375.3999938964844,375.30999755859375,375.30999755859375,755,0.0,0.0,2023-07-06
521,2023-07-06 15:25:00-04:00,375.4049987792969,375.5199890136719,375.32501220703125,375.42498779296875,1088,0.0,0.0,2023-07-06
522,2023-07-06 15:26:00-04:00,375.5350036621094,375.5350036621094,375.5249938964844,375.5249938964844,1376,0.0,0.0,2023-07-06
523,2023-07-06 15:27:00-04:00,375.5299987792969,375.5299987792969,375.489990234375,375.489990234375,209,0.0,0.0,2023-07-06
524,2023-07-06 15:28:00-04:00,375.5299987792969,375.5299987792969,375.5299987792969,375.5299987792969,516,0.0,0.0,2023-07-06
525,2023-07-06 15:29:00-04:00,375.5350036621094,375.5350036621094,375.5350036621094,375.5350036621094,214,0.0,0.0,2023-07-06
526,2023-07-06 15:30:00-04:00,375.5350036621094,375.5350036621094,375.5299987792969,375.5299987792969,756,0.0,0.0,2023-07-06
527,2023-07-06 15:31:00-04:00,375.3900146484375,375.54998779296875,375.3699951171875,375.5400085449219,2055,0.0,0.0,2023-07-06
528,2023-07-06 15:32:00-04:00,375.6000061035156,375.6000061035156,375.6000061035156,375.6000061035156,548,0.0,0.0,2023-07-06
529,2023-07-06 15:33:00-04:00,375.7300109863281,375.7850036621094,375.7300109863281,375.7850036621094,624,0.0,0.0,2023-07-06
530,2023-07-06 15:34:00-04:00,375.635009765625,375.7850036621094,375.635009765625,375.7850036621094,315,0.0,0.0,2023-07-06
531,2023-07-06 15:35:00-04:00,375.76251220703125,375.7900085449219,375.76251220703125,375.7900085449219,401,0.0,0.0,2023-07-06
532,2023-07-06 15:36:00-04:00,375.7900085449219,375.7900085449219,375.7749938964844,375.7749938964844,306,0.0,0.0,2023-07-06
533,2023-07-06 15:37:00-04:00,375.80999755859375,375.80999755859375,375.79998779296875,375.79998779296875,372,0.0,0.0,2023-07-06
534,2023-07-06 15:38:00-04:00,375.81500244140625,375.81500244140625,375.57000732421875,375.57000732421875,1765,0.0,0.0,2023-07-06
535,2023-07-06 15:39:00-04:00,375.55499267578125,375.55499267578125,375.55499267578125,375.55499267578125,135,0.0,0.0,2023-07-06
536,2023-07-06 15:40:00-04:00,375.6050109863281,375.6050109863281,375.6050109863281,375.6050109863281,331,0.0,0.0,2023-07-06
537,2023-07-06 15:41:00-04:00,375.6000061035156,375.6000061035156,375.6000061035156,375.6000061035156,372,0.0,0.0,2023-07-06
538,2023-07-06 15:42:00-04:00,375.5899963378906,375.5899963378906,375.5899963378906,375.5899963378906,708,0.0,0.0,2023-07-06
539,2023-07-06 15:43:00-04:00,375.6700134277344,375.70001220703125,375.6700134277344,375.6824951171875,1361,0.0,0.0,2023-07-06
540,2023-07-06 15:44:00-04:00,375.5950012207031,375.7049865722656,375.5799865722656,375.7049865722656,848,0.0,0.0,2023-07-06
541,2023-07-06 15:45:00-04:00,375.7200012207031,375.7799987792969,375.7200012207031,375.7200012207031,331,0.0,0.0,2023-07-06
542,2023-07-06 15:46:00-04:00,375.7149963378906,375.739990234375,375.7149963378906,375.739990234375,434,0.0,0.0,2023-07-06
543,2023-07-06 15:47:00-04:00,375.7149963378906,375.7149963378906,375.2900085449219,375.32501220703125,4849,0.0,0.0,2023-07-06
544,2023-07-06 15:48:00-04:00,375.4200134277344,375.54998779296875,375.4200134277344,375.54998779296875,1178,0.0,0.0,2023-07-06
545,2023-07-06 15:49:00-04:00,375.5350036621094,375.739990234375,375.4849853515625,375.739990234375,1642,0.0,0.0,2023-07-06
546,2023-07-06 15:50:00-04:00,376.0849914550781,376.0849914550781,375.6199951171875,375.6449890136719,3405,0.0,0.0,2023-07-06
547,2023-07-06 15:51:00-04:00,375.8699951171875,375.8699951171875,375.8699951171875,375.8699951171875,569,0.0,0.0,2023-07-06
548,2023-07-06 15:52:00-04:00,375.8699951171875,376.07000732421875,375.8699951171875,375.9425048828125,1928,0.0,0.0,2023-07-06
549,2023-07-06 15:53:00-04:00,375.9800109863281,375.9800109863281,375.7026062011719,375.7026062011719,2111,0.0,0.0,2023-07-06
550,2023-07-06 15:54:00-04:00,375.7449951171875,376.0249938964844,375.7449951171875,375.92999267578125,2316,0.0,0.0,2023-07-06
551,2023-07-06 15:55:00-04:00,376.0299987792969,376.1499938964844,375.9200134277344,376.0400085449219,2613,0.0,0.0,2023-07-06
552,2023-07-06 15:56:00-04:00,376.1300048828125,376.1400146484375,375.69000244140625,375.7900085449219,7464,0.0,0.0,2023-07-06
553,2023-07-06 15:57:00-04:00,375.82000732421875,376.0899963378906,375.82000732421875,375.8500061035156,3943,0.0,0.0,2023-07-06
554,2023-07-06 15:58:00-04:00,376.07000732421875,376.1099853515625,375.8500061035156,376.0799865722656,6142,0.0,0.0,2023-07-06
555,2023-07-06 15:59:00-04:00,375.8949890136719,376.19000244140625,375.6000061035156,376.1700134277344,21921,0.0,0.0,2023-07-06
556,2023-07-07 09:30:00-04:00,374.57000732421875,374.57000732421875,374.57000732421875,374.57000732421875,2214,0.0,0.0,2023-07-07
557,2023-07-07 09:33:00-04:00,374.3500061035156,374.3500061035156,374.3500061035156,374.3500061035156,137,0.0,0.0,2023-07-07
558,2023-07-07 09:39:00-04:00,376.8500061035156,376.8500061035156,375.45001220703125,376.6300048828125,2418,0.0,0.0,2023-07-07
559,2023-07-07 09:40:00-04:00,376.5799865722656,376.5799865722656,375.57000732421875,376.2300109863281,599,0.0,0.0,2023-07-07
560,2023-07-07 09:41:00-04:00,376.82000732421875,377.6199951171875,376.82000732421875,376.9150085449219,1281,0.0,0.0,2023-07-07
561,2023-07-07 09:42:00-04:00,376.635009765625,376.8900146484375,376.635009765625,376.8900146484375,358,0.0,0.0,2023-07-07
562,2023-07-07 09:43:00-04:00,377.30999755859375,377.30999755859375,377.30999755859375,377.30999755859375,123,0.0,0.0,2023-07-07
563,2023-07-07 09:44:00-04:00,377.30999755859375,377.30999755859375,377.30999755859375,377.30999755859375,130,0.0,0.0,2023-07-07
564,2023-07-07 09:45:00-04:00,377.30499267578125,378.3299865722656,377.30499267578125,377.30999755859375,488,0.0,0.0,2023-07-07
565,2023-07-07 09:48:00-04:00,376.9800109863281,376.9800109863281,376.9800109863281,376.9800109863281,384,0.0,0.0,2023-07-07
566,2023-07-07 09:49:00-04:00,377.42999267578125,377.55999755859375,376.510009765625,377.0924987792969,3229,0.0,0.0,2023-07-07
567,2023-07-07 09:50:00-04:00,376.9750061035156,376.9750061035156,376.9750061035156,376.9750061035156,239,0.0,0.0,2023-07-07
568,2023-07-07 09:51:00-04:00,376.9624938964844,376.9624938964844,376.9624938964844,376.9624938964844,159,0.0,0.0,2023-07-07
569,2023-07-07 09:52:00-04:00,376.9750061035156,376.9750061035156,376.9750061035156,376.9750061035156,346,0.0,0.0,2023-07-07
570,2023-07-07 09:54:00-04:00,377.3900146484375,377.3900146484375,377.3900146484375,377.3900146484375,100,0.0,0.0,2023-07-07
571,2023-07-07 09:55:00-04:00,377.42999267578125,377.42999267578125,377.42999267578125,377.42999267578125,125,0.0,0.0,2023-07-07
572,2023-07-07 09:56:00-04:00,377.5050048828125,377.5050048828125,377.5050048828125,377.5050048828125,122,0.0,0.0,2023-07-07
573,2023-07-07 09:57:00-04:00,377.510009765625,377.5400085449219,377.510009765625,377.5400085449219,590,0.0,0.0,2023-07-07
574,2023-07-07 09:58:00-04:00,378.489990234375,378.489990234375,378.3500061035156,378.3500061035156,547,0.0,0.0,2023-07-07
575,2023-07-07 10:00:00-04:00,378.010009765625,378.010009765625,378.010009765625,378.010009765625,220,0.0,0.0,2023-07-07
576,2023-07-07 10:01:00-04:00,377.2200012207031,377.2200012207031,377.0199890136719,377.0199890136719,1454,0.0,0.0,2023-07-07
577,2023-07-07 10:03:00-04:00,376.9100036621094,376.9100036621094,376.9100036621094,376.9100036621094,124,0.0,0.0,2023-07-07
578,2023-07-07 10:05:00-04:00,376.8399963378906,376.8399963378906,376.8399963378906,376.8399963378906,351,0.0,0.0,2023-07-07
579,2023-07-07 10:09:00-04:00,377.31500244140625,377.31500244140625,377.31500244140625,377.31500244140625,211,0.0,0.0,2023-07-07
580,2023-07-07 10:10:00-04:00,377.3800048828125,377.4100036621094,377.3800048828125,377.4100036621094,816,0.0,0.0,2023-07-07
581,2023-07-07 10:11:00-04:00,377.7699890136719,377.7699890136719,377.7699890136719,377.7699890136719,355,0.0,0.0,2023-07-07
582,2023-07-07 10:13:00-04:00,377.6050109863281,377.68499755859375,377.6050109863281,377.68499755859375,276,0.0,0.0,2023-07-07
583,2023-07-07 10:14:00-04:00,377.6050109863281,377.6050109863281,377.6050109863281,377.6050109863281,188,0.0,0.0,2023-07-07
584,2023-07-07 10:15:00-04:00,377.625,377.625,377.625,377.625,480,0.0,0.0,2023-07-07
585,2023-07-07 10:16:00-04:00,376.9800109863281,376.9800109863281,376.9700012207031,376.9700012207031,678,0.0,0.0,2023-07-07
586,2023-07-07 10:18:00-04:00,377.07000732421875,377.07000732421875,377.07000732421875,377.07000732421875,273,0.0,0.0,2023-07-07
587,2023-07-07 10:20:00-04:00,377.2349853515625,377.2349853515625,377.2349853515625,377.2349853515625,236,0.0,0.0,2023-07-07
588,2023-07-07 10:24:00-04:00,377.6050109863281,377.6199951171875,377.6050109863281,377.6199951171875,428,0.0,0.0,2023-07-07
589,2023-07-07 10:26:00-04:00,377.5450134277344,377.5450134277344,377.5450134277344,377.5450134277344,307,0.0,0.0,2023-07-07
590,2023-07-07 10:28:00-04:00,377.6300048828125,377.67999267578125,377.6300048828125,377.67999267578125,1341,0.0,0.0,2023-07-07
591,2023-07-07 10:29:00-04:00,378.0,378.0,378.0,378.0,141,0.0,0.0,2023-07-07
592,2023-07-07 10:30:00-04:00,377.8399963378906,377.8399963378906,377.8399963378906,377.8399963378906,702,0.0,0.0,2023-07-07
593,2023-07-07 10:31:00-04:00,377.1675109863281,377.3550109863281,377.1675109863281,377.3550109863281,781,0.0,0.0,2023-07-07
594,2023-07-07 10:33:00-04:00,376.9100036621094,376.9100036621094,376.9100036621094,376.9100036621094,473,0.0,0.0,2023-07-07
595,2023-07-07 10:35:00-04:00,376.30999755859375,376.32000732421875,376.29998779296875,376.29998779296875,787,0.0,0.0,2023-07-07
596,2023-07-07 10:37:00-04:00,376.6000061035156,376.6000061035156,376.6000061035156,376.6000061035156,201,0.0,0.0,2023-07-07
597,2023-07-07 10:43:00-04:00,376.6400146484375,376.6400146484375,376.6400146484375,376.6400146484375,345,0.0,0.0,2023-07-07
598,2023-07-07 10:46:00-04:00,376.3699951171875,376.3699951171875,376.3699951171875,376.3699951171875,963,0.0,0.0,2023-07-07
599,2023-07-07 10:50:00-04:00,376.1700134277344,376.1700134277344,376.1700134277344,376.1700134277344,201,0.0,0.0,2023-07-07
600,2023-07-07 10:54:00-04:00,375.6650085449219,375.6650085449219,375.6650085449219,375.6650085449219,177,0.0,0.0,2023-07-07
601,2023-07-07 10:56:00-04:00,375.9100036621094,376.05999755859375,375.9100036621094,376.05999755859375,1518,0.0,0.0,2023-07-07
602,2023-07-07 11:01:00-04:00,377.0249938964844,377.0249938964844,376.3999938964844,376.5249938964844,946,0.0,0.0,2023-07-07
603,2023-07-07 11:03:00-04:00,376.7749938964844,376.7749938964844,376.7699890136719,376.7699890136719,318,0.0,0.0,2023-07-07
604,2023-07-07 11:06:00-04:00,376.989990234375,376.989990234375,376.989990234375,376.989990234375,279,0.0,0.0,2023-07-07
605,2023-07-07 11:08:00-04:00,376.67999267578125,376.67999267578125,376.6700134277344,376.6700134277344,558,0.0,0.0,2023-07-07
606,2023-07-07 11:10:00-04:00,376.8900146484375,376.8900146484375,376.69500732421875,376.69500732421875,250,0.0,0.0,2023-07-07
607,2023-07-07 11:12:00-04:00,376.4800109863281,376.5199890136719,376.4700012207031,376.5199890136719,601,0.0,0.0,2023-07-07
608,2023-07-07 11:15:00-04:00,376.7149963378906,376.7149963378906,376.7149963378906,376.7149963378906,184,0.0,0.0,2023-07-07
609,2023-07-07 11:18:00-04:00,376.8900146484375,376.8900146484375,376.8900146484375,376.8900146484375,131,0.0,0.0,2023-07-07
610,2023-07-07 11:19:00-04:00,376.9100036621094,376.9100036621094,376.8800048828125,376.8800048828125,688,0.0,0.0,2023-07-07
611,2023-07-07 11:21:00-04:00,377.07000732421875,377.3550109863281,377.0400085449219,377.0400085449219,459,0.0,0.0,2023-07-07
612,2023-07-07 11:22:00-04:00,377.3450012207031,377.5899963378906,377.3450012207031,377.5899963378906,370,0.0,0.0,2023-07-07
613,2023-07-07 11:27:00-04:00,377.5249938964844,377.5249938964844,377.5249938964844,377.5249938964844,176,0.0,0.0,2023-07-07
614,2023-07-07 11:29:00-04:00,377.57000732421875,377.57000732421875,377.57000732421875,377.57000732421875,102,0.0,0.0,2023-07-07
615,2023-07-07 11:30:00-04:00,377.55499267578125,377.55499267578125,377.55499267578125,377.55499267578125,119,0.0,0.0,2023-07-07
616,2023-07-07 11:31:00-04:00,377.17498779296875,377.17498779296875,377.17498779296875,377.17498779296875,101,0.0,0.0,2023-07-07
617,2023-07-07 11:32:00-04:00,377.57501220703125,377.57501220703125,377.57501220703125,377.57501220703125,161,0.0,0.0,2023-07-07
618,2023-07-07 11:34:00-04:00,377.3699951171875,377.3699951171875,377.19000244140625,377.2950134277344,3429,0.0,0.0,2023-07-07
619,2023-07-07 11:36:00-04:00,377.6300048828125,377.6300048828125,377.6199951171875,377.6199951171875,328,0.0,0.0,2023-07-07
620,2023-07-07 11:37:00-04:00,377.80999755859375,377.80999755859375,377.739990234375,377.739990234375,330,0.0,0.0,2023-07-07
621,2023-07-07 11:38:00-04:00,377.5899963378906,377.5899963378906,377.3500061035156,377.3500061035156,1222,0.0,0.0,2023-07-07
622,2023-07-07 11:39:00-04:00,377.510009765625,377.510009765625,377.510009765625,377.510009765625,411,0.0,0.0,2023-07-07
623,2023-07-07 11:47:00-04:00,377.3900146484375,377.3900146484375,377.2799987792969,377.2799987792969,664,0.0,0.0,2023-07-07
624,2023-07-07 11:48:00-04:00,377.2900085449219,377.2900085449219,377.1400146484375,377.1400146484375,1192,0.0,0.0,2023-07-07
625,2023-07-07 11:52:00-04:00,377.2099914550781,377.2099914550781,377.2099914550781,377.2099914550781,459,0.0,0.0,2023-07-07
626,2023-07-07 11:56:00-04:00,377.17999267578125,377.25,377.17999267578125,377.1875,1380,0.0,0.0,2023-07-07
627,2023-07-07 12:01:00-04:00,376.9100036621094,376.9100036621094,376.8900146484375,376.8900146484375,1020,0.0,0.0,2023-07-07
628,2023-07-07 12:03:00-04:00,376.8800048828125,377.07000732421875,376.8399963378906,376.8399963378906,1126,0.0,0.0,2023-07-07
629,2023-07-07 12:04:00-04:00,376.82000732421875,376.82000732421875,376.6000061035156,376.6000061035156,1016,0.0,0.0,2023-07-07
630,2023-07-07 12:05:00-04:00,376.6400146484375,376.79998779296875,376.6400146484375,376.79998779296875,430,0.0,0.0,2023-07-07
631,2023-07-07 12:06:00-04:00,376.80999755859375,376.80999755859375,376.80999755859375,376.80999755859375,851,0.0,0.0,2023-07-07
632,2023-07-07 12:09:00-04:00,376.9700012207031,376.9775085449219,376.9674987792969,376.9674987792969,630,0.0,0.0,2023-07-07
633,2023-07-07 12:11:00-04:00,376.8949890136719,376.8949890136719,376.8949890136719,376.8949890136719,345,0.0,0.0,2023-07-07
634,2023-07-07 12:12:00-04:00,376.8900146484375,376.8900146484375,376.8900146484375,376.8900146484375,149,0.0,0.0,2023-07-07
635,2023-07-07 12:13:00-04:00,376.9100036621094,376.9100036621094,376.9100036621094,376.9100036621094,243,0.0,0.0,2023-07-07
636,2023-07-07 12:14:00-04:00,377.1000061035156,377.1300048828125,377.1000061035156,377.1300048828125,652,0.0,0.0,2023-07-07
637,2023-07-07 12:21:00-04:00,377.25,377.25,377.25,377.25,101,0.0,0.0,2023-07-07
638,2023-07-07 12:22:00-04:00,377.2550048828125,377.2550048828125,377.2550048828125,377.2550048828125,125,0.0,0.0,2023-07-07
639,2023-07-07 12:24:00-04:00,377.3299865722656,377.3299865722656,377.2550048828125,377.2550048828125,210,0.0,0.0,2023-07-07
640,2023-07-07 12:25:00-04:00,377.260009765625,377.32000732421875,377.260009765625,377.32000732421875,551,0.0,0.0,2023-07-07
641,2023-07-07 12:28:00-04:00,377.31500244140625,377.31500244140625,377.31500244140625,377.31500244140625,388,0.0,0.0,2023-07-07
642,2023-07-07 12:31:00-04:00,377.5150146484375,377.5150146484375,377.5150146484375,377.5150146484375,685,0.0,0.0,2023-07-07
643,2023-07-07 12:32:00-04:00,377.7200012207031,377.7200012207031,377.7200012207031,377.7200012207031,121,0.0,0.0,2023-07-07
644,2023-07-07 12:34:00-04:00,377.4200134277344,377.4200134277344,377.4200134277344,377.4200134277344,195,0.0,0.0,2023-07-07
645,2023-07-07 12:36:00-04:00,377.8299865722656,378.5299987792969,377.8299865722656,378.3450012207031,688,0.0,0.0,2023-07-07
646,2023-07-07 12:38:00-04:00,378.1499938964844,378.1499938964844,378.1499938964844,378.1499938964844,452,0.0,0.0,2023-07-07
647,2023-07-07 12:41:00-04:00,378.2749938964844,378.2749938964844,378.2749938964844,378.2749938964844,139,0.0,0.0,2023-07-07
648,2023-07-07 12:44:00-04:00,378.44000244140625,378.44000244140625,378.44000244140625,378.44000244140625,143,0.0,0.0,2023-07-07
649,2023-07-07 12:47:00-04:00,378.447509765625,378.447509765625,378.3800048828125,378.3800048828125,258,0.0,0.0,2023-07-07
650,2023-07-07 12:48:00-04:00,378.4125061035156,378.4125061035156,378.4125061035156,378.4125061035156,602,0.0,0.0,2023-07-07
651,2023-07-07 12:49:00-04:00,378.04998779296875,378.04998779296875,377.9700012207031,377.9700012207031,1039,0.0,0.0,2023-07-07
652,2023-07-07 12:52:00-04:00,378.3500061035156,378.3500061035156,378.19000244140625,378.19000244140625,320,0.0,0.0,2023-07-07
653,2023-07-07 12:54:00-04:00,378.4700012207031,378.4700012207031,378.4700012207031,378.4700012207031,214,0.0,0.0,2023-07-07
654,2023-07-07 12:58:00-04:00,378.5,378.5,378.489990234375,378.489990234375,411,0.0,0.0,2023-07-07
655,2023-07-07 13:02:00-04:00,379.1700134277344,379.1700134277344,379.1700134277344,379.1700134277344,120,0.0,0.0,2023-07-07
656,2023-07-07 13:03:00-04:00,379.32501220703125,379.32501220703125,379.32501220703125,379.32501220703125,276,0.0,0.0,2023-07-07
657,2023-07-07 13:05:00-04:00,379.3399963378906,379.385009765625,379.3399963378906,379.385009765625,708,0.0,0.0,2023-07-07
658,2023-07-07 13:12:00-04:00,379.6449890136719,379.6449890136719,379.6449890136719,379.6449890136719,229,0.0,0.0,2023-07-07
659,2023-07-07 13:15:00-04:00,379.30499267578125,379.30499267578125,379.30499267578125,379.30499267578125,151,0.0,0.0,2023-07-07
660,2023-07-07 13:16:00-04:00,379.385009765625,379.385009765625,379.385009765625,379.385009765625,257,0.0,0.0,2023-07-07
661,2023-07-07 13:19:00-04:00,379.5050048828125,379.5249938964844,379.5050048828125,379.5249938964844,355,0.0,0.0,2023-07-07
662,2023-07-07 13:21:00-04:00,379.3699951171875,379.5299987792969,379.3699951171875,379.5199890136719,406,0.0,0.0,2023-07-07
663,2023-07-07 13:22:00-04:00,379.489990234375,379.80999755859375,379.489990234375,379.80999755859375,465,0.0,0.0,2023-07-07
664,2023-07-07 13:23:00-04:00,379.6499938964844,379.6499938964844,379.6499938964844,379.6499938964844,135,0.0,0.0,2023-07-07
665,2023-07-07 13:25:00-04:00,379.82000732421875,379.82000732421875,379.614990234375,379.614990234375,767,0.0,0.0,2023-07-07
666,2023-07-07 13:26:00-04:00,379.3800048828125,379.3800048828125,379.32000732421875,379.32000732421875,817,0.0,0.0,2023-07-07
667,2023-07-07 13:32:00-04:00,379.3299865722656,379.3299865722656,379.3299865722656,379.3299865722656,292,0.0,0.0,2023-07-07
668,2023-07-07 13:33:00-04:00,379.31500244140625,379.31500244140625,379.31500244140625,379.31500244140625,305,0.0,0.0,2023-07-07
669,2023-07-07 13:35:00-04:00,379.0199890136719,379.0199890136719,378.79998779296875,378.8374938964844,1765,0.0,0.0,2023-07-07
670,2023-07-07 13:38:00-04:00,378.6700134277344,378.6700134277344,378.6600036621094,378.6600036621094,750,0.0,0.0,2023-07-07
671,2023-07-07 13:41:00-04:00,378.9100036621094,378.9100036621094,378.8900146484375,378.8900146484375,468,0.0,0.0,2023-07-07
672,2023-07-07 13:42:00-04:00,379.010009765625,379.010009765625,379.010009765625,379.010009765625,278,0.0,0.0,2023-07-07
673,2023-07-07 13:47:00-04:00,379.04998779296875,379.04998779296875,378.760009765625,378.760009765625,1008,0.0,0.0,2023-07-07
674,2023-07-07 13:50:00-04:00,378.67999267578125,378.7250061035156,378.3999938964844,378.625,767,0.0,0.0,2023-07-07
675,2023-07-07 13:57:00-04:00,378.6650085449219,378.6650085449219,378.17999267578125,378.2149963378906,1596,0.0,0.0,2023-07-07
676,2023-07-07 13:58:00-04:00,378.29998779296875,378.29998779296875,378.29998779296875,378.29998779296875,526,0.0,0.0,2023-07-07
677,2023-07-07 14:00:00-04:00,378.7099914550781,378.7099914550781,378.7099914550781,378.7099914550781,256,0.0,0.0,2023-07-07
678,2023-07-07 14:06:00-04:00,378.760009765625,378.760009765625,378.760009765625,378.760009765625,305,0.0,0.0,2023-07-07
679,2023-07-07 14:11:00-04:00,378.8399963378906,378.8399963378906,378.8399963378906,378.8399963378906,914,0.0,0.0,2023-07-07
680,2023-07-07 14:13:00-04:00,379.0199890136719,379.0199890136719,378.7250061035156,378.8699951171875,1025,0.0,0.0,2023-07-07
681,2023-07-07 14:16:00-04:00,378.82501220703125,378.82501220703125,378.82501220703125,378.82501220703125,324,0.0,0.0,2023-07-07
682,2023-07-07 14:19:00-04:00,379.0,379.0,379.0,379.0,214,0.0,0.0,2023-07-07
683,2023-07-07 14:21:00-04:00,378.94000244140625,378.9849853515625,378.94000244140625,378.9849853515625,583,0.0,0.0,2023-07-07
684,2023-07-07 14:22:00-04:00,379.0199890136719,379.32000732421875,379.0199890136719,379.32000732421875,902,0.0,0.0,2023-07-07
685,2023-07-07 14:25:00-04:00,379.2149963378906,379.2149963378906,379.2149963378906,379.2149963378906,384,0.0,0.0,2023-07-07
686,2023-07-07 14:26:00-04:00,379.31500244140625,379.57501220703125,379.31500244140625,379.57501220703125,402,0.0,0.0,2023-07-07
687,2023-07-07 14:27:00-04:00,379.3699951171875,379.3699951171875,379.3699951171875,379.3699951171875,161,0.0,0.0,2023-07-07
688,2023-07-07 14:29:00-04:00,379.56500244140625,379.56500244140625,379.56500244140625,379.56500244140625,449,0.0,0.0,2023-07-07
689,2023-07-07 14:31:00-04:00,379.5799865722656,379.5799865722656,379.2900085449219,379.2900085449219,936,0.0,0.0,2023-07-07
690,2023-07-07 14:32:00-04:00,379.0299987792969,379.1199951171875,378.9599914550781,379.1199951171875,683,0.0,0.0,2023-07-07
691,2023-07-07 14:33:00-04:00,379.0199890136719,379.0199890136719,379.0199890136719,379.0199890136719,274,0.0,0.0,2023-07-07
692,2023-07-07 14:34:00-04:00,378.94000244140625,379.0,378.8500061035156,379.0,1086,0.0,0.0,2023-07-07
693,2023-07-07 14:37:00-04:00,378.9649963378906,378.9649963378906,378.9649963378906,378.9649963378906,126,0.0,0.0,2023-07-07
694,2023-07-07 14:38:00-04:00,378.79998779296875,378.79998779296875,378.79998779296875,378.79998779296875,549,0.0,0.0,2023-07-07
695,2023-07-07 14:42:00-04:00,379.125,379.1600036621094,379.125,379.1600036621094,1014,0.0,0.0,2023-07-07
696,2023-07-07 14:43:00-04:00,379.1400146484375,379.1400146484375,379.1050109863281,379.1050109863281,315,0.0,0.0,2023-07-07
697,2023-07-07 14:44:00-04:00,379.1000061035156,379.1000061035156,378.9800109863281,378.9800109863281,423,0.0,0.0,2023-07-07
698,2023-07-07 14:45:00-04:00,378.9150085449219,378.9150085449219,378.9150085449219,378.9150085449219,163,0.0,0.0,2023-07-07
699,2023-07-07 14:46:00-04:00,379.0299987792969,379.0299987792969,379.0299987792969,379.0299987792969,191,0.0,0.0,2023-07-07
700,2023-07-07 14:47:00-04:00,379.00250244140625,379.00250244140625,379.00250244140625,379.00250244140625,428,0.0,0.0,2023-07-07
701,2023-07-07 14:48:00-04:00,379.1000061035156,379.1000061035156,379.0950012207031,379.0950012207031,248,0.0,0.0,2023-07-07
702,2023-07-07 14:49:00-04:00,378.8699951171875,378.989990234375,378.8699951171875,378.989990234375,526,0.0,0.0,2023-07-07
703,2023-07-07 14:52:00-04:00,379.1400146484375,379.1400146484375,379.1400146484375,379.1400146484375,215,0.0,0.0,2023-07-07
704,2023-07-07 14:53:00-04:00,378.9549865722656,378.9549865722656,378.9549865722656,378.9549865722656,202,0.0,0.0,2023-07-07
705,2023-07-07 14:54:00-04:00,379.0799865722656,379.0799865722656,379.0799865722656,379.0799865722656,154,0.0,0.0,2023-07-07
706,2023-07-07 14:55:00-04:00,379.0799865722656,379.0799865722656,379.0799865722656,379.0799865722656,177,0.0,0.0,2023-07-07
707,2023-07-07 14:57:00-04:00,379.0849914550781,379.0849914550781,379.0849914550781,379.0849914550781,132,0.0,0.0,2023-07-07
708,2023-07-07 14:58:00-04:00,378.92999267578125,379.0899963378906,378.92999267578125,379.0899963378906,381,0.0,0.0,2023-07-07
709,2023-07-07 14:59:00-04:00,379.17999267578125,379.2149963378906,379.1700134277344,379.2149963378906,1434,0.0,0.0,2023-07-07
710,2023-07-07 15:00:00-04:00,379.0799865722656,379.2200012207031,379.0799865722656,379.2200012207031,228,0.0,0.0,2023-07-07
711,2023-07-07 15:01:00-04:00,379.2099914550781,379.2099914550781,379.2099914550781,379.2099914550781,301,0.0,0.0,2023-07-07
712,2023-07-07 15:02:00-04:00,379.2300109863281,379.2699890136719,379.20001220703125,379.2699890136719,1057,0.0,0.0,2023-07-07
713,2023-07-07 15:04:00-04:00,379.0899963378906,379.17999267578125,379.0299987792969,379.17999267578125,2167,0.0,0.0,2023-07-07
714,2023-07-07 15:05:00-04:00,379.125,379.44000244140625,379.125,379.44000244140625,1164,0.0,0.0,2023-07-07
715,2023-07-07 15:06:00-04:00,379.3900146484375,379.4049987792969,379.3299865722656,379.3299865722656,892,0.0,0.0,2023-07-07
716,2023-07-07 15:07:00-04:00,379.2900085449219,379.2900085449219,379.135009765625,379.1499938964844,1366,0.0,0.0,2023-07-07
717,2023-07-07 15:08:00-04:00,379.1549987792969,379.30999755859375,379.1549987792969,379.30999755859375,626,0.0,0.0,2023-07-07
718,2023-07-07 15:09:00-04:00,379.385009765625,379.385009765625,379.3599853515625,379.3599853515625,1033,0.0,0.0,2023-07-07
719,2023-07-07 15:10:00-04:00,379.4599914550781,379.4800109863281,379.32000732421875,379.32000732421875,1516,0.0,0.0,2023-07-07
720,2023-07-07 15:13:00-04:00,379.1000061035156,379.1600036621094,379.1000061035156,379.1600036621094,241,0.0,0.0,2023-07-07
721,2023-07-07 15:14:00-04:00,379.1000061035156,379.1600036621094,379.1000061035156,379.1600036621094,543,0.0,0.0,2023-07-07
722,2023-07-07 15:15:00-04:00,379.2349853515625,379.2349853515625,379.2349853515625,379.2349853515625,260,0.0,0.0,2023-07-07
723,2023-07-07 15:16:00-04:00,379.3299865722656,379.3500061035156,379.3299865722656,379.3500061035156,351,0.0,0.0,2023-07-07
724,2023-07-07 15:17:00-04:00,379.3399963378906,379.3450012207031,379.239990234375,379.2900085449219,2472,0.0,0.0,2023-07-07
725,2023-07-07 15:18:00-04:00,379.2900085449219,379.2900085449219,378.9549865722656,378.9549865722656,2058,0.0,0.0,2023-07-07
726,2023-07-07 15:19:00-04:00,378.9549865722656,378.9549865722656,378.93499755859375,378.93499755859375,883,0.0,0.0,2023-07-07
727,2023-07-07 15:21:00-04:00,379.2200012207031,379.2200012207031,379.2049865722656,379.2049865722656,310,0.0,0.0,2023-07-07
728,2023-07-07 15:22:00-04:00,379.1875,379.19500732421875,379.17999267578125,379.19500732421875,489,0.0,0.0,2023-07-07
729,2023-07-07 15:23:00-04:00,379.19000244140625,379.19000244140625,379.19000244140625,379.19000244140625,270,0.0,0.0,2023-07-07
730,2023-07-07 15:24:00-04:00,378.95001220703125,378.9549865722656,378.9200134277344,378.9549865722656,727,0.0,0.0,2023-07-07
731,2023-07-07 15:25:00-04:00,378.9700012207031,378.9700012207031,378.9700012207031,378.9700012207031,355,0.0,0.0,2023-07-07
732,2023-07-07 15:26:00-04:00,378.9700012207031,378.9700012207031,378.9599914550781,378.9599914550781,530,0.0,0.0,2023-07-07
733,2023-07-07 15:28:00-04:00,378.9549865722656,378.9549865722656,378.7799987792969,378.7799987792969,1612,0.0,0.0,2023-07-07
734,2023-07-07 15:30:00-04:00,378.8699951171875,378.95001220703125,378.7550048828125,378.93499755859375,1654,0.0,0.0,2023-07-07
735,2023-07-07 15:31:00-04:00,378.92999267578125,378.92999267578125,378.79998779296875,378.79998779296875,579,0.0,0.0,2023-07-07
736,2023-07-07 15:32:00-04:00,378.7900085449219,378.7900085449219,378.7724914550781,378.7724914550781,281,0.0,0.0,2023-07-07
737,2023-07-07 15:34:00-04:00,378.8500061035156,378.8500061035156,378.8500061035156,378.8500061035156,133,0.0,0.0,2023-07-07
738,2023-07-07 15:35:00-04:00,378.8999938964844,378.8999938964844,378.8999938964844,378.8999938964844,117,0.0,0.0,2023-07-07
739,2023-07-07 15:36:00-04:00,378.9100036621094,379.1400146484375,378.9100036621094,379.1400146484375,1919,0.0,0.0,2023-07-07
740,2023-07-07 15:37:00-04:00,379.2900085449219,379.2900085449219,379.1000061035156,379.1000061035156,1190,0.0,0.0,2023-07-07
741,2023-07-07 15:38:00-04:00,379.0400085449219,379.0400085449219,379.0400085449219,379.0400085449219,177,0.0,0.0,2023-07-07
742,2023-07-07 15:39:00-04:00,379.07000732421875,379.1300048828125,379.07000732421875,379.1300048828125,902,0.0,0.0,2023-07-07
743,2023-07-07 15:40:00-04:00,379.1000061035156,379.1000061035156,378.94000244140625,378.94000244140625,814,0.0,0.0,2023-07-07
744,2023-07-07 15:41:00-04:00,378.8399963378906,378.8699951171875,378.7900085449219,378.8699951171875,1343,0.0,0.0,2023-07-07
745,2023-07-07 15:43:00-04:00,378.94000244140625,378.9599914550781,378.94000244140625,378.95001220703125,628,0.0,0.0,2023-07-07
746,2023-07-07 15:44:00-04:00,378.95001220703125,378.9599914550781,378.635009765625,378.7099914550781,2254,0.0,0.0,2023-07-07
747,2023-07-07 15:45:00-04:00,378.6650085449219,378.79998779296875,378.6650085449219,378.79998779296875,678,0.0,0.0,2023-07-07
748,2023-07-07 15:46:00-04:00,378.9100036621094,378.9100036621094,378.7550048828125,378.7550048828125,1334,0.0,0.0,2023-07-07
749,2023-07-07 15:47:00-04:00,378.57000732421875,378.57000732421875,378.3699951171875,378.3699951171875,1497,0.0,0.0,2023-07-07
750,2023-07-07 15:48:00-04:00,378.4100036621094,378.4100036621094,378.2250061035156,378.2749938964844,521,0.0,0.0,2023-07-07
751,2023-07-07 15:49:00-04:00,378.2900085449219,378.2900085449219,377.8500061035156,377.8500061035156,1935,0.0,0.0,2023-07-07
752,2023-07-07 15:50:00-04:00,377.56500244140625,377.7550048828125,377.56500244140625,377.7550048828125,1827,0.0,0.0,2023-07-07
753,2023-07-07 15:51:00-04:00,377.7650146484375,377.9700012207031,377.7650146484375,377.9599914550781,2181,0.0,0.0,2023-07-07
754,2023-07-07 15:52:00-04:00,377.94500732421875,378.1449890136719,377.94500732421875,378.1449890136719,1228,0.0,0.0,2023-07-07
755,2023-07-07 15:53:00-04:00,378.1199951171875,378.2090148925781,377.8800048828125,377.8800048828125,3541,0.0,0.0,2023-07-07
756,2023-07-07 15:54:00-04:00,377.80999755859375,377.9800109863281,377.7799987792969,377.9800109863281,3400,0.0,0.0,2023-07-07
757,2023-07-07 15:55:00-04:00,377.9599914550781,377.9599914550781,377.8599853515625,377.8999938964844,1421,0.0,0.0,2023-07-07
758,2023-07-07 15:56:00-04:00,378.0299987792969,378.1300048828125,378.0249938964844,378.04998779296875,3296,0.0,0.0,2023-07-07
759,2023-07-07 15:57:00-04:00,378.14898681640625,378.14898681640625,377.94000244140625,378.0450134277344,4872,0.0,0.0,2023-07-07
760,2023-07-07 15:58:00-04:00,377.9700012207031,378.1099853515625,377.9200134277344,378.1099853515625,8002,0.0,0.0,2023-07-07
761,2023-07-07 15:59:00-04:00,377.9800109863281,378.57000732421875,377.95001220703125,378.3800048828125,17807,0.0,0.0,2023-07-07
0,2023-07-10 09:30:00-04:00,379.29998779296875,379.29998779296875,379.1199951171875,379.1199951171875,0,0.0,0.0,2023-07-10
1,2023-07-10 09:44:00-04:00,381.3999938964844,381.42999267578125,380.56500244140625,380.56500244140625,1252,0.0,0.0,2023-07-10
2,2023-07-10 09:48:00-04:00,382.0199890136719,382.0199890136719,382.0199890136719,382.0199890136719,130,0.0,0.0,2023-07-10
3,2023-07-10 09:49:00-04:00,382.0199890136719,382.0199890136719,382.0199890136719,382.0199890136719,150,0.0,0.0,2023-07-10
4,2023-07-10 09:50:00-04:00,382.1679992675781,382.1679992675781,382.1679992675781,382.1679992675781,500,0.0,0.0,2023-07-10
5,2023-07-10 09:53:00-04:00,382.5299987792969,382.5299987792969,382.5299987792969,382.5299987792969,1104,0.0,0.0,2023-07-10
6,2023-07-10 09:54:00-04:00,382.70001220703125,382.70001220703125,382.70001220703125,382.70001220703125,358,0.0,0.0,2023-07-10
7,2023-07-10 09:57:00-04:00,382.9150085449219,382.94500732421875,382.82000732421875,382.82000732421875,437,0.0,0.0,2023-07-10
8,2023-07-10 09:59:00-04:00,383.0199890136719,383.0199890136719,383.0199890136719,383.0199890136719,508,0.0,0.0,2023-07-10
9,2023-07-10 10:04:00-04:00,384.0799865722656,384.0799865722656,384.0799865722656,384.0799865722656,563,0.0,0.0,2023-07-10
10,2023-07-10 10:07:00-04:00,383.885009765625,383.885009765625,383.0400085449219,383.0400085449219,1099,0.0,0.0,2023-07-10
11,2023-07-10 10:10:00-04:00,383.2449951171875,383.2449951171875,383.2449951171875,383.2449951171875,132,0.0,0.0,2023-07-10
12,2023-07-10 10:11:00-04:00,383.5899963378906,383.5899963378906,383.5899963378906,383.5899963378906,639,0.0,0.0,2023-07-10
13,2023-07-10 10:14:00-04:00,383.1700134277344,383.1700134277344,383.1700134277344,383.1700134277344,233,0.0,0.0,2023-07-10
14,2023-07-10 10:17:00-04:00,383.3550109863281,383.3550109863281,383.3550109863281,383.3550109863281,150,0.0,0.0,2023-07-10
15,2023-07-10 10:20:00-04:00,383.6499938964844,383.6499938964844,383.6499938964844,383.6499938964844,1090,0.0,0.0,2023-07-10
16,2023-07-10 10:21:00-04:00,383.1300048828125,383.32000732421875,383.0799865722656,383.1000061035156,1013,0.0,0.0,2023-07-10
17,2023-07-10 10:23:00-04:00,383.0400085449219,383.0400085449219,383.0,383.0,1209,0.0,0.0,2023-07-10
18,2023-07-10 10:24:00-04:00,383.07000732421875,383.07000732421875,383.07000732421875,383.07000732421875,740,0.0,0.0,2023-07-10
19,2023-07-10 10:27:00-04:00,382.8699951171875,383.1099853515625,382.75,382.82501220703125,2961,0.0,0.0,2023-07-10
20,2023-07-10 10:28:00-04:00,382.8894958496094,382.8894958496094,382.8894958496094,382.8894958496094,135,0.0,0.0,2023-07-10
21,2023-07-10 10:29:00-04:00,382.94500732421875,382.9599914550781,382.70001220703125,382.70001220703125,437,0.0,0.0,2023-07-10
22,2023-07-10 10:31:00-04:00,382.875,382.9949951171875,382.5474853515625,382.5474853515625,1289,0.0,0.0,2023-07-10
23,2023-07-10 10:33:00-04:00,382.7449951171875,382.76251220703125,382.7099914550781,382.76251220703125,661,0.0,0.0,2023-07-10
24,2023-07-10 10:34:00-04:00,382.82000732421875,382.82000732421875,382.7950134277344,382.7950134277344,374,0.0,0.0,2023-07-10
25,2023-07-10 10:35:00-04:00,382.79998779296875,382.9200134277344,382.5199890136719,382.8424987792969,8943,0.0,0.0,2023-07-10
26,2023-07-10 10:36:00-04:00,382.7099914550781,383.1499938964844,382.6499938964844,383.0899963378906,3253,0.0,0.0,2023-07-10
27,2023-07-10 10:39:00-04:00,382.9200134277344,382.9200134277344,382.9200134277344,382.9200134277344,392,0.0,0.0,2023-07-10
28,2023-07-10 10:40:00-04:00,382.8500061035156,382.8500061035156,382.8500061035156,382.8500061035156,265,0.0,0.0,2023-07-10
29,2023-07-10 10:41:00-04:00,382.8399963378906,382.8399963378906,382.8399963378906,382.8399963378906,278,0.0,0.0,2023-07-10
30,2023-07-10 10:43:00-04:00,382.7099914550781,382.7099914550781,382.7099914550781,382.7099914550781,226,0.0,0.0,2023-07-10
31,2023-07-10 10:47:00-04:00,382.0,382.0,382.0,382.0,471,0.0,0.0,2023-07-10
32,2023-07-10 10:58:00-04:00,381.4150085449219,381.4150085449219,381.1600036621094,381.1600036621094,206,0.0,0.0,2023-07-10
33,2023-07-10 10:59:00-04:00,381.6300048828125,381.69000244140625,381.6300048828125,381.69000244140625,1600,0.0,0.0,2023-07-10
34,2023-07-10 11:00:00-04:00,381.7149963378906,381.7149963378906,381.7149963378906,381.7149963378906,180,0.0,0.0,2023-07-10
35,2023-07-10 11:01:00-04:00,381.6099853515625,381.6099853515625,381.6099853515625,381.6099853515625,499,0.0,0.0,2023-07-10
36,2023-07-10 11:15:00-04:00,381.95001220703125,381.95001220703125,381.95001220703125,381.95001220703125,182,0.0,0.0,2023-07-10
37,2023-07-10 11:20:00-04:00,381.760009765625,381.760009765625,381.760009765625,381.760009765625,743,0.0,0.0,2023-07-10
38,2023-07-10 11:23:00-04:00,382.1000061035156,382.17999267578125,381.9849853515625,382.17999267578125,489,0.0,0.0,2023-07-10
39,2023-07-10 11:25:00-04:00,382.17999267578125,382.17999267578125,382.17999267578125,382.17999267578125,561,0.0,0.0,2023-07-10
40,2023-07-10 11:32:00-04:00,382.197509765625,382.197509765625,382.197509765625,382.197509765625,173,0.0,0.0,2023-07-10
41,2023-07-10 11:35:00-04:00,382.2900085449219,382.2900085449219,382.2900085449219,382.2900085449219,430,0.0,0.0,2023-07-10
42,2023-07-10 11:37:00-04:00,382.5400085449219,382.5400085449219,382.125,382.3887023925781,1015,0.0,0.0,2023-07-10
43,2023-07-10 11:39:00-04:00,382.1400146484375,382.1400146484375,382.1400146484375,382.1400146484375,481,0.0,0.0,2023-07-10
44,2023-07-10 11:46:00-04:00,382.239990234375,382.239990234375,382.239990234375,382.239990234375,195,0.0,0.0,2023-07-10
45,2023-07-10 11:49:00-04:00,382.05499267578125,382.05499267578125,382.05499267578125,382.05499267578125,709,0.0,0.0,2023-07-10
46,2023-07-10 11:52:00-04:00,382.3900146484375,382.4700012207031,382.3900146484375,382.44000244140625,763,0.0,0.0,2023-07-10
47,2023-07-10 12:00:00-04:00,383.18499755859375,383.18499755859375,383.18499755859375,383.18499755859375,261,0.0,0.0,2023-07-10
48,2023-07-10 12:01:00-04:00,382.6099853515625,382.7099914550781,382.6099853515625,382.7099914550781,543,0.0,0.0,2023-07-10
49,2023-07-10 12:05:00-04:00,382.6000061035156,382.6000061035156,382.6000061035156,382.6000061035156,830,0.0,0.0,2023-07-10
50,2023-07-10 12:11:00-04:00,382.5400085449219,382.5400085449219,382.5400085449219,382.5400085449219,383,0.0,0.0,2023-07-10
51,2023-07-10 12:15:00-04:00,382.6050109863281,382.6050109863281,382.6050109863281,382.6050109863281,305,0.0,0.0,2023-07-10
52,2023-07-10 12:18:00-04:00,382.5,382.5,382.5,382.5,175,0.0,0.0,2023-07-10
53,2023-07-10 12:20:00-04:00,382.9200134277344,383.1700134277344,382.9100036621094,383.1700134277344,1056,0.0,0.0,2023-07-10
54,2023-07-10 12:22:00-04:00,382.6700134277344,383.29998779296875,382.6700134277344,383.29998779296875,552,0.0,0.0,2023-07-10
55,2023-07-10 12:27:00-04:00,383.25,383.25,383.17999267578125,383.17999267578125,963,0.0,0.0,2023-07-10
56,2023-07-10 12:44:00-04:00,383.2799987792969,383.2799987792969,383.2799987792969,383.2799987792969,232,0.0,0.0,2023-07-10
57,2023-07-10 12:47:00-04:00,383.375,383.375,383.2900085449219,383.2900085449219,643,0.0,0.0,2023-07-10
58,2023-07-10 12:51:00-04:00,383.3500061035156,383.3500061035156,383.18499755859375,383.18499755859375,311,0.0,0.0,2023-07-10
59,2023-07-10 12:52:00-04:00,383.489990234375,383.489990234375,383.489990234375,383.489990234375,691,0.0,0.0,2023-07-10
60,2023-07-10 13:05:00-04:00,383.17999267578125,383.17999267578125,382.885009765625,383.0,710,0.0,0.0,2023-07-10
61,2023-07-10 13:06:00-04:00,383.07000732421875,383.07000732421875,383.07000732421875,383.07000732421875,222,0.0,0.0,2023-07-10
62,2023-07-10 13:07:00-04:00,383.29998779296875,383.29998779296875,383.29998779296875,383.29998779296875,368,0.0,0.0,2023-07-10
63,2023-07-10 13:15:00-04:00,383.2799987792969,383.3699951171875,383.2200012207031,383.3699951171875,1405,0.0,0.0,2023-07-10
64,2023-07-10 13:18:00-04:00,383.2900085449219,383.3999938964844,383.2900085449219,383.3999938964844,538,0.0,0.0,2023-07-10
65,2023-07-10 13:25:00-04:00,383.1000061035156,383.1000061035156,383.0307922363281,383.0307922363281,580,0.0,0.0,2023-07-10
66,2023-07-10 13:26:00-04:00,382.9100036621094,382.9100036621094,382.8949890136719,382.8949890136719,228,0.0,0.0,2023-07-10
67,2023-07-10 13:27:00-04:00,383.114990234375,383.114990234375,383.114990234375,383.114990234375,408,0.0,0.0,2023-07-10
68,2023-07-10 13:33:00-04:00,382.739990234375,382.739990234375,382.739990234375,382.739990234375,219,0.0,0.0,2023-07-10
69,2023-07-10 13:34:00-04:00,382.6499938964844,382.7699890136719,382.5,382.5,622,0.0,0.0,2023-07-10
70,2023-07-10 13:35:00-04:00,382.5400085449219,382.5400085449219,382.5400085449219,382.5400085449219,181,0.0,0.0,2023-07-10
71,2023-07-10 13:39:00-04:00,382.5050048828125,382.5050048828125,382.5050048828125,382.5050048828125,537,0.0,0.0,2023-07-10
72,2023-07-10 13:42:00-04:00,382.8299865722656,382.9949951171875,382.8299865722656,382.9949951171875,655,0.0,0.0,2023-07-10
73,2023-07-10 13:46:00-04:00,382.75,382.75,382.75,382.75,217,0.0,0.0,2023-07-10
74,2023-07-10 13:47:00-04:00,382.4549865722656,382.4649963378906,382.4549865722656,382.4649963378906,496,0.0,0.0,2023-07-10
75,2023-07-10 13:53:00-04:00,382.3299865722656,382.3299865722656,382.3299865722656,382.3299865722656,565,0.0,0.0,2023-07-10
76,2023-07-10 14:04:00-04:00,382.0849914550781,382.0849914550781,382.0849914550781,382.0849914550781,372,0.0,0.0,2023-07-10
77,2023-07-10 14:05:00-04:00,382.0199890136719,382.0199890136719,382.0199890136719,382.0199890136719,151,0.0,0.0,2023-07-10
78,2023-07-10 14:06:00-04:00,382.0400085449219,382.0400085449219,382.0400085449219,382.0400085449219,233,0.0,0.0,2023-07-10
79,2023-07-10 14:09:00-04:00,382.0199890136719,382.0199890136719,381.82000732421875,381.82000732421875,570,0.0,0.0,2023-07-10
80,2023-07-10 14:11:00-04:00,381.8399963378906,381.8399963378906,381.8399963378906,381.8399963378906,275,0.0,0.0,2023-07-10
81,2023-07-10 14:14:00-04:00,381.8500061035156,381.8500061035156,381.8500061035156,381.8500061035156,446,0.0,0.0,2023-07-10
82,2023-07-10 14:20:00-04:00,382.0199890136719,382.0400085449219,381.9200134277344,381.9700012207031,795,0.0,0.0,2023-07-10
83,2023-07-10 14:23:00-04:00,382.0199890136719,382.1499938964844,382.0199890136719,382.1300048828125,1198,0.0,0.0,2023-07-10
84,2023-07-10 14:27:00-04:00,381.9200134277344,381.95001220703125,381.9200134277344,381.9200134277344,1004,0.0,0.0,2023-07-10
85,2023-07-10 14:39:00-04:00,381.7449951171875,381.7449951171875,381.489990234375,381.70001220703125,983,0.0,0.0,2023-07-10
86,2023-07-10 14:47:00-04:00,381.55999755859375,381.55999755859375,381.5299987792969,381.5299987792969,232,0.0,0.0,2023-07-10
87,2023-07-10 14:48:00-04:00,381.4200134277344,381.4200134277344,381.4200134277344,381.4200134277344,537,0.0,0.0,2023-07-10
88,2023-07-10 14:50:00-04:00,381.4700012207031,381.4700012207031,381.4700012207031,381.4700012207031,229,0.0,0.0,2023-07-10
89,2023-07-10 14:51:00-04:00,381.57000732421875,381.5899963378906,381.42999267578125,381.42999267578125,793,0.0,0.0,2023-07-10
90,2023-07-10 14:52:00-04:00,381.6000061035156,381.6000061035156,381.6000061035156,381.6000061035156,581,0.0,0.0,2023-07-10
91,2023-07-10 14:58:00-04:00,381.7300109863281,381.7300109863281,381.7300109863281,381.7300109863281,219,0.0,0.0,2023-07-10
92,2023-07-10 14:59:00-04:00,382.0199890136719,382.07000732421875,381.989990234375,382.07000732421875,919,0.0,0.0,2023-07-10
93,2023-07-10 15:01:00-04:00,381.989990234375,381.989990234375,381.7984924316406,381.7984924316406,894,0.0,0.0,2023-07-10
94,2023-07-10 15:07:00-04:00,381.739990234375,381.739990234375,381.739990234375,381.739990234375,331,0.0,0.0,2023-07-10
95,2023-07-10 15:10:00-04:00,381.7749938964844,381.7749938964844,381.7749938964844,381.7749938964844,318,0.0,0.0,2023-07-10
96,2023-07-10 15:11:00-04:00,381.7699890136719,381.7699890136719,381.7699890136719,381.7699890136719,228,0.0,0.0,2023-07-10
97,2023-07-10 15:13:00-04:00,381.989990234375,381.989990234375,381.989990234375,381.989990234375,715,0.0,0.0,2023-07-10
98,2023-07-10 15:14:00-04:00,381.989990234375,382.04998779296875,381.989990234375,382.04998779296875,755,0.0,0.0,2023-07-10
99,2023-07-10 15:16:00-04:00,382.0400085449219,382.0899963378906,382.0400085449219,382.0899963378906,366,0.0,0.0,2023-07-10
100,2023-07-10 15:17:00-04:00,382.1499938964844,382.1499938964844,382.1499938964844,382.1499938964844,375,0.0,0.0,2023-07-10
101,2023-07-10 15:22:00-04:00,382.19500732421875,382.19500732421875,382.0799865722656,382.0799865722656,771,0.0,0.0,2023-07-10
102,2023-07-10 15:23:00-04:00,381.9599914550781,382.0050048828125,381.9200134277344,382.0050048828125,521,0.0,0.0,2023-07-10
103,2023-07-10 15:24:00-04:00,382.1499938964844,382.19500732421875,381.94000244140625,382.1600036621094,1750,0.0,0.0,2023-07-10
104,2023-07-10 15:27:00-04:00,382.3299865722656,382.3500061035156,382.3299865722656,382.3500061035156,950,0.0,0.0,2023-07-10
105,2023-07-10 15:30:00-04:00,382.6050109863281,382.6050109863281,382.6050109863281,382.6050109863281,344,0.0,0.0,2023-07-10
106,2023-07-10 15:31:00-04:00,382.7040100097656,382.7040100097656,382.6700134277344,382.6700134277344,363,0.0,0.0,2023-07-10
107,2023-07-10 15:32:00-04:00,382.6700134277344,382.67999267578125,382.4800109863281,382.55999755859375,2653,0.0,0.0,2023-07-10
108,2023-07-10 15:33:00-04:00,382.885009765625,382.9100036621094,382.885009765625,382.8999938964844,791,0.0,0.0,2023-07-10
109,2023-07-10 15:34:00-04:00,383.1300048828125,383.1300048828125,383.1300048828125,383.1300048828125,238,0.0,0.0,2023-07-10
110,2023-07-10 15:35:00-04:00,382.9949951171875,383.0150146484375,382.8800048828125,382.989990234375,2305,0.0,0.0,2023-07-10
111,2023-07-10 15:36:00-04:00,382.9549865722656,383.1449890136719,382.9549865722656,383.1449890136719,566,0.0,0.0,2023-07-10
112,2023-07-10 15:37:00-04:00,383.1499938964844,383.1499938964844,383.1499938964844,383.1499938964844,376,0.0,0.0,2023-07-10
113,2023-07-10 15:38:00-04:00,383.17498779296875,383.17498779296875,383.010009765625,383.1000061035156,1538,0.0,0.0,2023-07-10
114,2023-07-10 15:41:00-04:00,382.9200134277344,383.0350036621094,382.9200134277344,383.0350036621094,342,0.0,0.0,2023-07-10
115,2023-07-10 15:42:00-04:00,382.9200134277344,382.92999267578125,382.82501220703125,382.82501220703125,1341,0.0,0.0,2023-07-10
116,2023-07-10 15:43:00-04:00,382.82000732421875,383.239990234375,382.82000732421875,383.239990234375,1303,0.0,0.0,2023-07-10
117,2023-07-10 15:44:00-04:00,383.19500732421875,383.19500732421875,383.19500732421875,383.19500732421875,102,0.0,0.0,2023-07-10
118,2023-07-10 15:45:00-04:00,383.1000061035156,383.19500732421875,382.92999267578125,382.9750061035156,1374,0.0,0.0,2023-07-10
119,2023-07-10 15:46:00-04:00,382.9849853515625,382.9849853515625,382.9200134277344,382.9200134277344,355,0.0,0.0,2023-07-10
120,2023-07-10 15:47:00-04:00,382.81500244140625,382.94500732421875,382.81500244140625,382.94500732421875,216,0.0,0.0,2023-07-10
121,2023-07-10 15:48:00-04:00,382.80999755859375,382.8999938964844,382.80999755859375,382.8949890136719,922,0.0,0.0,2023-07-10
122,2023-07-10 15:49:00-04:00,382.8949890136719,382.8949890136719,382.8949890136719,382.8949890136719,337,0.0,0.0,2023-07-10
123,2023-07-10 15:50:00-04:00,382.8900146484375,383.05999755859375,382.8900146484375,382.95001220703125,1059,0.0,0.0,2023-07-10
124,2023-07-10 15:51:00-04:00,383.05999755859375,383.114990234375,382.9200134277344,383.0299987792969,2113,0.0,0.0,2023-07-10
125,2023-07-10 15:52:00-04:00,383.05999755859375,383.05999755859375,382.8999938964844,382.9150085449219,1778,0.0,0.0,2023-07-10
126,2023-07-10 15:53:00-04:00,383.1050109863281,383.2200012207031,382.9700012207031,382.9700012207031,1330,0.0,0.0,2023-07-10
127,2023-07-10 15:54:00-04:00,383.07501220703125,383.2799987792969,383.07501220703125,383.19000244140625,1653,0.0,0.0,2023-07-10
128,2023-07-10 15:55:00-04:00,383.3699951171875,383.760009765625,383.3699951171875,383.760009765625,2176,0.0,0.0,2023-07-10
129,2023-07-10 15:56:00-04:00,383.63250732421875,383.9100036621094,383.489990234375,383.489990234375,5079,0.0,0.0,2023-07-10
130,2023-07-10 15:57:00-04:00,383.57000732421875,383.5799865722656,383.0350036621094,383.0350036621094,3094,0.0,0.0,2023-07-10
131,2023-07-10 15:58:00-04:00,383.1400146484375,383.260009765625,383.0,383.0,1889,0.0,0.0,2023-07-10
132,2023-07-10 15:59:00-04:00,383.25,383.5299987792969,383.05499267578125,383.2900085449219,8427,0.0,0.0,2023-07-10
133,2023-07-11 09:30:00-04:00,384.30999755859375,384.30999755859375,384.30999755859375,384.30999755859375,1620,0.0,0.0,2023-07-11
134,2023-07-11 09:31:00-04:00,383.5400085449219,383.55999755859375,383.5400085449219,383.55999755859375,470,0.0,0.0,2023-07-11
135,2023-07-11 09:34:00-04:00,384.989990234375,385.0,384.6499938964844,385.0,1850,0.0,0.0,2023-07-11
136,2023-07-11 09:46:00-04:00,386.19500732421875,386.19500732421875,386.0450134277344,386.0450134277344,973,0.0,0.0,2023-07-11
137,2023-07-11 09:49:00-04:00,386.20001220703125,386.20001220703125,385.5199890136719,385.5899963378906,2557,0.0,0.0,2023-07-11
138,2023-07-11 09:53:00-04:00,385.3299865722656,385.3299865722656,385.2900085449219,385.2900085449219,624,0.0,0.0,2023-07-11
139,2023-07-11 09:57:00-04:00,384.9949951171875,384.9949951171875,384.9949951171875,384.9949951171875,360,0.0,0.0,2023-07-11
140,2023-07-11 10:00:00-04:00,384.6700134277344,384.6700134277344,384.42999267578125,384.54998779296875,615,0.0,0.0,2023-07-11
141,2023-07-11 10:03:00-04:00,384.4800109863281,384.4800109863281,384.4800109863281,384.4800109863281,234,0.0,0.0,2023-07-11
142,2023-07-11 10:04:00-04:00,384.2099914550781,384.2099914550781,384.2099914550781,384.2099914550781,371,0.0,0.0,2023-07-11
143,2023-07-11 10:07:00-04:00,383.8599853515625,383.8599853515625,383.55999755859375,383.55999755859375,572,0.0,0.0,2023-07-11
144,2023-07-11 10:09:00-04:00,383.6000061035156,383.6000061035156,383.6000061035156,383.6000061035156,281,0.0,0.0,2023-07-11
145,2023-07-11 10:10:00-04:00,383.57501220703125,383.57501220703125,383.1099853515625,383.1099853515625,1021,0.0,0.0,2023-07-11
146,2023-07-11 10:11:00-04:00,383.3175048828125,383.3175048828125,383.2850036621094,383.2850036621094,735,0.0,0.0,2023-07-11
147,2023-07-11 10:12:00-04:00,383.3299865722656,383.3299865722656,383.3299865722656,383.3299865722656,504,0.0,0.0,2023-07-11
148,2023-07-11 10:13:00-04:00,382.92999267578125,382.92999267578125,382.92999267578125,382.92999267578125,145,0.0,0.0,2023-07-11
149,2023-07-11 10:14:00-04:00,382.885009765625,382.885009765625,382.7200012207031,382.7200012207031,512,0.0,0.0,2023-07-11
150,2023-07-11 10:15:00-04:00,382.5400085449219,382.5400085449219,382.5400085449219,382.5400085449219,410,0.0,0.0,2023-07-11
151,2023-07-11 10:17:00-04:00,382.80499267578125,382.80499267578125,382.80499267578125,382.80499267578125,204,0.0,0.0,2023-07-11
152,2023-07-11 10:19:00-04:00,383.0299987792969,383.260009765625,382.9949951171875,383.260009765625,972,0.0,0.0,2023-07-11
153,2023-07-11 10:20:00-04:00,383.07000732421875,383.07000732421875,383.010009765625,383.06500244140625,663,0.0,0.0,2023-07-11
154,2023-07-11 10:21:00-04:00,383.0199890136719,383.0199890136719,382.7699890136719,382.7699890136719,583,0.0,0.0,2023-07-11
155,2023-07-11 10:22:00-04:00,382.4649963378906,382.4649963378906,382.4649963378906,382.4649963378906,394,0.0,0.0,2023-07-11
156,2023-07-11 10:23:00-04:00,382.260009765625,382.260009765625,381.8999938964844,381.8999938964844,592,0.0,0.0,2023-07-11
157,2023-07-11 10:24:00-04:00,382.1400146484375,382.1400146484375,382.1400146484375,382.1400146484375,796,0.0,0.0,2023-07-11
158,2023-07-11 10:28:00-04:00,381.4200134277344,381.5050048828125,381.4200134277344,381.5050048828125,691,0.0,0.0,2023-07-11
159,2023-07-11 10:30:00-04:00,381.5199890136719,381.5199890136719,381.5199890136719,381.5199890136719,244,0.0,0.0,2023-07-11
160,2023-07-11 10:31:00-04:00,381.19000244140625,381.25,381.17999267578125,381.25,490,0.0,0.0,2023-07-11
161,2023-07-11 10:34:00-04:00,381.30999755859375,381.30999755859375,381.135009765625,381.135009765625,608,0.0,0.0,2023-07-11
162,2023-07-11 10:38:00-04:00,381.69000244140625,381.9800109863281,381.5,381.9800109863281,2330,0.0,0.0,2023-07-11
163,2023-07-11 10:40:00-04:00,381.6300048828125,381.6300048828125,381.6300048828125,381.6300048828125,715,0.0,0.0,2023-07-11
164,2023-07-11 10:44:00-04:00,381.4049987792969,381.4049987792969,381.4049987792969,381.4049987792969,240,0.0,0.0,2023-07-11
165,2023-07-11 10:45:00-04:00,381.4150085449219,381.4150085449219,381.4150085449219,381.4150085449219,371,0.0,0.0,2023-07-11
166,2023-07-11 10:46:00-04:00,381.0799865722656,381.0799865722656,381.0799865722656,381.0799865722656,482,0.0,0.0,2023-07-11
167,2023-07-11 10:49:00-04:00,381.0,381.25,381.0,381.0775146484375,1324,0.0,0.0,2023-07-11
168,2023-07-11 10:50:00-04:00,381.4200134277344,381.4200134277344,381.4200134277344,381.4200134277344,372,0.0,0.0,2023-07-11
169,2023-07-11 10:52:00-04:00,381.1700134277344,381.1700134277344,381.1700134277344,381.1700134277344,397,0.0,0.0,2023-07-11
170,2023-07-11 10:57:00-04:00,381.6400146484375,381.92999267578125,381.6400146484375,381.69000244140625,819,0.0,0.0,2023-07-11
171,2023-07-11 11:01:00-04:00,381.864990234375,381.864990234375,381.82501220703125,381.82501220703125,318,0.0,0.0,2023-07-11
172,2023-07-11 11:02:00-04:00,381.885009765625,381.9100036621094,381.885009765625,381.9100036621094,1254,0.0,0.0,2023-07-11
173,2023-07-11 11:10:00-04:00,382.1499938964844,382.19000244140625,381.9750061035156,382.19000244140625,622,0.0,0.0,2023-07-11
174,2023-07-11 11:13:00-04:00,382.1199951171875,382.1199951171875,382.1199951171875,382.1199951171875,477,0.0,0.0,2023-07-11
175,2023-07-11 11:16:00-04:00,381.8599853515625,381.9800109863281,381.8599853515625,381.9800109863281,502,0.0,0.0,2023-07-11
176,2023-07-11 11:21:00-04:00,382.3800048828125,382.7876892089844,382.1700134277344,382.4599914550781,6134,0.0,0.0,2023-07-11
177,2023-07-11 11:22:00-04:00,382.7149963378906,382.7149963378906,382.7149963378906,382.7149963378906,625,0.0,0.0,2023-07-11
178,2023-07-11 11:24:00-04:00,382.5,382.5,382.1700134277344,382.1700134277344,847,0.0,0.0,2023-07-11
179,2023-07-11 11:26:00-04:00,381.7799987792969,381.7799987792969,381.7799987792969,381.7799987792969,194,0.0,0.0,2023-07-11
180,2023-07-11 11:28:00-04:00,381.9599914550781,381.9599914550781,381.9599914550781,381.9599914550781,351,0.0,0.0,2023-07-11
181,2023-07-11 11:35:00-04:00,381.9700012207031,382.0638122558594,381.7799987792969,381.7799987792969,1125,0.0,0.0,2023-07-11
182,2023-07-11 11:40:00-04:00,382.19000244140625,382.19000244140625,382.19000244140625,382.19000244140625,209,0.0,0.0,2023-07-11
183,2023-07-11 11:41:00-04:00,381.875,381.875,381.875,381.875,431,0.0,0.0,2023-07-11
184,2023-07-11 11:45:00-04:00,382.1300048828125,382.239990234375,382.1300048828125,382.19000244140625,882,0.0,0.0,2023-07-11
185,2023-07-11 11:50:00-04:00,381.9700012207031,381.9700012207031,381.9700012207031,381.9700012207031,284,0.0,0.0,2023-07-11
186,2023-07-11 11:55:00-04:00,382.2300109863281,382.2300109863281,382.04998779296875,382.0874938964844,1529,0.0,0.0,2023-07-11
187,2023-07-11 11:57:00-04:00,382.19000244140625,382.30499267578125,382.19000244140625,382.30499267578125,725,0.0,0.0,2023-07-11
188,2023-07-11 12:00:00-04:00,382.2449951171875,382.25,382.2449951171875,382.25,489,0.0,0.0,2023-07-11
189,2023-07-11 12:03:00-04:00,382.3399963378906,382.5400085449219,382.3399963378906,382.5400085449219,1378,0.0,0.0,2023-07-11
190,2023-07-11 12:06:00-04:00,382.3399963378906,382.3999938964844,382.3399963378906,382.3999938964844,702,0.0,0.0,2023-07-11
191,2023-07-11 12:07:00-04:00,382.2349853515625,382.2349853515625,382.2349853515625,382.2349853515625,480,0.0,0.0,2023-07-11
192,2023-07-11 12:09:00-04:00,381.8500061035156,381.8500061035156,381.8500061035156,381.8500061035156,770,0.0,0.0,2023-07-11
193,2023-07-11 12:15:00-04:00,381.6499938964844,381.6499938964844,381.54998779296875,381.54998779296875,578,0.0,0.0,2023-07-11
194,2023-07-11 12:16:00-04:00,381.4800109863281,381.4800109863281,381.4800109863281,381.4800109863281,742,0.0,0.0,2023-07-11
195,2023-07-11 12:26:00-04:00,381.4100036621094,381.4100036621094,381.3800048828125,381.3800048828125,485,0.0,0.0,2023-07-11
196,2023-07-11 12:28:00-04:00,381.2900085449219,381.2900085449219,380.989990234375,380.989990234375,1284,0.0,0.0,2023-07-11
197,2023-07-11 12:32:00-04:00,381.1650085449219,381.2449951171875,381.1650085449219,381.2349853515625,920,0.0,0.0,2023-07-11
198,2023-07-11 12:43:00-04:00,381.2099914550781,381.2200012207031,381.2099914550781,381.2200012207031,396,0.0,0.0,2023-07-11
199,2023-07-11 12:50:00-04:00,381.30999755859375,381.37249755859375,381.30999755859375,381.37249755859375,1252,0.0,0.0,2023-07-11
200,2023-07-11 12:51:00-04:00,381.32000732421875,381.32000732421875,381.32000732421875,381.32000732421875,126,0.0,0.0,2023-07-11
201,2023-07-11 12:53:00-04:00,381.3349914550781,381.3349914550781,381.3349914550781,381.3349914550781,382,0.0,0.0,2023-07-11
202,2023-07-11 12:57:00-04:00,381.2099914550781,381.2099914550781,381.2099914550781,381.2099914550781,714,0.0,0.0,2023-07-11
203,2023-07-11 12:58:00-04:00,381.239990234375,381.2699890136719,381.239990234375,381.2699890136719,352,0.0,0.0,2023-07-11
204,2023-07-11 13:03:00-04:00,381.20001220703125,381.2049865722656,381.1474914550781,381.1474914550781,1561,0.0,0.0,2023-07-11
205,2023-07-11 13:07:00-04:00,381.3299865722656,381.3349914550781,381.3175048828125,381.32000732421875,2091,0.0,0.0,2023-07-11
206,2023-07-11 13:12:00-04:00,380.7300109863281,380.7300109863281,380.67999267578125,380.67999267578125,820,0.0,0.0,2023-07-11
207,2023-07-11 13:15:00-04:00,380.67999267578125,380.67999267578125,380.6050109863281,380.6050109863281,1009,0.0,0.0,2023-07-11
208,2023-07-11 13:16:00-04:00,380.6449890136719,380.7250061035156,380.6449890136719,380.7250061035156,1027,0.0,0.0,2023-07-11
209,2023-07-11 13:17:00-04:00,380.7250061035156,380.7250061035156,380.7250061035156,380.7250061035156,304,0.0,0.0,2023-07-11
210,2023-07-11 13:21:00-04:00,380.7900085449219,380.7900085449219,380.7900085449219,380.7900085449219,869,0.0,0.0,2023-07-11
211,2023-07-11 13:28:00-04:00,380.7200012207031,380.7200012207031,380.7200012207031,380.7200012207031,321,0.0,0.0,2023-07-11
212,2023-07-11 13:32:00-04:00,380.63751220703125,380.63751220703125,380.63751220703125,380.63751220703125,289,0.0,0.0,2023-07-11
213,2023-07-11 13:35:00-04:00,380.69000244140625,380.9800109863281,380.69000244140625,380.9800109863281,979,0.0,0.0,2023-07-11
214,2023-07-11 13:37:00-04:00,381.07000732421875,381.07000732421875,381.07000732421875,381.07000732421875,426,0.0,0.0,2023-07-11
215,2023-07-11 13:39:00-04:00,381.1700134277344,381.3299865722656,381.1700134277344,381.19000244140625,999,0.0,0.0,2023-07-11
216,2023-07-11 13:42:00-04:00,381.3924865722656,381.3924865722656,381.3924865722656,381.3924865722656,127,0.0,0.0,2023-07-11
217,2023-07-11 13:47:00-04:00,381.1499938964844,381.197509765625,381.0799865722656,381.197509765625,1643,0.0,0.0,2023-07-11
218,2023-07-11 13:48:00-04:00,380.9599914550781,381.0,380.9599914550781,381.0,348,0.0,0.0,2023-07-11
219,2023-07-11 13:51:00-04:00,381.0400085449219,381.0400085449219,381.0400085449219,381.0400085449219,422,0.0,0.0,2023-07-11
220,2023-07-11 13:57:00-04:00,381.4599914550781,381.4599914550781,381.4599914550781,381.4599914550781,243,0.0,0.0,2023-07-11
221,2023-07-11 13:58:00-04:00,381.114990234375,381.114990234375,381.1000061035156,381.114990234375,762,0.0,0.0,2023-07-11
222,2023-07-11 14:02:00-04:00,381.489990234375,381.489990234375,381.489990234375,381.489990234375,439,0.0,0.0,2023-07-11
223,2023-07-11 14:05:00-04:00,381.712890625,381.712890625,381.712890625,381.712890625,569,0.0,0.0,2023-07-11
224,2023-07-11 14:08:00-04:00,381.7149963378906,381.7149963378906,381.7149963378906,381.7149963378906,252,0.0,0.0,2023-07-11
225,2023-07-11 14:09:00-04:00,381.8999938964844,381.8999938964844,381.8999938964844,381.8999938964844,201,0.0,0.0,2023-07-11
226,2023-07-11 14:11:00-04:00,381.5899963378906,381.5899963378906,381.55999755859375,381.55999755859375,904,0.0,0.0,2023-07-11
227,2023-07-11 14:20:00-04:00,381.2900085449219,381.2900085449219,381.2699890136719,381.2900085449219,1019,0.0,0.0,2023-07-11
228,2023-07-11 14:26:00-04:00,381.32000732421875,381.32000732421875,381.32000732421875,381.32000732421875,281,0.0,0.0,2023-07-11
229,2023-07-11 14:27:00-04:00,381.2950134277344,381.2950134277344,381.2950134277344,381.2950134277344,273,0.0,0.0,2023-07-11
230,2023-07-11 14:28:00-04:00,381.4049987792969,381.4049987792969,381.3900146484375,381.3949890136719,862,0.0,0.0,2023-07-11
231,2023-07-11 14:32:00-04:00,381.2099914550781,381.2099914550781,381.2099914550781,381.2099914550781,177,0.0,0.0,2023-07-11
232,2023-07-11 14:33:00-04:00,381.2699890136719,381.2699890136719,381.2699890136719,381.2699890136719,586,0.0,0.0,2023-07-11
233,2023-07-11 14:35:00-04:00,381.0799865722656,381.0799865722656,381.0799865722656,381.0799865722656,251,0.0,0.0,2023-07-11
234,2023-07-11 14:36:00-04:00,381.07000732421875,381.07000732421875,381.07000732421875,381.07000732421875,205,0.0,0.0,2023-07-11
235,2023-07-11 14:37:00-04:00,380.95001220703125,381.239990234375,380.95001220703125,381.239990234375,510,0.0,0.0,2023-07-11
236,2023-07-11 14:38:00-04:00,381.1499938964844,381.1499938964844,381.1499938964844,381.1499938964844,246,0.0,0.0,2023-07-11
237,2023-07-11 14:40:00-04:00,381.1499938964844,381.2900085449219,381.1499938964844,381.1499938964844,1357,0.0,0.0,2023-07-11
238,2023-07-11 14:41:00-04:00,381.32501220703125,381.3500061035156,381.32501220703125,381.3500061035156,355,0.0,0.0,2023-07-11
239,2023-07-11 14:42:00-04:00,381.2449951171875,381.2449951171875,381.2449951171875,381.2449951171875,247,0.0,0.0,2023-07-11
240,2023-07-11 14:46:00-04:00,381.4599914550781,381.4599914550781,381.2300109863281,381.2449951171875,1619,0.0,0.0,2023-07-11
241,2023-07-11 14:47:00-04:00,381.0899963378906,381.0899963378906,381.0899963378906,381.0899963378906,239,0.0,0.0,2023-07-11
242,2023-07-11 14:50:00-04:00,381.4100036621094,381.4100036621094,381.31500244140625,381.31500244140625,749,0.0,0.0,2023-07-11
243,2023-07-11 14:51:00-04:00,381.3399963378906,381.3399963378906,381.3399963378906,381.3399963378906,533,0.0,0.0,2023-07-11
244,2023-07-11 14:53:00-04:00,381.1099853515625,381.1099853515625,381.1099853515625,381.1099853515625,607,0.0,0.0,2023-07-11
245,2023-07-11 14:57:00-04:00,381.19000244140625,381.19000244140625,381.19000244140625,381.19000244140625,325,0.0,0.0,2023-07-11
246,2023-07-11 14:59:00-04:00,381.32501220703125,381.32501220703125,381.32501220703125,381.32501220703125,179,0.0,0.0,2023-07-11
247,2023-07-11 15:00:00-04:00,381.32501220703125,381.5400085449219,381.32501220703125,381.5400085449219,1523,0.0,0.0,2023-07-11
248,2023-07-11 15:03:00-04:00,381.5,381.5,381.5,381.5,303,0.0,0.0,2023-07-11
249,2023-07-11 15:06:00-04:00,381.44000244140625,381.44000244140625,381.29998779296875,381.29998779296875,1061,0.0,0.0,2023-07-11
250,2023-07-11 15:08:00-04:00,381.510009765625,381.510009765625,381.510009765625,381.510009765625,266,0.0,0.0,2023-07-11
251,2023-07-11 15:09:00-04:00,381.30999755859375,381.30999755859375,381.30999755859375,381.30999755859375,366,0.0,0.0,2023-07-11
252,2023-07-11 15:11:00-04:00,381.7300109863281,381.7300109863281,381.5400085449219,381.5400085449219,838,0.0,0.0,2023-07-11
253,2023-07-11 15:17:00-04:00,381.510009765625,381.7200012207031,381.510009765625,381.57000732421875,1246,0.0,0.0,2023-07-11
254,2023-07-11 15:18:00-04:00,381.614990234375,381.6449890136719,381.6099853515625,381.6099853515625,1317,0.0,0.0,2023-07-11
255,2023-07-11 15:24:00-04:00,381.510009765625,381.54998779296875,381.4100036621094,381.4100036621094,822,0.0,0.0,2023-07-11
256,2023-07-11 15:25:00-04:00,381.2650146484375,381.2650146484375,381.2650146484375,381.2650146484375,537,0.0,0.0,2023-07-11
257,2023-07-11 15:27:00-04:00,381.2799987792969,381.2799987792969,381.2799987792969,381.2799987792969,202,0.0,0.0,2023-07-11
258,2023-07-11 15:28:00-04:00,381.2699890136719,381.2699890136719,381.2699890136719,381.2699890136719,477,0.0,0.0,2023-07-11
259,2023-07-11 15:30:00-04:00,381.29998779296875,381.3500061035156,381.29998779296875,381.3500061035156,921,0.0,0.0,2023-07-11
260,2023-07-11 15:31:00-04:00,381.20001220703125,381.20001220703125,381.1650085449219,381.1650085449219,743,0.0,0.0,2023-07-11
261,2023-07-11 15:33:00-04:00,381.1000061035156,381.1000061035156,381.1000061035156,381.1000061035156,390,0.0,0.0,2023-07-11
262,2023-07-11 15:35:00-04:00,381.2699890136719,381.32000732421875,381.2699890136719,381.32000732421875,1066,0.0,0.0,2023-07-11
263,2023-07-11 15:36:00-04:00,381.4200134277344,381.42999267578125,381.19000244140625,381.239990234375,4630,0.0,0.0,2023-07-11
264,2023-07-11 15:37:00-04:00,381.2650146484375,381.2650146484375,381.2650146484375,381.2650146484375,552,0.0,0.0,2023-07-11
265,2023-07-11 15:38:00-04:00,381.45001220703125,381.5199890136719,381.4200134277344,381.5199890136719,1550,0.0,0.0,2023-07-11
266,2023-07-11 15:40:00-04:00,381.3900146484375,381.3900146484375,381.3900146484375,381.3900146484375,1432,0.0,0.0,2023-07-11
267,2023-07-11 15:42:00-04:00,381.55499267578125,381.55499267578125,381.55499267578125,381.55499267578125,573,0.0,0.0,2023-07-11
268,2023-07-11 15:43:00-04:00,381.7799987792969,381.7799987792969,381.7412109375,381.7412109375,985,0.0,0.0,2023-07-11
269,2023-07-11 15:44:00-04:00,381.8900146484375,382.19000244140625,381.8900146484375,382.114990234375,721,0.0,0.0,2023-07-11
270,2023-07-11 15:46:00-04:00,382.1400146484375,382.1400146484375,382.1000061035156,382.1000061035156,1341,0.0,0.0,2023-07-11
271,2023-07-11 15:47:00-04:00,382.010009765625,382.04998779296875,382.010009765625,382.04998779296875,332,0.0,0.0,2023-07-11
272,2023-07-11 15:48:00-04:00,382.31500244140625,382.31500244140625,382.31500244140625,382.31500244140625,539,0.0,0.0,2023-07-11
273,2023-07-11 15:49:00-04:00,382.489990234375,382.489990234375,382.3500061035156,382.3500061035156,438,0.0,0.0,2023-07-11
274,2023-07-11 15:51:00-04:00,382.7200012207031,382.7250061035156,382.489990234375,382.57000732421875,1835,0.0,0.0,2023-07-11
275,2023-07-11 15:52:00-04:00,382.4599914550781,382.489990234375,382.364990234375,382.364990234375,1520,0.0,0.0,2023-07-11
276,2023-07-11 15:53:00-04:00,382.69000244140625,382.69000244140625,382.489990234375,382.5050048828125,739,0.0,0.0,2023-07-11
277,2023-07-11 15:54:00-04:00,382.7200012207031,382.7200012207031,382.3800048828125,382.3800048828125,1410,0.0,0.0,2023-07-11
278,2023-07-11 15:55:00-04:00,382.2699890136719,382.42999267578125,382.20001220703125,382.3800048828125,2908,0.0,0.0,2023-07-11
279,2023-07-11 15:56:00-04:00,382.29998779296875,382.489990234375,382.239990234375,382.45001220703125,4113,0.0,0.0,2023-07-11
280,2023-07-11 15:57:00-04:00,382.3349914550781,382.489013671875,382.3299865722656,382.489013671875,1799,0.0,0.0,2023-07-11
281,2023-07-11 15:58:00-04:00,382.45001220703125,382.57000732421875,382.4200134277344,382.57000732421875,2811,0.0,0.0,2023-07-11
282,2023-07-11 15:59:00-04:00,382.57000732421875,382.6300048828125,382.3699951171875,382.4700012207031,11284,0.0,0.0,2023-07-11
283,2023-07-12 09:30:00-04:00,385.2699890136719,385.2699890136719,385.2699890136719,385.2699890136719,1795,0.0,0.0,2023-07-12
284,2023-07-12 09:38:00-04:00,384.4949951171875,384.4949951171875,384.4949951171875,384.4949951171875,532,0.0,0.0,2023-07-12
285,2023-07-12 09:45:00-04:00,384.32501220703125,384.32501220703125,384.32501220703125,384.32501220703125,129,0.0,0.0,2023-07-12
286,2023-07-12 09:48:00-04:00,384.260009765625,385.0989990234375,383.4100036621094,385.0989990234375,1574,0.0,0.0,2023-07-12
287,2023-07-12 09:49:00-04:00,384.9700012207031,384.9700012207031,384.2749938964844,384.2799987792969,585,0.0,0.0,2023-07-12
288,2023-07-12 09:50:00-04:00,384.2850036621094,384.2850036621094,384.2850036621094,384.2850036621094,735,0.0,0.0,2023-07-12
289,2023-07-12 09:54:00-04:00,384.17999267578125,384.25,384.17999267578125,384.25,281,0.0,0.0,2023-07-12
290,2023-07-12 09:55:00-04:00,383.510009765625,383.510009765625,383.510009765625,383.510009765625,667,0.0,0.0,2023-07-12
291,2023-07-12 10:00:00-04:00,384.2850036621094,384.2850036621094,383.92498779296875,383.92498779296875,537,0.0,0.0,2023-07-12
292,2023-07-12 10:01:00-04:00,384.4125061035156,384.4125061035156,383.92999267578125,383.92999267578125,1182,0.0,0.0,2023-07-12
293,2023-07-12 10:03:00-04:00,383.9549865722656,384.3500061035156,383.6000061035156,384.3500061035156,1965,0.0,0.0,2023-07-12
294,2023-07-12 10:07:00-04:00,385.0299987792969,385.19000244140625,385.0299987792969,385.19000244140625,335,0.0,0.0,2023-07-12
295,2023-07-12 10:08:00-04:00,385.42999267578125,385.42999267578125,385.0299987792969,385.0849914550781,3359,0.0,0.0,2023-07-12
296,2023-07-12 10:09:00-04:00,385.2799987792969,385.42999267578125,385.2799987792969,385.42999267578125,1080,0.0,0.0,2023-07-12
297,2023-07-12 10:12:00-04:00,385.42999267578125,385.42999267578125,385.42999267578125,385.42999267578125,403,0.0,0.0,2023-07-12
298,2023-07-12 10:13:00-04:00,385.4599914550781,385.4599914550781,385.4599914550781,385.4599914550781,510,0.0,0.0,2023-07-12
299,2023-07-12 10:16:00-04:00,385.8500061035156,385.8500061035156,385.8500061035156,385.8500061035156,122,0.0,0.0,2023-07-12
300,2023-07-12 10:18:00-04:00,385.8500061035156,385.8500061035156,385.8500061035156,385.8500061035156,408,0.0,0.0,2023-07-12
301,2023-07-12 10:19:00-04:00,385.7950134277344,385.7950134277344,385.7900085449219,385.7900085449219,310,0.0,0.0,2023-07-12
302,2023-07-12 10:20:00-04:00,385.885009765625,385.885009765625,385.7900085449219,385.7900085449219,433,0.0,0.0,2023-07-12
303,2023-07-12 10:21:00-04:00,385.4200134277344,385.4200134277344,385.4200134277344,385.4200134277344,151,0.0,0.0,2023-07-12
304,2023-07-12 10:22:00-04:00,385.5574951171875,386.0199890136719,385.5574951171875,386.0,3107,0.0,0.0,2023-07-12
305,2023-07-12 10:23:00-04:00,386.0199890136719,386.0199890136719,385.9100036621094,385.95001220703125,1308,0.0,0.0,2023-07-12
306,2023-07-12 10:29:00-04:00,386.5150146484375,386.5150146484375,386.5150146484375,386.5150146484375,509,0.0,0.0,2023-07-12
307,2023-07-12 10:30:00-04:00,386.8699951171875,386.92999267578125,386.8699951171875,386.92999267578125,853,0.0,0.0,2023-07-12
308,2023-07-12 10:38:00-04:00,386.9800109863281,386.9800109863281,386.739990234375,386.739990234375,442,0.0,0.0,2023-07-12
309,2023-07-12 10:39:00-04:00,386.82000732421875,386.9100036621094,386.6575012207031,386.677490234375,1292,0.0,0.0,2023-07-12
310,2023-07-12 10:43:00-04:00,386.489990234375,386.489990234375,386.489990234375,386.489990234375,137,0.0,0.0,2023-07-12
311,2023-07-12 10:44:00-04:00,386.5,386.5,386.5,386.5,288,0.0,0.0,2023-07-12
312,2023-07-12 10:46:00-04:00,386.3575134277344,386.3575134277344,386.3575134277344,386.3575134277344,317,0.0,0.0,2023-07-12
313,2023-07-12 10:51:00-04:00,386.239990234375,386.239990234375,385.7875061035156,386.0,4567,0.0,0.0,2023-07-12
314,2023-07-12 10:52:00-04:00,385.9849853515625,385.9849853515625,385.9849853515625,385.9849853515625,10258,0.0,0.0,2023-07-12
315,2023-07-12 10:53:00-04:00,385.7900085449219,385.94000244140625,385.75,385.7900085449219,1516,0.0,0.0,2023-07-12
316,2023-07-12 10:58:00-04:00,385.7900085449219,386.2300109863281,385.7900085449219,386.2300109863281,765,0.0,0.0,2023-07-12
317,2023-07-12 10:59:00-04:00,385.92999267578125,385.92999267578125,385.92999267578125,385.92999267578125,193,0.0,0.0,2023-07-12
318,2023-07-12 11:00:00-04:00,386.0799865722656,386.0799865722656,386.0799865722656,386.0799865722656,149,0.0,0.0,2023-07-12
319,2023-07-12 11:02:00-04:00,386.0899963378906,386.0899963378906,386.0899963378906,386.0899963378906,229,0.0,0.0,2023-07-12
320,2023-07-12 11:03:00-04:00,386.04998779296875,386.04998779296875,386.04998779296875,386.04998779296875,235,0.0,0.0,2023-07-12
321,2023-07-12 11:05:00-04:00,386.3599853515625,386.44000244140625,386.3599853515625,386.44000244140625,868,0.0,0.0,2023-07-12
322,2023-07-12 11:07:00-04:00,386.3900146484375,386.4150085449219,386.1400146484375,386.4150085449219,541,0.0,0.0,2023-07-12
323,2023-07-12 11:08:00-04:00,386.4800109863281,386.5799865722656,386.3450012207031,386.3450012207031,888,0.0,0.0,2023-07-12
324,2023-07-12 11:13:00-04:00,386.2650146484375,386.2650146484375,386.1449890136719,386.1449890136719,438,0.0,0.0,2023-07-12
325,2023-07-12 11:15:00-04:00,386.1000061035156,386.1000061035156,386.1000061035156,386.1000061035156,514,0.0,0.0,2023-07-12
326,2023-07-12 11:23:00-04:00,385.8699951171875,385.8699951171875,385.8699951171875,385.8699951171875,403,0.0,0.0,2023-07-12
327,2023-07-12 11:26:00-04:00,386.7200012207031,386.79998779296875,386.7200012207031,386.79998779296875,817,0.0,0.0,2023-07-12
328,2023-07-12 11:33:00-04:00,386.9649963378906,386.9649963378906,386.8949890136719,386.8949890136719,359,0.0,0.0,2023-07-12
329,2023-07-12 11:34:00-04:00,387.31988525390625,387.31988525390625,387.31988525390625,387.31988525390625,326,0.0,0.0,2023-07-12
330,2023-07-12 11:38:00-04:00,387.189697265625,387.189697265625,387.189697265625,387.189697265625,806,0.0,0.0,2023-07-12
331,2023-07-12 11:43:00-04:00,386.4200134277344,386.447509765625,386.4200134277344,386.447509765625,217,0.0,0.0,2023-07-12
332,2023-07-12 11:45:00-04:00,386.32000732421875,386.32000732421875,386.32000732421875,386.32000732421875,241,0.0,0.0,2023-07-12
333,2023-07-12 11:47:00-04:00,386.70001220703125,387.04998779296875,386.70001220703125,387.04998779296875,857,0.0,0.0,2023-07-12
334,2023-07-12 11:48:00-04:00,387.04998779296875,387.3550109863281,387.04998779296875,387.3550109863281,721,0.0,0.0,2023-07-12
335,2023-07-12 11:50:00-04:00,387.7200012207031,387.7799987792969,387.6099853515625,387.6099853515625,558,0.0,0.0,2023-07-12
336,2023-07-12 11:51:00-04:00,388.20001220703125,388.20001220703125,387.69000244140625,387.69000244140625,393,0.0,0.0,2023-07-12
337,2023-07-12 11:52:00-04:00,387.5950012207031,387.5950012207031,387.5950012207031,387.5950012207031,294,0.0,0.0,2023-07-12
338,2023-07-12 11:53:00-04:00,387.6400146484375,387.6400146484375,387.6400146484375,387.6400146484375,232,0.0,0.0,2023-07-12
339,2023-07-12 11:54:00-04:00,387.6499938964844,387.6499938964844,387.6499938964844,387.6499938964844,593,0.0,0.0,2023-07-12
340,2023-07-12 12:00:00-04:00,387.7300109863281,387.7300109863281,387.7300109863281,387.7300109863281,366,0.0,0.0,2023-07-12
341,2023-07-12 12:07:00-04:00,387.489990234375,387.489990234375,387.489990234375,387.489990234375,470,0.0,0.0,2023-07-12
342,2023-07-12 12:09:00-04:00,387.3900146484375,387.3900146484375,387.3900146484375,387.3900146484375,244,0.0,0.0,2023-07-12
343,2023-07-12 12:10:00-04:00,387.5899963378906,387.5899963378906,387.3999938964844,387.45001220703125,1272,0.0,0.0,2023-07-12
344,2023-07-12 12:15:00-04:00,388.2300109863281,388.2300109863281,388.2300109863281,388.2300109863281,104,0.0,0.0,2023-07-12
345,2023-07-12 12:16:00-04:00,388.1400146484375,388.1400146484375,387.8299865722656,387.8299865722656,764,0.0,0.0,2023-07-12
346,2023-07-12 12:17:00-04:00,387.760009765625,387.760009765625,387.760009765625,387.760009765625,645,0.0,0.0,2023-07-12
347,2023-07-12 12:33:00-04:00,387.8699951171875,388.0199890136719,387.8599853515625,387.8599853515625,781,0.0,0.0,2023-07-12
348,2023-07-12 12:34:00-04:00,387.8349914550781,387.8349914550781,387.8349914550781,387.8349914550781,410,0.0,0.0,2023-07-12
349,2023-07-12 12:36:00-04:00,387.7449951171875,388.0899963378906,387.7449951171875,388.0899963378906,363,0.0,0.0,2023-07-12
350,2023-07-12 12:37:00-04:00,388.20001220703125,388.364990234375,388.1600036621094,388.1600036621094,448,0.0,0.0,2023-07-12
351,2023-07-12 12:38:00-04:00,388.31500244140625,388.31500244140625,388.31500244140625,388.31500244140625,130,0.0,0.0,2023-07-12
352,2023-07-12 12:39:00-04:00,388.1499938964844,388.1499938964844,388.1400146484375,388.1400146484375,863,0.0,0.0,2023-07-12
353,2023-07-12 12:49:00-04:00,387.8299865722656,387.8299865722656,387.8299865722656,387.8299865722656,232,0.0,0.0,2023-07-12
354,2023-07-12 12:51:00-04:00,387.739990234375,387.739990234375,387.739990234375,387.739990234375,235,0.0,0.0,2023-07-12
355,2023-07-12 12:52:00-04:00,387.7200012207031,387.7200012207031,387.7200012207031,387.7200012207031,280,0.0,0.0,2023-07-12
356,2023-07-12 12:53:00-04:00,387.8699951171875,387.8699951171875,387.8450012207031,387.8450012207031,208,0.0,0.0,2023-07-12
357,2023-07-12 12:54:00-04:00,387.9800109863281,387.9800109863281,387.9800109863281,387.9800109863281,350,0.0,0.0,2023-07-12
358,2023-07-12 12:56:00-04:00,387.7550048828125,387.7550048828125,387.7550048828125,387.7550048828125,490,0.0,0.0,2023-07-12
359,2023-07-12 13:02:00-04:00,388.0,388.0299987792969,387.8999938964844,387.8999938964844,1076,0.0,0.0,2023-07-12
360,2023-07-12 13:03:00-04:00,388.0450134277344,388.2300109863281,388.0450134277344,388.1700134277344,924,0.0,0.0,2023-07-12
361,2023-07-12 13:04:00-04:00,388.3399963378906,388.3800048828125,388.3399963378906,388.3800048828125,407,0.0,0.0,2023-07-12
362,2023-07-12 13:07:00-04:00,388.17999267578125,388.17999267578125,388.17999267578125,388.17999267578125,458,0.0,0.0,2023-07-12
363,2023-07-12 13:15:00-04:00,388.1700134277344,388.1700134277344,388.1700134277344,388.1700134277344,854,0.0,0.0,2023-07-12
364,2023-07-12 13:36:00-04:00,388.04998779296875,388.04998779296875,387.9599914550781,387.9599914550781,661,0.0,0.0,2023-07-12
365,2023-07-12 13:37:00-04:00,387.8299865722656,387.8299865722656,387.8299865722656,387.8299865722656,121,0.0,0.0,2023-07-12
366,2023-07-12 13:38:00-04:00,387.9049987792969,387.9049987792969,387.9049987792969,387.9049987792969,780,0.0,0.0,2023-07-12
367,2023-07-12 13:40:00-04:00,387.95001220703125,387.9800109863281,387.95001220703125,387.9800109863281,1026,0.0,0.0,2023-07-12
368,2023-07-12 13:45:00-04:00,387.8949890136719,387.8949890136719,387.8949890136719,387.8949890136719,481,0.0,0.0,2023-07-12
369,2023-07-12 13:50:00-04:00,387.7799987792969,387.7799987792969,387.7799987792969,387.7799987792969,311,0.0,0.0,2023-07-12
370,2023-07-12 13:51:00-04:00,387.760009765625,387.760009765625,387.760009765625,387.760009765625,128,0.0,0.0,2023-07-12
371,2023-07-12 13:52:00-04:00,387.760009765625,387.760009765625,387.760009765625,387.760009765625,392,0.0,0.0,2023-07-12
372,2023-07-12 13:54:00-04:00,387.7200012207031,387.7200012207031,387.7200012207031,387.7200012207031,128,0.0,0.0,2023-07-12
373,2023-07-12 13:55:00-04:00,387.7250061035156,387.7250061035156,387.5400085449219,387.5400085449219,831,0.0,0.0,2023-07-12
374,2023-07-12 13:56:00-04:00,387.7099914550781,387.7300109863281,387.7099914550781,387.7300109863281,999,0.0,0.0,2023-07-12
375,2023-07-12 14:03:00-04:00,387.79998779296875,387.79998779296875,387.79998779296875,387.79998779296875,965,0.0,0.0,2023-07-12
376,2023-07-12 14:06:00-04:00,387.8299865722656,387.9200134277344,387.74560546875,387.860595703125,2284,0.0,0.0,2023-07-12
377,2023-07-12 14:07:00-04:00,387.8900146484375,387.8900146484375,387.8900146484375,387.8900146484375,158,0.0,0.0,2023-07-12
378,2023-07-12 14:08:00-04:00,387.9200134277344,388.0,387.8699951171875,387.8699951171875,1225,0.0,0.0,2023-07-12
379,2023-07-12 14:09:00-04:00,388.06500244140625,388.06500244140625,388.06500244140625,388.06500244140625,137,0.0,0.0,2023-07-12
380,2023-07-12 14:10:00-04:00,387.8699951171875,387.8699951171875,387.8699951171875,387.8699951171875,412,0.0,0.0,2023-07-12
381,2023-07-12 14:13:00-04:00,387.760009765625,387.82000732421875,387.6499938964844,387.82000732421875,959,0.0,0.0,2023-07-12
382,2023-07-12 14:17:00-04:00,387.7149963378906,387.7149963378906,387.7149963378906,387.7149963378906,292,0.0,0.0,2023-07-12
383,2023-07-12 14:19:00-04:00,387.6000061035156,387.6000061035156,387.6000061035156,387.6000061035156,609,0.0,0.0,2023-07-12
384,2023-07-12 14:24:00-04:00,387.5150146484375,387.5150146484375,387.5150146484375,387.5150146484375,596,0.0,0.0,2023-07-12
385,2023-07-12 14:30:00-04:00,387.5799865722656,387.5799865722656,387.5799865722656,387.5799865722656,880,0.0,0.0,2023-07-12
386,2023-07-12 14:32:00-04:00,387.5199890136719,387.5199890136719,387.5199890136719,387.5199890136719,472,0.0,0.0,2023-07-12
387,2023-07-12 14:37:00-04:00,387.7799987792969,387.8399963378906,387.7799987792969,387.8399963378906,1098,0.0,0.0,2023-07-12
388,2023-07-12 14:38:00-04:00,387.9100036621094,387.9100036621094,387.9100036621094,387.9100036621094,311,0.0,0.0,2023-07-12
389,2023-07-12 14:40:00-04:00,387.75,387.75,387.739990234375,387.739990234375,657,0.0,0.0,2023-07-12
390,2023-07-12 14:41:00-04:00,387.70001220703125,387.70001220703125,387.70001220703125,387.70001220703125,512,0.0,0.0,2023-07-12
391,2023-07-12 14:45:00-04:00,387.5199890136719,387.5199890136719,387.5150146484375,387.5199890136719,1372,0.0,0.0,2023-07-12
392,2023-07-12 14:57:00-04:00,387.69000244140625,387.80999755859375,387.69000244140625,387.80999755859375,1292,0.0,0.0,2023-07-12
393,2023-07-12 14:59:00-04:00,387.9100036621094,388.0199890136719,387.9100036621094,388.0199890136719,608,0.0,0.0,2023-07-12
394,2023-07-12 15:01:00-04:00,388.1499938964844,388.1499938964844,388.1499938964844,388.1499938964844,238,0.0,0.0,2023-07-12
395,2023-07-12 15:03:00-04:00,388.2449951171875,388.2449951171875,388.2449951171875,388.2449951171875,438,0.0,0.0,2023-07-12
396,2023-07-12 15:08:00-04:00,388.05999755859375,388.05999755859375,387.92498779296875,387.93499755859375,1476,0.0,0.0,2023-07-12
397,2023-07-12 15:09:00-04:00,387.9800109863281,387.9800109863281,387.9800109863281,387.9800109863281,519,0.0,0.0,2023-07-12
398,2023-07-12 15:10:00-04:00,388.0,388.0,388.0,388.0,702,0.0,0.0,2023-07-12
399,2023-07-12 15:12:00-04:00,388.25,388.25,388.25,388.25,490,0.0,0.0,2023-07-12
400,2023-07-12 15:14:00-04:00,388.3900146484375,388.3900146484375,388.3900146484375,388.3900146484375,215,0.0,0.0,2023-07-12
401,2023-07-12 15:15:00-04:00,388.54998779296875,388.54998779296875,388.54998779296875,388.54998779296875,402,0.0,0.0,2023-07-12
402,2023-07-12 15:19:00-04:00,388.510009765625,388.510009765625,388.510009765625,388.510009765625,1383,0.0,0.0,2023-07-12
403,2023-07-12 15:22:00-04:00,387.9750061035156,387.9750061035156,387.9750061035156,387.9750061035156,357,0.0,0.0,2023-07-12
404,2023-07-12 15:23:00-04:00,387.9800109863281,387.9800109863281,387.9800109863281,387.9800109863281,245,0.0,0.0,2023-07-12
405,2023-07-12 15:24:00-04:00,388.07000732421875,388.07000732421875,388.07000732421875,388.07000732421875,187,0.0,0.0,2023-07-12
406,2023-07-12 15:25:00-04:00,387.8900146484375,387.95458984375,387.8900146484375,387.95458984375,465,0.0,0.0,2023-07-12
407,2023-07-12 15:26:00-04:00,387.8399963378906,387.8699951171875,387.8399963378906,387.8699951171875,494,0.0,0.0,2023-07-12
408,2023-07-12 15:28:00-04:00,387.95001220703125,387.95001220703125,387.95001220703125,387.95001220703125,614,0.0,0.0,2023-07-12
409,2023-07-12 15:29:00-04:00,388.2200012207031,388.239990234375,388.2200012207031,388.239990234375,578,0.0,0.0,2023-07-12
410,2023-07-12 15:30:00-04:00,388.3450012207031,388.3450012207031,388.3450012207031,388.3450012207031,255,0.0,0.0,2023-07-12
411,2023-07-12 15:31:00-04:00,388.2900085449219,388.3900146484375,388.2900085449219,388.3900146484375,963,0.0,0.0,2023-07-12
412,2023-07-12 15:33:00-04:00,388.489990234375,388.489990234375,388.4800109863281,388.489990234375,1668,0.0,0.0,2023-07-12
413,2023-07-12 15:34:00-04:00,388.4674987792969,388.5799865722656,388.4549865722656,388.5799865722656,508,0.0,0.0,2023-07-12
414,2023-07-12 15:35:00-04:00,388.7099914550781,388.7300109863281,388.67999267578125,388.67999267578125,746,0.0,0.0,2023-07-12
415,2023-07-12 15:36:00-04:00,388.6650085449219,388.6650085449219,388.6650085449219,388.6650085449219,278,0.0,0.0,2023-07-12
416,2023-07-12 15:38:00-04:00,388.57000732421875,388.57000732421875,388.57000732421875,388.57000732421875,143,0.0,0.0,2023-07-12
417,2023-07-12 15:39:00-04:00,388.635009765625,388.635009765625,388.0050048828125,388.0050048828125,4135,0.0,0.0,2023-07-12
418,2023-07-12 15:40:00-04:00,388.0050048828125,388.0050048828125,387.760009765625,387.760009765625,1076,0.0,0.0,2023-07-12
419,2023-07-12 15:41:00-04:00,388.05499267578125,388.2200012207031,388.010009765625,388.1549987792969,1555,0.0,0.0,2023-07-12
420,2023-07-12 15:42:00-04:00,388.1700134277344,388.1700134277344,388.1700134277344,388.1700134277344,372,0.0,0.0,2023-07-12
421,2023-07-12 15:44:00-04:00,388.19000244140625,388.19000244140625,388.1400146484375,388.1400146484375,679,0.0,0.0,2023-07-12
422,2023-07-12 15:46:00-04:00,388.1000061035156,388.1000061035156,388.1000061035156,388.1000061035156,508,0.0,0.0,2023-07-12
423,2023-07-12 15:47:00-04:00,388.1000061035156,388.1499938964844,387.8349914550781,387.8349914550781,7069,0.0,0.0,2023-07-12
424,2023-07-12 15:48:00-04:00,387.8324890136719,387.8324890136719,387.822509765625,387.822509765625,710,0.0,0.0,2023-07-12
425,2023-07-12 15:49:00-04:00,387.8374938964844,387.8999938964844,387.8374938964844,387.8999938964844,1645,0.0,0.0,2023-07-12
426,2023-07-12 15:50:00-04:00,387.760009765625,388.0,387.75,388.0,7370,0.0,0.0,2023-07-12
427,2023-07-12 15:51:00-04:00,387.9200134277344,388.1000061035156,387.9200134277344,388.1000061035156,1590,0.0,0.0,2023-07-12
428,2023-07-12 15:52:00-04:00,388.1000061035156,388.1000061035156,388.0899963378906,388.0899963378906,888,0.0,0.0,2023-07-12
429,2023-07-12 15:53:00-04:00,388.1549987792969,388.2200012207031,388.1549987792969,388.2200012207031,733,0.0,0.0,2023-07-12
430,2023-07-12 15:54:00-04:00,388.2799987792969,388.3399963378906,388.1099853515625,388.1099853515625,2775,0.0,0.0,2023-07-12
431,2023-07-12 15:55:00-04:00,388.010009765625,388.010009765625,387.739990234375,387.9200134277344,2331,0.0,0.0,2023-07-12
432,2023-07-12 15:56:00-04:00,387.7099914550781,387.7200012207031,387.70001220703125,387.70001220703125,5848,0.0,0.0,2023-07-12
433,2023-07-12 15:57:00-04:00,387.54998779296875,387.54998779296875,387.3699951171875,387.489990234375,2565,0.0,0.0,2023-07-12
434,2023-07-12 15:58:00-04:00,387.3299865722656,387.5799865722656,387.29998779296875,387.5150146484375,4100,0.0,0.0,2023-07-12
435,2023-07-12 15:59:00-04:00,387.6400146484375,387.6600036621094,387.3009948730469,387.44000244140625,11830,0.0,0.0,2023-07-12
436,2023-07-13 09:30:00-04:00,387.8999938964844,389.6600036621094,387.8999938964844,389.6300048828125,1595,0.0,0.0,2023-07-13
437,2023-07-13 09:35:00-04:00,388.0350036621094,388.0350036621094,388.0350036621094,388.0350036621094,322,0.0,0.0,2023-07-13
438,2023-07-13 09:42:00-04:00,387.1000061035156,387.1000061035156,386.7650146484375,386.7650146484375,473,0.0,0.0,2023-07-13
439,2023-07-13 09:45:00-04:00,389.2850036621094,389.2850036621094,389.2850036621094,389.2850036621094,184,0.0,0.0,2023-07-13
440,2023-07-13 09:48:00-04:00,387.4800109863281,387.4800109863281,387.4800109863281,387.4800109863281,114,0.0,0.0,2023-07-13
441,2023-07-13 09:49:00-04:00,388.3349914550781,389.4049987792969,388.3349914550781,389.4049987792969,949,0.0,0.0,2023-07-13
442,2023-07-13 09:51:00-04:00,389.32000732421875,389.45001220703125,388.9800109863281,389.45001220703125,1623,0.0,0.0,2023-07-13
443,2023-07-13 09:54:00-04:00,389.0,389.0,389.0,389.0,436,0.0,0.0,2023-07-13
444,2023-07-13 09:59:00-04:00,389.0350036621094,389.0350036621094,389.0350036621094,389.0350036621094,222,0.0,0.0,2023-07-13
445,2023-07-13 10:01:00-04:00,388.9599914550781,388.9599914550781,388.9599914550781,388.9599914550781,277,0.0,0.0,2023-07-13
446,2023-07-13 10:05:00-04:00,388.07000732421875,388.8424987792969,388.07000732421875,388.8424987792969,588,0.0,0.0,2023-07-13
447,2023-07-13 10:08:00-04:00,388.6499938964844,388.760009765625,388.42999267578125,388.42999267578125,740,0.0,0.0,2023-07-13
448,2023-07-13 10:10:00-04:00,388.4649963378906,388.4649963378906,388.4649963378906,388.4649963378906,845,0.0,0.0,2023-07-13
449,2023-07-13 10:13:00-04:00,387.44500732421875,387.44500732421875,387.44500732421875,387.44500732421875,193,0.0,0.0,2023-07-13
450,2023-07-13 10:14:00-04:00,387.1600036621094,387.1600036621094,387.1600036621094,387.1600036621094,846,0.0,0.0,2023-07-13
451,2023-07-13 10:18:00-04:00,386.625,386.625,386.625,386.625,463,0.0,0.0,2023-07-13
452,2023-07-13 10:22:00-04:00,386.3699951171875,386.3699951171875,386.3699951171875,386.3699951171875,711,0.0,0.0,2023-07-13
453,2023-07-13 10:24:00-04:00,386.82501220703125,386.82501220703125,386.82501220703125,386.82501220703125,375,0.0,0.0,2023-07-13
454,2023-07-13 10:25:00-04:00,386.8349914550781,386.8349914550781,386.8349914550781,386.8349914550781,240,0.0,0.0,2023-07-13
455,2023-07-13 10:26:00-04:00,386.8550109863281,386.8550109863281,386.8550109863281,386.8550109863281,865,0.0,0.0,2023-07-13
456,2023-07-13 10:31:00-04:00,386.7699890136719,386.7699890136719,386.7699890136719,386.7699890136719,686,0.0,0.0,2023-07-13
457,2023-07-13 10:33:00-04:00,386.69500732421875,386.69500732421875,386.69500732421875,386.69500732421875,412,0.0,0.0,2023-07-13
458,2023-07-13 10:35:00-04:00,386.75,386.75,386.75,386.75,412,0.0,0.0,2023-07-13
459,2023-07-13 10:36:00-04:00,387.0050048828125,387.0050048828125,386.8450012207031,386.8450012207031,328,0.0,0.0,2023-07-13
460,2023-07-13 10:37:00-04:00,387.32000732421875,387.32000732421875,387.0950012207031,387.0950012207031,597,0.0,0.0,2023-07-13
461,2023-07-13 10:38:00-04:00,387.2149963378906,387.2149963378906,386.9599914550781,387.0799865722656,605,0.0,0.0,2023-07-13
462,2023-07-13 10:39:00-04:00,386.6400146484375,386.6400146484375,386.5899963378906,386.5899963378906,553,0.0,0.0,2023-07-13
463,2023-07-13 10:41:00-04:00,386.7300109863281,386.7300109863281,386.7300109863281,386.7300109863281,378,0.0,0.0,2023-07-13
464,2023-07-13 10:42:00-04:00,386.32000732421875,386.32000732421875,386.32000732421875,386.32000732421875,230,0.0,0.0,2023-07-13
465,2023-07-13 10:44:00-04:00,386.19000244140625,386.19000244140625,386.19000244140625,386.19000244140625,197,0.0,0.0,2023-07-13
466,2023-07-13 10:45:00-04:00,386.17999267578125,386.17999267578125,386.17999267578125,386.17999267578125,143,0.0,0.0,2023-07-13
467,2023-07-13 10:46:00-04:00,386.2449951171875,386.2449951171875,386.2449951171875,386.2449951171875,6189,0.0,0.0,2023-07-13
468,2023-07-13 10:51:00-04:00,386.05499267578125,386.05499267578125,386.05499267578125,386.05499267578125,5057,0.0,0.0,2023-07-13
469,2023-07-13 10:52:00-04:00,386.010009765625,386.7799987792969,386.010009765625,386.489990234375,6399,0.0,0.0,2023-07-13
470,2023-07-13 10:56:00-04:00,387.239990234375,387.4100036621094,387.239990234375,387.4100036621094,874,0.0,0.0,2023-07-13
471,2023-07-13 11:10:00-04:00,387.55999755859375,387.55999755859375,387.55999755859375,387.55999755859375,117,0.0,0.0,2023-07-13
472,2023-07-13 11:12:00-04:00,387.4649963378906,387.4649963378906,387.29998779296875,387.29998779296875,794,0.0,0.0,2023-07-13
473,2023-07-13 11:15:00-04:00,387.739990234375,387.739990234375,387.739990234375,387.739990234375,397,0.0,0.0,2023-07-13
474,2023-07-13 11:23:00-04:00,388.7900085449219,388.7900085449219,388.7900085449219,388.7900085449219,441,0.0,0.0,2023-07-13
475,2023-07-13 11:34:00-04:00,388.2550048828125,388.4599914550781,388.2550048828125,388.4599914550781,768,0.0,0.0,2023-07-13
476,2023-07-13 11:39:00-04:00,388.29998779296875,388.29998779296875,388.2799987792969,388.2799987792969,517,0.0,0.0,2023-07-13
477,2023-07-13 11:49:00-04:00,387.8500061035156,387.8500061035156,387.8500061035156,387.8500061035156,381,0.0,0.0,2023-07-13
478,2023-07-13 12:03:00-04:00,388.2799987792969,388.2799987792969,388.2799987792969,388.2799987792969,250,0.0,0.0,2023-07-13
479,2023-07-13 12:04:00-04:00,388.239990234375,388.239990234375,388.0199890136719,388.0199890136719,829,0.0,0.0,2023-07-13
480,2023-07-13 12:08:00-04:00,388.07000732421875,388.07000732421875,388.07000732421875,388.07000732421875,742,0.0,0.0,2023-07-13
481,2023-07-13 12:17:00-04:00,388.0400085449219,388.19000244140625,388.0400085449219,388.19000244140625,415,0.0,0.0,2023-07-13
482,2023-07-13 12:19:00-04:00,388.2699890136719,388.29998779296875,388.2699890136719,388.29998779296875,809,0.0,0.0,2023-07-13
483,2023-07-13 12:20:00-04:00,388.0799865722656,388.0899963378906,388.05999755859375,388.05999755859375,463,0.0,0.0,2023-07-13
484,2023-07-13 12:23:00-04:00,388.0849914550781,388.0849914550781,388.0849914550781,388.0849914550781,358,0.0,0.0,2023-07-13
485,2023-07-13 12:31:00-04:00,388.19000244140625,388.19000244140625,388.19000244140625,388.19000244140625,313,0.0,0.0,2023-07-13
486,2023-07-13 12:34:00-04:00,388.3999938964844,388.3999938964844,388.3999938964844,388.3999938964844,324,0.0,0.0,2023-07-13
487,2023-07-13 12:37:00-04:00,388.42498779296875,388.42498779296875,388.42498779296875,388.42498779296875,102,0.0,0.0,2023-07-13
488,2023-07-13 12:38:00-04:00,388.29998779296875,388.29998779296875,388.29998779296875,388.29998779296875,215,0.0,0.0,2023-07-13
489,2023-07-13 12:40:00-04:00,388.30499267578125,388.30499267578125,388.29998779296875,388.29998779296875,267,0.0,0.0,2023-07-13
490,2023-07-13 12:41:00-04:00,388.20001220703125,388.4200134277344,388.20001220703125,388.4200134277344,484,0.0,0.0,2023-07-13
491,2023-07-13 12:42:00-04:00,388.2300109863281,388.2300109863281,388.2300109863281,388.2300109863281,131,0.0,0.0,2023-07-13
492,2023-07-13 12:45:00-04:00,388.4200134277344,388.4200134277344,388.4200134277344,388.4200134277344,297,0.0,0.0,2023-07-13
493,2023-07-13 12:47:00-04:00,388.3299865722656,388.3299865722656,388.3299865722656,388.3299865722656,165,0.0,0.0,2023-07-13
494,2023-07-13 12:48:00-04:00,388.3699951171875,388.3699951171875,388.3699951171875,388.3699951171875,180,0.0,0.0,2023-07-13
495,2023-07-13 12:49:00-04:00,388.29998779296875,388.29998779296875,388.29998779296875,388.29998779296875,286,0.0,0.0,2023-07-13
496,2023-07-13 12:51:00-04:00,388.2349853515625,388.2349853515625,388.2349853515625,388.2349853515625,125,0.0,0.0,2023-07-13
497,2023-07-13 12:52:00-04:00,388.239990234375,388.239990234375,388.239990234375,388.239990234375,313,0.0,0.0,2023-07-13
498,2023-07-13 12:55:00-04:00,388.239990234375,388.239990234375,388.239990234375,388.239990234375,583,0.0,0.0,2023-07-13
499,2023-07-13 12:56:00-04:00,388.1099853515625,388.1099853515625,387.95001220703125,387.95001220703125,728,0.0,0.0,2023-07-13
500,2023-07-13 13:04:00-04:00,388.1700134277344,388.1700134277344,388.1650085449219,388.1650085449219,378,0.0,0.0,2023-07-13
501,2023-07-13 13:08:00-04:00,388.010009765625,388.010009765625,388.010009765625,388.010009765625,329,0.0,0.0,2023-07-13
502,2023-07-13 13:15:00-04:00,388.1300048828125,388.1300048828125,388.1300048828125,388.1300048828125,317,0.0,0.0,2023-07-13
503,2023-07-13 13:16:00-04:00,388.2099914550781,388.29998779296875,388.2099914550781,388.29998779296875,899,0.0,0.0,2023-07-13
504,2023-07-13 13:23:00-04:00,388.3399963378906,388.3399963378906,388.3399963378906,388.3399963378906,439,0.0,0.0,2023-07-13
505,2023-07-13 13:34:00-04:00,388.4200134277344,388.5350036621094,388.4200134277344,388.5350036621094,520,0.0,0.0,2023-07-13
506,2023-07-13 13:36:00-04:00,388.44000244140625,388.5199890136719,388.30999755859375,388.30999755859375,750,0.0,0.0,2023-07-13
507,2023-07-13 13:39:00-04:00,388.6000061035156,388.6000061035156,388.489990234375,388.56500244140625,1445,0.0,0.0,2023-07-13
508,2023-07-13 13:45:00-04:00,388.4599914550781,388.4599914550781,388.32000732421875,388.32000732421875,1612,0.0,0.0,2023-07-13
509,2023-07-13 13:57:00-04:00,388.29998779296875,388.29998779296875,388.29998779296875,388.29998779296875,464,0.0,0.0,2023-07-13
510,2023-07-13 13:59:00-04:00,388.114990234375,388.114990234375,388.114990234375,388.114990234375,192,0.0,0.0,2023-07-13
511,2023-07-13 14:03:00-04:00,388.17999267578125,388.17999267578125,388.1199951171875,388.1199951171875,1047,0.0,0.0,2023-07-13
512,2023-07-13 14:08:00-04:00,388.3999938964844,388.4599914550781,388.3999938964844,388.42999267578125,315,0.0,0.0,2023-07-13
513,2023-07-13 14:09:00-04:00,388.3399963378906,388.5400085449219,388.3399963378906,388.5400085449219,267,0.0,0.0,2023-07-13
514,2023-07-13 14:10:00-04:00,388.4100036621094,388.55499267578125,388.30999755859375,388.4100036621094,1588,0.0,0.0,2023-07-13
515,2023-07-13 14:14:00-04:00,388.3399963378906,388.3399963378906,388.3399963378906,388.3399963378906,201,0.0,0.0,2023-07-13
516,2023-07-13 14:17:00-04:00,388.4700012207031,388.4700012207031,388.4700012207031,388.4700012207031,192,0.0,0.0,2023-07-13
517,2023-07-13 14:20:00-04:00,388.56878662109375,388.56878662109375,388.3500061035156,388.3500061035156,463,0.0,0.0,2023-07-13
518,2023-07-13 14:22:00-04:00,388.2900085449219,388.2900085449219,388.2900085449219,388.2900085449219,100,0.0,0.0,2023-07-13
519,2023-07-13 14:23:00-04:00,388.30999755859375,388.30999755859375,388.30999755859375,388.30999755859375,115,0.0,0.0,2023-07-13
520,2023-07-13 14:24:00-04:00,388.2699890136719,388.2699890136719,388.2699890136719,388.2699890136719,979,0.0,0.0,2023-07-13
521,2023-07-13 14:32:00-04:00,388.3500061035156,388.3500061035156,388.3500061035156,388.3500061035156,254,0.0,0.0,2023-07-13
522,2023-07-13 14:33:00-04:00,388.3699951171875,388.3699951171875,388.3699951171875,388.3699951171875,249,0.0,0.0,2023-07-13
523,2023-07-13 14:34:00-04:00,388.4100036621094,388.4200134277344,388.4100036621094,388.4200134277344,307,0.0,0.0,2023-07-13
524,2023-07-13 14:36:00-04:00,388.42999267578125,388.4649963378906,388.30999755859375,388.3800048828125,928,0.0,0.0,2023-07-13
525,2023-07-13 14:39:00-04:00,388.1400146484375,388.1400146484375,388.0,388.0,419,0.0,0.0,2023-07-13
526,2023-07-13 14:48:00-04:00,388.2799987792969,388.2799987792969,388.2799987792969,388.2799987792969,417,0.0,0.0,2023-07-13
527,2023-07-13 14:49:00-04:00,388.3299865722656,388.3299865722656,388.3299865722656,388.3299865722656,168,0.0,0.0,2023-07-13
528,2023-07-13 14:53:00-04:00,388.3699951171875,388.3699951171875,388.3699951171875,388.3699951171875,564,0.0,0.0,2023-07-13
529,2023-07-13 15:04:00-04:00,388.42999267578125,388.42999267578125,388.3800048828125,388.3800048828125,545,0.0,0.0,2023-07-13
530,2023-07-13 15:05:00-04:00,388.32000732421875,388.32000732421875,388.260009765625,388.260009765625,259,0.0,0.0,2023-07-13
531,2023-07-13 15:06:00-04:00,388.3399963378906,388.3399963378906,388.3399963378906,388.3399963378906,360,0.0,0.0,2023-07-13
532,2023-07-13 15:08:00-04:00,388.3699951171875,388.3699951171875,388.3699951171875,388.3699951171875,880,0.0,0.0,2023-07-13
533,2023-07-13 15:20:00-04:00,388.45001220703125,388.6099853515625,388.3500061035156,388.44000244140625,2024,0.0,0.0,2023-07-13
534,2023-07-13 15:24:00-04:00,388.29998779296875,388.3699951171875,388.29998779296875,388.29998779296875,852,0.0,0.0,2023-07-13
535,2023-07-13 15:25:00-04:00,388.43499755859375,388.4549865722656,388.30999755859375,388.30999755859375,1138,0.0,0.0,2023-07-13
536,2023-07-13 15:27:00-04:00,388.6000061035156,388.6000061035156,388.29998779296875,388.45001220703125,1071,0.0,0.0,2023-07-13
537,2023-07-13 15:28:00-04:00,388.3999938964844,388.4599914550781,388.32000732421875,388.4599914550781,619,0.0,0.0,2023-07-13
538,2023-07-13 15:29:00-04:00,388.3500061035156,388.3500061035156,388.29998779296875,388.29998779296875,433,0.0,0.0,2023-07-13
539,2023-07-13 15:30:00-04:00,388.510009765625,388.6199951171875,388.3299865722656,388.5849914550781,1592,0.0,0.0,2023-07-13
540,2023-07-13 15:31:00-04:00,388.3900146484375,388.3999938964844,388.3299865722656,388.3800048828125,1640,0.0,0.0,2023-07-13
541,2023-07-13 15:32:00-04:00,388.29998779296875,388.45001220703125,388.29998779296875,388.42498779296875,2005,0.0,0.0,2023-07-13
542,2023-07-13 15:33:00-04:00,388.70001220703125,389.1000061035156,388.70001220703125,389.1000061035156,2925,0.0,0.0,2023-07-13
543,2023-07-13 15:34:00-04:00,389.2300109863281,389.2799987792969,389.1700134277344,389.1700134277344,599,0.0,0.0,2023-07-13
544,2023-07-13 15:35:00-04:00,389.239990234375,389.25,389.239990234375,389.25,274,0.0,0.0,2023-07-13
545,2023-07-13 15:36:00-04:00,389.3399963378906,389.3399963378906,389.2049865722656,389.25,9109,0.0,0.0,2023-07-13
546,2023-07-13 15:37:00-04:00,389.25,389.25,389.25,389.25,406,0.0,0.0,2023-07-13
547,2023-07-13 15:38:00-04:00,389.1099853515625,389.2799987792969,388.875,388.875,3692,0.0,0.0,2023-07-13
548,2023-07-13 15:39:00-04:00,389.0799865722656,389.2049865722656,389.0799865722656,389.2049865722656,379,0.0,0.0,2023-07-13
549,2023-07-13 15:41:00-04:00,389.25,389.3699951171875,389.25,389.25,1640,0.0,0.0,2023-07-13
550,2023-07-13 15:42:00-04:00,389.3299865722656,389.3299865722656,389.3299865722656,389.3299865722656,102,0.0,0.0,2023-07-13
551,2023-07-13 15:43:00-04:00,389.3299865722656,389.6499938964844,389.3299865722656,389.55999755859375,1197,0.0,0.0,2023-07-13
552,2023-07-13 15:44:00-04:00,389.5199890136719,389.80999755859375,389.45001220703125,389.7699890136719,2005,0.0,0.0,2023-07-13
553,2023-07-13 15:45:00-04:00,389.885009765625,389.885009765625,389.8349914550781,389.8349914550781,484,0.0,0.0,2023-07-13
554,2023-07-13 15:47:00-04:00,389.82000732421875,389.82000732421875,389.70001220703125,389.7900085449219,590,0.0,0.0,2023-07-13
555,2023-07-13 15:48:00-04:00,390.0,390.260009765625,389.80999755859375,390.04998779296875,5786,0.0,0.0,2023-07-13
556,2023-07-13 15:49:00-04:00,390.135009765625,390.7799987792969,390.135009765625,390.55999755859375,4458,0.0,0.0,2023-07-13
557,2023-07-13 15:50:00-04:00,390.55999755859375,390.55999755859375,390.3949890136719,390.3949890136719,2011,0.0,0.0,2023-07-13
558,2023-07-13 15:51:00-04:00,390.3900146484375,390.5400085449219,390.3299865722656,390.5400085449219,3176,0.0,0.0,2023-07-13
559,2023-07-13 15:52:00-04:00,390.5299987792969,390.5400085449219,390.3800048828125,390.4100036621094,1632,0.0,0.0,2023-07-13
560,2023-07-13 15:53:00-04:00,390.3599853515625,390.4150085449219,390.2799987792969,390.29998779296875,1989,0.0,0.0,2023-07-13
561,2023-07-13 15:54:00-04:00,390.3900146484375,390.6400146484375,390.3299865722656,390.364990234375,6314,0.0,0.0,2023-07-13
562,2023-07-13 15:55:00-04:00,390.3699951171875,390.6000061035156,390.3699951171875,390.6000061035156,2051,0.0,0.0,2023-07-13
563,2023-07-13 15:56:00-04:00,390.510009765625,390.57000732421875,390.3900146484375,390.45001220703125,2829,0.0,0.0,2023-07-13
564,2023-07-13 15:57:00-04:00,390.5199890136719,390.5849914550781,390.4800109863281,390.510009765625,1695,0.0,0.0,2023-07-13
565,2023-07-13 15:58:00-04:00,390.57000732421875,390.6600036621094,390.5199890136719,390.5899963378906,3052,0.0,0.0,2023-07-13
566,2023-07-13 15:59:00-04:00,390.5400085449219,390.6000061035156,390.0799865722656,390.1600036621094,18156,0.0,0.0,2023-07-13
567,2023-07-14 09:30:00-04:00,390.3299865722656,392.135009765625,390.3299865722656,392.135009765625,2130,0.0,0.0,2023-07-14
568,2023-07-14 09:31:00-04:00,390.5450134277344,390.5450134277344,390.5450134277344,390.5450134277344,310,0.0,0.0,2023-07-14
569,2023-07-14 09:33:00-04:00,390.5849914550781,392.2300109863281,390.5849914550781,392.07000732421875,4145,0.0,0.0,2023-07-14
570,2023-07-14 09:34:00-04:00,392.70001220703125,392.70001220703125,392.70001220703125,392.70001220703125,247,0.0,0.0,2023-07-14
571,2023-07-14 09:35:00-04:00,392.95001220703125,392.95001220703125,392.95001220703125,392.95001220703125,107,0.0,0.0,2023-07-14
572,2023-07-14 09:36:00-04:00,393.760009765625,395.6300048828125,393.42999267578125,395.30999755859375,6343,0.0,0.0,2023-07-14
573,2023-07-14 09:37:00-04:00,395.239990234375,395.239990234375,395.239990234375,395.239990234375,106,0.0,0.0,2023-07-14
574,2023-07-14 09:38:00-04:00,395.6400146484375,395.6400146484375,395.6400146484375,395.6400146484375,144,0.0,0.0,2023-07-14
575,2023-07-14 09:39:00-04:00,396.2099914550781,396.2200012207031,396.1300048828125,396.17999267578125,1858,0.0,0.0,2023-07-14
576,2023-07-14 09:40:00-04:00,395.6600036621094,395.67999267578125,395.6600036621094,395.67999267578125,5361,0.0,0.0,2023-07-14
577,2023-07-14 09:41:00-04:00,396.9100036621094,396.9100036621094,395.5199890136719,395.5199890136719,335,0.0,0.0,2023-07-14
578,2023-07-14 09:42:00-04:00,396.30999755859375,396.30999755859375,396.30999755859375,396.30999755859375,327,0.0,0.0,2023-07-14
579,2023-07-14 09:45:00-04:00,395.0050048828125,395.0050048828125,395.0050048828125,395.0050048828125,207,0.0,0.0,2023-07-14
580,2023-07-14 09:48:00-04:00,394.70001220703125,395.4700012207031,394.70001220703125,394.7349853515625,1007,0.0,0.0,2023-07-14
581,2023-07-14 09:49:00-04:00,394.7049865722656,394.7099914550781,393.9100036621094,393.9599914550781,1004,0.0,0.0,2023-07-14
582,2023-07-14 09:50:00-04:00,394.7699890136719,396.55999755859375,394.75,395.5400085449219,11245,0.0,0.0,2023-07-14
583,2023-07-14 09:52:00-04:00,395.8599853515625,395.94000244140625,395.8599853515625,395.8800048828125,725,0.0,0.0,2023-07-14
584,2023-07-14 09:53:00-04:00,396.510009765625,396.5199890136719,396.510009765625,396.5199890136719,393,0.0,0.0,2023-07-14
585,2023-07-14 09:54:00-04:00,396.6099853515625,396.9599914550781,396.3599853515625,396.3599853515625,1143,0.0,0.0,2023-07-14
586,2023-07-14 09:58:00-04:00,396.6199951171875,396.6199951171875,396.6199951171875,396.6199951171875,259,0.0,0.0,2023-07-14
587,2023-07-14 09:59:00-04:00,396.989990234375,396.989990234375,396.989990234375,396.989990234375,609,0.0,0.0,2023-07-14
588,2023-07-14 10:00:00-04:00,396.7799987792969,396.7799987792969,395.6099853515625,395.6099853515625,517,0.0,0.0,2023-07-14
589,2023-07-14 10:01:00-04:00,396.8399963378906,396.8699951171875,396.260009765625,396.29998779296875,1602,0.0,0.0,2023-07-14
590,2023-07-14 10:02:00-04:00,395.6000061035156,396.30999755859375,395.5150146484375,396.30999755859375,6208,0.0,0.0,2023-07-14
591,2023-07-14 10:03:00-04:00,395.9200134277344,395.9200134277344,395.9200134277344,395.9200134277344,1037,0.0,0.0,2023-07-14
592,2023-07-14 10:11:00-04:00,396.05999755859375,396.05999755859375,396.05999755859375,396.05999755859375,347,0.0,0.0,2023-07-14
593,2023-07-14 10:12:00-04:00,396.2300109863281,396.2300109863281,396.2300109863281,396.2300109863281,419,0.0,0.0,2023-07-14
594,2023-07-14 10:13:00-04:00,396.135009765625,396.239990234375,395.8900146484375,396.2300109863281,1836,0.0,0.0,2023-07-14
595,2023-07-14 10:15:00-04:00,396.1000061035156,396.1000061035156,396.1000061035156,396.1000061035156,130,0.0,0.0,2023-07-14
596,2023-07-14 10:17:00-04:00,395.8500061035156,395.8500061035156,395.8500061035156,395.8500061035156,769,0.0,0.0,2023-07-14
597,2023-07-14 10:21:00-04:00,395.625,395.625,395.625,395.625,613,0.0,0.0,2023-07-14
598,2023-07-14 10:23:00-04:00,395.8299865722656,395.8299865722656,395.8299865722656,395.8299865722656,284,0.0,0.0,2023-07-14
599,2023-07-14 10:25:00-04:00,395.75,395.75,395.75,395.75,399,0.0,0.0,2023-07-14
600,2023-07-14 10:26:00-04:00,395.7300109863281,395.7300109863281,395.510009765625,395.510009765625,1448,0.0,0.0,2023-07-14
601,2023-07-14 10:28:00-04:00,395.75,395.75,395.75,395.75,842,0.0,0.0,2023-07-14
602,2023-07-14 10:31:00-04:00,395.9649963378906,395.9649963378906,395.9649963378906,395.9649963378906,297,0.0,0.0,2023-07-14
603,2023-07-14 10:32:00-04:00,395.5271911621094,395.5271911621094,395.5271911621094,395.5271911621094,747,0.0,0.0,2023-07-14
604,2023-07-14 10:36:00-04:00,395.1600036621094,395.3349914550781,395.1600036621094,395.3349914550781,1107,0.0,0.0,2023-07-14
605,2023-07-14 10:41:00-04:00,394.75,394.75,394.75,394.75,100,0.0,0.0,2023-07-14
606,2023-07-14 10:42:00-04:00,394.510009765625,394.510009765625,394.2900085449219,394.3699951171875,813,0.0,0.0,2023-07-14
607,2023-07-14 10:43:00-04:00,394.3900146484375,394.3900146484375,394.3900146484375,394.3900146484375,450,0.0,0.0,2023-07-14
608,2023-07-14 10:46:00-04:00,394.385009765625,394.385009765625,394.3450012207031,394.3450012207031,528,0.0,0.0,2023-07-14
609,2023-07-14 10:47:00-04:00,394.5299987792969,394.6199951171875,394.5299987792969,394.6199951171875,523,0.0,0.0,2023-07-14
610,2023-07-14 10:49:00-04:00,394.0899963378906,394.0899963378906,393.885009765625,393.885009765625,992,0.0,0.0,2023-07-14
611,2023-07-14 10:54:00-04:00,393.6099853515625,394.07000732421875,393.6099853515625,394.00250244140625,3071,0.0,0.0,2023-07-14
612,2023-07-14 10:59:00-04:00,394.364990234375,394.364990234375,394.364990234375,394.364990234375,655,0.0,0.0,2023-07-14
613,2023-07-14 11:01:00-04:00,394.75250244140625,394.75250244140625,394.75250244140625,394.75250244140625,308,0.0,0.0,2023-07-14
614,2023-07-14 11:03:00-04:00,394.7149963378906,394.7149963378906,394.7149963378906,394.7149963378906,309,0.0,0.0,2023-07-14
615,2023-07-14 11:05:00-04:00,395.0400085449219,395.29998779296875,395.03009033203125,395.1650085449219,1880,0.0,0.0,2023-07-14
616,2023-07-14 11:07:00-04:00,394.885009765625,394.885009765625,394.69000244140625,394.69000244140625,300,0.0,0.0,2023-07-14
617,2023-07-14 11:08:00-04:00,394.44000244140625,394.44000244140625,394.44000244140625,394.44000244140625,401,0.0,0.0,2023-07-14
618,2023-07-14 11:09:00-04:00,394.29998779296875,394.29998779296875,394.19000244140625,394.19000244140625,850,0.0,0.0,2023-07-14
619,2023-07-14 11:10:00-04:00,394.2900085449219,394.3599853515625,394.05999755859375,394.3599853515625,653,0.0,0.0,2023-07-14
620,2023-07-14 11:12:00-04:00,394.04998779296875,394.04998779296875,394.04998779296875,394.04998779296875,503,0.0,0.0,2023-07-14
621,2023-07-14 11:15:00-04:00,394.625,394.625,394.625,394.625,684,0.0,0.0,2023-07-14
622,2023-07-14 11:17:00-04:00,394.2699890136719,394.3800048828125,394.260009765625,394.3800048828125,750,0.0,0.0,2023-07-14
623,2023-07-14 11:20:00-04:00,394.3500061035156,394.3500061035156,394.3500061035156,394.3500061035156,357,0.0,0.0,2023-07-14
624,2023-07-14 11:21:00-04:00,394.1400146484375,394.1400146484375,393.92999267578125,394.04998779296875,720,0.0,0.0,2023-07-14
625,2023-07-14 11:22:00-04:00,394.0299987792969,394.0299987792969,394.0249938964844,394.0299987792969,546,0.0,0.0,2023-07-14
626,2023-07-14 11:23:00-04:00,394.0299987792969,394.0299987792969,394.0299987792969,394.0299987792969,214,0.0,0.0,2023-07-14
627,2023-07-14 11:24:00-04:00,393.989990234375,394.2300109863281,393.989990234375,394.135009765625,2403,0.0,0.0,2023-07-14
628,2023-07-14 11:25:00-04:00,394.07501220703125,394.07501220703125,393.95001220703125,394.07501220703125,330,0.0,0.0,2023-07-14
629,2023-07-14 11:26:00-04:00,394.07501220703125,394.07501220703125,393.95001220703125,394.07501220703125,580,0.0,0.0,2023-07-14
630,2023-07-14 11:27:00-04:00,394.0799865722656,394.125,394.0799865722656,394.125,968,0.0,0.0,2023-07-14
631,2023-07-14 11:28:00-04:00,394.1499938964844,394.1499938964844,394.1499938964844,394.1499938964844,303,0.0,0.0,2023-07-14
632,2023-07-14 11:29:00-04:00,394.3800048828125,394.4800109863281,394.2900085449219,394.32000732421875,740,0.0,0.0,2023-07-14
633,2023-07-14 11:32:00-04:00,394.68499755859375,395.2950134277344,394.68499755859375,395.2250061035156,1974,0.0,0.0,2023-07-14
634,2023-07-14 11:34:00-04:00,395.44000244140625,395.44000244140625,395.44000244140625,395.44000244140625,212,0.0,0.0,2023-07-14
635,2023-07-14 11:36:00-04:00,395.70001220703125,395.70001220703125,395.6400146484375,395.6400146484375,430,0.0,0.0,2023-07-14
636,2023-07-14 11:37:00-04:00,395.1700134277344,395.6199951171875,395.1700134277344,395.4599914550781,1794,0.0,0.0,2023-07-14
637,2023-07-14 11:41:00-04:00,395.4700012207031,395.4700012207031,395.4700012207031,395.4700012207031,372,0.0,0.0,2023-07-14
638,2023-07-14 11:47:00-04:00,395.5400085449219,395.5400085449219,395.5400085449219,395.5400085449219,814,0.0,0.0,2023-07-14
639,2023-07-14 11:49:00-04:00,395.75,395.75,395.75,395.75,609,0.0,0.0,2023-07-14
640,2023-07-14 11:50:00-04:00,395.8219909667969,395.8219909667969,395.8219909667969,395.8219909667969,222,0.0,0.0,2023-07-14
641,2023-07-14 11:53:00-04:00,395.67999267578125,395.67999267578125,395.5,395.6499938964844,1513,0.0,0.0,2023-07-14
642,2023-07-14 11:59:00-04:00,395.6099853515625,395.6099853515625,395.6099853515625,395.6099853515625,562,0.0,0.0,2023-07-14
643,2023-07-14 12:03:00-04:00,395.95001220703125,395.95001220703125,395.95001220703125,395.95001220703125,1231,0.0,0.0,2023-07-14
644,2023-07-14 12:14:00-04:00,395.75,395.75,395.75,395.75,535,0.0,0.0,2023-07-14
645,2023-07-14 12:22:00-04:00,395.7200012207031,395.80999755859375,395.7200012207031,395.80999755859375,1354,0.0,0.0,2023-07-14
646,2023-07-14 12:24:00-04:00,395.44000244140625,395.6300048828125,395.44000244140625,395.6300048828125,443,0.0,0.0,2023-07-14
647,2023-07-14 12:27:00-04:00,395.19000244140625,395.19000244140625,395.19000244140625,395.19000244140625,352,0.0,0.0,2023-07-14
648,2023-07-14 12:29:00-04:00,395.42999267578125,395.42999267578125,395.42999267578125,395.42999267578125,564,0.0,0.0,2023-07-14
649,2023-07-14 12:30:00-04:00,395.2099914550781,395.2099914550781,395.2099914550781,395.2099914550781,200,0.0,0.0,2023-07-14
650,2023-07-14 12:31:00-04:00,395.239990234375,395.239990234375,395.239990234375,395.239990234375,393,0.0,0.0,2023-07-14
651,2023-07-14 12:33:00-04:00,395.29998779296875,395.29998779296875,395.2300109863281,395.2300109863281,542,0.0,0.0,2023-07-14
652,2023-07-14 12:38:00-04:00,394.92999267578125,394.92999267578125,394.92999267578125,394.92999267578125,325,0.0,0.0,2023-07-14
653,2023-07-14 12:39:00-04:00,394.92999267578125,394.92999267578125,394.92999267578125,394.92999267578125,343,0.0,0.0,2023-07-14
654,2023-07-14 12:44:00-04:00,394.7799987792969,394.7799987792969,394.6199951171875,394.6199951171875,888,0.0,0.0,2023-07-14
655,2023-07-14 12:46:00-04:00,394.47198486328125,394.57000732421875,394.47198486328125,394.57000732421875,632,0.0,0.0,2023-07-14
656,2023-07-14 12:49:00-04:00,394.2330017089844,394.5199890136719,394.2330017089844,394.5199890136719,575,0.0,0.0,2023-07-14
657,2023-07-14 12:50:00-04:00,394.4949951171875,394.4949951171875,394.4949951171875,394.4949951171875,300,0.0,0.0,2023-07-14
658,2023-07-14 12:51:00-04:00,394.5299987792969,394.57000732421875,394.5299987792969,394.54998779296875,893,0.0,0.0,2023-07-14
659,2023-07-14 12:56:00-04:00,394.510009765625,394.6300048828125,394.510009765625,394.6300048828125,1063,0.0,0.0,2023-07-14
660,2023-07-14 12:57:00-04:00,394.7099914550781,394.80999755859375,394.7099914550781,394.80999755859375,1007,0.0,0.0,2023-07-14
661,2023-07-14 12:58:00-04:00,394.7550048828125,394.7550048828125,394.7550048828125,394.7550048828125,555,0.0,0.0,2023-07-14
662,2023-07-14 12:59:00-04:00,394.70001220703125,394.82000732421875,394.6400146484375,394.6400146484375,1249,0.0,0.0,2023-07-14
663,2023-07-14 13:00:00-04:00,394.7900085449219,394.7900085449219,394.7900085449219,394.7900085449219,350,0.0,0.0,2023-07-14
664,2023-07-14 13:05:00-04:00,394.9700012207031,394.9700012207031,394.9700012207031,394.9700012207031,312,0.0,0.0,2023-07-14
665,2023-07-14 13:06:00-04:00,394.67999267578125,394.67999267578125,394.67999267578125,394.67999267578125,1062,0.0,0.0,2023-07-14
666,2023-07-14 13:09:00-04:00,394.5899963378906,394.5899963378906,394.5899963378906,394.5899963378906,259,0.0,0.0,2023-07-14
667,2023-07-14 13:11:00-04:00,394.739990234375,394.739990234375,394.635009765625,394.68499755859375,502,0.0,0.0,2023-07-14
668,2023-07-14 13:12:00-04:00,394.7699890136719,394.8900146484375,394.7699890136719,394.8900146484375,2033,0.0,0.0,2023-07-14
669,2023-07-14 13:14:00-04:00,394.7250061035156,394.7449951171875,394.7225036621094,394.7449951171875,20104,0.0,0.0,2023-07-14
670,2023-07-14 13:16:00-04:00,394.426513671875,394.6600036621094,394.426513671875,394.6600036621094,936,0.0,0.0,2023-07-14
671,2023-07-14 13:23:00-04:00,394.7449951171875,394.7449951171875,394.614990234375,394.614990234375,351,0.0,0.0,2023-07-14
672,2023-07-14 13:25:00-04:00,394.6700134277344,394.6700134277344,394.6700134277344,394.6700134277344,5120,0.0,0.0,2023-07-14
673,2023-07-14 13:26:00-04:00,394.9800109863281,394.9800109863281,394.760009765625,394.8550109863281,1464,0.0,0.0,2023-07-14
674,2023-07-14 13:31:00-04:00,396.1499938964844,396.1499938964844,396.1499938964844,396.1499938964844,164,0.0,0.0,2023-07-14
675,2023-07-14 13:32:00-04:00,396.2300109863281,396.2300109863281,396.2300109863281,396.2300109863281,819,0.0,0.0,2023-07-14
676,2023-07-14 13:36:00-04:00,395.7900085449219,396.0799865722656,395.7900085449219,395.95001220703125,1517,0.0,0.0,2023-07-14
677,2023-07-14 13:38:00-04:00,395.92999267578125,395.92999267578125,395.92999267578125,395.92999267578125,1436,0.0,0.0,2023-07-14
678,2023-07-14 13:42:00-04:00,396.3599853515625,396.5,396.3599853515625,396.5,747,0.0,0.0,2023-07-14
679,2023-07-14 13:47:00-04:00,396.760009765625,396.760009765625,396.760009765625,396.760009765625,358,0.0,0.0,2023-07-14
680,2023-07-14 13:48:00-04:00,396.489990234375,396.8399963378906,396.489990234375,396.6700134277344,3132,0.0,0.0,2023-07-14
681,2023-07-14 13:50:00-04:00,396.62249755859375,396.7550048828125,396.62249755859375,396.7550048828125,1053,0.0,0.0,2023-07-14
682,2023-07-14 13:57:00-04:00,396.95001220703125,396.95001220703125,396.95001220703125,396.95001220703125,218,0.0,0.0,2023-07-14
683,2023-07-14 13:58:00-04:00,397.07000732421875,397.07000732421875,397.07000732421875,397.07000732421875,1207,0.0,0.0,2023-07-14
684,2023-07-14 14:02:00-04:00,397.30499267578125,397.45001220703125,397.30499267578125,397.45001220703125,1022,0.0,0.0,2023-07-14
685,2023-07-14 14:07:00-04:00,397.2099914550781,397.2099914550781,397.20001220703125,397.20001220703125,718,0.0,0.0,2023-07-14
686,2023-07-14 14:13:00-04:00,396.8399963378906,396.8399963378906,396.7300109863281,396.7300109863281,1428,0.0,0.0,2023-07-14
687,2023-07-14 14:20:00-04:00,396.32501220703125,396.55999755859375,396.32501220703125,396.55999755859375,1175,0.0,0.0,2023-07-14
688,2023-07-14 14:22:00-04:00,396.4700012207031,396.5899963378906,396.4700012207031,396.5899963378906,412,0.0,0.0,2023-07-14
689,2023-07-14 14:25:00-04:00,396.7799987792969,396.7799987792969,396.7799987792969,396.7799987792969,453,0.0,0.0,2023-07-14
690,2023-07-14 14:31:00-04:00,396.57501220703125,396.7300109863281,396.57501220703125,396.7300109863281,812,0.0,0.0,2023-07-14
691,2023-07-14 14:34:00-04:00,396.7300109863281,396.8900146484375,396.7300109863281,396.8900146484375,577,0.0,0.0,2023-07-14
692,2023-07-14 14:37:00-04:00,396.80999755859375,396.80999755859375,396.4949951171875,396.4949951171875,561,0.0,0.0,2023-07-14
693,2023-07-14 14:39:00-04:00,396.6400146484375,396.9599914550781,396.6400146484375,396.8699951171875,1501,0.0,0.0,2023-07-14
694,2023-07-14 14:43:00-04:00,396.67498779296875,396.67498779296875,396.67498779296875,396.67498779296875,182,0.0,0.0,2023-07-14
695,2023-07-14 14:46:00-04:00,396.42999267578125,396.42999267578125,396.42999267578125,396.42999267578125,765,0.0,0.0,2023-07-14
696,2023-07-14 14:55:00-04:00,396.3500061035156,396.3500061035156,396.3500061035156,396.3500061035156,200,0.0,0.0,2023-07-14
697,2023-07-14 14:56:00-04:00,396.2449951171875,396.2449951171875,396.2449951171875,396.2449951171875,515,0.0,0.0,2023-07-14
698,2023-07-14 14:58:00-04:00,396.29998779296875,396.29998779296875,396.2900085449219,396.2900085449219,434,0.0,0.0,2023-07-14
699,2023-07-14 15:00:00-04:00,396.20001220703125,396.30999755859375,396.20001220703125,396.30999755859375,798,0.0,0.0,2023-07-14
700,2023-07-14 15:01:00-04:00,396.1300048828125,396.19000244140625,396.1300048828125,396.1650085449219,2226,0.0,0.0,2023-07-14
701,2023-07-14 15:04:00-04:00,396.3999938964844,396.6099853515625,396.3599853515625,396.6099853515625,1615,0.0,0.0,2023-07-14
702,2023-07-14 15:07:00-04:00,396.7900085449219,396.989990234375,396.7900085449219,396.989990234375,649,0.0,0.0,2023-07-14
703,2023-07-14 15:08:00-04:00,397.0249938964844,397.0249938964844,397.0249938964844,397.0249938964844,245,0.0,0.0,2023-07-14
704,2023-07-14 15:10:00-04:00,396.92999267578125,396.92999267578125,396.92999267578125,396.92999267578125,181,0.0,0.0,2023-07-14
705,2023-07-14 15:11:00-04:00,396.80999755859375,396.80999755859375,396.7300109863281,396.7300109863281,648,0.0,0.0,2023-07-14
706,2023-07-14 15:16:00-04:00,396.7699890136719,396.7699890136719,396.7699890136719,396.7699890136719,328,0.0,0.0,2023-07-14
707,2023-07-14 15:19:00-04:00,396.7099914550781,396.8900146484375,396.7099914550781,396.8900146484375,464,0.0,0.0,2023-07-14
708,2023-07-14 15:20:00-04:00,396.8550109863281,396.92999267578125,396.8550109863281,396.92999267578125,671,0.0,0.0,2023-07-14
709,2023-07-14 15:21:00-04:00,396.9049987792969,396.989990234375,396.9049987792969,396.989990234375,611,0.0,0.0,2023-07-14
710,2023-07-14 15:25:00-04:00,396.7200012207031,396.7200012207031,396.69000244140625,396.69000244140625,408,0.0,0.0,2023-07-14
711,2023-07-14 15:27:00-04:00,396.67999267578125,396.67999267578125,396.6499938964844,396.6499938964844,890,0.0,0.0,2023-07-14
712,2023-07-14 15:30:00-04:00,396.5150146484375,396.5150146484375,396.3299865722656,396.3299865722656,455,0.0,0.0,2023-07-14
713,2023-07-14 15:31:00-04:00,396.2550048828125,396.2550048828125,396.2550048828125,396.2550048828125,162,0.0,0.0,2023-07-14
714,2023-07-14 15:33:00-04:00,396.1199951171875,396.2300109863281,396.0899963378906,396.0899963378906,1230,0.0,0.0,2023-07-14
715,2023-07-14 15:37:00-04:00,395.8699951171875,395.8699951171875,395.8699951171875,395.8699951171875,453,0.0,0.0,2023-07-14
716,2023-07-14 15:38:00-04:00,396.04998779296875,396.135009765625,396.04998779296875,396.135009765625,2839,0.0,0.0,2023-07-14
717,2023-07-14 15:39:00-04:00,396.5400085449219,396.5899963378906,396.4100036621094,396.4100036621094,3282,0.0,0.0,2023-07-14
718,2023-07-14 15:40:00-04:00,396.3699951171875,396.3699951171875,396.3699951171875,396.3699951171875,1320,0.0,0.0,2023-07-14
719,2023-07-14 15:41:00-04:00,396.2200012207031,396.3800048828125,396.20001220703125,396.3800048828125,827,0.0,0.0,2023-07-14
720,2023-07-14 15:43:00-04:00,396.3900146484375,396.3900146484375,396.3900146484375,396.3900146484375,504,0.0,0.0,2023-07-14
721,2023-07-14 15:44:00-04:00,396.30499267578125,396.30499267578125,396.30499267578125,396.30499267578125,205,0.0,0.0,2023-07-14
722,2023-07-14 15:45:00-04:00,396.31500244140625,396.3900146484375,396.2300109863281,396.3500061035156,1426,0.0,0.0,2023-07-14
723,2023-07-14 15:46:00-04:00,396.57000732421875,396.57000732421875,396.57000732421875,396.57000732421875,245,0.0,0.0,2023-07-14
724,2023-07-14 15:47:00-04:00,396.3800048828125,396.489990234375,396.3800048828125,396.489990234375,871,0.0,0.0,2023-07-14
725,2023-07-14 15:48:00-04:00,396.5299987792969,396.7799987792969,396.5299987792969,396.7799987792969,601,0.0,0.0,2023-07-14
726,2023-07-14 15:49:00-04:00,396.6300048828125,396.67498779296875,396.6300048828125,396.67498779296875,574,0.0,0.0,2023-07-14
727,2023-07-14 15:50:00-04:00,396.70001220703125,396.94000244140625,396.69000244140625,396.6925048828125,2867,0.0,0.0,2023-07-14
728,2023-07-14 15:51:00-04:00,397.010009765625,397.0199890136719,396.8999938964844,396.9800109863281,3002,0.0,0.0,2023-07-14
729,2023-07-14 15:52:00-04:00,396.9599914550781,396.99249267578125,396.79998779296875,396.8599853515625,1878,0.0,0.0,2023-07-14
730,2023-07-14 15:53:00-04:00,396.80999755859375,396.9100036621094,396.80999755859375,396.8299865722656,2329,0.0,0.0,2023-07-14
731,2023-07-14 15:54:00-04:00,396.7850036621094,396.9800109863281,396.7200012207031,396.8999938964844,5013,0.0,0.0,2023-07-14
732,2023-07-14 15:55:00-04:00,396.8800048828125,396.8900146484375,396.87249755859375,396.87249755859375,990,0.0,0.0,2023-07-14
733,2023-07-14 15:56:00-04:00,397.04998779296875,397.2900085449219,397.04998779296875,397.239990234375,6004,0.0,0.0,2023-07-14
734,2023-07-14 15:57:00-04:00,397.1700134277344,397.20001220703125,396.739990234375,396.8699951171875,8120,0.0,0.0,2023-07-14
735,2023-07-14 15:58:00-04:00,396.7099914550781,397.0799865722656,396.7099914550781,397.0799865722656,12322,0.0,0.0,2023-07-14
736,2023-07-14 15:59:00-04:00,397.05999755859375,397.7799987792969,396.7300109863281,397.7699890136719,30449,0.0,0.0,2023-07-14
0,2023-07-17 09:30:00-04:00,397.05999755859375,397.05999755859375,397.05999755859375,397.05999755859375,0,0.0,0.0,2023-07-17
1,2023-07-17 09:35:00-04:00,397.7799987792969,398.0799865722656,396.3450012207031,396.7099914550781,8496,0.0,0.0,2023-07-17
2,2023-07-17 09:36:00-04:00,395.67999267578125,395.67999267578125,395.3599853515625,395.3599853515625,1351,0.0,0.0,2023-07-17
3,2023-07-17 09:37:00-04:00,395.0199890136719,395.0199890136719,395.0199890136719,395.0199890136719,182,0.0,0.0,2023-07-17
4,2023-07-17 09:39:00-04:00,395.8299865722656,395.8299865722656,395.8299865722656,395.8299865722656,127,0.0,0.0,2023-07-17
5,2023-07-17 09:40:00-04:00,395.9100036621094,397.30999755859375,395.57000732421875,397.0950012207031,2743,0.0,0.0,2023-07-17
6,2023-07-17 09:41:00-04:00,397.3800048828125,397.3800048828125,397.3800048828125,397.3800048828125,223,0.0,0.0,2023-07-17
7,2023-07-17 09:42:00-04:00,397.3900146484375,399.010009765625,397.3900146484375,398.0249938964844,3699,0.0,0.0,2023-07-17
8,2023-07-17 09:43:00-04:00,399.2099914550781,399.2099914550781,399.2099914550781,399.2099914550781,270,0.0,0.0,2023-07-17
9,2023-07-17 09:44:00-04:00,399.0799865722656,399.0799865722656,399.0799865722656,399.0799865722656,457,0.0,0.0,2023-07-17
10,2023-07-17 09:45:00-04:00,399.6199951171875,399.6199951171875,399.6199951171875,399.6199951171875,182,0.0,0.0,2023-07-17
11,2023-07-17 09:46:00-04:00,398.1099853515625,398.1099853515625,398.1099853515625,398.1099853515625,389,0.0,0.0,2023-07-17
12,2023-07-17 09:48:00-04:00,397.1199951171875,397.4100036621094,396.3500061035156,396.3500061035156,1533,0.0,0.0,2023-07-17
13,2023-07-17 09:49:00-04:00,396.6700134277344,396.6700134277344,396.6600036621094,396.6600036621094,242,0.0,0.0,2023-07-17
14,2023-07-17 09:50:00-04:00,397.0199890136719,397.260009765625,396.8399963378906,397.260009765625,923,0.0,0.0,2023-07-17
15,2023-07-17 09:54:00-04:00,396.0,396.989990234375,396.0,396.989990234375,1333,0.0,0.0,2023-07-17
16,2023-07-17 09:55:00-04:00,397.4200134277344,397.6300048828125,397.4200134277344,397.6300048828125,699,0.0,0.0,2023-07-17
17,2023-07-17 10:01:00-04:00,397.1549987792969,397.1549987792969,397.1549987792969,397.1549987792969,133,0.0,0.0,2023-07-17
18,2023-07-17 10:02:00-04:00,397.8500061035156,398.3399963378906,397.82000732421875,398.0400085449219,2616,0.0,0.0,2023-07-17
19,2023-07-17 10:06:00-04:00,398.3399963378906,398.6000061035156,398.0975036621094,398.6000061035156,1907,0.0,0.0,2023-07-17
20,2023-07-17 10:08:00-04:00,399.2099914550781,399.2099914550781,398.8800048828125,398.8800048828125,856,0.0,0.0,2023-07-17
21,2023-07-17 10:09:00-04:00,399.0,399.0,399.0,399.0,443,0.0,0.0,2023-07-17
22,2023-07-17 10:10:00-04:00,399.30999755859375,399.32000732421875,398.6650085449219,399.17999267578125,5358,0.0,0.0,2023-07-17
23,2023-07-17 10:11:00-04:00,399.0,399.04998779296875,398.7550048828125,399.0150146484375,1504,0.0,0.0,2023-07-17
24,2023-07-17 10:12:00-04:00,399.0,399.0150146484375,399.0,399.0150146484375,589,0.0,0.0,2023-07-17
25,2023-07-17 10:13:00-04:00,398.614990234375,398.614990234375,398.614990234375,398.614990234375,454,0.0,0.0,2023-07-17
26,2023-07-17 10:14:00-04:00,398.30999755859375,398.9700012207031,397.4849853515625,397.4849853515625,3517,0.0,0.0,2023-07-17
27,2023-07-17 10:16:00-04:00,397.95001220703125,397.95001220703125,397.95001220703125,397.95001220703125,232,0.0,0.0,2023-07-17
28,2023-07-17 10:19:00-04:00,397.510009765625,397.510009765625,397.510009765625,397.510009765625,838,0.0,0.0,2023-07-17
29,2023-07-17 10:21:00-04:00,397.9800109863281,398.17999267578125,396.94500732421875,396.94500732421875,2120,0.0,0.0,2023-07-17
30,2023-07-17 10:22:00-04:00,396.9100036621094,397.9700012207031,396.9100036621094,397.57000732421875,2074,0.0,0.0,2023-07-17
31,2023-07-17 10:25:00-04:00,397.7099914550781,397.7099914550781,397.7099914550781,397.7099914550781,430,0.0,0.0,2023-07-17
32,2023-07-17 10:26:00-04:00,397.4100036621094,397.70001220703125,397.4100036621094,397.70001220703125,1602,0.0,0.0,2023-07-17
33,2023-07-17 10:27:00-04:00,397.989990234375,397.989990234375,397.635009765625,397.635009765625,650,0.0,0.0,2023-07-17
34,2023-07-17 10:28:00-04:00,397.79998779296875,397.8299865722656,396.70001220703125,396.70001220703125,5890,0.0,0.0,2023-07-17
35,2023-07-17 10:29:00-04:00,397.2850036621094,397.3999938964844,397.2850036621094,397.3999938964844,231,0.0,0.0,2023-07-17
36,2023-07-17 10:30:00-04:00,396.885009765625,396.885009765625,396.6400146484375,396.6400146484375,363,0.0,0.0,2023-07-17
37,2023-07-17 10:32:00-04:00,396.8949890136719,397.135009765625,396.7850036621094,396.8374938964844,1172,0.0,0.0,2023-07-17
38,2023-07-17 10:33:00-04:00,397.010009765625,397.2200012207031,396.8900146484375,397.2200012207031,3667,0.0,0.0,2023-07-17
39,2023-07-17 10:34:00-04:00,397.2200012207031,397.2200012207031,396.7950134277344,396.7950134277344,2103,0.0,0.0,2023-07-17
40,2023-07-17 10:35:00-04:00,396.9549865722656,396.9549865722656,395.92498779296875,395.92498779296875,1650,0.0,0.0,2023-07-17
41,2023-07-17 10:38:00-04:00,396.17999267578125,396.55999755859375,396.17999267578125,396.55999755859375,2145,0.0,0.0,2023-07-17
42,2023-07-17 10:39:00-04:00,396.2349853515625,396.44000244140625,396.2099914550781,396.2099914550781,1353,0.0,0.0,2023-07-17
43,2023-07-17 10:41:00-04:00,396.3699951171875,396.4200134277344,396.3699951171875,396.4200134277344,733,0.0,0.0,2023-07-17
44,2023-07-17 10:43:00-04:00,396.2650146484375,396.2650146484375,396.2650146484375,396.2650146484375,434,0.0,0.0,2023-07-17
45,2023-07-17 10:44:00-04:00,396.2650146484375,396.4150085449219,396.2650146484375,396.2749938964844,1674,0.0,0.0,2023-07-17
46,2023-07-17 10:45:00-04:00,396.1000061035156,396.739990234375,396.1000061035156,396.5299987792969,3765,0.0,0.0,2023-07-17
47,2023-07-17 10:46:00-04:00,396.0899963378906,396.0899963378906,396.0174865722656,396.0174865722656,934,0.0,0.0,2023-07-17
48,2023-07-17 10:47:00-04:00,396.4849853515625,396.6600036621094,396.3900146484375,396.4549865722656,1980,0.0,0.0,2023-07-17
49,2023-07-17 10:50:00-04:00,396.4549865722656,396.4549865722656,396.4549865722656,396.4549865722656,189,0.0,0.0,2023-07-17
50,2023-07-17 10:51:00-04:00,396.4549865722656,396.4549865722656,396.4549865722656,396.4549865722656,507,0.0,0.0,2023-07-17
51,2023-07-17 10:52:00-04:00,396.3699951171875,396.3699951171875,396.1449890136719,396.1449890136719,967,0.0,0.0,2023-07-17
52,2023-07-17 10:54:00-04:00,395.5924987792969,395.5924987792969,395.5924987792969,395.5924987792969,139,0.0,0.0,2023-07-17
53,2023-07-17 10:55:00-04:00,395.4750061035156,395.4750061035156,395.4750061035156,395.4750061035156,542,0.0,0.0,2023-07-17
54,2023-07-17 10:56:00-04:00,395.6499938964844,396.45001220703125,395.6499938964844,396.45001220703125,3740,0.0,0.0,2023-07-17
55,2023-07-17 10:57:00-04:00,396.5,396.5899963378906,396.5,396.5899963378906,1040,0.0,0.0,2023-07-17
56,2023-07-17 10:58:00-04:00,396.6000061035156,396.6000061035156,396.6000061035156,396.6000061035156,488,0.0,0.0,2023-07-17
57,2023-07-17 11:05:00-04:00,396.54998779296875,396.55999755859375,396.3450012207031,396.3450012207031,1009,0.0,0.0,2023-07-17
58,2023-07-17 11:06:00-04:00,396.3299865722656,396.3299865722656,396.3299865722656,396.3299865722656,109,0.0,0.0,2023-07-17
59,2023-07-17 11:08:00-04:00,396.32000732421875,396.32000732421875,396.32000732421875,396.32000732421875,212,0.0,0.0,2023-07-17
60,2023-07-17 11:09:00-04:00,396.489990234375,396.55999755859375,396.489990234375,396.55999755859375,597,0.0,0.0,2023-07-17
61,2023-07-17 11:10:00-04:00,396.57000732421875,396.6600036621094,396.57000732421875,396.6600036621094,746,0.0,0.0,2023-07-17
62,2023-07-17 11:11:00-04:00,396.6050109863281,396.6050109863281,396.6050109863281,396.6050109863281,392,0.0,0.0,2023-07-17
63,2023-07-17 11:14:00-04:00,396.5824890136719,396.8699951171875,396.5824890136719,396.8699951171875,1748,0.0,0.0,2023-07-17
64,2023-07-17 11:15:00-04:00,396.6000061035156,396.6000061035156,396.6000061035156,396.6000061035156,809,0.0,0.0,2023-07-17
65,2023-07-17 11:16:00-04:00,396.9649963378906,396.9649963378906,396.9649963378906,396.9649963378906,414,0.0,0.0,2023-07-17
66,2023-07-17 11:18:00-04:00,397.3999938964844,397.79998779296875,397.3999938964844,397.79998779296875,1648,0.0,0.0,2023-07-17
67,2023-07-17 11:19:00-04:00,397.3999938964844,397.4049987792969,397.3999938964844,397.4049987792969,549,0.0,0.0,2023-07-17
68,2023-07-17 11:20:00-04:00,397.3999938964844,397.3999938964844,397.0899963378906,397.0899963378906,1285,0.0,0.0,2023-07-17
69,2023-07-17 11:21:00-04:00,397.1000061035156,397.1000061035156,397.1000061035156,397.1000061035156,119,0.0,0.0,2023-07-17
70,2023-07-17 11:22:00-04:00,397.3900146484375,397.3900146484375,397.2799987792969,397.2799987792969,836,0.0,0.0,2023-07-17
71,2023-07-17 11:28:00-04:00,397.19000244140625,397.19000244140625,397.19000244140625,397.19000244140625,846,0.0,0.0,2023-07-17
72,2023-07-17 11:32:00-04:00,396.6499938964844,396.6499938964844,396.6499938964844,396.6499938964844,168,0.0,0.0,2023-07-17
73,2023-07-17 11:33:00-04:00,396.9169921875,396.9169921875,396.9169921875,396.9169921875,754,0.0,0.0,2023-07-17
74,2023-07-17 11:34:00-04:00,396.989990234375,396.989990234375,396.760009765625,396.760009765625,453,0.0,0.0,2023-07-17
75,2023-07-17 11:37:00-04:00,396.7149963378906,396.7149963378906,396.7149963378906,396.7149963378906,164,0.0,0.0,2023-07-17
76,2023-07-17 11:38:00-04:00,396.4549865722656,396.4549865722656,396.4549865722656,396.4549865722656,946,0.0,0.0,2023-07-17
77,2023-07-17 11:43:00-04:00,396.07000732421875,396.07000732421875,396.07000732421875,396.07000732421875,701,0.0,0.0,2023-07-17
78,2023-07-17 11:45:00-04:00,395.9849853515625,396.1000061035156,395.8699951171875,395.8699951171875,1127,0.0,0.0,2023-07-17
79,2023-07-17 11:48:00-04:00,396.0899963378906,396.9200134277344,396.0899963378906,396.9200134277344,2039,0.0,0.0,2023-07-17
80,2023-07-17 11:49:00-04:00,396.94000244140625,397.19000244140625,396.92999267578125,397.19000244140625,2506,0.0,0.0,2023-07-17
81,2023-07-17 11:53:00-04:00,397.1799011230469,397.1799011230469,396.69000244140625,396.69000244140625,302,0.0,0.0,2023-07-17
82,2023-07-17 11:57:00-04:00,397.1000061035156,397.1600036621094,396.8599853515625,397.1600036621094,2666,0.0,0.0,2023-07-17
83,2023-07-17 11:58:00-04:00,397.1199951171875,397.17999267578125,397.1199951171875,397.17999267578125,968,0.0,0.0,2023-07-17
84,2023-07-17 12:00:00-04:00,397.20001220703125,397.20001220703125,397.20001220703125,397.20001220703125,745,0.0,0.0,2023-07-17
85,2023-07-17 12:03:00-04:00,397.69000244140625,397.92999267578125,397.5400085449219,397.5400085449219,1535,0.0,0.0,2023-07-17
86,2023-07-17 12:04:00-04:00,397.760009765625,397.760009765625,397.7200012207031,397.75,1221,0.0,0.0,2023-07-17
87,2023-07-17 12:17:00-04:00,397.55999755859375,397.55999755859375,397.489990234375,397.489990234375,642,0.0,0.0,2023-07-17
88,2023-07-17 12:19:00-04:00,397.79998779296875,398.1099853515625,397.7300109863281,398.05999755859375,1283,0.0,0.0,2023-07-17
89,2023-07-17 12:20:00-04:00,397.7799987792969,397.7799987792969,397.7799987792969,397.7799987792969,1051,0.0,0.0,2023-07-17
90,2023-07-17 12:26:00-04:00,398.010009765625,398.1300048828125,398.010009765625,398.1000061035156,1020,0.0,0.0,2023-07-17
91,2023-07-17 12:28:00-04:00,397.80999755859375,397.80999755859375,397.80999755859375,397.80999755859375,687,0.0,0.0,2023-07-17
92,2023-07-17 12:30:00-04:00,397.3999938964844,397.54998779296875,397.3999938964844,397.54998779296875,1012,0.0,0.0,2023-07-17
93,2023-07-17 12:38:00-04:00,397.3399963378906,397.3399963378906,397.3399963378906,397.3399963378906,313,0.0,0.0,2023-07-17
94,2023-07-17 12:39:00-04:00,397.556396484375,397.556396484375,397.556396484375,397.556396484375,210,0.0,0.0,2023-07-17
95,2023-07-17 12:40:00-04:00,397.2200012207031,397.2200012207031,397.2200012207031,397.2200012207031,329,0.0,0.0,2023-07-17
96,2023-07-17 12:45:00-04:00,397.1300048828125,397.1300048828125,397.1300048828125,397.1300048828125,740,0.0,0.0,2023-07-17
97,2023-07-17 12:46:00-04:00,396.760009765625,396.760009765625,396.760009765625,396.760009765625,134,0.0,0.0,2023-07-17
98,2023-07-17 12:47:00-04:00,396.7950134277344,397.0299987792969,396.7950134277344,397.0299987792969,1082,0.0,0.0,2023-07-17
99,2023-07-17 12:52:00-04:00,396.7550048828125,396.7550048828125,396.6600036621094,396.6600036621094,609,0.0,0.0,2023-07-17
100,2023-07-17 12:54:00-04:00,396.8699951171875,396.8699951171875,396.8699951171875,396.8699951171875,205,0.0,0.0,2023-07-17
101,2023-07-17 12:55:00-04:00,396.875,397.04998779296875,396.6600036621094,396.6600036621094,2124,0.0,0.0,2023-07-17
102,2023-07-17 12:58:00-04:00,396.8299865722656,396.8299865722656,396.8299865722656,396.8299865722656,538,0.0,0.0,2023-07-17
103,2023-07-17 13:00:00-04:00,396.3900146484375,396.3900146484375,396.3900146484375,396.3900146484375,511,0.0,0.0,2023-07-17
104,2023-07-17 13:05:00-04:00,395.9599914550781,395.9599914550781,395.9599914550781,395.9599914550781,174,0.0,0.0,2023-07-17
105,2023-07-17 13:06:00-04:00,395.8699951171875,395.8699951171875,395.8699951171875,395.8699951171875,1733,0.0,0.0,2023-07-17
106,2023-07-17 13:16:00-04:00,394.760009765625,394.760009765625,394.760009765625,394.760009765625,143,0.0,0.0,2023-07-17
107,2023-07-17 13:17:00-04:00,394.6600036621094,394.6600036621094,394.6600036621094,394.6600036621094,389,0.0,0.0,2023-07-17
108,2023-07-17 13:19:00-04:00,394.7799987792969,395.010009765625,394.7799987792969,394.8800048828125,2572,0.0,0.0,2023-07-17
109,2023-07-17 13:21:00-04:00,394.989990234375,395.3599853515625,394.8299865722656,395.3599853515625,3372,0.0,0.0,2023-07-17
110,2023-07-17 13:23:00-04:00,395.3399963378906,395.3399963378906,395.3399963378906,395.3399963378906,320,0.0,0.0,2023-07-17
111,2023-07-17 13:27:00-04:00,394.8800048828125,394.8800048828125,394.6000061035156,394.6600036621094,955,0.0,0.0,2023-07-17
112,2023-07-17 13:32:00-04:00,394.82000732421875,394.875,394.82000732421875,394.875,603,0.0,0.0,2023-07-17
113,2023-07-17 13:34:00-04:00,394.8500061035156,394.8500061035156,394.8500061035156,394.8500061035156,200,0.0,0.0,2023-07-17
114,2023-07-17 13:36:00-04:00,394.5899963378906,394.5899963378906,394.5899963378906,394.5899963378906,598,0.0,0.0,2023-07-17
115,2023-07-17 13:37:00-04:00,394.5,394.5,394.30999755859375,394.30999755859375,443,0.0,0.0,2023-07-17
116,2023-07-17 13:38:00-04:00,394.1400146484375,394.3900146484375,394.1400146484375,394.3900146484375,1158,0.0,0.0,2023-07-17
117,2023-07-17 13:43:00-04:00,393.9700012207031,394.1400146484375,393.9700012207031,394.1400146484375,832,0.0,0.0,2023-07-17
118,2023-07-17 13:45:00-04:00,394.2300109863281,394.3900146484375,394.2300109863281,394.3900146484375,552,0.0,0.0,2023-07-17
119,2023-07-17 13:48:00-04:00,394.2699890136719,394.2699890136719,394.2699890136719,394.2699890136719,1582,0.0,0.0,2023-07-17
120,2023-07-17 13:56:00-04:00,394.1099853515625,394.1099853515625,393.95001220703125,393.95001220703125,595,0.0,0.0,2023-07-17
121,2023-07-17 13:57:00-04:00,393.75,393.75,393.75,393.75,429,0.0,0.0,2023-07-17
122,2023-07-17 13:58:00-04:00,394.260009765625,394.260009765625,394.260009765625,394.260009765625,407,0.0,0.0,2023-07-17
123,2023-07-17 14:00:00-04:00,394.4599914550781,394.55999755859375,394.3550109863281,394.4849853515625,1017,0.0,0.0,2023-07-17
124,2023-07-17 14:02:00-04:00,394.239990234375,394.239990234375,394.239990234375,394.239990234375,1181,0.0,0.0,2023-07-17
125,2023-07-17 14:16:00-04:00,394.1600036621094,394.1600036621094,394.1600036621094,394.1600036621094,644,0.0,0.0,2023-07-17
126,2023-07-17 14:22:00-04:00,394.1600036621094,394.1700134277344,394.1300048828125,394.1300048828125,688,0.0,0.0,2023-07-17
127,2023-07-17 14:23:00-04:00,394.260009765625,394.3500061035156,394.260009765625,394.3500061035156,973,0.0,0.0,2023-07-17
128,2023-07-17 14:25:00-04:00,394.05999755859375,394.05999755859375,393.94500732421875,393.94500732421875,691,0.0,0.0,2023-07-17
129,2023-07-17 14:29:00-04:00,394.239990234375,394.3500061035156,394.2300109863281,394.2300109863281,1051,0.0,0.0,2023-07-17
130,2023-07-17 14:30:00-04:00,394.25,394.25,394.2300109863281,394.2300109863281,311,0.0,0.0,2023-07-17
131,2023-07-17 14:31:00-04:00,394.239990234375,394.239990234375,394.2149963378906,394.2149963378906,1408,0.0,0.0,2023-07-17
132,2023-07-17 14:35:00-04:00,394.25,394.25,394.25,394.25,1522,0.0,0.0,2023-07-17
133,2023-07-17 14:42:00-04:00,393.989990234375,393.989990234375,393.989990234375,393.989990234375,270,0.0,0.0,2023-07-17
134,2023-07-17 14:45:00-04:00,394.0400085449219,394.0400085449219,394.0400085449219,394.0400085449219,302,0.0,0.0,2023-07-17
135,2023-07-17 14:48:00-04:00,394.0450134277344,394.0450134277344,394.0450134277344,394.0450134277344,216,0.0,0.0,2023-07-17
136,2023-07-17 14:49:00-04:00,394.25,394.25,394.25,394.25,871,0.0,0.0,2023-07-17
137,2023-07-17 14:50:00-04:00,394.260009765625,394.3399963378906,394.260009765625,394.3399963378906,1198,0.0,0.0,2023-07-17
138,2023-07-17 14:55:00-04:00,394.2149963378906,394.2149963378906,394.2149963378906,394.2149963378906,296,0.0,0.0,2023-07-17
139,2023-07-17 14:56:00-04:00,394.5400085449219,394.5400085449219,394.5400085449219,394.5400085449219,385,0.0,0.0,2023-07-17
140,2023-07-17 14:59:00-04:00,394.17999267578125,394.2699890136719,394.1600036621094,394.2699890136719,1162,0.0,0.0,2023-07-17
141,2023-07-17 15:04:00-04:00,394.6099853515625,394.7099914550781,394.55999755859375,394.7099914550781,1505,0.0,0.0,2023-07-17
142,2023-07-17 15:05:00-04:00,394.6300048828125,395.20001220703125,394.6300048828125,395.20001220703125,1163,0.0,0.0,2023-07-17
143,2023-07-17 15:06:00-04:00,394.7099914550781,394.7099914550781,394.7099914550781,394.7099914550781,603,0.0,0.0,2023-07-17
144,2023-07-17 15:09:00-04:00,394.94000244140625,394.94000244140625,394.94000244140625,394.94000244140625,623,0.0,0.0,2023-07-17
145,2023-07-17 15:12:00-04:00,395.1300048828125,395.1300048828125,395.1300048828125,395.1300048828125,316,0.0,0.0,2023-07-17
146,2023-07-17 15:13:00-04:00,395.1400146484375,395.2699890136719,395.1400146484375,395.2699890136719,880,0.0,0.0,2023-07-17
147,2023-07-17 15:16:00-04:00,395.010009765625,395.010009765625,395.010009765625,395.010009765625,1245,0.0,0.0,2023-07-17
148,2023-07-17 15:19:00-04:00,395.1600036621094,395.1600036621094,395.1600036621094,395.1600036621094,2091,0.0,0.0,2023-07-17
149,2023-07-17 15:26:00-04:00,395.04998779296875,395.0899963378906,395.04998779296875,395.0899963378906,723,0.0,0.0,2023-07-17
150,2023-07-17 15:27:00-04:00,395.1300048828125,395.45001220703125,395.1300048828125,395.45001220703125,1819,0.0,0.0,2023-07-17
151,2023-07-17 15:30:00-04:00,395.5,395.5,395.5,395.5,359,0.0,0.0,2023-07-17
152,2023-07-17 15:31:00-04:00,395.42999267578125,395.42999267578125,395.42999267578125,395.42999267578125,1247,0.0,0.0,2023-07-17
153,2023-07-17 15:32:00-04:00,395.2650146484375,395.2650146484375,395.2650146484375,395.2650146484375,522,0.0,0.0,2023-07-17
154,2023-07-17 15:33:00-04:00,395.1300048828125,395.1300048828125,394.9700012207031,394.9700012207031,488,0.0,0.0,2023-07-17
155,2023-07-17 15:34:00-04:00,395.0400085449219,395.0400085449219,395.0400085449219,395.0400085449219,257,0.0,0.0,2023-07-17
156,2023-07-17 15:35:00-04:00,394.94000244140625,394.9750061035156,394.94000244140625,394.9750061035156,951,0.0,0.0,2023-07-17
157,2023-07-17 15:36:00-04:00,395.0899963378906,395.1400146484375,395.0899963378906,395.1400146484375,1228,0.0,0.0,2023-07-17
158,2023-07-17 15:37:00-04:00,395.0899963378906,395.0899963378906,395.0849914550781,395.0849914550781,712,0.0,0.0,2023-07-17
159,2023-07-17 15:39:00-04:00,394.9700012207031,394.9700012207031,394.9700012207031,394.9700012207031,755,0.0,0.0,2023-07-17
160,2023-07-17 15:40:00-04:00,394.8900146484375,394.8999938964844,394.8900146484375,394.8999938964844,803,0.0,0.0,2023-07-17
161,2023-07-17 15:41:00-04:00,394.8399963378906,394.8399963378906,394.7049865722656,394.7049865722656,1181,0.0,0.0,2023-07-17
162,2023-07-17 15:42:00-04:00,394.8667907714844,394.95001220703125,394.8667907714844,394.95001220703125,809,0.0,0.0,2023-07-17
163,2023-07-17 15:43:00-04:00,394.92999267578125,394.94500732421875,394.92999267578125,394.94500732421875,1036,0.0,0.0,2023-07-17
164,2023-07-17 15:44:00-04:00,395.0,395.0,395.0,395.0,831,0.0,0.0,2023-07-17
165,2023-07-17 15:45:00-04:00,394.99749755859375,394.99749755859375,394.99749755859375,394.99749755859375,124,0.0,0.0,2023-07-17
166,2023-07-17 15:46:00-04:00,395.1099853515625,395.1099853515625,395.0299987792969,395.0299987792969,935,0.0,0.0,2023-07-17
167,2023-07-17 15:47:00-04:00,395.1400146484375,395.1499938964844,395.0899963378906,395.1499938964844,2876,0.0,0.0,2023-07-17
168,2023-07-17 15:49:00-04:00,395.0899963378906,395.0899963378906,394.8299865722656,394.8299865722656,2242,0.0,0.0,2023-07-17
169,2023-07-17 15:50:00-04:00,394.4800109863281,394.67999267578125,394.4800109863281,394.67999267578125,2902,0.0,0.0,2023-07-17
170,2023-07-17 15:51:00-04:00,394.5899963378906,394.760009765625,394.5899963378906,394.760009765625,1246,0.0,0.0,2023-07-17
171,2023-07-17 15:52:00-04:00,394.6499938964844,394.6499938964844,394.6499938964844,394.6499938964844,786,0.0,0.0,2023-07-17
172,2023-07-17 15:53:00-04:00,394.760009765625,394.7799987792969,394.5400085449219,394.5400085449219,2597,0.0,0.0,2023-07-17
173,2023-07-17 15:54:00-04:00,394.4700012207031,394.6499938964844,394.4700012207031,394.6499938964844,1484,0.0,0.0,2023-07-17
174,2023-07-17 15:55:00-04:00,394.4700012207031,394.4700012207031,394.2900085449219,394.2900085449219,2813,0.0,0.0,2023-07-17
175,2023-07-17 15:56:00-04:00,394.0849914550781,394.0849914550781,393.8299865722656,393.8599853515625,3990,0.0,0.0,2023-07-17
176,2023-07-17 15:57:00-04:00,393.8900146484375,394.0,393.8450012207031,393.8900146484375,4529,0.0,0.0,2023-07-17
177,2023-07-17 15:58:00-04:00,393.8800048828125,393.9800109863281,393.7799987792969,393.7799987792969,5373,0.0,0.0,2023-07-17
178,2023-07-17 15:59:00-04:00,393.8399963378906,394.1050109863281,393.8399963378906,394.0299987792969,17300,0.0,0.0,2023-07-17
179,2023-07-18 09:30:00-04:00,392.1600036621094,395.1700134277344,392.1600036621094,392.6499938964844,19333,0.0,0.0,2023-07-18
180,2023-07-18 09:34:00-04:00,390.7099914550781,390.8500061035156,389.0199890136719,389.0199890136719,2348,0.0,0.0,2023-07-18
181,2023-07-18 09:38:00-04:00,390.885009765625,390.885009765625,390.885009765625,390.885009765625,291,0.0,0.0,2023-07-18
182,2023-07-18 09:40:00-04:00,392.2200012207031,392.2200012207031,391.4150085449219,391.4150085449219,718,0.0,0.0,2023-07-18
183,2023-07-18 09:44:00-04:00,392.94000244140625,392.94000244140625,392.94000244140625,392.94000244140625,202,0.0,0.0,2023-07-18
184,2023-07-18 09:47:00-04:00,392.1099853515625,392.1099853515625,392.1099853515625,392.1099853515625,577,0.0,0.0,2023-07-18
185,2023-07-18 09:57:00-04:00,391.5,391.5,391.5,391.5,462,0.0,0.0,2023-07-18
186,2023-07-18 09:58:00-04:00,391.2449951171875,391.2449951171875,390.3999938964844,390.3999938964844,400,0.0,0.0,2023-07-18
187,2023-07-18 09:59:00-04:00,391.18499755859375,391.3999938964844,390.2099914550781,391.3999938964844,1111,0.0,0.0,2023-07-18
188,2023-07-18 10:00:00-04:00,391.3299865722656,392.94000244140625,391.3299865722656,392.0,2169,0.0,0.0,2023-07-18
189,2023-07-18 10:01:00-04:00,392.6099853515625,392.6099853515625,392.5899963378906,392.5899963378906,566,0.0,0.0,2023-07-18
190,2023-07-18 10:03:00-04:00,392.6499938964844,392.6499938964844,392.6499938964844,392.6499938964844,306,0.0,0.0,2023-07-18
191,2023-07-18 10:05:00-04:00,393.17999267578125,393.31500244140625,393.1099853515625,393.31500244140625,1055,0.0,0.0,2023-07-18
192,2023-07-18 10:06:00-04:00,392.7300109863281,392.7300109863281,392.1600036621094,392.1600036621094,1008,0.0,0.0,2023-07-18
193,2023-07-18 10:08:00-04:00,392.4750061035156,392.4750061035156,392.4750061035156,392.4750061035156,114,0.0,0.0,2023-07-18
194,2023-07-18 10:09:00-04:00,392.1300048828125,392.1300048828125,392.1300048828125,392.1300048828125,102,0.0,0.0,2023-07-18
195,2023-07-18 10:10:00-04:00,392.1300048828125,392.375,392.0299987792969,392.375,1305,0.0,0.0,2023-07-18
196,2023-07-18 10:15:00-04:00,392.45001220703125,392.45001220703125,392.2300109863281,392.2300109863281,851,0.0,0.0,2023-07-18
197,2023-07-18 10:23:00-04:00,392.3800048828125,392.3800048828125,392.3800048828125,392.3800048828125,204,0.0,0.0,2023-07-18
198,2023-07-18 10:24:00-04:00,392.8699951171875,392.8699951171875,392.8699951171875,392.8699951171875,291,0.0,0.0,2023-07-18
199,2023-07-18 10:27:00-04:00,393.20001220703125,393.20001220703125,393.20001220703125,393.20001220703125,198,0.0,0.0,2023-07-18
200,2023-07-18 10:28:00-04:00,392.8800048828125,393.135009765625,392.80999755859375,392.8900146484375,642,0.0,0.0,2023-07-18
201,2023-07-18 10:29:00-04:00,392.875,392.875,392.875,392.875,327,0.0,0.0,2023-07-18
202,2023-07-18 10:30:00-04:00,392.8900146484375,392.8900146484375,392.5,392.7300109863281,1430,0.0,0.0,2023-07-18
203,2023-07-18 10:31:00-04:00,392.7300109863281,392.7300109863281,392.5299987792969,392.67999267578125,1345,0.0,0.0,2023-07-18
204,2023-07-18 10:32:00-04:00,392.8575134277344,392.8575134277344,392.8575134277344,392.8575134277344,125,0.0,0.0,2023-07-18
205,2023-07-18 10:35:00-04:00,392.7699890136719,392.8599853515625,392.7699890136719,392.8599853515625,605,0.0,0.0,2023-07-18
206,2023-07-18 10:39:00-04:00,392.489990234375,392.7300109863281,392.489990234375,392.7300109863281,586,0.0,0.0,2023-07-18
207,2023-07-18 10:45:00-04:00,392.81500244140625,393.2449951171875,392.67999267578125,392.67999267578125,1397,0.0,0.0,2023-07-18
208,2023-07-18 10:46:00-04:00,393.2049865722656,393.5,393.2049865722656,393.3349914550781,1234,0.0,0.0,2023-07-18
209,2023-07-18 10:48:00-04:00,393.3349914550781,393.3349914550781,393.2699890136719,393.2699890136719,422,0.0,0.0,2023-07-18
210,2023-07-18 10:49:00-04:00,393.1499938964844,393.3500061035156,393.1099853515625,393.1099853515625,339,0.0,0.0,2023-07-18
211,2023-07-18 10:52:00-04:00,393.489990234375,393.489990234375,393.489990234375,393.489990234375,204,0.0,0.0,2023-07-18
212,2023-07-18 10:53:00-04:00,393.4700012207031,393.4700012207031,393.3599853515625,393.3599853515625,1058,0.0,0.0,2023-07-18
213,2023-07-18 10:54:00-04:00,393.1700134277344,393.1700134277344,393.1300048828125,393.1300048828125,323,0.0,0.0,2023-07-18
214,2023-07-18 10:55:00-04:00,392.9800109863281,392.9800109863281,392.9800109863281,392.9800109863281,267,0.0,0.0,2023-07-18
215,2023-07-18 10:58:00-04:00,393.0849914550781,393.0849914550781,393.0849914550781,393.0849914550781,178,0.0,0.0,2023-07-18
216,2023-07-18 10:59:00-04:00,393.0849914550781,393.0849914550781,393.0849914550781,393.0849914550781,564,0.0,0.0,2023-07-18
217,2023-07-18 11:02:00-04:00,392.8599853515625,393.1300048828125,392.8599853515625,393.1300048828125,423,0.0,0.0,2023-07-18
218,2023-07-18 11:03:00-04:00,392.79998779296875,392.79998779296875,392.79998779296875,392.79998779296875,117,0.0,0.0,2023-07-18
219,2023-07-18 11:04:00-04:00,393.1499938964844,393.1499938964844,393.1499938964844,393.1499938964844,242,0.0,0.0,2023-07-18
220,2023-07-18 11:05:00-04:00,392.9700012207031,392.9700012207031,392.9700012207031,392.9700012207031,320,0.0,0.0,2023-07-18
221,2023-07-18 11:08:00-04:00,392.7699890136719,392.7699890136719,392.7699890136719,392.7699890136719,119,0.0,0.0,2023-07-18
222,2023-07-18 11:09:00-04:00,393.0,393.0,392.6549987792969,392.6600036621094,660,0.0,0.0,2023-07-18
223,2023-07-18 11:10:00-04:00,392.9049987792969,392.9049987792969,392.9049987792969,392.9049987792969,262,0.0,0.0,2023-07-18
224,2023-07-18 11:11:00-04:00,392.95001220703125,392.9700012207031,392.95001220703125,392.9599914550781,584,0.0,0.0,2023-07-18
225,2023-07-18 11:15:00-04:00,392.9700012207031,392.9700012207031,392.9700012207031,392.9700012207031,113,0.0,0.0,2023-07-18
226,2023-07-18 11:16:00-04:00,392.7799987792969,392.7799987792969,392.7799987792969,392.7799987792969,132,0.0,0.0,2023-07-18
227,2023-07-18 11:17:00-04:00,392.760009765625,392.80999755859375,392.760009765625,392.80999755859375,514,0.0,0.0,2023-07-18
228,2023-07-18 11:18:00-04:00,392.6499938964844,392.6499938964844,392.6499938964844,392.6499938964844,116,0.0,0.0,2023-07-18
229,2023-07-18 11:19:00-04:00,392.6099853515625,392.6099853515625,392.6099853515625,392.6099853515625,347,0.0,0.0,2023-07-18
230,2023-07-18 11:21:00-04:00,392.625,392.625,392.510009765625,392.5350036621094,971,0.0,0.0,2023-07-18
231,2023-07-18 11:24:00-04:00,392.5150146484375,392.5400085449219,392.5150146484375,392.5400085449219,392,0.0,0.0,2023-07-18
232,2023-07-18 11:25:00-04:00,392.2900085449219,392.2900085449219,392.2300109863281,392.2300109863281,392,0.0,0.0,2023-07-18
233,2023-07-18 11:26:00-04:00,392.2699890136719,392.2699890136719,392.2650146484375,392.2650146484375,503,0.0,0.0,2023-07-18
234,2023-07-18 11:27:00-04:00,392.07000732421875,392.07000732421875,392.07000732421875,392.07000732421875,128,0.0,0.0,2023-07-18
235,2023-07-18 11:30:00-04:00,392.25,392.25,392.25,392.25,516,0.0,0.0,2023-07-18
236,2023-07-18 11:34:00-04:00,392.0199890136719,392.0199890136719,392.0199890136719,392.0199890136719,251,0.0,0.0,2023-07-18
237,2023-07-18 11:35:00-04:00,391.9649963378906,391.9649963378906,391.9649963378906,391.9649963378906,211,0.0,0.0,2023-07-18
238,2023-07-18 11:36:00-04:00,391.8999938964844,391.8999938964844,391.8699951171875,391.8699951171875,615,0.0,0.0,2023-07-18
239,2023-07-18 11:37:00-04:00,391.9150085449219,392.5299987792969,391.9150085449219,392.260009765625,1794,0.0,0.0,2023-07-18
240,2023-07-18 11:40:00-04:00,392.5899963378906,392.94000244140625,392.3949890136719,392.94000244140625,939,0.0,0.0,2023-07-18
241,2023-07-18 11:47:00-04:00,392.1000061035156,392.1000061035156,392.1000061035156,392.1000061035156,181,0.0,0.0,2023-07-18
242,2023-07-18 11:50:00-04:00,391.79998779296875,391.79998779296875,391.79998779296875,391.79998779296875,129,0.0,0.0,2023-07-18
243,2023-07-18 11:52:00-04:00,392.07501220703125,393.29998779296875,392.07501220703125,393.29998779296875,3543,0.0,0.0,2023-07-18
244,2023-07-18 11:53:00-04:00,392.8999938964844,392.8999938964844,392.8999938964844,392.8999938964844,433,0.0,0.0,2023-07-18
245,2023-07-18 12:06:00-04:00,392.07000732421875,392.6600036621094,392.07000732421875,392.6600036621094,301,0.0,0.0,2023-07-18
246,2023-07-18 12:08:00-04:00,392.4049987792969,392.4049987792969,392.4049987792969,392.4049987792969,252,0.0,0.0,2023-07-18
247,2023-07-18 12:14:00-04:00,391.6600036621094,391.6600036621094,391.30999755859375,391.30999755859375,342,0.0,0.0,2023-07-18
248,2023-07-18 12:19:00-04:00,391.489990234375,391.489990234375,391.489990234375,391.489990234375,127,0.0,0.0,2023-07-18
249,2023-07-18 12:20:00-04:00,391.80999755859375,391.80999755859375,391.80999755859375,391.80999755859375,443,0.0,0.0,2023-07-18
250,2023-07-18 12:22:00-04:00,391.489990234375,391.489990234375,391.260009765625,391.260009765625,600,0.0,0.0,2023-07-18
251,2023-07-18 12:24:00-04:00,391.75,391.75,391.25,391.25,339,0.0,0.0,2023-07-18
252,2023-07-18 12:28:00-04:00,391.2099914550781,391.2200012207031,390.1300048828125,390.6300048828125,3639,0.0,0.0,2023-07-18
253,2023-07-18 12:31:00-04:00,391.3800048828125,391.3800048828125,391.3800048828125,391.3800048828125,103,0.0,0.0,2023-07-18
254,2023-07-18 12:32:00-04:00,390.9200134277344,390.9200134277344,390.9200134277344,390.9200134277344,127,0.0,0.0,2023-07-18
255,2023-07-18 12:34:00-04:00,390.8900146484375,390.8900146484375,390.8900146484375,390.8900146484375,212,0.0,0.0,2023-07-18
256,2023-07-18 12:37:00-04:00,390.864990234375,390.864990234375,390.864990234375,390.864990234375,102,0.0,0.0,2023-07-18
257,2023-07-18 12:38:00-04:00,390.864990234375,390.864990234375,390.864990234375,390.864990234375,368,0.0,0.0,2023-07-18
258,2023-07-18 12:41:00-04:00,391.8999938964844,391.8999938964844,391.3599853515625,391.5249938964844,1086,0.0,0.0,2023-07-18
259,2023-07-18 12:50:00-04:00,391.1499938964844,391.1499938964844,391.1499938964844,391.1499938964844,191,0.0,0.0,2023-07-18
260,2023-07-18 12:54:00-04:00,390.5400085449219,390.5400085449219,390.5400085449219,390.5400085449219,238,0.0,0.0,2023-07-18
261,2023-07-18 12:57:00-04:00,390.8299865722656,390.8299865722656,390.8299865722656,390.8299865722656,382,0.0,0.0,2023-07-18
262,2023-07-18 13:03:00-04:00,390.6700134277344,390.6700134277344,390.6700134277344,390.6700134277344,103,0.0,0.0,2023-07-18
263,2023-07-18 13:04:00-04:00,390.70001220703125,391.07000732421875,390.67999267578125,390.69500732421875,883,0.0,0.0,2023-07-18
264,2023-07-18 13:11:00-04:00,390.57000732421875,390.61749267578125,390.57000732421875,390.61749267578125,321,0.0,0.0,2023-07-18
265,2023-07-18 13:12:00-04:00,390.5299987792969,390.5675048828125,390.5299987792969,390.5675048828125,259,0.0,0.0,2023-07-18
266,2023-07-18 13:13:00-04:00,391.0,391.0,391.0,391.0,117,0.0,0.0,2023-07-18
267,2023-07-18 13:14:00-04:00,390.5799865722656,390.5799865722656,390.5799865722656,390.5799865722656,122,0.0,0.0,2023-07-18
268,2023-07-18 13:17:00-04:00,390.6099853515625,390.6099853515625,390.6099853515625,390.6099853515625,285,0.0,0.0,2023-07-18
269,2023-07-18 13:19:00-04:00,390.7025146484375,391.2900085449219,390.5,391.2900085449219,2658,0.0,0.0,2023-07-18
270,2023-07-18 13:20:00-04:00,391.0199890136719,391.2900085449219,390.9949951171875,391.2900085449219,646,0.0,0.0,2023-07-18
271,2023-07-18 13:22:00-04:00,391.04998779296875,391.8500061035156,391.04998779296875,391.8500061035156,1426,0.0,0.0,2023-07-18
272,2023-07-18 13:23:00-04:00,391.5,391.94000244140625,391.5,391.94000244140625,1356,0.0,0.0,2023-07-18
273,2023-07-18 13:27:00-04:00,391.57501220703125,391.9599914550781,391.57501220703125,391.9599914550781,877,0.0,0.0,2023-07-18
274,2023-07-18 13:30:00-04:00,391.5450134277344,391.94000244140625,391.5450134277344,391.94000244140625,404,0.0,0.0,2023-07-18
275,2023-07-18 13:32:00-04:00,391.42999267578125,391.8500061035156,391.3800048828125,391.8500061035156,2933,0.0,0.0,2023-07-18
276,2023-07-18 13:34:00-04:00,391.94000244140625,392.0,391.94000244140625,392.0,578,0.0,0.0,2023-07-18
277,2023-07-18 13:35:00-04:00,392.0,392.7799987792969,392.0,392.7799987792969,1991,0.0,0.0,2023-07-18
278,2023-07-18 13:36:00-04:00,392.6400146484375,392.6400146484375,392.6400146484375,392.6400146484375,316,0.0,0.0,2023-07-18
279,2023-07-18 13:37:00-04:00,393.07000732421875,393.07000732421875,392.0249938964844,392.0249938964844,714,0.0,0.0,2023-07-18
280,2023-07-18 13:38:00-04:00,391.5799865722656,392.4800109863281,391.5799865722656,392.45001220703125,2158,0.0,0.0,2023-07-18
281,2023-07-18 13:42:00-04:00,391.54998779296875,391.9200134277344,391.54998779296875,391.9200134277344,234,0.0,0.0,2023-07-18
282,2023-07-18 13:43:00-04:00,391.989990234375,391.989990234375,391.989990234375,391.989990234375,395,0.0,0.0,2023-07-18
283,2023-07-18 13:44:00-04:00,392.1000061035156,392.32000732421875,392.1000061035156,392.32000732421875,805,0.0,0.0,2023-07-18
284,2023-07-18 13:47:00-04:00,392.19000244140625,392.19000244140625,392.19000244140625,392.19000244140625,102,0.0,0.0,2023-07-18
285,2023-07-18 13:48:00-04:00,392.07000732421875,392.07000732421875,392.07000732421875,392.07000732421875,263,0.0,0.0,2023-07-18
286,2023-07-18 13:50:00-04:00,391.94000244140625,391.94000244140625,391.67999267578125,391.67999267578125,200,0.0,0.0,2023-07-18
287,2023-07-18 13:51:00-04:00,392.2699890136719,392.2699890136719,392.2699890136719,392.2699890136719,416,0.0,0.0,2023-07-18
288,2023-07-18 13:56:00-04:00,392.0400085449219,392.0899963378906,391.7699890136719,391.7699890136719,1342,0.0,0.0,2023-07-18
289,2023-07-18 13:58:00-04:00,391.9800109863281,392.6000061035156,391.7699890136719,392.6000061035156,4519,0.0,0.0,2023-07-18
290,2023-07-18 13:59:00-04:00,392.0,392.0,392.0,392.0,1105,0.0,0.0,2023-07-18
291,2023-07-18 14:05:00-04:00,391.1199951171875,391.8399963378906,391.1199951171875,391.57000732421875,2526,0.0,0.0,2023-07-18
292,2023-07-18 14:06:00-04:00,391.82000732421875,391.82000732421875,391.57000732421875,391.57000732421875,354,0.0,0.0,2023-07-18
293,2023-07-18 14:07:00-04:00,391.8399963378906,391.8399963378906,391.57000732421875,391.6700134277344,617,0.0,0.0,2023-07-18
294,2023-07-18 14:11:00-04:00,391.5400085449219,391.5400085449219,391.5400085449219,391.5400085449219,243,0.0,0.0,2023-07-18
295,2023-07-18 14:14:00-04:00,391.67498779296875,391.67498779296875,391.67498779296875,391.67498779296875,311,0.0,0.0,2023-07-18
296,2023-07-18 14:15:00-04:00,391.70001220703125,391.79998779296875,391.5,391.79998779296875,2804,0.0,0.0,2023-07-18
297,2023-07-18 14:18:00-04:00,391.5400085449219,391.5400085449219,391.5400085449219,391.5400085449219,283,0.0,0.0,2023-07-18
298,2023-07-18 14:19:00-04:00,391.5,391.5199890136719,391.5,391.5199890136719,876,0.0,0.0,2023-07-18
299,2023-07-18 14:20:00-04:00,391.510009765625,391.510009765625,391.510009765625,391.510009765625,163,0.0,0.0,2023-07-18
300,2023-07-18 14:22:00-04:00,391.55999755859375,391.8900146484375,391.5199890136719,391.8900146484375,1552,0.0,0.0,2023-07-18
301,2023-07-18 14:25:00-04:00,392.010009765625,392.010009765625,392.010009765625,392.010009765625,160,0.0,0.0,2023-07-18
302,2023-07-18 14:27:00-04:00,392.0899963378906,392.0899963378906,392.0899963378906,392.0899963378906,308,0.0,0.0,2023-07-18
303,2023-07-18 14:30:00-04:00,392.29998779296875,392.29998779296875,392.29998779296875,392.29998779296875,212,0.0,0.0,2023-07-18
304,2023-07-18 14:31:00-04:00,392.54998779296875,392.54998779296875,392.54998779296875,392.54998779296875,333,0.0,0.0,2023-07-18
305,2023-07-18 14:33:00-04:00,392.7550048828125,392.82000732421875,392.7550048828125,392.82000732421875,1055,0.0,0.0,2023-07-18
306,2023-07-18 14:41:00-04:00,391.8500061035156,391.8500061035156,391.8500061035156,391.8500061035156,269,0.0,0.0,2023-07-18
307,2023-07-18 14:42:00-04:00,391.75,391.93499755859375,391.75,391.93499755859375,584,0.0,0.0,2023-07-18
308,2023-07-18 14:43:00-04:00,391.94000244140625,391.94000244140625,391.94000244140625,391.94000244140625,228,0.0,0.0,2023-07-18
309,2023-07-18 14:45:00-04:00,392.1000061035156,392.3399963378906,392.0050048828125,392.0050048828125,662,0.0,0.0,2023-07-18
310,2023-07-18 14:47:00-04:00,392.17999267578125,392.17999267578125,392.17999267578125,392.17999267578125,602,0.0,0.0,2023-07-18
311,2023-07-18 14:52:00-04:00,391.9700012207031,391.9700012207031,391.9700012207031,391.9700012207031,365,0.0,0.0,2023-07-18
312,2023-07-18 14:53:00-04:00,391.79998779296875,391.79998779296875,391.79998779296875,391.79998779296875,142,0.0,0.0,2023-07-18
313,2023-07-18 14:54:00-04:00,391.760009765625,391.760009765625,391.760009765625,391.760009765625,837,0.0,0.0,2023-07-18
314,2023-07-18 14:55:00-04:00,391.94000244140625,392.0799865722656,391.7349853515625,392.0799865722656,2305,0.0,0.0,2023-07-18
315,2023-07-18 14:56:00-04:00,391.8450012207031,391.8450012207031,391.8450012207031,391.8450012207031,191,0.0,0.0,2023-07-18
316,2023-07-18 14:59:00-04:00,391.75,392.04998779296875,391.6300048828125,391.6300048828125,1075,0.0,0.0,2023-07-18
317,2023-07-18 15:01:00-04:00,391.4700012207031,391.70001220703125,391.2900085449219,391.42999267578125,3304,0.0,0.0,2023-07-18
318,2023-07-18 15:02:00-04:00,391.3699951171875,391.69000244140625,391.3599853515625,391.3599853515625,2193,0.0,0.0,2023-07-18
319,2023-07-18 15:03:00-04:00,391.7300109863281,392.19000244140625,391.7300109863281,391.8699951171875,1459,0.0,0.0,2023-07-18
320,2023-07-18 15:08:00-04:00,391.9700012207031,392.1099853515625,391.82501220703125,391.8299865722656,2942,0.0,0.0,2023-07-18
321,2023-07-18 15:11:00-04:00,391.9649963378906,391.9649963378906,391.9649963378906,391.9649963378906,120,0.0,0.0,2023-07-18
322,2023-07-18 15:13:00-04:00,392.1000061035156,392.2099914550781,392.1000061035156,392.2099914550781,620,0.0,0.0,2023-07-18
323,2023-07-18 15:14:00-04:00,392.3599853515625,392.44000244140625,392.3599853515625,392.42999267578125,467,0.0,0.0,2023-07-18
324,2023-07-18 15:15:00-04:00,392.25,392.6499938964844,392.25,392.6499938964844,456,0.0,0.0,2023-07-18
325,2023-07-18 15:17:00-04:00,392.3500061035156,392.3500061035156,392.3500061035156,392.3500061035156,455,0.0,0.0,2023-07-18
326,2023-07-18 15:20:00-04:00,392.82000732421875,392.82000732421875,392.82000732421875,392.82000732421875,545,0.0,0.0,2023-07-18
327,2023-07-18 15:21:00-04:00,392.5899963378906,392.5899963378906,392.5899963378906,392.5899963378906,196,0.0,0.0,2023-07-18
328,2023-07-18 15:23:00-04:00,392.7099914550781,392.7099914550781,392.55999755859375,392.55999755859375,207,0.0,0.0,2023-07-18
329,2023-07-18 15:24:00-04:00,392.8299865722656,393.1499938964844,392.80499267578125,393.1499938964844,549,0.0,0.0,2023-07-18
330,2023-07-18 15:26:00-04:00,393.05499267578125,393.05499267578125,393.05499267578125,393.05499267578125,338,0.0,0.0,2023-07-18
331,2023-07-18 15:30:00-04:00,392.8699951171875,392.989990234375,392.6499938964844,392.9599914550781,2171,0.0,0.0,2023-07-18
332,2023-07-18 15:32:00-04:00,392.9599914550781,392.9599914550781,392.7950134277344,392.7950134277344,510,0.0,0.0,2023-07-18
333,2023-07-18 15:33:00-04:00,392.70001220703125,392.70001220703125,392.5799865722656,392.5799865722656,911,0.0,0.0,2023-07-18
334,2023-07-18 15:34:00-04:00,392.92999267578125,393.010009765625,392.8299865722656,393.0,1290,0.0,0.0,2023-07-18
335,2023-07-18 15:35:00-04:00,393.0400085449219,393.0400085449219,393.0400085449219,393.0400085449219,280,0.0,0.0,2023-07-18
336,2023-07-18 15:36:00-04:00,393.05499267578125,393.05499267578125,393.05499267578125,393.05499267578125,399,0.0,0.0,2023-07-18
337,2023-07-18 15:37:00-04:00,393.05999755859375,393.05999755859375,393.05999755859375,393.05999755859375,337,0.0,0.0,2023-07-18
338,2023-07-18 15:39:00-04:00,393.0675048828125,393.260009765625,392.8699951171875,393.260009765625,2087,0.0,0.0,2023-07-18
339,2023-07-18 15:41:00-04:00,393.1099853515625,393.239990234375,393.1000061035156,393.1199951171875,1075,0.0,0.0,2023-07-18
340,2023-07-18 15:42:00-04:00,393.114990234375,393.239990234375,393.0924987792969,393.125,1036,0.0,0.0,2023-07-18
341,2023-07-18 15:44:00-04:00,393.135009765625,393.239990234375,393.135009765625,393.239990234375,437,0.0,0.0,2023-07-18
342,2023-07-18 15:45:00-04:00,393.1700134277344,393.260009765625,393.1400146484375,393.1400146484375,1964,0.0,0.0,2023-07-18
343,2023-07-18 15:46:00-04:00,393.239990234375,393.260009765625,393.0849914550781,393.17999267578125,1193,0.0,0.0,2023-07-18
344,2023-07-18 15:47:00-04:00,393.1300048828125,393.5299987792969,393.1050109863281,393.4800109863281,1967,0.0,0.0,2023-07-18
345,2023-07-18 15:48:00-04:00,393.489990234375,393.489990234375,393.44500732421875,393.44500732421875,403,0.0,0.0,2023-07-18
346,2023-07-18 15:49:00-04:00,393.6499938964844,393.9599914550781,393.6499938964844,393.7900085449219,1862,0.0,0.0,2023-07-18
347,2023-07-18 15:50:00-04:00,393.69000244140625,394.20001220703125,393.5799865722656,394.1600036621094,14904,0.0,0.0,2023-07-18
348,2023-07-18 15:51:00-04:00,393.8299865722656,393.9200134277344,393.6050109863281,393.6600036621094,2891,0.0,0.0,2023-07-18
349,2023-07-18 15:52:00-04:00,393.8299865722656,393.8299865722656,393.5249938964844,393.5249938964844,1056,0.0,0.0,2023-07-18
350,2023-07-18 15:53:00-04:00,393.79998779296875,393.80999755859375,393.6400146484375,393.7200012207031,532,0.0,0.0,2023-07-18
351,2023-07-18 15:54:00-04:00,393.67498779296875,393.8299865722656,393.0400085449219,393.0400085449219,3855,0.0,0.0,2023-07-18
352,2023-07-18 15:55:00-04:00,393.0299987792969,393.06500244140625,392.6300048828125,393.0299987792969,1763,0.0,0.0,2023-07-18
353,2023-07-18 15:56:00-04:00,392.9949951171875,392.9949951171875,392.79998779296875,392.94500732421875,1622,0.0,0.0,2023-07-18
354,2023-07-18 15:57:00-04:00,393.05999755859375,393.6199951171875,393.05999755859375,393.6199951171875,4092,0.0,0.0,2023-07-18
355,2023-07-18 15:58:00-04:00,393.5199890136719,393.69000244140625,393.4599914550781,393.6000061035156,4082,0.0,0.0,2023-07-18
356,2023-07-18 15:59:00-04:00,393.5899963378906,393.5899963378906,393.2699890136719,393.2699890136719,9427,0.0,0.0,2023-07-18
357,2023-07-19 09:30:00-04:00,392.4200134277344,392.4200134277344,392.4200134277344,392.4200134277344,0,0.0,0.0,2023-07-19
358,2023-07-19 09:35:00-04:00,394.8900146484375,394.8900146484375,394.8900146484375,394.8900146484375,268,0.0,0.0,2023-07-19
359,2023-07-19 09:36:00-04:00,394.80999755859375,397.0299987792969,394.364990234375,397.0299987792969,2919,0.0,0.0,2023-07-19
360,2023-07-19 09:41:00-04:00,393.9800109863281,394.010009765625,393.9800109863281,394.010009765625,645,0.0,0.0,2023-07-19
361,2023-07-19 09:44:00-04:00,392.82000732421875,393.635009765625,392.239990234375,392.239990234375,1313,0.0,0.0,2023-07-19
362,2023-07-19 09:51:00-04:00,392.44000244140625,392.44000244140625,392.4200134277344,392.4200134277344,482,0.0,0.0,2023-07-19
363,2023-07-19 09:56:00-04:00,391.2200012207031,391.2200012207031,391.2200012207031,391.2200012207031,330,0.0,0.0,2023-07-19
364,2023-07-19 09:59:00-04:00,391.3399963378906,391.3399963378906,391.3399963378906,391.3399963378906,840,0.0,0.0,2023-07-19
365,2023-07-19 10:03:00-04:00,391.5899963378906,391.5899963378906,391.5899963378906,391.5899963378906,336,0.0,0.0,2023-07-19
366,2023-07-19 10:05:00-04:00,391.8699951171875,391.8699951171875,391.8699951171875,391.8699951171875,295,0.0,0.0,2023-07-19
367,2023-07-19 10:06:00-04:00,391.05999755859375,391.1199951171875,391.05999755859375,391.1199951171875,372,0.0,0.0,2023-07-19
368,2023-07-19 10:08:00-04:00,390.9849853515625,390.9849853515625,390.9849853515625,390.9849853515625,226,0.0,0.0,2023-07-19
369,2023-07-19 10:09:00-04:00,390.7749938964844,390.885009765625,390.7749938964844,390.885009765625,308,0.0,0.0,2023-07-19
370,2023-07-19 10:10:00-04:00,391.42999267578125,391.42999267578125,391.2300109863281,391.2300109863281,490,0.0,0.0,2023-07-19
371,2023-07-19 10:11:00-04:00,391.32000732421875,391.32000732421875,391.32000732421875,391.32000732421875,521,0.0,0.0,2023-07-19
372,2023-07-19 10:15:00-04:00,390.6549987792969,390.6549987792969,390.6549987792969,390.6549987792969,199,0.0,0.0,2023-07-19
373,2023-07-19 10:16:00-04:00,390.69500732421875,390.69500732421875,390.69500732421875,390.69500732421875,315,0.0,0.0,2023-07-19
374,2023-07-19 10:18:00-04:00,390.3699951171875,390.3699951171875,390.3699951171875,390.3699951171875,280,0.0,0.0,2023-07-19
375,2023-07-19 10:19:00-04:00,390.25,390.25,389.5899963378906,389.5899963378906,633,0.0,0.0,2023-07-19
376,2023-07-19 10:22:00-04:00,390.1499938964844,390.1499938964844,390.1499938964844,390.1499938964844,633,0.0,0.0,2023-07-19
377,2023-07-19 10:31:00-04:00,389.5350036621094,389.5350036621094,389.5350036621094,389.5350036621094,127,0.0,0.0,2023-07-19
378,2023-07-19 10:32:00-04:00,389.45001220703125,389.45001220703125,389.3399963378906,389.3399963378906,320,0.0,0.0,2023-07-19
379,2023-07-19 10:33:00-04:00,389.2200012207031,389.6099853515625,389.2200012207031,389.6099853515625,1616,0.0,0.0,2023-07-19
380,2023-07-19 10:34:00-04:00,389.8500061035156,389.8500061035156,389.5899963378906,389.5899963378906,972,0.0,0.0,2023-07-19
381,2023-07-19 10:40:00-04:00,389.9725036621094,389.9725036621094,389.481201171875,389.481201171875,618,0.0,0.0,2023-07-19
382,2023-07-19 10:41:00-04:00,389.94500732421875,390.04998779296875,389.94500732421875,390.04998779296875,295,0.0,0.0,2023-07-19
383,2023-07-19 10:42:00-04:00,390.1199951171875,390.1199951171875,390.0,390.0,446,0.0,0.0,2023-07-19
384,2023-07-19 10:44:00-04:00,389.44000244140625,389.760009765625,389.2900085449219,389.2900085449219,583,0.0,0.0,2023-07-19
385,2023-07-19 10:45:00-04:00,389.82501220703125,389.82501220703125,389.82501220703125,389.82501220703125,231,0.0,0.0,2023-07-19
386,2023-07-19 10:47:00-04:00,390.0799865722656,390.0799865722656,390.0150146484375,390.0150146484375,655,0.0,0.0,2023-07-19
387,2023-07-19 10:48:00-04:00,389.70001220703125,389.70001220703125,389.70001220703125,389.70001220703125,500,0.0,0.0,2023-07-19
388,2023-07-19 10:50:00-04:00,390.1400146484375,390.1650085449219,390.1400146484375,390.1650085449219,263,0.0,0.0,2023-07-19
389,2023-07-19 10:51:00-04:00,390.0,390.0474853515625,390.0,390.0474853515625,1414,0.0,0.0,2023-07-19
390,2023-07-19 10:52:00-04:00,390.05499267578125,390.07000732421875,390.05499267578125,390.07000732421875,851,0.0,0.0,2023-07-19
391,2023-07-19 10:54:00-04:00,389.4750061035156,389.4750061035156,389.30999755859375,389.30999755859375,1168,0.0,0.0,2023-07-19
392,2023-07-19 11:02:00-04:00,388.94000244140625,388.94000244140625,388.94000244140625,388.94000244140625,560,0.0,0.0,2023-07-19
393,2023-07-19 11:08:00-04:00,389.2900085449219,389.3999938964844,389.2900085449219,389.3999938964844,498,0.0,0.0,2023-07-19
394,2023-07-19 11:10:00-04:00,389.31500244140625,389.4849853515625,389.31500244140625,389.4849853515625,420,0.0,0.0,2023-07-19
395,2023-07-19 11:11:00-04:00,389.44000244140625,389.44000244140625,389.44000244140625,389.44000244140625,202,0.0,0.0,2023-07-19
396,2023-07-19 11:12:00-04:00,389.8399963378906,389.8399963378906,389.8399963378906,389.8399963378906,133,0.0,0.0,2023-07-19
397,2023-07-19 11:13:00-04:00,390.07501220703125,390.07501220703125,390.07501220703125,390.07501220703125,625,0.0,0.0,2023-07-19
398,2023-07-19 11:21:00-04:00,389.510009765625,389.510009765625,389.510009765625,389.510009765625,394,0.0,0.0,2023-07-19
399,2023-07-19 11:23:00-04:00,389.3399963378906,389.5,389.3299865722656,389.3299865722656,723,0.0,0.0,2023-07-19
400,2023-07-19 11:24:00-04:00,389.3349914550781,389.3349914550781,389.3349914550781,389.3349914550781,1283,0.0,0.0,2023-07-19
401,2023-07-19 11:31:00-04:00,389.8500061035156,389.8500061035156,389.8500061035156,389.8500061035156,336,0.0,0.0,2023-07-19
402,2023-07-19 11:33:00-04:00,389.8550109863281,389.8550109863281,389.8550109863281,389.8550109863281,348,0.0,0.0,2023-07-19
403,2023-07-19 11:35:00-04:00,390.0199890136719,390.1099853515625,389.7099914550781,389.9599914550781,1649,0.0,0.0,2023-07-19
404,2023-07-19 11:36:00-04:00,389.32000732421875,389.7099914550781,389.2699890136719,389.7099914550781,769,0.0,0.0,2023-07-19
405,2023-07-19 11:37:00-04:00,389.56500244140625,389.56500244140625,389.56500244140625,389.56500244140625,215,0.0,0.0,2023-07-19
406,2023-07-19 11:39:00-04:00,389.8599853515625,389.8599853515625,389.7900085449219,389.7900085449219,683,0.0,0.0,2023-07-19
407,2023-07-19 11:42:00-04:00,389.5799865722656,389.5799865722656,389.5799865722656,389.5799865722656,155,0.0,0.0,2023-07-19
408,2023-07-19 11:43:00-04:00,389.82000732421875,389.82000732421875,389.82000732421875,389.82000732421875,229,0.0,0.0,2023-07-19
409,2023-07-19 11:47:00-04:00,389.7900085449219,389.9549865722656,389.7900085449219,389.9549865722656,404,0.0,0.0,2023-07-19
410,2023-07-19 11:49:00-04:00,389.80999755859375,389.8800048828125,389.80999755859375,389.8800048828125,351,0.0,0.0,2023-07-19
411,2023-07-19 11:50:00-04:00,389.7300109863281,389.7300109863281,389.7200012207031,389.7200012207031,368,0.0,0.0,2023-07-19
412,2023-07-19 11:52:00-04:00,390.0199890136719,390.0199890136719,389.8900146484375,389.8900146484375,202,0.0,0.0,2023-07-19
413,2023-07-19 11:53:00-04:00,390.0799865722656,390.1600036621094,390.05999755859375,390.1600036621094,945,0.0,0.0,2023-07-19
414,2023-07-19 11:54:00-04:00,390.0799865722656,390.0799865722656,390.0799865722656,390.0799865722656,140,0.0,0.0,2023-07-19
415,2023-07-19 11:55:00-04:00,390.11248779296875,390.1400146484375,390.0,390.0,2098,0.0,0.0,2023-07-19
416,2023-07-19 11:57:00-04:00,390.3599853515625,390.3599853515625,390.010009765625,390.0199890136719,2460,0.0,0.0,2023-07-19
417,2023-07-19 11:58:00-04:00,390.0299987792969,390.0299987792969,390.0299987792969,390.0299987792969,108,0.0,0.0,2023-07-19
418,2023-07-19 11:59:00-04:00,390.1300048828125,390.1300048828125,390.1300048828125,390.1300048828125,3450,0.0,0.0,2023-07-19
419,2023-07-19 12:00:00-04:00,390.135009765625,391.29998779296875,390.135009765625,391.010009765625,15680,0.0,0.0,2023-07-19
420,2023-07-19 12:01:00-04:00,391.05499267578125,391.05499267578125,391.05499267578125,391.05499267578125,1116,0.0,0.0,2023-07-19
421,2023-07-19 12:04:00-04:00,391.1199951171875,391.1400146484375,390.9800109863281,390.9800109863281,919,0.0,0.0,2023-07-19
422,2023-07-19 12:07:00-04:00,390.6600036621094,390.6600036621094,390.6600036621094,390.6600036621094,507,0.0,0.0,2023-07-19
423,2023-07-19 12:19:00-04:00,389.9100036621094,390.1499938964844,389.8299865722656,390.1099853515625,2044,0.0,0.0,2023-07-19
424,2023-07-19 12:20:00-04:00,390.4468078613281,390.4468078613281,390.4468078613281,390.4468078613281,666,0.0,0.0,2023-07-19
425,2023-07-19 12:21:00-04:00,390.1050109863281,390.1050109863281,390.1050109863281,390.1050109863281,985,0.0,0.0,2023-07-19
426,2023-07-19 12:37:00-04:00,389.6400146484375,389.6400146484375,389.6300048828125,389.6300048828125,470,0.0,0.0,2023-07-19
427,2023-07-19 12:40:00-04:00,389.6700134277344,389.6700134277344,389.6700134277344,389.6700134277344,693,0.0,0.0,2023-07-19
428,2023-07-19 12:47:00-04:00,389.4599914550781,389.4599914550781,389.4599914550781,389.4599914550781,369,0.0,0.0,2023-07-19
429,2023-07-19 12:50:00-04:00,389.44000244140625,389.4400939941406,389.44000244140625,389.4400939941406,1846,0.0,0.0,2023-07-19
430,2023-07-19 13:00:00-04:00,389.70001220703125,389.8500061035156,389.70001220703125,389.8500061035156,583,0.0,0.0,2023-07-19
431,2023-07-19 13:01:00-04:00,390.04998779296875,390.04998779296875,389.989990234375,390.0,1126,0.0,0.0,2023-07-19
432,2023-07-19 13:03:00-04:00,390.0199890136719,390.0199890136719,390.0199890136719,390.0199890136719,776,0.0,0.0,2023-07-19
433,2023-07-19 13:05:00-04:00,389.7650146484375,389.7650146484375,389.7650146484375,389.7650146484375,131,0.0,0.0,2023-07-19
434,2023-07-19 13:06:00-04:00,389.6700134277344,389.6700134277344,389.6700134277344,389.6700134277344,272,0.0,0.0,2023-07-19
435,2023-07-19 13:10:00-04:00,390.05999755859375,390.375,390.0050048828125,390.0199890136719,5385,0.0,0.0,2023-07-19
436,2023-07-19 13:11:00-04:00,389.7799987792969,389.7799987792969,389.7799987792969,389.7799987792969,101,0.0,0.0,2023-07-19
437,2023-07-19 13:12:00-04:00,389.7950134277344,389.79998779296875,389.7950134277344,389.79998779296875,817,0.0,0.0,2023-07-19
438,2023-07-19 13:22:00-04:00,389.6400146484375,390.3900146484375,389.6400146484375,390.3900146484375,12005,0.0,0.0,2023-07-19
439,2023-07-19 13:23:00-04:00,390.739990234375,391.135009765625,390.739990234375,391.12249755859375,13020,0.0,0.0,2023-07-19
440,2023-07-19 13:24:00-04:00,390.8900146484375,390.8900146484375,390.8800048828125,390.8800048828125,594,0.0,0.0,2023-07-19
441,2023-07-19 13:29:00-04:00,390.8999938964844,390.8999938964844,390.8999938964844,390.8999938964844,178,0.0,0.0,2023-07-19
442,2023-07-19 13:31:00-04:00,390.7900085449219,390.7900085449219,390.7850036621094,390.7900085449219,14040,0.0,0.0,2023-07-19
443,2023-07-19 13:32:00-04:00,391.0299987792969,391.05499267578125,390.989990234375,390.9949951171875,910,0.0,0.0,2023-07-19
444,2023-07-19 13:33:00-04:00,391.1600036621094,391.30999755859375,391.1600036621094,391.17999267578125,915,0.0,0.0,2023-07-19
445,2023-07-19 13:34:00-04:00,391.375,391.375,391.375,391.375,929,0.0,0.0,2023-07-19
446,2023-07-19 13:38:00-04:00,391.67999267578125,391.67999267578125,391.6549987792969,391.6549987792969,374,0.0,0.0,2023-07-19
447,2023-07-19 13:39:00-04:00,391.67498779296875,391.67498779296875,391.67498779296875,391.67498779296875,405,0.0,0.0,2023-07-19
448,2023-07-19 13:43:00-04:00,392.0,392.0,392.0,392.0,320,0.0,0.0,2023-07-19
449,2023-07-19 13:46:00-04:00,392.3599853515625,392.3599853515625,392.2650146484375,392.2650146484375,310,0.0,0.0,2023-07-19
450,2023-07-19 13:49:00-04:00,392.2650146484375,392.2650146484375,392.2650146484375,392.2650146484375,192,0.0,0.0,2023-07-19
451,2023-07-19 13:50:00-04:00,392.32000732421875,392.3299865722656,392.32000732421875,392.3299865722656,897,0.0,0.0,2023-07-19
452,2023-07-19 13:58:00-04:00,392.4049987792969,392.4049987792969,392.4049987792969,392.4049987792969,146,0.0,0.0,2023-07-19
453,2023-07-19 13:59:00-04:00,392.56500244140625,392.56500244140625,392.56500244140625,392.56500244140625,329,0.0,0.0,2023-07-19
454,2023-07-19 14:02:00-04:00,392.6199951171875,392.6199951171875,392.6199951171875,392.6199951171875,220,0.0,0.0,2023-07-19
455,2023-07-19 14:03:00-04:00,392.82000732421875,392.82000732421875,392.82000732421875,392.82000732421875,299,0.0,0.0,2023-07-19
456,2023-07-19 14:04:00-04:00,392.8900146484375,392.8900146484375,392.8900146484375,392.8900146484375,100,0.0,0.0,2023-07-19
457,2023-07-19 14:05:00-04:00,392.9599914550781,392.9800109863281,392.69000244140625,392.69000244140625,1043,0.0,0.0,2023-07-19
458,2023-07-19 14:06:00-04:00,393.1700134277344,393.1700134277344,393.1700134277344,393.1700134277344,110,0.0,0.0,2023-07-19
459,2023-07-19 14:07:00-04:00,393.1099853515625,393.1700134277344,393.1099853515625,393.1700134277344,488,0.0,0.0,2023-07-19
460,2023-07-19 14:08:00-04:00,393.0400085449219,393.0450134277344,392.739990234375,392.9800109863281,2521,0.0,0.0,2023-07-19
461,2023-07-19 14:09:00-04:00,392.6650085449219,392.6650085449219,392.6650085449219,392.6650085449219,350,0.0,0.0,2023-07-19
462,2023-07-19 14:13:00-04:00,392.239990234375,392.239990234375,392.0,392.0,446,0.0,0.0,2023-07-19
463,2023-07-19 14:15:00-04:00,391.9150085449219,391.9150085449219,391.9150085449219,391.9150085449219,389,0.0,0.0,2023-07-19
464,2023-07-19 14:17:00-04:00,391.69500732421875,391.69500732421875,391.69500732421875,391.69500732421875,134,0.0,0.0,2023-07-19
465,2023-07-19 14:18:00-04:00,391.7049865722656,391.7049865722656,391.7049865722656,391.7049865722656,212,0.0,0.0,2023-07-19
466,2023-07-19 14:21:00-04:00,391.7149963378906,391.7149963378906,391.7149963378906,391.7149963378906,723,0.0,0.0,2023-07-19
467,2023-07-19 14:25:00-04:00,392.04998779296875,392.17999267578125,392.04998779296875,392.17999267578125,625,0.0,0.0,2023-07-19
468,2023-07-19 14:27:00-04:00,391.9949951171875,392.3299865722656,391.9949951171875,392.3299865722656,264,0.0,0.0,2023-07-19
469,2023-07-19 14:28:00-04:00,392.2099914550781,392.2099914550781,392.2099914550781,392.2099914550781,247,0.0,0.0,2023-07-19
470,2023-07-19 14:30:00-04:00,391.94000244140625,391.94000244140625,391.94000244140625,391.94000244140625,32042,0.0,0.0,2023-07-19
471,2023-07-19 14:31:00-04:00,392.5400085449219,392.5400085449219,392.4700012207031,392.4700012207031,510,0.0,0.0,2023-07-19
472,2023-07-19 14:34:00-04:00,392.79998779296875,392.79998779296875,392.79998779296875,392.79998779296875,135,0.0,0.0,2023-07-19
473,2023-07-19 14:35:00-04:00,393.0400085449219,393.0400085449219,392.82000732421875,392.82000732421875,510,0.0,0.0,2023-07-19
474,2023-07-19 14:37:00-04:00,392.8500061035156,392.8500061035156,392.8500061035156,392.8500061035156,471,0.0,0.0,2023-07-19
475,2023-07-19 14:42:00-04:00,392.7900085449219,392.7900085449219,392.7900085449219,392.7900085449219,220,0.0,0.0,2023-07-19
476,2023-07-19 14:45:00-04:00,392.8800048828125,392.8800048828125,392.8800048828125,392.8800048828125,209,0.0,0.0,2023-07-19
477,2023-07-19 14:47:00-04:00,392.82501220703125,392.82501220703125,392.6300048828125,392.82000732421875,1554,0.0,0.0,2023-07-19
478,2023-07-19 14:48:00-04:00,392.8500061035156,393.0150146484375,392.8500061035156,393.0150146484375,770,0.0,0.0,2023-07-19
479,2023-07-19 14:49:00-04:00,393.0400085449219,393.19000244140625,393.0199890136719,393.0199890136719,555,0.0,0.0,2023-07-19
480,2023-07-19 14:50:00-04:00,392.989990234375,392.989990234375,392.7699890136719,392.7699890136719,637,0.0,0.0,2023-07-19
481,2023-07-19 14:51:00-04:00,393.0199890136719,393.0199890136719,393.0199890136719,393.0199890136719,359,0.0,0.0,2023-07-19
482,2023-07-19 14:56:00-04:00,392.8599853515625,392.8599853515625,392.8599853515625,392.8599853515625,111,0.0,0.0,2023-07-19
483,2023-07-19 14:57:00-04:00,392.8599853515625,392.8699951171875,392.8599853515625,392.8699951171875,322,0.0,0.0,2023-07-19
484,2023-07-19 14:58:00-04:00,392.95001220703125,392.95001220703125,392.95001220703125,392.95001220703125,270,0.0,0.0,2023-07-19
485,2023-07-19 14:59:00-04:00,393.0299987792969,393.1300048828125,393.0299987792969,393.1300048828125,525,0.0,0.0,2023-07-19
486,2023-07-19 15:00:00-04:00,393.07000732421875,393.30999755859375,393.07000732421875,393.30999755859375,529,0.0,0.0,2023-07-19
487,2023-07-19 15:02:00-04:00,393.4949951171875,393.4949951171875,393.4949951171875,393.4949951171875,327,0.0,0.0,2023-07-19
488,2023-07-19 15:05:00-04:00,393.6499938964844,393.7699890136719,393.6499938964844,393.7699890136719,618,0.0,0.0,2023-07-19
489,2023-07-19 15:09:00-04:00,394.05999755859375,394.0799865722656,393.95001220703125,393.95001220703125,1028,0.0,0.0,2023-07-19
490,2023-07-19 15:10:00-04:00,393.9200134277344,393.9200134277344,393.9200134277344,393.9200134277344,1026,0.0,0.0,2023-07-19
491,2023-07-19 15:13:00-04:00,393.8800048828125,394.29998779296875,393.8800048828125,394.1700134277344,3642,0.0,0.0,2023-07-19
492,2023-07-19 15:14:00-04:00,394.239990234375,394.239990234375,394.239990234375,394.239990234375,189,0.0,0.0,2023-07-19
493,2023-07-19 15:15:00-04:00,394.3800048828125,394.3949890136719,394.3800048828125,394.3949890136719,421,0.0,0.0,2023-07-19
494,2023-07-19 15:16:00-04:00,394.37750244140625,394.37750244140625,394.0199890136719,394.0199890136719,2201,0.0,0.0,2023-07-19
495,2023-07-19 15:18:00-04:00,393.9100036621094,394.0299987792969,393.9100036621094,394.0299987792969,2249,0.0,0.0,2023-07-19
496,2023-07-19 15:19:00-04:00,394.0299987792969,394.0299987792969,394.0299987792969,394.0299987792969,347,0.0,0.0,2023-07-19
497,2023-07-19 15:20:00-04:00,394.0299987792969,394.1600036621094,394.0299987792969,394.1600036621094,1069,0.0,0.0,2023-07-19
498,2023-07-19 15:23:00-04:00,394.5299987792969,394.5299987792969,394.510009765625,394.510009765625,337,0.0,0.0,2023-07-19
499,2023-07-19 15:24:00-04:00,394.5050048828125,394.5050048828125,394.5050048828125,394.5050048828125,173,0.0,0.0,2023-07-19
500,2023-07-19 15:25:00-04:00,394.5350036621094,394.6700134277344,394.5350036621094,394.6700134277344,681,0.0,0.0,2023-07-19
501,2023-07-19 15:26:00-04:00,394.989990234375,394.989990234375,394.989990234375,394.989990234375,519,0.0,0.0,2023-07-19
502,2023-07-19 15:27:00-04:00,395.1700134277344,395.1700134277344,395.1700134277344,395.1700134277344,561,0.0,0.0,2023-07-19
503,2023-07-19 15:28:00-04:00,395.1050109863281,395.1050109863281,395.1000061035156,395.1000061035156,1130,0.0,0.0,2023-07-19
504,2023-07-19 15:30:00-04:00,395.0299987792969,395.0299987792969,395.0299987792969,395.0299987792969,823,0.0,0.0,2023-07-19
505,2023-07-19 15:31:00-04:00,395.1499938964844,395.239990234375,395.1499938964844,395.239990234375,762,0.0,0.0,2023-07-19
506,2023-07-19 15:33:00-04:00,395.30999755859375,395.3399963378906,395.30999755859375,395.3399963378906,646,0.0,0.0,2023-07-19
507,2023-07-19 15:34:00-04:00,395.32000732421875,395.32000732421875,395.20001220703125,395.2049865722656,1323,0.0,0.0,2023-07-19
508,2023-07-19 15:35:00-04:00,395.0,395.0350036621094,394.9599914550781,395.0350036621094,1212,0.0,0.0,2023-07-19
509,2023-07-19 15:36:00-04:00,394.7900085449219,394.7900085449219,394.6400146484375,394.7449951171875,1165,0.0,0.0,2023-07-19
510,2023-07-19 15:39:00-04:00,394.5899963378906,394.8999938964844,394.5899963378906,394.8999938964844,2246,0.0,0.0,2023-07-19
511,2023-07-19 15:40:00-04:00,394.8999938964844,395.07000732421875,394.8999938964844,395.07000732421875,1136,0.0,0.0,2023-07-19
512,2023-07-19 15:42:00-04:00,395.1499938964844,395.2900085449219,395.1499938964844,395.2850036621094,1352,0.0,0.0,2023-07-19
513,2023-07-19 15:43:00-04:00,395.2699890136719,395.3999938964844,395.2699890136719,395.2799987792969,659,0.0,0.0,2023-07-19
514,2023-07-19 15:44:00-04:00,395.1300048828125,395.2099914550781,394.989990234375,395.0274963378906,1830,0.0,0.0,2023-07-19
515,2023-07-19 15:45:00-04:00,395.1499938964844,395.1499938964844,395.1499938964844,395.1499938964844,100,0.0,0.0,2023-07-19
516,2023-07-19 15:46:00-04:00,395.1700134277344,395.1700134277344,394.9800109863281,395.0400085449219,1727,0.0,0.0,2023-07-19
517,2023-07-19 15:47:00-04:00,395.1600036621094,395.5,395.1099853515625,395.5,4074,0.0,0.0,2023-07-19
518,2023-07-19 15:48:00-04:00,395.57000732421875,395.6300048828125,395.57000732421875,395.6300048828125,677,0.0,0.0,2023-07-19
519,2023-07-19 15:49:00-04:00,395.70001220703125,395.7099914550781,395.5950012207031,395.7099914550781,894,0.0,0.0,2023-07-19
520,2023-07-19 15:50:00-04:00,396.0400085449219,396.135009765625,395.6700134277344,395.6700134277344,4296,0.0,0.0,2023-07-19
521,2023-07-19 15:51:00-04:00,395.9549865722656,395.9549865722656,395.7300109863281,395.7300109863281,3806,0.0,0.0,2023-07-19
522,2023-07-19 15:52:00-04:00,395.70001220703125,395.8299865722656,395.70001220703125,395.8299865722656,2255,0.0,0.0,2023-07-19
523,2023-07-19 15:53:00-04:00,395.7900085449219,396.1300048828125,395.7900085449219,395.9800109863281,2020,0.0,0.0,2023-07-19
524,2023-07-19 15:54:00-04:00,395.9700012207031,395.989990234375,395.8299865722656,395.9200134277344,3301,0.0,0.0,2023-07-19
525,2023-07-19 15:55:00-04:00,395.8900146484375,396.41900634765625,395.69500732421875,396.3349914550781,7392,0.0,0.0,2023-07-19
526,2023-07-19 15:56:00-04:00,396.3349914550781,396.3349914550781,396.06500244140625,396.1600036621094,5168,0.0,0.0,2023-07-19
527,2023-07-19 15:57:00-04:00,396.05999755859375,396.05999755859375,395.6499938964844,395.69000244140625,8744,0.0,0.0,2023-07-19
528,2023-07-19 15:58:00-04:00,395.6400146484375,395.7300109863281,395.489990234375,395.510009765625,5497,0.0,0.0,2023-07-19
529,2023-07-19 15:59:00-04:00,395.489990234375,395.489990234375,394.6099853515625,394.7099914550781,19660,0.0,0.0,2023-07-19
530,2023-07-20 09:30:00-04:00,395.3900146484375,395.3900146484375,395.3900146484375,395.3900146484375,2700,0.0,0.0,2023-07-20
531,2023-07-20 09:31:00-04:00,395.2300109863281,395.2300109863281,395.2300109863281,395.2300109863281,257,0.0,0.0,2023-07-20
532,2023-07-20 09:35:00-04:00,394.4200134277344,394.4200134277344,394.4200134277344,394.4200134277344,360,0.0,0.0,2023-07-20
533,2023-07-20 09:38:00-04:00,396.9800109863281,396.9800109863281,396.9800109863281,396.9800109863281,109,0.0,0.0,2023-07-20
534,2023-07-20 09:39:00-04:00,396.9800109863281,396.9800109863281,396.9800109863281,396.9800109863281,111,0.0,0.0,2023-07-20
535,2023-07-20 09:40:00-04:00,396.9800109863281,396.9800109863281,396.9800109863281,396.9800109863281,463,0.0,0.0,2023-07-20
536,2023-07-20 09:44:00-04:00,395.9200134277344,395.9200134277344,395.9200134277344,395.9200134277344,260,0.0,0.0,2023-07-20
537,2023-07-20 09:48:00-04:00,396.0899963378906,396.29998779296875,396.0899963378906,396.29998779296875,602,0.0,0.0,2023-07-20
538,2023-07-20 09:49:00-04:00,395.4700012207031,395.4700012207031,395.4700012207031,395.4700012207031,288,0.0,0.0,2023-07-20
539,2023-07-20 09:51:00-04:00,394.739990234375,394.7550048828125,394.739990234375,394.7550048828125,319,0.0,0.0,2023-07-20
540,2023-07-20 09:55:00-04:00,394.3861083984375,394.3861083984375,394.3861083984375,394.3861083984375,127,0.0,0.0,2023-07-20
541,2023-07-20 09:56:00-04:00,394.6000061035156,395.54998779296875,394.6000061035156,394.6600036621094,317,0.0,0.0,2023-07-20
542,2023-07-20 09:58:00-04:00,394.55999755859375,394.55999755859375,393.6300048828125,393.6300048828125,585,0.0,0.0,2023-07-20
543,2023-07-20 10:00:00-04:00,394.6050109863281,395.82501220703125,394.6050109863281,395.3299865722656,3721,0.0,0.0,2023-07-20
544,2023-07-20 10:01:00-04:00,395.31500244140625,395.8550109863281,395.2300109863281,395.6600036621094,1120,0.0,0.0,2023-07-20
545,2023-07-20 10:02:00-04:00,395.30999755859375,395.7049865722656,395.30999755859375,395.45001220703125,1183,0.0,0.0,2023-07-20
546,2023-07-20 10:03:00-04:00,395.5050048828125,395.8999938964844,395.45001220703125,395.45001220703125,1103,0.0,0.0,2023-07-20
547,2023-07-20 10:04:00-04:00,395.32000732421875,395.8999938964844,395.32000732421875,395.8999938964844,426,0.0,0.0,2023-07-20
548,2023-07-20 10:05:00-04:00,395.6199951171875,395.6199951171875,395.6199951171875,395.6199951171875,175,0.0,0.0,2023-07-20
549,2023-07-20 10:06:00-04:00,395.4599914550781,395.4599914550781,395.4599914550781,395.4599914550781,108,0.0,0.0,2023-07-20
550,2023-07-20 10:08:00-04:00,395.3599853515625,395.8550109863281,395.3599853515625,395.79998779296875,2335,0.0,0.0,2023-07-20
551,2023-07-20 10:09:00-04:00,395.9599914550781,396.0,395.6000061035156,395.7349853515625,2476,0.0,0.0,2023-07-20
552,2023-07-20 10:10:00-04:00,396.1050109863281,396.3699951171875,396.1050109863281,396.3699951171875,416,0.0,0.0,2023-07-20
553,2023-07-20 10:11:00-04:00,396.0450134277344,396.0450134277344,395.7900085449219,395.8999938964844,789,0.0,0.0,2023-07-20
554,2023-07-20 10:13:00-04:00,396.1099853515625,396.1099853515625,396.1099853515625,396.1099853515625,126,0.0,0.0,2023-07-20
555,2023-07-20 10:15:00-04:00,396.31500244140625,396.31500244140625,395.80999755859375,396.1099853515625,1881,0.0,0.0,2023-07-20
556,2023-07-20 10:20:00-04:00,395.6099853515625,395.94000244140625,395.6099853515625,395.94000244140625,441,0.0,0.0,2023-07-20
557,2023-07-20 10:22:00-04:00,395.0899963378906,395.0899963378906,395.0199890136719,395.0199890136719,658,0.0,0.0,2023-07-20
558,2023-07-20 10:24:00-04:00,395.0799865722656,395.7300109863281,395.0799865722656,395.7300109863281,2264,0.0,0.0,2023-07-20
559,2023-07-20 10:25:00-04:00,396.0,396.1000061035156,395.7699890136719,396.1000061035156,1855,0.0,0.0,2023-07-20
560,2023-07-20 10:28:00-04:00,396.3900146484375,396.3900146484375,395.9862060546875,395.9862060546875,673,0.0,0.0,2023-07-20
561,2023-07-20 10:29:00-04:00,396.7099914550781,397.32501220703125,396.7099914550781,397.32501220703125,792,0.0,0.0,2023-07-20
562,2023-07-20 10:33:00-04:00,397.4150085449219,397.4150085449219,397.4150085449219,397.4150085449219,783,0.0,0.0,2023-07-20
563,2023-07-20 10:41:00-04:00,397.54998779296875,397.54998779296875,397.44000244140625,397.54998779296875,854,0.0,0.0,2023-07-20
564,2023-07-20 10:42:00-04:00,396.8599853515625,397.0199890136719,396.8599853515625,397.0199890136719,1226,0.0,0.0,2023-07-20
565,2023-07-20 10:49:00-04:00,397.1400146484375,397.1400146484375,397.1400146484375,397.1400146484375,1614,0.0,0.0,2023-07-20
566,2023-07-20 10:59:00-04:00,397.25,397.25,397.25,397.25,417,0.0,0.0,2023-07-20
567,2023-07-20 11:00:00-04:00,397.4800109863281,397.4800109863281,397.4800109863281,397.4800109863281,1098,0.0,0.0,2023-07-20
568,2023-07-20 11:05:00-04:00,397.8299865722656,397.8399963378906,397.8299865722656,397.8399963378906,252,0.0,0.0,2023-07-20
569,2023-07-20 11:06:00-04:00,397.7300109863281,397.7300109863281,397.7300109863281,397.7300109863281,174,0.0,0.0,2023-07-20
570,2023-07-20 11:08:00-04:00,397.6499938964844,397.6499938964844,397.4800109863281,397.6499938964844,978,0.0,0.0,2023-07-20
571,2023-07-20 11:15:00-04:00,396.44000244140625,396.44000244140625,396.42999267578125,396.42999267578125,305,0.0,0.0,2023-07-20
572,2023-07-20 11:16:00-04:00,396.1199951171875,396.1199951171875,396.1199951171875,396.1199951171875,151,0.0,0.0,2023-07-20
573,2023-07-20 11:17:00-04:00,396.1000061035156,396.1000061035156,396.1000061035156,396.1000061035156,284,0.0,0.0,2023-07-20
574,2023-07-20 11:18:00-04:00,395.7850036621094,395.7850036621094,395.7799987792969,395.7799987792969,206,0.0,0.0,2023-07-20
575,2023-07-20 11:19:00-04:00,395.489990234375,395.489990234375,395.489990234375,395.489990234375,445,0.0,0.0,2023-07-20
576,2023-07-20 11:25:00-04:00,395.7099914550781,395.7099914550781,395.7099914550781,395.7099914550781,384,0.0,0.0,2023-07-20
577,2023-07-20 11:26:00-04:00,395.9800109863281,396.18560791015625,395.9800109863281,396.18560791015625,673,0.0,0.0,2023-07-20
578,2023-07-20 11:31:00-04:00,396.2250061035156,396.2250061035156,396.2250061035156,396.2250061035156,574,0.0,0.0,2023-07-20
579,2023-07-20 11:34:00-04:00,396.0799865722656,396.31890869140625,396.0799865722656,396.1199951171875,805,0.0,0.0,2023-07-20
580,2023-07-20 11:35:00-04:00,396.125,396.364990234375,396.1099853515625,396.1099853515625,427,0.0,0.0,2023-07-20
581,2023-07-20 11:38:00-04:00,396.0450134277344,396.0450134277344,396.0450134277344,396.0450134277344,136,0.0,0.0,2023-07-20
582,2023-07-20 11:39:00-04:00,396.0450134277344,396.0450134277344,396.0450134277344,396.0450134277344,285,0.0,0.0,2023-07-20
583,2023-07-20 11:40:00-04:00,396.2449951171875,396.54998779296875,396.2449951171875,396.54998779296875,884,0.0,0.0,2023-07-20
584,2023-07-20 11:41:00-04:00,396.29998779296875,396.385986328125,396.1700134277344,396.1700134277344,1125,0.0,0.0,2023-07-20
585,2023-07-20 11:43:00-04:00,395.9800109863281,395.9800109863281,395.9800109863281,395.9800109863281,160,0.0,0.0,2023-07-20
586,2023-07-20 11:45:00-04:00,395.7650146484375,395.7650146484375,395.7650146484375,395.7650146484375,353,0.0,0.0,2023-07-20
587,2023-07-20 11:46:00-04:00,395.6050109863281,395.6050109863281,395.6050109863281,395.6050109863281,317,0.0,0.0,2023-07-20
588,2023-07-20 11:49:00-04:00,395.7650146484375,395.7650146484375,395.7650146484375,395.7650146484375,281,0.0,0.0,2023-07-20
589,2023-07-20 11:50:00-04:00,395.8699951171875,395.8699951171875,395.8699951171875,395.8699951171875,341,0.0,0.0,2023-07-20
590,2023-07-20 11:51:00-04:00,396.1600036621094,396.1700134277344,396.1600036621094,396.1700134277344,359,0.0,0.0,2023-07-20
591,2023-07-20 11:52:00-04:00,396.2699890136719,396.2699890136719,396.0799865722656,396.0799865722656,936,0.0,0.0,2023-07-20
592,2023-07-20 11:53:00-04:00,395.9100036621094,395.9100036621094,395.7900085449219,395.7900085449219,408,0.0,0.0,2023-07-20
593,2023-07-20 11:57:00-04:00,395.5150146484375,395.5249938964844,395.45001220703125,395.5249938964844,911,0.0,0.0,2023-07-20
594,2023-07-20 12:00:00-04:00,395.7300109863281,395.8999938964844,395.7300109863281,395.80999755859375,736,0.0,0.0,2023-07-20
595,2023-07-20 12:02:00-04:00,395.8900146484375,396.04998779296875,395.8900146484375,395.93499755859375,743,0.0,0.0,2023-07-20
596,2023-07-20 12:03:00-04:00,396.19000244140625,396.19000244140625,396.19000244140625,396.19000244140625,807,0.0,0.0,2023-07-20
597,2023-07-20 12:07:00-04:00,396.3550109863281,396.3550109863281,396.3550109863281,396.3550109863281,830,0.0,0.0,2023-07-20
598,2023-07-20 12:10:00-04:00,397.0899963378906,397.0899963378906,397.0899963378906,397.0899963378906,946,0.0,0.0,2023-07-20
599,2023-07-20 12:30:00-04:00,397.2300109863281,397.44000244140625,397.1700134277344,397.2200012207031,1373,0.0,0.0,2023-07-20
600,2023-07-20 12:31:00-04:00,396.8800048828125,396.8800048828125,396.8399963378906,396.8399963378906,332,0.0,0.0,2023-07-20
601,2023-07-20 12:39:00-04:00,396.07000732421875,396.1400146484375,396.05999755859375,396.1400146484375,1114,0.0,0.0,2023-07-20
602,2023-07-20 12:47:00-04:00,396.57000732421875,396.6199951171875,396.3800048828125,396.42999267578125,1011,0.0,0.0,2023-07-20
603,2023-07-20 12:48:00-04:00,396.3949890136719,396.3949890136719,396.3949890136719,396.3949890136719,416,0.0,0.0,2023-07-20
604,2023-07-20 12:49:00-04:00,396.6499938964844,396.70001220703125,396.6499938964844,396.70001220703125,712,0.0,0.0,2023-07-20
605,2023-07-20 12:53:00-04:00,396.0,396.0,396.0,396.0,431,0.0,0.0,2023-07-20
606,2023-07-20 12:59:00-04:00,395.6700134277344,395.7799987792969,395.625,395.625,1736,0.0,0.0,2023-07-20
607,2023-07-20 13:00:00-04:00,395.6650085449219,395.6650085449219,395.6650085449219,395.6650085449219,103,0.0,0.0,2023-07-20
608,2023-07-20 13:01:00-04:00,395.55499267578125,395.55499267578125,395.19000244140625,395.19000244140625,215,0.0,0.0,2023-07-20
609,2023-07-20 13:02:00-04:00,395.55499267578125,395.55499267578125,395.55499267578125,395.55499267578125,257,0.0,0.0,2023-07-20
610,2023-07-20 13:04:00-04:00,395.3800048828125,395.63751220703125,395.3800048828125,395.63751220703125,269,0.0,0.0,2023-07-20
611,2023-07-20 13:08:00-04:00,395.44500732421875,395.82000732421875,395.44500732421875,395.82000732421875,579,0.0,0.0,2023-07-20
612,2023-07-20 13:10:00-04:00,395.75,395.75,395.75,395.75,263,0.0,0.0,2023-07-20
613,2023-07-20 13:18:00-04:00,395.760009765625,395.760009765625,395.760009765625,395.760009765625,312,0.0,0.0,2023-07-20
614,2023-07-20 13:21:00-04:00,396.1199951171875,396.2900085449219,396.1199951171875,396.2900085449219,299,0.0,0.0,2023-07-20
615,2023-07-20 13:23:00-04:00,396.42498779296875,396.42498779296875,396.42498779296875,396.42498779296875,354,0.0,0.0,2023-07-20
616,2023-07-20 13:29:00-04:00,396.44000244140625,396.44000244140625,396.44000244140625,396.44000244140625,182,0.0,0.0,2023-07-20
617,2023-07-20 13:30:00-04:00,396.5450134277344,396.7099914550781,396.5450134277344,396.6099853515625,1567,0.0,0.0,2023-07-20
618,2023-07-20 13:33:00-04:00,396.7099914550781,396.7099914550781,396.7099914550781,396.7099914550781,401,0.0,0.0,2023-07-20
619,2023-07-20 13:36:00-04:00,396.6499938964844,396.69000244140625,396.6000061035156,396.6000061035156,1984,0.0,0.0,2023-07-20
620,2023-07-20 13:40:00-04:00,396.44000244140625,396.44000244140625,396.44000244140625,396.44000244140625,856,0.0,0.0,2023-07-20
621,2023-07-20 13:45:00-04:00,396.5400085449219,396.5400085449219,396.5400085449219,396.5400085449219,271,0.0,0.0,2023-07-20
622,2023-07-20 13:46:00-04:00,396.5899963378906,396.5899963378906,396.5899963378906,396.5899963378906,236,0.0,0.0,2023-07-20
623,2023-07-20 13:47:00-04:00,396.3999938964844,396.3999938964844,396.3999938964844,396.3999938964844,453,0.0,0.0,2023-07-20
624,2023-07-20 13:52:00-04:00,396.1600036621094,396.1600036621094,396.1600036621094,396.1600036621094,453,0.0,0.0,2023-07-20
625,2023-07-20 13:55:00-04:00,395.8999938964844,395.8999938964844,395.8999938964844,395.8999938964844,211,0.0,0.0,2023-07-20
626,2023-07-20 13:56:00-04:00,395.3485107421875,395.5400085449219,395.3485107421875,395.5400085449219,597,0.0,0.0,2023-07-20
627,2023-07-20 13:58:00-04:00,395.9200134277344,396.05999755859375,395.9200134277344,396.05999755859375,868,0.0,0.0,2023-07-20
628,2023-07-20 13:59:00-04:00,395.8699951171875,395.9100036621094,395.8500061035156,395.9100036621094,504,0.0,0.0,2023-07-20
629,2023-07-20 14:00:00-04:00,395.7099914550781,395.7099914550781,395.7099914550781,395.7099914550781,408,0.0,0.0,2023-07-20
630,2023-07-20 14:07:00-04:00,395.760009765625,395.8699951171875,395.760009765625,395.8699951171875,891,0.0,0.0,2023-07-20
631,2023-07-20 14:17:00-04:00,395.9700012207031,396.07000732421875,395.9700012207031,396.07000732421875,390,0.0,0.0,2023-07-20
632,2023-07-20 14:19:00-04:00,395.8699951171875,395.8699951171875,395.8699951171875,395.8699951171875,104,0.0,0.0,2023-07-20
633,2023-07-20 14:21:00-04:00,395.9100036621094,395.9100036621094,395.9100036621094,395.9100036621094,217,0.0,0.0,2023-07-20
634,2023-07-20 14:25:00-04:00,395.67999267578125,395.67999267578125,395.5299987792969,395.67999267578125,622,0.0,0.0,2023-07-20
635,2023-07-20 14:27:00-04:00,395.3800048828125,395.3800048828125,395.3800048828125,395.3800048828125,289,0.0,0.0,2023-07-20
636,2023-07-20 14:28:00-04:00,395.19000244140625,395.2950134277344,394.8699951171875,394.92999267578125,5914,0.0,0.0,2023-07-20
637,2023-07-20 14:29:00-04:00,394.9150085449219,394.9150085449219,394.9150085449219,394.9150085449219,255,0.0,0.0,2023-07-20
638,2023-07-20 14:30:00-04:00,394.3800048828125,394.510009765625,394.239990234375,394.2699890136719,1965,0.0,0.0,2023-07-20
639,2023-07-20 14:31:00-04:00,394.6099853515625,394.6099853515625,394.2699890136719,394.3128967285156,1230,0.0,0.0,2023-07-20
640,2023-07-20 14:33:00-04:00,394.7200012207031,394.8900146484375,394.7200012207031,394.8900146484375,1329,0.0,0.0,2023-07-20
641,2023-07-20 14:37:00-04:00,394.885009765625,394.885009765625,394.885009765625,394.885009765625,129,0.0,0.0,2023-07-20
642,2023-07-20 14:38:00-04:00,394.9800109863281,394.9800109863281,394.8900146484375,394.8900146484375,660,0.0,0.0,2023-07-20
643,2023-07-20 14:45:00-04:00,394.75,395.0450134277344,394.75,395.0450134277344,525,0.0,0.0,2023-07-20
644,2023-07-20 14:46:00-04:00,394.9200134277344,394.9200134277344,394.510009765625,394.8634948730469,1388,0.0,0.0,2023-07-20
645,2023-07-20 14:47:00-04:00,394.4750061035156,394.4750061035156,394.4750061035156,394.4750061035156,487,0.0,0.0,2023-07-20
646,2023-07-20 14:50:00-04:00,394.0799865722656,394.0799865722656,394.0,394.0,1362,0.0,0.0,2023-07-20
647,2023-07-20 14:54:00-04:00,394.0899963378906,394.2699890136719,394.0899963378906,394.2699890136719,776,0.0,0.0,2023-07-20
648,2023-07-20 14:56:00-04:00,394.010009765625,394.010009765625,394.010009765625,394.010009765625,355,0.0,0.0,2023-07-20
649,2023-07-20 14:57:00-04:00,394.57000732421875,394.57000732421875,394.50250244140625,394.50250244140625,457,0.0,0.0,2023-07-20
650,2023-07-20 14:58:00-04:00,394.3299865722656,394.3299865722656,394.260009765625,394.260009765625,1172,0.0,0.0,2023-07-20
651,2023-07-20 14:59:00-04:00,394.6700134277344,394.6700134277344,394.6700134277344,394.6700134277344,713,0.0,0.0,2023-07-20
652,2023-07-20 15:01:00-04:00,394.94000244140625,394.94000244140625,394.94000244140625,394.94000244140625,581,0.0,0.0,2023-07-20
653,2023-07-20 15:03:00-04:00,395.2099914550781,395.2200012207031,394.760009765625,394.7699890136719,2490,0.0,0.0,2023-07-20
654,2023-07-20 15:07:00-04:00,394.8900146484375,394.8900146484375,394.8900146484375,394.8900146484375,177,0.0,0.0,2023-07-20
655,2023-07-20 15:08:00-04:00,394.57000732421875,394.57000732421875,394.57000732421875,394.57000732421875,219,0.0,0.0,2023-07-20
656,2023-07-20 15:09:00-04:00,394.739990234375,394.739990234375,394.739990234375,394.739990234375,152,0.0,0.0,2023-07-20
657,2023-07-20 15:10:00-04:00,395.1700134277344,395.1700134277344,394.55999755859375,394.55999755859375,1091,0.0,0.0,2023-07-20
658,2023-07-20 15:11:00-04:00,394.739990234375,394.739990234375,394.739990234375,394.739990234375,182,0.0,0.0,2023-07-20
659,2023-07-20 15:12:00-04:00,394.760009765625,394.9849853515625,394.760009765625,394.9849853515625,476,0.0,0.0,2023-07-20
660,2023-07-20 15:13:00-04:00,395.05499267578125,395.05499267578125,394.4800109863281,394.4800109863281,1649,0.0,0.0,2023-07-20
661,2023-07-20 15:17:00-04:00,394.2300109863281,394.2300109863281,394.1099853515625,394.1099853515625,446,0.0,0.0,2023-07-20
662,2023-07-20 15:18:00-04:00,394.0299987792969,394.0299987792969,394.0299987792969,394.0299987792969,1134,0.0,0.0,2023-07-20
663,2023-07-20 15:26:00-04:00,393.8500061035156,393.8500061035156,393.8500061035156,393.8500061035156,236,0.0,0.0,2023-07-20
664,2023-07-20 15:27:00-04:00,394.1199951171875,394.1499938964844,394.1199951171875,394.1499938964844,487,0.0,0.0,2023-07-20
665,2023-07-20 15:28:00-04:00,394.010009765625,394.010009765625,394.010009765625,394.010009765625,264,0.0,0.0,2023-07-20
666,2023-07-20 15:30:00-04:00,394.2699890136719,394.2699890136719,394.2699890136719,394.2699890136719,481,0.0,0.0,2023-07-20
667,2023-07-20 15:32:00-04:00,394.4200134277344,394.4200134277344,394.4200134277344,394.4200134277344,226,0.0,0.0,2023-07-20
668,2023-07-20 15:33:00-04:00,393.95001220703125,393.95001220703125,393.95001220703125,393.95001220703125,835,0.0,0.0,2023-07-20
669,2023-07-20 15:34:00-04:00,393.8900146484375,393.989990234375,393.8500061035156,393.8500061035156,567,0.0,0.0,2023-07-20
670,2023-07-20 15:35:00-04:00,393.8349914550781,393.8349914550781,393.8299865722656,393.8299865722656,358,0.0,0.0,2023-07-20
671,2023-07-20 15:36:00-04:00,393.7200012207031,393.7200012207031,393.3699951171875,393.44000244140625,1429,0.0,0.0,2023-07-20
672,2023-07-20 15:37:00-04:00,393.05999755859375,393.05999755859375,393.05999755859375,393.05999755859375,184,0.0,0.0,2023-07-20
673,2023-07-20 15:38:00-04:00,393.30999755859375,393.30999755859375,393.30999755859375,393.30999755859375,434,0.0,0.0,2023-07-20
674,2023-07-20 15:41:00-04:00,393.1600036621094,393.1600036621094,393.1600036621094,393.1600036621094,646,0.0,0.0,2023-07-20
675,2023-07-20 15:43:00-04:00,393.1400146484375,393.1400146484375,393.1099853515625,393.1099853515625,985,0.0,0.0,2023-07-20
676,2023-07-20 15:44:00-04:00,392.94000244140625,392.95001220703125,392.94000244140625,392.95001220703125,390,0.0,0.0,2023-07-20
677,2023-07-20 15:45:00-04:00,392.94500732421875,393.1199951171875,392.94500732421875,393.1199951171875,485,0.0,0.0,2023-07-20
678,2023-07-20 15:46:00-04:00,393.1300048828125,393.1300048828125,392.7200012207031,392.7200012207031,3651,0.0,0.0,2023-07-20
679,2023-07-20 15:47:00-04:00,392.6000061035156,392.635009765625,391.989990234375,391.989990234375,6824,0.0,0.0,2023-07-20
680,2023-07-20 15:48:00-04:00,392.1600036621094,392.1700134277344,391.9800109863281,392.1099853515625,7149,0.0,0.0,2023-07-20
681,2023-07-20 15:49:00-04:00,392.2099914550781,392.8299865722656,392.2099914550781,392.8299865722656,1385,0.0,0.0,2023-07-20
682,2023-07-20 15:50:00-04:00,392.92999267578125,393.30999755859375,392.92999267578125,393.1400146484375,891,0.0,0.0,2023-07-20
683,2023-07-20 15:51:00-04:00,392.92498779296875,393.07501220703125,392.2449951171875,392.30999755859375,4320,0.0,0.0,2023-07-20
684,2023-07-20 15:52:00-04:00,392.239990234375,392.239990234375,391.9700012207031,392.19000244140625,3883,0.0,0.0,2023-07-20
685,2023-07-20 15:53:00-04:00,392.17999267578125,392.3599853515625,392.1000061035156,392.25,3036,0.0,0.0,2023-07-20
686,2023-07-20 15:54:00-04:00,392.1000061035156,392.1000061035156,391.42999267578125,391.42999267578125,4994,0.0,0.0,2023-07-20
687,2023-07-20 15:55:00-04:00,391.4200134277344,391.6099853515625,391.25,391.4599914550781,4077,0.0,0.0,2023-07-20
688,2023-07-20 15:56:00-04:00,391.4800109863281,391.92498779296875,391.3550109863281,391.8999938964844,7651,0.0,0.0,2023-07-20
689,2023-07-20 15:57:00-04:00,391.7650146484375,391.885009765625,391.3399963378906,391.3399963378906,3826,0.0,0.0,2023-07-20
690,2023-07-20 15:58:00-04:00,391.6499938964844,392.2200012207031,391.625,392.1650085449219,7274,0.0,0.0,2023-07-20
691,2023-07-20 15:59:00-04:00,392.07000732421875,392.32000732421875,391.6099853515625,391.8500061035156,8184,0.0,0.0,2023-07-20
692,2023-07-21 09:30:00-04:00,391.8599853515625,391.8599853515625,391.8599853515625,391.8599853515625,6730,0.0,0.0,2023-07-21
693,2023-07-21 09:32:00-04:00,391.3500061035156,391.3500061035156,391.3500061035156,391.3500061035156,110,0.0,0.0,2023-07-21
694,2023-07-21 09:33:00-04:00,390.9599914550781,390.9599914550781,390.9599914550781,390.9599914550781,682,0.0,0.0,2023-07-21
695,2023-07-21 09:35:00-04:00,391.0899963378906,391.3299865722656,391.0899963378906,391.3299865722656,336,0.0,0.0,2023-07-21
696,2023-07-21 09:36:00-04:00,389.32000732421875,389.32000732421875,389.32000732421875,389.32000732421875,117,0.0,0.0,2023-07-21
697,2023-07-21 09:37:00-04:00,389.5,389.54998779296875,389.5,389.54998779296875,501,0.0,0.0,2023-07-21
698,2023-07-21 09:38:00-04:00,390.3699951171875,390.3699951171875,390.32000732421875,390.32000732421875,440,0.0,0.0,2023-07-21
699,2023-07-21 09:39:00-04:00,390.3500061035156,390.9800109863281,390.3450012207031,390.9800109863281,1434,0.0,0.0,2023-07-21
700,2023-07-21 09:40:00-04:00,390.07000732421875,390.07000732421875,390.07000732421875,390.07000732421875,256,0.0,0.0,2023-07-21
701,2023-07-21 09:41:00-04:00,390.3299865722656,391.32000732421875,390.3299865722656,390.6700134277344,2136,0.0,0.0,2023-07-21
702,2023-07-21 09:43:00-04:00,391.07501220703125,391.07501220703125,391.07000732421875,391.07000732421875,417,0.0,0.0,2023-07-21
703,2023-07-21 09:44:00-04:00,391.0799865722656,391.3299865722656,391.0799865722656,391.3299865722656,314,0.0,0.0,2023-07-21
704,2023-07-21 09:45:00-04:00,391.0899963378906,391.0899963378906,390.8699951171875,390.8699951171875,1248,0.0,0.0,2023-07-21
705,2023-07-21 09:48:00-04:00,391.20001220703125,391.20001220703125,391.20001220703125,391.20001220703125,216,0.0,0.0,2023-07-21
706,2023-07-21 09:50:00-04:00,392.6050109863281,392.6050109863281,391.8909912109375,391.8909912109375,488,0.0,0.0,2023-07-21
707,2023-07-21 09:52:00-04:00,391.94000244140625,391.94000244140625,391.6099853515625,391.7300109863281,875,0.0,0.0,2023-07-21
708,2023-07-21 09:53:00-04:00,391.82000732421875,391.82000732421875,391.82000732421875,391.82000732421875,2469,0.0,0.0,2023-07-21
709,2023-07-21 09:55:00-04:00,391.4700012207031,391.4700012207031,391.4700012207031,391.4700012207031,173,0.0,0.0,2023-07-21
710,2023-07-21 09:56:00-04:00,391.4700012207031,391.4700012207031,391.4700012207031,391.4700012207031,408,0.0,0.0,2023-07-21
711,2023-07-21 09:59:00-04:00,391.1000061035156,391.1000061035156,391.1000061035156,391.1000061035156,771,0.0,0.0,2023-07-21
712,2023-07-21 10:03:00-04:00,390.6700134277344,390.79998779296875,390.6600036621094,390.79998779296875,542,0.0,0.0,2023-07-21
713,2023-07-21 10:05:00-04:00,391.0249938964844,391.125,390.9200134277344,390.9200134277344,548,0.0,0.0,2023-07-21
714,2023-07-21 10:06:00-04:00,390.7699890136719,390.80999755859375,390.7699890136719,390.80999755859375,380,0.0,0.0,2023-07-21
715,2023-07-21 10:10:00-04:00,391.239990234375,391.239990234375,390.989990234375,391.0,1626,0.0,0.0,2023-07-21
716,2023-07-21 10:11:00-04:00,391.0400085449219,391.0400085449219,391.0400085449219,391.0400085449219,251,0.0,0.0,2023-07-21
717,2023-07-21 10:12:00-04:00,391.05499267578125,391.6700134277344,391.05499267578125,391.6700134277344,5464,0.0,0.0,2023-07-21
718,2023-07-21 10:13:00-04:00,392.0199890136719,392.0199890136719,392.0199890136719,392.0199890136719,231,0.0,0.0,2023-07-21
719,2023-07-21 10:14:00-04:00,392.1499938964844,392.1499938964844,391.6400146484375,391.7300109863281,3825,0.0,0.0,2023-07-21
720,2023-07-21 10:15:00-04:00,391.739990234375,391.739990234375,391.44000244140625,391.44000244140625,1007,0.0,0.0,2023-07-21
721,2023-07-21 10:16:00-04:00,391.1000061035156,391.1000061035156,391.1000061035156,391.1000061035156,662,0.0,0.0,2023-07-21
722,2023-07-21 10:19:00-04:00,390.9599914550781,390.9599914550781,390.82000732421875,390.82000732421875,478,0.0,0.0,2023-07-21
723,2023-07-21 10:20:00-04:00,391.1499938964844,391.42999267578125,391.1499938964844,391.42999267578125,843,0.0,0.0,2023-07-21
724,2023-07-21 10:22:00-04:00,391.3800048828125,391.3800048828125,391.3800048828125,391.3800048828125,127,0.0,0.0,2023-07-21
725,2023-07-21 10:23:00-04:00,391.3999938964844,391.3999938964844,391.3999938964844,391.3999938964844,471,0.0,0.0,2023-07-21
726,2023-07-21 10:28:00-04:00,391.42999267578125,391.42999267578125,391.42999267578125,391.42999267578125,195,0.0,0.0,2023-07-21
727,2023-07-21 10:29:00-04:00,391.760009765625,391.760009765625,391.760009765625,391.760009765625,286,0.0,0.0,2023-07-21
728,2023-07-21 10:30:00-04:00,391.3999938964844,391.3999938964844,391.3999938964844,391.3999938964844,464,0.0,0.0,2023-07-21
729,2023-07-21 10:33:00-04:00,391.7850036621094,391.7850036621094,391.7850036621094,391.7850036621094,267,0.0,0.0,2023-07-21
730,2023-07-21 10:35:00-04:00,391.55999755859375,391.55999755859375,391.239990234375,391.44500732421875,1051,0.0,0.0,2023-07-21
731,2023-07-21 10:36:00-04:00,391.80999755859375,391.8450012207031,390.92999267578125,390.92999267578125,3726,0.0,0.0,2023-07-21
732,2023-07-21 10:37:00-04:00,391.1499938964844,391.31500244140625,391.1400146484375,391.1400146484375,1195,0.0,0.0,2023-07-21
733,2023-07-21 10:38:00-04:00,391.19500732421875,391.19500732421875,391.19500732421875,391.19500732421875,527,0.0,0.0,2023-07-21
734,2023-07-21 10:42:00-04:00,391.2300109863281,391.2300109863281,391.2300109863281,391.2300109863281,506,0.0,0.0,2023-07-21
735,2023-07-21 10:43:00-04:00,391.20001220703125,391.20001220703125,391.20001220703125,391.20001220703125,141,0.0,0.0,2023-07-21
736,2023-07-21 10:45:00-04:00,391.19000244140625,391.19000244140625,391.07000732421875,391.07000732421875,688,0.0,0.0,2023-07-21
737,2023-07-21 10:47:00-04:00,390.93499755859375,390.93499755859375,390.92999267578125,390.92999267578125,349,0.0,0.0,2023-07-21
738,2023-07-21 10:48:00-04:00,391.20001220703125,391.30999755859375,391.20001220703125,391.30999755859375,383,0.0,0.0,2023-07-21
739,2023-07-21 10:49:00-04:00,391.0899963378906,391.0899963378906,390.9800109863281,391.0050048828125,745,0.0,0.0,2023-07-21
740,2023-07-21 10:50:00-04:00,390.8599853515625,390.8599853515625,390.8599853515625,390.8599853515625,550,0.0,0.0,2023-07-21
741,2023-07-21 10:51:00-04:00,390.4599914550781,390.5799865722656,390.4599914550781,390.5799865722656,710,0.0,0.0,2023-07-21
742,2023-07-21 10:53:00-04:00,390.8500061035156,390.8500061035156,390.54998779296875,390.54998779296875,421,0.0,0.0,2023-07-21
743,2023-07-21 10:56:00-04:00,390.9100036621094,390.9100036621094,390.9100036621094,390.9100036621094,310,0.0,0.0,2023-07-21
744,2023-07-21 10:57:00-04:00,390.6499938964844,390.6650085449219,390.6499938964844,390.6650085449219,296,0.0,0.0,2023-07-21
745,2023-07-21 10:58:00-04:00,390.7699890136719,390.7699890136719,390.7699890136719,390.7699890136719,110,0.0,0.0,2023-07-21
746,2023-07-21 10:59:00-04:00,390.8800048828125,390.8800048828125,390.7449951171875,390.7449951171875,650,0.0,0.0,2023-07-21
747,2023-07-21 11:00:00-04:00,390.6400146484375,390.7200012207031,390.5899963378906,390.635009765625,639,0.0,0.0,2023-07-21
748,2023-07-21 11:01:00-04:00,390.739990234375,390.95001220703125,390.7149963378906,390.8599853515625,1850,0.0,0.0,2023-07-21
749,2023-07-21 11:05:00-04:00,390.7749938964844,390.7749938964844,390.7749938964844,390.7749938964844,536,0.0,0.0,2023-07-21
750,2023-07-21 11:06:00-04:00,391.1600036621094,391.1600036621094,390.8800048828125,390.8800048828125,1081,0.0,0.0,2023-07-21
751,2023-07-21 11:07:00-04:00,390.79998779296875,390.79998779296875,390.79998779296875,390.79998779296875,688,0.0,0.0,2023-07-21
752,2023-07-21 11:14:00-04:00,390.9100036621094,390.9100036621094,390.9100036621094,390.9100036621094,345,0.0,0.0,2023-07-21
753,2023-07-21 11:15:00-04:00,390.864990234375,390.864990234375,390.864990234375,390.864990234375,167,0.0,0.0,2023-07-21
754,2023-07-21 11:16:00-04:00,390.8500061035156,390.8599853515625,390.5799865722656,390.5799865722656,1843,0.0,0.0,2023-07-21
755,2023-07-21 11:17:00-04:00,390.8500061035156,390.8500061035156,390.67999267578125,390.7900085449219,1440,0.0,0.0,2023-07-21
756,2023-07-21 11:20:00-04:00,390.8999938964844,390.8999938964844,390.8999938964844,390.8999938964844,541,0.0,0.0,2023-07-21
757,2023-07-21 11:22:00-04:00,390.82000732421875,390.82000732421875,390.69000244140625,390.69000244140625,446,0.0,0.0,2023-07-21
758,2023-07-21 11:23:00-04:00,390.8800048828125,390.8800048828125,390.8800048828125,390.8800048828125,227,0.0,0.0,2023-07-21
759,2023-07-21 11:25:00-04:00,390.42999267578125,390.42999267578125,390.42999267578125,390.42999267578125,283,0.0,0.0,2023-07-21
760,2023-07-21 11:29:00-04:00,390.5199890136719,390.6700134277344,390.5199890136719,390.6700134277344,998,0.0,0.0,2023-07-21
761,2023-07-21 11:30:00-04:00,390.5899963378906,390.5899963378906,390.5899963378906,390.5899963378906,234,0.0,0.0,2023-07-21
762,2023-07-21 11:31:00-04:00,390.57000732421875,390.80999755859375,390.57000732421875,390.7900085449219,950,0.0,0.0,2023-07-21
763,2023-07-21 11:32:00-04:00,390.69000244140625,390.80999755859375,390.69000244140625,390.80999755859375,232,0.0,0.0,2023-07-21
764,2023-07-21 11:33:00-04:00,390.7799987792969,390.7799987792969,390.7699890136719,390.7699890136719,263,0.0,0.0,2023-07-21
765,2023-07-21 11:34:00-04:00,390.7749938964844,390.7749938964844,390.7749938964844,390.7749938964844,246,0.0,0.0,2023-07-21
766,2023-07-21 11:36:00-04:00,390.5899963378906,390.5950012207031,390.5899963378906,390.5950012207031,265,0.0,0.0,2023-07-21
767,2023-07-21 11:37:00-04:00,390.5950012207031,390.6050109863281,390.5950012207031,390.6050109863281,297,0.0,0.0,2023-07-21
768,2023-07-21 11:38:00-04:00,390.7300109863281,390.9100036621094,390.7200012207031,390.739990234375,1447,0.0,0.0,2023-07-21
769,2023-07-21 11:39:00-04:00,391.0,391.0,391.0,391.0,262,0.0,0.0,2023-07-21
770,2023-07-21 11:42:00-04:00,390.7349853515625,390.7699890136719,390.6400146484375,390.7699890136719,683,0.0,0.0,2023-07-21
771,2023-07-21 11:43:00-04:00,390.7650146484375,390.7650146484375,390.7650146484375,390.7650146484375,241,0.0,0.0,2023-07-21
772,2023-07-21 11:44:00-04:00,390.6099853515625,390.6099853515625,390.6099853515625,390.6099853515625,491,0.0,0.0,2023-07-21
773,2023-07-21 11:46:00-04:00,390.8500061035156,391.07000732421875,390.8399963378906,391.07000732421875,1422,0.0,0.0,2023-07-21
774,2023-07-21 11:50:00-04:00,390.79998779296875,390.79998779296875,390.6549987792969,390.6549987792969,813,0.0,0.0,2023-07-21
775,2023-07-21 11:51:00-04:00,390.5400085449219,390.55999755859375,390.5400085449219,390.55999755859375,399,0.0,0.0,2023-07-21
776,2023-07-21 11:54:00-04:00,390.3800048828125,390.3800048828125,390.3800048828125,390.3800048828125,163,0.0,0.0,2023-07-21
777,2023-07-21 11:56:00-04:00,390.17999267578125,390.17999267578125,390.17999267578125,390.17999267578125,754,0.0,0.0,2023-07-21
778,2023-07-21 11:58:00-04:00,390.3349914550781,390.3349914550781,390.3349914550781,390.3349914550781,212,0.0,0.0,2023-07-21
779,2023-07-21 11:59:00-04:00,390.44000244140625,390.6300048828125,390.44000244140625,390.510009765625,806,0.0,0.0,2023-07-21
780,2023-07-21 12:00:00-04:00,390.57000732421875,390.57000732421875,390.1400146484375,390.1400146484375,1803,0.0,0.0,2023-07-21
781,2023-07-21 12:01:00-04:00,390.07501220703125,390.07501220703125,390.07501220703125,390.07501220703125,127,0.0,0.0,2023-07-21
782,2023-07-21 12:02:00-04:00,390.0950012207031,390.0950012207031,390.0950012207031,390.0950012207031,231,0.0,0.0,2023-07-21
783,2023-07-21 12:03:00-04:00,390.0199890136719,390.2799987792969,390.0199890136719,390.2200012207031,659,0.0,0.0,2023-07-21
784,2023-07-21 12:06:00-04:00,390.3800048828125,390.3800048828125,390.3800048828125,390.3800048828125,316,0.0,0.0,2023-07-21
785,2023-07-21 12:08:00-04:00,390.4700012207031,390.4700012207031,390.3699951171875,390.3699951171875,590,0.0,0.0,2023-07-21
786,2023-07-21 12:11:00-04:00,390.57000732421875,390.57000732421875,390.57000732421875,390.57000732421875,110,0.0,0.0,2023-07-21
787,2023-07-21 12:12:00-04:00,390.5899963378906,390.5899963378906,390.5899963378906,390.5899963378906,378,0.0,0.0,2023-07-21
788,2023-07-21 12:14:00-04:00,390.260009765625,390.260009765625,390.260009765625,390.260009765625,337,0.0,0.0,2023-07-21
789,2023-07-21 12:19:00-04:00,390.4508972167969,390.4508972167969,390.4508972167969,390.4508972167969,832,0.0,0.0,2023-07-21
790,2023-07-21 12:20:00-04:00,390.2699890136719,390.2699890136719,390.2699890136719,390.2699890136719,621,0.0,0.0,2023-07-21
791,2023-07-21 12:22:00-04:00,390.4949951171875,390.6000061035156,390.4949951171875,390.6000061035156,1094,0.0,0.0,2023-07-21
792,2023-07-21 12:25:00-04:00,390.0899963378906,390.0899963378906,390.0799865722656,390.0799865722656,940,0.0,0.0,2023-07-21
793,2023-07-21 12:33:00-04:00,390.0400085449219,390.0400085449219,390.0400085449219,390.0400085449219,544,0.0,0.0,2023-07-21
794,2023-07-21 12:38:00-04:00,389.6700134277344,389.6700134277344,389.6700134277344,389.6700134277344,136,0.0,0.0,2023-07-21
795,2023-07-21 12:39:00-04:00,389.67999267578125,389.8699951171875,389.67999267578125,389.7799987792969,1927,0.0,0.0,2023-07-21
796,2023-07-21 12:46:00-04:00,389.30999755859375,389.30999755859375,389.20001220703125,389.2200012207031,488,0.0,0.0,2023-07-21
797,2023-07-21 12:50:00-04:00,389.04998779296875,389.04998779296875,389.04998779296875,389.04998779296875,171,0.0,0.0,2023-07-21
798,2023-07-21 12:57:00-04:00,389.0899963378906,389.125,389.072509765625,389.125,698,0.0,0.0,2023-07-21
799,2023-07-21 13:05:00-04:00,389.135009765625,389.135009765625,389.135009765625,389.135009765625,135,0.0,0.0,2023-07-21
800,2023-07-21 13:06:00-04:00,389.1300048828125,389.1300048828125,389.1300048828125,389.1300048828125,271,0.0,0.0,2023-07-21
801,2023-07-21 13:07:00-04:00,389.3399963378906,389.4100036621094,389.1400146484375,389.4100036621094,1276,0.0,0.0,2023-07-21
802,2023-07-21 13:08:00-04:00,389.6000061035156,389.6000061035156,389.5199890136719,389.5199890136719,706,0.0,0.0,2023-07-21
803,2023-07-21 13:09:00-04:00,389.6000061035156,389.6000061035156,389.6000061035156,389.6000061035156,966,0.0,0.0,2023-07-21
804,2023-07-21 13:13:00-04:00,389.4599914550781,389.4599914550781,389.3900146484375,389.3900146484375,622,0.0,0.0,2023-07-21
805,2023-07-21 13:16:00-04:00,389.4599914550781,389.4599914550781,389.4599914550781,389.4599914550781,160,0.0,0.0,2023-07-21
806,2023-07-21 13:18:00-04:00,389.510009765625,389.5400085449219,389.510009765625,389.5199890136719,412,0.0,0.0,2023-07-21
807,2023-07-21 13:19:00-04:00,389.7699890136719,389.7699890136719,389.7699890136719,389.7699890136719,322,0.0,0.0,2023-07-21
808,2023-07-21 13:25:00-04:00,389.5400085449219,389.5400085449219,389.4700012207031,389.4700012207031,876,0.0,0.0,2023-07-21
809,2023-07-21 13:31:00-04:00,389.5249938964844,389.5249938964844,389.5249938964844,389.5249938964844,640,0.0,0.0,2023-07-21
810,2023-07-21 13:34:00-04:00,389.6000061035156,389.6000061035156,389.5899963378906,389.5899963378906,623,0.0,0.0,2023-07-21
811,2023-07-21 13:37:00-04:00,389.6050109863281,389.739990234375,389.6000061035156,389.6000061035156,736,0.0,0.0,2023-07-21
812,2023-07-21 13:39:00-04:00,389.6199951171875,389.6199951171875,389.6199951171875,389.6199951171875,374,0.0,0.0,2023-07-21
813,2023-07-21 13:40:00-04:00,389.6400146484375,389.6400146484375,389.6400146484375,389.6400146484375,726,0.0,0.0,2023-07-21
814,2023-07-21 13:45:00-04:00,389.7699890136719,389.7699890136719,389.760009765625,389.760009765625,741,0.0,0.0,2023-07-21
815,2023-07-21 13:47:00-04:00,389.9100036621094,389.9100036621094,389.9100036621094,389.9100036621094,267,0.0,0.0,2023-07-21
816,2023-07-21 13:49:00-04:00,389.760009765625,389.760009765625,389.760009765625,389.760009765625,113,0.0,0.0,2023-07-21
817,2023-07-21 13:50:00-04:00,389.92999267578125,389.9849853515625,389.80999755859375,389.9849853515625,1584,0.0,0.0,2023-07-21
818,2023-07-21 13:52:00-04:00,389.95001220703125,389.95001220703125,389.95001220703125,389.95001220703125,424,0.0,0.0,2023-07-21
819,2023-07-21 13:54:00-04:00,390.07000732421875,390.07000732421875,390.07000732421875,390.07000732421875,285,0.0,0.0,2023-07-21
820,2023-07-21 13:57:00-04:00,389.8399963378906,389.8399963378906,389.8399963378906,389.8399963378906,243,0.0,0.0,2023-07-21
821,2023-07-21 13:58:00-04:00,389.9200134277344,389.9700012207031,389.9200134277344,389.9700012207031,201,0.0,0.0,2023-07-21
822,2023-07-21 13:59:00-04:00,389.989990234375,389.989990234375,389.989990234375,389.989990234375,514,0.0,0.0,2023-07-21
823,2023-07-21 14:10:00-04:00,389.9949951171875,389.9949951171875,389.9949951171875,389.9949951171875,976,0.0,0.0,2023-07-21
824,2023-07-21 14:11:00-04:00,390.0249938964844,390.0249938964844,390.0249938964844,390.0249938964844,514,0.0,0.0,2023-07-21
825,2023-07-21 14:14:00-04:00,389.7699890136719,389.7699890136719,389.7699890136719,389.7699890136719,1374,0.0,0.0,2023-07-21
826,2023-07-21 14:25:00-04:00,389.6499938964844,389.6499938964844,389.2799987792969,389.30999755859375,743,0.0,0.0,2023-07-21
827,2023-07-21 14:26:00-04:00,389.6000061035156,389.6000061035156,389.4599914550781,389.4599914550781,895,0.0,0.0,2023-07-21
828,2023-07-21 14:33:00-04:00,389.70001220703125,389.7799987792969,389.6050109863281,389.6050109863281,789,0.0,0.0,2023-07-21
829,2023-07-21 14:36:00-04:00,389.739990234375,389.739990234375,389.54998779296875,389.54998779296875,1632,0.0,0.0,2023-07-21
830,2023-07-21 14:42:00-04:00,390.17999267578125,390.17999267578125,389.92999267578125,389.92999267578125,1532,0.0,0.0,2023-07-21
831,2023-07-21 14:50:00-04:00,390.0,390.05999755859375,389.94000244140625,390.05999755859375,1768,0.0,0.0,2023-07-21
832,2023-07-21 14:51:00-04:00,390.010009765625,390.0400085449219,389.9599914550781,389.9599914550781,1209,0.0,0.0,2023-07-21
833,2023-07-21 14:52:00-04:00,389.8800048828125,389.8800048828125,389.7449951171875,389.7449951171875,769,0.0,0.0,2023-07-21
834,2023-07-21 14:56:00-04:00,389.69000244140625,389.69000244140625,389.69000244140625,389.69000244140625,251,0.0,0.0,2023-07-21
835,2023-07-21 14:58:00-04:00,389.4800109863281,389.4800109863281,389.4800109863281,389.4800109863281,604,0.0,0.0,2023-07-21
836,2023-07-21 15:00:00-04:00,389.44500732421875,389.44500732421875,389.44500732421875,389.44500732421875,799,0.0,0.0,2023-07-21
837,2023-07-21 15:12:00-04:00,389.19500732421875,389.19500732421875,389.19500732421875,389.19500732421875,124,0.0,0.0,2023-07-21
838,2023-07-21 15:14:00-04:00,389.1700134277344,389.2349853515625,389.1700134277344,389.2349853515625,1350,0.0,0.0,2023-07-21
839,2023-07-21 15:15:00-04:00,389.4800109863281,389.4800109863281,389.45001220703125,389.45001220703125,360,0.0,0.0,2023-07-21
840,2023-07-21 15:16:00-04:00,389.5,389.5,389.5,389.5,612,0.0,0.0,2023-07-21
841,2023-07-21 15:17:00-04:00,389.3800048828125,389.3800048828125,389.3800048828125,389.3800048828125,465,0.0,0.0,2023-07-21
842,2023-07-21 15:20:00-04:00,389.3699951171875,389.3699951171875,389.3500061035156,389.3500061035156,710,0.0,0.0,2023-07-21
843,2023-07-21 15:25:00-04:00,388.8500061035156,388.8500061035156,388.8500061035156,388.8500061035156,757,0.0,0.0,2023-07-21
844,2023-07-21 15:29:00-04:00,389.114990234375,389.114990234375,388.8999938964844,388.8999938964844,761,0.0,0.0,2023-07-21
845,2023-07-21 15:30:00-04:00,389.1700134277344,389.1700134277344,389.0474853515625,389.0474853515625,469,0.0,0.0,2023-07-21
846,2023-07-21 15:31:00-04:00,389.2300109863281,389.2300109863281,389.1199951171875,389.1199951171875,363,0.0,0.0,2023-07-21
847,2023-07-21 15:33:00-04:00,389.1700134277344,389.2900085449219,389.1700134277344,389.2850036621094,1242,0.0,0.0,2023-07-21
848,2023-07-21 15:34:00-04:00,389.30999755859375,389.4150085449219,389.29998779296875,389.4150085449219,828,0.0,0.0,2023-07-21
849,2023-07-21 15:36:00-04:00,389.6400146484375,389.6400146484375,389.489990234375,389.489990234375,1501,0.0,0.0,2023-07-21
850,2023-07-21 15:37:00-04:00,389.7300109863281,389.8500061035156,389.69000244140625,389.8500061035156,1096,0.0,0.0,2023-07-21
851,2023-07-21 15:38:00-04:00,389.7699890136719,389.7699890136719,389.7699890136719,389.7699890136719,405,0.0,0.0,2023-07-21
852,2023-07-21 15:40:00-04:00,389.6300048828125,389.7099914550781,389.42999267578125,389.4700012207031,2470,0.0,0.0,2023-07-21
853,2023-07-21 15:41:00-04:00,389.5950012207031,389.5950012207031,389.57000732421875,389.57000732421875,272,0.0,0.0,2023-07-21
854,2023-07-21 15:42:00-04:00,389.614990234375,389.614990234375,389.614990234375,389.614990234375,111,0.0,0.0,2023-07-21
855,2023-07-21 15:43:00-04:00,389.4100036621094,389.4100036621094,389.2550048828125,389.2550048828125,1361,0.0,0.0,2023-07-21
856,2023-07-21 15:44:00-04:00,389.2674865722656,389.2699890136719,389.1099853515625,389.1099853515625,1127,0.0,0.0,2023-07-21
857,2023-07-21 15:45:00-04:00,389.0874938964844,389.0899963378906,388.989990234375,389.010009765625,1091,0.0,0.0,2023-07-21
858,2023-07-21 15:46:00-04:00,388.94000244140625,389.125,388.94000244140625,389.125,826,0.0,0.0,2023-07-21
859,2023-07-21 15:47:00-04:00,389.05499267578125,389.05999755859375,388.6400146484375,388.7099914550781,4429,0.0,0.0,2023-07-21
860,2023-07-21 15:48:00-04:00,388.6400146484375,388.7449951171875,388.6400146484375,388.7449951171875,511,0.0,0.0,2023-07-21
861,2023-07-21 15:49:00-04:00,388.6600036621094,388.7724914550781,388.3999938964844,388.7724914550781,2354,0.0,0.0,2023-07-21
862,2023-07-21 15:50:00-04:00,388.2300109863281,388.489990234375,387.760009765625,388.4800109863281,4473,0.0,0.0,2023-07-21
863,2023-07-21 15:51:00-04:00,388.4849853515625,388.6099853515625,388.3299865722656,388.3299865722656,3922,0.0,0.0,2023-07-21
864,2023-07-21 15:52:00-04:00,388.3500061035156,388.3900146484375,388.1600036621094,388.1600036621094,3317,0.0,0.0,2023-07-21
865,2023-07-21 15:53:00-04:00,388.1600036621094,388.3999938964844,388.1600036621094,388.2099914550781,2883,0.0,0.0,2023-07-21
866,2023-07-21 15:54:00-04:00,388.32000732421875,389.17999267578125,388.32000732421875,388.79998779296875,8011,0.0,0.0,2023-07-21
867,2023-07-21 15:55:00-04:00,388.75,388.75,387.8800048828125,387.8800048828125,6405,0.0,0.0,2023-07-21
868,2023-07-21 15:56:00-04:00,387.79998779296875,388.3599853515625,387.760009765625,388.3349914550781,8446,0.0,0.0,2023-07-21
869,2023-07-21 15:57:00-04:00,388.2099914550781,388.2900085449219,387.8699951171875,388.0400085449219,10232,0.0,0.0,2023-07-21
870,2023-07-21 15:58:00-04:00,388.010009765625,388.4200134277344,388.010009765625,388.0299987792969,10211,0.0,0.0,2023-07-21
871,2023-07-21 15:59:00-04:00,388.0199890136719,388.0350036621094,387.5,387.5199890136719,24327,0.0,0.0,2023-07-21
