,Timestamp,Open,High,Low,Close,Volume,Dividends,Stock Splits,Date
0,2023-06-09 09:15:00+05:30,158.5500030517578,158.5500030517578,157.64999389648438,157.6999969482422,0,0.0,0.0,2023-06-09
1,2023-06-09 09:20:00+05:30,157.75,157.75,156.75,156.89999389648438,230756,0.0,0.0,2023-06-09
2,2023-06-09 09:25:00+05:30,156.89999389648438,156.89999389648438,156.0,156.8000030517578,182963,0.0,0.0,2023-06-09
3,2023-06-09 09:30:00+05:30,156.75,156.89999389648438,156.10000610351562,156.35000610351562,159561,0.0,0.0,2023-06-09
4,2023-06-09 09:35:00+05:30,156.5,156.5,155.85000610351562,155.89999389648438,127190,0.0,0.0,2023-06-09
5,2023-06-09 09:40:00+05:30,156.0500030517578,156.10000610351562,155.75,156.10000610351562,90986,0.0,0.0,2023-06-09
6,2023-06-09 09:45:00+05:30,156.10000610351562,157.5,156.0,157.5,153713,0.0,0.0,2023-06-09
7,2023-06-09 09:50:00+05:30,157.5,157.5500030517578,156.6999969482422,157.25,98605,0.0,0.0,2023-06-09
8,2023-06-09 09:55:00+05:30,157.25,157.3000030517578,156.8000030517578,156.89999389648438,60904,0.0,0.0,2023-06-09
9,2023-06-09 10:00:00+05:30,156.9499969482422,157.1999969482422,156.64999389648438,157.1999969482422,79455,0.0,0.0,2023-06-09
10,2023-06-09 10:05:00+05:30,157.3000030517578,160.5,157.3000030517578,160.5,881663,0.0,0.0,2023-06-09
11,2023-06-09 10:10:00+05:30,160.64999389648438,160.8000030517578,159.5,160.8000030517578,338224,0.0,0.0,2023-06-09
12,2023-06-09 10:15:00+05:30,160.6999969482422,160.85000610351562,160.0,160.10000610351562,211865,0.0,0.0,2023-06-09
13,2023-06-09 10:20:00+05:30,160.0,160.64999389648438,159.60000610351562,160.64999389648438,235523,0.0,0.0,2023-06-09
14,2023-06-09 10:25:00+05:30,160.60000610351562,161.1999969482422,159.8000030517578,159.9499969482422,347905,0.0,0.0,2023-06-09
15,2023-06-09 10:30:00+05:30,159.9499969482422,160.14999389648438,159.6999969482422,159.85000610351562,125523,0.0,0.0,2023-06-09
16,2023-06-09 10:35:00+05:30,159.9499969482422,160.10000610351562,159.1999969482422,159.25,156439,0.0,0.0,2023-06-09
17,2023-06-09 10:40:00+05:30,159.25,159.6999969482422,159.25,159.5500030517578,91193,0.0,0.0,2023-06-09
18,2023-06-09 10:45:00+05:30,159.5500030517578,159.89999389648438,159.35000610351562,159.75,121952,0.0,0.0,2023-06-09
19,2023-06-09 10:50:00+05:30,159.75,160.0500030517578,159.60000610351562,159.60000610351562,123689,0.0,0.0,2023-06-09
20,2023-06-09 10:55:00+05:30,159.60000610351562,159.6999969482422,159.39999389648438,159.5,69470,0.0,0.0,2023-06-09
21,2023-06-09 11:00:00+05:30,159.60000610351562,159.60000610351562,158.5,158.6999969482422,141790,0.0,0.0,2023-06-09
22,2023-06-09 11:05:00+05:30,158.64999389648438,158.75,157.85000610351562,158.0,172838,0.0,0.0,2023-06-09
23,2023-06-09 11:10:00+05:30,158.0,158.3000030517578,157.8000030517578,157.89999389648438,85511,0.0,0.0,2023-06-09
24,2023-06-09 11:15:00+05:30,157.89999389648438,158.3000030517578,157.85000610351562,158.0,60138,0.0,0.0,2023-06-09
25,2023-06-09 11:20:00+05:30,157.89999389648438,157.9499969482422,157.6999969482422,157.6999969482422,57427,0.0,0.0,2023-06-09
26,2023-06-09 11:25:00+05:30,157.6999969482422,158.14999389648438,157.64999389648438,158.14999389648438,76887,0.0,0.0,2023-06-09
27,2023-06-09 11:30:00+05:30,158.14999389648438,158.5,158.0500030517578,158.0500030517578,72053,0.0,0.0,2023-06-09
28,2023-06-09 11:35:00+05:30,158.10000610351562,158.10000610351562,157.60000610351562,157.60000610351562,61419,0.0,0.0,2023-06-09
29,2023-06-09 11:40:00+05:30,157.60000610351562,157.64999389648438,157.35000610351562,157.60000610351562,59720,0.0,0.0,2023-06-09
30,2023-06-09 11:45:00+05:30,157.5500030517578,157.60000610351562,157.25,157.3000030517578,46874,0.0,0.0,2023-06-09
31,2023-06-09 11:50:00+05:30,157.35000610351562,158.10000610351562,157.3000030517578,157.9499969482422,105751,0.0,0.0,2023-06-09
32,2023-06-09 11:55:00+05:30,157.9499969482422,157.9499969482422,157.4499969482422,157.64999389648438,52697,0.0,0.0,2023-06-09
33,2023-06-09 12:00:00+05:30,157.60000610351562,157.75,157.5,157.64999389648438,27913,0.0,0.0,2023-06-09
34,2023-06-09 12:05:00+05:30,157.64999389648438,157.64999389648438,157.4499969482422,157.4499969482422,40956,0.0,0.0,2023-06-09
35,2023-06-09 12:10:00+05:30,157.5,157.5500030517578,157.35000610351562,157.5,29995,0.0,0.0,2023-06-09
36,2023-06-09 12:15:00+05:30,157.4499969482422,157.4499969482422,157.1999969482422,157.39999389648438,45060,0.0,0.0,2023-06-09
37,2023-06-09 12:20:00+05:30,157.4499969482422,157.4499969482422,157.3000030517578,157.3000030517578,30941,0.0,0.0,2023-06-09
38,2023-06-09 12:25:00+05:30,157.3000030517578,157.5,157.10000610351562,157.5,46014,0.0,0.0,2023-06-09
39,2023-06-09 12:30:00+05:30,157.5,157.64999389648438,157.39999389648438,157.5,56521,0.0,0.0,2023-06-09
40,2023-06-09 12:35:00+05:30,157.5,157.5,157.25,157.39999389648438,43801,0.0,0.0,2023-06-09
41,2023-06-09 12:40:00+05:30,157.39999389648438,157.5500030517578,157.25,157.39999389648438,46784,0.0,0.0,2023-06-09
42,2023-06-09 12:45:00+05:30,157.39999389648438,157.39999389648438,156.89999389648438,156.89999389648438,98537,0.0,0.0,2023-06-09
43,2023-06-09 12:50:00+05:30,156.89999389648438,156.9499969482422,156.4499969482422,156.4499969482422,96626,0.0,0.0,2023-06-09
44,2023-06-09 12:55:00+05:30,156.39999389648438,156.85000610351562,156.39999389648438,156.8000030517578,60131,0.0,0.0,2023-06-09
45,2023-06-09 13:00:00+05:30,156.75,156.8000030517578,156.5500030517578,156.75,30163,0.0,0.0,2023-06-09
46,2023-06-09 13:05:00+05:30,156.75,156.9499969482422,156.5,156.85000610351562,89886,0.0,0.0,2023-06-09
47,2023-06-09 13:10:00+05:30,156.9499969482422,157.10000610351562,156.9499969482422,156.9499969482422,37803,0.0,0.0,2023-06-09
48,2023-06-09 13:15:00+05:30,157.0,157.14999389648438,156.64999389648438,157.0500030517578,64273,0.0,0.0,2023-06-09
49,2023-06-09 13:20:00+05:30,156.85000610351562,156.89999389648438,156.6999969482422,156.89999389648438,57721,0.0,0.0,2023-06-09
50,2023-06-09 13:25:00+05:30,156.89999389648438,156.89999389648438,156.75,156.85000610351562,50742,0.0,0.0,2023-06-09
51,2023-06-09 13:30:00+05:30,156.8000030517578,156.89999389648438,156.5500030517578,156.60000610351562,47457,0.0,0.0,2023-06-09
52,2023-06-09 13:35:00+05:30,156.60000610351562,156.75,156.5500030517578,156.75,44707,0.0,0.0,2023-06-09
53,2023-06-09 13:40:00+05:30,156.64999389648438,156.9499969482422,156.64999389648438,156.75,63608,0.0,0.0,2023-06-09
54,2023-06-09 13:45:00+05:30,156.8000030517578,157.0500030517578,156.64999389648438,156.64999389648438,46032,0.0,0.0,2023-06-09
55,2023-06-09 13:50:00+05:30,156.6999969482422,156.6999969482422,156.3000030517578,156.5500030517578,98328,0.0,0.0,2023-06-09
56,2023-06-09 13:55:00+05:30,156.64999389648438,156.75,156.5500030517578,156.64999389648438,53015,0.0,0.0,2023-06-09
57,2023-06-09 14:00:00+05:30,156.6999969482422,156.6999969482422,156.5,156.64999389648438,40925,0.0,0.0,2023-06-09
58,2023-06-09 14:05:00+05:30,156.5500030517578,156.64999389648438,156.5,156.60000610351562,44868,0.0,0.0,2023-06-09
59,2023-06-09 14:10:00+05:30,156.60000610351562,156.6999969482422,156.5,156.5,49891,0.0,0.0,2023-06-09
60,2023-06-09 14:15:00+05:30,156.5,156.5500030517578,156.14999389648438,156.35000610351562,69342,0.0,0.0,2023-06-09
61,2023-06-09 14:20:00+05:30,156.35000610351562,156.35000610351562,155.9499969482422,156.10000610351562,103939,0.0,0.0,2023-06-09
62,2023-06-09 14:25:00+05:30,156.14999389648438,156.25,156.0500030517578,156.0500030517578,57961,0.0,0.0,2023-06-09
63,2023-06-09 14:30:00+05:30,156.0500030517578,156.5,156.0500030517578,156.4499969482422,82451,0.0,0.0,2023-06-09
64,2023-06-09 14:35:00+05:30,156.39999389648438,156.75,156.3000030517578,156.5,170198,0.0,0.0,2023-06-09
65,2023-06-09 14:40:00+05:30,156.5500030517578,156.75,156.5,156.60000610351562,117264,0.0,0.0,2023-06-09
66,2023-06-09 14:45:00+05:30,156.60000610351562,157.0500030517578,156.5500030517578,157.0500030517578,174638,0.0,0.0,2023-06-09
67,2023-06-09 14:50:00+05:30,157.0,157.14999389648438,157.0,157.14999389648438,116427,0.0,0.0,2023-06-09
68,2023-06-09 14:55:00+05:30,157.14999389648438,157.6999969482422,157.0500030517578,157.25,198103,0.0,0.0,2023-06-09
69,2023-06-09 15:00:00+05:30,157.1999969482422,157.5500030517578,157.10000610351562,157.4499969482422,140120,0.0,0.0,2023-06-09
70,2023-06-09 15:05:00+05:30,157.39999389648438,157.8000030517578,157.39999389648438,157.6999969482422,183881,0.0,0.0,2023-06-09
71,2023-06-09 15:10:00+05:30,157.75,157.85000610351562,157.0,157.0,160554,0.0,0.0,2023-06-09
72,2023-06-09 15:15:00+05:30,157.0,157.4499969482422,157.0,157.0,262233,0.0,0.0,2023-06-09
73,2023-06-09 15:20:00+05:30,157.0,157.10000610351562,156.89999389648438,157.0,250745,0.0,0.0,2023-06-09
74,2023-06-09 15:25:00+05:30,157.0,157.25,157.0,157.25,116163,0.0,0.0,2023-06-09
75,2023-06-12 09:15:00+05:30,158.60000610351562,158.75,158.0,158.39999389648438,0,0.0,0.0,2023-06-12
76,2023-06-12 09:20:00+05:30,158.1999969482422,158.5,158.10000610351562,158.4499969482422,414612,0.0,0.0,2023-06-12
77,2023-06-12 09:25:00+05:30,158.60000610351562,159.14999389648438,158.3000030517578,159.0500030517578,243984,0.0,0.0,2023-06-12
78,2023-06-12 09:30:00+05:30,159.10000610351562,160.0,159.10000610351562,159.9499969482422,244078,0.0,0.0,2023-06-12
79,2023-06-12 09:35:00+05:30,159.9499969482422,160.60000610351562,159.8000030517578,159.8000030517578,207001,0.0,0.0,2023-06-12
80,2023-06-12 09:40:00+05:30,159.75,160.39999389648438,159.75,160.1999969482422,105191,0.0,0.0,2023-06-12
81,2023-06-12 09:45:00+05:30,160.1999969482422,160.89999389648438,160.10000610351562,160.64999389648438,221257,0.0,0.0,2023-06-12
82,2023-06-12 09:50:00+05:30,160.6999969482422,160.89999389648438,159.9499969482422,160.0,162413,0.0,0.0,2023-06-12
83,2023-06-12 09:55:00+05:30,160.0,160.0,159.5,159.64999389648438,118296,0.0,0.0,2023-06-12
84,2023-06-12 10:00:00+05:30,159.64999389648438,160.4499969482422,159.5500030517578,160.35000610351562,104781,0.0,0.0,2023-06-12
85,2023-06-12 10:05:00+05:30,160.35000610351562,161.25,160.3000030517578,161.10000610351562,350826,0.0,0.0,2023-06-12
86,2023-06-12 10:10:00+05:30,161.1999969482422,161.1999969482422,160.39999389648438,160.89999389648438,99608,0.0,0.0,2023-06-12
87,2023-06-12 10:15:00+05:30,160.85000610351562,161.0,160.4499969482422,160.5500030517578,101301,0.0,0.0,2023-06-12
88,2023-06-12 10:20:00+05:30,160.5,161.1999969482422,160.5,161.14999389648438,147823,0.0,0.0,2023-06-12
89,2023-06-12 10:25:00+05:30,161.14999389648438,161.25,160.14999389648438,160.25,151637,0.0,0.0,2023-06-12
90,2023-06-12 10:30:00+05:30,160.25,160.5,159.85000610351562,160.25,161613,0.0,0.0,2023-06-12
91,2023-06-12 10:35:00+05:30,160.25,160.60000610351562,160.25,160.5,44184,0.0,0.0,2023-06-12
92,2023-06-12 10:40:00+05:30,160.5,160.5500030517578,160.0500030517578,160.10000610351562,50066,0.0,0.0,2023-06-12
93,2023-06-12 10:45:00+05:30,160.0500030517578,160.14999389648438,160.0,160.14999389648438,30263,0.0,0.0,2023-06-12
94,2023-06-12 10:50:00+05:30,160.14999389648438,160.35000610351562,160.0500030517578,160.35000610351562,19824,0.0,0.0,2023-06-12
95,2023-06-12 10:55:00+05:30,160.35000610351562,160.4499969482422,160.14999389648438,160.39999389648438,38409,0.0,0.0,2023-06-12
96,2023-06-12 11:00:00+05:30,160.4499969482422,160.85000610351562,160.4499969482422,160.8000030517578,78467,0.0,0.0,2023-06-12
97,2023-06-12 11:05:00+05:30,160.8000030517578,160.85000610351562,160.4499969482422,160.4499969482422,46915,0.0,0.0,2023-06-12
98,2023-06-12 11:10:00+05:30,160.4499969482422,161.0500030517578,160.3000030517578,160.85000610351562,132416,0.0,0.0,2023-06-12
99,2023-06-12 11:15:00+05:30,160.8000030517578,161.25,160.8000030517578,161.1999969482422,109339,0.0,0.0,2023-06-12
100,2023-06-12 11:20:00+05:30,161.1999969482422,161.35000610351562,160.8000030517578,160.8000030517578,68988,0.0,0.0,2023-06-12
101,2023-06-12 11:25:00+05:30,160.8000030517578,160.89999389648438,160.6999969482422,160.89999389648438,32288,0.0,0.0,2023-06-12
102,2023-06-12 11:30:00+05:30,160.85000610351562,161.25,160.85000610351562,161.14999389648438,30097,0.0,0.0,2023-06-12
103,2023-06-12 11:35:00+05:30,161.1999969482422,161.1999969482422,161.0,161.14999389648438,28091,0.0,0.0,2023-06-12
104,2023-06-12 11:40:00+05:30,161.14999389648438,161.60000610351562,161.10000610351562,161.3000030517578,180132,0.0,0.0,2023-06-12
105,2023-06-12 11:45:00+05:30,161.25,161.35000610351562,161.0,161.14999389648438,48679,0.0,0.0,2023-06-12
106,2023-06-12 11:50:00+05:30,161.14999389648438,161.3000030517578,161.0500030517578,161.14999389648438,19556,0.0,0.0,2023-06-12
107,2023-06-12 11:55:00+05:30,161.0500030517578,161.1999969482422,160.89999389648438,161.0500030517578,74400,0.0,0.0,2023-06-12
108,2023-06-12 12:00:00+05:30,161.10000610351562,162.14999389648438,161.0,162.14999389648438,320455,0.0,0.0,2023-06-12
109,2023-06-12 12:05:00+05:30,162.14999389648438,162.1999969482422,161.89999389648438,162.0500030517578,236546,0.0,0.0,2023-06-12
110,2023-06-12 12:10:00+05:30,162.0500030517578,162.14999389648438,162.0,162.0500030517578,141960,0.0,0.0,2023-06-12
111,2023-06-12 12:15:00+05:30,162.14999389648438,162.5,162.0,162.35000610351562,186332,0.0,0.0,2023-06-12
112,2023-06-12 12:20:00+05:30,162.35000610351562,162.39999389648438,162.0,162.10000610351562,78863,0.0,0.0,2023-06-12
113,2023-06-12 12:25:00+05:30,162.0500030517578,162.35000610351562,162.0,162.25,94884,0.0,0.0,2023-06-12
114,2023-06-12 12:30:00+05:30,162.35000610351562,162.35000610351562,162.0500030517578,162.10000610351562,39641,0.0,0.0,2023-06-12
115,2023-06-12 12:35:00+05:30,162.14999389648438,162.25,161.4499969482422,161.4499969482422,147622,0.0,0.0,2023-06-12
116,2023-06-12 12:40:00+05:30,161.4499969482422,161.60000610351562,161.25,161.39999389648438,80229,0.0,0.0,2023-06-12
117,2023-06-12 12:45:00+05:30,161.39999389648438,161.75,161.0,161.0,119931,0.0,0.0,2023-06-12
118,2023-06-12 12:50:00+05:30,161.0,161.5,161.0,161.4499969482422,65252,0.0,0.0,2023-06-12
119,2023-06-12 12:55:00+05:30,161.4499969482422,162.10000610351562,161.3000030517578,162.10000610351562,92247,0.0,0.0,2023-06-12
120,2023-06-12 13:00:00+05:30,162.0,162.4499969482422,162.0,162.14999389648438,123202,0.0,0.0,2023-06-12
121,2023-06-12 13:05:00+05:30,162.25,162.25,161.9499969482422,162.14999389648438,75521,0.0,0.0,2023-06-12
122,2023-06-12 13:10:00+05:30,162.14999389648438,162.5,162.10000610351562,162.14999389648438,113099,0.0,0.0,2023-06-12
123,2023-06-12 13:15:00+05:30,162.25,162.4499969482422,162.1999969482422,162.25,54161,0.0,0.0,2023-06-12
124,2023-06-12 13:20:00+05:30,162.3000030517578,162.4499969482422,162.14999389648438,162.25,60446,0.0,0.0,2023-06-12
125,2023-06-12 13:25:00+05:30,162.25,162.5,162.1999969482422,162.4499969482422,57011,0.0,0.0,2023-06-12
126,2023-06-12 13:30:00+05:30,162.4499969482422,162.6999969482422,162.39999389648438,162.5,117797,0.0,0.0,2023-06-12
127,2023-06-12 13:35:00+05:30,162.5500030517578,162.64999389648438,162.1999969482422,162.60000610351562,145368,0.0,0.0,2023-06-12
128,2023-06-12 13:40:00+05:30,162.60000610351562,162.64999389648438,162.39999389648438,162.5,48828,0.0,0.0,2023-06-12
129,2023-06-12 13:45:00+05:30,162.4499969482422,162.4499969482422,161.89999389648438,162.35000610351562,112659,0.0,0.0,2023-06-12
130,2023-06-12 13:50:00+05:30,162.3000030517578,162.35000610351562,162.1999969482422,162.35000610351562,47578,0.0,0.0,2023-06-12
131,2023-06-12 13:55:00+05:30,162.35000610351562,162.75,162.3000030517578,162.75,137883,0.0,0.0,2023-06-12
132,2023-06-12 14:00:00+05:30,162.6999969482422,162.9499969482422,162.60000610351562,162.64999389648438,164743,0.0,0.0,2023-06-12
133,2023-06-12 14:05:00+05:30,162.60000610351562,162.85000610351562,162.4499969482422,162.75,69513,0.0,0.0,2023-06-12
134,2023-06-12 14:10:00+05:30,162.8000030517578,162.9499969482422,162.5,162.60000610351562,72743,0.0,0.0,2023-06-12
135,2023-06-12 14:15:00+05:30,162.64999389648438,162.64999389648438,162.3000030517578,162.5,97962,0.0,0.0,2023-06-12
136,2023-06-12 14:20:00+05:30,162.60000610351562,162.6999969482422,162.25,162.5,109437,0.0,0.0,2023-06-12
137,2023-06-12 14:25:00+05:30,162.5,162.5,162.0,162.35000610351562,170115,0.0,0.0,2023-06-12
138,2023-06-12 14:30:00+05:30,162.25,162.5500030517578,162.1999969482422,162.39999389648438,83174,0.0,0.0,2023-06-12
139,2023-06-12 14:35:00+05:30,162.39999389648438,162.64999389648438,162.35000610351562,162.4499969482422,58386,0.0,0.0,2023-06-12
140,2023-06-12 14:40:00+05:30,162.4499969482422,162.8000030517578,162.4499969482422,162.64999389648438,100513,0.0,0.0,2023-06-12
141,2023-06-12 14:45:00+05:30,162.64999389648438,162.75,162.4499969482422,162.5,144309,0.0,0.0,2023-06-12
142,2023-06-12 14:50:00+05:30,162.5500030517578,162.8000030517578,162.5,162.60000610351562,92325,0.0,0.0,2023-06-12
143,2023-06-12 14:55:00+05:30,162.8000030517578,162.8000030517578,162.4499969482422,162.60000610351562,54361,0.0,0.0,2023-06-12
144,2023-06-12 15:00:00+05:30,162.5,163.0500030517578,162.5,163.0,260090,0.0,0.0,2023-06-12
145,2023-06-12 15:05:00+05:30,163.14999389648438,163.3000030517578,162.85000610351562,162.9499969482422,174263,0.0,0.0,2023-06-12
146,2023-06-12 15:10:00+05:30,163.0,163.4499969482422,163.0,163.3000030517578,294090,0.0,0.0,2023-06-12
147,2023-06-12 15:15:00+05:30,163.25,163.6999969482422,163.25,163.64999389648438,469300,0.0,0.0,2023-06-12
148,2023-06-12 15:20:00+05:30,163.64999389648438,163.8000030517578,163.14999389648438,163.5500030517578,361898,0.0,0.0,2023-06-12
149,2023-06-12 15:25:00+05:30,163.5500030517578,163.89999389648438,163.35000610351562,163.35000610351562,233758,0.0,0.0,2023-06-12
150,2023-06-13 09:15:00+05:30,164.25,165.1999969482422,164.10000610351562,164.6999969482422,0,0.0,0.0,2023-06-13
151,2023-06-13 09:20:00+05:30,164.64999389648438,164.89999389648438,164.0500030517578,164.3000030517578,473804,0.0,0.0,2023-06-13
152,2023-06-13 09:25:00+05:30,164.25,164.5,164.0500030517578,164.14999389648438,225919,0.0,0.0,2023-06-13
153,2023-06-13 09:30:00+05:30,164.14999389648438,164.39999389648438,163.5,164.3000030517578,308779,0.0,0.0,2023-06-13
154,2023-06-13 09:35:00+05:30,164.39999389648438,164.39999389648438,163.5500030517578,163.60000610351562,178383,0.0,0.0,2023-06-13
155,2023-06-13 09:40:00+05:30,163.60000610351562,163.60000610351562,163.0,163.39999389648438,424403,0.0,0.0,2023-06-13
156,2023-06-13 09:45:00+05:30,163.35000610351562,163.5,162.5500030517578,162.64999389648438,194949,0.0,0.0,2023-06-13
157,2023-06-13 09:50:00+05:30,162.5500030517578,163.39999389648438,162.5500030517578,163.14999389648438,240528,0.0,0.0,2023-06-13
158,2023-06-13 09:55:00+05:30,163.14999389648438,164.3000030517578,163.0,163.85000610351562,272993,0.0,0.0,2023-06-13
159,2023-06-13 10:00:00+05:30,163.75,164.25,163.60000610351562,164.0500030517578,73683,0.0,0.0,2023-06-13
160,2023-06-13 10:05:00+05:30,164.0,164.6999969482422,164.0,164.0500030517578,166815,0.0,0.0,2023-06-13
161,2023-06-13 10:10:00+05:30,164.0500030517578,164.3000030517578,164.0,164.0500030517578,50823,0.0,0.0,2023-06-13
162,2023-06-13 10:15:00+05:30,164.0,164.60000610351562,164.0,164.60000610351562,100006,0.0,0.0,2023-06-13
163,2023-06-13 10:20:00+05:30,164.5500030517578,164.6999969482422,163.89999389648438,163.89999389648438,150354,0.0,0.0,2023-06-13
164,2023-06-13 10:25:00+05:30,163.9499969482422,164.35000610351562,163.6999969482422,164.0500030517578,89773,0.0,0.0,2023-06-13
165,2023-06-13 10:30:00+05:30,164.0,165.35000610351562,163.9499969482422,164.64999389648438,330745,0.0,0.0,2023-06-13
166,2023-06-13 10:35:00+05:30,164.60000610351562,165.25,164.60000610351562,165.0,107579,0.0,0.0,2023-06-13
167,2023-06-13 10:40:00+05:30,165.0500030517578,165.39999389648438,165.0,165.10000610351562,110359,0.0,0.0,2023-06-13
168,2023-06-13 10:45:00+05:30,165.10000610351562,166.14999389648438,165.10000610351562,165.9499969482422,333414,0.0,0.0,2023-06-13
169,2023-06-13 10:50:00+05:30,165.85000610351562,166.10000610351562,165.5500030517578,166.0,215034,0.0,0.0,2023-06-13
170,2023-06-13 10:55:00+05:30,166.0,166.10000610351562,165.6999969482422,165.75,139405,0.0,0.0,2023-06-13
171,2023-06-13 11:00:00+05:30,165.6999969482422,165.89999389648438,165.35000610351562,165.35000610351562,120657,0.0,0.0,2023-06-13
172,2023-06-13 11:05:00+05:30,165.35000610351562,165.6999969482422,165.1999969482422,165.6999969482422,98612,0.0,0.0,2023-06-13
173,2023-06-13 11:10:00+05:30,165.64999389648438,165.8000030517578,165.25,165.75,107986,0.0,0.0,2023-06-13
174,2023-06-13 11:15:00+05:30,165.64999389648438,165.8000030517578,165.35000610351562,165.5,109106,0.0,0.0,2023-06-13
175,2023-06-13 11:20:00+05:30,165.5,165.5500030517578,165.0500030517578,165.5500030517578,144619,0.0,0.0,2023-06-13
176,2023-06-13 11:25:00+05:30,165.5500030517578,166.35000610351562,165.5,166.10000610351562,316065,0.0,0.0,2023-06-13
177,2023-06-13 11:30:00+05:30,166.14999389648438,166.1999969482422,165.85000610351562,165.9499969482422,119150,0.0,0.0,2023-06-13
178,2023-06-13 11:35:00+05:30,166.0,166.0,165.60000610351562,165.8000030517578,80230,0.0,0.0,2023-06-13
179,2023-06-13 11:40:00+05:30,165.8000030517578,166.3000030517578,165.5,166.14999389648438,130477,0.0,0.0,2023-06-13
180,2023-06-13 11:45:00+05:30,166.35000610351562,166.89999389648438,166.25,166.8000030517578,263091,0.0,0.0,2023-06-13
181,2023-06-13 11:50:00+05:30,166.75,167.10000610351562,166.5,166.60000610351562,374210,0.0,0.0,2023-06-13
182,2023-06-13 11:55:00+05:30,166.60000610351562,166.6999969482422,166.1999969482422,166.3000030517578,107777,0.0,0.0,2023-06-13
183,2023-06-13 12:00:00+05:30,166.1999969482422,166.64999389648438,166.1999969482422,166.60000610351562,72945,0.0,0.0,2023-06-13
184,2023-06-13 12:05:00+05:30,166.60000610351562,166.60000610351562,166.25,166.3000030517578,59304,0.0,0.0,2023-06-13
185,2023-06-13 12:10:00+05:30,166.3000030517578,166.4499969482422,166.14999389648438,166.39999389648438,38255,0.0,0.0,2023-06-13
186,2023-06-13 12:15:00+05:30,166.39999389648438,166.89999389648438,166.3000030517578,166.35000610351562,87768,0.0,0.0,2023-06-13
187,2023-06-13 12:20:00+05:30,166.5,166.6999969482422,166.35000610351562,166.35000610351562,48375,0.0,0.0,2023-06-13
188,2023-06-13 12:25:00+05:30,166.25,166.39999389648438,166.1999969482422,166.25,24616,0.0,0.0,2023-06-13
189,2023-06-13 12:30:00+05:30,166.25,166.39999389648438,166.14999389648438,166.3000030517578,33504,0.0,0.0,2023-06-13
190,2023-06-13 12:35:00+05:30,166.4499969482422,166.4499969482422,165.9499969482422,166.10000610351562,98860,0.0,0.0,2023-06-13
191,2023-06-13 12:40:00+05:30,166.1999969482422,166.1999969482422,166.0,166.1999969482422,37198,0.0,0.0,2023-06-13
192,2023-06-13 12:45:00+05:30,166.14999389648438,166.14999389648438,166.0,166.0,23714,0.0,0.0,2023-06-13
193,2023-06-13 12:50:00+05:30,166.0500030517578,166.10000610351562,165.5500030517578,165.75,76283,0.0,0.0,2023-06-13
194,2023-06-13 12:55:00+05:30,165.75,166.0,165.6999969482422,165.8000030517578,37358,0.0,0.0,2023-06-13
195,2023-06-13 13:00:00+05:30,165.75,165.9499969482422,165.6999969482422,165.6999969482422,42528,0.0,0.0,2023-06-13
196,2023-06-13 13:05:00+05:30,165.75,165.75,165.4499969482422,165.5500030517578,38974,0.0,0.0,2023-06-13
197,2023-06-13 13:10:00+05:30,165.5,165.5500030517578,165.3000030517578,165.35000610351562,47279,0.0,0.0,2023-06-13
198,2023-06-13 13:15:00+05:30,165.39999389648438,165.8000030517578,165.35000610351562,165.75,29925,0.0,0.0,2023-06-13
199,2023-06-13 13:20:00+05:30,165.8000030517578,165.8000030517578,165.5500030517578,165.5500030517578,16512,0.0,0.0,2023-06-13
200,2023-06-13 13:25:00+05:30,165.5500030517578,165.5500030517578,165.14999389648438,165.5,60151,0.0,0.0,2023-06-13
201,2023-06-13 13:30:00+05:30,165.39999389648438,165.75,165.39999389648438,165.75,43363,0.0,0.0,2023-06-13
202,2023-06-13 13:35:00+05:30,165.75,166.0,165.5500030517578,165.64999389648438,41859,0.0,0.0,2023-06-13
203,2023-06-13 13:40:00+05:30,165.64999389648438,165.6999969482422,165.4499969482422,165.6999969482422,34649,0.0,0.0,2023-06-13
204,2023-06-13 13:45:00+05:30,165.6999969482422,165.8000030517578,165.60000610351562,165.75,12401,0.0,0.0,2023-06-13
205,2023-06-13 13:50:00+05:30,165.8000030517578,165.85000610351562,165.6999969482422,165.75,22184,0.0,0.0,2023-06-13
206,2023-06-13 13:55:00+05:30,165.85000610351562,165.89999389648438,165.60000610351562,165.60000610351562,27891,0.0,0.0,2023-06-13
207,2023-06-13 14:00:00+05:30,165.60000610351562,165.60000610351562,165.4499969482422,165.60000610351562,27543,0.0,0.0,2023-06-13
208,2023-06-13 14:05:00+05:30,165.5,165.5,165.1999969482422,165.35000610351562,39440,0.0,0.0,2023-06-13
209,2023-06-13 14:10:00+05:30,165.25,165.60000610351562,165.25,165.4499969482422,44759,0.0,0.0,2023-06-13
210,2023-06-13 14:15:00+05:30,165.4499969482422,165.89999389648438,165.39999389648438,165.64999389648438,106839,0.0,0.0,2023-06-13
211,2023-06-13 14:20:00+05:30,165.60000610351562,166.3000030517578,165.60000610351562,166.1999969482422,116029,0.0,0.0,2023-06-13
212,2023-06-13 14:25:00+05:30,166.10000610351562,166.89999389648438,166.10000610351562,166.6999969482422,203250,0.0,0.0,2023-06-13
213,2023-06-13 14:30:00+05:30,166.75,167.0,166.5,166.89999389648438,153471,0.0,0.0,2023-06-13
214,2023-06-13 14:35:00+05:30,166.89999389648438,167.0,166.60000610351562,166.75,128450,0.0,0.0,2023-06-13
215,2023-06-13 14:40:00+05:30,166.8000030517578,166.85000610351562,166.5,166.8000030517578,68864,0.0,0.0,2023-06-13
216,2023-06-13 14:45:00+05:30,166.75,167.0,166.6999969482422,166.9499969482422,101751,0.0,0.0,2023-06-13
217,2023-06-13 14:50:00+05:30,166.9499969482422,166.9499969482422,166.60000610351562,166.8000030517578,189577,0.0,0.0,2023-06-13
218,2023-06-13 14:55:00+05:30,166.89999389648438,166.89999389648438,166.39999389648438,166.5,129614,0.0,0.0,2023-06-13
219,2023-06-13 15:00:00+05:30,166.60000610351562,166.6999969482422,166.39999389648438,166.39999389648438,122688,0.0,0.0,2023-06-13
220,2023-06-13 15:05:00+05:30,166.5,166.60000610351562,166.1999969482422,166.3000030517578,96016,0.0,0.0,2023-06-13
221,2023-06-13 15:10:00+05:30,166.3000030517578,166.5,166.1999969482422,166.25,132883,0.0,0.0,2023-06-13
222,2023-06-13 15:15:00+05:30,166.1999969482422,166.35000610351562,165.89999389648438,166.25,246890,0.0,0.0,2023-06-13
223,2023-06-13 15:20:00+05:30,166.14999389648438,166.35000610351562,166.10000610351562,166.1999969482422,144680,0.0,0.0,2023-06-13
224,2023-06-13 15:25:00+05:30,166.1999969482422,166.1999969482422,166.0,166.0,86830,0.0,0.0,2023-06-13
225,2023-06-14 09:15:00+05:30,171.5500030517578,172.35000610351562,169.60000610351562,171.1999969482422,0,0.0,0.0,2023-06-14
226,2023-06-14 09:20:00+05:30,171.14999389648438,171.25,168.5500030517578,168.8000030517578,1237339,0.0,0.0,2023-06-14
227,2023-06-14 09:25:00+05:30,168.89999389648438,169.35000610351562,168.60000610351562,169.3000030517578,647319,0.0,0.0,2023-06-14
228,2023-06-14 09:30:00+05:30,169.0,169.25,167.8000030517578,167.85000610351562,939232,0.0,0.0,2023-06-14
229,2023-06-14 09:35:00+05:30,167.8000030517578,168.3000030517578,167.0500030517578,167.9499969482422,639969,0.0,0.0,2023-06-14
230,2023-06-14 09:40:00+05:30,167.9499969482422,169.3000030517578,167.89999389648438,169.1999969482422,493153,0.0,0.0,2023-06-14
231,2023-06-14 09:45:00+05:30,169.1999969482422,169.4499969482422,168.5500030517578,169.0,445329,0.0,0.0,2023-06-14
232,2023-06-14 09:50:00+05:30,168.9499969482422,170.4499969482422,168.8000030517578,170.39999389648438,798634,0.0,0.0,2023-06-14
233,2023-06-14 09:55:00+05:30,170.35000610351562,170.8000030517578,169.89999389648438,170.25,493548,0.0,0.0,2023-06-14
234,2023-06-14 10:00:00+05:30,170.10000610351562,170.5,170.0,170.4499969482422,259460,0.0,0.0,2023-06-14
235,2023-06-14 10:05:00+05:30,170.35000610351562,172.14999389648438,170.35000610351562,171.6999969482422,966192,0.0,0.0,2023-06-14
236,2023-06-14 10:10:00+05:30,171.85000610351562,172.9499969482422,171.75,172.0,1032514,0.0,0.0,2023-06-14
237,2023-06-14 10:15:00+05:30,171.89999389648438,172.60000610351562,171.85000610351562,172.5500030517578,463765,0.0,0.0,2023-06-14
238,2023-06-14 10:20:00+05:30,172.5,172.9499969482422,171.0500030517578,171.3000030517578,865685,0.0,0.0,2023-06-14
239,2023-06-14 10:25:00+05:30,171.35000610351562,171.5,170.4499969482422,171.35000610351562,488044,0.0,0.0,2023-06-14
240,2023-06-14 10:30:00+05:30,171.35000610351562,171.8000030517578,171.14999389648438,171.6999969482422,176784,0.0,0.0,2023-06-14
241,2023-06-14 10:35:00+05:30,171.75,171.85000610351562,171.5,171.6999969482422,128398,0.0,0.0,2023-06-14
242,2023-06-14 10:40:00+05:30,171.64999389648438,171.8000030517578,171.5,171.60000610351562,123196,0.0,0.0,2023-06-14
243,2023-06-14 10:45:00+05:30,171.60000610351562,171.60000610351562,171.10000610351562,171.35000610351562,154995,0.0,0.0,2023-06-14
244,2023-06-14 10:50:00+05:30,171.3000030517578,171.39999389648438,170.75,170.9499969482422,206388,0.0,0.0,2023-06-14
245,2023-06-14 10:55:00+05:30,170.8000030517578,170.9499969482422,170.64999389648438,170.75,128834,0.0,0.0,2023-06-14
246,2023-06-14 11:00:00+05:30,170.8000030517578,170.9499969482422,170.5500030517578,170.89999389648438,169171,0.0,0.0,2023-06-14
247,2023-06-14 11:05:00+05:30,170.89999389648438,170.89999389648438,170.0,170.10000610351562,280039,0.0,0.0,2023-06-14
248,2023-06-14 11:10:00+05:30,170.10000610351562,170.5500030517578,170.0,170.25,133005,0.0,0.0,2023-06-14
249,2023-06-14 11:15:00+05:30,170.25,170.64999389648438,170.0500030517578,170.64999389648438,96031,0.0,0.0,2023-06-14
250,2023-06-14 11:20:00+05:30,170.64999389648438,170.75,170.10000610351562,170.14999389648438,125265,0.0,0.0,2023-06-14
251,2023-06-14 11:25:00+05:30,170.25,170.64999389648438,170.14999389648438,170.4499969482422,117894,0.0,0.0,2023-06-14
252,2023-06-14 11:30:00+05:30,170.35000610351562,170.4499969482422,169.60000610351562,170.0500030517578,203472,0.0,0.0,2023-06-14
253,2023-06-14 11:35:00+05:30,170.10000610351562,170.4499969482422,170.0500030517578,170.39999389648438,63827,0.0,0.0,2023-06-14
254,2023-06-14 11:40:00+05:30,170.39999389648438,170.39999389648438,169.35000610351562,169.4499969482422,203752,0.0,0.0,2023-06-14
255,2023-06-14 11:45:00+05:30,169.4499969482422,169.8000030517578,169.3000030517578,169.64999389648438,151563,0.0,0.0,2023-06-14
256,2023-06-14 11:50:00+05:30,169.6999969482422,169.75,169.3000030517578,169.75,93666,0.0,0.0,2023-06-14
257,2023-06-14 11:55:00+05:30,169.75,169.9499969482422,169.35000610351562,169.60000610351562,132669,0.0,0.0,2023-06-14
258,2023-06-14 12:00:00+05:30,169.5,169.89999389648438,169.25,169.4499969482422,126861,0.0,0.0,2023-06-14
259,2023-06-14 12:05:00+05:30,169.4499969482422,169.75,169.0,169.75,197197,0.0,0.0,2023-06-14
260,2023-06-14 12:10:00+05:30,169.75,169.8000030517578,169.3000030517578,169.39999389648438,71933,0.0,0.0,2023-06-14
261,2023-06-14 12:15:00+05:30,169.35000610351562,169.5500030517578,169.14999389648438,169.39999389648438,92004,0.0,0.0,2023-06-14
262,2023-06-14 12:20:00+05:30,169.3000030517578,169.5500030517578,169.25,169.3000030517578,86280,0.0,0.0,2023-06-14
263,2023-06-14 12:25:00+05:30,169.25,169.35000610351562,168.6999969482422,168.89999389648438,150642,0.0,0.0,2023-06-14
264,2023-06-14 12:30:00+05:30,168.6999969482422,169.10000610351562,168.6999969482422,168.8000030517578,127207,0.0,0.0,2023-06-14
265,2023-06-14 12:35:00+05:30,168.8000030517578,169.0,168.75,169.0,96154,0.0,0.0,2023-06-14
266,2023-06-14 12:40:00+05:30,169.0,169.0,168.4499969482422,168.6999969482422,129233,0.0,0.0,2023-06-14
267,2023-06-14 12:45:00+05:30,168.6999969482422,169.1999969482422,167.60000610351562,167.9499969482422,459158,0.0,0.0,2023-06-14
268,2023-06-14 12:50:00+05:30,168.10000610351562,168.5500030517578,167.8000030517578,168.0500030517578,164907,0.0,0.0,2023-06-14
269,2023-06-14 12:55:00+05:30,168.0500030517578,168.14999389648438,167.6999969482422,168.0500030517578,123053,0.0,0.0,2023-06-14
270,2023-06-14 13:00:00+05:30,168.10000610351562,168.35000610351562,168.0,168.10000610351562,99378,0.0,0.0,2023-06-14
271,2023-06-14 13:05:00+05:30,168.10000610351562,168.25,167.85000610351562,167.9499969482422,125198,0.0,0.0,2023-06-14
272,2023-06-14 13:10:00+05:30,168.0,168.3000030517578,167.85000610351562,168.14999389648438,101027,0.0,0.0,2023-06-14
273,2023-06-14 13:15:00+05:30,168.0500030517578,168.35000610351562,167.89999389648438,168.25,82583,0.0,0.0,2023-06-14
274,2023-06-14 13:20:00+05:30,168.1999969482422,168.25,167.9499969482422,168.0500030517578,96330,0.0,0.0,2023-06-14
275,2023-06-14 13:25:00+05:30,168.0,168.25,167.9499969482422,168.0,93625,0.0,0.0,2023-06-14
276,2023-06-14 13:30:00+05:30,168.0500030517578,168.14999389648438,167.8000030517578,167.89999389648438,100105,0.0,0.0,2023-06-14
277,2023-06-14 13:35:00+05:30,168.0,168.0500030517578,167.8000030517578,167.89999389648438,75310,0.0,0.0,2023-06-14
278,2023-06-14 13:40:00+05:30,167.85000610351562,168.14999389648438,167.85000610351562,167.85000610351562,81522,0.0,0.0,2023-06-14
279,2023-06-14 13:45:00+05:30,167.9499969482422,168.6999969482422,167.9499969482422,168.5500030517578,100840,0.0,0.0,2023-06-14
280,2023-06-14 13:50:00+05:30,168.5,168.89999389648438,168.3000030517578,168.39999389648438,203321,0.0,0.0,2023-06-14
281,2023-06-14 13:55:00+05:30,168.39999389648438,168.5500030517578,168.14999389648438,168.4499969482422,94690,0.0,0.0,2023-06-14
282,2023-06-14 14:00:00+05:30,168.39999389648438,168.5,168.10000610351562,168.14999389648438,114113,0.0,0.0,2023-06-14
283,2023-06-14 14:05:00+05:30,168.25,168.35000610351562,167.89999389648438,168.25,127207,0.0,0.0,2023-06-14
284,2023-06-14 14:10:00+05:30,168.25,168.35000610351562,168.0,168.14999389648438,78528,0.0,0.0,2023-06-14
285,2023-06-14 14:15:00+05:30,168.1999969482422,168.1999969482422,167.8000030517578,167.85000610351562,137361,0.0,0.0,2023-06-14
286,2023-06-14 14:20:00+05:30,167.85000610351562,168.10000610351562,167.5500030517578,167.64999389648438,200059,0.0,0.0,2023-06-14
287,2023-06-14 14:25:00+05:30,167.64999389648438,167.75,167.25,167.5,164064,0.0,0.0,2023-06-14
288,2023-06-14 14:30:00+05:30,167.5,167.64999389648438,167.25,167.64999389648438,96605,0.0,0.0,2023-06-14
289,2023-06-14 14:35:00+05:30,167.5500030517578,167.64999389648438,167.35000610351562,167.64999389648438,106625,0.0,0.0,2023-06-14
290,2023-06-14 14:40:00+05:30,167.6999969482422,167.85000610351562,167.5500030517578,167.8000030517578,89817,0.0,0.0,2023-06-14
291,2023-06-14 14:45:00+05:30,167.8000030517578,168.35000610351562,167.60000610351562,168.25,199393,0.0,0.0,2023-06-14
292,2023-06-14 14:50:00+05:30,168.3000030517578,168.3000030517578,167.6999969482422,167.6999969482422,187438,0.0,0.0,2023-06-14
293,2023-06-14 14:55:00+05:30,167.8000030517578,167.9499969482422,167.5500030517578,167.5500030517578,106364,0.0,0.0,2023-06-14
294,2023-06-14 15:00:00+05:30,167.64999389648438,167.64999389648438,167.0,167.0,369130,0.0,0.0,2023-06-14
295,2023-06-14 15:05:00+05:30,166.6999969482422,166.9499969482422,166.64999389648438,166.6999969482422,438873,0.0,0.0,2023-06-14
296,2023-06-14 15:10:00+05:30,166.75,167.0,166.6999969482422,166.6999969482422,387855,0.0,0.0,2023-06-14
297,2023-06-14 15:15:00+05:30,166.75,167.0,166.5,166.5500030517578,704312,0.0,0.0,2023-06-14
298,2023-06-14 15:20:00+05:30,166.5500030517578,166.5500030517578,166.25,166.3000030517578,522717,0.0,0.0,2023-06-14
299,2023-06-14 15:25:00+05:30,166.35000610351562,166.75,166.25,166.75,380826,0.0,0.0,2023-06-14
300,2023-06-15 09:15:00+05:30,166.75,167.89999389648438,166.10000610351562,166.1999969482422,0,0.0,0.0,2023-06-15
301,2023-06-15 09:20:00+05:30,166.1999969482422,167.39999389648438,166.1999969482422,167.39999389648438,299499,0.0,0.0,2023-06-15
302,2023-06-15 09:25:00+05:30,167.5,168.14999389648438,167.10000610351562,168.14999389648438,469192,0.0,0.0,2023-06-15
303,2023-06-15 09:30:00+05:30,167.85000610351562,168.6999969482422,167.85000610351562,168.3000030517578,363835,0.0,0.0,2023-06-15
304,2023-06-15 09:35:00+05:30,168.25,168.35000610351562,167.0,167.4499969482422,430239,0.0,0.0,2023-06-15
305,2023-06-15 09:40:00+05:30,167.5,167.5,166.89999389648438,167.25,179714,0.0,0.0,2023-06-15
306,2023-06-15 09:45:00+05:30,167.3000030517578,167.9499969482422,167.25,167.75,161353,0.0,0.0,2023-06-15
307,2023-06-15 09:50:00+05:30,167.8000030517578,168.1999969482422,167.75,168.1999969482422,159747,0.0,0.0,2023-06-15
308,2023-06-15 09:55:00+05:30,168.1999969482422,168.1999969482422,167.75,167.75,143695,0.0,0.0,2023-06-15
309,2023-06-15 10:00:00+05:30,167.8000030517578,167.8000030517578,167.64999389648438,167.64999389648438,73567,0.0,0.0,2023-06-15
310,2023-06-15 10:05:00+05:30,167.64999389648438,167.6999969482422,167.25,167.6999969482422,103796,0.0,0.0,2023-06-15
311,2023-06-15 10:10:00+05:30,167.6999969482422,167.8000030517578,167.3000030517578,167.35000610351562,86687,0.0,0.0,2023-06-15
312,2023-06-15 10:15:00+05:30,167.35000610351562,167.5,167.14999389648438,167.5,113603,0.0,0.0,2023-06-15
313,2023-06-15 10:20:00+05:30,167.5,167.6999969482422,167.35000610351562,167.35000610351562,67492,0.0,0.0,2023-06-15
314,2023-06-15 10:25:00+05:30,167.35000610351562,167.35000610351562,167.0,167.14999389648438,122365,0.0,0.0,2023-06-15
315,2023-06-15 10:30:00+05:30,167.10000610351562,167.35000610351562,167.10000610351562,167.25,79390,0.0,0.0,2023-06-15
316,2023-06-15 10:35:00+05:30,167.3000030517578,167.3000030517578,167.0500030517578,167.0500030517578,59121,0.0,0.0,2023-06-15
317,2023-06-15 10:40:00+05:30,167.14999389648438,167.3000030517578,166.85000610351562,167.0500030517578,161072,0.0,0.0,2023-06-15
318,2023-06-15 10:45:00+05:30,167.0,167.4499969482422,167.0,167.3000030517578,182193,0.0,0.0,2023-06-15
319,2023-06-15 10:50:00+05:30,167.25,167.39999389648438,167.0500030517578,167.0500030517578,49093,0.0,0.0,2023-06-15
320,2023-06-15 10:55:00+05:30,167.10000610351562,167.1999969482422,166.9499969482422,167.10000610351562,61481,0.0,0.0,2023-06-15
321,2023-06-15 11:00:00+05:30,167.10000610351562,167.25,166.89999389648438,166.9499969482422,102319,0.0,0.0,2023-06-15
322,2023-06-15 11:05:00+05:30,167.0500030517578,167.10000610351562,166.89999389648438,167.0,150017,0.0,0.0,2023-06-15
323,2023-06-15 11:10:00+05:30,167.0,167.0500030517578,166.89999389648438,167.0500030517578,95612,0.0,0.0,2023-06-15
324,2023-06-15 11:15:00+05:30,166.9499969482422,167.1999969482422,166.9499969482422,167.1999969482422,88975,0.0,0.0,2023-06-15
325,2023-06-15 11:20:00+05:30,167.14999389648438,167.14999389648438,166.8000030517578,167.0500030517578,157412,0.0,0.0,2023-06-15
326,2023-06-15 11:25:00+05:30,167.0500030517578,167.10000610351562,166.85000610351562,167.0,79283,0.0,0.0,2023-06-15
327,2023-06-15 11:30:00+05:30,167.0,167.0500030517578,166.1999969482422,166.3000030517578,231051,0.0,0.0,2023-06-15
328,2023-06-15 11:35:00+05:30,166.39999389648438,166.39999389648438,166.0,166.10000610351562,186074,0.0,0.0,2023-06-15
329,2023-06-15 11:40:00+05:30,166.10000610351562,167.10000610351562,166.0,166.75,1060674,0.0,0.0,2023-06-15
330,2023-06-15 11:45:00+05:30,166.8000030517578,167.0,166.4499969482422,166.4499969482422,127133,0.0,0.0,2023-06-15
331,2023-06-15 11:50:00+05:30,166.5,166.75,166.0500030517578,166.10000610351562,154789,0.0,0.0,2023-06-15
332,2023-06-15 11:55:00+05:30,166.10000610351562,166.35000610351562,165.6999969482422,165.9499969482422,200866,0.0,0.0,2023-06-15
333,2023-06-15 12:00:00+05:30,165.89999389648438,166.10000610351562,165.85000610351562,166.0500030517578,54440,0.0,0.0,2023-06-15
334,2023-06-15 12:05:00+05:30,166.10000610351562,166.14999389648438,165.8000030517578,165.8000030517578,57967,0.0,0.0,2023-06-15
335,2023-06-15 12:10:00+05:30,165.85000610351562,166.10000610351562,165.85000610351562,166.10000610351562,61295,0.0,0.0,2023-06-15
336,2023-06-15 12:15:00+05:30,166.0,166.64999389648438,166.0,166.60000610351562,103827,0.0,0.0,2023-06-15
337,2023-06-15 12:20:00+05:30,166.64999389648438,166.9499969482422,166.60000610351562,166.8000030517578,98290,0.0,0.0,2023-06-15
338,2023-06-15 12:25:00+05:30,166.75,166.9499969482422,166.64999389648438,166.8000030517578,82412,0.0,0.0,2023-06-15
339,2023-06-15 12:30:00+05:30,166.6999969482422,166.85000610351562,166.64999389648438,166.75,101044,0.0,0.0,2023-06-15
340,2023-06-15 12:35:00+05:30,166.75,166.85000610351562,166.60000610351562,166.8000030517578,93559,0.0,0.0,2023-06-15
341,2023-06-15 12:40:00+05:30,166.8000030517578,166.9499969482422,166.6999969482422,166.8000030517578,59416,0.0,0.0,2023-06-15
342,2023-06-15 12:45:00+05:30,166.75,167.5,166.75,167.4499969482422,157311,0.0,0.0,2023-06-15
343,2023-06-15 12:50:00+05:30,167.4499969482422,167.5500030517578,167.0,167.35000610351562,169391,0.0,0.0,2023-06-15
344,2023-06-15 12:55:00+05:30,167.35000610351562,167.39999389648438,166.85000610351562,167.0,74110,0.0,0.0,2023-06-15
345,2023-06-15 13:00:00+05:30,167.0,167.10000610351562,166.5500030517578,166.5500030517578,125502,0.0,0.0,2023-06-15
346,2023-06-15 13:05:00+05:30,166.5500030517578,166.5500030517578,166.0,166.0,78033,0.0,0.0,2023-06-15
347,2023-06-15 13:10:00+05:30,166.0,166.10000610351562,165.89999389648438,166.0,66718,0.0,0.0,2023-06-15
348,2023-06-15 13:15:00+05:30,166.0,166.10000610351562,165.6999969482422,166.0500030517578,76628,0.0,0.0,2023-06-15
349,2023-06-15 13:20:00+05:30,166.0500030517578,166.14999389648438,165.9499969482422,165.9499969482422,69233,0.0,0.0,2023-06-15
350,2023-06-15 13:25:00+05:30,165.9499969482422,166.0500030517578,165.8000030517578,165.8000030517578,63009,0.0,0.0,2023-06-15
351,2023-06-15 13:30:00+05:30,165.85000610351562,166.0,165.75,165.89999389648438,59527,0.0,0.0,2023-06-15
352,2023-06-15 13:35:00+05:30,165.8000030517578,165.85000610351562,165.60000610351562,165.6999969482422,77150,0.0,0.0,2023-06-15
353,2023-06-15 13:40:00+05:30,165.64999389648438,165.6999969482422,165.1999969482422,165.1999969482422,103277,0.0,0.0,2023-06-15
354,2023-06-15 13:45:00+05:30,165.1999969482422,165.4499969482422,165.14999389648438,165.3000030517578,95691,0.0,0.0,2023-06-15
355,2023-06-15 13:50:00+05:30,165.1999969482422,165.25,165.14999389648438,165.14999389648438,98304,0.0,0.0,2023-06-15
356,2023-06-15 13:55:00+05:30,165.1999969482422,165.1999969482422,164.8000030517578,165.0,147599,0.0,0.0,2023-06-15
357,2023-06-15 14:00:00+05:30,165.0,165.0,164.5500030517578,164.75,91749,0.0,0.0,2023-06-15
358,2023-06-15 14:05:00+05:30,164.6999969482422,164.6999969482422,164.25,164.4499969482422,118707,0.0,0.0,2023-06-15
359,2023-06-15 14:10:00+05:30,164.4499969482422,164.6999969482422,163.89999389648438,164.25,235452,0.0,0.0,2023-06-15
360,2023-06-15 14:15:00+05:30,164.25,164.64999389648438,164.14999389648438,164.25,83450,0.0,0.0,2023-06-15
361,2023-06-15 14:20:00+05:30,164.1999969482422,164.4499969482422,164.0,164.35000610351562,148642,0.0,0.0,2023-06-15
362,2023-06-15 14:25:00+05:30,164.35000610351562,164.39999389648438,164.10000610351562,164.35000610351562,78102,0.0,0.0,2023-06-15
363,2023-06-15 14:30:00+05:30,164.39999389648438,164.75,164.35000610351562,164.5,118827,0.0,0.0,2023-06-15
364,2023-06-15 14:35:00+05:30,164.5,164.5,164.25,164.39999389648438,110703,0.0,0.0,2023-06-15
365,2023-06-15 14:40:00+05:30,164.39999389648438,164.4499969482422,164.0500030517578,164.1999969482422,169119,0.0,0.0,2023-06-15
366,2023-06-15 14:45:00+05:30,164.14999389648438,164.3000030517578,163.9499969482422,164.3000030517578,118503,0.0,0.0,2023-06-15
367,2023-06-15 14:50:00+05:30,164.3000030517578,164.39999389648438,163.75,163.85000610351562,143417,0.0,0.0,2023-06-15
368,2023-06-15 14:55:00+05:30,163.89999389648438,163.9499969482422,163.1999969482422,163.1999969482422,235564,0.0,0.0,2023-06-15
369,2023-06-15 15:00:00+05:30,163.35000610351562,163.89999389648438,163.1999969482422,163.60000610351562,329396,0.0,0.0,2023-06-15
370,2023-06-15 15:05:00+05:30,163.60000610351562,163.85000610351562,163.35000610351562,163.75,307432,0.0,0.0,2023-06-15
371,2023-06-15 15:10:00+05:30,163.75,163.85000610351562,163.4499969482422,163.4499969482422,159431,0.0,0.0,2023-06-15
372,2023-06-15 15:15:00+05:30,163.4499969482422,163.75,163.35000610351562,163.60000610351562,257518,0.0,0.0,2023-06-15
373,2023-06-15 15:20:00+05:30,163.6999969482422,163.75,163.3000030517578,163.35000610351562,235242,0.0,0.0,2023-06-15
374,2023-06-15 15:25:00+05:30,163.3000030517578,163.8000030517578,163.25,163.60000610351562,201642,0.0,0.0,2023-06-15
375,2023-06-16 09:15:00+05:30,164.35000610351562,165.5500030517578,164.1999969482422,164.64999389648438,0,0.0,0.0,2023-06-16
376,2023-06-16 09:20:00+05:30,165.0500030517578,165.3000030517578,164.5500030517578,165.0500030517578,172879,0.0,0.0,2023-06-16
377,2023-06-16 09:25:00+05:30,165.0,165.25,164.64999389648438,165.0500030517578,68261,0.0,0.0,2023-06-16
378,2023-06-16 09:30:00+05:30,165.10000610351562,165.10000610351562,164.60000610351562,165.0,51813,0.0,0.0,2023-06-16
379,2023-06-16 09:35:00+05:30,165.0,165.0500030517578,164.4499969482422,164.75,65564,0.0,0.0,2023-06-16
380,2023-06-16 09:40:00+05:30,164.64999389648438,164.85000610351562,164.5,164.60000610351562,27511,0.0,0.0,2023-06-16
381,2023-06-16 09:45:00+05:30,164.64999389648438,164.64999389648438,164.1999969482422,164.35000610351562,89161,0.0,0.0,2023-06-16
382,2023-06-16 09:50:00+05:30,164.25,164.39999389648438,164.0,164.10000610351562,136686,0.0,0.0,2023-06-16
383,2023-06-16 09:55:00+05:30,164.1999969482422,164.5,164.10000610351562,164.1999969482422,28635,0.0,0.0,2023-06-16
384,2023-06-16 10:00:00+05:30,164.25,164.25,163.8000030517578,164.0,43368,0.0,0.0,2023-06-16
385,2023-06-16 10:05:00+05:30,164.0,164.25,164.0,164.0,50894,0.0,0.0,2023-06-16
386,2023-06-16 10:10:00+05:30,164.0,164.0500030517578,163.75,163.75,29495,0.0,0.0,2023-06-16
387,2023-06-16 10:15:00+05:30,163.75,164.1999969482422,163.75,164.0500030517578,38915,0.0,0.0,2023-06-16
388,2023-06-16 10:20:00+05:30,163.9499969482422,164.14999389648438,163.9499969482422,163.9499969482422,16426,0.0,0.0,2023-06-16
389,2023-06-16 10:25:00+05:30,164.0,164.10000610351562,163.85000610351562,163.89999389648438,29689,0.0,0.0,2023-06-16
390,2023-06-16 10:30:00+05:30,163.85000610351562,164.39999389648438,163.85000610351562,164.3000030517578,40137,0.0,0.0,2023-06-16
391,2023-06-16 10:35:00+05:30,164.3000030517578,164.5,164.1999969482422,164.4499969482422,22950,0.0,0.0,2023-06-16
392,2023-06-16 10:40:00+05:30,164.35000610351562,164.4499969482422,164.10000610351562,164.25,10867,0.0,0.0,2023-06-16
393,2023-06-16 10:45:00+05:30,164.14999389648438,164.3000030517578,164.0500030517578,164.1999969482422,12928,0.0,0.0,2023-06-16
394,2023-06-16 10:50:00+05:30,164.14999389648438,164.1999969482422,164.0500030517578,164.0500030517578,20871,0.0,0.0,2023-06-16
395,2023-06-16 10:55:00+05:30,164.0500030517578,164.5,164.0500030517578,164.39999389648438,26104,0.0,0.0,2023-06-16
396,2023-06-16 11:00:00+05:30,164.39999389648438,164.5,164.35000610351562,164.39999389648438,18400,0.0,0.0,2023-06-16
397,2023-06-16 11:05:00+05:30,164.3000030517578,164.60000610351562,164.3000030517578,164.5500030517578,14179,0.0,0.0,2023-06-16
398,2023-06-16 11:10:00+05:30,164.5500030517578,164.5500030517578,164.10000610351562,164.10000610351562,20401,0.0,0.0,2023-06-16
399,2023-06-16 11:15:00+05:30,164.10000610351562,164.14999389648438,164.0500030517578,164.14999389648438,6287,0.0,0.0,2023-06-16
400,2023-06-16 11:20:00+05:30,164.14999389648438,164.39999389648438,164.0500030517578,164.0500030517578,35602,0.0,0.0,2023-06-16
401,2023-06-16 11:25:00+05:30,164.0500030517578,164.1999969482422,163.8000030517578,164.1999969482422,50161,0.0,0.0,2023-06-16
402,2023-06-16 11:30:00+05:30,164.1999969482422,164.1999969482422,164.0,164.0,9397,0.0,0.0,2023-06-16
403,2023-06-16 11:35:00+05:30,164.0,164.0,163.8000030517578,164.0,13634,0.0,0.0,2023-06-16
404,2023-06-16 11:40:00+05:30,164.0500030517578,164.10000610351562,163.9499969482422,164.0500030517578,18235,0.0,0.0,2023-06-16
405,2023-06-16 11:45:00+05:30,164.10000610351562,164.14999389648438,163.89999389648438,164.0,16971,0.0,0.0,2023-06-16
406,2023-06-16 11:50:00+05:30,163.89999389648438,164.0,163.8000030517578,163.8000030517578,22366,0.0,0.0,2023-06-16
407,2023-06-16 11:55:00+05:30,163.8000030517578,164.0500030517578,163.8000030517578,163.89999389648438,10153,0.0,0.0,2023-06-16
408,2023-06-16 12:00:00+05:30,163.89999389648438,163.9499969482422,163.8000030517578,163.89999389648438,18368,0.0,0.0,2023-06-16
409,2023-06-16 12:05:00+05:30,163.89999389648438,163.89999389648438,163.5500030517578,163.8000030517578,25507,0.0,0.0,2023-06-16
410,2023-06-16 12:10:00+05:30,163.8000030517578,163.89999389648438,163.64999389648438,163.8000030517578,13835,0.0,0.0,2023-06-16
411,2023-06-16 12:15:00+05:30,163.85000610351562,164.10000610351562,163.6999969482422,164.0500030517578,26625,0.0,0.0,2023-06-16
412,2023-06-16 12:20:00+05:30,164.0500030517578,164.1999969482422,164.0,164.1999969482422,8587,0.0,0.0,2023-06-16
413,2023-06-16 12:25:00+05:30,164.1999969482422,164.39999389648438,164.1999969482422,164.3000030517578,20247,0.0,0.0,2023-06-16
414,2023-06-16 12:30:00+05:30,164.3000030517578,164.3000030517578,164.10000610351562,164.14999389648438,8855,0.0,0.0,2023-06-16
415,2023-06-16 12:35:00+05:30,164.10000610351562,164.1999969482422,164.0,164.1999969482422,6439,0.0,0.0,2023-06-16
416,2023-06-16 12:40:00+05:30,164.1999969482422,164.1999969482422,164.0,164.10000610351562,5744,0.0,0.0,2023-06-16
417,2023-06-16 12:45:00+05:30,164.10000610351562,164.10000610351562,163.89999389648438,163.89999389648438,13315,0.0,0.0,2023-06-16
418,2023-06-16 12:50:00+05:30,163.89999389648438,164.0500030517578,163.89999389648438,163.9499969482422,11597,0.0,0.0,2023-06-16
419,2023-06-16 12:55:00+05:30,163.89999389648438,164.35000610351562,163.85000610351562,164.3000030517578,13310,0.0,0.0,2023-06-16
420,2023-06-16 13:00:00+05:30,164.3000030517578,164.3000030517578,164.0,164.14999389648438,20854,0.0,0.0,2023-06-16
421,2023-06-16 13:05:00+05:30,164.1999969482422,164.25,164.10000610351562,164.25,38013,0.0,0.0,2023-06-16
422,2023-06-16 13:10:00+05:30,164.1999969482422,164.35000610351562,164.10000610351562,164.25,13529,0.0,0.0,2023-06-16
423,2023-06-16 13:15:00+05:30,164.3000030517578,164.5,164.3000030517578,164.5,18613,0.0,0.0,2023-06-16
424,2023-06-16 13:20:00+05:30,164.5,164.60000610351562,164.39999389648438,164.5,35175,0.0,0.0,2023-06-16
425,2023-06-16 13:25:00+05:30,164.39999389648438,164.5500030517578,164.35000610351562,164.39999389648438,11757,0.0,0.0,2023-06-16
426,2023-06-16 13:30:00+05:30,164.4499969482422,164.5,164.3000030517578,164.35000610351562,10085,0.0,0.0,2023-06-16
427,2023-06-16 13:35:00+05:30,164.35000610351562,164.39999389648438,164.1999969482422,164.25,9623,0.0,0.0,2023-06-16
428,2023-06-16 13:40:00+05:30,164.25,164.3000030517578,164.0500030517578,164.0500030517578,5897,0.0,0.0,2023-06-16
429,2023-06-16 13:45:00+05:30,164.0500030517578,164.14999389648438,164.0,164.10000610351562,18091,0.0,0.0,2023-06-16
430,2023-06-16 13:50:00+05:30,164.10000610351562,164.35000610351562,164.10000610351562,164.35000610351562,27975,0.0,0.0,2023-06-16
431,2023-06-16 13:55:00+05:30,164.35000610351562,164.4499969482422,164.10000610351562,164.1999969482422,20563,0.0,0.0,2023-06-16
432,2023-06-16 14:00:00+05:30,164.25,164.39999389648438,164.10000610351562,164.35000610351562,19992,0.0,0.0,2023-06-16
433,2023-06-16 14:05:00+05:30,164.3000030517578,164.35000610351562,164.10000610351562,164.10000610351562,9205,0.0,0.0,2023-06-16
434,2023-06-16 14:10:00+05:30,164.10000610351562,164.14999389648438,164.0,164.10000610351562,18067,0.0,0.0,2023-06-16
435,2023-06-16 14:15:00+05:30,164.0500030517578,164.25,164.0500030517578,164.14999389648438,9508,0.0,0.0,2023-06-16
436,2023-06-16 14:20:00+05:30,164.10000610351562,164.25,164.10000610351562,164.25,21591,0.0,0.0,2023-06-16
437,2023-06-16 14:25:00+05:30,164.25,164.3000030517578,164.14999389648438,164.25,31825,0.0,0.0,2023-06-16
438,2023-06-16 14:30:00+05:30,164.3000030517578,164.35000610351562,163.89999389648438,163.9499969482422,56055,0.0,0.0,2023-06-16
439,2023-06-16 14:35:00+05:30,163.89999389648438,164.25,163.75,164.25,34473,0.0,0.0,2023-06-16
440,2023-06-16 14:40:00+05:30,164.35000610351562,164.35000610351562,164.10000610351562,164.10000610351562,9845,0.0,0.0,2023-06-16
441,2023-06-16 14:45:00+05:30,164.14999389648438,164.25,164.0,164.10000610351562,39302,0.0,0.0,2023-06-16
442,2023-06-16 14:50:00+05:30,164.14999389648438,164.14999389648438,163.5,163.64999389648438,55512,0.0,0.0,2023-06-16
443,2023-06-16 14:55:00+05:30,163.6999969482422,163.75,163.5500030517578,163.75,32680,0.0,0.0,2023-06-16
444,2023-06-16 15:00:00+05:30,163.8000030517578,163.89999389648438,163.5,163.5,317988,0.0,0.0,2023-06-16
445,2023-06-16 15:05:00+05:30,163.4499969482422,163.6999969482422,163.35000610351562,163.64999389648438,273807,0.0,0.0,2023-06-16
446,2023-06-16 15:10:00+05:30,163.6999969482422,163.85000610351562,163.60000610351562,163.60000610351562,337343,0.0,0.0,2023-06-16
447,2023-06-16 15:15:00+05:30,163.60000610351562,164.0500030517578,163.5,164.0500030517578,445583,0.0,0.0,2023-06-16
448,2023-06-16 15:20:00+05:30,164.0500030517578,164.10000610351562,163.60000610351562,164.10000610351562,416392,0.0,0.0,2023-06-16
449,2023-06-16 15:25:00+05:30,164.10000610351562,164.10000610351562,163.4499969482422,163.6999969482422,0,0.0,0.0,2023-06-16
450,2023-06-19 09:15:00+05:30,164.0,164.0,162.25,162.4499969482422,0,0.0,0.0,2023-06-19
451,2023-06-19 09:20:00+05:30,162.3000030517578,163.10000610351562,161.9499969482422,162.5,251893,0.0,0.0,2023-06-19
452,2023-06-19 09:25:00+05:30,162.5,162.5500030517578,162.1999969482422,162.5,108847,0.0,0.0,2023-06-19
453,2023-06-19 09:30:00+05:30,162.5,162.60000610351562,161.89999389648438,162.3000030517578,105767,0.0,0.0,2023-06-19
454,2023-06-19 09:35:00+05:30,162.39999389648438,163.0,162.39999389648438,162.85000610351562,106266,0.0,0.0,2023-06-19
455,2023-06-19 09:40:00+05:30,162.75,162.89999389648438,162.25,162.25,35280,0.0,0.0,2023-06-19
456,2023-06-19 09:45:00+05:30,162.25,162.9499969482422,162.1999969482422,162.85000610351562,55786,0.0,0.0,2023-06-19
457,2023-06-19 09:50:00+05:30,162.89999389648438,162.89999389648438,162.5,162.5500030517578,32672,0.0,0.0,2023-06-19
458,2023-06-19 09:55:00+05:30,162.5,162.5500030517578,162.35000610351562,162.5,41416,0.0,0.0,2023-06-19
459,2023-06-19 10:00:00+05:30,162.5500030517578,162.5500030517578,162.0500030517578,162.14999389648438,80255,0.0,0.0,2023-06-19
460,2023-06-19 10:05:00+05:30,162.14999389648438,162.3000030517578,161.75,161.85000610351562,77403,0.0,0.0,2023-06-19
461,2023-06-19 10:10:00+05:30,161.85000610351562,161.9499969482422,161.5500030517578,161.60000610351562,66736,0.0,0.0,2023-06-19
462,2023-06-19 10:15:00+05:30,161.60000610351562,161.60000610351562,160.8000030517578,161.1999969482422,189037,0.0,0.0,2023-06-19
463,2023-06-19 10:20:00+05:30,161.10000610351562,161.39999389648438,161.10000610351562,161.35000610351562,43802,0.0,0.0,2023-06-19
464,2023-06-19 10:25:00+05:30,161.35000610351562,161.8000030517578,161.3000030517578,161.5500030517578,38047,0.0,0.0,2023-06-19
465,2023-06-19 10:30:00+05:30,161.60000610351562,161.60000610351562,161.10000610351562,161.4499969482422,43784,0.0,0.0,2023-06-19
466,2023-06-19 10:35:00+05:30,161.4499969482422,161.75,161.4499969482422,161.64999389648438,17772,0.0,0.0,2023-06-19
467,2023-06-19 10:40:00+05:30,161.64999389648438,161.85000610351562,161.64999389648438,161.8000030517578,25951,0.0,0.0,2023-06-19
468,2023-06-19 10:45:00+05:30,161.75,161.75,161.25,161.39999389648438,74619,0.0,0.0,2023-06-19
469,2023-06-19 10:50:00+05:30,161.39999389648438,161.5,161.25,161.5,16453,0.0,0.0,2023-06-19
470,2023-06-19 10:55:00+05:30,161.39999389648438,161.6999969482422,161.39999389648438,161.6999969482422,17726,0.0,0.0,2023-06-19
471,2023-06-19 11:00:00+05:30,161.6999969482422,161.75,161.4499969482422,161.5500030517578,12214,0.0,0.0,2023-06-19
472,2023-06-19 11:05:00+05:30,161.5,161.5,161.39999389648438,161.4499969482422,14214,0.0,0.0,2023-06-19
473,2023-06-19 11:10:00+05:30,161.4499969482422,161.5,161.39999389648438,161.4499969482422,17681,0.0,0.0,2023-06-19
474,2023-06-19 11:15:00+05:30,161.5500030517578,161.6999969482422,161.39999389648438,161.6999969482422,17385,0.0,0.0,2023-06-19
475,2023-06-19 11:20:00+05:30,161.6999969482422,161.6999969482422,161.39999389648438,161.5,14185,0.0,0.0,2023-06-19
476,2023-06-19 11:25:00+05:30,161.5,161.75,161.5,161.6999969482422,8807,0.0,0.0,2023-06-19
477,2023-06-19 11:30:00+05:30,161.6999969482422,161.6999969482422,161.5,161.60000610351562,9580,0.0,0.0,2023-06-19
478,2023-06-19 11:35:00+05:30,161.5,161.9499969482422,161.5,161.9499969482422,41383,0.0,0.0,2023-06-19
479,2023-06-19 11:40:00+05:30,161.9499969482422,162.4499969482422,161.6999969482422,162.39999389648438,96450,0.0,0.0,2023-06-19
480,2023-06-19 11:45:00+05:30,162.39999389648438,162.60000610351562,162.3000030517578,162.35000610351562,46356,0.0,0.0,2023-06-19
481,2023-06-19 11:50:00+05:30,162.25,162.25,162.0500030517578,162.14999389648438,44500,0.0,0.0,2023-06-19
482,2023-06-19 11:55:00+05:30,162.14999389648438,162.8000030517578,161.6999969482422,162.60000610351562,83181,0.0,0.0,2023-06-19
483,2023-06-19 12:00:00+05:30,162.5,162.5,162.14999389648438,162.1999969482422,13966,0.0,0.0,2023-06-19
484,2023-06-19 12:05:00+05:30,162.1999969482422,162.35000610351562,162.0,162.35000610351562,19856,0.0,0.0,2023-06-19
485,2023-06-19 12:10:00+05:30,162.35000610351562,162.4499969482422,162.14999389648438,162.39999389648438,35741,0.0,0.0,2023-06-19
486,2023-06-19 12:15:00+05:30,162.35000610351562,162.5,162.25,162.4499969482422,11080,0.0,0.0,2023-06-19
487,2023-06-19 12:20:00+05:30,162.4499969482422,162.4499969482422,162.14999389648438,162.39999389648438,38543,0.0,0.0,2023-06-19
488,2023-06-19 12:25:00+05:30,162.35000610351562,162.5,162.35000610351562,162.4499969482422,40314,0.0,0.0,2023-06-19
489,2023-06-19 12:30:00+05:30,162.4499969482422,163.14999389648438,162.35000610351562,163.14999389648438,79585,0.0,0.0,2023-06-19
490,2023-06-19 12:35:00+05:30,163.10000610351562,163.14999389648438,162.60000610351562,162.6999969482422,16392,0.0,0.0,2023-06-19
491,2023-06-19 12:40:00+05:30,162.6999969482422,162.89999389648438,162.39999389648438,162.5500030517578,50659,0.0,0.0,2023-06-19
492,2023-06-19 12:45:00+05:30,162.60000610351562,162.75,162.60000610351562,162.75,8184,0.0,0.0,2023-06-19
493,2023-06-19 12:50:00+05:30,162.64999389648438,162.9499969482422,162.5500030517578,162.85000610351562,21724,0.0,0.0,2023-06-19
494,2023-06-19 12:55:00+05:30,162.85000610351562,162.9499969482422,162.64999389648438,162.89999389648438,19298,0.0,0.0,2023-06-19
495,2023-06-19 13:00:00+05:30,162.89999389648438,162.89999389648438,162.64999389648438,162.6999969482422,6405,0.0,0.0,2023-06-19
496,2023-06-19 13:05:00+05:30,162.64999389648438,162.9499969482422,162.64999389648438,162.89999389648438,24479,0.0,0.0,2023-06-19
497,2023-06-19 13:10:00+05:30,162.89999389648438,162.89999389648438,162.5500030517578,162.5500030517578,9249,0.0,0.0,2023-06-19
498,2023-06-19 13:15:00+05:30,162.5500030517578,162.5500030517578,162.35000610351562,162.39999389648438,24218,0.0,0.0,2023-06-19
499,2023-06-19 13:20:00+05:30,162.35000610351562,162.39999389648438,162.1999969482422,162.1999969482422,11135,0.0,0.0,2023-06-19
500,2023-06-19 13:25:00+05:30,162.25,162.25,162.0500030517578,162.1999969482422,21357,0.0,0.0,2023-06-19
501,2023-06-19 13:30:00+05:30,162.1999969482422,162.3000030517578,161.8000030517578,161.8000030517578,32143,0.0,0.0,2023-06-19
502,2023-06-19 13:35:00+05:30,161.8000030517578,162.0,161.75,161.9499969482422,16020,0.0,0.0,2023-06-19
503,2023-06-19 13:40:00+05:30,162.0,162.0,161.75,161.85000610351562,8260,0.0,0.0,2023-06-19
504,2023-06-19 13:45:00+05:30,161.8000030517578,161.89999389648438,161.60000610351562,161.6999969482422,29846,0.0,0.0,2023-06-19
505,2023-06-19 13:50:00+05:30,161.64999389648438,161.8000030517578,161.14999389648438,161.1999969482422,113424,0.0,0.0,2023-06-19
506,2023-06-19 13:55:00+05:30,161.25,161.64999389648438,161.1999969482422,161.60000610351562,15298,0.0,0.0,2023-06-19
507,2023-06-19 14:00:00+05:30,161.6999969482422,161.6999969482422,161.4499969482422,161.4499969482422,7659,0.0,0.0,2023-06-19
508,2023-06-19 14:05:00+05:30,161.4499969482422,161.6999969482422,161.39999389648438,161.5500030517578,21625,0.0,0.0,2023-06-19
509,2023-06-19 14:10:00+05:30,161.5,161.64999389648438,161.4499969482422,161.5500030517578,10485,0.0,0.0,2023-06-19
510,2023-06-19 14:15:00+05:30,161.5500030517578,161.6999969482422,161.3000030517578,161.4499969482422,21888,0.0,0.0,2023-06-19
511,2023-06-19 14:20:00+05:30,161.4499969482422,161.60000610351562,161.35000610351562,161.4499969482422,24667,0.0,0.0,2023-06-19
512,2023-06-19 14:25:00+05:30,161.4499969482422,161.5500030517578,161.1999969482422,161.35000610351562,24896,0.0,0.0,2023-06-19
513,2023-06-19 14:30:00+05:30,161.35000610351562,161.75,161.3000030517578,161.5500030517578,31104,0.0,0.0,2023-06-19
514,2023-06-19 14:35:00+05:30,161.60000610351562,161.8000030517578,161.39999389648438,161.60000610351562,28906,0.0,0.0,2023-06-19
515,2023-06-19 14:40:00+05:30,161.60000610351562,161.6999969482422,161.5,161.5500030517578,8223,0.0,0.0,2023-06-19
516,2023-06-19 14:45:00+05:30,161.60000610351562,161.64999389648438,161.14999389648438,161.25,161571,0.0,0.0,2023-06-19
517,2023-06-19 14:50:00+05:30,161.3000030517578,161.4499969482422,161.1999969482422,161.35000610351562,13746,0.0,0.0,2023-06-19
518,2023-06-19 14:55:00+05:30,161.3000030517578,161.35000610351562,160.8000030517578,160.85000610351562,61467,0.0,0.0,2023-06-19
519,2023-06-19 15:00:00+05:30,160.9499969482422,161.14999389648438,160.75,160.8000030517578,76781,0.0,0.0,2023-06-19
520,2023-06-19 15:05:00+05:30,160.75,161.10000610351562,160.75,161.0,89155,0.0,0.0,2023-06-19
521,2023-06-19 15:10:00+05:30,161.0500030517578,161.10000610351562,160.75,160.89999389648438,111970,0.0,0.0,2023-06-19
522,2023-06-19 15:15:00+05:30,160.9499969482422,161.0,160.60000610351562,160.60000610351562,205783,0.0,0.0,2023-06-19
523,2023-06-19 15:20:00+05:30,160.64999389648438,160.8000030517578,160.4499969482422,160.75,232171,0.0,0.0,2023-06-19
524,2023-06-19 15:25:00+05:30,160.75,161.14999389648438,160.75,160.8000030517578,86485,0.0,0.0,2023-06-19
525,2023-06-20 09:15:00+05:30,161.25,161.5500030517578,160.3000030517578,161.10000610351562,0,0.0,0.0,2023-06-20
526,2023-06-20 09:20:00+05:30,160.9499969482422,160.9499969482422,159.64999389648438,160.60000610351562,186125,0.0,0.0,2023-06-20
527,2023-06-20 09:25:00+05:30,160.5,160.60000610351562,159.89999389648438,160.0,103914,0.0,0.0,2023-06-20
528,2023-06-20 09:30:00+05:30,160.10000610351562,160.1999969482422,159.6999969482422,159.9499969482422,89922,0.0,0.0,2023-06-20
529,2023-06-20 09:35:00+05:30,159.9499969482422,160.1999969482422,159.89999389648438,160.0500030517578,58715,0.0,0.0,2023-06-20
530,2023-06-20 09:40:00+05:30,160.0,160.3000030517578,159.8000030517578,160.25,62842,0.0,0.0,2023-06-20
531,2023-06-20 09:45:00+05:30,160.14999389648438,160.39999389648438,160.10000610351562,160.1999969482422,61883,0.0,0.0,2023-06-20
532,2023-06-20 09:50:00+05:30,160.3000030517578,160.4499969482422,160.1999969482422,160.35000610351562,55749,0.0,0.0,2023-06-20
533,2023-06-20 09:55:00+05:30,160.39999389648438,160.4499969482422,159.9499969482422,160.10000610351562,31470,0.0,0.0,2023-06-20
534,2023-06-20 10:00:00+05:30,160.10000610351562,160.6999969482422,160.0500030517578,160.64999389648438,59114,0.0,0.0,2023-06-20
535,2023-06-20 10:05:00+05:30,160.5500030517578,160.64999389648438,160.25,160.39999389648438,25918,0.0,0.0,2023-06-20
536,2023-06-20 10:10:00+05:30,160.35000610351562,160.39999389648438,160.10000610351562,160.3000030517578,20860,0.0,0.0,2023-06-20
537,2023-06-20 10:15:00+05:30,160.25,160.60000610351562,160.1999969482422,160.5,29171,0.0,0.0,2023-06-20
538,2023-06-20 10:20:00+05:30,160.4499969482422,160.5,160.25,160.35000610351562,18586,0.0,0.0,2023-06-20
539,2023-06-20 10:25:00+05:30,160.39999389648438,160.39999389648438,160.14999389648438,160.1999969482422,33378,0.0,0.0,2023-06-20
540,2023-06-20 10:30:00+05:30,160.25,160.25,159.89999389648438,160.0,36344,0.0,0.0,2023-06-20
541,2023-06-20 10:35:00+05:30,160.0,160.0500030517578,159.75,159.85000610351562,38341,0.0,0.0,2023-06-20
542,2023-06-20 10:40:00+05:30,159.85000610351562,160.10000610351562,159.8000030517578,159.9499969482422,32034,0.0,0.0,2023-06-20
543,2023-06-20 10:45:00+05:30,160.0,160.0500030517578,159.89999389648438,159.9499969482422,11016,0.0,0.0,2023-06-20
544,2023-06-20 10:50:00+05:30,159.89999389648438,160.0500030517578,159.89999389648438,159.9499969482422,11278,0.0,0.0,2023-06-20
545,2023-06-20 10:55:00+05:30,159.89999389648438,160.0500030517578,159.89999389648438,159.9499969482422,25699,0.0,0.0,2023-06-20
546,2023-06-20 11:00:00+05:30,159.89999389648438,160.0,159.8000030517578,159.8000030517578,23313,0.0,0.0,2023-06-20
547,2023-06-20 11:05:00+05:30,159.8000030517578,159.9499969482422,159.75,159.89999389648438,25418,0.0,0.0,2023-06-20
548,2023-06-20 11:10:00+05:30,159.89999389648438,160.10000610351562,159.8000030517578,160.0500030517578,34390,0.0,0.0,2023-06-20
549,2023-06-20 11:15:00+05:30,159.9499969482422,160.0500030517578,159.8000030517578,159.9499969482422,11861,0.0,0.0,2023-06-20
550,2023-06-20 11:20:00+05:30,159.89999389648438,160.0,159.89999389648438,159.9499969482422,3358,0.0,0.0,2023-06-20
551,2023-06-20 11:25:00+05:30,160.0,160.0,159.89999389648438,159.89999389648438,9246,0.0,0.0,2023-06-20
552,2023-06-20 11:30:00+05:30,160.0,160.0,159.85000610351562,159.89999389648438,13326,0.0,0.0,2023-06-20
553,2023-06-20 11:35:00+05:30,159.89999389648438,160.10000610351562,159.85000610351562,160.0,38309,0.0,0.0,2023-06-20
554,2023-06-20 11:40:00+05:30,160.10000610351562,160.5,160.10000610351562,160.5,78844,0.0,0.0,2023-06-20
555,2023-06-20 11:45:00+05:30,160.6999969482422,160.6999969482422,160.1999969482422,160.60000610351562,134477,0.0,0.0,2023-06-20
556,2023-06-20 11:50:00+05:30,160.5500030517578,160.9499969482422,160.4499969482422,160.6999969482422,73339,0.0,0.0,2023-06-20
557,2023-06-20 11:55:00+05:30,160.64999389648438,160.9499969482422,160.64999389648438,160.89999389648438,26372,0.0,0.0,2023-06-20
558,2023-06-20 12:00:00+05:30,160.89999389648438,160.89999389648438,160.64999389648438,160.6999969482422,6840,0.0,0.0,2023-06-20
559,2023-06-20 12:05:00+05:30,160.64999389648438,160.8000030517578,160.60000610351562,160.75,28468,0.0,0.0,2023-06-20
560,2023-06-20 12:10:00+05:30,160.6999969482422,160.8000030517578,160.60000610351562,160.75,35750,0.0,0.0,2023-06-20
561,2023-06-20 12:15:00+05:30,160.75,161.14999389648438,160.6999969482422,161.10000610351562,93390,0.0,0.0,2023-06-20
562,2023-06-20 12:20:00+05:30,161.10000610351562,161.5,161.0500030517578,161.39999389648438,73169,0.0,0.0,2023-06-20
563,2023-06-20 12:25:00+05:30,161.5500030517578,161.5500030517578,161.25,161.35000610351562,51536,0.0,0.0,2023-06-20
564,2023-06-20 12:30:00+05:30,161.3000030517578,161.4499969482422,161.1999969482422,161.39999389648438,43459,0.0,0.0,2023-06-20
565,2023-06-20 12:35:00+05:30,161.39999389648438,162.10000610351562,161.3000030517578,161.9499969482422,146471,0.0,0.0,2023-06-20
566,2023-06-20 12:40:00+05:30,161.85000610351562,162.4499969482422,161.60000610351562,161.75,129706,0.0,0.0,2023-06-20
567,2023-06-20 12:45:00+05:30,161.6999969482422,162.0,161.5500030517578,161.64999389648438,74168,0.0,0.0,2023-06-20
568,2023-06-20 12:50:00+05:30,161.8000030517578,161.8000030517578,161.35000610351562,161.39999389648438,44740,0.0,0.0,2023-06-20
569,2023-06-20 12:55:00+05:30,161.35000610351562,161.5500030517578,161.3000030517578,161.5500030517578,40679,0.0,0.0,2023-06-20
570,2023-06-20 13:00:00+05:30,161.4499969482422,161.5500030517578,161.3000030517578,161.5,36122,0.0,0.0,2023-06-20
571,2023-06-20 13:05:00+05:30,161.35000610351562,161.4499969482422,161.3000030517578,161.3000030517578,34707,0.0,0.0,2023-06-20
572,2023-06-20 13:10:00+05:30,161.3000030517578,161.5,161.3000030517578,161.35000610351562,25496,0.0,0.0,2023-06-20
573,2023-06-20 13:15:00+05:30,161.39999389648438,161.5,161.14999389648438,161.14999389648438,50164,0.0,0.0,2023-06-20
574,2023-06-20 13:20:00+05:30,161.14999389648438,161.25,160.8000030517578,161.10000610351562,49532,0.0,0.0,2023-06-20
575,2023-06-20 13:25:00+05:30,161.10000610351562,161.25,160.85000610351562,161.10000610351562,46689,0.0,0.0,2023-06-20
576,2023-06-20 13:30:00+05:30,161.0,161.14999389648438,161.0,161.0500030517578,19546,0.0,0.0,2023-06-20
577,2023-06-20 13:35:00+05:30,161.0500030517578,161.14999389648438,160.89999389648438,161.0500030517578,26613,0.0,0.0,2023-06-20
578,2023-06-20 13:40:00+05:30,161.0500030517578,161.4499969482422,161.0500030517578,161.3000030517578,38264,0.0,0.0,2023-06-20
579,2023-06-20 13:45:00+05:30,161.25,161.8000030517578,161.25,161.6999969482422,35208,0.0,0.0,2023-06-20
580,2023-06-20 13:50:00+05:30,161.64999389648438,161.75,161.35000610351562,161.5500030517578,24199,0.0,0.0,2023-06-20
581,2023-06-20 13:55:00+05:30,161.5500030517578,161.60000610351562,161.10000610351562,161.10000610351562,40665,0.0,0.0,2023-06-20
582,2023-06-20 14:00:00+05:30,161.14999389648438,161.3000030517578,161.0,161.1999969482422,44773,0.0,0.0,2023-06-20
583,2023-06-20 14:05:00+05:30,161.14999389648438,161.1999969482422,160.85000610351562,161.10000610351562,26051,0.0,0.0,2023-06-20
584,2023-06-20 14:10:00+05:30,161.25,161.5500030517578,161.10000610351562,161.25,50192,0.0,0.0,2023-06-20
585,2023-06-20 14:15:00+05:30,161.25,161.5500030517578,161.14999389648438,161.3000030517578,41666,0.0,0.0,2023-06-20
586,2023-06-20 14:20:00+05:30,161.35000610351562,161.35000610351562,161.1999969482422,161.1999969482422,11779,0.0,0.0,2023-06-20
587,2023-06-20 14:25:00+05:30,161.1999969482422,161.1999969482422,160.8000030517578,161.0,29758,0.0,0.0,2023-06-20
588,2023-06-20 14:30:00+05:30,161.0,161.10000610351562,160.89999389648438,161.0,16097,0.0,0.0,2023-06-20
589,2023-06-20 14:35:00+05:30,161.0,161.0500030517578,160.85000610351562,161.0,35659,0.0,0.0,2023-06-20
590,2023-06-20 14:40:00+05:30,161.0,161.14999389648438,161.0,161.14999389648438,27466,0.0,0.0,2023-06-20
591,2023-06-20 14:45:00+05:30,161.14999389648438,161.14999389648438,161.0,161.10000610351562,22934,0.0,0.0,2023-06-20
592,2023-06-20 14:50:00+05:30,161.0500030517578,161.35000610351562,161.0,161.35000610351562,41457,0.0,0.0,2023-06-20
593,2023-06-20 14:55:00+05:30,161.3000030517578,161.39999389648438,161.10000610351562,161.25,39196,0.0,0.0,2023-06-20
594,2023-06-20 15:00:00+05:30,161.1999969482422,161.60000610351562,161.1999969482422,161.4499969482422,86066,0.0,0.0,2023-06-20
595,2023-06-20 15:05:00+05:30,161.5,161.5500030517578,161.3000030517578,161.4499969482422,65807,0.0,0.0,2023-06-20
596,2023-06-20 15:10:00+05:30,161.5500030517578,161.60000610351562,161.35000610351562,161.4499969482422,74353,0.0,0.0,2023-06-20
597,2023-06-20 15:15:00+05:30,161.39999389648438,161.85000610351562,161.39999389648438,161.75,96475,0.0,0.0,2023-06-20
598,2023-06-20 15:20:00+05:30,161.6999969482422,161.8000030517578,161.39999389648438,161.39999389648438,101267,0.0,0.0,2023-06-20
599,2023-06-20 15:25:00+05:30,161.39999389648438,161.9499969482422,161.39999389648438,161.8000030517578,65786,0.0,0.0,2023-06-20
600,2023-06-21 09:15:00+05:30,161.60000610351562,161.9499969482422,160.60000610351562,160.89999389648438,148257,0.0,0.0,2023-06-21
601,2023-06-21 09:20:00+05:30,160.75,161.64999389648438,160.64999389648438,161.0500030517578,166186,0.0,0.0,2023-06-21
602,2023-06-21 09:25:00+05:30,161.10000610351562,161.4499969482422,160.9499969482422,161.35000610351562,76066,0.0,0.0,2023-06-21
603,2023-06-21 09:30:00+05:30,161.60000610351562,163.75,161.5,162.8000030517578,471532,0.0,0.0,2023-06-21
604,2023-06-21 09:35:00+05:30,162.85000610351562,164.6999969482422,162.3000030517578,164.4499969482422,627374,0.0,0.0,2023-06-21
605,2023-06-21 09:40:00+05:30,164.4499969482422,165.14999389648438,164.14999389648438,164.89999389648438,532779,0.0,0.0,2023-06-21
606,2023-06-21 09:45:00+05:30,164.9499969482422,166.5500030517578,164.89999389648438,166.5,627665,0.0,0.0,2023-06-21
607,2023-06-21 09:50:00+05:30,166.5,166.85000610351562,165.89999389648438,166.1999969482422,278910,0.0,0.0,2023-06-21
608,2023-06-21 09:55:00+05:30,166.25,166.5,165.3000030517578,166.5,186281,0.0,0.0,2023-06-21
609,2023-06-21 10:00:00+05:30,166.4499969482422,169.1999969482422,166.35000610351562,166.6999969482422,968633,0.0,0.0,2023-06-21
610,2023-06-21 10:05:00+05:30,166.6999969482422,166.6999969482422,165.0,165.25,1086154,0.0,0.0,2023-06-21
611,2023-06-21 10:10:00+05:30,165.1999969482422,168.0,165.0500030517578,167.3000030517578,3128989,0.0,0.0,2023-06-21
612,2023-06-21 10:15:00+05:30,167.25,168.1999969482422,167.10000610351562,167.85000610351562,688570,0.0,0.0,2023-06-21
613,2023-06-21 10:20:00+05:30,167.85000610351562,168.0,167.25,167.4499969482422,333279,0.0,0.0,2023-06-21
614,2023-06-21 10:25:00+05:30,167.4499969482422,168.1999969482422,167.35000610351562,168.10000610351562,387202,0.0,0.0,2023-06-21
615,2023-06-21 10:30:00+05:30,168.0500030517578,168.14999389648438,167.6999969482422,167.85000610351562,313059,0.0,0.0,2023-06-21
616,2023-06-21 10:35:00+05:30,167.9499969482422,167.9499969482422,166.60000610351562,167.25,413251,0.0,0.0,2023-06-21
617,2023-06-21 10:40:00+05:30,167.25,167.5,167.0500030517578,167.35000610351562,55855,0.0,0.0,2023-06-21
618,2023-06-21 10:45:00+05:30,167.35000610351562,167.35000610351562,166.35000610351562,166.75,144802,0.0,0.0,2023-06-21
619,2023-06-21 10:50:00+05:30,166.6999969482422,166.89999389648438,166.39999389648438,166.75,231901,0.0,0.0,2023-06-21
620,2023-06-21 10:55:00+05:30,166.75,166.89999389648438,165.75,166.1999969482422,819286,0.0,0.0,2023-06-21
621,2023-06-21 11:00:00+05:30,166.1999969482422,166.5,165.85000610351562,166.39999389648438,573230,0.0,0.0,2023-06-21
622,2023-06-21 11:05:00+05:30,166.3000030517578,167.35000610351562,166.10000610351562,167.10000610351562,790537,0.0,0.0,2023-06-21
623,2023-06-21 11:10:00+05:30,167.14999389648438,167.1999969482422,166.64999389648438,167.0,148541,0.0,0.0,2023-06-21
624,2023-06-21 11:15:00+05:30,166.9499969482422,166.9499969482422,166.3000030517578,166.5,159304,0.0,0.0,2023-06-21
625,2023-06-21 11:20:00+05:30,166.39999389648438,167.3000030517578,166.1999969482422,166.89999389648438,112408,0.0,0.0,2023-06-21
626,2023-06-21 11:25:00+05:30,166.89999389648438,168.0,166.89999389648438,167.89999389648438,934597,0.0,0.0,2023-06-21
627,2023-06-21 11:30:00+05:30,167.85000610351562,168.9499969482422,167.8000030517578,168.9499969482422,565480,0.0,0.0,2023-06-21
628,2023-06-21 11:35:00+05:30,168.8000030517578,169.89999389648438,168.6999969482422,169.10000610351562,768935,0.0,0.0,2023-06-21
629,2023-06-21 11:40:00+05:30,169.10000610351562,169.8000030517578,168.8000030517578,169.6999969482422,323028,0.0,0.0,2023-06-21
630,2023-06-21 11:45:00+05:30,169.60000610351562,169.6999969482422,169.1999969482422,169.25,201279,0.0,0.0,2023-06-21
631,2023-06-21 11:50:00+05:30,169.35000610351562,169.60000610351562,169.0,169.3000030517578,206552,0.0,0.0,2023-06-21
632,2023-06-21 11:55:00+05:30,169.1999969482422,169.39999389648438,168.89999389648438,169.1999969482422,210519,0.0,0.0,2023-06-21
633,2023-06-21 12:00:00+05:30,169.25,170.85000610351562,169.14999389648438,170.85000610351562,581263,0.0,0.0,2023-06-21
634,2023-06-21 12:05:00+05:30,170.89999389648438,170.89999389648438,169.89999389648438,170.14999389648438,563774,0.0,0.0,2023-06-21
635,2023-06-21 12:10:00+05:30,170.3000030517578,170.89999389648438,170.1999969482422,170.25,337953,0.0,0.0,2023-06-21
636,2023-06-21 12:15:00+05:30,170.25,171.3000030517578,169.85000610351562,171.25,634692,0.0,0.0,2023-06-21
637,2023-06-21 12:20:00+05:30,171.25,171.6999969482422,170.75,170.9499969482422,1488749,0.0,0.0,2023-06-21
638,2023-06-21 12:25:00+05:30,170.9499969482422,171.4499969482422,168.64999389648438,169.0,2845854,0.0,0.0,2023-06-21
639,2023-06-21 12:30:00+05:30,168.75,169.75,168.75,169.60000610351562,686681,0.0,0.0,2023-06-21
640,2023-06-21 12:35:00+05:30,169.60000610351562,170.5,169.25,170.0,209438,0.0,0.0,2023-06-21
641,2023-06-21 12:40:00+05:30,170.0,170.8000030517578,169.60000610351562,170.25,310718,0.0,0.0,2023-06-21
642,2023-06-21 12:45:00+05:30,170.35000610351562,170.4499969482422,169.89999389648438,170.10000610351562,99393,0.0,0.0,2023-06-21
643,2023-06-21 12:50:00+05:30,169.9499969482422,170.14999389648438,169.60000610351562,169.89999389648438,132113,0.0,0.0,2023-06-21
644,2023-06-21 12:55:00+05:30,169.85000610351562,170.10000610351562,169.4499969482422,169.4499969482422,143221,0.0,0.0,2023-06-21
645,2023-06-21 13:00:00+05:30,169.5,169.9499969482422,169.3000030517578,169.5500030517578,150085,0.0,0.0,2023-06-21
646,2023-06-21 13:05:00+05:30,169.64999389648438,170.25,169.64999389648438,169.9499969482422,175638,0.0,0.0,2023-06-21
647,2023-06-21 13:10:00+05:30,170.0,170.10000610351562,169.5,169.5500030517578,53968,0.0,0.0,2023-06-21
648,2023-06-21 13:15:00+05:30,169.5,169.60000610351562,169.39999389648438,169.5,63501,0.0,0.0,2023-06-21
649,2023-06-21 13:20:00+05:30,169.5,169.60000610351562,169.10000610351562,169.10000610351562,88955,0.0,0.0,2023-06-21
650,2023-06-21 13:25:00+05:30,169.10000610351562,169.25,169.0,169.0500030517578,142171,0.0,0.0,2023-06-21
651,2023-06-21 13:30:00+05:30,169.10000610351562,169.25,169.0,169.0500030517578,115456,0.0,0.0,2023-06-21
652,2023-06-21 13:35:00+05:30,169.0500030517578,169.64999389648438,169.0500030517578,169.5,112114,0.0,0.0,2023-06-21
653,2023-06-21 13:40:00+05:30,169.5,170.1999969482422,169.39999389648438,169.85000610351562,122965,0.0,0.0,2023-06-21
654,2023-06-21 13:45:00+05:30,169.8000030517578,170.39999389648438,169.6999969482422,169.89999389648438,179347,0.0,0.0,2023-06-21
655,2023-06-21 13:50:00+05:30,169.89999389648438,170.14999389648438,169.6999969482422,169.6999969482422,354818,0.0,0.0,2023-06-21
656,2023-06-21 13:55:00+05:30,169.64999389648438,169.89999389648438,169.3000030517578,169.35000610351562,250822,0.0,0.0,2023-06-21
657,2023-06-21 14:00:00+05:30,169.35000610351562,169.60000610351562,169.1999969482422,169.1999969482422,104095,0.0,0.0,2023-06-21
658,2023-06-21 14:05:00+05:30,169.1999969482422,169.3000030517578,169.0,169.25,98637,0.0,0.0,2023-06-21
659,2023-06-21 14:10:00+05:30,169.14999389648438,169.3000030517578,168.5500030517578,168.5500030517578,193513,0.0,0.0,2023-06-21
660,2023-06-21 14:15:00+05:30,168.5500030517578,169.0,168.3000030517578,168.89999389648438,209044,0.0,0.0,2023-06-21
661,2023-06-21 14:20:00+05:30,168.89999389648438,169.0,168.5,168.64999389648438,149596,0.0,0.0,2023-06-21
662,2023-06-21 14:25:00+05:30,168.64999389648438,168.89999389648438,168.1999969482422,168.35000610351562,145109,0.0,0.0,2023-06-21
663,2023-06-21 14:30:00+05:30,168.3000030517578,168.35000610351562,168.0,168.14999389648438,204171,0.0,0.0,2023-06-21
664,2023-06-21 14:35:00+05:30,168.14999389648438,168.35000610351562,167.75,167.85000610351562,247921,0.0,0.0,2023-06-21
665,2023-06-21 14:40:00+05:30,167.85000610351562,168.10000610351562,167.64999389648438,167.64999389648438,263308,0.0,0.0,2023-06-21
666,2023-06-21 14:45:00+05:30,167.64999389648438,168.75,167.64999389648438,168.5500030517578,196737,0.0,0.0,2023-06-21
667,2023-06-21 14:50:00+05:30,168.5500030517578,169.25,168.0,168.9499969482422,272644,0.0,0.0,2023-06-21
668,2023-06-21 14:55:00+05:30,168.89999389648438,169.25,168.5,168.5500030517578,238276,0.0,0.0,2023-06-21
669,2023-06-21 15:00:00+05:30,168.5,168.8000030517578,167.85000610351562,168.0500030517578,306192,0.0,0.0,2023-06-21
670,2023-06-21 15:05:00+05:30,168.10000610351562,168.1999969482422,167.85000610351562,168.10000610351562,265454,0.0,0.0,2023-06-21
671,2023-06-21 15:10:00+05:30,168.10000610351562,168.10000610351562,165.8000030517578,166.3000030517578,1100685,0.0,0.0,2023-06-21
672,2023-06-21 15:15:00+05:30,166.3000030517578,167.0,166.1999969482422,166.60000610351562,654947,0.0,0.0,2023-06-21
673,2023-06-21 15:20:00+05:30,166.5,167.0,166.5,166.75,376772,0.0,0.0,2023-06-21
674,2023-06-21 15:25:00+05:30,166.75,167.39999389648438,166.6999969482422,167.39999389648438,386730,0.0,0.0,2023-06-21
675,2023-06-22 09:15:00+05:30,167.39999389648438,167.89999389648438,166.4499969482422,167.5500030517578,0,0.0,0.0,2023-06-22
676,2023-06-22 09:20:00+05:30,167.5,167.85000610351562,167.25,167.85000610351562,125333,0.0,0.0,2023-06-22
677,2023-06-22 09:25:00+05:30,167.9499969482422,168.5,167.9499969482422,168.35000610351562,190209,0.0,0.0,2023-06-22
678,2023-06-22 09:30:00+05:30,168.35000610351562,168.39999389648438,167.6999969482422,167.6999969482422,99043,0.0,0.0,2023-06-22
679,2023-06-22 09:35:00+05:30,167.64999389648438,168.25,167.39999389648438,168.10000610351562,100809,0.0,0.0,2023-06-22
680,2023-06-22 09:40:00+05:30,168.14999389648438,168.75,168.0,168.0500030517578,131775,0.0,0.0,2023-06-22
681,2023-06-22 09:45:00+05:30,168.0500030517578,168.60000610351562,168.0500030517578,168.5500030517578,55309,0.0,0.0,2023-06-22
682,2023-06-22 09:50:00+05:30,168.5500030517578,168.6999969482422,168.1999969482422,168.6999969482422,49167,0.0,0.0,2023-06-22
683,2023-06-22 09:55:00+05:30,168.8000030517578,168.8000030517578,168.25,168.5,51321,0.0,0.0,2023-06-22
684,2023-06-22 10:00:00+05:30,168.5,169.5500030517578,168.5,169.14999389648438,200903,0.0,0.0,2023-06-22
685,2023-06-22 10:05:00+05:30,169.10000610351562,169.25,168.60000610351562,169.0,101595,0.0,0.0,2023-06-22
686,2023-06-22 10:10:00+05:30,168.9499969482422,169.0,168.6999969482422,168.85000610351562,59952,0.0,0.0,2023-06-22
687,2023-06-22 10:15:00+05:30,168.8000030517578,168.9499969482422,168.5500030517578,168.5500030517578,59314,0.0,0.0,2023-06-22
688,2023-06-22 10:20:00+05:30,168.5,168.89999389648438,168.39999389648438,168.89999389648438,29854,0.0,0.0,2023-06-22
689,2023-06-22 10:25:00+05:30,168.85000610351562,169.1999969482422,168.8000030517578,169.10000610351562,69516,0.0,0.0,2023-06-22
690,2023-06-22 10:30:00+05:30,168.89999389648438,169.0500030517578,168.60000610351562,168.9499969482422,71450,0.0,0.0,2023-06-22
691,2023-06-22 10:35:00+05:30,168.85000610351562,169.39999389648438,168.8000030517578,169.39999389648438,114970,0.0,0.0,2023-06-22
692,2023-06-22 10:40:00+05:30,169.4499969482422,169.5,169.14999389648438,169.35000610351562,49898,0.0,0.0,2023-06-22
693,2023-06-22 10:45:00+05:30,169.35000610351562,169.5500030517578,169.1999969482422,169.5,83516,0.0,0.0,2023-06-22
694,2023-06-22 10:50:00+05:30,169.39999389648438,169.39999389648438,168.64999389648438,169.3000030517578,222760,0.0,0.0,2023-06-22
695,2023-06-22 10:55:00+05:30,169.35000610351562,169.35000610351562,169.0500030517578,169.25,33188,0.0,0.0,2023-06-22
696,2023-06-22 11:00:00+05:30,169.3000030517578,169.35000610351562,169.0500030517578,169.35000610351562,59913,0.0,0.0,2023-06-22
697,2023-06-22 11:05:00+05:30,169.25,169.35000610351562,169.0500030517578,169.25,42541,0.0,0.0,2023-06-22
698,2023-06-22 11:10:00+05:30,169.3000030517578,169.35000610351562,168.8000030517578,168.85000610351562,74225,0.0,0.0,2023-06-22
699,2023-06-22 11:15:00+05:30,168.9499969482422,169.1999969482422,168.89999389648438,169.0500030517578,22225,0.0,0.0,2023-06-22
700,2023-06-22 11:20:00+05:30,169.0,169.0,168.60000610351562,168.9499969482422,98000,0.0,0.0,2023-06-22
701,2023-06-22 11:25:00+05:30,168.89999389648438,168.9499969482422,168.60000610351562,168.64999389648438,48583,0.0,0.0,2023-06-22
702,2023-06-22 11:30:00+05:30,168.64999389648438,168.6999969482422,168.5,168.64999389648438,44013,0.0,0.0,2023-06-22
703,2023-06-22 11:35:00+05:30,168.75,169.0,168.75,168.9499969482422,34598,0.0,0.0,2023-06-22
704,2023-06-22 11:40:00+05:30,168.9499969482422,169.10000610351562,168.8000030517578,169.10000610351562,52359,0.0,0.0,2023-06-22
705,2023-06-22 11:45:00+05:30,169.0500030517578,169.10000610351562,168.85000610351562,168.89999389648438,16619,0.0,0.0,2023-06-22
706,2023-06-22 11:50:00+05:30,169.0,169.0,168.5500030517578,168.5500030517578,37855,0.0,0.0,2023-06-22
707,2023-06-22 11:55:00+05:30,168.60000610351562,168.89999389648438,168.5500030517578,168.64999389648438,17412,0.0,0.0,2023-06-22
708,2023-06-22 12:00:00+05:30,168.60000610351562,168.6999969482422,168.35000610351562,168.4499969482422,51331,0.0,0.0,2023-06-22
709,2023-06-22 12:05:00+05:30,168.39999389648438,168.4499969482422,167.85000610351562,168.0500030517578,94499,0.0,0.0,2023-06-22
710,2023-06-22 12:10:00+05:30,168.0500030517578,168.10000610351562,167.89999389648438,168.10000610351562,34194,0.0,0.0,2023-06-22
711,2023-06-22 12:15:00+05:30,168.10000610351562,168.25,168.0,168.25,54437,0.0,0.0,2023-06-22
712,2023-06-22 12:20:00+05:30,168.35000610351562,168.35000610351562,167.6999969482422,167.6999969482422,47350,0.0,0.0,2023-06-22
713,2023-06-22 12:25:00+05:30,167.75,167.9499969482422,167.64999389648438,167.75,24752,0.0,0.0,2023-06-22
714,2023-06-22 12:30:00+05:30,167.75,167.75,167.5,167.5,35088,0.0,0.0,2023-06-22
715,2023-06-22 12:35:00+05:30,167.64999389648438,167.64999389648438,166.89999389648438,167.0,68721,0.0,0.0,2023-06-22
716,2023-06-22 12:40:00+05:30,167.0500030517578,167.1999969482422,166.5,166.5500030517578,120767,0.0,0.0,2023-06-22
717,2023-06-22 12:45:00+05:30,166.5,166.64999389648438,166.4499969482422,166.60000610351562,49006,0.0,0.0,2023-06-22
718,2023-06-22 12:50:00+05:30,166.60000610351562,166.9499969482422,166.4499969482422,166.5500030517578,48712,0.0,0.0,2023-06-22
719,2023-06-22 12:55:00+05:30,166.64999389648438,166.64999389648438,166.39999389648438,166.4499969482422,17957,0.0,0.0,2023-06-22
720,2023-06-22 13:00:00+05:30,166.4499969482422,166.5,165.5500030517578,165.60000610351562,194080,0.0,0.0,2023-06-22
721,2023-06-22 13:05:00+05:30,165.8000030517578,165.85000610351562,165.1999969482422,165.6999969482422,212809,0.0,0.0,2023-06-22
722,2023-06-22 13:10:00+05:30,165.75,166.35000610351562,165.75,166.1999969482422,51042,0.0,0.0,2023-06-22
723,2023-06-22 13:15:00+05:30,166.35000610351562,167.1999969482422,166.3000030517578,167.14999389648438,124813,0.0,0.0,2023-06-22
724,2023-06-22 13:20:00+05:30,167.14999389648438,167.14999389648438,166.4499969482422,166.5500030517578,49493,0.0,0.0,2023-06-22
725,2023-06-22 13:25:00+05:30,166.5,166.5,166.25,166.3000030517578,42847,0.0,0.0,2023-06-22
726,2023-06-22 13:30:00+05:30,166.3000030517578,166.6999969482422,166.3000030517578,166.35000610351562,22381,0.0,0.0,2023-06-22
727,2023-06-22 13:35:00+05:30,166.39999389648438,166.64999389648438,166.39999389648438,166.64999389648438,20000,0.0,0.0,2023-06-22
728,2023-06-22 13:40:00+05:30,166.5500030517578,166.89999389648438,166.4499969482422,166.60000610351562,32197,0.0,0.0,2023-06-22
729,2023-06-22 13:45:00+05:30,166.5500030517578,166.85000610351562,166.5,166.6999969482422,50943,0.0,0.0,2023-06-22
730,2023-06-22 13:50:00+05:30,166.64999389648438,166.85000610351562,166.4499969482422,166.6999969482422,36378,0.0,0.0,2023-06-22
731,2023-06-22 13:55:00+05:30,166.6999969482422,166.89999389648438,166.60000610351562,166.60000610351562,24859,0.0,0.0,2023-06-22
732,2023-06-22 14:00:00+05:30,166.60000610351562,166.75,166.3000030517578,166.4499969482422,27183,0.0,0.0,2023-06-22
733,2023-06-22 14:05:00+05:30,166.4499969482422,166.60000610351562,166.1999969482422,166.1999969482422,19662,0.0,0.0,2023-06-22
734,2023-06-22 14:10:00+05:30,166.1999969482422,166.35000610351562,166.0,166.0500030517578,45199,0.0,0.0,2023-06-22
735,2023-06-22 14:15:00+05:30,166.1999969482422,166.25,165.8000030517578,165.8000030517578,25579,0.0,0.0,2023-06-22
736,2023-06-22 14:20:00+05:30,165.64999389648438,165.8000030517578,165.4499969482422,165.64999389648438,60616,0.0,0.0,2023-06-22
737,2023-06-22 14:25:00+05:30,165.64999389648438,165.75,165.60000610351562,165.75,14821,0.0,0.0,2023-06-22
738,2023-06-22 14:30:00+05:30,165.75,165.75,165.4499969482422,165.5,19024,0.0,0.0,2023-06-22
739,2023-06-22 14:35:00+05:30,165.5,165.9499969482422,165.5,165.85000610351562,47967,0.0,0.0,2023-06-22
740,2023-06-22 14:40:00+05:30,165.85000610351562,165.85000610351562,165.64999389648438,165.75,15970,0.0,0.0,2023-06-22
741,2023-06-22 14:45:00+05:30,165.85000610351562,166.10000610351562,165.85000610351562,165.89999389648438,21234,0.0,0.0,2023-06-22
742,2023-06-22 14:50:00+05:30,165.89999389648438,166.0,165.85000610351562,165.89999389648438,24610,0.0,0.0,2023-06-22
743,2023-06-22 14:55:00+05:30,165.8000030517578,166.14999389648438,165.8000030517578,165.8000030517578,36168,0.0,0.0,2023-06-22
744,2023-06-22 15:00:00+05:30,165.8000030517578,165.9499969482422,165.6999969482422,165.89999389648438,24523,0.0,0.0,2023-06-22
745,2023-06-22 15:05:00+05:30,165.85000610351562,165.85000610351562,165.5500030517578,165.5500030517578,74609,0.0,0.0,2023-06-22
746,2023-06-22 15:10:00+05:30,165.5500030517578,165.6999969482422,165.5,165.60000610351562,102719,0.0,0.0,2023-06-22
747,2023-06-22 15:15:00+05:30,165.60000610351562,165.60000610351562,164.85000610351562,164.85000610351562,152783,0.0,0.0,2023-06-22
748,2023-06-22 15:20:00+05:30,164.9499969482422,165.1999969482422,164.75,165.0,88272,0.0,0.0,2023-06-22
749,2023-06-22 15:25:00+05:30,165.0,165.39999389648438,164.8000030517578,165.1999969482422,79534,0.0,0.0,2023-06-22
750,2023-06-23 09:15:00+05:30,164.60000610351562,164.60000610351562,163.5,164.3000030517578,0,0.0,0.0,2023-06-23
751,2023-06-23 09:20:00+05:30,164.35000610351562,164.35000610351562,162.25,162.3000030517578,344073,0.0,0.0,2023-06-23
752,2023-06-23 09:25:00+05:30,162.4499969482422,162.64999389648438,161.10000610351562,161.5,324243,0.0,0.0,2023-06-23
753,2023-06-23 09:30:00+05:30,161.39999389648438,161.75,160.64999389648438,160.75,227047,0.0,0.0,2023-06-23
754,2023-06-23 09:35:00+05:30,160.89999389648438,161.60000610351562,160.89999389648438,161.10000610351562,164606,0.0,0.0,2023-06-23
755,2023-06-23 09:40:00+05:30,161.0500030517578,161.8000030517578,161.0,161.4499969482422,76971,0.0,0.0,2023-06-23
756,2023-06-23 09:45:00+05:30,161.5,162.10000610351562,161.25,162.10000610351562,133918,0.0,0.0,2023-06-23
757,2023-06-23 09:50:00+05:30,162.10000610351562,162.9499969482422,162.0,162.64999389648438,148882,0.0,0.0,2023-06-23
758,2023-06-23 09:55:00+05:30,162.5,163.0,162.5,162.75,104571,0.0,0.0,2023-06-23
759,2023-06-23 10:00:00+05:30,162.60000610351562,162.9499969482422,162.10000610351562,162.60000610351562,125908,0.0,0.0,2023-06-23
760,2023-06-23 10:05:00+05:30,162.60000610351562,162.8000030517578,161.85000610351562,162.35000610351562,83474,0.0,0.0,2023-06-23
761,2023-06-23 10:10:00+05:30,162.5,163.5,162.39999389648438,163.10000610351562,183045,0.0,0.0,2023-06-23
762,2023-06-23 10:15:00+05:30,163.10000610351562,163.5,162.8000030517578,162.9499969482422,126349,0.0,0.0,2023-06-23
763,2023-06-23 10:20:00+05:30,162.89999389648438,163.3000030517578,162.89999389648438,163.10000610351562,60278,0.0,0.0,2023-06-23
764,2023-06-23 10:25:00+05:30,163.1999969482422,163.5,163.10000610351562,163.4499969482422,68274,0.0,0.0,2023-06-23
765,2023-06-23 10:30:00+05:30,163.4499969482422,163.8000030517578,163.35000610351562,163.4499969482422,107152,0.0,0.0,2023-06-23
766,2023-06-23 10:35:00+05:30,163.39999389648438,163.6999969482422,163.3000030517578,163.60000610351562,88997,0.0,0.0,2023-06-23
767,2023-06-23 10:40:00+05:30,163.60000610351562,163.60000610351562,162.64999389648438,162.75,88498,0.0,0.0,2023-06-23
768,2023-06-23 10:45:00+05:30,162.64999389648438,163.14999389648438,162.39999389648438,163.10000610351562,145804,0.0,0.0,2023-06-23
769,2023-06-23 10:50:00+05:30,163.10000610351562,163.14999389648438,162.60000610351562,162.64999389648438,42108,0.0,0.0,2023-06-23
770,2023-06-23 10:55:00+05:30,162.60000610351562,163.1999969482422,162.60000610351562,162.6999969482422,83804,0.0,0.0,2023-06-23
771,2023-06-23 11:00:00+05:30,162.6999969482422,163.0,162.35000610351562,162.39999389648438,135636,0.0,0.0,2023-06-23
772,2023-06-23 11:05:00+05:30,162.4499969482422,162.60000610351562,162.1999969482422,162.5,83826,0.0,0.0,2023-06-23
773,2023-06-23 11:10:00+05:30,162.60000610351562,162.85000610351562,162.35000610351562,162.5,44726,0.0,0.0,2023-06-23
774,2023-06-23 11:15:00+05:30,162.39999389648438,162.6999969482422,162.39999389648438,162.60000610351562,14588,0.0,0.0,2023-06-23
775,2023-06-23 11:20:00+05:30,162.5500030517578,162.64999389648438,162.39999389648438,162.5,39021,0.0,0.0,2023-06-23
776,2023-06-23 11:25:00+05:30,162.4499969482422,162.4499969482422,162.1999969482422,162.1999969482422,31117,0.0,0.0,2023-06-23
777,2023-06-23 11:30:00+05:30,162.3000030517578,162.5,162.1999969482422,162.39999389648438,34638,0.0,0.0,2023-06-23
778,2023-06-23 11:35:00+05:30,162.35000610351562,162.5,162.0,162.5,109757,0.0,0.0,2023-06-23
779,2023-06-23 11:40:00+05:30,162.4499969482422,162.5,162.25,162.3000030517578,48808,0.0,0.0,2023-06-23
780,2023-06-23 11:45:00+05:30,162.3000030517578,162.8000030517578,162.25,162.64999389648438,47980,0.0,0.0,2023-06-23
781,2023-06-23 11:50:00+05:30,162.6999969482422,163.1999969482422,162.6999969482422,162.8000030517578,87585,0.0,0.0,2023-06-23
782,2023-06-23 11:55:00+05:30,163.0500030517578,163.0500030517578,162.6999969482422,162.8000030517578,19595,0.0,0.0,2023-06-23
783,2023-06-23 12:00:00+05:30,162.75,162.89999389648438,162.5,162.8000030517578,35234,0.0,0.0,2023-06-23
784,2023-06-23 12:05:00+05:30,162.89999389648438,163.0500030517578,162.5500030517578,162.85000610351562,113167,0.0,0.0,2023-06-23
785,2023-06-23 12:10:00+05:30,162.8000030517578,163.10000610351562,162.6999969482422,163.0,58546,0.0,0.0,2023-06-23
786,2023-06-23 12:15:00+05:30,163.0,163.14999389648438,162.9499969482422,163.14999389648438,52815,0.0,0.0,2023-06-23
787,2023-06-23 12:20:00+05:30,163.10000610351562,163.3000030517578,162.9499969482422,163.1999969482422,67183,0.0,0.0,2023-06-23
788,2023-06-23 12:25:00+05:30,163.10000610351562,163.1999969482422,162.6999969482422,162.85000610351562,68218,0.0,0.0,2023-06-23
789,2023-06-23 12:30:00+05:30,162.85000610351562,162.89999389648438,162.5500030517578,162.89999389648438,36292,0.0,0.0,2023-06-23
790,2023-06-23 12:35:00+05:30,162.9499969482422,163.25,162.9499969482422,163.14999389648438,19778,0.0,0.0,2023-06-23
791,2023-06-23 12:40:00+05:30,163.25,163.3000030517578,162.85000610351562,162.85000610351562,23622,0.0,0.0,2023-06-23
792,2023-06-23 12:45:00+05:30,162.89999389648438,163.1999969482422,162.89999389648438,163.10000610351562,22402,0.0,0.0,2023-06-23
793,2023-06-23 12:50:00+05:30,163.14999389648438,163.14999389648438,163.0,163.0,12295,0.0,0.0,2023-06-23
794,2023-06-23 12:55:00+05:30,163.0,163.14999389648438,162.6999969482422,163.0500030517578,37918,0.0,0.0,2023-06-23
795,2023-06-23 13:00:00+05:30,163.0500030517578,163.0500030517578,162.6999969482422,162.6999969482422,33899,0.0,0.0,2023-06-23
796,2023-06-23 13:05:00+05:30,162.6999969482422,162.9499969482422,162.64999389648438,162.85000610351562,14568,0.0,0.0,2023-06-23
797,2023-06-23 13:10:00+05:30,162.8000030517578,162.89999389648438,162.60000610351562,162.89999389648438,9500,0.0,0.0,2023-06-23
798,2023-06-23 13:15:00+05:30,162.9499969482422,162.9499969482422,162.3000030517578,162.39999389648438,55478,0.0,0.0,2023-06-23
799,2023-06-23 13:20:00+05:30,162.39999389648438,162.60000610351562,162.3000030517578,162.4499969482422,28869,0.0,0.0,2023-06-23
800,2023-06-23 13:25:00+05:30,162.4499969482422,162.4499969482422,162.3000030517578,162.3000030517578,23452,0.0,0.0,2023-06-23
801,2023-06-23 13:30:00+05:30,162.3000030517578,162.5500030517578,162.10000610351562,162.25,51338,0.0,0.0,2023-06-23
802,2023-06-23 13:35:00+05:30,162.35000610351562,162.89999389648438,162.35000610351562,162.60000610351562,99534,0.0,0.0,2023-06-23
803,2023-06-23 13:40:00+05:30,162.64999389648438,162.64999389648438,162.25,162.35000610351562,23371,0.0,0.0,2023-06-23
804,2023-06-23 13:45:00+05:30,162.3000030517578,162.85000610351562,162.3000030517578,162.75,13529,0.0,0.0,2023-06-23
805,2023-06-23 13:50:00+05:30,162.8000030517578,162.9499969482422,162.5500030517578,162.64999389648438,37638,0.0,0.0,2023-06-23
806,2023-06-23 13:55:00+05:30,162.6999969482422,162.6999969482422,162.39999389648438,162.5,43230,0.0,0.0,2023-06-23
807,2023-06-23 14:00:00+05:30,162.5500030517578,162.85000610351562,162.5,162.60000610351562,36372,0.0,0.0,2023-06-23
808,2023-06-23 14:05:00+05:30,162.5,162.60000610351562,162.1999969482422,162.5,57337,0.0,0.0,2023-06-23
809,2023-06-23 14:10:00+05:30,162.5,162.5500030517578,162.25,162.4499969482422,17739,0.0,0.0,2023-06-23
810,2023-06-23 14:15:00+05:30,162.4499969482422,162.5,162.14999389648438,162.4499969482422,20052,0.0,0.0,2023-06-23
811,2023-06-23 14:20:00+05:30,162.4499969482422,162.5,162.10000610351562,162.14999389648438,32707,0.0,0.0,2023-06-23
812,2023-06-23 14:25:00+05:30,162.14999389648438,162.25,162.10000610351562,162.25,20056,0.0,0.0,2023-06-23
813,2023-06-23 14:30:00+05:30,162.25,162.35000610351562,162.14999389648438,162.14999389648438,28470,0.0,0.0,2023-06-23
814,2023-06-23 14:35:00+05:30,162.0500030517578,162.0500030517578,161.64999389648438,161.89999389648438,67422,0.0,0.0,2023-06-23
815,2023-06-23 14:40:00+05:30,161.85000610351562,162.25,161.8000030517578,162.14999389648438,56928,0.0,0.0,2023-06-23
816,2023-06-23 14:45:00+05:30,162.14999389648438,162.60000610351562,162.14999389648438,162.5,21292,0.0,0.0,2023-06-23
817,2023-06-23 14:50:00+05:30,162.5,162.75,162.35000610351562,162.6999969482422,35638,0.0,0.0,2023-06-23
818,2023-06-23 14:55:00+05:30,162.64999389648438,162.8000030517578,162.64999389648438,162.8000030517578,23296,0.0,0.0,2023-06-23
819,2023-06-23 15:00:00+05:30,162.6999969482422,162.75,162.1999969482422,162.5500030517578,31567,0.0,0.0,2023-06-23
820,2023-06-23 15:05:00+05:30,162.35000610351562,162.39999389648438,162.0500030517578,162.3000030517578,73391,0.0,0.0,2023-06-23
821,2023-06-23 15:10:00+05:30,162.4499969482422,162.4499969482422,162.14999389648438,162.14999389648438,105937,0.0,0.0,2023-06-23
822,2023-06-23 15:15:00+05:30,162.1999969482422,162.3000030517578,161.8000030517578,162.0,218900,0.0,0.0,2023-06-23
823,2023-06-23 15:20:00+05:30,161.9499969482422,162.0,161.35000610351562,161.4499969482422,230395,0.0,0.0,2023-06-23
824,2023-06-23 15:25:00+05:30,161.4499969482422,161.89999389648438,161.39999389648438,161.89999389648438,0,0.0,0.0,2023-06-23
825,2023-06-26 09:15:00+05:30,161.3000030517578,161.39999389648438,159.85000610351562,161.10000610351562,0,0.0,0.0,2023-06-26
826,2023-06-26 09:20:00+05:30,161.25,161.3000030517578,160.35000610351562,161.14999389648438,115371,0.0,0.0,2023-06-26
827,2023-06-26 09:25:00+05:30,161.14999389648438,161.85000610351562,160.9499969482422,161.35000610351562,125558,0.0,0.0,2023-06-26
828,2023-06-26 09:30:00+05:30,161.5500030517578,162.4499969482422,161.4499969482422,161.89999389648438,128145,0.0,0.0,2023-06-26
829,2023-06-26 09:35:00+05:30,161.89999389648438,162.5,161.6999969482422,162.0500030517578,144617,0.0,0.0,2023-06-26
830,2023-06-26 09:40:00+05:30,162.0500030517578,162.5,161.89999389648438,162.0,102263,0.0,0.0,2023-06-26
831,2023-06-26 09:45:00+05:30,161.85000610351562,162.39999389648438,161.35000610351562,162.0,149266,0.0,0.0,2023-06-26
832,2023-06-26 09:50:00+05:30,162.0500030517578,162.1999969482422,161.0500030517578,161.10000610351562,168027,0.0,0.0,2023-06-26
833,2023-06-26 09:55:00+05:30,161.10000610351562,161.5,160.75,161.0,84002,0.0,0.0,2023-06-26
834,2023-06-26 10:00:00+05:30,160.9499969482422,161.39999389648438,160.89999389648438,161.1999969482422,55960,0.0,0.0,2023-06-26
835,2023-06-26 10:05:00+05:30,161.14999389648438,161.25,160.8000030517578,160.89999389648438,34079,0.0,0.0,2023-06-26
836,2023-06-26 10:10:00+05:30,160.89999389648438,161.0,160.5,160.75,54185,0.0,0.0,2023-06-26
837,2023-06-26 10:15:00+05:30,160.75,161.3000030517578,160.5500030517578,161.14999389648438,86072,0.0,0.0,2023-06-26
838,2023-06-26 10:20:00+05:30,161.10000610351562,161.6999969482422,161.0,161.35000610351562,70232,0.0,0.0,2023-06-26
839,2023-06-26 10:25:00+05:30,161.35000610351562,161.6999969482422,161.35000610351562,161.60000610351562,46325,0.0,0.0,2023-06-26
840,2023-06-26 10:30:00+05:30,161.5500030517578,162.14999389648438,161.5500030517578,161.85000610351562,78759,0.0,0.0,2023-06-26
841,2023-06-26 10:35:00+05:30,161.9499969482422,162.0500030517578,161.5,161.64999389648438,51074,0.0,0.0,2023-06-26
842,2023-06-26 10:40:00+05:30,161.64999389648438,161.75,161.39999389648438,161.6999969482422,23857,0.0,0.0,2023-06-26
843,2023-06-26 10:45:00+05:30,161.6999969482422,161.89999389648438,161.39999389648438,161.8000030517578,114393,0.0,0.0,2023-06-26
844,2023-06-26 10:50:00+05:30,161.85000610351562,162.0,161.10000610351562,161.35000610351562,150482,0.0,0.0,2023-06-26
845,2023-06-26 10:55:00+05:30,161.25,161.6999969482422,161.10000610351562,161.6999969482422,29838,0.0,0.0,2023-06-26
846,2023-06-26 11:00:00+05:30,161.75,162.14999389648438,161.6999969482422,162.14999389648438,45471,0.0,0.0,2023-06-26
847,2023-06-26 11:05:00+05:30,162.10000610351562,162.1999969482422,161.75,162.0500030517578,51186,0.0,0.0,2023-06-26
848,2023-06-26 11:10:00+05:30,162.1999969482422,162.1999969482422,161.1999969482422,161.39999389648438,155410,0.0,0.0,2023-06-26
849,2023-06-26 11:15:00+05:30,161.39999389648438,161.60000610351562,161.25,161.60000610351562,29450,0.0,0.0,2023-06-26
850,2023-06-26 11:20:00+05:30,161.60000610351562,161.9499969482422,161.60000610351562,161.85000610351562,23047,0.0,0.0,2023-06-26
851,2023-06-26 11:25:00+05:30,161.89999389648438,162.25,161.85000610351562,162.14999389648438,63802,0.0,0.0,2023-06-26
852,2023-06-26 11:30:00+05:30,162.14999389648438,162.39999389648438,161.89999389648438,162.3000030517578,83178,0.0,0.0,2023-06-26
853,2023-06-26 11:35:00+05:30,162.3000030517578,162.35000610351562,161.85000610351562,162.0,59531,0.0,0.0,2023-06-26
854,2023-06-26 11:40:00+05:30,162.0,162.25,161.89999389648438,161.9499969482422,22126,0.0,0.0,2023-06-26
855,2023-06-26 11:45:00+05:30,161.6999969482422,161.9499969482422,161.64999389648438,161.89999389648438,73825,0.0,0.0,2023-06-26
856,2023-06-26 11:50:00+05:30,161.89999389648438,162.3000030517578,161.89999389648438,162.14999389648438,35068,0.0,0.0,2023-06-26
857,2023-06-26 11:55:00+05:30,162.10000610351562,162.1999969482422,161.9499969482422,162.0,31014,0.0,0.0,2023-06-26
858,2023-06-26 12:00:00+05:30,161.9499969482422,162.1999969482422,161.85000610351562,162.0,40958,0.0,0.0,2023-06-26
859,2023-06-26 12:05:00+05:30,162.0,162.10000610351562,161.8000030517578,162.0500030517578,33414,0.0,0.0,2023-06-26
860,2023-06-26 12:10:00+05:30,162.10000610351562,162.14999389648438,161.60000610351562,161.8000030517578,76806,0.0,0.0,2023-06-26
861,2023-06-26 12:15:00+05:30,161.8000030517578,162.0,161.64999389648438,162.0,26986,0.0,0.0,2023-06-26
862,2023-06-26 12:20:00+05:30,162.0,162.0,161.4499969482422,161.4499969482422,101748,0.0,0.0,2023-06-26
863,2023-06-26 12:25:00+05:30,161.4499969482422,161.6999969482422,161.10000610351562,161.5500030517578,55430,0.0,0.0,2023-06-26
864,2023-06-26 12:30:00+05:30,161.60000610351562,161.60000610351562,161.1999969482422,161.4499969482422,78083,0.0,0.0,2023-06-26
865,2023-06-26 12:35:00+05:30,161.4499969482422,161.75,161.39999389648438,161.5500030517578,25716,0.0,0.0,2023-06-26
866,2023-06-26 12:40:00+05:30,161.5500030517578,161.89999389648438,161.5500030517578,161.64999389648438,45300,0.0,0.0,2023-06-26
867,2023-06-26 12:45:00+05:30,161.64999389648438,161.89999389648438,161.5500030517578,161.6999969482422,15309,0.0,0.0,2023-06-26
868,2023-06-26 12:50:00+05:30,161.6999969482422,162.10000610351562,161.64999389648438,162.10000610351562,58938,0.0,0.0,2023-06-26
869,2023-06-26 12:55:00+05:30,162.14999389648438,162.1999969482422,161.85000610351562,162.1999969482422,27352,0.0,0.0,2023-06-26
870,2023-06-26 13:00:00+05:30,162.1999969482422,162.1999969482422,161.75,161.9499969482422,47254,0.0,0.0,2023-06-26
871,2023-06-26 13:05:00+05:30,161.9499969482422,162.10000610351562,161.75,162.0,74334,0.0,0.0,2023-06-26
872,2023-06-26 13:10:00+05:30,162.0,162.14999389648438,161.85000610351562,161.9499969482422,23924,0.0,0.0,2023-06-26
873,2023-06-26 13:15:00+05:30,161.9499969482422,162.1999969482422,161.9499969482422,162.14999389648438,24811,0.0,0.0,2023-06-26
874,2023-06-26 13:20:00+05:30,162.14999389648438,162.25,161.9499969482422,162.0,223908,0.0,0.0,2023-06-26
875,2023-06-26 13:25:00+05:30,161.9499969482422,162.25,161.9499969482422,161.9499969482422,19751,0.0,0.0,2023-06-26
876,2023-06-26 13:30:00+05:30,162.0500030517578,162.1999969482422,161.9499969482422,162.1999969482422,21935,0.0,0.0,2023-06-26
877,2023-06-26 13:35:00+05:30,162.1999969482422,162.4499969482422,162.1999969482422,162.25,86472,0.0,0.0,2023-06-26
878,2023-06-26 13:40:00+05:30,162.35000610351562,162.89999389648438,162.25,162.8000030517578,90712,0.0,0.0,2023-06-26
879,2023-06-26 13:45:00+05:30,162.8000030517578,164.14999389648438,162.75,163.39999389648438,428517,0.0,0.0,2023-06-26
880,2023-06-26 13:50:00+05:30,163.39999389648438,164.1999969482422,163.35000610351562,163.39999389648438,163113,0.0,0.0,2023-06-26
881,2023-06-26 13:55:00+05:30,163.39999389648438,164.6999969482422,163.39999389648438,164.4499969482422,206130,0.0,0.0,2023-06-26
882,2023-06-26 14:00:00+05:30,164.4499969482422,164.89999389648438,164.3000030517578,164.75,241305,0.0,0.0,2023-06-26
883,2023-06-26 14:05:00+05:30,164.75,164.85000610351562,163.6999969482422,164.0,252221,0.0,0.0,2023-06-26
884,2023-06-26 14:10:00+05:30,164.0,164.35000610351562,163.5500030517578,164.10000610351562,144231,0.0,0.0,2023-06-26
885,2023-06-26 14:15:00+05:30,164.10000610351562,164.39999389648438,163.85000610351562,164.10000610351562,98827,0.0,0.0,2023-06-26
886,2023-06-26 14:20:00+05:30,164.0500030517578,164.5,163.9499969482422,164.4499969482422,73423,0.0,0.0,2023-06-26
887,2023-06-26 14:25:00+05:30,164.4499969482422,164.8000030517578,164.35000610351562,164.5500030517578,85411,0.0,0.0,2023-06-26
888,2023-06-26 14:30:00+05:30,164.5,164.5,164.10000610351562,164.4499969482422,104189,0.0,0.0,2023-06-26
889,2023-06-26 14:35:00+05:30,164.39999389648438,164.75,164.35000610351562,164.75,73630,0.0,0.0,2023-06-26
890,2023-06-26 14:40:00+05:30,164.8000030517578,164.89999389648438,164.5500030517578,164.64999389648438,93730,0.0,0.0,2023-06-26
891,2023-06-26 14:45:00+05:30,164.6999969482422,164.85000610351562,164.5500030517578,164.8000030517578,60593,0.0,0.0,2023-06-26
892,2023-06-26 14:50:00+05:30,164.85000610351562,165.0,164.6999969482422,164.9499969482422,138888,0.0,0.0,2023-06-26
893,2023-06-26 14:55:00+05:30,164.9499969482422,165.1999969482422,164.60000610351562,164.85000610351562,175191,0.0,0.0,2023-06-26
894,2023-06-26 15:00:00+05:30,164.89999389648438,165.10000610351562,164.6999969482422,165.0500030517578,156535,0.0,0.0,2023-06-26
895,2023-06-26 15:05:00+05:30,165.0500030517578,165.0500030517578,164.8000030517578,164.89999389648438,80402,0.0,0.0,2023-06-26
896,2023-06-26 15:10:00+05:30,164.89999389648438,165.75,164.85000610351562,165.4499969482422,223541,0.0,0.0,2023-06-26
897,2023-06-26 15:15:00+05:30,165.35000610351562,165.75,165.3000030517578,165.35000610351562,254820,0.0,0.0,2023-06-26
898,2023-06-26 15:20:00+05:30,165.35000610351562,165.6999969482422,165.0,165.64999389648438,176368,0.0,0.0,2023-06-26
899,2023-06-26 15:25:00+05:30,165.64999389648438,165.89999389648438,165.10000610351562,165.14999389648438,229718,0.0,0.0,2023-06-26
900,2023-06-27 09:15:00+05:30,164.9499969482422,165.0,164.0,164.25,0,0.0,0.0,2023-06-27
901,2023-06-27 09:20:00+05:30,164.1999969482422,165.39999389648438,163.85000610351562,164.60000610351562,413380,0.0,0.0,2023-06-27
902,2023-06-27 09:25:00+05:30,164.8000030517578,165.39999389648438,164.6999969482422,165.0500030517578,221462,0.0,0.0,2023-06-27
903,2023-06-27 09:30:00+05:30,165.14999389648438,165.5,164.5,165.25,289109,0.0,0.0,2023-06-27
904,2023-06-27 09:35:00+05:30,165.35000610351562,165.89999389648438,165.1999969482422,165.6999969482422,198476,0.0,0.0,2023-06-27
905,2023-06-27 09:40:00+05:30,165.75,165.8000030517578,164.8000030517578,164.89999389648438,220419,0.0,0.0,2023-06-27
906,2023-06-27 09:45:00+05:30,164.9499969482422,165.8000030517578,164.89999389648438,165.6999969482422,97867,0.0,0.0,2023-06-27
907,2023-06-27 09:50:00+05:30,165.6999969482422,167.35000610351562,165.60000610351562,166.9499969482422,468289,0.0,0.0,2023-06-27
908,2023-06-27 09:55:00+05:30,166.9499969482422,166.9499969482422,165.8000030517578,166.3000030517578,376167,0.0,0.0,2023-06-27
909,2023-06-27 10:00:00+05:30,166.3000030517578,166.8000030517578,166.0500030517578,166.5,202364,0.0,0.0,2023-06-27
910,2023-06-27 10:05:00+05:30,166.6999969482422,167.0500030517578,166.35000610351562,166.64999389648438,264283,0.0,0.0,2023-06-27
911,2023-06-27 10:10:00+05:30,166.60000610351562,166.9499969482422,166.5500030517578,166.8000030517578,107464,0.0,0.0,2023-06-27
912,2023-06-27 10:15:00+05:30,166.60000610351562,167.0,166.60000610351562,166.64999389648438,80627,0.0,0.0,2023-06-27
913,2023-06-27 10:20:00+05:30,166.75,166.75,166.1999969482422,166.1999969482422,71647,0.0,0.0,2023-06-27
914,2023-06-27 10:25:00+05:30,166.3000030517578,166.3000030517578,165.1999969482422,165.5,139282,0.0,0.0,2023-06-27
915,2023-06-27 10:30:00+05:30,165.4499969482422,165.60000610351562,164.85000610351562,164.9499969482422,107972,0.0,0.0,2023-06-27
916,2023-06-27 10:35:00+05:30,164.9499969482422,165.0,164.6999969482422,164.89999389648438,86266,0.0,0.0,2023-06-27
917,2023-06-27 10:40:00+05:30,164.89999389648438,165.1999969482422,164.8000030517578,164.9499969482422,53325,0.0,0.0,2023-06-27
918,2023-06-27 10:45:00+05:30,164.9499969482422,165.0500030517578,164.0,164.39999389648438,134334,0.0,0.0,2023-06-27
919,2023-06-27 10:50:00+05:30,164.35000610351562,164.4499969482422,163.75,164.25,152273,0.0,0.0,2023-06-27
920,2023-06-27 10:55:00+05:30,164.25,164.85000610351562,164.10000610351562,164.3000030517578,82551,0.0,0.0,2023-06-27
921,2023-06-27 11:00:00+05:30,164.3000030517578,164.75,164.14999389648438,164.64999389648438,65412,0.0,0.0,2023-06-27
922,2023-06-27 11:05:00+05:30,164.75,164.75,164.3000030517578,164.39999389648438,54656,0.0,0.0,2023-06-27
923,2023-06-27 11:10:00+05:30,164.35000610351562,164.75,164.14999389648438,164.60000610351562,92765,0.0,0.0,2023-06-27
924,2023-06-27 11:15:00+05:30,164.5,164.60000610351562,164.14999389648438,164.3000030517578,94035,0.0,0.0,2023-06-27
925,2023-06-27 11:20:00+05:30,164.25,164.39999389648438,164.0500030517578,164.10000610351562,61598,0.0,0.0,2023-06-27
926,2023-06-27 11:25:00+05:30,164.10000610351562,164.3000030517578,164.0500030517578,164.1999969482422,20255,0.0,0.0,2023-06-27
927,2023-06-27 11:30:00+05:30,164.25,164.25,163.5500030517578,163.64999389648438,124991,0.0,0.0,2023-06-27
928,2023-06-27 11:35:00+05:30,163.64999389648438,164.0,163.64999389648438,163.8000030517578,40155,0.0,0.0,2023-06-27
929,2023-06-27 11:40:00+05:30,163.85000610351562,163.89999389648438,163.25,163.25,91645,0.0,0.0,2023-06-27
930,2023-06-27 11:45:00+05:30,163.3000030517578,163.64999389648438,163.25,163.64999389648438,61326,0.0,0.0,2023-06-27
931,2023-06-27 11:50:00+05:30,163.5,163.75,163.1999969482422,163.6999969482422,82628,0.0,0.0,2023-06-27
932,2023-06-27 11:55:00+05:30,163.60000610351562,163.64999389648438,163.1999969482422,163.5,120546,0.0,0.0,2023-06-27
933,2023-06-27 12:00:00+05:30,163.5500030517578,163.5500030517578,162.85000610351562,162.9499969482422,180115,0.0,0.0,2023-06-27
934,2023-06-27 12:05:00+05:30,163.0,163.14999389648438,162.89999389648438,162.9499969482422,60889,0.0,0.0,2023-06-27
935,2023-06-27 12:10:00+05:30,162.89999389648438,162.9499969482422,162.1999969482422,162.3000030517578,214704,0.0,0.0,2023-06-27
936,2023-06-27 12:15:00+05:30,162.3000030517578,162.60000610351562,161.89999389648438,162.14999389648438,149560,0.0,0.0,2023-06-27
937,2023-06-27 12:20:00+05:30,162.0500030517578,162.35000610351562,162.0500030517578,162.25,38635,0.0,0.0,2023-06-27
938,2023-06-27 12:25:00+05:30,162.25,162.64999389648438,162.1999969482422,162.64999389648438,101278,0.0,0.0,2023-06-27
939,2023-06-27 12:30:00+05:30,162.60000610351562,162.75,162.1999969482422,162.25,109682,0.0,0.0,2023-06-27
940,2023-06-27 12:35:00+05:30,162.1999969482422,162.64999389648438,162.1999969482422,162.5,25039,0.0,0.0,2023-06-27
941,2023-06-27 12:40:00+05:30,162.5,162.5,162.14999389648438,162.25,35728,0.0,0.0,2023-06-27
942,2023-06-27 12:45:00+05:30,162.25,162.60000610351562,162.1999969482422,162.3000030517578,56731,0.0,0.0,2023-06-27
943,2023-06-27 12:50:00+05:30,162.25,162.3000030517578,161.89999389648438,162.14999389648438,99173,0.0,0.0,2023-06-27
944,2023-06-27 12:55:00+05:30,162.14999389648438,162.1999969482422,161.8000030517578,162.14999389648438,103265,0.0,0.0,2023-06-27
945,2023-06-27 13:00:00+05:30,162.14999389648438,162.3000030517578,161.89999389648438,162.10000610351562,115685,0.0,0.0,2023-06-27
946,2023-06-27 13:05:00+05:30,162.10000610351562,162.35000610351562,162.0,162.25,54579,0.0,0.0,2023-06-27
947,2023-06-27 13:10:00+05:30,162.3000030517578,162.5500030517578,162.14999389648438,162.5500030517578,41365,0.0,0.0,2023-06-27
948,2023-06-27 13:15:00+05:30,162.5500030517578,162.60000610351562,162.39999389648438,162.4499969482422,24506,0.0,0.0,2023-06-27
949,2023-06-27 13:20:00+05:30,162.39999389648438,162.5,162.25,162.4499969482422,23085,0.0,0.0,2023-06-27
950,2023-06-27 13:25:00+05:30,162.4499969482422,162.4499969482422,162.10000610351562,162.1999969482422,45704,0.0,0.0,2023-06-27
951,2023-06-27 13:30:00+05:30,162.25,162.35000610351562,162.14999389648438,162.3000030517578,23317,0.0,0.0,2023-06-27
952,2023-06-27 13:35:00+05:30,162.10000610351562,162.14999389648438,161.8000030517578,161.9499969482422,122600,0.0,0.0,2023-06-27
953,2023-06-27 13:40:00+05:30,161.9499969482422,162.25,161.6999969482422,161.6999969482422,101537,0.0,0.0,2023-06-27
954,2023-06-27 13:45:00+05:30,161.75,162.1999969482422,161.75,162.14999389648438,200853,0.0,0.0,2023-06-27
955,2023-06-27 13:50:00+05:30,162.14999389648438,162.14999389648438,161.75,161.85000610351562,45244,0.0,0.0,2023-06-27
956,2023-06-27 13:55:00+05:30,161.8000030517578,162.14999389648438,161.75,162.14999389648438,95175,0.0,0.0,2023-06-27
957,2023-06-27 14:00:00+05:30,162.10000610351562,162.35000610351562,162.0,162.25,48527,0.0,0.0,2023-06-27
958,2023-06-27 14:05:00+05:30,162.25,162.4499969482422,162.0500030517578,162.4499969482422,71438,0.0,0.0,2023-06-27
959,2023-06-27 14:10:00+05:30,162.4499969482422,162.75,162.35000610351562,162.64999389648438,169327,0.0,0.0,2023-06-27
960,2023-06-27 14:15:00+05:30,162.64999389648438,162.89999389648438,162.5,162.5500030517578,124434,0.0,0.0,2023-06-27
961,2023-06-27 14:20:00+05:30,162.60000610351562,162.75,162.5,162.6999969482422,119892,0.0,0.0,2023-06-27
962,2023-06-27 14:25:00+05:30,162.75,162.85000610351562,162.3000030517578,162.39999389648438,268964,0.0,0.0,2023-06-27
963,2023-06-27 14:30:00+05:30,162.39999389648438,162.4499969482422,162.1999969482422,162.4499969482422,26686,0.0,0.0,2023-06-27
964,2023-06-27 14:35:00+05:30,162.4499969482422,162.75,162.35000610351562,162.5,29026,0.0,0.0,2023-06-27
965,2023-06-27 14:40:00+05:30,162.5,162.6999969482422,162.39999389648438,162.39999389648438,76787,0.0,0.0,2023-06-27
966,2023-06-27 14:45:00+05:30,162.39999389648438,162.39999389648438,162.10000610351562,162.1999969482422,153229,0.0,0.0,2023-06-27
967,2023-06-27 14:50:00+05:30,162.10000610351562,162.4499969482422,162.10000610351562,162.35000610351562,39638,0.0,0.0,2023-06-27
968,2023-06-27 14:55:00+05:30,162.39999389648438,162.64999389648438,162.39999389648438,162.5500030517578,103234,0.0,0.0,2023-06-27
969,2023-06-27 15:00:00+05:30,162.60000610351562,162.6999969482422,162.39999389648438,162.6999969482422,84518,0.0,0.0,2023-06-27
970,2023-06-27 15:05:00+05:30,162.64999389648438,162.85000610351562,162.5500030517578,162.60000610351562,231339,0.0,0.0,2023-06-27
971,2023-06-27 15:10:00+05:30,162.6999969482422,162.6999969482422,162.4499969482422,162.5500030517578,135620,0.0,0.0,2023-06-27
972,2023-06-27 15:15:00+05:30,162.5,162.8000030517578,162.4499969482422,162.8000030517578,200354,0.0,0.0,2023-06-27
973,2023-06-27 15:20:00+05:30,162.8000030517578,162.89999389648438,162.5,162.5500030517578,201024,0.0,0.0,2023-06-27
974,2023-06-27 15:25:00+05:30,162.5500030517578,162.9499969482422,162.3000030517578,162.5,248271,0.0,0.0,2023-06-27
975,2023-06-28 15:25:00+05:30,164.35000610351562,164.35000610351562,164.35000610351562,164.35000610351562,8379564,0.0,0.0,2023-06-28
976,2023-06-30 09:15:00+05:30,165.3000030517578,165.89999389648438,163.35000610351562,164.3000030517578,0,0.0,0.0,2023-06-30
977,2023-06-30 09:20:00+05:30,164.3000030517578,164.4499969482422,163.5500030517578,163.64999389648438,324211,0.0,0.0,2023-06-30
978,2023-06-30 09:25:00+05:30,163.64999389648438,164.0500030517578,163.35000610351562,163.4499969482422,196459,0.0,0.0,2023-06-30
979,2023-06-30 09:30:00+05:30,163.5,163.64999389648438,162.6999969482422,162.6999969482422,368251,0.0,0.0,2023-06-30
980,2023-06-30 09:35:00+05:30,162.85000610351562,163.39999389648438,162.64999389648438,163.0,273250,0.0,0.0,2023-06-30
981,2023-06-30 09:40:00+05:30,163.0500030517578,163.1999969482422,161.6999969482422,162.5,567928,0.0,0.0,2023-06-30
982,2023-06-30 09:45:00+05:30,162.5,162.5,161.85000610351562,162.10000610351562,207015,0.0,0.0,2023-06-30
983,2023-06-30 09:50:00+05:30,162.0,162.10000610351562,161.5500030517578,161.6999969482422,253833,0.0,0.0,2023-06-30
984,2023-06-30 09:55:00+05:30,161.64999389648438,162.35000610351562,161.64999389648438,162.10000610351562,208881,0.0,0.0,2023-06-30
985,2023-06-30 10:00:00+05:30,162.10000610351562,162.35000610351562,161.8000030517578,161.9499969482422,276991,0.0,0.0,2023-06-30
986,2023-06-30 10:05:00+05:30,161.89999389648438,162.10000610351562,161.35000610351562,161.35000610351562,268192,0.0,0.0,2023-06-30
987,2023-06-30 10:10:00+05:30,161.39999389648438,162.5500030517578,161.35000610351562,162.25,485266,0.0,0.0,2023-06-30
988,2023-06-30 10:15:00+05:30,162.1999969482422,162.89999389648438,162.0,162.4499969482422,241140,0.0,0.0,2023-06-30
989,2023-06-30 10:20:00+05:30,162.5500030517578,162.8000030517578,161.8000030517578,161.8000030517578,245800,0.0,0.0,2023-06-30
990,2023-06-30 10:25:00+05:30,161.85000610351562,161.85000610351562,160.8000030517578,160.89999389648438,511643,0.0,0.0,2023-06-30
991,2023-06-30 10:30:00+05:30,160.85000610351562,161.10000610351562,159.5500030517578,159.75,830105,0.0,0.0,2023-06-30
992,2023-06-30 10:35:00+05:30,159.5500030517578,159.85000610351562,159.10000610351562,159.5500030517578,508917,0.0,0.0,2023-06-30
993,2023-06-30 10:40:00+05:30,159.5500030517578,161.0500030517578,159.5500030517578,161.0,400837,0.0,0.0,2023-06-30
994,2023-06-30 10:45:00+05:30,160.89999389648438,161.1999969482422,160.39999389648438,160.39999389648438,408590,0.0,0.0,2023-06-30
995,2023-06-30 10:50:00+05:30,160.39999389648438,160.60000610351562,159.75,159.89999389648438,414527,0.0,0.0,2023-06-30
996,2023-06-30 10:55:00+05:30,159.89999389648438,160.25,159.5500030517578,159.85000610351562,244974,0.0,0.0,2023-06-30
997,2023-06-30 11:00:00+05:30,159.89999389648438,160.10000610351562,159.60000610351562,159.89999389648438,164925,0.0,0.0,2023-06-30
998,2023-06-30 11:05:00+05:30,159.89999389648438,160.1999969482422,159.89999389648438,160.14999389648438,49992,0.0,0.0,2023-06-30
999,2023-06-30 11:10:00+05:30,160.1999969482422,160.5,160.14999389648438,160.39999389648438,91053,0.0,0.0,2023-06-30
1000,2023-06-30 11:15:00+05:30,160.39999389648438,160.39999389648438,159.89999389648438,160.0,66257,0.0,0.0,2023-06-30
1001,2023-06-30 11:20:00+05:30,160.0500030517578,160.8000030517578,160.0500030517578,160.60000610351562,457275,0.0,0.0,2023-06-30
1002,2023-06-30 11:25:00+05:30,160.64999389648438,160.64999389648438,160.0,160.39999389648438,394579,0.0,0.0,2023-06-30
1003,2023-06-30 11:30:00+05:30,160.39999389648438,160.39999389648438,159.60000610351562,159.8000030517578,243014,0.0,0.0,2023-06-30
1004,2023-06-30 11:35:00+05:30,159.75,159.9499969482422,158.39999389648438,158.5500030517578,615461,0.0,0.0,2023-06-30
1005,2023-06-30 11:40:00+05:30,158.60000610351562,159.5,158.60000610351562,159.5,206616,0.0,0.0,2023-06-30
1006,2023-06-30 11:45:00+05:30,159.5,159.5500030517578,159.10000610351562,159.25,87948,0.0,0.0,2023-06-30
1007,2023-06-30 11:50:00+05:30,159.25,159.5500030517578,159.14999389648438,159.39999389648438,111146,0.0,0.0,2023-06-30
1008,2023-06-30 11:55:00+05:30,159.5,159.6999969482422,159.35000610351562,159.60000610351562,130590,0.0,0.0,2023-06-30
1009,2023-06-30 12:00:00+05:30,159.64999389648438,159.64999389648438,159.0,159.10000610351562,127586,0.0,0.0,2023-06-30
1010,2023-06-30 12:05:00+05:30,159.10000610351562,159.39999389648438,159.0500030517578,159.0500030517578,102131,0.0,0.0,2023-06-30
1011,2023-06-30 12:10:00+05:30,159.14999389648438,159.1999969482422,158.89999389648438,159.10000610351562,101285,0.0,0.0,2023-06-30
1012,2023-06-30 12:15:00+05:30,159.1999969482422,159.4499969482422,159.0,159.35000610351562,118716,0.0,0.0,2023-06-30
1013,2023-06-30 12:20:00+05:30,159.3000030517578,159.89999389648438,159.0,159.64999389648438,130562,0.0,0.0,2023-06-30
1014,2023-06-30 12:25:00+05:30,159.5500030517578,160.0,159.5,159.75,269765,0.0,0.0,2023-06-30
1015,2023-06-30 12:30:00+05:30,159.8000030517578,160.14999389648438,159.6999969482422,159.89999389648438,182414,0.0,0.0,2023-06-30
1016,2023-06-30 12:35:00+05:30,159.89999389648438,160.85000610351562,159.89999389648438,160.75,558651,0.0,0.0,2023-06-30
1017,2023-06-30 12:40:00+05:30,160.6999969482422,161.75,160.5,161.6999969482422,522763,0.0,0.0,2023-06-30
1018,2023-06-30 12:45:00+05:30,161.8000030517578,162.4499969482422,161.1999969482422,162.0,626901,0.0,0.0,2023-06-30
1019,2023-06-30 12:50:00+05:30,162.0,162.3000030517578,161.60000610351562,161.8000030517578,272931,0.0,0.0,2023-06-30
1020,2023-06-30 12:55:00+05:30,161.8000030517578,162.60000610351562,161.8000030517578,162.5500030517578,384618,0.0,0.0,2023-06-30
1021,2023-06-30 13:00:00+05:30,162.60000610351562,163.25,162.4499969482422,162.8000030517578,477332,0.0,0.0,2023-06-30
1022,2023-06-30 13:05:00+05:30,162.6999969482422,163.8000030517578,162.6999969482422,163.10000610351562,433356,0.0,0.0,2023-06-30
1023,2023-06-30 13:10:00+05:30,163.10000610351562,163.5,163.0500030517578,163.3000030517578,155761,0.0,0.0,2023-06-30
1024,2023-06-30 13:15:00+05:30,163.3000030517578,163.89999389648438,162.9499969482422,163.25,301830,0.0,0.0,2023-06-30
1025,2023-06-30 13:20:00+05:30,163.25,163.4499969482422,162.60000610351562,162.8000030517578,297701,0.0,0.0,2023-06-30
1026,2023-06-30 13:25:00+05:30,163.0500030517578,163.10000610351562,162.6999969482422,162.89999389648438,308288,0.0,0.0,2023-06-30
1027,2023-06-30 13:30:00+05:30,162.89999389648438,163.4499969482422,162.89999389648438,163.4499969482422,126829,0.0,0.0,2023-06-30
1028,2023-06-30 13:35:00+05:30,163.39999389648438,163.4499969482422,162.89999389648438,162.89999389648438,92424,0.0,0.0,2023-06-30
1029,2023-06-30 13:40:00+05:30,162.89999389648438,163.1999969482422,162.89999389648438,163.14999389648438,44446,0.0,0.0,2023-06-30
1030,2023-06-30 13:45:00+05:30,163.1999969482422,163.1999969482422,163.0,163.1999969482422,56497,0.0,0.0,2023-06-30
1031,2023-06-30 13:50:00+05:30,163.14999389648438,163.1999969482422,162.8000030517578,162.89999389648438,104243,0.0,0.0,2023-06-30
1032,2023-06-30 13:55:00+05:30,162.89999389648438,162.89999389648438,162.14999389648438,162.3000030517578,131408,0.0,0.0,2023-06-30
1033,2023-06-30 14:00:00+05:30,162.25,162.89999389648438,162.25,162.6999969482422,109602,0.0,0.0,2023-06-30
1034,2023-06-30 14:05:00+05:30,162.8000030517578,163.0,162.75,162.75,83702,0.0,0.0,2023-06-30
1035,2023-06-30 14:10:00+05:30,162.75,163.0,162.60000610351562,162.6999969482422,102176,0.0,0.0,2023-06-30
1036,2023-06-30 14:15:00+05:30,162.6999969482422,162.89999389648438,162.6999969482422,162.8000030517578,24151,0.0,0.0,2023-06-30
1037,2023-06-30 14:20:00+05:30,162.85000610351562,163.0,162.8000030517578,162.85000610351562,44810,0.0,0.0,2023-06-30
1038,2023-06-30 14:25:00+05:30,162.89999389648438,162.9499969482422,162.60000610351562,162.64999389648438,47900,0.0,0.0,2023-06-30
1039,2023-06-30 14:30:00+05:30,162.6999969482422,162.85000610351562,162.60000610351562,162.6999969482422,28992,0.0,0.0,2023-06-30
1040,2023-06-30 14:35:00+05:30,162.6999969482422,163.89999389648438,162.64999389648438,163.89999389648438,390456,0.0,0.0,2023-06-30
1041,2023-06-30 14:40:00+05:30,163.8000030517578,164.9499969482422,163.5500030517578,164.5500030517578,613030,0.0,0.0,2023-06-30
1042,2023-06-30 14:45:00+05:30,164.60000610351562,165.5,164.3000030517578,164.35000610351562,479419,0.0,0.0,2023-06-30
1043,2023-06-30 14:50:00+05:30,164.25,164.5500030517578,163.9499969482422,164.10000610351562,198542,0.0,0.0,2023-06-30
1044,2023-06-30 14:55:00+05:30,164.14999389648438,164.5500030517578,163.6999969482422,163.6999969482422,213907,0.0,0.0,2023-06-30
1045,2023-06-30 15:00:00+05:30,163.6999969482422,164.0,163.35000610351562,163.75,159279,0.0,0.0,2023-06-30
1046,2023-06-30 15:05:00+05:30,163.8000030517578,164.25,163.4499969482422,164.14999389648438,173439,0.0,0.0,2023-06-30
1047,2023-06-30 15:10:00+05:30,164.25,164.64999389648438,164.0500030517578,164.35000610351562,281734,0.0,0.0,2023-06-30
1048,2023-06-30 15:15:00+05:30,164.35000610351562,164.6999969482422,164.35000610351562,164.5,257417,0.0,0.0,2023-06-30
1049,2023-06-30 15:20:00+05:30,164.5,164.64999389648438,164.3000030517578,164.5,209590,0.0,0.0,2023-06-30
1050,2023-06-30 15:25:00+05:30,164.5500030517578,164.5500030517578,163.8000030517578,164.25,157554,0.0,0.0,2023-06-30
1051,2023-07-03 09:15:00+05:30,164.60000610351562,165.1999969482422,163.4499969482422,164.0500030517578,0,0.0,0.0,2023-07-03
1052,2023-07-03 09:20:00+05:30,163.9499969482422,164.4499969482422,163.10000610351562,163.89999389648438,568510,0.0,0.0,2023-07-03
1053,2023-07-03 09:25:00+05:30,163.6999969482422,164.25,163.6999969482422,163.9499969482422,138981,0.0,0.0,2023-07-03
1054,2023-07-03 09:30:00+05:30,163.75,164.5500030517578,163.35000610351562,164.39999389648438,295440,0.0,0.0,2023-07-03
1055,2023-07-03 09:35:00+05:30,164.4499969482422,165.35000610351562,164.4499969482422,165.0,431831,0.0,0.0,2023-07-03
1056,2023-07-03 09:40:00+05:30,165.0500030517578,165.3000030517578,164.64999389648438,164.9499969482422,157349,0.0,0.0,2023-07-03
1057,2023-07-03 09:45:00+05:30,165.0500030517578,165.10000610351562,164.5500030517578,164.5500030517578,92369,0.0,0.0,2023-07-03
1058,2023-07-03 09:50:00+05:30,164.5500030517578,164.5500030517578,164.39999389648438,164.4499969482422,82801,0.0,0.0,2023-07-03
1059,2023-07-03 09:55:00+05:30,164.5500030517578,164.5500030517578,164.10000610351562,164.1999969482422,94416,0.0,0.0,2023-07-03
1060,2023-07-03 10:00:00+05:30,164.1999969482422,164.3000030517578,163.75,164.0500030517578,142246,0.0,0.0,2023-07-03
1061,2023-07-03 10:05:00+05:30,164.14999389648438,164.5500030517578,164.0,164.14999389648438,130455,0.0,0.0,2023-07-03
1062,2023-07-03 10:10:00+05:30,164.25,164.39999389648438,164.10000610351562,164.35000610351562,57504,0.0,0.0,2023-07-03
1063,2023-07-03 10:15:00+05:30,164.35000610351562,165.1999969482422,164.25,165.14999389648438,279618,0.0,0.0,2023-07-03
1064,2023-07-03 10:20:00+05:30,165.10000610351562,165.10000610351562,164.60000610351562,164.89999389648438,111296,0.0,0.0,2023-07-03
1065,2023-07-03 10:25:00+05:30,164.9499969482422,165.60000610351562,164.75,165.60000610351562,253672,0.0,0.0,2023-07-03
1066,2023-07-03 10:30:00+05:30,165.5,165.5500030517578,164.9499969482422,165.25,178404,0.0,0.0,2023-07-03
1067,2023-07-03 10:35:00+05:30,165.25,166.10000610351562,165.14999389648438,165.5,470635,0.0,0.0,2023-07-03
1068,2023-07-03 10:40:00+05:30,165.5,165.85000610351562,165.4499969482422,165.5,136879,0.0,0.0,2023-07-03
1069,2023-07-03 10:45:00+05:30,165.5,165.85000610351562,165.4499969482422,165.85000610351562,96939,0.0,0.0,2023-07-03
1070,2023-07-03 10:50:00+05:30,165.9499969482422,166.3000030517578,165.85000610351562,166.14999389648438,192781,0.0,0.0,2023-07-03
1071,2023-07-03 10:55:00+05:30,166.1999969482422,166.5,166.0,166.0,193586,0.0,0.0,2023-07-03
1072,2023-07-03 11:00:00+05:30,166.14999389648438,166.3000030517578,166.0,166.25,104197,0.0,0.0,2023-07-03
1073,2023-07-03 11:05:00+05:30,166.3000030517578,166.3000030517578,165.85000610351562,166.14999389648438,105179,0.0,0.0,2023-07-03
1074,2023-07-03 11:10:00+05:30,166.10000610351562,166.1999969482422,165.5500030517578,165.6999969482422,131443,0.0,0.0,2023-07-03
1075,2023-07-03 11:15:00+05:30,165.75,165.9499969482422,165.3000030517578,165.3000030517578,147139,0.0,0.0,2023-07-03
1076,2023-07-03 11:20:00+05:30,165.4499969482422,165.8000030517578,165.3000030517578,165.75,100362,0.0,0.0,2023-07-03
1077,2023-07-03 11:25:00+05:30,165.89999389648438,166.25,165.6999969482422,166.14999389648438,147786,0.0,0.0,2023-07-03
1078,2023-07-03 11:30:00+05:30,166.14999389648438,166.9499969482422,166.0,166.6999969482422,408598,0.0,0.0,2023-07-03
1079,2023-07-03 11:35:00+05:30,166.6999969482422,166.75,166.3000030517578,166.4499969482422,80869,0.0,0.0,2023-07-03
1080,2023-07-03 11:40:00+05:30,166.35000610351562,167.10000610351562,166.25,166.64999389648438,363366,0.0,0.0,2023-07-03
1081,2023-07-03 11:45:00+05:30,166.5500030517578,166.64999389648438,166.5,166.60000610351562,40484,0.0,0.0,2023-07-03
1082,2023-07-03 11:50:00+05:30,166.5,166.89999389648438,166.5,166.5,64121,0.0,0.0,2023-07-03
1083,2023-07-03 11:55:00+05:30,166.5500030517578,166.6999969482422,166.14999389648438,166.3000030517578,131698,0.0,0.0,2023-07-03
1084,2023-07-03 12:00:00+05:30,166.3000030517578,166.35000610351562,166.0500030517578,166.1999969482422,45629,0.0,0.0,2023-07-03
1085,2023-07-03 12:05:00+05:30,166.25,166.3000030517578,166.0,166.0,57635,0.0,0.0,2023-07-03
1086,2023-07-03 12:10:00+05:30,165.85000610351562,166.0,165.8000030517578,165.89999389648438,89353,0.0,0.0,2023-07-03
1087,2023-07-03 12:15:00+05:30,165.85000610351562,165.89999389648438,165.3000030517578,165.39999389648438,210301,0.0,0.0,2023-07-03
1088,2023-07-03 12:20:00+05:30,165.4499969482422,165.60000610351562,165.3000030517578,165.5,39421,0.0,0.0,2023-07-03
1089,2023-07-03 12:25:00+05:30,165.5,165.64999389648438,165.39999389648438,165.5500030517578,53943,0.0,0.0,2023-07-03
1090,2023-07-03 12:30:00+05:30,165.5,165.60000610351562,165.4499969482422,165.4499969482422,32764,0.0,0.0,2023-07-03
1091,2023-07-03 12:35:00+05:30,165.4499969482422,165.60000610351562,165.4499969482422,165.60000610351562,36585,0.0,0.0,2023-07-03
1092,2023-07-03 12:40:00+05:30,165.60000610351562,165.64999389648438,165.14999389648438,165.14999389648438,88197,0.0,0.0,2023-07-03
1093,2023-07-03 12:45:00+05:30,165.0500030517578,165.35000610351562,165.0500030517578,165.0500030517578,90801,0.0,0.0,2023-07-03
1094,2023-07-03 12:50:00+05:30,165.0500030517578,165.35000610351562,165.0500030517578,165.25,372033,0.0,0.0,2023-07-03
1095,2023-07-03 12:55:00+05:30,165.3000030517578,165.3000030517578,164.8000030517578,165.0,60284,0.0,0.0,2023-07-03
1096,2023-07-03 13:00:00+05:30,164.89999389648438,165.25,164.6999969482422,164.89999389648438,167294,0.0,0.0,2023-07-03
1097,2023-07-03 13:05:00+05:30,164.89999389648438,165.14999389648438,164.8000030517578,165.0500030517578,30902,0.0,0.0,2023-07-03
1098,2023-07-03 13:10:00+05:30,165.0500030517578,165.3000030517578,165.0,165.10000610351562,72766,0.0,0.0,2023-07-03
1099,2023-07-03 13:15:00+05:30,165.10000610351562,165.5,165.0,165.25,144586,0.0,0.0,2023-07-03
1100,2023-07-03 13:20:00+05:30,165.1999969482422,165.25,165.0,165.0500030517578,21193,0.0,0.0,2023-07-03
1101,2023-07-03 13:25:00+05:30,165.0500030517578,165.14999389648438,165.0,165.0500030517578,46179,0.0,0.0,2023-07-03
1102,2023-07-03 13:30:00+05:30,165.14999389648438,165.4499969482422,164.60000610351562,165.39999389648438,124676,0.0,0.0,2023-07-03
1103,2023-07-03 13:35:00+05:30,165.4499969482422,165.5,165.14999389648438,165.14999389648438,122444,0.0,0.0,2023-07-03
1104,2023-07-03 13:40:00+05:30,165.14999389648438,165.25,164.89999389648438,164.89999389648438,49164,0.0,0.0,2023-07-03
1105,2023-07-03 13:45:00+05:30,164.89999389648438,165.14999389648438,164.8000030517578,165.0,33452,0.0,0.0,2023-07-03
1106,2023-07-03 13:50:00+05:30,165.0,165.3000030517578,164.89999389648438,165.10000610351562,53736,0.0,0.0,2023-07-03
1107,2023-07-03 13:55:00+05:30,165.10000610351562,165.1999969482422,164.9499969482422,165.10000610351562,30779,0.0,0.0,2023-07-03
1108,2023-07-03 14:00:00+05:30,165.1999969482422,165.39999389648438,165.14999389648438,165.3000030517578,33854,0.0,0.0,2023-07-03
1109,2023-07-03 14:05:00+05:30,165.35000610351562,165.85000610351562,165.3000030517578,165.85000610351562,67828,0.0,0.0,2023-07-03
1110,2023-07-03 14:10:00+05:30,165.85000610351562,166.10000610351562,165.4499969482422,165.5,100315,0.0,0.0,2023-07-03
1111,2023-07-03 14:15:00+05:30,165.4499969482422,165.5,165.3000030517578,165.4499969482422,43993,0.0,0.0,2023-07-03
1112,2023-07-03 14:20:00+05:30,165.5,165.75,165.39999389648438,165.6999969482422,30867,0.0,0.0,2023-07-03
1113,2023-07-03 14:25:00+05:30,165.75,165.85000610351562,165.39999389648438,165.5500030517578,66748,0.0,0.0,2023-07-03
1114,2023-07-03 14:30:00+05:30,165.5500030517578,165.6999969482422,165.4499969482422,165.6999969482422,26056,0.0,0.0,2023-07-03
1115,2023-07-03 14:35:00+05:30,165.64999389648438,165.8000030517578,165.4499969482422,165.4499969482422,55921,0.0,0.0,2023-07-03
1116,2023-07-03 14:40:00+05:30,165.4499969482422,165.6999969482422,165.4499969482422,165.60000610351562,40760,0.0,0.0,2023-07-03
1117,2023-07-03 14:45:00+05:30,165.5,165.75,165.25,165.3000030517578,61719,0.0,0.0,2023-07-03
1118,2023-07-03 14:50:00+05:30,165.3000030517578,165.39999389648438,165.0500030517578,165.3000030517578,50587,0.0,0.0,2023-07-03
1119,2023-07-03 14:55:00+05:30,165.4499969482422,165.5,165.3000030517578,165.39999389648438,34211,0.0,0.0,2023-07-03
1120,2023-07-03 15:00:00+05:30,165.5,165.5,165.10000610351562,165.25,76310,0.0,0.0,2023-07-03
1121,2023-07-03 15:05:00+05:30,165.1999969482422,165.64999389648438,165.14999389648438,165.39999389648438,100467,0.0,0.0,2023-07-03
1122,2023-07-03 15:10:00+05:30,165.4499969482422,165.5500030517578,165.25,165.3000030517578,126155,0.0,0.0,2023-07-03
1123,2023-07-03 15:15:00+05:30,165.35000610351562,165.60000610351562,165.35000610351562,165.5,216883,0.0,0.0,2023-07-03
1124,2023-07-03 15:20:00+05:30,165.5,165.64999389648438,165.39999389648438,165.64999389648438,157886,0.0,0.0,2023-07-03
1125,2023-07-03 15:25:00+05:30,165.64999389648438,165.64999389648438,165.0,165.10000610351562,159562,0.0,0.0,2023-07-03
1126,2023-07-04 09:15:00+05:30,166.1999969482422,166.1999969482422,164.60000610351562,165.39999389648438,0,0.0,0.0,2023-07-04
1127,2023-07-04 09:20:00+05:30,165.39999389648438,165.85000610351562,164.64999389648438,164.64999389648438,262275,0.0,0.0,2023-07-04
1128,2023-07-04 09:25:00+05:30,164.5500030517578,165.0500030517578,164.3000030517578,164.5,111942,0.0,0.0,2023-07-04
1129,2023-07-04 09:30:00+05:30,164.60000610351562,164.8000030517578,164.14999389648438,164.1999969482422,109223,0.0,0.0,2023-07-04
1130,2023-07-04 09:35:00+05:30,164.14999389648438,164.14999389648438,163.4499969482422,163.4499969482422,135007,0.0,0.0,2023-07-04
1131,2023-07-04 09:40:00+05:30,163.5500030517578,163.6999969482422,163.14999389648438,163.25,154615,0.0,0.0,2023-07-04
1132,2023-07-04 09:45:00+05:30,163.3000030517578,163.3000030517578,162.5500030517578,163.25,282152,0.0,0.0,2023-07-04
1133,2023-07-04 09:50:00+05:30,163.35000610351562,163.35000610351562,162.9499969482422,163.0500030517578,81810,0.0,0.0,2023-07-04
1134,2023-07-04 09:55:00+05:30,162.9499969482422,162.9499969482422,162.4499969482422,162.60000610351562,145189,0.0,0.0,2023-07-04
1135,2023-07-04 10:00:00+05:30,162.5,162.6999969482422,162.25,162.5,98417,0.0,0.0,2023-07-04
1136,2023-07-04 10:05:00+05:30,162.5500030517578,163.60000610351562,162.5500030517578,163.5500030517578,152595,0.0,0.0,2023-07-04
1137,2023-07-04 10:10:00+05:30,163.60000610351562,163.64999389648438,163.3000030517578,163.4499969482422,55646,0.0,0.0,2023-07-04
1138,2023-07-04 10:15:00+05:30,163.4499969482422,163.60000610351562,163.3000030517578,163.5500030517578,55238,0.0,0.0,2023-07-04
1139,2023-07-04 10:20:00+05:30,163.6999969482422,164.3000030517578,163.6999969482422,164.10000610351562,112033,0.0,0.0,2023-07-04
1140,2023-07-04 10:25:00+05:30,164.10000610351562,164.14999389648438,163.89999389648438,164.14999389648438,70048,0.0,0.0,2023-07-04
1141,2023-07-04 10:30:00+05:30,164.1999969482422,164.1999969482422,163.75,163.8000030517578,57631,0.0,0.0,2023-07-04
1142,2023-07-04 10:35:00+05:30,163.8000030517578,163.85000610351562,163.4499969482422,163.5,72899,0.0,0.0,2023-07-04
1143,2023-07-04 10:40:00+05:30,163.5,163.64999389648438,163.4499969482422,163.60000610351562,19669,0.0,0.0,2023-07-04
1144,2023-07-04 10:45:00+05:30,163.60000610351562,164.0,163.5,163.85000610351562,61136,0.0,0.0,2023-07-04
1145,2023-07-04 10:50:00+05:30,164.0,164.0500030517578,163.85000610351562,163.85000610351562,55658,0.0,0.0,2023-07-04
1146,2023-07-04 10:55:00+05:30,163.75,164.0,163.75,163.85000610351562,16459,0.0,0.0,2023-07-04
1147,2023-07-04 11:00:00+05:30,163.89999389648438,164.0,163.75,163.75,30797,0.0,0.0,2023-07-04
1148,2023-07-04 11:05:00+05:30,163.8000030517578,164.0,163.75,163.89999389648438,14088,0.0,0.0,2023-07-04
1149,2023-07-04 11:10:00+05:30,163.89999389648438,163.89999389648438,163.4499969482422,163.5,25509,0.0,0.0,2023-07-04
1150,2023-07-04 11:15:00+05:30,163.5500030517578,163.5500030517578,163.3000030517578,163.5,36741,0.0,0.0,2023-07-04
1151,2023-07-04 11:20:00+05:30,163.5,163.64999389648438,163.3000030517578,163.5500030517578,53886,0.0,0.0,2023-07-04
1152,2023-07-04 11:25:00+05:30,163.5,163.9499969482422,163.39999389648438,163.6999969482422,70313,0.0,0.0,2023-07-04
1153,2023-07-04 11:30:00+05:30,163.6999969482422,163.75,163.5500030517578,163.6999969482422,10092,0.0,0.0,2023-07-04
1154,2023-07-04 11:35:00+05:30,163.60000610351562,164.0,163.39999389648438,163.89999389648438,38964,0.0,0.0,2023-07-04
1155,2023-07-04 11:40:00+05:30,163.89999389648438,164.0,163.85000610351562,163.89999389648438,16990,0.0,0.0,2023-07-04
1156,2023-07-04 11:45:00+05:30,163.85000610351562,163.89999389648438,163.60000610351562,163.6999969482422,16510,0.0,0.0,2023-07-04
1157,2023-07-04 11:50:00+05:30,163.60000610351562,163.75,163.5,163.64999389648438,17634,0.0,0.0,2023-07-04
1158,2023-07-04 11:55:00+05:30,163.64999389648438,163.8000030517578,163.60000610351562,163.75,9736,0.0,0.0,2023-07-04
1159,2023-07-04 12:00:00+05:30,163.64999389648438,163.9499969482422,163.64999389648438,163.9499969482422,21021,0.0,0.0,2023-07-04
1160,2023-07-04 12:05:00+05:30,163.9499969482422,164.0,163.64999389648438,163.89999389648438,57721,0.0,0.0,2023-07-04
1161,2023-07-04 12:10:00+05:30,163.89999389648438,164.3000030517578,163.75,163.89999389648438,69442,0.0,0.0,2023-07-04
1162,2023-07-04 12:15:00+05:30,163.89999389648438,164.0,163.6999969482422,163.75,14008,0.0,0.0,2023-07-04
1163,2023-07-04 12:20:00+05:30,163.75,163.89999389648438,163.6999969482422,163.75,13270,0.0,0.0,2023-07-04
1164,2023-07-04 12:25:00+05:30,163.8000030517578,163.8000030517578,163.5,163.5500030517578,43691,0.0,0.0,2023-07-04
1165,2023-07-04 12:30:00+05:30,163.60000610351562,163.64999389648438,163.39999389648438,163.5,55249,0.0,0.0,2023-07-04
1166,2023-07-04 12:35:00+05:30,163.4499969482422,163.60000610351562,163.4499969482422,163.60000610351562,10338,0.0,0.0,2023-07-04
1167,2023-07-04 12:40:00+05:30,163.5500030517578,163.6999969482422,163.5500030517578,163.5500030517578,11138,0.0,0.0,2023-07-04
1168,2023-07-04 12:45:00+05:30,163.6999969482422,163.75,163.39999389648438,163.4499969482422,20385,0.0,0.0,2023-07-04
1169,2023-07-04 12:50:00+05:30,163.39999389648438,163.64999389648438,163.3000030517578,163.5500030517578,33429,0.0,0.0,2023-07-04
1170,2023-07-04 12:55:00+05:30,163.5500030517578,163.5500030517578,163.14999389648438,163.1999969482422,46264,0.0,0.0,2023-07-04
1171,2023-07-04 13:00:00+05:30,163.1999969482422,163.1999969482422,162.85000610351562,163.10000610351562,75998,0.0,0.0,2023-07-04
1172,2023-07-04 13:05:00+05:30,162.9499969482422,162.9499969482422,162.85000610351562,162.9499969482422,51380,0.0,0.0,2023-07-04
1173,2023-07-04 13:10:00+05:30,162.85000610351562,163.14999389648438,162.85000610351562,163.14999389648438,16926,0.0,0.0,2023-07-04
1174,2023-07-04 13:15:00+05:30,163.10000610351562,163.35000610351562,162.9499969482422,163.35000610351562,63512,0.0,0.0,2023-07-04
1175,2023-07-04 13:20:00+05:30,163.1999969482422,163.25,163.0,163.10000610351562,15937,0.0,0.0,2023-07-04
1176,2023-07-04 13:25:00+05:30,163.14999389648438,163.25,163.0500030517578,163.25,10014,0.0,0.0,2023-07-04
1177,2023-07-04 13:30:00+05:30,163.14999389648438,163.25,162.85000610351562,162.85000610351562,42625,0.0,0.0,2023-07-04
1178,2023-07-04 13:35:00+05:30,162.8000030517578,162.85000610351562,162.6999969482422,162.8000030517578,46210,0.0,0.0,2023-07-04
1179,2023-07-04 13:40:00+05:30,162.8000030517578,163.14999389648438,162.8000030517578,163.10000610351562,26586,0.0,0.0,2023-07-04
1180,2023-07-04 13:45:00+05:30,163.10000610351562,163.14999389648438,162.85000610351562,162.89999389648438,16587,0.0,0.0,2023-07-04
1181,2023-07-04 13:50:00+05:30,162.85000610351562,163.1999969482422,162.8000030517578,163.1999969482422,34067,0.0,0.0,2023-07-04
1182,2023-07-04 13:55:00+05:30,163.14999389648438,163.14999389648438,162.9499969482422,163.0,21916,0.0,0.0,2023-07-04
1183,2023-07-04 14:00:00+05:30,163.0,163.0,162.8000030517578,162.85000610351562,10538,0.0,0.0,2023-07-04
1184,2023-07-04 14:05:00+05:30,162.8000030517578,162.85000610351562,162.5500030517578,162.60000610351562,38619,0.0,0.0,2023-07-04
1185,2023-07-04 14:10:00+05:30,162.60000610351562,162.60000610351562,162.39999389648438,162.5,46708,0.0,0.0,2023-07-04
1186,2023-07-04 14:15:00+05:30,162.39999389648438,162.5,162.3000030517578,162.5,43158,0.0,0.0,2023-07-04
1187,2023-07-04 14:20:00+05:30,162.5,162.5,162.35000610351562,162.35000610351562,37654,0.0,0.0,2023-07-04
1188,2023-07-04 14:25:00+05:30,162.35000610351562,162.4499969482422,161.85000610351562,161.89999389648438,184654,0.0,0.0,2023-07-04
1189,2023-07-04 14:30:00+05:30,161.89999389648438,162.14999389648438,161.75,162.10000610351562,50602,0.0,0.0,2023-07-04
1190,2023-07-04 14:35:00+05:30,162.14999389648438,162.5,162.10000610351562,162.5,38752,0.0,0.0,2023-07-04
1191,2023-07-04 14:40:00+05:30,162.5,162.5500030517578,162.1999969482422,162.35000610351562,47794,0.0,0.0,2023-07-04
1192,2023-07-04 14:45:00+05:30,162.35000610351562,162.39999389648438,162.25,162.3000030517578,21737,0.0,0.0,2023-07-04
1193,2023-07-04 14:50:00+05:30,162.3000030517578,162.3000030517578,162.10000610351562,162.25,33910,0.0,0.0,2023-07-04
1194,2023-07-04 14:55:00+05:30,162.3000030517578,162.39999389648438,162.1999969482422,162.25,59074,0.0,0.0,2023-07-04
1195,2023-07-04 15:00:00+05:30,162.35000610351562,162.39999389648438,162.14999389648438,162.25,46953,0.0,0.0,2023-07-04
1196,2023-07-04 15:05:00+05:30,162.35000610351562,162.39999389648438,161.9499969482422,162.0,156595,0.0,0.0,2023-07-04
1197,2023-07-04 15:10:00+05:30,162.0,162.35000610351562,162.0,162.14999389648438,252009,0.0,0.0,2023-07-04
1198,2023-07-04 15:15:00+05:30,162.1999969482422,162.64999389648438,162.1999969482422,162.4499969482422,280090,0.0,0.0,2023-07-04
1199,2023-07-04 15:20:00+05:30,162.5,163.10000610351562,162.39999389648438,163.0,195709,0.0,0.0,2023-07-04
1200,2023-07-04 15:25:00+05:30,162.9499969482422,162.9499969482422,162.5500030517578,162.75,68028,0.0,0.0,2023-07-04
1201,2023-07-05 09:15:00+05:30,162.9499969482422,163.60000610351562,162.8000030517578,162.89999389648438,0,0.0,0.0,2023-07-05
1202,2023-07-05 09:20:00+05:30,163.14999389648438,163.85000610351562,162.85000610351562,163.0,142769,0.0,0.0,2023-07-05
1203,2023-07-05 09:25:00+05:30,163.10000610351562,163.9499969482422,163.10000610351562,163.8000030517578,95480,0.0,0.0,2023-07-05
1204,2023-07-05 09:30:00+05:30,163.85000610351562,164.0,163.5500030517578,163.60000610351562,76937,0.0,0.0,2023-07-05
1205,2023-07-05 09:35:00+05:30,163.6999969482422,163.8000030517578,163.4499969482422,163.4499969482422,32487,0.0,0.0,2023-07-05
1206,2023-07-05 09:40:00+05:30,163.39999389648438,163.5,163.1999969482422,163.35000610351562,34143,0.0,0.0,2023-07-05
1207,2023-07-05 09:45:00+05:30,163.39999389648438,163.60000610351562,163.3000030517578,163.5,23757,0.0,0.0,2023-07-05
1208,2023-07-05 09:50:00+05:30,163.5500030517578,163.5500030517578,163.0500030517578,163.10000610351562,35260,0.0,0.0,2023-07-05
1209,2023-07-05 09:55:00+05:30,163.1999969482422,163.39999389648438,163.0,163.0,39828,0.0,0.0,2023-07-05
1210,2023-07-05 10:00:00+05:30,162.9499969482422,162.9499969482422,162.60000610351562,162.60000610351562,67629,0.0,0.0,2023-07-05
1211,2023-07-05 10:05:00+05:30,162.60000610351562,162.85000610351562,162.60000610351562,162.85000610351562,13791,0.0,0.0,2023-07-05
1212,2023-07-05 10:10:00+05:30,162.85000610351562,162.85000610351562,162.5,162.85000610351562,33088,0.0,0.0,2023-07-05
1213,2023-07-05 10:15:00+05:30,162.85000610351562,162.85000610351562,162.60000610351562,162.6999969482422,19764,0.0,0.0,2023-07-05
1214,2023-07-05 10:20:00+05:30,162.60000610351562,162.85000610351562,162.5500030517578,162.6999969482422,18288,0.0,0.0,2023-07-05
1215,2023-07-05 10:25:00+05:30,162.75,162.9499969482422,162.64999389648438,162.9499969482422,31982,0.0,0.0,2023-07-05
1216,2023-07-05 10:30:00+05:30,163.0,163.25,162.85000610351562,162.9499969482422,132840,0.0,0.0,2023-07-05
1217,2023-07-05 10:35:00+05:30,162.9499969482422,163.10000610351562,162.8000030517578,162.8000030517578,31459,0.0,0.0,2023-07-05
1218,2023-07-05 10:40:00+05:30,162.85000610351562,162.85000610351562,162.6999969482422,162.85000610351562,15167,0.0,0.0,2023-07-05
1219,2023-07-05 10:45:00+05:30,162.75,163.4499969482422,162.75,163.35000610351562,129365,0.0,0.0,2023-07-05
1220,2023-07-05 10:50:00+05:30,163.35000610351562,163.5500030517578,163.3000030517578,163.4499969482422,65691,0.0,0.0,2023-07-05
1221,2023-07-05 10:55:00+05:30,163.4499969482422,163.4499969482422,162.89999389648438,162.9499969482422,29586,0.0,0.0,2023-07-05
1222,2023-07-05 11:00:00+05:30,163.0,163.0500030517578,162.89999389648438,162.9499969482422,14352,0.0,0.0,2023-07-05
1223,2023-07-05 11:05:00+05:30,162.85000610351562,163.5500030517578,162.85000610351562,163.5,33365,0.0,0.0,2023-07-05
1224,2023-07-05 11:10:00+05:30,163.5500030517578,163.5500030517578,163.3000030517578,163.39999389648438,21880,0.0,0.0,2023-07-05
1225,2023-07-05 11:15:00+05:30,163.39999389648438,163.75,163.3000030517578,163.75,34369,0.0,0.0,2023-07-05
1226,2023-07-05 11:20:00+05:30,163.6999969482422,163.9499969482422,163.5500030517578,163.8000030517578,119174,0.0,0.0,2023-07-05
1227,2023-07-05 11:25:00+05:30,163.75,163.89999389648438,163.1999969482422,163.1999969482422,44690,0.0,0.0,2023-07-05
1228,2023-07-05 11:30:00+05:30,163.35000610351562,163.4499969482422,163.1999969482422,163.3000030517578,21871,0.0,0.0,2023-07-05
1229,2023-07-05 11:35:00+05:30,163.3000030517578,163.39999389648438,162.75,162.89999389648438,75401,0.0,0.0,2023-07-05
1230,2023-07-05 11:40:00+05:30,163.0,163.3000030517578,162.60000610351562,162.8000030517578,195911,0.0,0.0,2023-07-05
1231,2023-07-05 11:45:00+05:30,162.75,162.9499969482422,162.35000610351562,162.5,130535,0.0,0.0,2023-07-05
1232,2023-07-05 11:50:00+05:30,162.5,163.10000610351562,162.4499969482422,163.0500030517578,44144,0.0,0.0,2023-07-05
1233,2023-07-05 11:55:00+05:30,163.10000610351562,163.39999389648438,163.0500030517578,163.39999389648438,37627,0.0,0.0,2023-07-05
1234,2023-07-05 12:00:00+05:30,163.5,163.5,163.1999969482422,163.4499969482422,74940,0.0,0.0,2023-07-05
1235,2023-07-05 12:05:00+05:30,163.39999389648438,163.6999969482422,163.25,163.4499969482422,94271,0.0,0.0,2023-07-05
1236,2023-07-05 12:10:00+05:30,163.35000610351562,163.4499969482422,163.10000610351562,163.14999389648438,27393,0.0,0.0,2023-07-05
1237,2023-07-05 12:15:00+05:30,163.14999389648438,163.35000610351562,163.14999389648438,163.3000030517578,9708,0.0,0.0,2023-07-05
1238,2023-07-05 12:20:00+05:30,163.3000030517578,163.4499969482422,163.25,163.39999389648438,23085,0.0,0.0,2023-07-05
1239,2023-07-05 12:25:00+05:30,163.4499969482422,163.8000030517578,163.4499969482422,163.64999389648438,56824,0.0,0.0,2023-07-05
1240,2023-07-05 12:30:00+05:30,163.6999969482422,163.6999969482422,163.39999389648438,163.6999969482422,43308,0.0,0.0,2023-07-05
1241,2023-07-05 12:35:00+05:30,163.75,163.89999389648438,163.6999969482422,163.89999389648438,34924,0.0,0.0,2023-07-05
1242,2023-07-05 12:40:00+05:30,163.89999389648438,163.89999389648438,163.39999389648438,163.39999389648438,88395,0.0,0.0,2023-07-05
1243,2023-07-05 12:45:00+05:30,163.35000610351562,163.5500030517578,163.25,163.39999389648438,38007,0.0,0.0,2023-07-05
1244,2023-07-05 12:50:00+05:30,163.35000610351562,163.39999389648438,163.1999969482422,163.39999389648438,12898,0.0,0.0,2023-07-05
1245,2023-07-05 12:55:00+05:30,163.39999389648438,163.5,163.3000030517578,163.35000610351562,12773,0.0,0.0,2023-07-05
1246,2023-07-05 13:00:00+05:30,163.25,163.3000030517578,163.1999969482422,163.25,8102,0.0,0.0,2023-07-05
1247,2023-07-05 13:05:00+05:30,163.25,163.3000030517578,163.0500030517578,163.1999969482422,24679,0.0,0.0,2023-07-05
1248,2023-07-05 13:10:00+05:30,163.25,163.25,163.14999389648438,163.25,9581,0.0,0.0,2023-07-05
1249,2023-07-05 13:15:00+05:30,163.14999389648438,163.35000610351562,163.14999389648438,163.35000610351562,9562,0.0,0.0,2023-07-05
1250,2023-07-05 13:20:00+05:30,163.3000030517578,163.35000610351562,163.14999389648438,163.3000030517578,12085,0.0,0.0,2023-07-05
1251,2023-07-05 13:25:00+05:30,163.3000030517578,163.35000610351562,163.10000610351562,163.10000610351562,6697,0.0,0.0,2023-07-05
1252,2023-07-05 13:30:00+05:30,163.14999389648438,163.3000030517578,163.10000610351562,163.1999969482422,22381,0.0,0.0,2023-07-05
1253,2023-07-05 13:35:00+05:30,163.14999389648438,163.5500030517578,163.10000610351562,163.4499969482422,154067,0.0,0.0,2023-07-05
1254,2023-07-05 13:40:00+05:30,163.39999389648438,163.4499969482422,163.25,163.3000030517578,42928,0.0,0.0,2023-07-05
1255,2023-07-05 13:45:00+05:30,163.35000610351562,163.5,163.25,163.25,13575,0.0,0.0,2023-07-05
1256,2023-07-05 13:50:00+05:30,163.25,163.5,163.25,163.39999389648438,38256,0.0,0.0,2023-07-05
1257,2023-07-05 13:55:00+05:30,163.39999389648438,163.4499969482422,163.14999389648438,163.25,35306,0.0,0.0,2023-07-05
1258,2023-07-05 14:00:00+05:30,163.10000610351562,163.10000610351562,162.75,162.89999389648438,71356,0.0,0.0,2023-07-05
1259,2023-07-05 14:05:00+05:30,162.89999389648438,163.0,162.89999389648438,162.9499969482422,21302,0.0,0.0,2023-07-05
1260,2023-07-05 14:10:00+05:30,162.8000030517578,162.9499969482422,162.75,162.85000610351562,75751,0.0,0.0,2023-07-05
1261,2023-07-05 14:15:00+05:30,162.85000610351562,163.0,162.64999389648438,162.85000610351562,31758,0.0,0.0,2023-07-05
1262,2023-07-05 14:20:00+05:30,162.6999969482422,163.10000610351562,162.6999969482422,163.0,19805,0.0,0.0,2023-07-05
1263,2023-07-05 14:25:00+05:30,163.0,163.4499969482422,163.0,163.0500030517578,77752,0.0,0.0,2023-07-05
1264,2023-07-05 14:30:00+05:30,163.0500030517578,163.3000030517578,163.0500030517578,163.14999389648438,24135,0.0,0.0,2023-07-05
1265,2023-07-05 14:35:00+05:30,163.0500030517578,163.1999969482422,163.0,163.0,13809,0.0,0.0,2023-07-05
1266,2023-07-05 14:40:00+05:30,163.10000610351562,163.10000610351562,162.75,162.75,10191,0.0,0.0,2023-07-05
1267,2023-07-05 14:45:00+05:30,162.64999389648438,162.8000030517578,162.64999389648438,162.6999969482422,20156,0.0,0.0,2023-07-05
1268,2023-07-05 14:50:00+05:30,162.75,162.75,162.5,162.5500030517578,33668,0.0,0.0,2023-07-05
1269,2023-07-05 14:55:00+05:30,162.60000610351562,162.60000610351562,162.39999389648438,162.39999389648438,36808,0.0,0.0,2023-07-05
1270,2023-07-05 15:00:00+05:30,162.4499969482422,162.6999969482422,162.39999389648438,162.60000610351562,58573,0.0,0.0,2023-07-05
1271,2023-07-05 15:05:00+05:30,162.5500030517578,162.85000610351562,162.5500030517578,162.75,50693,0.0,0.0,2023-07-05
1272,2023-07-05 15:10:00+05:30,162.75,162.89999389648438,162.6999969482422,162.75,81647,0.0,0.0,2023-07-05
1273,2023-07-05 15:15:00+05:30,162.75,163.0,162.6999969482422,162.9499969482422,102572,0.0,0.0,2023-07-05
1274,2023-07-05 15:20:00+05:30,162.89999389648438,163.10000610351562,162.85000610351562,163.0,74705,0.0,0.0,2023-07-05
1275,2023-07-05 15:25:00+05:30,163.10000610351562,163.39999389648438,162.75,162.85000610351562,163646,0.0,0.0,2023-07-05
1276,2023-07-06 09:15:00+05:30,163.0500030517578,163.60000610351562,162.60000610351562,163.25,203468,0.0,0.0,2023-07-06
1277,2023-07-06 09:20:00+05:30,163.25,163.4499969482422,162.5,163.0,182079,0.0,0.0,2023-07-06
1278,2023-07-06 09:25:00+05:30,163.10000610351562,163.35000610351562,163.0,163.35000610351562,31360,0.0,0.0,2023-07-06
1279,2023-07-06 09:30:00+05:30,163.39999389648438,163.4499969482422,163.1999969482422,163.35000610351562,35395,0.0,0.0,2023-07-06
1280,2023-07-06 09:35:00+05:30,163.3000030517578,163.39999389648438,163.10000610351562,163.25,64535,0.0,0.0,2023-07-06
1281,2023-07-06 09:40:00+05:30,163.1999969482422,163.5500030517578,163.0500030517578,163.5,37284,0.0,0.0,2023-07-06
1282,2023-07-06 09:45:00+05:30,163.60000610351562,163.9499969482422,163.3000030517578,163.3000030517578,117149,0.0,0.0,2023-07-06
1283,2023-07-06 09:50:00+05:30,163.25,163.6999969482422,163.25,163.6999969482422,25467,0.0,0.0,2023-07-06
1284,2023-07-06 09:55:00+05:30,163.6999969482422,163.75,163.5500030517578,163.6999969482422,29308,0.0,0.0,2023-07-06
1285,2023-07-06 10:00:00+05:30,163.75,164.0,163.60000610351562,163.6999969482422,88592,0.0,0.0,2023-07-06
1286,2023-07-06 10:05:00+05:30,163.6999969482422,163.6999969482422,163.5,163.5500030517578,37685,0.0,0.0,2023-07-06
1287,2023-07-06 10:10:00+05:30,163.5500030517578,163.64999389648438,163.5,163.5500030517578,7559,0.0,0.0,2023-07-06
1288,2023-07-06 10:15:00+05:30,163.64999389648438,163.75,163.5,163.75,10421,0.0,0.0,2023-07-06
1289,2023-07-06 10:20:00+05:30,163.75,163.85000610351562,163.5,163.64999389648438,25821,0.0,0.0,2023-07-06
1290,2023-07-06 10:25:00+05:30,163.64999389648438,163.64999389648438,163.4499969482422,163.64999389648438,25630,0.0,0.0,2023-07-06
1291,2023-07-06 10:30:00+05:30,163.5500030517578,163.8000030517578,163.5,163.5,35076,0.0,0.0,2023-07-06
1292,2023-07-06 10:35:00+05:30,163.5,163.60000610351562,163.39999389648438,163.5,8546,0.0,0.0,2023-07-06
1293,2023-07-06 10:40:00+05:30,163.39999389648438,163.5,163.35000610351562,163.39999389648438,13729,0.0,0.0,2023-07-06
1294,2023-07-06 10:45:00+05:30,163.5,163.89999389648438,163.5,163.8000030517578,35378,0.0,0.0,2023-07-06
1295,2023-07-06 10:50:00+05:30,163.8000030517578,165.14999389648438,163.8000030517578,164.60000610351562,310950,0.0,0.0,2023-07-06
1296,2023-07-06 10:55:00+05:30,164.60000610351562,165.3000030517578,164.5500030517578,165.0500030517578,348855,0.0,0.0,2023-07-06
1297,2023-07-06 11:00:00+05:30,165.0500030517578,165.39999389648438,164.4499969482422,164.5,294535,0.0,0.0,2023-07-06
1298,2023-07-06 11:05:00+05:30,164.5500030517578,165.5500030517578,164.4499969482422,165.5500030517578,246399,0.0,0.0,2023-07-06
1299,2023-07-06 11:10:00+05:30,165.5,165.5500030517578,165.0,165.25,228300,0.0,0.0,2023-07-06
1300,2023-07-06 11:15:00+05:30,165.25,165.5500030517578,165.1999969482422,165.5,123955,0.0,0.0,2023-07-06
1301,2023-07-06 11:20:00+05:30,165.39999389648438,165.4499969482422,165.0,165.0500030517578,106971,0.0,0.0,2023-07-06
1302,2023-07-06 11:25:00+05:30,165.14999389648438,165.5,165.0500030517578,165.4499969482422,53267,0.0,0.0,2023-07-06
1303,2023-07-06 11:30:00+05:30,165.4499969482422,166.0,165.35000610351562,165.8000030517578,374495,0.0,0.0,2023-07-06
1304,2023-07-06 11:35:00+05:30,165.8000030517578,165.89999389648438,165.5500030517578,165.6999969482422,96826,0.0,0.0,2023-07-06
1305,2023-07-06 11:40:00+05:30,165.6999969482422,165.85000610351562,165.5,165.85000610351562,69137,0.0,0.0,2023-07-06
1306,2023-07-06 11:45:00+05:30,165.85000610351562,166.0,165.5,165.89999389648438,233781,0.0,0.0,2023-07-06
1307,2023-07-06 11:50:00+05:30,165.89999389648438,166.4499969482422,165.89999389648438,166.0500030517578,173589,0.0,0.0,2023-07-06
1308,2023-07-06 11:55:00+05:30,166.10000610351562,166.4499969482422,166.0500030517578,166.25,510412,0.0,0.0,2023-07-06
1309,2023-07-06 12:00:00+05:30,166.3000030517578,166.85000610351562,166.25,166.64999389648438,382050,0.0,0.0,2023-07-06
1310,2023-07-06 12:05:00+05:30,166.60000610351562,166.75,166.4499969482422,166.5500030517578,165175,0.0,0.0,2023-07-06
1311,2023-07-06 12:10:00+05:30,166.5500030517578,166.5500030517578,166.25,166.5,88216,0.0,0.0,2023-07-06
1312,2023-07-06 12:15:00+05:30,166.5,166.60000610351562,166.4499969482422,166.60000610351562,55505,0.0,0.0,2023-07-06
1313,2023-07-06 12:20:00+05:30,166.5,166.6999969482422,166.4499969482422,166.64999389648438,83374,0.0,0.0,2023-07-06
1314,2023-07-06 12:25:00+05:30,166.60000610351562,166.75,166.4499969482422,166.5500030517578,79911,0.0,0.0,2023-07-06
1315,2023-07-06 12:30:00+05:30,166.64999389648438,166.8000030517578,166.5,166.75,146557,0.0,0.0,2023-07-06
1316,2023-07-06 12:35:00+05:30,166.8000030517578,166.8000030517578,166.39999389648438,166.5500030517578,86672,0.0,0.0,2023-07-06
1317,2023-07-06 12:40:00+05:30,166.5,166.64999389648438,166.25,166.25,58560,0.0,0.0,2023-07-06
1318,2023-07-06 12:45:00+05:30,166.3000030517578,166.3000030517578,166.14999389648438,166.25,111151,0.0,0.0,2023-07-06
1319,2023-07-06 12:50:00+05:30,166.3000030517578,166.4499969482422,166.1999969482422,166.25,44233,0.0,0.0,2023-07-06
1320,2023-07-06 12:55:00+05:30,166.25,166.4499969482422,166.1999969482422,166.39999389648438,19558,0.0,0.0,2023-07-06
1321,2023-07-06 13:00:00+05:30,166.35000610351562,166.60000610351562,166.35000610351562,166.5500030517578,35783,0.0,0.0,2023-07-06
1322,2023-07-06 13:05:00+05:30,166.5500030517578,166.5500030517578,166.25,166.3000030517578,26372,0.0,0.0,2023-07-06
1323,2023-07-06 13:10:00+05:30,166.3000030517578,166.39999389648438,166.25,166.25,32906,0.0,0.0,2023-07-06
1324,2023-07-06 13:15:00+05:30,166.25,166.39999389648438,165.64999389648438,165.6999969482422,77877,0.0,0.0,2023-07-06
1325,2023-07-06 13:20:00+05:30,165.60000610351562,165.75,165.39999389648438,165.5,112220,0.0,0.0,2023-07-06
1326,2023-07-06 13:25:00+05:30,165.5500030517578,165.8000030517578,165.5500030517578,165.60000610351562,31029,0.0,0.0,2023-07-06
1327,2023-07-06 13:30:00+05:30,165.6999969482422,165.89999389648438,165.5500030517578,165.5500030517578,26813,0.0,0.0,2023-07-06
1328,2023-07-06 13:35:00+05:30,165.5500030517578,165.6999969482422,165.5,165.64999389648438,25787,0.0,0.0,2023-07-06
1329,2023-07-06 13:40:00+05:30,165.64999389648438,165.8000030517578,165.5,165.64999389648438,26729,0.0,0.0,2023-07-06
1330,2023-07-06 13:45:00+05:30,165.5,165.64999389648438,165.25,165.35000610351562,47827,0.0,0.0,2023-07-06
1331,2023-07-06 13:50:00+05:30,165.39999389648438,165.60000610351562,165.35000610351562,165.5500030517578,31844,0.0,0.0,2023-07-06
1332,2023-07-06 13:55:00+05:30,165.4499969482422,165.64999389648438,165.25,165.39999389648438,44458,0.0,0.0,2023-07-06
1333,2023-07-06 14:00:00+05:30,165.5,165.60000610351562,165.35000610351562,165.4499969482422,16518,0.0,0.0,2023-07-06
1334,2023-07-06 14:05:00+05:30,165.4499969482422,165.5,165.25,165.35000610351562,25029,0.0,0.0,2023-07-06
1335,2023-07-06 14:10:00+05:30,165.35000610351562,165.89999389648438,165.35000610351562,165.85000610351562,67631,0.0,0.0,2023-07-06
1336,2023-07-06 14:15:00+05:30,165.85000610351562,166.1999969482422,165.85000610351562,166.1999969482422,87789,0.0,0.0,2023-07-06
1337,2023-07-06 14:20:00+05:30,166.3000030517578,166.5,165.75,165.75,120338,0.0,0.0,2023-07-06
1338,2023-07-06 14:25:00+05:30,165.8000030517578,165.89999389648438,165.5,165.64999389648438,45646,0.0,0.0,2023-07-06
1339,2023-07-06 14:30:00+05:30,165.64999389648438,165.89999389648438,165.4499969482422,165.5,89857,0.0,0.0,2023-07-06
1340,2023-07-06 14:35:00+05:30,165.5,165.64999389648438,165.4499969482422,165.64999389648438,60580,0.0,0.0,2023-07-06
1341,2023-07-06 14:40:00+05:30,165.60000610351562,165.85000610351562,165.4499969482422,165.6999969482422,88916,0.0,0.0,2023-07-06
1342,2023-07-06 14:45:00+05:30,165.64999389648438,166.1999969482422,165.64999389648438,166.14999389648438,54509,0.0,0.0,2023-07-06
1343,2023-07-06 14:50:00+05:30,166.14999389648438,166.14999389648438,165.89999389648438,165.9499969482422,18027,0.0,0.0,2023-07-06
1344,2023-07-06 14:55:00+05:30,165.9499969482422,165.9499969482422,165.5,165.60000610351562,57391,0.0,0.0,2023-07-06
1345,2023-07-06 15:00:00+05:30,165.6999969482422,165.8000030517578,165.5,165.64999389648438,87818,0.0,0.0,2023-07-06
1346,2023-07-06 15:05:00+05:30,165.6999969482422,166.14999389648438,165.64999389648438,165.85000610351562,111177,0.0,0.0,2023-07-06
1347,2023-07-06 15:10:00+05:30,165.89999389648438,165.9499969482422,165.8000030517578,165.9499969482422,101097,0.0,0.0,2023-07-06
1348,2023-07-06 15:15:00+05:30,166.0,166.10000610351562,165.85000610351562,165.9499969482422,144829,0.0,0.0,2023-07-06
1349,2023-07-06 15:20:00+05:30,165.9499969482422,166.10000610351562,165.85000610351562,165.9499969482422,168028,0.0,0.0,2023-07-06
1350,2023-07-06 15:25:00+05:30,165.89999389648438,166.3000030517578,165.8000030517578,166.3000030517578,140991,0.0,0.0,2023-07-06
1351,2023-07-07 09:15:00+05:30,165.0,165.64999389648438,163.3000030517578,164.8000030517578,490169,0.0,0.0,2023-07-07
1352,2023-07-07 09:20:00+05:30,164.75,165.3000030517578,164.60000610351562,164.85000610351562,386468,0.0,0.0,2023-07-07
1353,2023-07-07 09:25:00+05:30,165.0500030517578,165.10000610351562,164.60000610351562,164.64999389648438,362927,0.0,0.0,2023-07-07
1354,2023-07-07 09:30:00+05:30,164.60000610351562,164.8000030517578,164.4499969482422,164.60000610351562,289727,0.0,0.0,2023-07-07
1355,2023-07-07 09:35:00+05:30,164.60000610351562,164.64999389648438,164.1999969482422,164.60000610351562,506651,0.0,0.0,2023-07-07
1356,2023-07-07 09:40:00+05:30,164.64999389648438,165.85000610351562,164.5,165.5,224897,0.0,0.0,2023-07-07
1357,2023-07-07 09:45:00+05:30,165.4499969482422,165.5,165.25,165.39999389648438,53889,0.0,0.0,2023-07-07
1358,2023-07-07 09:50:00+05:30,165.39999389648438,165.39999389648438,165.10000610351562,165.10000610351562,43717,0.0,0.0,2023-07-07
1359,2023-07-07 09:55:00+05:30,165.14999389648438,165.5,165.0500030517578,165.5,59413,0.0,0.0,2023-07-07
1360,2023-07-07 10:00:00+05:30,165.5,165.75,165.35000610351562,165.75,63538,0.0,0.0,2023-07-07
1361,2023-07-07 10:05:00+05:30,165.75,165.75,165.14999389648438,165.3000030517578,94187,0.0,0.0,2023-07-07
1362,2023-07-07 10:10:00+05:30,165.35000610351562,165.64999389648438,165.25,165.64999389648438,56499,0.0,0.0,2023-07-07
1363,2023-07-07 10:15:00+05:30,165.75,166.1999969482422,165.6999969482422,165.8000030517578,148170,0.0,0.0,2023-07-07
1364,2023-07-07 10:20:00+05:30,165.8000030517578,165.9499969482422,165.6999969482422,165.89999389648438,58636,0.0,0.0,2023-07-07
1365,2023-07-07 10:25:00+05:30,165.89999389648438,166.39999389648438,165.89999389648438,166.1999969482422,144126,0.0,0.0,2023-07-07
1366,2023-07-07 10:30:00+05:30,166.1999969482422,166.1999969482422,165.3000030517578,165.4499969482422,109727,0.0,0.0,2023-07-07
1367,2023-07-07 10:35:00+05:30,165.4499969482422,165.64999389648438,164.6999969482422,164.75,183121,0.0,0.0,2023-07-07
1368,2023-07-07 10:40:00+05:30,164.85000610351562,164.85000610351562,164.4499969482422,164.4499969482422,94343,0.0,0.0,2023-07-07
1369,2023-07-07 10:45:00+05:30,164.4499969482422,164.4499969482422,163.3000030517578,163.3000030517578,324045,0.0,0.0,2023-07-07
1370,2023-07-07 10:50:00+05:30,163.25,163.35000610351562,162.6999969482422,162.6999969482422,192952,0.0,0.0,2023-07-07
1371,2023-07-07 10:55:00+05:30,162.6999969482422,163.5500030517578,162.6999969482422,163.5500030517578,107832,0.0,0.0,2023-07-07
1372,2023-07-07 11:00:00+05:30,163.60000610351562,163.6999969482422,163.0500030517578,163.60000610351562,139772,0.0,0.0,2023-07-07
1373,2023-07-07 11:05:00+05:30,163.5500030517578,163.8000030517578,163.4499969482422,163.8000030517578,63919,0.0,0.0,2023-07-07
1374,2023-07-07 11:10:00+05:30,163.75,164.1999969482422,163.75,164.14999389648438,76868,0.0,0.0,2023-07-07
1375,2023-07-07 11:15:00+05:30,164.14999389648438,164.35000610351562,163.8000030517578,163.9499969482422,94200,0.0,0.0,2023-07-07
1376,2023-07-07 11:20:00+05:30,163.9499969482422,164.1999969482422,163.6999969482422,163.75,88016,0.0,0.0,2023-07-07
1377,2023-07-07 11:25:00+05:30,163.85000610351562,163.85000610351562,163.0500030517578,163.25,67697,0.0,0.0,2023-07-07
1378,2023-07-07 11:30:00+05:30,163.25,163.6999969482422,163.14999389648438,163.5,32189,0.0,0.0,2023-07-07
1379,2023-07-07 11:35:00+05:30,163.5,163.5,163.10000610351562,163.1999969482422,46639,0.0,0.0,2023-07-07
1380,2023-07-07 11:40:00+05:30,163.1999969482422,163.25,163.0500030517578,163.14999389648438,46952,0.0,0.0,2023-07-07
1381,2023-07-07 11:45:00+05:30,163.14999389648438,163.64999389648438,163.14999389648438,163.5,27204,0.0,0.0,2023-07-07
1382,2023-07-07 11:50:00+05:30,163.60000610351562,163.9499969482422,163.5500030517578,163.9499969482422,40684,0.0,0.0,2023-07-07
1383,2023-07-07 11:55:00+05:30,163.9499969482422,164.0500030517578,163.6999969482422,163.89999389648438,38843,0.0,0.0,2023-07-07
1384,2023-07-07 12:00:00+05:30,163.85000610351562,163.89999389648438,163.39999389648438,163.5500030517578,57261,0.0,0.0,2023-07-07
1385,2023-07-07 12:05:00+05:30,163.4499969482422,163.8000030517578,163.39999389648438,163.5500030517578,35764,0.0,0.0,2023-07-07
1386,2023-07-07 12:10:00+05:30,163.5500030517578,163.64999389648438,163.0500030517578,163.14999389648438,64590,0.0,0.0,2023-07-07
1387,2023-07-07 12:15:00+05:30,163.14999389648438,163.3000030517578,162.89999389648438,163.14999389648438,65791,0.0,0.0,2023-07-07
1388,2023-07-07 12:20:00+05:30,163.10000610351562,163.25,163.10000610351562,163.1999969482422,36368,0.0,0.0,2023-07-07
1389,2023-07-07 12:25:00+05:30,163.1999969482422,163.1999969482422,162.6999969482422,162.85000610351562,77110,0.0,0.0,2023-07-07
1390,2023-07-07 12:30:00+05:30,162.9499969482422,162.9499969482422,162.75,162.8000030517578,73160,0.0,0.0,2023-07-07
1391,2023-07-07 12:35:00+05:30,162.8000030517578,162.85000610351562,162.25,162.25,139016,0.0,0.0,2023-07-07
1392,2023-07-07 12:40:00+05:30,162.25,162.25,162.0,162.10000610351562,96742,0.0,0.0,2023-07-07
1393,2023-07-07 12:45:00+05:30,161.89999389648438,162.75,161.89999389648438,162.6999969482422,189473,0.0,0.0,2023-07-07
1394,2023-07-07 12:50:00+05:30,162.8000030517578,162.8000030517578,162.5,162.75,39753,0.0,0.0,2023-07-07
1395,2023-07-07 12:55:00+05:30,162.6999969482422,162.9499969482422,162.60000610351562,162.8000030517578,27954,0.0,0.0,2023-07-07
1396,2023-07-07 13:00:00+05:30,162.9499969482422,163.25,162.8000030517578,163.25,54701,0.0,0.0,2023-07-07
1397,2023-07-07 13:05:00+05:30,163.1999969482422,163.35000610351562,163.10000610351562,163.25,35530,0.0,0.0,2023-07-07
1398,2023-07-07 13:10:00+05:30,163.1999969482422,163.1999969482422,163.0,163.14999389648438,24886,0.0,0.0,2023-07-07
1399,2023-07-07 13:15:00+05:30,163.0,163.35000610351562,163.0,163.25,47240,0.0,0.0,2023-07-07
1400,2023-07-07 13:20:00+05:30,163.3000030517578,163.39999389648438,163.14999389648438,163.25,44312,0.0,0.0,2023-07-07
1401,2023-07-07 13:25:00+05:30,163.3000030517578,163.4499969482422,163.14999389648438,163.3000030517578,26015,0.0,0.0,2023-07-07
1402,2023-07-07 13:30:00+05:30,163.3000030517578,163.60000610351562,163.3000030517578,163.39999389648438,36011,0.0,0.0,2023-07-07
1403,2023-07-07 13:35:00+05:30,163.39999389648438,163.5500030517578,163.25,163.4499969482422,27177,0.0,0.0,2023-07-07
1404,2023-07-07 13:40:00+05:30,163.4499969482422,163.60000610351562,163.39999389648438,163.5,42055,0.0,0.0,2023-07-07
1405,2023-07-07 13:45:00+05:30,163.4499969482422,163.60000610351562,163.35000610351562,163.39999389648438,25616,0.0,0.0,2023-07-07
1406,2023-07-07 13:50:00+05:30,163.4499969482422,163.5,163.35000610351562,163.5,40993,0.0,0.0,2023-07-07
1407,2023-07-07 13:55:00+05:30,163.5,163.8000030517578,163.4499969482422,163.75,46730,0.0,0.0,2023-07-07
1408,2023-07-07 14:00:00+05:30,163.75,163.9499969482422,163.6999969482422,163.6999969482422,47153,0.0,0.0,2023-07-07
1409,2023-07-07 14:05:00+05:30,163.60000610351562,164.0,163.5,163.89999389648438,59802,0.0,0.0,2023-07-07
1410,2023-07-07 14:10:00+05:30,163.9499969482422,164.0,163.60000610351562,163.85000610351562,26467,0.0,0.0,2023-07-07
1411,2023-07-07 14:15:00+05:30,163.85000610351562,164.10000610351562,163.85000610351562,164.0,37769,0.0,0.0,2023-07-07
1412,2023-07-07 14:20:00+05:30,164.0,164.14999389648438,163.89999389648438,163.9499969482422,29862,0.0,0.0,2023-07-07
1413,2023-07-07 14:25:00+05:30,163.9499969482422,163.9499969482422,163.75,163.89999389648438,40529,0.0,0.0,2023-07-07
1414,2023-07-07 14:30:00+05:30,163.89999389648438,164.1999969482422,163.89999389648438,164.14999389648438,48552,0.0,0.0,2023-07-07
1415,2023-07-07 14:35:00+05:30,164.1999969482422,164.39999389648438,164.14999389648438,164.35000610351562,58251,0.0,0.0,2023-07-07
1416,2023-07-07 14:40:00+05:30,164.39999389648438,164.5,164.1999969482422,164.39999389648438,89018,0.0,0.0,2023-07-07
1417,2023-07-07 14:45:00+05:30,164.4499969482422,164.4499969482422,164.0500030517578,164.0500030517578,61221,0.0,0.0,2023-07-07
1418,2023-07-07 14:50:00+05:30,163.89999389648438,164.0500030517578,163.75,163.8000030517578,65200,0.0,0.0,2023-07-07
1419,2023-07-07 14:55:00+05:30,163.89999389648438,164.0,163.60000610351562,163.6999969482422,87590,0.0,0.0,2023-07-07
1420,2023-07-07 15:00:00+05:30,163.6999969482422,163.6999969482422,163.1999969482422,163.5,113106,0.0,0.0,2023-07-07
1421,2023-07-07 15:05:00+05:30,163.5,163.9499969482422,163.39999389648438,163.8000030517578,150355,0.0,0.0,2023-07-07
1422,2023-07-07 15:10:00+05:30,163.8000030517578,163.8000030517578,163.10000610351562,163.25,150974,0.0,0.0,2023-07-07
1423,2023-07-07 15:15:00+05:30,163.1999969482422,163.64999389648438,163.10000610351562,163.1999969482422,255056,0.0,0.0,2023-07-07
1424,2023-07-07 15:20:00+05:30,163.1999969482422,163.5,163.14999389648438,163.14999389648438,172065,0.0,0.0,2023-07-07
1425,2023-07-07 15:25:00+05:30,163.14999389648438,163.1999969482422,162.89999389648438,163.14999389648438,194663,0.0,0.0,2023-07-07
1426,2023-07-10 09:15:00+05:30,163.89999389648438,163.89999389648438,163.14999389648438,163.14999389648438,0,0.0,0.0,2023-07-10
1427,2023-07-10 09:20:00+05:30,163.1999969482422,163.25,162.39999389648438,163.0,106376,0.0,0.0,2023-07-10
1428,2023-07-10 09:25:00+05:30,162.89999389648438,163.0500030517578,162.60000610351562,162.75,40933,0.0,0.0,2023-07-10
1429,2023-07-10 09:30:00+05:30,162.8000030517578,162.8000030517578,161.9499969482422,162.0500030517578,106762,0.0,0.0,2023-07-10
1430,2023-07-10 09:35:00+05:30,162.25,162.39999389648438,161.9499969482422,162.3000030517578,94344,0.0,0.0,2023-07-10
1431,2023-07-10 09:40:00+05:30,162.3000030517578,162.75,162.3000030517578,162.6999969482422,62407,0.0,0.0,2023-07-10
1432,2023-07-10 09:45:00+05:30,162.6999969482422,162.6999969482422,162.14999389648438,162.35000610351562,37702,0.0,0.0,2023-07-10
1433,2023-07-10 09:50:00+05:30,162.3000030517578,162.5,162.25,162.4499969482422,13904,0.0,0.0,2023-07-10
1434,2023-07-10 09:55:00+05:30,162.39999389648438,162.5,162.10000610351562,162.5,39241,0.0,0.0,2023-07-10
1435,2023-07-10 10:00:00+05:30,162.39999389648438,162.39999389648438,162.10000610351562,162.35000610351562,27060,0.0,0.0,2023-07-10
1436,2023-07-10 10:05:00+05:30,162.35000610351562,162.39999389648438,162.1999969482422,162.39999389648438,11268,0.0,0.0,2023-07-10
1437,2023-07-10 10:10:00+05:30,162.39999389648438,162.6999969482422,162.35000610351562,162.5500030517578,18933,0.0,0.0,2023-07-10
1438,2023-07-10 10:15:00+05:30,162.64999389648438,162.64999389648438,162.25,162.25,54246,0.0,0.0,2023-07-10
1439,2023-07-10 10:20:00+05:30,162.25,162.6999969482422,162.25,162.64999389648438,24154,0.0,0.0,2023-07-10
1440,2023-07-10 10:25:00+05:30,162.64999389648438,162.64999389648438,162.1999969482422,162.25,58449,0.0,0.0,2023-07-10
1441,2023-07-10 10:30:00+05:30,162.35000610351562,162.4499969482422,162.25,162.4499969482422,9111,0.0,0.0,2023-07-10
1442,2023-07-10 10:35:00+05:30,162.4499969482422,162.64999389648438,162.4499969482422,162.5500030517578,12744,0.0,0.0,2023-07-10
1443,2023-07-10 10:40:00+05:30,162.5500030517578,162.60000610351562,162.5,162.5500030517578,8549,0.0,0.0,2023-07-10
1444,2023-07-10 10:45:00+05:30,162.5,162.60000610351562,162.5,162.5500030517578,7990,0.0,0.0,2023-07-10
1445,2023-07-10 10:50:00+05:30,162.5500030517578,162.64999389648438,162.4499969482422,162.64999389648438,28231,0.0,0.0,2023-07-10
1446,2023-07-10 10:55:00+05:30,162.64999389648438,163.0500030517578,162.64999389648438,162.85000610351562,26487,0.0,0.0,2023-07-10
1447,2023-07-10 11:00:00+05:30,162.85000610351562,163.1999969482422,162.85000610351562,163.0500030517578,35828,0.0,0.0,2023-07-10
1448,2023-07-10 11:05:00+05:30,163.0500030517578,163.14999389648438,162.85000610351562,162.89999389648438,31517,0.0,0.0,2023-07-10
1449,2023-07-10 11:10:00+05:30,163.0,163.0,162.8000030517578,162.8000030517578,16945,0.0,0.0,2023-07-10
1450,2023-07-10 11:15:00+05:30,162.8000030517578,162.89999389648438,162.60000610351562,162.75,16520,0.0,0.0,2023-07-10
1451,2023-07-10 11:20:00+05:30,162.8000030517578,162.85000610351562,162.6999969482422,162.6999969482422,6090,0.0,0.0,2023-07-10
1452,2023-07-10 11:25:00+05:30,162.64999389648438,162.8000030517578,162.64999389648438,162.6999969482422,2046,0.0,0.0,2023-07-10
1453,2023-07-10 11:30:00+05:30,162.64999389648438,162.64999389648438,162.0,162.10000610351562,24446,0.0,0.0,2023-07-10
1454,2023-07-10 11:35:00+05:30,162.0500030517578,162.3000030517578,161.85000610351562,161.85000610351562,49251,0.0,0.0,2023-07-10
1455,2023-07-10 11:40:00+05:30,161.89999389648438,162.10000610351562,161.85000610351562,162.10000610351562,23126,0.0,0.0,2023-07-10
1456,2023-07-10 11:45:00+05:30,162.10000610351562,162.25,162.0500030517578,162.10000610351562,8650,0.0,0.0,2023-07-10
1457,2023-07-10 11:50:00+05:30,162.14999389648438,162.14999389648438,161.14999389648438,161.1999969482422,122722,0.0,0.0,2023-07-10
1458,2023-07-10 11:55:00+05:30,161.0500030517578,161.64999389648438,161.0500030517578,161.5500030517578,68011,0.0,0.0,2023-07-10
1459,2023-07-10 12:00:00+05:30,161.5500030517578,161.5500030517578,161.1999969482422,161.1999969482422,30386,0.0,0.0,2023-07-10
1460,2023-07-10 12:05:00+05:30,161.1999969482422,161.1999969482422,160.64999389648438,160.89999389648438,104869,0.0,0.0,2023-07-10
1461,2023-07-10 12:10:00+05:30,160.89999389648438,161.25,160.85000610351562,161.25,20787,0.0,0.0,2023-07-10
1462,2023-07-10 12:15:00+05:30,161.1999969482422,161.39999389648438,161.10000610351562,161.39999389648438,39806,0.0,0.0,2023-07-10
1463,2023-07-10 12:20:00+05:30,161.39999389648438,161.5500030517578,161.25,161.39999389648438,39172,0.0,0.0,2023-07-10
1464,2023-07-10 12:25:00+05:30,161.3000030517578,161.35000610351562,161.10000610351562,161.14999389648438,6459,0.0,0.0,2023-07-10
1465,2023-07-10 12:30:00+05:30,161.10000610351562,161.5,161.10000610351562,161.35000610351562,76433,0.0,0.0,2023-07-10
1466,2023-07-10 12:35:00+05:30,161.39999389648438,161.4499969482422,161.35000610351562,161.39999389648438,9015,0.0,0.0,2023-07-10
1467,2023-07-10 12:40:00+05:30,161.4499969482422,161.89999389648438,161.4499969482422,161.6999969482422,42030,0.0,0.0,2023-07-10
1468,2023-07-10 12:45:00+05:30,161.6999969482422,162.85000610351562,161.5500030517578,162.4499969482422,544180,0.0,0.0,2023-07-10
1469,2023-07-10 12:50:00+05:30,162.5,162.5,162.3000030517578,162.39999389648438,16120,0.0,0.0,2023-07-10
1470,2023-07-10 12:55:00+05:30,162.39999389648438,162.39999389648438,162.10000610351562,162.10000610351562,21364,0.0,0.0,2023-07-10
1471,2023-07-10 13:00:00+05:30,162.10000610351562,162.5,162.10000610351562,162.4499969482422,25897,0.0,0.0,2023-07-10
1472,2023-07-10 13:05:00+05:30,162.5,162.64999389648438,162.39999389648438,162.60000610351562,50173,0.0,0.0,2023-07-10
1473,2023-07-10 13:10:00+05:30,162.5500030517578,162.75,162.5500030517578,162.60000610351562,28269,0.0,0.0,2023-07-10
1474,2023-07-10 13:15:00+05:30,162.75,162.85000610351562,162.6999969482422,162.75,25064,0.0,0.0,2023-07-10
1475,2023-07-10 13:20:00+05:30,162.75,162.85000610351562,162.64999389648438,162.85000610351562,19692,0.0,0.0,2023-07-10
1476,2023-07-10 13:25:00+05:30,162.85000610351562,162.85000610351562,162.64999389648438,162.75,44536,0.0,0.0,2023-07-10
1477,2023-07-10 13:30:00+05:30,162.8000030517578,162.89999389648438,162.5500030517578,162.8000030517578,26018,0.0,0.0,2023-07-10
1478,2023-07-10 13:35:00+05:30,162.89999389648438,162.9499969482422,162.6999969482422,162.75,18975,0.0,0.0,2023-07-10
1479,2023-07-10 13:40:00+05:30,162.6999969482422,162.8000030517578,162.4499969482422,162.4499969482422,10003,0.0,0.0,2023-07-10
1480,2023-07-10 13:45:00+05:30,162.5500030517578,162.60000610351562,162.39999389648438,162.39999389648438,19876,0.0,0.0,2023-07-10
1481,2023-07-10 13:50:00+05:30,162.5,162.5500030517578,162.35000610351562,162.5500030517578,17004,0.0,0.0,2023-07-10
1482,2023-07-10 13:55:00+05:30,162.5500030517578,162.8000030517578,162.5,162.6999969482422,11722,0.0,0.0,2023-07-10
1483,2023-07-10 14:00:00+05:30,162.6999969482422,163.25,162.6999969482422,163.25,99565,0.0,0.0,2023-07-10
1484,2023-07-10 14:05:00+05:30,163.25,163.60000610351562,163.0500030517578,163.14999389648438,87917,0.0,0.0,2023-07-10
1485,2023-07-10 14:10:00+05:30,163.14999389648438,163.25,162.9499969482422,163.0,23216,0.0,0.0,2023-07-10
1486,2023-07-10 14:15:00+05:30,163.0500030517578,163.0500030517578,162.64999389648438,162.64999389648438,27028,0.0,0.0,2023-07-10
1487,2023-07-10 14:20:00+05:30,162.64999389648438,162.85000610351562,162.60000610351562,162.85000610351562,33417,0.0,0.0,2023-07-10
1488,2023-07-10 14:25:00+05:30,162.85000610351562,163.0,162.8000030517578,162.9499969482422,23174,0.0,0.0,2023-07-10
1489,2023-07-10 14:30:00+05:30,162.9499969482422,162.9499969482422,162.75,162.8000030517578,37495,0.0,0.0,2023-07-10
1490,2023-07-10 14:35:00+05:30,162.85000610351562,162.85000610351562,162.64999389648438,162.6999969482422,29505,0.0,0.0,2023-07-10
1491,2023-07-10 14:40:00+05:30,162.6999969482422,162.6999969482422,162.39999389648438,162.4499969482422,26816,0.0,0.0,2023-07-10
1492,2023-07-10 14:45:00+05:30,162.4499969482422,162.4499969482422,162.10000610351562,162.25,75243,0.0,0.0,2023-07-10
1493,2023-07-10 14:50:00+05:30,162.14999389648438,162.39999389648438,162.10000610351562,162.3000030517578,21609,0.0,0.0,2023-07-10
1494,2023-07-10 14:55:00+05:30,162.35000610351562,162.6999969482422,162.3000030517578,162.6999969482422,41226,0.0,0.0,2023-07-10
1495,2023-07-10 15:00:00+05:30,162.64999389648438,162.64999389648438,162.0500030517578,162.3000030517578,56443,0.0,0.0,2023-07-10
1496,2023-07-10 15:05:00+05:30,162.25,162.6999969482422,162.25,162.60000610351562,48854,0.0,0.0,2023-07-10
1497,2023-07-10 15:10:00+05:30,162.60000610351562,162.85000610351562,162.5,162.6999969482422,104150,0.0,0.0,2023-07-10
1498,2023-07-10 15:15:00+05:30,162.8000030517578,162.8000030517578,162.5500030517578,162.64999389648438,67325,0.0,0.0,2023-07-10
1499,2023-07-10 15:20:00+05:30,162.5,162.5500030517578,162.25,162.35000610351562,62669,0.0,0.0,2023-07-10
1500,2023-07-10 15:25:00+05:30,162.25,162.60000610351562,162.25,162.5,0,0.0,0.0,2023-07-10
1501,2023-07-11 09:15:00+05:30,163.0,164.5,163.0,164.10000610351562,181710,0.0,0.0,2023-07-11
1502,2023-07-11 09:20:00+05:30,164.14999389648438,164.14999389648438,163.5500030517578,163.6999969482422,100063,0.0,0.0,2023-07-11
1503,2023-07-11 09:25:00+05:30,163.75,164.39999389648438,163.75,164.14999389648438,89241,0.0,0.0,2023-07-11
1504,2023-07-11 09:30:00+05:30,164.25,164.25,163.89999389648438,163.89999389648438,31581,0.0,0.0,2023-07-11
1505,2023-07-11 09:35:00+05:30,163.89999389648438,164.0,163.64999389648438,163.89999389648438,40438,0.0,0.0,2023-07-11
1506,2023-07-11 09:40:00+05:30,163.9499969482422,164.25,163.89999389648438,164.25,39103,0.0,0.0,2023-07-11
1507,2023-07-11 09:45:00+05:30,164.25,164.3000030517578,163.8000030517578,164.0,25286,0.0,0.0,2023-07-11
1508,2023-07-11 09:50:00+05:30,164.10000610351562,164.10000610351562,163.85000610351562,163.85000610351562,27423,0.0,0.0,2023-07-11
1509,2023-07-11 09:55:00+05:30,163.85000610351562,163.9499969482422,163.25,163.25,29272,0.0,0.0,2023-07-11
1510,2023-07-11 10:00:00+05:30,163.25,163.8000030517578,163.25,163.6999969482422,14261,0.0,0.0,2023-07-11
1511,2023-07-11 10:05:00+05:30,163.64999389648438,163.75,163.39999389648438,163.75,33376,0.0,0.0,2023-07-11
1512,2023-07-11 10:10:00+05:30,163.75,164.14999389648438,163.75,164.0,19922,0.0,0.0,2023-07-11
1513,2023-07-11 10:15:00+05:30,164.10000610351562,165.39999389648438,164.0,164.60000610351562,234138,0.0,0.0,2023-07-11
1514,2023-07-11 10:20:00+05:30,164.5,165.0,164.1999969482422,164.64999389648438,79705,0.0,0.0,2023-07-11
1515,2023-07-11 10:25:00+05:30,164.64999389648438,165.14999389648438,164.64999389648438,164.8000030517578,77853,0.0,0.0,2023-07-11
1516,2023-07-11 10:30:00+05:30,164.64999389648438,164.8000030517578,164.39999389648438,164.39999389648438,27271,0.0,0.0,2023-07-11
1517,2023-07-11 10:35:00+05:30,164.39999389648438,164.6999969482422,164.39999389648438,164.5500030517578,22502,0.0,0.0,2023-07-11
1518,2023-07-11 10:40:00+05:30,164.60000610351562,164.75,164.5,164.5,17280,0.0,0.0,2023-07-11
1519,2023-07-11 10:45:00+05:30,164.60000610351562,165.0,164.5500030517578,165.0,36285,0.0,0.0,2023-07-11
1520,2023-07-11 10:50:00+05:30,164.9499969482422,165.75,164.9499969482422,165.6999969482422,225317,0.0,0.0,2023-07-11
1521,2023-07-11 10:55:00+05:30,165.6999969482422,166.3000030517578,165.4499969482422,166.1999969482422,332460,0.0,0.0,2023-07-11
1522,2023-07-11 11:00:00+05:30,166.3000030517578,166.60000610351562,166.0500030517578,166.0500030517578,224687,0.0,0.0,2023-07-11
1523,2023-07-11 11:05:00+05:30,166.0500030517578,166.14999389648438,166.0,166.10000610351562,237852,0.0,0.0,2023-07-11
1524,2023-07-11 11:10:00+05:30,166.14999389648438,166.5,166.0,166.25,111859,0.0,0.0,2023-07-11
1525,2023-07-11 11:15:00+05:30,166.25,166.5500030517578,166.0,166.0500030517578,186906,0.0,0.0,2023-07-11
1526,2023-07-11 11:20:00+05:30,166.0,166.35000610351562,165.85000610351562,166.3000030517578,102246,0.0,0.0,2023-07-11
1527,2023-07-11 11:25:00+05:30,166.25,167.10000610351562,166.25,167.0,542449,0.0,0.0,2023-07-11
1528,2023-07-11 11:30:00+05:30,167.0500030517578,167.39999389648438,166.8000030517578,167.0,287849,0.0,0.0,2023-07-11
1529,2023-07-11 11:35:00+05:30,167.0,167.1999969482422,167.0,167.14999389648438,173561,0.0,0.0,2023-07-11
1530,2023-07-11 11:40:00+05:30,167.10000610351562,167.25,167.0500030517578,167.10000610351562,192185,0.0,0.0,2023-07-11
1531,2023-07-11 11:45:00+05:30,167.10000610351562,167.6999969482422,166.60000610351562,167.5,491783,0.0,0.0,2023-07-11
1532,2023-07-11 11:50:00+05:30,167.5,167.60000610351562,166.8000030517578,166.85000610351562,136643,0.0,0.0,2023-07-11
1533,2023-07-11 11:55:00+05:30,166.85000610351562,166.85000610351562,166.5,166.5,73996,0.0,0.0,2023-07-11
1534,2023-07-11 12:00:00+05:30,166.5,166.75,166.0,166.60000610351562,200378,0.0,0.0,2023-07-11
1535,2023-07-11 12:05:00+05:30,166.5500030517578,166.64999389648438,166.25,166.25,135906,0.0,0.0,2023-07-11
1536,2023-07-11 12:10:00+05:30,166.25,166.5500030517578,166.25,166.5500030517578,52828,0.0,0.0,2023-07-11
1537,2023-07-11 12:15:00+05:30,166.60000610351562,166.75,166.1999969482422,166.25,46376,0.0,0.0,2023-07-11
1538,2023-07-11 12:20:00+05:30,166.25,166.5,166.1999969482422,166.4499969482422,20175,0.0,0.0,2023-07-11
1539,2023-07-11 12:25:00+05:30,166.5,166.5500030517578,166.1999969482422,166.35000610351562,31794,0.0,0.0,2023-07-11
1540,2023-07-11 12:30:00+05:30,166.5500030517578,166.64999389648438,166.4499969482422,166.5500030517578,44639,0.0,0.0,2023-07-11
1541,2023-07-11 12:35:00+05:30,166.5,166.5500030517578,166.25,166.35000610351562,26535,0.0,0.0,2023-07-11
1542,2023-07-11 12:40:00+05:30,166.35000610351562,166.35000610351562,165.9499969482422,165.9499969482422,72405,0.0,0.0,2023-07-11
1543,2023-07-11 12:45:00+05:30,165.9499969482422,166.0,165.64999389648438,165.85000610351562,60978,0.0,0.0,2023-07-11
1544,2023-07-11 12:50:00+05:30,165.8000030517578,166.25,165.8000030517578,166.25,42221,0.0,0.0,2023-07-11
1545,2023-07-11 12:55:00+05:30,166.25,166.35000610351562,166.0,166.0,34460,0.0,0.0,2023-07-11
1546,2023-07-11 13:00:00+05:30,166.0,166.35000610351562,166.0,166.10000610351562,23472,0.0,0.0,2023-07-11
1547,2023-07-11 13:05:00+05:30,166.14999389648438,166.14999389648438,165.89999389648438,165.9499969482422,14407,0.0,0.0,2023-07-11
1548,2023-07-11 13:10:00+05:30,165.89999389648438,166.14999389648438,165.89999389648438,166.14999389648438,22451,0.0,0.0,2023-07-11
1549,2023-07-11 13:15:00+05:30,166.0,166.25,166.0,166.14999389648438,16365,0.0,0.0,2023-07-11
1550,2023-07-11 13:20:00+05:30,166.1999969482422,166.1999969482422,166.0,166.10000610351562,7598,0.0,0.0,2023-07-11
1551,2023-07-11 13:25:00+05:30,166.10000610351562,166.3000030517578,166.10000610351562,166.25,17461,0.0,0.0,2023-07-11
1552,2023-07-11 13:30:00+05:30,166.1999969482422,166.1999969482422,165.89999389648438,166.0,20903,0.0,0.0,2023-07-11
1553,2023-07-11 13:35:00+05:30,166.0500030517578,166.14999389648438,165.89999389648438,166.0,27639,0.0,0.0,2023-07-11
1554,2023-07-11 13:40:00+05:30,166.0,166.0500030517578,165.5500030517578,165.60000610351562,147418,0.0,0.0,2023-07-11
1555,2023-07-11 13:45:00+05:30,165.60000610351562,165.64999389648438,165.5,165.60000610351562,22940,0.0,0.0,2023-07-11
1556,2023-07-11 13:50:00+05:30,165.5,165.60000610351562,164.89999389648438,165.0,140502,0.0,0.0,2023-07-11
1557,2023-07-11 13:55:00+05:30,165.0,165.10000610351562,164.6999969482422,165.0500030517578,91484,0.0,0.0,2023-07-11
1558,2023-07-11 14:00:00+05:30,165.3000030517578,165.60000610351562,165.1999969482422,165.60000610351562,63499,0.0,0.0,2023-07-11
1559,2023-07-11 14:05:00+05:30,165.60000610351562,165.75,165.5,165.5,52481,0.0,0.0,2023-07-11
1560,2023-07-11 14:10:00+05:30,165.4499969482422,165.60000610351562,165.39999389648438,165.5,30573,0.0,0.0,2023-07-11
1561,2023-07-11 14:15:00+05:30,165.5,165.5500030517578,165.1999969482422,165.25,28283,0.0,0.0,2023-07-11
1562,2023-07-11 14:20:00+05:30,165.25,165.60000610351562,165.25,165.60000610351562,26780,0.0,0.0,2023-07-11
1563,2023-07-11 14:25:00+05:30,165.60000610351562,165.60000610351562,165.0500030517578,165.25,51972,0.0,0.0,2023-07-11
1564,2023-07-11 14:30:00+05:30,165.1999969482422,165.39999389648438,165.14999389648438,165.14999389648438,32488,0.0,0.0,2023-07-11
1565,2023-07-11 14:35:00+05:30,165.14999389648438,165.25,164.89999389648438,164.89999389648438,38120,0.0,0.0,2023-07-11
1566,2023-07-11 14:40:00+05:30,164.89999389648438,165.0500030517578,164.85000610351562,165.0500030517578,43889,0.0,0.0,2023-07-11
1567,2023-07-11 14:45:00+05:30,165.10000610351562,165.14999389648438,164.89999389648438,164.9499969482422,13792,0.0,0.0,2023-07-11
1568,2023-07-11 14:50:00+05:30,164.89999389648438,165.0500030517578,164.85000610351562,165.0,58062,0.0,0.0,2023-07-11
1569,2023-07-11 14:55:00+05:30,165.0,165.0,164.64999389648438,164.75,57031,0.0,0.0,2023-07-11
1570,2023-07-11 15:00:00+05:30,164.8000030517578,165.3000030517578,164.8000030517578,165.10000610351562,62178,0.0,0.0,2023-07-11
1571,2023-07-11 15:05:00+05:30,165.14999389648438,165.1999969482422,164.89999389648438,164.89999389648438,54432,0.0,0.0,2023-07-11
1572,2023-07-11 15:10:00+05:30,164.89999389648438,164.89999389648438,164.5500030517578,164.5500030517578,102649,0.0,0.0,2023-07-11
1573,2023-07-11 15:15:00+05:30,164.5500030517578,164.85000610351562,164.5,164.6999969482422,120258,0.0,0.0,2023-07-11
1574,2023-07-11 15:20:00+05:30,164.6999969482422,165.0,164.60000610351562,165.0,112815,0.0,0.0,2023-07-11
1575,2023-07-11 15:25:00+05:30,164.6999969482422,165.6999969482422,164.6999969482422,165.3000030517578,140537,0.0,0.0,2023-07-11
1576,2023-07-12 09:15:00+05:30,165.39999389648438,166.39999389648438,165.0,165.1999969482422,0,0.0,0.0,2023-07-12
1577,2023-07-12 09:20:00+05:30,165.39999389648438,165.6999969482422,165.10000610351562,165.14999389648438,153042,0.0,0.0,2023-07-12
1578,2023-07-12 09:25:00+05:30,165.0500030517578,165.3000030517578,164.9499969482422,164.9499969482422,113407,0.0,0.0,2023-07-12
1579,2023-07-12 09:30:00+05:30,164.9499969482422,166.39999389648438,164.85000610351562,166.0500030517578,279961,0.0,0.0,2023-07-12
1580,2023-07-12 09:35:00+05:30,166.0500030517578,166.1999969482422,165.3000030517578,165.4499969482422,132396,0.0,0.0,2023-07-12
1581,2023-07-12 09:40:00+05:30,165.5500030517578,165.5500030517578,165.0,165.25,68437,0.0,0.0,2023-07-12
1582,2023-07-12 09:45:00+05:30,165.14999389648438,165.25,164.89999389648438,164.89999389648438,64312,0.0,0.0,2023-07-12
1583,2023-07-12 09:50:00+05:30,165.0,165.4499969482422,164.9499969482422,165.14999389648438,60715,0.0,0.0,2023-07-12
1584,2023-07-12 09:55:00+05:30,165.25,165.4499969482422,165.0500030517578,165.4499969482422,55415,0.0,0.0,2023-07-12
1585,2023-07-12 10:00:00+05:30,165.35000610351562,165.4499969482422,165.1999969482422,165.25,33112,0.0,0.0,2023-07-12
1586,2023-07-12 10:05:00+05:30,165.1999969482422,165.35000610351562,165.0500030517578,165.0500030517578,45394,0.0,0.0,2023-07-12
1587,2023-07-12 10:10:00+05:30,165.0500030517578,165.0500030517578,164.64999389648438,164.6999969482422,86702,0.0,0.0,2023-07-12
1588,2023-07-12 10:15:00+05:30,164.64999389648438,164.75,164.25,164.35000610351562,85471,0.0,0.0,2023-07-12
1589,2023-07-12 10:20:00+05:30,164.35000610351562,164.39999389648438,164.0500030517578,164.3000030517578,89723,0.0,0.0,2023-07-12
1590,2023-07-12 10:25:00+05:30,164.1999969482422,164.3000030517578,163.9499969482422,163.9499969482422,51363,0.0,0.0,2023-07-12
1591,2023-07-12 10:30:00+05:30,163.9499969482422,164.35000610351562,163.89999389648438,164.14999389648438,62575,0.0,0.0,2023-07-12
1592,2023-07-12 10:35:00+05:30,164.25,164.3000030517578,163.9499969482422,163.9499969482422,35970,0.0,0.0,2023-07-12
1593,2023-07-12 10:40:00+05:30,164.0,164.6999969482422,163.85000610351562,164.10000610351562,325204,0.0,0.0,2023-07-12
1594,2023-07-12 10:45:00+05:30,164.1999969482422,164.64999389648438,164.14999389648438,164.3000030517578,198657,0.0,0.0,2023-07-12
1595,2023-07-12 10:50:00+05:30,164.3000030517578,164.39999389648438,163.89999389648438,164.10000610351562,129078,0.0,0.0,2023-07-12
1596,2023-07-12 10:55:00+05:30,164.10000610351562,164.3000030517578,163.85000610351562,164.10000610351562,149160,0.0,0.0,2023-07-12
1597,2023-07-12 11:00:00+05:30,164.10000610351562,164.35000610351562,163.89999389648438,164.1999969482422,79449,0.0,0.0,2023-07-12
1598,2023-07-12 11:05:00+05:30,164.14999389648438,164.3000030517578,164.0500030517578,164.10000610351562,34368,0.0,0.0,2023-07-12
1599,2023-07-12 11:10:00+05:30,164.14999389648438,164.39999389648438,164.0,164.0,76638,0.0,0.0,2023-07-12
1600,2023-07-12 11:15:00+05:30,164.0500030517578,164.14999389648438,163.9499969482422,164.0500030517578,89114,0.0,0.0,2023-07-12
1601,2023-07-12 11:20:00+05:30,164.0500030517578,164.14999389648438,163.9499969482422,164.14999389648438,54898,0.0,0.0,2023-07-12
1602,2023-07-12 11:25:00+05:30,164.1999969482422,164.1999969482422,163.9499969482422,164.0500030517578,28217,0.0,0.0,2023-07-12
1603,2023-07-12 11:30:00+05:30,164.0,164.0500030517578,163.89999389648438,164.0,70231,0.0,0.0,2023-07-12
1604,2023-07-12 11:35:00+05:30,163.9499969482422,164.0500030517578,163.89999389648438,163.9499969482422,54598,0.0,0.0,2023-07-12
1605,2023-07-12 11:40:00+05:30,164.0,164.0500030517578,163.89999389648438,164.0,44434,0.0,0.0,2023-07-12
1606,2023-07-12 11:45:00+05:30,164.0,164.0500030517578,163.9499969482422,164.0,13609,0.0,0.0,2023-07-12
1607,2023-07-12 11:50:00+05:30,164.0,164.0,163.8000030517578,163.8000030517578,31091,0.0,0.0,2023-07-12
1608,2023-07-12 11:55:00+05:30,163.8000030517578,164.0,163.8000030517578,164.0,23394,0.0,0.0,2023-07-12
1609,2023-07-12 12:00:00+05:30,164.0,164.0,163.8000030517578,163.89999389648438,24809,0.0,0.0,2023-07-12
1610,2023-07-12 12:05:00+05:30,163.85000610351562,163.89999389648438,163.64999389648438,163.6999969482422,26479,0.0,0.0,2023-07-12
1611,2023-07-12 12:10:00+05:30,163.64999389648438,163.75,163.5500030517578,163.60000610351562,49667,0.0,0.0,2023-07-12
1612,2023-07-12 12:15:00+05:30,163.60000610351562,163.8000030517578,163.5500030517578,163.6999969482422,16599,0.0,0.0,2023-07-12
1613,2023-07-12 12:20:00+05:30,163.64999389648438,163.75,163.60000610351562,163.6999969482422,17168,0.0,0.0,2023-07-12
1614,2023-07-12 12:25:00+05:30,163.6999969482422,163.6999969482422,163.4499969482422,163.4499969482422,27634,0.0,0.0,2023-07-12
1615,2023-07-12 12:30:00+05:30,163.4499969482422,163.5,163.35000610351562,163.39999389648438,33630,0.0,0.0,2023-07-12
1616,2023-07-12 12:35:00+05:30,163.35000610351562,163.5500030517578,163.3000030517578,163.35000610351562,67102,0.0,0.0,2023-07-12
1617,2023-07-12 12:40:00+05:30,163.4499969482422,163.5500030517578,163.35000610351562,163.4499969482422,29917,0.0,0.0,2023-07-12
1618,2023-07-12 12:45:00+05:30,163.4499969482422,163.85000610351562,163.4499969482422,163.75,61513,0.0,0.0,2023-07-12
1619,2023-07-12 12:50:00+05:30,163.6999969482422,163.89999389648438,163.6999969482422,163.89999389648438,31544,0.0,0.0,2023-07-12
1620,2023-07-12 12:55:00+05:30,163.89999389648438,163.89999389648438,163.75,163.8000030517578,17985,0.0,0.0,2023-07-12
1621,2023-07-12 13:00:00+05:30,163.6999969482422,164.0500030517578,163.6999969482422,164.0,213071,0.0,0.0,2023-07-12
1622,2023-07-12 13:05:00+05:30,163.9499969482422,164.0500030517578,163.9499969482422,164.0,18719,0.0,0.0,2023-07-12
1623,2023-07-12 13:10:00+05:30,164.0,164.10000610351562,163.9499969482422,164.0500030517578,34598,0.0,0.0,2023-07-12
1624,2023-07-12 13:15:00+05:30,164.0500030517578,164.0500030517578,163.89999389648438,163.9499969482422,22328,0.0,0.0,2023-07-12
1625,2023-07-12 13:20:00+05:30,164.0,164.0500030517578,163.89999389648438,164.0,23853,0.0,0.0,2023-07-12
1626,2023-07-12 13:25:00+05:30,164.0,164.0500030517578,163.89999389648438,164.0,53994,0.0,0.0,2023-07-12
1627,2023-07-12 13:30:00+05:30,164.0500030517578,164.14999389648438,163.89999389648438,164.0,195813,0.0,0.0,2023-07-12
1628,2023-07-12 13:35:00+05:30,164.0,164.0,163.39999389648438,163.5500030517578,74287,0.0,0.0,2023-07-12
1629,2023-07-12 13:40:00+05:30,163.60000610351562,163.8000030517578,163.39999389648438,163.4499969482422,55977,0.0,0.0,2023-07-12
1630,2023-07-12 13:45:00+05:30,163.4499969482422,163.6999969482422,163.4499969482422,163.5,37680,0.0,0.0,2023-07-12
1631,2023-07-12 13:50:00+05:30,163.5,163.60000610351562,163.39999389648438,163.4499969482422,36325,0.0,0.0,2023-07-12
1632,2023-07-12 13:55:00+05:30,163.4499969482422,163.5,163.35000610351562,163.4499969482422,40707,0.0,0.0,2023-07-12
1633,2023-07-12 14:00:00+05:30,163.39999389648438,163.5500030517578,163.39999389648438,163.5,39700,0.0,0.0,2023-07-12
1634,2023-07-12 14:05:00+05:30,163.5,163.85000610351562,163.4499969482422,163.75,40924,0.0,0.0,2023-07-12
1635,2023-07-12 14:10:00+05:30,163.8000030517578,163.89999389648438,163.5500030517578,163.60000610351562,50218,0.0,0.0,2023-07-12
1636,2023-07-12 14:15:00+05:30,163.64999389648438,163.9499969482422,163.60000610351562,163.9499969482422,38394,0.0,0.0,2023-07-12
1637,2023-07-12 14:20:00+05:30,163.8000030517578,164.0,163.75,163.8000030517578,45681,0.0,0.0,2023-07-12
1638,2023-07-12 14:25:00+05:30,163.85000610351562,164.0,163.8000030517578,163.85000610351562,31796,0.0,0.0,2023-07-12
1639,2023-07-12 14:30:00+05:30,163.89999389648438,164.0500030517578,163.8000030517578,163.85000610351562,46170,0.0,0.0,2023-07-12
1640,2023-07-12 14:35:00+05:30,163.75,164.35000610351562,163.75,164.35000610351562,92669,0.0,0.0,2023-07-12
1641,2023-07-12 14:40:00+05:30,164.35000610351562,164.60000610351562,164.1999969482422,164.25,78699,0.0,0.0,2023-07-12
1642,2023-07-12 14:45:00+05:30,164.25,164.4499969482422,164.1999969482422,164.3000030517578,88085,0.0,0.0,2023-07-12
1643,2023-07-12 14:50:00+05:30,164.35000610351562,164.35000610351562,164.10000610351562,164.1999969482422,45557,0.0,0.0,2023-07-12
1644,2023-07-12 14:55:00+05:30,164.1999969482422,164.3000030517578,164.0,164.10000610351562,54718,0.0,0.0,2023-07-12
1645,2023-07-12 15:00:00+05:30,164.10000610351562,164.1999969482422,164.0500030517578,164.14999389648438,90145,0.0,0.0,2023-07-12
1646,2023-07-12 15:05:00+05:30,164.3000030517578,164.3000030517578,164.0,164.1999969482422,104629,0.0,0.0,2023-07-12
1647,2023-07-12 15:10:00+05:30,164.1999969482422,164.35000610351562,164.0,164.14999389648438,135651,0.0,0.0,2023-07-12
1648,2023-07-12 15:15:00+05:30,164.14999389648438,164.1999969482422,164.0,164.0500030517578,165301,0.0,0.0,2023-07-12
1649,2023-07-12 15:20:00+05:30,164.10000610351562,164.4499969482422,163.89999389648438,164.0,215632,0.0,0.0,2023-07-12
1650,2023-07-12 15:25:00+05:30,164.0,164.0,163.60000610351562,163.85000610351562,112264,0.0,0.0,2023-07-12
1651,2023-07-13 09:15:00+05:30,164.35000610351562,165.5500030517578,164.3000030517578,165.14999389648438,0,0.0,0.0,2023-07-13
1652,2023-07-13 09:20:00+05:30,165.1999969482422,166.14999389648438,165.14999389648438,166.14999389648438,139492,0.0,0.0,2023-07-13
1653,2023-07-13 09:25:00+05:30,166.10000610351562,166.10000610351562,165.5500030517578,165.85000610351562,125066,0.0,0.0,2023-07-13
1654,2023-07-13 09:30:00+05:30,165.89999389648438,166.10000610351562,165.5500030517578,166.0500030517578,108733,0.0,0.0,2023-07-13
1655,2023-07-13 09:35:00+05:30,166.10000610351562,166.5,165.60000610351562,166.14999389648438,315437,0.0,0.0,2023-07-13
1656,2023-07-13 09:40:00+05:30,166.14999389648438,166.3000030517578,165.89999389648438,166.0,157822,0.0,0.0,2023-07-13
1657,2023-07-13 09:45:00+05:30,166.0,166.0500030517578,165.4499969482422,165.5,99513,0.0,0.0,2023-07-13
1658,2023-07-13 09:50:00+05:30,165.75,165.85000610351562,165.5,165.5,56867,0.0,0.0,2023-07-13
1659,2023-07-13 09:55:00+05:30,165.5,165.75,165.39999389648438,165.5500030517578,68945,0.0,0.0,2023-07-13
1660,2023-07-13 10:00:00+05:30,165.5500030517578,165.5500030517578,165.0500030517578,165.1999969482422,69285,0.0,0.0,2023-07-13
1661,2023-07-13 10:05:00+05:30,165.1999969482422,165.35000610351562,165.0,165.0500030517578,71146,0.0,0.0,2023-07-13
1662,2023-07-13 10:10:00+05:30,165.14999389648438,165.14999389648438,164.39999389648438,164.5500030517578,89454,0.0,0.0,2023-07-13
1663,2023-07-13 10:15:00+05:30,164.5,164.8000030517578,164.5,164.60000610351562,46915,0.0,0.0,2023-07-13
1664,2023-07-13 10:20:00+05:30,164.64999389648438,164.89999389648438,164.60000610351562,164.64999389648438,92560,0.0,0.0,2023-07-13
1665,2023-07-13 10:25:00+05:30,164.6999969482422,164.6999969482422,164.3000030517578,164.3000030517578,46769,0.0,0.0,2023-07-13
1666,2023-07-13 10:30:00+05:30,164.35000610351562,164.64999389648438,164.3000030517578,164.5,47345,0.0,0.0,2023-07-13
1667,2023-07-13 10:35:00+05:30,164.5,164.5500030517578,164.3000030517578,164.5,529739,0.0,0.0,2023-07-13
1668,2023-07-13 10:40:00+05:30,164.39999389648438,164.39999389648438,164.10000610351562,164.3000030517578,50629,0.0,0.0,2023-07-13
1669,2023-07-13 10:45:00+05:30,164.1999969482422,164.5,164.1999969482422,164.1999969482422,67173,0.0,0.0,2023-07-13
1670,2023-07-13 10:50:00+05:30,164.35000610351562,164.9499969482422,164.25,164.89999389648438,67157,0.0,0.0,2023-07-13
1671,2023-07-13 10:55:00+05:30,164.89999389648438,164.9499969482422,164.75,164.85000610351562,36501,0.0,0.0,2023-07-13
1672,2023-07-13 11:00:00+05:30,164.85000610351562,165.0,164.85000610351562,164.89999389648438,27541,0.0,0.0,2023-07-13
1673,2023-07-13 11:05:00+05:30,164.89999389648438,165.10000610351562,164.89999389648438,165.0,28748,0.0,0.0,2023-07-13
1674,2023-07-13 11:10:00+05:30,165.0,165.14999389648438,165.0,165.0500030517578,49081,0.0,0.0,2023-07-13
1675,2023-07-13 11:15:00+05:30,165.0,165.10000610351562,165.0,165.10000610351562,27658,0.0,0.0,2023-07-13
1676,2023-07-13 11:20:00+05:30,165.0,165.10000610351562,164.3000030517578,164.35000610351562,45650,0.0,0.0,2023-07-13
1677,2023-07-13 11:25:00+05:30,164.35000610351562,164.39999389648438,164.0500030517578,164.25,34864,0.0,0.0,2023-07-13
1678,2023-07-13 11:30:00+05:30,164.1999969482422,164.1999969482422,164.0,164.10000610351562,48095,0.0,0.0,2023-07-13
1679,2023-07-13 11:35:00+05:30,164.1999969482422,164.25,164.0,164.10000610351562,30433,0.0,0.0,2023-07-13
1680,2023-07-13 11:40:00+05:30,164.10000610351562,164.1999969482422,164.0500030517578,164.1999969482422,15348,0.0,0.0,2023-07-13
1681,2023-07-13 11:45:00+05:30,164.14999389648438,164.5,164.10000610351562,164.39999389648438,27632,0.0,0.0,2023-07-13
1682,2023-07-13 11:50:00+05:30,164.39999389648438,164.5,164.35000610351562,164.5,10550,0.0,0.0,2023-07-13
1683,2023-07-13 11:55:00+05:30,164.60000610351562,164.85000610351562,164.5500030517578,164.75,30579,0.0,0.0,2023-07-13
1684,2023-07-13 12:00:00+05:30,164.6999969482422,164.8000030517578,164.64999389648438,164.6999969482422,21207,0.0,0.0,2023-07-13
1685,2023-07-13 12:05:00+05:30,164.6999969482422,164.75,164.64999389648438,164.64999389648438,20049,0.0,0.0,2023-07-13
1686,2023-07-13 12:10:00+05:30,164.60000610351562,164.64999389648438,164.5,164.5,24209,0.0,0.0,2023-07-13
1687,2023-07-13 12:15:00+05:30,164.5,164.8000030517578,164.5,164.8000030517578,15110,0.0,0.0,2023-07-13
1688,2023-07-13 12:20:00+05:30,164.6999969482422,164.8000030517578,164.60000610351562,164.75,13705,0.0,0.0,2023-07-13
1689,2023-07-13 12:25:00+05:30,164.6999969482422,164.75,164.25,164.3000030517578,34008,0.0,0.0,2023-07-13
1690,2023-07-13 12:30:00+05:30,164.10000610351562,164.35000610351562,164.0500030517578,164.0500030517578,26597,0.0,0.0,2023-07-13
1691,2023-07-13 12:35:00+05:30,164.10000610351562,164.1999969482422,164.0500030517578,164.14999389648438,17765,0.0,0.0,2023-07-13
1692,2023-07-13 12:40:00+05:30,164.14999389648438,164.5500030517578,164.14999389648438,164.4499969482422,27466,0.0,0.0,2023-07-13
1693,2023-07-13 12:45:00+05:30,164.5,164.60000610351562,164.35000610351562,164.39999389648438,43098,0.0,0.0,2023-07-13
1694,2023-07-13 12:50:00+05:30,164.39999389648438,164.4499969482422,164.14999389648438,164.4499969482422,20516,0.0,0.0,2023-07-13
1695,2023-07-13 12:55:00+05:30,164.35000610351562,164.5,164.3000030517578,164.35000610351562,23106,0.0,0.0,2023-07-13
1696,2023-07-13 13:00:00+05:30,164.3000030517578,164.5500030517578,164.25,164.5500030517578,19688,0.0,0.0,2023-07-13
1697,2023-07-13 13:05:00+05:30,164.5500030517578,164.64999389648438,164.5,164.64999389648438,120284,0.0,0.0,2023-07-13
1698,2023-07-13 13:10:00+05:30,164.60000610351562,165.14999389648438,164.60000610351562,165.0,138923,0.0,0.0,2023-07-13
1699,2023-07-13 13:15:00+05:30,165.0500030517578,165.10000610351562,165.0,165.0,27974,0.0,0.0,2023-07-13
1700,2023-07-13 13:20:00+05:30,165.0,165.0,164.5500030517578,164.64999389648438,52051,0.0,0.0,2023-07-13
1701,2023-07-13 13:25:00+05:30,164.60000610351562,164.64999389648438,164.3000030517578,164.39999389648438,39885,0.0,0.0,2023-07-13
1702,2023-07-13 13:30:00+05:30,164.4499969482422,164.4499969482422,164.0500030517578,164.1999969482422,53215,0.0,0.0,2023-07-13
1703,2023-07-13 13:35:00+05:30,164.14999389648438,164.25,164.10000610351562,164.10000610351562,9723,0.0,0.0,2023-07-13
1704,2023-07-13 13:40:00+05:30,164.10000610351562,164.1999969482422,163.5,163.60000610351562,94091,0.0,0.0,2023-07-13
1705,2023-07-13 13:45:00+05:30,163.5500030517578,163.60000610351562,162.85000610351562,163.10000610351562,117629,0.0,0.0,2023-07-13
1706,2023-07-13 13:50:00+05:30,163.10000610351562,163.3000030517578,162.89999389648438,162.89999389648438,70682,0.0,0.0,2023-07-13
1707,2023-07-13 13:55:00+05:30,162.89999389648438,163.0,162.60000610351562,162.6999969482422,70422,0.0,0.0,2023-07-13
1708,2023-07-13 14:00:00+05:30,162.6999969482422,162.6999969482422,162.0500030517578,162.5,271865,0.0,0.0,2023-07-13
1709,2023-07-13 14:05:00+05:30,162.5500030517578,162.64999389648438,161.0500030517578,161.1999969482422,355669,0.0,0.0,2023-07-13
1710,2023-07-13 14:10:00+05:30,161.1999969482422,161.5500030517578,160.85000610351562,161.39999389648438,159454,0.0,0.0,2023-07-13
1711,2023-07-13 14:15:00+05:30,161.39999389648438,162.10000610351562,161.14999389648438,161.89999389648438,102855,0.0,0.0,2023-07-13
1712,2023-07-13 14:20:00+05:30,161.9499969482422,162.4499969482422,161.64999389648438,162.14999389648438,126797,0.0,0.0,2023-07-13
1713,2023-07-13 14:25:00+05:30,162.14999389648438,163.10000610351562,162.0500030517578,162.75,238298,0.0,0.0,2023-07-13
1714,2023-07-13 14:30:00+05:30,162.8000030517578,162.89999389648438,162.4499969482422,162.8000030517578,53919,0.0,0.0,2023-07-13
1715,2023-07-13 14:35:00+05:30,162.75,162.8000030517578,162.5500030517578,162.60000610351562,20181,0.0,0.0,2023-07-13
1716,2023-07-13 14:40:00+05:30,162.75,162.75,162.4499969482422,162.4499969482422,51990,0.0,0.0,2023-07-13
1717,2023-07-13 14:45:00+05:30,162.5500030517578,162.85000610351562,162.35000610351562,162.6999969482422,53151,0.0,0.0,2023-07-13
1718,2023-07-13 14:50:00+05:30,162.6999969482422,162.75,162.5,162.64999389648438,82304,0.0,0.0,2023-07-13
1719,2023-07-13 14:55:00+05:30,162.64999389648438,162.85000610351562,162.60000610351562,162.64999389648438,77809,0.0,0.0,2023-07-13
1720,2023-07-13 15:00:00+05:30,162.64999389648438,162.75,162.0,162.0,233881,0.0,0.0,2023-07-13
1721,2023-07-13 15:05:00+05:30,162.0500030517578,162.39999389648438,162.0500030517578,162.39999389648438,69590,0.0,0.0,2023-07-13
1722,2023-07-13 15:10:00+05:30,162.5,162.64999389648438,162.39999389648438,162.64999389648438,76265,0.0,0.0,2023-07-13
1723,2023-07-13 15:15:00+05:30,162.64999389648438,162.6999969482422,162.4499969482422,162.64999389648438,118549,0.0,0.0,2023-07-13
1724,2023-07-13 15:20:00+05:30,162.6999969482422,162.8000030517578,162.5500030517578,162.75,138293,0.0,0.0,2023-07-13
1725,2023-07-13 15:25:00+05:30,162.6999969482422,163.0,162.6999969482422,162.9499969482422,189215,0.0,0.0,2023-07-13
1726,2023-07-14 09:15:00+05:30,163.4499969482422,163.4499969482422,162.0,162.0500030517578,0,0.0,0.0,2023-07-14
1727,2023-07-14 09:20:00+05:30,162.0,162.0500030517578,161.25,161.35000610351562,327052,0.0,0.0,2023-07-14
1728,2023-07-14 09:25:00+05:30,161.35000610351562,162.39999389648438,161.35000610351562,161.9499969482422,146898,0.0,0.0,2023-07-14
1729,2023-07-14 09:30:00+05:30,162.0,162.64999389648438,161.75,162.39999389648438,270874,0.0,0.0,2023-07-14
1730,2023-07-14 09:35:00+05:30,162.4499969482422,162.4499969482422,161.85000610351562,161.89999389648438,104682,0.0,0.0,2023-07-14
1731,2023-07-14 09:40:00+05:30,161.9499969482422,162.25,161.9499969482422,162.0,66408,0.0,0.0,2023-07-14
1732,2023-07-14 09:45:00+05:30,162.0,162.3000030517578,161.89999389648438,162.0,107356,0.0,0.0,2023-07-14
1733,2023-07-14 09:50:00+05:30,162.10000610351562,162.14999389648438,161.8000030517578,161.89999389648438,63491,0.0,0.0,2023-07-14
1734,2023-07-14 09:55:00+05:30,161.89999389648438,162.10000610351562,161.4499969482422,161.5,112283,0.0,0.0,2023-07-14
1735,2023-07-14 10:00:00+05:30,161.5,161.60000610351562,161.39999389648438,161.4499969482422,40117,0.0,0.0,2023-07-14
1736,2023-07-14 10:05:00+05:30,161.39999389648438,161.4499969482422,161.0,161.1999969482422,146908,0.0,0.0,2023-07-14
1737,2023-07-14 10:10:00+05:30,161.14999389648438,161.39999389648438,161.14999389648438,161.39999389648438,69561,0.0,0.0,2023-07-14
1738,2023-07-14 10:15:00+05:30,161.3000030517578,161.5,161.25,161.35000610351562,69362,0.0,0.0,2023-07-14
1739,2023-07-14 10:20:00+05:30,161.39999389648438,161.4499969482422,161.1999969482422,161.1999969482422,52810,0.0,0.0,2023-07-14
1740,2023-07-14 10:25:00+05:30,161.25,161.3000030517578,161.10000610351562,161.25,51638,0.0,0.0,2023-07-14
1741,2023-07-14 10:30:00+05:30,161.3000030517578,161.60000610351562,161.14999389648438,161.5500030517578,67044,0.0,0.0,2023-07-14
1742,2023-07-14 10:35:00+05:30,161.60000610351562,161.75,161.39999389648438,161.4499969482422,65692,0.0,0.0,2023-07-14
1743,2023-07-14 10:40:00+05:30,161.5500030517578,161.60000610351562,161.1999969482422,161.3000030517578,58375,0.0,0.0,2023-07-14
1744,2023-07-14 10:45:00+05:30,161.1999969482422,161.3000030517578,161.0,161.0,69310,0.0,0.0,2023-07-14
1745,2023-07-14 10:50:00+05:30,161.0500030517578,161.1999969482422,161.0,161.0500030517578,64344,0.0,0.0,2023-07-14
1746,2023-07-14 10:55:00+05:30,161.0500030517578,161.25,161.0500030517578,161.10000610351562,33361,0.0,0.0,2023-07-14
1747,2023-07-14 11:00:00+05:30,161.0500030517578,162.14999389648438,160.8000030517578,161.85000610351562,218793,0.0,0.0,2023-07-14
1748,2023-07-14 11:05:00+05:30,161.85000610351562,161.85000610351562,161.35000610351562,161.5500030517578,61174,0.0,0.0,2023-07-14
1749,2023-07-14 11:10:00+05:30,161.5500030517578,161.75,161.39999389648438,161.64999389648438,79752,0.0,0.0,2023-07-14
1750,2023-07-14 11:15:00+05:30,161.6999969482422,162.5,161.5500030517578,162.10000610351562,189180,0.0,0.0,2023-07-14
1751,2023-07-14 11:20:00+05:30,162.10000610351562,162.3000030517578,161.85000610351562,162.0,134646,0.0,0.0,2023-07-14
1752,2023-07-14 11:25:00+05:30,162.0,162.35000610351562,162.0,162.25,75629,0.0,0.0,2023-07-14
1753,2023-07-14 11:30:00+05:30,162.25,162.35000610351562,162.1999969482422,162.3000030517578,85089,0.0,0.0,2023-07-14
1754,2023-07-14 11:35:00+05:30,162.3000030517578,162.5500030517578,162.0500030517578,162.39999389648438,115879,0.0,0.0,2023-07-14
1755,2023-07-14 11:40:00+05:30,162.4499969482422,162.4499969482422,161.9499969482422,161.9499969482422,73448,0.0,0.0,2023-07-14
1756,2023-07-14 11:45:00+05:30,161.85000610351562,162.6999969482422,161.85000610351562,162.5500030517578,155214,0.0,0.0,2023-07-14
1757,2023-07-14 11:50:00+05:30,162.5500030517578,162.5500030517578,162.0,162.3000030517578,64504,0.0,0.0,2023-07-14
1758,2023-07-14 11:55:00+05:30,162.3000030517578,162.5,162.10000610351562,162.14999389648438,40213,0.0,0.0,2023-07-14
1759,2023-07-14 12:00:00+05:30,162.14999389648438,162.1999969482422,161.89999389648438,162.10000610351562,49487,0.0,0.0,2023-07-14
1760,2023-07-14 12:05:00+05:30,162.1999969482422,162.60000610351562,162.14999389648438,162.3000030517578,73197,0.0,0.0,2023-07-14
1761,2023-07-14 12:10:00+05:30,162.35000610351562,162.5500030517578,162.3000030517578,162.5500030517578,46478,0.0,0.0,2023-07-14
1762,2023-07-14 12:15:00+05:30,162.5500030517578,162.5500030517578,162.25,162.5500030517578,66591,0.0,0.0,2023-07-14
1763,2023-07-14 12:20:00+05:30,162.5500030517578,162.85000610351562,162.5500030517578,162.75,125124,0.0,0.0,2023-07-14
1764,2023-07-14 12:25:00+05:30,162.75,163.0,162.6999969482422,162.75,118102,0.0,0.0,2023-07-14
1765,2023-07-14 12:30:00+05:30,162.75,163.0500030517578,162.75,162.85000610351562,93970,0.0,0.0,2023-07-14
1766,2023-07-14 12:35:00+05:30,163.0,163.10000610351562,162.8000030517578,162.8000030517578,112259,0.0,0.0,2023-07-14
1767,2023-07-14 12:40:00+05:30,162.85000610351562,162.9499969482422,162.75,162.75,69320,0.0,0.0,2023-07-14
1768,2023-07-14 12:45:00+05:30,162.75,162.9499969482422,162.75,162.75,56145,0.0,0.0,2023-07-14
1769,2023-07-14 12:50:00+05:30,162.8000030517578,163.0,162.6999969482422,162.85000610351562,117243,0.0,0.0,2023-07-14
1770,2023-07-14 12:55:00+05:30,162.85000610351562,162.89999389648438,162.75,162.89999389648438,42290,0.0,0.0,2023-07-14
1771,2023-07-14 13:00:00+05:30,162.89999389648438,162.9499969482422,162.75,162.75,48261,0.0,0.0,2023-07-14
1772,2023-07-14 13:05:00+05:30,162.8000030517578,162.9499969482422,162.75,162.89999389648438,46954,0.0,0.0,2023-07-14
1773,2023-07-14 13:10:00+05:30,162.89999389648438,163.0500030517578,162.75,163.0,59817,0.0,0.0,2023-07-14
1774,2023-07-14 13:15:00+05:30,163.0,163.0,162.75,162.75,29967,0.0,0.0,2023-07-14
1775,2023-07-14 13:20:00+05:30,162.75,163.0500030517578,162.6999969482422,162.9499969482422,179562,0.0,0.0,2023-07-14
1776,2023-07-14 13:25:00+05:30,162.9499969482422,162.9499969482422,162.39999389648438,162.39999389648438,42261,0.0,0.0,2023-07-14
1777,2023-07-14 13:30:00+05:30,162.39999389648438,162.64999389648438,162.39999389648438,162.5,34868,0.0,0.0,2023-07-14
1778,2023-07-14 13:35:00+05:30,162.5,162.5500030517578,162.0,162.0,84308,0.0,0.0,2023-07-14
1779,2023-07-14 13:40:00+05:30,162.10000610351562,162.3000030517578,162.10000610351562,162.14999389648438,34181,0.0,0.0,2023-07-14
1780,2023-07-14 13:45:00+05:30,162.1999969482422,162.5,162.14999389648438,162.14999389648438,100521,0.0,0.0,2023-07-14
1781,2023-07-14 13:50:00+05:30,162.14999389648438,162.4499969482422,162.14999389648438,162.25,34286,0.0,0.0,2023-07-14
1782,2023-07-14 13:55:00+05:30,162.25,162.5,162.14999389648438,162.3000030517578,51795,0.0,0.0,2023-07-14
1783,2023-07-14 14:00:00+05:30,162.35000610351562,162.5500030517578,162.3000030517578,162.5,36832,0.0,0.0,2023-07-14
1784,2023-07-14 14:05:00+05:30,162.5,162.6999969482422,162.4499969482422,162.60000610351562,41040,0.0,0.0,2023-07-14
1785,2023-07-14 14:10:00+05:30,162.64999389648438,162.8000030517578,162.5500030517578,162.64999389648438,41905,0.0,0.0,2023-07-14
1786,2023-07-14 14:15:00+05:30,162.6999969482422,162.75,162.5500030517578,162.60000610351562,48907,0.0,0.0,2023-07-14
1787,2023-07-14 14:20:00+05:30,162.5500030517578,162.75,162.39999389648438,162.5500030517578,81760,0.0,0.0,2023-07-14
1788,2023-07-14 14:25:00+05:30,162.5500030517578,162.75,162.5,162.6999969482422,57170,0.0,0.0,2023-07-14
1789,2023-07-14 14:30:00+05:30,162.6999969482422,162.6999969482422,162.5500030517578,162.60000610351562,36699,0.0,0.0,2023-07-14
1790,2023-07-14 14:35:00+05:30,162.5500030517578,162.8000030517578,162.5500030517578,162.64999389648438,74218,0.0,0.0,2023-07-14
1791,2023-07-14 14:40:00+05:30,162.60000610351562,162.85000610351562,162.5500030517578,162.60000610351562,78197,0.0,0.0,2023-07-14
1792,2023-07-14 14:45:00+05:30,162.64999389648438,162.8000030517578,162.39999389648438,162.4499969482422,56034,0.0,0.0,2023-07-14
1793,2023-07-14 14:50:00+05:30,162.4499969482422,162.6999969482422,162.35000610351562,162.5,47165,0.0,0.0,2023-07-14
1794,2023-07-14 14:55:00+05:30,162.5,162.60000610351562,162.39999389648438,162.4499969482422,68139,0.0,0.0,2023-07-14
1795,2023-07-14 15:00:00+05:30,162.5,163.35000610351562,162.5,163.25,188819,0.0,0.0,2023-07-14
1796,2023-07-14 15:05:00+05:30,163.1999969482422,163.8000030517578,163.0500030517578,163.6999969482422,362403,0.0,0.0,2023-07-14
1797,2023-07-14 15:10:00+05:30,163.6999969482422,164.39999389648438,163.60000610351562,164.25,379356,0.0,0.0,2023-07-14
1798,2023-07-14 15:15:00+05:30,164.35000610351562,164.5,163.9499969482422,164.14999389648438,379184,0.0,0.0,2023-07-14
1799,2023-07-14 15:20:00+05:30,164.1999969482422,164.1999969482422,163.75,163.8000030517578,283567,0.0,0.0,2023-07-14
1800,2023-07-14 15:25:00+05:30,163.85000610351562,164.0,163.75,164.0,187301,0.0,0.0,2023-07-14
1801,2023-07-17 09:15:00+05:30,164.1999969482422,165.25,163.75,165.0,0,0.0,0.0,2023-07-17
1802,2023-07-17 09:20:00+05:30,164.85000610351562,167.3000030517578,164.8000030517578,167.0,930637,0.0,0.0,2023-07-17
1803,2023-07-17 09:25:00+05:30,167.0,167.5,166.60000610351562,167.4499969482422,491246,0.0,0.0,2023-07-17
1804,2023-07-17 09:30:00+05:30,167.3000030517578,167.5,166.6999969482422,166.9499969482422,381960,0.0,0.0,2023-07-17
1805,2023-07-17 09:35:00+05:30,166.85000610351562,167.6999969482422,166.85000610351562,167.35000610351562,625684,0.0,0.0,2023-07-17
1806,2023-07-17 09:40:00+05:30,167.4499969482422,167.9499969482422,167.25,167.89999389648438,741437,0.0,0.0,2023-07-17
1807,2023-07-17 09:45:00+05:30,168.0,168.0,167.10000610351562,167.6999969482422,572064,0.0,0.0,2023-07-17
1808,2023-07-17 09:50:00+05:30,167.60000610351562,167.9499969482422,167.3000030517578,167.5,275552,0.0,0.0,2023-07-17
1809,2023-07-17 09:55:00+05:30,167.4499969482422,168.0,167.4499969482422,167.9499969482422,238903,0.0,0.0,2023-07-17
1810,2023-07-17 10:00:00+05:30,167.89999389648438,168.10000610351562,167.64999389648438,168.0500030517578,351658,0.0,0.0,2023-07-17
1811,2023-07-17 10:05:00+05:30,168.0500030517578,169.14999389648438,167.89999389648438,168.9499969482422,973155,0.0,0.0,2023-07-17
1812,2023-07-17 10:10:00+05:30,168.9499969482422,169.4499969482422,168.4499969482422,168.5,749610,0.0,0.0,2023-07-17
1813,2023-07-17 10:15:00+05:30,168.5,168.60000610351562,167.89999389648438,168.0,327820,0.0,0.0,2023-07-17
1814,2023-07-17 10:20:00+05:30,168.0,168.1999969482422,167.75,167.8000030517578,245096,0.0,0.0,2023-07-17
1815,2023-07-17 10:25:00+05:30,167.8000030517578,168.39999389648438,167.8000030517578,168.25,243001,0.0,0.0,2023-07-17
1816,2023-07-17 10:30:00+05:30,168.1999969482422,170.1999969482422,168.1999969482422,170.0,1164804,0.0,0.0,2023-07-17
1817,2023-07-17 10:35:00+05:30,170.0500030517578,170.1999969482422,169.60000610351562,169.85000610351562,612122,0.0,0.0,2023-07-17
1818,2023-07-17 10:40:00+05:30,169.89999389648438,170.5,169.5,170.39999389648438,540424,0.0,0.0,2023-07-17
1819,2023-07-17 10:45:00+05:30,170.39999389648438,170.64999389648438,169.25,169.60000610351562,497115,0.0,0.0,2023-07-17
1820,2023-07-17 10:50:00+05:30,169.5,170.25,169.39999389648438,170.0500030517578,262489,0.0,0.0,2023-07-17
1821,2023-07-17 10:55:00+05:30,170.14999389648438,170.4499969482422,169.75,170.10000610351562,246190,0.0,0.0,2023-07-17
1822,2023-07-17 11:00:00+05:30,170.14999389648438,170.39999389648438,169.8000030517578,169.8000030517578,181091,0.0,0.0,2023-07-17
1823,2023-07-17 11:05:00+05:30,169.85000610351562,170.0,169.60000610351562,169.9499969482422,130831,0.0,0.0,2023-07-17
1824,2023-07-17 11:10:00+05:30,170.10000610351562,170.39999389648438,169.89999389648438,170.14999389648438,253266,0.0,0.0,2023-07-17
1825,2023-07-17 11:15:00+05:30,170.14999389648438,171.0,170.0500030517578,170.60000610351562,460801,0.0,0.0,2023-07-17
1826,2023-07-17 11:20:00+05:30,170.64999389648438,171.64999389648438,170.5,171.5,650725,0.0,0.0,2023-07-17
1827,2023-07-17 11:25:00+05:30,171.5,171.9499969482422,171.4499969482422,171.6999969482422,497372,0.0,0.0,2023-07-17
1828,2023-07-17 11:30:00+05:30,171.75,171.85000610351562,170.89999389648438,171.39999389648438,351794,0.0,0.0,2023-07-17
1829,2023-07-17 11:35:00+05:30,171.35000610351562,171.6999969482422,171.0,171.60000610351562,216970,0.0,0.0,2023-07-17
1830,2023-07-17 11:40:00+05:30,171.64999389648438,171.64999389648438,171.25,171.3000030517578,152726,0.0,0.0,2023-07-17
1831,2023-07-17 11:45:00+05:30,171.3000030517578,171.4499969482422,170.75,171.10000610351562,261842,0.0,0.0,2023-07-17
1832,2023-07-17 11:50:00+05:30,171.10000610351562,171.1999969482422,170.75,170.85000610351562,244391,0.0,0.0,2023-07-17
1833,2023-07-17 11:55:00+05:30,170.8000030517578,171.10000610351562,170.75,171.0,106784,0.0,0.0,2023-07-17
1834,2023-07-17 12:00:00+05:30,171.0,171.89999389648438,170.85000610351562,171.6999969482422,302774,0.0,0.0,2023-07-17
1835,2023-07-17 12:05:00+05:30,171.6999969482422,172.3000030517578,171.39999389648438,171.5,591101,0.0,0.0,2023-07-17
1836,2023-07-17 12:10:00+05:30,171.5,172.0500030517578,171.39999389648438,171.8000030517578,215726,0.0,0.0,2023-07-17
1837,2023-07-17 12:15:00+05:30,171.85000610351562,172.10000610351562,171.5500030517578,171.60000610351562,150151,0.0,0.0,2023-07-17
1838,2023-07-17 12:20:00+05:30,171.5500030517578,172.10000610351562,171.5,171.8000030517578,223769,0.0,0.0,2023-07-17
1839,2023-07-17 12:25:00+05:30,171.8000030517578,171.85000610351562,171.10000610351562,171.1999969482422,122780,0.0,0.0,2023-07-17
1840,2023-07-17 12:30:00+05:30,171.25,171.6999969482422,171.14999389648438,171.60000610351562,126723,0.0,0.0,2023-07-17
1841,2023-07-17 12:35:00+05:30,171.5500030517578,172.10000610351562,171.4499969482422,172.0,195848,0.0,0.0,2023-07-17
1842,2023-07-17 12:40:00+05:30,171.85000610351562,171.9499969482422,171.5500030517578,171.6999969482422,83931,0.0,0.0,2023-07-17
1843,2023-07-17 12:45:00+05:30,171.8000030517578,171.89999389648438,171.60000610351562,171.60000610351562,84554,0.0,0.0,2023-07-17
1844,2023-07-17 12:50:00+05:30,171.60000610351562,171.6999969482422,170.89999389648438,170.89999389648438,198191,0.0,0.0,2023-07-17
1845,2023-07-17 12:55:00+05:30,170.89999389648438,171.10000610351562,170.89999389648438,171.0500030517578,115962,0.0,0.0,2023-07-17
1846,2023-07-17 13:00:00+05:30,171.0500030517578,171.8000030517578,171.0500030517578,171.4499969482422,152640,0.0,0.0,2023-07-17
1847,2023-07-17 13:05:00+05:30,171.39999389648438,171.39999389648438,171.0,171.1999969482422,85462,0.0,0.0,2023-07-17
1848,2023-07-17 13:10:00+05:30,171.1999969482422,171.25,171.0500030517578,171.10000610351562,43080,0.0,0.0,2023-07-17
1849,2023-07-17 13:15:00+05:30,171.10000610351562,171.39999389648438,171.0500030517578,171.0500030517578,69342,0.0,0.0,2023-07-17
1850,2023-07-17 13:20:00+05:30,171.10000610351562,171.3000030517578,171.0,171.14999389648438,44990,0.0,0.0,2023-07-17
1851,2023-07-17 13:25:00+05:30,171.14999389648438,171.25,171.0,171.0,40593,0.0,0.0,2023-07-17
1852,2023-07-17 13:30:00+05:30,171.10000610351562,171.1999969482422,170.8000030517578,171.1999969482422,105844,0.0,0.0,2023-07-17
1853,2023-07-17 13:35:00+05:30,171.0500030517578,171.25,171.0500030517578,171.14999389648438,66930,0.0,0.0,2023-07-17
1854,2023-07-17 13:40:00+05:30,171.25,171.39999389648438,171.10000610351562,171.1999969482422,64847,0.0,0.0,2023-07-17
1855,2023-07-17 13:45:00+05:30,171.1999969482422,171.25,170.0500030517578,170.1999969482422,285865,0.0,0.0,2023-07-17
1856,2023-07-17 13:50:00+05:30,170.3000030517578,170.64999389648438,170.14999389648438,170.3000030517578,130562,0.0,0.0,2023-07-17
1857,2023-07-17 13:55:00+05:30,170.3000030517578,170.3000030517578,169.85000610351562,169.89999389648438,175764,0.0,0.0,2023-07-17
1858,2023-07-17 14:00:00+05:30,169.89999389648438,170.3000030517578,169.85000610351562,170.25,119220,0.0,0.0,2023-07-17
1859,2023-07-17 14:05:00+05:30,170.3000030517578,170.4499969482422,170.14999389648438,170.3000030517578,67863,0.0,0.0,2023-07-17
1860,2023-07-17 14:10:00+05:30,170.25,170.3000030517578,170.10000610351562,170.3000030517578,39554,0.0,0.0,2023-07-17
1861,2023-07-17 14:15:00+05:30,170.1999969482422,170.4499969482422,170.10000610351562,170.3000030517578,80194,0.0,0.0,2023-07-17
1862,2023-07-17 14:20:00+05:30,170.39999389648438,170.4499969482422,170.14999389648438,170.1999969482422,196666,0.0,0.0,2023-07-17
1863,2023-07-17 14:25:00+05:30,170.35000610351562,171.14999389648438,170.1999969482422,170.75,287676,0.0,0.0,2023-07-17
1864,2023-07-17 14:30:00+05:30,170.8000030517578,170.85000610351562,170.5,170.60000610351562,158290,0.0,0.0,2023-07-17
1865,2023-07-17 14:35:00+05:30,170.5500030517578,171.10000610351562,170.5500030517578,171.10000610351562,92531,0.0,0.0,2023-07-17
1866,2023-07-17 14:40:00+05:30,171.10000610351562,171.14999389648438,170.75,170.9499969482422,59809,0.0,0.0,2023-07-17
1867,2023-07-17 14:45:00+05:30,170.8000030517578,170.89999389648438,170.75,170.8000030517578,90610,0.0,0.0,2023-07-17
1868,2023-07-17 14:50:00+05:30,170.85000610351562,171.10000610351562,170.6999969482422,170.9499969482422,183085,0.0,0.0,2023-07-17
1869,2023-07-17 14:55:00+05:30,170.89999389648438,171.10000610351562,170.8000030517578,170.8000030517578,118940,0.0,0.0,2023-07-17
1870,2023-07-17 15:00:00+05:30,170.89999389648438,171.5,170.75,171.3000030517578,169258,0.0,0.0,2023-07-17
1871,2023-07-17 15:05:00+05:30,171.25,171.89999389648438,171.10000610351562,171.85000610351562,286122,0.0,0.0,2023-07-17
1872,2023-07-17 15:10:00+05:30,171.85000610351562,172.0,171.5,171.6999969482422,297562,0.0,0.0,2023-07-17
1873,2023-07-17 15:15:00+05:30,171.6999969482422,171.75,171.10000610351562,171.39999389648438,487000,0.0,0.0,2023-07-17
1874,2023-07-17 15:20:00+05:30,171.3000030517578,171.60000610351562,171.1999969482422,171.60000610351562,379190,0.0,0.0,2023-07-17
1875,2023-07-17 15:25:00+05:30,171.5,172.0,171.25,171.89999389648438,469878,0.0,0.0,2023-07-17
1876,2023-07-18 09:15:00+05:30,172.5,173.39999389648438,172.25,172.5,783730,0.0,0.0,2023-07-18
1877,2023-07-18 09:20:00+05:30,172.39999389648438,172.5,171.10000610351562,171.1999969482422,419932,0.0,0.0,2023-07-18
1878,2023-07-18 09:25:00+05:30,171.3000030517578,171.35000610351562,170.25,170.60000610351562,357731,0.0,0.0,2023-07-18
1879,2023-07-18 09:30:00+05:30,170.60000610351562,170.6999969482422,170.0,170.14999389648438,183891,0.0,0.0,2023-07-18
1880,2023-07-18 09:35:00+05:30,170.14999389648438,170.1999969482422,169.0500030517578,169.75,439854,0.0,0.0,2023-07-18
1881,2023-07-18 09:40:00+05:30,169.75,171.39999389648438,169.39999389648438,171.39999389648438,375736,0.0,0.0,2023-07-18
1882,2023-07-18 09:45:00+05:30,171.39999389648438,172.9499969482422,171.39999389648438,172.85000610351562,541083,0.0,0.0,2023-07-18
1883,2023-07-18 09:50:00+05:30,172.85000610351562,173.6999969482422,172.4499969482422,172.5,814960,0.0,0.0,2023-07-18
1884,2023-07-18 09:55:00+05:30,172.39999389648438,172.6999969482422,172.10000610351562,172.35000610351562,188724,0.0,0.0,2023-07-18
1885,2023-07-18 10:00:00+05:30,172.39999389648438,172.8000030517578,172.14999389648438,172.75,268123,0.0,0.0,2023-07-18
1886,2023-07-18 10:05:00+05:30,172.75,172.75,172.0,172.60000610351562,214480,0.0,0.0,2023-07-18
1887,2023-07-18 10:10:00+05:30,172.5500030517578,173.4499969482422,172.5500030517578,173.35000610351562,301729,0.0,0.0,2023-07-18
1888,2023-07-18 10:15:00+05:30,173.39999389648438,173.60000610351562,172.89999389648438,172.89999389648438,282985,0.0,0.0,2023-07-18
1889,2023-07-18 10:20:00+05:30,172.9499969482422,173.1999969482422,172.60000610351562,172.89999389648438,103778,0.0,0.0,2023-07-18
1890,2023-07-18 10:25:00+05:30,172.89999389648438,173.3000030517578,172.75,172.85000610351562,105910,0.0,0.0,2023-07-18
1891,2023-07-18 10:30:00+05:30,172.9499969482422,173.0,172.5,172.5,54247,0.0,0.0,2023-07-18
1892,2023-07-18 10:35:00+05:30,172.5500030517578,173.0,172.39999389648438,173.0,129913,0.0,0.0,2023-07-18
1893,2023-07-18 10:40:00+05:30,173.0,173.6999969482422,172.85000610351562,173.6999969482422,216685,0.0,0.0,2023-07-18
1894,2023-07-18 10:45:00+05:30,173.6999969482422,174.8000030517578,173.6999969482422,174.64999389648438,670522,0.0,0.0,2023-07-18
1895,2023-07-18 10:50:00+05:30,174.64999389648438,174.64999389648438,174.0,174.39999389648438,222939,0.0,0.0,2023-07-18
1896,2023-07-18 10:55:00+05:30,174.39999389648438,175.0,174.10000610351562,174.4499969482422,460797,0.0,0.0,2023-07-18
1897,2023-07-18 11:00:00+05:30,174.4499969482422,174.5,174.0,174.3000030517578,145662,0.0,0.0,2023-07-18
1898,2023-07-18 11:05:00+05:30,174.35000610351562,174.5,174.0500030517578,174.39999389648438,211541,0.0,0.0,2023-07-18
1899,2023-07-18 11:10:00+05:30,174.35000610351562,174.4499969482422,173.5,173.64999389648438,148909,0.0,0.0,2023-07-18
1900,2023-07-18 11:15:00+05:30,173.6999969482422,173.8000030517578,173.0500030517578,173.0500030517578,133042,0.0,0.0,2023-07-18
1901,2023-07-18 11:20:00+05:30,173.0500030517578,173.5500030517578,172.60000610351562,172.9499969482422,423794,0.0,0.0,2023-07-18
1902,2023-07-18 11:25:00+05:30,172.9499969482422,173.0,172.5,172.8000030517578,163247,0.0,0.0,2023-07-18
1903,2023-07-18 11:30:00+05:30,172.85000610351562,173.39999389648438,172.75,173.10000610351562,120823,0.0,0.0,2023-07-18
1904,2023-07-18 11:35:00+05:30,173.0,173.14999389648438,172.5,172.6999969482422,221444,0.0,0.0,2023-07-18
1905,2023-07-18 11:40:00+05:30,172.5500030517578,172.64999389648438,171.89999389648438,172.0,299316,0.0,0.0,2023-07-18
1906,2023-07-18 11:45:00+05:30,172.10000610351562,172.3000030517578,171.85000610351562,172.3000030517578,85923,0.0,0.0,2023-07-18
1907,2023-07-18 11:50:00+05:30,172.35000610351562,172.39999389648438,171.89999389648438,172.10000610351562,97195,0.0,0.0,2023-07-18
1908,2023-07-18 11:55:00+05:30,172.0,172.0,171.1999969482422,171.35000610351562,234545,0.0,0.0,2023-07-18
1909,2023-07-18 12:00:00+05:30,171.3000030517578,171.4499969482422,170.89999389648438,171.0500030517578,149303,0.0,0.0,2023-07-18
1910,2023-07-18 12:05:00+05:30,171.14999389648438,171.14999389648438,170.5500030517578,171.10000610351562,267360,0.0,0.0,2023-07-18
1911,2023-07-18 12:10:00+05:30,171.0,171.35000610351562,170.9499969482422,171.0,223928,0.0,0.0,2023-07-18
1912,2023-07-18 12:15:00+05:30,171.0500030517578,171.35000610351562,171.0,171.0,73390,0.0,0.0,2023-07-18
1913,2023-07-18 12:20:00+05:30,171.0,171.0500030517578,170.6999969482422,170.85000610351562,89262,0.0,0.0,2023-07-18
1914,2023-07-18 12:25:00+05:30,170.75,171.3000030517578,170.75,171.3000030517578,87411,0.0,0.0,2023-07-18
1915,2023-07-18 12:30:00+05:30,171.3000030517578,171.5500030517578,171.0500030517578,171.5,126375,0.0,0.0,2023-07-18
1916,2023-07-18 12:35:00+05:30,171.39999389648438,171.89999389648438,171.35000610351562,171.5500030517578,398568,0.0,0.0,2023-07-18
1917,2023-07-18 12:40:00+05:30,171.60000610351562,171.6999969482422,171.3000030517578,171.35000610351562,54069,0.0,0.0,2023-07-18
1918,2023-07-18 12:45:00+05:30,171.35000610351562,171.5,170.8000030517578,170.8000030517578,86634,0.0,0.0,2023-07-18
1919,2023-07-18 12:50:00+05:30,170.9499969482422,171.0,170.6999969482422,170.8000030517578,34278,0.0,0.0,2023-07-18
1920,2023-07-18 12:55:00+05:30,170.6999969482422,170.9499969482422,170.1999969482422,170.1999969482422,136802,0.0,0.0,2023-07-18
1921,2023-07-18 13:00:00+05:30,170.25,170.3000030517578,169.85000610351562,170.10000610351562,185241,0.0,0.0,2023-07-18
1922,2023-07-18 13:05:00+05:30,170.10000610351562,170.4499969482422,169.9499969482422,170.25,50997,0.0,0.0,2023-07-18
1923,2023-07-18 13:10:00+05:30,170.3000030517578,170.39999389648438,170.25,170.25,54453,0.0,0.0,2023-07-18
1924,2023-07-18 13:15:00+05:30,170.1999969482422,170.35000610351562,170.10000610351562,170.35000610351562,55071,0.0,0.0,2023-07-18
1925,2023-07-18 13:20:00+05:30,170.3000030517578,170.64999389648438,170.25,170.60000610351562,87243,0.0,0.0,2023-07-18
1926,2023-07-18 13:25:00+05:30,170.60000610351562,170.60000610351562,170.35000610351562,170.39999389648438,38345,0.0,0.0,2023-07-18
1927,2023-07-18 13:30:00+05:30,170.39999389648438,170.5,170.14999389648438,170.1999969482422,63519,0.0,0.0,2023-07-18
1928,2023-07-18 13:35:00+05:30,170.3000030517578,170.64999389648438,170.0500030517578,170.60000610351562,89180,0.0,0.0,2023-07-18
1929,2023-07-18 13:40:00+05:30,170.64999389648438,170.75,170.35000610351562,170.64999389648438,69307,0.0,0.0,2023-07-18
1930,2023-07-18 13:45:00+05:30,170.64999389648438,170.89999389648438,170.60000610351562,170.8000030517578,56483,0.0,0.0,2023-07-18
1931,2023-07-18 13:50:00+05:30,170.85000610351562,170.85000610351562,170.35000610351562,170.4499969482422,62064,0.0,0.0,2023-07-18
1932,2023-07-18 13:55:00+05:30,170.39999389648438,170.4499969482422,170.14999389648438,170.35000610351562,29721,0.0,0.0,2023-07-18
1933,2023-07-18 14:00:00+05:30,170.39999389648438,170.39999389648438,170.1999969482422,170.3000030517578,39130,0.0,0.0,2023-07-18
1934,2023-07-18 14:05:00+05:30,170.3000030517578,170.35000610351562,170.10000610351562,170.10000610351562,46350,0.0,0.0,2023-07-18
1935,2023-07-18 14:10:00+05:30,170.10000610351562,170.14999389648438,169.85000610351562,169.85000610351562,81899,0.0,0.0,2023-07-18
1936,2023-07-18 14:15:00+05:30,169.89999389648438,169.9499969482422,169.60000610351562,169.60000610351562,109243,0.0,0.0,2023-07-18
1937,2023-07-18 14:20:00+05:30,169.60000610351562,169.64999389648438,169.35000610351562,169.4499969482422,123754,0.0,0.0,2023-07-18
1938,2023-07-18 14:25:00+05:30,169.39999389648438,169.5500030517578,168.8000030517578,168.9499969482422,249811,0.0,0.0,2023-07-18
1939,2023-07-18 14:30:00+05:30,168.9499969482422,169.3000030517578,168.89999389648438,169.14999389648438,117696,0.0,0.0,2023-07-18
1940,2023-07-18 14:35:00+05:30,169.14999389648438,169.5,169.0500030517578,169.4499969482422,80373,0.0,0.0,2023-07-18
1941,2023-07-18 14:40:00+05:30,169.39999389648438,169.60000610351562,169.3000030517578,169.5,62386,0.0,0.0,2023-07-18
1942,2023-07-18 14:45:00+05:30,169.5,169.5,169.25,169.35000610351562,48651,0.0,0.0,2023-07-18
1943,2023-07-18 14:50:00+05:30,169.35000610351562,169.35000610351562,169.0,169.10000610351562,64760,0.0,0.0,2023-07-18
1944,2023-07-18 14:55:00+05:30,169.0500030517578,169.35000610351562,168.85000610351562,169.35000610351562,85603,0.0,0.0,2023-07-18
1945,2023-07-18 15:00:00+05:30,169.39999389648438,169.89999389648438,169.39999389648438,169.6999969482422,127022,0.0,0.0,2023-07-18
1946,2023-07-18 15:05:00+05:30,169.6999969482422,169.85000610351562,169.5,169.85000610351562,100632,0.0,0.0,2023-07-18
1947,2023-07-18 15:10:00+05:30,169.75,169.85000610351562,169.3000030517578,169.3000030517578,190736,0.0,0.0,2023-07-18
1948,2023-07-18 15:15:00+05:30,169.4499969482422,169.64999389648438,169.14999389648438,169.25,374049,0.0,0.0,2023-07-18
1949,2023-07-18 15:20:00+05:30,169.14999389648438,169.39999389648438,169.0,169.1999969482422,373673,0.0,0.0,2023-07-18
1950,2023-07-18 15:25:00+05:30,169.25,169.89999389648438,169.1999969482422,169.5500030517578,164983,0.0,0.0,2023-07-18
1951,2023-07-19 09:15:00+05:30,171.0,171.0,169.9499969482422,169.9499969482422,435738,0.0,0.0,2023-07-19
1952,2023-07-19 09:20:00+05:30,169.9499969482422,170.5,169.9499969482422,169.9499969482422,268368,0.0,0.0,2023-07-19
1953,2023-07-19 09:25:00+05:30,170.0,170.5,169.6999969482422,170.3000030517578,116256,0.0,0.0,2023-07-19
1954,2023-07-19 09:30:00+05:30,170.5,171.1999969482422,169.75,169.89999389648438,319202,0.0,0.0,2023-07-19
1955,2023-07-19 09:35:00+05:30,169.8000030517578,170.35000610351562,169.8000030517578,170.25,93642,0.0,0.0,2023-07-19
1956,2023-07-19 09:40:00+05:30,170.3000030517578,170.35000610351562,170.10000610351562,170.1999969482422,40149,0.0,0.0,2023-07-19
1957,2023-07-19 09:45:00+05:30,170.25,170.5,170.0500030517578,170.5,116989,0.0,0.0,2023-07-19
1958,2023-07-19 09:50:00+05:30,170.5,170.75,170.10000610351562,170.10000610351562,103460,0.0,0.0,2023-07-19
1959,2023-07-19 09:55:00+05:30,170.10000610351562,170.39999389648438,170.10000610351562,170.25,69939,0.0,0.0,2023-07-19
1960,2023-07-19 10:00:00+05:30,170.3000030517578,170.64999389648438,169.39999389648438,169.4499969482422,298232,0.0,0.0,2023-07-19
1961,2023-07-19 10:05:00+05:30,169.5,169.64999389648438,168.89999389648438,169.0,275932,0.0,0.0,2023-07-19
1962,2023-07-19 10:10:00+05:30,169.0,169.3000030517578,168.5,168.8000030517578,217905,0.0,0.0,2023-07-19
1963,2023-07-19 10:15:00+05:30,168.6999969482422,169.25,168.6999969482422,169.25,128120,0.0,0.0,2023-07-19
1964,2023-07-19 10:20:00+05:30,169.25,169.25,168.1999969482422,168.89999389648438,155924,0.0,0.0,2023-07-19
1965,2023-07-19 10:25:00+05:30,168.89999389648438,168.89999389648438,168.35000610351562,168.64999389648438,91570,0.0,0.0,2023-07-19
1966,2023-07-19 10:30:00+05:30,168.64999389648438,168.6999969482422,168.14999389648438,168.3000030517578,116091,0.0,0.0,2023-07-19
1967,2023-07-19 10:35:00+05:30,168.1999969482422,168.4499969482422,168.10000610351562,168.1999969482422,57088,0.0,0.0,2023-07-19
1968,2023-07-19 10:40:00+05:30,168.1999969482422,168.5500030517578,168.0,168.3000030517578,109043,0.0,0.0,2023-07-19
1969,2023-07-19 10:45:00+05:30,168.3000030517578,168.5,168.1999969482422,168.35000610351562,31658,0.0,0.0,2023-07-19
1970,2023-07-19 10:50:00+05:30,168.35000610351562,168.4499969482422,168.0500030517578,168.0500030517578,38995,0.0,0.0,2023-07-19
1971,2023-07-19 10:55:00+05:30,168.0,168.14999389648438,167.64999389648438,167.75,103665,0.0,0.0,2023-07-19
1972,2023-07-19 11:00:00+05:30,167.6999969482422,168.6999969482422,167.64999389648438,168.4499969482422,168192,0.0,0.0,2023-07-19
1973,2023-07-19 11:05:00+05:30,168.5,168.5500030517578,168.25,168.5500030517578,32153,0.0,0.0,2023-07-19
1974,2023-07-19 11:10:00+05:30,168.5,168.5,168.35000610351562,168.4499969482422,22267,0.0,0.0,2023-07-19
1975,2023-07-19 11:15:00+05:30,168.4499969482422,168.4499969482422,167.85000610351562,167.89999389648438,51929,0.0,0.0,2023-07-19
1976,2023-07-19 11:20:00+05:30,167.9499969482422,168.35000610351562,167.9499969482422,168.35000610351562,29222,0.0,0.0,2023-07-19
1977,2023-07-19 11:25:00+05:30,168.35000610351562,168.5,168.25,168.3000030517578,33556,0.0,0.0,2023-07-19
1978,2023-07-19 11:30:00+05:30,168.4499969482422,168.60000610351562,168.25,168.25,20065,0.0,0.0,2023-07-19
1979,2023-07-19 11:35:00+05:30,168.25,168.60000610351562,168.1999969482422,168.3000030517578,127645,0.0,0.0,2023-07-19
1980,2023-07-19 11:40:00+05:30,168.3000030517578,168.6999969482422,168.3000030517578,168.5500030517578,32232,0.0,0.0,2023-07-19
1981,2023-07-19 11:45:00+05:30,168.5,168.60000610351562,168.3000030517578,168.39999389648438,18990,0.0,0.0,2023-07-19
1982,2023-07-19 11:50:00+05:30,168.35000610351562,169.25,168.35000610351562,168.75,92034,0.0,0.0,2023-07-19
1983,2023-07-19 11:55:00+05:30,168.8000030517578,168.89999389648438,168.64999389648438,168.75,18106,0.0,0.0,2023-07-19
1984,2023-07-19 12:00:00+05:30,168.8000030517578,168.8000030517578,168.39999389648438,168.64999389648438,29996,0.0,0.0,2023-07-19
1985,2023-07-19 12:05:00+05:30,168.64999389648438,169.3000030517578,168.64999389648438,169.10000610351562,117534,0.0,0.0,2023-07-19
1986,2023-07-19 12:10:00+05:30,169.14999389648438,169.25,169.0,169.0500030517578,47012,0.0,0.0,2023-07-19
1987,2023-07-19 12:15:00+05:30,169.10000610351562,169.25,169.0500030517578,169.1999969482422,51341,0.0,0.0,2023-07-19
1988,2023-07-19 12:20:00+05:30,169.14999389648438,169.25,168.8000030517578,168.9499969482422,47785,0.0,0.0,2023-07-19
1989,2023-07-19 12:25:00+05:30,168.9499969482422,169.60000610351562,168.85000610351562,169.5,273523,0.0,0.0,2023-07-19
1990,2023-07-19 12:30:00+05:30,169.5500030517578,170.0,168.89999389648438,169.1999969482422,356739,0.0,0.0,2023-07-19
1991,2023-07-19 12:35:00+05:30,169.1999969482422,169.3000030517578,168.89999389648438,169.0,39994,0.0,0.0,2023-07-19
1992,2023-07-19 12:40:00+05:30,169.0,169.1999969482422,168.9499969482422,169.0500030517578,40669,0.0,0.0,2023-07-19
1993,2023-07-19 12:45:00+05:30,169.14999389648438,169.14999389648438,168.6999969482422,168.85000610351562,50971,0.0,0.0,2023-07-19
1994,2023-07-19 12:50:00+05:30,168.8000030517578,169.0,168.64999389648438,169.0,26580,0.0,0.0,2023-07-19
1995,2023-07-19 12:55:00+05:30,168.89999389648438,168.89999389648438,168.4499969482422,168.5,23139,0.0,0.0,2023-07-19
1996,2023-07-19 13:00:00+05:30,168.39999389648438,168.64999389648438,168.39999389648438,168.5,28350,0.0,0.0,2023-07-19
1997,2023-07-19 13:05:00+05:30,168.5,168.5500030517578,168.3000030517578,168.35000610351562,51447,0.0,0.0,2023-07-19
1998,2023-07-19 13:10:00+05:30,168.35000610351562,168.5500030517578,168.3000030517578,168.39999389648438,37304,0.0,0.0,2023-07-19
1999,2023-07-19 13:15:00+05:30,168.39999389648438,168.6999969482422,168.3000030517578,168.64999389648438,75568,0.0,0.0,2023-07-19
2000,2023-07-19 13:20:00+05:30,168.6999969482422,169.10000610351562,168.6999969482422,169.0,148119,0.0,0.0,2023-07-19
2001,2023-07-19 13:25:00+05:30,169.0,169.25,168.64999389648438,168.75,100411,0.0,0.0,2023-07-19
2002,2023-07-19 13:30:00+05:30,168.6999969482422,169.25,168.60000610351562,168.9499969482422,129687,0.0,0.0,2023-07-19
2003,2023-07-19 13:35:00+05:30,168.9499969482422,169.0,168.75,168.85000610351562,5041,0.0,0.0,2023-07-19
2004,2023-07-19 13:40:00+05:30,168.85000610351562,169.0,168.8000030517578,169.0,27260,0.0,0.0,2023-07-19
2005,2023-07-19 13:45:00+05:30,168.9499969482422,169.0500030517578,168.85000610351562,168.85000610351562,27286,0.0,0.0,2023-07-19
2006,2023-07-19 13:50:00+05:30,168.9499969482422,169.4499969482422,168.9499969482422,169.39999389648438,107088,0.0,0.0,2023-07-19
2007,2023-07-19 13:55:00+05:30,169.35000610351562,169.39999389648438,168.8000030517578,168.8000030517578,35722,0.0,0.0,2023-07-19
2008,2023-07-19 14:00:00+05:30,168.8000030517578,168.9499969482422,168.6999969482422,168.89999389648438,23732,0.0,0.0,2023-07-19
2009,2023-07-19 14:05:00+05:30,168.8000030517578,168.89999389648438,168.39999389648438,168.39999389648438,42194,0.0,0.0,2023-07-19
2010,2023-07-19 14:10:00+05:30,168.4499969482422,168.5,168.25,168.35000610351562,18184,0.0,0.0,2023-07-19
2011,2023-07-19 14:15:00+05:30,168.35000610351562,168.35000610351562,168.10000610351562,168.35000610351562,39827,0.0,0.0,2023-07-19
2012,2023-07-19 14:20:00+05:30,168.25,168.4499969482422,168.10000610351562,168.25,49767,0.0,0.0,2023-07-19
2013,2023-07-19 14:25:00+05:30,168.14999389648438,168.4499969482422,168.10000610351562,168.3000030517578,34615,0.0,0.0,2023-07-19
2014,2023-07-19 14:30:00+05:30,168.3000030517578,168.39999389648438,168.14999389648438,168.14999389648438,12563,0.0,0.0,2023-07-19
2015,2023-07-19 14:35:00+05:30,168.25,168.35000610351562,167.85000610351562,167.9499969482422,170184,0.0,0.0,2023-07-19
2016,2023-07-19 14:40:00+05:30,167.85000610351562,168.0,167.85000610351562,168.0,95470,0.0,0.0,2023-07-19
2017,2023-07-19 14:45:00+05:30,168.0,168.0,167.9499969482422,167.9499969482422,95410,0.0,0.0,2023-07-19
2018,2023-07-19 14:50:00+05:30,167.9499969482422,168.0,167.89999389648438,168.0,64606,0.0,0.0,2023-07-19
2019,2023-07-19 14:55:00+05:30,168.0,168.0,167.89999389648438,167.9499969482422,139218,0.0,0.0,2023-07-19
2020,2023-07-19 15:00:00+05:30,167.89999389648438,168.0,167.89999389648438,168.0,62015,0.0,0.0,2023-07-19
2021,2023-07-19 15:05:00+05:30,167.89999389648438,168.35000610351562,167.89999389648438,168.35000610351562,144832,0.0,0.0,2023-07-19
2022,2023-07-19 15:10:00+05:30,168.5,168.6999969482422,168.35000610351562,168.5,110598,0.0,0.0,2023-07-19
2023,2023-07-19 15:15:00+05:30,168.5500030517578,168.60000610351562,168.3000030517578,168.3000030517578,111793,0.0,0.0,2023-07-19
2024,2023-07-19 15:20:00+05:30,168.3000030517578,168.5,168.3000030517578,168.4499969482422,102748,0.0,0.0,2023-07-19
2025,2023-07-19 15:25:00+05:30,168.4499969482422,169.3000030517578,168.39999389648438,168.39999389648438,0,0.0,0.0,2023-07-19
2026,2023-07-20 09:15:00+05:30,169.14999389648438,170.85000610351562,169.0,170.60000610351562,398683,0.0,0.0,2023-07-20
2027,2023-07-20 09:20:00+05:30,170.5,172.0,170.5,171.5500030517578,621468,0.0,0.0,2023-07-20
2028,2023-07-20 09:25:00+05:30,171.60000610351562,171.75,171.1999969482422,171.60000610351562,327267,0.0,0.0,2023-07-20
2029,2023-07-20 09:30:00+05:30,171.5500030517578,171.5500030517578,171.14999389648438,171.14999389648438,151169,0.0,0.0,2023-07-20
2030,2023-07-20 09:35:00+05:30,171.10000610351562,171.14999389648438,170.75,170.9499969482422,123632,0.0,0.0,2023-07-20
2031,2023-07-20 09:40:00+05:30,170.9499969482422,171.0,170.6999969482422,170.89999389648438,64892,0.0,0.0,2023-07-20
2032,2023-07-20 09:45:00+05:30,170.89999389648438,171.25,170.8000030517578,171.25,106286,0.0,0.0,2023-07-20
2033,2023-07-20 09:50:00+05:30,171.1999969482422,171.1999969482422,170.39999389648438,170.5,78560,0.0,0.0,2023-07-20
2034,2023-07-20 09:55:00+05:30,170.5,170.75,170.5,170.64999389648438,47121,0.0,0.0,2023-07-20
2035,2023-07-20 10:00:00+05:30,170.75,170.8000030517578,170.5,170.5,59076,0.0,0.0,2023-07-20
2036,2023-07-20 10:05:00+05:30,170.60000610351562,170.60000610351562,169.89999389648438,169.89999389648438,145320,0.0,0.0,2023-07-20
2037,2023-07-20 10:10:00+05:30,169.85000610351562,170.25,169.75,170.14999389648438,69305,0.0,0.0,2023-07-20
2038,2023-07-20 10:15:00+05:30,170.10000610351562,170.35000610351562,169.85000610351562,170.35000610351562,39786,0.0,0.0,2023-07-20
2039,2023-07-20 10:20:00+05:30,170.35000610351562,170.39999389648438,170.14999389648438,170.39999389648438,24776,0.0,0.0,2023-07-20
2040,2023-07-20 10:25:00+05:30,170.3000030517578,170.5,170.25,170.25,30748,0.0,0.0,2023-07-20
2041,2023-07-20 10:30:00+05:30,170.25,170.35000610351562,170.10000610351562,170.1999969482422,23875,0.0,0.0,2023-07-20
2042,2023-07-20 10:35:00+05:30,170.25,170.5,170.25,170.39999389648438,18506,0.0,0.0,2023-07-20
2043,2023-07-20 10:40:00+05:30,170.35000610351562,170.39999389648438,170.1999969482422,170.1999969482422,23551,0.0,0.0,2023-07-20
2044,2023-07-20 10:45:00+05:30,170.1999969482422,170.1999969482422,170.0,170.0,24374,0.0,0.0,2023-07-20
2045,2023-07-20 10:50:00+05:30,170.0500030517578,170.25,170.0,170.1999969482422,15170,0.0,0.0,2023-07-20
2046,2023-07-20 10:55:00+05:30,170.14999389648438,170.3000030517578,170.10000610351562,170.14999389648438,8596,0.0,0.0,2023-07-20
2047,2023-07-20 11:00:00+05:30,170.14999389648438,170.25,169.85000610351562,169.85000610351562,22988,0.0,0.0,2023-07-20
2048,2023-07-20 11:05:00+05:30,169.85000610351562,169.9499969482422,169.4499969482422,169.6999969482422,83312,0.0,0.0,2023-07-20
2049,2023-07-20 11:10:00+05:30,169.64999389648438,169.8000030517578,169.4499969482422,169.64999389648438,24939,0.0,0.0,2023-07-20
2050,2023-07-20 11:15:00+05:30,169.75,169.75,169.4499969482422,169.60000610351562,43728,0.0,0.0,2023-07-20
2051,2023-07-20 11:20:00+05:30,169.60000610351562,169.60000610351562,169.10000610351562,169.14999389648438,60898,0.0,0.0,2023-07-20
2052,2023-07-20 11:25:00+05:30,169.1999969482422,169.35000610351562,169.14999389648438,169.25,25918,0.0,0.0,2023-07-20
2053,2023-07-20 11:30:00+05:30,169.25,169.5,169.25,169.5,20521,0.0,0.0,2023-07-20
2054,2023-07-20 11:35:00+05:30,169.39999389648438,169.5,169.3000030517578,169.39999389648438,15364,0.0,0.0,2023-07-20
2055,2023-07-20 11:40:00+05:30,169.39999389648438,169.75,169.3000030517578,169.64999389648438,29321,0.0,0.0,2023-07-20
2056,2023-07-20 11:45:00+05:30,169.6999969482422,169.85000610351562,169.35000610351562,169.60000610351562,56631,0.0,0.0,2023-07-20
2057,2023-07-20 11:50:00+05:30,169.5500030517578,169.60000610351562,169.39999389648438,169.5500030517578,12961,0.0,0.0,2023-07-20
2058,2023-07-20 11:55:00+05:30,169.5500030517578,169.75,169.4499969482422,169.64999389648438,24740,0.0,0.0,2023-07-20
2059,2023-07-20 12:00:00+05:30,169.75,169.75,169.4499969482422,169.5500030517578,55100,0.0,0.0,2023-07-20
2060,2023-07-20 12:05:00+05:30,169.4499969482422,169.60000610351562,169.39999389648438,169.5500030517578,10574,0.0,0.0,2023-07-20
2061,2023-07-20 12:10:00+05:30,169.4499969482422,169.5500030517578,169.39999389648438,169.4499969482422,12894,0.0,0.0,2023-07-20
2062,2023-07-20 12:15:00+05:30,169.4499969482422,169.60000610351562,169.39999389648438,169.5,7638,0.0,0.0,2023-07-20
2063,2023-07-20 12:20:00+05:30,169.5500030517578,169.60000610351562,169.10000610351562,169.60000610351562,65478,0.0,0.0,2023-07-20
2064,2023-07-20 12:25:00+05:30,169.60000610351562,169.60000610351562,169.39999389648438,169.39999389648438,12813,0.0,0.0,2023-07-20
2065,2023-07-20 12:30:00+05:30,169.4499969482422,169.60000610351562,169.35000610351562,169.5500030517578,18999,0.0,0.0,2023-07-20
2066,2023-07-20 12:35:00+05:30,169.5,169.6999969482422,169.5,169.64999389648438,12426,0.0,0.0,2023-07-20
2067,2023-07-20 12:40:00+05:30,169.6999969482422,169.6999969482422,169.5500030517578,169.64999389648438,19842,0.0,0.0,2023-07-20
2068,2023-07-20 12:45:00+05:30,169.60000610351562,169.9499969482422,169.60000610351562,169.60000610351562,37600,0.0,0.0,2023-07-20
2069,2023-07-20 12:50:00+05:30,169.64999389648438,169.64999389648438,169.4499969482422,169.5500030517578,10744,0.0,0.0,2023-07-20
2070,2023-07-20 12:55:00+05:30,169.5,169.60000610351562,169.5,169.60000610351562,12363,0.0,0.0,2023-07-20
2071,2023-07-20 13:00:00+05:30,169.64999389648438,169.6999969482422,168.9499969482422,169.25,102407,0.0,0.0,2023-07-20
2072,2023-07-20 13:05:00+05:30,169.35000610351562,169.35000610351562,169.1999969482422,169.25,11427,0.0,0.0,2023-07-20
2073,2023-07-20 13:10:00+05:30,169.3000030517578,169.39999389648438,168.89999389648438,168.9499969482422,42015,0.0,0.0,2023-07-20
2074,2023-07-20 13:15:00+05:30,169.0500030517578,169.25,168.9499969482422,169.1999969482422,7792,0.0,0.0,2023-07-20
2075,2023-07-20 13:20:00+05:30,169.1999969482422,169.1999969482422,169.0,169.0,18282,0.0,0.0,2023-07-20
2076,2023-07-20 13:25:00+05:30,169.0,169.14999389648438,168.85000610351562,168.9499969482422,30130,0.0,0.0,2023-07-20
2077,2023-07-20 13:30:00+05:30,168.9499969482422,169.3000030517578,168.8000030517578,169.25,33029,0.0,0.0,2023-07-20
2078,2023-07-20 13:35:00+05:30,169.25,169.25,168.9499969482422,168.9499969482422,25213,0.0,0.0,2023-07-20
2079,2023-07-20 13:40:00+05:30,169.0,169.0,168.64999389648438,168.85000610351562,53957,0.0,0.0,2023-07-20
2080,2023-07-20 13:45:00+05:30,168.75,169.10000610351562,168.75,168.9499969482422,21317,0.0,0.0,2023-07-20
2081,2023-07-20 13:50:00+05:30,169.0,169.10000610351562,168.89999389648438,169.0,19222,0.0,0.0,2023-07-20
2082,2023-07-20 13:55:00+05:30,169.0500030517578,169.10000610351562,168.89999389648438,168.89999389648438,10943,0.0,0.0,2023-07-20
2083,2023-07-20 14:00:00+05:30,169.0,169.3000030517578,169.0,169.14999389648438,21260,0.0,0.0,2023-07-20
2084,2023-07-20 14:05:00+05:30,169.3000030517578,169.3000030517578,169.0500030517578,169.10000610351562,20633,0.0,0.0,2023-07-20
2085,2023-07-20 14:10:00+05:30,169.10000610351562,169.25,169.0,169.0,23331,0.0,0.0,2023-07-20
2086,2023-07-20 14:15:00+05:30,169.0,169.10000610351562,168.75,168.75,59397,0.0,0.0,2023-07-20
2087,2023-07-20 14:20:00+05:30,168.75,169.0,168.75,168.8000030517578,24022,0.0,0.0,2023-07-20
2088,2023-07-20 14:25:00+05:30,168.9499969482422,168.9499969482422,168.8000030517578,168.9499969482422,14308,0.0,0.0,2023-07-20
2089,2023-07-20 14:30:00+05:30,168.85000610351562,168.9499969482422,168.8000030517578,168.8000030517578,6573,0.0,0.0,2023-07-20
2090,2023-07-20 14:35:00+05:30,168.8000030517578,168.85000610351562,168.4499969482422,168.5500030517578,55218,0.0,0.0,2023-07-20
2091,2023-07-20 14:40:00+05:30,168.39999389648438,168.5500030517578,167.89999389648438,168.25,154387,0.0,0.0,2023-07-20
2092,2023-07-20 14:45:00+05:30,168.14999389648438,168.60000610351562,168.10000610351562,168.3000030517578,35808,0.0,0.0,2023-07-20
2093,2023-07-20 14:50:00+05:30,168.3000030517578,168.4499969482422,168.14999389648438,168.39999389648438,21877,0.0,0.0,2023-07-20
2094,2023-07-20 14:55:00+05:30,168.35000610351562,168.5,168.3000030517578,168.5,31060,0.0,0.0,2023-07-20
2095,2023-07-20 15:00:00+05:30,168.5,169.0,168.5,168.60000610351562,103959,0.0,0.0,2023-07-20
2096,2023-07-20 15:05:00+05:30,168.60000610351562,168.9499969482422,168.60000610351562,168.85000610351562,68466,0.0,0.0,2023-07-20
2097,2023-07-20 15:10:00+05:30,168.9499969482422,168.9499969482422,168.35000610351562,168.39999389648438,117902,0.0,0.0,2023-07-20
2098,2023-07-20 15:15:00+05:30,168.4499969482422,168.5,168.0,168.14999389648438,176188,0.0,0.0,2023-07-20
2099,2023-07-20 15:20:00+05:30,168.25,168.3000030517578,167.9499969482422,167.9499969482422,212403,0.0,0.0,2023-07-20
2100,2023-07-20 15:25:00+05:30,167.9499969482422,168.14999389648438,166.5,168.14999389648438,269188,0.0,0.0,2023-07-20
2101,2023-07-21 09:15:00+05:30,165.9499969482422,165.9499969482422,164.0,165.25,0,0.0,0.0,2023-07-21
2102,2023-07-21 09:20:00+05:30,165.35000610351562,165.8000030517578,164.8000030517578,164.89999389648438,335407,0.0,0.0,2023-07-21
2103,2023-07-21 09:25:00+05:30,165.0,165.89999389648438,164.3000030517578,165.6999969482422,368476,0.0,0.0,2023-07-21
2104,2023-07-21 09:30:00+05:30,165.6999969482422,165.9499969482422,165.35000610351562,165.4499969482422,147179,0.0,0.0,2023-07-21
2105,2023-07-21 09:35:00+05:30,165.5,165.6999969482422,165.1999969482422,165.6999969482422,70825,0.0,0.0,2023-07-21
2106,2023-07-21 09:40:00+05:30,165.60000610351562,165.6999969482422,165.3000030517578,165.39999389648438,71508,0.0,0.0,2023-07-21
2107,2023-07-21 09:45:00+05:30,165.5,165.9499969482422,165.39999389648438,165.89999389648438,67421,0.0,0.0,2023-07-21
2108,2023-07-21 09:50:00+05:30,165.89999389648438,166.4499969482422,165.89999389648438,166.39999389648438,84244,0.0,0.0,2023-07-21
2109,2023-07-21 09:55:00+05:30,166.35000610351562,166.85000610351562,166.14999389648438,166.64999389648438,148058,0.0,0.0,2023-07-21
2110,2023-07-21 10:00:00+05:30,166.60000610351562,167.0,166.39999389648438,167.0,113747,0.0,0.0,2023-07-21
2111,2023-07-21 10:05:00+05:30,166.89999389648438,167.0,166.1999969482422,166.1999969482422,92776,0.0,0.0,2023-07-21
2112,2023-07-21 10:10:00+05:30,166.10000610351562,166.39999389648438,165.9499969482422,166.35000610351562,52103,0.0,0.0,2023-07-21
2113,2023-07-21 10:15:00+05:30,166.25,166.6999969482422,166.25,166.5500030517578,64045,0.0,0.0,2023-07-21
2114,2023-07-21 10:20:00+05:30,166.60000610351562,166.6999969482422,166.4499969482422,166.4499969482422,25230,0.0,0.0,2023-07-21
2115,2023-07-21 10:25:00+05:30,166.4499969482422,166.5,166.35000610351562,166.35000610351562,13861,0.0,0.0,2023-07-21
2116,2023-07-21 10:30:00+05:30,166.4499969482422,166.4499969482422,165.89999389648438,165.89999389648438,61189,0.0,0.0,2023-07-21
2117,2023-07-21 10:35:00+05:30,166.0,167.35000610351562,165.89999389648438,167.35000610351562,258517,0.0,0.0,2023-07-21
2118,2023-07-21 10:40:00+05:30,167.3000030517578,167.75,167.0,167.0,98834,0.0,0.0,2023-07-21
2119,2023-07-21 10:45:00+05:30,167.0,167.25,166.75,166.75,31215,0.0,0.0,2023-07-21
2120,2023-07-21 10:50:00+05:30,166.85000610351562,167.0,166.75,166.89999389648438,19921,0.0,0.0,2023-07-21
2121,2023-07-21 10:55:00+05:30,166.85000610351562,167.0,166.60000610351562,166.6999969482422,108739,0.0,0.0,2023-07-21
2122,2023-07-21 11:00:00+05:30,166.6999969482422,166.85000610351562,166.60000610351562,166.64999389648438,13493,0.0,0.0,2023-07-21
2123,2023-07-21 11:05:00+05:30,166.64999389648438,166.75,166.39999389648438,166.4499969482422,21972,0.0,0.0,2023-07-21
2124,2023-07-21 11:10:00+05:30,166.39999389648438,166.4499969482422,166.25,166.4499969482422,28672,0.0,0.0,2023-07-21
2125,2023-07-21 11:15:00+05:30,166.35000610351562,166.75,166.35000610351562,166.75,19197,0.0,0.0,2023-07-21
2126,2023-07-21 11:20:00+05:30,166.6999969482422,166.85000610351562,166.6999969482422,166.75,22804,0.0,0.0,2023-07-21
2127,2023-07-21 11:25:00+05:30,167.10000610351562,167.10000610351562,166.85000610351562,166.9499969482422,42687,0.0,0.0,2023-07-21
2128,2023-07-21 11:30:00+05:30,166.9499969482422,167.0,166.8000030517578,167.0,21730,0.0,0.0,2023-07-21
2129,2023-07-21 11:35:00+05:30,166.89999389648438,167.0,166.85000610351562,167.0,16103,0.0,0.0,2023-07-21
2130,2023-07-21 11:40:00+05:30,166.89999389648438,166.89999389648438,166.6999969482422,166.8000030517578,14873,0.0,0.0,2023-07-21
2131,2023-07-21 11:45:00+05:30,166.75,166.85000610351562,166.5,166.64999389648438,6347,0.0,0.0,2023-07-21
2132,2023-07-21 11:50:00+05:30,166.5500030517578,166.75,166.5,166.5500030517578,13742,0.0,0.0,2023-07-21
2133,2023-07-21 11:55:00+05:30,166.5500030517578,166.8000030517578,166.5,166.75,12711,0.0,0.0,2023-07-21
2134,2023-07-21 12:00:00+05:30,166.5500030517578,166.5500030517578,166.1999969482422,166.4499969482422,36665,0.0,0.0,2023-07-21
2135,2023-07-21 12:05:00+05:30,166.4499969482422,166.64999389648438,166.35000610351562,166.64999389648438,6341,0.0,0.0,2023-07-21
2136,2023-07-21 12:10:00+05:30,166.60000610351562,166.6999969482422,166.5,166.5,10387,0.0,0.0,2023-07-21
2137,2023-07-21 12:15:00+05:30,166.5,166.64999389648438,166.5,166.60000610351562,8651,0.0,0.0,2023-07-21
2138,2023-07-21 12:20:00+05:30,166.5500030517578,166.64999389648438,166.4499969482422,166.4499969482422,17813,0.0,0.0,2023-07-21
2139,2023-07-21 12:25:00+05:30,166.4499969482422,166.5,166.1999969482422,166.1999969482422,20406,0.0,0.0,2023-07-21
2140,2023-07-21 12:30:00+05:30,166.1999969482422,166.25,166.0,166.1999969482422,18873,0.0,0.0,2023-07-21
2141,2023-07-21 12:35:00+05:30,166.1999969482422,166.4499969482422,166.14999389648438,166.35000610351562,17624,0.0,0.0,2023-07-21
2142,2023-07-21 12:40:00+05:30,166.35000610351562,166.60000610351562,166.35000610351562,166.5500030517578,13208,0.0,0.0,2023-07-21
2143,2023-07-21 12:45:00+05:30,166.4499969482422,166.5500030517578,166.0,166.0,80033,0.0,0.0,2023-07-21
2144,2023-07-21 12:50:00+05:30,166.14999389648438,166.25,166.0,166.25,11516,0.0,0.0,2023-07-21
2145,2023-07-21 12:55:00+05:30,166.25,167.25,166.1999969482422,167.1999969482422,254907,0.0,0.0,2023-07-21
2146,2023-07-21 13:00:00+05:30,167.3000030517578,168.4499969482422,167.3000030517578,168.0500030517578,330301,0.0,0.0,2023-07-21
2147,2023-07-21 13:05:00+05:30,168.0,168.8000030517578,168.0,168.3000030517578,217476,0.0,0.0,2023-07-21
2148,2023-07-21 13:10:00+05:30,168.25,168.64999389648438,168.25,168.5500030517578,70572,0.0,0.0,2023-07-21
2149,2023-07-21 13:15:00+05:30,168.4499969482422,168.64999389648438,168.1999969482422,168.25,60304,0.0,0.0,2023-07-21
2150,2023-07-21 13:20:00+05:30,168.25,168.39999389648438,168.1999969482422,168.3000030517578,71945,0.0,0.0,2023-07-21
2151,2023-07-21 13:25:00+05:30,168.14999389648438,168.25,168.0,168.1999969482422,64142,0.0,0.0,2023-07-21
2152,2023-07-21 13:30:00+05:30,168.1999969482422,168.35000610351562,168.10000610351562,168.25,44478,0.0,0.0,2023-07-21
2153,2023-07-21 13:35:00+05:30,168.25,168.4499969482422,168.1999969482422,168.35000610351562,17093,0.0,0.0,2023-07-21
2154,2023-07-21 13:40:00+05:30,168.39999389648438,168.85000610351562,168.39999389648438,168.85000610351562,47927,0.0,0.0,2023-07-21
2155,2023-07-21 13:45:00+05:30,168.85000610351562,169.39999389648438,168.75,169.35000610351562,110273,0.0,0.0,2023-07-21
2156,2023-07-21 13:50:00+05:30,169.35000610351562,169.5500030517578,169.0,169.0,76149,0.0,0.0,2023-07-21
2157,2023-07-21 13:55:00+05:30,169.0,169.10000610351562,168.9499969482422,169.0,17704,0.0,0.0,2023-07-21
2158,2023-07-21 14:00:00+05:30,169.0,169.3000030517578,168.8000030517578,168.8000030517578,53114,0.0,0.0,2023-07-21
2159,2023-07-21 14:05:00+05:30,168.8000030517578,168.9499969482422,168.64999389648438,168.85000610351562,54663,0.0,0.0,2023-07-21
2160,2023-07-21 14:10:00+05:30,168.85000610351562,168.89999389648438,168.3000030517578,168.3000030517578,45894,0.0,0.0,2023-07-21
2161,2023-07-21 14:15:00+05:30,168.1999969482422,168.5500030517578,168.1999969482422,168.5500030517578,46154,0.0,0.0,2023-07-21
2162,2023-07-21 14:20:00+05:30,168.5,168.85000610351562,168.39999389648438,168.39999389648438,68073,0.0,0.0,2023-07-21
2163,2023-07-21 14:25:00+05:30,168.39999389648438,168.64999389648438,168.3000030517578,168.5500030517578,20892,0.0,0.0,2023-07-21
2164,2023-07-21 14:30:00+05:30,168.60000610351562,168.8000030517578,168.60000610351562,168.8000030517578,17876,0.0,0.0,2023-07-21
2165,2023-07-21 14:35:00+05:30,168.85000610351562,168.9499969482422,168.64999389648438,168.85000610351562,32572,0.0,0.0,2023-07-21
2166,2023-07-21 14:40:00+05:30,168.85000610351562,168.89999389648438,168.6999969482422,168.85000610351562,39247,0.0,0.0,2023-07-21
2167,2023-07-21 14:45:00+05:30,168.75,169.1999969482422,168.75,169.10000610351562,24724,0.0,0.0,2023-07-21
2168,2023-07-21 14:50:00+05:30,169.10000610351562,169.25,168.5,168.5500030517578,107492,0.0,0.0,2023-07-21
2169,2023-07-21 14:55:00+05:30,168.5,168.5500030517578,168.0,168.14999389648438,94948,0.0,0.0,2023-07-21
2170,2023-07-21 15:00:00+05:30,168.0500030517578,168.39999389648438,168.0500030517578,168.3000030517578,52859,0.0,0.0,2023-07-21
2171,2023-07-21 15:05:00+05:30,168.25,168.4499969482422,168.14999389648438,168.3000030517578,62484,0.0,0.0,2023-07-21
2172,2023-07-21 15:10:00+05:30,168.35000610351562,168.39999389648438,168.14999389648438,168.25,69607,0.0,0.0,2023-07-21
2173,2023-07-21 15:15:00+05:30,168.25,168.25,168.0,168.1999969482422,141965,0.0,0.0,2023-07-21
2174,2023-07-21 15:20:00+05:30,168.1999969482422,168.75,167.9499969482422,168.4499969482422,451322,0.0,0.0,2023-07-21
2175,2023-07-21 15:25:00+05:30,168.4499969482422,170.5500030517578,168.4499969482422,170.39999389648438,747066,0.0,0.0,2023-07-21
2176,2023-07-24 09:15:00+05:30,170.14999389648438,170.64999389648438,169.0,170.5500030517578,0,0.0,0.0,2023-07-24
2177,2023-07-24 09:20:00+05:30,170.5,170.5,169.64999389648438,169.75,146380,0.0,0.0,2023-07-24
2178,2023-07-24 09:25:00+05:30,169.75,170.1999969482422,169.5,170.10000610351562,93112,0.0,0.0,2023-07-24
2179,2023-07-24 09:30:00+05:30,170.0,170.10000610351562,169.5,169.8000030517578,95991,0.0,0.0,2023-07-24
2180,2023-07-24 09:35:00+05:30,169.8000030517578,171.5500030517578,169.60000610351562,171.5500030517578,289613,0.0,0.0,2023-07-24
2181,2023-07-24 09:40:00+05:30,171.4499969482422,171.89999389648438,170.35000610351562,170.5,354161,0.0,0.0,2023-07-24
2182,2023-07-24 09:45:00+05:30,170.5,170.5,169.9499969482422,170.14999389648438,145758,0.0,0.0,2023-07-24
2183,2023-07-24 09:50:00+05:30,170.25,170.4499969482422,170.14999389648438,170.25,50168,0.0,0.0,2023-07-24
2184,2023-07-24 09:55:00+05:30,170.25,170.25,169.5,169.64999389648438,75463,0.0,0.0,2023-07-24
2185,2023-07-24 10:00:00+05:30,169.60000610351562,170.25,169.60000610351562,170.14999389648438,52977,0.0,0.0,2023-07-24
2186,2023-07-24 10:05:00+05:30,170.14999389648438,170.14999389648438,169.75,169.9499969482422,26099,0.0,0.0,2023-07-24
2187,2023-07-24 10:10:00+05:30,169.9499969482422,170.1999969482422,169.8000030517578,170.1999969482422,30270,0.0,0.0,2023-07-24
2188,2023-07-24 10:15:00+05:30,170.1999969482422,170.5,170.1999969482422,170.25,34684,0.0,0.0,2023-07-24
2189,2023-07-24 10:20:00+05:30,170.25,170.39999389648438,170.0,170.10000610351562,51933,0.0,0.0,2023-07-24
2190,2023-07-24 10:25:00+05:30,170.10000610351562,170.10000610351562,169.85000610351562,169.9499969482422,28306,0.0,0.0,2023-07-24
2191,2023-07-24 10:30:00+05:30,170.0,170.1999969482422,170.0,170.0,14571,0.0,0.0,2023-07-24
2192,2023-07-24 10:35:00+05:30,169.9499969482422,170.0500030517578,169.6999969482422,169.75,26177,0.0,0.0,2023-07-24
2193,2023-07-24 10:40:00+05:30,169.8000030517578,170.0,169.6999969482422,170.0,67409,0.0,0.0,2023-07-24
2194,2023-07-24 10:45:00+05:30,169.89999389648438,170.14999389648438,169.75,170.0500030517578,27283,0.0,0.0,2023-07-24
2195,2023-07-24 10:50:00+05:30,170.10000610351562,170.39999389648438,170.10000610351562,170.35000610351562,28768,0.0,0.0,2023-07-24
2196,2023-07-24 10:55:00+05:30,170.3000030517578,170.35000610351562,169.85000610351562,170.0,29522,0.0,0.0,2023-07-24
2197,2023-07-24 11:00:00+05:30,170.0,170.0,169.85000610351562,169.85000610351562,6415,0.0,0.0,2023-07-24
2198,2023-07-24 11:05:00+05:30,169.9499969482422,170.0,169.8000030517578,169.85000610351562,15985,0.0,0.0,2023-07-24
2199,2023-07-24 11:10:00+05:30,169.85000610351562,170.35000610351562,169.85000610351562,170.3000030517578,47956,0.0,0.0,2023-07-24
2200,2023-07-24 11:15:00+05:30,170.5,171.25,170.5,171.14999389648438,101004,0.0,0.0,2023-07-24
2201,2023-07-24 11:20:00+05:30,171.14999389648438,171.8000030517578,171.14999389648438,171.5,132936,0.0,0.0,2023-07-24
2202,2023-07-24 11:25:00+05:30,171.5,171.60000610351562,171.0500030517578,171.1999969482422,42629,0.0,0.0,2023-07-24
2203,2023-07-24 11:30:00+05:30,171.14999389648438,171.14999389648438,170.60000610351562,170.89999389648438,41535,0.0,0.0,2023-07-24
2204,2023-07-24 11:35:00+05:30,170.85000610351562,171.10000610351562,170.8000030517578,170.85000610351562,36661,0.0,0.0,2023-07-24
2205,2023-07-24 11:40:00+05:30,170.89999389648438,170.9499969482422,170.4499969482422,170.6999969482422,71131,0.0,0.0,2023-07-24
2206,2023-07-24 11:45:00+05:30,170.60000610351562,170.9499969482422,170.39999389648438,170.5500030517578,62280,0.0,0.0,2023-07-24
2207,2023-07-24 11:50:00+05:30,170.5,170.5500030517578,170.1999969482422,170.1999969482422,50732,0.0,0.0,2023-07-24
2208,2023-07-24 11:55:00+05:30,170.3000030517578,170.3000030517578,169.5500030517578,169.64999389648438,73807,0.0,0.0,2023-07-24
2209,2023-07-24 12:00:00+05:30,169.64999389648438,170.1999969482422,169.3000030517578,170.1999969482422,93195,0.0,0.0,2023-07-24
2210,2023-07-24 12:05:00+05:30,170.14999389648438,170.14999389648438,169.85000610351562,169.85000610351562,12594,0.0,0.0,2023-07-24
2211,2023-07-24 12:10:00+05:30,169.8000030517578,169.9499969482422,169.8000030517578,169.89999389648438,10760,0.0,0.0,2023-07-24
2212,2023-07-24 12:15:00+05:30,170.0,170.14999389648438,169.85000610351562,169.9499969482422,25479,0.0,0.0,2023-07-24
2213,2023-07-24 12:20:00+05:30,169.85000610351562,170.1999969482422,169.85000610351562,170.10000610351562,12233,0.0,0.0,2023-07-24
2214,2023-07-24 12:25:00+05:30,170.14999389648438,170.25,169.9499969482422,170.0500030517578,21133,0.0,0.0,2023-07-24
2215,2023-07-24 12:30:00+05:30,170.0500030517578,170.39999389648438,170.0,170.35000610351562,19698,0.0,0.0,2023-07-24
2216,2023-07-24 12:35:00+05:30,170.35000610351562,170.39999389648438,170.10000610351562,170.39999389648438,12930,0.0,0.0,2023-07-24
2217,2023-07-24 12:40:00+05:30,170.35000610351562,170.5,170.3000030517578,170.4499969482422,28162,0.0,0.0,2023-07-24
2218,2023-07-24 12:45:00+05:30,170.4499969482422,170.64999389648438,170.39999389648438,170.4499969482422,22798,0.0,0.0,2023-07-24
2219,2023-07-24 12:50:00+05:30,170.39999389648438,170.85000610351562,170.39999389648438,170.85000610351562,34659,0.0,0.0,2023-07-24
2220,2023-07-24 12:55:00+05:30,170.89999389648438,170.89999389648438,170.5500030517578,170.5500030517578,21077,0.0,0.0,2023-07-24
2221,2023-07-24 13:00:00+05:30,170.5,170.75,170.5,170.75,37179,0.0,0.0,2023-07-24
2222,2023-07-24 13:05:00+05:30,170.75,170.75,170.35000610351562,170.5,15337,0.0,0.0,2023-07-24
2223,2023-07-24 13:10:00+05:30,170.4499969482422,170.6999969482422,170.39999389648438,170.64999389648438,16119,0.0,0.0,2023-07-24
2224,2023-07-24 13:15:00+05:30,170.5500030517578,170.64999389648438,170.4499969482422,170.5500030517578,12517,0.0,0.0,2023-07-24
2225,2023-07-24 13:20:00+05:30,170.5500030517578,171.10000610351562,170.39999389648438,171.0,92364,0.0,0.0,2023-07-24
2226,2023-07-24 13:25:00+05:30,171.0500030517578,171.10000610351562,170.8000030517578,170.8000030517578,29384,0.0,0.0,2023-07-24
2227,2023-07-24 13:30:00+05:30,170.85000610351562,170.85000610351562,170.5500030517578,170.64999389648438,18333,0.0,0.0,2023-07-24
2228,2023-07-24 13:35:00+05:30,170.6999969482422,170.6999969482422,170.10000610351562,170.35000610351562,63646,0.0,0.0,2023-07-24
2229,2023-07-24 13:40:00+05:30,170.25,170.5,170.10000610351562,170.3000030517578,45510,0.0,0.0,2023-07-24
2230,2023-07-24 13:45:00+05:30,170.3000030517578,170.39999389648438,170.1999969482422,170.35000610351562,17537,0.0,0.0,2023-07-24
2231,2023-07-24 13:50:00+05:30,170.3000030517578,170.64999389648438,170.25,170.5500030517578,47810,0.0,0.0,2023-07-24
2232,2023-07-24 13:55:00+05:30,170.5500030517578,170.5500030517578,170.25,170.3000030517578,25057,0.0,0.0,2023-07-24
2233,2023-07-24 14:00:00+05:30,170.3000030517578,170.6999969482422,170.3000030517578,170.5,22034,0.0,0.0,2023-07-24
2234,2023-07-24 14:05:00+05:30,170.5,170.60000610351562,170.25,170.35000610351562,13391,0.0,0.0,2023-07-24
2235,2023-07-24 14:10:00+05:30,170.25,170.8000030517578,170.1999969482422,170.6999969482422,29775,0.0,0.0,2023-07-24
2236,2023-07-24 14:15:00+05:30,170.64999389648438,170.75,170.39999389648438,170.75,17827,0.0,0.0,2023-07-24
2237,2023-07-24 14:20:00+05:30,170.64999389648438,170.75,170.5,170.60000610351562,41231,0.0,0.0,2023-07-24
2238,2023-07-24 14:25:00+05:30,170.60000610351562,170.60000610351562,169.85000610351562,170.14999389648438,58324,0.0,0.0,2023-07-24
2239,2023-07-24 14:30:00+05:30,170.0,170.25,169.9499969482422,170.14999389648438,64143,0.0,0.0,2023-07-24
2240,2023-07-24 14:35:00+05:30,169.9499969482422,170.3000030517578,169.9499969482422,170.0500030517578,31523,0.0,0.0,2023-07-24
2241,2023-07-24 14:40:00+05:30,170.0500030517578,170.14999389648438,169.75,169.9499969482422,36802,0.0,0.0,2023-07-24
2242,2023-07-24 14:45:00+05:30,169.89999389648438,170.39999389648438,169.60000610351562,169.9499969482422,71674,0.0,0.0,2023-07-24
2243,2023-07-24 14:50:00+05:30,169.89999389648438,170.4499969482422,169.85000610351562,170.4499969482422,56362,0.0,0.0,2023-07-24
2244,2023-07-24 14:55:00+05:30,170.3000030517578,170.5,170.0500030517578,170.1999969482422,48413,0.0,0.0,2023-07-24
2245,2023-07-24 15:00:00+05:30,170.25,170.25,169.64999389648438,169.75,86858,0.0,0.0,2023-07-24
2246,2023-07-24 15:05:00+05:30,169.6999969482422,169.85000610351562,169.5,169.85000610351562,85935,0.0,0.0,2023-07-24
2247,2023-07-24 15:10:00+05:30,169.89999389648438,170.0,169.4499969482422,169.5,98956,0.0,0.0,2023-07-24
2248,2023-07-24 15:15:00+05:30,169.5500030517578,169.60000610351562,169.10000610351562,169.14999389648438,92699,0.0,0.0,2023-07-24
2249,2023-07-24 15:20:00+05:30,169.10000610351562,169.35000610351562,169.0500030517578,169.14999389648438,115182,0.0,0.0,2023-07-24
2250,2023-07-24 15:25:00+05:30,169.10000610351562,169.35000610351562,168.75,169.1999969482422,100200,0.0,0.0,2023-07-24
2251,2023-07-25 09:15:00+05:30,171.0,172.6999969482422,171.0,172.14999389648438,0,0.0,0.0,2023-07-25
2252,2023-07-25 09:20:00+05:30,172.35000610351562,174.1999969482422,172.1999969482422,173.5500030517578,937714,0.0,0.0,2023-07-25
2253,2023-07-25 09:25:00+05:30,173.3000030517578,173.4499969482422,172.5500030517578,172.5500030517578,373484,0.0,0.0,2023-07-25
2254,2023-07-25 09:30:00+05:30,172.5500030517578,172.89999389648438,172.1999969482422,172.8000030517578,201954,0.0,0.0,2023-07-25
2255,2023-07-25 09:35:00+05:30,172.85000610351562,173.10000610351562,172.75,172.9499969482422,165747,0.0,0.0,2023-07-25
2256,2023-07-25 09:40:00+05:30,172.85000610351562,173.0,172.35000610351562,172.35000610351562,100704,0.0,0.0,2023-07-25
2257,2023-07-25 09:45:00+05:30,172.35000610351562,172.39999389648438,171.5500030517578,171.75,262697,0.0,0.0,2023-07-25
2258,2023-07-25 09:50:00+05:30,171.75,171.75,171.0,171.4499969482422,204971,0.0,0.0,2023-07-25
2259,2023-07-25 09:55:00+05:30,171.5500030517578,171.6999969482422,171.14999389648438,171.6999969482422,59376,0.0,0.0,2023-07-25
2260,2023-07-25 10:00:00+05:30,171.75,172.10000610351562,171.64999389648438,171.9499969482422,68292,0.0,0.0,2023-07-25
2261,2023-07-25 10:05:00+05:30,171.9499969482422,172.1999969482422,171.64999389648438,171.6999969482422,47669,0.0,0.0,2023-07-25
2262,2023-07-25 10:10:00+05:30,171.6999969482422,172.14999389648438,171.6999969482422,171.75,37902,0.0,0.0,2023-07-25
2263,2023-07-25 10:15:00+05:30,171.85000610351562,171.85000610351562,171.5500030517578,171.60000610351562,23058,0.0,0.0,2023-07-25
2264,2023-07-25 10:20:00+05:30,171.60000610351562,171.6999969482422,171.3000030517578,171.5500030517578,59399,0.0,0.0,2023-07-25
2265,2023-07-25 10:25:00+05:30,171.5500030517578,172.0,171.5500030517578,171.6999969482422,46160,0.0,0.0,2023-07-25
2266,2023-07-25 10:30:00+05:30,171.6999969482422,171.8000030517578,171.5500030517578,171.60000610351562,34805,0.0,0.0,2023-07-25
2267,2023-07-25 10:35:00+05:30,171.75,172.1999969482422,171.75,172.10000610351562,54488,0.0,0.0,2023-07-25
2268,2023-07-25 10:40:00+05:30,172.10000610351562,172.4499969482422,172.0,172.0,71892,0.0,0.0,2023-07-25
2269,2023-07-25 10:45:00+05:30,172.14999389648438,172.39999389648438,171.85000610351562,172.39999389648438,110121,0.0,0.0,2023-07-25
2270,2023-07-25 10:50:00+05:30,172.4499969482422,172.85000610351562,172.4499969482422,172.64999389648438,61943,0.0,0.0,2023-07-25
2271,2023-07-25 10:55:00+05:30,172.64999389648438,172.75,172.4499969482422,172.64999389648438,44156,0.0,0.0,2023-07-25
2272,2023-07-25 11:00:00+05:30,172.64999389648438,172.75,172.4499969482422,172.5500030517578,68870,0.0,0.0,2023-07-25
2273,2023-07-25 11:05:00+05:30,172.5500030517578,172.5500030517578,172.25,172.4499969482422,17626,0.0,0.0,2023-07-25
2274,2023-07-25 11:10:00+05:30,172.60000610351562,173.10000610351562,172.35000610351562,172.85000610351562,174953,0.0,0.0,2023-07-25
2275,2023-07-25 11:15:00+05:30,172.75,173.0500030517578,172.35000610351562,172.4499969482422,93365,0.0,0.0,2023-07-25
2276,2023-07-25 11:20:00+05:30,172.35000610351562,172.60000610351562,171.85000610351562,172.5,63085,0.0,0.0,2023-07-25
2277,2023-07-25 11:25:00+05:30,172.60000610351562,172.60000610351562,172.1999969482422,172.39999389648438,25344,0.0,0.0,2023-07-25
2278,2023-07-25 11:30:00+05:30,172.4499969482422,172.60000610351562,172.25,172.5,27139,0.0,0.0,2023-07-25
2279,2023-07-25 11:35:00+05:30,172.60000610351562,172.64999389648438,172.25,172.3000030517578,79246,0.0,0.0,2023-07-25
2280,2023-07-25 11:40:00+05:30,172.25,172.39999389648438,172.0500030517578,172.0500030517578,34588,0.0,0.0,2023-07-25
2281,2023-07-25 11:45:00+05:30,172.0,172.10000610351562,171.8000030517578,172.10000610351562,23070,0.0,0.0,2023-07-25
2282,2023-07-25 11:50:00+05:30,172.0500030517578,172.1999969482422,171.85000610351562,171.9499969482422,50635,0.0,0.0,2023-07-25
2283,2023-07-25 11:55:00+05:30,171.85000610351562,172.10000610351562,171.85000610351562,172.0,11017,0.0,0.0,2023-07-25
2284,2023-07-25 12:00:00+05:30,172.0,172.0,171.5500030517578,171.64999389648438,32656,0.0,0.0,2023-07-25
2285,2023-07-25 12:05:00+05:30,171.5,171.8000030517578,171.4499969482422,171.8000030517578,26306,0.0,0.0,2023-07-25
2286,2023-07-25 12:10:00+05:30,172.0,172.1999969482422,172.0,172.1999969482422,62549,0.0,0.0,2023-07-25
2287,2023-07-25 12:15:00+05:30,172.25,172.3000030517578,172.10000610351562,172.1999969482422,12651,0.0,0.0,2023-07-25
2288,2023-07-25 12:20:00+05:30,172.25,172.25,171.89999389648438,172.0500030517578,23645,0.0,0.0,2023-07-25
2289,2023-07-25 12:25:00+05:30,172.0500030517578,172.0500030517578,171.64999389648438,171.6999969482422,28786,0.0,0.0,2023-07-25
2290,2023-07-25 12:30:00+05:30,171.89999389648438,172.0,171.75,171.85000610351562,12323,0.0,0.0,2023-07-25
2291,2023-07-25 12:35:00+05:30,171.85000610351562,172.0500030517578,171.64999389648438,171.85000610351562,14316,0.0,0.0,2023-07-25
2292,2023-07-25 12:40:00+05:30,171.75,171.85000610351562,171.5,171.64999389648438,24510,0.0,0.0,2023-07-25
2293,2023-07-25 12:45:00+05:30,171.60000610351562,171.85000610351562,171.5500030517578,171.64999389648438,19133,0.0,0.0,2023-07-25
2294,2023-07-25 12:50:00+05:30,171.64999389648438,171.8000030517578,171.5,171.6999969482422,8542,0.0,0.0,2023-07-25
2295,2023-07-25 12:55:00+05:30,171.8000030517578,171.8000030517578,171.5500030517578,171.64999389648438,26145,0.0,0.0,2023-07-25
2296,2023-07-25 13:00:00+05:30,171.60000610351562,171.89999389648438,171.4499969482422,171.8000030517578,39955,0.0,0.0,2023-07-25
2297,2023-07-25 13:05:00+05:30,171.8000030517578,171.8000030517578,171.64999389648438,171.6999969482422,7921,0.0,0.0,2023-07-25
2298,2023-07-25 13:10:00+05:30,171.64999389648438,171.6999969482422,171.39999389648438,171.5,21071,0.0,0.0,2023-07-25
2299,2023-07-25 13:15:00+05:30,171.39999389648438,171.4499969482422,171.25,171.3000030517578,19704,0.0,0.0,2023-07-25
2300,2023-07-25 13:20:00+05:30,171.3000030517578,171.35000610351562,170.6999969482422,170.6999969482422,72208,0.0,0.0,2023-07-25
2301,2023-07-25 13:25:00+05:30,170.6999969482422,170.85000610351562,170.35000610351562,170.39999389648438,95702,0.0,0.0,2023-07-25
2302,2023-07-25 13:30:00+05:30,170.35000610351562,170.5,170.25,170.3000030517578,37415,0.0,0.0,2023-07-25
2303,2023-07-25 13:35:00+05:30,170.25,170.75,170.25,170.75,43551,0.0,0.0,2023-07-25
2304,2023-07-25 13:40:00+05:30,170.64999389648438,170.75,170.10000610351562,170.5500030517578,84695,0.0,0.0,2023-07-25
2305,2023-07-25 13:45:00+05:30,170.5,170.60000610351562,170.25,170.3000030517578,35319,0.0,0.0,2023-07-25
2306,2023-07-25 13:50:00+05:30,170.39999389648438,170.5,170.1999969482422,170.25,23663,0.0,0.0,2023-07-25
2307,2023-07-25 13:55:00+05:30,170.3000030517578,170.39999389648438,170.10000610351562,170.10000610351562,56216,0.0,0.0,2023-07-25
2308,2023-07-25 14:00:00+05:30,170.1999969482422,170.1999969482422,170.0,170.0,75555,0.0,0.0,2023-07-25
2309,2023-07-25 14:05:00+05:30,170.10000610351562,170.5500030517578,170.0,170.5500030517578,69824,0.0,0.0,2023-07-25
2310,2023-07-25 14:10:00+05:30,170.5,170.64999389648438,170.4499969482422,170.64999389648438,23972,0.0,0.0,2023-07-25
2311,2023-07-25 14:15:00+05:30,170.5500030517578,170.8000030517578,170.5500030517578,170.6999969482422,12503,0.0,0.0,2023-07-25
2312,2023-07-25 14:20:00+05:30,170.6999969482422,170.8000030517578,170.64999389648438,170.75,14151,0.0,0.0,2023-07-25
2313,2023-07-25 14:25:00+05:30,170.64999389648438,170.8000030517578,170.5,170.5500030517578,37973,0.0,0.0,2023-07-25
2314,2023-07-25 14:30:00+05:30,170.5,170.6999969482422,170.1999969482422,170.5,63632,0.0,0.0,2023-07-25
2315,2023-07-25 14:35:00+05:30,170.5500030517578,170.5500030517578,170.35000610351562,170.4499969482422,6699,0.0,0.0,2023-07-25
2316,2023-07-25 14:40:00+05:30,170.4499969482422,171.0,170.4499969482422,170.89999389648438,34490,0.0,0.0,2023-07-25
2317,2023-07-25 14:45:00+05:30,170.75,171.3000030517578,170.75,171.0,40089,0.0,0.0,2023-07-25
2318,2023-07-25 14:50:00+05:30,171.0,171.1999969482422,170.89999389648438,171.0500030517578,30223,0.0,0.0,2023-07-25
2319,2023-07-25 14:55:00+05:30,171.14999389648438,171.35000610351562,171.10000610351562,171.35000610351562,54865,0.0,0.0,2023-07-25
2320,2023-07-25 15:00:00+05:30,171.5,171.64999389648438,171.39999389648438,171.64999389648438,46162,0.0,0.0,2023-07-25
2321,2023-07-25 15:05:00+05:30,171.64999389648438,171.75,171.39999389648438,171.5500030517578,51102,0.0,0.0,2023-07-25
2322,2023-07-25 15:10:00+05:30,171.75,171.9499969482422,171.64999389648438,171.89999389648438,109871,0.0,0.0,2023-07-25
2323,2023-07-25 15:15:00+05:30,171.85000610351562,172.0500030517578,171.75,171.9499969482422,163676,0.0,0.0,2023-07-25
2324,2023-07-25 15:20:00+05:30,171.9499969482422,172.10000610351562,171.64999389648438,172.0,153145,0.0,0.0,2023-07-25
2325,2023-07-25 15:25:00+05:30,172.0,172.10000610351562,171.39999389648438,171.8000030517578,179780,0.0,0.0,2023-07-25
2326,2023-07-26 09:15:00+05:30,172.85000610351562,173.4499969482422,172.1999969482422,173.35000610351562,0,0.0,0.0,2023-07-26
2327,2023-07-26 09:20:00+05:30,173.35000610351562,174.10000610351562,173.25,173.60000610351562,369564,0.0,0.0,2023-07-26
2328,2023-07-26 09:25:00+05:30,173.60000610351562,173.60000610351562,172.75,173.0,170947,0.0,0.0,2023-07-26
2329,2023-07-26 09:30:00+05:30,173.10000610351562,173.5,172.89999389648438,173.1999969482422,84991,0.0,0.0,2023-07-26
2330,2023-07-26 09:35:00+05:30,173.25,175.4499969482422,173.25,175.3000030517578,854250,0.0,0.0,2023-07-26
2331,2023-07-26 09:40:00+05:30,175.3000030517578,175.39999389648438,173.89999389648438,174.10000610351562,257163,0.0,0.0,2023-07-26
2332,2023-07-26 09:45:00+05:30,174.14999389648438,174.39999389648438,174.0500030517578,174.35000610351562,108028,0.0,0.0,2023-07-26
2333,2023-07-26 09:50:00+05:30,174.35000610351562,175.8000030517578,174.25,175.64999389648438,761535,0.0,0.0,2023-07-26
2334,2023-07-26 09:55:00+05:30,175.64999389648438,176.64999389648438,175.5,176.4499969482422,733131,0.0,0.0,2023-07-26
2335,2023-07-26 10:00:00+05:30,176.5,177.10000610351562,176.0,177.0,649160,0.0,0.0,2023-07-26
2336,2023-07-26 10:05:00+05:30,177.0500030517578,177.14999389648438,176.0500030517578,176.75,484942,0.0,0.0,2023-07-26
2337,2023-07-26 10:10:00+05:30,176.75,176.9499969482422,176.5,176.5500030517578,257089,0.0,0.0,2023-07-26
2338,2023-07-26 10:15:00+05:30,176.8000030517578,177.60000610351562,176.8000030517578,177.60000610351562,479579,0.0,0.0,2023-07-26
2339,2023-07-26 10:20:00+05:30,177.60000610351562,177.60000610351562,177.0,177.0,179488,0.0,0.0,2023-07-26
2340,2023-07-26 10:25:00+05:30,177.0,177.39999389648438,176.75,177.25,279819,0.0,0.0,2023-07-26
2341,2023-07-26 10:30:00+05:30,177.39999389648438,177.39999389648438,176.25,176.4499969482422,247298,0.0,0.0,2023-07-26
2342,2023-07-26 10:35:00+05:30,176.5,177.8000030517578,176.3000030517578,177.5500030517578,525894,0.0,0.0,2023-07-26
2343,2023-07-26 10:40:00+05:30,177.5,177.75,177.39999389648438,177.39999389648438,191653,0.0,0.0,2023-07-26
2344,2023-07-26 10:45:00+05:30,177.5500030517578,177.6999969482422,177.3000030517578,177.39999389648438,151924,0.0,0.0,2023-07-26
2345,2023-07-26 10:50:00+05:30,177.5,177.89999389648438,177.35000610351562,177.39999389648438,230784,0.0,0.0,2023-07-26
2346,2023-07-26 10:55:00+05:30,177.5,177.8000030517578,177.39999389648438,177.8000030517578,154408,0.0,0.0,2023-07-26
2347,2023-07-26 11:00:00+05:30,177.8000030517578,178.8000030517578,177.8000030517578,178.3000030517578,739829,0.0,0.0,2023-07-26
2348,2023-07-26 11:05:00+05:30,178.4499969482422,178.75,178.25,178.5500030517578,391204,0.0,0.0,2023-07-26
2349,2023-07-26 11:10:00+05:30,178.4499969482422,178.64999389648438,177.8000030517578,178.0500030517578,311946,0.0,0.0,2023-07-26
2350,2023-07-26 11:15:00+05:30,178.0500030517578,178.3000030517578,177.85000610351562,177.89999389648438,190900,0.0,0.0,2023-07-26
2351,2023-07-26 11:20:00+05:30,177.89999389648438,178.3000030517578,177.85000610351562,178.1999969482422,156292,0.0,0.0,2023-07-26
2352,2023-07-26 11:25:00+05:30,178.10000610351562,178.25,177.89999389648438,178.0,71405,0.0,0.0,2023-07-26
2353,2023-07-26 11:30:00+05:30,178.0500030517578,178.25,177.89999389648438,178.0500030517578,83704,0.0,0.0,2023-07-26
2354,2023-07-26 11:35:00+05:30,178.0,178.3000030517578,177.89999389648438,178.14999389648438,180064,0.0,0.0,2023-07-26
2355,2023-07-26 11:40:00+05:30,178.14999389648438,178.1999969482422,178.0,178.0500030517578,48748,0.0,0.0,2023-07-26
2356,2023-07-26 11:45:00+05:30,178.0500030517578,178.1999969482422,177.85000610351562,178.10000610351562,151952,0.0,0.0,2023-07-26
2357,2023-07-26 11:50:00+05:30,178.0500030517578,178.5,178.0,178.10000610351562,142360,0.0,0.0,2023-07-26
2358,2023-07-26 11:55:00+05:30,178.14999389648438,178.3000030517578,177.9499969482422,178.1999969482422,127055,0.0,0.0,2023-07-26
2359,2023-07-26 12:00:00+05:30,178.14999389648438,178.5500030517578,178.14999389648438,178.39999389648438,133207,0.0,0.0,2023-07-26
2360,2023-07-26 12:05:00+05:30,178.39999389648438,178.60000610351562,178.25,178.39999389648438,78730,0.0,0.0,2023-07-26
2361,2023-07-26 12:10:00+05:30,178.25,178.60000610351562,178.1999969482422,178.35000610351562,85921,0.0,0.0,2023-07-26
2362,2023-07-26 12:15:00+05:30,178.35000610351562,178.60000610351562,178.3000030517578,178.4499969482422,73098,0.0,0.0,2023-07-26
2363,2023-07-26 12:20:00+05:30,178.4499969482422,178.5,178.1999969482422,178.4499969482422,64586,0.0,0.0,2023-07-26
2364,2023-07-26 12:25:00+05:30,178.35000610351562,178.8000030517578,178.35000610351562,178.6999969482422,119807,0.0,0.0,2023-07-26
2365,2023-07-26 12:30:00+05:30,178.60000610351562,178.8000030517578,178.39999389648438,178.4499969482422,217723,0.0,0.0,2023-07-26
2366,2023-07-26 12:35:00+05:30,178.39999389648438,178.5,178.0500030517578,178.35000610351562,185786,0.0,0.0,2023-07-26
2367,2023-07-26 12:40:00+05:30,178.35000610351562,178.5,178.1999969482422,178.39999389648438,88711,0.0,0.0,2023-07-26
2368,2023-07-26 12:45:00+05:30,178.39999389648438,178.60000610351562,178.35000610351562,178.60000610351562,74870,0.0,0.0,2023-07-26
2369,2023-07-26 12:50:00+05:30,178.5,178.60000610351562,178.39999389648438,178.5,68931,0.0,0.0,2023-07-26
2370,2023-07-26 12:55:00+05:30,178.60000610351562,178.75,178.5,178.5,72854,0.0,0.0,2023-07-26
2371,2023-07-26 13:00:00+05:30,178.5,178.64999389648438,178.5,178.5,144212,0.0,0.0,2023-07-26
2372,2023-07-26 13:05:00+05:30,178.5,178.5500030517578,177.6999969482422,178.0,250635,0.0,0.0,2023-07-26
2373,2023-07-26 13:10:00+05:30,178.0,178.39999389648438,177.85000610351562,178.0,152768,0.0,0.0,2023-07-26
2374,2023-07-26 13:15:00+05:30,178.0,178.10000610351562,177.64999389648438,177.75,65652,0.0,0.0,2023-07-26
2375,2023-07-26 13:20:00+05:30,177.75,177.89999389648438,177.5500030517578,177.89999389648438,95281,0.0,0.0,2023-07-26
2376,2023-07-26 13:25:00+05:30,177.8000030517578,179.35000610351562,177.75,179.3000030517578,935097,0.0,0.0,2023-07-26
2377,2023-07-26 13:30:00+05:30,179.3000030517578,180.1999969482422,179.0,179.3000030517578,959747,0.0,0.0,2023-07-26
2378,2023-07-26 13:35:00+05:30,179.3000030517578,179.4499969482422,178.6999969482422,178.89999389648438,185371,0.0,0.0,2023-07-26
2379,2023-07-26 13:40:00+05:30,178.85000610351562,179.1999969482422,178.75,179.10000610351562,111087,0.0,0.0,2023-07-26
2380,2023-07-26 13:45:00+05:30,179.10000610351562,179.14999389648438,178.8000030517578,178.8000030517578,93789,0.0,0.0,2023-07-26
2381,2023-07-26 13:50:00+05:30,178.6999969482422,179.0,178.5500030517578,178.5500030517578,118224,0.0,0.0,2023-07-26
2382,2023-07-26 13:55:00+05:30,178.5500030517578,179.0,178.5500030517578,178.8000030517578,63180,0.0,0.0,2023-07-26
2383,2023-07-26 14:00:00+05:30,178.8000030517578,179.0,178.5500030517578,178.64999389648438,185987,0.0,0.0,2023-07-26
2384,2023-07-26 14:05:00+05:30,178.64999389648438,178.89999389648438,178.60000610351562,178.75,66234,0.0,0.0,2023-07-26
2385,2023-07-26 14:10:00+05:30,178.6999969482422,178.8000030517578,177.64999389648438,177.85000610351562,279206,0.0,0.0,2023-07-26
2386,2023-07-26 14:15:00+05:30,177.75,178.64999389648438,177.60000610351562,178.5,168053,0.0,0.0,2023-07-26
2387,2023-07-26 14:20:00+05:30,178.60000610351562,178.60000610351562,178.3000030517578,178.39999389648438,75074,0.0,0.0,2023-07-26
2388,2023-07-26 14:25:00+05:30,178.39999389648438,178.5,178.3000030517578,178.5,30174,0.0,0.0,2023-07-26
2389,2023-07-26 14:30:00+05:30,178.5500030517578,178.75,178.39999389648438,178.64999389648438,71127,0.0,0.0,2023-07-26
2390,2023-07-26 14:35:00+05:30,178.64999389648438,178.89999389648438,178.5,178.6999969482422,74969,0.0,0.0,2023-07-26
2391,2023-07-26 14:40:00+05:30,178.75,179.1999969482422,178.60000610351562,179.0,179444,0.0,0.0,2023-07-26
2392,2023-07-26 14:45:00+05:30,178.9499969482422,179.39999389648438,178.89999389648438,179.10000610351562,172355,0.0,0.0,2023-07-26
2393,2023-07-26 14:50:00+05:30,179.0,179.0,178.60000610351562,178.89999389648438,148835,0.0,0.0,2023-07-26
2394,2023-07-26 14:55:00+05:30,178.89999389648438,178.89999389648438,178.35000610351562,178.35000610351562,150842,0.0,0.0,2023-07-26
2395,2023-07-26 15:00:00+05:30,178.5,178.8000030517578,178.10000610351562,178.8000030517578,277969,0.0,0.0,2023-07-26
2396,2023-07-26 15:05:00+05:30,178.75,179.64999389648438,178.75,179.5500030517578,227769,0.0,0.0,2023-07-26
2397,2023-07-26 15:10:00+05:30,179.5,180.4499969482422,179.14999389648438,180.25,567662,0.0,0.0,2023-07-26
2398,2023-07-26 15:15:00+05:30,180.35000610351562,181.35000610351562,180.1999969482422,180.6999969482422,873249,0.0,0.0,2023-07-26
2399,2023-07-26 15:20:00+05:30,180.6999969482422,183.0,180.64999389648438,182.1999969482422,962265,0.0,0.0,2023-07-26
2400,2023-07-26 15:25:00+05:30,182.1999969482422,182.1999969482422,180.64999389648438,180.6999969482422,523616,0.0,0.0,2023-07-26
2401,2023-07-27 09:15:00+05:30,182.10000610351562,182.10000610351562,179.0,179.5,0,0.0,0.0,2023-07-27
2402,2023-07-27 09:20:00+05:30,179.60000610351562,180.25,179.35000610351562,179.35000610351562,259047,0.0,0.0,2023-07-27
2403,2023-07-27 09:25:00+05:30,179.35000610351562,180.0,178.89999389648438,179.10000610351562,276529,0.0,0.0,2023-07-27
2404,2023-07-27 09:30:00+05:30,179.10000610351562,179.3000030517578,178.5,179.3000030517578,197517,0.0,0.0,2023-07-27
2405,2023-07-27 09:35:00+05:30,179.60000610351562,180.10000610351562,179.3000030517578,179.35000610351562,444459,0.0,0.0,2023-07-27
2406,2023-07-27 09:40:00+05:30,179.3000030517578,179.3000030517578,178.64999389648438,179.0,154422,0.0,0.0,2023-07-27
2407,2023-07-27 09:45:00+05:30,178.85000610351562,179.25,178.8000030517578,179.1999969482422,79605,0.0,0.0,2023-07-27
2408,2023-07-27 09:50:00+05:30,179.1999969482422,179.25,178.8000030517578,178.9499969482422,177903,0.0,0.0,2023-07-27
2409,2023-07-27 09:55:00+05:30,178.8000030517578,178.9499969482422,176.64999389648438,177.10000610351562,460347,0.0,0.0,2023-07-27
2410,2023-07-27 10:00:00+05:30,177.1999969482422,177.64999389648438,176.8000030517578,177.3000030517578,256815,0.0,0.0,2023-07-27
2411,2023-07-27 10:05:00+05:30,177.1999969482422,177.5500030517578,177.0,177.4499969482422,157722,0.0,0.0,2023-07-27
2412,2023-07-27 10:10:00+05:30,177.5,178.10000610351562,177.0500030517578,178.0500030517578,192970,0.0,0.0,2023-07-27
2413,2023-07-27 10:15:00+05:30,177.9499969482422,178.0,177.0500030517578,177.10000610351562,157795,0.0,0.0,2023-07-27
2414,2023-07-27 10:20:00+05:30,177.0500030517578,177.35000610351562,177.0,177.10000610351562,89509,0.0,0.0,2023-07-27
2415,2023-07-27 10:25:00+05:30,177.14999389648438,177.75,177.0500030517578,177.6999969482422,118273,0.0,0.0,2023-07-27
2416,2023-07-27 10:30:00+05:30,177.6999969482422,178.75,177.60000610351562,178.5,208837,0.0,0.0,2023-07-27
2417,2023-07-27 10:35:00+05:30,178.5,178.5,177.9499969482422,178.0500030517578,39274,0.0,0.0,2023-07-27
2418,2023-07-27 10:40:00+05:30,178.3000030517578,178.3000030517578,177.8000030517578,177.9499969482422,46739,0.0,0.0,2023-07-27
2419,2023-07-27 10:45:00+05:30,177.9499969482422,179.10000610351562,177.8000030517578,178.5,238542,0.0,0.0,2023-07-27
2420,2023-07-27 10:50:00+05:30,178.4499969482422,179.10000610351562,178.25,179.0500030517578,114418,0.0,0.0,2023-07-27
2421,2023-07-27 10:55:00+05:30,179.0,179.60000610351562,179.0,179.5,141671,0.0,0.0,2023-07-27
2422,2023-07-27 11:00:00+05:30,179.4499969482422,179.89999389648438,179.25,179.89999389648438,103915,0.0,0.0,2023-07-27
2423,2023-07-27 11:05:00+05:30,179.8000030517578,179.8000030517578,179.4499969482422,179.5,40321,0.0,0.0,2023-07-27
2424,2023-07-27 11:10:00+05:30,179.39999389648438,179.5,179.10000610351562,179.39999389648438,55471,0.0,0.0,2023-07-27
2425,2023-07-27 11:15:00+05:30,179.39999389648438,179.8000030517578,179.0500030517578,179.64999389648438,97331,0.0,0.0,2023-07-27
2426,2023-07-27 11:20:00+05:30,179.64999389648438,179.89999389648438,179.25,179.60000610351562,78246,0.0,0.0,2023-07-27
2427,2023-07-27 11:25:00+05:30,179.64999389648438,179.64999389648438,179.1999969482422,179.39999389648438,47381,0.0,0.0,2023-07-27
2428,2023-07-27 11:30:00+05:30,179.3000030517578,179.5,179.14999389648438,179.35000610351562,28982,0.0,0.0,2023-07-27
2429,2023-07-27 11:35:00+05:30,179.4499969482422,179.6999969482422,179.10000610351562,179.64999389648438,34438,0.0,0.0,2023-07-27
2430,2023-07-27 11:40:00+05:30,179.64999389648438,179.8000030517578,179.5,179.5500030517578,38538,0.0,0.0,2023-07-27
2431,2023-07-27 11:45:00+05:30,179.5500030517578,179.6999969482422,179.4499969482422,179.5500030517578,23288,0.0,0.0,2023-07-27
2432,2023-07-27 11:50:00+05:30,179.3000030517578,179.5,179.10000610351562,179.14999389648438,24595,0.0,0.0,2023-07-27
2433,2023-07-27 11:55:00+05:30,179.14999389648438,179.14999389648438,178.5500030517578,178.75,44597,0.0,0.0,2023-07-27
2434,2023-07-27 12:00:00+05:30,178.6999969482422,178.9499969482422,178.64999389648438,178.75,25355,0.0,0.0,2023-07-27
2435,2023-07-27 12:05:00+05:30,178.75,178.9499969482422,178.5,178.9499969482422,30981,0.0,0.0,2023-07-27
2436,2023-07-27 12:10:00+05:30,178.85000610351562,178.89999389648438,178.5500030517578,178.6999969482422,19189,0.0,0.0,2023-07-27
2437,2023-07-27 12:15:00+05:30,178.60000610351562,178.89999389648438,178.5500030517578,178.60000610351562,29953,0.0,0.0,2023-07-27
2438,2023-07-27 12:20:00+05:30,178.60000610351562,178.75,178.14999389648438,178.5,44383,0.0,0.0,2023-07-27
2439,2023-07-27 12:25:00+05:30,178.39999389648438,178.60000610351562,178.25,178.5,18950,0.0,0.0,2023-07-27
2440,2023-07-27 12:30:00+05:30,178.39999389648438,178.75,178.25,178.25,47001,0.0,0.0,2023-07-27
2441,2023-07-27 12:35:00+05:30,178.1999969482422,178.5,178.1999969482422,178.3000030517578,8734,0.0,0.0,2023-07-27
2442,2023-07-27 12:40:00+05:30,178.25,178.60000610351562,178.25,178.39999389648438,16941,0.0,0.0,2023-07-27
2443,2023-07-27 12:45:00+05:30,178.3000030517578,178.60000610351562,178.10000610351562,178.35000610351562,11948,0.0,0.0,2023-07-27
2444,2023-07-27 12:50:00+05:30,178.5,178.64999389648438,178.10000610351562,178.3000030517578,84667,0.0,0.0,2023-07-27
2445,2023-07-27 12:55:00+05:30,178.3000030517578,178.3000030517578,178.10000610351562,178.10000610351562,35401,0.0,0.0,2023-07-27
2446,2023-07-27 13:00:00+05:30,178.14999389648438,178.14999389648438,177.5500030517578,177.60000610351562,190175,0.0,0.0,2023-07-27
2447,2023-07-27 13:05:00+05:30,177.60000610351562,178.10000610351562,177.60000610351562,178.10000610351562,30497,0.0,0.0,2023-07-27
2448,2023-07-27 13:10:00+05:30,178.14999389648438,178.1999969482422,178.0,178.0500030517578,15046,0.0,0.0,2023-07-27
2449,2023-07-27 13:15:00+05:30,178.10000610351562,178.14999389648438,177.8000030517578,177.89999389648438,14692,0.0,0.0,2023-07-27
2450,2023-07-27 13:20:00+05:30,177.85000610351562,178.4499969482422,177.85000610351562,178.10000610351562,32036,0.0,0.0,2023-07-27
2451,2023-07-27 13:25:00+05:30,178.0,178.35000610351562,178.0,178.1999969482422,23067,0.0,0.0,2023-07-27
2452,2023-07-27 13:30:00+05:30,178.14999389648438,178.1999969482422,177.85000610351562,178.0,26761,0.0,0.0,2023-07-27
2453,2023-07-27 13:35:00+05:30,177.89999389648438,178.0,177.8000030517578,177.89999389648438,13633,0.0,0.0,2023-07-27
2454,2023-07-27 13:40:00+05:30,177.89999389648438,178.0,177.8000030517578,178.0,13669,0.0,0.0,2023-07-27
2455,2023-07-27 13:45:00+05:30,178.0,178.39999389648438,177.9499969482422,178.14999389648438,25041,0.0,0.0,2023-07-27
2456,2023-07-27 13:50:00+05:30,178.0500030517578,178.14999389648438,177.9499969482422,178.14999389648438,15194,0.0,0.0,2023-07-27
2457,2023-07-27 13:55:00+05:30,178.14999389648438,178.6999969482422,178.10000610351562,178.6999969482422,36898,0.0,0.0,2023-07-27
2458,2023-07-27 14:00:00+05:30,178.60000610351562,178.6999969482422,178.0,178.25,28403,0.0,0.0,2023-07-27
2459,2023-07-27 14:05:00+05:30,178.14999389648438,178.25,177.5500030517578,177.89999389648438,102899,0.0,0.0,2023-07-27
2460,2023-07-27 14:10:00+05:30,177.9499969482422,178.1999969482422,177.89999389648438,178.10000610351562,28950,0.0,0.0,2023-07-27
2461,2023-07-27 14:15:00+05:30,178.14999389648438,178.3000030517578,178.0,178.0500030517578,27779,0.0,0.0,2023-07-27
2462,2023-07-27 14:20:00+05:30,178.10000610351562,178.10000610351562,177.5500030517578,177.89999389648438,51916,0.0,0.0,2023-07-27
2463,2023-07-27 14:25:00+05:30,177.8000030517578,178.14999389648438,177.6999969482422,177.8000030517578,37126,0.0,0.0,2023-07-27
2464,2023-07-27 14:30:00+05:30,177.85000610351562,177.85000610351562,177.5,177.5500030517578,46650,0.0,0.0,2023-07-27
2465,2023-07-27 14:35:00+05:30,177.64999389648438,177.64999389648438,177.14999389648438,177.3000030517578,62269,0.0,0.0,2023-07-27
2466,2023-07-27 14:40:00+05:30,177.3000030517578,177.5500030517578,177.10000610351562,177.1999969482422,64655,0.0,0.0,2023-07-27
2467,2023-07-27 14:45:00+05:30,177.25,177.60000610351562,177.1999969482422,177.5,57823,0.0,0.0,2023-07-27
2468,2023-07-27 14:50:00+05:30,177.4499969482422,177.5,177.10000610351562,177.14999389648438,33221,0.0,0.0,2023-07-27
2469,2023-07-27 14:55:00+05:30,177.14999389648438,177.3000030517578,177.0,177.10000610351562,73837,0.0,0.0,2023-07-27
2470,2023-07-27 15:00:00+05:30,177.0500030517578,177.10000610351562,176.5,177.0,163339,0.0,0.0,2023-07-27
2471,2023-07-27 15:05:00+05:30,177.0,177.0,175.1999969482422,175.75,508391,0.0,0.0,2023-07-27
2472,2023-07-27 15:10:00+05:30,175.8000030517578,175.9499969482422,175.4499969482422,175.64999389648438,227208,0.0,0.0,2023-07-27
2473,2023-07-27 15:15:00+05:30,175.60000610351562,176.10000610351562,175.5500030517578,176.0,234242,0.0,0.0,2023-07-27
2474,2023-07-27 15:20:00+05:30,175.8000030517578,176.39999389648438,175.6999969482422,176.0500030517578,252088,0.0,0.0,2023-07-27
2475,2023-07-27 15:25:00+05:30,176.0,176.75,176.0,176.0,135854,0.0,0.0,2023-07-27
2476,2023-07-28 09:15:00+05:30,178.14999389648438,178.25,176.10000610351562,176.39999389648438,0,0.0,0.0,2023-07-28
2477,2023-07-28 09:20:00+05:30,176.1999969482422,176.8000030517578,175.25,176.6999969482422,769907,0.0,0.0,2023-07-28
2478,2023-07-28 09:25:00+05:30,176.75,177.10000610351562,175.64999389648438,176.0,428983,0.0,0.0,2023-07-28
2479,2023-07-28 09:30:00+05:30,176.10000610351562,176.25,173.64999389648438,173.64999389648438,686770,0.0,0.0,2023-07-28
2480,2023-07-28 09:35:00+05:30,173.8000030517578,174.0,173.3000030517578,173.9499969482422,748411,0.0,0.0,2023-07-28
2481,2023-07-28 09:40:00+05:30,173.9499969482422,173.9499969482422,173.60000610351562,173.85000610351562,282519,0.0,0.0,2023-07-28
2482,2023-07-28 09:45:00+05:30,173.89999389648438,174.4499969482422,173.64999389648438,173.75,217097,0.0,0.0,2023-07-28
2483,2023-07-28 09:50:00+05:30,173.6999969482422,174.0,173.5500030517578,173.64999389648438,157606,0.0,0.0,2023-07-28
2484,2023-07-28 09:55:00+05:30,173.64999389648438,173.9499969482422,173.60000610351562,173.60000610351562,159717,0.0,0.0,2023-07-28
2485,2023-07-28 10:00:00+05:30,173.64999389648438,174.60000610351562,173.60000610351562,174.3000030517578,159914,0.0,0.0,2023-07-28
2486,2023-07-28 10:05:00+05:30,174.3000030517578,174.3000030517578,173.85000610351562,173.89999389648438,132637,0.0,0.0,2023-07-28
2487,2023-07-28 10:10:00+05:30,173.8000030517578,173.89999389648438,173.5500030517578,173.64999389648438,96468,0.0,0.0,2023-07-28
2488,2023-07-28 10:15:00+05:30,173.64999389648438,174.1999969482422,173.60000610351562,174.1999969482422,86925,0.0,0.0,2023-07-28
2489,2023-07-28 10:20:00+05:30,174.0500030517578,174.25,173.85000610351562,173.9499969482422,97953,0.0,0.0,2023-07-28
2490,2023-07-28 10:25:00+05:30,174.0,174.4499969482422,173.89999389648438,174.1999969482422,88780,0.0,0.0,2023-07-28
2491,2023-07-28 10:30:00+05:30,174.3000030517578,174.60000610351562,174.25,174.5,74110,0.0,0.0,2023-07-28
2492,2023-07-28 10:35:00+05:30,174.5,174.5,174.1999969482422,174.1999969482422,62756,0.0,0.0,2023-07-28
2493,2023-07-28 10:40:00+05:30,174.25,174.3000030517578,174.0500030517578,174.3000030517578,46711,0.0,0.0,2023-07-28
2494,2023-07-28 10:45:00+05:30,174.25,174.5,174.25,174.5,96871,0.0,0.0,2023-07-28
2495,2023-07-28 10:50:00+05:30,174.5,174.5,174.10000610351562,174.4499969482422,123574,0.0,0.0,2023-07-28
2496,2023-07-28 10:55:00+05:30,174.35000610351562,174.4499969482422,174.10000610351562,174.1999969482422,42906,0.0,0.0,2023-07-28
2497,2023-07-28 11:00:00+05:30,174.25,174.35000610351562,174.0500030517578,174.0500030517578,38480,0.0,0.0,2023-07-28
2498,2023-07-28 11:05:00+05:30,174.0,174.25,173.5500030517578,173.6999969482422,200119,0.0,0.0,2023-07-28
2499,2023-07-28 11:10:00+05:30,173.6999969482422,173.8000030517578,173.5,173.64999389648438,88554,0.0,0.0,2023-07-28
2500,2023-07-28 11:15:00+05:30,173.64999389648438,173.8000030517578,173.1999969482422,173.25,178821,0.0,0.0,2023-07-28
2501,2023-07-28 11:20:00+05:30,173.1999969482422,173.3000030517578,172.0500030517578,172.8000030517578,471129,0.0,0.0,2023-07-28
2502,2023-07-28 11:25:00+05:30,172.85000610351562,172.89999389648438,172.5500030517578,172.5500030517578,105019,0.0,0.0,2023-07-28
2503,2023-07-28 11:30:00+05:30,172.64999389648438,172.85000610351562,172.5,172.85000610351562,108989,0.0,0.0,2023-07-28
2504,2023-07-28 11:35:00+05:30,173.0500030517578,173.64999389648438,173.0,173.64999389648438,122593,0.0,0.0,2023-07-28
2505,2023-07-28 11:40:00+05:30,173.64999389648438,173.64999389648438,173.35000610351562,173.39999389648438,91728,0.0,0.0,2023-07-28
2506,2023-07-28 11:45:00+05:30,173.39999389648438,173.5500030517578,173.0500030517578,173.25,65152,0.0,0.0,2023-07-28
2507,2023-07-28 11:50:00+05:30,173.1999969482422,173.35000610351562,173.0500030517578,173.3000030517578,32281,0.0,0.0,2023-07-28
2508,2023-07-28 11:55:00+05:30,173.3000030517578,173.4499969482422,173.25,173.3000030517578,28960,0.0,0.0,2023-07-28
2509,2023-07-28 12:00:00+05:30,173.35000610351562,173.39999389648438,172.89999389648438,173.0,58402,0.0,0.0,2023-07-28
2510,2023-07-28 12:05:00+05:30,173.0500030517578,173.10000610351562,172.4499969482422,172.8000030517578,188471,0.0,0.0,2023-07-28
2511,2023-07-28 12:10:00+05:30,172.75,172.9499969482422,172.5,172.8000030517578,41152,0.0,0.0,2023-07-28
2512,2023-07-28 12:15:00+05:30,172.8000030517578,172.85000610351562,172.6999969482422,172.85000610351562,36885,0.0,0.0,2023-07-28
2513,2023-07-28 12:20:00+05:30,172.8000030517578,173.0,172.8000030517578,172.89999389648438,27827,0.0,0.0,2023-07-28
2514,2023-07-28 12:25:00+05:30,172.9499969482422,173.0500030517578,172.6999969482422,172.85000610351562,47421,0.0,0.0,2023-07-28
2515,2023-07-28 12:30:00+05:30,172.85000610351562,172.89999389648438,172.6999969482422,172.8000030517578,22393,0.0,0.0,2023-07-28
2516,2023-07-28 12:35:00+05:30,172.85000610351562,172.89999389648438,172.6999969482422,172.8000030517578,26388,0.0,0.0,2023-07-28
2517,2023-07-28 12:40:00+05:30,172.8000030517578,173.10000610351562,172.5500030517578,172.85000610351562,144207,0.0,0.0,2023-07-28
2518,2023-07-28 12:45:00+05:30,172.6999969482422,172.85000610351562,172.60000610351562,172.6999969482422,30123,0.0,0.0,2023-07-28
2519,2023-07-28 12:50:00+05:30,172.6999969482422,172.89999389648438,172.64999389648438,172.89999389648438,48831,0.0,0.0,2023-07-28
2520,2023-07-28 12:55:00+05:30,172.85000610351562,172.89999389648438,172.8000030517578,172.89999389648438,24117,0.0,0.0,2023-07-28
2521,2023-07-28 13:00:00+05:30,172.89999389648438,173.14999389648438,172.89999389648438,173.14999389648438,41506,0.0,0.0,2023-07-28
2522,2023-07-28 13:05:00+05:30,173.0500030517578,173.1999969482422,173.0500030517578,173.14999389648438,22580,0.0,0.0,2023-07-28
2523,2023-07-28 13:10:00+05:30,173.14999389648438,173.75,173.0,173.75,152509,0.0,0.0,2023-07-28
2524,2023-07-28 13:15:00+05:30,173.6999969482422,173.6999969482422,173.5500030517578,173.64999389648438,33447,0.0,0.0,2023-07-28
2525,2023-07-28 13:20:00+05:30,173.64999389648438,173.6999969482422,173.10000610351562,173.25,72256,0.0,0.0,2023-07-28
2526,2023-07-28 13:25:00+05:30,173.25,173.39999389648438,173.14999389648438,173.3000030517578,20513,0.0,0.0,2023-07-28
2527,2023-07-28 13:30:00+05:30,173.35000610351562,173.5500030517578,173.25,173.3000030517578,43491,0.0,0.0,2023-07-28
2528,2023-07-28 13:35:00+05:30,173.39999389648438,173.39999389648438,173.1999969482422,173.25,24974,0.0,0.0,2023-07-28
2529,2023-07-28 13:40:00+05:30,173.1999969482422,173.25,173.0,173.14999389648438,35013,0.0,0.0,2023-07-28
2530,2023-07-28 13:45:00+05:30,173.14999389648438,173.39999389648438,173.10000610351562,173.35000610351562,31251,0.0,0.0,2023-07-28
2531,2023-07-28 13:50:00+05:30,173.39999389648438,173.64999389648438,173.35000610351562,173.5500030517578,51732,0.0,0.0,2023-07-28
2532,2023-07-28 13:55:00+05:30,173.60000610351562,173.64999389648438,173.4499969482422,173.60000610351562,33056,0.0,0.0,2023-07-28
2533,2023-07-28 14:00:00+05:30,173.60000610351562,173.75,173.5,173.64999389648438,53935,0.0,0.0,2023-07-28
2534,2023-07-28 14:05:00+05:30,173.64999389648438,173.89999389648438,173.5,173.85000610351562,78235,0.0,0.0,2023-07-28
2535,2023-07-28 14:10:00+05:30,173.85000610351562,173.9499969482422,173.5,173.9499969482422,88492,0.0,0.0,2023-07-28
2536,2023-07-28 14:15:00+05:30,173.9499969482422,174.25,173.85000610351562,174.10000610351562,114323,0.0,0.0,2023-07-28
2537,2023-07-28 14:20:00+05:30,174.0500030517578,174.6999969482422,174.0500030517578,174.6999969482422,197989,0.0,0.0,2023-07-28
2538,2023-07-28 14:25:00+05:30,174.8000030517578,174.8000030517578,174.14999389648438,174.25,103518,0.0,0.0,2023-07-28
2539,2023-07-28 14:30:00+05:30,174.3000030517578,174.35000610351562,173.85000610351562,173.85000610351562,107506,0.0,0.0,2023-07-28
2540,2023-07-28 14:35:00+05:30,173.8000030517578,174.25,173.6999969482422,174.1999969482422,120190,0.0,0.0,2023-07-28
2541,2023-07-28 14:40:00+05:30,174.1999969482422,174.39999389648438,174.0500030517578,174.3000030517578,85819,0.0,0.0,2023-07-28
2542,2023-07-28 14:45:00+05:30,174.25,174.5500030517578,174.25,174.35000610351562,95129,0.0,0.0,2023-07-28
2543,2023-07-28 14:50:00+05:30,174.35000610351562,174.5,174.0500030517578,174.14999389648438,88392,0.0,0.0,2023-07-28
2544,2023-07-28 14:55:00+05:30,174.1999969482422,174.35000610351562,173.5,174.0,217745,0.0,0.0,2023-07-28
2545,2023-07-28 15:00:00+05:30,174.10000610351562,174.1999969482422,173.8000030517578,173.9499969482422,153814,0.0,0.0,2023-07-28
2546,2023-07-28 15:05:00+05:30,174.0,174.1999969482422,173.9499969482422,173.9499969482422,160698,0.0,0.0,2023-07-28
2547,2023-07-28 15:10:00+05:30,173.9499969482422,174.14999389648438,173.85000610351562,173.9499969482422,222861,0.0,0.0,2023-07-28
2548,2023-07-28 15:15:00+05:30,173.9499969482422,174.25,173.85000610351562,173.9499969482422,382775,0.0,0.0,2023-07-28
2549,2023-07-28 15:20:00+05:30,174.0,174.14999389648438,173.85000610351562,173.9499969482422,306157,0.0,0.0,2023-07-28
2550,2023-07-28 15:25:00+05:30,173.85000610351562,174.1999969482422,173.85000610351562,174.14999389648438,183829,0.0,0.0,2023-07-28
2551,2023-07-31 09:15:00+05:30,172.85000610351562,174.5,172.6999969482422,174.25,0,0.0,0.0,2023-07-31
2552,2023-07-31 09:20:00+05:30,174.14999389648438,174.8000030517578,173.25,173.4499969482422,202196,0.0,0.0,2023-07-31
2553,2023-07-31 09:25:00+05:30,173.4499969482422,175.10000610351562,173.4499969482422,174.1999969482422,298487,0.0,0.0,2023-07-31
2554,2023-07-31 09:30:00+05:30,174.10000610351562,174.25,173.6999969482422,173.8000030517578,88727,0.0,0.0,2023-07-31
2555,2023-07-31 09:35:00+05:30,173.89999389648438,174.1999969482422,173.39999389648438,173.6999969482422,75003,0.0,0.0,2023-07-31
2556,2023-07-31 09:40:00+05:30,173.8000030517578,173.8000030517578,173.25,173.35000610351562,59517,0.0,0.0,2023-07-31
2557,2023-07-31 09:45:00+05:30,173.39999389648438,173.9499969482422,173.39999389648438,173.85000610351562,61170,0.0,0.0,2023-07-31
2558,2023-07-31 09:50:00+05:30,173.85000610351562,173.89999389648438,173.60000610351562,173.89999389648438,23210,0.0,0.0,2023-07-31
2559,2023-07-31 09:55:00+05:30,173.8000030517578,173.9499969482422,173.4499969482422,173.9499969482422,55156,0.0,0.0,2023-07-31
2560,2023-07-31 10:00:00+05:30,174.10000610351562,174.4499969482422,174.0500030517578,174.3000030517578,34540,0.0,0.0,2023-07-31
2561,2023-07-31 10:05:00+05:30,174.3000030517578,174.3000030517578,173.6999969482422,173.75,26984,0.0,0.0,2023-07-31
2562,2023-07-31 10:10:00+05:30,173.6999969482422,174.35000610351562,173.6999969482422,174.3000030517578,29573,0.0,0.0,2023-07-31
2563,2023-07-31 10:15:00+05:30,174.3000030517578,174.5,174.1999969482422,174.5,59964,0.0,0.0,2023-07-31
2564,2023-07-31 10:20:00+05:30,174.4499969482422,174.5,174.10000610351562,174.1999969482422,18140,0.0,0.0,2023-07-31
2565,2023-07-31 10:25:00+05:30,174.14999389648438,174.39999389648438,173.5500030517578,173.60000610351562,28237,0.0,0.0,2023-07-31
2566,2023-07-31 10:30:00+05:30,173.5500030517578,174.10000610351562,173.39999389648438,174.0500030517578,95257,0.0,0.0,2023-07-31
2567,2023-07-31 10:35:00+05:30,174.10000610351562,174.14999389648438,173.60000610351562,173.6999969482422,63246,0.0,0.0,2023-07-31
2568,2023-07-31 10:40:00+05:30,173.64999389648438,173.9499969482422,173.64999389648438,173.9499969482422,30037,0.0,0.0,2023-07-31
2569,2023-07-31 10:45:00+05:30,173.8000030517578,174.0,173.6999969482422,173.9499969482422,45136,0.0,0.0,2023-07-31
2570,2023-07-31 10:50:00+05:30,173.9499969482422,174.0,173.39999389648438,173.4499969482422,56554,0.0,0.0,2023-07-31
2571,2023-07-31 10:55:00+05:30,173.4499969482422,174.1999969482422,173.4499969482422,173.64999389648438,68315,0.0,0.0,2023-07-31
2572,2023-07-31 11:00:00+05:30,173.75,174.0,173.64999389648438,173.8000030517578,57306,0.0,0.0,2023-07-31
2573,2023-07-31 11:05:00+05:30,173.75,173.89999389648438,173.64999389648438,173.75,24999,0.0,0.0,2023-07-31
2574,2023-07-31 11:10:00+05:30,173.75,173.85000610351562,173.4499969482422,173.4499969482422,49896,0.0,0.0,2023-07-31
2575,2023-07-31 11:15:00+05:30,173.5500030517578,173.64999389648438,173.39999389648438,173.4499969482422,41554,0.0,0.0,2023-07-31
2576,2023-07-31 11:20:00+05:30,173.5,173.75,173.4499969482422,173.6999969482422,59333,0.0,0.0,2023-07-31
2577,2023-07-31 11:25:00+05:30,173.64999389648438,173.6999969482422,173.4499969482422,173.60000610351562,29207,0.0,0.0,2023-07-31
2578,2023-07-31 11:30:00+05:30,173.60000610351562,173.64999389648438,173.35000610351562,173.5500030517578,59865,0.0,0.0,2023-07-31
2579,2023-07-31 11:35:00+05:30,173.60000610351562,173.64999389648438,173.0500030517578,173.14999389648438,83843,0.0,0.0,2023-07-31
2580,2023-07-31 11:40:00+05:30,173.10000610351562,173.35000610351562,173.0500030517578,173.35000610351562,39604,0.0,0.0,2023-07-31
2581,2023-07-31 11:45:00+05:30,173.3000030517578,173.35000610351562,173.1999969482422,173.35000610351562,28626,0.0,0.0,2023-07-31
2582,2023-07-31 11:50:00+05:30,173.3000030517578,173.4499969482422,173.1999969482422,173.39999389648438,28088,0.0,0.0,2023-07-31
2583,2023-07-31 11:55:00+05:30,173.35000610351562,173.60000610351562,173.3000030517578,173.60000610351562,42191,0.0,0.0,2023-07-31
2584,2023-07-31 12:00:00+05:30,173.5500030517578,173.60000610351562,173.39999389648438,173.5,38045,0.0,0.0,2023-07-31
2585,2023-07-31 12:05:00+05:30,173.5,173.64999389648438,173.39999389648438,173.5500030517578,25116,0.0,0.0,2023-07-31
2586,2023-07-31 12:10:00+05:30,173.5500030517578,173.8000030517578,173.5500030517578,173.64999389648438,51264,0.0,0.0,2023-07-31
2587,2023-07-31 12:15:00+05:30,173.75,173.75,173.5,173.5,26390,0.0,0.0,2023-07-31
2588,2023-07-31 12:20:00+05:30,173.4499969482422,173.60000610351562,173.4499969482422,173.5,20654,0.0,0.0,2023-07-31
2589,2023-07-31 12:25:00+05:30,173.5,173.6999969482422,173.5,173.60000610351562,49089,0.0,0.0,2023-07-31
2590,2023-07-31 12:30:00+05:30,173.64999389648438,173.85000610351562,173.5500030517578,173.85000610351562,61294,0.0,0.0,2023-07-31
2591,2023-07-31 12:35:00+05:30,173.8000030517578,174.14999389648438,173.75,174.0500030517578,35120,0.0,0.0,2023-07-31
2592,2023-07-31 12:40:00+05:30,174.10000610351562,174.3000030517578,173.8000030517578,174.3000030517578,94625,0.0,0.0,2023-07-31
2593,2023-07-31 12:45:00+05:30,174.35000610351562,174.35000610351562,173.9499969482422,174.14999389648438,79522,0.0,0.0,2023-07-31
2594,2023-07-31 12:50:00+05:30,174.1999969482422,174.1999969482422,173.85000610351562,174.0,39240,0.0,0.0,2023-07-31
2595,2023-07-31 12:55:00+05:30,174.0,174.25,173.85000610351562,174.1999969482422,40665,0.0,0.0,2023-07-31
2596,2023-07-31 13:00:00+05:30,174.10000610351562,174.10000610351562,173.9499969482422,174.0,34787,0.0,0.0,2023-07-31
2597,2023-07-31 13:05:00+05:30,174.0500030517578,174.10000610351562,173.75,173.89999389648438,58333,0.0,0.0,2023-07-31
2598,2023-07-31 13:10:00+05:30,173.89999389648438,173.9499969482422,173.75,173.85000610351562,17973,0.0,0.0,2023-07-31
2599,2023-07-31 13:15:00+05:30,173.75,173.8000030517578,173.25,173.4499969482422,194557,0.0,0.0,2023-07-31
2600,2023-07-31 13:20:00+05:30,173.39999389648438,173.5500030517578,173.25,173.5,46522,0.0,0.0,2023-07-31
2601,2023-07-31 13:25:00+05:30,173.4499969482422,173.5,173.3000030517578,173.35000610351562,28990,0.0,0.0,2023-07-31
2602,2023-07-31 13:30:00+05:30,173.4499969482422,173.75,173.35000610351562,173.5,553222,0.0,0.0,2023-07-31
2603,2023-07-31 13:35:00+05:30,173.5,173.60000610351562,173.3000030517578,173.35000610351562,54436,0.0,0.0,2023-07-31
2604,2023-07-31 13:40:00+05:30,173.35000610351562,173.5500030517578,173.3000030517578,173.3000030517578,57770,0.0,0.0,2023-07-31
2605,2023-07-31 13:45:00+05:30,173.39999389648438,173.4499969482422,173.3000030517578,173.3000030517578,29846,0.0,0.0,2023-07-31
2606,2023-07-31 13:50:00+05:30,173.35000610351562,173.39999389648438,173.0500030517578,173.0500030517578,124911,0.0,0.0,2023-07-31
2607,2023-07-31 13:55:00+05:30,173.0500030517578,173.0500030517578,172.6999969482422,172.89999389648438,116486,0.0,0.0,2023-07-31
2608,2023-07-31 14:00:00+05:30,172.8000030517578,173.25,172.64999389648438,173.14999389648438,216852,0.0,0.0,2023-07-31
2609,2023-07-31 14:05:00+05:30,173.14999389648438,173.25,173.0,173.14999389648438,102870,0.0,0.0,2023-07-31
2610,2023-07-31 14:10:00+05:30,173.0500030517578,173.14999389648438,172.89999389648438,172.89999389648438,285756,0.0,0.0,2023-07-31
2611,2023-07-31 14:15:00+05:30,172.85000610351562,172.9499969482422,172.39999389648438,172.60000610351562,106362,0.0,0.0,2023-07-31
2612,2023-07-31 14:20:00+05:30,172.60000610351562,172.75,172.39999389648438,172.5,67290,0.0,0.0,2023-07-31
2613,2023-07-31 14:25:00+05:30,172.5500030517578,172.89999389648438,172.39999389648438,172.75,79526,0.0,0.0,2023-07-31
2614,2023-07-31 14:30:00+05:30,172.75,172.9499969482422,172.6999969482422,172.85000610351562,30096,0.0,0.0,2023-07-31
2615,2023-07-31 14:35:00+05:30,172.85000610351562,172.89999389648438,172.6999969482422,172.75,35095,0.0,0.0,2023-07-31
2616,2023-07-31 14:40:00+05:30,172.8000030517578,172.8000030517578,172.5,172.60000610351562,63750,0.0,0.0,2023-07-31
2617,2023-07-31 14:45:00+05:30,172.6999969482422,172.6999969482422,172.5500030517578,172.60000610351562,21359,0.0,0.0,2023-07-31
2618,2023-07-31 14:50:00+05:30,172.60000610351562,172.8000030517578,172.5500030517578,172.75,44484,0.0,0.0,2023-07-31
2619,2023-07-31 14:55:00+05:30,172.6999969482422,172.6999969482422,172.0500030517578,172.10000610351562,220354,0.0,0.0,2023-07-31
2620,2023-07-31 15:00:00+05:30,172.10000610351562,172.3000030517578,171.85000610351562,172.1999969482422,202812,0.0,0.0,2023-07-31
2621,2023-07-31 15:05:00+05:30,172.14999389648438,172.3000030517578,172.0500030517578,172.14999389648438,113621,0.0,0.0,2023-07-31
2622,2023-07-31 15:10:00+05:30,172.14999389648438,172.3000030517578,172.0500030517578,172.10000610351562,145525,0.0,0.0,2023-07-31
2623,2023-07-31 15:15:00+05:30,172.10000610351562,172.14999389648438,171.64999389648438,171.89999389648438,222518,0.0,0.0,2023-07-31
2624,2023-07-31 15:20:00+05:30,171.9499969482422,172.10000610351562,171.85000610351562,172.0500030517578,150619,0.0,0.0,2023-07-31
2625,2023-07-31 15:25:00+05:30,171.9499969482422,172.0,171.8000030517578,171.8000030517578,197662,0.0,0.0,2023-07-31
2626,2023-08-01 09:15:00+05:30,172.89999389648438,172.89999389648438,171.85000610351562,172.6999969482422,0,0.0,0.0,2023-08-01
2627,2023-08-01 09:20:00+05:30,172.6999969482422,172.89999389648438,172.35000610351562,172.85000610351562,151188,0.0,0.0,2023-08-01
2628,2023-08-01 09:25:00+05:30,172.8000030517578,173.0,172.6999969482422,172.89999389648438,102622,0.0,0.0,2023-08-01
2629,2023-08-01 09:30:00+05:30,172.8000030517578,173.14999389648438,172.75,173.0500030517578,73454,0.0,0.0,2023-08-01
2630,2023-08-01 09:35:00+05:30,173.0,173.0,172.60000610351562,172.64999389648438,87346,0.0,0.0,2023-08-01
2631,2023-08-01 09:40:00+05:30,172.64999389648438,172.75,172.4499969482422,172.5500030517578,56667,0.0,0.0,2023-08-01
2632,2023-08-01 09:45:00+05:30,172.5500030517578,172.6999969482422,172.25,172.3000030517578,48855,0.0,0.0,2023-08-01
2633,2023-08-01 09:50:00+05:30,172.25,172.39999389648438,171.5500030517578,171.6999969482422,215652,0.0,0.0,2023-08-01
2634,2023-08-01 09:55:00+05:30,171.75,172.1999969482422,171.64999389648438,171.89999389648438,141629,0.0,0.0,2023-08-01
2635,2023-08-01 10:00:00+05:30,171.9499969482422,172.10000610351562,171.9499969482422,172.0500030517578,37388,0.0,0.0,2023-08-01
2636,2023-08-01 10:05:00+05:30,172.0500030517578,172.39999389648438,172.0,172.1999969482422,73889,0.0,0.0,2023-08-01
2637,2023-08-01 10:10:00+05:30,172.1999969482422,172.39999389648438,172.14999389648438,172.3000030517578,35136,0.0,0.0,2023-08-01
2638,2023-08-01 10:15:00+05:30,172.3000030517578,172.3000030517578,172.14999389648438,172.14999389648438,38521,0.0,0.0,2023-08-01
2639,2023-08-01 10:20:00+05:30,172.1999969482422,172.25,171.8000030517578,171.89999389648438,89812,0.0,0.0,2023-08-01
2640,2023-08-01 10:25:00+05:30,171.85000610351562,172.0,171.5500030517578,171.60000610351562,57382,0.0,0.0,2023-08-01
2641,2023-08-01 10:30:00+05:30,171.6999969482422,171.6999969482422,171.3000030517578,171.39999389648438,118816,0.0,0.0,2023-08-01
2642,2023-08-01 10:35:00+05:30,171.39999389648438,171.4499969482422,171.1999969482422,171.35000610351562,59596,0.0,0.0,2023-08-01
2643,2023-08-01 10:40:00+05:30,171.39999389648438,171.64999389648438,171.3000030517578,171.5500030517578,83380,0.0,0.0,2023-08-01
2644,2023-08-01 10:45:00+05:30,171.39999389648438,172.10000610351562,171.39999389648438,172.0500030517578,257145,0.0,0.0,2023-08-01
2645,2023-08-01 10:50:00+05:30,172.0500030517578,172.64999389648438,172.0,172.64999389648438,101349,0.0,0.0,2023-08-01
2646,2023-08-01 10:55:00+05:30,172.64999389648438,172.6999969482422,172.5,172.5500030517578,90450,0.0,0.0,2023-08-01
2647,2023-08-01 11:00:00+05:30,172.6999969482422,173.5500030517578,172.64999389648438,173.5,161352,0.0,0.0,2023-08-01
2648,2023-08-01 11:05:00+05:30,173.5500030517578,174.35000610351562,173.5500030517578,173.9499969482422,247871,0.0,0.0,2023-08-01
2649,2023-08-01 11:10:00+05:30,173.9499969482422,174.35000610351562,173.89999389648438,174.35000610351562,187351,0.0,0.0,2023-08-01
2650,2023-08-01 11:15:00+05:30,174.1999969482422,174.89999389648438,174.1999969482422,174.60000610351562,134363,0.0,0.0,2023-08-01
2651,2023-08-01 11:20:00+05:30,174.39999389648438,175.1999969482422,174.39999389648438,175.1999969482422,226943,0.0,0.0,2023-08-01
2652,2023-08-01 11:25:00+05:30,175.10000610351562,175.6999969482422,175.10000610351562,175.6999969482422,164733,0.0,0.0,2023-08-01
2653,2023-08-01 11:30:00+05:30,175.64999389648438,175.6999969482422,175.10000610351562,175.14999389648438,127584,0.0,0.0,2023-08-01
2654,2023-08-01 11:35:00+05:30,175.10000610351562,175.1999969482422,174.60000610351562,174.75,130131,0.0,0.0,2023-08-01
2655,2023-08-01 11:40:00+05:30,174.75,175.0,174.75,174.89999389648438,38644,0.0,0.0,2023-08-01
2656,2023-08-01 11:45:00+05:30,174.89999389648438,175.1999969482422,174.6999969482422,175.14999389648438,59935,0.0,0.0,2023-08-01
2657,2023-08-01 11:50:00+05:30,175.0500030517578,175.0500030517578,174.5,174.5,54196,0.0,0.0,2023-08-01
2658,2023-08-01 11:55:00+05:30,174.5,174.60000610351562,174.25,174.60000610351562,60212,0.0,0.0,2023-08-01
2659,2023-08-01 12:00:00+05:30,174.64999389648438,174.9499969482422,174.5,174.85000610351562,47525,0.0,0.0,2023-08-01
2660,2023-08-01 12:05:00+05:30,174.89999389648438,175.14999389648438,174.5,174.64999389648438,90085,0.0,0.0,2023-08-01
2661,2023-08-01 12:10:00+05:30,174.64999389648438,174.85000610351562,174.60000610351562,174.8000030517578,16278,0.0,0.0,2023-08-01
2662,2023-08-01 12:15:00+05:30,174.8000030517578,174.89999389648438,174.0,174.14999389648438,103982,0.0,0.0,2023-08-01
2663,2023-08-01 12:20:00+05:30,174.14999389648438,174.1999969482422,173.89999389648438,174.0500030517578,30268,0.0,0.0,2023-08-01
2664,2023-08-01 12:25:00+05:30,174.0,174.25,173.4499969482422,173.5500030517578,309406,0.0,0.0,2023-08-01
2665,2023-08-01 12:30:00+05:30,173.5500030517578,173.5500030517578,173.1999969482422,173.1999969482422,74047,0.0,0.0,2023-08-01
2666,2023-08-01 12:35:00+05:30,173.1999969482422,173.6999969482422,172.9499969482422,173.5500030517578,138518,0.0,0.0,2023-08-01
2667,2023-08-01 12:40:00+05:30,173.75,173.89999389648438,173.0500030517578,173.14999389648438,115566,0.0,0.0,2023-08-01
2668,2023-08-01 12:45:00+05:30,173.10000610351562,173.35000610351562,172.9499969482422,173.14999389648438,141693,0.0,0.0,2023-08-01
2669,2023-08-01 12:50:00+05:30,173.14999389648438,173.6999969482422,173.14999389648438,173.4499969482422,45488,0.0,0.0,2023-08-01
2670,2023-08-01 12:55:00+05:30,173.4499969482422,173.6999969482422,173.4499969482422,173.60000610351562,69317,0.0,0.0,2023-08-01
2671,2023-08-01 13:00:00+05:30,173.5,173.60000610351562,173.35000610351562,173.60000610351562,36059,0.0,0.0,2023-08-01
2672,2023-08-01 13:05:00+05:30,173.60000610351562,173.75,173.35000610351562,173.4499969482422,44840,0.0,0.0,2023-08-01
2673,2023-08-01 13:10:00+05:30,173.4499969482422,174.0500030517578,173.4499969482422,173.89999389648438,126937,0.0,0.0,2023-08-01
2674,2023-08-01 13:15:00+05:30,173.9499969482422,174.1999969482422,173.8000030517578,173.85000610351562,47454,0.0,0.0,2023-08-01
2675,2023-08-01 13:20:00+05:30,173.8000030517578,173.9499969482422,173.64999389648438,173.89999389648438,31073,0.0,0.0,2023-08-01
2676,2023-08-01 13:25:00+05:30,173.89999389648438,173.89999389648438,173.60000610351562,173.60000610351562,23526,0.0,0.0,2023-08-01
2677,2023-08-01 13:30:00+05:30,173.6999969482422,173.89999389648438,173.6999969482422,173.85000610351562,24769,0.0,0.0,2023-08-01
2678,2023-08-01 13:35:00+05:30,173.8000030517578,174.0,173.75,174.0,70803,0.0,0.0,2023-08-01
2679,2023-08-01 13:40:00+05:30,174.0,174.0,173.75,173.89999389648438,15780,0.0,0.0,2023-08-01
2680,2023-08-01 13:45:00+05:30,173.9499969482422,174.0500030517578,173.75,173.8000030517578,27968,0.0,0.0,2023-08-01
2681,2023-08-01 13:50:00+05:30,173.75,173.9499969482422,173.6999969482422,173.85000610351562,16891,0.0,0.0,2023-08-01
2682,2023-08-01 13:55:00+05:30,173.85000610351562,173.85000610351562,173.64999389648438,173.6999969482422,13929,0.0,0.0,2023-08-01
2683,2023-08-01 14:00:00+05:30,173.5500030517578,173.6999969482422,173.4499969482422,173.60000610351562,23713,0.0,0.0,2023-08-01
2684,2023-08-01 14:05:00+05:30,173.4499969482422,173.85000610351562,173.4499969482422,173.8000030517578,36285,0.0,0.0,2023-08-01
2685,2023-08-01 14:10:00+05:30,173.6999969482422,173.85000610351562,173.64999389648438,173.8000030517578,16313,0.0,0.0,2023-08-01
2686,2023-08-01 14:15:00+05:30,173.8000030517578,173.9499969482422,173.6999969482422,173.85000610351562,28104,0.0,0.0,2023-08-01
2687,2023-08-01 14:20:00+05:30,173.85000610351562,173.89999389648438,173.64999389648438,173.75,24919,0.0,0.0,2023-08-01
2688,2023-08-01 14:25:00+05:30,173.64999389648438,173.64999389648438,173.5500030517578,173.5500030517578,21064,0.0,0.0,2023-08-01
2689,2023-08-01 14:30:00+05:30,173.60000610351562,173.8000030517578,173.5,173.60000610351562,18368,0.0,0.0,2023-08-01
2690,2023-08-01 14:35:00+05:30,173.60000610351562,173.89999389648438,173.5500030517578,173.8000030517578,91298,0.0,0.0,2023-08-01
2691,2023-08-01 14:40:00+05:30,173.85000610351562,174.0,173.6999969482422,174.0,73663,0.0,0.0,2023-08-01
2692,2023-08-01 14:45:00+05:30,174.0,174.1999969482422,173.89999389648438,173.89999389648438,42173,0.0,0.0,2023-08-01
2693,2023-08-01 14:50:00+05:30,173.9499969482422,174.3000030517578,173.85000610351562,174.3000030517578,95369,0.0,0.0,2023-08-01
2694,2023-08-01 14:55:00+05:30,174.25,174.3000030517578,174.14999389648438,174.1999969482422,63501,0.0,0.0,2023-08-01
2695,2023-08-01 15:00:00+05:30,174.3000030517578,174.35000610351562,173.85000610351562,174.0,85608,0.0,0.0,2023-08-01
2696,2023-08-01 15:05:00+05:30,173.89999389648438,174.0,173.85000610351562,173.9499969482422,46185,0.0,0.0,2023-08-01
2697,2023-08-01 15:10:00+05:30,173.9499969482422,174.0,173.5500030517578,173.5500030517578,102792,0.0,0.0,2023-08-01
2698,2023-08-01 15:15:00+05:30,173.60000610351562,173.8000030517578,173.5,173.75,85541,0.0,0.0,2023-08-01
2699,2023-08-01 15:20:00+05:30,173.75,173.75,173.5500030517578,173.75,183867,0.0,0.0,2023-08-01
2700,2023-08-01 15:25:00+05:30,173.75,173.75,173.25,173.75,141070,0.0,0.0,2023-08-01
2701,2023-08-02 09:15:00+05:30,172.6999969482422,173.1999969482422,172.4499969482422,173.0,0,0.0,0.0,2023-08-02
2702,2023-08-02 09:20:00+05:30,172.89999389648438,173.0,172.39999389648438,172.8000030517578,83796,0.0,0.0,2023-08-02
2703,2023-08-02 09:25:00+05:30,172.85000610351562,172.85000610351562,172.0,172.14999389648438,114176,0.0,0.0,2023-08-02
2704,2023-08-02 09:30:00+05:30,172.14999389648438,172.64999389648438,172.0500030517578,172.60000610351562,121273,0.0,0.0,2023-08-02
2705,2023-08-02 09:35:00+05:30,172.60000610351562,172.64999389648438,172.25,172.4499969482422,52405,0.0,0.0,2023-08-02
2706,2023-08-02 09:40:00+05:30,172.39999389648438,172.64999389648438,172.39999389648438,172.5,42039,0.0,0.0,2023-08-02
2707,2023-08-02 09:45:00+05:30,172.5500030517578,172.60000610351562,172.3000030517578,172.5,39309,0.0,0.0,2023-08-02
2708,2023-08-02 09:50:00+05:30,172.5500030517578,172.8000030517578,172.25,172.25,90446,0.0,0.0,2023-08-02
2709,2023-08-02 09:55:00+05:30,172.35000610351562,172.39999389648438,172.10000610351562,172.25,67393,0.0,0.0,2023-08-02
2710,2023-08-02 10:00:00+05:30,172.25,172.3000030517578,171.8000030517578,172.0,85221,0.0,0.0,2023-08-02
2711,2023-08-02 10:05:00+05:30,172.0,172.14999389648438,171.8000030517578,172.10000610351562,40627,0.0,0.0,2023-08-02
2712,2023-08-02 10:10:00+05:30,172.14999389648438,172.25,171.85000610351562,171.9499969482422,40272,0.0,0.0,2023-08-02
2713,2023-08-02 10:15:00+05:30,171.9499969482422,171.9499969482422,171.60000610351562,171.6999969482422,118321,0.0,0.0,2023-08-02
2714,2023-08-02 10:20:00+05:30,171.6999969482422,172.0,171.60000610351562,171.9499969482422,80376,0.0,0.0,2023-08-02
2715,2023-08-02 10:25:00+05:30,171.9499969482422,172.0,171.60000610351562,171.85000610351562,55081,0.0,0.0,2023-08-02
2716,2023-08-02 10:30:00+05:30,171.89999389648438,171.89999389648438,171.0,171.0,275854,0.0,0.0,2023-08-02
2717,2023-08-02 10:35:00+05:30,171.0500030517578,171.0500030517578,170.60000610351562,170.8000030517578,147730,0.0,0.0,2023-08-02
2718,2023-08-02 10:40:00+05:30,170.75,170.89999389648438,170.60000610351562,170.89999389648438,69434,0.0,0.0,2023-08-02
2719,2023-08-02 10:45:00+05:30,170.89999389648438,170.9499969482422,170.35000610351562,170.5500030517578,116903,0.0,0.0,2023-08-02
2720,2023-08-02 10:50:00+05:30,170.5,170.85000610351562,170.39999389648438,170.8000030517578,54430,0.0,0.0,2023-08-02
2721,2023-08-02 10:55:00+05:30,170.8000030517578,170.8000030517578,170.39999389648438,170.64999389648438,38315,0.0,0.0,2023-08-02
2722,2023-08-02 11:00:00+05:30,170.60000610351562,170.6999969482422,170.25,170.25,75184,0.0,0.0,2023-08-02
2723,2023-08-02 11:05:00+05:30,170.25,170.64999389648438,169.64999389648438,170.4499969482422,490943,0.0,0.0,2023-08-02
2724,2023-08-02 11:10:00+05:30,170.5500030517578,171.39999389648438,170.4499969482422,171.39999389648438,105791,0.0,0.0,2023-08-02
2725,2023-08-02 11:15:00+05:30,171.5,171.5500030517578,171.10000610351562,171.35000610351562,83042,0.0,0.0,2023-08-02
2726,2023-08-02 11:20:00+05:30,171.35000610351562,171.39999389648438,170.6999969482422,171.10000610351562,103153,0.0,0.0,2023-08-02
2727,2023-08-02 11:25:00+05:30,171.0,171.25,171.0,171.0500030517578,23870,0.0,0.0,2023-08-02
2728,2023-08-02 11:30:00+05:30,171.10000610351562,171.10000610351562,170.14999389648438,170.3000030517578,80041,0.0,0.0,2023-08-02
2729,2023-08-02 11:35:00+05:30,170.4499969482422,170.64999389648438,170.3000030517578,170.35000610351562,44346,0.0,0.0,2023-08-02
2730,2023-08-02 11:40:00+05:30,170.35000610351562,171.3000030517578,170.3000030517578,171.25,149861,0.0,0.0,2023-08-02
2731,2023-08-02 11:45:00+05:30,171.3000030517578,171.5500030517578,171.10000610351562,171.4499969482422,53747,0.0,0.0,2023-08-02
2732,2023-08-02 11:50:00+05:30,171.39999389648438,171.5500030517578,171.25,171.5,37942,0.0,0.0,2023-08-02
2733,2023-08-02 11:55:00+05:30,171.4499969482422,171.85000610351562,171.1999969482422,171.64999389648438,61724,0.0,0.0,2023-08-02
2734,2023-08-02 12:00:00+05:30,171.75,171.75,171.0,171.39999389648438,39378,0.0,0.0,2023-08-02
2735,2023-08-02 12:05:00+05:30,171.35000610351562,171.6999969482422,171.1999969482422,171.4499969482422,36513,0.0,0.0,2023-08-02
2736,2023-08-02 12:10:00+05:30,171.35000610351562,171.64999389648438,171.35000610351562,171.5500030517578,27655,0.0,0.0,2023-08-02
2737,2023-08-02 12:15:00+05:30,171.64999389648438,171.64999389648438,170.89999389648438,171.0,39284,0.0,0.0,2023-08-02
2738,2023-08-02 12:20:00+05:30,171.14999389648438,171.35000610351562,171.10000610351562,171.35000610351562,23942,0.0,0.0,2023-08-02
2739,2023-08-02 12:25:00+05:30,171.25,171.5500030517578,171.25,171.4499969482422,31013,0.0,0.0,2023-08-02
2740,2023-08-02 12:30:00+05:30,171.4499969482422,171.64999389648438,171.35000610351562,171.60000610351562,24844,0.0,0.0,2023-08-02
2741,2023-08-02 12:35:00+05:30,171.4499969482422,171.75,171.4499969482422,171.6999969482422,27850,0.0,0.0,2023-08-02
2742,2023-08-02 12:40:00+05:30,171.64999389648438,172.1999969482422,171.5500030517578,172.1999969482422,67703,0.0,0.0,2023-08-02
2743,2023-08-02 12:45:00+05:30,172.14999389648438,172.1999969482422,171.85000610351562,172.0,28630,0.0,0.0,2023-08-02
2744,2023-08-02 12:50:00+05:30,171.9499969482422,171.9499969482422,171.0,171.0,52163,0.0,0.0,2023-08-02
2745,2023-08-02 12:55:00+05:30,171.35000610351562,171.35000610351562,170.8000030517578,170.89999389648438,59991,0.0,0.0,2023-08-02
2746,2023-08-02 13:00:00+05:30,170.89999389648438,170.89999389648438,170.5500030517578,170.6999969482422,49983,0.0,0.0,2023-08-02
2747,2023-08-02 13:05:00+05:30,170.60000610351562,171.0,170.60000610351562,170.8000030517578,52454,0.0,0.0,2023-08-02
2748,2023-08-02 13:10:00+05:30,170.8000030517578,171.0500030517578,170.64999389648438,170.9499969482422,39170,0.0,0.0,2023-08-02
2749,2023-08-02 13:15:00+05:30,170.89999389648438,170.89999389648438,170.25,170.25,78157,0.0,0.0,2023-08-02
2750,2023-08-02 13:20:00+05:30,170.39999389648438,170.6999969482422,170.0,170.0,57402,0.0,0.0,2023-08-02
2751,2023-08-02 13:25:00+05:30,170.10000610351562,170.3000030517578,169.60000610351562,169.75,151001,0.0,0.0,2023-08-02
2752,2023-08-02 13:30:00+05:30,169.85000610351562,170.3000030517578,169.85000610351562,170.14999389648438,71138,0.0,0.0,2023-08-02
2753,2023-08-02 13:35:00+05:30,170.14999389648438,170.35000610351562,169.75,169.8000030517578,90802,0.0,0.0,2023-08-02
2754,2023-08-02 13:40:00+05:30,169.89999389648438,170.10000610351562,169.75,169.8000030517578,44441,0.0,0.0,2023-08-02
2755,2023-08-02 13:45:00+05:30,169.89999389648438,169.89999389648438,169.60000610351562,169.64999389648438,64143,0.0,0.0,2023-08-02
2756,2023-08-02 13:50:00+05:30,169.64999389648438,169.89999389648438,169.64999389648438,169.85000610351562,35357,0.0,0.0,2023-08-02
2757,2023-08-02 13:55:00+05:30,169.89999389648438,169.89999389648438,169.4499969482422,169.6999969482422,79431,0.0,0.0,2023-08-02
2758,2023-08-02 14:00:00+05:30,169.6999969482422,169.6999969482422,169.25,169.39999389648438,112665,0.0,0.0,2023-08-02
2759,2023-08-02 14:05:00+05:30,169.5,169.5,169.0,169.1999969482422,141436,0.0,0.0,2023-08-02
2760,2023-08-02 14:10:00+05:30,169.10000610351562,169.25,168.10000610351562,168.14999389648438,238519,0.0,0.0,2023-08-02
2761,2023-08-02 14:15:00+05:30,168.39999389648438,168.5500030517578,168.0,168.10000610351562,151438,0.0,0.0,2023-08-02
2762,2023-08-02 14:20:00+05:30,167.9499969482422,168.5,167.89999389648438,168.5,163839,0.0,0.0,2023-08-02
2763,2023-08-02 14:25:00+05:30,168.60000610351562,169.0500030517578,168.5500030517578,168.75,318030,0.0,0.0,2023-08-02
2764,2023-08-02 14:30:00+05:30,168.85000610351562,169.0,168.25,168.5,80882,0.0,0.0,2023-08-02
2765,2023-08-02 14:35:00+05:30,168.4499969482422,168.64999389648438,168.14999389648438,168.60000610351562,79650,0.0,0.0,2023-08-02
2766,2023-08-02 14:40:00+05:30,168.5500030517578,168.85000610351562,168.5,168.75,47354,0.0,0.0,2023-08-02
2767,2023-08-02 14:45:00+05:30,168.75,169.10000610351562,168.75,168.89999389648438,57869,0.0,0.0,2023-08-02
2768,2023-08-02 14:50:00+05:30,168.89999389648438,169.5,168.89999389648438,169.4499969482422,61241,0.0,0.0,2023-08-02
2769,2023-08-02 14:55:00+05:30,169.4499969482422,169.5,169.14999389648438,169.35000610351562,76467,0.0,0.0,2023-08-02
2770,2023-08-02 15:00:00+05:30,169.39999389648438,170.25,169.39999389648438,170.10000610351562,161622,0.0,0.0,2023-08-02
2771,2023-08-02 15:05:00+05:30,170.0500030517578,170.14999389648438,169.75,169.89999389648438,88325,0.0,0.0,2023-08-02
2772,2023-08-02 15:10:00+05:30,169.9499969482422,170.14999389648438,169.75,170.10000610351562,106763,0.0,0.0,2023-08-02
2773,2023-08-02 15:15:00+05:30,170.10000610351562,170.10000610351562,169.8000030517578,170.0500030517578,118888,0.0,0.0,2023-08-02
2774,2023-08-02 15:20:00+05:30,170.0,170.0,169.60000610351562,169.6999969482422,151392,0.0,0.0,2023-08-02
2775,2023-08-02 15:25:00+05:30,169.6999969482422,169.9499969482422,169.5,169.75,107673,0.0,0.0,2023-08-02
2776,2023-08-03 09:15:00+05:30,169.85000610351562,169.85000610351562,168.75,169.35000610351562,0,0.0,0.0,2023-08-03
2777,2023-08-03 09:20:00+05:30,169.6999969482422,170.0500030517578,169.5500030517578,169.85000610351562,87583,0.0,0.0,2023-08-03
2778,2023-08-03 09:25:00+05:30,170.0,171.1999969482422,169.64999389648438,171.14999389648438,146593,0.0,0.0,2023-08-03
2779,2023-08-03 09:30:00+05:30,171.1999969482422,171.39999389648438,170.60000610351562,170.64999389648438,70885,0.0,0.0,2023-08-03
2780,2023-08-03 09:35:00+05:30,170.5500030517578,170.5500030517578,169.1999969482422,169.25,143663,0.0,0.0,2023-08-03
2781,2023-08-03 09:40:00+05:30,169.35000610351562,169.89999389648438,169.35000610351562,169.89999389648438,45133,0.0,0.0,2023-08-03
2782,2023-08-03 09:45:00+05:30,169.85000610351562,170.25,169.4499969482422,170.25,30515,0.0,0.0,2023-08-03
2783,2023-08-03 09:50:00+05:30,170.14999389648438,170.8000030517578,170.14999389648438,170.6999969482422,25134,0.0,0.0,2023-08-03
2784,2023-08-03 09:55:00+05:30,170.75,170.75,170.1999969482422,170.35000610351562,22847,0.0,0.0,2023-08-03
2785,2023-08-03 10:00:00+05:30,170.39999389648438,170.6999969482422,170.14999389648438,170.64999389648438,41461,0.0,0.0,2023-08-03
2786,2023-08-03 10:05:00+05:30,170.64999389648438,170.6999969482422,169.9499969482422,170.10000610351562,35520,0.0,0.0,2023-08-03
2787,2023-08-03 10:10:00+05:30,170.1999969482422,170.64999389648438,169.8000030517578,169.89999389648438,67212,0.0,0.0,2023-08-03
2788,2023-08-03 10:15:00+05:30,169.8000030517578,170.25,169.8000030517578,170.25,30837,0.0,0.0,2023-08-03
2789,2023-08-03 10:20:00+05:30,170.3000030517578,170.39999389648438,170.0500030517578,170.25,40608,0.0,0.0,2023-08-03
2790,2023-08-03 10:25:00+05:30,170.14999389648438,170.3000030517578,169.9499969482422,169.9499969482422,28353,0.0,0.0,2023-08-03
2791,2023-08-03 10:30:00+05:30,169.9499969482422,170.0,169.85000610351562,169.9499969482422,27625,0.0,0.0,2023-08-03
2792,2023-08-03 10:35:00+05:30,169.89999389648438,170.3000030517578,169.8000030517578,170.1999969482422,36289,0.0,0.0,2023-08-03
2793,2023-08-03 10:40:00+05:30,170.3000030517578,170.5,170.14999389648438,170.35000610351562,57391,0.0,0.0,2023-08-03
2794,2023-08-03 10:45:00+05:30,170.35000610351562,170.35000610351562,169.89999389648438,169.89999389648438,22348,0.0,0.0,2023-08-03
2795,2023-08-03 10:50:00+05:30,169.9499969482422,170.25,169.8000030517578,170.25,20960,0.0,0.0,2023-08-03
2796,2023-08-03 10:55:00+05:30,170.3000030517578,170.60000610351562,170.14999389648438,170.60000610351562,24941,0.0,0.0,2023-08-03
2797,2023-08-03 11:00:00+05:30,170.60000610351562,170.85000610351562,170.5500030517578,170.75,40135,0.0,0.0,2023-08-03
2798,2023-08-03 11:05:00+05:30,170.64999389648438,171.14999389648438,170.60000610351562,171.14999389648438,51681,0.0,0.0,2023-08-03
2799,2023-08-03 11:10:00+05:30,171.10000610351562,171.1999969482422,170.9499969482422,171.14999389648438,35810,0.0,0.0,2023-08-03
2800,2023-08-03 11:15:00+05:30,171.25,172.0500030517578,171.14999389648438,172.0,345285,0.0,0.0,2023-08-03
2801,2023-08-03 11:20:00+05:30,172.0,172.10000610351562,171.5,171.5,118641,0.0,0.0,2023-08-03
2802,2023-08-03 11:25:00+05:30,171.5,171.75,171.39999389648438,171.64999389648438,389598,0.0,0.0,2023-08-03
2803,2023-08-03 11:30:00+05:30,171.64999389648438,171.8000030517578,171.39999389648438,171.39999389648438,50431,0.0,0.0,2023-08-03
2804,2023-08-03 11:35:00+05:30,171.5,171.5,170.75,170.8000030517578,55864,0.0,0.0,2023-08-03
2805,2023-08-03 11:40:00+05:30,170.89999389648438,171.5500030517578,170.89999389648438,171.5500030517578,47222,0.0,0.0,2023-08-03
2806,2023-08-03 11:45:00+05:30,171.4499969482422,171.5500030517578,171.25,171.39999389648438,14670,0.0,0.0,2023-08-03
2807,2023-08-03 11:50:00+05:30,171.35000610351562,171.4499969482422,171.0,171.14999389648438,43700,0.0,0.0,2023-08-03
2808,2023-08-03 11:55:00+05:30,171.3000030517578,171.39999389648438,171.0500030517578,171.10000610351562,40205,0.0,0.0,2023-08-03
2809,2023-08-03 12:00:00+05:30,171.1999969482422,171.60000610351562,171.0,171.0,36258,0.0,0.0,2023-08-03
2810,2023-08-03 12:05:00+05:30,171.0,171.35000610351562,171.0,171.25,10630,0.0,0.0,2023-08-03
2811,2023-08-03 12:10:00+05:30,171.10000610351562,171.25,170.75,171.14999389648438,117867,0.0,0.0,2023-08-03
2812,2023-08-03 12:15:00+05:30,171.0500030517578,171.3000030517578,171.0500030517578,171.14999389648438,120939,0.0,0.0,2023-08-03
2813,2023-08-03 12:20:00+05:30,171.1999969482422,171.25,170.8000030517578,170.9499969482422,63818,0.0,0.0,2023-08-03
2814,2023-08-03 12:25:00+05:30,170.89999389648438,170.89999389648438,170.5,170.6999969482422,71344,0.0,0.0,2023-08-03
2815,2023-08-03 12:30:00+05:30,170.8000030517578,170.8000030517578,170.25,170.64999389648438,81628,0.0,0.0,2023-08-03
2816,2023-08-03 12:35:00+05:30,170.64999389648438,170.64999389648438,170.39999389648438,170.39999389648438,20221,0.0,0.0,2023-08-03
2817,2023-08-03 12:40:00+05:30,170.35000610351562,170.64999389648438,170.35000610351562,170.64999389648438,52505,0.0,0.0,2023-08-03
2818,2023-08-03 12:45:00+05:30,170.6999969482422,170.8000030517578,170.4499969482422,170.4499969482422,177076,0.0,0.0,2023-08-03
2819,2023-08-03 12:50:00+05:30,170.35000610351562,170.35000610351562,169.9499969482422,169.9499969482422,62309,0.0,0.0,2023-08-03
2820,2023-08-03 12:55:00+05:30,170.0,170.0,169.3000030517578,169.60000610351562,131903,0.0,0.0,2023-08-03
2821,2023-08-03 13:00:00+05:30,169.5500030517578,169.8000030517578,169.10000610351562,169.75,91084,0.0,0.0,2023-08-03
2822,2023-08-03 13:05:00+05:30,169.6999969482422,170.14999389648438,169.39999389648438,170.0,38365,0.0,0.0,2023-08-03
2823,2023-08-03 13:10:00+05:30,170.0,170.35000610351562,169.89999389648438,170.3000030517578,45774,0.0,0.0,2023-08-03
2824,2023-08-03 13:15:00+05:30,170.25,170.64999389648438,170.0500030517578,170.4499969482422,74167,0.0,0.0,2023-08-03
2825,2023-08-03 13:20:00+05:30,170.5,170.5500030517578,170.0,170.1999969482422,39082,0.0,0.0,2023-08-03
2826,2023-08-03 13:25:00+05:30,170.35000610351562,170.35000610351562,169.9499969482422,169.9499969482422,32538,0.0,0.0,2023-08-03
2827,2023-08-03 13:30:00+05:30,170.0,170.25,169.8000030517578,170.25,29094,0.0,0.0,2023-08-03
2828,2023-08-03 13:35:00+05:30,170.25,170.25,170.0,170.0500030517578,22179,0.0,0.0,2023-08-03
2829,2023-08-03 13:40:00+05:30,170.0500030517578,170.10000610351562,169.64999389648438,169.85000610351562,51886,0.0,0.0,2023-08-03
2830,2023-08-03 13:45:00+05:30,169.75,169.75,169.35000610351562,169.5,43549,0.0,0.0,2023-08-03
2831,2023-08-03 13:50:00+05:30,169.60000610351562,170.0,169.5500030517578,169.60000610351562,36233,0.0,0.0,2023-08-03
2832,2023-08-03 13:55:00+05:30,169.60000610351562,169.75,169.3000030517578,169.35000610351562,64229,0.0,0.0,2023-08-03
2833,2023-08-03 14:00:00+05:30,169.35000610351562,169.60000610351562,169.0500030517578,169.5,68847,0.0,0.0,2023-08-03
2834,2023-08-03 14:05:00+05:30,169.64999389648438,169.64999389648438,169.3000030517578,169.5,37392,0.0,0.0,2023-08-03
2835,2023-08-03 14:10:00+05:30,169.5,169.6999969482422,169.25,169.4499969482422,39508,0.0,0.0,2023-08-03
2836,2023-08-03 14:15:00+05:30,169.5,169.6999969482422,169.35000610351562,169.5,53492,0.0,0.0,2023-08-03
2837,2023-08-03 14:20:00+05:30,169.5,169.9499969482422,169.4499969482422,169.85000610351562,70085,0.0,0.0,2023-08-03
2838,2023-08-03 14:25:00+05:30,169.9499969482422,170.10000610351562,169.75,170.0,47872,0.0,0.0,2023-08-03
2839,2023-08-03 14:30:00+05:30,170.0,170.1999969482422,169.89999389648438,170.0,32187,0.0,0.0,2023-08-03
2840,2023-08-03 14:35:00+05:30,170.0,170.35000610351562,169.85000610351562,170.35000610351562,58004,0.0,0.0,2023-08-03
2841,2023-08-03 14:40:00+05:30,170.39999389648438,170.39999389648438,169.9499969482422,170.0,47268,0.0,0.0,2023-08-03
2842,2023-08-03 14:45:00+05:30,169.9499969482422,170.3000030517578,169.89999389648438,170.14999389648438,70636,0.0,0.0,2023-08-03
2843,2023-08-03 14:50:00+05:30,170.0500030517578,170.3000030517578,169.85000610351562,170.25,102430,0.0,0.0,2023-08-03
2844,2023-08-03 14:55:00+05:30,170.1999969482422,170.6999969482422,170.1999969482422,170.60000610351562,125288,0.0,0.0,2023-08-03
2845,2023-08-03 15:00:00+05:30,170.64999389648438,171.0,170.39999389648438,170.89999389648438,105200,0.0,0.0,2023-08-03
2846,2023-08-03 15:05:00+05:30,170.85000610351562,171.0,170.4499969482422,170.9499969482422,106580,0.0,0.0,2023-08-03
2847,2023-08-03 15:10:00+05:30,171.0,171.3000030517578,171.0,171.1999969482422,109310,0.0,0.0,2023-08-03
2848,2023-08-03 15:15:00+05:30,171.3000030517578,171.4499969482422,171.1999969482422,171.39999389648438,115072,0.0,0.0,2023-08-03
2849,2023-08-03 15:20:00+05:30,171.3000030517578,171.39999389648438,171.0500030517578,171.10000610351562,135618,0.0,0.0,2023-08-03
2850,2023-08-03 15:25:00+05:30,171.10000610351562,171.64999389648438,170.64999389648438,171.14999389648438,111033,0.0,0.0,2023-08-03
2851,2023-08-04 09:15:00+05:30,171.4499969482422,172.0500030517578,171.10000610351562,171.89999389648438,104257,0.0,0.0,2023-08-04
2852,2023-08-04 09:20:00+05:30,172.0,172.10000610351562,171.64999389648438,172.0,81592,0.0,0.0,2023-08-04
2853,2023-08-04 09:25:00+05:30,171.89999389648438,172.10000610351562,171.8000030517578,171.89999389648438,36445,0.0,0.0,2023-08-04
2854,2023-08-04 09:30:00+05:30,171.85000610351562,171.89999389648438,171.39999389648438,171.75,59358,0.0,0.0,2023-08-04
2855,2023-08-04 09:35:00+05:30,171.75,171.8000030517578,171.35000610351562,171.4499969482422,37628,0.0,0.0,2023-08-04
2856,2023-08-04 09:40:00+05:30,171.4499969482422,171.5500030517578,171.0,171.0,50842,0.0,0.0,2023-08-04
2857,2023-08-04 09:45:00+05:30,170.6999969482422,171.5,170.60000610351562,171.35000610351562,63660,0.0,0.0,2023-08-04
2858,2023-08-04 09:50:00+05:30,171.39999389648438,171.75,171.1999969482422,171.60000610351562,50111,0.0,0.0,2023-08-04
2859,2023-08-04 09:55:00+05:30,171.5500030517578,171.8000030517578,171.14999389648438,171.8000030517578,84438,0.0,0.0,2023-08-04
2860,2023-08-04 10:00:00+05:30,171.85000610351562,172.14999389648438,171.6999969482422,172.10000610351562,166386,0.0,0.0,2023-08-04
2861,2023-08-04 10:05:00+05:30,172.1999969482422,172.60000610351562,172.10000610351562,172.25,321748,0.0,0.0,2023-08-04
2862,2023-08-04 10:10:00+05:30,172.10000610351562,173.8000030517578,172.0,173.8000030517578,291909,0.0,0.0,2023-08-04
2863,2023-08-04 10:15:00+05:30,173.8000030517578,174.0,172.75,173.25,166902,0.0,0.0,2023-08-04
2864,2023-08-04 10:20:00+05:30,173.0500030517578,173.1999969482422,172.35000610351562,172.75,67916,0.0,0.0,2023-08-04
2865,2023-08-04 10:25:00+05:30,172.5500030517578,173.0,172.5,173.0,134262,0.0,0.0,2023-08-04
2866,2023-08-04 10:30:00+05:30,173.0500030517578,173.1999969482422,172.64999389648438,172.8000030517578,46652,0.0,0.0,2023-08-04
2867,2023-08-04 10:35:00+05:30,172.60000610351562,172.89999389648438,172.10000610351562,172.3000030517578,140359,0.0,0.0,2023-08-04
2868,2023-08-04 10:40:00+05:30,172.3000030517578,172.9499969482422,172.3000030517578,172.85000610351562,48754,0.0,0.0,2023-08-04
2869,2023-08-04 10:45:00+05:30,172.8000030517578,172.89999389648438,172.60000610351562,172.8000030517578,13308,0.0,0.0,2023-08-04
2870,2023-08-04 10:50:00+05:30,172.85000610351562,172.89999389648438,172.60000610351562,172.8000030517578,13260,0.0,0.0,2023-08-04
2871,2023-08-04 10:55:00+05:30,172.8000030517578,173.10000610351562,172.8000030517578,173.10000610351562,35526,0.0,0.0,2023-08-04
2872,2023-08-04 11:00:00+05:30,173.0,173.25,173.0,173.10000610351562,22963,0.0,0.0,2023-08-04
2873,2023-08-04 11:05:00+05:30,173.10000610351562,175.0500030517578,173.10000610351562,174.10000610351562,448456,0.0,0.0,2023-08-04
2874,2023-08-04 11:10:00+05:30,174.0500030517578,174.5500030517578,173.8000030517578,173.9499969482422,117433,0.0,0.0,2023-08-04
2875,2023-08-04 11:15:00+05:30,173.9499969482422,174.39999389648438,173.9499969482422,174.10000610351562,57155,0.0,0.0,2023-08-04
2876,2023-08-04 11:20:00+05:30,174.0,174.14999389648438,173.64999389648438,173.64999389648438,53436,0.0,0.0,2023-08-04
2877,2023-08-04 11:25:00+05:30,173.64999389648438,173.8000030517578,173.5,173.60000610351562,30616,0.0,0.0,2023-08-04
2878,2023-08-04 11:30:00+05:30,173.64999389648438,173.75,173.39999389648438,173.5,22350,0.0,0.0,2023-08-04
2879,2023-08-04 11:35:00+05:30,173.5,173.89999389648438,173.4499969482422,173.6999969482422,39128,0.0,0.0,2023-08-04
2880,2023-08-04 11:40:00+05:30,173.64999389648438,173.75,173.5,173.64999389648438,6990,0.0,0.0,2023-08-04
2881,2023-08-04 11:45:00+05:30,173.64999389648438,173.9499969482422,173.60000610351562,173.75,21005,0.0,0.0,2023-08-04
2882,2023-08-04 11:50:00+05:30,173.89999389648438,174.0,173.75,173.8000030517578,18315,0.0,0.0,2023-08-04
2883,2023-08-04 11:55:00+05:30,173.8000030517578,174.1999969482422,173.75,174.1999969482422,41615,0.0,0.0,2023-08-04
2884,2023-08-04 12:00:00+05:30,174.1999969482422,174.1999969482422,173.8000030517578,173.85000610351562,21685,0.0,0.0,2023-08-04
2885,2023-08-04 12:05:00+05:30,173.85000610351562,173.85000610351562,173.75,173.75,51277,0.0,0.0,2023-08-04
2886,2023-08-04 12:10:00+05:30,173.75,174.0,173.75,173.8000030517578,28007,0.0,0.0,2023-08-04
2887,2023-08-04 12:15:00+05:30,173.8000030517578,174.1999969482422,173.8000030517578,174.10000610351562,20641,0.0,0.0,2023-08-04
2888,2023-08-04 12:20:00+05:30,174.0500030517578,174.64999389648438,174.0500030517578,174.1999969482422,55264,0.0,0.0,2023-08-04
2889,2023-08-04 12:25:00+05:30,174.25,174.39999389648438,174.0500030517578,174.10000610351562,18713,0.0,0.0,2023-08-04
2890,2023-08-04 12:30:00+05:30,174.0500030517578,174.5500030517578,173.85000610351562,174.3000030517578,37865,0.0,0.0,2023-08-04
2891,2023-08-04 12:35:00+05:30,174.35000610351562,174.35000610351562,173.75,173.8000030517578,18995,0.0,0.0,2023-08-04
2892,2023-08-04 12:40:00+05:30,173.89999389648438,174.25,173.75,174.14999389648438,31915,0.0,0.0,2023-08-04
2893,2023-08-04 12:45:00+05:30,174.0500030517578,174.3000030517578,173.9499969482422,173.9499969482422,47073,0.0,0.0,2023-08-04
2894,2023-08-04 12:50:00+05:30,174.0,174.10000610351562,173.75,173.85000610351562,34182,0.0,0.0,2023-08-04
2895,2023-08-04 12:55:00+05:30,173.85000610351562,174.0,173.8000030517578,173.8000030517578,11036,0.0,0.0,2023-08-04
2896,2023-08-04 13:00:00+05:30,173.89999389648438,174.0500030517578,173.8000030517578,173.9499969482422,20792,0.0,0.0,2023-08-04
2897,2023-08-04 13:05:00+05:30,173.8000030517578,174.14999389648438,173.8000030517578,174.0,51386,0.0,0.0,2023-08-04
2898,2023-08-04 13:10:00+05:30,174.0,174.0,173.75,173.75,47065,0.0,0.0,2023-08-04
2899,2023-08-04 13:15:00+05:30,173.85000610351562,173.85000610351562,173.75,173.8000030517578,25182,0.0,0.0,2023-08-04
2900,2023-08-04 13:20:00+05:30,173.85000610351562,173.85000610351562,173.5,173.5500030517578,48788,0.0,0.0,2023-08-04
2901,2023-08-04 13:25:00+05:30,173.5500030517578,173.9499969482422,173.39999389648438,173.75,35910,0.0,0.0,2023-08-04
2902,2023-08-04 13:30:00+05:30,173.75,174.3000030517578,173.5500030517578,173.5500030517578,84095,0.0,0.0,2023-08-04
2903,2023-08-04 13:35:00+05:30,173.5500030517578,174.25,173.39999389648438,174.25,41710,0.0,0.0,2023-08-04
2904,2023-08-04 13:40:00+05:30,174.39999389648438,174.60000610351562,174.0500030517578,174.35000610351562,54601,0.0,0.0,2023-08-04
2905,2023-08-04 13:45:00+05:30,174.25,174.35000610351562,174.0500030517578,174.14999389648438,9117,0.0,0.0,2023-08-04
2906,2023-08-04 13:50:00+05:30,174.0,174.0,173.4499969482422,173.5500030517578,45469,0.0,0.0,2023-08-04
2907,2023-08-04 13:55:00+05:30,173.5,173.85000610351562,173.4499969482422,173.5,16442,0.0,0.0,2023-08-04
2908,2023-08-04 14:00:00+05:30,173.4499969482422,173.5,173.10000610351562,173.1999969482422,59763,0.0,0.0,2023-08-04
2909,2023-08-04 14:05:00+05:30,173.1999969482422,173.1999969482422,172.75,172.75,33156,0.0,0.0,2023-08-04
2910,2023-08-04 14:10:00+05:30,172.75,174.0,172.75,173.64999389648438,60199,0.0,0.0,2023-08-04
2911,2023-08-04 14:15:00+05:30,173.6999969482422,173.75,173.4499969482422,173.60000610351562,13594,0.0,0.0,2023-08-04
2912,2023-08-04 14:20:00+05:30,173.6999969482422,173.89999389648438,173.5,173.6999969482422,5701,0.0,0.0,2023-08-04
2913,2023-08-04 14:25:00+05:30,173.5500030517578,173.8000030517578,173.5,173.5,9477,0.0,0.0,2023-08-04
2914,2023-08-04 14:30:00+05:30,173.64999389648438,173.8000030517578,173.5,173.64999389648438,13595,0.0,0.0,2023-08-04
2915,2023-08-04 14:35:00+05:30,173.60000610351562,173.8000030517578,173.4499969482422,173.60000610351562,13970,0.0,0.0,2023-08-04
2916,2023-08-04 14:40:00+05:30,173.6999969482422,173.6999969482422,173.1999969482422,173.25,12630,0.0,0.0,2023-08-04
2917,2023-08-04 14:45:00+05:30,173.3000030517578,173.64999389648438,173.3000030517578,173.4499969482422,17381,0.0,0.0,2023-08-04
2918,2023-08-04 14:50:00+05:30,173.39999389648438,173.64999389648438,173.39999389648438,173.5500030517578,19015,0.0,0.0,2023-08-04
2919,2023-08-04 14:55:00+05:30,173.5500030517578,173.64999389648438,173.39999389648438,173.4499969482422,28259,0.0,0.0,2023-08-04
2920,2023-08-04 15:00:00+05:30,173.64999389648438,173.8000030517578,173.0500030517578,173.0500030517578,45492,0.0,0.0,2023-08-04
2921,2023-08-04 15:05:00+05:30,173.10000610351562,173.39999389648438,173.10000610351562,173.3000030517578,48557,0.0,0.0,2023-08-04
2922,2023-08-04 15:10:00+05:30,173.1999969482422,173.39999389648438,173.0500030517578,173.1999969482422,68459,0.0,0.0,2023-08-04
2923,2023-08-04 15:15:00+05:30,173.25,173.25,172.60000610351562,173.14999389648438,86847,0.0,0.0,2023-08-04
2924,2023-08-04 15:20:00+05:30,173.14999389648438,173.14999389648438,172.8000030517578,172.9499969482422,102145,0.0,0.0,2023-08-04
2925,2023-08-04 15:25:00+05:30,172.89999389648438,173.0,172.39999389648438,173.0,88185,0.0,0.0,2023-08-04
