,Timestamp,Open,High,Low,Close,Volume,Dividends,Stock Splits,Date
0,2023-05-24 09:30:00-04:00,84.04000091552734,84.37000274658203,83.8499984741211,84.03500366210938,46690,0.0,0.0,2023-05-24
1,2023-05-24 09:35:00-04:00,84.05000305175781,84.16000366210938,83.56999969482422,83.56999969482422,120824,0.0,0.0,2023-05-24
2,2023-05-24 09:40:00-04:00,83.52999877929688,83.7699966430664,83.33999633789062,83.70999908447266,17373,0.0,0.0,2023-05-24
3,2023-05-24 09:45:00-04:00,83.77999877929688,83.94000244140625,83.77999877929688,83.81999969482422,8780,0.0,0.0,2023-05-24
4,2023-05-24 09:50:00-04:00,83.80000305175781,83.86000061035156,83.58499908447266,83.58499908447266,19265,0.0,0.0,2023-05-24
5,2023-05-24 09:55:00-04:00,83.5999984741211,83.68000030517578,83.22000122070312,83.44499969482422,23392,0.0,0.0,2023-05-24
6,2023-05-24 10:00:00-04:00,83.44999694824219,83.5,83.19999694824219,83.25,13934,0.0,0.0,2023-05-24
7,2023-05-24 10:05:00-04:00,83.25,83.30999755859375,82.97000122070312,83.06999969482422,21030,0.0,0.0,2023-05-24
8,2023-05-24 10:10:00-04:00,83.06500244140625,83.08999633789062,82.9800033569336,83.0,21847,0.0,0.0,2023-05-24
9,2023-05-24 10:15:00-04:00,83.0,83.02999877929688,82.75,82.80000305175781,44325,0.0,0.0,2023-05-24
10,2023-05-24 10:20:00-04:00,82.83999633789062,82.83999633789062,82.56500244140625,82.58499908447266,25081,0.0,0.0,2023-05-24
11,2023-05-24 10:25:00-04:00,82.55000305175781,82.72000122070312,82.55000305175781,82.66999816894531,33850,0.0,0.0,2023-05-24
12,2023-05-24 10:30:00-04:00,82.6500015258789,82.93000030517578,82.6500015258789,82.8550033569336,33416,0.0,0.0,2023-05-24
13,2023-05-24 10:35:00-04:00,82.83499908447266,83.01000213623047,82.83499908447266,82.94999694824219,32698,0.0,0.0,2023-05-24
14,2023-05-24 10:40:00-04:00,82.95999908447266,83.08999633789062,82.94999694824219,82.94999694824219,18986,0.0,0.0,2023-05-24
15,2023-05-24 10:45:00-04:00,82.94000244140625,83.05000305175781,82.91000366210938,83.04000091552734,20339,0.0,0.0,2023-05-24
16,2023-05-24 10:50:00-04:00,83.04000091552734,83.20999908447266,82.9800033569336,83.08999633789062,58006,0.0,0.0,2023-05-24
17,2023-05-24 10:55:00-04:00,83.05000305175781,83.12000274658203,82.97000122070312,83.0250015258789,19851,0.0,0.0,2023-05-24
18,2023-05-24 11:00:00-04:00,83.04000091552734,83.19999694824219,83.04000091552734,83.04499816894531,18098,0.0,0.0,2023-05-24
19,2023-05-24 11:05:00-04:00,83.02999877929688,83.05000305175781,82.9800033569336,83.0199966430664,17218,0.0,0.0,2023-05-24
20,2023-05-24 11:10:00-04:00,83.0199966430664,83.04000091552734,82.875,82.9000015258789,15511,0.0,0.0,2023-05-24
21,2023-05-24 11:15:00-04:00,82.9000015258789,82.91999816894531,82.7699966430664,82.82499694824219,17346,0.0,0.0,2023-05-24
22,2023-05-24 11:20:00-04:00,82.80999755859375,83.0,82.80000305175781,82.93000030517578,21619,0.0,0.0,2023-05-24
23,2023-05-24 11:25:00-04:00,82.9800033569336,83.1500015258789,82.93000030517578,82.9800033569336,18014,0.0,0.0,2023-05-24
24,2023-05-24 11:30:00-04:00,82.95999908447266,83.04000091552734,82.9000015258789,83.0,14888,0.0,0.0,2023-05-24
25,2023-05-24 11:35:00-04:00,83.0,83.1500015258789,83.0,83.04499816894531,17659,0.0,0.0,2023-05-24
26,2023-05-24 11:40:00-04:00,83.04499816894531,83.04499816894531,82.7699966430664,82.79000091552734,33189,0.0,0.0,2023-05-24
27,2023-05-24 11:45:00-04:00,82.81999969482422,82.83999633789062,82.62000274658203,82.63999938964844,10845,0.0,0.0,2023-05-24
28,2023-05-24 11:50:00-04:00,82.6500015258789,82.72000122070312,82.58000183105469,82.63999938964844,19025,0.0,0.0,2023-05-24
29,2023-05-24 11:55:00-04:00,82.6449966430664,82.75,82.6449966430664,82.69000244140625,11614,0.0,0.0,2023-05-24
30,2023-05-24 12:00:00-04:00,82.69999694824219,82.88999938964844,82.69999694824219,82.88500213623047,10064,0.0,0.0,2023-05-24
31,2023-05-24 12:05:00-04:00,82.88500213623047,82.95999908447266,82.88500213623047,82.9000015258789,15455,0.0,0.0,2023-05-24
32,2023-05-24 12:10:00-04:00,82.9000015258789,82.91500091552734,82.8499984741211,82.8949966430664,21530,0.0,0.0,2023-05-24
33,2023-05-24 12:15:00-04:00,82.9000015258789,82.9000015258789,82.75,82.80999755859375,10256,0.0,0.0,2023-05-24
34,2023-05-24 12:20:00-04:00,82.79000091552734,82.97000122070312,82.79000091552734,82.95999908447266,20814,0.0,0.0,2023-05-24
35,2023-05-24 12:25:00-04:00,82.99500274658203,83.0,82.75,82.75,14451,0.0,0.0,2023-05-24
36,2023-05-24 12:30:00-04:00,82.77999877929688,82.91000366210938,82.75,82.9000015258789,22478,0.0,0.0,2023-05-24
37,2023-05-24 12:35:00-04:00,82.91000366210938,82.97000122070312,82.80000305175781,82.97000122070312,11817,0.0,0.0,2023-05-24
38,2023-05-24 12:40:00-04:00,82.9749984741211,83.12000274658203,82.94999694824219,83.0999984741211,15619,0.0,0.0,2023-05-24
39,2023-05-24 12:45:00-04:00,83.09500122070312,83.2300033569336,83.09500122070312,83.1500015258789,14381,0.0,0.0,2023-05-24
40,2023-05-24 12:50:00-04:00,83.18499755859375,83.32499694824219,83.13999938964844,83.13999938964844,20418,0.0,0.0,2023-05-24
41,2023-05-24 12:55:00-04:00,83.0999984741211,83.19999694824219,83.06999969482422,83.1050033569336,16954,0.0,0.0,2023-05-24
42,2023-05-24 13:00:00-04:00,83.1050033569336,83.1500015258789,83.01499938964844,83.01499938964844,26063,0.0,0.0,2023-05-24
43,2023-05-24 13:05:00-04:00,82.98999786376953,83.08999633789062,82.94999694824219,83.08999633789062,23301,0.0,0.0,2023-05-24
44,2023-05-24 13:10:00-04:00,83.06999969482422,83.16000366210938,83.05999755859375,83.12999725341797,37894,0.0,0.0,2023-05-24
45,2023-05-24 13:15:00-04:00,83.12999725341797,83.27999877929688,83.11000061035156,83.16500091552734,19571,0.0,0.0,2023-05-24
46,2023-05-24 13:20:00-04:00,83.16999816894531,83.20999908447266,83.05999755859375,83.05999755859375,13042,0.0,0.0,2023-05-24
47,2023-05-24 13:25:00-04:00,83.05000305175781,83.05000305175781,82.87999725341797,82.97000122070312,11873,0.0,0.0,2023-05-24
48,2023-05-24 13:30:00-04:00,82.97000122070312,83.11000061035156,82.95999908447266,83.0999984741211,16456,0.0,0.0,2023-05-24
49,2023-05-24 13:35:00-04:00,83.08999633789062,83.08999633789062,83.01499938964844,83.06999969482422,7431,0.0,0.0,2023-05-24
50,2023-05-24 13:40:00-04:00,83.05000305175781,83.30999755859375,83.05000305175781,83.2699966430664,29017,0.0,0.0,2023-05-24
51,2023-05-24 13:45:00-04:00,83.2300033569336,83.30000305175781,83.08999633789062,83.16999816894531,36648,0.0,0.0,2023-05-24
52,2023-05-24 13:50:00-04:00,83.18000030517578,83.26000213623047,83.02999877929688,83.19999694824219,28291,0.0,0.0,2023-05-24
53,2023-05-24 13:55:00-04:00,83.20999908447266,83.3499984741211,83.19000244140625,83.19000244140625,12765,0.0,0.0,2023-05-24
54,2023-05-24 14:00:00-04:00,83.2300033569336,83.2699966430664,83.05999755859375,83.05999755859375,9033,0.0,0.0,2023-05-24
55,2023-05-24 14:05:00-04:00,83.09510040283203,83.0999984741211,83.0,83.0,7613,0.0,0.0,2023-05-24
56,2023-05-24 14:10:00-04:00,83.0199966430664,83.1500015258789,82.94999694824219,83.1500015258789,19947,0.0,0.0,2023-05-24
57,2023-05-24 14:15:00-04:00,83.12000274658203,83.20999908447266,83.0999984741211,83.11499786376953,14742,0.0,0.0,2023-05-24
58,2023-05-24 14:20:00-04:00,83.0999984741211,83.0999984741211,82.95500183105469,83.08000183105469,11453,0.0,0.0,2023-05-24
59,2023-05-24 14:25:00-04:00,83.05000305175781,83.05000305175781,82.95999908447266,83.0199966430664,40662,0.0,0.0,2023-05-24
60,2023-05-24 14:30:00-04:00,83.0199966430664,83.11000061035156,83.0,83.0999984741211,13398,0.0,0.0,2023-05-24
61,2023-05-24 14:35:00-04:00,83.12999725341797,83.31999969482422,83.0999984741211,83.30999755859375,13064,0.0,0.0,2023-05-24
62,2023-05-24 14:40:00-04:00,83.33000183105469,83.33000183105469,83.16999816894531,83.16999816894531,15248,0.0,0.0,2023-05-24
63,2023-05-24 14:45:00-04:00,83.19999694824219,83.22000122070312,83.13009643554688,83.19000244140625,11688,0.0,0.0,2023-05-24
64,2023-05-24 14:50:00-04:00,83.19000244140625,83.27999877929688,83.18000030517578,83.22000122070312,41860,0.0,0.0,2023-05-24
65,2023-05-24 14:55:00-04:00,83.22000122070312,83.22000122070312,83.02999877929688,83.02999877929688,11473,0.0,0.0,2023-05-24
66,2023-05-24 15:00:00-04:00,83.05000305175781,83.05999755859375,82.94000244140625,82.95999908447266,23702,0.0,0.0,2023-05-24
67,2023-05-24 15:05:00-04:00,82.98999786376953,83.16000366210938,82.96499633789062,82.9749984741211,32215,0.0,0.0,2023-05-24
68,2023-05-24 15:10:00-04:00,82.9800033569336,83.16000366210938,82.97000122070312,83.07499694824219,31902,0.0,0.0,2023-05-24
69,2023-05-24 15:15:00-04:00,83.0999984741211,83.36000061035156,83.05000305175781,83.33000183105469,19130,0.0,0.0,2023-05-24
70,2023-05-24 15:20:00-04:00,83.33000183105469,83.43000030517578,83.19999694824219,83.22000122070312,17646,0.0,0.0,2023-05-24
71,2023-05-24 15:25:00-04:00,83.27999877929688,83.37000274658203,83.23999786376953,83.37000274658203,36037,0.0,0.0,2023-05-24
72,2023-05-24 15:30:00-04:00,83.36000061035156,83.55000305175781,83.35070037841797,83.44000244140625,36013,0.0,0.0,2023-05-24
73,2023-05-24 15:35:00-04:00,83.43000030517578,83.5199966430664,83.36000061035156,83.51499938964844,56305,0.0,0.0,2023-05-24
74,2023-05-24 15:40:00-04:00,83.5199966430664,83.55999755859375,83.31999969482422,83.48500061035156,48067,0.0,0.0,2023-05-24
75,2023-05-24 15:45:00-04:00,83.5,83.5,83.23999786376953,83.41999816894531,31831,0.0,0.0,2023-05-24
76,2023-05-24 15:50:00-04:00,83.4000015258789,83.54000091552734,83.16000366210938,83.45500183105469,98899,0.0,0.0,2023-05-24
77,2023-05-24 15:55:00-04:00,83.31999969482422,83.51000213623047,83.29000091552734,83.33000183105469,182590,0.0,0.0,2023-05-24
78,2023-05-25 09:30:00-04:00,83.19999694824219,83.19999694824219,82.5,82.69999694824219,29914,0.0,0.0,2023-05-25
79,2023-05-25 09:35:00-04:00,82.69999694824219,82.72000122070312,82.46499633789062,82.55000305175781,26578,0.0,0.0,2023-05-25
80,2023-05-25 09:40:00-04:00,82.5199966430664,82.58999633789062,82.43000030517578,82.58999633789062,33079,0.0,0.0,2023-05-25
81,2023-05-25 09:45:00-04:00,82.58499908447266,82.77999877929688,82.44999694824219,82.47000122070312,12477,0.0,0.0,2023-05-25
82,2023-05-25 09:50:00-04:00,82.5,82.61000061035156,82.44000244140625,82.48500061035156,13141,0.0,0.0,2023-05-25
83,2023-05-25 09:55:00-04:00,82.52999877929688,82.95999908447266,82.52999877929688,82.95999908447266,9531,0.0,0.0,2023-05-25
84,2023-05-25 10:00:00-04:00,82.8949966430664,83.02999877929688,82.77999877929688,82.87999725341797,16281,0.0,0.0,2023-05-25
85,2023-05-25 10:05:00-04:00,82.87999725341797,82.94999694824219,82.6449966430664,82.6449966430664,18462,0.0,0.0,2023-05-25
86,2023-05-25 10:10:00-04:00,82.5999984741211,82.87000274658203,82.5999984741211,82.79000091552734,19020,0.0,0.0,2023-05-25
87,2023-05-25 10:15:00-04:00,82.79499816894531,83.05000305175781,82.77999877929688,82.98500061035156,14968,0.0,0.0,2023-05-25
88,2023-05-25 10:20:00-04:00,82.98500061035156,83.05999755859375,82.97000122070312,83.04000091552734,9261,0.0,0.0,2023-05-25
89,2023-05-25 10:25:00-04:00,83.05999755859375,83.12999725341797,82.91000366210938,83.0,13759,0.0,0.0,2023-05-25
90,2023-05-25 10:30:00-04:00,83.0,83.0,82.68000030517578,82.69999694824219,31745,0.0,0.0,2023-05-25
91,2023-05-25 10:35:00-04:00,82.69499969482422,82.76000213623047,82.56999969482422,82.62000274658203,10909,0.0,0.0,2023-05-25
92,2023-05-25 10:40:00-04:00,82.66000366210938,82.77999877929688,82.63999938964844,82.65499877929688,8851,0.0,0.0,2023-05-25
93,2023-05-25 10:45:00-04:00,82.65499877929688,82.75,82.56999969482422,82.59750366210938,16611,0.0,0.0,2023-05-25
94,2023-05-25 10:50:00-04:00,82.62000274658203,82.62999725341797,82.54000091552734,82.56500244140625,16952,0.0,0.0,2023-05-25
95,2023-05-25 10:55:00-04:00,82.56500244140625,82.66500091552734,82.41999816894531,82.66500091552734,28817,0.0,0.0,2023-05-25
96,2023-05-25 11:00:00-04:00,82.68000030517578,82.76000213623047,82.6500015258789,82.65499877929688,8856,0.0,0.0,2023-05-25
97,2023-05-25 11:05:00-04:00,82.5999984741211,82.62999725341797,82.51000213623047,82.5999984741211,15862,0.0,0.0,2023-05-25
98,2023-05-25 11:10:00-04:00,82.47000122070312,82.55000305175781,82.31999969482422,82.3499984741211,29950,0.0,0.0,2023-05-25
99,2023-05-25 11:15:00-04:00,82.3499984741211,82.51000213623047,82.26000213623047,82.30000305175781,44428,0.0,0.0,2023-05-25
100,2023-05-25 11:20:00-04:00,82.2699966430664,82.41000366210938,82.19999694824219,82.29499816894531,33415,0.0,0.0,2023-05-25
101,2023-05-25 11:25:00-04:00,82.29499816894531,82.4000015258789,82.27999877929688,82.31999969482422,23006,0.0,0.0,2023-05-25
102,2023-05-25 11:30:00-04:00,82.29000091552734,82.31999969482422,82.16999816894531,82.27999877929688,11600,0.0,0.0,2023-05-25
103,2023-05-25 11:35:00-04:00,82.27999877929688,82.33999633789062,82.23999786376953,82.25,10683,0.0,0.0,2023-05-25
104,2023-05-25 11:40:00-04:00,82.25,82.29000091552734,82.18000030517578,82.18000030517578,24510,0.0,0.0,2023-05-25
105,2023-05-25 11:45:00-04:00,82.23999786376953,82.25,81.99500274658203,82.22000122070312,26760,0.0,0.0,2023-05-25
106,2023-05-25 11:50:00-04:00,82.18000030517578,82.18000030517578,81.94999694824219,82.04499816894531,14820,0.0,0.0,2023-05-25
107,2023-05-25 11:55:00-04:00,81.9800033569336,82.06999969482422,81.9000015258789,82.0199966430664,11953,0.0,0.0,2023-05-25
108,2023-05-25 12:00:00-04:00,82.04000091552734,82.19999694824219,82.04000091552734,82.16000366210938,24552,0.0,0.0,2023-05-25
109,2023-05-25 12:05:00-04:00,82.18000030517578,82.3499984741211,82.16999816894531,82.29000091552734,10842,0.0,0.0,2023-05-25
110,2023-05-25 12:10:00-04:00,82.36000061035156,82.4000015258789,82.33999633789062,82.33999633789062,6846,0.0,0.0,2023-05-25
111,2023-05-25 12:15:00-04:00,82.33999633789062,82.51499938964844,82.33000183105469,82.48999786376953,12192,0.0,0.0,2023-05-25
112,2023-05-25 12:20:00-04:00,82.48999786376953,82.48999786376953,82.30999755859375,82.3550033569336,14361,0.0,0.0,2023-05-25
113,2023-05-25 12:25:00-04:00,82.3499984741211,82.36499786376953,82.2300033569336,82.3550033569336,10683,0.0,0.0,2023-05-25
114,2023-05-25 12:30:00-04:00,82.37999725341797,82.38500213623047,82.26000213623047,82.30000305175781,12436,0.0,0.0,2023-05-25
115,2023-05-25 12:35:00-04:00,82.26499938964844,82.44999694824219,82.26499938964844,82.44999694824219,8116,0.0,0.0,2023-05-25
116,2023-05-25 12:40:00-04:00,82.44499969482422,82.51000213623047,82.42019653320312,82.44000244140625,7033,0.0,0.0,2023-05-25
117,2023-05-25 12:45:00-04:00,82.44000244140625,82.58000183105469,82.44000244140625,82.55000305175781,8349,0.0,0.0,2023-05-25
118,2023-05-25 12:50:00-04:00,82.5199966430664,82.58000183105469,82.47000122070312,82.48999786376953,8784,0.0,0.0,2023-05-25
119,2023-05-25 12:55:00-04:00,82.49500274658203,82.66000366210938,82.48729705810547,82.51000213623047,12217,0.0,0.0,2023-05-25
120,2023-05-25 13:00:00-04:00,82.5199966430664,82.52999877929688,82.4749984741211,82.4749984741211,4487,0.0,0.0,2023-05-25
121,2023-05-25 13:05:00-04:00,82.47000122070312,82.6500015258789,82.44499969482422,82.63999938964844,14995,0.0,0.0,2023-05-25
122,2023-05-25 13:10:00-04:00,82.61499786376953,82.66000366210938,82.58999633789062,82.65899658203125,6720,0.0,0.0,2023-05-25
123,2023-05-25 13:15:00-04:00,82.66000366210938,82.77999877929688,82.66000366210938,82.7249984741211,11619,0.0,0.0,2023-05-25
124,2023-05-25 13:20:00-04:00,82.70999908447266,82.70999908447266,82.63500213623047,82.70999908447266,9474,0.0,0.0,2023-05-25
125,2023-05-25 13:25:00-04:00,82.7300033569336,82.86000061035156,82.7300033569336,82.83000183105469,9183,0.0,0.0,2023-05-25
126,2023-05-25 13:30:00-04:00,82.8499984741211,82.94999694824219,82.81999969482422,82.86499786376953,14948,0.0,0.0,2023-05-25
127,2023-05-25 13:35:00-04:00,82.84049987792969,82.84049987792969,82.75,82.7750015258789,8035,0.0,0.0,2023-05-25
128,2023-05-25 13:40:00-04:00,82.79000091552734,82.86000061035156,82.68000030517578,82.68000030517578,17900,0.0,0.0,2023-05-25
129,2023-05-25 13:45:00-04:00,82.69999694824219,82.75,82.66000366210938,82.66000366210938,27455,0.0,0.0,2023-05-25
130,2023-05-25 13:50:00-04:00,82.6500015258789,82.70999908447266,82.55999755859375,82.55999755859375,8111,0.0,0.0,2023-05-25
131,2023-05-25 13:55:00-04:00,82.56999969482422,82.79000091552734,82.56999969482422,82.79000091552734,13896,0.0,0.0,2023-05-25
132,2023-05-25 14:00:00-04:00,82.79000091552734,83.0,82.73999786376953,82.80999755859375,22664,0.0,0.0,2023-05-25
133,2023-05-25 14:05:00-04:00,82.81999969482422,82.81999969482422,82.66000366210938,82.66999816894531,8256,0.0,0.0,2023-05-25
134,2023-05-25 14:10:00-04:00,82.66999816894531,82.75,82.63999938964844,82.67500305175781,16833,0.0,0.0,2023-05-25
135,2023-05-25 14:15:00-04:00,82.68000030517578,82.8499984741211,82.66000366210938,82.8499984741211,12196,0.0,0.0,2023-05-25
136,2023-05-25 14:20:00-04:00,82.8499984741211,82.8499984741211,82.64839935302734,82.64839935302734,9343,0.0,0.0,2023-05-25
137,2023-05-25 14:25:00-04:00,82.70999908447266,82.81999969482422,82.70999908447266,82.75,9066,0.0,0.0,2023-05-25
138,2023-05-25 14:30:00-04:00,82.7300033569336,82.75,82.5999984741211,82.62999725341797,12062,0.0,0.0,2023-05-25
139,2023-05-25 14:35:00-04:00,82.61499786376953,82.62999725341797,82.48999786376953,82.48999786376953,13204,0.0,0.0,2023-05-25
140,2023-05-25 14:40:00-04:00,82.52999877929688,82.69000244140625,82.5,82.56500244140625,20169,0.0,0.0,2023-05-25
141,2023-05-25 14:45:00-04:00,82.55999755859375,82.6500015258789,82.5,82.56999969482422,11385,0.0,0.0,2023-05-25
142,2023-05-25 14:50:00-04:00,82.58000183105469,82.66000366210938,82.55500030517578,82.6500015258789,18706,0.0,0.0,2023-05-25
143,2023-05-25 14:55:00-04:00,82.6500015258789,82.6500015258789,82.52999877929688,82.62000274658203,19231,0.0,0.0,2023-05-25
144,2023-05-25 15:00:00-04:00,82.6500015258789,82.69999694824219,82.5999984741211,82.62999725341797,21932,0.0,0.0,2023-05-25
145,2023-05-25 15:05:00-04:00,82.63999938964844,82.79000091552734,82.62000274658203,82.73999786376953,35952,0.0,0.0,2023-05-25
146,2023-05-25 15:10:00-04:00,82.75499725341797,82.83000183105469,82.73999786376953,82.76000213623047,21046,0.0,0.0,2023-05-25
147,2023-05-25 15:15:00-04:00,82.79000091552734,82.80999755859375,82.70999908447266,82.70999908447266,44593,0.0,0.0,2023-05-25
148,2023-05-25 15:20:00-04:00,82.66500091552734,82.7300033569336,82.61009979248047,82.70999908447266,17754,0.0,0.0,2023-05-25
149,2023-05-25 15:25:00-04:00,82.69000244140625,82.87000274658203,82.68000030517578,82.87000274658203,28659,0.0,0.0,2023-05-25
150,2023-05-25 15:30:00-04:00,82.8550033569336,83.00499725341797,82.7699966430664,82.7699966430664,44562,0.0,0.0,2023-05-25
151,2023-05-25 15:35:00-04:00,82.73999786376953,82.91000366210938,82.68000030517578,82.77999877929688,32732,0.0,0.0,2023-05-25
152,2023-05-25 15:40:00-04:00,82.7699966430664,82.9000015258789,82.75,82.86000061035156,20973,0.0,0.0,2023-05-25
153,2023-05-25 15:45:00-04:00,82.86000061035156,82.98999786376953,82.83000183105469,82.94000244140625,22118,0.0,0.0,2023-05-25
154,2023-05-25 15:50:00-04:00,82.94000244140625,83.0,82.70999908447266,82.76499938964844,40901,0.0,0.0,2023-05-25
155,2023-05-25 15:55:00-04:00,82.73999786376953,82.83000183105469,82.70999908447266,82.7699966430664,90340,0.0,0.0,2023-05-25
156,2023-05-26 09:30:00-04:00,82.94999694824219,82.94999694824219,82.30999755859375,82.77999877929688,22648,0.0,0.0,2023-05-26
157,2023-05-26 09:35:00-04:00,82.61000061035156,82.63999938964844,82.45999908447266,82.55000305175781,14076,0.0,0.0,2023-05-26
158,2023-05-26 09:40:00-04:00,82.49500274658203,82.80000305175781,82.49500274658203,82.77999877929688,11757,0.0,0.0,2023-05-26
159,2023-05-26 09:45:00-04:00,82.80999755859375,82.88999938964844,82.66999816894531,82.75499725341797,5741,0.0,0.0,2023-05-26
160,2023-05-26 09:50:00-04:00,82.7300033569336,82.7300033569336,82.45999908447266,82.5,17506,0.0,0.0,2023-05-26
161,2023-05-26 09:55:00-04:00,82.52999877929688,82.54000091552734,82.3499984741211,82.37999725341797,13744,0.0,0.0,2023-05-26
162,2023-05-26 10:00:00-04:00,82.37069702148438,82.44000244140625,82.33000183105469,82.44000244140625,24680,0.0,0.0,2023-05-26
163,2023-05-26 10:05:00-04:00,82.41999816894531,82.66999816894531,82.41999816894531,82.66999816894531,15306,0.0,0.0,2023-05-26
164,2023-05-26 10:10:00-04:00,82.72000122070312,82.76499938964844,82.55999755859375,82.6500015258789,13629,0.0,0.0,2023-05-26
165,2023-05-26 10:15:00-04:00,82.69000244140625,82.8499984741211,82.66000366210938,82.83499908447266,9409,0.0,0.0,2023-05-26
166,2023-05-26 10:20:00-04:00,82.87000274658203,82.9800033569336,82.87000274658203,82.9800033569336,4096,0.0,0.0,2023-05-26
167,2023-05-26 10:25:00-04:00,82.96499633789062,83.0199966430664,82.91999816894531,82.94999694824219,12095,0.0,0.0,2023-05-26
168,2023-05-26 10:30:00-04:00,83.05000305175781,83.05000305175781,82.80999755859375,82.88999938964844,12004,0.0,0.0,2023-05-26
169,2023-05-26 10:35:00-04:00,82.86009979248047,82.9800033569336,82.86009979248047,82.9800033569336,10198,0.0,0.0,2023-05-26
170,2023-05-26 10:40:00-04:00,82.94999694824219,83.06999969482422,82.94000244140625,83.0199966430664,16947,0.0,0.0,2023-05-26
171,2023-05-26 10:45:00-04:00,83.05000305175781,83.05000305175781,82.9000015258789,83.0,15281,0.0,0.0,2023-05-26
172,2023-05-26 10:50:00-04:00,82.99500274658203,83.0199966430664,82.88999938964844,83.0199966430664,18309,0.0,0.0,2023-05-26
173,2023-05-26 10:55:00-04:00,83.04000091552734,83.06999969482422,82.98750305175781,82.99500274658203,14991,0.0,0.0,2023-05-26
174,2023-05-26 11:00:00-04:00,83.0,83.11000061035156,82.99099731445312,83.0,13348,0.0,0.0,2023-05-26
175,2023-05-26 11:05:00-04:00,83.0199966430664,83.0999984741211,82.95999908447266,83.0999984741211,12737,0.0,0.0,2023-05-26
176,2023-05-26 11:10:00-04:00,83.08000183105469,83.089599609375,82.93000030517578,83.02999877929688,25828,0.0,0.0,2023-05-26
177,2023-05-26 11:15:00-04:00,83.0199966430664,83.02999877929688,82.91999816894531,82.94000244140625,16258,0.0,0.0,2023-05-26
178,2023-05-26 11:20:00-04:00,82.95999908447266,82.95999908447266,82.82250213623047,82.83999633789062,13718,0.0,0.0,2023-05-26
179,2023-05-26 11:25:00-04:00,82.83999633789062,82.91999816894531,82.83999633789062,82.91999816894531,13566,0.0,0.0,2023-05-26
180,2023-05-26 11:30:00-04:00,82.9000015258789,82.94999694824219,82.87000274658203,82.93000030517578,17171,0.0,0.0,2023-05-26
181,2023-05-26 11:35:00-04:00,82.91999816894531,82.97000122070312,82.83999633789062,82.86000061035156,13694,0.0,0.0,2023-05-26
182,2023-05-26 11:40:00-04:00,82.88999938964844,82.93000030517578,82.86000061035156,82.91000366210938,11250,0.0,0.0,2023-05-26
183,2023-05-26 11:45:00-04:00,82.91999816894531,82.95999908447266,82.81999969482422,82.9209976196289,16649,0.0,0.0,2023-05-26
184,2023-05-26 11:50:00-04:00,82.93000030517578,82.9800033569336,82.91999816894531,82.94999694824219,10470,0.0,0.0,2023-05-26
185,2023-05-26 11:55:00-04:00,82.95999908447266,82.95999908447266,82.83999633789062,82.91999816894531,13221,0.0,0.0,2023-05-26
186,2023-05-26 12:00:00-04:00,82.91999816894531,82.93000030517578,82.8499984741211,82.87999725341797,9643,0.0,0.0,2023-05-26
187,2023-05-26 12:05:00-04:00,82.91000366210938,82.95999908447266,82.88999938964844,82.93000030517578,15431,0.0,0.0,2023-05-26
188,2023-05-26 12:10:00-04:00,82.94000244140625,82.95999908447266,82.8499984741211,82.95999908447266,10437,0.0,0.0,2023-05-26
189,2023-05-26 12:15:00-04:00,82.94999694824219,82.96499633789062,82.86499786376953,82.96499633789062,13674,0.0,0.0,2023-05-26
190,2023-05-26 12:20:00-04:00,82.97000122070312,83.01000213623047,82.94000244140625,83.0,14785,0.0,0.0,2023-05-26
191,2023-05-26 12:25:00-04:00,83.0,83.08000183105469,82.98999786376953,83.03500366210938,11041,0.0,0.0,2023-05-26
192,2023-05-26 12:30:00-04:00,83.0199966430664,83.04000091552734,82.98100280761719,82.98750305175781,7807,0.0,0.0,2023-05-26
193,2023-05-26 12:35:00-04:00,83.0,83.01000213623047,82.9000015258789,82.94999694824219,14797,0.0,0.0,2023-05-26
194,2023-05-26 12:40:00-04:00,82.91000366210938,82.94999694824219,82.91000366210938,82.91000366210938,6283,0.0,0.0,2023-05-26
195,2023-05-26 12:45:00-04:00,82.91000366210938,83.0,82.91000366210938,82.95999908447266,13985,0.0,0.0,2023-05-26
196,2023-05-26 12:50:00-04:00,82.95999908447266,83.0199966430664,82.94999694824219,82.94999694824219,11321,0.0,0.0,2023-05-26
197,2023-05-26 12:55:00-04:00,82.98999786376953,83.0,82.94999694824219,83.0,5192,0.0,0.0,2023-05-26
198,2023-05-26 13:00:00-04:00,82.97000122070312,83.06999969482422,82.97000122070312,82.9800033569336,8613,0.0,0.0,2023-05-26
199,2023-05-26 13:05:00-04:00,82.9800033569336,83.02999877929688,82.9625015258789,83.01000213623047,6946,0.0,0.0,2023-05-26
200,2023-05-26 13:10:00-04:00,83.0,83.0,82.95999908447266,82.9800033569336,8772,0.0,0.0,2023-05-26
201,2023-05-26 13:15:00-04:00,82.95500183105469,83.0,82.9000015258789,82.93000030517578,8858,0.0,0.0,2023-05-26
202,2023-05-26 13:20:00-04:00,82.93000030517578,83.05000305175781,82.92500305175781,82.99500274658203,8337,0.0,0.0,2023-05-26
203,2023-05-26 13:25:00-04:00,83.01000213623047,83.02999877929688,82.97000122070312,83.01499938964844,8574,0.0,0.0,2023-05-26
204,2023-05-26 13:30:00-04:00,82.98999786376953,83.0199966430664,82.9800033569336,83.01499938964844,8820,0.0,0.0,2023-05-26
205,2023-05-26 13:35:00-04:00,83.01499938964844,83.01499938964844,82.95999908447266,82.99459838867188,11975,0.0,0.0,2023-05-26
206,2023-05-26 13:40:00-04:00,82.99500274658203,83.0,82.94999694824219,83.0,14413,0.0,0.0,2023-05-26
207,2023-05-26 13:45:00-04:00,83.0,83.02999877929688,82.95999908447266,83.02999877929688,28028,0.0,0.0,2023-05-26
208,2023-05-26 13:50:00-04:00,83.02999877929688,83.03900146484375,83.01000213623047,83.01210021972656,5016,0.0,0.0,2023-05-26
209,2023-05-26 13:55:00-04:00,83.01000213623047,83.10900115966797,82.98999786376953,83.09500122070312,10584,0.0,0.0,2023-05-26
210,2023-05-26 14:00:00-04:00,83.0999984741211,83.12000274658203,82.99500274658203,83.00499725341797,13532,0.0,0.0,2023-05-26
211,2023-05-26 14:05:00-04:00,83.0199966430664,83.05999755859375,82.97000122070312,83.04499816894531,12283,0.0,0.0,2023-05-26
212,2023-05-26 14:10:00-04:00,83.05000305175781,83.06999969482422,83.0,83.00499725341797,6166,0.0,0.0,2023-05-26
213,2023-05-26 14:15:00-04:00,82.99929809570312,83.06999969482422,82.9800033569336,83.06999969482422,12201,0.0,0.0,2023-05-26
214,2023-05-26 14:20:00-04:00,83.08000183105469,83.08999633789062,83.05000305175781,83.05000305175781,5891,0.0,0.0,2023-05-26
215,2023-05-26 14:25:00-04:00,83.04000091552734,83.08000183105469,82.98999786376953,83.06999969482422,14366,0.0,0.0,2023-05-26
216,2023-05-26 14:30:00-04:00,83.08000183105469,83.12999725341797,83.02999877929688,83.06999969482422,14039,0.0,0.0,2023-05-26
217,2023-05-26 14:35:00-04:00,83.0999984741211,83.20999908447266,83.05999755859375,83.20999908447266,14558,0.0,0.0,2023-05-26
218,2023-05-26 14:40:00-04:00,83.20999908447266,83.30000305175781,83.19999694824219,83.2750015258789,15189,0.0,0.0,2023-05-26
219,2023-05-26 14:45:00-04:00,83.27999877929688,83.27999877929688,83.22000122070312,83.2699966430664,16220,0.0,0.0,2023-05-26
220,2023-05-26 14:50:00-04:00,83.26000213623047,83.30000305175781,83.26000213623047,83.30000305175781,13972,0.0,0.0,2023-05-26
221,2023-05-26 14:55:00-04:00,83.30999755859375,83.36000061035156,83.27999877929688,83.3499984741211,20543,0.0,0.0,2023-05-26
222,2023-05-26 15:00:00-04:00,83.37000274658203,83.54000091552734,83.37000274658203,83.52899932861328,10189,0.0,0.0,2023-05-26
223,2023-05-26 15:05:00-04:00,83.5199966430664,83.52999877929688,83.4749984741211,83.51499938964844,18195,0.0,0.0,2023-05-26
224,2023-05-26 15:10:00-04:00,83.54000091552734,83.54000091552734,83.45999908447266,83.5,17962,0.0,0.0,2023-05-26
225,2023-05-26 15:15:00-04:00,83.50499725341797,83.53500366210938,83.4800033569336,83.5199966430664,18663,0.0,0.0,2023-05-26
226,2023-05-26 15:20:00-04:00,83.54000091552734,83.54000091552734,83.45999908447266,83.5,27289,0.0,0.0,2023-05-26
227,2023-05-26 15:25:00-04:00,83.48500061035156,83.58000183105469,83.44000244140625,83.5199966430664,22850,0.0,0.0,2023-05-26
228,2023-05-26 15:30:00-04:00,83.51100158691406,83.56999969482422,83.4800033569336,83.5199966430664,15567,0.0,0.0,2023-05-26
229,2023-05-26 15:35:00-04:00,83.54000091552734,83.62999725341797,83.5,83.55999755859375,22392,0.0,0.0,2023-05-26
230,2023-05-26 15:40:00-04:00,83.55999755859375,83.66000366210938,83.55500030517578,83.63999938964844,25247,0.0,0.0,2023-05-26
231,2023-05-26 15:45:00-04:00,83.63999938964844,83.73999786376953,83.63999938964844,83.73500061035156,24453,0.0,0.0,2023-05-26
232,2023-05-26 15:50:00-04:00,83.76000213623047,83.87000274658203,83.56999969482422,83.8550033569336,101886,0.0,0.0,2023-05-26
233,2023-05-26 15:55:00-04:00,83.87000274658203,83.94999694824219,83.80000305175781,83.8499984741211,147110,0.0,0.0,2023-05-26
234,2023-05-30 09:30:00-04:00,83.86000061035156,84.4800033569336,83.13500213623047,84.43000030517578,70207,0.0,0.0,2023-05-30
235,2023-05-30 09:35:00-04:00,84.43000030517578,84.43000030517578,83.9749984741211,83.99500274658203,14814,0.0,0.0,2023-05-30
236,2023-05-30 09:40:00-04:00,84.05999755859375,84.28500366210938,84.03500366210938,84.28500366210938,10604,0.0,0.0,2023-05-30
237,2023-05-30 09:45:00-04:00,84.29499816894531,84.62000274658203,84.27999877929688,84.61499786376953,24704,0.0,0.0,2023-05-30
238,2023-05-30 09:50:00-04:00,84.63999938964844,84.91500091552734,84.61750030517578,84.73249816894531,27297,0.0,0.0,2023-05-30
239,2023-05-30 09:55:00-04:00,84.68000030517578,84.69170379638672,84.55999755859375,84.59500122070312,6567,0.0,0.0,2023-05-30
240,2023-05-30 10:00:00-04:00,84.59500122070312,84.66999816894531,84.48999786376953,84.55000305175781,25235,0.0,0.0,2023-05-30
241,2023-05-30 10:05:00-04:00,84.54129791259766,84.68000030517578,84.48999786376953,84.66000366210938,18252,0.0,0.0,2023-05-30
242,2023-05-30 10:10:00-04:00,84.75,84.78500366210938,84.5999984741211,84.78500366210938,20967,0.0,0.0,2023-05-30
243,2023-05-30 10:15:00-04:00,84.80999755859375,85.04499816894531,84.80999755859375,84.94999694824219,18941,0.0,0.0,2023-05-30
244,2023-05-30 10:20:00-04:00,84.98500061035156,85.0199966430664,84.76000213623047,84.86000061035156,31596,0.0,0.0,2023-05-30
245,2023-05-30 10:25:00-04:00,84.83999633789062,84.83999633789062,84.58999633789062,84.6500015258789,21798,0.0,0.0,2023-05-30
246,2023-05-30 10:30:00-04:00,84.62999725341797,84.72000122070312,84.37999725341797,84.4800033569336,34925,0.0,0.0,2023-05-30
247,2023-05-30 10:35:00-04:00,84.44000244140625,84.44999694824219,84.22000122070312,84.22000122070312,24059,0.0,0.0,2023-05-30
248,2023-05-30 10:40:00-04:00,84.25499725341797,84.48999786376953,84.25499725341797,84.43000030517578,13097,0.0,0.0,2023-05-30
249,2023-05-30 10:45:00-04:00,84.43000030517578,84.43000030517578,84.20999908447266,84.30000305175781,22718,0.0,0.0,2023-05-30
250,2023-05-30 10:50:00-04:00,84.2750015258789,84.4800033569336,84.27189636230469,84.3949966430664,17539,0.0,0.0,2023-05-30
251,2023-05-30 10:55:00-04:00,84.4000015258789,84.44000244140625,84.29000091552734,84.37000274658203,16902,0.0,0.0,2023-05-30
252,2023-05-30 11:00:00-04:00,84.38500213623047,84.44999694824219,84.31950378417969,84.41999816894531,7758,0.0,0.0,2023-05-30
253,2023-05-30 11:05:00-04:00,84.41000366210938,84.41500091552734,84.27999877929688,84.27999877929688,16080,0.0,0.0,2023-05-30
254,2023-05-30 11:10:00-04:00,84.3550033569336,84.41500091552734,84.33000183105469,84.33000183105469,15716,0.0,0.0,2023-05-30
255,2023-05-30 11:15:00-04:00,84.3550033569336,84.41500091552734,84.29000091552734,84.37999725341797,22752,0.0,0.0,2023-05-30
256,2023-05-30 11:20:00-04:00,84.37999725341797,84.4000015258789,84.20800018310547,84.37000274658203,14311,0.0,0.0,2023-05-30
257,2023-05-30 11:25:00-04:00,84.3499984741211,84.4800033569336,84.3499984741211,84.4800033569336,8566,0.0,0.0,2023-05-30
258,2023-05-30 11:30:00-04:00,84.54000091552734,84.54000091552734,84.44999694824219,84.4800033569336,8784,0.0,0.0,2023-05-30
259,2023-05-30 11:35:00-04:00,84.5,84.55999755859375,84.45999908447266,84.55999755859375,16743,0.0,0.0,2023-05-30
260,2023-05-30 11:40:00-04:00,84.51000213623047,84.52999877929688,84.44000244140625,84.4800033569336,9486,0.0,0.0,2023-05-30
261,2023-05-30 11:45:00-04:00,84.4800033569336,84.5199966430664,84.47000122070312,84.48999786376953,12258,0.0,0.0,2023-05-30
262,2023-05-30 11:50:00-04:00,84.5,84.5999984741211,84.44000244140625,84.47000122070312,36521,0.0,0.0,2023-05-30
263,2023-05-30 11:55:00-04:00,84.4800033569336,84.57990264892578,84.47000122070312,84.56500244140625,26727,0.0,0.0,2023-05-30
264,2023-05-30 12:00:00-04:00,84.57250213623047,84.80000305175781,84.56999969482422,84.79000091552734,18024,0.0,0.0,2023-05-30
265,2023-05-30 12:05:00-04:00,84.79000091552734,84.87000274658203,84.7300033569336,84.7300033569336,21275,0.0,0.0,2023-05-30
266,2023-05-30 12:10:00-04:00,84.73500061035156,84.79000091552734,84.6500015258789,84.70500183105469,4533,0.0,0.0,2023-05-30
267,2023-05-30 12:15:00-04:00,84.69999694824219,84.72000122070312,84.55999755859375,84.58999633789062,9351,0.0,0.0,2023-05-30
268,2023-05-30 12:20:00-04:00,84.58000183105469,84.58000183105469,84.37999725341797,84.44000244140625,17201,0.0,0.0,2023-05-30
269,2023-05-30 12:25:00-04:00,84.45999908447266,84.4800033569336,84.4000015258789,84.45999908447266,8519,0.0,0.0,2023-05-30
270,2023-05-30 12:30:00-04:00,84.47000122070312,84.62000274658203,84.44000244140625,84.62000274658203,19534,0.0,0.0,2023-05-30
271,2023-05-30 12:35:00-04:00,84.62000274658203,84.76000213623047,84.62000274658203,84.6449966430664,12005,0.0,0.0,2023-05-30
272,2023-05-30 12:40:00-04:00,84.58999633789062,84.6050033569336,84.44000244140625,84.44000244140625,22184,0.0,0.0,2023-05-30
273,2023-05-30 12:45:00-04:00,84.44000244140625,84.56999969482422,84.37999725341797,84.54499816894531,10852,0.0,0.0,2023-05-30
274,2023-05-30 12:50:00-04:00,84.55999755859375,84.55999755859375,84.47000122070312,84.54000091552734,6556,0.0,0.0,2023-05-30
275,2023-05-30 12:55:00-04:00,84.52999877929688,84.58999633789062,84.4749984741211,84.55999755859375,21750,0.0,0.0,2023-05-30
276,2023-05-30 13:00:00-04:00,84.54000091552734,84.55999755859375,84.43000030517578,84.54499816894531,9342,0.0,0.0,2023-05-30
277,2023-05-30 13:05:00-04:00,84.54000091552734,84.5999984741211,84.30999755859375,84.37000274658203,22603,0.0,0.0,2023-05-30
278,2023-05-30 13:10:00-04:00,84.41000366210938,84.44999694824219,84.33000183105469,84.44000244140625,17598,0.0,0.0,2023-05-30
279,2023-05-30 13:15:00-04:00,84.44999694824219,84.58999633789062,84.44999694824219,84.58000183105469,29349,0.0,0.0,2023-05-30
280,2023-05-30 13:20:00-04:00,84.6050033569336,84.62000274658203,84.5199966430664,84.55500030517578,9066,0.0,0.0,2023-05-30
281,2023-05-30 13:25:00-04:00,84.55000305175781,84.55000305175781,84.3499984741211,84.3499984741211,6274,0.0,0.0,2023-05-30
282,2023-05-30 13:30:00-04:00,84.29000091552734,84.31999969482422,84.2300033569336,84.2300033569336,14372,0.0,0.0,2023-05-30
283,2023-05-30 13:35:00-04:00,84.2300033569336,84.2699966430664,84.20999908447266,84.25499725341797,5166,0.0,0.0,2023-05-30
284,2023-05-30 13:40:00-04:00,84.2300033569336,84.31999969482422,84.20999908447266,84.31999969482422,15940,0.0,0.0,2023-05-30
285,2023-05-30 13:45:00-04:00,84.30000305175781,84.41999816894531,84.23999786376953,84.41999816894531,33619,0.0,0.0,2023-05-30
286,2023-05-30 13:50:00-04:00,84.4197998046875,84.43000030517578,84.20999908447266,84.22000122070312,10577,0.0,0.0,2023-05-30
287,2023-05-30 13:55:00-04:00,84.23999786376953,84.37000274658203,84.19000244140625,84.19999694824219,20248,0.0,0.0,2023-05-30
288,2023-05-30 14:00:00-04:00,84.19999694824219,84.22000122070312,84.12000274658203,84.12999725341797,11221,0.0,0.0,2023-05-30
289,2023-05-30 14:05:00-04:00,84.12000274658203,84.21990203857422,84.0999984741211,84.19999694824219,20401,0.0,0.0,2023-05-30
290,2023-05-30 14:10:00-04:00,84.19999694824219,84.30570220947266,84.19999694824219,84.29499816894531,8756,0.0,0.0,2023-05-30
291,2023-05-30 14:15:00-04:00,84.30000305175781,84.30999755859375,84.18000030517578,84.26000213623047,11555,0.0,0.0,2023-05-30
292,2023-05-30 14:20:00-04:00,84.27999877929688,84.44999694824219,84.27999877929688,84.41999816894531,22532,0.0,0.0,2023-05-30
293,2023-05-30 14:25:00-04:00,84.4000015258789,84.4800033569336,84.37000274658203,84.41999816894531,8817,0.0,0.0,2023-05-30
294,2023-05-30 14:30:00-04:00,84.43000030517578,84.55000305175781,84.41999816894531,84.55000305175781,9184,0.0,0.0,2023-05-30
295,2023-05-30 14:35:00-04:00,84.5199966430664,84.5199966430664,84.37000274658203,84.4000015258789,10532,0.0,0.0,2023-05-30
296,2023-05-30 14:40:00-04:00,84.38999938964844,84.46499633789062,84.38999938964844,84.46499633789062,14897,0.0,0.0,2023-05-30
297,2023-05-30 14:45:00-04:00,84.44999694824219,84.44999694824219,84.20999908447266,84.20999908447266,18736,0.0,0.0,2023-05-30
298,2023-05-30 14:50:00-04:00,84.19000244140625,84.29000091552734,84.0999984741211,84.20999908447266,29035,0.0,0.0,2023-05-30
299,2023-05-30 14:55:00-04:00,84.19999694824219,84.27999877929688,84.0,84.0,13635,0.0,0.0,2023-05-30
300,2023-05-30 15:00:00-04:00,83.98999786376953,84.11000061035156,83.94000244140625,84.068603515625,39079,0.0,0.0,2023-05-30
301,2023-05-30 15:05:00-04:00,84.0999984741211,84.0999984741211,83.91999816894531,84.03500366210938,16099,0.0,0.0,2023-05-30
302,2023-05-30 15:10:00-04:00,84.05000305175781,84.16000366210938,83.91999816894531,83.94999694824219,24465,0.0,0.0,2023-05-30
303,2023-05-30 15:15:00-04:00,83.93000030517578,83.97000122070312,83.83999633789062,83.94999694824219,25264,0.0,0.0,2023-05-30
304,2023-05-30 15:20:00-04:00,83.93560028076172,83.94999694824219,83.83000183105469,83.90499877929688,28077,0.0,0.0,2023-05-30
305,2023-05-30 15:25:00-04:00,83.91999816894531,83.93000030517578,83.77999877929688,83.77999877929688,13954,0.0,0.0,2023-05-30
306,2023-05-30 15:30:00-04:00,83.80000305175781,84.00499725341797,83.79000091552734,84.0,35907,0.0,0.0,2023-05-30
307,2023-05-30 15:35:00-04:00,83.97000122070312,83.98500061035156,83.81999969482422,83.81999969482422,29689,0.0,0.0,2023-05-30
308,2023-05-30 15:40:00-04:00,83.81999969482422,83.8499984741211,83.63999938964844,83.73999786376953,41748,0.0,0.0,2023-05-30
309,2023-05-30 15:45:00-04:00,83.73999786376953,83.9000015258789,83.68000030517578,83.69999694824219,24802,0.0,0.0,2023-05-30
310,2023-05-30 15:50:00-04:00,83.69999694824219,83.77999877929688,83.63999938964844,83.69000244140625,71377,0.0,0.0,2023-05-30
311,2023-05-30 15:55:00-04:00,83.69000244140625,83.73999786376953,83.5999984741211,83.72000122070312,144107,0.0,0.0,2023-05-30
312,2023-05-31 09:30:00-04:00,83.52999877929688,84.0999984741211,83.52999877929688,83.68000030517578,26449,0.0,0.0,2023-05-31
313,2023-05-31 09:35:00-04:00,83.76000213623047,83.88999938964844,83.66999816894531,83.72000122070312,13942,0.0,0.0,2023-05-31
314,2023-05-31 09:40:00-04:00,83.75499725341797,83.87999725341797,83.69000244140625,83.86000061035156,12376,0.0,0.0,2023-05-31
315,2023-05-31 09:45:00-04:00,83.9000015258789,83.9000015258789,83.36000061035156,83.62999725341797,17457,0.0,0.0,2023-05-31
316,2023-05-31 09:50:00-04:00,83.58000183105469,83.76000213623047,83.43000030517578,83.55500030517578,13837,0.0,0.0,2023-05-31
317,2023-05-31 09:55:00-04:00,83.61000061035156,83.61000061035156,83.44999694824219,83.50499725341797,9099,0.0,0.0,2023-05-31
318,2023-05-31 10:00:00-04:00,83.50499725341797,83.52999877929688,83.30000305175781,83.30000305175781,74408,0.0,0.0,2023-05-31
319,2023-05-31 10:05:00-04:00,83.30000305175781,83.33499908447266,83.13999938964844,83.1875,21510,0.0,0.0,2023-05-31
320,2023-05-31 10:10:00-04:00,83.16000366210938,83.16000366210938,82.83000183105469,82.87000274658203,19353,0.0,0.0,2023-05-31
321,2023-05-31 10:15:00-04:00,82.83000183105469,82.8499984741211,82.69000244140625,82.83000183105469,29886,0.0,0.0,2023-05-31
322,2023-05-31 10:20:00-04:00,82.80000305175781,82.80500030517578,82.62000274658203,82.69000244140625,16718,0.0,0.0,2023-05-31
323,2023-05-31 10:25:00-04:00,82.7698974609375,82.87000274658203,82.6500015258789,82.81500244140625,14240,0.0,0.0,2023-05-31
324,2023-05-31 10:30:00-04:00,82.83000183105469,82.88999938964844,82.79000091552734,82.88500213623047,10347,0.0,0.0,2023-05-31
325,2023-05-31 10:35:00-04:00,82.91000366210938,82.91999816894531,82.75,82.80999755859375,12860,0.0,0.0,2023-05-31
326,2023-05-31 10:40:00-04:00,82.77999877929688,82.9000015258789,82.73999786376953,82.875,25251,0.0,0.0,2023-05-31
327,2023-05-31 10:45:00-04:00,82.88999938964844,82.9800033569336,82.69000244140625,82.69000244140625,13115,0.0,0.0,2023-05-31
328,2023-05-31 10:50:00-04:00,82.63999938964844,82.66000366210938,82.44999694824219,82.61000061035156,10484,0.0,0.0,2023-05-31
329,2023-05-31 10:55:00-04:00,82.59850311279297,82.73999786376953,82.58000183105469,82.73999786376953,16127,0.0,0.0,2023-05-31
330,2023-05-31 11:00:00-04:00,82.76000213623047,82.76000213623047,82.6500015258789,82.68000030517578,17597,0.0,0.0,2023-05-31
331,2023-05-31 11:05:00-04:00,82.66000366210938,82.75,82.59500122070312,82.66000366210938,20408,0.0,0.0,2023-05-31
332,2023-05-31 11:10:00-04:00,82.61000061035156,82.71499633789062,82.56999969482422,82.71499633789062,14593,0.0,0.0,2023-05-31
333,2023-05-31 11:15:00-04:00,82.73999786376953,82.75900268554688,82.66999816894531,82.70999908447266,18205,0.0,0.0,2023-05-31
334,2023-05-31 11:20:00-04:00,82.70500183105469,82.79000091552734,82.70500183105469,82.75,18014,0.0,0.0,2023-05-31
335,2023-05-31 11:25:00-04:00,82.74500274658203,82.83000183105469,82.71499633789062,82.71499633789062,21036,0.0,0.0,2023-05-31
336,2023-05-31 11:30:00-04:00,82.7300033569336,82.93000030517578,82.7300033569336,82.93000030517578,16167,0.0,0.0,2023-05-31
337,2023-05-31 11:35:00-04:00,82.93499755859375,82.9800033569336,82.83000183105469,82.8499984741211,11762,0.0,0.0,2023-05-31
338,2023-05-31 11:40:00-04:00,82.8499984741211,82.88999938964844,82.72000122070312,82.74500274658203,12130,0.0,0.0,2023-05-31
339,2023-05-31 11:45:00-04:00,82.73999786376953,82.83999633789062,82.73999786376953,82.80000305175781,17933,0.0,0.0,2023-05-31
340,2023-05-31 11:50:00-04:00,82.7699966430664,83.01000213623047,82.7699966430664,83.01000213623047,11476,0.0,0.0,2023-05-31
341,2023-05-31 11:55:00-04:00,83.01000213623047,83.11499786376953,83.01000213623047,83.05999755859375,11168,0.0,0.0,2023-05-31
342,2023-05-31 12:00:00-04:00,83.04499816894531,83.19999694824219,83.04499816894531,83.13999938964844,7963,0.0,0.0,2023-05-31
343,2023-05-31 12:05:00-04:00,83.12000274658203,83.12000274658203,83.08000183105469,83.12000274658203,6763,0.0,0.0,2023-05-31
344,2023-05-31 12:10:00-04:00,83.13999938964844,83.19999694824219,83.12000274658203,83.18000030517578,17000,0.0,0.0,2023-05-31
345,2023-05-31 12:15:00-04:00,83.18000030517578,83.19000244140625,83.12000274658203,83.17500305175781,6916,0.0,0.0,2023-05-31
346,2023-05-31 12:20:00-04:00,83.18000030517578,83.30999755859375,83.12999725341797,83.29499816894531,19197,0.0,0.0,2023-05-31
347,2023-05-31 12:25:00-04:00,83.32499694824219,83.37999725341797,83.27999877929688,83.30000305175781,9980,0.0,0.0,2023-05-31
348,2023-05-31 12:30:00-04:00,83.27999877929688,83.27999877929688,83.11000061035156,83.11000061035156,11761,0.0,0.0,2023-05-31
349,2023-05-31 12:35:00-04:00,83.0999984741211,83.25,83.05000305175781,83.05999755859375,18498,0.0,0.0,2023-05-31
350,2023-05-31 12:40:00-04:00,83.03500366210938,83.26000213623047,83.03500366210938,83.25,19027,0.0,0.0,2023-05-31
351,2023-05-31 12:45:00-04:00,83.26000213623047,83.2699966430664,83.11000061035156,83.18000030517578,10189,0.0,0.0,2023-05-31
352,2023-05-31 12:50:00-04:00,83.18000030517578,83.18000030517578,83.02999877929688,83.08000183105469,9685,0.0,0.0,2023-05-31
353,2023-05-31 12:55:00-04:00,83.07499694824219,83.177001953125,83.05999755859375,83.13999938964844,14073,0.0,0.0,2023-05-31
354,2023-05-31 13:00:00-04:00,83.13999938964844,83.25,83.12000274658203,83.23750305175781,9702,0.0,0.0,2023-05-31
355,2023-05-31 13:05:00-04:00,83.24500274658203,83.30000305175781,83.23999786376953,83.30000305175781,11797,0.0,0.0,2023-05-31
356,2023-05-31 13:10:00-04:00,83.27999877929688,83.29000091552734,83.18000030517578,83.19499969482422,8782,0.0,0.0,2023-05-31
357,2023-05-31 13:15:00-04:00,83.18000030517578,83.20999908447266,83.11000061035156,83.15899658203125,7454,0.0,0.0,2023-05-31
358,2023-05-31 13:20:00-04:00,83.12999725341797,83.19999694824219,83.12000274658203,83.1500015258789,8888,0.0,0.0,2023-05-31
359,2023-05-31 13:25:00-04:00,83.1500015258789,83.19999694824219,83.11000061035156,83.19999694824219,9788,0.0,0.0,2023-05-31
360,2023-05-31 13:30:00-04:00,83.19999694824219,83.31999969482422,83.19999694824219,83.29000091552734,11029,0.0,0.0,2023-05-31
361,2023-05-31 13:35:00-04:00,83.30000305175781,83.32499694824219,83.16000366210938,83.30000305175781,16082,0.0,0.0,2023-05-31
362,2023-05-31 13:40:00-04:00,83.30000305175781,83.41999816894531,83.2699966430664,83.41999816894531,14888,0.0,0.0,2023-05-31
363,2023-05-31 13:45:00-04:00,83.43000030517578,83.43000030517578,83.30999755859375,83.30999755859375,9787,0.0,0.0,2023-05-31
364,2023-05-31 13:50:00-04:00,83.33000183105469,83.66000366210938,83.33000183105469,83.5999984741211,11715,0.0,0.0,2023-05-31
365,2023-05-31 13:55:00-04:00,83.6050033569336,83.66000366210938,83.58999633789062,83.63999938964844,5661,0.0,0.0,2023-05-31
366,2023-05-31 14:00:00-04:00,83.62999725341797,83.62999725341797,83.51000213623047,83.5199966430664,8817,0.0,0.0,2023-05-31
367,2023-05-31 14:05:00-04:00,83.52999877929688,83.52999877929688,83.41999816894531,83.5199966430664,11562,0.0,0.0,2023-05-31
368,2023-05-31 14:10:00-04:00,83.55000305175781,83.66999816894531,83.55000305175781,83.63999938964844,13323,0.0,0.0,2023-05-31
369,2023-05-31 14:15:00-04:00,83.6500015258789,83.6500015258789,83.54720306396484,83.62000274658203,10780,0.0,0.0,2023-05-31
370,2023-05-31 14:20:00-04:00,83.66999816894531,83.73999786376953,83.6500015258789,83.7300033569336,7427,0.0,0.0,2023-05-31
371,2023-05-31 14:25:00-04:00,83.70500183105469,83.81990051269531,83.70500183105469,83.78500366210938,12774,0.0,0.0,2023-05-31
372,2023-05-31 14:30:00-04:00,83.78500366210938,83.78500366210938,83.65499877929688,83.66000366210938,14933,0.0,0.0,2023-05-31
373,2023-05-31 14:35:00-04:00,83.66000366210938,83.66000366210938,83.55000305175781,83.5999984741211,12822,0.0,0.0,2023-05-31
374,2023-05-31 14:40:00-04:00,83.59500122070312,83.61000061035156,83.56749725341797,83.5999984741211,7920,0.0,0.0,2023-05-31
375,2023-05-31 14:45:00-04:00,83.5999984741211,83.66000366210938,83.58999633789062,83.6500015258789,11150,0.0,0.0,2023-05-31
376,2023-05-31 14:50:00-04:00,83.66500091552734,83.70999908447266,83.61000061035156,83.63999938964844,15550,0.0,0.0,2023-05-31
377,2023-05-31 14:55:00-04:00,83.63999938964844,83.79000091552734,83.62000274658203,83.75,13576,0.0,0.0,2023-05-31
378,2023-05-31 15:00:00-04:00,83.76000213623047,83.95970153808594,83.75499725341797,83.94999694824219,20991,0.0,0.0,2023-05-31
379,2023-05-31 15:05:00-04:00,83.95429992675781,84.0,83.83000183105469,83.93000030517578,16680,0.0,0.0,2023-05-31
380,2023-05-31 15:10:00-04:00,83.94000244140625,84.06999969482422,83.91000366210938,84.0199966430664,19045,0.0,0.0,2023-05-31
381,2023-05-31 15:15:00-04:00,84.00499725341797,84.04000091552734,83.87999725341797,84.0,17812,0.0,0.0,2023-05-31
382,2023-05-31 15:20:00-04:00,84.0,84.19000244140625,83.97000122070312,84.16999816894531,23359,0.0,0.0,2023-05-31
383,2023-05-31 15:25:00-04:00,84.1500015258789,84.19000244140625,84.08999633789062,84.16000366210938,22697,0.0,0.0,2023-05-31
384,2023-05-31 15:30:00-04:00,84.13999938964844,84.27999877929688,84.06520080566406,84.22000122070312,35874,0.0,0.0,2023-05-31
385,2023-05-31 15:35:00-04:00,84.19999694824219,84.37999725341797,84.19999694824219,84.33999633789062,31143,0.0,0.0,2023-05-31
386,2023-05-31 15:40:00-04:00,84.33000183105469,84.5250015258789,84.27999877929688,84.5250015258789,33855,0.0,0.0,2023-05-31
387,2023-05-31 15:45:00-04:00,84.5250015258789,84.55000305175781,84.20500183105469,84.2699966430664,83576,0.0,0.0,2023-05-31
388,2023-05-31 15:50:00-04:00,84.25,84.26110076904297,83.55000305175781,83.83000183105469,253545,0.0,0.0,2023-05-31
389,2023-05-31 15:55:00-04:00,83.87000274658203,84.18000030517578,83.87000274658203,84.02999877929688,186175,0.0,0.0,2023-05-31
390,2023-06-01 09:30:00-04:00,84.875,86.87000274658203,84.79000091552734,86.73500061035156,147357,0.0,0.0,2023-06-01
391,2023-06-01 09:35:00-04:00,86.85600280761719,86.87000274658203,86.16999816894531,86.2300033569336,59301,0.0,0.0,2023-06-01
392,2023-06-01 09:40:00-04:00,86.2300033569336,86.69000244140625,86.05000305175781,86.69000244140625,63077,0.0,0.0,2023-06-01
393,2023-06-01 09:45:00-04:00,86.62000274658203,86.86000061035156,86.3499984741211,86.48999786376953,45592,0.0,0.0,2023-06-01
394,2023-06-01 09:50:00-04:00,86.44000244140625,86.5199966430664,86.19999694824219,86.5,42118,0.0,0.0,2023-06-01
395,2023-06-01 09:55:00-04:00,86.5,86.5,86.08000183105469,86.24500274658203,47453,0.0,0.0,2023-06-01
396,2023-06-01 10:00:00-04:00,86.31500244140625,86.95999908447266,86.21499633789062,86.94000244140625,35177,0.0,0.0,2023-06-01
397,2023-06-01 10:05:00-04:00,86.98999786376953,87.54000091552734,86.9800033569336,87.5250015258789,47530,0.0,0.0,2023-06-01
398,2023-06-01 10:10:00-04:00,87.56999969482422,87.97000122070312,87.5199966430664,87.97000122070312,40235,0.0,0.0,2023-06-01
399,2023-06-01 10:15:00-04:00,87.94000244140625,88.19000244140625,87.80999755859375,88.11499786376953,151957,0.0,0.0,2023-06-01
400,2023-06-01 10:20:00-04:00,88.125,88.54000091552734,88.05999755859375,88.33000183105469,49482,0.0,0.0,2023-06-01
401,2023-06-01 10:25:00-04:00,88.36000061035156,88.5,88.16000366210938,88.45999908447266,73914,0.0,0.0,2023-06-01
402,2023-06-01 10:30:00-04:00,88.49600219726562,88.50499725341797,88.16000366210938,88.42500305175781,54180,0.0,0.0,2023-06-01
403,2023-06-01 10:35:00-04:00,88.38999938964844,88.47000122070312,88.12999725341797,88.19000244140625,62852,0.0,0.0,2023-06-01
404,2023-06-01 10:40:00-04:00,88.19000244140625,88.36000061035156,88.05000305175781,88.23999786376953,73359,0.0,0.0,2023-06-01
405,2023-06-01 10:45:00-04:00,88.29499816894531,88.52999877929688,88.20999908447266,88.22000122070312,41251,0.0,0.0,2023-06-01
406,2023-06-01 10:50:00-04:00,88.25,88.61000061035156,88.20999908447266,88.48999786376953,40087,0.0,0.0,2023-06-01
407,2023-06-01 10:55:00-04:00,88.48500061035156,88.54000091552734,88.27999877929688,88.36000061035156,15979,0.0,0.0,2023-06-01
408,2023-06-01 11:00:00-04:00,88.37999725341797,88.70999908447266,88.33999633789062,88.6050033569336,47919,0.0,0.0,2023-06-01
409,2023-06-01 11:05:00-04:00,88.62000274658203,88.6500015258789,88.30000305175781,88.31999969482422,18099,0.0,0.0,2023-06-01
410,2023-06-01 11:10:00-04:00,88.33000183105469,88.55000305175781,88.2699966430664,88.48500061035156,20503,0.0,0.0,2023-06-01
411,2023-06-01 11:15:00-04:00,88.49500274658203,88.68000030517578,88.4800033569336,88.58000183105469,17877,0.0,0.0,2023-06-01
412,2023-06-01 11:20:00-04:00,88.55999755859375,88.76000213623047,88.55999755859375,88.73500061035156,16943,0.0,0.0,2023-06-01
413,2023-06-01 11:25:00-04:00,88.73500061035156,88.76000213623047,88.66999816894531,88.74500274658203,10119,0.0,0.0,2023-06-01
414,2023-06-01 11:30:00-04:00,88.7699966430664,88.90499877929688,88.71009826660156,88.87000274658203,22419,0.0,0.0,2023-06-01
415,2023-06-01 11:35:00-04:00,88.83999633789062,89.01499938964844,88.79000091552734,88.92870330810547,23093,0.0,0.0,2023-06-01
416,2023-06-01 11:40:00-04:00,88.90499877929688,89.04000091552734,88.86000061035156,89.01000213623047,34183,0.0,0.0,2023-06-01
417,2023-06-01 11:45:00-04:00,88.99130249023438,89.05000305175781,88.8499984741211,88.8499984741211,20867,0.0,0.0,2023-06-01
418,2023-06-01 11:50:00-04:00,88.80999755859375,88.81999969482422,88.62000274658203,88.63999938964844,43263,0.0,0.0,2023-06-01
419,2023-06-01 11:55:00-04:00,88.6500015258789,88.69999694824219,88.4000015258789,88.44999694824219,20790,0.0,0.0,2023-06-01
420,2023-06-01 12:00:00-04:00,88.44499969482422,88.47000122070312,88.31999969482422,88.3499984741211,23843,0.0,0.0,2023-06-01
421,2023-06-01 12:05:00-04:00,88.37999725341797,88.53500366210938,88.31999969482422,88.47000122070312,22907,0.0,0.0,2023-06-01
422,2023-06-01 12:10:00-04:00,88.48999786376953,88.51000213623047,88.37000274658203,88.43499755859375,12133,0.0,0.0,2023-06-01
423,2023-06-01 12:15:00-04:00,88.44499969482422,88.48999786376953,88.38999938964844,88.44000244140625,22717,0.0,0.0,2023-06-01
424,2023-06-01 12:20:00-04:00,88.44499969482422,88.80999755859375,88.44499969482422,88.76499938964844,91433,0.0,0.0,2023-06-01
425,2023-06-01 12:25:00-04:00,88.7750015258789,88.98999786376953,88.69000244140625,88.95999908447266,63810,0.0,0.0,2023-06-01
426,2023-06-01 12:30:00-04:00,88.9800033569336,89.16200256347656,88.8499984741211,88.9000015258789,87673,0.0,0.0,2023-06-01
427,2023-06-01 12:35:00-04:00,88.80999755859375,89.08000183105469,88.80000305175781,88.87000274658203,49895,0.0,0.0,2023-06-01
428,2023-06-01 12:40:00-04:00,88.81999969482422,89.0199966430664,88.81999969482422,88.97000122070312,59275,0.0,0.0,2023-06-01
429,2023-06-01 12:45:00-04:00,88.97000122070312,88.97000122070312,88.7300033569336,88.76249694824219,33055,0.0,0.0,2023-06-01
430,2023-06-01 12:50:00-04:00,88.72000122070312,88.8499984741211,88.33999633789062,88.38249969482422,26340,0.0,0.0,2023-06-01
431,2023-06-01 12:55:00-04:00,88.36499786376953,88.36499786376953,88.12000274658203,88.1449966430664,15634,0.0,0.0,2023-06-01
432,2023-06-01 13:00:00-04:00,88.16000366210938,88.25,88.03500366210938,88.06500244140625,16204,0.0,0.0,2023-06-01
433,2023-06-01 13:05:00-04:00,88.04000091552734,88.06999969482422,87.9749984741211,87.98999786376953,12800,0.0,0.0,2023-06-01
434,2023-06-01 13:10:00-04:00,87.9800033569336,88.05000305175781,87.87999725341797,88.04000091552734,20919,0.0,0.0,2023-06-01
435,2023-06-01 13:15:00-04:00,88.0199966430664,88.23999786376953,88.0199966430664,88.17500305175781,17866,0.0,0.0,2023-06-01
436,2023-06-01 13:20:00-04:00,88.16999816894531,88.16999816894531,88.0250015258789,88.0250015258789,13902,0.0,0.0,2023-06-01
437,2023-06-01 13:25:00-04:00,88.04000091552734,88.20999908447266,87.98999786376953,88.0999984741211,21499,0.0,0.0,2023-06-01
438,2023-06-01 13:30:00-04:00,88.0999984741211,88.0999984741211,87.97000122070312,87.98999786376953,11596,0.0,0.0,2023-06-01
439,2023-06-01 13:35:00-04:00,87.98999786376953,88.0999984741211,87.93000030517578,88.06999969482422,18164,0.0,0.0,2023-06-01
440,2023-06-01 13:40:00-04:00,88.08000183105469,88.31999969482422,88.05000305175781,88.28500366210938,24169,0.0,0.0,2023-06-01
441,2023-06-01 13:45:00-04:00,88.30999755859375,88.36499786376953,88.25,88.25,33844,0.0,0.0,2023-06-01
442,2023-06-01 13:50:00-04:00,88.25,88.29000091552734,88.23200225830078,88.2699966430664,16532,0.0,0.0,2023-06-01
443,2023-06-01 13:55:00-04:00,88.27999877929688,88.5999984741211,88.27999877929688,88.44499969482422,37186,0.0,0.0,2023-06-01
444,2023-06-01 14:00:00-04:00,88.44499969482422,88.44499969482422,88.28500366210938,88.28500366210938,12505,0.0,0.0,2023-06-01
445,2023-06-01 14:05:00-04:00,88.27249908447266,88.62650299072266,88.27249908447266,88.61009979248047,29060,0.0,0.0,2023-06-01
446,2023-06-01 14:10:00-04:00,88.6050033569336,88.83000183105469,88.6050033569336,88.76499938964844,19860,0.0,0.0,2023-06-01
447,2023-06-01 14:15:00-04:00,88.76499938964844,88.76499938964844,88.5999984741211,88.61499786376953,25688,0.0,0.0,2023-06-01
448,2023-06-01 14:20:00-04:00,88.61499786376953,88.63500213623047,88.55000305175781,88.58000183105469,22695,0.0,0.0,2023-06-01
449,2023-06-01 14:25:00-04:00,88.58000183105469,88.58000183105469,88.26000213623047,88.30999755859375,34848,0.0,0.0,2023-06-01
450,2023-06-01 14:30:00-04:00,88.30500030517578,88.47000122070312,88.25,88.37999725341797,29122,0.0,0.0,2023-06-01
451,2023-06-01 14:35:00-04:00,88.38999938964844,88.47000122070312,88.3499984741211,88.3499984741211,14681,0.0,0.0,2023-06-01
452,2023-06-01 14:40:00-04:00,88.3499984741211,88.4800033569336,88.3499984741211,88.44000244140625,18830,0.0,0.0,2023-06-01
453,2023-06-01 14:45:00-04:00,88.44999694824219,88.48999786376953,88.38999938964844,88.47000122070312,24035,0.0,0.0,2023-06-01
454,2023-06-01 14:50:00-04:00,88.45999908447266,88.52999877929688,88.44999694824219,88.47000122070312,19025,0.0,0.0,2023-06-01
455,2023-06-01 14:55:00-04:00,88.46499633789062,88.5199966430664,88.43000030517578,88.45980072021484,22995,0.0,0.0,2023-06-01
456,2023-06-01 15:00:00-04:00,88.45999908447266,88.66999816894531,88.45999908447266,88.66999816894531,13130,0.0,0.0,2023-06-01
457,2023-06-01 15:05:00-04:00,88.65499877929688,88.65499877929688,88.52999877929688,88.61000061035156,27098,0.0,0.0,2023-06-01
458,2023-06-01 15:10:00-04:00,88.5999984741211,88.62000274658203,88.51000213623047,88.53500366210938,22776,0.0,0.0,2023-06-01
459,2023-06-01 15:15:00-04:00,88.54859924316406,88.66999816894531,88.52999877929688,88.62999725341797,28971,0.0,0.0,2023-06-01
460,2023-06-01 15:20:00-04:00,88.6500015258789,88.7699966430664,88.63999938964844,88.70500183105469,35144,0.0,0.0,2023-06-01
461,2023-06-01 15:25:00-04:00,88.70500183105469,88.70700073242188,88.51499938964844,88.58999633789062,50386,0.0,0.0,2023-06-01
462,2023-06-01 15:30:00-04:00,88.61000061035156,88.62999725341797,88.42500305175781,88.49500274658203,49629,0.0,0.0,2023-06-01
463,2023-06-01 15:35:00-04:00,88.51499938964844,88.58000183105469,88.48999786376953,88.58000183105469,40985,0.0,0.0,2023-06-01
464,2023-06-01 15:40:00-04:00,88.58000183105469,88.77999877929688,88.5199966430664,88.75,37105,0.0,0.0,2023-06-01
465,2023-06-01 15:45:00-04:00,88.75,88.86000061035156,88.58999633789062,88.86000061035156,46674,0.0,0.0,2023-06-01
466,2023-06-01 15:50:00-04:00,88.86000061035156,88.91000366210938,88.55999755859375,88.65499877929688,120135,0.0,0.0,2023-06-01
467,2023-06-01 15:55:00-04:00,88.6500015258789,88.91999816894531,88.6500015258789,88.88999938964844,188137,0.0,0.0,2023-06-01
468,2023-06-02 09:30:00-04:00,88.66000366210938,89.05000305175781,88.0,88.55000305175781,76253,0.0,0.0,2023-06-02
469,2023-06-02 09:35:00-04:00,88.54000091552734,88.83000183105469,88.25499725341797,88.30999755859375,32239,0.0,0.0,2023-06-02
470,2023-06-02 09:40:00-04:00,88.3499984741211,88.3499984741211,87.73999786376953,88.05000305175781,65475,0.0,0.0,2023-06-02
471,2023-06-02 09:45:00-04:00,88.04000091552734,88.13999938964844,87.83999633789062,87.86499786376953,46409,0.0,0.0,2023-06-02
472,2023-06-02 09:50:00-04:00,87.86499786376953,88.0,87.55000305175781,87.58999633789062,30567,0.0,0.0,2023-06-02
473,2023-06-02 09:55:00-04:00,87.54000091552734,87.5999984741211,87.31999969482422,87.31999969482422,39369,0.0,0.0,2023-06-02
474,2023-06-02 10:00:00-04:00,87.33000183105469,87.58999633789062,87.2699966430664,87.54000091552734,64547,0.0,0.0,2023-06-02
475,2023-06-02 10:05:00-04:00,87.54000091552734,87.72000122070312,87.44000244140625,87.5999984741211,55949,0.0,0.0,2023-06-02
476,2023-06-02 10:10:00-04:00,87.62999725341797,87.75,87.55999755859375,87.67500305175781,34611,0.0,0.0,2023-06-02
477,2023-06-02 10:15:00-04:00,87.66999816894531,87.70999908447266,87.41999816894531,87.52999877929688,25143,0.0,0.0,2023-06-02
478,2023-06-02 10:20:00-04:00,87.52999877929688,87.62999725341797,87.41999816894531,87.44000244140625,15612,0.0,0.0,2023-06-02
479,2023-06-02 10:25:00-04:00,87.4800033569336,87.61000061035156,87.38999938964844,87.55000305175781,18151,0.0,0.0,2023-06-02
480,2023-06-02 10:30:00-04:00,87.55000305175781,87.61000061035156,87.44999694824219,87.61000061035156,23588,0.0,0.0,2023-06-02
481,2023-06-02 10:35:00-04:00,87.61000061035156,88.0,87.61000061035156,87.83999633789062,35935,0.0,0.0,2023-06-02
482,2023-06-02 10:40:00-04:00,87.8499984741211,87.8499984741211,87.58999633789062,87.62999725341797,47995,0.0,0.0,2023-06-02
483,2023-06-02 10:45:00-04:00,87.62999725341797,87.7300033569336,87.51499938964844,87.66500091552734,31517,0.0,0.0,2023-06-02
484,2023-06-02 10:50:00-04:00,87.63999938964844,87.73999786376953,87.54000091552734,87.66500091552734,26449,0.0,0.0,2023-06-02
485,2023-06-02 10:55:00-04:00,87.66999816894531,87.75,87.44000244140625,87.5199966430664,50047,0.0,0.0,2023-06-02
486,2023-06-02 11:00:00-04:00,87.51000213623047,87.8499984741211,87.44999694824219,87.66000366210938,26096,0.0,0.0,2023-06-02
487,2023-06-02 11:05:00-04:00,87.66000366210938,87.80999755859375,87.61000061035156,87.69000244140625,57590,0.0,0.0,2023-06-02
488,2023-06-02 11:10:00-04:00,87.69000244140625,87.81999969482422,87.63899993896484,87.80999755859375,29380,0.0,0.0,2023-06-02
489,2023-06-02 11:15:00-04:00,87.83999633789062,88.05999755859375,87.80999755859375,88.0199966430664,43451,0.0,0.0,2023-06-02
490,2023-06-02 11:20:00-04:00,88.05000305175781,88.08999633789062,87.87999725341797,87.87999725341797,29652,0.0,0.0,2023-06-02
491,2023-06-02 11:25:00-04:00,87.88999938964844,87.93000030517578,87.7699966430664,87.8499984741211,18538,0.0,0.0,2023-06-02
492,2023-06-02 11:30:00-04:00,87.86000061035156,87.86000061035156,87.80000305175781,87.83999633789062,13705,0.0,0.0,2023-06-02
493,2023-06-02 11:35:00-04:00,87.83499908447266,88.05000305175781,87.80999755859375,88.04000091552734,31610,0.0,0.0,2023-06-02
494,2023-06-02 11:40:00-04:00,88.01499938964844,88.06999969482422,87.9000015258789,88.01750183105469,49165,0.0,0.0,2023-06-02
495,2023-06-02 11:45:00-04:00,88.0199966430664,88.08999633789062,87.98500061035156,88.0199966430664,15656,0.0,0.0,2023-06-02
496,2023-06-02 11:50:00-04:00,88.0,88.04499816894531,87.98999786376953,88.0,21552,0.0,0.0,2023-06-02
497,2023-06-02 11:55:00-04:00,88.08000183105469,88.19000244140625,87.9800033569336,88.06500244140625,56988,0.0,0.0,2023-06-02
498,2023-06-02 12:00:00-04:00,88.08000183105469,88.0999984741211,87.97000122070312,88.08999633789062,15572,0.0,0.0,2023-06-02
499,2023-06-02 12:05:00-04:00,88.04499816894531,88.22000122070312,88.0,88.04000091552734,47050,0.0,0.0,2023-06-02
500,2023-06-02 12:10:00-04:00,88.01000213623047,88.01000213623047,87.94000244140625,87.95999908447266,5965,0.0,0.0,2023-06-02
501,2023-06-02 12:15:00-04:00,87.96499633789062,87.96499633789062,87.66000366210938,87.68499755859375,24522,0.0,0.0,2023-06-02
502,2023-06-02 12:20:00-04:00,87.70500183105469,87.89430236816406,87.69999694824219,87.89430236816406,21050,0.0,0.0,2023-06-02
503,2023-06-02 12:25:00-04:00,87.91999816894531,88.16999816894531,87.87999725341797,88.05999755859375,13270,0.0,0.0,2023-06-02
504,2023-06-02 12:30:00-04:00,88.05000305175781,88.05879974365234,87.86000061035156,87.9800033569336,56351,0.0,0.0,2023-06-02
505,2023-06-02 12:35:00-04:00,87.9800033569336,87.98500061035156,87.80999755859375,87.95999908447266,14263,0.0,0.0,2023-06-02
506,2023-06-02 12:40:00-04:00,87.98999786376953,88.05000305175781,87.93000030517578,87.97000122070312,9516,0.0,0.0,2023-06-02
507,2023-06-02 12:45:00-04:00,87.97000122070312,88.16000366210938,87.95999908447266,88.13999938964844,10120,0.0,0.0,2023-06-02
508,2023-06-02 12:50:00-04:00,88.08000183105469,88.08000183105469,87.98999786376953,88.03500366210938,9312,0.0,0.0,2023-06-02
509,2023-06-02 12:55:00-04:00,88.03500366210938,88.16000366210938,88.01000213623047,88.01000213623047,10754,0.0,0.0,2023-06-02
510,2023-06-02 13:00:00-04:00,88.04000091552734,88.04000091552734,87.88999938964844,87.9000015258789,25112,0.0,0.0,2023-06-02
511,2023-06-02 13:05:00-04:00,87.9000015258789,88.01000213623047,87.87999725341797,87.9800033569336,28415,0.0,0.0,2023-06-02
512,2023-06-02 13:10:00-04:00,88.0,88.02999877929688,87.91000366210938,87.91999816894531,15271,0.0,0.0,2023-06-02
513,2023-06-02 13:15:00-04:00,87.9000015258789,88.08000183105469,87.9000015258789,88.00499725341797,22378,0.0,0.0,2023-06-02
514,2023-06-02 13:20:00-04:00,87.98999786376953,88.12999725341797,87.98999786376953,88.06999969482422,11370,0.0,0.0,2023-06-02
515,2023-06-02 13:25:00-04:00,88.06999969482422,88.08999633789062,88.0,88.02999877929688,17960,0.0,0.0,2023-06-02
516,2023-06-02 13:30:00-04:00,88.05999755859375,88.05999755859375,88.02999877929688,88.02999877929688,7679,0.0,0.0,2023-06-02
517,2023-06-02 13:35:00-04:00,88.04499816894531,88.12000274658203,88.02999877929688,88.05000305175781,47754,0.0,0.0,2023-06-02
518,2023-06-02 13:40:00-04:00,88.05000305175781,88.12000274658203,87.9000015258789,87.91999816894531,31337,0.0,0.0,2023-06-02
519,2023-06-02 13:45:00-04:00,87.91999816894531,87.9800033569336,87.81500244140625,87.91000366210938,27811,0.0,0.0,2023-06-02
520,2023-06-02 13:50:00-04:00,87.9000015258789,87.93000030517578,87.8499984741211,87.91000366210938,29271,0.0,0.0,2023-06-02
521,2023-06-02 13:55:00-04:00,87.91999816894531,88.0250015258789,87.91000366210938,87.97000122070312,15604,0.0,0.0,2023-06-02
522,2023-06-02 14:00:00-04:00,87.9800033569336,88.0999984741211,87.97000122070312,88.05999755859375,25090,0.0,0.0,2023-06-02
523,2023-06-02 14:05:00-04:00,88.04000091552734,88.04000091552734,87.87000274658203,87.88999938964844,32296,0.0,0.0,2023-06-02
524,2023-06-02 14:10:00-04:00,87.9000015258789,88.04199981689453,87.9000015258789,88.0199966430664,17654,0.0,0.0,2023-06-02
525,2023-06-02 14:15:00-04:00,88.0199966430664,88.07499694824219,88.0,88.0,13090,0.0,0.0,2023-06-02
526,2023-06-02 14:20:00-04:00,88.0,88.06999969482422,88.0,88.06500244140625,9380,0.0,0.0,2023-06-02
527,2023-06-02 14:25:00-04:00,88.06500244140625,88.1500015258789,88.04000091552734,88.1500015258789,17203,0.0,0.0,2023-06-02
528,2023-06-02 14:30:00-04:00,88.1500015258789,88.1500015258789,87.95999908447266,88.11000061035156,36549,0.0,0.0,2023-06-02
529,2023-06-02 14:35:00-04:00,88.08000183105469,88.08499908447266,88.0,88.05999755859375,9955,0.0,0.0,2023-06-02
530,2023-06-02 14:40:00-04:00,88.05000305175781,88.1500015258789,88.0,88.0199966430664,28662,0.0,0.0,2023-06-02
531,2023-06-02 14:45:00-04:00,87.97000122070312,88.05000305175781,87.94000244140625,87.94999694824219,27762,0.0,0.0,2023-06-02
532,2023-06-02 14:50:00-04:00,87.95999908447266,88.02999877929688,87.91000366210938,87.94000244140625,37299,0.0,0.0,2023-06-02
533,2023-06-02 14:55:00-04:00,87.91999816894531,88.05000305175781,87.88999938964844,88.00499725341797,41860,0.0,0.0,2023-06-02
534,2023-06-02 15:00:00-04:00,88.0250015258789,88.1500015258789,88.01000213623047,88.0999984741211,23836,0.0,0.0,2023-06-02
535,2023-06-02 15:05:00-04:00,88.12999725341797,88.1500015258789,87.91999816894531,87.91999816894531,31015,0.0,0.0,2023-06-02
536,2023-06-02 15:10:00-04:00,87.9000015258789,88.02999877929688,87.9000015258789,88.0199966430664,30453,0.0,0.0,2023-06-02
537,2023-06-02 15:15:00-04:00,88.04000091552734,88.18000030517578,87.9800033569336,88.16000366210938,29592,0.0,0.0,2023-06-02
538,2023-06-02 15:20:00-04:00,88.12999725341797,88.15499877929688,87.97000122070312,87.98999786376953,40722,0.0,0.0,2023-06-02
539,2023-06-02 15:25:00-04:00,87.99500274658203,88.12999725341797,87.94000244140625,88.08000183105469,39569,0.0,0.0,2023-06-02
540,2023-06-02 15:30:00-04:00,88.08000183105469,88.12999725341797,87.93000030517578,88.0999984741211,78897,0.0,0.0,2023-06-02
541,2023-06-02 15:35:00-04:00,88.0999984741211,88.0999984741211,87.91999816894531,87.96499633789062,42621,0.0,0.0,2023-06-02
542,2023-06-02 15:40:00-04:00,87.97000122070312,88.04000091552734,87.86000061035156,87.91000366210938,43928,0.0,0.0,2023-06-02
543,2023-06-02 15:45:00-04:00,87.91000366210938,87.91000366210938,87.7300033569336,87.77999877929688,67399,0.0,0.0,2023-06-02
544,2023-06-02 15:50:00-04:00,87.77999877929688,87.83000183105469,87.6500015258789,87.6500015258789,110364,0.0,0.0,2023-06-02
545,2023-06-02 15:55:00-04:00,87.6500015258789,87.7300033569336,87.5,87.52999877929688,245182,0.0,0.0,2023-06-02
546,2023-06-05 09:30:00-04:00,87.81999969482422,87.98999786376953,87.62999725341797,87.94499969482422,34571,0.0,0.0,2023-06-05
547,2023-06-05 09:35:00-04:00,87.875,88.2699966430664,87.875,88.26499938964844,10359,0.0,0.0,2023-06-05
548,2023-06-05 09:40:00-04:00,88.23999786376953,88.33999633789062,88.0999984741211,88.20999908447266,17091,0.0,0.0,2023-06-05
549,2023-06-05 09:45:00-04:00,88.20999908447266,88.75,88.20999908447266,88.73999786376953,22794,0.0,0.0,2023-06-05
550,2023-06-05 09:50:00-04:00,88.75,88.75499725341797,88.48999786376953,88.51000213623047,13194,0.0,0.0,2023-06-05
551,2023-06-05 09:55:00-04:00,88.51000213623047,88.64250183105469,88.37999725341797,88.64250183105469,20223,0.0,0.0,2023-06-05
552,2023-06-05 10:00:00-04:00,88.66999816894531,88.7750015258789,88.43000030517578,88.44000244140625,25358,0.0,0.0,2023-06-05
553,2023-06-05 10:05:00-04:00,88.4800033569336,88.62999725341797,88.41999816894531,88.62000274658203,19224,0.0,0.0,2023-06-05
554,2023-06-05 10:10:00-04:00,88.61000061035156,88.68000030517578,88.52999877929688,88.66000366210938,22186,0.0,0.0,2023-06-05
555,2023-06-05 10:15:00-04:00,88.68499755859375,88.69000244140625,88.3949966430664,88.52999877929688,29073,0.0,0.0,2023-06-05
556,2023-06-05 10:20:00-04:00,88.54000091552734,88.75,88.5,88.69000244140625,40165,0.0,0.0,2023-06-05
557,2023-06-05 10:25:00-04:00,88.69999694824219,88.80999755859375,88.6500015258789,88.72000122070312,23684,0.0,0.0,2023-06-05
558,2023-06-05 10:30:00-04:00,88.7300033569336,88.79000091552734,88.4800033569336,88.51000213623047,25399,0.0,0.0,2023-06-05
559,2023-06-05 10:35:00-04:00,88.51000213623047,88.6500015258789,88.38999938964844,88.43499755859375,26147,0.0,0.0,2023-06-05
560,2023-06-05 10:40:00-04:00,88.43000030517578,88.55999755859375,88.42500305175781,88.51000213623047,16818,0.0,0.0,2023-06-05
561,2023-06-05 10:45:00-04:00,88.5,88.6500015258789,88.37999725341797,88.55999755859375,27369,0.0,0.0,2023-06-05
562,2023-06-05 10:50:00-04:00,88.5999984741211,88.6500015258789,88.43000030517578,88.45999908447266,12252,0.0,0.0,2023-06-05
563,2023-06-05 10:55:00-04:00,88.46499633789062,88.63999938964844,88.44000244140625,88.62000274658203,20002,0.0,0.0,2023-06-05
564,2023-06-05 11:00:00-04:00,88.62000274658203,88.72000122070312,88.49500274658203,88.55000305175781,36322,0.0,0.0,2023-06-05
565,2023-06-05 11:05:00-04:00,88.54499816894531,88.6449966430664,88.5,88.58499908447266,19454,0.0,0.0,2023-06-05
566,2023-06-05 11:10:00-04:00,88.5999984741211,88.72000122070312,88.54000091552734,88.72000122070312,32836,0.0,0.0,2023-06-05
567,2023-06-05 11:15:00-04:00,88.70999908447266,88.72000122070312,88.56999969482422,88.64199829101562,14374,0.0,0.0,2023-06-05
568,2023-06-05 11:20:00-04:00,88.65499877929688,88.68000030517578,88.49500274658203,88.56500244140625,16715,0.0,0.0,2023-06-05
569,2023-06-05 11:25:00-04:00,88.56500244140625,88.69999694824219,88.52999877929688,88.58000183105469,15242,0.0,0.0,2023-06-05
570,2023-06-05 11:30:00-04:00,88.58000183105469,88.6500015258789,88.55000305175781,88.56500244140625,19364,0.0,0.0,2023-06-05
571,2023-06-05 11:35:00-04:00,88.56500244140625,88.57499694824219,88.51000213623047,88.51000213623047,8980,0.0,0.0,2023-06-05
572,2023-06-05 11:40:00-04:00,88.5,88.5,88.3499984741211,88.41000366210938,19969,0.0,0.0,2023-06-05
573,2023-06-05 11:45:00-04:00,88.41999816894531,88.5199966430664,88.37000274658203,88.38500213623047,12968,0.0,0.0,2023-06-05
574,2023-06-05 11:50:00-04:00,88.4000015258789,88.41500091552734,88.23079681396484,88.27749633789062,21804,0.0,0.0,2023-06-05
575,2023-06-05 11:55:00-04:00,88.27999877929688,88.28690338134766,88.08999633789062,88.125,14216,0.0,0.0,2023-06-05
576,2023-06-05 12:00:00-04:00,88.1500015258789,88.1500015258789,88.04499816894531,88.05000305175781,8606,0.0,0.0,2023-06-05
577,2023-06-05 12:05:00-04:00,88.0199966430664,88.23999786376953,88.0199966430664,88.23999786376953,10880,0.0,0.0,2023-06-05
578,2023-06-05 12:10:00-04:00,88.23999786376953,88.5199966430664,88.2300033569336,88.48999786376953,30010,0.0,0.0,2023-06-05
579,2023-06-05 12:15:00-04:00,88.4800033569336,88.4800033569336,88.36000061035156,88.41999816894531,36304,0.0,0.0,2023-06-05
580,2023-06-05 12:20:00-04:00,88.43000030517578,88.4800033569336,88.30500030517578,88.33000183105469,11374,0.0,0.0,2023-06-05
581,2023-06-05 12:25:00-04:00,88.30999755859375,88.3949966430664,88.27999877929688,88.33999633789062,9588,0.0,0.0,2023-06-05
582,2023-06-05 12:30:00-04:00,88.33999633789062,88.33999633789062,88.24009704589844,88.2750015258789,8562,0.0,0.0,2023-06-05
583,2023-06-05 12:35:00-04:00,88.26100158691406,88.2699966430664,88.19650268554688,88.2030029296875,7831,0.0,0.0,2023-06-05
584,2023-06-05 12:40:00-04:00,88.20999908447266,88.22000122070312,88.16999816894531,88.19499969482422,8478,0.0,0.0,2023-06-05
585,2023-06-05 12:45:00-04:00,88.20500183105469,88.26000213623047,88.12000274658203,88.16999816894531,13581,0.0,0.0,2023-06-05
586,2023-06-05 12:50:00-04:00,88.19000244140625,88.2699966430664,88.18000030517578,88.25,15178,0.0,0.0,2023-06-05
587,2023-06-05 12:55:00-04:00,88.25499725341797,88.41999816894531,88.25499725341797,88.41999816894531,9516,0.0,0.0,2023-06-05
588,2023-06-05 13:00:00-04:00,88.41999816894531,88.43499755859375,88.37999725341797,88.41500091552734,17334,0.0,0.0,2023-06-05
589,2023-06-05 13:05:00-04:00,88.41000366210938,88.59500122070312,88.33999633789062,88.36000061035156,23444,0.0,0.0,2023-06-05
590,2023-06-05 13:10:00-04:00,88.37000274658203,88.37000274658203,88.14250183105469,88.17500305175781,8685,0.0,0.0,2023-06-05
591,2023-06-05 13:15:00-04:00,88.17500305175781,88.17500305175781,88.05000305175781,88.1449966430664,8036,0.0,0.0,2023-06-05
592,2023-06-05 13:20:00-04:00,88.1449966430664,88.1449966430664,87.9749984741211,87.9749984741211,7473,0.0,0.0,2023-06-05
593,2023-06-05 13:25:00-04:00,87.98999786376953,88.02999877929688,87.81999969482422,87.83000183105469,8036,0.0,0.0,2023-06-05
594,2023-06-05 13:30:00-04:00,87.81999969482422,87.83999633789062,87.61000061035156,87.62999725341797,17441,0.0,0.0,2023-06-05
595,2023-06-05 13:35:00-04:00,87.62999725341797,87.80999755859375,87.62300109863281,87.79499816894531,7755,0.0,0.0,2023-06-05
596,2023-06-05 13:40:00-04:00,87.79499816894531,87.79499816894531,87.73999786376953,87.77999877929688,7094,0.0,0.0,2023-06-05
597,2023-06-05 13:45:00-04:00,87.81900024414062,88.01000213623047,87.7750015258789,88.01000213623047,12620,0.0,0.0,2023-06-05
598,2023-06-05 13:50:00-04:00,88.03500366210938,88.03500366210938,87.91500091552734,87.94000244140625,13317,0.0,0.0,2023-06-05
599,2023-06-05 13:55:00-04:00,87.94000244140625,87.98500061035156,87.87999725341797,87.91000366210938,12532,0.0,0.0,2023-06-05
600,2023-06-05 14:00:00-04:00,87.9000015258789,87.9000015258789,87.81999969482422,87.83000183105469,10430,0.0,0.0,2023-06-05
601,2023-06-05 14:05:00-04:00,87.81999969482422,87.81999969482422,87.73999786376953,87.73999786376953,11225,0.0,0.0,2023-06-05
602,2023-06-05 14:10:00-04:00,87.77999877929688,87.79000091552734,87.67500305175781,87.76000213623047,15865,0.0,0.0,2023-06-05
603,2023-06-05 14:15:00-04:00,87.78350067138672,87.83000183105469,87.76000213623047,87.83000183105469,7918,0.0,0.0,2023-06-05
604,2023-06-05 14:20:00-04:00,87.80000305175781,87.80000305175781,87.55999755859375,87.58000183105469,12196,0.0,0.0,2023-06-05
605,2023-06-05 14:25:00-04:00,87.56999969482422,87.6500015258789,87.5,87.62999725341797,12781,0.0,0.0,2023-06-05
606,2023-06-05 14:30:00-04:00,87.6500015258789,87.6500015258789,87.33999633789062,87.36000061035156,20090,0.0,0.0,2023-06-05
607,2023-06-05 14:35:00-04:00,87.37999725341797,87.51000213623047,87.36000061035156,87.36000061035156,13155,0.0,0.0,2023-06-05
608,2023-06-05 14:40:00-04:00,87.33999633789062,87.41000366210938,87.25,87.31999969482422,13505,0.0,0.0,2023-06-05
609,2023-06-05 14:45:00-04:00,87.31999969482422,87.36000061035156,87.2699966430664,87.27999877929688,13273,0.0,0.0,2023-06-05
610,2023-06-05 14:50:00-04:00,87.30999755859375,87.45999908447266,87.26750183105469,87.44000244140625,20561,0.0,0.0,2023-06-05
611,2023-06-05 14:55:00-04:00,87.45999908447266,87.52999877929688,87.41999816894531,87.47000122070312,17381,0.0,0.0,2023-06-05
612,2023-06-05 15:00:00-04:00,87.47000122070312,87.4800033569336,87.27999877929688,87.27999877929688,16744,0.0,0.0,2023-06-05
613,2023-06-05 15:05:00-04:00,87.26000213623047,87.36000061035156,87.18000030517578,87.29000091552734,24826,0.0,0.0,2023-06-05
614,2023-06-05 15:10:00-04:00,87.2699966430664,87.37999725341797,87.2699966430664,87.36000061035156,17429,0.0,0.0,2023-06-05
615,2023-06-05 15:15:00-04:00,87.3499984741211,87.37999725341797,87.2699966430664,87.33000183105469,27948,0.0,0.0,2023-06-05
616,2023-06-05 15:20:00-04:00,87.3499984741211,87.52999877929688,87.3499984741211,87.5,24602,0.0,0.0,2023-06-05
617,2023-06-05 15:25:00-04:00,87.5,87.51000213623047,87.30000305175781,87.37999725341797,34628,0.0,0.0,2023-06-05
618,2023-06-05 15:30:00-04:00,87.37000274658203,87.44000244140625,87.33999633789062,87.33999633789062,32028,0.0,0.0,2023-06-05
619,2023-06-05 15:35:00-04:00,87.36000061035156,87.5999984741211,87.3550033569336,87.58000183105469,27745,0.0,0.0,2023-06-05
620,2023-06-05 15:40:00-04:00,87.56999969482422,87.62000274658203,87.53500366210938,87.55000305175781,25908,0.0,0.0,2023-06-05
621,2023-06-05 15:45:00-04:00,87.55500030517578,87.58000183105469,87.38999938964844,87.51029968261719,30690,0.0,0.0,2023-06-05
622,2023-06-05 15:50:00-04:00,87.5250015258789,87.62000274658203,87.5,87.6050033569336,58146,0.0,0.0,2023-06-05
623,2023-06-05 15:55:00-04:00,87.6050033569336,87.6050033569336,87.45999908447266,87.5,129720,0.0,0.0,2023-06-05
624,2023-06-06 09:30:00-04:00,87.13999938964844,87.7249984741211,87.13999938964844,87.7249984741211,17428,0.0,0.0,2023-06-06
625,2023-06-06 09:35:00-04:00,87.73999786376953,87.83000183105469,87.5199966430664,87.79000091552734,35994,0.0,0.0,2023-06-06
626,2023-06-06 09:40:00-04:00,87.81999969482422,87.96890258789062,87.56300354003906,87.7770004272461,18391,0.0,0.0,2023-06-06
627,2023-06-06 09:45:00-04:00,87.77999877929688,87.88999938964844,87.69000244140625,87.8499984741211,15545,0.0,0.0,2023-06-06
628,2023-06-06 09:50:00-04:00,87.86000061035156,88.08999633789062,87.86000061035156,88.0199966430664,24047,0.0,0.0,2023-06-06
629,2023-06-06 09:55:00-04:00,88.06999969482422,88.06999969482422,87.88500213623047,87.97000122070312,8748,0.0,0.0,2023-06-06
630,2023-06-06 10:00:00-04:00,87.98999786376953,88.43000030517578,87.98500061035156,88.43000030517578,13904,0.0,0.0,2023-06-06
631,2023-06-06 10:05:00-04:00,88.44999694824219,88.87999725341797,88.44000244140625,88.87999725341797,17386,0.0,0.0,2023-06-06
632,2023-06-06 10:10:00-04:00,88.9000015258789,88.94000244140625,88.5999984741211,88.7750015258789,59204,0.0,0.0,2023-06-06
633,2023-06-06 10:15:00-04:00,88.7750015258789,89.05999755859375,88.70999908447266,88.8499984741211,45891,0.0,0.0,2023-06-06
634,2023-06-06 10:20:00-04:00,88.87000274658203,89.01000213623047,88.73500061035156,88.95500183105469,24145,0.0,0.0,2023-06-06
635,2023-06-06 10:25:00-04:00,88.94999694824219,89.18499755859375,88.94000244140625,89.125,20138,0.0,0.0,2023-06-06
636,2023-06-06 10:30:00-04:00,89.13999938964844,89.33999633789062,89.13999938964844,89.2249984741211,16547,0.0,0.0,2023-06-06
637,2023-06-06 10:35:00-04:00,89.2300033569336,89.38999938964844,89.20999908447266,89.26000213623047,23966,0.0,0.0,2023-06-06
638,2023-06-06 10:40:00-04:00,89.23500061035156,89.30999755859375,89.125,89.22000122070312,21890,0.0,0.0,2023-06-06
639,2023-06-06 10:45:00-04:00,89.20999908447266,89.4000015258789,89.08999633789062,89.29000091552734,29898,0.0,0.0,2023-06-06
640,2023-06-06 10:50:00-04:00,89.30000305175781,89.5199966430664,89.27999877929688,89.39009857177734,20274,0.0,0.0,2023-06-06
641,2023-06-06 10:55:00-04:00,89.41000366210938,89.41000366210938,89.0,89.0,33157,0.0,0.0,2023-06-06
642,2023-06-06 11:00:00-04:00,88.96499633789062,89.05999755859375,88.87000274658203,88.99500274658203,30130,0.0,0.0,2023-06-06
643,2023-06-06 11:05:00-04:00,89.05999755859375,89.26000213623047,89.05000305175781,89.26000213623047,15635,0.0,0.0,2023-06-06
644,2023-06-06 11:10:00-04:00,89.20999908447266,89.28900146484375,89.1500015258789,89.19499969482422,16836,0.0,0.0,2023-06-06
645,2023-06-06 11:15:00-04:00,89.20999908447266,89.33999633789062,89.18000030517578,89.33999633789062,16203,0.0,0.0,2023-06-06
646,2023-06-06 11:20:00-04:00,89.34500122070312,89.35900115966797,89.18000030517578,89.2300033569336,36914,0.0,0.0,2023-06-06
647,2023-06-06 11:25:00-04:00,89.25700378417969,89.37999725341797,89.1500015258789,89.33000183105469,16337,0.0,0.0,2023-06-06
648,2023-06-06 11:30:00-04:00,89.30999755859375,89.34750366210938,89.13999938964844,89.19000244140625,26928,0.0,0.0,2023-06-06
649,2023-06-06 11:35:00-04:00,89.16999816894531,89.33000183105469,89.16000366210938,89.3010025024414,16820,0.0,0.0,2023-06-06
650,2023-06-06 11:40:00-04:00,89.302001953125,89.55999755859375,89.30000305175781,89.52999877929688,12764,0.0,0.0,2023-06-06
651,2023-06-06 11:45:00-04:00,89.52999877929688,89.70999908447266,89.51000213623047,89.69999694824219,28536,0.0,0.0,2023-06-06
652,2023-06-06 11:50:00-04:00,89.7300033569336,89.73999786376953,89.5999984741211,89.72000122070312,18103,0.0,0.0,2023-06-06
653,2023-06-06 11:55:00-04:00,89.72000122070312,89.76000213623047,89.66000366210938,89.71499633789062,28633,0.0,0.0,2023-06-06
654,2023-06-06 12:00:00-04:00,89.71499633789062,89.83999633789062,89.71499633789062,89.80999755859375,21909,0.0,0.0,2023-06-06
655,2023-06-06 12:05:00-04:00,89.83000183105469,89.88999938964844,89.4717025756836,89.52999877929688,36189,0.0,0.0,2023-06-06
656,2023-06-06 12:10:00-04:00,89.58000183105469,89.7300033569336,89.57099914550781,89.72000122070312,16032,0.0,0.0,2023-06-06
657,2023-06-06 12:15:00-04:00,89.69999694824219,89.76000213623047,89.58000183105469,89.70999908447266,26128,0.0,0.0,2023-06-06
658,2023-06-06 12:20:00-04:00,89.7300033569336,89.77999877929688,89.72000122070312,89.72000122070312,5913,0.0,0.0,2023-06-06
659,2023-06-06 12:25:00-04:00,89.71499633789062,89.87000274658203,89.71499633789062,89.7750015258789,18520,0.0,0.0,2023-06-06
660,2023-06-06 12:30:00-04:00,89.7699966430664,89.79000091552734,89.6500015258789,89.72000122070312,13104,0.0,0.0,2023-06-06
661,2023-06-06 12:35:00-04:00,89.68000030517578,89.79000091552734,89.62999725341797,89.79000091552734,12104,0.0,0.0,2023-06-06
662,2023-06-06 12:40:00-04:00,89.77999877929688,89.80999755859375,89.54000091552734,89.6500015258789,22200,0.0,0.0,2023-06-06
663,2023-06-06 12:45:00-04:00,89.65499877929688,89.69999694824219,89.58999633789062,89.58999633789062,9723,0.0,0.0,2023-06-06
664,2023-06-06 12:50:00-04:00,89.58999633789062,89.63999938964844,89.5250015258789,89.56999969482422,10219,0.0,0.0,2023-06-06
665,2023-06-06 12:55:00-04:00,89.56999969482422,89.75,89.56999969482422,89.7300033569336,22558,0.0,0.0,2023-06-06
666,2023-06-06 13:00:00-04:00,89.77899932861328,89.77899932861328,89.58000183105469,89.625,8940,0.0,0.0,2023-06-06
667,2023-06-06 13:05:00-04:00,89.61000061035156,89.69999694824219,89.5999984741211,89.66999816894531,7893,0.0,0.0,2023-06-06
668,2023-06-06 13:10:00-04:00,89.69000244140625,89.83999633789062,89.68000030517578,89.80500030517578,26253,0.0,0.0,2023-06-06
669,2023-06-06 13:15:00-04:00,89.80500030517578,89.88999938964844,89.7300033569336,89.73999786376953,30192,0.0,0.0,2023-06-06
670,2023-06-06 13:20:00-04:00,89.74500274658203,89.74500274658203,89.39540100097656,89.44999694824219,16391,0.0,0.0,2023-06-06
671,2023-06-06 13:25:00-04:00,89.45099639892578,89.68000030517578,89.44999694824219,89.68000030517578,25609,0.0,0.0,2023-06-06
672,2023-06-06 13:30:00-04:00,89.69499969482422,89.69499969482422,89.23999786376953,89.5,45796,0.0,0.0,2023-06-06
673,2023-06-06 13:35:00-04:00,89.52999877929688,89.54000091552734,89.41000366210938,89.51499938964844,17693,0.0,0.0,2023-06-06
674,2023-06-06 13:40:00-04:00,89.51000213623047,89.55000305175781,89.37999725341797,89.41999816894531,21084,0.0,0.0,2023-06-06
675,2023-06-06 13:45:00-04:00,89.41999816894531,89.54000091552734,89.41999816894531,89.5,17254,0.0,0.0,2023-06-06
676,2023-06-06 13:50:00-04:00,89.5,89.54000091552734,89.43000030517578,89.43000030517578,18300,0.0,0.0,2023-06-06
677,2023-06-06 13:55:00-04:00,89.41999816894531,89.43000030517578,89.26000213623047,89.31999969482422,28041,0.0,0.0,2023-06-06
678,2023-06-06 14:00:00-04:00,89.2699966430664,89.4000015258789,89.22000122070312,89.33000183105469,28821,0.0,0.0,2023-06-06
679,2023-06-06 14:05:00-04:00,89.3499984741211,89.5,89.27999877929688,89.47000122070312,47266,0.0,0.0,2023-06-06
680,2023-06-06 14:10:00-04:00,89.5,89.58000183105469,89.46499633789062,89.5,8876,0.0,0.0,2023-06-06
681,2023-06-06 14:15:00-04:00,89.49500274658203,89.56999969482422,89.47000122070312,89.5250015258789,12334,0.0,0.0,2023-06-06
682,2023-06-06 14:20:00-04:00,89.5250015258789,89.69000244140625,89.5250015258789,89.62999725341797,19783,0.0,0.0,2023-06-06
683,2023-06-06 14:25:00-04:00,89.62999725341797,89.77999877929688,89.55000305175781,89.66000366210938,30911,0.0,0.0,2023-06-06
684,2023-06-06 14:30:00-04:00,89.68000030517578,89.68000030517578,89.5,89.63999938964844,12328,0.0,0.0,2023-06-06
685,2023-06-06 14:35:00-04:00,89.6449966430664,89.70999908447266,89.62000274658203,89.69999694824219,21292,0.0,0.0,2023-06-06
686,2023-06-06 14:40:00-04:00,89.69999694824219,89.84500122070312,89.68499755859375,89.68499755859375,18834,0.0,0.0,2023-06-06
687,2023-06-06 14:45:00-04:00,89.61000061035156,89.72000122070312,89.5009994506836,89.52999877929688,18074,0.0,0.0,2023-06-06
688,2023-06-06 14:50:00-04:00,89.55000305175781,89.66000366210938,89.54499816894531,89.6500015258789,32286,0.0,0.0,2023-06-06
689,2023-06-06 14:55:00-04:00,89.6500015258789,89.69999694824219,89.5999984741211,89.63500213623047,13757,0.0,0.0,2023-06-06
690,2023-06-06 15:00:00-04:00,89.66000366210938,89.76499938964844,89.58999633789062,89.75,20030,0.0,0.0,2023-06-06
691,2023-06-06 15:05:00-04:00,89.77749633789062,89.80000305175781,89.5999984741211,89.6500015258789,20014,0.0,0.0,2023-06-06
692,2023-06-06 15:10:00-04:00,89.6500015258789,89.75,89.63999938964844,89.72000122070312,29752,0.0,0.0,2023-06-06
693,2023-06-06 15:15:00-04:00,89.69000244140625,89.79499816894531,89.69000244140625,89.79000091552734,24578,0.0,0.0,2023-06-06
694,2023-06-06 15:20:00-04:00,89.79000091552734,89.81999969482422,89.54000091552734,89.54000091552734,28108,0.0,0.0,2023-06-06
695,2023-06-06 15:25:00-04:00,89.58999633789062,89.65499877929688,89.52999877929688,89.53469848632812,26128,0.0,0.0,2023-06-06
696,2023-06-06 15:30:00-04:00,89.55000305175781,89.62999725341797,89.5,89.55799865722656,20952,0.0,0.0,2023-06-06
697,2023-06-06 15:35:00-04:00,89.52999877929688,89.5999984741211,89.4749984741211,89.4800033569336,25557,0.0,0.0,2023-06-06
698,2023-06-06 15:40:00-04:00,89.47000122070312,89.55000305175781,89.4000015258789,89.5250015258789,28112,0.0,0.0,2023-06-06
699,2023-06-06 15:45:00-04:00,89.5250015258789,89.62000274658203,89.48500061035156,89.58499908447266,35452,0.0,0.0,2023-06-06
700,2023-06-06 15:50:00-04:00,89.59249877929688,89.69999694824219,89.55999755859375,89.58499908447266,87617,0.0,0.0,2023-06-06
701,2023-06-06 15:55:00-04:00,89.58999633789062,89.72000122070312,89.54000091552734,89.55000305175781,173927,0.0,0.0,2023-06-06
702,2023-06-07 09:30:00-04:00,89.55000305175781,89.6449966430664,89.17500305175781,89.18000030517578,47971,0.0,0.0,2023-06-07
703,2023-06-07 09:35:00-04:00,89.16999816894531,89.46499633789062,89.12999725341797,89.46499633789062,15576,0.0,0.0,2023-06-07
704,2023-06-07 09:40:00-04:00,89.5199966430664,89.53500366210938,89.1500015258789,89.33000183105469,20688,0.0,0.0,2023-06-07
705,2023-06-07 09:45:00-04:00,89.36000061035156,89.4000015258789,89.12999725341797,89.4000015258789,15877,0.0,0.0,2023-06-07
706,2023-06-07 09:50:00-04:00,89.43000030517578,89.61000061035156,89.43000030517578,89.46499633789062,14999,0.0,0.0,2023-06-07
707,2023-06-07 09:55:00-04:00,89.45999908447266,89.68000030517578,89.45999908447266,89.57499694824219,17073,0.0,0.0,2023-06-07
708,2023-06-07 10:00:00-04:00,89.55000305175781,89.61000061035156,89.43000030517578,89.61000061035156,21701,0.0,0.0,2023-06-07
709,2023-06-07 10:05:00-04:00,89.62000274658203,89.70500183105469,89.55000305175781,89.59500122070312,11165,0.0,0.0,2023-06-07
710,2023-06-07 10:10:00-04:00,89.66000366210938,89.66000366210938,89.55000305175781,89.55999755859375,5084,0.0,0.0,2023-06-07
711,2023-06-07 10:15:00-04:00,89.58499908447266,89.80000305175781,89.58499908447266,89.69999694824219,25679,0.0,0.0,2023-06-07
712,2023-06-07 10:20:00-04:00,89.66000366210938,89.73999786376953,89.56999969482422,89.56999969482422,11913,0.0,0.0,2023-06-07
713,2023-06-07 10:25:00-04:00,89.5999984741211,89.73999786376953,89.5999984741211,89.71959686279297,11452,0.0,0.0,2023-06-07
714,2023-06-07 10:30:00-04:00,89.7300033569336,89.7699966430664,89.52999877929688,89.62999725341797,23679,0.0,0.0,2023-06-07
715,2023-06-07 10:35:00-04:00,89.63999938964844,89.63999938964844,89.47000122070312,89.52999877929688,13761,0.0,0.0,2023-06-07
716,2023-06-07 10:40:00-04:00,89.52999877929688,89.69999694824219,89.52999877929688,89.68769836425781,12057,0.0,0.0,2023-06-07
717,2023-06-07 10:45:00-04:00,89.72000122070312,89.80999755859375,89.67500305175781,89.80999755859375,15690,0.0,0.0,2023-06-07
718,2023-06-07 10:50:00-04:00,89.79000091552734,89.87000274658203,89.7699966430664,89.82499694824219,26208,0.0,0.0,2023-06-07
719,2023-06-07 10:55:00-04:00,89.80000305175781,89.81680297851562,89.69999694824219,89.79000091552734,18276,0.0,0.0,2023-06-07
720,2023-06-07 11:00:00-04:00,89.76000213623047,89.80000305175781,89.69999694824219,89.80000305175781,10703,0.0,0.0,2023-06-07
721,2023-06-07 11:05:00-04:00,89.80000305175781,89.86000061035156,89.80000305175781,89.83999633789062,8110,0.0,0.0,2023-06-07
722,2023-06-07 11:10:00-04:00,89.8499984741211,89.91999816894531,89.80000305175781,89.90499877929688,19674,0.0,0.0,2023-06-07
723,2023-06-07 11:15:00-04:00,89.87000274658203,89.91000366210938,89.76000213623047,89.77999877929688,11375,0.0,0.0,2023-06-07
724,2023-06-07 11:20:00-04:00,89.75,89.78500366210938,89.69999694824219,89.75,9527,0.0,0.0,2023-06-07
725,2023-06-07 11:25:00-04:00,89.74500274658203,89.97989654541016,89.74500274658203,89.91000366210938,15243,0.0,0.0,2023-06-07
726,2023-06-07 11:30:00-04:00,89.87000274658203,89.9800033569336,89.86000061035156,89.94000244140625,17209,0.0,0.0,2023-06-07
727,2023-06-07 11:35:00-04:00,89.91999816894531,90.1050033569336,89.91999816894531,90.02999877929688,16922,0.0,0.0,2023-06-07
728,2023-06-07 11:40:00-04:00,90.01000213623047,90.08999633789062,89.97000122070312,89.9749984741211,23294,0.0,0.0,2023-06-07
729,2023-06-07 11:45:00-04:00,89.97000122070312,89.97000122070312,89.87999725341797,89.91000366210938,13525,0.0,0.0,2023-06-07
730,2023-06-07 11:50:00-04:00,89.94000244140625,89.9800033569336,89.80000305175781,89.91000366210938,9769,0.0,0.0,2023-06-07
731,2023-06-07 11:55:00-04:00,89.9000015258789,89.94999694824219,89.9000015258789,89.94000244140625,11150,0.0,0.0,2023-06-07
732,2023-06-07 12:00:00-04:00,89.94000244140625,90.0,89.83999633789062,90.0,11531,0.0,0.0,2023-06-07
733,2023-06-07 12:05:00-04:00,90.0,90.12999725341797,90.0,90.11000061035156,14172,0.0,0.0,2023-06-07
734,2023-06-07 12:10:00-04:00,90.1050033569336,90.13999938964844,90.02999877929688,90.07499694824219,21723,0.0,0.0,2023-06-07
735,2023-06-07 12:15:00-04:00,90.07499694824219,90.11000061035156,89.9800033569336,90.0199966430664,21766,0.0,0.0,2023-06-07
736,2023-06-07 12:20:00-04:00,89.95999908447266,90.05000305175781,89.9000015258789,90.02999877929688,24471,0.0,0.0,2023-06-07
737,2023-06-07 12:25:00-04:00,90.01000213623047,90.26000213623047,90.0,90.20999908447266,28071,0.0,0.0,2023-06-07
738,2023-06-07 12:30:00-04:00,90.20999908447266,90.30000305175781,90.08999633789062,90.26000213623047,15441,0.0,0.0,2023-06-07
739,2023-06-07 12:35:00-04:00,90.26000213623047,90.27999877929688,90.16999816894531,90.2300033569336,12158,0.0,0.0,2023-06-07
740,2023-06-07 12:40:00-04:00,90.25,90.3499984741211,90.19000244140625,90.32499694824219,9292,0.0,0.0,2023-06-07
741,2023-06-07 12:45:00-04:00,90.30000305175781,90.30000305175781,90.08499908447266,90.08499908447266,7901,0.0,0.0,2023-06-07
742,2023-06-07 12:50:00-04:00,90.05000305175781,90.2249984741211,90.05000305175781,90.17500305175781,18373,0.0,0.0,2023-06-07
743,2023-06-07 12:55:00-04:00,90.17500305175781,90.25,90.04499816894531,90.20500183105469,24761,0.0,0.0,2023-06-07
744,2023-06-07 13:00:00-04:00,90.19000244140625,90.25,90.13999938964844,90.16000366210938,12294,0.0,0.0,2023-06-07
745,2023-06-07 13:05:00-04:00,90.16500091552734,90.19999694824219,90.13999938964844,90.19999694824219,11952,0.0,0.0,2023-06-07
746,2023-06-07 13:10:00-04:00,90.19999694824219,90.27999877929688,90.19000244140625,90.21499633789062,13976,0.0,0.0,2023-06-07
747,2023-06-07 13:15:00-04:00,90.21499633789062,90.29000091552734,90.19000244140625,90.2699966430664,12604,0.0,0.0,2023-06-07
748,2023-06-07 13:20:00-04:00,90.25,90.30500030517578,90.23999786376953,90.28500366210938,10330,0.0,0.0,2023-06-07
749,2023-06-07 13:25:00-04:00,90.2750015258789,90.30999755859375,90.26000213623047,90.30000305175781,12252,0.0,0.0,2023-06-07
750,2023-06-07 13:30:00-04:00,90.30000305175781,90.37000274658203,90.27999877929688,90.30000305175781,32897,0.0,0.0,2023-06-07
751,2023-06-07 13:35:00-04:00,90.30000305175781,90.30999755859375,90.12999725341797,90.15499877929688,24696,0.0,0.0,2023-06-07
752,2023-06-07 13:40:00-04:00,90.15499877929688,90.2300033569336,90.11250305175781,90.2300033569336,11714,0.0,0.0,2023-06-07
753,2023-06-07 13:45:00-04:00,90.25,90.3499984741211,90.0250015258789,90.1500015258789,96713,0.0,0.0,2023-06-07
754,2023-06-07 13:50:00-04:00,90.13999938964844,90.18000030517578,90.04000091552734,90.04000091552734,6845,0.0,0.0,2023-06-07
755,2023-06-07 13:55:00-04:00,90.0199966430664,90.19999694824219,90.0199966430664,90.19499969482422,8253,0.0,0.0,2023-06-07
756,2023-06-07 14:00:00-04:00,90.21209716796875,90.29979705810547,90.21209716796875,90.23999786376953,9024,0.0,0.0,2023-06-07
757,2023-06-07 14:05:00-04:00,90.26000213623047,90.36000061035156,90.26000213623047,90.3499984741211,8501,0.0,0.0,2023-06-07
758,2023-06-07 14:10:00-04:00,90.3499984741211,90.36000061035156,90.19000244140625,90.2300033569336,15890,0.0,0.0,2023-06-07
759,2023-06-07 14:15:00-04:00,90.23999786376953,90.23999786376953,90.16000366210938,90.2300033569336,18985,0.0,0.0,2023-06-07
760,2023-06-07 14:20:00-04:00,90.26000213623047,90.30999755859375,90.23999786376953,90.30999755859375,17442,0.0,0.0,2023-06-07
761,2023-06-07 14:25:00-04:00,90.30000305175781,90.30999755859375,90.2300033569336,90.2300033569336,9226,0.0,0.0,2023-06-07
762,2023-06-07 14:30:00-04:00,90.19999694824219,90.2699966430664,90.1050033569336,90.11499786376953,22556,0.0,0.0,2023-06-07
763,2023-06-07 14:35:00-04:00,90.11499786376953,90.22000122070312,90.11499786376953,90.20999908447266,15258,0.0,0.0,2023-06-07
764,2023-06-07 14:40:00-04:00,90.21160125732422,90.30500030517578,90.19999694824219,90.29350280761719,14912,0.0,0.0,2023-06-07
765,2023-06-07 14:45:00-04:00,90.27999877929688,90.33999633789062,90.23999786376953,90.33999633789062,11119,0.0,0.0,2023-06-07
766,2023-06-07 14:50:00-04:00,90.33999633789062,90.41999816894531,90.30999755859375,90.41999816894531,14137,0.0,0.0,2023-06-07
767,2023-06-07 14:55:00-04:00,90.41999816894531,90.51000213623047,90.37000274658203,90.45999908447266,43774,0.0,0.0,2023-06-07
768,2023-06-07 15:00:00-04:00,90.4800033569336,90.51000213623047,90.41000366210938,90.50499725341797,18101,0.0,0.0,2023-06-07
769,2023-06-07 15:05:00-04:00,90.50499725341797,90.58999633789062,90.50499725341797,90.54499816894531,7700,0.0,0.0,2023-06-07
770,2023-06-07 15:10:00-04:00,90.52999877929688,90.63999938964844,90.48999786376953,90.63999938964844,16042,0.0,0.0,2023-06-07
771,2023-06-07 15:15:00-04:00,90.62999725341797,90.73999786376953,90.61499786376953,90.66000366210938,23579,0.0,0.0,2023-06-07
772,2023-06-07 15:20:00-04:00,90.66000366210938,90.76000213623047,90.66000366210938,90.70500183105469,16492,0.0,0.0,2023-06-07
773,2023-06-07 15:25:00-04:00,90.70500183105469,90.70500183105469,90.41999816894531,90.50499725341797,40668,0.0,0.0,2023-06-07
774,2023-06-07 15:30:00-04:00,90.5,90.52300262451172,90.3499984741211,90.48999786376953,45787,0.0,0.0,2023-06-07
775,2023-06-07 15:35:00-04:00,90.48999786376953,90.63999938964844,90.4800033569336,90.58000183105469,28856,0.0,0.0,2023-06-07
776,2023-06-07 15:40:00-04:00,90.61000061035156,90.62999725341797,90.37000274658203,90.41000366210938,164149,0.0,0.0,2023-06-07
777,2023-06-07 15:45:00-04:00,90.41000366210938,90.5199966430664,90.37000274658203,90.51000213623047,101108,0.0,0.0,2023-06-07
778,2023-06-07 15:50:00-04:00,90.5199966430664,90.70500183105469,90.5199966430664,90.52999877929688,220514,0.0,0.0,2023-06-07
779,2023-06-07 15:55:00-04:00,90.52999877929688,90.87999725341797,90.5250015258789,90.81999969482422,243572,0.0,0.0,2023-06-07
780,2023-06-08 09:30:00-04:00,91.48999786376953,91.9000015258789,91.05999755859375,91.56999969482422,77111,0.0,0.0,2023-06-08
781,2023-06-08 09:35:00-04:00,91.54499816894531,91.75,91.37999725341797,91.58769989013672,132681,0.0,0.0,2023-06-08
782,2023-06-08 09:40:00-04:00,91.68000030517578,91.7300033569336,91.44000244140625,91.62000274658203,16278,0.0,0.0,2023-06-08
783,2023-06-08 09:45:00-04:00,91.66000366210938,91.66000366210938,91.2699966430664,91.28500366210938,91735,0.0,0.0,2023-06-08
784,2023-06-08 09:50:00-04:00,91.28500366210938,91.52999877929688,91.28500366210938,91.48999786376953,34587,0.0,0.0,2023-06-08
785,2023-06-08 09:55:00-04:00,91.44999694824219,91.5999984741211,91.33499908447266,91.5199966430664,29608,0.0,0.0,2023-06-08
786,2023-06-08 10:00:00-04:00,91.51000213623047,91.74500274658203,91.5,91.66999816894531,27947,0.0,0.0,2023-06-08
787,2023-06-08 10:05:00-04:00,91.66500091552734,91.70999908447266,91.45999908447266,91.55000305175781,21108,0.0,0.0,2023-06-08
788,2023-06-08 10:10:00-04:00,91.54000091552734,91.69000244140625,91.52999877929688,91.69000244140625,12618,0.0,0.0,2023-06-08
789,2023-06-08 10:15:00-04:00,91.68000030517578,92.04900360107422,91.68000030517578,92.0,32363,0.0,0.0,2023-06-08
790,2023-06-08 10:20:00-04:00,92.04000091552734,92.09030151367188,91.88999938964844,92.0,25555,0.0,0.0,2023-06-08
791,2023-06-08 10:25:00-04:00,92.04000091552734,92.04319763183594,91.9000015258789,91.91999816894531,51034,0.0,0.0,2023-06-08
792,2023-06-08 10:30:00-04:00,91.95999908447266,92.13500213623047,91.95999908447266,91.98500061035156,44759,0.0,0.0,2023-06-08
793,2023-06-08 10:35:00-04:00,91.98500061035156,92.06999969482422,91.9800033569336,92.05999755859375,97396,0.0,0.0,2023-06-08
794,2023-06-08 10:40:00-04:00,92.05999755859375,92.12999725341797,92.01000213623047,92.06500244140625,47926,0.0,0.0,2023-06-08
795,2023-06-08 10:45:00-04:00,92.06500244140625,92.19000244140625,92.04000091552734,92.18000030517578,30174,0.0,0.0,2023-06-08
796,2023-06-08 10:50:00-04:00,92.16500091552734,92.25,92.08000183105469,92.13500213623047,22158,0.0,0.0,2023-06-08
797,2023-06-08 10:55:00-04:00,92.13500213623047,92.19999694824219,92.06999969482422,92.16000366210938,40849,0.0,0.0,2023-06-08
798,2023-06-08 11:00:00-04:00,92.18000030517578,92.20999908447266,92.0250015258789,92.05000305175781,28113,0.0,0.0,2023-06-08
799,2023-06-08 11:05:00-04:00,92.05500030517578,92.06900024414062,91.87999725341797,92.00499725341797,38534,0.0,0.0,2023-06-08
800,2023-06-08 11:10:00-04:00,92.0199966430664,92.05999755859375,91.9800033569336,92.01000213623047,17461,0.0,0.0,2023-06-08
801,2023-06-08 11:15:00-04:00,92.02999877929688,92.04000091552734,91.7699966430664,91.83999633789062,24063,0.0,0.0,2023-06-08
802,2023-06-08 11:20:00-04:00,91.84500122070312,92.13999938964844,91.81999969482422,92.11000061035156,47509,0.0,0.0,2023-06-08
803,2023-06-08 11:25:00-04:00,92.09500122070312,92.1697006225586,91.96499633789062,92.0,34099,0.0,0.0,2023-06-08
804,2023-06-08 11:30:00-04:00,92.01499938964844,92.05999755859375,91.94999694824219,92.01000213623047,29693,0.0,0.0,2023-06-08
805,2023-06-08 11:35:00-04:00,92.00499725341797,92.20899963378906,91.98999786376953,92.08000183105469,20532,0.0,0.0,2023-06-08
806,2023-06-08 11:40:00-04:00,92.0999984741211,92.13999938964844,92.0199966430664,92.04499816894531,19456,0.0,0.0,2023-06-08
807,2023-06-08 11:45:00-04:00,92.04900360107422,92.05000305175781,91.87000274658203,92.0,28211,0.0,0.0,2023-06-08
808,2023-06-08 11:50:00-04:00,91.99500274658203,92.01000213623047,91.83499908447266,91.83499908447266,28580,0.0,0.0,2023-06-08
809,2023-06-08 11:55:00-04:00,91.8499984741211,91.9800033569336,91.8499984741211,91.9000015258789,12598,0.0,0.0,2023-06-08
810,2023-06-08 12:00:00-04:00,91.91000366210938,92.01000213623047,91.86499786376953,91.86499786376953,15676,0.0,0.0,2023-06-08
811,2023-06-08 12:05:00-04:00,91.87899780273438,91.96900177001953,91.86000061035156,91.92500305175781,17087,0.0,0.0,2023-06-08
812,2023-06-08 12:10:00-04:00,91.94000244140625,92.08499908447266,91.93499755859375,92.08499908447266,29820,0.0,0.0,2023-06-08
813,2023-06-08 12:15:00-04:00,92.08000183105469,92.13999938964844,92.05000305175781,92.12229919433594,17524,0.0,0.0,2023-06-08
814,2023-06-08 12:20:00-04:00,92.12000274658203,92.18499755859375,92.04000091552734,92.08999633789062,63871,0.0,0.0,2023-06-08
815,2023-06-08 12:25:00-04:00,92.05999755859375,92.2300033569336,91.98999786376953,92.13999938964844,17029,0.0,0.0,2023-06-08
816,2023-06-08 12:30:00-04:00,92.16000366210938,92.19000244140625,92.0250015258789,92.0250015258789,34328,0.0,0.0,2023-06-08
817,2023-06-08 12:35:00-04:00,92.0250015258789,92.08000183105469,91.94499969482422,91.94499969482422,14571,0.0,0.0,2023-06-08
818,2023-06-08 12:40:00-04:00,91.96499633789062,92.02999877929688,91.94999694824219,92.02999877929688,33386,0.0,0.0,2023-06-08
819,2023-06-08 12:45:00-04:00,92.05999755859375,92.05999755859375,91.87999725341797,91.88999938964844,15791,0.0,0.0,2023-06-08
820,2023-06-08 12:50:00-04:00,91.91999816894531,92.08000183105469,91.90679931640625,92.0770034790039,12353,0.0,0.0,2023-06-08
821,2023-06-08 12:55:00-04:00,92.06999969482422,92.06999969482422,91.97000122070312,92.05000305175781,16516,0.0,0.0,2023-06-08
822,2023-06-08 13:00:00-04:00,92.04000091552734,92.31279754638672,92.04000091552734,92.18000030517578,82515,0.0,0.0,2023-06-08
823,2023-06-08 13:05:00-04:00,92.1500015258789,92.18499755859375,92.12999725341797,92.18499755859375,13614,0.0,0.0,2023-06-08
824,2023-06-08 13:10:00-04:00,92.17900085449219,92.26899719238281,92.1449966430664,92.21499633789062,14844,0.0,0.0,2023-06-08
825,2023-06-08 13:15:00-04:00,92.21499633789062,92.29900360107422,92.19000244140625,92.25,10856,0.0,0.0,2023-06-08
826,2023-06-08 13:20:00-04:00,92.23500061035156,92.23500061035156,92.13999938964844,92.1449966430664,12268,0.0,0.0,2023-06-08
827,2023-06-08 13:25:00-04:00,92.16000366210938,92.27999877929688,92.13999938964844,92.27999877929688,15349,0.0,0.0,2023-06-08
828,2023-06-08 13:30:00-04:00,92.30000305175781,92.3499984741211,92.20999908447266,92.33999633789062,19075,0.0,0.0,2023-06-08
829,2023-06-08 13:35:00-04:00,92.33999633789062,92.33999633789062,92.05999755859375,92.05999755859375,12586,0.0,0.0,2023-06-08
830,2023-06-08 13:40:00-04:00,92.05999755859375,92.26000213623047,92.04010009765625,92.23999786376953,22999,0.0,0.0,2023-06-08
831,2023-06-08 13:45:00-04:00,92.247802734375,92.25499725341797,92.06999969482422,92.09500122070312,24834,0.0,0.0,2023-06-08
832,2023-06-08 13:50:00-04:00,92.11000061035156,92.2249984741211,92.11000061035156,92.12000274658203,11904,0.0,0.0,2023-06-08
833,2023-06-08 13:55:00-04:00,92.08999633789062,92.31999969482422,92.08999633789062,92.31999969482422,13143,0.0,0.0,2023-06-08
834,2023-06-08 14:00:00-04:00,92.33999633789062,92.39800262451172,92.20999908447266,92.20999908447266,15235,0.0,0.0,2023-06-08
835,2023-06-08 14:05:00-04:00,92.21499633789062,92.28299713134766,92.21499633789062,92.22000122070312,13417,0.0,0.0,2023-06-08
836,2023-06-08 14:10:00-04:00,92.2249984741211,92.3499984741211,92.1500015258789,92.33499908447266,20842,0.0,0.0,2023-06-08
837,2023-06-08 14:15:00-04:00,92.33999633789062,92.43000030517578,92.27999877929688,92.27999877929688,21991,0.0,0.0,2023-06-08
838,2023-06-08 14:20:00-04:00,92.26000213623047,92.31999969482422,92.19999694824219,92.31999969482422,15281,0.0,0.0,2023-06-08
839,2023-06-08 14:25:00-04:00,92.31500244140625,92.38999938964844,92.27999877929688,92.27999877929688,17870,0.0,0.0,2023-06-08
840,2023-06-08 14:30:00-04:00,92.27999877929688,92.36299896240234,92.25,92.29000091552734,22724,0.0,0.0,2023-06-08
841,2023-06-08 14:35:00-04:00,92.27999877929688,92.3499984741211,92.1449966430664,92.21499633789062,20078,0.0,0.0,2023-06-08
842,2023-06-08 14:40:00-04:00,92.22000122070312,92.4000015258789,92.22000122070312,92.30999755859375,14596,0.0,0.0,2023-06-08
843,2023-06-08 14:45:00-04:00,92.30999755859375,92.3499984741211,92.1500015258789,92.16999816894531,17829,0.0,0.0,2023-06-08
844,2023-06-08 14:50:00-04:00,92.17500305175781,92.25,92.0999984741211,92.1050033569336,21543,0.0,0.0,2023-06-08
845,2023-06-08 14:55:00-04:00,92.1050033569336,92.16000366210938,92.1050033569336,92.16000366210938,32783,0.0,0.0,2023-06-08
846,2023-06-08 15:00:00-04:00,92.18000030517578,92.30999755859375,92.16999816894531,92.20999908447266,75615,0.0,0.0,2023-06-08
847,2023-06-08 15:05:00-04:00,92.19000244140625,92.23500061035156,92.12999725341797,92.22000122070312,36060,0.0,0.0,2023-06-08
848,2023-06-08 15:10:00-04:00,92.21499633789062,92.36000061035156,92.21499633789062,92.33000183105469,17532,0.0,0.0,2023-06-08
849,2023-06-08 15:15:00-04:00,92.31999969482422,92.33999633789062,92.25,92.27999877929688,51664,0.0,0.0,2023-06-08
850,2023-06-08 15:20:00-04:00,92.27999877929688,92.44000244140625,92.27999877929688,92.41000366210938,23983,0.0,0.0,2023-06-08
851,2023-06-08 15:25:00-04:00,92.4000015258789,92.44999694824219,92.33000183105469,92.33000183105469,23367,0.0,0.0,2023-06-08
852,2023-06-08 15:30:00-04:00,92.31999969482422,92.4677963256836,92.22000122070312,92.23999786376953,37767,0.0,0.0,2023-06-08
853,2023-06-08 15:35:00-04:00,92.23500061035156,92.26000213623047,92.12999725341797,92.1500015258789,42232,0.0,0.0,2023-06-08
854,2023-06-08 15:40:00-04:00,92.1500015258789,92.26000213623047,92.0999984741211,92.1449966430664,57518,0.0,0.0,2023-06-08
855,2023-06-08 15:45:00-04:00,92.16000366210938,92.36000061035156,92.1500015258789,92.2750015258789,40594,0.0,0.0,2023-06-08
856,2023-06-08 15:50:00-04:00,92.33999633789062,92.3550033569336,92.05000305175781,92.08499908447266,68233,0.0,0.0,2023-06-08
857,2023-06-08 15:55:00-04:00,92.08499908447266,92.30999755859375,91.9800033569336,92.30999755859375,331516,0.0,0.0,2023-06-08
858,2023-06-09 09:30:00-04:00,92.30000305175781,92.52999877929688,92.13999938964844,92.40499877929688,98060,0.0,0.0,2023-06-09
859,2023-06-09 09:35:00-04:00,92.40499877929688,92.93000030517578,92.0895004272461,92.93000030517578,21462,0.0,0.0,2023-06-09
860,2023-06-09 09:40:00-04:00,93.04000091552734,93.18499755859375,92.58999633789062,92.63999938964844,26184,0.0,0.0,2023-06-09
861,2023-06-09 09:45:00-04:00,92.62999725341797,92.87699890136719,92.55500030517578,92.80999755859375,23149,0.0,0.0,2023-06-09
862,2023-06-09 09:50:00-04:00,92.87999725341797,93.04000091552734,92.87999725341797,92.9800033569336,228602,0.0,0.0,2023-06-09
863,2023-06-09 09:55:00-04:00,92.91999816894531,93.16999816894531,92.83999633789062,93.01000213623047,21465,0.0,0.0,2023-06-09
864,2023-06-09 10:00:00-04:00,93.04000091552734,93.16999816894531,93.0,93.0,13211,0.0,0.0,2023-06-09
865,2023-06-09 10:05:00-04:00,93.0,93.11000061035156,92.9800033569336,93.0199966430664,20554,0.0,0.0,2023-06-09
866,2023-06-09 10:10:00-04:00,93.0199966430664,93.0999984741211,92.8949966430664,92.94999694824219,18804,0.0,0.0,2023-06-09
867,2023-06-09 10:15:00-04:00,92.94000244140625,93.02999877929688,92.91999816894531,93.01499938964844,13413,0.0,0.0,2023-06-09
868,2023-06-09 10:20:00-04:00,93.01499938964844,93.08000183105469,92.98999786376953,93.00499725341797,26346,0.0,0.0,2023-06-09
869,2023-06-09 10:25:00-04:00,93.0,93.18000030517578,92.99500274658203,93.18000030517578,13599,0.0,0.0,2023-06-09
870,2023-06-09 10:30:00-04:00,93.16000366210938,93.36000061035156,93.08000183105469,93.08000183105469,13357,0.0,0.0,2023-06-09
871,2023-06-09 10:35:00-04:00,93.1050033569336,93.29000091552734,93.0199966430664,93.16999816894531,18098,0.0,0.0,2023-06-09
872,2023-06-09 10:40:00-04:00,93.12000274658203,93.2593002319336,93.05000305175781,93.20999908447266,10935,0.0,0.0,2023-06-09
873,2023-06-09 10:45:00-04:00,93.19259643554688,93.25,93.08000183105469,93.08000183105469,16057,0.0,0.0,2023-06-09
874,2023-06-09 10:50:00-04:00,93.05000305175781,93.1449966430664,92.95999908447266,93.13899993896484,29560,0.0,0.0,2023-06-09
875,2023-06-09 10:55:00-04:00,93.04900360107422,93.0999984741211,92.9800033569336,93.0999984741211,23075,0.0,0.0,2023-06-09
876,2023-06-09 11:00:00-04:00,93.05999755859375,93.18900299072266,93.05999755859375,93.12999725341797,10154,0.0,0.0,2023-06-09
877,2023-06-09 11:05:00-04:00,93.12000274658203,93.29000091552734,93.11000061035156,93.1500015258789,23438,0.0,0.0,2023-06-09
878,2023-06-09 11:10:00-04:00,93.16000366210938,93.36000061035156,93.16000366210938,93.32499694824219,16008,0.0,0.0,2023-06-09
879,2023-06-09 11:15:00-04:00,93.32499694824219,93.44999694824219,93.23999786376953,93.30000305175781,13666,0.0,0.0,2023-06-09
880,2023-06-09 11:20:00-04:00,93.27999877929688,93.29499816894531,93.16999816894531,93.16999816894531,11103,0.0,0.0,2023-06-09
881,2023-06-09 11:25:00-04:00,93.16999816894531,93.16999816894531,93.04000091552734,93.05000305175781,33085,0.0,0.0,2023-06-09
882,2023-06-09 11:30:00-04:00,93.05000305175781,93.17900085449219,92.9800033569336,93.17900085449219,28823,0.0,0.0,2023-06-09
883,2023-06-09 11:35:00-04:00,93.16500091552734,93.29000091552734,93.12999725341797,93.29000091552734,16609,0.0,0.0,2023-06-09
884,2023-06-09 11:40:00-04:00,93.30999755859375,93.31999969482422,93.2300033569336,93.27999877929688,14665,0.0,0.0,2023-06-09
885,2023-06-09 11:45:00-04:00,93.30000305175781,93.38999938964844,93.23999786376953,93.26000213623047,13004,0.0,0.0,2023-06-09
886,2023-06-09 11:50:00-04:00,93.2699966430664,93.33499908447266,93.19999694824219,93.33499908447266,15324,0.0,0.0,2023-06-09
887,2023-06-09 11:55:00-04:00,93.31999969482422,93.3499984741211,93.22000122070312,93.26499938964844,12965,0.0,0.0,2023-06-09
888,2023-06-09 12:00:00-04:00,93.27999877929688,93.30999755859375,93.1050033569336,93.2249984741211,17067,0.0,0.0,2023-06-09
889,2023-06-09 12:05:00-04:00,93.2249984741211,93.4000015258789,93.2249984741211,93.28500366210938,18663,0.0,0.0,2023-06-09
890,2023-06-09 12:10:00-04:00,93.27999877929688,93.3499984741211,93.25,93.3290023803711,12719,0.0,0.0,2023-06-09
891,2023-06-09 12:15:00-04:00,93.31500244140625,93.43000030517578,93.29000091552734,93.375,17772,0.0,0.0,2023-06-09
892,2023-06-09 12:20:00-04:00,93.375,93.41999816894531,93.33499908447266,93.37999725341797,13346,0.0,0.0,2023-06-09
893,2023-06-09 12:25:00-04:00,93.38500213623047,93.43000030517578,93.2699966430664,93.3499984741211,23370,0.0,0.0,2023-06-09
894,2023-06-09 12:30:00-04:00,93.36000061035156,93.41000366210938,93.30000305175781,93.30000305175781,12662,0.0,0.0,2023-06-09
895,2023-06-09 12:35:00-04:00,93.30999755859375,93.35540008544922,93.26000213623047,93.34500122070312,34294,0.0,0.0,2023-06-09
896,2023-06-09 12:40:00-04:00,93.34500122070312,93.44000244140625,93.30999755859375,93.41000366210938,102575,0.0,0.0,2023-06-09
897,2023-06-09 12:45:00-04:00,93.38999938964844,93.52999877929688,93.33999633789062,93.4000015258789,17474,0.0,0.0,2023-06-09
898,2023-06-09 12:50:00-04:00,93.3949966430664,93.47000122070312,93.36000061035156,93.45500183105469,16105,0.0,0.0,2023-06-09
899,2023-06-09 12:55:00-04:00,93.45500183105469,93.45500183105469,93.37000274658203,93.38800048828125,10673,0.0,0.0,2023-06-09
900,2023-06-09 13:00:00-04:00,93.37000274658203,93.38500213623047,93.30999755859375,93.33499908447266,15993,0.0,0.0,2023-06-09
901,2023-06-09 13:05:00-04:00,93.33499908447266,93.5,93.33499908447266,93.4990005493164,15403,0.0,0.0,2023-06-09
902,2023-06-09 13:10:00-04:00,93.47000122070312,93.56999969482422,93.44000244140625,93.55999755859375,15779,0.0,0.0,2023-06-09
903,2023-06-09 13:15:00-04:00,93.56999969482422,93.58999633789062,93.43000030517578,93.44000244140625,14721,0.0,0.0,2023-06-09
904,2023-06-09 13:20:00-04:00,93.43000030517578,93.4800033569336,93.4000015258789,93.44999694824219,17074,0.0,0.0,2023-06-09
905,2023-06-09 13:25:00-04:00,93.44999694824219,93.50499725341797,93.41500091552734,93.45999908447266,9859,0.0,0.0,2023-06-09
906,2023-06-09 13:30:00-04:00,93.45999908447266,93.51000213623047,93.43000030517578,93.46499633789062,18064,0.0,0.0,2023-06-09
907,2023-06-09 13:35:00-04:00,93.46499633789062,93.52999877929688,93.44000244140625,93.44999694824219,15829,0.0,0.0,2023-06-09
908,2023-06-09 13:40:00-04:00,93.44999694824219,93.54000091552734,93.41999816894531,93.48999786376953,21915,0.0,0.0,2023-06-09
909,2023-06-09 13:45:00-04:00,93.48999786376953,93.5,93.41000366210938,93.45999908447266,22880,0.0,0.0,2023-06-09
910,2023-06-09 13:50:00-04:00,93.45999908447266,93.54000091552734,93.45809936523438,93.51000213623047,18285,0.0,0.0,2023-06-09
911,2023-06-09 13:55:00-04:00,93.48999786376953,93.51000213623047,93.41000366210938,93.5,21104,0.0,0.0,2023-06-09
912,2023-06-09 14:00:00-04:00,93.48999786376953,93.48999786376953,93.4000015258789,93.44499969482422,26053,0.0,0.0,2023-06-09
913,2023-06-09 14:05:00-04:00,93.44499969482422,93.58999633789062,93.44000244140625,93.58999633789062,18599,0.0,0.0,2023-06-09
914,2023-06-09 14:10:00-04:00,93.58999633789062,93.71499633789062,93.5199966430664,93.56999969482422,25037,0.0,0.0,2023-06-09
915,2023-06-09 14:15:00-04:00,93.56999969482422,93.58000183105469,93.50499725341797,93.5199966430664,14902,0.0,0.0,2023-06-09
916,2023-06-09 14:20:00-04:00,93.5199966430664,93.66000366210938,93.5,93.61499786376953,31833,0.0,0.0,2023-06-09
917,2023-06-09 14:25:00-04:00,93.62999725341797,93.7699966430664,93.37000274658203,93.37000274658203,25229,0.0,0.0,2023-06-09
918,2023-06-09 14:30:00-04:00,93.33999633789062,93.36000061035156,93.21499633789062,93.36000061035156,21896,0.0,0.0,2023-06-09
919,2023-06-09 14:35:00-04:00,93.36499786376953,93.36499786376953,93.19999694824219,93.19999694824219,7379,0.0,0.0,2023-06-09
920,2023-06-09 14:40:00-04:00,93.16000366210938,93.34989929199219,93.13999938964844,93.33999633789062,20895,0.0,0.0,2023-06-09
921,2023-06-09 14:45:00-04:00,93.33000183105469,93.3499984741211,93.25,93.25,18660,0.0,0.0,2023-06-09
922,2023-06-09 14:50:00-04:00,93.2300033569336,93.27999877929688,93.20500183105469,93.2699966430664,19953,0.0,0.0,2023-06-09
923,2023-06-09 14:55:00-04:00,93.27999877929688,93.37000274658203,93.2300033569336,93.36000061035156,14769,0.0,0.0,2023-06-09
924,2023-06-09 15:00:00-04:00,93.36000061035156,93.51000213623047,93.3375015258789,93.44000244140625,24995,0.0,0.0,2023-06-09
925,2023-06-09 15:05:00-04:00,93.41000366210938,93.45500183105469,93.33999633789062,93.38999938964844,17633,0.0,0.0,2023-06-09
926,2023-06-09 15:10:00-04:00,93.3949966430664,93.44000244140625,93.36000061035156,93.37999725341797,14274,0.0,0.0,2023-06-09
927,2023-06-09 15:15:00-04:00,93.37000274658203,93.51000213623047,93.37000274658203,93.4800033569336,30747,0.0,0.0,2023-06-09
928,2023-06-09 15:20:00-04:00,93.4800033569336,93.58000183105469,93.41000366210938,93.47000122070312,27864,0.0,0.0,2023-06-09
929,2023-06-09 15:25:00-04:00,93.45999908447266,93.47000122070312,93.34500122070312,93.37000274658203,24721,0.0,0.0,2023-06-09
930,2023-06-09 15:30:00-04:00,93.37000274658203,93.4000015258789,93.25499725341797,93.2699966430664,25880,0.0,0.0,2023-06-09
931,2023-06-09 15:35:00-04:00,93.2699966430664,93.29000091552734,93.08999633789062,93.19999694824219,31777,0.0,0.0,2023-06-09
932,2023-06-09 15:40:00-04:00,93.20999908447266,93.2300033569336,93.11499786376953,93.12000274658203,22979,0.0,0.0,2023-06-09
933,2023-06-09 15:45:00-04:00,93.12999725341797,93.26000213623047,93.125,93.12999725341797,31888,0.0,0.0,2023-06-09
934,2023-06-09 15:50:00-04:00,93.12000274658203,93.25890350341797,93.06999969482422,93.17500305175781,70292,0.0,0.0,2023-06-09
935,2023-06-09 15:55:00-04:00,93.17500305175781,93.29000091552734,93.12999725341797,93.27899932861328,182849,0.0,0.0,2023-06-09
936,2023-06-12 09:30:00-04:00,93.0,93.47000122070312,93.0,93.4000015258789,30973,0.0,0.0,2023-06-12
937,2023-06-12 09:35:00-04:00,93.4000015258789,93.5,93.12000274658203,93.19999694824219,22950,0.0,0.0,2023-06-12
938,2023-06-12 09:40:00-04:00,93.20999908447266,93.47000122070312,93.20999908447266,93.29499816894531,20663,0.0,0.0,2023-06-12
939,2023-06-12 09:45:00-04:00,93.33999633789062,93.48999786376953,93.33100128173828,93.48500061035156,11000,0.0,0.0,2023-06-12
940,2023-06-12 09:50:00-04:00,93.48500061035156,93.52999877929688,93.36000061035156,93.44999694824219,13606,0.0,0.0,2023-06-12
941,2023-06-12 09:55:00-04:00,93.41000366210938,93.54000091552734,93.37000274658203,93.4800033569336,15414,0.0,0.0,2023-06-12
942,2023-06-12 10:00:00-04:00,93.48999786376953,93.54000091552734,93.44000244140625,93.46099853515625,16816,0.0,0.0,2023-06-12
943,2023-06-12 10:05:00-04:00,93.5199966430664,93.5199966430664,93.3550033569336,93.4800033569336,33740,0.0,0.0,2023-06-12
944,2023-06-12 10:10:00-04:00,93.5,93.58999633789062,93.45999908447266,93.56500244140625,14572,0.0,0.0,2023-06-12
945,2023-06-12 10:15:00-04:00,93.55999755859375,93.58999633789062,93.33000183105469,93.4000015258789,25061,0.0,0.0,2023-06-12
946,2023-06-12 10:20:00-04:00,93.41999816894531,93.41999816894531,93.26809692382812,93.31500244140625,10698,0.0,0.0,2023-06-12
947,2023-06-12 10:25:00-04:00,93.31500244140625,93.38999938964844,93.16000366210938,93.38999938964844,11264,0.0,0.0,2023-06-12
948,2023-06-12 10:30:00-04:00,93.4198989868164,93.55000305175781,93.37999725341797,93.51000213623047,27455,0.0,0.0,2023-06-12
949,2023-06-12 10:35:00-04:00,93.50499725341797,93.5199966430664,93.30999755859375,93.36000061035156,14242,0.0,0.0,2023-06-12
950,2023-06-12 10:40:00-04:00,93.375,93.51000213623047,93.375,93.45709991455078,23475,0.0,0.0,2023-06-12
951,2023-06-12 10:45:00-04:00,93.4229965209961,93.5,93.37100219726562,93.5,11893,0.0,0.0,2023-06-12
952,2023-06-12 10:50:00-04:00,93.50499725341797,93.52999877929688,93.41999816894531,93.44000244140625,9148,0.0,0.0,2023-06-12
953,2023-06-12 10:55:00-04:00,93.44000244140625,93.5199966430664,93.4229965209961,93.43499755859375,9423,0.0,0.0,2023-06-12
954,2023-06-12 11:00:00-04:00,93.43499755859375,93.45999908447266,93.13999938964844,93.2300033569336,19787,0.0,0.0,2023-06-12
955,2023-06-12 11:05:00-04:00,93.23999786376953,93.23999786376953,92.96499633789062,93.0,11581,0.0,0.0,2023-06-12
956,2023-06-12 11:10:00-04:00,93.0,93.08499908447266,92.87999725341797,93.08499908447266,18822,0.0,0.0,2023-06-12
957,2023-06-12 11:15:00-04:00,93.06999969482422,93.08999633789062,92.95999908447266,93.0199966430664,12779,0.0,0.0,2023-06-12
958,2023-06-12 11:20:00-04:00,93.0199966430664,93.08000183105469,93.01000213623047,93.06500244140625,7824,0.0,0.0,2023-06-12
959,2023-06-12 11:25:00-04:00,93.06500244140625,93.23999786376953,93.06500244140625,93.22000122070312,8200,0.0,0.0,2023-06-12
960,2023-06-12 11:30:00-04:00,93.26000213623047,93.31999969482422,93.20999908447266,93.29499816894531,8203,0.0,0.0,2023-06-12
961,2023-06-12 11:35:00-04:00,93.27999877929688,93.33000183105469,93.22100067138672,93.33000183105469,6919,0.0,0.0,2023-06-12
962,2023-06-12 11:40:00-04:00,93.33499908447266,93.44999694824219,93.33499908447266,93.41000366210938,6292,0.0,0.0,2023-06-12
963,2023-06-12 11:45:00-04:00,93.45999908447266,93.45999908447266,93.37000274658203,93.41999816894531,9733,0.0,0.0,2023-06-12
964,2023-06-12 11:50:00-04:00,93.37999725341797,93.4000015258789,93.33999633789062,93.3550033569336,5183,0.0,0.0,2023-06-12
965,2023-06-12 11:55:00-04:00,93.33999633789062,93.43000030517578,93.33999633789062,93.41000366210938,7293,0.0,0.0,2023-06-12
966,2023-06-12 12:00:00-04:00,93.4198989868164,93.49500274658203,93.4000015258789,93.4749984741211,10577,0.0,0.0,2023-06-12
967,2023-06-12 12:05:00-04:00,93.4749984741211,93.625,93.4749984741211,93.52999877929688,13363,0.0,0.0,2023-06-12
968,2023-06-12 12:10:00-04:00,93.51000213623047,93.54000091552734,93.41999816894531,93.47000122070312,18035,0.0,0.0,2023-06-12
969,2023-06-12 12:15:00-04:00,93.44999694824219,93.4749984741211,93.3499984741211,93.4749984741211,11929,0.0,0.0,2023-06-12
970,2023-06-12 12:20:00-04:00,93.4800033569336,93.48999786376953,93.44999694824219,93.47000122070312,15452,0.0,0.0,2023-06-12
971,2023-06-12 12:25:00-04:00,93.45999908447266,93.5,93.44000244140625,93.4749984741211,14139,0.0,0.0,2023-06-12
972,2023-06-12 12:30:00-04:00,93.48999786376953,93.51499938964844,93.44999694824219,93.48999786376953,10150,0.0,0.0,2023-06-12
973,2023-06-12 12:35:00-04:00,93.48999786376953,93.56999969482422,93.48999786376953,93.56999969482422,6411,0.0,0.0,2023-06-12
974,2023-06-12 12:40:00-04:00,93.58999633789062,93.63999938964844,93.55000305175781,93.61499786376953,10991,0.0,0.0,2023-06-12
975,2023-06-12 12:45:00-04:00,93.5999984741211,93.5999984741211,93.52999877929688,93.58499908447266,9167,0.0,0.0,2023-06-12
976,2023-06-12 12:50:00-04:00,93.58999633789062,93.5999984741211,93.51000213623047,93.58000183105469,18606,0.0,0.0,2023-06-12
977,2023-06-12 12:55:00-04:00,93.58499908447266,93.58499908447266,93.52999877929688,93.55000305175781,9885,0.0,0.0,2023-06-12
978,2023-06-12 13:00:00-04:00,93.56999969482422,93.63500213623047,93.55000305175781,93.63500213623047,12007,0.0,0.0,2023-06-12
979,2023-06-12 13:05:00-04:00,93.63999938964844,93.63999938964844,93.53500366210938,93.55000305175781,12316,0.0,0.0,2023-06-12
980,2023-06-12 13:10:00-04:00,93.5199966430664,93.55000305175781,93.5199966430664,93.54000091552734,7430,0.0,0.0,2023-06-12
981,2023-06-12 13:15:00-04:00,93.54000091552734,93.55999755859375,93.45999908447266,93.55999755859375,12013,0.0,0.0,2023-06-12
982,2023-06-12 13:20:00-04:00,93.56999969482422,93.56999969482422,93.5,93.54499816894531,8460,0.0,0.0,2023-06-12
983,2023-06-12 13:25:00-04:00,93.55000305175781,93.61000061035156,93.55000305175781,93.58499908447266,12707,0.0,0.0,2023-06-12
984,2023-06-12 13:30:00-04:00,93.58499908447266,93.62999725341797,93.58000183105469,93.62000274658203,12656,0.0,0.0,2023-06-12
985,2023-06-12 13:35:00-04:00,93.61499786376953,93.7300033569336,93.5999984741211,93.69999694824219,22998,0.0,0.0,2023-06-12
986,2023-06-12 13:40:00-04:00,93.69499969482422,93.7750015258789,93.68000030517578,93.7699966430664,11466,0.0,0.0,2023-06-12
987,2023-06-12 13:45:00-04:00,93.75,93.7699966430664,93.70999908447266,93.76000213623047,6555,0.0,0.0,2023-06-12
988,2023-06-12 13:50:00-04:00,93.76000213623047,93.79000091552734,93.75,93.7699966430664,7429,0.0,0.0,2023-06-12
989,2023-06-12 13:55:00-04:00,93.75,93.7699966430664,93.58000183105469,93.61000061035156,16976,0.0,0.0,2023-06-12
990,2023-06-12 14:00:00-04:00,93.63999938964844,93.65660095214844,93.54000091552734,93.54000091552734,7171,0.0,0.0,2023-06-12
991,2023-06-12 14:05:00-04:00,93.47000122070312,93.51499938964844,93.41999816894531,93.4749984741211,10707,0.0,0.0,2023-06-12
992,2023-06-12 14:10:00-04:00,93.45999908447266,93.66000366210938,93.45999908447266,93.61000061035156,13226,0.0,0.0,2023-06-12
993,2023-06-12 14:15:00-04:00,93.62999725341797,93.68000030517578,93.5199966430664,93.5199966430664,6410,0.0,0.0,2023-06-12
994,2023-06-12 14:20:00-04:00,93.52999877929688,93.61000061035156,93.52999877929688,93.59500122070312,10840,0.0,0.0,2023-06-12
995,2023-06-12 14:25:00-04:00,93.59500122070312,93.6500015258789,93.58999633789062,93.58999633789062,9240,0.0,0.0,2023-06-12
996,2023-06-12 14:30:00-04:00,93.59500122070312,93.62000274658203,93.55999755859375,93.58999633789062,8659,0.0,0.0,2023-06-12
997,2023-06-12 14:35:00-04:00,93.5999984741211,93.66000366210938,93.58999633789062,93.63999938964844,7644,0.0,0.0,2023-06-12
998,2023-06-12 14:40:00-04:00,93.66000366210938,93.7249984741211,93.61000061035156,93.69000244140625,7424,0.0,0.0,2023-06-12
999,2023-06-12 14:45:00-04:00,93.68000030517578,93.70999908447266,93.6500015258789,93.70999908447266,8424,0.0,0.0,2023-06-12
1000,2023-06-12 14:50:00-04:00,93.70999908447266,93.76000213623047,93.69999694824219,93.75,8740,0.0,0.0,2023-06-12
1001,2023-06-12 14:55:00-04:00,93.75,93.7699966430664,93.69000244140625,93.75,13838,0.0,0.0,2023-06-12
1002,2023-06-12 15:00:00-04:00,93.73500061035156,93.79000091552734,93.69999694824219,93.7699966430664,10241,0.0,0.0,2023-06-12
1003,2023-06-12 15:05:00-04:00,93.76000213623047,93.76020050048828,93.62999725341797,93.72000122070312,10080,0.0,0.0,2023-06-12
1004,2023-06-12 15:10:00-04:00,93.70999908447266,93.93000030517578,93.70999908447266,93.93000030517578,11735,0.0,0.0,2023-06-12
1005,2023-06-12 15:15:00-04:00,93.93000030517578,94.0199966430664,93.9000015258789,93.93499755859375,18729,0.0,0.0,2023-06-12
1006,2023-06-12 15:20:00-04:00,93.93000030517578,93.94000244140625,93.81199645996094,93.81999969482422,9307,0.0,0.0,2023-06-12
1007,2023-06-12 15:25:00-04:00,93.83999633789062,93.94999694824219,93.83999633789062,93.93000030517578,13128,0.0,0.0,2023-06-12
1008,2023-06-12 15:30:00-04:00,93.93499755859375,93.95999908447266,93.87999725341797,93.94000244140625,21811,0.0,0.0,2023-06-12
1009,2023-06-12 15:35:00-04:00,93.93000030517578,93.93000030517578,93.66999816894531,93.7699966430664,29862,0.0,0.0,2023-06-12
1010,2023-06-12 15:40:00-04:00,93.79000091552734,93.86000061035156,93.66100311279297,93.72000122070312,14621,0.0,0.0,2023-06-12
1011,2023-06-12 15:45:00-04:00,93.69000244140625,93.7300033569336,93.625,93.66999816894531,17872,0.0,0.0,2023-06-12
1012,2023-06-12 15:50:00-04:00,93.69999694824219,93.79000091552734,93.5999984741211,93.62999725341797,35470,0.0,0.0,2023-06-12
1013,2023-06-12 15:55:00-04:00,93.60099792480469,93.80000305175781,93.5999984741211,93.77999877929688,87171,0.0,0.0,2023-06-12
1014,2023-06-13 09:30:00-04:00,93.95999908447266,94.06999969482422,93.58999633789062,94.02999877929688,28737,0.0,0.0,2023-06-13
1015,2023-06-13 09:35:00-04:00,94.06999969482422,94.26000213623047,94.0,94.26000213623047,10358,0.0,0.0,2023-06-13
1016,2023-06-13 09:40:00-04:00,94.20999908447266,94.26000213623047,94.0199966430664,94.08000183105469,23337,0.0,0.0,2023-06-13
1017,2023-06-13 09:45:00-04:00,94.16000366210938,94.23699951171875,94.04499816894531,94.16000366210938,13851,0.0,0.0,2023-06-13
1018,2023-06-13 09:50:00-04:00,94.13999938964844,94.16899871826172,94.04499816894531,94.04499816894531,13156,0.0,0.0,2023-06-13
1019,2023-06-13 09:55:00-04:00,94.04499816894531,94.16999816894531,94.01000213623047,94.11499786376953,11206,0.0,0.0,2023-06-13
1020,2023-06-13 10:00:00-04:00,94.11000061035156,94.12999725341797,93.99500274658203,94.04499816894531,17471,0.0,0.0,2023-06-13
1021,2023-06-13 10:05:00-04:00,94.05000305175781,94.22000122070312,94.02999877929688,94.125,24948,0.0,0.0,2023-06-13
1022,2023-06-13 10:10:00-04:00,94.125,94.25,94.08999633789062,94.25,24241,0.0,0.0,2023-06-13
1023,2023-06-13 10:15:00-04:00,94.23999786376953,94.25,94.01000213623047,94.22000122070312,172453,0.0,0.0,2023-06-13
1024,2023-06-13 10:20:00-04:00,94.19999694824219,94.37000274658203,94.13999938964844,94.33000183105469,45843,0.0,0.0,2023-06-13
1025,2023-06-13 10:25:00-04:00,94.38999938964844,94.44000244140625,94.29000091552734,94.4000015258789,14866,0.0,0.0,2023-06-13
1026,2023-06-13 10:30:00-04:00,94.36000061035156,94.41000366210938,94.19000244140625,94.19000244140625,12733,0.0,0.0,2023-06-13
1027,2023-06-13 10:35:00-04:00,94.19999694824219,94.33100128173828,94.1500015258789,94.19999694824219,15074,0.0,0.0,2023-06-13
1028,2023-06-13 10:40:00-04:00,94.19999694824219,94.29499816894531,94.19499969482422,94.25,14040,0.0,0.0,2023-06-13
1029,2023-06-13 10:45:00-04:00,94.25,94.33999633789062,94.2300033569336,94.2699966430664,11451,0.0,0.0,2023-06-13
1030,2023-06-13 10:50:00-04:00,94.27999877929688,94.3290023803711,94.19999694824219,94.20999908447266,11368,0.0,0.0,2023-06-13
1031,2023-06-13 10:55:00-04:00,94.16500091552734,94.23999786376953,94.13500213623047,94.19000244140625,18533,0.0,0.0,2023-06-13
1032,2023-06-13 11:00:00-04:00,94.22000122070312,94.23999786376953,94.08999633789062,94.12000274658203,11020,0.0,0.0,2023-06-13
1033,2023-06-13 11:05:00-04:00,94.12999725341797,94.22000122070312,94.12999725341797,94.22000122070312,9738,0.0,0.0,2023-06-13
1034,2023-06-13 11:10:00-04:00,94.22000122070312,94.47000122070312,94.22000122070312,94.41999816894531,41466,0.0,0.0,2023-06-13
1035,2023-06-13 11:15:00-04:00,94.43000030517578,94.62000274658203,94.3499984741211,94.59500122070312,42756,0.0,0.0,2023-06-13
1036,2023-06-13 11:20:00-04:00,94.58999633789062,94.79000091552734,94.58999633789062,94.63999938964844,41100,0.0,0.0,2023-06-13
1037,2023-06-13 11:25:00-04:00,94.61499786376953,94.72000122070312,94.54000091552734,94.56999969482422,16383,0.0,0.0,2023-06-13
1038,2023-06-13 11:30:00-04:00,94.61499786376953,94.72000122070312,94.61499786376953,94.72000122070312,10118,0.0,0.0,2023-06-13
1039,2023-06-13 11:35:00-04:00,94.7300033569336,94.78810119628906,94.65350341796875,94.78810119628906,8970,0.0,0.0,2023-06-13
1040,2023-06-13 11:40:00-04:00,94.83000183105469,94.92900085449219,94.80000305175781,94.90679931640625,8316,0.0,0.0,2023-06-13
1041,2023-06-13 11:45:00-04:00,94.93000030517578,94.93000030517578,94.77999877929688,94.88999938964844,9090,0.0,0.0,2023-06-13
1042,2023-06-13 11:50:00-04:00,94.93000030517578,94.97000122070312,94.87999725341797,94.87999725341797,14787,0.0,0.0,2023-06-13
1043,2023-06-13 11:55:00-04:00,94.86000061035156,94.9000015258789,94.80000305175781,94.80000305175781,8240,0.0,0.0,2023-06-13
1044,2023-06-13 12:00:00-04:00,94.80000305175781,94.83000183105469,94.73999786376953,94.80000305175781,8629,0.0,0.0,2023-06-13
1045,2023-06-13 12:05:00-04:00,94.80999755859375,94.91999816894531,94.80999755859375,94.88999938964844,10943,0.0,0.0,2023-06-13
1046,2023-06-13 12:10:00-04:00,94.88999938964844,95.0999984741211,94.88999938964844,94.94000244140625,27788,0.0,0.0,2023-06-13
1047,2023-06-13 12:15:00-04:00,94.94000244140625,95.04000091552734,94.93879699707031,94.98999786376953,22267,0.0,0.0,2023-06-13
1048,2023-06-13 12:20:00-04:00,95.0,95.12000274658203,95.0,95.05000305175781,7480,0.0,0.0,2023-06-13
1049,2023-06-13 12:25:00-04:00,95.01000213623047,95.01000213623047,94.86499786376953,94.91000366210938,8827,0.0,0.0,2023-06-13
1050,2023-06-13 12:30:00-04:00,94.9000015258789,94.91000366210938,94.77010345458984,94.79000091552734,9997,0.0,0.0,2023-06-13
1051,2023-06-13 12:35:00-04:00,94.77999877929688,94.97000122070312,94.69000244140625,94.88999938964844,13358,0.0,0.0,2023-06-13
1052,2023-06-13 12:40:00-04:00,94.90499877929688,94.95999908447266,94.87000274658203,94.95999908447266,7736,0.0,0.0,2023-06-13
1053,2023-06-13 12:45:00-04:00,94.96499633789062,95.0999984741211,94.94999694824219,95.07499694824219,11626,0.0,0.0,2023-06-13
1054,2023-06-13 12:50:00-04:00,95.07499694824219,95.1500015258789,95.01000213623047,95.1500015258789,9215,0.0,0.0,2023-06-13
1055,2023-06-13 12:55:00-04:00,95.12000274658203,95.16000366210938,95.04000091552734,95.12999725341797,9738,0.0,0.0,2023-06-13
1056,2023-06-13 13:00:00-04:00,95.16000366210938,95.3290023803711,95.1500015258789,95.29000091552734,9763,0.0,0.0,2023-06-13
1057,2023-06-13 13:05:00-04:00,95.29000091552734,95.33000183105469,95.11499786376953,95.12999725341797,11121,0.0,0.0,2023-06-13
1058,2023-06-13 13:10:00-04:00,95.12999725341797,95.1500015258789,95.05500030517578,95.05999755859375,8530,0.0,0.0,2023-06-13
1059,2023-06-13 13:15:00-04:00,95.08999633789062,95.16999816894531,95.08000183105469,95.16999816894531,10376,0.0,0.0,2023-06-13
1060,2023-06-13 13:20:00-04:00,95.18000030517578,95.22000122070312,95.18000030517578,95.20999908447266,7328,0.0,0.0,2023-06-13
1061,2023-06-13 13:25:00-04:00,95.19000244140625,95.24500274658203,95.13999938964844,95.22000122070312,15227,0.0,0.0,2023-06-13
1062,2023-06-13 13:30:00-04:00,95.22000122070312,95.23999786376953,95.16000366210938,95.16000366210938,12492,0.0,0.0,2023-06-13
1063,2023-06-13 13:35:00-04:00,95.17500305175781,95.20500183105469,95.0999984741211,95.15440368652344,11450,0.0,0.0,2023-06-13
1064,2023-06-13 13:40:00-04:00,95.16000366210938,95.23999786376953,95.13999938964844,95.2300033569336,7195,0.0,0.0,2023-06-13
1065,2023-06-13 13:45:00-04:00,95.23999786376953,95.27999877929688,95.18499755859375,95.22000122070312,20402,0.0,0.0,2023-06-13
1066,2023-06-13 13:50:00-04:00,95.22000122070312,95.25499725341797,95.20999908447266,95.2300033569336,12401,0.0,0.0,2023-06-13
1067,2023-06-13 13:55:00-04:00,95.23500061035156,95.23999786376953,95.06999969482422,95.06999969482422,13939,0.0,0.0,2023-06-13
1068,2023-06-13 14:00:00-04:00,95.08999633789062,95.0999984741211,94.87000274658203,94.87000274658203,16516,0.0,0.0,2023-06-13
1069,2023-06-13 14:05:00-04:00,94.86499786376953,94.98500061035156,94.81999969482422,94.88999938964844,13114,0.0,0.0,2023-06-13
1070,2023-06-13 14:10:00-04:00,94.87999725341797,94.87999725341797,94.72000122070312,94.75,10852,0.0,0.0,2023-06-13
1071,2023-06-13 14:15:00-04:00,94.76000213623047,94.8499984741211,94.76000213623047,94.8499984741211,6100,0.0,0.0,2023-06-13
1072,2023-06-13 14:20:00-04:00,94.86000061035156,94.88999938964844,94.8499984741211,94.87000274658203,8422,0.0,0.0,2023-06-13
1073,2023-06-13 14:25:00-04:00,94.86000061035156,94.86000061035156,94.52999877929688,94.53500366210938,16794,0.0,0.0,2023-06-13
1074,2023-06-13 14:30:00-04:00,94.53500366210938,94.55000305175781,94.46499633789062,94.48999786376953,9833,0.0,0.0,2023-06-13
1075,2023-06-13 14:35:00-04:00,94.48999786376953,94.58999633789062,94.43499755859375,94.58999633789062,10585,0.0,0.0,2023-06-13
1076,2023-06-13 14:40:00-04:00,94.6500015258789,94.6500015258789,94.44499969482422,94.5374984741211,7941,0.0,0.0,2023-06-13
1077,2023-06-13 14:45:00-04:00,94.5199966430664,94.62000274658203,94.45999908447266,94.56999969482422,9061,0.0,0.0,2023-06-13
1078,2023-06-13 14:50:00-04:00,94.57499694824219,94.62000274658203,94.52999877929688,94.52999877929688,11376,0.0,0.0,2023-06-13
1079,2023-06-13 14:55:00-04:00,94.52999877929688,94.66999816894531,94.52999877929688,94.58000183105469,9727,0.0,0.0,2023-06-13
1080,2023-06-13 15:00:00-04:00,94.5999984741211,94.63999938964844,94.58999633789062,94.62999725341797,8500,0.0,0.0,2023-06-13
1081,2023-06-13 15:05:00-04:00,94.62999725341797,94.69999694824219,94.5999984741211,94.68000030517578,14487,0.0,0.0,2023-06-13
1082,2023-06-13 15:10:00-04:00,94.68000030517578,94.68000030517578,94.58000183105469,94.58000183105469,23865,0.0,0.0,2023-06-13
1083,2023-06-13 15:15:00-04:00,94.58499908447266,94.66999816894531,94.54000091552734,94.66000366210938,19160,0.0,0.0,2023-06-13
1084,2023-06-13 15:20:00-04:00,94.66999816894531,94.69499969482422,94.58000183105469,94.5999984741211,28874,0.0,0.0,2023-06-13
1085,2023-06-13 15:25:00-04:00,94.5999984741211,94.62000274658203,94.5,94.5,28524,0.0,0.0,2023-06-13
1086,2023-06-13 15:30:00-04:00,94.5,94.54000091552734,94.44999694824219,94.44999694824219,36934,0.0,0.0,2023-06-13
1087,2023-06-13 15:35:00-04:00,94.43000030517578,94.50499725341797,94.3499984741211,94.44999694824219,37906,0.0,0.0,2023-06-13
1088,2023-06-13 15:40:00-04:00,94.45500183105469,94.66000366210938,94.44000244140625,94.57499694824219,33629,0.0,0.0,2023-06-13
1089,2023-06-13 15:45:00-04:00,94.55999755859375,94.55999755859375,94.33499908447266,94.3499984741211,37654,0.0,0.0,2023-06-13
1090,2023-06-13 15:50:00-04:00,94.36000061035156,94.55000305175781,94.29000091552734,94.41999816894531,476049,0.0,0.0,2023-06-13
1091,2023-06-13 15:55:00-04:00,94.41999816894531,94.44999694824219,94.19000244140625,94.20999908447266,209104,0.0,0.0,2023-06-13
1092,2023-06-14 09:30:00-04:00,94.52999877929688,94.52999877929688,94.1449966430664,94.23500061035156,29847,0.0,0.0,2023-06-14
1093,2023-06-14 09:35:00-04:00,94.36000061035156,94.58999633789062,94.25,94.56500244140625,14521,0.0,0.0,2023-06-14
1094,2023-06-14 09:40:00-04:00,94.54000091552734,94.55999755859375,94.29499816894531,94.30000305175781,20574,0.0,0.0,2023-06-14
1095,2023-06-14 09:45:00-04:00,94.30000305175781,94.63999938964844,94.30000305175781,94.61000061035156,57066,0.0,0.0,2023-06-14
1096,2023-06-14 09:50:00-04:00,94.56999969482422,94.66999816894531,94.48999786376953,94.48999786376953,15431,0.0,0.0,2023-06-14
1097,2023-06-14 09:55:00-04:00,94.44000244140625,94.7300033569336,94.44000244140625,94.69999694824219,56599,0.0,0.0,2023-06-14
1098,2023-06-14 10:00:00-04:00,94.71499633789062,94.76000213623047,94.52999877929688,94.58999633789062,33130,0.0,0.0,2023-06-14
1099,2023-06-14 10:05:00-04:00,94.61000061035156,94.73999786376953,94.58999633789062,94.73999786376953,25768,0.0,0.0,2023-06-14
1100,2023-06-14 10:10:00-04:00,94.76000213623047,94.81999969482422,94.69999694824219,94.76000213623047,13737,0.0,0.0,2023-06-14
1101,2023-06-14 10:15:00-04:00,94.75,94.91999816894531,94.69999694824219,94.8550033569336,27436,0.0,0.0,2023-06-14
1102,2023-06-14 10:20:00-04:00,94.84549713134766,94.95500183105469,94.80000305175781,94.80000305175781,20034,0.0,0.0,2023-06-14
1103,2023-06-14 10:25:00-04:00,94.79000091552734,94.84500122070312,94.75,94.7699966430664,33486,0.0,0.0,2023-06-14
1104,2023-06-14 10:30:00-04:00,94.76499938964844,94.98999786376953,94.76000213623047,94.8499984741211,30038,0.0,0.0,2023-06-14
1105,2023-06-14 10:35:00-04:00,94.83000183105469,94.83000183105469,94.73999786376953,94.80999755859375,9276,0.0,0.0,2023-06-14
1106,2023-06-14 10:40:00-04:00,94.79000091552734,94.91000366210938,94.79000091552734,94.80500030517578,132145,0.0,0.0,2023-06-14
1107,2023-06-14 10:45:00-04:00,94.79000091552734,95.0,94.78500366210938,94.95500183105469,15665,0.0,0.0,2023-06-14
1108,2023-06-14 10:50:00-04:00,94.93000030517578,94.93000030517578,94.75,94.75,11826,0.0,0.0,2023-06-14
1109,2023-06-14 10:55:00-04:00,94.69000244140625,94.72000122070312,94.56999969482422,94.56999969482422,7762,0.0,0.0,2023-06-14
1110,2023-06-14 11:00:00-04:00,94.55999755859375,94.63999938964844,94.5199966430664,94.5999984741211,14212,0.0,0.0,2023-06-14
1111,2023-06-14 11:05:00-04:00,94.56999969482422,94.56999969482422,94.3499984741211,94.41999816894531,12855,0.0,0.0,2023-06-14
1112,2023-06-14 11:10:00-04:00,94.43000030517578,94.48999786376953,94.43000030517578,94.48999786376953,7123,0.0,0.0,2023-06-14
1113,2023-06-14 11:15:00-04:00,94.51000213623047,94.59500122070312,94.45999908447266,94.4749984741211,8169,0.0,0.0,2023-06-14
1114,2023-06-14 11:20:00-04:00,94.48999786376953,94.5999984741211,94.48500061035156,94.58000183105469,9364,0.0,0.0,2023-06-14
1115,2023-06-14 11:25:00-04:00,94.54000091552734,94.5999984741211,94.44000244140625,94.5,13563,0.0,0.0,2023-06-14
1116,2023-06-14 11:30:00-04:00,94.50499725341797,94.55000305175781,94.4000015258789,94.41999816894531,8274,0.0,0.0,2023-06-14
1117,2023-06-14 11:35:00-04:00,94.45999908447266,94.4800033569336,94.33000183105469,94.33000183105469,15175,0.0,0.0,2023-06-14
1118,2023-06-14 11:40:00-04:00,94.30999755859375,94.30999755859375,94.23100280761719,94.23999786376953,8884,0.0,0.0,2023-06-14
1119,2023-06-14 11:45:00-04:00,94.22000122070312,94.22000122070312,94.03399658203125,94.0999984741211,20872,0.0,0.0,2023-06-14
1120,2023-06-14 11:50:00-04:00,94.0999984741211,94.16500091552734,94.03099822998047,94.12000274658203,31766,0.0,0.0,2023-06-14
1121,2023-06-14 11:55:00-04:00,94.12000274658203,94.13999938964844,94.0,94.0199966430664,27423,0.0,0.0,2023-06-14
1122,2023-06-14 12:00:00-04:00,94.0199966430664,94.06999969482422,93.80000305175781,93.9175033569336,61448,0.0,0.0,2023-06-14
1123,2023-06-14 12:05:00-04:00,93.91999816894531,94.0,93.8499984741211,93.98999786376953,81421,0.0,0.0,2023-06-14
1124,2023-06-14 12:10:00-04:00,94.0,94.24500274658203,94.0,94.22000122070312,30102,0.0,0.0,2023-06-14
1125,2023-06-14 12:15:00-04:00,94.22000122070312,94.35990142822266,94.19999694824219,94.30999755859375,14895,0.0,0.0,2023-06-14
1126,2023-06-14 12:20:00-04:00,94.29499816894531,94.41000366210938,94.29000091552734,94.30999755859375,12854,0.0,0.0,2023-06-14
1127,2023-06-14 12:25:00-04:00,94.30999755859375,94.3499984741211,94.2750015258789,94.29100036621094,13755,0.0,0.0,2023-06-14
1128,2023-06-14 12:30:00-04:00,94.30000305175781,94.33000183105469,94.12999725341797,94.12999725341797,28943,0.0,0.0,2023-06-14
1129,2023-06-14 12:35:00-04:00,94.12999725341797,94.16999816894531,94.09500122070312,94.12999725341797,10477,0.0,0.0,2023-06-14
1130,2023-06-14 12:40:00-04:00,94.13999938964844,94.29000091552734,94.0999984741211,94.28500366210938,15156,0.0,0.0,2023-06-14
1131,2023-06-14 12:45:00-04:00,94.30999755859375,94.33999633789062,94.23999786376953,94.26000213623047,7783,0.0,0.0,2023-06-14
1132,2023-06-14 12:50:00-04:00,94.27999877929688,94.37999725341797,94.2699966430664,94.33999633789062,15789,0.0,0.0,2023-06-14
1133,2023-06-14 12:55:00-04:00,94.33000183105469,94.44000244140625,94.31999969482422,94.41999816894531,8148,0.0,0.0,2023-06-14
1134,2023-06-14 13:00:00-04:00,94.41000366210938,94.5,94.41000366210938,94.4800033569336,19899,0.0,0.0,2023-06-14
1135,2023-06-14 13:05:00-04:00,94.48999786376953,94.48999786376953,94.43000030517578,94.44999694824219,15037,0.0,0.0,2023-06-14
1136,2023-06-14 13:10:00-04:00,94.44499969482422,94.4800033569336,94.31999969482422,94.36000061035156,18455,0.0,0.0,2023-06-14
1137,2023-06-14 13:15:00-04:00,94.32160186767578,94.32160186767578,94.08000183105469,94.08000183105469,8169,0.0,0.0,2023-06-14
1138,2023-06-14 13:20:00-04:00,94.08000183105469,94.08000183105469,93.9000015258789,93.9000015258789,15324,0.0,0.0,2023-06-14
1139,2023-06-14 13:25:00-04:00,93.9000015258789,93.96499633789062,93.8499984741211,93.88999938964844,8384,0.0,0.0,2023-06-14
1140,2023-06-14 13:30:00-04:00,93.87999725341797,93.94000244140625,93.80000305175781,93.93000030517578,6744,0.0,0.0,2023-06-14
1141,2023-06-14 13:35:00-04:00,93.93000030517578,94.0999984741211,93.87000274658203,94.08999633789062,11416,0.0,0.0,2023-06-14
1142,2023-06-14 13:40:00-04:00,94.09500122070312,94.11499786376953,94.02999877929688,94.02999877929688,5560,0.0,0.0,2023-06-14
1143,2023-06-14 13:45:00-04:00,94.02999877929688,94.06500244140625,93.9800033569336,94.04000091552734,7569,0.0,0.0,2023-06-14
1144,2023-06-14 13:50:00-04:00,94.0199966430664,94.06999969482422,94.0,94.0000991821289,10237,0.0,0.0,2023-06-14
1145,2023-06-14 13:55:00-04:00,94.0,94.02999877929688,93.98999786376953,94.0,45145,0.0,0.0,2023-06-14
1146,2023-06-14 14:00:00-04:00,94.0,94.0,93.37000274658203,93.4800033569336,28510,0.0,0.0,2023-06-14
1147,2023-06-14 14:05:00-04:00,93.44000244140625,93.5,93.18000030517578,93.41000366210938,12083,0.0,0.0,2023-06-14
1148,2023-06-14 14:10:00-04:00,93.48999786376953,93.52999877929688,93.26000213623047,93.29000091552734,18774,0.0,0.0,2023-06-14
1149,2023-06-14 14:15:00-04:00,93.31999969482422,93.41000366210938,93.12999725341797,93.20999908447266,40791,0.0,0.0,2023-06-14
1150,2023-06-14 14:20:00-04:00,93.20099639892578,93.25,93.02999877929688,93.05999755859375,15924,0.0,0.0,2023-06-14
1151,2023-06-14 14:25:00-04:00,93.05999755859375,93.1500015258789,92.95999908447266,93.04000091552734,21801,0.0,0.0,2023-06-14
1152,2023-06-14 14:30:00-04:00,93.05000305175781,93.08000183105469,92.7699966430664,92.7699966430664,24621,0.0,0.0,2023-06-14
1153,2023-06-14 14:35:00-04:00,92.79000091552734,93.0999984741211,92.79000091552734,92.88999938964844,24920,0.0,0.0,2023-06-14
1154,2023-06-14 14:40:00-04:00,92.8949966430664,93.19000244140625,92.82499694824219,93.19000244140625,24152,0.0,0.0,2023-06-14
1155,2023-06-14 14:45:00-04:00,93.18000030517578,93.31999969482422,93.01000213623047,93.26000213623047,42411,0.0,0.0,2023-06-14
1156,2023-06-14 14:50:00-04:00,93.27999877929688,93.30000305175781,93.11000061035156,93.25,31324,0.0,0.0,2023-06-14
1157,2023-06-14 14:55:00-04:00,93.23999786376953,93.38999938964844,93.20999908447266,93.36000061035156,81671,0.0,0.0,2023-06-14
1158,2023-06-14 15:00:00-04:00,93.40499877929688,93.58000183105469,93.30999755859375,93.30999755859375,27260,0.0,0.0,2023-06-14
1159,2023-06-14 15:05:00-04:00,93.29000091552734,93.61000061035156,93.27999877929688,93.5199966430664,35944,0.0,0.0,2023-06-14
1160,2023-06-14 15:10:00-04:00,93.56999969482422,93.69999694824219,93.5,93.5,26611,0.0,0.0,2023-06-14
1161,2023-06-14 15:15:00-04:00,93.51000213623047,93.55000305175781,93.31999969482422,93.4800033569336,30710,0.0,0.0,2023-06-14
1162,2023-06-14 15:20:00-04:00,93.44000244140625,93.61499786376953,93.41999816894531,93.45999908447266,20583,0.0,0.0,2023-06-14
1163,2023-06-14 15:25:00-04:00,93.47000122070312,93.5199966430664,93.3499984741211,93.3499984741211,20546,0.0,0.0,2023-06-14
1164,2023-06-14 15:30:00-04:00,93.3499984741211,93.3551025390625,93.20999908447266,93.27999877929688,29391,0.0,0.0,2023-06-14
1165,2023-06-14 15:35:00-04:00,93.26000213623047,93.41999816894531,93.26000213623047,93.37999725341797,29081,0.0,0.0,2023-06-14
1166,2023-06-14 15:40:00-04:00,93.41000366210938,93.47000122070312,93.23500061035156,93.25499725341797,19731,0.0,0.0,2023-06-14
1167,2023-06-14 15:45:00-04:00,93.23999786376953,93.26000213623047,93.0199966430664,93.0199966430664,31603,0.0,0.0,2023-06-14
1168,2023-06-14 15:50:00-04:00,93.0199966430664,93.05000305175781,92.86000061035156,92.94999694824219,76362,0.0,0.0,2023-06-14
1169,2023-06-14 15:55:00-04:00,92.94999694824219,93.2300033569336,92.94999694824219,93.20999908447266,140555,0.0,0.0,2023-06-14
1170,2023-06-15 09:30:00-04:00,93.72000122070312,93.72000122070312,93.20999908447266,93.20999908447266,25955,0.0,0.0,2023-06-15
1171,2023-06-15 09:35:00-04:00,93.17500305175781,93.3949966430664,92.9800033569336,93.1500015258789,14281,0.0,0.0,2023-06-15
1172,2023-06-15 09:40:00-04:00,93.12000274658203,93.31999969482422,93.12000274658203,93.2300033569336,16218,0.0,0.0,2023-06-15
1173,2023-06-15 09:45:00-04:00,93.22000122070312,93.44999694824219,93.20999908447266,93.37999725341797,18720,0.0,0.0,2023-06-15
1174,2023-06-15 09:50:00-04:00,93.41999816894531,93.50499725341797,93.30999755859375,93.30999755859375,21938,0.0,0.0,2023-06-15
1175,2023-06-15 09:55:00-04:00,93.26000213623047,93.5,93.2229995727539,93.41000366210938,12963,0.0,0.0,2023-06-15
1176,2023-06-15 10:00:00-04:00,93.41000366210938,93.61000061035156,93.37999725341797,93.55000305175781,18021,0.0,0.0,2023-06-15
1177,2023-06-15 10:05:00-04:00,93.55999755859375,93.73999786376953,93.37999725341797,93.5999984741211,172190,0.0,0.0,2023-06-15
1178,2023-06-15 10:10:00-04:00,93.58999633789062,93.66999816894531,93.55000305175781,93.6500015258789,12460,0.0,0.0,2023-06-15
1179,2023-06-15 10:15:00-04:00,93.62000274658203,93.69999694824219,93.56999969482422,93.68000030517578,16190,0.0,0.0,2023-06-15
1180,2023-06-15 10:20:00-04:00,93.66000366210938,93.70999908447266,93.58000183105469,93.6050033569336,16360,0.0,0.0,2023-06-15
1181,2023-06-15 10:25:00-04:00,93.58999633789062,93.72000122070312,93.55999755859375,93.66999816894531,16929,0.0,0.0,2023-06-15
1182,2023-06-15 10:30:00-04:00,93.66999816894531,93.69000244140625,93.61000061035156,93.625,8356,0.0,0.0,2023-06-15
1183,2023-06-15 10:35:00-04:00,93.62999725341797,93.6500015258789,93.37999725341797,93.43000030517578,13207,0.0,0.0,2023-06-15
1184,2023-06-15 10:40:00-04:00,93.45999908447266,93.56999969482422,93.45999908447266,93.52999877929688,8298,0.0,0.0,2023-06-15
1185,2023-06-15 10:45:00-04:00,93.51000213623047,93.61000061035156,93.43000030517578,93.5,54155,0.0,0.0,2023-06-15
1186,2023-06-15 10:50:00-04:00,93.51000213623047,93.51000213623047,93.32499694824219,93.36499786376953,14855,0.0,0.0,2023-06-15
1187,2023-06-15 10:55:00-04:00,93.36000061035156,93.37000274658203,93.2699966430664,93.33999633789062,13895,0.0,0.0,2023-06-15
1188,2023-06-15 11:00:00-04:00,93.33999633789062,93.44999694824219,93.26000213623047,93.27999877929688,10862,0.0,0.0,2023-06-15
1189,2023-06-15 11:05:00-04:00,93.2699966430664,93.3499984741211,93.22000122070312,93.24500274658203,12715,0.0,0.0,2023-06-15
1190,2023-06-15 11:10:00-04:00,93.27999877929688,93.33000183105469,93.18000030517578,93.18000030517578,13267,0.0,0.0,2023-06-15
1191,2023-06-15 11:15:00-04:00,93.18499755859375,93.25,93.05999755859375,93.1050033569336,15895,0.0,0.0,2023-06-15
1192,2023-06-15 11:20:00-04:00,93.1050033569336,93.31999969482422,93.1050033569336,93.26000213623047,12731,0.0,0.0,2023-06-15
1193,2023-06-15 11:25:00-04:00,93.26000213623047,93.26750183105469,93.1500015258789,93.23999786376953,24687,0.0,0.0,2023-06-15
1194,2023-06-15 11:30:00-04:00,93.22000122070312,93.25,93.11000061035156,93.125,12354,0.0,0.0,2023-06-15
1195,2023-06-15 11:35:00-04:00,93.0999984741211,93.26000213623047,93.0999984741211,93.22000122070312,15291,0.0,0.0,2023-06-15
1196,2023-06-15 11:40:00-04:00,93.23760223388672,93.25900268554688,93.13999938964844,93.16000366210938,8387,0.0,0.0,2023-06-15
1197,2023-06-15 11:45:00-04:00,93.16999816894531,93.25700378417969,93.02999877929688,93.0999984741211,17963,0.0,0.0,2023-06-15
1198,2023-06-15 11:50:00-04:00,93.1050033569336,93.26899719238281,93.08999633789062,93.25,18039,0.0,0.0,2023-06-15
1199,2023-06-15 11:55:00-04:00,93.23999786376953,93.26000213623047,93.19999694824219,93.2300033569336,12953,0.0,0.0,2023-06-15
1200,2023-06-15 12:00:00-04:00,93.25,93.37999725341797,93.19999694824219,93.37999725341797,13543,0.0,0.0,2023-06-15
1201,2023-06-15 12:05:00-04:00,93.38999938964844,93.43900299072266,93.25499725341797,93.43900299072266,9976,0.0,0.0,2023-06-15
1202,2023-06-15 12:10:00-04:00,93.5199966430664,93.5199966430664,93.3499984741211,93.36499786376953,9451,0.0,0.0,2023-06-15
1203,2023-06-15 12:15:00-04:00,93.36499786376953,93.40499877929688,93.3499984741211,93.4000015258789,13818,0.0,0.0,2023-06-15
1204,2023-06-15 12:20:00-04:00,93.38999938964844,93.41999816894531,93.37999725341797,93.4000015258789,20181,0.0,0.0,2023-06-15
1205,2023-06-15 12:25:00-04:00,93.3949966430664,93.51499938964844,93.37999725341797,93.51499938964844,18489,0.0,0.0,2023-06-15
1206,2023-06-15 12:30:00-04:00,93.52999877929688,93.61000061035156,93.44000244140625,93.4896011352539,10216,0.0,0.0,2023-06-15
1207,2023-06-15 12:35:00-04:00,93.44010162353516,93.5,93.4000015258789,93.41999816894531,11133,0.0,0.0,2023-06-15
1208,2023-06-15 12:40:00-04:00,93.45120239257812,93.45500183105469,93.36000061035156,93.36000061035156,14563,0.0,0.0,2023-06-15
1209,2023-06-15 12:45:00-04:00,93.3499984741211,93.37000274658203,93.27999877929688,93.30000305175781,12574,0.0,0.0,2023-06-15
1210,2023-06-15 12:50:00-04:00,93.31999969482422,93.33999633789062,93.29290008544922,93.31500244140625,8486,0.0,0.0,2023-06-15
1211,2023-06-15 12:55:00-04:00,93.30999755859375,93.34500122070312,93.25,93.27999877929688,13230,0.0,0.0,2023-06-15
1212,2023-06-15 13:00:00-04:00,93.29000091552734,93.29499816894531,93.19000244140625,93.206298828125,12786,0.0,0.0,2023-06-15
1213,2023-06-15 13:05:00-04:00,93.2249984741211,93.2300033569336,93.13999938964844,93.13999938964844,10992,0.0,0.0,2023-06-15
1214,2023-06-15 13:10:00-04:00,93.12999725341797,93.19499969482422,93.08999633789062,93.1500015258789,34803,0.0,0.0,2023-06-15
1215,2023-06-15 13:15:00-04:00,93.16000366210938,93.19000244140625,93.0199966430664,93.05899810791016,14526,0.0,0.0,2023-06-15
1216,2023-06-15 13:20:00-04:00,93.0199966430664,93.10700225830078,92.95999908447266,93.0250015258789,558795,0.0,0.0,2023-06-15
1217,2023-06-15 13:25:00-04:00,93.0250015258789,93.23500061035156,93.0,93.23500061035156,34915,0.0,0.0,2023-06-15
1218,2023-06-15 13:30:00-04:00,93.23500061035156,93.31999969482422,93.20999908447266,93.29499816894531,15825,0.0,0.0,2023-06-15
1219,2023-06-15 13:35:00-04:00,93.27999877929688,93.31999969482422,93.24500274658203,93.30000305175781,24078,0.0,0.0,2023-06-15
1220,2023-06-15 13:40:00-04:00,93.30000305175781,93.41000366210938,93.30000305175781,93.36000061035156,18045,0.0,0.0,2023-06-15
1221,2023-06-15 13:45:00-04:00,93.36000061035156,93.44999694824219,93.36000061035156,93.4000015258789,46634,0.0,0.0,2023-06-15
1222,2023-06-15 13:50:00-04:00,93.41000366210938,93.41999816894531,93.37999725341797,93.41999816894531,12455,0.0,0.0,2023-06-15
1223,2023-06-15 13:55:00-04:00,93.4000015258789,93.41999816894531,93.2699966430664,93.29000091552734,18677,0.0,0.0,2023-06-15
1224,2023-06-15 14:00:00-04:00,93.29000091552734,93.3499984741211,93.23999786376953,93.23999786376953,18423,0.0,0.0,2023-06-15
1225,2023-06-15 14:05:00-04:00,93.25,93.25,93.1449966430664,93.22000122070312,21132,0.0,0.0,2023-06-15
1226,2023-06-15 14:10:00-04:00,93.22000122070312,93.3499984741211,93.1500015258789,93.1500015258789,22098,0.0,0.0,2023-06-15
1227,2023-06-15 14:15:00-04:00,93.15499877929688,93.2300033569336,93.13999938964844,93.2300033569336,22256,0.0,0.0,2023-06-15
1228,2023-06-15 14:20:00-04:00,93.22000122070312,93.30000305175781,93.1500015258789,93.19999694824219,22981,0.0,0.0,2023-06-15
1229,2023-06-15 14:25:00-04:00,93.19000244140625,93.26000213623047,93.16000366210938,93.26000213623047,25550,0.0,0.0,2023-06-15
1230,2023-06-15 14:30:00-04:00,93.24500274658203,93.3550033569336,93.24500274658203,93.30999755859375,26197,0.0,0.0,2023-06-15
1231,2023-06-15 14:35:00-04:00,93.31500244140625,93.33999633789062,93.23999786376953,93.33999633789062,26669,0.0,0.0,2023-06-15
1232,2023-06-15 14:40:00-04:00,93.3499984741211,93.46749877929688,93.30500030517578,93.43000030517578,35407,0.0,0.0,2023-06-15
1233,2023-06-15 14:45:00-04:00,93.41999816894531,93.58999633789062,93.41999816894531,93.56999969482422,43064,0.0,0.0,2023-06-15
1234,2023-06-15 14:50:00-04:00,93.55000305175781,93.70999908447266,93.5199966430664,93.70999908447266,33066,0.0,0.0,2023-06-15
1235,2023-06-15 14:55:00-04:00,93.68009948730469,93.75,93.63999938964844,93.65499877929688,28331,0.0,0.0,2023-06-15
1236,2023-06-15 15:00:00-04:00,93.66999816894531,93.70999908447266,93.54000091552734,93.54000091552734,30711,0.0,0.0,2023-06-15
1237,2023-06-15 15:05:00-04:00,93.54000091552734,93.55999755859375,93.45999908447266,93.52999877929688,34256,0.0,0.0,2023-06-15
1238,2023-06-15 15:10:00-04:00,93.5199966430664,93.62000274658203,93.47000122070312,93.59500122070312,33982,0.0,0.0,2023-06-15
1239,2023-06-15 15:15:00-04:00,93.5999984741211,93.61499786376953,93.47000122070312,93.58000183105469,59380,0.0,0.0,2023-06-15
1240,2023-06-15 15:20:00-04:00,93.58000183105469,93.70999908447266,93.5199966430664,93.53500366210938,39851,0.0,0.0,2023-06-15
1241,2023-06-15 15:25:00-04:00,93.53500366210938,93.5999984741211,93.50499725341797,93.58000183105469,36242,0.0,0.0,2023-06-15
1242,2023-06-15 15:30:00-04:00,93.58000183105469,93.61499786376953,93.5,93.51499938964844,45495,0.0,0.0,2023-06-15
1243,2023-06-15 15:35:00-04:00,93.51000213623047,93.53500366210938,93.33000183105469,93.48999786376953,53683,0.0,0.0,2023-06-15
1244,2023-06-15 15:40:00-04:00,93.5,93.5999984741211,93.4000015258789,93.44000244140625,55186,0.0,0.0,2023-06-15
1245,2023-06-15 15:45:00-04:00,93.45999908447266,93.50499725341797,93.38999938964844,93.45999908447266,72826,0.0,0.0,2023-06-15
1246,2023-06-15 15:50:00-04:00,93.4800033569336,93.5,93.3499984741211,93.36000061035156,285695,0.0,0.0,2023-06-15
1247,2023-06-15 15:55:00-04:00,93.36000061035156,93.4800033569336,93.2699966430664,93.45999908447266,401284,0.0,0.0,2023-06-15
1248,2023-06-16 09:30:00-04:00,93.58999633789062,94.05999755859375,93.31999969482422,94.0,638554,0.0,0.0,2023-06-16
1249,2023-06-16 09:35:00-04:00,94.0,94.06999969482422,93.73999786376953,93.97000122070312,30210,0.0,0.0,2023-06-16
1250,2023-06-16 09:40:00-04:00,93.98400115966797,94.12999725341797,93.8499984741211,94.12999725341797,49835,0.0,0.0,2023-06-16
1251,2023-06-16 09:45:00-04:00,94.12000274658203,94.16999816894531,93.88169860839844,93.9800033569336,23749,0.0,0.0,2023-06-16
1252,2023-06-16 09:50:00-04:00,94.05999755859375,94.339599609375,94.02999877929688,94.339599609375,18440,0.0,0.0,2023-06-16
1253,2023-06-16 09:55:00-04:00,94.33999633789062,94.5199966430664,94.0999984741211,94.12100219726562,25239,0.0,0.0,2023-06-16
1254,2023-06-16 10:00:00-04:00,94.125,94.33999633789062,94.08499908447266,94.33999633789062,18342,0.0,0.0,2023-06-16
1255,2023-06-16 10:05:00-04:00,94.3499984741211,94.36499786376953,94.24500274658203,94.2750015258789,19624,0.0,0.0,2023-06-16
1256,2023-06-16 10:10:00-04:00,94.27999877929688,94.36000061035156,94.2300033569336,94.23999786376953,20150,0.0,0.0,2023-06-16
1257,2023-06-16 10:15:00-04:00,94.23999786376953,94.30500030517578,94.16999816894531,94.19999694824219,14508,0.0,0.0,2023-06-16
1258,2023-06-16 10:20:00-04:00,94.19999694824219,94.37000274658203,94.05000305175781,94.30999755859375,56717,0.0,0.0,2023-06-16
1259,2023-06-16 10:25:00-04:00,94.30999755859375,94.30999755859375,94.12000274658203,94.20999908447266,19412,0.0,0.0,2023-06-16
1260,2023-06-16 10:30:00-04:00,94.19999694824219,94.41000366210938,94.19499969482422,94.41000366210938,18963,0.0,0.0,2023-06-16
1261,2023-06-16 10:35:00-04:00,94.43830108642578,94.44000244140625,94.12999725341797,94.19000244140625,16702,0.0,0.0,2023-06-16
1262,2023-06-16 10:40:00-04:00,94.19999694824219,94.20999908447266,94.04000091552734,94.19999694824219,18293,0.0,0.0,2023-06-16
1263,2023-06-16 10:45:00-04:00,94.19999694824219,94.20999908447266,94.12999725341797,94.1500015258789,16252,0.0,0.0,2023-06-16
1264,2023-06-16 10:50:00-04:00,94.16999816894531,94.19999694824219,94.08999633789062,94.0999984741211,19817,0.0,0.0,2023-06-16
1265,2023-06-16 10:55:00-04:00,94.08000183105469,94.1500015258789,93.94999694824219,94.08999633789062,20648,0.0,0.0,2023-06-16
1266,2023-06-16 11:00:00-04:00,94.1050033569336,94.12999725341797,93.93000030517578,93.94999694824219,20802,0.0,0.0,2023-06-16
1267,2023-06-16 11:05:00-04:00,93.97000122070312,94.04000091552734,93.83999633789062,94.02999877929688,17948,0.0,0.0,2023-06-16
1268,2023-06-16 11:10:00-04:00,94.0250015258789,94.06999969482422,93.93000030517578,93.93000030517578,17631,0.0,0.0,2023-06-16
1269,2023-06-16 11:15:00-04:00,93.9000015258789,93.9000015258789,93.73999786376953,93.78500366210938,7680,0.0,0.0,2023-06-16
1270,2023-06-16 11:20:00-04:00,93.76000213623047,93.76000213623047,93.47000122070312,93.48999786376953,16002,0.0,0.0,2023-06-16
1271,2023-06-16 11:25:00-04:00,93.51000213623047,93.52999877929688,93.29000091552734,93.47000122070312,30355,0.0,0.0,2023-06-16
1272,2023-06-16 11:30:00-04:00,93.4749984741211,93.62000274658203,93.47000122070312,93.54000091552734,41067,0.0,0.0,2023-06-16
1273,2023-06-16 11:35:00-04:00,93.54000091552734,93.54000091552734,93.33000183105469,93.37000274658203,13386,0.0,0.0,2023-06-16
1274,2023-06-16 11:40:00-04:00,93.37000274658203,93.41999816894531,93.32720184326172,93.41999816894531,24582,0.0,0.0,2023-06-16
1275,2023-06-16 11:45:00-04:00,93.42500305175781,93.57499694824219,93.42500305175781,93.54499816894531,17415,0.0,0.0,2023-06-16
1276,2023-06-16 11:50:00-04:00,93.54499816894531,93.54499816894531,93.48999786376953,93.52999877929688,13407,0.0,0.0,2023-06-16
1277,2023-06-16 11:55:00-04:00,93.52999877929688,93.5999984741211,93.5199966430664,93.58999633789062,20911,0.0,0.0,2023-06-16
1278,2023-06-16 12:00:00-04:00,93.5999984741211,93.75,93.5999984741211,93.68000030517578,13940,0.0,0.0,2023-06-16
1279,2023-06-16 12:05:00-04:00,93.7300033569336,93.7300033569336,93.58480072021484,93.61000061035156,7421,0.0,0.0,2023-06-16
1280,2023-06-16 12:10:00-04:00,93.61000061035156,93.66999816894531,93.54499816894531,93.65499877929688,10850,0.0,0.0,2023-06-16
1281,2023-06-16 12:15:00-04:00,93.66000366210938,93.73999786376953,93.63999938964844,93.70999908447266,10826,0.0,0.0,2023-06-16
1282,2023-06-16 12:20:00-04:00,93.72000122070312,93.73999786376953,93.62999725341797,93.66999816894531,11513,0.0,0.0,2023-06-16
1283,2023-06-16 12:25:00-04:00,93.66999816894531,93.7300033569336,93.66999816894531,93.69499969482422,8253,0.0,0.0,2023-06-16
1284,2023-06-16 12:30:00-04:00,93.72000122070312,93.75,93.69000244140625,93.69000244140625,11308,0.0,0.0,2023-06-16
1285,2023-06-16 12:35:00-04:00,93.70999908447266,93.73999786376953,93.69000244140625,93.69999694824219,6140,0.0,0.0,2023-06-16
1286,2023-06-16 12:40:00-04:00,93.72000122070312,93.7699966430664,93.70999908447266,93.70999908447266,13242,0.0,0.0,2023-06-16
1287,2023-06-16 12:45:00-04:00,93.72000122070312,93.76000213623047,93.69000244140625,93.75,9855,0.0,0.0,2023-06-16
1288,2023-06-16 12:50:00-04:00,93.7300033569336,93.7699966430664,93.7300033569336,93.75,12979,0.0,0.0,2023-06-16
1289,2023-06-16 12:55:00-04:00,93.73999786376953,93.76000213623047,93.72000122070312,93.7300033569336,12039,0.0,0.0,2023-06-16
1290,2023-06-16 13:00:00-04:00,93.73500061035156,93.74500274658203,93.6500015258789,93.70999908447266,5683,0.0,0.0,2023-06-16
1291,2023-06-16 13:05:00-04:00,93.70999908447266,93.72000122070312,93.5,93.51499938964844,11895,0.0,0.0,2023-06-16
1292,2023-06-16 13:10:00-04:00,93.48999786376953,93.62220001220703,93.47000122070312,93.62220001220703,21718,0.0,0.0,2023-06-16
1293,2023-06-16 13:15:00-04:00,93.62000274658203,93.62000274658203,93.55000305175781,93.56999969482422,8028,0.0,0.0,2023-06-16
1294,2023-06-16 13:20:00-04:00,93.55999755859375,93.61000061035156,93.51000213623047,93.57499694824219,17499,0.0,0.0,2023-06-16
1295,2023-06-16 13:25:00-04:00,93.5999984741211,93.61000061035156,93.47000122070312,93.48999786376953,11164,0.0,0.0,2023-06-16
1296,2023-06-16 13:30:00-04:00,93.48999786376953,93.52999877929688,93.44000244140625,93.47000122070312,13026,0.0,0.0,2023-06-16
1297,2023-06-16 13:35:00-04:00,93.47000122070312,93.58999633789062,93.46499633789062,93.55500030517578,9337,0.0,0.0,2023-06-16
1298,2023-06-16 13:40:00-04:00,93.56999969482422,93.62999725341797,93.55999755859375,93.62999725341797,9860,0.0,0.0,2023-06-16
1299,2023-06-16 13:45:00-04:00,93.63999938964844,93.69999694824219,93.58999633789062,93.66500091552734,14817,0.0,0.0,2023-06-16
1300,2023-06-16 13:50:00-04:00,93.66500091552734,93.86000061035156,93.66500091552734,93.86000061035156,7215,0.0,0.0,2023-06-16
1301,2023-06-16 13:55:00-04:00,93.83999633789062,93.86000061035156,93.72000122070312,93.75,13977,0.0,0.0,2023-06-16
1302,2023-06-16 14:00:00-04:00,93.75,93.80500030517578,93.73999786376953,93.73999786376953,11472,0.0,0.0,2023-06-16
1303,2023-06-16 14:05:00-04:00,93.7699966430664,93.78820037841797,93.71089935302734,93.73750305175781,12984,0.0,0.0,2023-06-16
1304,2023-06-16 14:10:00-04:00,93.73999786376953,93.76000213623047,93.66000366210938,93.76000213623047,15255,0.0,0.0,2023-06-16
1305,2023-06-16 14:15:00-04:00,93.7699966430664,93.77999877929688,93.70999908447266,93.70999908447266,6729,0.0,0.0,2023-06-16
1306,2023-06-16 14:20:00-04:00,93.73999786376953,93.76000213623047,93.66999816894531,93.69000244140625,9628,0.0,0.0,2023-06-16
1307,2023-06-16 14:25:00-04:00,93.69999694824219,93.70999908447266,93.62999725341797,93.66999816894531,14985,0.0,0.0,2023-06-16
1308,2023-06-16 14:30:00-04:00,93.66500091552734,93.69000244140625,93.52999877929688,93.55500030517578,13305,0.0,0.0,2023-06-16
1309,2023-06-16 14:35:00-04:00,93.55500030517578,93.6050033569336,93.54000091552734,93.55999755859375,10584,0.0,0.0,2023-06-16
1310,2023-06-16 14:40:00-04:00,93.55000305175781,93.55000305175781,93.44999694824219,93.48500061035156,13121,0.0,0.0,2023-06-16
1311,2023-06-16 14:45:00-04:00,93.47000122070312,93.47000122070312,93.38999938964844,93.41500091552734,11171,0.0,0.0,2023-06-16
1312,2023-06-16 14:50:00-04:00,93.41500091552734,93.43000030517578,93.3499984741211,93.3499984741211,9928,0.0,0.0,2023-06-16
1313,2023-06-16 14:55:00-04:00,93.33000183105469,93.41000366210938,93.33000183105469,93.3499984741211,14132,0.0,0.0,2023-06-16
1314,2023-06-16 15:00:00-04:00,93.3499984741211,93.37999725341797,93.23999786376953,93.2699966430664,22865,0.0,0.0,2023-06-16
1315,2023-06-16 15:05:00-04:00,93.26000213623047,93.26000213623047,93.15499877929688,93.16000366210938,9173,0.0,0.0,2023-06-16
1316,2023-06-16 15:10:00-04:00,93.16000366210938,93.16000366210938,93.01000213623047,93.01000213623047,16186,0.0,0.0,2023-06-16
1317,2023-06-16 15:15:00-04:00,93.0199966430664,93.1500015258789,92.94999694824219,93.13970184326172,58951,0.0,0.0,2023-06-16
1318,2023-06-16 15:20:00-04:00,93.1500015258789,93.4000015258789,93.1500015258789,93.36499786376953,19566,0.0,0.0,2023-06-16
1319,2023-06-16 15:25:00-04:00,93.3499984741211,93.4000015258789,93.30000305175781,93.36000061035156,15206,0.0,0.0,2023-06-16
1320,2023-06-16 15:30:00-04:00,93.3499984741211,93.57499694824219,93.3499984741211,93.5,26931,0.0,0.0,2023-06-16
1321,2023-06-16 15:35:00-04:00,93.49500274658203,93.56999969482422,93.46499633789062,93.55500030517578,20325,0.0,0.0,2023-06-16
1322,2023-06-16 15:40:00-04:00,93.54000091552734,93.54000091552734,93.16999816894531,93.20999908447266,34344,0.0,0.0,2023-06-16
1323,2023-06-16 15:45:00-04:00,93.20999908447266,93.2699966430664,93.17500305175781,93.19999694824219,29742,0.0,0.0,2023-06-16
1324,2023-06-16 15:50:00-04:00,93.19999694824219,93.19999694824219,92.83000183105469,93.0199966430664,139892,0.0,0.0,2023-06-16
1325,2023-06-16 15:55:00-04:00,92.95999908447266,92.98999786376953,92.73999786376953,92.9000015258789,407301,0.0,0.0,2023-06-16
1326,2023-06-20 09:30:00-04:00,93.12999725341797,93.36000061035156,92.83000183105469,92.88999938964844,47428,0.0,0.0,2023-06-20
1327,2023-06-20 09:35:00-04:00,92.81999969482422,93.13500213623047,92.73999786376953,93.04499816894531,8199,0.0,0.0,2023-06-20
1328,2023-06-20 09:40:00-04:00,93.02249908447266,93.11000061035156,92.80999755859375,92.80999755859375,19473,0.0,0.0,2023-06-20
1329,2023-06-20 09:45:00-04:00,92.87000274658203,92.98999786376953,92.80999755859375,92.91500091552734,13787,0.0,0.0,2023-06-20
1330,2023-06-20 09:50:00-04:00,92.8499984741211,92.8499984741211,92.58999633789062,92.6500015258789,15178,0.0,0.0,2023-06-20
1331,2023-06-20 09:55:00-04:00,92.63500213623047,92.80999755859375,92.5199966430664,92.80000305175781,43993,0.0,0.0,2023-06-20
1332,2023-06-20 10:00:00-04:00,92.83000183105469,92.88999938964844,92.69000244140625,92.77999877929688,15070,0.0,0.0,2023-06-20
1333,2023-06-20 10:05:00-04:00,92.7699966430664,92.7699966430664,92.5999984741211,92.6500015258789,8729,0.0,0.0,2023-06-20
1334,2023-06-20 10:10:00-04:00,92.6500015258789,92.9000015258789,92.62999725341797,92.875,16435,0.0,0.0,2023-06-20
1335,2023-06-20 10:15:00-04:00,92.875,92.875,92.70500183105469,92.72000122070312,17064,0.0,0.0,2023-06-20
1336,2023-06-20 10:20:00-04:00,92.7249984741211,92.7249984741211,92.52999877929688,92.56999969482422,14559,0.0,0.0,2023-06-20
1337,2023-06-20 10:25:00-04:00,92.55999755859375,92.69000244140625,92.47000122070312,92.62999725341797,15145,0.0,0.0,2023-06-20
1338,2023-06-20 10:30:00-04:00,92.63999938964844,92.7699966430664,92.62999725341797,92.7249984741211,18815,0.0,0.0,2023-06-20
1339,2023-06-20 10:35:00-04:00,92.70999908447266,92.73999786376953,92.6050033569336,92.6050033569336,10612,0.0,0.0,2023-06-20
1340,2023-06-20 10:40:00-04:00,92.6050033569336,92.62000274658203,92.43000030517578,92.45999908447266,18686,0.0,0.0,2023-06-20
1341,2023-06-20 10:45:00-04:00,92.44999694824219,92.58999633789062,92.33000183105469,92.56999969482422,23676,0.0,0.0,2023-06-20
1342,2023-06-20 10:50:00-04:00,92.59500122070312,92.7699966430664,92.58999633789062,92.69499969482422,15306,0.0,0.0,2023-06-20
1343,2023-06-20 10:55:00-04:00,92.68000030517578,92.70999908447266,92.53500366210938,92.56500244140625,16868,0.0,0.0,2023-06-20
1344,2023-06-20 11:00:00-04:00,92.56500244140625,92.62999725341797,92.56500244140625,92.5999984741211,18879,0.0,0.0,2023-06-20
1345,2023-06-20 11:05:00-04:00,92.62000274658203,92.62000274658203,92.49500274658203,92.49960327148438,22181,0.0,0.0,2023-06-20
1346,2023-06-20 11:10:00-04:00,92.50499725341797,92.5999984741211,92.5,92.58999633789062,15367,0.0,0.0,2023-06-20
1347,2023-06-20 11:15:00-04:00,92.58000183105469,92.69000244140625,92.58000183105469,92.66000366210938,10902,0.0,0.0,2023-06-20
1348,2023-06-20 11:20:00-04:00,92.6500015258789,92.7699966430664,92.61000061035156,92.75,13030,0.0,0.0,2023-06-20
1349,2023-06-20 11:25:00-04:00,92.7699966430664,92.88999938964844,92.70999908447266,92.70999908447266,25465,0.0,0.0,2023-06-20
1350,2023-06-20 11:30:00-04:00,92.70999908447266,92.73999786376953,92.62999725341797,92.66000366210938,11550,0.0,0.0,2023-06-20
1351,2023-06-20 11:35:00-04:00,92.66999816894531,92.66999816894531,92.55000305175781,92.58000183105469,10168,0.0,0.0,2023-06-20
1352,2023-06-20 11:40:00-04:00,92.5999984741211,92.63999938964844,92.58000183105469,92.59500122070312,9314,0.0,0.0,2023-06-20
1353,2023-06-20 11:45:00-04:00,92.62000274658203,92.75,92.5999984741211,92.62000274658203,11563,0.0,0.0,2023-06-20
1354,2023-06-20 11:50:00-04:00,92.61499786376953,92.61499786376953,92.34500122070312,92.4800033569336,19820,0.0,0.0,2023-06-20
1355,2023-06-20 11:55:00-04:00,92.48999786376953,92.54000091552734,92.44000244140625,92.5,21886,0.0,0.0,2023-06-20
1356,2023-06-20 12:00:00-04:00,92.5,92.61499786376953,92.5,92.61499786376953,10969,0.0,0.0,2023-06-20
1357,2023-06-20 12:05:00-04:00,92.61499786376953,92.61499786376953,92.48500061035156,92.48500061035156,21983,0.0,0.0,2023-06-20
1358,2023-06-20 12:10:00-04:00,92.5,92.5199966430664,92.44000244140625,92.44000244140625,15343,0.0,0.0,2023-06-20
1359,2023-06-20 12:15:00-04:00,92.41000366210938,92.4800033569336,92.38500213623047,92.40499877929688,16286,0.0,0.0,2023-06-20
1360,2023-06-20 12:20:00-04:00,92.41000366210938,92.5199966430664,92.41000366210938,92.45999908447266,17963,0.0,0.0,2023-06-20
1361,2023-06-20 12:25:00-04:00,92.48500061035156,92.51000213623047,92.44000244140625,92.45500183105469,11007,0.0,0.0,2023-06-20
1362,2023-06-20 12:30:00-04:00,92.44999694824219,92.45999908447266,92.38999938964844,92.43000030517578,16054,0.0,0.0,2023-06-20
1363,2023-06-20 12:35:00-04:00,92.44999694824219,92.55000305175781,92.43499755859375,92.52999877929688,15951,0.0,0.0,2023-06-20
1364,2023-06-20 12:40:00-04:00,92.54000091552734,92.66999816894531,92.54000091552734,92.5999984741211,9193,0.0,0.0,2023-06-20
1365,2023-06-20 12:45:00-04:00,92.62999725341797,92.69999694824219,92.5999984741211,92.62000274658203,6671,0.0,0.0,2023-06-20
1366,2023-06-20 12:50:00-04:00,92.5999984741211,92.61000061035156,92.4926986694336,92.55500030517578,20343,0.0,0.0,2023-06-20
1367,2023-06-20 12:55:00-04:00,92.55500030517578,92.62999725341797,92.52999877929688,92.55000305175781,8766,0.0,0.0,2023-06-20
1368,2023-06-20 13:00:00-04:00,92.55000305175781,92.55999755859375,92.4000015258789,92.47000122070312,26693,0.0,0.0,2023-06-20
1369,2023-06-20 13:05:00-04:00,92.44000244140625,92.51000213623047,92.38999938964844,92.48999786376953,9524,0.0,0.0,2023-06-20
1370,2023-06-20 13:10:00-04:00,92.49500274658203,92.62000274658203,92.48999786376953,92.5875015258789,9667,0.0,0.0,2023-06-20
1371,2023-06-20 13:15:00-04:00,92.57270050048828,92.62000274658203,92.54000091552734,92.62000274658203,8159,0.0,0.0,2023-06-20
1372,2023-06-20 13:20:00-04:00,92.6050033569336,92.63999938964844,92.55999755859375,92.63999938964844,8086,0.0,0.0,2023-06-20
1373,2023-06-20 13:25:00-04:00,92.66000366210938,92.66000366210938,92.58999633789062,92.58999633789062,6384,0.0,0.0,2023-06-20
1374,2023-06-20 13:30:00-04:00,92.5999984741211,92.63999938964844,92.48999786376953,92.48999786376953,9400,0.0,0.0,2023-06-20
1375,2023-06-20 13:35:00-04:00,92.48999786376953,92.48999786376953,92.38999938964844,92.38999938964844,6062,0.0,0.0,2023-06-20
1376,2023-06-20 13:40:00-04:00,92.37999725341797,92.4800033569336,92.37999725341797,92.44999694824219,8640,0.0,0.0,2023-06-20
1377,2023-06-20 13:45:00-04:00,92.4800033569336,92.51000213623047,92.41999816894531,92.51000213623047,7321,0.0,0.0,2023-06-20
1378,2023-06-20 13:50:00-04:00,92.51000213623047,92.58999633789062,92.5,92.55000305175781,15622,0.0,0.0,2023-06-20
1379,2023-06-20 13:55:00-04:00,92.55999755859375,92.58999633789062,92.51100158691406,92.51750183105469,8688,0.0,0.0,2023-06-20
1380,2023-06-20 14:00:00-04:00,92.5250015258789,92.56999969482422,92.48999786376953,92.55000305175781,11961,0.0,0.0,2023-06-20
1381,2023-06-20 14:05:00-04:00,92.54000091552734,92.55999755859375,92.47000122070312,92.5199966430664,10851,0.0,0.0,2023-06-20
1382,2023-06-20 14:10:00-04:00,92.5199966430664,92.56999969482422,92.51090240478516,92.55000305175781,8859,0.0,0.0,2023-06-20
1383,2023-06-20 14:15:00-04:00,92.55999755859375,92.69000244140625,92.55999755859375,92.69000244140625,6241,0.0,0.0,2023-06-20
1384,2023-06-20 14:20:00-04:00,92.72000122070312,92.75,92.62000274658203,92.6500015258789,9272,0.0,0.0,2023-06-20
1385,2023-06-20 14:25:00-04:00,92.6500015258789,92.70999908447266,92.63999938964844,92.70999908447266,4949,0.0,0.0,2023-06-20
1386,2023-06-20 14:30:00-04:00,92.72000122070312,92.73500061035156,92.63999938964844,92.63999938964844,8193,0.0,0.0,2023-06-20
1387,2023-06-20 14:35:00-04:00,92.63999938964844,92.6500015258789,92.59249877929688,92.625,7122,0.0,0.0,2023-06-20
1388,2023-06-20 14:40:00-04:00,92.61000061035156,92.61000061035156,92.5,92.55999755859375,19846,0.0,0.0,2023-06-20
1389,2023-06-20 14:45:00-04:00,92.55000305175781,92.58000183105469,92.48500061035156,92.55000305175781,12281,0.0,0.0,2023-06-20
1390,2023-06-20 14:50:00-04:00,92.52999877929688,92.58000183105469,92.52999877929688,92.58000183105469,4854,0.0,0.0,2023-06-20
1391,2023-06-20 14:55:00-04:00,92.56999969482422,92.65499877929688,92.55999755859375,92.64929962158203,15030,0.0,0.0,2023-06-20
1392,2023-06-20 15:00:00-04:00,92.68000030517578,92.70829772949219,92.58000183105469,92.59500122070312,63484,0.0,0.0,2023-06-20
1393,2023-06-20 15:05:00-04:00,92.56999969482422,92.5999984741211,92.49500274658203,92.49500274658203,10082,0.0,0.0,2023-06-20
1394,2023-06-20 15:10:00-04:00,92.47000122070312,92.48500061035156,92.4000015258789,92.41000366210938,12749,0.0,0.0,2023-06-20
1395,2023-06-20 15:15:00-04:00,92.42500305175781,92.48999786376953,92.37999725341797,92.4000015258789,12375,0.0,0.0,2023-06-20
1396,2023-06-20 15:20:00-04:00,92.4000015258789,92.41999816894531,92.33000183105469,92.38999938964844,14936,0.0,0.0,2023-06-20
1397,2023-06-20 15:25:00-04:00,92.38999938964844,92.45999908447266,92.33999633789062,92.3949966430664,16086,0.0,0.0,2023-06-20
1398,2023-06-20 15:30:00-04:00,92.38999938964844,92.44999694824219,92.3499984741211,92.36000061035156,15559,0.0,0.0,2023-06-20
1399,2023-06-20 15:35:00-04:00,92.3499984741211,92.3499984741211,92.20999908447266,92.2249984741211,15093,0.0,0.0,2023-06-20
1400,2023-06-20 15:40:00-04:00,92.22000122070312,92.26499938964844,92.16999816894531,92.23999786376953,16494,0.0,0.0,2023-06-20
1401,2023-06-20 15:45:00-04:00,92.2300033569336,92.25,92.08999633789062,92.11000061035156,23932,0.0,0.0,2023-06-20
1402,2023-06-20 15:50:00-04:00,92.11000061035156,92.19999694824219,91.98429870605469,91.98999786376953,71417,0.0,0.0,2023-06-20
1403,2023-06-20 15:55:00-04:00,91.9800033569336,92.04000091552734,91.88999938964844,91.98999786376953,181490,0.0,0.0,2023-06-20
1404,2023-06-21 09:30:00-04:00,90.8499984741211,91.01000213623047,89.5199966430664,89.5199966430664,82437,0.0,0.0,2023-06-21
1405,2023-06-21 09:35:00-04:00,89.54499816894531,89.54499816894531,89.18499755859375,89.45999908447266,44816,0.0,0.0,2023-06-21
1406,2023-06-21 09:40:00-04:00,89.41000366210938,89.68000030517578,89.30000305175781,89.68000030517578,35499,0.0,0.0,2023-06-21
1407,2023-06-21 09:45:00-04:00,89.61000061035156,89.86000061035156,89.48999786376953,89.81500244140625,25575,0.0,0.0,2023-06-21
1408,2023-06-21 09:50:00-04:00,89.87999725341797,90.05000305175781,89.8031997680664,90.04000091552734,84460,0.0,0.0,2023-06-21
1409,2023-06-21 09:55:00-04:00,90.04000091552734,90.06999969482422,89.80000305175781,90.04000091552734,55153,0.0,0.0,2023-06-21
1410,2023-06-21 10:00:00-04:00,90.05999755859375,90.06999969482422,89.80999755859375,89.86000061035156,29140,0.0,0.0,2023-06-21
1411,2023-06-21 10:05:00-04:00,89.88999938964844,90.01000213623047,89.87999725341797,89.9800033569336,19575,0.0,0.0,2023-06-21
1412,2023-06-21 10:10:00-04:00,89.94999694824219,90.11000061035156,89.91000366210938,90.08000183105469,29053,0.0,0.0,2023-06-21
1413,2023-06-21 10:15:00-04:00,90.06999969482422,90.3499984741211,90.06999969482422,90.2509994506836,15555,0.0,0.0,2023-06-21
1414,2023-06-21 10:20:00-04:00,90.29000091552734,90.7249984741211,90.2249984741211,90.71499633789062,29151,0.0,0.0,2023-06-21
1415,2023-06-21 10:25:00-04:00,90.68000030517578,90.68000030517578,90.33999633789062,90.3499984741211,17239,0.0,0.0,2023-06-21
1416,2023-06-21 10:30:00-04:00,90.3499984741211,90.44000244140625,90.26000213623047,90.375,10118,0.0,0.0,2023-06-21
1417,2023-06-21 10:35:00-04:00,90.36000061035156,90.37000274658203,90.16000366210938,90.16000366210938,9961,0.0,0.0,2023-06-21
1418,2023-06-21 10:40:00-04:00,90.18499755859375,90.26429748535156,90.11000061035156,90.11000061035156,13951,0.0,0.0,2023-06-21
1419,2023-06-21 10:45:00-04:00,90.08000183105469,90.30999755859375,90.05999755859375,90.30999755859375,11526,0.0,0.0,2023-06-21
1420,2023-06-21 10:50:00-04:00,90.30999755859375,90.51000213623047,90.30999755859375,90.49500274658203,21630,0.0,0.0,2023-06-21
1421,2023-06-21 10:55:00-04:00,90.5,90.5999984741211,90.41999816894531,90.54820251464844,27669,0.0,0.0,2023-06-21
1422,2023-06-21 11:00:00-04:00,90.69999694824219,90.75,90.48999786376953,90.54000091552734,19142,0.0,0.0,2023-06-21
1423,2023-06-21 11:05:00-04:00,90.58000183105469,90.58000183105469,90.44999694824219,90.55999755859375,11130,0.0,0.0,2023-06-21
1424,2023-06-21 11:10:00-04:00,90.58000183105469,90.75,90.58000183105469,90.72000122070312,38409,0.0,0.0,2023-06-21
1425,2023-06-21 11:15:00-04:00,90.71410369873047,90.71499633789062,90.3550033569336,90.47000122070312,28489,0.0,0.0,2023-06-21
1426,2023-06-21 11:20:00-04:00,90.43000030517578,90.52999877929688,90.41999816894531,90.44750213623047,20700,0.0,0.0,2023-06-21
1427,2023-06-21 11:25:00-04:00,90.42500305175781,90.58000183105469,90.42500305175781,90.56500244140625,20158,0.0,0.0,2023-06-21
1428,2023-06-21 11:30:00-04:00,90.55000305175781,90.55000305175781,90.44499969482422,90.52999877929688,20716,0.0,0.0,2023-06-21
1429,2023-06-21 11:35:00-04:00,90.54000091552734,90.7249984741211,90.51000213623047,90.5999984741211,20821,0.0,0.0,2023-06-21
1430,2023-06-21 11:40:00-04:00,90.62529754638672,90.66000366210938,90.55999755859375,90.62000274658203,14271,0.0,0.0,2023-06-21
1431,2023-06-21 11:45:00-04:00,90.5999984741211,90.70999908447266,90.5999984741211,90.66999816894531,21130,0.0,0.0,2023-06-21
1432,2023-06-21 11:50:00-04:00,90.66000366210938,90.66000366210938,90.5199966430664,90.62999725341797,9804,0.0,0.0,2023-06-21
1433,2023-06-21 11:55:00-04:00,90.62999725341797,90.72000122070312,90.61000061035156,90.66000366210938,22293,0.0,0.0,2023-06-21
1434,2023-06-21 12:00:00-04:00,90.68000030517578,90.75,90.66999816894531,90.69000244140625,17062,0.0,0.0,2023-06-21
1435,2023-06-21 12:05:00-04:00,90.66999816894531,90.73320007324219,90.6500015258789,90.72000122070312,9761,0.0,0.0,2023-06-21
1436,2023-06-21 12:10:00-04:00,90.72000122070312,91.03500366210938,90.72000122070312,90.9000015258789,16272,0.0,0.0,2023-06-21
1437,2023-06-21 12:15:00-04:00,90.87999725341797,90.93569946289062,90.7750015258789,90.87999725341797,20002,0.0,0.0,2023-06-21
1438,2023-06-21 12:20:00-04:00,90.87000274658203,90.90499877929688,90.77999877929688,90.81999969482422,14236,0.0,0.0,2023-06-21
1439,2023-06-21 12:25:00-04:00,90.87000274658203,90.87059783935547,90.73999786376953,90.80000305175781,7818,0.0,0.0,2023-06-21
1440,2023-06-21 12:30:00-04:00,90.83999633789062,90.8499984741211,90.69999694824219,90.69999694824219,12674,0.0,0.0,2023-06-21
1441,2023-06-21 12:35:00-04:00,90.69999694824219,90.69999694824219,90.55000305175781,90.56999969482422,12862,0.0,0.0,2023-06-21
1442,2023-06-21 12:40:00-04:00,90.58999633789062,90.5999984741211,90.44999694824219,90.5199966430664,10659,0.0,0.0,2023-06-21
1443,2023-06-21 12:45:00-04:00,90.5,90.5,90.29789733886719,90.29789733886719,9761,0.0,0.0,2023-06-21
1444,2023-06-21 12:50:00-04:00,90.31999969482422,90.43000030517578,90.31999969482422,90.41000366210938,13129,0.0,0.0,2023-06-21
1445,2023-06-21 12:55:00-04:00,90.41000366210938,90.47000122070312,90.37999725341797,90.41000366210938,12163,0.0,0.0,2023-06-21
1446,2023-06-21 13:00:00-04:00,90.41000366210938,90.51000213623047,90.3499984741211,90.48999786376953,17388,0.0,0.0,2023-06-21
1447,2023-06-21 13:05:00-04:00,90.5,90.58999633789062,90.47000122070312,90.58000183105469,37592,0.0,0.0,2023-06-21
1448,2023-06-21 13:10:00-04:00,90.6500015258789,90.6500015258789,90.30000305175781,90.30000305175781,12377,0.0,0.0,2023-06-21
1449,2023-06-21 13:15:00-04:00,90.27999877929688,90.45999908447266,90.2249984741211,90.45999908447266,15379,0.0,0.0,2023-06-21
1450,2023-06-21 13:20:00-04:00,90.47000122070312,90.54000091552734,90.43000030517578,90.47000122070312,10218,0.0,0.0,2023-06-21
1451,2023-06-21 13:25:00-04:00,90.44999694824219,90.5199966430664,90.44000244140625,90.5,8838,0.0,0.0,2023-06-21
1452,2023-06-21 13:30:00-04:00,90.5199966430664,90.59989929199219,90.48999786376953,90.5199966430664,12484,0.0,0.0,2023-06-21
1453,2023-06-21 13:35:00-04:00,90.5250015258789,90.61000061035156,90.5250015258789,90.61000061035156,5456,0.0,0.0,2023-06-21
1454,2023-06-21 13:40:00-04:00,90.61000061035156,90.6500015258789,90.55999755859375,90.56500244140625,11778,0.0,0.0,2023-06-21
1455,2023-06-21 13:45:00-04:00,90.58999633789062,90.63999938964844,90.48999786376953,90.53500366210938,9101,0.0,0.0,2023-06-21
1456,2023-06-21 13:50:00-04:00,90.52999877929688,90.62999725341797,90.52999877929688,90.62999725341797,6392,0.0,0.0,2023-06-21
1457,2023-06-21 13:55:00-04:00,90.63999938964844,90.72000122070312,90.62000274658203,90.66000366210938,9241,0.0,0.0,2023-06-21
1458,2023-06-21 14:00:00-04:00,90.68000030517578,90.75,90.66999816894531,90.73500061035156,7376,0.0,0.0,2023-06-21
1459,2023-06-21 14:05:00-04:00,90.72000122070312,90.7615966796875,90.69999694824219,90.75,7063,0.0,0.0,2023-06-21
1460,2023-06-21 14:10:00-04:00,90.7300033569336,90.7699966430664,90.66999816894531,90.74970245361328,14310,0.0,0.0,2023-06-21
1461,2023-06-21 14:15:00-04:00,90.76000213623047,90.9000015258789,90.76000213623047,90.9000015258789,12649,0.0,0.0,2023-06-21
1462,2023-06-21 14:20:00-04:00,90.91500091552734,91.0,90.80999755859375,90.86000061035156,26180,0.0,0.0,2023-06-21
1463,2023-06-21 14:25:00-04:00,90.83999633789062,90.9000015258789,90.80000305175781,90.9000015258789,12752,0.0,0.0,2023-06-21
1464,2023-06-21 14:30:00-04:00,90.9000015258789,90.93000030517578,90.86959838867188,90.93000030517578,9763,0.0,0.0,2023-06-21
1465,2023-06-21 14:35:00-04:00,90.91000366210938,90.91000366210938,90.81999969482422,90.875,13109,0.0,0.0,2023-06-21
1466,2023-06-21 14:40:00-04:00,90.875,90.875,90.78500366210938,90.84089660644531,20282,0.0,0.0,2023-06-21
1467,2023-06-21 14:45:00-04:00,90.83999633789062,90.87000274658203,90.79000091552734,90.83000183105469,11248,0.0,0.0,2023-06-21
1468,2023-06-21 14:50:00-04:00,90.81999969482422,90.86000061035156,90.7300033569336,90.76000213623047,18040,0.0,0.0,2023-06-21
1469,2023-06-21 14:55:00-04:00,90.75,90.83000183105469,90.66000366210938,90.72000122070312,30485,0.0,0.0,2023-06-21
1470,2023-06-21 15:00:00-04:00,90.69000244140625,90.7300033569336,90.4800033569336,90.4800033569336,17943,0.0,0.0,2023-06-21
1471,2023-06-21 15:05:00-04:00,90.47000122070312,90.55000305175781,90.43000030517578,90.54000091552734,23831,0.0,0.0,2023-06-21
1472,2023-06-21 15:10:00-04:00,90.52999877929688,90.54000091552734,90.36000061035156,90.41999816894531,52478,0.0,0.0,2023-06-21
1473,2023-06-21 15:15:00-04:00,90.42500305175781,90.5,90.37000274658203,90.41500091552734,17495,0.0,0.0,2023-06-21
1474,2023-06-21 15:20:00-04:00,90.4000015258789,90.43000030517578,90.36000061035156,90.375,26408,0.0,0.0,2023-06-21
1475,2023-06-21 15:25:00-04:00,90.375,90.4000015258789,90.2699966430664,90.27999877929688,23705,0.0,0.0,2023-06-21
1476,2023-06-21 15:30:00-04:00,90.26000213623047,90.2699966430664,90.11000061035156,90.23999786376953,45668,0.0,0.0,2023-06-21
1477,2023-06-21 15:35:00-04:00,90.23999786376953,90.26000213623047,89.9749984741211,90.06999969482422,162184,0.0,0.0,2023-06-21
1478,2023-06-21 15:40:00-04:00,90.05000305175781,90.30999755859375,90.05000305175781,90.24500274658203,47724,0.0,0.0,2023-06-21
1479,2023-06-21 15:45:00-04:00,90.25,90.33000183105469,90.23999786376953,90.30000305175781,33277,0.0,0.0,2023-06-21
1480,2023-06-21 15:50:00-04:00,90.30000305175781,90.43000030517578,90.29499816894531,90.30000305175781,70582,0.0,0.0,2023-06-21
1481,2023-06-21 15:55:00-04:00,90.30500030517578,90.5199966430664,90.20999908447266,90.5,271890,0.0,0.0,2023-06-21
1482,2023-06-22 09:30:00-04:00,90.5,90.68499755859375,89.01000213623047,89.05999755859375,50229,0.0,0.0,2023-06-22
1483,2023-06-22 09:35:00-04:00,89.16999816894531,89.6500015258789,89.13999938964844,89.52999877929688,60223,0.0,0.0,2023-06-22
1484,2023-06-22 09:40:00-04:00,89.36000061035156,89.69999694824219,88.76000213623047,88.90499877929688,121624,0.0,0.0,2023-06-22
1485,2023-06-22 09:45:00-04:00,88.92500305175781,89.04000091552734,88.2300033569336,88.26000213623047,59654,0.0,0.0,2023-06-22
1486,2023-06-22 09:50:00-04:00,88.2300033569336,88.625,87.8949966430664,87.9800033569336,57257,0.0,0.0,2023-06-22
1487,2023-06-22 09:55:00-04:00,88.0,88.33000183105469,87.86499786376953,88.13999938964844,72881,0.0,0.0,2023-06-22
1488,2023-06-22 10:00:00-04:00,88.1500015258789,88.26000213623047,88.05000305175781,88.2300033569336,129587,0.0,0.0,2023-06-22
1489,2023-06-22 10:05:00-04:00,88.23999786376953,88.58999633789062,88.2249984741211,88.51499938964844,47767,0.0,0.0,2023-06-22
1490,2023-06-22 10:10:00-04:00,88.54000091552734,89.31999969482422,88.51499938964844,89.08999633789062,45617,0.0,0.0,2023-06-22
1491,2023-06-22 10:15:00-04:00,89.06999969482422,89.4749984741211,89.02999877929688,89.4749984741211,27661,0.0,0.0,2023-06-22
1492,2023-06-22 10:20:00-04:00,89.48999786376953,89.53500366210938,89.16000366210938,89.2750015258789,61301,0.0,0.0,2023-06-22
1493,2023-06-22 10:25:00-04:00,89.2300033569336,89.37999725341797,89.0999984741211,89.12999725341797,72987,0.0,0.0,2023-06-22
1494,2023-06-22 10:30:00-04:00,89.12000274658203,89.29000091552734,88.94499969482422,89.08999633789062,30836,0.0,0.0,2023-06-22
1495,2023-06-22 10:35:00-04:00,89.05999755859375,89.18250274658203,88.79499816894531,88.79499816894531,16930,0.0,0.0,2023-06-22
1496,2023-06-22 10:40:00-04:00,88.81999969482422,88.83999633789062,88.55000305175781,88.6449966430664,22237,0.0,0.0,2023-06-22
1497,2023-06-22 10:45:00-04:00,88.62000274658203,88.6500015258789,88.37999725341797,88.43000030517578,12961,0.0,0.0,2023-06-22
1498,2023-06-22 10:50:00-04:00,88.44999694824219,88.55999755859375,88.44000244140625,88.5,14395,0.0,0.0,2023-06-22
1499,2023-06-22 10:55:00-04:00,88.45999908447266,88.58000183105469,88.44499969482422,88.52999877929688,15390,0.0,0.0,2023-06-22
1500,2023-06-22 11:00:00-04:00,88.52999877929688,88.5999984741211,88.38999938964844,88.4800033569336,47384,0.0,0.0,2023-06-22
1501,2023-06-22 11:05:00-04:00,88.44999694824219,88.48999786376953,88.19999694824219,88.28500366210938,61278,0.0,0.0,2023-06-22
1502,2023-06-22 11:10:00-04:00,88.26000213623047,88.62999725341797,88.25,88.61000061035156,27222,0.0,0.0,2023-06-22
1503,2023-06-22 11:15:00-04:00,88.62999725341797,88.75499725341797,88.59100341796875,88.67500305175781,24545,0.0,0.0,2023-06-22
1504,2023-06-22 11:20:00-04:00,88.69999694824219,88.70999908447266,88.58499908447266,88.625,17215,0.0,0.0,2023-06-22
1505,2023-06-22 11:25:00-04:00,88.625,88.98699951171875,88.61000061035156,88.97000122070312,44189,0.0,0.0,2023-06-22
1506,2023-06-22 11:30:00-04:00,88.96499633789062,88.9800033569336,88.74500274658203,88.7699966430664,19160,0.0,0.0,2023-06-22
1507,2023-06-22 11:35:00-04:00,88.76000213623047,88.88500213623047,88.63999938964844,88.88500213623047,15597,0.0,0.0,2023-06-22
1508,2023-06-22 11:40:00-04:00,88.86000061035156,89.16000366210938,88.81999969482422,89.13999938964844,21737,0.0,0.0,2023-06-22
1509,2023-06-22 11:45:00-04:00,89.16999816894531,89.16999816894531,88.8499984741211,88.96499633789062,19091,0.0,0.0,2023-06-22
1510,2023-06-22 11:50:00-04:00,88.96499633789062,89.05059814453125,88.94999694824219,88.9800033569336,14442,0.0,0.0,2023-06-22
1511,2023-06-22 11:55:00-04:00,88.9800033569336,89.01000213623047,88.83999633789062,88.88999938964844,19428,0.0,0.0,2023-06-22
1512,2023-06-22 12:00:00-04:00,88.93000030517578,89.0999984741211,88.86000061035156,89.08000183105469,69273,0.0,0.0,2023-06-22
1513,2023-06-22 12:05:00-04:00,89.11000061035156,89.2750015258789,89.08999633789062,89.2750015258789,16658,0.0,0.0,2023-06-22
1514,2023-06-22 12:10:00-04:00,89.2750015258789,89.34500122070312,89.16000366210938,89.2699966430664,17386,0.0,0.0,2023-06-22
1515,2023-06-22 12:15:00-04:00,89.23999786376953,89.3550033569336,89.19000244140625,89.19000244140625,22325,0.0,0.0,2023-06-22
1516,2023-06-22 12:20:00-04:00,89.19000244140625,89.34500122070312,89.19000244140625,89.33999633789062,14075,0.0,0.0,2023-06-22
1517,2023-06-22 12:25:00-04:00,89.31999969482422,89.44000244140625,89.2699966430664,89.41999816894531,20471,0.0,0.0,2023-06-22
1518,2023-06-22 12:30:00-04:00,89.43499755859375,89.45999908447266,89.3499984741211,89.38999938964844,12919,0.0,0.0,2023-06-22
1519,2023-06-22 12:35:00-04:00,89.38999938964844,89.5,89.37000274658203,89.48500061035156,26848,0.0,0.0,2023-06-22
1520,2023-06-22 12:40:00-04:00,89.48500061035156,89.61000061035156,89.45999908447266,89.45999908447266,36895,0.0,0.0,2023-06-22
1521,2023-06-22 12:45:00-04:00,89.44999694824219,89.51000213623047,89.38500213623047,89.48999786376953,15309,0.0,0.0,2023-06-22
1522,2023-06-22 12:50:00-04:00,89.48999786376953,89.58000183105469,89.4800033569336,89.54000091552734,32818,0.0,0.0,2023-06-22
1523,2023-06-22 12:55:00-04:00,89.5199966430664,89.54000091552734,89.47000122070312,89.50499725341797,24471,0.0,0.0,2023-06-22
1524,2023-06-22 13:00:00-04:00,89.5,89.62999725341797,89.47000122070312,89.48999786376953,18306,0.0,0.0,2023-06-22
1525,2023-06-22 13:05:00-04:00,89.49500274658203,89.56809997558594,89.4800033569336,89.5,18559,0.0,0.0,2023-06-22
1526,2023-06-22 13:10:00-04:00,89.48500061035156,89.5,89.44999694824219,89.44999694824219,7246,0.0,0.0,2023-06-22
1527,2023-06-22 13:15:00-04:00,89.45999908447266,89.5,89.4000015258789,89.4000015258789,10356,0.0,0.0,2023-06-22
1528,2023-06-22 13:20:00-04:00,89.36000061035156,89.44000244140625,89.30999755859375,89.44000244140625,16772,0.0,0.0,2023-06-22
1529,2023-06-22 13:25:00-04:00,89.44999694824219,89.44999694824219,89.27999877929688,89.30500030517578,10387,0.0,0.0,2023-06-22
1530,2023-06-22 13:30:00-04:00,89.31999969482422,89.41500091552734,89.31999969482422,89.38500213623047,11749,0.0,0.0,2023-06-22
1531,2023-06-22 13:35:00-04:00,89.38500213623047,89.41999816894531,89.37999725341797,89.37999725341797,10683,0.0,0.0,2023-06-22
1532,2023-06-22 13:40:00-04:00,89.4000015258789,89.51000213623047,89.37000274658203,89.45999908447266,34821,0.0,0.0,2023-06-22
1533,2023-06-22 13:45:00-04:00,89.44999694824219,89.44999694824219,89.15499877929688,89.19999694824219,11870,0.0,0.0,2023-06-22
1534,2023-06-22 13:50:00-04:00,89.20500183105469,89.20500183105469,89.11000061035156,89.11000061035156,11461,0.0,0.0,2023-06-22
1535,2023-06-22 13:55:00-04:00,89.08000183105469,89.16999816894531,89.08000183105469,89.12999725341797,10019,0.0,0.0,2023-06-22
1536,2023-06-22 14:00:00-04:00,89.1449966430664,89.1990966796875,89.04000091552734,89.06999969482422,10258,0.0,0.0,2023-06-22
1537,2023-06-22 14:05:00-04:00,89.08000183105469,89.125,89.05000305175781,89.11000061035156,6788,0.0,0.0,2023-06-22
1538,2023-06-22 14:10:00-04:00,89.08999633789062,89.18000030517578,89.04000091552734,89.04000091552734,11900,0.0,0.0,2023-06-22
1539,2023-06-22 14:15:00-04:00,89.0199966430664,89.05000305175781,88.91000366210938,88.9749984741211,7675,0.0,0.0,2023-06-22
1540,2023-06-22 14:20:00-04:00,88.96499633789062,89.08999633789062,88.93499755859375,89.08000183105469,9113,0.0,0.0,2023-06-22
1541,2023-06-22 14:25:00-04:00,89.07499694824219,89.08999633789062,89.0,89.01000213623047,8316,0.0,0.0,2023-06-22
1542,2023-06-22 14:30:00-04:00,89.01000213623047,89.26000213623047,89.01000213623047,89.25,18553,0.0,0.0,2023-06-22
1543,2023-06-22 14:35:00-04:00,89.26000213623047,89.4000015258789,89.26000213623047,89.38999938964844,12737,0.0,0.0,2023-06-22
1544,2023-06-22 14:40:00-04:00,89.3949966430664,89.52999877929688,89.38999938964844,89.43000030517578,34296,0.0,0.0,2023-06-22
1545,2023-06-22 14:45:00-04:00,89.4000015258789,89.41000366210938,89.23999786376953,89.30000305175781,12807,0.0,0.0,2023-06-22
1546,2023-06-22 14:50:00-04:00,89.2699966430664,89.31999969482422,89.22000122070312,89.2750015258789,14319,0.0,0.0,2023-06-22
1547,2023-06-22 14:55:00-04:00,89.29000091552734,89.41999816894531,89.29000091552734,89.38999938964844,22119,0.0,0.0,2023-06-22
1548,2023-06-22 15:00:00-04:00,89.38999938964844,89.41000366210938,89.29000091552734,89.29000091552734,11663,0.0,0.0,2023-06-22
1549,2023-06-22 15:05:00-04:00,89.29000091552734,89.30999755859375,89.24500274658203,89.25,11990,0.0,0.0,2023-06-22
1550,2023-06-22 15:10:00-04:00,89.24500274658203,89.27999877929688,89.19999694824219,89.27999877929688,15003,0.0,0.0,2023-06-22
1551,2023-06-22 15:15:00-04:00,89.2699966430664,89.29000091552734,89.18000030517578,89.19499969482422,13620,0.0,0.0,2023-06-22
1552,2023-06-22 15:20:00-04:00,89.18000030517578,89.18000030517578,89.06999969482422,89.11000061035156,12819,0.0,0.0,2023-06-22
1553,2023-06-22 15:25:00-04:00,89.12000274658203,89.12000274658203,88.98999786376953,88.98999786376953,21054,0.0,0.0,2023-06-22
1554,2023-06-22 15:30:00-04:00,88.97000122070312,88.97000122070312,88.91999816894531,88.95999908447266,20625,0.0,0.0,2023-06-22
1555,2023-06-22 15:35:00-04:00,88.95999908447266,89.08000183105469,88.88999938964844,89.06999969482422,28904,0.0,0.0,2023-06-22
1556,2023-06-22 15:40:00-04:00,89.08000183105469,89.08999633789062,88.98999786376953,89.0,27337,0.0,0.0,2023-06-22
1557,2023-06-22 15:45:00-04:00,89.0,89.05999755859375,88.98500061035156,89.02999877929688,33544,0.0,0.0,2023-06-22
1558,2023-06-22 15:50:00-04:00,89.04000091552734,89.18000030517578,88.94999694824219,89.08000183105469,150816,0.0,0.0,2023-06-22
1559,2023-06-22 15:55:00-04:00,89.05999755859375,89.26000213623047,88.79000091552734,89.25,473597,0.0,0.0,2023-06-22
1560,2023-06-23 09:30:00-04:00,89.63999938964844,89.63999938964844,89.18000030517578,89.26000213623047,35290,0.0,0.0,2023-06-23
1561,2023-06-23 09:35:00-04:00,89.4000015258789,89.45999908447266,89.12000274658203,89.41000366210938,24423,0.0,0.0,2023-06-23
1562,2023-06-23 09:40:00-04:00,89.41000366210938,89.86000061035156,89.41000366210938,89.77999877929688,40849,0.0,0.0,2023-06-23
1563,2023-06-23 09:45:00-04:00,89.79000091552734,89.93000030517578,89.48999786376953,89.53500366210938,10367,0.0,0.0,2023-06-23
1564,2023-06-23 09:50:00-04:00,89.47000122070312,89.66999816894531,89.4000015258789,89.51000213623047,16662,0.0,0.0,2023-06-23
1565,2023-06-23 09:55:00-04:00,89.5199966430664,89.58999633789062,89.44999694824219,89.58499908447266,7920,0.0,0.0,2023-06-23
1566,2023-06-23 10:00:00-04:00,89.62999725341797,89.83000183105469,89.58000183105469,89.75,19278,0.0,0.0,2023-06-23
1567,2023-06-23 10:05:00-04:00,89.75,89.80000305175781,89.62999725341797,89.70999908447266,60699,0.0,0.0,2023-06-23
1568,2023-06-23 10:10:00-04:00,89.76000213623047,89.76000213623047,89.52999877929688,89.66999816894531,37310,0.0,0.0,2023-06-23
1569,2023-06-23 10:15:00-04:00,89.66500091552734,89.7300033569336,89.58000183105469,89.6500015258789,19018,0.0,0.0,2023-06-23
1570,2023-06-23 10:20:00-04:00,89.62999725341797,89.72000122070312,89.55000305175781,89.67500305175781,14771,0.0,0.0,2023-06-23
1571,2023-06-23 10:25:00-04:00,89.68000030517578,89.76000213623047,89.54000091552734,89.58499908447266,72949,0.0,0.0,2023-06-23
1572,2023-06-23 10:30:00-04:00,89.61000061035156,89.66999816894531,89.48500061035156,89.58999633789062,36413,0.0,0.0,2023-06-23
1573,2023-06-23 10:35:00-04:00,89.61000061035156,89.76499938964844,89.6050033569336,89.75,6618,0.0,0.0,2023-06-23
1574,2023-06-23 10:40:00-04:00,89.75,89.7699966430664,89.55999755859375,89.5999984741211,10186,0.0,0.0,2023-06-23
1575,2023-06-23 10:45:00-04:00,89.62999725341797,89.79000091552734,89.5999984741211,89.75599670410156,15695,0.0,0.0,2023-06-23
1576,2023-06-23 10:50:00-04:00,89.69000244140625,89.69000244140625,89.45999908447266,89.4800033569336,33635,0.0,0.0,2023-06-23
1577,2023-06-23 10:55:00-04:00,89.49530029296875,89.68000030517578,89.48500061035156,89.68000030517578,25053,0.0,0.0,2023-06-23
1578,2023-06-23 11:00:00-04:00,89.70999908447266,89.79000091552734,89.68000030517578,89.70999908447266,8758,0.0,0.0,2023-06-23
1579,2023-06-23 11:05:00-04:00,89.74500274658203,89.74500274658203,89.6500015258789,89.66999816894531,10899,0.0,0.0,2023-06-23
1580,2023-06-23 11:10:00-04:00,89.7300033569336,89.80999755859375,89.66000366210938,89.80000305175781,26373,0.0,0.0,2023-06-23
1581,2023-06-23 11:15:00-04:00,89.7699966430664,89.80000305175781,89.7300033569336,89.73999786376953,30997,0.0,0.0,2023-06-23
1582,2023-06-23 11:20:00-04:00,89.75,89.91999816894531,89.7300033569336,89.8949966430664,41650,0.0,0.0,2023-06-23
1583,2023-06-23 11:25:00-04:00,89.90499877929688,89.98999786376953,89.87000274658203,89.98999786376953,38355,0.0,0.0,2023-06-23
1584,2023-06-23 11:30:00-04:00,89.96499633789062,90.0999984741211,89.91000366210938,90.05500030517578,59362,0.0,0.0,2023-06-23
1585,2023-06-23 11:35:00-04:00,90.06500244140625,90.13999938964844,89.98999786376953,90.05000305175781,25645,0.0,0.0,2023-06-23
1586,2023-06-23 11:40:00-04:00,90.05999755859375,90.13860321044922,90.02999877929688,90.1050033569336,13107,0.0,0.0,2023-06-23
1587,2023-06-23 11:45:00-04:00,90.0999984741211,90.19999694824219,90.0999984741211,90.12999725341797,16637,0.0,0.0,2023-06-23
1588,2023-06-23 11:50:00-04:00,90.12999725341797,90.26000213623047,90.0999984741211,90.25,17098,0.0,0.0,2023-06-23
1589,2023-06-23 11:55:00-04:00,90.24500274658203,90.5,90.24500274658203,90.45999908447266,60890,0.0,0.0,2023-06-23
1590,2023-06-23 12:00:00-04:00,90.52999877929688,90.52999877929688,90.30999755859375,90.31999969482422,12573,0.0,0.0,2023-06-23
1591,2023-06-23 12:05:00-04:00,90.27999877929688,90.44999694824219,90.27999877929688,90.3550033569336,6175,0.0,0.0,2023-06-23
1592,2023-06-23 12:10:00-04:00,90.33000183105469,90.4000015258789,90.29000091552734,90.33999633789062,10524,0.0,0.0,2023-06-23
1593,2023-06-23 12:15:00-04:00,90.3550033569336,90.45999908447266,90.31999969482422,90.4000015258789,11651,0.0,0.0,2023-06-23
1594,2023-06-23 12:20:00-04:00,90.40299987792969,90.43499755859375,90.3499984741211,90.41000366210938,7368,0.0,0.0,2023-06-23
1595,2023-06-23 12:25:00-04:00,90.41000366210938,90.42500305175781,90.33000183105469,90.36000061035156,8200,0.0,0.0,2023-06-23
1596,2023-06-23 12:30:00-04:00,90.36000061035156,90.36000061035156,90.20999908447266,90.24500274658203,9139,0.0,0.0,2023-06-23
1597,2023-06-23 12:35:00-04:00,90.24500274658203,90.26499938964844,90.22000122070312,90.23999786376953,6316,0.0,0.0,2023-06-23
1598,2023-06-23 12:40:00-04:00,90.27999877929688,90.29000091552734,90.08000183105469,90.16000366210938,24841,0.0,0.0,2023-06-23
1599,2023-06-23 12:45:00-04:00,90.1500015258789,90.22000122070312,90.01000213623047,90.12999725341797,30592,0.0,0.0,2023-06-23
1600,2023-06-23 12:50:00-04:00,90.0999984741211,90.1500015258789,89.97000122070312,90.05500030517578,36621,0.0,0.0,2023-06-23
1601,2023-06-23 12:55:00-04:00,90.05500030517578,90.20999908447266,90.0,90.1500015258789,30191,0.0,0.0,2023-06-23
1602,2023-06-23 13:00:00-04:00,90.1500015258789,90.31999969482422,90.12999725341797,90.2249984741211,9189,0.0,0.0,2023-06-23
1603,2023-06-23 13:05:00-04:00,90.2249984741211,90.2301025390625,90.11000061035156,90.1500015258789,7660,0.0,0.0,2023-06-23
1604,2023-06-23 13:10:00-04:00,90.1500015258789,90.2699966430664,90.1500015258789,90.2699966430664,9890,0.0,0.0,2023-06-23
1605,2023-06-23 13:15:00-04:00,90.27999877929688,90.27999877929688,90.11000061035156,90.23500061035156,13759,0.0,0.0,2023-06-23
1606,2023-06-23 13:20:00-04:00,90.26000213623047,90.31500244140625,90.23999786376953,90.30999755859375,7933,0.0,0.0,2023-06-23
1607,2023-06-23 13:25:00-04:00,90.29499816894531,90.38999938964844,90.29499816894531,90.30000305175781,9524,0.0,0.0,2023-06-23
1608,2023-06-23 13:30:00-04:00,90.30500030517578,90.33000183105469,90.22000122070312,90.28500366210938,10980,0.0,0.0,2023-06-23
1609,2023-06-23 13:35:00-04:00,90.28500366210938,90.5,90.2699966430664,90.4800033569336,19294,0.0,0.0,2023-06-23
1610,2023-06-23 13:40:00-04:00,90.4800033569336,90.5999984741211,90.47000122070312,90.5,30269,0.0,0.0,2023-06-23
1611,2023-06-23 13:45:00-04:00,90.54000091552734,90.56999969482422,90.4000015258789,90.43499755859375,34771,0.0,0.0,2023-06-23
1612,2023-06-23 13:50:00-04:00,90.43000030517578,90.51000213623047,90.37000274658203,90.48500061035156,11222,0.0,0.0,2023-06-23
1613,2023-06-23 13:55:00-04:00,90.48500061035156,90.5,90.38999938964844,90.44499969482422,18512,0.0,0.0,2023-06-23
1614,2023-06-23 14:00:00-04:00,90.44000244140625,90.44499969482422,90.18840026855469,90.19999694824219,12159,0.0,0.0,2023-06-23
1615,2023-06-23 14:05:00-04:00,90.20500183105469,90.24500274658203,90.18000030517578,90.19000244140625,9581,0.0,0.0,2023-06-23
1616,2023-06-23 14:10:00-04:00,90.19999694824219,90.37999725341797,90.19000244140625,90.3499984741211,32334,0.0,0.0,2023-06-23
1617,2023-06-23 14:15:00-04:00,90.33999633789062,90.38999938964844,90.26499938964844,90.30000305175781,24265,0.0,0.0,2023-06-23
1618,2023-06-23 14:20:00-04:00,90.26499938964844,90.30000305175781,90.22000122070312,90.30000305175781,7302,0.0,0.0,2023-06-23
1619,2023-06-23 14:25:00-04:00,90.31999969482422,90.4000015258789,90.26000213623047,90.27999877929688,13558,0.0,0.0,2023-06-23
1620,2023-06-23 14:30:00-04:00,90.25,90.25,90.0,90.0,10698,0.0,0.0,2023-06-23
1621,2023-06-23 14:35:00-04:00,90.0199966430664,90.12000274658203,89.9000015258789,89.98999786376953,28140,0.0,0.0,2023-06-23
1622,2023-06-23 14:40:00-04:00,89.99500274658203,90.0199966430664,89.94000244140625,90.0,17432,0.0,0.0,2023-06-23
1623,2023-06-23 14:45:00-04:00,89.95999908447266,89.9800033569336,89.86499786376953,89.94999694824219,11337,0.0,0.0,2023-06-23
1624,2023-06-23 14:50:00-04:00,89.93499755859375,89.95999908447266,89.86000061035156,89.87000274658203,11976,0.0,0.0,2023-06-23
1625,2023-06-23 14:55:00-04:00,89.88500213623047,90.02999877929688,89.87000274658203,90.02999877929688,18510,0.0,0.0,2023-06-23
1626,2023-06-23 15:00:00-04:00,90.0519027709961,90.05999755859375,89.95999908447266,90.01000213623047,13802,0.0,0.0,2023-06-23
1627,2023-06-23 15:05:00-04:00,90.00499725341797,90.17500305175781,89.91999816894531,90.16999816894531,17717,0.0,0.0,2023-06-23
1628,2023-06-23 15:10:00-04:00,90.19000244140625,90.22000122070312,90.08000183105469,90.125,11680,0.0,0.0,2023-06-23
1629,2023-06-23 15:15:00-04:00,90.12000274658203,90.16999816894531,90.10359954833984,90.12000274658203,21021,0.0,0.0,2023-06-23
1630,2023-06-23 15:20:00-04:00,90.12210083007812,90.18499755859375,90.04000091552734,90.08000183105469,18717,0.0,0.0,2023-06-23
1631,2023-06-23 15:25:00-04:00,90.05000305175781,90.16000366210938,90.0,90.11000061035156,14875,0.0,0.0,2023-06-23
1632,2023-06-23 15:30:00-04:00,90.1500015258789,90.2699966430664,90.1500015258789,90.23500061035156,18920,0.0,0.0,2023-06-23
1633,2023-06-23 15:35:00-04:00,90.25,90.43000030517578,90.25,90.41999816894531,29462,0.0,0.0,2023-06-23
1634,2023-06-23 15:40:00-04:00,90.43000030517578,90.51000213623047,90.37000274658203,90.4749984741211,31734,0.0,0.0,2023-06-23
1635,2023-06-23 15:45:00-04:00,90.47000122070312,90.54000091552734,90.37000274658203,90.45500183105469,70464,0.0,0.0,2023-06-23
1636,2023-06-23 15:50:00-04:00,90.44000244140625,90.69999694824219,90.27999877929688,90.48999786376953,145655,0.0,0.0,2023-06-23
1637,2023-06-23 15:55:00-04:00,90.5199966430664,90.55999755859375,90.27999877929688,90.31999969482422,236630,0.0,0.0,2023-06-23
1638,2023-06-26 09:30:00-04:00,90.25,90.36000061035156,89.69000244140625,89.93000030517578,23399,0.0,0.0,2023-06-26
1639,2023-06-26 09:35:00-04:00,90.01000213623047,90.18000030517578,89.98999786376953,90.16000366210938,39601,0.0,0.0,2023-06-26
1640,2023-06-26 09:40:00-04:00,90.12000274658203,90.34500122070312,90.08000183105469,90.34500122070312,8647,0.0,0.0,2023-06-26
1641,2023-06-26 09:45:00-04:00,90.33000183105469,90.62000274658203,90.29000091552734,90.41999816894531,11450,0.0,0.0,2023-06-26
1642,2023-06-26 09:50:00-04:00,90.44499969482422,90.68000030517578,90.41300201416016,90.55000305175781,16654,0.0,0.0,2023-06-26
1643,2023-06-26 09:55:00-04:00,90.55999755859375,90.75,90.43000030517578,90.70999908447266,15226,0.0,0.0,2023-06-26
1644,2023-06-26 10:00:00-04:00,90.68000030517578,90.94999694824219,90.68000030517578,90.94499969482422,42313,0.0,0.0,2023-06-26
1645,2023-06-26 10:05:00-04:00,90.94000244140625,90.94000244140625,90.80999755859375,90.83499908447266,16459,0.0,0.0,2023-06-26
1646,2023-06-26 10:10:00-04:00,90.79000091552734,90.94000244140625,90.7300033569336,90.94000244140625,19977,0.0,0.0,2023-06-26
1647,2023-06-26 10:15:00-04:00,90.91500091552734,91.19999694824219,90.91500091552734,91.16999816894531,54554,0.0,0.0,2023-06-26
1648,2023-06-26 10:20:00-04:00,91.1500015258789,91.16999816894531,90.91999816894531,90.9800033569336,14074,0.0,0.0,2023-06-26
1649,2023-06-26 10:25:00-04:00,90.95999908447266,90.95999908447266,90.68000030517578,90.75,24593,0.0,0.0,2023-06-26
1650,2023-06-26 10:30:00-04:00,90.75,90.7509994506836,90.55699920654297,90.68000030517578,26083,0.0,0.0,2023-06-26
1651,2023-06-26 10:35:00-04:00,90.63999938964844,90.80000305175781,90.58000183105469,90.58540344238281,11710,0.0,0.0,2023-06-26
1652,2023-06-26 10:40:00-04:00,90.54000091552734,90.55000305175781,90.44000244140625,90.49500274658203,8462,0.0,0.0,2023-06-26
1653,2023-06-26 10:45:00-04:00,90.5199966430664,90.58999633789062,90.44000244140625,90.58999633789062,14363,0.0,0.0,2023-06-26
1654,2023-06-26 10:50:00-04:00,90.58999633789062,90.73999786376953,90.56999969482422,90.69999694824219,12113,0.0,0.0,2023-06-26
1655,2023-06-26 10:55:00-04:00,90.69999694824219,90.80000305175781,90.66000366210938,90.75,32495,0.0,0.0,2023-06-26
1656,2023-06-26 11:00:00-04:00,90.72000122070312,90.83000183105469,90.69999694824219,90.81999969482422,12988,0.0,0.0,2023-06-26
1657,2023-06-26 11:05:00-04:00,90.77999877929688,90.91000366210938,90.77999877929688,90.8949966430664,12759,0.0,0.0,2023-06-26
1658,2023-06-26 11:10:00-04:00,90.9000015258789,90.91000366210938,90.8499984741211,90.86100006103516,24354,0.0,0.0,2023-06-26
1659,2023-06-26 11:15:00-04:00,90.88999938964844,90.91999816894531,90.73999786376953,90.76000213623047,12622,0.0,0.0,2023-06-26
1660,2023-06-26 11:20:00-04:00,90.76000213623047,90.88999938964844,90.7509994506836,90.79499816894531,15517,0.0,0.0,2023-06-26
1661,2023-06-26 11:25:00-04:00,90.79499816894531,90.91500091552734,90.79499816894531,90.91500091552734,9319,0.0,0.0,2023-06-26
1662,2023-06-26 11:30:00-04:00,90.91500091552734,90.94000244140625,90.80999755859375,90.87000274658203,30473,0.0,0.0,2023-06-26
1663,2023-06-26 11:35:00-04:00,90.8499984741211,91.04000091552734,90.82499694824219,90.88999938964844,27078,0.0,0.0,2023-06-26
1664,2023-06-26 11:40:00-04:00,90.88999938964844,90.88999938964844,90.79499816894531,90.80000305175781,22269,0.0,0.0,2023-06-26
1665,2023-06-26 11:45:00-04:00,90.81999969482422,90.94000244140625,90.81999969482422,90.91999816894531,15765,0.0,0.0,2023-06-26
1666,2023-06-26 11:50:00-04:00,90.94000244140625,90.94999694824219,90.76000213623047,90.7699966430664,22844,0.0,0.0,2023-06-26
1667,2023-06-26 11:55:00-04:00,90.7699966430664,90.80999755859375,90.72000122070312,90.72000122070312,20866,0.0,0.0,2023-06-26
1668,2023-06-26 12:00:00-04:00,90.70999908447266,90.84989929199219,90.69499969482422,90.75,20805,0.0,0.0,2023-06-26
1669,2023-06-26 12:05:00-04:00,90.75,90.80000305175781,90.56999969482422,90.7699966430664,36526,0.0,0.0,2023-06-26
1670,2023-06-26 12:10:00-04:00,90.74500274658203,90.80000305175781,90.6500015258789,90.69499969482422,28763,0.0,0.0,2023-06-26
1671,2023-06-26 12:15:00-04:00,90.69499969482422,90.70999908447266,90.58000183105469,90.58000183105469,24165,0.0,0.0,2023-06-26
1672,2023-06-26 12:20:00-04:00,90.55000305175781,90.58999633789062,90.5199966430664,90.58999633789062,13949,0.0,0.0,2023-06-26
1673,2023-06-26 12:25:00-04:00,90.62000274658203,90.69999694824219,90.55000305175781,90.56500244140625,19990,0.0,0.0,2023-06-26
1674,2023-06-26 12:30:00-04:00,90.55999755859375,90.69000244140625,90.48500061035156,90.48500061035156,24527,0.0,0.0,2023-06-26
1675,2023-06-26 12:35:00-04:00,90.4749984741211,90.55000305175781,90.4749984741211,90.55000305175781,8274,0.0,0.0,2023-06-26
1676,2023-06-26 12:40:00-04:00,90.54000091552734,90.61000061035156,90.51000213623047,90.59500122070312,8964,0.0,0.0,2023-06-26
1677,2023-06-26 12:45:00-04:00,90.5999984741211,90.62000274658203,90.41000366210938,90.41999816894531,9861,0.0,0.0,2023-06-26
1678,2023-06-26 12:50:00-04:00,90.43000030517578,90.45999908447266,90.38999938964844,90.4000015258789,9745,0.0,0.0,2023-06-26
1679,2023-06-26 12:55:00-04:00,90.37999725341797,90.41000366210938,90.36000061035156,90.38999938964844,10527,0.0,0.0,2023-06-26
1680,2023-06-26 13:00:00-04:00,90.38999938964844,90.41000366210938,90.30999755859375,90.30999755859375,12395,0.0,0.0,2023-06-26
1681,2023-06-26 13:05:00-04:00,90.2699966430664,90.37999725341797,90.19999694824219,90.31999969482422,12541,0.0,0.0,2023-06-26
1682,2023-06-26 13:10:00-04:00,90.31999969482422,90.36000061035156,90.2699966430664,90.29499816894531,9930,0.0,0.0,2023-06-26
1683,2023-06-26 13:15:00-04:00,90.29000091552734,90.40499877929688,90.29000091552734,90.37999725341797,9961,0.0,0.0,2023-06-26
1684,2023-06-26 13:20:00-04:00,90.37999725341797,90.4800033569336,90.36000061035156,90.4000015258789,15512,0.0,0.0,2023-06-26
1685,2023-06-26 13:25:00-04:00,90.37000274658203,90.4800033569336,90.33999633789062,90.45999908447266,11152,0.0,0.0,2023-06-26
1686,2023-06-26 13:30:00-04:00,90.47000122070312,90.48999786376953,90.43000030517578,90.48999786376953,8710,0.0,0.0,2023-06-26
1687,2023-06-26 13:35:00-04:00,90.48999786376953,90.51000213623047,90.4000015258789,90.4000015258789,60060,0.0,0.0,2023-06-26
1688,2023-06-26 13:40:00-04:00,90.4000015258789,90.54000091552734,90.4000015258789,90.54000091552734,10061,0.0,0.0,2023-06-26
1689,2023-06-26 13:45:00-04:00,90.5199966430664,90.61000061035156,90.45999908447266,90.61000061035156,9537,0.0,0.0,2023-06-26
1690,2023-06-26 13:50:00-04:00,90.58999633789062,90.62000274658203,90.55500030517578,90.55500030517578,9876,0.0,0.0,2023-06-26
1691,2023-06-26 13:55:00-04:00,90.54000091552734,90.54000091552734,90.4749984741211,90.51000213623047,7315,0.0,0.0,2023-06-26
1692,2023-06-26 14:00:00-04:00,90.5,90.58999633789062,90.4800033569336,90.58000183105469,7004,0.0,0.0,2023-06-26
1693,2023-06-26 14:05:00-04:00,90.58999633789062,90.61499786376953,90.53500366210938,90.55000305175781,11253,0.0,0.0,2023-06-26
1694,2023-06-26 14:10:00-04:00,90.5385971069336,90.5999984741211,90.5385971069336,90.5999984741211,8672,0.0,0.0,2023-06-26
1695,2023-06-26 14:15:00-04:00,90.58999633789062,90.58999633789062,90.54000091552734,90.54000091552734,10425,0.0,0.0,2023-06-26
1696,2023-06-26 14:20:00-04:00,90.53500366210938,90.53500366210938,90.4800033569336,90.5199966430664,7588,0.0,0.0,2023-06-26
1697,2023-06-26 14:25:00-04:00,90.5199966430664,90.58999633789062,90.5199966430664,90.58999633789062,8726,0.0,0.0,2023-06-26
1698,2023-06-26 14:30:00-04:00,90.5999984741211,90.75,90.5999984741211,90.74500274658203,13118,0.0,0.0,2023-06-26
1699,2023-06-26 14:35:00-04:00,90.76000213623047,90.77999877929688,90.70999908447266,90.72000122070312,12471,0.0,0.0,2023-06-26
1700,2023-06-26 14:40:00-04:00,90.69999694824219,90.72000122070312,90.67500305175781,90.70999908447266,9311,0.0,0.0,2023-06-26
1701,2023-06-26 14:45:00-04:00,90.72000122070312,90.77999877929688,90.72000122070312,90.77999877929688,5504,0.0,0.0,2023-06-26
1702,2023-06-26 14:50:00-04:00,90.7699966430664,90.77999877929688,90.70999908447266,90.71939849853516,16914,0.0,0.0,2023-06-26
1703,2023-06-26 14:55:00-04:00,90.71499633789062,90.73500061035156,90.69999694824219,90.70999908447266,8281,0.0,0.0,2023-06-26
1704,2023-06-26 15:00:00-04:00,90.70999908447266,90.72000122070312,90.6449966430664,90.69499969482422,15974,0.0,0.0,2023-06-26
1705,2023-06-26 15:05:00-04:00,90.68000030517578,90.68000030517578,90.61499786376953,90.61499786376953,14224,0.0,0.0,2023-06-26
1706,2023-06-26 15:10:00-04:00,90.61499786376953,90.61499786376953,90.56999969482422,90.5999984741211,9058,0.0,0.0,2023-06-26
1707,2023-06-26 15:15:00-04:00,90.58999633789062,90.58999633789062,90.55999755859375,90.56999969482422,6574,0.0,0.0,2023-06-26
1708,2023-06-26 15:20:00-04:00,90.56999969482422,90.58999633789062,90.4800033569336,90.48999786376953,23341,0.0,0.0,2023-06-26
1709,2023-06-26 15:25:00-04:00,90.4800033569336,90.5,90.38999938964844,90.3949966430664,23430,0.0,0.0,2023-06-26
1710,2023-06-26 15:30:00-04:00,90.3949966430664,90.54000091552734,90.36000061035156,90.53500366210938,40429,0.0,0.0,2023-06-26
1711,2023-06-26 15:35:00-04:00,90.52999877929688,90.55999755859375,90.4800033569336,90.54000091552734,16634,0.0,0.0,2023-06-26
1712,2023-06-26 15:40:00-04:00,90.52999877929688,90.55000305175781,90.49500274658203,90.5,19216,0.0,0.0,2023-06-26
1713,2023-06-26 15:45:00-04:00,90.48999786376953,90.55000305175781,90.44999694824219,90.50499725341797,26057,0.0,0.0,2023-06-26
1714,2023-06-26 15:50:00-04:00,90.5,90.56999969482422,90.45999908447266,90.56999969482422,50289,0.0,0.0,2023-06-26
1715,2023-06-26 15:55:00-04:00,90.58000183105469,90.63999938964844,90.46499633789062,90.62999725341797,185285,0.0,0.0,2023-06-26
1716,2023-06-27 09:30:00-04:00,90.97000122070312,90.97000122070312,90.62999725341797,90.76499938964844,15800,0.0,0.0,2023-06-27
1717,2023-06-27 09:35:00-04:00,90.5999984741211,90.6449966430664,90.4219970703125,90.56500244140625,5537,0.0,0.0,2023-06-27
1718,2023-06-27 09:40:00-04:00,90.48999786376953,90.80000305175781,90.19999694824219,90.19999694824219,15023,0.0,0.0,2023-06-27
1719,2023-06-27 09:45:00-04:00,90.17500305175781,90.25,90.01000213623047,90.16999816894531,7299,0.0,0.0,2023-06-27
1720,2023-06-27 09:50:00-04:00,90.05999755859375,90.26000213623047,89.9800033569336,90.13999938964844,51732,0.0,0.0,2023-06-27
1721,2023-06-27 09:55:00-04:00,90.16999816894531,90.44999694824219,90.08999633789062,90.44999694824219,57861,0.0,0.0,2023-06-27
1722,2023-06-27 10:00:00-04:00,90.49500274658203,90.52999877929688,90.37000274658203,90.4000015258789,31671,0.0,0.0,2023-06-27
1723,2023-06-27 10:05:00-04:00,90.4000015258789,90.45999908447266,90.38999938964844,90.4000015258789,6257,0.0,0.0,2023-06-27
1724,2023-06-27 10:10:00-04:00,90.4000015258789,90.48999786376953,90.37000274658203,90.44999694824219,13170,0.0,0.0,2023-06-27
1725,2023-06-27 10:15:00-04:00,90.5,90.5999984741211,90.45999908447266,90.5999984741211,11081,0.0,0.0,2023-06-27
1726,2023-06-27 10:20:00-04:00,90.6050033569336,90.7699966430664,90.6050033569336,90.61000061035156,5399,0.0,0.0,2023-06-27
1727,2023-06-27 10:25:00-04:00,90.56999969482422,90.56999969482422,90.48999786376953,90.55000305175781,6204,0.0,0.0,2023-06-27
1728,2023-06-27 10:30:00-04:00,90.58999633789062,90.75,90.54000091552734,90.72000122070312,6703,0.0,0.0,2023-06-27
1729,2023-06-27 10:35:00-04:00,90.72000122070312,90.72000122070312,90.5999984741211,90.5999984741211,7087,0.0,0.0,2023-06-27
1730,2023-06-27 10:40:00-04:00,90.56999969482422,90.5999984741211,90.48999786376953,90.5,5180,0.0,0.0,2023-06-27
1731,2023-06-27 10:45:00-04:00,90.51499938964844,90.58999633789062,90.44999694824219,90.58999633789062,9915,0.0,0.0,2023-06-27
1732,2023-06-27 10:50:00-04:00,90.61000061035156,90.6500015258789,90.55000305175781,90.55000305175781,4367,0.0,0.0,2023-06-27
1733,2023-06-27 10:55:00-04:00,90.55000305175781,90.5636978149414,90.5199966430664,90.52999877929688,2608,0.0,0.0,2023-06-27
1734,2023-06-27 11:00:00-04:00,90.52999877929688,90.58000183105469,90.49500274658203,90.52999877929688,7277,0.0,0.0,2023-06-27
1735,2023-06-27 11:05:00-04:00,90.5,90.5999984741211,90.5,90.54499816894531,5829,0.0,0.0,2023-06-27
1736,2023-06-27 11:10:00-04:00,90.5199966430664,90.52999877929688,90.4800033569336,90.5199966430664,8106,0.0,0.0,2023-06-27
1737,2023-06-27 11:15:00-04:00,90.4800033569336,90.58000183105469,90.4800033569336,90.5,5751,0.0,0.0,2023-06-27
1738,2023-06-27 11:20:00-04:00,90.5,90.5,90.4000015258789,90.44499969482422,5548,0.0,0.0,2023-06-27
1739,2023-06-27 11:25:00-04:00,90.41999816894531,90.48999786376953,90.37999725341797,90.43000030517578,21248,0.0,0.0,2023-06-27
1740,2023-06-27 11:30:00-04:00,90.44999694824219,90.5,90.41999816894531,90.44000244140625,8505,0.0,0.0,2023-06-27
1741,2023-06-27 11:35:00-04:00,90.5,90.58000183105469,90.47000122070312,90.58000183105469,2978,0.0,0.0,2023-06-27
1742,2023-06-27 11:40:00-04:00,90.58499908447266,90.58499908447266,90.31620025634766,90.37000274658203,5522,0.0,0.0,2023-06-27
1743,2023-06-27 11:45:00-04:00,90.44000244140625,90.48999786376953,90.41000366210938,90.4800033569336,6491,0.0,0.0,2023-06-27
1744,2023-06-27 11:50:00-04:00,90.46499633789062,90.54000091552734,90.44999694824219,90.4749984741211,7333,0.0,0.0,2023-06-27
1745,2023-06-27 11:55:00-04:00,90.4800033569336,90.50749969482422,90.39009857177734,90.39009857177734,4532,0.0,0.0,2023-06-27
1746,2023-06-27 12:00:00-04:00,90.4000015258789,90.44000244140625,90.38999938964844,90.4000015258789,6495,0.0,0.0,2023-06-27
1747,2023-06-27 12:05:00-04:00,90.4000015258789,90.40499877929688,90.30000305175781,90.31999969482422,6099,0.0,0.0,2023-06-27
1748,2023-06-27 12:10:00-04:00,90.33999633789062,90.38999938964844,90.33000183105469,90.375,7576,0.0,0.0,2023-06-27
1749,2023-06-27 12:15:00-04:00,90.36000061035156,90.37999725341797,90.33000183105469,90.34500122070312,5166,0.0,0.0,2023-06-27
1750,2023-06-27 12:20:00-04:00,90.33000183105469,90.36000061035156,90.24500274658203,90.36000061035156,9670,0.0,0.0,2023-06-27
1751,2023-06-27 12:25:00-04:00,90.3499984741211,90.44000244140625,90.33000183105469,90.36000061035156,60829,0.0,0.0,2023-06-27
1752,2023-06-27 12:30:00-04:00,90.37999725341797,90.44999694824219,90.3550033569336,90.44499969482422,3667,0.0,0.0,2023-06-27
1753,2023-06-27 12:35:00-04:00,90.44499969482422,90.56999969482422,90.44499969482422,90.48999786376953,19919,0.0,0.0,2023-06-27
1754,2023-06-27 12:40:00-04:00,90.44999694824219,90.48999786376953,90.38999938964844,90.45999908447266,47404,0.0,0.0,2023-06-27
1755,2023-06-27 12:45:00-04:00,90.51000213623047,90.51000213623047,90.44000244140625,90.47000122070312,3545,0.0,0.0,2023-06-27
1756,2023-06-27 12:50:00-04:00,90.44999694824219,90.52999877929688,90.43000030517578,90.47000122070312,8850,0.0,0.0,2023-06-27
1757,2023-06-27 12:55:00-04:00,90.44999694824219,90.48999786376953,90.36499786376953,90.41000366210938,7224,0.0,0.0,2023-06-27
1758,2023-06-27 13:00:00-04:00,90.4000015258789,90.42500305175781,90.3499984741211,90.42500305175781,6712,0.0,0.0,2023-06-27
1759,2023-06-27 13:05:00-04:00,90.37999725341797,90.4000015258789,90.3550033569336,90.4000015258789,6135,0.0,0.0,2023-06-27
1760,2023-06-27 13:10:00-04:00,90.37999725341797,90.4000015258789,90.37999725341797,90.4000015258789,2200,0.0,0.0,2023-06-27
1761,2023-06-27 13:15:00-04:00,90.37999725341797,90.47000122070312,90.37999725341797,90.47000122070312,12831,0.0,0.0,2023-06-27
1762,2023-06-27 13:20:00-04:00,90.48999786376953,90.68000030517578,90.4800033569336,90.68000030517578,7332,0.0,0.0,2023-06-27
1763,2023-06-27 13:25:00-04:00,90.68000030517578,90.69999694824219,90.61000061035156,90.62000274658203,12802,0.0,0.0,2023-06-27
1764,2023-06-27 13:30:00-04:00,90.63999938964844,90.7300033569336,90.63999938964844,90.7300033569336,4420,0.0,0.0,2023-06-27
1765,2023-06-27 13:35:00-04:00,90.75,90.83000183105469,90.66999816894531,90.6989974975586,19344,0.0,0.0,2023-06-27
1766,2023-06-27 13:40:00-04:00,90.69999694824219,90.7300033569336,90.66000366210938,90.69999694824219,5834,0.0,0.0,2023-06-27
1767,2023-06-27 13:45:00-04:00,90.72000122070312,90.7699966430664,90.69000244140625,90.7300033569336,23485,0.0,0.0,2023-06-27
1768,2023-06-27 13:50:00-04:00,90.73500061035156,90.7699966430664,90.69000244140625,90.73500061035156,8617,0.0,0.0,2023-06-27
1769,2023-06-27 13:55:00-04:00,90.72000122070312,90.7300033569336,90.6500015258789,90.69999694824219,7992,0.0,0.0,2023-06-27
1770,2023-06-27 14:00:00-04:00,90.70179748535156,90.73999786376953,90.70179748535156,90.70999908447266,6104,0.0,0.0,2023-06-27
1771,2023-06-27 14:05:00-04:00,90.69999694824219,90.7300033569336,90.68000030517578,90.70999908447266,11212,0.0,0.0,2023-06-27
1772,2023-06-27 14:10:00-04:00,90.72000122070312,90.83699798583984,90.69999694824219,90.83699798583984,5689,0.0,0.0,2023-06-27
1773,2023-06-27 14:15:00-04:00,90.80470275878906,90.81999969482422,90.80000305175781,90.80500030517578,5358,0.0,0.0,2023-06-27
1774,2023-06-27 14:20:00-04:00,90.80500030517578,90.8499984741211,90.79000091552734,90.83499908447266,6375,0.0,0.0,2023-06-27
1775,2023-06-27 14:25:00-04:00,90.81999969482422,90.83000183105469,90.70999908447266,90.76000213623047,10074,0.0,0.0,2023-06-27
1776,2023-06-27 14:30:00-04:00,90.76000213623047,90.76000213623047,90.66000366210938,90.66000366210938,7229,0.0,0.0,2023-06-27
1777,2023-06-27 14:35:00-04:00,90.68000030517578,90.7300033569336,90.6500015258789,90.7300033569336,7178,0.0,0.0,2023-06-27
1778,2023-06-27 14:40:00-04:00,90.70500183105469,90.7300033569336,90.69999694824219,90.7300033569336,4426,0.0,0.0,2023-06-27
1779,2023-06-27 14:45:00-04:00,90.7300033569336,90.80999755859375,90.72000122070312,90.80999755859375,15110,0.0,0.0,2023-06-27
1780,2023-06-27 14:50:00-04:00,90.80999755859375,90.9000015258789,90.80000305175781,90.9000015258789,11968,0.0,0.0,2023-06-27
1781,2023-06-27 14:55:00-04:00,90.91999816894531,90.95999908447266,90.8949966430664,90.94000244140625,14528,0.0,0.0,2023-06-27
1782,2023-06-27 15:00:00-04:00,90.94999694824219,91.01499938964844,90.93000030517578,90.98999786376953,18695,0.0,0.0,2023-06-27
1783,2023-06-27 15:05:00-04:00,90.98999786376953,91.01000213623047,90.80999755859375,90.83999633789062,18074,0.0,0.0,2023-06-27
1784,2023-06-27 15:10:00-04:00,90.83999633789062,90.86000061035156,90.7300033569336,90.83999633789062,12991,0.0,0.0,2023-06-27
1785,2023-06-27 15:15:00-04:00,90.87570190429688,90.93499755859375,90.87570190429688,90.8949966430664,7526,0.0,0.0,2023-06-27
1786,2023-06-27 15:20:00-04:00,90.87000274658203,90.9000015258789,90.81999969482422,90.83499908447266,12258,0.0,0.0,2023-06-27
1787,2023-06-27 15:25:00-04:00,90.83999633789062,90.93000030517578,90.83999633789062,90.8949966430664,17088,0.0,0.0,2023-06-27
1788,2023-06-27 15:30:00-04:00,90.87999725341797,90.91000366210938,90.80999755859375,90.80999755859375,18382,0.0,0.0,2023-06-27
1789,2023-06-27 15:35:00-04:00,90.80000305175781,90.875,90.80000305175781,90.875,14999,0.0,0.0,2023-06-27
1790,2023-06-27 15:40:00-04:00,90.875,90.91500091552734,90.86000061035156,90.91500091552734,15651,0.0,0.0,2023-06-27
1791,2023-06-27 15:45:00-04:00,90.89530181884766,90.94000244140625,90.83999633789062,90.87000274658203,28443,0.0,0.0,2023-06-27
1792,2023-06-27 15:50:00-04:00,90.86000061035156,90.86000061035156,90.69999694824219,90.7699966430664,51747,0.0,0.0,2023-06-27
1793,2023-06-27 15:55:00-04:00,90.7699966430664,90.86000061035156,90.66000366210938,90.86000061035156,170178,0.0,0.0,2023-06-27
1794,2023-06-28 09:30:00-04:00,90.9000015258789,90.9000015258789,89.7699966430664,89.84500122070312,19445,0.0,0.0,2023-06-28
1795,2023-06-28 09:35:00-04:00,89.87000274658203,90.08000183105469,89.70999908447266,89.91000366210938,9785,0.0,0.0,2023-06-28
1796,2023-06-28 09:40:00-04:00,89.91000366210938,90.08499908447266,89.87000274658203,90.08499908447266,9323,0.0,0.0,2023-06-28
1797,2023-06-28 09:45:00-04:00,89.98999786376953,90.02999877929688,89.88999938964844,89.88999938964844,6442,0.0,0.0,2023-06-28
1798,2023-06-28 09:50:00-04:00,89.94000244140625,90.1218032836914,89.94000244140625,90.12000274658203,9363,0.0,0.0,2023-06-28
1799,2023-06-28 09:55:00-04:00,90.06999969482422,90.30979919433594,90.05999755859375,90.30979919433594,10858,0.0,0.0,2023-06-28
1800,2023-06-28 10:00:00-04:00,90.25,90.4800033569336,90.25,90.42500305175781,11853,0.0,0.0,2023-06-28
1801,2023-06-28 10:05:00-04:00,90.45999908447266,90.47000122070312,90.24500274658203,90.24500274658203,7386,0.0,0.0,2023-06-28
1802,2023-06-28 10:10:00-04:00,90.2699966430664,90.30999755859375,90.16000366210938,90.18499755859375,11504,0.0,0.0,2023-06-28
1803,2023-06-28 10:15:00-04:00,90.19499969482422,90.33999633789062,90.16999816894531,90.26499938964844,8212,0.0,0.0,2023-06-28
1804,2023-06-28 10:20:00-04:00,90.2300033569336,90.2699966430664,90.18000030517578,90.19999694824219,7791,0.0,0.0,2023-06-28
1805,2023-06-28 10:25:00-04:00,90.20999908447266,90.3550033569336,90.19000244140625,90.31700134277344,11397,0.0,0.0,2023-06-28
1806,2023-06-28 10:30:00-04:00,90.3499984741211,90.46900177001953,90.30999755859375,90.30999755859375,7939,0.0,0.0,2023-06-28
1807,2023-06-28 10:35:00-04:00,90.33999633789062,90.4000015258789,90.29000091552734,90.29000091552734,7450,0.0,0.0,2023-06-28
1808,2023-06-28 10:40:00-04:00,90.29000091552734,90.4000015258789,90.20999908447266,90.20999908447266,16853,0.0,0.0,2023-06-28
1809,2023-06-28 10:45:00-04:00,90.19499969482422,90.26000213623047,90.12999725341797,90.25900268554688,12370,0.0,0.0,2023-06-28
1810,2023-06-28 10:50:00-04:00,90.27999877929688,90.29000091552734,90.23999786376953,90.26000213623047,5900,0.0,0.0,2023-06-28
1811,2023-06-28 10:55:00-04:00,90.25,90.26899719238281,90.20999908447266,90.2300033569336,6746,0.0,0.0,2023-06-28
1812,2023-06-28 11:00:00-04:00,90.26000213623047,90.36000061035156,90.2300033569336,90.3550033569336,8968,0.0,0.0,2023-06-28
1813,2023-06-28 11:05:00-04:00,90.37000274658203,90.4800033569336,90.37000274658203,90.4800033569336,8196,0.0,0.0,2023-06-28
1814,2023-06-28 11:10:00-04:00,90.4749984741211,90.48999786376953,90.41500091552734,90.4749984741211,8390,0.0,0.0,2023-06-28
1815,2023-06-28 11:15:00-04:00,90.45999908447266,90.59500122070312,90.38999938964844,90.53500366210938,38078,0.0,0.0,2023-06-28
1816,2023-06-28 11:20:00-04:00,90.55000305175781,90.58999633789062,90.49500274658203,90.5199966430664,11272,0.0,0.0,2023-06-28
1817,2023-06-28 11:25:00-04:00,90.5199966430664,90.58000183105469,90.4749984741211,90.51499938964844,7376,0.0,0.0,2023-06-28
1818,2023-06-28 11:30:00-04:00,90.52999877929688,90.7300033569336,90.51499938964844,90.7300033569336,7515,0.0,0.0,2023-06-28
1819,2023-06-28 11:35:00-04:00,90.72000122070312,90.7699966430664,90.59500122070312,90.65499877929688,29181,0.0,0.0,2023-06-28
1820,2023-06-28 11:40:00-04:00,90.63999938964844,90.75900268554688,90.63999938964844,90.69999694824219,8584,0.0,0.0,2023-06-28
1821,2023-06-28 11:45:00-04:00,90.70999908447266,90.72000122070312,90.62000274658203,90.62999725341797,4883,0.0,0.0,2023-06-28
1822,2023-06-28 11:50:00-04:00,90.62000274658203,90.7300033569336,90.61499786376953,90.70500183105469,7534,0.0,0.0,2023-06-28
1823,2023-06-28 11:55:00-04:00,90.70500183105469,90.80999755859375,90.52999877929688,90.58000183105469,22673,0.0,0.0,2023-06-28
1824,2023-06-28 12:00:00-04:00,90.58000183105469,90.6500015258789,90.55999755859375,90.5999984741211,12891,0.0,0.0,2023-06-28
1825,2023-06-28 12:05:00-04:00,90.5999984741211,90.66000366210938,90.57499694824219,90.6449966430664,10121,0.0,0.0,2023-06-28
1826,2023-06-28 12:10:00-04:00,90.63999938964844,90.69999694824219,90.63999938964844,90.69000244140625,9447,0.0,0.0,2023-06-28
1827,2023-06-28 12:15:00-04:00,90.66999816894531,90.72000122070312,90.6449966430664,90.6449966430664,7017,0.0,0.0,2023-06-28
1828,2023-06-28 12:20:00-04:00,90.62999725341797,90.73999786376953,90.62000274658203,90.7249984741211,12383,0.0,0.0,2023-06-28
1829,2023-06-28 12:25:00-04:00,90.70999908447266,90.81700134277344,90.66999816894531,90.80500030517578,28244,0.0,0.0,2023-06-28
1830,2023-06-28 12:30:00-04:00,90.80500030517578,90.80500030517578,90.48999786376953,90.61000061035156,11582,0.0,0.0,2023-06-28
1831,2023-06-28 12:35:00-04:00,90.5999984741211,90.69000244140625,90.5999984741211,90.69000244140625,5221,0.0,0.0,2023-06-28
1832,2023-06-28 12:40:00-04:00,90.72899627685547,90.72899627685547,90.44999694824219,90.47000122070312,8194,0.0,0.0,2023-06-28
1833,2023-06-28 12:45:00-04:00,90.48999786376953,90.5999984741211,90.44999694824219,90.50499725341797,45116,0.0,0.0,2023-06-28
1834,2023-06-28 12:50:00-04:00,90.47000122070312,90.47000122070312,90.37000274658203,90.43000030517578,12117,0.0,0.0,2023-06-28
1835,2023-06-28 12:55:00-04:00,90.44499969482422,90.58000183105469,90.43000030517578,90.55000305175781,10300,0.0,0.0,2023-06-28
1836,2023-06-28 13:00:00-04:00,90.5790023803711,90.5790023803711,90.44999694824219,90.49500274658203,8967,0.0,0.0,2023-06-28
1837,2023-06-28 13:05:00-04:00,90.48999786376953,90.54000091552734,90.47000122070312,90.54000091552734,4642,0.0,0.0,2023-06-28
1838,2023-06-28 13:10:00-04:00,90.5,90.54000091552734,90.47000122070312,90.5199966430664,9679,0.0,0.0,2023-06-28
1839,2023-06-28 13:15:00-04:00,90.5,90.55999755859375,90.48999786376953,90.55999755859375,4943,0.0,0.0,2023-06-28
1840,2023-06-28 13:20:00-04:00,90.55999755859375,90.59700012207031,90.5,90.5,9838,0.0,0.0,2023-06-28
1841,2023-06-28 13:25:00-04:00,90.51899719238281,90.53500366210938,90.49500274658203,90.53500366210938,12873,0.0,0.0,2023-06-28
1842,2023-06-28 13:30:00-04:00,90.51010131835938,90.55000305175781,90.43000030517578,90.44999694824219,15789,0.0,0.0,2023-06-28
1843,2023-06-28 13:35:00-04:00,90.45999908447266,90.47000122070312,90.42500305175781,90.47000122070312,4072,0.0,0.0,2023-06-28
1844,2023-06-28 13:40:00-04:00,90.47000122070312,90.47000122070312,90.34500122070312,90.38999938964844,26183,0.0,0.0,2023-06-28
1845,2023-06-28 13:45:00-04:00,90.4021987915039,90.40499877929688,90.3499984741211,90.375,14336,0.0,0.0,2023-06-28
1846,2023-06-28 13:50:00-04:00,90.33000183105469,90.375,90.30999755859375,90.37000274658203,6355,0.0,0.0,2023-06-28
1847,2023-06-28 13:55:00-04:00,90.37999725341797,90.37999725341797,90.33499908447266,90.33499908447266,4548,0.0,0.0,2023-06-28
1848,2023-06-28 14:00:00-04:00,90.3499984741211,90.56500244140625,90.3499984741211,90.54499816894531,19280,0.0,0.0,2023-06-28
1849,2023-06-28 14:05:00-04:00,90.52999877929688,90.56999969482422,90.4749984741211,90.5698013305664,3474,0.0,0.0,2023-06-28
1850,2023-06-28 14:10:00-04:00,90.58999633789062,90.58999633789062,90.52999877929688,90.52999877929688,4362,0.0,0.0,2023-06-28
1851,2023-06-28 14:15:00-04:00,90.5199966430664,90.58999633789062,90.5199966430664,90.54000091552734,2720,0.0,0.0,2023-06-28
1852,2023-06-28 14:20:00-04:00,90.55500030517578,90.5999984741211,90.49500274658203,90.52999877929688,11822,0.0,0.0,2023-06-28
1853,2023-06-28 14:25:00-04:00,90.54000091552734,90.56999969482422,90.52999877929688,90.56999969482422,8041,0.0,0.0,2023-06-28
1854,2023-06-28 14:30:00-04:00,90.5199966430664,90.55000305175781,90.5199966430664,90.55000305175781,3788,0.0,0.0,2023-06-28
1855,2023-06-28 14:35:00-04:00,90.52999877929688,90.5999984741211,90.48999786376953,90.5,6982,0.0,0.0,2023-06-28
1856,2023-06-28 14:40:00-04:00,90.5,90.52999877929688,90.5,90.51000213623047,5633,0.0,0.0,2023-06-28
1857,2023-06-28 14:45:00-04:00,90.5,90.5199966430664,90.44000244140625,90.51000213623047,7761,0.0,0.0,2023-06-28
1858,2023-06-28 14:50:00-04:00,90.5,90.51000213623047,90.4800033569336,90.48999786376953,5195,0.0,0.0,2023-06-28
1859,2023-06-28 14:55:00-04:00,90.48999786376953,90.48999786376953,90.375,90.47000122070312,14663,0.0,0.0,2023-06-28
1860,2023-06-28 15:00:00-04:00,90.47000122070312,90.51000213623047,90.37000274658203,90.4000015258789,30541,0.0,0.0,2023-06-28
1861,2023-06-28 15:05:00-04:00,90.4000015258789,90.41999816894531,90.33000183105469,90.41000366210938,12417,0.0,0.0,2023-06-28
1862,2023-06-28 15:10:00-04:00,90.44000244140625,90.44999694824219,90.33000183105469,90.33000183105469,5873,0.0,0.0,2023-06-28
1863,2023-06-28 15:15:00-04:00,90.33000183105469,90.4000015258789,90.30000305175781,90.3949966430664,14593,0.0,0.0,2023-06-28
1864,2023-06-28 15:20:00-04:00,90.4000015258789,90.47000122070312,90.3499984741211,90.4625015258789,21451,0.0,0.0,2023-06-28
1865,2023-06-28 15:25:00-04:00,90.45999908447266,90.45999908447266,90.36000061035156,90.41000366210938,18271,0.0,0.0,2023-06-28
1866,2023-06-28 15:30:00-04:00,90.41999816894531,90.5,90.41999816894531,90.42500305175781,34487,0.0,0.0,2023-06-28
1867,2023-06-28 15:35:00-04:00,90.41000366210938,90.48999786376953,90.3949966430664,90.3949966430664,11885,0.0,0.0,2023-06-28
1868,2023-06-28 15:40:00-04:00,90.4000015258789,90.46499633789062,90.37999725341797,90.44999694824219,16879,0.0,0.0,2023-06-28
1869,2023-06-28 15:45:00-04:00,90.44000244140625,90.5,90.44000244140625,90.45999908447266,21857,0.0,0.0,2023-06-28
1870,2023-06-28 15:50:00-04:00,90.45999908447266,90.5199966430664,90.33999633789062,90.50499725341797,87364,0.0,0.0,2023-06-28
1871,2023-06-28 15:55:00-04:00,90.50499725341797,90.55999755859375,90.3499984741211,90.55999755859375,205327,0.0,0.0,2023-06-28
1872,2023-06-29 09:30:00-04:00,90.51000213623047,90.52999877929688,90.13999938964844,90.30999755859375,14021,0.0,0.0,2023-06-29
1873,2023-06-29 09:35:00-04:00,90.41500091552734,90.625,90.36000061035156,90.6050033569336,9143,0.0,0.0,2023-06-29
1874,2023-06-29 09:40:00-04:00,90.5999984741211,90.80000305175781,90.55000305175781,90.55999755859375,5706,0.0,0.0,2023-06-29
1875,2023-06-29 09:45:00-04:00,90.54000091552734,90.69000244140625,90.42500305175781,90.68000030517578,8353,0.0,0.0,2023-06-29
1876,2023-06-29 09:50:00-04:00,90.7300033569336,90.88999938964844,90.66000366210938,90.88999938964844,6875,0.0,0.0,2023-06-29
1877,2023-06-29 09:55:00-04:00,90.93000030517578,91.12999725341797,90.9000015258789,91.06680297851562,7836,0.0,0.0,2023-06-29
1878,2023-06-29 10:00:00-04:00,91.06999969482422,91.16000366210938,91.01000213623047,91.0999984741211,10273,0.0,0.0,2023-06-29
1879,2023-06-29 10:05:00-04:00,91.13500213623047,91.13500213623047,90.94999694824219,91.08999633789062,12432,0.0,0.0,2023-06-29
1880,2023-06-29 10:10:00-04:00,91.08999633789062,91.30999755859375,91.05999755859375,91.29209899902344,37470,0.0,0.0,2023-06-29
1881,2023-06-29 10:15:00-04:00,91.30000305175781,91.34500122070312,91.1812973022461,91.20500183105469,6160,0.0,0.0,2023-06-29
1882,2023-06-29 10:20:00-04:00,91.19000244140625,91.29000091552734,91.16999816894531,91.19000244140625,5064,0.0,0.0,2023-06-29
1883,2023-06-29 10:25:00-04:00,91.1500015258789,91.29000091552734,91.0999984741211,91.22000122070312,191353,0.0,0.0,2023-06-29
1884,2023-06-29 10:30:00-04:00,91.26000213623047,91.29000091552734,91.16000366210938,91.26499938964844,15348,0.0,0.0,2023-06-29
1885,2023-06-29 10:35:00-04:00,91.23500061035156,91.33000183105469,91.16000366210938,91.33000183105469,11430,0.0,0.0,2023-06-29
1886,2023-06-29 10:40:00-04:00,91.30999755859375,91.30999755859375,91.16000366210938,91.2699966430664,11527,0.0,0.0,2023-06-29
1887,2023-06-29 10:45:00-04:00,91.2300033569336,91.2699966430664,91.08000183105469,91.08000183105469,10650,0.0,0.0,2023-06-29
1888,2023-06-29 10:50:00-04:00,91.22000122070312,91.23999786376953,91.12000274658203,91.1500015258789,7111,0.0,0.0,2023-06-29
1889,2023-06-29 10:55:00-04:00,91.12000274658203,91.16999816894531,91.07499694824219,91.13999938964844,7782,0.0,0.0,2023-06-29
1890,2023-06-29 11:00:00-04:00,91.1500015258789,91.19999694824219,91.08999633789062,91.11000061035156,6565,0.0,0.0,2023-06-29
1891,2023-06-29 11:05:00-04:00,91.13999938964844,91.16999816894531,91.0999984741211,91.1050033569336,8307,0.0,0.0,2023-06-29
1892,2023-06-29 11:10:00-04:00,91.1050033569336,91.1050033569336,90.9800033569336,91.0,16379,0.0,0.0,2023-06-29
1893,2023-06-29 11:15:00-04:00,90.97010040283203,91.01000213623047,90.95500183105469,90.95500183105469,9628,0.0,0.0,2023-06-29
1894,2023-06-29 11:20:00-04:00,90.97000122070312,91.0,90.91999816894531,91.0,11380,0.0,0.0,2023-06-29
1895,2023-06-29 11:25:00-04:00,90.98999786376953,91.08000183105469,90.95999908447266,91.08000183105469,29088,0.0,0.0,2023-06-29
1896,2023-06-29 11:30:00-04:00,91.06999969482422,91.08000183105469,90.93000030517578,90.93000030517578,8523,0.0,0.0,2023-06-29
1897,2023-06-29 11:35:00-04:00,90.93000030517578,91.0,90.91999816894531,90.98500061035156,4803,0.0,0.0,2023-06-29
1898,2023-06-29 11:40:00-04:00,91.0,91.0199966430664,90.94999694824219,90.94999694824219,13182,0.0,0.0,2023-06-29
1899,2023-06-29 11:45:00-04:00,90.9749984741211,91.02999877929688,90.97000122070312,91.02999877929688,8697,0.0,0.0,2023-06-29
1900,2023-06-29 11:50:00-04:00,91.01000213623047,91.04499816894531,90.93000030517578,91.04499816894531,10657,0.0,0.0,2023-06-29
1901,2023-06-29 11:55:00-04:00,91.02999877929688,91.02999877929688,90.94000244140625,90.94000244140625,4631,0.0,0.0,2023-06-29
1902,2023-06-29 12:00:00-04:00,90.95999908447266,91.0199966430664,90.95999908447266,90.9800033569336,6063,0.0,0.0,2023-06-29
1903,2023-06-29 12:05:00-04:00,90.98500061035156,91.0,90.93000030517578,90.95999908447266,5862,0.0,0.0,2023-06-29
1904,2023-06-29 12:10:00-04:00,90.94000244140625,90.94999694824219,90.91999816894531,90.91999816894531,2749,0.0,0.0,2023-06-29
1905,2023-06-29 12:15:00-04:00,90.94000244140625,90.95999908447266,90.8499984741211,90.91000366210938,8076,0.0,0.0,2023-06-29
1906,2023-06-29 12:20:00-04:00,90.93000030517578,90.9800033569336,90.93000030517578,90.94999694824219,4817,0.0,0.0,2023-06-29
1907,2023-06-29 12:25:00-04:00,90.95500183105469,91.06999969482422,90.91999816894531,90.9800033569336,46861,0.0,0.0,2023-06-29
1908,2023-06-29 12:30:00-04:00,90.9800033569336,91.0199966430664,90.86000061035156,91.0199966430664,4475,0.0,0.0,2023-06-29
1909,2023-06-29 12:35:00-04:00,91.00499725341797,91.0250015258789,90.92500305175781,90.92500305175781,7364,0.0,0.0,2023-06-29
1910,2023-06-29 12:40:00-04:00,90.88999938964844,91.0,90.87999725341797,90.94999694824219,15540,0.0,0.0,2023-06-29
1911,2023-06-29 12:45:00-04:00,91.01000213623047,91.13999938964844,90.97000122070312,91.09500122070312,20123,0.0,0.0,2023-06-29
1912,2023-06-29 12:50:00-04:00,91.08999633789062,91.08999633789062,90.9800033569336,91.01000213623047,4868,0.0,0.0,2023-06-29
1913,2023-06-29 12:55:00-04:00,91.0199966430664,91.05500030517578,90.91999816894531,90.9800033569336,9430,0.0,0.0,2023-06-29
1914,2023-06-29 13:00:00-04:00,91.0,91.0,90.88999938964844,90.9000015258789,5176,0.0,0.0,2023-06-29
1915,2023-06-29 13:05:00-04:00,90.9000015258789,90.9000015258789,90.73999786376953,90.83000183105469,15812,0.0,0.0,2023-06-29
1916,2023-06-29 13:10:00-04:00,90.81999969482422,90.95999908447266,90.77999877929688,90.94000244140625,20446,0.0,0.0,2023-06-29
1917,2023-06-29 13:15:00-04:00,90.93499755859375,91.0,90.93000030517578,90.94999694824219,3657,0.0,0.0,2023-06-29
1918,2023-06-29 13:20:00-04:00,90.93499755859375,90.94000244140625,90.83999633789062,90.83999633789062,7559,0.0,0.0,2023-06-29
1919,2023-06-29 13:25:00-04:00,90.83999633789062,90.9800033569336,90.83000183105469,90.9800033569336,6933,0.0,0.0,2023-06-29
1920,2023-06-29 13:30:00-04:00,91.0,91.0,90.80999755859375,90.8499984741211,10304,0.0,0.0,2023-06-29
1921,2023-06-29 13:35:00-04:00,90.87000274658203,90.91999816894531,90.8550033569336,90.88999938964844,9599,0.0,0.0,2023-06-29
1922,2023-06-29 13:40:00-04:00,90.93000030517578,91.0,90.9000015258789,90.91999816894531,7932,0.0,0.0,2023-06-29
1923,2023-06-29 13:45:00-04:00,90.91000366210938,90.97000122070312,90.87000274658203,90.9000015258789,5959,0.0,0.0,2023-06-29
1924,2023-06-29 13:50:00-04:00,90.88500213623047,90.93000030517578,90.8499984741211,90.91000366210938,5274,0.0,0.0,2023-06-29
1925,2023-06-29 13:55:00-04:00,90.91999816894531,91.01000213623047,90.87000274658203,90.88500213623047,22092,0.0,0.0,2023-06-29
1926,2023-06-29 14:00:00-04:00,90.9000015258789,90.9000015258789,90.83999633789062,90.87000274658203,19972,0.0,0.0,2023-06-29
1927,2023-06-29 14:05:00-04:00,90.8499984741211,90.86499786376953,90.68000030517578,90.72000122070312,35212,0.0,0.0,2023-06-29
1928,2023-06-29 14:10:00-04:00,90.7699966430664,90.87999725341797,90.7699966430664,90.8499984741211,64032,0.0,0.0,2023-06-29
1929,2023-06-29 14:15:00-04:00,90.8499984741211,90.95999908447266,90.83999633789062,90.91999816894531,9340,0.0,0.0,2023-06-29
1930,2023-06-29 14:20:00-04:00,90.9800033569336,91.02999877929688,90.94000244140625,90.94000244140625,23581,0.0,0.0,2023-06-29
1931,2023-06-29 14:25:00-04:00,90.93499755859375,90.94000244140625,90.88999938964844,90.8949966430664,6099,0.0,0.0,2023-06-29
1932,2023-06-29 14:30:00-04:00,90.87999725341797,90.90499877929688,90.83999633789062,90.86000061035156,9124,0.0,0.0,2023-06-29
1933,2023-06-29 14:35:00-04:00,90.88500213623047,90.91000366210938,90.87000274658203,90.87999725341797,6921,0.0,0.0,2023-06-29
1934,2023-06-29 14:40:00-04:00,90.87999725341797,90.87999725341797,90.69499969482422,90.7300033569336,12270,0.0,0.0,2023-06-29
1935,2023-06-29 14:45:00-04:00,90.76499938964844,90.83000183105469,90.76000213623047,90.76000213623047,8979,0.0,0.0,2023-06-29
1936,2023-06-29 14:50:00-04:00,90.75,90.81999969482422,90.72000122070312,90.80500030517578,7807,0.0,0.0,2023-06-29
1937,2023-06-29 14:55:00-04:00,90.80500030517578,90.8499984741211,90.79000091552734,90.81999969482422,10330,0.0,0.0,2023-06-29
1938,2023-06-29 15:00:00-04:00,90.8499984741211,90.91899871826172,90.83000183105469,90.83000183105469,14383,0.0,0.0,2023-06-29
1939,2023-06-29 15:05:00-04:00,90.8550033569336,90.91000366210938,90.83999633789062,90.9000015258789,7987,0.0,0.0,2023-06-29
1940,2023-06-29 15:10:00-04:00,90.91000366210938,91.0,90.86000061035156,90.96499633789062,12206,0.0,0.0,2023-06-29
1941,2023-06-29 15:15:00-04:00,90.97000122070312,91.00499725341797,90.91999816894531,90.93499755859375,8818,0.0,0.0,2023-06-29
1942,2023-06-29 15:20:00-04:00,90.9478988647461,91.0,90.87999725341797,90.94000244140625,17551,0.0,0.0,2023-06-29
1943,2023-06-29 15:25:00-04:00,90.94499969482422,90.94499969482422,90.87999725341797,90.9000015258789,90850,0.0,0.0,2023-06-29
1944,2023-06-29 15:30:00-04:00,90.9000015258789,90.91500091552734,90.84660339355469,90.91500091552734,24745,0.0,0.0,2023-06-29
1945,2023-06-29 15:35:00-04:00,90.91500091552734,90.93000030517578,90.80000305175781,90.80999755859375,19162,0.0,0.0,2023-06-29
1946,2023-06-29 15:40:00-04:00,90.80000305175781,90.83000183105469,90.73999786376953,90.73999786376953,16493,0.0,0.0,2023-06-29
1947,2023-06-29 15:45:00-04:00,90.7300033569336,90.83999633789062,90.7300033569336,90.7699966430664,24588,0.0,0.0,2023-06-29
1948,2023-06-29 15:50:00-04:00,90.76000213623047,90.93000030517578,90.75,90.87000274658203,60594,0.0,0.0,2023-06-29
1949,2023-06-29 15:55:00-04:00,90.87000274658203,90.94999694824219,90.8499984741211,90.86000061035156,140823,0.0,0.0,2023-06-29
1950,2023-06-30 09:30:00-04:00,92.05000305175781,92.29000091552734,91.3499984741211,91.36000061035156,55333,0.0,0.0,2023-06-30
1951,2023-06-30 09:35:00-04:00,91.3499984741211,91.79000091552734,91.3499984741211,91.41000366210938,35000,0.0,0.0,2023-06-30
1952,2023-06-30 09:40:00-04:00,91.4000015258789,91.56999969482422,91.38999938964844,91.48500061035156,23249,0.0,0.0,2023-06-30
1953,2023-06-30 09:45:00-04:00,91.47000122070312,91.8949966430664,91.41999816894531,91.8949966430664,15860,0.0,0.0,2023-06-30
1954,2023-06-30 09:50:00-04:00,91.90499877929688,92.1050033569336,91.79660034179688,91.79660034179688,20771,0.0,0.0,2023-06-30
1955,2023-06-30 09:55:00-04:00,91.80000305175781,91.95999908447266,91.77999877929688,91.86000061035156,21109,0.0,0.0,2023-06-30
1956,2023-06-30 10:00:00-04:00,91.86000061035156,91.94000244140625,91.83999633789062,91.91000366210938,15363,0.0,0.0,2023-06-30
1957,2023-06-30 10:05:00-04:00,91.91000366210938,91.94000244140625,91.8499984741211,91.93499755859375,28639,0.0,0.0,2023-06-30
1958,2023-06-30 10:10:00-04:00,91.93499755859375,91.93499755859375,91.80999755859375,91.83000183105469,6388,0.0,0.0,2023-06-30
1959,2023-06-30 10:15:00-04:00,91.80999755859375,91.81999969482422,91.66000366210938,91.73999786376953,6335,0.0,0.0,2023-06-30
1960,2023-06-30 10:20:00-04:00,91.68000030517578,91.80000305175781,91.68000030517578,91.7354965209961,6427,0.0,0.0,2023-06-30
1961,2023-06-30 10:25:00-04:00,91.70999908447266,91.80500030517578,91.70999908447266,91.73999786376953,31359,0.0,0.0,2023-06-30
1962,2023-06-30 10:30:00-04:00,91.75499725341797,91.80999755859375,91.66999816894531,91.70999908447266,9132,0.0,0.0,2023-06-30
1963,2023-06-30 10:35:00-04:00,91.66000366210938,91.66000366210938,91.47000122070312,91.57499694824219,5941,0.0,0.0,2023-06-30
1964,2023-06-30 10:40:00-04:00,91.60749816894531,91.68000030517578,91.58000183105469,91.63999938964844,7017,0.0,0.0,2023-06-30
1965,2023-06-30 10:45:00-04:00,91.65499877929688,91.73999786376953,91.5999984741211,91.63999938964844,5673,0.0,0.0,2023-06-30
1966,2023-06-30 10:50:00-04:00,91.6500015258789,91.7699966430664,91.5999984741211,91.69999694824219,4876,0.0,0.0,2023-06-30
1967,2023-06-30 10:55:00-04:00,91.75,91.75,91.58999633789062,91.70500183105469,326105,0.0,0.0,2023-06-30
1968,2023-06-30 11:00:00-04:00,91.72000122070312,91.7699966430664,91.69999694824219,91.73999786376953,16181,0.0,0.0,2023-06-30
1969,2023-06-30 11:05:00-04:00,91.75749969482422,91.80000305175781,91.73999786376953,91.80000305175781,16767,0.0,0.0,2023-06-30
1970,2023-06-30 11:10:00-04:00,91.79000091552734,91.80000305175781,91.69999694824219,91.69999694824219,11289,0.0,0.0,2023-06-30
1971,2023-06-30 11:15:00-04:00,91.70999908447266,91.7300033569336,91.69000244140625,91.71499633789062,6662,0.0,0.0,2023-06-30
1972,2023-06-30 11:20:00-04:00,91.70439910888672,91.7249984741211,91.5,91.5,10026,0.0,0.0,2023-06-30
1973,2023-06-30 11:25:00-04:00,91.50499725341797,91.5250015258789,91.43000030517578,91.51000213623047,7396,0.0,0.0,2023-06-30
1974,2023-06-30 11:30:00-04:00,91.4800033569336,91.58000183105469,91.4800033569336,91.5250015258789,10418,0.0,0.0,2023-06-30
1975,2023-06-30 11:35:00-04:00,91.55999755859375,91.56999969482422,91.43000030517578,91.43000030517578,8606,0.0,0.0,2023-06-30
1976,2023-06-30 11:40:00-04:00,91.3949966430664,91.4000015258789,91.30999755859375,91.30999755859375,7809,0.0,0.0,2023-06-30
1977,2023-06-30 11:45:00-04:00,91.31500244140625,91.38500213623047,91.283203125,91.38500213623047,4370,0.0,0.0,2023-06-30
1978,2023-06-30 11:50:00-04:00,91.36499786376953,91.38999938964844,91.31999969482422,91.31999969482422,4856,0.0,0.0,2023-06-30
1979,2023-06-30 11:55:00-04:00,91.31999969482422,91.41000366210938,91.31999969482422,91.4000015258789,7432,0.0,0.0,2023-06-30
1980,2023-06-30 12:00:00-04:00,91.41999816894531,91.41999816894531,91.36000061035156,91.37000274658203,4801,0.0,0.0,2023-06-30
1981,2023-06-30 12:05:00-04:00,91.4000015258789,91.4000015258789,91.26000213623047,91.28500366210938,9683,0.0,0.0,2023-06-30
1982,2023-06-30 12:10:00-04:00,91.27999877929688,91.38500213623047,91.2699966430664,91.38500213623047,6226,0.0,0.0,2023-06-30
1983,2023-06-30 12:15:00-04:00,91.33499908447266,91.45500183105469,91.33499908447266,91.45500183105469,2560,0.0,0.0,2023-06-30
1984,2023-06-30 12:20:00-04:00,91.43000030517578,91.45999908447266,91.37999725341797,91.41999816894531,3921,0.0,0.0,2023-06-30
1985,2023-06-30 12:25:00-04:00,91.45500183105469,91.45500183105469,91.36000061035156,91.375,7531,0.0,0.0,2023-06-30
1986,2023-06-30 12:30:00-04:00,91.4000015258789,91.51750183105469,91.4000015258789,91.51000213623047,4533,0.0,0.0,2023-06-30
1987,2023-06-30 12:35:00-04:00,91.51000213623047,91.51000213623047,91.44000244140625,91.47000122070312,8455,0.0,0.0,2023-06-30
1988,2023-06-30 12:40:00-04:00,91.47000122070312,91.4800033569336,91.43000030517578,91.44999694824219,3143,0.0,0.0,2023-06-30
1989,2023-06-30 12:45:00-04:00,91.45500183105469,91.5199966430664,91.41000366210938,91.41000366210938,6613,0.0,0.0,2023-06-30
1990,2023-06-30 12:50:00-04:00,91.43000030517578,91.44999694824219,91.38999938964844,91.42500305175781,5738,0.0,0.0,2023-06-30
1991,2023-06-30 12:55:00-04:00,91.45999908447266,91.48999786376953,91.38999938964844,91.41000366210938,6649,0.0,0.0,2023-06-30
1992,2023-06-30 13:00:00-04:00,91.42500305175781,91.44999694824219,91.37000274658203,91.3949966430664,7060,0.0,0.0,2023-06-30
1993,2023-06-30 13:05:00-04:00,91.3949966430664,91.3949966430664,91.22000122070312,91.25,57399,0.0,0.0,2023-06-30
1994,2023-06-30 13:10:00-04:00,91.27999877929688,91.34500122070312,91.23999786376953,91.2699966430664,5592,0.0,0.0,2023-06-30
1995,2023-06-30 13:15:00-04:00,91.2699966430664,91.31999969482422,91.22000122070312,91.23999786376953,7700,0.0,0.0,2023-06-30
1996,2023-06-30 13:20:00-04:00,91.25,91.27999877929688,91.22000122070312,91.23500061035156,6237,0.0,0.0,2023-06-30
1997,2023-06-30 13:25:00-04:00,91.26000213623047,91.26000213623047,91.13999938964844,91.16500091552734,5479,0.0,0.0,2023-06-30
1998,2023-06-30 13:30:00-04:00,91.18000030517578,91.20500183105469,91.12000274658203,91.1500015258789,11847,0.0,0.0,2023-06-30
1999,2023-06-30 13:35:00-04:00,91.17500305175781,91.17500305175781,91.08999633789062,91.08999633789062,5838,0.0,0.0,2023-06-30
2000,2023-06-30 13:40:00-04:00,91.08000183105469,91.11499786376953,91.04000091552734,91.11499786376953,6745,0.0,0.0,2023-06-30
2001,2023-06-30 13:45:00-04:00,91.0999984741211,91.13999938964844,91.0999984741211,91.13999938964844,4019,0.0,0.0,2023-06-30
2002,2023-06-30 13:50:00-04:00,91.15499877929688,91.19999694824219,91.13999938964844,91.1500015258789,4078,0.0,0.0,2023-06-30
2003,2023-06-30 13:55:00-04:00,91.18000030517578,91.25499725341797,91.0999984741211,91.19999694824219,80517,0.0,0.0,2023-06-30
2004,2023-06-30 14:00:00-04:00,91.17500305175781,91.36000061035156,91.17500305175781,91.27999877929688,32195,0.0,0.0,2023-06-30
2005,2023-06-30 14:05:00-04:00,91.29499816894531,91.5,91.29499816894531,91.33000183105469,7958,0.0,0.0,2023-06-30
2006,2023-06-30 14:10:00-04:00,91.3499984741211,91.41999816894531,91.33000183105469,91.35169982910156,5773,0.0,0.0,2023-06-30
2007,2023-06-30 14:15:00-04:00,91.37999725341797,91.44000244140625,91.31999969482422,91.44000244140625,4554,0.0,0.0,2023-06-30
2008,2023-06-30 14:20:00-04:00,91.4000015258789,91.47000122070312,91.4000015258789,91.47000122070312,6875,0.0,0.0,2023-06-30
2009,2023-06-30 14:25:00-04:00,91.4800033569336,91.51000213623047,91.41999816894531,91.5,7301,0.0,0.0,2023-06-30
2010,2023-06-30 14:30:00-04:00,91.45999908447266,91.51499938964844,91.44999694824219,91.51499938964844,6360,0.0,0.0,2023-06-30
2011,2023-06-30 14:35:00-04:00,91.5,91.50499725341797,91.41000366210938,91.4800033569336,25083,0.0,0.0,2023-06-30
2012,2023-06-30 14:40:00-04:00,91.4800033569336,91.51000213623047,91.44000244140625,91.4800033569336,6476,0.0,0.0,2023-06-30
2013,2023-06-30 14:45:00-04:00,91.48500061035156,91.48500061035156,91.36000061035156,91.41000366210938,6001,0.0,0.0,2023-06-30
2014,2023-06-30 14:50:00-04:00,91.41000366210938,91.44000244140625,91.33999633789062,91.41999816894531,8220,0.0,0.0,2023-06-30
2015,2023-06-30 14:55:00-04:00,91.3949966430664,91.44000244140625,91.36000061035156,91.43000030517578,11025,0.0,0.0,2023-06-30
2016,2023-06-30 15:00:00-04:00,91.44000244140625,91.44999694824219,91.33999633789062,91.33999633789062,7189,0.0,0.0,2023-06-30
2017,2023-06-30 15:05:00-04:00,91.33000183105469,91.3499984741211,91.20999908447266,91.21499633789062,22320,0.0,0.0,2023-06-30
2018,2023-06-30 15:10:00-04:00,91.22000122070312,91.29499816894531,91.22000122070312,91.26499938964844,13259,0.0,0.0,2023-06-30
2019,2023-06-30 15:15:00-04:00,91.27999877929688,91.31500244140625,91.2699966430664,91.29000091552734,11466,0.0,0.0,2023-06-30
2020,2023-06-30 15:20:00-04:00,91.29000091552734,91.29499816894531,91.20999908447266,91.2750015258789,12688,0.0,0.0,2023-06-30
2021,2023-06-30 15:25:00-04:00,91.28500366210938,91.37000274658203,91.28500366210938,91.30500030517578,11826,0.0,0.0,2023-06-30
2022,2023-06-30 15:30:00-04:00,91.30500030517578,91.38999938964844,91.27999877929688,91.29499816894531,23460,0.0,0.0,2023-06-30
2023,2023-06-30 15:35:00-04:00,91.29499816894531,91.36000061035156,91.2699966430664,91.29499816894531,21416,0.0,0.0,2023-06-30
2024,2023-06-30 15:40:00-04:00,91.29499816894531,91.29499816894531,91.18000030517578,91.18000030517578,269462,0.0,0.0,2023-06-30
2025,2023-06-30 15:45:00-04:00,91.16999816894531,91.3499984741211,91.1500015258789,91.33619689941406,34621,0.0,0.0,2023-06-30
2026,2023-06-30 15:50:00-04:00,91.3499984741211,91.56999969482422,91.26000213623047,91.51000213623047,82154,0.0,0.0,2023-06-30
2027,2023-06-30 15:55:00-04:00,91.52999877929688,91.55999755859375,91.37999725341797,91.55000305175781,397738,0.0,0.0,2023-06-30
2028,2023-07-03 09:30:00-04:00,91.01000213623047,91.02999877929688,90.33000183105469,91.02999877929688,47073,0.0,0.0,2023-07-03
2029,2023-07-03 09:35:00-04:00,90.95500183105469,91.0999984741211,90.79000091552734,90.91999816894531,21435,0.0,0.0,2023-07-03
2030,2023-07-03 09:40:00-04:00,91.01000213623047,91.38500213623047,90.97000122070312,91.29000091552734,16284,0.0,0.0,2023-07-03
2031,2023-07-03 09:45:00-04:00,91.30500030517578,91.44000244140625,91.19999694824219,91.28500366210938,24276,0.0,0.0,2023-07-03
2032,2023-07-03 09:50:00-04:00,91.26000213623047,91.33999633789062,91.02999877929688,91.29000091552734,42085,0.0,0.0,2023-07-03
2033,2023-07-03 09:55:00-04:00,91.27999877929688,91.27999877929688,91.08999633789062,91.09500122070312,9498,0.0,0.0,2023-07-03
2034,2023-07-03 10:00:00-04:00,91.12000274658203,91.33999633789062,91.11000061035156,91.31999969482422,30751,0.0,0.0,2023-07-03
2035,2023-07-03 10:05:00-04:00,91.31999969482422,91.51000213623047,91.29000091552734,91.43000030517578,20031,0.0,0.0,2023-07-03
2036,2023-07-03 10:10:00-04:00,91.44999694824219,91.54000091552734,91.41999816894531,91.47000122070312,16141,0.0,0.0,2023-07-03
2037,2023-07-03 10:15:00-04:00,91.43499755859375,91.55000305175781,91.41000366210938,91.44000244140625,19565,0.0,0.0,2023-07-03
2038,2023-07-03 10:20:00-04:00,91.45999908447266,91.50499725341797,91.45999908447266,91.49500274658203,10713,0.0,0.0,2023-07-03
2039,2023-07-03 10:25:00-04:00,91.51000213623047,91.53500366210938,91.4000015258789,91.51499938964844,16128,0.0,0.0,2023-07-03
2040,2023-07-03 10:30:00-04:00,91.5199966430664,91.52999877929688,91.22000122070312,91.31500244140625,11012,0.0,0.0,2023-07-03
2041,2023-07-03 10:35:00-04:00,91.3550033569336,91.44499969482422,91.33999633789062,91.37000274658203,13447,0.0,0.0,2023-07-03
2042,2023-07-03 10:40:00-04:00,91.38500213623047,91.44000244140625,91.33999633789062,91.375,23981,0.0,0.0,2023-07-03
2043,2023-07-03 10:45:00-04:00,91.36000061035156,91.62999725341797,91.33000183105469,91.58000183105469,44452,0.0,0.0,2023-07-03
2044,2023-07-03 10:50:00-04:00,91.56999969482422,91.56999969482422,91.44000244140625,91.5,12541,0.0,0.0,2023-07-03
2045,2023-07-03 10:55:00-04:00,91.5,91.51499938964844,91.41000366210938,91.44000244140625,14287,0.0,0.0,2023-07-03
2046,2023-07-03 11:00:00-04:00,91.43000030517578,91.5199966430664,91.43000030517578,91.51000213623047,11982,0.0,0.0,2023-07-03
2047,2023-07-03 11:05:00-04:00,91.51000213623047,91.51000213623047,91.31999969482422,91.3550033569336,11104,0.0,0.0,2023-07-03
2048,2023-07-03 11:10:00-04:00,91.27999877929688,91.33000183105469,91.23999786376953,91.30999755859375,9586,0.0,0.0,2023-07-03
2049,2023-07-03 11:15:00-04:00,91.30999755859375,91.41000366210938,91.29000091552734,91.4000015258789,19241,0.0,0.0,2023-07-03
2050,2023-07-03 11:20:00-04:00,91.38500213623047,91.4800033569336,91.36000061035156,91.44000244140625,18670,0.0,0.0,2023-07-03
2051,2023-07-03 11:25:00-04:00,91.37999725341797,91.37999725341797,91.30000305175781,91.3499984741211,12311,0.0,0.0,2023-07-03
2052,2023-07-03 11:30:00-04:00,91.3499984741211,91.41000366210938,91.33000183105469,91.40499877929688,14813,0.0,0.0,2023-07-03
2053,2023-07-03 11:35:00-04:00,91.41000366210938,91.73999786376953,91.41000366210938,91.61499786376953,20259,0.0,0.0,2023-07-03
2054,2023-07-03 11:40:00-04:00,91.54000091552734,91.54000091552734,91.45159912109375,91.52999877929688,15165,0.0,0.0,2023-07-03
2055,2023-07-03 11:45:00-04:00,91.55000305175781,91.66000366210938,91.55000305175781,91.6050033569336,9444,0.0,0.0,2023-07-03
2056,2023-07-03 11:50:00-04:00,91.62000274658203,91.71499633789062,91.6050033569336,91.69000244140625,8953,0.0,0.0,2023-07-03
2057,2023-07-03 11:55:00-04:00,91.68000030517578,91.70999908447266,91.56999969482422,91.58000183105469,19683,0.0,0.0,2023-07-03
2058,2023-07-03 12:00:00-04:00,91.56999969482422,91.62999725341797,91.52999877929688,91.55999755859375,11612,0.0,0.0,2023-07-03
2059,2023-07-03 12:05:00-04:00,91.52999877929688,91.61000061035156,91.51000213623047,91.58999633789062,9723,0.0,0.0,2023-07-03
2060,2023-07-03 12:10:00-04:00,91.58999633789062,91.58999633789062,91.5,91.52999877929688,8254,0.0,0.0,2023-07-03
2061,2023-07-03 12:15:00-04:00,91.51499938964844,91.51499938964844,91.37000274658203,91.37000274658203,15974,0.0,0.0,2023-07-03
2062,2023-07-03 12:20:00-04:00,91.37000274658203,91.62000274658203,91.37000274658203,91.60910034179688,10908,0.0,0.0,2023-07-03
2063,2023-07-03 12:25:00-04:00,91.61000061035156,91.61000061035156,91.51000213623047,91.55999755859375,19846,0.0,0.0,2023-07-03
2064,2023-07-03 12:30:00-04:00,91.56900024414062,91.56999969482422,91.5199966430664,91.55999755859375,9237,0.0,0.0,2023-07-03
2065,2023-07-03 12:35:00-04:00,91.5999984741211,91.5999984741211,91.52999877929688,91.56999969482422,11859,0.0,0.0,2023-07-03
2066,2023-07-03 12:40:00-04:00,91.56999969482422,91.61000061035156,91.55999755859375,91.5999984741211,14795,0.0,0.0,2023-07-03
2067,2023-07-03 12:45:00-04:00,91.5999984741211,91.61000061035156,91.5999984741211,91.6050033569336,1095,0.0,0.0,2023-07-03
2068,2023-07-05 09:30:00-04:00,91.41999816894531,91.94000244140625,91.41999816894531,91.77999877929688,48194,0.0,0.0,2023-07-05
2069,2023-07-05 09:35:00-04:00,91.7750015258789,91.94999694824219,91.72000122070312,91.91999816894531,30955,0.0,0.0,2023-07-05
2070,2023-07-05 09:40:00-04:00,91.94000244140625,91.94000244140625,91.5199966430664,91.5374984741211,48313,0.0,0.0,2023-07-05
2071,2023-07-05 09:45:00-04:00,91.47000122070312,91.69999694824219,91.47000122070312,91.69999694824219,19357,0.0,0.0,2023-07-05
2072,2023-07-05 09:50:00-04:00,91.7249984741211,91.79000091552734,91.44999694824219,91.45999908447266,12272,0.0,0.0,2023-07-05
2073,2023-07-05 09:55:00-04:00,91.44000244140625,91.47000122070312,91.38999938964844,91.47000122070312,13800,0.0,0.0,2023-07-05
2074,2023-07-05 10:00:00-04:00,91.47000122070312,91.48500061035156,91.3499984741211,91.38999938964844,15595,0.0,0.0,2023-07-05
2075,2023-07-05 10:05:00-04:00,91.4000015258789,91.58999633789062,91.38999938964844,91.56999969482422,27538,0.0,0.0,2023-07-05
2076,2023-07-05 10:10:00-04:00,91.55999755859375,91.7300033569336,91.55000305175781,91.61499786376953,45309,0.0,0.0,2023-07-05
2077,2023-07-05 10:15:00-04:00,91.63999938964844,91.87000274658203,91.63999938964844,91.7750015258789,40314,0.0,0.0,2023-07-05
2078,2023-07-05 10:20:00-04:00,91.7699966430664,92.05999755859375,91.66999816894531,91.94000244140625,38377,0.0,0.0,2023-07-05
2079,2023-07-05 10:25:00-04:00,91.92500305175781,92.0999984741211,91.77539825439453,91.87000274658203,31925,0.0,0.0,2023-07-05
2080,2023-07-05 10:30:00-04:00,91.83499908447266,92.02999877929688,91.83499908447266,92.00499725341797,11195,0.0,0.0,2023-07-05
2081,2023-07-05 10:35:00-04:00,92.03500366210938,92.18000030517578,91.95999908447266,92.12999725341797,66107,0.0,0.0,2023-07-05
2082,2023-07-05 10:40:00-04:00,92.12000274658203,92.19000244140625,92.04499816894531,92.08000183105469,13302,0.0,0.0,2023-07-05
2083,2023-07-05 10:45:00-04:00,92.08000183105469,92.19999694824219,92.0,92.04499816894531,15129,0.0,0.0,2023-07-05
2084,2023-07-05 10:50:00-04:00,92.04499816894531,92.2699966430664,92.04499816894531,92.1449966430664,13521,0.0,0.0,2023-07-05
2085,2023-07-05 10:55:00-04:00,92.12999725341797,92.2699966430664,92.0999984741211,92.16999816894531,23324,0.0,0.0,2023-07-05
2086,2023-07-05 11:00:00-04:00,92.19000244140625,92.26000213623047,92.12000274658203,92.12000274658203,20322,0.0,0.0,2023-07-05
2087,2023-07-05 11:05:00-04:00,92.12000274658203,92.19999694824219,92.08999633789062,92.19999694824219,11574,0.0,0.0,2023-07-05
2088,2023-07-05 11:10:00-04:00,92.20999908447266,92.41999816894531,92.20999908447266,92.41999816894531,21049,0.0,0.0,2023-07-05
2089,2023-07-05 11:15:00-04:00,92.44999694824219,92.44999694824219,92.20020294189453,92.25,14461,0.0,0.0,2023-07-05
2090,2023-07-05 11:20:00-04:00,92.2699966430664,92.38999938964844,92.26499938964844,92.3499984741211,13181,0.0,0.0,2023-07-05
2091,2023-07-05 11:25:00-04:00,92.35209655761719,92.37000274658203,92.30500030517578,92.30500030517578,21611,0.0,0.0,2023-07-05
2092,2023-07-05 11:30:00-04:00,92.30500030517578,92.37000274658203,92.30000305175781,92.3499984741211,13943,0.0,0.0,2023-07-05
2093,2023-07-05 11:35:00-04:00,92.36000061035156,92.51499938964844,92.33999633789062,92.51499938964844,27877,0.0,0.0,2023-07-05
2094,2023-07-05 11:40:00-04:00,92.54000091552734,92.69999694824219,92.4800033569336,92.50499725341797,9909,0.0,0.0,2023-07-05
2095,2023-07-05 11:45:00-04:00,92.5199966430664,92.58000183105469,92.5199966430664,92.58000183105469,11366,0.0,0.0,2023-07-05
2096,2023-07-05 11:50:00-04:00,92.58999633789062,92.62000274658203,92.52999877929688,92.52999877929688,14305,0.0,0.0,2023-07-05
2097,2023-07-05 11:55:00-04:00,92.53500366210938,92.62000274658203,92.52999877929688,92.6050033569336,10330,0.0,0.0,2023-07-05
2098,2023-07-05 12:00:00-04:00,92.61250305175781,92.61250305175781,92.4000015258789,92.42500305175781,13403,0.0,0.0,2023-07-05
2099,2023-07-05 12:05:00-04:00,92.44000244140625,92.66999816894531,92.44000244140625,92.66999816894531,27324,0.0,0.0,2023-07-05
2100,2023-07-05 12:10:00-04:00,92.67500305175781,92.73999786376953,92.61000061035156,92.61000061035156,11553,0.0,0.0,2023-07-05
2101,2023-07-05 12:15:00-04:00,92.58999633789062,92.62999725341797,92.5199966430664,92.62999725341797,13334,0.0,0.0,2023-07-05
2102,2023-07-05 12:20:00-04:00,92.62999725341797,92.69999694824219,92.62999725341797,92.69499969482422,10988,0.0,0.0,2023-07-05
2103,2023-07-05 12:25:00-04:00,92.69560241699219,92.69560241699219,92.58999633789062,92.58999633789062,11058,0.0,0.0,2023-07-05
2104,2023-07-05 12:30:00-04:00,92.58999633789062,92.69000244140625,92.55000305175781,92.63999938964844,9583,0.0,0.0,2023-07-05
2105,2023-07-05 12:35:00-04:00,92.63500213623047,92.69000244140625,92.58000183105469,92.66999816894531,13622,0.0,0.0,2023-07-05
2106,2023-07-05 12:40:00-04:00,92.69000244140625,92.79000091552734,92.68000030517578,92.79000091552734,9758,0.0,0.0,2023-07-05
2107,2023-07-05 12:45:00-04:00,92.80500030517578,92.83499908447266,92.66999816894531,92.70999908447266,37839,0.0,0.0,2023-07-05
2108,2023-07-05 12:50:00-04:00,92.70999908447266,92.83989715576172,92.70999908447266,92.83000183105469,10095,0.0,0.0,2023-07-05
2109,2023-07-05 12:55:00-04:00,92.82060241699219,93.01000213623047,92.82060241699219,92.91000366210938,11832,0.0,0.0,2023-07-05
2110,2023-07-05 13:00:00-04:00,92.87000274658203,92.98999786376953,92.81999969482422,92.95999908447266,9496,0.0,0.0,2023-07-05
2111,2023-07-05 13:05:00-04:00,92.9800033569336,92.98999786376953,92.9000015258789,92.9000015258789,10006,0.0,0.0,2023-07-05
2112,2023-07-05 13:10:00-04:00,92.87999725341797,92.8949966430664,92.83999633789062,92.875,9350,0.0,0.0,2023-07-05
2113,2023-07-05 13:15:00-04:00,92.86000061035156,92.94000244140625,92.86000061035156,92.9000015258789,15844,0.0,0.0,2023-07-05
2114,2023-07-05 13:20:00-04:00,92.91000366210938,92.94000244140625,92.80000305175781,92.8949966430664,23176,0.0,0.0,2023-07-05
2115,2023-07-05 13:25:00-04:00,92.90499877929688,93.01000213623047,92.9000015258789,92.93000030517578,15446,0.0,0.0,2023-07-05
2116,2023-07-05 13:30:00-04:00,92.94999694824219,93.01499938964844,92.9000015258789,92.91000366210938,13820,0.0,0.0,2023-07-05
2117,2023-07-05 13:35:00-04:00,92.90499877929688,93.0,92.84500122070312,92.98999786376953,15746,0.0,0.0,2023-07-05
2118,2023-07-05 13:40:00-04:00,93.01000213623047,93.0199966430664,92.93000030517578,92.96499633789062,17244,0.0,0.0,2023-07-05
2119,2023-07-05 13:45:00-04:00,92.9800033569336,93.02999877929688,92.93499755859375,92.97000122070312,12045,0.0,0.0,2023-07-05
2120,2023-07-05 13:50:00-04:00,92.97000122070312,93.0,92.95999908447266,92.97000122070312,11794,0.0,0.0,2023-07-05
2121,2023-07-05 13:55:00-04:00,92.95500183105469,93.0999984741211,92.83999633789062,92.83999633789062,23815,0.0,0.0,2023-07-05
2122,2023-07-05 14:00:00-04:00,92.83999633789062,92.97000122070312,92.75,92.8949966430664,22906,0.0,0.0,2023-07-05
2123,2023-07-05 14:05:00-04:00,92.89440155029297,92.91000366210938,92.83000183105469,92.8550033569336,21135,0.0,0.0,2023-07-05
2124,2023-07-05 14:10:00-04:00,92.8550033569336,92.90499877929688,92.82499694824219,92.8949966430664,16705,0.0,0.0,2023-07-05
2125,2023-07-05 14:15:00-04:00,92.87999725341797,92.87999725341797,92.75,92.75910186767578,19488,0.0,0.0,2023-07-05
2126,2023-07-05 14:20:00-04:00,92.75,92.76000213623047,92.55000305175781,92.6050033569336,34333,0.0,0.0,2023-07-05
2127,2023-07-05 14:25:00-04:00,92.6050033569336,92.75,92.6050033569336,92.69999694824219,20232,0.0,0.0,2023-07-05
2128,2023-07-05 14:30:00-04:00,92.69499969482422,92.77999877929688,92.69000244140625,92.69999694824219,12775,0.0,0.0,2023-07-05
2129,2023-07-05 14:35:00-04:00,92.82499694824219,92.91000366210938,92.82499694824219,92.83999633789062,12312,0.0,0.0,2023-07-05
2130,2023-07-05 14:40:00-04:00,92.8499984741211,92.9800033569336,92.83999633789062,92.97000122070312,31772,0.0,0.0,2023-07-05
2131,2023-07-05 14:45:00-04:00,92.98809814453125,93.02999877929688,92.92500305175781,92.94999694824219,19496,0.0,0.0,2023-07-05
2132,2023-07-05 14:50:00-04:00,92.95500183105469,93.05999755859375,92.95500183105469,93.05999755859375,10959,0.0,0.0,2023-07-05
2133,2023-07-05 14:55:00-04:00,93.06999969482422,93.20999908447266,93.05999755859375,93.20500183105469,17794,0.0,0.0,2023-07-05
2134,2023-07-05 15:00:00-04:00,93.20999908447266,93.20999908447266,93.0199966430664,93.08499908447266,107607,0.0,0.0,2023-07-05
2135,2023-07-05 15:05:00-04:00,93.08999633789062,93.18499755859375,93.08000183105469,93.08000183105469,16091,0.0,0.0,2023-07-05
2136,2023-07-05 15:10:00-04:00,93.08999633789062,93.12999725341797,92.97000122070312,92.97000122070312,29499,0.0,0.0,2023-07-05
2137,2023-07-05 15:15:00-04:00,92.9800033569336,92.9800033569336,92.8499984741211,92.94499969482422,19237,0.0,0.0,2023-07-05
2138,2023-07-05 15:20:00-04:00,92.93000030517578,92.93000030517578,92.73999786376953,92.7699966430664,26539,0.0,0.0,2023-07-05
2139,2023-07-05 15:25:00-04:00,92.70999908447266,92.74500274658203,92.5999984741211,92.5999984741211,14743,0.0,0.0,2023-07-05
2140,2023-07-05 15:30:00-04:00,92.5999984741211,92.5999984741211,92.3499984741211,92.4000015258789,23833,0.0,0.0,2023-07-05
2141,2023-07-05 15:35:00-04:00,92.37999725341797,92.37999725341797,92.0999984741211,92.13999938964844,70904,0.0,0.0,2023-07-05
2142,2023-07-05 15:40:00-04:00,92.08999633789062,92.16999816894531,92.04070281982422,92.11900329589844,25127,0.0,0.0,2023-07-05
2143,2023-07-05 15:45:00-04:00,92.11000061035156,92.16999816894531,92.02999877929688,92.1449966430664,46566,0.0,0.0,2023-07-05
2144,2023-07-05 15:50:00-04:00,92.12999725341797,92.16000366210938,92.05000305175781,92.12999725341797,67363,0.0,0.0,2023-07-05
2145,2023-07-05 15:55:00-04:00,92.12000274658203,92.2249984741211,92.11499786376953,92.16000366210938,134632,0.0,0.0,2023-07-05
2146,2023-07-06 09:30:00-04:00,91.47000122070312,91.47000122070312,90.47129821777344,90.84500122070312,60022,0.0,0.0,2023-07-06
2147,2023-07-06 09:35:00-04:00,90.94999694824219,91.02999877929688,90.58499908447266,90.95999908447266,42296,0.0,0.0,2023-07-06
2148,2023-07-06 09:40:00-04:00,90.95999908447266,91.04000091552734,90.87999725341797,90.94000244140625,36829,0.0,0.0,2023-07-06
2149,2023-07-06 09:45:00-04:00,90.94499969482422,90.95500183105469,90.73999786376953,90.86499786376953,24812,0.0,0.0,2023-07-06
2150,2023-07-06 09:50:00-04:00,90.81999969482422,91.01000213623047,90.66000366210938,90.69999694824219,35622,0.0,0.0,2023-07-06
2151,2023-07-06 09:55:00-04:00,90.62999725341797,90.72000122070312,90.56999969482422,90.57499694824219,77847,0.0,0.0,2023-07-06
2152,2023-07-06 10:00:00-04:00,90.51000213623047,90.63999938964844,90.32499694824219,90.5250015258789,100239,0.0,0.0,2023-07-06
2153,2023-07-06 10:05:00-04:00,90.5199966430664,90.66000366210938,90.37999725341797,90.42500305175781,36980,0.0,0.0,2023-07-06
2154,2023-07-06 10:10:00-04:00,90.41500091552734,90.52999877929688,90.36499786376953,90.44000244140625,22275,0.0,0.0,2023-07-06
2155,2023-07-06 10:15:00-04:00,90.41000366210938,90.45999908447266,90.37000274658203,90.37999725341797,16882,0.0,0.0,2023-07-06
2156,2023-07-06 10:20:00-04:00,90.37999725341797,90.44999694824219,90.32499694824219,90.38999938964844,20722,0.0,0.0,2023-07-06
2157,2023-07-06 10:25:00-04:00,90.37000274658203,90.41000366210938,90.30000305175781,90.38999938964844,23977,0.0,0.0,2023-07-06
2158,2023-07-06 10:30:00-04:00,90.36499786376953,90.37000274658203,90.20999908447266,90.30000305175781,21404,0.0,0.0,2023-07-06
2159,2023-07-06 10:35:00-04:00,90.29000091552734,90.32499694824219,90.12000274658203,90.12000274658203,10412,0.0,0.0,2023-07-06
2160,2023-07-06 10:40:00-04:00,90.05999755859375,90.16000366210938,90.02999877929688,90.12999725341797,13079,0.0,0.0,2023-07-06
2161,2023-07-06 10:45:00-04:00,90.16500091552734,90.23999786376953,90.0999984741211,90.22000122070312,22594,0.0,0.0,2023-07-06
2162,2023-07-06 10:50:00-04:00,90.2699966430664,90.3949966430664,90.2699966430664,90.3499984741211,14780,0.0,0.0,2023-07-06
2163,2023-07-06 10:55:00-04:00,90.3499984741211,90.37000274658203,90.26000213623047,90.31999969482422,23282,0.0,0.0,2023-07-06
2164,2023-07-06 11:00:00-04:00,90.23999786376953,90.2699966430664,90.19000244140625,90.25499725341797,10516,0.0,0.0,2023-07-06
2165,2023-07-06 11:05:00-04:00,90.25,90.3499984741211,90.25,90.30000305175781,9616,0.0,0.0,2023-07-06
2166,2023-07-06 11:10:00-04:00,90.28500366210938,90.28500366210938,90.16999816894531,90.27999877929688,17131,0.0,0.0,2023-07-06
2167,2023-07-06 11:15:00-04:00,90.27999877929688,90.30999755859375,89.95999908447266,90.01499938964844,81001,0.0,0.0,2023-07-06
2168,2023-07-06 11:20:00-04:00,90.0199966430664,90.05750274658203,89.94000244140625,89.94000244140625,10888,0.0,0.0,2023-07-06
2169,2023-07-06 11:25:00-04:00,89.95999908447266,90.05500030517578,89.88999938964844,89.9000015258789,15959,0.0,0.0,2023-07-06
2170,2023-07-06 11:30:00-04:00,89.9000015258789,90.01000213623047,89.8499984741211,89.9740982055664,12828,0.0,0.0,2023-07-06
2171,2023-07-06 11:35:00-04:00,89.9800033569336,90.05999755859375,89.95500183105469,89.98999786376953,18526,0.0,0.0,2023-07-06
2172,2023-07-06 11:40:00-04:00,89.98500061035156,90.06500244140625,89.98500061035156,90.06500244140625,7623,0.0,0.0,2023-07-06
2173,2023-07-06 11:45:00-04:00,90.06999969482422,90.27999877929688,90.02999877929688,90.24749755859375,35232,0.0,0.0,2023-07-06
2174,2023-07-06 11:50:00-04:00,90.26000213623047,90.2750015258789,90.11000061035156,90.11000061035156,12733,0.0,0.0,2023-07-06
2175,2023-07-06 11:55:00-04:00,90.11000061035156,90.12999725341797,89.98999786376953,90.00499725341797,46335,0.0,0.0,2023-07-06
2176,2023-07-06 12:00:00-04:00,90.0199966430664,90.04000091552734,89.91000366210938,89.97000122070312,52777,0.0,0.0,2023-07-06
2177,2023-07-06 12:05:00-04:00,90.0,90.05000305175781,89.91000366210938,90.04000091552734,35767,0.0,0.0,2023-07-06
2178,2023-07-06 12:10:00-04:00,90.04000091552734,90.04499816894531,89.9749984741211,90.02999877929688,11712,0.0,0.0,2023-07-06
2179,2023-07-06 12:15:00-04:00,90.04499816894531,90.08000183105469,89.95999908447266,89.95999908447266,16698,0.0,0.0,2023-07-06
2180,2023-07-06 12:20:00-04:00,89.95999908447266,90.04000091552734,89.95999908447266,90.01499938964844,11325,0.0,0.0,2023-07-06
2181,2023-07-06 12:25:00-04:00,90.02999877929688,90.06999969482422,90.0,90.06999969482422,16534,0.0,0.0,2023-07-06
2182,2023-07-06 12:30:00-04:00,90.07499694824219,90.20999908447266,90.07499694824219,90.19999694824219,9610,0.0,0.0,2023-07-06
2183,2023-07-06 12:35:00-04:00,90.19000244140625,90.19000244140625,90.1500015258789,90.16999816894531,26471,0.0,0.0,2023-07-06
2184,2023-07-06 12:40:00-04:00,90.19000244140625,90.22000122070312,90.18000030517578,90.20500183105469,17123,0.0,0.0,2023-07-06
2185,2023-07-06 12:45:00-04:00,90.19999694824219,90.21499633789062,90.1500015258789,90.19999694824219,40508,0.0,0.0,2023-07-06
2186,2023-07-06 12:50:00-04:00,90.20500183105469,90.31500244140625,90.20500183105469,90.26000213623047,6698,0.0,0.0,2023-07-06
2187,2023-07-06 12:55:00-04:00,90.25,90.3550033569336,90.23999786376953,90.33000183105469,11249,0.0,0.0,2023-07-06
2188,2023-07-06 13:00:00-04:00,90.32499694824219,90.41000366210938,90.31999969482422,90.41000366210938,8952,0.0,0.0,2023-07-06
2189,2023-07-06 13:05:00-04:00,90.41999816894531,90.47000122070312,90.41000366210938,90.43000030517578,9293,0.0,0.0,2023-07-06
2190,2023-07-06 13:10:00-04:00,90.44000244140625,90.5,90.37999725341797,90.37999725341797,36534,0.0,0.0,2023-07-06
2191,2023-07-06 13:15:00-04:00,90.41000366210938,90.44999694824219,90.32140350341797,90.33000183105469,8271,0.0,0.0,2023-07-06
2192,2023-07-06 13:20:00-04:00,90.30999755859375,90.30999755859375,90.2300033569336,90.2699966430664,15431,0.0,0.0,2023-07-06
2193,2023-07-06 13:25:00-04:00,90.27999877929688,90.33999633789062,90.20999908447266,90.2699966430664,22972,0.0,0.0,2023-07-06
2194,2023-07-06 13:30:00-04:00,90.30000305175781,90.30999755859375,90.19999694824219,90.30999755859375,14267,0.0,0.0,2023-07-06
2195,2023-07-06 13:35:00-04:00,90.30500030517578,90.40499877929688,90.29000091552734,90.3499984741211,14072,0.0,0.0,2023-07-06
2196,2023-07-06 13:40:00-04:00,90.3550033569336,90.36000061035156,90.26499938964844,90.30000305175781,7825,0.0,0.0,2023-07-06
2197,2023-07-06 13:45:00-04:00,90.30999755859375,90.3499984741211,90.25,90.3499984741211,15185,0.0,0.0,2023-07-06
2198,2023-07-06 13:50:00-04:00,90.3499984741211,90.37999725341797,90.34500122070312,90.3499984741211,6883,0.0,0.0,2023-07-06
2199,2023-07-06 13:55:00-04:00,90.33999633789062,90.41999816894531,90.33999633789062,90.41999816894531,10111,0.0,0.0,2023-07-06
2200,2023-07-06 14:00:00-04:00,90.41999816894531,90.51000213623047,90.4000015258789,90.49500274658203,13248,0.0,0.0,2023-07-06
2201,2023-07-06 14:05:00-04:00,90.5,90.62999725341797,90.47250366210938,90.58000183105469,35890,0.0,0.0,2023-07-06
2202,2023-07-06 14:10:00-04:00,90.56500244140625,90.625,90.5,90.54000091552734,8720,0.0,0.0,2023-07-06
2203,2023-07-06 14:15:00-04:00,90.58999633789062,90.58999633789062,90.4749984741211,90.4749984741211,6211,0.0,0.0,2023-07-06
2204,2023-07-06 14:20:00-04:00,90.48999786376953,90.51000213623047,90.4000015258789,90.4749984741211,12897,0.0,0.0,2023-07-06
2205,2023-07-06 14:25:00-04:00,90.48999786376953,90.53269958496094,90.43000030517578,90.50039672851562,11004,0.0,0.0,2023-07-06
2206,2023-07-06 14:30:00-04:00,90.5199966430664,90.58499908447266,90.51000213623047,90.54000091552734,9189,0.0,0.0,2023-07-06
2207,2023-07-06 14:35:00-04:00,90.53500366210938,90.63999938964844,90.53500366210938,90.63249969482422,9358,0.0,0.0,2023-07-06
2208,2023-07-06 14:40:00-04:00,90.63999938964844,90.70999908447266,90.625,90.70999908447266,10912,0.0,0.0,2023-07-06
2209,2023-07-06 14:45:00-04:00,90.73999786376953,90.73999786376953,90.55999755859375,90.55999755859375,16177,0.0,0.0,2023-07-06
2210,2023-07-06 14:50:00-04:00,90.54000091552734,90.69000244140625,90.5,90.69000244140625,50633,0.0,0.0,2023-07-06
2211,2023-07-06 14:55:00-04:00,90.67500305175781,90.76000213623047,90.67500305175781,90.75,11742,0.0,0.0,2023-07-06
2212,2023-07-06 15:00:00-04:00,90.73999786376953,90.75,90.56749725341797,90.56749725341797,8071,0.0,0.0,2023-07-06
2213,2023-07-06 15:05:00-04:00,90.55500030517578,90.61000061035156,90.52999877929688,90.56999969482422,10601,0.0,0.0,2023-07-06
2214,2023-07-06 15:10:00-04:00,90.55000305175781,90.56999969482422,90.44000244140625,90.44499969482422,11529,0.0,0.0,2023-07-06
2215,2023-07-06 15:15:00-04:00,90.44499969482422,90.53500366210938,90.4000015258789,90.53500366210938,14309,0.0,0.0,2023-07-06
2216,2023-07-06 15:20:00-04:00,90.52999877929688,90.69000244140625,90.5199966430664,90.66999816894531,11902,0.0,0.0,2023-07-06
2217,2023-07-06 15:25:00-04:00,90.66999816894531,90.68000030517578,90.58999633789062,90.62999725341797,16605,0.0,0.0,2023-07-06
2218,2023-07-06 15:30:00-04:00,90.61000061035156,90.63999938964844,90.51000213623047,90.61000061035156,19779,0.0,0.0,2023-07-06
2219,2023-07-06 15:35:00-04:00,90.61000061035156,90.66999816894531,90.5947036743164,90.66500091552734,35574,0.0,0.0,2023-07-06
2220,2023-07-06 15:40:00-04:00,90.66500091552734,90.72000122070312,90.6500015258789,90.71499633789062,19504,0.0,0.0,2023-07-06
2221,2023-07-06 15:45:00-04:00,90.72000122070312,90.80000305175781,90.66999816894531,90.75900268554688,31234,0.0,0.0,2023-07-06
2222,2023-07-06 15:50:00-04:00,90.76000213623047,90.91999816894531,90.75,90.86000061035156,63823,0.0,0.0,2023-07-06
2223,2023-07-06 15:55:00-04:00,90.8499984741211,91.01000213623047,90.81999969482422,91.01000213623047,221412,0.0,0.0,2023-07-06
2224,2023-07-07 09:30:00-04:00,91.0,91.41000366210938,90.9000015258789,91.27999877929688,23251,0.0,0.0,2023-07-07
2225,2023-07-07 09:35:00-04:00,91.19999694824219,91.31999969482422,90.91000366210938,90.93000030517578,18945,0.0,0.0,2023-07-07
2226,2023-07-07 09:40:00-04:00,90.98999786376953,91.01000213623047,90.66000366210938,90.80000305175781,21484,0.0,0.0,2023-07-07
2227,2023-07-07 09:45:00-04:00,90.81999969482422,91.3499984741211,90.72000122070312,91.27999877929688,34699,0.0,0.0,2023-07-07
2228,2023-07-07 09:50:00-04:00,91.33999633789062,91.33999633789062,91.0999984741211,91.0999984741211,5972,0.0,0.0,2023-07-07
2229,2023-07-07 09:55:00-04:00,91.1052017211914,91.20999908447266,91.05000305175781,91.16000366210938,16740,0.0,0.0,2023-07-07
2230,2023-07-07 10:00:00-04:00,91.16000366210938,91.20999908447266,90.91999816894531,90.94000244140625,6951,0.0,0.0,2023-07-07
2231,2023-07-07 10:05:00-04:00,90.94000244140625,90.9800033569336,90.81999969482422,90.94499969482422,13144,0.0,0.0,2023-07-07
2232,2023-07-07 10:10:00-04:00,90.9000015258789,90.94499969482422,90.8499984741211,90.88999938964844,7596,0.0,0.0,2023-07-07
2233,2023-07-07 10:15:00-04:00,90.86000061035156,90.91500091552734,90.7699966430664,90.87000274658203,26707,0.0,0.0,2023-07-07
2234,2023-07-07 10:20:00-04:00,90.91999816894531,91.02999877929688,90.87999725341797,90.9800033569336,6320,0.0,0.0,2023-07-07
2235,2023-07-07 10:25:00-04:00,90.94999694824219,91.06500244140625,90.88999938964844,91.02999877929688,8888,0.0,0.0,2023-07-07
2236,2023-07-07 10:30:00-04:00,91.01360321044922,91.01360321044922,90.91000366210938,90.94000244140625,7674,0.0,0.0,2023-07-07
2237,2023-07-07 10:35:00-04:00,90.94999694824219,91.12999725341797,90.94999694824219,91.04000091552734,5341,0.0,0.0,2023-07-07
2238,2023-07-07 10:40:00-04:00,91.06999969482422,91.18000030517578,91.05500030517578,91.18000030517578,15287,0.0,0.0,2023-07-07
2239,2023-07-07 10:45:00-04:00,91.20999908447266,91.2300033569336,91.11000061035156,91.12000274658203,6570,0.0,0.0,2023-07-07
2240,2023-07-07 10:50:00-04:00,91.12000274658203,91.26000213623047,91.12000274658203,91.18000030517578,12809,0.0,0.0,2023-07-07
2241,2023-07-07 10:55:00-04:00,91.19999694824219,91.33000183105469,91.19999694824219,91.31999969482422,16488,0.0,0.0,2023-07-07
2242,2023-07-07 11:00:00-04:00,91.31999969482422,91.4000015258789,91.19000244140625,91.36070251464844,19134,0.0,0.0,2023-07-07
2243,2023-07-07 11:05:00-04:00,91.38999938964844,91.41999816894531,91.33999633789062,91.33999633789062,17018,0.0,0.0,2023-07-07
2244,2023-07-07 11:10:00-04:00,91.30000305175781,91.3550033569336,91.29000091552734,91.30999755859375,13275,0.0,0.0,2023-07-07
2245,2023-07-07 11:15:00-04:00,91.31999969482422,91.31999969482422,91.19999694824219,91.19999694824219,8900,0.0,0.0,2023-07-07
2246,2023-07-07 11:20:00-04:00,91.18199920654297,91.20999908447266,91.08000183105469,91.12999725341797,9063,0.0,0.0,2023-07-07
2247,2023-07-07 11:25:00-04:00,91.0999984741211,91.27999877929688,91.0999984741211,91.2699966430664,9493,0.0,0.0,2023-07-07
2248,2023-07-07 11:30:00-04:00,91.26000213623047,91.41999816894531,91.25,91.41000366210938,8384,0.0,0.0,2023-07-07
2249,2023-07-07 11:35:00-04:00,91.47000122070312,91.5,91.29000091552734,91.36000061035156,11016,0.0,0.0,2023-07-07
2250,2023-07-07 11:40:00-04:00,91.33999633789062,91.33999633789062,91.2300033569336,91.2300033569336,8622,0.0,0.0,2023-07-07
2251,2023-07-07 11:45:00-04:00,91.25499725341797,91.27999877929688,91.18000030517578,91.25,12611,0.0,0.0,2023-07-07
2252,2023-07-07 11:50:00-04:00,91.2249984741211,91.2300033569336,91.19499969482422,91.19999694824219,3678,0.0,0.0,2023-07-07
2253,2023-07-07 11:55:00-04:00,91.19999694824219,91.30999755859375,91.17500305175781,91.30500030517578,13605,0.0,0.0,2023-07-07
2254,2023-07-07 12:00:00-04:00,91.33000183105469,91.43000030517578,91.33000183105469,91.43000030517578,7015,0.0,0.0,2023-07-07
2255,2023-07-07 12:05:00-04:00,91.44000244140625,91.44999694824219,91.36000061035156,91.41999816894531,9987,0.0,0.0,2023-07-07
2256,2023-07-07 12:10:00-04:00,91.44000244140625,91.4800033569336,91.41000366210938,91.45500183105469,8642,0.0,0.0,2023-07-07
2257,2023-07-07 12:15:00-04:00,91.44000244140625,91.52999877929688,91.44000244140625,91.48999786376953,10834,0.0,0.0,2023-07-07
2258,2023-07-07 12:20:00-04:00,91.4800033569336,91.53500366210938,91.44999694824219,91.53500366210938,5796,0.0,0.0,2023-07-07
2259,2023-07-07 12:25:00-04:00,91.54000091552734,91.5999984741211,91.54000091552734,91.56999969482422,19762,0.0,0.0,2023-07-07
2260,2023-07-07 12:30:00-04:00,91.55000305175781,91.58000183105469,91.51000213623047,91.56999969482422,15285,0.0,0.0,2023-07-07
2261,2023-07-07 12:35:00-04:00,91.61000061035156,91.70999908447266,91.5999984741211,91.65499877929688,9584,0.0,0.0,2023-07-07
2262,2023-07-07 12:40:00-04:00,91.6500015258789,91.6500015258789,91.61000061035156,91.62000274658203,11503,0.0,0.0,2023-07-07
2263,2023-07-07 12:45:00-04:00,91.58000183105469,91.5999984741211,91.48999786376953,91.54499816894531,9295,0.0,0.0,2023-07-07
2264,2023-07-07 12:50:00-04:00,91.5199966430664,91.58999633789062,91.5,91.53500366210938,12525,0.0,0.0,2023-07-07
2265,2023-07-07 12:55:00-04:00,91.5199966430664,91.58999633789062,91.48999786376953,91.58000183105469,6813,0.0,0.0,2023-07-07
2266,2023-07-07 13:00:00-04:00,91.58999633789062,91.6500015258789,91.58999633789062,91.61000061035156,10813,0.0,0.0,2023-07-07
2267,2023-07-07 13:05:00-04:00,91.62000274658203,91.65499877929688,91.58000183105469,91.59500122070312,10986,0.0,0.0,2023-07-07
2268,2023-07-07 13:10:00-04:00,91.59500122070312,91.62999725341797,91.58999633789062,91.5999984741211,8376,0.0,0.0,2023-07-07
2269,2023-07-07 13:15:00-04:00,91.58999633789062,91.58999633789062,91.4800033569336,91.48999786376953,8268,0.0,0.0,2023-07-07
2270,2023-07-07 13:20:00-04:00,91.49500274658203,91.5250015258789,91.43000030517578,91.46499633789062,8909,0.0,0.0,2023-07-07
2271,2023-07-07 13:25:00-04:00,91.46499633789062,91.54499816894531,91.46499633789062,91.47000122070312,6778,0.0,0.0,2023-07-07
2272,2023-07-07 13:30:00-04:00,91.48999786376953,91.5199966430664,91.43000030517578,91.43000030517578,10005,0.0,0.0,2023-07-07
2273,2023-07-07 13:35:00-04:00,91.41999816894531,91.41999816894531,91.28150177001953,91.3499984741211,8208,0.0,0.0,2023-07-07
2274,2023-07-07 13:40:00-04:00,91.33000183105469,91.36000061035156,91.29000091552734,91.33000183105469,5892,0.0,0.0,2023-07-07
2275,2023-07-07 13:45:00-04:00,91.33000183105469,91.3499984741211,91.19999694824219,91.19999694824219,9456,0.0,0.0,2023-07-07
2276,2023-07-07 13:50:00-04:00,91.19999694824219,91.2300033569336,91.18000030517578,91.19999694824219,9323,0.0,0.0,2023-07-07
2277,2023-07-07 13:55:00-04:00,91.20999908447266,91.26499938964844,91.18000030517578,91.25,7395,0.0,0.0,2023-07-07
2278,2023-07-07 14:00:00-04:00,91.2699966430664,91.30000305175781,91.25,91.26499938964844,6469,0.0,0.0,2023-07-07
2279,2023-07-07 14:05:00-04:00,91.2699966430664,91.33000183105469,91.26000213623047,91.29000091552734,6452,0.0,0.0,2023-07-07
2280,2023-07-07 14:10:00-04:00,91.30500030517578,91.41999816894531,91.30500030517578,91.38500213623047,7486,0.0,0.0,2023-07-07
2281,2023-07-07 14:15:00-04:00,91.37999725341797,91.37999725341797,91.33000183105469,91.3499984741211,8207,0.0,0.0,2023-07-07
2282,2023-07-07 14:20:00-04:00,91.3499984741211,91.41999816894531,91.33999633789062,91.38999938964844,7186,0.0,0.0,2023-07-07
2283,2023-07-07 14:25:00-04:00,91.41000366210938,91.41000366210938,91.37000274658203,91.37000274658203,5821,0.0,0.0,2023-07-07
2284,2023-07-07 14:30:00-04:00,91.38999938964844,91.41500091552734,91.2699966430664,91.27999877929688,13274,0.0,0.0,2023-07-07
2285,2023-07-07 14:35:00-04:00,91.26000213623047,91.27999877929688,91.19000244140625,91.22000122070312,8561,0.0,0.0,2023-07-07
2286,2023-07-07 14:40:00-04:00,91.19999694824219,91.2249984741211,91.16000366210938,91.16999816894531,5716,0.0,0.0,2023-07-07
2287,2023-07-07 14:45:00-04:00,91.18000030517578,91.20999908447266,91.12999725341797,91.16999816894531,8291,0.0,0.0,2023-07-07
2288,2023-07-07 14:50:00-04:00,91.16999816894531,91.20500183105469,91.16000366210938,91.19000244140625,7240,0.0,0.0,2023-07-07
2289,2023-07-07 14:55:00-04:00,91.22000122070312,91.23999786376953,91.16999816894531,91.19499969482422,8760,0.0,0.0,2023-07-07
2290,2023-07-07 15:00:00-04:00,91.20999908447266,91.25,91.1500015258789,91.18000030517578,8537,0.0,0.0,2023-07-07
2291,2023-07-07 15:05:00-04:00,91.16000366210938,91.26000213623047,91.1500015258789,91.23999786376953,22505,0.0,0.0,2023-07-07
2292,2023-07-07 15:10:00-04:00,91.2300033569336,91.25,91.11000061035156,91.11000061035156,12749,0.0,0.0,2023-07-07
2293,2023-07-07 15:15:00-04:00,91.11000061035156,91.28500366210938,91.08000183105469,91.19999694824219,56105,0.0,0.0,2023-07-07
2294,2023-07-07 15:20:00-04:00,91.19000244140625,91.19999694824219,91.11000061035156,91.1500015258789,15242,0.0,0.0,2023-07-07
2295,2023-07-07 15:25:00-04:00,91.16000366210938,91.2300033569336,91.08000183105469,91.08000183105469,16804,0.0,0.0,2023-07-07
2296,2023-07-07 15:30:00-04:00,91.1050033569336,91.31999969482422,91.1050033569336,91.24500274658203,54457,0.0,0.0,2023-07-07
2297,2023-07-07 15:35:00-04:00,91.23999786376953,91.33000183105469,91.19000244140625,91.27999877929688,33854,0.0,0.0,2023-07-07
2298,2023-07-07 15:40:00-04:00,91.2699966430664,91.30000305175781,91.19999694824219,91.29499816894531,15087,0.0,0.0,2023-07-07
2299,2023-07-07 15:45:00-04:00,91.29000091552734,91.3499984741211,91.2699966430664,91.27999877929688,25955,0.0,0.0,2023-07-07
2300,2023-07-07 15:50:00-04:00,91.29000091552734,91.38999938964844,91.19999694824219,91.30000305175781,37317,0.0,0.0,2023-07-07
2301,2023-07-07 15:55:00-04:00,91.29000091552734,91.36000061035156,91.2300033569336,91.33999633789062,105095,0.0,0.0,2023-07-07
2302,2023-07-10 09:30:00-04:00,91.37999725341797,92.06999969482422,91.37999725341797,92.06999969482422,28005,0.0,0.0,2023-07-10
2303,2023-07-10 09:35:00-04:00,91.97000122070312,92.02999877929688,91.58499908447266,91.58499908447266,17393,0.0,0.0,2023-07-10
2304,2023-07-10 09:40:00-04:00,91.58499908447266,92.0199966430664,91.58000183105469,92.0,24651,0.0,0.0,2023-07-10
2305,2023-07-10 09:45:00-04:00,92.02999877929688,92.19999694824219,91.98159790039062,92.19999694824219,25476,0.0,0.0,2023-07-10
2306,2023-07-10 09:50:00-04:00,92.20500183105469,92.33000183105469,92.12000274658203,92.33000183105469,21978,0.0,0.0,2023-07-10
2307,2023-07-10 09:55:00-04:00,92.36000061035156,92.37409973144531,92.08000183105469,92.08000183105469,11258,0.0,0.0,2023-07-10
2308,2023-07-10 10:00:00-04:00,92.08499908447266,92.2249984741211,92.08499908447266,92.16000366210938,25474,0.0,0.0,2023-07-10
2309,2023-07-10 10:05:00-04:00,92.23999786376953,92.26000213623047,92.18000030517578,92.26000213623047,8454,0.0,0.0,2023-07-10
2310,2023-07-10 10:10:00-04:00,92.27999877929688,92.27999877929688,91.98999786376953,92.08999633789062,14561,0.0,0.0,2023-07-10
2311,2023-07-10 10:15:00-04:00,92.1050033569336,92.17500305175781,91.9800033569336,92.11000061035156,23425,0.0,0.0,2023-07-10
2312,2023-07-10 10:20:00-04:00,92.08999633789062,92.1050033569336,91.93360137939453,91.96849822998047,8064,0.0,0.0,2023-07-10
2313,2023-07-10 10:25:00-04:00,91.95999908447266,92.0,91.75,91.75,14690,0.0,0.0,2023-07-10
2314,2023-07-10 10:30:00-04:00,91.72000122070312,91.76000213623047,91.62999725341797,91.75,13590,0.0,0.0,2023-07-10
2315,2023-07-10 10:35:00-04:00,91.75,91.97000122070312,91.75,91.94000244140625,17316,0.0,0.0,2023-07-10
2316,2023-07-10 10:40:00-04:00,91.98999786376953,92.02999877929688,91.9352035522461,92.01499938964844,6436,0.0,0.0,2023-07-10
2317,2023-07-10 10:45:00-04:00,92.01499938964844,92.18000030517578,91.95999908447266,92.13500213623047,8121,0.0,0.0,2023-07-10
2318,2023-07-10 10:50:00-04:00,92.12000274658203,92.1449966430664,91.99500274658203,91.99500274658203,27821,0.0,0.0,2023-07-10
2319,2023-07-10 10:55:00-04:00,91.9800033569336,92.04000091552734,91.79000091552734,91.86000061035156,10328,0.0,0.0,2023-07-10
2320,2023-07-10 11:00:00-04:00,91.87999725341797,91.9000015258789,91.76000213623047,91.79000091552734,9305,0.0,0.0,2023-07-10
2321,2023-07-10 11:05:00-04:00,91.79000091552734,91.91999816894531,91.7300033569336,91.88999938964844,10383,0.0,0.0,2023-07-10
2322,2023-07-10 11:10:00-04:00,91.88999938964844,92.0,91.88999938964844,91.94999694824219,6194,0.0,0.0,2023-07-10
2323,2023-07-10 11:15:00-04:00,91.94999694824219,91.98999786376953,91.91500091552734,91.95999908447266,8414,0.0,0.0,2023-07-10
2324,2023-07-10 11:20:00-04:00,91.9000015258789,92.0199966430664,91.86000061035156,91.97000122070312,8711,0.0,0.0,2023-07-10
2325,2023-07-10 11:25:00-04:00,91.98999786376953,92.05000305175781,91.94999694824219,91.97000122070312,6600,0.0,0.0,2023-07-10
2326,2023-07-10 11:30:00-04:00,91.9800033569336,92.11000061035156,91.9800033569336,92.0199966430664,10601,0.0,0.0,2023-07-10
2327,2023-07-10 11:35:00-04:00,92.0199966430664,92.12000274658203,92.0199966430664,92.08000183105469,12340,0.0,0.0,2023-07-10
2328,2023-07-10 11:40:00-04:00,92.08999633789062,92.12999725341797,92.02999877929688,92.02999877929688,6012,0.0,0.0,2023-07-10
2329,2023-07-10 11:45:00-04:00,92.05000305175781,92.11000061035156,92.0250015258789,92.11000061035156,7186,0.0,0.0,2023-07-10
2330,2023-07-10 11:50:00-04:00,92.12000274658203,92.22000122070312,92.11000061035156,92.11000061035156,6868,0.0,0.0,2023-07-10
2331,2023-07-10 11:55:00-04:00,92.11499786376953,92.1500015258789,92.04000091552734,92.11000061035156,7279,0.0,0.0,2023-07-10
2332,2023-07-10 12:00:00-04:00,92.0999984741211,92.0999984741211,91.94000244140625,92.02999877929688,11918,0.0,0.0,2023-07-10
2333,2023-07-10 12:05:00-04:00,92.0,92.16000366210938,92.0,92.11000061035156,7818,0.0,0.0,2023-07-10
2334,2023-07-10 12:10:00-04:00,92.15850067138672,92.23999786376953,92.12999725341797,92.23999786376953,15056,0.0,0.0,2023-07-10
2335,2023-07-10 12:15:00-04:00,92.25,92.43499755859375,92.25,92.37999725341797,11798,0.0,0.0,2023-07-10
2336,2023-07-10 12:20:00-04:00,92.38500213623047,92.55000305175781,92.38500213623047,92.55000305175781,8705,0.0,0.0,2023-07-10
2337,2023-07-10 12:25:00-04:00,92.56999969482422,92.62000274658203,92.44000244140625,92.4800033569336,12344,0.0,0.0,2023-07-10
2338,2023-07-10 12:30:00-04:00,92.5,92.5,92.43000030517578,92.4749984741211,11138,0.0,0.0,2023-07-10
2339,2023-07-10 12:35:00-04:00,92.48999786376953,92.63999938964844,92.44999694824219,92.63999938964844,20778,0.0,0.0,2023-07-10
2340,2023-07-10 12:40:00-04:00,92.625,92.75499725341797,92.56999969482422,92.75499725341797,28733,0.0,0.0,2023-07-10
2341,2023-07-10 12:45:00-04:00,92.7614974975586,92.86000061035156,92.7614974975586,92.86000061035156,6651,0.0,0.0,2023-07-10
2342,2023-07-10 12:50:00-04:00,92.83999633789062,92.87999725341797,92.77999877929688,92.77999877929688,12170,0.0,0.0,2023-07-10
2343,2023-07-10 12:55:00-04:00,92.7699966430664,92.80500030517578,92.73999786376953,92.75,22609,0.0,0.0,2023-07-10
2344,2023-07-10 13:00:00-04:00,92.7300033569336,92.91999816894531,92.6500015258789,92.83000183105469,19307,0.0,0.0,2023-07-10
2345,2023-07-10 13:05:00-04:00,92.86000061035156,92.91999816894531,92.86000061035156,92.91000366210938,8148,0.0,0.0,2023-07-10
2346,2023-07-10 13:10:00-04:00,92.91999816894531,92.95999908447266,92.9000015258789,92.91999816894531,10194,0.0,0.0,2023-07-10
2347,2023-07-10 13:15:00-04:00,92.94000244140625,92.94999694824219,92.83000183105469,92.83000183105469,9211,0.0,0.0,2023-07-10
2348,2023-07-10 13:20:00-04:00,92.8499984741211,92.87000274658203,92.77999877929688,92.79499816894531,7968,0.0,0.0,2023-07-10
2349,2023-07-10 13:25:00-04:00,92.79000091552734,92.8499984741211,92.7699966430664,92.8499984741211,11371,0.0,0.0,2023-07-10
2350,2023-07-10 13:30:00-04:00,92.9000015258789,92.94000244140625,92.88500213623047,92.93000030517578,12094,0.0,0.0,2023-07-10
2351,2023-07-10 13:35:00-04:00,92.91000366210938,93.01000213623047,92.91000366210938,92.9800033569336,7577,0.0,0.0,2023-07-10
2352,2023-07-10 13:40:00-04:00,92.9885025024414,93.06500244140625,92.8949966430664,93.06500244140625,10596,0.0,0.0,2023-07-10
2353,2023-07-10 13:45:00-04:00,93.06580352783203,93.06999969482422,92.98999786376953,92.98999786376953,8985,0.0,0.0,2023-07-10
2354,2023-07-10 13:50:00-04:00,93.0,93.02999877929688,92.91190338134766,92.9800033569336,11688,0.0,0.0,2023-07-10
2355,2023-07-10 13:55:00-04:00,93.0,93.04000091552734,92.98999786376953,93.04000091552734,8254,0.0,0.0,2023-07-10
2356,2023-07-10 14:00:00-04:00,93.04000091552734,93.04000091552734,92.86000061035156,92.86000061035156,10646,0.0,0.0,2023-07-10
2357,2023-07-10 14:05:00-04:00,92.84750366210938,92.93000030517578,92.80000305175781,92.80000305175781,14582,0.0,0.0,2023-07-10
2358,2023-07-10 14:10:00-04:00,92.80999755859375,92.97000122070312,92.80999755859375,92.97000122070312,9996,0.0,0.0,2023-07-10
2359,2023-07-10 14:15:00-04:00,92.98500061035156,93.03500366210938,92.95999908447266,93.01000213623047,8606,0.0,0.0,2023-07-10
2360,2023-07-10 14:20:00-04:00,93.02999877929688,93.08999633789062,92.98999786376953,93.08999633789062,8079,0.0,0.0,2023-07-10
2361,2023-07-10 14:25:00-04:00,93.09500122070312,93.12999725341797,92.98999786376953,93.01000213623047,27644,0.0,0.0,2023-07-10
2362,2023-07-10 14:30:00-04:00,92.98999786376953,93.0250015258789,92.94999694824219,93.0,11202,0.0,0.0,2023-07-10
2363,2023-07-10 14:35:00-04:00,93.0,93.0999984741211,93.0,93.0199966430664,7564,0.0,0.0,2023-07-10
2364,2023-07-10 14:40:00-04:00,93.04000091552734,93.08000183105469,93.0199966430664,93.05000305175781,8816,0.0,0.0,2023-07-10
2365,2023-07-10 14:45:00-04:00,93.06999969482422,93.07499694824219,92.94000244140625,93.03500366210938,12041,0.0,0.0,2023-07-10
2366,2023-07-10 14:50:00-04:00,93.02999877929688,93.11499786376953,93.0199966430664,93.11499786376953,7983,0.0,0.0,2023-07-10
2367,2023-07-10 14:55:00-04:00,93.12999725341797,93.20999908447266,93.12999725341797,93.19999694824219,7900,0.0,0.0,2023-07-10
2368,2023-07-10 15:00:00-04:00,93.19999694824219,93.22000122070312,93.1500015258789,93.16000366210938,10736,0.0,0.0,2023-07-10
2369,2023-07-10 15:05:00-04:00,93.19000244140625,93.29000091552734,93.17500305175781,93.26499938964844,19505,0.0,0.0,2023-07-10
2370,2023-07-10 15:10:00-04:00,93.25,93.3499984741211,93.24500274658203,93.34500122070312,11775,0.0,0.0,2023-07-10
2371,2023-07-10 15:15:00-04:00,93.3499984741211,93.36000061035156,93.26000213623047,93.30999755859375,25934,0.0,0.0,2023-07-10
2372,2023-07-10 15:20:00-04:00,93.30999755859375,93.30999755859375,93.1500015258789,93.17500305175781,15038,0.0,0.0,2023-07-10
2373,2023-07-10 15:25:00-04:00,93.18000030517578,93.22000122070312,93.1449966430664,93.19999694824219,13360,0.0,0.0,2023-07-10
2374,2023-07-10 15:30:00-04:00,93.19000244140625,93.31999969482422,93.1718978881836,93.2300033569336,22897,0.0,0.0,2023-07-10
2375,2023-07-10 15:35:00-04:00,93.23999786376953,93.38999938964844,93.23999786376953,93.36000061035156,21077,0.0,0.0,2023-07-10
2376,2023-07-10 15:40:00-04:00,93.36000061035156,93.45999908447266,93.33999633789062,93.44999694824219,20114,0.0,0.0,2023-07-10
2377,2023-07-10 15:45:00-04:00,93.44000244140625,93.5,93.3949966430664,93.4000015258789,35713,0.0,0.0,2023-07-10
2378,2023-07-10 15:50:00-04:00,93.38999938964844,93.58000183105469,93.36000061035156,93.5,64284,0.0,0.0,2023-07-10
2379,2023-07-10 15:55:00-04:00,93.5,93.62999725341797,93.48999786376953,93.61000061035156,150053,0.0,0.0,2023-07-10
2380,2023-07-11 09:30:00-04:00,93.83999633789062,93.83999633789062,93.36000061035156,93.66999816894531,24973,0.0,0.0,2023-07-11
2381,2023-07-11 09:35:00-04:00,93.65249633789062,93.65249633789062,93.18299865722656,93.22000122070312,6340,0.0,0.0,2023-07-11
2382,2023-07-11 09:40:00-04:00,93.25,93.29000091552734,92.86000061035156,93.08999633789062,9508,0.0,0.0,2023-07-11
2383,2023-07-11 09:45:00-04:00,93.09500122070312,93.19000244140625,93.0,93.17500305175781,9286,0.0,0.0,2023-07-11
2384,2023-07-11 09:50:00-04:00,93.16999816894531,93.37999725341797,93.09500122070312,93.37999725341797,11615,0.0,0.0,2023-07-11
2385,2023-07-11 09:55:00-04:00,93.37999725341797,93.68000030517578,93.37999725341797,93.6500015258789,10683,0.0,0.0,2023-07-11
2386,2023-07-11 10:00:00-04:00,93.68000030517578,93.88500213623047,93.54000091552734,93.54000091552734,20568,0.0,0.0,2023-07-11
2387,2023-07-11 10:05:00-04:00,93.52100372314453,93.63999938964844,93.5,93.56999969482422,11833,0.0,0.0,2023-07-11
2388,2023-07-11 10:10:00-04:00,93.52999877929688,93.66000366210938,93.44999694824219,93.58000183105469,31918,0.0,0.0,2023-07-11
2389,2023-07-11 10:15:00-04:00,93.5999984741211,93.80000305175781,93.5999984741211,93.7699966430664,11730,0.0,0.0,2023-07-11
2390,2023-07-11 10:20:00-04:00,93.77999877929688,93.83999633789062,93.69999694824219,93.80000305175781,35771,0.0,0.0,2023-07-11
2391,2023-07-11 10:25:00-04:00,93.80500030517578,93.88999938964844,93.79100036621094,93.86000061035156,8562,0.0,0.0,2023-07-11
2392,2023-07-11 10:30:00-04:00,93.87000274658203,93.94999694824219,93.68000030517578,93.73999786376953,41273,0.0,0.0,2023-07-11
2393,2023-07-11 10:35:00-04:00,93.70999908447266,93.80999755859375,93.6449966430664,93.7300033569336,10072,0.0,0.0,2023-07-11
2394,2023-07-11 10:40:00-04:00,93.73500061035156,93.97000122070312,93.73500061035156,93.94000244140625,13892,0.0,0.0,2023-07-11
2395,2023-07-11 10:45:00-04:00,93.9800033569336,94.05500030517578,93.87999725341797,93.98999786376953,18422,0.0,0.0,2023-07-11
2396,2023-07-11 10:50:00-04:00,93.98500061035156,93.98500061035156,93.86000061035156,93.88999938964844,13145,0.0,0.0,2023-07-11
2397,2023-07-11 10:55:00-04:00,93.87000274658203,93.97000122070312,93.79000091552734,93.94999694824219,17631,0.0,0.0,2023-07-11
2398,2023-07-11 11:00:00-04:00,93.93000030517578,93.9800033569336,93.80999755859375,93.80999755859375,17552,0.0,0.0,2023-07-11
2399,2023-07-11 11:05:00-04:00,93.83000183105469,93.91000366210938,93.81999969482422,93.81999969482422,9351,0.0,0.0,2023-07-11
2400,2023-07-11 11:10:00-04:00,93.82029724121094,93.91999816894531,93.79499816894531,93.91999816894531,11461,0.0,0.0,2023-07-11
2401,2023-07-11 11:15:00-04:00,93.91000366210938,93.94999694824219,93.86000061035156,93.87999725341797,12730,0.0,0.0,2023-07-11
2402,2023-07-11 11:20:00-04:00,93.88999938964844,93.94999694824219,93.79000091552734,93.94000244140625,17032,0.0,0.0,2023-07-11
2403,2023-07-11 11:25:00-04:00,93.90499877929688,94.01000213623047,93.9000015258789,93.99500274658203,7513,0.0,0.0,2023-07-11
2404,2023-07-11 11:30:00-04:00,94.0,94.0199966430664,93.91999816894531,93.94100189208984,5097,0.0,0.0,2023-07-11
2405,2023-07-11 11:35:00-04:00,93.93000030517578,93.94000244140625,93.86000061035156,93.86000061035156,5071,0.0,0.0,2023-07-11
2406,2023-07-11 11:40:00-04:00,93.83999633789062,93.86000061035156,93.7750015258789,93.80999755859375,5199,0.0,0.0,2023-07-11
2407,2023-07-11 11:45:00-04:00,93.80000305175781,93.80999755859375,93.72000122070312,93.79000091552734,6510,0.0,0.0,2023-07-11
2408,2023-07-11 11:50:00-04:00,93.79100036621094,93.83999633789062,93.7699966430664,93.79499816894531,6191,0.0,0.0,2023-07-11
2409,2023-07-11 11:55:00-04:00,93.80999755859375,93.81999969482422,93.7699966430664,93.7699966430664,14871,0.0,0.0,2023-07-11
2410,2023-07-11 12:00:00-04:00,93.73999786376953,93.75,93.62999725341797,93.72000122070312,5421,0.0,0.0,2023-07-11
2411,2023-07-11 12:05:00-04:00,93.7300033569336,93.79499816894531,93.66999816894531,93.66999816894531,9967,0.0,0.0,2023-07-11
2412,2023-07-11 12:10:00-04:00,93.66999816894531,93.77999877929688,93.66500091552734,93.7750015258789,4462,0.0,0.0,2023-07-11
2413,2023-07-11 12:15:00-04:00,93.73999786376953,93.73999786376953,93.62999725341797,93.6449966430664,3973,0.0,0.0,2023-07-11
2414,2023-07-11 12:20:00-04:00,93.63999938964844,93.63999938964844,93.51000213623047,93.5199966430664,4679,0.0,0.0,2023-07-11
2415,2023-07-11 12:25:00-04:00,93.48999786376953,93.5250015258789,93.41999816894531,93.51000213623047,9261,0.0,0.0,2023-07-11
2416,2023-07-11 12:30:00-04:00,93.51000213623047,93.52999877929688,93.48999786376953,93.5250015258789,2925,0.0,0.0,2023-07-11
2417,2023-07-11 12:35:00-04:00,93.51499938964844,93.55999755859375,93.46499633789062,93.55999755859375,6696,0.0,0.0,2023-07-11
2418,2023-07-11 12:40:00-04:00,93.55999755859375,93.61000061035156,93.55999755859375,93.61000061035156,1987,0.0,0.0,2023-07-11
2419,2023-07-11 12:45:00-04:00,93.6500015258789,93.67500305175781,93.60099792480469,93.66000366210938,4296,0.0,0.0,2023-07-11
2420,2023-07-11 12:50:00-04:00,93.68000030517578,93.7300033569336,93.66999816894531,93.7300033569336,3668,0.0,0.0,2023-07-11
2421,2023-07-11 12:55:00-04:00,93.69999694824219,93.72000122070312,93.58999633789062,93.62000274658203,5480,0.0,0.0,2023-07-11
2422,2023-07-11 13:00:00-04:00,93.61000061035156,93.61000061035156,93.55000305175781,93.58059692382812,4068,0.0,0.0,2023-07-11
2423,2023-07-11 13:05:00-04:00,93.58999633789062,93.58999633789062,93.5199966430664,93.58000183105469,8163,0.0,0.0,2023-07-11
2424,2023-07-11 13:10:00-04:00,93.58000183105469,93.5999984741211,93.52999877929688,93.52999877929688,3557,0.0,0.0,2023-07-11
2425,2023-07-11 13:15:00-04:00,93.53500366210938,93.58000183105469,93.53500366210938,93.54000091552734,6555,0.0,0.0,2023-07-11
2426,2023-07-11 13:20:00-04:00,93.55000305175781,93.58999633789062,93.55000305175781,93.58000183105469,6175,0.0,0.0,2023-07-11
2427,2023-07-11 13:25:00-04:00,93.56999969482422,93.61000061035156,93.56999969482422,93.58999633789062,2991,0.0,0.0,2023-07-11
2428,2023-07-11 13:30:00-04:00,93.58999633789062,93.6050033569336,93.52999877929688,93.54000091552734,7369,0.0,0.0,2023-07-11
2429,2023-07-11 13:35:00-04:00,93.54000091552734,93.58999633789062,93.51000213623047,93.58000183105469,5230,0.0,0.0,2023-07-11
2430,2023-07-11 13:40:00-04:00,93.58499908447266,93.62999725341797,93.58499908447266,93.62000274658203,3567,0.0,0.0,2023-07-11
2431,2023-07-11 13:45:00-04:00,93.63999938964844,93.66000366210938,93.5999984741211,93.66000366210938,6463,0.0,0.0,2023-07-11
2432,2023-07-11 13:50:00-04:00,93.63040161132812,93.69000244140625,93.63040161132812,93.66000366210938,7202,0.0,0.0,2023-07-11
2433,2023-07-11 13:55:00-04:00,93.58999633789062,93.62999725341797,93.53500366210938,93.625,5155,0.0,0.0,2023-07-11
2434,2023-07-11 14:00:00-04:00,93.62999725341797,93.72000122070312,93.62999725341797,93.72000122070312,7168,0.0,0.0,2023-07-11
2435,2023-07-11 14:05:00-04:00,93.7300033569336,93.7699966430664,93.69999694824219,93.72000122070312,5190,0.0,0.0,2023-07-11
2436,2023-07-11 14:10:00-04:00,93.69999694824219,93.7699966430664,93.69750213623047,93.73500061035156,5398,0.0,0.0,2023-07-11
2437,2023-07-11 14:15:00-04:00,93.73999786376953,93.73999786376953,93.69999694824219,93.7249984741211,5892,0.0,0.0,2023-07-11
2438,2023-07-11 14:20:00-04:00,93.68000030517578,93.73500061035156,93.67500305175781,93.69999694824219,7181,0.0,0.0,2023-07-11
2439,2023-07-11 14:25:00-04:00,93.71499633789062,93.77999877929688,93.70999908447266,93.77999877929688,5767,0.0,0.0,2023-07-11
2440,2023-07-11 14:30:00-04:00,93.77999877929688,93.80000305175781,93.75,93.80000305175781,10713,0.0,0.0,2023-07-11
2441,2023-07-11 14:35:00-04:00,93.7874984741211,93.81999969482422,93.75,93.79000091552734,8710,0.0,0.0,2023-07-11
2442,2023-07-11 14:40:00-04:00,93.7699966430664,93.8499984741211,93.7699966430664,93.8499984741211,5672,0.0,0.0,2023-07-11
2443,2023-07-11 14:45:00-04:00,93.8499984741211,93.86000061035156,93.81999969482422,93.86000061035156,6390,0.0,0.0,2023-07-11
2444,2023-07-11 14:50:00-04:00,93.86000061035156,93.87999725341797,93.80999755859375,93.83999633789062,7203,0.0,0.0,2023-07-11
2445,2023-07-11 14:55:00-04:00,93.83000183105469,93.91000366210938,93.81999969482422,93.91000366210938,8671,0.0,0.0,2023-07-11
2446,2023-07-11 15:00:00-04:00,93.91000366210938,93.94000244140625,93.88050079345703,93.91999816894531,5452,0.0,0.0,2023-07-11
2447,2023-07-11 15:05:00-04:00,93.91000366210938,93.94000244140625,93.83999633789062,93.94000244140625,9473,0.0,0.0,2023-07-11
2448,2023-07-11 15:10:00-04:00,93.91999816894531,93.94000244140625,93.88999938964844,93.88999938964844,9684,0.0,0.0,2023-07-11
2449,2023-07-11 15:15:00-04:00,93.87999725341797,93.9800033569336,93.8499984741211,93.9800033569336,12447,0.0,0.0,2023-07-11
2450,2023-07-11 15:20:00-04:00,93.9800033569336,94.08999633789062,93.97000122070312,94.06999969482422,18207,0.0,0.0,2023-07-11
2451,2023-07-11 15:25:00-04:00,94.06999969482422,94.16000366210938,94.05999755859375,94.125,22207,0.0,0.0,2023-07-11
2452,2023-07-11 15:30:00-04:00,94.125,94.19999694824219,94.125,94.13999938964844,16350,0.0,0.0,2023-07-11
2453,2023-07-11 15:35:00-04:00,94.1500015258789,94.23999786376953,94.12000274658203,94.19000244140625,19690,0.0,0.0,2023-07-11
2454,2023-07-11 15:40:00-04:00,94.18099975585938,94.27999877929688,94.18099975585938,94.27999877929688,18641,0.0,0.0,2023-07-11
2455,2023-07-11 15:45:00-04:00,94.29000091552734,94.43000030517578,94.29000091552734,94.43000030517578,24615,0.0,0.0,2023-07-11
2456,2023-07-11 15:50:00-04:00,94.41999816894531,94.43000030517578,94.18000030517578,94.23100280761719,64643,0.0,0.0,2023-07-11
2457,2023-07-11 15:55:00-04:00,94.24500274658203,94.43000030517578,94.23999786376953,94.38999938964844,132692,0.0,0.0,2023-07-11
2458,2023-07-12 09:30:00-04:00,94.94000244140625,95.19999694824219,94.08000183105469,94.4800033569336,41808,0.0,0.0,2023-07-12
2459,2023-07-12 09:35:00-04:00,94.38500213623047,94.875,94.38500213623047,94.76000213623047,13701,0.0,0.0,2023-07-12
2460,2023-07-12 09:40:00-04:00,94.83560180664062,94.91000366210938,94.44999694824219,94.72000122070312,10493,0.0,0.0,2023-07-12
2461,2023-07-12 09:45:00-04:00,94.62999725341797,94.8499984741211,94.59600067138672,94.69999694824219,7805,0.0,0.0,2023-07-12
2462,2023-07-12 09:50:00-04:00,94.77999877929688,94.8949966430664,94.66739654541016,94.80999755859375,11719,0.0,0.0,2023-07-12
2463,2023-07-12 09:55:00-04:00,94.77999877929688,94.94999694824219,94.77999877929688,94.88999938964844,7560,0.0,0.0,2023-07-12
2464,2023-07-12 10:00:00-04:00,94.88999938964844,94.9000015258789,94.63999938964844,94.69000244140625,15274,0.0,0.0,2023-07-12
2465,2023-07-12 10:05:00-04:00,94.61009979248047,94.80999755859375,94.61009979248047,94.72000122070312,14132,0.0,0.0,2023-07-12
2466,2023-07-12 10:10:00-04:00,94.7300033569336,94.87000274658203,94.7300033569336,94.77999877929688,9528,0.0,0.0,2023-07-12
2467,2023-07-12 10:15:00-04:00,94.83499908447266,94.94999694824219,94.79000091552734,94.94000244140625,9363,0.0,0.0,2023-07-12
2468,2023-07-12 10:20:00-04:00,94.9000015258789,95.11000061035156,94.88999938964844,95.0199966430664,28969,0.0,0.0,2023-07-12
2469,2023-07-12 10:25:00-04:00,95.01000213623047,95.08000183105469,94.95999908447266,95.02999877929688,10723,0.0,0.0,2023-07-12
2470,2023-07-12 10:30:00-04:00,95.0199966430664,95.0999984741211,94.95500183105469,94.98999786376953,9171,0.0,0.0,2023-07-12
2471,2023-07-12 10:35:00-04:00,95.01000213623047,95.04000091552734,94.89089965820312,94.91500091552734,12266,0.0,0.0,2023-07-12
2472,2023-07-12 10:40:00-04:00,94.89019775390625,95.02999877929688,94.89019775390625,94.94999694824219,14463,0.0,0.0,2023-07-12
2473,2023-07-12 10:45:00-04:00,94.94999694824219,94.97000122070312,94.87000274658203,94.87000274658203,8336,0.0,0.0,2023-07-12
2474,2023-07-12 10:50:00-04:00,94.87000274658203,95.05999755859375,94.87000274658203,95.05000305175781,10190,0.0,0.0,2023-07-12
2475,2023-07-12 10:55:00-04:00,95.04499816894531,95.11000061035156,94.98999786376953,95.05500030517578,8873,0.0,0.0,2023-07-12
2476,2023-07-12 11:00:00-04:00,95.05999755859375,95.1050033569336,94.98999786376953,95.0,5746,0.0,0.0,2023-07-12
2477,2023-07-12 11:05:00-04:00,95.0,95.04000091552734,94.87000274658203,94.91000366210938,6200,0.0,0.0,2023-07-12
2478,2023-07-12 11:10:00-04:00,94.87999725341797,94.91000366210938,94.75,94.75,8049,0.0,0.0,2023-07-12
2479,2023-07-12 11:15:00-04:00,94.75,94.88999938964844,94.69999694824219,94.86000061035156,26748,0.0,0.0,2023-07-12
2480,2023-07-12 11:20:00-04:00,94.86000061035156,94.86000061035156,94.68000030517578,94.7699966430664,11308,0.0,0.0,2023-07-12
2481,2023-07-12 11:25:00-04:00,94.74639892578125,94.7699966430664,94.56999969482422,94.56999969482422,7040,0.0,0.0,2023-07-12
2482,2023-07-12 11:30:00-04:00,94.55000305175781,94.56999969482422,94.48999786376953,94.51499938964844,9754,0.0,0.0,2023-07-12
2483,2023-07-12 11:35:00-04:00,94.52999877929688,94.68000030517578,94.51499938964844,94.61000061035156,23644,0.0,0.0,2023-07-12
2484,2023-07-12 11:40:00-04:00,94.61000061035156,94.72000122070312,94.44999694824219,94.68000030517578,8054,0.0,0.0,2023-07-12
2485,2023-07-12 11:45:00-04:00,94.6500015258789,94.8499984741211,94.625,94.80500030517578,5051,0.0,0.0,2023-07-12
2486,2023-07-12 11:50:00-04:00,94.83000183105469,94.9000015258789,94.79499816894531,94.88999938964844,6620,0.0,0.0,2023-07-12
2487,2023-07-12 11:55:00-04:00,94.91000366210938,94.91000366210938,94.83999633789062,94.9000015258789,6550,0.0,0.0,2023-07-12
2488,2023-07-12 12:00:00-04:00,94.93000030517578,94.96499633789062,94.91000366210938,94.91000366210938,5492,0.0,0.0,2023-07-12
2489,2023-07-12 12:05:00-04:00,94.89610290527344,95.08999633789062,94.89610290527344,95.06999969482422,11546,0.0,0.0,2023-07-12
2490,2023-07-12 12:10:00-04:00,95.06999969482422,95.16999816894531,95.0,95.1500015258789,4550,0.0,0.0,2023-07-12
2491,2023-07-12 12:15:00-04:00,95.18000030517578,95.19999694824219,95.12000274658203,95.1875,7695,0.0,0.0,2023-07-12
2492,2023-07-12 12:20:00-04:00,95.1875,95.30999755859375,95.1875,95.25499725341797,9747,0.0,0.0,2023-07-12
2493,2023-07-12 12:25:00-04:00,95.2699966430664,95.27999877929688,95.18000030517578,95.2300033569336,8669,0.0,0.0,2023-07-12
2494,2023-07-12 12:30:00-04:00,95.22000122070312,95.27989959716797,95.18000030517578,95.20500183105469,6577,0.0,0.0,2023-07-12
2495,2023-07-12 12:35:00-04:00,95.19499969482422,95.3499984741211,95.1614990234375,95.3499984741211,7762,0.0,0.0,2023-07-12
2496,2023-07-12 12:40:00-04:00,95.37000274658203,95.58999633789062,95.37000274658203,95.54000091552734,9900,0.0,0.0,2023-07-12
2497,2023-07-12 12:45:00-04:00,95.48500061035156,95.57499694824219,95.48500061035156,95.55999755859375,17399,0.0,0.0,2023-07-12
2498,2023-07-12 12:50:00-04:00,95.54000091552734,95.7300033569336,95.5199966430664,95.69000244140625,7580,0.0,0.0,2023-07-12
2499,2023-07-12 12:55:00-04:00,95.69999694824219,95.7300033569336,95.6500015258789,95.71499633789062,11373,0.0,0.0,2023-07-12
2500,2023-07-12 13:00:00-04:00,95.74500274658203,95.7699966430664,95.68000030517578,95.7699966430664,7684,0.0,0.0,2023-07-12
2501,2023-07-12 13:05:00-04:00,95.80000305175781,95.86000061035156,95.78500366210938,95.81999969482422,7750,0.0,0.0,2023-07-12
2502,2023-07-12 13:10:00-04:00,95.79000091552734,95.9800033569336,95.79000091552734,95.95999908447266,7375,0.0,0.0,2023-07-12
2503,2023-07-12 13:15:00-04:00,95.97000122070312,96.01000213623047,95.94999694824219,95.9800033569336,10708,0.0,0.0,2023-07-12
2504,2023-07-12 13:20:00-04:00,95.98999786376953,96.0199966430664,95.88999938964844,96.0199966430664,12542,0.0,0.0,2023-07-12
2505,2023-07-12 13:25:00-04:00,96.02999877929688,96.06999969482422,95.91000366210938,95.97000122070312,55203,0.0,0.0,2023-07-12
2506,2023-07-12 13:30:00-04:00,96.01000213623047,96.16000366210938,95.80999755859375,95.83999633789062,19674,0.0,0.0,2023-07-12
2507,2023-07-12 13:35:00-04:00,95.8499984741211,95.87000274658203,95.7300033569336,95.79000091552734,12649,0.0,0.0,2023-07-12
2508,2023-07-12 13:40:00-04:00,95.75,95.8499984741211,95.7300033569336,95.8499984741211,13755,0.0,0.0,2023-07-12
2509,2023-07-12 13:45:00-04:00,95.83499908447266,95.94999694824219,95.83000183105469,95.9000015258789,13977,0.0,0.0,2023-07-12
2510,2023-07-12 13:50:00-04:00,95.9000015258789,95.91000366210938,95.83000183105469,95.875,11288,0.0,0.0,2023-07-12
2511,2023-07-12 13:55:00-04:00,95.83999633789062,95.87999725341797,95.83999633789062,95.87000274658203,6539,0.0,0.0,2023-07-12
2512,2023-07-12 14:00:00-04:00,95.87999725341797,95.91000366210938,95.72109985351562,95.7300033569336,10079,0.0,0.0,2023-07-12
2513,2023-07-12 14:05:00-04:00,95.70999908447266,95.75,95.66000366210938,95.74500274658203,7718,0.0,0.0,2023-07-12
2514,2023-07-12 14:10:00-04:00,95.75,95.76000213623047,95.63500213623047,95.67500305175781,10348,0.0,0.0,2023-07-12
2515,2023-07-12 14:15:00-04:00,95.69000244140625,95.73999786376953,95.61499786376953,95.69999694824219,7150,0.0,0.0,2023-07-12
2516,2023-07-12 14:20:00-04:00,95.69999694824219,95.80999755859375,95.66999816894531,95.80500030517578,7402,0.0,0.0,2023-07-12
2517,2023-07-12 14:25:00-04:00,95.83000183105469,95.83999633789062,95.7249984741211,95.75,7422,0.0,0.0,2023-07-12
2518,2023-07-12 14:30:00-04:00,95.73999786376953,95.80999755859375,95.70999908447266,95.77999877929688,11464,0.0,0.0,2023-07-12
2519,2023-07-12 14:35:00-04:00,95.7699966430664,95.79900360107422,95.66999816894531,95.69000244140625,7590,0.0,0.0,2023-07-12
2520,2023-07-12 14:40:00-04:00,95.68000030517578,95.73999786376953,95.61000061035156,95.66000366210938,9889,0.0,0.0,2023-07-12
2521,2023-07-12 14:45:00-04:00,95.6500015258789,95.66999816894531,95.625,95.6449966430664,9325,0.0,0.0,2023-07-12
2522,2023-07-12 14:50:00-04:00,95.66000366210938,95.76000213623047,95.62000274658203,95.75,11029,0.0,0.0,2023-07-12
2523,2023-07-12 14:55:00-04:00,95.7699966430664,95.86000061035156,95.7699966430664,95.82499694824219,6712,0.0,0.0,2023-07-12
2524,2023-07-12 15:00:00-04:00,95.81999969482422,95.88999938964844,95.77999877929688,95.88999938964844,12143,0.0,0.0,2023-07-12
2525,2023-07-12 15:05:00-04:00,95.87999725341797,95.91000366210938,95.83000183105469,95.88500213623047,12146,0.0,0.0,2023-07-12
2526,2023-07-12 15:10:00-04:00,95.875,95.91999816894531,95.81500244140625,95.87419891357422,18029,0.0,0.0,2023-07-12
2527,2023-07-12 15:15:00-04:00,95.88999938964844,95.93000030517578,95.83000183105469,95.8499984741211,24167,0.0,0.0,2023-07-12
2528,2023-07-12 15:20:00-04:00,95.81500244140625,95.87999725341797,95.73999786376953,95.77999877929688,17043,0.0,0.0,2023-07-12
2529,2023-07-12 15:25:00-04:00,95.75,95.86000061035156,95.72000122070312,95.8499984741211,23808,0.0,0.0,2023-07-12
2530,2023-07-12 15:30:00-04:00,95.83000183105469,95.95999908447266,95.77999877929688,95.94750213623047,27896,0.0,0.0,2023-07-12
2531,2023-07-12 15:35:00-04:00,95.94000244140625,96.12999725341797,95.94000244140625,96.12899780273438,30422,0.0,0.0,2023-07-12
2532,2023-07-12 15:40:00-04:00,96.12000274658203,96.16000366210938,96.0250015258789,96.11000061035156,27493,0.0,0.0,2023-07-12
2533,2023-07-12 15:45:00-04:00,96.0999984741211,96.12000274658203,96.0199966430664,96.05999755859375,29614,0.0,0.0,2023-07-12
2534,2023-07-12 15:50:00-04:00,96.05000305175781,96.13999938964844,95.94999694824219,96.0199966430664,71741,0.0,0.0,2023-07-12
2535,2023-07-12 15:55:00-04:00,96.01000213623047,96.0999984741211,95.9800033569336,96.08999633789062,131814,0.0,0.0,2023-07-12
2536,2023-07-13 09:30:00-04:00,95.8499984741211,96.06999969482422,95.79000091552734,95.98999786376953,24015,0.0,0.0,2023-07-13
2537,2023-07-13 09:35:00-04:00,95.95999908447266,95.95999908447266,95.58999633789062,95.61000061035156,9600,0.0,0.0,2023-07-13
2538,2023-07-13 09:40:00-04:00,95.5199966430664,95.55000305175781,95.30999755859375,95.45999908447266,17156,0.0,0.0,2023-07-13
2539,2023-07-13 09:45:00-04:00,95.5250015258789,95.55999755859375,95.33000183105469,95.47000122070312,10198,0.0,0.0,2023-07-13
2540,2023-07-13 09:50:00-04:00,95.4749984741211,95.66999816894531,95.4749984741211,95.62000274658203,10546,0.0,0.0,2023-07-13
2541,2023-07-13 09:55:00-04:00,95.66999816894531,95.80690002441406,95.63999938964844,95.80000305175781,8856,0.0,0.0,2023-07-13
2542,2023-07-13 10:00:00-04:00,95.76499938964844,95.7750015258789,95.63999938964844,95.6500015258789,11867,0.0,0.0,2023-07-13
2543,2023-07-13 10:05:00-04:00,95.63999938964844,95.66000366210938,95.51000213623047,95.56500244140625,20137,0.0,0.0,2023-07-13
2544,2023-07-13 10:10:00-04:00,95.58000183105469,95.58000183105469,95.43000030517578,95.45999908447266,10761,0.0,0.0,2023-07-13
2545,2023-07-13 10:15:00-04:00,95.45999908447266,95.5072021484375,95.3949966430664,95.43170166015625,15113,0.0,0.0,2023-07-13
2546,2023-07-13 10:20:00-04:00,95.40499877929688,95.45500183105469,95.31500244140625,95.44000244140625,14172,0.0,0.0,2023-07-13
2547,2023-07-13 10:25:00-04:00,95.44000244140625,95.58000183105469,95.44000244140625,95.48999786376953,23626,0.0,0.0,2023-07-13
2548,2023-07-13 10:30:00-04:00,95.48500061035156,95.56999969482422,95.32499694824219,95.33499908447266,22680,0.0,0.0,2023-07-13
2549,2023-07-13 10:35:00-04:00,95.33000183105469,95.54000091552734,95.28500366210938,95.28500366210938,22914,0.0,0.0,2023-07-13
2550,2023-07-13 10:40:00-04:00,95.23999786376953,95.27999877929688,95.06999969482422,95.07499694824219,7913,0.0,0.0,2023-07-13
2551,2023-07-13 10:45:00-04:00,95.08000183105469,95.13500213623047,94.93000030517578,94.95999908447266,12716,0.0,0.0,2023-07-13
2552,2023-07-13 10:50:00-04:00,94.95999908447266,95.06500244140625,94.95999908447266,94.95999908447266,13339,0.0,0.0,2023-07-13
2553,2023-07-13 10:55:00-04:00,94.94499969482422,95.0250015258789,94.87999725341797,94.9749984741211,36725,0.0,0.0,2023-07-13
2554,2023-07-13 11:00:00-04:00,94.98999786376953,95.16000366210938,94.98999786376953,95.16000366210938,9491,0.0,0.0,2023-07-13
2555,2023-07-13 11:05:00-04:00,95.19000244140625,95.19000244140625,95.05999755859375,95.16000366210938,10590,0.0,0.0,2023-07-13
2556,2023-07-13 11:10:00-04:00,95.16999816894531,95.30000305175781,95.0199966430664,95.0199966430664,14225,0.0,0.0,2023-07-13
2557,2023-07-13 11:15:00-04:00,95.05500030517578,95.12000274658203,94.93000030517578,94.95999908447266,17232,0.0,0.0,2023-07-13
2558,2023-07-13 11:20:00-04:00,94.99500274658203,95.12000274658203,94.98999786376953,95.12000274658203,35515,0.0,0.0,2023-07-13
2559,2023-07-13 11:25:00-04:00,95.16000366210938,95.20999908447266,95.12999725341797,95.1500015258789,6077,0.0,0.0,2023-07-13
2560,2023-07-13 11:30:00-04:00,95.1500015258789,95.18000030517578,94.9800033569336,95.08000183105469,11371,0.0,0.0,2023-07-13
2561,2023-07-13 11:35:00-04:00,95.10420227050781,95.19000244140625,95.01000213623047,95.01000213623047,11579,0.0,0.0,2023-07-13
2562,2023-07-13 11:40:00-04:00,95.0199966430664,95.04000091552734,94.91999816894531,95.0,5482,0.0,0.0,2023-07-13
2563,2023-07-13 11:45:00-04:00,94.97000122070312,95.05000305175781,94.97000122070312,95.0199966430664,6148,0.0,0.0,2023-07-13
2564,2023-07-13 11:50:00-04:00,95.0250015258789,95.18000030517578,95.0250015258789,95.0999984741211,6498,0.0,0.0,2023-07-13
2565,2023-07-13 11:55:00-04:00,95.12000274658203,95.23999786376953,95.12000274658203,95.22000122070312,3939,0.0,0.0,2023-07-13
2566,2023-07-13 12:00:00-04:00,95.2302017211914,95.2699966430664,95.20500183105469,95.2699966430664,4339,0.0,0.0,2023-07-13
2567,2023-07-13 12:05:00-04:00,95.22000122070312,95.2699966430664,95.16000366210938,95.16000366210938,6402,0.0,0.0,2023-07-13
2568,2023-07-13 12:10:00-04:00,95.16999816894531,95.2300033569336,95.0999984741211,95.16999816894531,7542,0.0,0.0,2023-07-13
2569,2023-07-13 12:15:00-04:00,95.19000244140625,95.38999938964844,95.19000244140625,95.38999938964844,7804,0.0,0.0,2023-07-13
2570,2023-07-13 12:20:00-04:00,95.41999816894531,95.43000030517578,95.33000183105469,95.41000366210938,5419,0.0,0.0,2023-07-13
2571,2023-07-13 12:25:00-04:00,95.36000061035156,95.41000366210938,95.3499984741211,95.37000274658203,4819,0.0,0.0,2023-07-13
2572,2023-07-13 12:30:00-04:00,95.37999725341797,95.41999816894531,95.33999633789062,95.3499984741211,6513,0.0,0.0,2023-07-13
2573,2023-07-13 12:35:00-04:00,95.33999633789062,95.3499984741211,95.26499938964844,95.30999755859375,4992,0.0,0.0,2023-07-13
2574,2023-07-13 12:40:00-04:00,95.33999633789062,95.36000061035156,95.30999755859375,95.30999755859375,3550,0.0,0.0,2023-07-13
2575,2023-07-13 12:45:00-04:00,95.33000183105469,95.3499984741211,95.31999969482422,95.3499984741211,3152,0.0,0.0,2023-07-13
2576,2023-07-13 12:50:00-04:00,95.33999633789062,95.5,95.33999633789062,95.44000244140625,29612,0.0,0.0,2023-07-13
2577,2023-07-13 12:55:00-04:00,95.38999938964844,95.41000366210938,95.33000183105469,95.40499877929688,3637,0.0,0.0,2023-07-13
2578,2023-07-13 13:00:00-04:00,95.41000366210938,95.43000030517578,95.2699966430664,95.2699966430664,3792,0.0,0.0,2023-07-13
2579,2023-07-13 13:05:00-04:00,95.2699966430664,95.3550033569336,95.25,95.25,5240,0.0,0.0,2023-07-13
2580,2023-07-13 13:10:00-04:00,95.25,95.30999755859375,95.13999938964844,95.30999755859375,10027,0.0,0.0,2023-07-13
2581,2023-07-13 13:15:00-04:00,95.33999633789062,95.36000061035156,95.31500244140625,95.33000183105469,6643,0.0,0.0,2023-07-13
2582,2023-07-13 13:20:00-04:00,95.3499984741211,95.44499969482422,95.31999969482422,95.38500213623047,5841,0.0,0.0,2023-07-13
2583,2023-07-13 13:25:00-04:00,95.38999938964844,95.41999816894531,95.33999633789062,95.4000015258789,4904,0.0,0.0,2023-07-13
2584,2023-07-13 13:30:00-04:00,95.44000244140625,95.44999694824219,95.38999938964844,95.41000366210938,5058,0.0,0.0,2023-07-13
2585,2023-07-13 13:35:00-04:00,95.4000015258789,95.43499755859375,95.37999725341797,95.43000030517578,6390,0.0,0.0,2023-07-13
2586,2023-07-13 13:40:00-04:00,95.44000244140625,95.5,95.43000030517578,95.43000030517578,13990,0.0,0.0,2023-07-13
2587,2023-07-13 13:45:00-04:00,95.44000244140625,95.4800033569336,95.43000030517578,95.44999694824219,6196,0.0,0.0,2023-07-13
2588,2023-07-13 13:50:00-04:00,95.4800033569336,95.63500213623047,95.44999694824219,95.54499816894531,34637,0.0,0.0,2023-07-13
2589,2023-07-13 13:55:00-04:00,95.56999969482422,95.61000061035156,95.4800033569336,95.48999786376953,9657,0.0,0.0,2023-07-13
2590,2023-07-13 14:00:00-04:00,95.5,95.55999755859375,95.5,95.54000091552734,5108,0.0,0.0,2023-07-13
2591,2023-07-13 14:05:00-04:00,95.58999633789062,95.72000122070312,95.58000183105469,95.72000122070312,5932,0.0,0.0,2023-07-13
2592,2023-07-13 14:10:00-04:00,95.78500366210938,95.78500366210938,95.6500015258789,95.6500015258789,4826,0.0,0.0,2023-07-13
2593,2023-07-13 14:15:00-04:00,95.66999816894531,95.72000122070312,95.58499908447266,95.58499908447266,9416,0.0,0.0,2023-07-13
2594,2023-07-13 14:20:00-04:00,95.5999984741211,95.5999984741211,95.48500061035156,95.5199966430664,9174,0.0,0.0,2023-07-13
2595,2023-07-13 14:25:00-04:00,95.47000122070312,95.5250015258789,95.45999908447266,95.47000122070312,5459,0.0,0.0,2023-07-13
2596,2023-07-13 14:30:00-04:00,95.44999694824219,95.48999786376953,95.44999694824219,95.48500061035156,5678,0.0,0.0,2023-07-13
2597,2023-07-13 14:35:00-04:00,95.47000122070312,95.47000122070312,95.31999969482422,95.3499984741211,4627,0.0,0.0,2023-07-13
2598,2023-07-13 14:40:00-04:00,95.3467025756836,95.43499755859375,95.3467025756836,95.41999816894531,18050,0.0,0.0,2023-07-13
2599,2023-07-13 14:45:00-04:00,95.41000366210938,95.48999786376953,95.41000366210938,95.42500305175781,5713,0.0,0.0,2023-07-13
2600,2023-07-13 14:50:00-04:00,95.44000244140625,95.47000122070312,95.43009948730469,95.44000244140625,4550,0.0,0.0,2023-07-13
2601,2023-07-13 14:55:00-04:00,95.43499755859375,95.51499938964844,95.43499755859375,95.51499938964844,11376,0.0,0.0,2023-07-13
2602,2023-07-13 15:00:00-04:00,95.51000213623047,95.5199966430664,95.48999786376953,95.51000213623047,7166,0.0,0.0,2023-07-13
2603,2023-07-13 15:05:00-04:00,95.50499725341797,95.51499938964844,95.47000122070312,95.48999786376953,12600,0.0,0.0,2023-07-13
2604,2023-07-13 15:10:00-04:00,95.5,95.5999984741211,95.44999694824219,95.44999694824219,15949,0.0,0.0,2023-07-13
2605,2023-07-13 15:15:00-04:00,95.47000122070312,95.51000213623047,95.37999725341797,95.38999938964844,9299,0.0,0.0,2023-07-13
2606,2023-07-13 15:20:00-04:00,95.38999938964844,95.45999908447266,95.37000274658203,95.43499755859375,13199,0.0,0.0,2023-07-13
2607,2023-07-13 15:25:00-04:00,95.43000030517578,95.52999877929688,95.41500091552734,95.52999877929688,9743,0.0,0.0,2023-07-13
2608,2023-07-13 15:30:00-04:00,95.53500366210938,95.58000183105469,95.47000122070312,95.47000122070312,19081,0.0,0.0,2023-07-13
2609,2023-07-13 15:35:00-04:00,95.47000122070312,95.58000183105469,95.43000030517578,95.58000183105469,40125,0.0,0.0,2023-07-13
2610,2023-07-13 15:40:00-04:00,95.58000183105469,95.62999725341797,95.54000091552734,95.58000183105469,17964,0.0,0.0,2023-07-13
2611,2023-07-13 15:45:00-04:00,95.61000061035156,95.62000274658203,95.47000122070312,95.4749984741211,24064,0.0,0.0,2023-07-13
2612,2023-07-13 15:50:00-04:00,95.4800033569336,95.6500015258789,95.4800033569336,95.48999786376953,39957,0.0,0.0,2023-07-13
2613,2023-07-13 15:55:00-04:00,95.5,95.5,95.23999786376953,95.26000213623047,187358,0.0,0.0,2023-07-13
2614,2023-07-14 09:30:00-04:00,94.88999938964844,95.44000244140625,94.69930267333984,95.41000366210938,31217,0.0,0.0,2023-07-14
2615,2023-07-14 09:35:00-04:00,95.37999725341797,95.37999725341797,94.94499969482422,95.18000030517578,13557,0.0,0.0,2023-07-14
2616,2023-07-14 09:40:00-04:00,95.0999984741211,95.30999755859375,94.93009948730469,95.30999755859375,11827,0.0,0.0,2023-07-14
2617,2023-07-14 09:45:00-04:00,95.2699966430664,95.37999725341797,95.13999938964844,95.27999877929688,15302,0.0,0.0,2023-07-14
2618,2023-07-14 09:50:00-04:00,95.38999938964844,95.41999816894531,95.27749633789062,95.3550033569336,11000,0.0,0.0,2023-07-14
2619,2023-07-14 09:55:00-04:00,95.34500122070312,95.52899932861328,95.30999755859375,95.47000122070312,5724,0.0,0.0,2023-07-14
2620,2023-07-14 10:00:00-04:00,95.3499984741211,95.53500366210938,95.33999633789062,95.41999816894531,11931,0.0,0.0,2023-07-14
2621,2023-07-14 10:05:00-04:00,95.43000030517578,95.52999877929688,95.35900115966797,95.37000274658203,7868,0.0,0.0,2023-07-14
2622,2023-07-14 10:10:00-04:00,95.43000030517578,95.46990203857422,95.33000183105469,95.4469985961914,5982,0.0,0.0,2023-07-14
2623,2023-07-14 10:15:00-04:00,95.47000122070312,95.48999786376953,95.33999633789062,95.3499984741211,8612,0.0,0.0,2023-07-14
2624,2023-07-14 10:20:00-04:00,95.37000274658203,95.37000274658203,95.23999786376953,95.2750015258789,6546,0.0,0.0,2023-07-14
2625,2023-07-14 10:25:00-04:00,95.25,95.2750015258789,95.18000030517578,95.26499938964844,9599,0.0,0.0,2023-07-14
2626,2023-07-14 10:30:00-04:00,95.28900146484375,95.28900146484375,94.98500061035156,95.0999984741211,8247,0.0,0.0,2023-07-14
2627,2023-07-14 10:35:00-04:00,95.13700103759766,95.13999938964844,95.06999969482422,95.12999725341797,7829,0.0,0.0,2023-07-14
2628,2023-07-14 10:40:00-04:00,95.12999725341797,95.15499877929688,95.05899810791016,95.07550048828125,7804,0.0,0.0,2023-07-14
2629,2023-07-14 10:45:00-04:00,95.0199966430664,95.19999694824219,94.9800033569336,95.16000366210938,12414,0.0,0.0,2023-07-14
2630,2023-07-14 10:50:00-04:00,95.16000366210938,95.29000091552734,95.08000183105469,95.08999633789062,8462,0.0,0.0,2023-07-14
2631,2023-07-14 10:55:00-04:00,95.12999725341797,95.18000030517578,95.11499786376953,95.18000030517578,15240,0.0,0.0,2023-07-14
2632,2023-07-14 11:00:00-04:00,95.16000366210938,95.2249984741211,95.02999877929688,95.11000061035156,7372,0.0,0.0,2023-07-14
2633,2023-07-14 11:05:00-04:00,95.09500122070312,95.12000274658203,94.9800033569336,94.9800033569336,9731,0.0,0.0,2023-07-14
2634,2023-07-14 11:10:00-04:00,95.01000213623047,95.12999725341797,95.0,95.08999633789062,9355,0.0,0.0,2023-07-14
2635,2023-07-14 11:15:00-04:00,95.0999984741211,95.2699966430664,95.0999984741211,95.1500015258789,15940,0.0,0.0,2023-07-14
2636,2023-07-14 11:20:00-04:00,95.20899963378906,95.25,95.16000366210938,95.19499969482422,8638,0.0,0.0,2023-07-14
2637,2023-07-14 11:25:00-04:00,95.19000244140625,95.23699951171875,95.0,95.05999755859375,11772,0.0,0.0,2023-07-14
2638,2023-07-14 11:30:00-04:00,95.05500030517578,95.0999984741211,94.87000274658203,94.91999816894531,8803,0.0,0.0,2023-07-14
2639,2023-07-14 11:35:00-04:00,94.91899871826172,95.12000274658203,94.87000274658203,95.10900115966797,21718,0.0,0.0,2023-07-14
2640,2023-07-14 11:40:00-04:00,95.05999755859375,95.05999755859375,94.94999694824219,95.04499816894531,6622,0.0,0.0,2023-07-14
2641,2023-07-14 11:45:00-04:00,95.02999877929688,95.08000183105469,95.01000213623047,95.06900024414062,5413,0.0,0.0,2023-07-14
2642,2023-07-14 11:50:00-04:00,95.01499938964844,95.0250015258789,94.95500183105469,95.0250015258789,7587,0.0,0.0,2023-07-14
2643,2023-07-14 11:55:00-04:00,95.04000091552734,95.10900115966797,95.04000091552734,95.09500122070312,5716,0.0,0.0,2023-07-14
2644,2023-07-14 12:00:00-04:00,95.12000274658203,95.22000122070312,95.11000061035156,95.12999725341797,8542,0.0,0.0,2023-07-14
2645,2023-07-14 12:05:00-04:00,95.12999725341797,95.12999725341797,95.05000305175781,95.11000061035156,9205,0.0,0.0,2023-07-14
2646,2023-07-14 12:10:00-04:00,95.12000274658203,95.2699966430664,95.0999984741211,95.22000122070312,12036,0.0,0.0,2023-07-14
2647,2023-07-14 12:15:00-04:00,95.22699737548828,95.22899627685547,95.02169799804688,95.04499816894531,11076,0.0,0.0,2023-07-14
2648,2023-07-14 12:20:00-04:00,95.05999755859375,95.0885009765625,94.98500061035156,95.0,6014,0.0,0.0,2023-07-14
2649,2023-07-14 12:25:00-04:00,94.98999786376953,95.01000213623047,94.95999908447266,94.9800033569336,5946,0.0,0.0,2023-07-14
2650,2023-07-14 12:30:00-04:00,94.97000122070312,95.01000213623047,94.90270233154297,94.98500061035156,8851,0.0,0.0,2023-07-14
2651,2023-07-14 12:35:00-04:00,94.97000122070312,95.06999969482422,94.94100189208984,95.05000305175781,6056,0.0,0.0,2023-07-14
2652,2023-07-14 12:40:00-04:00,95.05999755859375,95.18000030517578,95.05500030517578,95.16000366210938,8021,0.0,0.0,2023-07-14
2653,2023-07-14 12:45:00-04:00,95.19000244140625,95.20899963378906,95.05999755859375,95.19000244140625,7887,0.0,0.0,2023-07-14
2654,2023-07-14 12:50:00-04:00,95.17500305175781,95.19999694824219,95.02999877929688,95.02999877929688,7284,0.0,0.0,2023-07-14
2655,2023-07-14 12:55:00-04:00,94.98999786376953,95.19000244140625,94.98999786376953,95.11000061035156,8322,0.0,0.0,2023-07-14
2656,2023-07-14 13:00:00-04:00,95.13999938964844,95.16999816894531,95.0999984741211,95.13999938964844,7360,0.0,0.0,2023-07-14
2657,2023-07-14 13:05:00-04:00,95.18000030517578,95.19999694824219,95.12000274658203,95.16999816894531,7037,0.0,0.0,2023-07-14
2658,2023-07-14 13:10:00-04:00,95.16000366210938,95.28500366210938,95.1500015258789,95.20999908447266,17104,0.0,0.0,2023-07-14
2659,2023-07-14 13:15:00-04:00,95.25,95.2699966430664,95.20999908447266,95.23999786376953,8086,0.0,0.0,2023-07-14
2660,2023-07-14 13:20:00-04:00,95.26000213623047,95.27999877929688,95.20999908447266,95.25,12031,0.0,0.0,2023-07-14
2661,2023-07-14 13:25:00-04:00,95.23500061035156,95.23500061035156,95.11000061035156,95.1500015258789,10548,0.0,0.0,2023-07-14
2662,2023-07-14 13:30:00-04:00,95.12999725341797,95.20690155029297,95.08999633789062,95.11000061035156,7873,0.0,0.0,2023-07-14
2663,2023-07-14 13:35:00-04:00,95.1500015258789,95.2699966430664,95.1500015258789,95.25499725341797,11419,0.0,0.0,2023-07-14
2664,2023-07-14 13:40:00-04:00,95.26000213623047,95.33000183105469,95.2300033569336,95.33000183105469,10679,0.0,0.0,2023-07-14
2665,2023-07-14 13:45:00-04:00,95.30000305175781,95.31999969482422,95.2750015258789,95.31500244140625,6555,0.0,0.0,2023-07-14
2666,2023-07-14 13:50:00-04:00,95.30999755859375,95.30999755859375,95.25,95.2699966430664,8178,0.0,0.0,2023-07-14
2667,2023-07-14 13:55:00-04:00,95.29000091552734,95.30000305175781,95.23999786376953,95.2699966430664,8014,0.0,0.0,2023-07-14
2668,2023-07-14 14:00:00-04:00,95.27999877929688,95.33999633789062,95.27999877929688,95.27999877929688,6627,0.0,0.0,2023-07-14
2669,2023-07-14 14:05:00-04:00,95.2699966430664,95.33000183105469,95.2699966430664,95.31999969482422,12140,0.0,0.0,2023-07-14
2670,2023-07-14 14:10:00-04:00,95.30000305175781,95.3499984741211,95.30000305175781,95.31999969482422,8920,0.0,0.0,2023-07-14
2671,2023-07-14 14:15:00-04:00,95.32769775390625,95.3499984741211,95.25,95.2699966430664,8053,0.0,0.0,2023-07-14
2672,2023-07-14 14:20:00-04:00,95.27999877929688,95.30000305175781,95.24500274658203,95.29000091552734,10592,0.0,0.0,2023-07-14
2673,2023-07-14 14:25:00-04:00,95.30000305175781,95.30999755859375,95.19999694824219,95.19999694824219,6866,0.0,0.0,2023-07-14
2674,2023-07-14 14:30:00-04:00,95.1500015258789,95.19000244140625,95.08999633789062,95.16999816894531,10217,0.0,0.0,2023-07-14
2675,2023-07-14 14:35:00-04:00,95.12999725341797,95.19999694824219,95.11000061035156,95.19999694824219,7798,0.0,0.0,2023-07-14
2676,2023-07-14 14:40:00-04:00,95.19000244140625,95.23999786376953,95.13999938964844,95.16000366210938,7379,0.0,0.0,2023-07-14
2677,2023-07-14 14:45:00-04:00,95.16000366210938,95.22000122070312,95.13999938964844,95.18000030517578,6290,0.0,0.0,2023-07-14
2678,2023-07-14 14:50:00-04:00,95.18000030517578,95.25,95.16999816894531,95.2300033569336,8099,0.0,0.0,2023-07-14
2679,2023-07-14 14:55:00-04:00,95.20999908447266,95.25499725341797,95.18000030517578,95.20680236816406,8124,0.0,0.0,2023-07-14
2680,2023-07-14 15:00:00-04:00,95.19999694824219,95.19999694824219,95.06999969482422,95.16999816894531,7666,0.0,0.0,2023-07-14
2681,2023-07-14 15:05:00-04:00,95.16999816894531,95.20999908447266,95.1500015258789,95.16000366210938,8305,0.0,0.0,2023-07-14
2682,2023-07-14 15:10:00-04:00,95.17990112304688,95.25,95.1500015258789,95.25,9890,0.0,0.0,2023-07-14
2683,2023-07-14 15:15:00-04:00,95.26000213623047,95.30999755859375,95.23999786376953,95.26000213623047,9106,0.0,0.0,2023-07-14
2684,2023-07-14 15:20:00-04:00,95.25499725341797,95.25499725341797,95.19499969482422,95.2249984741211,10167,0.0,0.0,2023-07-14
2685,2023-07-14 15:25:00-04:00,95.23999786376953,95.27999877929688,95.19000244140625,95.26000213623047,16430,0.0,0.0,2023-07-14
2686,2023-07-14 15:30:00-04:00,95.2699966430664,95.27999877929688,95.16500091552734,95.18000030517578,18480,0.0,0.0,2023-07-14
2687,2023-07-14 15:35:00-04:00,95.16999816894531,95.20999908447266,95.09500122070312,95.12999725341797,13506,0.0,0.0,2023-07-14
2688,2023-07-14 15:40:00-04:00,95.12999725341797,95.13999938964844,94.94000244140625,94.94000244140625,13558,0.0,0.0,2023-07-14
2689,2023-07-14 15:45:00-04:00,94.93000030517578,94.94000244140625,94.88500213623047,94.88999938964844,24507,0.0,0.0,2023-07-14
2690,2023-07-14 15:50:00-04:00,94.87999725341797,95.0999984741211,94.83999633789062,95.08000183105469,47095,0.0,0.0,2023-07-14
2691,2023-07-14 15:55:00-04:00,95.05999755859375,95.08000183105469,94.94000244140625,95.04000091552734,125883,0.0,0.0,2023-07-14
2692,2023-07-17 09:30:00-04:00,94.47000122070312,94.77999877929688,94.47000122070312,94.7750015258789,35076,0.0,0.0,2023-07-17
2693,2023-07-17 09:35:00-04:00,94.7300033569336,94.83000183105469,94.47000122070312,94.83000183105469,11456,0.0,0.0,2023-07-17
2694,2023-07-17 09:40:00-04:00,94.86000061035156,95.37999725341797,94.86000061035156,95.37999725341797,8678,0.0,0.0,2023-07-17
2695,2023-07-17 09:45:00-04:00,95.44499969482422,95.83499908447266,95.33000183105469,95.77999877929688,30023,0.0,0.0,2023-07-17
2696,2023-07-17 09:50:00-04:00,95.80999755859375,96.05999755859375,95.79000091552734,95.86000061035156,19064,0.0,0.0,2023-07-17
2697,2023-07-17 09:55:00-04:00,95.87999725341797,96.12000274658203,95.8499984741211,96.12000274658203,18644,0.0,0.0,2023-07-17
2698,2023-07-17 10:00:00-04:00,96.15499877929688,96.31999969482422,96.04010009765625,96.19999694824219,20870,0.0,0.0,2023-07-17
2699,2023-07-17 10:05:00-04:00,96.1875,96.45999908447266,96.1875,96.33999633789062,59668,0.0,0.0,2023-07-17
2700,2023-07-17 10:10:00-04:00,96.2699966430664,96.40499877929688,96.18000030517578,96.4000015258789,29240,0.0,0.0,2023-07-17
2701,2023-07-17 10:15:00-04:00,96.4000015258789,96.4000015258789,96.19000244140625,96.28500366210938,10057,0.0,0.0,2023-07-17
2702,2023-07-17 10:20:00-04:00,96.2699966430664,96.4000015258789,96.26499938964844,96.31500244140625,14504,0.0,0.0,2023-07-17
2703,2023-07-17 10:25:00-04:00,96.33999633789062,96.36000061035156,96.19999694824219,96.20999908447266,17054,0.0,0.0,2023-07-17
2704,2023-07-17 10:30:00-04:00,96.19999694824219,96.26499938964844,96.12000274658203,96.12000274658203,16938,0.0,0.0,2023-07-17
2705,2023-07-17 10:35:00-04:00,96.12999725341797,96.12999725341797,95.91999816894531,95.91999816894531,14349,0.0,0.0,2023-07-17
2706,2023-07-17 10:40:00-04:00,95.91500091552734,96.13999938964844,95.87999725341797,96.13999938964844,74972,0.0,0.0,2023-07-17
2707,2023-07-17 10:45:00-04:00,96.12000274658203,96.29000091552734,96.04000091552734,96.22000122070312,18194,0.0,0.0,2023-07-17
2708,2023-07-17 10:50:00-04:00,96.20999908447266,96.2300033569336,96.08999633789062,96.2300033569336,11443,0.0,0.0,2023-07-17
2709,2023-07-17 10:55:00-04:00,96.2300033569336,96.2300033569336,96.04000091552734,96.04000091552734,14032,0.0,0.0,2023-07-17
2710,2023-07-17 11:00:00-04:00,96.04000091552734,96.21499633789062,96.02999877929688,96.08000183105469,35653,0.0,0.0,2023-07-17
2711,2023-07-17 11:05:00-04:00,96.09500122070312,96.1500015258789,96.05500030517578,96.1449966430664,30204,0.0,0.0,2023-07-17
2712,2023-07-17 11:10:00-04:00,96.1500015258789,96.22000122070312,96.0999984741211,96.12000274658203,32956,0.0,0.0,2023-07-17
2713,2023-07-17 11:15:00-04:00,96.11000061035156,96.30500030517578,96.11000061035156,96.20999908447266,19634,0.0,0.0,2023-07-17
2714,2023-07-17 11:20:00-04:00,96.22000122070312,96.26000213623047,96.1500015258789,96.25,9579,0.0,0.0,2023-07-17
2715,2023-07-17 11:25:00-04:00,96.2300033569336,96.41000366210938,96.19000244140625,96.30919647216797,34446,0.0,0.0,2023-07-17
2716,2023-07-17 11:30:00-04:00,96.30000305175781,96.45500183105469,96.25499725341797,96.45500183105469,16438,0.0,0.0,2023-07-17
2717,2023-07-17 11:35:00-04:00,96.44999694824219,96.47000122070312,96.27010345458984,96.27999877929688,13292,0.0,0.0,2023-07-17
2718,2023-07-17 11:40:00-04:00,96.29000091552734,96.55000305175781,96.29000091552734,96.55000305175781,15009,0.0,0.0,2023-07-17
2719,2023-07-17 11:45:00-04:00,96.5999984741211,96.66999816894531,96.51000213623047,96.66000366210938,8466,0.0,0.0,2023-07-17
2720,2023-07-17 11:50:00-04:00,96.66999816894531,96.8499984741211,96.66999816894531,96.70999908447266,33066,0.0,0.0,2023-07-17
2721,2023-07-17 11:55:00-04:00,96.72000122070312,96.83000183105469,96.72000122070312,96.75499725341797,8106,0.0,0.0,2023-07-17
2722,2023-07-17 12:00:00-04:00,96.76000213623047,96.78500366210938,96.68000030517578,96.69000244140625,16336,0.0,0.0,2023-07-17
2723,2023-07-17 12:05:00-04:00,96.71499633789062,96.81999969482422,96.70999908447266,96.81999969482422,9404,0.0,0.0,2023-07-17
2724,2023-07-17 12:10:00-04:00,96.81999969482422,96.9000015258789,96.80049896240234,96.86000061035156,11871,0.0,0.0,2023-07-17
2725,2023-07-17 12:15:00-04:00,96.86000061035156,96.9000015258789,96.72000122070312,96.7300033569336,7401,0.0,0.0,2023-07-17
2726,2023-07-17 12:20:00-04:00,96.7300033569336,96.83000183105469,96.62000274658203,96.7699966430664,8851,0.0,0.0,2023-07-17
2727,2023-07-17 12:25:00-04:00,96.77999877929688,96.87999725341797,96.77999877929688,96.8499984741211,9422,0.0,0.0,2023-07-17
2728,2023-07-17 12:30:00-04:00,96.8499984741211,96.91999816894531,96.80000305175781,96.80999755859375,8483,0.0,0.0,2023-07-17
2729,2023-07-17 12:35:00-04:00,96.81999969482422,96.88999938964844,96.81999969482422,96.84500122070312,6659,0.0,0.0,2023-07-17
2730,2023-07-17 12:40:00-04:00,96.84500122070312,96.87999725341797,96.81999969482422,96.8499984741211,10541,0.0,0.0,2023-07-17
2731,2023-07-17 12:45:00-04:00,96.8499984741211,96.8499984741211,96.70999908447266,96.70999908447266,11781,0.0,0.0,2023-07-17
2732,2023-07-17 12:50:00-04:00,96.69999694824219,96.83000183105469,96.69999694824219,96.76000213623047,10754,0.0,0.0,2023-07-17
2733,2023-07-17 12:55:00-04:00,96.7300033569336,96.7750015258789,96.69999694824219,96.75,5805,0.0,0.0,2023-07-17
2734,2023-07-17 13:00:00-04:00,96.74500274658203,96.74500274658203,96.4800033569336,96.5199966430664,25206,0.0,0.0,2023-07-17
2735,2023-07-17 13:05:00-04:00,96.5199966430664,96.55000305175781,96.30999755859375,96.3499984741211,17389,0.0,0.0,2023-07-17
2736,2023-07-17 13:10:00-04:00,96.3499984741211,96.41999816894531,96.33499908447266,96.33999633789062,14868,0.0,0.0,2023-07-17
2737,2023-07-17 13:15:00-04:00,96.33999633789062,96.4000015258789,96.33999633789062,96.38999938964844,11522,0.0,0.0,2023-07-17
2738,2023-07-17 13:20:00-04:00,96.38999938964844,96.38999938964844,96.2300033569336,96.23999786376953,11996,0.0,0.0,2023-07-17
2739,2023-07-17 13:25:00-04:00,96.2300033569336,96.25,96.16500091552734,96.22000122070312,15755,0.0,0.0,2023-07-17
2740,2023-07-17 13:30:00-04:00,96.2300033569336,96.25,96.16500091552734,96.18000030517578,14062,0.0,0.0,2023-07-17
2741,2023-07-17 13:35:00-04:00,96.19000244140625,96.19999694824219,96.1500015258789,96.19000244140625,17046,0.0,0.0,2023-07-17
2742,2023-07-17 13:40:00-04:00,96.19000244140625,96.19000244140625,96.0999984741211,96.16999816894531,10133,0.0,0.0,2023-07-17
2743,2023-07-17 13:45:00-04:00,96.16000366210938,96.31999969482422,96.16000366210938,96.31999969482422,11280,0.0,0.0,2023-07-17
2744,2023-07-17 13:50:00-04:00,96.38999938964844,96.38999938964844,96.29000091552734,96.33999633789062,7340,0.0,0.0,2023-07-17
2745,2023-07-17 13:55:00-04:00,96.3499984741211,96.4000015258789,96.29000091552734,96.375,9511,0.0,0.0,2023-07-17
2746,2023-07-17 14:00:00-04:00,96.4000015258789,96.4000015258789,96.34989929199219,96.38999938964844,14280,0.0,0.0,2023-07-17
2747,2023-07-17 14:05:00-04:00,96.38500213623047,96.44999694824219,96.30999755859375,96.31999969482422,20295,0.0,0.0,2023-07-17
2748,2023-07-17 14:10:00-04:00,96.30000305175781,96.33000183105469,96.23999786376953,96.23999786376953,7580,0.0,0.0,2023-07-17
2749,2023-07-17 14:15:00-04:00,96.25,96.25869750976562,96.19999694824219,96.21499633789062,9157,0.0,0.0,2023-07-17
2750,2023-07-17 14:20:00-04:00,96.2300033569336,96.30999755859375,96.20999908447266,96.30999755859375,15893,0.0,0.0,2023-07-17
2751,2023-07-17 14:25:00-04:00,96.30000305175781,96.32499694824219,96.2750015258789,96.32499694824219,11408,0.0,0.0,2023-07-17
2752,2023-07-17 14:30:00-04:00,96.33999633789062,96.38999938964844,96.26000213623047,96.26000213623047,10367,0.0,0.0,2023-07-17
2753,2023-07-17 14:35:00-04:00,96.27999877929688,96.27999877929688,96.11499786376953,96.11499786376953,9482,0.0,0.0,2023-07-17
2754,2023-07-17 14:40:00-04:00,96.11000061035156,96.19499969482422,96.0999984741211,96.19000244140625,20401,0.0,0.0,2023-07-17
2755,2023-07-17 14:45:00-04:00,96.19999694824219,96.19999694824219,96.12000274658203,96.16000366210938,15021,0.0,0.0,2023-07-17
2756,2023-07-17 14:50:00-04:00,96.16000366210938,96.16999816894531,96.0199966430664,96.0199966430664,28461,0.0,0.0,2023-07-17
2757,2023-07-17 14:55:00-04:00,96.00499725341797,96.05500030517578,95.95999908447266,95.97000122070312,32974,0.0,0.0,2023-07-17
2758,2023-07-17 15:00:00-04:00,95.93499755859375,96.0,95.81999969482422,95.83000183105469,12985,0.0,0.0,2023-07-17
2759,2023-07-17 15:05:00-04:00,95.83999633789062,95.8499984741211,95.7300033569336,95.80500030517578,20451,0.0,0.0,2023-07-17
2760,2023-07-17 15:10:00-04:00,95.80999755859375,95.80999755859375,95.7300033569336,95.76000213623047,27076,0.0,0.0,2023-07-17
2761,2023-07-17 15:15:00-04:00,95.72000122070312,95.83999633789062,95.69999694824219,95.83499908447266,40223,0.0,0.0,2023-07-17
2762,2023-07-17 15:20:00-04:00,95.81999969482422,95.83999633789062,95.75,95.80000305175781,24893,0.0,0.0,2023-07-17
2763,2023-07-17 15:25:00-04:00,95.79499816894531,95.83999633789062,95.75499725341797,95.82499694824219,22366,0.0,0.0,2023-07-17
2764,2023-07-17 15:30:00-04:00,95.80999755859375,95.91000366210938,95.79000091552734,95.86499786376953,51485,0.0,0.0,2023-07-17
2765,2023-07-17 15:35:00-04:00,95.86499786376953,95.97000122070312,95.83000183105469,95.84500122070312,47667,0.0,0.0,2023-07-17
2766,2023-07-17 15:40:00-04:00,95.83999633789062,96.12999725341797,95.83999633789062,96.05999755859375,36312,0.0,0.0,2023-07-17
2767,2023-07-17 15:45:00-04:00,96.07499694824219,96.25,96.02999877929688,96.20999908447266,83572,0.0,0.0,2023-07-17
2768,2023-07-17 15:50:00-04:00,96.20999908447266,96.23500061035156,96.0999984741211,96.18499755859375,77342,0.0,0.0,2023-07-17
2769,2023-07-17 15:55:00-04:00,96.18000030517578,96.2300033569336,96.11000061035156,96.18000030517578,172260,0.0,0.0,2023-07-17
2770,2023-07-18 09:30:00-04:00,96.0,96.0,95.33000183105469,95.56500244140625,38664,0.0,0.0,2023-07-18
2771,2023-07-18 09:35:00-04:00,95.59500122070312,96.09500122070312,95.5199966430664,96.09500122070312,11680,0.0,0.0,2023-07-18
2772,2023-07-18 09:40:00-04:00,96.04000091552734,96.26000213623047,95.9000015258789,96.19499969482422,41277,0.0,0.0,2023-07-18
2773,2023-07-18 09:45:00-04:00,96.20500183105469,96.6500015258789,96.03500366210938,96.55999755859375,62801,0.0,0.0,2023-07-18
2774,2023-07-18 09:50:00-04:00,96.61000061035156,96.61000061035156,96.12999725341797,96.25,16055,0.0,0.0,2023-07-18
2775,2023-07-18 09:55:00-04:00,96.37000274658203,96.4800033569336,96.33000183105469,96.4800033569336,12452,0.0,0.0,2023-07-18
2776,2023-07-18 10:00:00-04:00,96.4800033569336,96.54000091552734,96.2300033569336,96.33999633789062,19304,0.0,0.0,2023-07-18
2777,2023-07-18 10:05:00-04:00,96.3499984741211,96.43000030517578,96.222900390625,96.31999969482422,24013,0.0,0.0,2023-07-18
2778,2023-07-18 10:10:00-04:00,96.2750015258789,96.375,96.18499755859375,96.33999633789062,15623,0.0,0.0,2023-07-18
2779,2023-07-18 10:15:00-04:00,96.3499984741211,96.37999725341797,96.28500366210938,96.36499786376953,14422,0.0,0.0,2023-07-18
2780,2023-07-18 10:20:00-04:00,96.37999725341797,96.47000122070312,96.37999725341797,96.44000244140625,9934,0.0,0.0,2023-07-18
2781,2023-07-18 10:25:00-04:00,96.44000244140625,96.47000122070312,96.33000183105469,96.37999725341797,18619,0.0,0.0,2023-07-18
2782,2023-07-18 10:30:00-04:00,96.4000015258789,96.43499755859375,96.23999786376953,96.25,13928,0.0,0.0,2023-07-18
2783,2023-07-18 10:35:00-04:00,96.23999786376953,96.33999633789062,96.2300033569336,96.27999877929688,15640,0.0,0.0,2023-07-18
2784,2023-07-18 10:40:00-04:00,96.27999877929688,96.375,96.19000244140625,96.19999694824219,16012,0.0,0.0,2023-07-18
2785,2023-07-18 10:45:00-04:00,96.20500183105469,96.30999755859375,96.18000030517578,96.2699966430664,23519,0.0,0.0,2023-07-18
2786,2023-07-18 10:50:00-04:00,96.27439880371094,96.29000091552734,96.16999816894531,96.18000030517578,12134,0.0,0.0,2023-07-18
2787,2023-07-18 10:55:00-04:00,96.11000061035156,96.13999938964844,96.02999877929688,96.12000274658203,11518,0.0,0.0,2023-07-18
2788,2023-07-18 11:00:00-04:00,96.12000274658203,96.12000274658203,95.86000061035156,95.86000061035156,10147,0.0,0.0,2023-07-18
2789,2023-07-18 11:05:00-04:00,95.875,95.87999725341797,95.7699966430664,95.83000183105469,17100,0.0,0.0,2023-07-18
2790,2023-07-18 11:10:00-04:00,95.86000061035156,95.86000061035156,95.69999694824219,95.75,20509,0.0,0.0,2023-07-18
2791,2023-07-18 11:15:00-04:00,95.76000213623047,95.86499786376953,95.73500061035156,95.73500061035156,18586,0.0,0.0,2023-07-18
2792,2023-07-18 11:20:00-04:00,95.70500183105469,95.73999786376953,95.62999725341797,95.63999938964844,15996,0.0,0.0,2023-07-18
2793,2023-07-18 11:25:00-04:00,95.63999938964844,95.73999786376953,95.63999938964844,95.68000030517578,10624,0.0,0.0,2023-07-18
2794,2023-07-18 11:30:00-04:00,95.68000030517578,95.72000122070312,95.48999786376953,95.52999877929688,12940,0.0,0.0,2023-07-18
2795,2023-07-18 11:35:00-04:00,95.55999755859375,95.61000061035156,95.52999877929688,95.55999755859375,15550,0.0,0.0,2023-07-18
2796,2023-07-18 11:40:00-04:00,95.55999755859375,95.58000183105469,95.37000274658203,95.37000274658203,16841,0.0,0.0,2023-07-18
2797,2023-07-18 11:45:00-04:00,95.37000274658203,95.44999694824219,95.25,95.40499877929688,31312,0.0,0.0,2023-07-18
2798,2023-07-18 11:50:00-04:00,95.43000030517578,95.4749984741211,95.3499984741211,95.4749984741211,18474,0.0,0.0,2023-07-18
2799,2023-07-18 11:55:00-04:00,95.48999786376953,95.55999755859375,95.45690155029297,95.55999755859375,6353,0.0,0.0,2023-07-18
2800,2023-07-18 12:00:00-04:00,95.54499816894531,95.63999938964844,95.36000061035156,95.4000015258789,23113,0.0,0.0,2023-07-18
2801,2023-07-18 12:05:00-04:00,95.37000274658203,95.38999938964844,95.0,95.0199966430664,18858,0.0,0.0,2023-07-18
2802,2023-07-18 12:10:00-04:00,95.0199966430664,95.0199966430664,94.7677001953125,94.7677001953125,39086,0.0,0.0,2023-07-18
2803,2023-07-18 12:15:00-04:00,94.70059967041016,94.73999786376953,94.61000061035156,94.6500015258789,12209,0.0,0.0,2023-07-18
2804,2023-07-18 12:20:00-04:00,94.69999694824219,94.69999694824219,94.31999969482422,94.31999969482422,15947,0.0,0.0,2023-07-18
2805,2023-07-18 12:25:00-04:00,94.3550033569336,94.54000091552734,94.30999755859375,94.54000091552734,11867,0.0,0.0,2023-07-18
2806,2023-07-18 12:30:00-04:00,94.5199966430664,94.72000122070312,94.41999816894531,94.58999633789062,14249,0.0,0.0,2023-07-18
2807,2023-07-18 12:35:00-04:00,94.55999755859375,94.80999755859375,94.51000213623047,94.58999633789062,12570,0.0,0.0,2023-07-18
2808,2023-07-18 12:40:00-04:00,94.52999877929688,94.58000183105469,94.30000305175781,94.30000305175781,39144,0.0,0.0,2023-07-18
2809,2023-07-18 12:45:00-04:00,94.32099914550781,94.38999938964844,94.2300033569336,94.37999725341797,34140,0.0,0.0,2023-07-18
2810,2023-07-18 12:50:00-04:00,94.37999725341797,94.4800033569336,94.31999969482422,94.38999938964844,8659,0.0,0.0,2023-07-18
2811,2023-07-18 12:55:00-04:00,94.48999786376953,94.48999786376953,94.18000030517578,94.18000030517578,15294,0.0,0.0,2023-07-18
2812,2023-07-18 13:00:00-04:00,94.12999725341797,94.12999725341797,93.88999938964844,93.94999694824219,13981,0.0,0.0,2023-07-18
2813,2023-07-18 13:05:00-04:00,93.98999786376953,94.3324966430664,93.98999786376953,94.18499755859375,26569,0.0,0.0,2023-07-18
2814,2023-07-18 13:10:00-04:00,94.20999908447266,94.48999786376953,94.20999908447266,94.45999908447266,6204,0.0,0.0,2023-07-18
2815,2023-07-18 13:15:00-04:00,94.5199966430664,94.5199966430664,94.31999969482422,94.51000213623047,9244,0.0,0.0,2023-07-18
2816,2023-07-18 13:20:00-04:00,94.4749984741211,94.62999725341797,94.46499633789062,94.56999969482422,10688,0.0,0.0,2023-07-18
2817,2023-07-18 13:25:00-04:00,94.54499816894531,94.67500305175781,94.5250015258789,94.67500305175781,9631,0.0,0.0,2023-07-18
2818,2023-07-18 13:30:00-04:00,94.69999694824219,94.70999908447266,94.56500244140625,94.56500244140625,10423,0.0,0.0,2023-07-18
2819,2023-07-18 13:35:00-04:00,94.58999633789062,94.9000015258789,94.58999633789062,94.87000274658203,15200,0.0,0.0,2023-07-18
2820,2023-07-18 13:40:00-04:00,94.91000366210938,94.97000122070312,94.79000091552734,94.91000366210938,15177,0.0,0.0,2023-07-18
2821,2023-07-18 13:45:00-04:00,94.93000030517578,94.94999694824219,94.75,94.75,10985,0.0,0.0,2023-07-18
2822,2023-07-18 13:50:00-04:00,94.74500274658203,94.88999938964844,94.70999908447266,94.88999938964844,7226,0.0,0.0,2023-07-18
2823,2023-07-18 13:55:00-04:00,94.86499786376953,95.02999877929688,94.86499786376953,95.0,11650,0.0,0.0,2023-07-18
2824,2023-07-18 14:00:00-04:00,95.01000213623047,95.13999938964844,94.95999908447266,94.9800033569336,15208,0.0,0.0,2023-07-18
2825,2023-07-18 14:05:00-04:00,94.95999908447266,95.04000091552734,94.95999908447266,94.98999786376953,22424,0.0,0.0,2023-07-18
2826,2023-07-18 14:10:00-04:00,94.95999908447266,94.97000122070312,94.81999969482422,94.87000274658203,10661,0.0,0.0,2023-07-18
2827,2023-07-18 14:15:00-04:00,94.87999725341797,95.0,94.8499984741211,95.0,9993,0.0,0.0,2023-07-18
2828,2023-07-18 14:20:00-04:00,94.98999786376953,95.02999877929688,94.95999908447266,94.98999786376953,19017,0.0,0.0,2023-07-18
2829,2023-07-18 14:25:00-04:00,95.04000091552734,95.16999816894531,95.04000091552734,95.1500015258789,4885,0.0,0.0,2023-07-18
2830,2023-07-18 14:30:00-04:00,95.18000030517578,95.4000015258789,95.18000030517578,95.30000305175781,10529,0.0,0.0,2023-07-18
2831,2023-07-18 14:35:00-04:00,95.29000091552734,95.29000091552734,95.08000183105469,95.09500122070312,12675,0.0,0.0,2023-07-18
2832,2023-07-18 14:40:00-04:00,95.09500122070312,95.11000061035156,94.98500061035156,95.11000061035156,11061,0.0,0.0,2023-07-18
2833,2023-07-18 14:45:00-04:00,95.0999984741211,95.26000213623047,95.0999984741211,95.19499969482422,11910,0.0,0.0,2023-07-18
2834,2023-07-18 14:50:00-04:00,95.20999908447266,95.23999786376953,95.12000274658203,95.18000030517578,16173,0.0,0.0,2023-07-18
2835,2023-07-18 14:55:00-04:00,95.16999816894531,95.17500305175781,95.04499816894531,95.11000061035156,20481,0.0,0.0,2023-07-18
2836,2023-07-18 15:00:00-04:00,95.12000274658203,95.12000274658203,95.05000305175781,95.12000274658203,13904,0.0,0.0,2023-07-18
2837,2023-07-18 15:05:00-04:00,95.12000274658203,95.27999877929688,95.12000274658203,95.25,10341,0.0,0.0,2023-07-18
2838,2023-07-18 15:10:00-04:00,95.25,95.41000366210938,95.24500274658203,95.36000061035156,19450,0.0,0.0,2023-07-18
2839,2023-07-18 15:15:00-04:00,95.37999725341797,95.4000015258789,95.27999877929688,95.33999633789062,20145,0.0,0.0,2023-07-18
2840,2023-07-18 15:20:00-04:00,95.33999633789062,95.37000274658203,95.22000122070312,95.31999969482422,20618,0.0,0.0,2023-07-18
2841,2023-07-18 15:25:00-04:00,95.30999755859375,95.41999816894531,95.30000305175781,95.3499984741211,30417,0.0,0.0,2023-07-18
2842,2023-07-18 15:30:00-04:00,95.33999633789062,95.58000183105469,95.31999969482422,95.56999969482422,29268,0.0,0.0,2023-07-18
2843,2023-07-18 15:35:00-04:00,95.55000305175781,95.61000061035156,95.4800033569336,95.56500244140625,30411,0.0,0.0,2023-07-18
2844,2023-07-18 15:40:00-04:00,95.55999755859375,95.66000366210938,95.55999755859375,95.63999938964844,31027,0.0,0.0,2023-07-18
2845,2023-07-18 15:45:00-04:00,95.62999725341797,95.87999725341797,95.61499786376953,95.86000061035156,30674,0.0,0.0,2023-07-18
2846,2023-07-18 15:50:00-04:00,95.8499984741211,95.86000061035156,95.58000183105469,95.61000061035156,79468,0.0,0.0,2023-07-18
2847,2023-07-18 15:55:00-04:00,95.5999984741211,95.62000274658203,95.30000305175781,95.36000061035156,199475,0.0,0.0,2023-07-18
2848,2023-07-19 09:30:00-04:00,94.83000183105469,95.26000213623047,94.12000274658203,95.13999938964844,38344,0.0,0.0,2023-07-19
2849,2023-07-19 09:35:00-04:00,95.03500366210938,95.34500122070312,94.91999816894531,95.34500122070312,14202,0.0,0.0,2023-07-19
2850,2023-07-19 09:40:00-04:00,95.34500122070312,95.51000213623047,95.20999908447266,95.20999908447266,17974,0.0,0.0,2023-07-19
2851,2023-07-19 09:45:00-04:00,95.2249984741211,95.44000244140625,95.16000366210938,95.38999938964844,20041,0.0,0.0,2023-07-19
2852,2023-07-19 09:50:00-04:00,95.4000015258789,95.41000366210938,95.16999816894531,95.30000305175781,12002,0.0,0.0,2023-07-19
2853,2023-07-19 09:55:00-04:00,95.30000305175781,95.54000091552734,95.30000305175781,95.33000183105469,16069,0.0,0.0,2023-07-19
2854,2023-07-19 10:00:00-04:00,95.31999969482422,95.4000015258789,95.23500061035156,95.23500061035156,26114,0.0,0.0,2023-07-19
2855,2023-07-19 10:05:00-04:00,95.20999908447266,95.2699966430664,95.01000213623047,95.01000213623047,20171,0.0,0.0,2023-07-19
2856,2023-07-19 10:10:00-04:00,95.0199966430664,95.0270004272461,94.88999938964844,94.9469985961914,15514,0.0,0.0,2023-07-19
2857,2023-07-19 10:15:00-04:00,94.88500213623047,94.93000030517578,94.63999938964844,94.7490005493164,19974,0.0,0.0,2023-07-19
2858,2023-07-19 10:20:00-04:00,94.7300033569336,94.87999725341797,94.69499969482422,94.7300033569336,29571,0.0,0.0,2023-07-19
2859,2023-07-19 10:25:00-04:00,94.7300033569336,94.79499816894531,94.58999633789062,94.59010314941406,23014,0.0,0.0,2023-07-19
2860,2023-07-19 10:30:00-04:00,94.62000274658203,94.62000274658203,94.42500305175781,94.4800033569336,9665,0.0,0.0,2023-07-19
2861,2023-07-19 10:35:00-04:00,94.48999786376953,94.5,94.29000091552734,94.30000305175781,27296,0.0,0.0,2023-07-19
2862,2023-07-19 10:40:00-04:00,94.30000305175781,94.55000305175781,94.29000091552734,94.44999694824219,14739,0.0,0.0,2023-07-19
2863,2023-07-19 10:45:00-04:00,94.48999786376953,94.51499938964844,94.38999938964844,94.41999816894531,16252,0.0,0.0,2023-07-19
2864,2023-07-19 10:50:00-04:00,94.43000030517578,94.54000091552734,94.26000213623047,94.26000213623047,23711,0.0,0.0,2023-07-19
2865,2023-07-19 10:55:00-04:00,94.25,94.47899627685547,94.19000244140625,94.47899627685547,22647,0.0,0.0,2023-07-19
2866,2023-07-19 11:00:00-04:00,94.46499633789062,94.51000213623047,94.30000305175781,94.30999755859375,14870,0.0,0.0,2023-07-19
2867,2023-07-19 11:05:00-04:00,94.3499984741211,94.4000015258789,94.2300033569336,94.2300033569336,21765,0.0,0.0,2023-07-19
2868,2023-07-19 11:10:00-04:00,94.23500061035156,94.23999786376953,94.08000183105469,94.08000183105469,14637,0.0,0.0,2023-07-19
2869,2023-07-19 11:15:00-04:00,94.07499694824219,94.12999725341797,94.01499938964844,94.01499938964844,13257,0.0,0.0,2023-07-19
2870,2023-07-19 11:20:00-04:00,94.05999755859375,94.13999938964844,93.93000030517578,93.94999694824219,68597,0.0,0.0,2023-07-19
2871,2023-07-19 11:25:00-04:00,93.94999694824219,94.30000305175781,93.94999694824219,94.23999786376953,22529,0.0,0.0,2023-07-19
2872,2023-07-19 11:30:00-04:00,94.2699966430664,94.36499786376953,94.23999786376953,94.31999969482422,11179,0.0,0.0,2023-07-19
2873,2023-07-19 11:35:00-04:00,94.29000091552734,94.31999969482422,94.19999694824219,94.27999877929688,44876,0.0,0.0,2023-07-19
2874,2023-07-19 11:40:00-04:00,94.28500366210938,94.33000183105469,94.1500015258789,94.19999694824219,19232,0.0,0.0,2023-07-19
2875,2023-07-19 11:45:00-04:00,94.23999786376953,94.23999786376953,94.0,94.0,12540,0.0,0.0,2023-07-19
2876,2023-07-19 11:50:00-04:00,93.97000122070312,94.18000030517578,93.94999694824219,94.12999725341797,29287,0.0,0.0,2023-07-19
2877,2023-07-19 11:55:00-04:00,94.11000061035156,94.16999816894531,94.08999633789062,94.12999725341797,9398,0.0,0.0,2023-07-19
2878,2023-07-19 12:00:00-04:00,94.13999938964844,94.19999694824219,94.11000061035156,94.16000366210938,12548,0.0,0.0,2023-07-19
2879,2023-07-19 12:05:00-04:00,94.16999816894531,94.19999694824219,94.08499908447266,94.1500015258789,11683,0.0,0.0,2023-07-19
2880,2023-07-19 12:10:00-04:00,94.16899871826172,94.18499755859375,94.08000183105469,94.18499755859375,13423,0.0,0.0,2023-07-19
2881,2023-07-19 12:15:00-04:00,94.19999694824219,94.25,94.16000366210938,94.21510314941406,14048,0.0,0.0,2023-07-19
2882,2023-07-19 12:20:00-04:00,94.19999694824219,94.2249984741211,94.12999725341797,94.19000244140625,14429,0.0,0.0,2023-07-19
2883,2023-07-19 12:25:00-04:00,94.19000244140625,94.2113037109375,93.98500061035156,94.05899810791016,34400,0.0,0.0,2023-07-19
2884,2023-07-19 12:30:00-04:00,94.01000213623047,94.0999984741211,93.9800033569336,94.05999755859375,9432,0.0,0.0,2023-07-19
2885,2023-07-19 12:35:00-04:00,94.04000091552734,94.27999877929688,94.0199966430664,94.27999877929688,12019,0.0,0.0,2023-07-19
2886,2023-07-19 12:40:00-04:00,94.31999969482422,94.47000122070312,94.31999969482422,94.44999694824219,14338,0.0,0.0,2023-07-19
2887,2023-07-19 12:45:00-04:00,94.41999816894531,94.44000244140625,94.38999938964844,94.41999816894531,5898,0.0,0.0,2023-07-19
2888,2023-07-19 12:50:00-04:00,94.42500305175781,94.44999694824219,94.37999725341797,94.41999816894531,8590,0.0,0.0,2023-07-19
2889,2023-07-19 12:55:00-04:00,94.43000030517578,94.49500274658203,94.3949966430664,94.44499969482422,10692,0.0,0.0,2023-07-19
2890,2023-07-19 13:00:00-04:00,94.44499969482422,94.46900177001953,94.39089965820312,94.41500091552734,5597,0.0,0.0,2023-07-19
2891,2023-07-19 13:05:00-04:00,94.41500091552734,94.41500091552734,94.18000030517578,94.26000213623047,10769,0.0,0.0,2023-07-19
2892,2023-07-19 13:10:00-04:00,94.2750015258789,94.3489990234375,94.22000122070312,94.25499725341797,13713,0.0,0.0,2023-07-19
2893,2023-07-19 13:15:00-04:00,94.27999877929688,94.31999969482422,94.2750015258789,94.30000305175781,10023,0.0,0.0,2023-07-19
2894,2023-07-19 13:20:00-04:00,94.27999877929688,94.27999877929688,94.22000122070312,94.25499725341797,7039,0.0,0.0,2023-07-19
2895,2023-07-19 13:25:00-04:00,94.25499725341797,94.29000091552734,94.19000244140625,94.19999694824219,13849,0.0,0.0,2023-07-19
2896,2023-07-19 13:30:00-04:00,94.18000030517578,94.19000244140625,94.05500030517578,94.05500030517578,12413,0.0,0.0,2023-07-19
2897,2023-07-19 13:35:00-04:00,94.05500030517578,94.12000274658203,94.05000305175781,94.09500122070312,12331,0.0,0.0,2023-07-19
2898,2023-07-19 13:40:00-04:00,94.11000061035156,94.23999786376953,94.0999984741211,94.19499969482422,30420,0.0,0.0,2023-07-19
2899,2023-07-19 13:45:00-04:00,94.22000122070312,94.25,94.19000244140625,94.23500061035156,6881,0.0,0.0,2023-07-19
2900,2023-07-19 13:50:00-04:00,94.25,94.31999969482422,94.25,94.26000213623047,11073,0.0,0.0,2023-07-19
2901,2023-07-19 13:55:00-04:00,94.26000213623047,94.31999969482422,94.23500061035156,94.27999877929688,8865,0.0,0.0,2023-07-19
2902,2023-07-19 14:00:00-04:00,94.27999877929688,94.4000015258789,94.2699966430664,94.27999877929688,8533,0.0,0.0,2023-07-19
2903,2023-07-19 14:05:00-04:00,94.2699966430664,94.27999877929688,94.13999938964844,94.13999938964844,10190,0.0,0.0,2023-07-19
2904,2023-07-19 14:10:00-04:00,94.12000274658203,94.12999725341797,93.99500274658203,94.01750183105469,16964,0.0,0.0,2023-07-19
2905,2023-07-19 14:15:00-04:00,94.03500366210938,94.11000061035156,93.98500061035156,94.08999633789062,17547,0.0,0.0,2023-07-19
2906,2023-07-19 14:20:00-04:00,94.0999984741211,94.16000366210938,94.04499816894531,94.12000274658203,13039,0.0,0.0,2023-07-19
2907,2023-07-19 14:25:00-04:00,94.12999725341797,94.28500366210938,94.12999725341797,94.25,25777,0.0,0.0,2023-07-19
2908,2023-07-19 14:30:00-04:00,94.23999786376953,94.38999938964844,94.23999786376953,94.37999725341797,12995,0.0,0.0,2023-07-19
2909,2023-07-19 14:35:00-04:00,94.37999725341797,94.45999908447266,94.36000061035156,94.43000030517578,13626,0.0,0.0,2023-07-19
2910,2023-07-19 14:40:00-04:00,94.43000030517578,94.56999969482422,94.43000030517578,94.45999908447266,12780,0.0,0.0,2023-07-19
2911,2023-07-19 14:45:00-04:00,94.44499969482422,94.45999908447266,94.37000274658203,94.43499755859375,8574,0.0,0.0,2023-07-19
2912,2023-07-19 14:50:00-04:00,94.43499755859375,94.45999908447266,94.37999725341797,94.41999816894531,11801,0.0,0.0,2023-07-19
2913,2023-07-19 14:55:00-04:00,94.41000366210938,94.47000122070312,94.4000015258789,94.41999816894531,9648,0.0,0.0,2023-07-19
2914,2023-07-19 15:00:00-04:00,94.4000015258789,94.4000015258789,94.27999877929688,94.30000305175781,14070,0.0,0.0,2023-07-19
2915,2023-07-19 15:05:00-04:00,94.27999877929688,94.33999633789062,94.22000122070312,94.33000183105469,21047,0.0,0.0,2023-07-19
2916,2023-07-19 15:10:00-04:00,94.37000274658203,94.4800033569336,94.3499984741211,94.46499633789062,18188,0.0,0.0,2023-07-19
2917,2023-07-19 15:15:00-04:00,94.4749984741211,94.72000122070312,94.43000030517578,94.70500183105469,21714,0.0,0.0,2023-07-19
2918,2023-07-19 15:20:00-04:00,94.70999908447266,94.83499908447266,94.70999908447266,94.80000305175781,20822,0.0,0.0,2023-07-19
2919,2023-07-19 15:25:00-04:00,94.79000091552734,94.98999786376953,94.77999877929688,94.94000244140625,26293,0.0,0.0,2023-07-19
2920,2023-07-19 15:30:00-04:00,94.94000244140625,94.95999908447266,94.83000183105469,94.94999694824219,28886,0.0,0.0,2023-07-19
2921,2023-07-19 15:35:00-04:00,94.91999816894531,94.94000244140625,94.83000183105469,94.875,26346,0.0,0.0,2023-07-19
2922,2023-07-19 15:40:00-04:00,94.875,94.97000122070312,94.79000091552734,94.80999755859375,32823,0.0,0.0,2023-07-19
2923,2023-07-19 15:45:00-04:00,94.79000091552734,94.80000305175781,94.62999725341797,94.70999908447266,30013,0.0,0.0,2023-07-19
2924,2023-07-19 15:50:00-04:00,94.72000122070312,94.83000183105469,94.72000122070312,94.75499725341797,50738,0.0,0.0,2023-07-19
2925,2023-07-19 15:55:00-04:00,94.77999877929688,94.77999877929688,94.66999816894531,94.75,121903,0.0,0.0,2023-07-19
2926,2023-07-20 09:30:00-04:00,95.5,96.22000122070312,95.23999786376953,96.01000213623047,31497,0.0,0.0,2023-07-20
2927,2023-07-20 09:35:00-04:00,96.1449966430664,96.1449966430664,95.68499755859375,95.68499755859375,14183,0.0,0.0,2023-07-20
2928,2023-07-20 09:40:00-04:00,95.69499969482422,95.70999908447266,95.55999755859375,95.68000030517578,7072,0.0,0.0,2023-07-20
2929,2023-07-20 09:45:00-04:00,95.72000122070312,95.91000366210938,95.72000122070312,95.8499984741211,32148,0.0,0.0,2023-07-20
2930,2023-07-20 09:50:00-04:00,95.91000366210938,96.0199966430664,95.91000366210938,95.98999786376953,48909,0.0,0.0,2023-07-20
2931,2023-07-20 09:55:00-04:00,96.0,96.0,95.77999877929688,95.77999877929688,28849,0.0,0.0,2023-07-20
2932,2023-07-20 10:00:00-04:00,95.77999877929688,95.97000122070312,95.76000213623047,95.97000122070312,10749,0.0,0.0,2023-07-20
2933,2023-07-20 10:05:00-04:00,95.94999694824219,95.94999694824219,95.77999877929688,95.81999969482422,16284,0.0,0.0,2023-07-20
2934,2023-07-20 10:10:00-04:00,95.77999877929688,95.80500030517578,95.53500366210938,95.55500030517578,12956,0.0,0.0,2023-07-20
2935,2023-07-20 10:15:00-04:00,95.55500030517578,95.97000122070312,95.54000091552734,95.94999694824219,22636,0.0,0.0,2023-07-20
2936,2023-07-20 10:20:00-04:00,95.9800033569336,96.0,95.87000274658203,95.93000030517578,16431,0.0,0.0,2023-07-20
2937,2023-07-20 10:25:00-04:00,95.93000030517578,96.0,95.9000015258789,95.95999908447266,23764,0.0,0.0,2023-07-20
2938,2023-07-20 10:30:00-04:00,96.0,96.36000061035156,95.9800033569336,96.24500274658203,28898,0.0,0.0,2023-07-20
2939,2023-07-20 10:35:00-04:00,96.2699966430664,96.31999969482422,96.13999938964844,96.18000030517578,23645,0.0,0.0,2023-07-20
2940,2023-07-20 10:40:00-04:00,96.13999938964844,96.26000213623047,96.13999938964844,96.19000244140625,10632,0.0,0.0,2023-07-20
2941,2023-07-20 10:45:00-04:00,96.19999694824219,96.26499938964844,96.12999725341797,96.16000366210938,15162,0.0,0.0,2023-07-20
2942,2023-07-20 10:50:00-04:00,96.16000366210938,96.30000305175781,96.16000366210938,96.2300033569336,15197,0.0,0.0,2023-07-20
2943,2023-07-20 10:55:00-04:00,96.23500061035156,96.29499816894531,96.20999908447266,96.2300033569336,12752,0.0,0.0,2023-07-20
2944,2023-07-20 11:00:00-04:00,96.23999786376953,96.29499816894531,96.16999816894531,96.18000030517578,11700,0.0,0.0,2023-07-20
2945,2023-07-20 11:05:00-04:00,96.16000366210938,96.2699966430664,96.1500015258789,96.23999786376953,12458,0.0,0.0,2023-07-20
2946,2023-07-20 11:10:00-04:00,96.26499938964844,96.30000305175781,96.19999694824219,96.2249984741211,10400,0.0,0.0,2023-07-20
2947,2023-07-20 11:15:00-04:00,96.21499633789062,96.26000213623047,96.16000366210938,96.23999786376953,11683,0.0,0.0,2023-07-20
2948,2023-07-20 11:20:00-04:00,96.23999786376953,96.33000183105469,96.16999816894531,96.16999816894531,10446,0.0,0.0,2023-07-20
2949,2023-07-20 11:25:00-04:00,96.19499969482422,96.29000091552734,96.18000030517578,96.26000213623047,12961,0.0,0.0,2023-07-20
2950,2023-07-20 11:30:00-04:00,96.27999877929688,96.29000091552734,96.19999694824219,96.2300033569336,11998,0.0,0.0,2023-07-20
2951,2023-07-20 11:35:00-04:00,96.25,96.27999877929688,96.19999694824219,96.24500274658203,13530,0.0,0.0,2023-07-20
2952,2023-07-20 11:40:00-04:00,96.25,96.26499938964844,96.19000244140625,96.19000244140625,8675,0.0,0.0,2023-07-20
2953,2023-07-20 11:45:00-04:00,96.13500213623047,96.23999786376953,96.11000061035156,96.23999786376953,8614,0.0,0.0,2023-07-20
2954,2023-07-20 11:50:00-04:00,96.26000213623047,96.26000213623047,96.16000366210938,96.19259643554688,12333,0.0,0.0,2023-07-20
2955,2023-07-20 11:55:00-04:00,96.22000122070312,96.27999877929688,96.1500015258789,96.2750015258789,6681,0.0,0.0,2023-07-20
2956,2023-07-20 12:00:00-04:00,96.30000305175781,96.43499755859375,96.27999877929688,96.29000091552734,14128,0.0,0.0,2023-07-20
2957,2023-07-20 12:05:00-04:00,96.27999877929688,96.37999725341797,96.2699966430664,96.36000061035156,9397,0.0,0.0,2023-07-20
2958,2023-07-20 12:10:00-04:00,96.36000061035156,96.4800033569336,96.33000183105469,96.33000183105469,14558,0.0,0.0,2023-07-20
2959,2023-07-20 12:15:00-04:00,96.33999633789062,96.47000122070312,96.33999633789062,96.44000244140625,11674,0.0,0.0,2023-07-20
2960,2023-07-20 12:20:00-04:00,96.41999816894531,96.41999816894531,96.33000183105469,96.3550033569336,9441,0.0,0.0,2023-07-20
2961,2023-07-20 12:25:00-04:00,96.36000061035156,96.4800033569336,96.33000183105469,96.43000030517578,15450,0.0,0.0,2023-07-20
2962,2023-07-20 12:30:00-04:00,96.44999694824219,96.55000305175781,96.41999816894531,96.50499725341797,14955,0.0,0.0,2023-07-20
2963,2023-07-20 12:35:00-04:00,96.5199966430664,96.55000305175781,96.4000015258789,96.4000015258789,7278,0.0,0.0,2023-07-20
2964,2023-07-20 12:40:00-04:00,96.4000015258789,96.50499725341797,96.38999938964844,96.5,8823,0.0,0.0,2023-07-20
2965,2023-07-20 12:45:00-04:00,96.51000213623047,96.55500030517578,96.48999786376953,96.54000091552734,8877,0.0,0.0,2023-07-20
2966,2023-07-20 12:50:00-04:00,96.55000305175781,96.58000183105469,96.44999694824219,96.5,12894,0.0,0.0,2023-07-20
2967,2023-07-20 12:55:00-04:00,96.51000213623047,96.56999969482422,96.43000030517578,96.56999969482422,10834,0.0,0.0,2023-07-20
2968,2023-07-20 13:00:00-04:00,96.55999755859375,96.59500122070312,96.4800033569336,96.48500061035156,7787,0.0,0.0,2023-07-20
2969,2023-07-20 13:05:00-04:00,96.4800033569336,96.51000213623047,96.45500183105469,96.4749984741211,6760,0.0,0.0,2023-07-20
2970,2023-07-20 13:10:00-04:00,96.48999786376953,96.57499694824219,96.48999786376953,96.53500366210938,11754,0.0,0.0,2023-07-20
2971,2023-07-20 13:15:00-04:00,96.54000091552734,96.58000183105469,96.51000213623047,96.51000213623047,8028,0.0,0.0,2023-07-20
2972,2023-07-20 13:20:00-04:00,96.51000213623047,96.66999816894531,96.51000213623047,96.59500122070312,12126,0.0,0.0,2023-07-20
2973,2023-07-20 13:25:00-04:00,96.58499908447266,96.83000183105469,96.58499908447266,96.78990173339844,37946,0.0,0.0,2023-07-20
2974,2023-07-20 13:30:00-04:00,96.77400207519531,96.81999969482422,96.63999938964844,96.73999786376953,18888,0.0,0.0,2023-07-20
2975,2023-07-20 13:35:00-04:00,96.73999786376953,96.73999786376953,96.44000244140625,96.58000183105469,18730,0.0,0.0,2023-07-20
2976,2023-07-20 13:40:00-04:00,96.58000183105469,96.8145980834961,96.54000091552734,96.77999877929688,9442,0.0,0.0,2023-07-20
2977,2023-07-20 13:45:00-04:00,96.77999877929688,96.9800033569336,96.77999877929688,96.94000244140625,13574,0.0,0.0,2023-07-20
2978,2023-07-20 13:50:00-04:00,96.94000244140625,96.97000122070312,96.80000305175781,96.94760131835938,13677,0.0,0.0,2023-07-20
2979,2023-07-20 13:55:00-04:00,96.93000030517578,96.98999786376953,96.91000366210938,96.93000030517578,7921,0.0,0.0,2023-07-20
2980,2023-07-20 14:00:00-04:00,96.93000030517578,97.05999755859375,96.91500091552734,97.05999755859375,17253,0.0,0.0,2023-07-20
2981,2023-07-20 14:05:00-04:00,97.06500244140625,97.11000061035156,97.0199966430664,97.08000183105469,13463,0.0,0.0,2023-07-20
2982,2023-07-20 14:10:00-04:00,97.06999969482422,97.07990264892578,96.92500305175781,96.93499755859375,14212,0.0,0.0,2023-07-20
2983,2023-07-20 14:15:00-04:00,96.93000030517578,96.98999786376953,96.91000366210938,96.93000030517578,11874,0.0,0.0,2023-07-20
2984,2023-07-20 14:20:00-04:00,96.91999816894531,97.08000183105469,96.9000015258789,97.07499694824219,8086,0.0,0.0,2023-07-20
2985,2023-07-20 14:25:00-04:00,97.06999969482422,97.11000061035156,96.96009826660156,96.9800033569336,12214,0.0,0.0,2023-07-20
2986,2023-07-20 14:30:00-04:00,96.95999908447266,97.09230041503906,96.94999694824219,97.08000183105469,14431,0.0,0.0,2023-07-20
2987,2023-07-20 14:35:00-04:00,97.08999633789062,97.19999694824219,97.02999877929688,97.12999725341797,17225,0.0,0.0,2023-07-20
2988,2023-07-20 14:40:00-04:00,97.08000183105469,97.11499786376953,97.05500030517578,97.08000183105469,8246,0.0,0.0,2023-07-20
2989,2023-07-20 14:45:00-04:00,97.08000183105469,97.1500015258789,97.0250015258789,97.08399963378906,17082,0.0,0.0,2023-07-20
2990,2023-07-20 14:50:00-04:00,97.08999633789062,97.12999725341797,97.04000091552734,97.0999984741211,12265,0.0,0.0,2023-07-20
2991,2023-07-20 14:55:00-04:00,97.0999984741211,97.11000061035156,97.0199966430664,97.08000183105469,16498,0.0,0.0,2023-07-20
2992,2023-07-20 15:00:00-04:00,97.08499908447266,97.16999816894531,97.01000213623047,97.11000061035156,14237,0.0,0.0,2023-07-20
2993,2023-07-20 15:05:00-04:00,97.11000061035156,97.20999908447266,97.11000061035156,97.19000244140625,15457,0.0,0.0,2023-07-20
2994,2023-07-20 15:10:00-04:00,97.18000030517578,97.31999969482422,97.13999938964844,97.21499633789062,14493,0.0,0.0,2023-07-20
2995,2023-07-20 15:15:00-04:00,97.19999694824219,97.23500061035156,97.12000274658203,97.22000122070312,15995,0.0,0.0,2023-07-20
2996,2023-07-20 15:20:00-04:00,97.22000122070312,97.25,97.0199966430664,97.0199966430664,17122,0.0,0.0,2023-07-20
2997,2023-07-20 15:25:00-04:00,97.01499938964844,97.06999969482422,96.91999816894531,96.97000122070312,20577,0.0,0.0,2023-07-20
2998,2023-07-20 15:30:00-04:00,96.93000030517578,96.95999908447266,96.79000091552734,96.80500030517578,32689,0.0,0.0,2023-07-20
2999,2023-07-20 15:35:00-04:00,96.7750015258789,96.79499816894531,96.62000274658203,96.68000030517578,19589,0.0,0.0,2023-07-20
3000,2023-07-20 15:40:00-04:00,96.67500305175781,96.7699966430664,96.63500213623047,96.73999786376953,27073,0.0,0.0,2023-07-20
3001,2023-07-20 15:45:00-04:00,96.73999786376953,96.75399780273438,96.6449966430664,96.66999816894531,28367,0.0,0.0,2023-07-20
3002,2023-07-20 15:50:00-04:00,96.70999908447266,97.05999755859375,96.70999908447266,97.02999877929688,45320,0.0,0.0,2023-07-20
3003,2023-07-20 15:55:00-04:00,97.01000213623047,97.0199966430664,96.8499984741211,96.9000015258789,123524,0.0,0.0,2023-07-20
3004,2023-07-21 09:30:00-04:00,97.58000183105469,97.83000183105469,97.30000305175781,97.625,83750,0.0,0.0,2023-07-21
3005,2023-07-21 09:35:00-04:00,97.58000183105469,98.13999938964844,97.56999969482422,97.99009704589844,22384,0.0,0.0,2023-07-21
3006,2023-07-21 09:40:00-04:00,98.04499816894531,98.1500015258789,97.79000091552734,97.79000091552734,19529,0.0,0.0,2023-07-21
3007,2023-07-21 09:45:00-04:00,97.76249694824219,97.94999694824219,97.6500015258789,97.79000091552734,15635,0.0,0.0,2023-07-21
3008,2023-07-21 09:50:00-04:00,97.80000305175781,97.80000305175781,97.44999694824219,97.48999786376953,8127,0.0,0.0,2023-07-21
3009,2023-07-21 09:55:00-04:00,97.55000305175781,97.58619689941406,97.23999786376953,97.24099731445312,13254,0.0,0.0,2023-07-21
3010,2023-07-21 10:00:00-04:00,97.27999877929688,97.44000244140625,97.08999633789062,97.44000244140625,16727,0.0,0.0,2023-07-21
3011,2023-07-21 10:05:00-04:00,97.4800033569336,97.76499938964844,97.44499969482422,97.66000366210938,16411,0.0,0.0,2023-07-21
3012,2023-07-21 10:10:00-04:00,97.68000030517578,97.87999725341797,97.68000030517578,97.8550033569336,22662,0.0,0.0,2023-07-21
3013,2023-07-21 10:15:00-04:00,97.87999725341797,97.87999725341797,97.76000213623047,97.86000061035156,42691,0.0,0.0,2023-07-21
3014,2023-07-21 10:20:00-04:00,97.83999633789062,97.84200286865234,97.59500122070312,97.59500122070312,17452,0.0,0.0,2023-07-21
3015,2023-07-21 10:25:00-04:00,97.55999755859375,97.70999908447266,97.52999877929688,97.70999908447266,13637,0.0,0.0,2023-07-21
3016,2023-07-21 10:30:00-04:00,97.6500015258789,97.66999816894531,97.48500061035156,97.51000213623047,15669,0.0,0.0,2023-07-21
3017,2023-07-21 10:35:00-04:00,97.53500366210938,97.68000030517578,97.36000061035156,97.52999877929688,13155,0.0,0.0,2023-07-21
3018,2023-07-21 10:40:00-04:00,97.55000305175781,97.72000122070312,97.5199966430664,97.72000122070312,12041,0.0,0.0,2023-07-21
3019,2023-07-21 10:45:00-04:00,97.73999786376953,97.73999786376953,97.56999969482422,97.63500213623047,9444,0.0,0.0,2023-07-21
3020,2023-07-21 10:50:00-04:00,97.61000061035156,97.80000305175781,97.61000061035156,97.73999786376953,13930,0.0,0.0,2023-07-21
3021,2023-07-21 10:55:00-04:00,97.73500061035156,97.83000183105469,97.70500183105469,97.7699966430664,13959,0.0,0.0,2023-07-21
3022,2023-07-21 11:00:00-04:00,97.75499725341797,98.05000305175781,97.75,97.9800033569336,24818,0.0,0.0,2023-07-21
3023,2023-07-21 11:05:00-04:00,97.96499633789062,97.9800033569336,97.69999694824219,97.72000122070312,11393,0.0,0.0,2023-07-21
3024,2023-07-21 11:10:00-04:00,97.69100189208984,97.77999877929688,97.62000274658203,97.62000274658203,9886,0.0,0.0,2023-07-21
3025,2023-07-21 11:15:00-04:00,97.58000183105469,97.83000183105469,97.58000183105469,97.83000183105469,14454,0.0,0.0,2023-07-21
3026,2023-07-21 11:20:00-04:00,97.84500122070312,97.86000061035156,97.72000122070312,97.73999786376953,10351,0.0,0.0,2023-07-21
3027,2023-07-21 11:25:00-04:00,97.76000213623047,97.86000061035156,97.7300033569336,97.81999969482422,9341,0.0,0.0,2023-07-21
3028,2023-07-21 11:30:00-04:00,97.83999633789062,97.93000030517578,97.76499938964844,97.76499938964844,11908,0.0,0.0,2023-07-21
3029,2023-07-21 11:35:00-04:00,97.70999908447266,97.8499984741211,97.70999908447266,97.80000305175781,10266,0.0,0.0,2023-07-21
3030,2023-07-21 11:40:00-04:00,97.83000183105469,97.8499984741211,97.73500061035156,97.73999786376953,9822,0.0,0.0,2023-07-21
3031,2023-07-21 11:45:00-04:00,97.7300033569336,97.80000305175781,97.69499969482422,97.75,8284,0.0,0.0,2023-07-21
3032,2023-07-21 11:50:00-04:00,97.76000213623047,97.88999938964844,97.76000213623047,97.86150360107422,8601,0.0,0.0,2023-07-21
3033,2023-07-21 11:55:00-04:00,97.86470031738281,97.91999816894531,97.70999908447266,97.84500122070312,16763,0.0,0.0,2023-07-21
3034,2023-07-21 12:00:00-04:00,97.83000183105469,97.83000183105469,97.7300033569336,97.78500366210938,8172,0.0,0.0,2023-07-21
3035,2023-07-21 12:05:00-04:00,97.80999755859375,97.83999633789062,97.73999786376953,97.81999969482422,8468,0.0,0.0,2023-07-21
3036,2023-07-21 12:10:00-04:00,97.79100036621094,97.81999969482422,97.69000244140625,97.69000244140625,11223,0.0,0.0,2023-07-21
3037,2023-07-21 12:15:00-04:00,97.70999908447266,97.80999755859375,97.70999908447266,97.7614974975586,12181,0.0,0.0,2023-07-21
3038,2023-07-21 12:20:00-04:00,97.76000213623047,97.8499984741211,97.72000122070312,97.84500122070312,11541,0.0,0.0,2023-07-21
3039,2023-07-21 12:25:00-04:00,97.87000274658203,97.91000366210938,97.83000183105469,97.9000015258789,12564,0.0,0.0,2023-07-21
3040,2023-07-21 12:30:00-04:00,97.91999816894531,97.98500061035156,97.88999938964844,97.91999816894531,11622,0.0,0.0,2023-07-21
3041,2023-07-21 12:35:00-04:00,97.94499969482422,98.0,97.83999633789062,97.92500305175781,12721,0.0,0.0,2023-07-21
3042,2023-07-21 12:40:00-04:00,97.91000366210938,97.91200256347656,97.69999694824219,97.73999786376953,13596,0.0,0.0,2023-07-21
3043,2023-07-21 12:45:00-04:00,97.73999786376953,97.73999786376953,97.55000305175781,97.55500030517578,11774,0.0,0.0,2023-07-21
3044,2023-07-21 12:50:00-04:00,97.55999755859375,97.69000244140625,97.55999755859375,97.66000366210938,10883,0.0,0.0,2023-07-21
3045,2023-07-21 12:55:00-04:00,97.6500015258789,97.73999786376953,97.61000061035156,97.68499755859375,8426,0.0,0.0,2023-07-21
3046,2023-07-21 13:00:00-04:00,97.66999816894531,97.69999694824219,97.5999984741211,97.62000274658203,13433,0.0,0.0,2023-07-21
3047,2023-07-21 13:05:00-04:00,97.61000061035156,97.70999908447266,97.55000305175781,97.55000305175781,17061,0.0,0.0,2023-07-21
3048,2023-07-21 13:10:00-04:00,97.58000183105469,97.58499908447266,97.54000091552734,97.55500030517578,8705,0.0,0.0,2023-07-21
3049,2023-07-21 13:15:00-04:00,97.54000091552734,97.5999984741211,97.3949966430664,97.41999816894531,13530,0.0,0.0,2023-07-21
3050,2023-07-21 13:20:00-04:00,97.42500305175781,97.4800033569336,97.42500305175781,97.43000030517578,8974,0.0,0.0,2023-07-21
3051,2023-07-21 13:25:00-04:00,97.44000244140625,97.51000213623047,97.3949966430664,97.3949966430664,10054,0.0,0.0,2023-07-21
3052,2023-07-21 13:30:00-04:00,97.41999816894531,97.43000030517578,97.34159851074219,97.4000015258789,8541,0.0,0.0,2023-07-21
3053,2023-07-21 13:35:00-04:00,97.41999816894531,97.42500305175781,97.31400299072266,97.31400299072266,7882,0.0,0.0,2023-07-21
3054,2023-07-21 13:40:00-04:00,97.30999755859375,97.36000061035156,97.29000091552734,97.29000091552734,8342,0.0,0.0,2023-07-21
3055,2023-07-21 13:45:00-04:00,97.23999786376953,97.25,97.16000366210938,97.18000030517578,8023,0.0,0.0,2023-07-21
3056,2023-07-21 13:50:00-04:00,97.17500305175781,97.19000244140625,97.12999725341797,97.13999938964844,7818,0.0,0.0,2023-07-21
3057,2023-07-21 13:55:00-04:00,97.08999633789062,97.18250274658203,97.08000183105469,97.1500015258789,11729,0.0,0.0,2023-07-21
3058,2023-07-21 14:00:00-04:00,97.16999816894531,97.19999694824219,97.05999755859375,97.0999984741211,12985,0.0,0.0,2023-07-21
3059,2023-07-21 14:05:00-04:00,97.12999725341797,97.12999725341797,97.0199966430664,97.05039978027344,13313,0.0,0.0,2023-07-21
3060,2023-07-21 14:10:00-04:00,97.06999969482422,97.0999984741211,97.0199966430664,97.0199966430664,7383,0.0,0.0,2023-07-21
3061,2023-07-21 14:15:00-04:00,97.01000213623047,97.01000213623047,96.94999694824219,96.9800033569336,13153,0.0,0.0,2023-07-21
3062,2023-07-21 14:20:00-04:00,96.98999786376953,97.02999877929688,96.95500183105469,97.0,28294,0.0,0.0,2023-07-21
3063,2023-07-21 14:25:00-04:00,96.99500274658203,97.08000183105469,96.97000122070312,97.03500366210938,13993,0.0,0.0,2023-07-21
3064,2023-07-21 14:30:00-04:00,97.04000091552734,97.04000091552734,96.88500213623047,96.91999816894531,14307,0.0,0.0,2023-07-21
3065,2023-07-21 14:35:00-04:00,96.93000030517578,97.06999969482422,96.91999816894531,97.0199966430664,12518,0.0,0.0,2023-07-21
3066,2023-07-21 14:40:00-04:00,97.02999877929688,97.05000305175781,96.95999908447266,96.98999786376953,18245,0.0,0.0,2023-07-21
3067,2023-07-21 14:45:00-04:00,97.01000213623047,97.03500366210938,96.94999694824219,96.95999908447266,10435,0.0,0.0,2023-07-21
3068,2023-07-21 14:50:00-04:00,96.9800033569336,96.98500061035156,96.88999938964844,96.9000015258789,12349,0.0,0.0,2023-07-21
3069,2023-07-21 14:55:00-04:00,96.91000366210938,96.91999816894531,96.80999755859375,96.86000061035156,15349,0.0,0.0,2023-07-21
3070,2023-07-21 15:00:00-04:00,96.86000061035156,96.86000061035156,96.7699966430664,96.7699966430664,12689,0.0,0.0,2023-07-21
3071,2023-07-21 15:05:00-04:00,96.7699966430664,96.83000183105469,96.7300033569336,96.77899932861328,15449,0.0,0.0,2023-07-21
3072,2023-07-21 15:10:00-04:00,96.77999877929688,96.83000183105469,96.73999786376953,96.79000091552734,11103,0.0,0.0,2023-07-21
3073,2023-07-21 15:15:00-04:00,96.81999969482422,96.86000061035156,96.77999877929688,96.81999969482422,21672,0.0,0.0,2023-07-21
3074,2023-07-21 15:20:00-04:00,96.81999969482422,96.83999633789062,96.75,96.7699966430664,16478,0.0,0.0,2023-07-21
3075,2023-07-21 15:25:00-04:00,96.7699966430664,96.80000305175781,96.72000122070312,96.7699966430664,23814,0.0,0.0,2023-07-21
3076,2023-07-21 15:30:00-04:00,96.80000305175781,96.91000366210938,96.80000305175781,96.86000061035156,30965,0.0,0.0,2023-07-21
3077,2023-07-21 15:35:00-04:00,96.86000061035156,96.93000030517578,96.71499633789062,96.7249984741211,38519,0.0,0.0,2023-07-21
3078,2023-07-21 15:40:00-04:00,96.7300033569336,96.76000213623047,96.66999816894531,96.74500274658203,32031,0.0,0.0,2023-07-21
3079,2023-07-21 15:45:00-04:00,96.75,96.97000122070312,96.73999786376953,96.97000122070312,39524,0.0,0.0,2023-07-21
3080,2023-07-21 15:50:00-04:00,96.96499633789062,97.33999633789062,96.30999755859375,97.05000305175781,168040,0.0,0.0,2023-07-21
3081,2023-07-21 15:55:00-04:00,97.02999877929688,97.06999969482422,96.5199966430664,96.56999969482422,155611,0.0,0.0,2023-07-21
