,Timestamp,Open,High,Low,Close,Volume,Dividends,Stock Splits,Date
0,2023-05-24 09:30:00-04:00,105.48999786376953,105.68000030517578,105.20999908447266,105.41000366210938,110184,0.0,0.0,2023-05-24
1,2023-05-24 09:35:00-04:00,105.36000061035156,105.4000015258789,104.93000030517578,105.19000244140625,29202,0.0,0.0,2023-05-24
2,2023-05-24 09:40:00-04:00,105.19000244140625,105.26000213623047,104.94999694824219,105.0,48953,0.0,0.0,2023-05-24
3,2023-05-24 09:45:00-04:00,104.9822006225586,105.05000305175781,104.31559753417969,104.3812026977539,62363,0.0,0.0,2023-05-24
4,2023-05-24 09:50:00-04:00,104.37999725341797,104.41500091552734,103.94000244140625,104.0250015258789,70786,0.0,0.0,2023-05-24
5,2023-05-24 09:55:00-04:00,104.0199966430664,104.13999938964844,103.5999984741211,103.625,60722,0.0,0.0,2023-05-24
6,2023-05-24 10:00:00-04:00,103.625,104.13999938964844,103.62000274658203,103.96499633789062,102868,0.0,0.0,2023-05-24
7,2023-05-24 10:05:00-04:00,103.96720123291016,104.11000061035156,103.8499984741211,104.08499908447266,61876,0.0,0.0,2023-05-24
8,2023-05-24 10:10:00-04:00,104.1050033569336,104.16000366210938,103.92500305175781,104.1500015258789,59188,0.0,0.0,2023-05-24
9,2023-05-24 10:15:00-04:00,104.12999725341797,104.4728012084961,104.02999877929688,104.3499984741211,51449,0.0,0.0,2023-05-24
10,2023-05-24 10:20:00-04:00,104.31999969482422,104.5199966430664,104.08999633789062,104.1500015258789,44843,0.0,0.0,2023-05-24
11,2023-05-24 10:25:00-04:00,104.13999938964844,104.18000030517578,104.04000091552734,104.08999633789062,57616,0.0,0.0,2023-05-24
12,2023-05-24 10:30:00-04:00,104.08000183105469,104.79000091552734,104.05999755859375,104.79000091552734,49854,0.0,0.0,2023-05-24
13,2023-05-24 10:35:00-04:00,104.80999755859375,105.05269622802734,104.76000213623047,104.9800033569336,61682,0.0,0.0,2023-05-24
14,2023-05-24 10:40:00-04:00,105.01899719238281,105.30000305175781,104.93000030517578,105.16000366210938,43221,0.0,0.0,2023-05-24
15,2023-05-24 10:45:00-04:00,105.12000274658203,105.1500015258789,104.93000030517578,105.01010131835938,41686,0.0,0.0,2023-05-24
16,2023-05-24 10:50:00-04:00,105.01000213623047,105.31999969482422,104.92500305175781,105.2300033569336,35925,0.0,0.0,2023-05-24
17,2023-05-24 10:55:00-04:00,105.25,105.30000305175781,105.06500244140625,105.12999725341797,38040,0.0,0.0,2023-05-24
18,2023-05-24 11:00:00-04:00,105.16000366210938,105.18000030517578,104.92749786376953,105.06999969482422,28607,0.0,0.0,2023-05-24
19,2023-05-24 11:05:00-04:00,105.05999755859375,105.07499694824219,104.73999786376953,104.83000183105469,34335,0.0,0.0,2023-05-24
20,2023-05-24 11:10:00-04:00,104.86000061035156,105.0199966430664,104.80999755859375,104.80999755859375,36892,0.0,0.0,2023-05-24
21,2023-05-24 11:15:00-04:00,104.80999755859375,105.11000061035156,104.77999877929688,105.0999984741211,144527,0.0,0.0,2023-05-24
22,2023-05-24 11:20:00-04:00,105.1050033569336,105.4800033569336,105.08999633789062,105.4800033569336,78047,0.0,0.0,2023-05-24
23,2023-05-24 11:25:00-04:00,105.4749984741211,105.56999969482422,105.11000061035156,105.16000366210938,75645,0.0,0.0,2023-05-24
24,2023-05-24 11:30:00-04:00,105.16500091552734,105.37000274658203,105.08999633789062,105.16999816894531,36745,0.0,0.0,2023-05-24
25,2023-05-24 11:35:00-04:00,105.16999816894531,105.26000213623047,105.05999755859375,105.22000122070312,36369,0.0,0.0,2023-05-24
26,2023-05-24 11:40:00-04:00,105.2300033569336,105.33999633789062,105.05999755859375,105.1050033569336,51192,0.0,0.0,2023-05-24
27,2023-05-24 11:45:00-04:00,105.12000274658203,105.18000030517578,104.94000244140625,104.9800033569336,32753,0.0,0.0,2023-05-24
28,2023-05-24 11:50:00-04:00,104.98999786376953,105.1500015258789,104.98999786376953,105.05999755859375,76901,0.0,0.0,2023-05-24
29,2023-05-24 11:55:00-04:00,105.0,105.08000183105469,104.94000244140625,105.08000183105469,42354,0.0,0.0,2023-05-24
30,2023-05-24 12:00:00-04:00,105.08999633789062,105.41999816894531,105.08499908447266,105.41999816894531,44227,0.0,0.0,2023-05-24
31,2023-05-24 12:05:00-04:00,105.41999816894531,105.47000122070312,105.19999694824219,105.2300033569336,29138,0.0,0.0,2023-05-24
32,2023-05-24 12:10:00-04:00,105.20999908447266,105.20999908447266,104.93499755859375,104.94999694824219,24862,0.0,0.0,2023-05-24
33,2023-05-24 12:15:00-04:00,104.94000244140625,105.02999877929688,104.80000305175781,104.98999786376953,33151,0.0,0.0,2023-05-24
34,2023-05-24 12:20:00-04:00,104.98999786376953,105.08999633789062,104.9000015258789,104.91000366210938,22778,0.0,0.0,2023-05-24
35,2023-05-24 12:25:00-04:00,104.9000015258789,104.94999694824219,104.83000183105469,104.92890167236328,21880,0.0,0.0,2023-05-24
36,2023-05-24 12:30:00-04:00,104.94999694824219,105.01000213623047,104.68000030517578,104.75499725341797,33046,0.0,0.0,2023-05-24
37,2023-05-24 12:35:00-04:00,104.79000091552734,104.81999969482422,104.59500122070312,104.69499969482422,21152,0.0,0.0,2023-05-24
38,2023-05-24 12:40:00-04:00,104.70999908447266,104.75,104.55999755859375,104.58000183105469,25147,0.0,0.0,2023-05-24
39,2023-05-24 12:45:00-04:00,104.58499908447266,104.62999725341797,104.44999694824219,104.45999908447266,26184,0.0,0.0,2023-05-24
40,2023-05-24 12:50:00-04:00,104.43000030517578,104.66000366210938,104.37999725341797,104.6500015258789,29580,0.0,0.0,2023-05-24
41,2023-05-24 12:55:00-04:00,104.6500015258789,104.72000122070312,104.55500030517578,104.69999694824219,22794,0.0,0.0,2023-05-24
42,2023-05-24 13:00:00-04:00,104.69499969482422,104.7300033569336,104.49500274658203,104.5199966430664,25707,0.0,0.0,2023-05-24
43,2023-05-24 13:05:00-04:00,104.5250015258789,104.64990234375,104.5,104.5199966430664,35648,0.0,0.0,2023-05-24
44,2023-05-24 13:10:00-04:00,104.4800033569336,104.48500061035156,104.29499816894531,104.30000305175781,30530,0.0,0.0,2023-05-24
45,2023-05-24 13:15:00-04:00,104.2750015258789,104.51000213623047,104.2750015258789,104.43000030517578,36218,0.0,0.0,2023-05-24
46,2023-05-24 13:20:00-04:00,104.43000030517578,104.4800033569336,104.18000030517578,104.21499633789062,65475,0.0,0.0,2023-05-24
47,2023-05-24 13:25:00-04:00,104.21499633789062,104.22570037841797,104.11000061035156,104.19000244140625,32479,0.0,0.0,2023-05-24
48,2023-05-24 13:30:00-04:00,104.18000030517578,104.3550033569336,104.16000366210938,104.33999633789062,44814,0.0,0.0,2023-05-24
49,2023-05-24 13:35:00-04:00,104.33999633789062,104.41000366210938,104.29329681396484,104.4000015258789,34520,0.0,0.0,2023-05-24
50,2023-05-24 13:40:00-04:00,104.4000015258789,104.41000366210938,104.30000305175781,104.30000305175781,65417,0.0,0.0,2023-05-24
51,2023-05-24 13:45:00-04:00,104.30999755859375,104.33000183105469,104.125,104.18000030517578,57208,0.0,0.0,2023-05-24
52,2023-05-24 13:50:00-04:00,104.18000030517578,104.33000183105469,104.16010284423828,104.30039978027344,34746,0.0,0.0,2023-05-24
53,2023-05-24 13:55:00-04:00,104.30000305175781,104.34950256347656,104.24500274658203,104.26000213623047,24856,0.0,0.0,2023-05-24
54,2023-05-24 14:00:00-04:00,104.26000213623047,104.3499984741211,104.12000274658203,104.12000274658203,34469,0.0,0.0,2023-05-24
55,2023-05-24 14:05:00-04:00,104.125,104.31999969482422,104.125,104.18000030517578,34118,0.0,0.0,2023-05-24
56,2023-05-24 14:10:00-04:00,104.17500305175781,104.30000305175781,104.09500122070312,104.26000213623047,68696,0.0,0.0,2023-05-24
57,2023-05-24 14:15:00-04:00,104.26000213623047,104.31999969482422,104.22000122070312,104.2699966430664,51639,0.0,0.0,2023-05-24
58,2023-05-24 14:20:00-04:00,104.28500366210938,104.28500366210938,104.11000061035156,104.12999725341797,50392,0.0,0.0,2023-05-24
59,2023-05-24 14:25:00-04:00,104.13999938964844,104.20999908447266,104.05000305175781,104.05000305175781,47605,0.0,0.0,2023-05-24
60,2023-05-24 14:30:00-04:00,104.04000091552734,104.16999816894531,103.95999908447266,104.16999816894531,38102,0.0,0.0,2023-05-24
61,2023-05-24 14:35:00-04:00,104.16000366210938,104.19999694824219,104.0999984741211,104.1500015258789,34322,0.0,0.0,2023-05-24
62,2023-05-24 14:40:00-04:00,104.13999938964844,104.19999694824219,104.05999755859375,104.0999984741211,34281,0.0,0.0,2023-05-24
63,2023-05-24 14:45:00-04:00,104.0999984741211,104.1500015258789,103.94000244140625,103.98999786376953,28906,0.0,0.0,2023-05-24
64,2023-05-24 14:50:00-04:00,103.97000122070312,103.98999786376953,103.75,103.80000305175781,46412,0.0,0.0,2023-05-24
65,2023-05-24 14:55:00-04:00,103.79000091552734,103.81999969482422,103.62000274658203,103.69999694824219,54481,0.0,0.0,2023-05-24
66,2023-05-24 15:00:00-04:00,103.70999908447266,103.72000122070312,103.47000122070312,103.52999877929688,54809,0.0,0.0,2023-05-24
67,2023-05-24 15:05:00-04:00,103.52999877929688,103.69000244140625,103.51000213623047,103.62000274658203,49437,0.0,0.0,2023-05-24
68,2023-05-24 15:10:00-04:00,103.62999725341797,103.83999633789062,103.5999984741211,103.83499908447266,49981,0.0,0.0,2023-05-24
69,2023-05-24 15:15:00-04:00,103.83000183105469,104.05000305175781,103.77999877929688,103.99500274658203,56630,0.0,0.0,2023-05-24
70,2023-05-24 15:20:00-04:00,104.01000213623047,104.2300033569336,104.0,104.08000183105469,66162,0.0,0.0,2023-05-24
71,2023-05-24 15:25:00-04:00,104.0999984741211,104.20500183105469,104.06999969482422,104.0999984741211,55096,0.0,0.0,2023-05-24
72,2023-05-24 15:30:00-04:00,104.11000061035156,104.31999969482422,104.0999984741211,104.15499877929688,111804,0.0,0.0,2023-05-24
73,2023-05-24 15:35:00-04:00,104.1500015258789,104.1500015258789,103.94499969482422,104.05999755859375,60220,0.0,0.0,2023-05-24
74,2023-05-24 15:40:00-04:00,104.06999969482422,104.11000061035156,103.87000274658203,103.90579986572266,65079,0.0,0.0,2023-05-24
75,2023-05-24 15:45:00-04:00,103.91000366210938,103.9800033569336,103.7699966430664,103.97000122070312,86679,0.0,0.0,2023-05-24
76,2023-05-24 15:50:00-04:00,103.95999908447266,103.9800033569336,103.69999694824219,103.88999938964844,121421,0.0,0.0,2023-05-24
77,2023-05-24 15:55:00-04:00,103.9000015258789,104.0,103.77999877929688,103.98999786376953,310909,0.0,0.0,2023-05-24
78,2023-05-25 09:30:00-04:00,101.94000244140625,102.4000015258789,101.41000366210938,101.86799621582031,147754,0.0,0.0,2023-05-25
79,2023-05-25 09:35:00-04:00,101.78500366210938,101.94000244140625,101.33000183105469,101.37000274658203,115125,0.0,0.0,2023-05-25
80,2023-05-25 09:40:00-04:00,101.23999786376953,101.41000366210938,101.0199966430664,101.40499877929688,59149,0.0,0.0,2023-05-25
81,2023-05-25 09:45:00-04:00,101.43000030517578,101.87999725341797,101.31999969482422,101.41000366210938,56208,0.0,0.0,2023-05-25
82,2023-05-25 09:50:00-04:00,101.40499877929688,101.76000213623047,101.26000213623047,101.27999877929688,93576,0.0,0.0,2023-05-25
83,2023-05-25 09:55:00-04:00,101.33000183105469,101.47000122070312,101.04000091552734,101.07499694824219,126669,0.0,0.0,2023-05-25
84,2023-05-25 10:00:00-04:00,101.05000305175781,101.2699966430664,100.94999694824219,101.02349853515625,62484,0.0,0.0,2023-05-25
85,2023-05-25 10:05:00-04:00,101.0,101.04000091552734,100.73500061035156,100.80000305175781,61073,0.0,0.0,2023-05-25
86,2023-05-25 10:10:00-04:00,100.7300033569336,100.94999694824219,100.5,100.91000366210938,44268,0.0,0.0,2023-05-25
87,2023-05-25 10:15:00-04:00,100.93000030517578,101.23989868164062,100.91000366210938,101.20999908447266,41009,0.0,0.0,2023-05-25
88,2023-05-25 10:20:00-04:00,101.19999694824219,101.45500183105469,101.12999725341797,101.3499984741211,52196,0.0,0.0,2023-05-25
89,2023-05-25 10:25:00-04:00,101.33999633789062,101.58000183105469,101.33000183105469,101.51000213623047,32894,0.0,0.0,2023-05-25
90,2023-05-25 10:30:00-04:00,101.51000213623047,101.54000091552734,101.25,101.44999694824219,74077,0.0,0.0,2023-05-25
91,2023-05-25 10:35:00-04:00,101.44000244140625,101.76000213623047,101.37000274658203,101.75,37365,0.0,0.0,2023-05-25
92,2023-05-25 10:40:00-04:00,101.77999877929688,101.9800033569336,101.66999816894531,101.9000015258789,34990,0.0,0.0,2023-05-25
93,2023-05-25 10:45:00-04:00,101.91829681396484,102.04000091552734,101.77999877929688,101.9000015258789,31422,0.0,0.0,2023-05-25
94,2023-05-25 10:50:00-04:00,101.91999816894531,102.18910217285156,101.88999938964844,102.0999984741211,29606,0.0,0.0,2023-05-25
95,2023-05-25 10:55:00-04:00,102.13999938964844,102.19000244140625,101.97000122070312,102.11499786376953,26512,0.0,0.0,2023-05-25
96,2023-05-25 11:00:00-04:00,102.12000274658203,102.30000305175781,102.0999984741211,102.2699966430664,29125,0.0,0.0,2023-05-25
97,2023-05-25 11:05:00-04:00,102.26000213623047,102.30500030517578,101.99500274658203,101.99500274658203,51162,0.0,0.0,2023-05-25
98,2023-05-25 11:10:00-04:00,101.98999786376953,102.1500015258789,101.8499984741211,101.8499984741211,22917,0.0,0.0,2023-05-25
99,2023-05-25 11:15:00-04:00,101.87000274658203,101.94000244140625,101.61000061035156,101.66999816894531,45875,0.0,0.0,2023-05-25
100,2023-05-25 11:20:00-04:00,101.68000030517578,101.9000015258789,101.68000030517578,101.79000091552734,33056,0.0,0.0,2023-05-25
101,2023-05-25 11:25:00-04:00,101.77999877929688,101.79000091552734,101.66010284423828,101.68000030517578,36748,0.0,0.0,2023-05-25
102,2023-05-25 11:30:00-04:00,101.66999816894531,101.72000122070312,101.45999908447266,101.59500122070312,32320,0.0,0.0,2023-05-25
103,2023-05-25 11:35:00-04:00,101.5999984741211,101.66999816894531,101.5199966430664,101.58000183105469,37118,0.0,0.0,2023-05-25
104,2023-05-25 11:40:00-04:00,101.58999633789062,101.61000061035156,101.36000061035156,101.43000030517578,41114,0.0,0.0,2023-05-25
105,2023-05-25 11:45:00-04:00,101.45999908447266,101.4800033569336,101.19020080566406,101.20500183105469,35514,0.0,0.0,2023-05-25
106,2023-05-25 11:50:00-04:00,101.19000244140625,101.20999908447266,100.94999694824219,101.05000305175781,38033,0.0,0.0,2023-05-25
107,2023-05-25 11:55:00-04:00,101.06999969482422,101.31999969482422,101.06999969482422,101.30000305175781,19588,0.0,0.0,2023-05-25
108,2023-05-25 12:00:00-04:00,101.29000091552734,101.33000183105469,101.16999816894531,101.31999969482422,19206,0.0,0.0,2023-05-25
109,2023-05-25 12:05:00-04:00,101.30000305175781,101.33499908447266,101.18000030517578,101.33000183105469,20387,0.0,0.0,2023-05-25
110,2023-05-25 12:10:00-04:00,101.36000061035156,101.59639739990234,101.36000061035156,101.5199966430664,26343,0.0,0.0,2023-05-25
111,2023-05-25 12:15:00-04:00,101.53500366210938,101.6500015258789,101.5,101.58999633789062,23601,0.0,0.0,2023-05-25
112,2023-05-25 12:20:00-04:00,101.5999984741211,101.80000305175781,101.5199966430664,101.56999969482422,36989,0.0,0.0,2023-05-25
113,2023-05-25 12:25:00-04:00,101.58000183105469,101.76000213623047,101.47000122070312,101.7300033569336,34341,0.0,0.0,2023-05-25
114,2023-05-25 12:30:00-04:00,101.76000213623047,101.94999694824219,101.72000122070312,101.87000274658203,56092,0.0,0.0,2023-05-25
115,2023-05-25 12:35:00-04:00,101.87000274658203,101.97000122070312,101.77999877929688,101.77999877929688,22911,0.0,0.0,2023-05-25
116,2023-05-25 12:40:00-04:00,101.77999877929688,101.91000366210938,101.77999877929688,101.80999755859375,26731,0.0,0.0,2023-05-25
117,2023-05-25 12:45:00-04:00,101.81999969482422,102.0199966430664,101.73999786376953,101.9800033569336,26938,0.0,0.0,2023-05-25
118,2023-05-25 12:50:00-04:00,101.98999786376953,102.08999633789062,101.94000244140625,102.0199966430664,21361,0.0,0.0,2023-05-25
119,2023-05-25 12:55:00-04:00,102.02999877929688,102.17500305175781,101.8949966430664,101.91500091552734,28469,0.0,0.0,2023-05-25
120,2023-05-25 13:00:00-04:00,101.8949966430664,101.94999694824219,101.76000213623047,101.7750015258789,26973,0.0,0.0,2023-05-25
121,2023-05-25 13:05:00-04:00,101.7750015258789,101.94999694824219,101.73999786376953,101.91999816894531,21200,0.0,0.0,2023-05-25
122,2023-05-25 13:10:00-04:00,101.93000030517578,102.06490325927734,101.93000030517578,101.95999908447266,15332,0.0,0.0,2023-05-25
123,2023-05-25 13:15:00-04:00,101.96499633789062,102.16000366210938,101.96499633789062,102.12000274658203,20394,0.0,0.0,2023-05-25
124,2023-05-25 13:20:00-04:00,102.12000274658203,102.22000122070312,102.0999984741211,102.12999725341797,25017,0.0,0.0,2023-05-25
125,2023-05-25 13:25:00-04:00,102.12999725341797,102.25,102.04000091552734,102.12000274658203,27225,0.0,0.0,2023-05-25
126,2023-05-25 13:30:00-04:00,102.11000061035156,102.11000061035156,101.93499755859375,102.01000213623047,37307,0.0,0.0,2023-05-25
127,2023-05-25 13:35:00-04:00,102.01000213623047,102.0999984741211,101.94999694824219,102.0199966430664,28505,0.0,0.0,2023-05-25
128,2023-05-25 13:40:00-04:00,102.05000305175781,102.20600128173828,102.04000091552734,102.11000061035156,20121,0.0,0.0,2023-05-25
129,2023-05-25 13:45:00-04:00,102.11000061035156,102.11000061035156,102.0,102.05999755859375,18775,0.0,0.0,2023-05-25
130,2023-05-25 13:50:00-04:00,102.05999755859375,102.05999755859375,101.8550033569336,101.87999725341797,29319,0.0,0.0,2023-05-25
131,2023-05-25 13:55:00-04:00,101.9000015258789,102.01000213623047,101.87999725341797,102.01000213623047,34122,0.0,0.0,2023-05-25
132,2023-05-25 14:00:00-04:00,102.00499725341797,102.4000015258789,102.00499725341797,102.13999938964844,49748,0.0,0.0,2023-05-25
133,2023-05-25 14:05:00-04:00,102.1500015258789,102.1500015258789,101.7300033569336,101.7300033569336,130392,0.0,0.0,2023-05-25
134,2023-05-25 14:10:00-04:00,101.73999786376953,101.80999755859375,101.62000274658203,101.70970153808594,29034,0.0,0.0,2023-05-25
135,2023-05-25 14:15:00-04:00,101.70999908447266,102.01000213623047,101.66000366210938,101.9800033569336,35163,0.0,0.0,2023-05-25
136,2023-05-25 14:20:00-04:00,101.9800033569336,102.04000091552734,101.91000366210938,101.9800033569336,37187,0.0,0.0,2023-05-25
137,2023-05-25 14:25:00-04:00,101.98999786376953,102.08999633789062,101.94000244140625,101.95999908447266,30991,0.0,0.0,2023-05-25
138,2023-05-25 14:30:00-04:00,101.94999694824219,101.94999694824219,101.72000122070312,101.7750015258789,25130,0.0,0.0,2023-05-25
139,2023-05-25 14:35:00-04:00,101.7750015258789,101.77999877929688,101.62000274658203,101.62999725341797,25987,0.0,0.0,2023-05-25
140,2023-05-25 14:40:00-04:00,101.63500213623047,101.63500213623047,101.33999633789062,101.44000244140625,29924,0.0,0.0,2023-05-25
141,2023-05-25 14:45:00-04:00,101.43000030517578,101.55999755859375,101.37999725341797,101.5,28331,0.0,0.0,2023-05-25
142,2023-05-25 14:50:00-04:00,101.50499725341797,101.58000183105469,101.43000030517578,101.55999755859375,21672,0.0,0.0,2023-05-25
143,2023-05-25 14:55:00-04:00,101.55999755859375,101.58000183105469,101.44000244140625,101.55000305175781,24128,0.0,0.0,2023-05-25
144,2023-05-25 15:00:00-04:00,101.55000305175781,101.73999786376953,101.55000305175781,101.69000244140625,30974,0.0,0.0,2023-05-25
145,2023-05-25 15:05:00-04:00,101.69999694824219,101.7300033569336,101.55999755859375,101.62999725341797,36912,0.0,0.0,2023-05-25
146,2023-05-25 15:10:00-04:00,101.63999938964844,101.7300033569336,101.52999877929688,101.55999755859375,36650,0.0,0.0,2023-05-25
147,2023-05-25 15:15:00-04:00,101.55000305175781,101.55000305175781,101.36000061035156,101.44999694824219,47857,0.0,0.0,2023-05-25
148,2023-05-25 15:20:00-04:00,101.44000244140625,101.62000274658203,101.4000015258789,101.55999755859375,32613,0.0,0.0,2023-05-25
149,2023-05-25 15:25:00-04:00,101.55000305175781,101.77999877929688,101.5199966430664,101.66999816894531,47503,0.0,0.0,2023-05-25
150,2023-05-25 15:30:00-04:00,101.66999816894531,101.77999877929688,101.58999633789062,101.6500015258789,61947,0.0,0.0,2023-05-25
151,2023-05-25 15:35:00-04:00,101.6500015258789,101.72000122070312,101.56999969482422,101.70999908447266,52846,0.0,0.0,2023-05-25
152,2023-05-25 15:40:00-04:00,101.72000122070312,101.84500122070312,101.66000366210938,101.79000091552734,52309,0.0,0.0,2023-05-25
153,2023-05-25 15:45:00-04:00,101.79499816894531,101.91649627685547,101.69000244140625,101.72000122070312,58279,0.0,0.0,2023-05-25
154,2023-05-25 15:50:00-04:00,101.69999694824219,101.77999877929688,101.6500015258789,101.66999816894531,137376,0.0,0.0,2023-05-25
155,2023-05-25 15:55:00-04:00,101.68000030517578,101.81999969482422,101.66999816894531,101.69999694824219,217954,0.0,0.0,2023-05-25
156,2023-05-26 09:30:00-04:00,102.66999816894531,102.75,102.37999725341797,102.75,84574,0.0,0.0,2023-05-26
157,2023-05-26 09:35:00-04:00,102.7300033569336,102.8499984741211,102.27999877929688,102.31999969482422,49515,0.0,0.0,2023-05-26
158,2023-05-26 09:40:00-04:00,102.30999755859375,102.56999969482422,102.08000183105469,102.20999908447266,31092,0.0,0.0,2023-05-26
159,2023-05-26 09:45:00-04:00,102.20999908447266,102.33499908447266,102.02999877929688,102.05999755859375,32141,0.0,0.0,2023-05-26
160,2023-05-26 09:50:00-04:00,102.08000183105469,102.08000183105469,101.75,101.97000122070312,47093,0.0,0.0,2023-05-26
161,2023-05-26 09:55:00-04:00,101.97000122070312,102.12000274658203,101.88999938964844,102.02999877929688,31366,0.0,0.0,2023-05-26
162,2023-05-26 10:00:00-04:00,102.0250015258789,102.18000030517578,101.7300033569336,101.91999816894531,44736,0.0,0.0,2023-05-26
163,2023-05-26 10:05:00-04:00,101.91500091552734,102.26000213623047,101.87999725341797,102.19999694824219,65697,0.0,0.0,2023-05-26
164,2023-05-26 10:10:00-04:00,102.23999786376953,102.24549865722656,101.87000274658203,101.87010192871094,58175,0.0,0.0,2023-05-26
165,2023-05-26 10:15:00-04:00,101.9000015258789,102.01000213623047,101.79000091552734,101.91999816894531,36402,0.0,0.0,2023-05-26
166,2023-05-26 10:20:00-04:00,102.0,102.05000305175781,101.87000274658203,102.02999877929688,35076,0.0,0.0,2023-05-26
167,2023-05-26 10:25:00-04:00,102.03780364990234,102.13999938964844,101.91999816894531,101.98500061035156,38032,0.0,0.0,2023-05-26
168,2023-05-26 10:30:00-04:00,102.00499725341797,102.02249908447266,101.80000305175781,101.88999938964844,42975,0.0,0.0,2023-05-26
169,2023-05-26 10:35:00-04:00,101.91000366210938,101.93000030517578,101.70999908447266,101.7750015258789,32410,0.0,0.0,2023-05-26
170,2023-05-26 10:40:00-04:00,101.79000091552734,101.83000183105469,101.5,101.51010131835938,41491,0.0,0.0,2023-05-26
171,2023-05-26 10:45:00-04:00,101.52999877929688,101.73500061035156,101.44000244140625,101.7300033569336,35074,0.0,0.0,2023-05-26
172,2023-05-26 10:50:00-04:00,101.71499633789062,101.80000305175781,101.5,101.6500015258789,28478,0.0,0.0,2023-05-26
173,2023-05-26 10:55:00-04:00,101.64009857177734,101.69000244140625,101.41000366210938,101.41000366210938,26175,0.0,0.0,2023-05-26
174,2023-05-26 11:00:00-04:00,101.3949966430664,101.5115966796875,101.37879943847656,101.3949966430664,32873,0.0,0.0,2023-05-26
175,2023-05-26 11:05:00-04:00,101.37999725341797,101.51190185546875,101.25,101.47000122070312,40375,0.0,0.0,2023-05-26
176,2023-05-26 11:10:00-04:00,101.45500183105469,101.45500183105469,101.13999938964844,101.2300033569336,28330,0.0,0.0,2023-05-26
177,2023-05-26 11:15:00-04:00,101.22000122070312,101.27999877929688,101.08999633789062,101.2300033569336,29818,0.0,0.0,2023-05-26
178,2023-05-26 11:20:00-04:00,101.27179718017578,101.27999877929688,101.05000305175781,101.12000274658203,32489,0.0,0.0,2023-05-26
179,2023-05-26 11:25:00-04:00,101.13999938964844,101.29000091552734,101.01000213623047,101.04000091552734,27908,0.0,0.0,2023-05-26
180,2023-05-26 11:30:00-04:00,101.03500366210938,101.13999938964844,100.9520034790039,101.09500122070312,30541,0.0,0.0,2023-05-26
181,2023-05-26 11:35:00-04:00,101.11000061035156,101.2699966430664,101.08999633789062,101.25,35243,0.0,0.0,2023-05-26
182,2023-05-26 11:40:00-04:00,101.25,101.30999755859375,101.06999969482422,101.06999969482422,33543,0.0,0.0,2023-05-26
183,2023-05-26 11:45:00-04:00,101.0999984741211,101.12000274658203,100.87999725341797,101.01000213623047,45417,0.0,0.0,2023-05-26
184,2023-05-26 11:50:00-04:00,101.02999877929688,101.23999786376953,101.02020263671875,101.19499969482422,25580,0.0,0.0,2023-05-26
185,2023-05-26 11:55:00-04:00,101.19999694824219,101.25499725341797,101.11499786376953,101.19000244140625,19706,0.0,0.0,2023-05-26
186,2023-05-26 12:00:00-04:00,101.18000030517578,101.2699966430664,101.16000366210938,101.24500274658203,19993,0.0,0.0,2023-05-26
187,2023-05-26 12:05:00-04:00,101.2699966430664,101.33000183105469,101.17009735107422,101.30999755859375,38685,0.0,0.0,2023-05-26
188,2023-05-26 12:10:00-04:00,101.3156967163086,101.36000061035156,101.11000061035156,101.11499786376953,19967,0.0,0.0,2023-05-26
189,2023-05-26 12:15:00-04:00,101.12000274658203,101.1500015258789,101.01000213623047,101.1500015258789,35311,0.0,0.0,2023-05-26
190,2023-05-26 12:20:00-04:00,101.16999816894531,101.38999938964844,101.05999755859375,101.37999725341797,105755,0.0,0.0,2023-05-26
191,2023-05-26 12:25:00-04:00,101.38500213623047,101.72000122070312,101.38500213623047,101.5199966430664,166738,0.0,0.0,2023-05-26
192,2023-05-26 12:30:00-04:00,101.51000213623047,101.68000030517578,101.44999694824219,101.54000091552734,49123,0.0,0.0,2023-05-26
193,2023-05-26 12:35:00-04:00,101.57949829101562,101.72000122070312,101.52999877929688,101.55999755859375,23857,0.0,0.0,2023-05-26
194,2023-05-26 12:40:00-04:00,101.55000305175781,101.7300033569336,101.52999877929688,101.70999908447266,31135,0.0,0.0,2023-05-26
195,2023-05-26 12:45:00-04:00,101.69999694824219,101.77999877929688,101.55999755859375,101.58000183105469,108941,0.0,0.0,2023-05-26
196,2023-05-26 12:50:00-04:00,101.58999633789062,101.87999725341797,101.56999969482422,101.81999969482422,60329,0.0,0.0,2023-05-26
197,2023-05-26 12:55:00-04:00,101.83999633789062,101.94989776611328,101.80999755859375,101.94989776611328,42603,0.0,0.0,2023-05-26
198,2023-05-26 13:00:00-04:00,101.94989776611328,102.16000366210938,101.9000015258789,102.07499694824219,47244,0.0,0.0,2023-05-26
199,2023-05-26 13:05:00-04:00,102.07499694824219,102.26000213623047,102.07499694824219,102.2300033569336,57354,0.0,0.0,2023-05-26
200,2023-05-26 13:10:00-04:00,102.2300033569336,102.23999786376953,102.02999877929688,102.07499694824219,143622,0.0,0.0,2023-05-26
201,2023-05-26 13:15:00-04:00,102.08000183105469,102.125,101.97000122070312,102.08000183105469,74041,0.0,0.0,2023-05-26
202,2023-05-26 13:20:00-04:00,102.08999633789062,102.19999694824219,102.08000183105469,102.16000366210938,49017,0.0,0.0,2023-05-26
203,2023-05-26 13:25:00-04:00,102.1500015258789,102.16999816894531,101.83000183105469,101.93000030517578,47835,0.0,0.0,2023-05-26
204,2023-05-26 13:30:00-04:00,101.91000366210938,102.08999633789062,101.87000274658203,102.08999633789062,24352,0.0,0.0,2023-05-26
205,2023-05-26 13:35:00-04:00,102.08999633789062,102.11000061035156,101.7300033569336,101.87000274658203,42763,0.0,0.0,2023-05-26
206,2023-05-26 13:40:00-04:00,101.87000274658203,101.8729019165039,101.66000366210938,101.73999786376953,23576,0.0,0.0,2023-05-26
207,2023-05-26 13:45:00-04:00,101.73999786376953,101.7699966430664,101.62000274658203,101.69999694824219,30579,0.0,0.0,2023-05-26
208,2023-05-26 13:50:00-04:00,101.70999908447266,101.72000122070312,101.59500122070312,101.61499786376953,25746,0.0,0.0,2023-05-26
209,2023-05-26 13:55:00-04:00,101.61000061035156,101.70999908447266,101.54000091552734,101.69000244140625,34721,0.0,0.0,2023-05-26
210,2023-05-26 14:00:00-04:00,101.69999694824219,101.75,101.6500015258789,101.73999786376953,45138,0.0,0.0,2023-05-26
211,2023-05-26 14:05:00-04:00,101.73999786376953,101.75,101.6050033569336,101.69999694824219,41273,0.0,0.0,2023-05-26
212,2023-05-26 14:10:00-04:00,101.70999908447266,101.86499786376953,101.70999908447266,101.80999755859375,33347,0.0,0.0,2023-05-26
213,2023-05-26 14:15:00-04:00,101.80999755859375,101.87000274658203,101.76000213623047,101.83999633789062,31261,0.0,0.0,2023-05-26
214,2023-05-26 14:20:00-04:00,101.83000183105469,101.87999725341797,101.7750015258789,101.86000061035156,30655,0.0,0.0,2023-05-26
215,2023-05-26 14:25:00-04:00,101.87000274658203,102.02999877929688,101.83000183105469,102.01000213623047,48122,0.0,0.0,2023-05-26
216,2023-05-26 14:30:00-04:00,102.0199966430664,102.0999984741211,102.0,102.02999877929688,30318,0.0,0.0,2023-05-26
217,2023-05-26 14:35:00-04:00,102.01000213623047,102.13500213623047,102.0,102.0999984741211,81003,0.0,0.0,2023-05-26
218,2023-05-26 14:40:00-04:00,102.0999984741211,102.11000061035156,101.98999786376953,102.02999877929688,39552,0.0,0.0,2023-05-26
219,2023-05-26 14:45:00-04:00,102.04000091552734,102.1500015258789,102.04000091552734,102.12999725341797,39043,0.0,0.0,2023-05-26
220,2023-05-26 14:50:00-04:00,102.12999725341797,102.12999725341797,102.05999755859375,102.06999969482422,56007,0.0,0.0,2023-05-26
221,2023-05-26 14:55:00-04:00,102.08000183105469,102.13999938964844,102.0250015258789,102.02999877929688,44020,0.0,0.0,2023-05-26
222,2023-05-26 15:00:00-04:00,102.04000091552734,102.26000213623047,102.0,102.1449966430664,48809,0.0,0.0,2023-05-26
223,2023-05-26 15:05:00-04:00,102.13999938964844,102.13999938964844,101.9800033569336,102.01000213623047,47741,0.0,0.0,2023-05-26
224,2023-05-26 15:10:00-04:00,102.0199966430664,102.04000091552734,101.8572006225586,101.9800033569336,38544,0.0,0.0,2023-05-26
225,2023-05-26 15:15:00-04:00,101.9800033569336,102.05500030517578,101.94000244140625,102.01000213623047,36243,0.0,0.0,2023-05-26
226,2023-05-26 15:20:00-04:00,102.01000213623047,102.01000213623047,101.83999633789062,101.86000061035156,72320,0.0,0.0,2023-05-26
227,2023-05-26 15:25:00-04:00,101.86000061035156,101.8949966430664,101.68000030517578,101.69999694824219,99288,0.0,0.0,2023-05-26
228,2023-05-26 15:30:00-04:00,101.69999694824219,101.8499984741211,101.63999938964844,101.81999969482422,62836,0.0,0.0,2023-05-26
229,2023-05-26 15:35:00-04:00,101.81999969482422,101.94999694824219,101.80000305175781,101.94000244140625,55408,0.0,0.0,2023-05-26
230,2023-05-26 15:40:00-04:00,101.94000244140625,102.11000061035156,101.88500213623047,102.0199966430664,65011,0.0,0.0,2023-05-26
231,2023-05-26 15:45:00-04:00,102.0199966430664,102.06999969482422,101.94999694824219,102.0199966430664,88151,0.0,0.0,2023-05-26
232,2023-05-26 15:50:00-04:00,102.01000213623047,102.04000091552734,101.86000061035156,102.0199966430664,151409,0.0,0.0,2023-05-26
233,2023-05-26 15:55:00-04:00,102.04000091552734,102.0999984741211,101.79000091552734,101.81999969482422,242113,0.0,0.0,2023-05-26
234,2023-05-30 09:30:00-04:00,100.69999694824219,101.23760223388672,100.5,101.13500213623047,169602,0.0,0.0,2023-05-30
235,2023-05-30 09:35:00-04:00,101.13500213623047,101.58999633789062,101.0999984741211,101.27999877929688,81861,0.0,0.0,2023-05-30
236,2023-05-30 09:40:00-04:00,101.22000122070312,101.25,100.29000091552734,100.30500030517578,126349,0.0,0.0,2023-05-30
237,2023-05-30 09:45:00-04:00,100.30999755859375,100.43000030517578,100.02999877929688,100.20500183105469,68251,0.0,0.0,2023-05-30
238,2023-05-30 09:50:00-04:00,100.26000213623047,100.56999969482422,100.06999969482422,100.44999694824219,108150,0.0,0.0,2023-05-30
239,2023-05-30 09:55:00-04:00,100.4800033569336,100.74500274658203,100.33000183105469,100.74500274658203,48007,0.0,0.0,2023-05-30
240,2023-05-30 10:00:00-04:00,100.74500274658203,100.87000274658203,100.55999755859375,100.72000122070312,82002,0.0,0.0,2023-05-30
241,2023-05-30 10:05:00-04:00,100.69999694824219,101.04499816894531,100.51000213623047,101.02999877929688,54020,0.0,0.0,2023-05-30
242,2023-05-30 10:10:00-04:00,101.05999755859375,101.16000366210938,100.66000366210938,100.83000183105469,53003,0.0,0.0,2023-05-30
243,2023-05-30 10:15:00-04:00,100.8499984741211,101.30000305175781,100.8499984741211,101.26000213623047,68178,0.0,0.0,2023-05-30
244,2023-05-30 10:20:00-04:00,101.26000213623047,101.31999969482422,100.70999908447266,100.87000274658203,59109,0.0,0.0,2023-05-30
245,2023-05-30 10:25:00-04:00,100.9000015258789,100.91000366210938,100.55000305175781,100.62999725341797,35908,0.0,0.0,2023-05-30
246,2023-05-30 10:30:00-04:00,100.58000183105469,100.87999725341797,100.54000091552734,100.62000274658203,42711,0.0,0.0,2023-05-30
247,2023-05-30 10:35:00-04:00,100.6500015258789,100.69999694824219,100.58499908447266,100.60749816894531,32536,0.0,0.0,2023-05-30
248,2023-05-30 10:40:00-04:00,100.6050033569336,100.83000183105469,100.56999969482422,100.56999969482422,36545,0.0,0.0,2023-05-30
249,2023-05-30 10:45:00-04:00,100.58000183105469,100.78500366210938,100.51499938964844,100.61000061035156,33369,0.0,0.0,2023-05-30
250,2023-05-30 10:50:00-04:00,100.58999633789062,100.5999984741211,100.38999938964844,100.42900085449219,45478,0.0,0.0,2023-05-30
251,2023-05-30 10:55:00-04:00,100.41449737548828,100.5199966430664,100.25,100.26000213623047,32784,0.0,0.0,2023-05-30
252,2023-05-30 11:00:00-04:00,100.25,100.44000244140625,100.22000122070312,100.36000061035156,59544,0.0,0.0,2023-05-30
253,2023-05-30 11:05:00-04:00,100.36000061035156,100.63999938964844,100.36000061035156,100.62000274658203,44485,0.0,0.0,2023-05-30
254,2023-05-30 11:10:00-04:00,100.62000274658203,100.62000274658203,100.36000061035156,100.45999908447266,46547,0.0,0.0,2023-05-30
255,2023-05-30 11:15:00-04:00,100.43000030517578,100.4800033569336,100.2300033569336,100.37000274658203,40145,0.0,0.0,2023-05-30
256,2023-05-30 11:20:00-04:00,100.3499984741211,100.43000030517578,100.29000091552734,100.3499984741211,43071,0.0,0.0,2023-05-30
257,2023-05-30 11:25:00-04:00,100.37000274658203,100.5199966430664,100.32499694824219,100.50499725341797,42295,0.0,0.0,2023-05-30
258,2023-05-30 11:30:00-04:00,100.48999786376953,100.63999938964844,100.47000122070312,100.5199966430664,41316,0.0,0.0,2023-05-30
259,2023-05-30 11:35:00-04:00,100.54000091552734,100.58999633789062,100.5,100.50189971923828,31603,0.0,0.0,2023-05-30
260,2023-05-30 11:40:00-04:00,100.51000213623047,100.6500015258789,100.43000030517578,100.54000091552734,36614,0.0,0.0,2023-05-30
261,2023-05-30 11:45:00-04:00,100.54000091552734,100.73999786376953,100.51000213623047,100.6500015258789,29237,0.0,0.0,2023-05-30
262,2023-05-30 11:50:00-04:00,100.63999938964844,100.63999938964844,100.4000015258789,100.43000030517578,43831,0.0,0.0,2023-05-30
263,2023-05-30 11:55:00-04:00,100.44999694824219,100.65499877929688,100.44000244140625,100.65499877929688,22680,0.0,0.0,2023-05-30
264,2023-05-30 12:00:00-04:00,100.63999938964844,100.82499694824219,100.63999938964844,100.74500274658203,34057,0.0,0.0,2023-05-30
265,2023-05-30 12:05:00-04:00,100.73999786376953,100.73999786376953,100.52999877929688,100.56999969482422,27263,0.0,0.0,2023-05-30
266,2023-05-30 12:10:00-04:00,100.57499694824219,100.77999877929688,100.56999969482422,100.66999816894531,31713,0.0,0.0,2023-05-30
267,2023-05-30 12:15:00-04:00,100.70999908447266,100.80999755859375,100.58000183105469,100.73999786376953,87666,0.0,0.0,2023-05-30
268,2023-05-30 12:20:00-04:00,100.76000213623047,100.80000305175781,100.62999725341797,100.68000030517578,27283,0.0,0.0,2023-05-30
269,2023-05-30 12:25:00-04:00,100.66999816894531,100.78500366210938,100.66000366210938,100.75,24236,0.0,0.0,2023-05-30
270,2023-05-30 12:30:00-04:00,100.75,100.87000274658203,100.66000366210938,100.83999633789062,45744,0.0,0.0,2023-05-30
271,2023-05-30 12:35:00-04:00,100.83999633789062,100.93000030517578,100.75,100.76000213623047,33963,0.0,0.0,2023-05-30
272,2023-05-30 12:40:00-04:00,100.75,100.76000213623047,100.6500015258789,100.66000366210938,47789,0.0,0.0,2023-05-30
273,2023-05-30 12:45:00-04:00,100.66000366210938,100.80999755859375,100.63999938964844,100.79000091552734,29320,0.0,0.0,2023-05-30
274,2023-05-30 12:50:00-04:00,100.77999877929688,100.87000274658203,100.61000061035156,100.87000274658203,27245,0.0,0.0,2023-05-30
275,2023-05-30 12:55:00-04:00,100.86499786376953,100.90499877929688,100.77999877929688,100.8550033569336,43123,0.0,0.0,2023-05-30
276,2023-05-30 13:00:00-04:00,100.87000274658203,100.94999694824219,100.7699966430664,100.7699966430664,37018,0.0,0.0,2023-05-30
277,2023-05-30 13:05:00-04:00,100.7699966430664,100.77999877929688,100.58000183105469,100.63999938964844,34048,0.0,0.0,2023-05-30
278,2023-05-30 13:10:00-04:00,100.61000061035156,100.61000061035156,100.30999755859375,100.36000061035156,33665,0.0,0.0,2023-05-30
279,2023-05-30 13:15:00-04:00,100.3499984741211,100.6500015258789,100.27999877929688,100.625,50503,0.0,0.0,2023-05-30
280,2023-05-30 13:20:00-04:00,100.65499877929688,100.66000366210938,100.46499633789062,100.51000213623047,39537,0.0,0.0,2023-05-30
281,2023-05-30 13:25:00-04:00,100.51000213623047,100.51000213623047,100.30000305175781,100.33000183105469,51288,0.0,0.0,2023-05-30
282,2023-05-30 13:30:00-04:00,100.31999969482422,100.62100219726562,100.30000305175781,100.54000091552734,48701,0.0,0.0,2023-05-30
283,2023-05-30 13:35:00-04:00,100.55500030517578,100.68000030517578,100.51000213623047,100.54000091552734,41032,0.0,0.0,2023-05-30
284,2023-05-30 13:40:00-04:00,100.56999969482422,100.66000366210938,100.55000305175781,100.62999725341797,27861,0.0,0.0,2023-05-30
285,2023-05-30 13:45:00-04:00,100.63999938964844,100.75,100.61000061035156,100.6500015258789,33402,0.0,0.0,2023-05-30
286,2023-05-30 13:50:00-04:00,100.63999938964844,100.63999938964844,100.47000122070312,100.48999786376953,39006,0.0,0.0,2023-05-30
287,2023-05-30 13:55:00-04:00,100.51000213623047,100.51000213623047,100.38009643554688,100.41000366210938,31711,0.0,0.0,2023-05-30
288,2023-05-30 14:00:00-04:00,100.43000030517578,100.43000030517578,100.23999786376953,100.33999633789062,50293,0.0,0.0,2023-05-30
289,2023-05-30 14:05:00-04:00,100.33499908447266,100.38999938964844,100.13999938964844,100.19000244140625,50728,0.0,0.0,2023-05-30
290,2023-05-30 14:10:00-04:00,100.18000030517578,100.30999755859375,100.12000274658203,100.29000091552734,53411,0.0,0.0,2023-05-30
291,2023-05-30 14:15:00-04:00,100.29000091552734,100.4749984741211,100.29000091552734,100.43000030517578,34851,0.0,0.0,2023-05-30
292,2023-05-30 14:20:00-04:00,100.43000030517578,100.52999877929688,100.37999725341797,100.51000213623047,43343,0.0,0.0,2023-05-30
293,2023-05-30 14:25:00-04:00,100.5199966430664,100.55999755859375,100.44000244140625,100.45999908447266,33197,0.0,0.0,2023-05-30
294,2023-05-30 14:30:00-04:00,100.4749984741211,100.62000274658203,100.4749984741211,100.55000305175781,28973,0.0,0.0,2023-05-30
295,2023-05-30 14:35:00-04:00,100.55999755859375,100.625,100.47000122070312,100.55000305175781,49402,0.0,0.0,2023-05-30
296,2023-05-30 14:40:00-04:00,100.55000305175781,100.61000061035156,100.54000091552734,100.5999984741211,42337,0.0,0.0,2023-05-30
297,2023-05-30 14:45:00-04:00,100.61000061035156,100.61000061035156,100.48999786376953,100.51000213623047,48920,0.0,0.0,2023-05-30
298,2023-05-30 14:50:00-04:00,100.52999877929688,100.62999725341797,100.45500183105469,100.62000274658203,42520,0.0,0.0,2023-05-30
299,2023-05-30 14:55:00-04:00,100.61000061035156,100.61289978027344,100.29000091552734,100.29000091552734,45065,0.0,0.0,2023-05-30
300,2023-05-30 15:00:00-04:00,100.29000091552734,100.47000122070312,100.29000091552734,100.4000015258789,92266,0.0,0.0,2023-05-30
301,2023-05-30 15:05:00-04:00,100.41000366210938,100.5,100.37000274658203,100.5,57440,0.0,0.0,2023-05-30
302,2023-05-30 15:10:00-04:00,100.48999786376953,100.62999725341797,100.4800033569336,100.62000274658203,50331,0.0,0.0,2023-05-30
303,2023-05-30 15:15:00-04:00,100.61000061035156,100.81999969482422,100.58999633789062,100.75,54515,0.0,0.0,2023-05-30
304,2023-05-30 15:20:00-04:00,100.75499725341797,100.80000305175781,100.66000366210938,100.70999908447266,66395,0.0,0.0,2023-05-30
305,2023-05-30 15:25:00-04:00,100.72000122070312,100.83999633789062,100.72000122070312,100.77999877929688,50400,0.0,0.0,2023-05-30
306,2023-05-30 15:30:00-04:00,100.77999877929688,100.92500305175781,100.77999877929688,100.91999816894531,88658,0.0,0.0,2023-05-30
307,2023-05-30 15:35:00-04:00,100.93000030517578,101.13999938964844,100.93000030517578,100.9800033569336,77233,0.0,0.0,2023-05-30
308,2023-05-30 15:40:00-04:00,100.9800033569336,101.0,100.93000030517578,100.94999694824219,86549,0.0,0.0,2023-05-30
309,2023-05-30 15:45:00-04:00,100.95999908447266,101.16999816894531,100.91999816894531,101.12999725341797,99534,0.0,0.0,2023-05-30
310,2023-05-30 15:50:00-04:00,101.12000274658203,101.20999908447266,101.05999755859375,101.18000030517578,173121,0.0,0.0,2023-05-30
311,2023-05-30 15:55:00-04:00,101.18000030517578,101.4000015258789,101.11000061035156,101.19000244140625,550262,0.0,0.0,2023-05-30
312,2023-05-31 09:30:00-04:00,99.43000030517578,100.61000061035156,99.28250122070312,100.21499633789062,161561,0.0,0.0,2023-05-31
313,2023-05-31 09:35:00-04:00,100.20999908447266,100.33999633789062,99.77999877929688,99.81999969482422,110229,0.0,0.0,2023-05-31
314,2023-05-31 09:40:00-04:00,99.80999755859375,99.98999786376953,99.61000061035156,99.87000274658203,67108,0.0,0.0,2023-05-31
315,2023-05-31 09:45:00-04:00,99.9000015258789,100.02999877929688,99.56999969482422,99.69000244140625,77178,0.0,0.0,2023-05-31
316,2023-05-31 09:50:00-04:00,99.69000244140625,100.05500030517578,99.61000061035156,100.05500030517578,61268,0.0,0.0,2023-05-31
317,2023-05-31 09:55:00-04:00,100.02999877929688,100.4000015258789,99.95999908447266,100.4000015258789,51460,0.0,0.0,2023-05-31
318,2023-05-31 10:00:00-04:00,100.38999938964844,100.4000015258789,99.96499633789062,100.11499786376953,77820,0.0,0.0,2023-05-31
319,2023-05-31 10:05:00-04:00,100.08999633789062,100.17500305175781,99.75,100.13999938964844,104192,0.0,0.0,2023-05-31
320,2023-05-31 10:10:00-04:00,100.1500015258789,100.36499786376953,99.97000122070312,100.3499984741211,64784,0.0,0.0,2023-05-31
321,2023-05-31 10:15:00-04:00,100.3550033569336,100.38999938964844,99.98999786376953,100.13999938964844,93526,0.0,0.0,2023-05-31
322,2023-05-31 10:20:00-04:00,100.13999938964844,100.3949966430664,100.02999877929688,100.27749633789062,105332,0.0,0.0,2023-05-31
323,2023-05-31 10:25:00-04:00,100.19999694824219,100.31999969482422,100.08000183105469,100.26499938964844,70213,0.0,0.0,2023-05-31
324,2023-05-31 10:30:00-04:00,100.29000091552734,100.66000366210938,100.17500305175781,100.57499694824219,64541,0.0,0.0,2023-05-31
325,2023-05-31 10:35:00-04:00,100.55999755859375,100.94000244140625,100.44999694824219,100.94000244140625,72299,0.0,0.0,2023-05-31
326,2023-05-31 10:40:00-04:00,100.93499755859375,100.98500061035156,100.61000061035156,100.69000244140625,74068,0.0,0.0,2023-05-31
327,2023-05-31 10:45:00-04:00,100.69000244140625,100.9031982421875,100.55500030517578,100.58999633789062,83397,0.0,0.0,2023-05-31
328,2023-05-31 10:50:00-04:00,100.597900390625,100.75,100.43499755859375,100.73999786376953,43760,0.0,0.0,2023-05-31
329,2023-05-31 10:55:00-04:00,100.75,100.86000061035156,100.69999694824219,100.72989654541016,48690,0.0,0.0,2023-05-31
330,2023-05-31 11:00:00-04:00,100.69999694824219,100.76000213623047,100.61000061035156,100.69539642333984,54406,0.0,0.0,2023-05-31
331,2023-05-31 11:05:00-04:00,100.69999694824219,100.71499633789062,100.5199966430664,100.56999969482422,63435,0.0,0.0,2023-05-31
332,2023-05-31 11:10:00-04:00,100.56999969482422,100.56999969482422,100.36000061035156,100.51499938964844,58596,0.0,0.0,2023-05-31
333,2023-05-31 11:15:00-04:00,100.52999877929688,100.7699966430664,100.52999877929688,100.6500015258789,55723,0.0,0.0,2023-05-31
334,2023-05-31 11:20:00-04:00,100.66999816894531,100.69000244140625,100.37999725341797,100.42500305175781,53464,0.0,0.0,2023-05-31
335,2023-05-31 11:25:00-04:00,100.41000366210938,100.55000305175781,100.27999877929688,100.30000305175781,45024,0.0,0.0,2023-05-31
336,2023-05-31 11:30:00-04:00,100.30999755859375,100.52999877929688,100.30000305175781,100.45999908447266,53370,0.0,0.0,2023-05-31
337,2023-05-31 11:35:00-04:00,100.45999908447266,100.51000213623047,100.30999755859375,100.31999969482422,50584,0.0,0.0,2023-05-31
338,2023-05-31 11:40:00-04:00,100.30999755859375,100.47000122070312,100.28500366210938,100.30500030517578,45161,0.0,0.0,2023-05-31
339,2023-05-31 11:45:00-04:00,100.30999755859375,100.4000015258789,100.20999908447266,100.22000122070312,38438,0.0,0.0,2023-05-31
340,2023-05-31 11:50:00-04:00,100.20999908447266,100.5,100.06999969482422,100.46990203857422,40708,0.0,0.0,2023-05-31
341,2023-05-31 11:55:00-04:00,100.48999786376953,100.58999633789062,100.29499816894531,100.30000305175781,40185,0.0,0.0,2023-05-31
342,2023-05-31 12:00:00-04:00,100.30000305175781,100.43000030517578,100.22000122070312,100.2699966430664,54425,0.0,0.0,2023-05-31
343,2023-05-31 12:05:00-04:00,100.26000213623047,100.27999877929688,100.05000305175781,100.11000061035156,50002,0.0,0.0,2023-05-31
344,2023-05-31 12:10:00-04:00,100.11000061035156,100.30999755859375,100.11000061035156,100.29000091552734,35738,0.0,0.0,2023-05-31
345,2023-05-31 12:15:00-04:00,100.29000091552734,100.44999694824219,100.27999877929688,100.29000091552734,38895,0.0,0.0,2023-05-31
346,2023-05-31 12:20:00-04:00,100.2699966430664,100.5,100.26000213623047,100.44999694824219,47832,0.0,0.0,2023-05-31
347,2023-05-31 12:25:00-04:00,100.47000122070312,100.47000122070312,100.33000183105469,100.43000030517578,32393,0.0,0.0,2023-05-31
348,2023-05-31 12:30:00-04:00,100.43499755859375,100.44000244140625,100.16999816894531,100.27999877929688,30870,0.0,0.0,2023-05-31
349,2023-05-31 12:35:00-04:00,100.29000091552734,100.30999755859375,100.13999938964844,100.16999816894531,29829,0.0,0.0,2023-05-31
350,2023-05-31 12:40:00-04:00,100.18910217285156,100.47000122070312,100.16000366210938,100.41999816894531,42031,0.0,0.0,2023-05-31
351,2023-05-31 12:45:00-04:00,100.43499755859375,100.44999694824219,100.29000091552734,100.31999969482422,44431,0.0,0.0,2023-05-31
352,2023-05-31 12:50:00-04:00,100.32499694824219,100.33000183105469,100.08999633789062,100.2300033569336,29930,0.0,0.0,2023-05-31
353,2023-05-31 12:55:00-04:00,100.22000122070312,100.22000122070312,100.04000091552734,100.13999938964844,30173,0.0,0.0,2023-05-31
354,2023-05-31 13:00:00-04:00,100.12999725341797,100.16000366210938,100.04000091552734,100.08000183105469,26437,0.0,0.0,2023-05-31
355,2023-05-31 13:05:00-04:00,100.06999969482422,100.16000366210938,99.98999786376953,100.1500015258789,51618,0.0,0.0,2023-05-31
356,2023-05-31 13:10:00-04:00,100.14929962158203,100.20999908447266,100.04000091552734,100.05999755859375,35096,0.0,0.0,2023-05-31
357,2023-05-31 13:15:00-04:00,100.05999755859375,100.1500015258789,100.04000091552734,100.05000305175781,32675,0.0,0.0,2023-05-31
358,2023-05-31 13:20:00-04:00,100.02999877929688,100.02999877929688,99.96900177001953,99.97989654541016,38400,0.0,0.0,2023-05-31
359,2023-05-31 13:25:00-04:00,100.0,100.01000213623047,99.79499816894531,99.8499984741211,43303,0.0,0.0,2023-05-31
360,2023-05-31 13:30:00-04:00,99.86499786376953,99.98500061035156,99.79000091552734,99.98500061035156,43567,0.0,0.0,2023-05-31
361,2023-05-31 13:35:00-04:00,99.9800033569336,100.03990173339844,99.83000183105469,100.00499725341797,46417,0.0,0.0,2023-05-31
362,2023-05-31 13:40:00-04:00,100.04000091552734,100.16999816894531,100.0,100.08999633789062,43439,0.0,0.0,2023-05-31
363,2023-05-31 13:45:00-04:00,100.11000061035156,100.11000061035156,99.88009643554688,100.01000213623047,48902,0.0,0.0,2023-05-31
364,2023-05-31 13:50:00-04:00,100.0199966430664,100.12000274658203,99.93000030517578,100.05000305175781,65355,0.0,0.0,2023-05-31
365,2023-05-31 13:55:00-04:00,100.04000091552734,100.12999725341797,100.02999877929688,100.05999755859375,39114,0.0,0.0,2023-05-31
366,2023-05-31 14:00:00-04:00,100.06999969482422,100.1050033569336,99.94999694824219,100.01000213623047,108619,0.0,0.0,2023-05-31
367,2023-05-31 14:05:00-04:00,100.0199966430664,100.0199966430664,99.69000244140625,99.72000122070312,73280,0.0,0.0,2023-05-31
368,2023-05-31 14:10:00-04:00,99.72000122070312,99.73500061035156,99.5999984741211,99.69000244140625,50725,0.0,0.0,2023-05-31
369,2023-05-31 14:15:00-04:00,99.68000030517578,99.70999908447266,99.45999908447266,99.69000244140625,78650,0.0,0.0,2023-05-31
370,2023-05-31 14:20:00-04:00,99.69499969482422,99.83499908447266,99.66999816894531,99.83000183105469,60898,0.0,0.0,2023-05-31
371,2023-05-31 14:25:00-04:00,99.81999969482422,99.83000183105469,99.69000244140625,99.73999786376953,188498,0.0,0.0,2023-05-31
372,2023-05-31 14:30:00-04:00,99.75,99.81500244140625,99.69499969482422,99.77999877929688,95625,0.0,0.0,2023-05-31
373,2023-05-31 14:35:00-04:00,99.80000305175781,99.83000183105469,99.65499877929688,99.7300033569336,50998,0.0,0.0,2023-05-31
374,2023-05-31 14:40:00-04:00,99.73999786376953,99.77999877929688,99.6500015258789,99.65499877929688,54016,0.0,0.0,2023-05-31
375,2023-05-31 14:45:00-04:00,99.6500015258789,99.69999694824219,99.55999755859375,99.5999984741211,47908,0.0,0.0,2023-05-31
376,2023-05-31 14:50:00-04:00,99.59010314941406,99.62000274658203,99.45999908447266,99.54000091552734,67311,0.0,0.0,2023-05-31
377,2023-05-31 14:55:00-04:00,99.55000305175781,99.66000366210938,99.47000122070312,99.61000061035156,149798,0.0,0.0,2023-05-31
378,2023-05-31 15:00:00-04:00,99.61000061035156,99.69000244140625,99.52999877929688,99.69000244140625,89184,0.0,0.0,2023-05-31
379,2023-05-31 15:05:00-04:00,99.69000244140625,99.7300033569336,99.58000183105469,99.66000366210938,69127,0.0,0.0,2023-05-31
380,2023-05-31 15:10:00-04:00,99.66000366210938,99.68000030517578,99.55000305175781,99.68000030517578,51028,0.0,0.0,2023-05-31
381,2023-05-31 15:15:00-04:00,99.69000244140625,99.70500183105469,99.58999633789062,99.66999816894531,58308,0.0,0.0,2023-05-31
382,2023-05-31 15:20:00-04:00,99.66000366210938,99.8499984741211,99.66000366210938,99.7750015258789,68511,0.0,0.0,2023-05-31
383,2023-05-31 15:25:00-04:00,99.7750015258789,99.79000091552734,99.68000030517578,99.72000122070312,62635,0.0,0.0,2023-05-31
384,2023-05-31 15:30:00-04:00,99.72000122070312,99.86499786376953,99.68000030517578,99.86499786376953,104912,0.0,0.0,2023-05-31
385,2023-05-31 15:35:00-04:00,99.87000274658203,100.06500244140625,99.87000274658203,100.05999755859375,135503,0.0,0.0,2023-05-31
386,2023-05-31 15:40:00-04:00,100.05999755859375,100.0999984741211,99.98999786376953,100.08000183105469,119972,0.0,0.0,2023-05-31
387,2023-05-31 15:45:00-04:00,100.08000183105469,100.19999694824219,99.97000122070312,100.16999816894531,217679,0.0,0.0,2023-05-31
388,2023-05-31 15:50:00-04:00,100.1500015258789,100.3499984741211,99.62000274658203,99.68000030517578,402326,0.0,0.0,2023-05-31
389,2023-05-31 15:55:00-04:00,99.68499755859375,99.91000366210938,99.2300033569336,99.41000366210938,1303719,0.0,0.0,2023-05-31
390,2023-06-01 09:30:00-04:00,99.56999969482422,99.86000061035156,98.87999725341797,99.05999755859375,214249,0.0,0.0,2023-06-01
391,2023-06-01 09:35:00-04:00,99.02999877929688,99.63999938964844,99.0199966430664,99.47000122070312,74621,0.0,0.0,2023-06-01
392,2023-06-01 09:40:00-04:00,99.45999908447266,99.50499725341797,98.77999877929688,98.99009704589844,75435,0.0,0.0,2023-06-01
393,2023-06-01 09:45:00-04:00,98.98999786376953,99.13999938964844,98.62239837646484,98.76000213623047,56244,0.0,0.0,2023-06-01
394,2023-06-01 09:50:00-04:00,98.73999786376953,98.84500122070312,98.56500244140625,98.69000244140625,49899,0.0,0.0,2023-06-01
395,2023-06-01 09:55:00-04:00,98.70999908447266,98.70999908447266,98.37999725341797,98.45500183105469,63530,0.0,0.0,2023-06-01
396,2023-06-01 10:00:00-04:00,98.48999786376953,99.01000213623047,98.48999786376953,98.93000030517578,62869,0.0,0.0,2023-06-01
397,2023-06-01 10:05:00-04:00,98.93499755859375,98.94999694824219,98.63999938964844,98.63999938964844,50014,0.0,0.0,2023-06-01
398,2023-06-01 10:10:00-04:00,98.62999725341797,98.87999725341797,98.61499786376953,98.83999633789062,60613,0.0,0.0,2023-06-01
399,2023-06-01 10:15:00-04:00,98.83000183105469,99.05999755859375,98.77999877929688,99.05000305175781,94443,0.0,0.0,2023-06-01
400,2023-06-01 10:20:00-04:00,99.01000213623047,99.32990264892578,99.0,99.12999725341797,50213,0.0,0.0,2023-06-01
401,2023-06-01 10:25:00-04:00,99.11000061035156,99.18000030517578,98.99500274658203,99.08000183105469,65056,0.0,0.0,2023-06-01
402,2023-06-01 10:30:00-04:00,99.11000061035156,99.47000122070312,98.98999786376953,99.44499969482422,79451,0.0,0.0,2023-06-01
403,2023-06-01 10:35:00-04:00,99.44000244140625,99.75,99.42500305175781,99.48999786376953,73125,0.0,0.0,2023-06-01
404,2023-06-01 10:40:00-04:00,99.48999786376953,99.83000183105469,99.46499633789062,99.83000183105469,81692,0.0,0.0,2023-06-01
405,2023-06-01 10:45:00-04:00,99.83000183105469,99.99500274658203,99.76000213623047,99.87000274658203,82042,0.0,0.0,2023-06-01
406,2023-06-01 10:50:00-04:00,99.88999938964844,100.18000030517578,99.875,100.17500305175781,60533,0.0,0.0,2023-06-01
407,2023-06-01 10:55:00-04:00,100.16000366210938,100.30000305175781,100.01000213623047,100.04000091552734,37363,0.0,0.0,2023-06-01
408,2023-06-01 11:00:00-04:00,100.04000091552734,100.08000183105469,99.83000183105469,99.91500091552734,72592,0.0,0.0,2023-06-01
409,2023-06-01 11:05:00-04:00,99.9000015258789,99.94999694824219,99.70999908447266,99.70999908447266,42468,0.0,0.0,2023-06-01
410,2023-06-01 11:10:00-04:00,99.70010375976562,99.88999938964844,99.66000366210938,99.73999786376953,34762,0.0,0.0,2023-06-01
411,2023-06-01 11:15:00-04:00,99.76000213623047,100.05000305175781,99.76000213623047,99.95999908447266,56308,0.0,0.0,2023-06-01
412,2023-06-01 11:20:00-04:00,99.97000122070312,100.21499633789062,99.93000030517578,100.20999908447266,122772,0.0,0.0,2023-06-01
413,2023-06-01 11:25:00-04:00,100.2249984741211,100.38999938964844,100.19000244140625,100.33999633789062,58199,0.0,0.0,2023-06-01
414,2023-06-01 11:30:00-04:00,100.3499984741211,100.37000274658203,100.08999633789062,100.08999633789062,45103,0.0,0.0,2023-06-01
415,2023-06-01 11:35:00-04:00,100.06999969482422,100.19499969482422,100.01000213623047,100.03569793701172,100008,0.0,0.0,2023-06-01
416,2023-06-01 11:40:00-04:00,100.04000091552734,100.25,99.95999908447266,100.16000366210938,57681,0.0,0.0,2023-06-01
417,2023-06-01 11:45:00-04:00,100.13999938964844,100.16000366210938,100.0250015258789,100.12999725341797,41100,0.0,0.0,2023-06-01
418,2023-06-01 11:50:00-04:00,100.12000274658203,100.19999694824219,100.0199966430664,100.16999816894531,61095,0.0,0.0,2023-06-01
419,2023-06-01 11:55:00-04:00,100.16999816894531,100.37999725341797,100.16999816894531,100.21499633789062,51714,0.0,0.0,2023-06-01
420,2023-06-01 12:00:00-04:00,100.18000030517578,100.2699966430664,100.11640167236328,100.25,52404,0.0,0.0,2023-06-01
421,2023-06-01 12:05:00-04:00,100.23999786376953,100.38999938964844,100.23500061035156,100.29000091552734,87090,0.0,0.0,2023-06-01
422,2023-06-01 12:10:00-04:00,100.27999877929688,100.55000305175781,100.27999877929688,100.48999786376953,45656,0.0,0.0,2023-06-01
423,2023-06-01 12:15:00-04:00,100.4800033569336,100.61499786376953,100.3499984741211,100.5999984741211,91399,0.0,0.0,2023-06-01
424,2023-06-01 12:20:00-04:00,100.58000183105469,100.79000091552734,100.55000305175781,100.7699966430664,81091,0.0,0.0,2023-06-01
425,2023-06-01 12:25:00-04:00,100.7699966430664,100.97000122070312,100.76000213623047,100.94499969482422,36950,0.0,0.0,2023-06-01
426,2023-06-01 12:30:00-04:00,100.9800033569336,100.9800033569336,100.70999908447266,100.70999908447266,24973,0.0,0.0,2023-06-01
427,2023-06-01 12:35:00-04:00,100.73999786376953,100.77999877929688,100.51000213623047,100.55000305175781,28090,0.0,0.0,2023-06-01
428,2023-06-01 12:40:00-04:00,100.54000091552734,100.62999725341797,100.5,100.51000213623047,24426,0.0,0.0,2023-06-01
429,2023-06-01 12:45:00-04:00,100.47000122070312,100.71499633789062,100.45999908447266,100.69999694824219,35199,0.0,0.0,2023-06-01
430,2023-06-01 12:50:00-04:00,100.70999908447266,100.79000091552734,100.58999633789062,100.58999633789062,23945,0.0,0.0,2023-06-01
431,2023-06-01 12:55:00-04:00,100.59500122070312,100.59500122070312,100.44999694824219,100.51499938964844,28627,0.0,0.0,2023-06-01
432,2023-06-01 13:00:00-04:00,100.53990173339844,100.58999633789062,100.37999725341797,100.4000015258789,33794,0.0,0.0,2023-06-01
433,2023-06-01 13:05:00-04:00,100.4000015258789,100.5,100.37999725341797,100.45999908447266,88340,0.0,0.0,2023-06-01
434,2023-06-01 13:10:00-04:00,100.44999694824219,100.52369689941406,100.3949966430664,100.5,48544,0.0,0.0,2023-06-01
435,2023-06-01 13:15:00-04:00,100.49729919433594,100.54000091552734,100.3499984741211,100.43499755859375,25715,0.0,0.0,2023-06-01
436,2023-06-01 13:20:00-04:00,100.43000030517578,100.4561996459961,100.31999969482422,100.41999816894531,32739,0.0,0.0,2023-06-01
437,2023-06-01 13:25:00-04:00,100.41000366210938,100.69000244140625,100.38999938964844,100.69000244140625,29052,0.0,0.0,2023-06-01
438,2023-06-01 13:30:00-04:00,100.72000122070312,100.72000122070312,100.54000091552734,100.56999969482422,32363,0.0,0.0,2023-06-01
439,2023-06-01 13:35:00-04:00,100.55999755859375,100.62000274658203,100.4800033569336,100.58000183105469,32445,0.0,0.0,2023-06-01
440,2023-06-01 13:40:00-04:00,100.58000183105469,100.72000122070312,100.52999877929688,100.71009826660156,52821,0.0,0.0,2023-06-01
441,2023-06-01 13:45:00-04:00,100.70999908447266,100.75,100.63999938964844,100.66000366210938,48154,0.0,0.0,2023-06-01
442,2023-06-01 13:50:00-04:00,100.68000030517578,100.69499969482422,100.47000122070312,100.49500274658203,28926,0.0,0.0,2023-06-01
443,2023-06-01 13:55:00-04:00,100.4800033569336,100.62000274658203,100.45999908447266,100.62000274658203,38528,0.0,0.0,2023-06-01
444,2023-06-01 14:00:00-04:00,100.62249755859375,100.63999938964844,100.47000122070312,100.58999633789062,62344,0.0,0.0,2023-06-01
445,2023-06-01 14:05:00-04:00,100.58999633789062,100.74500274658203,100.58999633789062,100.70500183105469,64327,0.0,0.0,2023-06-01
446,2023-06-01 14:10:00-04:00,100.69499969482422,100.69499969482422,100.5,100.5199966430664,37364,0.0,0.0,2023-06-01
447,2023-06-01 14:15:00-04:00,100.52999877929688,100.62000274658203,100.5,100.52999877929688,36966,0.0,0.0,2023-06-01
448,2023-06-01 14:20:00-04:00,100.5199966430664,100.56999969482422,100.4000015258789,100.44000244140625,39694,0.0,0.0,2023-06-01
449,2023-06-01 14:25:00-04:00,100.44999694824219,100.54000091552734,100.4000015258789,100.51000213623047,73684,0.0,0.0,2023-06-01
450,2023-06-01 14:30:00-04:00,100.51499938964844,100.54000091552734,100.4135971069336,100.44999694824219,40792,0.0,0.0,2023-06-01
451,2023-06-01 14:35:00-04:00,100.45500183105469,100.51000213623047,100.4000015258789,100.41000366210938,47887,0.0,0.0,2023-06-01
452,2023-06-01 14:40:00-04:00,100.4000015258789,100.48999786376953,100.29000091552734,100.30999755859375,33586,0.0,0.0,2023-06-01
453,2023-06-01 14:45:00-04:00,100.33000183105469,100.37999725341797,100.29000091552734,100.30000305175781,32420,0.0,0.0,2023-06-01
454,2023-06-01 14:50:00-04:00,100.30999755859375,100.54000091552734,100.23999786376953,100.52999877929688,48460,0.0,0.0,2023-06-01
455,2023-06-01 14:55:00-04:00,100.54000091552734,100.57550048828125,100.45999908447266,100.47000122070312,34537,0.0,0.0,2023-06-01
456,2023-06-01 15:00:00-04:00,100.44999694824219,100.45999908447266,100.37190246582031,100.43000030517578,41761,0.0,0.0,2023-06-01
457,2023-06-01 15:05:00-04:00,100.44000244140625,100.4800033569336,100.3301010131836,100.3499984741211,33146,0.0,0.0,2023-06-01
458,2023-06-01 15:10:00-04:00,100.3550033569336,100.37999725341797,100.27999877929688,100.30999755859375,41888,0.0,0.0,2023-06-01
459,2023-06-01 15:15:00-04:00,100.31999969482422,100.34500122070312,100.23999786376953,100.30000305175781,68855,0.0,0.0,2023-06-01
460,2023-06-01 15:20:00-04:00,100.29000091552734,100.30999755859375,100.1500015258789,100.1500015258789,57398,0.0,0.0,2023-06-01
461,2023-06-01 15:25:00-04:00,100.13999938964844,100.13999938964844,99.93000030517578,99.94000244140625,63367,0.0,0.0,2023-06-01
462,2023-06-01 15:30:00-04:00,99.93000030517578,100.01570129394531,99.8499984741211,99.91999816894531,89246,0.0,0.0,2023-06-01
463,2023-06-01 15:35:00-04:00,99.91000366210938,99.91899871826172,99.68000030517578,99.80500030517578,109868,0.0,0.0,2023-06-01
464,2023-06-01 15:40:00-04:00,99.80000305175781,99.87229919433594,99.76000213623047,99.7699966430664,70012,0.0,0.0,2023-06-01
465,2023-06-01 15:45:00-04:00,99.76000213623047,99.7699966430664,99.66000366210938,99.68000030517578,100800,0.0,0.0,2023-06-01
466,2023-06-01 15:50:00-04:00,99.66999816894531,99.66999816894531,99.37000274658203,99.41500091552734,194806,0.0,0.0,2023-06-01
467,2023-06-01 15:55:00-04:00,99.41999816894531,99.54000091552734,99.27999877929688,99.54000091552734,336612,0.0,0.0,2023-06-01
468,2023-06-02 09:30:00-04:00,101.36000061035156,101.43499755859375,100.69999694824219,100.83000183105469,160173,0.0,0.0,2023-06-02
469,2023-06-02 09:35:00-04:00,100.86000061035156,101.0470962524414,100.6500015258789,100.69499969482422,104699,0.0,0.0,2023-06-02
470,2023-06-02 09:40:00-04:00,100.6500015258789,100.81999969482422,100.4800033569336,100.6500015258789,83874,0.0,0.0,2023-06-02
471,2023-06-02 09:45:00-04:00,100.63999938964844,101.33000183105469,100.63999938964844,101.25,83836,0.0,0.0,2023-06-02
472,2023-06-02 09:50:00-04:00,101.2699966430664,101.44000244140625,101.19000244140625,101.3499984741211,46702,0.0,0.0,2023-06-02
473,2023-06-02 09:55:00-04:00,101.33999633789062,101.62000274658203,101.19000244140625,101.52999877929688,74835,0.0,0.0,2023-06-02
474,2023-06-02 10:00:00-04:00,101.52999877929688,101.80999755859375,101.43000030517578,101.52999877929688,84598,0.0,0.0,2023-06-02
475,2023-06-02 10:05:00-04:00,101.55999755859375,101.58000183105469,101.27999877929688,101.55999755859375,43060,0.0,0.0,2023-06-02
476,2023-06-02 10:10:00-04:00,101.55000305175781,101.81999969482422,101.48999786376953,101.66899871826172,43163,0.0,0.0,2023-06-02
477,2023-06-02 10:15:00-04:00,101.66000366210938,101.79000091552734,101.44999694824219,101.58999633789062,43326,0.0,0.0,2023-06-02
478,2023-06-02 10:20:00-04:00,101.61499786376953,101.75,101.56999969482422,101.68000030517578,39777,0.0,0.0,2023-06-02
479,2023-06-02 10:25:00-04:00,101.62000274658203,101.79499816894531,101.54000091552734,101.69000244140625,76237,0.0,0.0,2023-06-02
480,2023-06-02 10:30:00-04:00,101.68000030517578,101.7020034790039,101.37999725341797,101.44830322265625,40395,0.0,0.0,2023-06-02
481,2023-06-02 10:35:00-04:00,101.43000030517578,101.56999969482422,101.43000030517578,101.46099853515625,46828,0.0,0.0,2023-06-02
482,2023-06-02 10:40:00-04:00,101.44999694824219,101.56999969482422,101.31999969482422,101.54000091552734,33604,0.0,0.0,2023-06-02
483,2023-06-02 10:45:00-04:00,101.52999877929688,101.56999969482422,101.28040313720703,101.31999969482422,40107,0.0,0.0,2023-06-02
484,2023-06-02 10:50:00-04:00,101.30999755859375,101.30999755859375,101.22000122070312,101.30000305175781,28955,0.0,0.0,2023-06-02
485,2023-06-02 10:55:00-04:00,101.27999877929688,101.30999755859375,101.18000030517578,101.23999786376953,32080,0.0,0.0,2023-06-02
486,2023-06-02 11:00:00-04:00,101.2699966430664,101.58000183105469,101.2699966430664,101.58000183105469,30080,0.0,0.0,2023-06-02
487,2023-06-02 11:05:00-04:00,101.5802001953125,101.5802001953125,101.36000061035156,101.48999786376953,22209,0.0,0.0,2023-06-02
488,2023-06-02 11:10:00-04:00,101.5,101.65499877929688,101.4800033569336,101.62000274658203,35718,0.0,0.0,2023-06-02
489,2023-06-02 11:15:00-04:00,101.6500015258789,101.79000091552734,101.58000183105469,101.66999816894531,35457,0.0,0.0,2023-06-02
490,2023-06-02 11:20:00-04:00,101.67500305175781,101.70999908447266,101.58000183105469,101.5999984741211,26238,0.0,0.0,2023-06-02
491,2023-06-02 11:25:00-04:00,101.58999633789062,101.66000366210938,101.48999786376953,101.62999725341797,42418,0.0,0.0,2023-06-02
492,2023-06-02 11:30:00-04:00,101.62999725341797,101.6719970703125,101.38999938964844,101.38999938964844,25307,0.0,0.0,2023-06-02
493,2023-06-02 11:35:00-04:00,101.38999938964844,101.52999877929688,101.33999633789062,101.5,39506,0.0,0.0,2023-06-02
494,2023-06-02 11:40:00-04:00,101.5,101.66000366210938,101.48999786376953,101.56999969482422,27828,0.0,0.0,2023-06-02
495,2023-06-02 11:45:00-04:00,101.55000305175781,101.66000366210938,101.55000305175781,101.66000366210938,23214,0.0,0.0,2023-06-02
496,2023-06-02 11:50:00-04:00,101.66999816894531,101.80999755859375,101.63999938964844,101.80999755859375,37823,0.0,0.0,2023-06-02
497,2023-06-02 11:55:00-04:00,101.83000183105469,102.02999877929688,101.83000183105469,102.0199966430664,57844,0.0,0.0,2023-06-02
498,2023-06-02 12:00:00-04:00,102.02999877929688,102.18000030517578,101.9800033569336,102.18000030517578,37602,0.0,0.0,2023-06-02
499,2023-06-02 12:05:00-04:00,102.19000244140625,102.38999938964844,102.0999984741211,102.0999984741211,55629,0.0,0.0,2023-06-02
500,2023-06-02 12:10:00-04:00,102.08000183105469,102.16000366210938,102.01499938964844,102.08000183105469,24994,0.0,0.0,2023-06-02
501,2023-06-02 12:15:00-04:00,102.08000183105469,102.0999984741211,101.91000366210938,101.91999816894531,42553,0.0,0.0,2023-06-02
502,2023-06-02 12:20:00-04:00,101.91000366210938,101.94999694824219,101.86000061035156,101.94000244140625,26181,0.0,0.0,2023-06-02
503,2023-06-02 12:25:00-04:00,101.95999908447266,102.20999908447266,101.95999908447266,102.20999908447266,26100,0.0,0.0,2023-06-02
504,2023-06-02 12:30:00-04:00,102.2300033569336,102.2699966430664,102.04000091552734,102.06999969482422,45567,0.0,0.0,2023-06-02
505,2023-06-02 12:35:00-04:00,102.0687026977539,102.19000244140625,101.98999786376953,102.16000366210938,20545,0.0,0.0,2023-06-02
506,2023-06-02 12:40:00-04:00,102.16500091552734,102.23999786376953,102.0999984741211,102.14830017089844,25061,0.0,0.0,2023-06-02
507,2023-06-02 12:45:00-04:00,102.16500091552734,102.27999877929688,102.11000061035156,102.23999786376953,24710,0.0,0.0,2023-06-02
508,2023-06-02 12:50:00-04:00,102.26200103759766,102.41999816894531,102.2300033569336,102.3949966430664,26313,0.0,0.0,2023-06-02
509,2023-06-02 12:55:00-04:00,102.3949966430664,102.44999694824219,102.31999969482422,102.31999969482422,33640,0.0,0.0,2023-06-02
510,2023-06-02 13:00:00-04:00,102.32990264892578,102.37999725341797,102.19000244140625,102.2300033569336,31350,0.0,0.0,2023-06-02
511,2023-06-02 13:05:00-04:00,102.23970031738281,102.37999725341797,102.15160369873047,102.36000061035156,32856,0.0,0.0,2023-06-02
512,2023-06-02 13:10:00-04:00,102.36000061035156,102.4800033569336,102.28500366210938,102.44080352783203,27182,0.0,0.0,2023-06-02
513,2023-06-02 13:15:00-04:00,102.47000122070312,102.58000183105469,102.44000244140625,102.56999969482422,28918,0.0,0.0,2023-06-02
514,2023-06-02 13:20:00-04:00,102.56999969482422,102.66999816894531,102.56999969482422,102.61000061035156,24107,0.0,0.0,2023-06-02
515,2023-06-02 13:25:00-04:00,102.625,102.62999725341797,102.44999694824219,102.55000305175781,26050,0.0,0.0,2023-06-02
516,2023-06-02 13:30:00-04:00,102.55000305175781,102.62999725341797,102.48999786376953,102.52999877929688,41341,0.0,0.0,2023-06-02
517,2023-06-02 13:35:00-04:00,102.5199966430664,102.56999969482422,102.45999908447266,102.5199966430664,60995,0.0,0.0,2023-06-02
518,2023-06-02 13:40:00-04:00,102.51000213623047,102.51000213623047,102.33999633789062,102.38999938964844,28776,0.0,0.0,2023-06-02
519,2023-06-02 13:45:00-04:00,102.37999725341797,102.55999755859375,102.31999969482422,102.5,39350,0.0,0.0,2023-06-02
520,2023-06-02 13:50:00-04:00,102.5199966430664,102.66000366210938,102.5,102.62000274658203,40354,0.0,0.0,2023-06-02
521,2023-06-02 13:55:00-04:00,102.61000061035156,102.61000061035156,102.46440124511719,102.51000213623047,35083,0.0,0.0,2023-06-02
522,2023-06-02 14:00:00-04:00,102.5199966430664,102.69999694824219,102.45999908447266,102.69999694824219,34817,0.0,0.0,2023-06-02
523,2023-06-02 14:05:00-04:00,102.69499969482422,102.80000305175781,102.63999938964844,102.7699966430664,50490,0.0,0.0,2023-06-02
524,2023-06-02 14:10:00-04:00,102.7699966430664,102.77999877929688,102.63999938964844,102.68499755859375,37600,0.0,0.0,2023-06-02
525,2023-06-02 14:15:00-04:00,102.69999694824219,102.77999877929688,102.54000091552734,102.55000305175781,48794,0.0,0.0,2023-06-02
526,2023-06-02 14:20:00-04:00,102.54000091552734,102.55999755859375,102.41000366210938,102.44999694824219,32823,0.0,0.0,2023-06-02
527,2023-06-02 14:25:00-04:00,102.44000244140625,102.80999755859375,102.38089752197266,102.64009857177734,97589,0.0,0.0,2023-06-02
528,2023-06-02 14:30:00-04:00,102.66999816894531,102.69499969482422,102.48999786376953,102.5999984741211,50160,0.0,0.0,2023-06-02
529,2023-06-02 14:35:00-04:00,102.63999938964844,102.75,102.57499694824219,102.75,42222,0.0,0.0,2023-06-02
530,2023-06-02 14:40:00-04:00,102.74500274658203,102.81999969482422,102.66999816894531,102.79000091552734,36956,0.0,0.0,2023-06-02
531,2023-06-02 14:45:00-04:00,102.80000305175781,102.86000061035156,102.7699966430664,102.7699966430664,35048,0.0,0.0,2023-06-02
532,2023-06-02 14:50:00-04:00,102.76499938964844,102.83000183105469,102.73999786376953,102.79000091552734,34671,0.0,0.0,2023-06-02
533,2023-06-02 14:55:00-04:00,102.77999877929688,102.86170196533203,102.70999908447266,102.83499908447266,36539,0.0,0.0,2023-06-02
534,2023-06-02 15:00:00-04:00,102.8499984741211,102.87000274658203,102.78500366210938,102.8499984741211,29622,0.0,0.0,2023-06-02
535,2023-06-02 15:05:00-04:00,102.86000061035156,102.93070220947266,102.80999755859375,102.80999755859375,35774,0.0,0.0,2023-06-02
536,2023-06-02 15:10:00-04:00,102.83000183105469,102.91999816894531,102.80000305175781,102.90499877929688,41909,0.0,0.0,2023-06-02
537,2023-06-02 15:15:00-04:00,102.90499877929688,102.91999816894531,102.79000091552734,102.8499984741211,44563,0.0,0.0,2023-06-02
538,2023-06-02 15:20:00-04:00,102.83999633789062,102.8949966430664,102.74500274658203,102.74500274658203,34892,0.0,0.0,2023-06-02
539,2023-06-02 15:25:00-04:00,102.73999786376953,102.76000213623047,102.61499786376953,102.70999908447266,42632,0.0,0.0,2023-06-02
540,2023-06-02 15:30:00-04:00,102.70929718017578,102.75,102.62000274658203,102.62139892578125,58980,0.0,0.0,2023-06-02
541,2023-06-02 15:35:00-04:00,102.62000274658203,102.62000274658203,102.52999877929688,102.55000305175781,63285,0.0,0.0,2023-06-02
542,2023-06-02 15:40:00-04:00,102.55000305175781,102.61000061035156,102.375,102.375,74529,0.0,0.0,2023-06-02
543,2023-06-02 15:45:00-04:00,102.37000274658203,102.41999816894531,102.2300033569336,102.37000274658203,112506,0.0,0.0,2023-06-02
544,2023-06-02 15:50:00-04:00,102.36000061035156,102.36000061035156,102.19000244140625,102.33999633789062,148914,0.0,0.0,2023-06-02
545,2023-06-02 15:55:00-04:00,102.3499984741211,102.41000366210938,102.2300033569336,102.36000061035156,314505,0.0,0.0,2023-06-02
546,2023-06-05 09:30:00-04:00,104.25,104.4800033569336,104.0999984741211,104.30000305175781,123846,0.0,0.0,2023-06-05
547,2023-06-05 09:35:00-04:00,104.25,104.33999633789062,103.7699966430664,103.86000061035156,66300,0.0,0.0,2023-06-05
548,2023-06-05 09:40:00-04:00,103.80000305175781,104.08779907226562,103.4000015258789,103.4800033569336,87597,0.0,0.0,2023-06-05
549,2023-06-05 09:45:00-04:00,103.5199966430664,103.76000213623047,103.29560089111328,103.41000366210938,44942,0.0,0.0,2023-06-05
550,2023-06-05 09:50:00-04:00,103.41999816894531,103.61009979248047,103.2699966430664,103.3499984741211,19398,0.0,0.0,2023-06-05
551,2023-06-05 09:55:00-04:00,103.37000274658203,103.56999969482422,103.01000213623047,103.07499694824219,76373,0.0,0.0,2023-06-05
552,2023-06-05 10:00:00-04:00,103.08000183105469,103.2699966430664,102.94999694824219,103.02839660644531,53349,0.0,0.0,2023-06-05
553,2023-06-05 10:05:00-04:00,102.98999786376953,103.02999877929688,102.5,102.5,76443,0.0,0.0,2023-06-05
554,2023-06-05 10:10:00-04:00,102.47000122070312,102.5199966430664,102.19000244140625,102.32499694824219,63610,0.0,0.0,2023-06-05
555,2023-06-05 10:15:00-04:00,102.37999725341797,102.44000244140625,101.68000030517578,101.77999877929688,75857,0.0,0.0,2023-06-05
556,2023-06-05 10:20:00-04:00,101.7582015991211,101.81999969482422,101.54000091552734,101.5999984741211,56776,0.0,0.0,2023-06-05
557,2023-06-05 10:25:00-04:00,101.5999984741211,101.73999786376953,101.36000061035156,101.63500213623047,55991,0.0,0.0,2023-06-05
558,2023-06-05 10:30:00-04:00,101.63500213623047,101.80000305175781,101.47000122070312,101.5,50341,0.0,0.0,2023-06-05
559,2023-06-05 10:35:00-04:00,101.4800033569336,101.6500015258789,101.08999633789062,101.5999984741211,58910,0.0,0.0,2023-06-05
560,2023-06-05 10:40:00-04:00,101.62999725341797,101.66999816894531,101.25,101.41500091552734,56201,0.0,0.0,2023-06-05
561,2023-06-05 10:45:00-04:00,101.41999816894531,101.41999816894531,101.08000183105469,101.26000213623047,50226,0.0,0.0,2023-06-05
562,2023-06-05 10:50:00-04:00,101.31999969482422,101.38999938964844,101.02999877929688,101.20999908447266,44470,0.0,0.0,2023-06-05
563,2023-06-05 10:55:00-04:00,101.19499969482422,101.33999633789062,100.97000122070312,101.03500366210938,51145,0.0,0.0,2023-06-05
564,2023-06-05 11:00:00-04:00,101.04499816894531,101.45999908447266,101.04499816894531,101.30000305175781,76089,0.0,0.0,2023-06-05
565,2023-06-05 11:05:00-04:00,101.27999877929688,101.45999908447266,101.17500305175781,101.43000030517578,57576,0.0,0.0,2023-06-05
566,2023-06-05 11:10:00-04:00,101.44000244140625,101.44000244140625,101.27999877929688,101.4000015258789,43345,0.0,0.0,2023-06-05
567,2023-06-05 11:15:00-04:00,101.4000015258789,101.47000122070312,101.25,101.37999725341797,50134,0.0,0.0,2023-06-05
568,2023-06-05 11:20:00-04:00,101.375,101.4800033569336,101.25,101.33000183105469,57517,0.0,0.0,2023-06-05
569,2023-06-05 11:25:00-04:00,101.33000183105469,101.66999816894531,101.23999786376953,101.62000274658203,50257,0.0,0.0,2023-06-05
570,2023-06-05 11:30:00-04:00,101.63500213623047,101.63500213623047,101.45999908447266,101.4800033569336,47242,0.0,0.0,2023-06-05
571,2023-06-05 11:35:00-04:00,101.44000244140625,101.6500015258789,101.4000015258789,101.6500015258789,32171,0.0,0.0,2023-06-05
572,2023-06-05 11:40:00-04:00,101.66000366210938,101.87000274658203,101.66000366210938,101.80000305175781,29963,0.0,0.0,2023-06-05
573,2023-06-05 11:45:00-04:00,101.83000183105469,101.9800033569336,101.8102035522461,101.91000366210938,37837,0.0,0.0,2023-06-05
574,2023-06-05 11:50:00-04:00,101.91500091552734,101.97000122070312,101.86289978027344,101.94999694824219,24473,0.0,0.0,2023-06-05
575,2023-06-05 11:55:00-04:00,101.94999694824219,102.05000305175781,101.88999938964844,101.93499755859375,33237,0.0,0.0,2023-06-05
576,2023-06-05 12:00:00-04:00,101.94000244140625,101.9800033569336,101.86129760742188,101.91999816894531,0,0.0,0.0,2023-06-05
577,2023-06-05 12:05:00-04:00,101.91999816894531,102.0199966430664,101.8499984741211,101.9740982055664,26813,0.0,0.0,2023-06-05
578,2023-06-05 12:10:00-04:00,101.9749984741211,101.98200225830078,101.82150268554688,101.88749694824219,28227,0.0,0.0,2023-06-05
579,2023-06-05 12:15:00-04:00,101.95500183105469,101.99839782714844,101.88999938964844,101.90499877929688,29560,0.0,0.0,2023-06-05
580,2023-06-05 12:20:00-04:00,101.91999816894531,101.94000244140625,101.83499908447266,101.8949966430664,25864,0.0,0.0,2023-06-05
581,2023-06-05 12:25:00-04:00,101.87999725341797,101.95999908447266,101.8302001953125,101.91000366210938,24556,0.0,0.0,2023-06-05
582,2023-06-05 12:30:00-04:00,101.91500091552734,101.9800033569336,101.81999969482422,101.94000244140625,31632,0.0,0.0,2023-06-05
583,2023-06-05 12:35:00-04:00,101.95999908447266,101.95999908447266,101.79000091552734,101.875,29887,0.0,0.0,2023-06-05
584,2023-06-05 12:40:00-04:00,101.86000061035156,101.97000122070312,101.83899688720703,101.94000244140625,35644,0.0,0.0,2023-06-05
585,2023-06-05 12:45:00-04:00,101.94999694824219,102.04650115966797,101.94999694824219,102.01000213623047,20705,0.0,0.0,2023-06-05
586,2023-06-05 12:50:00-04:00,102.01499938964844,102.06999969482422,101.81719970703125,101.83499908447266,25988,0.0,0.0,2023-06-05
587,2023-06-05 12:55:00-04:00,101.8499984741211,101.97000122070312,101.77999877929688,101.97000122070312,19124,0.0,0.0,2023-06-05
588,2023-06-05 13:00:00-04:00,102.0,102.0199966430664,101.83000183105469,101.90499877929688,22770,0.0,0.0,2023-06-05
589,2023-06-05 13:05:00-04:00,101.88999938964844,102.11000061035156,101.83499908447266,102.0199966430664,29251,0.0,0.0,2023-06-05
590,2023-06-05 13:10:00-04:00,102.04000091552734,102.09500122070312,101.91500091552734,101.95999908447266,21680,0.0,0.0,2023-06-05
591,2023-06-05 13:15:00-04:00,101.95999908447266,102.16000366210938,101.91999816894531,102.1500015258789,31315,0.0,0.0,2023-06-05
592,2023-06-05 13:20:00-04:00,102.16999816894531,102.18000030517578,102.0199966430664,102.06999969482422,18709,0.0,0.0,2023-06-05
593,2023-06-05 13:25:00-04:00,102.06999969482422,102.06999969482422,101.87999725341797,101.9000015258789,37403,0.0,0.0,2023-06-05
594,2023-06-05 13:30:00-04:00,101.9000015258789,101.9000015258789,101.69999694824219,101.79000091552734,25491,0.0,0.0,2023-06-05
595,2023-06-05 13:35:00-04:00,101.7699966430664,101.98999786376953,101.75,101.88999938964844,42728,0.0,0.0,2023-06-05
596,2023-06-05 13:40:00-04:00,101.91000366210938,101.91000366210938,101.7699966430664,101.77999877929688,22773,0.0,0.0,2023-06-05
597,2023-06-05 13:45:00-04:00,101.77999877929688,101.91999816894531,101.7699966430664,101.91999816894531,23946,0.0,0.0,2023-06-05
598,2023-06-05 13:50:00-04:00,101.91999816894531,102.07250213623047,101.91999816894531,102.06999969482422,29175,0.0,0.0,2023-06-05
599,2023-06-05 13:55:00-04:00,102.05999755859375,102.05999755859375,101.94000244140625,102.01000213623047,25457,0.0,0.0,2023-06-05
600,2023-06-05 14:00:00-04:00,102.0,102.0,101.7699966430664,101.79000091552734,34125,0.0,0.0,2023-06-05
601,2023-06-05 14:05:00-04:00,101.80500030517578,101.80999755859375,101.69000244140625,101.77999877929688,41333,0.0,0.0,2023-06-05
602,2023-06-05 14:10:00-04:00,101.7699966430664,101.8499984741211,101.70999908447266,101.8499984741211,34648,0.0,0.0,2023-06-05
603,2023-06-05 14:15:00-04:00,101.8499984741211,102.02999877929688,101.83999633789062,102.01000213623047,54814,0.0,0.0,2023-06-05
604,2023-06-05 14:20:00-04:00,102.01499938964844,102.0199966430664,101.79000091552734,101.86000061035156,34243,0.0,0.0,2023-06-05
605,2023-06-05 14:25:00-04:00,101.84500122070312,101.93000030517578,101.70999908447266,101.88999938964844,42698,0.0,0.0,2023-06-05
606,2023-06-05 14:30:00-04:00,101.93000030517578,101.98999786376953,101.7300033569336,101.8499984741211,63080,0.0,0.0,2023-06-05
607,2023-06-05 14:35:00-04:00,101.8499984741211,101.9800033569336,101.80000305175781,101.80000305175781,55341,0.0,0.0,2023-06-05
608,2023-06-05 14:40:00-04:00,101.80000305175781,101.91000366210938,101.72000122070312,101.84989929199219,51814,0.0,0.0,2023-06-05
609,2023-06-05 14:45:00-04:00,101.84500122070312,101.95500183105469,101.73500061035156,101.83999633789062,47730,0.0,0.0,2023-06-05
610,2023-06-05 14:50:00-04:00,101.83999633789062,101.94000244140625,101.75,101.91999816894531,44541,0.0,0.0,2023-06-05
611,2023-06-05 14:55:00-04:00,101.91999816894531,102.04000091552734,101.91000366210938,102.04000091552734,39094,0.0,0.0,2023-06-05
612,2023-06-05 15:00:00-04:00,102.02999877929688,102.05999755859375,101.81999969482422,101.87000274658203,52465,0.0,0.0,2023-06-05
613,2023-06-05 15:05:00-04:00,101.87999725341797,101.88999938964844,101.77999877929688,101.83999633789062,58753,0.0,0.0,2023-06-05
614,2023-06-05 15:10:00-04:00,101.83999633789062,102.02999877929688,101.83000183105469,102.02999877929688,43526,0.0,0.0,2023-06-05
615,2023-06-05 15:15:00-04:00,102.0250015258789,102.03500366210938,101.88999938964844,101.93000030517578,57263,0.0,0.0,2023-06-05
616,2023-06-05 15:20:00-04:00,101.91999816894531,102.12000274658203,101.9000015258789,102.0250015258789,54912,0.0,0.0,2023-06-05
617,2023-06-05 15:25:00-04:00,102.0250015258789,102.11000061035156,101.86499786376953,101.96499633789062,176644,0.0,0.0,2023-06-05
618,2023-06-05 15:30:00-04:00,101.95999908447266,101.97699737548828,101.88999938964844,101.93000030517578,81262,0.0,0.0,2023-06-05
619,2023-06-05 15:35:00-04:00,101.93669891357422,102.04000091552734,101.87999725341797,101.97000122070312,54334,0.0,0.0,2023-06-05
620,2023-06-05 15:40:00-04:00,101.97000122070312,102.10990142822266,101.97000122070312,102.0199966430664,69793,0.0,0.0,2023-06-05
621,2023-06-05 15:45:00-04:00,102.01000213623047,102.01000213623047,101.7699966430664,101.91999816894531,66028,0.0,0.0,2023-06-05
622,2023-06-05 15:50:00-04:00,101.9000015258789,101.9800033569336,101.79000091552734,101.95999908447266,124244,0.0,0.0,2023-06-05
623,2023-06-05 15:55:00-04:00,101.95999908447266,102.13999938964844,101.88999938964844,102.06999969482422,470258,0.0,0.0,2023-06-05
624,2023-06-06 09:30:00-04:00,101.05000305175781,101.23419952392578,100.3499984741211,101.0,116078,0.0,0.0,2023-06-06
625,2023-06-06 09:35:00-04:00,101.00289916992188,101.70999908447266,100.98999786376953,101.41000366210938,37778,0.0,0.0,2023-06-06
626,2023-06-06 09:40:00-04:00,101.44999694824219,101.66999816894531,101.41000366210938,101.56999969482422,42677,0.0,0.0,2023-06-06
627,2023-06-06 09:45:00-04:00,101.58000183105469,101.69000244140625,101.37999725341797,101.3949966430664,34416,0.0,0.0,2023-06-06
628,2023-06-06 09:50:00-04:00,101.43000030517578,101.6500015258789,101.30000305175781,101.33000183105469,26227,0.0,0.0,2023-06-06
629,2023-06-06 09:55:00-04:00,101.33999633789062,101.51000213623047,101.04000091552734,101.0999984741211,48060,0.0,0.0,2023-06-06
630,2023-06-06 10:00:00-04:00,101.0999984741211,101.44000244140625,101.0999984741211,101.30999755859375,60036,0.0,0.0,2023-06-06
631,2023-06-06 10:05:00-04:00,101.33999633789062,101.61000061035156,101.31999969482422,101.58999633789062,38499,0.0,0.0,2023-06-06
632,2023-06-06 10:10:00-04:00,101.5999984741211,101.80999755859375,101.41000366210938,101.80000305175781,49682,0.0,0.0,2023-06-06
633,2023-06-06 10:15:00-04:00,101.79000091552734,102.11499786376953,101.7300033569336,102.05000305175781,67517,0.0,0.0,2023-06-06
634,2023-06-06 10:20:00-04:00,102.08999633789062,102.24500274658203,102.0,102.22000122070312,45240,0.0,0.0,2023-06-06
635,2023-06-06 10:25:00-04:00,102.2300033569336,102.37000274658203,102.0999984741211,102.12000274658203,36865,0.0,0.0,2023-06-06
636,2023-06-06 10:30:00-04:00,102.13999938964844,102.16000366210938,102.03500366210938,102.09100341796875,32045,0.0,0.0,2023-06-06
637,2023-06-06 10:35:00-04:00,102.06999969482422,102.12000274658203,101.83999633789062,101.93000030517578,25725,0.0,0.0,2023-06-06
638,2023-06-06 10:40:00-04:00,101.94000244140625,102.16999816894531,101.93000030517578,102.04499816894531,31320,0.0,0.0,2023-06-06
639,2023-06-06 10:45:00-04:00,102.05999755859375,102.23999786376953,102.05999755859375,102.18000030517578,44684,0.0,0.0,2023-06-06
640,2023-06-06 10:50:00-04:00,102.17500305175781,102.37989807128906,102.12999725341797,102.32250213623047,42827,0.0,0.0,2023-06-06
641,2023-06-06 10:55:00-04:00,102.33999633789062,102.41500091552734,102.23999786376953,102.41500091552734,42192,0.0,0.0,2023-06-06
642,2023-06-06 11:00:00-04:00,102.48999786376953,102.72000122070312,102.44000244140625,102.69000244140625,38934,0.0,0.0,2023-06-06
643,2023-06-06 11:05:00-04:00,102.69999694824219,102.73999786376953,102.41999816894531,102.41999816894531,33016,0.0,0.0,2023-06-06
644,2023-06-06 11:10:00-04:00,102.41999816894531,102.44000244140625,102.33000183105469,102.3949966430664,20683,0.0,0.0,2023-06-06
645,2023-06-06 11:15:00-04:00,102.4000015258789,102.52999877929688,102.37999725341797,102.4800033569336,20157,0.0,0.0,2023-06-06
646,2023-06-06 11:20:00-04:00,102.48999786376953,102.55999755859375,102.26000213623047,102.26000213623047,31745,0.0,0.0,2023-06-06
647,2023-06-06 11:25:00-04:00,102.26000213623047,102.45999908447266,102.17500305175781,102.36000061035156,28819,0.0,0.0,2023-06-06
648,2023-06-06 11:30:00-04:00,102.37999725341797,102.5199966430664,102.3499984741211,102.44000244140625,25464,0.0,0.0,2023-06-06
649,2023-06-06 11:35:00-04:00,102.44000244140625,102.55999755859375,102.36000061035156,102.43000030517578,31140,0.0,0.0,2023-06-06
650,2023-06-06 11:40:00-04:00,102.41000366210938,102.44999694824219,102.0999984741211,102.19000244140625,55749,0.0,0.0,2023-06-06
651,2023-06-06 11:45:00-04:00,102.19000244140625,102.2300033569336,102.08000183105469,102.16000366210938,51622,0.0,0.0,2023-06-06
652,2023-06-06 11:50:00-04:00,102.19000244140625,102.20999908447266,102.01000213623047,102.0199966430664,31995,0.0,0.0,2023-06-06
653,2023-06-06 11:55:00-04:00,102.0,102.12000274658203,101.88999938964844,102.06999969482422,21125,0.0,0.0,2023-06-06
654,2023-06-06 12:00:00-04:00,102.05999755859375,102.0999984741211,101.76000213623047,101.76000213623047,21774,0.0,0.0,2023-06-06
655,2023-06-06 12:05:00-04:00,101.76000213623047,101.79000091552734,101.62999725341797,101.75,22165,0.0,0.0,2023-06-06
656,2023-06-06 12:10:00-04:00,101.76000213623047,101.83989715576172,101.70999908447266,101.72000122070312,26908,0.0,0.0,2023-06-06
657,2023-06-06 12:15:00-04:00,101.75,101.75,101.56999969482422,101.62999725341797,31979,0.0,0.0,2023-06-06
658,2023-06-06 12:20:00-04:00,101.62999725341797,101.69000244140625,101.58000183105469,101.62999725341797,21883,0.0,0.0,2023-06-06
659,2023-06-06 12:25:00-04:00,101.6500015258789,101.75,101.42500305175781,101.42500305175781,33582,0.0,0.0,2023-06-06
660,2023-06-06 12:30:00-04:00,101.43000030517578,101.52999877929688,101.41999816894531,101.48500061035156,27072,0.0,0.0,2023-06-06
661,2023-06-06 12:35:00-04:00,101.4801025390625,101.56999969482422,101.45999908447266,101.51000213623047,20215,0.0,0.0,2023-06-06
662,2023-06-06 12:40:00-04:00,101.51000213623047,101.63839721679688,101.44999694824219,101.59500122070312,26264,0.0,0.0,2023-06-06
663,2023-06-06 12:45:00-04:00,101.62000274658203,101.66000366210938,101.54499816894531,101.63999938964844,16502,0.0,0.0,2023-06-06
664,2023-06-06 12:50:00-04:00,101.66999816894531,101.75,101.62000274658203,101.62000274658203,21603,0.0,0.0,2023-06-06
665,2023-06-06 12:55:00-04:00,101.62999725341797,101.7300033569336,101.5999984741211,101.69999694824219,18159,0.0,0.0,2023-06-06
666,2023-06-06 13:00:00-04:00,101.70989990234375,101.73999786376953,101.5999984741211,101.66999816894531,28634,0.0,0.0,2023-06-06
667,2023-06-06 13:05:00-04:00,101.66000366210938,101.69999694824219,101.58999633789062,101.6500015258789,14882,0.0,0.0,2023-06-06
668,2023-06-06 13:10:00-04:00,101.6500015258789,101.73999786376953,101.6500015258789,101.73999786376953,21365,0.0,0.0,2023-06-06
669,2023-06-06 13:15:00-04:00,101.76000213623047,101.78179931640625,101.67500305175781,101.70999908447266,19557,0.0,0.0,2023-06-06
670,2023-06-06 13:20:00-04:00,101.69999694824219,101.7300033569336,101.56999969482422,101.6500015258789,29151,0.0,0.0,2023-06-06
671,2023-06-06 13:25:00-04:00,101.63999938964844,101.6500015258789,101.4845962524414,101.62000274658203,24615,0.0,0.0,2023-06-06
672,2023-06-06 13:30:00-04:00,101.61039733886719,101.66000366210938,101.52130126953125,101.6050033569336,21932,0.0,0.0,2023-06-06
673,2023-06-06 13:35:00-04:00,101.62000274658203,101.63500213623047,101.4800033569336,101.5,16388,0.0,0.0,2023-06-06
674,2023-06-06 13:40:00-04:00,101.5,101.5199966430664,101.42500305175781,101.5,21883,0.0,0.0,2023-06-06
675,2023-06-06 13:45:00-04:00,101.4749984741211,101.48999786376953,101.36000061035156,101.37999725341797,33652,0.0,0.0,2023-06-06
676,2023-06-06 13:50:00-04:00,101.36000061035156,101.54000091552734,101.33000183105469,101.52999877929688,41964,0.0,0.0,2023-06-06
677,2023-06-06 13:55:00-04:00,101.52999877929688,101.54000091552734,101.44999694824219,101.52999877929688,23926,0.0,0.0,2023-06-06
678,2023-06-06 14:00:00-04:00,101.54000091552734,101.54000091552734,101.38999938964844,101.5,26246,0.0,0.0,2023-06-06
679,2023-06-06 14:05:00-04:00,101.48999786376953,101.48999786376953,101.32499694824219,101.3499984741211,21852,0.0,0.0,2023-06-06
680,2023-06-06 14:10:00-04:00,101.3499984741211,101.47000122070312,101.30000305175781,101.47000122070312,21702,0.0,0.0,2023-06-06
681,2023-06-06 14:15:00-04:00,101.4800033569336,101.52999877929688,101.44999694824219,101.5082015991211,19411,0.0,0.0,2023-06-06
682,2023-06-06 14:20:00-04:00,101.5199966430664,101.5999984741211,101.51000213623047,101.55999755859375,31449,0.0,0.0,2023-06-06
683,2023-06-06 14:25:00-04:00,101.58000183105469,101.7300033569336,101.58000183105469,101.68000030517578,21548,0.0,0.0,2023-06-06
684,2023-06-06 14:30:00-04:00,101.68000030517578,101.69000244140625,101.5999984741211,101.62000274658203,23781,0.0,0.0,2023-06-06
685,2023-06-06 14:35:00-04:00,101.63819885253906,101.76090240478516,101.63819885253906,101.76000213623047,22271,0.0,0.0,2023-06-06
686,2023-06-06 14:40:00-04:00,101.76000213623047,101.76000213623047,101.68499755859375,101.71990203857422,24743,0.0,0.0,2023-06-06
687,2023-06-06 14:45:00-04:00,101.68000030517578,101.68000030517578,101.61000061035156,101.62989807128906,23035,0.0,0.0,2023-06-06
688,2023-06-06 14:50:00-04:00,101.62000274658203,101.6500015258789,101.62000274658203,101.62999725341797,22404,0.0,0.0,2023-06-06
689,2023-06-06 14:55:00-04:00,101.62999725341797,101.62999725341797,101.52999877929688,101.54000091552734,24555,0.0,0.0,2023-06-06
690,2023-06-06 15:00:00-04:00,101.55000305175781,101.69000244140625,101.55000305175781,101.63999938964844,32316,0.0,0.0,2023-06-06
691,2023-06-06 15:05:00-04:00,101.63999938964844,101.6500015258789,101.55999755859375,101.56999969482422,25076,0.0,0.0,2023-06-06
692,2023-06-06 15:10:00-04:00,101.55999755859375,101.6500015258789,101.54499816894531,101.62000274658203,18314,0.0,0.0,2023-06-06
693,2023-06-06 15:15:00-04:00,101.62000274658203,101.7300033569336,101.5999984741211,101.70999908447266,62487,0.0,0.0,2023-06-06
694,2023-06-06 15:20:00-04:00,101.70999908447266,101.81999969482422,101.70999908447266,101.79000091552734,39156,0.0,0.0,2023-06-06
695,2023-06-06 15:25:00-04:00,101.79000091552734,101.83000183105469,101.73999786376953,101.80000305175781,37554,0.0,0.0,2023-06-06
696,2023-06-06 15:30:00-04:00,101.80500030517578,101.94999694824219,101.80000305175781,101.94999694824219,46848,0.0,0.0,2023-06-06
697,2023-06-06 15:35:00-04:00,101.94999694824219,101.95999908447266,101.66320037841797,101.66320037841797,58827,0.0,0.0,2023-06-06
698,2023-06-06 15:40:00-04:00,101.66000366210938,101.75,101.61000061035156,101.7300033569336,60503,0.0,0.0,2023-06-06
699,2023-06-06 15:45:00-04:00,101.7249984741211,101.81999969482422,101.65290069580078,101.73999786376953,72874,0.0,0.0,2023-06-06
700,2023-06-06 15:50:00-04:00,101.75,101.91999816894531,101.75,101.83000183105469,100848,0.0,0.0,2023-06-06
701,2023-06-06 15:55:00-04:00,101.83999633789062,101.9800033569336,101.80000305175781,101.93000030517578,217009,0.0,0.0,2023-06-06
702,2023-06-07 09:30:00-04:00,102.31999969482422,102.75,102.31999969482422,102.75,119699,0.0,0.0,2023-06-07
703,2023-06-07 09:35:00-04:00,102.7300033569336,103.23999786376953,102.55999755859375,103.16999816894531,45958,0.0,0.0,2023-06-07
704,2023-06-07 09:40:00-04:00,103.16000366210938,103.73999786376953,103.05999755859375,103.69999694824219,128148,0.0,0.0,2023-06-07
705,2023-06-07 09:45:00-04:00,103.7300033569336,104.27999877929688,103.66000366210938,104.24700164794922,77997,0.0,0.0,2023-06-07
706,2023-06-07 09:50:00-04:00,104.25,104.7699966430664,104.25,104.76000213623047,142277,0.0,0.0,2023-06-07
707,2023-06-07 09:55:00-04:00,104.73999786376953,105.1050033569336,104.7300033569336,104.88500213623047,118415,0.0,0.0,2023-06-07
708,2023-06-07 10:00:00-04:00,104.86000061035156,105.08000183105469,104.67009735107422,105.01000213623047,73995,0.0,0.0,2023-06-07
709,2023-06-07 10:05:00-04:00,105.0199966430664,105.25,104.93000030517578,105.08999633789062,60762,0.0,0.0,2023-06-07
710,2023-06-07 10:10:00-04:00,105.0801010131836,105.21499633789062,104.97000122070312,105.04000091552734,46433,0.0,0.0,2023-06-07
711,2023-06-07 10:15:00-04:00,105.05000305175781,105.27999877929688,104.97000122070312,105.22010040283203,63763,0.0,0.0,2023-06-07
712,2023-06-07 10:20:00-04:00,105.22000122070312,105.33000183105469,105.12999725341797,105.18000030517578,60354,0.0,0.0,2023-06-07
713,2023-06-07 10:25:00-04:00,105.20999908447266,105.33999633789062,105.04000091552734,105.12999725341797,46588,0.0,0.0,2023-06-07
714,2023-06-07 10:30:00-04:00,105.13999938964844,105.1698989868164,104.87000274658203,104.88999938964844,53001,0.0,0.0,2023-06-07
715,2023-06-07 10:35:00-04:00,104.91999816894531,105.16000366210938,104.83999633789062,104.91000366210938,62776,0.0,0.0,2023-06-07
716,2023-06-07 10:40:00-04:00,104.93000030517578,105.23999786376953,104.86009979248047,105.08660125732422,58661,0.0,0.0,2023-06-07
717,2023-06-07 10:45:00-04:00,105.08999633789062,105.23999786376953,104.97000122070312,105.16000366210938,40858,0.0,0.0,2023-06-07
718,2023-06-07 10:50:00-04:00,105.1500015258789,105.45999908447266,105.05000305175781,105.44000244140625,113052,0.0,0.0,2023-06-07
719,2023-06-07 10:55:00-04:00,105.45999908447266,105.45999908447266,105.18000030517578,105.33999633789062,44635,0.0,0.0,2023-06-07
720,2023-06-07 11:00:00-04:00,105.4000015258789,105.4000015258789,105.12999725341797,105.1500015258789,38272,0.0,0.0,2023-06-07
721,2023-06-07 11:05:00-04:00,105.16999816894531,105.22000122070312,105.05999755859375,105.18000030517578,34931,0.0,0.0,2023-06-07
722,2023-06-07 11:10:00-04:00,105.19000244140625,105.28099822998047,105.0199966430664,105.13999938964844,46828,0.0,0.0,2023-06-07
723,2023-06-07 11:15:00-04:00,105.15499877929688,105.29989624023438,105.05999755859375,105.18000030517578,33349,0.0,0.0,2023-06-07
724,2023-06-07 11:20:00-04:00,105.16999816894531,105.36000061035156,105.11000061035156,105.33000183105469,26333,0.0,0.0,2023-06-07
725,2023-06-07 11:25:00-04:00,105.31999969482422,105.4000015258789,105.29000091552734,105.30000305175781,32279,0.0,0.0,2023-06-07
726,2023-06-07 11:30:00-04:00,105.2699966430664,105.37999725341797,105.19000244140625,105.36000061035156,23938,0.0,0.0,2023-06-07
727,2023-06-07 11:35:00-04:00,105.33000183105469,105.44999694824219,105.2699966430664,105.31999969482422,28949,0.0,0.0,2023-06-07
728,2023-06-07 11:40:00-04:00,105.30999755859375,105.36000061035156,105.16790008544922,105.2699966430664,35091,0.0,0.0,2023-06-07
729,2023-06-07 11:45:00-04:00,105.27999877929688,105.31999969482422,105.19000244140625,105.25,25212,0.0,0.0,2023-06-07
730,2023-06-07 11:50:00-04:00,105.23999786376953,105.26000213623047,105.0999984741211,105.16500091552734,26012,0.0,0.0,2023-06-07
731,2023-06-07 11:55:00-04:00,105.1500015258789,105.33999633789062,105.05999755859375,105.33000183105469,27589,0.0,0.0,2023-06-07
732,2023-06-07 12:00:00-04:00,105.33999633789062,105.40499877929688,105.25,105.33999633789062,74372,0.0,0.0,2023-06-07
733,2023-06-07 12:05:00-04:00,105.33999633789062,105.3499984741211,105.20999908447266,105.26000213623047,29272,0.0,0.0,2023-06-07
734,2023-06-07 12:10:00-04:00,105.25,105.36000061035156,105.2300033569336,105.30000305175781,23870,0.0,0.0,2023-06-07
735,2023-06-07 12:15:00-04:00,105.32499694824219,105.4000015258789,105.22000122070312,105.28690338134766,52539,0.0,0.0,2023-06-07
736,2023-06-07 12:20:00-04:00,105.27999877929688,105.36000061035156,105.23999786376953,105.36000061035156,25216,0.0,0.0,2023-06-07
737,2023-06-07 12:25:00-04:00,105.36499786376953,105.4800033569336,105.36499786376953,105.43000030517578,26947,0.0,0.0,2023-06-07
738,2023-06-07 12:30:00-04:00,105.44000244140625,105.44000244140625,105.19999694824219,105.21990203857422,47188,0.0,0.0,2023-06-07
739,2023-06-07 12:35:00-04:00,105.20500183105469,105.22000122070312,105.05999755859375,105.08999633789062,31540,0.0,0.0,2023-06-07
740,2023-06-07 12:40:00-04:00,105.08000183105469,105.16999816894531,105.06999969482422,105.06999969482422,31576,0.0,0.0,2023-06-07
741,2023-06-07 12:45:00-04:00,105.05999755859375,105.16999816894531,104.93000030517578,104.94000244140625,40212,0.0,0.0,2023-06-07
742,2023-06-07 12:50:00-04:00,104.95500183105469,105.08000183105469,104.91999816894531,104.95999908447266,26287,0.0,0.0,2023-06-07
743,2023-06-07 12:55:00-04:00,104.98999786376953,105.04000091552734,104.91999816894531,105.04000091552734,24301,0.0,0.0,2023-06-07
744,2023-06-07 13:00:00-04:00,105.06500244140625,105.19000244140625,105.03500366210938,105.08999633789062,29856,0.0,0.0,2023-06-07
745,2023-06-07 13:05:00-04:00,105.08000183105469,105.19000244140625,104.9800033569336,105.16999816894531,32436,0.0,0.0,2023-06-07
746,2023-06-07 13:10:00-04:00,105.20999908447266,105.41000366210938,105.20999908447266,105.34159851074219,54364,0.0,0.0,2023-06-07
747,2023-06-07 13:15:00-04:00,105.33999633789062,105.4000015258789,105.25,105.25,30012,0.0,0.0,2023-06-07
748,2023-06-07 13:20:00-04:00,105.25,105.27999877929688,105.0999984741211,105.13999938964844,31492,0.0,0.0,2023-06-07
749,2023-06-07 13:25:00-04:00,105.13999938964844,105.36000061035156,105.13999938964844,105.26000213623047,27888,0.0,0.0,2023-06-07
750,2023-06-07 13:30:00-04:00,105.26000213623047,105.37000274658203,105.12999725341797,105.16999816894531,24240,0.0,0.0,2023-06-07
751,2023-06-07 13:35:00-04:00,105.19999694824219,105.22000122070312,105.05999755859375,105.19000244140625,34148,0.0,0.0,2023-06-07
752,2023-06-07 13:40:00-04:00,105.19000244140625,105.30999755859375,105.16000366210938,105.30999755859375,25683,0.0,0.0,2023-06-07
753,2023-06-07 13:45:00-04:00,105.27999877929688,105.30000305175781,105.081298828125,105.19000244140625,22528,0.0,0.0,2023-06-07
754,2023-06-07 13:50:00-04:00,105.18000030517578,105.19999694824219,105.0990982055664,105.18049621582031,19997,0.0,0.0,2023-06-07
755,2023-06-07 13:55:00-04:00,105.19000244140625,105.19000244140625,105.08999633789062,105.16000366210938,30362,0.0,0.0,2023-06-07
756,2023-06-07 14:00:00-04:00,105.19000244140625,105.37000274658203,105.1449966430664,105.31999969482422,30283,0.0,0.0,2023-06-07
757,2023-06-07 14:05:00-04:00,105.31999969482422,105.38999938964844,105.26000213623047,105.30000305175781,22949,0.0,0.0,2023-06-07
758,2023-06-07 14:10:00-04:00,105.30010223388672,105.30999755859375,105.16999816894531,105.23999786376953,29485,0.0,0.0,2023-06-07
759,2023-06-07 14:15:00-04:00,105.24500274658203,105.26000213623047,105.12000274658203,105.2300033569336,34930,0.0,0.0,2023-06-07
760,2023-06-07 14:20:00-04:00,105.2300033569336,105.27999877929688,105.18000030517578,105.27999877929688,24706,0.0,0.0,2023-06-07
761,2023-06-07 14:25:00-04:00,105.27999877929688,105.41000366210938,105.26000213623047,105.38500213623047,43897,0.0,0.0,2023-06-07
762,2023-06-07 14:30:00-04:00,105.37000274658203,105.38999938964844,105.08999633789062,105.11799621582031,35563,0.0,0.0,2023-06-07
763,2023-06-07 14:35:00-04:00,105.0999984741211,105.18000030517578,105.0250015258789,105.125,21456,0.0,0.0,2023-06-07
764,2023-06-07 14:40:00-04:00,105.12000274658203,105.18000030517578,105.06999969482422,105.11000061035156,23811,0.0,0.0,2023-06-07
765,2023-06-07 14:45:00-04:00,105.0999984741211,105.16000366210938,105.0199966430664,105.08000183105469,36717,0.0,0.0,2023-06-07
766,2023-06-07 14:50:00-04:00,105.05999755859375,105.18000030517578,105.0,105.1500015258789,25011,0.0,0.0,2023-06-07
767,2023-06-07 14:55:00-04:00,105.16000366210938,105.16000366210938,105.04000091552734,105.05999755859375,30254,0.0,0.0,2023-06-07
768,2023-06-07 15:00:00-04:00,105.06999969482422,105.08999633789062,104.91999816894531,105.0,39765,0.0,0.0,2023-06-07
769,2023-06-07 15:05:00-04:00,104.98999786376953,105.04499816894531,104.94000244140625,104.9800033569336,36635,0.0,0.0,2023-06-07
770,2023-06-07 15:10:00-04:00,104.97000122070312,105.0,104.88999938964844,104.91500091552734,41850,0.0,0.0,2023-06-07
771,2023-06-07 15:15:00-04:00,104.91000366210938,105.0199966430664,104.88999938964844,105.0,44017,0.0,0.0,2023-06-07
772,2023-06-07 15:20:00-04:00,105.0199966430664,105.0999984741211,105.0199966430664,105.05000305175781,26339,0.0,0.0,2023-06-07
773,2023-06-07 15:25:00-04:00,105.05000305175781,105.05999755859375,104.95999908447266,105.03500366210938,37705,0.0,0.0,2023-06-07
774,2023-06-07 15:30:00-04:00,105.02999877929688,105.11000061035156,104.94499969482422,104.95999908447266,51110,0.0,0.0,2023-06-07
775,2023-06-07 15:35:00-04:00,104.97000122070312,104.9800033569336,104.81999969482422,104.97000122070312,69820,0.0,0.0,2023-06-07
776,2023-06-07 15:40:00-04:00,104.97000122070312,105.01000213623047,104.83999633789062,104.87999725341797,109378,0.0,0.0,2023-06-07
777,2023-06-07 15:45:00-04:00,104.87999725341797,104.94000244140625,104.79219818115234,104.83000183105469,94453,0.0,0.0,2023-06-07
778,2023-06-07 15:50:00-04:00,104.83000183105469,104.91999816894531,104.75,104.75,120737,0.0,0.0,2023-06-07
779,2023-06-07 15:55:00-04:00,104.84500122070312,104.87000274658203,104.73999786376953,104.80000305175781,271056,0.0,0.0,2023-06-07
780,2023-06-08 09:30:00-04:00,104.8499984741211,105.56999969482422,104.76000213623047,105.30000305175781,125870,0.0,0.0,2023-06-08
781,2023-06-08 09:35:00-04:00,105.24109649658203,105.29000091552734,104.8550033569336,104.95999908447266,52736,0.0,0.0,2023-06-08
782,2023-06-08 09:40:00-04:00,105.0,105.13999938964844,104.80999755859375,104.91999816894531,67301,0.0,0.0,2023-06-08
783,2023-06-08 09:45:00-04:00,104.94999694824219,105.2300033569336,104.87000274658203,105.18000030517578,62331,0.0,0.0,2023-06-08
784,2023-06-08 09:50:00-04:00,105.20999908447266,105.31999969482422,105.12000274658203,105.22000122070312,114746,0.0,0.0,2023-06-08
785,2023-06-08 09:55:00-04:00,105.23999786376953,105.25,104.97000122070312,104.97000122070312,86306,0.0,0.0,2023-06-08
786,2023-06-08 10:00:00-04:00,104.88960266113281,105.27999877929688,104.87000274658203,105.12000274658203,47838,0.0,0.0,2023-06-08
787,2023-06-08 10:05:00-04:00,105.08999633789062,105.22000122070312,104.94999694824219,105.01000213623047,39669,0.0,0.0,2023-06-08
788,2023-06-08 10:10:00-04:00,105.01850128173828,105.01850128173828,104.72000122070312,104.72000122070312,41369,0.0,0.0,2023-06-08
789,2023-06-08 10:15:00-04:00,104.7300033569336,105.0199966430664,104.7300033569336,104.875,37379,0.0,0.0,2023-06-08
790,2023-06-08 10:20:00-04:00,104.86000061035156,105.08999633789062,104.81999969482422,105.05000305175781,26899,0.0,0.0,2023-06-08
791,2023-06-08 10:25:00-04:00,105.05000305175781,105.05999755859375,104.91000366210938,104.97959899902344,29565,0.0,0.0,2023-06-08
792,2023-06-08 10:30:00-04:00,104.97000122070312,105.09929656982422,104.80000305175781,104.87000274658203,52411,0.0,0.0,2023-06-08
793,2023-06-08 10:35:00-04:00,104.86630249023438,104.97000122070312,104.7300033569336,104.73999786376953,28216,0.0,0.0,2023-06-08
794,2023-06-08 10:40:00-04:00,104.7300033569336,104.94999694824219,104.68000030517578,104.83000183105469,23874,0.0,0.0,2023-06-08
795,2023-06-08 10:45:00-04:00,104.87000274658203,105.05999755859375,104.83000183105469,105.02999877929688,37255,0.0,0.0,2023-06-08
796,2023-06-08 10:50:00-04:00,105.02999877929688,105.12000274658203,104.96499633789062,104.98999786376953,76399,0.0,0.0,2023-06-08
797,2023-06-08 10:55:00-04:00,105.01000213623047,105.12000274658203,104.86000061035156,104.875,51082,0.0,0.0,2023-06-08
798,2023-06-08 11:00:00-04:00,104.87999725341797,104.95999908447266,104.58999633789062,104.58999633789062,32729,0.0,0.0,2023-06-08
799,2023-06-08 11:05:00-04:00,104.58000183105469,104.86000061035156,104.52999877929688,104.68000030517578,31557,0.0,0.0,2023-06-08
800,2023-06-08 11:10:00-04:00,104.62999725341797,104.9800033569336,104.62999725341797,104.86000061035156,106609,0.0,0.0,2023-06-08
801,2023-06-08 11:15:00-04:00,104.88999938964844,104.9000015258789,104.68000030517578,104.77999877929688,24277,0.0,0.0,2023-06-08
802,2023-06-08 11:20:00-04:00,104.76000213623047,104.91000366210938,104.76000213623047,104.79000091552734,34579,0.0,0.0,2023-06-08
803,2023-06-08 11:25:00-04:00,104.7699966430664,104.91999816894531,104.75,104.79499816894531,97977,0.0,0.0,2023-06-08
804,2023-06-08 11:30:00-04:00,104.79000091552734,104.9000015258789,104.73999786376953,104.80500030517578,71328,0.0,0.0,2023-06-08
805,2023-06-08 11:35:00-04:00,104.77999877929688,104.80999755859375,104.59500122070312,104.625,47326,0.0,0.0,2023-06-08
806,2023-06-08 11:40:00-04:00,104.62000274658203,104.62000274658203,104.04000091552734,104.06999969482422,43394,0.0,0.0,2023-06-08
807,2023-06-08 11:45:00-04:00,104.05999755859375,104.08999633789062,103.4000015258789,103.80000305175781,73099,0.0,0.0,2023-06-08
808,2023-06-08 11:50:00-04:00,103.83999633789062,103.83999633789062,103.08000183105469,103.1050033569336,108302,0.0,0.0,2023-06-08
809,2023-06-08 11:55:00-04:00,103.12000274658203,103.375,102.81999969482422,102.81999969482422,102247,0.0,0.0,2023-06-08
810,2023-06-08 12:00:00-04:00,102.83000183105469,103.0,102.58999633789062,103.0,85912,0.0,0.0,2023-06-08
811,2023-06-08 12:05:00-04:00,102.9800033569336,103.1500015258789,102.87000274658203,103.05000305175781,58931,0.0,0.0,2023-06-08
812,2023-06-08 12:10:00-04:00,103.05000305175781,103.34310150146484,103.0,103.34310150146484,42654,0.0,0.0,2023-06-08
813,2023-06-08 12:15:00-04:00,103.33000183105469,103.62000274658203,103.20999908447266,103.52999877929688,108698,0.0,0.0,2023-06-08
814,2023-06-08 12:20:00-04:00,103.52999877929688,103.76000213623047,103.45999908447266,103.76000213623047,37285,0.0,0.0,2023-06-08
815,2023-06-08 12:25:00-04:00,103.77999877929688,104.33000183105469,103.68599700927734,104.04000091552734,70366,0.0,0.0,2023-06-08
816,2023-06-08 12:30:00-04:00,104.05999755859375,104.2300033569336,104.0199966430664,104.17500305175781,62687,0.0,0.0,2023-06-08
817,2023-06-08 12:35:00-04:00,104.19999694824219,104.43000030517578,104.1500015258789,104.17500305175781,29426,0.0,0.0,2023-06-08
818,2023-06-08 12:40:00-04:00,104.17500305175781,104.44999694824219,104.1500015258789,104.44999694824219,38373,0.0,0.0,2023-06-08
819,2023-06-08 12:45:00-04:00,104.43499755859375,104.53500366210938,104.37000274658203,104.47000122070312,69961,0.0,0.0,2023-06-08
820,2023-06-08 12:50:00-04:00,104.4749984741211,104.77999877929688,104.44000244140625,104.73999786376953,58571,0.0,0.0,2023-06-08
821,2023-06-08 12:55:00-04:00,104.76499938964844,104.84130096435547,104.63999938964844,104.70999908447266,46710,0.0,0.0,2023-06-08
822,2023-06-08 13:00:00-04:00,104.70999908447266,104.80999755859375,104.44000244140625,104.45999908447266,36693,0.0,0.0,2023-06-08
823,2023-06-08 13:05:00-04:00,104.44999694824219,104.66000366210938,104.38009643554688,104.62000274658203,55395,0.0,0.0,2023-06-08
824,2023-06-08 13:10:00-04:00,104.62999725341797,104.69499969482422,104.54000091552734,104.68000030517578,18478,0.0,0.0,2023-06-08
825,2023-06-08 13:15:00-04:00,104.70500183105469,104.83000183105469,104.70500183105469,104.81999969482422,23946,0.0,0.0,2023-06-08
826,2023-06-08 13:20:00-04:00,104.80999755859375,104.87000274658203,104.76000213623047,104.7699966430664,22001,0.0,0.0,2023-06-08
827,2023-06-08 13:25:00-04:00,104.76000213623047,104.88999938964844,104.75,104.80999755859375,31742,0.0,0.0,2023-06-08
828,2023-06-08 13:30:00-04:00,104.80000305175781,104.81999969482422,104.69999694824219,104.70999908447266,32334,0.0,0.0,2023-06-08
829,2023-06-08 13:35:00-04:00,104.73999786376953,104.88999938964844,104.7300033569336,104.88999938964844,44539,0.0,0.0,2023-06-08
830,2023-06-08 13:40:00-04:00,104.91000366210938,105.0,104.88999938964844,104.94999694824219,38495,0.0,0.0,2023-06-08
831,2023-06-08 13:45:00-04:00,104.93000030517578,105.04000091552734,104.86000061035156,104.9800033569336,63959,0.0,0.0,2023-06-08
832,2023-06-08 13:50:00-04:00,104.9800033569336,105.12000274658203,104.94000244140625,104.95999908447266,25855,0.0,0.0,2023-06-08
833,2023-06-08 13:55:00-04:00,104.97000122070312,104.97000122070312,104.77690124511719,104.93000030517578,29780,0.0,0.0,2023-06-08
834,2023-06-08 14:00:00-04:00,104.93499755859375,104.9800033569336,104.87000274658203,104.94999694824219,24224,0.0,0.0,2023-06-08
835,2023-06-08 14:05:00-04:00,104.94999694824219,104.9800033569336,104.87000274658203,104.9000015258789,35224,0.0,0.0,2023-06-08
836,2023-06-08 14:10:00-04:00,104.88999938964844,104.97000122070312,104.79000091552734,104.79000091552734,30162,0.0,0.0,2023-06-08
837,2023-06-08 14:15:00-04:00,104.78500366210938,104.87999725341797,104.78500366210938,104.8499984741211,17409,0.0,0.0,2023-06-08
838,2023-06-08 14:20:00-04:00,104.8499984741211,104.91000366210938,104.73999786376953,104.75,49309,0.0,0.0,2023-06-08
839,2023-06-08 14:25:00-04:00,104.76000213623047,105.07499694824219,104.76000213623047,105.05500030517578,28884,0.0,0.0,2023-06-08
840,2023-06-08 14:30:00-04:00,105.08000183105469,105.13999938964844,105.04000091552734,105.13999938964844,24111,0.0,0.0,2023-06-08
841,2023-06-08 14:35:00-04:00,105.13999938964844,105.19999694824219,105.12000274658203,105.12999725341797,26373,0.0,0.0,2023-06-08
842,2023-06-08 14:40:00-04:00,105.1449966430664,105.1500015258789,104.9800033569336,104.98999786376953,46566,0.0,0.0,2023-06-08
843,2023-06-08 14:45:00-04:00,105.0,105.08000183105469,104.94999694824219,104.9800033569336,21104,0.0,0.0,2023-06-08
844,2023-06-08 14:50:00-04:00,105.00160217285156,105.05500030517578,104.94000244140625,105.01499938964844,17869,0.0,0.0,2023-06-08
845,2023-06-08 14:55:00-04:00,105.01499938964844,105.01499938964844,104.94000244140625,104.95999908447266,25327,0.0,0.0,2023-06-08
846,2023-06-08 15:00:00-04:00,104.97000122070312,104.98500061035156,104.91000366210938,104.93000030517578,20820,0.0,0.0,2023-06-08
847,2023-06-08 15:05:00-04:00,104.91999816894531,105.0199966430664,104.9000015258789,104.94000244140625,35274,0.0,0.0,2023-06-08
848,2023-06-08 15:10:00-04:00,104.94999694824219,104.99500274658203,104.90989685058594,104.95999908447266,37180,0.0,0.0,2023-06-08
849,2023-06-08 15:15:00-04:00,104.98500061035156,105.05750274658203,104.83999633789062,104.91000366210938,51678,0.0,0.0,2023-06-08
850,2023-06-08 15:20:00-04:00,104.93000030517578,104.97000122070312,104.8499984741211,104.97000122070312,26850,0.0,0.0,2023-06-08
851,2023-06-08 15:25:00-04:00,104.95999908447266,104.95999908447266,104.81999969482422,104.81999969482422,45086,0.0,0.0,2023-06-08
852,2023-06-08 15:30:00-04:00,104.81999969482422,104.83000183105469,104.58999633789062,104.6500015258789,53875,0.0,0.0,2023-06-08
853,2023-06-08 15:35:00-04:00,104.63999938964844,104.75,104.58999633789062,104.70999908447266,60426,0.0,0.0,2023-06-08
854,2023-06-08 15:40:00-04:00,104.72000122070312,104.86000061035156,104.69999694824219,104.70999908447266,35748,0.0,0.0,2023-06-08
855,2023-06-08 15:45:00-04:00,104.70999908447266,104.87999725341797,104.68000030517578,104.875,77463,0.0,0.0,2023-06-08
856,2023-06-08 15:50:00-04:00,104.87999725341797,104.91999816894531,104.55999755859375,104.59500122070312,100548,0.0,0.0,2023-06-08
857,2023-06-08 15:55:00-04:00,104.59500122070312,104.80999755859375,104.5199966430664,104.55000305175781,241014,0.0,0.0,2023-06-08
858,2023-06-09 09:30:00-04:00,104.83999633789062,104.9800033569336,104.16999816894531,104.16999816894531,96554,0.0,0.0,2023-06-09
859,2023-06-09 09:35:00-04:00,104.1500015258789,104.22000122070312,103.66999816894531,104.22000122070312,57985,0.0,0.0,2023-06-09
860,2023-06-09 09:40:00-04:00,104.37999725341797,104.58000183105469,104.04000091552734,104.43000030517578,57025,0.0,0.0,2023-06-09
861,2023-06-09 09:45:00-04:00,104.4000015258789,104.56500244140625,103.96499633789062,104.13999938964844,56437,0.0,0.0,2023-06-09
862,2023-06-09 09:50:00-04:00,104.11000061035156,104.37999725341797,104.11000061035156,104.31999969482422,37877,0.0,0.0,2023-06-09
863,2023-06-09 09:55:00-04:00,104.38999938964844,104.5199966430664,104.1500015258789,104.1500015258789,32488,0.0,0.0,2023-06-09
864,2023-06-09 10:00:00-04:00,104.12999725341797,104.58000183105469,104.12999725341797,104.54499816894531,27628,0.0,0.0,2023-06-09
865,2023-06-09 10:05:00-04:00,104.58000183105469,104.66500091552734,104.4000015258789,104.66000366210938,36009,0.0,0.0,2023-06-09
866,2023-06-09 10:10:00-04:00,104.66999816894531,104.75,104.55000305175781,104.5696029663086,38242,0.0,0.0,2023-06-09
867,2023-06-09 10:15:00-04:00,104.56999969482422,104.71499633789062,104.56999969482422,104.69000244140625,26519,0.0,0.0,2023-06-09
868,2023-06-09 10:20:00-04:00,104.66999816894531,104.77999877929688,104.44999694824219,104.58000183105469,35873,0.0,0.0,2023-06-09
869,2023-06-09 10:25:00-04:00,104.58000183105469,104.8594970703125,104.52999877929688,104.8499984741211,41790,0.0,0.0,2023-06-09
870,2023-06-09 10:30:00-04:00,104.91000366210938,105.06500244140625,104.78569793701172,104.8499984741211,40805,0.0,0.0,2023-06-09
871,2023-06-09 10:35:00-04:00,104.87000274658203,105.11499786376953,104.83000183105469,105.08999633789062,31796,0.0,0.0,2023-06-09
872,2023-06-09 10:40:00-04:00,105.06999969482422,105.27989959716797,104.91999816894531,105.20999908447266,34166,0.0,0.0,2023-06-09
873,2023-06-09 10:45:00-04:00,105.22000122070312,105.45279693603516,105.1500015258789,105.25,44431,0.0,0.0,2023-06-09
874,2023-06-09 10:50:00-04:00,105.22000122070312,105.23999786376953,105.11000061035156,105.18000030517578,19589,0.0,0.0,2023-06-09
875,2023-06-09 10:55:00-04:00,105.20249938964844,105.33000183105469,104.95999908447266,105.0999984741211,39947,0.0,0.0,2023-06-09
876,2023-06-09 11:00:00-04:00,105.12999725341797,105.12999725341797,104.76499938964844,104.81500244140625,27262,0.0,0.0,2023-06-09
877,2023-06-09 11:05:00-04:00,104.81999969482422,104.8499984741211,104.72000122070312,104.73500061035156,29965,0.0,0.0,2023-06-09
878,2023-06-09 11:10:00-04:00,104.73999786376953,104.73999786376953,104.55999755859375,104.66000366210938,28511,0.0,0.0,2023-06-09
879,2023-06-09 11:15:00-04:00,104.66000366210938,104.69499969482422,104.5199966430664,104.5199966430664,73632,0.0,0.0,2023-06-09
880,2023-06-09 11:20:00-04:00,104.5199966430664,104.54000091552734,104.37999725341797,104.49500274658203,85048,0.0,0.0,2023-06-09
881,2023-06-09 11:25:00-04:00,104.48999786376953,104.59149932861328,104.36000061035156,104.54000091552734,44262,0.0,0.0,2023-06-09
882,2023-06-09 11:30:00-04:00,104.54499816894531,104.55999755859375,104.20999908447266,104.4000015258789,62215,0.0,0.0,2023-06-09
883,2023-06-09 11:35:00-04:00,104.41000366210938,104.47000122070312,104.13999938964844,104.19499969482422,45449,0.0,0.0,2023-06-09
884,2023-06-09 11:40:00-04:00,104.20999908447266,104.41999816894531,104.20999908447266,104.29000091552734,55432,0.0,0.0,2023-06-09
885,2023-06-09 11:45:00-04:00,104.30000305175781,104.36000061035156,104.19309997558594,104.19499969482422,49687,0.0,0.0,2023-06-09
886,2023-06-09 11:50:00-04:00,104.20999908447266,104.20999908447266,103.94010162353516,104.0,45899,0.0,0.0,2023-06-09
887,2023-06-09 11:55:00-04:00,104.0,104.12000274658203,103.90499877929688,104.07499694824219,54892,0.0,0.0,2023-06-09
888,2023-06-09 12:00:00-04:00,104.11000061035156,104.26000213623047,104.07499694824219,104.07499694824219,35470,0.0,0.0,2023-06-09
889,2023-06-09 12:05:00-04:00,104.05999755859375,104.12249755859375,104.03500366210938,104.05999755859375,63512,0.0,0.0,2023-06-09
890,2023-06-09 12:10:00-04:00,104.05000305175781,104.12000274658203,103.98999786376953,104.04000091552734,70241,0.0,0.0,2023-06-09
891,2023-06-09 12:15:00-04:00,104.0199966430664,104.12999725341797,103.97000122070312,104.0,46384,0.0,0.0,2023-06-09
892,2023-06-09 12:20:00-04:00,104.0,104.05500030517578,103.94999694824219,104.00499725341797,28864,0.0,0.0,2023-06-09
893,2023-06-09 12:25:00-04:00,104.01000213623047,104.01000213623047,103.83999633789062,103.86000061035156,34601,0.0,0.0,2023-06-09
894,2023-06-09 12:30:00-04:00,103.86000061035156,104.20999908447266,103.86000061035156,104.18000030517578,30286,0.0,0.0,2023-06-09
895,2023-06-09 12:35:00-04:00,104.18000030517578,104.30000305175781,104.08999633789062,104.11000061035156,33308,0.0,0.0,2023-06-09
896,2023-06-09 12:40:00-04:00,104.11750030517578,104.19000244140625,104.05999755859375,104.13999938964844,51917,0.0,0.0,2023-06-09
897,2023-06-09 12:45:00-04:00,104.1449966430664,104.29000091552734,104.13999938964844,104.22000122070312,22090,0.0,0.0,2023-06-09
898,2023-06-09 12:50:00-04:00,104.22000122070312,104.2300033569336,104.05000305175781,104.06999969482422,34111,0.0,0.0,2023-06-09
899,2023-06-09 12:55:00-04:00,104.0999984741211,104.1449966430664,104.05000305175781,104.1449966430664,26778,0.0,0.0,2023-06-09
900,2023-06-09 13:00:00-04:00,104.15499877929688,104.16999816894531,103.95999908447266,103.95999908447266,31805,0.0,0.0,2023-06-09
901,2023-06-09 13:05:00-04:00,103.94999694824219,104.12999725341797,103.87000274658203,104.12999725341797,29194,0.0,0.0,2023-06-09
902,2023-06-09 13:10:00-04:00,104.13500213623047,104.13749694824219,104.05000305175781,104.0999984741211,16810,0.0,0.0,2023-06-09
903,2023-06-09 13:15:00-04:00,104.11000061035156,104.16500091552734,104.05999755859375,104.13999938964844,28535,0.0,0.0,2023-06-09
904,2023-06-09 13:20:00-04:00,104.12999725341797,104.13999938964844,104.06999969482422,104.08000183105469,16967,0.0,0.0,2023-06-09
905,2023-06-09 13:25:00-04:00,104.06999969482422,104.0999984741211,104.01000213623047,104.04000091552734,21132,0.0,0.0,2023-06-09
906,2023-06-09 13:30:00-04:00,104.05999755859375,104.12999725341797,104.0199966430664,104.07499694824219,38883,0.0,0.0,2023-06-09
907,2023-06-09 13:35:00-04:00,104.08499908447266,104.08499908447266,103.87999725341797,103.88999938964844,37585,0.0,0.0,2023-06-09
908,2023-06-09 13:40:00-04:00,103.88999938964844,104.0199966430664,103.875,103.97000122070312,31508,0.0,0.0,2023-06-09
909,2023-06-09 13:45:00-04:00,103.97000122070312,104.0,103.87000274658203,103.91000366210938,38077,0.0,0.0,2023-06-09
910,2023-06-09 13:50:00-04:00,103.91999816894531,103.93000030517578,103.75,103.77999877929688,24831,0.0,0.0,2023-06-09
911,2023-06-09 13:55:00-04:00,103.73999786376953,103.91999816894531,103.63379669189453,103.91999816894531,30376,0.0,0.0,2023-06-09
912,2023-06-09 14:00:00-04:00,103.91999816894531,103.93000030517578,103.80000305175781,103.83999633789062,20207,0.0,0.0,2023-06-09
913,2023-06-09 14:05:00-04:00,103.8550033569336,103.9800033569336,103.81999969482422,103.87000274658203,24690,0.0,0.0,2023-06-09
914,2023-06-09 14:10:00-04:00,103.87000274658203,103.9800033569336,103.83999633789062,103.95999908447266,23981,0.0,0.0,2023-06-09
915,2023-06-09 14:15:00-04:00,103.94999694824219,103.9800033569336,103.87999725341797,103.91000366210938,25999,0.0,0.0,2023-06-09
916,2023-06-09 14:20:00-04:00,103.91000366210938,103.94999694824219,103.8499984741211,103.93000030517578,24500,0.0,0.0,2023-06-09
917,2023-06-09 14:25:00-04:00,103.94499969482422,103.95999908447266,103.7750015258789,103.79000091552734,25860,0.0,0.0,2023-06-09
918,2023-06-09 14:30:00-04:00,103.80000305175781,103.91000366210938,103.80000305175781,103.88999938964844,25047,0.0,0.0,2023-06-09
919,2023-06-09 14:35:00-04:00,103.91000366210938,103.94000244140625,103.79000091552734,103.79000091552734,15145,0.0,0.0,2023-06-09
920,2023-06-09 14:40:00-04:00,103.77999877929688,103.93499755859375,103.76000213623047,103.9000015258789,27468,0.0,0.0,2023-06-09
921,2023-06-09 14:45:00-04:00,103.88999938964844,103.93000030517578,103.8550033569336,103.86000061035156,18861,0.0,0.0,2023-06-09
922,2023-06-09 14:50:00-04:00,103.87999725341797,103.91999816894531,103.8499984741211,103.88500213623047,19803,0.0,0.0,2023-06-09
923,2023-06-09 14:55:00-04:00,103.87999725341797,103.94999694824219,103.84010314941406,103.9000015258789,55228,0.0,0.0,2023-06-09
924,2023-06-09 15:00:00-04:00,103.91000366210938,104.02999877929688,103.87999725341797,103.97000122070312,40538,0.0,0.0,2023-06-09
925,2023-06-09 15:05:00-04:00,103.95999908447266,103.95999908447266,103.7300033569336,103.7300033569336,67062,0.0,0.0,2023-06-09
926,2023-06-09 15:10:00-04:00,103.7300033569336,103.77999877929688,103.63999938964844,103.76000213623047,63575,0.0,0.0,2023-06-09
927,2023-06-09 15:15:00-04:00,103.76000213623047,103.95829772949219,103.72000122070312,103.93000030517578,36694,0.0,0.0,2023-06-09
928,2023-06-09 15:20:00-04:00,103.93000030517578,103.98999786376953,103.91999816894531,103.9375991821289,43564,0.0,0.0,2023-06-09
929,2023-06-09 15:25:00-04:00,103.91999816894531,103.94999694824219,103.8635025024414,103.94000244140625,52218,0.0,0.0,2023-06-09
930,2023-06-09 15:30:00-04:00,103.93000030517578,104.05999755859375,103.90499877929688,104.04000091552734,67206,0.0,0.0,2023-06-09
931,2023-06-09 15:35:00-04:00,104.05000305175781,104.05000305175781,103.80999755859375,103.98500061035156,81699,0.0,0.0,2023-06-09
932,2023-06-09 15:40:00-04:00,103.98500061035156,104.08000183105469,103.83999633789062,103.83999633789062,55104,0.0,0.0,2023-06-09
933,2023-06-09 15:45:00-04:00,103.83000183105469,104.0199966430664,103.81500244140625,103.91999816894531,96402,0.0,0.0,2023-06-09
934,2023-06-09 15:50:00-04:00,103.9000015258789,103.91000366210938,103.70999908447266,103.76000213623047,179770,0.0,0.0,2023-06-09
935,2023-06-09 15:55:00-04:00,103.75,103.91999816894531,103.75,103.9000015258789,286990,0.0,0.0,2023-06-09
936,2023-06-12 09:30:00-04:00,102.25,102.75,102.16999816894531,102.6500015258789,110959,0.0,0.0,2023-06-12
937,2023-06-12 09:35:00-04:00,102.69000244140625,102.79000091552734,102.51000213623047,102.58999633789062,55400,0.0,0.0,2023-06-12
938,2023-06-12 09:40:00-04:00,102.5999984741211,103.36000061035156,102.5999984741211,103.31999969482422,53963,0.0,0.0,2023-06-12
939,2023-06-12 09:45:00-04:00,103.2699966430664,103.68000030517578,103.2300033569336,103.68000030517578,45939,0.0,0.0,2023-06-12
940,2023-06-12 09:50:00-04:00,103.66470336914062,104.0999984741211,103.66470336914062,103.9800033569336,59973,0.0,0.0,2023-06-12
941,2023-06-12 09:55:00-04:00,103.9800033569336,104.1500015258789,103.80000305175781,103.80000305175781,62031,0.0,0.0,2023-06-12
942,2023-06-12 10:00:00-04:00,103.79000091552734,103.87999725341797,102.45999908447266,102.53500366210938,159155,0.0,0.0,2023-06-12
943,2023-06-12 10:05:00-04:00,102.52999877929688,102.68499755859375,102.30000305175781,102.68499755859375,97803,0.0,0.0,2023-06-12
944,2023-06-12 10:10:00-04:00,102.68689727783203,102.91999816894531,102.68689727783203,102.9000015258789,29191,0.0,0.0,2023-06-12
945,2023-06-12 10:15:00-04:00,102.91999816894531,103.02999877929688,102.83000183105469,102.9800033569336,46194,0.0,0.0,2023-06-12
946,2023-06-12 10:20:00-04:00,103.0,103.01000213623047,102.27999877929688,102.30000305175781,62535,0.0,0.0,2023-06-12
947,2023-06-12 10:25:00-04:00,102.25,102.44499969482422,102.19000244140625,102.19000244140625,90529,0.0,0.0,2023-06-12
948,2023-06-12 10:30:00-04:00,102.16999816894531,102.16999816894531,101.80999755859375,101.88999938964844,367552,0.0,0.0,2023-06-12
949,2023-06-12 10:35:00-04:00,101.9000015258789,101.9000015258789,101.43000030517578,101.63999938964844,71493,0.0,0.0,2023-06-12
950,2023-06-12 10:40:00-04:00,101.66000366210938,101.83999633789062,101.5999984741211,101.79000091552734,42036,0.0,0.0,2023-06-12
951,2023-06-12 10:45:00-04:00,101.83910369873047,101.98999786376953,101.79000091552734,101.94000244140625,55191,0.0,0.0,2023-06-12
952,2023-06-12 10:50:00-04:00,101.95999908447266,102.0999984741211,101.93000030517578,102.08999633789062,35115,0.0,0.0,2023-06-12
953,2023-06-12 10:55:00-04:00,102.0999984741211,102.38999938964844,102.08999633789062,102.30999755859375,53482,0.0,0.0,2023-06-12
954,2023-06-12 11:00:00-04:00,102.31999969482422,102.41000366210938,102.20999908447266,102.29000091552734,40352,0.0,0.0,2023-06-12
955,2023-06-12 11:05:00-04:00,102.31999969482422,102.44999694824219,102.28500366210938,102.44999694824219,42979,0.0,0.0,2023-06-12
956,2023-06-12 11:10:00-04:00,102.45999908447266,102.5999984741211,102.36000061035156,102.37999725341797,49862,0.0,0.0,2023-06-12
957,2023-06-12 11:15:00-04:00,102.38999938964844,102.5199966430664,102.22000122070312,102.22000122070312,35585,0.0,0.0,2023-06-12
958,2023-06-12 11:20:00-04:00,102.19999694824219,102.27999877929688,102.08999633789062,102.08999633789062,41646,0.0,0.0,2023-06-12
959,2023-06-12 11:25:00-04:00,102.0999984741211,102.26499938964844,102.0999984741211,102.12000274658203,28296,0.0,0.0,2023-06-12
960,2023-06-12 11:30:00-04:00,102.0999984741211,102.18000030517578,101.95999908447266,102.08999633789062,46304,0.0,0.0,2023-06-12
961,2023-06-12 11:35:00-04:00,102.12000274658203,102.20999908447266,102.08999633789062,102.13999938964844,48331,0.0,0.0,2023-06-12
962,2023-06-12 11:40:00-04:00,102.13500213623047,102.18000030517578,101.97000122070312,102.11000061035156,40931,0.0,0.0,2023-06-12
963,2023-06-12 11:45:00-04:00,102.12000274658203,102.23999786376953,102.02999877929688,102.20999908447266,41788,0.0,0.0,2023-06-12
964,2023-06-12 11:50:00-04:00,102.22000122070312,102.23999786376953,101.85009765625,101.89140319824219,228495,0.0,0.0,2023-06-12
965,2023-06-12 11:55:00-04:00,101.8499984741211,102.0999984741211,101.80000305175781,102.06009674072266,47888,0.0,0.0,2023-06-12
966,2023-06-12 12:00:00-04:00,102.08000183105469,102.30000305175781,102.06999969482422,102.25,25782,0.0,0.0,2023-06-12
967,2023-06-12 12:05:00-04:00,102.26000213623047,102.30000305175781,102.05000305175781,102.0999984741211,34474,0.0,0.0,2023-06-12
968,2023-06-12 12:10:00-04:00,102.0999984741211,102.11000061035156,101.9800033569336,102.01000213623047,65394,0.0,0.0,2023-06-12
969,2023-06-12 12:15:00-04:00,101.98999786376953,102.08000183105469,101.9000015258789,102.01000213623047,49063,0.0,0.0,2023-06-12
970,2023-06-12 12:20:00-04:00,102.0199966430664,102.05999755859375,101.95999908447266,102.05000305175781,25216,0.0,0.0,2023-06-12
971,2023-06-12 12:25:00-04:00,102.04000091552734,102.11000061035156,102.04000091552734,102.08000183105469,165722,0.0,0.0,2023-06-12
972,2023-06-12 12:30:00-04:00,102.08000183105469,102.11499786376953,101.94000244140625,102.0199966430664,27614,0.0,0.0,2023-06-12
973,2023-06-12 12:35:00-04:00,102.02999877929688,102.18000030517578,102.0199966430664,102.0199966430664,21009,0.0,0.0,2023-06-12
974,2023-06-12 12:40:00-04:00,101.98999786376953,102.04000091552734,101.95999908447266,101.98999786376953,17202,0.0,0.0,2023-06-12
975,2023-06-12 12:45:00-04:00,101.99960327148438,102.00050354003906,101.83000183105469,102.00050354003906,24506,0.0,0.0,2023-06-12
976,2023-06-12 12:50:00-04:00,102.0,102.08000183105469,101.91000366210938,102.03500366210938,22402,0.0,0.0,2023-06-12
977,2023-06-12 12:55:00-04:00,102.02999877929688,102.12999725341797,101.91999816894531,102.1050033569336,35121,0.0,0.0,2023-06-12
978,2023-06-12 13:00:00-04:00,102.0999984741211,102.14459991455078,102.05000305175781,102.06999969482422,22857,0.0,0.0,2023-06-12
979,2023-06-12 13:05:00-04:00,102.05000305175781,102.12999725341797,101.98500061035156,102.0999984741211,33091,0.0,0.0,2023-06-12
980,2023-06-12 13:10:00-04:00,102.12999725341797,102.18000030517578,102.09500122070312,102.0999984741211,43641,0.0,0.0,2023-06-12
981,2023-06-12 13:15:00-04:00,102.0999984741211,102.30999755859375,102.08000183105469,102.2699966430664,22671,0.0,0.0,2023-06-12
982,2023-06-12 13:20:00-04:00,102.25,102.25,102.05000305175781,102.19000244140625,25284,0.0,0.0,2023-06-12
983,2023-06-12 13:25:00-04:00,102.19000244140625,102.20999908447266,102.0602035522461,102.06999969482422,19968,0.0,0.0,2023-06-12
984,2023-06-12 13:30:00-04:00,102.05999755859375,102.06999969482422,101.94999694824219,102.0199966430664,23818,0.0,0.0,2023-06-12
985,2023-06-12 13:35:00-04:00,102.0199966430664,102.04000091552734,101.97000122070312,102.02330017089844,249574,0.0,0.0,2023-06-12
986,2023-06-12 13:40:00-04:00,102.02999877929688,102.19999694824219,102.02999877929688,102.13500213623047,27914,0.0,0.0,2023-06-12
987,2023-06-12 13:45:00-04:00,102.12000274658203,102.22000122070312,102.11000061035156,102.1500015258789,33903,0.0,0.0,2023-06-12
988,2023-06-12 13:50:00-04:00,102.1500015258789,102.23090362548828,102.08999633789062,102.2040023803711,41290,0.0,0.0,2023-06-12
989,2023-06-12 13:55:00-04:00,102.19999694824219,102.25,102.12999725341797,102.1500015258789,24864,0.0,0.0,2023-06-12
990,2023-06-12 14:00:00-04:00,102.16999816894531,102.20500183105469,102.08999633789062,102.08999633789062,24055,0.0,0.0,2023-06-12
991,2023-06-12 14:05:00-04:00,102.08499908447266,102.1050033569336,101.9800033569336,102.0999984741211,28595,0.0,0.0,2023-06-12
992,2023-06-12 14:10:00-04:00,102.11000061035156,102.13999938964844,101.86139678955078,101.9000015258789,83405,0.0,0.0,2023-06-12
993,2023-06-12 14:15:00-04:00,101.9000015258789,102.12979888916016,101.9000015258789,102.08999633789062,40430,0.0,0.0,2023-06-12
994,2023-06-12 14:20:00-04:00,102.0999984741211,102.2300033569336,102.01000213623047,102.21499633789062,26479,0.0,0.0,2023-06-12
995,2023-06-12 14:25:00-04:00,102.23999786376953,102.2699966430664,101.98999786376953,101.98999786376953,139624,0.0,0.0,2023-06-12
996,2023-06-12 14:30:00-04:00,102.00900268554688,102.04000091552734,101.94999694824219,101.9800033569336,29013,0.0,0.0,2023-06-12
997,2023-06-12 14:35:00-04:00,101.9749984741211,102.1500015258789,101.9749984741211,102.11000061035156,59554,0.0,0.0,2023-06-12
998,2023-06-12 14:40:00-04:00,102.11000061035156,102.1500015258789,102.06999969482422,102.13999938964844,40406,0.0,0.0,2023-06-12
999,2023-06-12 14:45:00-04:00,102.13999938964844,102.16999816894531,102.04000091552734,102.04000091552734,51007,0.0,0.0,2023-06-12
1000,2023-06-12 14:50:00-04:00,102.05999755859375,102.20999908447266,102.05999755859375,102.20999908447266,50246,0.0,0.0,2023-06-12
1001,2023-06-12 14:55:00-04:00,102.20999908447266,102.29900360107422,102.11029815673828,102.14749908447266,52974,0.0,0.0,2023-06-12
1002,2023-06-12 15:00:00-04:00,102.13999938964844,102.36000061035156,102.13999938964844,102.19999694824219,63209,0.0,0.0,2023-06-12
1003,2023-06-12 15:05:00-04:00,102.19000244140625,102.25,102.08999633789062,102.24189758300781,39215,0.0,0.0,2023-06-12
1004,2023-06-12 15:10:00-04:00,102.25,102.5199966430664,102.18000030517578,102.5,63068,0.0,0.0,2023-06-12
1005,2023-06-12 15:15:00-04:00,102.5250015258789,102.63999938964844,102.5250015258789,102.59989929199219,34455,0.0,0.0,2023-06-12
1006,2023-06-12 15:20:00-04:00,102.5999984741211,102.63999938964844,102.48999786376953,102.63999938964844,52646,0.0,0.0,2023-06-12
1007,2023-06-12 15:25:00-04:00,102.6449966430664,102.7300033569336,102.55999755859375,102.5999984741211,47011,0.0,0.0,2023-06-12
1008,2023-06-12 15:30:00-04:00,102.597900390625,102.69499969482422,102.59010314941406,102.6500015258789,62366,0.0,0.0,2023-06-12
1009,2023-06-12 15:35:00-04:00,102.66000366210938,102.73999786376953,102.58999633789062,102.73999786376953,57922,0.0,0.0,2023-06-12
1010,2023-06-12 15:40:00-04:00,102.73999786376953,102.86000061035156,102.72000122070312,102.80999755859375,66791,0.0,0.0,2023-06-12
1011,2023-06-12 15:45:00-04:00,102.80999755859375,102.81999969482422,102.66000366210938,102.69000244140625,86697,0.0,0.0,2023-06-12
1012,2023-06-12 15:50:00-04:00,102.69999694824219,102.80000305175781,102.62999725341797,102.7300033569336,176887,0.0,0.0,2023-06-12
1013,2023-06-12 15:55:00-04:00,102.7300033569336,102.87000274658203,102.70999908447266,102.83000183105469,266186,0.0,0.0,2023-06-12
1014,2023-06-13 09:30:00-04:00,103.8499984741211,104.52999877929688,103.58999633789062,104.52999877929688,161236,0.0,0.0,2023-06-13
1015,2023-06-13 09:35:00-04:00,104.55999755859375,104.625,104.30000305175781,104.43000030517578,90564,0.0,0.0,2023-06-13
1016,2023-06-13 09:40:00-04:00,104.5,104.68000030517578,104.38999938964844,104.45999908447266,87243,0.0,0.0,2023-06-13
1017,2023-06-13 09:45:00-04:00,104.5,104.91999816894531,104.4800033569336,104.77999877929688,67965,0.0,0.0,2023-06-13
1018,2023-06-13 09:50:00-04:00,104.7699966430664,104.79000091552734,104.47000122070312,104.5199966430664,54951,0.0,0.0,2023-06-13
1019,2023-06-13 09:55:00-04:00,104.48999786376953,104.70999908447266,104.31999969482422,104.62000274658203,67311,0.0,0.0,2023-06-13
1020,2023-06-13 10:00:00-04:00,104.61499786376953,105.04000091552734,104.35900115966797,105.02999877929688,70168,0.0,0.0,2023-06-13
1021,2023-06-13 10:05:00-04:00,105.02999877929688,105.20999908447266,104.9000015258789,105.15499877929688,93952,0.0,0.0,2023-06-13
1022,2023-06-13 10:10:00-04:00,105.13999938964844,105.45999908447266,105.02999877929688,105.3949966430664,54029,0.0,0.0,2023-06-13
1023,2023-06-13 10:15:00-04:00,105.41000366210938,105.47000122070312,104.94000244140625,105.1240005493164,59260,0.0,0.0,2023-06-13
1024,2023-06-13 10:20:00-04:00,105.06999969482422,105.20870208740234,104.8550033569336,105.19000244140625,43122,0.0,0.0,2023-06-13
1025,2023-06-13 10:25:00-04:00,105.16010284423828,105.3499984741211,105.08999633789062,105.22000122070312,68741,0.0,0.0,2023-06-13
1026,2023-06-13 10:30:00-04:00,105.22000122070312,105.2249984741211,104.93000030517578,105.02999877929688,45707,0.0,0.0,2023-06-13
1027,2023-06-13 10:35:00-04:00,105.05999755859375,105.12000274658203,104.88999938964844,104.94999694824219,42067,0.0,0.0,2023-06-13
1028,2023-06-13 10:40:00-04:00,104.97000122070312,105.02999877929688,104.70999908447266,104.72000122070312,51381,0.0,0.0,2023-06-13
1029,2023-06-13 10:45:00-04:00,104.72000122070312,104.91999816894531,104.70999908447266,104.7699966430664,28980,0.0,0.0,2023-06-13
1030,2023-06-13 10:50:00-04:00,104.81999969482422,104.86990356445312,104.38999938964844,104.38999938964844,39870,0.0,0.0,2023-06-13
1031,2023-06-13 10:55:00-04:00,104.23999786376953,104.58100128173828,104.23999786376953,104.42019653320312,79114,0.0,0.0,2023-06-13
1032,2023-06-13 11:00:00-04:00,104.43000030517578,104.72000122070312,104.4000015258789,104.5,30938,0.0,0.0,2023-06-13
1033,2023-06-13 11:05:00-04:00,104.5,104.58999633789062,104.31999969482422,104.32499694824219,32289,0.0,0.0,2023-06-13
1034,2023-06-13 11:10:00-04:00,104.33999633789062,104.52290344238281,104.33999633789062,104.46499633789062,46152,0.0,0.0,2023-06-13
1035,2023-06-13 11:15:00-04:00,104.4800033569336,104.52999877929688,104.30999755859375,104.37999725341797,31618,0.0,0.0,2023-06-13
1036,2023-06-13 11:20:00-04:00,104.37999725341797,104.63999938964844,104.37000274658203,104.5,48022,0.0,0.0,2023-06-13
1037,2023-06-13 11:25:00-04:00,104.5,104.62999725341797,104.4800033569336,104.52999877929688,28100,0.0,0.0,2023-06-13
1038,2023-06-13 11:30:00-04:00,104.52999877929688,104.55000305175781,104.37000274658203,104.41999816894531,36008,0.0,0.0,2023-06-13
1039,2023-06-13 11:35:00-04:00,104.41999816894531,104.4800033569336,104.33999633789062,104.4800033569336,27249,0.0,0.0,2023-06-13
1040,2023-06-13 11:40:00-04:00,104.5,104.69999694824219,104.48999786376953,104.56999969482422,25415,0.0,0.0,2023-06-13
1041,2023-06-13 11:45:00-04:00,104.55000305175781,104.55000305175781,104.30000305175781,104.38999938964844,38901,0.0,0.0,2023-06-13
1042,2023-06-13 11:50:00-04:00,104.4000015258789,104.58110046386719,104.36000061035156,104.54000091552734,35904,0.0,0.0,2023-06-13
1043,2023-06-13 11:55:00-04:00,104.51000213623047,104.56999969482422,104.37000274658203,104.37999725341797,20881,0.0,0.0,2023-06-13
1044,2023-06-13 12:00:00-04:00,104.37000274658203,104.41000366210938,104.30000305175781,104.38999938964844,30668,0.0,0.0,2023-06-13
1045,2023-06-13 12:05:00-04:00,104.41000366210938,104.5199966430664,104.37000274658203,104.37000274658203,16114,0.0,0.0,2023-06-13
1046,2023-06-13 12:10:00-04:00,104.36070251464844,104.4000015258789,104.29000091552734,104.3499984741211,22812,0.0,0.0,2023-06-13
1047,2023-06-13 12:15:00-04:00,104.33999633789062,104.46499633789062,104.33999633789062,104.44080352783203,34466,0.0,0.0,2023-06-13
1048,2023-06-13 12:20:00-04:00,104.45999908447266,104.5999984741211,104.41000366210938,104.5,43243,0.0,0.0,2023-06-13
1049,2023-06-13 12:25:00-04:00,104.49500274658203,104.49500274658203,104.27999877929688,104.29000091552734,20958,0.0,0.0,2023-06-13
1050,2023-06-13 12:30:00-04:00,104.27999877929688,104.36969757080078,104.26000213623047,104.36000061035156,21646,0.0,0.0,2023-06-13
1051,2023-06-13 12:35:00-04:00,104.4000015258789,104.4000015258789,104.18000030517578,104.25,29194,0.0,0.0,2023-06-13
1052,2023-06-13 12:40:00-04:00,104.27999877929688,104.49500274658203,104.27999877929688,104.44999694824219,22100,0.0,0.0,2023-06-13
1053,2023-06-13 12:45:00-04:00,104.45500183105469,104.55000305175781,104.41999816894531,104.54000091552734,16989,0.0,0.0,2023-06-13
1054,2023-06-13 12:50:00-04:00,104.54000091552734,104.70999908447266,104.5250015258789,104.70999908447266,16909,0.0,0.0,2023-06-13
1055,2023-06-13 12:55:00-04:00,104.70059967041016,104.7300033569336,104.63169860839844,104.67539978027344,30200,0.0,0.0,2023-06-13
1056,2023-06-13 13:00:00-04:00,104.66999816894531,104.68000030517578,104.5,104.54000091552734,46102,0.0,0.0,2023-06-13
1057,2023-06-13 13:05:00-04:00,104.55999755859375,104.61000061035156,104.43000030517578,104.5,17063,0.0,0.0,2023-06-13
1058,2023-06-13 13:10:00-04:00,104.52999877929688,104.52999877929688,104.3499984741211,104.4000015258789,24849,0.0,0.0,2023-06-13
1059,2023-06-13 13:15:00-04:00,104.37999725341797,104.38999938964844,104.27999877929688,104.36000061035156,21987,0.0,0.0,2023-06-13
1060,2023-06-13 13:20:00-04:00,104.37000274658203,104.55999755859375,104.37000274658203,104.54000091552734,24953,0.0,0.0,2023-06-13
1061,2023-06-13 13:25:00-04:00,104.53500366210938,104.62000274658203,104.45999908447266,104.5,22902,0.0,0.0,2023-06-13
1062,2023-06-13 13:30:00-04:00,104.48999786376953,104.48999786376953,104.27999877929688,104.30999755859375,26637,0.0,0.0,2023-06-13
1063,2023-06-13 13:35:00-04:00,104.29000091552734,104.38999938964844,104.22000122070312,104.38500213623047,34193,0.0,0.0,2023-06-13
1064,2023-06-13 13:40:00-04:00,104.4000015258789,104.58999633789062,104.38999938964844,104.4800033569336,30595,0.0,0.0,2023-06-13
1065,2023-06-13 13:45:00-04:00,104.48999786376953,104.5199966430664,104.39089965820312,104.49250030517578,45833,0.0,0.0,2023-06-13
1066,2023-06-13 13:50:00-04:00,104.5,104.58000183105469,104.44000244140625,104.4800033569336,63209,0.0,0.0,2023-06-13
1067,2023-06-13 13:55:00-04:00,104.48999786376953,104.56999969482422,104.4800033569336,104.55999755859375,27790,0.0,0.0,2023-06-13
1068,2023-06-13 14:00:00-04:00,104.56999969482422,104.58000183105469,104.41000366210938,104.44000244140625,31994,0.0,0.0,2023-06-13
1069,2023-06-13 14:05:00-04:00,104.44999694824219,104.58000183105469,104.37750244140625,104.37750244140625,48321,0.0,0.0,2023-06-13
1070,2023-06-13 14:10:00-04:00,104.375,104.47000122070312,104.31999969482422,104.36000061035156,27388,0.0,0.0,2023-06-13
1071,2023-06-13 14:15:00-04:00,104.36000061035156,104.36000061035156,104.22000122070312,104.25,40876,0.0,0.0,2023-06-13
1072,2023-06-13 14:20:00-04:00,104.25,104.30999755859375,104.08100128173828,104.0999984741211,63439,0.0,0.0,2023-06-13
1073,2023-06-13 14:25:00-04:00,104.11499786376953,104.16999816894531,104.01000213623047,104.04000091552734,20897,0.0,0.0,2023-06-13
1074,2023-06-13 14:30:00-04:00,104.0199966430664,104.0199966430664,103.87999725341797,103.88999938964844,24957,0.0,0.0,2023-06-13
1075,2023-06-13 14:35:00-04:00,103.87999725341797,104.04499816894531,103.80590057373047,104.04499816894531,65742,0.0,0.0,2023-06-13
1076,2023-06-13 14:40:00-04:00,104.02999877929688,104.02999877929688,103.77999877929688,103.77999877929688,26596,0.0,0.0,2023-06-13
1077,2023-06-13 14:45:00-04:00,103.76000213623047,103.83999633789062,103.7300033569336,103.73999786376953,22115,0.0,0.0,2023-06-13
1078,2023-06-13 14:50:00-04:00,103.74500274658203,103.81999969482422,103.62000274658203,103.65499877929688,30982,0.0,0.0,2023-06-13
1079,2023-06-13 14:55:00-04:00,103.66000366210938,103.7699966430664,103.6500015258789,103.73999786376953,23751,0.0,0.0,2023-06-13
1080,2023-06-13 15:00:00-04:00,103.75,103.80999755859375,103.68000030517578,103.69499969482422,26914,0.0,0.0,2023-06-13
1081,2023-06-13 15:05:00-04:00,103.70500183105469,103.76000213623047,103.63999938964844,103.6500015258789,35908,0.0,0.0,2023-06-13
1082,2023-06-13 15:10:00-04:00,103.6500015258789,103.7699966430664,103.5999984741211,103.73500061035156,34691,0.0,0.0,2023-06-13
1083,2023-06-13 15:15:00-04:00,103.7300033569336,103.8499984741211,103.63999938964844,103.69000244140625,37456,0.0,0.0,2023-06-13
1084,2023-06-13 15:20:00-04:00,103.69999694824219,103.69999694824219,103.54000091552734,103.54000091552734,45654,0.0,0.0,2023-06-13
1085,2023-06-13 15:25:00-04:00,103.55500030517578,103.58000183105469,103.45999908447266,103.51000213623047,38418,0.0,0.0,2023-06-13
1086,2023-06-13 15:30:00-04:00,103.5199966430664,103.69999694824219,103.5199966430664,103.62660217285156,40374,0.0,0.0,2023-06-13
1087,2023-06-13 15:35:00-04:00,103.625,103.66000366210938,103.52999877929688,103.58000183105469,50450,0.0,0.0,2023-06-13
1088,2023-06-13 15:40:00-04:00,103.5999984741211,103.77999877929688,103.54000091552734,103.55000305175781,66851,0.0,0.0,2023-06-13
1089,2023-06-13 15:45:00-04:00,103.52999877929688,103.52999877929688,103.41000366210938,103.44000244140625,71221,0.0,0.0,2023-06-13
1090,2023-06-13 15:50:00-04:00,103.44999694824219,103.5,103.22000122070312,103.29000091552734,131311,0.0,0.0,2023-06-13
1091,2023-06-13 15:55:00-04:00,103.30000305175781,103.41999816894531,103.26499938964844,103.41000366210938,206573,0.0,0.0,2023-06-13
1092,2023-06-14 09:30:00-04:00,104.43000030517578,104.95069885253906,104.13999938964844,104.95069885253906,195698,0.0,0.0,2023-06-14
1093,2023-06-14 09:35:00-04:00,104.94999694824219,104.94999694824219,104.58999633789062,104.69999694824219,104465,0.0,0.0,2023-06-14
1094,2023-06-14 09:40:00-04:00,104.73999786376953,104.87000274658203,104.36000061035156,104.61720275878906,93730,0.0,0.0,2023-06-14
1095,2023-06-14 09:45:00-04:00,104.62000274658203,104.66999816894531,104.36000061035156,104.36000061035156,48650,0.0,0.0,2023-06-14
1096,2023-06-14 09:50:00-04:00,104.3499984741211,104.7300033569336,104.33000183105469,104.62999725341797,50368,0.0,0.0,2023-06-14
1097,2023-06-14 09:55:00-04:00,104.62999725341797,104.6500015258789,104.27999877929688,104.33000183105469,69515,0.0,0.0,2023-06-14
1098,2023-06-14 10:00:00-04:00,104.30999755859375,104.51499938964844,104.2699966430664,104.3499984741211,49480,0.0,0.0,2023-06-14
1099,2023-06-14 10:05:00-04:00,104.3499984741211,104.37000274658203,103.91000366210938,104.20999908447266,32129,0.0,0.0,2023-06-14
1100,2023-06-14 10:10:00-04:00,104.2249984741211,104.30999755859375,104.06999969482422,104.0999984741211,25708,0.0,0.0,2023-06-14
1101,2023-06-14 10:15:00-04:00,104.08999633789062,104.44999694824219,104.01000213623047,104.33999633789062,33200,0.0,0.0,2023-06-14
1102,2023-06-14 10:20:00-04:00,104.33000183105469,104.33000183105469,103.91000366210938,104.05999755859375,27691,0.0,0.0,2023-06-14
1103,2023-06-14 10:25:00-04:00,104.04000091552734,104.04000091552734,103.80999755859375,103.80999755859375,29984,0.0,0.0,2023-06-14
1104,2023-06-14 10:30:00-04:00,103.80000305175781,103.80000305175781,103.53500366210938,103.55999755859375,49789,0.0,0.0,2023-06-14
1105,2023-06-14 10:35:00-04:00,103.54000091552734,103.55999755859375,103.33000183105469,103.37000274658203,57732,0.0,0.0,2023-06-14
1106,2023-06-14 10:40:00-04:00,103.37030029296875,103.55999755859375,103.2699966430664,103.32499694824219,30512,0.0,0.0,2023-06-14
1107,2023-06-14 10:45:00-04:00,103.30999755859375,103.6500015258789,103.30999755859375,103.41999816894531,39328,0.0,0.0,2023-06-14
1108,2023-06-14 10:50:00-04:00,103.37999725341797,103.41000366210938,103.05999755859375,103.05999755859375,35447,0.0,0.0,2023-06-14
1109,2023-06-14 10:55:00-04:00,103.06999969482422,103.26000213623047,103.0199966430664,103.18499755859375,53445,0.0,0.0,2023-06-14
1110,2023-06-14 11:00:00-04:00,103.16999816894531,103.40139770507812,103.12999725341797,103.19999694824219,30404,0.0,0.0,2023-06-14
1111,2023-06-14 11:05:00-04:00,103.20999908447266,103.23999786376953,103.05000305175781,103.12999725341797,21592,0.0,0.0,2023-06-14
1112,2023-06-14 11:10:00-04:00,103.125,103.20999908447266,103.06999969482422,103.1500015258789,25763,0.0,0.0,2023-06-14
1113,2023-06-14 11:15:00-04:00,103.16000366210938,103.26000213623047,103.0199966430664,103.05999755859375,28323,0.0,0.0,2023-06-14
1114,2023-06-14 11:20:00-04:00,103.05999755859375,103.25,103.04000091552734,103.18000030517578,23906,0.0,0.0,2023-06-14
1115,2023-06-14 11:25:00-04:00,103.16000366210938,103.26000213623047,102.91500091552734,102.91999816894531,41221,0.0,0.0,2023-06-14
1116,2023-06-14 11:30:00-04:00,102.88999938964844,102.9800033569336,102.7699966430664,102.93000030517578,27897,0.0,0.0,2023-06-14
1117,2023-06-14 11:35:00-04:00,102.92479705810547,103.05999755859375,102.5999984741211,102.5999984741211,34513,0.0,0.0,2023-06-14
1118,2023-06-14 11:40:00-04:00,102.5999984741211,102.83999633789062,102.55999755859375,102.70999908447266,50197,0.0,0.0,2023-06-14
1119,2023-06-14 11:45:00-04:00,102.72000122070312,102.91999816894531,102.72000122070312,102.86000061035156,26054,0.0,0.0,2023-06-14
1120,2023-06-14 11:50:00-04:00,102.86000061035156,102.86000061035156,102.7249984741211,102.73500061035156,37317,0.0,0.0,2023-06-14
1121,2023-06-14 11:55:00-04:00,102.71499633789062,102.77999877929688,102.62000274658203,102.71499633789062,29852,0.0,0.0,2023-06-14
1122,2023-06-14 12:00:00-04:00,102.69000244140625,102.7300033569336,102.44499969482422,102.48999786376953,38700,0.0,0.0,2023-06-14
1123,2023-06-14 12:05:00-04:00,102.5,102.5,102.27999877929688,102.44999694824219,49824,0.0,0.0,2023-06-14
1124,2023-06-14 12:10:00-04:00,102.44000244140625,102.71499633789062,102.43000030517578,102.70999908447266,37054,0.0,0.0,2023-06-14
1125,2023-06-14 12:15:00-04:00,102.7300033569336,102.88870239257812,102.7300033569336,102.83999633789062,38706,0.0,0.0,2023-06-14
1126,2023-06-14 12:20:00-04:00,102.83999633789062,102.8550033569336,102.58000183105469,102.58000183105469,29090,0.0,0.0,2023-06-14
1127,2023-06-14 12:25:00-04:00,102.58499908447266,102.61000061035156,102.4800033569336,102.5,32887,0.0,0.0,2023-06-14
1128,2023-06-14 12:30:00-04:00,102.5,102.58499908447266,102.37999725341797,102.37999725341797,25668,0.0,0.0,2023-06-14
1129,2023-06-14 12:35:00-04:00,102.37999725341797,102.56999969482422,102.37000274658203,102.56999969482422,34344,0.0,0.0,2023-06-14
1130,2023-06-14 12:40:00-04:00,102.5999984741211,102.66999816894531,102.5,102.62999725341797,40641,0.0,0.0,2023-06-14
1131,2023-06-14 12:45:00-04:00,102.62999725341797,102.83000183105469,102.5999984741211,102.69999694824219,31515,0.0,0.0,2023-06-14
1132,2023-06-14 12:50:00-04:00,102.70999908447266,102.8949966430664,102.69000244140625,102.87000274658203,29895,0.0,0.0,2023-06-14
1133,2023-06-14 12:55:00-04:00,102.86000061035156,102.95999908447266,102.76000213623047,102.87000274658203,45763,0.0,0.0,2023-06-14
1134,2023-06-14 13:00:00-04:00,102.87000274658203,102.95999908447266,102.77999877929688,102.88999938964844,30391,0.0,0.0,2023-06-14
1135,2023-06-14 13:05:00-04:00,102.8499984741211,102.97000122070312,102.79000091552734,102.86000061035156,29374,0.0,0.0,2023-06-14
1136,2023-06-14 13:10:00-04:00,102.86280059814453,102.88999938964844,102.71499633789062,102.7300033569336,25077,0.0,0.0,2023-06-14
1137,2023-06-14 13:15:00-04:00,102.7249984741211,102.87999725341797,102.66000366210938,102.76000213623047,25514,0.0,0.0,2023-06-14
1138,2023-06-14 13:20:00-04:00,102.75,102.81999969482422,102.68000030517578,102.77999877929688,26986,0.0,0.0,2023-06-14
1139,2023-06-14 13:25:00-04:00,102.7699966430664,102.80999755859375,102.69999694824219,102.79000091552734,25699,0.0,0.0,2023-06-14
1140,2023-06-14 13:30:00-04:00,102.77999877929688,102.8499984741211,102.7300033569336,102.81999969482422,34849,0.0,0.0,2023-06-14
1141,2023-06-14 13:35:00-04:00,102.81999969482422,102.93000030517578,102.7699966430664,102.93000030517578,33922,0.0,0.0,2023-06-14
1142,2023-06-14 13:40:00-04:00,102.88999938964844,102.94999694824219,102.75,102.9000015258789,25530,0.0,0.0,2023-06-14
1143,2023-06-14 13:45:00-04:00,102.88999938964844,102.93000030517578,102.81999969482422,102.88999938964844,24501,0.0,0.0,2023-06-14
1144,2023-06-14 13:50:00-04:00,102.87999725341797,102.91999816894531,102.83000183105469,102.91000366210938,28177,0.0,0.0,2023-06-14
1145,2023-06-14 13:55:00-04:00,102.90059661865234,102.91500091552734,102.7699966430664,102.7699966430664,34241,0.0,0.0,2023-06-14
1146,2023-06-14 14:00:00-04:00,102.73999786376953,102.79000091552734,102.36000061035156,102.54499816894531,61187,0.0,0.0,2023-06-14
1147,2023-06-14 14:05:00-04:00,102.55999755859375,102.56999969482422,102.29000091552734,102.44999694824219,47797,0.0,0.0,2023-06-14
1148,2023-06-14 14:10:00-04:00,102.44499969482422,102.52999877929688,102.2300033569336,102.41000366210938,47602,0.0,0.0,2023-06-14
1149,2023-06-14 14:15:00-04:00,102.44000244140625,102.44000244140625,102.20999908447266,102.31999969482422,34819,0.0,0.0,2023-06-14
1150,2023-06-14 14:20:00-04:00,102.30000305175781,102.44000244140625,102.1500015258789,102.30000305175781,46721,0.0,0.0,2023-06-14
1151,2023-06-14 14:25:00-04:00,102.30000305175781,102.36000061035156,102.18000030517578,102.2300033569336,47319,0.0,0.0,2023-06-14
1152,2023-06-14 14:30:00-04:00,102.2249984741211,102.26000213623047,102.06500244140625,102.06500244140625,51725,0.0,0.0,2023-06-14
1153,2023-06-14 14:35:00-04:00,102.05000305175781,102.26000213623047,102.04000091552734,102.1449966430664,63538,0.0,0.0,2023-06-14
1154,2023-06-14 14:40:00-04:00,102.1500015258789,102.4000015258789,102.0999984741211,102.37000274658203,34864,0.0,0.0,2023-06-14
1155,2023-06-14 14:45:00-04:00,102.4000015258789,102.44999694824219,102.19999694824219,102.44999694824219,28259,0.0,0.0,2023-06-14
1156,2023-06-14 14:50:00-04:00,102.41999816894531,102.54000091552734,102.2699966430664,102.38999938964844,34793,0.0,0.0,2023-06-14
1157,2023-06-14 14:55:00-04:00,102.37999725341797,102.4800033569336,102.30999755859375,102.41999816894531,43234,0.0,0.0,2023-06-14
1158,2023-06-14 15:00:00-04:00,102.41000366210938,102.5,102.2699966430664,102.3949966430664,41697,0.0,0.0,2023-06-14
1159,2023-06-14 15:05:00-04:00,102.38999938964844,102.77999877929688,102.38999938964844,102.68499755859375,71058,0.0,0.0,2023-06-14
1160,2023-06-14 15:10:00-04:00,102.70999908447266,102.76000213623047,102.55000305175781,102.55999755859375,45450,0.0,0.0,2023-06-14
1161,2023-06-14 15:15:00-04:00,102.55000305175781,102.55000305175781,102.27999877929688,102.41000366210938,43082,0.0,0.0,2023-06-14
1162,2023-06-14 15:20:00-04:00,102.4000015258789,102.72000122070312,102.3499984741211,102.58999633789062,63857,0.0,0.0,2023-06-14
1163,2023-06-14 15:25:00-04:00,102.58499908447266,102.76000213623047,102.54000091552734,102.61000061035156,45712,0.0,0.0,2023-06-14
1164,2023-06-14 15:30:00-04:00,102.5999984741211,102.5999984741211,102.29000091552734,102.58000183105469,62912,0.0,0.0,2023-06-14
1165,2023-06-14 15:35:00-04:00,102.58499908447266,102.69000244140625,102.56500244140625,102.69000244140625,68826,0.0,0.0,2023-06-14
1166,2023-06-14 15:40:00-04:00,102.69000244140625,102.7300033569336,102.4000015258789,102.4800033569336,86749,0.0,0.0,2023-06-14
1167,2023-06-14 15:45:00-04:00,102.4800033569336,102.51000213623047,102.20999908447266,102.25,98470,0.0,0.0,2023-06-14
1168,2023-06-14 15:50:00-04:00,102.2300033569336,102.43000030517578,102.04000091552734,102.37999725341797,212057,0.0,0.0,2023-06-14
1169,2023-06-14 15:55:00-04:00,102.38990020751953,102.69000244140625,102.36000061035156,102.69000244140625,415135,0.0,0.0,2023-06-14
1170,2023-06-15 09:30:00-04:00,102.88999938964844,103.69999694824219,102.83000183105469,103.66999816894531,100142,0.0,0.0,2023-06-15
1171,2023-06-15 09:35:00-04:00,103.68000030517578,104.1050033569336,103.54000091552734,104.1050033569336,69343,0.0,0.0,2023-06-15
1172,2023-06-15 09:40:00-04:00,104.11499786376953,104.43000030517578,104.11000061035156,104.26000213623047,60436,0.0,0.0,2023-06-15
1173,2023-06-15 09:45:00-04:00,104.33999633789062,104.55999755859375,104.23999786376953,104.55000305175781,67882,0.0,0.0,2023-06-15
1174,2023-06-15 09:50:00-04:00,104.55229949951172,104.7750015258789,104.16999816894531,104.18000030517578,50216,0.0,0.0,2023-06-15
1175,2023-06-15 09:55:00-04:00,104.20999908447266,104.58999633789062,104.18000030517578,104.52999877929688,52119,0.0,0.0,2023-06-15
1176,2023-06-15 10:00:00-04:00,104.5199966430664,104.69499969482422,104.38999938964844,104.66000366210938,71590,0.0,0.0,2023-06-15
1177,2023-06-15 10:05:00-04:00,104.66999816894531,104.79000091552734,104.5250015258789,104.54000091552734,59030,0.0,0.0,2023-06-15
1178,2023-06-15 10:10:00-04:00,104.54000091552734,104.66000366210938,104.44999694824219,104.51000213623047,45334,0.0,0.0,2023-06-15
1179,2023-06-15 10:15:00-04:00,104.5,104.56500244140625,104.27999877929688,104.52999877929688,56077,0.0,0.0,2023-06-15
1180,2023-06-15 10:20:00-04:00,104.5199966430664,104.5250015258789,104.02999877929688,104.06999969482422,50533,0.0,0.0,2023-06-15
1181,2023-06-15 10:25:00-04:00,104.06999969482422,104.23999786376953,103.98999786376953,104.08499908447266,45382,0.0,0.0,2023-06-15
1182,2023-06-15 10:30:00-04:00,104.12999725341797,104.58000183105469,104.12999725341797,104.54000091552734,33169,0.0,0.0,2023-06-15
1183,2023-06-15 10:35:00-04:00,104.55000305175781,104.58999633789062,104.33999633789062,104.38999938964844,38663,0.0,0.0,2023-06-15
1184,2023-06-15 10:40:00-04:00,104.37000274658203,104.55000305175781,104.2699966430664,104.4800033569336,33363,0.0,0.0,2023-06-15
1185,2023-06-15 10:45:00-04:00,104.48999786376953,104.52999877929688,104.33999633789062,104.48999786376953,40187,0.0,0.0,2023-06-15
1186,2023-06-15 10:50:00-04:00,104.4800033569336,104.56999969482422,104.37000274658203,104.4800033569336,34544,0.0,0.0,2023-06-15
1187,2023-06-15 10:55:00-04:00,104.45999908447266,104.55000305175781,104.30999755859375,104.55000305175781,55379,0.0,0.0,2023-06-15
1188,2023-06-15 11:00:00-04:00,104.54000091552734,104.5999984741211,104.44999694824219,104.55000305175781,37305,0.0,0.0,2023-06-15
1189,2023-06-15 11:05:00-04:00,104.55999755859375,104.58499908447266,104.41999816894531,104.58499908447266,22608,0.0,0.0,2023-06-15
1190,2023-06-15 11:10:00-04:00,104.58000183105469,104.75,104.55000305175781,104.69000244140625,25835,0.0,0.0,2023-06-15
1191,2023-06-15 11:15:00-04:00,104.68000030517578,104.9800033569336,104.68000030517578,104.8499984741211,43998,0.0,0.0,2023-06-15
1192,2023-06-15 11:20:00-04:00,104.86000061035156,105.30999755859375,104.86000061035156,105.19999694824219,81445,0.0,0.0,2023-06-15
1193,2023-06-15 11:25:00-04:00,105.19999694824219,105.26499938964844,105.12999725341797,105.13999938964844,63906,0.0,0.0,2023-06-15
1194,2023-06-15 11:30:00-04:00,105.13500213623047,105.1500015258789,104.95999908447266,105.0,52886,0.0,0.0,2023-06-15
1195,2023-06-15 11:35:00-04:00,105.0,105.18499755859375,104.91999816894531,105.17500305175781,101475,0.0,0.0,2023-06-15
1196,2023-06-15 11:40:00-04:00,105.19999694824219,105.20999908447266,104.99500274658203,105.06999969482422,55180,0.0,0.0,2023-06-15
1197,2023-06-15 11:45:00-04:00,105.05999755859375,105.13500213623047,104.9800033569336,105.01000213623047,52255,0.0,0.0,2023-06-15
1198,2023-06-15 11:50:00-04:00,105.0199966430664,105.1500015258789,104.99500274658203,105.08000183105469,24555,0.0,0.0,2023-06-15
1199,2023-06-15 11:55:00-04:00,105.11000061035156,105.11000061035156,104.80000305175781,104.90499877929688,24682,0.0,0.0,2023-06-15
1200,2023-06-15 12:00:00-04:00,104.9000015258789,104.90499877929688,104.61000061035156,104.66000366210938,26797,0.0,0.0,2023-06-15
1201,2023-06-15 12:05:00-04:00,104.68499755859375,104.68499755859375,104.5199966430664,104.62000274658203,17660,0.0,0.0,2023-06-15
1202,2023-06-15 12:10:00-04:00,104.63999938964844,104.63999938964844,104.34500122070312,104.44000244140625,22835,0.0,0.0,2023-06-15
1203,2023-06-15 12:15:00-04:00,104.44000244140625,104.4800033569336,104.37999725341797,104.4800033569336,21163,0.0,0.0,2023-06-15
1204,2023-06-15 12:20:00-04:00,104.50499725341797,104.5199966430664,104.26000213623047,104.28500366210938,26942,0.0,0.0,2023-06-15
1205,2023-06-15 12:25:00-04:00,104.26000213623047,104.5,104.26000213623047,104.47550201416016,18955,0.0,0.0,2023-06-15
1206,2023-06-15 12:30:00-04:00,104.47250366210938,104.47250366210938,104.3333969116211,104.3550033569336,33308,0.0,0.0,2023-06-15
1207,2023-06-15 12:35:00-04:00,104.37000274658203,104.47000122070312,104.30500030517578,104.31999969482422,30792,0.0,0.0,2023-06-15
1208,2023-06-15 12:40:00-04:00,104.31999969482422,104.36499786376953,104.26000213623047,104.29000091552734,22348,0.0,0.0,2023-06-15
1209,2023-06-15 12:45:00-04:00,104.25,104.2699966430664,104.12999725341797,104.18000030517578,18552,0.0,0.0,2023-06-15
1210,2023-06-15 12:50:00-04:00,104.16999816894531,104.16999816894531,104.00499725341797,104.01000213623047,23320,0.0,0.0,2023-06-15
1211,2023-06-15 12:55:00-04:00,104.00330352783203,104.06999969482422,103.97000122070312,104.00350189208984,23233,0.0,0.0,2023-06-15
1212,2023-06-15 13:00:00-04:00,104.01000213623047,104.01000213623047,103.77999877929688,103.79499816894531,21735,0.0,0.0,2023-06-15
1213,2023-06-15 13:05:00-04:00,103.79000091552734,103.88999938964844,103.72000122070312,103.80000305175781,74990,0.0,0.0,2023-06-15
1214,2023-06-15 13:10:00-04:00,103.82499694824219,104.05999755859375,103.82499694824219,104.02999877929688,48867,0.0,0.0,2023-06-15
1215,2023-06-15 13:15:00-04:00,104.0199966430664,104.02999877929688,103.88780212402344,103.9800033569336,44829,0.0,0.0,2023-06-15
1216,2023-06-15 13:20:00-04:00,103.98999786376953,103.99140167236328,103.8949966430664,103.9000015258789,36443,0.0,0.0,2023-06-15
1217,2023-06-15 13:25:00-04:00,103.9000015258789,104.14009857177734,103.87999725341797,104.14009857177734,40151,0.0,0.0,2023-06-15
1218,2023-06-15 13:30:00-04:00,104.1500015258789,104.2300033569336,104.06999969482422,104.19999694824219,31544,0.0,0.0,2023-06-15
1219,2023-06-15 13:35:00-04:00,104.19000244140625,104.26000213623047,104.16000366210938,104.26000213623047,19123,0.0,0.0,2023-06-15
1220,2023-06-15 13:40:00-04:00,104.29000091552734,104.29000091552734,104.17500305175781,104.23999786376953,25336,0.0,0.0,2023-06-15
1221,2023-06-15 13:45:00-04:00,104.2300033569336,104.37000274658203,104.1802978515625,104.3499984741211,22661,0.0,0.0,2023-06-15
1222,2023-06-15 13:50:00-04:00,104.36000061035156,104.44000244140625,104.30000305175781,104.30500030517578,16619,0.0,0.0,2023-06-15
1223,2023-06-15 13:55:00-04:00,104.30500030517578,104.36000061035156,104.19999694824219,104.2300033569336,25607,0.0,0.0,2023-06-15
1224,2023-06-15 14:00:00-04:00,104.23500061035156,104.27999877929688,104.1449966430664,104.19000244140625,19731,0.0,0.0,2023-06-15
1225,2023-06-15 14:05:00-04:00,104.23500061035156,104.26000213623047,104.06210327148438,104.16000366210938,34847,0.0,0.0,2023-06-15
1226,2023-06-15 14:10:00-04:00,104.16999816894531,104.29000091552734,104.16500091552734,104.23500061035156,26628,0.0,0.0,2023-06-15
1227,2023-06-15 14:15:00-04:00,104.23999786376953,104.29000091552734,104.12999725341797,104.16000366210938,50293,0.0,0.0,2023-06-15
1228,2023-06-15 14:20:00-04:00,104.16999816894531,104.26000213623047,104.12000274658203,104.23999786376953,31238,0.0,0.0,2023-06-15
1229,2023-06-15 14:25:00-04:00,104.2300033569336,104.29000091552734,104.19000244140625,104.25,21643,0.0,0.0,2023-06-15
1230,2023-06-15 14:30:00-04:00,104.25,104.26000213623047,104.0,104.19999694824219,117566,0.0,0.0,2023-06-15
1231,2023-06-15 14:35:00-04:00,104.2300033569336,104.30999755859375,104.20999908447266,104.21499633789062,29025,0.0,0.0,2023-06-15
1232,2023-06-15 14:40:00-04:00,104.19000244140625,104.20999908447266,104.08499908447266,104.16000366210938,29085,0.0,0.0,2023-06-15
1233,2023-06-15 14:45:00-04:00,104.16999816894531,104.19999694824219,104.08999633789062,104.12999725341797,25664,0.0,0.0,2023-06-15
1234,2023-06-15 14:50:00-04:00,104.12000274658203,104.29000091552734,104.12000274658203,104.29000091552734,26186,0.0,0.0,2023-06-15
1235,2023-06-15 14:55:00-04:00,104.30999755859375,104.45999908447266,104.27999877929688,104.44000244140625,58322,0.0,0.0,2023-06-15
1236,2023-06-15 15:00:00-04:00,104.44999694824219,104.48999786376953,104.30000305175781,104.33000183105469,39239,0.0,0.0,2023-06-15
1237,2023-06-15 15:05:00-04:00,104.33999633789062,104.41999816894531,104.26000213623047,104.38999938964844,62553,0.0,0.0,2023-06-15
1238,2023-06-15 15:10:00-04:00,104.38999938964844,104.54000091552734,104.37999725341797,104.53500366210938,41861,0.0,0.0,2023-06-15
1239,2023-06-15 15:15:00-04:00,104.55999755859375,104.56999969482422,104.43000030517578,104.45999908447266,52410,0.0,0.0,2023-06-15
1240,2023-06-15 15:20:00-04:00,104.45500183105469,104.46499633789062,104.31999969482422,104.33999633789062,39853,0.0,0.0,2023-06-15
1241,2023-06-15 15:25:00-04:00,104.31999969482422,104.41999816894531,104.26000213623047,104.40499877929688,46573,0.0,0.0,2023-06-15
1242,2023-06-15 15:30:00-04:00,104.41999816894531,104.41999816894531,104.27999877929688,104.30999755859375,50642,0.0,0.0,2023-06-15
1243,2023-06-15 15:35:00-04:00,104.31999969482422,104.32499694824219,104.06999969482422,104.12000274658203,93304,0.0,0.0,2023-06-15
1244,2023-06-15 15:40:00-04:00,104.11000061035156,104.25499725341797,104.05999755859375,104.18000030517578,50159,0.0,0.0,2023-06-15
1245,2023-06-15 15:45:00-04:00,104.18000030517578,104.23999786376953,104.0199966430664,104.08000183105469,70746,0.0,0.0,2023-06-15
1246,2023-06-15 15:50:00-04:00,104.11000061035156,104.19000244140625,104.08000183105469,104.13009643554688,99167,0.0,0.0,2023-06-15
1247,2023-06-15 15:55:00-04:00,104.12999725341797,104.16999816894531,103.91500091552734,104.16999816894531,285181,0.0,0.0,2023-06-15
1248,2023-06-16 09:30:00-04:00,104.86000061035156,105.29000091552734,104.47000122070312,105.25499725341797,1205314,0.0,0.0,2023-06-16
1249,2023-06-16 09:35:00-04:00,105.30000305175781,105.44999694824219,104.98999786376953,105.12000274658203,81091,0.0,0.0,2023-06-16
1250,2023-06-16 09:40:00-04:00,105.13999938964844,105.26000213623047,104.80999755859375,105.02999877929688,82079,0.0,0.0,2023-06-16
1251,2023-06-16 09:45:00-04:00,105.0062026977539,105.0062026977539,104.5250015258789,104.80999755859375,45059,0.0,0.0,2023-06-16
1252,2023-06-16 09:50:00-04:00,104.76000213623047,104.91999816894531,104.62000274658203,104.66999816894531,159982,0.0,0.0,2023-06-16
1253,2023-06-16 09:55:00-04:00,104.66000366210938,104.81999969482422,104.59500122070312,104.76129913330078,36448,0.0,0.0,2023-06-16
1254,2023-06-16 10:00:00-04:00,104.76000213623047,105.02999877929688,104.76000213623047,104.91999816894531,48214,0.0,0.0,2023-06-16
1255,2023-06-16 10:05:00-04:00,105.0,105.12000274658203,104.80000305175781,105.08999633789062,42839,0.0,0.0,2023-06-16
1256,2023-06-16 10:10:00-04:00,105.0999984741211,105.19999694824219,104.94000244140625,104.94000244140625,37352,0.0,0.0,2023-06-16
1257,2023-06-16 10:15:00-04:00,104.93000030517578,105.12999725341797,104.83000183105469,104.83000183105469,35047,0.0,0.0,2023-06-16
1258,2023-06-16 10:20:00-04:00,104.81999969482422,105.03500366210938,104.7699966430664,104.88999938964844,39747,0.0,0.0,2023-06-16
1259,2023-06-16 10:25:00-04:00,104.9000015258789,105.05000305175781,104.86000061035156,104.9800033569336,37391,0.0,0.0,2023-06-16
1260,2023-06-16 10:30:00-04:00,105.0,105.12999725341797,104.94999694824219,105.08000183105469,31503,0.0,0.0,2023-06-16
1261,2023-06-16 10:35:00-04:00,105.08999633789062,105.08999633789062,104.63999938964844,104.66000366210938,33122,0.0,0.0,2023-06-16
1262,2023-06-16 10:40:00-04:00,104.63999938964844,104.65499877929688,104.44999694824219,104.47989654541016,35094,0.0,0.0,2023-06-16
1263,2023-06-16 10:45:00-04:00,104.5,104.62319946289062,104.37999725341797,104.55999755859375,38044,0.0,0.0,2023-06-16
1264,2023-06-16 10:50:00-04:00,104.54000091552734,104.83000183105469,104.52999877929688,104.83000183105469,32429,0.0,0.0,2023-06-16
1265,2023-06-16 10:55:00-04:00,104.80999755859375,104.91999816894531,104.7699966430664,104.90979766845703,34136,0.0,0.0,2023-06-16
1266,2023-06-16 11:00:00-04:00,104.88999938964844,104.88999938964844,104.58999633789062,104.62000274658203,34841,0.0,0.0,2023-06-16
1267,2023-06-16 11:05:00-04:00,104.62999725341797,104.66000366210938,104.41999816894531,104.63999938964844,26742,0.0,0.0,2023-06-16
1268,2023-06-16 11:10:00-04:00,104.63999938964844,104.66000366210938,104.41000366210938,104.47000122070312,38215,0.0,0.0,2023-06-16
1269,2023-06-16 11:15:00-04:00,104.45999908447266,104.45999908447266,104.27999877929688,104.38500213623047,168160,0.0,0.0,2023-06-16
1270,2023-06-16 11:20:00-04:00,104.38999938964844,104.4000015258789,104.22000122070312,104.27999877929688,33003,0.0,0.0,2023-06-16
1271,2023-06-16 11:25:00-04:00,104.2699966430664,104.38999938964844,104.2300033569336,104.38069915771484,24102,0.0,0.0,2023-06-16
1272,2023-06-16 11:30:00-04:00,104.4000015258789,104.5999984741211,104.4000015258789,104.5999984741211,26374,0.0,0.0,2023-06-16
1273,2023-06-16 11:35:00-04:00,104.58999633789062,104.58999633789062,104.32499694824219,104.32499694824219,142028,0.0,0.0,2023-06-16
1274,2023-06-16 11:40:00-04:00,104.3499984741211,104.6500015258789,104.3499984741211,104.62999725341797,22516,0.0,0.0,2023-06-16
1275,2023-06-16 11:45:00-04:00,104.62999725341797,104.69000244140625,104.45999908447266,104.55000305175781,49490,0.0,0.0,2023-06-16
1276,2023-06-16 11:50:00-04:00,104.54000091552734,104.56999969482422,104.36000061035156,104.56999969482422,19491,0.0,0.0,2023-06-16
1277,2023-06-16 11:55:00-04:00,104.58499908447266,104.7699966430664,104.58499908447266,104.69999694824219,32769,0.0,0.0,2023-06-16
1278,2023-06-16 12:00:00-04:00,104.72000122070312,104.7699966430664,104.66000366210938,104.69999694824219,20098,0.0,0.0,2023-06-16
1279,2023-06-16 12:05:00-04:00,104.72000122070312,104.7300033569336,104.51000213623047,104.58999633789062,23848,0.0,0.0,2023-06-16
1280,2023-06-16 12:10:00-04:00,104.61000061035156,104.62999725341797,104.48999786376953,104.5999984741211,24052,0.0,0.0,2023-06-16
1281,2023-06-16 12:15:00-04:00,104.58000183105469,104.83999633789062,104.58000183105469,104.83000183105469,23519,0.0,0.0,2023-06-16
1282,2023-06-16 12:20:00-04:00,104.83499908447266,104.95500183105469,104.77999877929688,104.87999725341797,37015,0.0,0.0,2023-06-16
1283,2023-06-16 12:25:00-04:00,104.9000015258789,104.93000030517578,104.83000183105469,104.91999816894531,22439,0.0,0.0,2023-06-16
1284,2023-06-16 12:30:00-04:00,104.92350006103516,104.9800033569336,104.875,104.88999938964844,29673,0.0,0.0,2023-06-16
1285,2023-06-16 12:35:00-04:00,104.88999938964844,104.91999816894531,104.83000183105469,104.9000015258789,29833,0.0,0.0,2023-06-16
1286,2023-06-16 12:40:00-04:00,104.88999938964844,105.06999969482422,104.87000274658203,105.0,34286,0.0,0.0,2023-06-16
1287,2023-06-16 12:45:00-04:00,105.0,105.13999938964844,104.95500183105469,105.08999633789062,24197,0.0,0.0,2023-06-16
1288,2023-06-16 12:50:00-04:00,105.06999969482422,105.16000366210938,105.05000305175781,105.16000366210938,26381,0.0,0.0,2023-06-16
1289,2023-06-16 12:55:00-04:00,105.16999816894531,105.2300033569336,105.16000366210938,105.19000244140625,34863,0.0,0.0,2023-06-16
1290,2023-06-16 13:00:00-04:00,105.22000122070312,105.38999938964844,105.22000122070312,105.29000091552734,46907,0.0,0.0,2023-06-16
1291,2023-06-16 13:05:00-04:00,105.29000091552734,105.34500122070312,105.19999694824219,105.30999755859375,30746,0.0,0.0,2023-06-16
1292,2023-06-16 13:10:00-04:00,105.33000183105469,105.44000244140625,105.32129669189453,105.43000030517578,30367,0.0,0.0,2023-06-16
1293,2023-06-16 13:15:00-04:00,105.43000030517578,105.4800033569336,105.36499786376953,105.41000366210938,26620,0.0,0.0,2023-06-16
1294,2023-06-16 13:20:00-04:00,105.4000015258789,105.4000015258789,105.30000305175781,105.36000061035156,27579,0.0,0.0,2023-06-16
1295,2023-06-16 13:25:00-04:00,105.36000061035156,105.41999816894531,105.29000091552734,105.30000305175781,24295,0.0,0.0,2023-06-16
1296,2023-06-16 13:30:00-04:00,105.29000091552734,105.29000091552734,105.1500015258789,105.26000213623047,37488,0.0,0.0,2023-06-16
1297,2023-06-16 13:35:00-04:00,105.29000091552734,105.30999755859375,105.19000244140625,105.2300033569336,30604,0.0,0.0,2023-06-16
1298,2023-06-16 13:40:00-04:00,105.23999786376953,105.2699966430664,105.16000366210938,105.22000122070312,20173,0.0,0.0,2023-06-16
1299,2023-06-16 13:45:00-04:00,105.22000122070312,105.30000305175781,105.22000122070312,105.25,40238,0.0,0.0,2023-06-16
1300,2023-06-16 13:50:00-04:00,105.25499725341797,105.41230010986328,105.25499725341797,105.38999938964844,28932,0.0,0.0,2023-06-16
1301,2023-06-16 13:55:00-04:00,105.4000015258789,105.4800033569336,105.37000274658203,105.45999908447266,26886,0.0,0.0,2023-06-16
1302,2023-06-16 14:00:00-04:00,105.44999694824219,105.44999694824219,105.33000183105469,105.3499984741211,57678,0.0,0.0,2023-06-16
1303,2023-06-16 14:05:00-04:00,105.36000061035156,105.4000015258789,105.2300033569336,105.29000091552734,42734,0.0,0.0,2023-06-16
1304,2023-06-16 14:10:00-04:00,105.29000091552734,105.36000061035156,105.19999694824219,105.2300033569336,33803,0.0,0.0,2023-06-16
1305,2023-06-16 14:15:00-04:00,105.2300033569336,105.33000183105469,105.20999908447266,105.26000213623047,33122,0.0,0.0,2023-06-16
1306,2023-06-16 14:20:00-04:00,105.29000091552734,105.3499984741211,105.23999786376953,105.33000183105469,35359,0.0,0.0,2023-06-16
1307,2023-06-16 14:25:00-04:00,105.33000183105469,105.43000030517578,105.2699966430664,105.4000015258789,63062,0.0,0.0,2023-06-16
1308,2023-06-16 14:30:00-04:00,105.41000366210938,105.41000366210938,105.20999908447266,105.23999786376953,42319,0.0,0.0,2023-06-16
1309,2023-06-16 14:35:00-04:00,105.2300033569336,105.30999755859375,105.18499755859375,105.23999786376953,46487,0.0,0.0,2023-06-16
1310,2023-06-16 14:40:00-04:00,105.23999786376953,105.33000183105469,105.21990203857422,105.2300033569336,46872,0.0,0.0,2023-06-16
1311,2023-06-16 14:45:00-04:00,105.2300033569336,105.28250122070312,105.1500015258789,105.1500015258789,34958,0.0,0.0,2023-06-16
1312,2023-06-16 14:50:00-04:00,105.16999816894531,105.23999786376953,105.09500122070312,105.12000274658203,45092,0.0,0.0,2023-06-16
1313,2023-06-16 14:55:00-04:00,105.11000061035156,105.13999938964844,104.98999786376953,104.99240112304688,37532,0.0,0.0,2023-06-16
1314,2023-06-16 15:00:00-04:00,104.99369812011719,105.01000213623047,104.80500030517578,104.87999725341797,51140,0.0,0.0,2023-06-16
1315,2023-06-16 15:05:00-04:00,104.87000274658203,104.87999725341797,104.66999816894531,104.66999816894531,46841,0.0,0.0,2023-06-16
1316,2023-06-16 15:10:00-04:00,104.66000366210938,104.70999908447266,104.55000305175781,104.55999755859375,43286,0.0,0.0,2023-06-16
1317,2023-06-16 15:15:00-04:00,104.58940124511719,104.66000366210938,104.5199966430664,104.58999633789062,54896,0.0,0.0,2023-06-16
1318,2023-06-16 15:20:00-04:00,104.61000061035156,104.75499725341797,104.61000061035156,104.69999694824219,57031,0.0,0.0,2023-06-16
1319,2023-06-16 15:25:00-04:00,104.69000244140625,104.72000122070312,104.58000183105469,104.58999633789062,58560,0.0,0.0,2023-06-16
1320,2023-06-16 15:30:00-04:00,104.56999969482422,104.75,104.55000305175781,104.73999786376953,71699,0.0,0.0,2023-06-16
1321,2023-06-16 15:35:00-04:00,104.73999786376953,104.86000061035156,104.72000122070312,104.79000091552734,101495,0.0,0.0,2023-06-16
1322,2023-06-16 15:40:00-04:00,104.80000305175781,104.90499877929688,104.76000213623047,104.7699966430664,85818,0.0,0.0,2023-06-16
1323,2023-06-16 15:45:00-04:00,104.76499938964844,104.93499755859375,104.76000213623047,104.93000030517578,120907,0.0,0.0,2023-06-16
1324,2023-06-16 15:50:00-04:00,104.94000244140625,105.11000061035156,104.9000015258789,104.94999694824219,184788,0.0,0.0,2023-06-16
1325,2023-06-16 15:55:00-04:00,104.94999694824219,105.0199966430664,104.87000274658203,104.93000030517578,448276,0.0,0.0,2023-06-16
1326,2023-06-20 09:30:00-04:00,104.12999725341797,104.75,103.72000122070312,103.80000305175781,190466,0.0,0.0,2023-06-20
1327,2023-06-20 09:35:00-04:00,103.76000213623047,103.83000183105469,103.33180236816406,103.41000366210938,86327,0.0,0.0,2023-06-20
1328,2023-06-20 09:40:00-04:00,103.4000015258789,103.4800033569336,102.80000305175781,102.93000030517578,246660,0.0,0.0,2023-06-20
1329,2023-06-20 09:45:00-04:00,102.9000015258789,102.95899963378906,102.30500030517578,102.3499984741211,92874,0.0,0.0,2023-06-20
1330,2023-06-20 09:50:00-04:00,102.31999969482422,102.66000366210938,102.12999725341797,102.56999969482422,79070,0.0,0.0,2023-06-20
1331,2023-06-20 09:55:00-04:00,102.60130310058594,102.63999938964844,102.27999877929688,102.62000274658203,72517,0.0,0.0,2023-06-20
1332,2023-06-20 10:00:00-04:00,102.62999725341797,102.80500030517578,102.41999816894531,102.43000030517578,64560,0.0,0.0,2023-06-20
1333,2023-06-20 10:05:00-04:00,102.41000366210938,102.51000213623047,102.26000213623047,102.41999816894531,51515,0.0,0.0,2023-06-20
1334,2023-06-20 10:10:00-04:00,102.41000366210938,102.54000091552734,102.23999786376953,102.37000274658203,51709,0.0,0.0,2023-06-20
1335,2023-06-20 10:15:00-04:00,102.4000015258789,102.5999984741211,102.29000091552734,102.37999725341797,133010,0.0,0.0,2023-06-20
1336,2023-06-20 10:20:00-04:00,102.3499984741211,102.51000213623047,102.23999786376953,102.42500305175781,73554,0.0,0.0,2023-06-20
1337,2023-06-20 10:25:00-04:00,102.41500091552734,102.45999908447266,102.0999984741211,102.0999984741211,136082,0.0,0.0,2023-06-20
1338,2023-06-20 10:30:00-04:00,102.0999984741211,102.51000213623047,102.08000183105469,102.38999938964844,71105,0.0,0.0,2023-06-20
1339,2023-06-20 10:35:00-04:00,102.38999938964844,102.41000366210938,102.2300033569336,102.25,70642,0.0,0.0,2023-06-20
1340,2023-06-20 10:40:00-04:00,102.23999786376953,102.44000244140625,102.16999816894531,102.34500122070312,56623,0.0,0.0,2023-06-20
1341,2023-06-20 10:45:00-04:00,102.36000061035156,102.5250015258789,102.21499633789062,102.37000274658203,97456,0.0,0.0,2023-06-20
1342,2023-06-20 10:50:00-04:00,102.36000061035156,102.54000091552734,102.27999877929688,102.41000366210938,71973,0.0,0.0,2023-06-20
1343,2023-06-20 10:55:00-04:00,102.43499755859375,102.45999908447266,102.22000122070312,102.30999755859375,73721,0.0,0.0,2023-06-20
1344,2023-06-20 11:00:00-04:00,102.30999755859375,102.55000305175781,102.30000305175781,102.44999694824219,44641,0.0,0.0,2023-06-20
1345,2023-06-20 11:05:00-04:00,102.44999694824219,102.45999908447266,102.21499633789062,102.29000091552734,46306,0.0,0.0,2023-06-20
1346,2023-06-20 11:10:00-04:00,102.30000305175781,102.44999694824219,102.26000213623047,102.43000030517578,59437,0.0,0.0,2023-06-20
1347,2023-06-20 11:15:00-04:00,102.45999908447266,102.50499725341797,102.22000122070312,102.23999786376953,64273,0.0,0.0,2023-06-20
1348,2023-06-20 11:20:00-04:00,102.19999694824219,102.26000213623047,102.04000091552734,102.05999755859375,48900,0.0,0.0,2023-06-20
1349,2023-06-20 11:25:00-04:00,102.06999969482422,102.08000183105469,101.96060180664062,101.98500061035156,105036,0.0,0.0,2023-06-20
1350,2023-06-20 11:30:00-04:00,101.98999786376953,101.99500274658203,101.77999877929688,101.81999969482422,68057,0.0,0.0,2023-06-20
1351,2023-06-20 11:35:00-04:00,101.81500244140625,101.86000061035156,101.44000244140625,101.48500061035156,55061,0.0,0.0,2023-06-20
1352,2023-06-20 11:40:00-04:00,101.48999786376953,101.79000091552734,101.4800033569336,101.7750015258789,50714,0.0,0.0,2023-06-20
1353,2023-06-20 11:45:00-04:00,101.7699966430664,101.88999938964844,101.66000366210938,101.7300033569336,48717,0.0,0.0,2023-06-20
1354,2023-06-20 11:50:00-04:00,101.7300033569336,101.8499984741211,101.61000061035156,101.69999694824219,84360,0.0,0.0,2023-06-20
1355,2023-06-20 11:55:00-04:00,101.70999908447266,101.80000305175781,101.56999969482422,101.61000061035156,45801,0.0,0.0,2023-06-20
1356,2023-06-20 12:00:00-04:00,101.61000061035156,101.86499786376953,101.56999969482422,101.80999755859375,64836,0.0,0.0,2023-06-20
1357,2023-06-20 12:05:00-04:00,101.80999755859375,101.87999725341797,101.66999816894531,101.75,68652,0.0,0.0,2023-06-20
1358,2023-06-20 12:10:00-04:00,101.7300033569336,101.79499816894531,101.51000213623047,101.54000091552734,91450,0.0,0.0,2023-06-20
1359,2023-06-20 12:15:00-04:00,101.5,101.55000305175781,101.30500030517578,101.31999969482422,105427,0.0,0.0,2023-06-20
1360,2023-06-20 12:20:00-04:00,101.32009887695312,101.45500183105469,101.22000122070312,101.23999786376953,85728,0.0,0.0,2023-06-20
1361,2023-06-20 12:25:00-04:00,101.23999786376953,101.44999694824219,101.20999908447266,101.20999908447266,66326,0.0,0.0,2023-06-20
1362,2023-06-20 12:30:00-04:00,101.2300033569336,101.25,101.0199966430664,101.18000030517578,80494,0.0,0.0,2023-06-20
1363,2023-06-20 12:35:00-04:00,101.19000244140625,101.3550033569336,101.19000244140625,101.19000244140625,50948,0.0,0.0,2023-06-20
1364,2023-06-20 12:40:00-04:00,101.19499969482422,101.41999816894531,101.13999938964844,101.1449966430664,61945,0.0,0.0,2023-06-20
1365,2023-06-20 12:45:00-04:00,101.12999725341797,101.44999694824219,101.12999725341797,101.44000244140625,127669,0.0,0.0,2023-06-20
1366,2023-06-20 12:50:00-04:00,101.43000030517578,101.62000274658203,101.41000366210938,101.5199966430664,195522,0.0,0.0,2023-06-20
1367,2023-06-20 12:55:00-04:00,101.54000091552734,101.62000274658203,101.41999816894531,101.5999984741211,39663,0.0,0.0,2023-06-20
1368,2023-06-20 13:00:00-04:00,101.61100006103516,101.63999938964844,101.44999694824219,101.44999694824219,28111,0.0,0.0,2023-06-20
1369,2023-06-20 13:05:00-04:00,101.44499969482422,101.52999877929688,101.37000274658203,101.51499938964844,44797,0.0,0.0,2023-06-20
1370,2023-06-20 13:10:00-04:00,101.54000091552734,101.54499816894531,101.34500122070312,101.47000122070312,47422,0.0,0.0,2023-06-20
1371,2023-06-20 13:15:00-04:00,101.46299743652344,101.70999908447266,101.46299743652344,101.66000366210938,36729,0.0,0.0,2023-06-20
1372,2023-06-20 13:20:00-04:00,101.66999816894531,101.9000015258789,101.62000274658203,101.83999633789062,60982,0.0,0.0,2023-06-20
1373,2023-06-20 13:25:00-04:00,101.83000183105469,101.88999938964844,101.72000122070312,101.80999755859375,46018,0.0,0.0,2023-06-20
1374,2023-06-20 13:30:00-04:00,101.80000305175781,101.87000274658203,101.70999908447266,101.75,35680,0.0,0.0,2023-06-20
1375,2023-06-20 13:35:00-04:00,101.77999877929688,101.87999725341797,101.63999938964844,101.65499877929688,49698,0.0,0.0,2023-06-20
1376,2023-06-20 13:40:00-04:00,101.66000366210938,101.66999816894531,101.58000183105469,101.58999633789062,35179,0.0,0.0,2023-06-20
1377,2023-06-20 13:45:00-04:00,101.58999633789062,101.69999694824219,101.55999755859375,101.69499969482422,35559,0.0,0.0,2023-06-20
1378,2023-06-20 13:50:00-04:00,101.69499969482422,101.76000213623047,101.62000274658203,101.66000366210938,37822,0.0,0.0,2023-06-20
1379,2023-06-20 13:55:00-04:00,101.66999816894531,101.68000030517578,101.55000305175781,101.5999984741211,34898,0.0,0.0,2023-06-20
1380,2023-06-20 14:00:00-04:00,101.5999984741211,101.69000244140625,101.57499694824219,101.61000061035156,39688,0.0,0.0,2023-06-20
1381,2023-06-20 14:05:00-04:00,101.62000274658203,101.62999725341797,101.43000030517578,101.48999786376953,57914,0.0,0.0,2023-06-20
1382,2023-06-20 14:10:00-04:00,101.49500274658203,101.57499694824219,101.48500061035156,101.54000091552734,40541,0.0,0.0,2023-06-20
1383,2023-06-20 14:15:00-04:00,101.55000305175781,101.61000061035156,101.44999694824219,101.52999877929688,89495,0.0,0.0,2023-06-20
1384,2023-06-20 14:20:00-04:00,101.55999755859375,101.68000030517578,101.55000305175781,101.66000366210938,49359,0.0,0.0,2023-06-20
1385,2023-06-20 14:25:00-04:00,101.66000366210938,101.7699966430664,101.55500030517578,101.7699966430664,61305,0.0,0.0,2023-06-20
1386,2023-06-20 14:30:00-04:00,101.80999755859375,101.93000030517578,101.79000091552734,101.87999725341797,32880,0.0,0.0,2023-06-20
1387,2023-06-20 14:35:00-04:00,101.91999816894531,102.04000091552734,101.91999816894531,102.02230072021484,32763,0.0,0.0,2023-06-20
1388,2023-06-20 14:40:00-04:00,102.01000213623047,102.0199966430664,101.84269714355469,101.95999908447266,54932,0.0,0.0,2023-06-20
1389,2023-06-20 14:45:00-04:00,101.94999694824219,102.02999877929688,101.9000015258789,102.02999877929688,51494,0.0,0.0,2023-06-20
1390,2023-06-20 14:50:00-04:00,102.0199966430664,102.11000061035156,101.98999786376953,102.06999969482422,56430,0.0,0.0,2023-06-20
1391,2023-06-20 14:55:00-04:00,102.06999969482422,102.12000274658203,101.98999786376953,102.01000213623047,32640,0.0,0.0,2023-06-20
1392,2023-06-20 15:00:00-04:00,102.04000091552734,102.16000366210938,102.0,102.16000366210938,34175,0.0,0.0,2023-06-20
1393,2023-06-20 15:05:00-04:00,102.16000366210938,102.19000244140625,101.9800033569336,101.98500061035156,49175,0.0,0.0,2023-06-20
1394,2023-06-20 15:10:00-04:00,102.01339721679688,102.12000274658203,101.99500274658203,102.09500122070312,61076,0.0,0.0,2023-06-20
1395,2023-06-20 15:15:00-04:00,102.08999633789062,102.12000274658203,102.02999877929688,102.06999969482422,38775,0.0,0.0,2023-06-20
1396,2023-06-20 15:20:00-04:00,102.08999633789062,102.12000274658203,101.98999786376953,102.1050033569336,47705,0.0,0.0,2023-06-20
1397,2023-06-20 15:25:00-04:00,102.0999984741211,102.13999938964844,102.05000305175781,102.07499694824219,50290,0.0,0.0,2023-06-20
1398,2023-06-20 15:30:00-04:00,102.08999633789062,102.19999694824219,102.06500244140625,102.11000061035156,60657,0.0,0.0,2023-06-20
1399,2023-06-20 15:35:00-04:00,102.0999984741211,102.17500305175781,101.98999786376953,102.1449966430664,69999,0.0,0.0,2023-06-20
1400,2023-06-20 15:40:00-04:00,102.12999725341797,102.3499984741211,102.12999725341797,102.33999633789062,59602,0.0,0.0,2023-06-20
1401,2023-06-20 15:45:00-04:00,102.33499908447266,102.41500091552734,102.30000305175781,102.4000015258789,100561,0.0,0.0,2023-06-20
1402,2023-06-20 15:50:00-04:00,102.38999938964844,102.41999816894531,102.25,102.2699966430664,146864,0.0,0.0,2023-06-20
1403,2023-06-20 15:55:00-04:00,102.27999877929688,102.27999877929688,102.0199966430664,102.04000091552734,424277,0.0,0.0,2023-06-20
1404,2023-06-21 09:30:00-04:00,101.80000305175781,102.37000274658203,101.80000305175781,102.28500366210938,115171,0.0,0.0,2023-06-21
1405,2023-06-21 09:35:00-04:00,102.24500274658203,102.80500030517578,102.24500274658203,102.70899963378906,64201,0.0,0.0,2023-06-21
1406,2023-06-21 09:40:00-04:00,102.70880126953125,102.70880126953125,102.2699966430664,102.41999816894531,88018,0.0,0.0,2023-06-21
1407,2023-06-21 09:45:00-04:00,102.41999816894531,102.87999725341797,102.41000366210938,102.63999938964844,58101,0.0,0.0,2023-06-21
1408,2023-06-21 09:50:00-04:00,102.6500015258789,102.80999755859375,102.52999877929688,102.69000244140625,35410,0.0,0.0,2023-06-21
1409,2023-06-21 09:55:00-04:00,102.66999816894531,102.8499984741211,102.52999877929688,102.79000091552734,90918,0.0,0.0,2023-06-21
1410,2023-06-21 10:00:00-04:00,102.80999755859375,103.01000213623047,102.7300033569336,102.84110260009766,55750,0.0,0.0,2023-06-21
1411,2023-06-21 10:05:00-04:00,102.86000061035156,102.94000244140625,102.62999725341797,102.80000305175781,28812,0.0,0.0,2023-06-21
1412,2023-06-21 10:10:00-04:00,102.81999969482422,103.19000244140625,102.81999969482422,103.19000244140625,34343,0.0,0.0,2023-06-21
1413,2023-06-21 10:15:00-04:00,103.19999694824219,103.44000244140625,103.1906967163086,103.41999816894531,49493,0.0,0.0,2023-06-21
1414,2023-06-21 10:20:00-04:00,103.45999908447266,103.75180053710938,103.37000274658203,103.69920349121094,80534,0.0,0.0,2023-06-21
1415,2023-06-21 10:25:00-04:00,103.76000213623047,103.87000274658203,103.72000122070312,103.76000213623047,49714,0.0,0.0,2023-06-21
1416,2023-06-21 10:30:00-04:00,103.7699966430664,103.9800033569336,103.62999725341797,103.79000091552734,41930,0.0,0.0,2023-06-21
1417,2023-06-21 10:35:00-04:00,103.77999877929688,103.80500030517578,103.48999786376953,103.52999877929688,54862,0.0,0.0,2023-06-21
1418,2023-06-21 10:40:00-04:00,103.5199966430664,103.7249984741211,103.48159790039062,103.48999786376953,82816,0.0,0.0,2023-06-21
1419,2023-06-21 10:45:00-04:00,103.4800033569336,103.7300033569336,103.43000030517578,103.58999633789062,70327,0.0,0.0,2023-06-21
1420,2023-06-21 10:50:00-04:00,103.58000183105469,103.81999969482422,103.44999694824219,103.81999969482422,41236,0.0,0.0,2023-06-21
1421,2023-06-21 10:55:00-04:00,103.80999755859375,103.87000274658203,103.69000244140625,103.87000274658203,44174,0.0,0.0,2023-06-21
1422,2023-06-21 11:00:00-04:00,103.9000015258789,103.97000122070312,103.62999725341797,103.63999938964844,56521,0.0,0.0,2023-06-21
1423,2023-06-21 11:05:00-04:00,103.68000030517578,103.7300033569336,103.52999877929688,103.62999725341797,45656,0.0,0.0,2023-06-21
1424,2023-06-21 11:10:00-04:00,103.66000366210938,103.76000213623047,103.5999984741211,103.66999816894531,39664,0.0,0.0,2023-06-21
1425,2023-06-21 11:15:00-04:00,103.66000366210938,103.68990325927734,103.44499969482422,103.5999984741211,41297,0.0,0.0,2023-06-21
1426,2023-06-21 11:20:00-04:00,103.5999984741211,103.7750015258789,103.58999633789062,103.68000030517578,68602,0.0,0.0,2023-06-21
1427,2023-06-21 11:25:00-04:00,103.68000030517578,103.8499984741211,103.66500091552734,103.83499908447266,38464,0.0,0.0,2023-06-21
1428,2023-06-21 11:30:00-04:00,103.81999969482422,103.88999938964844,103.72000122070312,103.87000274658203,34766,0.0,0.0,2023-06-21
1429,2023-06-21 11:35:00-04:00,103.87000274658203,104.0199966430664,103.81999969482422,103.9000015258789,82884,0.0,0.0,2023-06-21
1430,2023-06-21 11:40:00-04:00,103.88999938964844,103.9800033569336,103.83999633789062,103.88999938964844,43066,0.0,0.0,2023-06-21
1431,2023-06-21 11:45:00-04:00,103.93000030517578,104.05000305175781,103.9000015258789,104.0,183203,0.0,0.0,2023-06-21
1432,2023-06-21 11:50:00-04:00,103.98999786376953,104.13999938964844,103.93000030517578,104.06999969482422,173876,0.0,0.0,2023-06-21
1433,2023-06-21 11:55:00-04:00,104.05999755859375,104.20500183105469,103.9813003540039,104.20500183105469,76017,0.0,0.0,2023-06-21
1434,2023-06-21 12:00:00-04:00,104.18000030517578,104.27999877929688,104.1050033569336,104.12000274658203,85883,0.0,0.0,2023-06-21
1435,2023-06-21 12:05:00-04:00,104.12999725341797,104.19000244140625,104.11000061035156,104.12999725341797,36675,0.0,0.0,2023-06-21
1436,2023-06-21 12:10:00-04:00,104.13999938964844,104.18000030517578,104.0,104.05999755859375,36698,0.0,0.0,2023-06-21
1437,2023-06-21 12:15:00-04:00,104.06999969482422,104.27999877929688,104.05999755859375,104.0999984741211,97578,0.0,0.0,2023-06-21
1438,2023-06-21 12:20:00-04:00,104.08999633789062,104.22000122070312,104.0,104.22000122070312,34014,0.0,0.0,2023-06-21
1439,2023-06-21 12:25:00-04:00,104.22000122070312,104.30999755859375,104.12000274658203,104.30000305175781,33334,0.0,0.0,2023-06-21
1440,2023-06-21 12:30:00-04:00,104.30999755859375,104.43000030517578,104.29000091552734,104.30000305175781,51715,0.0,0.0,2023-06-21
1441,2023-06-21 12:35:00-04:00,104.29000091552734,104.29000091552734,104.12000274658203,104.22000122070312,40261,0.0,0.0,2023-06-21
1442,2023-06-21 12:40:00-04:00,104.2300033569336,104.33000183105469,104.2300033569336,104.29000091552734,44662,0.0,0.0,2023-06-21
1443,2023-06-21 12:45:00-04:00,104.30500030517578,104.30500030517578,104.12000274658203,104.2699966430664,50609,0.0,0.0,2023-06-21
1444,2023-06-21 12:50:00-04:00,104.27999877929688,104.30999755859375,104.22000122070312,104.25,46682,0.0,0.0,2023-06-21
1445,2023-06-21 12:55:00-04:00,104.23999786376953,104.37999725341797,104.22000122070312,104.26000213623047,30423,0.0,0.0,2023-06-21
1446,2023-06-21 13:00:00-04:00,104.23999786376953,104.31999969482422,104.22000122070312,104.29000091552734,38763,0.0,0.0,2023-06-21
1447,2023-06-21 13:05:00-04:00,104.27999877929688,104.29000091552734,104.1500015258789,104.29000091552734,27564,0.0,0.0,2023-06-21
1448,2023-06-21 13:10:00-04:00,104.27999877929688,104.27999877929688,104.19999694824219,104.23999786376953,26900,0.0,0.0,2023-06-21
1449,2023-06-21 13:15:00-04:00,104.23999786376953,104.23999786376953,104.08999633789062,104.12000274658203,47506,0.0,0.0,2023-06-21
1450,2023-06-21 13:20:00-04:00,104.12000274658203,104.19000244140625,104.08000183105469,104.12999725341797,43221,0.0,0.0,2023-06-21
1451,2023-06-21 13:25:00-04:00,104.12999725341797,104.28500366210938,104.0999984741211,104.20500183105469,53421,0.0,0.0,2023-06-21
1452,2023-06-21 13:30:00-04:00,104.20999908447266,104.2249984741211,104.08999633789062,104.19000244140625,29607,0.0,0.0,2023-06-21
1453,2023-06-21 13:35:00-04:00,104.19000244140625,104.3499984741211,104.16000366210938,104.34500122070312,58498,0.0,0.0,2023-06-21
1454,2023-06-21 13:40:00-04:00,104.33999633789062,104.3550033569336,104.1500015258789,104.19999694824219,50084,0.0,0.0,2023-06-21
1455,2023-06-21 13:45:00-04:00,104.20999908447266,104.3499984741211,104.20999908447266,104.28500366210938,36240,0.0,0.0,2023-06-21
1456,2023-06-21 13:50:00-04:00,104.2699966430664,104.32499694824219,104.2300033569336,104.29499816894531,32410,0.0,0.0,2023-06-21
1457,2023-06-21 13:55:00-04:00,104.29000091552734,104.29000091552734,104.16000366210938,104.26000213623047,31328,0.0,0.0,2023-06-21
1458,2023-06-21 14:00:00-04:00,104.26499938964844,104.30000305175781,104.22000122070312,104.29000091552734,48896,0.0,0.0,2023-06-21
1459,2023-06-21 14:05:00-04:00,104.29000091552734,104.29000091552734,104.19000244140625,104.22000122070312,84706,0.0,0.0,2023-06-21
1460,2023-06-21 14:10:00-04:00,104.2300033569336,104.31999969482422,104.19000244140625,104.25,48663,0.0,0.0,2023-06-21
1461,2023-06-21 14:15:00-04:00,104.25,104.26000213623047,104.12000274658203,104.19999694824219,42814,0.0,0.0,2023-06-21
1462,2023-06-21 14:20:00-04:00,104.2300033569336,104.30000305175781,104.16000366210938,104.16000366210938,41610,0.0,0.0,2023-06-21
1463,2023-06-21 14:25:00-04:00,104.16560363769531,104.2699966430664,104.1615982055664,104.2594985961914,33590,0.0,0.0,2023-06-21
1464,2023-06-21 14:30:00-04:00,104.26000213623047,104.32009887695312,104.25499725341797,104.30999755859375,27555,0.0,0.0,2023-06-21
1465,2023-06-21 14:35:00-04:00,104.30000305175781,104.3499984741211,104.25,104.34500122070312,31186,0.0,0.0,2023-06-21
1466,2023-06-21 14:40:00-04:00,104.34500122070312,104.36900329589844,104.2699966430664,104.2699966430664,29397,0.0,0.0,2023-06-21
1467,2023-06-21 14:45:00-04:00,104.25,104.33999633789062,104.20999908447266,104.33560180664062,43365,0.0,0.0,2023-06-21
1468,2023-06-21 14:50:00-04:00,104.33000183105469,104.40499877929688,104.30999755859375,104.30999755859375,39474,0.0,0.0,2023-06-21
1469,2023-06-21 14:55:00-04:00,104.27999877929688,104.31999969482422,104.2300033569336,104.23999786376953,87829,0.0,0.0,2023-06-21
1470,2023-06-21 15:00:00-04:00,104.23999786376953,104.25,104.1500015258789,104.23999786376953,186132,0.0,0.0,2023-06-21
1471,2023-06-21 15:05:00-04:00,104.23999786376953,104.25409698486328,104.13999938964844,104.16500091552734,139624,0.0,0.0,2023-06-21
1472,2023-06-21 15:10:00-04:00,104.16999816894531,104.27619934082031,104.168701171875,104.26000213623047,48252,0.0,0.0,2023-06-21
1473,2023-06-21 15:15:00-04:00,104.2699966430664,104.29000091552734,104.16999816894531,104.19000244140625,104207,0.0,0.0,2023-06-21
1474,2023-06-21 15:20:00-04:00,104.19000244140625,104.21499633789062,104.12999725341797,104.1500015258789,80896,0.0,0.0,2023-06-21
1475,2023-06-21 15:25:00-04:00,104.1500015258789,104.24500274658203,104.13999938964844,104.18000030517578,101449,0.0,0.0,2023-06-21
1476,2023-06-21 15:30:00-04:00,104.19000244140625,104.19999694824219,104.04000091552734,104.05000305175781,111334,0.0,0.0,2023-06-21
1477,2023-06-21 15:35:00-04:00,104.02999877929688,104.0999984741211,103.8499984741211,103.87000274658203,73648,0.0,0.0,2023-06-21
1478,2023-06-21 15:40:00-04:00,103.86000061035156,103.88999938964844,103.79000091552734,103.82499694824219,73471,0.0,0.0,2023-06-21
1479,2023-06-21 15:45:00-04:00,103.81999969482422,103.81999969482422,103.62999725341797,103.70999908447266,109402,0.0,0.0,2023-06-21
1480,2023-06-21 15:50:00-04:00,103.72000122070312,103.79000091552734,103.55999755859375,103.58499908447266,136886,0.0,0.0,2023-06-21
1481,2023-06-21 15:55:00-04:00,103.58999633789062,103.7300033569336,103.56999969482422,103.70999908447266,350490,0.0,0.0,2023-06-21
1482,2023-06-22 09:30:00-04:00,102.63999938964844,102.87999725341797,102.43000030517578,102.5250015258789,198988,0.0,0.0,2023-06-22
1483,2023-06-22 09:35:00-04:00,102.48999786376953,102.5,101.61000061035156,101.68000030517578,116904,0.0,0.0,2023-06-22
1484,2023-06-22 09:40:00-04:00,101.69999694824219,101.83999633789062,101.44999694824219,101.52999877929688,91666,0.0,0.0,2023-06-22
1485,2023-06-22 09:45:00-04:00,101.58000183105469,101.61000061035156,101.16999816894531,101.26000213623047,55802,0.0,0.0,2023-06-22
1486,2023-06-22 09:50:00-04:00,101.23999786376953,101.7699966430664,101.19499969482422,101.51000213623047,71646,0.0,0.0,2023-06-22
1487,2023-06-22 09:55:00-04:00,101.51000213623047,101.93000030517578,101.41999816894531,101.8499984741211,57565,0.0,0.0,2023-06-22
1488,2023-06-22 10:00:00-04:00,101.80999755859375,101.87000274658203,101.4542007446289,101.4800033569336,75253,0.0,0.0,2023-06-22
1489,2023-06-22 10:05:00-04:00,101.49500274658203,101.93000030517578,101.45999908447266,101.93000030517578,99908,0.0,0.0,2023-06-22
1490,2023-06-22 10:10:00-04:00,101.91000366210938,102.08000183105469,101.8550033569336,102.0,55441,0.0,0.0,2023-06-22
1491,2023-06-22 10:15:00-04:00,102.04000091552734,102.12999725341797,101.9800033569336,102.08999633789062,43756,0.0,0.0,2023-06-22
1492,2023-06-22 10:20:00-04:00,102.08499908447266,102.12000274658203,101.91999816894531,101.9749984741211,68123,0.0,0.0,2023-06-22
1493,2023-06-22 10:25:00-04:00,101.98999786376953,102.2300033569336,101.9800033569336,102.08989715576172,37599,0.0,0.0,2023-06-22
1494,2023-06-22 10:30:00-04:00,102.0999984741211,102.12999725341797,101.9800033569336,102.06999969482422,34509,0.0,0.0,2023-06-22
1495,2023-06-22 10:35:00-04:00,102.04000091552734,102.16000366210938,101.98999786376953,102.05000305175781,36279,0.0,0.0,2023-06-22
1496,2023-06-22 10:40:00-04:00,102.08000183105469,102.16999816894531,101.9000015258789,102.16999816894531,59843,0.0,0.0,2023-06-22
1497,2023-06-22 10:45:00-04:00,102.16999816894531,102.16999816894531,101.94999694824219,102.04000091552734,57826,0.0,0.0,2023-06-22
1498,2023-06-22 10:50:00-04:00,102.0199966430664,102.20999908447266,101.9749984741211,101.98750305175781,50821,0.0,0.0,2023-06-22
1499,2023-06-22 10:55:00-04:00,101.9749984741211,102.02999877929688,101.88999938964844,101.94999694824219,32853,0.0,0.0,2023-06-22
1500,2023-06-22 11:00:00-04:00,101.9800033569336,102.0999984741211,101.83000183105469,101.87000274658203,30421,0.0,0.0,2023-06-22
1501,2023-06-22 11:05:00-04:00,101.87000274658203,101.875,101.51000213623047,101.51000213623047,39472,0.0,0.0,2023-06-22
1502,2023-06-22 11:10:00-04:00,101.5199966430664,101.81999969482422,101.48999786376953,101.80000305175781,49514,0.0,0.0,2023-06-22
1503,2023-06-22 11:15:00-04:00,101.80999755859375,101.87000274658203,101.7699966430664,101.87000274658203,35953,0.0,0.0,2023-06-22
1504,2023-06-22 11:20:00-04:00,101.91000366210938,101.91000366210938,101.68000030517578,101.69999694824219,60959,0.0,0.0,2023-06-22
1505,2023-06-22 11:25:00-04:00,101.69000244140625,101.80999755859375,101.62000274658203,101.7699966430664,44738,0.0,0.0,2023-06-22
1506,2023-06-22 11:30:00-04:00,101.7699966430664,101.8499984741211,101.70500183105469,101.70500183105469,36644,0.0,0.0,2023-06-22
1507,2023-06-22 11:35:00-04:00,101.73999786376953,101.87999725341797,101.5,101.5,32573,0.0,0.0,2023-06-22
1508,2023-06-22 11:40:00-04:00,101.48999786376953,101.79000091552734,101.4800033569336,101.6500015258789,129260,0.0,0.0,2023-06-22
1509,2023-06-22 11:45:00-04:00,101.62999725341797,101.69000244140625,101.4800033569336,101.63999938964844,90919,0.0,0.0,2023-06-22
1510,2023-06-22 11:50:00-04:00,101.63999938964844,101.73999786376953,101.55000305175781,101.56520080566406,54858,0.0,0.0,2023-06-22
1511,2023-06-22 11:55:00-04:00,101.58000183105469,101.81999969482422,101.56999969482422,101.69999694824219,68358,0.0,0.0,2023-06-22
1512,2023-06-22 12:00:00-04:00,101.73999786376953,101.8499984741211,101.63999938964844,101.77999877929688,33942,0.0,0.0,2023-06-22
1513,2023-06-22 12:05:00-04:00,101.77999877929688,101.87000274658203,101.69999694824219,101.87000274658203,34288,0.0,0.0,2023-06-22
1514,2023-06-22 12:10:00-04:00,101.86000061035156,101.91000366210938,101.78500366210938,101.8499984741211,23856,0.0,0.0,2023-06-22
1515,2023-06-22 12:15:00-04:00,101.87000274658203,101.9000015258789,101.75,101.81999969482422,41740,0.0,0.0,2023-06-22
1516,2023-06-22 12:20:00-04:00,101.80999755859375,101.92500305175781,101.80000305175781,101.90910339355469,27100,0.0,0.0,2023-06-22
1517,2023-06-22 12:25:00-04:00,101.91000366210938,101.91000366210938,101.78520202636719,101.8499984741211,30110,0.0,0.0,2023-06-22
1518,2023-06-22 12:30:00-04:00,101.83499908447266,101.91000366210938,101.80000305175781,101.80000305175781,29087,0.0,0.0,2023-06-22
1519,2023-06-22 12:35:00-04:00,101.80999755859375,101.86000061035156,101.7699966430664,101.7699966430664,44564,0.0,0.0,2023-06-22
1520,2023-06-22 12:40:00-04:00,101.76499938964844,101.875,101.69000244140625,101.7300033569336,41760,0.0,0.0,2023-06-22
1521,2023-06-22 12:45:00-04:00,101.72000122070312,101.72000122070312,101.55999755859375,101.61000061035156,26482,0.0,0.0,2023-06-22
1522,2023-06-22 12:50:00-04:00,101.61000061035156,101.61000061035156,101.5,101.51000213623047,26212,0.0,0.0,2023-06-22
1523,2023-06-22 12:55:00-04:00,101.5199966430664,101.61000061035156,101.47000122070312,101.58999633789062,25192,0.0,0.0,2023-06-22
1524,2023-06-22 13:00:00-04:00,101.58999633789062,101.62999725341797,101.5,101.52999877929688,29164,0.0,0.0,2023-06-22
1525,2023-06-22 13:05:00-04:00,101.5199966430664,101.58000183105469,101.44000244140625,101.44999694824219,22516,0.0,0.0,2023-06-22
1526,2023-06-22 13:10:00-04:00,101.47000122070312,101.52999877929688,101.41999816894531,101.5,21386,0.0,0.0,2023-06-22
1527,2023-06-22 13:15:00-04:00,101.5,101.61000061035156,101.44999694824219,101.52999877929688,26317,0.0,0.0,2023-06-22
1528,2023-06-22 13:20:00-04:00,101.54000091552734,101.69999694824219,101.51000213623047,101.69999694824219,38298,0.0,0.0,2023-06-22
1529,2023-06-22 13:25:00-04:00,101.7300033569336,101.7699966430664,101.6449966430664,101.66999816894531,25168,0.0,0.0,2023-06-22
1530,2023-06-22 13:30:00-04:00,101.68000030517578,101.72000122070312,101.55000305175781,101.55989837646484,20460,0.0,0.0,2023-06-22
1531,2023-06-22 13:35:00-04:00,101.55999755859375,101.58000183105469,101.5,101.51000213623047,24729,0.0,0.0,2023-06-22
1532,2023-06-22 13:40:00-04:00,101.50900268554688,101.55999755859375,101.4749984741211,101.53500366210938,26057,0.0,0.0,2023-06-22
1533,2023-06-22 13:45:00-04:00,101.54000091552734,101.58000183105469,101.51000213623047,101.58000183105469,19930,0.0,0.0,2023-06-22
1534,2023-06-22 13:50:00-04:00,101.56999969482422,101.63999938964844,101.51000213623047,101.62000274658203,37911,0.0,0.0,2023-06-22
1535,2023-06-22 13:55:00-04:00,101.625,101.625,101.45999908447266,101.52999877929688,52665,0.0,0.0,2023-06-22
1536,2023-06-22 14:00:00-04:00,101.52899932861328,101.54000091552734,101.38999938964844,101.38999938964844,25774,0.0,0.0,2023-06-22
1537,2023-06-22 14:05:00-04:00,101.41999816894531,101.4800033569336,101.38999938964844,101.44000244140625,30734,0.0,0.0,2023-06-22
1538,2023-06-22 14:10:00-04:00,101.44999694824219,101.5999984741211,101.44999694824219,101.58999633789062,41706,0.0,0.0,2023-06-22
1539,2023-06-22 14:15:00-04:00,101.61000061035156,101.61000061035156,101.52999877929688,101.55000305175781,34178,0.0,0.0,2023-06-22
1540,2023-06-22 14:20:00-04:00,101.54000091552734,101.5999984741211,101.41000366210938,101.5999984741211,50989,0.0,0.0,2023-06-22
1541,2023-06-22 14:25:00-04:00,101.58779907226562,101.625,101.45999908447266,101.625,35279,0.0,0.0,2023-06-22
1542,2023-06-22 14:30:00-04:00,101.62000274658203,101.68499755859375,101.51000213623047,101.51000213623047,34950,0.0,0.0,2023-06-22
1543,2023-06-22 14:35:00-04:00,101.5199966430664,101.5250015258789,101.45500183105469,101.5250015258789,23422,0.0,0.0,2023-06-22
1544,2023-06-22 14:40:00-04:00,101.52999877929688,101.52999877929688,101.40499877929688,101.43000030517578,31668,0.0,0.0,2023-06-22
1545,2023-06-22 14:45:00-04:00,101.41999816894531,101.43000030517578,101.31999969482422,101.32319641113281,34559,0.0,0.0,2023-06-22
1546,2023-06-22 14:50:00-04:00,101.31999969482422,101.3499984741211,101.2699966430664,101.32599639892578,40849,0.0,0.0,2023-06-22
1547,2023-06-22 14:55:00-04:00,101.33000183105469,101.42990112304688,101.33000183105469,101.4000015258789,28813,0.0,0.0,2023-06-22
1548,2023-06-22 15:00:00-04:00,101.41000366210938,101.47000122070312,101.38999938964844,101.41999816894531,28289,0.0,0.0,2023-06-22
1549,2023-06-22 15:05:00-04:00,101.43000030517578,101.43000030517578,101.33999633789062,101.3499984741211,32275,0.0,0.0,2023-06-22
1550,2023-06-22 15:10:00-04:00,101.36000061035156,101.4000015258789,101.31999969482422,101.33000183105469,31335,0.0,0.0,2023-06-22
1551,2023-06-22 15:15:00-04:00,101.33000183105469,101.5,101.33000183105469,101.45999908447266,48225,0.0,0.0,2023-06-22
1552,2023-06-22 15:20:00-04:00,101.46499633789062,101.46499633789062,101.3499984741211,101.4000015258789,56242,0.0,0.0,2023-06-22
1553,2023-06-22 15:25:00-04:00,101.4000015258789,101.4000015258789,101.24500274658203,101.26499938964844,62748,0.0,0.0,2023-06-22
1554,2023-06-22 15:30:00-04:00,101.26000213623047,101.30000305175781,101.19999694824219,101.26899719238281,44395,0.0,0.0,2023-06-22
1555,2023-06-22 15:35:00-04:00,101.25499725341797,101.25499725341797,101.0999984741211,101.19999694824219,52682,0.0,0.0,2023-06-22
1556,2023-06-22 15:40:00-04:00,101.19999694824219,101.45999908447266,101.16000366210938,101.43000030517578,55378,0.0,0.0,2023-06-22
1557,2023-06-22 15:45:00-04:00,101.43000030517578,101.51499938964844,101.36499786376953,101.48999786376953,79015,0.0,0.0,2023-06-22
1558,2023-06-22 15:50:00-04:00,101.5,101.54000091552734,101.25499725341797,101.30999755859375,116112,0.0,0.0,2023-06-22
1559,2023-06-22 15:55:00-04:00,101.3499984741211,101.4800033569336,101.2699966430664,101.42500305175781,270542,0.0,0.0,2023-06-22
1560,2023-06-23 09:30:00-04:00,100.02999877929688,100.4800033569336,99.62999725341797,100.0,229649,0.0,0.0,2023-06-23
1561,2023-06-23 09:35:00-04:00,99.99500274658203,100.31999969482422,99.92359924316406,100.27999877929688,86578,0.0,0.0,2023-06-23
1562,2023-06-23 09:40:00-04:00,100.31999969482422,100.66000366210938,100.19999694824219,100.48999786376953,58736,0.0,0.0,2023-06-23
1563,2023-06-23 09:45:00-04:00,100.51000213623047,100.76000213623047,100.48059844970703,100.6500015258789,37151,0.0,0.0,2023-06-23
1564,2023-06-23 09:50:00-04:00,100.66000366210938,100.91999816894531,100.58000183105469,100.74500274658203,99638,0.0,0.0,2023-06-23
1565,2023-06-23 09:55:00-04:00,100.70999908447266,100.75,100.4000015258789,100.5,47902,0.0,0.0,2023-06-23
1566,2023-06-23 10:00:00-04:00,100.51000213623047,100.69000244140625,100.5,100.58999633789062,40983,0.0,0.0,2023-06-23
1567,2023-06-23 10:05:00-04:00,100.58999633789062,100.69999694824219,100.4800033569336,100.55999755859375,58117,0.0,0.0,2023-06-23
1568,2023-06-23 10:10:00-04:00,100.52999877929688,100.54000091552734,100.12999725341797,100.23999786376953,48966,0.0,0.0,2023-06-23
1569,2023-06-23 10:15:00-04:00,100.30999755859375,100.62999725341797,100.30999755859375,100.36000061035156,46981,0.0,0.0,2023-06-23
1570,2023-06-23 10:20:00-04:00,100.33999633789062,100.45999908447266,100.29000091552734,100.41999816894531,43218,0.0,0.0,2023-06-23
1571,2023-06-23 10:25:00-04:00,100.41999816894531,100.43000030517578,100.31999969482422,100.38999938964844,35413,0.0,0.0,2023-06-23
1572,2023-06-23 10:30:00-04:00,100.38999938964844,100.489501953125,100.24500274658203,100.41999816894531,33047,0.0,0.0,2023-06-23
1573,2023-06-23 10:35:00-04:00,100.41999816894531,100.48500061035156,100.3499984741211,100.45030212402344,47641,0.0,0.0,2023-06-23
1574,2023-06-23 10:40:00-04:00,100.45999908447266,100.47000122070312,100.16000366210938,100.33499908447266,32692,0.0,0.0,2023-06-23
1575,2023-06-23 10:45:00-04:00,100.41000366210938,100.55000305175781,100.2699966430664,100.33999633789062,67180,0.0,0.0,2023-06-23
1576,2023-06-23 10:50:00-04:00,100.36000061035156,100.5,100.33000183105469,100.42500305175781,33585,0.0,0.0,2023-06-23
1577,2023-06-23 10:55:00-04:00,100.41000366210938,100.41000366210938,100.20999908447266,100.20999908447266,35352,0.0,0.0,2023-06-23
1578,2023-06-23 11:00:00-04:00,100.2249984741211,100.41999816894531,100.1500015258789,100.36000061035156,43282,0.0,0.0,2023-06-23
1579,2023-06-23 11:05:00-04:00,100.3499984741211,100.36000061035156,100.11000061035156,100.13999938964844,73982,0.0,0.0,2023-06-23
1580,2023-06-23 11:10:00-04:00,100.12999725341797,100.19499969482422,99.91999816894531,100.01000213623047,38902,0.0,0.0,2023-06-23
1581,2023-06-23 11:15:00-04:00,100.02079772949219,100.08000183105469,99.93000030517578,100.0,31792,0.0,0.0,2023-06-23
1582,2023-06-23 11:20:00-04:00,100.0,100.18000030517578,99.98999786376953,100.02999877929688,42949,0.0,0.0,2023-06-23
1583,2023-06-23 11:25:00-04:00,100.05000305175781,100.36499786376953,100.05000305175781,100.30999755859375,30296,0.0,0.0,2023-06-23
1584,2023-06-23 11:30:00-04:00,100.30999755859375,100.37999725341797,100.19999694824219,100.31999969482422,37805,0.0,0.0,2023-06-23
1585,2023-06-23 11:35:00-04:00,100.29000091552734,100.38899993896484,100.2300033569336,100.38899993896484,34308,0.0,0.0,2023-06-23
1586,2023-06-23 11:40:00-04:00,100.36000061035156,100.41000366210938,100.22000122070312,100.37999725341797,44302,0.0,0.0,2023-06-23
1587,2023-06-23 11:45:00-04:00,100.38500213623047,100.44000244140625,100.23999786376953,100.30999755859375,80948,0.0,0.0,2023-06-23
1588,2023-06-23 11:50:00-04:00,100.30500030517578,100.30500030517578,100.16999816894531,100.26000213623047,39773,0.0,0.0,2023-06-23
1589,2023-06-23 11:55:00-04:00,100.2699966430664,100.55999755859375,100.25,100.55229949951172,31098,0.0,0.0,2023-06-23
1590,2023-06-23 12:00:00-04:00,100.56999969482422,100.63999938964844,100.5000991821289,100.55999755859375,37806,0.0,0.0,2023-06-23
1591,2023-06-23 12:05:00-04:00,100.54000091552734,100.56999969482422,100.37999725341797,100.5199966430664,23610,0.0,0.0,2023-06-23
1592,2023-06-23 12:10:00-04:00,100.51000213623047,100.51000213623047,100.37999725341797,100.40650177001953,36636,0.0,0.0,2023-06-23
1593,2023-06-23 12:15:00-04:00,100.40499877929688,100.44999694824219,100.33000183105469,100.44000244140625,32252,0.0,0.0,2023-06-23
1594,2023-06-23 12:20:00-04:00,100.44000244140625,100.47000122070312,100.26000213623047,100.31999969482422,55787,0.0,0.0,2023-06-23
1595,2023-06-23 12:25:00-04:00,100.33000183105469,100.38999938964844,100.30999755859375,100.37999725341797,38413,0.0,0.0,2023-06-23
1596,2023-06-23 12:30:00-04:00,100.38999938964844,100.54000091552734,100.37999725341797,100.37999725341797,36521,0.0,0.0,2023-06-23
1597,2023-06-23 12:35:00-04:00,100.38999938964844,100.41999816894531,100.30999755859375,100.37000274658203,28233,0.0,0.0,2023-06-23
1598,2023-06-23 12:40:00-04:00,100.37000274658203,100.42990112304688,100.26000213623047,100.26000213623047,34361,0.0,0.0,2023-06-23
1599,2023-06-23 12:45:00-04:00,100.2699966430664,100.29499816894531,100.08000183105469,100.0999984741211,98046,0.0,0.0,2023-06-23
1600,2023-06-23 12:50:00-04:00,100.08999633789062,100.16000366210938,100.02999877929688,100.05999755859375,59348,0.0,0.0,2023-06-23
1601,2023-06-23 12:55:00-04:00,100.05999755859375,100.11000061035156,100.0,100.05500030517578,38581,0.0,0.0,2023-06-23
1602,2023-06-23 13:00:00-04:00,100.05999755859375,100.11000061035156,100.0,100.08999633789062,34338,0.0,0.0,2023-06-23
1603,2023-06-23 13:05:00-04:00,100.08999633789062,100.2300033569336,100.0199966430664,100.20999908447266,36609,0.0,0.0,2023-06-23
1604,2023-06-23 13:10:00-04:00,100.19300079345703,100.3499984741211,100.16000366210938,100.30999755859375,43302,0.0,0.0,2023-06-23
1605,2023-06-23 13:15:00-04:00,100.30999755859375,100.31500244140625,100.1500015258789,100.18000030517578,47527,0.0,0.0,2023-06-23
1606,2023-06-23 13:20:00-04:00,100.19000244140625,100.3499984741211,100.18000030517578,100.33499908447266,41708,0.0,0.0,2023-06-23
1607,2023-06-23 13:25:00-04:00,100.33999633789062,100.44000244140625,100.33999633789062,100.41999816894531,70740,0.0,0.0,2023-06-23
1608,2023-06-23 13:30:00-04:00,100.43000030517578,100.5,100.33999633789062,100.3499984741211,34002,0.0,0.0,2023-06-23
1609,2023-06-23 13:35:00-04:00,100.34500122070312,100.5999984741211,100.34500122070312,100.52999877929688,64034,0.0,0.0,2023-06-23
1610,2023-06-23 13:40:00-04:00,100.52999877929688,100.5999984741211,100.43000030517578,100.4800033569336,29601,0.0,0.0,2023-06-23
1611,2023-06-23 13:45:00-04:00,100.54000091552734,100.58000183105469,100.4800033569336,100.55999755859375,29087,0.0,0.0,2023-06-23
1612,2023-06-23 13:50:00-04:00,100.55000305175781,100.61000061035156,100.52999877929688,100.56999969482422,24044,0.0,0.0,2023-06-23
1613,2023-06-23 13:55:00-04:00,100.56999969482422,100.66999816894531,100.54000091552734,100.62000274658203,39989,0.0,0.0,2023-06-23
1614,2023-06-23 14:00:00-04:00,100.61000061035156,100.6500015258789,100.44999694824219,100.44999694824219,50641,0.0,0.0,2023-06-23
1615,2023-06-23 14:05:00-04:00,100.44999694824219,100.4800033569336,100.30000305175781,100.30500030517578,62926,0.0,0.0,2023-06-23
1616,2023-06-23 14:10:00-04:00,100.30999755859375,100.43000030517578,100.27999877929688,100.41999816894531,46745,0.0,0.0,2023-06-23
1617,2023-06-23 14:15:00-04:00,100.41999816894531,100.54000091552734,100.36000061035156,100.54000091552734,38794,0.0,0.0,2023-06-23
1618,2023-06-23 14:20:00-04:00,100.55000305175781,100.66999816894531,100.51000213623047,100.6500015258789,37742,0.0,0.0,2023-06-23
1619,2023-06-23 14:25:00-04:00,100.6500015258789,100.72000122070312,100.6050033569336,100.61000061035156,42691,0.0,0.0,2023-06-23
1620,2023-06-23 14:30:00-04:00,100.60990142822266,100.6500015258789,100.4749984741211,100.5,36307,0.0,0.0,2023-06-23
1621,2023-06-23 14:35:00-04:00,100.51000213623047,100.5199966430664,100.41999816894531,100.44999694824219,29748,0.0,0.0,2023-06-23
1622,2023-06-23 14:40:00-04:00,100.44000244140625,100.4800033569336,100.37999725341797,100.37999725341797,47954,0.0,0.0,2023-06-23
1623,2023-06-23 14:45:00-04:00,100.36000061035156,100.36000061035156,100.23999786376953,100.29000091552734,45317,0.0,0.0,2023-06-23
1624,2023-06-23 14:50:00-04:00,100.27999877929688,100.27999877929688,100.18499755859375,100.21499633789062,49685,0.0,0.0,2023-06-23
1625,2023-06-23 14:55:00-04:00,100.20999908447266,100.31500244140625,100.19999694824219,100.25,34585,0.0,0.0,2023-06-23
1626,2023-06-23 15:00:00-04:00,100.23999786376953,100.33000183105469,100.125,100.26000213623047,45084,0.0,0.0,2023-06-23
1627,2023-06-23 15:05:00-04:00,100.25,100.29000091552734,100.20999908447266,100.26000213623047,44431,0.0,0.0,2023-06-23
1628,2023-06-23 15:10:00-04:00,100.26000213623047,100.33999633789062,100.23999786376953,100.32990264892578,55694,0.0,0.0,2023-06-23
1629,2023-06-23 15:15:00-04:00,100.33000183105469,100.4135971069336,100.30999755859375,100.38999938964844,52260,0.0,0.0,2023-06-23
1630,2023-06-23 15:20:00-04:00,100.38999938964844,100.4800033569336,100.37000274658203,100.41999816894531,72218,0.0,0.0,2023-06-23
1631,2023-06-23 15:25:00-04:00,100.44000244140625,100.55999755859375,100.38999938964844,100.38999938964844,73562,0.0,0.0,2023-06-23
1632,2023-06-23 15:30:00-04:00,100.38999938964844,100.54000091552734,100.36000061035156,100.44999694824219,72381,0.0,0.0,2023-06-23
1633,2023-06-23 15:35:00-04:00,100.44000244140625,100.51000213623047,100.4000015258789,100.41000366210938,81013,0.0,0.0,2023-06-23
1634,2023-06-23 15:40:00-04:00,100.41999816894531,100.43000030517578,100.23999786376953,100.29000091552734,83996,0.0,0.0,2023-06-23
1635,2023-06-23 15:45:00-04:00,100.27999877929688,100.32499694824219,100.19000244140625,100.220703125,163023,0.0,0.0,2023-06-23
1636,2023-06-23 15:50:00-04:00,100.2300033569336,100.43000030517578,100.12999725341797,100.3499984741211,312713,0.0,0.0,2023-06-23
1637,2023-06-23 15:55:00-04:00,100.3499984741211,100.52999877929688,100.29000091552734,100.44999694824219,470589,0.0,0.0,2023-06-23
1638,2023-06-26 09:30:00-04:00,100.16000366210938,100.81999969482422,100.0,100.75,80934,0.0,0.0,2023-06-26
1639,2023-06-26 09:35:00-04:00,100.80000305175781,101.30999755859375,100.75,101.19999694824219,124626,0.0,0.0,2023-06-26
1640,2023-06-26 09:40:00-04:00,101.23999786376953,101.44999694824219,101.23999786376953,101.44999694824219,29886,0.0,0.0,2023-06-26
1641,2023-06-26 09:45:00-04:00,101.45010375976562,101.58000183105469,101.41999816894531,101.47000122070312,37410,0.0,0.0,2023-06-26
1642,2023-06-26 09:50:00-04:00,101.44999694824219,101.87000274658203,101.3499984741211,101.75,64755,0.0,0.0,2023-06-26
1643,2023-06-26 09:55:00-04:00,101.75,101.79000091552734,101.56999969482422,101.77999877929688,44794,0.0,0.0,2023-06-26
1644,2023-06-26 10:00:00-04:00,101.73999786376953,101.80000305175781,101.48999786376953,101.52999877929688,39065,0.0,0.0,2023-06-26
1645,2023-06-26 10:05:00-04:00,101.5250015258789,101.62000274658203,101.31999969482422,101.31999969482422,35894,0.0,0.0,2023-06-26
1646,2023-06-26 10:10:00-04:00,101.31999969482422,101.31999969482422,101.02999877929688,101.05000305175781,52958,0.0,0.0,2023-06-26
1647,2023-06-26 10:15:00-04:00,101.02999877929688,101.3499984741211,101.02999877929688,101.25,82533,0.0,0.0,2023-06-26
1648,2023-06-26 10:20:00-04:00,101.23999786376953,101.29499816894531,101.1500015258789,101.2249984741211,26906,0.0,0.0,2023-06-26
1649,2023-06-26 10:25:00-04:00,101.2249984741211,101.30999755859375,101.11499786376953,101.11499786376953,21343,0.0,0.0,2023-06-26
1650,2023-06-26 10:30:00-04:00,101.13999938964844,101.13999938964844,101.00499725341797,101.01000213623047,21115,0.0,0.0,2023-06-26
1651,2023-06-26 10:35:00-04:00,101.0,101.00499725341797,100.8499984741211,100.91000366210938,22486,0.0,0.0,2023-06-26
1652,2023-06-26 10:40:00-04:00,100.9000015258789,101.18000030517578,100.79499816894531,101.12000274658203,24699,0.0,0.0,2023-06-26
1653,2023-06-26 10:45:00-04:00,101.11000061035156,101.11000061035156,100.95999908447266,101.05000305175781,21727,0.0,0.0,2023-06-26
1654,2023-06-26 10:50:00-04:00,101.05000305175781,101.08000183105469,100.94000244140625,100.97000122070312,18909,0.0,0.0,2023-06-26
1655,2023-06-26 10:55:00-04:00,100.95999908447266,101.11000061035156,100.94000244140625,101.0999984741211,27936,0.0,0.0,2023-06-26
1656,2023-06-26 11:00:00-04:00,101.0999984741211,101.25499725341797,101.08999633789062,101.18000030517578,28725,0.0,0.0,2023-06-26
1657,2023-06-26 11:05:00-04:00,101.18000030517578,101.40760040283203,101.16000366210938,101.30000305175781,21031,0.0,0.0,2023-06-26
1658,2023-06-26 11:10:00-04:00,101.31999969482422,101.38999938964844,101.23999786376953,101.26000213623047,24331,0.0,0.0,2023-06-26
1659,2023-06-26 11:15:00-04:00,101.27999877929688,101.27999877929688,101.04499816894531,101.19999694824219,21668,0.0,0.0,2023-06-26
1660,2023-06-26 11:20:00-04:00,101.18000030517578,101.18000030517578,101.0199966430664,101.05999755859375,26949,0.0,0.0,2023-06-26
1661,2023-06-26 11:25:00-04:00,101.05999755859375,101.40730285644531,101.05999755859375,101.37000274658203,33233,0.0,0.0,2023-06-26
1662,2023-06-26 11:30:00-04:00,101.38999938964844,101.4749984741211,101.22000122070312,101.2300033569336,34691,0.0,0.0,2023-06-26
1663,2023-06-26 11:35:00-04:00,101.22000122070312,101.27999877929688,101.17500305175781,101.27999877929688,22072,0.0,0.0,2023-06-26
1664,2023-06-26 11:40:00-04:00,101.30999755859375,101.5199966430664,101.29000091552734,101.5199966430664,24353,0.0,0.0,2023-06-26
1665,2023-06-26 11:45:00-04:00,101.5250015258789,101.65570068359375,101.51000213623047,101.65570068359375,33617,0.0,0.0,2023-06-26
1666,2023-06-26 11:50:00-04:00,101.66000366210938,101.69000244140625,101.55999755859375,101.63999938964844,26398,0.0,0.0,2023-06-26
1667,2023-06-26 11:55:00-04:00,101.66999816894531,101.69000244140625,101.58000183105469,101.58999633789062,21495,0.0,0.0,2023-06-26
1668,2023-06-26 12:00:00-04:00,101.5999984741211,101.75550079345703,101.5999984741211,101.75,20652,0.0,0.0,2023-06-26
1669,2023-06-26 12:05:00-04:00,101.73999786376953,101.79000091552734,101.62000274658203,101.7699966430664,20740,0.0,0.0,2023-06-26
1670,2023-06-26 12:10:00-04:00,101.73999786376953,101.7699966430664,101.63999938964844,101.66000366210938,42571,0.0,0.0,2023-06-26
1671,2023-06-26 12:15:00-04:00,101.69000244140625,101.7249984741211,101.62000274658203,101.69000244140625,17598,0.0,0.0,2023-06-26
1672,2023-06-26 12:20:00-04:00,101.68000030517578,101.7699966430664,101.62999725341797,101.69000244140625,29379,0.0,0.0,2023-06-26
1673,2023-06-26 12:25:00-04:00,101.69000244140625,101.7300033569336,101.61000061035156,101.70469665527344,29636,0.0,0.0,2023-06-26
1674,2023-06-26 12:30:00-04:00,101.69000244140625,101.72000122070312,101.48999786376953,101.5199966430664,22119,0.0,0.0,2023-06-26
1675,2023-06-26 12:35:00-04:00,101.5199966430664,101.58000183105469,101.48999786376953,101.55999755859375,24871,0.0,0.0,2023-06-26
1676,2023-06-26 12:40:00-04:00,101.55999755859375,101.61000061035156,101.5199966430664,101.56999969482422,17144,0.0,0.0,2023-06-26
1677,2023-06-26 12:45:00-04:00,101.58000183105469,101.62000274658203,101.5199966430664,101.54000091552734,20515,0.0,0.0,2023-06-26
1678,2023-06-26 12:50:00-04:00,101.56999969482422,101.62000274658203,101.54000091552734,101.55999755859375,17159,0.0,0.0,2023-06-26
1679,2023-06-26 12:55:00-04:00,101.58000183105469,101.70999908447266,101.57029724121094,101.66000366210938,22430,0.0,0.0,2023-06-26
1680,2023-06-26 13:00:00-04:00,101.67500305175781,101.69000244140625,101.58000183105469,101.58000183105469,14921,0.0,0.0,2023-06-26
1681,2023-06-26 13:05:00-04:00,101.58999633789062,101.66999816894531,101.58999633789062,101.6500015258789,11491,0.0,0.0,2023-06-26
1682,2023-06-26 13:10:00-04:00,101.63999938964844,101.689697265625,101.61000061035156,101.6511001586914,15559,0.0,0.0,2023-06-26
1683,2023-06-26 13:15:00-04:00,101.66000366210938,101.72000122070312,101.66000366210938,101.69999694824219,43835,0.0,0.0,2023-06-26
1684,2023-06-26 13:20:00-04:00,101.69999694824219,101.70999908447266,101.62999725341797,101.62999725341797,21111,0.0,0.0,2023-06-26
1685,2023-06-26 13:25:00-04:00,101.62000274658203,101.69999694824219,101.58000183105469,101.68000030517578,16295,0.0,0.0,2023-06-26
1686,2023-06-26 13:30:00-04:00,101.69000244140625,101.71499633789062,101.55999755859375,101.61000061035156,28112,0.0,0.0,2023-06-26
1687,2023-06-26 13:35:00-04:00,101.62000274658203,101.6500015258789,101.55999755859375,101.6500015258789,22981,0.0,0.0,2023-06-26
1688,2023-06-26 13:40:00-04:00,101.69999694824219,101.72000122070312,101.6500015258789,101.66999816894531,23455,0.0,0.0,2023-06-26
1689,2023-06-26 13:45:00-04:00,101.66999816894531,101.70999908447266,101.62999725341797,101.63999938964844,26530,0.0,0.0,2023-06-26
1690,2023-06-26 13:50:00-04:00,101.6500015258789,101.68000030517578,101.5260009765625,101.54100036621094,35332,0.0,0.0,2023-06-26
1691,2023-06-26 13:55:00-04:00,101.54000091552734,101.56999969482422,101.4749984741211,101.5,29871,0.0,0.0,2023-06-26
1692,2023-06-26 14:00:00-04:00,101.4800033569336,101.58999633789062,101.44999694824219,101.55000305175781,28854,0.0,0.0,2023-06-26
1693,2023-06-26 14:05:00-04:00,101.55000305175781,101.56999969482422,101.4800033569336,101.5009994506836,24767,0.0,0.0,2023-06-26
1694,2023-06-26 14:10:00-04:00,101.5,101.51000213623047,101.37000274658203,101.375,51952,0.0,0.0,2023-06-26
1695,2023-06-26 14:15:00-04:00,101.37000274658203,101.43000030517578,101.30000305175781,101.31999969482422,25629,0.0,0.0,2023-06-26
1696,2023-06-26 14:20:00-04:00,101.30000305175781,101.37999725341797,101.2699966430664,101.33999633789062,30700,0.0,0.0,2023-06-26
1697,2023-06-26 14:25:00-04:00,101.3499984741211,101.3949966430664,101.26000213623047,101.37999725341797,49437,0.0,0.0,2023-06-26
1698,2023-06-26 14:30:00-04:00,101.37000274658203,101.51499938964844,101.37000274658203,101.51499938964844,26301,0.0,0.0,2023-06-26
1699,2023-06-26 14:35:00-04:00,101.52999877929688,101.56999969482422,101.5198974609375,101.5199966430664,47679,0.0,0.0,2023-06-26
1700,2023-06-26 14:40:00-04:00,101.5,101.55999755859375,101.48999786376953,101.51000213623047,74954,0.0,0.0,2023-06-26
1701,2023-06-26 14:45:00-04:00,101.51010131835938,101.55999755859375,101.5,101.5250015258789,155503,0.0,0.0,2023-06-26
1702,2023-06-26 14:50:00-04:00,101.5199966430664,101.54000091552734,101.44000244140625,101.5199966430664,30634,0.0,0.0,2023-06-26
1703,2023-06-26 14:55:00-04:00,101.52999877929688,101.56500244140625,101.4800033569336,101.5199966430664,24123,0.0,0.0,2023-06-26
1704,2023-06-26 15:00:00-04:00,101.5250015258789,101.58499908447266,101.4800033569336,101.5199966430664,51822,0.0,0.0,2023-06-26
1705,2023-06-26 15:05:00-04:00,101.51000213623047,101.54000091552734,101.41999816894531,101.44499969482422,41926,0.0,0.0,2023-06-26
1706,2023-06-26 15:10:00-04:00,101.45829772949219,101.45829772949219,101.36000061035156,101.37000274658203,44464,0.0,0.0,2023-06-26
1707,2023-06-26 15:15:00-04:00,101.37999725341797,101.4000015258789,101.30000305175781,101.33000183105469,52118,0.0,0.0,2023-06-26
1708,2023-06-26 15:20:00-04:00,101.31999969482422,101.46499633789062,101.2699966430664,101.46499633789062,60486,0.0,0.0,2023-06-26
1709,2023-06-26 15:25:00-04:00,101.44999694824219,101.50499725341797,101.43000030517578,101.44999694824219,49093,0.0,0.0,2023-06-26
1710,2023-06-26 15:30:00-04:00,101.44000244140625,101.51000213623047,101.37999725341797,101.44000244140625,45815,0.0,0.0,2023-06-26
1711,2023-06-26 15:35:00-04:00,101.43499755859375,101.4800033569336,101.36499786376953,101.36499786376953,42445,0.0,0.0,2023-06-26
1712,2023-06-26 15:40:00-04:00,101.36499786376953,101.36499786376953,101.11000061035156,101.1500015258789,51001,0.0,0.0,2023-06-26
1713,2023-06-26 15:45:00-04:00,101.13999938964844,101.13999938964844,100.8949966430664,100.90499877929688,94991,0.0,0.0,2023-06-26
1714,2023-06-26 15:50:00-04:00,100.91000366210938,101.125,100.83000183105469,101.125,156288,0.0,0.0,2023-06-26
1715,2023-06-26 15:55:00-04:00,101.125,101.36000061035156,101.08000183105469,101.26000213623047,384624,0.0,0.0,2023-06-26
1716,2023-06-27 09:30:00-04:00,101.01000213623047,101.54000091552734,101.01000213623047,101.1050033569336,92669,0.0,0.0,2023-06-27
1717,2023-06-27 09:35:00-04:00,101.0999984741211,101.20999908447266,100.83999633789062,101.13999938964844,62477,0.0,0.0,2023-06-27
1718,2023-06-27 09:40:00-04:00,101.12139892578125,101.44999694824219,101.04000091552734,101.41000366210938,42731,0.0,0.0,2023-06-27
1719,2023-06-27 09:45:00-04:00,101.37999725341797,101.39459991455078,100.83000183105469,100.83000183105469,42918,0.0,0.0,2023-06-27
1720,2023-06-27 09:50:00-04:00,100.81500244140625,101.08000183105469,100.75,100.87999725341797,29880,0.0,0.0,2023-06-27
1721,2023-06-27 09:55:00-04:00,100.8550033569336,101.0,100.80999755859375,100.91999816894531,28029,0.0,0.0,2023-06-27
1722,2023-06-27 10:00:00-04:00,100.9000015258789,100.95999908447266,100.73500061035156,100.91999816894531,54396,0.0,0.0,2023-06-27
1723,2023-06-27 10:05:00-04:00,100.94999694824219,101.08999633789062,100.9000015258789,100.95999908447266,48266,0.0,0.0,2023-06-27
1724,2023-06-27 10:10:00-04:00,100.94000244140625,101.12000274658203,100.81999969482422,101.05000305175781,37394,0.0,0.0,2023-06-27
1725,2023-06-27 10:15:00-04:00,101.06999969482422,101.12999725341797,101.02999877929688,101.08499908447266,64409,0.0,0.0,2023-06-27
1726,2023-06-27 10:20:00-04:00,101.08999633789062,101.36000061035156,101.05999755859375,101.3499984741211,43576,0.0,0.0,2023-06-27
1727,2023-06-27 10:25:00-04:00,101.3499984741211,101.37999725341797,101.23999786376953,101.25,45891,0.0,0.0,2023-06-27
1728,2023-06-27 10:30:00-04:00,101.28739929199219,101.62000274658203,101.28739929199219,101.51000213623047,39665,0.0,0.0,2023-06-27
1729,2023-06-27 10:35:00-04:00,101.5,101.5,101.26000213623047,101.31999969482422,32303,0.0,0.0,2023-06-27
1730,2023-06-27 10:40:00-04:00,101.33000183105469,101.41000366210938,101.25,101.2699966430664,26368,0.0,0.0,2023-06-27
1731,2023-06-27 10:45:00-04:00,101.29000091552734,101.44499969482422,101.29000091552734,101.33999633789062,31024,0.0,0.0,2023-06-27
1732,2023-06-27 10:50:00-04:00,101.33000183105469,101.38999938964844,101.27999877929688,101.31999969482422,49247,0.0,0.0,2023-06-27
1733,2023-06-27 10:55:00-04:00,101.30999755859375,101.44999694824219,101.25,101.3499984741211,37101,0.0,0.0,2023-06-27
1734,2023-06-27 11:00:00-04:00,101.36000061035156,101.36000061035156,101.18000030517578,101.2300033569336,42464,0.0,0.0,2023-06-27
1735,2023-06-27 11:05:00-04:00,101.26000213623047,101.26000213623047,101.05999755859375,101.06999969482422,27880,0.0,0.0,2023-06-27
1736,2023-06-27 11:10:00-04:00,101.05000305175781,101.0718002319336,100.87999725341797,101.06999969482422,67291,0.0,0.0,2023-06-27
1737,2023-06-27 11:15:00-04:00,101.05999755859375,101.16000366210938,100.99600219726562,101.00499725341797,41285,0.0,0.0,2023-06-27
1738,2023-06-27 11:20:00-04:00,101.0250015258789,101.1333999633789,100.91999816894531,100.97000122070312,25791,0.0,0.0,2023-06-27
1739,2023-06-27 11:25:00-04:00,100.97000122070312,100.97000122070312,100.68499755859375,100.69999694824219,72906,0.0,0.0,2023-06-27
1740,2023-06-27 11:30:00-04:00,100.69999694824219,100.77999877929688,100.62999725341797,100.62999725341797,40920,0.0,0.0,2023-06-27
1741,2023-06-27 11:35:00-04:00,100.63999938964844,100.73999786376953,100.61499786376953,100.7228012084961,48395,0.0,0.0,2023-06-27
1742,2023-06-27 11:40:00-04:00,100.7300033569336,100.75,100.55999755859375,100.5698013305664,54035,0.0,0.0,2023-06-27
1743,2023-06-27 11:45:00-04:00,100.58999633789062,100.70999908447266,100.5199966430664,100.62999725341797,39259,0.0,0.0,2023-06-27
1744,2023-06-27 11:50:00-04:00,100.63999938964844,100.69999694824219,100.43000030517578,100.44000244140625,36803,0.0,0.0,2023-06-27
1745,2023-06-27 11:55:00-04:00,100.44999694824219,100.5,100.36000061035156,100.44000244140625,34487,0.0,0.0,2023-06-27
1746,2023-06-27 12:00:00-04:00,100.45999908447266,100.52970123291016,100.33000183105469,100.37999725341797,34393,0.0,0.0,2023-06-27
1747,2023-06-27 12:05:00-04:00,100.37000274658203,100.45999908447266,100.33999633789062,100.43000030517578,53496,0.0,0.0,2023-06-27
1748,2023-06-27 12:10:00-04:00,100.41999816894531,100.54499816894531,100.41000366210938,100.47000122070312,36632,0.0,0.0,2023-06-27
1749,2023-06-27 12:15:00-04:00,100.45999908447266,100.5199966430664,100.43000030517578,100.46499633789062,37559,0.0,0.0,2023-06-27
1750,2023-06-27 12:20:00-04:00,100.4800033569336,100.56999969482422,100.44999694824219,100.5,39534,0.0,0.0,2023-06-27
1751,2023-06-27 12:25:00-04:00,100.51000213623047,100.68000030517578,100.51000213623047,100.55000305175781,32186,0.0,0.0,2023-06-27
1752,2023-06-27 12:30:00-04:00,100.55000305175781,100.66190338134766,100.52999877929688,100.66000366210938,23838,0.0,0.0,2023-06-27
1753,2023-06-27 12:35:00-04:00,100.66000366210938,100.82980346679688,100.5999984741211,100.7925033569336,27397,0.0,0.0,2023-06-27
1754,2023-06-27 12:40:00-04:00,100.80000305175781,100.83999633789062,100.72010040283203,100.72010040283203,21393,0.0,0.0,2023-06-27
1755,2023-06-27 12:45:00-04:00,100.75,100.80999755859375,100.69000244140625,100.80000305175781,28319,0.0,0.0,2023-06-27
1756,2023-06-27 12:50:00-04:00,100.80000305175781,100.83000183105469,100.75,100.7699966430664,21965,0.0,0.0,2023-06-27
1757,2023-06-27 12:55:00-04:00,100.7699966430664,100.80999755859375,100.6500015258789,100.68499755859375,19489,0.0,0.0,2023-06-27
1758,2023-06-27 13:00:00-04:00,100.70999908447266,100.79979705810547,100.69999694824219,100.73999786376953,28271,0.0,0.0,2023-06-27
1759,2023-06-27 13:05:00-04:00,100.73999786376953,100.75,100.66000366210938,100.68000030517578,22304,0.0,0.0,2023-06-27
1760,2023-06-27 13:10:00-04:00,100.69499969482422,100.7699966430664,100.6500015258789,100.73999786376953,13874,0.0,0.0,2023-06-27
1761,2023-06-27 13:15:00-04:00,100.7300033569336,100.80829620361328,100.68099975585938,100.72000122070312,23088,0.0,0.0,2023-06-27
1762,2023-06-27 13:20:00-04:00,100.7300033569336,100.83000183105469,100.7249984741211,100.78910064697266,25151,0.0,0.0,2023-06-27
1763,2023-06-27 13:25:00-04:00,100.80110168457031,100.80110168457031,100.68000030517578,100.70999908447266,24108,0.0,0.0,2023-06-27
1764,2023-06-27 13:30:00-04:00,100.69000244140625,100.73999786376953,100.66000366210938,100.72000122070312,37517,0.0,0.0,2023-06-27
1765,2023-06-27 13:35:00-04:00,100.70999908447266,100.80000305175781,100.61000061035156,100.79000091552734,40139,0.0,0.0,2023-06-27
1766,2023-06-27 13:40:00-04:00,100.80999755859375,100.97000122070312,100.80999755859375,100.94999694824219,19010,0.0,0.0,2023-06-27
1767,2023-06-27 13:45:00-04:00,100.95500183105469,101.0199966430664,100.87999725341797,100.94000244140625,91277,0.0,0.0,2023-06-27
1768,2023-06-27 13:50:00-04:00,100.94999694824219,100.95999908447266,100.86000061035156,100.91999816894531,34747,0.0,0.0,2023-06-27
1769,2023-06-27 13:55:00-04:00,100.91000366210938,100.9800033569336,100.87000274658203,100.88999938964844,19617,0.0,0.0,2023-06-27
1770,2023-06-27 14:00:00-04:00,100.88999938964844,100.91000366210938,100.79000091552734,100.80999755859375,20355,0.0,0.0,2023-06-27
1771,2023-06-27 14:05:00-04:00,100.79000091552734,100.98999786376953,100.77999877929688,100.97000122070312,20097,0.0,0.0,2023-06-27
1772,2023-06-27 14:10:00-04:00,100.97000122070312,100.9800033569336,100.80000305175781,100.80000305175781,26378,0.0,0.0,2023-06-27
1773,2023-06-27 14:15:00-04:00,100.80000305175781,100.80000305175781,100.72000122070312,100.76000213623047,25142,0.0,0.0,2023-06-27
1774,2023-06-27 14:20:00-04:00,100.76580047607422,100.83000183105469,100.76580047607422,100.79000091552734,24723,0.0,0.0,2023-06-27
1775,2023-06-27 14:25:00-04:00,100.76000213623047,100.76000213623047,100.68000030517578,100.72989654541016,33611,0.0,0.0,2023-06-27
1776,2023-06-27 14:30:00-04:00,100.72000122070312,100.75,100.6500015258789,100.6500015258789,35948,0.0,0.0,2023-06-27
1777,2023-06-27 14:35:00-04:00,100.6500015258789,100.79000091552734,100.62000274658203,100.79000091552734,59802,0.0,0.0,2023-06-27
1778,2023-06-27 14:40:00-04:00,100.77999877929688,100.80999755859375,100.69999694824219,100.76000213623047,21193,0.0,0.0,2023-06-27
1779,2023-06-27 14:45:00-04:00,100.77999877929688,100.86000061035156,100.76000213623047,100.8499984741211,23579,0.0,0.0,2023-06-27
1780,2023-06-27 14:50:00-04:00,100.87000274658203,100.90730285644531,100.8499984741211,100.9000015258789,23005,0.0,0.0,2023-06-27
1781,2023-06-27 14:55:00-04:00,100.9000015258789,100.95999908447266,100.9000015258789,100.92500305175781,30259,0.0,0.0,2023-06-27
1782,2023-06-27 15:00:00-04:00,100.91999816894531,100.97650146484375,100.91500091552734,100.97000122070312,21177,0.0,0.0,2023-06-27
1783,2023-06-27 15:05:00-04:00,100.97000122070312,100.97000122070312,100.8499984741211,100.87000274658203,24887,0.0,0.0,2023-06-27
1784,2023-06-27 15:10:00-04:00,100.86000061035156,100.87999725341797,100.73999786376953,100.83000183105469,32414,0.0,0.0,2023-06-27
1785,2023-06-27 15:15:00-04:00,100.83000183105469,100.97000122070312,100.81999969482422,100.95999908447266,25731,0.0,0.0,2023-06-27
1786,2023-06-27 15:20:00-04:00,100.94999694824219,100.95999908447266,100.88500213623047,100.91999816894531,28252,0.0,0.0,2023-06-27
1787,2023-06-27 15:25:00-04:00,100.94000244140625,101.18000030517578,100.94000244140625,101.13999938964844,40080,0.0,0.0,2023-06-27
1788,2023-06-27 15:30:00-04:00,101.13999938964844,101.17900085449219,101.08999633789062,101.11000061035156,59748,0.0,0.0,2023-06-27
1789,2023-06-27 15:35:00-04:00,101.11000061035156,101.11000061035156,100.98999786376953,100.98999786376953,47096,0.0,0.0,2023-06-27
1790,2023-06-27 15:40:00-04:00,101.01000213623047,101.0199966430664,100.93000030517578,101.0,48587,0.0,0.0,2023-06-27
1791,2023-06-27 15:45:00-04:00,101.0,101.08000183105469,100.98999786376953,101.02999877929688,53365,0.0,0.0,2023-06-27
1792,2023-06-27 15:50:00-04:00,101.04000091552734,101.04000091552734,100.88999938964844,100.91000366210938,84887,0.0,0.0,2023-06-27
1793,2023-06-27 15:55:00-04:00,100.91000366210938,100.98999786376953,100.77999877929688,100.77999877929688,262442,0.0,0.0,2023-06-27
1794,2023-06-28 09:30:00-04:00,100.81999969482422,100.91999816894531,100.44000244140625,100.56500244140625,96197,0.0,0.0,2023-06-28
1795,2023-06-28 09:35:00-04:00,100.54000091552734,100.5999984741211,100.25,100.32499694824219,35509,0.0,0.0,2023-06-28
1796,2023-06-28 09:40:00-04:00,100.37999725341797,100.47000122070312,100.0999984741211,100.45989990234375,30520,0.0,0.0,2023-06-28
1797,2023-06-28 09:45:00-04:00,100.45999908447266,100.4800033569336,100.04000091552734,100.08000183105469,54748,0.0,0.0,2023-06-28
1798,2023-06-28 09:50:00-04:00,100.06999969482422,100.56999969482422,99.95999908447266,100.44000244140625,46490,0.0,0.0,2023-06-28
1799,2023-06-28 09:55:00-04:00,100.5,100.57499694824219,100.29499816894531,100.5,33399,0.0,0.0,2023-06-28
1800,2023-06-28 10:00:00-04:00,100.5,100.5199966430664,100.30000305175781,100.51000213623047,26240,0.0,0.0,2023-06-28
1801,2023-06-28 10:05:00-04:00,100.49030303955078,100.63999938964844,100.4800033569336,100.63999938964844,20218,0.0,0.0,2023-06-28
1802,2023-06-28 10:10:00-04:00,100.6500015258789,100.70999908447266,100.38999938964844,100.51000213623047,60798,0.0,0.0,2023-06-28
1803,2023-06-28 10:15:00-04:00,100.5,100.62899780273438,100.41000366210938,100.5,26939,0.0,0.0,2023-06-28
1804,2023-06-28 10:20:00-04:00,100.5,100.61000061035156,100.30999755859375,100.31999969482422,30433,0.0,0.0,2023-06-28
1805,2023-06-28 10:25:00-04:00,100.31999969482422,100.41999816894531,100.23999786376953,100.29000091552734,22673,0.0,0.0,2023-06-28
1806,2023-06-28 10:30:00-04:00,100.27999877929688,100.62000274658203,100.2699966430664,100.56999969482422,40054,0.0,0.0,2023-06-28
1807,2023-06-28 10:35:00-04:00,100.61499786376953,100.62999725341797,100.38999938964844,100.56999969482422,44066,0.0,0.0,2023-06-28
1808,2023-06-28 10:40:00-04:00,100.55000305175781,100.86000061035156,100.51000213623047,100.7699966430664,40963,0.0,0.0,2023-06-28
1809,2023-06-28 10:45:00-04:00,100.73999786376953,100.87850189208984,100.61000061035156,100.81169891357422,43982,0.0,0.0,2023-06-28
1810,2023-06-28 10:50:00-04:00,100.81500244140625,100.8499984741211,100.62000274658203,100.72000122070312,39842,0.0,0.0,2023-06-28
1811,2023-06-28 10:55:00-04:00,100.70999908447266,100.81999969482422,100.70999908447266,100.76000213623047,31301,0.0,0.0,2023-06-28
1812,2023-06-28 11:00:00-04:00,100.76000213623047,101.11499786376953,100.76000213623047,101.11499786376953,34011,0.0,0.0,2023-06-28
1813,2023-06-28 11:05:00-04:00,101.1449966430664,101.38999938964844,101.11100006103516,101.32499694824219,39971,0.0,0.0,2023-06-28
1814,2023-06-28 11:10:00-04:00,101.3499984741211,101.44000244140625,101.19999694824219,101.44000244140625,48677,0.0,0.0,2023-06-28
1815,2023-06-28 11:15:00-04:00,101.45999908447266,101.69000244140625,101.41000366210938,101.6500015258789,31356,0.0,0.0,2023-06-28
1816,2023-06-28 11:20:00-04:00,101.6500015258789,101.77999877929688,101.5999984741211,101.66500091552734,35811,0.0,0.0,2023-06-28
1817,2023-06-28 11:25:00-04:00,101.68000030517578,101.87999725341797,101.66000366210938,101.7249984741211,33285,0.0,0.0,2023-06-28
1818,2023-06-28 11:30:00-04:00,101.70999908447266,101.7699966430664,101.5999984741211,101.61000061035156,31592,0.0,0.0,2023-06-28
1819,2023-06-28 11:35:00-04:00,101.61000061035156,101.75,101.5999984741211,101.62000274658203,29765,0.0,0.0,2023-06-28
1820,2023-06-28 11:40:00-04:00,101.63999938964844,101.7699966430664,101.58000183105469,101.76000213623047,65326,0.0,0.0,2023-06-28
1821,2023-06-28 11:45:00-04:00,101.75,101.94000244140625,101.75,101.8499984741211,39731,0.0,0.0,2023-06-28
1822,2023-06-28 11:50:00-04:00,101.81999969482422,101.87000274658203,101.73999786376953,101.80500030517578,27391,0.0,0.0,2023-06-28
1823,2023-06-28 11:55:00-04:00,101.80999755859375,101.98999786376953,101.75,101.97000122070312,29072,0.0,0.0,2023-06-28
1824,2023-06-28 12:00:00-04:00,101.95999908447266,101.98999786376953,101.91000366210938,101.97000122070312,27921,0.0,0.0,2023-06-28
1825,2023-06-28 12:05:00-04:00,101.9800033569336,102.08000183105469,101.94000244140625,102.08000183105469,50077,0.0,0.0,2023-06-28
1826,2023-06-28 12:10:00-04:00,102.08999633789062,102.12999725341797,101.9800033569336,102.11000061035156,40353,0.0,0.0,2023-06-28
1827,2023-06-28 12:15:00-04:00,102.08999633789062,102.12000274658203,101.98999786376953,102.04090118408203,47591,0.0,0.0,2023-06-28
1828,2023-06-28 12:20:00-04:00,102.05999755859375,102.13500213623047,101.87000274658203,102.12000274658203,31153,0.0,0.0,2023-06-28
1829,2023-06-28 12:25:00-04:00,102.11000061035156,102.2300033569336,102.05999755859375,102.20999908447266,37086,0.0,0.0,2023-06-28
1830,2023-06-28 12:30:00-04:00,102.25,102.30999755859375,102.20999908447266,102.24949645996094,33719,0.0,0.0,2023-06-28
1831,2023-06-28 12:35:00-04:00,102.25279998779297,102.38999938964844,102.2406005859375,102.36280059814453,31864,0.0,0.0,2023-06-28
1832,2023-06-28 12:40:00-04:00,102.36000061035156,102.4000015258789,102.19000244140625,102.22000122070312,33263,0.0,0.0,2023-06-28
1833,2023-06-28 12:45:00-04:00,102.20999908447266,102.4000015258789,102.19999694824219,102.2300033569336,45592,0.0,0.0,2023-06-28
1834,2023-06-28 12:50:00-04:00,102.22000122070312,102.25,102.12999725341797,102.18499755859375,50311,0.0,0.0,2023-06-28
1835,2023-06-28 12:55:00-04:00,102.16999816894531,102.2699966430664,102.11000061035156,102.23500061035156,41164,0.0,0.0,2023-06-28
1836,2023-06-28 13:00:00-04:00,102.23999786376953,102.30000305175781,102.12000274658203,102.27999877929688,40190,0.0,0.0,2023-06-28
1837,2023-06-28 13:05:00-04:00,102.30000305175781,102.43000030517578,102.2699966430664,102.41000366210938,51125,0.0,0.0,2023-06-28
1838,2023-06-28 13:10:00-04:00,102.41000366210938,102.48999786376953,102.33000183105469,102.47000122070312,46991,0.0,0.0,2023-06-28
1839,2023-06-28 13:15:00-04:00,102.4800033569336,102.51799774169922,102.37999725341797,102.51730346679688,38002,0.0,0.0,2023-06-28
1840,2023-06-28 13:20:00-04:00,102.5199966430664,102.55000305175781,102.45999908447266,102.54000091552734,44250,0.0,0.0,2023-06-28
1841,2023-06-28 13:25:00-04:00,102.54000091552734,102.70999908447266,102.52999877929688,102.66999816894531,50481,0.0,0.0,2023-06-28
1842,2023-06-28 13:30:00-04:00,102.70500183105469,102.72000122070312,102.4800033569336,102.5,51166,0.0,0.0,2023-06-28
1843,2023-06-28 13:35:00-04:00,102.51000213623047,102.54000091552734,102.44000244140625,102.4800033569336,32195,0.0,0.0,2023-06-28
1844,2023-06-28 13:40:00-04:00,102.48999786376953,102.52999877929688,102.33499908447266,102.36000061035156,47305,0.0,0.0,2023-06-28
1845,2023-06-28 13:45:00-04:00,102.3550033569336,102.43000030517578,102.3499984741211,102.4000015258789,40715,0.0,0.0,2023-06-28
1846,2023-06-28 13:50:00-04:00,102.4000015258789,102.43000030517578,102.30560302734375,102.3499984741211,28972,0.0,0.0,2023-06-28
1847,2023-06-28 13:55:00-04:00,102.3499984741211,102.3499984741211,102.22000122070312,102.31079864501953,101970,0.0,0.0,2023-06-28
1848,2023-06-28 14:00:00-04:00,102.31999969482422,102.5,102.30999755859375,102.46499633789062,48579,0.0,0.0,2023-06-28
1849,2023-06-28 14:05:00-04:00,102.45999908447266,102.5199966430664,102.42990112304688,102.4800033569336,27169,0.0,0.0,2023-06-28
1850,2023-06-28 14:10:00-04:00,102.5,102.51000213623047,102.44999694824219,102.48999786376953,34523,0.0,0.0,2023-06-28
1851,2023-06-28 14:15:00-04:00,102.48999786376953,102.51000213623047,102.44000244140625,102.44999694824219,25603,0.0,0.0,2023-06-28
1852,2023-06-28 14:20:00-04:00,102.44000244140625,102.45999908447266,102.37000274658203,102.37999725341797,26178,0.0,0.0,2023-06-28
1853,2023-06-28 14:25:00-04:00,102.37000274658203,102.37000274658203,102.26000213623047,102.26000213623047,35343,0.0,0.0,2023-06-28
1854,2023-06-28 14:30:00-04:00,102.27999877929688,102.44999694824219,102.23999786376953,102.44000244140625,41787,0.0,0.0,2023-06-28
1855,2023-06-28 14:35:00-04:00,102.44999694824219,102.50499725341797,102.43000030517578,102.44000244140625,27768,0.0,0.0,2023-06-28
1856,2023-06-28 14:40:00-04:00,102.44000244140625,102.5,102.4000015258789,102.44999694824219,25616,0.0,0.0,2023-06-28
1857,2023-06-28 14:45:00-04:00,102.44000244140625,102.51000213623047,102.43000030517578,102.4800033569336,63707,0.0,0.0,2023-06-28
1858,2023-06-28 14:50:00-04:00,102.47000122070312,102.51000213623047,102.43000030517578,102.51000213623047,25024,0.0,0.0,2023-06-28
1859,2023-06-28 14:55:00-04:00,102.5,102.5,102.41999816894531,102.45999908447266,37093,0.0,0.0,2023-06-28
1860,2023-06-28 15:00:00-04:00,102.45999908447266,102.47000122070312,102.29000091552734,102.33000183105469,36894,0.0,0.0,2023-06-28
1861,2023-06-28 15:05:00-04:00,102.33999633789062,102.36000061035156,102.24649810791016,102.3499984741211,45121,0.0,0.0,2023-06-28
1862,2023-06-28 15:10:00-04:00,102.36000061035156,102.48999786376953,102.36000061035156,102.44999694824219,46560,0.0,0.0,2023-06-28
1863,2023-06-28 15:15:00-04:00,102.44000244140625,102.45500183105469,102.33999633789062,102.36000061035156,42188,0.0,0.0,2023-06-28
1864,2023-06-28 15:20:00-04:00,102.3499984741211,102.42620086669922,102.33000183105469,102.38999938964844,47045,0.0,0.0,2023-06-28
1865,2023-06-28 15:25:00-04:00,102.37999725341797,102.4000015258789,102.24500274658203,102.26609802246094,62878,0.0,0.0,2023-06-28
1866,2023-06-28 15:30:00-04:00,102.25499725341797,102.44000244140625,102.25,102.42500305175781,70655,0.0,0.0,2023-06-28
1867,2023-06-28 15:35:00-04:00,102.42500305175781,102.5,102.37000274658203,102.49500274658203,93464,0.0,0.0,2023-06-28
1868,2023-06-28 15:40:00-04:00,102.48999786376953,102.56999969482422,102.41999816894531,102.48999786376953,71900,0.0,0.0,2023-06-28
1869,2023-06-28 15:45:00-04:00,102.48999786376953,102.62000274658203,102.46499633789062,102.52999877929688,119732,0.0,0.0,2023-06-28
1870,2023-06-28 15:50:00-04:00,102.54000091552734,102.58000183105469,102.2300033569336,102.2300033569336,201363,0.0,0.0,2023-06-28
1871,2023-06-28 15:55:00-04:00,102.2300033569336,102.58000183105469,102.18000030517578,102.58000183105469,492170,0.0,0.0,2023-06-28
1872,2023-06-29 09:30:00-04:00,102.51000213623047,102.83999633789062,102.11000061035156,102.33499908447266,112457,0.0,0.0,2023-06-29
1873,2023-06-29 09:35:00-04:00,102.33999633789062,102.55999755859375,102.30000305175781,102.41000366210938,30964,0.0,0.0,2023-06-29
1874,2023-06-29 09:40:00-04:00,102.41000366210938,102.48999786376953,102.08999633789062,102.19999694824219,57321,0.0,0.0,2023-06-29
1875,2023-06-29 09:45:00-04:00,102.20500183105469,102.61000061035156,102.20500183105469,102.61000061035156,91179,0.0,0.0,2023-06-29
1876,2023-06-29 09:50:00-04:00,102.62999725341797,102.62999725341797,102.41999816894531,102.5,56821,0.0,0.0,2023-06-29
1877,2023-06-29 09:55:00-04:00,102.48999786376953,102.58000183105469,102.44000244140625,102.48999786376953,50739,0.0,0.0,2023-06-29
1878,2023-06-29 10:00:00-04:00,102.48999786376953,102.79000091552734,102.48999786376953,102.70999908447266,67218,0.0,0.0,2023-06-29
1879,2023-06-29 10:05:00-04:00,102.72000122070312,102.95600128173828,102.68000030517578,102.92900085449219,43695,0.0,0.0,2023-06-29
1880,2023-06-29 10:10:00-04:00,102.94999694824219,103.16999816894531,102.93000030517578,103.16999816894531,39623,0.0,0.0,2023-06-29
1881,2023-06-29 10:15:00-04:00,103.16999816894531,103.2249984741211,102.9749984741211,103.01499938964844,36812,0.0,0.0,2023-06-29
1882,2023-06-29 10:20:00-04:00,103.0,103.08989715576172,102.94999694824219,102.97989654541016,50785,0.0,0.0,2023-06-29
1883,2023-06-29 10:25:00-04:00,102.9800033569336,103.1500015258789,102.9800033569336,103.1500015258789,24782,0.0,0.0,2023-06-29
1884,2023-06-29 10:30:00-04:00,103.13999938964844,103.30729675292969,103.13999938964844,103.25499725341797,52164,0.0,0.0,2023-06-29
1885,2023-06-29 10:35:00-04:00,103.26100158691406,103.26499938964844,103.11000061035156,103.1500015258789,80218,0.0,0.0,2023-06-29
1886,2023-06-29 10:40:00-04:00,103.1500015258789,103.27999877929688,103.1500015258789,103.2300033569336,73410,0.0,0.0,2023-06-29
1887,2023-06-29 10:45:00-04:00,103.2300033569336,103.30999755859375,103.01000213623047,103.02999877929688,52222,0.0,0.0,2023-06-29
1888,2023-06-29 10:50:00-04:00,103.02999877929688,103.12000274658203,102.8499984741211,102.8499984741211,44187,0.0,0.0,2023-06-29
1889,2023-06-29 10:55:00-04:00,102.8499984741211,102.87000274658203,102.68000030517578,102.68730163574219,24016,0.0,0.0,2023-06-29
1890,2023-06-29 11:00:00-04:00,102.68000030517578,102.80999755859375,102.54000091552734,102.75,25506,0.0,0.0,2023-06-29
1891,2023-06-29 11:05:00-04:00,102.76000213623047,102.7699966430664,102.56999969482422,102.56999969482422,33285,0.0,0.0,2023-06-29
1892,2023-06-29 11:10:00-04:00,102.56999969482422,102.56999969482422,102.1500015258789,102.18000030517578,49307,0.0,0.0,2023-06-29
1893,2023-06-29 11:15:00-04:00,102.2029037475586,102.2029037475586,101.91999816894531,102.125,59955,0.0,0.0,2023-06-29
1894,2023-06-29 11:20:00-04:00,102.0999984741211,102.3499984741211,101.91000366210938,101.91000366210938,50372,0.0,0.0,2023-06-29
1895,2023-06-29 11:25:00-04:00,101.91500091552734,102.29000091552734,101.80999755859375,102.23999786376953,39089,0.0,0.0,2023-06-29
1896,2023-06-29 11:30:00-04:00,102.22000122070312,102.31500244140625,102.19000244140625,102.30000305175781,30815,0.0,0.0,2023-06-29
1897,2023-06-29 11:35:00-04:00,102.33889770507812,102.37999725341797,102.24690246582031,102.29309844970703,27121,0.0,0.0,2023-06-29
1898,2023-06-29 11:40:00-04:00,102.29000091552734,102.47000122070312,102.23999786376953,102.43000030517578,30778,0.0,0.0,2023-06-29
1899,2023-06-29 11:45:00-04:00,102.44999694824219,102.55000305175781,102.40499877929688,102.55000305175781,25555,0.0,0.0,2023-06-29
1900,2023-06-29 11:50:00-04:00,102.52999877929688,102.52999877929688,102.41999816894531,102.47000122070312,38875,0.0,0.0,2023-06-29
1901,2023-06-29 11:55:00-04:00,102.45999908447266,102.47000122070312,102.29000091552734,102.47000122070312,31065,0.0,0.0,2023-06-29
1902,2023-06-29 12:00:00-04:00,102.4800033569336,102.52999877929688,102.44999694824219,102.45999908447266,27598,0.0,0.0,2023-06-29
1903,2023-06-29 12:05:00-04:00,102.47000122070312,102.52999877929688,102.44000244140625,102.44000244140625,27853,0.0,0.0,2023-06-29
1904,2023-06-29 12:10:00-04:00,102.45999908447266,102.46119689941406,102.31999969482422,102.37999725341797,24256,0.0,0.0,2023-06-29
1905,2023-06-29 12:15:00-04:00,102.37000274658203,102.54000091552734,102.37000274658203,102.4800033569336,23409,0.0,0.0,2023-06-29
1906,2023-06-29 12:20:00-04:00,102.5199966430664,102.52999877929688,102.43000030517578,102.43000030517578,33075,0.0,0.0,2023-06-29
1907,2023-06-29 12:25:00-04:00,102.43499755859375,102.55000305175781,102.37000274658203,102.45999908447266,25869,0.0,0.0,2023-06-29
1908,2023-06-29 12:30:00-04:00,102.45999908447266,102.72000122070312,102.44499969482422,102.62999725341797,18099,0.0,0.0,2023-06-29
1909,2023-06-29 12:35:00-04:00,102.6500015258789,102.73999786376953,102.63999938964844,102.67579650878906,15322,0.0,0.0,2023-06-29
1910,2023-06-29 12:40:00-04:00,102.68000030517578,102.68000030517578,102.44999694824219,102.62999725341797,50619,0.0,0.0,2023-06-29
1911,2023-06-29 12:45:00-04:00,102.6500015258789,102.68000030517578,102.55500030517578,102.66999816894531,30798,0.0,0.0,2023-06-29
1912,2023-06-29 12:50:00-04:00,102.66999816894531,102.72000122070312,102.52999877929688,102.62000274658203,50705,0.0,0.0,2023-06-29
1913,2023-06-29 12:55:00-04:00,102.62999725341797,102.77999877929688,102.61000061035156,102.77999877929688,25798,0.0,0.0,2023-06-29
1914,2023-06-29 13:00:00-04:00,102.77999877929688,102.80999755859375,102.6500015258789,102.68499755859375,34442,0.0,0.0,2023-06-29
1915,2023-06-29 13:05:00-04:00,102.66000366210938,102.66000366210938,102.5,102.56999969482422,35593,0.0,0.0,2023-06-29
1916,2023-06-29 13:10:00-04:00,102.56999969482422,102.66500091552734,102.55000305175781,102.66000366210938,27567,0.0,0.0,2023-06-29
1917,2023-06-29 13:15:00-04:00,102.68000030517578,102.68000030517578,102.55000305175781,102.58999633789062,17313,0.0,0.0,2023-06-29
1918,2023-06-29 13:20:00-04:00,102.55999755859375,102.57710266113281,102.45999908447266,102.47000122070312,19744,0.0,0.0,2023-06-29
1919,2023-06-29 13:25:00-04:00,102.51000213623047,102.52999877929688,102.43000030517578,102.4800033569336,43832,0.0,0.0,2023-06-29
1920,2023-06-29 13:30:00-04:00,102.47000122070312,102.66000366210938,102.44999694824219,102.62999725341797,132227,0.0,0.0,2023-06-29
1921,2023-06-29 13:35:00-04:00,102.62999725341797,102.66999816894531,102.52010345458984,102.63999938964844,37241,0.0,0.0,2023-06-29
1922,2023-06-29 13:40:00-04:00,102.6500015258789,102.83999633789062,102.58999633789062,102.80999755859375,27569,0.0,0.0,2023-06-29
1923,2023-06-29 13:45:00-04:00,102.79000091552734,102.86000061035156,102.76000213623047,102.80999755859375,19337,0.0,0.0,2023-06-29
1924,2023-06-29 13:50:00-04:00,102.80000305175781,102.8499984741211,102.69000244140625,102.7699966430664,43657,0.0,0.0,2023-06-29
1925,2023-06-29 13:55:00-04:00,102.7699966430664,102.79000091552734,102.66000366210938,102.69629669189453,20726,0.0,0.0,2023-06-29
1926,2023-06-29 14:00:00-04:00,102.69000244140625,102.73249816894531,102.52999877929688,102.58000183105469,30296,0.0,0.0,2023-06-29
1927,2023-06-29 14:05:00-04:00,102.55999755859375,102.58000183105469,102.41000366210938,102.41000366210938,47868,0.0,0.0,2023-06-29
1928,2023-06-29 14:10:00-04:00,102.41999816894531,102.44999694824219,102.30999755859375,102.44999694824219,47100,0.0,0.0,2023-06-29
1929,2023-06-29 14:15:00-04:00,102.44000244140625,102.5999984741211,102.38999938964844,102.56999969482422,44183,0.0,0.0,2023-06-29
1930,2023-06-29 14:20:00-04:00,102.54000091552734,102.68000030517578,102.54000091552734,102.58000183105469,33517,0.0,0.0,2023-06-29
1931,2023-06-29 14:25:00-04:00,102.58999633789062,102.61000061035156,102.51000213623047,102.56999969482422,82204,0.0,0.0,2023-06-29
1932,2023-06-29 14:30:00-04:00,102.58000183105469,102.66500091552734,102.58000183105469,102.66500091552734,29918,0.0,0.0,2023-06-29
1933,2023-06-29 14:35:00-04:00,102.66000366210938,102.69999694824219,102.52999877929688,102.52999877929688,26138,0.0,0.0,2023-06-29
1934,2023-06-29 14:40:00-04:00,102.52999877929688,102.52999877929688,102.35099792480469,102.37999725341797,38501,0.0,0.0,2023-06-29
1935,2023-06-29 14:45:00-04:00,102.37000274658203,102.47000122070312,102.35009765625,102.41500091552734,30642,0.0,0.0,2023-06-29
1936,2023-06-29 14:50:00-04:00,102.43000030517578,102.43000030517578,102.30000305175781,102.37000274658203,32804,0.0,0.0,2023-06-29
1937,2023-06-29 14:55:00-04:00,102.37000274658203,102.4000015258789,102.2699966430664,102.36000061035156,37435,0.0,0.0,2023-06-29
1938,2023-06-29 15:00:00-04:00,102.37000274658203,102.48999786376953,102.3550033569336,102.46499633789062,31315,0.0,0.0,2023-06-29
1939,2023-06-29 15:05:00-04:00,102.48999786376953,102.63500213623047,102.45999908447266,102.62249755859375,54487,0.0,0.0,2023-06-29
1940,2023-06-29 15:10:00-04:00,102.62000274658203,102.73999786376953,102.62000274658203,102.68560028076172,40981,0.0,0.0,2023-06-29
1941,2023-06-29 15:15:00-04:00,102.69999694824219,102.7300033569336,102.55999755859375,102.61000061035156,34670,0.0,0.0,2023-06-29
1942,2023-06-29 15:20:00-04:00,102.62999725341797,102.69999694824219,102.61000061035156,102.66000366210938,31280,0.0,0.0,2023-06-29
1943,2023-06-29 15:25:00-04:00,102.68000030517578,102.69999694824219,102.59500122070312,102.63860321044922,35340,0.0,0.0,2023-06-29
1944,2023-06-29 15:30:00-04:00,102.63999938964844,102.6500015258789,102.51000213623047,102.56999969482422,63734,0.0,0.0,2023-06-29
1945,2023-06-29 15:35:00-04:00,102.55000305175781,102.5999984741211,102.41999816894531,102.45500183105469,56303,0.0,0.0,2023-06-29
1946,2023-06-29 15:40:00-04:00,102.45500183105469,102.54000091552734,102.41000366210938,102.50350189208984,50001,0.0,0.0,2023-06-29
1947,2023-06-29 15:45:00-04:00,102.50499725341797,102.68000030517578,102.4800033569336,102.68000030517578,66977,0.0,0.0,2023-06-29
1948,2023-06-29 15:50:00-04:00,102.66000366210938,102.78500366210938,102.5999984741211,102.69499969482422,125288,0.0,0.0,2023-06-29
1949,2023-06-29 15:55:00-04:00,102.70999908447266,103.08999633789062,102.69999694824219,103.05999755859375,282821,0.0,0.0,2023-06-29
1950,2023-06-30 09:30:00-04:00,103.75,103.75,103.18000030517578,103.3499984741211,130625,0.0,0.0,2023-06-30
1951,2023-06-30 09:35:00-04:00,103.33999633789062,103.37000274658203,103.11000061035156,103.20999908447266,51982,0.0,0.0,2023-06-30
1952,2023-06-30 09:40:00-04:00,103.25,103.3499984741211,102.91999816894531,102.92500305175781,71499,0.0,0.0,2023-06-30
1953,2023-06-30 09:45:00-04:00,102.91500091552734,102.91500091552734,102.54000091552734,102.55000305175781,64121,0.0,0.0,2023-06-30
1954,2023-06-30 09:50:00-04:00,102.56999969482422,103.17500305175781,102.56999969482422,103.11000061035156,37696,0.0,0.0,2023-06-30
1955,2023-06-30 09:55:00-04:00,103.12999725341797,103.25499725341797,103.05000305175781,103.06500244140625,35918,0.0,0.0,2023-06-30
1956,2023-06-30 10:00:00-04:00,103.01499938964844,103.29000091552734,102.97000122070312,103.29000091552734,60790,0.0,0.0,2023-06-30
1957,2023-06-30 10:05:00-04:00,103.28500366210938,103.33000183105469,103.12999725341797,103.25,41826,0.0,0.0,2023-06-30
1958,2023-06-30 10:10:00-04:00,103.29000091552734,103.62000274658203,103.25,103.51000213623047,86526,0.0,0.0,2023-06-30
1959,2023-06-30 10:15:00-04:00,103.5199966430664,103.62000274658203,103.4800033569336,103.5,43945,0.0,0.0,2023-06-30
1960,2023-06-30 10:20:00-04:00,103.49500274658203,103.62000274658203,103.44999694824219,103.5250015258789,60339,0.0,0.0,2023-06-30
1961,2023-06-30 10:25:00-04:00,103.5199966430664,103.83999633789062,103.5199966430664,103.83999633789062,67853,0.0,0.0,2023-06-30
1962,2023-06-30 10:30:00-04:00,103.83999633789062,103.875,103.76499938964844,103.79000091552734,64646,0.0,0.0,2023-06-30
1963,2023-06-30 10:35:00-04:00,103.80000305175781,103.83999633789062,103.69999694824219,103.7699966430664,67440,0.0,0.0,2023-06-30
1964,2023-06-30 10:40:00-04:00,103.76000213623047,103.91000366210938,103.73999786376953,103.88999938964844,71646,0.0,0.0,2023-06-30
1965,2023-06-30 10:45:00-04:00,103.88999938964844,103.95500183105469,103.5,103.55010223388672,79545,0.0,0.0,2023-06-30
1966,2023-06-30 10:50:00-04:00,103.55999755859375,103.62999725341797,103.5,103.61000061035156,50529,0.0,0.0,2023-06-30
1967,2023-06-30 10:55:00-04:00,103.5999984741211,103.75749969482422,103.53959655761719,103.56999969482422,103950,0.0,0.0,2023-06-30
1968,2023-06-30 11:00:00-04:00,103.55500030517578,103.6500015258789,103.5,103.61000061035156,37562,0.0,0.0,2023-06-30
1969,2023-06-30 11:05:00-04:00,103.63999938964844,103.69000244140625,103.49500274658203,103.61000061035156,74728,0.0,0.0,2023-06-30
1970,2023-06-30 11:10:00-04:00,103.62000274658203,103.69000244140625,103.48500061035156,103.52999877929688,71291,0.0,0.0,2023-06-30
1971,2023-06-30 11:15:00-04:00,103.52999877929688,103.62999725341797,103.5,103.55999755859375,57333,0.0,0.0,2023-06-30
1972,2023-06-30 11:20:00-04:00,103.53500366210938,103.63999938964844,103.5199966430664,103.5199966430664,54299,0.0,0.0,2023-06-30
1973,2023-06-30 11:25:00-04:00,103.51499938964844,103.58000183105469,103.48500061035156,103.52999877929688,60125,0.0,0.0,2023-06-30
1974,2023-06-30 11:30:00-04:00,103.5199966430664,103.58999633789062,103.43499755859375,103.56999969482422,65130,0.0,0.0,2023-06-30
1975,2023-06-30 11:35:00-04:00,103.56500244140625,103.62000274658203,103.5,103.5,39126,0.0,0.0,2023-06-30
1976,2023-06-30 11:40:00-04:00,103.51499938964844,103.63999938964844,103.4800033569336,103.5199966430664,97313,0.0,0.0,2023-06-30
1977,2023-06-30 11:45:00-04:00,103.51000213623047,103.55000305175781,103.48999786376953,103.5,62450,0.0,0.0,2023-06-30
1978,2023-06-30 11:50:00-04:00,103.51000213623047,103.58999633789062,103.4800033569336,103.55000305175781,44294,0.0,0.0,2023-06-30
1979,2023-06-30 11:55:00-04:00,103.55000305175781,103.73999786376953,103.5199966430664,103.72000122070312,38218,0.0,0.0,2023-06-30
1980,2023-06-30 12:00:00-04:00,103.70999908447266,103.75,103.61000061035156,103.69999694824219,60805,0.0,0.0,2023-06-30
1981,2023-06-30 12:05:00-04:00,103.68000030517578,103.79000091552734,103.66999816894531,103.79000091552734,19659,0.0,0.0,2023-06-30
1982,2023-06-30 12:10:00-04:00,103.80000305175781,103.81999969482422,103.73999786376953,103.73999786376953,48925,0.0,0.0,2023-06-30
1983,2023-06-30 12:15:00-04:00,103.7300033569336,103.83000183105469,103.66999816894531,103.80999755859375,34731,0.0,0.0,2023-06-30
1984,2023-06-30 12:20:00-04:00,103.81999969482422,103.9000015258789,103.7699966430664,103.88999938964844,35531,0.0,0.0,2023-06-30
1985,2023-06-30 12:25:00-04:00,103.88999938964844,103.94000244140625,103.7750015258789,103.83999633789062,50381,0.0,0.0,2023-06-30
1986,2023-06-30 12:30:00-04:00,103.8499984741211,103.87999725341797,103.81999969482422,103.83999633789062,70532,0.0,0.0,2023-06-30
1987,2023-06-30 12:35:00-04:00,103.8499984741211,103.9000015258789,103.79000091552734,103.79000091552734,29000,0.0,0.0,2023-06-30
1988,2023-06-30 12:40:00-04:00,103.79499816894531,103.88500213623047,103.7750015258789,103.88500213623047,30917,0.0,0.0,2023-06-30
1989,2023-06-30 12:45:00-04:00,103.87000274658203,103.97000122070312,103.81999969482422,103.94000244140625,55112,0.0,0.0,2023-06-30
1990,2023-06-30 12:50:00-04:00,103.94999694824219,104.04000091552734,103.94000244140625,104.01000213623047,76861,0.0,0.0,2023-06-30
1991,2023-06-30 12:55:00-04:00,103.98999786376953,104.04000091552734,103.91999816894531,103.93000030517578,33882,0.0,0.0,2023-06-30
1992,2023-06-30 13:00:00-04:00,103.91000366210938,104.05000305175781,103.91000366210938,104.0250015258789,47624,0.0,0.0,2023-06-30
1993,2023-06-30 13:05:00-04:00,104.02999877929688,104.02999877929688,103.9000015258789,103.95999908447266,29227,0.0,0.0,2023-06-30
1994,2023-06-30 13:10:00-04:00,103.9800033569336,103.9800033569336,103.87000274658203,103.87000274658203,44178,0.0,0.0,2023-06-30
1995,2023-06-30 13:15:00-04:00,103.87000274658203,104.0199966430664,103.86499786376953,103.98500061035156,24163,0.0,0.0,2023-06-30
1996,2023-06-30 13:20:00-04:00,103.98999786376953,104.04000091552734,103.97000122070312,104.04000091552734,27699,0.0,0.0,2023-06-30
1997,2023-06-30 13:25:00-04:00,104.05000305175781,104.08000183105469,103.9800033569336,104.05999755859375,25820,0.0,0.0,2023-06-30
1998,2023-06-30 13:30:00-04:00,104.0791015625,104.23999786376953,104.04000091552734,104.23999786376953,44695,0.0,0.0,2023-06-30
1999,2023-06-30 13:35:00-04:00,104.25,104.25,104.11000061035156,104.13980102539062,34108,0.0,0.0,2023-06-30
2000,2023-06-30 13:40:00-04:00,104.12999725341797,104.16999816894531,104.0999984741211,104.1500015258789,41120,0.0,0.0,2023-06-30
2001,2023-06-30 13:45:00-04:00,104.1449966430664,104.18000030517578,104.09500122070312,104.16999816894531,26656,0.0,0.0,2023-06-30
2002,2023-06-30 13:50:00-04:00,104.18000030517578,104.19999694824219,104.1500015258789,104.18000030517578,20092,0.0,0.0,2023-06-30
2003,2023-06-30 13:55:00-04:00,104.19000244140625,104.20999908447266,104.16000366210938,104.20500183105469,24170,0.0,0.0,2023-06-30
2004,2023-06-30 14:00:00-04:00,104.20500183105469,104.29000091552734,104.18499755859375,104.29000091552734,38128,0.0,0.0,2023-06-30
2005,2023-06-30 14:05:00-04:00,104.2699966430664,104.36740112304688,104.25,104.3550033569336,32646,0.0,0.0,2023-06-30
2006,2023-06-30 14:10:00-04:00,104.36000061035156,104.3949966430664,104.29000091552734,104.31999969482422,30884,0.0,0.0,2023-06-30
2007,2023-06-30 14:15:00-04:00,104.33999633789062,104.3499984741211,104.2300033569336,104.25,34645,0.0,0.0,2023-06-30
2008,2023-06-30 14:20:00-04:00,104.25,104.33999633789062,104.25,104.30999755859375,32378,0.0,0.0,2023-06-30
2009,2023-06-30 14:25:00-04:00,104.31999969482422,104.37000274658203,104.26499938964844,104.36000061035156,30092,0.0,0.0,2023-06-30
2010,2023-06-30 14:30:00-04:00,104.36000061035156,104.37000274658203,104.27999877929688,104.30999755859375,37966,0.0,0.0,2023-06-30
2011,2023-06-30 14:35:00-04:00,104.30999755859375,104.31999969482422,104.20999908447266,104.23999786376953,44998,0.0,0.0,2023-06-30
2012,2023-06-30 14:40:00-04:00,104.25,104.27999877929688,104.19999694824219,104.25,53627,0.0,0.0,2023-06-30
2013,2023-06-30 14:45:00-04:00,104.25,104.2699966430664,104.19000244140625,104.25,30919,0.0,0.0,2023-06-30
2014,2023-06-30 14:50:00-04:00,104.25,104.26000213623047,104.21900177001953,104.22000122070312,26900,0.0,0.0,2023-06-30
2015,2023-06-30 14:55:00-04:00,104.22000122070312,104.2300033569336,104.08999633789062,104.13999938964844,44675,0.0,0.0,2023-06-30
2016,2023-06-30 15:00:00-04:00,104.12000274658203,104.12000274658203,103.98999786376953,104.02999877929688,44995,0.0,0.0,2023-06-30
2017,2023-06-30 15:05:00-04:00,104.02999877929688,104.04000091552734,103.93000030517578,103.98999786376953,33396,0.0,0.0,2023-06-30
2018,2023-06-30 15:10:00-04:00,103.9800033569336,104.04000091552734,103.9800033569336,104.04000091552734,33773,0.0,0.0,2023-06-30
2019,2023-06-30 15:15:00-04:00,104.05000305175781,104.05000305175781,103.98999786376953,104.0199966430664,32015,0.0,0.0,2023-06-30
2020,2023-06-30 15:20:00-04:00,104.01000213623047,104.01000213623047,103.88999938964844,103.91999816894531,49423,0.0,0.0,2023-06-30
2021,2023-06-30 15:25:00-04:00,103.91999816894531,103.95999908447266,103.88999938964844,103.94000244140625,59290,0.0,0.0,2023-06-30
2022,2023-06-30 15:30:00-04:00,103.94000244140625,104.04000091552734,103.9229965209961,104.04000091552734,67745,0.0,0.0,2023-06-30
2023,2023-06-30 15:35:00-04:00,104.04000091552734,104.08000183105469,103.99500274658203,104.02999877929688,57948,0.0,0.0,2023-06-30
2024,2023-06-30 15:40:00-04:00,104.0199966430664,104.0199966430664,103.86000061035156,103.9000015258789,135035,0.0,0.0,2023-06-30
2025,2023-06-30 15:45:00-04:00,103.87999725341797,103.87999725341797,103.6050033569336,103.75499725341797,80157,0.0,0.0,2023-06-30
2026,2023-06-30 15:50:00-04:00,103.75,103.88999938964844,103.73999786376953,103.88999938964844,128986,0.0,0.0,2023-06-30
2027,2023-06-30 15:55:00-04:00,103.91000366210938,103.91000366210938,103.61000061035156,103.61000061035156,345498,0.0,0.0,2023-06-30
2028,2023-07-03 09:30:00-04:00,103.94999694824219,104.4000015258789,103.62999725341797,104.33999633789062,115332,0.0,0.0,2023-07-03
2029,2023-07-03 09:35:00-04:00,104.3499984741211,104.45999908447266,103.93000030517578,104.19999694824219,76288,0.0,0.0,2023-07-03
2030,2023-07-03 09:40:00-04:00,104.19999694824219,104.2300033569336,103.88999938964844,104.19499969482422,61893,0.0,0.0,2023-07-03
2031,2023-07-03 09:45:00-04:00,104.19999694824219,104.45999908447266,104.12000274658203,104.31999969482422,51870,0.0,0.0,2023-07-03
2032,2023-07-03 09:50:00-04:00,104.4000015258789,104.4000015258789,103.91100311279297,103.91999816894531,78139,0.0,0.0,2023-07-03
2033,2023-07-03 09:55:00-04:00,103.93000030517578,104.2300033569336,103.93000030517578,104.19000244140625,38258,0.0,0.0,2023-07-03
2034,2023-07-03 10:00:00-04:00,104.20999908447266,104.22000122070312,103.88999938964844,103.93000030517578,83518,0.0,0.0,2023-07-03
2035,2023-07-03 10:05:00-04:00,103.93000030517578,104.04000091552734,103.80000305175781,103.91999816894531,45235,0.0,0.0,2023-07-03
2036,2023-07-03 10:10:00-04:00,103.94999694824219,104.20999908447266,103.88999938964844,104.19000244140625,37593,0.0,0.0,2023-07-03
2037,2023-07-03 10:15:00-04:00,104.20999908447266,104.4800033569336,104.19000244140625,104.30999755859375,60566,0.0,0.0,2023-07-03
2038,2023-07-03 10:20:00-04:00,104.33999633789062,104.37999725341797,104.2300033569336,104.27999877929688,36777,0.0,0.0,2023-07-03
2039,2023-07-03 10:25:00-04:00,104.27999877929688,104.47000122070312,104.22000122070312,104.47000122070312,39298,0.0,0.0,2023-07-03
2040,2023-07-03 10:30:00-04:00,104.48999786376953,104.48999786376953,104.2699966430664,104.29499816894531,30054,0.0,0.0,2023-07-03
2041,2023-07-03 10:35:00-04:00,104.29000091552734,104.56999969482422,104.19999694824219,104.54499816894531,39726,0.0,0.0,2023-07-03
2042,2023-07-03 10:40:00-04:00,104.55000305175781,104.66000366210938,104.51000213623047,104.62999725341797,34108,0.0,0.0,2023-07-03
2043,2023-07-03 10:45:00-04:00,104.62999725341797,104.6500015258789,104.45999908447266,104.51000213623047,38720,0.0,0.0,2023-07-03
2044,2023-07-03 10:50:00-04:00,104.5199966430664,104.75,104.5199966430664,104.69999694824219,34584,0.0,0.0,2023-07-03
2045,2023-07-03 10:55:00-04:00,104.69999694824219,104.83000183105469,104.68499755859375,104.81999969482422,36822,0.0,0.0,2023-07-03
2046,2023-07-03 11:00:00-04:00,104.83000183105469,104.91000366210938,104.7699966430664,104.80999755859375,37417,0.0,0.0,2023-07-03
2047,2023-07-03 11:05:00-04:00,104.80000305175781,104.83499908447266,104.6500015258789,104.68499755859375,26768,0.0,0.0,2023-07-03
2048,2023-07-03 11:10:00-04:00,104.69000244140625,104.70999908447266,104.5999984741211,104.66999816894531,35294,0.0,0.0,2023-07-03
2049,2023-07-03 11:15:00-04:00,104.69000244140625,104.69999694824219,104.48999786376953,104.50140380859375,35958,0.0,0.0,2023-07-03
2050,2023-07-03 11:20:00-04:00,104.5,104.66999816894531,104.44999694824219,104.66000366210938,31429,0.0,0.0,2023-07-03
2051,2023-07-03 11:25:00-04:00,104.66000366210938,104.81999969482422,104.6500015258789,104.7699966430664,34117,0.0,0.0,2023-07-03
2052,2023-07-03 11:30:00-04:00,104.76000213623047,104.87999725341797,104.69020080566406,104.80999755859375,33117,0.0,0.0,2023-07-03
2053,2023-07-03 11:35:00-04:00,104.80000305175781,104.94999694824219,104.77999877929688,104.91999816894531,26956,0.0,0.0,2023-07-03
2054,2023-07-03 11:40:00-04:00,104.91999816894531,104.98999786376953,104.87000274658203,104.9000015258789,33373,0.0,0.0,2023-07-03
2055,2023-07-03 11:45:00-04:00,104.9000015258789,104.93000030517578,104.75,104.75060272216797,48415,0.0,0.0,2023-07-03
2056,2023-07-03 11:50:00-04:00,104.75,104.80999755859375,104.68000030517578,104.69999694824219,29565,0.0,0.0,2023-07-03
2057,2023-07-03 11:55:00-04:00,104.69000244140625,104.7699966430664,104.6500015258789,104.7699966430664,24774,0.0,0.0,2023-07-03
2058,2023-07-03 12:00:00-04:00,104.7699966430664,104.7699966430664,104.5999984741211,104.60230255126953,23845,0.0,0.0,2023-07-03
2059,2023-07-03 12:05:00-04:00,104.61000061035156,104.68000030517578,104.55999755859375,104.6500015258789,25840,0.0,0.0,2023-07-03
2060,2023-07-03 12:10:00-04:00,104.66000366210938,104.72000122070312,104.58999633789062,104.69999694824219,23091,0.0,0.0,2023-07-03
2061,2023-07-03 12:15:00-04:00,104.69999694824219,104.73999786376953,104.55999755859375,104.5999984741211,27800,0.0,0.0,2023-07-03
2062,2023-07-03 12:20:00-04:00,104.5999984741211,104.61000061035156,104.47000122070312,104.47000122070312,21396,0.0,0.0,2023-07-03
2063,2023-07-03 12:25:00-04:00,104.45999908447266,104.52999877929688,104.36000061035156,104.41000366210938,30473,0.0,0.0,2023-07-03
2064,2023-07-03 12:30:00-04:00,104.42500305175781,104.44000244140625,104.30000305175781,104.36000061035156,35672,0.0,0.0,2023-07-03
2065,2023-07-03 12:35:00-04:00,104.37000274658203,104.43000030517578,104.30999755859375,104.33999633789062,34632,0.0,0.0,2023-07-03
2066,2023-07-03 12:40:00-04:00,104.33000183105469,104.33999633789062,104.25,104.30999755859375,36551,0.0,0.0,2023-07-03
2067,2023-07-03 12:45:00-04:00,104.30000305175781,104.36000061035156,104.27999877929688,104.3550033569336,11588,0.0,0.0,2023-07-03
2068,2023-07-05 09:30:00-04:00,105.0,105.0,104.12999725341797,104.18150329589844,126211,0.0,0.0,2023-07-05
2069,2023-07-05 09:35:00-04:00,104.19999694824219,104.22000122070312,103.66999816894531,103.81999969482422,89351,0.0,0.0,2023-07-05
2070,2023-07-05 09:40:00-04:00,103.77999877929688,103.80999755859375,103.23999786376953,103.4800033569336,94561,0.0,0.0,2023-07-05
2071,2023-07-05 09:45:00-04:00,103.44000244140625,103.86000061035156,103.41000366210938,103.76000213623047,67141,0.0,0.0,2023-07-05
2072,2023-07-05 09:50:00-04:00,103.79129791259766,103.93000030517578,103.70999908447266,103.83000183105469,57982,0.0,0.0,2023-07-05
2073,2023-07-05 09:55:00-04:00,103.83000183105469,103.83499908447266,103.5999984741211,103.73500061035156,29003,0.0,0.0,2023-07-05
2074,2023-07-05 10:00:00-04:00,103.7300033569336,103.80999755859375,103.52010345458984,103.76000213623047,40837,0.0,0.0,2023-07-05
2075,2023-07-05 10:05:00-04:00,103.77999877929688,103.95999908447266,103.75,103.93000030517578,31430,0.0,0.0,2023-07-05
2076,2023-07-05 10:10:00-04:00,103.94000244140625,103.9800033569336,103.83999633789062,103.93000030517578,39113,0.0,0.0,2023-07-05
2077,2023-07-05 10:15:00-04:00,103.94000244140625,103.95999908447266,103.76000213623047,103.93000030517578,28227,0.0,0.0,2023-07-05
2078,2023-07-05 10:20:00-04:00,103.91000366210938,103.95999908447266,103.77999877929688,103.77999877929688,30384,0.0,0.0,2023-07-05
2079,2023-07-05 10:25:00-04:00,103.79000091552734,103.80999755859375,103.62000274658203,103.76000213623047,30146,0.0,0.0,2023-07-05
2080,2023-07-05 10:30:00-04:00,103.76000213623047,103.81999969482422,103.5199966430664,103.54830169677734,42391,0.0,0.0,2023-07-05
2081,2023-07-05 10:35:00-04:00,103.51000213623047,103.54499816894531,103.3499984741211,103.51000213623047,38067,0.0,0.0,2023-07-05
2082,2023-07-05 10:40:00-04:00,103.5199966430664,103.61000061035156,103.38999938964844,103.54000091552734,68469,0.0,0.0,2023-07-05
2083,2023-07-05 10:45:00-04:00,103.54000091552734,103.56500244140625,103.375,103.37999725341797,57967,0.0,0.0,2023-07-05
2084,2023-07-05 10:50:00-04:00,103.37999725341797,103.58000183105469,103.31999969482422,103.42500305175781,41651,0.0,0.0,2023-07-05
2085,2023-07-05 10:55:00-04:00,103.41999816894531,103.58000183105469,103.3499984741211,103.37000274658203,71290,0.0,0.0,2023-07-05
2086,2023-07-05 11:00:00-04:00,103.37000274658203,103.41999816894531,103.2300033569336,103.2300033569336,52719,0.0,0.0,2023-07-05
2087,2023-07-05 11:05:00-04:00,103.2300033569336,103.29000091552734,103.13999938964844,103.26000213623047,42752,0.0,0.0,2023-07-05
2088,2023-07-05 11:10:00-04:00,103.27999877929688,103.51000213623047,103.27749633789062,103.51000213623047,39237,0.0,0.0,2023-07-05
2089,2023-07-05 11:15:00-04:00,103.51000213623047,103.55000305175781,103.44000244140625,103.4800033569336,39446,0.0,0.0,2023-07-05
2090,2023-07-05 11:20:00-04:00,103.47000122070312,103.86000061035156,103.47000122070312,103.83000183105469,67003,0.0,0.0,2023-07-05
2091,2023-07-05 11:25:00-04:00,103.81999969482422,103.87000274658203,103.70999908447266,103.77999877929688,47953,0.0,0.0,2023-07-05
2092,2023-07-05 11:30:00-04:00,103.77999877929688,103.83999633789062,103.69000244140625,103.7750015258789,35599,0.0,0.0,2023-07-05
2093,2023-07-05 11:35:00-04:00,103.80000305175781,104.11000061035156,103.80000305175781,104.1050033569336,121220,0.0,0.0,2023-07-05
2094,2023-07-05 11:40:00-04:00,104.11000061035156,104.12000274658203,103.9800033569336,103.98999786376953,47763,0.0,0.0,2023-07-05
2095,2023-07-05 11:45:00-04:00,103.97000122070312,103.99500274658203,103.78009796142578,103.91999816894531,38505,0.0,0.0,2023-07-05
2096,2023-07-05 11:50:00-04:00,103.9000015258789,103.91500091552734,103.63999938964844,103.73999786376953,30973,0.0,0.0,2023-07-05
2097,2023-07-05 11:55:00-04:00,103.75,103.88999938964844,103.74500274658203,103.88999938964844,34763,0.0,0.0,2023-07-05
2098,2023-07-05 12:00:00-04:00,103.87000274658203,103.88999938964844,103.77999877929688,103.79000091552734,28614,0.0,0.0,2023-07-05
2099,2023-07-05 12:05:00-04:00,103.80000305175781,103.80999755859375,103.72000122070312,103.76000213623047,23125,0.0,0.0,2023-07-05
2100,2023-07-05 12:10:00-04:00,103.75,103.7699966430664,103.68000030517578,103.7300033569336,27484,0.0,0.0,2023-07-05
2101,2023-07-05 12:15:00-04:00,103.7300033569336,103.79000091552734,103.63999938964844,103.66999816894531,34806,0.0,0.0,2023-07-05
2102,2023-07-05 12:20:00-04:00,103.66999816894531,103.72000122070312,103.6500015258789,103.69210052490234,31426,0.0,0.0,2023-07-05
2103,2023-07-05 12:25:00-04:00,103.69000244140625,103.70500183105469,103.61000061035156,103.69000244140625,29547,0.0,0.0,2023-07-05
2104,2023-07-05 12:30:00-04:00,103.68000030517578,103.77999877929688,103.6500015258789,103.7750015258789,39909,0.0,0.0,2023-07-05
2105,2023-07-05 12:35:00-04:00,103.79000091552734,103.80000305175781,103.63999938964844,103.66999816894531,32471,0.0,0.0,2023-07-05
2106,2023-07-05 12:40:00-04:00,103.6500015258789,103.66500091552734,103.56999969482422,103.56999969482422,35654,0.0,0.0,2023-07-05
2107,2023-07-05 12:45:00-04:00,103.58000183105469,103.68499755859375,103.58000183105469,103.63999938964844,23158,0.0,0.0,2023-07-05
2108,2023-07-05 12:50:00-04:00,103.62999725341797,103.69000244140625,103.62999725341797,103.68000030517578,55381,0.0,0.0,2023-07-05
2109,2023-07-05 12:55:00-04:00,103.68000030517578,103.72000122070312,103.62999725341797,103.66999816894531,15299,0.0,0.0,2023-07-05
2110,2023-07-05 13:00:00-04:00,103.65010070800781,103.69999694824219,103.58000183105469,103.58000183105469,19643,0.0,0.0,2023-07-05
2111,2023-07-05 13:05:00-04:00,103.58000183105469,103.62000274658203,103.51000213623047,103.52999877929688,24856,0.0,0.0,2023-07-05
2112,2023-07-05 13:10:00-04:00,103.52999877929688,103.54000091552734,103.44999694824219,103.44999694824219,27655,0.0,0.0,2023-07-05
2113,2023-07-05 13:15:00-04:00,103.43000030517578,103.56999969482422,103.43000030517578,103.51000213623047,21897,0.0,0.0,2023-07-05
2114,2023-07-05 13:20:00-04:00,103.5,103.56999969482422,103.5,103.51000213623047,26195,0.0,0.0,2023-07-05
2115,2023-07-05 13:25:00-04:00,103.48999786376953,103.54000091552734,103.44000244140625,103.5,23998,0.0,0.0,2023-07-05
2116,2023-07-05 13:30:00-04:00,103.5,103.66000366210938,103.4906997680664,103.58999633789062,50789,0.0,0.0,2023-07-05
2117,2023-07-05 13:35:00-04:00,103.5999984741211,103.62999725341797,103.55000305175781,103.58000183105469,36978,0.0,0.0,2023-07-05
2118,2023-07-05 13:40:00-04:00,103.56999969482422,103.65859985351562,103.55000305175781,103.6500015258789,24288,0.0,0.0,2023-07-05
2119,2023-07-05 13:45:00-04:00,103.63999938964844,103.75,103.63999938964844,103.73999786376953,26055,0.0,0.0,2023-07-05
2120,2023-07-05 13:50:00-04:00,103.73999786376953,103.7699966430664,103.69000244140625,103.70999908447266,28827,0.0,0.0,2023-07-05
2121,2023-07-05 13:55:00-04:00,103.70999908447266,103.7699966430664,103.69000244140625,103.75,27256,0.0,0.0,2023-07-05
2122,2023-07-05 14:00:00-04:00,103.7582015991211,103.81999969482422,103.71499633789062,103.75,39452,0.0,0.0,2023-07-05
2123,2023-07-05 14:05:00-04:00,103.74500274658203,103.79000091552734,103.6500015258789,103.75,40697,0.0,0.0,2023-07-05
2124,2023-07-05 14:10:00-04:00,103.77899932861328,103.80000305175781,103.68000030517578,103.69000244140625,26553,0.0,0.0,2023-07-05
2125,2023-07-05 14:15:00-04:00,103.68000030517578,103.68000030517578,103.58000183105469,103.61000061035156,47536,0.0,0.0,2023-07-05
2126,2023-07-05 14:20:00-04:00,103.5999984741211,103.6449966430664,103.58000183105469,103.58999633789062,42658,0.0,0.0,2023-07-05
2127,2023-07-05 14:25:00-04:00,103.5999984741211,103.6500015258789,103.44599914550781,103.51000213623047,27700,0.0,0.0,2023-07-05
2128,2023-07-05 14:30:00-04:00,103.52999877929688,103.6500015258789,103.5199966430664,103.61000061035156,35321,0.0,0.0,2023-07-05
2129,2023-07-05 14:35:00-04:00,103.58000183105469,103.5999984741211,103.52999877929688,103.58999633789062,34972,0.0,0.0,2023-07-05
2130,2023-07-05 14:40:00-04:00,103.58999633789062,103.61000061035156,103.51000213623047,103.58999633789062,26530,0.0,0.0,2023-07-05
2131,2023-07-05 14:45:00-04:00,103.56999969482422,103.6572036743164,103.56999969482422,103.61000061035156,21540,0.0,0.0,2023-07-05
2132,2023-07-05 14:50:00-04:00,103.62000274658203,103.62000274658203,103.55000305175781,103.5802001953125,26787,0.0,0.0,2023-07-05
2133,2023-07-05 14:55:00-04:00,103.62000274658203,103.71499633789062,103.59500122070312,103.69999694824219,31291,0.0,0.0,2023-07-05
2134,2023-07-05 15:00:00-04:00,103.69000244140625,103.79000091552734,103.69000244140625,103.75,24007,0.0,0.0,2023-07-05
2135,2023-07-05 15:05:00-04:00,103.73999786376953,103.80000305175781,103.7300033569336,103.7300033569336,39451,0.0,0.0,2023-07-05
2136,2023-07-05 15:10:00-04:00,103.70999908447266,103.77999877929688,103.69999694824219,103.75499725341797,46277,0.0,0.0,2023-07-05
2137,2023-07-05 15:15:00-04:00,103.76000213623047,103.80999755859375,103.69000244140625,103.70999908447266,38994,0.0,0.0,2023-07-05
2138,2023-07-05 15:20:00-04:00,103.70500183105469,103.73999786376953,103.58999633789062,103.62000274658203,33672,0.0,0.0,2023-07-05
2139,2023-07-05 15:25:00-04:00,103.62000274658203,103.66000366210938,103.56500244140625,103.5999984741211,36197,0.0,0.0,2023-07-05
2140,2023-07-05 15:30:00-04:00,103.5999984741211,103.69000244140625,103.55999755859375,103.66000366210938,51110,0.0,0.0,2023-07-05
2141,2023-07-05 15:35:00-04:00,103.66999816894531,103.71499633789062,103.61000061035156,103.69000244140625,61803,0.0,0.0,2023-07-05
2142,2023-07-05 15:40:00-04:00,103.69000244140625,103.7699966430664,103.68000030517578,103.70999908447266,52353,0.0,0.0,2023-07-05
2143,2023-07-05 15:45:00-04:00,103.69999694824219,103.83000183105469,103.68000030517578,103.83000183105469,90977,0.0,0.0,2023-07-05
2144,2023-07-05 15:50:00-04:00,103.83000183105469,104.04000091552734,103.81999969482422,104.0,112641,0.0,0.0,2023-07-05
2145,2023-07-05 15:55:00-04:00,103.99500274658203,104.13999938964844,103.97000122070312,104.0199966430664,272035,0.0,0.0,2023-07-05
2146,2023-07-06 09:30:00-04:00,102.80000305175781,103.48999786376953,102.80000305175781,103.43000030517578,133809,0.0,0.0,2023-07-06
2147,2023-07-06 09:35:00-04:00,103.48999786376953,103.62999725341797,103.1500015258789,103.1500015258789,56066,0.0,0.0,2023-07-06
2148,2023-07-06 09:40:00-04:00,103.15129852294922,103.25,102.69999694824219,102.77999877929688,28750,0.0,0.0,2023-07-06
2149,2023-07-06 09:45:00-04:00,102.83979797363281,102.87999725341797,102.23999786376953,102.25,36136,0.0,0.0,2023-07-06
2150,2023-07-06 09:50:00-04:00,102.25,102.2699966430664,101.88999938964844,101.88999938964844,96551,0.0,0.0,2023-07-06
2151,2023-07-06 09:55:00-04:00,101.83999633789062,101.87000274658203,101.62000274658203,101.69000244140625,42029,0.0,0.0,2023-07-06
2152,2023-07-06 10:00:00-04:00,101.69000244140625,101.76499938964844,101.30999755859375,101.43499755859375,122221,0.0,0.0,2023-07-06
2153,2023-07-06 10:05:00-04:00,101.44999694824219,101.47000122070312,101.13999938964844,101.17179870605469,58597,0.0,0.0,2023-07-06
2154,2023-07-06 10:10:00-04:00,101.19000244140625,101.36000061035156,100.99649810791016,101.16999816894531,60315,0.0,0.0,2023-07-06
2155,2023-07-06 10:15:00-04:00,101.19000244140625,101.21499633789062,100.8499984741211,100.91000366210938,77215,0.0,0.0,2023-07-06
2156,2023-07-06 10:20:00-04:00,100.94000244140625,100.94000244140625,100.7300033569336,100.7699966430664,74431,0.0,0.0,2023-07-06
2157,2023-07-06 10:25:00-04:00,100.76000213623047,100.7863998413086,100.29000091552734,100.29000091552734,91873,0.0,0.0,2023-07-06
2158,2023-07-06 10:30:00-04:00,100.27999877929688,100.3499984741211,100.0510025024414,100.24500274658203,70879,0.0,0.0,2023-07-06
2159,2023-07-06 10:35:00-04:00,100.25,100.30000305175781,99.92359924316406,99.94999694824219,76703,0.0,0.0,2023-07-06
2160,2023-07-06 10:40:00-04:00,99.95999908447266,100.0,99.7699966430664,99.97000122070312,76567,0.0,0.0,2023-07-06
2161,2023-07-06 10:45:00-04:00,99.94000244140625,100.0,99.82499694824219,99.91999816894531,74198,0.0,0.0,2023-07-06
2162,2023-07-06 10:50:00-04:00,99.91000366210938,99.98999786376953,99.68000030517578,99.7300033569336,63433,0.0,0.0,2023-07-06
2163,2023-07-06 10:55:00-04:00,99.70500183105469,100.0199966430664,99.70500183105469,99.93000030517578,55715,0.0,0.0,2023-07-06
2164,2023-07-06 11:00:00-04:00,99.94000244140625,100.06500244140625,99.63999938964844,99.66000366210938,84020,0.0,0.0,2023-07-06
2165,2023-07-06 11:05:00-04:00,99.66999816894531,99.91000366210938,99.62000274658203,99.87000274658203,72918,0.0,0.0,2023-07-06
2166,2023-07-06 11:10:00-04:00,99.88999938964844,99.94999694824219,99.61000061035156,99.70999908447266,51748,0.0,0.0,2023-07-06
2167,2023-07-06 11:15:00-04:00,99.7300033569336,99.7699966430664,99.61000061035156,99.66000366210938,52175,0.0,0.0,2023-07-06
2168,2023-07-06 11:20:00-04:00,99.6500015258789,99.80999755859375,99.44000244140625,99.49500274658203,69984,0.0,0.0,2023-07-06
2169,2023-07-06 11:25:00-04:00,99.4800033569336,99.56500244140625,99.4000015258789,99.41999816894531,59281,0.0,0.0,2023-07-06
2170,2023-07-06 11:30:00-04:00,99.44000244140625,99.83999633789062,99.37999725341797,99.83499908447266,68358,0.0,0.0,2023-07-06
2171,2023-07-06 11:35:00-04:00,99.8499984741211,99.9000015258789,99.69999694824219,99.73999786376953,66921,0.0,0.0,2023-07-06
2172,2023-07-06 11:40:00-04:00,99.73999786376953,99.75,99.61000061035156,99.73290252685547,51312,0.0,0.0,2023-07-06
2173,2023-07-06 11:45:00-04:00,99.76000213623047,99.80000305175781,99.54000091552734,99.66500091552734,59131,0.0,0.0,2023-07-06
2174,2023-07-06 11:50:00-04:00,99.66999816894531,99.68000030517578,99.55999755859375,99.56500244140625,29370,0.0,0.0,2023-07-06
2175,2023-07-06 11:55:00-04:00,99.56999969482422,99.6500015258789,99.4800033569336,99.6500015258789,38579,0.0,0.0,2023-07-06
2176,2023-07-06 12:00:00-04:00,99.66999816894531,99.69000244140625,99.47000122070312,99.54000091552734,45975,0.0,0.0,2023-07-06
2177,2023-07-06 12:05:00-04:00,99.52999877929688,99.58999633789062,99.44950103759766,99.55000305175781,49879,0.0,0.0,2023-07-06
2178,2023-07-06 12:10:00-04:00,99.55000305175781,99.55000305175781,99.34500122070312,99.48999786376953,63810,0.0,0.0,2023-07-06
2179,2023-07-06 12:15:00-04:00,99.47000122070312,99.58000183105469,99.44000244140625,99.55999755859375,44257,0.0,0.0,2023-07-06
2180,2023-07-06 12:20:00-04:00,99.52999877929688,99.56999969482422,99.48999786376953,99.54000091552734,25404,0.0,0.0,2023-07-06
2181,2023-07-06 12:25:00-04:00,99.5199966430664,99.57499694824219,99.43000030517578,99.52999877929688,51622,0.0,0.0,2023-07-06
2182,2023-07-06 12:30:00-04:00,99.55000305175781,99.58999633789062,99.5199966430664,99.5199966430664,35663,0.0,0.0,2023-07-06
2183,2023-07-06 12:35:00-04:00,99.51000213623047,99.56999969482422,99.4000015258789,99.44000244140625,32011,0.0,0.0,2023-07-06
2184,2023-07-06 12:40:00-04:00,99.44999694824219,99.55000305175781,99.44999694824219,99.5199966430664,40882,0.0,0.0,2023-07-06
2185,2023-07-06 12:45:00-04:00,99.52999877929688,99.61000061035156,99.44999694824219,99.48999786376953,32721,0.0,0.0,2023-07-06
2186,2023-07-06 12:50:00-04:00,99.48999786376953,99.58000183105469,99.48999786376953,99.52999877929688,33354,0.0,0.0,2023-07-06
2187,2023-07-06 12:55:00-04:00,99.5199966430664,99.7249984741211,99.5199966430664,99.7249984741211,69147,0.0,0.0,2023-07-06
2188,2023-07-06 13:00:00-04:00,99.75,99.97000122070312,99.73999786376953,99.97000122070312,33190,0.0,0.0,2023-07-06
2189,2023-07-06 13:05:00-04:00,99.9749984741211,100.05500030517578,99.87000274658203,99.9000015258789,47590,0.0,0.0,2023-07-06
2190,2023-07-06 13:10:00-04:00,99.9000015258789,100.02999877929688,99.9000015258789,99.94000244140625,23091,0.0,0.0,2023-07-06
2191,2023-07-06 13:15:00-04:00,99.95999908447266,99.9800033569336,99.86000061035156,99.91999816894531,27728,0.0,0.0,2023-07-06
2192,2023-07-06 13:20:00-04:00,99.91999816894531,99.94000244140625,99.75,99.83499908447266,39700,0.0,0.0,2023-07-06
2193,2023-07-06 13:25:00-04:00,99.8499984741211,100.01000213623047,99.83999633789062,99.97000122070312,70507,0.0,0.0,2023-07-06
2194,2023-07-06 13:30:00-04:00,99.9800033569336,100.0999984741211,99.94999694824219,100.05000305175781,68868,0.0,0.0,2023-07-06
2195,2023-07-06 13:35:00-04:00,100.04000091552734,100.0999984741211,99.9000015258789,100.05999755859375,53656,0.0,0.0,2023-07-06
2196,2023-07-06 13:40:00-04:00,100.05999755859375,100.11000061035156,100.0,100.08000183105469,42984,0.0,0.0,2023-07-06
2197,2023-07-06 13:45:00-04:00,100.08999633789062,100.11000061035156,100.02999877929688,100.08499908447266,38844,0.0,0.0,2023-07-06
2198,2023-07-06 13:50:00-04:00,100.07749938964844,100.13999938964844,100.02010345458984,100.05999755859375,71274,0.0,0.0,2023-07-06
2199,2023-07-06 13:55:00-04:00,100.06999969482422,100.2699966430664,100.04000091552734,100.2300033569336,44745,0.0,0.0,2023-07-06
2200,2023-07-06 14:00:00-04:00,100.23999786376953,100.3499984741211,100.2300033569336,100.29000091552734,36287,0.0,0.0,2023-07-06
2201,2023-07-06 14:05:00-04:00,100.27999877929688,100.29000091552734,100.08000183105469,100.11499786376953,43287,0.0,0.0,2023-07-06
2202,2023-07-06 14:10:00-04:00,100.11499786376953,100.25499725341797,100.11000061035156,100.16500091552734,34134,0.0,0.0,2023-07-06
2203,2023-07-06 14:15:00-04:00,100.19000244140625,100.19999694824219,100.08499908447266,100.13500213623047,33740,0.0,0.0,2023-07-06
2204,2023-07-06 14:20:00-04:00,100.13500213623047,100.22000122070312,100.12999725341797,100.22000122070312,38215,0.0,0.0,2023-07-06
2205,2023-07-06 14:25:00-04:00,100.20999908447266,100.23999786376953,100.08000183105469,100.12999725341797,54116,0.0,0.0,2023-07-06
2206,2023-07-06 14:30:00-04:00,100.13999938964844,100.44999694824219,100.13999938964844,100.42500305175781,34537,0.0,0.0,2023-07-06
2207,2023-07-06 14:35:00-04:00,100.44000244140625,100.69000244140625,100.43000030517578,100.66000366210938,55507,0.0,0.0,2023-07-06
2208,2023-07-06 14:40:00-04:00,100.65519714355469,100.65519714355469,100.5199966430664,100.56999969482422,47145,0.0,0.0,2023-07-06
2209,2023-07-06 14:45:00-04:00,100.56999969482422,100.56999969482422,100.4800033569336,100.55000305175781,29581,0.0,0.0,2023-07-06
2210,2023-07-06 14:50:00-04:00,100.55000305175781,100.56990051269531,100.44000244140625,100.4800033569336,43415,0.0,0.0,2023-07-06
2211,2023-07-06 14:55:00-04:00,100.48069763183594,100.54000091552734,100.44999694824219,100.52999877929688,34210,0.0,0.0,2023-07-06
2212,2023-07-06 15:00:00-04:00,100.5199966430664,100.5199966430664,100.37999725341797,100.51000213623047,34025,0.0,0.0,2023-07-06
2213,2023-07-06 15:05:00-04:00,100.51499938964844,100.54000091552734,100.44999694824219,100.45500183105469,53160,0.0,0.0,2023-07-06
2214,2023-07-06 15:10:00-04:00,100.45999908447266,100.55000305175781,100.4000015258789,100.4000015258789,49869,0.0,0.0,2023-07-06
2215,2023-07-06 15:15:00-04:00,100.4175033569336,100.45999908447266,100.36000061035156,100.44999694824219,28734,0.0,0.0,2023-07-06
2216,2023-07-06 15:20:00-04:00,100.4800033569336,100.50499725341797,100.38999938964844,100.40409851074219,52920,0.0,0.0,2023-07-06
2217,2023-07-06 15:25:00-04:00,100.41000366210938,100.44000244140625,100.36100006103516,100.38999938964844,30862,0.0,0.0,2023-07-06
2218,2023-07-06 15:30:00-04:00,100.37999725341797,100.43000030517578,100.33000183105469,100.43000030517578,43957,0.0,0.0,2023-07-06
2219,2023-07-06 15:35:00-04:00,100.43000030517578,100.58999633789062,100.39109802246094,100.58999633789062,56663,0.0,0.0,2023-07-06
2220,2023-07-06 15:40:00-04:00,100.58000183105469,100.61000061035156,100.50499725341797,100.54000091552734,93224,0.0,0.0,2023-07-06
2221,2023-07-06 15:45:00-04:00,100.54000091552734,100.55999755859375,100.37999725341797,100.45500183105469,101972,0.0,0.0,2023-07-06
2222,2023-07-06 15:50:00-04:00,100.45999908447266,100.55000305175781,100.37100219726562,100.37100219726562,157139,0.0,0.0,2023-07-06
2223,2023-07-06 15:55:00-04:00,100.37999725341797,100.45999908447266,100.31999969482422,100.3499984741211,525840,0.0,0.0,2023-07-06
2224,2023-07-07 09:30:00-04:00,100.55000305175781,101.4896011352539,100.12000274658203,101.33999633789062,214338,0.0,0.0,2023-07-07
2225,2023-07-07 09:35:00-04:00,101.37000274658203,101.77999877929688,101.30000305175781,101.71499633789062,157363,0.0,0.0,2023-07-07
2226,2023-07-07 09:40:00-04:00,101.70999908447266,101.91999816894531,101.31999969482422,101.70999908447266,135771,0.0,0.0,2023-07-07
2227,2023-07-07 09:45:00-04:00,101.69999694824219,102.11000061035156,101.56999969482422,102.0999984741211,122129,0.0,0.0,2023-07-07
2228,2023-07-07 09:50:00-04:00,102.11000061035156,102.20999908447266,101.83000183105469,101.88500213623047,43029,0.0,0.0,2023-07-07
2229,2023-07-07 09:55:00-04:00,101.87000274658203,101.97000122070312,101.77999877929688,101.92500305175781,34431,0.0,0.0,2023-07-07
2230,2023-07-07 10:00:00-04:00,101.92500305175781,102.18499755859375,101.9000015258789,101.95999908447266,95543,0.0,0.0,2023-07-07
2231,2023-07-07 10:05:00-04:00,101.95999908447266,102.0999984741211,101.94999694824219,101.9800033569336,54751,0.0,0.0,2023-07-07
2232,2023-07-07 10:10:00-04:00,101.9800033569336,102.27999877929688,101.95999908447266,102.2750015258789,51325,0.0,0.0,2023-07-07
2233,2023-07-07 10:15:00-04:00,102.2699966430664,102.30000305175781,102.12000274658203,102.2699966430664,62887,0.0,0.0,2023-07-07
2234,2023-07-07 10:20:00-04:00,102.27999877929688,102.30999755859375,102.01000213623047,102.2699966430664,49540,0.0,0.0,2023-07-07
2235,2023-07-07 10:25:00-04:00,102.2699966430664,102.44999694824219,102.23999786376953,102.34500122070312,45044,0.0,0.0,2023-07-07
2236,2023-07-07 10:30:00-04:00,102.3499984741211,102.54499816894531,102.24500274658203,102.54499816894531,46229,0.0,0.0,2023-07-07
2237,2023-07-07 10:35:00-04:00,102.55999755859375,102.80999755859375,102.5199966430664,102.79000091552734,56679,0.0,0.0,2023-07-07
2238,2023-07-07 10:40:00-04:00,102.79000091552734,102.87000274658203,102.70580291748047,102.73999786376953,86295,0.0,0.0,2023-07-07
2239,2023-07-07 10:45:00-04:00,102.76000213623047,102.77999877929688,102.51000213623047,102.5999984741211,56096,0.0,0.0,2023-07-07
2240,2023-07-07 10:50:00-04:00,102.62000274658203,102.73999786376953,102.5459976196289,102.73970031738281,59135,0.0,0.0,2023-07-07
2241,2023-07-07 10:55:00-04:00,102.73999786376953,102.97989654541016,102.73999786376953,102.9000015258789,57817,0.0,0.0,2023-07-07
2242,2023-07-07 11:00:00-04:00,102.94000244140625,102.9800033569336,102.80999755859375,102.9800033569336,57267,0.0,0.0,2023-07-07
2243,2023-07-07 11:05:00-04:00,103.0,103.19999694824219,102.93000030517578,102.95999908447266,73255,0.0,0.0,2023-07-07
2244,2023-07-07 11:10:00-04:00,102.95999908447266,103.08000183105469,102.81999969482422,103.06999969482422,39612,0.0,0.0,2023-07-07
2245,2023-07-07 11:15:00-04:00,103.11730194091797,103.18000030517578,102.95339965820312,103.0250015258789,42342,0.0,0.0,2023-07-07
2246,2023-07-07 11:20:00-04:00,103.02999877929688,103.02999877929688,102.81999969482422,102.9800033569336,35203,0.0,0.0,2023-07-07
2247,2023-07-07 11:25:00-04:00,102.95999908447266,103.08999633789062,102.88999938964844,103.06999969482422,25915,0.0,0.0,2023-07-07
2248,2023-07-07 11:30:00-04:00,103.08000183105469,103.26000213623047,103.08000183105469,103.22000122070312,32025,0.0,0.0,2023-07-07
2249,2023-07-07 11:35:00-04:00,103.22000122070312,103.23999786376953,103.08000183105469,103.1500015258789,32976,0.0,0.0,2023-07-07
2250,2023-07-07 11:40:00-04:00,103.16000366210938,103.25,103.12999725341797,103.23999786376953,29497,0.0,0.0,2023-07-07
2251,2023-07-07 11:45:00-04:00,103.23999786376953,103.27999877929688,103.16999816894531,103.19000244140625,26554,0.0,0.0,2023-07-07
2252,2023-07-07 11:50:00-04:00,103.20500183105469,103.29000091552734,103.19999694824219,103.25,34880,0.0,0.0,2023-07-07
2253,2023-07-07 11:55:00-04:00,103.25,103.38999938964844,103.25,103.3499984741211,44882,0.0,0.0,2023-07-07
2254,2023-07-07 12:00:00-04:00,103.33999633789062,103.36000061035156,103.25,103.30999755859375,70970,0.0,0.0,2023-07-07
2255,2023-07-07 12:05:00-04:00,103.30999755859375,103.31999969482422,103.19000244140625,103.30000305175781,65036,0.0,0.0,2023-07-07
2256,2023-07-07 12:10:00-04:00,103.27999877929688,103.41999816894531,103.25,103.4000015258789,32668,0.0,0.0,2023-07-07
2257,2023-07-07 12:15:00-04:00,103.41999816894531,103.5,103.41010284423828,103.47000122070312,39660,0.0,0.0,2023-07-07
2258,2023-07-07 12:20:00-04:00,103.4800033569336,103.61000061035156,103.47000122070312,103.5199966430664,33783,0.0,0.0,2023-07-07
2259,2023-07-07 12:25:00-04:00,103.52999877929688,103.6500015258789,103.5,103.56999969482422,35143,0.0,0.0,2023-07-07
2260,2023-07-07 12:30:00-04:00,103.56999969482422,103.70500183105469,103.5,103.70500183105469,67024,0.0,0.0,2023-07-07
2261,2023-07-07 12:35:00-04:00,103.69999694824219,103.80999755859375,103.63999938964844,103.77999877929688,48456,0.0,0.0,2023-07-07
2262,2023-07-07 12:40:00-04:00,103.80919647216797,103.94000244140625,103.77999877929688,103.93000030517578,41271,0.0,0.0,2023-07-07
2263,2023-07-07 12:45:00-04:00,103.93000030517578,103.94000244140625,103.76000213623047,103.79000091552734,51142,0.0,0.0,2023-07-07
2264,2023-07-07 12:50:00-04:00,103.76000213623047,103.94000244140625,103.70999908447266,103.93499755859375,48487,0.0,0.0,2023-07-07
2265,2023-07-07 12:55:00-04:00,103.93499755859375,104.20999908447266,103.93499755859375,104.18499755859375,150839,0.0,0.0,2023-07-07
2266,2023-07-07 13:00:00-04:00,104.18000030517578,104.29000091552734,104.1449966430664,104.29000091552734,41300,0.0,0.0,2023-07-07
2267,2023-07-07 13:05:00-04:00,104.30000305175781,104.53199768066406,104.29000091552734,104.53199768066406,53278,0.0,0.0,2023-07-07
2268,2023-07-07 13:10:00-04:00,104.51000213623047,104.5199966430664,104.19000244140625,104.19999694824219,36603,0.0,0.0,2023-07-07
2269,2023-07-07 13:15:00-04:00,104.18000030517578,104.44000244140625,104.17500305175781,104.41999816894531,43361,0.0,0.0,2023-07-07
2270,2023-07-07 13:20:00-04:00,104.41999816894531,104.5,104.35179901123047,104.41000366210938,35708,0.0,0.0,2023-07-07
2271,2023-07-07 13:25:00-04:00,104.41000366210938,104.53500366210938,104.38990020751953,104.52999877929688,49555,0.0,0.0,2023-07-07
2272,2023-07-07 13:30:00-04:00,104.5250015258789,104.61000061035156,104.48500061035156,104.56999969482422,35615,0.0,0.0,2023-07-07
2273,2023-07-07 13:35:00-04:00,104.56999969482422,104.56999969482422,104.3499984741211,104.37000274658203,79964,0.0,0.0,2023-07-07
2274,2023-07-07 13:40:00-04:00,104.37999725341797,104.51000213623047,104.3499984741211,104.44999694824219,53498,0.0,0.0,2023-07-07
2275,2023-07-07 13:45:00-04:00,104.41000366210938,104.42500305175781,104.29000091552734,104.31999969482422,61630,0.0,0.0,2023-07-07
2276,2023-07-07 13:50:00-04:00,104.31999969482422,104.36000061035156,104.26000213623047,104.30999755859375,52249,0.0,0.0,2023-07-07
2277,2023-07-07 13:55:00-04:00,104.30000305175781,104.30000305175781,104.06999969482422,104.08000183105469,75353,0.0,0.0,2023-07-07
2278,2023-07-07 14:00:00-04:00,104.08999633789062,104.16000366210938,104.02999877929688,104.09500122070312,66841,0.0,0.0,2023-07-07
2279,2023-07-07 14:05:00-04:00,104.0999984741211,104.12999725341797,103.95999908447266,103.9800033569336,59556,0.0,0.0,2023-07-07
2280,2023-07-07 14:10:00-04:00,103.97000122070312,104.08499908447266,103.9000015258789,104.08000183105469,64130,0.0,0.0,2023-07-07
2281,2023-07-07 14:15:00-04:00,104.08000183105469,104.08000183105469,103.94999694824219,104.04000091552734,53234,0.0,0.0,2023-07-07
2282,2023-07-07 14:20:00-04:00,104.04000091552734,104.08000183105469,103.9749984741211,104.0199966430664,52528,0.0,0.0,2023-07-07
2283,2023-07-07 14:25:00-04:00,104.0199966430664,104.04000091552734,103.97000122070312,103.98999786376953,37799,0.0,0.0,2023-07-07
2284,2023-07-07 14:30:00-04:00,103.98999786376953,104.06999969482422,103.91999816894531,103.95999908447266,59853,0.0,0.0,2023-07-07
2285,2023-07-07 14:35:00-04:00,103.95999908447266,104.06999969482422,103.93000030517578,103.9800033569336,63006,0.0,0.0,2023-07-07
2286,2023-07-07 14:40:00-04:00,103.9800033569336,103.9800033569336,103.81999969482422,103.81999969482422,54103,0.0,0.0,2023-07-07
2287,2023-07-07 14:45:00-04:00,103.81999969482422,103.95500183105469,103.81999969482422,103.8499984741211,68115,0.0,0.0,2023-07-07
2288,2023-07-07 14:50:00-04:00,103.8499984741211,103.92949676513672,103.79000091552734,103.80000305175781,63127,0.0,0.0,2023-07-07
2289,2023-07-07 14:55:00-04:00,103.80000305175781,103.87999725341797,103.73999786376953,103.80999755859375,55710,0.0,0.0,2023-07-07
2290,2023-07-07 15:00:00-04:00,103.80500030517578,104.05000305175781,103.80500030517578,104.04000091552734,59295,0.0,0.0,2023-07-07
2291,2023-07-07 15:05:00-04:00,104.05999755859375,104.2300033569336,104.03949737548828,104.16000366210938,46317,0.0,0.0,2023-07-07
2292,2023-07-07 15:10:00-04:00,104.16809844970703,104.20279693603516,104.12000274658203,104.13999938964844,71795,0.0,0.0,2023-07-07
2293,2023-07-07 15:15:00-04:00,104.13999938964844,104.20999908447266,103.94999694824219,103.98999786376953,61939,0.0,0.0,2023-07-07
2294,2023-07-07 15:20:00-04:00,103.9800033569336,103.98999786376953,103.87999725341797,103.94999694824219,62517,0.0,0.0,2023-07-07
2295,2023-07-07 15:25:00-04:00,103.95999908447266,104.01000213623047,103.9000015258789,103.94100189208984,59828,0.0,0.0,2023-07-07
2296,2023-07-07 15:30:00-04:00,103.94000244140625,103.97000122070312,103.87999725341797,103.95999908447266,72560,0.0,0.0,2023-07-07
2297,2023-07-07 15:35:00-04:00,103.95999908447266,103.95999908447266,103.75,103.76899719238281,92958,0.0,0.0,2023-07-07
2298,2023-07-07 15:40:00-04:00,103.76000213623047,103.76000213623047,103.41999816894531,103.44000244140625,106116,0.0,0.0,2023-07-07
2299,2023-07-07 15:45:00-04:00,103.44000244140625,103.47000122070312,103.25,103.30999755859375,125721,0.0,0.0,2023-07-07
2300,2023-07-07 15:50:00-04:00,103.31999969482422,103.57640075683594,103.29000091552734,103.3499984741211,286008,0.0,0.0,2023-07-07
2301,2023-07-07 15:55:00-04:00,103.3499984741211,103.37999725341797,103.16999816894531,103.2300033569336,632369,0.0,0.0,2023-07-07
2302,2023-07-10 09:30:00-04:00,102.8499984741211,103.44999694824219,102.80000305175781,103.33000183105469,133959,0.0,0.0,2023-07-10
2303,2023-07-10 09:35:00-04:00,103.37989807128906,103.37989807128906,102.75,102.98999786376953,219798,0.0,0.0,2023-07-10
2304,2023-07-10 09:40:00-04:00,103.0199966430664,103.0999984741211,102.81999969482422,102.9800033569336,106487,0.0,0.0,2023-07-10
2305,2023-07-10 09:45:00-04:00,102.94999694824219,103.19999694824219,102.87999725341797,103.06999969482422,193821,0.0,0.0,2023-07-10
2306,2023-07-10 09:50:00-04:00,103.05000305175781,103.83999633789062,103.0199966430664,103.38500213623047,319208,0.0,0.0,2023-07-10
2307,2023-07-10 09:55:00-04:00,103.5199966430664,103.66999816894531,103.37999725341797,103.51000213623047,57683,0.0,0.0,2023-07-10
2308,2023-07-10 10:00:00-04:00,103.52999877929688,103.79499816894531,103.31999969482422,103.79000091552734,80326,0.0,0.0,2023-07-10
2309,2023-07-10 10:05:00-04:00,103.80999755859375,103.9800033569336,103.61000061035156,103.93000030517578,45821,0.0,0.0,2023-07-10
2310,2023-07-10 10:10:00-04:00,103.9000015258789,103.9000015258789,103.63999938964844,103.7699966430664,48533,0.0,0.0,2023-07-10
2311,2023-07-10 10:15:00-04:00,103.7699966430664,103.80000305175781,103.38500213623047,103.40499877929688,38500,0.0,0.0,2023-07-10
2312,2023-07-10 10:20:00-04:00,103.44290161132812,103.63999938964844,103.33999633789062,103.58999633789062,44897,0.0,0.0,2023-07-10
2313,2023-07-10 10:25:00-04:00,103.5999984741211,103.61499786376953,103.25,103.36000061035156,33768,0.0,0.0,2023-07-10
2314,2023-07-10 10:30:00-04:00,103.4000015258789,103.43000030517578,103.08999633789062,103.13999938964844,74986,0.0,0.0,2023-07-10
2315,2023-07-10 10:35:00-04:00,103.13999938964844,103.31999969482422,103.01000213623047,103.2249984741211,45847,0.0,0.0,2023-07-10
2316,2023-07-10 10:40:00-04:00,103.23999786376953,103.61000061035156,103.2300033569336,103.61000061035156,33791,0.0,0.0,2023-07-10
2317,2023-07-10 10:45:00-04:00,103.61000061035156,103.83999633789062,103.61000061035156,103.81999969482422,66753,0.0,0.0,2023-07-10
2318,2023-07-10 10:50:00-04:00,103.76000213623047,103.97000122070312,103.63999938964844,103.72000122070312,49549,0.0,0.0,2023-07-10
2319,2023-07-10 10:55:00-04:00,103.73999786376953,103.73999786376953,103.37999725341797,103.58999633789062,49592,0.0,0.0,2023-07-10
2320,2023-07-10 11:00:00-04:00,103.63839721679688,103.67500305175781,103.51000213623047,103.63999938964844,32108,0.0,0.0,2023-07-10
2321,2023-07-10 11:05:00-04:00,103.61000061035156,103.63999938964844,103.3499984741211,103.36000061035156,27421,0.0,0.0,2023-07-10
2322,2023-07-10 11:10:00-04:00,103.375,103.41999816894531,103.27799987792969,103.30000305175781,34840,0.0,0.0,2023-07-10
2323,2023-07-10 11:15:00-04:00,103.30000305175781,103.33499908447266,103.18000030517578,103.22000122070312,92621,0.0,0.0,2023-07-10
2324,2023-07-10 11:20:00-04:00,103.20999908447266,103.2699966430664,103.13999938964844,103.25,52531,0.0,0.0,2023-07-10
2325,2023-07-10 11:25:00-04:00,103.23999786376953,103.37000274658203,103.22000122070312,103.26000213623047,45921,0.0,0.0,2023-07-10
2326,2023-07-10 11:30:00-04:00,103.25,103.30999755859375,103.15499877929688,103.22000122070312,145531,0.0,0.0,2023-07-10
2327,2023-07-10 11:35:00-04:00,103.20999908447266,103.58000183105469,103.17500305175781,103.49500274658203,41767,0.0,0.0,2023-07-10
2328,2023-07-10 11:40:00-04:00,103.5,103.52330017089844,103.31999969482422,103.33000183105469,26371,0.0,0.0,2023-07-10
2329,2023-07-10 11:45:00-04:00,103.33000183105469,103.51000213623047,103.31999969482422,103.4800033569336,121625,0.0,0.0,2023-07-10
2330,2023-07-10 11:50:00-04:00,103.48999786376953,103.70999908447266,103.48999786376953,103.70999908447266,22677,0.0,0.0,2023-07-10
2331,2023-07-10 11:55:00-04:00,103.72000122070312,103.83999633789062,103.69000244140625,103.83000183105469,35927,0.0,0.0,2023-07-10
2332,2023-07-10 12:00:00-04:00,103.83000183105469,103.83000183105469,103.5999984741211,103.75,31574,0.0,0.0,2023-07-10
2333,2023-07-10 12:05:00-04:00,103.76899719238281,103.9000015258789,103.76899719238281,103.8822021484375,45352,0.0,0.0,2023-07-10
2334,2023-07-10 12:10:00-04:00,103.87000274658203,103.91999816894531,103.81999969482422,103.8541030883789,27164,0.0,0.0,2023-07-10
2335,2023-07-10 12:15:00-04:00,103.83999633789062,103.95999908447266,103.80010223388672,103.94000244140625,34378,0.0,0.0,2023-07-10
2336,2023-07-10 12:20:00-04:00,103.94000244140625,103.98999786376953,103.79000091552734,103.83999633789062,26357,0.0,0.0,2023-07-10
2337,2023-07-10 12:25:00-04:00,103.84020233154297,104.0199966430664,103.84020233154297,103.95999908447266,33750,0.0,0.0,2023-07-10
2338,2023-07-10 12:30:00-04:00,103.97000122070312,103.98999786376953,103.80999755859375,103.87999725341797,22328,0.0,0.0,2023-07-10
2339,2023-07-10 12:35:00-04:00,103.88999938964844,103.94000244140625,103.48999786376953,103.58000183105469,141908,0.0,0.0,2023-07-10
2340,2023-07-10 12:40:00-04:00,103.58499908447266,103.62999725341797,103.54000091552734,103.58000183105469,85766,0.0,0.0,2023-07-10
2341,2023-07-10 12:45:00-04:00,103.58000183105469,103.7699966430664,103.58000183105469,103.73999786376953,63746,0.0,0.0,2023-07-10
2342,2023-07-10 12:50:00-04:00,103.7300033569336,103.83000183105469,103.7249984741211,103.82499694824219,43385,0.0,0.0,2023-07-10
2343,2023-07-10 12:55:00-04:00,103.81999969482422,103.8550033569336,103.74500274658203,103.8499984741211,49929,0.0,0.0,2023-07-10
2344,2023-07-10 13:00:00-04:00,103.84500122070312,104.01000213623047,103.79000091552734,103.9800033569336,183904,0.0,0.0,2023-07-10
2345,2023-07-10 13:05:00-04:00,103.97000122070312,104.03500366210938,103.91500091552734,103.9800033569336,81671,0.0,0.0,2023-07-10
2346,2023-07-10 13:10:00-04:00,103.9800033569336,104.01499938964844,103.92500305175781,104.0,45897,0.0,0.0,2023-07-10
2347,2023-07-10 13:15:00-04:00,103.98999786376953,104.0999984741211,103.9800033569336,104.06500244140625,86732,0.0,0.0,2023-07-10
2348,2023-07-10 13:20:00-04:00,104.05999755859375,104.0999984741211,104.04000091552734,104.04499816894531,140355,0.0,0.0,2023-07-10
2349,2023-07-10 13:25:00-04:00,104.04000091552734,104.08999633789062,103.9800033569336,104.08999633789062,104610,0.0,0.0,2023-07-10
2350,2023-07-10 13:30:00-04:00,104.08999633789062,104.12999725341797,103.91999816894531,104.12999725341797,118487,0.0,0.0,2023-07-10
2351,2023-07-10 13:35:00-04:00,104.125,104.1449966430664,104.05000305175781,104.09500122070312,62999,0.0,0.0,2023-07-10
2352,2023-07-10 13:40:00-04:00,104.0999984741211,104.23500061035156,104.08000183105469,104.2300033569336,66350,0.0,0.0,2023-07-10
2353,2023-07-10 13:45:00-04:00,104.23999786376953,104.30000305175781,104.19000244140625,104.23999786376953,102832,0.0,0.0,2023-07-10
2354,2023-07-10 13:50:00-04:00,104.23999786376953,104.44999694824219,104.23999786376953,104.39209747314453,104160,0.0,0.0,2023-07-10
2355,2023-07-10 13:55:00-04:00,104.4000015258789,104.45999908447266,104.2699966430664,104.2699966430664,49460,0.0,0.0,2023-07-10
2356,2023-07-10 14:00:00-04:00,104.2300033569336,104.27999877929688,104.02999877929688,104.05999755859375,57877,0.0,0.0,2023-07-10
2357,2023-07-10 14:05:00-04:00,104.08000183105469,104.08000183105469,103.93000030517578,103.94499969482422,21079,0.0,0.0,2023-07-10
2358,2023-07-10 14:10:00-04:00,103.94999694824219,104.1500015258789,103.94999694824219,104.11499786376953,62558,0.0,0.0,2023-07-10
2359,2023-07-10 14:15:00-04:00,104.13500213623047,104.16000366210938,104.0199966430664,104.05000305175781,23170,0.0,0.0,2023-07-10
2360,2023-07-10 14:20:00-04:00,104.05999755859375,104.16000366210938,104.02999877929688,104.1500015258789,22905,0.0,0.0,2023-07-10
2361,2023-07-10 14:25:00-04:00,104.12999725341797,104.30000305175781,104.12999725341797,104.26000213623047,19147,0.0,0.0,2023-07-10
2362,2023-07-10 14:30:00-04:00,104.25,104.33999633789062,104.22000122070312,104.29900360107422,41078,0.0,0.0,2023-07-10
2363,2023-07-10 14:35:00-04:00,104.29000091552734,104.34500122070312,104.22000122070312,104.22000122070312,31355,0.0,0.0,2023-07-10
2364,2023-07-10 14:40:00-04:00,104.21199798583984,104.2699966430664,104.21199798583984,104.25,24080,0.0,0.0,2023-07-10
2365,2023-07-10 14:45:00-04:00,104.24500274658203,104.25,104.12999725341797,104.13999938964844,20363,0.0,0.0,2023-07-10
2366,2023-07-10 14:50:00-04:00,104.1500015258789,104.21499633789062,104.1500015258789,104.16999816894531,19035,0.0,0.0,2023-07-10
2367,2023-07-10 14:55:00-04:00,104.18000030517578,104.26000213623047,104.18000030517578,104.20999908447266,24564,0.0,0.0,2023-07-10
2368,2023-07-10 15:00:00-04:00,104.22000122070312,104.2300033569336,104.13999938964844,104.16000366210938,25409,0.0,0.0,2023-07-10
2369,2023-07-10 15:05:00-04:00,104.18000030517578,104.19999694824219,104.11029815673828,104.1500015258789,26215,0.0,0.0,2023-07-10
2370,2023-07-10 15:10:00-04:00,104.15499877929688,104.2300033569336,104.12079620361328,104.2300033569336,31074,0.0,0.0,2023-07-10
2371,2023-07-10 15:15:00-04:00,104.2300033569336,104.41200256347656,104.2300033569336,104.41200256347656,36797,0.0,0.0,2023-07-10
2372,2023-07-10 15:20:00-04:00,104.41999816894531,104.44499969482422,104.25,104.26499938964844,39855,0.0,0.0,2023-07-10
2373,2023-07-10 15:25:00-04:00,104.2699966430664,104.2699966430664,104.20999908447266,104.25,34218,0.0,0.0,2023-07-10
2374,2023-07-10 15:30:00-04:00,104.23999786376953,104.25,104.16000366210938,104.19499969482422,34914,0.0,0.0,2023-07-10
2375,2023-07-10 15:35:00-04:00,104.19499969482422,104.33000183105469,104.19000244140625,104.33000183105469,49504,0.0,0.0,2023-07-10
2376,2023-07-10 15:40:00-04:00,104.31999969482422,104.34500122070312,104.23999786376953,104.26000213623047,57214,0.0,0.0,2023-07-10
2377,2023-07-10 15:45:00-04:00,104.25,104.29499816894531,104.1050033569336,104.11000061035156,79077,0.0,0.0,2023-07-10
2378,2023-07-10 15:50:00-04:00,104.12000274658203,104.28500366210938,104.11000061035156,104.27999877929688,109062,0.0,0.0,2023-07-10
2379,2023-07-10 15:55:00-04:00,104.29000091552734,104.44000244140625,104.16000366210938,104.3499984741211,339832,0.0,0.0,2023-07-10
2380,2023-07-11 09:30:00-04:00,105.0,105.6500015258789,104.8499984741211,105.5604019165039,115069,0.0,0.0,2023-07-11
2381,2023-07-11 09:35:00-04:00,105.55999755859375,105.6063003540039,105.33000183105469,105.33000183105469,53033,0.0,0.0,2023-07-11
2382,2023-07-11 09:40:00-04:00,105.32360076904297,105.48290252685547,105.23770141601562,105.31999969482422,70716,0.0,0.0,2023-07-11
2383,2023-07-11 09:45:00-04:00,105.37000274658203,105.73999786376953,105.25,105.70999908447266,101392,0.0,0.0,2023-07-11
2384,2023-07-11 09:50:00-04:00,105.69000244140625,105.7699966430664,105.55999755859375,105.55999755859375,57134,0.0,0.0,2023-07-11
2385,2023-07-11 09:55:00-04:00,105.55000305175781,105.73999786376953,105.5199966430664,105.71990203857422,44646,0.0,0.0,2023-07-11
2386,2023-07-11 10:00:00-04:00,105.72000122070312,105.79000091552734,105.55000305175781,105.61000061035156,57397,0.0,0.0,2023-07-11
2387,2023-07-11 10:05:00-04:00,105.62000274658203,105.8499984741211,105.5999984741211,105.79000091552734,36082,0.0,0.0,2023-07-11
2388,2023-07-11 10:10:00-04:00,105.7699966430664,105.87999725341797,105.69000244140625,105.79000091552734,33915,0.0,0.0,2023-07-11
2389,2023-07-11 10:15:00-04:00,105.79000091552734,105.93000030517578,105.73999786376953,105.91999816894531,66852,0.0,0.0,2023-07-11
2390,2023-07-11 10:20:00-04:00,105.91000366210938,106.12000274658203,105.80999755859375,106.12000274658203,73669,0.0,0.0,2023-07-11
2391,2023-07-11 10:25:00-04:00,106.10009765625,106.16999816894531,106.04000091552734,106.05999755859375,37988,0.0,0.0,2023-07-11
2392,2023-07-11 10:30:00-04:00,106.02999877929688,106.02999877929688,105.70999908447266,105.7699966430664,35549,0.0,0.0,2023-07-11
2393,2023-07-11 10:35:00-04:00,105.73999786376953,105.73999786376953,105.58000183105469,105.58000183105469,34020,0.0,0.0,2023-07-11
2394,2023-07-11 10:40:00-04:00,105.5999984741211,105.91000366210938,105.5999984741211,105.85910034179688,37859,0.0,0.0,2023-07-11
2395,2023-07-11 10:45:00-04:00,105.8499984741211,106.0999984741211,105.83499908447266,106.0999984741211,46192,0.0,0.0,2023-07-11
2396,2023-07-11 10:50:00-04:00,106.0999984741211,106.16999816894531,106.02999877929688,106.06500244140625,32463,0.0,0.0,2023-07-11
2397,2023-07-11 10:55:00-04:00,106.05000305175781,106.23999786376953,106.0199966430664,106.1500015258789,40989,0.0,0.0,2023-07-11
2398,2023-07-11 11:00:00-04:00,106.25,106.2699966430664,106.06999969482422,106.08999633789062,29057,0.0,0.0,2023-07-11
2399,2023-07-11 11:05:00-04:00,106.09500122070312,106.49500274658203,106.05999755859375,106.48999786376953,38278,0.0,0.0,2023-07-11
2400,2023-07-11 11:10:00-04:00,106.4800033569336,106.7300033569336,106.47000122070312,106.7300033569336,80416,0.0,0.0,2023-07-11
2401,2023-07-11 11:15:00-04:00,106.7300033569336,106.73999786376953,106.48500061035156,106.52999877929688,62489,0.0,0.0,2023-07-11
2402,2023-07-11 11:20:00-04:00,106.5199966430664,106.72000122070312,106.44000244140625,106.69999694824219,52032,0.0,0.0,2023-07-11
2403,2023-07-11 11:25:00-04:00,106.69000244140625,106.7699966430664,106.52999877929688,106.7699966430664,33632,0.0,0.0,2023-07-11
2404,2023-07-11 11:30:00-04:00,106.76000213623047,106.98999786376953,106.72000122070312,106.88999938964844,64550,0.0,0.0,2023-07-11
2405,2023-07-11 11:35:00-04:00,106.87000274658203,107.0199966430664,106.83000183105469,107.01499938964844,65859,0.0,0.0,2023-07-11
2406,2023-07-11 11:40:00-04:00,107.0199966430664,107.21499633789062,107.0199966430664,107.20999908447266,57367,0.0,0.0,2023-07-11
2407,2023-07-11 11:45:00-04:00,107.20999908447266,107.20999908447266,106.95999908447266,107.07759857177734,46347,0.0,0.0,2023-07-11
2408,2023-07-11 11:50:00-04:00,107.06999969482422,107.06999969482422,106.73999786376953,106.80000305175781,41266,0.0,0.0,2023-07-11
2409,2023-07-11 11:55:00-04:00,106.77999877929688,106.92900085449219,106.69999694824219,106.9000015258789,42722,0.0,0.0,2023-07-11
2410,2023-07-11 12:00:00-04:00,106.8949966430664,106.9000015258789,106.73999786376953,106.81999969482422,30372,0.0,0.0,2023-07-11
2411,2023-07-11 12:05:00-04:00,106.8499984741211,106.91000366210938,106.75,106.8499984741211,27554,0.0,0.0,2023-07-11
2412,2023-07-11 12:10:00-04:00,106.83000183105469,106.91000366210938,106.83000183105469,106.8949966430664,23193,0.0,0.0,2023-07-11
2413,2023-07-11 12:15:00-04:00,106.88999938964844,107.04000091552734,106.87000274658203,106.9800033569336,36272,0.0,0.0,2023-07-11
2414,2023-07-11 12:20:00-04:00,106.95999908447266,107.05999755859375,106.94000244140625,106.97000122070312,30508,0.0,0.0,2023-07-11
2415,2023-07-11 12:25:00-04:00,106.97000122070312,107.0199966430664,106.77999877929688,106.88999938964844,37286,0.0,0.0,2023-07-11
2416,2023-07-11 12:30:00-04:00,106.88999938964844,106.88999938964844,106.7699966430664,106.80999755859375,36304,0.0,0.0,2023-07-11
2417,2023-07-11 12:35:00-04:00,106.80000305175781,106.9800033569336,106.66999816894531,106.9800033569336,57316,0.0,0.0,2023-07-11
2418,2023-07-11 12:40:00-04:00,106.98500061035156,107.06900024414062,106.88999938964844,107.01000213623047,106897,0.0,0.0,2023-07-11
2419,2023-07-11 12:45:00-04:00,107.01000213623047,107.2699966430664,107.01000213623047,107.20999908447266,44464,0.0,0.0,2023-07-11
2420,2023-07-11 12:50:00-04:00,107.22000122070312,107.33999633789062,107.12999725341797,107.32499694824219,92357,0.0,0.0,2023-07-11
2421,2023-07-11 12:55:00-04:00,107.33499908447266,107.44000244140625,107.23999786376953,107.38999938964844,52417,0.0,0.0,2023-07-11
2422,2023-07-11 13:00:00-04:00,107.37999725341797,107.42849731445312,107.32499694824219,107.42849731445312,41182,0.0,0.0,2023-07-11
2423,2023-07-11 13:05:00-04:00,107.45999908447266,107.47000122070312,107.31999969482422,107.36000061035156,41922,0.0,0.0,2023-07-11
2424,2023-07-11 13:10:00-04:00,107.36000061035156,107.38999938964844,107.30999755859375,107.31999969482422,57470,0.0,0.0,2023-07-11
2425,2023-07-11 13:15:00-04:00,107.31999969482422,107.45999908447266,107.30999755859375,107.43000030517578,88354,0.0,0.0,2023-07-11
2426,2023-07-11 13:20:00-04:00,107.41000366210938,107.44000244140625,107.2300033569336,107.24849700927734,38286,0.0,0.0,2023-07-11
2427,2023-07-11 13:25:00-04:00,107.2572021484375,107.31500244140625,107.18000030517578,107.26000213623047,44686,0.0,0.0,2023-07-11
2428,2023-07-11 13:30:00-04:00,107.25,107.38079833984375,107.19999694824219,107.36000061035156,40532,0.0,0.0,2023-07-11
2429,2023-07-11 13:35:00-04:00,107.37000274658203,107.38999938964844,107.18499755859375,107.36000061035156,47305,0.0,0.0,2023-07-11
2430,2023-07-11 13:40:00-04:00,107.3499984741211,107.3499984741211,107.24739837646484,107.2750015258789,30935,0.0,0.0,2023-07-11
2431,2023-07-11 13:45:00-04:00,107.27999877929688,107.31999969482422,107.18000030517578,107.2300033569336,31340,0.0,0.0,2023-07-11
2432,2023-07-11 13:50:00-04:00,107.2249984741211,107.2699966430664,107.08080291748047,107.13999938964844,43186,0.0,0.0,2023-07-11
2433,2023-07-11 13:55:00-04:00,107.1500015258789,107.19999694824219,107.04000091552734,107.16000366210938,24960,0.0,0.0,2023-07-11
2434,2023-07-11 14:00:00-04:00,107.1500015258789,107.20999908447266,107.06999969482422,107.08000183105469,31056,0.0,0.0,2023-07-11
2435,2023-07-11 14:05:00-04:00,107.0781021118164,107.19999694824219,107.06189727783203,107.18000030517578,35355,0.0,0.0,2023-07-11
2436,2023-07-11 14:10:00-04:00,107.18000030517578,107.29000091552734,107.18000030517578,107.27449798583984,37770,0.0,0.0,2023-07-11
2437,2023-07-11 14:15:00-04:00,107.2699966430664,107.36000061035156,107.19000244140625,107.33000183105469,28131,0.0,0.0,2023-07-11
2438,2023-07-11 14:20:00-04:00,107.33000183105469,107.33000183105469,107.1500015258789,107.18000030517578,27349,0.0,0.0,2023-07-11
2439,2023-07-11 14:25:00-04:00,107.19609832763672,107.3499984741211,107.12000274658203,107.33999633789062,40053,0.0,0.0,2023-07-11
2440,2023-07-11 14:30:00-04:00,107.33999633789062,107.42790222167969,107.33000183105469,107.36000061035156,33973,0.0,0.0,2023-07-11
2441,2023-07-11 14:35:00-04:00,107.36869812011719,107.375,107.2699966430664,107.2699966430664,25838,0.0,0.0,2023-07-11
2442,2023-07-11 14:40:00-04:00,107.27999877929688,107.5199966430664,107.2699966430664,107.51499938964844,39177,0.0,0.0,2023-07-11
2443,2023-07-11 14:45:00-04:00,107.51499938964844,107.54000091552734,107.44999694824219,107.47000122070312,40580,0.0,0.0,2023-07-11
2444,2023-07-11 14:50:00-04:00,107.45999908447266,107.55000305175781,107.45999908447266,107.47229766845703,30927,0.0,0.0,2023-07-11
2445,2023-07-11 14:55:00-04:00,107.48999786376953,107.53990173339844,107.44499969482422,107.48999786376953,28273,0.0,0.0,2023-07-11
2446,2023-07-11 15:00:00-04:00,107.48999786376953,107.5,107.44000244140625,107.44999694824219,29237,0.0,0.0,2023-07-11
2447,2023-07-11 15:05:00-04:00,107.44999694824219,107.51000213623047,107.41000366210938,107.48999786376953,46217,0.0,0.0,2023-07-11
2448,2023-07-11 15:10:00-04:00,107.48999786376953,107.54499816894531,107.44000244140625,107.52999877929688,49818,0.0,0.0,2023-07-11
2449,2023-07-11 15:15:00-04:00,107.54000091552734,107.54000091552734,107.41999816894531,107.4749984741211,48997,0.0,0.0,2023-07-11
2450,2023-07-11 15:20:00-04:00,107.4749984741211,107.61000061035156,107.47000122070312,107.5999984741211,49111,0.0,0.0,2023-07-11
2451,2023-07-11 15:25:00-04:00,107.5999984741211,107.5999984741211,107.5,107.53500366210938,47313,0.0,0.0,2023-07-11
2452,2023-07-11 15:30:00-04:00,107.52999877929688,107.53500366210938,107.41000366210938,107.45999908447266,89947,0.0,0.0,2023-07-11
2453,2023-07-11 15:35:00-04:00,107.45999908447266,107.56999969482422,107.43250274658203,107.5,66501,0.0,0.0,2023-07-11
2454,2023-07-11 15:40:00-04:00,107.48999786376953,107.55000305175781,107.44999694824219,107.50499725341797,81342,0.0,0.0,2023-07-11
2455,2023-07-11 15:45:00-04:00,107.51000213623047,107.56999969482422,107.33000183105469,107.5199966430664,152645,0.0,0.0,2023-07-11
2456,2023-07-11 15:50:00-04:00,107.55000305175781,107.6050033569336,107.41500091552734,107.43000030517578,221538,0.0,0.0,2023-07-11
2457,2023-07-11 15:55:00-04:00,107.43000030517578,107.58000183105469,107.37000274658203,107.44999694824219,435049,0.0,0.0,2023-07-11
2458,2023-07-12 09:30:00-04:00,108.63999938964844,109.16999816894531,108.53500366210938,108.93000030517578,191291,0.0,0.0,2023-07-12
2459,2023-07-12 09:35:00-04:00,108.94000244140625,109.19999694824219,108.80999755859375,109.12000274658203,62805,0.0,0.0,2023-07-12
2460,2023-07-12 09:40:00-04:00,109.12000274658203,109.25,108.76000213623047,108.94000244140625,129386,0.0,0.0,2023-07-12
2461,2023-07-12 09:45:00-04:00,108.97000122070312,109.47000122070312,108.8550033569336,109.04000091552734,93988,0.0,0.0,2023-07-12
2462,2023-07-12 09:50:00-04:00,109.06999969482422,109.30000305175781,108.95999908447266,109.2300033569336,61512,0.0,0.0,2023-07-12
2463,2023-07-12 09:55:00-04:00,109.2300033569336,109.4800033569336,109.19000244140625,109.26000213623047,97746,0.0,0.0,2023-07-12
2464,2023-07-12 10:00:00-04:00,109.2699966430664,109.31999969482422,109.08000183105469,109.16999816894531,122458,0.0,0.0,2023-07-12
2465,2023-07-12 10:05:00-04:00,109.22000122070312,109.37000274658203,109.06999969482422,109.35890197753906,106626,0.0,0.0,2023-07-12
2466,2023-07-12 10:10:00-04:00,109.34500122070312,109.56999969482422,109.16000366210938,109.41999816894531,82114,0.0,0.0,2023-07-12
2467,2023-07-12 10:15:00-04:00,109.41999816894531,109.5,109.13500213623047,109.20999908447266,53604,0.0,0.0,2023-07-12
2468,2023-07-12 10:20:00-04:00,109.19999694824219,109.40499877929688,109.16999816894531,109.29000091552734,59367,0.0,0.0,2023-07-12
2469,2023-07-12 10:25:00-04:00,109.27999877929688,109.38999938964844,109.16000366210938,109.31999969482422,43250,0.0,0.0,2023-07-12
2470,2023-07-12 10:30:00-04:00,109.30999755859375,109.30999755859375,109.05500030517578,109.0999984741211,101206,0.0,0.0,2023-07-12
2471,2023-07-12 10:35:00-04:00,109.08000183105469,109.12000274658203,108.83000183105469,108.99500274658203,93728,0.0,0.0,2023-07-12
2472,2023-07-12 10:40:00-04:00,108.99250030517578,109.0999984741211,108.8499984741211,109.0,117541,0.0,0.0,2023-07-12
2473,2023-07-12 10:45:00-04:00,109.04000091552734,109.08999633789062,108.80000305175781,108.91500091552734,89941,0.0,0.0,2023-07-12
2474,2023-07-12 10:50:00-04:00,108.9000015258789,109.05999755859375,108.81999969482422,109.0199966430664,32872,0.0,0.0,2023-07-12
2475,2023-07-12 10:55:00-04:00,109.01499938964844,109.16999816894531,108.98999786376953,109.1500015258789,33591,0.0,0.0,2023-07-12
2476,2023-07-12 11:00:00-04:00,109.16000366210938,109.27999877929688,109.11000061035156,109.26000213623047,34921,0.0,0.0,2023-07-12
2477,2023-07-12 11:05:00-04:00,109.27999877929688,109.3499984741211,109.16000366210938,109.20999908447266,35909,0.0,0.0,2023-07-12
2478,2023-07-12 11:10:00-04:00,109.19999694824219,109.19999694824219,108.94000244140625,108.95500183105469,34900,0.0,0.0,2023-07-12
2479,2023-07-12 11:15:00-04:00,108.96769714355469,108.98999786376953,108.80000305175781,108.9800033569336,53077,0.0,0.0,2023-07-12
2480,2023-07-12 11:20:00-04:00,108.94999694824219,108.94999694824219,108.69000244140625,108.83999633789062,43209,0.0,0.0,2023-07-12
2481,2023-07-12 11:25:00-04:00,108.83999633789062,108.91000366210938,108.77999877929688,108.77999877929688,72024,0.0,0.0,2023-07-12
2482,2023-07-12 11:30:00-04:00,108.77999877929688,108.86000061035156,108.76000213623047,108.83999633789062,36906,0.0,0.0,2023-07-12
2483,2023-07-12 11:35:00-04:00,108.83999633789062,108.88500213623047,108.77999877929688,108.79000091552734,57840,0.0,0.0,2023-07-12
2484,2023-07-12 11:40:00-04:00,108.77999877929688,108.77999877929688,108.5199966430664,108.69000244140625,85726,0.0,0.0,2023-07-12
2485,2023-07-12 11:45:00-04:00,108.66000366210938,108.7750015258789,108.61000061035156,108.62999725341797,62019,0.0,0.0,2023-07-12
2486,2023-07-12 11:50:00-04:00,108.62000274658203,108.88999938964844,108.61000061035156,108.87000274658203,67077,0.0,0.0,2023-07-12
2487,2023-07-12 11:55:00-04:00,108.8499984741211,108.9000015258789,108.72689819335938,108.84130096435547,50977,0.0,0.0,2023-07-12
2488,2023-07-12 12:00:00-04:00,108.8324966430664,108.87999725341797,108.76000213623047,108.86000061035156,40223,0.0,0.0,2023-07-12
2489,2023-07-12 12:05:00-04:00,108.86229705810547,108.87000274658203,108.62000274658203,108.62999725341797,42546,0.0,0.0,2023-07-12
2490,2023-07-12 12:10:00-04:00,108.62000274658203,108.86000061035156,108.62000274658203,108.8499984741211,36784,0.0,0.0,2023-07-12
2491,2023-07-12 12:15:00-04:00,108.87000274658203,108.87000274658203,108.625,108.63999938964844,43774,0.0,0.0,2023-07-12
2492,2023-07-12 12:20:00-04:00,108.6500015258789,108.7699966430664,108.63999938964844,108.73999786376953,32682,0.0,0.0,2023-07-12
2493,2023-07-12 12:25:00-04:00,108.75,108.76000213623047,108.56999969482422,108.66999816894531,44704,0.0,0.0,2023-07-12
2494,2023-07-12 12:30:00-04:00,108.68000030517578,108.72000122070312,108.625,108.72000122070312,43263,0.0,0.0,2023-07-12
2495,2023-07-12 12:35:00-04:00,108.7300033569336,108.76000213623047,108.5250015258789,108.56999969482422,46306,0.0,0.0,2023-07-12
2496,2023-07-12 12:40:00-04:00,108.57649993896484,108.58999633789062,108.44999694824219,108.54000091552734,51765,0.0,0.0,2023-07-12
2497,2023-07-12 12:45:00-04:00,108.54499816894531,108.58999633789062,108.48999786376953,108.55999755859375,28103,0.0,0.0,2023-07-12
2498,2023-07-12 12:50:00-04:00,108.56999969482422,108.73999786376953,108.55950164794922,108.7300033569336,26014,0.0,0.0,2023-07-12
2499,2023-07-12 12:55:00-04:00,108.75,108.76000213623047,108.61000061035156,108.66390228271484,33855,0.0,0.0,2023-07-12
2500,2023-07-12 13:00:00-04:00,108.66000366210938,108.80989837646484,108.6500015258789,108.75,68553,0.0,0.0,2023-07-12
2501,2023-07-12 13:05:00-04:00,108.75,108.75,108.54000091552734,108.55000305175781,46058,0.0,0.0,2023-07-12
2502,2023-07-12 13:10:00-04:00,108.55000305175781,108.6500015258789,108.52999877929688,108.6500015258789,28416,0.0,0.0,2023-07-12
2503,2023-07-12 13:15:00-04:00,108.66999816894531,108.73500061035156,108.62999725341797,108.66999816894531,30230,0.0,0.0,2023-07-12
2504,2023-07-12 13:20:00-04:00,108.66999816894531,108.66999816894531,108.52999877929688,108.55000305175781,30937,0.0,0.0,2023-07-12
2505,2023-07-12 13:25:00-04:00,108.56500244140625,108.68000030517578,108.55500030517578,108.6500015258789,28397,0.0,0.0,2023-07-12
2506,2023-07-12 13:30:00-04:00,108.66999816894531,108.7750015258789,108.6500015258789,108.7300033569336,33565,0.0,0.0,2023-07-12
2507,2023-07-12 13:35:00-04:00,108.73999786376953,108.7699966430664,108.69000244140625,108.76499938964844,29350,0.0,0.0,2023-07-12
2508,2023-07-12 13:40:00-04:00,108.76000213623047,108.83499908447266,108.75499725341797,108.80999755859375,47168,0.0,0.0,2023-07-12
2509,2023-07-12 13:45:00-04:00,108.80999755859375,108.88999938964844,108.80000305175781,108.86499786376953,44955,0.0,0.0,2023-07-12
2510,2023-07-12 13:50:00-04:00,108.87000274658203,108.87000274658203,108.83000183105469,108.83999633789062,41567,0.0,0.0,2023-07-12
2511,2023-07-12 13:55:00-04:00,108.83999633789062,108.9000015258789,108.75,108.79000091552734,39902,0.0,0.0,2023-07-12
2512,2023-07-12 14:00:00-04:00,108.80000305175781,108.88500213623047,108.77999877929688,108.81999969482422,38446,0.0,0.0,2023-07-12
2513,2023-07-12 14:05:00-04:00,108.81999969482422,108.91000366210938,108.76000213623047,108.9000015258789,43874,0.0,0.0,2023-07-12
2514,2023-07-12 14:10:00-04:00,108.91000366210938,109.09500122070312,108.91000366210938,109.09500122070312,45463,0.0,0.0,2023-07-12
2515,2023-07-12 14:15:00-04:00,109.0999984741211,109.12999725341797,109.06500244140625,109.095703125,60474,0.0,0.0,2023-07-12
2516,2023-07-12 14:20:00-04:00,109.0999984741211,109.12000274658203,109.04000091552734,109.08999633789062,57288,0.0,0.0,2023-07-12
2517,2023-07-12 14:25:00-04:00,109.08499908447266,109.13999938964844,109.0,109.05000305175781,40739,0.0,0.0,2023-07-12
2518,2023-07-12 14:30:00-04:00,109.04000091552734,109.09500122070312,109.01000213623047,109.06999969482422,55252,0.0,0.0,2023-07-12
2519,2023-07-12 14:35:00-04:00,109.08000183105469,109.0999984741211,108.9800033569336,109.05999755859375,40121,0.0,0.0,2023-07-12
2520,2023-07-12 14:40:00-04:00,109.06500244140625,109.125,109.0199966430664,109.125,41951,0.0,0.0,2023-07-12
2521,2023-07-12 14:45:00-04:00,109.11000061035156,109.1449966430664,109.05000305175781,109.1449966430664,42076,0.0,0.0,2023-07-12
2522,2023-07-12 14:50:00-04:00,109.1500015258789,109.26000213623047,109.12999725341797,109.23999786376953,67825,0.0,0.0,2023-07-12
2523,2023-07-12 14:55:00-04:00,109.23500061035156,109.26000213623047,109.18499755859375,109.2301025390625,37137,0.0,0.0,2023-07-12
2524,2023-07-12 15:00:00-04:00,109.23500061035156,109.29000091552734,109.22000122070312,109.2699966430664,53284,0.0,0.0,2023-07-12
2525,2023-07-12 15:05:00-04:00,109.26499938964844,109.3499984741211,109.2300033569336,109.33499908447266,40380,0.0,0.0,2023-07-12
2526,2023-07-12 15:10:00-04:00,109.33000183105469,109.4573974609375,109.30999755859375,109.44999694824219,60011,0.0,0.0,2023-07-12
2527,2023-07-12 15:15:00-04:00,109.44999694824219,109.4749984741211,109.38999938964844,109.41000366210938,55443,0.0,0.0,2023-07-12
2528,2023-07-12 15:20:00-04:00,109.4000015258789,109.42859649658203,109.13999938964844,109.25,94722,0.0,0.0,2023-07-12
2529,2023-07-12 15:25:00-04:00,109.23999786376953,109.26000213623047,109.1510009765625,109.22000122070312,75485,0.0,0.0,2023-07-12
2530,2023-07-12 15:30:00-04:00,109.2300033569336,109.36000061035156,109.20999908447266,109.36000061035156,57225,0.0,0.0,2023-07-12
2531,2023-07-12 15:35:00-04:00,109.37000274658203,109.45500183105469,109.36000061035156,109.37999725341797,88770,0.0,0.0,2023-07-12
2532,2023-07-12 15:40:00-04:00,109.375,109.4749984741211,109.36000061035156,109.38500213623047,108363,0.0,0.0,2023-07-12
2533,2023-07-12 15:45:00-04:00,109.40499877929688,109.41500091552734,109.1510009765625,109.20500183105469,102308,0.0,0.0,2023-07-12
2534,2023-07-12 15:50:00-04:00,109.20099639892578,109.37999725341797,109.20099639892578,109.33999633789062,158007,0.0,0.0,2023-07-12
2535,2023-07-12 15:55:00-04:00,109.33000183105469,109.43499755859375,109.2300033569336,109.31999969482422,351545,0.0,0.0,2023-07-12
2536,2023-07-13 09:30:00-04:00,109.88999938964844,110.16999816894531,109.72000122070312,109.88999938964844,170750,0.0,0.0,2023-07-13
2537,2023-07-13 09:35:00-04:00,109.83000183105469,109.84500122070312,109.58000183105469,109.72000122070312,110927,0.0,0.0,2023-07-13
2538,2023-07-13 09:40:00-04:00,109.73999786376953,109.98999786376953,109.58999633789062,109.97000122070312,64526,0.0,0.0,2023-07-13
2539,2023-07-13 09:45:00-04:00,109.97000122070312,110.45999908447266,109.94999694824219,110.37999725341797,64832,0.0,0.0,2023-07-13
2540,2023-07-13 09:50:00-04:00,110.36000061035156,110.7249984741211,110.30999755859375,110.68000030517578,79331,0.0,0.0,2023-07-13
2541,2023-07-13 09:55:00-04:00,110.66999816894531,111.23999786376953,110.66999816894531,111.19999694824219,120469,0.0,0.0,2023-07-13
2542,2023-07-13 10:00:00-04:00,111.18000030517578,111.45999908447266,111.05000305175781,111.44999694824219,91251,0.0,0.0,2023-07-13
2543,2023-07-13 10:05:00-04:00,111.45999908447266,111.76000213623047,111.30999755859375,111.3499984741211,97289,0.0,0.0,2023-07-13
2544,2023-07-13 10:10:00-04:00,111.33000183105469,111.34390258789062,111.02999877929688,111.08000183105469,129526,0.0,0.0,2023-07-13
2545,2023-07-13 10:15:00-04:00,111.06269836425781,111.18990325927734,110.80000305175781,111.05000305175781,88623,0.0,0.0,2023-07-13
2546,2023-07-13 10:20:00-04:00,111.0000991821289,111.16999816894531,110.88999938964844,110.94000244140625,102072,0.0,0.0,2023-07-13
2547,2023-07-13 10:25:00-04:00,110.91000366210938,111.0999984741211,110.87999725341797,111.05500030517578,98567,0.0,0.0,2023-07-13
2548,2023-07-13 10:30:00-04:00,111.06999969482422,111.31999969482422,111.05000305175781,111.26000213623047,57245,0.0,0.0,2023-07-13
2549,2023-07-13 10:35:00-04:00,111.25,111.44989776611328,111.16000366210938,111.27999877929688,49052,0.0,0.0,2023-07-13
2550,2023-07-13 10:40:00-04:00,111.27999877929688,111.37999725341797,111.16999816894531,111.3499984741211,52286,0.0,0.0,2023-07-13
2551,2023-07-13 10:45:00-04:00,111.36000061035156,111.50990295410156,111.22000122070312,111.38999938964844,70355,0.0,0.0,2023-07-13
2552,2023-07-13 10:50:00-04:00,111.4000015258789,111.5,111.25,111.44000244140625,39361,0.0,0.0,2023-07-13
2553,2023-07-13 10:55:00-04:00,111.45999908447266,111.51000213623047,111.38999938964844,111.45999908447266,45961,0.0,0.0,2023-07-13
2554,2023-07-13 11:00:00-04:00,111.4800033569336,111.52999877929688,111.27999877929688,111.33000183105469,53921,0.0,0.0,2023-07-13
2555,2023-07-13 11:05:00-04:00,111.33000183105469,111.33000183105469,111.07240295410156,111.125,38978,0.0,0.0,2023-07-13
2556,2023-07-13 11:10:00-04:00,111.13999938964844,111.23999786376953,111.05000305175781,111.23999786376953,59937,0.0,0.0,2023-07-13
2557,2023-07-13 11:15:00-04:00,111.24500274658203,111.31999969482422,110.98999786376953,110.98999786376953,75262,0.0,0.0,2023-07-13
2558,2023-07-13 11:20:00-04:00,110.9800033569336,110.9800033569336,110.7699966430664,110.88999938964844,62002,0.0,0.0,2023-07-13
2559,2023-07-13 11:25:00-04:00,110.9000015258789,111.05500030517578,110.87000274658203,110.94000244140625,70641,0.0,0.0,2023-07-13
2560,2023-07-13 11:30:00-04:00,110.93000030517578,110.9749984741211,110.76000213623047,110.81999969482422,56013,0.0,0.0,2023-07-13
2561,2023-07-13 11:35:00-04:00,110.80500030517578,110.88999938964844,110.7699966430664,110.80999755859375,37445,0.0,0.0,2023-07-13
2562,2023-07-13 11:40:00-04:00,110.83000183105469,110.84500122070312,110.7300033569336,110.83999633789062,56305,0.0,0.0,2023-07-13
2563,2023-07-13 11:45:00-04:00,110.83000183105469,110.93000030517578,110.77999877929688,110.80999755859375,32068,0.0,0.0,2023-07-13
2564,2023-07-13 11:50:00-04:00,110.80999755859375,110.87999725341797,110.73999786376953,110.8499984741211,64715,0.0,0.0,2023-07-13
2565,2023-07-13 11:55:00-04:00,110.8499984741211,110.87000274658203,110.68000030517578,110.83000183105469,126501,0.0,0.0,2023-07-13
2566,2023-07-13 12:00:00-04:00,110.83999633789062,110.91999816894531,110.80999755859375,110.87000274658203,64106,0.0,0.0,2023-07-13
2567,2023-07-13 12:05:00-04:00,110.87000274658203,110.87000274658203,110.66000366210938,110.75399780273438,40242,0.0,0.0,2023-07-13
2568,2023-07-13 12:10:00-04:00,110.76000213623047,110.77999877929688,110.47000122070312,110.55000305175781,58632,0.0,0.0,2023-07-13
2569,2023-07-13 12:15:00-04:00,110.56999969482422,110.80000305175781,110.55999755859375,110.73500061035156,42343,0.0,0.0,2023-07-13
2570,2023-07-13 12:20:00-04:00,110.75,110.77989959716797,110.47000122070312,110.51809692382812,37621,0.0,0.0,2023-07-13
2571,2023-07-13 12:25:00-04:00,110.51000213623047,110.55000305175781,110.23999786376953,110.2750015258789,43101,0.0,0.0,2023-07-13
2572,2023-07-13 12:30:00-04:00,110.2699966430664,110.30000305175781,110.12000274658203,110.22000122070312,66193,0.0,0.0,2023-07-13
2573,2023-07-13 12:35:00-04:00,110.2300033569336,110.33000183105469,110.18000030517578,110.19000244140625,59149,0.0,0.0,2023-07-13
2574,2023-07-13 12:40:00-04:00,110.18000030517578,110.33999633789062,110.16000366210938,110.31500244140625,41853,0.0,0.0,2023-07-13
2575,2023-07-13 12:45:00-04:00,110.31999969482422,110.34500122070312,110.22000122070312,110.29000091552734,51406,0.0,0.0,2023-07-13
2576,2023-07-13 12:50:00-04:00,110.27999877929688,110.38999938964844,110.2125015258789,110.23999786376953,111980,0.0,0.0,2023-07-13
2577,2023-07-13 12:55:00-04:00,110.2300033569336,110.26000213623047,110.06999969482422,110.12999725341797,47879,0.0,0.0,2023-07-13
2578,2023-07-13 13:00:00-04:00,110.11000061035156,110.12000274658203,110.0199966430664,110.0822982788086,44934,0.0,0.0,2023-07-13
2579,2023-07-13 13:05:00-04:00,110.08999633789062,110.09500122070312,109.75,109.80999755859375,35661,0.0,0.0,2023-07-13
2580,2023-07-13 13:10:00-04:00,109.77999877929688,109.94000244140625,109.7300033569336,109.94000244140625,32029,0.0,0.0,2023-07-13
2581,2023-07-13 13:15:00-04:00,109.94999694824219,109.99500274658203,109.91000366210938,109.9800033569336,31402,0.0,0.0,2023-07-13
2582,2023-07-13 13:20:00-04:00,110.0,110.05500030517578,109.93000030517578,110.0199966430664,32318,0.0,0.0,2023-07-13
2583,2023-07-13 13:25:00-04:00,110.0250015258789,110.05000305175781,109.91999816894531,110.02469635009766,31917,0.0,0.0,2023-07-13
2584,2023-07-13 13:30:00-04:00,110.02999877929688,110.11000061035156,110.02999877929688,110.06999969482422,26386,0.0,0.0,2023-07-13
2585,2023-07-13 13:35:00-04:00,110.05000305175781,110.11000061035156,109.95999908447266,109.9800033569336,41082,0.0,0.0,2023-07-13
2586,2023-07-13 13:40:00-04:00,110.0,110.08000183105469,109.94000244140625,109.98500061035156,30779,0.0,0.0,2023-07-13
2587,2023-07-13 13:45:00-04:00,110.0,110.08999633789062,110.0,110.08000183105469,26252,0.0,0.0,2023-07-13
2588,2023-07-13 13:50:00-04:00,110.0999984741211,110.19760131835938,110.05000305175781,110.16000366210938,34770,0.0,0.0,2023-07-13
2589,2023-07-13 13:55:00-04:00,110.18000030517578,110.20999908447266,110.13500213623047,110.16999816894531,34987,0.0,0.0,2023-07-13
2590,2023-07-13 14:00:00-04:00,110.16999816894531,110.18000030517578,110.05000305175781,110.0999984741211,47477,0.0,0.0,2023-07-13
2591,2023-07-13 14:05:00-04:00,110.0999984741211,110.43000030517578,110.05000305175781,110.41100311279297,116874,0.0,0.0,2023-07-13
2592,2023-07-13 14:10:00-04:00,110.41000366210938,110.45999908447266,110.33000183105469,110.37999725341797,58851,0.0,0.0,2023-07-13
2593,2023-07-13 14:15:00-04:00,110.38999938964844,110.52999877929688,110.37000274658203,110.48999786376953,52256,0.0,0.0,2023-07-13
2594,2023-07-13 14:20:00-04:00,110.48999786376953,110.5,110.30000305175781,110.32119750976562,40251,0.0,0.0,2023-07-13
2595,2023-07-13 14:25:00-04:00,110.31999969482422,110.4000015258789,110.30000305175781,110.36000061035156,40369,0.0,0.0,2023-07-13
2596,2023-07-13 14:30:00-04:00,110.36000061035156,110.37999725341797,110.27999877929688,110.30000305175781,38784,0.0,0.0,2023-07-13
2597,2023-07-13 14:35:00-04:00,110.30000305175781,110.4749984741211,110.26000213623047,110.45999908447266,58099,0.0,0.0,2023-07-13
2598,2023-07-13 14:40:00-04:00,110.45999908447266,110.55999755859375,110.43000030517578,110.55999755859375,44543,0.0,0.0,2023-07-13
2599,2023-07-13 14:45:00-04:00,110.54000091552734,110.68000030517578,110.5,110.66999816894531,42542,0.0,0.0,2023-07-13
2600,2023-07-13 14:50:00-04:00,110.68000030517578,110.7699966430664,110.55999755859375,110.55999755859375,40238,0.0,0.0,2023-07-13
2601,2023-07-13 14:55:00-04:00,110.55000305175781,110.69000244140625,110.54000091552734,110.67500305175781,29022,0.0,0.0,2023-07-13
2602,2023-07-13 15:00:00-04:00,110.69000244140625,110.72000122070312,110.62000274658203,110.63999938964844,62479,0.0,0.0,2023-07-13
2603,2023-07-13 15:05:00-04:00,110.63999938964844,110.66999816894531,110.56999969482422,110.63999938964844,52077,0.0,0.0,2023-07-13
2604,2023-07-13 15:10:00-04:00,110.62999725341797,110.71499633789062,110.58999633789062,110.66999816894531,42959,0.0,0.0,2023-07-13
2605,2023-07-13 15:15:00-04:00,110.68000030517578,110.70320129394531,110.38999938964844,110.5,54797,0.0,0.0,2023-07-13
2606,2023-07-13 15:20:00-04:00,110.51000213623047,110.52999877929688,110.38999938964844,110.3949966430664,57748,0.0,0.0,2023-07-13
2607,2023-07-13 15:25:00-04:00,110.38999938964844,110.4800033569336,110.37000274658203,110.41000366210938,54191,0.0,0.0,2023-07-13
2608,2023-07-13 15:30:00-04:00,110.41000366210938,110.55999755859375,110.41000366210938,110.54000091552734,59246,0.0,0.0,2023-07-13
2609,2023-07-13 15:35:00-04:00,110.55999755859375,110.79000091552734,110.54000091552734,110.77999877929688,78951,0.0,0.0,2023-07-13
2610,2023-07-13 15:40:00-04:00,110.7699966430664,110.9000015258789,110.74500274658203,110.83000183105469,92838,0.0,0.0,2023-07-13
2611,2023-07-13 15:45:00-04:00,110.82499694824219,110.8499984741211,110.63999938964844,110.6449966430664,101074,0.0,0.0,2023-07-13
2612,2023-07-13 15:50:00-04:00,110.62999725341797,110.81999969482422,110.62000274658203,110.69000244140625,178015,0.0,0.0,2023-07-13
2613,2023-07-13 15:55:00-04:00,110.69000244140625,110.7699966430664,110.54000091552734,110.55000305175781,382757,0.0,0.0,2023-07-13
2614,2023-07-14 09:30:00-04:00,110.06999969482422,110.2300033569336,109.5,109.91000366210938,159568,0.0,0.0,2023-07-14
2615,2023-07-14 09:35:00-04:00,109.82119750976562,109.8499984741211,109.0,109.33439636230469,60277,0.0,0.0,2023-07-14
2616,2023-07-14 09:40:00-04:00,109.31999969482422,109.31999969482422,108.74500274658203,108.80000305175781,43415,0.0,0.0,2023-07-14
2617,2023-07-14 09:45:00-04:00,108.80000305175781,108.93000030517578,108.66000366210938,108.7699966430664,40953,0.0,0.0,2023-07-14
2618,2023-07-14 09:50:00-04:00,108.7699966430664,108.77999877929688,108.35250091552734,108.44999694824219,38193,0.0,0.0,2023-07-14
2619,2023-07-14 09:55:00-04:00,108.48999786376953,108.52999877929688,108.06999969482422,108.13999938964844,36243,0.0,0.0,2023-07-14
2620,2023-07-14 10:00:00-04:00,108.11000061035156,108.16000366210938,107.66999816894531,107.83499908447266,46492,0.0,0.0,2023-07-14
2621,2023-07-14 10:05:00-04:00,107.80999755859375,108.13829803466797,107.63999938964844,107.93000030517578,44103,0.0,0.0,2023-07-14
2622,2023-07-14 10:10:00-04:00,107.94000244140625,107.94999694824219,107.41999816894531,107.58000183105469,36489,0.0,0.0,2023-07-14
2623,2023-07-14 10:15:00-04:00,107.62000274658203,107.70999908447266,107.31500244140625,107.33000183105469,70481,0.0,0.0,2023-07-14
2624,2023-07-14 10:20:00-04:00,107.36000061035156,107.6500015258789,107.33180236816406,107.3550033569336,118087,0.0,0.0,2023-07-14
2625,2023-07-14 10:25:00-04:00,107.3499984741211,107.37999725341797,106.88999938964844,106.94999694824219,101790,0.0,0.0,2023-07-14
2626,2023-07-14 10:30:00-04:00,106.91999816894531,106.91999816894531,106.46859741210938,106.56999969482422,72071,0.0,0.0,2023-07-14
2627,2023-07-14 10:35:00-04:00,106.56060028076172,106.77999877929688,106.44999694824219,106.74500274658203,83459,0.0,0.0,2023-07-14
2628,2023-07-14 10:40:00-04:00,106.76000213623047,106.78510284423828,106.55000305175781,106.5999984741211,72296,0.0,0.0,2023-07-14
2629,2023-07-14 10:45:00-04:00,106.62999725341797,107.12999725341797,106.4800033569336,107.11000061035156,123267,0.0,0.0,2023-07-14
2630,2023-07-14 10:50:00-04:00,107.12000274658203,107.4800033569336,107.0199966430664,107.46499633789062,71257,0.0,0.0,2023-07-14
2631,2023-07-14 10:55:00-04:00,107.48999786376953,107.7238998413086,107.44000244140625,107.69999694824219,74860,0.0,0.0,2023-07-14
2632,2023-07-14 11:00:00-04:00,107.70999908447266,107.80000305175781,107.55000305175781,107.80000305175781,54253,0.0,0.0,2023-07-14
2633,2023-07-14 11:05:00-04:00,107.80999755859375,107.98249816894531,107.76000213623047,107.8499984741211,63694,0.0,0.0,2023-07-14
2634,2023-07-14 11:10:00-04:00,107.8499984741211,107.9800033569336,107.74500274658203,107.95500183105469,38868,0.0,0.0,2023-07-14
2635,2023-07-14 11:15:00-04:00,107.95999908447266,108.04000091552734,107.91000366210938,107.91999816894531,34305,0.0,0.0,2023-07-14
2636,2023-07-14 11:20:00-04:00,107.93769836425781,107.94000244140625,107.73999786376953,107.75,32679,0.0,0.0,2023-07-14
2637,2023-07-14 11:25:00-04:00,107.76000213623047,107.9000015258789,107.69010162353516,107.83000183105469,33619,0.0,0.0,2023-07-14
2638,2023-07-14 11:30:00-04:00,107.83499908447266,107.83999633789062,107.56999969482422,107.61000061035156,28156,0.0,0.0,2023-07-14
2639,2023-07-14 11:35:00-04:00,107.62000274658203,107.6500015258789,107.43000030517578,107.56999969482422,42998,0.0,0.0,2023-07-14
2640,2023-07-14 11:40:00-04:00,107.58999633789062,107.61000061035156,107.38999938964844,107.51000213623047,31221,0.0,0.0,2023-07-14
2641,2023-07-14 11:45:00-04:00,107.55500030517578,107.55500030517578,107.40399932861328,107.5,30723,0.0,0.0,2023-07-14
2642,2023-07-14 11:50:00-04:00,107.4800033569336,107.55999755859375,107.41999816894531,107.55999755859375,40983,0.0,0.0,2023-07-14
2643,2023-07-14 11:55:00-04:00,107.56999969482422,107.70999908447266,107.55000305175781,107.63999938964844,27989,0.0,0.0,2023-07-14
2644,2023-07-14 12:00:00-04:00,107.6500015258789,107.7300033569336,107.56999969482422,107.69999694824219,27410,0.0,0.0,2023-07-14
2645,2023-07-14 12:05:00-04:00,107.69000244140625,107.69000244140625,107.41999816894531,107.41999816894531,52094,0.0,0.0,2023-07-14
2646,2023-07-14 12:10:00-04:00,107.41000366210938,107.44000244140625,107.30999755859375,107.43000030517578,29544,0.0,0.0,2023-07-14
2647,2023-07-14 12:15:00-04:00,107.41999816894531,107.44999694824219,107.30999755859375,107.31999969482422,20280,0.0,0.0,2023-07-14
2648,2023-07-14 12:20:00-04:00,107.33000183105469,107.4000015258789,107.26499938964844,107.36000061035156,17088,0.0,0.0,2023-07-14
2649,2023-07-14 12:25:00-04:00,107.3499984741211,107.44000244140625,107.2699966430664,107.34500122070312,36654,0.0,0.0,2023-07-14
2650,2023-07-14 12:30:00-04:00,107.3499984741211,107.39990234375,107.26000213623047,107.29000091552734,25239,0.0,0.0,2023-07-14
2651,2023-07-14 12:35:00-04:00,107.29499816894531,107.33999633789062,107.11000061035156,107.12000274658203,30576,0.0,0.0,2023-07-14
2652,2023-07-14 12:40:00-04:00,107.12999725341797,107.26000213623047,107.12000274658203,107.17500305175781,25502,0.0,0.0,2023-07-14
2653,2023-07-14 12:45:00-04:00,107.19000244140625,107.25,107.12000274658203,107.20999908447266,20117,0.0,0.0,2023-07-14
2654,2023-07-14 12:50:00-04:00,107.19999694824219,107.22000122070312,107.13999938964844,107.16999816894531,21586,0.0,0.0,2023-07-14
2655,2023-07-14 12:55:00-04:00,107.18000030517578,107.18000030517578,107.05999755859375,107.11000061035156,16639,0.0,0.0,2023-07-14
2656,2023-07-14 13:00:00-04:00,107.13999938964844,107.13999938964844,106.97000122070312,107.08999633789062,31846,0.0,0.0,2023-07-14
2657,2023-07-14 13:05:00-04:00,107.0999984741211,107.11000061035156,106.87999725341797,106.94000244140625,27450,0.0,0.0,2023-07-14
2658,2023-07-14 13:10:00-04:00,106.94000244140625,107.08000183105469,106.94000244140625,107.0479965209961,30654,0.0,0.0,2023-07-14
2659,2023-07-14 13:15:00-04:00,107.029296875,107.05999755859375,106.9000015258789,106.9800033569336,36696,0.0,0.0,2023-07-14
2660,2023-07-14 13:20:00-04:00,106.97000122070312,107.12000274658203,106.95999908447266,107.05000305175781,36593,0.0,0.0,2023-07-14
2661,2023-07-14 13:25:00-04:00,107.01000213623047,107.19999694824219,106.98500061035156,107.13999938964844,48255,0.0,0.0,2023-07-14
2662,2023-07-14 13:30:00-04:00,107.1500015258789,107.23999786376953,107.08999633789062,107.15499877929688,49719,0.0,0.0,2023-07-14
2663,2023-07-14 13:35:00-04:00,107.16999816894531,107.33000183105469,107.16999816894531,107.27999877929688,23752,0.0,0.0,2023-07-14
2664,2023-07-14 13:40:00-04:00,107.30000305175781,107.37000274658203,107.20999908447266,107.29000091552734,66918,0.0,0.0,2023-07-14
2665,2023-07-14 13:45:00-04:00,107.29000091552734,107.3499984741211,107.2699966430664,107.33000183105469,27017,0.0,0.0,2023-07-14
2666,2023-07-14 13:50:00-04:00,107.32499694824219,107.33000183105469,107.23999786376953,107.30999755859375,25474,0.0,0.0,2023-07-14
2667,2023-07-14 13:55:00-04:00,107.31999969482422,107.4800033569336,107.30000305175781,107.40249633789062,52351,0.0,0.0,2023-07-14
2668,2023-07-14 14:00:00-04:00,107.3949966430664,107.47000122070312,107.33999633789062,107.41000366210938,32922,0.0,0.0,2023-07-14
2669,2023-07-14 14:05:00-04:00,107.41999816894531,107.62000274658203,107.41000366210938,107.5999984741211,23692,0.0,0.0,2023-07-14
2670,2023-07-14 14:10:00-04:00,107.5999984741211,107.6500015258789,107.55999755859375,107.56999969482422,29783,0.0,0.0,2023-07-14
2671,2023-07-14 14:15:00-04:00,107.55999755859375,107.57499694824219,107.48999786376953,107.55000305175781,25703,0.0,0.0,2023-07-14
2672,2023-07-14 14:20:00-04:00,107.54000091552734,107.69000244140625,107.54000091552734,107.5999984741211,32731,0.0,0.0,2023-07-14
2673,2023-07-14 14:25:00-04:00,107.6500015258789,107.68000030517578,107.51000213623047,107.56999969482422,29720,0.0,0.0,2023-07-14
2674,2023-07-14 14:30:00-04:00,107.5999984741211,107.63999938964844,107.54000091552734,107.5999984741211,46498,0.0,0.0,2023-07-14
2675,2023-07-14 14:35:00-04:00,107.58999633789062,107.61000061035156,107.41999816894531,107.49500274658203,27144,0.0,0.0,2023-07-14
2676,2023-07-14 14:40:00-04:00,107.5,107.51000213623047,107.30000305175781,107.31999969482422,32338,0.0,0.0,2023-07-14
2677,2023-07-14 14:45:00-04:00,107.31999969482422,107.37000274658203,107.30999755859375,107.31999969482422,31532,0.0,0.0,2023-07-14
2678,2023-07-14 14:50:00-04:00,107.31999969482422,107.41500091552734,107.31999969482422,107.37999725341797,95151,0.0,0.0,2023-07-14
2679,2023-07-14 14:55:00-04:00,107.375,107.41999816894531,107.27999877929688,107.27999877929688,36428,0.0,0.0,2023-07-14
2680,2023-07-14 15:00:00-04:00,107.2699966430664,107.27999877929688,107.09500122070312,107.13500213623047,36021,0.0,0.0,2023-07-14
2681,2023-07-14 15:05:00-04:00,107.13999938964844,107.22000122070312,107.08999633789062,107.19499969482422,36160,0.0,0.0,2023-07-14
2682,2023-07-14 15:10:00-04:00,107.20999908447266,107.2249984741211,107.08999633789062,107.19999694824219,34445,0.0,0.0,2023-07-14
2683,2023-07-14 15:15:00-04:00,107.19999694824219,107.30999755859375,107.19999694824219,107.29000091552734,33207,0.0,0.0,2023-07-14
2684,2023-07-14 15:20:00-04:00,107.2750015258789,107.2750015258789,107.11000061035156,107.11499786376953,37519,0.0,0.0,2023-07-14
2685,2023-07-14 15:25:00-04:00,107.12000274658203,107.18000030517578,106.9749984741211,106.9800033569336,57824,0.0,0.0,2023-07-14
2686,2023-07-14 15:30:00-04:00,106.98999786376953,107.08000183105469,106.93499755859375,107.02999877929688,54726,0.0,0.0,2023-07-14
2687,2023-07-14 15:35:00-04:00,107.0250015258789,107.125,106.97000122070312,107.11000061035156,56217,0.0,0.0,2023-07-14
2688,2023-07-14 15:40:00-04:00,107.12000274658203,107.16500091552734,106.86499786376953,106.87000274658203,90427,0.0,0.0,2023-07-14
2689,2023-07-14 15:45:00-04:00,106.88999938964844,106.94499969482422,106.69999694824219,106.75,93772,0.0,0.0,2023-07-14
2690,2023-07-14 15:50:00-04:00,106.73999786376953,107.01000213623047,106.66999816894531,106.99099731445312,195042,0.0,0.0,2023-07-14
2691,2023-07-14 15:55:00-04:00,106.98999786376953,107.0999984741211,106.93000030517578,107.08999633789062,303777,0.0,0.0,2023-07-14
2692,2023-07-17 09:30:00-04:00,106.69000244140625,107.16000366210938,106.45500183105469,106.56999969482422,84901,0.0,0.0,2023-07-17
2693,2023-07-17 09:35:00-04:00,106.55000305175781,106.68090057373047,106.13999938964844,106.45999908447266,47711,0.0,0.0,2023-07-17
2694,2023-07-17 09:40:00-04:00,106.4800033569336,106.98999786376953,106.47000122070312,106.9800033569336,57201,0.0,0.0,2023-07-17
2695,2023-07-17 09:45:00-04:00,107.05000305175781,107.43000030517578,107.0199966430664,107.43000030517578,54601,0.0,0.0,2023-07-17
2696,2023-07-17 09:50:00-04:00,107.44000244140625,107.66000366210938,107.31999969482422,107.4000015258789,41211,0.0,0.0,2023-07-17
2697,2023-07-17 09:55:00-04:00,107.37000274658203,107.37000274658203,106.95999908447266,107.0,41448,0.0,0.0,2023-07-17
2698,2023-07-17 10:00:00-04:00,107.0,107.24500274658203,106.91999816894531,107.04000091552734,42354,0.0,0.0,2023-07-17
2699,2023-07-17 10:05:00-04:00,107.04000091552734,107.18000030517578,106.9000015258789,106.9000015258789,48277,0.0,0.0,2023-07-17
2700,2023-07-17 10:10:00-04:00,106.9000015258789,107.19000244140625,106.77999877929688,107.19000244140625,35441,0.0,0.0,2023-07-17
2701,2023-07-17 10:15:00-04:00,107.20500183105469,107.31999969482422,107.08000183105469,107.11000061035156,71817,0.0,0.0,2023-07-17
2702,2023-07-17 10:20:00-04:00,107.08789825439453,107.12999725341797,106.97989654541016,107.0999984741211,38314,0.0,0.0,2023-07-17
2703,2023-07-17 10:25:00-04:00,107.11000061035156,107.125,106.68000030517578,106.88999938964844,91495,0.0,0.0,2023-07-17
2704,2023-07-17 10:30:00-04:00,106.88999938964844,107.05999755859375,106.84500122070312,106.90499877929688,38716,0.0,0.0,2023-07-17
2705,2023-07-17 10:35:00-04:00,106.88999938964844,106.95999908447266,106.72000122070312,106.79499816894531,34080,0.0,0.0,2023-07-17
2706,2023-07-17 10:40:00-04:00,106.7750015258789,106.98999786376953,106.76000213623047,106.93000030517578,28187,0.0,0.0,2023-07-17
2707,2023-07-17 10:45:00-04:00,106.93000030517578,107.29000091552734,106.87999725341797,107.2300033569336,41917,0.0,0.0,2023-07-17
2708,2023-07-17 10:50:00-04:00,107.17500305175781,107.21089935302734,107.06500244140625,107.21089935302734,30521,0.0,0.0,2023-07-17
2709,2023-07-17 10:55:00-04:00,107.22000122070312,107.22000122070312,107.02999877929688,107.05000305175781,21127,0.0,0.0,2023-07-17
2710,2023-07-17 11:00:00-04:00,107.04499816894531,107.31999969482422,107.04499816894531,107.2699966430664,23447,0.0,0.0,2023-07-17
2711,2023-07-17 11:05:00-04:00,107.2699966430664,107.33000183105469,107.22000122070312,107.33000183105469,25859,0.0,0.0,2023-07-17
2712,2023-07-17 11:10:00-04:00,107.30000305175781,107.5,107.25,107.41999816894531,35895,0.0,0.0,2023-07-17
2713,2023-07-17 11:15:00-04:00,107.41999816894531,107.41999816894531,107.23999786376953,107.32499694824219,46589,0.0,0.0,2023-07-17
2714,2023-07-17 11:20:00-04:00,107.32499694824219,107.41999816894531,107.23999786376953,107.23999786376953,29154,0.0,0.0,2023-07-17
2715,2023-07-17 11:25:00-04:00,107.23999786376953,107.30000305175781,107.12999725341797,107.1500015258789,24541,0.0,0.0,2023-07-17
2716,2023-07-17 11:30:00-04:00,107.13999938964844,107.1500015258789,107.07499694824219,107.11000061035156,27723,0.0,0.0,2023-07-17
2717,2023-07-17 11:35:00-04:00,107.12999725341797,107.23999786376953,106.97000122070312,107.01000213623047,24174,0.0,0.0,2023-07-17
2718,2023-07-17 11:40:00-04:00,107.01000213623047,107.0999984741211,107.0,107.05000305175781,27539,0.0,0.0,2023-07-17
2719,2023-07-17 11:45:00-04:00,107.05000305175781,107.05000305175781,106.86000061035156,106.9000015258789,44584,0.0,0.0,2023-07-17
2720,2023-07-17 11:50:00-04:00,106.91999816894531,106.93499755859375,106.7300033569336,106.77999877929688,28080,0.0,0.0,2023-07-17
2721,2023-07-17 11:55:00-04:00,106.80000305175781,106.83999633789062,106.6449966430664,106.69000244140625,26976,0.0,0.0,2023-07-17
2722,2023-07-17 12:00:00-04:00,106.69999694824219,106.86000061035156,106.69999694824219,106.8499984741211,28969,0.0,0.0,2023-07-17
2723,2023-07-17 12:05:00-04:00,106.8550033569336,107.03500366210938,106.79000091552734,107.02999877929688,36346,0.0,0.0,2023-07-17
2724,2023-07-17 12:10:00-04:00,107.04000091552734,107.06500244140625,106.94499969482422,107.02999877929688,29173,0.0,0.0,2023-07-17
2725,2023-07-17 12:15:00-04:00,107.0199966430664,107.1050033569336,106.9800033569336,106.98290252685547,53505,0.0,0.0,2023-07-17
2726,2023-07-17 12:20:00-04:00,106.98999786376953,107.0999984741211,106.91999816894531,107.0999984741211,28641,0.0,0.0,2023-07-17
2727,2023-07-17 12:25:00-04:00,107.0999984741211,107.16999816894531,107.08999633789062,107.0999984741211,24738,0.0,0.0,2023-07-17
2728,2023-07-17 12:30:00-04:00,107.08999633789062,107.11499786376953,106.93000030517578,106.94499969482422,21894,0.0,0.0,2023-07-17
2729,2023-07-17 12:35:00-04:00,106.94999694824219,106.98999786376953,106.83000183105469,106.83000183105469,21761,0.0,0.0,2023-07-17
2730,2023-07-17 12:40:00-04:00,106.86000061035156,107.06999969482422,106.83000183105469,107.0199966430664,30004,0.0,0.0,2023-07-17
2731,2023-07-17 12:45:00-04:00,107.01000213623047,107.0999984741211,106.94999694824219,106.96499633789062,25164,0.0,0.0,2023-07-17
2732,2023-07-17 12:50:00-04:00,106.97000122070312,107.04000091552734,106.91999816894531,107.0,23134,0.0,0.0,2023-07-17
2733,2023-07-17 12:55:00-04:00,107.01000213623047,107.02999877929688,106.93499755859375,106.9800033569336,26312,0.0,0.0,2023-07-17
2734,2023-07-17 13:00:00-04:00,106.97000122070312,107.06999969482422,106.93000030517578,106.98999786376953,16133,0.0,0.0,2023-07-17
2735,2023-07-17 13:05:00-04:00,106.98259735107422,106.98259735107422,106.83999633789062,106.91999816894531,24970,0.0,0.0,2023-07-17
2736,2023-07-17 13:10:00-04:00,106.94499969482422,107.08000183105469,106.94000244140625,107.08000183105469,22336,0.0,0.0,2023-07-17
2737,2023-07-17 13:15:00-04:00,107.08999633789062,107.12000274658203,106.93000030517578,106.93000030517578,30111,0.0,0.0,2023-07-17
2738,2023-07-17 13:20:00-04:00,106.91999816894531,107.04000091552734,106.87999725341797,107.0199966430664,24927,0.0,0.0,2023-07-17
2739,2023-07-17 13:25:00-04:00,107.04000091552734,107.11160278320312,107.04000091552734,107.06999969482422,27795,0.0,0.0,2023-07-17
2740,2023-07-17 13:30:00-04:00,107.05500030517578,107.12000274658203,107.0199966430664,107.12000274658203,17662,0.0,0.0,2023-07-17
2741,2023-07-17 13:35:00-04:00,107.13999938964844,107.2699966430664,107.12000274658203,107.2699966430664,36743,0.0,0.0,2023-07-17
2742,2023-07-17 13:40:00-04:00,107.29000091552734,107.29000091552734,107.16000366210938,107.26000213623047,28827,0.0,0.0,2023-07-17
2743,2023-07-17 13:45:00-04:00,107.2699966430664,107.2699966430664,107.12000274658203,107.12999725341797,29458,0.0,0.0,2023-07-17
2744,2023-07-17 13:50:00-04:00,107.13500213623047,107.15499877929688,106.91999816894531,107.05000305175781,34656,0.0,0.0,2023-07-17
2745,2023-07-17 13:55:00-04:00,107.05999755859375,107.12760162353516,107.0,107.0,35156,0.0,0.0,2023-07-17
2746,2023-07-17 14:00:00-04:00,106.9800033569336,107.07499694824219,106.91999816894531,107.04000091552734,42648,0.0,0.0,2023-07-17
2747,2023-07-17 14:05:00-04:00,107.05000305175781,107.13999938964844,107.05000305175781,107.09500122070312,20917,0.0,0.0,2023-07-17
2748,2023-07-17 14:10:00-04:00,107.08000183105469,107.08000183105469,106.9800033569336,106.9800033569336,42019,0.0,0.0,2023-07-17
2749,2023-07-17 14:15:00-04:00,106.98999786376953,107.01000213623047,106.93000030517578,106.93499755859375,39750,0.0,0.0,2023-07-17
2750,2023-07-17 14:20:00-04:00,106.94999694824219,106.98999786376953,106.83999633789062,106.9800033569336,47079,0.0,0.0,2023-07-17
2751,2023-07-17 14:25:00-04:00,106.98999786376953,107.11000061035156,106.94400024414062,106.9800033569336,39406,0.0,0.0,2023-07-17
2752,2023-07-17 14:30:00-04:00,107.0,107.08000183105469,106.86000061035156,106.875,40133,0.0,0.0,2023-07-17
2753,2023-07-17 14:35:00-04:00,106.875,107.0,106.58499908447266,106.5875015258789,67744,0.0,0.0,2023-07-17
2754,2023-07-17 14:40:00-04:00,106.58999633789062,106.69000244140625,106.54000091552734,106.56999969482422,43757,0.0,0.0,2023-07-17
2755,2023-07-17 14:45:00-04:00,106.58000183105469,106.58499908447266,106.5199966430664,106.56500244140625,39098,0.0,0.0,2023-07-17
2756,2023-07-17 14:50:00-04:00,106.56500244140625,106.57499694824219,106.43000030517578,106.54000091552734,77581,0.0,0.0,2023-07-17
2757,2023-07-17 14:55:00-04:00,106.54000091552734,106.83059692382812,106.5199966430664,106.83059692382812,119511,0.0,0.0,2023-07-17
2758,2023-07-17 15:00:00-04:00,106.8499984741211,106.9000015258789,106.77999877929688,106.81999969482422,36846,0.0,0.0,2023-07-17
2759,2023-07-17 15:05:00-04:00,106.81999969482422,106.875,106.7699966430664,106.77999877929688,44093,0.0,0.0,2023-07-17
2760,2023-07-17 15:10:00-04:00,106.7699966430664,106.91999816894531,106.75019836425781,106.91999816894531,29580,0.0,0.0,2023-07-17
2761,2023-07-17 15:15:00-04:00,106.90499877929688,107.0199966430664,106.81999969482422,107.0199966430664,44731,0.0,0.0,2023-07-17
2762,2023-07-17 15:20:00-04:00,107.03500366210938,107.05000305175781,106.86000061035156,106.94999694824219,33263,0.0,0.0,2023-07-17
2763,2023-07-17 15:25:00-04:00,106.94999694824219,106.94999694824219,106.83000183105469,106.83499908447266,38493,0.0,0.0,2023-07-17
2764,2023-07-17 15:30:00-04:00,106.83000183105469,106.83000183105469,106.63999938964844,106.79000091552734,57085,0.0,0.0,2023-07-17
2765,2023-07-17 15:35:00-04:00,106.79000091552734,106.91999816894531,106.77999877929688,106.77999877929688,40881,0.0,0.0,2023-07-17
2766,2023-07-17 15:40:00-04:00,106.77999877929688,106.77999877929688,106.69000244140625,106.7300033569336,47569,0.0,0.0,2023-07-17
2767,2023-07-17 15:45:00-04:00,106.74500274658203,106.79000091552734,106.65499877929688,106.65499877929688,61876,0.0,0.0,2023-07-17
2768,2023-07-17 15:50:00-04:00,106.6500015258789,106.72000122070312,106.51499938964844,106.6500015258789,152308,0.0,0.0,2023-07-17
2769,2023-07-17 15:55:00-04:00,106.6500015258789,106.70999908447266,106.41000366210938,106.44000244140625,373205,0.0,0.0,2023-07-17
2770,2023-07-18 09:30:00-04:00,106.44999694824219,107.4000015258789,106.4000015258789,107.23249816894531,92444,0.0,0.0,2023-07-18
2771,2023-07-18 09:35:00-04:00,107.30000305175781,107.86499786376953,107.28500366210938,107.78500366210938,167760,0.0,0.0,2023-07-18
2772,2023-07-18 09:40:00-04:00,107.79000091552734,108.26930236816406,107.79000091552734,108.1500015258789,55128,0.0,0.0,2023-07-18
2773,2023-07-18 09:45:00-04:00,108.26000213623047,108.44999694824219,108.15380096435547,108.43000030517578,51180,0.0,0.0,2023-07-18
2774,2023-07-18 09:50:00-04:00,108.45999908447266,108.79000091552734,108.40499877929688,108.40499877929688,39019,0.0,0.0,2023-07-18
2775,2023-07-18 09:55:00-04:00,108.37999725341797,108.8499984741211,108.37999725341797,108.66000366210938,32705,0.0,0.0,2023-07-18
2776,2023-07-18 10:00:00-04:00,108.69000244140625,108.8949966430664,108.61000061035156,108.88999938964844,31605,0.0,0.0,2023-07-18
2777,2023-07-18 10:05:00-04:00,108.87000274658203,109.02999877929688,108.80000305175781,108.98600006103516,42604,0.0,0.0,2023-07-18
2778,2023-07-18 10:10:00-04:00,108.99500274658203,109.05999755859375,108.83999633789062,109.01709747314453,57755,0.0,0.0,2023-07-18
2779,2023-07-18 10:15:00-04:00,109.04000091552734,109.04000091552734,108.51000213623047,108.77339935302734,37515,0.0,0.0,2023-07-18
2780,2023-07-18 10:20:00-04:00,108.77999877929688,108.86000061035156,108.69999694824219,108.83499908447266,25701,0.0,0.0,2023-07-18
2781,2023-07-18 10:25:00-04:00,108.80000305175781,108.80000305175781,108.58999633789062,108.6500015258789,42120,0.0,0.0,2023-07-18
2782,2023-07-18 10:30:00-04:00,108.67500305175781,108.72000122070312,108.44869995117188,108.4800033569336,27742,0.0,0.0,2023-07-18
2783,2023-07-18 10:35:00-04:00,108.51499938964844,108.69999694824219,108.43499755859375,108.67500305175781,18000,0.0,0.0,2023-07-18
2784,2023-07-18 10:40:00-04:00,108.67500305175781,108.71420288085938,108.5999984741211,108.62999725341797,24883,0.0,0.0,2023-07-18
2785,2023-07-18 10:45:00-04:00,108.64969635009766,108.72000122070312,108.5,108.72000122070312,22793,0.0,0.0,2023-07-18
2786,2023-07-18 10:50:00-04:00,108.70999908447266,108.80999755859375,108.66999816894531,108.69000244140625,28059,0.0,0.0,2023-07-18
2787,2023-07-18 10:55:00-04:00,108.66999816894531,108.86000061035156,108.59500122070312,108.80000305175781,80455,0.0,0.0,2023-07-18
2788,2023-07-18 11:00:00-04:00,108.81999969482422,109.19000244140625,108.81999969482422,109.13700103759766,50398,0.0,0.0,2023-07-18
2789,2023-07-18 11:05:00-04:00,109.12000274658203,109.30500030517578,109.08000183105469,109.24500274658203,31257,0.0,0.0,2023-07-18
2790,2023-07-18 11:10:00-04:00,109.26000213623047,109.44999694824219,109.1531982421875,109.37999725341797,29870,0.0,0.0,2023-07-18
2791,2023-07-18 11:15:00-04:00,109.38999938964844,109.44999694824219,109.31999969482422,109.43000030517578,30294,0.0,0.0,2023-07-18
2792,2023-07-18 11:20:00-04:00,109.44999694824219,109.44999694824219,109.26000213623047,109.30999755859375,33554,0.0,0.0,2023-07-18
2793,2023-07-18 11:25:00-04:00,109.30999755859375,109.5,109.26000213623047,109.44000244140625,39537,0.0,0.0,2023-07-18
2794,2023-07-18 11:30:00-04:00,109.44999694824219,109.44999694824219,109.08000183105469,109.09100341796875,37835,0.0,0.0,2023-07-18
2795,2023-07-18 11:35:00-04:00,109.12000274658203,109.20989990234375,108.86009979248047,109.05000305175781,47768,0.0,0.0,2023-07-18
2796,2023-07-18 11:40:00-04:00,109.06999969482422,109.12000274658203,108.94999694824219,109.12000274658203,45684,0.0,0.0,2023-07-18
2797,2023-07-18 11:45:00-04:00,109.12999725341797,109.12999725341797,108.94499969482422,108.9800033569336,24117,0.0,0.0,2023-07-18
2798,2023-07-18 11:50:00-04:00,109.0199966430664,109.0199966430664,108.82499694824219,108.95999908447266,34281,0.0,0.0,2023-07-18
2799,2023-07-18 11:55:00-04:00,108.94499969482422,109.0,108.87000274658203,108.91000366210938,24500,0.0,0.0,2023-07-18
2800,2023-07-18 12:00:00-04:00,108.88999938964844,108.94000244140625,108.7300033569336,108.75599670410156,21647,0.0,0.0,2023-07-18
2801,2023-07-18 12:05:00-04:00,108.7699966430664,108.7699966430664,108.58999633789062,108.66999816894531,14330,0.0,0.0,2023-07-18
2802,2023-07-18 12:10:00-04:00,108.68000030517578,108.8499984741211,108.58999633789062,108.79499816894531,29481,0.0,0.0,2023-07-18
2803,2023-07-18 12:15:00-04:00,108.80999755859375,108.86000061035156,108.7300033569336,108.7699966430664,15780,0.0,0.0,2023-07-18
2804,2023-07-18 12:20:00-04:00,108.76000213623047,108.93000030517578,108.73500061035156,108.77999877929688,27916,0.0,0.0,2023-07-18
2805,2023-07-18 12:25:00-04:00,108.78240203857422,108.86499786376953,108.77999877929688,108.83000183105469,15888,0.0,0.0,2023-07-18
2806,2023-07-18 12:30:00-04:00,108.83000183105469,108.83000183105469,108.70989990234375,108.70999908447266,19281,0.0,0.0,2023-07-18
2807,2023-07-18 12:35:00-04:00,108.69999694824219,108.84989929199219,108.63500213623047,108.79499816894531,27731,0.0,0.0,2023-07-18
2808,2023-07-18 12:40:00-04:00,108.80999755859375,108.83999633789062,108.62999725341797,108.62999725341797,22320,0.0,0.0,2023-07-18
2809,2023-07-18 12:45:00-04:00,108.62999725341797,108.75,108.5,108.7300033569336,20607,0.0,0.0,2023-07-18
2810,2023-07-18 12:50:00-04:00,108.72000122070312,108.7300033569336,108.58000183105469,108.66999816894531,22139,0.0,0.0,2023-07-18
2811,2023-07-18 12:55:00-04:00,108.66500091552734,108.66500091552734,108.55000305175781,108.58000183105469,19795,0.0,0.0,2023-07-18
2812,2023-07-18 13:00:00-04:00,108.5999984741211,108.63999938964844,108.37000274658203,108.5,27563,0.0,0.0,2023-07-18
2813,2023-07-18 13:05:00-04:00,108.52999877929688,108.61499786376953,108.51499938964844,108.54000091552734,16326,0.0,0.0,2023-07-18
2814,2023-07-18 13:10:00-04:00,108.55999755859375,108.61000061035156,108.51000213623047,108.54000091552734,14298,0.0,0.0,2023-07-18
2815,2023-07-18 13:15:00-04:00,108.56999969482422,108.58000183105469,108.45999908447266,108.5250015258789,15976,0.0,0.0,2023-07-18
2816,2023-07-18 13:20:00-04:00,108.52999877929688,108.6500015258789,108.4800033569336,108.63999938964844,14286,0.0,0.0,2023-07-18
2817,2023-07-18 13:25:00-04:00,108.62999725341797,108.66000366210938,108.53500366210938,108.62000274658203,16388,0.0,0.0,2023-07-18
2818,2023-07-18 13:30:00-04:00,108.61000061035156,108.76000213623047,108.58000183105469,108.6666030883789,31236,0.0,0.0,2023-07-18
2819,2023-07-18 13:35:00-04:00,108.66000366210938,108.72000122070312,108.61000061035156,108.70500183105469,20431,0.0,0.0,2023-07-18
2820,2023-07-18 13:40:00-04:00,108.69999694824219,108.77999877929688,108.66500091552734,108.70999908447266,21332,0.0,0.0,2023-07-18
2821,2023-07-18 13:45:00-04:00,108.73999786376953,108.8499984741211,108.69999694824219,108.8499984741211,15904,0.0,0.0,2023-07-18
2822,2023-07-18 13:50:00-04:00,108.86000061035156,108.88500213623047,108.81999969482422,108.87000274658203,18441,0.0,0.0,2023-07-18
2823,2023-07-18 13:55:00-04:00,108.8499984741211,108.8499984741211,108.66000366210938,108.66000366210938,20678,0.0,0.0,2023-07-18
2824,2023-07-18 14:00:00-04:00,108.66400146484375,108.76000213623047,108.66000366210938,108.7300033569336,15587,0.0,0.0,2023-07-18
2825,2023-07-18 14:05:00-04:00,108.73500061035156,108.73500061035156,108.5999984741211,108.62999725341797,17811,0.0,0.0,2023-07-18
2826,2023-07-18 14:10:00-04:00,108.62000274658203,108.6500015258789,108.5,108.54000091552734,23000,0.0,0.0,2023-07-18
2827,2023-07-18 14:15:00-04:00,108.5199966430664,108.56999969482422,108.49500274658203,108.55000305175781,18830,0.0,0.0,2023-07-18
2828,2023-07-18 14:20:00-04:00,108.5199966430664,108.59500122070312,108.44000244140625,108.59500122070312,21591,0.0,0.0,2023-07-18
2829,2023-07-18 14:25:00-04:00,108.58499908447266,108.6500015258789,108.51000213623047,108.51000213623047,28847,0.0,0.0,2023-07-18
2830,2023-07-18 14:30:00-04:00,108.5,108.55000305175781,108.46499633789062,108.48500061035156,34884,0.0,0.0,2023-07-18
2831,2023-07-18 14:35:00-04:00,108.47000122070312,108.47000122070312,108.20999908447266,108.29000091552734,42846,0.0,0.0,2023-07-18
2832,2023-07-18 14:40:00-04:00,108.30000305175781,108.4800033569336,108.29000091552734,108.47000122070312,47310,0.0,0.0,2023-07-18
2833,2023-07-18 14:45:00-04:00,108.4749984741211,108.66999816894531,108.40499877929688,108.61409759521484,120013,0.0,0.0,2023-07-18
2834,2023-07-18 14:50:00-04:00,108.625,108.7300033569336,108.57769775390625,108.66999816894531,31445,0.0,0.0,2023-07-18
2835,2023-07-18 14:55:00-04:00,108.69000244140625,108.80000305175781,108.68499755859375,108.7699966430664,33096,0.0,0.0,2023-07-18
2836,2023-07-18 15:00:00-04:00,108.77999877929688,108.91999816894531,108.7114028930664,108.88999938964844,41555,0.0,0.0,2023-07-18
2837,2023-07-18 15:05:00-04:00,108.88500213623047,108.91000366210938,108.75,108.77999877929688,43676,0.0,0.0,2023-07-18
2838,2023-07-18 15:10:00-04:00,108.77999877929688,108.9800033569336,108.77999877929688,108.91999816894531,36783,0.0,0.0,2023-07-18
2839,2023-07-18 15:15:00-04:00,108.93000030517578,109.01000213623047,108.9000015258789,109.0,43624,0.0,0.0,2023-07-18
2840,2023-07-18 15:20:00-04:00,109.01000213623047,109.04000091552734,108.88999938964844,108.9800033569336,59799,0.0,0.0,2023-07-18
2841,2023-07-18 15:25:00-04:00,108.97129821777344,109.08000183105469,108.94499969482422,108.96099853515625,59374,0.0,0.0,2023-07-18
2842,2023-07-18 15:30:00-04:00,108.97000122070312,108.98999786376953,108.80000305175781,108.80000305175781,63181,0.0,0.0,2023-07-18
2843,2023-07-18 15:35:00-04:00,108.8010025024414,108.9000015258789,108.76000213623047,108.9000015258789,100786,0.0,0.0,2023-07-18
2844,2023-07-18 15:40:00-04:00,108.91000366210938,108.97000122070312,108.87999725341797,108.94000244140625,56490,0.0,0.0,2023-07-18
2845,2023-07-18 15:45:00-04:00,108.93000030517578,108.9800033569336,108.7300033569336,108.7300033569336,102303,0.0,0.0,2023-07-18
2846,2023-07-18 15:50:00-04:00,108.75,108.87000274658203,108.6500015258789,108.73999786376953,205721,0.0,0.0,2023-07-18
2847,2023-07-18 15:55:00-04:00,108.73999786376953,108.83000183105469,108.61000061035156,108.75,324899,0.0,0.0,2023-07-18
2848,2023-07-19 09:30:00-04:00,109.01000213623047,109.9000015258789,109.01000213623047,109.73999786376953,133846,0.0,0.0,2023-07-19
2849,2023-07-19 09:35:00-04:00,109.77999877929688,109.79000091552734,109.41000366210938,109.63999938964844,41114,0.0,0.0,2023-07-19
2850,2023-07-19 09:40:00-04:00,109.63999938964844,109.80000305175781,109.44000244140625,109.70999908447266,46645,0.0,0.0,2023-07-19
2851,2023-07-19 09:45:00-04:00,109.66000366210938,110.08999633789062,109.625,110.08000183105469,41467,0.0,0.0,2023-07-19
2852,2023-07-19 09:50:00-04:00,110.05000305175781,110.27999877929688,109.86000061035156,110.19999694824219,53770,0.0,0.0,2023-07-19
2853,2023-07-19 09:55:00-04:00,110.2300033569336,110.4540023803711,110.16000366210938,110.19000244140625,35173,0.0,0.0,2023-07-19
2854,2023-07-19 10:00:00-04:00,110.19000244140625,110.20999908447266,110.0,110.02999877929688,46393,0.0,0.0,2023-07-19
2855,2023-07-19 10:05:00-04:00,110.04499816894531,110.18000030517578,109.9000015258789,110.12000274658203,34494,0.0,0.0,2023-07-19
2856,2023-07-19 10:10:00-04:00,110.16000366210938,110.2300033569336,110.0,110.06999969482422,48219,0.0,0.0,2023-07-19
2857,2023-07-19 10:15:00-04:00,110.05999755859375,110.19999694824219,109.94999694824219,110.18000030517578,43939,0.0,0.0,2023-07-19
2858,2023-07-19 10:20:00-04:00,110.16999816894531,110.30999755859375,110.11000061035156,110.11000061035156,35787,0.0,0.0,2023-07-19
2859,2023-07-19 10:25:00-04:00,110.04499816894531,110.05999755859375,109.83000183105469,109.87999725341797,42494,0.0,0.0,2023-07-19
2860,2023-07-19 10:30:00-04:00,109.8499984741211,109.98999786376953,109.7699966430664,109.91999816894531,57672,0.0,0.0,2023-07-19
2861,2023-07-19 10:35:00-04:00,109.9000015258789,109.97000122070312,109.5999984741211,109.67500305175781,57109,0.0,0.0,2023-07-19
2862,2023-07-19 10:40:00-04:00,109.66500091552734,109.86000061035156,109.5875015258789,109.8550033569336,60562,0.0,0.0,2023-07-19
2863,2023-07-19 10:45:00-04:00,109.8499984741211,109.88999938964844,109.70999908447266,109.73500061035156,52198,0.0,0.0,2023-07-19
2864,2023-07-19 10:50:00-04:00,109.73999786376953,109.83999633789062,109.63999938964844,109.6500015258789,65829,0.0,0.0,2023-07-19
2865,2023-07-19 10:55:00-04:00,109.66000366210938,109.89939880371094,109.55000305175781,109.74500274658203,52716,0.0,0.0,2023-07-19
2866,2023-07-19 11:00:00-04:00,109.7699966430664,109.7699966430664,109.6500015258789,109.69000244140625,139650,0.0,0.0,2023-07-19
2867,2023-07-19 11:05:00-04:00,109.69000244140625,109.91000366210938,109.63999938964844,109.9000015258789,44204,0.0,0.0,2023-07-19
2868,2023-07-19 11:10:00-04:00,109.91999816894531,109.93000030517578,109.83000183105469,109.83999633789062,32904,0.0,0.0,2023-07-19
2869,2023-07-19 11:15:00-04:00,109.83999633789062,110.05000305175781,109.77999877929688,110.04499816894531,32473,0.0,0.0,2023-07-19
2870,2023-07-19 11:20:00-04:00,110.05000305175781,110.18000030517578,109.97000122070312,110.05999755859375,36673,0.0,0.0,2023-07-19
2871,2023-07-19 11:25:00-04:00,110.03500366210938,110.25499725341797,110.02999877929688,110.23999786376953,34348,0.0,0.0,2023-07-19
2872,2023-07-19 11:30:00-04:00,110.22000122070312,110.26000213623047,109.98999786376953,110.01000213623047,55788,0.0,0.0,2023-07-19
2873,2023-07-19 11:35:00-04:00,110.00499725341797,110.21499633789062,109.95960235595703,110.18000030517578,61531,0.0,0.0,2023-07-19
2874,2023-07-19 11:40:00-04:00,110.16500091552734,110.33999633789062,110.13999938964844,110.30000305175781,32252,0.0,0.0,2023-07-19
2875,2023-07-19 11:45:00-04:00,110.30000305175781,110.47000122070312,110.27999877929688,110.44999694824219,46666,0.0,0.0,2023-07-19
2876,2023-07-19 11:50:00-04:00,110.44999694824219,110.69000244140625,110.31169891357422,110.61000061035156,53547,0.0,0.0,2023-07-19
2877,2023-07-19 11:55:00-04:00,110.62000274658203,110.66000366210938,110.55999755859375,110.57499694824219,64411,0.0,0.0,2023-07-19
2878,2023-07-19 12:00:00-04:00,110.55999755859375,110.57499694824219,110.08000183105469,110.12000274658203,69926,0.0,0.0,2023-07-19
2879,2023-07-19 12:05:00-04:00,110.13999938964844,110.1500015258789,109.94000244140625,110.06999969482422,54735,0.0,0.0,2023-07-19
2880,2023-07-19 12:10:00-04:00,110.06999969482422,110.08000183105469,109.7300033569336,109.7300033569336,28597,0.0,0.0,2023-07-19
2881,2023-07-19 12:15:00-04:00,109.74500274658203,109.93000030517578,109.74500274658203,109.80000305175781,30024,0.0,0.0,2023-07-19
2882,2023-07-19 12:20:00-04:00,109.81079864501953,109.97000122070312,109.75,109.94000244140625,38317,0.0,0.0,2023-07-19
2883,2023-07-19 12:25:00-04:00,109.94000244140625,109.94000244140625,109.79000091552734,109.86000061035156,24313,0.0,0.0,2023-07-19
2884,2023-07-19 12:30:00-04:00,109.8499984741211,109.8499984741211,109.62000274658203,109.75,89166,0.0,0.0,2023-07-19
2885,2023-07-19 12:35:00-04:00,109.76000213623047,109.80000305175781,109.56999969482422,109.56999969482422,45140,0.0,0.0,2023-07-19
2886,2023-07-19 12:40:00-04:00,109.58999633789062,109.7300033569336,109.56999969482422,109.68000030517578,29371,0.0,0.0,2023-07-19
2887,2023-07-19 12:45:00-04:00,109.69719696044922,109.9000015258789,109.68000030517578,109.83000183105469,45582,0.0,0.0,2023-07-19
2888,2023-07-19 12:50:00-04:00,109.83999633789062,109.88999938964844,109.77999877929688,109.83000183105469,24758,0.0,0.0,2023-07-19
2889,2023-07-19 12:55:00-04:00,109.80999755859375,109.89900207519531,109.77749633789062,109.88359832763672,19144,0.0,0.0,2023-07-19
2890,2023-07-19 13:00:00-04:00,109.90010070800781,109.91999816894531,109.7750015258789,109.77999877929688,25929,0.0,0.0,2023-07-19
2891,2023-07-19 13:05:00-04:00,109.7699966430664,109.80000305175781,109.70999908447266,109.7699966430664,28169,0.0,0.0,2023-07-19
2892,2023-07-19 13:10:00-04:00,109.7699966430664,109.98999786376953,109.75,109.98999786376953,32944,0.0,0.0,2023-07-19
2893,2023-07-19 13:15:00-04:00,110.0,110.16999816894531,110.0,110.16999816894531,38249,0.0,0.0,2023-07-19
2894,2023-07-19 13:20:00-04:00,110.16999816894531,110.17990112304688,109.93000030517578,110.0,36218,0.0,0.0,2023-07-19
2895,2023-07-19 13:25:00-04:00,109.98999786376953,110.16000366210938,109.93000030517578,110.1500015258789,28688,0.0,0.0,2023-07-19
2896,2023-07-19 13:30:00-04:00,110.1500015258789,110.16999816894531,110.01000213623047,110.0199966430664,110188,0.0,0.0,2023-07-19
2897,2023-07-19 13:35:00-04:00,110.0199966430664,110.08999633789062,109.98999786376953,110.08999633789062,39977,0.0,0.0,2023-07-19
2898,2023-07-19 13:40:00-04:00,110.0999984741211,110.11000061035156,109.97000122070312,109.97000122070312,29591,0.0,0.0,2023-07-19
2899,2023-07-19 13:45:00-04:00,109.97000122070312,109.98999786376953,109.875,109.94999694824219,51846,0.0,0.0,2023-07-19
2900,2023-07-19 13:50:00-04:00,109.94000244140625,109.94000244140625,109.73999786376953,109.75,55869,0.0,0.0,2023-07-19
2901,2023-07-19 13:55:00-04:00,109.75499725341797,109.80999755859375,109.61000061035156,109.77999877929688,68904,0.0,0.0,2023-07-19
2902,2023-07-19 14:00:00-04:00,109.77999877929688,109.83000183105469,109.66000366210938,109.80999755859375,70031,0.0,0.0,2023-07-19
2903,2023-07-19 14:05:00-04:00,109.80000305175781,109.80000305175781,109.54100036621094,109.58000183105469,49915,0.0,0.0,2023-07-19
2904,2023-07-19 14:10:00-04:00,109.572998046875,109.66999816894531,109.48999786376953,109.55999755859375,35189,0.0,0.0,2023-07-19
2905,2023-07-19 14:15:00-04:00,109.55999755859375,109.66000366210938,109.5199966430664,109.66000366210938,31337,0.0,0.0,2023-07-19
2906,2023-07-19 14:20:00-04:00,109.66000366210938,109.69000244140625,109.56999969482422,109.64469909667969,88371,0.0,0.0,2023-07-19
2907,2023-07-19 14:25:00-04:00,109.62999725341797,109.76000213623047,109.55000305175781,109.73999786376953,53352,0.0,0.0,2023-07-19
2908,2023-07-19 14:30:00-04:00,109.73999786376953,109.8499984741211,109.73380279541016,109.79000091552734,33798,0.0,0.0,2023-07-19
2909,2023-07-19 14:35:00-04:00,109.80999755859375,109.91000366210938,109.8010025024414,109.91000366210938,29902,0.0,0.0,2023-07-19
2910,2023-07-19 14:40:00-04:00,109.91999816894531,109.97000122070312,109.9000015258789,109.91000366210938,44583,0.0,0.0,2023-07-19
2911,2023-07-19 14:45:00-04:00,109.9000015258789,109.9000015258789,109.83000183105469,109.86000061035156,29762,0.0,0.0,2023-07-19
2912,2023-07-19 14:50:00-04:00,109.87650299072266,109.87999725341797,109.83000183105469,109.83999633789062,34899,0.0,0.0,2023-07-19
2913,2023-07-19 14:55:00-04:00,109.83000183105469,109.86000061035156,109.78500366210938,109.80000305175781,43514,0.0,0.0,2023-07-19
2914,2023-07-19 15:00:00-04:00,109.79000091552734,109.8499984741211,109.7699966430664,109.79499816894531,40526,0.0,0.0,2023-07-19
2915,2023-07-19 15:05:00-04:00,109.80000305175781,109.88829803466797,109.80000305175781,109.86000061035156,55015,0.0,0.0,2023-07-19
2916,2023-07-19 15:10:00-04:00,109.86000061035156,109.87000274658203,109.76000213623047,109.77940368652344,38450,0.0,0.0,2023-07-19
2917,2023-07-19 15:15:00-04:00,109.7699966430664,109.83000183105469,109.75,109.75,44572,0.0,0.0,2023-07-19
2918,2023-07-19 15:20:00-04:00,109.73999786376953,109.79000091552734,109.69999694824219,109.75150299072266,46739,0.0,0.0,2023-07-19
2919,2023-07-19 15:25:00-04:00,109.76000213623047,109.80000305175781,109.7300033569336,109.7699966430664,58685,0.0,0.0,2023-07-19
2920,2023-07-19 15:30:00-04:00,109.77999877929688,109.79199981689453,109.66999816894531,109.68000030517578,71526,0.0,0.0,2023-07-19
2921,2023-07-19 15:35:00-04:00,109.68000030517578,109.68499755859375,109.5,109.5,56478,0.0,0.0,2023-07-19
2922,2023-07-19 15:40:00-04:00,109.5,109.51499938964844,109.43499755859375,109.48999786376953,101364,0.0,0.0,2023-07-19
2923,2023-07-19 15:45:00-04:00,109.48500061035156,109.55000305175781,109.4000015258789,109.42500305175781,114078,0.0,0.0,2023-07-19
2924,2023-07-19 15:50:00-04:00,109.41999816894531,109.70500183105469,109.38999938964844,109.58999633789062,164045,0.0,0.0,2023-07-19
2925,2023-07-19 15:55:00-04:00,109.58000183105469,109.62000274658203,109.47000122070312,109.47000122070312,343190,0.0,0.0,2023-07-19
2926,2023-07-20 09:30:00-04:00,110.5,111.04000091552734,110.43000030517578,111.02839660644531,118459,0.0,0.0,2023-07-20
2927,2023-07-20 09:35:00-04:00,111.0,111.27999877929688,110.91999816894531,110.91999816894531,41548,0.0,0.0,2023-07-20
2928,2023-07-20 09:40:00-04:00,110.91999816894531,111.06500244140625,110.6500015258789,110.83499908447266,65454,0.0,0.0,2023-07-20
2929,2023-07-20 09:45:00-04:00,110.91000366210938,111.22000122070312,110.91000366210938,111.06500244140625,46443,0.0,0.0,2023-07-20
2930,2023-07-20 09:50:00-04:00,111.13999938964844,111.18000030517578,110.91000366210938,111.11000061035156,36112,0.0,0.0,2023-07-20
2931,2023-07-20 09:55:00-04:00,111.13999938964844,111.18000030517578,110.875,111.1050033569336,88582,0.0,0.0,2023-07-20
2932,2023-07-20 10:00:00-04:00,111.13999938964844,111.37000274658203,111.11000061035156,111.30999755859375,48029,0.0,0.0,2023-07-20
2933,2023-07-20 10:05:00-04:00,111.31999969482422,111.36000061035156,111.1500015258789,111.16999816894531,56165,0.0,0.0,2023-07-20
2934,2023-07-20 10:10:00-04:00,111.13999938964844,111.30999755859375,111.05000305175781,111.12999725341797,33012,0.0,0.0,2023-07-20
2935,2023-07-20 10:15:00-04:00,111.14810180664062,111.33499908447266,111.10009765625,111.25,30569,0.0,0.0,2023-07-20
2936,2023-07-20 10:20:00-04:00,111.2300033569336,111.2300033569336,111.05500030517578,111.0999984741211,30254,0.0,0.0,2023-07-20
2937,2023-07-20 10:25:00-04:00,111.12999725341797,111.19999694824219,110.97000122070312,111.06999969482422,39384,0.0,0.0,2023-07-20
2938,2023-07-20 10:30:00-04:00,111.08290100097656,111.16470336914062,111.01000213623047,111.08999633789062,33391,0.0,0.0,2023-07-20
2939,2023-07-20 10:35:00-04:00,111.08000183105469,111.23999786376953,111.01010131835938,111.0250015258789,38049,0.0,0.0,2023-07-20
2940,2023-07-20 10:40:00-04:00,111.05000305175781,111.15589904785156,111.00499725341797,111.0999984741211,34964,0.0,0.0,2023-07-20
2941,2023-07-20 10:45:00-04:00,111.12000274658203,111.4000015258789,111.12000274658203,111.25,47293,0.0,0.0,2023-07-20
2942,2023-07-20 10:50:00-04:00,111.25,111.33000183105469,111.22000122070312,111.33000183105469,42719,0.0,0.0,2023-07-20
2943,2023-07-20 10:55:00-04:00,111.31999969482422,111.33999633789062,111.16000366210938,111.32499694824219,39188,0.0,0.0,2023-07-20
2944,2023-07-20 11:00:00-04:00,111.30999755859375,111.43000030517578,111.2699966430664,111.30000305175781,28820,0.0,0.0,2023-07-20
2945,2023-07-20 11:05:00-04:00,111.33000183105469,111.33000183105469,111.05000305175781,111.0615005493164,34980,0.0,0.0,2023-07-20
2946,2023-07-20 11:10:00-04:00,111.05999755859375,111.11499786376953,110.93000030517578,110.94499969482422,59755,0.0,0.0,2023-07-20
2947,2023-07-20 11:15:00-04:00,110.97000122070312,111.16999816894531,110.97000122070312,111.06500244140625,32172,0.0,0.0,2023-07-20
2948,2023-07-20 11:20:00-04:00,111.08000183105469,111.15499877929688,110.98799896240234,111.12999725341797,74134,0.0,0.0,2023-07-20
2949,2023-07-20 11:25:00-04:00,111.12000274658203,111.18499755859375,111.05000305175781,111.07499694824219,46507,0.0,0.0,2023-07-20
2950,2023-07-20 11:30:00-04:00,111.02999877929688,111.08000183105469,110.62000274658203,110.70500183105469,46525,0.0,0.0,2023-07-20
2951,2023-07-20 11:35:00-04:00,110.69499969482422,110.69499969482422,110.44000244140625,110.44000244140625,41923,0.0,0.0,2023-07-20
2952,2023-07-20 11:40:00-04:00,110.44000244140625,110.5199966430664,110.2699966430664,110.33999633789062,57775,0.0,0.0,2023-07-20
2953,2023-07-20 11:45:00-04:00,110.33999633789062,110.5199966430664,110.19999694824219,110.2300033569336,62458,0.0,0.0,2023-07-20
2954,2023-07-20 11:50:00-04:00,110.22000122070312,110.43000030517578,110.20999908447266,110.37999725341797,40120,0.0,0.0,2023-07-20
2955,2023-07-20 11:55:00-04:00,110.38500213623047,110.62000274658203,110.37000274658203,110.58000183105469,44143,0.0,0.0,2023-07-20
2956,2023-07-20 12:00:00-04:00,110.5999984741211,110.73999786376953,110.55999755859375,110.56690216064453,41583,0.0,0.0,2023-07-20
2957,2023-07-20 12:05:00-04:00,110.52999877929688,110.81999969482422,110.47000122070312,110.81999969482422,36936,0.0,0.0,2023-07-20
2958,2023-07-20 12:10:00-04:00,110.81230163574219,110.83499908447266,110.63999938964844,110.68499755859375,42697,0.0,0.0,2023-07-20
2959,2023-07-20 12:15:00-04:00,110.66999816894531,110.91000366210938,110.66000366210938,110.87000274658203,26382,0.0,0.0,2023-07-20
2960,2023-07-20 12:20:00-04:00,110.87999725341797,110.93000030517578,110.77999877929688,110.93000030517578,36776,0.0,0.0,2023-07-20
2961,2023-07-20 12:25:00-04:00,110.93000030517578,110.98999786376953,110.80999755859375,110.93000030517578,28323,0.0,0.0,2023-07-20
2962,2023-07-20 12:30:00-04:00,110.94999694824219,111.0199966430664,110.87000274658203,110.93000030517578,27660,0.0,0.0,2023-07-20
2963,2023-07-20 12:35:00-04:00,110.93000030517578,110.9739990234375,110.73999786376953,110.80999755859375,35247,0.0,0.0,2023-07-20
2964,2023-07-20 12:40:00-04:00,110.77999877929688,110.88999938964844,110.7699966430664,110.87000274658203,26553,0.0,0.0,2023-07-20
2965,2023-07-20 12:45:00-04:00,110.87000274658203,110.9000015258789,110.7249984741211,110.77999877929688,46560,0.0,0.0,2023-07-20
2966,2023-07-20 12:50:00-04:00,110.77999877929688,110.95999908447266,110.77999877929688,110.88999938964844,58591,0.0,0.0,2023-07-20
2967,2023-07-20 12:55:00-04:00,110.88999938964844,111.01000213623047,110.87010192871094,111.01000213623047,31320,0.0,0.0,2023-07-20
2968,2023-07-20 13:00:00-04:00,111.01329803466797,111.0250015258789,110.9000015258789,110.94999694824219,29280,0.0,0.0,2023-07-20
2969,2023-07-20 13:05:00-04:00,110.94999694824219,111.0,110.80999755859375,110.80999755859375,36381,0.0,0.0,2023-07-20
2970,2023-07-20 13:10:00-04:00,110.83000183105469,110.94000244140625,110.80999755859375,110.81999969482422,25662,0.0,0.0,2023-07-20
2971,2023-07-20 13:15:00-04:00,110.80999755859375,110.86000061035156,110.74639892578125,110.76000213623047,32189,0.0,0.0,2023-07-20
2972,2023-07-20 13:20:00-04:00,110.76000213623047,110.94000244140625,110.76000213623047,110.81999969482422,22999,0.0,0.0,2023-07-20
2973,2023-07-20 13:25:00-04:00,110.83000183105469,110.88999938964844,110.80000305175781,110.83999633789062,20722,0.0,0.0,2023-07-20
2974,2023-07-20 13:30:00-04:00,110.85690307617188,111.02999877929688,110.80999755859375,111.0199966430664,56167,0.0,0.0,2023-07-20
2975,2023-07-20 13:35:00-04:00,111.0199966430664,111.0199966430664,110.77999877929688,110.77999877929688,39683,0.0,0.0,2023-07-20
2976,2023-07-20 13:40:00-04:00,110.7699966430664,110.91999816894531,110.72000122070312,110.91999816894531,25595,0.0,0.0,2023-07-20
2977,2023-07-20 13:45:00-04:00,110.91999816894531,110.93000030517578,110.8499984741211,110.89330291748047,30536,0.0,0.0,2023-07-20
2978,2023-07-20 13:50:00-04:00,110.91999816894531,110.94000244140625,110.802001953125,110.81999969482422,25171,0.0,0.0,2023-07-20
2979,2023-07-20 13:55:00-04:00,110.81999969482422,110.91539764404297,110.80999755859375,110.87999725341797,37001,0.0,0.0,2023-07-20
2980,2023-07-20 14:00:00-04:00,110.87000274658203,110.87999725341797,110.77999877929688,110.80000305175781,44643,0.0,0.0,2023-07-20
2981,2023-07-20 14:05:00-04:00,110.80500030517578,110.93990325927734,110.79000091552734,110.91999816894531,40421,0.0,0.0,2023-07-20
2982,2023-07-20 14:10:00-04:00,110.91000366210938,110.94139862060547,110.80500030517578,110.83499908447266,29892,0.0,0.0,2023-07-20
2983,2023-07-20 14:15:00-04:00,110.83999633789062,110.875,110.7300033569336,110.83999633789062,41762,0.0,0.0,2023-07-20
2984,2023-07-20 14:20:00-04:00,110.83000183105469,110.98999786376953,110.76000213623047,110.93499755859375,43635,0.0,0.0,2023-07-20
2985,2023-07-20 14:25:00-04:00,110.94000244140625,110.94999694824219,110.81729888916016,110.87000274658203,48714,0.0,0.0,2023-07-20
2986,2023-07-20 14:30:00-04:00,110.88999938964844,111.05000305175781,110.87999725341797,111.01000213623047,40104,0.0,0.0,2023-07-20
2987,2023-07-20 14:35:00-04:00,111.0199966430664,111.18000030517578,110.95999908447266,111.16999816894531,47929,0.0,0.0,2023-07-20
2988,2023-07-20 14:40:00-04:00,111.16999816894531,111.18000030517578,111.0999984741211,111.13770294189453,47338,0.0,0.0,2023-07-20
2989,2023-07-20 14:45:00-04:00,111.1500015258789,111.19000244140625,111.11000061035156,111.19000244140625,33083,0.0,0.0,2023-07-20
2990,2023-07-20 14:50:00-04:00,111.19000244140625,111.31500244140625,111.19000244140625,111.28500366210938,50209,0.0,0.0,2023-07-20
2991,2023-07-20 14:55:00-04:00,111.27999877929688,111.53130340576172,111.27999877929688,111.51000213623047,117376,0.0,0.0,2023-07-20
2992,2023-07-20 15:00:00-04:00,111.51000213623047,111.52999877929688,111.23999786376953,111.23999786376953,101088,0.0,0.0,2023-07-20
2993,2023-07-20 15:05:00-04:00,111.25,111.33999633789062,111.21499633789062,111.31999969482422,55890,0.0,0.0,2023-07-20
2994,2023-07-20 15:10:00-04:00,111.31999969482422,111.37999725341797,111.29000091552734,111.31999969482422,40819,0.0,0.0,2023-07-20
2995,2023-07-20 15:15:00-04:00,111.30999755859375,111.33999633789062,111.20999908447266,111.26000213623047,42706,0.0,0.0,2023-07-20
2996,2023-07-20 15:20:00-04:00,111.26000213623047,111.43499755859375,111.26000213623047,111.38999938964844,45832,0.0,0.0,2023-07-20
2997,2023-07-20 15:25:00-04:00,111.38999938964844,111.38999938964844,111.2699966430664,111.3499984741211,53860,0.0,0.0,2023-07-20
2998,2023-07-20 15:30:00-04:00,111.33000183105469,111.3949966430664,111.13999938964844,111.13999938964844,62493,0.0,0.0,2023-07-20
2999,2023-07-20 15:35:00-04:00,111.1500015258789,111.36499786376953,111.12999725341797,111.29000091552734,72039,0.0,0.0,2023-07-20
3000,2023-07-20 15:40:00-04:00,111.29000091552734,111.31999969482422,111.12999725341797,111.1500015258789,64015,0.0,0.0,2023-07-20
3001,2023-07-20 15:45:00-04:00,111.13999938964844,111.23999786376953,111.08999633789062,111.15499877929688,84639,0.0,0.0,2023-07-20
3002,2023-07-20 15:50:00-04:00,111.16000366210938,111.55999755859375,111.16000366210938,111.54499816894531,276340,0.0,0.0,2023-07-20
3003,2023-07-20 15:55:00-04:00,111.55000305175781,111.77999877929688,111.5,111.69000244140625,505568,0.0,0.0,2023-07-20
3004,2023-07-21 09:30:00-04:00,112.16999816894531,112.77999877929688,111.8499984741211,112.66000366210938,253966,0.0,0.0,2023-07-21
3005,2023-07-21 09:35:00-04:00,112.63500213623047,113.12000274658203,112.4800033569336,113.03500366210938,101579,0.0,0.0,2023-07-21
3006,2023-07-21 09:40:00-04:00,113.05000305175781,113.06999969482422,112.6500015258789,112.69000244140625,194773,0.0,0.0,2023-07-21
3007,2023-07-21 09:45:00-04:00,112.68499755859375,112.77999877929688,112.16999816894531,112.16999816894531,215520,0.0,0.0,2023-07-21
3008,2023-07-21 09:50:00-04:00,112.12999725341797,112.23989868164062,111.8499984741211,112.20999908447266,89544,0.0,0.0,2023-07-21
3009,2023-07-21 09:55:00-04:00,112.20999908447266,112.23999786376953,111.9000015258789,111.99500274658203,86977,0.0,0.0,2023-07-21
3010,2023-07-21 10:00:00-04:00,111.99500274658203,112.37000274658203,111.97000122070312,112.3499984741211,63333,0.0,0.0,2023-07-21
3011,2023-07-21 10:05:00-04:00,112.3499984741211,112.79000091552734,112.3499984741211,112.79000091552734,52322,0.0,0.0,2023-07-21
3012,2023-07-21 10:10:00-04:00,112.82890319824219,112.98999786376953,112.77999877929688,112.95999908447266,56826,0.0,0.0,2023-07-21
3013,2023-07-21 10:15:00-04:00,112.95999908447266,113.05000305175781,112.7699966430664,112.83000183105469,53205,0.0,0.0,2023-07-21
3014,2023-07-21 10:20:00-04:00,112.82009887695312,112.9800033569336,112.81999969482422,112.91999816894531,29973,0.0,0.0,2023-07-21
3015,2023-07-21 10:25:00-04:00,112.93000030517578,113.0,112.83999633789062,112.93000030517578,44139,0.0,0.0,2023-07-21
3016,2023-07-21 10:30:00-04:00,112.9000015258789,112.9800033569336,112.7699966430664,112.91500091552734,39028,0.0,0.0,2023-07-21
3017,2023-07-21 10:35:00-04:00,112.9000015258789,113.0999984741211,112.83999633789062,112.93000030517578,42379,0.0,0.0,2023-07-21
3018,2023-07-21 10:40:00-04:00,112.94499969482422,113.05000305175781,112.8499984741211,112.88999938964844,24918,0.0,0.0,2023-07-21
3019,2023-07-21 10:45:00-04:00,112.87000274658203,112.87000274658203,112.67500305175781,112.75,32839,0.0,0.0,2023-07-21
3020,2023-07-21 10:50:00-04:00,112.79000091552734,112.91000366210938,112.66999816894531,112.91000366210938,23596,0.0,0.0,2023-07-21
3021,2023-07-21 10:55:00-04:00,112.88999938964844,112.97000122070312,112.83999633789062,112.86000061035156,40458,0.0,0.0,2023-07-21
3022,2023-07-21 11:00:00-04:00,112.86000061035156,112.98999786376953,112.7699966430664,112.77999877929688,29414,0.0,0.0,2023-07-21
3023,2023-07-21 11:05:00-04:00,112.76509857177734,112.78500366210938,112.5250015258789,112.58000183105469,32582,0.0,0.0,2023-07-21
3024,2023-07-21 11:10:00-04:00,112.58000183105469,112.62000274658203,112.47000122070312,112.52999877929688,24069,0.0,0.0,2023-07-21
3025,2023-07-21 11:15:00-04:00,112.5250015258789,112.69999694824219,112.45500183105469,112.69000244140625,24943,0.0,0.0,2023-07-21
3026,2023-07-21 11:20:00-04:00,112.69999694824219,112.70999908447266,112.4800033569336,112.5,18743,0.0,0.0,2023-07-21
3027,2023-07-21 11:25:00-04:00,112.49500274658203,112.66999816894531,112.43499755859375,112.66000366210938,29971,0.0,0.0,2023-07-21
3028,2023-07-21 11:30:00-04:00,112.66999816894531,112.68000030517578,112.5199966430664,112.55999755859375,17642,0.0,0.0,2023-07-21
3029,2023-07-21 11:35:00-04:00,112.58000183105469,112.66000366210938,112.52999877929688,112.66000366210938,30186,0.0,0.0,2023-07-21
3030,2023-07-21 11:40:00-04:00,112.6500015258789,112.7300033569336,112.56999969482422,112.58499908447266,41387,0.0,0.0,2023-07-21
3031,2023-07-21 11:45:00-04:00,112.58000183105469,112.62000274658203,112.5199966430664,112.56999969482422,25493,0.0,0.0,2023-07-21
3032,2023-07-21 11:50:00-04:00,112.58000183105469,112.7699966430664,112.57450103759766,112.76000213623047,35407,0.0,0.0,2023-07-21
3033,2023-07-21 11:55:00-04:00,112.75,112.79000091552734,112.63999938964844,112.6698989868164,19122,0.0,0.0,2023-07-21
3034,2023-07-21 12:00:00-04:00,112.66000366210938,112.66000366210938,112.54000091552734,112.55000305175781,20216,0.0,0.0,2023-07-21
3035,2023-07-21 12:05:00-04:00,112.52999877929688,112.58999633789062,112.37999725341797,112.44999694824219,31873,0.0,0.0,2023-07-21
3036,2023-07-21 12:10:00-04:00,112.43499755859375,112.62000274658203,112.43000030517578,112.62000274658203,47144,0.0,0.0,2023-07-21
3037,2023-07-21 12:15:00-04:00,112.62999725341797,112.69999694824219,112.48999786376953,112.51909637451172,35235,0.0,0.0,2023-07-21
3038,2023-07-21 12:20:00-04:00,112.51000213623047,112.62999725341797,112.48999786376953,112.625,25315,0.0,0.0,2023-07-21
3039,2023-07-21 12:25:00-04:00,112.63500213623047,112.80000305175781,112.61499786376953,112.75,25833,0.0,0.0,2023-07-21
3040,2023-07-21 12:30:00-04:00,112.74500274658203,112.75,112.61000061035156,112.62000274658203,22665,0.0,0.0,2023-07-21
3041,2023-07-21 12:35:00-04:00,112.58999633789062,112.61000061035156,112.5,112.50499725341797,20633,0.0,0.0,2023-07-21
3042,2023-07-21 12:40:00-04:00,112.5,112.62999725341797,112.46499633789062,112.62000274658203,36682,0.0,0.0,2023-07-21
3043,2023-07-21 12:45:00-04:00,112.62999725341797,112.62999725341797,112.43000030517578,112.45999908447266,36902,0.0,0.0,2023-07-21
3044,2023-07-21 12:50:00-04:00,112.44999694824219,112.55999755859375,112.43000030517578,112.52999877929688,34355,0.0,0.0,2023-07-21
3045,2023-07-21 12:55:00-04:00,112.54000091552734,112.58999633789062,112.5,112.55999755859375,18674,0.0,0.0,2023-07-21
3046,2023-07-21 13:00:00-04:00,112.56999969482422,112.63369750976562,112.54000091552734,112.63369750976562,24560,0.0,0.0,2023-07-21
3047,2023-07-21 13:05:00-04:00,112.62000274658203,112.63999938964844,112.5199966430664,112.58999633789062,21757,0.0,0.0,2023-07-21
3048,2023-07-21 13:10:00-04:00,112.58999633789062,112.62000274658203,112.52999877929688,112.56999969482422,28623,0.0,0.0,2023-07-21
3049,2023-07-21 13:15:00-04:00,112.56999969482422,112.62999725341797,112.52999877929688,112.5999984741211,27153,0.0,0.0,2023-07-21
3050,2023-07-21 13:20:00-04:00,112.5999984741211,112.63999938964844,112.58000183105469,112.62000274658203,19449,0.0,0.0,2023-07-21
3051,2023-07-21 13:25:00-04:00,112.5999984741211,112.68000030517578,112.57779693603516,112.61000061035156,17761,0.0,0.0,2023-07-21
3052,2023-07-21 13:30:00-04:00,112.61000061035156,112.61000061035156,112.4800033569336,112.5,47004,0.0,0.0,2023-07-21
3053,2023-07-21 13:35:00-04:00,112.50599670410156,112.58999633789062,112.48999786376953,112.55999755859375,53336,0.0,0.0,2023-07-21
3054,2023-07-21 13:40:00-04:00,112.55999755859375,112.625,112.52999877929688,112.55999755859375,20717,0.0,0.0,2023-07-21
3055,2023-07-21 13:45:00-04:00,112.55000305175781,112.55000305175781,112.37999725341797,112.5,72710,0.0,0.0,2023-07-21
3056,2023-07-21 13:50:00-04:00,112.5,112.51000213623047,112.44000244140625,112.5,31213,0.0,0.0,2023-07-21
3057,2023-07-21 13:55:00-04:00,112.51000213623047,112.52999877929688,112.44999694824219,112.51499938964844,29366,0.0,0.0,2023-07-21
3058,2023-07-21 14:00:00-04:00,112.51000213623047,112.54000091552734,112.45999908447266,112.5,28237,0.0,0.0,2023-07-21
3059,2023-07-21 14:05:00-04:00,112.48999786376953,112.52999877929688,112.44000244140625,112.48999786376953,35437,0.0,0.0,2023-07-21
3060,2023-07-21 14:10:00-04:00,112.5,112.55999755859375,112.45999908447266,112.46499633789062,24173,0.0,0.0,2023-07-21
3061,2023-07-21 14:15:00-04:00,112.4800033569336,112.5,112.44999694824219,112.4800033569336,29922,0.0,0.0,2023-07-21
3062,2023-07-21 14:20:00-04:00,112.48999786376953,112.52999877929688,112.47000122070312,112.47000122070312,30433,0.0,0.0,2023-07-21
3063,2023-07-21 14:25:00-04:00,112.4800033569336,112.58000183105469,112.45999908447266,112.55000305175781,24916,0.0,0.0,2023-07-21
3064,2023-07-21 14:30:00-04:00,112.54000091552734,112.54499816894531,112.48999786376953,112.54000091552734,17198,0.0,0.0,2023-07-21
3065,2023-07-21 14:35:00-04:00,112.54000091552734,112.63999938964844,112.51000213623047,112.62000274658203,44638,0.0,0.0,2023-07-21
3066,2023-07-21 14:40:00-04:00,112.62000274658203,112.69999694824219,112.61000061035156,112.69989776611328,24283,0.0,0.0,2023-07-21
3067,2023-07-21 14:45:00-04:00,112.69499969482422,113.0,112.69499969482422,112.9000015258789,84100,0.0,0.0,2023-07-21
3068,2023-07-21 14:50:00-04:00,112.91000366210938,112.93000030517578,112.8499984741211,112.88500213623047,47299,0.0,0.0,2023-07-21
3069,2023-07-21 14:55:00-04:00,112.88500213623047,112.91000366210938,112.81500244140625,112.88349914550781,26947,0.0,0.0,2023-07-21
3070,2023-07-21 15:00:00-04:00,112.87000274658203,112.93730163574219,112.86000061035156,112.91000366210938,37312,0.0,0.0,2023-07-21
3071,2023-07-21 15:05:00-04:00,112.9000015258789,112.9000015258789,112.68150329589844,112.69000244140625,36112,0.0,0.0,2023-07-21
3072,2023-07-21 15:10:00-04:00,112.69000244140625,112.7300033569336,112.66000366210938,112.66999816894531,30285,0.0,0.0,2023-07-21
3073,2023-07-21 15:15:00-04:00,112.66999816894531,112.68000030517578,112.62000274658203,112.62999725341797,38798,0.0,0.0,2023-07-21
3074,2023-07-21 15:20:00-04:00,112.63999938964844,112.68000030517578,112.59500122070312,112.66000366210938,63078,0.0,0.0,2023-07-21
3075,2023-07-21 15:25:00-04:00,112.66500091552734,112.77999877929688,112.66100311279297,112.77999877929688,35524,0.0,0.0,2023-07-21
3076,2023-07-21 15:30:00-04:00,112.77999877929688,112.92500305175781,112.7699966430664,112.9000015258789,81371,0.0,0.0,2023-07-21
3077,2023-07-21 15:35:00-04:00,112.88999938964844,112.9800033569336,112.87999725341797,112.95500183105469,100418,0.0,0.0,2023-07-21
3078,2023-07-21 15:40:00-04:00,112.95500183105469,112.98249816894531,112.93000030517578,112.94999694824219,94571,0.0,0.0,2023-07-21
3079,2023-07-21 15:45:00-04:00,112.94999694824219,113.02999877929688,112.84500122070312,112.87000274658203,148439,0.0,0.0,2023-07-21
3080,2023-07-21 15:50:00-04:00,112.86000061035156,113.19999694824219,112.81999969482422,113.18000030517578,247662,0.0,0.0,2023-07-21
3081,2023-07-21 15:55:00-04:00,113.18499755859375,113.19499969482422,112.8499984741211,112.87999725341797,404081,0.0,0.0,2023-07-21
