,Timestamp,Open,High,Low,Close,Volume,Dividends,Stock Splits,Date
0,2021-07-23 09:30:00-04:00,18.719999313354492,18.829999923706055,18.690000534057617,18.709999084472656,0,0.0,0.0,2021-07-23
1,2021-07-23 10:30:00-04:00,18.700000762939453,18.859500885009766,18.65999984741211,18.850000381469727,8045,0.0,0.0,2021-07-23
2,2021-07-23 11:30:00-04:00,18.815000534057617,18.815000534057617,18.71500015258789,18.770000457763672,7553,0.0,0.0,2021-07-23
3,2021-07-23 12:30:00-04:00,18.809999465942383,18.84000015258789,18.770000457763672,18.770000457763672,12567,0.0,0.0,2021-07-23
4,2021-07-23 13:30:00-04:00,18.75,18.889999389648438,18.75,18.84000015258789,17496,0.0,0.0,2021-07-23
5,2021-07-23 14:30:00-04:00,18.850000381469727,18.8700008392334,18.81999969482422,18.81999969482422,8627,0.0,0.0,2021-07-23
6,2021-07-23 15:30:00-04:00,18.829999923706055,18.860000610351562,18.809999465942383,18.84000015258789,11673,0.0,0.0,2021-07-23
7,2021-07-26 09:30:00-04:00,18.889999389648438,19.149999618530273,18.889999389648438,19.049999237060547,14910,0.0,0.0,2021-07-26
8,2021-07-26 10:30:00-04:00,19.049999237060547,19.049999237060547,18.90999984741211,18.93000030517578,15017,0.0,0.0,2021-07-26
9,2021-07-26 11:30:00-04:00,18.8799991607666,18.920000076293945,18.84000015258789,18.920000076293945,5833,0.0,0.0,2021-07-26
10,2021-07-26 12:30:00-04:00,18.90999984741211,18.93000030517578,18.800100326538086,18.86009979248047,6917,0.0,0.0,2021-07-26
11,2021-07-26 13:30:00-04:00,18.899999618530273,18.899999618530273,18.84000015258789,18.899999618530273,7744,0.0,0.0,2021-07-26
12,2021-07-26 14:30:00-04:00,18.899999618530273,18.95599937438965,18.8799991607666,18.95599937438965,11875,0.0,0.0,2021-07-26
13,2021-07-26 15:30:00-04:00,18.95599937438965,19.0,18.920000076293945,18.920000076293945,23360,0.0,0.0,2021-07-26
14,2021-07-27 09:30:00-04:00,18.889999389648438,18.950000762939453,18.790000915527344,18.892499923706055,8958,0.0,0.0,2021-07-27
15,2021-07-27 10:30:00-04:00,18.899999618530273,18.979999542236328,18.84000015258789,18.8700008392334,12328,0.0,0.0,2021-07-27
16,2021-07-27 11:30:00-04:00,18.780000686645508,18.8700008392334,18.700000762939453,18.795000076293945,16811,0.0,0.0,2021-07-27
17,2021-07-27 12:30:00-04:00,18.790000915527344,18.889999389648438,18.790000915527344,18.8700008392334,10095,0.0,0.0,2021-07-27
18,2021-07-27 13:30:00-04:00,18.850000381469727,18.90999984741211,18.850000381469727,18.8799991607666,3549,0.0,0.0,2021-07-27
19,2021-07-27 14:30:00-04:00,18.8799991607666,18.93000030517578,18.860000610351562,18.90999984741211,8612,0.0,0.0,2021-07-27
20,2021-07-27 15:30:00-04:00,18.895000457763672,18.895000457763672,18.81999969482422,18.860000610351562,12749,0.0,0.0,2021-07-27
21,2021-07-28 09:30:00-04:00,18.8799991607666,18.8799991607666,18.360000610351562,18.364999771118164,10447,0.0,0.0,2021-07-28
22,2021-07-28 10:30:00-04:00,18.329999923706055,18.399999618530273,18.260000228881836,18.329999923706055,14268,0.0,0.0,2021-07-28
23,2021-07-28 11:30:00-04:00,18.309999465942383,18.399999618530273,18.290000915527344,18.399999618530273,9441,0.0,0.0,2021-07-28
24,2021-07-28 12:30:00-04:00,18.399999618530273,18.600000381469727,18.3700008392334,18.56999969482422,55887,0.0,0.0,2021-07-28
25,2021-07-28 13:30:00-04:00,18.579999923706055,18.65999984741211,18.490100860595703,18.65999984741211,6207,0.0,0.0,2021-07-28
26,2021-07-28 14:30:00-04:00,18.719999313354492,18.790000915527344,18.670000076293945,18.760000228881836,41946,0.0,0.0,2021-07-28
27,2021-07-28 15:30:00-04:00,18.760000228881836,18.829999923706055,18.719999313354492,18.760000228881836,32646,0.0,0.0,2021-07-28
28,2021-07-29 09:30:00-04:00,18.829999923706055,19.020000457763672,18.600000381469727,19.0,10842,0.0,0.0,2021-07-29
29,2021-07-29 10:30:00-04:00,19.0,19.024999618530273,18.93000030517578,18.989999771118164,5445,0.0,0.0,2021-07-29
30,2021-07-29 11:30:00-04:00,18.989999771118164,19.100000381469727,18.989999771118164,19.06999969482422,4902,0.0,0.0,2021-07-29
31,2021-07-29 12:30:00-04:00,19.059999465942383,19.1299991607666,19.049999237060547,19.110000610351562,8197,0.0,0.0,2021-07-29
32,2021-07-29 13:30:00-04:00,19.049999237060547,19.094999313354492,18.989999771118164,19.014999389648438,56114,0.0,0.0,2021-07-29
33,2021-07-29 14:30:00-04:00,19.0049991607666,19.010000228881836,18.90999984741211,18.90999984741211,8287,0.0,0.0,2021-07-29
34,2021-07-29 15:30:00-04:00,18.875,19.0,18.850000381469727,18.8799991607666,53928,0.0,0.0,2021-07-29
35,2021-07-30 09:30:00-04:00,18.75,19.09000015258789,18.75,18.899999618530273,0,0.0,0.0,2021-07-30
36,2021-07-30 10:30:00-04:00,18.8700008392334,18.8700008392334,18.6299991607666,18.709999084472656,5166,0.0,0.0,2021-07-30
37,2021-07-30 11:30:00-04:00,18.700000762939453,18.700000762939453,18.6299991607666,18.6299991607666,6842,0.0,0.0,2021-07-30
38,2021-07-30 12:30:00-04:00,18.6299991607666,18.65999984741211,18.59869956970215,18.59869956970215,4565,0.0,0.0,2021-07-30
39,2021-07-30 13:30:00-04:00,18.6299991607666,18.6299991607666,18.540000915527344,18.56999969482422,4987,0.0,0.0,2021-07-30
40,2021-07-30 14:30:00-04:00,18.530000686645508,18.579999923706055,18.469999313354492,18.549999237060547,7309,0.0,0.0,2021-07-30
41,2021-07-30 15:30:00-04:00,18.56999969482422,18.600000381469727,18.524999618530273,18.59000015258789,13170,0.0,0.0,2021-07-30
42,2021-08-02 09:30:00-04:00,18.6299991607666,18.75,18.389999389648438,18.6299991607666,8530,0.0,0.0,2021-08-02
43,2021-08-02 10:30:00-04:00,18.645000457763672,18.665000915527344,18.43000030517578,18.6299991607666,6315,0.0,0.0,2021-08-02
44,2021-08-02 11:30:00-04:00,18.600000381469727,18.610000610351562,18.450000762939453,18.479999542236328,5538,0.0,0.0,2021-08-02
45,2021-08-02 12:30:00-04:00,18.479999542236328,18.548999786376953,18.450000762939453,18.49489974975586,7024,0.0,0.0,2021-08-02
46,2021-08-02 13:30:00-04:00,18.470399856567383,18.540000915527344,18.450000762939453,18.459999084472656,4370,0.0,0.0,2021-08-02
47,2021-08-02 14:30:00-04:00,18.475000381469727,18.5,18.34000015258789,18.350000381469727,12443,0.0,0.0,2021-08-02
48,2021-08-02 15:30:00-04:00,18.350000381469727,18.350000381469727,18.110000610351562,18.149999618530273,59972,0.0,0.0,2021-08-02
49,2021-08-03 09:30:00-04:00,18.229999542236328,18.34000015258789,17.739999771118164,17.9950008392334,28824,0.0,0.0,2021-08-03
50,2021-08-03 10:30:00-04:00,18.079999923706055,18.1299991607666,17.989999771118164,18.030000686645508,13673,0.0,0.0,2021-08-03
51,2021-08-03 11:30:00-04:00,18.06999969482422,18.1299991607666,17.989999771118164,17.989999771118164,8417,0.0,0.0,2021-08-03
52,2021-08-03 12:30:00-04:00,18.010000228881836,18.100000381469727,18.010000228881836,18.100000381469727,7295,0.0,0.0,2021-08-03
53,2021-08-03 13:30:00-04:00,18.100000381469727,18.139999389648438,18.059999465942383,18.139999389648438,10287,0.0,0.0,2021-08-03
54,2021-08-03 14:30:00-04:00,18.18000030517578,18.190000534057617,18.110000610351562,18.1299991607666,9220,0.0,0.0,2021-08-03
55,2021-08-03 15:30:00-04:00,18.1200008392334,18.270000457763672,18.09000015258789,18.219999313354492,25309,0.0,0.0,2021-08-03
56,2021-08-04 09:30:00-04:00,18.06999969482422,18.299999237060547,18.0,18.18000030517578,7804,0.0,0.0,2021-08-04
57,2021-08-04 10:30:00-04:00,18.139999389648438,18.34000015258789,18.100000381469727,18.30500030517578,4744,0.0,0.0,2021-08-04
58,2021-08-04 11:30:00-04:00,18.270000457763672,18.309999465942383,18.190000534057617,18.25,6728,0.0,0.0,2021-08-04
59,2021-08-04 12:30:00-04:00,18.270000457763672,18.270000457763672,18.149999618530273,18.209999084472656,25929,0.0,0.0,2021-08-04
60,2021-08-04 13:30:00-04:00,18.229999542236328,18.229999542236328,18.149999618530273,18.149999618530273,10515,0.0,0.0,2021-08-04
61,2021-08-04 14:30:00-04:00,18.13610076904297,18.219999313354492,18.100000381469727,18.190000534057617,12415,0.0,0.0,2021-08-04
62,2021-08-04 15:30:00-04:00,18.18000030517578,18.200000762939453,18.1299991607666,18.170000076293945,15049,0.0,0.0,2021-08-04
63,2021-08-05 09:30:00-04:00,18.290000915527344,18.290000915527344,17.959999084472656,18.0,0,0.0,0.0,2021-08-05
64,2021-08-05 10:30:00-04:00,18.059999465942383,18.25,18.059999465942383,18.2450008392334,10698,0.0,0.0,2021-08-05
65,2021-08-05 11:30:00-04:00,18.260000228881836,18.299999237060547,18.15999984741211,18.15999984741211,7093,0.0,0.0,2021-08-05
66,2021-08-05 12:30:00-04:00,18.1200008392334,18.1200008392334,18.020000457763672,18.049999237060547,9109,0.0,0.0,2021-08-05
67,2021-08-05 13:30:00-04:00,18.06999969482422,18.079999923706055,18.010000228881836,18.010000228881836,6761,0.0,0.0,2021-08-05
68,2021-08-05 14:30:00-04:00,18.024999618530273,18.100000381469727,18.020000457763672,18.089000701904297,12569,0.0,0.0,2021-08-05
69,2021-08-05 15:30:00-04:00,18.075000762939453,18.379899978637695,18.075000762939453,18.260000228881836,44690,0.0,0.0,2021-08-05
70,2021-08-06 09:30:00-04:00,18.5,18.93000030517578,17.900299072265625,18.670000076293945,16514,0.0,0.0,2021-08-06
71,2021-08-06 10:30:00-04:00,18.469999313354492,18.579999923706055,18.309999465942383,18.530000686645508,31209,0.0,0.0,2021-08-06
72,2021-08-06 11:30:00-04:00,18.5,18.539899826049805,18.399999618530273,18.43000030517578,7808,0.0,0.0,2021-08-06
73,2021-08-06 12:30:00-04:00,18.43000030517578,18.53499984741211,18.40999984741211,18.530000686645508,7003,0.0,0.0,2021-08-06
74,2021-08-06 13:30:00-04:00,18.520000457763672,18.559999465942383,18.459999084472656,18.540000915527344,7735,0.0,0.0,2021-08-06
75,2021-08-06 14:30:00-04:00,18.540000915527344,18.610000610351562,18.52560043334961,18.530000686645508,7185,0.0,0.0,2021-08-06
76,2021-08-06 15:30:00-04:00,18.549999237060547,18.549999237060547,18.44499969482422,18.520000457763672,19701,0.0,0.0,2021-08-06
77,2021-08-09 09:30:00-04:00,18.540000915527344,18.700000762939453,18.16010093688965,18.299999237060547,15985,0.0,0.0,2021-08-09
78,2021-08-09 10:30:00-04:00,18.239999771118164,18.239999771118164,17.989999771118164,18.020000457763672,14124,0.0,0.0,2021-08-09
79,2021-08-09 11:30:00-04:00,17.979999542236328,18.149999618530273,17.969999313354492,18.114999771118164,11344,0.0,0.0,2021-08-09
80,2021-08-09 12:30:00-04:00,18.100000381469727,18.179899215698242,18.09000015258789,18.15999984741211,10863,0.0,0.0,2021-08-09
81,2021-08-09 13:30:00-04:00,18.155000686645508,18.260000228881836,18.149999618530273,18.199899673461914,10154,0.0,0.0,2021-08-09
82,2021-08-09 14:30:00-04:00,18.18000030517578,18.200000762939453,18.0,18.0,13146,0.0,0.0,2021-08-09
83,2021-08-09 15:30:00-04:00,17.989999771118164,18.010000228881836,17.940000534057617,17.969999313354492,26381,0.0,0.0,2021-08-09
84,2021-08-10 09:30:00-04:00,17.90999984741211,18.100000381469727,17.770000457763672,17.985000610351562,22294,0.0,0.0,2021-08-10
85,2021-08-10 10:30:00-04:00,18.010000228881836,18.09000015258789,17.920000076293945,18.0,21708,0.0,0.0,2021-08-10
86,2021-08-10 11:30:00-04:00,17.979999542236328,18.030000686645508,17.95039939880371,18.0,9706,0.0,0.0,2021-08-10
87,2021-08-10 12:30:00-04:00,18.014999389648438,18.149999618530273,18.003400802612305,18.06999969482422,4303,0.0,0.0,2021-08-10
88,2021-08-10 13:30:00-04:00,18.06999969482422,18.09000015258789,18.040000915527344,18.079999923706055,8280,0.0,0.0,2021-08-10
89,2021-08-10 14:30:00-04:00,18.079999923706055,18.15999984741211,18.079999923706055,18.100000381469727,8423,0.0,0.0,2021-08-10
90,2021-08-10 15:30:00-04:00,18.110000610351562,18.1200008392334,17.950000762939453,17.969999313354492,25401,0.0,0.0,2021-08-10
91,2021-08-11 09:30:00-04:00,17.979999542236328,18.010000228881836,17.799999237060547,17.934999465942383,9174,0.0,0.0,2021-08-11
92,2021-08-11 10:30:00-04:00,17.934999465942383,18.0,17.8799991607666,17.889999389648438,10741,0.0,0.0,2021-08-11
93,2021-08-11 11:30:00-04:00,17.90999984741211,17.940000534057617,17.850000381469727,17.899999618530273,4602,0.0,0.0,2021-08-11
94,2021-08-11 12:30:00-04:00,17.920000076293945,18.03499984741211,17.920000076293945,18.03499984741211,6274,0.0,0.0,2021-08-11
95,2021-08-11 13:30:00-04:00,18.049999237060547,18.1299991607666,18.020000457763672,18.079999923706055,6649,0.0,0.0,2021-08-11
96,2021-08-11 14:30:00-04:00,18.09000015258789,18.15999984741211,18.06999969482422,18.149999618530273,6449,0.0,0.0,2021-08-11
97,2021-08-11 15:30:00-04:00,18.15999984741211,18.219999313354492,18.137500762939453,18.18000030517578,13036,0.0,0.0,2021-08-11
98,2021-08-12 09:30:00-04:00,18.1299991607666,18.1299991607666,17.889999389648438,17.90399932861328,6577,0.0,0.0,2021-08-12
99,2021-08-12 10:30:00-04:00,17.950000762939453,17.954999923706055,17.860000610351562,17.899999618530273,4136,0.0,0.0,2021-08-12
100,2021-08-12 11:30:00-04:00,17.8799991607666,17.920000076293945,17.870100021362305,17.899999618530273,4071,0.0,0.0,2021-08-12
101,2021-08-12 12:30:00-04:00,17.90999984741211,17.949600219726562,17.84000015258789,17.949600219726562,10722,0.0,0.0,2021-08-12
102,2021-08-12 13:30:00-04:00,17.90999984741211,18.04759979248047,17.90999984741211,17.969999313354492,6845,0.0,0.0,2021-08-12
103,2021-08-12 14:30:00-04:00,18.045000076293945,18.06999969482422,17.989999771118164,17.989999771118164,4665,0.0,0.0,2021-08-12
104,2021-08-12 15:30:00-04:00,17.989999771118164,18.079999923706055,17.979999542236328,18.0,23096,0.0,0.0,2021-08-12
105,2021-08-13 09:30:00-04:00,17.549999237060547,18.030000686645508,17.549999237060547,17.920000076293945,0,0.0,0.0,2021-08-13
106,2021-08-13 10:30:00-04:00,17.920000076293945,17.940000534057617,17.889999389648438,17.940000534057617,3099,0.0,0.0,2021-08-13
107,2021-08-13 11:30:00-04:00,17.90999984741211,17.911300659179688,17.889999389648438,17.905000686645508,3043,0.0,0.0,2021-08-13
108,2021-08-13 12:30:00-04:00,17.899999618530273,17.90999984741211,17.84000015258789,17.90999984741211,3451,0.0,0.0,2021-08-13
109,2021-08-13 13:30:00-04:00,17.8799991607666,17.884300231933594,17.8799991607666,17.884300231933594,1078,0.0,0.0,2021-08-13
110,2021-08-13 14:30:00-04:00,17.8700008392334,17.959999084472656,17.850000381469727,17.920000076293945,4914,0.0,0.0,2021-08-13
111,2021-08-13 15:30:00-04:00,17.920000076293945,17.959999084472656,17.920000076293945,17.950000762939453,7854,0.0,0.0,2021-08-13
112,2021-08-16 09:30:00-04:00,17.81999969482422,18.010000228881836,17.540000915527344,17.950000762939453,0,0.0,0.0,2021-08-16
113,2021-08-16 10:30:00-04:00,17.920000076293945,18.0,17.889999389648438,17.950000762939453,11791,0.0,0.0,2021-08-16
114,2021-08-16 11:30:00-04:00,17.969999313354492,17.989999771118164,17.93000030517578,17.950000762939453,7689,0.0,0.0,2021-08-16
115,2021-08-16 12:30:00-04:00,17.940000534057617,17.979999542236328,17.93000030517578,17.93000030517578,4094,0.0,0.0,2021-08-16
116,2021-08-16 13:30:00-04:00,17.940000534057617,17.940000534057617,17.84000015258789,17.844999313354492,5163,0.0,0.0,2021-08-16
117,2021-08-16 14:30:00-04:00,17.844999313354492,17.8799991607666,17.809999465942383,17.850000381469727,10936,0.0,0.0,2021-08-16
118,2021-08-16 15:30:00-04:00,17.84000015258789,17.860000610351562,17.799999237060547,17.84000015258789,12092,0.0,0.0,2021-08-16
119,2021-08-17 09:30:00-04:00,17.739999771118164,17.8799991607666,17.709999084472656,17.809999465942383,9157,0.0,0.0,2021-08-17
120,2021-08-17 10:30:00-04:00,17.729999542236328,17.799999237060547,17.719999313354492,17.729999542236328,10520,0.0,0.0,2021-08-17
121,2021-08-17 11:30:00-04:00,17.760000228881836,17.829999923706055,17.760000228881836,17.81999969482422,8148,0.0,0.0,2021-08-17
122,2021-08-17 12:30:00-04:00,17.81999969482422,17.854999542236328,17.739999771118164,17.80120086669922,8208,0.0,0.0,2021-08-17
123,2021-08-17 13:30:00-04:00,17.81999969482422,17.84000015258789,17.809999465942383,17.81999969482422,3296,0.0,0.0,2021-08-17
124,2021-08-17 14:30:00-04:00,17.81999969482422,17.899999618530273,17.81410026550293,17.84000015258789,9341,0.0,0.0,2021-08-17
125,2021-08-17 15:30:00-04:00,17.809999465942383,17.84000015258789,17.809999465942383,17.825000762939453,15934,0.0,0.0,2021-08-17
126,2021-08-18 09:30:00-04:00,17.780000686645508,18.010000228881836,17.690000534057617,17.90999984741211,14490,0.0,0.0,2021-08-18
127,2021-08-18 10:30:00-04:00,17.940000534057617,17.989999771118164,17.8799991607666,17.959999084472656,8128,0.0,0.0,2021-08-18
128,2021-08-18 11:30:00-04:00,17.979999542236328,18.06999969482422,17.934999465942383,18.0,7227,0.0,0.0,2021-08-18
129,2021-08-18 12:30:00-04:00,18.010000228881836,18.069000244140625,17.979999542236328,18.020000457763672,5760,0.0,0.0,2021-08-18
130,2021-08-18 13:30:00-04:00,18.010000228881836,18.010000228881836,17.899999618530273,17.940000534057617,5929,0.0,0.0,2021-08-18
131,2021-08-18 14:30:00-04:00,17.969999313354492,18.010000228881836,17.860000610351562,17.860000610351562,7228,0.0,0.0,2021-08-18
132,2021-08-18 15:30:00-04:00,17.829999923706055,17.889999389648438,17.809999465942383,17.829999923706055,25535,0.0,0.0,2021-08-18
133,2021-08-19 09:30:00-04:00,17.670000076293945,17.790000915527344,17.670000076293945,17.790000915527344,0,0.0,0.0,2021-08-19
134,2021-08-19 10:30:00-04:00,17.75,17.799999237060547,17.68000030517578,17.729999542236328,16480,0.0,0.0,2021-08-19
135,2021-08-19 11:30:00-04:00,17.75,17.889999389648438,17.729999542236328,17.81879997253418,9438,0.0,0.0,2021-08-19
136,2021-08-19 12:30:00-04:00,17.829999923706055,17.8799991607666,17.790000915527344,17.809999465942383,6634,0.0,0.0,2021-08-19
137,2021-08-19 13:30:00-04:00,17.780000686645508,17.809999465942383,17.729999542236328,17.739999771118164,9878,0.0,0.0,2021-08-19
138,2021-08-19 14:30:00-04:00,17.75,17.81999969482422,17.729999542236328,17.81999969482422,8794,0.0,0.0,2021-08-19
139,2021-08-19 15:30:00-04:00,17.81999969482422,17.81999969482422,17.739999771118164,17.790000915527344,13484,0.0,0.0,2021-08-19
140,2021-08-20 09:30:00-04:00,17.75,17.8700008392334,17.690000534057617,17.735000610351562,18083,0.0,0.0,2021-08-20
141,2021-08-20 10:30:00-04:00,17.735000610351562,17.790000915527344,17.690000534057617,17.75,11160,0.0,0.0,2021-08-20
142,2021-08-20 11:30:00-04:00,17.790000915527344,17.8700008392334,17.770000457763672,17.830299377441406,10796,0.0,0.0,2021-08-20
143,2021-08-20 12:30:00-04:00,17.889999389648438,17.950000762939453,17.8799991607666,17.90999984741211,7131,0.0,0.0,2021-08-20
144,2021-08-20 13:30:00-04:00,17.83009910583496,17.959999084472656,17.83009910583496,17.8799991607666,7821,0.0,0.0,2021-08-20
145,2021-08-20 14:30:00-04:00,17.860000610351562,17.90999984741211,17.84000015258789,17.850000381469727,9477,0.0,0.0,2021-08-20
146,2021-08-20 15:30:00-04:00,17.850000381469727,17.950000762939453,17.850000381469727,17.920000076293945,26576,0.0,0.0,2021-08-20
147,2021-08-23 09:30:00-04:00,18.09000015258789,18.149999618530273,17.950000762939453,18.030000686645508,0,0.0,0.0,2021-08-23
148,2021-08-23 10:30:00-04:00,18.040000915527344,18.110000610351562,18.0,18.06100082397461,15812,0.0,0.0,2021-08-23
149,2021-08-23 11:30:00-04:00,18.09000015258789,18.110000610351562,17.950000762939453,17.975000381469727,5385,0.0,0.0,2021-08-23
150,2021-08-23 12:30:00-04:00,18.020000457763672,18.049999237060547,17.989999771118164,18.045499801635742,7051,0.0,0.0,2021-08-23
151,2021-08-23 13:30:00-04:00,18.059999465942383,18.1200008392334,18.059999465942383,18.100000381469727,4763,0.0,0.0,2021-08-23
152,2021-08-23 14:30:00-04:00,18.079999923706055,18.139999389648438,18.059999465942383,18.075000762939453,13957,0.0,0.0,2021-08-23
153,2021-08-23 15:30:00-04:00,18.075000762939453,18.149999618530273,18.060100555419922,18.139999389648438,33694,0.0,0.0,2021-08-23
154,2021-08-24 09:30:00-04:00,18.190000534057617,18.270000457763672,17.90999984741211,18.145000457763672,13471,0.0,0.0,2021-08-24
155,2021-08-24 10:30:00-04:00,18.190000534057617,18.31999969482422,18.190000534057617,18.2549991607666,7971,0.0,0.0,2021-08-24
156,2021-08-24 11:30:00-04:00,18.280000686645508,18.280000686645508,18.229999542236328,18.260000228881836,16084,0.0,0.0,2021-08-24
157,2021-08-24 12:30:00-04:00,18.280000686645508,18.329999923706055,18.260000228881836,18.299999237060547,8208,0.0,0.0,2021-08-24
158,2021-08-24 13:30:00-04:00,18.280000686645508,18.360000610351562,18.25,18.260000228881836,7229,0.0,0.0,2021-08-24
159,2021-08-24 14:30:00-04:00,18.25,18.260000228881836,18.100000381469727,18.100000381469727,9890,0.0,0.0,2021-08-24
160,2021-08-24 15:30:00-04:00,18.100000381469727,18.100000381469727,17.969999313354492,17.979999542236328,16259,0.0,0.0,2021-08-24
161,2021-08-25 09:30:00-04:00,18.040000915527344,18.190000534057617,17.940000534057617,17.989999771118164,7658,0.0,0.0,2021-08-25
162,2021-08-25 10:30:00-04:00,18.010000228881836,18.1299991607666,17.969999313354492,17.989999771118164,2982,0.0,0.0,2021-08-25
163,2021-08-25 11:30:00-04:00,17.969999313354492,18.020000457763672,17.940000534057617,17.979999542236328,5984,0.0,0.0,2021-08-25
164,2021-08-25 12:30:00-04:00,17.969999313354492,17.975000381469727,17.889999389648438,17.93000030517578,5487,0.0,0.0,2021-08-25
165,2021-08-25 13:30:00-04:00,17.939899444580078,17.959999084472656,17.889999389648438,17.959999084472656,7135,0.0,0.0,2021-08-25
166,2021-08-25 14:30:00-04:00,17.959999084472656,18.020000457763672,17.940000534057617,18.020000457763672,5107,0.0,0.0,2021-08-25
167,2021-08-25 15:30:00-04:00,18.03499984741211,18.03499984741211,17.93000030517578,17.93000030517578,8244,0.0,0.0,2021-08-25
168,2021-08-26 09:30:00-04:00,17.920000076293945,17.920000076293945,17.670000076293945,17.84000015258789,8233,0.0,0.0,2021-08-26
169,2021-08-26 10:30:00-04:00,17.885000228881836,17.885000228881836,17.670000076293945,17.790000915527344,8939,0.0,0.0,2021-08-26
170,2021-08-26 11:30:00-04:00,17.780000686645508,17.8700008392334,17.739999771118164,17.78499984741211,8666,0.0,0.0,2021-08-26
171,2021-08-26 12:30:00-04:00,17.809999465942383,17.860000610351562,17.790000915527344,17.790000915527344,6629,0.0,0.0,2021-08-26
172,2021-08-26 13:30:00-04:00,17.809999465942383,17.850000381469727,17.780399322509766,17.809999465942383,6975,0.0,0.0,2021-08-26
173,2021-08-26 14:30:00-04:00,17.780000686645508,17.799999237060547,17.75,17.780000686645508,6528,0.0,0.0,2021-08-26
174,2021-08-26 15:30:00-04:00,17.780000686645508,17.950000762939453,17.780000686645508,17.90999984741211,20493,0.0,0.0,2021-08-26
175,2021-08-27 09:30:00-04:00,17.979999542236328,18.290000915527344,17.94499969482422,18.200000762939453,6484,0.0,0.0,2021-08-27
176,2021-08-27 10:30:00-04:00,18.204999923706055,18.309999465942383,18.190000534057617,18.200000762939453,8667,0.0,0.0,2021-08-27
177,2021-08-27 11:30:00-04:00,18.260000228881836,18.290000915527344,18.25,18.290000915527344,5282,0.0,0.0,2021-08-27
178,2021-08-27 12:30:00-04:00,18.31999969482422,18.350000381469727,18.290000915527344,18.329999923706055,4717,0.0,0.0,2021-08-27
179,2021-08-27 13:30:00-04:00,18.300100326538086,18.350000381469727,18.270000457763672,18.350000381469727,5419,0.0,0.0,2021-08-27
180,2021-08-27 14:30:00-04:00,18.34000015258789,18.420000076293945,18.34000015258789,18.375,9306,0.0,0.0,2021-08-27
181,2021-08-27 15:30:00-04:00,18.3799991607666,18.43000030517578,18.329999923706055,18.360000610351562,17496,0.0,0.0,2021-08-27
182,2021-08-30 09:30:00-04:00,18.649999618530273,18.649999618530273,18.280000686645508,18.350000381469727,4923,0.0,0.0,2021-08-30
183,2021-08-30 10:30:00-04:00,18.270000457763672,18.270000457763672,18.1299991607666,18.139999389648438,5662,0.0,0.0,2021-08-30
184,2021-08-30 11:30:00-04:00,18.110000610351562,18.200000762939453,18.110000610351562,18.200000762939453,4448,0.0,0.0,2021-08-30
185,2021-08-30 12:30:00-04:00,18.219999313354492,18.219999313354492,18.176599502563477,18.176599502563477,2442,0.0,0.0,2021-08-30
186,2021-08-30 13:30:00-04:00,18.200000762939453,18.200000762939453,18.139999389648438,18.139999389648438,4448,0.0,0.0,2021-08-30
187,2021-08-30 14:30:00-04:00,18.100000381469727,18.1299991607666,18.09000015258789,18.110000610351562,3291,0.0,0.0,2021-08-30
188,2021-08-30 15:30:00-04:00,18.06999969482422,18.1299991607666,18.020000457763672,18.1299991607666,10285,0.0,0.0,2021-08-30
189,2021-08-31 09:30:00-04:00,18.040000915527344,18.139999389648438,17.969999313354492,18.075000762939453,5146,0.0,0.0,2021-08-31
190,2021-08-31 10:30:00-04:00,18.020000457763672,18.110000610351562,18.0,18.110000610351562,6626,0.0,0.0,2021-08-31
191,2021-08-31 11:30:00-04:00,18.170000076293945,18.170000076293945,18.09000015258789,18.135000228881836,4876,0.0,0.0,2021-08-31
192,2021-08-31 12:30:00-04:00,18.110000610351562,18.209999084472656,18.110000610351562,18.145000457763672,4458,0.0,0.0,2021-08-31
193,2021-08-31 13:30:00-04:00,18.149999618530273,18.170000076293945,18.149999618530273,18.170000076293945,4123,0.0,0.0,2021-08-31
194,2021-08-31 14:30:00-04:00,18.15999984741211,18.15999984741211,18.09000015258789,18.110000610351562,6905,0.0,0.0,2021-08-31
195,2021-08-31 15:30:00-04:00,18.110000610351562,18.170000076293945,18.110000610351562,18.1200008392334,6747,0.0,0.0,2021-08-31
196,2021-09-01 09:30:00-04:00,18.200000762939453,18.200000762939453,18.030000686645508,18.104999542236328,7436,0.0,0.0,2021-09-01
197,2021-09-01 10:30:00-04:00,18.100000381469727,18.1200008392334,18.079999923706055,18.100000381469727,5035,0.0,0.0,2021-09-01
198,2021-09-01 11:30:00-04:00,18.09000015258789,18.149999618530273,18.059999465942383,18.1299991607666,4168,0.0,0.0,2021-09-01
199,2021-09-01 12:30:00-04:00,18.145000457763672,18.200000762939453,18.1200008392334,18.170000076293945,4527,0.0,0.0,2021-09-01
200,2021-09-01 13:30:00-04:00,18.190000534057617,18.219999313354492,18.190000534057617,18.209999084472656,3928,0.0,0.0,2021-09-01
201,2021-09-01 14:30:00-04:00,18.209999084472656,18.229999542236328,18.149999618530273,18.190000534057617,6787,0.0,0.0,2021-09-01
202,2021-09-01 15:30:00-04:00,18.190000534057617,18.219999313354492,18.145000457763672,18.200000762939453,12629,0.0,0.0,2021-09-01
203,2021-09-02 09:30:00-04:00,18.229999542236328,18.260000228881836,18.200000762939453,18.209999084472656,4793,0.0,0.0,2021-09-02
204,2021-09-02 10:30:00-04:00,18.204999923706055,18.229999542236328,18.059999465942383,18.059999465942383,12153,0.0,0.0,2021-09-02
205,2021-09-02 11:30:00-04:00,18.06999969482422,18.139999389648438,18.06999969482422,18.135000228881836,4913,0.0,0.0,2021-09-02
206,2021-09-02 12:30:00-04:00,18.1200008392334,18.159400939941406,18.100000381469727,18.135000228881836,7294,0.0,0.0,2021-09-02
207,2021-09-02 13:30:00-04:00,18.1200008392334,18.149999618530273,18.09000015258789,18.110000610351562,9492,0.0,0.0,2021-09-02
208,2021-09-02 14:30:00-04:00,18.1200008392334,18.135000228881836,18.045000076293945,18.104999542236328,11482,0.0,0.0,2021-09-02
209,2021-09-02 15:30:00-04:00,18.1200008392334,18.1299991607666,18.040000915527344,18.049999237060547,14507,0.0,0.0,2021-09-02
210,2021-09-03 09:30:00-04:00,18.079999923706055,18.079999923706055,17.799999237060547,17.84000015258789,0,0.0,0.0,2021-09-03
211,2021-09-03 10:30:00-04:00,17.81999969482422,17.899999618530273,17.809999465942383,17.8700008392334,3226,0.0,0.0,2021-09-03
212,2021-09-03 11:30:00-04:00,17.84000015258789,17.84000015258789,17.75,17.81999969482422,9319,0.0,0.0,2021-09-03
213,2021-09-03 12:30:00-04:00,17.799999237060547,17.950000762939453,17.780000686645508,17.899999618530273,7514,0.0,0.0,2021-09-03
214,2021-09-03 13:30:00-04:00,17.938899993896484,17.969999313354492,17.84000015258789,17.84000015258789,5466,0.0,0.0,2021-09-03
215,2021-09-03 14:30:00-04:00,17.84000015258789,17.920000076293945,17.81999969482422,17.889999389648438,5233,0.0,0.0,2021-09-03
216,2021-09-03 15:30:00-04:00,17.889999389648438,17.889999389648438,17.84000015258789,17.8700008392334,7435,0.0,0.0,2021-09-03
217,2021-09-07 09:30:00-04:00,17.81999969482422,18.059999465942383,17.780000686645508,18.049999237060547,68322,0.0,0.0,2021-09-07
218,2021-09-07 10:30:00-04:00,18.017000198364258,18.149999618530273,17.969999313354492,18.100000381469727,10075,0.0,0.0,2021-09-07
219,2021-09-07 11:30:00-04:00,18.1200008392334,18.219999313354492,18.079999923706055,18.190000534057617,44077,0.0,0.0,2021-09-07
220,2021-09-07 12:30:00-04:00,18.15999984741211,18.209999084472656,18.1299991607666,18.15999984741211,10812,0.0,0.0,2021-09-07
221,2021-09-07 13:30:00-04:00,18.149999618530273,18.229999542236328,18.139999389648438,18.149999618530273,41110,0.0,0.0,2021-09-07
222,2021-09-07 14:30:00-04:00,18.139999389648438,18.170000076293945,18.049999237060547,18.15999984741211,33641,0.0,0.0,2021-09-07
223,2021-09-07 15:30:00-04:00,18.200000762939453,18.360000610351562,18.200000762939453,18.280000686645508,47216,0.0,0.0,2021-09-07
224,2021-09-08 09:30:00-04:00,18.350000381469727,18.468599319458008,18.139999389648438,18.454999923706055,0,0.0,0.0,2021-09-08
225,2021-09-08 10:30:00-04:00,18.469999313354492,18.485000610351562,18.389999389648438,18.434999465942383,8438,0.0,0.0,2021-09-08
226,2021-09-08 11:30:00-04:00,18.3799991607666,18.389999389648438,18.329999923706055,18.360000610351562,3059,0.0,0.0,2021-09-08
227,2021-09-08 12:30:00-04:00,18.34000015258789,18.3799991607666,18.25,18.25,4857,0.0,0.0,2021-09-08
228,2021-09-08 13:30:00-04:00,18.260000228881836,18.280000686645508,18.149999618530273,18.149999618530273,5968,0.0,0.0,2021-09-08
229,2021-09-08 14:30:00-04:00,18.121000289916992,18.219999313354492,18.100000381469727,18.201000213623047,7012,0.0,0.0,2021-09-08
230,2021-09-08 15:30:00-04:00,18.190000534057617,18.229999542236328,18.149999618530273,18.209999084472656,13632,0.0,0.0,2021-09-08
231,2021-09-09 09:30:00-04:00,18.229999542236328,18.229999542236328,18.059999465942383,18.229999542236328,9432,0.0,0.0,2021-09-09
232,2021-09-09 10:30:00-04:00,18.211000442504883,18.25749969482422,18.165000915527344,18.165000915527344,13673,0.0,0.0,2021-09-09
233,2021-09-09 11:30:00-04:00,18.170000076293945,18.18000030517578,18.1200008392334,18.1299991607666,5765,0.0,0.0,2021-09-09
234,2021-09-09 12:30:00-04:00,18.15999984741211,18.18000030517578,18.09000015258789,18.100000381469727,5176,0.0,0.0,2021-09-09
235,2021-09-09 13:30:00-04:00,18.06999969482422,18.06999969482422,17.860000610351562,17.93000030517578,20846,0.0,0.0,2021-09-09
236,2021-09-09 14:30:00-04:00,17.899999618530273,17.979999542236328,17.8799991607666,17.94499969482422,21355,0.0,0.0,2021-09-09
237,2021-09-09 15:30:00-04:00,17.950000762939453,18.100000381469727,17.934999465942383,18.020000457763672,40807,0.0,0.0,2021-09-09
238,2021-09-10 09:30:00-04:00,18.1200008392334,18.229999542236328,17.979999542236328,17.979999542236328,3468,0.0,0.0,2021-09-10
239,2021-09-10 10:30:00-04:00,17.899999618530273,17.940000534057617,17.8700008392334,17.889999389648438,8685,0.0,0.0,2021-09-10
240,2021-09-10 11:30:00-04:00,17.889999389648438,17.969999313354492,17.860000610351562,17.969999313354492,10551,0.0,0.0,2021-09-10
241,2021-09-10 12:30:00-04:00,17.93000030517578,17.93000030517578,17.87339973449707,17.889999389648438,7339,0.0,0.0,2021-09-10
242,2021-09-10 13:30:00-04:00,17.889999389648438,17.889999389648438,17.809999465942383,17.809999465942383,6840,0.0,0.0,2021-09-10
243,2021-09-10 14:30:00-04:00,17.799999237060547,17.799999237060547,17.700000762939453,17.739999771118164,7623,0.0,0.0,2021-09-10
244,2021-09-10 15:30:00-04:00,17.700000762939453,17.700000762939453,17.579999923706055,17.579999923706055,14729,0.0,0.0,2021-09-10
245,2021-09-13 09:30:00-04:00,17.639999389648438,17.639999389648438,17.354999542236328,17.389999389648438,9483,0.0,0.0,2021-09-13
246,2021-09-13 10:30:00-04:00,17.375,17.4689998626709,17.375,17.440000534057617,5968,0.0,0.0,2021-09-13
247,2021-09-13 11:30:00-04:00,17.479999542236328,17.479999542236328,17.31999969482422,17.31999969482422,5938,0.0,0.0,2021-09-13
248,2021-09-13 12:30:00-04:00,17.350000381469727,17.3700008392334,17.299999237060547,17.329999923706055,5941,0.0,0.0,2021-09-13
249,2021-09-13 13:30:00-04:00,17.329999923706055,17.389999389648438,17.31999969482422,17.3700008392334,6350,0.0,0.0,2021-09-13
250,2021-09-13 14:30:00-04:00,17.350000381469727,17.440000534057617,17.350000381469727,17.440000534057617,8227,0.0,0.0,2021-09-13
251,2021-09-13 15:30:00-04:00,17.469999313354492,17.469999313354492,17.389999389648438,17.399999618530273,12453,0.0,0.0,2021-09-13
252,2021-09-14 09:30:00-04:00,17.420000076293945,17.420000076293945,17.100000381469727,17.100000381469727,0,0.0,0.0,2021-09-14
253,2021-09-14 10:30:00-04:00,17.020000457763672,17.209999084472656,17.020000457763672,17.1299991607666,8119,0.0,0.0,2021-09-14
254,2021-09-14 11:30:00-04:00,17.100500106811523,17.18000030517578,17.100500106811523,17.170000076293945,3522,0.0,0.0,2021-09-14
255,2021-09-14 12:30:00-04:00,17.155000686645508,17.18000030517578,17.100000381469727,17.18000030517578,8463,0.0,0.0,2021-09-14
256,2021-09-14 13:30:00-04:00,17.190000534057617,17.2189998626709,17.170000076293945,17.190000534057617,4285,0.0,0.0,2021-09-14
257,2021-09-14 14:30:00-04:00,17.18000030517578,17.18000030517578,17.09000015258789,17.125,14313,0.0,0.0,2021-09-14
258,2021-09-14 15:30:00-04:00,17.110000610351562,17.183399200439453,17.059999465942383,17.18000030517578,14722,0.0,0.0,2021-09-14
259,2021-09-15 09:30:00-04:00,17.209999084472656,17.350000381469727,16.850000381469727,16.920000076293945,0,0.0,0.0,2021-09-15
260,2021-09-15 10:30:00-04:00,16.93000030517578,16.979999542236328,16.8799991607666,16.90999984741211,9786,0.0,0.0,2021-09-15
261,2021-09-15 11:30:00-04:00,16.889999389648438,17.03499984741211,16.8799991607666,17.03499984741211,11307,0.0,0.0,2021-09-15
262,2021-09-15 12:30:00-04:00,17.040000915527344,17.059999465942383,17.010000228881836,17.049999237060547,3581,0.0,0.0,2021-09-15
263,2021-09-15 13:30:00-04:00,17.049999237060547,17.100000381469727,17.040000915527344,17.09000015258789,7080,0.0,0.0,2021-09-15
264,2021-09-15 14:30:00-04:00,17.079999923706055,17.18000030517578,17.079999923706055,17.1299991607666,9810,0.0,0.0,2021-09-15
265,2021-09-15 15:30:00-04:00,17.114999771118164,17.18000030517578,17.110000610351562,17.15999984741211,17058,0.0,0.0,2021-09-15
266,2021-09-16 09:30:00-04:00,17.1200008392334,17.170000076293945,16.989999771118164,17.0,7073,0.0,0.0,2021-09-16
267,2021-09-16 10:30:00-04:00,16.969999313354492,17.0,16.899999618530273,17.0,7276,0.0,0.0,2021-09-16
268,2021-09-16 11:30:00-04:00,17.020000457763672,17.030000686645508,16.969999313354492,17.024999618530273,3426,0.0,0.0,2021-09-16
269,2021-09-16 12:30:00-04:00,17.040000915527344,17.09000015258789,17.040000915527344,17.065000534057617,6160,0.0,0.0,2021-09-16
270,2021-09-16 13:30:00-04:00,17.065000534057617,17.139999389648438,17.040000915527344,17.1200008392334,5517,0.0,0.0,2021-09-16
271,2021-09-16 14:30:00-04:00,17.1299991607666,17.190000534057617,17.10569953918457,17.190000534057617,9823,0.0,0.0,2021-09-16
272,2021-09-16 15:30:00-04:00,17.170000076293945,17.204999923706055,17.1299991607666,17.170000076293945,12851,0.0,0.0,2021-09-16
273,2021-09-17 09:30:00-04:00,17.209999084472656,17.299999237060547,17.190000534057617,17.200000762939453,0,0.0,0.0,2021-09-17
274,2021-09-17 10:30:00-04:00,17.21500015258789,17.270000457763672,17.18000030517578,17.229999542236328,5218,0.0,0.0,2021-09-17
275,2021-09-17 11:30:00-04:00,17.21500015258789,17.270000457763672,17.15999984741211,17.170000076293945,13269,0.0,0.0,2021-09-17
276,2021-09-17 12:30:00-04:00,17.18000030517578,17.329999923706055,17.18000030517578,17.274999618530273,12244,0.0,0.0,2021-09-17
277,2021-09-17 13:30:00-04:00,17.260000228881836,17.260000228881836,17.170000076293945,17.170000076293945,3635,0.0,0.0,2021-09-17
278,2021-09-17 14:30:00-04:00,17.173599243164062,17.190000534057617,17.1200008392334,17.184999465942383,5496,0.0,0.0,2021-09-17
279,2021-09-17 15:30:00-04:00,17.170000076293945,17.459999084472656,17.140100479125977,17.350000381469727,44379,0.0,0.0,2021-09-17
280,2021-09-20 09:30:00-04:00,17.09000015258789,17.225000381469727,17.030000686645508,17.059999465942383,7186,0.0,0.0,2021-09-20
281,2021-09-20 10:30:00-04:00,17.049999237060547,17.25,17.049999237060547,17.1299991607666,4897,0.0,0.0,2021-09-20
282,2021-09-20 11:30:00-04:00,17.125,17.1299991607666,17.010000228881836,17.049999237060547,9035,0.0,0.0,2021-09-20
283,2021-09-20 12:30:00-04:00,17.030000686645508,17.049999237060547,16.959999084472656,16.969999313354492,5696,0.0,0.0,2021-09-20
284,2021-09-20 13:30:00-04:00,17.0,17.139999389648438,17.0,17.05500030517578,5931,0.0,0.0,2021-09-20
285,2021-09-20 14:30:00-04:00,17.049999237060547,17.079999923706055,16.979999542236328,17.030000686645508,7549,0.0,0.0,2021-09-20
286,2021-09-20 15:30:00-04:00,17.049999237060547,17.200000762939453,17.049999237060547,17.18000030517578,13306,0.0,0.0,2021-09-20
287,2021-09-21 09:30:00-04:00,17.1299991607666,17.219999313354492,16.954999923706055,17.06999969482422,6835,0.0,0.0,2021-09-21
288,2021-09-21 10:30:00-04:00,17.075000762939453,17.075000762939453,16.850000381469727,16.959999084472656,8187,0.0,0.0,2021-09-21
289,2021-09-21 11:30:00-04:00,16.9950008392334,17.026399612426758,16.961000442504883,16.961000442504883,6140,0.0,0.0,2021-09-21
290,2021-09-21 12:30:00-04:00,16.960399627685547,16.960399627685547,16.85099983215332,16.8799991607666,5688,0.0,0.0,2021-09-21
291,2021-09-21 13:30:00-04:00,16.8700008392334,16.889999389648438,16.850000381469727,16.860000610351562,4047,0.0,0.0,2021-09-21
292,2021-09-21 14:30:00-04:00,16.8799991607666,16.969999313354492,16.850000381469727,16.93000030517578,8296,0.0,0.0,2021-09-21
293,2021-09-21 15:30:00-04:00,16.93000030517578,16.940000534057617,16.809999465942383,16.809999465942383,14524,0.0,0.0,2021-09-21
294,2021-09-22 09:30:00-04:00,16.93000030517578,17.075000762939453,16.93000030517578,16.989999771118164,4288,0.0,0.0,2021-09-22
295,2021-09-22 10:30:00-04:00,16.989999771118164,17.110000610351562,16.989999771118164,17.110000610351562,5045,0.0,0.0,2021-09-22
296,2021-09-22 11:30:00-04:00,17.100000381469727,17.139999389648438,17.049999237060547,17.049999237060547,4962,0.0,0.0,2021-09-22
297,2021-09-22 12:30:00-04:00,17.065000534057617,17.065000534057617,17.040000915527344,17.049999237060547,2622,0.0,0.0,2021-09-22
298,2021-09-22 13:30:00-04:00,17.030000686645508,17.139999389648438,17.020000457763672,17.110000610351562,6036,0.0,0.0,2021-09-22
299,2021-09-22 14:30:00-04:00,17.100000381469727,17.1200008392334,17.0,17.040000915527344,9860,0.0,0.0,2021-09-22
300,2021-09-22 15:30:00-04:00,17.049999237060547,17.049999237060547,16.889999389648438,16.940000534057617,16675,0.0,0.0,2021-09-22
301,2021-09-23 09:30:00-04:00,17.049999237060547,17.329999923706055,17.049999237060547,17.139999389648438,3511,0.0,0.0,2021-09-23
302,2021-09-23 10:30:00-04:00,17.1200008392334,17.200000762939453,17.114999771118164,17.200000762939453,4989,0.0,0.0,2021-09-23
303,2021-09-23 11:30:00-04:00,17.190000534057617,17.290000915527344,17.190000534057617,17.25,7269,0.0,0.0,2021-09-23
304,2021-09-23 12:30:00-04:00,17.229999542236328,17.270000457763672,17.209999084472656,17.260000228881836,2958,0.0,0.0,2021-09-23
305,2021-09-23 13:30:00-04:00,17.290000915527344,17.3700008392334,17.25,17.329999923706055,8822,0.0,0.0,2021-09-23
306,2021-09-23 14:30:00-04:00,17.350000381469727,17.360000610351562,17.229999542236328,17.229999542236328,4759,0.0,0.0,2021-09-23
307,2021-09-23 15:30:00-04:00,17.239999771118164,17.260000228881836,17.18000030517578,17.229999542236328,10025,0.0,0.0,2021-09-23
308,2021-09-24 09:30:00-04:00,17.1200008392334,17.334999084472656,17.1200008392334,17.299999237060547,0,0.0,0.0,2021-09-24
309,2021-09-24 10:30:00-04:00,17.309999465942383,17.309999465942383,17.260000228881836,17.274999618530273,4903,0.0,0.0,2021-09-24
310,2021-09-24 11:30:00-04:00,17.235000610351562,17.3799991607666,17.235000610351562,17.3799991607666,8030,0.0,0.0,2021-09-24
311,2021-09-24 12:30:00-04:00,17.355100631713867,17.450000762939453,17.355100631713867,17.399999618530273,5522,0.0,0.0,2021-09-24
312,2021-09-24 13:30:00-04:00,17.3799991607666,17.3799991607666,17.309999465942383,17.3700008392334,4220,0.0,0.0,2021-09-24
313,2021-09-24 14:30:00-04:00,17.3799991607666,17.399999618530273,17.360000610351562,17.399999618530273,3931,0.0,0.0,2021-09-24
314,2021-09-24 15:30:00-04:00,17.399999618530273,17.43000030517578,17.290000915527344,17.329999923706055,8977,0.0,0.0,2021-09-24
315,2021-09-27 09:30:00-04:00,17.40999984741211,17.700000762939453,17.40999984741211,17.579999923706055,0,0.0,0.0,2021-09-27
316,2021-09-27 10:30:00-04:00,17.520000457763672,17.658300399780273,17.520000457763672,17.639999389648438,5190,0.0,0.0,2021-09-27
317,2021-09-27 11:30:00-04:00,17.63010025024414,17.670000076293945,17.59000015258789,17.639999389648438,12819,0.0,0.0,2021-09-27
318,2021-09-27 12:30:00-04:00,17.670000076293945,17.670000076293945,17.579999923706055,17.579999923706055,3761,0.0,0.0,2021-09-27
319,2021-09-27 13:30:00-04:00,17.594999313354492,17.6299991607666,17.549999237060547,17.6299991607666,3191,0.0,0.0,2021-09-27
320,2021-09-27 14:30:00-04:00,17.649999618530273,17.670000076293945,17.59000015258789,17.59000015258789,5367,0.0,0.0,2021-09-27
321,2021-09-27 15:30:00-04:00,17.600000381469727,17.600000381469727,17.5,17.520000457763672,6617,0.0,0.0,2021-09-27
322,2021-09-28 09:30:00-04:00,17.5,17.655000686645508,17.200000762939453,17.200000762939453,5095,0.0,0.0,2021-09-28
323,2021-09-28 10:30:00-04:00,17.209999084472656,17.270000457763672,17.190000534057617,17.239999771118164,6078,0.0,0.0,2021-09-28
324,2021-09-28 11:30:00-04:00,17.229999542236328,17.240999221801758,17.200000762939453,17.200000762939453,1984,0.0,0.0,2021-09-28
325,2021-09-28 12:30:00-04:00,17.149999618530273,17.219999313354492,17.149999618530273,17.219999313354492,2186,0.0,0.0,2021-09-28
326,2021-09-28 13:30:00-04:00,17.209999084472656,17.209999084472656,17.09000015258789,17.09000015258789,2940,0.0,0.0,2021-09-28
327,2021-09-28 14:30:00-04:00,17.079999923706055,17.190000534057617,17.079999923706055,17.100000381469727,3891,0.0,0.0,2021-09-28
328,2021-09-28 15:30:00-04:00,17.079999923706055,17.229999542236328,17.049999237060547,17.18000030517578,34479,0.0,0.0,2021-09-28
329,2021-09-29 09:30:00-04:00,17.229999542236328,17.315000534057617,17.100000381469727,17.309999465942383,3848,0.0,0.0,2021-09-29
330,2021-09-29 10:30:00-04:00,17.309999465942383,17.3700008392334,17.290000915527344,17.290000915527344,9385,0.0,0.0,2021-09-29
331,2021-09-29 11:30:00-04:00,17.280000686645508,17.290000915527344,17.235000610351562,17.25,3665,0.0,0.0,2021-09-29
332,2021-09-29 12:30:00-04:00,17.222700119018555,17.299999237060547,17.183000564575195,17.274999618530273,22689,0.0,0.0,2021-09-29
333,2021-09-29 13:30:00-04:00,17.299999237060547,17.350000381469727,17.299999237060547,17.299999237060547,3420,0.0,0.0,2021-09-29
334,2021-09-29 14:30:00-04:00,17.309999465942383,17.309999465942383,17.200000762939453,17.200000762939453,2835,0.0,0.0,2021-09-29
335,2021-09-29 15:30:00-04:00,17.18000030517578,17.209999084472656,17.135000228881836,17.190000534057617,5437,0.0,0.0,2021-09-29
336,2021-09-30 09:30:00-04:00,17.100000381469727,17.270000457763672,17.09000015258789,17.100000381469727,14680,0.0,0.0,2021-09-30
337,2021-09-30 10:30:00-04:00,17.100000381469727,17.219999313354492,17.049999237060547,17.15999984741211,16589,0.0,0.0,2021-09-30
338,2021-09-30 11:30:00-04:00,17.15999984741211,17.15999984741211,16.989999771118164,17.0,7007,0.0,0.0,2021-09-30
339,2021-09-30 12:30:00-04:00,16.979999542236328,17.1299991607666,16.979999542236328,17.100000381469727,12505,0.0,0.0,2021-09-30
340,2021-09-30 13:30:00-04:00,17.06999969482422,17.1299991607666,17.049999237060547,17.059999465942383,14364,0.0,0.0,2021-09-30
341,2021-09-30 14:30:00-04:00,17.059999465942383,17.09000015258789,17.030000686645508,17.09000015258789,4936,0.0,0.0,2021-09-30
342,2021-09-30 15:30:00-04:00,17.059999465942383,17.059999465942383,16.899999618530273,16.940000534057617,10080,0.0,0.0,2021-09-30
343,2021-10-01 09:30:00-04:00,17.010000228881836,17.09000015258789,16.75,16.829999923706055,15057,0.0,0.0,2021-10-01
344,2021-10-01 10:30:00-04:00,16.829999923706055,16.920000076293945,16.809999465942383,16.920000076293945,9121,0.0,0.0,2021-10-01
345,2021-10-01 11:30:00-04:00,16.985000610351562,17.020000457763672,16.94499969482422,17.0,10655,0.0,0.0,2021-10-01
346,2021-10-01 12:30:00-04:00,17.0049991607666,17.049999237060547,16.979999542236328,17.03499984741211,16733,0.0,0.0,2021-10-01
347,2021-10-01 13:30:00-04:00,17.020999908447266,17.110000610351562,17.020999908447266,17.049999237060547,17514,0.0,0.0,2021-10-01
348,2021-10-01 14:30:00-04:00,17.030000686645508,17.084999084472656,17.020000457763672,17.020000457763672,25064,0.0,0.0,2021-10-01
349,2021-10-01 15:30:00-04:00,17.0,17.010000228881836,16.940000534057617,16.969999313354492,13374,0.0,0.0,2021-10-01
350,2021-10-04 09:30:00-04:00,17.049999237060547,17.049999237060547,16.809999465942383,16.8700008392334,7363,0.0,0.0,2021-10-04
351,2021-10-04 10:30:00-04:00,16.799999237060547,16.93000030517578,16.75,16.93000030517578,6266,0.0,0.0,2021-10-04
352,2021-10-04 11:30:00-04:00,16.920000076293945,16.959999084472656,16.84000015258789,16.940000534057617,7566,0.0,0.0,2021-10-04
353,2021-10-04 12:30:00-04:00,16.939199447631836,16.940000534057617,16.889999389648438,16.93000030517578,4408,0.0,0.0,2021-10-04
354,2021-10-04 13:30:00-04:00,16.920000076293945,17.010000228881836,16.920000076293945,16.989999771118164,5169,0.0,0.0,2021-10-04
355,2021-10-04 14:30:00-04:00,16.959999084472656,16.989999771118164,16.950000762939453,16.969999313354492,6401,0.0,0.0,2021-10-04
356,2021-10-04 15:30:00-04:00,16.989999771118164,16.989999771118164,16.899999618530273,16.954999923706055,16483,0.0,0.0,2021-10-04
357,2021-10-05 09:30:00-04:00,16.950000762939453,17.1299991607666,16.81999969482422,16.975000381469727,2420,0.0,0.0,2021-10-05
358,2021-10-05 10:30:00-04:00,17.0,17.01930046081543,16.920000076293945,17.0,8616,0.0,0.0,2021-10-05
359,2021-10-05 11:30:00-04:00,16.989999771118164,16.989999771118164,16.90180015563965,16.989999771118164,6217,0.0,0.0,2021-10-05
360,2021-10-05 12:30:00-04:00,16.940000534057617,16.959999084472656,16.90999984741211,16.950000762939453,3410,0.0,0.0,2021-10-05
361,2021-10-05 13:30:00-04:00,16.969999313354492,16.969999313354492,16.91119956970215,16.93000030517578,5207,0.0,0.0,2021-10-05
362,2021-10-05 14:30:00-04:00,16.950000762939453,17.0,16.90999984741211,16.915000915527344,10400,0.0,0.0,2021-10-05
363,2021-10-05 15:30:00-04:00,16.920000076293945,16.920000076293945,16.809999465942383,16.809999465942383,17631,0.0,0.0,2021-10-05
364,2021-10-06 09:30:00-04:00,16.68000030517578,16.68000030517578,16.309999465942383,16.655000686645508,26635,0.0,0.0,2021-10-06
365,2021-10-06 10:30:00-04:00,16.670000076293945,16.670000076293945,16.579999923706055,16.604999542236328,11150,0.0,0.0,2021-10-06
366,2021-10-06 11:30:00-04:00,16.600000381469727,16.700000762939453,16.59000015258789,16.65999984741211,5419,0.0,0.0,2021-10-06
367,2021-10-06 12:30:00-04:00,16.649999618530273,16.670000076293945,16.610000610351562,16.645000457763672,4780,0.0,0.0,2021-10-06
368,2021-10-06 13:30:00-04:00,16.649999618530273,16.760000228881836,16.649999618530273,16.735000610351562,7521,0.0,0.0,2021-10-06
369,2021-10-06 14:30:00-04:00,16.735000610351562,16.799999237060547,16.719999313354492,16.729999542236328,14971,0.0,0.0,2021-10-06
370,2021-10-06 15:30:00-04:00,16.729999542236328,16.829999923706055,16.670000076293945,16.809999465942383,16804,0.0,0.0,2021-10-06
371,2021-10-07 09:30:00-04:00,16.940000534057617,17.0,16.93000030517578,16.969999313354492,13063,0.0,0.0,2021-10-07
372,2021-10-07 10:30:00-04:00,16.969999313354492,17.03499984741211,16.959999084472656,17.03499984741211,28791,0.0,0.0,2021-10-07
373,2021-10-07 11:30:00-04:00,17.040000915527344,17.059999465942383,17.0,17.0,6910,0.0,0.0,2021-10-07
374,2021-10-07 12:30:00-04:00,17.024999618530273,17.030000686645508,16.969999313354492,17.0,4524,0.0,0.0,2021-10-07
375,2021-10-07 13:30:00-04:00,17.010000228881836,17.010000228881836,16.93000030517578,16.93000030517578,4930,0.0,0.0,2021-10-07
376,2021-10-07 14:30:00-04:00,16.950000762939453,17.0,16.950000762939453,16.969999313354492,10078,0.0,0.0,2021-10-07
377,2021-10-07 15:30:00-04:00,16.969999313354492,16.969999313354492,16.8799991607666,16.93000030517578,12934,0.0,0.0,2021-10-07
378,2021-10-08 09:30:00-04:00,16.90999984741211,16.90999984741211,16.700000762939453,16.770000457763672,6624,0.0,0.0,2021-10-08
379,2021-10-08 10:30:00-04:00,16.790000915527344,16.899999618530273,16.790000915527344,16.875,18265,0.0,0.0,2021-10-08
380,2021-10-08 11:30:00-04:00,16.875,16.875,16.799999237060547,16.825000762939453,3585,0.0,0.0,2021-10-08
381,2021-10-08 12:30:00-04:00,16.799999237060547,16.81999969482422,16.709999084472656,16.709999084472656,6840,0.0,0.0,2021-10-08
382,2021-10-08 13:30:00-04:00,16.709999084472656,16.709999084472656,16.6299991607666,16.639999389648438,4231,0.0,0.0,2021-10-08
383,2021-10-08 14:30:00-04:00,16.645000457763672,16.649999618530273,16.600000381469727,16.600000381469727,5386,0.0,0.0,2021-10-08
384,2021-10-08 15:30:00-04:00,16.600000381469727,16.600000381469727,16.540000915527344,16.559999465942383,12087,0.0,0.0,2021-10-08
385,2021-10-11 09:30:00-04:00,16.59000015258789,16.690000534057617,16.559999465942383,16.68000030517578,7137,0.0,0.0,2021-10-11
386,2021-10-11 10:30:00-04:00,16.639999389648438,16.670000076293945,16.59000015258789,16.59000015258789,4231,0.0,0.0,2021-10-11
387,2021-10-11 11:30:00-04:00,16.639999389648438,16.68000030517578,16.579999923706055,16.59000015258789,2733,0.0,0.0,2021-10-11
388,2021-10-11 12:30:00-04:00,16.584999084472656,16.649999618530273,16.489999771118164,16.489999771118164,5974,0.0,0.0,2021-10-11
389,2021-10-11 13:30:00-04:00,16.510000228881836,16.559999465942383,16.485000610351562,16.524999618530273,4151,0.0,0.0,2021-10-11
390,2021-10-11 14:30:00-04:00,16.520000457763672,16.530000686645508,16.43000030517578,16.459999084472656,6346,0.0,0.0,2021-10-11
391,2021-10-11 15:30:00-04:00,16.43000030517578,16.5,16.399999618530273,16.40999984741211,14515,0.0,0.0,2021-10-11
392,2021-10-12 09:30:00-04:00,16.540000915527344,16.549999237060547,16.3799991607666,16.424999237060547,0,0.0,0.0,2021-10-12
393,2021-10-12 10:30:00-04:00,16.43000030517578,16.579999923706055,16.3799991607666,16.579999923706055,15865,0.0,0.0,2021-10-12
394,2021-10-12 11:30:00-04:00,16.56999969482422,16.56999969482422,16.524999618530273,16.540000915527344,6662,0.0,0.0,2021-10-12
395,2021-10-12 12:30:00-04:00,16.540000915527344,16.59000015258789,16.540000915527344,16.578100204467773,5570,0.0,0.0,2021-10-12
396,2021-10-12 13:30:00-04:00,16.59000015258789,16.60409927368164,16.559999465942383,16.584999084472656,4046,0.0,0.0,2021-10-12
397,2021-10-12 14:30:00-04:00,16.579999923706055,16.59000015258789,16.489999771118164,16.514999389648438,7451,0.0,0.0,2021-10-12
398,2021-10-12 15:30:00-04:00,16.510000228881836,16.579999923706055,16.44499969482422,16.559999465942383,20793,0.0,0.0,2021-10-12
399,2021-10-13 09:30:00-04:00,16.6299991607666,16.649999618530273,16.360000610351562,16.360000610351562,6586,0.0,0.0,2021-10-13
400,2021-10-13 10:30:00-04:00,16.385000228881836,16.510000228881836,16.360000610351562,16.510000228881836,10074,0.0,0.0,2021-10-13
401,2021-10-13 11:30:00-04:00,16.450000762939453,16.484899520874023,16.40999984741211,16.484899520874023,2950,0.0,0.0,2021-10-13
402,2021-10-13 12:30:00-04:00,16.469999313354492,16.475000381469727,16.450000762939453,16.475000381469727,3716,0.0,0.0,2021-10-13
403,2021-10-13 13:30:00-04:00,16.490999221801758,16.5,16.430599212646484,16.469999313354492,7638,0.0,0.0,2021-10-13
404,2021-10-13 14:30:00-04:00,16.420299530029297,16.450000762939453,16.399999618530273,16.440000534057617,4023,0.0,0.0,2021-10-13
405,2021-10-13 15:30:00-04:00,16.440000534057617,16.510000228881836,16.43000030517578,16.510000228881836,7252,0.0,0.0,2021-10-13
406,2021-10-14 09:30:00-04:00,16.6200008392334,16.670000076293945,16.399999618530273,16.59000015258789,0,0.0,0.0,2021-10-14
407,2021-10-14 10:30:00-04:00,16.610000610351562,16.6200008392334,16.559999465942383,16.59000015258789,7384,0.0,0.0,2021-10-14
408,2021-10-14 11:30:00-04:00,16.649999618530273,16.719999313354492,16.610000610351562,16.65999984741211,3032,0.0,0.0,2021-10-14
409,2021-10-14 12:30:00-04:00,16.68000030517578,16.729999542236328,16.649999618530273,16.649999618530273,2922,0.0,0.0,2021-10-14
410,2021-10-14 13:30:00-04:00,16.690000534057617,16.729999542236328,16.670000076293945,16.729999542236328,4495,0.0,0.0,2021-10-14
411,2021-10-14 14:30:00-04:00,16.75,16.760000228881836,16.709999084472656,16.709999084472656,5111,0.0,0.0,2021-10-14
412,2021-10-14 15:30:00-04:00,16.700000762939453,16.739999771118164,16.6299991607666,16.719999313354492,11787,0.0,0.0,2021-10-14
413,2021-10-15 09:30:00-04:00,16.459999084472656,16.899999618530273,16.290000915527344,16.34000015258789,57044,0.0,0.0,2021-10-15
414,2021-10-15 10:30:00-04:00,16.309999465942383,16.350000381469727,16.190000534057617,16.270000457763672,36107,0.0,0.0,2021-10-15
415,2021-10-15 11:30:00-04:00,16.239999771118164,16.274999618530273,16.149999618530273,16.184999465942383,21700,0.0,0.0,2021-10-15
416,2021-10-15 12:30:00-04:00,16.184999465942383,16.202499389648438,16.059999465942383,16.059999465942383,13874,0.0,0.0,2021-10-15
417,2021-10-15 13:30:00-04:00,16.06999969482422,16.079999923706055,15.880000114440918,15.989999771118164,54087,0.0,0.0,2021-10-15
418,2021-10-15 14:30:00-04:00,15.994999885559082,16.139999389648438,15.880000114440918,15.914999961853027,36958,0.0,0.0,2021-10-15
419,2021-10-15 15:30:00-04:00,15.90999984741211,15.90999984741211,15.260000228881836,15.390000343322754,262598,0.0,0.0,2021-10-15
420,2021-10-18 09:30:00-04:00,15.430000305175781,15.529999732971191,15.1899995803833,15.239999771118164,37856,0.0,0.0,2021-10-18
421,2021-10-18 10:30:00-04:00,15.249899864196777,15.569999694824219,15.15999984741211,15.5,21012,0.0,0.0,2021-10-18
422,2021-10-18 11:30:00-04:00,15.479999542236328,15.619999885559082,15.380000114440918,15.385000228881836,26231,0.0,0.0,2021-10-18
423,2021-10-18 12:30:00-04:00,15.385000228881836,15.449999809265137,15.300000190734863,15.359999656677246,26576,0.0,0.0,2021-10-18
424,2021-10-18 13:30:00-04:00,15.380000114440918,15.380000114440918,15.15999984741211,15.180000305175781,23352,0.0,0.0,2021-10-18
425,2021-10-18 14:30:00-04:00,15.180700302124023,15.210000038146973,15.079999923706055,15.199999809265137,22786,0.0,0.0,2021-10-18
426,2021-10-18 15:30:00-04:00,15.180500030517578,15.21500015258789,15.145000457763672,15.170000076293945,22402,0.0,0.0,2021-10-18
427,2021-10-19 09:30:00-04:00,15.260000228881836,15.350000381469727,15.149999618530273,15.149999618530273,8102,0.0,0.0,2021-10-19
428,2021-10-19 10:30:00-04:00,15.149999618530273,15.239999771118164,15.085000038146973,15.239999771118164,12159,0.0,0.0,2021-10-19
429,2021-10-19 11:30:00-04:00,15.229999542236328,15.260000228881836,15.210000038146973,15.210000038146973,7581,0.0,0.0,2021-10-19
430,2021-10-19 12:30:00-04:00,15.210000038146973,15.3149995803833,15.199999809265137,15.199999809265137,8805,0.0,0.0,2021-10-19
431,2021-10-19 13:30:00-04:00,15.180000305175781,15.239999771118164,15.140000343322754,15.170000076293945,11580,0.0,0.0,2021-10-19
432,2021-10-19 14:30:00-04:00,15.149999618530273,15.1899995803833,15.079999923706055,15.140000343322754,30651,0.0,0.0,2021-10-19
433,2021-10-19 15:30:00-04:00,15.119999885559082,15.140000343322754,15.09000015258789,15.119999885559082,21889,0.0,0.0,2021-10-19
434,2021-10-20 09:30:00-04:00,15.010000228881836,15.289999961853027,14.875,15.145000457763672,32472,0.0,0.0,2021-10-20
435,2021-10-20 10:30:00-04:00,15.140000343322754,15.265000343322754,15.140000343322754,15.225000381469727,7846,0.0,0.0,2021-10-20
436,2021-10-20 11:30:00-04:00,15.210000038146973,15.260000228881836,15.130000114440918,15.140000343322754,7698,0.0,0.0,2021-10-20
437,2021-10-20 12:30:00-04:00,15.140000343322754,15.180000305175781,15.130000114440918,15.170000076293945,7822,0.0,0.0,2021-10-20
438,2021-10-20 13:30:00-04:00,15.194999694824219,15.194999694824219,15.069999694824219,15.069999694824219,7235,0.0,0.0,2021-10-20
439,2021-10-20 14:30:00-04:00,15.100000381469727,15.100000381469727,15.0,15.010000228881836,12732,0.0,0.0,2021-10-20
440,2021-10-20 15:30:00-04:00,15.0,15.010000228881836,14.932600021362305,14.9399995803833,30550,0.0,0.0,2021-10-20
441,2021-10-21 09:30:00-04:00,14.960000038146973,15.041600227355957,14.899999618530273,15.039999961853027,23362,0.0,0.0,2021-10-21
442,2021-10-21 10:30:00-04:00,15.0625,15.112799644470215,14.960000038146973,14.960000038146973,10524,0.0,0.0,2021-10-21
443,2021-10-21 11:30:00-04:00,14.949999809265137,14.970000267028809,14.90999984741211,14.920000076293945,8681,0.0,0.0,2021-10-21
444,2021-10-21 12:30:00-04:00,14.899999618530273,14.970000267028809,14.859999656677246,14.954999923706055,12407,0.0,0.0,2021-10-21
445,2021-10-21 13:30:00-04:00,14.9399995803833,14.9399995803833,14.869999885559082,14.90999984741211,7908,0.0,0.0,2021-10-21
446,2021-10-21 14:30:00-04:00,14.890000343322754,15.03499984741211,14.859999656677246,14.920000076293945,13881,0.0,0.0,2021-10-21
447,2021-10-21 15:30:00-04:00,14.9399995803833,14.949999809265137,14.880000114440918,14.890000343322754,18474,0.0,0.0,2021-10-21
448,2021-10-22 09:30:00-04:00,14.880000114440918,14.930000305175781,14.75,14.869999885559082,8973,0.0,0.0,2021-10-22
449,2021-10-22 10:30:00-04:00,14.890000343322754,15.029999732971191,14.869999885559082,14.895000457763672,14257,0.0,0.0,2021-10-22
450,2021-10-22 11:30:00-04:00,14.899999618530273,14.970000267028809,14.890000343322754,14.968000411987305,12332,0.0,0.0,2021-10-22
451,2021-10-22 12:30:00-04:00,14.970000267028809,15.009900093078613,14.930000305175781,14.960000038146973,12424,0.0,0.0,2021-10-22
452,2021-10-22 13:30:00-04:00,14.9399995803833,14.9399995803833,14.899999618530273,14.904999732971191,5542,0.0,0.0,2021-10-22
453,2021-10-22 14:30:00-04:00,14.9399995803833,14.9399995803833,14.84000015258789,14.84000015258789,6811,0.0,0.0,2021-10-22
454,2021-10-22 15:30:00-04:00,14.824999809265137,14.869999885559082,14.779999732971191,14.800000190734863,16762,0.0,0.0,2021-10-22
455,2021-10-25 09:30:00-04:00,14.800000190734863,14.869999885559082,14.649999618530273,14.84060001373291,15373,0.0,0.0,2021-10-25
456,2021-10-25 10:30:00-04:00,14.8149995803833,14.950699806213379,14.8149995803833,14.850000381469727,13132,0.0,0.0,2021-10-25
457,2021-10-25 11:30:00-04:00,14.850000381469727,14.920000076293945,14.850000381469727,14.920000076293945,8422,0.0,0.0,2021-10-25
458,2021-10-25 12:30:00-04:00,14.93239974975586,14.93239974975586,14.84000015258789,14.90999984741211,8459,0.0,0.0,2021-10-25
459,2021-10-25 13:30:00-04:00,14.904999732971191,14.930000305175781,14.880000114440918,14.890000343322754,4281,0.0,0.0,2021-10-25
460,2021-10-25 14:30:00-04:00,14.890000343322754,14.890000343322754,14.819999694824219,14.84000015258789,8688,0.0,0.0,2021-10-25
461,2021-10-25 15:30:00-04:00,14.819999694824219,14.880000114440918,14.819999694824219,14.880000114440918,11128,0.0,0.0,2021-10-25
462,2021-10-26 09:30:00-04:00,15.010000228881836,15.010000228881836,14.90999984741211,14.954999923706055,18170,0.0,0.0,2021-10-26
463,2021-10-26 10:30:00-04:00,14.9399995803833,14.960000038146973,14.90999984741211,14.9399995803833,6886,0.0,0.0,2021-10-26
464,2021-10-26 11:30:00-04:00,14.9399995803833,14.960000038146973,14.819999694824219,14.819999694824219,10254,0.0,0.0,2021-10-26
465,2021-10-26 12:30:00-04:00,14.8100004196167,14.859999656677246,14.770000457763672,14.770000457763672,5826,0.0,0.0,2021-10-26
466,2021-10-26 13:30:00-04:00,14.760000228881836,14.829999923706055,14.739999771118164,14.8100004196167,9975,0.0,0.0,2021-10-26
467,2021-10-26 14:30:00-04:00,14.800000190734863,14.8100004196167,14.729999542236328,14.779999732971191,10769,0.0,0.0,2021-10-26
468,2021-10-26 15:30:00-04:00,14.760000228881836,14.760000228881836,14.699999809265137,14.75,9952,0.0,0.0,2021-10-26
469,2021-10-27 09:30:00-04:00,14.699999809265137,14.699999809265137,14.528800010681152,14.569999694824219,0,0.0,0.0,2021-10-27
470,2021-10-27 10:30:00-04:00,14.569999694824219,14.720000267028809,14.569999694824219,14.680000305175781,10566,0.0,0.0,2021-10-27
471,2021-10-27 11:30:00-04:00,14.680000305175781,14.710000038146973,14.649999618530273,14.680000305175781,8541,0.0,0.0,2021-10-27
472,2021-10-27 12:30:00-04:00,14.6899995803833,14.729399681091309,14.630000114440918,14.710000038146973,5372,0.0,0.0,2021-10-27
473,2021-10-27 13:30:00-04:00,14.710000038146973,14.710000038146973,14.65999984741211,14.670000076293945,5782,0.0,0.0,2021-10-27
474,2021-10-27 14:30:00-04:00,14.675000190734863,14.6899995803833,14.579999923706055,14.625,8552,0.0,0.0,2021-10-27
475,2021-10-27 15:30:00-04:00,14.630000114440918,14.630000114440918,14.529999732971191,14.529999732971191,16867,0.0,0.0,2021-10-27
476,2021-10-28 09:30:00-04:00,14.579999923706055,14.710000038146973,14.529999732971191,14.704999923706055,0,0.0,0.0,2021-10-28
477,2021-10-28 10:30:00-04:00,14.720000267028809,14.720000267028809,14.569999694824219,14.579999923706055,10354,0.0,0.0,2021-10-28
478,2021-10-28 11:30:00-04:00,14.579999923706055,14.789999961853027,14.579999923706055,14.789999961853027,19771,0.0,0.0,2021-10-28
479,2021-10-28 12:30:00-04:00,14.75,14.789999961853027,14.699999809265137,14.789999961853027,4772,0.0,0.0,2021-10-28
480,2021-10-28 13:30:00-04:00,14.800000190734863,14.890000343322754,14.750200271606445,14.869999885559082,11406,0.0,0.0,2021-10-28
481,2021-10-28 14:30:00-04:00,14.890000343322754,14.890000343322754,14.824999809265137,14.824999809265137,9137,0.0,0.0,2021-10-28
482,2021-10-28 15:30:00-04:00,14.819999694824219,14.850000381469727,14.770000457763672,14.779999732971191,19482,0.0,0.0,2021-10-28
483,2021-10-29 09:30:00-04:00,14.770000457763672,14.850000381469727,14.609999656677246,14.770000457763672,6934,0.0,0.0,2021-10-29
484,2021-10-29 10:30:00-04:00,14.6899995803833,14.779999732971191,14.6899995803833,14.6899995803833,11745,0.0,0.0,2021-10-29
485,2021-10-29 11:30:00-04:00,14.720000267028809,14.729999542236328,14.649999618530273,14.649999618530273,5596,0.0,0.0,2021-10-29
486,2021-10-29 12:30:00-04:00,14.649999618530273,14.699999809265137,14.600000381469727,14.600000381469727,10256,0.0,0.0,2021-10-29
487,2021-10-29 13:30:00-04:00,14.625,14.682499885559082,14.59000015258789,14.59000015258789,10717,0.0,0.0,2021-10-29
488,2021-10-29 14:30:00-04:00,14.600000381469727,14.649999618530273,14.600000381469727,14.635000228881836,12751,0.0,0.0,2021-10-29
489,2021-10-29 15:30:00-04:00,14.649999618530273,14.720000267028809,14.640000343322754,14.670000076293945,22276,0.0,0.0,2021-10-29
490,2021-11-01 09:30:00-04:00,14.710000038146973,14.949999809265137,14.699999809265137,14.90999984741211,19640,0.0,0.0,2021-11-01
491,2021-11-01 10:30:00-04:00,14.90999984741211,15.074999809265137,14.890000343322754,15.039999961853027,28873,0.0,0.0,2021-11-01
492,2021-11-01 11:30:00-04:00,15.039999961853027,15.039999961853027,14.989999771118164,14.989999771118164,7669,0.0,0.0,2021-11-01
493,2021-11-01 12:30:00-04:00,14.989999771118164,15.045000076293945,14.979999542236328,15.03499984741211,11668,0.0,0.0,2021-11-01
494,2021-11-01 13:30:00-04:00,15.039999961853027,15.079999923706055,14.989999771118164,15.039999961853027,9065,0.0,0.0,2021-11-01
495,2021-11-01 14:30:00-04:00,15.055000305175781,15.055000305175781,14.970000267028809,15.020000457763672,13776,0.0,0.0,2021-11-01
496,2021-11-01 15:30:00-04:00,15.024999618530273,15.050000190734863,14.970000267028809,14.979999542236328,24553,0.0,0.0,2021-11-01
497,2021-11-02 09:30:00-04:00,15.010000228881836,15.010000228881836,14.595000267028809,14.670000076293945,15244,0.0,0.0,2021-11-02
498,2021-11-02 10:30:00-04:00,14.644200325012207,14.694999694824219,14.609999656677246,14.649999618530273,8833,0.0,0.0,2021-11-02
499,2021-11-02 11:30:00-04:00,14.630000114440918,14.680000305175781,14.600000381469727,14.630000114440918,5308,0.0,0.0,2021-11-02
500,2021-11-02 12:30:00-04:00,14.630000114440918,14.630000114440918,14.550000190734863,14.569999694824219,18980,0.0,0.0,2021-11-02
501,2021-11-02 13:30:00-04:00,14.569999694824219,14.710000038146973,14.569999694824219,14.6899995803833,9849,0.0,0.0,2021-11-02
502,2021-11-02 14:30:00-04:00,14.694999694824219,14.720000267028809,14.670000076293945,14.670000076293945,9391,0.0,0.0,2021-11-02
503,2021-11-02 15:30:00-04:00,14.649999618530273,14.6899995803833,14.619999885559082,14.640000343322754,16746,0.0,0.0,2021-11-02
504,2021-11-03 09:30:00-04:00,14.630000114440918,14.960000038146973,14.630000114440918,14.899999618530273,29456,0.0,0.0,2021-11-03
505,2021-11-03 10:30:00-04:00,14.920000076293945,15.015000343322754,14.869999885559082,14.96500015258789,19452,0.0,0.0,2021-11-03
506,2021-11-03 11:30:00-04:00,14.989999771118164,15.005000114440918,14.9399995803833,14.975000381469727,46061,0.0,0.0,2021-11-03
507,2021-11-03 12:30:00-04:00,14.970000267028809,14.970000267028809,14.829999923706055,14.850000381469727,7833,0.0,0.0,2021-11-03
508,2021-11-03 13:30:00-04:00,14.853899955749512,14.989999771118164,14.84000015258789,14.96500015258789,10033,0.0,0.0,2021-11-03
509,2021-11-03 14:30:00-04:00,15.0,15.020000457763672,14.899999618530273,14.949999809265137,18471,0.0,0.0,2021-11-03
510,2021-11-03 15:30:00-04:00,14.960000038146973,14.970000267028809,14.869999885559082,14.90999984741211,12613,0.0,0.0,2021-11-03
511,2021-11-04 09:30:00-04:00,15.010000228881836,15.0600004196167,14.9399995803833,14.9399995803833,20952,0.0,0.0,2021-11-04
512,2021-11-04 10:30:00-04:00,14.970000267028809,15.009400367736816,14.850000381469727,14.859999656677246,18397,0.0,0.0,2021-11-04
513,2021-11-04 11:30:00-04:00,14.84000015258789,14.920000076293945,14.810199737548828,14.869999885559082,8472,0.0,0.0,2021-11-04
514,2021-11-04 12:30:00-04:00,14.890000343322754,14.930000305175781,14.859999656677246,14.890000343322754,11905,0.0,0.0,2021-11-04
515,2021-11-04 13:30:00-04:00,14.899999618530273,15.09000015258789,14.899999618530273,15.0,59281,0.0,0.0,2021-11-04
516,2021-11-04 14:30:00-04:00,15.015000343322754,15.069999694824219,15.0,15.03499984741211,32145,0.0,0.0,2021-11-04
517,2021-11-04 15:30:00-04:00,15.029999732971191,15.039999961853027,14.98009967803955,15.010000228881836,52769,0.0,0.0,2021-11-04
518,2021-11-05 09:30:00-04:00,15.279999732971191,15.34000015258789,15.029999732971191,15.104999542236328,83644,0.0,0.0,2021-11-05
519,2021-11-05 10:30:00-04:00,15.130000114440918,15.300000190734863,15.100000381469727,15.220000267028809,69779,0.0,0.0,2021-11-05
520,2021-11-05 11:30:00-04:00,15.1899995803833,15.279999732971191,15.149999618530273,15.170000076293945,18935,0.0,0.0,2021-11-05
521,2021-11-05 12:30:00-04:00,15.21500015258789,15.350000381469727,15.199999809265137,15.210000038146973,29507,0.0,0.0,2021-11-05
522,2021-11-05 13:30:00-04:00,15.25,15.329999923706055,15.199999809265137,15.300000190734863,22194,0.0,0.0,2021-11-05
523,2021-11-05 14:30:00-04:00,15.289999961853027,15.600000381469727,15.270000457763672,15.5,55341,0.0,0.0,2021-11-05
524,2021-11-05 15:30:00-04:00,15.460000038146973,15.619999885559082,15.430000305175781,15.489999771118164,47945,0.0,0.0,2021-11-05
525,2021-11-08 09:30:00-05:00,15.489999771118164,15.640000343322754,15.460000038146973,15.479999542236328,26217,0.0,0.0,2021-11-08
526,2021-11-08 10:30:00-05:00,15.449999809265137,15.539999961853027,15.390000343322754,15.40999984741211,13811,0.0,0.0,2021-11-08
527,2021-11-08 11:30:00-05:00,15.40999984741211,15.40999984741211,15.289999961853027,15.34000015258789,9489,0.0,0.0,2021-11-08
528,2021-11-08 12:30:00-05:00,15.350000381469727,15.420000076293945,15.34000015258789,15.40999984741211,12328,0.0,0.0,2021-11-08
529,2021-11-08 13:30:00-05:00,15.430000305175781,15.430000305175781,15.319999694824219,15.359999656677246,10949,0.0,0.0,2021-11-08
530,2021-11-08 14:30:00-05:00,15.359999656677246,15.380000114440918,15.26039981842041,15.289999961853027,12942,0.0,0.0,2021-11-08
531,2021-11-08 15:30:00-05:00,15.274999618530273,15.289999961853027,15.220000267028809,15.260000228881836,19477,0.0,0.0,2021-11-08
532,2021-11-09 09:30:00-05:00,15.210000038146973,15.305000305175781,15.079999923706055,15.149999618530273,15827,0.0,0.0,2021-11-09
533,2021-11-09 10:30:00-05:00,15.109999656677246,15.220000267028809,15.100000381469727,15.109999656677246,13747,0.0,0.0,2021-11-09
534,2021-11-09 11:30:00-05:00,15.125,15.220000267028809,15.109999656677246,15.140000343322754,6818,0.0,0.0,2021-11-09
535,2021-11-09 12:30:00-05:00,15.140000343322754,15.270000457763672,15.119999885559082,15.227100372314453,12758,0.0,0.0,2021-11-09
536,2021-11-09 13:30:00-05:00,15.229999542236328,15.229999542236328,15.119999885559082,15.145000457763672,14619,0.0,0.0,2021-11-09
537,2021-11-09 14:30:00-05:00,15.130000114440918,15.180000305175781,15.119999885559082,15.15999984741211,12718,0.0,0.0,2021-11-09
538,2021-11-09 15:30:00-05:00,15.15999984741211,15.210000038146973,15.140000343322754,15.199999809265137,15443,0.0,0.0,2021-11-09
539,2021-11-10 09:30:00-05:00,15.140000343322754,15.28499984741211,15.119999885559082,15.210000038146973,15461,0.0,0.0,2021-11-10
540,2021-11-10 10:30:00-05:00,15.130000114440918,15.15999984741211,15.0649995803833,15.114999771118164,9935,0.0,0.0,2021-11-10
541,2021-11-10 11:30:00-05:00,15.130000114440918,15.149999618530273,15.130000114440918,15.140000343322754,5339,0.0,0.0,2021-11-10
542,2021-11-10 12:30:00-05:00,15.119999885559082,15.119999885559082,15.050000190734863,15.069999694824219,6922,0.0,0.0,2021-11-10
543,2021-11-10 13:30:00-05:00,15.079999923706055,15.079999923706055,14.994000434875488,14.994000434875488,15591,0.0,0.0,2021-11-10
544,2021-11-10 14:30:00-05:00,15.020000457763672,15.069999694824219,15.0,15.050000190734863,19084,0.0,0.0,2021-11-10
545,2021-11-10 15:30:00-05:00,15.039999961853027,15.079999923706055,15.029999732971191,15.079999923706055,16876,0.0,0.0,2021-11-10
546,2021-11-11 09:30:00-05:00,15.100000381469727,15.109999656677246,14.925000190734863,15.039999961853027,4786,0.0,0.0,2021-11-11
547,2021-11-11 10:30:00-05:00,15.039999961853027,15.079999923706055,14.970000267028809,14.970000267028809,18167,0.0,0.0,2021-11-11
548,2021-11-11 11:30:00-05:00,14.960000038146973,14.979999542236328,14.930000305175781,14.979999542236328,7353,0.0,0.0,2021-11-11
549,2021-11-11 12:30:00-05:00,15.0,15.0,14.859999656677246,14.869999885559082,12045,0.0,0.0,2021-11-11
550,2021-11-11 13:30:00-05:00,14.879899978637695,14.920000076293945,14.869999885559082,14.90999984741211,5398,0.0,0.0,2021-11-11
551,2021-11-11 14:30:00-05:00,14.920000076293945,14.949999809265137,14.911700248718262,14.949999809265137,4963,0.0,0.0,2021-11-11
552,2021-11-11 15:30:00-05:00,14.9399995803833,14.949999809265137,14.90999984741211,14.920000076293945,12599,0.0,0.0,2021-11-11
553,2021-11-12 09:30:00-05:00,14.880000114440918,14.930000305175781,14.760000228881836,14.789999961853027,38122,0.0,0.0,2021-11-12
554,2021-11-12 10:30:00-05:00,14.800000190734863,14.800000190734863,14.749799728393555,14.760000228881836,14617,0.0,0.0,2021-11-12
555,2021-11-12 11:30:00-05:00,14.760000228881836,14.770000457763672,14.6899995803833,14.770000457763672,15252,0.0,0.0,2021-11-12
556,2021-11-12 12:30:00-05:00,14.770000457763672,14.770000457763672,14.700200080871582,14.700200080871582,7989,0.0,0.0,2021-11-12
557,2021-11-12 13:30:00-05:00,14.729999542236328,14.9399995803833,14.71500015258789,14.880000114440918,82673,0.0,0.0,2021-11-12
558,2021-11-12 14:30:00-05:00,14.890000343322754,14.920000076293945,14.819999694824219,14.84000015258789,13983,0.0,0.0,2021-11-12
559,2021-11-12 15:30:00-05:00,14.84000015258789,14.859999656677246,14.779999732971191,14.800000190734863,30729,0.0,0.0,2021-11-12
560,2021-11-15 09:30:00-05:00,14.869999885559082,14.869999885559082,14.670000076293945,14.720000267028809,11273,0.0,0.0,2021-11-15
561,2021-11-15 10:30:00-05:00,14.739899635314941,14.75,14.670000076293945,14.71500015258789,41585,0.0,0.0,2021-11-15
562,2021-11-15 11:30:00-05:00,14.720000267028809,14.729999542236328,14.6899995803833,14.729999542236328,7766,0.0,0.0,2021-11-15
563,2021-11-15 12:30:00-05:00,14.75,14.871700286865234,14.739999771118164,14.8100004196167,9650,0.0,0.0,2021-11-15
564,2021-11-15 13:30:00-05:00,14.800000190734863,14.8149995803833,14.779999732971191,14.8100004196167,7227,0.0,0.0,2021-11-15
565,2021-11-15 14:30:00-05:00,14.800000190734863,14.805000305175781,14.760000228881836,14.770000457763672,8017,0.0,0.0,2021-11-15
566,2021-11-15 15:30:00-05:00,14.760000228881836,14.789999961853027,14.710000038146973,14.779999732971191,17802,0.0,0.0,2021-11-15
567,2021-11-16 09:30:00-05:00,14.75,14.770000457763672,14.640000343322754,14.670000076293945,0,0.0,0.0,2021-11-16
568,2021-11-16 10:30:00-05:00,14.670000076293945,14.84000015258789,14.649999618530273,14.84000015258789,17495,0.0,0.0,2021-11-16
569,2021-11-16 11:30:00-05:00,14.84000015258789,14.850000381469727,14.609999656677246,14.694999694824219,68468,0.0,0.0,2021-11-16
570,2021-11-16 12:30:00-05:00,14.710000038146973,14.75,14.680000305175781,14.694999694824219,20033,0.0,0.0,2021-11-16
571,2021-11-16 13:30:00-05:00,14.694999694824219,14.710000038146973,14.65999984741211,14.682499885559082,11142,0.0,0.0,2021-11-16
572,2021-11-16 14:30:00-05:00,14.6899995803833,14.720000267028809,14.641799926757812,14.65999984741211,18889,0.0,0.0,2021-11-16
573,2021-11-16 15:30:00-05:00,14.670000076293945,14.760000228881836,14.670000076293945,14.729999542236328,38004,0.0,0.0,2021-11-16
574,2021-11-17 09:30:00-05:00,14.699999809265137,14.75,14.630000114440918,14.630000114440918,7723,0.0,0.0,2021-11-17
575,2021-11-17 10:30:00-05:00,14.649999618530273,14.699999809265137,14.59000015258789,14.59000015258789,10592,0.0,0.0,2021-11-17
576,2021-11-17 11:30:00-05:00,14.600000381469727,14.640000343322754,14.569999694824219,14.630000114440918,16206,0.0,0.0,2021-11-17
577,2021-11-17 12:30:00-05:00,14.619999885559082,14.649999618530273,14.609999656677246,14.649999618530273,10311,0.0,0.0,2021-11-17
578,2021-11-17 13:30:00-05:00,14.6274995803833,14.640000343322754,14.600000381469727,14.604999542236328,11029,0.0,0.0,2021-11-17
579,2021-11-17 14:30:00-05:00,14.579999923706055,14.614999771118164,14.529999732971191,14.600000381469727,18862,0.0,0.0,2021-11-17
580,2021-11-17 15:30:00-05:00,14.600000381469727,14.600000381469727,14.550000190734863,14.579999923706055,17133,0.0,0.0,2021-11-17
581,2021-11-18 09:30:00-05:00,14.5600004196167,14.630000114440918,14.350000381469727,14.454999923706055,51983,0.0,0.0,2021-11-18
582,2021-11-18 10:30:00-05:00,14.489999771118164,14.489999771118164,14.420000076293945,14.449999809265137,16341,0.0,0.0,2021-11-18
583,2021-11-18 11:30:00-05:00,14.449999809265137,14.510000228881836,14.4399995803833,14.48799991607666,8777,0.0,0.0,2021-11-18
584,2021-11-18 12:30:00-05:00,14.491000175476074,14.520000457763672,14.460000038146973,14.5,21706,0.0,0.0,2021-11-18
585,2021-11-18 13:30:00-05:00,14.489999771118164,14.529999732971191,14.489999771118164,14.529999732971191,23763,0.0,0.0,2021-11-18
586,2021-11-18 14:30:00-05:00,14.539999961853027,14.569999694824219,14.454999923706055,14.454999923706055,19565,0.0,0.0,2021-11-18
587,2021-11-18 15:30:00-05:00,14.420000076293945,14.550000190734863,14.399999618530273,14.539999961853027,22719,0.0,0.0,2021-11-18
588,2021-11-19 09:30:00-05:00,14.40999984741211,14.5625,14.329999923706055,14.390000343322754,29715,0.0,0.0,2021-11-19
589,2021-11-19 10:30:00-05:00,14.395000457763672,14.420000076293945,14.350000381469727,14.420000076293945,8654,0.0,0.0,2021-11-19
590,2021-11-19 11:30:00-05:00,14.40999984741211,14.40999984741211,14.359999656677246,14.40999984741211,14985,0.0,0.0,2021-11-19
591,2021-11-19 12:30:00-05:00,14.40999984741211,14.40999984741211,14.359999656677246,14.399999618530273,19936,0.0,0.0,2021-11-19
592,2021-11-19 13:30:00-05:00,14.399999618530273,14.420000076293945,14.380000114440918,14.380000114440918,10462,0.0,0.0,2021-11-19
593,2021-11-19 14:30:00-05:00,14.369999885559082,14.430000305175781,14.369999885559082,14.399999618530273,13992,0.0,0.0,2021-11-19
594,2021-11-19 15:30:00-05:00,14.399999618530273,14.430000305175781,14.350000381469727,14.430000305175781,31090,0.0,0.0,2021-11-19
595,2021-11-22 09:30:00-05:00,14.420000076293945,14.579999923706055,14.279999732971191,14.510000228881836,22486,0.0,0.0,2021-11-22
596,2021-11-22 10:30:00-05:00,14.5,14.550000190734863,14.270000457763672,14.289999961853027,15696,0.0,0.0,2021-11-22
597,2021-11-22 11:30:00-05:00,14.289999961853027,14.300000190734863,14.229999542236328,14.300000190734863,24510,0.0,0.0,2021-11-22
598,2021-11-22 12:30:00-05:00,14.279999732971191,14.3100004196167,14.229999542236328,14.229999542236328,35950,0.0,0.0,2021-11-22
599,2021-11-22 13:30:00-05:00,14.239999771118164,14.270000457763672,14.210000038146973,14.210000038146973,16008,0.0,0.0,2021-11-22
600,2021-11-22 14:30:00-05:00,14.199999809265137,14.28499984741211,14.199999809265137,14.210000038146973,14971,0.0,0.0,2021-11-22
601,2021-11-22 15:30:00-05:00,14.199999809265137,14.300000190734863,14.1899995803833,14.239999771118164,41778,0.0,0.0,2021-11-22
602,2021-11-23 09:30:00-05:00,14.170000076293945,14.289999961853027,14.149999618530273,14.170000076293945,20983,0.0,0.0,2021-11-23
603,2021-11-23 10:30:00-05:00,14.180000305175781,14.203800201416016,14.079999923706055,14.140000343322754,20056,0.0,0.0,2021-11-23
604,2021-11-23 11:30:00-05:00,14.140000343322754,14.15999984741211,14.079999923706055,14.100000381469727,19815,0.0,0.0,2021-11-23
605,2021-11-23 12:30:00-05:00,14.109999656677246,14.109999656677246,13.949999809265137,13.989999771118164,38974,0.0,0.0,2021-11-23
606,2021-11-23 13:30:00-05:00,13.989999771118164,14.050000190734863,13.880000114440918,14.024999618530273,19159,0.0,0.0,2021-11-23
607,2021-11-23 14:30:00-05:00,14.024999618530273,14.100000381469727,13.994999885559082,14.050000190734863,16875,0.0,0.0,2021-11-23
608,2021-11-23 15:30:00-05:00,14.047499656677246,14.140000343322754,14.047499656677246,14.140000343322754,23487,0.0,0.0,2021-11-23
609,2021-11-24 09:30:00-05:00,13.989999771118164,14.100000381469727,13.899999618530273,14.050000190734863,36662,0.0,0.0,2021-11-24
610,2021-11-24 10:30:00-05:00,14.069999694824219,14.09000015258789,13.970000267028809,14.0600004196167,10737,0.0,0.0,2021-11-24
611,2021-11-24 11:30:00-05:00,14.039999961853027,14.055000305175781,13.960000038146973,14.0,7296,0.0,0.0,2021-11-24
612,2021-11-24 12:30:00-05:00,14.0,14.010000228881836,13.970000267028809,13.994999885559082,16122,0.0,0.0,2021-11-24
613,2021-11-24 13:30:00-05:00,13.9975004196167,13.9975004196167,13.920000076293945,13.920000076293945,19720,0.0,0.0,2021-11-24
614,2021-11-24 14:30:00-05:00,13.914999961853027,13.949999809265137,13.880000114440918,13.947500228881836,11719,0.0,0.0,2021-11-24
615,2021-11-24 15:30:00-05:00,13.9399995803833,13.960000038146973,13.859999656677246,13.90999984741211,28375,0.0,0.0,2021-11-24
616,2021-11-26 09:30:00-05:00,13.630000114440918,13.630000114440918,13.119999885559082,13.220000267028809,0,0.0,0.0,2021-11-26
617,2021-11-26 10:30:00-05:00,13.170000076293945,13.25,13.010000228881836,13.010000228881836,36553,0.0,0.0,2021-11-26
618,2021-11-26 11:30:00-05:00,13.01360034942627,13.399999618530273,13.010000228881836,13.399999618530273,35581,0.0,0.0,2021-11-26
619,2021-11-29 09:30:00-05:00,13.520000457763672,13.539999961853027,13.0600004196167,13.079999923706055,23461,0.0,0.0,2021-11-29
620,2021-11-29 10:30:00-05:00,13.074999809265137,13.074999809265137,12.899999618530273,12.899999618530273,19303,0.0,0.0,2021-11-29
621,2021-11-29 11:30:00-05:00,12.90999984741211,13.109999656677246,12.869999885559082,13.109999656677246,21246,0.0,0.0,2021-11-29
622,2021-11-29 12:30:00-05:00,13.109999656677246,13.149999618530273,13.050000190734863,13.0649995803833,16933,0.0,0.0,2021-11-29
623,2021-11-29 13:30:00-05:00,13.0649995803833,13.079999923706055,12.970000267028809,13.010000228881836,32909,0.0,0.0,2021-11-29
624,2021-11-29 14:30:00-05:00,13.005000114440918,13.140000343322754,13.005000114440918,13.020000457763672,39164,0.0,0.0,2021-11-29
625,2021-11-29 15:30:00-05:00,13.029999732971191,13.0600004196167,12.960000038146973,13.010000228881836,51543,0.0,0.0,2021-11-29
626,2021-11-30 09:30:00-05:00,12.90999984741211,12.943099975585938,12.765000343322754,12.789999961853027,17744,0.0,0.0,2021-11-30
627,2021-11-30 10:30:00-05:00,12.770000457763672,12.819999694824219,12.65999984741211,12.710000038146973,23789,0.0,0.0,2021-11-30
628,2021-11-30 11:30:00-05:00,12.680000305175781,12.680000305175781,12.510000228881836,12.600000381469727,43655,0.0,0.0,2021-11-30
629,2021-11-30 12:30:00-05:00,12.619999885559082,12.65999984741211,12.550000190734863,12.5600004196167,15415,0.0,0.0,2021-11-30
630,2021-11-30 13:30:00-05:00,12.579999923706055,12.619999885559082,12.549400329589844,12.555000305175781,13748,0.0,0.0,2021-11-30
631,2021-11-30 14:30:00-05:00,12.5600004196167,12.6899995803833,12.470000267028809,12.640000343322754,32941,0.0,0.0,2021-11-30
632,2021-11-30 15:30:00-05:00,12.649999618530273,12.710000038146973,12.619999885559082,12.619999885559082,27839,0.0,0.0,2021-11-30
633,2021-12-01 09:30:00-05:00,12.90999984741211,13.0,12.845000267028809,12.984999656677246,22373,0.0,0.0,2021-12-01
634,2021-12-01 10:30:00-05:00,13.0,13.010000228881836,12.9399995803833,12.960000038146973,16142,0.0,0.0,2021-12-01
635,2021-12-01 11:30:00-05:00,12.960000038146973,12.970000267028809,12.739999771118164,12.760000228881836,17600,0.0,0.0,2021-12-01
636,2021-12-01 12:30:00-05:00,12.760000228881836,12.779999732971191,12.619999885559082,12.670000076293945,17617,0.0,0.0,2021-12-01
637,2021-12-01 13:30:00-05:00,12.649999618530273,12.649999618530273,12.449999809265137,12.479999542236328,25696,0.0,0.0,2021-12-01
638,2021-12-01 14:30:00-05:00,12.479999542236328,12.479999542236328,12.1899995803833,12.225000381469727,29863,0.0,0.0,2021-12-01
639,2021-12-01 15:30:00-05:00,12.199999809265137,12.239999771118164,12.140000343322754,12.1899995803833,37903,0.0,0.0,2021-12-01
640,2021-12-02 09:30:00-05:00,12.15999984741211,12.569999694824219,12.0600004196167,12.489999771118164,25681,0.0,0.0,2021-12-02
641,2021-12-02 10:30:00-05:00,12.430000305175781,12.520000457763672,12.3100004196167,12.510000228881836,12295,0.0,0.0,2021-12-02
642,2021-12-02 11:30:00-05:00,12.529999732971191,12.680000305175781,12.510000228881836,12.65999984741211,39961,0.0,0.0,2021-12-02
643,2021-12-02 12:30:00-05:00,12.664999961853027,12.729999542236328,12.609999656677246,12.635000228881836,20755,0.0,0.0,2021-12-02
644,2021-12-02 13:30:00-05:00,12.630000114440918,12.760000228881836,12.630000114440918,12.75,20661,0.0,0.0,2021-12-02
645,2021-12-02 14:30:00-05:00,12.729999542236328,12.739999771118164,12.6899995803833,12.699999809265137,18754,0.0,0.0,2021-12-02
646,2021-12-02 15:30:00-05:00,12.710000038146973,12.729999542236328,12.680000305175781,12.720000267028809,27429,0.0,0.0,2021-12-02
647,2021-12-03 09:30:00-05:00,12.720000267028809,12.75,12.510000228881836,12.736000061035156,27971,0.0,0.0,2021-12-03
648,2021-12-03 10:30:00-05:00,12.760000228881836,12.779999732971191,12.680000305175781,12.753199577331543,18967,0.0,0.0,2021-12-03
649,2021-12-03 11:30:00-05:00,12.729999542236328,12.819999694824219,12.630000114440918,12.630000114440918,11027,0.0,0.0,2021-12-03
650,2021-12-03 12:30:00-05:00,12.619999885559082,12.779999732971191,12.59000015258789,12.720000267028809,22375,0.0,0.0,2021-12-03
651,2021-12-03 13:30:00-05:00,12.670000076293945,12.704999923706055,12.609999656677246,12.649999618530273,15221,0.0,0.0,2021-12-03
652,2021-12-03 14:30:00-05:00,12.649999618530273,12.694999694824219,12.579999923706055,12.680000305175781,16701,0.0,0.0,2021-12-03
653,2021-12-03 15:30:00-05:00,12.680000305175781,12.739999771118164,12.630000114440918,12.680000305175781,30540,0.0,0.0,2021-12-03
654,2021-12-06 09:30:00-05:00,12.850000381469727,13.539999961853027,12.820500373840332,13.539999961853027,164783,0.0,0.0,2021-12-06
655,2021-12-06 10:30:00-05:00,13.5600004196167,13.680000305175781,13.47189998626709,13.550000190734863,25695,0.0,0.0,2021-12-06
656,2021-12-06 11:30:00-05:00,13.550000190734863,13.600000381469727,13.489999771118164,13.579999923706055,13911,0.0,0.0,2021-12-06
657,2021-12-06 12:30:00-05:00,13.560099601745605,13.569999694824219,13.479999542236328,13.5,11784,0.0,0.0,2021-12-06
658,2021-12-06 13:30:00-05:00,13.520000457763672,13.672800064086914,13.510000228881836,13.672800064086914,19028,0.0,0.0,2021-12-06
659,2021-12-06 14:30:00-05:00,13.670000076293945,13.670000076293945,13.550000190734863,13.550000190734863,23062,0.0,0.0,2021-12-06
660,2021-12-06 15:30:00-05:00,13.550000190734863,13.59000015258789,13.454999923706055,13.520000457763672,36619,0.0,0.0,2021-12-06
661,2021-12-07 09:30:00-05:00,13.600000381469727,13.90999984741211,13.600000381469727,13.8100004196167,34331,0.0,0.0,2021-12-07
662,2021-12-07 10:30:00-05:00,13.837400436401367,13.850000381469727,13.699999809265137,13.71500015258789,18178,0.0,0.0,2021-12-07
663,2021-12-07 11:30:00-05:00,13.720000267028809,13.760000228881836,13.550000190734863,13.675000190734863,32843,0.0,0.0,2021-12-07
664,2021-12-07 12:30:00-05:00,13.649999618530273,13.694999694824219,13.569999694824219,13.694999694824219,29496,0.0,0.0,2021-12-07
665,2021-12-07 13:30:00-05:00,13.694999694824219,13.829999923706055,13.694999694824219,13.779999732971191,13009,0.0,0.0,2021-12-07
666,2021-12-07 14:30:00-05:00,13.760000228881836,13.789999961853027,13.720000267028809,13.734999656677246,14156,0.0,0.0,2021-12-07
667,2021-12-07 15:30:00-05:00,13.734999656677246,13.75,13.579999923706055,13.640000343322754,30505,0.0,0.0,2021-12-07
668,2021-12-08 09:30:00-05:00,13.649999618530273,13.930000305175781,13.569999694824219,13.779999732971191,17939,0.0,0.0,2021-12-08
669,2021-12-08 10:30:00-05:00,13.770000457763672,13.78499984741211,13.65999984741211,13.760000228881836,35444,0.0,0.0,2021-12-08
670,2021-12-08 11:30:00-05:00,13.795000076293945,13.8100004196167,13.739999771118164,13.760000228881836,10622,0.0,0.0,2021-12-08
671,2021-12-08 12:30:00-05:00,13.800000190734863,13.8100004196167,13.75,13.779999732971191,6552,0.0,0.0,2021-12-08
672,2021-12-08 13:30:00-05:00,13.760000228881836,13.760000228881836,13.680000305175781,13.720000267028809,5882,0.0,0.0,2021-12-08
673,2021-12-08 14:30:00-05:00,13.75,13.750300407409668,13.720000267028809,13.744999885559082,8987,0.0,0.0,2021-12-08
674,2021-12-08 15:30:00-05:00,13.739999771118164,13.75,13.694999694824219,13.699999809265137,15961,0.0,0.0,2021-12-08
675,2021-12-09 09:30:00-05:00,13.510000228881836,13.65999984741211,13.489999771118164,13.524999618530273,9847,0.0,0.0,2021-12-09
676,2021-12-09 10:30:00-05:00,13.510000228881836,13.559900283813477,13.470000267028809,13.494999885559082,7067,0.0,0.0,2021-12-09
677,2021-12-09 11:30:00-05:00,13.470000267028809,13.520000457763672,13.460000038146973,13.520000457763672,14361,0.0,0.0,2021-12-09
678,2021-12-09 12:30:00-05:00,13.529999732971191,13.59000015258789,13.529999732971191,13.5600004196167,12172,0.0,0.0,2021-12-09
679,2021-12-09 13:30:00-05:00,13.5600004196167,13.569999694824219,13.510000228881836,13.520000457763672,9546,0.0,0.0,2021-12-09
680,2021-12-09 14:30:00-05:00,13.520000457763672,13.520000457763672,13.430000305175781,13.460000038146973,12799,0.0,0.0,2021-12-09
681,2021-12-09 15:30:00-05:00,13.454999923706055,13.470000267028809,13.395000457763672,13.40999984741211,22948,0.0,0.0,2021-12-09
682,2021-12-10 09:30:00-05:00,13.5,13.59000015258789,13.260000228881836,13.319999694824219,44255,0.0,0.0,2021-12-10
683,2021-12-10 10:30:00-05:00,13.300000190734863,13.300000190734863,13.149999618530273,13.204999923706055,8129,0.0,0.0,2021-12-10
684,2021-12-10 11:30:00-05:00,13.220000267028809,13.220000267028809,13.180000305175781,13.180000305175781,8324,0.0,0.0,2021-12-10
685,2021-12-10 12:30:00-05:00,13.170000076293945,13.218099594116211,13.149999618530273,13.190299987792969,8184,0.0,0.0,2021-12-10
686,2021-12-10 13:30:00-05:00,13.199999809265137,13.204999923706055,13.140000343322754,13.199999809265137,8767,0.0,0.0,2021-12-10
687,2021-12-10 14:30:00-05:00,13.180000305175781,13.199999809265137,13.109999656677246,13.149999618530273,32521,0.0,0.0,2021-12-10
688,2021-12-10 15:30:00-05:00,13.15999984741211,13.170000076293945,13.114999771118164,13.15999984741211,32680,0.0,0.0,2021-12-10
689,2021-12-13 09:30:00-05:00,13.170000076293945,13.210000038146973,13.050000190734863,13.050000190734863,17052,0.0,0.0,2021-12-13
690,2021-12-13 10:30:00-05:00,13.050000190734863,13.069999694824219,12.899999618530273,12.90999984741211,15934,0.0,0.0,2021-12-13
691,2021-12-13 11:30:00-05:00,12.899999618530273,13.109999656677246,12.899999618530273,13.109999656677246,19811,0.0,0.0,2021-12-13
692,2021-12-13 12:30:00-05:00,13.125,13.125,12.989999771118164,13.039999961853027,7428,0.0,0.0,2021-12-13
693,2021-12-13 13:30:00-05:00,13.069999694824219,13.199999809265137,13.0600004196167,13.199999809265137,36237,0.0,0.0,2021-12-13
694,2021-12-13 14:30:00-05:00,13.194999694824219,13.329999923706055,13.188799858093262,13.270000457763672,16126,0.0,0.0,2021-12-13
695,2021-12-13 15:30:00-05:00,13.279999732971191,13.3100004196167,13.199999809265137,13.220000267028809,28423,0.0,0.0,2021-12-13
696,2021-12-14 09:30:00-05:00,13.15999984741211,13.3100004196167,13.050000190734863,13.3100004196167,21825,0.0,0.0,2021-12-14
697,2021-12-14 10:30:00-05:00,13.300000190734863,13.40999984741211,13.270000457763672,13.34000015258789,17913,0.0,0.0,2021-12-14
698,2021-12-14 11:30:00-05:00,13.319999694824219,13.399999618530273,13.300000190734863,13.399999618530273,13186,0.0,0.0,2021-12-14
699,2021-12-14 12:30:00-05:00,13.40999984741211,13.420000076293945,13.319999694824219,13.380000114440918,10079,0.0,0.0,2021-12-14
700,2021-12-14 13:30:00-05:00,13.400899887084961,13.430000305175781,13.359999656677246,13.40999984741211,13729,0.0,0.0,2021-12-14
701,2021-12-14 14:30:00-05:00,13.395000457763672,13.4399995803833,13.375,13.430000305175781,13647,0.0,0.0,2021-12-14
702,2021-12-14 15:30:00-05:00,13.430000305175781,13.4399995803833,13.350000381469727,13.420000076293945,41004,0.0,0.0,2021-12-14
703,2021-12-15 09:30:00-05:00,13.369999885559082,13.369999885559082,13.237500190734863,13.25,4579,0.0,0.0,2021-12-15
704,2021-12-15 10:30:00-05:00,13.260000228881836,13.420000076293945,13.214900016784668,13.420000076293945,11473,0.0,0.0,2021-12-15
705,2021-12-15 11:30:00-05:00,13.414999961853027,13.520000457763672,13.345000267028809,13.520000457763672,18059,0.0,0.0,2021-12-15
706,2021-12-15 12:30:00-05:00,13.534099578857422,13.59000015258789,13.510299682617188,13.515000343322754,6436,0.0,0.0,2021-12-15
707,2021-12-15 13:30:00-05:00,13.515000343322754,13.670000076293945,13.449999809265137,13.539999961853027,12825,0.0,0.0,2021-12-15
708,2021-12-15 14:30:00-05:00,13.5600004196167,13.630000114440918,13.460000038146973,13.614999771118164,23834,0.0,0.0,2021-12-15
709,2021-12-15 15:30:00-05:00,13.630000114440918,13.850000381469727,13.569999694824219,13.609999656677246,88848,0.0,0.0,2021-12-15
710,2021-12-16 09:30:00-05:00,13.75,13.970000267028809,13.649999618530273,13.869999885559082,34950,0.0,0.0,2021-12-16
711,2021-12-16 10:30:00-05:00,13.84000015258789,13.880000114440918,13.75,13.834699630737305,19296,0.0,0.0,2021-12-16
712,2021-12-16 11:30:00-05:00,13.819999694824219,13.819999694824219,13.65999984741211,13.65999984741211,18875,0.0,0.0,2021-12-16
713,2021-12-16 12:30:00-05:00,13.640000343322754,13.640000343322754,13.550000190734863,13.579999923706055,17694,0.0,0.0,2021-12-16
714,2021-12-16 13:30:00-05:00,13.5600004196167,13.670000076293945,13.5,13.520000457763672,19671,0.0,0.0,2021-12-16
715,2021-12-16 14:30:00-05:00,13.510000228881836,13.720000267028809,13.5,13.720000267028809,30565,0.0,0.0,2021-12-16
716,2021-12-16 15:30:00-05:00,13.725000381469727,13.8100004196167,13.65999984741211,13.75,78978,0.0,0.0,2021-12-16
717,2021-12-17 09:30:00-05:00,13.800000190734863,13.859999656677246,13.65999984741211,13.8149995803833,39974,0.0,0.0,2021-12-17
718,2021-12-17 10:30:00-05:00,13.829999923706055,14.15999984741211,13.829999923706055,14.109000205993652,13447,0.0,0.0,2021-12-17
719,2021-12-17 11:30:00-05:00,14.0600004196167,14.109999656677246,14.029999732971191,14.039999961853027,10921,0.0,0.0,2021-12-17
720,2021-12-17 12:30:00-05:00,14.039999961853027,14.079999923706055,14.020000457763672,14.039999961853027,9290,0.0,0.0,2021-12-17
721,2021-12-17 13:30:00-05:00,14.052000045776367,14.079999923706055,13.979999542236328,13.979999542236328,8003,0.0,0.0,2021-12-17
722,2021-12-17 14:30:00-05:00,13.979999542236328,14.15999984741211,13.970000267028809,14.100000381469727,59590,0.0,0.0,2021-12-17
723,2021-12-17 15:30:00-05:00,14.09000015258789,14.25,13.9399995803833,14.170000076293945,95758,0.0,0.0,2021-12-17
724,2021-12-20 09:30:00-05:00,13.970000267028809,13.970000267028809,13.699999809265137,13.859999656677246,31739,0.0,0.0,2021-12-20
725,2021-12-20 10:30:00-05:00,13.84000015258789,13.90999984741211,13.779999732971191,13.840299606323242,20962,0.0,0.0,2021-12-20
726,2021-12-20 11:30:00-05:00,13.850000381469727,13.90999984741211,13.819999694824219,13.845000267028809,16564,0.0,0.0,2021-12-20
727,2021-12-20 12:30:00-05:00,13.845000267028809,13.899999618530273,13.760000228881836,13.890000343322754,42425,0.0,0.0,2021-12-20
728,2021-12-20 13:30:00-05:00,13.890000343322754,14.029999732971191,13.885000228881836,14.005000114440918,17017,0.0,0.0,2021-12-20
729,2021-12-20 14:30:00-05:00,14.020000457763672,14.210000038146973,14.0,14.199999809265137,29949,0.0,0.0,2021-12-20
730,2021-12-20 15:30:00-05:00,14.180000305175781,14.180000305175781,14.069999694824219,14.109999656677246,39422,0.0,0.0,2021-12-20
731,2021-12-21 09:30:00-05:00,14.279999732971191,14.5,14.279999732971191,14.479999542236328,14662,0.0,0.0,2021-12-21
732,2021-12-21 10:30:00-05:00,14.5,14.645000457763672,14.460000038146973,14.645000457763672,17481,0.0,0.0,2021-12-21
733,2021-12-21 11:30:00-05:00,14.609999656677246,14.619999885559082,14.579999923706055,14.579999923706055,4417,0.0,0.0,2021-12-21
734,2021-12-21 12:30:00-05:00,14.59000015258789,14.59000015258789,14.520000457763672,14.545000076293945,9831,0.0,0.0,2021-12-21
735,2021-12-21 13:30:00-05:00,14.520000457763672,14.539999961853027,14.432900428771973,14.432900428771973,7181,0.0,0.0,2021-12-21
736,2021-12-21 14:30:00-05:00,14.420000076293945,14.454999923706055,14.380000114440918,14.390000343322754,13404,0.0,0.0,2021-12-21
737,2021-12-21 15:30:00-05:00,14.420999526977539,14.420999526977539,14.239999771118164,14.359999656677246,54567,0.0,0.0,2021-12-21
738,2021-12-22 09:30:00-05:00,14.369999885559082,14.4399995803833,14.25,14.4399995803833,14307,0.0,0.0,2021-12-22
739,2021-12-22 10:30:00-05:00,14.42490005493164,14.489999771118164,14.410200119018555,14.460000038146973,4406,0.0,0.0,2021-12-22
740,2021-12-22 11:30:00-05:00,14.479999542236328,14.479999542236328,14.40999984741211,14.40999984741211,15730,0.0,0.0,2021-12-22
741,2021-12-22 12:30:00-05:00,14.390000343322754,14.4399995803833,14.390000343322754,14.420000076293945,6537,0.0,0.0,2021-12-22
742,2021-12-22 13:30:00-05:00,14.399999618530273,14.399999618530273,14.319999694824219,14.319999694824219,8542,0.0,0.0,2021-12-22
743,2021-12-22 14:30:00-05:00,14.319999694824219,14.390000343322754,14.319999694824219,14.359999656677246,16624,0.0,0.0,2021-12-22
744,2021-12-22 15:30:00-05:00,14.359999656677246,14.40999984741211,14.34000015258789,14.40999984741211,17124,0.0,0.0,2021-12-22
745,2021-12-23 09:30:00-05:00,14.40999984741211,14.529999732971191,14.319999694824219,14.34000015258789,16594,0.0,0.0,2021-12-23
746,2021-12-23 10:30:00-05:00,14.319999694824219,14.520000457763672,14.319999694824219,14.395000457763672,8715,0.0,0.0,2021-12-23
747,2021-12-23 11:30:00-05:00,14.390000343322754,14.550000190734863,14.359999656677246,14.527600288391113,15324,0.0,0.0,2021-12-23
748,2021-12-23 12:30:00-05:00,14.550000190734863,14.569999694824219,14.524999618530273,14.569999694824219,5989,0.0,0.0,2021-12-23
749,2021-12-23 13:30:00-05:00,14.5649995803833,14.579999923706055,14.529999732971191,14.539999961853027,8625,0.0,0.0,2021-12-23
750,2021-12-23 14:30:00-05:00,14.539999961853027,14.555000305175781,14.489999771118164,14.507699966430664,11943,0.0,0.0,2021-12-23
751,2021-12-23 15:30:00-05:00,14.529999732971191,14.529999732971191,14.479999542236328,14.489999771118164,13047,0.0,0.0,2021-12-23
752,2021-12-27 09:30:00-05:00,14.479999542236328,14.510000228881836,14.350000381469727,14.489999771118164,0,0.0,0.0,2021-12-27
753,2021-12-27 10:30:00-05:00,14.494999885559082,14.510000228881836,14.420000076293945,14.4399995803833,7321,0.0,0.0,2021-12-27
754,2021-12-27 11:30:00-05:00,14.420000076293945,14.420000076293945,14.270000457763672,14.270000457763672,8723,0.0,0.0,2021-12-27
755,2021-12-27 12:30:00-05:00,14.300000190734863,14.300000190734863,14.180000305175781,14.180000305175781,12636,0.0,0.0,2021-12-27
756,2021-12-27 13:30:00-05:00,14.180000305175781,14.218199729919434,14.119999885559082,14.154999732971191,10677,0.0,0.0,2021-12-27
757,2021-12-27 14:30:00-05:00,14.170000076293945,14.199999809265137,14.130000114440918,14.140000343322754,11000,0.0,0.0,2021-12-27
758,2021-12-27 15:30:00-05:00,14.130000114440918,14.130000114440918,14.050000190734863,14.109999656677246,28328,0.0,0.0,2021-12-27
759,2021-12-28 09:30:00-05:00,14.069999694824219,14.300000190734863,14.069999694824219,14.194199562072754,31922,0.0,0.0,2021-12-28
760,2021-12-28 10:30:00-05:00,14.21500015258789,14.270000457763672,14.079999923706055,14.109999656677246,19784,0.0,0.0,2021-12-28
761,2021-12-28 11:30:00-05:00,14.109999656677246,14.25,14.069999694824219,14.242500305175781,27139,0.0,0.0,2021-12-28
762,2021-12-28 12:30:00-05:00,14.21500015258789,14.21500015258789,14.130000114440918,14.130000114440918,4894,0.0,0.0,2021-12-28
763,2021-12-28 13:30:00-05:00,14.149999618530273,14.175000190734863,14.069999694824219,14.119999885559082,11519,0.0,0.0,2021-12-28
764,2021-12-28 14:30:00-05:00,14.125,14.130000114440918,14.079999923706055,14.079999923706055,11120,0.0,0.0,2021-12-28
765,2021-12-28 15:30:00-05:00,14.109999656677246,14.140000343322754,14.010000228881836,14.050000190734863,25327,0.0,0.0,2021-12-28
766,2021-12-29 09:30:00-05:00,13.960000038146973,14.0,13.904999732971191,13.925000190734863,0,0.0,0.0,2021-12-29
767,2021-12-29 10:30:00-05:00,13.949999809265137,14.010000228881836,13.9399995803833,13.979999542236328,3692,0.0,0.0,2021-12-29
768,2021-12-29 11:30:00-05:00,13.949999809265137,13.989100456237793,13.943699836730957,13.950300216674805,3330,0.0,0.0,2021-12-29
769,2021-12-29 12:30:00-05:00,13.954999923706055,14.0,13.940099716186523,13.989999771118164,6309,0.0,0.0,2021-12-29
770,2021-12-29 13:30:00-05:00,13.996500015258789,14.100000381469727,13.996500015258789,14.039999961853027,6487,0.0,0.0,2021-12-29
771,2021-12-29 14:30:00-05:00,14.029999732971191,14.029999732971191,13.960000038146973,13.970000267028809,7184,0.0,0.0,2021-12-29
772,2021-12-29 15:30:00-05:00,13.96500015258789,14.029999732971191,13.96500015258789,14.029999732971191,15436,0.0,0.0,2021-12-29
773,2021-12-30 09:30:00-05:00,14.029999732971191,14.3100004196167,14.029999732971191,14.220000267028809,0,0.0,0.0,2021-12-30
774,2021-12-30 10:30:00-05:00,14.234999656677246,14.260000228881836,14.199999809265137,14.229999542236328,6517,0.0,0.0,2021-12-30
775,2021-12-30 11:30:00-05:00,14.234999656677246,14.234999656677246,14.109999656677246,14.109999656677246,8575,0.0,0.0,2021-12-30
776,2021-12-30 12:30:00-05:00,14.109999656677246,14.220000267028809,14.109999656677246,14.170000076293945,14311,0.0,0.0,2021-12-30
777,2021-12-30 13:30:00-05:00,14.170000076293945,14.199999809265137,14.130000114440918,14.199999809265137,13016,0.0,0.0,2021-12-30
778,2021-12-30 14:30:00-05:00,14.210399627685547,14.229999542236328,14.149999618530273,14.149999618530273,15791,0.0,0.0,2021-12-30
779,2021-12-30 15:30:00-05:00,14.170000076293945,14.210000038146973,14.079999923706055,14.109999656677246,22915,0.0,0.0,2021-12-30
780,2021-12-31 09:30:00-05:00,14.109999656677246,14.199999809265137,13.989999771118164,14.140000343322754,0,0.0,0.0,2021-12-31
781,2021-12-31 10:30:00-05:00,14.170000076293945,14.210000038146973,14.130000114440918,14.180000305175781,6959,0.0,0.0,2021-12-31
782,2021-12-31 11:30:00-05:00,14.180000305175781,14.199999809265137,14.149999618530273,14.164999961853027,3122,0.0,0.0,2021-12-31
783,2021-12-31 12:30:00-05:00,14.1899995803833,14.239999771118164,14.180000305175781,14.220000267028809,11994,0.0,0.0,2021-12-31
784,2021-12-31 13:30:00-05:00,14.229999542236328,14.260000228881836,14.220000267028809,14.239999771118164,6055,0.0,0.0,2021-12-31
785,2021-12-31 14:30:00-05:00,14.25,14.274999618530273,14.220000267028809,14.255000114440918,8712,0.0,0.0,2021-12-31
786,2021-12-31 15:30:00-05:00,14.239999771118164,14.261799812316895,14.1899995803833,14.210000038146973,21574,0.0,0.0,2021-12-31
787,2022-01-03 09:30:00-05:00,14.199999809265137,14.579999923706055,14.199999809265137,14.489999771118164,17403,0.0,0.0,2022-01-03
788,2022-01-03 10:30:00-05:00,14.5,14.5,14.350000381469727,14.399999618530273,8225,0.0,0.0,2022-01-03
789,2022-01-03 11:30:00-05:00,14.329999923706055,14.4399995803833,14.329999923706055,14.350000381469727,8678,0.0,0.0,2022-01-03
790,2022-01-03 12:30:00-05:00,14.350000381469727,14.489999771118164,14.350000381469727,14.479999542236328,11171,0.0,0.0,2022-01-03
791,2022-01-03 13:30:00-05:00,14.470000267028809,14.479999542236328,14.399999618530273,14.40999984741211,12071,0.0,0.0,2022-01-03
792,2022-01-03 14:30:00-05:00,14.40999984741211,14.460000038146973,14.40999984741211,14.430000305175781,11292,0.0,0.0,2022-01-03
793,2022-01-03 15:30:00-05:00,14.449999809265137,14.5,14.430000305175781,14.489999771118164,42643,0.0,0.0,2022-01-03
794,2022-01-04 09:30:00-05:00,14.59000015258789,14.789999961853027,14.59000015258789,14.710000038146973,12925,0.0,0.0,2022-01-04
795,2022-01-04 10:30:00-05:00,14.720000267028809,14.75,14.609999656677246,14.609999656677246,7713,0.0,0.0,2022-01-04
796,2022-01-04 11:30:00-05:00,14.579999923706055,14.670000076293945,14.550000190734863,14.600899696350098,13901,0.0,0.0,2022-01-04
797,2022-01-04 12:30:00-05:00,14.630000114440918,14.630000114440918,14.5600004196167,14.579999923706055,4291,0.0,0.0,2022-01-04
798,2022-01-04 13:30:00-05:00,14.5600004196167,14.585000038146973,14.510000228881836,14.539999961853027,6001,0.0,0.0,2022-01-04
799,2022-01-04 14:30:00-05:00,14.529999732971191,14.529999732971191,14.489999771118164,14.510000228881836,8138,0.0,0.0,2022-01-04
800,2022-01-04 15:30:00-05:00,14.510000228881836,14.5600004196167,14.489999771118164,14.510000228881836,20980,0.0,0.0,2022-01-04
801,2022-01-05 09:30:00-05:00,14.5600004196167,14.760000228881836,14.350000381469727,14.466099739074707,121326,0.0,0.0,2022-01-05
802,2022-01-05 10:30:00-05:00,14.449999809265137,14.479999542236328,14.260000228881836,14.479999542236328,26560,0.0,0.0,2022-01-05
803,2022-01-05 11:30:00-05:00,14.489999771118164,14.609999656677246,14.479999542236328,14.550000190734863,7300,0.0,0.0,2022-01-05
804,2022-01-05 12:30:00-05:00,14.5600004196167,14.5600004196167,14.46500015258789,14.470000267028809,8195,0.0,0.0,2022-01-05
805,2022-01-05 13:30:00-05:00,14.489999771118164,14.529999732971191,14.329999923706055,14.399999618530273,18267,0.0,0.0,2022-01-05
806,2022-01-05 14:30:00-05:00,14.359999656677246,14.359999656677246,14.154999732971191,14.1899995803833,20747,0.0,0.0,2022-01-05
807,2022-01-05 15:30:00-05:00,14.197699546813965,14.220000267028809,14.119999885559082,14.140000343322754,70503,0.0,0.0,2022-01-05
808,2022-01-06 09:30:00-05:00,14.25,14.369999885559082,13.760000228881836,13.880000114440918,43254,0.0,0.0,2022-01-06
809,2022-01-06 10:30:00-05:00,13.84000015258789,14.0,13.800000190734863,13.960000038146973,17436,0.0,0.0,2022-01-06
810,2022-01-06 11:30:00-05:00,13.920000076293945,14.069999694824219,13.904999732971191,14.010000228881836,22813,0.0,0.0,2022-01-06
811,2022-01-06 12:30:00-05:00,14.010600090026855,14.0600004196167,13.899999618530273,13.949999809265137,18847,0.0,0.0,2022-01-06
812,2022-01-06 13:30:00-05:00,13.930000305175781,13.960000038146973,13.880000114440918,13.90999984741211,10202,0.0,0.0,2022-01-06
813,2022-01-06 14:30:00-05:00,13.899999618530273,13.960000038146973,13.899999618530273,13.9399995803833,15652,0.0,0.0,2022-01-06
814,2022-01-06 15:30:00-05:00,13.949999809265137,13.960000038146973,13.880000114440918,13.920000076293945,40252,0.0,0.0,2022-01-06
815,2022-01-07 09:30:00-05:00,13.90999984741211,14.039999961853027,13.819999694824219,13.989999771118164,41351,0.0,0.0,2022-01-07
816,2022-01-07 10:30:00-05:00,13.960000038146973,14.039999961853027,13.903800010681152,13.979999542236328,9518,0.0,0.0,2022-01-07
817,2022-01-07 11:30:00-05:00,14.020000457763672,14.140000343322754,14.020000457763672,14.069999694824219,18628,0.0,0.0,2022-01-07
818,2022-01-07 12:30:00-05:00,14.079999923706055,14.109999656677246,14.050000190734863,14.069999694824219,15090,0.0,0.0,2022-01-07
819,2022-01-07 13:30:00-05:00,14.0600004196167,14.069999694824219,14.010000228881836,14.045000076293945,17381,0.0,0.0,2022-01-07
820,2022-01-07 14:30:00-05:00,14.029999732971191,14.029999732971191,13.890000343322754,13.890000343322754,59267,0.0,0.0,2022-01-07
821,2022-01-07 15:30:00-05:00,13.890000343322754,13.920000076293945,13.800000190734863,13.800000190734863,45579,0.0,0.0,2022-01-07
822,2022-01-10 09:30:00-05:00,14.029999732971191,14.0600004196167,13.739999771118164,13.979999542236328,87528,0.0,0.0,2022-01-10
823,2022-01-10 10:30:00-05:00,14.0,14.204999923706055,13.90999984741211,14.15999984741211,19427,0.0,0.0,2022-01-10
824,2022-01-10 11:30:00-05:00,14.199999809265137,14.220000267028809,14.130000114440918,14.15999984741211,11322,0.0,0.0,2022-01-10
825,2022-01-10 12:30:00-05:00,14.109999656677246,14.180000305175781,14.0649995803833,14.164999961853027,19647,0.0,0.0,2022-01-10
826,2022-01-10 13:30:00-05:00,14.149999618530273,14.180000305175781,14.109999656677246,14.109999656677246,24201,0.0,0.0,2022-01-10
827,2022-01-10 14:30:00-05:00,14.109999656677246,14.199999809265137,14.109999656677246,14.149999618530273,49120,0.0,0.0,2022-01-10
828,2022-01-10 15:30:00-05:00,14.164999961853027,14.300000190734863,14.149999618530273,14.25,63748,0.0,0.0,2022-01-10
829,2022-01-11 09:30:00-05:00,14.319999694824219,14.460000038146973,14.0,14.050000190734863,36805,0.0,0.0,2022-01-11
830,2022-01-11 10:30:00-05:00,14.03499984741211,14.140000343322754,13.90999984741211,14.061800003051758,103305,0.0,0.0,2022-01-11
831,2022-01-11 11:30:00-05:00,14.079999923706055,14.09469985961914,13.819999694824219,13.890000343322754,35363,0.0,0.0,2022-01-11
832,2022-01-11 12:30:00-05:00,13.890000343322754,13.989999771118164,13.890000343322754,13.9399995803833,25710,0.0,0.0,2022-01-11
833,2022-01-11 13:30:00-05:00,13.925000190734863,14.0600004196167,13.899999618530273,14.0600004196167,37579,0.0,0.0,2022-01-11
834,2022-01-11 14:30:00-05:00,14.050000190734863,14.100000381469727,14.020000457763672,14.039999961853027,39019,0.0,0.0,2022-01-11
835,2022-01-11 15:30:00-05:00,14.050000190734863,14.050000190734863,13.869999885559082,13.90999984741211,116247,0.0,0.0,2022-01-11
836,2022-01-12 09:30:00-05:00,14.0,14.239999771118164,13.6899995803833,13.722700119018555,15391,0.0,0.0,2022-01-12
837,2022-01-12 10:30:00-05:00,13.680000305175781,13.84000015258789,13.670000076293945,13.699999809265137,17558,0.0,0.0,2022-01-12
838,2022-01-12 11:30:00-05:00,13.729999542236328,13.819999694824219,13.640000343322754,13.819999694824219,32596,0.0,0.0,2022-01-12
839,2022-01-12 12:30:00-05:00,13.819999694824219,13.890000343322754,13.816699981689453,13.84000015258789,7777,0.0,0.0,2022-01-12
840,2022-01-12 13:30:00-05:00,13.819999694824219,13.829999923706055,13.744999885559082,13.779999732971191,21545,0.0,0.0,2022-01-12
841,2022-01-12 14:30:00-05:00,13.760000228881836,13.84000015258789,13.725000381469727,13.75,87488,0.0,0.0,2022-01-12
842,2022-01-12 15:30:00-05:00,13.743800163269043,13.800000190734863,13.680000305175781,13.6899995803833,63337,0.0,0.0,2022-01-12
843,2022-01-13 09:30:00-05:00,13.6899995803833,14.00730037689209,13.6899995803833,13.960000038146973,30503,0.0,0.0,2022-01-13
844,2022-01-13 10:30:00-05:00,13.949999809265137,14.09000015258789,13.829999923706055,14.014100074768066,30628,0.0,0.0,2022-01-13
845,2022-01-13 11:30:00-05:00,14.037599563598633,14.09000015258789,13.920000076293945,13.949999809265137,31795,0.0,0.0,2022-01-13
846,2022-01-13 12:30:00-05:00,13.949999809265137,14.0600004196167,13.949999809265137,14.039999961853027,22899,0.0,0.0,2022-01-13
847,2022-01-13 13:30:00-05:00,14.029999732971191,14.149999618530273,14.029999732971191,14.119999885559082,14230,0.0,0.0,2022-01-13
848,2022-01-13 14:30:00-05:00,14.125,14.170000076293945,14.069999694824219,14.09000015258789,18035,0.0,0.0,2022-01-13
849,2022-01-13 15:30:00-05:00,14.100000381469727,14.119999885559082,13.970000267028809,14.029999732971191,31684,0.0,0.0,2022-01-13
850,2022-01-14 09:30:00-05:00,13.949999809265137,14.039999961853027,13.90999984741211,13.949999809265137,7246,0.0,0.0,2022-01-14
851,2022-01-14 10:30:00-05:00,13.90999984741211,13.964400291442871,13.78439998626709,13.800000190734863,7751,0.0,0.0,2022-01-14
852,2022-01-14 11:30:00-05:00,13.789999961853027,13.805500030517578,13.710000038146973,13.710000038146973,6611,0.0,0.0,2022-01-14
853,2022-01-14 12:30:00-05:00,13.7076997756958,13.770000457763672,13.610099792480469,13.720000267028809,76094,0.0,0.0,2022-01-14
854,2022-01-14 13:30:00-05:00,13.6899995803833,13.800000190734863,13.680000305175781,13.800000190734863,49877,0.0,0.0,2022-01-14
855,2022-01-14 14:30:00-05:00,13.850000381469727,13.920000076293945,13.84000015258789,13.84000015258789,8860,0.0,0.0,2022-01-14
856,2022-01-14 15:30:00-05:00,13.84000015258789,13.90999984741211,13.829999923706055,13.859999656677246,42262,0.0,0.0,2022-01-14
857,2022-01-18 09:30:00-05:00,13.829999923706055,13.829999923706055,13.59000015258789,13.59000015258789,56124,0.0,0.0,2022-01-18
858,2022-01-18 10:30:00-05:00,13.59000015258789,13.626500129699707,13.380000114440918,13.399999618530273,35663,0.0,0.0,2022-01-18
859,2022-01-18 11:30:00-05:00,13.350000381469727,13.40999984741211,13.289999961853027,13.290200233459473,12337,0.0,0.0,2022-01-18
860,2022-01-18 12:30:00-05:00,13.279999732971191,13.345000267028809,13.25,13.329999923706055,11727,0.0,0.0,2022-01-18
861,2022-01-18 13:30:00-05:00,13.319999694824219,13.382699966430664,13.3149995803833,13.345000267028809,8975,0.0,0.0,2022-01-18
862,2022-01-18 14:30:00-05:00,13.34000015258789,13.420000076293945,13.300000190734863,13.319999694824219,20830,0.0,0.0,2022-01-18
863,2022-01-18 15:30:00-05:00,13.3100004196167,13.321700096130371,13.25,13.263500213623047,39652,0.0,0.0,2022-01-18
864,2022-01-19 09:30:00-05:00,13.329999923706055,13.329999923706055,13.020000457763672,13.050000190734863,23736,0.0,0.0,2022-01-19
865,2022-01-19 10:30:00-05:00,13.039999961853027,13.169899940490723,13.039999961853027,13.119999885559082,11877,0.0,0.0,2022-01-19
866,2022-01-19 11:30:00-05:00,13.140000343322754,13.3100004196167,13.09000015258789,13.279999732971191,27125,0.0,0.0,2022-01-19
867,2022-01-19 12:30:00-05:00,13.270000457763672,13.270000457763672,13.119999885559082,13.119999885559082,7425,0.0,0.0,2022-01-19
868,2022-01-19 13:30:00-05:00,13.109999656677246,13.199999809265137,13.104399681091309,13.130000114440918,24677,0.0,0.0,2022-01-19
869,2022-01-19 14:30:00-05:00,13.109999656677246,13.25,13.109999656677246,13.220000267028809,27007,0.0,0.0,2022-01-19
870,2022-01-19 15:30:00-05:00,13.180000305175781,13.279999732971191,13.180000305175781,13.239999771118164,26935,0.0,0.0,2022-01-19
871,2022-01-20 09:30:00-05:00,13.149999618530273,13.350000381469727,13.149999618530273,13.34000015258789,34847,0.0,0.0,2022-01-20
872,2022-01-20 10:30:00-05:00,13.380000114440918,13.484999656677246,13.369999885559082,13.40999984741211,23714,0.0,0.0,2022-01-20
873,2022-01-20 11:30:00-05:00,13.414999961853027,13.449999809265137,13.359999656677246,13.390000343322754,25834,0.0,0.0,2022-01-20
874,2022-01-20 12:30:00-05:00,13.375,13.390000343322754,13.251799583435059,13.28499984741211,6458,0.0,0.0,2022-01-20
875,2022-01-20 13:30:00-05:00,13.279999732971191,13.300000190734863,13.170000076293945,13.170000076293945,109118,0.0,0.0,2022-01-20
876,2022-01-20 14:30:00-05:00,13.170000076293945,13.170000076293945,13.029999732971191,13.03499984741211,9800,0.0,0.0,2022-01-20
877,2022-01-20 15:30:00-05:00,13.020000457763672,13.020000457763672,12.890000343322754,12.930000305175781,21496,0.0,0.0,2022-01-20
878,2022-01-21 09:30:00-05:00,12.770000457763672,13.0600004196167,12.770000457763672,13.0600004196167,17416,0.0,0.0,2022-01-21
879,2022-01-21 10:30:00-05:00,13.15999984741211,13.229999542236328,13.029999732971191,13.220000267028809,21202,0.0,0.0,2022-01-21
880,2022-01-21 11:30:00-05:00,13.180000305175781,13.180000305175781,13.010000228881836,13.072999954223633,21963,0.0,0.0,2022-01-21
881,2022-01-21 12:30:00-05:00,13.085000038146973,13.100000381469727,12.979999542236328,13.010000228881836,42668,0.0,0.0,2022-01-21
882,2022-01-21 13:30:00-05:00,13.015999794006348,13.079999923706055,12.989999771118164,13.020000457763672,39731,0.0,0.0,2022-01-21
883,2022-01-21 14:30:00-05:00,13.003800392150879,13.069999694824219,12.965999603271484,13.010000228881836,73363,0.0,0.0,2022-01-21
884,2022-01-21 15:30:00-05:00,13.020000457763672,13.109999656677246,13.010000228881836,13.020000457763672,35139,0.0,0.0,2022-01-21
885,2022-01-24 09:30:00-05:00,12.899999618530273,13.270000457763672,12.899999618530273,13.140000343322754,28446,0.0,0.0,2022-01-24
886,2022-01-24 10:30:00-05:00,13.199999809265137,13.300000190734863,13.140000343322754,13.21500015258789,20429,0.0,0.0,2022-01-24
887,2022-01-24 11:30:00-05:00,13.229999542236328,13.3149995803833,13.140000343322754,13.229999542236328,20091,0.0,0.0,2022-01-24
888,2022-01-24 12:30:00-05:00,13.220000267028809,13.430000305175781,13.175000190734863,13.380000114440918,14383,0.0,0.0,2022-01-24
889,2022-01-24 13:30:00-05:00,13.430000305175781,13.649999618530273,13.40999984741211,13.489999771118164,32229,0.0,0.0,2022-01-24
890,2022-01-24 14:30:00-05:00,13.479999542236328,13.6899995803833,13.380000114440918,13.649999618530273,30558,0.0,0.0,2022-01-24
891,2022-01-24 15:30:00-05:00,13.619999885559082,13.729999542236328,13.59000015258789,13.680000305175781,40093,0.0,0.0,2022-01-24
892,2022-01-25 09:30:00-05:00,13.529999732971191,13.899999618530273,13.239999771118164,13.399999618530273,17701,0.0,0.0,2022-01-25
893,2022-01-25 10:30:00-05:00,13.470000267028809,13.5600004196167,13.380000114440918,13.5600004196167,25083,0.0,0.0,2022-01-25
894,2022-01-25 11:30:00-05:00,13.550000190734863,13.710000038146973,13.539999961853027,13.640000343322754,16828,0.0,0.0,2022-01-25
895,2022-01-25 12:30:00-05:00,13.619999885559082,13.680000305175781,13.59000015258789,13.675000190734863,15305,0.0,0.0,2022-01-25
896,2022-01-25 13:30:00-05:00,13.6899995803833,13.805000305175781,13.670000076293945,13.72070026397705,53163,0.0,0.0,2022-01-25
897,2022-01-25 14:30:00-05:00,13.670000076293945,13.779999732971191,13.59000015258789,13.640000343322754,147824,0.0,0.0,2022-01-25
898,2022-01-25 15:30:00-05:00,13.649999618530273,13.729999542236328,13.579999923706055,13.609999656677246,32044,0.0,0.0,2022-01-25
899,2022-01-26 09:30:00-05:00,13.670000076293945,13.6899995803833,13.494999885559082,13.494999885559082,10651,0.0,0.0,2022-01-26
900,2022-01-26 10:30:00-05:00,13.467000007629395,13.630000114440918,13.399999618530273,13.605400085449219,82680,0.0,0.0,2022-01-26
901,2022-01-26 11:30:00-05:00,13.550000190734863,13.600000381469727,13.479999542236328,13.529999732971191,27715,0.0,0.0,2022-01-26
902,2022-01-26 12:30:00-05:00,13.529999732971191,13.550000190734863,13.460000038146973,13.484999656677246,10461,0.0,0.0,2022-01-26
903,2022-01-26 13:30:00-05:00,13.470000267028809,13.470000267028809,13.329999923706055,13.460000038146973,23818,0.0,0.0,2022-01-26
904,2022-01-26 14:30:00-05:00,13.430000305175781,13.430000305175781,13.0,13.109999656677246,33528,0.0,0.0,2022-01-26
905,2022-01-26 15:30:00-05:00,13.119999885559082,13.149999618530273,13.0,13.050000190734863,32637,0.0,0.0,2022-01-26
906,2022-01-27 09:30:00-05:00,13.039999961853027,13.100000381469727,13.005000114440918,13.005000114440918,15328,0.0,0.0,2022-01-27
907,2022-01-27 10:30:00-05:00,12.970000267028809,13.149999618530273,12.949999809265137,13.0649995803833,15205,0.0,0.0,2022-01-27
908,2022-01-27 11:30:00-05:00,13.069999694824219,13.15999984741211,12.979999542236328,13.010000228881836,14365,0.0,0.0,2022-01-27
909,2022-01-27 12:30:00-05:00,12.979999542236328,12.979999542236328,12.850000381469727,12.899999618530273,11626,0.0,0.0,2022-01-27
910,2022-01-27 13:30:00-05:00,12.899999618530273,13.0600004196167,12.859999656677246,12.984999656677246,14794,0.0,0.0,2022-01-27
911,2022-01-27 14:30:00-05:00,12.989999771118164,13.03499984741211,12.880000114440918,12.899999618530273,26731,0.0,0.0,2022-01-27
912,2022-01-27 15:30:00-05:00,12.890000343322754,12.930000305175781,12.84000015258789,12.90999984741211,21125,0.0,0.0,2022-01-27
913,2022-01-28 09:30:00-05:00,12.819999694824219,13.1899995803833,12.710000038146973,12.710000038146973,16039,0.0,0.0,2022-01-28
914,2022-01-28 10:30:00-05:00,12.699999809265137,12.850000381469727,12.630000114440918,12.850000381469727,19131,0.0,0.0,2022-01-28
915,2022-01-28 11:30:00-05:00,12.800000190734863,12.949999809265137,12.75,12.869999885559082,16544,0.0,0.0,2022-01-28
916,2022-01-28 12:30:00-05:00,12.90999984741211,12.960000038146973,12.850000381469727,12.8774995803833,14119,0.0,0.0,2022-01-28
917,2022-01-28 13:30:00-05:00,12.9399995803833,12.9399995803833,12.75,12.789999961853027,10712,0.0,0.0,2022-01-28
918,2022-01-28 14:30:00-05:00,12.760000228881836,13.010000228881836,12.760000228881836,12.994999885559082,41714,0.0,0.0,2022-01-28
919,2022-01-28 15:30:00-05:00,12.989999771118164,13.149999618530273,12.9399995803833,13.119999885559082,30738,0.0,0.0,2022-01-28
920,2022-01-31 09:30:00-05:00,13.020000457763672,13.109999656677246,12.944999694824219,13.039999961853027,26015,0.0,0.0,2022-01-31
921,2022-01-31 10:30:00-05:00,13.050000190734863,13.149999618530273,13.0,13.109999656677246,13513,0.0,0.0,2022-01-31
922,2022-01-31 11:30:00-05:00,13.109999656677246,13.220000267028809,13.079999923706055,13.199999809265137,8080,0.0,0.0,2022-01-31
923,2022-01-31 12:30:00-05:00,13.199999809265137,13.264300346374512,13.100000381469727,13.239999771118164,21067,0.0,0.0,2022-01-31
924,2022-01-31 13:30:00-05:00,13.229999542236328,13.260000228881836,13.196599960327148,13.25,9391,0.0,0.0,2022-01-31
925,2022-01-31 14:30:00-05:00,13.239999771118164,13.270000457763672,13.149999618530273,13.199999809265137,19873,0.0,0.0,2022-01-31
926,2022-01-31 15:30:00-05:00,13.1850004196167,13.359999656677246,13.1850004196167,13.329999923706055,20642,0.0,0.0,2022-01-31
927,2022-02-01 09:30:00-05:00,13.390000343322754,13.5,13.15999984741211,13.25,30602,0.0,0.0,2022-02-01
928,2022-02-01 10:30:00-05:00,13.270000457763672,13.319999694824219,13.21500015258789,13.25,10295,0.0,0.0,2022-02-01
929,2022-02-01 11:30:00-05:00,13.239999771118164,13.329999923706055,13.1899995803833,13.279999732971191,15240,0.0,0.0,2022-02-01
930,2022-02-01 12:30:00-05:00,13.270000457763672,13.289999961853027,13.1899995803833,13.279999732971191,10768,0.0,0.0,2022-02-01
931,2022-02-01 13:30:00-05:00,13.289899826049805,13.300000190734863,13.229999542236328,13.279999732971191,7962,0.0,0.0,2022-02-01
932,2022-02-01 14:30:00-05:00,13.289999961853027,13.399999618530273,13.289999961853027,13.385000228881836,24204,0.0,0.0,2022-02-01
933,2022-02-01 15:30:00-05:00,13.399999618530273,13.449999809265137,13.345000267028809,13.399999618530273,29693,0.0,0.0,2022-02-01
934,2022-02-02 09:30:00-05:00,13.34000015258789,13.470000267028809,13.289999961853027,13.34000015258789,37179,0.0,0.0,2022-02-02
935,2022-02-02 10:30:00-05:00,13.329999923706055,13.420000076293945,13.279999732971191,13.307499885559082,22948,0.0,0.0,2022-02-02
936,2022-02-02 11:30:00-05:00,13.270000457763672,13.305000305175781,13.25,13.289999961853027,11096,0.0,0.0,2022-02-02
937,2022-02-02 12:30:00-05:00,13.270000457763672,13.319999694824219,13.239999771118164,13.239999771118164,46715,0.0,0.0,2022-02-02
938,2022-02-02 13:30:00-05:00,13.25,13.279999732971191,13.220000267028809,13.239999771118164,21739,0.0,0.0,2022-02-02
939,2022-02-02 14:30:00-05:00,13.25,13.279999732971191,13.220000267028809,13.220000267028809,45142,0.0,0.0,2022-02-02
940,2022-02-02 15:30:00-05:00,13.220000267028809,13.25,13.1899995803833,13.25,29630,0.0,0.0,2022-02-02
941,2022-02-03 09:30:00-05:00,13.350000381469727,13.390000343322754,13.130000114440918,13.3100004196167,16719,0.0,0.0,2022-02-03
942,2022-02-03 10:30:00-05:00,13.319999694824219,13.34000015258789,13.260000228881836,13.260000228881836,6442,0.0,0.0,2022-02-03
943,2022-02-03 11:30:00-05:00,13.260000228881836,13.260000228881836,13.140000343322754,13.170000076293945,6031,0.0,0.0,2022-02-03
944,2022-02-03 12:30:00-05:00,13.180000305175781,13.220000267028809,13.110600471496582,13.170000076293945,8421,0.0,0.0,2022-02-03
945,2022-02-03 13:30:00-05:00,13.1899995803833,13.204999923706055,13.15999984741211,13.15999984741211,11974,0.0,0.0,2022-02-03
946,2022-02-03 14:30:00-05:00,13.130000114440918,13.15999984741211,13.09000015258789,13.119999885559082,13302,0.0,0.0,2022-02-03
947,2022-02-03 15:30:00-05:00,13.119999885559082,13.130000114440918,13.039999961853027,13.0600004196167,18133,0.0,0.0,2022-02-03
948,2022-02-04 09:30:00-05:00,13.0600004196167,13.100000381469727,12.739999771118164,12.835000038146973,28298,0.0,0.0,2022-02-04
949,2022-02-04 10:30:00-05:00,12.854999542236328,12.854999542236328,12.75,12.765000343322754,19307,0.0,0.0,2022-02-04
950,2022-02-04 11:30:00-05:00,12.765000343322754,12.859999656677246,12.765000343322754,12.84000015258789,30948,0.0,0.0,2022-02-04
951,2022-02-04 12:30:00-05:00,12.84000015258789,12.890000343322754,12.800000190734863,12.869999885559082,35295,0.0,0.0,2022-02-04
952,2022-02-04 13:30:00-05:00,12.869999885559082,13.010000228881836,12.869999885559082,12.979999542236328,17769,0.0,0.0,2022-02-04
953,2022-02-04 14:30:00-05:00,12.970000267028809,13.119999885559082,12.960000038146973,13.09000015258789,19941,0.0,0.0,2022-02-04
954,2022-02-04 15:30:00-05:00,13.09000015258789,13.100000381469727,13.039999961853027,13.069999694824219,28306,0.0,0.0,2022-02-04
955,2022-02-07 09:30:00-05:00,13.140000343322754,13.319999694824219,13.140000343322754,13.1899995803833,12676,0.0,0.0,2022-02-07
956,2022-02-07 10:30:00-05:00,13.154999732971191,13.270000457763672,13.154999732971191,13.260000228881836,13724,0.0,0.0,2022-02-07
957,2022-02-07 11:30:00-05:00,13.260000228881836,13.270000457763672,13.15999984741211,13.25,14614,0.0,0.0,2022-02-07
958,2022-02-07 12:30:00-05:00,13.279999732971191,13.387800216674805,13.25,13.369999885559082,39020,0.0,0.0,2022-02-07
959,2022-02-07 13:30:00-05:00,13.380000114440918,13.380000114440918,13.239999771118164,13.25,18653,0.0,0.0,2022-02-07
960,2022-02-07 14:30:00-05:00,13.270000457763672,13.279999732971191,13.170000076293945,13.175000190734863,17363,0.0,0.0,2022-02-07
961,2022-02-07 15:30:00-05:00,13.170000076293945,13.199999809265137,13.109999656677246,13.15999984741211,25742,0.0,0.0,2022-02-07
962,2022-02-08 09:30:00-05:00,13.1899995803833,13.369999885559082,13.1899995803833,13.339900016784668,17832,0.0,0.0,2022-02-08
963,2022-02-08 10:30:00-05:00,13.329999923706055,13.390000343322754,13.300000190734863,13.329999923706055,19596,0.0,0.0,2022-02-08
964,2022-02-08 11:30:00-05:00,13.329999923706055,13.350000381469727,13.3100004196167,13.322500228881836,10601,0.0,0.0,2022-02-08
965,2022-02-08 12:30:00-05:00,13.350000381469727,13.362500190734863,13.3100004196167,13.3100004196167,13196,0.0,0.0,2022-02-08
966,2022-02-08 13:30:00-05:00,13.329999923706055,13.329999923706055,13.274999618530273,13.274999618530273,12786,0.0,0.0,2022-02-08
967,2022-02-08 14:30:00-05:00,13.289999961853027,13.369999885559082,13.289999961853027,13.350000381469727,16869,0.0,0.0,2022-02-08
968,2022-02-08 15:30:00-05:00,13.350000381469727,13.369999885559082,13.329999923706055,13.329999923706055,37054,0.0,0.0,2022-02-08
969,2022-02-09 09:30:00-05:00,13.380000114440918,13.444999694824219,13.300000190734863,13.319999694824219,32678,0.0,0.0,2022-02-09
970,2022-02-09 10:30:00-05:00,13.32859992980957,13.350000381469727,13.300000190734863,13.335000038146973,12587,0.0,0.0,2022-02-09
971,2022-02-09 11:30:00-05:00,13.350000381469727,13.390000343322754,13.319999694824219,13.359999656677246,13893,0.0,0.0,2022-02-09
972,2022-02-09 12:30:00-05:00,13.34000015258789,13.479999542236328,13.329999923706055,13.460800170898438,19705,0.0,0.0,2022-02-09
973,2022-02-09 13:30:00-05:00,13.470000267028809,13.500100135803223,13.4399995803833,13.479999542236328,15779,0.0,0.0,2022-02-09
974,2022-02-09 14:30:00-05:00,13.479999542236328,13.520000457763672,13.470000267028809,13.489999771118164,11272,0.0,0.0,2022-02-09
975,2022-02-09 15:30:00-05:00,13.5,13.539999961853027,13.470000267028809,13.470000267028809,22534,0.0,0.0,2022-02-09
976,2022-02-10 09:30:00-05:00,13.359999656677246,13.5600004196167,13.3100004196167,13.539999961853027,22482,0.0,0.0,2022-02-10
977,2022-02-10 10:30:00-05:00,13.520000457763672,13.550000190734863,13.425000190734863,13.425000190734863,26575,0.0,0.0,2022-02-10
978,2022-02-10 11:30:00-05:00,13.4399995803833,13.520000457763672,13.4399995803833,13.510000228881836,11146,0.0,0.0,2022-02-10
979,2022-02-10 12:30:00-05:00,13.520000457763672,13.529999732971191,13.369999885559082,13.369999885559082,18485,0.0,0.0,2022-02-10
980,2022-02-10 13:30:00-05:00,13.380000114440918,13.380000114440918,13.270000457763672,13.300000190734863,24973,0.0,0.0,2022-02-10
981,2022-02-10 14:30:00-05:00,13.279999732971191,13.34000015258789,13.229999542236328,13.279999732971191,33796,0.0,0.0,2022-02-10
982,2022-02-10 15:30:00-05:00,13.270000457763672,13.270000457763672,13.1899995803833,13.229999542236328,45969,0.0,0.0,2022-02-10
983,2022-02-11 09:30:00-05:00,13.380000114440918,13.521900177001953,13.229999542236328,13.475000381469727,12879,0.0,0.0,2022-02-11
984,2022-02-11 10:30:00-05:00,13.470000267028809,13.510000228881836,13.420000076293945,13.460000038146973,38168,0.0,0.0,2022-02-11
985,2022-02-11 11:30:00-05:00,13.470000267028809,13.484999656677246,13.390000343322754,13.425000190734863,8764,0.0,0.0,2022-02-11
986,2022-02-11 12:30:00-05:00,13.4399995803833,13.460000038146973,13.380000114440918,13.414999961853027,12835,0.0,0.0,2022-02-11
987,2022-02-11 13:30:00-05:00,13.420000076293945,13.420000076293945,13.210000038146973,13.270000457763672,39151,0.0,0.0,2022-02-11
988,2022-02-11 14:30:00-05:00,13.289999961853027,13.359999656677246,13.260100364685059,13.300000190734863,23245,0.0,0.0,2022-02-11
989,2022-02-11 15:30:00-05:00,13.3100004196167,13.430000305175781,13.295000076293945,13.380000114440918,31146,0.0,0.0,2022-02-11
990,2022-02-14 09:30:00-05:00,13.470000267028809,13.569999694824219,13.319999694824219,13.430000305175781,13417,0.0,0.0,2022-02-14
991,2022-02-14 10:30:00-05:00,13.399999618530273,13.489999771118164,13.359999656677246,13.489999771118164,14871,0.0,0.0,2022-02-14
992,2022-02-14 11:30:00-05:00,13.470000267028809,13.479999542236328,13.390000343322754,13.390000343322754,7662,0.0,0.0,2022-02-14
993,2022-02-14 12:30:00-05:00,13.395000457763672,13.395000457763672,13.329999923706055,13.380000114440918,15272,0.0,0.0,2022-02-14
994,2022-02-14 13:30:00-05:00,13.350000381469727,13.359999656677246,13.199999809265137,13.3100004196167,16244,0.0,0.0,2022-02-14
995,2022-02-14 14:30:00-05:00,13.270000457763672,13.335000038146973,13.25,13.3100004196167,18279,0.0,0.0,2022-02-14
996,2022-02-14 15:30:00-05:00,13.300000190734863,13.335000038146973,13.229999542236328,13.270000457763672,24983,0.0,0.0,2022-02-14
997,2022-02-15 09:30:00-05:00,13.380000114440918,13.545000076293945,13.34000015258789,13.369999885559082,13118,0.0,0.0,2022-02-15
998,2022-02-15 10:30:00-05:00,13.3774995803833,13.46500015258789,13.34000015258789,13.399999618530273,21182,0.0,0.0,2022-02-15
999,2022-02-15 11:30:00-05:00,13.420000076293945,13.449999809265137,13.359999656677246,13.359999656677246,12043,0.0,0.0,2022-02-15
1000,2022-02-15 12:30:00-05:00,13.369999885559082,13.399999618530273,13.34000015258789,13.399999618530273,16647,0.0,0.0,2022-02-15
1001,2022-02-15 13:30:00-05:00,13.40999984741211,13.427900314331055,13.380000114440918,13.385000228881836,9905,0.0,0.0,2022-02-15
1002,2022-02-15 14:30:00-05:00,13.390000343322754,13.479999542236328,13.380000114440918,13.479999542236328,16757,0.0,0.0,2022-02-15
1003,2022-02-15 15:30:00-05:00,13.479999542236328,13.5600004196167,13.460000038146973,13.510000228881836,24286,0.0,0.0,2022-02-15
1004,2022-02-16 09:30:00-05:00,13.479999542236328,13.529999732971191,13.350000381469727,13.5,9090,0.0,0.0,2022-02-16
1005,2022-02-16 10:30:00-05:00,13.5,13.539999961853027,13.489999771118164,13.5,8566,0.0,0.0,2022-02-16
1006,2022-02-16 11:30:00-05:00,13.515000343322754,13.515000343322754,13.4399995803833,13.489999771118164,7304,0.0,0.0,2022-02-16
1007,2022-02-16 12:30:00-05:00,13.470000267028809,13.489999771118164,13.4399995803833,13.449999809265137,2863,0.0,0.0,2022-02-16
1008,2022-02-16 13:30:00-05:00,13.449999809265137,13.520000457763672,13.430000305175781,13.5,9148,0.0,0.0,2022-02-16
1009,2022-02-16 14:30:00-05:00,13.5,13.550000190734863,13.470000267028809,13.550000190734863,10092,0.0,0.0,2022-02-16
1010,2022-02-16 15:30:00-05:00,13.53499984741211,13.59000015258789,13.529999732971191,13.5600004196167,29586,0.0,0.0,2022-02-16
1011,2022-02-17 09:30:00-05:00,13.529999732971191,13.529999732971191,13.359999656677246,13.359999656677246,13785,0.0,0.0,2022-02-17
1012,2022-02-17 10:30:00-05:00,13.399999618530273,13.486300468444824,13.34000015258789,13.460000038146973,11986,0.0,0.0,2022-02-17
1013,2022-02-17 11:30:00-05:00,13.489999771118164,13.510000228881836,13.45009994506836,13.470000267028809,9073,0.0,0.0,2022-02-17
1014,2022-02-17 12:30:00-05:00,13.479999542236328,13.479999542236328,13.40999984741211,13.40999984741211,8836,0.0,0.0,2022-02-17
1015,2022-02-17 13:30:00-05:00,13.420000076293945,13.430000305175781,13.40999984741211,13.40999984741211,7721,0.0,0.0,2022-02-17
1016,2022-02-17 14:30:00-05:00,13.40999984741211,13.414999961853027,13.250200271606445,13.270000457763672,38909,0.0,0.0,2022-02-17
1017,2022-02-17 15:30:00-05:00,13.289999961853027,13.369999885559082,13.25,13.34000015258789,26882,0.0,0.0,2022-02-17
1018,2022-02-18 09:30:00-05:00,13.270000457763672,13.53499984741211,13.172300338745117,13.454999923706055,12757,0.0,0.0,2022-02-18
1019,2022-02-18 10:30:00-05:00,13.460000038146973,13.494999885559082,13.390000343322754,13.390000343322754,5847,0.0,0.0,2022-02-18
1020,2022-02-18 11:30:00-05:00,13.40999984741211,13.4399995803833,13.369999885559082,13.4399995803833,8749,0.0,0.0,2022-02-18
1021,2022-02-18 12:30:00-05:00,13.420000076293945,13.430000305175781,13.390000343322754,13.404999732971191,7569,0.0,0.0,2022-02-18
1022,2022-02-18 13:30:00-05:00,13.404999732971191,13.5,13.404999732971191,13.5,6076,0.0,0.0,2022-02-18
1023,2022-02-18 14:30:00-05:00,13.520000457763672,13.520000457763672,13.470000267028809,13.470000267028809,12428,0.0,0.0,2022-02-18
1024,2022-02-18 15:30:00-05:00,13.460000038146973,13.520000457763672,13.4399995803833,13.5,23100,0.0,0.0,2022-02-18
1025,2022-02-22 09:30:00-05:00,13.460000038146973,13.479999542236328,13.162199974060059,13.479999542236328,8024,0.0,0.0,2022-02-22
1026,2022-02-22 10:30:00-05:00,13.460000038146973,13.5,13.380000114440918,13.4399995803833,36528,0.0,0.0,2022-02-22
1027,2022-02-22 11:30:00-05:00,13.449999809265137,13.460000038146973,13.390000343322754,13.420000076293945,8098,0.0,0.0,2022-02-22
1028,2022-02-22 12:30:00-05:00,13.430000305175781,13.430000305175781,13.289999961853027,13.319999694824219,11512,0.0,0.0,2022-02-22
1029,2022-02-22 13:30:00-05:00,13.300000190734863,13.300000190734863,13.180000305175781,13.199999809265137,24486,0.0,0.0,2022-02-22
1030,2022-02-22 14:30:00-05:00,13.229999542236328,13.390000343322754,13.220000267028809,13.329999923706055,33024,0.0,0.0,2022-02-22
1031,2022-02-22 15:30:00-05:00,13.300000190734863,13.329999923706055,13.220000267028809,13.270000457763672,20346,0.0,0.0,2022-02-22
1032,2022-02-23 09:30:00-05:00,13.279999732971191,13.319999694824219,13.149900436401367,13.149900436401367,3591,0.0,0.0,2022-02-23
1033,2022-02-23 10:30:00-05:00,13.109999656677246,13.149999618530273,13.020000457763672,13.069999694824219,7540,0.0,0.0,2022-02-23
1034,2022-02-23 11:30:00-05:00,13.050000190734863,13.0600004196167,13.020000457763672,13.035300254821777,5381,0.0,0.0,2022-02-23
1035,2022-02-23 12:30:00-05:00,13.029999732971191,13.029999732971191,12.920000076293945,12.930000305175781,14105,0.0,0.0,2022-02-23
1036,2022-02-23 13:30:00-05:00,12.9399995803833,12.960000038146973,12.829999923706055,12.829999923706055,12612,0.0,0.0,2022-02-23
1037,2022-02-23 14:30:00-05:00,12.84000015258789,12.859999656677246,12.800000190734863,12.850000381469727,12108,0.0,0.0,2022-02-23
1038,2022-02-23 15:30:00-05:00,12.850000381469727,12.850199699401855,12.75,12.770000457763672,25474,0.0,0.0,2022-02-23
1039,2022-02-24 09:30:00-05:00,12.520000457763672,12.725000381469727,12.420000076293945,12.60990047454834,23235,0.0,0.0,2022-02-24
1040,2022-02-24 10:30:00-05:00,12.609999656677246,12.8100004196167,12.550000190734863,12.710000038146973,19268,0.0,0.0,2022-02-24
1041,2022-02-24 11:30:00-05:00,12.710000038146973,12.75,12.65999984741211,12.680000305175781,10696,0.0,0.0,2022-02-24
1042,2022-02-24 12:30:00-05:00,12.699999809265137,12.729999542236328,12.65999984741211,12.6899995803833,9227,0.0,0.0,2022-02-24
1043,2022-02-24 13:30:00-05:00,12.699999809265137,12.819999694824219,12.699999809265137,12.8100004196167,15772,0.0,0.0,2022-02-24
1044,2022-02-24 14:30:00-05:00,12.84000015258789,12.930000305175781,12.829999923706055,12.930000305175781,21036,0.0,0.0,2022-02-24
1045,2022-02-24 15:30:00-05:00,12.920000076293945,13.069999694824219,12.920000076293945,13.020000457763672,19497,0.0,0.0,2022-02-24
1046,2022-02-25 09:30:00-05:00,13.119999885559082,13.229999542236328,12.640000343322754,12.9399995803833,13386,0.0,0.0,2022-02-25
1047,2022-02-25 10:30:00-05:00,12.960000038146973,13.09000015258789,12.949999809265137,13.039999961853027,5715,0.0,0.0,2022-02-25
1048,2022-02-25 11:30:00-05:00,13.0600004196167,13.170000076293945,13.039999961853027,13.100000381469727,47862,0.0,0.0,2022-02-25
1049,2022-02-25 12:30:00-05:00,13.114999771118164,13.170000076293945,13.079999923706055,13.140000343322754,32837,0.0,0.0,2022-02-25
1050,2022-02-25 13:30:00-05:00,13.15999984741211,13.220000267028809,13.15999984741211,13.199999809265137,11954,0.0,0.0,2022-02-25
1051,2022-02-25 14:30:00-05:00,13.1899995803833,13.210000038146973,13.170000076293945,13.210000038146973,8640,0.0,0.0,2022-02-25
1052,2022-02-25 15:30:00-05:00,13.210000038146973,13.25,13.180000305175781,13.25,13692,0.0,0.0,2022-02-25
1053,2022-02-28 09:30:00-05:00,13.199999809265137,13.270000457763672,13.100000381469727,13.255000114440918,0,0.0,0.0,2022-02-28
1054,2022-02-28 10:30:00-05:00,13.260000228881836,13.404999732971191,13.260000228881836,13.369999885559082,26959,0.0,0.0,2022-02-28
1055,2022-02-28 11:30:00-05:00,13.375,13.385000228881836,13.210000038146973,13.239999771118164,7874,0.0,0.0,2022-02-28
1056,2022-02-28 12:30:00-05:00,13.229999542236328,13.274800300598145,13.1899995803833,13.244999885559082,23070,0.0,0.0,2022-02-28
1057,2022-02-28 13:30:00-05:00,13.25,13.270000457763672,13.15999984741211,13.175000190734863,14263,0.0,0.0,2022-02-28
1058,2022-02-28 14:30:00-05:00,13.170000076293945,13.289999961853027,13.170000076293945,13.279999732971191,25320,0.0,0.0,2022-02-28
1059,2022-02-28 15:30:00-05:00,13.260000228881836,13.319999694824219,13.204999923706055,13.279999732971191,36880,0.0,0.0,2022-02-28
1060,2022-03-01 09:30:00-05:00,13.199999809265137,13.279999732971191,12.970000267028809,12.970000267028809,12333,0.0,0.0,2022-03-01
1061,2022-03-01 10:30:00-05:00,12.989999771118164,13.0,12.880000114440918,12.979999542236328,15963,0.0,0.0,2022-03-01
1062,2022-03-01 11:30:00-05:00,12.970000267028809,12.970000267028809,12.800000190734863,12.800000190734863,27521,0.0,0.0,2022-03-01
1063,2022-03-01 12:30:00-05:00,12.8100004196167,12.949999809265137,12.8100004196167,12.880000114440918,14596,0.0,0.0,2022-03-01
1064,2022-03-01 13:30:00-05:00,12.899999618530273,12.90999984741211,12.819999694824219,12.90999984741211,7912,0.0,0.0,2022-03-01
1065,2022-03-01 14:30:00-05:00,12.899999618530273,12.949999809265137,12.859999656677246,12.890000343322754,20839,0.0,0.0,2022-03-01
1066,2022-03-01 15:30:00-05:00,12.880000114440918,12.930000305175781,12.819999694824219,12.90999984741211,33822,0.0,0.0,2022-03-01
1067,2022-03-02 09:30:00-05:00,12.989999771118164,13.130000114440918,12.989999771118164,12.989999771118164,10404,0.0,0.0,2022-03-02
1068,2022-03-02 10:30:00-05:00,13.074999809265137,13.204999923706055,13.039999961853027,13.1899995803833,12715,0.0,0.0,2022-03-02
1069,2022-03-02 11:30:00-05:00,13.199999809265137,13.199999809265137,13.140000343322754,13.154999732971191,7151,0.0,0.0,2022-03-02
1070,2022-03-02 12:30:00-05:00,13.15999984741211,13.180000305175781,13.149999618530273,13.15999984741211,7079,0.0,0.0,2022-03-02
1071,2022-03-02 13:30:00-05:00,13.170000076293945,13.329999923706055,13.119999885559082,13.25,55113,0.0,0.0,2022-03-02
1072,2022-03-02 14:30:00-05:00,13.239999771118164,13.260000228881836,13.100000381469727,13.119999885559082,31008,0.0,0.0,2022-03-02
1073,2022-03-02 15:30:00-05:00,13.130000114440918,13.170000076293945,13.079999923706055,13.140000343322754,33534,0.0,0.0,2022-03-02
1074,2022-03-03 09:30:00-05:00,13.279999732971191,13.329999923706055,13.029999732971191,13.029999732971191,8022,0.0,0.0,2022-03-03
1075,2022-03-03 10:30:00-05:00,13.029999732971191,13.074999809265137,12.979999542236328,13.029999732971191,14535,0.0,0.0,2022-03-03
1076,2022-03-03 11:30:00-05:00,13.020000457763672,13.079999923706055,13.0,13.010000228881836,14832,0.0,0.0,2022-03-03
1077,2022-03-03 12:30:00-05:00,13.010000228881836,13.069999694824219,12.989999771118164,13.069999694824219,22015,0.0,0.0,2022-03-03
1078,2022-03-03 13:30:00-05:00,13.0600004196167,13.0600004196167,12.9399995803833,13.010000228881836,45727,0.0,0.0,2022-03-03
1079,2022-03-03 14:30:00-05:00,13.010000228881836,13.039999961853027,12.880000114440918,12.944999694824219,15207,0.0,0.0,2022-03-03
1080,2022-03-03 15:30:00-05:00,12.949999809265137,13.010000228881836,12.890000343322754,13.0,33022,0.0,0.0,2022-03-03
1081,2022-03-04 09:30:00-05:00,12.859999656677246,12.890000343322754,12.6899995803833,12.699999809265137,14582,0.0,0.0,2022-03-04
1082,2022-03-04 10:30:00-05:00,12.720000267028809,12.725000381469727,12.619999885559082,12.6899995803833,16126,0.0,0.0,2022-03-04
1083,2022-03-04 11:30:00-05:00,12.6899995803833,12.779999732971191,12.670000076293945,12.760000228881836,6478,0.0,0.0,2022-03-04
1084,2022-03-04 12:30:00-05:00,12.770000457763672,12.84000015258789,12.760000228881836,12.8100004196167,10072,0.0,0.0,2022-03-04
1085,2022-03-04 13:30:00-05:00,12.850000381469727,12.979999542236328,12.800000190734863,12.970000267028809,29545,0.0,0.0,2022-03-04
1086,2022-03-04 14:30:00-05:00,12.970000267028809,12.979999542236328,12.90999984741211,12.979999542236328,14787,0.0,0.0,2022-03-04
1087,2022-03-04 15:30:00-05:00,12.960000038146973,12.970000267028809,12.899999618530273,12.970000267028809,22625,0.0,0.0,2022-03-04
1088,2022-03-07 09:30:00-05:00,13.029999732971191,13.029999732971191,12.677399635314941,12.6899995803833,16402,0.0,0.0,2022-03-07
1089,2022-03-07 10:30:00-05:00,12.680000305175781,12.720000267028809,12.595000267028809,12.595000267028809,10440,0.0,0.0,2022-03-07
1090,2022-03-07 11:30:00-05:00,12.579999923706055,12.579999923706055,12.460000038146973,12.489999771118164,19458,0.0,0.0,2022-03-07
1091,2022-03-07 12:30:00-05:00,12.460000038146973,12.529999732971191,12.430000305175781,12.460000038146973,17478,0.0,0.0,2022-03-07
1092,2022-03-07 13:30:00-05:00,12.4399995803833,12.470000267028809,12.399999618530273,12.430000305175781,15027,0.0,0.0,2022-03-07
1093,2022-03-07 14:30:00-05:00,12.430000305175781,12.550000190734863,12.380000114440918,12.550000190734863,21901,0.0,0.0,2022-03-07
1094,2022-03-07 15:30:00-05:00,12.529999732971191,12.529999732971191,12.420000076293945,12.470000267028809,28547,0.0,0.0,2022-03-07
1095,2022-03-08 09:30:00-05:00,12.489999771118164,12.609999656677246,12.3100004196167,12.46500015258789,38227,0.0,0.0,2022-03-08
1096,2022-03-08 10:30:00-05:00,12.470000267028809,12.59000015258789,12.380000114440918,12.59000015258789,38538,0.0,0.0,2022-03-08
1097,2022-03-08 11:30:00-05:00,12.59000015258789,12.920000076293945,12.569999694824219,12.90999984741211,16439,0.0,0.0,2022-03-08
1098,2022-03-08 12:30:00-05:00,12.899999618530273,12.960000038146973,12.779999732971191,12.800000190734863,18420,0.0,0.0,2022-03-08
1099,2022-03-08 13:30:00-05:00,12.720000267028809,12.720000267028809,12.539999961853027,12.640000343322754,21790,0.0,0.0,2022-03-08
1100,2022-03-08 14:30:00-05:00,12.649999618530273,12.770000457763672,12.609999656677246,12.670000076293945,17451,0.0,0.0,2022-03-08
1101,2022-03-08 15:30:00-05:00,12.619999885559082,12.630000114440918,12.5600004196167,12.5600004196167,24028,0.0,0.0,2022-03-08
1102,2022-03-09 09:30:00-05:00,12.770000457763672,13.0600004196167,12.760000228881836,12.914999961853027,16765,0.0,0.0,2022-03-09
1103,2022-03-09 10:30:00-05:00,12.914999961853027,12.930899620056152,12.84000015258789,12.864999771118164,34007,0.0,0.0,2022-03-09
1104,2022-03-09 11:30:00-05:00,12.850000381469727,12.9350004196167,12.850000381469727,12.890000343322754,8903,0.0,0.0,2022-03-09
1105,2022-03-09 12:30:00-05:00,12.904999732971191,12.954999923706055,12.890000343322754,12.9350004196167,17011,0.0,0.0,2022-03-09
1106,2022-03-09 13:30:00-05:00,12.9350004196167,12.949999809265137,12.8100004196167,12.819999694824219,13561,0.0,0.0,2022-03-09
1107,2022-03-09 14:30:00-05:00,12.829999923706055,12.920000076293945,12.819999694824219,12.819999694824219,31654,0.0,0.0,2022-03-09
1108,2022-03-09 15:30:00-05:00,12.84000015258789,12.869999885559082,12.779999732971191,12.859999656677246,26178,0.0,0.0,2022-03-09
1109,2022-03-10 09:30:00-05:00,12.680000305175781,12.789999961853027,12.5600004196167,12.680000305175781,32960,0.0,0.0,2022-03-10
1110,2022-03-10 10:30:00-05:00,12.680000305175781,12.710000038146973,12.5600004196167,12.5600004196167,16971,0.0,0.0,2022-03-10
1111,2022-03-10 11:30:00-05:00,12.59000015258789,12.630000114440918,12.550000190734863,12.569999694824219,9563,0.0,0.0,2022-03-10
1112,2022-03-10 12:30:00-05:00,12.5600004196167,12.5600004196167,12.484999656677246,12.5,8597,0.0,0.0,2022-03-10
1113,2022-03-10 13:30:00-05:00,12.507499694824219,12.670000076293945,12.5,12.65999984741211,11435,0.0,0.0,2022-03-10
1114,2022-03-10 14:30:00-05:00,12.65999984741211,12.760000228881836,12.614999771118164,12.739999771118164,28887,0.0,0.0,2022-03-10
1115,2022-03-10 15:30:00-05:00,12.744999885559082,12.800000190734863,12.710000038146973,12.770000457763672,55699,0.0,0.0,2022-03-10
1116,2022-03-11 09:30:00-05:00,13.699999809265137,13.970000267028809,11.59000015258789,11.65999984741211,170998,0.0,0.0,2022-03-11
1117,2022-03-11 10:30:00-05:00,11.640000343322754,11.850000381469727,11.600000381469727,11.71500015258789,75653,0.0,0.0,2022-03-11
1118,2022-03-11 11:30:00-05:00,11.699999809265137,12.039999961853027,11.619999885559082,11.979999542236328,71909,0.0,0.0,2022-03-11
1119,2022-03-11 12:30:00-05:00,12.005000114440918,12.020000457763672,11.4399995803833,11.489999771118164,150235,0.0,0.0,2022-03-11
1120,2022-03-11 13:30:00-05:00,11.489999771118164,11.670000076293945,11.470000267028809,11.640000343322754,66925,0.0,0.0,2022-03-11
1121,2022-03-11 14:30:00-05:00,11.619999885559082,11.640000343322754,11.449999809265137,11.569999694824219,96319,0.0,0.0,2022-03-11
1122,2022-03-11 15:30:00-05:00,11.569999694824219,11.569999694824219,11.350000381469727,11.449999809265137,117961,0.0,0.0,2022-03-11
1123,2022-03-14 09:30:00-04:00,11.359999656677246,11.65999984741211,10.920000076293945,11.380000114440918,79129,0.0,0.0,2022-03-14
1124,2022-03-14 10:30:00-04:00,11.369999885559082,11.369999885559082,11.170000076293945,11.180000305175781,27074,0.0,0.0,2022-03-14
1125,2022-03-14 11:30:00-04:00,11.1899995803833,11.194999694824219,10.9399995803833,10.970000267028809,38138,0.0,0.0,2022-03-14
1126,2022-03-14 12:30:00-04:00,10.96500015258789,10.970000267028809,10.854999542236328,10.854999542236328,35425,0.0,0.0,2022-03-14
1127,2022-03-14 13:30:00-04:00,10.850000381469727,10.854999542236328,10.699999809265137,10.774999618530273,33589,0.0,0.0,2022-03-14
1128,2022-03-14 14:30:00-04:00,10.795299530029297,10.829999923706055,10.71500015258789,10.739999771118164,39148,0.0,0.0,2022-03-14
1129,2022-03-14 15:30:00-04:00,10.719900131225586,10.75,10.654999732971191,10.75,38986,0.0,0.0,2022-03-14
1130,2022-03-15 09:30:00-04:00,10.729999542236328,11.201800346374512,10.720000267028809,11.175000190734863,37379,0.0,0.0,2022-03-15
1131,2022-03-15 10:30:00-04:00,11.180000305175781,11.329999923706055,11.100000381469727,11.300000190734863,39570,0.0,0.0,2022-03-15
1132,2022-03-15 11:30:00-04:00,11.319999694824219,11.359999656677246,11.095000267028809,11.095000267028809,21030,0.0,0.0,2022-03-15
1133,2022-03-15 12:30:00-04:00,11.095000267028809,11.109999656677246,10.930000305175781,10.970000267028809,20460,0.0,0.0,2022-03-15
1134,2022-03-15 13:30:00-04:00,10.9399995803833,10.960000038146973,10.899999618530273,10.9350004196167,17926,0.0,0.0,2022-03-15
1135,2022-03-15 14:30:00-04:00,10.930000305175781,11.020000457763672,10.930000305175781,10.989999771118164,22973,0.0,0.0,2022-03-15
1136,2022-03-15 15:30:00-04:00,10.979999542236328,11.010000228881836,10.9399995803833,10.960000038146973,44452,0.0,0.0,2022-03-15
1137,2022-03-16 09:30:00-04:00,11.079999923706055,11.329999923706055,11.029999732971191,11.3149995803833,18686,0.0,0.0,2022-03-16
1138,2022-03-16 10:30:00-04:00,11.319999694824219,11.369999885559082,11.270000457763672,11.34000015258789,12122,0.0,0.0,2022-03-16
1139,2022-03-16 11:30:00-04:00,11.380000114440918,11.430000305175781,11.329999923706055,11.390000343322754,9669,0.0,0.0,2022-03-16
1140,2022-03-16 12:30:00-04:00,11.3818998336792,11.3818998336792,11.3100004196167,11.3100004196167,16733,0.0,0.0,2022-03-16
1141,2022-03-16 13:30:00-04:00,11.3100004196167,11.40999984741211,11.279999732971191,11.3100004196167,20603,0.0,0.0,2022-03-16
1142,2022-03-16 14:30:00-04:00,11.289999961853027,11.479999542236328,11.25,11.40999984741211,22114,0.0,0.0,2022-03-16
1143,2022-03-16 15:30:00-04:00,11.404999732971191,11.489999771118164,11.369999885559082,11.460000038146973,42907,0.0,0.0,2022-03-16
1144,2022-03-17 09:30:00-04:00,11.5,11.720000267028809,11.399999618530273,11.704999923706055,24024,0.0,0.0,2022-03-17
1145,2022-03-17 10:30:00-04:00,11.710000038146973,11.75,11.635000228881836,11.75,21592,0.0,0.0,2022-03-17
1146,2022-03-17 11:30:00-04:00,11.75,11.760000228881836,11.649999618530273,11.71500015258789,14748,0.0,0.0,2022-03-17
1147,2022-03-17 12:30:00-04:00,11.71500015258789,11.779600143432617,11.670000076293945,11.710000038146973,16225,0.0,0.0,2022-03-17
1148,2022-03-17 13:30:00-04:00,11.720000267028809,11.760000228881836,11.680000305175781,11.680000305175781,19341,0.0,0.0,2022-03-17
1149,2022-03-17 14:30:00-04:00,11.6899995803833,11.720000267028809,11.632499694824219,11.6899995803833,23521,0.0,0.0,2022-03-17
1150,2022-03-17 15:30:00-04:00,11.675000190734863,11.739999771118164,11.649999618530273,11.710000038146973,36696,0.0,0.0,2022-03-17
1151,2022-03-18 09:30:00-04:00,11.5600004196167,11.795000076293945,11.5,11.6899995803833,43438,0.0,0.0,2022-03-18
1152,2022-03-18 10:30:00-04:00,11.6899995803833,11.6899995803833,11.59000015258789,11.609999656677246,8889,0.0,0.0,2022-03-18
1153,2022-03-18 11:30:00-04:00,11.600000381469727,11.630000114440918,11.550000190734863,11.630000114440918,12597,0.0,0.0,2022-03-18
1154,2022-03-18 12:30:00-04:00,11.645000457763672,11.645000457763672,11.529999732971191,11.574999809265137,15516,0.0,0.0,2022-03-18
1155,2022-03-18 13:30:00-04:00,11.574999809265137,11.645000457763672,11.574999809265137,11.645000457763672,6374,0.0,0.0,2022-03-18
1156,2022-03-18 14:30:00-04:00,11.640000343322754,11.729999542236328,11.619999885559082,11.699999809265137,17933,0.0,0.0,2022-03-18
1157,2022-03-18 15:30:00-04:00,11.692299842834473,11.699999809265137,11.569999694824219,11.630000114440918,44847,0.0,0.0,2022-03-18
1158,2022-03-21 09:30:00-04:00,11.720000267028809,11.720000267028809,11.359999656677246,11.430000305175781,14524,0.0,0.0,2022-03-21
1159,2022-03-21 10:30:00-04:00,11.399999618530273,11.449999809265137,11.380000114440918,11.390000343322754,7632,0.0,0.0,2022-03-21
1160,2022-03-21 11:30:00-04:00,11.345600128173828,11.40999984741211,11.326000213623047,11.40999984741211,11399,0.0,0.0,2022-03-21
1161,2022-03-21 12:30:00-04:00,11.40999984741211,11.40999984741211,11.28499984741211,11.289999961853027,20881,0.0,0.0,2022-03-21
1162,2022-03-21 13:30:00-04:00,11.289999961853027,11.34000015258789,11.25409984588623,11.329999923706055,17592,0.0,0.0,2022-03-21
1163,2022-03-21 14:30:00-04:00,11.319999694824219,11.329999923706055,11.279999732971191,11.3100004196167,15350,0.0,0.0,2022-03-21
1164,2022-03-21 15:30:00-04:00,11.289999961853027,11.3100004196167,11.239999771118164,11.3100004196167,26584,0.0,0.0,2022-03-21
1165,2022-03-22 09:30:00-04:00,11.34000015258789,11.579999923706055,11.34000015258789,11.515800476074219,8768,0.0,0.0,2022-03-22
1166,2022-03-22 10:30:00-04:00,11.487899780273438,11.5,11.453800201416016,11.460000038146973,6229,0.0,0.0,2022-03-22
1167,2022-03-22 11:30:00-04:00,11.430100440979004,11.449999809265137,11.380000114440918,11.4399995803833,7131,0.0,0.0,2022-03-22
1168,2022-03-22 12:30:00-04:00,11.46500015258789,11.520000457763672,11.46500015258789,11.520000457763672,5262,0.0,0.0,2022-03-22
1169,2022-03-22 13:30:00-04:00,11.510000228881836,11.529999732971191,11.449999809265137,11.454999923706055,12792,0.0,0.0,2022-03-22
1170,2022-03-22 14:30:00-04:00,11.479999542236328,11.509900093078613,11.4399995803833,11.449999809265137,16069,0.0,0.0,2022-03-22
1171,2022-03-22 15:30:00-04:00,11.449999809265137,11.5,11.4399995803833,11.489999771118164,23809,0.0,0.0,2022-03-22
1172,2022-03-23 09:30:00-04:00,11.399999618530273,11.399999618530273,11.279999732971191,11.361700057983398,16576,0.0,0.0,2022-03-23
1173,2022-03-23 10:30:00-04:00,11.369999885559082,11.470000267028809,11.369999885559082,11.470000267028809,7024,0.0,0.0,2022-03-23
1174,2022-03-23 11:30:00-04:00,11.470000267028809,11.470000267028809,11.40999984741211,11.430000305175781,6473,0.0,0.0,2022-03-23
1175,2022-03-23 12:30:00-04:00,11.40999984741211,11.40999984741211,11.350000381469727,11.350000381469727,5896,0.0,0.0,2022-03-23
1176,2022-03-23 13:30:00-04:00,11.359999656677246,11.420000076293945,11.359999656677246,11.390000343322754,5471,0.0,0.0,2022-03-23
1177,2022-03-23 14:30:00-04:00,11.390000343322754,11.430000305175781,11.369999885559082,11.430000305175781,8563,0.0,0.0,2022-03-23
1178,2022-03-23 15:30:00-04:00,11.40999984741211,11.430000305175781,11.329999923706055,11.329999923706055,20898,0.0,0.0,2022-03-23
1179,2022-03-24 09:30:00-04:00,11.380000114440918,11.640000343322754,11.210000038146973,11.329999923706055,0,0.0,0.0,2022-03-24
1180,2022-03-24 10:30:00-04:00,11.350000381469727,11.390000343322754,11.319999694824219,11.369999885559082,10697,0.0,0.0,2022-03-24
1181,2022-03-24 11:30:00-04:00,11.399999618530273,11.460000038146973,11.399999618530273,11.444999694824219,9393,0.0,0.0,2022-03-24
1182,2022-03-24 12:30:00-04:00,11.4399995803833,11.477100372314453,11.437299728393555,11.470000267028809,9554,0.0,0.0,2022-03-24
1183,2022-03-24 13:30:00-04:00,11.470000267028809,11.479999542236328,11.449999809265137,11.470000267028809,6737,0.0,0.0,2022-03-24
1184,2022-03-24 14:30:00-04:00,11.470000267028809,11.600000381469727,11.470000267028809,11.5600004196167,23990,0.0,0.0,2022-03-24
1185,2022-03-24 15:30:00-04:00,11.569999694824219,11.59000015258789,11.539999961853027,11.579999923706055,13802,0.0,0.0,2022-03-24
1186,2022-03-25 09:30:00-04:00,11.529999732971191,11.609999656677246,11.449999809265137,11.569999694824219,8160,0.0,0.0,2022-03-25
1187,2022-03-25 10:30:00-04:00,11.569999694824219,11.59000015258789,11.460000038146973,11.470000267028809,7292,0.0,0.0,2022-03-25
1188,2022-03-25 11:30:00-04:00,11.470000267028809,11.53499984741211,11.470000267028809,11.510000228881836,4332,0.0,0.0,2022-03-25
1189,2022-03-25 12:30:00-04:00,11.479999542236328,11.5,11.460000038146973,11.470000267028809,3896,0.0,0.0,2022-03-25
1190,2022-03-25 13:30:00-04:00,11.454899787902832,11.477999687194824,11.4399995803833,11.477999687194824,5313,0.0,0.0,2022-03-25
1191,2022-03-25 14:30:00-04:00,11.460000038146973,11.46500015258789,11.380000114440918,11.380000114440918,7464,0.0,0.0,2022-03-25
1192,2022-03-25 15:30:00-04:00,11.380000114440918,11.470000267028809,11.329999923706055,11.4399995803833,42215,0.0,0.0,2022-03-25
1193,2022-03-28 09:30:00-04:00,11.420000076293945,11.579999923706055,11.359999656677246,11.359999656677246,11432,0.0,0.0,2022-03-28
1194,2022-03-28 10:30:00-04:00,11.369999885559082,11.40999984741211,11.359999656677246,11.40999984741211,4154,0.0,0.0,2022-03-28
1195,2022-03-28 11:30:00-04:00,11.420000076293945,11.420000076293945,11.399999618530273,11.40999984741211,3893,0.0,0.0,2022-03-28
1196,2022-03-28 12:30:00-04:00,11.390999794006348,11.414999961853027,11.319999694824219,11.34000015258789,9773,0.0,0.0,2022-03-28
1197,2022-03-28 13:30:00-04:00,11.329999923706055,11.359999656677246,11.293299674987793,11.295999526977539,11172,0.0,0.0,2022-03-28
1198,2022-03-28 14:30:00-04:00,11.295000076293945,11.350000381469727,11.270000457763672,11.350000381469727,9286,0.0,0.0,2022-03-28
1199,2022-03-28 15:30:00-04:00,11.348999977111816,11.395000457763672,11.319999694824219,11.369999885559082,28582,0.0,0.0,2022-03-28
1200,2022-03-29 09:30:00-04:00,11.510000228881836,11.880000114440918,11.510000228881836,11.795000076293945,47608,0.0,0.0,2022-03-29
1201,2022-03-29 10:30:00-04:00,11.805000305175781,11.835000038146973,11.739999771118164,11.779999732971191,18628,0.0,0.0,2022-03-29
1202,2022-03-29 11:30:00-04:00,11.789999961853027,11.800000190734863,11.710000038146973,11.720000267028809,15872,0.0,0.0,2022-03-29
1203,2022-03-29 12:30:00-04:00,11.710000038146973,11.710000038146973,11.649999618530273,11.670000076293945,7463,0.0,0.0,2022-03-29
1204,2022-03-29 13:30:00-04:00,11.669899940490723,11.760000228881836,11.669400215148926,11.739999771118164,12085,0.0,0.0,2022-03-29
1205,2022-03-29 14:30:00-04:00,11.75,11.800000190734863,11.720000267028809,11.725000381469727,21681,0.0,0.0,2022-03-29
1206,2022-03-29 15:30:00-04:00,11.720000267028809,11.729999542236328,11.65999984741211,11.710000038146973,38561,0.0,0.0,2022-03-29
1207,2022-03-30 09:30:00-04:00,11.699999809265137,11.739999771118164,11.630000114440918,11.680000305175781,6551,0.0,0.0,2022-03-30
1208,2022-03-30 10:30:00-04:00,11.654999732971191,11.6899995803833,11.649999618530273,11.6899995803833,9199,0.0,0.0,2022-03-30
1209,2022-03-30 11:30:00-04:00,11.680000305175781,11.720000267028809,11.670000076293945,11.694999694824219,3775,0.0,0.0,2022-03-30
1210,2022-03-30 12:30:00-04:00,11.699999809265137,11.720000267028809,11.65999984741211,11.65999984741211,5789,0.0,0.0,2022-03-30
1211,2022-03-30 13:30:00-04:00,11.65999984741211,11.65999984741211,11.574999809265137,11.579999923706055,18631,0.0,0.0,2022-03-30
1212,2022-03-30 14:30:00-04:00,11.569999694824219,11.579999923706055,11.5,11.520000457763672,15770,0.0,0.0,2022-03-30
1213,2022-03-30 15:30:00-04:00,11.520000457763672,11.550000190734863,11.4399995803833,11.4399995803833,35006,0.0,0.0,2022-03-30
1214,2022-03-31 09:30:00-04:00,11.470000267028809,11.537300109863281,11.399999618530273,11.420000076293945,6390,0.0,0.0,2022-03-31
1215,2022-03-31 10:30:00-04:00,11.4399995803833,11.569999694824219,11.420000076293945,11.529999732971191,6526,0.0,0.0,2022-03-31
1216,2022-03-31 11:30:00-04:00,11.550000190734863,11.600000381469727,11.529999732971191,11.579999923706055,8139,0.0,0.0,2022-03-31
1217,2022-03-31 12:30:00-04:00,11.59000015258789,11.640000343322754,11.544400215148926,11.569999694824219,10157,0.0,0.0,2022-03-31
1218,2022-03-31 13:30:00-04:00,11.619999885559082,11.640000343322754,11.600000381469727,11.609999656677246,9502,0.0,0.0,2022-03-31
1219,2022-03-31 14:30:00-04:00,11.609999656677246,11.699999809265137,11.609999656677246,11.649999618530273,16933,0.0,0.0,2022-03-31
1220,2022-03-31 15:30:00-04:00,11.664999961853027,11.664999961853027,11.595000267028809,11.619999885559082,26838,0.0,0.0,2022-03-31
1221,2022-04-01 09:30:00-04:00,11.619999885559082,11.739899635314941,11.470000267028809,11.470000267028809,0,0.0,0.0,2022-04-01
1222,2022-04-01 10:30:00-04:00,11.489999771118164,11.510000228881836,11.420000076293945,11.449999809265137,17317,0.0,0.0,2022-04-01
1223,2022-04-01 11:30:00-04:00,11.454999923706055,11.454999923706055,11.390000343322754,11.449999809265137,10542,0.0,0.0,2022-04-01
1224,2022-04-01 12:30:00-04:00,11.4399995803833,11.539999961853027,11.4399995803833,11.5,17480,0.0,0.0,2022-04-01
1225,2022-04-01 13:30:00-04:00,11.489999771118164,11.5,11.479999542236328,11.489999771118164,8441,0.0,0.0,2022-04-01
1226,2022-04-01 14:30:00-04:00,11.510000228881836,11.5600004196167,11.489999771118164,11.529999732971191,14149,0.0,0.0,2022-04-01
1227,2022-04-01 15:30:00-04:00,11.529999732971191,11.609999656677246,11.529999732971191,11.59000015258789,25247,0.0,0.0,2022-04-01
1228,2022-04-04 09:30:00-04:00,11.640000343322754,11.640000343322754,11.329999923706055,11.369999885559082,9057,0.0,0.0,2022-04-04
1229,2022-04-04 10:30:00-04:00,11.449999809265137,11.520000457763672,11.425000190734863,11.5,7829,0.0,0.0,2022-04-04
1230,2022-04-04 11:30:00-04:00,11.50220012664795,11.609999656677246,11.50220012664795,11.550000190734863,6817,0.0,0.0,2022-04-04
1231,2022-04-04 12:30:00-04:00,11.550000190734863,11.649999618530273,11.510000228881836,11.604999542236328,37025,0.0,0.0,2022-04-04
1232,2022-04-04 13:30:00-04:00,11.616000175476074,11.680000305175781,11.604999542236328,11.636699676513672,9931,0.0,0.0,2022-04-04
1233,2022-04-04 14:30:00-04:00,11.656399726867676,11.729999542236328,11.619999885559082,11.720000267028809,25918,0.0,0.0,2022-04-04
1234,2022-04-04 15:30:00-04:00,11.729999542236328,11.75,11.6899995803833,11.729999542236328,21279,0.0,0.0,2022-04-04
1235,2022-04-05 09:30:00-04:00,11.739999771118164,11.770000457763672,11.489999771118164,11.510000228881836,13974,0.0,0.0,2022-04-05
1236,2022-04-05 10:30:00-04:00,11.520000457763672,11.569999694824219,11.510000228881836,11.550000190734863,5194,0.0,0.0,2022-04-05
1237,2022-04-05 11:30:00-04:00,11.5649995803833,11.619999885559082,11.5600004196167,11.569999694824219,5893,0.0,0.0,2022-04-05
1238,2022-04-05 12:30:00-04:00,11.569999694824219,11.699999809265137,11.569999694824219,11.640000343322754,9121,0.0,0.0,2022-04-05
1239,2022-04-05 13:30:00-04:00,11.640000343322754,11.670000076293945,11.609999656677246,11.649999618530273,5833,0.0,0.0,2022-04-05
1240,2022-04-05 14:30:00-04:00,11.640000343322754,11.680000305175781,11.600000381469727,11.600000381469727,17487,0.0,0.0,2022-04-05
1241,2022-04-05 15:30:00-04:00,11.600000381469727,11.619999885559082,11.539999961853027,11.579999923706055,21466,0.0,0.0,2022-04-05
1242,2022-04-06 09:30:00-04:00,11.510000228881836,11.6899995803833,11.15999984741211,11.260000228881836,17567,0.0,0.0,2022-04-06
1243,2022-04-06 10:30:00-04:00,11.270000457763672,11.40999984741211,11.270000457763672,11.375,17276,0.0,0.0,2022-04-06
1244,2022-04-06 11:30:00-04:00,11.380000114440918,11.390000343322754,11.319999694824219,11.350000381469727,12856,0.0,0.0,2022-04-06
1245,2022-04-06 12:30:00-04:00,11.350000381469727,11.489999771118164,11.350000381469727,11.489999771118164,16763,0.0,0.0,2022-04-06
1246,2022-04-06 13:30:00-04:00,11.5,11.529999732971191,11.420000076293945,11.430000305175781,11799,0.0,0.0,2022-04-06
1247,2022-04-06 14:30:00-04:00,11.4399995803833,11.524999618530273,11.4399995803833,11.460000038146973,13492,0.0,0.0,2022-04-06
1248,2022-04-06 15:30:00-04:00,11.40999984741211,11.430000305175781,11.34000015258789,11.359999656677246,18706,0.0,0.0,2022-04-06
1249,2022-04-07 09:30:00-04:00,11.34000015258789,11.425000190734863,11.180000305175781,11.180000305175781,10689,0.0,0.0,2022-04-07
1250,2022-04-07 10:30:00-04:00,11.220000267028809,11.220000267028809,11.145000457763672,11.149999618530273,11030,0.0,0.0,2022-04-07
1251,2022-04-07 11:30:00-04:00,11.180000305175781,11.204999923706055,11.125,11.140000343322754,12500,0.0,0.0,2022-04-07
1252,2022-04-07 12:30:00-04:00,11.130000114440918,11.206999778747559,11.120100021362305,11.199999809265137,7816,0.0,0.0,2022-04-07
1253,2022-04-07 13:30:00-04:00,11.202799797058105,11.3100004196167,11.202799797058105,11.3100004196167,19606,0.0,0.0,2022-04-07
1254,2022-04-07 14:30:00-04:00,11.289999961853027,11.361900329589844,11.270000457763672,11.34000015258789,11308,0.0,0.0,2022-04-07
1255,2022-04-07 15:30:00-04:00,11.350000381469727,11.364999771118164,11.279999732971191,11.319999694824219,17824,0.0,0.0,2022-04-07
1256,2022-04-08 09:30:00-04:00,11.329999923706055,11.329999923706055,11.15999984741211,11.1899995803833,9770,0.0,0.0,2022-04-08
1257,2022-04-08 10:30:00-04:00,11.194999694824219,11.25,11.130000114440918,11.219799995422363,37908,0.0,0.0,2022-04-08
1258,2022-04-08 11:30:00-04:00,11.260000228881836,11.3100004196167,11.199999809265137,11.199999809265137,9696,0.0,0.0,2022-04-08
1259,2022-04-08 12:30:00-04:00,11.199999809265137,11.220000267028809,11.170000076293945,11.170000076293945,5185,0.0,0.0,2022-04-08
1260,2022-04-08 13:30:00-04:00,11.164999961853027,11.350000381469727,11.149999618530273,11.319999694824219,74069,0.0,0.0,2022-04-08
1261,2022-04-08 14:30:00-04:00,11.329999923706055,11.430000305175781,11.329999923706055,11.354999542236328,26556,0.0,0.0,2022-04-08
1262,2022-04-08 15:30:00-04:00,11.350000381469727,11.369999885559082,11.270000457763672,11.300000190734863,52804,0.0,0.0,2022-04-08
1263,2022-04-11 09:30:00-04:00,11.210000038146973,11.399999618530273,11.210000038146973,11.265000343322754,17253,0.0,0.0,2022-04-11
1264,2022-04-11 10:30:00-04:00,11.255000114440918,11.274999618530273,11.170000076293945,11.1899995803833,14878,0.0,0.0,2022-04-11
1265,2022-04-11 11:30:00-04:00,11.210000038146973,11.239999771118164,11.170000076293945,11.180000305175781,11465,0.0,0.0,2022-04-11
1266,2022-04-11 12:30:00-04:00,11.172100067138672,11.220000267028809,11.130000114440918,11.199999809265137,19784,0.0,0.0,2022-04-11
1267,2022-04-11 13:30:00-04:00,11.204999923706055,11.359999656677246,11.1899995803833,11.210000038146973,63335,0.0,0.0,2022-04-11
1268,2022-04-11 14:30:00-04:00,11.199999809265137,11.21500015258789,11.119999885559082,11.170000076293945,42554,0.0,0.0,2022-04-11
1269,2022-04-11 15:30:00-04:00,11.170000076293945,11.180000305175781,11.09000015258789,11.09000015258789,46132,0.0,0.0,2022-04-11
1270,2022-04-12 09:30:00-04:00,11.220000267028809,11.359999656677246,11.160599708557129,11.301600456237793,15102,0.0,0.0,2022-04-12
1271,2022-04-12 10:30:00-04:00,11.3100004196167,11.359999656677246,11.274999618530273,11.359999656677246,15942,0.0,0.0,2022-04-12
1272,2022-04-12 11:30:00-04:00,11.345800399780273,11.40999984741211,11.270000457763672,11.270000457763672,13683,0.0,0.0,2022-04-12
1273,2022-04-12 12:30:00-04:00,11.279999732971191,11.359999656677246,11.279999732971191,11.359999656677246,10638,0.0,0.0,2022-04-12
1274,2022-04-12 13:30:00-04:00,11.390000343322754,11.390000343322754,11.229999542236328,11.229999542236328,13248,0.0,0.0,2022-04-12
1275,2022-04-12 14:30:00-04:00,11.220000267028809,11.25,11.149999618530273,11.15999984741211,26825,0.0,0.0,2022-04-12
1276,2022-04-12 15:30:00-04:00,11.15999984741211,11.239999771118164,11.119999885559082,11.130000114440918,104930,0.0,0.0,2022-04-12
1277,2022-04-13 09:30:00-04:00,11.289999961853027,11.425000190734863,11.119999885559082,11.119999885559082,0,0.0,0.0,2022-04-13
1278,2022-04-13 10:30:00-04:00,11.109999656677246,11.164999961853027,11.069999694824219,11.069999694824219,55960,0.0,0.0,2022-04-13
1279,2022-04-13 11:30:00-04:00,11.069999694824219,11.085000038146973,10.960000038146973,11.0,34359,0.0,0.0,2022-04-13
1280,2022-04-13 12:30:00-04:00,11.0,11.225000381469727,10.960000038146973,11.164999961853027,127242,0.0,0.0,2022-04-13
1281,2022-04-13 13:30:00-04:00,11.164999961853027,11.170000076293945,11.069999694824219,11.100000381469727,24234,0.0,0.0,2022-04-13
1282,2022-04-13 14:30:00-04:00,11.09000015258789,11.140000343322754,11.039999961853027,11.109999656677246,39798,0.0,0.0,2022-04-13
1283,2022-04-13 15:30:00-04:00,11.109999656677246,11.109999656677246,10.979999542236328,11.0,51880,0.0,0.0,2022-04-13
1284,2022-04-14 09:30:00-04:00,11.0600004196167,11.140000343322754,10.88759994506836,11.085000038146973,44023,0.0,0.0,2022-04-14
1285,2022-04-14 10:30:00-04:00,11.100000381469727,11.295000076293945,11.069999694824219,11.289999961853027,36469,0.0,0.0,2022-04-14
1286,2022-04-14 11:30:00-04:00,11.279999732971191,11.279999732971191,11.149999618530273,11.15999984741211,30998,0.0,0.0,2022-04-14
1287,2022-04-14 12:30:00-04:00,11.15999984741211,11.182499885559082,11.140000343322754,11.170000076293945,13877,0.0,0.0,2022-04-14
1288,2022-04-14 13:30:00-04:00,11.170000076293945,11.270000457763672,11.170000076293945,11.229999542236328,23996,0.0,0.0,2022-04-14
1289,2022-04-14 14:30:00-04:00,11.220000267028809,11.229999542236328,11.100000381469727,11.140000343322754,39401,0.0,0.0,2022-04-14
1290,2022-04-14 15:30:00-04:00,11.140000343322754,11.1899995803833,11.09000015258789,11.100000381469727,67731,0.0,0.0,2022-04-14
1291,2022-04-18 09:30:00-04:00,11.09000015258789,11.220000267028809,10.970000267028809,11.0600004196167,29242,0.0,0.0,2022-04-18
1292,2022-04-18 10:30:00-04:00,11.0600004196167,11.0600004196167,10.920000076293945,10.970000267028809,18991,0.0,0.0,2022-04-18
1293,2022-04-18 11:30:00-04:00,10.979900360107422,11.0,10.829999923706055,10.850000381469727,27949,0.0,0.0,2022-04-18
1294,2022-04-18 12:30:00-04:00,10.835000038146973,10.970000267028809,10.819999694824219,10.960000038146973,27470,0.0,0.0,2022-04-18
1295,2022-04-18 13:30:00-04:00,10.949999809265137,11.00790023803711,10.944999694824219,10.949999809265137,27078,0.0,0.0,2022-04-18
1296,2022-04-18 14:30:00-04:00,10.9399995803833,10.970000267028809,10.9399995803833,10.9399995803833,12669,0.0,0.0,2022-04-18
1297,2022-04-18 15:30:00-04:00,10.9399995803833,10.960000038146973,10.880000114440918,10.899999618530273,74500,0.0,0.0,2022-04-18
1298,2022-04-19 09:30:00-04:00,10.9399995803833,11.023699760437012,10.869999885559082,10.989999771118164,33285,0.0,0.0,2022-04-19
1299,2022-04-19 10:30:00-04:00,11.0,11.130000114440918,10.989999771118164,11.100000381469727,28791,0.0,0.0,2022-04-19
1300,2022-04-19 11:30:00-04:00,11.109999656677246,11.239999771118164,11.100000381469727,11.210000038146973,22590,0.0,0.0,2022-04-19
1301,2022-04-19 12:30:00-04:00,11.199999809265137,11.239999771118164,11.199999809265137,11.229999542236328,7545,0.0,0.0,2022-04-19
1302,2022-04-19 13:30:00-04:00,11.220000267028809,11.229999542236328,11.119999885559082,11.140000343322754,12288,0.0,0.0,2022-04-19
1303,2022-04-19 14:30:00-04:00,11.130000114440918,11.149999618530273,11.039999961853027,11.047900199890137,23821,0.0,0.0,2022-04-19
1304,2022-04-19 15:30:00-04:00,11.045000076293945,11.050000190734863,10.979999542236328,11.0,55055,0.0,0.0,2022-04-19
1305,2022-04-20 09:30:00-04:00,11.15999984741211,11.260000228881836,11.0,11.119999885559082,17205,0.0,0.0,2022-04-20
1306,2022-04-20 10:30:00-04:00,11.130000114440918,11.15999984741211,11.079999923706055,11.109999656677246,12593,0.0,0.0,2022-04-20
1307,2022-04-20 11:30:00-04:00,11.100000381469727,11.170000076293945,11.100000381469727,11.130000114440918,12968,0.0,0.0,2022-04-20
1308,2022-04-20 12:30:00-04:00,11.135000228881836,11.149999618530273,11.09000015258789,11.09000015258789,10273,0.0,0.0,2022-04-20
1309,2022-04-20 13:30:00-04:00,11.09000015258789,11.100000381469727,11.050000190734863,11.069999694824219,10566,0.0,0.0,2022-04-20
1310,2022-04-20 14:30:00-04:00,11.0600004196167,11.0600004196167,11.020000457763672,11.029999732971191,22384,0.0,0.0,2022-04-20
1311,2022-04-20 15:30:00-04:00,11.029999732971191,11.050000190734863,10.979999542236328,11.0,39431,0.0,0.0,2022-04-20
1312,2022-04-21 09:30:00-04:00,11.039999961853027,11.100000381469727,10.970000267028809,10.989999771118164,17115,0.0,0.0,2022-04-21
1313,2022-04-21 10:30:00-04:00,10.994999885559082,11.010000228881836,10.90999984741211,10.949999809265137,16848,0.0,0.0,2022-04-21
1314,2022-04-21 11:30:00-04:00,10.949999809265137,10.960000038146973,10.90999984741211,10.949999809265137,8437,0.0,0.0,2022-04-21
1315,2022-04-21 12:30:00-04:00,10.960000038146973,10.989999771118164,10.920000076293945,10.970000267028809,12133,0.0,0.0,2022-04-21
1316,2022-04-21 13:30:00-04:00,10.989999771118164,10.989999771118164,10.880000114440918,10.979999542236328,19698,0.0,0.0,2022-04-21
1317,2022-04-21 14:30:00-04:00,10.975000381469727,10.975000381469727,10.869999885559082,10.899999618530273,24668,0.0,0.0,2022-04-21
1318,2022-04-21 15:30:00-04:00,10.890000343322754,10.899999618530273,10.859999656677246,10.869999885559082,43346,0.0,0.0,2022-04-21
1319,2022-04-22 09:30:00-04:00,10.850000381469727,10.899999618530273,10.739999771118164,10.75,16767,0.0,0.0,2022-04-22
1320,2022-04-22 10:30:00-04:00,10.729999542236328,10.770000457763672,10.680000305175781,10.6850004196167,12461,0.0,0.0,2022-04-22
1321,2022-04-22 11:30:00-04:00,10.6899995803833,10.739999771118164,10.682000160217285,10.739999771118164,28169,0.0,0.0,2022-04-22
1322,2022-04-22 12:30:00-04:00,10.739999771118164,10.795900344848633,10.699999809265137,10.770000457763672,22719,0.0,0.0,2022-04-22
1323,2022-04-22 13:30:00-04:00,10.760000228881836,10.770000457763672,10.699999809265137,10.729999542236328,10722,0.0,0.0,2022-04-22
1324,2022-04-22 14:30:00-04:00,10.710000038146973,10.729999542236328,10.630000114440918,10.679800033569336,54555,0.0,0.0,2022-04-22
1325,2022-04-22 15:30:00-04:00,10.680000305175781,10.760000228881836,10.670000076293945,10.680000305175781,43322,0.0,0.0,2022-04-22
1326,2022-04-25 09:30:00-04:00,10.600000381469727,10.739999771118164,10.520000457763672,10.6899995803833,15207,0.0,0.0,2022-04-25
1327,2022-04-25 10:30:00-04:00,10.6899995803833,10.71500015258789,10.569999694824219,10.600000381469727,8394,0.0,0.0,2022-04-25
1328,2022-04-25 11:30:00-04:00,10.619999885559082,10.729999542236328,10.604999542236328,10.699999809265137,12127,0.0,0.0,2022-04-25
1329,2022-04-25 12:30:00-04:00,10.699999809265137,10.760000228881836,10.664999961853027,10.708999633789062,14669,0.0,0.0,2022-04-25
1330,2022-04-25 13:30:00-04:00,10.71500015258789,10.78499984741211,10.670000076293945,10.779999732971191,17767,0.0,0.0,2022-04-25
1331,2022-04-25 14:30:00-04:00,10.786199569702148,10.786199569702148,10.65999984741211,10.729999542236328,19357,0.0,0.0,2022-04-25
1332,2022-04-25 15:30:00-04:00,10.734999656677246,10.779999732971191,10.720000267028809,10.739999771118164,32952,0.0,0.0,2022-04-25
1333,2022-04-26 09:30:00-04:00,10.600000381469727,10.75,10.520000457763672,10.545000076293945,27124,0.0,0.0,2022-04-26
1334,2022-04-26 10:30:00-04:00,10.5600004196167,10.5600004196167,10.40999984741211,10.479999542236328,18870,0.0,0.0,2022-04-26
1335,2022-04-26 11:30:00-04:00,10.479999542236328,10.5,10.395000457763672,10.4399995803833,18027,0.0,0.0,2022-04-26
1336,2022-04-26 12:30:00-04:00,10.449999809265137,10.479999542236328,10.369999885559082,10.380000114440918,27325,0.0,0.0,2022-04-26
1337,2022-04-26 13:30:00-04:00,10.350000381469727,10.399999618530273,10.300000190734863,10.369999885559082,52167,0.0,0.0,2022-04-26
1338,2022-04-26 14:30:00-04:00,10.359999656677246,10.380000114440918,10.300000190734863,10.30109977722168,17926,0.0,0.0,2022-04-26
1339,2022-04-26 15:30:00-04:00,10.300000190734863,10.345999717712402,10.279999732971191,10.289999961853027,65861,0.0,0.0,2022-04-26
1340,2022-04-27 09:30:00-04:00,10.369999885559082,10.640000343322754,10.319999694824219,10.369999885559082,21615,0.0,0.0,2022-04-27
1341,2022-04-27 10:30:00-04:00,10.380000114440918,10.4399995803833,10.319999694824219,10.369999885559082,30215,0.0,0.0,2022-04-27
1342,2022-04-27 11:30:00-04:00,10.380000114440918,10.5,10.359999656677246,10.489999771118164,18594,0.0,0.0,2022-04-27
1343,2022-04-27 12:30:00-04:00,10.510000228881836,10.510000228881836,10.430000305175781,10.460000038146973,21174,0.0,0.0,2022-04-27
1344,2022-04-27 13:30:00-04:00,10.470000267028809,10.539999961853027,10.449999809265137,10.460000038146973,23288,0.0,0.0,2022-04-27
1345,2022-04-27 14:30:00-04:00,10.449999809265137,10.510000228881836,10.350000381469727,10.380000114440918,40790,0.0,0.0,2022-04-27
1346,2022-04-27 15:30:00-04:00,10.375,10.40999984741211,10.350000381469727,10.359999656677246,32802,0.0,0.0,2022-04-27
1347,2022-04-28 09:30:00-04:00,10.40999984741211,10.569999694824219,10.399999618530273,10.479999542236328,24094,0.0,0.0,2022-04-28
1348,2022-04-28 10:30:00-04:00,10.470000267028809,10.5600004196167,10.470000267028809,10.5600004196167,20208,0.0,0.0,2022-04-28
1349,2022-04-28 11:30:00-04:00,10.579999923706055,10.779999732971191,10.579999923706055,10.779999732971191,55717,0.0,0.0,2022-04-28
1350,2022-04-28 12:30:00-04:00,10.789999961853027,10.9350004196167,10.789999961853027,10.930000305175781,25255,0.0,0.0,2022-04-28
1351,2022-04-28 13:30:00-04:00,10.922100067138672,11.0,10.90999984741211,10.96500015258789,38268,0.0,0.0,2022-04-28
1352,2022-04-28 14:30:00-04:00,10.96500015258789,10.970000267028809,10.890000343322754,10.90999984741211,19297,0.0,0.0,2022-04-28
1353,2022-04-28 15:30:00-04:00,10.914999961853027,10.970000267028809,10.899999618530273,10.970000267028809,39967,0.0,0.0,2022-04-28
1354,2022-04-29 09:30:00-04:00,10.850000381469727,11.020000457763672,10.850000381469727,10.869999885559082,12243,0.0,0.0,2022-04-29
1355,2022-04-29 10:30:00-04:00,10.860099792480469,10.880000114440918,10.789999961853027,10.869999885559082,19957,0.0,0.0,2022-04-29
1356,2022-04-29 11:30:00-04:00,10.869999885559082,10.90999984741211,10.75,10.800000190734863,13096,0.0,0.0,2022-04-29
1357,2022-04-29 12:30:00-04:00,10.75,10.8100004196167,10.71500015258789,10.789999961853027,16710,0.0,0.0,2022-04-29
1358,2022-04-29 13:30:00-04:00,10.84000015258789,10.850000381469727,10.729999542236328,10.729999542236328,13372,0.0,0.0,2022-04-29
1359,2022-04-29 14:30:00-04:00,10.729999542236328,10.739999771118164,10.619999885559082,10.670000076293945,22747,0.0,0.0,2022-04-29
1360,2022-04-29 15:30:00-04:00,10.65999984741211,10.710000038146973,10.614999771118164,10.65999984741211,34846,0.0,0.0,2022-04-29
1361,2022-05-02 09:30:00-04:00,10.720000267028809,10.850000381469727,10.59000015258789,10.734999656677246,40640,0.0,0.0,2022-05-02
1362,2022-05-02 10:30:00-04:00,10.770000457763672,10.800000190734863,10.614999771118164,10.640000343322754,12679,0.0,0.0,2022-05-02
1363,2022-05-02 11:30:00-04:00,10.640000343322754,10.729999542236328,10.619999885559082,10.699999809265137,13672,0.0,0.0,2022-05-02
1364,2022-05-02 12:30:00-04:00,10.699999809265137,10.720000267028809,10.583399772644043,10.609999656677246,14942,0.0,0.0,2022-05-02
1365,2022-05-02 13:30:00-04:00,10.619999885559082,10.649999618530273,10.529999732971191,10.574999809265137,25353,0.0,0.0,2022-05-02
1366,2022-05-02 14:30:00-04:00,10.569999694824219,10.720000267028809,10.520000457763672,10.699999809265137,40332,0.0,0.0,2022-05-02
1367,2022-05-02 15:30:00-04:00,10.71500015258789,10.75,10.699999809265137,10.75,24364,0.0,0.0,2022-05-02
1368,2022-05-03 09:30:00-04:00,10.760000228881836,10.774999618530273,10.550000190734863,10.609999656677246,12247,0.0,0.0,2022-05-03
1369,2022-05-03 10:30:00-04:00,10.609999656677246,10.699999809265137,10.53499984741211,10.699999809265137,19625,0.0,0.0,2022-05-03
1370,2022-05-03 11:30:00-04:00,10.75,10.829999923706055,10.739999771118164,10.789999961853027,13113,0.0,0.0,2022-05-03
1371,2022-05-03 12:30:00-04:00,10.770000457763672,10.850000381469727,10.770000457763672,10.84000015258789,15856,0.0,0.0,2022-05-03
1372,2022-05-03 13:30:00-04:00,10.829999923706055,10.970000267028809,10.829999923706055,10.845000267028809,23324,0.0,0.0,2022-05-03
1373,2022-05-03 14:30:00-04:00,10.84000015258789,10.949999809265137,10.84000015258789,10.9350004196167,19158,0.0,0.0,2022-05-03
1374,2022-05-03 15:30:00-04:00,10.890000343322754,10.920000076293945,10.84000015258789,10.84000015258789,32942,0.0,0.0,2022-05-03
1375,2022-05-04 09:30:00-04:00,10.880000114440918,11.039999961853027,10.869999885559082,10.899999618530273,0,0.0,0.0,2022-05-04
1376,2022-05-04 10:30:00-04:00,10.880000114440918,10.899999618530273,10.800299644470215,10.819999694824219,22804,0.0,0.0,2022-05-04
1377,2022-05-04 11:30:00-04:00,10.8100004196167,10.829999923706055,10.760000228881836,10.805000305175781,12655,0.0,0.0,2022-05-04
1378,2022-05-04 12:30:00-04:00,10.824999809265137,10.859999656677246,10.760000228881836,10.859999656677246,23445,0.0,0.0,2022-05-04
1379,2022-05-04 13:30:00-04:00,10.859999656677246,10.9399995803833,10.84000015258789,10.930000305175781,19751,0.0,0.0,2022-05-04
1380,2022-05-04 14:30:00-04:00,10.90999984741211,11.190099716186523,10.859999656677246,11.190099716186523,50054,0.0,0.0,2022-05-04
1381,2022-05-04 15:30:00-04:00,11.1899995803833,11.229999542236328,11.050000190734863,11.109999656677246,76357,0.0,0.0,2022-05-04
1382,2022-05-05 09:30:00-04:00,10.920000076293945,11.050000190734863,10.770000457763672,10.829999923706055,42858,0.0,0.0,2022-05-05
1383,2022-05-05 10:30:00-04:00,10.850000381469727,10.960000038146973,10.84000015258789,10.84000015258789,33103,0.0,0.0,2022-05-05
1384,2022-05-05 11:30:00-04:00,10.859999656677246,10.970000267028809,10.859999656677246,10.9399995803833,21858,0.0,0.0,2022-05-05
1385,2022-05-05 12:30:00-04:00,10.90999984741211,11.180000305175781,10.90999984741211,11.180000305175781,29282,0.0,0.0,2022-05-05
1386,2022-05-05 13:30:00-04:00,11.1899995803833,11.350000381469727,10.960000038146973,10.975000381469727,73946,0.0,0.0,2022-05-05
1387,2022-05-05 14:30:00-04:00,10.960000038146973,11.079999923706055,10.927499771118164,10.960000038146973,43829,0.0,0.0,2022-05-05
1388,2022-05-05 15:30:00-04:00,10.961199760437012,10.989999771118164,10.890000343322754,10.949999809265137,51351,0.0,0.0,2022-05-05
1389,2022-05-06 09:30:00-04:00,10.979999542236328,11.130000114440918,10.920000076293945,11.050000190734863,34917,0.0,0.0,2022-05-06
1390,2022-05-06 10:30:00-04:00,11.039999961853027,11.145000457763672,11.010000228881836,11.100000381469727,19976,0.0,0.0,2022-05-06
1391,2022-05-06 11:30:00-04:00,11.079999923706055,11.100000381469727,10.989999771118164,11.010000228881836,14656,0.0,0.0,2022-05-06
1392,2022-05-06 12:30:00-04:00,11.005000114440918,11.130000114440918,10.975000381469727,10.975000381469727,18271,0.0,0.0,2022-05-06
1393,2022-05-06 13:30:00-04:00,10.979999542236328,10.989999771118164,10.880000114440918,10.880000114440918,18916,0.0,0.0,2022-05-06
1394,2022-05-06 14:30:00-04:00,10.880000114440918,10.899999618530273,10.5,10.630000114440918,67899,0.0,0.0,2022-05-06
1395,2022-05-06 15:30:00-04:00,10.630000114440918,10.720000267028809,10.579999923706055,10.710000038146973,43233,0.0,0.0,2022-05-06
1396,2022-05-09 09:30:00-04:00,10.630000114440918,10.795000076293945,10.59000015258789,10.660099983215332,15602,0.0,0.0,2022-05-09
1397,2022-05-09 10:30:00-04:00,10.664999961853027,10.720000267028809,10.619999885559082,10.649999618530273,25867,0.0,0.0,2022-05-09
1398,2022-05-09 11:30:00-04:00,10.609999656677246,10.754400253295898,10.609999656677246,10.699999809265137,14061,0.0,0.0,2022-05-09
1399,2022-05-09 12:30:00-04:00,10.704999923706055,10.704999923706055,10.569999694824219,10.619999885559082,12946,0.0,0.0,2022-05-09
1400,2022-05-09 13:30:00-04:00,10.654999732971191,10.6899995803833,10.622300148010254,10.640000343322754,16807,0.0,0.0,2022-05-09
1401,2022-05-09 14:30:00-04:00,10.630000114440918,10.649999618530273,10.539999961853027,10.59000015258789,35459,0.0,0.0,2022-05-09
1402,2022-05-09 15:30:00-04:00,10.579999923706055,10.579999923706055,10.489999771118164,10.539999961853027,30822,0.0,0.0,2022-05-09
1403,2022-05-10 09:30:00-04:00,10.670000076293945,10.670000076293945,10.5,10.619999885559082,13047,0.0,0.0,2022-05-10
1404,2022-05-10 10:30:00-04:00,10.640000343322754,10.640000343322754,10.420000076293945,10.420000076293945,18652,0.0,0.0,2022-05-10
1405,2022-05-10 11:30:00-04:00,10.460000038146973,10.520000457763672,10.4399995803833,10.4399995803833,14148,0.0,0.0,2022-05-10
1406,2022-05-10 12:30:00-04:00,10.40999984741211,10.470000267028809,10.34000015258789,10.470000267028809,12694,0.0,0.0,2022-05-10
1407,2022-05-10 13:30:00-04:00,10.5,10.6899995803833,10.5,10.609999656677246,22641,0.0,0.0,2022-05-10
1408,2022-05-10 14:30:00-04:00,10.619999885559082,10.649999618530273,10.529999732971191,10.529999732971191,17758,0.0,0.0,2022-05-10
1409,2022-05-10 15:30:00-04:00,10.539999961853027,10.619999885559082,10.529999732971191,10.619999885559082,33819,0.0,0.0,2022-05-10
1410,2022-05-11 09:30:00-04:00,10.579999923706055,10.640000343322754,10.430000305175781,10.600000381469727,16174,0.0,0.0,2022-05-11
1411,2022-05-11 10:30:00-04:00,10.569999694824219,10.619999885559082,10.430000305175781,10.529899597167969,15115,0.0,0.0,2022-05-11
1412,2022-05-11 11:30:00-04:00,10.529999732971191,10.529999732971191,10.350000381469727,10.380000114440918,10777,0.0,0.0,2022-05-11
1413,2022-05-11 12:30:00-04:00,10.35990047454834,10.35990047454834,10.260000228881836,10.260000228881836,15143,0.0,0.0,2022-05-11
1414,2022-05-11 13:30:00-04:00,10.260000228881836,10.270000457763672,10.180000305175781,10.25,24187,0.0,0.0,2022-05-11
1415,2022-05-11 14:30:00-04:00,10.239999771118164,10.289999961853027,10.220000267028809,10.25,29414,0.0,0.0,2022-05-11
1416,2022-05-11 15:30:00-04:00,10.239999771118164,10.239999771118164,10.109999656677246,10.130000114440918,48563,0.0,0.0,2022-05-11
1417,2022-05-12 09:30:00-04:00,10.069999694824219,10.380000114440918,10.039999961853027,10.324999809265137,28629,0.0,0.0,2022-05-12
1418,2022-05-12 10:30:00-04:00,10.321499824523926,10.354999542236328,10.270000457763672,10.319999694824219,17180,0.0,0.0,2022-05-12
1419,2022-05-12 11:30:00-04:00,10.34000015258789,10.4399995803833,10.300000190734863,10.354999542236328,19407,0.0,0.0,2022-05-12
1420,2022-05-12 12:30:00-04:00,10.4350004196167,10.510000228881836,10.34000015258789,10.350000381469727,19729,0.0,0.0,2022-05-12
1421,2022-05-12 13:30:00-04:00,10.359999656677246,10.375,10.3100004196167,10.329999923706055,25769,0.0,0.0,2022-05-12
1422,2022-05-12 14:30:00-04:00,10.350000381469727,10.449999809265137,10.28499984741211,10.420000076293945,22623,0.0,0.0,2022-05-12
1423,2022-05-12 15:30:00-04:00,10.420000076293945,10.550000190734863,10.420000076293945,10.539999961853027,42429,0.0,0.0,2022-05-12
1424,2022-05-13 09:30:00-04:00,10.579999923706055,10.6899995803833,10.380000114440918,10.539999961853027,22941,0.0,0.0,2022-05-13
1425,2022-05-13 10:30:00-04:00,10.53499984741211,10.59000015258789,10.460000038146973,10.59000015258789,10944,0.0,0.0,2022-05-13
1426,2022-05-13 11:30:00-04:00,10.569999694824219,10.57450008392334,10.520099639892578,10.545000076293945,14901,0.0,0.0,2022-05-13
1427,2022-05-13 12:30:00-04:00,10.5600004196167,10.579999923706055,10.510000228881836,10.529999732971191,13366,0.0,0.0,2022-05-13
1428,2022-05-13 13:30:00-04:00,10.522000312805176,10.522000312805176,10.390000343322754,10.414999961853027,15555,0.0,0.0,2022-05-13
1429,2022-05-13 14:30:00-04:00,10.425000190734863,10.510000228881836,10.40999984741211,10.449999809265137,29196,0.0,0.0,2022-05-13
1430,2022-05-13 15:30:00-04:00,10.454999923706055,10.5,10.420000076293945,10.430000305175781,44155,0.0,0.0,2022-05-13
1431,2022-05-16 09:30:00-04:00,10.350000381469727,10.654999732971191,10.210000038146973,10.390000343322754,19748,0.0,0.0,2022-05-16
1432,2022-05-16 10:30:00-04:00,10.399999618530273,10.399999618530273,10.220000267028809,10.260000228881836,11740,0.0,0.0,2022-05-16
1433,2022-05-16 11:30:00-04:00,10.260000228881836,10.350000381469727,10.229999542236328,10.239999771118164,9654,0.0,0.0,2022-05-16
1434,2022-05-16 12:30:00-04:00,10.234999656677246,10.270000457763672,10.170000076293945,10.21500015258789,21312,0.0,0.0,2022-05-16
1435,2022-05-16 13:30:00-04:00,10.220000267028809,10.34000015258789,10.210000038146973,10.34000015258789,39629,0.0,0.0,2022-05-16
1436,2022-05-16 14:30:00-04:00,10.34000015258789,10.380000114440918,10.270000457763672,10.289999961853027,21297,0.0,0.0,2022-05-16
1437,2022-05-16 15:30:00-04:00,10.300000190734863,10.390000343322754,10.270000457763672,10.350000381469727,30697,0.0,0.0,2022-05-16
1438,2022-05-17 09:30:00-04:00,10.460000038146973,10.710000038146973,10.45930004119873,10.515000343322754,28646,0.0,0.0,2022-05-17
1439,2022-05-17 10:30:00-04:00,10.505000114440918,10.505000114440918,10.399999618530273,10.420000076293945,7691,0.0,0.0,2022-05-17
1440,2022-05-17 11:30:00-04:00,10.430000305175781,10.520000457763672,10.421899795532227,10.520000457763672,13559,0.0,0.0,2022-05-17
1441,2022-05-17 12:30:00-04:00,10.505000114440918,10.609999656677246,10.489999771118164,10.579999923706055,8791,0.0,0.0,2022-05-17
1442,2022-05-17 13:30:00-04:00,10.579999923706055,10.585000038146973,10.529999732971191,10.550000190734863,8172,0.0,0.0,2022-05-17
1443,2022-05-17 14:30:00-04:00,10.539999961853027,10.5649995803833,10.489999771118164,10.5,15532,0.0,0.0,2022-05-17
1444,2022-05-17 15:30:00-04:00,10.510000228881836,10.5600004196167,10.489999771118164,10.529999732971191,24803,0.0,0.0,2022-05-17
1445,2022-05-18 09:30:00-04:00,10.449999809265137,10.510000228881836,10.319999694824219,10.425000190734863,12951,0.0,0.0,2022-05-18
1446,2022-05-18 10:30:00-04:00,10.38379955291748,10.449999809265137,10.329999923706055,10.329999923706055,9190,0.0,0.0,2022-05-18
1447,2022-05-18 11:30:00-04:00,10.329999923706055,10.350000381469727,10.220000267028809,10.229999542236328,11690,0.0,0.0,2022-05-18
1448,2022-05-18 12:30:00-04:00,10.229999542236328,10.369999885559082,10.199999809265137,10.300000190734863,25810,0.0,0.0,2022-05-18
1449,2022-05-18 13:30:00-04:00,10.3100004196167,10.319999694824219,10.239999771118164,10.289999961853027,12668,0.0,0.0,2022-05-18
1450,2022-05-18 14:30:00-04:00,10.289999961853027,10.289999961853027,10.210000038146973,10.260000228881836,23822,0.0,0.0,2022-05-18
1451,2022-05-18 15:30:00-04:00,10.260000228881836,10.289999961853027,10.210000038146973,10.260000228881836,38685,0.0,0.0,2022-05-18
1452,2022-05-19 09:30:00-04:00,10.260000228881836,10.260000228881836,10.074999809265137,10.1899995803833,31616,0.0,0.0,2022-05-19
1453,2022-05-19 10:30:00-04:00,10.180000305175781,10.210000038146973,10.069899559020996,10.09000015258789,23596,0.0,0.0,2022-05-19
1454,2022-05-19 11:30:00-04:00,10.100000381469727,10.279999732971191,10.100000381469727,10.279999732971191,17776,0.0,0.0,2022-05-19
1455,2022-05-19 12:30:00-04:00,10.265000343322754,10.3100004196167,10.149399757385254,10.300000190734863,29157,0.0,0.0,2022-05-19
1456,2022-05-19 13:30:00-04:00,10.296199798583984,10.34000015258789,10.210000038146973,10.279999732971191,15713,0.0,0.0,2022-05-19
1457,2022-05-19 14:30:00-04:00,10.279999732971191,10.300000190734863,10.180000305175781,10.1850004196167,18667,0.0,0.0,2022-05-19
1458,2022-05-19 15:30:00-04:00,10.180000305175781,10.220000267028809,10.170000076293945,10.180000305175781,27045,0.0,0.0,2022-05-19
1459,2022-05-20 09:30:00-04:00,10.210000038146973,10.229999542236328,10.119999885559082,10.15999984741211,51890,0.0,0.0,2022-05-20
1460,2022-05-20 10:30:00-04:00,10.140000343322754,10.170000076293945,10.039999961853027,10.069999694824219,38898,0.0,0.0,2022-05-20
1461,2022-05-20 11:30:00-04:00,10.079999923706055,10.119999885559082,10.010000228881836,10.079999923706055,36499,0.0,0.0,2022-05-20
1462,2022-05-20 12:30:00-04:00,10.079999923706055,10.100000381469727,10.039999961853027,10.050000190734863,19182,0.0,0.0,2022-05-20
1463,2022-05-20 13:30:00-04:00,10.0600004196167,10.18589973449707,10.0600004196167,10.100000381469727,17009,0.0,0.0,2022-05-20
1464,2022-05-20 14:30:00-04:00,10.079999923706055,10.180000305175781,10.050000190734863,10.140000343322754,19470,0.0,0.0,2022-05-20
1465,2022-05-20 15:30:00-04:00,10.140000343322754,10.25,10.119999885559082,10.25,26408,0.0,0.0,2022-05-20
1466,2022-05-23 09:30:00-04:00,10.260000228881836,10.260000228881836,9.859999656677246,10.0600004196167,44517,0.0,0.0,2022-05-23
1467,2022-05-23 10:30:00-04:00,10.079999923706055,10.119999885559082,10.069999694824219,10.100000381469727,10785,0.0,0.0,2022-05-23
1468,2022-05-23 11:30:00-04:00,10.100000381469727,10.140000343322754,10.069999694824219,10.119999885559082,9889,0.0,0.0,2022-05-23
1469,2022-05-23 12:30:00-04:00,10.109999656677246,10.119999885559082,10.050000190734863,10.081899642944336,17268,0.0,0.0,2022-05-23
1470,2022-05-23 13:30:00-04:00,10.079999923706055,10.100000381469727,10.039999961853027,10.069999694824219,20760,0.0,0.0,2022-05-23
1471,2022-05-23 14:30:00-04:00,10.0600004196167,10.085000038146973,10.0,10.0,15273,0.0,0.0,2022-05-23
1472,2022-05-23 15:30:00-04:00,10.0,10.03499984741211,9.994999885559082,10.020000457763672,22086,0.0,0.0,2022-05-23
1473,2022-05-24 09:30:00-04:00,9.960000038146973,9.970000267028809,9.75,9.800000190734863,0,0.0,0.0,2022-05-24
1474,2022-05-24 10:30:00-04:00,9.789999961853027,9.8100004196167,9.734999656677246,9.770000457763672,33718,0.0,0.0,2022-05-24
1475,2022-05-24 11:30:00-04:00,9.779999732971191,9.979999542236328,9.768199920654297,9.939000129699707,16358,0.0,0.0,2022-05-24
1476,2022-05-24 12:30:00-04:00,9.9399995803833,9.970000267028809,9.899999618530273,9.949999809265137,15454,0.0,0.0,2022-05-24
1477,2022-05-24 13:30:00-04:00,9.949999809265137,10.03499984741211,9.930000305175781,9.979999542236328,18931,0.0,0.0,2022-05-24
1478,2022-05-24 14:30:00-04:00,9.970000267028809,9.989999771118164,9.930000305175781,9.979999542236328,22255,0.0,0.0,2022-05-24
1479,2022-05-24 15:30:00-04:00,9.989999771118164,10.039999961853027,9.970000267028809,10.029999732971191,31201,0.0,0.0,2022-05-24
1480,2022-05-25 09:30:00-04:00,9.949999809265137,10.289999961853027,9.949999809265137,10.270000457763672,15817,0.0,0.0,2022-05-25
1481,2022-05-25 10:30:00-04:00,10.289999961853027,10.289999961853027,10.229999542236328,10.229999542236328,9883,0.0,0.0,2022-05-25
1482,2022-05-25 11:30:00-04:00,10.199999809265137,10.239999771118164,10.140000343322754,10.140000343322754,7761,0.0,0.0,2022-05-25
1483,2022-05-25 12:30:00-04:00,10.130000114440918,10.15999984741211,10.100000381469727,10.15999984741211,10593,0.0,0.0,2022-05-25
1484,2022-05-25 13:30:00-04:00,10.170000076293945,10.199999809265137,10.135000228881836,10.180000305175781,10928,0.0,0.0,2022-05-25
1485,2022-05-25 14:30:00-04:00,10.1899995803833,10.270000457763672,10.1899995803833,10.260000228881836,13121,0.0,0.0,2022-05-25
1486,2022-05-25 15:30:00-04:00,10.270000457763672,10.279999732971191,10.210000038146973,10.25,34025,0.0,0.0,2022-05-25
1487,2022-05-26 09:30:00-04:00,10.239999771118164,10.609999656677246,10.239999771118164,10.510000228881836,31224,0.0,0.0,2022-05-26
1488,2022-05-26 10:30:00-04:00,10.520000457763672,10.531000137329102,10.430000305175781,10.430000305175781,14553,0.0,0.0,2022-05-26
1489,2022-05-26 11:30:00-04:00,10.430000305175781,10.479999542236328,10.430000305175781,10.479999542236328,8580,0.0,0.0,2022-05-26
1490,2022-05-26 12:30:00-04:00,10.470000267028809,10.5600004196167,10.470000267028809,10.529999732971191,11058,0.0,0.0,2022-05-26
1491,2022-05-26 13:30:00-04:00,10.510000228881836,10.5600004196167,10.489999771118164,10.489999771118164,8946,0.0,0.0,2022-05-26
1492,2022-05-26 14:30:00-04:00,10.479999542236328,10.479999542236328,10.420000076293945,10.449999809265137,12135,0.0,0.0,2022-05-26
1493,2022-05-26 15:30:00-04:00,10.460000038146973,10.479999542236328,10.390000343322754,10.420000076293945,24625,0.0,0.0,2022-05-26
1494,2022-05-27 09:30:00-04:00,10.430000305175781,10.5600004196167,10.430000305175781,10.478500366210938,11035,0.0,0.0,2022-05-27
1495,2022-05-27 10:30:00-04:00,10.460000038146973,10.470000267028809,10.380000114440918,10.430000305175781,22178,0.0,0.0,2022-05-27
1496,2022-05-27 11:30:00-04:00,10.460000038146973,10.470000267028809,10.430000305175781,10.449999809265137,6572,0.0,0.0,2022-05-27
1497,2022-05-27 12:30:00-04:00,10.430000305175781,10.449999809265137,10.420000076293945,10.420000076293945,6177,0.0,0.0,2022-05-27
1498,2022-05-27 13:30:00-04:00,10.4350004196167,10.5,10.4350004196167,10.5,10498,0.0,0.0,2022-05-27
1499,2022-05-27 14:30:00-04:00,10.5,10.529999732971191,10.479999542236328,10.510000228881836,10365,0.0,0.0,2022-05-27
1500,2022-05-27 15:30:00-04:00,10.5,10.520000457763672,10.449999809265137,10.5,18007,0.0,0.0,2022-05-27
1501,2022-05-31 09:30:00-04:00,10.40999984741211,10.449999809265137,10.25,10.380000114440918,19569,0.0,0.0,2022-05-31
1502,2022-05-31 10:30:00-04:00,10.390000343322754,10.390000343322754,10.25,10.300000190734863,17532,0.0,0.0,2022-05-31
1503,2022-05-31 11:30:00-04:00,10.279999732971191,10.399999618530273,10.270000457763672,10.34000015258789,12657,0.0,0.0,2022-05-31
1504,2022-05-31 12:30:00-04:00,10.319999694824219,10.399999618530273,10.319999694824219,10.319999694824219,12455,0.0,0.0,2022-05-31
1505,2022-05-31 13:30:00-04:00,10.329999923706055,10.4399995803833,10.329999923706055,10.399999618530273,14289,0.0,0.0,2022-05-31
1506,2022-05-31 14:30:00-04:00,10.399999618530273,10.40999984741211,10.350000381469727,10.390000343322754,17734,0.0,0.0,2022-05-31
1507,2022-05-31 15:30:00-04:00,10.390000343322754,10.390000343322754,10.3100004196167,10.350000381469727,42700,0.0,0.0,2022-05-31
1508,2022-06-01 09:30:00-04:00,10.460000038146973,10.460000038146973,10.210000038146973,10.239999771118164,15559,0.0,0.0,2022-06-01
1509,2022-06-01 10:30:00-04:00,10.239999771118164,10.260000228881836,10.1899995803833,10.1899995803833,12730,0.0,0.0,2022-06-01
1510,2022-06-01 11:30:00-04:00,10.1899995803833,10.1899995803833,10.09000015258789,10.179900169372559,20854,0.0,0.0,2022-06-01
1511,2022-06-01 12:30:00-04:00,10.164999961853027,10.25,10.15999984741211,10.1899995803833,19165,0.0,0.0,2022-06-01
1512,2022-06-01 13:30:00-04:00,10.210000038146973,10.279999732971191,10.210000038146973,10.279999732971191,12052,0.0,0.0,2022-06-01
1513,2022-06-01 14:30:00-04:00,10.289999961853027,10.289999961853027,10.199999809265137,10.220000267028809,18933,0.0,0.0,2022-06-01
1514,2022-06-01 15:30:00-04:00,10.220000267028809,10.3100004196167,10.220000267028809,10.239999771118164,21651,0.0,0.0,2022-06-01
1515,2022-06-02 09:30:00-04:00,10.279999732971191,10.279999732971191,10.220000267028809,10.220000267028809,4488,0.0,0.0,2022-06-02
1516,2022-06-02 10:30:00-04:00,10.239999771118164,10.319999694824219,10.239999771118164,10.289999961853027,6632,0.0,0.0,2022-06-02
1517,2022-06-02 11:30:00-04:00,10.270000457763672,10.34000015258789,10.25,10.319999694824219,11967,0.0,0.0,2022-06-02
1518,2022-06-02 12:30:00-04:00,10.319999694824219,10.380000114440918,10.319999694824219,10.350000381469727,11639,0.0,0.0,2022-06-02
1519,2022-06-02 13:30:00-04:00,10.390000343322754,10.430000305175781,10.380000114440918,10.40999984741211,9990,0.0,0.0,2022-06-02
1520,2022-06-02 14:30:00-04:00,10.399999618530273,10.430000305175781,10.369999885559082,10.399999618530273,13476,0.0,0.0,2022-06-02
1521,2022-06-02 15:30:00-04:00,10.399999618530273,10.430000305175781,10.359999656677246,10.40999984741211,17732,0.0,0.0,2022-06-02
1522,2022-06-03 09:30:00-04:00,10.479999542236328,10.479999542236328,10.239999771118164,10.4399995803833,16739,0.0,0.0,2022-06-03
1523,2022-06-03 10:30:00-04:00,10.430000305175781,10.470000267028809,10.390000343322754,10.460000038146973,8980,0.0,0.0,2022-06-03
1524,2022-06-03 11:30:00-04:00,10.460000038146973,10.569999694824219,10.460000038146973,10.569999694824219,14158,0.0,0.0,2022-06-03
1525,2022-06-03 12:30:00-04:00,10.5600004196167,10.59000015258789,10.539999961853027,10.569999694824219,12985,0.0,0.0,2022-06-03
1526,2022-06-03 13:30:00-04:00,10.545000076293945,10.579999923706055,10.520000457763672,10.520000457763672,13090,0.0,0.0,2022-06-03
1527,2022-06-03 14:30:00-04:00,10.520000457763672,10.5600004196167,10.479999542236328,10.550000190734863,16710,0.0,0.0,2022-06-03
1528,2022-06-03 15:30:00-04:00,10.5600004196167,10.609999656677246,10.539999961853027,10.579999923706055,18951,0.0,0.0,2022-06-03
1529,2022-06-06 09:30:00-04:00,10.649999618530273,10.649999618530273,10.460700035095215,10.569999694824219,16173,0.0,0.0,2022-06-06
1530,2022-06-06 10:30:00-04:00,10.569999694824219,10.649999618530273,10.53499984741211,10.619999885559082,11335,0.0,0.0,2022-06-06
1531,2022-06-06 11:30:00-04:00,10.600000381469727,10.619999885559082,10.574999809265137,10.574999809265137,17249,0.0,0.0,2022-06-06
1532,2022-06-06 12:30:00-04:00,10.59000015258789,10.619999885559082,10.579999923706055,10.59000015258789,10030,0.0,0.0,2022-06-06
1533,2022-06-06 13:30:00-04:00,10.59000015258789,10.619999885559082,10.520000457763672,10.539999961853027,13359,0.0,0.0,2022-06-06
1534,2022-06-06 14:30:00-04:00,10.529999732971191,10.619999885559082,10.529999732971191,10.59000015258789,28268,0.0,0.0,2022-06-06
1535,2022-06-06 15:30:00-04:00,10.600000381469727,10.600000381469727,10.550000190734863,10.579999923706055,33120,0.0,0.0,2022-06-06
1536,2022-06-07 09:30:00-04:00,10.5,10.588000297546387,10.430000305175781,10.5600004196167,11879,0.0,0.0,2022-06-07
1537,2022-06-07 10:30:00-04:00,10.59000015258789,10.6899995803833,10.585000038146973,10.585000038146973,10556,0.0,0.0,2022-06-07
1538,2022-06-07 11:30:00-04:00,10.569999694824219,10.614999771118164,10.569999694824219,10.593000411987305,9445,0.0,0.0,2022-06-07
1539,2022-06-07 12:30:00-04:00,10.600000381469727,10.710000038146973,10.600000381469727,10.6850004196167,20899,0.0,0.0,2022-06-07
1540,2022-06-07 13:30:00-04:00,10.6850004196167,10.710000038146973,10.670000076293945,10.6899995803833,6302,0.0,0.0,2022-06-07
1541,2022-06-07 14:30:00-04:00,10.699999809265137,10.779999732971191,10.680000305175781,10.770000457763672,13183,0.0,0.0,2022-06-07
1542,2022-06-07 15:30:00-04:00,10.770000457763672,10.819999694824219,10.755000114440918,10.770000457763672,22827,0.0,0.0,2022-06-07
1543,2022-06-08 09:30:00-04:00,10.6899995803833,10.845000267028809,10.680000305175781,10.845000267028809,8646,0.0,0.0,2022-06-08
1544,2022-06-08 10:30:00-04:00,10.819999694824219,10.885000228881836,10.788000106811523,10.880000114440918,7748,0.0,0.0,2022-06-08
1545,2022-06-08 11:30:00-04:00,10.880000114440918,10.89799976348877,10.850000381469727,10.859999656677246,7867,0.0,0.0,2022-06-08
1546,2022-06-08 12:30:00-04:00,10.850000381469727,10.859999656677246,10.770000457763672,10.859999656677246,6309,0.0,0.0,2022-06-08
1547,2022-06-08 13:30:00-04:00,10.84000015258789,10.890000343322754,10.84000015258789,10.890000343322754,8168,0.0,0.0,2022-06-08
1548,2022-06-08 14:30:00-04:00,10.885000228881836,10.970000267028809,10.885000228881836,10.9399995803833,19634,0.0,0.0,2022-06-08
1549,2022-06-08 15:30:00-04:00,10.920000076293945,10.930000305175781,10.859999656677246,10.859999656677246,22386,0.0,0.0,2022-06-08
1550,2022-06-09 09:30:00-04:00,10.800000190734863,10.800000190734863,10.680000305175781,10.760000228881836,10801,0.0,0.0,2022-06-09
1551,2022-06-09 10:30:00-04:00,10.779999732971191,10.779999732971191,10.6899995803833,10.720000267028809,8534,0.0,0.0,2022-06-09
1552,2022-06-09 11:30:00-04:00,10.729999542236328,10.789999961853027,10.710000038146973,10.729999542236328,5725,0.0,0.0,2022-06-09
1553,2022-06-09 12:30:00-04:00,10.729999542236328,10.819999694824219,10.729999542236328,10.795000076293945,8788,0.0,0.0,2022-06-09
1554,2022-06-09 13:30:00-04:00,10.789999961853027,10.800000190734863,10.739999771118164,10.779999732971191,7971,0.0,0.0,2022-06-09
1555,2022-06-09 14:30:00-04:00,10.774999618530273,10.869999885559082,10.770000457763672,10.800000190734863,15684,0.0,0.0,2022-06-09
1556,2022-06-09 15:30:00-04:00,10.800000190734863,10.8100004196167,10.710000038146973,10.720000267028809,24794,0.0,0.0,2022-06-09
1557,2022-06-10 09:30:00-04:00,10.5600004196167,10.5600004196167,10.407500267028809,10.430000305175781,19818,0.0,0.0,2022-06-10
1558,2022-06-10 10:30:00-04:00,10.430000305175781,10.46500015258789,10.319999694824219,10.329999923706055,9946,0.0,0.0,2022-06-10
1559,2022-06-10 11:30:00-04:00,10.319999694824219,10.34000015258789,10.270000457763672,10.279999732971191,6246,0.0,0.0,2022-06-10
1560,2022-06-10 12:30:00-04:00,10.272700309753418,10.289999961853027,10.25,10.289999961853027,6018,0.0,0.0,2022-06-10
1561,2022-06-10 13:30:00-04:00,10.279999732971191,10.300000190734863,10.269700050354004,10.279999732971191,5203,0.0,0.0,2022-06-10
1562,2022-06-10 14:30:00-04:00,10.25,10.260000228881836,10.1850004196167,10.210000038146973,11759,0.0,0.0,2022-06-10
1563,2022-06-10 15:30:00-04:00,10.219900131225586,10.220000267028809,10.15999984741211,10.199999809265137,33252,0.0,0.0,2022-06-10
1564,2022-06-13 09:30:00-04:00,10.0,10.0,9.829999923706055,9.849900245666504,40194,0.0,0.0,2022-06-13
1565,2022-06-13 10:30:00-04:00,9.84000015258789,9.84000015258789,9.6899995803833,9.6899995803833,24497,0.0,0.0,2022-06-13
1566,2022-06-13 11:30:00-04:00,9.699999809265137,9.789999961853027,9.6899995803833,9.779999732971191,11701,0.0,0.0,2022-06-13
1567,2022-06-13 12:30:00-04:00,9.789999961853027,9.867300033569336,9.670000076293945,9.710000038146973,11520,0.0,0.0,2022-06-13
1568,2022-06-13 13:30:00-04:00,9.710000038146973,9.890000343322754,9.699999809265137,9.869999885559082,39958,0.0,0.0,2022-06-13
1569,2022-06-13 14:30:00-04:00,9.869999885559082,9.960000038146973,9.859999656677246,9.890000343322754,24025,0.0,0.0,2022-06-13
1570,2022-06-13 15:30:00-04:00,9.869999885559082,9.930000305175781,9.859999656677246,9.90999984741211,28088,0.0,0.0,2022-06-13
1571,2022-06-14 09:30:00-04:00,9.880000114440918,9.899999618530273,9.680000305175781,9.680000305175781,26780,0.0,0.0,2022-06-14
1572,2022-06-14 10:30:00-04:00,9.694999694824219,9.788999557495117,9.680000305175781,9.6899995803833,16267,0.0,0.0,2022-06-14
1573,2022-06-14 11:30:00-04:00,9.6899995803833,9.819999694824219,9.6899995803833,9.779999732971191,9248,0.0,0.0,2022-06-14
1574,2022-06-14 12:30:00-04:00,9.75,9.850000381469727,9.710000038146973,9.800000190734863,15356,0.0,0.0,2022-06-14
1575,2022-06-14 13:30:00-04:00,9.789999961853027,9.789999961853027,9.710000038146973,9.770000457763672,10785,0.0,0.0,2022-06-14
1576,2022-06-14 14:30:00-04:00,9.770000457763672,9.829999923706055,9.75,9.819999694824219,24041,0.0,0.0,2022-06-14
1577,2022-06-14 15:30:00-04:00,9.819999694824219,9.880000114440918,9.779999732971191,9.8100004196167,25729,0.0,0.0,2022-06-14
1578,2022-06-15 09:30:00-04:00,9.869999885559082,9.970000267028809,9.869999885559082,9.949999809265137,0,0.0,0.0,2022-06-15
1579,2022-06-15 10:30:00-04:00,9.930100440979004,9.930100440979004,9.895000457763672,9.90999984741211,6839,0.0,0.0,2022-06-15
1580,2022-06-15 11:30:00-04:00,9.930000305175781,9.970000267028809,9.930000305175781,9.960000038146973,9111,0.0,0.0,2022-06-15
1581,2022-06-15 12:30:00-04:00,9.9399995803833,9.9399995803833,9.870100021362305,9.920000076293945,6673,0.0,0.0,2022-06-15
1582,2022-06-15 13:30:00-04:00,9.920000076293945,9.9399995803833,9.84000015258789,9.84000015258789,9765,0.0,0.0,2022-06-15
1583,2022-06-15 14:30:00-04:00,9.829999923706055,9.970000267028809,9.779999732971191,9.960000038146973,19675,0.0,0.0,2022-06-15
1584,2022-06-15 15:30:00-04:00,9.960000038146973,9.989999771118164,9.850000381469727,9.869999885559082,28119,0.0,0.0,2022-06-15
1585,2022-06-16 09:30:00-04:00,9.6899995803833,9.699999809265137,9.449999809265137,9.600000381469727,0,0.0,0.0,2022-06-16
1586,2022-06-16 10:30:00-04:00,9.609999656677246,9.680000305175781,9.430000305175781,9.550000190734863,37184,0.0,0.0,2022-06-16
1587,2022-06-16 11:30:00-04:00,9.550000190734863,9.5600004196167,9.4399995803833,9.449999809265137,21360,0.0,0.0,2022-06-16
1588,2022-06-16 12:30:00-04:00,9.4399995803833,9.539999961853027,9.40999984741211,9.529999732971191,21946,0.0,0.0,2022-06-16
1589,2022-06-16 13:30:00-04:00,9.529999732971191,9.594200134277344,9.524999618530273,9.550000190734863,14200,0.0,0.0,2022-06-16
1590,2022-06-16 14:30:00-04:00,9.53499984741211,9.585000038146973,9.489999771118164,9.579999923706055,27478,0.0,0.0,2022-06-16
1591,2022-06-16 15:30:00-04:00,9.579999923706055,9.640000343322754,9.529999732971191,9.640000343322754,42768,0.0,0.0,2022-06-16
1592,2022-06-17 09:30:00-04:00,9.6899995803833,9.789999961853027,9.630000114440918,9.664999961853027,31981,0.0,0.0,2022-06-17
1593,2022-06-17 10:30:00-04:00,9.654999732971191,9.800000190734863,9.595000267028809,9.800000190734863,12551,0.0,0.0,2022-06-17
1594,2022-06-17 11:30:00-04:00,9.819999694824219,9.819999694824219,9.6899995803833,9.75,7931,0.0,0.0,2022-06-17
1595,2022-06-17 12:30:00-04:00,9.726699829101562,9.779999732971191,9.710000038146973,9.739999771118164,9197,0.0,0.0,2022-06-17
1596,2022-06-17 13:30:00-04:00,9.729999542236328,9.760000228881836,9.720000267028809,9.729999542236328,8036,0.0,0.0,2022-06-17
1597,2022-06-17 14:30:00-04:00,9.725000381469727,9.812999725341797,9.694999694824219,9.812999725341797,12993,0.0,0.0,2022-06-17
1598,2022-06-17 15:30:00-04:00,9.8100004196167,9.819999694824219,9.739999771118164,9.760000228881836,29143,0.0,0.0,2022-06-17
1599,2022-06-21 09:30:00-04:00,9.899999618530273,9.899999618530273,9.640000343322754,9.8100004196167,11654,0.0,0.0,2022-06-21
1600,2022-06-21 10:30:00-04:00,9.845000267028809,9.899999618530273,9.819999694824219,9.869999885559082,6300,0.0,0.0,2022-06-21
1601,2022-06-21 11:30:00-04:00,9.859999656677246,9.869999885559082,9.811699867248535,9.84220027923584,12429,0.0,0.0,2022-06-21
1602,2022-06-21 12:30:00-04:00,9.850000381469727,9.899999618530273,9.840100288391113,9.864999771118164,11465,0.0,0.0,2022-06-21
1603,2022-06-21 13:30:00-04:00,9.880000114440918,9.899999618530273,9.840399742126465,9.852499961853027,9265,0.0,0.0,2022-06-21
1604,2022-06-21 14:30:00-04:00,9.850000381469727,9.899999618530273,9.850000381469727,9.889599800109863,18858,0.0,0.0,2022-06-21
1605,2022-06-21 15:30:00-04:00,9.890000343322754,9.90999984741211,9.789999961853027,9.789999961853027,33013,0.0,0.0,2022-06-21
1606,2022-06-22 09:30:00-04:00,9.760000228881836,9.869999885559082,9.760000228881836,9.800000190734863,9627,0.0,0.0,2022-06-22
1607,2022-06-22 10:30:00-04:00,9.920000076293945,9.960000038146973,9.838399887084961,9.850000381469727,9847,0.0,0.0,2022-06-22
1608,2022-06-22 11:30:00-04:00,9.850000381469727,9.854999542236328,9.670000076293945,9.699999809265137,15067,0.0,0.0,2022-06-22
1609,2022-06-22 12:30:00-04:00,9.710000038146973,9.725000381469727,9.6899995803833,9.710000038146973,7288,0.0,0.0,2022-06-22
1610,2022-06-22 13:30:00-04:00,9.699999809265137,9.75,9.680000305175781,9.720000267028809,7540,0.0,0.0,2022-06-22
1611,2022-06-22 14:30:00-04:00,9.729999542236328,9.75,9.680000305175781,9.680000305175781,11591,0.0,0.0,2022-06-22
1612,2022-06-22 15:30:00-04:00,9.6899995803833,9.710000038146973,9.649999618530273,9.670000076293945,26597,0.0,0.0,2022-06-22
1613,2022-06-23 09:30:00-04:00,9.770000457763672,9.770000457763672,9.630000114440918,9.630000114440918,11004,0.0,0.0,2022-06-23
1614,2022-06-23 10:30:00-04:00,9.604999542236328,9.695199966430664,9.580499649047852,9.695199966430664,8419,0.0,0.0,2022-06-23
1615,2022-06-23 11:30:00-04:00,9.680000305175781,9.729999542236328,9.65999984741211,9.699999809265137,8978,0.0,0.0,2022-06-23
1616,2022-06-23 12:30:00-04:00,9.694999694824219,9.694999694824219,9.645000457763672,9.654999732971191,8126,0.0,0.0,2022-06-23
1617,2022-06-23 13:30:00-04:00,9.684900283813477,9.6899995803833,9.649999618530273,9.680000305175781,8283,0.0,0.0,2022-06-23
1618,2022-06-23 14:30:00-04:00,9.6899995803833,9.829999923706055,9.6899995803833,9.789999961853027,13994,0.0,0.0,2022-06-23
1619,2022-06-23 15:30:00-04:00,9.819999694824219,9.859999656677246,9.819999694824219,9.84000015258789,22389,0.0,0.0,2022-06-23
1620,2022-06-24 09:30:00-04:00,9.850000381469727,10.03499984741211,9.850000381469727,9.979999542236328,9344,0.0,0.0,2022-06-24
1621,2022-06-24 10:30:00-04:00,9.979999542236328,10.09000015258789,9.970000267028809,10.04010009765625,13278,0.0,0.0,2022-06-24
1622,2022-06-24 11:30:00-04:00,10.069999694824219,10.100000381469727,10.050000190734863,10.069999694824219,5371,0.0,0.0,2022-06-24
1623,2022-06-24 12:30:00-04:00,10.057299613952637,10.130000114440918,10.057299613952637,10.100000381469727,15487,0.0,0.0,2022-06-24
1624,2022-06-24 13:30:00-04:00,10.100000381469727,10.135000228881836,10.09000015258789,10.09000015258789,5309,0.0,0.0,2022-06-24
1625,2022-06-24 14:30:00-04:00,10.104999542236328,10.137999534606934,10.079999923706055,10.119999885559082,13013,0.0,0.0,2022-06-24
1626,2022-06-24 15:30:00-04:00,10.109999656677246,10.109999656677246,10.050000190734863,10.0600004196167,24681,0.0,0.0,2022-06-24
1627,2022-06-27 09:30:00-04:00,10.130000114440918,10.140000343322754,10.0649995803833,10.130499839782715,10001,0.0,0.0,2022-06-27
1628,2022-06-27 10:30:00-04:00,10.119999885559082,10.239999771118164,10.079999923706055,10.239999771118164,14476,0.0,0.0,2022-06-27
1629,2022-06-27 11:30:00-04:00,10.239999771118164,10.279999732971191,10.15999984741211,10.1673002243042,7781,0.0,0.0,2022-06-27
1630,2022-06-27 12:30:00-04:00,10.15999984741211,10.180000305175781,10.140000343322754,10.140000343322754,5998,0.0,0.0,2022-06-27
1631,2022-06-27 13:30:00-04:00,10.149999618530273,10.154999732971191,10.140000343322754,10.154999732971191,3808,0.0,0.0,2022-06-27
1632,2022-06-27 14:30:00-04:00,10.149999618530273,10.199999809265137,10.149999618530273,10.15999984741211,12681,0.0,0.0,2022-06-27
1633,2022-06-27 15:30:00-04:00,10.15999984741211,10.1899995803833,10.149999618530273,10.180000305175781,23351,0.0,0.0,2022-06-27
1634,2022-06-28 09:30:00-04:00,10.270000457763672,10.359999656677246,10.194999694824219,10.229999542236328,12608,0.0,0.0,2022-06-28
1635,2022-06-28 10:30:00-04:00,10.1899995803833,10.1899995803833,10.0,10.039999961853027,17294,0.0,0.0,2022-06-28
1636,2022-06-28 11:30:00-04:00,10.050000190734863,10.050000190734863,9.9399995803833,9.970000267028809,20428,0.0,0.0,2022-06-28
1637,2022-06-28 12:30:00-04:00,9.96500015258789,10.0,9.829999923706055,9.880000114440918,16038,0.0,0.0,2022-06-28
1638,2022-06-28 13:30:00-04:00,9.899999618530273,9.914999961853027,9.84000015258789,9.84000015258789,9136,0.0,0.0,2022-06-28
1639,2022-06-28 14:30:00-04:00,9.84000015258789,9.84000015258789,9.720000267028809,9.739999771118164,22733,0.0,0.0,2022-06-28
1640,2022-06-28 15:30:00-04:00,9.760000228881836,9.789999961853027,9.720000267028809,9.760000228881836,43211,0.0,0.0,2022-06-28
1641,2022-06-29 09:30:00-04:00,9.729999542236328,9.869999885559082,9.579999923706055,9.609999656677246,15547,0.0,0.0,2022-06-29
1642,2022-06-29 10:30:00-04:00,9.600000381469727,9.664999961853027,9.600000381469727,9.649999618530273,5802,0.0,0.0,2022-06-29
1643,2022-06-29 11:30:00-04:00,9.649999618530273,9.75,9.649999618530273,9.720000267028809,10310,0.0,0.0,2022-06-29
1644,2022-06-29 12:30:00-04:00,9.729999542236328,9.779999732971191,9.720000267028809,9.734999656677246,8655,0.0,0.0,2022-06-29
1645,2022-06-29 13:30:00-04:00,9.739999771118164,9.8100004196167,9.727499961853027,9.789999961853027,8509,0.0,0.0,2022-06-29
1646,2022-06-29 14:30:00-04:00,9.770000457763672,9.8100004196167,9.744999885559082,9.789999961853027,8991,0.0,0.0,2022-06-29
1647,2022-06-29 15:30:00-04:00,9.779999732971191,9.829999923706055,9.770000457763672,9.800000190734863,14551,0.0,0.0,2022-06-29
1648,2022-06-30 09:30:00-04:00,9.760000228881836,9.760000228881836,9.619999885559082,9.668299674987793,7211,0.0,0.0,2022-06-30
1649,2022-06-30 10:30:00-04:00,9.6899995803833,9.819999694824219,9.6899995803833,9.819999694824219,29478,0.0,0.0,2022-06-30
1650,2022-06-30 11:30:00-04:00,9.819999694824219,9.899999618530273,9.800000190734863,9.899999618530273,7551,0.0,0.0,2022-06-30
1651,2022-06-30 12:30:00-04:00,9.900099754333496,9.906700134277344,9.84000015258789,9.869999885559082,9275,0.0,0.0,2022-06-30
1652,2022-06-30 13:30:00-04:00,9.869999885559082,9.899999618530273,9.850000381469727,9.859999656677246,6717,0.0,0.0,2022-06-30
1653,2022-06-30 14:30:00-04:00,9.859999656677246,9.899999618530273,9.770000457763672,9.789999961853027,18791,0.0,0.0,2022-06-30
1654,2022-06-30 15:30:00-04:00,9.789999961853027,9.84000015258789,9.760000228881836,9.84000015258789,16242,0.0,0.0,2022-06-30
1655,2022-07-01 09:30:00-04:00,9.930000305175781,9.9399995803833,9.800000190734863,9.859999656677246,9221,0.0,0.0,2022-07-01
1656,2022-07-01 10:30:00-04:00,9.829999923706055,9.869999885559082,9.789999961853027,9.84000015258789,9984,0.0,0.0,2022-07-01
1657,2022-07-01 11:30:00-04:00,9.819999694824219,9.84000015258789,9.789999961853027,9.84000015258789,5971,0.0,0.0,2022-07-01
1658,2022-07-01 12:30:00-04:00,9.84000015258789,9.890000343322754,9.779999732971191,9.880000114440918,8851,0.0,0.0,2022-07-01
1659,2022-07-01 13:30:00-04:00,9.899999618530273,9.979999542236328,9.899999618530273,9.970000267028809,7428,0.0,0.0,2022-07-01
1660,2022-07-01 14:30:00-04:00,9.9399995803833,9.95419979095459,9.899999618530273,9.930000305175781,9472,0.0,0.0,2022-07-01
1661,2022-07-01 15:30:00-04:00,9.918499946594238,9.949999809265137,9.90999984741211,9.920000076293945,17132,0.0,0.0,2022-07-01
1662,2022-07-05 09:30:00-04:00,9.75,9.75,9.619999885559082,9.739999771118164,12695,0.0,0.0,2022-07-05
1663,2022-07-05 10:30:00-04:00,9.739999771118164,9.869999885559082,9.739999771118164,9.869999885559082,9266,0.0,0.0,2022-07-05
1664,2022-07-05 11:30:00-04:00,9.880000114440918,9.989999771118164,9.869999885559082,9.989999771118164,13955,0.0,0.0,2022-07-05
1665,2022-07-05 12:30:00-04:00,10.0,10.0,9.890000343322754,9.949999809265137,10106,0.0,0.0,2022-07-05
1666,2022-07-05 13:30:00-04:00,9.960000038146973,10.010000228881836,9.920000076293945,9.989999771118164,13854,0.0,0.0,2022-07-05
1667,2022-07-05 14:30:00-04:00,9.989999771118164,10.09000015258789,9.989999771118164,10.070099830627441,19319,0.0,0.0,2022-07-05
1668,2022-07-05 15:30:00-04:00,10.09000015258789,10.149999618530273,10.09000015258789,10.130000114440918,25754,0.0,0.0,2022-07-05
1669,2022-07-06 09:30:00-04:00,10.069999694824219,10.170000076293945,9.864999771118164,9.885000228881836,13005,0.0,0.0,2022-07-06
1670,2022-07-06 10:30:00-04:00,9.850000381469727,9.885000228881836,9.779999732971191,9.789999961853027,10179,0.0,0.0,2022-07-06
1671,2022-07-06 11:30:00-04:00,9.779999732971191,9.859999656677246,9.770000457763672,9.819999694824219,6236,0.0,0.0,2022-07-06
1672,2022-07-06 12:30:00-04:00,9.819999694824219,9.916399955749512,9.800000190734863,9.90999984741211,5326,0.0,0.0,2022-07-06
1673,2022-07-06 13:30:00-04:00,9.899999618530273,9.90999984741211,9.800000190734863,9.829999923706055,16280,0.0,0.0,2022-07-06
1674,2022-07-06 14:30:00-04:00,9.835000038146973,9.850000381469727,9.770999908447266,9.770999908447266,14889,0.0,0.0,2022-07-06
1675,2022-07-06 15:30:00-04:00,9.779999732971191,9.788100242614746,9.699999809265137,9.729999542236328,22421,0.0,0.0,2022-07-06
1676,2022-07-07 09:30:00-04:00,9.729999542236328,9.944999694824219,9.694999694824219,9.694999694824219,12964,0.0,0.0,2022-07-07
1677,2022-07-07 10:30:00-04:00,9.699999809265137,9.729999542236328,9.670000076293945,9.670000076293945,13163,0.0,0.0,2022-07-07
1678,2022-07-07 11:30:00-04:00,9.664999961853027,9.6899995803833,9.614999771118164,9.6899995803833,17043,0.0,0.0,2022-07-07
1679,2022-07-07 12:30:00-04:00,9.704999923706055,9.710000038146973,9.649999618530273,9.65999984741211,11425,0.0,0.0,2022-07-07
1680,2022-07-07 13:30:00-04:00,9.649999618530273,9.680000305175781,9.630000114440918,9.670000076293945,11642,0.0,0.0,2022-07-07
1681,2022-07-07 14:30:00-04:00,9.675000190734863,9.729999542236328,9.640000343322754,9.6899995803833,19039,0.0,0.0,2022-07-07
1682,2022-07-07 15:30:00-04:00,9.6899995803833,9.75,9.6899995803833,9.739999771118164,23815,0.0,0.0,2022-07-07
1683,2022-07-08 09:30:00-04:00,9.739999771118164,9.739999771118164,9.579999923706055,9.670000076293945,5575,0.0,0.0,2022-07-08
1684,2022-07-08 10:30:00-04:00,9.699999809265137,9.771300315856934,9.6850004196167,9.771300315856934,6510,0.0,0.0,2022-07-08
1685,2022-07-08 11:30:00-04:00,9.760000228881836,9.789999961853027,9.675000190734863,9.675000190734863,10117,0.0,0.0,2022-07-08
1686,2022-07-08 12:30:00-04:00,9.655400276184082,9.699999809265137,9.655400276184082,9.699999809265137,6644,0.0,0.0,2022-07-08
1687,2022-07-08 13:30:00-04:00,9.710000038146973,9.739999771118164,9.6850004196167,9.739999771118164,4428,0.0,0.0,2022-07-08
1688,2022-07-08 14:30:00-04:00,9.739999771118164,9.75,9.720000267028809,9.720000267028809,7126,0.0,0.0,2022-07-08
1689,2022-07-08 15:30:00-04:00,9.720000267028809,9.789999961853027,9.704999923706055,9.770000457763672,18156,0.0,0.0,2022-07-08
1690,2022-07-11 09:30:00-04:00,9.65999984741211,9.850000381469727,9.5,9.529999732971191,22079,0.0,0.0,2022-07-11
1691,2022-07-11 10:30:00-04:00,9.524999618530273,9.550000190734863,9.484999656677246,9.539999961853027,8053,0.0,0.0,2022-07-11
1692,2022-07-11 11:30:00-04:00,9.520000457763672,9.520000457763672,9.4399995803833,9.449999809265137,9678,0.0,0.0,2022-07-11
1693,2022-07-11 12:30:00-04:00,9.4399995803833,9.510000228881836,9.4399995803833,9.5,11462,0.0,0.0,2022-07-11
1694,2022-07-11 13:30:00-04:00,9.520000457763672,9.520000457763672,9.399999618530273,9.40999984741211,10940,0.0,0.0,2022-07-11
1695,2022-07-11 14:30:00-04:00,9.40999984741211,9.470000267028809,9.390000343322754,9.460000038146973,13813,0.0,0.0,2022-07-11
1696,2022-07-11 15:30:00-04:00,9.432499885559082,9.4399995803833,9.369999885559082,9.399999618530273,20220,0.0,0.0,2022-07-11
1697,2022-07-12 09:30:00-04:00,9.319999694824219,9.4399995803833,9.135000228881836,9.4350004196167,16853,0.0,0.0,2022-07-12
1698,2022-07-12 10:30:00-04:00,9.425000190734863,9.430000305175781,9.3100004196167,9.324999809265137,7983,0.0,0.0,2022-07-12
1699,2022-07-12 11:30:00-04:00,9.3100004196167,9.328200340270996,9.279999732971191,9.328200340270996,4457,0.0,0.0,2022-07-12
1700,2022-07-12 12:30:00-04:00,9.3149995803833,9.380000114440918,9.3149995803833,9.359999656677246,5713,0.0,0.0,2022-07-12
1701,2022-07-12 13:30:00-04:00,9.351900100708008,9.380000114440918,9.300000190734863,9.300000190734863,6112,0.0,0.0,2022-07-12
1702,2022-07-12 14:30:00-04:00,9.3100004196167,9.34000015258789,9.229999542236328,9.229999542236328,9084,0.0,0.0,2022-07-12
1703,2022-07-12 15:30:00-04:00,9.239999771118164,9.260000228881836,9.180000305175781,9.229999542236328,19459,0.0,0.0,2022-07-12
1704,2022-07-13 09:30:00-04:00,9.119999885559082,9.434800148010254,9.029999732971191,9.15999984741211,14916,0.0,0.0,2022-07-13
1705,2022-07-13 10:30:00-04:00,9.15999984741211,9.307999610900879,9.15999984741211,9.199999809265137,9595,0.0,0.0,2022-07-13
1706,2022-07-13 11:30:00-04:00,9.1899995803833,9.229999542236328,9.154999732971191,9.210000038146973,9065,0.0,0.0,2022-07-13
1707,2022-07-13 12:30:00-04:00,9.21500015258789,9.34000015258789,9.21500015258789,9.279999732971191,5470,0.0,0.0,2022-07-13
1708,2022-07-13 13:30:00-04:00,9.289999961853027,9.324999809265137,9.234999656677246,9.324999809265137,4940,0.0,0.0,2022-07-13
1709,2022-07-13 14:30:00-04:00,9.34000015258789,9.390000343322754,9.319999694824219,9.380000114440918,9115,0.0,0.0,2022-07-13
1710,2022-07-13 15:30:00-04:00,9.364999771118164,9.40999984741211,9.34000015258789,9.380000114440918,21727,0.0,0.0,2022-07-13
1711,2022-07-14 09:30:00-04:00,9.25,9.34000015258789,9.229999542236328,9.239999771118164,7043,0.0,0.0,2022-07-14
1712,2022-07-14 10:30:00-04:00,9.289999961853027,9.29800033569336,9.239999771118164,9.26990032196045,5696,0.0,0.0,2022-07-14
1713,2022-07-14 11:30:00-04:00,9.25,9.279999732971191,9.239999771118164,9.260000228881836,7072,0.0,0.0,2022-07-14
1714,2022-07-14 12:30:00-04:00,9.260000228881836,9.270000457763672,9.23009967803955,9.270000457763672,7802,0.0,0.0,2022-07-14
1715,2022-07-14 13:30:00-04:00,9.260000228881836,9.395000457763672,9.25,9.395000457763672,9117,0.0,0.0,2022-07-14
1716,2022-07-14 14:30:00-04:00,9.395000457763672,9.420000076293945,9.329999923706055,9.380000114440918,10008,0.0,0.0,2022-07-14
1717,2022-07-14 15:30:00-04:00,9.390000343322754,9.399999618530273,9.350000381469727,9.369999885559082,17534,0.0,0.0,2022-07-14
1718,2022-07-15 09:30:00-04:00,9.520000457763672,9.619999885559082,9.5,9.619999885559082,11573,0.0,0.0,2022-07-15
1719,2022-07-15 10:30:00-04:00,9.609999656677246,9.619999885559082,9.520000457763672,9.579999923706055,5574,0.0,0.0,2022-07-15
1720,2022-07-15 11:30:00-04:00,9.569999694824219,9.710000038146973,9.569999694824219,9.630000114440918,16642,0.0,0.0,2022-07-15
1721,2022-07-15 12:30:00-04:00,9.632499694824219,9.699999809265137,9.632499694824219,9.680000305175781,12647,0.0,0.0,2022-07-15
1722,2022-07-15 13:30:00-04:00,9.680000305175781,9.729999542236328,9.645000457763672,9.699999809265137,22667,0.0,0.0,2022-07-15
1723,2022-07-15 14:30:00-04:00,9.680000305175781,9.75,9.65999984741211,9.718000411987305,10387,0.0,0.0,2022-07-15
1724,2022-07-15 15:30:00-04:00,9.6899995803833,9.75,9.6899995803833,9.729999542236328,24438,0.0,0.0,2022-07-15
1725,2022-07-18 09:30:00-04:00,9.789999961853027,9.789999961853027,9.65999984741211,9.739999771118164,7467,0.0,0.0,2022-07-18
1726,2022-07-18 10:30:00-04:00,9.75,9.8100004196167,9.6899995803833,9.8100004196167,10330,0.0,0.0,2022-07-18
1727,2022-07-18 11:30:00-04:00,9.770000457763672,9.770000457763672,9.729999542236328,9.75,6160,0.0,0.0,2022-07-18
1728,2022-07-18 12:30:00-04:00,9.760000228881836,9.779999732971191,9.720000267028809,9.779999732971191,12207,0.0,0.0,2022-07-18
1729,2022-07-18 13:30:00-04:00,9.765000343322754,9.765000343322754,9.65999984741211,9.65999984741211,12339,0.0,0.0,2022-07-18
1730,2022-07-18 14:30:00-04:00,9.664999961853027,9.710000038146973,9.630000114440918,9.649999618530273,17789,0.0,0.0,2022-07-18
1731,2022-07-18 15:30:00-04:00,9.649999618530273,9.649999618530273,9.539999961853027,9.609999656677246,37226,0.0,0.0,2022-07-18
1732,2022-07-19 09:30:00-04:00,9.65999984741211,9.859999656677246,9.65999984741211,9.755000114440918,14588,0.0,0.0,2022-07-19
1733,2022-07-19 10:30:00-04:00,9.75,9.779999732971191,9.6899995803833,9.699999809265137,14252,0.0,0.0,2022-07-19
1734,2022-07-19 11:30:00-04:00,9.710000038146973,9.739999771118164,9.6899995803833,9.6899995803833,8754,0.0,0.0,2022-07-19
1735,2022-07-19 12:30:00-04:00,9.6899995803833,9.739999771118164,9.6899995803833,9.699999809265137,9005,0.0,0.0,2022-07-19
1736,2022-07-19 13:30:00-04:00,9.699999809265137,9.8100004196167,9.6899995803833,9.770000457763672,6969,0.0,0.0,2022-07-19
1737,2022-07-19 14:30:00-04:00,9.75,9.770000457763672,9.720000267028809,9.739999771118164,12078,0.0,0.0,2022-07-19
1738,2022-07-19 15:30:00-04:00,9.734999656677246,9.760000228881836,9.699999809265137,9.729999542236328,24426,0.0,0.0,2022-07-19
1739,2022-07-20 09:30:00-04:00,9.710000038146973,9.899999618530273,9.592100143432617,9.869999885559082,0,0.0,0.0,2022-07-20
1740,2022-07-20 10:30:00-04:00,9.850000381469727,9.930000305175781,9.829999923706055,9.930000305175781,10358,0.0,0.0,2022-07-20
1741,2022-07-20 11:30:00-04:00,9.90999984741211,9.930000305175781,9.899999618530273,9.90999984741211,4595,0.0,0.0,2022-07-20
1742,2022-07-20 12:30:00-04:00,9.90999984741211,9.920000076293945,9.835000038146973,9.890000343322754,8964,0.0,0.0,2022-07-20
1743,2022-07-20 13:30:00-04:00,9.899999618530273,9.970000267028809,9.899999618530273,9.949999809265137,9248,0.0,0.0,2022-07-20
1744,2022-07-20 14:30:00-04:00,9.949999809265137,9.979999542236328,9.899999618530273,9.960000038146973,23590,0.0,0.0,2022-07-20
1745,2022-07-20 15:30:00-04:00,9.960000038146973,9.960000038146973,9.869999885559082,9.890000343322754,21179,0.0,0.0,2022-07-20
1746,2022-07-21 09:30:00-04:00,9.739999771118164,9.755000114440918,9.670000076293945,9.699999809265137,11684,0.0,0.0,2022-07-21
1747,2022-07-21 10:30:00-04:00,9.699999809265137,9.739999771118164,9.680000305175781,9.680000305175781,3489,0.0,0.0,2022-07-21
1748,2022-07-21 11:30:00-04:00,9.640000343322754,9.654999732971191,9.609999656677246,9.649999618530273,5499,0.0,0.0,2022-07-21
1749,2022-07-21 12:30:00-04:00,9.670000076293945,9.6899995803833,9.670000076293945,9.680000305175781,2553,0.0,0.0,2022-07-21
1750,2022-07-21 13:30:00-04:00,9.649999618530273,9.729999542236328,9.649999618530273,9.720000267028809,7848,0.0,0.0,2022-07-21
1751,2022-07-21 14:30:00-04:00,9.699999809265137,9.760000228881836,9.670000076293945,9.739999771118164,9863,0.0,0.0,2022-07-21
1752,2022-07-21 15:30:00-04:00,9.739999771118164,9.8100004196167,9.720000267028809,9.789999961853027,15895,0.0,0.0,2022-07-21
1753,2022-07-22 09:30:00-04:00,9.8100004196167,9.817500114440918,9.699999809265137,9.739999771118164,7939,0.0,0.0,2022-07-22
1754,2022-07-22 10:30:00-04:00,9.710000038146973,9.739999771118164,9.673700332641602,9.720000267028809,4870,0.0,0.0,2022-07-22
1755,2022-07-22 11:30:00-04:00,9.720000267028809,9.720000267028809,9.630000114440918,9.65999984741211,20024,0.0,0.0,2022-07-22
1756,2022-07-22 12:30:00-04:00,9.670000076293945,9.720000267028809,9.550000190734863,9.579999923706055,7860,0.0,0.0,2022-07-22
1757,2022-07-22 13:30:00-04:00,9.550000190734863,9.579999923706055,9.5,9.510000228881836,7991,0.0,0.0,2022-07-22
1758,2022-07-22 14:30:00-04:00,9.5,9.539999961853027,9.5,9.520000457763672,5421,0.0,0.0,2022-07-22
1759,2022-07-22 15:30:00-04:00,9.520000457763672,9.630000114440918,9.520000457763672,9.630000114440918,13869,0.0,0.0,2022-07-22
1760,2022-07-25 09:30:00-04:00,9.65999984741211,9.65999984741211,9.539999961853027,9.600000381469727,7411,0.0,0.0,2022-07-25
1761,2022-07-25 10:30:00-04:00,9.59000015258789,9.619999885559082,9.579999923706055,9.579999923706055,5478,0.0,0.0,2022-07-25
1762,2022-07-25 11:30:00-04:00,9.5600004196167,9.640000343322754,9.550000190734863,9.619999885559082,8337,0.0,0.0,2022-07-25
1763,2022-07-25 12:30:00-04:00,9.640000343322754,9.699999809265137,9.630000114440918,9.670000076293945,7982,0.0,0.0,2022-07-25
1764,2022-07-25 13:30:00-04:00,9.670000076293945,9.680000305175781,9.635000228881836,9.649999618530273,6489,0.0,0.0,2022-07-25
1765,2022-07-25 14:30:00-04:00,9.649999618530273,9.65999984741211,9.59000015258789,9.619999885559082,8229,0.0,0.0,2022-07-25
1766,2022-07-25 15:30:00-04:00,9.614999771118164,9.6899995803833,9.614999771118164,9.640000343322754,19950,0.0,0.0,2022-07-25
1767,2022-07-26 09:30:00-04:00,9.579999923706055,9.630000114440918,9.470000267028809,9.614999771118164,6643,0.0,0.0,2022-07-26
1768,2022-07-26 10:30:00-04:00,9.619999885559082,9.619999885559082,9.539999961853027,9.539999961853027,4806,0.0,0.0,2022-07-26
1769,2022-07-26 11:30:00-04:00,9.520000457763672,9.539999961853027,9.470000267028809,9.489999771118164,4782,0.0,0.0,2022-07-26
1770,2022-07-26 12:30:00-04:00,9.489999771118164,9.499899864196777,9.430000305175781,9.449999809265137,6051,0.0,0.0,2022-07-26
1771,2022-07-26 13:30:00-04:00,9.449999809265137,9.449999809265137,9.369999885559082,9.430000305175781,10698,0.0,0.0,2022-07-26
1772,2022-07-26 14:30:00-04:00,9.420000076293945,9.449999809265137,9.340499877929688,9.40999984741211,17685,0.0,0.0,2022-07-26
1773,2022-07-26 15:30:00-04:00,9.40999984741211,9.420000076293945,9.34000015258789,9.34000015258789,15292,0.0,0.0,2022-07-26
1774,2022-07-27 09:30:00-04:00,9.470000267028809,9.600000381469727,9.449999809265137,9.59000015258789,9240,0.0,0.0,2022-07-27
1775,2022-07-27 10:30:00-04:00,9.630000114440918,9.630000114440918,9.529999732971191,9.539999961853027,4316,0.0,0.0,2022-07-27
1776,2022-07-27 11:30:00-04:00,9.529999732971191,9.529999732971191,9.520000457763672,9.520000457763672,1358,0.0,0.0,2022-07-27
1777,2022-07-27 12:30:00-04:00,9.510000228881836,9.569999694824219,9.5,9.510000228881836,7202,0.0,0.0,2022-07-27
1778,2022-07-27 13:30:00-04:00,9.510000228881836,9.569999694824219,9.5,9.520000457763672,6868,0.0,0.0,2022-07-27
1779,2022-07-27 14:30:00-04:00,9.5,9.649999618530273,9.5,9.640000343322754,10296,0.0,0.0,2022-07-27
1780,2022-07-27 15:30:00-04:00,9.620100021362305,9.6899995803833,9.620100021362305,9.670000076293945,15406,0.0,0.0,2022-07-27
1781,2022-07-28 09:30:00-04:00,9.739999771118164,9.739999771118164,9.6899995803833,9.710000038146973,5853,0.0,0.0,2022-07-28
1782,2022-07-28 10:30:00-04:00,9.6899995803833,9.710000038146973,9.579999923706055,9.625,16922,0.0,0.0,2022-07-28
1783,2022-07-28 11:30:00-04:00,9.609999656677246,9.699999809265137,9.609999656677246,9.699999809265137,6675,0.0,0.0,2022-07-28
1784,2022-07-28 12:30:00-04:00,9.699999809265137,9.699999809265137,9.661800384521484,9.6899995803833,7451,0.0,0.0,2022-07-28
1785,2022-07-28 13:30:00-04:00,9.680000305175781,9.6899995803833,9.649999618530273,9.670000076293945,8912,0.0,0.0,2022-07-28
1786,2022-07-28 14:30:00-04:00,9.670000076293945,9.699999809265137,9.654999732971191,9.694999694824219,13269,0.0,0.0,2022-07-28
1787,2022-07-28 15:30:00-04:00,9.699999809265137,9.8100004196167,9.699999809265137,9.760000228881836,38265,0.0,0.0,2022-07-28
1788,2022-07-29 09:30:00-04:00,9.8100004196167,9.8100004196167,9.680000305175781,9.8100004196167,23225,0.0,0.0,2022-07-29
1789,2022-07-29 10:30:00-04:00,9.770000457763672,9.770000457763672,9.699999809265137,9.729999542236328,9074,0.0,0.0,2022-07-29
1790,2022-07-29 11:30:00-04:00,9.729999542236328,9.75,9.699999809265137,9.704999923706055,3133,0.0,0.0,2022-07-29
1791,2022-07-29 12:30:00-04:00,9.6899995803833,9.720000267028809,9.670000076293945,9.710000038146973,5868,0.0,0.0,2022-07-29
1792,2022-07-29 13:30:00-04:00,9.720000267028809,9.770000457763672,9.720000267028809,9.770000457763672,2314,0.0,0.0,2022-07-29
1793,2022-07-29 14:30:00-04:00,9.770000457763672,9.789999961853027,9.663000106811523,9.6899995803833,14957,0.0,0.0,2022-07-29
1794,2022-07-29 15:30:00-04:00,9.710000038146973,9.739999771118164,9.680000305175781,9.729999542236328,18492,0.0,0.0,2022-07-29
1795,2022-08-01 09:30:00-04:00,9.699999809265137,9.8100004196167,9.600000381469727,9.649999618530273,7136,0.0,0.0,2022-08-01
1796,2022-08-01 10:30:00-04:00,9.670000076293945,9.755000114440918,9.670000076293945,9.710000038146973,7123,0.0,0.0,2022-08-01
1797,2022-08-01 11:30:00-04:00,9.710000038146973,9.770000457763672,9.704999923706055,9.770000457763672,5363,0.0,0.0,2022-08-01
1798,2022-08-01 12:30:00-04:00,9.789999961853027,9.869999885559082,9.779999732971191,9.819999694824219,10208,0.0,0.0,2022-08-01
1799,2022-08-01 13:30:00-04:00,9.819999694824219,9.850000381469727,9.819999694824219,9.819999694824219,6172,0.0,0.0,2022-08-01
1800,2022-08-01 14:30:00-04:00,9.84000015258789,9.864999771118164,9.829999923706055,9.84000015258789,9350,0.0,0.0,2022-08-01
1801,2022-08-01 15:30:00-04:00,9.84000015258789,9.84000015258789,9.800000190734863,9.84000015258789,9866,0.0,0.0,2022-08-01
1802,2022-08-02 09:30:00-04:00,9.829999923706055,9.960000038146973,9.829999923706055,9.90999984741211,8928,0.0,0.0,2022-08-02
1803,2022-08-02 10:30:00-04:00,9.925000190734863,9.970000267028809,9.920000076293945,9.970000267028809,4827,0.0,0.0,2022-08-02
1804,2022-08-02 11:30:00-04:00,9.960000038146973,9.979999542236328,9.960000038146973,9.970000267028809,3417,0.0,0.0,2022-08-02
1805,2022-08-02 12:30:00-04:00,9.979999542236328,10.010000228881836,9.876199722290039,9.880000114440918,7323,0.0,0.0,2022-08-02
1806,2022-08-02 13:30:00-04:00,9.869999885559082,9.90999984741211,9.850000381469727,9.880000114440918,6070,0.0,0.0,2022-08-02
1807,2022-08-02 14:30:00-04:00,9.895000457763672,9.930000305175781,9.890000343322754,9.920000076293945,5578,0.0,0.0,2022-08-02
1808,2022-08-02 15:30:00-04:00,9.920000076293945,9.930000305175781,9.850000381469727,9.850000381469727,7253,0.0,0.0,2022-08-02
1809,2022-08-03 09:30:00-04:00,9.960000038146973,10.001500129699707,9.890000343322754,9.90999984741211,7599,0.0,0.0,2022-08-03
1810,2022-08-03 10:30:00-04:00,9.949999809265137,9.949999809265137,9.880000114440918,9.899999618530273,5262,0.0,0.0,2022-08-03
1811,2022-08-03 11:30:00-04:00,9.919899940490723,9.979999542236328,9.919899940490723,9.920000076293945,7008,0.0,0.0,2022-08-03
1812,2022-08-03 12:30:00-04:00,9.9399995803833,10.0,9.9399995803833,9.970000267028809,10092,0.0,0.0,2022-08-03
1813,2022-08-03 13:30:00-04:00,9.980799674987793,10.069999694824219,9.949999809265137,10.050000190734863,8613,0.0,0.0,2022-08-03
1814,2022-08-03 14:30:00-04:00,10.020000457763672,10.053799629211426,10.010000228881836,10.010000228881836,9627,0.0,0.0,2022-08-03
1815,2022-08-03 15:30:00-04:00,10.039999961853027,10.12090015411377,10.020099639892578,10.069999694824219,28828,0.0,0.0,2022-08-03
1816,2022-08-04 09:30:00-04:00,10.109999656677246,10.119999885559082,10.020000457763672,10.065199851989746,7043,0.0,0.0,2022-08-04
1817,2022-08-04 10:30:00-04:00,10.069999694824219,10.069999694824219,9.954999923706055,10.069999694824219,23106,0.0,0.0,2022-08-04
1818,2022-08-04 11:30:00-04:00,10.089900016784668,10.089900016784668,9.989999771118164,9.994999885559082,8478,0.0,0.0,2022-08-04
1819,2022-08-04 12:30:00-04:00,9.979999542236328,10.010000228881836,9.9399995803833,10.010000228881836,5048,0.0,0.0,2022-08-04
1820,2022-08-04 13:30:00-04:00,10.020000457763672,10.020000457763672,9.970000267028809,9.970000267028809,2650,0.0,0.0,2022-08-04
1821,2022-08-04 14:30:00-04:00,9.979999542236328,10.047499656677246,9.960000038146973,10.020000457763672,8648,0.0,0.0,2022-08-04
1822,2022-08-04 15:30:00-04:00,10.020000457763672,10.0600004196167,10.005000114440918,10.020000457763672,24908,0.0,0.0,2022-08-04
1823,2022-08-05 09:30:00-04:00,9.65999984741211,9.850000381469727,9.229999542236328,9.460000038146973,57884,0.0,0.0,2022-08-05
1824,2022-08-05 10:30:00-04:00,9.4399995803833,9.45989990234375,9.239999771118164,9.270000457763672,27025,0.0,0.0,2022-08-05
1825,2022-08-05 11:30:00-04:00,9.25,9.380000114440918,9.220000267028809,9.265000343322754,26451,0.0,0.0,2022-08-05
1826,2022-08-05 12:30:00-04:00,9.25,9.369999885559082,9.25,9.319899559020996,15539,0.0,0.0,2022-08-05
1827,2022-08-05 13:30:00-04:00,9.319999694824219,9.385000228881836,9.3100004196167,9.375,12833,0.0,0.0,2022-08-05
1828,2022-08-05 14:30:00-04:00,9.393500328063965,9.393500328063965,9.329999923706055,9.329999923706055,11608,0.0,0.0,2022-08-05
1829,2022-08-05 15:30:00-04:00,9.329999923706055,9.350000381469727,9.3100004196167,9.319999694824219,25133,0.0,0.0,2022-08-05
1830,2022-08-08 09:30:00-04:00,9.329999923706055,9.59000015258789,9.329999923706055,9.5600004196167,32781,0.0,0.0,2022-08-08
1831,2022-08-08 10:30:00-04:00,9.555000305175781,9.569999694824219,9.449999809265137,9.449999809265137,12754,0.0,0.0,2022-08-08
1832,2022-08-08 11:30:00-04:00,9.430000305175781,9.430000305175781,9.350000381469727,9.376700401306152,9901,0.0,0.0,2022-08-08
1833,2022-08-08 12:30:00-04:00,9.399999618530273,9.460000038146973,9.359999656677246,9.390000343322754,9808,0.0,0.0,2022-08-08
1834,2022-08-08 13:30:00-04:00,9.399999618530273,9.444999694824219,9.395000457763672,9.399999618530273,3864,0.0,0.0,2022-08-08
1835,2022-08-08 14:30:00-04:00,9.404999732971191,9.579999923706055,9.399999618530273,9.555000305175781,23454,0.0,0.0,2022-08-08
1836,2022-08-08 15:30:00-04:00,9.5649995803833,9.640000343322754,9.555000305175781,9.59000015258789,33561,0.0,0.0,2022-08-08
1837,2022-08-09 09:30:00-04:00,9.600000381469727,9.600000381469727,9.40999984741211,9.414999961853027,9137,0.0,0.0,2022-08-09
1838,2022-08-09 10:30:00-04:00,9.429900169372559,9.479999542236328,9.40999984741211,9.460000038146973,7415,0.0,0.0,2022-08-09
1839,2022-08-09 11:30:00-04:00,9.454999923706055,9.454999923706055,9.350000381469727,9.375,8763,0.0,0.0,2022-08-09
1840,2022-08-09 12:30:00-04:00,9.369999885559082,9.369999885559082,9.289999961853027,9.34000015258789,11499,0.0,0.0,2022-08-09
1841,2022-08-09 13:30:00-04:00,9.34000015258789,9.369999885559082,9.319999694824219,9.335000038146973,6113,0.0,0.0,2022-08-09
1842,2022-08-09 14:30:00-04:00,9.34000015258789,9.369999885559082,9.300000190734863,9.300000190734863,14362,0.0,0.0,2022-08-09
1843,2022-08-09 15:30:00-04:00,9.300000190734863,9.350000381469727,9.260000228881836,9.34000015258789,27391,0.0,0.0,2022-08-09
1844,2022-08-10 09:30:00-04:00,9.510000228881836,9.539999961853027,9.47029972076416,9.539999961853027,24912,0.0,0.0,2022-08-10
1845,2022-08-10 10:30:00-04:00,9.529999732971191,9.59000015258789,9.510000228881836,9.588899612426758,8227,0.0,0.0,2022-08-10
1846,2022-08-10 11:30:00-04:00,9.569999694824219,9.579999923706055,9.489999771118164,9.529999732971191,10814,0.0,0.0,2022-08-10
1847,2022-08-10 12:30:00-04:00,9.529999732971191,9.569999694824219,9.489999771118164,9.510000228881836,11213,0.0,0.0,2022-08-10
1848,2022-08-10 13:30:00-04:00,9.510000228881836,9.529999732971191,9.494999885559082,9.529999732971191,10772,0.0,0.0,2022-08-10
1849,2022-08-10 14:30:00-04:00,9.529999732971191,9.569999694824219,9.520000457763672,9.550000190734863,21458,0.0,0.0,2022-08-10
1850,2022-08-10 15:30:00-04:00,9.5600004196167,9.59000015258789,9.539999961853027,9.539999961853027,20128,0.0,0.0,2022-08-10
1851,2022-08-11 09:30:00-04:00,9.600000381469727,9.785200119018555,9.515000343322754,9.770000457763672,16336,0.0,0.0,2022-08-11
1852,2022-08-11 10:30:00-04:00,9.779999732971191,9.779999732971191,9.694999694824219,9.725000381469727,9147,0.0,0.0,2022-08-11
1853,2022-08-11 11:30:00-04:00,9.729999542236328,9.729999542236328,9.649999618530273,9.649999618530273,8821,0.0,0.0,2022-08-11
1854,2022-08-11 12:30:00-04:00,9.670000076293945,9.734999656677246,9.670000076293945,9.670000076293945,10543,0.0,0.0,2022-08-11
1855,2022-08-11 13:30:00-04:00,9.6850004196167,9.6850004196167,9.640000343322754,9.640000343322754,8142,0.0,0.0,2022-08-11
1856,2022-08-11 14:30:00-04:00,9.630000114440918,9.630000114440918,9.5600004196167,9.630000114440918,9429,0.0,0.0,2022-08-11
1857,2022-08-11 15:30:00-04:00,9.630000114440918,9.649999618530273,9.609999656677246,9.630000114440918,21985,0.0,0.0,2022-08-11
1858,2022-08-12 09:30:00-04:00,9.619999885559082,9.729999542236328,9.545000076293945,9.6899995803833,8064,0.0,0.0,2022-08-12
1859,2022-08-12 10:30:00-04:00,9.699999809265137,9.699999809265137,9.600000381469727,9.680000305175781,13466,0.0,0.0,2022-08-12
1860,2022-08-12 11:30:00-04:00,9.6850004196167,9.720000267028809,9.649999618530273,9.649999618530273,6812,0.0,0.0,2022-08-12
1861,2022-08-12 12:30:00-04:00,9.649999618530273,9.680000305175781,9.640000343322754,9.649999618530273,4344,0.0,0.0,2022-08-12
1862,2022-08-12 13:30:00-04:00,9.664999961853027,9.729999542236328,9.65999984741211,9.720000267028809,4201,0.0,0.0,2022-08-12
1863,2022-08-12 14:30:00-04:00,9.720000267028809,9.75,9.710000038146973,9.739999771118164,7171,0.0,0.0,2022-08-12
1864,2022-08-12 15:30:00-04:00,9.760000228881836,9.779999732971191,9.739999771118164,9.770000457763672,12964,0.0,0.0,2022-08-12
1865,2022-08-15 09:30:00-04:00,9.779999732971191,9.869999885559082,9.739999771118164,9.819999694824219,10478,0.0,0.0,2022-08-15
1866,2022-08-15 10:30:00-04:00,9.829999923706055,9.871399879455566,9.800000190734863,9.800000190734863,7884,0.0,0.0,2022-08-15
1867,2022-08-15 11:30:00-04:00,9.829999923706055,9.890000343322754,9.829999923706055,9.859999656677246,9664,0.0,0.0,2022-08-15
1868,2022-08-15 12:30:00-04:00,9.84000015258789,9.84000015258789,9.8100004196167,9.819999694824219,2847,0.0,0.0,2022-08-15
1869,2022-08-15 13:30:00-04:00,9.819999694824219,9.819999694824219,9.760000228881836,9.779999732971191,3887,0.0,0.0,2022-08-15
1870,2022-08-15 14:30:00-04:00,9.789999961853027,9.8100004196167,9.779999732971191,9.800000190734863,7499,0.0,0.0,2022-08-15
1871,2022-08-15 15:30:00-04:00,9.800000190734863,9.800000190734863,9.760000228881836,9.789999961853027,14461,0.0,0.0,2022-08-15
1872,2022-08-16 09:30:00-04:00,9.699999809265137,9.744999885559082,9.649999618530273,9.675000190734863,5724,0.0,0.0,2022-08-16
1873,2022-08-16 10:30:00-04:00,9.6899995803833,9.779999732971191,9.649999618530273,9.770000457763672,6763,0.0,0.0,2022-08-16
1874,2022-08-16 11:30:00-04:00,9.770000457763672,9.770000457763672,9.75,9.760000228881836,6287,0.0,0.0,2022-08-16
1875,2022-08-16 12:30:00-04:00,9.752599716186523,9.8100004196167,9.75,9.8100004196167,7463,0.0,0.0,2022-08-16
1876,2022-08-16 13:30:00-04:00,9.84000015258789,9.84000015258789,9.800000190734863,9.800000190734863,6496,0.0,0.0,2022-08-16
1877,2022-08-16 14:30:00-04:00,9.779999732971191,9.819999694824219,9.739999771118164,9.819999694824219,11447,0.0,0.0,2022-08-16
1878,2022-08-16 15:30:00-04:00,9.829999923706055,9.84000015258789,9.779999732971191,9.800000190734863,22882,0.0,0.0,2022-08-16
1879,2022-08-17 09:30:00-04:00,9.699999809265137,9.699999809265137,9.573800086975098,9.649999618530273,6135,0.0,0.0,2022-08-17
1880,2022-08-17 10:30:00-04:00,9.640000343322754,9.640000343322754,9.569999694824219,9.600000381469727,4659,0.0,0.0,2022-08-17
1881,2022-08-17 11:30:00-04:00,9.579999923706055,9.625,9.579999923706055,9.625,5578,0.0,0.0,2022-08-17
1882,2022-08-17 12:30:00-04:00,9.625,9.645000457763672,9.619999885559082,9.645000457763672,6570,0.0,0.0,2022-08-17
1883,2022-08-17 13:30:00-04:00,9.65999984741211,9.720000267028809,9.65999984741211,9.720000267028809,5884,0.0,0.0,2022-08-17
1884,2022-08-17 14:30:00-04:00,9.710000038146973,9.720000267028809,9.640000343322754,9.65999984741211,7025,0.0,0.0,2022-08-17
1885,2022-08-17 15:30:00-04:00,9.65999984741211,9.66759967803955,9.609999656677246,9.630000114440918,11122,0.0,0.0,2022-08-17
1886,2022-08-18 09:30:00-04:00,9.529999732971191,9.614999771118164,9.529999732971191,9.609999656677246,7020,0.0,0.0,2022-08-18
1887,2022-08-18 10:30:00-04:00,9.60099983215332,9.60099983215332,9.550000190734863,9.59000015258789,4500,0.0,0.0,2022-08-18
1888,2022-08-18 11:30:00-04:00,9.600000381469727,9.600000381469727,9.569999694824219,9.59000015258789,6531,0.0,0.0,2022-08-18
1889,2022-08-18 12:30:00-04:00,9.579999923706055,9.579999923706055,9.5600004196167,9.5600004196167,1590,0.0,0.0,2022-08-18
1890,2022-08-18 13:30:00-04:00,9.550100326538086,9.569999694824219,9.550000190734863,9.569999694824219,3734,0.0,0.0,2022-08-18
1891,2022-08-18 14:30:00-04:00,9.579999923706055,9.59000015258789,9.5600004196167,9.59000015258789,2696,0.0,0.0,2022-08-18
1892,2022-08-18 15:30:00-04:00,9.579999923706055,9.579999923706055,9.5600004196167,9.5600004196167,6604,0.0,0.0,2022-08-18
1893,2022-08-19 09:30:00-04:00,9.449999809265137,9.539999961853027,9.449999809265137,9.5,16406,0.0,0.0,2022-08-19
1894,2022-08-19 10:30:00-04:00,9.489999771118164,9.510000228881836,9.430000305175781,9.470000267028809,7753,0.0,0.0,2022-08-19
1895,2022-08-19 11:30:00-04:00,9.46500015258789,9.579999923706055,9.46500015258789,9.569999694824219,18549,0.0,0.0,2022-08-19
1896,2022-08-19 12:30:00-04:00,9.569999694824219,9.59000015258789,9.539999961853027,9.539999961853027,7136,0.0,0.0,2022-08-19
1897,2022-08-19 13:30:00-04:00,9.550000190734863,9.550000190734863,9.520000457763672,9.520000457763672,1806,0.0,0.0,2022-08-19
1898,2022-08-19 14:30:00-04:00,9.529999732971191,9.529999732971191,9.470000267028809,9.520000457763672,14424,0.0,0.0,2022-08-19
1899,2022-08-19 15:30:00-04:00,9.510000228881836,9.5600004196167,9.494999885559082,9.5600004196167,19585,0.0,0.0,2022-08-19
1900,2022-08-22 09:30:00-04:00,9.5,9.5,9.387499809265137,9.409899711608887,13917,0.0,0.0,2022-08-22
1901,2022-08-22 10:30:00-04:00,9.395000457763672,9.420000076293945,9.369999885559082,9.375,11188,0.0,0.0,2022-08-22
1902,2022-08-22 11:30:00-04:00,9.375,9.390000343322754,9.375,9.390000343322754,4583,0.0,0.0,2022-08-22
1903,2022-08-22 12:30:00-04:00,9.369999885559082,9.380000114440918,9.318499565124512,9.34000015258789,15042,0.0,0.0,2022-08-22
1904,2022-08-22 13:30:00-04:00,9.34000015258789,9.345000267028809,9.3100004196167,9.3100004196167,7637,0.0,0.0,2022-08-22
1905,2022-08-22 14:30:00-04:00,9.3100004196167,9.329999923706055,9.289999961853027,9.329999923706055,12008,0.0,0.0,2022-08-22
1906,2022-08-22 15:30:00-04:00,9.324999809265137,9.359999656677246,9.319999694824219,9.359999656677246,14290,0.0,0.0,2022-08-22
1907,2022-08-23 09:30:00-04:00,9.329999923706055,9.40999984741211,9.329999923706055,9.385000228881836,3451,0.0,0.0,2022-08-23
1908,2022-08-23 10:30:00-04:00,9.369999885559082,9.390000343322754,9.34000015258789,9.378700256347656,5328,0.0,0.0,2022-08-23
1909,2022-08-23 11:30:00-04:00,9.369999885559082,9.380000114440918,9.34630012512207,9.34630012512207,1861,0.0,0.0,2022-08-23
1910,2022-08-23 12:30:00-04:00,9.335000038146973,9.364999771118164,9.319999694824219,9.34000015258789,3231,0.0,0.0,2022-08-23
1911,2022-08-23 13:30:00-04:00,9.34000015258789,9.369999885559082,9.34000015258789,9.359999656677246,6239,0.0,0.0,2022-08-23
1912,2022-08-23 14:30:00-04:00,9.335000038146973,9.350000381469727,9.32289981842041,9.329999923706055,3154,0.0,0.0,2022-08-23
1913,2022-08-23 15:30:00-04:00,9.329999923706055,9.359999656677246,9.329999923706055,9.350000381469727,14202,0.0,0.0,2022-08-23
1914,2022-08-24 09:30:00-04:00,9.3100004196167,9.390000343322754,9.295000076293945,9.369999885559082,6210,0.0,0.0,2022-08-24
1915,2022-08-24 10:30:00-04:00,9.390000343322754,9.40999984741211,9.369999885559082,9.395000457763672,11165,0.0,0.0,2022-08-24
1916,2022-08-24 11:30:00-04:00,9.399999618530273,9.40999984741211,9.399999618530273,9.40999984741211,3135,0.0,0.0,2022-08-24
1917,2022-08-24 12:30:00-04:00,9.399999618530273,9.399999618530273,9.385000228881836,9.385000228881836,717,0.0,0.0,2022-08-24
1918,2022-08-24 13:30:00-04:00,9.380000114440918,9.380000114440918,9.369999885559082,9.380000114440918,2152,0.0,0.0,2022-08-24
1919,2022-08-24 14:30:00-04:00,9.380000114440918,9.380000114440918,9.364999771118164,9.369999885559082,2131,0.0,0.0,2022-08-24
1920,2022-08-24 15:30:00-04:00,9.380000114440918,9.399999618530273,9.369999885559082,9.380000114440918,6766,0.0,0.0,2022-08-24
1921,2022-08-25 09:30:00-04:00,9.40999984741211,9.5600004196167,9.40999984741211,9.5600004196167,12652,0.0,0.0,2022-08-25
1922,2022-08-25 10:30:00-04:00,9.5600004196167,9.569999694824219,9.460000038146973,9.470000267028809,7567,0.0,0.0,2022-08-25
1923,2022-08-25 11:30:00-04:00,9.460000038146973,9.479999542236328,9.460000038146973,9.460000038146973,3661,0.0,0.0,2022-08-25
1924,2022-08-25 12:30:00-04:00,9.454999923706055,9.479999542236328,9.4399995803833,9.460000038146973,9995,0.0,0.0,2022-08-25
1925,2022-08-25 13:30:00-04:00,9.479999542236328,9.5,9.449999809265137,9.460000038146973,7821,0.0,0.0,2022-08-25
1926,2022-08-25 14:30:00-04:00,9.489999771118164,9.489999771118164,9.454999923706055,9.470000267028809,6554,0.0,0.0,2022-08-25
1927,2022-08-25 15:30:00-04:00,9.470000267028809,9.520000457763672,9.454999923706055,9.510000228881836,10365,0.0,0.0,2022-08-25
1928,2022-08-26 09:30:00-04:00,9.479999542236328,9.59000015258789,9.460000038146973,9.470000267028809,11445,0.0,0.0,2022-08-26
1929,2022-08-26 10:30:00-04:00,9.4399995803833,9.4399995803833,9.329999923706055,9.358699798583984,4937,0.0,0.0,2022-08-26
1930,2022-08-26 11:30:00-04:00,9.359999656677246,9.364999771118164,9.289999961853027,9.319999694824219,4433,0.0,0.0,2022-08-26
1931,2022-08-26 12:30:00-04:00,9.3100004196167,9.395000457763672,9.3100004196167,9.395000457763672,11682,0.0,0.0,2022-08-26
1932,2022-08-26 13:30:00-04:00,9.395000457763672,9.399999618530273,9.329999923706055,9.350000381469727,6011,0.0,0.0,2022-08-26
1933,2022-08-26 14:30:00-04:00,9.34000015258789,9.34000015258789,9.28499984741211,9.28499984741211,12836,0.0,0.0,2022-08-26
1934,2022-08-26 15:30:00-04:00,9.279999732971191,9.329999923706055,9.279999732971191,9.319999694824219,21869,0.0,0.0,2022-08-26
1935,2022-08-29 09:30:00-04:00,9.220000267028809,9.319999694824219,9.210000038146973,9.3149995803833,7012,0.0,0.0,2022-08-29
1936,2022-08-29 10:30:00-04:00,9.3149995803833,9.324999809265137,9.300000190734863,9.324999809265137,3706,0.0,0.0,2022-08-29
1937,2022-08-29 11:30:00-04:00,9.329999923706055,9.350000381469727,9.300000190734863,9.34000015258789,13354,0.0,0.0,2022-08-29
1938,2022-08-29 12:30:00-04:00,9.329999923706055,9.359999656677246,9.319999694824219,9.350000381469727,7579,0.0,0.0,2022-08-29
1939,2022-08-29 13:30:00-04:00,9.369999885559082,9.369999885559082,9.354100227355957,9.354999542236328,4630,0.0,0.0,2022-08-29
1940,2022-08-29 14:30:00-04:00,9.350000381469727,9.375,9.34000015258789,9.369999885559082,7076,0.0,0.0,2022-08-29
1941,2022-08-29 15:30:00-04:00,9.359999656677246,9.399999618530273,9.350000381469727,9.359999656677246,16853,0.0,0.0,2022-08-29
1942,2022-08-30 09:30:00-04:00,9.4399995803833,9.4399995803833,9.375,9.390000343322754,11060,0.0,0.0,2022-08-30
1943,2022-08-30 10:30:00-04:00,9.390000343322754,9.420000076293945,9.324999809265137,9.380000114440918,20246,0.0,0.0,2022-08-30
1944,2022-08-30 11:30:00-04:00,9.3100004196167,9.3100004196167,9.239999771118164,9.289999961853027,9090,0.0,0.0,2022-08-30
1945,2022-08-30 12:30:00-04:00,9.279999732971191,9.279999732971191,9.095000267028809,9.095000267028809,12946,0.0,0.0,2022-08-30
1946,2022-08-30 13:30:00-04:00,9.095000267028809,9.180000305175781,9.0600004196167,9.180000305175781,19113,0.0,0.0,2022-08-30
1947,2022-08-30 14:30:00-04:00,9.170000076293945,9.270000457763672,9.170000076293945,9.229999542236328,16505,0.0,0.0,2022-08-30
1948,2022-08-30 15:30:00-04:00,9.220000267028809,9.220000267028809,9.170000076293945,9.1899995803833,21020,0.0,0.0,2022-08-30
1949,2022-08-31 09:30:00-04:00,9.25,9.289999961853027,9.109999656677246,9.140000343322754,20387,0.0,0.0,2022-08-31
1950,2022-08-31 10:30:00-04:00,9.130000114440918,9.180000305175781,9.119999885559082,9.15999984741211,8732,0.0,0.0,2022-08-31
1951,2022-08-31 11:30:00-04:00,9.140000343322754,9.168800354003906,9.130000114440918,9.135000228881836,4527,0.0,0.0,2022-08-31
1952,2022-08-31 12:30:00-04:00,9.130000114440918,9.180000305175781,9.109999656677246,9.119999885559082,14285,0.0,0.0,2022-08-31
1953,2022-08-31 13:30:00-04:00,9.137800216674805,9.137800216674805,9.100000381469727,9.119999885559082,14929,0.0,0.0,2022-08-31
1954,2022-08-31 14:30:00-04:00,9.125,9.145000457763672,9.039999961853027,9.055000305175781,15925,0.0,0.0,2022-08-31
1955,2022-08-31 15:30:00-04:00,9.050000190734863,9.09000015258789,9.039999961853027,9.079999923706055,21625,0.0,0.0,2022-08-31
1956,2022-09-01 09:30:00-04:00,9.020000457763672,9.1899995803833,8.869999885559082,8.970000267028809,23977,0.0,0.0,2022-09-01
1957,2022-09-01 10:30:00-04:00,8.989999771118164,9.020000457763672,8.930000305175781,8.95989990234375,14779,0.0,0.0,2022-09-01
1958,2022-09-01 11:30:00-04:00,8.960000038146973,9.029999732971191,8.9399995803833,8.979999542236328,18752,0.0,0.0,2022-09-01
1959,2022-09-01 12:30:00-04:00,8.989999771118164,9.050000190734863,8.965900421142578,9.039999961853027,20165,0.0,0.0,2022-09-01
1960,2022-09-01 13:30:00-04:00,9.031399726867676,9.069999694824219,8.960000038146973,9.069999694824219,15594,0.0,0.0,2022-09-01
1961,2022-09-01 14:30:00-04:00,9.074999809265137,9.100000381469727,9.020000457763672,9.100000381469727,32700,0.0,0.0,2022-09-01
1962,2022-09-01 15:30:00-04:00,9.079999923706055,9.119999885559082,9.0600004196167,9.100000381469727,33346,0.0,0.0,2022-09-01
1963,2022-09-02 09:30:00-04:00,9.149999618530273,9.149999618530273,9.020000457763672,9.095000267028809,10707,0.0,0.0,2022-09-02
1964,2022-09-02 10:30:00-04:00,9.079999923706055,9.239999771118164,9.079999923706055,9.164999961853027,18134,0.0,0.0,2022-09-02
1965,2022-09-02 11:30:00-04:00,9.178000450134277,9.204999923706055,9.119999885559082,9.119999885559082,7085,0.0,0.0,2022-09-02
1966,2022-09-02 12:30:00-04:00,9.100000381469727,9.130000114440918,9.0,9.010100364685059,24277,0.0,0.0,2022-09-02
1967,2022-09-02 13:30:00-04:00,9.005000114440918,9.0600004196167,8.989999771118164,9.029999732971191,10515,0.0,0.0,2022-09-02
1968,2022-09-02 14:30:00-04:00,9.010000228881836,9.039999961853027,8.880000114440918,8.930000305175781,28692,0.0,0.0,2022-09-02
1969,2022-09-02 15:30:00-04:00,8.9399995803833,8.9399995803833,8.864999771118164,8.899999618530273,29184,0.0,0.0,2022-09-02
1970,2022-09-06 09:30:00-04:00,8.890000343322754,9.074999809265137,8.510000228881836,8.520000457763672,56201,0.0,0.0,2022-09-06
1971,2022-09-06 10:30:00-04:00,8.510000228881836,8.550000190734863,8.40999984741211,8.510000228881836,64591,0.0,0.0,2022-09-06
1972,2022-09-06 11:30:00-04:00,8.524999618530273,8.5600004196167,8.350000381469727,8.354999542236328,48602,0.0,0.0,2022-09-06
1973,2022-09-06 12:30:00-04:00,8.350000381469727,8.479999542236328,8.350000381469727,8.380000114440918,46638,0.0,0.0,2022-09-06
1974,2022-09-06 13:30:00-04:00,8.380000114440918,8.399999618530273,8.260000228881836,8.369999885559082,33115,0.0,0.0,2022-09-06
1975,2022-09-06 14:30:00-04:00,8.359999656677246,8.369999885559082,8.270000457763672,8.289999961853027,28627,0.0,0.0,2022-09-06
1976,2022-09-06 15:30:00-04:00,8.279999732971191,8.329999923706055,8.270000457763672,8.289999961853027,51082,0.0,0.0,2022-09-06
1977,2022-09-07 09:30:00-04:00,8.229999542236328,8.59000015258789,8.170000076293945,8.59000015258789,61306,0.0,0.0,2022-09-07
1978,2022-09-07 10:30:00-04:00,8.59000015258789,8.596599578857422,8.460000038146973,8.554800033569336,70291,0.0,0.0,2022-09-07
1979,2022-09-07 11:30:00-04:00,8.545000076293945,8.670000076293945,8.510000228881836,8.614999771118164,20225,0.0,0.0,2022-09-07
1980,2022-09-07 12:30:00-04:00,8.625,8.720000267028809,8.625,8.704999923706055,30699,0.0,0.0,2022-09-07
1981,2022-09-07 13:30:00-04:00,8.704999923706055,8.760000228881836,8.6899995803833,8.739999771118164,25286,0.0,0.0,2022-09-07
1982,2022-09-07 14:30:00-04:00,8.729999542236328,8.805000305175781,8.710000038146973,8.800000190734863,30662,0.0,0.0,2022-09-07
1983,2022-09-07 15:30:00-04:00,8.800000190734863,8.899999618530273,8.770000457763672,8.890000343322754,64758,0.0,0.0,2022-09-07
1984,2022-09-08 09:30:00-04:00,8.789999961853027,8.880000114440918,8.699999809265137,8.800000190734863,42297,0.0,0.0,2022-09-08
1985,2022-09-08 10:30:00-04:00,8.8100004196167,9.029999732971191,8.8100004196167,9.020000457763672,30613,0.0,0.0,2022-09-08
1986,2022-09-08 11:30:00-04:00,9.029999732971191,9.079999923706055,8.949999809265137,9.029999732971191,20719,0.0,0.0,2022-09-08
1987,2022-09-08 12:30:00-04:00,9.045000076293945,9.074999809265137,8.994999885559082,9.020000457763672,19742,0.0,0.0,2022-09-08
1988,2022-09-08 13:30:00-04:00,9.0,9.149999618530273,9.0,9.079999923706055,18038,0.0,0.0,2022-09-08
1989,2022-09-08 14:30:00-04:00,9.100000381469727,9.170000076293945,9.0600004196167,9.119999885559082,50228,0.0,0.0,2022-09-08
1990,2022-09-08 15:30:00-04:00,9.109999656677246,9.149999618530273,9.074999809265137,9.109999656677246,32558,0.0,0.0,2022-09-08
1991,2022-09-09 09:30:00-04:00,9.050000190734863,9.279999732971191,9.050000190734863,9.270000457763672,27656,0.0,0.0,2022-09-09
1992,2022-09-09 10:30:00-04:00,9.229999542236328,9.270000457763672,9.140000343322754,9.149999618530273,11895,0.0,0.0,2022-09-09
1993,2022-09-09 11:30:00-04:00,9.140000343322754,9.170000076293945,9.140000343322754,9.140000343322754,8065,0.0,0.0,2022-09-09
1994,2022-09-09 12:30:00-04:00,9.142499923706055,9.199999809265137,9.142499923706055,9.199999809265137,5824,0.0,0.0,2022-09-09
1995,2022-09-09 13:30:00-04:00,9.229999542236328,9.229999542236328,9.149999618530273,9.220000267028809,13809,0.0,0.0,2022-09-09
1996,2022-09-09 14:30:00-04:00,9.1899995803833,9.220000267028809,9.180000305175781,9.1850004196167,12917,0.0,0.0,2022-09-09
1997,2022-09-09 15:30:00-04:00,9.199999809265137,9.204999923706055,9.130000114440918,9.140000343322754,38719,0.0,0.0,2022-09-09
1998,2022-09-12 09:30:00-04:00,9.229999542236328,9.420000076293945,9.229999542236328,9.364999771118164,29379,0.0,0.0,2022-09-12
1999,2022-09-12 10:30:00-04:00,9.380000114440918,9.380000114440918,9.225000381469727,9.34000015258789,18251,0.0,0.0,2022-09-12
2000,2022-09-12 11:30:00-04:00,9.34000015258789,9.34000015258789,9.270000457763672,9.279999732971191,16119,0.0,0.0,2022-09-12
2001,2022-09-12 12:30:00-04:00,9.300000190734863,9.369999885559082,9.289999961853027,9.322500228881836,23884,0.0,0.0,2022-09-12
2002,2022-09-12 13:30:00-04:00,9.319999694824219,9.369999885559082,9.279999732971191,9.34000015258789,24640,0.0,0.0,2022-09-12
2003,2022-09-12 14:30:00-04:00,9.329999923706055,9.380000114440918,9.329999923706055,9.380000114440918,12847,0.0,0.0,2022-09-12
2004,2022-09-12 15:30:00-04:00,9.369999885559082,9.4399995803833,9.369999885559082,9.420000076293945,29070,0.0,0.0,2022-09-12
2005,2022-09-13 09:30:00-04:00,9.170000076293945,9.510000228881836,9.119999885559082,9.119999885559082,32032,0.0,0.0,2022-09-13
2006,2022-09-13 10:30:00-04:00,9.159899711608887,9.159899711608887,9.0600004196167,9.130000114440918,8957,0.0,0.0,2022-09-13
2007,2022-09-13 11:30:00-04:00,9.109999656677246,9.125,9.069999694824219,9.079999923706055,7818,0.0,0.0,2022-09-13
2008,2022-09-13 12:30:00-04:00,9.050000190734863,9.079999923706055,9.020000457763672,9.079999923706055,8284,0.0,0.0,2022-09-13
2009,2022-09-13 13:30:00-04:00,9.100000381469727,9.119999885559082,8.920000076293945,8.949999809265137,40303,0.0,0.0,2022-09-13
2010,2022-09-13 14:30:00-04:00,8.930000305175781,8.960000038146973,8.859999656677246,8.869999885559082,17925,0.0,0.0,2022-09-13
2011,2022-09-13 15:30:00-04:00,8.850000381469727,8.89009952545166,8.840100288391113,8.869999885559082,36391,0.0,0.0,2022-09-13
2012,2022-09-14 09:30:00-04:00,8.920000076293945,9.130000114440918,8.829999923706055,8.9350004196167,27302,0.0,0.0,2022-09-14
2013,2022-09-14 10:30:00-04:00,8.920000076293945,9.119999885559082,8.899999618530273,9.050000190734863,8775,0.0,0.0,2022-09-14
2014,2022-09-14 11:30:00-04:00,9.020000457763672,9.063799858093262,9.010000228881836,9.039999961853027,8083,0.0,0.0,2022-09-14
2015,2022-09-14 12:30:00-04:00,9.039999961853027,9.069999694824219,9.029999732971191,9.0600004196167,10290,0.0,0.0,2022-09-14
2016,2022-09-14 13:30:00-04:00,9.039999961853027,9.039999961853027,8.979999542236328,8.979999542236328,8920,0.0,0.0,2022-09-14
2017,2022-09-14 14:30:00-04:00,9.0,9.020000457763672,8.930100440979004,8.9399995803833,12720,0.0,0.0,2022-09-14
2018,2022-09-14 15:30:00-04:00,8.9399995803833,9.010000228881836,8.930000305175781,9.0,20627,0.0,0.0,2022-09-14
2019,2022-09-15 09:30:00-04:00,9.0,9.255000114440918,8.920000076293945,9.210000038146973,23844,0.0,0.0,2022-09-15
2020,2022-09-15 10:30:00-04:00,9.20740032196045,9.260000228881836,9.15999984741211,9.199999809265137,17772,0.0,0.0,2022-09-15
2021,2022-09-15 11:30:00-04:00,9.21500015258789,9.25,9.170000076293945,9.180000305175781,11148,0.0,0.0,2022-09-15
2022,2022-09-15 12:30:00-04:00,9.179900169372559,9.270000457763672,9.170000076293945,9.25,10044,0.0,0.0,2022-09-15
2023,2022-09-15 13:30:00-04:00,9.25,9.25,9.130000114440918,9.15999984741211,11000,0.0,0.0,2022-09-15
2024,2022-09-15 14:30:00-04:00,9.180000305175781,9.199999809265137,9.069999694824219,9.09000015258789,22283,0.0,0.0,2022-09-15
2025,2022-09-15 15:30:00-04:00,9.079999923706055,9.149999618530273,9.079999923706055,9.130000114440918,29702,0.0,0.0,2022-09-15
2026,2022-09-16 09:30:00-04:00,9.09000015258789,9.09000015258789,8.845000267028809,8.9399995803833,38557,0.0,0.0,2022-09-16
2027,2022-09-16 10:30:00-04:00,8.949999809265137,9.031499862670898,8.94950008392334,9.020000457763672,19456,0.0,0.0,2022-09-16
2028,2022-09-16 11:30:00-04:00,9.015000343322754,9.039999961853027,8.979999542236328,8.989999771118164,7490,0.0,0.0,2022-09-16
2029,2022-09-16 12:30:00-04:00,9.020000457763672,9.0649995803833,9.010000228881836,9.020000457763672,9902,0.0,0.0,2022-09-16
2030,2022-09-16 13:30:00-04:00,9.029999732971191,9.050000190734863,8.989999771118164,9.050000190734863,8070,0.0,0.0,2022-09-16
2031,2022-09-16 14:30:00-04:00,9.050000190734863,9.175000190734863,9.050000190734863,9.130000114440918,26405,0.0,0.0,2022-09-16
2032,2022-09-16 15:30:00-04:00,9.130000114440918,9.204999923706055,9.109999656677246,9.130000114440918,28685,0.0,0.0,2022-09-16
2033,2022-09-19 09:30:00-04:00,9.100000381469727,9.319999694824219,9.100000381469727,9.100000381469727,23025,0.0,0.0,2022-09-19
2034,2022-09-19 10:30:00-04:00,9.130000114440918,9.229999542236328,9.130000114440918,9.164999961853027,25782,0.0,0.0,2022-09-19
2035,2022-09-19 11:30:00-04:00,9.170000076293945,9.220000267028809,9.170000076293945,9.210000038146973,11480,0.0,0.0,2022-09-19
2036,2022-09-19 12:30:00-04:00,9.210000038146973,9.256799697875977,9.1899995803833,9.239999771118164,12796,0.0,0.0,2022-09-19
2037,2022-09-19 13:30:00-04:00,9.25,9.279999732971191,9.239999771118164,9.279999732971191,6055,0.0,0.0,2022-09-19
2038,2022-09-19 14:30:00-04:00,9.279999732971191,9.369999885559082,9.279999732971191,9.350000381469727,20843,0.0,0.0,2022-09-19
2039,2022-09-19 15:30:00-04:00,9.34000015258789,9.359999656677246,9.3100004196167,9.350000381469727,32506,0.0,0.0,2022-09-19
2040,2022-09-20 09:30:00-04:00,9.229999542236328,9.350000381469727,9.1899995803833,9.350000381469727,18433,0.0,0.0,2022-09-20
2041,2022-09-20 10:30:00-04:00,9.345000267028809,9.369999885559082,9.270000457763672,9.28499984741211,10554,0.0,0.0,2022-09-20
2042,2022-09-20 11:30:00-04:00,9.270000457763672,9.345000267028809,9.229999542236328,9.229999542236328,10999,0.0,0.0,2022-09-20
2043,2022-09-20 12:30:00-04:00,9.260000228881836,9.319999694824219,9.25,9.25,18472,0.0,0.0,2022-09-20
2044,2022-09-20 13:30:00-04:00,9.220000267028809,9.300000190734863,9.220000267028809,9.300000190734863,17100,0.0,0.0,2022-09-20
2045,2022-09-20 14:30:00-04:00,9.300000190734863,9.3100004196167,9.270000457763672,9.3100004196167,12804,0.0,0.0,2022-09-20
2046,2022-09-20 15:30:00-04:00,9.3100004196167,9.34000015258789,9.289999961853027,9.300000190734863,26109,0.0,0.0,2022-09-20
2047,2022-09-21 09:30:00-04:00,9.329999923706055,9.329999923706055,9.260000228881836,9.279999732971191,10607,0.0,0.0,2022-09-21
2048,2022-09-21 10:30:00-04:00,9.289999961853027,9.369999885559082,9.289999961853027,9.289999961853027,10394,0.0,0.0,2022-09-21
2049,2022-09-21 11:30:00-04:00,9.3100004196167,9.34000015258789,9.3100004196167,9.34000015258789,5155,0.0,0.0,2022-09-21
2050,2022-09-21 12:30:00-04:00,9.343500137329102,9.343500137329102,9.270000457763672,9.289999961853027,2332,0.0,0.0,2022-09-21
2051,2022-09-21 13:30:00-04:00,9.279999732971191,9.3100004196167,9.220000267028809,9.239999771118164,20719,0.0,0.0,2022-09-21
2052,2022-09-21 14:30:00-04:00,9.239999771118164,9.380000114440918,9.229999542236328,9.229999542236328,34749,0.0,0.0,2022-09-21
2053,2022-09-21 15:30:00-04:00,9.220000267028809,9.25,9.119999885559082,9.239999771118164,45127,0.0,0.0,2022-09-21
2054,2022-09-22 09:30:00-04:00,9.180000305175781,9.180000305175781,8.890000343322754,8.899999618530273,14181,0.0,0.0,2022-09-22
2055,2022-09-22 10:30:00-04:00,8.899999618530273,8.920000076293945,8.84000015258789,8.890000343322754,16451,0.0,0.0,2022-09-22
2056,2022-09-22 11:30:00-04:00,8.899999618530273,8.930000305175781,8.854999542236328,8.920000076293945,8168,0.0,0.0,2022-09-22
2057,2022-09-22 12:30:00-04:00,8.895000457763672,8.960000038146973,8.885000228881836,8.920000076293945,7246,0.0,0.0,2022-09-22
2058,2022-09-22 13:30:00-04:00,8.9399995803833,9.010000228881836,8.920100212097168,8.9399995803833,17512,0.0,0.0,2022-09-22
2059,2022-09-22 14:30:00-04:00,8.9399995803833,8.989999771118164,8.920000076293945,8.949999809265137,105434,0.0,0.0,2022-09-22
2060,2022-09-22 15:30:00-04:00,8.9399995803833,9.050000190734863,8.920000076293945,8.9399995803833,131544,0.0,0.0,2022-09-22
2061,2022-09-23 09:30:00-04:00,8.84000015258789,8.890000343322754,8.779999732971191,8.779999732971191,15013,0.0,0.0,2022-09-23
2062,2022-09-23 10:30:00-04:00,8.779999732971191,8.779999732971191,8.640000343322754,8.760000228881836,35302,0.0,0.0,2022-09-23
2063,2022-09-23 11:30:00-04:00,8.729999542236328,8.819999694824219,8.609999656677246,8.625,26372,0.0,0.0,2022-09-23
2064,2022-09-23 12:30:00-04:00,8.619999885559082,8.619999885559082,8.5600004196167,8.5600004196167,18459,0.0,0.0,2022-09-23
2065,2022-09-23 13:30:00-04:00,8.5600004196167,8.569999694824219,8.5600004196167,8.5649995803833,15575,0.0,0.0,2022-09-23
2066,2022-09-23 14:30:00-04:00,8.5649995803833,8.697199821472168,8.5600004196167,8.65999984741211,52443,0.0,0.0,2022-09-23
2067,2022-09-23 15:30:00-04:00,8.670000076293945,8.680000305175781,8.649999618530273,8.649999618530273,58468,0.0,0.0,2022-09-23
2068,2022-09-26 09:30:00-04:00,8.619999885559082,8.800000190734863,8.619999885559082,8.75,11681,0.0,0.0,2022-09-26
2069,2022-09-26 10:30:00-04:00,8.739999771118164,8.774999618530273,8.675000190734863,8.6850004196167,9787,0.0,0.0,2022-09-26
2070,2022-09-26 11:30:00-04:00,8.6850004196167,8.710000038146973,8.670000076293945,8.699999809265137,13287,0.0,0.0,2022-09-26
2071,2022-09-26 12:30:00-04:00,8.6899995803833,8.75,8.680000305175781,8.720000267028809,11173,0.0,0.0,2022-09-26
2072,2022-09-26 13:30:00-04:00,8.734999656677246,8.800000190734863,8.720000267028809,8.779999732971191,12444,0.0,0.0,2022-09-26
2073,2022-09-26 14:30:00-04:00,8.779999732971191,8.84000015258789,8.779999732971191,8.819999694824219,19293,0.0,0.0,2022-09-26
2074,2022-09-26 15:30:00-04:00,8.829999923706055,8.829999923706055,8.710000038146973,8.720000267028809,46395,0.0,0.0,2022-09-26
2075,2022-09-27 09:30:00-04:00,8.760000228881836,8.859999656677246,8.539999961853027,8.850000381469727,13996,0.0,0.0,2022-09-27
2076,2022-09-27 10:30:00-04:00,8.859999656677246,8.960000038146973,8.859999656677246,8.899999618530273,14339,0.0,0.0,2022-09-27
2077,2022-09-27 11:30:00-04:00,8.895000457763672,8.920000076293945,8.79990005493164,8.8100004196167,128235,0.0,0.0,2022-09-27
2078,2022-09-27 12:30:00-04:00,8.809900283813477,8.920000076293945,8.809900283813477,8.880000114440918,13704,0.0,0.0,2022-09-27
2079,2022-09-27 13:30:00-04:00,8.885000228881836,8.960000038146973,8.885000228881836,8.944999694824219,17522,0.0,0.0,2022-09-27
2080,2022-09-27 14:30:00-04:00,8.944999694824219,8.989999771118164,8.920000076293945,8.979999542236328,20489,0.0,0.0,2022-09-27
2081,2022-09-27 15:30:00-04:00,8.989999771118164,9.0600004196167,8.970000267028809,9.029999732971191,39818,0.0,0.0,2022-09-27
2082,2022-09-28 09:30:00-04:00,9.109999656677246,9.109999656677246,8.979999542236328,9.0600004196167,19143,0.0,0.0,2022-09-28
2083,2022-09-28 10:30:00-04:00,9.09000015258789,9.130000114440918,9.029999732971191,9.100000381469727,14336,0.0,0.0,2022-09-28
2084,2022-09-28 11:30:00-04:00,9.104999542236328,9.1899995803833,9.09000015258789,9.175000190734863,10611,0.0,0.0,2022-09-28
2085,2022-09-28 12:30:00-04:00,9.1899995803833,9.239999771118164,9.149999618530273,9.210000038146973,15717,0.0,0.0,2022-09-28
2086,2022-09-28 13:30:00-04:00,9.194999694824219,9.270000457763672,9.180000305175781,9.239999771118164,12501,0.0,0.0,2022-09-28
2087,2022-09-28 14:30:00-04:00,9.25,9.270000457763672,9.210000038146973,9.220000267028809,19721,0.0,0.0,2022-09-28
2088,2022-09-28 15:30:00-04:00,9.229999542236328,9.270000457763672,9.170000076293945,9.170000076293945,39762,0.0,0.0,2022-09-28
2089,2022-09-29 09:30:00-04:00,9.109999656677246,9.109999656677246,8.819999694824219,8.899700164794922,15303,0.0,0.0,2022-09-29
2090,2022-09-29 10:30:00-04:00,8.899999618530273,8.944999694824219,8.869999885559082,8.891900062561035,7943,0.0,0.0,2022-09-29
2091,2022-09-29 11:30:00-04:00,8.880000114440918,8.929900169372559,8.859999656677246,8.859999656677246,10715,0.0,0.0,2022-09-29
2092,2022-09-29 12:30:00-04:00,8.869999885559082,8.920000076293945,8.800000190734863,8.850000381469727,11146,0.0,0.0,2022-09-29
2093,2022-09-29 13:30:00-04:00,8.819999694824219,8.899999618530273,8.770000457763672,8.8100004196167,67783,0.0,0.0,2022-09-29
2094,2022-09-29 14:30:00-04:00,8.8100004196167,8.845000267028809,8.770000457763672,8.8100004196167,43483,0.0,0.0,2022-09-29
2095,2022-09-29 15:30:00-04:00,8.819999694824219,8.859999656677246,8.8100004196167,8.84000015258789,60063,0.0,0.0,2022-09-29
2096,2022-09-30 09:30:00-04:00,8.859999656677246,9.039999961853027,8.800000190734863,9.0,12018,0.0,0.0,2022-09-30
2097,2022-09-30 10:30:00-04:00,9.050000190734863,9.140000343322754,9.039999961853027,9.119999885559082,12858,0.0,0.0,2022-09-30
2098,2022-09-30 11:30:00-04:00,9.130000114440918,9.140000343322754,9.050000190734863,9.069999694824219,20372,0.0,0.0,2022-09-30
2099,2022-09-30 12:30:00-04:00,9.069999694824219,9.149999618530273,9.0649995803833,9.149900436401367,13963,0.0,0.0,2022-09-30
2100,2022-09-30 13:30:00-04:00,9.148099899291992,9.148099899291992,9.0600004196167,9.0600004196167,15245,0.0,0.0,2022-09-30
2101,2022-09-30 14:30:00-04:00,9.050000190734863,9.0600004196167,8.979999542236328,8.989999771118164,14971,0.0,0.0,2022-09-30
2102,2022-09-30 15:30:00-04:00,9.005999565124512,9.01990032196045,8.920000076293945,8.930000305175781,21898,0.0,0.0,2022-09-30
2103,2022-10-03 09:30:00-04:00,9.010000228881836,9.010000228881836,8.75,8.84000015258789,13631,0.0,0.0,2022-10-03
2104,2022-10-03 10:30:00-04:00,8.850000381469727,8.869999885559082,8.829999923706055,8.859999656677246,20685,0.0,0.0,2022-10-03
2105,2022-10-03 11:30:00-04:00,8.869999885559082,8.890000343322754,8.824999809265137,8.859999656677246,10695,0.0,0.0,2022-10-03
2106,2022-10-03 12:30:00-04:00,8.854999542236328,8.920000076293945,8.84000015258789,8.920000076293945,10544,0.0,0.0,2022-10-03
2107,2022-10-03 13:30:00-04:00,8.920000076293945,8.920000076293945,8.859999656677246,8.880000114440918,11934,0.0,0.0,2022-10-03
2108,2022-10-03 14:30:00-04:00,8.880000114440918,8.979999542236328,8.880000114440918,8.919899940490723,53761,0.0,0.0,2022-10-03
2109,2022-10-03 15:30:00-04:00,8.899999618530273,8.899999618530273,8.79010009765625,8.8100004196167,35578,0.0,0.0,2022-10-03
2110,2022-10-04 09:30:00-04:00,8.920000076293945,9.09000015258789,8.920000076293945,9.0600004196167,11976,0.0,0.0,2022-10-04
2111,2022-10-04 10:30:00-04:00,9.069999694824219,9.220000267028809,9.0600004196167,9.220000267028809,17704,0.0,0.0,2022-10-04
2112,2022-10-04 11:30:00-04:00,9.229999542236328,9.319999694824219,9.220000267028809,9.270000457763672,26095,0.0,0.0,2022-10-04
2113,2022-10-04 12:30:00-04:00,9.279999732971191,9.279999732971191,9.180000305175781,9.229999542236328,16801,0.0,0.0,2022-10-04
2114,2022-10-04 13:30:00-04:00,9.229999542236328,9.260000228881836,9.210000038146973,9.229999542236328,10807,0.0,0.0,2022-10-04
2115,2022-10-04 14:30:00-04:00,9.239999771118164,9.300000190734863,9.210000038146973,9.229999542236328,23104,0.0,0.0,2022-10-04
2116,2022-10-04 15:30:00-04:00,9.220000267028809,9.300000190734863,9.220000267028809,9.279999732971191,19395,0.0,0.0,2022-10-04
2117,2022-10-05 09:30:00-04:00,9.220000267028809,9.270000457763672,9.069999694824219,9.119999885559082,8204,0.0,0.0,2022-10-05
2118,2022-10-05 10:30:00-04:00,9.09000015258789,9.1899995803833,9.069999694824219,9.1899995803833,13299,0.0,0.0,2022-10-05
2119,2022-10-05 11:30:00-04:00,9.180000305175781,9.210000038146973,9.140000343322754,9.210000038146973,7221,0.0,0.0,2022-10-05
2120,2022-10-05 12:30:00-04:00,9.220000267028809,9.289999961853027,9.21500015258789,9.279999732971191,6249,0.0,0.0,2022-10-05
2121,2022-10-05 13:30:00-04:00,9.280099868774414,9.280099868774414,9.244999885559082,9.25,8104,0.0,0.0,2022-10-05
2122,2022-10-05 14:30:00-04:00,9.25,9.300000190734863,9.25,9.300000190734863,9150,0.0,0.0,2022-10-05
2123,2022-10-05 15:30:00-04:00,9.3100004196167,9.319999694824219,9.229999542236328,9.239999771118164,20106,0.0,0.0,2022-10-05
2124,2022-10-06 09:30:00-04:00,9.25,9.40999984741211,9.229999542236328,9.230999946594238,9573,0.0,0.0,2022-10-06
2125,2022-10-06 10:30:00-04:00,9.229999542236328,9.329999923706055,9.1899995803833,9.329999923706055,11508,0.0,0.0,2022-10-06
2126,2022-10-06 11:30:00-04:00,9.329999923706055,9.329999923706055,9.270000457763672,9.3100004196167,8091,0.0,0.0,2022-10-06
2127,2022-10-06 12:30:00-04:00,9.3100004196167,9.350000381469727,9.3100004196167,9.34000015258789,4490,0.0,0.0,2022-10-06
2128,2022-10-06 13:30:00-04:00,9.329999923706055,9.34000015258789,9.279999732971191,9.289999961853027,12886,0.0,0.0,2022-10-06
2129,2022-10-06 14:30:00-04:00,9.270000457763672,9.270099639892578,9.199999809265137,9.220000267028809,23863,0.0,0.0,2022-10-06
2130,2022-10-06 15:30:00-04:00,9.220000267028809,9.220000267028809,9.130000114440918,9.149999618530273,19281,0.0,0.0,2022-10-06
2131,2022-10-07 09:30:00-04:00,9.09000015258789,9.09000015258789,8.930000305175781,9.029999732971191,14692,0.0,0.0,2022-10-07
2132,2022-10-07 10:30:00-04:00,9.029999732971191,9.0600004196167,8.984999656677246,8.984999656677246,8635,0.0,0.0,2022-10-07
2133,2022-10-07 11:30:00-04:00,8.984999656677246,9.0,8.930000305175781,8.979999542236328,11694,0.0,0.0,2022-10-07
2134,2022-10-07 12:30:00-04:00,8.960000038146973,9.010000228881836,8.960000038146973,9.0,10552,0.0,0.0,2022-10-07
2135,2022-10-07 13:30:00-04:00,8.979999542236328,9.010000228881836,8.970000267028809,9.010000228881836,7226,0.0,0.0,2022-10-07
2136,2022-10-07 14:30:00-04:00,9.0,9.04010009765625,9.0,9.010000228881836,10931,0.0,0.0,2022-10-07
2137,2022-10-07 15:30:00-04:00,9.005000114440918,9.050000190734863,9.0,9.020000457763672,32110,0.0,0.0,2022-10-07
2138,2022-10-10 09:30:00-04:00,9.09000015258789,9.100000381469727,9.029999732971191,9.100000381469727,5195,0.0,0.0,2022-10-10
2139,2022-10-10 10:30:00-04:00,9.109999656677246,9.130000114440918,9.0600004196167,9.130000114440918,6962,0.0,0.0,2022-10-10
2140,2022-10-10 11:30:00-04:00,9.128100395202637,9.15999984741211,9.09000015258789,9.130000114440918,6847,0.0,0.0,2022-10-10
2141,2022-10-10 12:30:00-04:00,9.100000381469727,9.140000343322754,9.09000015258789,9.140000343322754,6996,0.0,0.0,2022-10-10
2142,2022-10-10 13:30:00-04:00,9.140000343322754,9.220000267028809,9.140000343322754,9.220000267028809,7480,0.0,0.0,2022-10-10
2143,2022-10-10 14:30:00-04:00,9.229999542236328,9.260000228881836,9.220000267028809,9.220000267028809,14345,0.0,0.0,2022-10-10
2144,2022-10-10 15:30:00-04:00,9.210000038146973,9.220000267028809,9.170000076293945,9.1899995803833,13435,0.0,0.0,2022-10-10
2145,2022-10-11 09:30:00-04:00,9.130000114440918,9.180000305175781,9.0,9.100000381469727,10192,0.0,0.0,2022-10-11
2146,2022-10-11 10:30:00-04:00,9.099900245666504,9.134400367736816,9.074999809265137,9.119999885559082,11124,0.0,0.0,2022-10-11
2147,2022-10-11 11:30:00-04:00,9.140000343322754,9.220100402832031,9.140000343322754,9.220100402832031,10357,0.0,0.0,2022-10-11
2148,2022-10-11 12:30:00-04:00,9.210000038146973,9.244999885559082,9.194999694824219,9.194999694824219,14624,0.0,0.0,2022-10-11
2149,2022-10-11 13:30:00-04:00,9.180000305175781,9.199999809265137,9.130000114440918,9.180000305175781,7928,0.0,0.0,2022-10-11
2150,2022-10-11 14:30:00-04:00,9.180000305175781,9.1899995803833,9.039999961853027,9.045000076293945,17200,0.0,0.0,2022-10-11
2151,2022-10-11 15:30:00-04:00,9.050000190734863,9.149999618530273,9.050000190734863,9.100000381469727,39259,0.0,0.0,2022-10-11
2152,2022-10-12 09:30:00-04:00,10.380000114440918,10.699999809265137,10.199999809265137,10.270000457763672,419869,0.0,0.0,2022-10-12
2153,2022-10-12 10:30:00-04:00,10.279999732971191,10.598199844360352,10.279999732971191,10.529999732971191,145692,0.0,0.0,2022-10-12
2154,2022-10-12 11:30:00-04:00,10.53499984741211,10.59000015258789,10.4399995803833,10.4399995803833,84038,0.0,0.0,2022-10-12
2155,2022-10-12 12:30:00-04:00,10.469400405883789,10.484999656677246,10.369999885559082,10.4399995803833,74698,0.0,0.0,2022-10-12
2156,2022-10-12 13:30:00-04:00,10.420000076293945,10.550000190734863,10.40999984741211,10.529999732971191,74181,0.0,0.0,2022-10-12
2157,2022-10-12 14:30:00-04:00,10.510000228881836,10.5600004196167,10.449999809265137,10.550000190734863,56424,0.0,0.0,2022-10-12
2158,2022-10-12 15:30:00-04:00,10.550000190734863,10.619999885559082,10.5,10.529999732971191,149533,0.0,0.0,2022-10-12
2159,2022-10-13 09:30:00-04:00,10.270000457763672,10.550000190734863,10.210000038146973,10.3100004196167,177397,0.0,0.0,2022-10-13
2160,2022-10-13 10:30:00-04:00,10.3100004196167,10.539999961853027,10.300000190734863,10.460000038146973,60409,0.0,0.0,2022-10-13
2161,2022-10-13 11:30:00-04:00,10.460000038146973,10.529999732971191,10.350000381469727,10.46500015258789,65019,0.0,0.0,2022-10-13
2162,2022-10-13 12:30:00-04:00,10.479999542236328,10.529999732971191,10.449999809265137,10.529999732971191,43557,0.0,0.0,2022-10-13
2163,2022-10-13 13:30:00-04:00,10.529999732971191,10.649700164794922,10.524999618530273,10.529999732971191,45163,0.0,0.0,2022-10-13
2164,2022-10-13 14:30:00-04:00,10.539999961853027,10.720000267028809,10.524999618530273,10.65999984741211,96523,0.0,0.0,2022-10-13
2165,2022-10-13 15:30:00-04:00,10.65999984741211,10.760000228881836,10.609999656677246,10.75,55298,0.0,0.0,2022-10-13
2166,2022-10-14 09:30:00-04:00,10.960000038146973,11.029999732971191,10.680000305175781,10.729999542236328,55683,0.0,0.0,2022-10-14
2167,2022-10-14 10:30:00-04:00,10.739999771118164,10.779999732971191,10.640000343322754,10.720000267028809,33663,0.0,0.0,2022-10-14
2168,2022-10-14 11:30:00-04:00,10.720000267028809,10.850000381469727,10.630000114440918,10.649999618530273,59513,0.0,0.0,2022-10-14
2169,2022-10-14 12:30:00-04:00,10.680000305175781,10.739999771118164,10.664999961853027,10.710000038146973,44111,0.0,0.0,2022-10-14
2170,2022-10-14 13:30:00-04:00,10.71500015258789,10.795000076293945,10.699999809265137,10.744999885559082,29862,0.0,0.0,2022-10-14
2171,2022-10-14 14:30:00-04:00,10.75,10.880000114440918,10.75,10.880000114440918,48969,0.0,0.0,2022-10-14
2172,2022-10-14 15:30:00-04:00,10.875,11.015000343322754,10.829999923706055,10.970000267028809,145019,0.0,0.0,2022-10-14
2173,2022-10-17 09:30:00-04:00,11.220000267028809,11.479999542236328,11.1899995803833,11.25,82969,0.0,0.0,2022-10-17
2174,2022-10-17 10:30:00-04:00,11.239999771118164,11.255000114440918,11.094900131225586,11.199999809265137,38708,0.0,0.0,2022-10-17
2175,2022-10-17 11:30:00-04:00,11.21500015258789,11.350000381469727,11.180000305175781,11.299200057983398,29020,0.0,0.0,2022-10-17
2176,2022-10-17 12:30:00-04:00,11.300000190734863,11.3100004196167,11.194999694824219,11.194999694824219,42423,0.0,0.0,2022-10-17
2177,2022-10-17 13:30:00-04:00,11.199999809265137,11.239999771118164,11.175000190734863,11.1899995803833,25850,0.0,0.0,2022-10-17
2178,2022-10-17 14:30:00-04:00,11.180000305175781,11.210000038146973,11.154999732971191,11.1899995803833,34110,0.0,0.0,2022-10-17
2179,2022-10-17 15:30:00-04:00,11.183300018310547,11.279999732971191,11.183300018310547,11.260000228881836,78780,0.0,0.0,2022-10-17
2180,2022-10-18 09:30:00-04:00,11.350000381469727,11.550000190734863,11.264800071716309,11.399999618530273,66237,0.0,0.0,2022-10-18
2181,2022-10-18 10:30:00-04:00,11.420000076293945,11.562000274658203,11.34000015258789,11.34000015258789,90593,0.0,0.0,2022-10-18
2182,2022-10-18 11:30:00-04:00,11.335000038146973,11.34000015258789,11.270000457763672,11.300000190734863,41562,0.0,0.0,2022-10-18
2183,2022-10-18 12:30:00-04:00,11.300000190734863,11.359999656677246,11.260000228881836,11.270000457763672,117989,0.0,0.0,2022-10-18
2184,2022-10-18 13:30:00-04:00,11.270000457763672,11.3100004196167,11.255000114440918,11.3100004196167,41467,0.0,0.0,2022-10-18
2185,2022-10-18 14:30:00-04:00,11.289999961853027,11.3100004196167,11.271699905395508,11.289999961853027,46221,0.0,0.0,2022-10-18
2186,2022-10-18 15:30:00-04:00,11.289999961853027,11.300000190734863,11.229999542236328,11.25,69283,0.0,0.0,2022-10-18
2187,2022-10-19 09:30:00-04:00,11.229999542236328,11.359999656677246,11.180000305175781,11.295000076293945,34040,0.0,0.0,2022-10-19
2188,2022-10-19 10:30:00-04:00,11.270000457763672,11.270000457763672,11.119999885559082,11.219900131225586,23978,0.0,0.0,2022-10-19
2189,2022-10-19 11:30:00-04:00,11.220000267028809,11.220000267028809,11.119999885559082,11.119999885559082,26517,0.0,0.0,2022-10-19
2190,2022-10-19 12:30:00-04:00,11.109999656677246,11.149999618530273,10.789999961853027,10.970000267028809,103262,0.0,0.0,2022-10-19
2191,2022-10-19 13:30:00-04:00,10.970000267028809,11.050000190734863,10.880000114440918,11.010000228881836,26429,0.0,0.0,2022-10-19
2192,2022-10-19 14:30:00-04:00,11.029999732971191,11.09000015258789,11.0,11.050000190734863,32652,0.0,0.0,2022-10-19
2193,2022-10-19 15:30:00-04:00,11.059900283813477,11.149999618530273,11.0,11.09000015258789,85865,0.0,0.0,2022-10-19
2194,2022-10-20 09:30:00-04:00,11.109999656677246,11.449999809265137,11.100000381469727,11.25,88611,0.0,0.0,2022-10-20
2195,2022-10-20 10:30:00-04:00,11.260000228881836,11.399999618530273,11.210000038146973,11.345000267028809,39043,0.0,0.0,2022-10-20
2196,2022-10-20 11:30:00-04:00,11.354999542236328,11.430000305175781,11.279999732971191,11.350000381469727,43017,0.0,0.0,2022-10-20
2197,2022-10-20 12:30:00-04:00,11.350000381469727,11.350000381469727,11.25,11.289999961853027,23996,0.0,0.0,2022-10-20
2198,2022-10-20 13:30:00-04:00,11.289999961853027,11.300000190734863,11.229999542236328,11.248700141906738,44977,0.0,0.0,2022-10-20
2199,2022-10-20 14:30:00-04:00,11.220000267028809,11.289999961853027,11.119999885559082,11.1899995803833,59351,0.0,0.0,2022-10-20
2200,2022-10-20 15:30:00-04:00,11.1899995803833,11.289999961853027,11.180000305175781,11.199999809265137,60337,0.0,0.0,2022-10-20
2201,2022-10-21 09:30:00-04:00,9.739999771118164,9.90999984741211,9.550000190734863,9.569999694824219,140882,0.0,0.0,2022-10-21
2202,2022-10-21 10:30:00-04:00,9.5649995803833,9.588299751281738,9.40999984741211,9.5,42368,0.0,0.0,2022-10-21
2203,2022-10-21 11:30:00-04:00,9.510000228881836,9.619999885559082,9.4399995803833,9.591300010681152,63383,0.0,0.0,2022-10-21
2204,2022-10-21 12:30:00-04:00,9.608499526977539,9.770000457763672,9.569999694824219,9.770000457763672,39142,0.0,0.0,2022-10-21
2205,2022-10-21 13:30:00-04:00,9.774999618530273,9.8100004196167,9.680000305175781,9.6899995803833,42415,0.0,0.0,2022-10-21
2206,2022-10-21 14:30:00-04:00,9.680000305175781,9.755000114440918,9.680000305175781,9.729999542236328,26099,0.0,0.0,2022-10-21
2207,2022-10-21 15:30:00-04:00,9.729999542236328,9.770000457763672,9.680000305175781,9.75,65094,0.0,0.0,2022-10-21
2208,2022-10-24 09:30:00-04:00,9.670000076293945,9.819999694824219,9.520000457763672,9.609999656677246,63874,0.0,0.0,2022-10-24
2209,2022-10-24 10:30:00-04:00,9.600000381469727,9.6899995803833,9.529999732971191,9.65999984741211,39290,0.0,0.0,2022-10-24
2210,2022-10-24 11:30:00-04:00,9.649999618530273,9.75,9.619999885559082,9.739999771118164,19053,0.0,0.0,2022-10-24
2211,2022-10-24 12:30:00-04:00,9.739999771118164,9.779000282287598,9.640000343322754,9.640000343322754,34484,0.0,0.0,2022-10-24
2212,2022-10-24 13:30:00-04:00,9.640000343322754,9.755000114440918,9.640000343322754,9.739999771118164,26209,0.0,0.0,2022-10-24
2213,2022-10-24 14:30:00-04:00,9.75,9.779999732971191,9.729999542236328,9.774999618530273,35491,0.0,0.0,2022-10-24
2214,2022-10-24 15:30:00-04:00,9.774999618530273,9.800000190734863,9.760000228881836,9.760000228881836,65170,0.0,0.0,2022-10-24
2215,2022-10-25 09:30:00-04:00,9.710000038146973,9.90999984741211,9.609999656677246,9.90999984741211,68018,0.0,0.0,2022-10-25
2216,2022-10-25 10:30:00-04:00,9.904999732971191,9.971400260925293,9.880000114440918,9.970000267028809,22054,0.0,0.0,2022-10-25
2217,2022-10-25 11:30:00-04:00,9.960000038146973,10.029999732971191,9.9399995803833,10.010000228881836,19389,0.0,0.0,2022-10-25
2218,2022-10-25 12:30:00-04:00,10.010000228881836,10.039999961853027,9.979999542236328,10.010000228881836,32438,0.0,0.0,2022-10-25
2219,2022-10-25 13:30:00-04:00,10.020000457763672,10.130000114440918,10.010000228881836,10.101900100708008,40188,0.0,0.0,2022-10-25
2220,2022-10-25 14:30:00-04:00,10.100000381469727,10.170000076293945,10.055000305175781,10.135000228881836,56294,0.0,0.0,2022-10-25
2221,2022-10-25 15:30:00-04:00,10.149999618530273,10.170000076293945,10.102399826049805,10.130000114440918,45845,0.0,0.0,2022-10-25
2222,2022-10-26 09:30:00-04:00,10.100000381469727,10.300000190734863,10.100000381469727,10.239999771118164,25588,0.0,0.0,2022-10-26
2223,2022-10-26 10:30:00-04:00,10.28499984741211,10.350000381469727,10.274999618530273,10.305000305175781,44946,0.0,0.0,2022-10-26
2224,2022-10-26 11:30:00-04:00,10.305000305175781,10.3100004196167,10.270000457763672,10.270000457763672,12242,0.0,0.0,2022-10-26
2225,2022-10-26 12:30:00-04:00,10.270000457763672,10.270000457763672,10.140000343322754,10.190999984741211,46126,0.0,0.0,2022-10-26
2226,2022-10-26 13:30:00-04:00,10.170000076293945,10.1899995803833,10.130000114440918,10.130000114440918,14597,0.0,0.0,2022-10-26
2227,2022-10-26 14:30:00-04:00,10.149999618530273,10.149999618530273,10.0600004196167,10.09000015258789,33885,0.0,0.0,2022-10-26
2228,2022-10-26 15:30:00-04:00,10.069999694824219,10.100000381469727,10.010000228881836,10.010000228881836,59540,0.0,0.0,2022-10-26
2229,2022-10-27 09:30:00-04:00,10.069999694824219,10.170000076293945,9.989999771118164,10.010000228881836,23123,0.0,0.0,2022-10-27
2230,2022-10-27 10:30:00-04:00,9.981800079345703,10.029999732971191,9.859999656677246,10.010000228881836,43948,0.0,0.0,2022-10-27
2231,2022-10-27 11:30:00-04:00,10.010000228881836,10.069999694824219,9.949999809265137,10.050000190734863,16620,0.0,0.0,2022-10-27
2232,2022-10-27 12:30:00-04:00,10.050000190734863,10.15999984741211,10.039999961853027,10.129899978637695,11374,0.0,0.0,2022-10-27
2233,2022-10-27 13:30:00-04:00,10.100000381469727,10.109999656677246,10.050000190734863,10.069999694824219,11794,0.0,0.0,2022-10-27
2234,2022-10-27 14:30:00-04:00,10.0600004196167,10.079999923706055,10.010000228881836,10.039999961853027,0,0.0,0.0,2022-10-27
2235,2022-10-27 15:30:00-04:00,10.020000457763672,10.050000190734863,10.0,10.0,172916,0.0,0.0,2022-10-27
2236,2022-10-28 09:30:00-04:00,10.010000228881836,10.188300132751465,10.010000228881836,10.079999923706055,15809,0.0,0.0,2022-10-28
2237,2022-10-28 10:30:00-04:00,10.109999656677246,10.15999984741211,10.050000190734863,10.100000381469727,11067,0.0,0.0,2022-10-28
2238,2022-10-28 11:30:00-04:00,10.109999656677246,10.220000267028809,10.109999656677246,10.220000267028809,6692,0.0,0.0,2022-10-28
2239,2022-10-28 12:30:00-04:00,10.25,10.289999961853027,10.234999656677246,10.25,13710,0.0,0.0,2022-10-28
2240,2022-10-28 13:30:00-04:00,10.260000228881836,10.279999732971191,10.229999542236328,10.229999542236328,9170,0.0,0.0,2022-10-28
2241,2022-10-28 14:30:00-04:00,10.229999542236328,10.289999961853027,10.210000038146973,10.260000228881836,22165,0.0,0.0,2022-10-28
2242,2022-10-28 15:30:00-04:00,10.25,10.289999961853027,10.239999771118164,10.270000457763672,28481,0.0,0.0,2022-10-28
2243,2022-10-31 09:30:00-04:00,10.270000457763672,10.270000457763672,10.109999656677246,10.130000114440918,11083,0.0,0.0,2022-10-31
2244,2022-10-31 10:30:00-04:00,10.109999656677246,10.180000305175781,10.109999656677246,10.164999961853027,6238,0.0,0.0,2022-10-31
2245,2022-10-31 11:30:00-04:00,10.158300399780273,10.1899995803833,10.149999618530273,10.170000076293945,7829,0.0,0.0,2022-10-31
2246,2022-10-31 12:30:00-04:00,10.170000076293945,10.170000076293945,10.119999885559082,10.130000114440918,9051,0.0,0.0,2022-10-31
2247,2022-10-31 13:30:00-04:00,10.140000343322754,10.15999984741211,10.130000114440918,10.140000343322754,8210,0.0,0.0,2022-10-31
2248,2022-10-31 14:30:00-04:00,10.119999885559082,10.149999618530273,10.079999923706055,10.119999885559082,12600,0.0,0.0,2022-10-31
2249,2022-10-31 15:30:00-04:00,10.125,10.140000343322754,10.015000343322754,10.029999732971191,54625,0.0,0.0,2022-10-31
2250,2022-11-01 09:30:00-04:00,10.1899995803833,10.1899995803833,10.043999671936035,10.130000114440918,13298,0.0,0.0,2022-11-01
2251,2022-11-01 10:30:00-04:00,10.100000381469727,10.154999732971191,10.100000381469727,10.119999885559082,11646,0.0,0.0,2022-11-01
2252,2022-11-01 11:30:00-04:00,10.130000114440918,10.130000114440918,10.069999694824219,10.085000038146973,11257,0.0,0.0,2022-11-01
2253,2022-11-01 12:30:00-04:00,10.079500198364258,10.15999984741211,10.069999694824219,10.159099578857422,14292,0.0,0.0,2022-11-01
2254,2022-11-01 13:30:00-04:00,10.140000343322754,10.170000076293945,10.119999885559082,10.119999885559082,6476,0.0,0.0,2022-11-01
2255,2022-11-01 14:30:00-04:00,10.119999885559082,10.119999885559082,10.0,10.0,13606,0.0,0.0,2022-11-01
2256,2022-11-01 15:30:00-04:00,9.989999771118164,10.0,9.949999809265137,9.960000038146973,52003,0.0,0.0,2022-11-01
2257,2022-11-02 09:30:00-04:00,9.890000343322754,10.029999732971191,9.88010025024414,10.020000457763672,20993,0.0,0.0,2022-11-02
2258,2022-11-02 10:30:00-04:00,10.029999732971191,10.029999732971191,9.90999984741211,9.90999984741211,7758,0.0,0.0,2022-11-02
2259,2022-11-02 11:30:00-04:00,9.949999809265137,10.0,9.930000305175781,9.9399995803833,42072,0.0,0.0,2022-11-02
2260,2022-11-02 12:30:00-04:00,9.9399995803833,10.020000457763672,9.9399995803833,10.0,11975,0.0,0.0,2022-11-02
2261,2022-11-02 13:30:00-04:00,10.0,10.1850004196167,10.0,10.170000076293945,20435,0.0,0.0,2022-11-02
2262,2022-11-02 14:30:00-04:00,10.1899995803833,10.1899995803833,9.914999961853027,9.920000076293945,33503,0.0,0.0,2022-11-02
2263,2022-11-02 15:30:00-04:00,9.90999984741211,9.920000076293945,9.84000015258789,9.859999656677246,45968,0.0,0.0,2022-11-02
2264,2022-11-03 09:30:00-04:00,9.8100004196167,9.9399995803833,9.649999618530273,9.829999923706055,40479,0.0,0.0,2022-11-03
2265,2022-11-03 10:30:00-04:00,9.819999694824219,9.869999885559082,9.789999961853027,9.805000305175781,19405,0.0,0.0,2022-11-03
2266,2022-11-03 11:30:00-04:00,9.8100004196167,9.829999923706055,9.765000343322754,9.779999732971191,14007,0.0,0.0,2022-11-03
2267,2022-11-03 12:30:00-04:00,9.770000457763672,9.850000381469727,9.770000457763672,9.789999961853027,10558,0.0,0.0,2022-11-03
2268,2022-11-03 13:30:00-04:00,9.800000190734863,9.8100004196167,9.744999885559082,9.800000190734863,20528,0.0,0.0,2022-11-03
2269,2022-11-03 14:30:00-04:00,9.795000076293945,9.829999923706055,9.760000228881836,9.819999694824219,20274,0.0,0.0,2022-11-03
2270,2022-11-03 15:30:00-04:00,9.8100004196167,9.829999923706055,9.704999923706055,9.800000190734863,94540,0.0,0.0,2022-11-03
2271,2022-11-04 09:30:00-04:00,10.199999809265137,10.550000190734863,9.819999694824219,10.510000228881836,54504,0.0,0.0,2022-11-04
2272,2022-11-04 10:30:00-04:00,10.529999732971191,10.529999732971191,10.34000015258789,10.354999542236328,72877,0.0,0.0,2022-11-04
2273,2022-11-04 11:30:00-04:00,10.369999885559082,10.520000457763672,10.3100004196167,10.520000457763672,42496,0.0,0.0,2022-11-04
2274,2022-11-04 12:30:00-04:00,10.510000228881836,10.739999771118164,10.510000228881836,10.704999923706055,49492,0.0,0.0,2022-11-04
2275,2022-11-04 13:30:00-04:00,10.704999923706055,10.760000228881836,10.670000076293945,10.75,26745,0.0,0.0,2022-11-04
2276,2022-11-04 14:30:00-04:00,10.75,10.829999923706055,10.744999885559082,10.829999923706055,42766,0.0,0.0,2022-11-04
2277,2022-11-04 15:30:00-04:00,10.829999923706055,10.949999809265137,10.819999694824219,10.930000305175781,91246,0.0,0.0,2022-11-04
2278,2022-11-07 09:30:00-05:00,10.920000076293945,10.96500015258789,10.720000267028809,10.770000457763672,41397,0.0,0.0,2022-11-07
2279,2022-11-07 10:30:00-05:00,10.75,10.779999732971191,10.739999771118164,10.779999732971191,17110,0.0,0.0,2022-11-07
2280,2022-11-07 11:30:00-05:00,10.779999732971191,11.074999809265137,10.734999656677246,11.074999809265137,71174,0.0,0.0,2022-11-07
2281,2022-11-07 12:30:00-05:00,11.074999809265137,11.104999542236328,11.029999732971191,11.079999923706055,44929,0.0,0.0,2022-11-07
2282,2022-11-07 13:30:00-05:00,11.060400009155273,11.119999885559082,11.0600004196167,11.109999656677246,34238,0.0,0.0,2022-11-07
2283,2022-11-07 14:30:00-05:00,11.114999771118164,11.140000343322754,11.079999923706055,11.100000381469727,32924,0.0,0.0,2022-11-07
2284,2022-11-07 15:30:00-05:00,11.09000015258789,11.130000114440918,11.069999694824219,11.130000114440918,66867,0.0,0.0,2022-11-07
2285,2022-11-08 09:30:00-05:00,11.180000305175781,11.180000305175781,10.9399995803833,11.029999732971191,24307,0.0,0.0,2022-11-08
2286,2022-11-08 10:30:00-05:00,11.029999732971191,11.095000267028809,10.930000305175781,11.029999732971191,51195,0.0,0.0,2022-11-08
2287,2022-11-08 11:30:00-05:00,11.038999557495117,11.130000114440918,11.024999618530273,11.079999923706055,23796,0.0,0.0,2022-11-08
2288,2022-11-08 12:30:00-05:00,11.069999694824219,11.109999656677246,11.0,11.0,33107,0.0,0.0,2022-11-08
2289,2022-11-08 13:30:00-05:00,10.960000038146973,11.010000228881836,10.819999694824219,10.819999694824219,23728,0.0,0.0,2022-11-08
2290,2022-11-08 14:30:00-05:00,10.8100004196167,10.90999984741211,10.805000305175781,10.90999984741211,31639,0.0,0.0,2022-11-08
2291,2022-11-08 15:30:00-05:00,10.90999984741211,10.989999771118164,10.90999984741211,10.970000267028809,55753,0.0,0.0,2022-11-08
2292,2022-11-09 09:30:00-05:00,10.960000038146973,11.0600004196167,10.791999816894531,10.979999542236328,29148,0.0,0.0,2022-11-09
2293,2022-11-09 10:30:00-05:00,10.979999542236328,10.979999542236328,10.850000381469727,10.930000305175781,17519,0.0,0.0,2022-11-09
2294,2022-11-09 11:30:00-05:00,10.930000305175781,10.968999862670898,10.899999618530273,10.968999862670898,16701,0.0,0.0,2022-11-09
2295,2022-11-09 12:30:00-05:00,10.970000267028809,11.0,10.800000190734863,10.819999694824219,66031,0.0,0.0,2022-11-09
2296,2022-11-09 13:30:00-05:00,10.8100004196167,10.8100004196167,10.6899995803833,10.71500015258789,18860,0.0,0.0,2022-11-09
2297,2022-11-09 14:30:00-05:00,10.699999809265137,10.729999542236328,10.649999618530273,10.720000267028809,30854,0.0,0.0,2022-11-09
2298,2022-11-09 15:30:00-05:00,10.710000038146973,10.729999542236328,10.579999923706055,10.600000381469727,50858,0.0,0.0,2022-11-09
2299,2022-11-10 09:30:00-05:00,10.949999809265137,11.168000221252441,10.90999984741211,11.069999694824219,54063,0.0,0.0,2022-11-10
2300,2022-11-10 10:30:00-05:00,11.0600004196167,11.140000343322754,10.890000343322754,11.140000343322754,31941,0.0,0.0,2022-11-10
2301,2022-11-10 11:30:00-05:00,11.145000457763672,11.145000457763672,11.050000190734863,11.050000190734863,19877,0.0,0.0,2022-11-10
2302,2022-11-10 12:30:00-05:00,11.029999732971191,11.029999732971191,10.979999542236328,11.0,25014,0.0,0.0,2022-11-10
2303,2022-11-10 13:30:00-05:00,11.005000114440918,11.050000190734863,10.979999542236328,11.015000343322754,25245,0.0,0.0,2022-11-10
2304,2022-11-10 14:30:00-05:00,11.010000228881836,11.039999961853027,10.944999694824219,11.039999961853027,32476,0.0,0.0,2022-11-10
2305,2022-11-10 15:30:00-05:00,11.039999961853027,11.069899559020996,11.020000457763672,11.039999961853027,59916,0.0,0.0,2022-11-10
2306,2022-11-11 09:30:00-05:00,11.050000190734863,11.079999923706055,10.890000343322754,10.890000343322754,23932,0.0,0.0,2022-11-11
2307,2022-11-11 10:30:00-05:00,10.890000343322754,10.904999732971191,10.774999618530273,10.774999618530273,20647,0.0,0.0,2022-11-11
2308,2022-11-11 11:30:00-05:00,10.779999732971191,10.800000190734863,10.729999542236328,10.789999961853027,23295,0.0,0.0,2022-11-11
2309,2022-11-11 12:30:00-05:00,10.789999961853027,10.8100004196167,10.729999542236328,10.789999961853027,32114,0.0,0.0,2022-11-11
2310,2022-11-11 13:30:00-05:00,10.789999961853027,10.9399995803833,10.789999961853027,10.925000190734863,24929,0.0,0.0,2022-11-11
2311,2022-11-11 14:30:00-05:00,10.925000190734863,10.994999885559082,10.925000190734863,10.994999885559082,21695,0.0,0.0,2022-11-11
2312,2022-11-11 15:30:00-05:00,11.0,11.039999961853027,10.970000267028809,10.979999542236328,39383,0.0,0.0,2022-11-11
2313,2022-11-14 09:30:00-05:00,10.920000076293945,11.029999732971191,10.904999732971191,10.949999809265137,20210,0.0,0.0,2022-11-14
2314,2022-11-14 10:30:00-05:00,10.979999542236328,11.0,10.850000381469727,10.920000076293945,27915,0.0,0.0,2022-11-14
2315,2022-11-14 11:30:00-05:00,10.930000305175781,10.975000381469727,10.920000076293945,10.9399995803833,13913,0.0,0.0,2022-11-14
2316,2022-11-14 12:30:00-05:00,10.96500015258789,10.970000267028809,10.9399995803833,10.954999923706055,9234,0.0,0.0,2022-11-14
2317,2022-11-14 13:30:00-05:00,10.954999923706055,10.970000267028809,10.925000190734863,10.960000038146973,16715,0.0,0.0,2022-11-14
2318,2022-11-14 14:30:00-05:00,10.960000038146973,10.960000038146973,10.899999618530273,10.90999984741211,26551,0.0,0.0,2022-11-14
2319,2022-11-14 15:30:00-05:00,10.899999618530273,10.925000190734863,10.850000381469727,10.859999656677246,37292,0.0,0.0,2022-11-14
2320,2022-11-15 09:30:00-05:00,11.0,11.0600004196167,10.90999984741211,11.0600004196167,16286,0.0,0.0,2022-11-15
2321,2022-11-15 10:30:00-05:00,11.100000381469727,11.164999961853027,11.079999923706055,11.15999984741211,11259,0.0,0.0,2022-11-15
2322,2022-11-15 11:30:00-05:00,11.170000076293945,11.180000305175781,11.149999618530273,11.170000076293945,5688,0.0,0.0,2022-11-15
2323,2022-11-15 12:30:00-05:00,11.15999984741211,11.189000129699707,11.029999732971191,11.029999732971191,38070,0.0,0.0,2022-11-15
2324,2022-11-15 13:30:00-05:00,11.020000457763672,11.029999732971191,10.920000076293945,10.979999542236328,17696,0.0,0.0,2022-11-15
2325,2022-11-15 14:30:00-05:00,10.979999542236328,11.098699569702148,10.949999809265137,11.050000190734863,140414,0.0,0.0,2022-11-15
2326,2022-11-15 15:30:00-05:00,11.050000190734863,11.050000190734863,10.989999771118164,11.039999961853027,46190,0.0,0.0,2022-11-15
2327,2022-11-16 09:30:00-05:00,10.970000267028809,10.970000267028809,10.8100004196167,10.8100004196167,10646,0.0,0.0,2022-11-16
2328,2022-11-16 10:30:00-05:00,10.84000015258789,10.850000381469727,10.789999961853027,10.800399780273438,6148,0.0,0.0,2022-11-16
2329,2022-11-16 11:30:00-05:00,10.84000015258789,10.850000381469727,10.779999732971191,10.829999923706055,4958,0.0,0.0,2022-11-16
2330,2022-11-16 12:30:00-05:00,10.850000381469727,10.880000114440918,10.789999961853027,10.789999961853027,22296,0.0,0.0,2022-11-16
2331,2022-11-16 13:30:00-05:00,10.789999961853027,10.789999961853027,10.729999542236328,10.75,6656,0.0,0.0,2022-11-16
2332,2022-11-16 14:30:00-05:00,10.75,10.800000190734863,10.744999885559082,10.755000114440918,20290,0.0,0.0,2022-11-16
2333,2022-11-16 15:30:00-05:00,10.75,10.770000457763672,10.704999923706055,10.720000267028809,54622,0.0,0.0,2022-11-16
2334,2022-11-17 09:30:00-05:00,10.609999656677246,10.770000457763672,10.550000190734863,10.757499694824219,23268,0.0,0.0,2022-11-17
2335,2022-11-17 10:30:00-05:00,10.757499694824219,10.757499694824219,10.670000076293945,10.744600296020508,14954,0.0,0.0,2022-11-17
2336,2022-11-17 11:30:00-05:00,10.75,10.760000228881836,10.6899995803833,10.699999809265137,12346,0.0,0.0,2022-11-17
2337,2022-11-17 12:30:00-05:00,10.710000038146973,10.800000190734863,10.710000038146973,10.739999771118164,6101,0.0,0.0,2022-11-17
2338,2022-11-17 13:30:00-05:00,10.729999542236328,10.729999542236328,10.65999984741211,10.65999984741211,19922,0.0,0.0,2022-11-17
2339,2022-11-17 14:30:00-05:00,10.670000076293945,10.770000457763672,10.65999984741211,10.739999771118164,16139,0.0,0.0,2022-11-17
2340,2022-11-17 15:30:00-05:00,10.739999771118164,10.75,10.710000038146973,10.729999542236328,22361,0.0,0.0,2022-11-17
2341,2022-11-18 09:30:00-05:00,10.890000343322754,10.890000343322754,10.729999542236328,10.84000015258789,0,0.0,0.0,2022-11-18
2342,2022-11-18 10:30:00-05:00,10.866999626159668,10.866999626159668,10.739999771118164,10.779999732971191,13093,0.0,0.0,2022-11-18
2343,2022-11-18 11:30:00-05:00,10.78499984741211,10.800000190734863,10.744999885559082,10.770000457763672,8189,0.0,0.0,2022-11-18
2344,2022-11-18 12:30:00-05:00,10.770000457763672,10.770000457763672,10.725000381469727,10.765000343322754,6342,0.0,0.0,2022-11-18
2345,2022-11-18 13:30:00-05:00,10.770000457763672,10.774999618530273,10.6899995803833,10.770000457763672,13524,0.0,0.0,2022-11-18
2346,2022-11-18 14:30:00-05:00,10.755000114440918,10.800000190734863,10.720000267028809,10.789999961853027,31785,0.0,0.0,2022-11-18
2347,2022-11-18 15:30:00-05:00,10.800000190734863,10.819999694824219,10.774999618530273,10.800000190734863,31819,0.0,0.0,2022-11-18
2348,2022-11-21 09:30:00-05:00,10.760000228881836,10.880000114440918,10.678199768066406,10.760000228881836,9643,0.0,0.0,2022-11-21
2349,2022-11-21 10:30:00-05:00,10.760000228881836,10.850000381469727,10.73009967803955,10.850000381469727,31249,0.0,0.0,2022-11-21
2350,2022-11-21 11:30:00-05:00,10.829999923706055,10.869999885559082,10.789999961853027,10.84000015258789,13738,0.0,0.0,2022-11-21
2351,2022-11-21 12:30:00-05:00,10.850000381469727,10.899999618530273,10.850000381469727,10.869999885559082,15732,0.0,0.0,2022-11-21
2352,2022-11-21 13:30:00-05:00,10.880000114440918,10.920000076293945,10.859999656677246,10.859999656677246,9712,0.0,0.0,2022-11-21
2353,2022-11-21 14:30:00-05:00,10.854999542236328,10.914999961853027,10.854000091552734,10.899999618530273,14409,0.0,0.0,2022-11-21
2354,2022-11-21 15:30:00-05:00,10.899999618530273,10.949999809265137,10.880000114440918,10.9399995803833,41706,0.0,0.0,2022-11-21
2355,2022-11-22 09:30:00-05:00,10.9399995803833,10.9399995803833,10.770000457763672,10.859999656677246,8456,0.0,0.0,2022-11-22
2356,2022-11-22 10:30:00-05:00,10.859999656677246,10.890000343322754,10.8100004196167,10.890000343322754,6406,0.0,0.0,2022-11-22
2357,2022-11-22 11:30:00-05:00,10.875,10.875,10.8149995803833,10.8149995803833,9550,0.0,0.0,2022-11-22
2358,2022-11-22 12:30:00-05:00,10.8149995803833,10.829999923706055,10.739999771118164,10.765000343322754,10225,0.0,0.0,2022-11-22
2359,2022-11-22 13:30:00-05:00,10.760000228881836,10.795000076293945,10.739999771118164,10.75,14877,0.0,0.0,2022-11-22
2360,2022-11-22 14:30:00-05:00,10.739999771118164,10.800000190734863,10.710000038146973,10.789999961853027,18790,0.0,0.0,2022-11-22
2361,2022-11-22 15:30:00-05:00,10.800000190734863,10.829999923706055,10.710000038146973,10.720000267028809,60035,0.0,0.0,2022-11-22
2362,2022-11-23 09:30:00-05:00,10.729999542236328,10.75,10.470000267028809,10.710000038146973,37126,0.0,0.0,2022-11-23
2363,2022-11-23 10:30:00-05:00,10.725000381469727,10.800000190734863,10.699999809265137,10.770000457763672,7768,0.0,0.0,2022-11-23
2364,2022-11-23 11:30:00-05:00,10.75,10.779999732971191,10.699999809265137,10.699999809265137,8248,0.0,0.0,2022-11-23
2365,2022-11-23 12:30:00-05:00,10.720000267028809,10.720000267028809,10.649999618530273,10.6899995803833,5411,0.0,0.0,2022-11-23
2366,2022-11-23 13:30:00-05:00,10.699999809265137,10.760000228881836,10.699999809265137,10.739999771118164,6280,0.0,0.0,2022-11-23
2367,2022-11-23 14:30:00-05:00,10.75,10.75,10.699999809265137,10.729999542236328,13884,0.0,0.0,2022-11-23
2368,2022-11-23 15:30:00-05:00,10.75,10.789999961853027,10.729999542236328,10.729999542236328,19066,0.0,0.0,2022-11-23
2369,2022-11-25 09:30:00-05:00,10.739999771118164,10.800000190734863,10.739999771118164,10.800000190734863,4075,0.0,0.0,2022-11-25
2370,2022-11-25 10:30:00-05:00,10.779999732971191,10.789999961853027,10.680000305175781,10.720000267028809,30963,0.0,0.0,2022-11-25
2371,2022-11-25 11:30:00-05:00,10.75,10.8100004196167,10.6899995803833,10.699999809265137,30622,0.0,0.0,2022-11-25
2372,2022-11-28 09:30:00-05:00,10.65999984741211,10.720000267028809,10.649999618530273,10.654999732971191,12897,0.0,0.0,2022-11-28
2373,2022-11-28 10:30:00-05:00,10.654999732971191,10.670000076293945,10.600000381469727,10.635000228881836,12064,0.0,0.0,2022-11-28
2374,2022-11-28 11:30:00-05:00,10.635000228881836,10.664999961853027,10.630000114440918,10.640000343322754,4420,0.0,0.0,2022-11-28
2375,2022-11-28 12:30:00-05:00,10.640000343322754,10.645000457763672,10.619999885559082,10.630000114440918,6810,0.0,0.0,2022-11-28
2376,2022-11-28 13:30:00-05:00,10.630000114440918,10.640000343322754,10.59000015258789,10.604999542236328,11669,0.0,0.0,2022-11-28
2377,2022-11-28 14:30:00-05:00,10.604999542236328,10.630000114440918,10.600000381469727,10.600000381469727,14377,0.0,0.0,2022-11-28
2378,2022-11-28 15:30:00-05:00,10.600000381469727,10.609999656677246,10.581399917602539,10.600000381469727,30247,0.0,0.0,2022-11-28
2379,2022-11-29 09:30:00-05:00,10.640000343322754,10.640000343322754,10.529999732971191,10.550000190734863,8656,0.0,0.0,2022-11-29
2380,2022-11-29 10:30:00-05:00,10.5649995803833,10.569999694824219,10.479999542236328,10.524999618530273,13985,0.0,0.0,2022-11-29
2381,2022-11-29 11:30:00-05:00,10.520000457763672,10.5600004196167,10.51830005645752,10.529999732971191,7886,0.0,0.0,2022-11-29
2382,2022-11-29 12:30:00-05:00,10.550000190734863,10.569999694824219,10.529999732971191,10.569999694824219,9521,0.0,0.0,2022-11-29
2383,2022-11-29 13:30:00-05:00,10.574999809265137,10.574999809265137,10.539999961853027,10.550000190734863,18226,0.0,0.0,2022-11-29
2384,2022-11-29 14:30:00-05:00,10.545000076293945,10.600000381469727,10.545000076293945,10.600000381469727,11615,0.0,0.0,2022-11-29
2385,2022-11-29 15:30:00-05:00,10.619999885559082,10.645000457763672,10.539999961853027,10.539999961853027,23306,0.0,0.0,2022-11-29
2386,2022-11-30 09:30:00-05:00,10.59000015258789,10.59000015258789,10.4399995803833,10.489999771118164,25746,0.0,0.0,2022-11-30
2387,2022-11-30 10:30:00-05:00,10.494999885559082,10.619999885559082,10.494999885559082,10.600000381469727,25030,0.0,0.0,2022-11-30
2388,2022-11-30 11:30:00-05:00,10.595000267028809,10.640000343322754,10.529999732971191,10.640000343322754,14987,0.0,0.0,2022-11-30
2389,2022-11-30 12:30:00-05:00,10.630000114440918,10.720000267028809,10.625,10.710000038146973,9671,0.0,0.0,2022-11-30
2390,2022-11-30 13:30:00-05:00,10.720000267028809,10.920000076293945,10.720000267028809,10.899999618530273,23669,0.0,0.0,2022-11-30
2391,2022-11-30 14:30:00-05:00,10.890000343322754,10.90999984741211,10.835000038146973,10.885000228881836,18870,0.0,0.0,2022-11-30
2392,2022-11-30 15:30:00-05:00,10.885000228881836,10.930000305175781,10.880000114440918,10.899999618530273,54832,0.0,0.0,2022-11-30
2393,2022-12-01 09:30:00-05:00,10.890000343322754,10.9399995803833,10.84000015258789,10.854999542236328,26195,0.0,0.0,2022-12-01
2394,2022-12-01 10:30:00-05:00,10.845000267028809,10.904199600219727,10.8100004196167,10.899999618530273,11879,0.0,0.0,2022-12-01
2395,2022-12-01 11:30:00-05:00,10.90999984741211,10.930000305175781,10.84000015258789,10.890000343322754,11857,0.0,0.0,2022-12-01
2396,2022-12-01 12:30:00-05:00,10.869999885559082,10.90999984741211,10.859999656677246,10.875,11889,0.0,0.0,2022-12-01
2397,2022-12-01 13:30:00-05:00,10.875,10.899999618530273,10.869999885559082,10.899999618530273,8852,0.0,0.0,2022-12-01
2398,2022-12-01 14:30:00-05:00,10.895000457763672,10.895000457763672,10.829999923706055,10.84000015258789,12027,0.0,0.0,2022-12-01
2399,2022-12-01 15:30:00-05:00,10.84000015258789,10.850000381469727,10.789999961853027,10.789999961853027,24768,0.0,0.0,2022-12-01
2400,2022-12-02 09:30:00-05:00,10.729999542236328,10.729999542236328,10.649999618530273,10.65999984741211,12791,0.0,0.0,2022-12-02
2401,2022-12-02 10:30:00-05:00,10.635000228881836,10.680000305175781,10.630000114440918,10.680000305175781,4256,0.0,0.0,2022-12-02
2402,2022-12-02 11:30:00-05:00,10.65999984741211,10.729999542236328,10.65999984741211,10.710000038146973,7752,0.0,0.0,2022-12-02
2403,2022-12-02 12:30:00-05:00,10.710000038146973,10.710000038146973,10.670000076293945,10.694999694824219,10212,0.0,0.0,2022-12-02
2404,2022-12-02 13:30:00-05:00,10.694999694824219,10.779999732971191,10.694999694824219,10.720000267028809,35627,0.0,0.0,2022-12-02
2405,2022-12-02 14:30:00-05:00,10.720000267028809,10.739999771118164,10.680000305175781,10.710000038146973,14981,0.0,0.0,2022-12-02
2406,2022-12-02 15:30:00-05:00,10.699999809265137,10.720000267028809,10.680000305175781,10.699999809265137,28693,0.0,0.0,2022-12-02
2407,2022-12-05 09:30:00-05:00,10.600000381469727,10.645000457763672,10.550000190734863,10.645000457763672,23680,0.0,0.0,2022-12-05
2408,2022-12-05 10:30:00-05:00,10.649999618530273,10.720000267028809,10.649999618530273,10.6899995803833,24559,0.0,0.0,2022-12-05
2409,2022-12-05 11:30:00-05:00,10.680000305175781,10.720000267028809,10.670000076293945,10.6899995803833,15848,0.0,0.0,2022-12-05
2410,2022-12-05 12:30:00-05:00,10.6899995803833,10.6899995803833,10.670000076293945,10.680000305175781,12630,0.0,0.0,2022-12-05
2411,2022-12-05 13:30:00-05:00,10.6899995803833,10.6899995803833,10.579999923706055,10.640000343322754,19481,0.0,0.0,2022-12-05
2412,2022-12-05 14:30:00-05:00,10.640000343322754,10.649999618530273,10.600000381469727,10.649999618530273,21398,0.0,0.0,2022-12-05
2413,2022-12-05 15:30:00-05:00,10.649999618530273,10.6899995803833,10.630000114440918,10.675000190734863,33191,0.0,0.0,2022-12-05
2414,2022-12-06 09:30:00-05:00,10.539999961853027,10.649999618530273,10.479999542236328,10.574999809265137,140867,0.0,0.0,2022-12-06
2415,2022-12-06 10:30:00-05:00,10.574999809265137,10.59000015258789,10.460000038146973,10.460000038146973,24257,0.0,0.0,2022-12-06
2416,2022-12-06 11:30:00-05:00,10.470000267028809,10.489999771118164,10.4350004196167,10.489999771118164,12532,0.0,0.0,2022-12-06
2417,2022-12-06 12:30:00-05:00,10.489999771118164,10.539999961853027,10.488499641418457,10.539999961853027,8297,0.0,0.0,2022-12-06
2418,2022-12-06 13:30:00-05:00,10.53499984741211,10.5600004196167,10.53499984741211,10.5600004196167,10518,0.0,0.0,2022-12-06
2419,2022-12-06 14:30:00-05:00,10.550000190734863,10.680000305175781,10.550000190734863,10.680000305175781,25490,0.0,0.0,2022-12-06
2420,2022-12-06 15:30:00-05:00,10.680000305175781,10.710000038146973,10.630000114440918,10.654999732971191,42157,0.0,0.0,2022-12-06
2421,2022-12-07 09:30:00-05:00,10.619999885559082,10.710000038146973,10.600000381469727,10.65999984741211,9390,0.0,0.0,2022-12-07
2422,2022-12-07 10:30:00-05:00,10.649999618530273,10.729999542236328,10.630000114440918,10.630000114440918,35244,0.0,0.0,2022-12-07
2423,2022-12-07 11:30:00-05:00,10.640000343322754,10.640000343322754,10.595000267028809,10.619999885559082,11599,0.0,0.0,2022-12-07
2424,2022-12-07 12:30:00-05:00,10.628000259399414,10.680000305175781,10.619999885559082,10.680000305175781,9902,0.0,0.0,2022-12-07
2425,2022-12-07 13:30:00-05:00,10.680000305175781,10.680000305175781,10.614999771118164,10.619999885559082,11816,0.0,0.0,2022-12-07
2426,2022-12-07 14:30:00-05:00,10.630000114440918,10.635000228881836,10.539999961853027,10.5600004196167,24384,0.0,0.0,2022-12-07
2427,2022-12-07 15:30:00-05:00,10.5600004196167,10.574999809265137,10.539999961853027,10.5600004196167,33106,0.0,0.0,2022-12-07
2428,2022-12-08 09:30:00-05:00,10.479999542236328,10.850000381469727,10.479999542236328,10.779999732971191,47496,0.0,0.0,2022-12-08
2429,2022-12-08 10:30:00-05:00,10.779999732971191,10.899999618530273,10.779999732971191,10.8100004196167,103283,0.0,0.0,2022-12-08
2430,2022-12-08 11:30:00-05:00,10.8149995803833,10.90999984741211,10.8100004196167,10.864999771118164,20450,0.0,0.0,2022-12-08
2431,2022-12-08 12:30:00-05:00,10.850000381469727,10.899999618530273,10.819999694824219,10.869999885559082,14071,0.0,0.0,2022-12-08
2432,2022-12-08 13:30:00-05:00,10.880000114440918,10.930000305175781,10.869999885559082,10.930000305175781,14158,0.0,0.0,2022-12-08
2433,2022-12-08 14:30:00-05:00,10.925000190734863,10.984999656677246,10.90999984741211,10.983200073242188,22429,0.0,0.0,2022-12-08
2434,2022-12-08 15:30:00-05:00,10.984999656677246,11.100000381469727,10.930000305175781,10.970000267028809,124349,0.0,0.0,2022-12-08
2435,2022-12-09 09:30:00-05:00,10.970000267028809,10.989999771118164,10.770000457763672,10.96500015258789,35774,0.0,0.0,2022-12-09
2436,2022-12-09 10:30:00-05:00,10.95009994506836,10.96500015258789,10.861700057983398,10.890000343322754,10326,0.0,0.0,2022-12-09
2437,2022-12-09 11:30:00-05:00,10.899999618530273,10.90999984741211,10.880000114440918,10.899999618530273,6601,0.0,0.0,2022-12-09
2438,2022-12-09 12:30:00-05:00,10.90999984741211,10.930000305175781,10.869999885559082,10.890000343322754,5772,0.0,0.0,2022-12-09
2439,2022-12-09 13:30:00-05:00,10.90999984741211,10.90999984741211,10.845000267028809,10.850000381469727,4852,0.0,0.0,2022-12-09
2440,2022-12-09 14:30:00-05:00,10.845000267028809,10.850000381469727,10.720000267028809,10.720000267028809,17941,0.0,0.0,2022-12-09
2441,2022-12-09 15:30:00-05:00,10.71500015258789,10.720000267028809,10.65999984741211,10.6875,32041,0.0,0.0,2022-12-09
2442,2022-12-12 09:30:00-05:00,10.5,10.680000305175781,10.5,10.630000114440918,6418,0.0,0.0,2022-12-12
2443,2022-12-12 10:30:00-05:00,10.649999618530273,10.710000038146973,10.630000114440918,10.635000228881836,12242,0.0,0.0,2022-12-12
2444,2022-12-12 11:30:00-05:00,10.649999618530273,10.649999618530273,10.604999542236328,10.640000343322754,9648,0.0,0.0,2022-12-12
2445,2022-12-12 12:30:00-05:00,10.645000457763672,10.720000267028809,10.645000457763672,10.718999862670898,17248,0.0,0.0,2022-12-12
2446,2022-12-12 13:30:00-05:00,10.699999809265137,10.729999542236328,10.694999694824219,10.710000038146973,19239,0.0,0.0,2022-12-12
2447,2022-12-12 14:30:00-05:00,10.720000267028809,10.75,10.65999984741211,10.75,32190,0.0,0.0,2022-12-12
2448,2022-12-12 15:30:00-05:00,10.739999771118164,10.779999732971191,10.720000267028809,10.739999771118164,22825,0.0,0.0,2022-12-12
2449,2022-12-13 09:30:00-05:00,11.0,11.140000343322754,10.920000076293945,10.975000381469727,23769,0.0,0.0,2022-12-13
2450,2022-12-13 10:30:00-05:00,10.984999656677246,11.029999732971191,10.920000076293945,10.920000076293945,7509,0.0,0.0,2022-12-13
2451,2022-12-13 11:30:00-05:00,10.949999809265137,10.984999656677246,10.90999984741211,10.960000038146973,12426,0.0,0.0,2022-12-13
2452,2022-12-13 12:30:00-05:00,10.979999542236328,11.100000381469727,10.949999809265137,11.100000381469727,19801,0.0,0.0,2022-12-13
2453,2022-12-13 13:30:00-05:00,11.100000381469727,11.100000381469727,11.029999732971191,11.029999732971191,9195,0.0,0.0,2022-12-13
2454,2022-12-13 14:30:00-05:00,11.029999732971191,11.170000076293945,11.020000457763672,11.069999694824219,26252,0.0,0.0,2022-12-13
2455,2022-12-13 15:30:00-05:00,11.079999923706055,11.09000015258789,11.0,11.041000366210938,39880,0.0,0.0,2022-12-13
2456,2022-12-14 09:30:00-05:00,11.039999961853027,11.109999656677246,10.979999542236328,11.09000015258789,7439,0.0,0.0,2022-12-14
2457,2022-12-14 10:30:00-05:00,11.09000015258789,11.170000076293945,11.09000015258789,11.15999984741211,12454,0.0,0.0,2022-12-14
2458,2022-12-14 11:30:00-05:00,11.140000343322754,11.149999618530273,11.114999771118164,11.119999885559082,6733,0.0,0.0,2022-12-14
2459,2022-12-14 12:30:00-05:00,11.130000114440918,11.130000114440918,11.095000267028809,11.119999885559082,13213,0.0,0.0,2022-12-14
2460,2022-12-14 13:30:00-05:00,11.119999885559082,11.140000343322754,10.90999984741211,10.930000305175781,16126,0.0,0.0,2022-12-14
2461,2022-12-14 14:30:00-05:00,10.920000076293945,11.024999618530273,10.850000381469727,10.880000114440918,24393,0.0,0.0,2022-12-14
2462,2022-12-14 15:30:00-05:00,10.869999885559082,10.90999984741211,10.829999923706055,10.880000114440918,34945,0.0,0.0,2022-12-14
2463,2022-12-15 09:30:00-05:00,10.789999961853027,10.789999961853027,10.64009952545166,10.704999923706055,4641,0.0,0.0,2022-12-15
2464,2022-12-15 10:30:00-05:00,10.720000267028809,10.734999656677246,10.609999656677246,10.664999961853027,9081,0.0,0.0,2022-12-15
2465,2022-12-15 11:30:00-05:00,10.65999984741211,10.6899995803833,10.649999618530273,10.670000076293945,4304,0.0,0.0,2022-12-15
2466,2022-12-15 12:30:00-05:00,10.6899995803833,10.6899995803833,10.59000015258789,10.59000015258789,3209,0.0,0.0,2022-12-15
2467,2022-12-15 13:30:00-05:00,10.609999656677246,10.609999656677246,10.5600004196167,10.5600004196167,4541,0.0,0.0,2022-12-15
2468,2022-12-15 14:30:00-05:00,10.5600004196167,10.649999618530273,10.555000305175781,10.625,11724,0.0,0.0,2022-12-15
2469,2022-12-15 15:30:00-05:00,10.635000228881836,10.720000267028809,10.625,10.704999923706055,26290,0.0,0.0,2022-12-15
2470,2022-12-16 09:30:00-05:00,10.569999694824219,10.710000038146973,10.479999542236328,10.630000114440918,39801,0.0,0.0,2022-12-16
2471,2022-12-16 10:30:00-05:00,10.630000114440918,10.699999809265137,10.619999885559082,10.699999809265137,11221,0.0,0.0,2022-12-16
2472,2022-12-16 11:30:00-05:00,10.710000038146973,10.710000038146973,10.569999694824219,10.609999656677246,9907,0.0,0.0,2022-12-16
2473,2022-12-16 12:30:00-05:00,10.600000381469727,10.609999656677246,10.579999923706055,10.609999656677246,6963,0.0,0.0,2022-12-16
2474,2022-12-16 13:30:00-05:00,10.619999885559082,10.619999885559082,10.59000015258789,10.595000267028809,5875,0.0,0.0,2022-12-16
2475,2022-12-16 14:30:00-05:00,10.579999923706055,10.710000038146973,10.569999694824219,10.710000038146973,16468,0.0,0.0,2022-12-16
2476,2022-12-16 15:30:00-05:00,10.699999809265137,10.739999771118164,10.670000076293945,10.670999526977539,36658,0.0,0.0,2022-12-16
2477,2022-12-19 09:30:00-05:00,10.699999809265137,10.829999923706055,10.675000190734863,10.829999923706055,19395,0.0,0.0,2022-12-19
2478,2022-12-19 10:30:00-05:00,10.829999923706055,10.829999923706055,10.65999984741211,10.65999984741211,12460,0.0,0.0,2022-12-19
2479,2022-12-19 11:30:00-05:00,10.645000457763672,10.649999618530273,10.579999923706055,10.619999885559082,8794,0.0,0.0,2022-12-19
2480,2022-12-19 12:30:00-05:00,10.619999885559082,10.619999885559082,10.5600004196167,10.579999923706055,19702,0.0,0.0,2022-12-19
2481,2022-12-19 13:30:00-05:00,10.569999694824219,10.569999694824219,10.470000267028809,10.470000267028809,10660,0.0,0.0,2022-12-19
2482,2022-12-19 14:30:00-05:00,10.479999542236328,10.489999771118164,10.380000114440918,10.399999618530273,20395,0.0,0.0,2022-12-19
2483,2022-12-19 15:30:00-05:00,10.399999618530273,10.40999984741211,10.350000381469727,10.399999618530273,31942,0.0,0.0,2022-12-19
2484,2022-12-20 09:30:00-05:00,10.380000114440918,10.529999732971191,10.34000015258789,10.50979995727539,39389,0.0,0.0,2022-12-20
2485,2022-12-20 10:30:00-05:00,10.550000190734863,10.649999618530273,10.510000228881836,10.510000228881836,15935,0.0,0.0,2022-12-20
2486,2022-12-20 11:30:00-05:00,10.505000114440918,10.505000114440918,10.390000343322754,10.457500457763672,18461,0.0,0.0,2022-12-20
2487,2022-12-20 12:30:00-05:00,10.449999809265137,10.449999809265137,10.319999694824219,10.335000038146973,58088,0.0,0.0,2022-12-20
2488,2022-12-20 13:30:00-05:00,10.34000015258789,10.375,10.329999923706055,10.359999656677246,14082,0.0,0.0,2022-12-20
2489,2022-12-20 14:30:00-05:00,10.350000381469727,10.390000343322754,10.345000267028809,10.354999542236328,19135,0.0,0.0,2022-12-20
2490,2022-12-20 15:30:00-05:00,10.354999542236328,10.380000114440918,10.3100004196167,10.329999923706055,49751,0.0,0.0,2022-12-20
2491,2022-12-21 09:30:00-05:00,10.380000114440918,10.520000457763672,10.359999656677246,10.5,14453,0.0,0.0,2022-12-21
2492,2022-12-21 10:30:00-05:00,10.5,10.579999923706055,10.5,10.579999923706055,11362,0.0,0.0,2022-12-21
2493,2022-12-21 11:30:00-05:00,10.579999923706055,10.579999923706055,10.510000228881836,10.529999732971191,12161,0.0,0.0,2022-12-21
2494,2022-12-21 12:30:00-05:00,10.520099639892578,10.520099639892578,10.5,10.5,9114,0.0,0.0,2022-12-21
2495,2022-12-21 13:30:00-05:00,10.489999771118164,10.520000457763672,10.449999809265137,10.454999923706055,9399,0.0,0.0,2022-12-21
2496,2022-12-21 14:30:00-05:00,10.449999809265137,10.449999809265137,10.40999984741211,10.40999984741211,9005,0.0,0.0,2022-12-21
2497,2022-12-21 15:30:00-05:00,10.420000076293945,10.4399995803833,10.40999984741211,10.430000305175781,22508,0.0,0.0,2022-12-21
2498,2022-12-22 09:30:00-05:00,10.369999885559082,10.369999885559082,10.199999809265137,10.319999694824219,11493,0.0,0.0,2022-12-22
2499,2022-12-22 10:30:00-05:00,10.34000015258789,10.345000267028809,10.300000190734863,10.31719970703125,5419,0.0,0.0,2022-12-22
2500,2022-12-22 11:30:00-05:00,10.319999694824219,10.34000015258789,10.279999732971191,10.300000190734863,8808,0.0,0.0,2022-12-22
2501,2022-12-22 12:30:00-05:00,10.300000190734863,10.390000343322754,10.289999961853027,10.354999542236328,23456,0.0,0.0,2022-12-22
2502,2022-12-22 13:30:00-05:00,10.359999656677246,10.430000305175781,10.350000381469727,10.399999618530273,44072,0.0,0.0,2022-12-22
2503,2022-12-22 14:30:00-05:00,10.380000114440918,10.4399995803833,10.350000381469727,10.375,45642,0.0,0.0,2022-12-22
2504,2022-12-22 15:30:00-05:00,10.390000343322754,10.420000076293945,10.329999923706055,10.359999656677246,48051,0.0,0.0,2022-12-22
2505,2022-12-23 09:30:00-05:00,10.350000381469727,10.529999732971191,10.319999694824219,10.350000381469727,6492,0.0,0.0,2022-12-23
2506,2022-12-23 10:30:00-05:00,10.352100372314453,10.359999656677246,10.28499984741211,10.28499984741211,4284,0.0,0.0,2022-12-23
2507,2022-12-23 11:30:00-05:00,10.319999694824219,10.354999542236328,10.319999694824219,10.34000015258789,9614,0.0,0.0,2022-12-23
2508,2022-12-23 12:30:00-05:00,10.350000381469727,10.350000381469727,10.319999694824219,10.350000381469727,4306,0.0,0.0,2022-12-23
2509,2022-12-23 13:30:00-05:00,10.321499824523926,10.359999656677246,10.300000190734863,10.34000015258789,9532,0.0,0.0,2022-12-23
2510,2022-12-23 14:30:00-05:00,10.350000381469727,10.359999656677246,10.300000190734863,10.300000190734863,8869,0.0,0.0,2022-12-23
2511,2022-12-23 15:30:00-05:00,10.300000190734863,10.3100004196167,10.260000228881836,10.279999732971191,22218,0.0,0.0,2022-12-23
2512,2022-12-27 09:30:00-05:00,10.289999961853027,10.289999961853027,10.149999618530273,10.234999656677246,17173,0.0,0.0,2022-12-27
2513,2022-12-27 10:30:00-05:00,10.229999542236328,10.229999542236328,10.170000076293945,10.199999809265137,17454,0.0,0.0,2022-12-27
2514,2022-12-27 11:30:00-05:00,10.210000038146973,10.210000038146973,10.180000305175781,10.1899995803833,11966,0.0,0.0,2022-12-27
2515,2022-12-27 12:30:00-05:00,10.180000305175781,10.25,10.15999984741211,10.1899995803833,17164,0.0,0.0,2022-12-27
2516,2022-12-27 13:30:00-05:00,10.1899995803833,10.210000038146973,10.100000381469727,10.100000381469727,17096,0.0,0.0,2022-12-27
2517,2022-12-27 14:30:00-05:00,10.09000015258789,10.109999656677246,10.050000190734863,10.09000015258789,31313,0.0,0.0,2022-12-27
2518,2022-12-27 15:30:00-05:00,10.079999923706055,10.100000381469727,10.0600004196167,10.0600004196167,22797,0.0,0.0,2022-12-27
2519,2022-12-28 09:30:00-05:00,10.09000015258789,10.130000114440918,10.0,10.09000015258789,12104,0.0,0.0,2022-12-28
2520,2022-12-28 10:30:00-05:00,10.100000381469727,10.199999809265137,10.029999732971191,10.029999732971191,16145,0.0,0.0,2022-12-28
2521,2022-12-28 11:30:00-05:00,10.039999961853027,10.039999961853027,9.989999771118164,10.039999961853027,7682,0.0,0.0,2022-12-28
2522,2022-12-28 12:30:00-05:00,10.0600004196167,10.094099998474121,10.0600004196167,10.09000015258789,6690,0.0,0.0,2022-12-28
2523,2022-12-28 13:30:00-05:00,10.09000015258789,10.09000015258789,10.029999732971191,10.039999961853027,8639,0.0,0.0,2022-12-28
2524,2022-12-28 14:30:00-05:00,10.039999961853027,10.0600004196167,9.970000267028809,9.970000267028809,9029,0.0,0.0,2022-12-28
2525,2022-12-28 15:30:00-05:00,9.970000267028809,9.989999771118164,9.954999923706055,9.960000038146973,18413,0.0,0.0,2022-12-28
2526,2022-12-29 09:30:00-05:00,10.050000190734863,10.140000343322754,10.0,10.104999542236328,10188,0.0,0.0,2022-12-29
2527,2022-12-29 10:30:00-05:00,10.119999885559082,10.130000114440918,10.079999923706055,10.130000114440918,11726,0.0,0.0,2022-12-29
2528,2022-12-29 11:30:00-05:00,10.119999885559082,10.220000267028809,10.119999885559082,10.170000076293945,11422,0.0,0.0,2022-12-29
2529,2022-12-29 12:30:00-05:00,10.15999984741211,10.15999984741211,10.109999656677246,10.140000343322754,10789,0.0,0.0,2022-12-29
2530,2022-12-29 13:30:00-05:00,10.140000343322754,10.180000305175781,10.130000114440918,10.164999961853027,9545,0.0,0.0,2022-12-29
2531,2022-12-29 14:30:00-05:00,10.15999984741211,10.229999542236328,10.130000114440918,10.1899995803833,62302,0.0,0.0,2022-12-29
2532,2022-12-29 15:30:00-05:00,10.199999809265137,10.20989990234375,10.170000076293945,10.1899995803833,21108,0.0,0.0,2022-12-29
2533,2022-12-30 09:30:00-05:00,10.130000114440918,10.25,10.079999923706055,10.229999542236328,28368,0.0,0.0,2022-12-30
2534,2022-12-30 10:30:00-05:00,10.199999809265137,10.199999809265137,10.079999923706055,10.09000015258789,13291,0.0,0.0,2022-12-30
2535,2022-12-30 11:30:00-05:00,10.109999656677246,10.119999885559082,10.069999694824219,10.079999923706055,10391,0.0,0.0,2022-12-30
2536,2022-12-30 12:30:00-05:00,10.09000015258789,10.109999656677246,10.039999961853027,10.039999961853027,9462,0.0,0.0,2022-12-30
2537,2022-12-30 13:30:00-05:00,10.039999961853027,10.050000190734863,9.949999809265137,9.970000267028809,12000,0.0,0.0,2022-12-30
2538,2022-12-30 14:30:00-05:00,9.96500015258789,9.979999542236328,9.90999984741211,9.970000267028809,13462,0.0,0.0,2022-12-30
2539,2022-12-30 15:30:00-05:00,9.979900360107422,9.989999771118164,9.920000076293945,9.9399995803833,54245,0.0,0.0,2022-12-30
2540,2023-01-03 09:30:00-05:00,9.869999885559082,10.130000114440918,9.869999885559082,9.970000267028809,10331,0.0,0.0,2023-01-03
2541,2023-01-03 10:30:00-05:00,9.947500228881836,9.970000267028809,9.890000343322754,9.890000343322754,9622,0.0,0.0,2023-01-03
2542,2023-01-03 11:30:00-05:00,9.869999885559082,9.880000114440918,9.819999694824219,9.819999694824219,7320,0.0,0.0,2023-01-03
2543,2023-01-03 12:30:00-05:00,9.829999923706055,9.859999656677246,9.770000457763672,9.859999656677246,13578,0.0,0.0,2023-01-03
2544,2023-01-03 13:30:00-05:00,9.859999656677246,9.859999656677246,9.770000457763672,9.770000457763672,10084,0.0,0.0,2023-01-03
2545,2023-01-03 14:30:00-05:00,9.770000457763672,9.850000381469727,9.770000457763672,9.800000190734863,16956,0.0,0.0,2023-01-03
2546,2023-01-03 15:30:00-05:00,9.79990005493164,9.800000190734863,9.739999771118164,9.760000228881836,35532,0.0,0.0,2023-01-03
2547,2023-01-04 09:30:00-05:00,9.859999656677246,9.899999618530273,9.84000015258789,9.84000015258789,4016,0.0,0.0,2023-01-04
2548,2023-01-04 10:30:00-05:00,9.880000114440918,9.979999542236328,9.864999771118164,9.930000305175781,10500,0.0,0.0,2023-01-04
2549,2023-01-04 11:30:00-05:00,9.920000076293945,9.96500015258789,9.920000076293945,9.960000038146973,6205,0.0,0.0,2023-01-04
2550,2023-01-04 12:30:00-05:00,9.949999809265137,10.0,9.949999809265137,10.0,6381,0.0,0.0,2023-01-04
2551,2023-01-04 13:30:00-05:00,10.020000457763672,10.085000038146973,10.0,10.0,12626,0.0,0.0,2023-01-04
2552,2023-01-04 14:30:00-05:00,9.989999771118164,10.0,9.920000076293945,9.949999809265137,22119,0.0,0.0,2023-01-04
2553,2023-01-04 15:30:00-05:00,9.949999809265137,9.949999809265137,9.899999618530273,9.930000305175781,23581,0.0,0.0,2023-01-04
2554,2023-01-05 09:30:00-05:00,9.920000076293945,9.949999809265137,9.760000228881836,9.9350004196167,13882,0.0,0.0,2023-01-05
2555,2023-01-05 10:30:00-05:00,9.960000038146973,9.960000038146973,9.859999656677246,9.864999771118164,10728,0.0,0.0,2023-01-05
2556,2023-01-05 11:30:00-05:00,9.864999771118164,9.883000373840332,9.835000038146973,9.835000038146973,8375,0.0,0.0,2023-01-05
2557,2023-01-05 12:30:00-05:00,9.850000381469727,9.859999656677246,9.800000190734863,9.850000381469727,8897,0.0,0.0,2023-01-05
2558,2023-01-05 13:30:00-05:00,9.859999656677246,9.864999771118164,9.779999732971191,9.819999694824219,14403,0.0,0.0,2023-01-05
2559,2023-01-05 14:30:00-05:00,9.8149995803833,9.890000343322754,9.800000190734863,9.859999656677246,24668,0.0,0.0,2023-01-05
2560,2023-01-05 15:30:00-05:00,9.850000381469727,9.859999656677246,9.779999732971191,9.8100004196167,38460,0.0,0.0,2023-01-05
2561,2023-01-06 09:30:00-05:00,9.890000343322754,10.279999732971191,9.890000343322754,10.100000381469727,31388,0.0,0.0,2023-01-06
2562,2023-01-06 10:30:00-05:00,10.100000381469727,10.109999656677246,10.05270004272461,10.05270004272461,21736,0.0,0.0,2023-01-06
2563,2023-01-06 11:30:00-05:00,10.0600004196167,10.100000381469727,10.0600004196167,10.074999809265137,18716,0.0,0.0,2023-01-06
2564,2023-01-06 12:30:00-05:00,10.079999923706055,10.09000015258789,10.0,10.029999732971191,25574,0.0,0.0,2023-01-06
2565,2023-01-06 13:30:00-05:00,10.039999961853027,10.09000015258789,10.020000457763672,10.069999694824219,7496,0.0,0.0,2023-01-06
2566,2023-01-06 14:30:00-05:00,10.0600004196167,10.079999923706055,10.039999961853027,10.039999961853027,18108,0.0,0.0,2023-01-06
2567,2023-01-06 15:30:00-05:00,10.050000190734863,10.069999694824219,10.01200008392334,10.050000190734863,30637,0.0,0.0,2023-01-06
2568,2023-01-09 09:30:00-05:00,10.100000381469727,10.199999809265137,10.0,10.0600004196167,34034,0.0,0.0,2023-01-09
2569,2023-01-09 10:30:00-05:00,10.050000190734863,10.130000114440918,10.045000076293945,10.119999885559082,18730,0.0,0.0,2023-01-09
2570,2023-01-09 11:30:00-05:00,10.130000114440918,10.319999694824219,10.122599601745605,10.3100004196167,14905,0.0,0.0,2023-01-09
2571,2023-01-09 12:30:00-05:00,10.300000190734863,10.300000190734863,10.229999542236328,10.239999771118164,8548,0.0,0.0,2023-01-09
2572,2023-01-09 13:30:00-05:00,10.229999542236328,10.25,10.170000076293945,10.239999771118164,15800,0.0,0.0,2023-01-09
2573,2023-01-09 14:30:00-05:00,10.239999771118164,10.34000015258789,10.239999771118164,10.3100004196167,26751,0.0,0.0,2023-01-09
2574,2023-01-09 15:30:00-05:00,10.319999694824219,10.319999694824219,10.265000343322754,10.295000076293945,34609,0.0,0.0,2023-01-09
2575,2023-01-10 09:30:00-05:00,10.289999961853027,10.449999809265137,10.239999771118164,10.414999961853027,20299,0.0,0.0,2023-01-10
2576,2023-01-10 10:30:00-05:00,10.359999656677246,10.609999656677246,10.34000015258789,10.609999656677246,40062,0.0,0.0,2023-01-10
2577,2023-01-10 11:30:00-05:00,10.59000015258789,10.59000015258789,10.420000076293945,10.430000305175781,9605,0.0,0.0,2023-01-10
2578,2023-01-10 12:30:00-05:00,10.430000305175781,10.494999885559082,10.430000305175781,10.494999885559082,8698,0.0,0.0,2023-01-10
2579,2023-01-10 13:30:00-05:00,10.5,10.587499618530273,10.489999771118164,10.587499618530273,11904,0.0,0.0,2023-01-10
2580,2023-01-10 14:30:00-05:00,10.579999923706055,10.609999656677246,10.510000228881836,10.510000228881836,12546,0.0,0.0,2023-01-10
2581,2023-01-10 15:30:00-05:00,10.529999732971191,10.569999694824219,10.520000457763672,10.569999694824219,23149,0.0,0.0,2023-01-10
2582,2023-01-11 09:30:00-05:00,10.569999694824219,10.760000228881836,10.569999694824219,10.713399887084961,19273,0.0,0.0,2023-01-11
2583,2023-01-11 10:30:00-05:00,10.765000343322754,10.779999732971191,10.619999885559082,10.635000228881836,7207,0.0,0.0,2023-01-11
2584,2023-01-11 11:30:00-05:00,10.637999534606934,10.6850004196167,10.609999656677246,10.6850004196167,11504,0.0,0.0,2023-01-11
2585,2023-01-11 12:30:00-05:00,10.6899995803833,10.760000228881836,10.6899995803833,10.729999542236328,9546,0.0,0.0,2023-01-11
2586,2023-01-11 13:30:00-05:00,10.739999771118164,10.78499984741211,10.699999809265137,10.755000114440918,18887,0.0,0.0,2023-01-11
2587,2023-01-11 14:30:00-05:00,10.75,10.859999656677246,10.75,10.850000381469727,25488,0.0,0.0,2023-01-11
2588,2023-01-11 15:30:00-05:00,10.84000015258789,10.850000381469727,10.789999961853027,10.829999923706055,45932,0.0,0.0,2023-01-11
2589,2023-01-12 09:30:00-05:00,10.84000015258789,11.149999618530273,10.84000015258789,11.0649995803833,22737,0.0,0.0,2023-01-12
2590,2023-01-12 10:30:00-05:00,11.100000381469727,11.130000114440918,11.010000228881836,11.09000015258789,20133,0.0,0.0,2023-01-12
2591,2023-01-12 11:30:00-05:00,11.079999923706055,11.114999771118164,11.03499984741211,11.055000305175781,9770,0.0,0.0,2023-01-12
2592,2023-01-12 12:30:00-05:00,11.069999694824219,11.09000015258789,10.989999771118164,11.0,15086,0.0,0.0,2023-01-12
2593,2023-01-12 13:30:00-05:00,10.979999542236328,11.039999961853027,10.9399995803833,10.960000038146973,20405,0.0,0.0,2023-01-12
2594,2023-01-12 14:30:00-05:00,10.960000038146973,11.020000457763672,10.9399995803833,11.005000114440918,22897,0.0,0.0,2023-01-12
2595,2023-01-12 15:30:00-05:00,11.0,11.020000457763672,10.90999984741211,10.979999542236328,40212,0.0,0.0,2023-01-12
2596,2023-01-13 09:30:00-05:00,10.869999885559082,11.029999732971191,10.862000465393066,10.90999984741211,3889,0.0,0.0,2023-01-13
2597,2023-01-13 10:30:00-05:00,10.930000305175781,10.930000305175781,10.895000457763672,10.895000457763672,7222,0.0,0.0,2023-01-13
2598,2023-01-13 11:30:00-05:00,10.899999618530273,10.979999542236328,10.869999885559082,10.960000038146973,21200,0.0,0.0,2023-01-13
2599,2023-01-13 12:30:00-05:00,10.920000076293945,10.994999885559082,10.90999984741211,10.970000267028809,7476,0.0,0.0,2023-01-13
2600,2023-01-13 13:30:00-05:00,10.979999542236328,10.989999771118164,10.949999809265137,10.980999946594238,12704,0.0,0.0,2023-01-13
2601,2023-01-13 14:30:00-05:00,11.0,11.0,10.949999809265137,10.970000267028809,8988,0.0,0.0,2023-01-13
2602,2023-01-13 15:30:00-05:00,10.979999542236328,11.005000114440918,10.920000076293945,10.970000267028809,21393,0.0,0.0,2023-01-13
2603,2023-01-17 09:30:00-05:00,11.0,11.1850004196167,11.0,11.149999618530273,15995,0.0,0.0,2023-01-17
2604,2023-01-17 10:30:00-05:00,11.114999771118164,11.163299560546875,11.109999656677246,11.135000228881836,6791,0.0,0.0,2023-01-17
2605,2023-01-17 11:30:00-05:00,11.130000114440918,11.199999809265137,11.109999656677246,11.170000076293945,7917,0.0,0.0,2023-01-17
2606,2023-01-17 12:30:00-05:00,11.170000076293945,11.21500015258789,11.170000076293945,11.208700180053711,13944,0.0,0.0,2023-01-17
2607,2023-01-17 13:30:00-05:00,11.220000267028809,11.23900032043457,11.180000305175781,11.220000267028809,20246,0.0,0.0,2023-01-17
2608,2023-01-17 14:30:00-05:00,11.220000267028809,11.260000228881836,11.1899995803833,11.255000114440918,12226,0.0,0.0,2023-01-17
2609,2023-01-17 15:30:00-05:00,11.25,11.319999694824219,11.239999771118164,11.289999961853027,44572,0.0,0.0,2023-01-17
2610,2023-01-18 09:30:00-05:00,11.3100004196167,11.359600067138672,11.1850004196167,11.359600067138672,18794,0.0,0.0,2023-01-18
2611,2023-01-18 10:30:00-05:00,11.329999923706055,11.335000038146973,11.069999694824219,11.09000015258789,14715,0.0,0.0,2023-01-18
2612,2023-01-18 11:30:00-05:00,11.079999923706055,11.079999923706055,10.979999542236328,10.979999542236328,9940,0.0,0.0,2023-01-18
2613,2023-01-18 12:30:00-05:00,10.979999542236328,10.989999771118164,10.899999618530273,10.949999809265137,13013,0.0,0.0,2023-01-18
2614,2023-01-18 13:30:00-05:00,10.949999809265137,10.989999771118164,10.869999885559082,10.930000305175781,20873,0.0,0.0,2023-01-18
2615,2023-01-18 14:30:00-05:00,10.9399995803833,10.989999771118164,10.930000305175781,10.989999771118164,13378,0.0,0.0,2023-01-18
2616,2023-01-18 15:30:00-05:00,10.989999771118164,11.0,10.90999984741211,10.91670036315918,25927,0.0,0.0,2023-01-18
2617,2023-01-19 09:30:00-05:00,10.869999885559082,11.0,10.819999694824219,11.0,13408,0.0,0.0,2023-01-19
2618,2023-01-19 10:30:00-05:00,10.984999656677246,10.984999656677246,10.869999885559082,10.899999618530273,9881,0.0,0.0,2023-01-19
2619,2023-01-19 11:30:00-05:00,10.880000114440918,10.90999984741211,10.84000015258789,10.850000381469727,9474,0.0,0.0,2023-01-19
2620,2023-01-19 12:30:00-05:00,10.850000381469727,10.904999732971191,10.84000015258789,10.859999656677246,10299,0.0,0.0,2023-01-19
2621,2023-01-19 13:30:00-05:00,10.880000114440918,10.920000076293945,10.8100004196167,10.8100004196167,12536,0.0,0.0,2023-01-19
2622,2023-01-19 14:30:00-05:00,10.819999694824219,10.880000114440918,10.772000312805176,10.779999732971191,21502,0.0,0.0,2023-01-19
2623,2023-01-19 15:30:00-05:00,10.779999732971191,10.819999694824219,10.75,10.770000457763672,38007,0.0,0.0,2023-01-19
2624,2023-01-20 09:30:00-05:00,10.859999656677246,10.975000381469727,10.699999809265137,10.975000381469727,17558,0.0,0.0,2023-01-20
2625,2023-01-20 10:30:00-05:00,11.020000457763672,11.09000015258789,10.989999771118164,11.0600004196167,11300,0.0,0.0,2023-01-20
2626,2023-01-20 11:30:00-05:00,11.050000190734863,11.050000190734863,10.960000038146973,10.970000267028809,6872,0.0,0.0,2023-01-20
2627,2023-01-20 12:30:00-05:00,10.989999771118164,11.020000457763672,10.979999542236328,10.979999542236328,6923,0.0,0.0,2023-01-20
2628,2023-01-20 13:30:00-05:00,10.98799991607666,11.0600004196167,10.98799991607666,11.0600004196167,8587,0.0,0.0,2023-01-20
2629,2023-01-20 14:30:00-05:00,11.050000190734863,11.069999694824219,11.020000457763672,11.029999732971191,8351,0.0,0.0,2023-01-20
2630,2023-01-20 15:30:00-05:00,11.029999732971191,11.09000015258789,11.020000457763672,11.09000015258789,30792,0.0,0.0,2023-01-20
2631,2023-01-23 09:30:00-05:00,11.09000015258789,11.199999809265137,11.069999694824219,11.149999618530273,18568,0.0,0.0,2023-01-23
2632,2023-01-23 10:30:00-05:00,11.154999732971191,11.230999946594238,11.154999732971191,11.199999809265137,11946,0.0,0.0,2023-01-23
2633,2023-01-23 11:30:00-05:00,11.199999809265137,11.239999771118164,11.1899995803833,11.239999771118164,10040,0.0,0.0,2023-01-23
2634,2023-01-23 12:30:00-05:00,11.239999771118164,11.239999771118164,11.199999809265137,11.229999542236328,9551,0.0,0.0,2023-01-23
2635,2023-01-23 13:30:00-05:00,11.234999656677246,11.260000228881836,11.234999656677246,11.234999656677246,15878,0.0,0.0,2023-01-23
2636,2023-01-23 14:30:00-05:00,11.234999656677246,11.289999961853027,11.229999542236328,11.279999732971191,15957,0.0,0.0,2023-01-23
2637,2023-01-23 15:30:00-05:00,11.279999732971191,11.34000015258789,11.270000457763672,11.34000015258789,20683,0.0,0.0,2023-01-23
2638,2023-01-24 09:30:00-05:00,11.300000190734863,11.449999809265137,11.300000190734863,11.399999618530273,26007,0.0,0.0,2023-01-24
2639,2023-01-24 10:30:00-05:00,11.40999984741211,11.470000267028809,11.359999656677246,11.470000267028809,21864,0.0,0.0,2023-01-24
2640,2023-01-24 11:30:00-05:00,11.460000038146973,11.460000038146973,11.380000114440918,11.4399995803833,13244,0.0,0.0,2023-01-24
2641,2023-01-24 12:30:00-05:00,11.449999809265137,11.479999542236328,11.4399995803833,11.460000038146973,15493,0.0,0.0,2023-01-24
2642,2023-01-24 13:30:00-05:00,11.475000381469727,11.510000228881836,11.449999809265137,11.454999923706055,14762,0.0,0.0,2023-01-24
2643,2023-01-24 14:30:00-05:00,11.460000038146973,11.520000457763672,11.460000038146973,11.505000114440918,17918,0.0,0.0,2023-01-24
2644,2023-01-24 15:30:00-05:00,11.510000228881836,11.550000190734863,11.494999885559082,11.539999961853027,27421,0.0,0.0,2023-01-24
2645,2023-01-25 09:30:00-05:00,11.420000076293945,11.53499984741211,11.34000015258789,11.460000038146973,14839,0.0,0.0,2023-01-25
2646,2023-01-25 10:30:00-05:00,11.489999771118164,11.489999771118164,11.399999618530273,11.442099571228027,11469,0.0,0.0,2023-01-25
2647,2023-01-25 11:30:00-05:00,11.399999618530273,11.40999984741211,11.369999885559082,11.369999885559082,7170,0.0,0.0,2023-01-25
2648,2023-01-25 12:30:00-05:00,11.369999885559082,11.430000305175781,11.369999885559082,11.430000305175781,4176,0.0,0.0,2023-01-25
2649,2023-01-25 13:30:00-05:00,11.4399995803833,11.619999885559082,11.4399995803833,11.5600004196167,24397,0.0,0.0,2023-01-25
2650,2023-01-25 14:30:00-05:00,11.550000190734863,11.579999923706055,11.529999732971191,11.569999694824219,8667,0.0,0.0,2023-01-25
2651,2023-01-25 15:30:00-05:00,11.579999923706055,11.720000267028809,11.574999809265137,11.720000267028809,41014,0.0,0.0,2023-01-25
2652,2023-01-26 09:30:00-05:00,11.739999771118164,11.949999809265137,11.699999809265137,11.710000038146973,16937,0.0,0.0,2023-01-26
2653,2023-01-26 10:30:00-05:00,11.680000305175781,11.680000305175781,11.550000190734863,11.59000015258789,14413,0.0,0.0,2023-01-26
2654,2023-01-26 11:30:00-05:00,11.614999771118164,11.65999984741211,11.609999656677246,11.65999984741211,4661,0.0,0.0,2023-01-26
2655,2023-01-26 12:30:00-05:00,11.649999618530273,11.649999618530273,11.59000015258789,11.59000015258789,5826,0.0,0.0,2023-01-26
2656,2023-01-26 13:30:00-05:00,11.59000015258789,11.619999885559082,11.5600004196167,11.5600004196167,9050,0.0,0.0,2023-01-26
2657,2023-01-26 14:30:00-05:00,11.5600004196167,11.600000381469727,11.5600004196167,11.569999694824219,12125,0.0,0.0,2023-01-26
2658,2023-01-26 15:30:00-05:00,11.569999694824219,11.729999542236328,11.550000190734863,11.699999809265137,53465,0.0,0.0,2023-01-26
2659,2023-01-27 09:30:00-05:00,11.710000038146973,11.75,11.630000114440918,11.635000228881836,0,0.0,0.0,2023-01-27
2660,2023-01-27 10:30:00-05:00,11.640000343322754,11.680000305175781,11.609999656677246,11.65999984741211,10732,0.0,0.0,2023-01-27
2661,2023-01-27 11:30:00-05:00,11.670000076293945,11.729999542236328,11.670000076293945,11.729999542236328,9387,0.0,0.0,2023-01-27
2662,2023-01-27 12:30:00-05:00,11.699999809265137,11.75,11.699999809265137,11.75,7208,0.0,0.0,2023-01-27
2663,2023-01-27 13:30:00-05:00,11.770000457763672,11.859999656677246,11.770000457763672,11.795000076293945,22753,0.0,0.0,2023-01-27
2664,2023-01-27 14:30:00-05:00,11.795000076293945,11.859999656677246,11.789999961853027,11.84000015258789,16228,0.0,0.0,2023-01-27
2665,2023-01-27 15:30:00-05:00,11.835000038146973,11.850000381469727,11.770000457763672,11.850000381469727,40576,0.0,0.0,2023-01-27
2666,2023-01-30 09:30:00-05:00,11.75,11.90999984741211,11.680000305175781,11.800000190734863,13668,0.0,0.0,2023-01-30
2667,2023-01-30 10:30:00-05:00,11.800000190734863,11.8100004196167,11.744999885559082,11.765000343322754,11873,0.0,0.0,2023-01-30
2668,2023-01-30 11:30:00-05:00,11.770000457763672,11.829999923706055,11.765000343322754,11.800000190734863,11731,0.0,0.0,2023-01-30
2669,2023-01-30 12:30:00-05:00,11.800000190734863,11.859999656677246,11.800000190734863,11.850000381469727,7369,0.0,0.0,2023-01-30
2670,2023-01-30 13:30:00-05:00,11.859999656677246,11.859999656677246,11.779999732971191,11.779999732971191,7400,0.0,0.0,2023-01-30
2671,2023-01-30 14:30:00-05:00,11.779999732971191,11.789999961853027,11.770000457763672,11.779999732971191,13792,0.0,0.0,2023-01-30
2672,2023-01-30 15:30:00-05:00,11.760000228881836,11.8100004196167,11.760000228881836,11.800000190734863,39028,0.0,0.0,2023-01-30
2673,2023-01-31 09:30:00-05:00,11.829999923706055,12.0,11.824999809265137,11.899999618530273,21074,0.0,0.0,2023-01-31
2674,2023-01-31 10:30:00-05:00,11.914999961853027,12.029999732971191,11.914999961853027,12.010000228881836,11991,0.0,0.0,2023-01-31
2675,2023-01-31 11:30:00-05:00,12.020000457763672,12.0600004196167,12.001899719238281,12.0600004196167,12960,0.0,0.0,2023-01-31
2676,2023-01-31 12:30:00-05:00,12.0600004196167,12.09000015258789,12.050000190734863,12.0600004196167,10220,0.0,0.0,2023-01-31
2677,2023-01-31 13:30:00-05:00,12.055000305175781,12.279999732971191,12.050000190734863,12.279999732971191,34604,0.0,0.0,2023-01-31
2678,2023-01-31 14:30:00-05:00,12.279999732971191,12.319999694824219,12.25,12.270000457763672,35247,0.0,0.0,2023-01-31
2679,2023-01-31 15:30:00-05:00,12.274999618530273,12.289999961853027,12.225000381469727,12.279999732971191,47755,0.0,0.0,2023-01-31
2680,2023-02-01 09:30:00-05:00,12.25,12.255000114440918,12.020000457763672,12.120200157165527,25588,0.0,0.0,2023-02-01
2681,2023-02-01 10:30:00-05:00,12.119999885559082,12.119999885559082,12.020000457763672,12.03499984741211,33212,0.0,0.0,2023-02-01
2682,2023-02-01 11:30:00-05:00,12.039999961853027,12.079999923706055,12.039999961853027,12.079999923706055,20708,0.0,0.0,2023-02-01
2683,2023-02-01 12:30:00-05:00,12.079999923706055,12.109999656677246,12.077500343322754,12.109999656677246,14711,0.0,0.0,2023-02-01
2684,2023-02-01 13:30:00-05:00,12.109999656677246,12.15999984741211,12.109999656677246,12.140000343322754,18173,0.0,0.0,2023-02-01
2685,2023-02-01 14:30:00-05:00,12.135000228881836,12.300000190734863,12.03499984741211,12.244999885559082,29467,0.0,0.0,2023-02-01
2686,2023-02-01 15:30:00-05:00,12.25,12.350000381469727,12.15999984741211,12.229999542236328,64331,0.0,0.0,2023-02-01
2687,2023-02-02 09:30:00-05:00,12.289999961853027,12.470000267028809,12.279999732971191,12.454999923706055,15244,0.0,0.0,2023-02-02
2688,2023-02-02 10:30:00-05:00,12.470000267028809,12.494999885559082,12.34000015258789,12.420000076293945,36972,0.0,0.0,2023-02-02
2689,2023-02-02 11:30:00-05:00,12.420000076293945,12.479999542236328,12.40999984741211,12.460000038146973,12012,0.0,0.0,2023-02-02
2690,2023-02-02 12:30:00-05:00,12.489999771118164,12.579999923706055,12.489999771118164,12.579999923706055,13239,0.0,0.0,2023-02-02
2691,2023-02-02 13:30:00-05:00,12.570099830627441,12.649700164794922,12.5600004196167,12.59000015258789,28204,0.0,0.0,2023-02-02
2692,2023-02-02 14:30:00-05:00,12.59000015258789,12.600000381469727,12.53499984741211,12.569999694824219,21848,0.0,0.0,2023-02-02
2693,2023-02-02 15:30:00-05:00,12.579999923706055,12.65999984741211,12.539999961853027,12.649999618530273,38835,0.0,0.0,2023-02-02
2694,2023-02-03 09:30:00-05:00,12.550000190734863,12.710000038146973,12.3100004196167,12.600000381469727,28031,0.0,0.0,2023-02-03
2695,2023-02-03 10:30:00-05:00,12.630000114440918,12.680000305175781,12.589099884033203,12.640000343322754,22941,0.0,0.0,2023-02-03
2696,2023-02-03 11:30:00-05:00,12.640000343322754,12.680000305175781,12.621199607849121,12.675000190734863,12378,0.0,0.0,2023-02-03
2697,2023-02-03 12:30:00-05:00,12.65999984741211,12.670000076293945,12.630000114440918,12.640000343322754,22840,0.0,0.0,2023-02-03
2698,2023-02-03 13:30:00-05:00,12.640000343322754,12.649999618530273,12.595000267028809,12.619999885559082,13526,0.0,0.0,2023-02-03
2699,2023-02-03 14:30:00-05:00,12.609999656677246,12.65999984741211,12.59000015258789,12.635000228881836,18620,0.0,0.0,2023-02-03
2700,2023-02-03 15:30:00-05:00,12.635000228881836,12.739999771118164,12.609999656677246,12.729999542236328,46893,0.0,0.0,2023-02-03
2701,2023-02-06 09:30:00-05:00,12.600000381469727,12.739999771118164,12.539999961853027,12.680000305175781,18610,0.0,0.0,2023-02-06
2702,2023-02-06 10:30:00-05:00,12.680000305175781,12.829999923706055,12.680000305175781,12.779999732971191,18059,0.0,0.0,2023-02-06
2703,2023-02-06 11:30:00-05:00,12.789999961853027,12.789999961853027,12.699999809265137,12.720000267028809,11711,0.0,0.0,2023-02-06
2704,2023-02-06 12:30:00-05:00,12.710000038146973,12.744999885559082,12.699999809265137,12.710399627685547,13390,0.0,0.0,2023-02-06
2705,2023-02-06 13:30:00-05:00,12.700699806213379,12.765000343322754,12.699999809265137,12.720000267028809,13847,0.0,0.0,2023-02-06
2706,2023-02-06 14:30:00-05:00,12.710000038146973,12.729999542236328,12.65999984741211,12.65999984741211,24485,0.0,0.0,2023-02-06
2707,2023-02-06 15:30:00-05:00,12.649999618530273,12.710000038146973,12.649999618530273,12.699999809265137,37105,0.0,0.0,2023-02-06
2708,2023-02-07 09:30:00-05:00,12.600000381469727,12.6899995803833,12.510000228881836,12.65999984741211,11714,0.0,0.0,2023-02-07
2709,2023-02-07 10:30:00-05:00,12.670000076293945,12.703200340270996,12.65999984741211,12.680000305175781,6773,0.0,0.0,2023-02-07
2710,2023-02-07 11:30:00-05:00,12.6899995803833,12.734999656677246,12.649999618530273,12.710000038146973,13606,0.0,0.0,2023-02-07
2711,2023-02-07 12:30:00-05:00,12.729999542236328,12.829999923706055,12.65999984741211,12.65999984741211,17691,0.0,0.0,2023-02-07
2712,2023-02-07 13:30:00-05:00,12.630000114440918,12.729999542236328,12.569999694824219,12.6899995803833,16653,0.0,0.0,2023-02-07
2713,2023-02-07 14:30:00-05:00,12.699999809265137,12.8100004196167,12.699999809265137,12.800000190734863,27915,0.0,0.0,2023-02-07
2714,2023-02-07 15:30:00-05:00,12.805000305175781,13.0,12.774999618530273,12.84000015258789,67907,0.0,0.0,2023-02-07
2715,2023-02-08 09:30:00-05:00,12.699999809265137,12.829999923706055,12.619999885559082,12.765000343322754,22719,0.0,0.0,2023-02-08
2716,2023-02-08 10:30:00-05:00,12.760000228881836,12.760000228881836,12.579999923706055,12.595000267028809,10315,0.0,0.0,2023-02-08
2717,2023-02-08 11:30:00-05:00,12.600000381469727,12.649999618530273,12.59000015258789,12.619999885559082,13366,0.0,0.0,2023-02-08
2718,2023-02-08 12:30:00-05:00,12.630000114440918,12.640000343322754,12.59000015258789,12.604999542236328,11273,0.0,0.0,2023-02-08
2719,2023-02-08 13:30:00-05:00,12.59000015258789,12.619999885559082,12.550000190734863,12.600000381469727,17153,0.0,0.0,2023-02-08
2720,2023-02-08 14:30:00-05:00,12.600000381469727,12.640000343322754,12.595000267028809,12.635000228881836,15023,0.0,0.0,2023-02-08
2721,2023-02-08 15:30:00-05:00,12.635000228881836,12.680000305175781,12.579999923706055,12.579999923706055,29617,0.0,0.0,2023-02-08
2722,2023-02-09 09:30:00-05:00,12.699999809265137,12.710000038146973,12.45009994506836,12.529999732971191,20675,0.0,0.0,2023-02-09
2723,2023-02-09 10:30:00-05:00,12.529999732971191,12.545000076293945,12.479999542236328,12.479999542236328,21062,0.0,0.0,2023-02-09
2724,2023-02-09 11:30:00-05:00,12.460000038146973,12.460000038146973,12.319999694824219,12.319999694824219,18615,0.0,0.0,2023-02-09
2725,2023-02-09 12:30:00-05:00,12.319999694824219,12.354999542236328,12.260000228881836,12.267499923706055,29694,0.0,0.0,2023-02-09
2726,2023-02-09 13:30:00-05:00,12.260000228881836,12.34000015258789,12.244999885559082,12.279999732971191,28540,0.0,0.0,2023-02-09
2727,2023-02-09 14:30:00-05:00,12.279999732971191,12.34000015258789,12.191100120544434,12.204999923706055,24065,0.0,0.0,2023-02-09
2728,2023-02-09 15:30:00-05:00,12.199999809265137,12.199999809265137,12.100000381469727,12.109999656677246,37939,0.0,0.0,2023-02-09
2729,2023-02-10 09:30:00-05:00,12.09000015258789,12.149999618530273,11.994999885559082,12.010000228881836,15589,0.0,0.0,2023-02-10
2730,2023-02-10 10:30:00-05:00,12.010000228881836,12.100000381469727,12.0,12.069999694824219,9392,0.0,0.0,2023-02-10
2731,2023-02-10 11:30:00-05:00,12.069999694824219,12.114999771118164,12.0600004196167,12.079999923706055,10836,0.0,0.0,2023-02-10
2732,2023-02-10 12:30:00-05:00,12.079999923706055,12.125,12.069999694824219,12.109999656677246,8956,0.0,0.0,2023-02-10
2733,2023-02-10 13:30:00-05:00,12.109999656677246,12.115300178527832,11.994999885559082,12.029999732971191,13386,0.0,0.0,2023-02-10
2734,2023-02-10 14:30:00-05:00,12.010000228881836,12.039999961853027,11.989999771118164,12.020000457763672,13404,0.0,0.0,2023-02-10
2735,2023-02-10 15:30:00-05:00,12.024999618530273,12.069999694824219,12.020000457763672,12.039999961853027,44542,0.0,0.0,2023-02-10
2736,2023-02-13 09:30:00-05:00,12.0600004196167,12.149999618530273,11.975000381469727,12.149999618530273,13558,0.0,0.0,2023-02-13
2737,2023-02-13 10:30:00-05:00,12.142800331115723,12.239999771118164,12.09000015258789,12.178199768066406,22020,0.0,0.0,2023-02-13
2738,2023-02-13 11:30:00-05:00,12.15999984741211,12.175000190734863,12.100000381469727,12.149999618530273,10340,0.0,0.0,2023-02-13
2739,2023-02-13 12:30:00-05:00,12.119999885559082,12.149999618530273,12.069999694824219,12.149999618530273,10694,0.0,0.0,2023-02-13
2740,2023-02-13 13:30:00-05:00,12.149999618530273,12.15999984741211,12.09000015258789,12.109999656677246,17516,0.0,0.0,2023-02-13
2741,2023-02-13 14:30:00-05:00,12.109999656677246,12.113300323486328,12.069999694824219,12.09000015258789,17793,0.0,0.0,2023-02-13
2742,2023-02-13 15:30:00-05:00,12.079999923706055,12.119999885559082,12.069999694824219,12.119999885559082,46330,0.0,0.0,2023-02-13
2743,2023-02-14 09:30:00-05:00,12.079999923706055,12.25,12.03499984741211,12.1899995803833,11583,0.0,0.0,2023-02-14
2744,2023-02-14 10:30:00-05:00,12.180000305175781,12.3100004196167,12.080100059509277,12.295000076293945,15910,0.0,0.0,2023-02-14
2745,2023-02-14 11:30:00-05:00,12.25,12.300000190734863,12.199999809265137,12.300000190734863,5443,0.0,0.0,2023-02-14
2746,2023-02-14 12:30:00-05:00,12.3100004196167,12.34000015258789,12.260000228881836,12.286499977111816,20480,0.0,0.0,2023-02-14
2747,2023-02-14 13:30:00-05:00,12.300000190734863,12.329999923706055,12.260000228881836,12.279999732971191,10464,0.0,0.0,2023-02-14
2748,2023-02-14 14:30:00-05:00,12.270000457763672,12.289999961853027,12.244999885559082,12.260000228881836,7258,0.0,0.0,2023-02-14
2749,2023-02-14 15:30:00-05:00,12.260000228881836,12.270000457763672,12.180000305175781,12.210000038146973,41914,0.0,0.0,2023-02-14
2750,2023-02-15 09:30:00-05:00,12.149999618530273,12.279999732971191,12.069999694824219,12.260000228881836,5342,0.0,0.0,2023-02-15
2751,2023-02-15 10:30:00-05:00,12.269000053405762,12.3100004196167,12.239999771118164,12.25,12672,0.0,0.0,2023-02-15
2752,2023-02-15 11:30:00-05:00,12.25,12.279999732971191,12.225000381469727,12.239999771118164,9486,0.0,0.0,2023-02-15
2753,2023-02-15 12:30:00-05:00,12.225000381469727,12.270000457763672,12.225000381469727,12.260000228881836,6838,0.0,0.0,2023-02-15
2754,2023-02-15 13:30:00-05:00,12.265000343322754,12.289999961853027,12.255000114440918,12.289999961853027,11091,0.0,0.0,2023-02-15
2755,2023-02-15 14:30:00-05:00,12.300000190734863,12.319999694824219,12.295000076293945,12.3100004196167,9271,0.0,0.0,2023-02-15
2756,2023-02-15 15:30:00-05:00,12.319999694824219,12.319999694824219,12.300000190734863,12.319999694824219,16010,0.0,0.0,2023-02-15
2757,2023-02-16 09:30:00-05:00,12.100000381469727,12.270000457763672,12.100000381469727,12.260000228881836,16156,0.0,0.0,2023-02-16
2758,2023-02-16 10:30:00-05:00,12.255000114440918,12.3100004196167,12.25,12.289999961853027,13302,0.0,0.0,2023-02-16
2759,2023-02-16 11:30:00-05:00,12.289999961853027,12.317500114440918,12.260100364685059,12.300000190734863,9677,0.0,0.0,2023-02-16
2760,2023-02-16 12:30:00-05:00,12.3100004196167,12.369999885559082,12.3100004196167,12.319999694824219,10234,0.0,0.0,2023-02-16
2761,2023-02-16 13:30:00-05:00,12.329999923706055,12.359999656677246,12.329999923706055,12.350000381469727,6817,0.0,0.0,2023-02-16
2762,2023-02-16 14:30:00-05:00,12.364999771118164,12.399999618530273,12.3100004196167,12.3100004196167,18300,0.0,0.0,2023-02-16
2763,2023-02-16 15:30:00-05:00,12.3100004196167,12.3100004196167,12.210000038146973,12.25,28043,0.0,0.0,2023-02-16
2764,2023-02-17 09:30:00-05:00,12.279999732971191,12.283699989318848,12.1899995803833,12.255000114440918,12101,0.0,0.0,2023-02-17
2765,2023-02-17 10:30:00-05:00,12.25,12.25,12.130000114440918,12.130000114440918,13740,0.0,0.0,2023-02-17
2766,2023-02-17 11:30:00-05:00,12.140000343322754,12.1899995803833,12.130000114440918,12.130000114440918,11244,0.0,0.0,2023-02-17
2767,2023-02-17 12:30:00-05:00,12.140000343322754,12.140000343322754,12.079999923706055,12.09000015258789,7754,0.0,0.0,2023-02-17
2768,2023-02-17 13:30:00-05:00,12.079999923706055,12.109999656677246,12.069999694824219,12.109999656677246,10008,0.0,0.0,2023-02-17
2769,2023-02-17 14:30:00-05:00,12.140000343322754,12.179900169372559,12.135000228881836,12.170000076293945,9730,0.0,0.0,2023-02-17
2770,2023-02-17 15:30:00-05:00,12.170000076293945,12.229999542236328,12.170000076293945,12.1899995803833,18947,0.0,0.0,2023-02-17
2771,2023-02-21 09:30:00-05:00,11.989999771118164,12.15999984741211,11.989999771118164,12.140899658203125,9243,0.0,0.0,2023-02-21
2772,2023-02-21 10:30:00-05:00,12.119999885559082,12.154999732971191,12.100000381469727,12.119999885559082,8438,0.0,0.0,2023-02-21
2773,2023-02-21 11:30:00-05:00,12.119999885559082,12.119999885559082,12.039999961853027,12.039999961853027,5656,0.0,0.0,2023-02-21
2774,2023-02-21 12:30:00-05:00,12.039999961853027,12.11240005493164,12.029999732971191,12.0600004196167,9977,0.0,0.0,2023-02-21
2775,2023-02-21 13:30:00-05:00,12.0600004196167,12.079999923706055,12.010000228881836,12.050000190734863,9843,0.0,0.0,2023-02-21
2776,2023-02-21 14:30:00-05:00,12.069999694824219,12.069999694824219,12.020000457763672,12.039999961853027,9955,0.0,0.0,2023-02-21
2777,2023-02-21 15:30:00-05:00,12.0600004196167,12.0600004196167,12.0,12.020000457763672,25964,0.0,0.0,2023-02-21
2778,2023-02-22 09:30:00-05:00,12.050000190734863,12.220000267028809,12.0,12.180000305175781,13087,0.0,0.0,2023-02-22
2779,2023-02-22 10:30:00-05:00,12.15999984741211,12.164999961853027,12.100000381469727,12.130000114440918,7865,0.0,0.0,2023-02-22
2780,2023-02-22 11:30:00-05:00,12.140000343322754,12.154999732971191,12.130000114440918,12.130000114440918,5933,0.0,0.0,2023-02-22
2781,2023-02-22 12:30:00-05:00,12.149999618530273,12.149999618530273,12.079999923706055,12.109999656677246,7705,0.0,0.0,2023-02-22
2782,2023-02-22 13:30:00-05:00,12.100000381469727,12.154999732971191,12.100000381469727,12.149999618530273,15156,0.0,0.0,2023-02-22
2783,2023-02-22 14:30:00-05:00,12.147500038146973,12.164999961853027,12.119999885559082,12.15999984741211,18673,0.0,0.0,2023-02-22
2784,2023-02-22 15:30:00-05:00,12.170000076293945,12.210000038146973,12.140000343322754,12.210000038146973,28518,0.0,0.0,2023-02-22
2785,2023-02-23 09:30:00-05:00,12.25,12.350000381469727,12.1899995803833,12.225000381469727,18958,0.0,0.0,2023-02-23
2786,2023-02-23 10:30:00-05:00,12.1899995803833,12.1899995803833,12.039999961853027,12.039999961853027,13641,0.0,0.0,2023-02-23
2787,2023-02-23 11:30:00-05:00,12.039999961853027,12.039999961853027,11.979999542236328,12.0,9864,0.0,0.0,2023-02-23
2788,2023-02-23 12:30:00-05:00,12.020000457763672,12.020000457763672,11.989999771118164,12.0,11991,0.0,0.0,2023-02-23
2789,2023-02-23 13:30:00-05:00,12.0,12.0649995803833,11.994999885559082,12.029999732971191,9923,0.0,0.0,2023-02-23
2790,2023-02-23 14:30:00-05:00,12.041199684143066,12.059900283813477,12.011799812316895,12.050000190734863,12386,0.0,0.0,2023-02-23
2791,2023-02-23 15:30:00-05:00,12.050800323486328,12.050800323486328,12.0,12.0,19056,0.0,0.0,2023-02-23
2792,2023-02-24 09:30:00-05:00,11.869999885559082,12.03499984741211,11.869999885559082,12.0,12190,0.0,0.0,2023-02-24
2793,2023-02-24 10:30:00-05:00,12.010000228881836,12.03499984741211,12.0,12.021900177001953,11743,0.0,0.0,2023-02-24
2794,2023-02-24 11:30:00-05:00,12.020000457763672,12.020000457763672,11.989999771118164,12.0,20070,0.0,0.0,2023-02-24
2795,2023-02-24 12:30:00-05:00,12.0,12.0,11.899999618530273,11.920000076293945,9453,0.0,0.0,2023-02-24
2796,2023-02-24 13:30:00-05:00,11.930000305175781,11.930000305175781,11.90999984741211,11.930000305175781,10718,0.0,0.0,2023-02-24
2797,2023-02-24 14:30:00-05:00,11.920000076293945,11.979999542236328,11.899999618530273,11.979999542236328,14946,0.0,0.0,2023-02-24
2798,2023-02-24 15:30:00-05:00,11.975000381469727,12.0,11.949999809265137,11.979999542236328,42902,0.0,0.0,2023-02-24
2799,2023-02-27 09:30:00-05:00,12.079999923706055,12.100000381469727,12.050000190734863,12.069999694824219,3641,0.0,0.0,2023-02-27
2800,2023-02-27 10:30:00-05:00,12.069999694824219,12.09000015258789,12.039999961853027,12.079999923706055,9067,0.0,0.0,2023-02-27
2801,2023-02-27 11:30:00-05:00,12.050000190734863,12.050000190734863,12.0,12.0,5546,0.0,0.0,2023-02-27
2802,2023-02-27 12:30:00-05:00,12.0,12.010000228881836,11.960000038146973,11.970000267028809,6848,0.0,0.0,2023-02-27
2803,2023-02-27 13:30:00-05:00,11.970000267028809,12.0,11.949999809265137,12.0,9267,0.0,0.0,2023-02-27
2804,2023-02-27 14:30:00-05:00,12.010000228881836,12.010000228881836,11.9399995803833,11.949999809265137,10333,0.0,0.0,2023-02-27
2805,2023-02-27 15:30:00-05:00,11.949999809265137,12.020000457763672,11.9399995803833,12.010000228881836,27822,0.0,0.0,2023-02-27
2806,2023-02-28 09:30:00-05:00,12.020000457763672,12.13539981842041,11.989999771118164,12.041299819946289,11113,0.0,0.0,2023-02-28
2807,2023-02-28 10:30:00-05:00,12.039999961853027,12.050000190734863,11.994999885559082,12.050000190734863,9483,0.0,0.0,2023-02-28
2808,2023-02-28 11:30:00-05:00,12.050000190734863,12.055000305175781,12.0,12.010000228881836,7852,0.0,0.0,2023-02-28
2809,2023-02-28 12:30:00-05:00,12.0,12.029999732971191,12.0,12.020000457763672,6707,0.0,0.0,2023-02-28
2810,2023-02-28 13:30:00-05:00,12.010000228881836,12.020000457763672,11.994999885559082,12.005000114440918,7540,0.0,0.0,2023-02-28
2811,2023-02-28 14:30:00-05:00,12.0,12.024999618530273,11.994999885559082,12.0,11803,0.0,0.0,2023-02-28
2812,2023-02-28 15:30:00-05:00,12.0,12.010000228881836,11.960000038146973,11.970000267028809,48362,0.0,0.0,2023-02-28
2813,2023-03-01 09:30:00-05:00,11.9399995803833,12.109999656677246,11.890000343322754,12.020000457763672,11578,0.0,0.0,2023-03-01
2814,2023-03-01 10:30:00-05:00,12.010000228881836,12.029999732971191,11.914999961853027,11.9399995803833,14512,0.0,0.0,2023-03-01
2815,2023-03-01 11:30:00-05:00,11.949999809265137,12.015000343322754,11.949999809265137,12.0,9777,0.0,0.0,2023-03-01
2816,2023-03-01 12:30:00-05:00,11.989999771118164,12.039999961853027,11.989999771118164,12.020000457763672,6899,0.0,0.0,2023-03-01
2817,2023-03-01 13:30:00-05:00,12.020000457763672,12.03499984741211,11.989999771118164,11.989999771118164,9127,0.0,0.0,2023-03-01
2818,2023-03-01 14:30:00-05:00,11.994999885559082,12.039999961853027,11.994999885559082,12.015000343322754,14969,0.0,0.0,2023-03-01
2819,2023-03-01 15:30:00-05:00,12.020000457763672,12.045000076293945,12.0,12.020000457763672,25788,0.0,0.0,2023-03-01
2820,2023-03-02 09:30:00-05:00,11.899999618530273,12.114999771118164,11.899999618530273,12.09000015258789,9022,0.0,0.0,2023-03-02
2821,2023-03-02 10:30:00-05:00,12.100000381469727,12.149999618530273,12.100000381469727,12.149999618530273,8937,0.0,0.0,2023-03-02
2822,2023-03-02 11:30:00-05:00,12.140000343322754,12.180000305175781,12.100000381469727,12.140000343322754,16312,0.0,0.0,2023-03-02
2823,2023-03-02 12:30:00-05:00,12.170000076293945,12.1899995803833,12.130000114440918,12.130000114440918,7653,0.0,0.0,2023-03-02
2824,2023-03-02 13:30:00-05:00,12.15999984741211,12.25,12.15999984741211,12.25,11363,0.0,0.0,2023-03-02
2825,2023-03-02 14:30:00-05:00,12.239999771118164,12.239999771118164,12.170000076293945,12.170000076293945,9825,0.0,0.0,2023-03-02
2826,2023-03-02 15:30:00-05:00,12.180000305175781,12.194999694824219,12.149999618530273,12.15999984741211,22732,0.0,0.0,2023-03-02
2827,2023-03-03 09:30:00-05:00,12.220000267028809,12.220000267028809,12.100000381469727,12.15999984741211,9625,0.0,0.0,2023-03-03
2828,2023-03-03 10:30:00-05:00,12.15999984741211,12.1850004196167,12.09000015258789,12.1850004196167,9411,0.0,0.0,2023-03-03
2829,2023-03-03 11:30:00-05:00,12.1899995803833,12.25,12.180000305175781,12.25,9541,0.0,0.0,2023-03-03
2830,2023-03-03 12:30:00-05:00,12.239999771118164,12.260000228881836,12.210000038146973,12.25,11535,0.0,0.0,2023-03-03
2831,2023-03-03 13:30:00-05:00,12.239999771118164,12.239999771118164,12.210000038146973,12.220000267028809,8128,0.0,0.0,2023-03-03
2832,2023-03-03 14:30:00-05:00,12.225000381469727,12.225000381469727,12.1899995803833,12.1899995803833,8201,0.0,0.0,2023-03-03
2833,2023-03-03 15:30:00-05:00,12.180000305175781,12.1899995803833,12.140000343322754,12.15999984741211,25630,0.0,0.0,2023-03-03
2834,2023-03-06 09:30:00-05:00,12.180000305175781,12.289999961853027,12.0649995803833,12.069999694824219,12303,0.0,0.0,2023-03-06
2835,2023-03-06 10:30:00-05:00,12.039999961853027,12.0600004196167,11.989999771118164,12.010000228881836,17889,0.0,0.0,2023-03-06
2836,2023-03-06 11:30:00-05:00,12.005000114440918,12.015000343322754,11.994999885559082,12.010000228881836,18943,0.0,0.0,2023-03-06
2837,2023-03-06 12:30:00-05:00,12.0,12.024999618530273,11.989999771118164,12.0,12618,0.0,0.0,2023-03-06
2838,2023-03-06 13:30:00-05:00,12.0,12.0,11.960000038146973,12.0,48075,0.0,0.0,2023-03-06
2839,2023-03-06 14:30:00-05:00,11.994999885559082,12.0,11.75,11.789999961853027,37527,0.0,0.0,2023-03-06
2840,2023-03-06 15:30:00-05:00,11.770000457763672,11.850000381469727,11.770000457763672,11.84000015258789,38940,0.0,0.0,2023-03-06
2841,2023-03-07 09:30:00-05:00,11.829999923706055,11.979999542236328,11.829999923706055,11.880000114440918,16659,0.0,0.0,2023-03-07
2842,2023-03-07 10:30:00-05:00,11.885000228881836,11.890000343322754,11.789999961853027,11.869999885559082,27944,0.0,0.0,2023-03-07
2843,2023-03-07 11:30:00-05:00,11.870499610900879,11.930000305175781,11.869999885559082,11.875,21337,0.0,0.0,2023-03-07
2844,2023-03-07 12:30:00-05:00,11.859999656677246,11.864999771118164,11.800999641418457,11.819999694824219,9976,0.0,0.0,2023-03-07
2845,2023-03-07 13:30:00-05:00,11.8100004196167,11.8100004196167,11.75,11.760000228881836,15548,0.0,0.0,2023-03-07
2846,2023-03-07 14:30:00-05:00,11.75,11.774999618530273,11.720000267028809,11.729999542236328,15390,0.0,0.0,2023-03-07
2847,2023-03-07 15:30:00-05:00,11.729999542236328,11.800999641418457,11.71500015258789,11.75,59936,0.0,0.0,2023-03-07
2848,2023-03-08 09:30:00-05:00,11.770000457763672,11.960000038146973,11.649999618530273,11.942099571228027,21399,0.0,0.0,2023-03-08
2849,2023-03-08 10:30:00-05:00,11.930000305175781,11.989999771118164,11.890000343322754,11.960000038146973,14480,0.0,0.0,2023-03-08
2850,2023-03-08 11:30:00-05:00,11.960000038146973,12.0,11.920000076293945,11.930000305175781,15174,0.0,0.0,2023-03-08
2851,2023-03-08 12:30:00-05:00,11.930000305175781,11.960000038146973,11.899999618530273,11.9399995803833,14187,0.0,0.0,2023-03-08
2852,2023-03-08 13:30:00-05:00,11.960000038146973,12.0,11.960000038146973,12.0,11624,0.0,0.0,2023-03-08
2853,2023-03-08 14:30:00-05:00,12.029999732971191,12.029999732971191,12.0,12.015000343322754,6648,0.0,0.0,2023-03-08
2854,2023-03-08 15:30:00-05:00,12.020000457763672,12.069899559020996,12.020000457763672,12.055000305175781,28742,0.0,0.0,2023-03-08
2855,2023-03-09 09:30:00-05:00,12.0,12.168000221252441,11.979999542236328,12.001999855041504,15879,0.0,0.0,2023-03-09
2856,2023-03-09 10:30:00-05:00,12.0,12.069999694824219,11.961000442504883,12.069999694824219,15769,0.0,0.0,2023-03-09
2857,2023-03-09 11:30:00-05:00,12.069999694824219,12.079999923706055,12.010000228881836,12.029999732971191,9211,0.0,0.0,2023-03-09
2858,2023-03-09 12:30:00-05:00,12.031999588012695,12.031999588012695,11.930000305175781,11.930000305175781,14796,0.0,0.0,2023-03-09
2859,2023-03-09 13:30:00-05:00,11.930000305175781,11.930000305175781,11.850000381469727,11.90999984741211,17549,0.0,0.0,2023-03-09
2860,2023-03-09 14:30:00-05:00,11.90999984741211,11.930000305175781,11.795000076293945,11.845499992370605,22238,0.0,0.0,2023-03-09
2861,2023-03-09 15:30:00-05:00,11.824999809265137,11.859999656677246,11.720000267028809,11.75,44437,0.0,0.0,2023-03-09
2862,2023-03-10 09:30:00-05:00,11.529999732971191,11.649999618530273,10.640000343322754,10.699999809265137,64084,0.0,0.0,2023-03-10
2863,2023-03-10 10:30:00-05:00,10.680000305175781,10.899999618530273,10.59000015258789,10.8100004196167,46093,0.0,0.0,2023-03-10
2864,2023-03-10 11:30:00-05:00,10.800000190734863,10.960000038146973,10.680000305175781,10.699999809265137,30519,0.0,0.0,2023-03-10
2865,2023-03-10 12:30:00-05:00,10.6899995803833,10.75,10.59000015258789,10.59000015258789,22477,0.0,0.0,2023-03-10
2866,2023-03-10 13:30:00-05:00,10.569999694824219,10.569999694824219,10.4399995803833,10.515000343322754,24616,0.0,0.0,2023-03-10
2867,2023-03-10 14:30:00-05:00,10.520000457763672,10.920000076293945,10.520000457763672,10.779999732971191,98211,0.0,0.0,2023-03-10
2868,2023-03-10 15:30:00-05:00,10.774999618530273,10.8100004196167,10.720000267028809,10.8100004196167,43198,0.0,0.0,2023-03-10
2869,2023-03-13 09:30:00-04:00,10.510000228881836,10.970000267028809,10.510000228881836,10.859999656677246,0,0.0,0.0,2023-03-13
2870,2023-03-13 10:30:00-04:00,10.869999885559082,11.020000457763672,10.829999923706055,10.9399995803833,30512,0.0,0.0,2023-03-13
2871,2023-03-13 11:30:00-04:00,10.979999542236328,11.0,10.885000228881836,10.920000076293945,22163,0.0,0.0,2023-03-13
2872,2023-03-13 12:30:00-04:00,10.979999542236328,10.979999542236328,10.829999923706055,10.890000343322754,21858,0.0,0.0,2023-03-13
2873,2023-03-13 13:30:00-04:00,10.880000114440918,11.069999694824219,10.880000114440918,11.050000190734863,34909,0.0,0.0,2023-03-13
2874,2023-03-13 14:30:00-04:00,11.050000190734863,11.079999923706055,10.960000038146973,11.029999732971191,39192,0.0,0.0,2023-03-13
2875,2023-03-13 15:30:00-04:00,11.015000343322754,11.050000190734863,11.015000343322754,11.029999732971191,49854,0.0,0.0,2023-03-13
2876,2023-03-14 09:30:00-04:00,11.350000381469727,11.430000305175781,11.100000381469727,11.125,38986,0.0,0.0,2023-03-14
2877,2023-03-14 10:30:00-04:00,11.154999732971191,11.210000038146973,11.079999923706055,11.199999809265137,24264,0.0,0.0,2023-03-14
2878,2023-03-14 11:30:00-04:00,11.239999771118164,11.270099639892578,11.194999694824219,11.25,18040,0.0,0.0,2023-03-14
2879,2023-03-14 12:30:00-04:00,11.270000457763672,11.295000076293945,11.140000343322754,11.140000343322754,21457,0.0,0.0,2023-03-14
2880,2023-03-14 13:30:00-04:00,11.149999618530273,11.1899995803833,11.050000190734863,11.100000381469727,21048,0.0,0.0,2023-03-14
2881,2023-03-14 14:30:00-04:00,11.09000015258789,11.15999984741211,11.010000228881836,11.069999694824219,26438,0.0,0.0,2023-03-14
2882,2023-03-14 15:30:00-04:00,11.069999694824219,11.239999771118164,11.0600004196167,11.234999656677246,44232,0.0,0.0,2023-03-14
2883,2023-03-15 09:30:00-04:00,10.979999542236328,11.0600004196167,10.550000190734863,10.979999542236328,15833,0.0,0.0,2023-03-15
2884,2023-03-15 10:30:00-04:00,11.020000457763672,11.055000305175781,10.944999694824219,11.029999732971191,14883,0.0,0.0,2023-03-15
2885,2023-03-15 11:30:00-04:00,10.989999771118164,11.020000457763672,10.9399995803833,10.954999923706055,12360,0.0,0.0,2023-03-15
2886,2023-03-15 12:30:00-04:00,10.960000038146973,11.050000190734863,10.930000305175781,11.050000190734863,18145,0.0,0.0,2023-03-15
2887,2023-03-15 13:30:00-04:00,11.029999732971191,11.210000038146973,11.010000228881836,11.199999809265137,22288,0.0,0.0,2023-03-15
2888,2023-03-15 14:30:00-04:00,11.210000038146973,11.210000038146973,11.135000228881836,11.170000076293945,18589,0.0,0.0,2023-03-15
2889,2023-03-15 15:30:00-04:00,11.170000076293945,11.199999809265137,11.109999656677246,11.1899995803833,38137,0.0,0.0,2023-03-15
2890,2023-03-16 09:30:00-04:00,11.029999732971191,11.140000343322754,11.0,11.0,17575,0.0,0.0,2023-03-16
2891,2023-03-16 10:30:00-04:00,11.029999732971191,11.239999771118164,11.029999732971191,11.180000305175781,23001,0.0,0.0,2023-03-16
2892,2023-03-16 11:30:00-04:00,11.170000076293945,11.270000457763672,11.15999984741211,11.220000267028809,15398,0.0,0.0,2023-03-16
2893,2023-03-16 12:30:00-04:00,11.210000038146973,11.244999885559082,11.170000076293945,11.199999809265137,18028,0.0,0.0,2023-03-16
2894,2023-03-16 13:30:00-04:00,11.210000038146973,11.210000038146973,11.09000015258789,11.109999656677246,18146,0.0,0.0,2023-03-16
2895,2023-03-16 14:30:00-04:00,11.100000381469727,11.147500038146973,11.09000015258789,11.130000114440918,22446,0.0,0.0,2023-03-16
2896,2023-03-16 15:30:00-04:00,11.130000114440918,11.130000114440918,11.039999961853027,11.0600004196167,44837,0.0,0.0,2023-03-16
2897,2023-03-17 09:30:00-04:00,10.949999809265137,11.130000114440918,10.770000457763672,11.09000015258789,51519,0.0,0.0,2023-03-17
2898,2023-03-17 10:30:00-04:00,11.109999656677246,11.109999656677246,11.0,11.024999618530273,16976,0.0,0.0,2023-03-17
2899,2023-03-17 11:30:00-04:00,11.029999732971191,11.039999961853027,10.949999809265137,11.020000457763672,22431,0.0,0.0,2023-03-17
2900,2023-03-17 12:30:00-04:00,11.050000190734863,11.050000190734863,10.989999771118164,10.989999771118164,15846,0.0,0.0,2023-03-17
2901,2023-03-17 13:30:00-04:00,10.989999771118164,11.0,10.90999984741211,10.920000076293945,16530,0.0,0.0,2023-03-17
2902,2023-03-17 14:30:00-04:00,10.930000305175781,11.010000228881836,10.90999984741211,11.0,28125,0.0,0.0,2023-03-17
2903,2023-03-17 15:30:00-04:00,10.989999771118164,10.989999771118164,10.90999984741211,10.9399995803833,46779,0.0,0.0,2023-03-17
2904,2023-03-20 09:30:00-04:00,10.970000267028809,11.270000457763672,10.970000267028809,11.09000015258789,57096,0.0,0.0,2023-03-20
2905,2023-03-20 10:30:00-04:00,11.095000267028809,11.170000076293945,11.095000267028809,11.164999961853027,20675,0.0,0.0,2023-03-20
2906,2023-03-20 11:30:00-04:00,11.15999984741211,11.15999984741211,11.095000267028809,11.130000114440918,18961,0.0,0.0,2023-03-20
2907,2023-03-20 12:30:00-04:00,11.125,11.175000190734863,11.119999885559082,11.119999885559082,13735,0.0,0.0,2023-03-20
2908,2023-03-20 13:30:00-04:00,11.119999885559082,11.135000228881836,11.03499984741211,11.069999694824219,26839,0.0,0.0,2023-03-20
2909,2023-03-20 14:30:00-04:00,11.0600004196167,11.079999923706055,11.039999961853027,11.079999923706055,20721,0.0,0.0,2023-03-20
2910,2023-03-20 15:30:00-04:00,11.079999923706055,11.095000267028809,11.039999961853027,11.069999694824219,38107,0.0,0.0,2023-03-20
2911,2023-03-21 09:30:00-04:00,11.239999771118164,11.369999885559082,11.100000381469727,11.21500015258789,21759,0.0,0.0,2023-03-21
2912,2023-03-21 10:30:00-04:00,11.229999542236328,11.229999542236328,11.135000228881836,11.180000305175781,16827,0.0,0.0,2023-03-21
2913,2023-03-21 11:30:00-04:00,11.180000305175781,11.1899995803833,11.130000114440918,11.17020034790039,15106,0.0,0.0,2023-03-21
2914,2023-03-21 12:30:00-04:00,11.170000076293945,11.170000076293945,11.119999885559082,11.130000114440918,9488,0.0,0.0,2023-03-21
2915,2023-03-21 13:30:00-04:00,11.130000114440918,11.130000114440918,11.100000381469727,11.104999542236328,9732,0.0,0.0,2023-03-21
2916,2023-03-21 14:30:00-04:00,11.119999885559082,11.130000114440918,11.079999923706055,11.085000038146973,14053,0.0,0.0,2023-03-21
2917,2023-03-21 15:30:00-04:00,11.085000038146973,11.085000038146973,11.0,11.039999961853027,32958,0.0,0.0,2023-03-21
2918,2023-03-22 09:30:00-04:00,11.020000457763672,11.09000015258789,10.989999771118164,11.039999961853027,15926,0.0,0.0,2023-03-22
2919,2023-03-22 10:30:00-04:00,11.029999732971191,11.130000114440918,11.005000114440918,11.069999694824219,17064,0.0,0.0,2023-03-22
2920,2023-03-22 11:30:00-04:00,11.069999694824219,11.140000343322754,11.0600004196167,11.128000259399414,19311,0.0,0.0,2023-03-22
2921,2023-03-22 12:30:00-04:00,11.140000343322754,11.170000076293945,11.09000015258789,11.119999885559082,14727,0.0,0.0,2023-03-22
2922,2023-03-22 13:30:00-04:00,11.140000343322754,11.1899995803833,11.09000015258789,11.149999618530273,22171,0.0,0.0,2023-03-22
2923,2023-03-22 14:30:00-04:00,11.149999618530273,11.210000038146973,11.020000457763672,11.119999885559082,35613,0.0,0.0,2023-03-22
2924,2023-03-22 15:30:00-04:00,11.109999656677246,11.109999656677246,10.880000114440918,10.890000343322754,77392,0.0,0.0,2023-03-22
2925,2023-03-23 09:30:00-04:00,10.930000305175781,11.079999923706055,10.930000305175781,10.949999809265137,14551,0.0,0.0,2023-03-23
2926,2023-03-23 10:30:00-04:00,10.90999984741211,10.960000038146973,10.890000343322754,10.890000343322754,16711,0.0,0.0,2023-03-23
2927,2023-03-23 11:30:00-04:00,10.880000114440918,10.899999618530273,10.850000381469727,10.868200302124023,9925,0.0,0.0,2023-03-23
2928,2023-03-23 12:30:00-04:00,10.859999656677246,10.859999656677246,10.729999542236328,10.739999771118164,10552,0.0,0.0,2023-03-23
2929,2023-03-23 13:30:00-04:00,10.729999542236328,10.729999542236328,10.619999885559082,10.630000114440918,13997,0.0,0.0,2023-03-23
2930,2023-03-23 14:30:00-04:00,10.640000343322754,10.670000076293945,10.5600004196167,10.588000297546387,35939,0.0,0.0,2023-03-23
2931,2023-03-23 15:30:00-04:00,10.579999923706055,10.680000305175781,10.574999809265137,10.619999885559082,52930,0.0,0.0,2023-03-23
2932,2023-03-24 09:30:00-04:00,10.539999961853027,10.569999694824219,10.475000381469727,10.529999732971191,21029,0.0,0.0,2023-03-24
2933,2023-03-24 10:30:00-04:00,10.550000190734863,10.550000190734863,10.4399995803833,10.460000038146973,12242,0.0,0.0,2023-03-24
2934,2023-03-24 11:30:00-04:00,10.460000038146973,10.520000457763672,10.430000305175781,10.430000305175781,10090,0.0,0.0,2023-03-24
2935,2023-03-24 12:30:00-04:00,10.4399995803833,10.510000228881836,10.4399995803833,10.489999771118164,11345,0.0,0.0,2023-03-24
2936,2023-03-24 13:30:00-04:00,10.489999771118164,10.5,10.444999694824219,10.460000038146973,8616,0.0,0.0,2023-03-24
2937,2023-03-24 14:30:00-04:00,10.470000267028809,10.470000267028809,10.444999694824219,10.460000038146973,14259,0.0,0.0,2023-03-24
2938,2023-03-24 15:30:00-04:00,10.460000038146973,10.479999542236328,10.420000076293945,10.460000038146973,28469,0.0,0.0,2023-03-24
2939,2023-03-27 09:30:00-04:00,10.579999923706055,10.579999923706055,10.460000038146973,10.5,16514,0.0,0.0,2023-03-27
2940,2023-03-27 10:30:00-04:00,10.5,10.529199600219727,10.460000038146973,10.520000457763672,14836,0.0,0.0,2023-03-27
2941,2023-03-27 11:30:00-04:00,10.510000228881836,10.510000228881836,10.430000305175781,10.46500015258789,12426,0.0,0.0,2023-03-27
2942,2023-03-27 12:30:00-04:00,10.460000038146973,10.479999542236328,10.430000305175781,10.460000038146973,57631,0.0,0.0,2023-03-27
2943,2023-03-27 13:30:00-04:00,10.470000267028809,10.505000114440918,10.454999923706055,10.479999542236328,21353,0.0,0.0,2023-03-27
2944,2023-03-27 14:30:00-04:00,10.489999771118164,10.529999732971191,10.46500015258789,10.494999885559082,62801,0.0,0.0,2023-03-27
2945,2023-03-27 15:30:00-04:00,10.5,10.510000228881836,10.420000076293945,10.510000228881836,73807,0.0,0.0,2023-03-27
2946,2023-03-28 09:30:00-04:00,10.470000267028809,10.614999771118164,10.4350004196167,10.595000267028809,23615,0.0,0.0,2023-03-28
2947,2023-03-28 10:30:00-04:00,10.595000267028809,10.595000267028809,10.520099639892578,10.550000190734863,23134,0.0,0.0,2023-03-28
2948,2023-03-28 11:30:00-04:00,10.5600004196167,10.59000015258789,10.475000381469727,10.569999694824219,61336,0.0,0.0,2023-03-28
2949,2023-03-28 12:30:00-04:00,10.569999694824219,10.569999694824219,10.40999984741211,10.40999984741211,66959,0.0,0.0,2023-03-28
2950,2023-03-28 13:30:00-04:00,10.399999618530273,10.430000305175781,10.329999923706055,10.390000343322754,33967,0.0,0.0,2023-03-28
2951,2023-03-28 14:30:00-04:00,10.369999885559082,10.40999984741211,10.324999809265137,10.329999923706055,33558,0.0,0.0,2023-03-28
2952,2023-03-28 15:30:00-04:00,10.329999923706055,10.345000267028809,10.274999618530273,10.300000190734863,84939,0.0,0.0,2023-03-28
2953,2023-03-29 09:30:00-04:00,9.149999618530273,9.239999771118164,8.760000228881836,8.9399995803833,810081,0.0,0.0,2023-03-29
2954,2023-03-29 10:30:00-04:00,8.930000305175781,8.9350004196167,8.539999961853027,8.630000114440918,662345,0.0,0.0,2023-03-29
2955,2023-03-29 11:30:00-04:00,8.630800247192383,8.789999961853027,8.630000114440918,8.670000076293945,218753,0.0,0.0,2023-03-29
2956,2023-03-29 12:30:00-04:00,8.65999984741211,9.109999656677246,8.609999656677246,9.055000305175781,529012,0.0,0.0,2023-03-29
2957,2023-03-29 13:30:00-04:00,9.055000305175781,9.300000190734863,8.869999885559082,9.140000343322754,486216,0.0,0.0,2023-03-29
2958,2023-03-29 14:30:00-04:00,9.149900436401367,9.510000228881836,9.0,9.449999809265137,495758,0.0,0.0,2023-03-29
2959,2023-03-29 15:30:00-04:00,9.449999809265137,9.880000114440918,9.300000190734863,9.6899995803833,631058,0.0,0.0,2023-03-29
2960,2023-03-30 09:30:00-04:00,9.680000305175781,9.850000381469727,9.210000038146973,9.239999771118164,583615,0.0,0.0,2023-03-30
2961,2023-03-30 10:30:00-04:00,9.244999885559082,9.5,9.210000038146973,9.380000114440918,96898,0.0,0.0,2023-03-30
2962,2023-03-30 11:30:00-04:00,9.369999885559082,9.449999809265137,9.329999923706055,9.380000114440918,71013,0.0,0.0,2023-03-30
2963,2023-03-30 12:30:00-04:00,9.359999656677246,9.4399995803833,9.210000038146973,9.229900360107422,192110,0.0,0.0,2023-03-30
2964,2023-03-30 13:30:00-04:00,9.210000038146973,9.430000305175781,9.1850004196167,9.34000015258789,114359,0.0,0.0,2023-03-30
2965,2023-03-30 14:30:00-04:00,9.34000015258789,9.34000015258789,9.140000343322754,9.220000267028809,191876,0.0,0.0,2023-03-30
2966,2023-03-30 15:30:00-04:00,9.220000267028809,9.25,9.175000190734863,9.210000038146973,142397,0.0,0.0,2023-03-30
2967,2023-03-31 09:30:00-04:00,9.25,9.460000038146973,9.25,9.428000450134277,63861,0.0,0.0,2023-03-31
2968,2023-03-31 10:30:00-04:00,9.380000114440918,9.5,9.364999771118164,9.489999771118164,54895,0.0,0.0,2023-03-31
2969,2023-03-31 11:30:00-04:00,9.482500076293945,9.609999656677246,9.449999809265137,9.569999694824219,84144,0.0,0.0,2023-03-31
2970,2023-03-31 12:30:00-04:00,9.5600004196167,9.5600004196167,9.515000343322754,9.524999618530273,37100,0.0,0.0,2023-03-31
2971,2023-03-31 13:30:00-04:00,9.529999732971191,9.539999961853027,9.449999809265137,9.470000267028809,36204,0.0,0.0,2023-03-31
2972,2023-03-31 14:30:00-04:00,9.479999542236328,9.508099555969238,9.460000038146973,9.494999885559082,51081,0.0,0.0,2023-03-31
2973,2023-03-31 15:30:00-04:00,9.5,9.619999885559082,9.470000267028809,9.600000381469727,166757,0.0,0.0,2023-03-31
2974,2023-04-03 09:30:00-04:00,9.699999809265137,9.699999809265137,9.460000038146973,9.539999961853027,42311,0.0,0.0,2023-04-03
2975,2023-04-03 10:30:00-04:00,9.529999732971191,9.550000190734863,9.329999923706055,9.369999885559082,65857,0.0,0.0,2023-04-03
2976,2023-04-03 11:30:00-04:00,9.369999885559082,9.430000305175781,9.369999885559082,9.420000076293945,37238,0.0,0.0,2023-04-03
2977,2023-04-03 12:30:00-04:00,9.40999984741211,9.40999984741211,9.34000015258789,9.355600357055664,33986,0.0,0.0,2023-04-03
2978,2023-04-03 13:30:00-04:00,9.359999656677246,9.390000343322754,9.3100004196167,9.369999885559082,42133,0.0,0.0,2023-04-03
2979,2023-04-03 14:30:00-04:00,9.369999885559082,9.369999885559082,9.274999618530273,9.335000038146973,120766,0.0,0.0,2023-04-03
2980,2023-04-03 15:30:00-04:00,9.329999923706055,9.359999656677246,9.300000190734863,9.350000381469727,105234,0.0,0.0,2023-04-03
2981,2023-04-04 09:30:00-04:00,9.3100004196167,9.3100004196167,9.079999923706055,9.140000343322754,56997,0.0,0.0,2023-04-04
2982,2023-04-04 10:30:00-04:00,9.18850040435791,9.229999542236328,8.979999542236328,8.989999771118164,158534,0.0,0.0,2023-04-04
2983,2023-04-04 11:30:00-04:00,8.989999771118164,8.989999771118164,8.739999771118164,8.789999961853027,149351,0.0,0.0,2023-04-04
2984,2023-04-04 12:30:00-04:00,8.789999961853027,8.8100004196167,8.699999809265137,8.75,116533,0.0,0.0,2023-04-04
2985,2023-04-04 13:30:00-04:00,8.779999732971191,8.949999809265137,8.770000457763672,8.850000381469727,102821,0.0,0.0,2023-04-04
2986,2023-04-04 14:30:00-04:00,8.829999923706055,8.9399995803833,8.8100004196167,8.885000228881836,97666,0.0,0.0,2023-04-04
2987,2023-04-04 15:30:00-04:00,8.880000114440918,8.930000305175781,8.819999694824219,8.930000305175781,126868,0.0,0.0,2023-04-04
2988,2023-04-05 09:30:00-04:00,8.850000381469727,8.960000038146973,8.800000190734863,8.880000114440918,61854,0.0,0.0,2023-04-05
2989,2023-04-05 10:30:00-04:00,8.899999618530273,8.920000076293945,8.850000381469727,8.850000381469727,28863,0.0,0.0,2023-04-05
2990,2023-04-05 11:30:00-04:00,8.869999885559082,8.930000305175781,8.84000015258789,8.90999984741211,32266,0.0,0.0,2023-04-05
2991,2023-04-05 12:30:00-04:00,8.899999618530273,8.960000038146973,8.869999885559082,8.9399995803833,41062,0.0,0.0,2023-04-05
2992,2023-04-05 13:30:00-04:00,8.9399995803833,8.949999809265137,8.920000076293945,8.9399995803833,29503,0.0,0.0,2023-04-05
2993,2023-04-05 14:30:00-04:00,8.930000305175781,8.949999809265137,8.859999656677246,8.90999984741211,50351,0.0,0.0,2023-04-05
2994,2023-04-05 15:30:00-04:00,8.90999984741211,8.920000076293945,8.869999885559082,8.90999984741211,76755,0.0,0.0,2023-04-05
2995,2023-04-06 09:30:00-04:00,8.890000343322754,9.009900093078613,8.829999923706055,8.979999542236328,32025,0.0,0.0,2023-04-06
2996,2023-04-06 10:30:00-04:00,8.979999542236328,8.989999771118164,8.890000343322754,8.989999771118164,28413,0.0,0.0,2023-04-06
2997,2023-04-06 11:30:00-04:00,9.0,9.010000228881836,8.960000038146973,8.960000038146973,31028,0.0,0.0,2023-04-06
2998,2023-04-06 12:30:00-04:00,8.979999542236328,9.069999694824219,8.979999542236328,9.0,75021,0.0,0.0,2023-04-06
2999,2023-04-06 13:30:00-04:00,9.0,9.0,8.96500015258789,8.979999542236328,20462,0.0,0.0,2023-04-06
3000,2023-04-06 14:30:00-04:00,8.979999542236328,8.989999771118164,8.899999618530273,8.90999984741211,29141,0.0,0.0,2023-04-06
3001,2023-04-06 15:30:00-04:00,8.90999984741211,8.930000305175781,8.899999618530273,8.914999961853027,52051,0.0,0.0,2023-04-06
3002,2023-04-10 09:30:00-04:00,8.90999984741211,9.15999984741211,8.850000381469727,9.100000381469727,63562,0.0,0.0,2023-04-10
3003,2023-04-10 10:30:00-04:00,9.109999656677246,9.169899940490723,9.09000015258789,9.140000343322754,42636,0.0,0.0,2023-04-10
3004,2023-04-10 11:30:00-04:00,9.140000343322754,9.140000343322754,9.0600004196167,9.069999694824219,30488,0.0,0.0,2023-04-10
3005,2023-04-10 12:30:00-04:00,9.09000015258789,9.15999984741211,9.082599639892578,9.140000343322754,30538,0.0,0.0,2023-04-10
3006,2023-04-10 13:30:00-04:00,9.149999618530273,9.154999732971191,9.119999885559082,9.140000343322754,33099,0.0,0.0,2023-04-10
3007,2023-04-10 14:30:00-04:00,9.140000343322754,9.15999984741211,9.104999542236328,9.114999771118164,59609,0.0,0.0,2023-04-10
3008,2023-04-10 15:30:00-04:00,9.109999656677246,9.149999618530273,9.069999694824219,9.109999656677246,87545,0.0,0.0,2023-04-10
3009,2023-04-11 09:30:00-04:00,9.119999885559082,9.220000267028809,9.0600004196167,9.130000114440918,53843,0.0,0.0,2023-04-11
3010,2023-04-11 10:30:00-04:00,9.130000114440918,9.25,9.100000381469727,9.234999656677246,57090,0.0,0.0,2023-04-11
3011,2023-04-11 11:30:00-04:00,9.234999656677246,9.34000015258789,9.220000267028809,9.289999961853027,76291,0.0,0.0,2023-04-11
3012,2023-04-11 12:30:00-04:00,9.300000190734863,9.359999656677246,9.291500091552734,9.3149995803833,38068,0.0,0.0,2023-04-11
3013,2023-04-11 13:30:00-04:00,9.319999694824219,9.345000267028809,9.300000190734863,9.345000267028809,24690,0.0,0.0,2023-04-11
3014,2023-04-11 14:30:00-04:00,9.350000381469727,9.380000114440918,9.319999694824219,9.375,82833,0.0,0.0,2023-04-11
3015,2023-04-11 15:30:00-04:00,9.375,9.399999618530273,9.3100004196167,9.329999923706055,95270,0.0,0.0,2023-04-11
3016,2023-04-12 09:30:00-04:00,9.369999885559082,9.489999771118164,9.25,9.25,42101,0.0,0.0,2023-04-12
3017,2023-04-12 10:30:00-04:00,9.239999771118164,9.239999771118164,9.130000114440918,9.170000076293945,30160,0.0,0.0,2023-04-12
3018,2023-04-12 11:30:00-04:00,9.149999618530273,9.229999542236328,9.149999618530273,9.170000076293945,30111,0.0,0.0,2023-04-12
3019,2023-04-12 12:30:00-04:00,9.180000305175781,9.199999809265137,9.119999885559082,9.180000305175781,31292,0.0,0.0,2023-04-12
3020,2023-04-12 13:30:00-04:00,9.170000076293945,9.199999809265137,9.15999984741211,9.15999984741211,30354,0.0,0.0,2023-04-12
3021,2023-04-12 14:30:00-04:00,9.154999732971191,9.15999984741211,9.09000015258789,9.09000015258789,27005,0.0,0.0,2023-04-12
3022,2023-04-12 15:30:00-04:00,9.100000381469727,9.104999542236328,9.050999641418457,9.0649995803833,61915,0.0,0.0,2023-04-12
3023,2023-04-13 09:30:00-04:00,9.119999885559082,9.300000190734863,9.069999694824219,9.279999732971191,35711,0.0,0.0,2023-04-13
3024,2023-04-13 10:30:00-04:00,9.25,9.300000190734863,9.180000305175781,9.1899995803833,34306,0.0,0.0,2023-04-13
3025,2023-04-13 11:30:00-04:00,9.199999809265137,9.21500015258789,9.167499542236328,9.199999809265137,26450,0.0,0.0,2023-04-13
3026,2023-04-13 12:30:00-04:00,9.199999809265137,9.229999542236328,9.1899995803833,9.1899995803833,22921,0.0,0.0,2023-04-13
3027,2023-04-13 13:30:00-04:00,9.1850004196167,9.199999809265137,9.15999984741211,9.160099983215332,20044,0.0,0.0,2023-04-13
3028,2023-04-13 14:30:00-04:00,9.170000076293945,9.199999809265137,9.15999984741211,9.164999961853027,80271,0.0,0.0,2023-04-13
3029,2023-04-13 15:30:00-04:00,9.164999961853027,9.170000076293945,9.079999923706055,9.09000015258789,112093,0.0,0.0,2023-04-13
3030,2023-04-14 09:30:00-04:00,9.09000015258789,9.225000381469727,9.09000015258789,9.149999618530273,25918,0.0,0.0,2023-04-14
3031,2023-04-14 10:30:00-04:00,9.149999618530273,9.15999984741211,9.079999923706055,9.114999771118164,23971,0.0,0.0,2023-04-14
3032,2023-04-14 11:30:00-04:00,9.109999656677246,9.170000076293945,9.09000015258789,9.149999618530273,32116,0.0,0.0,2023-04-14
3033,2023-04-14 12:30:00-04:00,9.149999618530273,9.15999984741211,9.09000015258789,9.100000381469727,20404,0.0,0.0,2023-04-14
3034,2023-04-14 13:30:00-04:00,9.095000267028809,9.119999885559082,9.085000038146973,9.119999885559082,38426,0.0,0.0,2023-04-14
3035,2023-04-14 14:30:00-04:00,9.109999656677246,9.119999885559082,9.067500114440918,9.09000015258789,57521,0.0,0.0,2023-04-14
3036,2023-04-14 15:30:00-04:00,9.100000381469727,9.140000343322754,9.09000015258789,9.130000114440918,112812,0.0,0.0,2023-04-14
3037,2023-04-17 09:30:00-04:00,9.15999984741211,9.15999984741211,9.0600004196167,9.100000381469727,51538,0.0,0.0,2023-04-17
3038,2023-04-17 10:30:00-04:00,9.095499992370605,9.119999885559082,9.085000038146973,9.100000381469727,37207,0.0,0.0,2023-04-17
3039,2023-04-17 11:30:00-04:00,9.09000015258789,9.09000015258789,9.029999732971191,9.045000076293945,19327,0.0,0.0,2023-04-17
3040,2023-04-17 12:30:00-04:00,9.045000076293945,9.069999694824219,9.020000457763672,9.024999618530273,24653,0.0,0.0,2023-04-17
3041,2023-04-17 13:30:00-04:00,9.029999732971191,9.104999542236328,9.020000457763672,9.085000038146973,33373,0.0,0.0,2023-04-17
3042,2023-04-17 14:30:00-04:00,9.079999923706055,9.119999885559082,9.079999923706055,9.079999923706055,67093,0.0,0.0,2023-04-17
3043,2023-04-17 15:30:00-04:00,9.09000015258789,9.109999656677246,9.074999809265137,9.092499732971191,91267,0.0,0.0,2023-04-17
3044,2023-04-18 09:30:00-04:00,9.100000381469727,9.350000381469727,9.069999694824219,9.224499702453613,172303,0.0,0.0,2023-04-18
3045,2023-04-18 10:30:00-04:00,9.234999656677246,9.260000228881836,9.170000076293945,9.199999809265137,53057,0.0,0.0,2023-04-18
3046,2023-04-18 11:30:00-04:00,9.199999809265137,9.210000038146973,9.15999984741211,9.180000305175781,20702,0.0,0.0,2023-04-18
3047,2023-04-18 12:30:00-04:00,9.180000305175781,9.1899995803833,9.149999618530273,9.170000076293945,22376,0.0,0.0,2023-04-18
3048,2023-04-18 13:30:00-04:00,9.15999984741211,9.25,9.149999618530273,9.210000038146973,51824,0.0,0.0,2023-04-18
3049,2023-04-18 14:30:00-04:00,9.199999809265137,9.260000228881836,9.194999694824219,9.204999923706055,47889,0.0,0.0,2023-04-18
3050,2023-04-18 15:30:00-04:00,9.204999923706055,9.220000267028809,9.180000305175781,9.199999809265137,115197,0.0,0.0,2023-04-18
3051,2023-04-19 09:30:00-04:00,9.170000076293945,9.329999923706055,9.170000076293945,9.28499984741211,63549,0.0,0.0,2023-04-19
3052,2023-04-19 10:30:00-04:00,9.28499984741211,9.300000190734863,9.229999542236328,9.229999542236328,103187,0.0,0.0,2023-04-19
3053,2023-04-19 11:30:00-04:00,9.239999771118164,9.239999771118164,9.180000305175781,9.1850004196167,83851,0.0,0.0,2023-04-19
3054,2023-04-19 12:30:00-04:00,9.180000305175781,9.204999923706055,9.149999618530273,9.15999984741211,51438,0.0,0.0,2023-04-19
3055,2023-04-19 13:30:00-04:00,9.170000076293945,9.180000305175781,9.109999656677246,9.109999656677246,32375,0.0,0.0,2023-04-19
3056,2023-04-19 14:30:00-04:00,9.109999656677246,9.130000114440918,9.079999923706055,9.09000015258789,75713,0.0,0.0,2023-04-19
3057,2023-04-19 15:30:00-04:00,9.085000038146973,9.100000381469727,9.020000457763672,9.074999809265137,140987,0.0,0.0,2023-04-19
3058,2023-04-20 09:30:00-04:00,9.079999923706055,9.125,9.010000228881836,9.109999656677246,37637,0.0,0.0,2023-04-20
3059,2023-04-20 10:30:00-04:00,9.109999656677246,9.175000190734863,9.109999656677246,9.130000114440918,38584,0.0,0.0,2023-04-20
3060,2023-04-20 11:30:00-04:00,9.135000228881836,9.135000228881836,9.079999923706055,9.109999656677246,46112,0.0,0.0,2023-04-20
3061,2023-04-20 12:30:00-04:00,9.109999656677246,9.130000114440918,9.09000015258789,9.109999656677246,51220,0.0,0.0,2023-04-20
3062,2023-04-20 13:30:00-04:00,9.109999656677246,9.119999885559082,9.079999923706055,9.104999542236328,51035,0.0,0.0,2023-04-20
3063,2023-04-20 14:30:00-04:00,9.109999656677246,9.109999656677246,9.0600004196167,9.09000015258789,71989,0.0,0.0,2023-04-20
3064,2023-04-20 15:30:00-04:00,9.09000015258789,9.109999656677246,9.069999694824219,9.079999923706055,73077,0.0,0.0,2023-04-20
3065,2023-04-21 09:30:00-04:00,9.0600004196167,9.210000038146973,9.0600004196167,9.210000038146973,46659,0.0,0.0,2023-04-21
3066,2023-04-21 10:30:00-04:00,9.21500015258789,9.229999542236328,9.170000076293945,9.175000190734863,26676,0.0,0.0,2023-04-21
3067,2023-04-21 11:30:00-04:00,9.175000190734863,9.204999923706055,9.170000076293945,9.180000305175781,26293,0.0,0.0,2023-04-21
3068,2023-04-21 12:30:00-04:00,9.1899995803833,9.199999809265137,9.15999984741211,9.170000076293945,18528,0.0,0.0,2023-04-21
3069,2023-04-21 13:30:00-04:00,9.180000305175781,9.210000038146973,9.180000305175781,9.199999809265137,29461,0.0,0.0,2023-04-21
3070,2023-04-21 14:30:00-04:00,9.199999809265137,9.199999809265137,9.149999618530273,9.1850004196167,35555,0.0,0.0,2023-04-21
3071,2023-04-21 15:30:00-04:00,9.1850004196167,9.210000038146973,9.1850004196167,9.199999809265137,53926,0.0,0.0,2023-04-21
3072,2023-04-24 09:30:00-04:00,9.1899995803833,9.220000267028809,9.039999961853027,9.109999656677246,37320,0.0,0.0,2023-04-24
3073,2023-04-24 10:30:00-04:00,9.119999885559082,9.119999885559082,8.989999771118164,9.010000228881836,51807,0.0,0.0,2023-04-24
3074,2023-04-24 11:30:00-04:00,9.0,9.0600004196167,8.984999656677246,9.005000114440918,42764,0.0,0.0,2023-04-24
3075,2023-04-24 12:30:00-04:00,9.005000114440918,9.069999694824219,9.005000114440918,9.054100036621094,41266,0.0,0.0,2023-04-24
3076,2023-04-24 13:30:00-04:00,9.0600004196167,9.180000305175781,9.0600004196167,9.154999732971191,51307,0.0,0.0,2023-04-24
3077,2023-04-24 14:30:00-04:00,9.154999732971191,9.220000267028809,9.119999885559082,9.180000305175781,141759,0.0,0.0,2023-04-24
3078,2023-04-24 15:30:00-04:00,9.180000305175781,9.210000038146973,9.130000114440918,9.140000343322754,143228,0.0,0.0,2023-04-24
3079,2023-04-25 09:30:00-04:00,9.050000190734863,9.135000228881836,9.0,9.09000015258789,24202,0.0,0.0,2023-04-25
3080,2023-04-25 10:30:00-04:00,9.100000381469727,9.140000343322754,9.050000190734863,9.109999656677246,18474,0.0,0.0,2023-04-25
3081,2023-04-25 11:30:00-04:00,9.109999656677246,9.130000114440918,9.0600004196167,9.085000038146973,23905,0.0,0.0,2023-04-25
3082,2023-04-25 12:30:00-04:00,9.085000038146973,9.100000381469727,9.010000228881836,9.020000457763672,29030,0.0,0.0,2023-04-25
3083,2023-04-25 13:30:00-04:00,9.020000457763672,9.029999732971191,8.970000267028809,9.0,32292,0.0,0.0,2023-04-25
3084,2023-04-25 14:30:00-04:00,8.994999885559082,9.010000228881836,8.982500076293945,9.005000114440918,26639,0.0,0.0,2023-04-25
3085,2023-04-25 15:30:00-04:00,9.005000114440918,9.020000457763672,8.954999923706055,9.005000114440918,67736,0.0,0.0,2023-04-25
3086,2023-04-26 09:30:00-04:00,9.010000228881836,9.180000305175781,9.010000228881836,9.109999656677246,29284,0.0,0.0,2023-04-26
3087,2023-04-26 10:30:00-04:00,9.130000114440918,9.180000305175781,9.119999885559082,9.140000343322754,20614,0.0,0.0,2023-04-26
3088,2023-04-26 11:30:00-04:00,9.145000457763672,9.180000305175781,9.125,9.149999618530273,19085,0.0,0.0,2023-04-26
3089,2023-04-26 12:30:00-04:00,9.154999732971191,9.170000076293945,9.100000381469727,9.109999656677246,21312,0.0,0.0,2023-04-26
3090,2023-04-26 13:30:00-04:00,9.109999656677246,9.140000343322754,9.079999923706055,9.104999542236328,16372,0.0,0.0,2023-04-26
3091,2023-04-26 14:30:00-04:00,9.100000381469727,9.100000381469727,9.010000228881836,9.024999618530273,28588,0.0,0.0,2023-04-26
3092,2023-04-26 15:30:00-04:00,9.029999732971191,9.069999694824219,8.989999771118164,9.039999961853027,79677,0.0,0.0,2023-04-26
3093,2023-04-27 09:30:00-04:00,9.0600004196167,9.180000305175781,9.050000190734863,9.140000343322754,37802,0.0,0.0,2023-04-27
3094,2023-04-27 10:30:00-04:00,9.130000114440918,9.130000114440918,9.039999961853027,9.069999694824219,19311,0.0,0.0,2023-04-27
3095,2023-04-27 11:30:00-04:00,9.069999694824219,9.15999984741211,9.069999694824219,9.140000343322754,17894,0.0,0.0,2023-04-27
3096,2023-04-27 12:30:00-04:00,9.145000457763672,9.145000457763672,9.109999656677246,9.130000114440918,23921,0.0,0.0,2023-04-27
3097,2023-04-27 13:30:00-04:00,9.130000114440918,9.145000457763672,9.114999771118164,9.125,25782,0.0,0.0,2023-04-27
3098,2023-04-27 14:30:00-04:00,9.125,9.154999732971191,9.09000015258789,9.109999656677246,98451,0.0,0.0,2023-04-27
3099,2023-04-27 15:30:00-04:00,9.119999885559082,9.149999618530273,9.119999885559082,9.130000114440918,116924,0.0,0.0,2023-04-27
3100,2023-04-28 09:30:00-04:00,9.130000114440918,9.25,9.119999885559082,9.149999618530273,67272,0.0,0.0,2023-04-28
3101,2023-04-28 10:30:00-04:00,9.149999618530273,9.180000305175781,9.109999656677246,9.119999885559082,182716,0.0,0.0,2023-04-28
3102,2023-04-28 11:30:00-04:00,9.109999656677246,9.145000457763672,9.109999656677246,9.140000343322754,41002,0.0,0.0,2023-04-28
3103,2023-04-28 12:30:00-04:00,9.140000343322754,9.149999618530273,9.125,9.140000343322754,31810,0.0,0.0,2023-04-28
3104,2023-04-28 13:30:00-04:00,9.140000343322754,9.149999618530273,9.119999885559082,9.140000343322754,43021,0.0,0.0,2023-04-28
3105,2023-04-28 14:30:00-04:00,9.135000228881836,9.319999694824219,9.130000114440918,9.25,228324,0.0,0.0,2023-04-28
3106,2023-04-28 15:30:00-04:00,9.25,9.359999656677246,9.229999542236328,9.3149995803833,239104,0.0,0.0,2023-04-28
3107,2023-05-01 09:30:00-04:00,9.390000343322754,9.819999694824219,9.319999694824219,9.78499984741211,142416,0.0,0.0,2023-05-01
3108,2023-05-01 10:30:00-04:00,9.789999961853027,9.84000015258789,9.670000076293945,9.6899995803833,74227,0.0,0.0,2023-05-01
3109,2023-05-01 11:30:00-04:00,9.680000305175781,9.819999694824219,9.670000076293945,9.789999961853027,66290,0.0,0.0,2023-05-01
3110,2023-05-01 12:30:00-04:00,9.800000190734863,9.819999694824219,9.75,9.75,35772,0.0,0.0,2023-05-01
3111,2023-05-01 13:30:00-04:00,9.758099555969238,9.819999694824219,9.739999771118164,9.770000457763672,53647,0.0,0.0,2023-05-01
3112,2023-05-01 14:30:00-04:00,9.762200355529785,9.970000267028809,9.760000228881836,9.970000267028809,153056,0.0,0.0,2023-05-01
3113,2023-05-01 15:30:00-04:00,9.970000267028809,10.039999961853027,9.949999809265137,10.039999961853027,152881,0.0,0.0,2023-05-01
3114,2023-05-02 09:30:00-04:00,9.979999542236328,10.180000305175781,9.914999961853027,9.949999809265137,94481,0.0,0.0,2023-05-02
3115,2023-05-02 10:30:00-04:00,9.96500015258789,10.029999732971191,9.760000228881836,9.760000228881836,64755,0.0,0.0,2023-05-02
3116,2023-05-02 11:30:00-04:00,9.770000457763672,9.960000038146973,9.770000457763672,9.949999809265137,62457,0.0,0.0,2023-05-02
3117,2023-05-02 12:30:00-04:00,9.9399995803833,10.0,9.890000343322754,9.944999694824219,57355,0.0,0.0,2023-05-02
3118,2023-05-02 13:30:00-04:00,9.94260025024414,10.0,9.90999984741211,10.0,51853,0.0,0.0,2023-05-02
3119,2023-05-02 14:30:00-04:00,9.989999771118164,10.142499923706055,9.9399995803833,10.142499923706055,81640,0.0,0.0,2023-05-02
3120,2023-05-02 15:30:00-04:00,10.149999618530273,10.239999771118164,10.100000381469727,10.229999542236328,154686,0.0,0.0,2023-05-02
3121,2023-05-03 09:30:00-04:00,10.220000267028809,10.364999771118164,10.15999984741211,10.350000381469727,63971,0.0,0.0,2023-05-03
3122,2023-05-03 10:30:00-04:00,10.369999885559082,10.369999885559082,10.0,10.0,88192,0.0,0.0,2023-05-03
3123,2023-05-03 11:30:00-04:00,9.989999771118164,10.125,9.989999771118164,10.099900245666504,62626,0.0,0.0,2023-05-03
3124,2023-05-03 12:30:00-04:00,10.109999656677246,10.149999618530273,10.09000015258789,10.140000343322754,53685,0.0,0.0,2023-05-03
3125,2023-05-03 13:30:00-04:00,10.140000343322754,10.149999618530273,10.032299995422363,10.074999809265137,80962,0.0,0.0,2023-05-03
3126,2023-05-03 14:30:00-04:00,10.079999923706055,10.15999984741211,10.045000076293945,10.085000038146973,131161,0.0,0.0,2023-05-03
3127,2023-05-03 15:30:00-04:00,10.069999694824219,10.100000381469727,9.970000267028809,9.989999771118164,101265,0.0,0.0,2023-05-03
3128,2023-05-04 09:30:00-04:00,9.989999771118164,10.119999885559082,9.729999542236328,9.739999771118164,36087,0.0,0.0,2023-05-04
3129,2023-05-04 10:30:00-04:00,9.729999542236328,9.75,9.470000267028809,9.479999542236328,70624,0.0,0.0,2023-05-04
3130,2023-05-04 11:30:00-04:00,9.470000267028809,9.489999771118164,9.369999885559082,9.4399995803833,40337,0.0,0.0,2023-05-04
3131,2023-05-04 12:30:00-04:00,9.430000305175781,9.550000190734863,9.359999656677246,9.539999961853027,43785,0.0,0.0,2023-05-04
3132,2023-05-04 13:30:00-04:00,9.550000190734863,9.574999809265137,9.510000228881836,9.539999961853027,42733,0.0,0.0,2023-05-04
3133,2023-05-04 14:30:00-04:00,9.529999732971191,9.529999732971191,9.40999984741211,9.5,71210,0.0,0.0,2023-05-04
3134,2023-05-04 15:30:00-04:00,9.5,9.539999961853027,9.4399995803833,9.510000228881836,100877,0.0,0.0,2023-05-04
3135,2023-05-05 09:30:00-04:00,10.180000305175781,10.239999771118164,9.300000190734863,9.3100004196167,94326,0.0,0.0,2023-05-05
3136,2023-05-05 10:30:00-04:00,9.345000267028809,9.5,9.039999961853027,9.25,128362,0.0,0.0,2023-05-05
3137,2023-05-05 11:30:00-04:00,9.239999771118164,9.350000381469727,9.170000076293945,9.1899995803833,46257,0.0,0.0,2023-05-05
3138,2023-05-05 12:30:00-04:00,9.170000076293945,9.319999694824219,9.170000076293945,9.260000228881836,65025,0.0,0.0,2023-05-05
3139,2023-05-05 13:30:00-04:00,9.260000228881836,9.300000190734863,9.220000267028809,9.293399810791016,39576,0.0,0.0,2023-05-05
3140,2023-05-05 14:30:00-04:00,9.303000450134277,9.350000381469727,9.220000267028809,9.270000457763672,58176,0.0,0.0,2023-05-05
3141,2023-05-05 15:30:00-04:00,9.270000457763672,9.364999771118164,9.25,9.345000267028809,112142,0.0,0.0,2023-05-05
3142,2023-05-08 09:30:00-04:00,9.460000038146973,9.514900207519531,9.260000228881836,9.369999885559082,53432,0.0,0.0,2023-05-08
3143,2023-05-08 10:30:00-04:00,9.380000114440918,9.40999984741211,9.329999923706055,9.350000381469727,43121,0.0,0.0,2023-05-08
3144,2023-05-08 11:30:00-04:00,9.34000015258789,9.345000267028809,9.260000228881836,9.289999961853027,30337,0.0,0.0,2023-05-08
3145,2023-05-08 12:30:00-04:00,9.289999961853027,9.300000190734863,9.020000457763672,9.020000457763672,186061,0.0,0.0,2023-05-08
3146,2023-05-08 13:30:00-04:00,9.028300285339355,9.0600004196167,8.880000114440918,8.949999809265137,181810,0.0,0.0,2023-05-08
3147,2023-05-08 14:30:00-04:00,8.960000038146973,9.010000228881836,8.90999984741211,9.0,148035,0.0,0.0,2023-05-08
3148,2023-05-08 15:30:00-04:00,9.0,9.069999694824219,8.960000038146973,9.039999961853027,146549,0.0,0.0,2023-05-08
3149,2023-05-09 09:30:00-04:00,9.039999961853027,9.385000228881836,8.949999809265137,9.371999740600586,99129,0.0,0.0,2023-05-09
3150,2023-05-09 10:30:00-04:00,9.369999885559082,9.420000076293945,9.319999694824219,9.329999923706055,71502,0.0,0.0,2023-05-09
3151,2023-05-09 11:30:00-04:00,9.335000038146973,9.3503999710083,9.225000381469727,9.244999885559082,56067,0.0,0.0,2023-05-09
3152,2023-05-09 12:30:00-04:00,9.25,9.255000114440918,9.180000305175781,9.180000305175781,34148,0.0,0.0,2023-05-09
3153,2023-05-09 13:30:00-04:00,9.180000305175781,9.25,9.149999618530273,9.210000038146973,30888,0.0,0.0,2023-05-09
3154,2023-05-09 14:30:00-04:00,9.210000038146973,9.289999961853027,9.15999984741211,9.260000228881836,52737,0.0,0.0,2023-05-09
3155,2023-05-09 15:30:00-04:00,9.251399993896484,9.260000228881836,9.180000305175781,9.194999694824219,103999,0.0,0.0,2023-05-09
3156,2023-05-10 09:30:00-04:00,9.300000190734863,9.350000381469727,9.210000038146973,9.319999694824219,45994,0.0,0.0,2023-05-10
3157,2023-05-10 10:30:00-04:00,9.329999923706055,9.5,9.300000190734863,9.460000038146973,48878,0.0,0.0,2023-05-10
3158,2023-05-10 11:30:00-04:00,9.470000267028809,9.529899597167969,9.350000381469727,9.359999656677246,71962,0.0,0.0,2023-05-10
3159,2023-05-10 12:30:00-04:00,9.358099937438965,9.489999771118164,9.329999923706055,9.4399995803833,46148,0.0,0.0,2023-05-10
3160,2023-05-10 13:30:00-04:00,9.449999809265137,9.479999542236328,9.390000343322754,9.390000343322754,46084,0.0,0.0,2023-05-10
3161,2023-05-10 14:30:00-04:00,9.399999618530273,9.404999732971191,9.350000381469727,9.390000343322754,44605,0.0,0.0,2023-05-10
3162,2023-05-10 15:30:00-04:00,9.390000343322754,9.404999732971191,9.329999923706055,9.359999656677246,98172,0.0,0.0,2023-05-10
3163,2023-05-11 09:30:00-04:00,9.300000190734863,9.399999618530273,9.140000343322754,9.166799545288086,40411,0.0,0.0,2023-05-11
3164,2023-05-11 10:30:00-04:00,9.180000305175781,9.25,9.140000343322754,9.170000076293945,24404,0.0,0.0,2023-05-11
3165,2023-05-11 11:30:00-04:00,9.210000038146973,9.25,9.1899995803833,9.210000038146973,20476,0.0,0.0,2023-05-11
3166,2023-05-11 12:30:00-04:00,9.220000267028809,9.260000228881836,9.210000038146973,9.239999771118164,16535,0.0,0.0,2023-05-11
3167,2023-05-11 13:30:00-04:00,9.25,9.260000228881836,9.199999809265137,9.239700317382812,27608,0.0,0.0,2023-05-11
3168,2023-05-11 14:30:00-04:00,9.239999771118164,9.259900093078613,9.225000381469727,9.229999542236328,34642,0.0,0.0,2023-05-11
3169,2023-05-11 15:30:00-04:00,9.234999656677246,9.260000228881836,9.229999542236328,9.244999885559082,41006,0.0,0.0,2023-05-11
3170,2023-05-12 09:30:00-04:00,9.260000228881836,9.379899978637695,9.25,9.260000228881836,32014,0.0,0.0,2023-05-12
3171,2023-05-12 10:30:00-04:00,9.270000457763672,9.34000015258789,9.25,9.279999732971191,39648,0.0,0.0,2023-05-12
3172,2023-05-12 11:30:00-04:00,9.279999732971191,9.289999961853027,9.260000228881836,9.260000228881836,14608,0.0,0.0,2023-05-12
3173,2023-05-12 12:30:00-04:00,9.270000457763672,9.279999732971191,9.229999542236328,9.229999542236328,15857,0.0,0.0,2023-05-12
3174,2023-05-12 13:30:00-04:00,9.229999542236328,9.300000190734863,9.199999809265137,9.300000190734863,26531,0.0,0.0,2023-05-12
3175,2023-05-12 14:30:00-04:00,9.3100004196167,9.369999885559082,9.289999961853027,9.368000030517578,24302,0.0,0.0,2023-05-12
3176,2023-05-12 15:30:00-04:00,9.378999710083008,9.430000305175781,9.359999656677246,9.420000076293945,51617,0.0,0.0,2023-05-12
3177,2023-05-15 09:30:00-04:00,9.420000076293945,9.520000457763672,9.199999809265137,9.319999694824219,156396,0.0,0.0,2023-05-15
3178,2023-05-15 10:30:00-04:00,9.359999656677246,9.390000343322754,9.289999961853027,9.319899559020996,47193,0.0,0.0,2023-05-15
3179,2023-05-15 11:30:00-04:00,9.319999694824219,9.383899688720703,9.279999732971191,9.369999885559082,24730,0.0,0.0,2023-05-15
3180,2023-05-15 12:30:00-04:00,9.369999885559082,9.470000267028809,9.364999771118164,9.420000076293945,23432,0.0,0.0,2023-05-15
3181,2023-05-15 13:30:00-04:00,9.40999984741211,9.40999984741211,9.350000381469727,9.350000381469727,23025,0.0,0.0,2023-05-15
3182,2023-05-15 14:30:00-04:00,9.359999656677246,9.430000305175781,9.350000381469727,9.425000190734863,19881,0.0,0.0,2023-05-15
3183,2023-05-15 15:30:00-04:00,9.430000305175781,9.484999656677246,9.420000076293945,9.460000038146973,55158,0.0,0.0,2023-05-15
3184,2023-05-16 09:30:00-04:00,9.4399995803833,9.470000267028809,9.319999694824219,9.404999732971191,41819,0.0,0.0,2023-05-16
3185,2023-05-16 10:30:00-04:00,9.40999984741211,9.489999771118164,9.399999618530273,9.46500015258789,35596,0.0,0.0,2023-05-16
3186,2023-05-16 11:30:00-04:00,9.470000267028809,9.520000457763672,9.4399995803833,9.475000381469727,41020,0.0,0.0,2023-05-16
3187,2023-05-16 12:30:00-04:00,9.479999542236328,9.579999923706055,9.475000381469727,9.529999732971191,38473,0.0,0.0,2023-05-16
3188,2023-05-16 13:30:00-04:00,9.53499984741211,9.545000076293945,9.494999885559082,9.494999885559082,30594,0.0,0.0,2023-05-16
3189,2023-05-16 14:30:00-04:00,9.5,9.5600004196167,9.479999542236328,9.529999732971191,59134,0.0,0.0,2023-05-16
3190,2023-05-16 15:30:00-04:00,9.539999961853027,9.5600004196167,9.510000228881836,9.510000228881836,67408,0.0,0.0,2023-05-16
3191,2023-05-17 09:30:00-04:00,9.579999923706055,9.59000015258789,9.520000457763672,9.574999809265137,11748,0.0,0.0,2023-05-17
3192,2023-05-17 10:30:00-04:00,9.569999694824219,9.619999885559082,9.555000305175781,9.600000381469727,46241,0.0,0.0,2023-05-17
3193,2023-05-17 11:30:00-04:00,9.600000381469727,9.609999656677246,9.5600004196167,9.579999923706055,39958,0.0,0.0,2023-05-17
3194,2023-05-17 12:30:00-04:00,9.579999923706055,9.65999984741211,9.579999923706055,9.640000343322754,48191,0.0,0.0,2023-05-17
3195,2023-05-17 13:30:00-04:00,9.640000343322754,9.649999618530273,9.619999885559082,9.630000114440918,40931,0.0,0.0,2023-05-17
3196,2023-05-17 14:30:00-04:00,9.621000289916992,9.779999732971191,9.614999771118164,9.739999771118164,59206,0.0,0.0,2023-05-17
3197,2023-05-17 15:30:00-04:00,9.739999771118164,9.800000190734863,9.729999542236328,9.789999961853027,64983,0.0,0.0,2023-05-17
3198,2023-05-18 09:30:00-04:00,9.789999961853027,9.859999656677246,9.699999809265137,9.710000038146973,20788,0.0,0.0,2023-05-18
3199,2023-05-18 10:30:00-04:00,9.75,9.795999526977539,9.6899995803833,9.779999732971191,24439,0.0,0.0,2023-05-18
3200,2023-05-18 11:30:00-04:00,9.779999732971191,9.869999885559082,9.760000228881836,9.800000190734863,36389,0.0,0.0,2023-05-18
3201,2023-05-18 12:30:00-04:00,9.800000190734863,9.8100004196167,9.75,9.770000457763672,25625,0.0,0.0,2023-05-18
3202,2023-05-18 13:30:00-04:00,9.75,9.779999732971191,9.732000350952148,9.770000457763672,21951,0.0,0.0,2023-05-18
3203,2023-05-18 14:30:00-04:00,9.770000457763672,9.800000190734863,9.729999542236328,9.789999961853027,33418,0.0,0.0,2023-05-18
3204,2023-05-18 15:30:00-04:00,9.789999961853027,9.845000267028809,9.779999732971191,9.829999923706055,69894,0.0,0.0,2023-05-18
3205,2023-05-19 09:30:00-04:00,9.899999618530273,9.920000076293945,9.569999694824219,9.619999885559082,65832,0.0,0.0,2023-05-19
3206,2023-05-19 10:30:00-04:00,9.609999656677246,9.649999618530273,9.569999694824219,9.614999771118164,34894,0.0,0.0,2023-05-19
3207,2023-05-19 11:30:00-04:00,9.609999656677246,9.630000114440918,9.539999961853027,9.630000114440918,48437,0.0,0.0,2023-05-19
3208,2023-05-19 12:30:00-04:00,9.619999885559082,9.6899995803833,9.609999656677246,9.680000305175781,36143,0.0,0.0,2023-05-19
3209,2023-05-19 13:30:00-04:00,9.680000305175781,9.6899995803833,9.600000381469727,9.600000381469727,37658,0.0,0.0,2023-05-19
3210,2023-05-19 14:30:00-04:00,9.600000381469727,9.649999618530273,9.524999618530273,9.5600004196167,105214,0.0,0.0,2023-05-19
3211,2023-05-19 15:30:00-04:00,9.5600004196167,9.630000114440918,9.550000190734863,9.630000114440918,113033,0.0,0.0,2023-05-19
3212,2023-05-22 09:30:00-04:00,9.680000305175781,9.6850004196167,9.520000457763672,9.600000381469727,26970,0.0,0.0,2023-05-22
3213,2023-05-22 10:30:00-04:00,9.600000381469727,9.600000381469727,9.489999771118164,9.53499984741211,32099,0.0,0.0,2023-05-22
3214,2023-05-22 11:30:00-04:00,9.53499984741211,9.539999961853027,9.479999542236328,9.520000457763672,15834,0.0,0.0,2023-05-22
3215,2023-05-22 12:30:00-04:00,9.520000457763672,9.600000381469727,9.510000228881836,9.569999694824219,32075,0.0,0.0,2023-05-22
3216,2023-05-22 13:30:00-04:00,9.569999694824219,9.579999923706055,9.520000457763672,9.5600004196167,28474,0.0,0.0,2023-05-22
3217,2023-05-22 14:30:00-04:00,9.550000190734863,9.600000381469727,9.550000190734863,9.550000190734863,43459,0.0,0.0,2023-05-22
3218,2023-05-22 15:30:00-04:00,9.550000190734863,9.59000015258789,9.550000190734863,9.5649995803833,63776,0.0,0.0,2023-05-22
3219,2023-05-23 09:30:00-04:00,9.520000457763672,9.5600004196167,9.4399995803833,9.470000267028809,22583,0.0,0.0,2023-05-23
3220,2023-05-23 10:30:00-04:00,9.5,9.550000190734863,9.479999542236328,9.5,17250,0.0,0.0,2023-05-23
3221,2023-05-23 11:30:00-04:00,9.5,9.5,9.329999923706055,9.34000015258789,20944,0.0,0.0,2023-05-23
3222,2023-05-23 12:30:00-04:00,9.329999923706055,9.359999656677246,9.300000190734863,9.300999641418457,24184,0.0,0.0,2023-05-23
3223,2023-05-23 13:30:00-04:00,9.300000190734863,9.420000076293945,9.29259967803955,9.40999984741211,30233,0.0,0.0,2023-05-23
3224,2023-05-23 14:30:00-04:00,9.420000076293945,9.460000038146973,9.390000343322754,9.460000038146973,34056,0.0,0.0,2023-05-23
3225,2023-05-23 15:30:00-04:00,9.460000038146973,9.529999732971191,9.421799659729004,9.449999809265137,88537,0.0,0.0,2023-05-23
3226,2023-05-24 09:30:00-04:00,9.420000076293945,9.449999809265137,9.260000228881836,9.279999732971191,53670,0.0,0.0,2023-05-24
3227,2023-05-24 10:30:00-04:00,9.270000457763672,9.350000381469727,9.260000228881836,9.319999694824219,49001,0.0,0.0,2023-05-24
3228,2023-05-24 11:30:00-04:00,9.329999923706055,9.329999923706055,9.300000190734863,9.300000190734863,10082,0.0,0.0,2023-05-24
3229,2023-05-24 12:30:00-04:00,9.300000190734863,9.3100004196167,9.229999542236328,9.25,23199,0.0,0.0,2023-05-24
3230,2023-05-24 13:30:00-04:00,9.25,9.289999961853027,9.210000038146973,9.229999542236328,29587,0.0,0.0,2023-05-24
3231,2023-05-24 14:30:00-04:00,9.239999771118164,9.300000190734863,9.220000267028809,9.270000457763672,28406,0.0,0.0,2023-05-24
3232,2023-05-24 15:30:00-04:00,9.279999732971191,9.289999961853027,9.210000038146973,9.25,83052,0.0,0.0,2023-05-24
3233,2023-05-25 09:30:00-04:00,9.239999771118164,9.279999732971191,9.180000305175781,9.199999809265137,38522,0.0,0.0,2023-05-25
3234,2023-05-25 10:30:00-04:00,9.199999809265137,9.220000267028809,9.149999618530273,9.1899995803833,38165,0.0,0.0,2023-05-25
3235,2023-05-25 11:30:00-04:00,9.1899995803833,9.239999771118164,9.180000305175781,9.199999809265137,37110,0.0,0.0,2023-05-25
3236,2023-05-25 12:30:00-04:00,9.20989990234375,9.25,9.140000343322754,9.239999771118164,30671,0.0,0.0,2023-05-25
3237,2023-05-25 13:30:00-04:00,9.25,9.274999618530273,9.220000267028809,9.220000267028809,72898,0.0,0.0,2023-05-25
3238,2023-05-25 14:30:00-04:00,9.225000381469727,9.239999771118164,9.199999809265137,9.229999542236328,32864,0.0,0.0,2023-05-25
3239,2023-05-25 15:30:00-04:00,9.229999542236328,9.244999885559082,9.199999809265137,9.21500015258789,52074,0.0,0.0,2023-05-25
3240,2023-05-26 09:30:00-04:00,9.199999809265137,9.274999618530273,9.170000076293945,9.25,35057,0.0,0.0,2023-05-26
3241,2023-05-26 10:30:00-04:00,9.25,9.300000190734863,9.239999771118164,9.25,42397,0.0,0.0,2023-05-26
3242,2023-05-26 11:30:00-04:00,9.260000228881836,9.359999656677246,9.260000228881836,9.359999656677246,25559,0.0,0.0,2023-05-26
3243,2023-05-26 12:30:00-04:00,9.350000381469727,9.359100341796875,9.324999809265137,9.34000015258789,16325,0.0,0.0,2023-05-26
3244,2023-05-26 13:30:00-04:00,9.329999923706055,9.329999923706055,9.300000190734863,9.317999839782715,19527,0.0,0.0,2023-05-26
3245,2023-05-26 14:30:00-04:00,9.319999694824219,9.36989974975586,9.319999694824219,9.354999542236328,42952,0.0,0.0,2023-05-26
3246,2023-05-26 15:30:00-04:00,9.359999656677246,9.399999618530273,9.345000267028809,9.390000343322754,53296,0.0,0.0,2023-05-26
3247,2023-05-30 09:30:00-04:00,9.390000343322754,9.414999961853027,9.220000267028809,9.229999542236328,32657,0.0,0.0,2023-05-30
3248,2023-05-30 10:30:00-04:00,9.2121000289917,9.239899635314941,9.1850004196167,9.199999809265137,20997,0.0,0.0,2023-05-30
3249,2023-05-30 11:30:00-04:00,9.199999809265137,9.210000038146973,9.135000228881836,9.154999732971191,33597,0.0,0.0,2023-05-30
3250,2023-05-30 12:30:00-04:00,9.15779972076416,9.180000305175781,9.149999618530273,9.175000190734863,17162,0.0,0.0,2023-05-30
3251,2023-05-30 13:30:00-04:00,9.15999984741211,9.175000190734863,9.145000457763672,9.175000190734863,15798,0.0,0.0,2023-05-30
3252,2023-05-30 14:30:00-04:00,9.170000076293945,9.229999542236328,9.15999984741211,9.227399826049805,30274,0.0,0.0,2023-05-30
3253,2023-05-30 15:30:00-04:00,9.225000381469727,9.225000381469727,9.1850004196167,9.199999809265137,62146,0.0,0.0,2023-05-30
3254,2023-05-31 09:30:00-04:00,9.15999984741211,9.220000267028809,9.050000190734863,9.0600004196167,37313,0.0,0.0,2023-05-31
3255,2023-05-31 10:30:00-04:00,9.0600004196167,9.09000015258789,9.020000457763672,9.079999923706055,26770,0.0,0.0,2023-05-31
3256,2023-05-31 11:30:00-04:00,9.079999923706055,9.100000381469727,9.050000190734863,9.050000190734863,18465,0.0,0.0,2023-05-31
3257,2023-05-31 12:30:00-04:00,9.050000190734863,9.100000381469727,9.050000190734863,9.079999923706055,19788,0.0,0.0,2023-05-31
3258,2023-05-31 13:30:00-04:00,9.09000015258789,9.130000114440918,9.09000015258789,9.130000114440918,21584,0.0,0.0,2023-05-31
3259,2023-05-31 14:30:00-04:00,9.125,9.155500411987305,9.109999656677246,9.109999656677246,24947,0.0,0.0,2023-05-31
3260,2023-05-31 15:30:00-04:00,9.109999656677246,9.15999984741211,9.104999542236328,9.140000343322754,70907,0.0,0.0,2023-05-31
3261,2023-06-01 09:30:00-04:00,9.149999618530273,9.289999961853027,9.109999656677246,9.289999961853027,42695,0.0,0.0,2023-06-01
3262,2023-06-01 10:30:00-04:00,9.300000190734863,9.329999923706055,9.255000114440918,9.329999923706055,52284,0.0,0.0,2023-06-01
3263,2023-06-01 11:30:00-04:00,9.329999923706055,9.364999771118164,9.319999694824219,9.364999771118164,17079,0.0,0.0,2023-06-01
3264,2023-06-01 12:30:00-04:00,9.360300064086914,9.369999885559082,9.3100004196167,9.345000267028809,28039,0.0,0.0,2023-06-01
3265,2023-06-01 13:30:00-04:00,9.350000381469727,9.359999656677246,9.324999809265137,9.350000381469727,26687,0.0,0.0,2023-06-01
3266,2023-06-01 14:30:00-04:00,9.350000381469727,9.359999656677246,9.319999694824219,9.329999923706055,37078,0.0,0.0,2023-06-01
3267,2023-06-01 15:30:00-04:00,9.324999809265137,9.329999923706055,9.260000228881836,9.274999618530273,65123,0.0,0.0,2023-06-01
3268,2023-06-02 09:30:00-04:00,9.3100004196167,9.399999618530273,9.270000457763672,9.289999961853027,41097,0.0,0.0,2023-06-02
3269,2023-06-02 10:30:00-04:00,9.279999732971191,9.364999771118164,9.270000457763672,9.359999656677246,44016,0.0,0.0,2023-06-02
3270,2023-06-02 11:30:00-04:00,9.35099983215332,9.35099983215332,9.300000190734863,9.34000015258789,19192,0.0,0.0,2023-06-02
3271,2023-06-02 12:30:00-04:00,9.329999923706055,9.420000076293945,9.305000305175781,9.420000076293945,27909,0.0,0.0,2023-06-02
3272,2023-06-02 13:30:00-04:00,9.414999961853027,9.4350004196167,9.359999656677246,9.375,35651,0.0,0.0,2023-06-02
3273,2023-06-02 14:30:00-04:00,9.380000114440918,9.425000190734863,9.375,9.420000076293945,24893,0.0,0.0,2023-06-02
3274,2023-06-02 15:30:00-04:00,9.420000076293945,9.4399995803833,9.369999885559082,9.399999618530273,76337,0.0,0.0,2023-06-02
3275,2023-06-05 09:30:00-04:00,9.350000381469727,9.380000114440918,9.20009994506836,9.229999542236328,33388,0.0,0.0,2023-06-05
3276,2023-06-05 10:30:00-04:00,9.220000267028809,9.319999694824219,9.199899673461914,9.295000076293945,58053,0.0,0.0,2023-06-05
3277,2023-06-05 11:30:00-04:00,9.295000076293945,9.345000267028809,9.270000457763672,9.329999923706055,29047,0.0,0.0,2023-06-05
3278,2023-06-05 12:30:00-04:00,9.324999809265137,9.324999809265137,9.279999732971191,9.3100004196167,22845,0.0,0.0,2023-06-05
3279,2023-06-05 13:30:00-04:00,9.300000190734863,9.319999694824219,9.28499984741211,9.3100004196167,25877,0.0,0.0,2023-06-05
3280,2023-06-05 14:30:00-04:00,9.3100004196167,9.319999694824219,9.239999771118164,9.265000343322754,74646,0.0,0.0,2023-06-05
3281,2023-06-05 15:30:00-04:00,9.265000343322754,9.300000190734863,9.25,9.255000114440918,58076,0.0,0.0,2023-06-05
3282,2023-06-06 09:30:00-04:00,9.210000038146973,9.470000267028809,9.210000038146973,9.460200309753418,34886,0.0,0.0,2023-06-06
3283,2023-06-06 10:30:00-04:00,9.46500015258789,9.489999771118164,9.40999984741211,9.460000038146973,23294,0.0,0.0,2023-06-06
3284,2023-06-06 11:30:00-04:00,9.460000038146973,9.460000038146973,9.420000076293945,9.449999809265137,23661,0.0,0.0,2023-06-06
3285,2023-06-06 12:30:00-04:00,9.449999809265137,9.529999732971191,9.420000076293945,9.470000267028809,46684,0.0,0.0,2023-06-06
3286,2023-06-06 13:30:00-04:00,9.479999542236328,9.520000457763672,9.470000267028809,9.515000343322754,32888,0.0,0.0,2023-06-06
3287,2023-06-06 14:30:00-04:00,9.510000228881836,9.510000228881836,9.420000076293945,9.475000381469727,70455,0.0,0.0,2023-06-06
3288,2023-06-06 15:30:00-04:00,9.479999542236328,9.505000114440918,9.460000038146973,9.489999771118164,48735,0.0,0.0,2023-06-06
3289,2023-06-07 09:30:00-04:00,9.529999732971191,9.850000381469727,9.5,9.789999961853027,70323,0.0,0.0,2023-06-07
3290,2023-06-07 10:30:00-04:00,9.779999732971191,9.789999961853027,9.670000076293945,9.789999961853027,32375,0.0,0.0,2023-06-07
3291,2023-06-07 11:30:00-04:00,9.789999961853027,9.805000305175781,9.71500015258789,9.765000343322754,22432,0.0,0.0,2023-06-07
3292,2023-06-07 12:30:00-04:00,9.765000343322754,9.774999618530273,9.720000267028809,9.720000267028809,25604,0.0,0.0,2023-06-07
3293,2023-06-07 13:30:00-04:00,9.729999542236328,9.789999961853027,9.720000267028809,9.765000343322754,37179,0.0,0.0,2023-06-07
3294,2023-06-07 14:30:00-04:00,9.760000228881836,9.805000305175781,9.760000228881836,9.789999961853027,45790,0.0,0.0,2023-06-07
3295,2023-06-07 15:30:00-04:00,9.78499984741211,9.84000015258789,9.760000228881836,9.835000038146973,60198,0.0,0.0,2023-06-07
3296,2023-06-08 09:30:00-04:00,9.8100004196167,9.819999694824219,9.569999694824219,9.640000343322754,36656,0.0,0.0,2023-06-08
3297,2023-06-08 10:30:00-04:00,9.65999984741211,9.720000267028809,9.579999923706055,9.640000343322754,33228,0.0,0.0,2023-06-08
3298,2023-06-08 11:30:00-04:00,9.640000343322754,9.680000305175781,9.609999656677246,9.670000076293945,26529,0.0,0.0,2023-06-08
3299,2023-06-08 12:30:00-04:00,9.679499626159668,9.689000129699707,9.619999885559082,9.630000114440918,23449,0.0,0.0,2023-06-08
3300,2023-06-08 13:30:00-04:00,9.619999885559082,9.640000343322754,9.550000190734863,9.5600004196167,69837,0.0,0.0,2023-06-08
3301,2023-06-08 14:30:00-04:00,9.5600004196167,9.574999809265137,9.479999542236328,9.494999885559082,41301,0.0,0.0,2023-06-08
3302,2023-06-08 15:30:00-04:00,9.489999771118164,9.494999885559082,9.420000076293945,9.449999809265137,71749,0.0,0.0,2023-06-08
3303,2023-06-09 09:30:00-04:00,9.4399995803833,9.4399995803833,9.350000381469727,9.399999618530273,28999,0.0,0.0,2023-06-09
3304,2023-06-09 10:30:00-04:00,9.399999618530273,9.399999618530273,9.3100004196167,9.3149995803833,24726,0.0,0.0,2023-06-09
3305,2023-06-09 11:30:00-04:00,9.319999694824219,9.34000015258789,9.295000076293945,9.3100004196167,18939,0.0,0.0,2023-06-09
3306,2023-06-09 12:30:00-04:00,9.3100004196167,9.4350004196167,9.3100004196167,9.4350004196167,41059,0.0,0.0,2023-06-09
3307,2023-06-09 13:30:00-04:00,9.4350004196167,9.460000038146973,9.369999885559082,9.399999618530273,39544,0.0,0.0,2023-06-09
3308,2023-06-09 14:30:00-04:00,9.395000457763672,9.419899940490723,9.395000457763672,9.414999961853027,30939,0.0,0.0,2023-06-09
3309,2023-06-09 15:30:00-04:00,9.414999961853027,9.460000038146973,9.399999618530273,9.449999809265137,57947,0.0,0.0,2023-06-09
3310,2023-06-12 09:30:00-04:00,9.5,9.649999618530273,9.4399995803833,9.609999656677246,36791,0.0,0.0,2023-06-12
3311,2023-06-12 10:30:00-04:00,9.59000015258789,9.628000259399414,9.545000076293945,9.609999656677246,29051,0.0,0.0,2023-06-12
3312,2023-06-12 11:30:00-04:00,9.619999885559082,9.649999618530273,9.614999771118164,9.640000343322754,19732,0.0,0.0,2023-06-12
3313,2023-06-12 12:30:00-04:00,9.640000343322754,9.670000076293945,9.619999885559082,9.619999885559082,19300,0.0,0.0,2023-06-12
3314,2023-06-12 13:30:00-04:00,9.619999885559082,9.664999961853027,9.569999694824219,9.664999961853027,30549,0.0,0.0,2023-06-12
3315,2023-06-12 14:30:00-04:00,9.664999961853027,9.729999542236328,9.664999961853027,9.720000267028809,40715,0.0,0.0,2023-06-12
3316,2023-06-12 15:30:00-04:00,9.71500015258789,9.71500015258789,9.65999984741211,9.680000305175781,56284,0.0,0.0,2023-06-12
3317,2023-06-13 09:30:00-04:00,9.680000305175781,9.835000038146973,9.65999984741211,9.835000038146973,34994,0.0,0.0,2023-06-13
3318,2023-06-13 10:30:00-04:00,9.850000381469727,9.869999885559082,9.770000457763672,9.8149995803833,32952,0.0,0.0,2023-06-13
3319,2023-06-13 11:30:00-04:00,9.8149995803833,9.859999656677246,9.795000076293945,9.84000015258789,27143,0.0,0.0,2023-06-13
3320,2023-06-13 12:30:00-04:00,9.84000015258789,9.869999885559082,9.829999923706055,9.850000381469727,25095,0.0,0.0,2023-06-13
3321,2023-06-13 13:30:00-04:00,9.850000381469727,9.859999656677246,9.779999732971191,9.84000015258789,43677,0.0,0.0,2023-06-13
3322,2023-06-13 14:30:00-04:00,9.84000015258789,9.895000457763672,9.84000015258789,9.877699851989746,33174,0.0,0.0,2023-06-13
3323,2023-06-13 15:30:00-04:00,9.869999885559082,9.90999984741211,9.859999656677246,9.885000228881836,63392,0.0,0.0,2023-06-13
3324,2023-06-14 09:30:00-04:00,9.880000114440918,9.979999542236328,9.75,9.75,35697,0.0,0.0,2023-06-14
3325,2023-06-14 10:30:00-04:00,9.765000343322754,9.8100004196167,9.729999542236328,9.779999732971191,28946,0.0,0.0,2023-06-14
3326,2023-06-14 11:30:00-04:00,9.770000457763672,9.779999732971191,9.694999694824219,9.694999694824219,21573,0.0,0.0,2023-06-14
3327,2023-06-14 12:30:00-04:00,9.700200080871582,9.739999771118164,9.6899995803833,9.739999771118164,28269,0.0,0.0,2023-06-14
3328,2023-06-14 13:30:00-04:00,9.75,9.805000305175781,9.734999656677246,9.770000457763672,30427,0.0,0.0,2023-06-14
3329,2023-06-14 14:30:00-04:00,9.779999732971191,9.880000114440918,9.779999732971191,9.859999656677246,49101,0.0,0.0,2023-06-14
3330,2023-06-14 15:30:00-04:00,9.859999656677246,9.869999885559082,9.805000305175781,9.829999923706055,84188,0.0,0.0,2023-06-14
3331,2023-06-15 09:30:00-04:00,9.770000457763672,9.960000038146973,9.770000457763672,9.875,33038,0.0,0.0,2023-06-15
3332,2023-06-15 10:30:00-04:00,9.870100021362305,9.90999984741211,9.845000267028809,9.90999984741211,32970,0.0,0.0,2023-06-15
3333,2023-06-15 11:30:00-04:00,9.919899940490723,9.960000038146973,9.880000114440918,9.890000343322754,33019,0.0,0.0,2023-06-15
3334,2023-06-15 12:30:00-04:00,9.885000228881836,9.904999732971191,9.880000114440918,9.904999732971191,33699,0.0,0.0,2023-06-15
3335,2023-06-15 13:30:00-04:00,9.904999732971191,9.954999923706055,9.890000343322754,9.920000076293945,24853,0.0,0.0,2023-06-15
3336,2023-06-15 14:30:00-04:00,9.920000076293945,9.970000267028809,9.920000076293945,9.9399995803833,39061,0.0,0.0,2023-06-15
3337,2023-06-15 15:30:00-04:00,9.9350004196167,9.970000267028809,9.930000305175781,9.949999809265137,57521,0.0,0.0,2023-06-15
3338,2023-06-16 09:30:00-04:00,10.020000457763672,10.039999961853027,9.819999694824219,9.890000343322754,62153,0.0,0.0,2023-06-16
3339,2023-06-16 10:30:00-04:00,9.914999961853027,9.920000076293945,9.869999885559082,9.899999618530273,32779,0.0,0.0,2023-06-16
3340,2023-06-16 11:30:00-04:00,9.899999618530273,9.90999984741211,9.869999885559082,9.909899711608887,30573,0.0,0.0,2023-06-16
3341,2023-06-16 12:30:00-04:00,9.920000076293945,9.930000305175781,9.895000457763672,9.895000457763672,22023,0.0,0.0,2023-06-16
3342,2023-06-16 13:30:00-04:00,9.895000457763672,9.90999984741211,9.880000114440918,9.885000228881836,21685,0.0,0.0,2023-06-16
3343,2023-06-16 14:30:00-04:00,9.885000228881836,9.920000076293945,9.869999885559082,9.918000221252441,54345,0.0,0.0,2023-06-16
3344,2023-06-16 15:30:00-04:00,9.920000076293945,9.960000038146973,9.899999618530273,9.930000305175781,96290,0.0,0.0,2023-06-16
3345,2023-06-20 09:30:00-04:00,9.90999984741211,9.925999641418457,9.359999656677246,9.390000343322754,82409,0.0,0.0,2023-06-20
3346,2023-06-20 10:30:00-04:00,9.380000114440918,9.550000190734863,9.380000114440918,9.545000076293945,48939,0.0,0.0,2023-06-20
3347,2023-06-20 11:30:00-04:00,9.550000190734863,9.670000076293945,9.550000190734863,9.66100025177002,49551,0.0,0.0,2023-06-20
3348,2023-06-20 12:30:00-04:00,9.65999984741211,9.75,9.649999618530273,9.65999984741211,38582,0.0,0.0,2023-06-20
3349,2023-06-20 13:30:00-04:00,9.670000076293945,9.704999923706055,9.640000343322754,9.675000190734863,43427,0.0,0.0,2023-06-20
3350,2023-06-20 14:30:00-04:00,9.65999984741211,9.720000267028809,9.649999618530273,9.710000038146973,52046,0.0,0.0,2023-06-20
3351,2023-06-20 15:30:00-04:00,9.710000038146973,9.710000038146973,9.670000076293945,9.6899995803833,96484,0.0,0.0,2023-06-20
3352,2023-06-21 09:30:00-04:00,9.65999984741211,9.694999694824219,9.510000228881836,9.640000343322754,31291,0.0,0.0,2023-06-21
3353,2023-06-21 10:30:00-04:00,9.640000343322754,9.640000343322754,9.5600004196167,9.604999542236328,37441,0.0,0.0,2023-06-21
3354,2023-06-21 11:30:00-04:00,9.609999656677246,9.734999656677246,9.600000381469727,9.725000381469727,28999,0.0,0.0,2023-06-21
3355,2023-06-21 12:30:00-04:00,9.725000381469727,9.75,9.699999809265137,9.729999542236328,22583,0.0,0.0,2023-06-21
3356,2023-06-21 13:30:00-04:00,9.729999542236328,9.819999694824219,9.729999542236328,9.819999694824219,19193,0.0,0.0,2023-06-21
3357,2023-06-21 14:30:00-04:00,9.819899559020996,9.880000114440918,9.819899559020996,9.880000114440918,66453,0.0,0.0,2023-06-21
3358,2023-06-21 15:30:00-04:00,9.890000343322754,9.899999618530273,9.84000015258789,9.869999885559082,88903,0.0,0.0,2023-06-21
3359,2023-06-22 09:30:00-04:00,9.8100004196167,9.90999984741211,9.579999923706055,9.699999809265137,55975,0.0,0.0,2023-06-22
3360,2023-06-22 10:30:00-04:00,9.6899995803833,9.699999809265137,9.619999885559082,9.619999885559082,61336,0.0,0.0,2023-06-22
3361,2023-06-22 11:30:00-04:00,9.609999656677246,9.680000305175781,9.539999961853027,9.545000076293945,63508,0.0,0.0,2023-06-22
3362,2023-06-22 12:30:00-04:00,9.539999961853027,9.579999923706055,9.5,9.5,61299,0.0,0.0,2023-06-22
3363,2023-06-22 13:30:00-04:00,9.5,9.510000228881836,9.390000343322754,9.486599922180176,121695,0.0,0.0,2023-06-22
3364,2023-06-22 14:30:00-04:00,9.484999656677246,9.510000228881836,9.449999809265137,9.484999656677246,81620,0.0,0.0,2023-06-22
3365,2023-06-22 15:30:00-04:00,9.489999771118164,9.5,9.460000038146973,9.460000038146973,68663,0.0,0.0,2023-06-22
3366,2023-06-23 09:30:00-04:00,9.359999656677246,9.585000038146973,9.359999656677246,9.470000267028809,40894,0.0,0.0,2023-06-23
3367,2023-06-23 10:30:00-04:00,9.470000267028809,9.489999771118164,9.449999809265137,9.46500015258789,38263,0.0,0.0,2023-06-23
3368,2023-06-23 11:30:00-04:00,9.46500015258789,9.515000343322754,9.430000305175781,9.5,54311,0.0,0.0,2023-06-23
3369,2023-06-23 12:30:00-04:00,9.494999885559082,9.494999885559082,9.399999618530273,9.399999618530273,52795,0.0,0.0,2023-06-23
3370,2023-06-23 13:30:00-04:00,9.399999618530273,9.40999984741211,9.375,9.385000228881836,30109,0.0,0.0,2023-06-23
3371,2023-06-23 14:30:00-04:00,9.385000228881836,9.390000343322754,9.34000015258789,9.354999542236328,89479,0.0,0.0,2023-06-23
3372,2023-06-23 15:30:00-04:00,9.354999542236328,9.390000343322754,9.270000457763672,9.295000076293945,185766,0.0,0.0,2023-06-23
3373,2023-06-26 09:30:00-04:00,9.25,9.3100004196167,9.220000267028809,9.270000457763672,36210,0.0,0.0,2023-06-26
3374,2023-06-26 10:30:00-04:00,9.28499984741211,9.28499984741211,9.15999984741211,9.197500228881836,47000,0.0,0.0,2023-06-26
3375,2023-06-26 11:30:00-04:00,9.1899995803833,9.225000381469727,9.109999656677246,9.114999771118164,111023,0.0,0.0,2023-06-26
3376,2023-06-26 12:30:00-04:00,9.109999656677246,9.180000305175781,9.010000228881836,9.170000076293945,52804,0.0,0.0,2023-06-26
3377,2023-06-26 13:30:00-04:00,9.170000076293945,9.204999923706055,9.140000343322754,9.140000343322754,38340,0.0,0.0,2023-06-26
3378,2023-06-26 14:30:00-04:00,9.140000343322754,9.204999923706055,9.130000114440918,9.1850004196167,116954,0.0,0.0,2023-06-26
3379,2023-06-26 15:30:00-04:00,9.1850004196167,9.199999809265137,9.170000076293945,9.175000190734863,245749,0.0,0.0,2023-06-26
3380,2023-06-27 09:30:00-04:00,9.180000305175781,9.329999923706055,9.154000282287598,9.3149995803833,35408,0.0,0.0,2023-06-27
3381,2023-06-27 10:30:00-04:00,9.3100004196167,9.380000114440918,9.279999732971191,9.300000190734863,44292,0.0,0.0,2023-06-27
3382,2023-06-27 11:30:00-04:00,9.297499656677246,9.300000190734863,9.229999542236328,9.260000228881836,72077,0.0,0.0,2023-06-27
3383,2023-06-27 12:30:00-04:00,9.260000228881836,9.295000076293945,9.229999542236328,9.25,57293,0.0,0.0,2023-06-27
3384,2023-06-27 13:30:00-04:00,9.25,9.270000457763672,9.164999961853027,9.1875,78684,0.0,0.0,2023-06-27
3385,2023-06-27 14:30:00-04:00,9.1875,9.239999771118164,9.170000076293945,9.194999694824219,93856,0.0,0.0,2023-06-27
3386,2023-06-27 15:30:00-04:00,9.194999694824219,9.234999656677246,9.15999984741211,9.1899995803833,175575,0.0,0.0,2023-06-27
3387,2023-06-28 09:30:00-04:00,9.180000305175781,9.319999694824219,9.020099639892578,9.048999786376953,85370,0.0,0.0,2023-06-28
3388,2023-06-28 10:30:00-04:00,9.045000076293945,9.095000267028809,8.975000381469727,9.055000305175781,262023,0.0,0.0,2023-06-28
3389,2023-06-28 11:30:00-04:00,9.055000305175781,9.135000228881836,9.050000190734863,9.09000015258789,87942,0.0,0.0,2023-06-28
3390,2023-06-28 12:30:00-04:00,9.095000267028809,9.135000228881836,9.079999923706055,9.09000015258789,66576,0.0,0.0,2023-06-28
3391,2023-06-28 13:30:00-04:00,9.09000015258789,9.170000076293945,9.079999923706055,9.164999961853027,72661,0.0,0.0,2023-06-28
3392,2023-06-28 14:30:00-04:00,9.164999961853027,9.1899995803833,9.149999618530273,9.170000076293945,70397,0.0,0.0,2023-06-28
3393,2023-06-28 15:30:00-04:00,9.170000076293945,9.180000305175781,9.119999885559082,9.130000114440918,120659,0.0,0.0,2023-06-28
3394,2023-06-29 09:30:00-04:00,8.45199966430664,8.84000015258789,8.350000381469727,8.84000015258789,607991,0.0,0.0,2023-06-29
3395,2023-06-29 10:30:00-04:00,8.850000381469727,8.949999809265137,8.729999542236328,8.890000343322754,294068,0.0,0.0,2023-06-29
3396,2023-06-29 11:30:00-04:00,8.900099754333496,8.930000305175781,8.720100402832031,8.904999732971191,226866,0.0,0.0,2023-06-29
3397,2023-06-29 12:30:00-04:00,8.904999732971191,8.929300308227539,8.75,8.770000457763672,230098,0.0,0.0,2023-06-29
3398,2023-06-29 13:30:00-04:00,8.774999618530273,8.779999732971191,8.6899995803833,8.710000038146973,174175,0.0,0.0,2023-06-29
3399,2023-06-29 14:30:00-04:00,8.71500015258789,8.739999771118164,8.670000076293945,8.710000038146973,257820,0.0,0.0,2023-06-29
3400,2023-06-29 15:30:00-04:00,8.71500015258789,8.739999771118164,8.649999618530273,8.71500015258789,381361,0.0,0.0,2023-06-29
3401,2023-06-30 09:30:00-04:00,8.779999732971191,8.84000015258789,8.65999984741211,8.740099906921387,174792,0.0,0.0,2023-06-30
3402,2023-06-30 10:30:00-04:00,8.739999771118164,8.76990032196045,8.680000305175781,8.729999542236328,143310,0.0,0.0,2023-06-30
3403,2023-06-30 11:30:00-04:00,8.729999542236328,8.80459976196289,8.699999809265137,8.789999961853027,99634,0.0,0.0,2023-06-30
3404,2023-06-30 12:30:00-04:00,8.789999961853027,8.869999885559082,8.760000228881836,8.760000228881836,88886,0.0,0.0,2023-06-30
3405,2023-06-30 13:30:00-04:00,8.760000228881836,8.789999961853027,8.720000267028809,8.770000457763672,90399,0.0,0.0,2023-06-30
3406,2023-06-30 14:30:00-04:00,8.770000457763672,8.84000015258789,8.760000228881836,8.779999732971191,136373,0.0,0.0,2023-06-30
3407,2023-06-30 15:30:00-04:00,8.78499984741211,8.789999961853027,8.75,8.760000228881836,208446,0.0,0.0,2023-06-30
3408,2023-07-03 09:30:00-04:00,8.739999771118164,8.960000038146973,8.739999771118164,8.90999984741211,204223,0.0,0.0,2023-07-03
3409,2023-07-03 10:30:00-04:00,8.920000076293945,8.925000190734863,8.850000381469727,8.895000457763672,211660,0.0,0.0,2023-07-03
3410,2023-07-03 11:30:00-04:00,8.890000343322754,8.9399995803833,8.859999656677246,8.904999732971191,188617,0.0,0.0,2023-07-03
3411,2023-07-05 09:30:00-04:00,8.949999809265137,8.979999542236328,8.75,8.88010025024414,238827,0.0,0.0,2023-07-05
3412,2023-07-05 10:30:00-04:00,8.890000343322754,8.9350004196167,8.859999656677246,8.875,190515,0.0,0.0,2023-07-05
3413,2023-07-05 11:30:00-04:00,8.875,8.895000457763672,8.819999694824219,8.845000267028809,206900,0.0,0.0,2023-07-05
3414,2023-07-05 12:30:00-04:00,8.850000381469727,8.864999771118164,8.819999694824219,8.835000038146973,152213,0.0,0.0,2023-07-05
3415,2023-07-05 13:30:00-04:00,8.835000038146973,8.90999984741211,8.829999923706055,8.869999885559082,206452,0.0,0.0,2023-07-05
3416,2023-07-05 14:30:00-04:00,8.875,8.930000305175781,8.850000381469727,8.914999961853027,231728,0.0,0.0,2023-07-05
3417,2023-07-05 15:30:00-04:00,8.90999984741211,8.930000305175781,8.84000015258789,8.930000305175781,628083,0.0,0.0,2023-07-05
3418,2023-07-06 09:30:00-04:00,8.90999984741211,9.220000267028809,8.871999740600586,9.135000228881836,277038,0.0,0.0,2023-07-06
3419,2023-07-06 10:30:00-04:00,9.135000228881836,9.359999656677246,9.130000114440918,9.359999656677246,170183,0.0,0.0,2023-07-06
3420,2023-07-06 11:30:00-04:00,9.354999542236328,9.470000267028809,9.319999694824219,9.45580005645752,202585,0.0,0.0,2023-07-06
3421,2023-07-06 12:30:00-04:00,9.460000038146973,9.539999961853027,9.430000305175781,9.539999961853027,143844,0.0,0.0,2023-07-06
3422,2023-07-06 13:30:00-04:00,9.539999961853027,9.640000343322754,9.52079963684082,9.59000015258789,153076,0.0,0.0,2023-07-06
3423,2023-07-06 14:30:00-04:00,9.595000267028809,9.65999984741211,9.59000015258789,9.630000114440918,174231,0.0,0.0,2023-07-06
3424,2023-07-06 15:30:00-04:00,9.630000114440918,9.630000114440918,9.491000175476074,9.539999961853027,359124,0.0,0.0,2023-07-06
3425,2023-07-07 09:30:00-04:00,9.539999961853027,9.550000190734863,9.312000274658203,9.475000381469727,139110,0.0,0.0,2023-07-07
3426,2023-07-07 10:30:00-04:00,9.470000267028809,9.579999923706055,9.399999618530273,9.549400329589844,165680,0.0,0.0,2023-07-07
3427,2023-07-07 11:30:00-04:00,9.54990005493164,9.630000114440918,9.5,9.550000190734863,162172,0.0,0.0,2023-07-07
3428,2023-07-07 12:30:00-04:00,9.539999961853027,9.569999694824219,9.515000343322754,9.529999732971191,77424,0.0,0.0,2023-07-07
3429,2023-07-07 13:30:00-04:00,9.53499984741211,9.555000305175781,9.420000076293945,9.4399995803833,117491,0.0,0.0,2023-07-07
3430,2023-07-07 14:30:00-04:00,9.4399995803833,9.46500015258789,9.380000114440918,9.385000228881836,115745,0.0,0.0,2023-07-07
3431,2023-07-07 15:30:00-04:00,9.385000228881836,9.390000343322754,9.289999961853027,9.300000190734863,206621,0.0,0.0,2023-07-07
3432,2023-07-10 09:30:00-04:00,9.319999694824219,9.550000190734863,9.260000228881836,9.444999694824219,95255,0.0,0.0,2023-07-10
3433,2023-07-10 10:30:00-04:00,9.449999809265137,9.470000267028809,9.385000228881836,9.430000305175781,90098,0.0,0.0,2023-07-10
3434,2023-07-10 11:30:00-04:00,9.420000076293945,9.520000457763672,9.420000076293945,9.510000228881836,91776,0.0,0.0,2023-07-10
3435,2023-07-10 12:30:00-04:00,9.515000343322754,9.569999694824219,9.460000038146973,9.53499984741211,62860,0.0,0.0,2023-07-10
3436,2023-07-10 13:30:00-04:00,9.539999961853027,9.579999923706055,9.529999732971191,9.574999809265137,47814,0.0,0.0,2023-07-10
3437,2023-07-10 14:30:00-04:00,9.574999809265137,9.588199615478516,9.510000228881836,9.545000076293945,83073,0.0,0.0,2023-07-10
3438,2023-07-10 15:30:00-04:00,9.545000076293945,9.5600004196167,9.489999771118164,9.529999732971191,142688,0.0,0.0,2023-07-10
3439,2023-07-11 09:30:00-04:00,9.520000457763672,9.84000015258789,9.505000114440918,9.8149995803833,69008,0.0,0.0,2023-07-11
3440,2023-07-11 10:30:00-04:00,9.8149995803833,9.864999771118164,9.729999542236328,9.845000267028809,107643,0.0,0.0,2023-07-11
3441,2023-07-11 11:30:00-04:00,9.84000015258789,9.949999809265137,9.84000015258789,9.929900169372559,73682,0.0,0.0,2023-07-11
3442,2023-07-11 12:30:00-04:00,9.925000190734863,9.9350004196167,9.84000015258789,9.90999984741211,72769,0.0,0.0,2023-07-11
3443,2023-07-11 13:30:00-04:00,9.90999984741211,9.9350004196167,9.859999656677246,9.869999885559082,92311,0.0,0.0,2023-07-11
3444,2023-07-11 14:30:00-04:00,9.869999885559082,9.970000267028809,9.859999656677246,9.954999923706055,87913,0.0,0.0,2023-07-11
3445,2023-07-11 15:30:00-04:00,9.960000038146973,9.979999542236328,9.925999641418457,9.979999542236328,157990,0.0,0.0,2023-07-11
3446,2023-07-12 09:30:00-04:00,9.979999542236328,10.169899940490723,9.9399995803833,10.169899940490723,113862,0.0,0.0,2023-07-12
3447,2023-07-12 10:30:00-04:00,10.170000076293945,10.324999809265137,10.170000076293945,10.260000228881836,84080,0.0,0.0,2023-07-12
3448,2023-07-12 11:30:00-04:00,10.260000228881836,10.3100004196167,10.175000190734863,10.210000038146973,171702,0.0,0.0,2023-07-12
3449,2023-07-12 12:30:00-04:00,10.21500015258789,10.279999732971191,10.210000038146973,10.274999618530273,79618,0.0,0.0,2023-07-12
3450,2023-07-12 13:30:00-04:00,10.279999732971191,10.3100004196167,10.260000228881836,10.274999618530273,62578,0.0,0.0,2023-07-12
3451,2023-07-12 14:30:00-04:00,10.274999618530273,10.319999694824219,10.239999771118164,10.270000457763672,112973,0.0,0.0,2023-07-12
3452,2023-07-12 15:30:00-04:00,10.270000457763672,10.324999809265137,10.25,10.3100004196167,155766,0.0,0.0,2023-07-12
3453,2023-07-13 09:30:00-04:00,10.399999618530273,10.425000190734863,10.289999961853027,10.378299713134766,65796,0.0,0.0,2023-07-13
3454,2023-07-13 10:30:00-04:00,10.364999771118164,10.399999618530273,10.329999923706055,10.364999771118164,35938,0.0,0.0,2023-07-13
3455,2023-07-13 11:30:00-04:00,10.364999771118164,10.40999984741211,10.364999771118164,10.399999618530273,30408,0.0,0.0,2023-07-13
3456,2023-07-13 12:30:00-04:00,10.395000457763672,10.395000457763672,10.255000114440918,10.265000343322754,54791,0.0,0.0,2023-07-13
3457,2023-07-13 13:30:00-04:00,10.265000343322754,10.265000343322754,10.140000343322754,10.145000457763672,62624,0.0,0.0,2023-07-13
3458,2023-07-13 14:30:00-04:00,10.145000457763672,10.21500015258789,10.119999885559082,10.15999984741211,74441,0.0,0.0,2023-07-13
3459,2023-07-13 15:30:00-04:00,10.154999732971191,10.15999984741211,10.039999961853027,10.055000305175781,171723,0.0,0.0,2023-07-13
3460,2023-07-14 09:30:00-04:00,10.069999694824219,10.089900016784668,9.90999984741211,9.90999984741211,50564,0.0,0.0,2023-07-14
3461,2023-07-14 10:30:00-04:00,9.90999984741211,9.975000381469727,9.869999885559082,9.9399995803833,41497,0.0,0.0,2023-07-14
3462,2023-07-14 11:30:00-04:00,9.949999809265137,9.999300003051758,9.940500259399414,9.991299629211426,28540,0.0,0.0,2023-07-14
3463,2023-07-14 12:30:00-04:00,9.989999771118164,10.045000076293945,9.989999771118164,10.020000457763672,28640,0.0,0.0,2023-07-14
3464,2023-07-14 13:30:00-04:00,10.029999732971191,10.045000076293945,10.0,10.0,30358,0.0,0.0,2023-07-14
3465,2023-07-14 14:30:00-04:00,10.005000114440918,10.045000076293945,9.979999542236328,9.984999656677246,52450,0.0,0.0,2023-07-14
3466,2023-07-14 15:30:00-04:00,9.984999656677246,10.005000114440918,9.949999809265137,9.970000267028809,105973,0.0,0.0,2023-07-14
3467,2023-07-17 09:30:00-04:00,9.949999809265137,10.0600004196167,9.845000267028809,9.845000267028809,26438,0.0,0.0,2023-07-17
3468,2023-07-17 10:30:00-04:00,9.846500396728516,9.970000267028809,9.846500396728516,9.914999961853027,29382,0.0,0.0,2023-07-17
3469,2023-07-17 11:30:00-04:00,9.920000076293945,9.925000190734863,9.850000381469727,9.850000381469727,27637,0.0,0.0,2023-07-17
3470,2023-07-17 12:30:00-04:00,9.854999542236328,9.869999885559082,9.8100004196167,9.854999542236328,27960,0.0,0.0,2023-07-17
3471,2023-07-17 13:30:00-04:00,9.854999542236328,9.869999885559082,9.845000267028809,9.854999542236328,20252,0.0,0.0,2023-07-17
3472,2023-07-17 14:30:00-04:00,9.859999656677246,9.890000343322754,9.824999809265137,9.829999923706055,40708,0.0,0.0,2023-07-17
3473,2023-07-17 15:30:00-04:00,9.824999809265137,9.824999809265137,9.779999732971191,9.779999732971191,95401,0.0,0.0,2023-07-17
3474,2023-07-18 09:30:00-04:00,9.8100004196167,9.994999885559082,9.75,9.949999809265137,45739,0.0,0.0,2023-07-18
3475,2023-07-18 10:30:00-04:00,9.930000305175781,9.954999923706055,9.909199714660645,9.9399995803833,39657,0.0,0.0,2023-07-18
3476,2023-07-18 11:30:00-04:00,9.949999809265137,9.949999809265137,9.84000015258789,9.875,47848,0.0,0.0,2023-07-18
3477,2023-07-18 12:30:00-04:00,9.869999885559082,9.899999618530273,9.859999656677246,9.879899978637695,28614,0.0,0.0,2023-07-18
3478,2023-07-18 13:30:00-04:00,9.869999885559082,9.890000343322754,9.850000381469727,9.880000114440918,24985,0.0,0.0,2023-07-18
3479,2023-07-18 14:30:00-04:00,9.880000114440918,9.925000190734863,9.869999885559082,9.914999961853027,31143,0.0,0.0,2023-07-18
3480,2023-07-18 15:30:00-04:00,9.920000076293945,9.960000038146973,9.890000343322754,9.960000038146973,100661,0.0,0.0,2023-07-18
3481,2023-07-19 09:30:00-04:00,9.970000267028809,10.170000076293945,9.949999809265137,10.145299911499023,51093,0.0,0.0,2023-07-19
3482,2023-07-19 10:30:00-04:00,10.145000457763672,10.164999961853027,10.039999961853027,10.085000038146973,60937,0.0,0.0,2023-07-19
3483,2023-07-19 11:30:00-04:00,10.09000015258789,10.145000457763672,10.085000038146973,10.145000457763672,34834,0.0,0.0,2023-07-19
3484,2023-07-19 12:30:00-04:00,10.140000343322754,10.15999984741211,10.09000015258789,10.130000114440918,34251,0.0,0.0,2023-07-19
3485,2023-07-19 13:30:00-04:00,10.130000114440918,10.140000343322754,10.09000015258789,10.100000381469727,35678,0.0,0.0,2023-07-19
3486,2023-07-19 14:30:00-04:00,10.104999542236328,10.104999542236328,10.0600004196167,10.0625,69735,0.0,0.0,2023-07-19
3487,2023-07-19 15:30:00-04:00,10.050000190734863,10.149999618530273,10.03499984741211,10.130000114440918,194026,0.0,0.0,2023-07-19
3488,2023-07-20 09:30:00-04:00,10.15999984741211,10.239999771118164,10.100000381469727,10.239999771118164,26756,0.0,0.0,2023-07-20
3489,2023-07-20 10:30:00-04:00,10.239999771118164,10.239999771118164,10.180000305175781,10.234999656677246,69589,0.0,0.0,2023-07-20
3490,2023-07-20 11:30:00-04:00,10.229999542236328,10.305000305175781,10.21500015258789,10.244999885559082,33128,0.0,0.0,2023-07-20
3491,2023-07-20 12:30:00-04:00,10.25,10.270000457763672,10.225000381469727,10.260000228881836,30550,0.0,0.0,2023-07-20
3492,2023-07-20 13:30:00-04:00,10.260000228881836,10.300000190734863,10.229999542236328,10.295000076293945,78766,0.0,0.0,2023-07-20
3493,2023-07-20 14:30:00-04:00,10.300000190734863,10.335000038146973,10.274999618530273,10.28499984741211,60820,0.0,0.0,2023-07-20
3494,2023-07-20 15:30:00-04:00,10.28499984741211,10.359999656677246,10.280099868774414,10.354999542236328,132537,0.0,0.0,2023-07-20
3495,2023-07-21 09:30:00-04:00,10.380000114440918,10.479999542236328,10.220000267028809,10.220000267028809,89729,0.0,0.0,2023-07-21
3496,2023-07-21 10:30:00-04:00,10.199999809265137,10.270000457763672,10.1899995803833,10.260000228881836,43376,0.0,0.0,2023-07-21
3497,2023-07-21 11:30:00-04:00,10.270000457763672,10.329999923706055,10.229999542236328,10.229999542236328,23428,0.0,0.0,2023-07-21
3498,2023-07-21 12:30:00-04:00,10.225000381469727,10.25,10.15999984741211,10.229999542236328,50748,0.0,0.0,2023-07-21
3499,2023-07-21 13:30:00-04:00,10.225000381469727,10.260000228881836,10.1899995803833,10.220000267028809,36855,0.0,0.0,2023-07-21
3500,2023-07-21 14:30:00-04:00,10.210000038146973,10.239999771118164,10.1899995803833,10.229999542236328,47347,0.0,0.0,2023-07-21
3501,2023-07-21 15:30:00-04:00,10.225000381469727,10.229999542236328,10.140000343322754,10.170000076293945,89834,0.0,0.0,2023-07-21
