,Timestamp,Open,High,Low,Close,Volume,Dividends,Stock Splits,Date
0,2021-07-23 09:00:00+02:00,44.470001220703125,44.61000061035156,44.189998626708984,44.349998474121094,0,0.0,0.0,2021-07-23
1,2021-07-23 10:00:00+02:00,44.380001068115234,44.619998931884766,44.36000061035156,44.5099983215332,36636,0.0,0.0,2021-07-23
2,2021-07-23 11:00:00+02:00,44.5,44.599998474121094,44.470001220703125,44.529998779296875,22309,0.0,0.0,2021-07-23
3,2021-07-23 12:00:00+02:00,44.52000045776367,44.81999969482422,44.52000045776367,44.77000045776367,17908,0.0,0.0,2021-07-23
4,2021-07-23 13:00:00+02:00,44.79999923706055,44.91999816894531,44.709999084472656,44.88999938964844,18947,0.0,0.0,2021-07-23
5,2021-07-23 14:00:00+02:00,44.880001068115234,44.95000076293945,44.790000915527344,44.81999969482422,9071,0.0,0.0,2021-07-23
6,2021-07-23 15:00:00+02:00,44.810001373291016,45.119998931884766,44.77000045776367,44.91999816894531,24204,0.0,0.0,2021-07-23
7,2021-07-23 16:00:00+02:00,44.91999816894531,45.130001068115234,44.86000061035156,44.9900016784668,35970,0.0,0.0,2021-07-23
8,2021-07-23 17:00:00+02:00,44.970001220703125,45.09000015258789,44.93000030517578,45.06999969482422,151559,0.0,0.0,2021-07-23
9,2021-07-26 09:00:00+02:00,44.77000045776367,44.84000015258789,44.400001525878906,44.68000030517578,0,0.0,0.0,2021-07-26
10,2021-07-26 10:00:00+02:00,44.65999984741211,44.709999084472656,44.470001220703125,44.619998931884766,8752,0.0,0.0,2021-07-26
11,2021-07-26 11:00:00+02:00,44.59000015258789,45.0099983215332,44.58000183105469,45.0099983215332,14316,0.0,0.0,2021-07-26
12,2021-07-26 12:00:00+02:00,45.0,45.16999816894531,44.9900016784668,45.09000015258789,11183,0.0,0.0,2021-07-26
13,2021-07-26 13:00:00+02:00,45.099998474121094,45.20000076293945,45.04999923706055,45.20000076293945,4297,0.0,0.0,2021-07-26
14,2021-07-26 14:00:00+02:00,45.189998626708984,45.369998931884766,45.16999816894531,45.189998626708984,8974,0.0,0.0,2021-07-26
15,2021-07-26 15:00:00+02:00,45.189998626708984,45.38999938964844,45.150001525878906,45.38999938964844,21385,0.0,0.0,2021-07-26
16,2021-07-26 16:00:00+02:00,45.38999938964844,45.540000915527344,45.290000915527344,45.349998474121094,19568,0.0,0.0,2021-07-26
17,2021-07-26 17:00:00+02:00,45.36000061035156,45.470001220703125,45.34000015258789,45.470001220703125,131055,0.0,0.0,2021-07-26
18,2021-07-27 09:00:00+02:00,45.33000183105469,45.36000061035156,44.709999084472656,44.81999969482422,0,0.0,0.0,2021-07-27
19,2021-07-27 10:00:00+02:00,44.779998779296875,44.959999084472656,44.63999938964844,44.91999816894531,29914,0.0,0.0,2021-07-27
20,2021-07-27 11:00:00+02:00,44.900001525878906,44.97999954223633,44.84000015258789,44.90999984741211,10863,0.0,0.0,2021-07-27
21,2021-07-27 12:00:00+02:00,44.88999938964844,44.90999984741211,44.779998779296875,44.849998474121094,8857,0.0,0.0,2021-07-27
22,2021-07-27 13:00:00+02:00,44.86000061035156,44.880001068115234,44.650001525878906,44.66999816894531,5894,0.0,0.0,2021-07-27
23,2021-07-27 14:00:00+02:00,44.66999816894531,44.70000076293945,44.5,44.66999816894531,12867,0.0,0.0,2021-07-27
24,2021-07-27 15:00:00+02:00,44.65999984741211,44.689998626708984,44.4900016784668,44.630001068115234,24883,0.0,0.0,2021-07-27
25,2021-07-27 16:00:00+02:00,44.61000061035156,44.880001068115234,44.599998474121094,44.84000015258789,18317,0.0,0.0,2021-07-27
26,2021-07-27 17:00:00+02:00,44.849998474121094,44.90999984741211,44.79999923706055,44.81999969482422,107963,0.0,0.0,2021-07-27
27,2021-07-28 09:00:00+02:00,44.849998474121094,45.119998931884766,44.83000183105469,44.939998626708984,0,0.0,0.0,2021-07-28
28,2021-07-28 10:00:00+02:00,44.93000030517578,44.959999084472656,44.75,44.77000045776367,12493,0.0,0.0,2021-07-28
29,2021-07-28 11:00:00+02:00,44.7599983215332,44.880001068115234,44.7599983215332,44.83000183105469,13092,0.0,0.0,2021-07-28
30,2021-07-28 12:00:00+02:00,44.84000015258789,44.86000061035156,44.689998626708984,44.790000915527344,7623,0.0,0.0,2021-07-28
31,2021-07-28 13:00:00+02:00,44.779998779296875,44.810001373291016,44.689998626708984,44.720001220703125,6764,0.0,0.0,2021-07-28
32,2021-07-28 14:00:00+02:00,44.720001220703125,44.7599983215332,44.58000183105469,44.630001068115234,7099,0.0,0.0,2021-07-28
33,2021-07-28 15:00:00+02:00,44.68000030517578,44.86000061035156,44.68000030517578,44.77000045776367,14394,0.0,0.0,2021-07-28
34,2021-07-28 16:00:00+02:00,44.779998779296875,44.779998779296875,44.56999969482422,44.650001525878906,21008,0.0,0.0,2021-07-28
35,2021-07-28 17:00:00+02:00,44.65999984741211,44.7400016784668,44.560001373291016,44.7400016784668,120584,0.0,0.0,2021-07-28
36,2021-07-29 09:00:00+02:00,44.88999938964844,45.099998474121094,44.75,45.040000915527344,0,0.0,0.0,2021-07-29
37,2021-07-29 10:00:00+02:00,45.08000183105469,45.18000030517578,45.060001373291016,45.119998931884766,9911,0.0,0.0,2021-07-29
38,2021-07-29 11:00:00+02:00,45.11000061035156,45.290000915527344,45.09000015258789,45.2599983215332,8945,0.0,0.0,2021-07-29
39,2021-07-29 12:00:00+02:00,45.25,45.459999084472656,45.25,45.349998474121094,12835,0.0,0.0,2021-07-29
40,2021-07-29 13:00:00+02:00,45.380001068115234,45.41999816894531,45.25,45.36000061035156,8205,0.0,0.0,2021-07-29
41,2021-07-29 14:00:00+02:00,45.36000061035156,45.380001068115234,45.220001220703125,45.34000015258789,8307,0.0,0.0,2021-07-29
42,2021-07-29 15:00:00+02:00,45.34000015258789,45.56999969482422,45.31999969482422,45.369998931884766,18306,0.0,0.0,2021-07-29
43,2021-07-29 16:00:00+02:00,45.36000061035156,45.41999816894531,45.22999954223633,45.22999954223633,10678,0.0,0.0,2021-07-29
44,2021-07-29 17:00:00+02:00,45.22999954223633,45.290000915527344,45.18000030517578,45.290000915527344,89668,0.0,0.0,2021-07-29
45,2021-07-30 09:00:00+02:00,45.029998779296875,45.20000076293945,44.79999923706055,44.95000076293945,0,0.0,0.0,2021-07-30
46,2021-07-30 10:00:00+02:00,44.95000076293945,45.13999938964844,44.93000030517578,44.959999084472656,10935,0.0,0.0,2021-07-30
47,2021-07-30 11:00:00+02:00,44.970001220703125,44.970001220703125,44.619998931884766,44.650001525878906,16007,0.0,0.0,2021-07-30
48,2021-07-30 12:00:00+02:00,44.63999938964844,44.81999969482422,44.61000061035156,44.790000915527344,7142,0.0,0.0,2021-07-30
49,2021-07-30 13:00:00+02:00,44.790000915527344,44.900001525878906,44.7400016784668,44.880001068115234,6875,0.0,0.0,2021-07-30
50,2021-07-30 14:00:00+02:00,44.869998931884766,44.9900016784668,44.77000045776367,44.9900016784668,6422,0.0,0.0,2021-07-30
51,2021-07-30 15:00:00+02:00,44.970001220703125,45.0099983215332,44.790000915527344,45.0,19923,0.0,0.0,2021-07-30
52,2021-07-30 16:00:00+02:00,44.97999954223633,45.04999923706055,44.599998474121094,44.599998474121094,9771,0.0,0.0,2021-07-30
53,2021-07-30 17:00:00+02:00,44.56999969482422,44.66999816894531,44.560001373291016,44.560001373291016,195512,0.0,0.0,2021-07-30
54,2021-08-02 09:00:00+02:00,44.810001373291016,45.41999816894531,44.79999923706055,45.02000045776367,0,0.0,0.0,2021-08-02
55,2021-08-02 10:00:00+02:00,45.02000045776367,45.20000076293945,44.900001525878906,45.20000076293945,12232,0.0,0.0,2021-08-02
56,2021-08-02 11:00:00+02:00,45.15999984741211,45.310001373291016,45.09000015258789,45.2400016784668,15187,0.0,0.0,2021-08-02
57,2021-08-02 12:00:00+02:00,45.20000076293945,45.209999084472656,45.09000015258789,45.150001525878906,5826,0.0,0.0,2021-08-02
58,2021-08-02 13:00:00+02:00,45.11000061035156,45.2400016784668,45.060001373291016,45.150001525878906,4125,0.0,0.0,2021-08-02
59,2021-08-02 14:00:00+02:00,45.18000030517578,45.220001220703125,45.130001068115234,45.209999084472656,4191,0.0,0.0,2021-08-02
60,2021-08-02 15:00:00+02:00,45.209999084472656,45.470001220703125,45.18000030517578,45.41999816894531,12279,0.0,0.0,2021-08-02
61,2021-08-02 16:00:00+02:00,45.40999984741211,45.43000030517578,44.90999984741211,44.90999984741211,22938,0.0,0.0,2021-08-02
62,2021-08-02 17:00:00+02:00,44.91999816894531,44.97999954223633,44.84000015258789,44.84000015258789,88362,0.0,0.0,2021-08-02
63,2021-08-03 09:00:00+02:00,44.970001220703125,45.2400016784668,44.900001525878906,45.099998474121094,0,0.0,0.0,2021-08-03
64,2021-08-03 10:00:00+02:00,45.11000061035156,45.20000076293945,44.81999969482422,44.86000061035156,19406,0.0,0.0,2021-08-03
65,2021-08-03 11:00:00+02:00,44.86000061035156,44.91999816894531,44.75,44.84000015258789,4913,0.0,0.0,2021-08-03
66,2021-08-03 12:00:00+02:00,44.880001068115234,45.02000045776367,44.83000183105469,44.9900016784668,7788,0.0,0.0,2021-08-03
67,2021-08-03 13:00:00+02:00,45.02000045776367,45.13999938964844,45.0,45.099998474121094,5973,0.0,0.0,2021-08-03
68,2021-08-03 14:00:00+02:00,45.08000183105469,45.08000183105469,44.81999969482422,44.84000015258789,5793,0.0,0.0,2021-08-03
69,2021-08-03 15:00:00+02:00,44.849998474121094,44.91999816894531,44.56999969482422,44.599998474121094,10903,0.0,0.0,2021-08-03
70,2021-08-03 16:00:00+02:00,44.630001068115234,44.9900016784668,44.619998931884766,44.88999938964844,13552,0.0,0.0,2021-08-03
71,2021-08-03 17:00:00+02:00,44.88999938964844,45.09000015258789,44.88999938964844,45.0,112941,0.0,0.0,2021-08-03
72,2021-08-04 09:00:00+02:00,45.15999984741211,45.369998931884766,45.06999969482422,45.13999938964844,0,0.0,0.0,2021-08-04
73,2021-08-04 10:00:00+02:00,45.099998474121094,45.209999084472656,44.970001220703125,44.9900016784668,9145,0.0,0.0,2021-08-04
74,2021-08-04 11:00:00+02:00,44.84000015258789,45.15999984741211,44.83000183105469,45.13999938964844,5139,0.0,0.0,2021-08-04
75,2021-08-04 12:00:00+02:00,45.119998931884766,45.119998931884766,44.9900016784668,44.9900016784668,6227,0.0,0.0,2021-08-04
76,2021-08-04 13:00:00+02:00,45.0,45.0,44.810001373291016,44.880001068115234,2983,0.0,0.0,2021-08-04
77,2021-08-04 14:00:00+02:00,44.869998931884766,44.91999816894531,44.65999984741211,44.709999084472656,7694,0.0,0.0,2021-08-04
78,2021-08-04 15:00:00+02:00,44.70000076293945,44.97999954223633,44.689998626708984,44.970001220703125,16461,0.0,0.0,2021-08-04
79,2021-08-04 16:00:00+02:00,44.97999954223633,45.2400016784668,44.97999954223633,45.130001068115234,24612,0.0,0.0,2021-08-04
80,2021-08-04 17:00:00+02:00,45.119998931884766,45.25,45.09000015258789,45.099998474121094,104187,0.0,0.0,2021-08-04
81,2021-08-05 09:00:00+02:00,45.02000045776367,45.43000030517578,45.0,45.400001525878906,0,0.0,0.0,2021-08-05
82,2021-08-05 10:00:00+02:00,45.380001068115234,45.61000061035156,45.36000061035156,45.599998474121094,15060,0.0,0.0,2021-08-05
83,2021-08-05 11:00:00+02:00,45.58000183105469,45.61000061035156,45.349998474121094,45.349998474121094,6739,0.0,0.0,2021-08-05
84,2021-08-05 12:00:00+02:00,45.36000061035156,45.369998931884766,45.220001220703125,45.290000915527344,19315,0.0,0.0,2021-08-05
85,2021-08-05 13:00:00+02:00,45.29999923706055,45.400001525878906,45.29999923706055,45.36000061035156,9406,0.0,0.0,2021-08-05
86,2021-08-05 14:00:00+02:00,45.369998931884766,45.560001373291016,45.36000061035156,45.470001220703125,10048,0.0,0.0,2021-08-05
87,2021-08-05 15:00:00+02:00,45.470001220703125,45.689998626708984,45.439998626708984,45.529998779296875,21661,0.0,0.0,2021-08-05
88,2021-08-05 16:00:00+02:00,45.56999969482422,45.650001525878906,45.560001373291016,45.61000061035156,24767,0.0,0.0,2021-08-05
89,2021-08-05 17:00:00+02:00,45.619998931884766,45.66999816894531,45.47999954223633,45.47999954223633,127752,0.0,0.0,2021-08-05
90,2021-08-06 09:00:00+02:00,45.59000015258789,45.709999084472656,45.459999084472656,45.63999938964844,0,0.0,0.0,2021-08-06
91,2021-08-06 10:00:00+02:00,45.65999984741211,45.72999954223633,45.5099983215332,45.63999938964844,6185,0.0,0.0,2021-08-06
92,2021-08-06 11:00:00+02:00,45.619998931884766,45.779998779296875,45.619998931884766,45.77000045776367,5950,0.0,0.0,2021-08-06
93,2021-08-06 12:00:00+02:00,45.7599983215332,45.849998474121094,45.689998626708984,45.720001220703125,5286,0.0,0.0,2021-08-06
94,2021-08-06 13:00:00+02:00,45.709999084472656,45.849998474121094,45.709999084472656,45.81999969482422,6635,0.0,0.0,2021-08-06
95,2021-08-06 14:00:00+02:00,45.83000183105469,46.08000183105469,45.77000045776367,46.060001373291016,15175,0.0,0.0,2021-08-06
96,2021-08-06 15:00:00+02:00,46.08000183105469,46.220001220703125,46.060001373291016,46.220001220703125,16350,0.0,0.0,2021-08-06
97,2021-08-06 16:00:00+02:00,46.209999084472656,46.25,46.11000061035156,46.150001525878906,15923,0.0,0.0,2021-08-06
98,2021-08-06 17:00:00+02:00,46.150001525878906,46.209999084472656,46.040000915527344,46.040000915527344,121926,0.0,0.0,2021-08-06
99,2021-08-09 09:00:00+02:00,46.0,46.45000076293945,45.90999984741211,46.369998931884766,0,0.0,0.0,2021-08-09
100,2021-08-09 10:00:00+02:00,46.38999938964844,46.439998626708984,46.25,46.41999816894531,16776,0.0,0.0,2021-08-09
101,2021-08-09 11:00:00+02:00,46.400001525878906,46.45000076293945,46.310001373291016,46.349998474121094,12506,0.0,0.0,2021-08-09
102,2021-08-09 12:00:00+02:00,46.33000183105469,46.380001068115234,46.22999954223633,46.22999954223633,8370,0.0,0.0,2021-08-09
103,2021-08-09 13:00:00+02:00,46.22999954223633,46.31999969482422,46.20000076293945,46.2599983215332,5854,0.0,0.0,2021-08-09
104,2021-08-09 14:00:00+02:00,46.25,46.29999923706055,46.119998931884766,46.279998779296875,13022,0.0,0.0,2021-08-09
105,2021-08-09 15:00:00+02:00,46.290000915527344,46.470001220703125,46.20000076293945,46.41999816894531,30896,0.0,0.0,2021-08-09
106,2021-08-09 16:00:00+02:00,46.43000030517578,46.540000915527344,46.310001373291016,46.5099983215332,21670,0.0,0.0,2021-08-09
107,2021-08-09 17:00:00+02:00,46.5,46.54999923706055,46.41999816894531,46.41999816894531,98532,0.0,0.0,2021-08-09
108,2021-08-10 09:00:00+02:00,46.36000061035156,46.41999816894531,46.099998474121094,46.16999816894531,0,0.0,0.0,2021-08-10
109,2021-08-10 10:00:00+02:00,46.189998626708984,46.279998779296875,46.099998474121094,46.279998779296875,14897,0.0,0.0,2021-08-10
110,2021-08-10 11:00:00+02:00,46.27000045776367,46.279998779296875,46.150001525878906,46.16999816894531,18850,0.0,0.0,2021-08-10
111,2021-08-10 12:00:00+02:00,46.18000030517578,46.18000030517578,45.9900016784668,46.11000061035156,25145,0.0,0.0,2021-08-10
112,2021-08-10 13:00:00+02:00,46.13999938964844,46.150001525878906,45.880001068115234,45.959999084472656,25756,0.0,0.0,2021-08-10
113,2021-08-10 14:00:00+02:00,45.939998626708984,46.040000915527344,45.869998931884766,46.0099983215332,34097,0.0,0.0,2021-08-10
114,2021-08-10 15:00:00+02:00,46.029998779296875,46.189998626708984,46.029998779296875,46.15999984741211,17214,0.0,0.0,2021-08-10
115,2021-08-10 16:00:00+02:00,46.16999816894531,46.33000183105469,46.15999984741211,46.310001373291016,31234,0.0,0.0,2021-08-10
116,2021-08-10 17:00:00+02:00,46.29999923706055,46.33000183105469,46.150001525878906,46.150001525878906,124891,0.0,0.0,2021-08-10
117,2021-08-11 09:00:00+02:00,45.79999923706055,45.90999984741211,44.380001068115234,44.790000915527344,0,0.0,0.0,2021-08-11
118,2021-08-11 10:00:00+02:00,44.779998779296875,45.2400016784668,44.7599983215332,45.04999923706055,63327,0.0,0.0,2021-08-11
119,2021-08-11 11:00:00+02:00,45.060001373291016,45.779998779296875,45.060001373291016,45.72999954223633,102670,0.0,0.0,2021-08-11
120,2021-08-11 12:00:00+02:00,45.720001220703125,45.97999954223633,45.5,45.5,22148,0.0,0.0,2021-08-11
121,2021-08-11 13:00:00+02:00,45.470001220703125,45.5099983215332,45.20000076293945,45.34000015258789,26388,0.0,0.0,2021-08-11
122,2021-08-11 14:00:00+02:00,45.31999969482422,45.86000061035156,45.31999969482422,45.529998779296875,40146,0.0,0.0,2021-08-11
123,2021-08-11 15:00:00+02:00,45.56999969482422,45.810001373291016,45.369998931884766,45.56999969482422,57677,0.0,0.0,2021-08-11
124,2021-08-11 16:00:00+02:00,45.560001373291016,45.650001525878906,45.16999816894531,45.29999923706055,60142,0.0,0.0,2021-08-11
125,2021-08-11 17:00:00+02:00,45.310001373291016,45.5,45.2400016784668,45.2400016784668,169289,0.0,0.0,2021-08-11
126,2021-08-12 09:00:00+02:00,45.09000015258789,45.61000061035156,44.880001068115234,45.5,0,0.0,0.0,2021-08-12
127,2021-08-12 10:00:00+02:00,45.47999954223633,45.4900016784668,45.29999923706055,45.33000183105469,20796,0.0,0.0,2021-08-12
128,2021-08-12 11:00:00+02:00,45.36000061035156,45.65999984741211,45.36000061035156,45.599998474121094,37622,0.0,0.0,2021-08-12
129,2021-08-12 12:00:00+02:00,45.61000061035156,45.68000030517578,45.439998626708984,45.459999084472656,15062,0.0,0.0,2021-08-12
130,2021-08-12 13:00:00+02:00,45.470001220703125,45.5099983215332,45.2599983215332,45.2599983215332,10669,0.0,0.0,2021-08-12
131,2021-08-12 14:00:00+02:00,45.22999954223633,45.2599983215332,44.9900016784668,45.02000045776367,23716,0.0,0.0,2021-08-12
132,2021-08-12 15:00:00+02:00,45.02000045776367,45.09000015258789,44.650001525878906,44.709999084472656,75652,0.0,0.0,2021-08-12
133,2021-08-12 16:00:00+02:00,44.720001220703125,44.939998626708984,44.59000015258789,44.77000045776367,46903,0.0,0.0,2021-08-12
134,2021-08-12 17:00:00+02:00,44.75,44.810001373291016,44.61000061035156,44.61000061035156,178404,0.0,0.0,2021-08-12
135,2021-08-13 09:00:00+02:00,44.560001373291016,44.68000030517578,44.36000061035156,44.630001068115234,0,0.0,0.0,2021-08-13
136,2021-08-13 10:00:00+02:00,44.63999938964844,44.709999084472656,44.45000076293945,44.61000061035156,21458,0.0,0.0,2021-08-13
137,2021-08-13 11:00:00+02:00,44.56999969482422,44.630001068115234,44.470001220703125,44.5099983215332,18352,0.0,0.0,2021-08-13
138,2021-08-13 12:00:00+02:00,44.52000045776367,44.56999969482422,44.369998931884766,44.4900016784668,13097,0.0,0.0,2021-08-13
139,2021-08-13 13:00:00+02:00,44.47999954223633,44.52000045776367,44.380001068115234,44.47999954223633,11449,0.0,0.0,2021-08-13
140,2021-08-13 14:00:00+02:00,44.470001220703125,44.54999923706055,44.439998626708984,44.52000045776367,14935,0.0,0.0,2021-08-13
141,2021-08-13 15:00:00+02:00,44.529998779296875,44.720001220703125,44.459999084472656,44.650001525878906,42563,0.0,0.0,2021-08-13
142,2021-08-13 16:00:00+02:00,44.63999938964844,44.709999084472656,44.54999923706055,44.650001525878906,32394,0.0,0.0,2021-08-13
143,2021-08-13 17:00:00+02:00,44.650001525878906,44.689998626708984,44.54999923706055,44.61000061035156,151044,0.0,0.0,2021-08-13
144,2021-08-16 09:00:00+02:00,44.380001068115234,44.38999938964844,44.02000045776367,44.380001068115234,0,0.0,0.0,2021-08-16
145,2021-08-16 10:00:00+02:00,44.38999938964844,44.439998626708984,44.16999816894531,44.220001220703125,37293,0.0,0.0,2021-08-16
146,2021-08-16 11:00:00+02:00,44.22999954223633,44.400001525878906,44.209999084472656,44.2599983215332,16750,0.0,0.0,2021-08-16
147,2021-08-16 12:00:00+02:00,44.2400016784668,44.27000045776367,44.119998931884766,44.22999954223633,9789,0.0,0.0,2021-08-16
148,2021-08-16 13:00:00+02:00,44.22999954223633,44.310001373291016,44.209999084472656,44.290000915527344,5230,0.0,0.0,2021-08-16
149,2021-08-16 14:00:00+02:00,44.279998779296875,44.279998779296875,44.15999984741211,44.18000030517578,13771,0.0,0.0,2021-08-16
150,2021-08-16 15:00:00+02:00,44.18000030517578,44.209999084472656,44.0099983215332,44.09000015258789,30858,0.0,0.0,2021-08-16
151,2021-08-16 16:00:00+02:00,44.06999969482422,44.189998626708984,44.029998779296875,44.16999816894531,29022,0.0,0.0,2021-08-16
152,2021-08-16 17:00:00+02:00,44.16999816894531,44.2599983215332,44.130001068115234,44.2400016784668,117494,0.0,0.0,2021-08-16
153,2021-08-17 09:00:00+02:00,44.040000915527344,44.06999969482422,43.689998626708984,43.91999816894531,0,0.0,0.0,2021-08-17
154,2021-08-17 10:00:00+02:00,43.970001220703125,44.0,43.869998931884766,43.880001068115234,2779,0.0,0.0,2021-08-17
155,2021-08-17 11:00:00+02:00,43.81999969482422,43.86000061035156,43.720001220703125,43.75,32214,0.0,0.0,2021-08-17
156,2021-08-17 12:00:00+02:00,43.75,43.84000015258789,43.689998626708984,43.84000015258789,22842,0.0,0.0,2021-08-17
157,2021-08-17 13:00:00+02:00,43.84000015258789,43.86000061035156,43.77000045776367,43.83000183105469,8484,0.0,0.0,2021-08-17
158,2021-08-17 14:00:00+02:00,43.84000015258789,43.95000076293945,43.75,43.93000030517578,13382,0.0,0.0,2021-08-17
159,2021-08-17 15:00:00+02:00,43.91999816894531,43.939998626708984,43.7599983215332,43.83000183105469,31790,0.0,0.0,2021-08-17
160,2021-08-17 16:00:00+02:00,43.83000183105469,44.029998779296875,43.81999969482422,43.88999938964844,33070,0.0,0.0,2021-08-17
161,2021-08-17 17:00:00+02:00,43.880001068115234,43.90999984741211,43.790000915527344,43.790000915527344,127198,0.0,0.0,2021-08-17
162,2021-08-18 09:00:00+02:00,43.790000915527344,44.09000015258789,43.70000076293945,43.869998931884766,0,0.0,0.0,2021-08-18
163,2021-08-18 10:00:00+02:00,43.86000061035156,43.9900016784668,43.720001220703125,43.720001220703125,20665,0.0,0.0,2021-08-18
164,2021-08-18 11:00:00+02:00,43.720001220703125,43.7599983215332,43.66999816894531,43.70000076293945,11545,0.0,0.0,2021-08-18
165,2021-08-18 12:00:00+02:00,43.709999084472656,43.88999938964844,43.709999084472656,43.880001068115234,9397,0.0,0.0,2021-08-18
166,2021-08-18 13:00:00+02:00,43.869998931884766,43.88999938964844,43.790000915527344,43.84000015258789,11853,0.0,0.0,2021-08-18
167,2021-08-18 14:00:00+02:00,43.84000015258789,43.869998931884766,43.810001373291016,43.84000015258789,9146,0.0,0.0,2021-08-18
168,2021-08-18 15:00:00+02:00,43.84000015258789,43.880001068115234,43.7599983215332,43.84000015258789,19452,0.0,0.0,2021-08-18
169,2021-08-18 16:00:00+02:00,43.849998474121094,43.93000030517578,43.84000015258789,43.91999816894531,89377,0.0,0.0,2021-08-18
170,2021-08-18 17:00:00+02:00,43.91999816894531,44.0,43.86000061035156,43.880001068115234,0,0.0,0.0,2021-08-18
171,2021-08-19 09:00:00+02:00,43.5,43.61000061035156,43.060001373291016,43.439998626708984,77961,0.0,0.0,2021-08-19
172,2021-08-19 10:00:00+02:00,43.400001525878906,43.400001525878906,42.91999816894531,43.02000045776367,61209,0.0,0.0,2021-08-19
173,2021-08-19 11:00:00+02:00,43.02000045776367,43.189998626708984,42.880001068115234,43.11000061035156,19055,0.0,0.0,2021-08-19
174,2021-08-19 12:00:00+02:00,43.13999938964844,43.20000076293945,43.04999923706055,43.06999969482422,12668,0.0,0.0,2021-08-19
175,2021-08-19 13:00:00+02:00,43.08000183105469,43.220001220703125,43.08000183105469,43.189998626708984,14711,0.0,0.0,2021-08-19
176,2021-08-19 14:00:00+02:00,43.189998626708984,43.33000183105469,43.130001068115234,43.209999084472656,18042,0.0,0.0,2021-08-19
177,2021-08-19 15:00:00+02:00,43.209999084472656,43.52000045776367,43.209999084472656,43.52000045776367,33398,0.0,0.0,2021-08-19
178,2021-08-19 16:00:00+02:00,43.5099983215332,43.560001373291016,43.209999084472656,43.31999969482422,20570,0.0,0.0,2021-08-19
179,2021-08-19 17:00:00+02:00,43.310001373291016,43.31999969482422,43.18000030517578,43.29999923706055,112678,0.0,0.0,2021-08-19
180,2021-08-20 09:00:00+02:00,43.349998474121094,43.349998474121094,43.029998779296875,43.13999938964844,0,0.0,0.0,2021-08-20
181,2021-08-20 10:00:00+02:00,43.150001525878906,43.22999954223633,43.040000915527344,43.13999938964844,21299,0.0,0.0,2021-08-20
182,2021-08-20 11:00:00+02:00,43.150001525878906,43.209999084472656,43.040000915527344,43.09000015258789,10434,0.0,0.0,2021-08-20
183,2021-08-20 12:00:00+02:00,43.09000015258789,43.130001068115234,43.040000915527344,43.04999923706055,7288,0.0,0.0,2021-08-20
184,2021-08-20 13:00:00+02:00,43.060001373291016,43.06999969482422,42.95000076293945,42.95000076293945,12809,0.0,0.0,2021-08-20
185,2021-08-20 14:00:00+02:00,42.959999084472656,43.0099983215332,42.90999984741211,42.939998626708984,9375,0.0,0.0,2021-08-20
186,2021-08-20 15:00:00+02:00,42.959999084472656,43.15999984741211,42.90999984741211,43.11000061035156,18403,0.0,0.0,2021-08-20
187,2021-08-20 16:00:00+02:00,43.119998931884766,43.209999084472656,43.04999923706055,43.06999969482422,16941,0.0,0.0,2021-08-20
188,2021-08-20 17:00:00+02:00,43.08000183105469,43.15999984741211,43.06999969482422,43.08000183105469,7422,0.0,0.0,2021-08-20
189,2021-08-23 09:00:00+02:00,43.22999954223633,43.56999969482422,43.22999954223633,43.45000076293945,0,0.0,0.0,2021-08-23
190,2021-08-23 10:00:00+02:00,43.4900016784668,43.54999923706055,43.400001525878906,43.400001525878906,11821,0.0,0.0,2021-08-23
191,2021-08-23 11:00:00+02:00,43.40999984741211,43.470001220703125,43.380001068115234,43.439998626708984,5982,0.0,0.0,2021-08-23
192,2021-08-23 12:00:00+02:00,43.43000030517578,43.5,43.400001525878906,43.43000030517578,4490,0.0,0.0,2021-08-23
193,2021-08-23 13:00:00+02:00,43.41999816894531,43.41999816894531,43.34000015258789,43.400001525878906,4928,0.0,0.0,2021-08-23
194,2021-08-23 14:00:00+02:00,43.38999938964844,43.560001373291016,43.36000061035156,43.54999923706055,10292,0.0,0.0,2021-08-23
195,2021-08-23 15:00:00+02:00,43.54999923706055,43.58000183105469,43.400001525878906,43.459999084472656,17090,0.0,0.0,2021-08-23
196,2021-08-23 16:00:00+02:00,43.45000076293945,43.5,43.34000015258789,43.38999938964844,10627,0.0,0.0,2021-08-23
197,2021-08-23 17:00:00+02:00,43.38999938964844,43.40999984741211,43.33000183105469,43.33000183105469,57765,0.0,0.0,2021-08-23
198,2021-08-24 09:00:00+02:00,43.720001220703125,43.720001220703125,43.25,43.34000015258789,0,0.0,0.0,2021-08-24
199,2021-08-24 10:00:00+02:00,43.310001373291016,43.400001525878906,43.279998779296875,43.279998779296875,10247,0.0,0.0,2021-08-24
200,2021-08-24 11:00:00+02:00,43.27000045776367,43.38999938964844,43.25,43.310001373291016,8903,0.0,0.0,2021-08-24
201,2021-08-24 12:00:00+02:00,43.310001373291016,43.43000030517578,43.279998779296875,43.38999938964844,14754,0.0,0.0,2021-08-24
202,2021-08-24 13:00:00+02:00,43.369998931884766,43.400001525878906,43.31999969482422,43.31999969482422,6347,0.0,0.0,2021-08-24
203,2021-08-24 14:00:00+02:00,43.310001373291016,43.310001373291016,43.2400016784668,43.25,5993,0.0,0.0,2021-08-24
204,2021-08-24 15:00:00+02:00,43.2599983215332,43.349998474121094,43.16999816894531,43.310001373291016,12669,0.0,0.0,2021-08-24
205,2021-08-24 16:00:00+02:00,43.310001373291016,43.310001373291016,43.060001373291016,43.18000030517578,20948,0.0,0.0,2021-08-24
206,2021-08-24 17:00:00+02:00,43.209999084472656,43.2400016784668,43.150001525878906,43.150001525878906,105785,0.0,0.0,2021-08-24
207,2021-08-25 09:00:00+02:00,43.25,43.33000183105469,43.08000183105469,43.2400016784668,0,0.0,0.0,2021-08-25
208,2021-08-25 10:00:00+02:00,43.20000076293945,43.25,43.150001525878906,43.16999816894531,19778,0.0,0.0,2021-08-25
209,2021-08-25 11:00:00+02:00,43.18000030517578,43.2599983215332,43.13999938964844,43.20000076293945,15078,0.0,0.0,2021-08-25
210,2021-08-25 12:00:00+02:00,43.20000076293945,43.22999954223633,43.16999816894531,43.22999954223633,7167,0.0,0.0,2021-08-25
211,2021-08-25 13:00:00+02:00,43.220001220703125,43.22999954223633,43.150001525878906,43.20000076293945,7529,0.0,0.0,2021-08-25
212,2021-08-25 14:00:00+02:00,43.189998626708984,43.27000045776367,43.16999816894531,43.20000076293945,14935,0.0,0.0,2021-08-25
213,2021-08-25 15:00:00+02:00,43.20000076293945,43.20000076293945,42.97999954223633,43.13999938964844,21258,0.0,0.0,2021-08-25
214,2021-08-25 16:00:00+02:00,43.130001068115234,43.18000030517578,43.040000915527344,43.09000015258789,13265,0.0,0.0,2021-08-25
215,2021-08-25 17:00:00+02:00,43.09000015258789,43.099998474121094,43.02000045776367,43.09000015258789,91253,0.0,0.0,2021-08-25
216,2021-08-26 09:00:00+02:00,42.95000076293945,43.18000030517578,42.779998779296875,43.099998474121094,0,0.0,0.0,2021-08-26
217,2021-08-26 10:00:00+02:00,43.119998931884766,43.209999084472656,43.099998474121094,43.130001068115234,11063,0.0,0.0,2021-08-26
218,2021-08-26 11:00:00+02:00,43.119998931884766,43.20000076293945,43.08000183105469,43.150001525878906,11862,0.0,0.0,2021-08-26
219,2021-08-26 12:00:00+02:00,43.15999984741211,43.18000030517578,42.900001525878906,42.9900016784668,22205,0.0,0.0,2021-08-26
220,2021-08-26 13:00:00+02:00,42.9900016784668,43.08000183105469,42.97999954223633,43.040000915527344,6814,0.0,0.0,2021-08-26
221,2021-08-26 14:00:00+02:00,43.040000915527344,43.060001373291016,42.9900016784668,43.040000915527344,17806,0.0,0.0,2021-08-26
222,2021-08-26 15:00:00+02:00,43.04999923706055,43.13999938964844,42.97999954223633,43.040000915527344,27749,0.0,0.0,2021-08-26
223,2021-08-26 16:00:00+02:00,43.040000915527344,43.04999923706055,42.83000183105469,42.84000015258789,27958,0.0,0.0,2021-08-26
224,2021-08-26 17:00:00+02:00,42.84000015258789,42.90999984741211,42.81999969482422,42.869998931884766,144015,0.0,0.0,2021-08-26
225,2021-08-27 09:00:00+02:00,42.869998931884766,42.90999984741211,42.63999938964844,42.84000015258789,0,0.0,0.0,2021-08-27
226,2021-08-27 10:00:00+02:00,42.84000015258789,42.900001525878906,42.7400016784668,42.75,16578,0.0,0.0,2021-08-27
227,2021-08-27 11:00:00+02:00,42.7400016784668,42.7599983215332,42.65999984741211,42.72999954223633,13202,0.0,0.0,2021-08-27
228,2021-08-27 12:00:00+02:00,42.7400016784668,42.79999923706055,42.70000076293945,42.720001220703125,6651,0.0,0.0,2021-08-27
229,2021-08-27 13:00:00+02:00,42.720001220703125,42.75,42.65999984741211,42.709999084472656,8225,0.0,0.0,2021-08-27
230,2021-08-27 14:00:00+02:00,42.68000030517578,42.68000030517578,42.58000183105469,42.630001068115234,16047,0.0,0.0,2021-08-27
231,2021-08-27 15:00:00+02:00,42.630001068115234,42.939998626708984,42.619998931884766,42.869998931884766,32493,0.0,0.0,2021-08-27
232,2021-08-27 16:00:00+02:00,42.849998474121094,43.04999923706055,42.779998779296875,43.029998779296875,24823,0.0,0.0,2021-08-27
233,2021-08-27 17:00:00+02:00,43.040000915527344,43.08000183105469,43.0,43.029998779296875,10991,0.0,0.0,2021-08-27
234,2021-08-30 09:00:00+02:00,43.20000076293945,43.209999084472656,43.0,43.02000045776367,0,0.0,0.0,2021-08-30
235,2021-08-30 10:00:00+02:00,43.04999923706055,43.09000015258789,42.97999954223633,42.9900016784668,7290,0.0,0.0,2021-08-30
236,2021-08-30 11:00:00+02:00,42.9900016784668,43.04999923706055,42.959999084472656,43.029998779296875,14410,0.0,0.0,2021-08-30
237,2021-08-30 12:00:00+02:00,43.029998779296875,43.08000183105469,43.0099983215332,43.060001373291016,4875,0.0,0.0,2021-08-30
238,2021-08-30 13:00:00+02:00,43.040000915527344,43.04999923706055,42.9900016784668,42.9900016784668,2777,0.0,0.0,2021-08-30
239,2021-08-30 14:00:00+02:00,43.0,43.02000045776367,42.970001220703125,43.0099983215332,4828,0.0,0.0,2021-08-30
240,2021-08-30 15:00:00+02:00,43.0,43.0,42.849998474121094,42.900001525878906,22193,0.0,0.0,2021-08-30
241,2021-08-30 16:00:00+02:00,42.88999938964844,42.939998626708984,42.810001373291016,42.880001068115234,12770,0.0,0.0,2021-08-30
242,2021-08-30 17:00:00+02:00,42.88999938964844,43.0,42.869998931884766,42.97999954223633,52841,0.0,0.0,2021-08-30
243,2021-08-31 09:00:00+02:00,43.0,43.0,42.650001525878906,42.68000030517578,0,0.0,0.0,2021-08-31
244,2021-08-31 10:00:00+02:00,42.68000030517578,42.77000045776367,42.61000061035156,42.7400016784668,20087,0.0,0.0,2021-08-31
245,2021-08-31 11:00:00+02:00,42.7400016784668,42.86000061035156,42.70000076293945,42.70000076293945,16905,0.0,0.0,2021-08-31
246,2021-08-31 12:00:00+02:00,42.709999084472656,42.720001220703125,42.540000915527344,42.56999969482422,33237,0.0,0.0,2021-08-31
247,2021-08-31 13:00:00+02:00,42.56999969482422,42.61000061035156,42.540000915527344,42.54999923706055,15578,0.0,0.0,2021-08-31
248,2021-08-31 14:00:00+02:00,42.540000915527344,42.540000915527344,42.310001373291016,42.310001373291016,45735,0.0,0.0,2021-08-31
249,2021-08-31 15:00:00+02:00,42.29999923706055,42.38999938964844,42.130001068115234,42.150001525878906,56367,0.0,0.0,2021-08-31
250,2021-08-31 16:00:00+02:00,42.13999938964844,42.33000183105469,42.130001068115234,42.290000915527344,37635,0.0,0.0,2021-08-31
251,2021-08-31 17:00:00+02:00,42.279998779296875,42.349998474121094,42.22999954223633,42.349998474121094,304066,0.0,0.0,2021-08-31
252,2021-09-01 09:00:00+02:00,42.72999954223633,43.09000015258789,42.709999084472656,43.04999923706055,0,0.0,0.0,2021-09-01
253,2021-09-01 10:00:00+02:00,43.040000915527344,43.16999816894531,43.02000045776367,43.150001525878906,21884,0.0,0.0,2021-09-01
254,2021-09-01 11:00:00+02:00,43.13999938964844,43.13999938964844,42.90999984741211,42.970001220703125,20918,0.0,0.0,2021-09-01
255,2021-09-01 12:00:00+02:00,42.95000076293945,43.040000915527344,42.79999923706055,43.040000915527344,15731,0.0,0.0,2021-09-01
256,2021-09-01 13:00:00+02:00,43.060001373291016,43.2400016784668,43.040000915527344,43.130001068115234,16601,0.0,0.0,2021-09-01
257,2021-09-01 14:00:00+02:00,43.15999984741211,43.209999084472656,42.97999954223633,43.029998779296875,21126,0.0,0.0,2021-09-01
258,2021-09-01 15:00:00+02:00,43.0099983215332,43.0099983215332,42.7400016784668,42.83000183105469,23279,0.0,0.0,2021-09-01
259,2021-09-01 16:00:00+02:00,42.86000061035156,42.970001220703125,42.81999969482422,42.86000061035156,24586,0.0,0.0,2021-09-01
260,2021-09-01 17:00:00+02:00,42.849998474121094,42.849998474121094,42.689998626708984,42.720001220703125,110643,0.0,0.0,2021-09-01
261,2021-09-02 09:00:00+02:00,42.7400016784668,42.939998626708984,42.630001068115234,42.7599983215332,0,0.0,0.0,2021-09-02
262,2021-09-02 10:00:00+02:00,42.77000045776367,42.849998474121094,42.72999954223633,42.72999954223633,20798,0.0,0.0,2021-09-02
263,2021-09-02 11:00:00+02:00,42.72999954223633,42.7400016784668,42.59000015258789,42.599998474121094,20308,0.0,0.0,2021-09-02
264,2021-09-02 12:00:00+02:00,42.630001068115234,42.720001220703125,42.59000015258789,42.720001220703125,10589,0.0,0.0,2021-09-02
265,2021-09-02 13:00:00+02:00,42.72999954223633,42.79999923706055,42.70000076293945,42.790000915527344,5356,0.0,0.0,2021-09-02
266,2021-09-02 14:00:00+02:00,42.790000915527344,42.970001220703125,42.779998779296875,42.900001525878906,14662,0.0,0.0,2021-09-02
267,2021-09-02 15:00:00+02:00,42.88999938964844,42.9900016784668,42.849998474121094,42.88999938964844,16732,0.0,0.0,2021-09-02
268,2021-09-02 16:00:00+02:00,42.900001525878906,43.029998779296875,42.86000061035156,43.02000045776367,19066,0.0,0.0,2021-09-02
269,2021-09-02 17:00:00+02:00,43.02000045776367,43.04999923706055,42.869998931884766,42.869998931884766,121041,0.0,0.0,2021-09-02
270,2021-09-03 09:00:00+02:00,42.849998474121094,43.06999969482422,42.849998474121094,43.029998779296875,0,0.0,0.0,2021-09-03
271,2021-09-03 10:00:00+02:00,43.040000915527344,43.11000061035156,42.86000061035156,42.959999084472656,16425,0.0,0.0,2021-09-03
272,2021-09-03 11:00:00+02:00,42.90999984741211,42.939998626708984,42.869998931884766,42.93000030517578,22922,0.0,0.0,2021-09-03
273,2021-09-03 12:00:00+02:00,42.90999984741211,42.939998626708984,42.77000045776367,42.810001373291016,15784,0.0,0.0,2021-09-03
274,2021-09-03 13:00:00+02:00,42.79999923706055,42.810001373291016,42.77000045776367,42.79999923706055,5261,0.0,0.0,2021-09-03
275,2021-09-03 14:00:00+02:00,42.810001373291016,42.810001373291016,42.61000061035156,42.779998779296875,25783,0.0,0.0,2021-09-03
276,2021-09-03 15:00:00+02:00,42.779998779296875,42.79999923706055,42.439998626708984,42.470001220703125,41833,0.0,0.0,2021-09-03
277,2021-09-03 16:00:00+02:00,42.4900016784668,42.58000183105469,42.45000076293945,42.529998779296875,24306,0.0,0.0,2021-09-03
278,2021-09-03 17:00:00+02:00,42.540000915527344,42.599998474121094,42.52000045776367,42.560001373291016,13867,0.0,0.0,2021-09-03
279,2021-09-06 09:00:00+02:00,42.58000183105469,42.7400016784668,42.540000915527344,42.65999984741211,0,0.0,0.0,2021-09-06
280,2021-09-06 10:00:00+02:00,42.65999984741211,42.70000076293945,42.58000183105469,42.70000076293945,12405,0.0,0.0,2021-09-06
281,2021-09-06 11:00:00+02:00,42.689998626708984,42.75,42.630001068115234,42.72999954223633,9824,0.0,0.0,2021-09-06
282,2021-09-06 12:00:00+02:00,42.720001220703125,42.790000915527344,42.66999816894531,42.7599983215332,12254,0.0,0.0,2021-09-06
283,2021-09-06 13:00:00+02:00,42.72999954223633,42.7599983215332,42.68000030517578,42.7400016784668,6834,0.0,0.0,2021-09-06
284,2021-09-06 14:00:00+02:00,42.75,42.84000015258789,42.7400016784668,42.83000183105469,7729,0.0,0.0,2021-09-06
285,2021-09-06 15:00:00+02:00,42.81999969482422,42.84000015258789,42.77000045776367,42.790000915527344,6355,0.0,0.0,2021-09-06
286,2021-09-06 16:00:00+02:00,42.81999969482422,42.849998474121094,42.779998779296875,42.79999923706055,16029,0.0,0.0,2021-09-06
287,2021-09-06 17:00:00+02:00,42.79999923706055,42.810001373291016,42.75,42.75,146455,0.0,0.0,2021-09-06
288,2021-09-07 09:00:00+02:00,42.77000045776367,43.150001525878906,42.689998626708984,43.0,0,0.0,0.0,2021-09-07
289,2021-09-07 10:00:00+02:00,42.97999954223633,43.060001373291016,42.91999816894531,43.0099983215332,14631,0.0,0.0,2021-09-07
290,2021-09-07 11:00:00+02:00,43.02000045776367,43.08000183105469,42.7400016784668,42.779998779296875,26649,0.0,0.0,2021-09-07
291,2021-09-07 12:00:00+02:00,42.779998779296875,42.779998779296875,42.720001220703125,42.75,5937,0.0,0.0,2021-09-07
292,2021-09-07 13:00:00+02:00,42.7599983215332,42.77000045776367,42.70000076293945,42.7599983215332,7290,0.0,0.0,2021-09-07
293,2021-09-07 14:00:00+02:00,42.7599983215332,42.81999969482422,42.70000076293945,42.77000045776367,12432,0.0,0.0,2021-09-07
294,2021-09-07 15:00:00+02:00,42.7599983215332,42.779998779296875,42.65999984741211,42.7599983215332,17471,0.0,0.0,2021-09-07
295,2021-09-07 16:00:00+02:00,42.7599983215332,42.79999923706055,42.63999938964844,42.70000076293945,18768,0.0,0.0,2021-09-07
296,2021-09-07 17:00:00+02:00,42.709999084472656,42.779998779296875,42.66999816894531,42.7599983215332,103560,0.0,0.0,2021-09-07
297,2021-09-08 09:00:00+02:00,42.599998474121094,42.75,42.11000061035156,42.130001068115234,0,0.0,0.0,2021-09-08
298,2021-09-08 10:00:00+02:00,42.130001068115234,42.220001220703125,41.869998931884766,41.97999954223633,71118,0.0,0.0,2021-09-08
299,2021-09-08 11:00:00+02:00,41.97999954223633,42.25,41.97999954223633,42.2400016784668,15829,0.0,0.0,2021-09-08
300,2021-09-08 12:00:00+02:00,42.2400016784668,42.400001525878906,42.22999954223633,42.279998779296875,17424,0.0,0.0,2021-09-08
301,2021-09-08 13:00:00+02:00,42.27000045776367,42.34000015258789,42.189998626708984,42.310001373291016,13604,0.0,0.0,2021-09-08
302,2021-09-08 14:00:00+02:00,42.31999969482422,42.34000015258789,42.150001525878906,42.279998779296875,11515,0.0,0.0,2021-09-08
303,2021-09-08 15:00:00+02:00,42.279998779296875,42.279998779296875,42.119998931884766,42.13999938964844,27886,0.0,0.0,2021-09-08
304,2021-09-08 16:00:00+02:00,42.150001525878906,42.25,41.880001068115234,41.93000030517578,45063,0.0,0.0,2021-09-08
305,2021-09-08 17:00:00+02:00,41.93000030517578,41.959999084472656,41.720001220703125,41.720001220703125,216994,0.0,0.0,2021-09-08
306,2021-09-09 09:00:00+02:00,41.5,41.5,40.209999084472656,40.68000030517578,0,0.0,0.0,2021-09-09
307,2021-09-09 10:00:00+02:00,40.689998626708984,40.959999084472656,40.66999816894531,40.86000061035156,47918,0.0,0.0,2021-09-09
308,2021-09-09 11:00:00+02:00,40.869998931884766,41.060001373291016,40.720001220703125,40.9900016784668,29791,0.0,0.0,2021-09-09
309,2021-09-09 12:00:00+02:00,41.0,41.15999984741211,40.9900016784668,41.040000915527344,49734,0.0,0.0,2021-09-09
310,2021-09-09 13:00:00+02:00,41.040000915527344,41.220001220703125,40.97999954223633,41.209999084472656,22967,0.0,0.0,2021-09-09
311,2021-09-09 14:00:00+02:00,41.20000076293945,41.290000915527344,41.11000061035156,41.18000030517578,31227,0.0,0.0,2021-09-09
312,2021-09-09 15:00:00+02:00,41.20000076293945,41.2599983215332,41.060001373291016,41.2400016784668,38609,0.0,0.0,2021-09-09
313,2021-09-09 16:00:00+02:00,41.22999954223633,41.36000061035156,41.22999954223633,41.310001373291016,37394,0.0,0.0,2021-09-09
314,2021-09-09 17:00:00+02:00,41.33000183105469,41.36000061035156,41.25,41.34000015258789,183435,0.0,0.0,2021-09-09
315,2021-09-10 09:00:00+02:00,41.459999084472656,41.630001068115234,41.25,41.36000061035156,0,0.0,0.0,2021-09-10
316,2021-09-10 10:00:00+02:00,41.36000061035156,41.54999923706055,41.36000061035156,41.5099983215332,16411,0.0,0.0,2021-09-10
317,2021-09-10 11:00:00+02:00,41.5099983215332,41.54999923706055,41.380001068115234,41.380001068115234,17375,0.0,0.0,2021-09-10
318,2021-09-10 12:00:00+02:00,41.38999938964844,41.400001525878906,41.290000915527344,41.36000061035156,15347,0.0,0.0,2021-09-10
319,2021-09-10 13:00:00+02:00,41.36000061035156,41.380001068115234,41.209999084472656,41.279998779296875,14835,0.0,0.0,2021-09-10
320,2021-09-10 14:00:00+02:00,41.27000045776367,41.29999923706055,41.209999084472656,41.22999954223633,10924,0.0,0.0,2021-09-10
321,2021-09-10 15:00:00+02:00,41.209999084472656,41.2599983215332,41.15999984741211,41.220001220703125,29839,0.0,0.0,2021-09-10
322,2021-09-10 16:00:00+02:00,41.220001220703125,41.40999984741211,41.189998626708984,41.220001220703125,37712,0.0,0.0,2021-09-10
323,2021-09-10 17:00:00+02:00,41.22999954223633,41.31999969482422,41.22999954223633,41.27000045776367,15594,0.0,0.0,2021-09-10
324,2021-09-13 09:00:00+02:00,41.400001525878906,41.81999969482422,41.400001525878906,41.7599983215332,0,0.0,0.0,2021-09-13
325,2021-09-13 10:00:00+02:00,41.7599983215332,41.939998626708984,41.7599983215332,41.90999984741211,23973,0.0,0.0,2021-09-13
326,2021-09-13 11:00:00+02:00,41.88999938964844,42.04999923706055,41.869998931884766,42.0,14181,0.0,0.0,2021-09-13
327,2021-09-13 12:00:00+02:00,42.0,42.16999816894531,42.0,42.06999969482422,13636,0.0,0.0,2021-09-13
328,2021-09-13 13:00:00+02:00,42.06999969482422,42.06999969482422,41.97999954223633,42.060001373291016,7613,0.0,0.0,2021-09-13
329,2021-09-13 14:00:00+02:00,42.06999969482422,42.06999969482422,41.939998626708984,41.9900016784668,7680,0.0,0.0,2021-09-13
330,2021-09-13 15:00:00+02:00,42.0,42.060001373291016,41.90999984741211,41.9900016784668,20784,0.0,0.0,2021-09-13
331,2021-09-13 16:00:00+02:00,41.959999084472656,42.119998931884766,41.849998474121094,42.099998474121094,28108,0.0,0.0,2021-09-13
332,2021-09-13 17:00:00+02:00,42.119998931884766,42.13999938964844,42.029998779296875,42.08000183105469,171299,0.0,0.0,2021-09-13
333,2021-09-14 09:00:00+02:00,42.18000030517578,42.18000030517578,41.810001373291016,41.93000030517578,0,0.0,0.0,2021-09-14
334,2021-09-14 10:00:00+02:00,41.91999816894531,41.939998626708984,41.849998474121094,41.90999984741211,13182,0.0,0.0,2021-09-14
335,2021-09-14 11:00:00+02:00,41.900001525878906,42.0099983215332,41.81999969482422,41.900001525878906,20818,0.0,0.0,2021-09-14
336,2021-09-14 12:00:00+02:00,41.91999816894531,42.0,41.88999938964844,41.970001220703125,42636,0.0,0.0,2021-09-14
337,2021-09-14 13:00:00+02:00,41.959999084472656,41.97999954223633,41.869998931884766,41.880001068115234,12962,0.0,0.0,2021-09-14
338,2021-09-14 14:00:00+02:00,41.88999938964844,42.06999969482422,41.88999938964844,41.970001220703125,11256,0.0,0.0,2021-09-14
339,2021-09-14 15:00:00+02:00,41.9900016784668,42.0099983215332,41.72999954223633,41.72999954223633,28204,0.0,0.0,2021-09-14
340,2021-09-14 16:00:00+02:00,41.720001220703125,41.72999954223633,41.41999816894531,41.540000915527344,37818,0.0,0.0,2021-09-14
341,2021-09-14 17:00:00+02:00,41.54999923706055,41.560001373291016,41.43000030517578,41.43000030517578,145666,0.0,0.0,2021-09-14
342,2021-09-15 09:00:00+02:00,41.38999938964844,41.54999923706055,41.31999969482422,41.45000076293945,0,0.0,0.0,2021-09-15
343,2021-09-15 10:00:00+02:00,41.439998626708984,41.599998474121094,41.439998626708984,41.599998474121094,21526,0.0,0.0,2021-09-15
344,2021-09-15 11:00:00+02:00,41.599998474121094,41.68000030517578,41.599998474121094,41.66999816894531,16717,0.0,0.0,2021-09-15
345,2021-09-15 12:00:00+02:00,41.709999084472656,41.75,41.630001068115234,41.650001525878906,17882,0.0,0.0,2021-09-15
346,2021-09-15 13:00:00+02:00,41.650001525878906,41.65999984741211,41.58000183105469,41.63999938964844,12287,0.0,0.0,2021-09-15
347,2021-09-15 14:00:00+02:00,41.65999984741211,41.66999816894531,41.41999816894531,41.470001220703125,41979,0.0,0.0,2021-09-15
348,2021-09-15 15:00:00+02:00,41.470001220703125,41.619998931884766,41.380001068115234,41.529998779296875,49199,0.0,0.0,2021-09-15
349,2021-09-15 16:00:00+02:00,41.5,41.52000045776367,41.13999938964844,41.2400016784668,47415,0.0,0.0,2021-09-15
350,2021-09-15 17:00:00+02:00,41.2400016784668,41.349998474121094,41.22999954223633,41.2599983215332,227459,0.0,0.0,2021-09-15
351,2021-09-16 09:00:00+02:00,41.4900016784668,41.7400016784668,41.4900016784668,41.68000030517578,0,0.0,0.0,2021-09-16
352,2021-09-16 10:00:00+02:00,41.66999816894531,41.7400016784668,41.59000015258789,41.68000030517578,18982,0.0,0.0,2021-09-16
353,2021-09-16 11:00:00+02:00,41.650001525878906,41.7400016784668,41.5,41.5099983215332,11607,0.0,0.0,2021-09-16
354,2021-09-16 12:00:00+02:00,41.5,41.52000045776367,41.290000915527344,41.36000061035156,15593,0.0,0.0,2021-09-16
355,2021-09-16 13:00:00+02:00,41.36000061035156,41.439998626708984,41.349998474121094,41.349998474121094,12967,0.0,0.0,2021-09-16
356,2021-09-16 14:00:00+02:00,41.34000015258789,41.58000183105469,41.290000915527344,41.5,38147,0.0,0.0,2021-09-16
357,2021-09-16 15:00:00+02:00,41.5099983215332,41.630001068115234,41.43000030517578,41.43000030517578,33419,0.0,0.0,2021-09-16
358,2021-09-16 16:00:00+02:00,41.43000030517578,41.43000030517578,41.2400016784668,41.33000183105469,39333,0.0,0.0,2021-09-16
359,2021-09-16 17:00:00+02:00,41.34000015258789,41.400001525878906,41.279998779296875,41.279998779296875,212680,0.0,0.0,2021-09-16
360,2021-09-17 09:00:00+02:00,41.279998779296875,41.47999954223633,41.20000076293945,41.349998474121094,0,0.0,0.0,2021-09-17
361,2021-09-17 10:00:00+02:00,41.34000015258789,41.41999816894531,41.29999923706055,41.400001525878906,59926,0.0,0.0,2021-09-17
362,2021-09-17 11:00:00+02:00,41.40999984741211,41.5,41.20000076293945,41.2599983215332,75490,0.0,0.0,2021-09-17
363,2021-09-17 12:00:00+02:00,41.2599983215332,41.36000061035156,41.119998931884766,41.189998626708984,19461,0.0,0.0,2021-09-17
364,2021-09-17 13:00:00+02:00,41.189998626708984,41.279998779296875,41.16999816894531,41.209999084472656,14155,0.0,0.0,2021-09-17
365,2021-09-17 14:00:00+02:00,41.18000030517578,41.2599983215332,41.119998931884766,41.18000030517578,17573,0.0,0.0,2021-09-17
366,2021-09-17 15:00:00+02:00,41.18000030517578,41.209999084472656,41.0099983215332,41.11000061035156,30468,0.0,0.0,2021-09-17
367,2021-09-17 16:00:00+02:00,41.09000015258789,41.11000061035156,40.72999954223633,40.7599983215332,49803,0.0,0.0,2021-09-17
368,2021-09-17 17:00:00+02:00,40.7599983215332,40.779998779296875,40.619998931884766,40.63999938964844,694202,0.0,0.0,2021-09-17
369,2021-09-20 09:00:00+02:00,40.0,40.02000045776367,39.43000030517578,39.4900016784668,0,0.0,0.0,2021-09-20
370,2021-09-20 10:00:00+02:00,39.5,39.650001525878906,39.43000030517578,39.56999969482422,58836,0.0,0.0,2021-09-20
371,2021-09-20 11:00:00+02:00,39.560001373291016,39.599998474121094,39.380001068115234,39.38999938964844,26277,0.0,0.0,2021-09-20
372,2021-09-20 12:00:00+02:00,39.400001525878906,39.41999816894531,39.13999938964844,39.15999984741211,35563,0.0,0.0,2021-09-20
373,2021-09-20 13:00:00+02:00,39.18000030517578,39.20000076293945,38.90999984741211,38.939998626708984,62228,0.0,0.0,2021-09-20
374,2021-09-20 14:00:00+02:00,38.939998626708984,39.0099983215332,38.849998474121094,38.90999984741211,67518,0.0,0.0,2021-09-20
375,2021-09-20 15:00:00+02:00,38.900001525878906,39.130001068115234,38.88999938964844,38.959999084472656,79686,0.0,0.0,2021-09-20
376,2021-09-20 16:00:00+02:00,38.970001220703125,38.970001220703125,38.61000061035156,38.720001220703125,73333,0.0,0.0,2021-09-20
377,2021-09-20 17:00:00+02:00,38.709999084472656,38.88999938964844,38.689998626708984,38.70000076293945,287831,0.0,0.0,2021-09-20
378,2021-09-21 09:00:00+02:00,38.900001525878906,39.400001525878906,38.900001525878906,39.380001068115234,0,0.0,0.0,2021-09-21
379,2021-09-21 10:00:00+02:00,39.380001068115234,39.400001525878906,39.09000015258789,39.09000015258789,45339,0.0,0.0,2021-09-21
380,2021-09-21 11:00:00+02:00,39.099998474121094,39.11000061035156,38.939998626708984,39.06999969482422,36198,0.0,0.0,2021-09-21
381,2021-09-21 12:00:00+02:00,39.06999969482422,39.18000030517578,39.040000915527344,39.13999938964844,14121,0.0,0.0,2021-09-21
382,2021-09-21 13:00:00+02:00,39.13999938964844,39.25,39.13999938964844,39.20000076293945,13326,0.0,0.0,2021-09-21
383,2021-09-21 14:00:00+02:00,39.189998626708984,39.209999084472656,39.02000045776367,39.02000045776367,22513,0.0,0.0,2021-09-21
384,2021-09-21 15:00:00+02:00,39.02000045776367,39.11000061035156,38.93000030517578,39.04999923706055,33747,0.0,0.0,2021-09-21
385,2021-09-21 16:00:00+02:00,39.040000915527344,39.060001373291016,38.720001220703125,38.72999954223633,49622,0.0,0.0,2021-09-21
386,2021-09-21 17:00:00+02:00,38.72999954223633,38.77000045776367,38.70000076293945,38.720001220703125,129826,0.0,0.0,2021-09-21
387,2021-09-22 09:00:00+02:00,39.279998779296875,39.43000030517578,39.06999969482422,39.099998474121094,0,0.0,0.0,2021-09-22
388,2021-09-22 10:00:00+02:00,39.09000015258789,39.33000183105469,39.08000183105469,39.27000045776367,111581,0.0,0.0,2021-09-22
389,2021-09-22 11:00:00+02:00,39.27000045776367,39.63999938964844,39.2599983215332,39.619998931884766,49496,0.0,0.0,2021-09-22
390,2021-09-22 12:00:00+02:00,39.61000061035156,39.7400016784668,39.599998474121094,39.619998931884766,30383,0.0,0.0,2021-09-22
391,2021-09-22 13:00:00+02:00,39.619998931884766,39.849998474121094,39.61000061035156,39.61000061035156,16792,0.0,0.0,2021-09-22
392,2021-09-22 14:00:00+02:00,39.61000061035156,39.619998931884766,39.470001220703125,39.470001220703125,19506,0.0,0.0,2021-09-22
393,2021-09-22 15:00:00+02:00,39.4900016784668,39.68000030517578,39.439998626708984,39.619998931884766,24245,0.0,0.0,2021-09-22
394,2021-09-22 16:00:00+02:00,39.619998931884766,39.70000076293945,39.54999923706055,39.650001525878906,26086,0.0,0.0,2021-09-22
395,2021-09-22 17:00:00+02:00,39.650001525878906,39.72999954223633,39.56999969482422,39.56999969482422,156058,0.0,0.0,2021-09-22
396,2021-09-23 09:00:00+02:00,39.97999954223633,40.099998474121094,39.849998474121094,40.09000015258789,0,0.0,0.0,2021-09-23
397,2021-09-23 10:00:00+02:00,40.08000183105469,40.11000061035156,39.88999938964844,39.900001525878906,24422,0.0,0.0,2021-09-23
398,2021-09-23 11:00:00+02:00,39.90999984741211,40.130001068115234,39.869998931884766,40.08000183105469,36968,0.0,0.0,2021-09-23
399,2021-09-23 12:00:00+02:00,40.09000015258789,40.18000030517578,39.77000045776367,39.790000915527344,25520,0.0,0.0,2021-09-23
400,2021-09-23 13:00:00+02:00,39.79999923706055,39.880001068115234,39.7599983215332,39.790000915527344,11314,0.0,0.0,2021-09-23
401,2021-09-23 14:00:00+02:00,39.79999923706055,39.81999969482422,39.72999954223633,39.72999954223633,11935,0.0,0.0,2021-09-23
402,2021-09-23 15:00:00+02:00,39.72999954223633,39.9900016784668,39.709999084472656,39.84000015258789,59291,0.0,0.0,2021-09-23
403,2021-09-23 16:00:00+02:00,39.849998474121094,39.880001068115234,39.779998779296875,39.83000183105469,20286,0.0,0.0,2021-09-23
404,2021-09-23 17:00:00+02:00,39.83000183105469,39.95000076293945,39.81999969482422,39.849998474121094,103421,0.0,0.0,2021-09-23
405,2021-09-24 09:00:00+02:00,39.70000076293945,40.11000061035156,39.599998474121094,40.060001373291016,0,0.0,0.0,2021-09-24
406,2021-09-24 10:00:00+02:00,40.040000915527344,40.27000045776367,40.0099983215332,40.27000045776367,24040,0.0,0.0,2021-09-24
407,2021-09-24 11:00:00+02:00,40.27000045776367,40.290000915527344,40.09000015258789,40.119998931884766,18673,0.0,0.0,2021-09-24
408,2021-09-24 12:00:00+02:00,40.130001068115234,40.22999954223633,40.119998931884766,40.189998626708984,12703,0.0,0.0,2021-09-24
409,2021-09-24 13:00:00+02:00,40.189998626708984,40.33000183105469,40.16999816894531,40.189998626708984,10264,0.0,0.0,2021-09-24
410,2021-09-24 14:00:00+02:00,40.18000030517578,40.189998626708984,40.04999923706055,40.119998931884766,21825,0.0,0.0,2021-09-24
411,2021-09-24 15:00:00+02:00,40.119998931884766,40.18000030517578,40.04999923706055,40.09000015258789,15294,0.0,0.0,2021-09-24
412,2021-09-24 16:00:00+02:00,40.09000015258789,40.09000015258789,39.95000076293945,39.97999954223633,31549,0.0,0.0,2021-09-24
413,2021-09-24 17:00:00+02:00,39.97999954223633,39.9900016784668,39.86000061035156,39.880001068115234,23015,0.0,0.0,2021-09-24
414,2021-09-27 09:00:00+02:00,40.220001220703125,40.38999938964844,40.15999984741211,40.380001068115234,0,0.0,0.0,2021-09-27
415,2021-09-27 10:00:00+02:00,40.38999938964844,40.599998474121094,40.349998474121094,40.5,18189,0.0,0.0,2021-09-27
416,2021-09-27 11:00:00+02:00,40.5,40.790000915527344,40.5,40.75,14065,0.0,0.0,2021-09-27
417,2021-09-27 12:00:00+02:00,40.7400016784668,40.77000045776367,40.650001525878906,40.650001525878906,14562,0.0,0.0,2021-09-27
418,2021-09-27 13:00:00+02:00,40.65999984741211,40.709999084472656,40.599998474121094,40.619998931884766,19955,0.0,0.0,2021-09-27
419,2021-09-27 14:00:00+02:00,40.619998931884766,40.68000030517578,40.560001373291016,40.56999969482422,13226,0.0,0.0,2021-09-27
420,2021-09-27 15:00:00+02:00,40.56999969482422,40.779998779296875,40.56999969482422,40.7599983215332,22405,0.0,0.0,2021-09-27
421,2021-09-27 16:00:00+02:00,40.75,40.779998779296875,40.650001525878906,40.72999954223633,24033,0.0,0.0,2021-09-27
422,2021-09-27 17:00:00+02:00,40.709999084472656,40.709999084472656,40.63999938964844,40.689998626708984,147472,0.0,0.0,2021-09-27
423,2021-09-28 09:00:00+02:00,40.70000076293945,40.880001068115234,40.58000183105469,40.650001525878906,0,0.0,0.0,2021-09-28
424,2021-09-28 10:00:00+02:00,40.65999984741211,40.709999084472656,40.5,40.61000061035156,15013,0.0,0.0,2021-09-28
425,2021-09-28 11:00:00+02:00,40.63999938964844,40.720001220703125,40.5,40.540000915527344,15627,0.0,0.0,2021-09-28
426,2021-09-28 12:00:00+02:00,40.560001373291016,40.560001373291016,40.349998474121094,40.459999084472656,12203,0.0,0.0,2021-09-28
427,2021-09-28 13:00:00+02:00,40.459999084472656,40.52000045776367,40.33000183105469,40.47999954223633,9958,0.0,0.0,2021-09-28
428,2021-09-28 14:00:00+02:00,40.459999084472656,40.5099983215332,40.400001525878906,40.47999954223633,9932,0.0,0.0,2021-09-28
429,2021-09-28 15:00:00+02:00,40.47999954223633,40.56999969482422,40.33000183105469,40.349998474121094,18581,0.0,0.0,2021-09-28
430,2021-09-28 16:00:00+02:00,40.36000061035156,40.36000061035156,40.0099983215332,40.189998626708984,35368,0.0,0.0,2021-09-28
431,2021-09-28 17:00:00+02:00,40.189998626708984,40.189998626708984,40.06999969482422,40.06999969482422,139719,0.0,0.0,2021-09-28
432,2021-09-29 09:00:00+02:00,40.20000076293945,40.290000915527344,39.83000183105469,40.290000915527344,0,0.0,0.0,2021-09-29
433,2021-09-29 10:00:00+02:00,40.29999923706055,40.380001068115234,40.2599983215332,40.33000183105469,21943,0.0,0.0,2021-09-29
434,2021-09-29 11:00:00+02:00,40.33000183105469,40.40999984741211,40.279998779296875,40.34000015258789,12177,0.0,0.0,2021-09-29
435,2021-09-29 12:00:00+02:00,40.349998474121094,40.439998626708984,40.27000045776367,40.31999969482422,13347,0.0,0.0,2021-09-29
436,2021-09-29 13:00:00+02:00,40.31999969482422,40.400001525878906,40.310001373291016,40.38999938964844,10072,0.0,0.0,2021-09-29
437,2021-09-29 14:00:00+02:00,40.380001068115234,40.470001220703125,40.2400016784668,40.31999969482422,19121,0.0,0.0,2021-09-29
438,2021-09-29 15:00:00+02:00,40.31999969482422,40.400001525878906,40.209999084472656,40.36000061035156,28193,0.0,0.0,2021-09-29
439,2021-09-29 16:00:00+02:00,40.36000061035156,40.47999954223633,40.349998474121094,40.470001220703125,18701,0.0,0.0,2021-09-29
440,2021-09-29 17:00:00+02:00,40.459999084472656,40.5099983215332,40.45000076293945,40.459999084472656,170074,0.0,0.0,2021-09-29
441,2021-09-30 09:00:00+02:00,41.13999938964844,41.880001068115234,41.13999938964844,41.459999084472656,0,0.0,0.0,2021-09-30
442,2021-09-30 10:00:00+02:00,41.459999084472656,41.91999816894531,41.439998626708984,41.88999938964844,83590,0.0,0.0,2021-09-30
443,2021-09-30 11:00:00+02:00,41.90999984741211,42.369998931884766,41.90999984741211,42.279998779296875,74642,0.0,0.0,2021-09-30
444,2021-09-30 12:00:00+02:00,42.27000045776367,42.58000183105469,42.20000076293945,42.540000915527344,75257,0.0,0.0,2021-09-30
445,2021-09-30 13:00:00+02:00,42.540000915527344,42.880001068115234,42.439998626708984,42.77000045776367,62138,0.0,0.0,2021-09-30
446,2021-09-30 14:00:00+02:00,42.790000915527344,43.130001068115234,42.790000915527344,43.060001373291016,48721,0.0,0.0,2021-09-30
447,2021-09-30 15:00:00+02:00,43.040000915527344,43.33000183105469,42.880001068115234,43.20000076293945,77140,0.0,0.0,2021-09-30
448,2021-09-30 16:00:00+02:00,43.20000076293945,43.22999954223633,42.91999816894531,43.02000045776367,39200,0.0,0.0,2021-09-30
449,2021-09-30 17:00:00+02:00,43.0,43.189998626708984,42.81999969482422,42.81999969482422,374540,0.0,0.0,2021-09-30
450,2021-10-01 09:00:00+02:00,42.20000076293945,42.63999938964844,41.72999954223633,42.5,0,0.0,0.0,2021-10-01
451,2021-10-01 10:00:00+02:00,42.4900016784668,42.72999954223633,42.25,42.72999954223633,37678,0.0,0.0,2021-10-01
452,2021-10-01 11:00:00+02:00,42.720001220703125,42.779998779296875,42.47999954223633,42.52000045776367,31792,0.0,0.0,2021-10-01
453,2021-10-01 12:00:00+02:00,42.560001373291016,42.599998474121094,42.400001525878906,42.5,17882,0.0,0.0,2021-10-01
454,2021-10-01 13:00:00+02:00,42.5099983215332,42.689998626708984,42.4900016784668,42.540000915527344,11359,0.0,0.0,2021-10-01
455,2021-10-01 14:00:00+02:00,42.529998779296875,42.63999938964844,42.27000045776367,42.290000915527344,51984,0.0,0.0,2021-10-01
456,2021-10-01 15:00:00+02:00,42.29999923706055,42.29999923706055,41.939998626708984,41.939998626708984,28987,0.0,0.0,2021-10-01
457,2021-10-01 16:00:00+02:00,41.95000076293945,42.15999984741211,41.56999969482422,41.56999969482422,54528,0.0,0.0,2021-10-01
458,2021-10-01 17:00:00+02:00,41.59000015258789,41.72999954223633,41.540000915527344,41.61000061035156,27129,0.0,0.0,2021-10-01
459,2021-10-04 09:00:00+02:00,41.5,42.040000915527344,41.459999084472656,41.970001220703125,0,0.0,0.0,2021-10-04
460,2021-10-04 10:00:00+02:00,41.970001220703125,42.060001373291016,41.7400016784668,41.83000183105469,27972,0.0,0.0,2021-10-04
461,2021-10-04 11:00:00+02:00,41.81999969482422,42.09000015258789,41.81999969482422,42.04999923706055,17405,0.0,0.0,2021-10-04
462,2021-10-04 12:00:00+02:00,42.060001373291016,42.15999984741211,42.029998779296875,42.06999969482422,15497,0.0,0.0,2021-10-04
463,2021-10-04 13:00:00+02:00,42.060001373291016,42.060001373291016,41.90999984741211,41.939998626708984,11205,0.0,0.0,2021-10-04
464,2021-10-04 14:00:00+02:00,41.93000030517578,42.130001068115234,41.91999816894531,42.099998474121094,9066,0.0,0.0,2021-10-04
465,2021-10-04 15:00:00+02:00,42.099998474121094,42.279998779296875,42.040000915527344,42.2599983215332,17028,0.0,0.0,2021-10-04
466,2021-10-04 16:00:00+02:00,42.2599983215332,42.2599983215332,41.72999954223633,41.869998931884766,14462,0.0,0.0,2021-10-04
467,2021-10-04 17:00:00+02:00,41.849998474121094,41.849998474121094,41.66999816894531,41.66999816894531,114614,0.0,0.0,2021-10-04
468,2021-10-05 09:00:00+02:00,41.75,42.06999969482422,41.75,41.849998474121094,0,0.0,0.0,2021-10-05
469,2021-10-05 10:00:00+02:00,41.84000015258789,41.869998931884766,41.54999923706055,41.83000183105469,41044,0.0,0.0,2021-10-05
470,2021-10-05 11:00:00+02:00,41.84000015258789,41.84000015258789,41.54999923706055,41.56999969482422,17319,0.0,0.0,2021-10-05
471,2021-10-05 12:00:00+02:00,41.529998779296875,41.68000030517578,41.5,41.599998474121094,16403,0.0,0.0,2021-10-05
472,2021-10-05 13:00:00+02:00,41.58000183105469,41.66999816894531,41.52000045776367,41.61000061035156,17014,0.0,0.0,2021-10-05
473,2021-10-05 14:00:00+02:00,41.599998474121094,41.619998931884766,41.47999954223633,41.59000015258789,20363,0.0,0.0,2021-10-05
474,2021-10-05 15:00:00+02:00,41.59000015258789,41.650001525878906,41.41999816894531,41.630001068115234,25909,0.0,0.0,2021-10-05
475,2021-10-05 16:00:00+02:00,41.63999938964844,41.79999923706055,41.63999938964844,41.79999923706055,26617,0.0,0.0,2021-10-05
476,2021-10-05 17:00:00+02:00,41.79999923706055,42.029998779296875,41.779998779296875,42.029998779296875,160755,0.0,0.0,2021-10-05
477,2021-10-06 09:00:00+02:00,41.880001068115234,41.880001068115234,41.25,41.25,0,0.0,0.0,2021-10-06
478,2021-10-06 10:00:00+02:00,41.2400016784668,41.2400016784668,40.900001525878906,41.0,41079,0.0,0.0,2021-10-06
479,2021-10-06 11:00:00+02:00,40.9900016784668,41.029998779296875,40.79999923706055,40.93000030517578,28056,0.0,0.0,2021-10-06
480,2021-10-06 12:00:00+02:00,40.93000030517578,41.11000061035156,40.90999984741211,41.029998779296875,31403,0.0,0.0,2021-10-06
481,2021-10-06 13:00:00+02:00,41.029998779296875,41.11000061035156,40.95000076293945,41.099998474121094,11145,0.0,0.0,2021-10-06
482,2021-10-06 14:00:00+02:00,41.09000015258789,41.439998626708984,41.09000015258789,41.22999954223633,16599,0.0,0.0,2021-10-06
483,2021-10-06 15:00:00+02:00,41.22999954223633,41.38999938964844,41.13999938964844,41.20000076293945,26710,0.0,0.0,2021-10-06
484,2021-10-06 16:00:00+02:00,41.189998626708984,41.36000061035156,41.11000061035156,41.349998474121094,75866,0.0,0.0,2021-10-06
485,2021-10-06 17:00:00+02:00,41.36000061035156,41.41999816894531,41.310001373291016,41.349998474121094,129786,0.0,0.0,2021-10-06
486,2021-10-07 09:00:00+02:00,41.790000915527344,42.0099983215332,41.709999084472656,41.84000015258789,0,0.0,0.0,2021-10-07
487,2021-10-07 10:00:00+02:00,41.790000915527344,41.84000015258789,41.709999084472656,41.79999923706055,12804,0.0,0.0,2021-10-07
488,2021-10-07 11:00:00+02:00,41.810001373291016,42.150001525878906,41.810001373291016,42.11000061035156,14829,0.0,0.0,2021-10-07
489,2021-10-07 12:00:00+02:00,42.119998931884766,42.25,42.119998931884766,42.209999084472656,10765,0.0,0.0,2021-10-07
490,2021-10-07 13:00:00+02:00,42.220001220703125,42.38999938964844,42.15999984741211,42.34000015258789,16628,0.0,0.0,2021-10-07
491,2021-10-07 14:00:00+02:00,42.34000015258789,42.369998931884766,42.290000915527344,42.29999923706055,9608,0.0,0.0,2021-10-07
492,2021-10-07 15:00:00+02:00,42.310001373291016,42.33000183105469,42.08000183105469,42.189998626708984,21692,0.0,0.0,2021-10-07
493,2021-10-07 16:00:00+02:00,42.18000030517578,42.209999084472656,42.060001373291016,42.130001068115234,18323,0.0,0.0,2021-10-07
494,2021-10-07 17:00:00+02:00,42.130001068115234,42.13999938964844,42.0099983215332,42.0099983215332,139744,0.0,0.0,2021-10-07
495,2021-10-08 09:00:00+02:00,41.810001373291016,41.9900016784668,41.66999816894531,41.70000076293945,0,0.0,0.0,2021-10-08
496,2021-10-08 10:00:00+02:00,41.689998626708984,41.75,41.400001525878906,41.459999084472656,26591,0.0,0.0,2021-10-08
497,2021-10-08 11:00:00+02:00,41.439998626708984,41.5,41.369998931884766,41.380001068115234,15152,0.0,0.0,2021-10-08
498,2021-10-08 12:00:00+02:00,41.369998931884766,41.5,41.290000915527344,41.38999938964844,10941,0.0,0.0,2021-10-08
499,2021-10-08 13:00:00+02:00,41.38999938964844,41.45000076293945,41.34000015258789,41.45000076293945,7959,0.0,0.0,2021-10-08
500,2021-10-08 14:00:00+02:00,41.45000076293945,41.4900016784668,41.31999969482422,41.43000030517578,17537,0.0,0.0,2021-10-08
501,2021-10-08 15:00:00+02:00,41.43000030517578,41.560001373291016,41.41999816894531,41.560001373291016,20234,0.0,0.0,2021-10-08
502,2021-10-08 16:00:00+02:00,41.54999923706055,41.619998931884766,41.310001373291016,41.31999969482422,31494,0.0,0.0,2021-10-08
503,2021-10-08 17:00:00+02:00,41.31999969482422,41.36000061035156,41.27000045776367,41.36000061035156,139469,0.0,0.0,2021-10-08
504,2021-10-11 09:00:00+02:00,41.310001373291016,41.68000030517578,41.22999954223633,41.65999984741211,0,0.0,0.0,2021-10-11
505,2021-10-11 10:00:00+02:00,41.65999984741211,41.689998626708984,41.38999938964844,41.54999923706055,16230,0.0,0.0,2021-10-11
506,2021-10-11 11:00:00+02:00,41.560001373291016,41.61000061035156,41.4900016784668,41.56999969482422,12887,0.0,0.0,2021-10-11
507,2021-10-11 12:00:00+02:00,41.58000183105469,41.59000015258789,41.369998931884766,41.5,22072,0.0,0.0,2021-10-11
508,2021-10-11 13:00:00+02:00,41.529998779296875,41.61000061035156,41.529998779296875,41.540000915527344,13506,0.0,0.0,2021-10-11
509,2021-10-11 14:00:00+02:00,41.540000915527344,41.54999923706055,41.4900016784668,41.540000915527344,6422,0.0,0.0,2021-10-11
510,2021-10-11 15:00:00+02:00,41.540000915527344,41.599998474121094,41.4900016784668,41.56999969482422,15560,0.0,0.0,2021-10-11
511,2021-10-11 16:00:00+02:00,41.56999969482422,41.56999969482422,41.4900016784668,41.4900016784668,13630,0.0,0.0,2021-10-11
512,2021-10-11 17:00:00+02:00,41.5,41.56999969482422,41.459999084472656,41.56999969482422,179085,0.0,0.0,2021-10-11
513,2021-10-12 09:00:00+02:00,41.130001068115234,41.2599983215332,40.81999969482422,40.9900016784668,0,0.0,0.0,2021-10-12
514,2021-10-12 10:00:00+02:00,41.0,41.290000915527344,40.970001220703125,41.27000045776367,24068,0.0,0.0,2021-10-12
515,2021-10-12 11:00:00+02:00,41.27000045776367,41.27000045776367,41.0099983215332,41.02000045776367,18029,0.0,0.0,2021-10-12
516,2021-10-12 12:00:00+02:00,41.029998779296875,41.2400016784668,40.9900016784668,41.2400016784668,14378,0.0,0.0,2021-10-12
517,2021-10-12 13:00:00+02:00,41.2400016784668,41.2400016784668,41.08000183105469,41.119998931884766,12447,0.0,0.0,2021-10-12
518,2021-10-12 14:00:00+02:00,41.11000061035156,41.150001525878906,41.04999923706055,41.119998931884766,12789,0.0,0.0,2021-10-12
519,2021-10-12 15:00:00+02:00,41.119998931884766,41.2599983215332,41.11000061035156,41.16999816894531,30303,0.0,0.0,2021-10-12
520,2021-10-12 16:00:00+02:00,41.18000030517578,41.22999954223633,41.04999923706055,41.04999923706055,26661,0.0,0.0,2021-10-12
521,2021-10-12 17:00:00+02:00,41.04999923706055,41.18000030517578,41.040000915527344,41.130001068115234,112452,0.0,0.0,2021-10-12
522,2021-10-13 09:00:00+02:00,41.13999938964844,41.13999938964844,40.869998931884766,41.060001373291016,0,0.0,0.0,2021-10-13
523,2021-10-13 10:00:00+02:00,41.029998779296875,41.06999969482422,40.7599983215332,40.790000915527344,18952,0.0,0.0,2021-10-13
524,2021-10-13 11:00:00+02:00,40.77000045776367,40.79999923706055,40.65999984741211,40.7599983215332,18484,0.0,0.0,2021-10-13
525,2021-10-13 12:00:00+02:00,40.77000045776367,40.810001373291016,40.70000076293945,40.790000915527344,11741,0.0,0.0,2021-10-13
526,2021-10-13 13:00:00+02:00,40.779998779296875,40.810001373291016,40.709999084472656,40.75,11696,0.0,0.0,2021-10-13
527,2021-10-13 14:00:00+02:00,40.7599983215332,41.0099983215332,40.72999954223633,40.84000015258789,12905,0.0,0.0,2021-10-13
528,2021-10-13 15:00:00+02:00,40.849998474121094,40.93000030517578,40.650001525878906,40.68000030517578,27755,0.0,0.0,2021-10-13
529,2021-10-13 16:00:00+02:00,40.65999984741211,40.84000015258789,40.560001373291016,40.83000183105469,22140,0.0,0.0,2021-10-13
530,2021-10-13 17:00:00+02:00,40.81999969482422,40.86000061035156,40.81999969482422,40.84000015258789,107264,0.0,0.0,2021-10-13
531,2021-10-14 09:00:00+02:00,41.06999969482422,41.209999084472656,40.470001220703125,40.52000045776367,0,0.0,0.0,2021-10-14
532,2021-10-14 10:00:00+02:00,40.52000045776367,40.68000030517578,40.5,40.630001068115234,17811,0.0,0.0,2021-10-14
533,2021-10-14 11:00:00+02:00,40.650001525878906,40.86000061035156,40.630001068115234,40.79999923706055,25318,0.0,0.0,2021-10-14
534,2021-10-14 12:00:00+02:00,40.77000045776367,40.810001373291016,40.72999954223633,40.779998779296875,13369,0.0,0.0,2021-10-14
535,2021-10-14 13:00:00+02:00,40.779998779296875,40.81999969482422,40.77000045776367,40.790000915527344,14460,0.0,0.0,2021-10-14
536,2021-10-14 14:00:00+02:00,40.790000915527344,40.900001525878906,40.75,40.88999938964844,17254,0.0,0.0,2021-10-14
537,2021-10-14 15:00:00+02:00,40.900001525878906,40.93000030517578,40.79999923706055,40.810001373291016,19375,0.0,0.0,2021-10-14
538,2021-10-14 16:00:00+02:00,40.79999923706055,40.93000030517578,40.79999923706055,40.83000183105469,19654,0.0,0.0,2021-10-14
539,2021-10-14 17:00:00+02:00,40.810001373291016,40.81999969482422,40.720001220703125,40.720001220703125,118580,0.0,0.0,2021-10-14
540,2021-10-15 09:00:00+02:00,40.810001373291016,41.220001220703125,40.810001373291016,41.209999084472656,0,0.0,0.0,2021-10-15
541,2021-10-15 10:00:00+02:00,41.209999084472656,41.310001373291016,41.0099983215332,41.04999923706055,46733,0.0,0.0,2021-10-15
542,2021-10-15 11:00:00+02:00,41.04999923706055,41.209999084472656,41.040000915527344,41.099998474121094,21100,0.0,0.0,2021-10-15
543,2021-10-15 12:00:00+02:00,41.11000061035156,41.189998626708984,41.11000061035156,41.11000061035156,17855,0.0,0.0,2021-10-15
544,2021-10-15 13:00:00+02:00,41.119998931884766,41.220001220703125,41.099998474121094,41.11000061035156,36344,0.0,0.0,2021-10-15
545,2021-10-15 14:00:00+02:00,41.11000061035156,41.15999984741211,41.09000015258789,41.13999938964844,21826,0.0,0.0,2021-10-15
546,2021-10-15 15:00:00+02:00,41.130001068115234,41.16999816894531,41.08000183105469,41.13999938964844,31727,0.0,0.0,2021-10-15
547,2021-10-15 16:00:00+02:00,41.119998931884766,41.13999938964844,40.97999954223633,40.9900016784668,47030,0.0,0.0,2021-10-15
548,2021-10-15 17:00:00+02:00,40.9900016784668,41.09000015258789,40.97999954223633,41.04999923706055,26860,0.0,0.0,2021-10-15
549,2021-10-18 09:00:00+02:00,41.0,41.22999954223633,40.959999084472656,41.15999984741211,0,0.0,0.0,2021-10-18
550,2021-10-18 10:00:00+02:00,41.150001525878906,41.16999816894531,41.04999923706055,41.11000061035156,20105,0.0,0.0,2021-10-18
551,2021-10-18 11:00:00+02:00,41.11000061035156,41.150001525878906,40.95000076293945,40.97999954223633,28161,0.0,0.0,2021-10-18
552,2021-10-18 12:00:00+02:00,40.97999954223633,41.0099983215332,40.91999816894531,40.939998626708984,11160,0.0,0.0,2021-10-18
553,2021-10-18 13:00:00+02:00,40.95000076293945,41.0,40.900001525878906,40.90999984741211,12946,0.0,0.0,2021-10-18
554,2021-10-18 14:00:00+02:00,40.91999816894531,40.91999816894531,40.790000915527344,40.79999923706055,21977,0.0,0.0,2021-10-18
555,2021-10-18 15:00:00+02:00,40.7599983215332,40.779998779296875,40.560001373291016,40.59000015258789,18273,0.0,0.0,2021-10-18
556,2021-10-18 16:00:00+02:00,40.599998474121094,40.650001525878906,40.52000045776367,40.619998931884766,16506,0.0,0.0,2021-10-18
557,2021-10-18 17:00:00+02:00,40.619998931884766,40.790000915527344,40.61000061035156,40.650001525878906,132690,0.0,0.0,2021-10-18
558,2021-10-19 09:00:00+02:00,40.650001525878906,41.060001373291016,40.599998474121094,41.060001373291016,0,0.0,0.0,2021-10-19
559,2021-10-19 10:00:00+02:00,41.040000915527344,41.18000030517578,41.0,41.08000183105469,14290,0.0,0.0,2021-10-19
560,2021-10-19 11:00:00+02:00,41.04999923706055,41.11000061035156,40.95000076293945,41.0099983215332,26365,0.0,0.0,2021-10-19
561,2021-10-19 12:00:00+02:00,41.0099983215332,41.06999969482422,40.970001220703125,40.970001220703125,10253,0.0,0.0,2021-10-19
562,2021-10-19 13:00:00+02:00,40.97999954223633,40.97999954223633,40.83000183105469,40.900001525878906,10638,0.0,0.0,2021-10-19
563,2021-10-19 14:00:00+02:00,40.88999938964844,41.029998779296875,40.880001068115234,41.02000045776367,12294,0.0,0.0,2021-10-19
564,2021-10-19 15:00:00+02:00,41.0099983215332,41.099998474121094,41.0,41.08000183105469,28158,0.0,0.0,2021-10-19
565,2021-10-19 16:00:00+02:00,41.08000183105469,41.2400016784668,41.08000183105469,41.209999084472656,15728,0.0,0.0,2021-10-19
566,2021-10-19 17:00:00+02:00,41.220001220703125,41.25,41.13999938964844,41.16999816894531,92793,0.0,0.0,2021-10-19
567,2021-10-20 09:00:00+02:00,41.16999816894531,41.4900016784668,41.099998474121094,41.400001525878906,0,0.0,0.0,2021-10-20
568,2021-10-20 10:00:00+02:00,41.400001525878906,41.43000030517578,41.25,41.380001068115234,20122,0.0,0.0,2021-10-20
569,2021-10-20 11:00:00+02:00,41.369998931884766,41.38999938964844,41.290000915527344,41.29999923706055,17418,0.0,0.0,2021-10-20
570,2021-10-20 12:00:00+02:00,41.31999969482422,41.34000015258789,41.2599983215332,41.29999923706055,8451,0.0,0.0,2021-10-20
571,2021-10-20 13:00:00+02:00,41.310001373291016,41.45000076293945,41.279998779296875,41.290000915527344,7553,0.0,0.0,2021-10-20
572,2021-10-20 14:00:00+02:00,41.290000915527344,41.290000915527344,41.189998626708984,41.189998626708984,10167,0.0,0.0,2021-10-20
573,2021-10-20 15:00:00+02:00,41.209999084472656,41.27000045776367,41.13999938964844,41.22999954223633,16559,0.0,0.0,2021-10-20
574,2021-10-20 16:00:00+02:00,41.2400016784668,41.59000015258789,41.2400016784668,41.4900016784668,19055,0.0,0.0,2021-10-20
575,2021-10-20 17:00:00+02:00,41.47999954223633,41.540000915527344,41.439998626708984,41.439998626708984,94793,0.0,0.0,2021-10-20
576,2021-10-21 09:00:00+02:00,41.290000915527344,41.41999816894531,41.130001068115234,41.400001525878906,0,0.0,0.0,2021-10-21
577,2021-10-21 10:00:00+02:00,41.400001525878906,41.400001525878906,41.20000076293945,41.209999084472656,13456,0.0,0.0,2021-10-21
578,2021-10-21 11:00:00+02:00,41.220001220703125,41.22999954223633,41.08000183105469,41.11000061035156,17514,0.0,0.0,2021-10-21
579,2021-10-21 12:00:00+02:00,41.119998931884766,41.119998931884766,41.029998779296875,41.060001373291016,9975,0.0,0.0,2021-10-21
580,2021-10-21 13:00:00+02:00,41.06999969482422,41.2599983215332,41.060001373291016,41.22999954223633,31085,0.0,0.0,2021-10-21
581,2021-10-21 14:00:00+02:00,41.22999954223633,41.38999938964844,41.20000076293945,41.38999938964844,17188,0.0,0.0,2021-10-21
582,2021-10-21 15:00:00+02:00,41.380001068115234,41.66999816894531,41.36000061035156,41.65999984741211,17404,0.0,0.0,2021-10-21
583,2021-10-21 16:00:00+02:00,41.650001525878906,41.65999984741211,41.31999969482422,41.31999969482422,24533,0.0,0.0,2021-10-21
584,2021-10-21 17:00:00+02:00,41.33000183105469,41.349998474121094,41.2599983215332,41.2599983215332,125815,0.0,0.0,2021-10-21
585,2021-10-22 09:00:00+02:00,41.400001525878906,41.459999084472656,41.2599983215332,41.38999938964844,0,0.0,0.0,2021-10-22
586,2021-10-22 10:00:00+02:00,41.439998626708984,41.59000015258789,41.33000183105469,41.56999969482422,13683,0.0,0.0,2021-10-22
587,2021-10-22 11:00:00+02:00,41.58000183105469,41.72999954223633,41.540000915527344,41.72999954223633,14040,0.0,0.0,2021-10-22
588,2021-10-22 12:00:00+02:00,41.72999954223633,41.83000183105469,41.689998626708984,41.83000183105469,10880,0.0,0.0,2021-10-22
589,2021-10-22 13:00:00+02:00,41.84000015258789,42.209999084472656,41.83000183105469,42.209999084472656,26604,0.0,0.0,2021-10-22
590,2021-10-22 14:00:00+02:00,42.20000076293945,42.2599983215332,42.09000015258789,42.18000030517578,38795,0.0,0.0,2021-10-22
591,2021-10-22 15:00:00+02:00,42.20000076293945,42.36000061035156,42.119998931884766,42.31999969482422,23223,0.0,0.0,2021-10-22
592,2021-10-22 16:00:00+02:00,42.310001373291016,42.31999969482422,42.029998779296875,42.029998779296875,27457,0.0,0.0,2021-10-22
593,2021-10-22 17:00:00+02:00,42.02000045776367,42.16999816894531,42.02000045776367,42.16999816894531,22192,0.0,0.0,2021-10-22
594,2021-10-25 09:00:00+02:00,42.29999923706055,42.400001525878906,42.130001068115234,42.20000076293945,0,0.0,0.0,2021-10-25
595,2021-10-25 10:00:00+02:00,42.20000076293945,42.439998626708984,42.16999816894531,42.380001068115234,20388,0.0,0.0,2021-10-25
596,2021-10-25 11:00:00+02:00,42.380001068115234,42.40999984741211,42.20000076293945,42.29999923706055,18519,0.0,0.0,2021-10-25
597,2021-10-25 12:00:00+02:00,42.310001373291016,42.34000015258789,42.16999816894531,42.25,13420,0.0,0.0,2021-10-25
598,2021-10-25 13:00:00+02:00,42.2400016784668,42.290000915527344,42.20000076293945,42.20000076293945,15932,0.0,0.0,2021-10-25
599,2021-10-25 14:00:00+02:00,42.189998626708984,42.349998474121094,42.150001525878906,42.29999923706055,27435,0.0,0.0,2021-10-25
600,2021-10-25 15:00:00+02:00,42.310001373291016,42.31999969482422,42.18000030517578,42.29999923706055,18274,0.0,0.0,2021-10-25
601,2021-10-25 16:00:00+02:00,42.310001373291016,42.380001068115234,42.20000076293945,42.22999954223633,20914,0.0,0.0,2021-10-25
602,2021-10-25 17:00:00+02:00,42.2400016784668,42.349998474121094,42.220001220703125,42.2400016784668,101729,0.0,0.0,2021-10-25
603,2021-10-26 09:00:00+02:00,42.150001525878906,42.5,41.81999969482422,42.4900016784668,0,0.0,0.0,2021-10-26
604,2021-10-26 10:00:00+02:00,42.5099983215332,42.79999923706055,42.4900016784668,42.560001373291016,32458,0.0,0.0,2021-10-26
605,2021-10-26 11:00:00+02:00,42.54999923706055,42.79999923706055,42.529998779296875,42.68000030517578,19508,0.0,0.0,2021-10-26
606,2021-10-26 12:00:00+02:00,42.68000030517578,42.70000076293945,42.59000015258789,42.66999816894531,10688,0.0,0.0,2021-10-26
607,2021-10-26 13:00:00+02:00,42.689998626708984,42.88999938964844,42.68000030517578,42.86000061035156,11417,0.0,0.0,2021-10-26
608,2021-10-26 14:00:00+02:00,42.84000015258789,42.869998931884766,42.599998474121094,42.599998474121094,15956,0.0,0.0,2021-10-26
609,2021-10-26 15:00:00+02:00,42.599998474121094,42.66999816894531,42.54999923706055,42.619998931884766,16087,0.0,0.0,2021-10-26
610,2021-10-26 16:00:00+02:00,42.59000015258789,42.68000030517578,42.38999938964844,42.400001525878906,20928,0.0,0.0,2021-10-26
611,2021-10-26 17:00:00+02:00,42.400001525878906,42.43000030517578,42.33000183105469,42.33000183105469,89262,0.0,0.0,2021-10-26
612,2021-10-27 09:00:00+02:00,42.150001525878906,42.16999816894531,41.880001068115234,42.130001068115234,0,0.0,0.0,2021-10-27
613,2021-10-27 10:00:00+02:00,42.150001525878906,42.20000076293945,41.95000076293945,41.95000076293945,17451,0.0,0.0,2021-10-27
614,2021-10-27 11:00:00+02:00,41.95000076293945,42.09000015258789,41.95000076293945,42.08000183105469,9932,0.0,0.0,2021-10-27
615,2021-10-27 12:00:00+02:00,42.09000015258789,42.22999954223633,42.09000015258789,42.18000030517578,11133,0.0,0.0,2021-10-27
616,2021-10-27 13:00:00+02:00,42.18000030517578,42.29999923706055,42.18000030517578,42.220001220703125,6575,0.0,0.0,2021-10-27
617,2021-10-27 14:00:00+02:00,42.20000076293945,42.209999084472656,42.119998931884766,42.209999084472656,10524,0.0,0.0,2021-10-27
618,2021-10-27 15:00:00+02:00,42.18000030517578,42.2400016784668,42.119998931884766,42.18000030517578,15814,0.0,0.0,2021-10-27
619,2021-10-27 16:00:00+02:00,42.20000076293945,42.310001373291016,42.130001068115234,42.29999923706055,24666,0.0,0.0,2021-10-27
620,2021-10-27 17:00:00+02:00,42.310001373291016,42.31999969482422,42.22999954223633,42.22999954223633,159912,0.0,0.0,2021-10-27
621,2021-10-28 09:00:00+02:00,42.2400016784668,42.380001068115234,42.20000076293945,42.27000045776367,0,0.0,0.0,2021-10-28
622,2021-10-28 10:00:00+02:00,42.2599983215332,42.36000061035156,42.150001525878906,42.31999969482422,23771,0.0,0.0,2021-10-28
623,2021-10-28 11:00:00+02:00,42.31999969482422,42.38999938964844,42.25,42.34000015258789,15194,0.0,0.0,2021-10-28
624,2021-10-28 12:00:00+02:00,42.34000015258789,42.45000076293945,42.34000015258789,42.41999816894531,5895,0.0,0.0,2021-10-28
625,2021-10-28 13:00:00+02:00,42.40999984741211,42.5,42.25,42.25,15705,0.0,0.0,2021-10-28
626,2021-10-28 14:00:00+02:00,42.2599983215332,42.34000015258789,42.13999938964844,42.189998626708984,20031,0.0,0.0,2021-10-28
627,2021-10-28 15:00:00+02:00,42.20000076293945,42.220001220703125,42.040000915527344,42.18000030517578,30425,0.0,0.0,2021-10-28
628,2021-10-28 16:00:00+02:00,42.16999816894531,42.2400016784668,42.099998474121094,42.2400016784668,16508,0.0,0.0,2021-10-28
629,2021-10-28 17:00:00+02:00,42.25,42.380001068115234,42.209999084472656,42.380001068115234,125676,0.0,0.0,2021-10-28
630,2021-10-29 09:00:00+02:00,42.400001525878906,42.400001525878906,42.20000076293945,42.220001220703125,0,0.0,0.0,2021-10-29
631,2021-10-29 10:00:00+02:00,42.220001220703125,42.31999969482422,42.16999816894531,42.31999969482422,17552,0.0,0.0,2021-10-29
632,2021-10-29 11:00:00+02:00,42.29999923706055,42.31999969482422,42.08000183105469,42.2400016784668,21921,0.0,0.0,2021-10-29
633,2021-10-29 12:00:00+02:00,42.25,42.34000015258789,42.040000915527344,42.34000015258789,14451,0.0,0.0,2021-10-29
634,2021-10-29 13:00:00+02:00,42.33000183105469,42.380001068115234,42.150001525878906,42.150001525878906,16020,0.0,0.0,2021-10-29
635,2021-10-29 14:00:00+02:00,42.150001525878906,42.29999923706055,42.130001068115234,42.25,13298,0.0,0.0,2021-10-29
636,2021-10-29 15:00:00+02:00,42.2400016784668,42.2599983215332,42.09000015258789,42.209999084472656,15817,0.0,0.0,2021-10-29
637,2021-10-29 16:00:00+02:00,42.119998931884766,42.13999938964844,42.0099983215332,42.09000015258789,13829,0.0,0.0,2021-10-29
638,2021-10-29 17:00:00+02:00,42.08000183105469,42.209999084472656,42.06999969482422,42.130001068115234,10777,0.0,0.0,2021-10-29
639,2021-11-01 09:00:00+01:00,42.13999938964844,42.7400016784668,42.13999938964844,42.68000030517578,0,0.0,0.0,2021-11-01
640,2021-11-01 10:00:00+01:00,42.68000030517578,42.72999954223633,42.47999954223633,42.65999984741211,17476,0.0,0.0,2021-11-01
641,2021-11-01 11:00:00+01:00,42.650001525878906,42.72999954223633,42.56999969482422,42.650001525878906,10259,0.0,0.0,2021-11-01
642,2021-11-01 12:00:00+01:00,42.65999984741211,42.70000076293945,42.59000015258789,42.630001068115234,9915,0.0,0.0,2021-11-01
643,2021-11-01 13:00:00+01:00,42.63999938964844,42.65999984741211,42.56999969482422,42.56999969482422,8446,0.0,0.0,2021-11-01
644,2021-11-01 14:00:00+01:00,42.56999969482422,42.66999816894531,42.540000915527344,42.54999923706055,13560,0.0,0.0,2021-11-01
645,2021-11-01 15:00:00+01:00,42.54999923706055,42.90999984741211,42.5099983215332,42.869998931884766,19348,0.0,0.0,2021-11-01
646,2021-11-01 16:00:00+01:00,42.869998931884766,42.900001525878906,42.7599983215332,42.79999923706055,16543,0.0,0.0,2021-11-01
647,2021-11-01 17:00:00+01:00,42.810001373291016,42.9900016784668,42.810001373291016,42.88999938964844,167379,0.0,0.0,2021-11-01
648,2021-11-02 09:00:00+01:00,42.7400016784668,42.79999923706055,42.560001373291016,42.689998626708984,0,0.0,0.0,2021-11-02
649,2021-11-02 10:00:00+01:00,42.68000030517578,42.959999084472656,42.619998931884766,42.959999084472656,31477,0.0,0.0,2021-11-02
650,2021-11-02 11:00:00+01:00,42.959999084472656,43.119998931884766,42.900001525878906,43.119998931884766,13263,0.0,0.0,2021-11-02
651,2021-11-02 12:00:00+01:00,43.130001068115234,43.130001068115234,42.83000183105469,42.86000061035156,9999,0.0,0.0,2021-11-02
652,2021-11-02 13:00:00+01:00,42.84000015258789,42.91999816894531,42.79999923706055,42.810001373291016,9288,0.0,0.0,2021-11-02
653,2021-11-02 14:00:00+01:00,42.81999969482422,42.900001525878906,42.790000915527344,42.869998931884766,10345,0.0,0.0,2021-11-02
654,2021-11-02 15:00:00+01:00,42.869998931884766,42.93000030517578,42.790000915527344,42.849998474121094,13254,0.0,0.0,2021-11-02
655,2021-11-02 16:00:00+01:00,42.849998474121094,42.939998626708984,42.81999969482422,42.81999969482422,15828,0.0,0.0,2021-11-02
656,2021-11-02 17:00:00+01:00,42.83000183105469,42.9900016784668,42.83000183105469,42.93000030517578,93723,0.0,0.0,2021-11-02
657,2021-11-03 09:00:00+01:00,42.95000076293945,43.0099983215332,42.77000045776367,42.849998474121094,0,0.0,0.0,2021-11-03
658,2021-11-03 10:00:00+01:00,42.849998474121094,42.86000061035156,42.560001373291016,42.61000061035156,16748,0.0,0.0,2021-11-03
659,2021-11-03 11:00:00+01:00,42.599998474121094,42.61000061035156,42.5099983215332,42.529998779296875,26526,0.0,0.0,2021-11-03
660,2021-11-03 12:00:00+01:00,42.52000045776367,42.560001373291016,42.439998626708984,42.47999954223633,13434,0.0,0.0,2021-11-03
661,2021-11-03 13:00:00+01:00,42.47999954223633,42.4900016784668,42.33000183105469,42.369998931884766,7908,0.0,0.0,2021-11-03
662,2021-11-03 14:00:00+01:00,42.349998474121094,42.58000183105469,42.310001373291016,42.56999969482422,13364,0.0,0.0,2021-11-03
663,2021-11-03 15:00:00+01:00,42.56999969482422,42.75,42.56999969482422,42.65999984741211,27300,0.0,0.0,2021-11-03
664,2021-11-03 16:00:00+01:00,42.650001525878906,42.68000030517578,42.560001373291016,42.63999938964844,27025,0.0,0.0,2021-11-03
665,2021-11-03 17:00:00+01:00,42.630001068115234,42.66999816894531,42.58000183105469,42.66999816894531,222993,0.0,0.0,2021-11-03
666,2021-11-04 09:00:00+01:00,43.0,43.04999923706055,42.66999816894531,42.70000076293945,0,0.0,0.0,2021-11-04
667,2021-11-04 10:00:00+01:00,42.70000076293945,42.75,42.36000061035156,42.380001068115234,26627,0.0,0.0,2021-11-04
668,2021-11-04 11:00:00+01:00,42.349998474121094,42.439998626708984,42.29999923706055,42.43000030517578,7854,0.0,0.0,2021-11-04
669,2021-11-04 12:00:00+01:00,42.43000030517578,42.619998931884766,42.40999984741211,42.599998474121094,11879,0.0,0.0,2021-11-04
670,2021-11-04 13:00:00+01:00,42.599998474121094,42.7599983215332,42.54999923706055,42.560001373291016,13479,0.0,0.0,2021-11-04
671,2021-11-04 14:00:00+01:00,42.56999969482422,42.68000030517578,42.369998931884766,42.369998931884766,23089,0.0,0.0,2021-11-04
672,2021-11-04 15:00:00+01:00,42.369998931884766,42.41999816894531,42.290000915527344,42.33000183105469,13950,0.0,0.0,2021-11-04
673,2021-11-04 16:00:00+01:00,42.310001373291016,42.34000015258789,42.15999984741211,42.29999923706055,23918,0.0,0.0,2021-11-04
674,2021-11-04 17:00:00+01:00,42.33000183105469,42.36000061035156,42.290000915527344,42.33000183105469,94096,0.0,0.0,2021-11-04
675,2021-11-05 09:00:00+01:00,42.22999954223633,42.58000183105469,42.189998626708984,42.400001525878906,0,0.0,0.0,2021-11-05
676,2021-11-05 10:00:00+01:00,42.43000030517578,42.59000015258789,42.43000030517578,42.540000915527344,14338,0.0,0.0,2021-11-05
677,2021-11-05 11:00:00+01:00,42.54999923706055,42.75,42.459999084472656,42.75,21901,0.0,0.0,2021-11-05
678,2021-11-05 12:00:00+01:00,42.75,42.880001068115234,42.75,42.84000015258789,13911,0.0,0.0,2021-11-05
679,2021-11-05 13:00:00+01:00,42.84000015258789,42.869998931884766,42.720001220703125,42.849998474121094,7350,0.0,0.0,2021-11-05
680,2021-11-05 14:00:00+01:00,42.849998474121094,42.880001068115234,42.75,42.75,29606,0.0,0.0,2021-11-05
681,2021-11-05 15:00:00+01:00,42.7400016784668,42.7400016784668,42.560001373291016,42.650001525878906,14935,0.0,0.0,2021-11-05
682,2021-11-05 16:00:00+01:00,42.68000030517578,42.779998779296875,42.630001068115234,42.630001068115234,9844,0.0,0.0,2021-11-05
683,2021-11-05 17:00:00+01:00,42.650001525878906,42.779998779296875,42.650001525878906,42.7599983215332,30669,0.0,0.0,2021-11-05
684,2021-11-08 09:00:00+01:00,42.7599983215332,42.7599983215332,42.400001525878906,42.470001220703125,0,0.0,0.0,2021-11-08
685,2021-11-08 10:00:00+01:00,42.470001220703125,42.630001068115234,42.45000076293945,42.52000045776367,16496,0.0,0.0,2021-11-08
686,2021-11-08 11:00:00+01:00,42.52000045776367,42.689998626708984,42.459999084472656,42.63999938964844,12721,0.0,0.0,2021-11-08
687,2021-11-08 12:00:00+01:00,42.630001068115234,42.630001068115234,42.439998626708984,42.5,10084,0.0,0.0,2021-11-08
688,2021-11-08 13:00:00+01:00,42.4900016784668,42.619998931884766,42.459999084472656,42.599998474121094,7816,0.0,0.0,2021-11-08
689,2021-11-08 14:00:00+01:00,42.599998474121094,42.61000061035156,42.529998779296875,42.61000061035156,5774,0.0,0.0,2021-11-08
690,2021-11-08 15:00:00+01:00,42.61000061035156,42.869998931884766,42.54999923706055,42.790000915527344,23642,0.0,0.0,2021-11-08
691,2021-11-08 16:00:00+01:00,42.779998779296875,42.81999969482422,42.720001220703125,42.79999923706055,13705,0.0,0.0,2021-11-08
692,2021-11-08 17:00:00+01:00,42.79999923706055,42.79999923706055,42.650001525878906,42.65999984741211,137417,0.0,0.0,2021-11-08
693,2021-11-09 09:00:00+01:00,42.619998931884766,42.65999984741211,42.349998474121094,42.36000061035156,0,0.0,0.0,2021-11-09
694,2021-11-09 10:00:00+01:00,42.36000061035156,42.439998626708984,42.13999938964844,42.349998474121094,48164,0.0,0.0,2021-11-09
695,2021-11-09 11:00:00+01:00,42.349998474121094,42.47999954223633,42.290000915527344,42.47999954223633,22766,0.0,0.0,2021-11-09
696,2021-11-09 12:00:00+01:00,42.47999954223633,42.4900016784668,42.33000183105469,42.36000061035156,19280,0.0,0.0,2021-11-09
697,2021-11-09 13:00:00+01:00,42.36000061035156,42.380001068115234,42.2400016784668,42.25,16059,0.0,0.0,2021-11-09
698,2021-11-09 14:00:00+01:00,42.290000915527344,42.31999969482422,42.20000076293945,42.22999954223633,18869,0.0,0.0,2021-11-09
699,2021-11-09 15:00:00+01:00,42.220001220703125,42.38999938964844,42.08000183105469,42.09000015258789,37704,0.0,0.0,2021-11-09
700,2021-11-09 16:00:00+01:00,42.08000183105469,42.27000045776367,42.060001373291016,42.22999954223633,39968,0.0,0.0,2021-11-09
701,2021-11-09 17:00:00+01:00,42.220001220703125,42.400001525878906,42.20000076293945,42.400001525878906,295261,0.0,0.0,2021-11-09
702,2021-11-10 09:00:00+01:00,42.29999923706055,42.38999938964844,41.459999084472656,41.779998779296875,0,0.0,0.0,2021-11-10
703,2021-11-10 10:00:00+01:00,41.790000915527344,41.81999969482422,41.119998931884766,41.150001525878906,111013,0.0,0.0,2021-11-10
704,2021-11-10 11:00:00+01:00,41.150001525878906,41.209999084472656,40.810001373291016,41.209999084472656,147420,0.0,0.0,2021-11-10
705,2021-11-10 12:00:00+01:00,41.220001220703125,41.540000915527344,41.09000015258789,41.40999984741211,56282,0.0,0.0,2021-11-10
706,2021-11-10 13:00:00+01:00,41.400001525878906,41.45000076293945,41.060001373291016,41.16999816894531,57691,0.0,0.0,2021-11-10
707,2021-11-10 14:00:00+01:00,41.18000030517578,41.97999954223633,41.02000045776367,41.86000061035156,87758,0.0,0.0,2021-11-10
708,2021-11-10 15:00:00+01:00,41.86000061035156,42.349998474121094,41.84000015258789,42.040000915527344,54368,0.0,0.0,2021-11-10
709,2021-11-10 16:00:00+01:00,42.040000915527344,42.08000183105469,41.68000030517578,41.77000045776367,42832,0.0,0.0,2021-11-10
710,2021-11-10 17:00:00+01:00,41.72999954223633,42.04999923706055,41.72999954223633,41.83000183105469,266139,0.0,0.0,2021-11-10
711,2021-11-11 09:00:00+01:00,41.83000183105469,42.84000015258789,41.709999084472656,42.77000045776367,0,0.0,0.0,2021-11-11
712,2021-11-11 10:00:00+01:00,42.779998779296875,42.79999923706055,42.119998931884766,42.150001525878906,28311,0.0,0.0,2021-11-11
713,2021-11-11 11:00:00+01:00,42.150001525878906,42.20000076293945,41.9900016784668,42.150001525878906,31433,0.0,0.0,2021-11-11
714,2021-11-11 12:00:00+01:00,42.150001525878906,42.22999954223633,42.04999923706055,42.04999923706055,23989,0.0,0.0,2021-11-11
715,2021-11-11 13:00:00+01:00,42.04999923706055,42.060001373291016,41.86000061035156,41.91999816894531,15129,0.0,0.0,2021-11-11
716,2021-11-11 14:00:00+01:00,41.90999984741211,42.0099983215332,41.880001068115234,41.9900016784668,15492,0.0,0.0,2021-11-11
717,2021-11-11 15:00:00+01:00,42.0,42.0099983215332,41.869998931884766,41.970001220703125,14490,0.0,0.0,2021-11-11
718,2021-11-11 16:00:00+01:00,41.97999954223633,42.060001373291016,41.900001525878906,41.939998626708984,19439,0.0,0.0,2021-11-11
719,2021-11-11 17:00:00+01:00,41.939998626708984,42.08000183105469,41.939998626708984,42.060001373291016,139113,0.0,0.0,2021-11-11
720,2021-11-12 09:00:00+01:00,41.9900016784668,42.130001068115234,41.83000183105469,41.900001525878906,0,0.0,0.0,2021-11-12
721,2021-11-12 10:00:00+01:00,41.88999938964844,42.029998779296875,41.79999923706055,42.02000045776367,18104,0.0,0.0,2021-11-12
722,2021-11-12 11:00:00+01:00,42.0099983215332,42.25,42.0099983215332,42.25,25070,0.0,0.0,2021-11-12
723,2021-11-12 12:00:00+01:00,42.25,42.40999984741211,42.13999938964844,42.150001525878906,21316,0.0,0.0,2021-11-12
724,2021-11-12 13:00:00+01:00,42.130001068115234,42.2599983215332,42.119998931884766,42.16999816894531,16440,0.0,0.0,2021-11-12
725,2021-11-12 14:00:00+01:00,42.18000030517578,42.209999084472656,42.119998931884766,42.209999084472656,16522,0.0,0.0,2021-11-12
726,2021-11-12 15:00:00+01:00,42.220001220703125,42.31999969482422,42.119998931884766,42.2599983215332,23442,0.0,0.0,2021-11-12
727,2021-11-12 16:00:00+01:00,42.2400016784668,42.2599983215332,42.13999938964844,42.150001525878906,24558,0.0,0.0,2021-11-12
728,2021-11-12 17:00:00+01:00,42.150001525878906,42.310001373291016,42.150001525878906,42.310001373291016,134226,0.0,0.0,2021-11-12
729,2021-11-15 09:00:00+01:00,42.09000015258789,42.45000076293945,41.900001525878906,42.45000076293945,0,0.0,0.0,2021-11-15
730,2021-11-15 10:00:00+01:00,42.439998626708984,42.599998474121094,42.40999984741211,42.560001373291016,17369,0.0,0.0,2021-11-15
731,2021-11-15 11:00:00+01:00,42.54999923706055,42.61000061035156,42.40999984741211,42.5,25647,0.0,0.0,2021-11-15
732,2021-11-15 12:00:00+01:00,42.4900016784668,42.619998931884766,42.45000076293945,42.599998474121094,9863,0.0,0.0,2021-11-15
733,2021-11-15 13:00:00+01:00,42.599998474121094,42.70000076293945,42.52000045776367,42.630001068115234,12038,0.0,0.0,2021-11-15
734,2021-11-15 14:00:00+01:00,42.619998931884766,42.86000061035156,42.599998474121094,42.849998474121094,31218,0.0,0.0,2021-11-15
735,2021-11-15 15:00:00+01:00,42.849998474121094,43.13999938964844,42.849998474121094,43.0099983215332,52527,0.0,0.0,2021-11-15
736,2021-11-15 16:00:00+01:00,43.0099983215332,43.5099983215332,42.9900016784668,43.45000076293945,75963,0.0,0.0,2021-11-15
737,2021-11-15 17:00:00+01:00,43.43000030517578,43.779998779296875,43.400001525878906,43.779998779296875,250979,0.0,0.0,2021-11-15
738,2021-11-16 09:00:00+01:00,44.0,45.040000915527344,43.83000183105469,45.040000915527344,0,0.0,0.0,2021-11-16
739,2021-11-16 10:00:00+01:00,45.029998779296875,45.59000015258789,44.849998474121094,45.06999969482422,115499,0.0,0.0,2021-11-16
740,2021-11-16 11:00:00+01:00,45.099998474121094,45.470001220703125,44.9900016784668,45.18000030517578,49274,0.0,0.0,2021-11-16
741,2021-11-16 12:00:00+01:00,45.20000076293945,45.599998474121094,45.20000076293945,45.56999969482422,46606,0.0,0.0,2021-11-16
742,2021-11-16 13:00:00+01:00,45.56999969482422,45.599998474121094,45.310001373291016,45.380001068115234,26360,0.0,0.0,2021-11-16
743,2021-11-16 14:00:00+01:00,45.36000061035156,45.41999816894531,44.95000076293945,45.18000030517578,37006,0.0,0.0,2021-11-16
744,2021-11-16 15:00:00+01:00,45.18000030517578,45.2400016784668,45.02000045776367,45.150001525878906,35339,0.0,0.0,2021-11-16
745,2021-11-16 16:00:00+01:00,45.150001525878906,45.22999954223633,44.86000061035156,44.959999084472656,65850,0.0,0.0,2021-11-16
746,2021-11-16 17:00:00+01:00,44.93000030517578,45.04999923706055,44.7599983215332,44.97999954223633,364385,0.0,0.0,2021-11-16
747,2021-11-17 09:00:00+01:00,44.86000061035156,44.97999954223633,44.599998474121094,44.810001373291016,0,0.0,0.0,2021-11-17
748,2021-11-17 10:00:00+01:00,44.790000915527344,44.900001525878906,44.72999954223633,44.810001373291016,36591,0.0,0.0,2021-11-17
749,2021-11-17 11:00:00+01:00,44.81999969482422,44.880001068115234,44.75,44.880001068115234,21496,0.0,0.0,2021-11-17
750,2021-11-17 12:00:00+01:00,44.869998931884766,45.060001373291016,44.849998474121094,44.97999954223633,26138,0.0,0.0,2021-11-17
751,2021-11-17 13:00:00+01:00,44.97999954223633,45.349998474121094,44.959999084472656,45.33000183105469,37945,0.0,0.0,2021-11-17
752,2021-11-17 14:00:00+01:00,45.31999969482422,45.56999969482422,45.2400016784668,45.56999969482422,84002,0.0,0.0,2021-11-17
753,2021-11-17 15:00:00+01:00,45.529998779296875,45.619998931884766,45.38999938964844,45.45000076293945,50747,0.0,0.0,2021-11-17
754,2021-11-17 16:00:00+01:00,45.45000076293945,46.04999923706055,45.439998626708984,46.029998779296875,168730,0.0,0.0,2021-11-17
755,2021-11-17 17:00:00+01:00,46.029998779296875,46.29999923706055,45.90999984741211,46.290000915527344,405795,0.0,0.0,2021-11-17
756,2021-11-18 09:00:00+01:00,46.15999984741211,46.5,45.720001220703125,46.400001525878906,0,0.0,0.0,2021-11-18
757,2021-11-18 10:00:00+01:00,46.41999816894531,46.59000015258789,46.2400016784668,46.310001373291016,46364,0.0,0.0,2021-11-18
758,2021-11-18 11:00:00+01:00,46.29999923706055,46.38999938964844,46.2400016784668,46.38999938964844,79762,0.0,0.0,2021-11-18
759,2021-11-18 12:00:00+01:00,46.380001068115234,46.70000076293945,46.33000183105469,46.70000076293945,94407,0.0,0.0,2021-11-18
760,2021-11-18 13:00:00+01:00,46.70000076293945,47.40999984741211,46.63999938964844,47.2400016784668,158380,0.0,0.0,2021-11-18
761,2021-11-18 14:00:00+01:00,47.27000045776367,47.380001068115234,46.900001525878906,46.959999084472656,131965,0.0,0.0,2021-11-18
762,2021-11-18 15:00:00+01:00,46.97999954223633,47.06999969482422,46.540000915527344,47.040000915527344,77504,0.0,0.0,2021-11-18
763,2021-11-18 16:00:00+01:00,47.040000915527344,47.86000061035156,47.029998779296875,47.75,177007,0.0,0.0,2021-11-18
764,2021-11-18 17:00:00+01:00,47.77000045776367,48.150001525878906,47.75,47.900001525878906,517410,0.0,0.0,2021-11-18
765,2021-11-19 09:00:00+01:00,47.88999938964844,48.08000183105469,46.689998626708984,47.18000030517578,0,0.0,0.0,2021-11-19
766,2021-11-19 10:00:00+01:00,47.15999984741211,47.529998779296875,46.79999923706055,46.900001525878906,197322,0.0,0.0,2021-11-19
767,2021-11-19 11:00:00+01:00,46.91999816894531,47.41999816894531,46.75,47.08000183105469,98449,0.0,0.0,2021-11-19
768,2021-11-19 12:00:00+01:00,47.08000183105469,47.15999984741211,46.86000061035156,46.91999816894531,31636,0.0,0.0,2021-11-19
769,2021-11-19 13:00:00+01:00,46.939998626708984,47.150001525878906,46.939998626708984,47.0099983215332,28095,0.0,0.0,2021-11-19
770,2021-11-19 14:00:00+01:00,47.029998779296875,47.060001373291016,46.75,47.04999923706055,66279,0.0,0.0,2021-11-19
771,2021-11-19 15:00:00+01:00,47.04999923706055,47.369998931884766,46.88999938964844,47.04999923706055,72430,0.0,0.0,2021-11-19
772,2021-11-19 16:00:00+01:00,47.040000915527344,47.22999954223633,47.0,47.150001525878906,41524,0.0,0.0,2021-11-19
773,2021-11-19 17:00:00+01:00,47.15999984741211,47.36000061035156,47.150001525878906,47.15999984741211,84245,0.0,0.0,2021-11-19
774,2021-11-22 09:00:00+01:00,47.18000030517578,47.459999084472656,46.349998474121094,46.65999984741211,0,0.0,0.0,2021-11-22
775,2021-11-22 10:00:00+01:00,46.619998931884766,46.849998474121094,46.47999954223633,46.63999938964844,53086,0.0,0.0,2021-11-22
776,2021-11-22 11:00:00+01:00,46.630001068115234,46.79999923706055,46.56999969482422,46.59000015258789,32106,0.0,0.0,2021-11-22
777,2021-11-22 12:00:00+01:00,46.59000015258789,46.959999084472656,46.56999969482422,46.68000030517578,19025,0.0,0.0,2021-11-22
778,2021-11-22 13:00:00+01:00,46.689998626708984,46.81999969482422,46.689998626708984,46.720001220703125,13007,0.0,0.0,2021-11-22
779,2021-11-22 14:00:00+01:00,46.72999954223633,46.72999954223633,46.470001220703125,46.52000045776367,17806,0.0,0.0,2021-11-22
780,2021-11-22 15:00:00+01:00,46.529998779296875,46.7599983215332,46.5099983215332,46.59000015258789,27112,0.0,0.0,2021-11-22
781,2021-11-22 16:00:00+01:00,46.61000061035156,47.5,46.040000915527344,47.150001525878906,191438,0.0,0.0,2021-11-22
782,2021-11-22 17:00:00+01:00,47.119998931884766,47.36000061035156,46.880001068115234,46.880001068115234,527629,0.0,0.0,2021-11-22
783,2021-11-23 09:00:00+01:00,46.560001373291016,46.70000076293945,45.470001220703125,45.7599983215332,0,0.0,0.0,2021-11-23
784,2021-11-23 10:00:00+01:00,45.70000076293945,45.70000076293945,44.88999938964844,44.9900016784668,70047,0.0,0.0,2021-11-23
785,2021-11-23 11:00:00+01:00,44.959999084472656,45.06999969482422,44.61000061035156,45.02000045776367,68101,0.0,0.0,2021-11-23
786,2021-11-23 12:00:00+01:00,45.040000915527344,45.529998779296875,44.90999984741211,45.529998779296875,58589,0.0,0.0,2021-11-23
787,2021-11-23 13:00:00+01:00,45.54999923706055,45.75,45.33000183105469,45.38999938964844,41856,0.0,0.0,2021-11-23
788,2021-11-23 14:00:00+01:00,45.380001068115234,45.38999938964844,45.02000045776367,45.220001220703125,52363,0.0,0.0,2021-11-23
789,2021-11-23 15:00:00+01:00,45.2400016784668,45.400001525878906,45.18000030517578,45.20000076293945,36749,0.0,0.0,2021-11-23
790,2021-11-23 16:00:00+01:00,45.20000076293945,45.59000015258789,45.099998474121094,45.13999938964844,46912,0.0,0.0,2021-11-23
791,2021-11-23 17:00:00+01:00,45.150001525878906,45.29999923706055,45.150001525878906,45.15999984741211,412229,0.0,0.0,2021-11-23
792,2021-11-24 09:00:00+01:00,45.209999084472656,45.849998474121094,44.81999969482422,45.849998474121094,0,0.0,0.0,2021-11-24
793,2021-11-24 10:00:00+01:00,45.84000015258789,46.25,45.560001373291016,46.13999938964844,71998,0.0,0.0,2021-11-24
794,2021-11-24 11:00:00+01:00,46.06999969482422,46.599998474121094,45.900001525878906,46.290000915527344,79682,0.0,0.0,2021-11-24
795,2021-11-24 12:00:00+01:00,46.34000015258789,46.63999938964844,46.2400016784668,46.279998779296875,55553,0.0,0.0,2021-11-24
796,2021-11-24 13:00:00+01:00,46.310001373291016,46.310001373291016,45.83000183105469,45.91999816894531,28597,0.0,0.0,2021-11-24
797,2021-11-24 14:00:00+01:00,45.939998626708984,46.20000076293945,45.709999084472656,45.810001373291016,44389,0.0,0.0,2021-11-24
798,2021-11-24 15:00:00+01:00,45.79999923706055,46.59000015258789,45.79999923706055,46.54999923706055,116628,0.0,0.0,2021-11-24
799,2021-11-24 16:00:00+01:00,46.54999923706055,46.70000076293945,46.38999938964844,46.650001525878906,64983,0.0,0.0,2021-11-24
800,2021-11-24 17:00:00+01:00,46.630001068115234,47.209999084472656,46.619998931884766,47.209999084472656,528102,0.0,0.0,2021-11-24
801,2021-11-25 09:00:00+01:00,47.099998474121094,47.97999954223633,47.0,47.79999923706055,0,0.0,0.0,2021-11-25
802,2021-11-25 10:00:00+01:00,47.790000915527344,47.95000076293945,47.5099983215332,47.68000030517578,45785,0.0,0.0,2021-11-25
803,2021-11-25 11:00:00+01:00,47.599998474121094,47.72999954223633,47.099998474121094,47.349998474121094,31686,0.0,0.0,2021-11-25
804,2021-11-25 12:00:00+01:00,47.34000015258789,47.540000915527344,47.15999984741211,47.220001220703125,39889,0.0,0.0,2021-11-25
805,2021-11-25 13:00:00+01:00,47.209999084472656,47.349998474121094,47.16999816894531,47.20000076293945,29761,0.0,0.0,2021-11-25
806,2021-11-25 14:00:00+01:00,47.16999816894531,47.29999923706055,47.029998779296875,47.2400016784668,28589,0.0,0.0,2021-11-25
807,2021-11-25 15:00:00+01:00,47.22999954223633,47.540000915527344,47.20000076293945,47.4900016784668,36554,0.0,0.0,2021-11-25
808,2021-11-25 16:00:00+01:00,47.52000045776367,47.88999938964844,47.47999954223633,47.880001068115234,72521,0.0,0.0,2021-11-25
809,2021-11-25 17:00:00+01:00,47.869998931884766,48.02000045776367,47.689998626708984,47.689998626708984,232753,0.0,0.0,2021-11-25
810,2021-11-26 09:00:00+01:00,46.060001373291016,46.900001525878906,45.25,46.779998779296875,0,0.0,0.0,2021-11-26
811,2021-11-26 10:00:00+01:00,46.779998779296875,46.849998474121094,46.5,46.529998779296875,37748,0.0,0.0,2021-11-26
812,2021-11-26 11:00:00+01:00,46.560001373291016,47.040000915527344,46.4900016784668,46.61000061035156,32724,0.0,0.0,2021-11-26
813,2021-11-26 12:00:00+01:00,46.59000015258789,46.779998779296875,46.349998474121094,46.40999984741211,44311,0.0,0.0,2021-11-26
814,2021-11-26 13:00:00+01:00,46.400001525878906,46.540000915527344,46.33000183105469,46.349998474121094,24848,0.0,0.0,2021-11-26
815,2021-11-26 14:00:00+01:00,46.38999938964844,46.54999923706055,46.29999923706055,46.33000183105469,24334,0.0,0.0,2021-11-26
816,2021-11-26 15:00:00+01:00,46.33000183105469,46.470001220703125,46.209999084472656,46.369998931884766,26496,0.0,0.0,2021-11-26
817,2021-11-26 16:00:00+01:00,46.36000061035156,46.619998931884766,46.2599983215332,46.2599983215332,50930,0.0,0.0,2021-11-26
818,2021-11-26 17:00:00+01:00,46.25,46.52000045776367,46.18000030517578,46.40999984741211,37002,0.0,0.0,2021-11-26
819,2021-11-29 09:00:00+01:00,46.40999984741211,47.5,46.40999984741211,47.040000915527344,0,0.0,0.0,2021-11-29
820,2021-11-29 10:00:00+01:00,47.06999969482422,47.310001373291016,46.97999954223633,47.0,64929,0.0,0.0,2021-11-29
821,2021-11-29 11:00:00+01:00,47.0099983215332,47.150001525878906,46.84000015258789,46.9900016784668,28420,0.0,0.0,2021-11-29
822,2021-11-29 12:00:00+01:00,47.0099983215332,47.189998626708984,47.0099983215332,47.099998474121094,19236,0.0,0.0,2021-11-29
823,2021-11-29 13:00:00+01:00,47.08000183105469,47.209999084472656,47.0,47.20000076293945,18784,0.0,0.0,2021-11-29
824,2021-11-29 14:00:00+01:00,47.22999954223633,47.29999923706055,47.08000183105469,47.220001220703125,21412,0.0,0.0,2021-11-29
825,2021-11-29 15:00:00+01:00,47.220001220703125,47.220001220703125,46.91999816894531,47.040000915527344,58904,0.0,0.0,2021-11-29
826,2021-11-29 16:00:00+01:00,47.02000045776367,47.150001525878906,46.650001525878906,46.810001373291016,70782,0.0,0.0,2021-11-29
827,2021-11-29 17:00:00+01:00,46.83000183105469,46.849998474121094,46.310001373291016,46.310001373291016,292046,0.0,0.0,2021-11-29
828,2021-11-30 09:00:00+01:00,46.0,46.25,45.31999969482422,45.599998474121094,0,0.0,0.0,2021-11-30
829,2021-11-30 10:00:00+01:00,45.599998474121094,45.599998474121094,44.900001525878906,45.08000183105469,137065,0.0,0.0,2021-11-30
830,2021-11-30 11:00:00+01:00,45.06999969482422,45.38999938964844,44.900001525878906,45.06999969482422,68908,0.0,0.0,2021-11-30
831,2021-11-30 12:00:00+01:00,45.099998474121094,45.380001068115234,45.02000045776367,45.209999084472656,55577,0.0,0.0,2021-11-30
832,2021-11-30 13:00:00+01:00,45.25,45.81999969482422,45.25,45.689998626708984,38166,0.0,0.0,2021-11-30
833,2021-11-30 14:00:00+01:00,45.689998626708984,45.91999816894531,45.54999923706055,45.91999816894531,26262,0.0,0.0,2021-11-30
834,2021-11-30 15:00:00+01:00,45.90999984741211,45.970001220703125,45.619998931884766,45.720001220703125,58021,0.0,0.0,2021-11-30
835,2021-11-30 16:00:00+01:00,45.70000076293945,45.88999938964844,45.459999084472656,45.63999938964844,65399,0.0,0.0,2021-11-30
836,2021-11-30 17:00:00+01:00,45.61000061035156,45.86000061035156,45.540000915527344,45.630001068115234,864405,0.0,0.0,2021-11-30
837,2021-12-01 09:00:00+01:00,46.09000015258789,47.22999954223633,46.02000045776367,47.22999954223633,0,0.0,0.0,2021-12-01
838,2021-12-01 10:00:00+01:00,47.22999954223633,47.279998779296875,46.66999816894531,46.90999984741211,51499,0.0,0.0,2021-12-01
839,2021-12-01 11:00:00+01:00,46.90999984741211,47.75,46.900001525878906,47.75,55966,0.0,0.0,2021-12-01
840,2021-12-01 12:00:00+01:00,47.709999084472656,47.84000015258789,47.5,47.56999969482422,69519,0.0,0.0,2021-12-01
841,2021-12-01 13:00:00+01:00,47.56999969482422,47.689998626708984,47.43000030517578,47.540000915527344,28100,0.0,0.0,2021-12-01
842,2021-12-01 14:00:00+01:00,47.540000915527344,47.540000915527344,47.31999969482422,47.540000915527344,16219,0.0,0.0,2021-12-01
843,2021-12-01 15:00:00+01:00,47.54999923706055,47.56999969482422,47.380001068115234,47.470001220703125,32833,0.0,0.0,2021-12-01
844,2021-12-01 16:00:00+01:00,47.470001220703125,47.540000915527344,47.36000061035156,47.5099983215332,32222,0.0,0.0,2021-12-01
845,2021-12-01 17:00:00+01:00,47.5099983215332,47.810001373291016,47.5,47.810001373291016,324103,0.0,0.0,2021-12-01
846,2021-12-02 09:00:00+01:00,47.02000045776367,47.93000030517578,46.5,47.84000015258789,0,0.0,0.0,2021-12-02
847,2021-12-02 10:00:00+01:00,47.84000015258789,47.939998626708984,47.11000061035156,47.369998931884766,72662,0.0,0.0,2021-12-02
848,2021-12-02 11:00:00+01:00,47.369998931884766,47.65999984741211,46.97999954223633,47.65999984741211,59685,0.0,0.0,2021-12-02
849,2021-12-02 12:00:00+01:00,47.68000030517578,47.869998931884766,47.540000915527344,47.79999923706055,73071,0.0,0.0,2021-12-02
850,2021-12-02 13:00:00+01:00,47.790000915527344,47.90999984741211,47.68000030517578,47.83000183105469,50435,0.0,0.0,2021-12-02
851,2021-12-02 14:00:00+01:00,47.79999923706055,47.849998474121094,47.459999084472656,47.459999084472656,26040,0.0,0.0,2021-12-02
852,2021-12-02 15:00:00+01:00,47.439998626708984,47.65999984741211,47.22999954223633,47.61000061035156,79921,0.0,0.0,2021-12-02
853,2021-12-02 16:00:00+01:00,47.599998474121094,47.709999084472656,47.34000015258789,47.70000076293945,48596,0.0,0.0,2021-12-02
854,2021-12-02 17:00:00+01:00,47.7400016784668,47.790000915527344,47.4900016784668,47.4900016784668,402928,0.0,0.0,2021-12-02
855,2021-12-03 09:00:00+01:00,47.75,47.86000061035156,47.060001373291016,47.08000183105469,0,0.0,0.0,2021-12-03
856,2021-12-03 10:00:00+01:00,47.08000183105469,47.16999816894531,46.83000183105469,47.0,44676,0.0,0.0,2021-12-03
857,2021-12-03 11:00:00+01:00,46.97999954223633,46.97999954223633,46.38999938964844,46.40999984741211,45024,0.0,0.0,2021-12-03
858,2021-12-03 12:00:00+01:00,46.400001525878906,46.849998474121094,46.31999969482422,46.59000015258789,65596,0.0,0.0,2021-12-03
859,2021-12-03 13:00:00+01:00,46.599998474121094,46.689998626708984,46.310001373291016,46.40999984741211,83417,0.0,0.0,2021-12-03
860,2021-12-03 14:00:00+01:00,46.40999984741211,46.97999954223633,46.40999984741211,46.97999954223633,44597,0.0,0.0,2021-12-03
861,2021-12-03 15:00:00+01:00,46.970001220703125,46.9900016784668,46.529998779296875,46.529998779296875,40802,0.0,0.0,2021-12-03
862,2021-12-03 16:00:00+01:00,46.540000915527344,46.720001220703125,46.470001220703125,46.630001068115234,57751,0.0,0.0,2021-12-03
863,2021-12-03 17:00:00+01:00,46.61000061035156,46.70000076293945,46.52000045776367,46.54999923706055,30363,0.0,0.0,2021-12-03
864,2021-12-06 09:00:00+01:00,46.810001373291016,47.25,46.540000915527344,46.75,0,0.0,0.0,2021-12-06
865,2021-12-06 10:00:00+01:00,46.779998779296875,47.06999969482422,46.779998779296875,46.79999923706055,33955,0.0,0.0,2021-12-06
866,2021-12-06 11:00:00+01:00,46.81999969482422,46.81999969482422,46.59000015258789,46.70000076293945,12140,0.0,0.0,2021-12-06
867,2021-12-06 12:00:00+01:00,46.70000076293945,46.880001068115234,46.66999816894531,46.83000183105469,24525,0.0,0.0,2021-12-06
868,2021-12-06 13:00:00+01:00,46.83000183105469,46.970001220703125,46.81999969482422,46.88999938964844,20461,0.0,0.0,2021-12-06
869,2021-12-06 14:00:00+01:00,46.880001068115234,47.08000183105469,46.880001068115234,46.959999084472656,15095,0.0,0.0,2021-12-06
870,2021-12-06 15:00:00+01:00,46.959999084472656,47.08000183105469,46.869998931884766,47.040000915527344,27026,0.0,0.0,2021-12-06
871,2021-12-06 16:00:00+01:00,47.040000915527344,47.34000015258789,47.040000915527344,47.34000015258789,53196,0.0,0.0,2021-12-06
872,2021-12-06 17:00:00+01:00,47.31999969482422,47.34000015258789,47.130001068115234,47.31999969482422,0,0.0,0.0,2021-12-06
873,2021-12-07 09:00:00+01:00,47.13999938964844,47.41999816894531,46.189998626708984,46.7599983215332,283370,0.0,0.0,2021-12-07
874,2021-12-07 10:00:00+01:00,46.709999084472656,47.83000183105469,46.709999084472656,47.22999954223633,120271,0.0,0.0,2021-12-07
875,2021-12-07 11:00:00+01:00,47.220001220703125,47.43000030517578,46.880001068115234,47.08000183105469,60184,0.0,0.0,2021-12-07
876,2021-12-07 12:00:00+01:00,47.11000061035156,47.22999954223633,47.040000915527344,47.11000061035156,41733,0.0,0.0,2021-12-07
877,2021-12-07 13:00:00+01:00,47.09000015258789,47.099998474121094,46.70000076293945,46.77000045776367,29023,0.0,0.0,2021-12-07
878,2021-12-07 14:00:00+01:00,46.77000045776367,46.810001373291016,46.599998474121094,46.61000061035156,34373,0.0,0.0,2021-12-07
879,2021-12-07 15:00:00+01:00,46.58000183105469,46.650001525878906,46.08000183105469,46.56999969482422,118759,0.0,0.0,2021-12-07
880,2021-12-07 16:00:00+01:00,46.54999923706055,47.04999923706055,46.06999969482422,46.20000076293945,127499,0.0,0.0,2021-12-07
881,2021-12-07 17:00:00+01:00,46.189998626708984,46.279998779296875,46.13999938964844,46.220001220703125,540612,0.0,0.0,2021-12-07
882,2021-12-08 09:00:00+01:00,46.0,46.650001525878906,46.0,46.63999938964844,0,0.0,0.0,2021-12-08
883,2021-12-08 10:00:00+01:00,46.650001525878906,46.650001525878906,46.09000015258789,46.11000061035156,34250,0.0,0.0,2021-12-08
884,2021-12-08 11:00:00+01:00,46.11000061035156,46.40999984741211,45.779998779296875,45.9900016784668,43548,0.0,0.0,2021-12-08
885,2021-12-08 12:00:00+01:00,46.02000045776367,46.36000061035156,45.84000015258789,46.18000030517578,24274,0.0,0.0,2021-12-08
886,2021-12-08 13:00:00+01:00,46.189998626708984,46.279998779296875,46.029998779296875,46.11000061035156,17684,0.0,0.0,2021-12-08
887,2021-12-08 14:00:00+01:00,46.08000183105469,46.25,46.060001373291016,46.189998626708984,15891,0.0,0.0,2021-12-08
888,2021-12-08 15:00:00+01:00,46.18000030517578,46.189998626708984,45.91999816894531,46.13999938964844,40301,0.0,0.0,2021-12-08
889,2021-12-08 16:00:00+01:00,46.13999938964844,46.29999923706055,46.130001068115234,46.15999984741211,33697,0.0,0.0,2021-12-08
890,2021-12-08 17:00:00+01:00,46.189998626708984,46.27000045776367,46.029998779296875,46.029998779296875,258753,0.0,0.0,2021-12-08
891,2021-12-09 09:00:00+01:00,46.099998474121094,46.099998474121094,45.59000015258789,45.61000061035156,0,0.0,0.0,2021-12-09
892,2021-12-09 10:00:00+01:00,45.61000061035156,45.61000061035156,45.36000061035156,45.41999816894531,53382,0.0,0.0,2021-12-09
893,2021-12-09 11:00:00+01:00,45.41999816894531,45.41999816894531,44.7400016784668,45.27000045776367,111928,0.0,0.0,2021-12-09
894,2021-12-09 12:00:00+01:00,45.2599983215332,45.43000030517578,45.189998626708984,45.310001373291016,30444,0.0,0.0,2021-12-09
895,2021-12-09 13:00:00+01:00,45.29999923706055,45.56999969482422,45.02000045776367,45.56999969482422,34205,0.0,0.0,2021-12-09
896,2021-12-09 14:00:00+01:00,45.56999969482422,45.619998931884766,45.40999984741211,45.5099983215332,32057,0.0,0.0,2021-12-09
897,2021-12-09 15:00:00+01:00,45.529998779296875,45.810001373291016,45.4900016784668,45.599998474121094,64631,0.0,0.0,2021-12-09
898,2021-12-09 16:00:00+01:00,45.59000015258789,45.63999938964844,45.5099983215332,45.52000045776367,20509,0.0,0.0,2021-12-09
899,2021-12-09 17:00:00+01:00,45.5099983215332,45.54999923706055,45.380001068115234,45.43000030517578,203856,0.0,0.0,2021-12-09
900,2021-12-10 09:00:00+01:00,45.470001220703125,45.630001068115234,45.43000030517578,45.54999923706055,0,0.0,0.0,2021-12-10
901,2021-12-10 10:00:00+01:00,45.58000183105469,45.79999923706055,45.5,45.77000045776367,21571,0.0,0.0,2021-12-10
902,2021-12-10 11:00:00+01:00,45.81999969482422,46.0,45.689998626708984,45.689998626708984,32215,0.0,0.0,2021-12-10
903,2021-12-10 12:00:00+01:00,45.70000076293945,45.939998626708984,45.560001373291016,45.88999938964844,16637,0.0,0.0,2021-12-10
904,2021-12-10 13:00:00+01:00,45.880001068115234,45.970001220703125,45.7599983215332,45.810001373291016,22152,0.0,0.0,2021-12-10
905,2021-12-10 14:00:00+01:00,45.810001373291016,45.84000015258789,45.70000076293945,45.75,19920,0.0,0.0,2021-12-10
906,2021-12-10 15:00:00+01:00,45.7599983215332,46.060001373291016,45.689998626708984,45.7599983215332,46086,0.0,0.0,2021-12-10
907,2021-12-10 16:00:00+01:00,45.7599983215332,45.790000915527344,45.56999969482422,45.650001525878906,14857,0.0,0.0,2021-12-10
908,2021-12-10 17:00:00+01:00,45.63999938964844,45.63999938964844,45.47999954223633,45.599998474121094,24147,0.0,0.0,2021-12-10
909,2021-12-13 09:00:00+01:00,45.68000030517578,46.02000045776367,45.459999084472656,45.86000061035156,0,0.0,0.0,2021-12-13
910,2021-12-13 10:00:00+01:00,45.849998474121094,45.90999984741211,45.65999984741211,45.70000076293945,17197,0.0,0.0,2021-12-13
911,2021-12-13 11:00:00+01:00,45.70000076293945,45.70000076293945,45.27000045776367,45.31999969482422,28880,0.0,0.0,2021-12-13
912,2021-12-13 12:00:00+01:00,45.310001373291016,45.33000183105469,45.150001525878906,45.209999084472656,19990,0.0,0.0,2021-12-13
913,2021-12-13 13:00:00+01:00,45.189998626708984,45.189998626708984,45.02000045776367,45.11000061035156,10944,0.0,0.0,2021-12-13
914,2021-12-13 14:00:00+01:00,45.130001068115234,45.150001525878906,44.880001068115234,44.90999984741211,27184,0.0,0.0,2021-12-13
915,2021-12-13 15:00:00+01:00,44.869998931884766,44.880001068115234,44.77000045776367,44.779998779296875,22320,0.0,0.0,2021-12-13
916,2021-12-13 16:00:00+01:00,44.79999923706055,45.150001525878906,44.75,44.810001373291016,93001,0.0,0.0,2021-12-13
917,2021-12-13 17:00:00+01:00,44.81999969482422,44.88999938964844,44.650001525878906,44.650001525878906,0,0.0,0.0,2021-12-13
918,2021-12-14 09:00:00+01:00,45.0,45.38999938964844,45.0,45.099998474121094,23924,0.0,0.0,2021-12-14
919,2021-12-14 10:00:00+01:00,45.11000061035156,45.16999816894531,44.86000061035156,44.86000061035156,12914,0.0,0.0,2021-12-14
920,2021-12-14 11:00:00+01:00,44.869998931884766,44.97999954223633,44.709999084472656,44.880001068115234,21399,0.0,0.0,2021-12-14
921,2021-12-14 12:00:00+01:00,44.869998931884766,44.9900016784668,44.5099983215332,44.5099983215332,47050,0.0,0.0,2021-12-14
922,2021-12-14 13:00:00+01:00,44.529998779296875,44.619998931884766,44.4900016784668,44.560001373291016,20961,0.0,0.0,2021-12-14
923,2021-12-14 14:00:00+01:00,44.560001373291016,44.599998474121094,44.290000915527344,44.33000183105469,28833,0.0,0.0,2021-12-14
924,2021-12-14 15:00:00+01:00,44.31999969482422,44.63999938964844,44.099998474121094,44.540000915527344,63814,0.0,0.0,2021-12-14
925,2021-12-14 16:00:00+01:00,44.52000045776367,44.630001068115234,44.20000076293945,44.220001220703125,54161,0.0,0.0,2021-12-14
926,2021-12-14 17:00:00+01:00,44.209999084472656,44.36000061035156,44.15999984741211,44.33000183105469,0,0.0,0.0,2021-12-14
927,2021-12-15 09:00:00+01:00,44.25,44.52000045776367,44.20000076293945,44.29999923706055,30316,0.0,0.0,2021-12-15
928,2021-12-15 10:00:00+01:00,44.29999923706055,44.43000030517578,44.040000915527344,44.060001373291016,35097,0.0,0.0,2021-12-15
929,2021-12-15 11:00:00+01:00,44.08000183105469,44.33000183105469,44.08000183105469,44.279998779296875,17298,0.0,0.0,2021-12-15
930,2021-12-15 12:00:00+01:00,44.290000915527344,44.29999923706055,44.09000015258789,44.13999938964844,35993,0.0,0.0,2021-12-15
931,2021-12-15 13:00:00+01:00,44.150001525878906,44.2599983215332,44.130001068115234,44.220001220703125,9018,0.0,0.0,2021-12-15
932,2021-12-15 14:00:00+01:00,44.2400016784668,44.31999969482422,44.11000061035156,44.220001220703125,17098,0.0,0.0,2021-12-15
933,2021-12-15 15:00:00+01:00,44.209999084472656,44.36000061035156,44.060001373291016,44.13999938964844,25649,0.0,0.0,2021-12-15
934,2021-12-15 16:00:00+01:00,44.130001068115234,44.13999938964844,43.91999816894531,44.0099983215332,41120,0.0,0.0,2021-12-15
935,2021-12-15 17:00:00+01:00,44.0099983215332,44.15999984741211,43.9900016784668,44.09000015258789,0,0.0,0.0,2021-12-15
936,2021-12-16 09:00:00+01:00,44.5,44.9900016784668,44.4900016784668,44.7599983215332,40542,0.0,0.0,2021-12-16
937,2021-12-16 10:00:00+01:00,44.779998779296875,44.91999816894531,44.77000045776367,44.900001525878906,8297,0.0,0.0,2021-12-16
938,2021-12-16 11:00:00+01:00,44.900001525878906,44.9900016784668,44.849998474121094,44.900001525878906,10329,0.0,0.0,2021-12-16
939,2021-12-16 12:00:00+01:00,44.88999938964844,44.91999816894531,44.709999084472656,44.720001220703125,10718,0.0,0.0,2021-12-16
940,2021-12-16 13:00:00+01:00,44.72999954223633,44.90999984741211,44.72999954223633,44.810001373291016,14359,0.0,0.0,2021-12-16
941,2021-12-16 14:00:00+01:00,44.83000183105469,44.849998474121094,44.68000030517578,44.79999923706055,15952,0.0,0.0,2021-12-16
942,2021-12-16 15:00:00+01:00,44.790000915527344,44.79999923706055,44.4900016784668,44.4900016784668,22723,0.0,0.0,2021-12-16
943,2021-12-16 16:00:00+01:00,44.5,44.880001068115234,44.439998626708984,44.86000061035156,36446,0.0,0.0,2021-12-16
944,2021-12-16 17:00:00+01:00,44.880001068115234,44.880001068115234,44.5099983215332,44.5099983215332,442210,0.0,0.0,2021-12-16
945,2021-12-17 09:00:00+01:00,44.400001525878906,44.650001525878906,44.400001525878906,44.619998931884766,0,0.0,0.0,2021-12-17
946,2021-12-17 10:00:00+01:00,44.58000183105469,44.63999938964844,44.38999938964844,44.630001068115234,14712,0.0,0.0,2021-12-17
947,2021-12-17 11:00:00+01:00,44.63999938964844,44.83000183105469,44.63999938964844,44.709999084472656,55403,0.0,0.0,2021-12-17
948,2021-12-17 12:00:00+01:00,44.68000030517578,44.790000915527344,44.619998931884766,44.650001525878906,18149,0.0,0.0,2021-12-17
949,2021-12-17 13:00:00+01:00,44.66999816894531,44.790000915527344,44.470001220703125,44.470001220703125,38398,0.0,0.0,2021-12-17
950,2021-12-17 14:00:00+01:00,44.45000076293945,44.45000076293945,44.13999938964844,44.20000076293945,57668,0.0,0.0,2021-12-17
951,2021-12-17 15:00:00+01:00,44.189998626708984,44.2400016784668,44.02000045776367,44.22999954223633,53151,0.0,0.0,2021-12-17
952,2021-12-17 16:00:00+01:00,44.22999954223633,44.25,43.97999954223633,44.16999816894531,60016,0.0,0.0,2021-12-17
953,2021-12-17 17:00:00+01:00,44.18000030517578,44.2599983215332,44.18000030517578,44.20000076293945,24834,0.0,0.0,2021-12-17
954,2021-12-20 09:00:00+01:00,43.470001220703125,43.59000015258789,42.880001068115234,42.880001068115234,0,0.0,0.0,2021-12-20
955,2021-12-20 10:00:00+01:00,42.880001068115234,42.90999984741211,42.529998779296875,42.7400016784668,73386,0.0,0.0,2021-12-20
956,2021-12-20 11:00:00+01:00,42.77000045776367,43.310001373291016,42.77000045776367,43.310001373291016,50007,0.0,0.0,2021-12-20
957,2021-12-20 12:00:00+01:00,43.290000915527344,43.54999923706055,43.15999984741211,43.54999923706055,29363,0.0,0.0,2021-12-20
958,2021-12-20 13:00:00+01:00,43.54999923706055,43.560001373291016,43.310001373291016,43.31999969482422,22108,0.0,0.0,2021-12-20
959,2021-12-20 14:00:00+01:00,43.33000183105469,43.439998626708984,43.18000030517578,43.209999084472656,20197,0.0,0.0,2021-12-20
960,2021-12-20 15:00:00+01:00,43.27000045776367,43.40999984741211,43.220001220703125,43.349998474121094,37947,0.0,0.0,2021-12-20
961,2021-12-20 16:00:00+01:00,43.38999938964844,43.58000183105469,43.20000076293945,43.2400016784668,60759,0.0,0.0,2021-12-20
962,2021-12-20 17:00:00+01:00,43.2400016784668,43.34000015258789,43.13999938964844,43.27000045776367,165845,0.0,0.0,2021-12-20
963,2021-12-21 09:00:00+01:00,43.849998474121094,44.0,43.54999923706055,43.849998474121094,0,0.0,0.0,2021-12-21
964,2021-12-21 10:00:00+01:00,43.84000015258789,44.18000030517578,43.79999923706055,44.0099983215332,34449,0.0,0.0,2021-12-21
965,2021-12-21 11:00:00+01:00,44.0,44.290000915527344,44.0,44.290000915527344,20786,0.0,0.0,2021-12-21
966,2021-12-21 12:00:00+01:00,44.279998779296875,44.400001525878906,44.279998779296875,44.33000183105469,17123,0.0,0.0,2021-12-21
967,2021-12-21 13:00:00+01:00,44.33000183105469,44.45000076293945,44.33000183105469,44.41999816894531,9343,0.0,0.0,2021-12-21
968,2021-12-21 14:00:00+01:00,44.40999984741211,44.5,44.40999984741211,44.439998626708984,9808,0.0,0.0,2021-12-21
969,2021-12-21 15:00:00+01:00,44.439998626708984,44.70000076293945,44.439998626708984,44.70000076293945,18538,0.0,0.0,2021-12-21
970,2021-12-21 16:00:00+01:00,44.720001220703125,44.810001373291016,44.459999084472656,44.56999969482422,31016,0.0,0.0,2021-12-21
971,2021-12-21 17:00:00+01:00,44.560001373291016,44.619998931884766,44.40999984741211,44.40999984741211,194912,0.0,0.0,2021-12-21
972,2021-12-22 09:00:00+01:00,44.45000076293945,44.459999084472656,44.15999984741211,44.310001373291016,0,0.0,0.0,2021-12-22
973,2021-12-22 10:00:00+01:00,44.2599983215332,44.43000030517578,44.119998931884766,44.36000061035156,10170,0.0,0.0,2021-12-22
974,2021-12-22 11:00:00+01:00,44.33000183105469,44.65999984741211,44.290000915527344,44.630001068115234,17021,0.0,0.0,2021-12-22
975,2021-12-22 12:00:00+01:00,44.619998931884766,44.63999938964844,44.4900016784668,44.5099983215332,11751,0.0,0.0,2021-12-22
976,2021-12-22 13:00:00+01:00,44.5099983215332,44.810001373291016,44.5099983215332,44.56999969482422,26392,0.0,0.0,2021-12-22
977,2021-12-22 14:00:00+01:00,44.560001373291016,44.56999969482422,44.2400016784668,44.310001373291016,16941,0.0,0.0,2021-12-22
978,2021-12-22 15:00:00+01:00,44.33000183105469,44.369998931884766,44.20000076293945,44.290000915527344,17773,0.0,0.0,2021-12-22
979,2021-12-22 16:00:00+01:00,44.2400016784668,44.36000061035156,44.22999954223633,44.22999954223633,12577,0.0,0.0,2021-12-22
980,2021-12-22 17:00:00+01:00,44.2400016784668,44.369998931884766,44.20000076293945,44.369998931884766,99360,0.0,0.0,2021-12-22
981,2021-12-23 09:00:00+01:00,44.459999084472656,45.099998474121094,44.45000076293945,45.099998474121094,0,0.0,0.0,2021-12-23
982,2021-12-23 10:00:00+01:00,45.060001373291016,45.099998474121094,44.650001525878906,44.68000030517578,17109,0.0,0.0,2021-12-23
983,2021-12-23 11:00:00+01:00,44.68000030517578,44.81999969482422,44.66999816894531,44.79999923706055,7213,0.0,0.0,2021-12-23
984,2021-12-23 12:00:00+01:00,44.77000045776367,44.900001525878906,44.77000045776367,44.849998474121094,8304,0.0,0.0,2021-12-23
985,2021-12-23 13:00:00+01:00,44.84000015258789,44.91999816894531,44.77000045776367,44.810001373291016,25314,0.0,0.0,2021-12-23
986,2021-12-23 14:00:00+01:00,44.81999969482422,44.90999984741211,44.77000045776367,44.900001525878906,6143,0.0,0.0,2021-12-23
987,2021-12-23 15:00:00+01:00,44.88999938964844,45.099998474121094,44.810001373291016,45.060001373291016,34313,0.0,0.0,2021-12-23
988,2021-12-23 16:00:00+01:00,45.040000915527344,45.040000915527344,44.93000030517578,45.0,19005,0.0,0.0,2021-12-23
989,2021-12-23 17:00:00+01:00,45.0,45.029998779296875,44.91999816894531,44.91999816894531,0,0.0,0.0,2021-12-23
990,2021-12-24 09:00:00+01:00,45.33000183105469,45.400001525878906,45.11000061035156,45.209999084472656,16524,0.0,0.0,2021-12-24
991,2021-12-24 10:00:00+01:00,45.15999984741211,45.16999816894531,44.88999938964844,44.95000076293945,10713,0.0,0.0,2021-12-24
992,2021-12-24 11:00:00+01:00,44.959999084472656,45.11000061035156,44.91999816894531,45.11000061035156,17327,0.0,0.0,2021-12-24
993,2021-12-24 12:00:00+01:00,45.119998931884766,45.20000076293945,45.099998474121094,45.13999938964844,6708,0.0,0.0,2021-12-24
994,2021-12-24 13:00:00+01:00,45.18000030517578,45.20000076293945,44.97999954223633,44.97999954223633,3582,0.0,0.0,2021-12-24
995,2021-12-27 09:00:00+01:00,45.0,45.2400016784668,44.970001220703125,45.150001525878906,0,0.0,0.0,2021-12-27
996,2021-12-27 10:00:00+01:00,45.150001525878906,45.2400016784668,44.97999954223633,45.099998474121094,9984,0.0,0.0,2021-12-27
997,2021-12-27 11:00:00+01:00,45.099998474121094,45.20000076293945,45.08000183105469,45.150001525878906,6857,0.0,0.0,2021-12-27
998,2021-12-27 12:00:00+01:00,45.16999816894531,45.209999084472656,45.060001373291016,45.11000061035156,6638,0.0,0.0,2021-12-27
999,2021-12-27 13:00:00+01:00,45.099998474121094,45.130001068115234,45.029998779296875,45.029998779296875,3047,0.0,0.0,2021-12-27
1000,2021-12-27 14:00:00+01:00,45.040000915527344,45.150001525878906,45.029998779296875,45.11000061035156,10207,0.0,0.0,2021-12-27
1001,2021-12-27 15:00:00+01:00,45.11000061035156,45.15999984741211,44.95000076293945,45.0,36848,0.0,0.0,2021-12-27
1002,2021-12-27 16:00:00+01:00,45.0,45.2599983215332,44.9900016784668,45.2599983215332,9768,0.0,0.0,2021-12-27
1003,2021-12-27 17:00:00+01:00,45.2599983215332,45.2599983215332,45.09000015258789,45.09000015258789,153607,0.0,0.0,2021-12-27
1004,2021-12-28 09:00:00+01:00,45.18000030517578,45.43000030517578,45.09000015258789,45.31999969482422,0,0.0,0.0,2021-12-28
1005,2021-12-28 10:00:00+01:00,45.31999969482422,45.400001525878906,45.290000915527344,45.369998931884766,26089,0.0,0.0,2021-12-28
1006,2021-12-28 11:00:00+01:00,45.369998931884766,45.400001525878906,45.2599983215332,45.290000915527344,7083,0.0,0.0,2021-12-28
1007,2021-12-28 12:00:00+01:00,45.27000045776367,45.38999938964844,45.27000045776367,45.349998474121094,4545,0.0,0.0,2021-12-28
1008,2021-12-28 13:00:00+01:00,45.33000183105469,45.38999938964844,45.27000045776367,45.349998474121094,4078,0.0,0.0,2021-12-28
1009,2021-12-28 14:00:00+01:00,45.369998931884766,45.41999816894531,45.279998779296875,45.31999969482422,10064,0.0,0.0,2021-12-28
1010,2021-12-28 15:00:00+01:00,45.29999923706055,45.52000045776367,45.209999084472656,45.439998626708984,17988,0.0,0.0,2021-12-28
1011,2021-12-28 16:00:00+01:00,45.43000030517578,45.56999969482422,45.38999938964844,45.5,6997,0.0,0.0,2021-12-28
1012,2021-12-28 17:00:00+01:00,45.5099983215332,45.59000015258789,45.349998474121094,45.349998474121094,257537,0.0,0.0,2021-12-28
1013,2021-12-29 09:00:00+01:00,45.31999969482422,45.790000915527344,45.31999969482422,45.43000030517578,0,0.0,0.0,2021-12-29
1014,2021-12-29 10:00:00+01:00,45.459999084472656,45.459999084472656,45.290000915527344,45.369998931884766,14071,0.0,0.0,2021-12-29
1015,2021-12-29 11:00:00+01:00,45.349998474121094,45.369998931884766,45.27000045776367,45.279998779296875,10402,0.0,0.0,2021-12-29
1016,2021-12-29 12:00:00+01:00,45.27000045776367,45.27000045776367,45.099998474121094,45.150001525878906,19230,0.0,0.0,2021-12-29
1017,2021-12-29 13:00:00+01:00,45.189998626708984,45.189998626708984,45.06999969482422,45.06999969482422,6182,0.0,0.0,2021-12-29
1018,2021-12-29 14:00:00+01:00,45.09000015258789,45.2400016784668,45.06999969482422,45.209999084472656,9878,0.0,0.0,2021-12-29
1019,2021-12-29 15:00:00+01:00,45.20000076293945,45.22999954223633,45.099998474121094,45.119998931884766,10761,0.0,0.0,2021-12-29
1020,2021-12-29 16:00:00+01:00,45.13999938964844,45.40999984741211,45.119998931884766,45.349998474121094,19185,0.0,0.0,2021-12-29
1021,2021-12-29 17:00:00+01:00,45.349998474121094,45.380001068115234,45.099998474121094,45.099998474121094,320998,0.0,0.0,2021-12-29
1022,2021-12-30 09:00:00+01:00,45.099998474121094,45.34000015258789,44.97999954223633,45.040000915527344,0,0.0,0.0,2021-12-30
1023,2021-12-30 10:00:00+01:00,45.04999923706055,45.209999084472656,45.040000915527344,45.09000015258789,12767,0.0,0.0,2021-12-30
1024,2021-12-30 11:00:00+01:00,45.09000015258789,45.18000030517578,45.04999923706055,45.130001068115234,9243,0.0,0.0,2021-12-30
1025,2021-12-30 12:00:00+01:00,45.11000061035156,45.189998626708984,45.08000183105469,45.150001525878906,6580,0.0,0.0,2021-12-30
1026,2021-12-30 13:00:00+01:00,45.18000030517578,45.22999954223633,45.099998474121094,45.130001068115234,6611,0.0,0.0,2021-12-30
1027,2021-12-30 14:00:00+01:00,45.15999984741211,45.220001220703125,45.119998931884766,45.150001525878906,7237,0.0,0.0,2021-12-30
1028,2021-12-30 15:00:00+01:00,45.16999816894531,45.290000915527344,45.13999938964844,45.209999084472656,9987,0.0,0.0,2021-12-30
1029,2021-12-30 16:00:00+01:00,45.22999954223633,45.27000045776367,45.18000030517578,45.189998626708984,13706,0.0,0.0,2021-12-30
1030,2021-12-30 17:00:00+01:00,45.18000030517578,45.29999923706055,45.040000915527344,45.040000915527344,260772,0.0,0.0,2021-12-30
1031,2021-12-31 09:00:00+01:00,44.9900016784668,45.45000076293945,44.9900016784668,45.43000030517578,0,0.0,0.0,2021-12-31
1032,2021-12-31 10:00:00+01:00,45.439998626708984,45.439998626708984,44.95000076293945,45.22999954223633,59334,0.0,0.0,2021-12-31
1033,2021-12-31 11:00:00+01:00,45.2400016784668,45.380001068115234,45.130001068115234,45.290000915527344,13343,0.0,0.0,2021-12-31
1034,2021-12-31 12:00:00+01:00,45.310001373291016,45.459999084472656,45.220001220703125,45.369998931884766,13643,0.0,0.0,2021-12-31
1035,2021-12-31 13:00:00+01:00,45.369998931884766,45.630001068115234,45.369998931884766,45.619998931884766,12598,0.0,0.0,2021-12-31
1036,2022-01-03 09:00:00+01:00,45.63999938964844,45.95000076293945,45.400001525878906,45.540000915527344,0,0.0,0.0,2022-01-03
1037,2022-01-03 10:00:00+01:00,45.58000183105469,46.08000183105469,45.58000183105469,46.04999923706055,74848,0.0,0.0,2022-01-03
1038,2022-01-03 11:00:00+01:00,46.060001373291016,46.189998626708984,45.97999954223633,46.11000061035156,55458,0.0,0.0,2022-01-03
1039,2022-01-03 12:00:00+01:00,46.09000015258789,46.119998931884766,45.79999923706055,45.97999954223633,58341,0.0,0.0,2022-01-03
1040,2022-01-03 13:00:00+01:00,45.97999954223633,46.04999923706055,45.93000030517578,46.0,19156,0.0,0.0,2022-01-03
1041,2022-01-03 14:00:00+01:00,45.9900016784668,46.2400016784668,45.93000030517578,46.2400016784668,24388,0.0,0.0,2022-01-03
1042,2022-01-03 15:00:00+01:00,46.2400016784668,46.400001525878906,46.18000030517578,46.310001373291016,51523,0.0,0.0,2022-01-03
1043,2022-01-03 16:00:00+01:00,46.31999969482422,46.4900016784668,46.220001220703125,46.43000030517578,37378,0.0,0.0,2022-01-03
1044,2022-01-03 17:00:00+01:00,46.45000076293945,46.47999954223633,46.29999923706055,46.400001525878906,150709,0.0,0.0,2022-01-03
1045,2022-01-04 09:00:00+01:00,46.77000045776367,47.029998779296875,46.45000076293945,46.900001525878906,0,0.0,0.0,2022-01-04
1046,2022-01-04 10:00:00+01:00,46.86000061035156,47.2400016784668,46.779998779296875,47.18000030517578,111136,0.0,0.0,2022-01-04
1047,2022-01-04 11:00:00+01:00,47.189998626708984,47.470001220703125,47.18000030517578,47.33000183105469,57961,0.0,0.0,2022-01-04
1048,2022-01-04 12:00:00+01:00,47.33000183105469,47.349998474121094,47.150001525878906,47.29999923706055,21498,0.0,0.0,2022-01-04
1049,2022-01-04 13:00:00+01:00,47.33000183105469,47.38999938964844,47.25,47.369998931884766,12248,0.0,0.0,2022-01-04
1050,2022-01-04 14:00:00+01:00,47.380001068115234,47.43000030517578,47.2599983215332,47.310001373291016,35837,0.0,0.0,2022-01-04
1051,2022-01-04 15:00:00+01:00,47.29999923706055,47.650001525878906,47.25,47.63999938964844,55565,0.0,0.0,2022-01-04
1052,2022-01-04 16:00:00+01:00,47.650001525878906,47.84000015258789,47.4900016784668,47.81999969482422,44108,0.0,0.0,2022-01-04
1053,2022-01-04 17:00:00+01:00,47.810001373291016,47.900001525878906,47.56999969482422,47.86000061035156,258419,0.0,0.0,2022-01-04
1054,2022-01-05 09:00:00+01:00,47.86000061035156,48.13999938964844,47.56999969482422,48.09000015258789,0,0.0,0.0,2022-01-05
1055,2022-01-05 10:00:00+01:00,48.08000183105469,48.54999923706055,48.0,48.54999923706055,52930,0.0,0.0,2022-01-05
1056,2022-01-05 11:00:00+01:00,48.560001373291016,48.75,48.4900016784668,48.66999816894531,72410,0.0,0.0,2022-01-05
1057,2022-01-05 12:00:00+01:00,48.66999816894531,48.66999816894531,48.25,48.4900016784668,67284,0.0,0.0,2022-01-05
1058,2022-01-05 13:00:00+01:00,48.47999954223633,48.58000183105469,48.40999984741211,48.5,33116,0.0,0.0,2022-01-05
1059,2022-01-05 14:00:00+01:00,48.5099983215332,48.63999938964844,48.45000076293945,48.5,19321,0.0,0.0,2022-01-05
1060,2022-01-05 15:00:00+01:00,48.4900016784668,48.52000045776367,48.34000015258789,48.40999984741211,29710,0.0,0.0,2022-01-05
1061,2022-01-05 16:00:00+01:00,48.41999816894531,48.439998626708984,48.220001220703125,48.22999954223633,33569,0.0,0.0,2022-01-05
1062,2022-01-05 17:00:00+01:00,48.2400016784668,48.2599983215332,48.02000045776367,48.02000045776367,0,0.0,0.0,2022-01-05
1063,2022-01-06 09:00:00+01:00,47.54999923706055,48.34000015258789,47.400001525878906,47.95000076293945,68540,0.0,0.0,2022-01-06
1064,2022-01-06 10:00:00+01:00,47.93000030517578,48.08000183105469,47.900001525878906,48.0,19565,0.0,0.0,2022-01-06
1065,2022-01-06 11:00:00+01:00,48.0,48.11000061035156,47.88999938964844,48.0,19876,0.0,0.0,2022-01-06
1066,2022-01-06 12:00:00+01:00,48.0,48.13999938964844,47.939998626708984,47.9900016784668,63246,0.0,0.0,2022-01-06
1067,2022-01-06 13:00:00+01:00,48.0099983215332,48.43000030517578,48.0099983215332,48.34000015258789,27016,0.0,0.0,2022-01-06
1068,2022-01-06 14:00:00+01:00,48.349998474121094,48.529998779296875,48.279998779296875,48.290000915527344,29406,0.0,0.0,2022-01-06
1069,2022-01-06 15:00:00+01:00,48.279998779296875,48.380001068115234,48.11000061035156,48.13999938964844,33976,0.0,0.0,2022-01-06
1070,2022-01-06 16:00:00+01:00,48.15999984741211,48.20000076293945,47.970001220703125,48.04999923706055,37274,0.0,0.0,2022-01-06
1071,2022-01-06 17:00:00+01:00,48.060001373291016,48.2400016784668,48.02000045776367,48.220001220703125,115744,0.0,0.0,2022-01-06
1072,2022-01-07 09:00:00+01:00,48.33000183105469,48.369998931884766,47.95000076293945,48.04999923706055,0,0.0,0.0,2022-01-07
1073,2022-01-07 10:00:00+01:00,48.02000045776367,48.47999954223633,48.02000045776367,48.439998626708984,13331,0.0,0.0,2022-01-07
1074,2022-01-07 11:00:00+01:00,48.41999816894531,49.150001525878906,48.400001525878906,49.09000015258789,91282,0.0,0.0,2022-01-07
1075,2022-01-07 12:00:00+01:00,49.119998931884766,49.470001220703125,49.06999969482422,49.41999816894531,78283,0.0,0.0,2022-01-07
1076,2022-01-07 13:00:00+01:00,49.459999084472656,49.810001373291016,49.459999084472656,49.79999923706055,55212,0.0,0.0,2022-01-07
1077,2022-01-07 14:00:00+01:00,49.79999923706055,49.90999984741211,49.68000030517578,49.79999923706055,59224,0.0,0.0,2022-01-07
1078,2022-01-07 15:00:00+01:00,49.810001373291016,50.15999984741211,49.72999954223633,50.040000915527344,87213,0.0,0.0,2022-01-07
1079,2022-01-07 16:00:00+01:00,50.060001373291016,50.31999969482422,50.040000915527344,50.099998474121094,62350,0.0,0.0,2022-01-07
1080,2022-01-07 17:00:00+01:00,50.119998931884766,50.220001220703125,50.0,50.060001373291016,189049,0.0,0.0,2022-01-07
1081,2022-01-10 09:00:00+01:00,49.93000030517578,50.040000915527344,49.29999923706055,49.599998474121094,0,0.0,0.0,2022-01-10
1082,2022-01-10 10:00:00+01:00,49.599998474121094,49.77000045776367,49.45000076293945,49.65999984741211,74378,0.0,0.0,2022-01-10
1083,2022-01-10 11:00:00+01:00,49.689998626708984,50.040000915527344,49.65999984741211,50.02000045776367,39528,0.0,0.0,2022-01-10
1084,2022-01-10 12:00:00+01:00,50.02000045776367,50.18000030517578,49.86000061035156,50.15999984741211,23946,0.0,0.0,2022-01-10
1085,2022-01-10 13:00:00+01:00,50.18000030517578,50.20000076293945,50.040000915527344,50.15999984741211,20039,0.0,0.0,2022-01-10
1086,2022-01-10 14:00:00+01:00,50.13999938964844,50.2599983215332,50.08000183105469,50.220001220703125,25295,0.0,0.0,2022-01-10
1087,2022-01-10 15:00:00+01:00,50.220001220703125,50.36000061035156,49.939998626708984,50.02000045776367,46657,0.0,0.0,2022-01-10
1088,2022-01-10 16:00:00+01:00,50.02000045776367,50.02000045776367,49.56999969482422,49.630001068115234,36995,0.0,0.0,2022-01-10
1089,2022-01-10 17:00:00+01:00,49.630001068115234,49.630001068115234,49.16999816894531,49.18000030517578,173364,0.0,0.0,2022-01-10
1090,2022-01-11 09:00:00+01:00,49.47999954223633,50.13999938964844,49.38999938964844,50.13999938964844,0,0.0,0.0,2022-01-11
1091,2022-01-11 10:00:00+01:00,50.15999984741211,50.18000030517578,49.7599983215332,49.79999923706055,36641,0.0,0.0,2022-01-11
1092,2022-01-11 11:00:00+01:00,49.79999923706055,49.970001220703125,49.650001525878906,49.68000030517578,33288,0.0,0.0,2022-01-11
1093,2022-01-11 12:00:00+01:00,49.66999816894531,49.72999954223633,49.599998474121094,49.650001525878906,10522,0.0,0.0,2022-01-11
1094,2022-01-11 13:00:00+01:00,49.619998931884766,49.849998474121094,49.619998931884766,49.65999984741211,15852,0.0,0.0,2022-01-11
1095,2022-01-11 14:00:00+01:00,49.650001525878906,49.720001220703125,49.59000015258789,49.689998626708984,13340,0.0,0.0,2022-01-11
1096,2022-01-11 15:00:00+01:00,49.68000030517578,49.720001220703125,49.54999923706055,49.689998626708984,17155,0.0,0.0,2022-01-11
1097,2022-01-11 16:00:00+01:00,49.66999816894531,49.66999816894531,49.16999816894531,49.27000045776367,45610,0.0,0.0,2022-01-11
1098,2022-01-11 17:00:00+01:00,49.27000045776367,49.45000076293945,49.27000045776367,49.45000076293945,179557,0.0,0.0,2022-01-11
1099,2022-01-12 09:00:00+01:00,49.349998474121094,49.709999084472656,48.790000915527344,49.150001525878906,0,0.0,0.0,2022-01-12
1100,2022-01-12 10:00:00+01:00,49.13999938964844,49.209999084472656,48.880001068115234,48.880001068115234,24801,0.0,0.0,2022-01-12
1101,2022-01-12 11:00:00+01:00,48.90999984741211,49.029998779296875,48.880001068115234,48.970001220703125,13945,0.0,0.0,2022-01-12
1102,2022-01-12 12:00:00+01:00,48.97999954223633,49.04999923706055,48.7400016784668,48.790000915527344,25988,0.0,0.0,2022-01-12
1103,2022-01-12 13:00:00+01:00,48.77000045776367,48.880001068115234,48.65999984741211,48.65999984741211,14895,0.0,0.0,2022-01-12
1104,2022-01-12 14:00:00+01:00,48.63999938964844,48.900001525878906,48.599998474121094,48.709999084472656,22642,0.0,0.0,2022-01-12
1105,2022-01-12 15:00:00+01:00,48.689998626708984,48.9900016784668,48.529998779296875,48.779998779296875,32948,0.0,0.0,2022-01-12
1106,2022-01-12 16:00:00+01:00,48.779998779296875,48.84000015258789,48.25,48.25,48468,0.0,0.0,2022-01-12
1107,2022-01-12 17:00:00+01:00,48.25,48.380001068115234,47.869998931884766,48.31999969482422,269985,0.0,0.0,2022-01-12
1108,2022-01-13 09:00:00+01:00,48.31999969482422,49.20000076293945,48.31999969482422,48.97999954223633,0,0.0,0.0,2022-01-13
1109,2022-01-13 10:00:00+01:00,48.9900016784668,48.9900016784668,48.529998779296875,48.869998931884766,22957,0.0,0.0,2022-01-13
1110,2022-01-13 11:00:00+01:00,48.88999938964844,49.0099983215332,48.83000183105469,48.939998626708984,18907,0.0,0.0,2022-01-13
1111,2022-01-13 12:00:00+01:00,48.95000076293945,49.20000076293945,48.91999816894531,49.08000183105469,46063,0.0,0.0,2022-01-13
1112,2022-01-13 13:00:00+01:00,49.02000045776367,49.119998931884766,48.779998779296875,48.84000015258789,53911,0.0,0.0,2022-01-13
1113,2022-01-13 14:00:00+01:00,48.869998931884766,49.189998626708984,48.84000015258789,49.15999984741211,25720,0.0,0.0,2022-01-13
1114,2022-01-13 15:00:00+01:00,49.18000030517578,49.400001525878906,49.16999816894531,49.349998474121094,60689,0.0,0.0,2022-01-13
1115,2022-01-13 16:00:00+01:00,49.380001068115234,49.45000076293945,49.18000030517578,49.220001220703125,24726,0.0,0.0,2022-01-13
1116,2022-01-13 17:00:00+01:00,49.209999084472656,49.220001220703125,49.0,49.0,209229,0.0,0.0,2022-01-13
1117,2022-01-14 09:00:00+01:00,48.68000030517578,49.290000915527344,48.58000183105469,48.95000076293945,0,0.0,0.0,2022-01-14
1118,2022-01-14 10:00:00+01:00,48.9900016784668,49.119998931884766,48.81999969482422,48.849998474121094,20834,0.0,0.0,2022-01-14
1119,2022-01-14 11:00:00+01:00,48.84000015258789,49.099998474121094,48.83000183105469,49.040000915527344,17987,0.0,0.0,2022-01-14
1120,2022-01-14 12:00:00+01:00,49.04999923706055,49.09000015258789,49.040000915527344,49.06999969482422,9079,0.0,0.0,2022-01-14
1121,2022-01-14 13:00:00+01:00,49.06999969482422,49.18000030517578,48.95000076293945,49.040000915527344,28006,0.0,0.0,2022-01-14
1122,2022-01-14 14:00:00+01:00,49.0099983215332,49.0099983215332,48.75,48.83000183105469,20040,0.0,0.0,2022-01-14
1123,2022-01-14 15:00:00+01:00,48.84000015258789,49.220001220703125,48.81999969482422,49.15999984741211,59648,0.0,0.0,2022-01-14
1124,2022-01-14 16:00:00+01:00,49.13999938964844,49.15999984741211,49.060001373291016,49.130001068115234,45095,0.0,0.0,2022-01-14
1125,2022-01-14 17:00:00+01:00,49.119998931884766,49.13999938964844,49.0,49.0,159885,0.0,0.0,2022-01-14
1126,2022-01-17 09:00:00+01:00,47.0,47.0,43.2400016784668,46.689998626708984,325812,0.0,0.0,2022-01-17
1127,2022-01-17 10:00:00+01:00,46.689998626708984,46.7400016784668,46.0099983215332,46.4900016784668,140250,0.0,0.0,2022-01-17
1128,2022-01-17 11:00:00+01:00,46.47999954223633,46.47999954223633,46.150001525878906,46.29999923706055,93546,0.0,0.0,2022-01-17
1129,2022-01-17 12:00:00+01:00,46.27000045776367,46.79999923706055,46.150001525878906,46.7400016784668,81958,0.0,0.0,2022-01-17
1130,2022-01-17 13:00:00+01:00,46.72999954223633,46.7599983215332,46.459999084472656,46.61000061035156,56311,0.0,0.0,2022-01-17
1131,2022-01-17 14:00:00+01:00,46.619998931884766,46.689998626708984,45.58000183105469,45.61000061035156,140526,0.0,0.0,2022-01-17
1132,2022-01-17 15:00:00+01:00,45.61000061035156,45.61000061035156,45.0099983215332,45.459999084472656,170402,0.0,0.0,2022-01-17
1133,2022-01-17 16:00:00+01:00,45.4900016784668,45.560001373291016,45.16999816894531,45.2599983215332,164339,0.0,0.0,2022-01-17
1134,2022-01-17 17:00:00+01:00,45.279998779296875,45.380001068115234,45.13999938964844,45.369998931884766,305967,0.0,0.0,2022-01-17
1135,2022-01-18 09:00:00+01:00,45.400001525878906,45.5,44.599998474121094,45.029998779296875,0,0.0,0.0,2022-01-18
1136,2022-01-18 10:00:00+01:00,45.040000915527344,45.29999923706055,45.02000045776367,45.18000030517578,51663,0.0,0.0,2022-01-18
1137,2022-01-18 11:00:00+01:00,45.22999954223633,45.25,44.68000030517578,44.869998931884766,65942,0.0,0.0,2022-01-18
1138,2022-01-18 12:00:00+01:00,44.869998931884766,44.91999816894531,44.54999923706055,44.619998931884766,56833,0.0,0.0,2022-01-18
1139,2022-01-18 13:00:00+01:00,44.61000061035156,44.75,44.34000015258789,44.650001525878906,84479,0.0,0.0,2022-01-18
1140,2022-01-18 14:00:00+01:00,44.63999938964844,44.95000076293945,44.63999938964844,44.939998626708984,34566,0.0,0.0,2022-01-18
1141,2022-01-18 15:00:00+01:00,44.91999816894531,44.93000030517578,44.040000915527344,44.06999969482422,75684,0.0,0.0,2022-01-18
1142,2022-01-18 16:00:00+01:00,44.08000183105469,44.56999969482422,44.040000915527344,44.09000015258789,87231,0.0,0.0,2022-01-18
1143,2022-01-18 17:00:00+01:00,44.099998474121094,44.22999954223633,44.040000915527344,44.16999816894531,0,0.0,0.0,2022-01-18
1144,2022-01-19 09:00:00+01:00,44.349998474121094,44.41999816894531,43.540000915527344,43.54999923706055,129952,0.0,0.0,2022-01-19
1145,2022-01-19 10:00:00+01:00,43.54999923706055,43.779998779296875,43.25,43.75,94335,0.0,0.0,2022-01-19
1146,2022-01-19 11:00:00+01:00,43.7400016784668,43.79999923706055,43.40999984741211,43.70000076293945,59305,0.0,0.0,2022-01-19
1147,2022-01-19 12:00:00+01:00,43.72999954223633,44.06999969482422,43.709999084472656,44.029998779296875,40955,0.0,0.0,2022-01-19
1148,2022-01-19 13:00:00+01:00,44.040000915527344,44.25,43.97999954223633,44.11000061035156,48553,0.0,0.0,2022-01-19
1149,2022-01-19 14:00:00+01:00,44.11000061035156,44.2599983215332,44.0099983215332,44.08000183105469,33941,0.0,0.0,2022-01-19
1150,2022-01-19 15:00:00+01:00,44.08000183105469,44.25,44.0099983215332,44.09000015258789,84264,0.0,0.0,2022-01-19
1151,2022-01-19 16:00:00+01:00,44.09000015258789,44.09000015258789,43.630001068115234,43.790000915527344,74381,0.0,0.0,2022-01-19
1152,2022-01-19 17:00:00+01:00,43.779998779296875,43.79999923706055,43.709999084472656,43.7599983215332,238995,0.0,0.0,2022-01-19
1153,2022-01-20 09:00:00+01:00,43.869998931884766,44.290000915527344,43.68000030517578,44.20000076293945,0,0.0,0.0,2022-01-20
1154,2022-01-20 10:00:00+01:00,44.209999084472656,44.209999084472656,43.560001373291016,43.7400016784668,35104,0.0,0.0,2022-01-20
1155,2022-01-20 11:00:00+01:00,43.75,43.95000076293945,43.70000076293945,43.790000915527344,25638,0.0,0.0,2022-01-20
1156,2022-01-20 12:00:00+01:00,43.79999923706055,43.939998626708984,43.709999084472656,43.72999954223633,25773,0.0,0.0,2022-01-20
1157,2022-01-20 13:00:00+01:00,43.75,43.9900016784668,43.72999954223633,43.95000076293945,11781,0.0,0.0,2022-01-20
1158,2022-01-20 14:00:00+01:00,43.939998626708984,44.2400016784668,43.93000030517578,44.220001220703125,22698,0.0,0.0,2022-01-20
1159,2022-01-20 15:00:00+01:00,44.220001220703125,44.380001068115234,44.130001068115234,44.380001068115234,36396,0.0,0.0,2022-01-20
1160,2022-01-20 16:00:00+01:00,44.36000061035156,44.56999969482422,44.31999969482422,44.34000015258789,41823,0.0,0.0,2022-01-20
1161,2022-01-20 17:00:00+01:00,44.310001373291016,44.7400016784668,44.310001373291016,44.7400016784668,200965,0.0,0.0,2022-01-20
1162,2022-01-21 09:00:00+01:00,44.16999816894531,44.16999816894531,43.939998626708984,44.029998779296875,0,0.0,0.0,2022-01-21
1163,2022-01-21 10:00:00+01:00,44.040000915527344,44.08000183105469,43.65999984741211,43.86000061035156,37868,0.0,0.0,2022-01-21
1164,2022-01-21 11:00:00+01:00,43.849998474121094,43.86000061035156,43.66999816894531,43.779998779296875,32568,0.0,0.0,2022-01-21
1165,2022-01-21 12:00:00+01:00,43.77000045776367,43.77000045776367,43.65999984741211,43.65999984741211,22721,0.0,0.0,2022-01-21
1166,2022-01-21 13:00:00+01:00,43.65999984741211,43.70000076293945,43.2599983215332,43.33000183105469,59665,0.0,0.0,2022-01-21
1167,2022-01-21 14:00:00+01:00,43.310001373291016,43.310001373291016,43.130001068115234,43.130001068115234,33367,0.0,0.0,2022-01-21
1168,2022-01-21 15:00:00+01:00,43.13999938964844,43.189998626708984,42.779998779296875,42.880001068115234,98755,0.0,0.0,2022-01-21
1169,2022-01-21 16:00:00+01:00,42.900001525878906,42.939998626708984,42.63999938964844,42.810001373291016,83224,0.0,0.0,2022-01-21
1170,2022-01-21 17:00:00+01:00,42.83000183105469,43.11000061035156,42.83000183105469,43.11000061035156,250601,0.0,0.0,2022-01-21
1171,2022-01-24 09:00:00+01:00,42.72999954223633,42.849998474121094,42.59000015258789,42.630001068115234,0,0.0,0.0,2022-01-24
1172,2022-01-24 10:00:00+01:00,42.61000061035156,42.77000045776367,42.2599983215332,42.70000076293945,86056,0.0,0.0,2022-01-24
1173,2022-01-24 11:00:00+01:00,42.63999938964844,42.650001525878906,42.0,42.040000915527344,53983,0.0,0.0,2022-01-24
1174,2022-01-24 12:00:00+01:00,42.04999923706055,42.29999923706055,42.0099983215332,42.209999084472656,41123,0.0,0.0,2022-01-24
1175,2022-01-24 13:00:00+01:00,42.22999954223633,42.2599983215332,41.95000076293945,41.959999084472656,57327,0.0,0.0,2022-01-24
1176,2022-01-24 14:00:00+01:00,41.95000076293945,41.95000076293945,41.31999969482422,41.380001068115234,86031,0.0,0.0,2022-01-24
1177,2022-01-24 15:00:00+01:00,41.380001068115234,41.540000915527344,41.25,41.290000915527344,68889,0.0,0.0,2022-01-24
1178,2022-01-24 16:00:00+01:00,41.27000045776367,41.849998474121094,41.27000045776367,41.70000076293945,126172,0.0,0.0,2022-01-24
1179,2022-01-24 17:00:00+01:00,41.70000076293945,41.900001525878906,41.58000183105469,41.58000183105469,334196,0.0,0.0,2022-01-24
1180,2022-01-25 09:00:00+01:00,42.0,42.7599983215332,41.86000061035156,42.2599983215332,0,0.0,0.0,2022-01-25
1181,2022-01-25 10:00:00+01:00,42.290000915527344,42.29999923706055,41.95000076293945,42.189998626708984,69571,0.0,0.0,2022-01-25
1182,2022-01-25 11:00:00+01:00,42.16999816894531,42.369998931884766,42.09000015258789,42.290000915527344,25915,0.0,0.0,2022-01-25
1183,2022-01-25 12:00:00+01:00,42.290000915527344,42.470001220703125,42.099998474121094,42.209999084472656,15296,0.0,0.0,2022-01-25
1184,2022-01-25 13:00:00+01:00,42.22999954223633,42.290000915527344,42.099998474121094,42.25,7753,0.0,0.0,2022-01-25
1185,2022-01-25 14:00:00+01:00,42.209999084472656,42.279998779296875,42.13999938964844,42.2400016784668,11774,0.0,0.0,2022-01-25
1186,2022-01-25 15:00:00+01:00,42.25,42.279998779296875,41.9900016784668,42.0,21903,0.0,0.0,2022-01-25
1187,2022-01-25 16:00:00+01:00,42.0099983215332,42.31999969482422,41.77000045776367,42.13999938964844,35719,0.0,0.0,2022-01-25
1188,2022-01-25 17:00:00+01:00,42.13999938964844,42.43000030517578,42.09000015258789,42.310001373291016,184410,0.0,0.0,2022-01-25
1189,2022-01-26 09:00:00+01:00,42.689998626708984,43.40999984741211,42.540000915527344,43.33000183105469,0,0.0,0.0,2022-01-26
1190,2022-01-26 10:00:00+01:00,43.31999969482422,43.45000076293945,43.16999816894531,43.310001373291016,27786,0.0,0.0,2022-01-26
1191,2022-01-26 11:00:00+01:00,43.31999969482422,43.59000015258789,43.25,43.43000030517578,28853,0.0,0.0,2022-01-26
1192,2022-01-26 12:00:00+01:00,43.439998626708984,43.59000015258789,43.369998931884766,43.560001373291016,26601,0.0,0.0,2022-01-26
1193,2022-01-26 13:00:00+01:00,43.58000183105469,43.66999816894531,43.43000030517578,43.459999084472656,17105,0.0,0.0,2022-01-26
1194,2022-01-26 14:00:00+01:00,43.459999084472656,43.52000045776367,43.40999984741211,43.5099983215332,17249,0.0,0.0,2022-01-26
1195,2022-01-26 15:00:00+01:00,43.529998779296875,43.58000183105469,43.279998779296875,43.54999923706055,24455,0.0,0.0,2022-01-26
1196,2022-01-26 16:00:00+01:00,43.529998779296875,43.54999923706055,43.209999084472656,43.349998474121094,34740,0.0,0.0,2022-01-26
1197,2022-01-26 17:00:00+01:00,43.369998931884766,43.400001525878906,43.290000915527344,43.29999923706055,0,0.0,0.0,2022-01-26
1198,2022-01-27 09:00:00+01:00,42.86000061035156,43.060001373291016,42.54999923706055,42.709999084472656,48466,0.0,0.0,2022-01-27
1199,2022-01-27 10:00:00+01:00,42.72999954223633,42.970001220703125,42.709999084472656,42.93000030517578,22785,0.0,0.0,2022-01-27
1200,2022-01-27 11:00:00+01:00,42.93000030517578,43.310001373291016,42.84000015258789,43.310001373291016,35469,0.0,0.0,2022-01-27
1201,2022-01-27 12:00:00+01:00,43.29999923706055,43.380001068115234,43.25,43.310001373291016,13627,0.0,0.0,2022-01-27
1202,2022-01-27 13:00:00+01:00,43.31999969482422,43.36000061035156,43.220001220703125,43.29999923706055,12829,0.0,0.0,2022-01-27
1203,2022-01-27 14:00:00+01:00,43.29999923706055,43.400001525878906,43.2400016784668,43.290000915527344,9167,0.0,0.0,2022-01-27
1204,2022-01-27 15:00:00+01:00,43.279998779296875,43.61000061035156,43.279998779296875,43.52000045776367,18187,0.0,0.0,2022-01-27
1205,2022-01-27 16:00:00+01:00,43.529998779296875,43.599998474121094,43.22999954223633,43.369998931884766,22691,0.0,0.0,2022-01-27
1206,2022-01-27 17:00:00+01:00,43.369998931884766,43.38999938964844,43.220001220703125,43.33000183105469,196742,0.0,0.0,2022-01-27
1207,2022-01-28 09:00:00+01:00,43.290000915527344,43.45000076293945,42.63999938964844,42.83000183105469,0,0.0,0.0,2022-01-28
1208,2022-01-28 10:00:00+01:00,42.84000015258789,42.939998626708984,42.41999816894531,42.560001373291016,57882,0.0,0.0,2022-01-28
1209,2022-01-28 11:00:00+01:00,42.58000183105469,42.59000015258789,42.34000015258789,42.400001525878906,23701,0.0,0.0,2022-01-28
1210,2022-01-28 12:00:00+01:00,42.41999816894531,42.599998474121094,42.380001068115234,42.599998474121094,21424,0.0,0.0,2022-01-28
1211,2022-01-28 13:00:00+01:00,42.59000015258789,42.61000061035156,42.369998931884766,42.52000045776367,19648,0.0,0.0,2022-01-28
1212,2022-01-28 14:00:00+01:00,42.529998779296875,42.650001525878906,42.47999954223633,42.56999969482422,29729,0.0,0.0,2022-01-28
1213,2022-01-28 15:00:00+01:00,42.560001373291016,42.65999984741211,42.459999084472656,42.52000045776367,35987,0.0,0.0,2022-01-28
1214,2022-01-28 16:00:00+01:00,42.5099983215332,42.68000030517578,42.40999984741211,42.59000015258789,42025,0.0,0.0,2022-01-28
1215,2022-01-28 17:00:00+01:00,42.58000183105469,42.61000061035156,42.470001220703125,42.540000915527344,23736,0.0,0.0,2022-01-28
1216,2022-01-31 09:00:00+01:00,43.0,43.16999816894531,42.779998779296875,42.810001373291016,0,0.0,0.0,2022-01-31
1217,2022-01-31 10:00:00+01:00,42.84000015258789,42.880001068115234,42.59000015258789,42.650001525878906,12861,0.0,0.0,2022-01-31
1218,2022-01-31 11:00:00+01:00,42.630001068115234,42.650001525878906,42.459999084472656,42.470001220703125,17533,0.0,0.0,2022-01-31
1219,2022-01-31 12:00:00+01:00,42.47999954223633,42.58000183105469,42.400001525878906,42.4900016784668,17140,0.0,0.0,2022-01-31
1220,2022-01-31 13:00:00+01:00,42.4900016784668,42.54999923706055,42.41999816894531,42.4900016784668,14147,0.0,0.0,2022-01-31
1221,2022-01-31 14:00:00+01:00,42.5,42.66999816894531,42.470001220703125,42.63999938964844,11116,0.0,0.0,2022-01-31
1222,2022-01-31 15:00:00+01:00,42.63999938964844,42.63999938964844,42.5,42.59000015258789,27225,0.0,0.0,2022-01-31
1223,2022-01-31 16:00:00+01:00,42.61000061035156,42.7599983215332,42.58000183105469,42.630001068115234,26107,0.0,0.0,2022-01-31
1224,2022-01-31 17:00:00+01:00,42.619998931884766,42.650001525878906,42.58000183105469,42.59000015258789,264856,0.0,0.0,2022-01-31
1225,2022-02-01 09:00:00+01:00,42.91999816894531,43.099998474121094,42.84000015258789,43.040000915527344,0,0.0,0.0,2022-02-01
1226,2022-02-01 10:00:00+01:00,43.040000915527344,43.04999923706055,42.68000030517578,42.81999969482422,34100,0.0,0.0,2022-02-01
1227,2022-02-01 11:00:00+01:00,42.83000183105469,42.83000183105469,42.65999984741211,42.72999954223633,14932,0.0,0.0,2022-02-01
1228,2022-02-01 12:00:00+01:00,42.72999954223633,42.970001220703125,42.72999954223633,42.93000030517578,13934,0.0,0.0,2022-02-01
1229,2022-02-01 13:00:00+01:00,42.91999816894531,42.91999816894531,42.79999923706055,42.84000015258789,17468,0.0,0.0,2022-02-01
1230,2022-02-01 14:00:00+01:00,42.849998474121094,42.88999938964844,42.709999084472656,42.72999954223633,17347,0.0,0.0,2022-02-01
1231,2022-02-01 15:00:00+01:00,42.72999954223633,42.7599983215332,42.599998474121094,42.709999084472656,23937,0.0,0.0,2022-02-01
1232,2022-02-01 16:00:00+01:00,42.709999084472656,42.709999084472656,42.56999969482422,42.650001525878906,25455,0.0,0.0,2022-02-01
1233,2022-02-01 17:00:00+01:00,42.63999938964844,42.63999938964844,42.40999984741211,42.540000915527344,134453,0.0,0.0,2022-02-01
1234,2022-02-02 09:00:00+01:00,42.630001068115234,43.02000045776367,42.59000015258789,42.970001220703125,0,0.0,0.0,2022-02-02
1235,2022-02-02 10:00:00+01:00,42.959999084472656,43.119998931884766,42.91999816894531,43.04999923706055,17747,0.0,0.0,2022-02-02
1236,2022-02-02 11:00:00+01:00,43.060001373291016,43.18000030517578,43.0,43.02000045776367,16201,0.0,0.0,2022-02-02
1237,2022-02-02 12:00:00+01:00,43.02000045776367,43.08000183105469,42.81999969482422,42.959999084472656,15805,0.0,0.0,2022-02-02
1238,2022-02-02 13:00:00+01:00,42.970001220703125,43.11000061035156,42.95000076293945,43.04999923706055,13064,0.0,0.0,2022-02-02
1239,2022-02-02 14:00:00+01:00,43.060001373291016,43.11000061035156,42.97999954223633,43.11000061035156,8481,0.0,0.0,2022-02-02
1240,2022-02-02 15:00:00+01:00,43.189998626708984,43.189998626708984,42.959999084472656,43.0,22650,0.0,0.0,2022-02-02
1241,2022-02-02 16:00:00+01:00,43.0,43.11000061035156,42.869998931884766,43.09000015258789,23020,0.0,0.0,2022-02-02
1242,2022-02-02 17:00:00+01:00,43.08000183105469,43.09000015258789,42.869998931884766,42.939998626708984,101436,0.0,0.0,2022-02-02
1243,2022-02-03 09:00:00+01:00,43.119998931884766,43.47999954223633,42.9900016784668,43.470001220703125,0,0.0,0.0,2022-02-03
1244,2022-02-03 10:00:00+01:00,43.5,43.650001525878906,43.459999084472656,43.58000183105469,29258,0.0,0.0,2022-02-03
1245,2022-02-03 11:00:00+01:00,43.59000015258789,43.66999816894531,43.47999954223633,43.61000061035156,24298,0.0,0.0,2022-02-03
1246,2022-02-03 12:00:00+01:00,43.61000061035156,43.70000076293945,43.59000015258789,43.65999984741211,9485,0.0,0.0,2022-02-03
1247,2022-02-03 13:00:00+01:00,43.66999816894531,43.779998779296875,43.599998474121094,43.68000030517578,10219,0.0,0.0,2022-02-03
1248,2022-02-03 14:00:00+01:00,43.650001525878906,43.7400016784668,43.54999923706055,43.59000015258789,15718,0.0,0.0,2022-02-03
1249,2022-02-03 15:00:00+01:00,43.58000183105469,43.90999984741211,43.56999969482422,43.68000030517578,36745,0.0,0.0,2022-02-03
1250,2022-02-03 16:00:00+01:00,43.66999816894531,43.83000183105469,43.540000915527344,43.689998626708984,22659,0.0,0.0,2022-02-03
1251,2022-02-03 17:00:00+01:00,43.68000030517578,43.72999954223633,43.41999816894531,43.41999816894531,141609,0.0,0.0,2022-02-03
1252,2022-02-04 09:00:00+01:00,43.4900016784668,43.790000915527344,43.220001220703125,43.36000061035156,0,0.0,0.0,2022-02-04
1253,2022-02-04 10:00:00+01:00,43.33000183105469,43.349998474121094,43.099998474121094,43.099998474121094,13637,0.0,0.0,2022-02-04
1254,2022-02-04 11:00:00+01:00,43.040000915527344,43.040000915527344,42.72999954223633,42.81999969482422,16074,0.0,0.0,2022-02-04
1255,2022-02-04 12:00:00+01:00,42.81999969482422,42.84000015258789,42.529998779296875,42.529998779296875,18359,0.0,0.0,2022-02-04
1256,2022-02-04 13:00:00+01:00,42.54999923706055,42.720001220703125,42.52000045776367,42.61000061035156,33585,0.0,0.0,2022-02-04
1257,2022-02-04 14:00:00+01:00,42.599998474121094,42.61000061035156,42.380001068115234,42.5,50254,0.0,0.0,2022-02-04
1258,2022-02-04 15:00:00+01:00,42.4900016784668,42.900001525878906,42.41999816894531,42.810001373291016,43823,0.0,0.0,2022-02-04
1259,2022-02-04 16:00:00+01:00,42.84000015258789,42.869998931884766,42.68000030517578,42.779998779296875,24256,0.0,0.0,2022-02-04
1260,2022-02-04 17:00:00+01:00,42.77000045776367,42.86000061035156,42.63999938964844,42.63999938964844,148111,0.0,0.0,2022-02-04
1261,2022-02-07 09:00:00+01:00,43.20000076293945,43.68000030517578,43.150001525878906,43.52000045776367,0,0.0,0.0,2022-02-07
1262,2022-02-07 10:00:00+01:00,43.540000915527344,43.630001068115234,43.18000030517578,43.310001373291016,26853,0.0,0.0,2022-02-07
1263,2022-02-07 11:00:00+01:00,43.33000183105469,43.5099983215332,43.209999084472656,43.41999816894531,17184,0.0,0.0,2022-02-07
1264,2022-02-07 12:00:00+01:00,43.439998626708984,43.66999816894531,43.43000030517578,43.45000076293945,25550,0.0,0.0,2022-02-07
1265,2022-02-07 13:00:00+01:00,43.459999084472656,43.4900016784668,43.369998931884766,43.400001525878906,15394,0.0,0.0,2022-02-07
1266,2022-02-07 14:00:00+01:00,43.400001525878906,43.7599983215332,43.400001525878906,43.75,22109,0.0,0.0,2022-02-07
1267,2022-02-07 15:00:00+01:00,43.75,43.869998931884766,43.65999984741211,43.709999084472656,44290,0.0,0.0,2022-02-07
1268,2022-02-07 16:00:00+01:00,43.72999954223633,44.0,43.720001220703125,43.97999954223633,36903,0.0,0.0,2022-02-07
1269,2022-02-07 17:00:00+01:00,43.97999954223633,44.119998931884766,43.959999084472656,44.119998931884766,268108,0.0,0.0,2022-02-07
1270,2022-02-08 09:00:00+01:00,44.209999084472656,45.09000015258789,44.0099983215332,45.060001373291016,0,0.0,0.0,2022-02-08
1271,2022-02-08 10:00:00+01:00,45.04999923706055,45.349998474121094,45.04999923706055,45.290000915527344,53991,0.0,0.0,2022-02-08
1272,2022-02-08 11:00:00+01:00,45.2599983215332,45.45000076293945,45.15999984741211,45.41999816894531,29215,0.0,0.0,2022-02-08
1273,2022-02-08 12:00:00+01:00,45.43000030517578,45.43000030517578,45.310001373291016,45.400001525878906,23309,0.0,0.0,2022-02-08
1274,2022-02-08 13:00:00+01:00,45.43000030517578,45.54999923706055,45.38999938964844,45.52000045776367,22130,0.0,0.0,2022-02-08
1275,2022-02-08 14:00:00+01:00,45.529998779296875,45.66999816894531,45.52000045776367,45.630001068115234,21580,0.0,0.0,2022-02-08
1276,2022-02-08 15:00:00+01:00,45.63999938964844,45.79999923706055,45.560001373291016,45.709999084472656,37757,0.0,0.0,2022-02-08
1277,2022-02-08 16:00:00+01:00,45.70000076293945,45.75,45.40999984741211,45.720001220703125,42071,0.0,0.0,2022-02-08
1278,2022-02-08 17:00:00+01:00,45.720001220703125,45.720001220703125,45.529998779296875,45.56999969482422,224024,0.0,0.0,2022-02-08
1279,2022-02-09 09:00:00+01:00,45.79999923706055,46.130001068115234,45.5,45.939998626708984,0,0.0,0.0,2022-02-09
1280,2022-02-09 10:00:00+01:00,45.91999816894531,45.93000030517578,45.70000076293945,45.72999954223633,18713,0.0,0.0,2022-02-09
1281,2022-02-09 11:00:00+01:00,45.689998626708984,45.72999954223633,45.5099983215332,45.720001220703125,14022,0.0,0.0,2022-02-09
1282,2022-02-09 12:00:00+01:00,45.70000076293945,45.81999969482422,45.560001373291016,45.779998779296875,16056,0.0,0.0,2022-02-09
1283,2022-02-09 13:00:00+01:00,45.79999923706055,45.95000076293945,45.709999084472656,45.72999954223633,16160,0.0,0.0,2022-02-09
1284,2022-02-09 14:00:00+01:00,45.709999084472656,45.7400016784668,45.540000915527344,45.630001068115234,16289,0.0,0.0,2022-02-09
1285,2022-02-09 15:00:00+01:00,45.630001068115234,45.86000061035156,45.599998474121094,45.709999084472656,18587,0.0,0.0,2022-02-09
1286,2022-02-09 16:00:00+01:00,45.720001220703125,45.86000061035156,45.70000076293945,45.81999969482422,35638,0.0,0.0,2022-02-09
1287,2022-02-09 17:00:00+01:00,45.810001373291016,45.810001373291016,45.529998779296875,45.529998779296875,138090,0.0,0.0,2022-02-09
1288,2022-02-10 09:00:00+01:00,45.7400016784668,45.900001525878906,45.439998626708984,45.5,0,0.0,0.0,2022-02-10
1289,2022-02-10 10:00:00+01:00,45.52000045776367,45.59000015258789,45.16999816894531,45.20000076293945,27151,0.0,0.0,2022-02-10
1290,2022-02-10 11:00:00+01:00,45.20000076293945,45.20000076293945,44.939998626708984,45.20000076293945,20826,0.0,0.0,2022-02-10
1291,2022-02-10 12:00:00+01:00,45.20000076293945,45.20000076293945,44.72999954223633,44.72999954223633,18362,0.0,0.0,2022-02-10
1292,2022-02-10 13:00:00+01:00,44.72999954223633,44.9900016784668,44.72999954223633,44.810001373291016,23155,0.0,0.0,2022-02-10
1293,2022-02-10 14:00:00+01:00,44.81999969482422,45.27000045776367,44.77000045776367,45.209999084472656,23038,0.0,0.0,2022-02-10
1294,2022-02-10 15:00:00+01:00,45.209999084472656,45.209999084472656,44.86000061035156,45.0,25283,0.0,0.0,2022-02-10
1295,2022-02-10 16:00:00+01:00,45.0,45.09000015258789,44.939998626708984,44.970001220703125,23759,0.0,0.0,2022-02-10
1296,2022-02-10 17:00:00+01:00,44.97999954223633,45.040000915527344,44.79999923706055,44.79999923706055,131926,0.0,0.0,2022-02-10
1297,2022-02-11 09:00:00+01:00,44.4900016784668,44.939998626708984,44.29999923706055,44.63999938964844,0,0.0,0.0,2022-02-11
1298,2022-02-11 10:00:00+01:00,44.720001220703125,44.779998779296875,44.459999084472656,44.77000045776367,19718,0.0,0.0,2022-02-11
1299,2022-02-11 11:00:00+01:00,44.77000045776367,44.959999084472656,44.75,44.959999084472656,11684,0.0,0.0,2022-02-11
1300,2022-02-11 12:00:00+01:00,44.959999084472656,44.97999954223633,44.70000076293945,44.72999954223633,5561,0.0,0.0,2022-02-11
1301,2022-02-11 13:00:00+01:00,44.70000076293945,44.86000061035156,44.68000030517578,44.7400016784668,8072,0.0,0.0,2022-02-11
1302,2022-02-11 14:00:00+01:00,44.72999954223633,44.86000061035156,44.689998626708984,44.86000061035156,9927,0.0,0.0,2022-02-11
1303,2022-02-11 15:00:00+01:00,44.880001068115234,44.880001068115234,44.61000061035156,44.7599983215332,20751,0.0,0.0,2022-02-11
1304,2022-02-11 16:00:00+01:00,44.7599983215332,44.83000183105469,44.68000030517578,44.79999923706055,26085,0.0,0.0,2022-02-11
1305,2022-02-11 17:00:00+01:00,44.79999923706055,44.81999969482422,44.70000076293945,44.79999923706055,120117,0.0,0.0,2022-02-11
1306,2022-02-14 09:00:00+01:00,44.099998474121094,44.13999938964844,43.279998779296875,43.43000030517578,0,0.0,0.0,2022-02-14
1307,2022-02-14 10:00:00+01:00,43.439998626708984,43.93000030517578,43.43000030517578,43.75,34016,0.0,0.0,2022-02-14
1308,2022-02-14 11:00:00+01:00,43.75,44.04999923706055,43.61000061035156,43.849998474121094,24817,0.0,0.0,2022-02-14
1309,2022-02-14 12:00:00+01:00,43.869998931884766,44.029998779296875,43.86000061035156,43.95000076293945,11947,0.0,0.0,2022-02-14
1310,2022-02-14 13:00:00+01:00,43.869998931884766,44.529998779296875,43.790000915527344,44.40999984741211,29370,0.0,0.0,2022-02-14
1311,2022-02-14 14:00:00+01:00,44.41999816894531,44.439998626708984,44.2599983215332,44.290000915527344,20372,0.0,0.0,2022-02-14
1312,2022-02-14 15:00:00+01:00,44.29999923706055,44.47999954223633,44.290000915527344,44.369998931884766,27328,0.0,0.0,2022-02-14
1313,2022-02-14 16:00:00+01:00,44.33000183105469,44.41999816894531,43.970001220703125,43.97999954223633,26343,0.0,0.0,2022-02-14
1314,2022-02-14 17:00:00+01:00,43.97999954223633,44.2400016784668,43.95000076293945,44.2400016784668,266558,0.0,0.0,2022-02-14
1315,2022-02-15 09:00:00+01:00,43.810001373291016,44.90999984741211,43.810001373291016,44.380001068115234,0,0.0,0.0,2022-02-15
1316,2022-02-15 10:00:00+01:00,44.41999816894531,44.65999984741211,44.33000183105469,44.5099983215332,26592,0.0,0.0,2022-02-15
1317,2022-02-15 11:00:00+01:00,44.56999969482422,44.56999969482422,44.29999923706055,44.459999084472656,17762,0.0,0.0,2022-02-15
1318,2022-02-15 12:00:00+01:00,44.470001220703125,44.70000076293945,44.439998626708984,44.58000183105469,10005,0.0,0.0,2022-02-15
1319,2022-02-15 13:00:00+01:00,44.59000015258789,44.68000030517578,44.439998626708984,44.68000030517578,18864,0.0,0.0,2022-02-15
1320,2022-02-15 14:00:00+01:00,44.66999816894531,44.790000915527344,44.56999969482422,44.59000015258789,14701,0.0,0.0,2022-02-15
1321,2022-02-15 15:00:00+01:00,44.58000183105469,44.849998474121094,44.540000915527344,44.66999816894531,20975,0.0,0.0,2022-02-15
1322,2022-02-15 16:00:00+01:00,44.68000030517578,44.900001525878906,44.5,44.88999938964844,27167,0.0,0.0,2022-02-15
1323,2022-02-15 17:00:00+01:00,44.880001068115234,44.90999984741211,44.72999954223633,44.72999954223633,174763,0.0,0.0,2022-02-15
1324,2022-02-16 09:00:00+01:00,45.099998474121094,45.52000045776367,45.099998474121094,45.22999954223633,0,0.0,0.0,2022-02-16
1325,2022-02-16 10:00:00+01:00,45.119998931884766,45.2400016784668,44.91999816894531,45.04999923706055,19013,0.0,0.0,2022-02-16
1326,2022-02-16 11:00:00+01:00,45.0,45.130001068115234,44.91999816894531,44.9900016784668,12018,0.0,0.0,2022-02-16
1327,2022-02-16 12:00:00+01:00,44.970001220703125,44.97999954223633,44.63999938964844,44.65999984741211,16511,0.0,0.0,2022-02-16
1328,2022-02-16 13:00:00+01:00,44.56999969482422,44.709999084472656,44.52000045776367,44.560001373291016,5891,0.0,0.0,2022-02-16
1329,2022-02-16 14:00:00+01:00,44.59000015258789,44.720001220703125,44.54999923706055,44.650001525878906,9364,0.0,0.0,2022-02-16
1330,2022-02-16 15:00:00+01:00,44.650001525878906,44.66999816894531,44.41999816894531,44.61000061035156,31875,0.0,0.0,2022-02-16
1331,2022-02-16 16:00:00+01:00,44.599998474121094,44.61000061035156,44.380001068115234,44.54999923706055,31888,0.0,0.0,2022-02-16
1332,2022-02-16 17:00:00+01:00,44.540000915527344,44.68000030517578,44.349998474121094,44.349998474121094,221427,0.0,0.0,2022-02-16
1333,2022-02-17 09:00:00+01:00,44.20000076293945,44.349998474121094,43.5,43.56999969482422,0,0.0,0.0,2022-02-17
1334,2022-02-17 10:00:00+01:00,43.56999969482422,43.95000076293945,43.5099983215332,43.70000076293945,25211,0.0,0.0,2022-02-17
1335,2022-02-17 11:00:00+01:00,43.63999938964844,43.790000915527344,43.470001220703125,43.75,28230,0.0,0.0,2022-02-17
1336,2022-02-17 12:00:00+01:00,43.7400016784668,43.900001525878906,43.54999923706055,43.61000061035156,18248,0.0,0.0,2022-02-17
1337,2022-02-17 13:00:00+01:00,43.630001068115234,43.68000030517578,43.52000045776367,43.65999984741211,17933,0.0,0.0,2022-02-17
1338,2022-02-17 14:00:00+01:00,43.65999984741211,43.65999984741211,43.43000030517578,43.459999084472656,26796,0.0,0.0,2022-02-17
1339,2022-02-17 15:00:00+01:00,43.459999084472656,43.83000183105469,43.459999084472656,43.54999923706055,30742,0.0,0.0,2022-02-17
1340,2022-02-17 16:00:00+01:00,43.52000045776367,43.59000015258789,43.43000030517578,43.529998779296875,36212,0.0,0.0,2022-02-17
1341,2022-02-17 17:00:00+01:00,43.560001373291016,43.66999816894531,43.45000076293945,43.45000076293945,185927,0.0,0.0,2022-02-17
1342,2022-02-18 09:00:00+01:00,43.20000076293945,43.33000183105469,42.93000030517578,43.290000915527344,0,0.0,0.0,2022-02-18
1343,2022-02-18 10:00:00+01:00,43.31999969482422,43.5,42.70000076293945,42.88999938964844,81637,0.0,0.0,2022-02-18
1344,2022-02-18 11:00:00+01:00,42.88999938964844,43.040000915527344,42.70000076293945,42.970001220703125,65382,0.0,0.0,2022-02-18
1345,2022-02-18 12:00:00+01:00,42.939998626708984,43.189998626708984,42.81999969482422,42.95000076293945,44989,0.0,0.0,2022-02-18
1346,2022-02-18 13:00:00+01:00,42.97999954223633,43.11000061035156,42.7599983215332,42.810001373291016,31253,0.0,0.0,2022-02-18
1347,2022-02-18 14:00:00+01:00,42.81999969482422,42.880001068115234,42.40999984741211,42.630001068115234,57175,0.0,0.0,2022-02-18
1348,2022-02-18 15:00:00+01:00,42.61000061035156,42.970001220703125,42.599998474121094,42.959999084472656,59821,0.0,0.0,2022-02-18
1349,2022-02-18 16:00:00+01:00,42.939998626708984,43.099998474121094,42.900001525878906,43.0,56892,0.0,0.0,2022-02-18
1350,2022-02-18 17:00:00+01:00,42.9900016784668,42.9900016784668,42.75,42.75,255590,0.0,0.0,2022-02-18
1351,2022-02-21 09:00:00+01:00,42.90999984741211,43.349998474121094,42.90999984741211,43.31999969482422,0,0.0,0.0,2022-02-21
1352,2022-02-21 10:00:00+01:00,43.29999923706055,43.369998931884766,43.029998779296875,43.11000061035156,37784,0.0,0.0,2022-02-21
1353,2022-02-21 11:00:00+01:00,43.11000061035156,43.119998931884766,42.93000030517578,43.0,10092,0.0,0.0,2022-02-21
1354,2022-02-21 12:00:00+01:00,42.9900016784668,43.0,42.58000183105469,42.7400016784668,11265,0.0,0.0,2022-02-21
1355,2022-02-21 13:00:00+01:00,42.72999954223633,42.72999954223633,42.310001373291016,42.369998931884766,21672,0.0,0.0,2022-02-21
1356,2022-02-21 14:00:00+01:00,42.400001525878906,42.400001525878906,42.02000045776367,42.119998931884766,30473,0.0,0.0,2022-02-21
1357,2022-02-21 15:00:00+01:00,42.15999984741211,42.470001220703125,42.130001068115234,42.36000061035156,29484,0.0,0.0,2022-02-21
1358,2022-02-21 16:00:00+01:00,42.380001068115234,42.63999938964844,42.27000045776367,42.310001373291016,38205,0.0,0.0,2022-02-21
1359,2022-02-21 17:00:00+01:00,42.33000183105469,42.34000015258789,42.04999923706055,42.130001068115234,133470,0.0,0.0,2022-02-21
1360,2022-02-22 09:00:00+01:00,41.439998626708984,41.900001525878906,40.650001525878906,41.86000061035156,0,0.0,0.0,2022-02-22
1361,2022-02-22 10:00:00+01:00,41.88999938964844,42.02000045776367,41.560001373291016,41.560001373291016,34028,0.0,0.0,2022-02-22
1362,2022-02-22 11:00:00+01:00,41.54999923706055,42.09000015258789,41.540000915527344,42.060001373291016,22959,0.0,0.0,2022-02-22
1363,2022-02-22 12:00:00+01:00,42.029998779296875,42.22999954223633,42.0099983215332,42.16999816894531,17265,0.0,0.0,2022-02-22
1364,2022-02-22 13:00:00+01:00,42.16999816894531,42.43000030517578,42.15999984741211,42.27000045776367,11161,0.0,0.0,2022-02-22
1365,2022-02-22 14:00:00+01:00,42.27000045776367,42.369998931884766,42.029998779296875,42.18000030517578,17434,0.0,0.0,2022-02-22
1366,2022-02-22 15:00:00+01:00,42.20000076293945,42.27000045776367,41.97999954223633,42.189998626708984,18714,0.0,0.0,2022-02-22
1367,2022-02-22 16:00:00+01:00,42.20000076293945,42.349998474121094,41.959999084472656,41.959999084472656,32972,0.0,0.0,2022-02-22
1368,2022-02-22 17:00:00+01:00,41.97999954223633,42.029998779296875,41.869998931884766,41.880001068115234,179546,0.0,0.0,2022-02-22
1369,2022-02-23 09:00:00+01:00,42.560001373291016,45.25,42.0,45.20000076293945,0,0.0,0.0,2022-02-23
1370,2022-02-23 10:00:00+01:00,45.20000076293945,45.58000183105469,43.970001220703125,44.0099983215332,129205,0.0,0.0,2022-02-23
1371,2022-02-23 11:00:00+01:00,44.0099983215332,44.95000076293945,43.91999816894531,44.79999923706055,90618,0.0,0.0,2022-02-23
1372,2022-02-23 12:00:00+01:00,44.81999969482422,45.099998474121094,44.709999084472656,45.02000045776367,37069,0.0,0.0,2022-02-23
1373,2022-02-23 13:00:00+01:00,45.02000045776367,45.29999923706055,44.86000061035156,45.16999816894531,36451,0.0,0.0,2022-02-23
1374,2022-02-23 14:00:00+01:00,45.18000030517578,45.25,44.65999984741211,44.869998931884766,34179,0.0,0.0,2022-02-23
1375,2022-02-23 15:00:00+01:00,44.900001525878906,44.959999084472656,44.459999084472656,44.459999084472656,48749,0.0,0.0,2022-02-23
1376,2022-02-23 16:00:00+01:00,44.459999084472656,44.459999084472656,43.41999816894531,43.45000076293945,82594,0.0,0.0,2022-02-23
1377,2022-02-23 17:00:00+01:00,43.45000076293945,43.849998474121094,43.380001068115234,43.58000183105469,243321,0.0,0.0,2022-02-23
1378,2022-02-24 09:00:00+01:00,41.54999923706055,42.61000061035156,41.040000915527344,42.09000015258789,0,0.0,0.0,2022-02-24
1379,2022-02-24 10:00:00+01:00,42.11000061035156,42.380001068115234,41.459999084472656,41.540000915527344,96125,0.0,0.0,2022-02-24
1380,2022-02-24 11:00:00+01:00,41.54999923706055,41.86000061035156,40.95000076293945,41.119998931884766,74649,0.0,0.0,2022-02-24
1381,2022-02-24 12:00:00+01:00,41.150001525878906,41.459999084472656,40.849998474121094,41.45000076293945,105899,0.0,0.0,2022-02-24
1382,2022-02-24 13:00:00+01:00,41.4900016784668,41.5,40.86000061035156,41.22999954223633,38770,0.0,0.0,2022-02-24
1383,2022-02-24 14:00:00+01:00,41.2400016784668,41.9900016784668,41.16999816894531,41.63999938964844,83442,0.0,0.0,2022-02-24
1384,2022-02-24 15:00:00+01:00,41.65999984741211,42.63999938964844,41.630001068115234,42.5099983215332,93148,0.0,0.0,2022-02-24
1385,2022-02-24 16:00:00+01:00,42.4900016784668,42.5,41.83000183105469,41.84000015258789,92904,0.0,0.0,2022-02-24
1386,2022-02-24 17:00:00+01:00,41.81999969482422,41.81999969482422,41.47999954223633,41.47999954223633,340060,0.0,0.0,2022-02-24
1387,2022-02-25 09:00:00+01:00,42.20000076293945,42.79999923706055,41.83000183105469,41.90999984741211,0,0.0,0.0,2022-02-25
1388,2022-02-25 10:00:00+01:00,41.91999816894531,42.470001220703125,41.599998474121094,42.470001220703125,41680,0.0,0.0,2022-02-25
1389,2022-02-25 11:00:00+01:00,42.45000076293945,42.91999816894531,42.38999938964844,42.849998474121094,41522,0.0,0.0,2022-02-25
1390,2022-02-25 12:00:00+01:00,42.83000183105469,43.20000076293945,42.7599983215332,43.15999984741211,29389,0.0,0.0,2022-02-25
1391,2022-02-25 13:00:00+01:00,43.13999938964844,43.279998779296875,42.939998626708984,43.099998474121094,80896,0.0,0.0,2022-02-25
1392,2022-02-25 14:00:00+01:00,43.09000015258789,43.599998474121094,42.900001525878906,43.58000183105469,50453,0.0,0.0,2022-02-25
1393,2022-02-25 15:00:00+01:00,43.599998474121094,43.77000045776367,43.31999969482422,43.630001068115234,36420,0.0,0.0,2022-02-25
1394,2022-02-25 16:00:00+01:00,43.63999938964844,44.029998779296875,43.599998474121094,43.91999816894531,43001,0.0,0.0,2022-02-25
1395,2022-02-25 17:00:00+01:00,43.90999984741211,44.11000061035156,43.86000061035156,44.04999923706055,294058,0.0,0.0,2022-02-25
1396,2022-02-28 09:00:00+01:00,43.0,43.349998474121094,42.25,42.25,0,0.0,0.0,2022-02-28
1397,2022-02-28 10:00:00+01:00,42.18000030517578,42.470001220703125,42.15999984741211,42.380001068115234,34134,0.0,0.0,2022-02-28
1398,2022-02-28 11:00:00+01:00,42.369998931884766,42.70000076293945,42.18000030517578,42.650001525878906,55749,0.0,0.0,2022-02-28
1399,2022-02-28 12:00:00+01:00,42.65999984741211,42.779998779296875,42.52000045776367,42.75,33384,0.0,0.0,2022-02-28
1400,2022-02-28 13:00:00+01:00,42.79999923706055,43.02000045776367,42.79999923706055,42.84000015258789,41673,0.0,0.0,2022-02-28
1401,2022-02-28 14:00:00+01:00,42.79999923706055,42.79999923706055,42.25,42.27000045776367,30633,0.0,0.0,2022-02-28
1402,2022-02-28 15:00:00+01:00,42.27000045776367,42.86000061035156,42.2400016784668,42.86000061035156,30815,0.0,0.0,2022-02-28
1403,2022-02-28 16:00:00+01:00,42.880001068115234,43.310001373291016,42.68000030517578,43.290000915527344,43905,0.0,0.0,2022-02-28
1404,2022-02-28 17:00:00+01:00,43.279998779296875,43.34000015258789,42.97999954223633,42.97999954223633,384993,0.0,0.0,2022-02-28
1405,2022-03-01 09:00:00+01:00,42.779998779296875,43.150001525878906,42.779998779296875,43.029998779296875,0,0.0,0.0,2022-03-01
1406,2022-03-01 10:00:00+01:00,43.04999923706055,43.08000183105469,42.099998474121094,42.58000183105469,41706,0.0,0.0,2022-03-01
1407,2022-03-01 11:00:00+01:00,42.54999923706055,42.619998931884766,42.349998474121094,42.5099983215332,14922,0.0,0.0,2022-03-01
1408,2022-03-01 12:00:00+01:00,42.529998779296875,42.540000915527344,42.0,42.0099983215332,52584,0.0,0.0,2022-03-01
1409,2022-03-01 13:00:00+01:00,42.029998779296875,42.459999084472656,42.0099983215332,42.08000183105469,42489,0.0,0.0,2022-03-01
1410,2022-03-01 14:00:00+01:00,42.060001373291016,42.279998779296875,41.91999816894531,42.16999816894531,34338,0.0,0.0,2022-03-01
1411,2022-03-01 15:00:00+01:00,42.16999816894531,42.54999923706055,42.119998931884766,42.150001525878906,24111,0.0,0.0,2022-03-01
1412,2022-03-01 16:00:00+01:00,42.209999084472656,42.2599983215332,41.72999954223633,41.72999954223633,49649,0.0,0.0,2022-03-01
1413,2022-03-01 17:00:00+01:00,41.70000076293945,41.72999954223633,41.369998931884766,41.369998931884766,273887,0.0,0.0,2022-03-01
1414,2022-03-02 09:00:00+01:00,41.5,41.66999816894531,40.900001525878906,41.5,0,0.0,0.0,2022-03-02
1415,2022-03-02 10:00:00+01:00,41.54999923706055,42.54999923706055,41.27000045776367,42.439998626708984,37602,0.0,0.0,2022-03-02
1416,2022-03-02 11:00:00+01:00,42.439998626708984,43.0,42.290000915527344,42.689998626708984,62549,0.0,0.0,2022-03-02
1417,2022-03-02 12:00:00+01:00,42.70000076293945,42.880001068115234,42.54999923706055,42.72999954223633,21056,0.0,0.0,2022-03-02
1418,2022-03-02 13:00:00+01:00,42.72999954223633,42.810001373291016,42.470001220703125,42.68000030517578,22001,0.0,0.0,2022-03-02
1419,2022-03-02 14:00:00+01:00,42.709999084472656,42.81999969482422,42.310001373291016,42.599998474121094,21302,0.0,0.0,2022-03-02
1420,2022-03-02 15:00:00+01:00,42.58000183105469,42.939998626708984,42.54999923706055,42.790000915527344,43290,0.0,0.0,2022-03-02
1421,2022-03-02 16:00:00+01:00,42.77000045776367,42.869998931884766,42.43000030517578,42.52000045776367,69509,0.0,0.0,2022-03-02
1422,2022-03-02 17:00:00+01:00,42.4900016784668,42.869998931884766,42.47999954223633,42.630001068115234,169477,0.0,0.0,2022-03-02
1423,2022-03-03 09:00:00+01:00,42.63999938964844,42.66999816894531,41.7599983215332,42.150001525878906,0,0.0,0.0,2022-03-03
1424,2022-03-03 10:00:00+01:00,42.15999984741211,42.349998474121094,41.720001220703125,42.189998626708984,40169,0.0,0.0,2022-03-03
1425,2022-03-03 11:00:00+01:00,42.209999084472656,42.279998779296875,41.9900016784668,42.11000061035156,24774,0.0,0.0,2022-03-03
1426,2022-03-03 12:00:00+01:00,42.099998474121094,42.209999084472656,41.86000061035156,41.91999816894531,24762,0.0,0.0,2022-03-03
1427,2022-03-03 13:00:00+01:00,41.93000030517578,42.310001373291016,41.91999816894531,42.220001220703125,23175,0.0,0.0,2022-03-03
1428,2022-03-03 14:00:00+01:00,42.22999954223633,42.25,41.959999084472656,42.18000030517578,16854,0.0,0.0,2022-03-03
1429,2022-03-03 15:00:00+01:00,42.18000030517578,42.29999923706055,41.849998474121094,41.90999984741211,27984,0.0,0.0,2022-03-03
1430,2022-03-03 16:00:00+01:00,41.900001525878906,41.900001525878906,41.34000015258789,41.34000015258789,57626,0.0,0.0,2022-03-03
1431,2022-03-03 17:00:00+01:00,41.33000183105469,41.459999084472656,41.18000030517578,41.18000030517578,257832,0.0,0.0,2022-03-03
1432,2022-03-04 09:00:00+01:00,41.0,41.0,40.45000076293945,40.630001068115234,0,0.0,0.0,2022-03-04
1433,2022-03-04 10:00:00+01:00,40.599998474121094,40.70000076293945,40.060001373291016,40.16999816894531,86395,0.0,0.0,2022-03-04
1434,2022-03-04 11:00:00+01:00,40.13999938964844,40.68000030517578,40.13999938964844,40.380001068115234,33542,0.0,0.0,2022-03-04
1435,2022-03-04 12:00:00+01:00,40.380001068115234,40.650001525878906,40.189998626708984,40.59000015258789,27055,0.0,0.0,2022-03-04
1436,2022-03-04 13:00:00+01:00,40.59000015258789,40.619998931884766,40.189998626708984,40.619998931884766,58115,0.0,0.0,2022-03-04
1437,2022-03-04 14:00:00+01:00,40.650001525878906,41.04999923706055,40.61000061035156,40.97999954223633,67800,0.0,0.0,2022-03-04
1438,2022-03-04 15:00:00+01:00,40.970001220703125,41.689998626708984,40.939998626708984,41.68000030517578,96195,0.0,0.0,2022-03-04
1439,2022-03-04 16:00:00+01:00,41.70000076293945,41.7599983215332,41.2599983215332,41.310001373291016,82891,0.0,0.0,2022-03-04
1440,2022-03-04 17:00:00+01:00,41.31999969482422,41.5,40.93000030517578,40.93000030517578,264576,0.0,0.0,2022-03-04
1441,2022-03-07 09:00:00+01:00,40.0,40.220001220703125,38.95000076293945,39.47999954223633,0,0.0,0.0,2022-03-07
1442,2022-03-07 10:00:00+01:00,39.47999954223633,39.779998779296875,38.869998931884766,39.20000076293945,150281,0.0,0.0,2022-03-07
1443,2022-03-07 11:00:00+01:00,39.20000076293945,39.45000076293945,38.959999084472656,39.27000045776367,61832,0.0,0.0,2022-03-07
1444,2022-03-07 12:00:00+01:00,39.2599983215332,39.7599983215332,39.22999954223633,39.720001220703125,53191,0.0,0.0,2022-03-07
1445,2022-03-07 13:00:00+01:00,39.72999954223633,40.290000915527344,39.689998626708984,39.939998626708984,55920,0.0,0.0,2022-03-07
1446,2022-03-07 14:00:00+01:00,39.959999084472656,40.2400016784668,39.90999984741211,40.119998931884766,35229,0.0,0.0,2022-03-07
1447,2022-03-07 15:00:00+01:00,40.130001068115234,40.689998626708984,40.06999969482422,40.150001525878906,49289,0.0,0.0,2022-03-07
1448,2022-03-07 16:00:00+01:00,40.130001068115234,40.310001373291016,39.77000045776367,39.77000045776367,57501,0.0,0.0,2022-03-07
1449,2022-03-07 17:00:00+01:00,39.7599983215332,39.939998626708984,39.45000076293945,39.45000076293945,514918,0.0,0.0,2022-03-07
1450,2022-03-08 09:00:00+01:00,39.36000061035156,40.79999923706055,39.279998779296875,40.11000061035156,0,0.0,0.0,2022-03-08
1451,2022-03-08 10:00:00+01:00,40.18000030517578,40.400001525878906,39.52000045776367,39.52000045776367,68916,0.0,0.0,2022-03-08
1452,2022-03-08 11:00:00+01:00,39.529998779296875,39.560001373291016,39.06999969482422,39.290000915527344,65247,0.0,0.0,2022-03-08
1453,2022-03-08 12:00:00+01:00,39.27000045776367,39.599998474121094,39.25,39.4900016784668,41817,0.0,0.0,2022-03-08
1454,2022-03-08 13:00:00+01:00,39.470001220703125,39.68000030517578,38.95000076293945,39.02000045776367,73333,0.0,0.0,2022-03-08
1455,2022-03-08 14:00:00+01:00,39.0,39.43000030517578,38.79999923706055,39.279998779296875,96380,0.0,0.0,2022-03-08
1456,2022-03-08 15:00:00+01:00,39.27000045776367,39.349998474121094,38.93000030517578,39.04999923706055,50966,0.0,0.0,2022-03-08
1457,2022-03-08 16:00:00+01:00,39.04999923706055,39.13999938964844,38.75,38.959999084472656,55048,0.0,0.0,2022-03-08
1458,2022-03-08 17:00:00+01:00,38.9900016784668,39.029998779296875,38.75,38.75,268558,0.0,0.0,2022-03-08
1459,2022-03-09 09:00:00+01:00,40.0,40.790000915527344,39.63999938964844,40.31999969482422,0,0.0,0.0,2022-03-09
1460,2022-03-09 10:00:00+01:00,40.33000183105469,41.02000045776367,40.18000030517578,40.709999084472656,50733,0.0,0.0,2022-03-09
1461,2022-03-09 11:00:00+01:00,40.70000076293945,41.119998931884766,40.58000183105469,40.939998626708984,36146,0.0,0.0,2022-03-09
1462,2022-03-09 12:00:00+01:00,40.91999816894531,41.0099983215332,40.459999084472656,40.560001373291016,27149,0.0,0.0,2022-03-09
1463,2022-03-09 13:00:00+01:00,40.540000915527344,40.790000915527344,40.529998779296875,40.790000915527344,22576,0.0,0.0,2022-03-09
1464,2022-03-09 14:00:00+01:00,40.81999969482422,40.97999954223633,40.75,40.900001525878906,24080,0.0,0.0,2022-03-09
1465,2022-03-09 15:00:00+01:00,40.88999938964844,41.439998626708984,40.88999938964844,41.279998779296875,103537,0.0,0.0,2022-03-09
1466,2022-03-09 16:00:00+01:00,41.29999923706055,41.70000076293945,41.29999923706055,41.689998626708984,67394,0.0,0.0,2022-03-09
1467,2022-03-09 17:00:00+01:00,41.70000076293945,41.709999084472656,41.369998931884766,41.619998931884766,267428,0.0,0.0,2022-03-09
1468,2022-03-10 09:00:00+01:00,42.0,42.16999816894531,41.040000915527344,41.29999923706055,0,0.0,0.0,2022-03-10
1469,2022-03-10 10:00:00+01:00,41.33000183105469,41.900001525878906,41.33000183105469,41.380001068115234,32284,0.0,0.0,2022-03-10
1470,2022-03-10 11:00:00+01:00,41.34000015258789,41.540000915527344,41.2599983215332,41.38999938964844,17961,0.0,0.0,2022-03-10
1471,2022-03-10 12:00:00+01:00,41.380001068115234,41.470001220703125,41.22999954223633,41.369998931884766,20608,0.0,0.0,2022-03-10
1472,2022-03-10 13:00:00+01:00,41.369998931884766,41.61000061035156,41.27000045776367,41.599998474121094,25497,0.0,0.0,2022-03-10
1473,2022-03-10 14:00:00+01:00,41.58000183105469,41.970001220703125,41.58000183105469,41.7400016784668,22468,0.0,0.0,2022-03-10
1474,2022-03-10 15:00:00+01:00,41.72999954223633,42.2599983215332,41.529998779296875,42.150001525878906,37285,0.0,0.0,2022-03-10
1475,2022-03-10 16:00:00+01:00,42.130001068115234,42.130001068115234,41.5,41.52000045776367,28282,0.0,0.0,2022-03-10
1476,2022-03-10 17:00:00+01:00,41.52000045776367,41.540000915527344,41.349998474121094,41.380001068115234,119931,0.0,0.0,2022-03-10
1477,2022-03-11 09:00:00+01:00,41.709999084472656,42.47999954223633,41.66999816894531,42.2599983215332,0,0.0,0.0,2022-03-11
1478,2022-03-11 10:00:00+01:00,42.27000045776367,42.5,42.040000915527344,42.16999816894531,32565,0.0,0.0,2022-03-11
1479,2022-03-11 11:00:00+01:00,42.189998626708984,42.380001068115234,41.900001525878906,42.0099983215332,27101,0.0,0.0,2022-03-11
1480,2022-03-11 12:00:00+01:00,42.0,43.029998779296875,41.95000076293945,42.709999084472656,110155,0.0,0.0,2022-03-11
1481,2022-03-11 13:00:00+01:00,42.72999954223633,42.880001068115234,42.43000030517578,42.529998779296875,19519,0.0,0.0,2022-03-11
1482,2022-03-11 14:00:00+01:00,42.58000183105469,42.84000015258789,42.54999923706055,42.72999954223633,11264,0.0,0.0,2022-03-11
1483,2022-03-11 15:00:00+01:00,42.72999954223633,42.810001373291016,42.41999816894531,42.540000915527344,41535,0.0,0.0,2022-03-11
1484,2022-03-11 16:00:00+01:00,42.4900016784668,42.4900016784668,42.08000183105469,42.279998779296875,53957,0.0,0.0,2022-03-11
1485,2022-03-11 17:00:00+01:00,42.2400016784668,42.2599983215332,42.099998474121094,42.18000030517578,193283,0.0,0.0,2022-03-11
1486,2022-03-14 09:00:00+01:00,43.08000183105469,44.36000061035156,43.08000183105469,43.68000030517578,0,0.0,0.0,2022-03-14
1487,2022-03-14 10:00:00+01:00,43.68000030517578,44.040000915527344,43.47999954223633,43.93000030517578,39830,0.0,0.0,2022-03-14
1488,2022-03-14 11:00:00+01:00,43.900001525878906,44.13999938964844,43.70000076293945,43.810001373291016,22799,0.0,0.0,2022-03-14
1489,2022-03-14 12:00:00+01:00,43.79999923706055,43.90999984741211,43.58000183105469,43.650001525878906,32631,0.0,0.0,2022-03-14
1490,2022-03-14 13:00:00+01:00,43.63999938964844,43.93000030517578,43.63999938964844,43.7400016784668,20979,0.0,0.0,2022-03-14
1491,2022-03-14 14:00:00+01:00,43.72999954223633,43.90999984741211,43.599998474121094,43.66999816894531,18891,0.0,0.0,2022-03-14
1492,2022-03-14 15:00:00+01:00,43.650001525878906,43.849998474121094,43.439998626708984,43.790000915527344,43750,0.0,0.0,2022-03-14
1493,2022-03-14 16:00:00+01:00,43.779998779296875,43.81999969482422,43.4900016784668,43.529998779296875,37714,0.0,0.0,2022-03-14
1494,2022-03-14 17:00:00+01:00,43.52000045776367,43.619998931884766,43.47999954223633,43.619998931884766,170088,0.0,0.0,2022-03-14
1495,2022-03-15 09:00:00+01:00,43.11000061035156,43.43000030517578,42.38999938964844,42.5,0,0.0,0.0,2022-03-15
1496,2022-03-15 10:00:00+01:00,42.4900016784668,42.939998626708984,42.4900016784668,42.81999969482422,24677,0.0,0.0,2022-03-15
1497,2022-03-15 11:00:00+01:00,42.83000183105469,43.119998931884766,42.720001220703125,43.0099983215332,13625,0.0,0.0,2022-03-15
1498,2022-03-15 12:00:00+01:00,43.029998779296875,43.310001373291016,43.0099983215332,43.20000076293945,10920,0.0,0.0,2022-03-15
1499,2022-03-15 13:00:00+01:00,43.209999084472656,43.5,43.20000076293945,43.45000076293945,12163,0.0,0.0,2022-03-15
1500,2022-03-15 14:00:00+01:00,43.470001220703125,43.560001373291016,43.20000076293945,43.380001068115234,23395,0.0,0.0,2022-03-15
1501,2022-03-15 15:00:00+01:00,43.400001525878906,43.599998474121094,43.22999954223633,43.59000015258789,23796,0.0,0.0,2022-03-15
1502,2022-03-15 16:00:00+01:00,43.58000183105469,43.68000030517578,43.27000045776367,43.45000076293945,49132,0.0,0.0,2022-03-15
1503,2022-03-15 17:00:00+01:00,43.470001220703125,43.470001220703125,43.25,43.31999969482422,138776,0.0,0.0,2022-03-15
1504,2022-03-16 09:00:00+01:00,44.400001525878906,44.630001068115234,43.97999954223633,43.9900016784668,0,0.0,0.0,2022-03-16
1505,2022-03-16 10:00:00+01:00,43.97999954223633,44.43000030517578,43.97999954223633,44.380001068115234,27534,0.0,0.0,2022-03-16
1506,2022-03-16 11:00:00+01:00,44.369998931884766,44.880001068115234,44.349998474121094,44.81999969482422,47063,0.0,0.0,2022-03-16
1507,2022-03-16 12:00:00+01:00,44.81999969482422,45.16999816894531,44.709999084472656,45.15999984741211,38991,0.0,0.0,2022-03-16
1508,2022-03-16 13:00:00+01:00,45.18000030517578,45.31999969482422,45.130001068115234,45.20000076293945,37035,0.0,0.0,2022-03-16
1509,2022-03-16 14:00:00+01:00,45.16999816894531,45.16999816894531,44.93000030517578,45.0099983215332,24893,0.0,0.0,2022-03-16
1510,2022-03-16 15:00:00+01:00,44.970001220703125,45.4900016784668,44.779998779296875,45.310001373291016,91680,0.0,0.0,2022-03-16
1511,2022-03-16 16:00:00+01:00,45.310001373291016,45.45000076293945,45.08000183105469,45.2599983215332,56111,0.0,0.0,2022-03-16
1512,2022-03-16 17:00:00+01:00,45.25,45.470001220703125,45.25,45.470001220703125,233283,0.0,0.0,2022-03-16
1513,2022-03-17 09:00:00+01:00,45.54999923706055,45.900001525878906,45.54999923706055,45.720001220703125,0,0.0,0.0,2022-03-17
1514,2022-03-17 10:00:00+01:00,45.7400016784668,45.88999938964844,45.34000015258789,45.68000030517578,35121,0.0,0.0,2022-03-17
1515,2022-03-17 11:00:00+01:00,45.65999984741211,45.65999984741211,45.02000045776367,45.130001068115234,101563,0.0,0.0,2022-03-17
1516,2022-03-17 12:00:00+01:00,45.15999984741211,45.2400016784668,45.060001373291016,45.11000061035156,22704,0.0,0.0,2022-03-17
1517,2022-03-17 13:00:00+01:00,45.119998931884766,45.13999938964844,44.810001373291016,44.970001220703125,24506,0.0,0.0,2022-03-17
1518,2022-03-17 14:00:00+01:00,44.97999954223633,44.97999954223633,44.72999954223633,44.849998474121094,14203,0.0,0.0,2022-03-17
1519,2022-03-17 15:00:00+01:00,44.86000061035156,45.15999984741211,44.86000061035156,44.97999954223633,10874,0.0,0.0,2022-03-17
1520,2022-03-17 16:00:00+01:00,44.9900016784668,45.130001068115234,44.849998474121094,45.119998931884766,24140,0.0,0.0,2022-03-17
1521,2022-03-17 17:00:00+01:00,45.130001068115234,45.209999084472656,45.060001373291016,45.209999084472656,226884,0.0,0.0,2022-03-17
1522,2022-03-18 09:00:00+01:00,45.189998626708984,45.45000076293945,45.029998779296875,45.20000076293945,0,0.0,0.0,2022-03-18
1523,2022-03-18 10:00:00+01:00,45.20000076293945,45.31999969482422,45.16999816894531,45.22999954223633,27588,0.0,0.0,2022-03-18
1524,2022-03-18 11:00:00+01:00,45.209999084472656,45.279998779296875,44.970001220703125,45.060001373291016,63780,0.0,0.0,2022-03-18
1525,2022-03-18 12:00:00+01:00,45.06999969482422,45.15999984741211,44.790000915527344,44.79999923706055,72797,0.0,0.0,2022-03-18
1526,2022-03-18 13:00:00+01:00,44.790000915527344,45.0099983215332,44.709999084472656,44.90999984741211,34502,0.0,0.0,2022-03-18
1527,2022-03-18 14:00:00+01:00,44.90999984741211,45.02000045776367,44.880001068115234,44.9900016784668,15592,0.0,0.0,2022-03-18
1528,2022-03-18 15:00:00+01:00,45.0,45.58000183105469,45.0,45.38999938964844,32083,0.0,0.0,2022-03-18
1529,2022-03-18 16:00:00+01:00,45.380001068115234,45.72999954223633,45.369998931884766,45.720001220703125,27206,0.0,0.0,2022-03-18
1530,2022-03-18 17:00:00+01:00,45.66999816894531,45.77000045776367,45.619998931884766,45.619998931884766,1846932,0.0,0.0,2022-03-18
1531,2022-03-21 09:00:00+01:00,45.58000183105469,46.029998779296875,45.58000183105469,45.83000183105469,0,0.0,0.0,2022-03-21
1532,2022-03-21 10:00:00+01:00,45.84000015258789,45.84000015258789,45.279998779296875,45.38999938964844,36064,0.0,0.0,2022-03-21
1533,2022-03-21 11:00:00+01:00,45.369998931884766,45.459999084472656,45.20000076293945,45.43000030517578,22724,0.0,0.0,2022-03-21
1534,2022-03-21 12:00:00+01:00,45.41999816894531,45.56999969482422,45.38999938964844,45.470001220703125,15936,0.0,0.0,2022-03-21
1535,2022-03-21 13:00:00+01:00,45.470001220703125,45.470001220703125,45.33000183105469,45.43000030517578,5023,0.0,0.0,2022-03-21
1536,2022-03-21 14:00:00+01:00,45.40999984741211,45.4900016784668,45.290000915527344,45.38999938964844,13562,0.0,0.0,2022-03-21
1537,2022-03-21 15:00:00+01:00,45.38999938964844,45.459999084472656,45.22999954223633,45.31999969482422,25507,0.0,0.0,2022-03-21
1538,2022-03-21 16:00:00+01:00,45.310001373291016,46.880001068115234,45.25,46.709999084472656,308528,0.0,0.0,2022-03-21
1539,2022-03-21 17:00:00+01:00,46.709999084472656,46.83000183105469,46.290000915527344,46.290000915527344,440016,0.0,0.0,2022-03-21
1540,2022-03-22 09:00:00+01:00,46.20000076293945,46.68000030517578,46.040000915527344,46.130001068115234,0,0.0,0.0,2022-03-22
1541,2022-03-22 10:00:00+01:00,46.15999984741211,46.529998779296875,46.08000183105469,46.4900016784668,29399,0.0,0.0,2022-03-22
1542,2022-03-22 11:00:00+01:00,46.470001220703125,46.54999923706055,46.41999816894531,46.470001220703125,15763,0.0,0.0,2022-03-22
1543,2022-03-22 12:00:00+01:00,46.47999954223633,46.529998779296875,46.36000061035156,46.470001220703125,10862,0.0,0.0,2022-03-22
1544,2022-03-22 13:00:00+01:00,46.47999954223633,46.52000045776367,46.279998779296875,46.400001525878906,19844,0.0,0.0,2022-03-22
1545,2022-03-22 14:00:00+01:00,46.38999938964844,46.66999816894531,46.380001068115234,46.650001525878906,22180,0.0,0.0,2022-03-22
1546,2022-03-22 15:00:00+01:00,46.650001525878906,46.70000076293945,46.52000045776367,46.65999984741211,15254,0.0,0.0,2022-03-22
1547,2022-03-22 16:00:00+01:00,46.66999816894531,46.66999816894531,46.40999984741211,46.54999923706055,19219,0.0,0.0,2022-03-22
1548,2022-03-22 17:00:00+01:00,46.54999923706055,46.709999084472656,46.349998474121094,46.709999084472656,203098,0.0,0.0,2022-03-22
1549,2022-03-23 09:00:00+01:00,46.79999923706055,46.9900016784668,46.40999984741211,46.439998626708984,0,0.0,0.0,2022-03-23
1550,2022-03-23 10:00:00+01:00,46.43000030517578,46.599998474121094,46.2599983215332,46.31999969482422,25992,0.0,0.0,2022-03-23
1551,2022-03-23 11:00:00+01:00,46.31999969482422,46.5,46.310001373291016,46.5,9516,0.0,0.0,2022-03-23
1552,2022-03-23 12:00:00+01:00,46.529998779296875,46.63999938964844,46.189998626708984,46.27000045776367,9644,0.0,0.0,2022-03-23
1553,2022-03-23 13:00:00+01:00,46.2599983215332,46.349998474121094,45.959999084472656,46.099998474121094,19068,0.0,0.0,2022-03-23
1554,2022-03-23 14:00:00+01:00,46.060001373291016,46.06999969482422,45.75,45.95000076293945,21555,0.0,0.0,2022-03-23
1555,2022-03-23 15:00:00+01:00,45.93000030517578,46.150001525878906,45.68000030517578,45.70000076293945,33942,0.0,0.0,2022-03-23
1556,2022-03-23 16:00:00+01:00,45.689998626708984,46.02000045776367,45.65999984741211,46.02000045776367,22835,0.0,0.0,2022-03-23
1557,2022-03-23 17:00:00+01:00,46.0099983215332,46.04999923706055,45.79999923706055,45.79999923706055,123949,0.0,0.0,2022-03-23
1558,2022-03-24 09:00:00+01:00,45.81999969482422,46.2400016784668,45.79999923706055,46.029998779296875,0,0.0,0.0,2022-03-24
1559,2022-03-24 10:00:00+01:00,46.0,46.029998779296875,45.83000183105469,45.86000061035156,12174,0.0,0.0,2022-03-24
1560,2022-03-24 11:00:00+01:00,45.84000015258789,45.84000015258789,45.630001068115234,45.779998779296875,10907,0.0,0.0,2022-03-24
1561,2022-03-24 12:00:00+01:00,45.790000915527344,46.029998779296875,45.689998626708984,45.93000030517578,15107,0.0,0.0,2022-03-24
1562,2022-03-24 13:00:00+01:00,45.93000030517578,45.95000076293945,45.849998474121094,45.95000076293945,3151,0.0,0.0,2022-03-24
1563,2022-03-24 14:00:00+01:00,45.939998626708984,46.0099983215332,45.810001373291016,45.900001525878906,8921,0.0,0.0,2022-03-24
1564,2022-03-24 15:00:00+01:00,45.900001525878906,46.060001373291016,45.84000015258789,45.97999954223633,14315,0.0,0.0,2022-03-24
1565,2022-03-24 16:00:00+01:00,45.9900016784668,46.189998626708984,45.869998931884766,45.880001068115234,23582,0.0,0.0,2022-03-24
1566,2022-03-24 17:00:00+01:00,45.849998474121094,46.0099983215332,45.790000915527344,46.0099983215332,269140,0.0,0.0,2022-03-24
1567,2022-03-25 09:00:00+01:00,46.09000015258789,46.13999938964844,45.779998779296875,45.88999938964844,0,0.0,0.0,2022-03-25
1568,2022-03-25 10:00:00+01:00,45.88999938964844,46.0,45.4900016784668,45.7400016784668,15272,0.0,0.0,2022-03-25
1569,2022-03-25 11:00:00+01:00,45.7400016784668,45.75,45.599998474121094,45.7400016784668,16009,0.0,0.0,2022-03-25
1570,2022-03-25 12:00:00+01:00,45.720001220703125,45.75,45.65999984741211,45.720001220703125,8509,0.0,0.0,2022-03-25
1571,2022-03-25 13:00:00+01:00,45.709999084472656,45.77000045776367,45.61000061035156,45.63999938964844,4698,0.0,0.0,2022-03-25
1572,2022-03-25 14:00:00+01:00,45.63999938964844,45.7400016784668,45.47999954223633,45.59000015258789,15532,0.0,0.0,2022-03-25
1573,2022-03-25 15:00:00+01:00,45.61000061035156,45.790000915527344,45.61000061035156,45.689998626708984,15327,0.0,0.0,2022-03-25
1574,2022-03-25 16:00:00+01:00,45.70000076293945,45.709999084472656,45.56999969482422,45.61000061035156,14657,0.0,0.0,2022-03-25
1575,2022-03-25 17:00:00+01:00,45.599998474121094,45.880001068115234,45.56999969482422,45.880001068115234,82583,0.0,0.0,2022-03-25
1576,2022-03-28 09:00:00+02:00,46.0099983215332,46.599998474121094,46.0,46.52000045776367,0,0.0,0.0,2022-03-28
1577,2022-03-28 10:00:00+02:00,46.529998779296875,46.709999084472656,46.41999816894531,46.709999084472656,21178,0.0,0.0,2022-03-28
1578,2022-03-28 11:00:00+02:00,46.70000076293945,46.91999816894531,46.630001068115234,46.7599983215332,11413,0.0,0.0,2022-03-28
1579,2022-03-28 12:00:00+02:00,46.779998779296875,46.79999923706055,46.63999938964844,46.7400016784668,11456,0.0,0.0,2022-03-28
1580,2022-03-28 13:00:00+02:00,46.7599983215332,46.81999969482422,46.66999816894531,46.66999816894531,10950,0.0,0.0,2022-03-28
1581,2022-03-28 14:00:00+02:00,46.650001525878906,46.66999816894531,46.41999816894531,46.52000045776367,12571,0.0,0.0,2022-03-28
1582,2022-03-28 15:00:00+02:00,46.47999954223633,46.58000183105469,46.0,46.09000015258789,28494,0.0,0.0,2022-03-28
1583,2022-03-28 16:00:00+02:00,46.060001373291016,46.060001373291016,45.84000015258789,45.88999938964844,34204,0.0,0.0,2022-03-28
1584,2022-03-28 17:00:00+02:00,45.880001068115234,45.88999938964844,45.65999984741211,45.689998626708984,326220,0.0,0.0,2022-03-28
1585,2022-03-29 09:00:00+02:00,46.34000015258789,46.790000915527344,46.290000915527344,46.59000015258789,0,0.0,0.0,2022-03-29
1586,2022-03-29 10:00:00+02:00,46.58000183105469,46.790000915527344,46.56999969482422,46.7400016784668,16500,0.0,0.0,2022-03-29
1587,2022-03-29 11:00:00+02:00,46.7400016784668,47.279998779296875,46.7400016784668,47.130001068115234,37731,0.0,0.0,2022-03-29
1588,2022-03-29 12:00:00+02:00,47.130001068115234,47.16999816894531,47.06999969482422,47.119998931884766,15098,0.0,0.0,2022-03-29
1589,2022-03-29 13:00:00+02:00,47.119998931884766,47.29999923706055,46.93000030517578,47.29999923706055,23723,0.0,0.0,2022-03-29
1590,2022-03-29 14:00:00+02:00,47.25,47.29999923706055,47.06999969482422,47.099998474121094,27470,0.0,0.0,2022-03-29
1591,2022-03-29 15:00:00+02:00,47.11000061035156,47.2599983215332,46.83000183105469,46.95000076293945,20636,0.0,0.0,2022-03-29
1592,2022-03-29 16:00:00+02:00,46.970001220703125,47.0,46.70000076293945,46.72999954223633,34922,0.0,0.0,2022-03-29
1593,2022-03-29 17:00:00+02:00,46.77000045776367,47.20000076293945,46.66999816894531,47.20000076293945,194003,0.0,0.0,2022-03-29
1594,2022-03-30 09:00:00+02:00,46.81999969482422,47.040000915527344,46.7400016784668,46.88999938964844,0,0.0,0.0,2022-03-30
1595,2022-03-30 10:00:00+02:00,46.86000061035156,46.86000061035156,46.34000015258789,46.72999954223633,19821,0.0,0.0,2022-03-30
1596,2022-03-30 11:00:00+02:00,46.79999923706055,46.90999984741211,46.75,46.86000061035156,7712,0.0,0.0,2022-03-30
1597,2022-03-30 12:00:00+02:00,46.869998931884766,46.90999984741211,46.61000061035156,46.810001373291016,17764,0.0,0.0,2022-03-30
1598,2022-03-30 13:00:00+02:00,46.790000915527344,46.95000076293945,46.75,46.81999969482422,9460,0.0,0.0,2022-03-30
1599,2022-03-30 14:00:00+02:00,46.84000015258789,46.880001068115234,46.61000061035156,46.72999954223633,11961,0.0,0.0,2022-03-30
1600,2022-03-30 15:00:00+02:00,46.689998626708984,46.939998626708984,46.5099983215332,46.52000045776367,15161,0.0,0.0,2022-03-30
1601,2022-03-30 16:00:00+02:00,46.5099983215332,46.560001373291016,46.349998474121094,46.459999084472656,17848,0.0,0.0,2022-03-30
1602,2022-03-30 17:00:00+02:00,46.459999084472656,46.59000015258789,46.439998626708984,46.59000015258789,190609,0.0,0.0,2022-03-30
1603,2022-03-31 09:00:00+02:00,46.52000045776367,46.720001220703125,46.380001068115234,46.470001220703125,0,0.0,0.0,2022-03-31
1604,2022-03-31 10:00:00+02:00,46.470001220703125,46.59000015258789,46.400001525878906,46.5099983215332,9156,0.0,0.0,2022-03-31
1605,2022-03-31 11:00:00+02:00,46.5099983215332,46.650001525878906,46.5,46.619998931884766,7406,0.0,0.0,2022-03-31
1606,2022-03-31 12:00:00+02:00,46.61000061035156,46.65999984741211,46.529998779296875,46.58000183105469,4204,0.0,0.0,2022-03-31
1607,2022-03-31 13:00:00+02:00,46.599998474121094,46.61000061035156,46.47999954223633,46.47999954223633,6084,0.0,0.0,2022-03-31
1608,2022-03-31 14:00:00+02:00,46.400001525878906,46.529998779296875,46.400001525878906,46.45000076293945,6849,0.0,0.0,2022-03-31
1609,2022-03-31 15:00:00+02:00,46.41999816894531,46.459999084472656,46.130001068115234,46.2599983215332,19349,0.0,0.0,2022-03-31
1610,2022-03-31 16:00:00+02:00,46.220001220703125,46.25,45.86000061035156,46.06999969482422,21180,0.0,0.0,2022-03-31
1611,2022-03-31 17:00:00+02:00,46.060001373291016,46.13999938964844,45.84000015258789,45.84000015258789,211576,0.0,0.0,2022-03-31
1612,2022-04-01 09:00:00+02:00,46.0,46.2599983215332,45.900001525878906,46.04999923706055,0,0.0,0.0,2022-04-01
1613,2022-04-01 10:00:00+02:00,46.060001373291016,46.16999816894531,46.02000045776367,46.16999816894531,6768,0.0,0.0,2022-04-01
1614,2022-04-01 11:00:00+02:00,46.16999816894531,46.349998474121094,46.08000183105469,46.2400016784668,15695,0.0,0.0,2022-04-01
1615,2022-04-01 12:00:00+02:00,46.2599983215332,46.279998779296875,46.150001525878906,46.18000030517578,8610,0.0,0.0,2022-04-01
1616,2022-04-01 13:00:00+02:00,46.189998626708984,46.22999954223633,46.150001525878906,46.18000030517578,4307,0.0,0.0,2022-04-01
1617,2022-04-01 14:00:00+02:00,46.16999816894531,46.18000030517578,46.0,46.040000915527344,8226,0.0,0.0,2022-04-01
1618,2022-04-01 15:00:00+02:00,46.04999923706055,46.130001068115234,45.91999816894531,46.130001068115234,12223,0.0,0.0,2022-04-01
1619,2022-04-01 16:00:00+02:00,46.13999938964844,46.20000076293945,46.0099983215332,46.15999984741211,17229,0.0,0.0,2022-04-01
1620,2022-04-01 17:00:00+02:00,46.15999984741211,46.25,46.119998931884766,46.25,111549,0.0,0.0,2022-04-01
1621,2022-04-04 09:00:00+02:00,46.29999923706055,46.40999984741211,45.970001220703125,46.349998474121094,0,0.0,0.0,2022-04-04
1622,2022-04-04 10:00:00+02:00,46.34000015258789,46.34000015258789,46.029998779296875,46.09000015258789,11238,0.0,0.0,2022-04-04
1623,2022-04-04 11:00:00+02:00,46.099998474121094,46.310001373291016,46.04999923706055,46.08000183105469,12188,0.0,0.0,2022-04-04
1624,2022-04-04 12:00:00+02:00,46.06999969482422,46.209999084472656,45.970001220703125,46.0,14950,0.0,0.0,2022-04-04
1625,2022-04-04 13:00:00+02:00,45.970001220703125,46.0099983215332,45.79999923706055,45.79999923706055,12088,0.0,0.0,2022-04-04
1626,2022-04-04 14:00:00+02:00,45.79999923706055,45.810001373291016,45.439998626708984,45.540000915527344,35904,0.0,0.0,2022-04-04
1627,2022-04-04 15:00:00+02:00,45.540000915527344,45.630001068115234,45.41999816894531,45.58000183105469,21318,0.0,0.0,2022-04-04
1628,2022-04-04 16:00:00+02:00,45.58000183105469,45.77000045776367,45.369998931884766,45.5,31907,0.0,0.0,2022-04-04
1629,2022-04-04 17:00:00+02:00,45.5,45.52000045776367,45.369998931884766,45.52000045776367,143394,0.0,0.0,2022-04-04
1630,2022-04-05 09:00:00+02:00,45.5,46.25,45.5,46.209999084472656,0,0.0,0.0,2022-04-05
1631,2022-04-05 10:00:00+02:00,46.18000030517578,46.29999923706055,45.869998931884766,45.93000030517578,12266,0.0,0.0,2022-04-05
1632,2022-04-05 11:00:00+02:00,45.93000030517578,45.959999084472656,45.36000061035156,45.400001525878906,10629,0.0,0.0,2022-04-05
1633,2022-04-05 12:00:00+02:00,45.43000030517578,45.5,45.349998474121094,45.439998626708984,7767,0.0,0.0,2022-04-05
1634,2022-04-05 13:00:00+02:00,45.400001525878906,45.66999816894531,45.369998931884766,45.630001068115234,7505,0.0,0.0,2022-04-05
1635,2022-04-05 14:00:00+02:00,45.650001525878906,45.650001525878906,45.45000076293945,45.45000076293945,6530,0.0,0.0,2022-04-05
1636,2022-04-05 15:00:00+02:00,45.470001220703125,45.650001525878906,45.349998474121094,45.54999923706055,12072,0.0,0.0,2022-04-05
1637,2022-04-05 16:00:00+02:00,45.560001373291016,45.560001373291016,45.220001220703125,45.43000030517578,30323,0.0,0.0,2022-04-05
1638,2022-04-05 17:00:00+02:00,45.439998626708984,45.59000015258789,45.349998474121094,45.59000015258789,129027,0.0,0.0,2022-04-05
1639,2022-04-06 09:00:00+02:00,45.5,46.060001373291016,45.5,45.58000183105469,0,0.0,0.0,2022-04-06
1640,2022-04-06 10:00:00+02:00,45.58000183105469,45.63999938964844,45.29999923706055,45.36000061035156,14434,0.0,0.0,2022-04-06
1641,2022-04-06 11:00:00+02:00,45.34000015258789,45.36000061035156,45.20000076293945,45.33000183105469,14621,0.0,0.0,2022-04-06
1642,2022-04-06 12:00:00+02:00,45.31999969482422,45.439998626708984,45.25,45.25,10958,0.0,0.0,2022-04-06
1643,2022-04-06 13:00:00+02:00,45.25,45.25,45.0,45.099998474121094,21487,0.0,0.0,2022-04-06
1644,2022-04-06 14:00:00+02:00,45.09000015258789,45.16999816894531,44.9900016784668,45.11000061035156,17030,0.0,0.0,2022-04-06
1645,2022-04-06 15:00:00+02:00,45.09000015258789,45.15999984741211,44.880001068115234,44.91999816894531,17351,0.0,0.0,2022-04-06
1646,2022-04-06 16:00:00+02:00,44.900001525878906,45.310001373291016,44.86000061035156,45.29999923706055,31137,0.0,0.0,2022-04-06
1647,2022-04-06 17:00:00+02:00,45.29999923706055,45.56999969482422,45.29999923706055,45.560001373291016,186964,0.0,0.0,2022-04-06
1648,2022-04-07 09:00:00+02:00,45.599998474121094,45.72999954223633,45.45000076293945,45.5,0,0.0,0.0,2022-04-07
1649,2022-04-07 10:00:00+02:00,45.47999954223633,45.720001220703125,45.36000061035156,45.720001220703125,6437,0.0,0.0,2022-04-07
1650,2022-04-07 11:00:00+02:00,45.720001220703125,45.72999954223633,45.56999969482422,45.70000076293945,4235,0.0,0.0,2022-04-07
1651,2022-04-07 12:00:00+02:00,45.66999816894531,45.720001220703125,45.58000183105469,45.68000030517578,6616,0.0,0.0,2022-04-07
1652,2022-04-07 13:00:00+02:00,45.68000030517578,46.04999923706055,45.68000030517578,45.75,23182,0.0,0.0,2022-04-07
1653,2022-04-07 14:00:00+02:00,45.79999923706055,45.84000015258789,45.630001068115234,45.68000030517578,8189,0.0,0.0,2022-04-07
1654,2022-04-07 15:00:00+02:00,45.72999954223633,45.7400016784668,45.630001068115234,45.63999938964844,5859,0.0,0.0,2022-04-07
1655,2022-04-07 16:00:00+02:00,45.61000061035156,45.630001068115234,45.25,45.400001525878906,48196,0.0,0.0,2022-04-07
1656,2022-04-07 17:00:00+02:00,45.40999984741211,45.459999084472656,45.310001373291016,45.369998931884766,150169,0.0,0.0,2022-04-07
1657,2022-04-08 09:00:00+02:00,45.900001525878906,45.939998626708984,45.56999969482422,45.90999984741211,0,0.0,0.0,2022-04-08
1658,2022-04-08 10:00:00+02:00,45.880001068115234,46.06999969482422,45.709999084472656,45.709999084472656,21112,0.0,0.0,2022-04-08
1659,2022-04-08 11:00:00+02:00,45.689998626708984,45.95000076293945,45.689998626708984,45.90999984741211,6814,0.0,0.0,2022-04-08
1660,2022-04-08 12:00:00+02:00,45.880001068115234,45.93000030517578,45.7400016784668,45.790000915527344,2667,0.0,0.0,2022-04-08
1661,2022-04-08 13:00:00+02:00,45.77000045776367,45.880001068115234,45.77000045776367,45.790000915527344,1252,0.0,0.0,2022-04-08
1662,2022-04-08 14:00:00+02:00,45.79999923706055,45.79999923706055,45.689998626708984,45.689998626708984,4137,0.0,0.0,2022-04-08
1663,2022-04-08 15:00:00+02:00,45.70000076293945,45.70000076293945,45.5099983215332,45.540000915527344,12539,0.0,0.0,2022-04-08
1664,2022-04-08 16:00:00+02:00,45.52000045776367,45.88999938964844,45.5,45.88999938964844,11831,0.0,0.0,2022-04-08
1665,2022-04-08 17:00:00+02:00,45.880001068115234,45.95000076293945,45.720001220703125,45.95000076293945,130358,0.0,0.0,2022-04-08
1666,2022-04-11 09:00:00+02:00,45.709999084472656,46.369998931884766,45.709999084472656,46.119998931884766,0,0.0,0.0,2022-04-11
1667,2022-04-11 10:00:00+02:00,46.16999816894531,46.20000076293945,45.93000030517578,46.20000076293945,21386,0.0,0.0,2022-04-11
1668,2022-04-11 11:00:00+02:00,46.209999084472656,46.439998626708984,46.11000061035156,46.209999084472656,17018,0.0,0.0,2022-04-11
1669,2022-04-11 12:00:00+02:00,46.209999084472656,46.41999816894531,46.209999084472656,46.40999984741211,4411,0.0,0.0,2022-04-11
1670,2022-04-11 13:00:00+02:00,46.459999084472656,46.529998779296875,46.369998931884766,46.470001220703125,6283,0.0,0.0,2022-04-11
1671,2022-04-11 14:00:00+02:00,46.470001220703125,46.540000915527344,46.380001068115234,46.529998779296875,3614,0.0,0.0,2022-04-11
1672,2022-04-11 15:00:00+02:00,46.5099983215332,46.7400016784668,46.459999084472656,46.70000076293945,15148,0.0,0.0,2022-04-11
1673,2022-04-11 16:00:00+02:00,46.689998626708984,46.75,46.5099983215332,46.65999984741211,14938,0.0,0.0,2022-04-11
1674,2022-04-11 17:00:00+02:00,46.650001525878906,46.650001525878906,46.43000030517578,46.43000030517578,152489,0.0,0.0,2022-04-11
1675,2022-04-12 09:00:00+02:00,46.04999923706055,46.060001373291016,45.029998779296875,45.31999969482422,0,0.0,0.0,2022-04-12
1676,2022-04-12 10:00:00+02:00,45.310001373291016,45.619998931884766,45.2599983215332,45.5099983215332,12895,0.0,0.0,2022-04-12
1677,2022-04-12 11:00:00+02:00,45.529998779296875,45.77000045776367,45.529998779296875,45.709999084472656,7932,0.0,0.0,2022-04-12
1678,2022-04-12 12:00:00+02:00,45.66999816894531,45.86000061035156,45.65999984741211,45.790000915527344,6394,0.0,0.0,2022-04-12
1679,2022-04-12 13:00:00+02:00,45.779998779296875,45.90999984741211,45.65999984741211,45.880001068115234,10610,0.0,0.0,2022-04-12
1680,2022-04-12 14:00:00+02:00,45.849998474121094,45.959999084472656,45.65999984741211,45.7400016784668,16642,0.0,0.0,2022-04-12
1681,2022-04-12 15:00:00+02:00,45.7400016784668,45.959999084472656,45.63999938964844,45.900001525878906,14351,0.0,0.0,2022-04-12
1682,2022-04-12 16:00:00+02:00,45.900001525878906,45.9900016784668,45.81999969482422,45.97999954223633,14309,0.0,0.0,2022-04-12
1683,2022-04-12 17:00:00+02:00,45.97999954223633,46.04999923706055,45.79999923706055,45.880001068115234,171118,0.0,0.0,2022-04-12
1684,2022-04-13 09:00:00+02:00,45.7599983215332,46.25,45.75,46.20000076293945,0,0.0,0.0,2022-04-13
1685,2022-04-13 10:00:00+02:00,46.220001220703125,46.380001068115234,46.08000183105469,46.2400016784668,12159,0.0,0.0,2022-04-13
1686,2022-04-13 11:00:00+02:00,46.25,46.31999969482422,45.95000076293945,46.060001373291016,19281,0.0,0.0,2022-04-13
1687,2022-04-13 12:00:00+02:00,46.04999923706055,46.13999938964844,46.02000045776367,46.130001068115234,11835,0.0,0.0,2022-04-13
1688,2022-04-13 13:00:00+02:00,46.130001068115234,46.209999084472656,46.08000183105469,46.08000183105469,11002,0.0,0.0,2022-04-13
1689,2022-04-13 14:00:00+02:00,46.06999969482422,46.13999938964844,46.0,46.040000915527344,20701,0.0,0.0,2022-04-13
1690,2022-04-13 15:00:00+02:00,46.060001373291016,46.2599983215332,46.0,46.16999816894531,19866,0.0,0.0,2022-04-13
1691,2022-04-13 16:00:00+02:00,46.189998626708984,46.189998626708984,45.900001525878906,46.0,10956,0.0,0.0,2022-04-13
1692,2022-04-13 17:00:00+02:00,46.0,46.09000015258789,45.97999954223633,46.09000015258789,105365,0.0,0.0,2022-04-13
1693,2022-04-14 09:00:00+02:00,46.220001220703125,46.27000045776367,46.060001373291016,46.099998474121094,0,0.0,0.0,2022-04-14
1694,2022-04-14 10:00:00+02:00,46.130001068115234,46.25,46.060001373291016,46.25,16831,0.0,0.0,2022-04-14
1695,2022-04-14 11:00:00+02:00,46.2400016784668,46.279998779296875,46.15999984741211,46.220001220703125,9399,0.0,0.0,2022-04-14
1696,2022-04-14 12:00:00+02:00,46.25,46.349998474121094,46.25,46.31999969482422,2551,0.0,0.0,2022-04-14
1697,2022-04-14 13:00:00+02:00,46.29999923706055,46.40999984741211,46.20000076293945,46.2599983215332,9928,0.0,0.0,2022-04-14
1698,2022-04-14 14:00:00+02:00,46.290000915527344,46.369998931884766,46.2599983215332,46.36000061035156,5482,0.0,0.0,2022-04-14
1699,2022-04-14 15:00:00+02:00,46.400001525878906,46.59000015258789,46.349998474121094,46.52000045776367,12688,0.0,0.0,2022-04-14
1700,2022-04-14 16:00:00+02:00,46.54999923706055,46.7400016784668,46.4900016784668,46.63999938964844,26802,0.0,0.0,2022-04-14
1701,2022-04-14 17:00:00+02:00,46.63999938964844,46.68000030517578,46.560001373291016,46.65999984741211,80260,0.0,0.0,2022-04-14
1702,2022-04-19 09:00:00+02:00,46.5,47.459999084472656,46.459999084472656,47.189998626708984,0,0.0,0.0,2022-04-19
1703,2022-04-19 10:00:00+02:00,47.20000076293945,47.43000030517578,47.0,47.060001373291016,27067,0.0,0.0,2022-04-19
1704,2022-04-19 11:00:00+02:00,47.04999923706055,47.08000183105469,46.86000061035156,46.88999938964844,14317,0.0,0.0,2022-04-19
1705,2022-04-19 12:00:00+02:00,46.95000076293945,47.130001068115234,46.93000030517578,47.040000915527344,5708,0.0,0.0,2022-04-19
1706,2022-04-19 13:00:00+02:00,47.060001373291016,47.08000183105469,46.959999084472656,46.97999954223633,5559,0.0,0.0,2022-04-19
1707,2022-04-19 14:00:00+02:00,46.970001220703125,46.9900016784668,46.810001373291016,46.90999984741211,6310,0.0,0.0,2022-04-19
1708,2022-04-19 15:00:00+02:00,46.88999938964844,46.88999938964844,46.7599983215332,46.88999938964844,14291,0.0,0.0,2022-04-19
1709,2022-04-19 16:00:00+02:00,46.900001525878906,47.0,46.720001220703125,46.849998474121094,35957,0.0,0.0,2022-04-19
1710,2022-04-19 17:00:00+02:00,46.84000015258789,47.11000061035156,46.77000045776367,47.11000061035156,156387,0.0,0.0,2022-04-19
1711,2022-04-20 09:00:00+02:00,47.11000061035156,47.619998931884766,46.779998779296875,47.290000915527344,0,0.0,0.0,2022-04-20
1712,2022-04-20 10:00:00+02:00,47.290000915527344,47.459999084472656,47.27000045776367,47.380001068115234,7656,0.0,0.0,2022-04-20
1713,2022-04-20 11:00:00+02:00,47.380001068115234,47.86000061035156,47.380001068115234,47.849998474121094,30211,0.0,0.0,2022-04-20
1714,2022-04-20 12:00:00+02:00,47.83000183105469,47.900001525878906,47.7400016784668,47.81999969482422,22928,0.0,0.0,2022-04-20
1715,2022-04-20 13:00:00+02:00,47.849998474121094,47.88999938964844,47.709999084472656,47.86000061035156,11062,0.0,0.0,2022-04-20
1716,2022-04-20 14:00:00+02:00,47.869998931884766,47.900001525878906,47.81999969482422,47.81999969482422,49348,0.0,0.0,2022-04-20
1717,2022-04-20 15:00:00+02:00,47.83000183105469,47.900001525878906,47.81999969482422,47.86000061035156,114238,0.0,0.0,2022-04-20
1718,2022-04-20 16:00:00+02:00,47.86000061035156,48.0,47.83000183105469,47.93000030517578,66141,0.0,0.0,2022-04-20
1719,2022-04-20 17:00:00+02:00,47.880001068115234,47.9900016784668,47.81999969482422,47.9900016784668,260389,0.0,0.0,2022-04-20
1720,2022-04-21 09:00:00+02:00,47.81999969482422,48.630001068115234,47.66999816894531,48.599998474121094,0,0.0,0.0,2022-04-21
1721,2022-04-21 10:00:00+02:00,48.59000015258789,48.720001220703125,48.540000915527344,48.619998931884766,19617,0.0,0.0,2022-04-21
1722,2022-04-21 11:00:00+02:00,48.619998931884766,48.66999816894531,48.41999816894531,48.470001220703125,31340,0.0,0.0,2022-04-21
1723,2022-04-21 12:00:00+02:00,48.47999954223633,48.630001068115234,48.43000030517578,48.619998931884766,12726,0.0,0.0,2022-04-21
1724,2022-04-21 13:00:00+02:00,48.63999938964844,48.65999984741211,48.540000915527344,48.560001373291016,12447,0.0,0.0,2022-04-21
1725,2022-04-21 14:00:00+02:00,48.560001373291016,48.68000030517578,48.52000045776367,48.650001525878906,19040,0.0,0.0,2022-04-21
1726,2022-04-21 15:00:00+02:00,48.65999984741211,49.099998474121094,48.63999938964844,49.099998474121094,65790,0.0,0.0,2022-04-21
1727,2022-04-21 16:00:00+02:00,49.11000061035156,49.16999816894531,48.79999923706055,48.79999923706055,58317,0.0,0.0,2022-04-21
1728,2022-04-21 17:00:00+02:00,48.7599983215332,48.779998779296875,48.63999938964844,48.779998779296875,218783,0.0,0.0,2022-04-21
1729,2022-04-22 09:00:00+02:00,48.25,48.86000061035156,48.029998779296875,48.75,0,0.0,0.0,2022-04-22
1730,2022-04-22 10:00:00+02:00,48.7599983215332,48.79999923706055,48.630001068115234,48.689998626708984,14861,0.0,0.0,2022-04-22
1731,2022-04-22 11:00:00+02:00,48.70000076293945,48.790000915527344,48.599998474121094,48.66999816894531,18006,0.0,0.0,2022-04-22
1732,2022-04-22 12:00:00+02:00,48.65999984741211,48.72999954223633,48.540000915527344,48.65999984741211,28974,0.0,0.0,2022-04-22
1733,2022-04-22 13:00:00+02:00,48.689998626708984,48.77000045776367,48.54999923706055,48.54999923706055,11179,0.0,0.0,2022-04-22
1734,2022-04-22 14:00:00+02:00,48.560001373291016,48.63999938964844,48.470001220703125,48.63999938964844,14569,0.0,0.0,2022-04-22
1735,2022-04-22 15:00:00+02:00,48.63999938964844,48.65999984741211,48.43000030517578,48.52000045776367,40345,0.0,0.0,2022-04-22
1736,2022-04-22 16:00:00+02:00,48.529998779296875,48.79999923706055,48.529998779296875,48.779998779296875,36429,0.0,0.0,2022-04-22
1737,2022-04-22 17:00:00+02:00,48.79999923706055,48.86000061035156,48.540000915527344,48.540000915527344,190794,0.0,0.0,2022-04-22
1738,2022-04-25 09:00:00+02:00,47.470001220703125,47.470001220703125,46.38999938964844,46.77000045776367,0,0.0,0.0,2022-04-25
1739,2022-04-25 10:00:00+02:00,46.7599983215332,46.79999923706055,46.380001068115234,46.79999923706055,28090,0.0,0.0,2022-04-25
1740,2022-04-25 11:00:00+02:00,46.779998779296875,46.939998626708984,46.540000915527344,46.83000183105469,39409,0.0,0.0,2022-04-25
1741,2022-04-25 12:00:00+02:00,46.849998474121094,46.869998931884766,46.630001068115234,46.709999084472656,15643,0.0,0.0,2022-04-25
1742,2022-04-25 13:00:00+02:00,46.709999084472656,46.95000076293945,46.650001525878906,46.72999954223633,15038,0.0,0.0,2022-04-25
1743,2022-04-25 14:00:00+02:00,46.720001220703125,46.95000076293945,46.70000076293945,46.93000030517578,17535,0.0,0.0,2022-04-25
1744,2022-04-25 15:00:00+02:00,46.90999984741211,46.939998626708984,46.5,46.5099983215332,40855,0.0,0.0,2022-04-25
1745,2022-04-25 16:00:00+02:00,46.52000045776367,46.63999938964844,46.5,46.529998779296875,20838,0.0,0.0,2022-04-25
1746,2022-04-25 17:00:00+02:00,46.5099983215332,46.630001068115234,46.5099983215332,46.56999969482422,177527,0.0,0.0,2022-04-25
1747,2022-04-26 09:00:00+02:00,47.130001068115234,47.66999816894531,47.11000061035156,47.5,0,0.0,0.0,2022-04-26
1748,2022-04-26 10:00:00+02:00,47.47999954223633,47.560001373291016,47.380001068115234,47.4900016784668,15792,0.0,0.0,2022-04-26
1749,2022-04-26 11:00:00+02:00,47.47999954223633,47.58000183105469,47.400001525878906,47.40999984741211,10044,0.0,0.0,2022-04-26
1750,2022-04-26 12:00:00+02:00,47.40999984741211,47.5099983215332,47.40999984741211,47.4900016784668,8544,0.0,0.0,2022-04-26
1751,2022-04-26 13:00:00+02:00,47.470001220703125,47.52000045776367,47.380001068115234,47.380001068115234,10070,0.0,0.0,2022-04-26
1752,2022-04-26 14:00:00+02:00,47.369998931884766,47.43000030517578,47.279998779296875,47.33000183105469,25802,0.0,0.0,2022-04-26
1753,2022-04-26 15:00:00+02:00,47.31999969482422,47.31999969482422,47.119998931884766,47.189998626708984,17300,0.0,0.0,2022-04-26
1754,2022-04-26 16:00:00+02:00,47.16999816894531,47.22999954223633,46.66999816894531,46.72999954223633,28656,0.0,0.0,2022-04-26
1755,2022-04-26 17:00:00+02:00,46.720001220703125,46.779998779296875,46.4900016784668,46.4900016784668,216854,0.0,0.0,2022-04-26
1756,2022-04-27 09:00:00+02:00,46.52000045776367,46.70000076293945,46.040000915527344,46.59000015258789,0,0.0,0.0,2022-04-27
1757,2022-04-27 10:00:00+02:00,46.599998474121094,46.61000061035156,45.97999954223633,46.08000183105469,69841,0.0,0.0,2022-04-27
1758,2022-04-27 11:00:00+02:00,46.060001373291016,46.209999084472656,45.9900016784668,46.209999084472656,56266,0.0,0.0,2022-04-27
1759,2022-04-27 12:00:00+02:00,46.209999084472656,46.31999969482422,45.95000076293945,46.0,41911,0.0,0.0,2022-04-27
1760,2022-04-27 13:00:00+02:00,46.0099983215332,46.02000045776367,45.869998931884766,45.939998626708984,14175,0.0,0.0,2022-04-27
1761,2022-04-27 14:00:00+02:00,45.959999084472656,46.02000045776367,45.939998626708984,45.9900016784668,11960,0.0,0.0,2022-04-27
1762,2022-04-27 15:00:00+02:00,46.0,46.08000183105469,45.83000183105469,45.970001220703125,36353,0.0,0.0,2022-04-27
1763,2022-04-27 16:00:00+02:00,46.0,46.0099983215332,45.709999084472656,45.900001525878906,25323,0.0,0.0,2022-04-27
1764,2022-04-27 17:00:00+02:00,45.900001525878906,45.959999084472656,45.7599983215332,45.7599983215332,140847,0.0,0.0,2022-04-27
1765,2022-04-28 09:00:00+02:00,46.0,46.43000030517578,45.88999938964844,46.209999084472656,0,0.0,0.0,2022-04-28
1766,2022-04-28 10:00:00+02:00,46.22999954223633,46.5099983215332,46.189998626708984,46.36000061035156,9830,0.0,0.0,2022-04-28
1767,2022-04-28 11:00:00+02:00,46.36000061035156,46.380001068115234,46.13999938964844,46.25,16925,0.0,0.0,2022-04-28
1768,2022-04-28 12:00:00+02:00,46.2400016784668,46.25,45.970001220703125,46.040000915527344,12472,0.0,0.0,2022-04-28
1769,2022-04-28 13:00:00+02:00,46.060001373291016,46.25,46.060001373291016,46.09000015258789,6618,0.0,0.0,2022-04-28
1770,2022-04-28 14:00:00+02:00,46.08000183105469,46.20000076293945,45.869998931884766,45.900001525878906,12894,0.0,0.0,2022-04-28
1771,2022-04-28 15:00:00+02:00,45.91999816894531,45.97999954223633,45.45000076293945,45.459999084472656,42855,0.0,0.0,2022-04-28
1772,2022-04-28 16:00:00+02:00,45.459999084472656,45.630001068115234,45.369998931884766,45.630001068115234,44921,0.0,0.0,2022-04-28
1773,2022-04-28 17:00:00+02:00,45.63999938964844,45.84000015258789,45.63999938964844,45.84000015258789,167230,0.0,0.0,2022-04-28
1774,2022-04-29 09:00:00+02:00,46.040000915527344,46.369998931884766,45.9900016784668,46.31999969482422,0,0.0,0.0,2022-04-29
1775,2022-04-29 10:00:00+02:00,46.29999923706055,46.5,46.29999923706055,46.400001525878906,11530,0.0,0.0,2022-04-29
1776,2022-04-29 11:00:00+02:00,46.369998931884766,46.4900016784668,46.33000183105469,46.400001525878906,8822,0.0,0.0,2022-04-29
1777,2022-04-29 12:00:00+02:00,46.380001068115234,46.40999984741211,45.91999816894531,45.939998626708984,30351,0.0,0.0,2022-04-29
1778,2022-04-29 13:00:00+02:00,46.0099983215332,46.040000915527344,45.95000076293945,46.0099983215332,4422,0.0,0.0,2022-04-29
1779,2022-04-29 14:00:00+02:00,46.0099983215332,46.119998931884766,45.959999084472656,46.040000915527344,7443,0.0,0.0,2022-04-29
1780,2022-04-29 15:00:00+02:00,46.029998779296875,46.040000915527344,45.77000045776367,45.95000076293945,24974,0.0,0.0,2022-04-29
1781,2022-04-29 16:00:00+02:00,45.939998626708984,45.9900016784668,45.779998779296875,45.88999938964844,13308,0.0,0.0,2022-04-29
1782,2022-04-29 17:00:00+02:00,45.88999938964844,45.97999954223633,45.77000045776367,45.880001068115234,156068,0.0,0.0,2022-04-29
1783,2022-05-02 09:00:00+02:00,45.810001373291016,45.810001373291016,43.029998779296875,43.27000045776367,0,0.0,0.0,2022-05-02
1784,2022-05-02 10:00:00+02:00,43.18000030517578,45.060001373291016,42.900001525878906,44.970001220703125,77880,0.0,0.0,2022-05-02
1785,2022-05-02 11:00:00+02:00,45.040000915527344,45.470001220703125,44.970001220703125,45.45000076293945,20370,0.0,0.0,2022-05-02
1786,2022-05-02 12:00:00+02:00,45.41999816894531,45.52000045776367,45.2599983215332,45.459999084472656,70023,0.0,0.0,2022-05-02
1787,2022-05-02 13:00:00+02:00,45.459999084472656,45.459999084472656,44.849998474121094,44.849998474121094,43035,0.0,0.0,2022-05-02
1788,2022-05-02 14:00:00+02:00,44.849998474121094,45.040000915527344,44.849998474121094,45.029998779296875,11127,0.0,0.0,2022-05-02
1789,2022-05-02 15:00:00+02:00,45.0099983215332,45.11000061035156,44.720001220703125,44.88999938964844,25358,0.0,0.0,2022-05-02
1790,2022-05-02 16:00:00+02:00,44.869998931884766,44.95000076293945,44.619998931884766,44.70000076293945,75926,0.0,0.0,2022-05-02
1791,2022-05-02 17:00:00+02:00,44.689998626708984,45.0,44.59000015258789,44.91999816894531,114136,0.0,0.0,2022-05-02
1792,2022-05-03 09:00:00+02:00,45.16999816894531,46.099998474121094,45.16999816894531,46.0099983215332,0,0.0,0.0,2022-05-03
1793,2022-05-03 10:00:00+02:00,46.0099983215332,46.33000183105469,45.75,45.88999938964844,36763,0.0,0.0,2022-05-03
1794,2022-05-03 11:00:00+02:00,45.869998931884766,46.0099983215332,45.689998626708984,45.7599983215332,35520,0.0,0.0,2022-05-03
1795,2022-05-03 12:00:00+02:00,45.7599983215332,45.790000915527344,45.529998779296875,45.619998931884766,12336,0.0,0.0,2022-05-03
1796,2022-05-03 13:00:00+02:00,45.619998931884766,45.900001525878906,45.58000183105469,45.849998474121094,13196,0.0,0.0,2022-05-03
1797,2022-05-03 14:00:00+02:00,45.880001068115234,46.0,45.79999923706055,45.900001525878906,39561,0.0,0.0,2022-05-03
1798,2022-05-03 15:00:00+02:00,45.90999984741211,45.91999816894531,45.7400016784668,45.790000915527344,36911,0.0,0.0,2022-05-03
1799,2022-05-03 16:00:00+02:00,45.79999923706055,45.95000076293945,45.7599983215332,45.84000015258789,27850,0.0,0.0,2022-05-03
1800,2022-05-03 17:00:00+02:00,45.86000061035156,46.029998779296875,45.83000183105469,45.88999938964844,151574,0.0,0.0,2022-05-03
1801,2022-05-04 09:00:00+02:00,45.970001220703125,46.2400016784668,45.599998474121094,45.84000015258789,0,0.0,0.0,2022-05-04
1802,2022-05-04 10:00:00+02:00,45.849998474121094,45.939998626708984,45.7599983215332,45.880001068115234,16911,0.0,0.0,2022-05-04
1803,2022-05-04 11:00:00+02:00,45.880001068115234,45.970001220703125,45.619998931884766,45.970001220703125,5073,0.0,0.0,2022-05-04
1804,2022-05-04 12:00:00+02:00,45.97999954223633,46.099998474121094,45.970001220703125,46.08000183105469,6532,0.0,0.0,2022-05-04
1805,2022-05-04 13:00:00+02:00,46.09000015258789,46.150001525878906,45.84000015258789,45.86000061035156,24429,0.0,0.0,2022-05-04
1806,2022-05-04 14:00:00+02:00,45.86000061035156,46.0099983215332,45.779998779296875,45.900001525878906,17955,0.0,0.0,2022-05-04
1807,2022-05-04 15:00:00+02:00,45.88999938964844,46.2400016784668,45.869998931884766,46.15999984741211,42272,0.0,0.0,2022-05-04
1808,2022-05-04 16:00:00+02:00,46.15999984741211,46.22999954223633,45.880001068115234,45.90999984741211,25885,0.0,0.0,2022-05-04
1809,2022-05-04 17:00:00+02:00,45.900001525878906,45.9900016784668,45.900001525878906,45.9900016784668,117903,0.0,0.0,2022-05-04
1810,2022-05-05 09:00:00+02:00,46.439998626708984,46.59000015258789,45.56999969482422,45.630001068115234,0,0.0,0.0,2022-05-05
1811,2022-05-05 10:00:00+02:00,45.619998931884766,45.65999984741211,45.13999938964844,45.20000076293945,27458,0.0,0.0,2022-05-05
1812,2022-05-05 11:00:00+02:00,45.20000076293945,45.2599983215332,44.849998474121094,44.869998931884766,41100,0.0,0.0,2022-05-05
1813,2022-05-05 12:00:00+02:00,44.880001068115234,45.02000045776367,44.560001373291016,44.880001068115234,81109,0.0,0.0,2022-05-05
1814,2022-05-05 13:00:00+02:00,44.88999938964844,45.0099983215332,44.81999969482422,44.97999954223633,14447,0.0,0.0,2022-05-05
1815,2022-05-05 14:00:00+02:00,44.9900016784668,45.130001068115234,44.810001373291016,44.91999816894531,25875,0.0,0.0,2022-05-05
1816,2022-05-05 15:00:00+02:00,44.91999816894531,44.970001220703125,44.7599983215332,44.779998779296875,28227,0.0,0.0,2022-05-05
1817,2022-05-05 16:00:00+02:00,44.779998779296875,44.869998931884766,44.619998931884766,44.72999954223633,36739,0.0,0.0,2022-05-05
1818,2022-05-05 17:00:00+02:00,44.72999954223633,44.79999923706055,44.439998626708984,44.439998626708984,155529,0.0,0.0,2022-05-05
1819,2022-05-06 09:00:00+02:00,44.29999923706055,44.54999923706055,43.81999969482422,44.06999969482422,0,0.0,0.0,2022-05-06
1820,2022-05-06 10:00:00+02:00,44.06999969482422,44.18000030517578,43.869998931884766,43.90999984741211,19306,0.0,0.0,2022-05-06
1821,2022-05-06 11:00:00+02:00,43.91999816894531,44.43000030517578,43.83000183105469,44.43000030517578,24823,0.0,0.0,2022-05-06
1822,2022-05-06 12:00:00+02:00,44.40999984741211,44.40999984741211,44.2400016784668,44.310001373291016,10829,0.0,0.0,2022-05-06
1823,2022-05-06 13:00:00+02:00,44.33000183105469,44.400001525878906,44.09000015258789,44.099998474121094,7586,0.0,0.0,2022-05-06
1824,2022-05-06 14:00:00+02:00,44.099998474121094,44.459999084472656,44.08000183105469,44.31999969482422,5641,0.0,0.0,2022-05-06
1825,2022-05-06 15:00:00+02:00,44.31999969482422,44.31999969482422,44.029998779296875,44.08000183105469,13429,0.0,0.0,2022-05-06
1826,2022-05-06 16:00:00+02:00,44.060001373291016,44.349998474121094,43.9900016784668,44.349998474121094,52684,0.0,0.0,2022-05-06
1827,2022-05-06 17:00:00+02:00,44.34000015258789,44.349998474121094,44.0,44.0,159446,0.0,0.0,2022-05-06
1828,2022-05-09 09:00:00+02:00,43.900001525878906,44.13999938964844,43.75,43.970001220703125,0,0.0,0.0,2022-05-09
1829,2022-05-09 10:00:00+02:00,43.86000061035156,43.880001068115234,43.43000030517578,43.63999938964844,10944,0.0,0.0,2022-05-09
1830,2022-05-09 11:00:00+02:00,43.619998931884766,43.66999816894531,43.5,43.59000015258789,12744,0.0,0.0,2022-05-09
1831,2022-05-09 12:00:00+02:00,43.61000061035156,43.68000030517578,43.47999954223633,43.5099983215332,14106,0.0,0.0,2022-05-09
1832,2022-05-09 13:00:00+02:00,43.540000915527344,43.810001373291016,43.52000045776367,43.709999084472656,11584,0.0,0.0,2022-05-09
1833,2022-05-09 14:00:00+02:00,43.68000030517578,43.81999969482422,43.619998931884766,43.75,25373,0.0,0.0,2022-05-09
1834,2022-05-09 15:00:00+02:00,43.75,43.900001525878906,43.650001525878906,43.77000045776367,24789,0.0,0.0,2022-05-09
1835,2022-05-09 16:00:00+02:00,43.779998779296875,43.91999816894531,43.5,43.5099983215332,42089,0.0,0.0,2022-05-09
1836,2022-05-09 17:00:00+02:00,43.5,43.5,43.29999923706055,43.310001373291016,227556,0.0,0.0,2022-05-09
1837,2022-05-10 09:00:00+02:00,43.599998474121094,44.13999938964844,43.599998474121094,43.83000183105469,0,0.0,0.0,2022-05-10
1838,2022-05-10 10:00:00+02:00,43.84000015258789,44.13999938964844,43.70000076293945,44.04999923706055,14803,0.0,0.0,2022-05-10
1839,2022-05-10 11:00:00+02:00,44.04999923706055,44.2599983215332,43.849998474121094,43.849998474121094,22018,0.0,0.0,2022-05-10
1840,2022-05-10 12:00:00+02:00,43.849998474121094,44.06999969482422,43.81999969482422,43.97999954223633,13234,0.0,0.0,2022-05-10
1841,2022-05-10 13:00:00+02:00,43.9900016784668,44.06999969482422,43.84000015258789,43.869998931884766,27961,0.0,0.0,2022-05-10
1842,2022-05-10 14:00:00+02:00,43.849998474121094,44.11000061035156,43.849998474121094,44.11000061035156,19188,0.0,0.0,2022-05-10
1843,2022-05-10 15:00:00+02:00,44.11000061035156,44.470001220703125,44.08000183105469,44.470001220703125,23979,0.0,0.0,2022-05-10
1844,2022-05-10 16:00:00+02:00,44.459999084472656,44.459999084472656,43.849998474121094,43.93000030517578,28490,0.0,0.0,2022-05-10
1845,2022-05-10 17:00:00+02:00,43.91999816894531,43.970001220703125,43.75,43.77000045776367,213485,0.0,0.0,2022-05-10
1846,2022-05-11 09:00:00+02:00,43.70000076293945,43.7599983215332,42.810001373291016,43.72999954223633,0,0.0,0.0,2022-05-11
1847,2022-05-11 10:00:00+02:00,43.720001220703125,44.4900016784668,43.65999984741211,44.40999984741211,28441,0.0,0.0,2022-05-11
1848,2022-05-11 11:00:00+02:00,44.380001068115234,44.43000030517578,44.06999969482422,44.13999938964844,10554,0.0,0.0,2022-05-11
1849,2022-05-11 12:00:00+02:00,44.130001068115234,44.16999816894531,43.88999938964844,43.970001220703125,10436,0.0,0.0,2022-05-11
1850,2022-05-11 13:00:00+02:00,43.93000030517578,44.15999984741211,43.7599983215332,44.099998474121094,11784,0.0,0.0,2022-05-11
1851,2022-05-11 14:00:00+02:00,44.060001373291016,44.06999969482422,43.36000061035156,43.40999984741211,26851,0.0,0.0,2022-05-11
1852,2022-05-11 15:00:00+02:00,43.41999816894531,43.75,43.40999984741211,43.599998474121094,39671,0.0,0.0,2022-05-11
1853,2022-05-11 16:00:00+02:00,43.599998474121094,44.08000183105469,43.56999969482422,43.81999969482422,73854,0.0,0.0,2022-05-11
1854,2022-05-11 17:00:00+02:00,43.84000015258789,44.029998779296875,43.84000015258789,44.029998779296875,184559,0.0,0.0,2022-05-11
1855,2022-05-12 09:00:00+02:00,44.09000015258789,44.380001068115234,43.90999984741211,43.959999084472656,0,0.0,0.0,2022-05-12
1856,2022-05-12 10:00:00+02:00,43.959999084472656,44.060001373291016,43.58000183105469,44.02000045776367,50164,0.0,0.0,2022-05-12
1857,2022-05-12 11:00:00+02:00,44.0,44.209999084472656,43.7400016784668,43.779998779296875,57998,0.0,0.0,2022-05-12
1858,2022-05-12 12:00:00+02:00,43.79999923706055,44.0,43.43000030517578,43.93000030517578,44295,0.0,0.0,2022-05-12
1859,2022-05-12 13:00:00+02:00,43.959999084472656,44.0,43.810001373291016,43.81999969482422,12459,0.0,0.0,2022-05-12
1860,2022-05-12 14:00:00+02:00,43.810001373291016,43.90999984741211,43.7599983215332,43.880001068115234,13279,0.0,0.0,2022-05-12
1861,2022-05-12 15:00:00+02:00,43.869998931884766,44.16999816894531,43.81999969482422,43.9900016784668,40405,0.0,0.0,2022-05-12
1862,2022-05-12 16:00:00+02:00,43.959999084472656,44.2400016784668,43.93000030517578,44.060001373291016,70045,0.0,0.0,2022-05-12
1863,2022-05-12 17:00:00+02:00,44.04999923706055,44.18000030517578,43.95000076293945,44.09000015258789,209687,0.0,0.0,2022-05-12
1864,2022-05-13 09:00:00+02:00,44.22999954223633,44.66999816894531,43.97999954223633,44.2400016784668,0,0.0,0.0,2022-05-13
1865,2022-05-13 10:00:00+02:00,44.2400016784668,44.27000045776367,44.02000045776367,44.13999938964844,18408,0.0,0.0,2022-05-13
1866,2022-05-13 11:00:00+02:00,44.119998931884766,44.119998931884766,43.619998931884766,43.68000030517578,13596,0.0,0.0,2022-05-13
1867,2022-05-13 12:00:00+02:00,43.689998626708984,43.95000076293945,43.66999816894531,43.95000076293945,21970,0.0,0.0,2022-05-13
1868,2022-05-13 13:00:00+02:00,43.93000030517578,43.939998626708984,43.7400016784668,43.7400016784668,12641,0.0,0.0,2022-05-13
1869,2022-05-13 14:00:00+02:00,43.7400016784668,43.849998474121094,43.70000076293945,43.779998779296875,21636,0.0,0.0,2022-05-13
1870,2022-05-13 15:00:00+02:00,43.7599983215332,43.84000015258789,43.650001525878906,43.810001373291016,27964,0.0,0.0,2022-05-13
1871,2022-05-13 16:00:00+02:00,43.81999969482422,44.099998474121094,43.79999923706055,43.939998626708984,36971,0.0,0.0,2022-05-13
1872,2022-05-13 17:00:00+02:00,43.939998626708984,44.02000045776367,43.90999984741211,43.970001220703125,140640,0.0,0.0,2022-05-13
1873,2022-05-16 09:00:00+02:00,43.900001525878906,44.189998626708984,43.54999923706055,44.11000061035156,0,0.0,0.0,2022-05-16
1874,2022-05-16 10:00:00+02:00,44.209999084472656,44.560001373291016,44.13999938964844,44.52000045776367,19009,0.0,0.0,2022-05-16
1875,2022-05-16 11:00:00+02:00,44.529998779296875,44.599998474121094,44.41999816894531,44.43000030517578,10611,0.0,0.0,2022-05-16
1876,2022-05-16 12:00:00+02:00,44.43000030517578,44.5,44.36000061035156,44.470001220703125,7716,0.0,0.0,2022-05-16
1877,2022-05-16 13:00:00+02:00,44.45000076293945,44.54999923706055,44.34000015258789,44.43000030517578,15264,0.0,0.0,2022-05-16
1878,2022-05-16 14:00:00+02:00,44.439998626708984,44.540000915527344,44.41999816894531,44.540000915527344,14179,0.0,0.0,2022-05-16
1879,2022-05-16 15:00:00+02:00,44.560001373291016,44.560001373291016,44.189998626708984,44.33000183105469,23792,0.0,0.0,2022-05-16
1880,2022-05-16 16:00:00+02:00,44.31999969482422,44.459999084472656,44.22999954223633,44.40999984741211,17707,0.0,0.0,2022-05-16
1881,2022-05-16 17:00:00+02:00,44.41999816894531,44.4900016784668,44.400001525878906,44.4900016784668,141076,0.0,0.0,2022-05-16
1882,2022-05-17 09:00:00+02:00,44.61000061035156,45.02000045776367,44.560001373291016,44.79999923706055,0,0.0,0.0,2022-05-17
1883,2022-05-17 10:00:00+02:00,44.81999969482422,45.130001068115234,44.790000915527344,44.970001220703125,9991,0.0,0.0,2022-05-17
1884,2022-05-17 11:00:00+02:00,44.959999084472656,44.97999954223633,44.58000183105469,44.97999954223633,18888,0.0,0.0,2022-05-17
1885,2022-05-17 12:00:00+02:00,45.0,45.0,44.77000045776367,44.81999969482422,13128,0.0,0.0,2022-05-17
1886,2022-05-17 13:00:00+02:00,44.84000015258789,44.880001068115234,44.779998779296875,44.849998474121094,6422,0.0,0.0,2022-05-17
1887,2022-05-17 14:00:00+02:00,44.84000015258789,44.959999084472656,44.83000183105469,44.88999938964844,17261,0.0,0.0,2022-05-17
1888,2022-05-17 15:00:00+02:00,44.91999816894531,45.0099983215332,44.689998626708984,44.790000915527344,21100,0.0,0.0,2022-05-17
1889,2022-05-17 16:00:00+02:00,44.810001373291016,44.959999084472656,44.7599983215332,44.84000015258789,18645,0.0,0.0,2022-05-17
1890,2022-05-17 17:00:00+02:00,44.84000015258789,44.90999984741211,44.7400016784668,44.90999984741211,111845,0.0,0.0,2022-05-17
1891,2022-05-18 09:00:00+02:00,45.0099983215332,45.189998626708984,44.70000076293945,44.97999954223633,0,0.0,0.0,2022-05-18
1892,2022-05-18 10:00:00+02:00,45.0,45.06999969482422,44.90999984741211,45.02000045776367,23389,0.0,0.0,2022-05-18
1893,2022-05-18 11:00:00+02:00,45.0099983215332,45.150001525878906,44.97999954223633,45.150001525878906,6744,0.0,0.0,2022-05-18
1894,2022-05-18 12:00:00+02:00,45.13999938964844,45.310001373291016,45.13999938964844,45.29999923706055,9402,0.0,0.0,2022-05-18
1895,2022-05-18 13:00:00+02:00,45.31999969482422,45.47999954223633,45.220001220703125,45.34000015258789,20733,0.0,0.0,2022-05-18
1896,2022-05-18 14:00:00+02:00,45.33000183105469,45.33000183105469,45.209999084472656,45.27000045776367,18080,0.0,0.0,2022-05-18
1897,2022-05-18 15:00:00+02:00,45.27000045776367,45.310001373291016,45.02000045776367,45.040000915527344,25567,0.0,0.0,2022-05-18
1898,2022-05-18 16:00:00+02:00,45.02000045776367,45.150001525878906,44.959999084472656,45.13999938964844,27407,0.0,0.0,2022-05-18
1899,2022-05-18 17:00:00+02:00,45.130001068115234,45.130001068115234,44.9900016784668,45.11000061035156,154566,0.0,0.0,2022-05-18
1900,2022-05-19 09:00:00+02:00,44.810001373291016,44.91999816894531,44.15999984741211,44.16999816894531,0,0.0,0.0,2022-05-19
1901,2022-05-19 10:00:00+02:00,44.16999816894531,44.2400016784668,43.900001525878906,43.900001525878906,35369,0.0,0.0,2022-05-19
1902,2022-05-19 11:00:00+02:00,43.880001068115234,43.880001068115234,43.720001220703125,43.77000045776367,19795,0.0,0.0,2022-05-19
1903,2022-05-19 12:00:00+02:00,43.75,43.970001220703125,43.66999816894531,43.93000030517578,9755,0.0,0.0,2022-05-19
1904,2022-05-19 13:00:00+02:00,43.95000076293945,44.060001373291016,43.849998474121094,44.060001373291016,11231,0.0,0.0,2022-05-19
1905,2022-05-19 14:00:00+02:00,44.04999923706055,44.04999923706055,43.81999969482422,43.86000061035156,14355,0.0,0.0,2022-05-19
1906,2022-05-19 15:00:00+02:00,43.86000061035156,44.09000015258789,43.83000183105469,43.970001220703125,18069,0.0,0.0,2022-05-19
1907,2022-05-19 16:00:00+02:00,43.970001220703125,44.09000015258789,43.810001373291016,43.90999984741211,33973,0.0,0.0,2022-05-19
1908,2022-05-19 17:00:00+02:00,43.93000030517578,43.939998626708984,43.75,43.779998779296875,192887,0.0,0.0,2022-05-19
1909,2022-05-20 09:00:00+02:00,44.22999954223633,44.72999954223633,44.150001525878906,44.689998626708984,0,0.0,0.0,2022-05-20
1910,2022-05-20 10:00:00+02:00,44.619998931884766,44.869998931884766,44.61000061035156,44.720001220703125,40157,0.0,0.0,2022-05-20
1911,2022-05-20 11:00:00+02:00,44.720001220703125,44.79999923706055,44.61000061035156,44.65999984741211,11460,0.0,0.0,2022-05-20
1912,2022-05-20 12:00:00+02:00,44.59000015258789,44.599998474121094,44.43000030517578,44.5,9459,0.0,0.0,2022-05-20
1913,2022-05-20 13:00:00+02:00,44.5099983215332,44.5099983215332,44.400001525878906,44.439998626708984,6798,0.0,0.0,2022-05-20
1914,2022-05-20 14:00:00+02:00,44.45000076293945,44.47999954223633,44.130001068115234,44.20000076293945,35578,0.0,0.0,2022-05-20
1915,2022-05-20 15:00:00+02:00,44.20000076293945,44.400001525878906,44.189998626708984,44.31999969482422,13416,0.0,0.0,2022-05-20
1916,2022-05-20 16:00:00+02:00,44.34000015258789,44.349998474121094,43.81999969482422,43.84000015258789,32536,0.0,0.0,2022-05-20
1917,2022-05-20 17:00:00+02:00,43.86000061035156,43.869998931884766,43.720001220703125,43.7400016784668,183231,0.0,0.0,2022-05-20
1918,2022-05-23 09:00:00+02:00,44.599998474121094,44.720001220703125,44.36000061035156,44.59000015258789,0,0.0,0.0,2022-05-23
1919,2022-05-23 10:00:00+02:00,44.61000061035156,44.70000076293945,44.349998474121094,44.540000915527344,21825,0.0,0.0,2022-05-23
1920,2022-05-23 11:00:00+02:00,44.529998779296875,44.560001373291016,44.41999816894531,44.47999954223633,14037,0.0,0.0,2022-05-23
1921,2022-05-23 12:00:00+02:00,44.4900016784668,44.7599983215332,44.439998626708984,44.689998626708984,11917,0.0,0.0,2022-05-23
1922,2022-05-23 13:00:00+02:00,44.68000030517578,44.689998626708984,44.540000915527344,44.63999938964844,11576,0.0,0.0,2022-05-23
1923,2022-05-23 14:00:00+02:00,44.68000030517578,44.790000915527344,44.65999984741211,44.65999984741211,9055,0.0,0.0,2022-05-23
1924,2022-05-23 15:00:00+02:00,44.650001525878906,44.77000045776367,44.56999969482422,44.599998474121094,18356,0.0,0.0,2022-05-23
1925,2022-05-23 16:00:00+02:00,44.599998474121094,44.86000061035156,44.52000045776367,44.849998474121094,15856,0.0,0.0,2022-05-23
1926,2022-05-23 17:00:00+02:00,44.849998474121094,45.040000915527344,44.83000183105469,44.83000183105469,146833,0.0,0.0,2022-05-23
1927,2022-05-24 09:00:00+02:00,44.5099983215332,45.099998474121094,44.5099983215332,44.939998626708984,0,0.0,0.0,2022-05-24
1928,2022-05-24 10:00:00+02:00,44.939998626708984,45.5099983215332,44.93000030517578,45.5099983215332,30136,0.0,0.0,2022-05-24
1929,2022-05-24 11:00:00+02:00,45.5099983215332,45.70000076293945,45.349998474121094,45.599998474121094,30626,0.0,0.0,2022-05-24
1930,2022-05-24 12:00:00+02:00,45.58000183105469,45.790000915527344,45.540000915527344,45.790000915527344,25771,0.0,0.0,2022-05-24
1931,2022-05-24 13:00:00+02:00,45.79999923706055,45.900001525878906,45.68000030517578,45.88999938964844,21502,0.0,0.0,2022-05-24
1932,2022-05-24 14:00:00+02:00,45.88999938964844,46.0,45.88999938964844,45.91999816894531,17757,0.0,0.0,2022-05-24
1933,2022-05-24 15:00:00+02:00,45.90999984741211,45.91999816894531,45.56999969482422,45.70000076293945,33431,0.0,0.0,2022-05-24
1934,2022-05-24 16:00:00+02:00,45.709999084472656,45.709999084472656,45.36000061035156,45.599998474121094,25291,0.0,0.0,2022-05-24
1935,2022-05-24 17:00:00+02:00,45.59000015258789,45.709999084472656,45.540000915527344,45.540000915527344,163864,0.0,0.0,2022-05-24
1936,2022-05-25 09:00:00+02:00,45.9900016784668,46.18000030517578,45.79999923706055,45.869998931884766,0,0.0,0.0,2022-05-25
1937,2022-05-25 10:00:00+02:00,45.790000915527344,45.790000915527344,45.220001220703125,45.220001220703125,11441,0.0,0.0,2022-05-25
1938,2022-05-25 11:00:00+02:00,45.209999084472656,45.380001068115234,45.16999816894531,45.290000915527344,7382,0.0,0.0,2022-05-25
1939,2022-05-25 12:00:00+02:00,45.279998779296875,45.459999084472656,45.02000045776367,45.02000045776367,21265,0.0,0.0,2022-05-25
1940,2022-05-25 13:00:00+02:00,45.0099983215332,45.06999969482422,44.869998931884766,45.0,14540,0.0,0.0,2022-05-25
1941,2022-05-25 14:00:00+02:00,45.0,45.279998779296875,44.97999954223633,45.209999084472656,18814,0.0,0.0,2022-05-25
1942,2022-05-25 15:00:00+02:00,45.209999084472656,45.5099983215332,45.13999938964844,45.459999084472656,24058,0.0,0.0,2022-05-25
1943,2022-05-25 16:00:00+02:00,45.45000076293945,45.58000183105469,45.38999938964844,45.52000045776367,31643,0.0,0.0,2022-05-25
1944,2022-05-25 17:00:00+02:00,45.5099983215332,45.529998779296875,45.470001220703125,45.47999954223633,122142,0.0,0.0,2022-05-25
1945,2022-05-26 09:00:00+02:00,45.599998474121094,45.75,45.380001068115234,45.54999923706055,0,0.0,0.0,2022-05-26
1946,2022-05-26 10:00:00+02:00,45.54999923706055,45.63999938964844,45.52000045776367,45.58000183105469,8544,0.0,0.0,2022-05-26
1947,2022-05-26 11:00:00+02:00,45.560001373291016,45.70000076293945,45.529998779296875,45.63999938964844,5303,0.0,0.0,2022-05-26
1948,2022-05-26 12:00:00+02:00,45.650001525878906,45.72999954223633,45.650001525878906,45.689998626708984,5385,0.0,0.0,2022-05-26
1949,2022-05-26 13:00:00+02:00,45.70000076293945,45.79999923706055,45.65999984741211,45.709999084472656,4041,0.0,0.0,2022-05-26
1950,2022-05-26 14:00:00+02:00,45.68000030517578,45.75,45.56999969482422,45.689998626708984,11864,0.0,0.0,2022-05-26
1951,2022-05-26 15:00:00+02:00,45.66999816894531,45.939998626708984,45.65999984741211,45.91999816894531,16244,0.0,0.0,2022-05-26
1952,2022-05-26 16:00:00+02:00,45.93000030517578,45.959999084472656,45.77000045776367,45.84000015258789,31155,0.0,0.0,2022-05-26
1953,2022-05-26 17:00:00+02:00,45.83000183105469,45.86000061035156,45.7599983215332,45.7599983215332,129116,0.0,0.0,2022-05-26
1954,2022-05-27 09:00:00+02:00,45.7400016784668,45.90999984741211,45.4900016784668,45.77000045776367,0,0.0,0.0,2022-05-27
1955,2022-05-27 10:00:00+02:00,45.72999954223633,45.959999084472656,45.58000183105469,45.650001525878906,62227,0.0,0.0,2022-05-27
1956,2022-05-27 11:00:00+02:00,45.66999816894531,45.810001373291016,45.630001068115234,45.72999954223633,31253,0.0,0.0,2022-05-27
1957,2022-05-27 12:00:00+02:00,45.720001220703125,45.939998626708984,45.720001220703125,45.939998626708984,9513,0.0,0.0,2022-05-27
1958,2022-05-27 13:00:00+02:00,45.939998626708984,46.0,45.880001068115234,46.0,13384,0.0,0.0,2022-05-27
1959,2022-05-27 14:00:00+02:00,46.0099983215332,46.16999816894531,45.900001525878906,46.150001525878906,15263,0.0,0.0,2022-05-27
1960,2022-05-27 15:00:00+02:00,46.13999938964844,46.22999954223633,46.060001373291016,46.150001525878906,16154,0.0,0.0,2022-05-27
1961,2022-05-27 16:00:00+02:00,46.150001525878906,46.18000030517578,46.02000045776367,46.06999969482422,12316,0.0,0.0,2022-05-27
1962,2022-05-27 17:00:00+02:00,46.08000183105469,46.619998931884766,46.08000183105469,46.619998931884766,184374,0.0,0.0,2022-05-27
1963,2022-05-30 09:00:00+02:00,46.869998931884766,47.02000045776367,46.689998626708984,46.79999923706055,0,0.0,0.0,2022-05-30
1964,2022-05-30 10:00:00+02:00,46.79999923706055,46.900001525878906,46.599998474121094,46.88999938964844,31765,0.0,0.0,2022-05-30
1965,2022-05-30 11:00:00+02:00,46.91999816894531,47.16999816894531,46.810001373291016,46.849998474121094,54976,0.0,0.0,2022-05-30
1966,2022-05-30 12:00:00+02:00,46.86000061035156,47.040000915527344,46.849998474121094,46.93000030517578,10670,0.0,0.0,2022-05-30
1967,2022-05-30 13:00:00+02:00,46.91999816894531,47.08000183105469,46.83000183105469,47.08000183105469,19667,0.0,0.0,2022-05-30
1968,2022-05-30 14:00:00+02:00,47.06999969482422,47.09000015258789,46.959999084472656,47.08000183105469,15438,0.0,0.0,2022-05-30
1969,2022-05-30 15:00:00+02:00,47.08000183105469,47.15999984741211,46.959999084472656,47.08000183105469,21864,0.0,0.0,2022-05-30
1970,2022-05-30 16:00:00+02:00,47.08000183105469,47.33000183105469,47.08000183105469,47.31999969482422,39735,0.0,0.0,2022-05-30
1971,2022-05-30 17:00:00+02:00,47.310001373291016,47.349998474121094,47.060001373291016,47.13999938964844,178088,0.0,0.0,2022-05-30
1972,2022-05-31 09:00:00+02:00,47.13999938964844,47.52000045776367,47.0099983215332,47.22999954223633,0,0.0,0.0,2022-05-31
1973,2022-05-31 10:00:00+02:00,47.25,47.47999954223633,47.18000030517578,47.220001220703125,42824,0.0,0.0,2022-05-31
1974,2022-05-31 11:00:00+02:00,47.209999084472656,47.209999084472656,46.689998626708984,46.84000015258789,70154,0.0,0.0,2022-05-31
1975,2022-05-31 12:00:00+02:00,46.849998474121094,46.939998626708984,46.599998474121094,46.66999816894531,43788,0.0,0.0,2022-05-31
1976,2022-05-31 13:00:00+02:00,46.65999984741211,46.66999816894531,46.5099983215332,46.619998931884766,13910,0.0,0.0,2022-05-31
1977,2022-05-31 14:00:00+02:00,46.630001068115234,46.709999084472656,46.52000045776367,46.540000915527344,29388,0.0,0.0,2022-05-31
1978,2022-05-31 15:00:00+02:00,46.540000915527344,46.849998474121094,46.540000915527344,46.75,30814,0.0,0.0,2022-05-31
1979,2022-05-31 16:00:00+02:00,46.7599983215332,46.869998931884766,46.619998931884766,46.70000076293945,37172,0.0,0.0,2022-05-31
1980,2022-05-31 17:00:00+02:00,46.70000076293945,46.88999938964844,46.689998626708984,46.88999938964844,1141824,0.0,0.0,2022-05-31
1981,2022-06-01 09:00:00+02:00,44.540000915527344,44.58000183105469,43.90999984741211,43.91999816894531,0,0.0,0.0,2022-06-01
1982,2022-06-01 10:00:00+02:00,43.93000030517578,43.959999084472656,43.70000076293945,43.790000915527344,50616,0.0,0.0,2022-06-01
1983,2022-06-01 11:00:00+02:00,43.79999923706055,43.88999938964844,43.709999084472656,43.709999084472656,26738,0.0,0.0,2022-06-01
1984,2022-06-01 12:00:00+02:00,43.709999084472656,43.709999084472656,43.38999938964844,43.5,30297,0.0,0.0,2022-06-01
1985,2022-06-01 13:00:00+02:00,43.47999954223633,43.66999816894531,43.45000076293945,43.66999816894531,22107,0.0,0.0,2022-06-01
1986,2022-06-01 14:00:00+02:00,43.68000030517578,43.75,43.619998931884766,43.63999938964844,21877,0.0,0.0,2022-06-01
1987,2022-06-01 15:00:00+02:00,43.630001068115234,43.66999816894531,43.38999938964844,43.41999816894531,40190,0.0,0.0,2022-06-01
1988,2022-06-01 16:00:00+02:00,43.41999816894531,43.4900016784668,42.970001220703125,43.099998474121094,63817,0.0,0.0,2022-06-01
1989,2022-06-01 17:00:00+02:00,43.099998474121094,43.209999084472656,42.95000076293945,42.95000076293945,217999,0.0,0.0,2022-06-01
1990,2022-06-02 09:00:00+02:00,43.2400016784668,43.349998474121094,42.779998779296875,42.779998779296875,0,0.0,0.0,2022-06-02
1991,2022-06-02 10:00:00+02:00,42.7599983215332,43.150001525878906,42.7599983215332,42.97999954223633,21186,0.0,0.0,2022-06-02
1992,2022-06-02 11:00:00+02:00,42.9900016784668,43.09000015258789,42.9900016784668,43.09000015258789,19099,0.0,0.0,2022-06-02
1993,2022-06-02 12:00:00+02:00,43.099998474121094,43.29999923706055,43.06999969482422,43.279998779296875,10321,0.0,0.0,2022-06-02
1994,2022-06-02 13:00:00+02:00,43.279998779296875,43.4900016784668,43.20000076293945,43.439998626708984,10737,0.0,0.0,2022-06-02
1995,2022-06-02 14:00:00+02:00,43.459999084472656,43.790000915527344,43.439998626708984,43.54999923706055,22759,0.0,0.0,2022-06-02
1996,2022-06-02 15:00:00+02:00,43.560001373291016,43.61000061035156,43.29999923706055,43.33000183105469,13397,0.0,0.0,2022-06-02
1997,2022-06-02 16:00:00+02:00,43.33000183105469,43.369998931884766,42.97999954223633,43.0099983215332,41630,0.0,0.0,2022-06-02
1998,2022-06-02 17:00:00+02:00,43.0099983215332,43.15999984741211,43.0099983215332,43.15999984741211,152369,0.0,0.0,2022-06-02
1999,2022-06-03 09:00:00+02:00,43.47999954223633,43.47999954223633,43.2599983215332,43.27000045776367,0,0.0,0.0,2022-06-03
2000,2022-06-03 10:00:00+02:00,43.27000045776367,43.27000045776367,43.029998779296875,43.130001068115234,7729,0.0,0.0,2022-06-03
2001,2022-06-03 11:00:00+02:00,43.130001068115234,43.130001068115234,43.040000915527344,43.099998474121094,7071,0.0,0.0,2022-06-03
2002,2022-06-03 12:00:00+02:00,43.130001068115234,43.13999938964844,43.029998779296875,43.130001068115234,4553,0.0,0.0,2022-06-03
2003,2022-06-03 13:00:00+02:00,43.130001068115234,43.150001525878906,43.09000015258789,43.119998931884766,3909,0.0,0.0,2022-06-03
2004,2022-06-03 14:00:00+02:00,43.099998474121094,43.25,43.040000915527344,43.13999938964844,10942,0.0,0.0,2022-06-03
2005,2022-06-03 15:00:00+02:00,43.16999816894531,43.290000915527344,43.040000915527344,43.060001373291016,31786,0.0,0.0,2022-06-03
2006,2022-06-03 16:00:00+02:00,43.06999969482422,43.13999938964844,43.0,43.130001068115234,29956,0.0,0.0,2022-06-03
2007,2022-06-03 17:00:00+02:00,43.130001068115234,43.15999984741211,43.029998779296875,43.15999984741211,115021,0.0,0.0,2022-06-03
2008,2022-06-06 09:00:00+02:00,43.529998779296875,43.83000183105469,43.470001220703125,43.83000183105469,0,0.0,0.0,2022-06-06
2009,2022-06-06 10:00:00+02:00,43.84000015258789,44.06999969482422,43.83000183105469,43.97999954223633,19380,0.0,0.0,2022-06-06
2010,2022-06-06 11:00:00+02:00,43.970001220703125,44.040000915527344,43.970001220703125,44.0,8547,0.0,0.0,2022-06-06
2011,2022-06-06 12:00:00+02:00,43.9900016784668,44.06999969482422,43.95000076293945,44.060001373291016,4516,0.0,0.0,2022-06-06
2012,2022-06-06 13:00:00+02:00,44.060001373291016,44.08000183105469,43.970001220703125,44.08000183105469,5516,0.0,0.0,2022-06-06
2013,2022-06-06 14:00:00+02:00,44.06999969482422,44.15999984741211,44.040000915527344,44.130001068115234,6235,0.0,0.0,2022-06-06
2014,2022-06-06 15:00:00+02:00,44.150001525878906,44.29999923706055,44.11000061035156,44.189998626708984,22718,0.0,0.0,2022-06-06
2015,2022-06-06 16:00:00+02:00,44.20000076293945,44.2400016784668,44.130001068115234,44.15999984741211,13764,0.0,0.0,2022-06-06
2016,2022-06-06 17:00:00+02:00,44.150001525878906,44.15999984741211,44.06999969482422,44.13999938964844,84118,0.0,0.0,2022-06-06
2017,2022-06-07 09:00:00+02:00,44.0,44.86000061035156,43.970001220703125,44.79999923706055,0,0.0,0.0,2022-06-07
2018,2022-06-07 10:00:00+02:00,44.79999923706055,44.959999084472656,44.5099983215332,44.689998626708984,60204,0.0,0.0,2022-06-07
2019,2022-06-07 11:00:00+02:00,44.68000030517578,44.709999084472656,44.560001373291016,44.61000061035156,19159,0.0,0.0,2022-06-07
2020,2022-06-07 12:00:00+02:00,44.59000015258789,44.650001525878906,44.529998779296875,44.560001373291016,10990,0.0,0.0,2022-06-07
2021,2022-06-07 13:00:00+02:00,44.560001373291016,44.689998626708984,44.31999969482422,44.40999984741211,19091,0.0,0.0,2022-06-07
2022,2022-06-07 14:00:00+02:00,44.40999984741211,44.40999984741211,44.18000030517578,44.189998626708984,16388,0.0,0.0,2022-06-07
2023,2022-06-07 15:00:00+02:00,44.18000030517578,44.20000076293945,43.75,43.79999923706055,16623,0.0,0.0,2022-06-07
2024,2022-06-07 16:00:00+02:00,43.81999969482422,44.04999923706055,43.77000045776367,43.95000076293945,24536,0.0,0.0,2022-06-07
2025,2022-06-07 17:00:00+02:00,43.970001220703125,44.08000183105469,43.900001525878906,44.060001373291016,133233,0.0,0.0,2022-06-07
2026,2022-06-08 09:00:00+02:00,44.0099983215332,44.130001068115234,43.349998474121094,43.41999816894531,0,0.0,0.0,2022-06-08
2027,2022-06-08 10:00:00+02:00,43.41999816894531,43.459999084472656,43.25,43.34000015258789,11055,0.0,0.0,2022-06-08
2028,2022-06-08 11:00:00+02:00,43.349998474121094,43.4900016784668,43.29999923706055,43.470001220703125,8735,0.0,0.0,2022-06-08
2029,2022-06-08 12:00:00+02:00,43.470001220703125,43.5099983215332,43.31999969482422,43.470001220703125,9163,0.0,0.0,2022-06-08
2030,2022-06-08 13:00:00+02:00,43.439998626708984,43.4900016784668,43.34000015258789,43.34000015258789,9125,0.0,0.0,2022-06-08
2031,2022-06-08 14:00:00+02:00,43.33000183105469,43.380001068115234,43.25,43.29999923706055,14072,0.0,0.0,2022-06-08
2032,2022-06-08 15:00:00+02:00,43.29999923706055,43.40999984741211,43.150001525878906,43.40999984741211,20040,0.0,0.0,2022-06-08
2033,2022-06-08 16:00:00+02:00,43.41999816894531,43.5099983215332,43.31999969482422,43.47999954223633,26095,0.0,0.0,2022-06-08
2034,2022-06-08 17:00:00+02:00,43.47999954223633,43.779998779296875,43.470001220703125,43.779998779296875,173234,0.0,0.0,2022-06-08
2035,2022-06-09 09:00:00+02:00,43.5,43.59000015258789,42.970001220703125,43.09000015258789,0,0.0,0.0,2022-06-09
2036,2022-06-09 10:00:00+02:00,43.09000015258789,43.54999923706055,43.06999969482422,43.54999923706055,14169,0.0,0.0,2022-06-09
2037,2022-06-09 11:00:00+02:00,43.56999969482422,43.599998474121094,43.41999816894531,43.54999923706055,8095,0.0,0.0,2022-06-09
2038,2022-06-09 12:00:00+02:00,43.560001373291016,43.66999816894531,43.529998779296875,43.560001373291016,7445,0.0,0.0,2022-06-09
2039,2022-06-09 13:00:00+02:00,43.560001373291016,43.75,43.060001373291016,43.09000015258789,39170,0.0,0.0,2022-06-09
2040,2022-06-09 14:00:00+02:00,43.08000183105469,43.09000015258789,42.90999984741211,43.060001373291016,28287,0.0,0.0,2022-06-09
2041,2022-06-09 15:00:00+02:00,43.060001373291016,43.11000061035156,42.869998931884766,43.099998474121094,35270,0.0,0.0,2022-06-09
2042,2022-06-09 16:00:00+02:00,43.11000061035156,43.27000045776367,43.0099983215332,43.2599983215332,28410,0.0,0.0,2022-06-09
2043,2022-06-09 17:00:00+02:00,43.2599983215332,43.2599983215332,43.13999938964844,43.209999084472656,145322,0.0,0.0,2022-06-09
2044,2022-06-10 09:00:00+02:00,42.91999816894531,43.0,42.18000030517578,42.380001068115234,0,0.0,0.0,2022-06-10
2045,2022-06-10 10:00:00+02:00,42.34000015258789,42.459999084472656,42.18000030517578,42.27000045776367,33662,0.0,0.0,2022-06-10
2046,2022-06-10 11:00:00+02:00,42.279998779296875,42.33000183105469,42.150001525878906,42.189998626708984,31655,0.0,0.0,2022-06-10
2047,2022-06-10 12:00:00+02:00,42.189998626708984,42.220001220703125,42.11000061035156,42.119998931884766,21357,0.0,0.0,2022-06-10
2048,2022-06-10 13:00:00+02:00,42.130001068115234,42.31999969482422,42.130001068115234,42.29999923706055,22034,0.0,0.0,2022-06-10
2049,2022-06-10 14:00:00+02:00,42.31999969482422,42.38999938964844,42.04999923706055,42.04999923706055,54994,0.0,0.0,2022-06-10
2050,2022-06-10 15:00:00+02:00,42.06999969482422,42.09000015258789,41.61000061035156,41.72999954223633,64995,0.0,0.0,2022-06-10
2051,2022-06-10 16:00:00+02:00,41.720001220703125,42.060001373291016,41.65999984741211,41.90999984741211,83101,0.0,0.0,2022-06-10
2052,2022-06-10 17:00:00+02:00,41.900001525878906,41.900001525878906,41.369998931884766,41.369998931884766,309161,0.0,0.0,2022-06-10
2053,2022-06-13 09:00:00+02:00,41.20000076293945,41.41999816894531,40.75,40.7599983215332,0,0.0,0.0,2022-06-13
2054,2022-06-13 10:00:00+02:00,40.689998626708984,40.849998474121094,40.54999923706055,40.54999923706055,37665,0.0,0.0,2022-06-13
2055,2022-06-13 11:00:00+02:00,40.599998474121094,40.880001068115234,40.599998474121094,40.7400016784668,20294,0.0,0.0,2022-06-13
2056,2022-06-13 12:00:00+02:00,40.720001220703125,40.900001525878906,40.70000076293945,40.77000045776367,19430,0.0,0.0,2022-06-13
2057,2022-06-13 13:00:00+02:00,40.77000045776367,40.970001220703125,40.77000045776367,40.869998931884766,10916,0.0,0.0,2022-06-13
2058,2022-06-13 14:00:00+02:00,40.869998931884766,41.029998779296875,40.869998931884766,40.95000076293945,33217,0.0,0.0,2022-06-13
2059,2022-06-13 15:00:00+02:00,40.939998626708984,41.310001373291016,40.880001068115234,41.310001373291016,41823,0.0,0.0,2022-06-13
2060,2022-06-13 16:00:00+02:00,41.310001373291016,41.349998474121094,40.900001525878906,40.97999954223633,47495,0.0,0.0,2022-06-13
2061,2022-06-13 17:00:00+02:00,40.959999084472656,41.11000061035156,40.88999938964844,40.9900016784668,258420,0.0,0.0,2022-06-13
2062,2022-06-14 09:00:00+02:00,41.20000076293945,41.22999954223633,40.70000076293945,41.189998626708984,0,0.0,0.0,2022-06-14
2063,2022-06-14 10:00:00+02:00,41.20000076293945,41.20000076293945,40.95000076293945,41.06999969482422,17136,0.0,0.0,2022-06-14
2064,2022-06-14 11:00:00+02:00,41.04999923706055,41.13999938964844,41.0,41.0,21221,0.0,0.0,2022-06-14
2065,2022-06-14 12:00:00+02:00,40.97999954223633,41.060001373291016,40.349998474121094,40.65999984741211,41455,0.0,0.0,2022-06-14
2066,2022-06-14 13:00:00+02:00,40.70000076293945,40.75,40.58000183105469,40.619998931884766,17065,0.0,0.0,2022-06-14
2067,2022-06-14 14:00:00+02:00,40.630001068115234,40.880001068115234,40.58000183105469,40.72999954223633,30026,0.0,0.0,2022-06-14
2068,2022-06-14 15:00:00+02:00,40.70000076293945,40.9900016784668,40.70000076293945,40.90999984741211,25883,0.0,0.0,2022-06-14
2069,2022-06-14 16:00:00+02:00,40.900001525878906,40.970001220703125,40.52000045776367,40.63999938964844,41784,0.0,0.0,2022-06-14
2070,2022-06-14 17:00:00+02:00,40.630001068115234,40.650001525878906,40.470001220703125,40.5099983215332,340612,0.0,0.0,2022-06-14
2071,2022-06-15 09:00:00+02:00,40.9900016784668,42.040000915527344,40.97999954223633,41.97999954223633,0,0.0,0.0,2022-06-15
2072,2022-06-15 10:00:00+02:00,41.959999084472656,42.38999938964844,41.939998626708984,42.27000045776367,32567,0.0,0.0,2022-06-15
2073,2022-06-15 11:00:00+02:00,42.2599983215332,42.29999923706055,42.09000015258789,42.2400016784668,31601,0.0,0.0,2022-06-15
2074,2022-06-15 12:00:00+02:00,42.220001220703125,42.38999938964844,42.189998626708984,42.290000915527344,11351,0.0,0.0,2022-06-15
2075,2022-06-15 13:00:00+02:00,42.310001373291016,42.66999816894531,42.25,42.630001068115234,19602,0.0,0.0,2022-06-15
2076,2022-06-15 14:00:00+02:00,42.619998931884766,42.619998931884766,42.33000183105469,42.58000183105469,30620,0.0,0.0,2022-06-15
2077,2022-06-15 15:00:00+02:00,42.58000183105469,42.900001525878906,42.5,42.88999938964844,37857,0.0,0.0,2022-06-15
2078,2022-06-15 16:00:00+02:00,42.900001525878906,43.099998474121094,42.900001525878906,43.0,43921,0.0,0.0,2022-06-15
2079,2022-06-15 17:00:00+02:00,42.97999954223633,42.97999954223633,42.599998474121094,42.599998474121094,273435,0.0,0.0,2022-06-15
2080,2022-06-16 09:00:00+02:00,42.38999938964844,42.38999938964844,41.529998779296875,41.58000183105469,0,0.0,0.0,2022-06-16
2081,2022-06-16 10:00:00+02:00,41.56999969482422,41.939998626708984,41.5099983215332,41.70000076293945,12972,0.0,0.0,2022-06-16
2082,2022-06-16 11:00:00+02:00,41.68000030517578,41.70000076293945,41.349998474121094,41.54999923706055,16970,0.0,0.0,2022-06-16
2083,2022-06-16 12:00:00+02:00,41.56999969482422,41.65999984741211,41.369998931884766,41.38999938964844,12879,0.0,0.0,2022-06-16
2084,2022-06-16 13:00:00+02:00,41.349998474121094,41.619998931884766,41.29999923706055,41.400001525878906,18984,0.0,0.0,2022-06-16
2085,2022-06-16 14:00:00+02:00,41.47999954223633,41.7400016784668,41.47999954223633,41.630001068115234,18119,0.0,0.0,2022-06-16
2086,2022-06-16 15:00:00+02:00,41.59000015258789,41.619998931884766,41.209999084472656,41.31999969482422,18771,0.0,0.0,2022-06-16
2087,2022-06-16 16:00:00+02:00,41.290000915527344,41.45000076293945,41.2400016784668,41.38999938964844,19034,0.0,0.0,2022-06-16
2088,2022-06-16 17:00:00+02:00,41.380001068115234,41.5,41.380001068115234,41.5,297317,0.0,0.0,2022-06-16
2089,2022-06-17 09:00:00+02:00,41.43000030517578,41.970001220703125,41.209999084472656,41.81999969482422,0,0.0,0.0,2022-06-17
2090,2022-06-17 10:00:00+02:00,41.79999923706055,42.0099983215332,41.65999984741211,41.90999984741211,16977,0.0,0.0,2022-06-17
2091,2022-06-17 11:00:00+02:00,41.90999984741211,42.189998626708984,41.900001525878906,42.15999984741211,71161,0.0,0.0,2022-06-17
2092,2022-06-17 12:00:00+02:00,42.150001525878906,42.33000183105469,42.02000045776367,42.25,17985,0.0,0.0,2022-06-17
2093,2022-06-17 13:00:00+02:00,42.2599983215332,42.40999984741211,42.209999084472656,42.33000183105469,45162,0.0,0.0,2022-06-17
2094,2022-06-17 14:00:00+02:00,42.349998474121094,42.380001068115234,42.279998779296875,42.279998779296875,9310,0.0,0.0,2022-06-17
2095,2022-06-17 15:00:00+02:00,42.27000045776367,42.34000015258789,42.16999816894531,42.310001373291016,17404,0.0,0.0,2022-06-17
2096,2022-06-17 16:00:00+02:00,42.310001373291016,42.349998474121094,42.13999938964844,42.31999969482422,29930,0.0,0.0,2022-06-17
2097,2022-06-17 17:00:00+02:00,42.310001373291016,42.47999954223633,42.09000015258789,42.09000015258789,1035767,0.0,0.0,2022-06-17
2098,2022-06-20 09:00:00+02:00,42.099998474121094,42.33000183105469,41.66999816894531,41.93000030517578,0,0.0,0.0,2022-06-20
2099,2022-06-20 10:00:00+02:00,41.970001220703125,42.060001373291016,41.540000915527344,41.95000076293945,18176,0.0,0.0,2022-06-20
2100,2022-06-20 11:00:00+02:00,41.939998626708984,42.15999984741211,41.849998474121094,42.130001068115234,9443,0.0,0.0,2022-06-20
2101,2022-06-20 12:00:00+02:00,42.150001525878906,42.310001373291016,41.95000076293945,42.0099983215332,41436,0.0,0.0,2022-06-20
2102,2022-06-20 13:00:00+02:00,42.029998779296875,42.029998779296875,41.81999969482422,41.81999969482422,11019,0.0,0.0,2022-06-20
2103,2022-06-20 14:00:00+02:00,41.83000183105469,42.08000183105469,41.79999923706055,42.0,12546,0.0,0.0,2022-06-20
2104,2022-06-20 15:00:00+02:00,42.0099983215332,42.380001068115234,41.97999954223633,42.380001068115234,15337,0.0,0.0,2022-06-20
2105,2022-06-20 16:00:00+02:00,42.38999938964844,42.470001220703125,42.31999969482422,42.439998626708984,16289,0.0,0.0,2022-06-20
2106,2022-06-20 17:00:00+02:00,42.43000030517578,42.439998626708984,42.31999969482422,42.400001525878906,271708,0.0,0.0,2022-06-20
2107,2022-06-21 09:00:00+02:00,42.5,43.27000045776367,42.5,43.2599983215332,0,0.0,0.0,2022-06-21
2108,2022-06-21 10:00:00+02:00,43.279998779296875,43.459999084472656,43.099998474121094,43.279998779296875,25374,0.0,0.0,2022-06-21
2109,2022-06-21 11:00:00+02:00,43.29999923706055,43.29999923706055,42.93000030517578,42.93000030517578,15575,0.0,0.0,2022-06-21
2110,2022-06-21 12:00:00+02:00,42.91999816894531,43.209999084472656,42.88999938964844,42.97999954223633,14784,0.0,0.0,2022-06-21
2111,2022-06-21 13:00:00+02:00,42.9900016784668,43.04999923706055,42.84000015258789,42.86000061035156,5281,0.0,0.0,2022-06-21
2112,2022-06-21 14:00:00+02:00,42.86000061035156,42.95000076293945,42.77000045776367,42.77000045776367,9297,0.0,0.0,2022-06-21
2113,2022-06-21 15:00:00+02:00,42.77000045776367,42.970001220703125,42.560001373291016,42.68000030517578,10556,0.0,0.0,2022-06-21
2114,2022-06-21 16:00:00+02:00,42.66999816894531,42.68000030517578,42.2599983215332,42.369998931884766,16579,0.0,0.0,2022-06-21
2115,2022-06-21 17:00:00+02:00,42.36000061035156,42.47999954223633,42.33000183105469,42.400001525878906,159895,0.0,0.0,2022-06-21
2116,2022-06-22 09:00:00+02:00,42.11000061035156,42.290000915527344,41.86000061035156,42.290000915527344,0,0.0,0.0,2022-06-22
2117,2022-06-22 10:00:00+02:00,42.310001373291016,42.43000030517578,42.099998474121094,42.16999816894531,16444,0.0,0.0,2022-06-22
2118,2022-06-22 11:00:00+02:00,42.16999816894531,42.22999954223633,41.9900016784668,42.130001068115234,19835,0.0,0.0,2022-06-22
2119,2022-06-22 12:00:00+02:00,42.13999938964844,42.2599983215332,42.13999938964844,42.18000030517578,7694,0.0,0.0,2022-06-22
2120,2022-06-22 13:00:00+02:00,42.189998626708984,42.400001525878906,42.18000030517578,42.33000183105469,11194,0.0,0.0,2022-06-22
2121,2022-06-22 14:00:00+02:00,42.31999969482422,42.31999969482422,41.900001525878906,42.0099983215332,14414,0.0,0.0,2022-06-22
2122,2022-06-22 15:00:00+02:00,41.9900016784668,42.04999923706055,41.88999938964844,41.93000030517578,24531,0.0,0.0,2022-06-22
2123,2022-06-22 16:00:00+02:00,41.91999816894531,42.22999954223633,41.7599983215332,42.11000061035156,68670,0.0,0.0,2022-06-22
2124,2022-06-22 17:00:00+02:00,42.099998474121094,42.099998474121094,41.790000915527344,41.790000915527344,194218,0.0,0.0,2022-06-22
2125,2022-06-23 09:00:00+02:00,41.70000076293945,41.88999938964844,41.20000076293945,41.209999084472656,0,0.0,0.0,2022-06-23
2126,2022-06-23 10:00:00+02:00,41.209999084472656,41.45000076293945,41.150001525878906,41.22999954223633,11394,0.0,0.0,2022-06-23
2127,2022-06-23 11:00:00+02:00,41.22999954223633,41.29999923706055,40.959999084472656,41.08000183105469,24128,0.0,0.0,2022-06-23
2128,2022-06-23 12:00:00+02:00,41.06999969482422,41.560001373291016,41.02000045776367,41.529998779296875,8633,0.0,0.0,2022-06-23
2129,2022-06-23 13:00:00+02:00,41.52000045776367,41.52000045776367,41.34000015258789,41.470001220703125,4759,0.0,0.0,2022-06-23
2130,2022-06-23 14:00:00+02:00,41.45000076293945,41.45000076293945,41.130001068115234,41.18000030517578,3490,0.0,0.0,2022-06-23
2131,2022-06-23 15:00:00+02:00,41.16999816894531,41.27000045776367,41.0,41.150001525878906,15556,0.0,0.0,2022-06-23
2132,2022-06-23 16:00:00+02:00,41.150001525878906,41.15999984741211,40.86000061035156,40.86000061035156,24152,0.0,0.0,2022-06-23
2133,2022-06-23 17:00:00+02:00,40.84000015258789,40.880001068115234,40.790000915527344,40.810001373291016,204017,0.0,0.0,2022-06-23
2134,2022-06-24 09:00:00+02:00,40.880001068115234,41.209999084472656,40.75,41.209999084472656,0,0.0,0.0,2022-06-24
2135,2022-06-24 10:00:00+02:00,41.22999954223633,41.400001525878906,41.13999938964844,41.38999938964844,10431,0.0,0.0,2022-06-24
2136,2022-06-24 11:00:00+02:00,41.36000061035156,41.5099983215332,41.279998779296875,41.349998474121094,6127,0.0,0.0,2022-06-24
2137,2022-06-24 12:00:00+02:00,41.349998474121094,41.5099983215332,41.310001373291016,41.47999954223633,13119,0.0,0.0,2022-06-24
2138,2022-06-24 13:00:00+02:00,41.4900016784668,41.59000015258789,41.470001220703125,41.5099983215332,3577,0.0,0.0,2022-06-24
2139,2022-06-24 14:00:00+02:00,41.52000045776367,41.58000183105469,41.36000061035156,41.36000061035156,3540,0.0,0.0,2022-06-24
2140,2022-06-24 15:00:00+02:00,41.38999938964844,41.56999969482422,41.38999938964844,41.529998779296875,24496,0.0,0.0,2022-06-24
2141,2022-06-24 16:00:00+02:00,41.52000045776367,41.779998779296875,41.52000045776367,41.77000045776367,22324,0.0,0.0,2022-06-24
2142,2022-06-24 17:00:00+02:00,41.77000045776367,41.91999816894531,41.77000045776367,41.880001068115234,164347,0.0,0.0,2022-06-24
2143,2022-06-27 09:00:00+02:00,42.099998474121094,42.52000045776367,41.959999084472656,42.08000183105469,0,0.0,0.0,2022-06-27
2144,2022-06-27 10:00:00+02:00,42.040000915527344,42.209999084472656,41.08000183105469,41.11000061035156,57599,0.0,0.0,2022-06-27
2145,2022-06-27 11:00:00+02:00,41.06999969482422,41.16999816894531,40.900001525878906,41.130001068115234,22096,0.0,0.0,2022-06-27
2146,2022-06-27 12:00:00+02:00,41.119998931884766,41.25,40.970001220703125,41.25,10465,0.0,0.0,2022-06-27
2147,2022-06-27 13:00:00+02:00,41.279998779296875,41.31999969482422,40.95000076293945,40.95000076293945,12223,0.0,0.0,2022-06-27
2148,2022-06-27 14:00:00+02:00,40.959999084472656,41.09000015258789,40.91999816894531,40.959999084472656,19223,0.0,0.0,2022-06-27
2149,2022-06-27 15:00:00+02:00,40.939998626708984,41.119998931884766,40.91999816894531,40.97999954223633,18248,0.0,0.0,2022-06-27
2150,2022-06-27 16:00:00+02:00,41.0,41.20000076293945,40.91999816894531,41.18000030517578,20854,0.0,0.0,2022-06-27
2151,2022-06-27 17:00:00+02:00,41.16999816894531,41.16999816894531,41.02000045776367,41.02000045776367,188866,0.0,0.0,2022-06-27
2152,2022-06-28 09:00:00+02:00,41.310001373291016,41.900001525878906,41.310001373291016,41.810001373291016,0,0.0,0.0,2022-06-28
2153,2022-06-28 10:00:00+02:00,41.81999969482422,41.86000061035156,41.77000045776367,41.79999923706055,10590,0.0,0.0,2022-06-28
2154,2022-06-28 11:00:00+02:00,41.83000183105469,42.15999984741211,41.81999969482422,42.06999969482422,16370,0.0,0.0,2022-06-28
2155,2022-06-28 12:00:00+02:00,42.040000915527344,42.279998779296875,42.0099983215332,42.2599983215332,14826,0.0,0.0,2022-06-28
2156,2022-06-28 13:00:00+02:00,42.25,42.290000915527344,42.220001220703125,42.2400016784668,5448,0.0,0.0,2022-06-28
2157,2022-06-28 14:00:00+02:00,42.2400016784668,42.310001373291016,42.13999938964844,42.13999938964844,9919,0.0,0.0,2022-06-28
2158,2022-06-28 15:00:00+02:00,42.150001525878906,42.2400016784668,41.95000076293945,42.16999816894531,28641,0.0,0.0,2022-06-28
2159,2022-06-28 16:00:00+02:00,42.189998626708984,42.20000076293945,41.939998626708984,42.0099983215332,25160,0.0,0.0,2022-06-28
2160,2022-06-28 17:00:00+02:00,42.0,42.09000015258789,41.849998474121094,41.849998474121094,140254,0.0,0.0,2022-06-28
2161,2022-06-29 09:00:00+02:00,42.029998779296875,42.560001373291016,41.97999954223633,42.2599983215332,0,0.0,0.0,2022-06-29
2162,2022-06-29 10:00:00+02:00,42.27000045776367,42.290000915527344,41.95000076293945,42.18000030517578,11127,0.0,0.0,2022-06-29
2163,2022-06-29 11:00:00+02:00,42.18000030517578,42.43000030517578,42.06999969482422,42.06999969482422,27685,0.0,0.0,2022-06-29
2164,2022-06-29 12:00:00+02:00,42.130001068115234,42.25,41.81999969482422,41.880001068115234,16126,0.0,0.0,2022-06-29
2165,2022-06-29 13:00:00+02:00,41.90999984741211,42.22999954223633,41.810001373291016,42.16999816894531,9962,0.0,0.0,2022-06-29
2166,2022-06-29 14:00:00+02:00,42.25,42.34000015258789,42.15999984741211,42.29999923706055,17620,0.0,0.0,2022-06-29
2167,2022-06-29 15:00:00+02:00,42.29999923706055,42.310001373291016,41.86000061035156,42.119998931884766,31704,0.0,0.0,2022-06-29
2168,2022-06-29 16:00:00+02:00,42.130001068115234,42.189998626708984,41.779998779296875,41.86000061035156,29273,0.0,0.0,2022-06-29
2169,2022-06-29 17:00:00+02:00,41.880001068115234,41.970001220703125,41.869998931884766,41.93000030517578,173339,0.0,0.0,2022-06-29
2170,2022-06-30 09:00:00+02:00,41.33000183105469,41.72999954223633,41.27000045776367,41.41999816894531,0,0.0,0.0,2022-06-30
2171,2022-06-30 10:00:00+02:00,41.41999816894531,41.63999938964844,41.209999084472656,41.63999938964844,39779,0.0,0.0,2022-06-30
2172,2022-06-30 11:00:00+02:00,41.63999938964844,41.810001373291016,41.459999084472656,41.810001373291016,21110,0.0,0.0,2022-06-30
2173,2022-06-30 12:00:00+02:00,41.790000915527344,41.810001373291016,41.400001525878906,41.5,16215,0.0,0.0,2022-06-30
2174,2022-06-30 13:00:00+02:00,41.5,41.52000045776367,41.38999938964844,41.4900016784668,12486,0.0,0.0,2022-06-30
2175,2022-06-30 14:00:00+02:00,41.4900016784668,41.689998626708984,41.4900016784668,41.560001373291016,11450,0.0,0.0,2022-06-30
2176,2022-06-30 15:00:00+02:00,41.540000915527344,41.70000076293945,41.4900016784668,41.61000061035156,30638,0.0,0.0,2022-06-30
2177,2022-06-30 16:00:00+02:00,41.599998474121094,41.849998474121094,41.599998474121094,41.81999969482422,41378,0.0,0.0,2022-06-30
2178,2022-06-30 17:00:00+02:00,41.81999969482422,41.97999954223633,41.77000045776367,41.97999954223633,203257,0.0,0.0,2022-06-30
2179,2022-07-01 09:00:00+02:00,41.63999938964844,42.11000061035156,41.63999938964844,41.95000076293945,0,0.0,0.0,2022-07-01
2180,2022-07-01 10:00:00+02:00,41.97999954223633,42.099998474121094,41.7599983215332,41.95000076293945,18670,0.0,0.0,2022-07-01
2181,2022-07-01 11:00:00+02:00,41.959999084472656,42.099998474121094,41.84000015258789,42.09000015258789,12880,0.0,0.0,2022-07-01
2182,2022-07-01 12:00:00+02:00,42.08000183105469,42.13999938964844,41.970001220703125,41.97999954223633,8532,0.0,0.0,2022-07-01
2183,2022-07-01 13:00:00+02:00,41.9900016784668,42.09000015258789,41.939998626708984,42.02000045776367,14392,0.0,0.0,2022-07-01
2184,2022-07-01 14:00:00+02:00,42.0099983215332,42.2599983215332,42.0,42.2599983215332,12639,0.0,0.0,2022-07-01
2185,2022-07-01 15:00:00+02:00,42.27000045776367,42.560001373291016,42.2400016784668,42.529998779296875,33963,0.0,0.0,2022-07-01
2186,2022-07-01 16:00:00+02:00,42.54999923706055,42.54999923706055,42.029998779296875,42.09000015258789,50098,0.0,0.0,2022-07-01
2187,2022-07-01 17:00:00+02:00,42.09000015258789,42.189998626708984,42.04999923706055,42.13999938964844,98574,0.0,0.0,2022-07-01
2188,2022-07-04 09:00:00+02:00,42.36000061035156,42.779998779296875,42.36000061035156,42.720001220703125,0,0.0,0.0,2022-07-04
2189,2022-07-04 10:00:00+02:00,42.720001220703125,42.790000915527344,42.43000030517578,42.529998779296875,9182,0.0,0.0,2022-07-04
2190,2022-07-04 11:00:00+02:00,42.540000915527344,42.93000030517578,42.529998779296875,42.90999984741211,10895,0.0,0.0,2022-07-04
2191,2022-07-04 12:00:00+02:00,42.900001525878906,43.029998779296875,42.810001373291016,42.86000061035156,16729,0.0,0.0,2022-07-04
2192,2022-07-04 13:00:00+02:00,42.86000061035156,42.91999816894531,42.7599983215332,42.91999816894531,5129,0.0,0.0,2022-07-04
2193,2022-07-04 14:00:00+02:00,42.880001068115234,42.939998626708984,42.79999923706055,42.83000183105469,5026,0.0,0.0,2022-07-04
2194,2022-07-04 15:00:00+02:00,42.790000915527344,42.83000183105469,42.59000015258789,42.63999938964844,7827,0.0,0.0,2022-07-04
2195,2022-07-04 16:00:00+02:00,42.630001068115234,42.630001068115234,42.34000015258789,42.459999084472656,21186,0.0,0.0,2022-07-04
2196,2022-07-04 17:00:00+02:00,42.47999954223633,42.52000045776367,42.380001068115234,42.380001068115234,81874,0.0,0.0,2022-07-04
2197,2022-07-05 09:00:00+02:00,42.29999923706055,42.599998474121094,41.86000061035156,41.93000030517578,0,0.0,0.0,2022-07-05
2198,2022-07-05 10:00:00+02:00,41.86000061035156,41.88999938964844,41.34000015258789,41.41999816894531,25606,0.0,0.0,2022-07-05
2199,2022-07-05 11:00:00+02:00,41.41999816894531,41.470001220703125,41.310001373291016,41.41999816894531,6766,0.0,0.0,2022-07-05
2200,2022-07-05 12:00:00+02:00,41.400001525878906,41.560001373291016,41.380001068115234,41.5,3741,0.0,0.0,2022-07-05
2201,2022-07-05 13:00:00+02:00,41.5,41.59000015258789,41.349998474121094,41.349998474121094,10251,0.0,0.0,2022-07-05
2202,2022-07-05 14:00:00+02:00,41.369998931884766,41.369998931884766,40.63999938964844,40.65999984741211,33254,0.0,0.0,2022-07-05
2203,2022-07-05 15:00:00+02:00,40.650001525878906,40.9900016784668,40.619998931884766,40.79999923706055,27175,0.0,0.0,2022-07-05
2204,2022-07-05 16:00:00+02:00,40.790000915527344,40.880001068115234,40.52000045776367,40.540000915527344,33065,0.0,0.0,2022-07-05
2205,2022-07-05 17:00:00+02:00,40.54999923706055,40.56999969482422,40.38999938964844,40.41999816894531,181409,0.0,0.0,2022-07-05
2206,2022-07-06 09:00:00+02:00,40.7400016784668,41.099998474121094,40.689998626708984,40.86000061035156,0,0.0,0.0,2022-07-06
2207,2022-07-06 10:00:00+02:00,40.849998474121094,40.86000061035156,40.5,40.56999969482422,15576,0.0,0.0,2022-07-06
2208,2022-07-06 11:00:00+02:00,40.58000183105469,40.7599983215332,40.45000076293945,40.72999954223633,13225,0.0,0.0,2022-07-06
2209,2022-07-06 12:00:00+02:00,40.72999954223633,40.9900016784668,40.59000015258789,40.709999084472656,16259,0.0,0.0,2022-07-06
2210,2022-07-06 13:00:00+02:00,40.68000030517578,40.7400016784668,40.470001220703125,40.5,10787,0.0,0.0,2022-07-06
2211,2022-07-06 14:00:00+02:00,40.4900016784668,40.529998779296875,40.349998474121094,40.380001068115234,11978,0.0,0.0,2022-07-06
2212,2022-07-06 15:00:00+02:00,40.38999938964844,40.709999084472656,40.38999938964844,40.540000915527344,20834,0.0,0.0,2022-07-06
2213,2022-07-06 16:00:00+02:00,40.5099983215332,40.83000183105469,40.459999084472656,40.5,33380,0.0,0.0,2022-07-06
2214,2022-07-06 17:00:00+02:00,40.52000045776367,40.52000045776367,40.220001220703125,40.29999923706055,179976,0.0,0.0,2022-07-06
2215,2022-07-07 09:00:00+02:00,40.75,41.380001068115234,40.709999084472656,41.369998931884766,0,0.0,0.0,2022-07-07
2216,2022-07-07 10:00:00+02:00,41.369998931884766,41.599998474121094,41.290000915527344,41.5099983215332,28911,0.0,0.0,2022-07-07
2217,2022-07-07 11:00:00+02:00,41.459999084472656,41.81999969482422,41.43000030517578,41.619998931884766,26139,0.0,0.0,2022-07-07
2218,2022-07-07 12:00:00+02:00,41.630001068115234,42.099998474121094,41.61000061035156,42.029998779296875,32579,0.0,0.0,2022-07-07
2219,2022-07-07 13:00:00+02:00,42.040000915527344,42.150001525878906,41.880001068115234,42.119998931884766,16917,0.0,0.0,2022-07-07
2220,2022-07-07 14:00:00+02:00,42.130001068115234,42.290000915527344,42.04999923706055,42.2400016784668,15695,0.0,0.0,2022-07-07
2221,2022-07-07 15:00:00+02:00,42.22999954223633,42.29999923706055,41.97999954223633,42.18000030517578,25909,0.0,0.0,2022-07-07
2222,2022-07-07 16:00:00+02:00,42.130001068115234,42.349998474121094,42.09000015258789,42.279998779296875,21957,0.0,0.0,2022-07-07
2223,2022-07-07 17:00:00+02:00,42.29999923706055,42.349998474121094,42.25,42.25,135048,0.0,0.0,2022-07-07
2224,2022-07-08 09:00:00+02:00,42.25,42.63999938964844,42.209999084472656,42.540000915527344,0,0.0,0.0,2022-07-08
2225,2022-07-08 10:00:00+02:00,42.529998779296875,42.66999816894531,42.209999084472656,42.369998931884766,17275,0.0,0.0,2022-07-08
2226,2022-07-08 11:00:00+02:00,42.369998931884766,42.56999969482422,42.15999984741211,42.56999969482422,26380,0.0,0.0,2022-07-08
2227,2022-07-08 12:00:00+02:00,42.54999923706055,42.86000061035156,42.400001525878906,42.45000076293945,15395,0.0,0.0,2022-07-08
2228,2022-07-08 13:00:00+02:00,42.470001220703125,42.59000015258789,42.43000030517578,42.5099983215332,8549,0.0,0.0,2022-07-08
2229,2022-07-08 14:00:00+02:00,42.52000045776367,42.65999984741211,42.43000030517578,42.59000015258789,24460,0.0,0.0,2022-07-08
2230,2022-07-08 15:00:00+02:00,42.59000015258789,42.810001373291016,42.560001373291016,42.58000183105469,28649,0.0,0.0,2022-07-08
2231,2022-07-08 16:00:00+02:00,42.56999969482422,42.79999923706055,42.47999954223633,42.7400016784668,26436,0.0,0.0,2022-07-08
2232,2022-07-08 17:00:00+02:00,42.77000045776367,42.77000045776367,42.599998474121094,42.68000030517578,148392,0.0,0.0,2022-07-08
2233,2022-07-11 09:00:00+02:00,42.08000183105469,42.369998931884766,42.06999969482422,42.310001373291016,0,0.0,0.0,2022-07-11
2234,2022-07-11 10:00:00+02:00,42.31999969482422,42.33000183105469,42.0099983215332,42.189998626708984,18441,0.0,0.0,2022-07-11
2235,2022-07-11 11:00:00+02:00,42.189998626708984,42.349998474121094,42.119998931884766,42.189998626708984,6175,0.0,0.0,2022-07-11
2236,2022-07-11 12:00:00+02:00,42.189998626708984,42.29999923706055,42.15999984741211,42.279998779296875,6843,0.0,0.0,2022-07-11
2237,2022-07-11 13:00:00+02:00,42.27000045776367,42.31999969482422,42.150001525878906,42.22999954223633,18861,0.0,0.0,2022-07-11
2238,2022-07-11 14:00:00+02:00,42.189998626708984,42.20000076293945,42.040000915527344,42.16999816894531,6631,0.0,0.0,2022-07-11
2239,2022-07-11 15:00:00+02:00,42.15999984741211,42.15999984741211,41.75,41.84000015258789,10398,0.0,0.0,2022-07-11
2240,2022-07-11 16:00:00+02:00,41.81999969482422,41.880001068115234,41.599998474121094,41.619998931884766,17026,0.0,0.0,2022-07-11
2241,2022-07-11 17:00:00+02:00,41.599998474121094,41.619998931884766,41.47999954223633,41.47999954223633,179252,0.0,0.0,2022-07-11
2242,2022-07-12 09:00:00+02:00,41.349998474121094,41.54999923706055,41.130001068115234,41.25,0,0.0,0.0,2022-07-12
2243,2022-07-12 10:00:00+02:00,41.25,41.40999984741211,41.20000076293945,41.290000915527344,17050,0.0,0.0,2022-07-12
2244,2022-07-12 11:00:00+02:00,41.2599983215332,41.31999969482422,41.119998931884766,41.189998626708984,12510,0.0,0.0,2022-07-12
2245,2022-07-12 12:00:00+02:00,41.18000030517578,41.38999938964844,41.02000045776367,41.02000045776367,7823,0.0,0.0,2022-07-12
2246,2022-07-12 13:00:00+02:00,41.029998779296875,41.13999938964844,40.869998931884766,40.970001220703125,17641,0.0,0.0,2022-07-12
2247,2022-07-12 14:00:00+02:00,41.0,41.220001220703125,40.970001220703125,41.220001220703125,11218,0.0,0.0,2022-07-12
2248,2022-07-12 15:00:00+02:00,41.2400016784668,41.7599983215332,41.16999816894531,41.689998626708984,17474,0.0,0.0,2022-07-12
2249,2022-07-12 16:00:00+02:00,41.65999984741211,42.0,41.65999984741211,41.97999954223633,24355,0.0,0.0,2022-07-12
2250,2022-07-12 17:00:00+02:00,41.970001220703125,42.119998931884766,41.93000030517578,41.970001220703125,138580,0.0,0.0,2022-07-12
2251,2022-07-13 09:00:00+02:00,41.400001525878906,41.63999938964844,40.779998779296875,40.959999084472656,0,0.0,0.0,2022-07-13
2252,2022-07-13 10:00:00+02:00,41.0,41.11000061035156,40.88999938964844,41.11000061035156,10815,0.0,0.0,2022-07-13
2253,2022-07-13 11:00:00+02:00,41.150001525878906,41.25,41.08000183105469,41.13999938964844,8800,0.0,0.0,2022-07-13
2254,2022-07-13 12:00:00+02:00,41.150001525878906,41.18000030517578,41.029998779296875,41.11000061035156,6425,0.0,0.0,2022-07-13
2255,2022-07-13 13:00:00+02:00,41.119998931884766,41.130001068115234,40.900001525878906,41.08000183105469,12055,0.0,0.0,2022-07-13
2256,2022-07-13 14:00:00+02:00,41.09000015258789,41.40999984741211,40.869998931884766,41.18000030517578,19544,0.0,0.0,2022-07-13
2257,2022-07-13 15:00:00+02:00,41.15999984741211,41.25,40.83000183105469,40.959999084472656,18442,0.0,0.0,2022-07-13
2258,2022-07-13 16:00:00+02:00,40.93000030517578,40.970001220703125,40.4900016784668,40.93000030517578,32670,0.0,0.0,2022-07-13
2259,2022-07-13 17:00:00+02:00,40.91999816894531,41.11000061035156,40.90999984741211,40.939998626708984,192537,0.0,0.0,2022-07-13
2260,2022-07-14 09:00:00+02:00,40.83000183105469,41.029998779296875,40.25,40.29999923706055,0,0.0,0.0,2022-07-14
2261,2022-07-14 10:00:00+02:00,40.290000915527344,40.45000076293945,40.25,40.45000076293945,13668,0.0,0.0,2022-07-14
2262,2022-07-14 11:00:00+02:00,40.40999984741211,40.56999969482422,40.380001068115234,40.4900016784668,17564,0.0,0.0,2022-07-14
2263,2022-07-14 12:00:00+02:00,40.4900016784668,40.4900016784668,40.06999969482422,40.16999816894531,45050,0.0,0.0,2022-07-14
2264,2022-07-14 13:00:00+02:00,40.15999984741211,40.220001220703125,39.84000015258789,39.95000076293945,51383,0.0,0.0,2022-07-14
2265,2022-07-14 14:00:00+02:00,39.95000076293945,40.0099983215332,39.79999923706055,39.93000030517578,32318,0.0,0.0,2022-07-14
2266,2022-07-14 15:00:00+02:00,39.91999816894531,40.06999969482422,39.79999923706055,39.869998931884766,27406,0.0,0.0,2022-07-14
2267,2022-07-14 16:00:00+02:00,39.849998474121094,39.849998474121094,39.560001373291016,39.58000183105469,33557,0.0,0.0,2022-07-14
2268,2022-07-14 17:00:00+02:00,39.59000015258789,39.689998626708984,39.5099983215332,39.5099983215332,0,0.0,0.0,2022-07-14
2269,2022-07-15 09:00:00+02:00,39.54999923706055,40.38999938964844,39.29999923706055,40.38999938964844,55465,0.0,0.0,2022-07-15
2270,2022-07-15 10:00:00+02:00,40.439998626708984,40.709999084472656,40.25,40.689998626708984,12490,0.0,0.0,2022-07-15
2271,2022-07-15 11:00:00+02:00,40.68000030517578,40.7400016784668,40.369998931884766,40.41999816894531,14331,0.0,0.0,2022-07-15
2272,2022-07-15 12:00:00+02:00,40.40999984741211,40.40999984741211,40.2599983215332,40.38999938964844,3410,0.0,0.0,2022-07-15
2273,2022-07-15 13:00:00+02:00,40.38999938964844,40.38999938964844,40.22999954223633,40.22999954223633,4785,0.0,0.0,2022-07-15
2274,2022-07-15 14:00:00+02:00,40.25,40.38999938964844,40.15999984741211,40.189998626708984,8472,0.0,0.0,2022-07-15
2275,2022-07-15 15:00:00+02:00,40.189998626708984,40.29999923706055,40.119998931884766,40.15999984741211,10114,0.0,0.0,2022-07-15
2276,2022-07-15 16:00:00+02:00,40.209999084472656,40.58000183105469,40.189998626708984,40.529998779296875,17987,0.0,0.0,2022-07-15
2277,2022-07-15 17:00:00+02:00,40.529998779296875,40.630001068115234,40.529998779296875,40.560001373291016,124857,0.0,0.0,2022-07-15
2278,2022-07-18 09:00:00+02:00,40.619998931884766,41.400001525878906,40.599998474121094,41.27000045776367,0,0.0,0.0,2022-07-18
2279,2022-07-18 10:00:00+02:00,41.310001373291016,41.4900016784668,41.2400016784668,41.470001220703125,9664,0.0,0.0,2022-07-18
2280,2022-07-18 11:00:00+02:00,41.45000076293945,41.650001525878906,41.36000061035156,41.459999084472656,16260,0.0,0.0,2022-07-18
2281,2022-07-18 12:00:00+02:00,41.45000076293945,41.52000045776367,41.33000183105469,41.36000061035156,6156,0.0,0.0,2022-07-18
2282,2022-07-18 13:00:00+02:00,41.33000183105469,41.4900016784668,41.310001373291016,41.470001220703125,13594,0.0,0.0,2022-07-18
2283,2022-07-18 14:00:00+02:00,41.470001220703125,41.52000045776367,41.18000030517578,41.279998779296875,11309,0.0,0.0,2022-07-18
2284,2022-07-18 15:00:00+02:00,41.290000915527344,41.369998931884766,41.16999816894531,41.209999084472656,16719,0.0,0.0,2022-07-18
2285,2022-07-18 16:00:00+02:00,41.209999084472656,41.45000076293945,41.18000030517578,41.36000061035156,17290,0.0,0.0,2022-07-18
2286,2022-07-18 17:00:00+02:00,41.33000183105469,41.470001220703125,41.13999938964844,41.470001220703125,144968,0.0,0.0,2022-07-18
2287,2022-07-19 09:00:00+02:00,41.22999954223633,41.5099983215332,41.189998626708984,41.36000061035156,0,0.0,0.0,2022-07-19
2288,2022-07-19 10:00:00+02:00,41.400001525878906,41.5,41.04999923706055,41.119998931884766,17577,0.0,0.0,2022-07-19
2289,2022-07-19 11:00:00+02:00,41.119998931884766,41.310001373291016,41.06999969482422,41.130001068115234,7631,0.0,0.0,2022-07-19
2290,2022-07-19 12:00:00+02:00,41.18000030517578,41.33000183105469,41.130001068115234,41.220001220703125,12266,0.0,0.0,2022-07-19
2291,2022-07-19 13:00:00+02:00,41.22999954223633,41.29999923706055,41.08000183105469,41.099998474121094,17125,0.0,0.0,2022-07-19
2292,2022-07-19 14:00:00+02:00,41.099998474121094,41.2599983215332,40.97999954223633,41.25,15256,0.0,0.0,2022-07-19
2293,2022-07-19 15:00:00+02:00,41.27000045776367,41.52000045776367,41.18000030517578,41.4900016784668,13561,0.0,0.0,2022-07-19
2294,2022-07-19 16:00:00+02:00,41.4900016784668,42.029998779296875,41.43000030517578,41.709999084472656,25502,0.0,0.0,2022-07-19
2295,2022-07-19 17:00:00+02:00,41.72999954223633,41.849998474121094,41.70000076293945,41.83000183105469,109989,0.0,0.0,2022-07-19
2296,2022-07-20 09:00:00+02:00,42.02000045776367,42.279998779296875,41.86000061035156,41.970001220703125,0,0.0,0.0,2022-07-20
2297,2022-07-20 10:00:00+02:00,41.880001068115234,42.11000061035156,41.66999816894531,41.66999816894531,6393,0.0,0.0,2022-07-20
2298,2022-07-20 11:00:00+02:00,41.779998779296875,41.97999954223633,41.779998779296875,41.91999816894531,5906,0.0,0.0,2022-07-20
2299,2022-07-20 12:00:00+02:00,41.93000030517578,41.939998626708984,41.43000030517578,41.5099983215332,8234,0.0,0.0,2022-07-20
2300,2022-07-20 13:00:00+02:00,41.47999954223633,41.540000915527344,41.29999923706055,41.400001525878906,4417,0.0,0.0,2022-07-20
2301,2022-07-20 14:00:00+02:00,41.38999938964844,41.529998779296875,41.150001525878906,41.400001525878906,13452,0.0,0.0,2022-07-20
2302,2022-07-20 15:00:00+02:00,41.279998779296875,41.459999084472656,41.22999954223633,41.459999084472656,11796,0.0,0.0,2022-07-20
2303,2022-07-20 16:00:00+02:00,41.43000030517578,41.68000030517578,41.2400016784668,41.54999923706055,15664,0.0,0.0,2022-07-20
2304,2022-07-20 17:00:00+02:00,41.54999923706055,41.56999969482422,41.349998474121094,41.349998474121094,140894,0.0,0.0,2022-07-20
2305,2022-07-21 09:00:00+02:00,41.18000030517578,41.189998626708984,40.619998931884766,40.630001068115234,0,0.0,0.0,2022-07-21
2306,2022-07-21 10:00:00+02:00,40.630001068115234,40.84000015258789,40.43000030517578,40.83000183105469,15452,0.0,0.0,2022-07-21
2307,2022-07-21 11:00:00+02:00,40.81999969482422,41.060001373291016,40.70000076293945,40.97999954223633,8956,0.0,0.0,2022-07-21
2308,2022-07-21 12:00:00+02:00,40.95000076293945,41.040000915527344,40.88999938964844,40.97999954223633,8605,0.0,0.0,2022-07-21
2309,2022-07-21 13:00:00+02:00,40.93000030517578,40.9900016784668,40.86000061035156,40.93000030517578,9016,0.0,0.0,2022-07-21
2310,2022-07-21 14:00:00+02:00,40.90999984741211,41.540000915527344,40.72999954223633,41.40999984741211,24925,0.0,0.0,2022-07-21
2311,2022-07-21 15:00:00+02:00,41.38999938964844,41.400001525878906,40.790000915527344,41.13999938964844,14757,0.0,0.0,2022-07-21
2312,2022-07-21 16:00:00+02:00,41.119998931884766,41.2400016784668,40.849998474121094,41.2400016784668,26790,0.0,0.0,2022-07-21
2313,2022-07-21 17:00:00+02:00,41.189998626708984,41.310001373291016,41.099998474121094,41.310001373291016,193500,0.0,0.0,2022-07-21
2314,2022-07-22 09:00:00+02:00,41.220001220703125,41.459999084472656,41.0,41.20000076293945,0,0.0,0.0,2022-07-22
2315,2022-07-22 10:00:00+02:00,41.15999984741211,41.189998626708984,40.959999084472656,41.08000183105469,8671,0.0,0.0,2022-07-22
2316,2022-07-22 11:00:00+02:00,41.08000183105469,41.310001373291016,40.900001525878906,40.95000076293945,8893,0.0,0.0,2022-07-22
2317,2022-07-22 12:00:00+02:00,40.93000030517578,41.08000183105469,40.880001068115234,40.95000076293945,4560,0.0,0.0,2022-07-22
2318,2022-07-22 13:00:00+02:00,40.95000076293945,41.0099983215332,40.81999969482422,40.869998931884766,7495,0.0,0.0,2022-07-22
2319,2022-07-22 14:00:00+02:00,40.91999816894531,41.150001525878906,40.91999816894531,40.97999954223633,3373,0.0,0.0,2022-07-22
2320,2022-07-22 15:00:00+02:00,40.959999084472656,41.130001068115234,40.880001068115234,40.880001068115234,11691,0.0,0.0,2022-07-22
2321,2022-07-22 16:00:00+02:00,40.880001068115234,41.02000045776367,40.81999969482422,40.97999954223633,14449,0.0,0.0,2022-07-22
2322,2022-07-22 17:00:00+02:00,40.95000076293945,41.0099983215332,40.880001068115234,40.900001525878906,112419,0.0,0.0,2022-07-22
2323,2022-07-25 09:00:00+02:00,40.77000045776367,41.04999923706055,40.689998626708984,40.9900016784668,0,0.0,0.0,2022-07-25
2324,2022-07-25 10:00:00+02:00,41.0,41.22999954223633,40.93000030517578,41.16999816894531,9434,0.0,0.0,2022-07-25
2325,2022-07-25 11:00:00+02:00,41.13999938964844,41.380001068115234,41.13999938964844,41.33000183105469,10179,0.0,0.0,2022-07-25
2326,2022-07-25 12:00:00+02:00,41.310001373291016,41.310001373291016,41.099998474121094,41.16999816894531,6696,0.0,0.0,2022-07-25
2327,2022-07-25 13:00:00+02:00,41.15999984741211,41.2400016784668,41.08000183105469,41.22999954223633,11281,0.0,0.0,2022-07-25
2328,2022-07-25 14:00:00+02:00,41.2599983215332,41.310001373291016,41.150001525878906,41.22999954223633,19567,0.0,0.0,2022-07-25
2329,2022-07-25 15:00:00+02:00,41.2400016784668,41.34000015258789,41.0,41.31999969482422,6246,0.0,0.0,2022-07-25
2330,2022-07-25 16:00:00+02:00,41.34000015258789,41.5,41.18000030517578,41.36000061035156,14173,0.0,0.0,2022-07-25
2331,2022-07-25 17:00:00+02:00,41.34000015258789,41.400001525878906,41.290000915527344,41.34000015258789,83138,0.0,0.0,2022-07-25
2332,2022-07-26 09:00:00+02:00,41.34000015258789,41.599998474121094,41.34000015258789,41.439998626708984,0,0.0,0.0,2022-07-26
2333,2022-07-26 10:00:00+02:00,41.349998474121094,41.369998931884766,41.2400016784668,41.290000915527344,14180,0.0,0.0,2022-07-26
2334,2022-07-26 11:00:00+02:00,41.33000183105469,41.58000183105469,41.310001373291016,41.5,5526,0.0,0.0,2022-07-26
2335,2022-07-26 12:00:00+02:00,41.470001220703125,41.560001373291016,41.25,41.40999984741211,7155,0.0,0.0,2022-07-26
2336,2022-07-26 13:00:00+02:00,41.36000061035156,41.470001220703125,41.349998474121094,41.470001220703125,3262,0.0,0.0,2022-07-26
2337,2022-07-26 14:00:00+02:00,41.47999954223633,41.54999923706055,41.439998626708984,41.540000915527344,8180,0.0,0.0,2022-07-26
2338,2022-07-26 15:00:00+02:00,41.54999923706055,41.59000015258789,41.36000061035156,41.5099983215332,10661,0.0,0.0,2022-07-26
2339,2022-07-26 16:00:00+02:00,41.5099983215332,41.599998474121094,41.31999969482422,41.45000076293945,11065,0.0,0.0,2022-07-26
2340,2022-07-26 17:00:00+02:00,41.470001220703125,41.470001220703125,41.290000915527344,41.36000061035156,66606,0.0,0.0,2022-07-26
2341,2022-07-27 09:00:00+02:00,41.63999938964844,41.90999984741211,41.41999816894531,41.439998626708984,0,0.0,0.0,2022-07-27
2342,2022-07-27 10:00:00+02:00,41.439998626708984,41.56999969482422,41.2599983215332,41.31999969482422,9484,0.0,0.0,2022-07-27
2343,2022-07-27 11:00:00+02:00,41.29999923706055,41.540000915527344,41.2599983215332,41.5,10422,0.0,0.0,2022-07-27
2344,2022-07-27 12:00:00+02:00,41.540000915527344,41.599998474121094,41.47999954223633,41.58000183105469,4678,0.0,0.0,2022-07-27
2345,2022-07-27 13:00:00+02:00,41.58000183105469,41.66999816894531,41.529998779296875,41.66999816894531,5156,0.0,0.0,2022-07-27
2346,2022-07-27 14:00:00+02:00,41.66999816894531,41.75,41.599998474121094,41.709999084472656,3342,0.0,0.0,2022-07-27
2347,2022-07-27 15:00:00+02:00,41.72999954223633,41.790000915527344,41.540000915527344,41.779998779296875,34005,0.0,0.0,2022-07-27
2348,2022-07-27 16:00:00+02:00,41.7599983215332,41.79999923706055,41.689998626708984,41.70000076293945,17976,0.0,0.0,2022-07-27
2349,2022-07-27 17:00:00+02:00,41.70000076293945,41.75,41.619998931884766,41.63999938964844,130429,0.0,0.0,2022-07-27
2350,2022-07-28 09:00:00+02:00,41.93000030517578,41.95000076293945,41.59000015258789,41.59000015258789,0,0.0,0.0,2022-07-28
2351,2022-07-28 10:00:00+02:00,41.5,41.709999084472656,41.38999938964844,41.70000076293945,5395,0.0,0.0,2022-07-28
2352,2022-07-28 11:00:00+02:00,41.70000076293945,41.779998779296875,41.5,41.779998779296875,7485,0.0,0.0,2022-07-28
2353,2022-07-28 12:00:00+02:00,41.81999969482422,41.900001525878906,41.68000030517578,41.86000061035156,7119,0.0,0.0,2022-07-28
2354,2022-07-28 13:00:00+02:00,41.83000183105469,41.90999984741211,41.7599983215332,41.81999969482422,3479,0.0,0.0,2022-07-28
2355,2022-07-28 14:00:00+02:00,41.77000045776367,41.86000061035156,41.63999938964844,41.65999984741211,3929,0.0,0.0,2022-07-28
2356,2022-07-28 15:00:00+02:00,41.65999984741211,41.720001220703125,41.29999923706055,41.29999923706055,13324,0.0,0.0,2022-07-28
2357,2022-07-28 16:00:00+02:00,41.310001373291016,41.38999938964844,41.029998779296875,41.36000061035156,25941,0.0,0.0,2022-07-28
2358,2022-07-28 17:00:00+02:00,41.33000183105469,41.54999923706055,41.31999969482422,41.54999923706055,98887,0.0,0.0,2022-07-28
2359,2022-07-29 09:00:00+02:00,41.560001373291016,41.810001373291016,41.189998626708984,41.63999938964844,0,0.0,0.0,2022-07-29
2360,2022-07-29 10:00:00+02:00,41.650001525878906,41.779998779296875,41.61000061035156,41.70000076293945,15757,0.0,0.0,2022-07-29
2361,2022-07-29 11:00:00+02:00,41.68000030517578,42.08000183105469,41.68000030517578,42.04999923706055,28317,0.0,0.0,2022-07-29
2362,2022-07-29 12:00:00+02:00,42.0099983215332,42.189998626708984,41.95000076293945,42.18000030517578,4697,0.0,0.0,2022-07-29
2363,2022-07-29 13:00:00+02:00,42.20000076293945,42.220001220703125,42.09000015258789,42.13999938964844,4522,0.0,0.0,2022-07-29
2364,2022-07-29 14:00:00+02:00,42.16999816894531,42.290000915527344,42.119998931884766,42.22999954223633,12171,0.0,0.0,2022-07-29
2365,2022-07-29 15:00:00+02:00,42.22999954223633,42.619998931884766,42.15999984741211,42.59000015258789,23846,0.0,0.0,2022-07-29
2366,2022-07-29 16:00:00+02:00,42.54999923706055,42.619998931884766,42.400001525878906,42.5099983215332,22934,0.0,0.0,2022-07-29
2367,2022-07-29 17:00:00+02:00,42.52000045776367,42.56999969482422,42.4900016784668,42.54999923706055,136713,0.0,0.0,2022-07-29
2368,2022-08-01 09:00:00+02:00,43.0099983215332,43.29999923706055,42.81999969482422,43.29999923706055,0,0.0,0.0,2022-08-01
2369,2022-08-01 10:00:00+02:00,43.29999923706055,43.29999923706055,42.97999954223633,42.97999954223633,13248,0.0,0.0,2022-08-01
2370,2022-08-01 11:00:00+02:00,42.970001220703125,42.970001220703125,42.66999816894531,42.7599983215332,5720,0.0,0.0,2022-08-01
2371,2022-08-01 12:00:00+02:00,42.779998779296875,42.779998779296875,42.540000915527344,42.59000015258789,9835,0.0,0.0,2022-08-01
2372,2022-08-01 13:00:00+02:00,42.56999969482422,42.599998474121094,42.38999938964844,42.38999938964844,15006,0.0,0.0,2022-08-01
2373,2022-08-01 14:00:00+02:00,42.380001068115234,42.380001068115234,42.0,42.0,27336,0.0,0.0,2022-08-01
2374,2022-08-01 15:00:00+02:00,42.0,42.0,41.38999938964844,41.599998474121094,33294,0.0,0.0,2022-08-01
2375,2022-08-01 16:00:00+02:00,41.59000015258789,41.77000045776367,41.310001373291016,41.380001068115234,32458,0.0,0.0,2022-08-01
2376,2022-08-01 17:00:00+02:00,41.380001068115234,41.52000045776367,41.20000076293945,41.4900016784668,184774,0.0,0.0,2022-08-01
2377,2022-08-02 09:00:00+02:00,41.4900016784668,41.599998474121094,41.04999923706055,41.29999923706055,0,0.0,0.0,2022-08-02
2378,2022-08-02 10:00:00+02:00,41.310001373291016,41.43000030517578,41.220001220703125,41.279998779296875,9797,0.0,0.0,2022-08-02
2379,2022-08-02 11:00:00+02:00,41.31999969482422,41.33000183105469,41.0099983215332,41.0099983215332,16148,0.0,0.0,2022-08-02
2380,2022-08-02 12:00:00+02:00,41.02000045776367,41.099998474121094,40.880001068115234,40.93000030517578,17237,0.0,0.0,2022-08-02
2381,2022-08-02 13:00:00+02:00,40.95000076293945,41.20000076293945,40.91999816894531,41.189998626708984,11089,0.0,0.0,2022-08-02
2382,2022-08-02 14:00:00+02:00,41.15999984741211,41.209999084472656,41.099998474121094,41.16999816894531,36828,0.0,0.0,2022-08-02
2383,2022-08-02 15:00:00+02:00,41.189998626708984,41.400001525878906,40.9900016784668,41.08000183105469,38101,0.0,0.0,2022-08-02
2384,2022-08-02 16:00:00+02:00,41.040000915527344,41.189998626708984,40.95000076293945,41.08000183105469,12825,0.0,0.0,2022-08-02
2385,2022-08-02 17:00:00+02:00,41.06999969482422,41.27000045776367,41.06999969482422,41.22999954223633,113868,0.0,0.0,2022-08-02
2386,2022-08-03 09:00:00+02:00,41.2400016784668,41.619998931884766,41.08000183105469,41.47999954223633,0,0.0,0.0,2022-08-03
2387,2022-08-03 10:00:00+02:00,41.439998626708984,41.63999938964844,41.43000030517578,41.56999969482422,8208,0.0,0.0,2022-08-03
2388,2022-08-03 11:00:00+02:00,41.54999923706055,41.790000915527344,41.54999923706055,41.77000045776367,5165,0.0,0.0,2022-08-03
2389,2022-08-03 12:00:00+02:00,41.77000045776367,42.11000061035156,41.7400016784668,42.029998779296875,49171,0.0,0.0,2022-08-03
2390,2022-08-03 13:00:00+02:00,42.0,42.099998474121094,42.0,42.06999969482422,9498,0.0,0.0,2022-08-03
2391,2022-08-03 14:00:00+02:00,42.06999969482422,42.18000030517578,41.9900016784668,42.119998931884766,5234,0.0,0.0,2022-08-03
2392,2022-08-03 15:00:00+02:00,42.130001068115234,42.400001525878906,42.09000015258789,42.220001220703125,21401,0.0,0.0,2022-08-03
2393,2022-08-03 16:00:00+02:00,42.189998626708984,42.2400016784668,41.970001220703125,41.970001220703125,39346,0.0,0.0,2022-08-03
2394,2022-08-03 17:00:00+02:00,41.959999084472656,42.380001068115234,41.880001068115234,42.209999084472656,173915,0.0,0.0,2022-08-03
2395,2022-08-04 09:00:00+02:00,42.31999969482422,42.36000061035156,41.91999816894531,42.06999969482422,0,0.0,0.0,2022-08-04
2396,2022-08-04 10:00:00+02:00,42.06999969482422,42.06999969482422,41.849998474121094,41.849998474121094,5441,0.0,0.0,2022-08-04
2397,2022-08-04 11:00:00+02:00,41.849998474121094,42.060001373291016,41.810001373291016,41.9900016784668,7456,0.0,0.0,2022-08-04
2398,2022-08-04 12:00:00+02:00,41.970001220703125,42.2599983215332,41.95000076293945,42.119998931884766,10114,0.0,0.0,2022-08-04
2399,2022-08-04 13:00:00+02:00,42.11000061035156,42.18000030517578,42.0,42.04999923706055,6562,0.0,0.0,2022-08-04
2400,2022-08-04 14:00:00+02:00,42.0,42.130001068115234,42.0,42.11000061035156,4372,0.0,0.0,2022-08-04
2401,2022-08-04 15:00:00+02:00,42.130001068115234,42.13999938964844,41.79999923706055,41.86000061035156,30033,0.0,0.0,2022-08-04
2402,2022-08-04 16:00:00+02:00,41.86000061035156,41.93000030517578,41.54999923706055,41.81999969482422,42103,0.0,0.0,2022-08-04
2403,2022-08-04 17:00:00+02:00,41.84000015258789,41.939998626708984,41.83000183105469,41.939998626708984,105573,0.0,0.0,2022-08-04
2404,2022-08-05 09:00:00+02:00,41.75,41.93000030517578,41.61000061035156,41.72999954223633,0,0.0,0.0,2022-08-05
2405,2022-08-05 10:00:00+02:00,41.75,41.970001220703125,41.75,41.810001373291016,6529,0.0,0.0,2022-08-05
2406,2022-08-05 11:00:00+02:00,41.79999923706055,42.09000015258789,41.7400016784668,42.040000915527344,9761,0.0,0.0,2022-08-05
2407,2022-08-05 12:00:00+02:00,42.04999923706055,42.220001220703125,42.029998779296875,42.029998779296875,11701,0.0,0.0,2022-08-05
2408,2022-08-05 13:00:00+02:00,42.029998779296875,42.2400016784668,42.0,42.22999954223633,8257,0.0,0.0,2022-08-05
2409,2022-08-05 14:00:00+02:00,42.22999954223633,42.27000045776367,42.0,42.22999954223633,11264,0.0,0.0,2022-08-05
2410,2022-08-05 15:00:00+02:00,42.2400016784668,42.459999084472656,42.18000030517578,42.40999984741211,11669,0.0,0.0,2022-08-05
2411,2022-08-05 16:00:00+02:00,42.380001068115234,42.540000915527344,42.33000183105469,42.5,15448,0.0,0.0,2022-08-05
2412,2022-08-05 17:00:00+02:00,42.5,42.619998931884766,42.41999816894531,42.560001373291016,141977,0.0,0.0,2022-08-05
2413,2022-08-08 09:00:00+02:00,42.70000076293945,43.20000076293945,42.65999984741211,42.70000076293945,0,0.0,0.0,2022-08-08
2414,2022-08-08 10:00:00+02:00,42.689998626708984,42.72999954223633,42.529998779296875,42.619998931884766,11154,0.0,0.0,2022-08-08
2415,2022-08-08 11:00:00+02:00,42.619998931884766,42.77000045776367,42.61000061035156,42.65999984741211,18477,0.0,0.0,2022-08-08
2416,2022-08-08 12:00:00+02:00,42.68000030517578,42.97999954223633,42.65999984741211,42.91999816894531,13629,0.0,0.0,2022-08-08
2417,2022-08-08 13:00:00+02:00,42.93000030517578,43.06999969482422,42.88999938964844,43.02000045776367,19913,0.0,0.0,2022-08-08
2418,2022-08-08 14:00:00+02:00,43.02000045776367,43.22999954223633,43.02000045776367,43.220001220703125,12542,0.0,0.0,2022-08-08
2419,2022-08-08 15:00:00+02:00,43.220001220703125,43.25,42.77000045776367,42.77000045776367,23869,0.0,0.0,2022-08-08
2420,2022-08-08 16:00:00+02:00,42.77000045776367,43.279998779296875,42.75,43.2400016784668,35721,0.0,0.0,2022-08-08
2421,2022-08-08 17:00:00+02:00,43.22999954223633,43.290000915527344,43.220001220703125,43.27000045776367,135602,0.0,0.0,2022-08-08
2422,2022-08-09 09:00:00+02:00,43.25,43.52000045776367,43.209999084472656,43.36000061035156,0,0.0,0.0,2022-08-09
2423,2022-08-09 10:00:00+02:00,43.349998474121094,43.47999954223633,43.349998474121094,43.47999954223633,5059,0.0,0.0,2022-08-09
2424,2022-08-09 11:00:00+02:00,43.47999954223633,43.58000183105469,43.31999969482422,43.36000061035156,5355,0.0,0.0,2022-08-09
2425,2022-08-09 12:00:00+02:00,43.349998474121094,43.38999938964844,43.29999923706055,43.36000061035156,4627,0.0,0.0,2022-08-09
2426,2022-08-09 13:00:00+02:00,43.38999938964844,43.40999984741211,43.2599983215332,43.34000015258789,13847,0.0,0.0,2022-08-09
2427,2022-08-09 14:00:00+02:00,43.34000015258789,43.369998931884766,43.20000076293945,43.20000076293945,7990,0.0,0.0,2022-08-09
2428,2022-08-09 15:00:00+02:00,43.18000030517578,43.400001525878906,43.18000030517578,43.310001373291016,6591,0.0,0.0,2022-08-09
2429,2022-08-09 16:00:00+02:00,43.33000183105469,43.45000076293945,43.2599983215332,43.279998779296875,9867,0.0,0.0,2022-08-09
2430,2022-08-09 17:00:00+02:00,43.27000045776367,43.310001373291016,43.150001525878906,43.150001525878906,101551,0.0,0.0,2022-08-09
2431,2022-08-10 09:00:00+02:00,44.0,44.36000061035156,43.29999923706055,43.650001525878906,0,0.0,0.0,2022-08-10
2432,2022-08-10 10:00:00+02:00,43.68000030517578,44.060001373291016,43.68000030517578,43.880001068115234,16859,0.0,0.0,2022-08-10
2433,2022-08-10 11:00:00+02:00,43.83000183105469,43.9900016784668,43.790000915527344,43.95000076293945,10490,0.0,0.0,2022-08-10
2434,2022-08-10 12:00:00+02:00,43.939998626708984,44.29999923706055,43.939998626708984,44.279998779296875,15284,0.0,0.0,2022-08-10
2435,2022-08-10 13:00:00+02:00,44.279998779296875,44.36000061035156,44.15999984741211,44.34000015258789,9215,0.0,0.0,2022-08-10
2436,2022-08-10 14:00:00+02:00,44.33000183105469,44.61000061035156,44.279998779296875,44.29999923706055,29375,0.0,0.0,2022-08-10
2437,2022-08-10 15:00:00+02:00,44.27000045776367,44.33000183105469,44.02000045776367,44.2599983215332,26941,0.0,0.0,2022-08-10
2438,2022-08-10 16:00:00+02:00,44.290000915527344,44.310001373291016,43.880001068115234,44.189998626708984,46768,0.0,0.0,2022-08-10
2439,2022-08-10 17:00:00+02:00,44.189998626708984,44.20000076293945,43.959999084472656,44.02000045776367,115834,0.0,0.0,2022-08-10
2440,2022-08-11 09:00:00+02:00,44.25,44.459999084472656,44.119998931884766,44.20000076293945,0,0.0,0.0,2022-08-11
2441,2022-08-11 10:00:00+02:00,44.130001068115234,44.22999954223633,44.11000061035156,44.130001068115234,6188,0.0,0.0,2022-08-11
2442,2022-08-11 11:00:00+02:00,44.16999816894531,44.16999816894531,43.630001068115234,43.65999984741211,23229,0.0,0.0,2022-08-11
2443,2022-08-11 12:00:00+02:00,43.63999938964844,43.63999938964844,43.349998474121094,43.45000076293945,17378,0.0,0.0,2022-08-11
2444,2022-08-11 13:00:00+02:00,43.439998626708984,43.56999969482422,43.41999816894531,43.459999084472656,9980,0.0,0.0,2022-08-11
2445,2022-08-11 14:00:00+02:00,43.470001220703125,43.709999084472656,43.45000076293945,43.63999938964844,25999,0.0,0.0,2022-08-11
2446,2022-08-11 15:00:00+02:00,43.63999938964844,43.869998931884766,43.61000061035156,43.790000915527344,25793,0.0,0.0,2022-08-11
2447,2022-08-11 16:00:00+02:00,43.779998779296875,43.93000030517578,43.72999954223633,43.900001525878906,19799,0.0,0.0,2022-08-11
2448,2022-08-11 17:00:00+02:00,43.88999938964844,43.95000076293945,43.779998779296875,43.95000076293945,157162,0.0,0.0,2022-08-11
2449,2022-08-12 09:00:00+02:00,43.95000076293945,44.18000030517578,43.79999923706055,43.9900016784668,0,0.0,0.0,2022-08-12
2450,2022-08-12 10:00:00+02:00,44.029998779296875,44.36000061035156,44.02000045776367,44.31999969482422,10000,0.0,0.0,2022-08-12
2451,2022-08-12 11:00:00+02:00,44.279998779296875,44.400001525878906,44.2400016784668,44.36000061035156,5178,0.0,0.0,2022-08-12
2452,2022-08-12 12:00:00+02:00,44.31999969482422,44.36000061035156,44.27000045776367,44.36000061035156,6449,0.0,0.0,2022-08-12
2453,2022-08-12 13:00:00+02:00,44.34000015258789,44.470001220703125,44.310001373291016,44.470001220703125,6980,0.0,0.0,2022-08-12
2454,2022-08-12 14:00:00+02:00,44.459999084472656,44.459999084472656,44.36000061035156,44.36000061035156,10110,0.0,0.0,2022-08-12
2455,2022-08-12 15:00:00+02:00,44.369998931884766,44.43000030517578,44.310001373291016,44.349998474121094,22123,0.0,0.0,2022-08-12
2456,2022-08-12 16:00:00+02:00,44.349998474121094,44.380001068115234,44.25,44.31999969482422,15608,0.0,0.0,2022-08-12
2457,2022-08-12 17:00:00+02:00,44.31999969482422,44.369998931884766,44.25,44.34000015258789,12218,0.0,0.0,2022-08-12
2458,2022-08-15 09:00:00+02:00,44.349998474121094,44.349998474121094,43.880001068115234,43.939998626708984,0,0.0,0.0,2022-08-15
2459,2022-08-15 10:00:00+02:00,43.95000076293945,44.119998931884766,43.90999984741211,43.90999984741211,10747,0.0,0.0,2022-08-15
2460,2022-08-15 11:00:00+02:00,43.93000030517578,43.939998626708984,43.7599983215332,43.77000045776367,11042,0.0,0.0,2022-08-15
2461,2022-08-15 12:00:00+02:00,43.77000045776367,43.779998779296875,43.65999984741211,43.779998779296875,7679,0.0,0.0,2022-08-15
2462,2022-08-15 13:00:00+02:00,43.77000045776367,43.790000915527344,43.63999938964844,43.65999984741211,5703,0.0,0.0,2022-08-15
2463,2022-08-15 14:00:00+02:00,43.689998626708984,43.91999816894531,43.689998626708984,43.86000061035156,5826,0.0,0.0,2022-08-15
2464,2022-08-15 15:00:00+02:00,43.86000061035156,43.900001525878906,43.75,43.81999969482422,15817,0.0,0.0,2022-08-15
2465,2022-08-15 16:00:00+02:00,43.81999969482422,43.880001068115234,43.72999954223633,43.81999969482422,32725,0.0,0.0,2022-08-15
2466,2022-08-15 17:00:00+02:00,43.83000183105469,43.88999938964844,43.72999954223633,43.86000061035156,0,0.0,0.0,2022-08-15
2467,2022-08-16 09:00:00+02:00,43.869998931884766,44.09000015258789,43.779998779296875,44.06999969482422,22640,0.0,0.0,2022-08-16
2468,2022-08-16 10:00:00+02:00,44.099998474121094,44.18000030517578,43.869998931884766,43.880001068115234,19887,0.0,0.0,2022-08-16
2469,2022-08-16 11:00:00+02:00,43.869998931884766,44.11000061035156,43.86000061035156,43.97999954223633,16992,0.0,0.0,2022-08-16
2470,2022-08-16 12:00:00+02:00,44.0,44.11000061035156,43.86000061035156,43.90999984741211,14329,0.0,0.0,2022-08-16
2471,2022-08-16 13:00:00+02:00,43.90999984741211,43.959999084472656,43.849998474121094,43.86000061035156,12089,0.0,0.0,2022-08-16
2472,2022-08-16 14:00:00+02:00,43.86000061035156,43.91999816894531,43.81999969482422,43.88999938964844,8924,0.0,0.0,2022-08-16
2473,2022-08-16 15:00:00+02:00,43.88999938964844,43.88999938964844,43.540000915527344,43.77000045776367,23970,0.0,0.0,2022-08-16
2474,2022-08-16 16:00:00+02:00,43.7400016784668,43.7599983215332,43.4900016784668,43.650001525878906,40254,0.0,0.0,2022-08-16
2475,2022-08-16 17:00:00+02:00,43.650001525878906,43.650001525878906,43.459999084472656,43.5,178788,0.0,0.0,2022-08-16
2476,2022-08-17 09:00:00+02:00,43.58000183105469,43.7400016784668,43.33000183105469,43.38999938964844,0,0.0,0.0,2022-08-17
2477,2022-08-17 10:00:00+02:00,43.380001068115234,43.560001373291016,43.369998931884766,43.5,10212,0.0,0.0,2022-08-17
2478,2022-08-17 11:00:00+02:00,43.5,43.70000076293945,43.41999816894531,43.70000076293945,16061,0.0,0.0,2022-08-17
2479,2022-08-17 12:00:00+02:00,43.709999084472656,43.72999954223633,43.369998931884766,43.400001525878906,20681,0.0,0.0,2022-08-17
2480,2022-08-17 13:00:00+02:00,43.41999816894531,43.439998626708984,43.310001373291016,43.43000030517578,12277,0.0,0.0,2022-08-17
2481,2022-08-17 14:00:00+02:00,43.41999816894531,43.43000030517578,43.279998779296875,43.29999923706055,15570,0.0,0.0,2022-08-17
2482,2022-08-17 15:00:00+02:00,43.29999923706055,43.41999816894531,43.2400016784668,43.40999984741211,16165,0.0,0.0,2022-08-17
2483,2022-08-17 16:00:00+02:00,43.40999984741211,43.4900016784668,43.31999969482422,43.400001525878906,17335,0.0,0.0,2022-08-17
2484,2022-08-17 17:00:00+02:00,43.40999984741211,43.5,43.369998931884766,43.5,116789,0.0,0.0,2022-08-17
2485,2022-08-18 09:00:00+02:00,43.5,43.61000061035156,43.189998626708984,43.2599983215332,0,0.0,0.0,2022-08-18
2486,2022-08-18 10:00:00+02:00,43.2400016784668,43.29999923706055,43.04999923706055,43.16999816894531,17950,0.0,0.0,2022-08-18
2487,2022-08-18 11:00:00+02:00,43.16999816894531,43.279998779296875,43.02000045776367,43.02000045776367,18179,0.0,0.0,2022-08-18
2488,2022-08-18 12:00:00+02:00,43.040000915527344,43.20000076293945,43.040000915527344,43.040000915527344,7997,0.0,0.0,2022-08-18
2489,2022-08-18 13:00:00+02:00,43.060001373291016,43.099998474121094,43.02000045776367,43.02000045776367,5201,0.0,0.0,2022-08-18
2490,2022-08-18 14:00:00+02:00,43.02000045776367,43.040000915527344,42.86000061035156,42.88999938964844,21832,0.0,0.0,2022-08-18
2491,2022-08-18 15:00:00+02:00,42.880001068115234,42.97999954223633,42.779998779296875,42.93000030517578,12264,0.0,0.0,2022-08-18
2492,2022-08-18 16:00:00+02:00,42.90999984741211,42.970001220703125,42.86000061035156,42.880001068115234,11252,0.0,0.0,2022-08-18
2493,2022-08-18 17:00:00+02:00,42.880001068115234,42.88999938964844,42.779998779296875,42.88999938964844,97819,0.0,0.0,2022-08-18
2494,2022-08-19 09:00:00+02:00,42.599998474121094,42.93000030517578,42.529998779296875,42.849998474121094,0,0.0,0.0,2022-08-19
2495,2022-08-19 10:00:00+02:00,42.83000183105469,42.86000061035156,42.36000061035156,42.41999816894531,17300,0.0,0.0,2022-08-19
2496,2022-08-19 11:00:00+02:00,42.40999984741211,42.54999923706055,42.33000183105469,42.349998474121094,18224,0.0,0.0,2022-08-19
2497,2022-08-19 12:00:00+02:00,42.36000061035156,42.470001220703125,42.33000183105469,42.38999938964844,13857,0.0,0.0,2022-08-19
2498,2022-08-19 13:00:00+02:00,42.369998931884766,42.45000076293945,42.34000015258789,42.439998626708984,8766,0.0,0.0,2022-08-19
2499,2022-08-19 14:00:00+02:00,42.470001220703125,42.5099983215332,42.41999816894531,42.459999084472656,10996,0.0,0.0,2022-08-19
2500,2022-08-19 15:00:00+02:00,42.45000076293945,42.540000915527344,42.2599983215332,42.36000061035156,19779,0.0,0.0,2022-08-19
2501,2022-08-19 16:00:00+02:00,42.36000061035156,42.5,42.349998474121094,42.43000030517578,12762,0.0,0.0,2022-08-19
2502,2022-08-19 17:00:00+02:00,42.439998626708984,42.470001220703125,42.380001068115234,42.380001068115234,0,0.0,0.0,2022-08-19
2503,2022-08-22 09:00:00+02:00,42.29999923706055,42.45000076293945,41.75,41.7599983215332,38503,0.0,0.0,2022-08-22
2504,2022-08-22 10:00:00+02:00,41.810001373291016,41.810001373291016,41.540000915527344,41.7400016784668,12475,0.0,0.0,2022-08-22
2505,2022-08-22 11:00:00+02:00,41.72999954223633,41.849998474121094,41.630001068115234,41.68000030517578,5933,0.0,0.0,2022-08-22
2506,2022-08-22 12:00:00+02:00,41.68000030517578,41.77000045776367,41.63999938964844,41.7400016784668,7394,0.0,0.0,2022-08-22
2507,2022-08-22 13:00:00+02:00,41.75,41.75,41.529998779296875,41.54999923706055,6261,0.0,0.0,2022-08-22
2508,2022-08-22 14:00:00+02:00,41.54999923706055,41.56999969482422,41.310001373291016,41.34000015258789,18564,0.0,0.0,2022-08-22
2509,2022-08-22 15:00:00+02:00,41.33000183105469,41.369998931884766,41.16999816894531,41.33000183105469,23696,0.0,0.0,2022-08-22
2510,2022-08-22 16:00:00+02:00,41.31999969482422,41.369998931884766,41.18000030517578,41.31999969482422,13812,0.0,0.0,2022-08-22
2511,2022-08-22 17:00:00+02:00,41.31999969482422,41.5,41.27000045776367,41.41999816894531,0,0.0,0.0,2022-08-22
2512,2022-08-23 09:00:00+02:00,41.04999923706055,41.279998779296875,40.689998626708984,41.2400016784668,36342,0.0,0.0,2022-08-23
2513,2022-08-23 10:00:00+02:00,41.2400016784668,41.2400016784668,41.0099983215332,41.099998474121094,16376,0.0,0.0,2022-08-23
2514,2022-08-23 11:00:00+02:00,41.09000015258789,41.459999084472656,41.040000915527344,41.45000076293945,12715,0.0,0.0,2022-08-23
2515,2022-08-23 12:00:00+02:00,41.43000030517578,41.45000076293945,41.27000045776367,41.310001373291016,4763,0.0,0.0,2022-08-23
2516,2022-08-23 13:00:00+02:00,41.29999923706055,41.29999923706055,40.970001220703125,41.060001373291016,25106,0.0,0.0,2022-08-23
2517,2022-08-23 14:00:00+02:00,41.06999969482422,41.08000183105469,40.72999954223633,40.790000915527344,78229,0.0,0.0,2022-08-23
2518,2022-08-23 15:00:00+02:00,40.7599983215332,41.08000183105469,40.689998626708984,41.029998779296875,69220,0.0,0.0,2022-08-23
2519,2022-08-23 16:00:00+02:00,41.0,41.04999923706055,40.79999923706055,40.880001068115234,27094,0.0,0.0,2022-08-23
2520,2022-08-23 17:00:00+02:00,40.869998931884766,40.93000030517578,40.79999923706055,40.93000030517578,134470,0.0,0.0,2022-08-23
2521,2022-08-24 09:00:00+02:00,40.790000915527344,40.79999923706055,39.91999816894531,39.91999816894531,0,0.0,0.0,2022-08-24
2522,2022-08-24 10:00:00+02:00,39.93000030517578,40.29999923706055,39.84000015258789,40.15999984741211,46232,0.0,0.0,2022-08-24
2523,2022-08-24 11:00:00+02:00,40.16999816894531,40.2599983215332,39.97999954223633,40.08000183105469,59534,0.0,0.0,2022-08-24
2524,2022-08-24 12:00:00+02:00,40.08000183105469,40.13999938964844,39.9900016784668,40.040000915527344,34504,0.0,0.0,2022-08-24
2525,2022-08-24 13:00:00+02:00,40.04999923706055,40.06999969482422,40.0,40.02000045776367,12269,0.0,0.0,2022-08-24
2526,2022-08-24 14:00:00+02:00,40.040000915527344,40.06999969482422,39.93000030517578,39.939998626708984,17609,0.0,0.0,2022-08-24
2527,2022-08-24 15:00:00+02:00,39.93000030517578,40.04999923706055,39.90999984741211,40.0099983215332,16076,0.0,0.0,2022-08-24
2528,2022-08-24 16:00:00+02:00,40.029998779296875,40.119998931884766,39.97999954223633,40.08000183105469,35747,0.0,0.0,2022-08-24
2529,2022-08-24 17:00:00+02:00,40.06999969482422,40.16999816894531,40.0099983215332,40.16999816894531,209655,0.0,0.0,2022-08-24
2530,2022-08-25 09:00:00+02:00,40.72999954223633,41.11000061035156,40.72999954223633,41.06999969482422,0,0.0,0.0,2022-08-25
2531,2022-08-25 10:00:00+02:00,41.11000061035156,41.130001068115234,40.88999938964844,40.90999984741211,30001,0.0,0.0,2022-08-25
2532,2022-08-25 11:00:00+02:00,40.91999816894531,40.939998626708984,40.599998474121094,40.63999938964844,13250,0.0,0.0,2022-08-25
2533,2022-08-25 12:00:00+02:00,40.630001068115234,40.72999954223633,40.619998931884766,40.72999954223633,6568,0.0,0.0,2022-08-25
2534,2022-08-25 13:00:00+02:00,40.77000045776367,40.779998779296875,40.66999816894531,40.72999954223633,5086,0.0,0.0,2022-08-25
2535,2022-08-25 14:00:00+02:00,40.7400016784668,40.849998474121094,40.68000030517578,40.709999084472656,8549,0.0,0.0,2022-08-25
2536,2022-08-25 15:00:00+02:00,40.720001220703125,40.7599983215332,40.540000915527344,40.7599983215332,9671,0.0,0.0,2022-08-25
2537,2022-08-25 16:00:00+02:00,40.81999969482422,40.9900016784668,40.790000915527344,40.91999816894531,44558,0.0,0.0,2022-08-25
2538,2022-08-25 17:00:00+02:00,40.90999984741211,40.90999984741211,40.790000915527344,40.849998474121094,108776,0.0,0.0,2022-08-25
2539,2022-08-26 09:00:00+02:00,41.0,41.06999969482422,40.849998474121094,40.9900016784668,0,0.0,0.0,2022-08-26
2540,2022-08-26 10:00:00+02:00,40.9900016784668,40.9900016784668,40.86000061035156,40.900001525878906,16253,0.0,0.0,2022-08-26
2541,2022-08-26 11:00:00+02:00,40.88999938964844,40.91999816894531,40.84000015258789,40.849998474121094,6840,0.0,0.0,2022-08-26
2542,2022-08-26 12:00:00+02:00,40.86000061035156,40.97999954223633,40.84000015258789,40.93000030517578,12691,0.0,0.0,2022-08-26
2543,2022-08-26 13:00:00+02:00,40.93000030517578,40.939998626708984,40.849998474121094,40.88999938964844,21212,0.0,0.0,2022-08-26
2544,2022-08-26 14:00:00+02:00,40.900001525878906,40.93000030517578,40.869998931884766,40.90999984741211,9213,0.0,0.0,2022-08-26
2545,2022-08-26 15:00:00+02:00,40.91999816894531,40.970001220703125,40.540000915527344,40.599998474121094,33526,0.0,0.0,2022-08-26
2546,2022-08-26 16:00:00+02:00,40.599998474121094,40.65999984741211,40.22999954223633,40.369998931884766,28946,0.0,0.0,2022-08-26
2547,2022-08-26 17:00:00+02:00,40.36000061035156,40.400001525878906,40.290000915527344,40.400001525878906,0,0.0,0.0,2022-08-26
2548,2022-08-29 09:00:00+02:00,40.20000076293945,40.279998779296875,39.83000183105469,40.15999984741211,46320,0.0,0.0,2022-08-29
2549,2022-08-29 10:00:00+02:00,40.15999984741211,40.34000015258789,40.06999969482422,40.06999969482422,21038,0.0,0.0,2022-08-29
2550,2022-08-29 11:00:00+02:00,40.06999969482422,40.209999084472656,40.060001373291016,40.18000030517578,4897,0.0,0.0,2022-08-29
2551,2022-08-29 12:00:00+02:00,40.16999816894531,40.18000030517578,39.970001220703125,39.97999954223633,6181,0.0,0.0,2022-08-29
2552,2022-08-29 13:00:00+02:00,39.959999084472656,40.2400016784668,39.90999984741211,40.2400016784668,11073,0.0,0.0,2022-08-29
2553,2022-08-29 14:00:00+02:00,40.2400016784668,40.27000045776367,40.150001525878906,40.209999084472656,3755,0.0,0.0,2022-08-29
2554,2022-08-29 15:00:00+02:00,40.209999084472656,40.31999969482422,40.11000061035156,40.15999984741211,6323,0.0,0.0,2022-08-29
2555,2022-08-29 16:00:00+02:00,40.119998931884766,40.27000045776367,40.119998931884766,40.22999954223633,7198,0.0,0.0,2022-08-29
2556,2022-08-29 17:00:00+02:00,40.209999084472656,40.33000183105469,40.20000076293945,40.33000183105469,47836,0.0,0.0,2022-08-29
2557,2022-08-30 09:00:00+02:00,40.5,40.900001525878906,40.349998474121094,40.72999954223633,0,0.0,0.0,2022-08-30
2558,2022-08-30 10:00:00+02:00,40.7400016784668,40.84000015258789,40.5,40.61000061035156,6261,0.0,0.0,2022-08-30
2559,2022-08-30 11:00:00+02:00,40.619998931884766,40.75,40.58000183105469,40.7400016784668,7573,0.0,0.0,2022-08-30
2560,2022-08-30 12:00:00+02:00,40.709999084472656,40.75,40.65999984741211,40.72999954223633,5310,0.0,0.0,2022-08-30
2561,2022-08-30 13:00:00+02:00,40.720001220703125,40.77000045776367,40.65999984741211,40.66999816894531,4270,0.0,0.0,2022-08-30
2562,2022-08-30 14:00:00+02:00,40.66999816894531,40.75,40.540000915527344,40.540000915527344,9179,0.0,0.0,2022-08-30
2563,2022-08-30 15:00:00+02:00,40.5099983215332,40.58000183105469,40.40999984741211,40.43000030517578,16052,0.0,0.0,2022-08-30
2564,2022-08-30 16:00:00+02:00,40.43000030517578,40.43000030517578,40.209999084472656,40.34000015258789,17136,0.0,0.0,2022-08-30
2565,2022-08-30 17:00:00+02:00,40.36000061035156,40.400001525878906,40.310001373291016,40.38999938964844,83361,0.0,0.0,2022-08-30
2566,2022-08-31 09:00:00+02:00,40.56999969482422,40.63999938964844,40.45000076293945,40.45000076293945,0,0.0,0.0,2022-08-31
2567,2022-08-31 10:00:00+02:00,40.459999084472656,40.56999969482422,40.41999816894531,40.41999816894531,10123,0.0,0.0,2022-08-31
2568,2022-08-31 11:00:00+02:00,40.45000076293945,40.45000076293945,40.209999084472656,40.34000015258789,10023,0.0,0.0,2022-08-31
2569,2022-08-31 12:00:00+02:00,40.36000061035156,40.47999954223633,40.2599983215332,40.45000076293945,9398,0.0,0.0,2022-08-31
2570,2022-08-31 13:00:00+02:00,40.45000076293945,40.45000076293945,40.25,40.290000915527344,12986,0.0,0.0,2022-08-31
2571,2022-08-31 14:00:00+02:00,40.279998779296875,40.41999816894531,40.27000045776367,40.40999984741211,7269,0.0,0.0,2022-08-31
2572,2022-08-31 15:00:00+02:00,40.439998626708984,40.599998474121094,40.369998931884766,40.52000045776367,14865,0.0,0.0,2022-08-31
2573,2022-08-31 16:00:00+02:00,40.470001220703125,40.709999084472656,40.470001220703125,40.61000061035156,27157,0.0,0.0,2022-08-31
2574,2022-08-31 17:00:00+02:00,40.59000015258789,40.599998474121094,40.4900016784668,40.4900016784668,293994,0.0,0.0,2022-08-31
2575,2022-09-01 09:00:00+02:00,40.18000030517578,40.25,40.06999969482422,40.11000061035156,0,0.0,0.0,2022-09-01
2576,2022-09-01 10:00:00+02:00,40.13999938964844,40.2599983215332,39.58000183105469,39.650001525878906,28962,0.0,0.0,2022-09-01
2577,2022-09-01 11:00:00+02:00,39.68000030517578,39.849998474121094,39.619998931884766,39.72999954223633,22538,0.0,0.0,2022-09-01
2578,2022-09-01 12:00:00+02:00,39.72999954223633,39.79999923706055,39.630001068115234,39.70000076293945,21969,0.0,0.0,2022-09-01
2579,2022-09-01 13:00:00+02:00,39.709999084472656,39.79999923706055,39.650001525878906,39.75,9072,0.0,0.0,2022-09-01
2580,2022-09-01 14:00:00+02:00,39.7400016784668,39.91999816894531,39.7400016784668,39.88999938964844,24222,0.0,0.0,2022-09-01
2581,2022-09-01 15:00:00+02:00,39.88999938964844,39.970001220703125,39.77000045776367,39.849998474121094,10277,0.0,0.0,2022-09-01
2582,2022-09-01 16:00:00+02:00,39.880001068115234,39.97999954223633,39.66999816894531,39.880001068115234,15610,0.0,0.0,2022-09-01
2583,2022-09-01 17:00:00+02:00,39.880001068115234,39.939998626708984,39.84000015258789,39.939998626708984,0,0.0,0.0,2022-09-01
2584,2022-09-02 09:00:00+02:00,40.119998931884766,40.529998779296875,40.119998931884766,40.43000030517578,30231,0.0,0.0,2022-09-02
2585,2022-09-02 10:00:00+02:00,40.439998626708984,40.63999938964844,40.439998626708984,40.630001068115234,10787,0.0,0.0,2022-09-02
2586,2022-09-02 11:00:00+02:00,40.63999938964844,40.709999084472656,40.54999923706055,40.58000183105469,6338,0.0,0.0,2022-09-02
2587,2022-09-02 12:00:00+02:00,40.619998931884766,40.650001525878906,40.529998779296875,40.58000183105469,4190,0.0,0.0,2022-09-02
2588,2022-09-02 13:00:00+02:00,40.58000183105469,40.599998474121094,40.470001220703125,40.599998474121094,4856,0.0,0.0,2022-09-02
2589,2022-09-02 14:00:00+02:00,40.599998474121094,40.709999084472656,40.52000045776367,40.619998931884766,7090,0.0,0.0,2022-09-02
2590,2022-09-02 15:00:00+02:00,40.619998931884766,40.68000030517578,40.47999954223633,40.68000030517578,19042,0.0,0.0,2022-09-02
2591,2022-09-02 16:00:00+02:00,40.68000030517578,40.84000015258789,40.650001525878906,40.84000015258789,40168,0.0,0.0,2022-09-02
2592,2022-09-02 17:00:00+02:00,40.849998474121094,40.91999816894531,40.65999984741211,40.91999816894531,170248,0.0,0.0,2022-09-02
2593,2022-09-05 09:00:00+02:00,40.0,40.099998474121094,39.779998779296875,39.880001068115234,0,0.0,0.0,2022-09-05
2594,2022-09-05 10:00:00+02:00,39.86000061035156,39.970001220703125,39.77000045776367,39.959999084472656,8409,0.0,0.0,2022-09-05
2595,2022-09-05 11:00:00+02:00,40.0,40.040000915527344,39.90999984741211,40.02000045776367,4367,0.0,0.0,2022-09-05
2596,2022-09-05 12:00:00+02:00,40.0099983215332,40.040000915527344,39.79999923706055,39.79999923706055,5323,0.0,0.0,2022-09-05
2597,2022-09-05 13:00:00+02:00,39.790000915527344,39.849998474121094,39.779998779296875,39.79999923706055,6846,0.0,0.0,2022-09-05
2598,2022-09-05 14:00:00+02:00,39.810001373291016,39.83000183105469,39.720001220703125,39.7599983215332,13557,0.0,0.0,2022-09-05
2599,2022-09-05 15:00:00+02:00,39.77000045776367,39.849998474121094,39.72999954223633,39.72999954223633,12445,0.0,0.0,2022-09-05
2600,2022-09-05 16:00:00+02:00,39.72999954223633,39.81999969482422,39.68000030517578,39.72999954223633,19345,0.0,0.0,2022-09-05
2601,2022-09-05 17:00:00+02:00,39.72999954223633,39.75,39.5099983215332,39.5099983215332,194081,0.0,0.0,2022-09-05
2602,2022-09-06 09:00:00+02:00,39.470001220703125,39.88999938964844,39.43000030517578,39.88999938964844,0,0.0,0.0,2022-09-06
2603,2022-09-06 10:00:00+02:00,39.91999816894531,39.91999816894531,39.709999084472656,39.75,13482,0.0,0.0,2022-09-06
2604,2022-09-06 11:00:00+02:00,39.72999954223633,39.849998474121094,39.470001220703125,39.81999969482422,19298,0.0,0.0,2022-09-06
2605,2022-09-06 12:00:00+02:00,39.83000183105469,39.849998474121094,39.720001220703125,39.75,6017,0.0,0.0,2022-09-06
2606,2022-09-06 13:00:00+02:00,39.7599983215332,39.93000030517578,39.7599983215332,39.90999984741211,6081,0.0,0.0,2022-09-06
2607,2022-09-06 14:00:00+02:00,39.90999984741211,39.939998626708984,39.79999923706055,39.880001068115234,26479,0.0,0.0,2022-09-06
2608,2022-09-06 15:00:00+02:00,39.880001068115234,40.0099983215332,39.66999816894531,39.7599983215332,39896,0.0,0.0,2022-09-06
2609,2022-09-06 16:00:00+02:00,39.7599983215332,39.84000015258789,39.54999923706055,39.84000015258789,22464,0.0,0.0,2022-09-06
2610,2022-09-06 17:00:00+02:00,39.83000183105469,39.849998474121094,39.72999954223633,39.779998779296875,118184,0.0,0.0,2022-09-06
2611,2022-09-07 09:00:00+02:00,39.439998626708984,39.59000015258789,39.2400016784668,39.36000061035156,0,0.0,0.0,2022-09-07
2612,2022-09-07 10:00:00+02:00,39.349998474121094,39.529998779296875,39.34000015258789,39.45000076293945,9440,0.0,0.0,2022-09-07
2613,2022-09-07 11:00:00+02:00,39.439998626708984,39.45000076293945,39.22999954223633,39.36000061035156,9253,0.0,0.0,2022-09-07
2614,2022-09-07 12:00:00+02:00,39.36000061035156,39.459999084472656,39.310001373291016,39.38999938964844,10447,0.0,0.0,2022-09-07
2615,2022-09-07 13:00:00+02:00,39.400001525878906,39.40999984741211,39.2400016784668,39.279998779296875,13646,0.0,0.0,2022-09-07
2616,2022-09-07 14:00:00+02:00,39.279998779296875,39.279998779296875,38.72999954223633,38.77000045776367,66708,0.0,0.0,2022-09-07
2617,2022-09-07 15:00:00+02:00,38.779998779296875,39.060001373291016,38.630001068115234,38.95000076293945,32735,0.0,0.0,2022-09-07
2618,2022-09-07 16:00:00+02:00,38.95000076293945,39.369998931884766,38.91999816894531,39.33000183105469,21574,0.0,0.0,2022-09-07
2619,2022-09-07 17:00:00+02:00,39.33000183105469,39.38999938964844,39.27000045776367,39.279998779296875,241643,0.0,0.0,2022-09-07
2620,2022-09-08 09:00:00+02:00,39.529998779296875,39.9900016784668,39.5,39.88999938964844,0,0.0,0.0,2022-09-08
2621,2022-09-08 10:00:00+02:00,39.88999938964844,39.900001525878906,39.77000045776367,39.790000915527344,6320,0.0,0.0,2022-09-08
2622,2022-09-08 11:00:00+02:00,39.79999923706055,39.810001373291016,39.68000030517578,39.77000045776367,7659,0.0,0.0,2022-09-08
2623,2022-09-08 12:00:00+02:00,39.77000045776367,39.77000045776367,39.689998626708984,39.7599983215332,3796,0.0,0.0,2022-09-08
2624,2022-09-08 13:00:00+02:00,39.7400016784668,39.900001525878906,39.720001220703125,39.88999938964844,5095,0.0,0.0,2022-09-08
2625,2022-09-08 14:00:00+02:00,39.900001525878906,40.09000015258789,39.72999954223633,39.7400016784668,50160,0.0,0.0,2022-09-08
2626,2022-09-08 15:00:00+02:00,39.70000076293945,39.77000045776367,39.470001220703125,39.77000045776367,18393,0.0,0.0,2022-09-08
2627,2022-09-08 16:00:00+02:00,39.779998779296875,40.13999938964844,39.75,40.13999938964844,13817,0.0,0.0,2022-09-08
2628,2022-09-08 17:00:00+02:00,40.15999984741211,40.18000030517578,40.060001373291016,40.060001373291016,0,0.0,0.0,2022-09-08
2629,2022-09-09 09:00:00+02:00,40.189998626708984,40.470001220703125,40.18000030517578,40.40999984741211,22691,0.0,0.0,2022-09-09
2630,2022-09-09 10:00:00+02:00,40.369998931884766,40.63999938964844,40.34000015258789,40.630001068115234,16492,0.0,0.0,2022-09-09
2631,2022-09-09 11:00:00+02:00,40.63999938964844,40.720001220703125,40.52000045776367,40.59000015258789,12436,0.0,0.0,2022-09-09
2632,2022-09-09 12:00:00+02:00,40.59000015258789,40.65999984741211,40.560001373291016,40.650001525878906,3760,0.0,0.0,2022-09-09
2633,2022-09-09 13:00:00+02:00,40.650001525878906,40.689998626708984,40.58000183105469,40.650001525878906,6889,0.0,0.0,2022-09-09
2634,2022-09-09 14:00:00+02:00,40.65999984741211,40.779998779296875,40.630001068115234,40.77000045776367,4438,0.0,0.0,2022-09-09
2635,2022-09-09 15:00:00+02:00,40.77000045776367,40.790000915527344,40.619998931884766,40.70000076293945,11977,0.0,0.0,2022-09-09
2636,2022-09-09 16:00:00+02:00,40.689998626708984,40.720001220703125,40.61000061035156,40.68000030517578,21796,0.0,0.0,2022-09-09
2637,2022-09-09 17:00:00+02:00,40.68000030517578,40.7400016784668,40.650001525878906,40.66999816894531,128248,0.0,0.0,2022-09-09
2638,2022-09-12 09:00:00+02:00,40.88999938964844,41.22999954223633,40.88999938964844,41.099998474121094,0,0.0,0.0,2022-09-12
2639,2022-09-12 10:00:00+02:00,41.099998474121094,41.150001525878906,40.880001068115234,41.08000183105469,15590,0.0,0.0,2022-09-12
2640,2022-09-12 11:00:00+02:00,41.060001373291016,41.15999984741211,40.959999084472656,40.970001220703125,9295,0.0,0.0,2022-09-12
2641,2022-09-12 12:00:00+02:00,40.970001220703125,41.040000915527344,40.849998474121094,40.849998474121094,11004,0.0,0.0,2022-09-12
2642,2022-09-12 13:00:00+02:00,40.83000183105469,40.900001525878906,40.79999923706055,40.849998474121094,9837,0.0,0.0,2022-09-12
2643,2022-09-12 14:00:00+02:00,40.84000015258789,41.040000915527344,40.810001373291016,40.97999954223633,14408,0.0,0.0,2022-09-12
2644,2022-09-12 15:00:00+02:00,40.9900016784668,41.41999816894531,40.9900016784668,41.38999938964844,17633,0.0,0.0,2022-09-12
2645,2022-09-12 16:00:00+02:00,41.38999938964844,41.63999938964844,41.33000183105469,41.63999938964844,53829,0.0,0.0,2022-09-12
2646,2022-09-12 17:00:00+02:00,41.63999938964844,41.70000076293945,41.529998779296875,41.70000076293945,233548,0.0,0.0,2022-09-12
2647,2022-09-13 09:00:00+02:00,41.0099983215332,41.150001525878906,40.099998474121094,40.880001068115234,0,0.0,0.0,2022-09-13
2648,2022-09-13 10:00:00+02:00,40.900001525878906,40.9900016784668,40.400001525878906,40.66999816894531,36092,0.0,0.0,2022-09-13
2649,2022-09-13 11:00:00+02:00,40.66999816894531,40.7400016784668,40.54999923706055,40.70000076293945,27588,0.0,0.0,2022-09-13
2650,2022-09-13 12:00:00+02:00,40.689998626708984,40.869998931884766,40.689998626708984,40.79999923706055,23511,0.0,0.0,2022-09-13
2651,2022-09-13 13:00:00+02:00,40.79999923706055,40.83000183105469,40.70000076293945,40.720001220703125,17254,0.0,0.0,2022-09-13
2652,2022-09-13 14:00:00+02:00,40.720001220703125,40.79999923706055,40.11000061035156,40.11000061035156,65830,0.0,0.0,2022-09-13
2653,2022-09-13 15:00:00+02:00,40.11000061035156,40.2400016784668,39.869998931884766,40.099998474121094,41479,0.0,0.0,2022-09-13
2654,2022-09-13 16:00:00+02:00,40.06999969482422,40.06999969482422,39.40999984741211,39.41999816894531,77579,0.0,0.0,2022-09-13
2655,2022-09-13 17:00:00+02:00,39.40999984741211,39.45000076293945,39.20000076293945,39.20000076293945,378656,0.0,0.0,2022-09-13
2656,2022-09-14 09:00:00+02:00,39.099998474121094,39.58000183105469,39.04999923706055,39.45000076293945,0,0.0,0.0,2022-09-14
2657,2022-09-14 10:00:00+02:00,39.40999984741211,39.41999816894531,39.20000076293945,39.38999938964844,33247,0.0,0.0,2022-09-14
2658,2022-09-14 11:00:00+02:00,39.400001525878906,39.540000915527344,39.36000061035156,39.459999084472656,20655,0.0,0.0,2022-09-14
2659,2022-09-14 12:00:00+02:00,39.45000076293945,39.47999954223633,39.22999954223633,39.2400016784668,33938,0.0,0.0,2022-09-14
2660,2022-09-14 13:00:00+02:00,39.22999954223633,39.22999954223633,39.06999969482422,39.06999969482422,36333,0.0,0.0,2022-09-14
2661,2022-09-14 14:00:00+02:00,39.11000061035156,39.5,39.09000015258789,39.45000076293945,20056,0.0,0.0,2022-09-14
2662,2022-09-14 15:00:00+02:00,39.45000076293945,39.68000030517578,39.369998931884766,39.540000915527344,37994,0.0,0.0,2022-09-14
2663,2022-09-14 16:00:00+02:00,39.540000915527344,39.540000915527344,39.13999938964844,39.220001220703125,32852,0.0,0.0,2022-09-14
2664,2022-09-14 17:00:00+02:00,39.2400016784668,39.25,39.06999969482422,39.06999969482422,251150,0.0,0.0,2022-09-14
2665,2022-09-15 09:00:00+02:00,39.22999954223633,39.88999938964844,39.22999954223633,39.709999084472656,0,0.0,0.0,2022-09-15
2666,2022-09-15 10:00:00+02:00,39.709999084472656,39.77000045776367,39.560001373291016,39.70000076293945,20260,0.0,0.0,2022-09-15
2667,2022-09-15 11:00:00+02:00,39.720001220703125,39.869998931884766,39.709999084472656,39.7599983215332,19623,0.0,0.0,2022-09-15
2668,2022-09-15 12:00:00+02:00,39.7599983215332,39.810001373291016,39.709999084472656,39.779998779296875,15836,0.0,0.0,2022-09-15
2669,2022-09-15 13:00:00+02:00,39.77000045776367,39.810001373291016,39.7400016784668,39.7599983215332,11915,0.0,0.0,2022-09-15
2670,2022-09-15 14:00:00+02:00,39.75,39.90999984741211,39.75,39.810001373291016,17699,0.0,0.0,2022-09-15
2671,2022-09-15 15:00:00+02:00,39.81999969482422,39.91999816894531,39.65999984741211,39.790000915527344,32341,0.0,0.0,2022-09-15
2672,2022-09-15 16:00:00+02:00,39.79999923706055,39.91999816894531,39.77000045776367,39.849998474121094,34831,0.0,0.0,2022-09-15
2673,2022-09-15 17:00:00+02:00,39.84000015258789,39.91999816894531,39.65999984741211,39.65999984741211,0,0.0,0.0,2022-09-15
2674,2022-09-16 09:00:00+02:00,39.20000076293945,39.22999954223633,38.91999816894531,39.099998474121094,52557,0.0,0.0,2022-09-16
2675,2022-09-16 10:00:00+02:00,39.08000183105469,39.119998931884766,38.970001220703125,39.029998779296875,13285,0.0,0.0,2022-09-16
2676,2022-09-16 11:00:00+02:00,39.060001373291016,39.11000061035156,38.90999984741211,39.0,145865,0.0,0.0,2022-09-16
2677,2022-09-16 12:00:00+02:00,39.0,39.2599983215332,39.0,39.209999084472656,22193,0.0,0.0,2022-09-16
2678,2022-09-16 13:00:00+02:00,39.20000076293945,39.34000015258789,39.119998931884766,39.310001373291016,8946,0.0,0.0,2022-09-16
2679,2022-09-16 14:00:00+02:00,39.31999969482422,39.52000045776367,39.31999969482422,39.439998626708984,22214,0.0,0.0,2022-09-16
2680,2022-09-16 15:00:00+02:00,39.459999084472656,39.869998931884766,39.45000076293945,39.709999084472656,39229,0.0,0.0,2022-09-16
2681,2022-09-16 16:00:00+02:00,39.709999084472656,39.91999816894531,39.709999084472656,39.849998474121094,25973,0.0,0.0,2022-09-16
2682,2022-09-16 17:00:00+02:00,39.849998474121094,39.9900016784668,39.630001068115234,39.75,792292,0.0,0.0,2022-09-16
2683,2022-09-19 09:00:00+02:00,39.720001220703125,39.720001220703125,39.31999969482422,39.54999923706055,0,0.0,0.0,2022-09-19
2684,2022-09-19 10:00:00+02:00,39.58000183105469,39.70000076293945,39.54999923706055,39.630001068115234,19128,0.0,0.0,2022-09-19
2685,2022-09-19 11:00:00+02:00,39.63999938964844,39.68000030517578,39.45000076293945,39.59000015258789,42032,0.0,0.0,2022-09-19
2686,2022-09-19 12:00:00+02:00,39.599998474121094,39.70000076293945,39.5099983215332,39.70000076293945,15998,0.0,0.0,2022-09-19
2687,2022-09-19 13:00:00+02:00,39.709999084472656,39.810001373291016,39.650001525878906,39.66999816894531,8381,0.0,0.0,2022-09-19
2688,2022-09-19 14:00:00+02:00,39.68000030517578,39.790000915527344,39.66999816894531,39.7400016784668,10065,0.0,0.0,2022-09-19
2689,2022-09-19 15:00:00+02:00,39.75,39.88999938964844,39.650001525878906,39.88999938964844,14104,0.0,0.0,2022-09-19
2690,2022-09-19 16:00:00+02:00,39.880001068115234,40.220001220703125,39.849998474121094,40.18000030517578,25689,0.0,0.0,2022-09-19
2691,2022-09-19 17:00:00+02:00,40.189998626708984,40.20000076293945,39.9900016784668,39.9900016784668,155339,0.0,0.0,2022-09-19
2692,2022-09-20 09:00:00+02:00,40.11000061035156,40.34000015258789,40.0,40.029998779296875,0,0.0,0.0,2022-09-20
2693,2022-09-20 10:00:00+02:00,40.02000045776367,40.04999923706055,39.650001525878906,39.689998626708984,21369,0.0,0.0,2022-09-20
2694,2022-09-20 11:00:00+02:00,39.689998626708984,39.70000076293945,39.47999954223633,39.56999969482422,19803,0.0,0.0,2022-09-20
2695,2022-09-20 12:00:00+02:00,39.56999969482422,39.709999084472656,39.52000045776367,39.709999084472656,6596,0.0,0.0,2022-09-20
2696,2022-09-20 13:00:00+02:00,39.7599983215332,39.86000061035156,39.630001068115234,39.779998779296875,7883,0.0,0.0,2022-09-20
2697,2022-09-20 14:00:00+02:00,39.790000915527344,39.86000061035156,39.68000030517578,39.720001220703125,19318,0.0,0.0,2022-09-20
2698,2022-09-20 15:00:00+02:00,39.720001220703125,39.83000183105469,39.540000915527344,39.560001373291016,17632,0.0,0.0,2022-09-20
2699,2022-09-20 16:00:00+02:00,39.56999969482422,39.7400016784668,39.529998779296875,39.7400016784668,81191,0.0,0.0,2022-09-20
2700,2022-09-20 17:00:00+02:00,39.7400016784668,39.88999938964844,39.650001525878906,39.88999938964844,362749,0.0,0.0,2022-09-20
2701,2022-09-21 09:00:00+02:00,39.66999816894531,40.290000915527344,39.599998474121094,40.20000076293945,0,0.0,0.0,2022-09-21
2702,2022-09-21 10:00:00+02:00,40.08000183105469,40.099998474121094,40.0,40.0099983215332,6929,0.0,0.0,2022-09-21
2703,2022-09-21 11:00:00+02:00,40.029998779296875,40.2599983215332,40.029998779296875,40.25,8162,0.0,0.0,2022-09-21
2704,2022-09-21 12:00:00+02:00,40.290000915527344,40.459999084472656,40.220001220703125,40.41999816894531,7951,0.0,0.0,2022-09-21
2705,2022-09-21 13:00:00+02:00,40.439998626708984,40.439998626708984,40.34000015258789,40.34000015258789,8410,0.0,0.0,2022-09-21
2706,2022-09-21 14:00:00+02:00,40.36000061035156,40.41999816894531,40.2599983215332,40.310001373291016,45484,0.0,0.0,2022-09-21
2707,2022-09-21 15:00:00+02:00,40.33000183105469,40.439998626708984,40.279998779296875,40.36000061035156,39124,0.0,0.0,2022-09-21
2708,2022-09-21 16:00:00+02:00,40.36000061035156,40.77000045776367,40.33000183105469,40.630001068115234,49191,0.0,0.0,2022-09-21
2709,2022-09-21 17:00:00+02:00,40.63999938964844,41.0099983215332,40.61000061035156,41.0099983215332,281965,0.0,0.0,2022-09-21
2710,2022-09-22 09:00:00+02:00,40.29999923706055,41.02000045776367,40.20000076293945,41.0099983215332,0,0.0,0.0,2022-09-22
2711,2022-09-22 10:00:00+02:00,41.029998779296875,41.099998474121094,40.83000183105469,40.93000030517578,9904,0.0,0.0,2022-09-22
2712,2022-09-22 11:00:00+02:00,40.95000076293945,41.150001525878906,40.790000915527344,41.150001525878906,24178,0.0,0.0,2022-09-22
2713,2022-09-22 12:00:00+02:00,41.11000061035156,41.310001373291016,41.06999969482422,41.310001373291016,22014,0.0,0.0,2022-09-22
2714,2022-09-22 13:00:00+02:00,41.310001373291016,41.349998474121094,41.16999816894531,41.29999923706055,17508,0.0,0.0,2022-09-22
2715,2022-09-22 14:00:00+02:00,41.279998779296875,41.4900016784668,41.27000045776367,41.43000030517578,22414,0.0,0.0,2022-09-22
2716,2022-09-22 15:00:00+02:00,41.41999816894531,41.4900016784668,41.209999084472656,41.209999084472656,34935,0.0,0.0,2022-09-22
2717,2022-09-22 16:00:00+02:00,41.189998626708984,41.2599983215332,41.06999969482422,41.18000030517578,23522,0.0,0.0,2022-09-22
2718,2022-09-22 17:00:00+02:00,41.16999816894531,41.16999816894531,40.970001220703125,40.970001220703125,199310,0.0,0.0,2022-09-22
2719,2022-09-23 09:00:00+02:00,40.79999923706055,40.959999084472656,40.4900016784668,40.599998474121094,0,0.0,0.0,2022-09-23
2720,2022-09-23 10:00:00+02:00,40.61000061035156,40.61000061035156,40.41999816894531,40.4900016784668,13974,0.0,0.0,2022-09-23
2721,2022-09-23 11:00:00+02:00,40.5,40.650001525878906,40.209999084472656,40.349998474121094,12738,0.0,0.0,2022-09-23
2722,2022-09-23 12:00:00+02:00,40.33000183105469,40.38999938964844,40.0,40.0,30344,0.0,0.0,2022-09-23
2723,2022-09-23 13:00:00+02:00,40.0,40.22999954223633,39.93000030517578,40.13999938964844,38772,0.0,0.0,2022-09-23
2724,2022-09-23 14:00:00+02:00,40.130001068115234,40.36000061035156,40.09000015258789,40.290000915527344,18831,0.0,0.0,2022-09-23
2725,2022-09-23 15:00:00+02:00,40.290000915527344,40.29999923706055,39.77000045776367,39.810001373291016,50071,0.0,0.0,2022-09-23
2726,2022-09-23 16:00:00+02:00,39.81999969482422,39.97999954223633,39.41999816894531,39.54999923706055,71705,0.0,0.0,2022-09-23
2727,2022-09-23 17:00:00+02:00,39.560001373291016,39.720001220703125,39.54999923706055,39.58000183105469,30209,0.0,0.0,2022-09-23
2728,2022-09-26 09:00:00+02:00,39.130001068115234,39.20000076293945,38.849998474121094,38.86000061035156,0,0.0,0.0,2022-09-26
2729,2022-09-26 10:00:00+02:00,38.86000061035156,38.86000061035156,38.400001525878906,38.68000030517578,67608,0.0,0.0,2022-09-26
2730,2022-09-26 11:00:00+02:00,38.66999816894531,38.810001373291016,38.16999816894531,38.220001220703125,53663,0.0,0.0,2022-09-26
2731,2022-09-26 12:00:00+02:00,38.220001220703125,38.2599983215332,37.83000183105469,38.15999984741211,85198,0.0,0.0,2022-09-26
2732,2022-09-26 13:00:00+02:00,38.15999984741211,38.439998626708984,38.130001068115234,38.2599983215332,18769,0.0,0.0,2022-09-26
2733,2022-09-26 14:00:00+02:00,38.27000045776367,38.369998931884766,38.20000076293945,38.27000045776367,19491,0.0,0.0,2022-09-26
2734,2022-09-26 15:00:00+02:00,38.25,38.380001068115234,38.04999923706055,38.34000015258789,35463,0.0,0.0,2022-09-26
2735,2022-09-26 16:00:00+02:00,38.36000061035156,38.369998931884766,38.029998779296875,38.33000183105469,32967,0.0,0.0,2022-09-26
2736,2022-09-26 17:00:00+02:00,38.31999969482422,38.34000015258789,38.02000045776367,38.02000045776367,186785,0.0,0.0,2022-09-26
2737,2022-09-27 09:00:00+02:00,38.43000030517578,39.06999969482422,38.43000030517578,39.040000915527344,0,0.0,0.0,2022-09-27
2738,2022-09-27 10:00:00+02:00,39.0099983215332,39.099998474121094,38.720001220703125,38.720001220703125,16581,0.0,0.0,2022-09-27
2739,2022-09-27 11:00:00+02:00,38.709999084472656,38.7400016784668,38.439998626708984,38.54999923706055,15859,0.0,0.0,2022-09-27
2740,2022-09-27 12:00:00+02:00,38.560001373291016,38.93000030517578,38.5099983215332,38.790000915527344,28456,0.0,0.0,2022-09-27
2741,2022-09-27 13:00:00+02:00,38.790000915527344,39.0099983215332,38.77000045776367,38.93000030517578,12645,0.0,0.0,2022-09-27
2742,2022-09-27 14:00:00+02:00,38.93000030517578,39.0099983215332,38.810001373291016,38.810001373291016,15249,0.0,0.0,2022-09-27
2743,2022-09-27 15:00:00+02:00,38.79999923706055,38.84000015258789,38.59000015258789,38.59000015258789,15004,0.0,0.0,2022-09-27
2744,2022-09-27 16:00:00+02:00,38.58000183105469,38.84000015258789,38.38999938964844,38.83000183105469,35971,0.0,0.0,2022-09-27
2745,2022-09-27 17:00:00+02:00,38.83000183105469,38.880001068115234,38.5099983215332,38.5099983215332,0,0.0,0.0,2022-09-27
2746,2022-09-28 09:00:00+02:00,38.150001525878906,38.15999984741211,37.47999954223633,37.7400016784668,43177,0.0,0.0,2022-09-28
2747,2022-09-28 10:00:00+02:00,37.75,37.75,37.09000015258789,37.119998931884766,56261,0.0,0.0,2022-09-28
2748,2022-09-28 11:00:00+02:00,37.11000061035156,37.150001525878906,36.560001373291016,36.93000030517578,54535,0.0,0.0,2022-09-28
2749,2022-09-28 12:00:00+02:00,36.91999816894531,37.70000076293945,36.90999984741211,37.470001220703125,30285,0.0,0.0,2022-09-28
2750,2022-09-28 13:00:00+02:00,37.43000030517578,37.470001220703125,37.09000015258789,37.099998474121094,11103,0.0,0.0,2022-09-28
2751,2022-09-28 14:00:00+02:00,37.16999816894531,37.4900016784668,36.95000076293945,37.34000015258789,40242,0.0,0.0,2022-09-28
2752,2022-09-28 15:00:00+02:00,37.34000015258789,37.61000061035156,37.20000076293945,37.59000015258789,16233,0.0,0.0,2022-09-28
2753,2022-09-28 16:00:00+02:00,37.599998474121094,37.66999816894531,37.40999984741211,37.619998931884766,28450,0.0,0.0,2022-09-28
2754,2022-09-28 17:00:00+02:00,37.61000061035156,37.66999816894531,37.540000915527344,37.540000915527344,170905,0.0,0.0,2022-09-28
2755,2022-09-29 09:00:00+02:00,37.400001525878906,37.4900016784668,36.900001525878906,37.2599983215332,0,0.0,0.0,2022-09-29
2756,2022-09-29 10:00:00+02:00,37.27000045776367,37.36000061035156,37.15999984741211,37.20000076293945,15880,0.0,0.0,2022-09-29
2757,2022-09-29 11:00:00+02:00,37.18000030517578,37.56999969482422,37.18000030517578,37.560001373291016,14577,0.0,0.0,2022-09-29
2758,2022-09-29 12:00:00+02:00,37.540000915527344,37.540000915527344,37.189998626708984,37.209999084472656,23268,0.0,0.0,2022-09-29
2759,2022-09-29 13:00:00+02:00,37.16999816894531,37.290000915527344,37.040000915527344,37.189998626708984,19603,0.0,0.0,2022-09-29
2760,2022-09-29 14:00:00+02:00,37.16999816894531,37.279998779296875,36.939998626708984,37.04999923706055,30644,0.0,0.0,2022-09-29
2761,2022-09-29 15:00:00+02:00,37.06999969482422,37.189998626708984,36.9900016784668,37.02000045776367,20206,0.0,0.0,2022-09-29
2762,2022-09-29 16:00:00+02:00,37.0099983215332,37.040000915527344,36.65999984741211,37.0099983215332,50760,0.0,0.0,2022-09-29
2763,2022-09-29 17:00:00+02:00,36.9900016784668,37.119998931884766,36.90999984741211,36.939998626708984,179238,0.0,0.0,2022-09-29
2764,2022-09-30 09:00:00+02:00,37.130001068115234,37.63999938964844,37.029998779296875,37.5,0,0.0,0.0,2022-09-30
2765,2022-09-30 10:00:00+02:00,37.529998779296875,37.689998626708984,37.459999084472656,37.5,10709,0.0,0.0,2022-09-30
2766,2022-09-30 11:00:00+02:00,37.5,37.56999969482422,37.349998474121094,37.459999084472656,14206,0.0,0.0,2022-09-30
2767,2022-09-30 12:00:00+02:00,37.5,37.529998779296875,37.18000030517578,37.189998626708984,8486,0.0,0.0,2022-09-30
2768,2022-09-30 13:00:00+02:00,37.209999084472656,37.2400016784668,37.029998779296875,37.130001068115234,7691,0.0,0.0,2022-09-30
2769,2022-09-30 14:00:00+02:00,37.119998931884766,37.63999938964844,37.119998931884766,37.61000061035156,28920,0.0,0.0,2022-09-30
2770,2022-09-30 15:00:00+02:00,37.599998474121094,37.83000183105469,37.470001220703125,37.630001068115234,52074,0.0,0.0,2022-09-30
2771,2022-09-30 16:00:00+02:00,37.650001525878906,37.77000045776367,37.400001525878906,37.41999816894531,37715,0.0,0.0,2022-09-30
2772,2022-09-30 17:00:00+02:00,37.43000030517578,37.45000076293945,37.31999969482422,37.439998626708984,200634,0.0,0.0,2022-09-30
2773,2022-10-03 09:00:00+02:00,37.06999969482422,37.310001373291016,36.72999954223633,37.08000183105469,0,0.0,0.0,2022-10-03
2774,2022-10-03 10:00:00+02:00,37.040000915527344,37.060001373291016,36.84000015258789,37.02000045776367,18174,0.0,0.0,2022-10-03
2775,2022-10-03 11:00:00+02:00,36.9900016784668,37.279998779296875,36.900001525878906,37.16999816894531,14801,0.0,0.0,2022-10-03
2776,2022-10-03 12:00:00+02:00,37.15999984741211,37.369998931884766,37.099998474121094,37.34000015258789,16732,0.0,0.0,2022-10-03
2777,2022-10-03 13:00:00+02:00,37.34000015258789,37.439998626708984,37.34000015258789,37.439998626708984,11709,0.0,0.0,2022-10-03
2778,2022-10-03 14:00:00+02:00,37.47999954223633,37.58000183105469,37.369998931884766,37.58000183105469,26020,0.0,0.0,2022-10-03
2779,2022-10-03 15:00:00+02:00,37.56999969482422,37.79999923706055,37.529998779296875,37.79999923706055,23477,0.0,0.0,2022-10-03
2780,2022-10-03 16:00:00+02:00,37.81999969482422,38.06999969482422,37.810001373291016,38.02000045776367,55255,0.0,0.0,2022-10-03
2781,2022-10-03 17:00:00+02:00,38.0099983215332,38.20000076293945,37.93000030517578,38.20000076293945,214600,0.0,0.0,2022-10-03
2782,2022-10-04 09:00:00+02:00,38.630001068115234,38.880001068115234,38.459999084472656,38.849998474121094,0,0.0,0.0,2022-10-04
2783,2022-10-04 10:00:00+02:00,38.869998931884766,39.0,38.869998931884766,38.95000076293945,24789,0.0,0.0,2022-10-04
2784,2022-10-04 11:00:00+02:00,38.959999084472656,39.16999816894531,38.939998626708984,39.150001525878906,14362,0.0,0.0,2022-10-04
2785,2022-10-04 12:00:00+02:00,39.150001525878906,39.349998474121094,39.11000061035156,39.209999084472656,18300,0.0,0.0,2022-10-04
2786,2022-10-04 13:00:00+02:00,39.209999084472656,39.209999084472656,39.08000183105469,39.130001068115234,10395,0.0,0.0,2022-10-04
2787,2022-10-04 14:00:00+02:00,39.11000061035156,39.16999816894531,39.0099983215332,39.040000915527344,9808,0.0,0.0,2022-10-04
2788,2022-10-04 15:00:00+02:00,39.04999923706055,39.369998931884766,38.970001220703125,39.290000915527344,16769,0.0,0.0,2022-10-04
2789,2022-10-04 16:00:00+02:00,39.279998779296875,39.369998931884766,39.189998626708984,39.27000045776367,31579,0.0,0.0,2022-10-04
2790,2022-10-04 17:00:00+02:00,39.279998779296875,39.43000030517578,39.2599983215332,39.34000015258789,175862,0.0,0.0,2022-10-04
2791,2022-10-05 09:00:00+02:00,39.290000915527344,39.709999084472656,39.209999084472656,39.58000183105469,0,0.0,0.0,2022-10-05
2792,2022-10-05 10:00:00+02:00,39.560001373291016,39.77000045776367,39.52000045776367,39.650001525878906,54017,0.0,0.0,2022-10-05
2793,2022-10-05 11:00:00+02:00,39.65999984741211,39.880001068115234,39.619998931884766,39.720001220703125,34871,0.0,0.0,2022-10-05
2794,2022-10-05 12:00:00+02:00,39.709999084472656,39.84000015258789,39.650001525878906,39.84000015258789,32499,0.0,0.0,2022-10-05
2795,2022-10-05 13:00:00+02:00,39.849998474121094,40.08000183105469,39.81999969482422,39.97999954223633,25402,0.0,0.0,2022-10-05
2796,2022-10-05 14:00:00+02:00,39.970001220703125,40.06999969482422,39.959999084472656,40.02000045776367,18691,0.0,0.0,2022-10-05
2797,2022-10-05 15:00:00+02:00,40.02000045776367,40.15999984741211,40.0099983215332,40.06999969482422,21259,0.0,0.0,2022-10-05
2798,2022-10-05 16:00:00+02:00,40.060001373291016,40.060001373291016,39.900001525878906,40.02000045776367,54702,0.0,0.0,2022-10-05
2799,2022-10-05 17:00:00+02:00,40.02000045776367,40.099998474121094,39.9900016784668,40.099998474121094,428113,0.0,0.0,2022-10-05
2800,2022-10-06 09:00:00+02:00,40.2400016784668,40.470001220703125,39.7400016784668,39.810001373291016,0,0.0,0.0,2022-10-06
2801,2022-10-06 10:00:00+02:00,39.79999923706055,39.869998931884766,39.68000030517578,39.689998626708984,15371,0.0,0.0,2022-10-06
2802,2022-10-06 11:00:00+02:00,39.66999816894531,39.810001373291016,39.540000915527344,39.560001373291016,18707,0.0,0.0,2022-10-06
2803,2022-10-06 12:00:00+02:00,39.54999923706055,39.63999938964844,39.4900016784668,39.52000045776367,11895,0.0,0.0,2022-10-06
2804,2022-10-06 13:00:00+02:00,39.52000045776367,39.560001373291016,39.38999938964844,39.400001525878906,9255,0.0,0.0,2022-10-06
2805,2022-10-06 14:00:00+02:00,39.38999938964844,39.540000915527344,39.33000183105469,39.36000061035156,14310,0.0,0.0,2022-10-06
2806,2022-10-06 15:00:00+02:00,39.369998931884766,39.369998931884766,39.15999984741211,39.18000030517578,19143,0.0,0.0,2022-10-06
2807,2022-10-06 16:00:00+02:00,39.150001525878906,39.150001525878906,38.970001220703125,38.970001220703125,30037,0.0,0.0,2022-10-06
2808,2022-10-06 17:00:00+02:00,38.970001220703125,38.970001220703125,38.81999969482422,38.81999969482422,220037,0.0,0.0,2022-10-06
2809,2022-10-07 09:00:00+02:00,38.7599983215332,39.060001373291016,38.45000076293945,38.5099983215332,0,0.0,0.0,2022-10-07
2810,2022-10-07 10:00:00+02:00,38.54999923706055,38.70000076293945,38.33000183105469,38.380001068115234,39113,0.0,0.0,2022-10-07
2811,2022-10-07 11:00:00+02:00,38.380001068115234,38.63999938964844,38.36000061035156,38.58000183105469,19249,0.0,0.0,2022-10-07
2812,2022-10-07 12:00:00+02:00,38.599998474121094,38.630001068115234,38.349998474121094,38.380001068115234,26147,0.0,0.0,2022-10-07
2813,2022-10-07 13:00:00+02:00,38.369998931884766,38.47999954223633,38.369998931884766,38.459999084472656,10022,0.0,0.0,2022-10-07
2814,2022-10-07 14:00:00+02:00,38.470001220703125,38.560001373291016,38.08000183105469,38.209999084472656,37353,0.0,0.0,2022-10-07
2815,2022-10-07 15:00:00+02:00,38.20000076293945,38.40999984741211,38.08000183105469,38.099998474121094,11539,0.0,0.0,2022-10-07
2816,2022-10-07 16:00:00+02:00,38.11000061035156,38.40999984741211,38.040000915527344,38.380001068115234,14514,0.0,0.0,2022-10-07
2817,2022-10-07 17:00:00+02:00,38.38999938964844,38.459999084472656,38.029998779296875,38.029998779296875,205655,0.0,0.0,2022-10-07
2818,2022-10-10 09:00:00+02:00,37.65999984741211,38.25,37.65999984741211,38.04999923706055,0,0.0,0.0,2022-10-10
2819,2022-10-10 10:00:00+02:00,38.06999969482422,38.09000015258789,37.970001220703125,38.060001373291016,34010,0.0,0.0,2022-10-10
2820,2022-10-10 11:00:00+02:00,38.09000015258789,38.38999938964844,38.09000015258789,38.34000015258789,15942,0.0,0.0,2022-10-10
2821,2022-10-10 12:00:00+02:00,38.34000015258789,38.36000061035156,38.2599983215332,38.349998474121094,8217,0.0,0.0,2022-10-10
2822,2022-10-10 13:00:00+02:00,38.33000183105469,38.59000015258789,38.290000915527344,38.58000183105469,15532,0.0,0.0,2022-10-10
2823,2022-10-10 14:00:00+02:00,38.58000183105469,38.7400016784668,38.52000045776367,38.59000015258789,11189,0.0,0.0,2022-10-10
2824,2022-10-10 15:00:00+02:00,38.56999969482422,38.65999984741211,38.5,38.52000045776367,8963,0.0,0.0,2022-10-10
2825,2022-10-10 16:00:00+02:00,38.5099983215332,38.630001068115234,38.459999084472656,38.56999969482422,19723,0.0,0.0,2022-10-10
2826,2022-10-10 17:00:00+02:00,38.560001373291016,38.56999969482422,38.33000183105469,38.33000183105469,127469,0.0,0.0,2022-10-10
2827,2022-10-11 09:00:00+02:00,38.18000030517578,38.33000183105469,37.93000030517578,38.040000915527344,0,0.0,0.0,2022-10-11
2828,2022-10-11 10:00:00+02:00,38.029998779296875,38.119998931884766,37.9900016784668,38.08000183105469,14639,0.0,0.0,2022-10-11
2829,2022-10-11 11:00:00+02:00,38.13999938964844,38.25,38.040000915527344,38.11000061035156,10984,0.0,0.0,2022-10-11
2830,2022-10-11 12:00:00+02:00,38.09000015258789,38.09000015258789,37.81999969482422,37.86000061035156,15999,0.0,0.0,2022-10-11
2831,2022-10-11 13:00:00+02:00,37.869998931884766,37.93000030517578,37.81999969482422,37.86000061035156,8269,0.0,0.0,2022-10-11
2832,2022-10-11 14:00:00+02:00,37.81999969482422,38.040000915527344,37.79999923706055,37.880001068115234,12674,0.0,0.0,2022-10-11
2833,2022-10-11 15:00:00+02:00,37.869998931884766,37.869998931884766,37.619998931884766,37.63999938964844,27869,0.0,0.0,2022-10-11
2834,2022-10-11 16:00:00+02:00,37.61000061035156,37.630001068115234,37.4900016784668,37.5099983215332,28874,0.0,0.0,2022-10-11
2835,2022-10-11 17:00:00+02:00,37.5,37.619998931884766,37.4900016784668,37.56999969482422,183773,0.0,0.0,2022-10-11
2836,2022-10-12 09:00:00+02:00,37.41999816894531,37.41999816894531,36.689998626708984,36.75,0,0.0,0.0,2022-10-12
2837,2022-10-12 10:00:00+02:00,36.709999084472656,37.150001525878906,36.709999084472656,37.13999938964844,15982,0.0,0.0,2022-10-12
2838,2022-10-12 11:00:00+02:00,37.119998931884766,37.38999938964844,37.11000061035156,37.38999938964844,29265,0.0,0.0,2022-10-12
2839,2022-10-12 12:00:00+02:00,37.41999816894531,37.529998779296875,37.349998474121094,37.5,11705,0.0,0.0,2022-10-12
2840,2022-10-12 13:00:00+02:00,37.4900016784668,37.5099983215332,37.33000183105469,37.33000183105469,9389,0.0,0.0,2022-10-12
2841,2022-10-12 14:00:00+02:00,37.310001373291016,37.400001525878906,37.15999984741211,37.29999923706055,12137,0.0,0.0,2022-10-12
2842,2022-10-12 15:00:00+02:00,37.25,37.2599983215332,36.95000076293945,37.11000061035156,23168,0.0,0.0,2022-10-12
2843,2022-10-12 16:00:00+02:00,37.11000061035156,37.220001220703125,37.02000045776367,37.099998474121094,30373,0.0,0.0,2022-10-12
2844,2022-10-12 17:00:00+02:00,37.099998474121094,37.209999084472656,36.95000076293945,36.95000076293945,318952,0.0,0.0,2022-10-12
2845,2022-10-13 09:00:00+02:00,36.75,37.90999984741211,36.7400016784668,37.63999938964844,0,0.0,0.0,2022-10-13
2846,2022-10-13 10:00:00+02:00,37.619998931884766,37.7599983215332,37.56999969482422,37.70000076293945,11879,0.0,0.0,2022-10-13
2847,2022-10-13 11:00:00+02:00,37.68000030517578,37.79999923706055,37.68000030517578,37.709999084472656,10807,0.0,0.0,2022-10-13
2848,2022-10-13 12:00:00+02:00,37.689998626708984,37.689998626708984,37.41999816894531,37.45000076293945,19293,0.0,0.0,2022-10-13
2849,2022-10-13 13:00:00+02:00,37.459999084472656,37.84000015258789,37.38999938964844,37.65999984741211,67817,0.0,0.0,2022-10-13
2850,2022-10-13 14:00:00+02:00,37.650001525878906,37.810001373291016,36.880001068115234,37.0,73571,0.0,0.0,2022-10-13
2851,2022-10-13 15:00:00+02:00,37.029998779296875,37.209999084472656,36.79999923706055,37.20000076293945,33512,0.0,0.0,2022-10-13
2852,2022-10-13 16:00:00+02:00,37.20000076293945,37.75,37.20000076293945,37.72999954223633,19889,0.0,0.0,2022-10-13
2853,2022-10-13 17:00:00+02:00,37.720001220703125,38.09000015258789,37.720001220703125,38.04999923706055,152646,0.0,0.0,2022-10-13
2854,2022-10-14 09:00:00+02:00,38.599998474121094,38.95000076293945,38.380001068115234,38.560001373291016,0,0.0,0.0,2022-10-14
2855,2022-10-14 10:00:00+02:00,38.5099983215332,38.63999938964844,38.41999816894531,38.56999969482422,14466,0.0,0.0,2022-10-14
2856,2022-10-14 11:00:00+02:00,38.540000915527344,38.720001220703125,38.45000076293945,38.63999938964844,20526,0.0,0.0,2022-10-14
2857,2022-10-14 12:00:00+02:00,38.65999984741211,38.93000030517578,38.650001525878906,38.869998931884766,13378,0.0,0.0,2022-10-14
2858,2022-10-14 13:00:00+02:00,38.86000061035156,38.91999816894531,38.58000183105469,38.599998474121094,7087,0.0,0.0,2022-10-14
2859,2022-10-14 14:00:00+02:00,38.58000183105469,39.0099983215332,38.54999923706055,38.9900016784668,26789,0.0,0.0,2022-10-14
2860,2022-10-14 15:00:00+02:00,38.97999954223633,39.20000076293945,38.86000061035156,39.0,28373,0.0,0.0,2022-10-14
2861,2022-10-14 16:00:00+02:00,38.88999938964844,38.900001525878906,38.599998474121094,38.75,28754,0.0,0.0,2022-10-14
2862,2022-10-14 17:00:00+02:00,38.7599983215332,38.880001068115234,38.68000030517578,38.68000030517578,0,0.0,0.0,2022-10-14
2863,2022-10-17 09:00:00+02:00,38.61000061035156,38.880001068115234,38.54999923706055,38.84000015258789,24650,0.0,0.0,2022-10-17
2864,2022-10-17 10:00:00+02:00,38.869998931884766,38.970001220703125,38.720001220703125,38.970001220703125,9451,0.0,0.0,2022-10-17
2865,2022-10-17 11:00:00+02:00,38.9900016784668,39.130001068115234,38.970001220703125,39.11000061035156,8144,0.0,0.0,2022-10-17
2866,2022-10-17 12:00:00+02:00,39.08000183105469,39.18000030517578,38.790000915527344,39.119998931884766,54099,0.0,0.0,2022-10-17
2867,2022-10-17 13:00:00+02:00,39.130001068115234,39.459999084472656,39.130001068115234,39.459999084472656,13339,0.0,0.0,2022-10-17
2868,2022-10-17 14:00:00+02:00,39.47999954223633,39.529998779296875,39.310001373291016,39.33000183105469,39196,0.0,0.0,2022-10-17
2869,2022-10-17 15:00:00+02:00,39.31999969482422,39.52000045776367,39.2599983215332,39.31999969482422,22425,0.0,0.0,2022-10-17
2870,2022-10-17 16:00:00+02:00,39.29999923706055,39.47999954223633,39.209999084472656,39.34000015258789,72637,0.0,0.0,2022-10-17
2871,2022-10-17 17:00:00+02:00,39.369998931884766,39.43000030517578,39.279998779296875,39.43000030517578,151339,0.0,0.0,2022-10-17
2872,2022-10-18 09:00:00+02:00,39.95000076293945,40.25,39.90999984741211,40.09000015258789,0,0.0,0.0,2022-10-18
2873,2022-10-18 10:00:00+02:00,40.040000915527344,40.099998474121094,39.83000183105469,39.84000015258789,33140,0.0,0.0,2022-10-18
2874,2022-10-18 11:00:00+02:00,39.81999969482422,39.849998474121094,39.61000061035156,39.720001220703125,29480,0.0,0.0,2022-10-18
2875,2022-10-18 12:00:00+02:00,39.720001220703125,39.970001220703125,39.68000030517578,39.91999816894531,9468,0.0,0.0,2022-10-18
2876,2022-10-18 13:00:00+02:00,39.959999084472656,40.060001373291016,39.959999084472656,40.0099983215332,5737,0.0,0.0,2022-10-18
2877,2022-10-18 14:00:00+02:00,40.0099983215332,40.130001068115234,40.0099983215332,40.040000915527344,33212,0.0,0.0,2022-10-18
2878,2022-10-18 15:00:00+02:00,40.040000915527344,40.060001373291016,39.95000076293945,40.0,20902,0.0,0.0,2022-10-18
2879,2022-10-18 16:00:00+02:00,40.0,40.09000015258789,39.869998931884766,39.91999816894531,35349,0.0,0.0,2022-10-18
2880,2022-10-18 17:00:00+02:00,39.91999816894531,39.93000030517578,39.84000015258789,39.84000015258789,117627,0.0,0.0,2022-10-18
2881,2022-10-19 09:00:00+02:00,40.0,40.22999954223633,39.720001220703125,39.880001068115234,0,0.0,0.0,2022-10-19
2882,2022-10-19 10:00:00+02:00,39.880001068115234,39.90999984741211,39.689998626708984,39.869998931884766,14029,0.0,0.0,2022-10-19
2883,2022-10-19 11:00:00+02:00,39.869998931884766,40.060001373291016,39.869998931884766,40.060001373291016,15031,0.0,0.0,2022-10-19
2884,2022-10-19 12:00:00+02:00,40.04999923706055,40.119998931884766,40.0099983215332,40.060001373291016,7586,0.0,0.0,2022-10-19
2885,2022-10-19 13:00:00+02:00,40.040000915527344,40.04999923706055,39.91999816894531,40.0099983215332,16373,0.0,0.0,2022-10-19
2886,2022-10-19 14:00:00+02:00,40.0099983215332,40.02000045776367,39.72999954223633,39.77000045776367,28141,0.0,0.0,2022-10-19
2887,2022-10-19 15:00:00+02:00,39.779998779296875,40.060001373291016,39.66999816894531,39.95000076293945,50709,0.0,0.0,2022-10-19
2888,2022-10-19 16:00:00+02:00,39.95000076293945,40.150001525878906,39.95000076293945,40.119998931884766,33656,0.0,0.0,2022-10-19
2889,2022-10-19 17:00:00+02:00,40.130001068115234,40.18000030517578,40.11000061035156,40.11000061035156,111885,0.0,0.0,2022-10-19
2890,2022-10-20 09:00:00+02:00,40.0,40.29999923706055,39.900001525878906,40.06999969482422,0,0.0,0.0,2022-10-20
2891,2022-10-20 10:00:00+02:00,40.060001373291016,40.060001373291016,39.869998931884766,39.90999984741211,15823,0.0,0.0,2022-10-20
2892,2022-10-20 11:00:00+02:00,39.93000030517578,39.959999084472656,39.7599983215332,39.83000183105469,11055,0.0,0.0,2022-10-20
2893,2022-10-20 12:00:00+02:00,39.83000183105469,40.02000045776367,39.81999969482422,39.900001525878906,17554,0.0,0.0,2022-10-20
2894,2022-10-20 13:00:00+02:00,39.88999938964844,40.04999923706055,39.88999938964844,39.959999084472656,16377,0.0,0.0,2022-10-20
2895,2022-10-20 14:00:00+02:00,39.959999084472656,40.11000061035156,39.880001068115234,39.970001220703125,31069,0.0,0.0,2022-10-20
2896,2022-10-20 15:00:00+02:00,39.93000030517578,40.16999816894531,39.91999816894531,40.119998931884766,29471,0.0,0.0,2022-10-20
2897,2022-10-20 16:00:00+02:00,40.11000061035156,40.27000045776367,40.08000183105469,40.130001068115234,20644,0.0,0.0,2022-10-20
2898,2022-10-20 17:00:00+02:00,40.13999938964844,40.13999938964844,39.95000076293945,40.09000015258789,131506,0.0,0.0,2022-10-20
2899,2022-10-21 09:00:00+02:00,39.849998474121094,40.060001373291016,39.79999923706055,39.86000061035156,0,0.0,0.0,2022-10-21
2900,2022-10-21 10:00:00+02:00,39.849998474121094,39.88999938964844,39.5,39.5,40114,0.0,0.0,2022-10-21
2901,2022-10-21 11:00:00+02:00,39.540000915527344,39.70000076293945,39.5,39.56999969482422,24372,0.0,0.0,2022-10-21
2902,2022-10-21 12:00:00+02:00,39.59000015258789,39.810001373291016,39.560001373291016,39.7599983215332,7279,0.0,0.0,2022-10-21
2903,2022-10-21 13:00:00+02:00,39.7599983215332,39.7599983215332,39.529998779296875,39.540000915527344,11553,0.0,0.0,2022-10-21
2904,2022-10-21 14:00:00+02:00,39.560001373291016,39.599998474121094,39.349998474121094,39.4900016784668,20176,0.0,0.0,2022-10-21
2905,2022-10-21 15:00:00+02:00,39.470001220703125,40.11000061035156,39.470001220703125,40.11000061035156,25396,0.0,0.0,2022-10-21
2906,2022-10-21 16:00:00+02:00,40.11000061035156,40.20000076293945,39.880001068115234,40.029998779296875,13473,0.0,0.0,2022-10-21
2907,2022-10-21 17:00:00+02:00,40.04999923706055,40.16999816894531,40.02000045776367,40.11000061035156,105780,0.0,0.0,2022-10-21
2908,2022-10-24 09:00:00+02:00,40.41999816894531,40.849998474121094,39.84000015258789,40.0099983215332,0,0.0,0.0,2022-10-24
2909,2022-10-24 10:00:00+02:00,39.959999084472656,40.08000183105469,39.459999084472656,39.86000061035156,68125,0.0,0.0,2022-10-24
2910,2022-10-24 11:00:00+02:00,39.869998931884766,40.38999938964844,39.81999969482422,40.38999938964844,57114,0.0,0.0,2022-10-24
2911,2022-10-24 12:00:00+02:00,40.349998474121094,40.41999816894531,40.209999084472656,40.27000045776367,12529,0.0,0.0,2022-10-24
2912,2022-10-24 13:00:00+02:00,40.2599983215332,40.2599983215332,40.099998474121094,40.150001525878906,59748,0.0,0.0,2022-10-24
2913,2022-10-24 14:00:00+02:00,40.13999938964844,40.150001525878906,39.83000183105469,39.880001068115234,62109,0.0,0.0,2022-10-24
2914,2022-10-24 15:00:00+02:00,39.869998931884766,40.029998779296875,39.70000076293945,39.93000030517578,37274,0.0,0.0,2022-10-24
2915,2022-10-24 16:00:00+02:00,39.93000030517578,39.939998626708984,39.54999923706055,39.880001068115234,89777,0.0,0.0,2022-10-24
2916,2022-10-24 17:00:00+02:00,39.869998931884766,39.95000076293945,39.7400016784668,39.7400016784668,140645,0.0,0.0,2022-10-24
2917,2022-10-25 09:00:00+02:00,39.81999969482422,39.900001525878906,38.81999969482422,39.20000076293945,0,0.0,0.0,2022-10-25
2918,2022-10-25 10:00:00+02:00,39.18000030517578,39.439998626708984,37.84000015258789,38.36000061035156,108131,0.0,0.0,2022-10-25
2919,2022-10-25 11:00:00+02:00,38.349998474121094,38.439998626708984,38.04999923706055,38.13999938964844,85591,0.0,0.0,2022-10-25
2920,2022-10-25 12:00:00+02:00,38.13999938964844,38.18000030517578,37.970001220703125,38.06999969482422,35496,0.0,0.0,2022-10-25
2921,2022-10-25 13:00:00+02:00,38.06999969482422,38.18000030517578,37.81999969482422,37.880001068115234,71832,0.0,0.0,2022-10-25
2922,2022-10-25 14:00:00+02:00,37.880001068115234,38.130001068115234,37.849998474121094,38.119998931884766,24428,0.0,0.0,2022-10-25
2923,2022-10-25 15:00:00+02:00,38.130001068115234,38.2400016784668,37.91999816894531,38.06999969482422,50632,0.0,0.0,2022-10-25
2924,2022-10-25 16:00:00+02:00,38.04999923706055,38.189998626708984,38.0,38.099998474121094,69410,0.0,0.0,2022-10-25
2925,2022-10-25 17:00:00+02:00,38.11000061035156,38.25,38.11000061035156,38.15999984741211,370263,0.0,0.0,2022-10-25
2926,2022-10-26 09:00:00+02:00,36.25,36.849998474121094,35.2599983215332,35.290000915527344,0,0.0,0.0,2022-10-26
2927,2022-10-26 10:00:00+02:00,35.279998779296875,35.529998779296875,34.540000915527344,34.56999969482422,172473,0.0,0.0,2022-10-26
2928,2022-10-26 11:00:00+02:00,34.54999923706055,35.0,34.2400016784668,34.79999923706055,125292,0.0,0.0,2022-10-26
2929,2022-10-26 12:00:00+02:00,34.77000045776367,35.310001373291016,34.630001068115234,35.2599983215332,53096,0.0,0.0,2022-10-26
2930,2022-10-26 13:00:00+02:00,35.2400016784668,35.439998626708984,35.18000030517578,35.349998474121094,48187,0.0,0.0,2022-10-26
2931,2022-10-26 14:00:00+02:00,35.369998931884766,35.5,35.34000015258789,35.40999984741211,34048,0.0,0.0,2022-10-26
2932,2022-10-26 15:00:00+02:00,35.40999984741211,35.4900016784668,35.189998626708984,35.20000076293945,32343,0.0,0.0,2022-10-26
2933,2022-10-26 16:00:00+02:00,35.20000076293945,35.41999816894531,34.68000030517578,34.68000030517578,87843,0.0,0.0,2022-10-26
2934,2022-10-26 17:00:00+02:00,34.68000030517578,34.689998626708984,34.459999084472656,34.61000061035156,351178,0.0,0.0,2022-10-26
2935,2022-10-27 09:00:00+02:00,34.2400016784668,34.91999816894531,34.150001525878906,34.560001373291016,0,0.0,0.0,2022-10-27
2936,2022-10-27 10:00:00+02:00,34.529998779296875,34.540000915527344,34.09000015258789,34.20000076293945,79029,0.0,0.0,2022-10-27
2937,2022-10-27 11:00:00+02:00,34.189998626708984,34.27000045776367,34.02000045776367,34.029998779296875,36564,0.0,0.0,2022-10-27
2938,2022-10-27 12:00:00+02:00,34.029998779296875,34.029998779296875,33.7400016784668,33.86000061035156,79090,0.0,0.0,2022-10-27
2939,2022-10-27 13:00:00+02:00,33.84000015258789,34.13999938964844,33.70000076293945,34.13999938964844,45507,0.0,0.0,2022-10-27
2940,2022-10-27 14:00:00+02:00,34.15999984741211,34.59000015258789,34.11000061035156,34.43000030517578,75290,0.0,0.0,2022-10-27
2941,2022-10-27 15:00:00+02:00,34.439998626708984,34.540000915527344,34.2599983215332,34.5099983215332,57424,0.0,0.0,2022-10-27
2942,2022-10-27 16:00:00+02:00,34.47999954223633,35.06999969482422,34.47999954223633,35.029998779296875,68406,0.0,0.0,2022-10-27
2943,2022-10-27 17:00:00+02:00,35.04999923706055,35.27000045776367,34.93000030517578,35.27000045776367,757631,0.0,0.0,2022-10-27
2944,2022-10-28 09:00:00+02:00,34.849998474121094,35.279998779296875,34.70000076293945,34.970001220703125,0,0.0,0.0,2022-10-28
2945,2022-10-28 10:00:00+02:00,34.970001220703125,35.02000045776367,34.470001220703125,34.61000061035156,51709,0.0,0.0,2022-10-28
2946,2022-10-28 11:00:00+02:00,34.599998474121094,34.869998931884766,34.54999923706055,34.83000183105469,15548,0.0,0.0,2022-10-28
2947,2022-10-28 12:00:00+02:00,34.83000183105469,34.83000183105469,34.310001373291016,34.38999938964844,43869,0.0,0.0,2022-10-28
2948,2022-10-28 13:00:00+02:00,34.400001525878906,34.869998931884766,34.369998931884766,34.84000015258789,21905,0.0,0.0,2022-10-28
2949,2022-10-28 14:00:00+02:00,34.84000015258789,34.939998626708984,34.720001220703125,34.939998626708984,26369,0.0,0.0,2022-10-28
2950,2022-10-28 15:00:00+02:00,34.93000030517578,35.220001220703125,34.93000030517578,35.0,45034,0.0,0.0,2022-10-28
2951,2022-10-28 16:00:00+02:00,35.0,35.099998474121094,34.900001525878906,35.040000915527344,33288,0.0,0.0,2022-10-28
2952,2022-10-28 17:00:00+02:00,35.029998779296875,35.25,34.959999084472656,35.25,352915,0.0,0.0,2022-10-28
2953,2022-10-31 09:00:00+01:00,35.33000183105469,35.38999938964844,34.650001525878906,35.209999084472656,0,0.0,0.0,2022-10-31
2954,2022-10-31 10:00:00+01:00,35.22999954223633,35.59000015258789,35.20000076293945,35.349998474121094,25117,0.0,0.0,2022-10-31
2955,2022-10-31 11:00:00+01:00,35.34000015258789,35.43000030517578,35.279998779296875,35.369998931884766,18894,0.0,0.0,2022-10-31
2956,2022-10-31 12:00:00+01:00,35.380001068115234,35.45000076293945,35.2400016784668,35.2400016784668,13373,0.0,0.0,2022-10-31
2957,2022-10-31 13:00:00+01:00,35.2400016784668,35.27000045776367,35.15999984741211,35.220001220703125,14193,0.0,0.0,2022-10-31
2958,2022-10-31 14:00:00+01:00,35.22999954223633,35.25,35.06999969482422,35.209999084472656,21536,0.0,0.0,2022-10-31
2959,2022-10-31 15:00:00+01:00,35.209999084472656,35.2599983215332,35.15999984741211,35.25,19623,0.0,0.0,2022-10-31
2960,2022-10-31 16:00:00+01:00,35.25,35.31999969482422,34.880001068115234,34.91999816894531,46819,0.0,0.0,2022-10-31
2961,2022-10-31 17:00:00+01:00,34.900001525878906,35.029998779296875,34.86000061035156,35.029998779296875,263891,0.0,0.0,2022-10-31
2962,2022-11-01 09:00:00+01:00,35.2400016784668,36.2599983215332,35.2400016784668,36.220001220703125,0,0.0,0.0,2022-11-01
2963,2022-11-01 10:00:00+01:00,36.189998626708984,36.380001068115234,36.04999923706055,36.34000015258789,31377,0.0,0.0,2022-11-01
2964,2022-11-01 11:00:00+01:00,36.31999969482422,36.380001068115234,36.06999969482422,36.08000183105469,38802,0.0,0.0,2022-11-01
2965,2022-11-01 12:00:00+01:00,36.09000015258789,36.31999969482422,36.09000015258789,36.18000030517578,17923,0.0,0.0,2022-11-01
2966,2022-11-01 13:00:00+01:00,36.18000030517578,36.18000030517578,35.959999084472656,36.060001373291016,14994,0.0,0.0,2022-11-01
2967,2022-11-01 14:00:00+01:00,36.060001373291016,36.06999969482422,35.93000030517578,35.9900016784668,16244,0.0,0.0,2022-11-01
2968,2022-11-01 15:00:00+01:00,35.97999954223633,35.97999954223633,35.7599983215332,35.790000915527344,31566,0.0,0.0,2022-11-01
2969,2022-11-01 16:00:00+01:00,35.81999969482422,35.86000061035156,35.40999984741211,35.59000015258789,61575,0.0,0.0,2022-11-01
2970,2022-11-01 17:00:00+01:00,35.560001373291016,35.619998931884766,35.47999954223633,35.58000183105469,171962,0.0,0.0,2022-11-01
2971,2022-11-02 09:00:00+01:00,35.81999969482422,35.95000076293945,35.400001525878906,35.400001525878906,0,0.0,0.0,2022-11-02
2972,2022-11-02 10:00:00+01:00,35.400001525878906,35.459999084472656,34.9900016784668,35.150001525878906,39655,0.0,0.0,2022-11-02
2973,2022-11-02 11:00:00+01:00,35.150001525878906,35.150001525878906,34.81999969482422,34.91999816894531,75400,0.0,0.0,2022-11-02
2974,2022-11-02 12:00:00+01:00,34.91999816894531,35.060001373291016,34.91999816894531,34.95000076293945,33770,0.0,0.0,2022-11-02
2975,2022-11-02 13:00:00+01:00,34.939998626708984,34.97999954223633,34.83000183105469,34.88999938964844,15552,0.0,0.0,2022-11-02
2976,2022-11-02 14:00:00+01:00,34.88999938964844,35.08000183105469,34.84000015258789,35.04999923706055,13896,0.0,0.0,2022-11-02
2977,2022-11-02 15:00:00+01:00,35.04999923706055,35.04999923706055,34.86000061035156,34.91999816894531,16347,0.0,0.0,2022-11-02
2978,2022-11-02 16:00:00+01:00,34.91999816894531,34.959999084472656,34.88999938964844,34.939998626708984,21200,0.0,0.0,2022-11-02
2979,2022-11-02 17:00:00+01:00,34.93000030517578,34.939998626708984,34.869998931884766,34.939998626708984,363142,0.0,0.0,2022-11-02
2980,2022-11-03 09:00:00+01:00,34.75,35.13999938964844,34.619998931884766,34.81999969482422,0,0.0,0.0,2022-11-03
2981,2022-11-03 10:00:00+01:00,34.84000015258789,35.369998931884766,34.84000015258789,35.31999969482422,47181,0.0,0.0,2022-11-03
2982,2022-11-03 11:00:00+01:00,35.310001373291016,35.310001373291016,35.029998779296875,35.13999938964844,25932,0.0,0.0,2022-11-03
2983,2022-11-03 12:00:00+01:00,35.13999938964844,35.18000030517578,35.08000183105469,35.09000015258789,17202,0.0,0.0,2022-11-03
2984,2022-11-03 13:00:00+01:00,35.09000015258789,35.15999984741211,34.91999816894531,35.0099983215332,13643,0.0,0.0,2022-11-03
2985,2022-11-03 14:00:00+01:00,35.02000045776367,35.09000015258789,34.79999923706055,34.79999923706055,30844,0.0,0.0,2022-11-03
2986,2022-11-03 15:00:00+01:00,34.810001373291016,34.9900016784668,34.79999923706055,34.9900016784668,22362,0.0,0.0,2022-11-03
2987,2022-11-03 16:00:00+01:00,34.97999954223633,35.38999938964844,34.970001220703125,35.380001068115234,28839,0.0,0.0,2022-11-03
2988,2022-11-03 17:00:00+01:00,35.380001068115234,35.56999969482422,35.380001068115234,35.470001220703125,132262,0.0,0.0,2022-11-03
2989,2022-11-04 09:00:00+01:00,36.040000915527344,36.18000030517578,35.84000015258789,36.06999969482422,0,0.0,0.0,2022-11-04
2990,2022-11-04 10:00:00+01:00,36.099998474121094,36.5,36.0099983215332,36.150001525878906,50287,0.0,0.0,2022-11-04
2991,2022-11-04 11:00:00+01:00,36.15999984741211,36.22999954223633,36.04999923706055,36.04999923706055,14292,0.0,0.0,2022-11-04
2992,2022-11-04 12:00:00+01:00,36.029998779296875,36.65999984741211,35.939998626708984,36.529998779296875,122592,0.0,0.0,2022-11-04
2993,2022-11-04 13:00:00+01:00,36.560001373291016,36.779998779296875,36.220001220703125,36.779998779296875,23315,0.0,0.0,2022-11-04
2994,2022-11-04 14:00:00+01:00,36.77000045776367,37.02000045776367,36.619998931884766,36.77000045776367,38188,0.0,0.0,2022-11-04
2995,2022-11-04 15:00:00+01:00,36.720001220703125,36.880001068115234,36.650001525878906,36.84000015258789,42453,0.0,0.0,2022-11-04
2996,2022-11-04 16:00:00+01:00,36.83000183105469,36.95000076293945,36.63999938964844,36.650001525878906,49646,0.0,0.0,2022-11-04
2997,2022-11-04 17:00:00+01:00,36.650001525878906,36.84000015258789,36.599998474121094,36.779998779296875,214271,0.0,0.0,2022-11-04
2998,2022-11-07 09:00:00+01:00,36.56999969482422,37.52000045776367,36.5,37.4900016784668,0,0.0,0.0,2022-11-07
2999,2022-11-07 10:00:00+01:00,37.47999954223633,37.529998779296875,37.25,37.290000915527344,18393,0.0,0.0,2022-11-07
3000,2022-11-07 11:00:00+01:00,37.310001373291016,37.40999984741211,37.27000045776367,37.33000183105469,19520,0.0,0.0,2022-11-07
3001,2022-11-07 12:00:00+01:00,37.31999969482422,37.380001068115234,37.29999923706055,37.369998931884766,8374,0.0,0.0,2022-11-07
3002,2022-11-07 13:00:00+01:00,37.36000061035156,37.4900016784668,37.33000183105469,37.459999084472656,10753,0.0,0.0,2022-11-07
3003,2022-11-07 14:00:00+01:00,37.45000076293945,37.4900016784668,37.31999969482422,37.380001068115234,12447,0.0,0.0,2022-11-07
3004,2022-11-07 15:00:00+01:00,37.38999938964844,37.38999938964844,37.119998931884766,37.15999984741211,23533,0.0,0.0,2022-11-07
3005,2022-11-07 16:00:00+01:00,37.15999984741211,37.290000915527344,37.130001068115234,37.25,18200,0.0,0.0,2022-11-07
3006,2022-11-07 17:00:00+01:00,37.25,37.25,37.04999923706055,37.04999923706055,435577,0.0,0.0,2022-11-07
3007,2022-11-08 09:00:00+01:00,37.099998474121094,37.13999938964844,36.70000076293945,36.790000915527344,0,0.0,0.0,2022-11-08
3008,2022-11-08 10:00:00+01:00,36.77000045776367,37.09000015258789,36.7599983215332,37.06999969482422,12282,0.0,0.0,2022-11-08
3009,2022-11-08 11:00:00+01:00,37.09000015258789,37.2400016784668,37.09000015258789,37.150001525878906,15887,0.0,0.0,2022-11-08
3010,2022-11-08 12:00:00+01:00,37.15999984741211,37.29999923706055,36.970001220703125,37.08000183105469,53572,0.0,0.0,2022-11-08
3011,2022-11-08 13:00:00+01:00,37.06999969482422,37.08000183105469,36.900001525878906,37.08000183105469,17269,0.0,0.0,2022-11-08
3012,2022-11-08 14:00:00+01:00,37.09000015258789,37.150001525878906,37.060001373291016,37.119998931884766,9818,0.0,0.0,2022-11-08
3013,2022-11-08 15:00:00+01:00,37.130001068115234,37.220001220703125,37.060001373291016,37.06999969482422,20117,0.0,0.0,2022-11-08
3014,2022-11-08 16:00:00+01:00,37.06999969482422,37.33000183105469,37.0,37.310001373291016,26166,0.0,0.0,2022-11-08
3015,2022-11-08 17:00:00+01:00,37.29999923706055,37.380001068115234,37.279998779296875,37.33000183105469,234345,0.0,0.0,2022-11-08
3016,2022-11-09 09:00:00+01:00,36.75,37.38999938964844,36.0,36.4900016784668,0,0.0,0.0,2022-11-09
3017,2022-11-09 10:00:00+01:00,36.4900016784668,36.4900016784668,36.099998474121094,36.27000045776367,48599,0.0,0.0,2022-11-09
3018,2022-11-09 11:00:00+01:00,36.25,36.25,35.779998779296875,36.029998779296875,44529,0.0,0.0,2022-11-09
3019,2022-11-09 12:00:00+01:00,36.029998779296875,36.130001068115234,35.880001068115234,36.0099983215332,18298,0.0,0.0,2022-11-09
3020,2022-11-09 13:00:00+01:00,36.02000045776367,36.150001525878906,36.0,36.13999938964844,13632,0.0,0.0,2022-11-09
3021,2022-11-09 14:00:00+01:00,36.18000030517578,36.560001373291016,36.08000183105469,36.540000915527344,18191,0.0,0.0,2022-11-09
3022,2022-11-09 15:00:00+01:00,36.540000915527344,36.599998474121094,36.43000030517578,36.4900016784668,26150,0.0,0.0,2022-11-09
3023,2022-11-09 16:00:00+01:00,36.47999954223633,36.5099983215332,36.08000183105469,36.11000061035156,46552,0.0,0.0,2022-11-09
3024,2022-11-09 17:00:00+01:00,36.099998474121094,36.279998779296875,36.08000183105469,36.150001525878906,234469,0.0,0.0,2022-11-09
3025,2022-11-10 09:00:00+01:00,35.79999923706055,36.31999969482422,35.58000183105469,36.130001068115234,0,0.0,0.0,2022-11-10
3026,2022-11-10 10:00:00+01:00,36.119998931884766,36.16999816894531,35.9900016784668,36.099998474121094,36393,0.0,0.0,2022-11-10
3027,2022-11-10 11:00:00+01:00,36.099998474121094,36.2599983215332,36.0,36.08000183105469,62617,0.0,0.0,2022-11-10
3028,2022-11-10 12:00:00+01:00,36.09000015258789,36.220001220703125,35.93000030517578,36.20000076293945,19470,0.0,0.0,2022-11-10
3029,2022-11-10 13:00:00+01:00,36.189998626708984,36.189998626708984,35.9900016784668,36.060001373291016,7285,0.0,0.0,2022-11-10
3030,2022-11-10 14:00:00+01:00,36.09000015258789,36.56999969482422,35.97999954223633,36.0,115059,0.0,0.0,2022-11-10
3031,2022-11-10 15:00:00+01:00,36.02000045776367,36.540000915527344,35.88999938964844,36.369998931884766,120585,0.0,0.0,2022-11-10
3032,2022-11-10 16:00:00+01:00,36.38999938964844,36.59000015258789,36.29999923706055,36.45000076293945,52451,0.0,0.0,2022-11-10
3033,2022-11-10 17:00:00+01:00,36.45000076293945,36.70000076293945,36.31999969482422,36.70000076293945,347616,0.0,0.0,2022-11-10
3034,2022-11-11 09:00:00+01:00,37.20000076293945,37.36000061035156,36.95000076293945,37.20000076293945,0,0.0,0.0,2022-11-11
3035,2022-11-11 10:00:00+01:00,37.189998626708984,37.5,37.189998626708984,37.279998779296875,38440,0.0,0.0,2022-11-11
3036,2022-11-11 11:00:00+01:00,37.279998779296875,37.45000076293945,37.279998779296875,37.310001373291016,19674,0.0,0.0,2022-11-11
3037,2022-11-11 12:00:00+01:00,37.29999923706055,37.56999969482422,37.18000030517578,37.20000076293945,53216,0.0,0.0,2022-11-11
3038,2022-11-11 13:00:00+01:00,37.18000030517578,37.310001373291016,37.040000915527344,37.29999923706055,11657,0.0,0.0,2022-11-11
3039,2022-11-11 14:00:00+01:00,37.310001373291016,37.400001525878906,37.209999084472656,37.2599983215332,15669,0.0,0.0,2022-11-11
3040,2022-11-11 15:00:00+01:00,37.2599983215332,37.34000015258789,37.08000183105469,37.18000030517578,36541,0.0,0.0,2022-11-11
3041,2022-11-11 16:00:00+01:00,37.16999816894531,37.369998931884766,37.029998779296875,37.279998779296875,49751,0.0,0.0,2022-11-11
3042,2022-11-11 17:00:00+01:00,37.279998779296875,37.59000015258789,37.20000076293945,37.59000015258789,646178,0.0,0.0,2022-11-11
3043,2022-11-14 09:00:00+01:00,37.849998474121094,38.029998779296875,37.349998474121094,37.529998779296875,0,0.0,0.0,2022-11-14
3044,2022-11-14 10:00:00+01:00,37.52000045776367,37.93000030517578,37.470001220703125,37.869998931884766,20315,0.0,0.0,2022-11-14
3045,2022-11-14 11:00:00+01:00,37.869998931884766,38.18000030517578,37.849998474121094,38.16999816894531,27901,0.0,0.0,2022-11-14
3046,2022-11-14 12:00:00+01:00,38.15999984741211,38.52000045776367,38.130001068115234,38.52000045776367,53762,0.0,0.0,2022-11-14
3047,2022-11-14 13:00:00+01:00,38.5099983215332,38.7599983215332,38.310001373291016,38.7400016784668,52699,0.0,0.0,2022-11-14
3048,2022-11-14 14:00:00+01:00,38.720001220703125,39.040000915527344,38.68000030517578,38.970001220703125,37805,0.0,0.0,2022-11-14
3049,2022-11-14 15:00:00+01:00,38.970001220703125,38.97999954223633,38.65999984741211,38.65999984741211,30903,0.0,0.0,2022-11-14
3050,2022-11-14 16:00:00+01:00,38.65999984741211,38.75,38.560001373291016,38.75,36811,0.0,0.0,2022-11-14
3051,2022-11-14 17:00:00+01:00,38.7400016784668,38.880001068115234,38.59000015258789,38.880001068115234,329019,0.0,0.0,2022-11-14
3052,2022-11-15 09:00:00+01:00,38.849998474121094,39.5,38.5099983215332,38.56999969482422,0,0.0,0.0,2022-11-15
3053,2022-11-15 10:00:00+01:00,38.54999923706055,38.630001068115234,38.220001220703125,38.25,70721,0.0,0.0,2022-11-15
3054,2022-11-15 11:00:00+01:00,38.2400016784668,38.25,38.0099983215332,38.029998779296875,44913,0.0,0.0,2022-11-15
3055,2022-11-15 12:00:00+01:00,38.040000915527344,38.040000915527344,37.619998931884766,37.810001373291016,63556,0.0,0.0,2022-11-15
3056,2022-11-15 13:00:00+01:00,37.81999969482422,38.13999938964844,37.66999816894531,37.709999084472656,51077,0.0,0.0,2022-11-15
3057,2022-11-15 14:00:00+01:00,37.70000076293945,37.959999084472656,37.4900016784668,37.540000915527344,75073,0.0,0.0,2022-11-15
3058,2022-11-15 15:00:00+01:00,37.540000915527344,37.540000915527344,37.36000061035156,37.439998626708984,67072,0.0,0.0,2022-11-15
3059,2022-11-15 16:00:00+01:00,37.439998626708984,37.66999816894531,37.400001525878906,37.54999923706055,65578,0.0,0.0,2022-11-15
3060,2022-11-15 17:00:00+01:00,37.560001373291016,37.630001068115234,37.36000061035156,37.630001068115234,339785,0.0,0.0,2022-11-15
3061,2022-11-16 09:00:00+01:00,37.560001373291016,37.7400016784668,37.20000076293945,37.61000061035156,0,0.0,0.0,2022-11-16
3062,2022-11-16 10:00:00+01:00,37.619998931884766,37.7400016784668,37.470001220703125,37.470001220703125,16640,0.0,0.0,2022-11-16
3063,2022-11-16 11:00:00+01:00,37.47999954223633,37.61000061035156,37.45000076293945,37.56999969482422,16473,0.0,0.0,2022-11-16
3064,2022-11-16 12:00:00+01:00,37.56999969482422,37.66999816894531,37.47999954223633,37.61000061035156,18310,0.0,0.0,2022-11-16
3065,2022-11-16 13:00:00+01:00,37.619998931884766,37.709999084472656,37.529998779296875,37.70000076293945,16941,0.0,0.0,2022-11-16
3066,2022-11-16 14:00:00+01:00,37.72999954223633,37.86000061035156,37.63999938964844,37.83000183105469,24292,0.0,0.0,2022-11-16
3067,2022-11-16 15:00:00+01:00,37.81999969482422,37.869998931884766,37.59000015258789,37.65999984741211,21425,0.0,0.0,2022-11-16
3068,2022-11-16 16:00:00+01:00,37.689998626708984,37.970001220703125,37.650001525878906,37.91999816894531,34206,0.0,0.0,2022-11-16
3069,2022-11-16 17:00:00+01:00,37.93000030517578,37.93000030517578,37.689998626708984,37.689998626708984,200690,0.0,0.0,2022-11-16
3070,2022-11-17 09:00:00+01:00,37.61000061035156,37.720001220703125,37.29999923706055,37.5099983215332,0,0.0,0.0,2022-11-17
3071,2022-11-17 10:00:00+01:00,37.52000045776367,37.54999923706055,37.22999954223633,37.400001525878906,31280,0.0,0.0,2022-11-17
3072,2022-11-17 11:00:00+01:00,37.40999984741211,37.529998779296875,37.40999984741211,37.459999084472656,10773,0.0,0.0,2022-11-17
3073,2022-11-17 12:00:00+01:00,37.47999954223633,37.4900016784668,37.150001525878906,37.349998474121094,14045,0.0,0.0,2022-11-17
3074,2022-11-17 13:00:00+01:00,37.36000061035156,37.36000061035156,37.0099983215332,37.040000915527344,24943,0.0,0.0,2022-11-17
3075,2022-11-17 14:00:00+01:00,37.06999969482422,37.279998779296875,37.04999923706055,37.189998626708984,12427,0.0,0.0,2022-11-17
3076,2022-11-17 15:00:00+01:00,37.18000030517578,37.52000045776367,37.18000030517578,37.470001220703125,27014,0.0,0.0,2022-11-17
3077,2022-11-17 16:00:00+01:00,37.4900016784668,37.68000030517578,37.47999954223633,37.650001525878906,14029,0.0,0.0,2022-11-17
3078,2022-11-17 17:00:00+01:00,37.63999938964844,37.66999816894531,37.560001373291016,37.56999969482422,123955,0.0,0.0,2022-11-17
3079,2022-11-18 09:00:00+01:00,37.72999954223633,37.79999923706055,37.58000183105469,37.75,0,0.0,0.0,2022-11-18
3080,2022-11-18 10:00:00+01:00,37.79999923706055,37.91999816894531,37.599998474121094,37.619998931884766,24919,0.0,0.0,2022-11-18
3081,2022-11-18 11:00:00+01:00,37.61000061035156,37.779998779296875,37.58000183105469,37.77000045776367,23661,0.0,0.0,2022-11-18
3082,2022-11-18 12:00:00+01:00,37.77000045776367,37.90999984741211,37.63999938964844,37.65999984741211,15176,0.0,0.0,2022-11-18
3083,2022-11-18 13:00:00+01:00,37.65999984741211,37.72999954223633,37.599998474121094,37.66999816894531,9508,0.0,0.0,2022-11-18
3084,2022-11-18 14:00:00+01:00,37.68000030517578,37.7599983215332,37.65999984741211,37.689998626708984,15052,0.0,0.0,2022-11-18
3085,2022-11-18 15:00:00+01:00,37.709999084472656,37.790000915527344,37.619998931884766,37.650001525878906,18432,0.0,0.0,2022-11-18
3086,2022-11-18 16:00:00+01:00,37.650001525878906,37.810001373291016,37.599998474121094,37.68000030517578,34571,0.0,0.0,2022-11-18
3087,2022-11-18 17:00:00+01:00,37.709999084472656,37.810001373291016,37.63999938964844,37.810001373291016,258651,0.0,0.0,2022-11-18
3088,2022-11-21 09:00:00+01:00,37.95000076293945,38.029998779296875,37.20000076293945,37.209999084472656,0,0.0,0.0,2022-11-21
3089,2022-11-21 10:00:00+01:00,37.209999084472656,37.41999816894531,37.119998931884766,37.290000915527344,17868,0.0,0.0,2022-11-21
3090,2022-11-21 11:00:00+01:00,37.27000045776367,37.5099983215332,37.27000045776367,37.459999084472656,8244,0.0,0.0,2022-11-21
3091,2022-11-21 12:00:00+01:00,37.470001220703125,37.4900016784668,37.22999954223633,37.290000915527344,19547,0.0,0.0,2022-11-21
3092,2022-11-21 13:00:00+01:00,37.290000915527344,37.38999938964844,37.279998779296875,37.38999938964844,9841,0.0,0.0,2022-11-21
3093,2022-11-21 14:00:00+01:00,37.38999938964844,37.400001525878906,37.31999969482422,37.33000183105469,11157,0.0,0.0,2022-11-21
3094,2022-11-21 15:00:00+01:00,37.349998474121094,37.439998626708984,37.33000183105469,37.38999938964844,24877,0.0,0.0,2022-11-21
3095,2022-11-21 16:00:00+01:00,37.400001525878906,37.400001525878906,37.11000061035156,37.119998931884766,33130,0.0,0.0,2022-11-21
3096,2022-11-21 17:00:00+01:00,37.11000061035156,37.22999954223633,37.11000061035156,37.220001220703125,152892,0.0,0.0,2022-11-21
3097,2022-11-22 09:00:00+01:00,37.29999923706055,37.4900016784668,37.099998474121094,37.349998474121094,0,0.0,0.0,2022-11-22
3098,2022-11-22 10:00:00+01:00,37.380001068115234,37.599998474121094,37.380001068115234,37.599998474121094,10971,0.0,0.0,2022-11-22
3099,2022-11-22 11:00:00+01:00,37.59000015258789,37.59000015258789,37.38999938964844,37.439998626708984,13546,0.0,0.0,2022-11-22
3100,2022-11-22 12:00:00+01:00,37.439998626708984,37.540000915527344,37.36000061035156,37.36000061035156,14258,0.0,0.0,2022-11-22
3101,2022-11-22 13:00:00+01:00,37.36000061035156,37.459999084472656,37.34000015258789,37.41999816894531,10279,0.0,0.0,2022-11-22
3102,2022-11-22 14:00:00+01:00,37.43000030517578,37.45000076293945,37.380001068115234,37.439998626708984,9851,0.0,0.0,2022-11-22
3103,2022-11-22 15:00:00+01:00,37.439998626708984,37.58000183105469,37.439998626708984,37.5099983215332,20883,0.0,0.0,2022-11-22
3104,2022-11-22 16:00:00+01:00,37.52000045776367,37.61000061035156,37.5099983215332,37.5099983215332,22566,0.0,0.0,2022-11-22
3105,2022-11-22 17:00:00+01:00,37.52000045776367,37.529998779296875,37.279998779296875,37.279998779296875,132397,0.0,0.0,2022-11-22
3106,2022-11-23 09:00:00+01:00,37.400001525878906,37.619998931884766,37.31999969482422,37.38999938964844,0,0.0,0.0,2022-11-23
3107,2022-11-23 10:00:00+01:00,37.38999938964844,37.52000045776367,37.33000183105469,37.45000076293945,16756,0.0,0.0,2022-11-23
3108,2022-11-23 11:00:00+01:00,37.45000076293945,37.52000045776367,37.38999938964844,37.439998626708984,17405,0.0,0.0,2022-11-23
3109,2022-11-23 12:00:00+01:00,37.41999816894531,37.5099983215332,37.38999938964844,37.470001220703125,19905,0.0,0.0,2022-11-23
3110,2022-11-23 13:00:00+01:00,37.470001220703125,37.68000030517578,37.470001220703125,37.68000030517578,15798,0.0,0.0,2022-11-23
3111,2022-11-23 14:00:00+01:00,37.68000030517578,37.779998779296875,37.56999969482422,37.58000183105469,17217,0.0,0.0,2022-11-23
3112,2022-11-23 15:00:00+01:00,37.560001373291016,37.619998931884766,37.38999938964844,37.5,24473,0.0,0.0,2022-11-23
3113,2022-11-23 16:00:00+01:00,37.5099983215332,37.5099983215332,37.36000061035156,37.369998931884766,20826,0.0,0.0,2022-11-23
3114,2022-11-23 17:00:00+01:00,37.38999938964844,37.41999816894531,37.2400016784668,37.29999923706055,214693,0.0,0.0,2022-11-23
3115,2022-11-24 09:00:00+01:00,37.41999816894531,37.790000915527344,37.41999816894531,37.54999923706055,0,0.0,0.0,2022-11-24
3116,2022-11-24 10:00:00+01:00,37.52000045776367,37.93000030517578,37.5,37.93000030517578,45609,0.0,0.0,2022-11-24
3117,2022-11-24 11:00:00+01:00,37.95000076293945,38.16999816894531,37.95000076293945,38.13999938964844,30146,0.0,0.0,2022-11-24
3118,2022-11-24 12:00:00+01:00,38.130001068115234,38.13999938964844,37.81999969482422,37.90999984741211,38519,0.0,0.0,2022-11-24
3119,2022-11-24 13:00:00+01:00,37.90999984741211,37.90999984741211,37.66999816894531,37.66999816894531,21412,0.0,0.0,2022-11-24
3120,2022-11-24 14:00:00+01:00,37.65999984741211,37.689998626708984,37.56999969482422,37.61000061035156,12482,0.0,0.0,2022-11-24
3121,2022-11-24 15:00:00+01:00,37.599998474121094,37.849998474121094,37.56999969482422,37.650001525878906,26101,0.0,0.0,2022-11-24
3122,2022-11-24 16:00:00+01:00,37.650001525878906,37.7599983215332,37.4900016784668,37.529998779296875,41225,0.0,0.0,2022-11-24
3123,2022-11-24 17:00:00+01:00,37.529998779296875,37.54999923706055,37.43000030517578,37.52000045776367,370008,0.0,0.0,2022-11-24
3124,2022-11-25 09:00:00+01:00,37.79999923706055,37.91999816894531,37.459999084472656,37.54999923706055,0,0.0,0.0,2022-11-25
3125,2022-11-25 10:00:00+01:00,37.540000915527344,37.7599983215332,37.540000915527344,37.68000030517578,15794,0.0,0.0,2022-11-25
3126,2022-11-25 11:00:00+01:00,37.650001525878906,37.88999938964844,37.630001068115234,37.869998931884766,7500,0.0,0.0,2022-11-25
3127,2022-11-25 12:00:00+01:00,37.849998474121094,37.869998931884766,37.7400016784668,37.7599983215332,9201,0.0,0.0,2022-11-25
3128,2022-11-25 13:00:00+01:00,37.75,37.849998474121094,37.70000076293945,37.77000045776367,8934,0.0,0.0,2022-11-25
3129,2022-11-25 14:00:00+01:00,37.779998779296875,37.79999923706055,37.59000015258789,37.63999938964844,16563,0.0,0.0,2022-11-25
3130,2022-11-25 15:00:00+01:00,37.650001525878906,37.81999969482422,37.61000061035156,37.810001373291016,58556,0.0,0.0,2022-11-25
3131,2022-11-25 16:00:00+01:00,37.79999923706055,37.84000015258789,37.7400016784668,37.779998779296875,21186,0.0,0.0,2022-11-25
3132,2022-11-25 17:00:00+01:00,37.779998779296875,37.880001068115234,37.75,37.880001068115234,170328,0.0,0.0,2022-11-25
3133,2022-11-28 09:00:00+01:00,37.720001220703125,37.810001373291016,37.5,37.560001373291016,0,0.0,0.0,2022-11-28
3134,2022-11-28 10:00:00+01:00,37.540000915527344,37.540000915527344,37.2400016784668,37.369998931884766,29849,0.0,0.0,2022-11-28
3135,2022-11-28 11:00:00+01:00,37.349998474121094,37.36000061035156,37.220001220703125,37.220001220703125,17640,0.0,0.0,2022-11-28
3136,2022-11-28 12:00:00+01:00,37.2400016784668,37.34000015258789,37.22999954223633,37.33000183105469,23428,0.0,0.0,2022-11-28
3137,2022-11-28 13:00:00+01:00,37.34000015258789,37.36000061035156,37.220001220703125,37.33000183105469,44883,0.0,0.0,2022-11-28
3138,2022-11-28 14:00:00+01:00,37.31999969482422,37.52000045776367,37.279998779296875,37.43000030517578,35898,0.0,0.0,2022-11-28
3139,2022-11-28 15:00:00+01:00,37.43000030517578,37.54999923706055,37.31999969482422,37.349998474121094,35289,0.0,0.0,2022-11-28
3140,2022-11-28 16:00:00+01:00,37.369998931884766,37.41999816894531,37.2400016784668,37.27000045776367,50566,0.0,0.0,2022-11-28
3141,2022-11-28 17:00:00+01:00,37.279998779296875,37.31999969482422,37.220001220703125,37.290000915527344,282096,0.0,0.0,2022-11-28
3142,2022-11-29 09:00:00+01:00,37.5,37.720001220703125,37.36000061035156,37.54999923706055,0,0.0,0.0,2022-11-29
3143,2022-11-29 10:00:00+01:00,37.560001373291016,37.58000183105469,37.41999816894531,37.470001220703125,14578,0.0,0.0,2022-11-29
3144,2022-11-29 11:00:00+01:00,37.5,37.68000030517578,37.5,37.650001525878906,28541,0.0,0.0,2022-11-29
3145,2022-11-29 12:00:00+01:00,37.650001525878906,37.72999954223633,37.630001068115234,37.72999954223633,14326,0.0,0.0,2022-11-29
3146,2022-11-29 13:00:00+01:00,37.70000076293945,37.7400016784668,37.65999984741211,37.7400016784668,11372,0.0,0.0,2022-11-29
3147,2022-11-29 14:00:00+01:00,37.75,37.7599983215332,37.65999984741211,37.66999816894531,14552,0.0,0.0,2022-11-29
3148,2022-11-29 15:00:00+01:00,37.66999816894531,37.77000045776367,37.65999984741211,37.77000045776367,20074,0.0,0.0,2022-11-29
3149,2022-11-29 16:00:00+01:00,37.77000045776367,37.79999923706055,37.720001220703125,37.79999923706055,31905,0.0,0.0,2022-11-29
3150,2022-11-29 17:00:00+01:00,37.790000915527344,37.810001373291016,37.63999938964844,37.810001373291016,341161,0.0,0.0,2022-11-29
3151,2022-11-30 09:00:00+01:00,37.939998626708984,38.2400016784668,37.84000015258789,37.95000076293945,0,0.0,0.0,2022-11-30
3152,2022-11-30 10:00:00+01:00,37.959999084472656,38.099998474121094,37.75,37.849998474121094,12346,0.0,0.0,2022-11-30
3153,2022-11-30 11:00:00+01:00,37.86000061035156,38.0,37.81999969482422,37.95000076293945,29117,0.0,0.0,2022-11-30
3154,2022-11-30 12:00:00+01:00,37.95000076293945,38.119998931884766,37.95000076293945,38.02000045776367,45123,0.0,0.0,2022-11-30
3155,2022-11-30 13:00:00+01:00,38.0099983215332,38.099998474121094,37.97999954223633,38.060001373291016,36126,0.0,0.0,2022-11-30
3156,2022-11-30 14:00:00+01:00,38.06999969482422,38.099998474121094,38.0,38.04999923706055,10373,0.0,0.0,2022-11-30
3157,2022-11-30 15:00:00+01:00,38.04999923706055,38.119998931884766,37.970001220703125,38.119998931884766,67185,0.0,0.0,2022-11-30
3158,2022-11-30 16:00:00+01:00,38.099998474121094,38.25,38.0099983215332,38.2400016784668,49937,0.0,0.0,2022-11-30
3159,2022-11-30 17:00:00+01:00,38.2400016784668,38.470001220703125,38.209999084472656,38.470001220703125,991940,0.0,0.0,2022-11-30
3160,2022-12-01 09:00:00+01:00,38.61000061035156,38.869998931884766,38.25,38.779998779296875,0,0.0,0.0,2022-12-01
3161,2022-12-01 10:00:00+01:00,38.779998779296875,38.86000061035156,38.66999816894531,38.849998474121094,34268,0.0,0.0,2022-12-01
3162,2022-12-01 11:00:00+01:00,38.83000183105469,39.08000183105469,38.83000183105469,39.08000183105469,49520,0.0,0.0,2022-12-01
3163,2022-12-01 12:00:00+01:00,39.04999923706055,39.119998931884766,38.88999938964844,38.91999816894531,25029,0.0,0.0,2022-12-01
3164,2022-12-01 13:00:00+01:00,38.93000030517578,39.08000183105469,38.88999938964844,39.06999969482422,34607,0.0,0.0,2022-12-01
3165,2022-12-01 14:00:00+01:00,39.08000183105469,39.130001068115234,38.95000076293945,38.97999954223633,31219,0.0,0.0,2022-12-01
3166,2022-12-01 15:00:00+01:00,38.9900016784668,39.08000183105469,38.869998931884766,38.900001525878906,31446,0.0,0.0,2022-12-01
3167,2022-12-01 16:00:00+01:00,38.90999984741211,38.95000076293945,38.79999923706055,38.900001525878906,48585,0.0,0.0,2022-12-01
3168,2022-12-01 17:00:00+01:00,38.900001525878906,39.099998474121094,38.77000045776367,39.099998474121094,697900,0.0,0.0,2022-12-01
3169,2022-12-02 09:00:00+01:00,39.5,39.650001525878906,39.189998626708984,39.5,0,0.0,0.0,2022-12-02
3170,2022-12-02 10:00:00+01:00,39.5,39.61000061035156,39.4900016784668,39.540000915527344,27346,0.0,0.0,2022-12-02
3171,2022-12-02 11:00:00+01:00,39.540000915527344,39.65999984741211,39.4900016784668,39.529998779296875,13942,0.0,0.0,2022-12-02
3172,2022-12-02 12:00:00+01:00,39.540000915527344,39.61000061035156,39.47999954223633,39.54999923706055,22504,0.0,0.0,2022-12-02
3173,2022-12-02 13:00:00+01:00,39.560001373291016,39.58000183105469,39.470001220703125,39.560001373291016,13557,0.0,0.0,2022-12-02
3174,2022-12-02 14:00:00+01:00,39.560001373291016,39.619998931884766,39.279998779296875,39.470001220703125,30972,0.0,0.0,2022-12-02
3175,2022-12-02 15:00:00+01:00,39.459999084472656,39.61000061035156,39.380001068115234,39.58000183105469,27836,0.0,0.0,2022-12-02
3176,2022-12-02 16:00:00+01:00,39.59000015258789,39.709999084472656,39.56999969482422,39.66999816894531,30332,0.0,0.0,2022-12-02
3177,2022-12-02 17:00:00+01:00,39.66999816894531,41.13999938964844,39.650001525878906,40.93000030517578,987673,0.0,0.0,2022-12-02
3178,2022-12-05 09:00:00+01:00,40.61000061035156,41.529998779296875,40.5,41.529998779296875,0,0.0,0.0,2022-12-05
3179,2022-12-05 10:00:00+01:00,41.529998779296875,41.88999938964844,41.459999084472656,41.83000183105469,94198,0.0,0.0,2022-12-05
3180,2022-12-05 11:00:00+01:00,41.81999969482422,41.91999816894531,41.56999969482422,41.72999954223633,73314,0.0,0.0,2022-12-05
3181,2022-12-05 12:00:00+01:00,41.72999954223633,41.72999954223633,41.33000183105469,41.54999923706055,52444,0.0,0.0,2022-12-05
3182,2022-12-05 13:00:00+01:00,41.560001373291016,41.560001373291016,41.18000030517578,41.25,30365,0.0,0.0,2022-12-05
3183,2022-12-05 14:00:00+01:00,41.2400016784668,41.2400016784668,41.02000045776367,41.150001525878906,32781,0.0,0.0,2022-12-05
3184,2022-12-05 15:00:00+01:00,41.150001525878906,41.2599983215332,40.810001373291016,40.81999969482422,38991,0.0,0.0,2022-12-05
3185,2022-12-05 16:00:00+01:00,40.790000915527344,40.95000076293945,40.5,40.630001068115234,90212,0.0,0.0,2022-12-05
3186,2022-12-05 17:00:00+01:00,40.650001525878906,40.779998779296875,40.4900016784668,40.599998474121094,509669,0.0,0.0,2022-12-05
3187,2022-12-06 09:00:00+01:00,40.5,41.220001220703125,40.279998779296875,41.189998626708984,0,0.0,0.0,2022-12-06
3188,2022-12-06 10:00:00+01:00,41.189998626708984,41.2599983215332,41.060001373291016,41.09000015258789,27057,0.0,0.0,2022-12-06
3189,2022-12-06 11:00:00+01:00,41.08000183105469,41.15999984741211,40.95000076293945,41.0,25665,0.0,0.0,2022-12-06
3190,2022-12-06 12:00:00+01:00,41.0,41.0,40.68000030517578,40.91999816894531,52788,0.0,0.0,2022-12-06
3191,2022-12-06 13:00:00+01:00,40.93000030517578,41.119998931884766,40.90999984741211,41.119998931884766,10806,0.0,0.0,2022-12-06
3192,2022-12-06 14:00:00+01:00,41.150001525878906,41.20000076293945,40.90999984741211,41.029998779296875,37122,0.0,0.0,2022-12-06
3193,2022-12-06 15:00:00+01:00,41.02000045776367,41.11000061035156,40.84000015258789,40.86000061035156,30718,0.0,0.0,2022-12-06
3194,2022-12-06 16:00:00+01:00,40.880001068115234,40.9900016784668,40.790000915527344,40.97999954223633,29094,0.0,0.0,2022-12-06
3195,2022-12-06 17:00:00+01:00,40.9900016784668,41.040000915527344,40.939998626708984,40.939998626708984,310962,0.0,0.0,2022-12-06
3196,2022-12-07 09:00:00+01:00,40.779998779296875,40.91999816894531,40.56999969482422,40.779998779296875,0,0.0,0.0,2022-12-07
3197,2022-12-07 10:00:00+01:00,40.79999923706055,40.88999938964844,40.54999923706055,40.650001525878906,13768,0.0,0.0,2022-12-07
3198,2022-12-07 11:00:00+01:00,40.66999816894531,40.779998779296875,40.59000015258789,40.689998626708984,12393,0.0,0.0,2022-12-07
3199,2022-12-07 12:00:00+01:00,40.689998626708984,40.7400016784668,40.68000030517578,40.72999954223633,12414,0.0,0.0,2022-12-07
3200,2022-12-07 13:00:00+01:00,40.7400016784668,40.7599983215332,40.65999984741211,40.720001220703125,14412,0.0,0.0,2022-12-07
3201,2022-12-07 14:00:00+01:00,40.72999954223633,40.959999084472656,40.72999954223633,40.84000015258789,18607,0.0,0.0,2022-12-07
3202,2022-12-07 15:00:00+01:00,40.81999969482422,41.0099983215332,40.7400016784668,41.0,36690,0.0,0.0,2022-12-07
3203,2022-12-07 16:00:00+01:00,40.9900016784668,41.08000183105469,40.7599983215332,41.0,47393,0.0,0.0,2022-12-07
3204,2022-12-07 17:00:00+01:00,41.0099983215332,41.20000076293945,41.0099983215332,41.04999923706055,522625,0.0,0.0,2022-12-07
3205,2022-12-08 09:00:00+01:00,41.0,41.0,40.529998779296875,40.75,0,0.0,0.0,2022-12-08
3206,2022-12-08 10:00:00+01:00,40.7400016784668,41.0,40.7400016784668,40.91999816894531,18381,0.0,0.0,2022-12-08
3207,2022-12-08 11:00:00+01:00,40.90999984741211,41.0099983215332,40.77000045776367,40.90999984741211,31973,0.0,0.0,2022-12-08
3208,2022-12-08 12:00:00+01:00,40.900001525878906,41.099998474121094,40.83000183105469,41.029998779296875,20673,0.0,0.0,2022-12-08
3209,2022-12-08 13:00:00+01:00,40.97999954223633,41.09000015258789,40.900001525878906,40.9900016784668,13902,0.0,0.0,2022-12-08
3210,2022-12-08 14:00:00+01:00,40.9900016784668,41.060001373291016,40.970001220703125,41.02000045776367,12850,0.0,0.0,2022-12-08
3211,2022-12-08 15:00:00+01:00,41.0099983215332,41.11000061035156,40.849998474121094,40.9900016784668,30238,0.0,0.0,2022-12-08
3212,2022-12-08 16:00:00+01:00,40.9900016784668,42.060001373291016,40.83000183105469,40.91999816894531,119562,0.0,0.0,2022-12-08
3213,2022-12-08 17:00:00+01:00,40.90999984741211,41.15999984741211,40.84000015258789,41.15999984741211,402587,0.0,0.0,2022-12-08
3214,2022-12-09 09:00:00+01:00,41.189998626708984,41.52000045776367,41.099998474121094,41.18000030517578,0,0.0,0.0,2022-12-09
3215,2022-12-09 10:00:00+01:00,41.13999938964844,41.15999984741211,40.970001220703125,41.150001525878906,13001,0.0,0.0,2022-12-09
3216,2022-12-09 11:00:00+01:00,41.130001068115234,41.54999923706055,41.119998931884766,41.54999923706055,33112,0.0,0.0,2022-12-09
3217,2022-12-09 12:00:00+01:00,41.54999923706055,41.70000076293945,41.5,41.61000061035156,30711,0.0,0.0,2022-12-09
3218,2022-12-09 13:00:00+01:00,41.599998474121094,41.83000183105469,41.599998474121094,41.790000915527344,26862,0.0,0.0,2022-12-09
3219,2022-12-09 14:00:00+01:00,41.810001373291016,42.31999969482422,41.540000915527344,42.310001373291016,109396,0.0,0.0,2022-12-09
3220,2022-12-09 15:00:00+01:00,42.31999969482422,42.650001525878906,42.209999084472656,42.209999084472656,106012,0.0,0.0,2022-12-09
3221,2022-12-09 16:00:00+01:00,42.220001220703125,42.290000915527344,42.130001068115234,42.16999816894531,31519,0.0,0.0,2022-12-09
3222,2022-12-09 17:00:00+01:00,42.16999816894531,42.2400016784668,42.099998474121094,42.22999954223633,424739,0.0,0.0,2022-12-09
3223,2022-12-12 09:00:00+01:00,41.209999084472656,41.560001373291016,41.06999969482422,41.5099983215332,0,0.0,0.0,2022-12-12
3224,2022-12-12 10:00:00+01:00,41.52000045776367,41.599998474121094,41.400001525878906,41.43000030517578,20542,0.0,0.0,2022-12-12
3225,2022-12-12 11:00:00+01:00,41.41999816894531,41.52000045776367,41.400001525878906,41.45000076293945,28950,0.0,0.0,2022-12-12
3226,2022-12-12 12:00:00+01:00,41.45000076293945,41.45000076293945,41.130001068115234,41.130001068115234,35067,0.0,0.0,2022-12-12
3227,2022-12-12 13:00:00+01:00,41.099998474121094,41.099998474121094,40.720001220703125,40.84000015258789,35678,0.0,0.0,2022-12-12
3228,2022-12-12 14:00:00+01:00,40.849998474121094,41.0,40.720001220703125,40.83000183105469,32970,0.0,0.0,2022-12-12
3229,2022-12-12 15:00:00+01:00,40.869998931884766,41.09000015258789,40.79999923706055,41.04999923706055,39319,0.0,0.0,2022-12-12
3230,2022-12-12 16:00:00+01:00,41.04999923706055,41.04999923706055,40.810001373291016,40.9900016784668,35526,0.0,0.0,2022-12-12
3231,2022-12-12 17:00:00+01:00,40.97999954223633,41.13999938964844,40.97999954223633,40.97999954223633,356646,0.0,0.0,2022-12-12
3232,2022-12-13 09:00:00+01:00,41.209999084472656,41.2599983215332,40.79999923706055,40.959999084472656,0,0.0,0.0,2022-12-13
3233,2022-12-13 10:00:00+01:00,41.0,41.060001373291016,40.83000183105469,40.880001068115234,22839,0.0,0.0,2022-12-13
3234,2022-12-13 11:00:00+01:00,40.86000061035156,40.95000076293945,40.81999969482422,40.939998626708984,10633,0.0,0.0,2022-12-13
3235,2022-12-13 12:00:00+01:00,40.93000030517578,41.06999969482422,40.880001068115234,41.0,17102,0.0,0.0,2022-12-13
3236,2022-12-13 13:00:00+01:00,41.0099983215332,41.20000076293945,41.0099983215332,41.189998626708984,6791,0.0,0.0,2022-12-13
3237,2022-12-13 14:00:00+01:00,41.20000076293945,41.470001220703125,41.02000045776367,41.34000015258789,34299,0.0,0.0,2022-12-13
3238,2022-12-13 15:00:00+01:00,41.349998474121094,41.459999084472656,41.279998779296875,41.38999938964844,21522,0.0,0.0,2022-12-13
3239,2022-12-13 16:00:00+01:00,41.40999984741211,41.45000076293945,41.04999923706055,41.060001373291016,34861,0.0,0.0,2022-12-13
3240,2022-12-13 17:00:00+01:00,41.09000015258789,41.18000030517578,40.959999084472656,40.959999084472656,252082,0.0,0.0,2022-12-13
3241,2022-12-14 09:00:00+01:00,40.779998779296875,40.93000030517578,40.709999084472656,40.900001525878906,0,0.0,0.0,2022-12-14
3242,2022-12-14 10:00:00+01:00,40.90999984741211,41.02000045776367,40.7599983215332,40.81999969482422,8467,0.0,0.0,2022-12-14
3243,2022-12-14 11:00:00+01:00,40.810001373291016,40.810001373291016,40.66999816894531,40.709999084472656,9958,0.0,0.0,2022-12-14
3244,2022-12-14 12:00:00+01:00,40.709999084472656,40.849998474121094,40.63999938964844,40.779998779296875,8091,0.0,0.0,2022-12-14
3245,2022-12-14 13:00:00+01:00,40.79999923706055,40.79999923706055,40.630001068115234,40.630001068115234,9160,0.0,0.0,2022-12-14
3246,2022-12-14 14:00:00+01:00,40.63999938964844,40.7400016784668,40.61000061035156,40.689998626708984,7951,0.0,0.0,2022-12-14
3247,2022-12-14 15:00:00+01:00,40.68000030517578,40.709999084472656,40.58000183105469,40.61000061035156,17246,0.0,0.0,2022-12-14
3248,2022-12-14 16:00:00+01:00,40.599998474121094,40.900001525878906,40.59000015258789,40.81999969482422,63772,0.0,0.0,2022-12-14
3249,2022-12-14 17:00:00+01:00,40.84000015258789,40.900001525878906,40.81999969482422,40.81999969482422,259317,0.0,0.0,2022-12-14
3250,2022-12-15 09:00:00+01:00,40.619998931884766,40.869998931884766,40.59000015258789,40.72999954223633,0,0.0,0.0,2022-12-15
3251,2022-12-15 10:00:00+01:00,40.720001220703125,40.81999969482422,40.540000915527344,40.81999969482422,33618,0.0,0.0,2022-12-15
3252,2022-12-15 11:00:00+01:00,40.79999923706055,41.54999923706055,40.7400016784668,41.54999923706055,79907,0.0,0.0,2022-12-15
3253,2022-12-15 12:00:00+01:00,41.560001373291016,41.79999923706055,41.5,41.720001220703125,96267,0.0,0.0,2022-12-15
3254,2022-12-15 13:00:00+01:00,41.70000076293945,42.27000045776367,41.689998626708984,42.029998779296875,120616,0.0,0.0,2022-12-15
3255,2022-12-15 14:00:00+01:00,42.040000915527344,42.060001373291016,41.47999954223633,41.65999984741211,47676,0.0,0.0,2022-12-15
3256,2022-12-15 15:00:00+01:00,41.70000076293945,41.959999084472656,41.349998474121094,41.380001068115234,87838,0.0,0.0,2022-12-15
3257,2022-12-15 16:00:00+01:00,41.400001525878906,42.04999923706055,41.369998931884766,42.02000045776367,82954,0.0,0.0,2022-12-15
3258,2022-12-15 17:00:00+01:00,42.029998779296875,42.290000915527344,41.43000030517578,41.7599983215332,637883,0.0,0.0,2022-12-15
3259,2022-12-16 09:00:00+01:00,41.58000183105469,41.90999984741211,41.529998779296875,41.7599983215332,0,0.0,0.0,2022-12-16
3260,2022-12-16 10:00:00+01:00,41.7599983215332,41.849998474121094,41.66999816894531,41.77000045776367,19599,0.0,0.0,2022-12-16
3261,2022-12-16 11:00:00+01:00,41.7599983215332,41.810001373291016,41.65999984741211,41.66999816894531,165480,0.0,0.0,2022-12-16
3262,2022-12-16 12:00:00+01:00,41.689998626708984,41.709999084472656,41.439998626708984,41.56999969482422,65630,0.0,0.0,2022-12-16
3263,2022-12-16 13:00:00+01:00,41.58000183105469,41.70000076293945,41.279998779296875,41.41999816894531,15090,0.0,0.0,2022-12-16
3264,2022-12-16 14:00:00+01:00,41.40999984741211,41.43000030517578,41.0099983215332,41.130001068115234,26965,0.0,0.0,2022-12-16
3265,2022-12-16 15:00:00+01:00,41.130001068115234,41.349998474121094,41.02000045776367,41.31999969482422,24492,0.0,0.0,2022-12-16
3266,2022-12-16 16:00:00+01:00,41.31999969482422,41.31999969482422,40.810001373291016,41.0,70321,0.0,0.0,2022-12-16
3267,2022-12-16 17:00:00+01:00,41.0099983215332,41.2400016784668,40.91999816894531,40.91999816894531,739857,0.0,0.0,2022-12-16
3268,2022-12-19 09:00:00+01:00,41.04999923706055,41.40999984741211,41.04999923706055,41.36000061035156,0,0.0,0.0,2022-12-19
3269,2022-12-19 10:00:00+01:00,41.369998931884766,41.4900016784668,41.16999816894531,41.16999816894531,14601,0.0,0.0,2022-12-19
3270,2022-12-19 11:00:00+01:00,41.15999984741211,41.310001373291016,41.11000061035156,41.22999954223633,9016,0.0,0.0,2022-12-19
3271,2022-12-19 12:00:00+01:00,41.22999954223633,41.599998474121094,41.22999954223633,41.43000030517578,44485,0.0,0.0,2022-12-19
3272,2022-12-19 13:00:00+01:00,41.45000076293945,41.5099983215332,41.400001525878906,41.400001525878906,9684,0.0,0.0,2022-12-19
3273,2022-12-19 14:00:00+01:00,41.369998931884766,41.470001220703125,41.349998474121094,41.36000061035156,6959,0.0,0.0,2022-12-19
3274,2022-12-19 15:00:00+01:00,41.369998931884766,41.45000076293945,41.25,41.45000076293945,12700,0.0,0.0,2022-12-19
3275,2022-12-19 16:00:00+01:00,41.45000076293945,41.4900016784668,41.34000015258789,41.34000015258789,11356,0.0,0.0,2022-12-19
3276,2022-12-19 17:00:00+01:00,41.34000015258789,41.369998931884766,41.29999923706055,41.29999923706055,149542,0.0,0.0,2022-12-19
3277,2022-12-20 09:00:00+01:00,41.11000061035156,41.18000030517578,40.849998474121094,41.15999984741211,0,0.0,0.0,2022-12-20
3278,2022-12-20 10:00:00+01:00,41.16999816894531,41.209999084472656,41.02000045776367,41.20000076293945,14712,0.0,0.0,2022-12-20
3279,2022-12-20 11:00:00+01:00,41.16999816894531,41.220001220703125,41.130001068115234,41.18000030517578,8034,0.0,0.0,2022-12-20
3280,2022-12-20 12:00:00+01:00,41.18000030517578,41.290000915527344,41.150001525878906,41.220001220703125,12240,0.0,0.0,2022-12-20
3281,2022-12-20 13:00:00+01:00,41.209999084472656,41.29999923706055,41.189998626708984,41.22999954223633,8320,0.0,0.0,2022-12-20
3282,2022-12-20 14:00:00+01:00,41.220001220703125,41.34000015258789,41.220001220703125,41.310001373291016,8266,0.0,0.0,2022-12-20
3283,2022-12-20 15:00:00+01:00,41.279998779296875,41.43000030517578,41.2599983215332,41.41999816894531,11813,0.0,0.0,2022-12-20
3284,2022-12-20 16:00:00+01:00,41.43000030517578,41.529998779296875,41.38999938964844,41.52000045776367,23587,0.0,0.0,2022-12-20
3285,2022-12-20 17:00:00+01:00,41.529998779296875,41.61000061035156,41.47999954223633,41.47999954223633,197083,0.0,0.0,2022-12-20
3286,2022-12-21 09:00:00+01:00,41.70000076293945,41.709999084472656,41.380001068115234,41.38999938964844,0,0.0,0.0,2022-12-21
3287,2022-12-21 10:00:00+01:00,41.40999984741211,41.61000061035156,41.380001068115234,41.599998474121094,10990,0.0,0.0,2022-12-21
3288,2022-12-21 11:00:00+01:00,41.61000061035156,41.75,41.54999923706055,41.59000015258789,36499,0.0,0.0,2022-12-21
3289,2022-12-21 12:00:00+01:00,41.59000015258789,41.880001068115234,41.56999969482422,41.880001068115234,21723,0.0,0.0,2022-12-21
3290,2022-12-21 13:00:00+01:00,41.869998931884766,41.900001525878906,41.810001373291016,41.86000061035156,11305,0.0,0.0,2022-12-21
3291,2022-12-21 14:00:00+01:00,41.869998931884766,42.02000045776367,41.869998931884766,42.02000045776367,18038,0.0,0.0,2022-12-21
3292,2022-12-21 15:00:00+01:00,42.02000045776367,42.029998779296875,41.93000030517578,41.970001220703125,19769,0.0,0.0,2022-12-21
3293,2022-12-21 16:00:00+01:00,41.97999954223633,42.09000015258789,41.93000030517578,42.04999923706055,16722,0.0,0.0,2022-12-21
3294,2022-12-21 17:00:00+01:00,42.060001373291016,42.08000183105469,41.90999984741211,42.029998779296875,281674,0.0,0.0,2022-12-21
3295,2022-12-22 09:00:00+01:00,42.220001220703125,42.41999816894531,41.970001220703125,42.20000076293945,0,0.0,0.0,2022-12-22
3296,2022-12-22 10:00:00+01:00,42.20000076293945,42.2599983215332,42.040000915527344,42.09000015258789,3758,0.0,0.0,2022-12-22
3297,2022-12-22 11:00:00+01:00,42.08000183105469,42.16999816894531,42.0,42.16999816894531,9974,0.0,0.0,2022-12-22
3298,2022-12-22 12:00:00+01:00,42.150001525878906,42.209999084472656,42.119998931884766,42.13999938964844,6420,0.0,0.0,2022-12-22
3299,2022-12-22 13:00:00+01:00,42.13999938964844,42.189998626708984,42.040000915527344,42.06999969482422,15843,0.0,0.0,2022-12-22
3300,2022-12-22 14:00:00+01:00,42.06999969482422,42.119998931884766,42.0,42.040000915527344,15240,0.0,0.0,2022-12-22
3301,2022-12-22 15:00:00+01:00,42.04999923706055,42.119998931884766,41.849998474121094,41.869998931884766,14129,0.0,0.0,2022-12-22
3302,2022-12-22 16:00:00+01:00,41.869998931884766,41.959999084472656,41.779998779296875,41.86000061035156,16625,0.0,0.0,2022-12-22
3303,2022-12-22 17:00:00+01:00,41.86000061035156,42.040000915527344,41.83000183105469,41.9900016784668,119835,0.0,0.0,2022-12-22
3304,2022-12-23 09:00:00+01:00,42.150001525878906,42.16999816894531,41.880001068115234,42.04999923706055,0,0.0,0.0,2022-12-23
3305,2022-12-23 10:00:00+01:00,42.060001373291016,42.099998474121094,41.95000076293945,42.08000183105469,8901,0.0,0.0,2022-12-23
3306,2022-12-23 11:00:00+01:00,42.08000183105469,42.310001373291016,42.08000183105469,42.220001220703125,9997,0.0,0.0,2022-12-23
3307,2022-12-23 12:00:00+01:00,42.20000076293945,42.220001220703125,42.08000183105469,42.099998474121094,7363,0.0,0.0,2022-12-23
3308,2022-12-23 13:00:00+01:00,42.06999969482422,42.119998931884766,42.029998779296875,42.06999969482422,2112,0.0,0.0,2022-12-23
3309,2022-12-23 14:00:00+01:00,42.06999969482422,42.099998474121094,41.77000045776367,41.91999816894531,14425,0.0,0.0,2022-12-23
3310,2022-12-23 15:00:00+01:00,41.900001525878906,42.0,41.86000061035156,41.91999816894531,3173,0.0,0.0,2022-12-23
3311,2022-12-23 16:00:00+01:00,41.939998626708984,42.06999969482422,41.849998474121094,42.029998779296875,12733,0.0,0.0,2022-12-23
3312,2022-12-23 17:00:00+01:00,42.029998779296875,42.08000183105469,41.959999084472656,41.959999084472656,52784,0.0,0.0,2022-12-23
3313,2022-12-27 09:00:00+01:00,42.099998474121094,42.15999984741211,41.84000015258789,41.93000030517578,0,0.0,0.0,2022-12-27
3314,2022-12-27 10:00:00+01:00,41.93000030517578,42.0099983215332,41.88999938964844,41.9900016784668,8404,0.0,0.0,2022-12-27
3315,2022-12-27 11:00:00+01:00,41.9900016784668,42.029998779296875,41.86000061035156,41.880001068115234,4365,0.0,0.0,2022-12-27
3316,2022-12-27 12:00:00+01:00,41.86000061035156,41.939998626708984,41.84000015258789,41.849998474121094,6785,0.0,0.0,2022-12-27
3317,2022-12-27 13:00:00+01:00,41.84000015258789,41.939998626708984,41.84000015258789,41.939998626708984,16329,0.0,0.0,2022-12-27
3318,2022-12-27 14:00:00+01:00,41.970001220703125,42.099998474121094,41.970001220703125,42.04999923706055,4532,0.0,0.0,2022-12-27
3319,2022-12-27 15:00:00+01:00,42.0,42.11000061035156,41.88999938964844,41.88999938964844,10065,0.0,0.0,2022-12-27
3320,2022-12-27 16:00:00+01:00,41.869998931884766,42.0,41.869998931884766,41.95000076293945,10761,0.0,0.0,2022-12-27
3321,2022-12-27 17:00:00+01:00,41.970001220703125,42.04999923706055,41.959999084472656,42.0099983215332,58170,0.0,0.0,2022-12-27
3322,2022-12-28 09:00:00+01:00,42.20000076293945,42.20000076293945,41.790000915527344,41.95000076293945,0,0.0,0.0,2022-12-28
3323,2022-12-28 10:00:00+01:00,41.959999084472656,42.04999923706055,41.959999084472656,42.0099983215332,12961,0.0,0.0,2022-12-28
3324,2022-12-28 11:00:00+01:00,42.0099983215332,42.04999923706055,41.84000015258789,41.88999938964844,5202,0.0,0.0,2022-12-28
3325,2022-12-28 12:00:00+01:00,41.880001068115234,41.88999938964844,41.79999923706055,41.880001068115234,5129,0.0,0.0,2022-12-28
3326,2022-12-28 13:00:00+01:00,41.88999938964844,41.970001220703125,41.88999938964844,41.88999938964844,4887,0.0,0.0,2022-12-28
3327,2022-12-28 14:00:00+01:00,41.88999938964844,41.93000030517578,41.79999923706055,41.84000015258789,3927,0.0,0.0,2022-12-28
3328,2022-12-28 15:00:00+01:00,41.869998931884766,41.869998931884766,41.630001068115234,41.66999816894531,6788,0.0,0.0,2022-12-28
3329,2022-12-28 16:00:00+01:00,41.66999816894531,41.720001220703125,41.560001373291016,41.709999084472656,11754,0.0,0.0,2022-12-28
3330,2022-12-28 17:00:00+01:00,41.72999954223633,41.84000015258789,41.66999816894531,41.84000015258789,133508,0.0,0.0,2022-12-28
3331,2022-12-29 09:00:00+01:00,41.560001373291016,41.66999816894531,41.36000061035156,41.529998779296875,0,0.0,0.0,2022-12-29
3332,2022-12-29 10:00:00+01:00,41.529998779296875,41.61000061035156,41.5,41.61000061035156,9812,0.0,0.0,2022-12-29
3333,2022-12-29 11:00:00+01:00,41.56999969482422,41.7400016784668,41.56999969482422,41.63999938964844,5323,0.0,0.0,2022-12-29
3334,2022-12-29 12:00:00+01:00,41.630001068115234,41.689998626708984,41.619998931884766,41.630001068115234,5984,0.0,0.0,2022-12-29
3335,2022-12-29 13:00:00+01:00,41.63999938964844,41.709999084472656,41.63999938964844,41.63999938964844,4569,0.0,0.0,2022-12-29
3336,2022-12-29 14:00:00+01:00,41.65999984741211,41.779998779296875,41.619998931884766,41.720001220703125,12691,0.0,0.0,2022-12-29
3337,2022-12-29 15:00:00+01:00,41.709999084472656,41.77000045776367,41.5099983215332,41.630001068115234,25756,0.0,0.0,2022-12-29
3338,2022-12-29 16:00:00+01:00,41.630001068115234,41.790000915527344,41.619998931884766,41.70000076293945,24368,0.0,0.0,2022-12-29
3339,2022-12-29 17:00:00+01:00,41.709999084472656,41.790000915527344,41.66999816894531,41.75,80206,0.0,0.0,2022-12-29
3340,2022-12-30 09:00:00+01:00,41.5,41.5099983215332,41.150001525878906,41.150001525878906,0,0.0,0.0,2022-12-30
3341,2022-12-30 10:00:00+01:00,41.099998474121094,41.150001525878906,41.0,41.08000183105469,20503,0.0,0.0,2022-12-30
3342,2022-12-30 11:00:00+01:00,41.11000061035156,41.290000915527344,41.0099983215332,41.27000045776367,7819,0.0,0.0,2022-12-30
3343,2022-12-30 12:00:00+01:00,41.2400016784668,41.34000015258789,41.22999954223633,41.290000915527344,2443,0.0,0.0,2022-12-30
3344,2022-12-30 13:00:00+01:00,41.290000915527344,41.349998474121094,41.18000030517578,41.29999923706055,6668,0.0,0.0,2022-12-30
3345,2022-12-30 14:00:00+01:00,41.310001373291016,41.33000183105469,41.279998779296875,41.310001373291016,9467,0.0,0.0,2022-12-30
3346,2022-12-30 15:00:00+01:00,41.29999923706055,41.4900016784668,41.27000045776367,41.40999984741211,19133,0.0,0.0,2022-12-30
3347,2022-12-30 16:00:00+01:00,41.400001525878906,41.41999816894531,41.29999923706055,41.310001373291016,7919,0.0,0.0,2022-12-30
3348,2022-12-30 17:00:00+01:00,41.31999969482422,41.41999816894531,41.279998779296875,41.41999816894531,159852,0.0,0.0,2022-12-30
3349,2023-01-02 09:00:00+01:00,41.720001220703125,41.959999084472656,41.599998474121094,41.779998779296875,0,0.0,0.0,2023-01-02
3350,2023-01-02 10:00:00+01:00,41.79999923706055,41.880001068115234,41.540000915527344,41.630001068115234,19125,0.0,0.0,2023-01-02
3351,2023-01-02 11:00:00+01:00,41.630001068115234,41.70000076293945,41.58000183105469,41.65999984741211,9219,0.0,0.0,2023-01-02
3352,2023-01-02 12:00:00+01:00,41.68000030517578,41.75,41.650001525878906,41.650001525878906,12908,0.0,0.0,2023-01-02
3353,2023-01-02 13:00:00+01:00,41.63999938964844,41.650001525878906,41.59000015258789,41.599998474121094,3327,0.0,0.0,2023-01-02
3354,2023-01-02 14:00:00+01:00,41.599998474121094,41.61000061035156,41.5,41.540000915527344,5313,0.0,0.0,2023-01-02
3355,2023-01-02 15:00:00+01:00,41.540000915527344,41.68000030517578,41.52000045776367,41.68000030517578,7323,0.0,0.0,2023-01-02
3356,2023-01-02 16:00:00+01:00,41.56999969482422,41.599998474121094,41.459999084472656,41.5,15034,0.0,0.0,2023-01-02
3357,2023-01-02 17:00:00+01:00,41.5,41.5099983215332,41.400001525878906,41.400001525878906,112195,0.0,0.0,2023-01-02
3358,2023-01-03 09:00:00+01:00,41.41999816894531,41.65999984741211,41.41999816894531,41.52000045776367,0,0.0,0.0,2023-01-03
3359,2023-01-03 10:00:00+01:00,41.52000045776367,41.709999084472656,41.5099983215332,41.560001373291016,12664,0.0,0.0,2023-01-03
3360,2023-01-03 11:00:00+01:00,41.560001373291016,41.779998779296875,41.560001373291016,41.70000076293945,9892,0.0,0.0,2023-01-03
3361,2023-01-03 12:00:00+01:00,41.709999084472656,41.709999084472656,41.4900016784668,41.52000045776367,5111,0.0,0.0,2023-01-03
3362,2023-01-03 13:00:00+01:00,41.5099983215332,41.56999969482422,41.4900016784668,41.540000915527344,7097,0.0,0.0,2023-01-03
3363,2023-01-03 14:00:00+01:00,41.56999969482422,41.70000076293945,41.5,41.68000030517578,6386,0.0,0.0,2023-01-03
3364,2023-01-03 15:00:00+01:00,41.65999984741211,41.72999954223633,41.5099983215332,41.529998779296875,6854,0.0,0.0,2023-01-03
3365,2023-01-03 16:00:00+01:00,41.54999923706055,42.060001373291016,41.5,42.060001373291016,14796,0.0,0.0,2023-01-03
3366,2023-01-03 17:00:00+01:00,42.04999923706055,42.060001373291016,41.75,41.88999938964844,215750,0.0,0.0,2023-01-03
3367,2023-01-04 09:00:00+01:00,42.08000183105469,42.22999954223633,41.849998474121094,42.119998931884766,0,0.0,0.0,2023-01-04
3368,2023-01-04 10:00:00+01:00,42.13999938964844,42.18000030517578,41.849998474121094,42.040000915527344,17948,0.0,0.0,2023-01-04
3369,2023-01-04 11:00:00+01:00,42.04999923706055,42.4900016784668,42.04999923706055,42.279998779296875,25753,0.0,0.0,2023-01-04
3370,2023-01-04 12:00:00+01:00,42.310001373291016,42.400001525878906,42.29999923706055,42.349998474121094,9900,0.0,0.0,2023-01-04
3371,2023-01-04 13:00:00+01:00,42.33000183105469,42.38999938964844,42.2400016784668,42.2400016784668,5934,0.0,0.0,2023-01-04
3372,2023-01-04 14:00:00+01:00,42.25,42.33000183105469,42.189998626708984,42.31999969482422,17797,0.0,0.0,2023-01-04
3373,2023-01-04 15:00:00+01:00,42.279998779296875,42.310001373291016,42.09000015258789,42.209999084472656,10369,0.0,0.0,2023-01-04
3374,2023-01-04 16:00:00+01:00,42.20000076293945,42.349998474121094,42.119998931884766,42.20000076293945,15120,0.0,0.0,2023-01-04
3375,2023-01-04 17:00:00+01:00,42.209999084472656,42.2400016784668,42.09000015258789,42.15999984741211,237243,0.0,0.0,2023-01-04
3376,2023-01-05 09:00:00+01:00,42.0,42.099998474121094,41.63999938964844,41.63999938964844,0,0.0,0.0,2023-01-05
3377,2023-01-05 10:00:00+01:00,41.709999084472656,41.93000030517578,41.66999816894531,41.880001068115234,10112,0.0,0.0,2023-01-05
3378,2023-01-05 11:00:00+01:00,41.88999938964844,41.91999816894531,41.7400016784668,41.84000015258789,13600,0.0,0.0,2023-01-05
3379,2023-01-05 12:00:00+01:00,41.849998474121094,41.88999938964844,41.66999816894531,41.709999084472656,19308,0.0,0.0,2023-01-05
3380,2023-01-05 13:00:00+01:00,41.72999954223633,41.810001373291016,41.720001220703125,41.7599983215332,3832,0.0,0.0,2023-01-05
3381,2023-01-05 14:00:00+01:00,41.75,41.900001525878906,41.70000076293945,41.869998931884766,13529,0.0,0.0,2023-01-05
3382,2023-01-05 15:00:00+01:00,41.86000061035156,41.959999084472656,41.83000183105469,41.90999984741211,8143,0.0,0.0,2023-01-05
3383,2023-01-05 16:00:00+01:00,41.900001525878906,42.02000045776367,41.86000061035156,41.93000030517578,9283,0.0,0.0,2023-01-05
3384,2023-01-05 17:00:00+01:00,41.939998626708984,41.939998626708984,41.66999816894531,41.939998626708984,286659,0.0,0.0,2023-01-05
3385,2023-01-06 09:00:00+01:00,41.970001220703125,42.33000183105469,41.880001068115234,42.06999969482422,0,0.0,0.0,2023-01-06
3386,2023-01-06 10:00:00+01:00,42.06999969482422,42.150001525878906,41.970001220703125,42.040000915527344,12593,0.0,0.0,2023-01-06
3387,2023-01-06 11:00:00+01:00,42.029998779296875,42.06999969482422,41.939998626708984,42.0,5252,0.0,0.0,2023-01-06
3388,2023-01-06 12:00:00+01:00,42.0099983215332,42.060001373291016,42.0099983215332,42.029998779296875,3125,0.0,0.0,2023-01-06
3389,2023-01-06 13:00:00+01:00,42.040000915527344,42.08000183105469,41.97999954223633,41.97999954223633,7883,0.0,0.0,2023-01-06
3390,2023-01-06 14:00:00+01:00,41.97999954223633,42.06999969482422,41.77000045776367,41.869998931884766,11649,0.0,0.0,2023-01-06
3391,2023-01-06 15:00:00+01:00,41.86000061035156,41.900001525878906,41.72999954223633,41.79999923706055,12786,0.0,0.0,2023-01-06
3392,2023-01-06 16:00:00+01:00,41.81999969482422,42.040000915527344,41.810001373291016,42.0,21430,0.0,0.0,2023-01-06
3393,2023-01-06 17:00:00+01:00,41.97999954223633,42.060001373291016,41.88999938964844,42.060001373291016,322319,0.0,0.0,2023-01-06
3394,2023-01-09 09:00:00+01:00,42.220001220703125,42.70000076293945,42.16999816894531,42.68000030517578,0,0.0,0.0,2023-01-09
3395,2023-01-09 10:00:00+01:00,42.709999084472656,42.720001220703125,42.380001068115234,42.380001068115234,16624,0.0,0.0,2023-01-09
3396,2023-01-09 11:00:00+01:00,42.36000061035156,42.4900016784668,42.29999923706055,42.400001525878906,7312,0.0,0.0,2023-01-09
3397,2023-01-09 12:00:00+01:00,42.369998931884766,42.43000030517578,42.33000183105469,42.369998931884766,2590,0.0,0.0,2023-01-09
3398,2023-01-09 13:00:00+01:00,42.38999938964844,42.41999816894531,42.29999923706055,42.29999923706055,2996,0.0,0.0,2023-01-09
3399,2023-01-09 14:00:00+01:00,42.279998779296875,42.36000061035156,42.22999954223633,42.279998779296875,7370,0.0,0.0,2023-01-09
3400,2023-01-09 15:00:00+01:00,42.290000915527344,42.43000030517578,42.2400016784668,42.43000030517578,19075,0.0,0.0,2023-01-09
3401,2023-01-09 16:00:00+01:00,42.41999816894531,42.56999969482422,42.38999938964844,42.43000030517578,14467,0.0,0.0,2023-01-09
3402,2023-01-09 17:00:00+01:00,42.40999984741211,42.4900016784668,42.34000015258789,42.380001068115234,243236,0.0,0.0,2023-01-09
3403,2023-01-10 09:00:00+01:00,43.0,43.7400016784668,42.75,43.54999923706055,0,0.0,0.0,2023-01-10
3404,2023-01-10 10:00:00+01:00,43.529998779296875,43.970001220703125,43.45000076293945,43.93000030517578,77711,0.0,0.0,2023-01-10
3405,2023-01-10 11:00:00+01:00,43.91999816894531,43.9900016784668,43.70000076293945,43.75,33191,0.0,0.0,2023-01-10
3406,2023-01-10 12:00:00+01:00,43.77000045776367,43.88999938964844,43.66999816894531,43.869998931884766,38298,0.0,0.0,2023-01-10
3407,2023-01-10 13:00:00+01:00,43.849998474121094,43.9900016784668,43.83000183105469,43.939998626708984,18800,0.0,0.0,2023-01-10
3408,2023-01-10 14:00:00+01:00,43.91999816894531,43.93000030517578,43.689998626708984,43.79999923706055,20500,0.0,0.0,2023-01-10
3409,2023-01-10 15:00:00+01:00,43.849998474121094,44.18000030517578,43.849998474121094,43.9900016784668,64334,0.0,0.0,2023-01-10
3410,2023-01-10 16:00:00+01:00,44.0099983215332,44.02000045776367,43.900001525878906,43.95000076293945,53898,0.0,0.0,2023-01-10
3411,2023-01-10 17:00:00+01:00,43.93000030517578,44.189998626708984,43.93000030517578,44.189998626708984,308787,0.0,0.0,2023-01-10
3412,2023-01-11 09:00:00+01:00,44.130001068115234,44.130001068115234,43.66999816894531,43.880001068115234,0,0.0,0.0,2023-01-11
3413,2023-01-11 10:00:00+01:00,43.900001525878906,43.959999084472656,43.349998474121094,43.61000061035156,19931,0.0,0.0,2023-01-11
3414,2023-01-11 11:00:00+01:00,43.630001068115234,43.68000030517578,43.52000045776367,43.68000030517578,7919,0.0,0.0,2023-01-11
3415,2023-01-11 12:00:00+01:00,43.66999816894531,43.779998779296875,43.650001525878906,43.68000030517578,11834,0.0,0.0,2023-01-11
3416,2023-01-11 13:00:00+01:00,43.66999816894531,43.790000915527344,43.529998779296875,43.540000915527344,11051,0.0,0.0,2023-01-11
3417,2023-01-11 14:00:00+01:00,43.560001373291016,43.83000183105469,43.560001373291016,43.83000183105469,14389,0.0,0.0,2023-01-11
3418,2023-01-11 15:00:00+01:00,43.83000183105469,43.939998626708984,43.779998779296875,43.810001373291016,20805,0.0,0.0,2023-01-11
3419,2023-01-11 16:00:00+01:00,43.810001373291016,43.81999969482422,43.58000183105469,43.59000015258789,14625,0.0,0.0,2023-01-11
3420,2023-01-11 17:00:00+01:00,43.599998474121094,43.66999816894531,43.5,43.66999816894531,303660,0.0,0.0,2023-01-11
3421,2023-01-12 09:00:00+01:00,43.79999923706055,44.2400016784668,43.7400016784668,44.16999816894531,0,0.0,0.0,2023-01-12
3422,2023-01-12 10:00:00+01:00,44.189998626708984,44.22999954223633,43.95000076293945,44.220001220703125,24349,0.0,0.0,2023-01-12
3423,2023-01-12 11:00:00+01:00,44.220001220703125,44.25,44.06999969482422,44.13999938964844,8476,0.0,0.0,2023-01-12
3424,2023-01-12 12:00:00+01:00,44.189998626708984,44.209999084472656,44.13999938964844,44.13999938964844,6454,0.0,0.0,2023-01-12
3425,2023-01-12 13:00:00+01:00,44.130001068115234,44.15999984741211,44.08000183105469,44.099998474121094,4471,0.0,0.0,2023-01-12
3426,2023-01-12 14:00:00+01:00,44.09000015258789,44.220001220703125,43.91999816894531,44.119998931884766,17046,0.0,0.0,2023-01-12
3427,2023-01-12 15:00:00+01:00,44.11000061035156,44.130001068115234,43.959999084472656,44.130001068115234,11459,0.0,0.0,2023-01-12
3428,2023-01-12 16:00:00+01:00,44.130001068115234,44.20000076293945,44.04999923706055,44.15999984741211,15047,0.0,0.0,2023-01-12
3429,2023-01-12 17:00:00+01:00,44.15999984741211,44.189998626708984,44.060001373291016,44.060001373291016,201869,0.0,0.0,2023-01-12
3430,2023-01-13 09:00:00+01:00,43.9900016784668,44.310001373291016,43.97999954223633,44.310001373291016,0,0.0,0.0,2023-01-13
3431,2023-01-13 10:00:00+01:00,44.29999923706055,44.31999969482422,44.20000076293945,44.310001373291016,8100,0.0,0.0,2023-01-13
3432,2023-01-13 11:00:00+01:00,44.31999969482422,44.38999938964844,44.02000045776367,44.029998779296875,36033,0.0,0.0,2023-01-13
3433,2023-01-13 12:00:00+01:00,44.02000045776367,44.130001068115234,43.959999084472656,44.029998779296875,9234,0.0,0.0,2023-01-13
3434,2023-01-13 13:00:00+01:00,44.029998779296875,44.06999969482422,43.93000030517578,44.029998779296875,7627,0.0,0.0,2023-01-13
3435,2023-01-13 14:00:00+01:00,44.040000915527344,44.06999969482422,43.970001220703125,44.0,16547,0.0,0.0,2023-01-13
3436,2023-01-13 15:00:00+01:00,44.0,44.119998931884766,43.97999954223633,44.119998931884766,15830,0.0,0.0,2023-01-13
3437,2023-01-13 16:00:00+01:00,44.099998474121094,44.13999938964844,43.95000076293945,44.0,15358,0.0,0.0,2023-01-13
3438,2023-01-13 17:00:00+01:00,44.0,44.02000045776367,43.869998931884766,44.02000045776367,192460,0.0,0.0,2023-01-13
3439,2023-01-16 09:00:00+01:00,44.2400016784668,44.310001373291016,44.08000183105469,44.209999084472656,0,0.0,0.0,2023-01-16
3440,2023-01-16 10:00:00+01:00,44.20000076293945,44.47999954223633,44.20000076293945,44.400001525878906,16804,0.0,0.0,2023-01-16
3441,2023-01-16 11:00:00+01:00,44.400001525878906,44.619998931884766,44.38999938964844,44.56999969482422,14033,0.0,0.0,2023-01-16
3442,2023-01-16 12:00:00+01:00,44.58000183105469,44.689998626708984,44.54999923706055,44.560001373291016,11423,0.0,0.0,2023-01-16
3443,2023-01-16 13:00:00+01:00,44.56999969482422,44.599998474121094,44.5099983215332,44.58000183105469,5273,0.0,0.0,2023-01-16
3444,2023-01-16 14:00:00+01:00,44.56999969482422,44.689998626708984,44.56999969482422,44.689998626708984,7785,0.0,0.0,2023-01-16
3445,2023-01-16 15:00:00+01:00,44.68000030517578,44.720001220703125,44.599998474121094,44.630001068115234,8393,0.0,0.0,2023-01-16
3446,2023-01-16 16:00:00+01:00,44.63999938964844,44.709999084472656,44.58000183105469,44.689998626708984,7271,0.0,0.0,2023-01-16
3447,2023-01-16 17:00:00+01:00,44.689998626708984,44.7400016784668,44.47999954223633,44.47999954223633,186747,0.0,0.0,2023-01-16
3448,2023-01-17 09:00:00+01:00,44.529998779296875,44.70000076293945,44.529998779296875,44.540000915527344,0,0.0,0.0,2023-01-17
3449,2023-01-17 10:00:00+01:00,44.59000015258789,44.630001068115234,44.400001525878906,44.41999816894531,2661,0.0,0.0,2023-01-17
3450,2023-01-17 11:00:00+01:00,44.400001525878906,44.5099983215332,44.38999938964844,44.47999954223633,4765,0.0,0.0,2023-01-17
3451,2023-01-17 12:00:00+01:00,44.470001220703125,44.52000045776367,44.349998474121094,44.369998931884766,2711,0.0,0.0,2023-01-17
3452,2023-01-17 13:00:00+01:00,44.369998931884766,44.439998626708984,44.36000061035156,44.380001068115234,3514,0.0,0.0,2023-01-17
3453,2023-01-17 14:00:00+01:00,44.38999938964844,44.47999954223633,44.31999969482422,44.380001068115234,4619,0.0,0.0,2023-01-17
3454,2023-01-17 15:00:00+01:00,44.400001525878906,44.4900016784668,44.279998779296875,44.29999923706055,13193,0.0,0.0,2023-01-17
3455,2023-01-17 16:00:00+01:00,44.29999923706055,44.349998474121094,43.95000076293945,43.9900016784668,29026,0.0,0.0,2023-01-17
3456,2023-01-17 17:00:00+01:00,44.0,44.189998626708984,43.91999816894531,44.189998626708984,177468,0.0,0.0,2023-01-17
3457,2023-01-18 09:00:00+01:00,44.16999816894531,44.27000045776367,43.939998626708984,44.189998626708984,0,0.0,0.0,2023-01-18
3458,2023-01-18 10:00:00+01:00,44.209999084472656,44.2599983215332,44.04999923706055,44.220001220703125,8674,0.0,0.0,2023-01-18
3459,2023-01-18 11:00:00+01:00,44.209999084472656,44.290000915527344,44.119998931884766,44.25,17916,0.0,0.0,2023-01-18
3460,2023-01-18 12:00:00+01:00,44.22999954223633,44.279998779296875,44.18000030517578,44.2599983215332,20030,0.0,0.0,2023-01-18
3461,2023-01-18 13:00:00+01:00,44.25,44.2599983215332,44.130001068115234,44.15999984741211,8120,0.0,0.0,2023-01-18
3462,2023-01-18 14:00:00+01:00,44.16999816894531,44.41999816894531,44.16999816894531,44.41999816894531,10013,0.0,0.0,2023-01-18
3463,2023-01-18 15:00:00+01:00,44.41999816894531,44.58000183105469,44.41999816894531,44.5,17649,0.0,0.0,2023-01-18
3464,2023-01-18 16:00:00+01:00,44.470001220703125,44.470001220703125,44.349998474121094,44.40999984741211,6870,0.0,0.0,2023-01-18
3465,2023-01-18 17:00:00+01:00,44.38999938964844,44.400001525878906,44.0,44.0,449271,0.0,0.0,2023-01-18
3466,2023-01-19 09:00:00+01:00,44.0,44.349998474121094,44.0,44.220001220703125,0,0.0,0.0,2023-01-19
3467,2023-01-19 10:00:00+01:00,44.22999954223633,44.34000015258789,44.220001220703125,44.25,6262,0.0,0.0,2023-01-19
3468,2023-01-19 11:00:00+01:00,44.25,44.279998779296875,44.08000183105469,44.2400016784668,13688,0.0,0.0,2023-01-19
3469,2023-01-19 12:00:00+01:00,44.2599983215332,44.29999923706055,44.060001373291016,44.06999969482422,6283,0.0,0.0,2023-01-19
3470,2023-01-19 13:00:00+01:00,44.060001373291016,44.08000183105469,43.95000076293945,43.9900016784668,9875,0.0,0.0,2023-01-19
3471,2023-01-19 14:00:00+01:00,44.0,44.02000045776367,43.84000015258789,44.0,11224,0.0,0.0,2023-01-19
3472,2023-01-19 15:00:00+01:00,44.0,44.400001525878906,43.9900016784668,44.33000183105469,43581,0.0,0.0,2023-01-19
3473,2023-01-19 16:00:00+01:00,44.290000915527344,44.40999984741211,44.18000030517578,44.380001068115234,47852,0.0,0.0,2023-01-19
3474,2023-01-19 17:00:00+01:00,44.369998931884766,44.45000076293945,43.77000045776367,43.77000045776367,838447,0.0,0.0,2023-01-19
3475,2023-01-20 09:00:00+01:00,45.099998474121094,45.29999923706055,43.65999984741211,44.119998931884766,0,0.0,0.0,2023-01-20
3476,2023-01-20 10:00:00+01:00,44.11000061035156,44.36000061035156,43.91999816894531,44.31999969482422,53041,0.0,0.0,2023-01-20
3477,2023-01-20 11:00:00+01:00,44.29999923706055,44.34000015258789,44.150001525878906,44.220001220703125,34638,0.0,0.0,2023-01-20
3478,2023-01-20 12:00:00+01:00,44.22999954223633,44.43000030517578,44.18000030517578,44.18000030517578,27888,0.0,0.0,2023-01-20
3479,2023-01-20 13:00:00+01:00,44.15999984741211,44.31999969482422,44.099998474121094,44.290000915527344,15542,0.0,0.0,2023-01-20
3480,2023-01-20 14:00:00+01:00,44.29999923706055,44.310001373291016,44.119998931884766,44.209999084472656,19896,0.0,0.0,2023-01-20
3481,2023-01-20 15:00:00+01:00,44.20000076293945,44.22999954223633,44.08000183105469,44.08000183105469,12588,0.0,0.0,2023-01-20
3482,2023-01-20 16:00:00+01:00,44.08000183105469,44.119998931884766,43.97999954223633,44.029998779296875,32134,0.0,0.0,2023-01-20
3483,2023-01-20 17:00:00+01:00,44.029998779296875,44.09000015258789,43.970001220703125,43.9900016784668,617450,0.0,0.0,2023-01-20
3484,2023-01-23 09:00:00+01:00,44.0,44.38999938964844,44.0,44.209999084472656,0,0.0,0.0,2023-01-23
3485,2023-01-23 10:00:00+01:00,44.220001220703125,44.29999923706055,44.20000076293945,44.22999954223633,6379,0.0,0.0,2023-01-23
3486,2023-01-23 11:00:00+01:00,44.2400016784668,44.52000045776367,44.22999954223633,44.459999084472656,14147,0.0,0.0,2023-01-23
3487,2023-01-23 12:00:00+01:00,44.439998626708984,44.4900016784668,44.31999969482422,44.349998474121094,10502,0.0,0.0,2023-01-23
3488,2023-01-23 13:00:00+01:00,44.36000061035156,44.439998626708984,44.36000061035156,44.38999938964844,5520,0.0,0.0,2023-01-23
3489,2023-01-23 14:00:00+01:00,44.40999984741211,44.630001068115234,44.40999984741211,44.540000915527344,16769,0.0,0.0,2023-01-23
3490,2023-01-23 15:00:00+01:00,44.529998779296875,44.63999938964844,44.36000061035156,44.43000030517578,22294,0.0,0.0,2023-01-23
3491,2023-01-23 16:00:00+01:00,44.45000076293945,44.52000045776367,44.369998931884766,44.40999984741211,14219,0.0,0.0,2023-01-23
3492,2023-01-23 17:00:00+01:00,44.41999816894531,44.540000915527344,44.220001220703125,44.220001220703125,609150,0.0,0.0,2023-01-23
3493,2023-01-24 09:00:00+01:00,44.470001220703125,44.689998626708984,44.40999984741211,44.599998474121094,0,0.0,0.0,2023-01-24
3494,2023-01-24 10:00:00+01:00,44.59000015258789,44.66999816894531,44.5,44.56999969482422,7227,0.0,0.0,2023-01-24
3495,2023-01-24 11:00:00+01:00,44.560001373291016,44.560001373291016,44.43000030517578,44.54999923706055,9267,0.0,0.0,2023-01-24
3496,2023-01-24 12:00:00+01:00,44.529998779296875,44.529998779296875,44.310001373291016,44.439998626708984,9310,0.0,0.0,2023-01-24
3497,2023-01-24 13:00:00+01:00,44.439998626708984,44.56999969482422,44.439998626708984,44.5,3210,0.0,0.0,2023-01-24
3498,2023-01-24 14:00:00+01:00,44.47999954223633,44.599998474121094,44.47999954223633,44.56999969482422,11549,0.0,0.0,2023-01-24
3499,2023-01-24 15:00:00+01:00,44.56999969482422,44.630001068115234,44.529998779296875,44.54999923706055,13327,0.0,0.0,2023-01-24
3500,2023-01-24 16:00:00+01:00,44.54999923706055,44.7400016784668,44.54999923706055,44.689998626708984,18264,0.0,0.0,2023-01-24
3501,2023-01-24 17:00:00+01:00,44.70000076293945,44.88999938964844,44.59000015258789,44.849998474121094,23840,0.0,0.0,2023-01-24
3502,2023-01-25 09:00:00+01:00,44.630001068115234,45.08000183105469,44.630001068115234,44.91999816894531,0,0.0,0.0,2023-01-25
3503,2023-01-25 10:00:00+01:00,44.90999984741211,44.90999984741211,44.400001525878906,44.400001525878906,17594,0.0,0.0,2023-01-25
3504,2023-01-25 11:00:00+01:00,44.40999984741211,44.45000076293945,44.349998474121094,44.40999984741211,6784,0.0,0.0,2023-01-25
3505,2023-01-25 12:00:00+01:00,44.400001525878906,44.439998626708984,44.36000061035156,44.439998626708984,3996,0.0,0.0,2023-01-25
3506,2023-01-25 13:00:00+01:00,44.43000030517578,44.459999084472656,44.33000183105469,44.33000183105469,4236,0.0,0.0,2023-01-25
3507,2023-01-25 14:00:00+01:00,44.31999969482422,44.380001068115234,44.279998779296875,44.34000015258789,6616,0.0,0.0,2023-01-25
3508,2023-01-25 15:00:00+01:00,44.34000015258789,44.47999954223633,44.2599983215332,44.45000076293945,19746,0.0,0.0,2023-01-25
3509,2023-01-25 16:00:00+01:00,44.45000076293945,44.470001220703125,44.16999816894531,44.349998474121094,17122,0.0,0.0,2023-01-25
3510,2023-01-25 17:00:00+01:00,44.349998474121094,44.63999938964844,44.34000015258789,44.63999938964844,228314,0.0,0.0,2023-01-25
3511,2023-01-26 09:00:00+01:00,44.810001373291016,45.29999923706055,44.75,45.02000045776367,0,0.0,0.0,2023-01-26
3512,2023-01-26 10:00:00+01:00,45.0099983215332,45.029998779296875,44.869998931884766,44.97999954223633,31045,0.0,0.0,2023-01-26
3513,2023-01-26 11:00:00+01:00,44.939998626708984,45.13999938964844,44.90999984741211,45.119998931884766,39109,0.0,0.0,2023-01-26
3514,2023-01-26 12:00:00+01:00,45.119998931884766,45.150001525878906,45.060001373291016,45.130001068115234,8624,0.0,0.0,2023-01-26
3515,2023-01-26 13:00:00+01:00,45.130001068115234,45.18000030517578,45.04999923706055,45.060001373291016,9859,0.0,0.0,2023-01-26
3516,2023-01-26 14:00:00+01:00,45.06999969482422,45.06999969482422,45.0,45.04999923706055,12014,0.0,0.0,2023-01-26
3517,2023-01-26 15:00:00+01:00,45.040000915527344,45.209999084472656,45.040000915527344,45.09000015258789,27632,0.0,0.0,2023-01-26
3518,2023-01-26 16:00:00+01:00,45.099998474121094,45.150001525878906,45.029998779296875,45.040000915527344,31360,0.0,0.0,2023-01-26
3519,2023-01-26 17:00:00+01:00,45.029998779296875,45.2599983215332,45.029998779296875,45.2599983215332,183374,0.0,0.0,2023-01-26
3520,2023-01-27 09:00:00+01:00,45.040000915527344,45.13999938964844,44.97999954223633,45.11000061035156,0,0.0,0.0,2023-01-27
3521,2023-01-27 10:00:00+01:00,45.11000061035156,45.119998931884766,44.97999954223633,45.099998474121094,7994,0.0,0.0,2023-01-27
3522,2023-01-27 11:00:00+01:00,45.08000183105469,45.130001068115234,45.0099983215332,45.06999969482422,5630,0.0,0.0,2023-01-27
3523,2023-01-27 12:00:00+01:00,45.06999969482422,45.13999938964844,44.939998626708984,44.939998626708984,7250,0.0,0.0,2023-01-27
3524,2023-01-27 13:00:00+01:00,44.90999984741211,45.02000045776367,44.88999938964844,45.02000045776367,13071,0.0,0.0,2023-01-27
3525,2023-01-27 14:00:00+01:00,44.97999954223633,44.97999954223633,44.86000061035156,44.900001525878906,6276,0.0,0.0,2023-01-27
3526,2023-01-27 15:00:00+01:00,44.880001068115234,45.040000915527344,44.880001068115234,44.93000030517578,14797,0.0,0.0,2023-01-27
3527,2023-01-27 16:00:00+01:00,44.93000030517578,45.0,44.79999923706055,44.83000183105469,30114,0.0,0.0,2023-01-27
3528,2023-01-27 17:00:00+01:00,44.83000183105469,44.939998626708984,44.79999923706055,44.900001525878906,249096,0.0,0.0,2023-01-27
3529,2023-01-30 09:00:00+01:00,44.709999084472656,44.709999084472656,44.130001068115234,44.5099983215332,0,0.0,0.0,2023-01-30
3530,2023-01-30 10:00:00+01:00,44.5099983215332,44.68000030517578,44.439998626708984,44.47999954223633,10599,0.0,0.0,2023-01-30
3531,2023-01-30 11:00:00+01:00,44.47999954223633,44.52000045776367,44.36000061035156,44.369998931884766,13082,0.0,0.0,2023-01-30
3532,2023-01-30 12:00:00+01:00,44.380001068115234,44.40999984741211,44.25,44.38999938964844,17316,0.0,0.0,2023-01-30
3533,2023-01-30 13:00:00+01:00,44.38999938964844,44.45000076293945,44.369998931884766,44.40999984741211,6881,0.0,0.0,2023-01-30
3534,2023-01-30 14:00:00+01:00,44.400001525878906,44.459999084472656,44.369998931884766,44.459999084472656,8323,0.0,0.0,2023-01-30
3535,2023-01-30 15:00:00+01:00,44.470001220703125,44.59000015258789,44.31999969482422,44.59000015258789,16106,0.0,0.0,2023-01-30
3536,2023-01-30 16:00:00+01:00,44.58000183105469,44.65999984741211,44.5099983215332,44.63999938964844,14917,0.0,0.0,2023-01-30
3537,2023-01-30 17:00:00+01:00,44.63999938964844,44.720001220703125,44.630001068115234,44.630001068115234,159269,0.0,0.0,2023-01-30
3538,2023-01-31 09:00:00+01:00,44.540000915527344,44.58000183105469,44.33000183105469,44.47999954223633,0,0.0,0.0,2023-01-31
3539,2023-01-31 10:00:00+01:00,44.4900016784668,44.529998779296875,44.29999923706055,44.36000061035156,11285,0.0,0.0,2023-01-31
3540,2023-01-31 11:00:00+01:00,44.36000061035156,44.470001220703125,44.310001373291016,44.40999984741211,9574,0.0,0.0,2023-01-31
3541,2023-01-31 12:00:00+01:00,44.400001525878906,44.470001220703125,44.36000061035156,44.470001220703125,9971,0.0,0.0,2023-01-31
3542,2023-01-31 13:00:00+01:00,44.47999954223633,44.54999923706055,44.459999084472656,44.459999084472656,9938,0.0,0.0,2023-01-31
3543,2023-01-31 14:00:00+01:00,44.47999954223633,44.56999969482422,44.43000030517578,44.52000045776367,8499,0.0,0.0,2023-01-31
3544,2023-01-31 15:00:00+01:00,44.52000045776367,44.58000183105469,44.459999084472656,44.5099983215332,18284,0.0,0.0,2023-01-31
3545,2023-01-31 16:00:00+01:00,44.4900016784668,44.63999938964844,44.459999084472656,44.560001373291016,11570,0.0,0.0,2023-01-31
3546,2023-01-31 17:00:00+01:00,44.54999923706055,44.7599983215332,44.529998779296875,44.7599983215332,437909,0.0,0.0,2023-01-31
3547,2023-02-01 09:00:00+01:00,44.720001220703125,44.849998474121094,44.630001068115234,44.650001525878906,0,0.0,0.0,2023-02-01
3548,2023-02-01 10:00:00+01:00,44.63999938964844,44.63999938964844,44.400001525878906,44.400001525878906,27864,0.0,0.0,2023-02-01
3549,2023-02-01 11:00:00+01:00,44.38999938964844,44.5099983215332,44.380001068115234,44.45000076293945,13387,0.0,0.0,2023-02-01
3550,2023-02-01 12:00:00+01:00,44.470001220703125,44.52000045776367,44.38999938964844,44.38999938964844,13107,0.0,0.0,2023-02-01
3551,2023-02-01 13:00:00+01:00,44.400001525878906,44.470001220703125,44.400001525878906,44.439998626708984,11434,0.0,0.0,2023-02-01
3552,2023-02-01 14:00:00+01:00,44.45000076293945,44.470001220703125,44.36000061035156,44.40999984741211,15072,0.0,0.0,2023-02-01
3553,2023-02-01 15:00:00+01:00,44.43000030517578,44.630001068115234,44.369998931884766,44.54999923706055,52805,0.0,0.0,2023-02-01
3554,2023-02-01 16:00:00+01:00,44.599998474121094,44.720001220703125,44.45000076293945,44.540000915527344,22546,0.0,0.0,2023-02-01
3555,2023-02-01 17:00:00+01:00,44.54999923706055,44.630001068115234,44.5099983215332,44.630001068115234,159803,0.0,0.0,2023-02-01
3556,2023-02-02 09:00:00+01:00,44.540000915527344,44.790000915527344,44.5,44.560001373291016,0,0.0,0.0,2023-02-02
3557,2023-02-02 10:00:00+01:00,44.56999969482422,44.75,44.560001373291016,44.75,11461,0.0,0.0,2023-02-02
3558,2023-02-02 11:00:00+01:00,44.7400016784668,44.75,44.59000015258789,44.720001220703125,11715,0.0,0.0,2023-02-02
3559,2023-02-02 12:00:00+01:00,44.720001220703125,44.7400016784668,44.630001068115234,44.720001220703125,6827,0.0,0.0,2023-02-02
3560,2023-02-02 13:00:00+01:00,44.709999084472656,44.7400016784668,44.630001068115234,44.709999084472656,6738,0.0,0.0,2023-02-02
3561,2023-02-02 14:00:00+01:00,44.75,44.88999938964844,44.65999984741211,44.88999938964844,11930,0.0,0.0,2023-02-02
3562,2023-02-02 15:00:00+01:00,44.88999938964844,44.88999938964844,44.599998474121094,44.77000045776367,23089,0.0,0.0,2023-02-02
3563,2023-02-02 16:00:00+01:00,44.77000045776367,44.90999984741211,44.650001525878906,44.83000183105469,23134,0.0,0.0,2023-02-02
3564,2023-02-02 17:00:00+01:00,44.81999969482422,44.91999816894531,44.810001373291016,44.880001068115234,291992,0.0,0.0,2023-02-02
3565,2023-02-03 09:00:00+01:00,44.7599983215332,44.7599983215332,44.45000076293945,44.560001373291016,0,0.0,0.0,2023-02-03
3566,2023-02-03 10:00:00+01:00,44.5099983215332,44.65999984741211,44.47999954223633,44.61000061035156,8652,0.0,0.0,2023-02-03
3567,2023-02-03 11:00:00+01:00,44.630001068115234,44.650001525878906,44.54999923706055,44.59000015258789,6896,0.0,0.0,2023-02-03
3568,2023-02-03 12:00:00+01:00,44.59000015258789,44.59000015258789,44.47999954223633,44.54999923706055,5891,0.0,0.0,2023-02-03
3569,2023-02-03 13:00:00+01:00,44.54999923706055,44.65999984741211,44.54999923706055,44.560001373291016,5103,0.0,0.0,2023-02-03
3570,2023-02-03 14:00:00+01:00,44.54999923706055,44.79999923706055,44.529998779296875,44.66999816894531,15153,0.0,0.0,2023-02-03
3571,2023-02-03 15:00:00+01:00,44.65999984741211,44.720001220703125,44.63999938964844,44.65999984741211,8165,0.0,0.0,2023-02-03
3572,2023-02-03 16:00:00+01:00,44.66999816894531,44.779998779296875,44.63999938964844,44.720001220703125,6529,0.0,0.0,2023-02-03
3573,2023-02-03 17:00:00+01:00,44.72999954223633,44.86000061035156,44.63999938964844,44.86000061035156,175980,0.0,0.0,2023-02-03
3574,2023-02-06 09:00:00+01:00,44.66999816894531,44.70000076293945,44.45000076293945,44.45000076293945,0,0.0,0.0,2023-02-06
3575,2023-02-06 10:00:00+01:00,44.43000030517578,44.43000030517578,44.25,44.25,11004,0.0,0.0,2023-02-06
3576,2023-02-06 11:00:00+01:00,44.2599983215332,44.400001525878906,44.2599983215332,44.33000183105469,16937,0.0,0.0,2023-02-06
3577,2023-02-06 12:00:00+01:00,44.310001373291016,44.45000076293945,44.2400016784668,44.45000076293945,14280,0.0,0.0,2023-02-06
3578,2023-02-06 13:00:00+01:00,44.45000076293945,44.4900016784668,44.400001525878906,44.470001220703125,5128,0.0,0.0,2023-02-06
3579,2023-02-06 14:00:00+01:00,44.470001220703125,44.529998779296875,44.38999938964844,44.45000076293945,3893,0.0,0.0,2023-02-06
3580,2023-02-06 15:00:00+01:00,44.459999084472656,44.52000045776367,44.349998474121094,44.38999938964844,13393,0.0,0.0,2023-02-06
3581,2023-02-06 16:00:00+01:00,44.369998931884766,44.439998626708984,44.29999923706055,44.380001068115234,15618,0.0,0.0,2023-02-06
3582,2023-02-06 17:00:00+01:00,44.380001068115234,44.5,44.34000015258789,44.5,179173,0.0,0.0,2023-02-06
3583,2023-02-07 09:00:00+01:00,44.77000045776367,44.880001068115234,44.31999969482422,44.40999984741211,0,0.0,0.0,2023-02-07
3584,2023-02-07 10:00:00+01:00,44.36000061035156,44.40999984741211,44.279998779296875,44.380001068115234,11109,0.0,0.0,2023-02-07
3585,2023-02-07 11:00:00+01:00,44.380001068115234,44.38999938964844,44.209999084472656,44.22999954223633,11935,0.0,0.0,2023-02-07
3586,2023-02-07 12:00:00+01:00,44.22999954223633,44.2599983215332,44.20000076293945,44.220001220703125,16346,0.0,0.0,2023-02-07
3587,2023-02-07 13:00:00+01:00,44.209999084472656,44.209999084472656,44.119998931884766,44.130001068115234,11053,0.0,0.0,2023-02-07
3588,2023-02-07 14:00:00+01:00,44.150001525878906,44.150001525878906,43.939998626708984,43.97999954223633,22500,0.0,0.0,2023-02-07
3589,2023-02-07 15:00:00+01:00,44.0,44.0,43.83000183105469,43.959999084472656,18804,0.0,0.0,2023-02-07
3590,2023-02-07 16:00:00+01:00,43.939998626708984,44.040000915527344,43.900001525878906,43.959999084472656,21342,0.0,0.0,2023-02-07
3591,2023-02-07 17:00:00+01:00,43.959999084472656,44.09000015258789,43.90999984741211,43.9900016784668,240666,0.0,0.0,2023-02-07
3592,2023-02-08 09:00:00+01:00,44.290000915527344,44.29999923706055,43.66999816894531,43.939998626708984,0,0.0,0.0,2023-02-08
3593,2023-02-08 10:00:00+01:00,43.939998626708984,44.220001220703125,43.93000030517578,44.099998474121094,16901,0.0,0.0,2023-02-08
3594,2023-02-08 11:00:00+01:00,44.119998931884766,44.22999954223633,44.11000061035156,44.16999816894531,10986,0.0,0.0,2023-02-08
3595,2023-02-08 12:00:00+01:00,44.15999984741211,44.18000030517578,43.959999084472656,44.029998779296875,12073,0.0,0.0,2023-02-08
3596,2023-02-08 13:00:00+01:00,44.040000915527344,44.08000183105469,43.970001220703125,44.0099983215332,21988,0.0,0.0,2023-02-08
3597,2023-02-08 14:00:00+01:00,44.04999923706055,44.15999984741211,43.970001220703125,44.09000015258789,24183,0.0,0.0,2023-02-08
3598,2023-02-08 15:00:00+01:00,44.099998474121094,44.15999984741211,44.02000045776367,44.15999984741211,13683,0.0,0.0,2023-02-08
3599,2023-02-08 16:00:00+01:00,44.13999938964844,44.18000030517578,44.0099983215332,44.08000183105469,18495,0.0,0.0,2023-02-08
3600,2023-02-08 17:00:00+01:00,44.08000183105469,44.15999984741211,43.849998474121094,43.849998474121094,452489,0.0,0.0,2023-02-08
3601,2023-02-09 09:00:00+01:00,44.0,44.43000030517578,43.95000076293945,44.349998474121094,0,0.0,0.0,2023-02-09
3602,2023-02-09 10:00:00+01:00,44.36000061035156,44.380001068115234,44.150001525878906,44.16999816894531,7276,0.0,0.0,2023-02-09
3603,2023-02-09 11:00:00+01:00,44.18000030517578,44.209999084472656,44.060001373291016,44.09000015258789,11786,0.0,0.0,2023-02-09
3604,2023-02-09 12:00:00+01:00,44.06999969482422,44.16999816894531,44.06999969482422,44.15999984741211,7411,0.0,0.0,2023-02-09
3605,2023-02-09 13:00:00+01:00,44.18000030517578,44.20000076293945,44.08000183105469,44.11000061035156,19898,0.0,0.0,2023-02-09
3606,2023-02-09 14:00:00+01:00,44.08000183105469,44.08000183105469,43.88999938964844,43.939998626708984,17010,0.0,0.0,2023-02-09
3607,2023-02-09 15:00:00+01:00,43.95000076293945,43.95000076293945,43.77000045776367,43.77000045776367,21154,0.0,0.0,2023-02-09
3608,2023-02-09 16:00:00+01:00,43.75,43.88999938964844,43.7400016784668,43.79999923706055,14435,0.0,0.0,2023-02-09
3609,2023-02-09 17:00:00+01:00,43.810001373291016,43.91999816894531,43.810001373291016,43.849998474121094,263714,0.0,0.0,2023-02-09
3610,2023-02-10 09:00:00+01:00,43.79999923706055,44.029998779296875,43.439998626708984,43.970001220703125,0,0.0,0.0,2023-02-10
3611,2023-02-10 10:00:00+01:00,43.95000076293945,43.95000076293945,43.689998626708984,43.689998626708984,12581,0.0,0.0,2023-02-10
3612,2023-02-10 11:00:00+01:00,43.65999984741211,43.65999984741211,43.470001220703125,43.47999954223633,16213,0.0,0.0,2023-02-10
3613,2023-02-10 12:00:00+01:00,43.470001220703125,43.47999954223633,43.20000076293945,43.209999084472656,18053,0.0,0.0,2023-02-10
3614,2023-02-10 13:00:00+01:00,43.220001220703125,43.310001373291016,43.150001525878906,43.189998626708984,22984,0.0,0.0,2023-02-10
3615,2023-02-10 14:00:00+01:00,43.20000076293945,43.439998626708984,43.20000076293945,43.439998626708984,17492,0.0,0.0,2023-02-10
3616,2023-02-10 15:00:00+01:00,43.439998626708984,43.61000061035156,43.43000030517578,43.45000076293945,12303,0.0,0.0,2023-02-10
3617,2023-02-10 16:00:00+01:00,43.43000030517578,43.54999923706055,43.40999984741211,43.4900016784668,21511,0.0,0.0,2023-02-10
3618,2023-02-10 17:00:00+01:00,43.4900016784668,43.54999923706055,43.31999969482422,43.31999969482422,351277,0.0,0.0,2023-02-10
3619,2023-02-13 09:00:00+01:00,43.470001220703125,43.619998931884766,43.40999984741211,43.560001373291016,0,0.0,0.0,2023-02-13
3620,2023-02-13 10:00:00+01:00,43.58000183105469,43.66999816894531,43.400001525878906,43.439998626708984,29380,0.0,0.0,2023-02-13
3621,2023-02-13 11:00:00+01:00,43.41999816894531,43.4900016784668,43.400001525878906,43.4900016784668,4211,0.0,0.0,2023-02-13
3622,2023-02-13 12:00:00+01:00,43.4900016784668,43.4900016784668,43.439998626708984,43.470001220703125,3040,0.0,0.0,2023-02-13
3623,2023-02-13 13:00:00+01:00,43.47999954223633,43.540000915527344,43.47999954223633,43.540000915527344,5300,0.0,0.0,2023-02-13
3624,2023-02-13 14:00:00+01:00,43.52000045776367,43.59000015258789,43.5099983215332,43.58000183105469,13118,0.0,0.0,2023-02-13
3625,2023-02-13 15:00:00+01:00,43.58000183105469,43.619998931884766,43.54999923706055,43.619998931884766,13749,0.0,0.0,2023-02-13
3626,2023-02-13 16:00:00+01:00,43.619998931884766,43.68000030517578,43.59000015258789,43.619998931884766,6580,0.0,0.0,2023-02-13
3627,2023-02-13 17:00:00+01:00,43.61000061035156,43.75,43.58000183105469,43.75,192087,0.0,0.0,2023-02-13
3628,2023-02-14 09:00:00+01:00,43.79999923706055,43.9900016784668,43.72999954223633,43.86000061035156,0,0.0,0.0,2023-02-14
3629,2023-02-14 10:00:00+01:00,43.86000061035156,43.900001525878906,43.709999084472656,43.7599983215332,11837,0.0,0.0,2023-02-14
3630,2023-02-14 11:00:00+01:00,43.709999084472656,43.79999923706055,43.70000076293945,43.779998779296875,5087,0.0,0.0,2023-02-14
3631,2023-02-14 12:00:00+01:00,43.779998779296875,43.849998474121094,43.77000045776367,43.83000183105469,5515,0.0,0.0,2023-02-14
3632,2023-02-14 13:00:00+01:00,43.849998474121094,43.88999938964844,43.79999923706055,43.83000183105469,7867,0.0,0.0,2023-02-14
3633,2023-02-14 14:00:00+01:00,43.81999969482422,43.95000076293945,43.70000076293945,43.869998931884766,16175,0.0,0.0,2023-02-14
3634,2023-02-14 15:00:00+01:00,43.84000015258789,43.900001525878906,43.75,43.880001068115234,6398,0.0,0.0,2023-02-14
3635,2023-02-14 16:00:00+01:00,43.880001068115234,43.900001525878906,43.54999923706055,43.56999969482422,17439,0.0,0.0,2023-02-14
3636,2023-02-14 17:00:00+01:00,43.56999969482422,43.709999084472656,43.54999923706055,43.709999084472656,182605,0.0,0.0,2023-02-14
3637,2023-02-15 09:00:00+01:00,43.529998779296875,43.86000061035156,43.459999084472656,43.86000061035156,0,0.0,0.0,2023-02-15
3638,2023-02-15 10:00:00+01:00,43.86000061035156,43.88999938964844,43.720001220703125,43.720001220703125,15236,0.0,0.0,2023-02-15
3639,2023-02-15 11:00:00+01:00,43.720001220703125,43.77000045776367,43.63999938964844,43.650001525878906,4358,0.0,0.0,2023-02-15
3640,2023-02-15 12:00:00+01:00,43.650001525878906,43.68000030517578,43.63999938964844,43.68000030517578,2912,0.0,0.0,2023-02-15
3641,2023-02-15 13:00:00+01:00,43.70000076293945,43.79999923706055,43.689998626708984,43.79999923706055,3196,0.0,0.0,2023-02-15
3642,2023-02-15 14:00:00+01:00,43.79999923706055,43.88999938964844,43.70000076293945,43.70000076293945,9190,0.0,0.0,2023-02-15
3643,2023-02-15 15:00:00+01:00,43.709999084472656,43.88999938964844,43.709999084472656,43.880001068115234,9825,0.0,0.0,2023-02-15
3644,2023-02-15 16:00:00+01:00,43.88999938964844,43.95000076293945,43.869998931884766,43.880001068115234,16326,0.0,0.0,2023-02-15
3645,2023-02-15 17:00:00+01:00,43.900001525878906,43.900001525878906,43.84000015258789,43.84000015258789,154665,0.0,0.0,2023-02-15
3646,2023-02-16 09:00:00+01:00,43.970001220703125,44.15999984741211,43.86000061035156,43.880001068115234,0,0.0,0.0,2023-02-16
3647,2023-02-16 10:00:00+01:00,43.90999984741211,44.0099983215332,43.869998931884766,43.869998931884766,13747,0.0,0.0,2023-02-16
3648,2023-02-16 11:00:00+01:00,43.86000061035156,43.9900016784668,43.83000183105469,43.90999984741211,4959,0.0,0.0,2023-02-16
3649,2023-02-16 12:00:00+01:00,43.93000030517578,43.93000030517578,43.81999969482422,43.869998931884766,5567,0.0,0.0,2023-02-16
3650,2023-02-16 13:00:00+01:00,43.88999938964844,43.970001220703125,43.869998931884766,43.91999816894531,2857,0.0,0.0,2023-02-16
3651,2023-02-16 14:00:00+01:00,43.900001525878906,43.900001525878906,43.75,43.77000045776367,7820,0.0,0.0,2023-02-16
3652,2023-02-16 15:00:00+01:00,43.7599983215332,43.779998779296875,43.5,43.72999954223633,19050,0.0,0.0,2023-02-16
3653,2023-02-16 16:00:00+01:00,43.72999954223633,43.83000183105469,43.689998626708984,43.810001373291016,7636,0.0,0.0,2023-02-16
3654,2023-02-16 17:00:00+01:00,43.810001373291016,43.90999984741211,43.810001373291016,43.849998474121094,173239,0.0,0.0,2023-02-16
3655,2023-02-17 09:00:00+01:00,43.619998931884766,43.619998931884766,43.31999969482422,43.380001068115234,0,0.0,0.0,2023-02-17
3656,2023-02-17 10:00:00+01:00,43.380001068115234,43.54999923706055,43.33000183105469,43.5099983215332,7708,0.0,0.0,2023-02-17
3657,2023-02-17 11:00:00+01:00,43.52000045776367,43.61000061035156,43.5,43.5,8509,0.0,0.0,2023-02-17
3658,2023-02-17 12:00:00+01:00,43.540000915527344,43.560001373291016,43.45000076293945,43.529998779296875,5281,0.0,0.0,2023-02-17
3659,2023-02-17 13:00:00+01:00,43.529998779296875,43.599998474121094,43.52000045776367,43.56999969482422,2057,0.0,0.0,2023-02-17
3660,2023-02-17 14:00:00+01:00,43.560001373291016,43.56999969482422,43.439998626708984,43.459999084472656,3828,0.0,0.0,2023-02-17
3661,2023-02-17 15:00:00+01:00,43.470001220703125,43.56999969482422,43.45000076293945,43.5,13886,0.0,0.0,2023-02-17
3662,2023-02-17 16:00:00+01:00,43.5099983215332,43.619998931884766,43.5099983215332,43.540000915527344,13279,0.0,0.0,2023-02-17
3663,2023-02-17 17:00:00+01:00,43.54999923706055,43.619998931884766,43.5,43.540000915527344,120988,0.0,0.0,2023-02-17
3664,2023-02-20 09:00:00+01:00,43.70000076293945,43.77000045776367,43.43000030517578,43.45000076293945,0,0.0,0.0,2023-02-20
3665,2023-02-20 10:00:00+01:00,43.439998626708984,43.45000076293945,43.2599983215332,43.29999923706055,10223,0.0,0.0,2023-02-20
3666,2023-02-20 11:00:00+01:00,43.310001373291016,43.400001525878906,43.29999923706055,43.34000015258789,6815,0.0,0.0,2023-02-20
3667,2023-02-20 12:00:00+01:00,43.29999923706055,43.29999923706055,43.11000061035156,43.130001068115234,18467,0.0,0.0,2023-02-20
3668,2023-02-20 13:00:00+01:00,43.130001068115234,43.16999816894531,43.099998474121094,43.150001525878906,9598,0.0,0.0,2023-02-20
3669,2023-02-20 14:00:00+01:00,43.15999984741211,43.209999084472656,43.099998474121094,43.099998474121094,8222,0.0,0.0,2023-02-20
3670,2023-02-20 15:00:00+01:00,43.099998474121094,43.189998626708984,43.060001373291016,43.11000061035156,23012,0.0,0.0,2023-02-20
3671,2023-02-20 16:00:00+01:00,43.099998474121094,43.16999816894531,43.08000183105469,43.150001525878906,13493,0.0,0.0,2023-02-20
3672,2023-02-20 17:00:00+01:00,43.13999938964844,43.2400016784668,43.04999923706055,43.2400016784668,202300,0.0,0.0,2023-02-20
3673,2023-02-21 09:00:00+01:00,43.15999984741211,43.15999984741211,42.720001220703125,42.720001220703125,0,0.0,0.0,2023-02-21
3674,2023-02-21 10:00:00+01:00,42.720001220703125,42.849998474121094,42.560001373291016,42.81999969482422,26767,0.0,0.0,2023-02-21
3675,2023-02-21 11:00:00+01:00,42.810001373291016,42.86000061035156,42.65999984741211,42.70000076293945,7106,0.0,0.0,2023-02-21
3676,2023-02-21 12:00:00+01:00,42.689998626708984,42.86000061035156,42.68000030517578,42.81999969482422,6171,0.0,0.0,2023-02-21
3677,2023-02-21 13:00:00+01:00,42.83000183105469,42.84000015258789,42.66999816894531,42.709999084472656,8693,0.0,0.0,2023-02-21
3678,2023-02-21 14:00:00+01:00,42.70000076293945,42.7400016784668,42.63999938964844,42.720001220703125,8893,0.0,0.0,2023-02-21
3679,2023-02-21 15:00:00+01:00,42.720001220703125,42.72999954223633,42.52000045776367,42.529998779296875,17257,0.0,0.0,2023-02-21
3680,2023-02-21 16:00:00+01:00,42.529998779296875,42.59000015258789,42.41999816894531,42.41999816894531,44977,0.0,0.0,2023-02-21
3681,2023-02-21 17:00:00+01:00,42.40999984741211,42.58000183105469,42.290000915527344,42.290000915527344,386674,0.0,0.0,2023-02-21
3682,2023-02-22 09:00:00+01:00,42.2599983215332,42.36000061035156,41.279998779296875,41.54999923706055,0,0.0,0.0,2023-02-22
3683,2023-02-22 10:00:00+01:00,41.58000183105469,41.58000183105469,40.869998931884766,41.08000183105469,104338,0.0,0.0,2023-02-22
3684,2023-02-22 11:00:00+01:00,41.08000183105469,41.290000915527344,40.709999084472656,41.220001220703125,60714,0.0,0.0,2023-02-22
3685,2023-02-22 12:00:00+01:00,41.2400016784668,41.27000045776367,40.970001220703125,41.02000045776367,31462,0.0,0.0,2023-02-22
3686,2023-02-22 13:00:00+01:00,41.029998779296875,41.310001373291016,41.0,41.279998779296875,16801,0.0,0.0,2023-02-22
3687,2023-02-22 14:00:00+01:00,41.290000915527344,41.31999969482422,41.08000183105469,41.20000076293945,19941,0.0,0.0,2023-02-22
3688,2023-02-22 15:00:00+01:00,41.189998626708984,41.40999984741211,41.099998474121094,41.220001220703125,23268,0.0,0.0,2023-02-22
3689,2023-02-22 16:00:00+01:00,41.20000076293945,41.36000061035156,41.150001525878906,41.36000061035156,18798,0.0,0.0,2023-02-22
3690,2023-02-22 17:00:00+01:00,41.369998931884766,41.52000045776367,41.31999969482422,41.52000045776367,301820,0.0,0.0,2023-02-22
3691,2023-02-23 09:00:00+01:00,41.779998779296875,42.18000030517578,41.38999938964844,42.0099983215332,0,0.0,0.0,2023-02-23
3692,2023-02-23 10:00:00+01:00,42.040000915527344,42.68000030517578,41.959999084472656,42.0099983215332,110465,0.0,0.0,2023-02-23
3693,2023-02-23 11:00:00+01:00,41.9900016784668,42.29999923706055,41.95000076293945,42.220001220703125,26773,0.0,0.0,2023-02-23
3694,2023-02-23 12:00:00+01:00,42.20000076293945,42.290000915527344,42.0,42.11000061035156,17258,0.0,0.0,2023-02-23
3695,2023-02-23 13:00:00+01:00,42.099998474121094,42.189998626708984,41.93000030517578,41.93000030517578,22321,0.0,0.0,2023-02-23
3696,2023-02-23 14:00:00+01:00,41.93000030517578,41.97999954223633,41.86000061035156,41.86000061035156,17175,0.0,0.0,2023-02-23
3697,2023-02-23 15:00:00+01:00,41.849998474121094,42.22999954223633,41.84000015258789,42.150001525878906,18602,0.0,0.0,2023-02-23
3698,2023-02-23 16:00:00+01:00,42.13999938964844,42.16999816894531,41.88999938964844,41.959999084472656,21013,0.0,0.0,2023-02-23
3699,2023-02-23 17:00:00+01:00,41.97999954223633,42.0,41.86000061035156,41.880001068115234,235803,0.0,0.0,2023-02-23
3700,2023-02-24 09:00:00+01:00,41.869998931884766,41.88999938964844,41.470001220703125,41.65999984741211,0,0.0,0.0,2023-02-24
3701,2023-02-24 10:00:00+01:00,41.709999084472656,41.77000045776367,41.68000030517578,41.70000076293945,9106,0.0,0.0,2023-02-24
3702,2023-02-24 11:00:00+01:00,41.709999084472656,41.7400016784668,41.58000183105469,41.61000061035156,12816,0.0,0.0,2023-02-24
3703,2023-02-24 12:00:00+01:00,41.599998474121094,41.599998474121094,41.310001373291016,41.41999816894531,13927,0.0,0.0,2023-02-24
3704,2023-02-24 13:00:00+01:00,41.43000030517578,41.45000076293945,41.279998779296875,41.290000915527344,12578,0.0,0.0,2023-02-24
3705,2023-02-24 14:00:00+01:00,41.279998779296875,41.36000061035156,40.9900016784668,41.18000030517578,31936,0.0,0.0,2023-02-24
3706,2023-02-24 15:00:00+01:00,41.16999816894531,41.16999816894531,40.86000061035156,41.060001373291016,37056,0.0,0.0,2023-02-24
3707,2023-02-24 16:00:00+01:00,41.06999969482422,43.209999084472656,41.04999923706055,41.869998931884766,283860,0.0,0.0,2023-02-24
3708,2023-02-24 17:00:00+01:00,41.880001068115234,41.880001068115234,41.59000015258789,41.630001068115234,246612,0.0,0.0,2023-02-24
3709,2023-02-27 09:00:00+01:00,41.83000183105469,42.20000076293945,41.810001373291016,42.099998474121094,0,0.0,0.0,2023-02-27
3710,2023-02-27 10:00:00+01:00,42.119998931884766,42.25,42.11000061035156,42.20000076293945,9991,0.0,0.0,2023-02-27
3711,2023-02-27 11:00:00+01:00,42.18000030517578,42.2599983215332,42.099998474121094,42.119998931884766,9455,0.0,0.0,2023-02-27
3712,2023-02-27 12:00:00+01:00,42.099998474121094,42.15999984741211,42.029998779296875,42.06999969482422,8365,0.0,0.0,2023-02-27
3713,2023-02-27 13:00:00+01:00,42.04999923706055,42.099998474121094,42.029998779296875,42.060001373291016,6365,0.0,0.0,2023-02-27
3714,2023-02-27 14:00:00+01:00,42.060001373291016,42.13999938964844,42.029998779296875,42.09000015258789,8803,0.0,0.0,2023-02-27
3715,2023-02-27 15:00:00+01:00,42.099998474121094,42.20000076293945,42.040000915527344,42.20000076293945,10405,0.0,0.0,2023-02-27
3716,2023-02-27 16:00:00+01:00,42.18000030517578,42.220001220703125,42.0,42.09000015258789,21252,0.0,0.0,2023-02-27
3717,2023-02-27 17:00:00+01:00,42.09000015258789,42.150001525878906,42.02000045776367,42.02000045776367,204401,0.0,0.0,2023-02-27
3718,2023-02-28 09:00:00+01:00,41.689998626708984,41.93000030517578,41.59000015258789,41.90999984741211,0,0.0,0.0,2023-02-28
3719,2023-02-28 10:00:00+01:00,41.900001525878906,42.150001525878906,41.79999923706055,42.130001068115234,27506,0.0,0.0,2023-02-28
3720,2023-02-28 11:00:00+01:00,42.150001525878906,42.59000015258789,42.150001525878906,42.58000183105469,21774,0.0,0.0,2023-02-28
3721,2023-02-28 12:00:00+01:00,42.58000183105469,42.65999984741211,42.4900016784668,42.56999969482422,25128,0.0,0.0,2023-02-28
3722,2023-02-28 13:00:00+01:00,42.560001373291016,42.68000030517578,42.529998779296875,42.59000015258789,14475,0.0,0.0,2023-02-28
3723,2023-02-28 14:00:00+01:00,42.58000183105469,42.650001525878906,42.58000183105469,42.58000183105469,4920,0.0,0.0,2023-02-28
3724,2023-02-28 15:00:00+01:00,42.560001373291016,42.56999969482422,42.45000076293945,42.459999084472656,18572,0.0,0.0,2023-02-28
3725,2023-02-28 16:00:00+01:00,42.459999084472656,42.56999969482422,42.439998626708984,42.529998779296875,12355,0.0,0.0,2023-02-28
3726,2023-02-28 17:00:00+01:00,42.540000915527344,42.72999954223633,42.459999084472656,42.72999954223633,610924,0.0,0.0,2023-02-28
3727,2023-03-01 09:00:00+01:00,42.900001525878906,43.0,42.61000061035156,42.869998931884766,0,0.0,0.0,2023-03-01
3728,2023-03-01 10:00:00+01:00,42.869998931884766,43.0,42.84000015258789,42.97999954223633,10483,0.0,0.0,2023-03-01
3729,2023-03-01 11:00:00+01:00,42.97999954223633,43.11000061035156,42.849998474121094,42.959999084472656,28614,0.0,0.0,2023-03-01
3730,2023-03-01 12:00:00+01:00,42.970001220703125,43.0,42.90999984741211,42.93000030517578,7669,0.0,0.0,2023-03-01
3731,2023-03-01 13:00:00+01:00,42.91999816894531,42.91999816894531,42.7599983215332,42.779998779296875,5278,0.0,0.0,2023-03-01
3732,2023-03-01 14:00:00+01:00,42.77000045776367,42.88999938964844,42.7599983215332,42.810001373291016,10785,0.0,0.0,2023-03-01
3733,2023-03-01 15:00:00+01:00,42.810001373291016,43.040000915527344,42.7599983215332,43.0,23419,0.0,0.0,2023-03-01
3734,2023-03-01 16:00:00+01:00,42.9900016784668,43.029998779296875,42.779998779296875,42.97999954223633,38874,0.0,0.0,2023-03-01
3735,2023-03-01 17:00:00+01:00,42.97999954223633,42.97999954223633,42.63999938964844,42.70000076293945,303993,0.0,0.0,2023-03-01
3736,2023-03-02 09:00:00+01:00,42.65999984741211,42.7400016784668,42.529998779296875,42.720001220703125,0,0.0,0.0,2023-03-02
3737,2023-03-02 10:00:00+01:00,42.70000076293945,42.720001220703125,42.540000915527344,42.58000183105469,6144,0.0,0.0,2023-03-02
3738,2023-03-02 11:00:00+01:00,42.560001373291016,42.66999816894531,42.52000045776367,42.619998931884766,11175,0.0,0.0,2023-03-02
3739,2023-03-02 12:00:00+01:00,42.58000183105469,42.66999816894531,42.560001373291016,42.59000015258789,3854,0.0,0.0,2023-03-02
3740,2023-03-02 13:00:00+01:00,42.599998474121094,42.65999984741211,42.54999923706055,42.650001525878906,5267,0.0,0.0,2023-03-02
3741,2023-03-02 14:00:00+01:00,42.66999816894531,42.7400016784668,42.59000015258789,42.72999954223633,25500,0.0,0.0,2023-03-02
3742,2023-03-02 15:00:00+01:00,42.72999954223633,42.869998931884766,42.56999969482422,42.68000030517578,57701,0.0,0.0,2023-03-02
3743,2023-03-02 16:00:00+01:00,42.68000030517578,42.869998931884766,42.58000183105469,42.83000183105469,86773,0.0,0.0,2023-03-02
3744,2023-03-02 17:00:00+01:00,42.84000015258789,42.86000061035156,42.70000076293945,42.70000076293945,338895,0.0,0.0,2023-03-02
3745,2023-03-03 09:00:00+01:00,42.75,42.880001068115234,42.650001525878906,42.849998474121094,0,0.0,0.0,2023-03-03
3746,2023-03-03 10:00:00+01:00,42.84000015258789,42.849998474121094,42.52000045776367,42.52000045776367,9639,0.0,0.0,2023-03-03
3747,2023-03-03 11:00:00+01:00,42.529998779296875,42.70000076293945,42.4900016784668,42.63999938964844,20324,0.0,0.0,2023-03-03
3748,2023-03-03 12:00:00+01:00,42.63999938964844,42.84000015258789,42.56999969482422,42.790000915527344,107182,0.0,0.0,2023-03-03
3749,2023-03-03 13:00:00+01:00,42.75,42.81999969482422,42.52000045776367,42.540000915527344,85669,0.0,0.0,2023-03-03
3750,2023-03-03 14:00:00+01:00,42.54999923706055,42.689998626708984,42.369998931884766,42.650001525878906,52193,0.0,0.0,2023-03-03
3751,2023-03-03 15:00:00+01:00,42.65999984741211,42.7400016784668,42.540000915527344,42.66999816894531,31866,0.0,0.0,2023-03-03
3752,2023-03-03 16:00:00+01:00,42.66999816894531,42.7599983215332,42.650001525878906,42.66999816894531,33590,0.0,0.0,2023-03-03
3753,2023-03-03 17:00:00+01:00,42.66999816894531,42.720001220703125,42.540000915527344,42.65999984741211,176359,0.0,0.0,2023-03-03
3754,2023-03-06 09:00:00+01:00,42.880001068115234,42.880001068115234,42.75,42.83000183105469,0,0.0,0.0,2023-03-06
3755,2023-03-06 10:00:00+01:00,42.79999923706055,42.88999938964844,42.650001525878906,42.88999938964844,6096,0.0,0.0,2023-03-06
3756,2023-03-06 11:00:00+01:00,42.900001525878906,42.93000030517578,42.810001373291016,42.880001068115234,6677,0.0,0.0,2023-03-06
3757,2023-03-06 12:00:00+01:00,42.900001525878906,42.91999816894531,42.79999923706055,42.810001373291016,5641,0.0,0.0,2023-03-06
3758,2023-03-06 13:00:00+01:00,42.790000915527344,42.959999084472656,42.75,42.93000030517578,4980,0.0,0.0,2023-03-06
3759,2023-03-06 14:00:00+01:00,42.959999084472656,43.029998779296875,42.93000030517578,42.939998626708984,10785,0.0,0.0,2023-03-06
3760,2023-03-06 15:00:00+01:00,42.95000076293945,43.220001220703125,42.93000030517578,43.11000061035156,54546,0.0,0.0,2023-03-06
3761,2023-03-06 16:00:00+01:00,43.08000183105469,43.09000015258789,42.93000030517578,42.959999084472656,10462,0.0,0.0,2023-03-06
3762,2023-03-06 17:00:00+01:00,42.95000076293945,42.959999084472656,42.84000015258789,42.880001068115234,576552,0.0,0.0,2023-03-06
3763,2023-03-07 09:00:00+01:00,42.880001068115234,43.0099983215332,42.70000076293945,42.91999816894531,0,0.0,0.0,2023-03-07
3764,2023-03-07 10:00:00+01:00,42.90999984741211,42.95000076293945,42.84000015258789,42.880001068115234,4762,0.0,0.0,2023-03-07
3765,2023-03-07 11:00:00+01:00,42.90999984741211,43.0099983215332,42.810001373291016,42.88999938964844,11082,0.0,0.0,2023-03-07
3766,2023-03-07 12:00:00+01:00,42.88999938964844,42.90999984741211,42.880001068115234,42.900001525878906,3958,0.0,0.0,2023-03-07
3767,2023-03-07 13:00:00+01:00,42.90999984741211,42.970001220703125,42.90999984741211,42.959999084472656,5466,0.0,0.0,2023-03-07
3768,2023-03-07 14:00:00+01:00,42.97999954223633,43.13999938964844,42.959999084472656,43.130001068115234,15276,0.0,0.0,2023-03-07
3769,2023-03-07 15:00:00+01:00,43.119998931884766,45.06999969482422,43.04999923706055,44.0099983215332,325345,0.0,0.0,2023-03-07
3770,2023-03-07 16:00:00+01:00,43.93000030517578,44.20000076293945,43.65999984741211,43.75,79378,0.0,0.0,2023-03-07
3771,2023-03-07 17:00:00+01:00,43.7599983215332,43.849998474121094,43.38999938964844,43.38999938964844,371595,0.0,0.0,2023-03-07
3772,2023-03-08 09:00:00+01:00,43.02000045776367,43.29999923706055,42.849998474121094,42.849998474121094,0,0.0,0.0,2023-03-08
3773,2023-03-08 10:00:00+01:00,42.880001068115234,43.20000076293945,42.61000061035156,42.849998474121094,99131,0.0,0.0,2023-03-08
3774,2023-03-08 11:00:00+01:00,42.849998474121094,42.9900016784668,42.790000915527344,42.90999984741211,29340,0.0,0.0,2023-03-08
3775,2023-03-08 12:00:00+01:00,42.91999816894531,43.16999816894531,42.91999816894531,42.97999954223633,129364,0.0,0.0,2023-03-08
3776,2023-03-08 13:00:00+01:00,43.02000045776367,43.38999938964844,43.02000045776367,43.349998474121094,111849,0.0,0.0,2023-03-08
3777,2023-03-08 14:00:00+01:00,43.36000061035156,43.75,43.36000061035156,43.599998474121094,110753,0.0,0.0,2023-03-08
3778,2023-03-08 15:00:00+01:00,43.56999969482422,43.720001220703125,43.529998779296875,43.68000030517578,47716,0.0,0.0,2023-03-08
3779,2023-03-08 16:00:00+01:00,43.66999816894531,43.66999816894531,43.470001220703125,43.529998779296875,42318,0.0,0.0,2023-03-08
3780,2023-03-08 17:00:00+01:00,43.52000045776367,43.68000030517578,43.470001220703125,43.630001068115234,278028,0.0,0.0,2023-03-08
3781,2023-03-09 09:00:00+01:00,43.630001068115234,43.790000915527344,43.5099983215332,43.540000915527344,0,0.0,0.0,2023-03-09
3782,2023-03-09 10:00:00+01:00,43.52000045776367,43.54999923706055,43.150001525878906,43.150001525878906,15290,0.0,0.0,2023-03-09
3783,2023-03-09 11:00:00+01:00,43.16999816894531,43.439998626708984,43.16999816894531,43.36000061035156,11471,0.0,0.0,2023-03-09
3784,2023-03-09 12:00:00+01:00,43.34000015258789,43.34000015258789,43.25,43.27000045776367,8848,0.0,0.0,2023-03-09
3785,2023-03-09 13:00:00+01:00,43.2599983215332,43.31999969482422,43.189998626708984,43.220001220703125,5734,0.0,0.0,2023-03-09
3786,2023-03-09 14:00:00+01:00,43.209999084472656,43.400001525878906,43.20000076293945,43.279998779296875,13792,0.0,0.0,2023-03-09
3787,2023-03-09 15:00:00+01:00,43.27000045776367,43.380001068115234,43.25,43.25,15037,0.0,0.0,2023-03-09
3788,2023-03-09 16:00:00+01:00,43.27000045776367,43.310001373291016,43.15999984741211,43.279998779296875,15276,0.0,0.0,2023-03-09
3789,2023-03-09 17:00:00+01:00,43.279998779296875,43.290000915527344,43.20000076293945,43.2400016784668,276301,0.0,0.0,2023-03-09
3790,2023-03-10 09:00:00+01:00,43.0,43.0,42.38999938964844,42.52000045776367,0,0.0,0.0,2023-03-10
3791,2023-03-10 10:00:00+01:00,42.5,42.88999938964844,42.40999984741211,42.79999923706055,28190,0.0,0.0,2023-03-10
3792,2023-03-10 11:00:00+01:00,42.81999969482422,42.959999084472656,42.790000915527344,42.86000061035156,12757,0.0,0.0,2023-03-10
3793,2023-03-10 12:00:00+01:00,42.86000061035156,43.130001068115234,42.849998474121094,43.08000183105469,16011,0.0,0.0,2023-03-10
3794,2023-03-10 13:00:00+01:00,43.060001373291016,43.119998931884766,42.849998474121094,42.869998931884766,17541,0.0,0.0,2023-03-10
3795,2023-03-10 14:00:00+01:00,42.880001068115234,42.91999816894531,42.599998474121094,42.720001220703125,28007,0.0,0.0,2023-03-10
3796,2023-03-10 15:00:00+01:00,42.75,42.779998779296875,42.33000183105469,42.52000045776367,48025,0.0,0.0,2023-03-10
3797,2023-03-10 16:00:00+01:00,42.5099983215332,42.599998474121094,42.439998626708984,42.54999923706055,17993,0.0,0.0,2023-03-10
3798,2023-03-10 17:00:00+01:00,42.560001373291016,42.810001373291016,42.5099983215332,42.810001373291016,375201,0.0,0.0,2023-03-10
3799,2023-03-13 09:00:00+01:00,43.119998931884766,43.220001220703125,41.900001525878906,41.93000030517578,0,0.0,0.0,2023-03-13
3800,2023-03-13 10:00:00+01:00,41.93000030517578,41.93000030517578,41.36000061035156,41.59000015258789,136396,0.0,0.0,2023-03-13
3801,2023-03-13 11:00:00+01:00,41.59000015258789,42.08000183105469,41.54999923706055,42.029998779296875,23559,0.0,0.0,2023-03-13
3802,2023-03-13 12:00:00+01:00,42.040000915527344,42.08000183105469,41.68000030517578,41.720001220703125,17514,0.0,0.0,2023-03-13
3803,2023-03-13 13:00:00+01:00,41.72999954223633,41.77000045776367,41.400001525878906,41.5,32383,0.0,0.0,2023-03-13
3804,2023-03-13 14:00:00+01:00,41.5,41.7400016784668,41.2400016784668,41.720001220703125,51631,0.0,0.0,2023-03-13
3805,2023-03-13 15:00:00+01:00,41.709999084472656,41.709999084472656,41.34000015258789,41.58000183105469,23086,0.0,0.0,2023-03-13
3806,2023-03-13 16:00:00+01:00,41.65999984741211,41.900001525878906,41.529998779296875,41.86000061035156,27557,0.0,0.0,2023-03-13
3807,2023-03-13 17:00:00+01:00,41.93000030517578,42.02000045776367,41.43000030517578,41.43000030517578,374200,0.0,0.0,2023-03-13
3808,2023-03-14 09:00:00+01:00,41.380001068115234,41.52000045776367,40.90999984741211,41.099998474121094,0,0.0,0.0,2023-03-14
3809,2023-03-14 10:00:00+01:00,41.13999938964844,41.150001525878906,40.66999816894531,40.83000183105469,50609,0.0,0.0,2023-03-14
3810,2023-03-14 11:00:00+01:00,40.84000015258789,40.959999084472656,40.75,40.790000915527344,16774,0.0,0.0,2023-03-14
3811,2023-03-14 12:00:00+01:00,40.79999923706055,41.15999984741211,40.79999923706055,41.150001525878906,25349,0.0,0.0,2023-03-14
3812,2023-03-14 13:00:00+01:00,41.11000061035156,41.41999816894531,40.970001220703125,41.349998474121094,24103,0.0,0.0,2023-03-14
3813,2023-03-14 14:00:00+01:00,41.33000183105469,41.61000061035156,41.29999923706055,41.38999938964844,45408,0.0,0.0,2023-03-14
3814,2023-03-14 15:00:00+01:00,41.380001068115234,41.529998779296875,41.220001220703125,41.2599983215332,75607,0.0,0.0,2023-03-14
3815,2023-03-14 16:00:00+01:00,41.22999954223633,41.400001525878906,41.209999084472656,41.38999938964844,17006,0.0,0.0,2023-03-14
3816,2023-03-14 17:00:00+01:00,41.38999938964844,41.43000030517578,41.220001220703125,41.220001220703125,303037,0.0,0.0,2023-03-14
3817,2023-03-15 09:00:00+01:00,41.34000015258789,41.560001373291016,41.13999938964844,41.13999938964844,0,0.0,0.0,2023-03-15
3818,2023-03-15 10:00:00+01:00,41.119998931884766,41.13999938964844,40.43000030517578,40.45000076293945,43365,0.0,0.0,2023-03-15
3819,2023-03-15 11:00:00+01:00,40.470001220703125,40.5,39.619998931884766,39.869998931884766,127578,0.0,0.0,2023-03-15
3820,2023-03-15 12:00:00+01:00,39.869998931884766,40.0099983215332,39.630001068115234,39.75,113793,0.0,0.0,2023-03-15
3821,2023-03-15 13:00:00+01:00,39.7400016784668,39.849998474121094,39.5099983215332,39.560001373291016,44370,0.0,0.0,2023-03-15
3822,2023-03-15 14:00:00+01:00,39.58000183105469,39.79999923706055,39.36000061035156,39.59000015258789,53877,0.0,0.0,2023-03-15
3823,2023-03-15 15:00:00+01:00,39.58000183105469,40.0,39.52000045776367,39.9900016784668,76669,0.0,0.0,2023-03-15
3824,2023-03-15 16:00:00+01:00,39.97999954223633,40.189998626708984,39.869998931884766,39.869998931884766,29900,0.0,0.0,2023-03-15
3825,2023-03-15 17:00:00+01:00,39.880001068115234,39.90999984741211,39.560001373291016,39.560001373291016,605250,0.0,0.0,2023-03-15
3826,2023-03-16 09:00:00+01:00,40.2599983215332,40.349998474121094,39.900001525878906,39.900001525878906,0,0.0,0.0,2023-03-16
3827,2023-03-16 10:00:00+01:00,39.88999938964844,39.90999984741211,39.560001373291016,39.810001373291016,20757,0.0,0.0,2023-03-16
3828,2023-03-16 11:00:00+01:00,39.79999923706055,39.90999984741211,39.630001068115234,39.72999954223633,17598,0.0,0.0,2023-03-16
3829,2023-03-16 12:00:00+01:00,39.720001220703125,39.7400016784668,39.439998626708984,39.599998474121094,17204,0.0,0.0,2023-03-16
3830,2023-03-16 13:00:00+01:00,39.59000015258789,39.599998474121094,39.20000076293945,39.20000076293945,17654,0.0,0.0,2023-03-16
3831,2023-03-16 14:00:00+01:00,39.220001220703125,39.439998626708984,38.91999816894531,39.439998626708984,31285,0.0,0.0,2023-03-16
3832,2023-03-16 15:00:00+01:00,39.40999984741211,39.63999938964844,38.849998474121094,39.63999938964844,37810,0.0,0.0,2023-03-16
3833,2023-03-16 16:00:00+01:00,39.630001068115234,39.880001068115234,39.45000076293945,39.83000183105469,21902,0.0,0.0,2023-03-16
3834,2023-03-16 17:00:00+01:00,39.84000015258789,39.84000015258789,39.599998474121094,39.63999938964844,341989,0.0,0.0,2023-03-16
3835,2023-03-17 09:00:00+01:00,39.56999969482422,40.15999984741211,39.54999923706055,39.7400016784668,0,0.0,0.0,2023-03-17
3836,2023-03-17 10:00:00+01:00,39.7400016784668,39.81999969482422,39.439998626708984,39.459999084472656,22542,0.0,0.0,2023-03-17
3837,2023-03-17 11:00:00+01:00,39.459999084472656,39.459999084472656,39.220001220703125,39.41999816894531,69848,0.0,0.0,2023-03-17
3838,2023-03-17 12:00:00+01:00,39.41999816894531,39.43000030517578,38.880001068115234,39.0,72103,0.0,0.0,2023-03-17
3839,2023-03-17 13:00:00+01:00,39.02000045776367,39.029998779296875,38.54999923706055,38.630001068115234,37868,0.0,0.0,2023-03-17
3840,2023-03-17 14:00:00+01:00,38.63999938964844,38.810001373291016,38.540000915527344,38.599998474121094,22637,0.0,0.0,2023-03-17
3841,2023-03-17 15:00:00+01:00,38.59000015258789,38.689998626708984,38.130001068115234,38.279998779296875,66234,0.0,0.0,2023-03-17
3842,2023-03-17 16:00:00+01:00,38.27000045776367,38.38999938964844,38.09000015258789,38.130001068115234,37774,0.0,0.0,2023-03-17
3843,2023-03-17 17:00:00+01:00,38.13999938964844,38.22999954223633,37.900001525878906,37.900001525878906,1452617,0.0,0.0,2023-03-17
3844,2023-03-20 09:00:00+01:00,37.470001220703125,37.470001220703125,36.619998931884766,37.220001220703125,0,0.0,0.0,2023-03-20
3845,2023-03-20 10:00:00+01:00,37.209999084472656,37.66999816894531,37.09000015258789,37.599998474121094,83443,0.0,0.0,2023-03-20
3846,2023-03-20 11:00:00+01:00,37.599998474121094,38.0,37.5,38.0,39343,0.0,0.0,2023-03-20
3847,2023-03-20 12:00:00+01:00,37.97999954223633,38.130001068115234,37.79999923706055,38.130001068115234,40231,0.0,0.0,2023-03-20
3848,2023-03-20 13:00:00+01:00,38.119998931884766,38.43000030517578,38.04999923706055,38.400001525878906,16452,0.0,0.0,2023-03-20
3849,2023-03-20 14:00:00+01:00,38.40999984741211,38.81999969482422,38.36000061035156,38.81999969482422,41908,0.0,0.0,2023-03-20
3850,2023-03-20 15:00:00+01:00,38.83000183105469,39.27000045776367,38.79999923706055,39.2599983215332,35821,0.0,0.0,2023-03-20
3851,2023-03-20 16:00:00+01:00,39.27000045776367,39.41999816894531,39.150001525878906,39.20000076293945,47671,0.0,0.0,2023-03-20
3852,2023-03-20 17:00:00+01:00,39.20000076293945,39.209999084472656,38.880001068115234,38.970001220703125,198260,0.0,0.0,2023-03-20
3853,2023-03-21 09:00:00+01:00,39.439998626708984,40.04999923706055,39.25,40.0,0,0.0,0.0,2023-03-21
3854,2023-03-21 10:00:00+01:00,39.97999954223633,40.0099983215332,39.79999923706055,39.869998931884766,11360,0.0,0.0,2023-03-21
3855,2023-03-21 11:00:00+01:00,39.88999938964844,39.970001220703125,39.779998779296875,39.88999938964844,11667,0.0,0.0,2023-03-21
3856,2023-03-21 12:00:00+01:00,39.900001525878906,39.959999084472656,39.619998931884766,39.81999969482422,22366,0.0,0.0,2023-03-21
3857,2023-03-21 13:00:00+01:00,39.93000030517578,39.95000076293945,39.849998474121094,39.86000061035156,7901,0.0,0.0,2023-03-21
3858,2023-03-21 14:00:00+01:00,39.869998931884766,40.150001525878906,39.869998931884766,40.150001525878906,23718,0.0,0.0,2023-03-21
3859,2023-03-21 15:00:00+01:00,40.18000030517578,40.220001220703125,39.939998626708984,39.959999084472656,73172,0.0,0.0,2023-03-21
3860,2023-03-21 16:00:00+01:00,39.97999954223633,40.09000015258789,39.90999984741211,39.93000030517578,18826,0.0,0.0,2023-03-21
3861,2023-03-21 17:00:00+01:00,39.939998626708984,40.06999969482422,39.939998626708984,40.0099983215332,207910,0.0,0.0,2023-03-21
3862,2023-03-22 09:00:00+01:00,40.040000915527344,40.040000915527344,39.630001068115234,40.0,0,0.0,0.0,2023-03-22
3863,2023-03-22 10:00:00+01:00,40.0,40.11000061035156,39.90999984741211,40.04999923706055,24988,0.0,0.0,2023-03-22
3864,2023-03-22 11:00:00+01:00,40.02000045776367,40.029998779296875,39.849998474121094,40.02000045776367,21027,0.0,0.0,2023-03-22
3865,2023-03-22 12:00:00+01:00,39.9900016784668,40.02000045776367,39.79999923706055,39.84000015258789,23571,0.0,0.0,2023-03-22
3866,2023-03-22 13:00:00+01:00,39.849998474121094,40.02000045776367,39.689998626708984,39.720001220703125,26654,0.0,0.0,2023-03-22
3867,2023-03-22 14:00:00+01:00,39.720001220703125,39.720001220703125,39.459999084472656,39.5099983215332,22405,0.0,0.0,2023-03-22
3868,2023-03-22 15:00:00+01:00,39.5,39.52000045776367,39.43000030517578,39.439998626708984,28619,0.0,0.0,2023-03-22
3869,2023-03-22 16:00:00+01:00,39.45000076293945,39.47999954223633,39.16999816894531,39.16999816894531,20398,0.0,0.0,2023-03-22
3870,2023-03-22 17:00:00+01:00,39.16999816894531,39.33000183105469,39.150001525878906,39.31999969482422,159553,0.0,0.0,2023-03-22
3871,2023-03-23 09:00:00+01:00,39.20000076293945,39.34000015258789,39.040000915527344,39.040000915527344,0,0.0,0.0,2023-03-23
3872,2023-03-23 10:00:00+01:00,39.0,39.0,38.56999969482422,38.81999969482422,16569,0.0,0.0,2023-03-23
3873,2023-03-23 11:00:00+01:00,38.83000183105469,39.0099983215332,38.77000045776367,39.0099983215332,18541,0.0,0.0,2023-03-23
3874,2023-03-23 12:00:00+01:00,39.02000045776367,39.130001068115234,38.9900016784668,39.130001068115234,15013,0.0,0.0,2023-03-23
3875,2023-03-23 13:00:00+01:00,39.130001068115234,39.380001068115234,39.08000183105469,39.36000061035156,4509,0.0,0.0,2023-03-23
3876,2023-03-23 14:00:00+01:00,39.34000015258789,39.38999938964844,39.25,39.34000015258789,10934,0.0,0.0,2023-03-23
3877,2023-03-23 15:00:00+01:00,39.349998474121094,39.529998779296875,39.2400016784668,39.529998779296875,23012,0.0,0.0,2023-03-23
3878,2023-03-23 16:00:00+01:00,39.540000915527344,39.560001373291016,39.27000045776367,39.38999938964844,13776,0.0,0.0,2023-03-23
3879,2023-03-23 17:00:00+01:00,39.380001068115234,39.400001525878906,39.290000915527344,39.34000015258789,233758,0.0,0.0,2023-03-23
3880,2023-03-24 09:00:00+01:00,39.439998626708984,39.439998626708984,38.5099983215332,38.65999984741211,0,0.0,0.0,2023-03-24
3881,2023-03-24 10:00:00+01:00,38.630001068115234,38.72999954223633,37.970001220703125,38.040000915527344,59369,0.0,0.0,2023-03-24
3882,2023-03-24 11:00:00+01:00,38.0099983215332,38.2400016784668,37.720001220703125,38.08000183105469,60937,0.0,0.0,2023-03-24
3883,2023-03-24 12:00:00+01:00,38.06999969482422,38.279998779296875,37.9900016784668,38.11000061035156,13388,0.0,0.0,2023-03-24
3884,2023-03-24 13:00:00+01:00,38.11000061035156,38.72999954223633,38.04999923706055,38.66999816894531,15186,0.0,0.0,2023-03-24
3885,2023-03-24 14:00:00+01:00,38.619998931884766,38.77000045776367,38.5,38.7599983215332,13340,0.0,0.0,2023-03-24
3886,2023-03-24 15:00:00+01:00,38.79999923706055,38.79999923706055,38.560001373291016,38.790000915527344,21354,0.0,0.0,2023-03-24
3887,2023-03-24 16:00:00+01:00,38.77000045776367,38.88999938964844,38.61000061035156,38.88999938964844,25403,0.0,0.0,2023-03-24
3888,2023-03-24 17:00:00+01:00,38.880001068115234,38.939998626708984,38.709999084472656,38.79999923706055,0,0.0,0.0,2023-03-24
3889,2023-03-27 09:00:00+02:00,39.349998474121094,39.5,38.869998931884766,39.029998779296875,28508,0.0,0.0,2023-03-27
3890,2023-03-27 10:00:00+02:00,38.97999954223633,39.130001068115234,38.939998626708984,38.939998626708984,14906,0.0,0.0,2023-03-27
3891,2023-03-27 11:00:00+02:00,38.95000076293945,39.119998931884766,38.93000030517578,39.08000183105469,9543,0.0,0.0,2023-03-27
3892,2023-03-27 12:00:00+02:00,39.08000183105469,39.310001373291016,38.9900016784668,39.310001373291016,30252,0.0,0.0,2023-03-27
3893,2023-03-27 13:00:00+02:00,39.29999923706055,39.40999984741211,39.22999954223633,39.2400016784668,9421,0.0,0.0,2023-03-27
3894,2023-03-27 14:00:00+02:00,39.22999954223633,39.2400016784668,39.02000045776367,39.04999923706055,10436,0.0,0.0,2023-03-27
3895,2023-03-27 15:00:00+02:00,39.040000915527344,39.27000045776367,38.970001220703125,39.119998931884766,27854,0.0,0.0,2023-03-27
3896,2023-03-27 16:00:00+02:00,39.11000061035156,39.16999816894531,38.95000076293945,39.0099983215332,8340,0.0,0.0,2023-03-27
3897,2023-03-27 17:00:00+02:00,38.9900016784668,39.029998779296875,38.95000076293945,38.95000076293945,135852,0.0,0.0,2023-03-27
3898,2023-03-28 09:00:00+02:00,39.29999923706055,39.459999084472656,39.130001068115234,39.279998779296875,0,0.0,0.0,2023-03-28
3899,2023-03-28 10:00:00+02:00,39.220001220703125,39.34000015258789,39.150001525878906,39.2400016784668,11793,0.0,0.0,2023-03-28
3900,2023-03-28 11:00:00+02:00,39.2400016784668,39.279998779296875,38.95000076293945,39.02000045776367,7664,0.0,0.0,2023-03-28
3901,2023-03-28 12:00:00+02:00,39.029998779296875,39.119998931884766,39.0099983215332,39.060001373291016,5968,0.0,0.0,2023-03-28
3902,2023-03-28 13:00:00+02:00,39.04999923706055,39.22999954223633,39.04999923706055,39.11000061035156,9560,0.0,0.0,2023-03-28
3903,2023-03-28 14:00:00+02:00,39.099998474121094,39.099998474121094,38.83000183105469,38.900001525878906,7710,0.0,0.0,2023-03-28
3904,2023-03-28 15:00:00+02:00,38.869998931884766,38.970001220703125,38.540000915527344,38.900001525878906,17476,0.0,0.0,2023-03-28
3905,2023-03-28 16:00:00+02:00,38.88999938964844,39.08000183105469,38.88999938964844,39.029998779296875,11833,0.0,0.0,2023-03-28
3906,2023-03-28 17:00:00+02:00,39.029998779296875,39.04999923706055,38.959999084472656,38.959999084472656,101378,0.0,0.0,2023-03-28
3907,2023-03-29 09:00:00+02:00,39.18000030517578,39.369998931884766,39.06999969482422,39.2400016784668,0,0.0,0.0,2023-03-29
3908,2023-03-29 10:00:00+02:00,39.2400016784668,39.470001220703125,39.13999938964844,39.34000015258789,9586,0.0,0.0,2023-03-29
3909,2023-03-29 11:00:00+02:00,39.33000183105469,39.5099983215332,39.29999923706055,39.439998626708984,11939,0.0,0.0,2023-03-29
3910,2023-03-29 12:00:00+02:00,39.41999816894531,39.529998779296875,39.310001373291016,39.52000045776367,13704,0.0,0.0,2023-03-29
3911,2023-03-29 13:00:00+02:00,39.52000045776367,39.599998474121094,39.470001220703125,39.54999923706055,5195,0.0,0.0,2023-03-29
3912,2023-03-29 14:00:00+02:00,39.58000183105469,39.619998931884766,39.459999084472656,39.540000915527344,5959,0.0,0.0,2023-03-29
3913,2023-03-29 15:00:00+02:00,39.54999923706055,39.63999938964844,39.4900016784668,39.529998779296875,15246,0.0,0.0,2023-03-29
3914,2023-03-29 16:00:00+02:00,39.54999923706055,39.63999938964844,39.529998779296875,39.529998779296875,10766,0.0,0.0,2023-03-29
3915,2023-03-29 17:00:00+02:00,39.560001373291016,39.61000061035156,39.4900016784668,39.54999923706055,178775,0.0,0.0,2023-03-29
3916,2023-03-30 09:00:00+02:00,39.709999084472656,40.02000045776367,39.61000061035156,40.02000045776367,0,0.0,0.0,2023-03-30
3917,2023-03-30 10:00:00+02:00,40.0099983215332,40.16999816894531,39.959999084472656,40.060001373291016,5786,0.0,0.0,2023-03-30
3918,2023-03-30 11:00:00+02:00,40.08000183105469,40.08000183105469,39.86000061035156,39.93000030517578,11090,0.0,0.0,2023-03-30
3919,2023-03-30 12:00:00+02:00,39.93000030517578,40.08000183105469,39.93000030517578,40.040000915527344,3027,0.0,0.0,2023-03-30
3920,2023-03-30 13:00:00+02:00,40.04999923706055,40.11000061035156,40.0099983215332,40.040000915527344,6924,0.0,0.0,2023-03-30
3921,2023-03-30 14:00:00+02:00,40.029998779296875,40.11000061035156,39.95000076293945,40.04999923706055,5420,0.0,0.0,2023-03-30
3922,2023-03-30 15:00:00+02:00,40.04999923706055,40.06999969482422,39.939998626708984,39.97999954223633,4890,0.0,0.0,2023-03-30
3923,2023-03-30 16:00:00+02:00,39.97999954223633,40.119998931884766,39.869998931884766,40.02000045776367,17994,0.0,0.0,2023-03-30
3924,2023-03-30 17:00:00+02:00,40.029998779296875,40.040000915527344,39.849998474121094,39.93000030517578,132101,0.0,0.0,2023-03-30
3925,2023-03-31 09:00:00+02:00,39.9900016784668,40.11000061035156,39.43000030517578,39.52000045776367,0,0.0,0.0,2023-03-31
3926,2023-03-31 10:00:00+02:00,39.56999969482422,39.849998474121094,39.560001373291016,39.810001373291016,8498,0.0,0.0,2023-03-31
3927,2023-03-31 11:00:00+02:00,39.75,39.880001068115234,39.72999954223633,39.849998474121094,7737,0.0,0.0,2023-03-31
3928,2023-03-31 12:00:00+02:00,39.86000061035156,39.939998626708984,39.86000061035156,39.900001525878906,2863,0.0,0.0,2023-03-31
3929,2023-03-31 13:00:00+02:00,39.88999938964844,39.939998626708984,39.83000183105469,39.88999938964844,2585,0.0,0.0,2023-03-31
3930,2023-03-31 14:00:00+02:00,39.88999938964844,39.970001220703125,39.84000015258789,39.900001525878906,10463,0.0,0.0,2023-03-31
3931,2023-03-31 15:00:00+02:00,39.900001525878906,39.93000030517578,39.70000076293945,39.779998779296875,13739,0.0,0.0,2023-03-31
3932,2023-03-31 16:00:00+02:00,39.779998779296875,39.97999954223633,39.779998779296875,39.93000030517578,8323,0.0,0.0,2023-03-31
3933,2023-03-31 17:00:00+02:00,39.90999984741211,39.959999084472656,39.86000061035156,39.86000061035156,196319,0.0,0.0,2023-03-31
3934,2023-04-03 09:00:00+02:00,39.95000076293945,39.970001220703125,39.68000030517578,39.900001525878906,0,0.0,0.0,2023-04-03
3935,2023-04-03 10:00:00+02:00,39.869998931884766,40.02000045776367,39.81999969482422,39.97999954223633,22325,0.0,0.0,2023-04-03
3936,2023-04-03 11:00:00+02:00,39.97999954223633,40.04999923706055,39.880001068115234,39.880001068115234,11747,0.0,0.0,2023-04-03
3937,2023-04-03 12:00:00+02:00,39.869998931884766,40.0099983215332,39.869998931884766,39.9900016784668,5814,0.0,0.0,2023-04-03
3938,2023-04-03 13:00:00+02:00,39.939998626708984,39.939998626708984,39.709999084472656,39.75,8074,0.0,0.0,2023-04-03
3939,2023-04-03 14:00:00+02:00,39.72999954223633,39.72999954223633,39.63999938964844,39.689998626708984,9226,0.0,0.0,2023-04-03
3940,2023-04-03 15:00:00+02:00,39.68000030517578,39.880001068115234,39.61000061035156,39.849998474121094,13623,0.0,0.0,2023-04-03
3941,2023-04-03 16:00:00+02:00,39.869998931884766,39.880001068115234,39.65999984741211,39.66999816894531,15661,0.0,0.0,2023-04-03
3942,2023-04-03 17:00:00+02:00,39.66999816894531,39.689998626708984,39.599998474121094,39.68000030517578,253302,0.0,0.0,2023-04-03
3943,2023-04-04 09:00:00+02:00,39.900001525878906,40.20000076293945,39.900001525878906,40.13999938964844,0,0.0,0.0,2023-04-04
3944,2023-04-04 10:00:00+02:00,40.150001525878906,40.25,40.09000015258789,40.130001068115234,9538,0.0,0.0,2023-04-04
3945,2023-04-04 11:00:00+02:00,40.150001525878906,40.34000015258789,40.150001525878906,40.29999923706055,8793,0.0,0.0,2023-04-04
3946,2023-04-04 12:00:00+02:00,40.29999923706055,40.36000061035156,40.25,40.2599983215332,7533,0.0,0.0,2023-04-04
3947,2023-04-04 13:00:00+02:00,40.2400016784668,40.2400016784668,40.13999938964844,40.13999938964844,3079,0.0,0.0,2023-04-04
3948,2023-04-04 14:00:00+02:00,40.13999938964844,40.22999954223633,40.119998931884766,40.15999984741211,8121,0.0,0.0,2023-04-04
3949,2023-04-04 15:00:00+02:00,40.15999984741211,40.20000076293945,40.040000915527344,40.04999923706055,11856,0.0,0.0,2023-04-04
3950,2023-04-04 16:00:00+02:00,40.06999969482422,40.06999969482422,39.7400016784668,39.7400016784668,16546,0.0,0.0,2023-04-04
3951,2023-04-04 17:00:00+02:00,39.75,39.7599983215332,39.560001373291016,39.560001373291016,254278,0.0,0.0,2023-04-04
3952,2023-04-05 09:00:00+02:00,39.61000061035156,39.86000061035156,39.56999969482422,39.66999816894531,0,0.0,0.0,2023-04-05
3953,2023-04-05 10:00:00+02:00,39.68000030517578,39.68000030517578,39.41999816894531,39.529998779296875,12302,0.0,0.0,2023-04-05
3954,2023-04-05 11:00:00+02:00,39.52000045776367,39.599998474121094,39.4900016784668,39.52000045776367,5420,0.0,0.0,2023-04-05
3955,2023-04-05 12:00:00+02:00,39.529998779296875,39.650001525878906,39.5099983215332,39.650001525878906,4405,0.0,0.0,2023-04-05
3956,2023-04-05 13:00:00+02:00,39.65999984741211,39.65999984741211,39.540000915527344,39.560001373291016,8023,0.0,0.0,2023-04-05
3957,2023-04-05 14:00:00+02:00,39.56999969482422,39.619998931884766,39.459999084472656,39.52000045776367,17864,0.0,0.0,2023-04-05
3958,2023-04-05 15:00:00+02:00,39.5,39.709999084472656,39.4900016784668,39.689998626708984,11658,0.0,0.0,2023-04-05
3959,2023-04-05 16:00:00+02:00,39.650001525878906,39.650001525878906,39.4900016784668,39.5099983215332,15873,0.0,0.0,2023-04-05
3960,2023-04-05 17:00:00+02:00,39.5,39.54999923706055,39.459999084472656,39.47999954223633,100091,0.0,0.0,2023-04-05
3961,2023-04-06 09:00:00+02:00,39.70000076293945,39.86000061035156,39.630001068115234,39.7599983215332,0,0.0,0.0,2023-04-06
3962,2023-04-06 10:00:00+02:00,39.75,40.0,39.75,40.0,4905,0.0,0.0,2023-04-06
3963,2023-04-06 11:00:00+02:00,40.0,40.0,39.790000915527344,39.939998626708984,37407,0.0,0.0,2023-04-06
3964,2023-04-06 12:00:00+02:00,39.93000030517578,40.0,39.880001068115234,39.970001220703125,15425,0.0,0.0,2023-04-06
3965,2023-04-06 13:00:00+02:00,39.970001220703125,39.9900016784668,39.93000030517578,39.939998626708984,2714,0.0,0.0,2023-04-06
3966,2023-04-06 14:00:00+02:00,39.95000076293945,39.95000076293945,39.86000061035156,39.880001068115234,5246,0.0,0.0,2023-04-06
3967,2023-04-06 15:00:00+02:00,39.900001525878906,40.04999923706055,39.84000015258789,39.9900016784668,18254,0.0,0.0,2023-04-06
3968,2023-04-06 16:00:00+02:00,40.0099983215332,40.13999938964844,39.959999084472656,40.0,13314,0.0,0.0,2023-04-06
3969,2023-04-06 17:00:00+02:00,40.0099983215332,40.040000915527344,39.880001068115234,39.880001068115234,0,0.0,0.0,2023-04-06
3970,2023-04-11 09:00:00+02:00,40.189998626708984,40.43000030517578,40.18000030517578,40.36000061035156,19826,0.0,0.0,2023-04-11
3971,2023-04-11 10:00:00+02:00,40.369998931884766,40.43000030517578,40.36000061035156,40.43000030517578,4217,0.0,0.0,2023-04-11
3972,2023-04-11 11:00:00+02:00,40.45000076293945,40.4900016784668,40.349998474121094,40.380001068115234,4280,0.0,0.0,2023-04-11
3973,2023-04-11 12:00:00+02:00,40.380001068115234,40.459999084472656,40.36000061035156,40.41999816894531,1661,0.0,0.0,2023-04-11
3974,2023-04-11 13:00:00+02:00,40.40999984741211,40.540000915527344,40.380001068115234,40.540000915527344,5212,0.0,0.0,2023-04-11
3975,2023-04-11 14:00:00+02:00,40.529998779296875,40.61000061035156,40.470001220703125,40.54999923706055,7977,0.0,0.0,2023-04-11
3976,2023-04-11 15:00:00+02:00,40.56999969482422,40.65999984741211,40.40999984741211,40.470001220703125,23552,0.0,0.0,2023-04-11
3977,2023-04-11 16:00:00+02:00,40.4900016784668,40.630001068115234,40.43000030517578,40.43000030517578,30665,0.0,0.0,2023-04-11
3978,2023-04-11 17:00:00+02:00,40.43000030517578,40.560001373291016,40.41999816894531,40.529998779296875,156625,0.0,0.0,2023-04-11
3979,2023-04-12 09:00:00+02:00,40.68000030517578,40.779998779296875,40.380001068115234,40.4900016784668,0,0.0,0.0,2023-04-12
3980,2023-04-12 10:00:00+02:00,40.5,40.59000015258789,40.5,40.58000183105469,3294,0.0,0.0,2023-04-12
3981,2023-04-12 11:00:00+02:00,40.58000183105469,40.63999938964844,40.529998779296875,40.54999923706055,6411,0.0,0.0,2023-04-12
3982,2023-04-12 12:00:00+02:00,40.540000915527344,40.66999816894531,40.529998779296875,40.560001373291016,6135,0.0,0.0,2023-04-12
3983,2023-04-12 13:00:00+02:00,40.540000915527344,40.59000015258789,40.470001220703125,40.5099983215332,2657,0.0,0.0,2023-04-12
3984,2023-04-12 14:00:00+02:00,40.5,40.650001525878906,40.45000076293945,40.5099983215332,22358,0.0,0.0,2023-04-12
3985,2023-04-12 15:00:00+02:00,40.5099983215332,40.58000183105469,40.47999954223633,40.5099983215332,10006,0.0,0.0,2023-04-12
3986,2023-04-12 16:00:00+02:00,40.5,40.52000045776367,40.31999969482422,40.349998474121094,9224,0.0,0.0,2023-04-12
3987,2023-04-12 17:00:00+02:00,40.36000061035156,40.38999938964844,40.31999969482422,40.33000183105469,279105,0.0,0.0,2023-04-12
3988,2023-04-13 09:00:00+02:00,40.459999084472656,40.529998779296875,40.400001525878906,40.52000045776367,0,0.0,0.0,2023-04-13
3989,2023-04-13 10:00:00+02:00,40.52000045776367,40.560001373291016,40.38999938964844,40.439998626708984,4816,0.0,0.0,2023-04-13
3990,2023-04-13 11:00:00+02:00,40.439998626708984,40.5,40.38999938964844,40.5,2907,0.0,0.0,2023-04-13
3991,2023-04-13 12:00:00+02:00,40.47999954223633,40.5099983215332,40.41999816894531,40.4900016784668,5151,0.0,0.0,2023-04-13
3992,2023-04-13 13:00:00+02:00,40.47999954223633,40.54999923706055,40.47999954223633,40.540000915527344,4060,0.0,0.0,2023-04-13
3993,2023-04-13 14:00:00+02:00,40.540000915527344,40.59000015258789,40.470001220703125,40.47999954223633,6195,0.0,0.0,2023-04-13
3994,2023-04-13 15:00:00+02:00,40.5,40.52000045776367,40.29999923706055,40.439998626708984,5924,0.0,0.0,2023-04-13
3995,2023-04-13 16:00:00+02:00,40.41999816894531,40.470001220703125,40.400001525878906,40.439998626708984,3262,0.0,0.0,2023-04-13
3996,2023-04-13 17:00:00+02:00,40.439998626708984,40.470001220703125,40.41999816894531,40.41999816894531,0,0.0,0.0,2023-04-13
3997,2023-04-14 09:00:00+02:00,40.560001373291016,40.630001068115234,40.31999969482422,40.36000061035156,31707,0.0,0.0,2023-04-14
3998,2023-04-14 10:00:00+02:00,40.380001068115234,40.52000045776367,40.380001068115234,40.5,5082,0.0,0.0,2023-04-14
3999,2023-04-14 11:00:00+02:00,40.4900016784668,40.56999969482422,40.47999954223633,40.560001373291016,4199,0.0,0.0,2023-04-14
4000,2023-04-14 12:00:00+02:00,40.540000915527344,40.68000030517578,40.5,40.66999816894531,3621,0.0,0.0,2023-04-14
4001,2023-04-14 13:00:00+02:00,40.70000076293945,40.880001068115234,40.70000076293945,40.77000045776367,8417,0.0,0.0,2023-04-14
4002,2023-04-14 14:00:00+02:00,40.79999923706055,40.939998626708984,40.79999923706055,40.81999969482422,3673,0.0,0.0,2023-04-14
4003,2023-04-14 15:00:00+02:00,40.810001373291016,40.83000183105469,40.709999084472656,40.72999954223633,9276,0.0,0.0,2023-04-14
4004,2023-04-14 16:00:00+02:00,40.720001220703125,40.720001220703125,40.56999969482422,40.630001068115234,16027,0.0,0.0,2023-04-14
4005,2023-04-14 17:00:00+02:00,40.619998931884766,40.689998626708984,40.599998474121094,40.689998626708984,127148,0.0,0.0,2023-04-14
4006,2023-04-17 09:00:00+02:00,40.7599983215332,40.7599983215332,40.41999816894531,40.41999816894531,0,0.0,0.0,2023-04-17
4007,2023-04-17 10:00:00+02:00,40.43000030517578,40.439998626708984,40.22999954223633,40.33000183105469,9166,0.0,0.0,2023-04-17
4008,2023-04-17 11:00:00+02:00,40.290000915527344,40.380001068115234,40.2599983215332,40.27000045776367,7365,0.0,0.0,2023-04-17
4009,2023-04-17 12:00:00+02:00,40.290000915527344,40.290000915527344,40.16999816894531,40.16999816894531,6547,0.0,0.0,2023-04-17
4010,2023-04-17 13:00:00+02:00,40.18000030517578,40.18000030517578,40.029998779296875,40.029998779296875,3198,0.0,0.0,2023-04-17
4011,2023-04-17 14:00:00+02:00,40.04999923706055,40.04999923706055,39.93000030517578,39.97999954223633,13661,0.0,0.0,2023-04-17
4012,2023-04-17 15:00:00+02:00,39.97999954223633,40.11000061035156,39.880001068115234,40.11000061035156,17691,0.0,0.0,2023-04-17
4013,2023-04-17 16:00:00+02:00,40.099998474121094,40.099998474121094,39.97999954223633,40.02000045776367,6459,0.0,0.0,2023-04-17
4014,2023-04-17 17:00:00+02:00,40.029998779296875,40.08000183105469,39.97999954223633,40.08000183105469,104127,0.0,0.0,2023-04-17
4015,2023-04-18 09:00:00+02:00,40.20000076293945,40.400001525878906,40.18000030517578,40.36000061035156,0,0.0,0.0,2023-04-18
4016,2023-04-18 10:00:00+02:00,40.310001373291016,40.459999084472656,40.27000045776367,40.40999984741211,6489,0.0,0.0,2023-04-18
4017,2023-04-18 11:00:00+02:00,40.400001525878906,40.5099983215332,40.38999938964844,40.4900016784668,4110,0.0,0.0,2023-04-18
4018,2023-04-18 12:00:00+02:00,40.47999954223633,40.540000915527344,40.47999954223633,40.540000915527344,3228,0.0,0.0,2023-04-18
4019,2023-04-18 13:00:00+02:00,40.58000183105469,40.599998474121094,40.47999954223633,40.599998474121094,8770,0.0,0.0,2023-04-18
4020,2023-04-18 14:00:00+02:00,40.59000015258789,40.900001525878906,40.58000183105469,40.88999938964844,5666,0.0,0.0,2023-04-18
4021,2023-04-18 15:00:00+02:00,40.880001068115234,40.880001068115234,40.66999816894531,40.689998626708984,10954,0.0,0.0,2023-04-18
4022,2023-04-18 16:00:00+02:00,40.689998626708984,40.72999954223633,40.56999969482422,40.58000183105469,12910,0.0,0.0,2023-04-18
4023,2023-04-18 17:00:00+02:00,40.58000183105469,40.650001525878906,40.58000183105469,40.63999938964844,245642,0.0,0.0,2023-04-18
4024,2023-04-19 09:00:00+02:00,40.79999923706055,40.90999984741211,40.66999816894531,40.66999816894531,0,0.0,0.0,2023-04-19
4025,2023-04-19 10:00:00+02:00,40.66999816894531,40.79999923706055,40.52000045776367,40.7599983215332,5824,0.0,0.0,2023-04-19
4026,2023-04-19 11:00:00+02:00,40.75,40.75,40.630001068115234,40.65999984741211,4303,0.0,0.0,2023-04-19
4027,2023-04-19 12:00:00+02:00,40.689998626708984,40.75,40.65999984741211,40.75,2432,0.0,0.0,2023-04-19
4028,2023-04-19 13:00:00+02:00,40.7599983215332,40.880001068115234,40.7599983215332,40.810001373291016,6544,0.0,0.0,2023-04-19
4029,2023-04-19 14:00:00+02:00,40.81999969482422,40.86000061035156,40.779998779296875,40.779998779296875,3186,0.0,0.0,2023-04-19
4030,2023-04-19 15:00:00+02:00,40.779998779296875,40.869998931884766,40.7599983215332,40.77000045776367,16224,0.0,0.0,2023-04-19
4031,2023-04-19 16:00:00+02:00,40.7599983215332,40.91999816894531,40.689998626708984,40.91999816894531,34544,0.0,0.0,2023-04-19
4032,2023-04-19 17:00:00+02:00,40.959999084472656,40.9900016784668,40.70000076293945,40.70000076293945,353027,0.0,0.0,2023-04-19
4033,2023-04-20 09:00:00+02:00,40.900001525878906,40.900001525878906,40.72999954223633,40.81999969482422,0,0.0,0.0,2023-04-20
4034,2023-04-20 10:00:00+02:00,40.810001373291016,40.84000015258789,40.599998474121094,40.70000076293945,23165,0.0,0.0,2023-04-20
4035,2023-04-20 11:00:00+02:00,40.709999084472656,40.79999923706055,40.70000076293945,40.70000076293945,7292,0.0,0.0,2023-04-20
4036,2023-04-20 12:00:00+02:00,40.689998626708984,40.689998626708984,40.529998779296875,40.650001525878906,8005,0.0,0.0,2023-04-20
4037,2023-04-20 13:00:00+02:00,40.66999816894531,40.66999816894531,40.560001373291016,40.56999969482422,3690,0.0,0.0,2023-04-20
4038,2023-04-20 14:00:00+02:00,40.52000045776367,40.619998931884766,40.5099983215332,40.59000015258789,5151,0.0,0.0,2023-04-20
4039,2023-04-20 15:00:00+02:00,40.599998474121094,40.61000061035156,40.529998779296875,40.599998474121094,9443,0.0,0.0,2023-04-20
4040,2023-04-20 16:00:00+02:00,40.58000183105469,40.66999816894531,40.560001373291016,40.630001068115234,9423,0.0,0.0,2023-04-20
4041,2023-04-20 17:00:00+02:00,40.630001068115234,40.63999938964844,40.540000915527344,40.560001373291016,224352,0.0,0.0,2023-04-20
4042,2023-04-21 09:00:00+02:00,40.5,40.619998931884766,40.16999816894531,40.40999984741211,0,0.0,0.0,2023-04-21
4043,2023-04-21 10:00:00+02:00,40.400001525878906,40.54999923706055,40.400001525878906,40.5099983215332,7512,0.0,0.0,2023-04-21
4044,2023-04-21 11:00:00+02:00,40.5,40.619998931884766,40.380001068115234,40.400001525878906,7634,0.0,0.0,2023-04-21
4045,2023-04-21 12:00:00+02:00,40.36000061035156,40.400001525878906,40.310001373291016,40.31999969482422,4718,0.0,0.0,2023-04-21
4046,2023-04-21 13:00:00+02:00,40.310001373291016,40.31999969482422,40.08000183105469,40.099998474121094,9608,0.0,0.0,2023-04-21
4047,2023-04-21 14:00:00+02:00,40.099998474121094,40.25,40.099998474121094,40.25,5925,0.0,0.0,2023-04-21
4048,2023-04-21 15:00:00+02:00,40.22999954223633,40.29999923706055,40.130001068115234,40.27000045776367,10525,0.0,0.0,2023-04-21
4049,2023-04-21 16:00:00+02:00,40.27000045776367,40.349998474121094,40.220001220703125,40.2599983215332,6378,0.0,0.0,2023-04-21
4050,2023-04-21 17:00:00+02:00,40.290000915527344,40.380001068115234,40.27000045776367,40.27000045776367,0,0.0,0.0,2023-04-21
4051,2023-04-24 09:00:00+02:00,40.099998474121094,40.369998931884766,39.880001068115234,40.369998931884766,29620,0.0,0.0,2023-04-24
4052,2023-04-24 10:00:00+02:00,40.349998474121094,40.459999084472656,40.220001220703125,40.2599983215332,8850,0.0,0.0,2023-04-24
4053,2023-04-24 11:00:00+02:00,40.29999923706055,40.34000015258789,40.2400016784668,40.2400016784668,7641,0.0,0.0,2023-04-24
4054,2023-04-24 12:00:00+02:00,40.29999923706055,40.310001373291016,40.18000030517578,40.20000076293945,11175,0.0,0.0,2023-04-24
4055,2023-04-24 13:00:00+02:00,40.22999954223633,40.349998474121094,40.22999954223633,40.2599983215332,14714,0.0,0.0,2023-04-24
4056,2023-04-24 14:00:00+02:00,40.279998779296875,40.279998779296875,40.15999984741211,40.16999816894531,3728,0.0,0.0,2023-04-24
4057,2023-04-24 15:00:00+02:00,40.18000030517578,40.2599983215332,40.130001068115234,40.22999954223633,11732,0.0,0.0,2023-04-24
4058,2023-04-24 16:00:00+02:00,40.220001220703125,40.36000061035156,40.209999084472656,40.29999923706055,23121,0.0,0.0,2023-04-24
4059,2023-04-24 17:00:00+02:00,40.29999923706055,40.439998626708984,40.27000045776367,40.439998626708984,234506,0.0,0.0,2023-04-24
4060,2023-04-25 09:00:00+02:00,40.400001525878906,40.400001525878906,39.95000076293945,40.040000915527344,0,0.0,0.0,2023-04-25
4061,2023-04-25 10:00:00+02:00,40.0099983215332,40.0099983215332,39.75,39.939998626708984,17052,0.0,0.0,2023-04-25
4062,2023-04-25 11:00:00+02:00,39.90999984741211,39.959999084472656,39.75,39.959999084472656,6879,0.0,0.0,2023-04-25
4063,2023-04-25 12:00:00+02:00,39.9900016784668,39.9900016784668,39.88999938964844,39.900001525878906,2610,0.0,0.0,2023-04-25
4064,2023-04-25 13:00:00+02:00,39.880001068115234,39.900001525878906,39.81999969482422,39.81999969482422,11096,0.0,0.0,2023-04-25
4065,2023-04-25 14:00:00+02:00,39.81999969482422,40.0099983215332,39.81999969482422,40.0099983215332,15566,0.0,0.0,2023-04-25
4066,2023-04-25 15:00:00+02:00,39.9900016784668,40.060001373291016,39.97999954223633,40.060001373291016,6179,0.0,0.0,2023-04-25
4067,2023-04-25 16:00:00+02:00,40.08000183105469,40.16999816894531,40.06999969482422,40.119998931884766,13587,0.0,0.0,2023-04-25
4068,2023-04-25 17:00:00+02:00,40.13999938964844,40.22999954223633,40.119998931884766,40.22999954223633,149480,0.0,0.0,2023-04-25
4069,2023-04-26 09:00:00+02:00,40.029998779296875,40.209999084472656,39.56999969482422,39.709999084472656,0,0.0,0.0,2023-04-26
4070,2023-04-26 10:00:00+02:00,39.720001220703125,40.08000183105469,39.689998626708984,40.08000183105469,2480,0.0,0.0,2023-04-26
4071,2023-04-26 11:00:00+02:00,40.099998474121094,40.189998626708984,40.02000045776367,40.029998779296875,7577,0.0,0.0,2023-04-26
4072,2023-04-26 12:00:00+02:00,40.029998779296875,40.150001525878906,40.0099983215332,40.040000915527344,10360,0.0,0.0,2023-04-26
4073,2023-04-26 13:00:00+02:00,40.029998779296875,40.119998931884766,39.869998931884766,40.029998779296875,21581,0.0,0.0,2023-04-26
4074,2023-04-26 14:00:00+02:00,40.060001373291016,40.119998931884766,40.0099983215332,40.0099983215332,9250,0.0,0.0,2023-04-26
4075,2023-04-26 15:00:00+02:00,40.0099983215332,40.0099983215332,39.7400016784668,39.81999969482422,22679,0.0,0.0,2023-04-26
4076,2023-04-26 16:00:00+02:00,39.79999923706055,39.849998474121094,39.70000076293945,39.79999923706055,9852,0.0,0.0,2023-04-26
4077,2023-04-26 17:00:00+02:00,39.81999969482422,39.900001525878906,39.79999923706055,39.83000183105469,307439,0.0,0.0,2023-04-26
4078,2023-04-27 09:00:00+02:00,39.790000915527344,39.95000076293945,39.65999984741211,39.939998626708984,0,0.0,0.0,2023-04-27
4079,2023-04-27 10:00:00+02:00,39.939998626708984,39.95000076293945,39.72999954223633,39.810001373291016,11464,0.0,0.0,2023-04-27
4080,2023-04-27 11:00:00+02:00,39.79999923706055,39.79999923706055,39.72999954223633,39.7400016784668,6050,0.0,0.0,2023-04-27
4081,2023-04-27 12:00:00+02:00,39.7599983215332,39.810001373291016,39.59000015258789,39.810001373291016,14358,0.0,0.0,2023-04-27
4082,2023-04-27 13:00:00+02:00,39.79999923706055,39.81999969482422,39.709999084472656,39.779998779296875,5594,0.0,0.0,2023-04-27
4083,2023-04-27 14:00:00+02:00,39.779998779296875,39.880001068115234,39.720001220703125,39.880001068115234,8185,0.0,0.0,2023-04-27
4084,2023-04-27 15:00:00+02:00,39.900001525878906,40.029998779296875,39.79999923706055,40.029998779296875,15076,0.0,0.0,2023-04-27
4085,2023-04-27 16:00:00+02:00,40.04999923706055,40.11000061035156,39.90999984741211,39.93000030517578,9553,0.0,0.0,2023-04-27
4086,2023-04-27 17:00:00+02:00,40.0,40.060001373291016,39.95000076293945,39.9900016784668,104009,0.0,0.0,2023-04-27
4087,2023-04-28 09:00:00+02:00,40.119998931884766,40.15999984741211,40.0,40.150001525878906,0,0.0,0.0,2023-04-28
4088,2023-04-28 10:00:00+02:00,40.040000915527344,40.040000915527344,39.7400016784668,39.77000045776367,8247,0.0,0.0,2023-04-28
4089,2023-04-28 11:00:00+02:00,39.75,40.0,39.70000076293945,39.970001220703125,8280,0.0,0.0,2023-04-28
4090,2023-04-28 12:00:00+02:00,39.95000076293945,40.0,39.849998474121094,39.939998626708984,5916,0.0,0.0,2023-04-28
4091,2023-04-28 13:00:00+02:00,39.93000030517578,40.130001068115234,39.900001525878906,40.11000061035156,3078,0.0,0.0,2023-04-28
4092,2023-04-28 14:00:00+02:00,40.119998931884766,40.22999954223633,40.099998474121094,40.220001220703125,6460,0.0,0.0,2023-04-28
4093,2023-04-28 15:00:00+02:00,40.220001220703125,40.36000061035156,40.15999984741211,40.31999969482422,6354,0.0,0.0,2023-04-28
4094,2023-04-28 16:00:00+02:00,40.349998474121094,40.52000045776367,40.34000015258789,40.38999938964844,21836,0.0,0.0,2023-04-28
4095,2023-04-28 17:00:00+02:00,40.369998931884766,40.43000030517578,40.279998779296875,40.38999938964844,228223,0.0,0.0,2023-04-28
4096,2023-05-02 09:00:00+02:00,40.470001220703125,40.7400016784668,40.380001068115234,40.5099983215332,0,0.0,0.0,2023-05-02
4097,2023-05-02 10:00:00+02:00,40.470001220703125,40.619998931884766,40.380001068115234,40.599998474121094,14291,0.0,0.0,2023-05-02
4098,2023-05-02 11:00:00+02:00,40.61000061035156,40.75,40.56999969482422,40.709999084472656,8185,0.0,0.0,2023-05-02
4099,2023-05-02 12:00:00+02:00,40.68000030517578,40.68000030517578,40.0,40.619998931884766,42450,0.0,0.0,2023-05-02
4100,2023-05-02 13:00:00+02:00,40.619998931884766,40.66999816894531,40.56999969482422,40.66999816894531,3501,0.0,0.0,2023-05-02
4101,2023-05-02 14:00:00+02:00,40.650001525878906,40.68000030517578,40.61000061035156,40.61000061035156,3942,0.0,0.0,2023-05-02
4102,2023-05-02 15:00:00+02:00,40.599998474121094,40.599998474121094,40.369998931884766,40.380001068115234,5473,0.0,0.0,2023-05-02
4103,2023-05-02 16:00:00+02:00,40.380001068115234,40.380001068115234,39.84000015258789,39.86000061035156,18441,0.0,0.0,2023-05-02
4104,2023-05-02 17:00:00+02:00,39.880001068115234,39.93000030517578,39.720001220703125,39.79999923706055,208351,0.0,0.0,2023-05-02
4105,2023-05-03 09:00:00+02:00,40.88999938964844,40.88999938964844,40.119998931884766,40.209999084472656,0,0.0,0.0,2023-05-03
4106,2023-05-03 10:00:00+02:00,40.189998626708984,40.29999923706055,40.09000015258789,40.18000030517578,9115,0.0,0.0,2023-05-03
4107,2023-05-03 11:00:00+02:00,40.189998626708984,40.400001525878906,40.189998626708984,40.400001525878906,16822,0.0,0.0,2023-05-03
4108,2023-05-03 12:00:00+02:00,40.38999938964844,40.400001525878906,40.27000045776367,40.31999969482422,5044,0.0,0.0,2023-05-03
4109,2023-05-03 13:00:00+02:00,40.369998931884766,40.45000076293945,40.369998931884766,40.41999816894531,6123,0.0,0.0,2023-05-03
4110,2023-05-03 14:00:00+02:00,40.40999984741211,40.529998779296875,40.36000061035156,40.38999938964844,10457,0.0,0.0,2023-05-03
4111,2023-05-03 15:00:00+02:00,40.369998931884766,40.56999969482422,40.36000061035156,40.5099983215332,14408,0.0,0.0,2023-05-03
4112,2023-05-03 16:00:00+02:00,40.5,40.560001373291016,40.349998474121094,40.36000061035156,23523,0.0,0.0,2023-05-03
4113,2023-05-03 17:00:00+02:00,40.369998931884766,40.380001068115234,40.310001373291016,40.349998474121094,176043,0.0,0.0,2023-05-03
4114,2023-05-04 09:00:00+02:00,40.25,40.470001220703125,40.0099983215332,40.31999969482422,0,0.0,0.0,2023-05-04
4115,2023-05-04 10:00:00+02:00,40.279998779296875,40.369998931884766,40.16999816894531,40.20000076293945,8512,0.0,0.0,2023-05-04
4116,2023-05-04 11:00:00+02:00,40.18000030517578,40.2599983215332,40.099998474121094,40.209999084472656,6082,0.0,0.0,2023-05-04
4117,2023-05-04 12:00:00+02:00,40.18000030517578,40.18000030517578,39.869998931884766,39.880001068115234,24007,0.0,0.0,2023-05-04
4118,2023-05-04 13:00:00+02:00,39.86000061035156,39.88999938964844,39.77000045776367,39.790000915527344,7554,0.0,0.0,2023-05-04
4119,2023-05-04 14:00:00+02:00,39.790000915527344,39.93000030517578,39.72999954223633,39.84000015258789,14604,0.0,0.0,2023-05-04
4120,2023-05-04 15:00:00+02:00,39.86000061035156,39.9900016784668,39.58000183105469,39.77000045776367,29346,0.0,0.0,2023-05-04
4121,2023-05-04 16:00:00+02:00,39.7599983215332,39.77000045776367,39.439998626708984,39.540000915527344,40042,0.0,0.0,2023-05-04
4122,2023-05-04 17:00:00+02:00,39.529998779296875,39.72999954223633,39.529998779296875,39.72999954223633,0,0.0,0.0,2023-05-04
4123,2023-05-05 09:00:00+02:00,40.02000045776367,40.20000076293945,39.939998626708984,40.060001373291016,11346,0.0,0.0,2023-05-05
4124,2023-05-05 10:00:00+02:00,40.04999923706055,40.22999954223633,39.88999938964844,40.22999954223633,19232,0.0,0.0,2023-05-05
4125,2023-05-05 11:00:00+02:00,40.22999954223633,40.27000045776367,40.099998474121094,40.16999816894531,19032,0.0,0.0,2023-05-05
4126,2023-05-05 12:00:00+02:00,40.16999816894531,40.2400016784668,40.130001068115234,40.130001068115234,14399,0.0,0.0,2023-05-05
4127,2023-05-05 13:00:00+02:00,40.130001068115234,40.189998626708984,40.099998474121094,40.15999984741211,14091,0.0,0.0,2023-05-05
4128,2023-05-05 14:00:00+02:00,40.13999938964844,40.349998474121094,40.06999969482422,40.290000915527344,8332,0.0,0.0,2023-05-05
4129,2023-05-05 15:00:00+02:00,40.290000915527344,40.5099983215332,40.279998779296875,40.33000183105469,19564,0.0,0.0,2023-05-05
4130,2023-05-05 16:00:00+02:00,40.33000183105469,40.380001068115234,40.2400016784668,40.34000015258789,11129,0.0,0.0,2023-05-05
4131,2023-05-05 17:00:00+02:00,40.34000015258789,40.439998626708984,40.34000015258789,40.43000030517578,155744,0.0,0.0,2023-05-05
4132,2023-05-08 09:00:00+02:00,40.58000183105469,40.720001220703125,40.36000061035156,40.720001220703125,0,0.0,0.0,2023-05-08
4133,2023-05-08 10:00:00+02:00,40.709999084472656,40.779998779296875,40.59000015258789,40.61000061035156,9667,0.0,0.0,2023-05-08
4134,2023-05-08 11:00:00+02:00,40.61000061035156,40.709999084472656,40.61000061035156,40.68000030517578,3584,0.0,0.0,2023-05-08
4135,2023-05-08 12:00:00+02:00,40.650001525878906,40.709999084472656,40.650001525878906,40.689998626708984,3558,0.0,0.0,2023-05-08
4136,2023-05-08 13:00:00+02:00,40.689998626708984,40.77000045776367,40.689998626708984,40.709999084472656,5601,0.0,0.0,2023-05-08
4137,2023-05-08 14:00:00+02:00,40.77000045776367,40.849998474121094,40.720001220703125,40.849998474121094,12656,0.0,0.0,2023-05-08
4138,2023-05-08 15:00:00+02:00,40.84000015258789,40.86000061035156,40.70000076293945,40.70000076293945,11519,0.0,0.0,2023-05-08
4139,2023-05-08 16:00:00+02:00,40.720001220703125,40.79999923706055,40.619998931884766,40.79999923706055,7117,0.0,0.0,2023-05-08
4140,2023-05-08 17:00:00+02:00,40.810001373291016,40.86000061035156,40.689998626708984,40.689998626708984,166881,0.0,0.0,2023-05-08
4141,2023-05-09 09:00:00+02:00,40.70000076293945,40.88999938964844,40.54999923706055,40.709999084472656,0,0.0,0.0,2023-05-09
4142,2023-05-09 10:00:00+02:00,40.75,40.900001525878906,40.689998626708984,40.900001525878906,9569,0.0,0.0,2023-05-09
4143,2023-05-09 11:00:00+02:00,40.900001525878906,40.970001220703125,40.79999923706055,40.88999938964844,13505,0.0,0.0,2023-05-09
4144,2023-05-09 12:00:00+02:00,40.88999938964844,40.93000030517578,40.849998474121094,40.900001525878906,13124,0.0,0.0,2023-05-09
4145,2023-05-09 13:00:00+02:00,40.90999984741211,40.90999984741211,40.70000076293945,40.7400016784668,25725,0.0,0.0,2023-05-09
4146,2023-05-09 14:00:00+02:00,40.720001220703125,40.790000915527344,40.689998626708984,40.77000045776367,9168,0.0,0.0,2023-05-09
4147,2023-05-09 15:00:00+02:00,40.77000045776367,40.95000076293945,40.72999954223633,40.900001525878906,21100,0.0,0.0,2023-05-09
4148,2023-05-09 16:00:00+02:00,40.88999938964844,40.959999084472656,40.84000015258789,40.91999816894531,20780,0.0,0.0,2023-05-09
4149,2023-05-09 17:00:00+02:00,40.93000030517578,41.040000915527344,40.779998779296875,40.779998779296875,354599,0.0,0.0,2023-05-09
4150,2023-05-10 09:00:00+02:00,40.9900016784668,41.029998779296875,40.68000030517578,40.68000030517578,0,0.0,0.0,2023-05-10
4151,2023-05-10 10:00:00+02:00,40.7400016784668,40.880001068115234,40.709999084472656,40.77000045776367,9593,0.0,0.0,2023-05-10
4152,2023-05-10 11:00:00+02:00,40.779998779296875,40.779998779296875,40.63999938964844,40.650001525878906,10518,0.0,0.0,2023-05-10
4153,2023-05-10 12:00:00+02:00,40.630001068115234,40.630001068115234,40.52000045776367,40.56999969482422,10875,0.0,0.0,2023-05-10
4154,2023-05-10 13:00:00+02:00,40.56999969482422,40.59000015258789,40.47999954223633,40.529998779296875,7352,0.0,0.0,2023-05-10
4155,2023-05-10 14:00:00+02:00,40.5,40.61000061035156,40.36000061035156,40.5099983215332,61055,0.0,0.0,2023-05-10
4156,2023-05-10 15:00:00+02:00,40.4900016784668,40.66999816894531,39.88999938964844,40.119998931884766,38522,0.0,0.0,2023-05-10
4157,2023-05-10 16:00:00+02:00,40.130001068115234,40.13999938964844,39.97999954223633,40.060001373291016,17789,0.0,0.0,2023-05-10
4158,2023-05-10 17:00:00+02:00,40.09000015258789,40.25,40.06999969482422,40.20000076293945,272043,0.0,0.0,2023-05-10
4159,2023-05-11 09:00:00+02:00,40.279998779296875,40.560001373291016,40.279998779296875,40.5,0,0.0,0.0,2023-05-11
4160,2023-05-11 10:00:00+02:00,40.5,40.5099983215332,40.209999084472656,40.33000183105469,20191,0.0,0.0,2023-05-11
4161,2023-05-11 11:00:00+02:00,40.31999969482422,40.400001525878906,40.220001220703125,40.220001220703125,9585,0.0,0.0,2023-05-11
4162,2023-05-11 12:00:00+02:00,40.220001220703125,40.25,40.13999938964844,40.189998626708984,6214,0.0,0.0,2023-05-11
4163,2023-05-11 13:00:00+02:00,40.18000030517578,40.18000030517578,39.95000076293945,40.08000183105469,11475,0.0,0.0,2023-05-11
4164,2023-05-11 14:00:00+02:00,40.040000915527344,40.209999084472656,39.93000030517578,39.95000076293945,7937,0.0,0.0,2023-05-11
4165,2023-05-11 15:00:00+02:00,39.939998626708984,40.04999923706055,39.849998474121094,40.04999923706055,17196,0.0,0.0,2023-05-11
4166,2023-05-11 16:00:00+02:00,40.0,40.13999938964844,39.90999984741211,40.11000061035156,24024,0.0,0.0,2023-05-11
4167,2023-05-11 17:00:00+02:00,40.11000061035156,40.18000030517578,40.0,40.0,174696,0.0,0.0,2023-05-11
4168,2023-05-12 09:00:00+02:00,40.209999084472656,40.619998931884766,40.209999084472656,40.5,0,0.0,0.0,2023-05-12
4169,2023-05-12 10:00:00+02:00,40.470001220703125,40.790000915527344,40.45000076293945,40.7599983215332,30735,0.0,0.0,2023-05-12
4170,2023-05-12 11:00:00+02:00,40.7400016784668,40.75,40.66999816894531,40.720001220703125,14450,0.0,0.0,2023-05-12
4171,2023-05-12 12:00:00+02:00,40.7400016784668,40.79999923706055,40.72999954223633,40.72999954223633,12615,0.0,0.0,2023-05-12
4172,2023-05-12 13:00:00+02:00,40.72999954223633,40.790000915527344,40.689998626708984,40.72999954223633,8867,0.0,0.0,2023-05-12
4173,2023-05-12 14:00:00+02:00,40.720001220703125,40.7599983215332,40.619998931884766,40.65999984741211,7553,0.0,0.0,2023-05-12
4174,2023-05-12 15:00:00+02:00,40.650001525878906,40.709999084472656,40.529998779296875,40.529998779296875,13202,0.0,0.0,2023-05-12
4175,2023-05-12 16:00:00+02:00,40.52000045776367,40.619998931884766,40.470001220703125,40.5,14810,0.0,0.0,2023-05-12
4176,2023-05-12 17:00:00+02:00,40.5099983215332,40.56999969482422,40.47999954223633,40.56999969482422,174713,0.0,0.0,2023-05-12
4177,2023-05-15 09:00:00+02:00,40.79999923706055,41.0,40.79999923706055,40.900001525878906,0,0.0,0.0,2023-05-15
4178,2023-05-15 10:00:00+02:00,40.88999938964844,41.0099983215332,40.709999084472656,40.77000045776367,12604,0.0,0.0,2023-05-15
4179,2023-05-15 11:00:00+02:00,40.72999954223633,40.88999938964844,40.70000076293945,40.869998931884766,7552,0.0,0.0,2023-05-15
4180,2023-05-15 12:00:00+02:00,40.86000061035156,41.0,40.84000015258789,40.970001220703125,4935,0.0,0.0,2023-05-15
4181,2023-05-15 13:00:00+02:00,40.9900016784668,41.029998779296875,40.959999084472656,40.9900016784668,7029,0.0,0.0,2023-05-15
4182,2023-05-15 14:00:00+02:00,41.0099983215332,41.0099983215332,40.77000045776367,40.77000045776367,10587,0.0,0.0,2023-05-15
4183,2023-05-15 15:00:00+02:00,40.7599983215332,40.77000045776367,40.63999938964844,40.65999984741211,18959,0.0,0.0,2023-05-15
4184,2023-05-15 16:00:00+02:00,40.70000076293945,40.709999084472656,40.619998931884766,40.70000076293945,37520,0.0,0.0,2023-05-15
4185,2023-05-15 17:00:00+02:00,40.72999954223633,40.869998931884766,40.66999816894531,40.869998931884766,179821,0.0,0.0,2023-05-15
4186,2023-05-16 09:00:00+02:00,40.939998626708984,41.150001525878906,40.65999984741211,41.0,0,0.0,0.0,2023-05-16
4187,2023-05-16 10:00:00+02:00,41.0,41.060001373291016,40.90999984741211,41.0,11075,0.0,0.0,2023-05-16
4188,2023-05-16 11:00:00+02:00,41.0,41.16999816894531,40.9900016784668,41.060001373291016,17407,0.0,0.0,2023-05-16
4189,2023-05-16 12:00:00+02:00,41.060001373291016,41.15999984741211,41.060001373291016,41.13999938964844,7614,0.0,0.0,2023-05-16
4190,2023-05-16 13:00:00+02:00,41.15999984741211,41.2400016784668,41.13999938964844,41.2400016784668,5507,0.0,0.0,2023-05-16
4191,2023-05-16 14:00:00+02:00,41.25,41.33000183105469,41.22999954223633,41.29999923706055,8855,0.0,0.0,2023-05-16
4192,2023-05-16 15:00:00+02:00,41.310001373291016,41.349998474121094,41.0099983215332,41.0099983215332,17927,0.0,0.0,2023-05-16
4193,2023-05-16 16:00:00+02:00,41.0,41.029998779296875,40.84000015258789,40.86000061035156,20159,0.0,0.0,2023-05-16
4194,2023-05-16 17:00:00+02:00,40.86000061035156,40.97999954223633,40.86000061035156,40.869998931884766,174213,0.0,0.0,2023-05-16
4195,2023-05-17 09:00:00+02:00,40.65999984741211,40.790000915527344,40.47999954223633,40.7599983215332,0,0.0,0.0,2023-05-17
4196,2023-05-17 10:00:00+02:00,40.77000045776367,40.88999938964844,40.72999954223633,40.81999969482422,11973,0.0,0.0,2023-05-17
4197,2023-05-17 11:00:00+02:00,40.79999923706055,40.849998474121094,40.77000045776367,40.79999923706055,2686,0.0,0.0,2023-05-17
4198,2023-05-17 12:00:00+02:00,40.83000183105469,40.83000183105469,40.75,40.75,4392,0.0,0.0,2023-05-17
4199,2023-05-17 13:00:00+02:00,40.7599983215332,40.790000915527344,40.7400016784668,40.77000045776367,5086,0.0,0.0,2023-05-17
4200,2023-05-17 14:00:00+02:00,40.779998779296875,40.790000915527344,40.720001220703125,40.779998779296875,3659,0.0,0.0,2023-05-17
4201,2023-05-17 15:00:00+02:00,40.75,40.7599983215332,40.720001220703125,40.75,6679,0.0,0.0,2023-05-17
4202,2023-05-17 16:00:00+02:00,40.7599983215332,40.779998779296875,40.68000030517578,40.689998626708984,9588,0.0,0.0,2023-05-17
4203,2023-05-17 17:00:00+02:00,40.68000030517578,40.790000915527344,40.68000030517578,40.7400016784668,108212,0.0,0.0,2023-05-17
4204,2023-05-18 09:00:00+02:00,41.0,41.09000015258789,40.900001525878906,41.029998779296875,0,0.0,0.0,2023-05-18
4205,2023-05-18 10:00:00+02:00,41.040000915527344,41.11000061035156,40.959999084472656,41.04999923706055,5975,0.0,0.0,2023-05-18
4206,2023-05-18 11:00:00+02:00,41.040000915527344,41.119998931884766,40.970001220703125,41.119998931884766,6292,0.0,0.0,2023-05-18
4207,2023-05-18 12:00:00+02:00,41.130001068115234,41.15999984741211,41.11000061035156,41.119998931884766,2371,0.0,0.0,2023-05-18
4208,2023-05-18 13:00:00+02:00,41.150001525878906,41.15999984741211,41.08000183105469,41.09000015258789,6384,0.0,0.0,2023-05-18
4209,2023-05-18 14:00:00+02:00,41.09000015258789,41.13999938964844,41.08000183105469,41.119998931884766,4828,0.0,0.0,2023-05-18
4210,2023-05-18 15:00:00+02:00,41.13999938964844,41.16999816894531,41.029998779296875,41.029998779296875,7397,0.0,0.0,2023-05-18
4211,2023-05-18 16:00:00+02:00,41.04999923706055,41.08000183105469,40.9900016784668,41.060001373291016,5836,0.0,0.0,2023-05-18
4212,2023-05-18 17:00:00+02:00,41.060001373291016,41.08000183105469,40.91999816894531,40.91999816894531,0,0.0,0.0,2023-05-18
4213,2023-05-19 09:00:00+02:00,41.130001068115234,41.15999984741211,41.0,41.130001068115234,9638,0.0,0.0,2023-05-19
4214,2023-05-19 10:00:00+02:00,41.130001068115234,41.27000045776367,41.119998931884766,41.25,9240,0.0,0.0,2023-05-19
4215,2023-05-19 11:00:00+02:00,41.2400016784668,41.29999923706055,41.209999084472656,41.2400016784668,18285,0.0,0.0,2023-05-19
4216,2023-05-19 12:00:00+02:00,41.25,41.4900016784668,41.25,41.400001525878906,28418,0.0,0.0,2023-05-19
4217,2023-05-19 13:00:00+02:00,41.400001525878906,41.45000076293945,41.34000015258789,41.45000076293945,4615,0.0,0.0,2023-05-19
4218,2023-05-19 14:00:00+02:00,41.43000030517578,41.45000076293945,41.369998931884766,41.38999938964844,13505,0.0,0.0,2023-05-19
4219,2023-05-19 15:00:00+02:00,41.400001525878906,41.52000045776367,41.38999938964844,41.459999084472656,21149,0.0,0.0,2023-05-19
4220,2023-05-19 16:00:00+02:00,41.439998626708984,41.56999969482422,41.40999984741211,41.56999969482422,18824,0.0,0.0,2023-05-19
4221,2023-05-19 17:00:00+02:00,41.56999969482422,41.59000015258789,41.25,41.25,189516,0.0,0.0,2023-05-19
4222,2023-05-22 09:00:00+02:00,41.150001525878906,41.16999816894531,40.869998931884766,40.939998626708984,0,0.0,0.0,2023-05-22
4223,2023-05-22 10:00:00+02:00,40.880001068115234,40.970001220703125,40.7599983215332,40.959999084472656,5590,0.0,0.0,2023-05-22
4224,2023-05-22 11:00:00+02:00,41.0,41.04999923706055,40.959999084472656,41.029998779296875,3714,0.0,0.0,2023-05-22
4225,2023-05-22 12:00:00+02:00,41.0,41.04999923706055,40.90999984741211,40.939998626708984,5375,0.0,0.0,2023-05-22
4226,2023-05-22 13:00:00+02:00,40.95000076293945,41.02000045776367,40.95000076293945,41.0099983215332,10781,0.0,0.0,2023-05-22
4227,2023-05-22 14:00:00+02:00,41.0,41.02000045776367,40.970001220703125,41.0,28379,0.0,0.0,2023-05-22
4228,2023-05-22 15:00:00+02:00,41.0099983215332,41.06999969482422,40.9900016784668,41.0,8867,0.0,0.0,2023-05-22
4229,2023-05-22 16:00:00+02:00,41.0,41.02000045776367,40.93000030517578,41.0,14319,0.0,0.0,2023-05-22
4230,2023-05-22 17:00:00+02:00,41.0099983215332,41.09000015258789,41.0099983215332,41.029998779296875,140908,0.0,0.0,2023-05-22
4231,2023-05-23 09:00:00+02:00,41.16999816894531,41.4900016784668,41.130001068115234,41.45000076293945,0,0.0,0.0,2023-05-23
4232,2023-05-23 10:00:00+02:00,41.439998626708984,41.470001220703125,41.369998931884766,41.439998626708984,6114,0.0,0.0,2023-05-23
4233,2023-05-23 11:00:00+02:00,41.439998626708984,41.45000076293945,41.279998779296875,41.29999923706055,10502,0.0,0.0,2023-05-23
4234,2023-05-23 12:00:00+02:00,41.290000915527344,41.349998474121094,41.2599983215332,41.31999969482422,5848,0.0,0.0,2023-05-23
4235,2023-05-23 13:00:00+02:00,41.33000183105469,41.40999984741211,41.279998779296875,41.369998931884766,2562,0.0,0.0,2023-05-23
4236,2023-05-23 14:00:00+02:00,41.380001068115234,41.45000076293945,41.349998474121094,41.38999938964844,5364,0.0,0.0,2023-05-23
4237,2023-05-23 15:00:00+02:00,41.380001068115234,41.54999923706055,41.380001068115234,41.45000076293945,19796,0.0,0.0,2023-05-23
4238,2023-05-23 16:00:00+02:00,41.459999084472656,41.5099983215332,41.400001525878906,41.45000076293945,11812,0.0,0.0,2023-05-23
4239,2023-05-23 17:00:00+02:00,41.439998626708984,41.5,41.290000915527344,41.290000915527344,238264,0.0,0.0,2023-05-23
4240,2023-05-24 09:00:00+02:00,41.060001373291016,41.130001068115234,40.77000045776367,40.83000183105469,0,0.0,0.0,2023-05-24
4241,2023-05-24 10:00:00+02:00,40.83000183105469,40.9900016784668,40.619998931884766,40.68000030517578,13940,0.0,0.0,2023-05-24
4242,2023-05-24 11:00:00+02:00,40.68000030517578,40.720001220703125,40.470001220703125,40.5,14580,0.0,0.0,2023-05-24
4243,2023-05-24 12:00:00+02:00,40.4900016784668,40.599998474121094,40.470001220703125,40.599998474121094,6710,0.0,0.0,2023-05-24
4244,2023-05-24 13:00:00+02:00,40.630001068115234,40.689998626708984,40.59000015258789,40.59000015258789,8615,0.0,0.0,2023-05-24
4245,2023-05-24 14:00:00+02:00,40.599998474121094,40.68000030517578,40.560001373291016,40.59000015258789,10418,0.0,0.0,2023-05-24
4246,2023-05-24 15:00:00+02:00,40.560001373291016,40.56999969482422,40.36000061035156,40.40999984741211,27342,0.0,0.0,2023-05-24
4247,2023-05-24 16:00:00+02:00,40.380001068115234,40.58000183105469,40.380001068115234,40.4900016784668,17838,0.0,0.0,2023-05-24
4248,2023-05-24 17:00:00+02:00,40.47999954223633,40.650001525878906,40.47999954223633,40.650001525878906,185536,0.0,0.0,2023-05-24
4249,2023-05-25 09:00:00+02:00,40.65999984741211,40.65999984741211,39.84000015258789,40.099998474121094,0,0.0,0.0,2023-05-25
4250,2023-05-25 10:00:00+02:00,40.08000183105469,40.47999954223633,40.06999969482422,40.47999954223633,7760,0.0,0.0,2023-05-25
4251,2023-05-25 11:00:00+02:00,40.5,40.619998931884766,40.45000076293945,40.59000015258789,7247,0.0,0.0,2023-05-25
4252,2023-05-25 12:00:00+02:00,40.59000015258789,40.650001525878906,40.5099983215332,40.5099983215332,5058,0.0,0.0,2023-05-25
4253,2023-05-25 13:00:00+02:00,40.45000076293945,40.470001220703125,40.380001068115234,40.470001220703125,2295,0.0,0.0,2023-05-25
4254,2023-05-25 14:00:00+02:00,40.47999954223633,40.58000183105469,40.41999816894531,40.54999923706055,6488,0.0,0.0,2023-05-25
4255,2023-05-25 15:00:00+02:00,40.52000045776367,40.56999969482422,40.459999084472656,40.470001220703125,8676,0.0,0.0,2023-05-25
4256,2023-05-25 16:00:00+02:00,40.45000076293945,40.4900016784668,40.34000015258789,40.400001525878906,14678,0.0,0.0,2023-05-25
4257,2023-05-25 17:00:00+02:00,40.400001525878906,40.47999954223633,40.36000061035156,40.470001220703125,115708,0.0,0.0,2023-05-25
4258,2023-05-26 09:00:00+02:00,40.540000915527344,40.59000015258789,40.290000915527344,40.38999938964844,0,0.0,0.0,2023-05-26
4259,2023-05-26 10:00:00+02:00,40.400001525878906,40.470001220703125,40.18000030517578,40.18000030517578,6388,0.0,0.0,2023-05-26
4260,2023-05-26 11:00:00+02:00,40.18000030517578,40.20000076293945,39.9900016784668,40.09000015258789,7316,0.0,0.0,2023-05-26
4261,2023-05-26 12:00:00+02:00,40.06999969482422,40.20000076293945,40.06999969482422,40.20000076293945,5090,0.0,0.0,2023-05-26
4262,2023-05-26 13:00:00+02:00,40.20000076293945,40.33000183105469,40.20000076293945,40.33000183105469,5078,0.0,0.0,2023-05-26
4263,2023-05-26 14:00:00+02:00,40.310001373291016,40.33000183105469,40.22999954223633,40.310001373291016,5568,0.0,0.0,2023-05-26
4264,2023-05-26 15:00:00+02:00,40.33000183105469,40.43000030517578,40.290000915527344,40.380001068115234,7595,0.0,0.0,2023-05-26
4265,2023-05-26 16:00:00+02:00,40.369998931884766,40.52000045776367,40.31999969482422,40.5,11864,0.0,0.0,2023-05-26
4266,2023-05-26 17:00:00+02:00,40.5099983215332,40.529998779296875,40.380001068115234,40.380001068115234,133061,0.0,0.0,2023-05-26
4267,2023-05-29 09:00:00+02:00,40.650001525878906,40.720001220703125,40.59000015258789,40.59000015258789,0,0.0,0.0,2023-05-29
4268,2023-05-29 10:00:00+02:00,40.619998931884766,40.650001525878906,40.56999969482422,40.59000015258789,5030,0.0,0.0,2023-05-29
4269,2023-05-29 11:00:00+02:00,40.58000183105469,40.58000183105469,40.45000076293945,40.459999084472656,8169,0.0,0.0,2023-05-29
4270,2023-05-29 12:00:00+02:00,40.5,40.540000915527344,40.5,40.540000915527344,1208,0.0,0.0,2023-05-29
4271,2023-05-29 13:00:00+02:00,40.529998779296875,40.599998474121094,40.5,40.59000015258789,4242,0.0,0.0,2023-05-29
4272,2023-05-29 14:00:00+02:00,40.56999969482422,40.56999969482422,40.5,40.529998779296875,3021,0.0,0.0,2023-05-29
4273,2023-05-29 15:00:00+02:00,40.560001373291016,40.59000015258789,40.540000915527344,40.58000183105469,2500,0.0,0.0,2023-05-29
4274,2023-05-29 16:00:00+02:00,40.560001373291016,40.630001068115234,40.540000915527344,40.599998474121094,8895,0.0,0.0,2023-05-29
4275,2023-05-29 17:00:00+02:00,40.619998931884766,40.650001525878906,40.59000015258789,40.630001068115234,43554,0.0,0.0,2023-05-29
4276,2023-05-30 09:00:00+02:00,40.70000076293945,40.70000076293945,40.369998931884766,40.599998474121094,0,0.0,0.0,2023-05-30
4277,2023-05-30 10:00:00+02:00,40.61000061035156,40.70000076293945,40.5,40.58000183105469,12929,0.0,0.0,2023-05-30
4278,2023-05-30 11:00:00+02:00,40.599998474121094,40.63999938964844,40.4900016784668,40.54999923706055,4573,0.0,0.0,2023-05-30
4279,2023-05-30 12:00:00+02:00,40.54999923706055,40.59000015258789,40.4900016784668,40.52000045776367,3192,0.0,0.0,2023-05-30
4280,2023-05-30 13:00:00+02:00,40.54999923706055,40.709999084472656,40.4900016784668,40.59000015258789,9612,0.0,0.0,2023-05-30
4281,2023-05-30 14:00:00+02:00,40.58000183105469,40.58000183105469,40.439998626708984,40.470001220703125,7854,0.0,0.0,2023-05-30
4282,2023-05-30 15:00:00+02:00,40.470001220703125,40.470001220703125,40.290000915527344,40.33000183105469,14943,0.0,0.0,2023-05-30
4283,2023-05-30 16:00:00+02:00,40.33000183105469,40.439998626708984,40.22999954223633,40.25,21545,0.0,0.0,2023-05-30
4284,2023-05-30 17:00:00+02:00,40.27000045776367,40.27000045776367,40.040000915527344,40.040000915527344,240092,0.0,0.0,2023-05-30
4285,2023-05-31 09:00:00+02:00,38.369998931884766,38.61000061035156,38.150001525878906,38.4900016784668,0,0.0,0.0,2023-05-31
4286,2023-05-31 10:00:00+02:00,38.470001220703125,38.650001525878906,38.43000030517578,38.59000015258789,16410,0.0,0.0,2023-05-31
4287,2023-05-31 11:00:00+02:00,38.560001373291016,38.58000183105469,38.130001068115234,38.150001525878906,41600,0.0,0.0,2023-05-31
4288,2023-05-31 12:00:00+02:00,38.15999984741211,38.25,38.15999984741211,38.20000076293945,30948,0.0,0.0,2023-05-31
4289,2023-05-31 13:00:00+02:00,38.20000076293945,38.22999954223633,38.150001525878906,38.15999984741211,27850,0.0,0.0,2023-05-31
4290,2023-05-31 14:00:00+02:00,38.15999984741211,38.15999984741211,38.040000915527344,38.040000915527344,0,0.0,0.0,2023-05-31
4291,2023-05-31 15:00:00+02:00,38.029998779296875,38.029998779296875,37.65999984741211,37.720001220703125,264772,0.0,0.0,2023-05-31
4292,2023-05-31 16:00:00+02:00,37.720001220703125,37.779998779296875,37.34000015258789,37.380001068115234,54937,0.0,0.0,2023-05-31
4293,2023-05-31 17:00:00+02:00,37.380001068115234,37.540000915527344,37.33000183105469,37.33000183105469,633822,0.0,0.0,2023-05-31
4294,2023-06-01 09:00:00+02:00,37.560001373291016,37.779998779296875,37.540000915527344,37.75,0,0.0,0.0,2023-06-01
4295,2023-06-01 10:00:00+02:00,37.720001220703125,37.77000045776367,37.619998931884766,37.7400016784668,10440,0.0,0.0,2023-06-01
4296,2023-06-01 11:00:00+02:00,37.7599983215332,37.7599983215332,37.47999954223633,37.5099983215332,21312,0.0,0.0,2023-06-01
4297,2023-06-01 12:00:00+02:00,37.5,37.63999938964844,37.5,37.59000015258789,6576,0.0,0.0,2023-06-01
4298,2023-06-01 13:00:00+02:00,37.560001373291016,37.619998931884766,37.540000915527344,37.56999969482422,4092,0.0,0.0,2023-06-01
4299,2023-06-01 14:00:00+02:00,37.58000183105469,37.59000015258789,37.47999954223633,37.4900016784668,10125,0.0,0.0,2023-06-01
4300,2023-06-01 15:00:00+02:00,37.4900016784668,37.619998931884766,37.22999954223633,37.22999954223633,19624,0.0,0.0,2023-06-01
4301,2023-06-01 16:00:00+02:00,37.209999084472656,37.43000030517578,37.20000076293945,37.40999984741211,21849,0.0,0.0,2023-06-01
4302,2023-06-01 17:00:00+02:00,37.38999938964844,37.400001525878906,37.310001373291016,37.34000015258789,163936,0.0,0.0,2023-06-01
4303,2023-06-02 09:00:00+02:00,37.619998931884766,38.130001068115234,37.61000061035156,38.130001068115234,0,0.0,0.0,2023-06-02
4304,2023-06-02 10:00:00+02:00,38.15999984741211,38.18000030517578,38.04999923706055,38.16999816894531,15459,0.0,0.0,2023-06-02
4305,2023-06-02 11:00:00+02:00,38.16999816894531,38.45000076293945,38.15999984741211,38.36000061035156,28853,0.0,0.0,2023-06-02
4306,2023-06-02 12:00:00+02:00,38.36000061035156,38.47999954223633,38.33000183105469,38.41999816894531,9350,0.0,0.0,2023-06-02
4307,2023-06-02 13:00:00+02:00,38.400001525878906,38.54999923706055,38.400001525878906,38.52000045776367,13545,0.0,0.0,2023-06-02
4308,2023-06-02 14:00:00+02:00,38.5099983215332,38.52000045776367,38.31999969482422,38.369998931884766,13008,0.0,0.0,2023-06-02
4309,2023-06-02 15:00:00+02:00,38.36000061035156,38.4900016784668,38.31999969482422,38.41999816894531,17951,0.0,0.0,2023-06-02
4310,2023-06-02 16:00:00+02:00,38.400001525878906,38.68000030517578,38.400001525878906,38.630001068115234,19408,0.0,0.0,2023-06-02
4311,2023-06-02 17:00:00+02:00,38.63999938964844,38.66999816894531,38.59000015258789,38.63999938964844,232682,0.0,0.0,2023-06-02
4312,2023-06-05 09:00:00+02:00,38.79999923706055,38.900001525878906,38.56999969482422,38.72999954223633,0,0.0,0.0,2023-06-05
4313,2023-06-05 10:00:00+02:00,38.7400016784668,38.77000045776367,38.54999923706055,38.56999969482422,11142,0.0,0.0,2023-06-05
4314,2023-06-05 11:00:00+02:00,38.560001373291016,38.630001068115234,38.470001220703125,38.470001220703125,9455,0.0,0.0,2023-06-05
4315,2023-06-05 12:00:00+02:00,38.470001220703125,38.65999984741211,38.470001220703125,38.650001525878906,5340,0.0,0.0,2023-06-05
4316,2023-06-05 13:00:00+02:00,38.650001525878906,38.68000030517578,38.619998931884766,38.63999938964844,1601,0.0,0.0,2023-06-05
4317,2023-06-05 14:00:00+02:00,38.630001068115234,38.630001068115234,38.529998779296875,38.56999969482422,12634,0.0,0.0,2023-06-05
4318,2023-06-05 15:00:00+02:00,38.54999923706055,38.58000183105469,38.380001068115234,38.380001068115234,7940,0.0,0.0,2023-06-05
4319,2023-06-05 16:00:00+02:00,38.380001068115234,38.380001068115234,38.130001068115234,38.33000183105469,21067,0.0,0.0,2023-06-05
4320,2023-06-05 17:00:00+02:00,38.33000183105469,38.34000015258789,38.20000076293945,38.20000076293945,196557,0.0,0.0,2023-06-05
4321,2023-06-06 09:00:00+02:00,38.150001525878906,38.220001220703125,38.02000045776367,38.06999969482422,0,0.0,0.0,2023-06-06
4322,2023-06-06 10:00:00+02:00,38.08000183105469,38.08000183105469,37.88999938964844,37.88999938964844,18874,0.0,0.0,2023-06-06
4323,2023-06-06 11:00:00+02:00,37.900001525878906,38.060001373291016,37.900001525878906,38.060001373291016,5297,0.0,0.0,2023-06-06
4324,2023-06-06 12:00:00+02:00,38.0099983215332,38.029998779296875,37.9900016784668,37.9900016784668,3274,0.0,0.0,2023-06-06
4325,2023-06-06 13:00:00+02:00,38.0,38.099998474121094,37.95000076293945,38.09000015258789,4630,0.0,0.0,2023-06-06
4326,2023-06-06 14:00:00+02:00,38.13999938964844,38.15999984741211,38.06999969482422,38.09000015258789,3518,0.0,0.0,2023-06-06
4327,2023-06-06 15:00:00+02:00,38.11000061035156,38.209999084472656,38.08000183105469,38.209999084472656,12035,0.0,0.0,2023-06-06
4328,2023-06-06 16:00:00+02:00,38.209999084472656,38.31999969482422,38.209999084472656,38.29999923706055,15801,0.0,0.0,2023-06-06
4329,2023-06-06 17:00:00+02:00,38.310001373291016,38.400001525878906,38.29999923706055,38.400001525878906,155437,0.0,0.0,2023-06-06
4330,2023-06-07 09:00:00+02:00,38.34000015258789,38.349998474121094,37.869998931884766,37.91999816894531,0,0.0,0.0,2023-06-07
4331,2023-06-07 10:00:00+02:00,37.900001525878906,38.02000045776367,37.790000915527344,38.0099983215332,9535,0.0,0.0,2023-06-07
4332,2023-06-07 11:00:00+02:00,37.97999954223633,38.040000915527344,37.90999984741211,38.0,19350,0.0,0.0,2023-06-07
4333,2023-06-07 12:00:00+02:00,38.02000045776367,38.15999984741211,38.02000045776367,38.13999938964844,2628,0.0,0.0,2023-06-07
4334,2023-06-07 13:00:00+02:00,38.15999984741211,38.20000076293945,38.130001068115234,38.150001525878906,4131,0.0,0.0,2023-06-07
4335,2023-06-07 14:00:00+02:00,38.13999938964844,38.150001525878906,38.09000015258789,38.150001525878906,3568,0.0,0.0,2023-06-07
4336,2023-06-07 15:00:00+02:00,38.119998931884766,38.150001525878906,38.0099983215332,38.0099983215332,9935,0.0,0.0,2023-06-07
4337,2023-06-07 16:00:00+02:00,38.02000045776367,38.11000061035156,37.97999954223633,38.08000183105469,22782,0.0,0.0,2023-06-07
4338,2023-06-07 17:00:00+02:00,38.060001373291016,38.08000183105469,37.900001525878906,37.900001525878906,0,0.0,0.0,2023-06-07
4339,2023-06-08 09:00:00+02:00,38.09000015258789,38.279998779296875,37.97999954223633,38.06999969482422,16687,0.0,0.0,2023-06-08
4340,2023-06-08 10:00:00+02:00,38.09000015258789,38.119998931884766,37.86000061035156,37.880001068115234,20907,0.0,0.0,2023-06-08
4341,2023-06-08 11:00:00+02:00,37.88999938964844,37.95000076293945,37.81999969482422,37.84000015258789,15848,0.0,0.0,2023-06-08
4342,2023-06-08 12:00:00+02:00,37.810001373291016,37.83000183105469,37.65999984741211,37.65999984741211,21034,0.0,0.0,2023-06-08
4343,2023-06-08 13:00:00+02:00,37.65999984741211,37.77000045776367,37.619998931884766,37.709999084472656,16601,0.0,0.0,2023-06-08
4344,2023-06-08 14:00:00+02:00,37.72999954223633,37.75,37.58000183105469,37.65999984741211,17191,0.0,0.0,2023-06-08
4345,2023-06-08 15:00:00+02:00,37.65999984741211,37.65999984741211,37.220001220703125,37.279998779296875,34252,0.0,0.0,2023-06-08
4346,2023-06-08 16:00:00+02:00,37.27000045776367,37.349998474121094,37.22999954223633,37.290000915527344,19475,0.0,0.0,2023-06-08
4347,2023-06-08 17:00:00+02:00,37.29999923706055,37.560001373291016,37.25,37.560001373291016,280170,0.0,0.0,2023-06-08
4348,2023-06-09 09:00:00+02:00,37.599998474121094,37.84000015258789,37.599998474121094,37.7599983215332,0,0.0,0.0,2023-06-09
4349,2023-06-09 10:00:00+02:00,37.7400016784668,37.7400016784668,37.619998931884766,37.68000030517578,7724,0.0,0.0,2023-06-09
4350,2023-06-09 11:00:00+02:00,37.66999816894531,37.70000076293945,37.540000915527344,37.56999969482422,10332,0.0,0.0,2023-06-09
4351,2023-06-09 12:00:00+02:00,37.59000015258789,37.61000061035156,37.4900016784668,37.5099983215332,12218,0.0,0.0,2023-06-09
4352,2023-06-09 13:00:00+02:00,37.5,37.59000015258789,37.5,37.5099983215332,4518,0.0,0.0,2023-06-09
4353,2023-06-09 14:00:00+02:00,37.529998779296875,37.59000015258789,37.4900016784668,37.560001373291016,16773,0.0,0.0,2023-06-09
4354,2023-06-09 15:00:00+02:00,37.599998474121094,37.650001525878906,37.56999969482422,37.56999969482422,8504,0.0,0.0,2023-06-09
4355,2023-06-09 16:00:00+02:00,37.59000015258789,37.65999984741211,37.54999923706055,37.599998474121094,15247,0.0,0.0,2023-06-09
4356,2023-06-09 17:00:00+02:00,37.59000015258789,37.630001068115234,37.540000915527344,37.630001068115234,153663,0.0,0.0,2023-06-09
4357,2023-06-12 09:00:00+02:00,37.869998931884766,37.869998931884766,37.630001068115234,37.7400016784668,0,0.0,0.0,2023-06-12
4358,2023-06-12 10:00:00+02:00,37.75,37.79999923706055,37.65999984741211,37.70000076293945,11225,0.0,0.0,2023-06-12
4359,2023-06-12 11:00:00+02:00,37.70000076293945,37.7599983215332,37.52000045776367,37.52000045776367,14902,0.0,0.0,2023-06-12
4360,2023-06-12 12:00:00+02:00,37.5099983215332,37.529998779296875,37.43000030517578,37.45000076293945,14736,0.0,0.0,2023-06-12
4361,2023-06-12 13:00:00+02:00,37.45000076293945,37.5099983215332,37.439998626708984,37.470001220703125,4637,0.0,0.0,2023-06-12
4362,2023-06-12 14:00:00+02:00,37.459999084472656,37.5099983215332,37.40999984741211,37.5,24228,0.0,0.0,2023-06-12
4363,2023-06-12 15:00:00+02:00,37.529998779296875,37.70000076293945,37.529998779296875,37.66999816894531,16193,0.0,0.0,2023-06-12
4364,2023-06-12 16:00:00+02:00,37.68000030517578,37.709999084472656,37.5,37.529998779296875,14628,0.0,0.0,2023-06-12
4365,2023-06-12 17:00:00+02:00,37.529998779296875,37.599998474121094,37.279998779296875,37.279998779296875,360478,0.0,0.0,2023-06-12
4366,2023-06-13 09:00:00+02:00,37.560001373291016,37.560001373291016,37.220001220703125,37.22999954223633,0,0.0,0.0,2023-06-13
4367,2023-06-13 10:00:00+02:00,37.2400016784668,37.290000915527344,37.16999816894531,37.290000915527344,9728,0.0,0.0,2023-06-13
4368,2023-06-13 11:00:00+02:00,37.290000915527344,37.34000015258789,37.220001220703125,37.2400016784668,13420,0.0,0.0,2023-06-13
4369,2023-06-13 12:00:00+02:00,37.22999954223633,37.41999816894531,37.22999954223633,37.400001525878906,10559,0.0,0.0,2023-06-13
4370,2023-06-13 13:00:00+02:00,37.38999938964844,37.43000030517578,37.31999969482422,37.369998931884766,14965,0.0,0.0,2023-06-13
4371,2023-06-13 14:00:00+02:00,37.380001068115234,37.61000061035156,37.380001068115234,37.59000015258789,10517,0.0,0.0,2023-06-13
4372,2023-06-13 15:00:00+02:00,37.56999969482422,37.630001068115234,37.47999954223633,37.560001373291016,10327,0.0,0.0,2023-06-13
4373,2023-06-13 16:00:00+02:00,37.54999923706055,37.709999084472656,37.5099983215332,37.68000030517578,49312,0.0,0.0,2023-06-13
4374,2023-06-13 17:00:00+02:00,37.68000030517578,37.77000045776367,37.650001525878906,37.75,730192,0.0,0.0,2023-06-13
4375,2023-06-14 09:00:00+02:00,37.79999923706055,38.02000045776367,37.689998626708984,37.93000030517578,0,0.0,0.0,2023-06-14
4376,2023-06-14 10:00:00+02:00,37.93000030517578,38.08000183105469,37.93000030517578,38.029998779296875,7704,0.0,0.0,2023-06-14
4377,2023-06-14 11:00:00+02:00,38.060001373291016,38.09000015258789,37.97999954223633,37.9900016784668,6372,0.0,0.0,2023-06-14
4378,2023-06-14 12:00:00+02:00,37.970001220703125,38.29999923706055,37.970001220703125,38.25,11393,0.0,0.0,2023-06-14
4379,2023-06-14 13:00:00+02:00,38.25,38.290000915527344,38.119998931884766,38.119998931884766,4385,0.0,0.0,2023-06-14
4380,2023-06-14 14:00:00+02:00,38.13999938964844,38.189998626708984,38.02000045776367,38.02000045776367,5697,0.0,0.0,2023-06-14
4381,2023-06-14 15:00:00+02:00,38.0099983215332,38.040000915527344,37.900001525878906,37.900001525878906,8275,0.0,0.0,2023-06-14
4382,2023-06-14 16:00:00+02:00,37.900001525878906,38.11000061035156,37.84000015258789,38.11000061035156,19938,0.0,0.0,2023-06-14
4383,2023-06-14 17:00:00+02:00,38.119998931884766,38.18000030517578,38.08000183105469,38.15999984741211,0,0.0,0.0,2023-06-14
4384,2023-06-15 09:00:00+02:00,38.08000183105469,38.08000183105469,37.849998474121094,38.0,10844,0.0,0.0,2023-06-15
4385,2023-06-15 10:00:00+02:00,37.9900016784668,38.06999969482422,37.97999954223633,38.02000045776367,5073,0.0,0.0,2023-06-15
4386,2023-06-15 11:00:00+02:00,38.0099983215332,38.130001068115234,38.0,38.09000015258789,7042,0.0,0.0,2023-06-15
4387,2023-06-15 12:00:00+02:00,38.099998474121094,38.13999938964844,38.040000915527344,38.060001373291016,11503,0.0,0.0,2023-06-15
4388,2023-06-15 13:00:00+02:00,38.06999969482422,38.09000015258789,37.97999954223633,37.97999954223633,5901,0.0,0.0,2023-06-15
4389,2023-06-15 14:00:00+02:00,38.0,38.040000915527344,37.880001068115234,37.91999816894531,10726,0.0,0.0,2023-06-15
4390,2023-06-15 15:00:00+02:00,37.90999984741211,38.0,37.900001525878906,37.91999816894531,10817,0.0,0.0,2023-06-15
4391,2023-06-15 16:00:00+02:00,37.93000030517578,38.060001373291016,37.88999938964844,37.939998626708984,16838,0.0,0.0,2023-06-15
4392,2023-06-15 17:00:00+02:00,37.95000076293945,38.0,37.91999816894531,37.959999084472656,278672,0.0,0.0,2023-06-15
4393,2023-06-16 09:00:00+02:00,38.02000045776367,38.099998474121094,37.81999969482422,38.099998474121094,0,0.0,0.0,2023-06-16
4394,2023-06-16 10:00:00+02:00,38.09000015258789,38.189998626708984,38.0099983215332,38.16999816894531,9349,0.0,0.0,2023-06-16
4395,2023-06-16 11:00:00+02:00,38.150001525878906,38.18000030517578,38.029998779296875,38.099998474121094,46594,0.0,0.0,2023-06-16
4396,2023-06-16 12:00:00+02:00,38.099998474121094,38.220001220703125,38.06999969482422,38.11000061035156,9849,0.0,0.0,2023-06-16
4397,2023-06-16 13:00:00+02:00,38.11000061035156,38.11000061035156,37.93000030517578,37.939998626708984,5382,0.0,0.0,2023-06-16
4398,2023-06-16 14:00:00+02:00,37.93000030517578,37.95000076293945,37.869998931884766,37.869998931884766,9506,0.0,0.0,2023-06-16
4399,2023-06-16 15:00:00+02:00,37.86000061035156,37.86000061035156,37.58000183105469,37.58000183105469,42365,0.0,0.0,2023-06-16
4400,2023-06-16 16:00:00+02:00,37.56999969482422,37.630001068115234,37.459999084472656,37.529998779296875,34759,0.0,0.0,2023-06-16
4401,2023-06-16 17:00:00+02:00,37.529998779296875,37.54999923706055,37.29999923706055,37.29999923706055,1511215,0.0,0.0,2023-06-16
4402,2023-06-19 09:00:00+02:00,37.349998474121094,37.7599983215332,37.310001373291016,37.540000915527344,0,0.0,0.0,2023-06-19
4403,2023-06-19 10:00:00+02:00,37.52000045776367,37.52000045776367,37.290000915527344,37.38999938964844,9877,0.0,0.0,2023-06-19
4404,2023-06-19 11:00:00+02:00,37.38999938964844,37.43000030517578,37.34000015258789,37.36000061035156,5990,0.0,0.0,2023-06-19
4405,2023-06-19 12:00:00+02:00,37.349998474121094,37.349998474121094,37.16999816894531,37.189998626708984,10177,0.0,0.0,2023-06-19
4406,2023-06-19 13:00:00+02:00,37.20000076293945,37.20000076293945,37.099998474121094,37.13999938964844,10593,0.0,0.0,2023-06-19
4407,2023-06-19 14:00:00+02:00,37.13999938964844,37.22999954223633,37.119998931884766,37.20000076293945,7232,0.0,0.0,2023-06-19
4408,2023-06-19 15:00:00+02:00,37.20000076293945,37.20000076293945,37.099998474121094,37.16999816894531,10634,0.0,0.0,2023-06-19
4409,2023-06-19 16:00:00+02:00,37.15999984741211,37.18000030517578,37.11000061035156,37.15999984741211,8193,0.0,0.0,2023-06-19
4410,2023-06-19 17:00:00+02:00,37.15999984741211,37.20000076293945,36.79999923706055,36.79999923706055,644480,0.0,0.0,2023-06-19
4411,2023-06-20 09:00:00+02:00,36.72999954223633,36.88999938964844,36.66999816894531,36.880001068115234,0,0.0,0.0,2023-06-20
4412,2023-06-20 10:00:00+02:00,36.86000061035156,36.86000061035156,36.75,36.790000915527344,11999,0.0,0.0,2023-06-20
4413,2023-06-20 11:00:00+02:00,36.790000915527344,36.880001068115234,36.77000045776367,36.84000015258789,11320,0.0,0.0,2023-06-20
4414,2023-06-20 12:00:00+02:00,36.83000183105469,36.880001068115234,36.790000915527344,36.86000061035156,7107,0.0,0.0,2023-06-20
4415,2023-06-20 13:00:00+02:00,36.86000061035156,36.90999984741211,36.84000015258789,36.900001525878906,6174,0.0,0.0,2023-06-20
4416,2023-06-20 14:00:00+02:00,36.90999984741211,37.04999923706055,36.90999984741211,37.0099983215332,25844,0.0,0.0,2023-06-20
4417,2023-06-20 15:00:00+02:00,37.02000045776367,37.11000061035156,36.91999816894531,36.970001220703125,11325,0.0,0.0,2023-06-20
4418,2023-06-20 16:00:00+02:00,36.97999954223633,36.9900016784668,36.84000015258789,36.93000030517578,13888,0.0,0.0,2023-06-20
4419,2023-06-20 17:00:00+02:00,36.939998626708984,36.959999084472656,36.65999984741211,36.65999984741211,295915,0.0,0.0,2023-06-20
4420,2023-06-21 09:00:00+02:00,36.65999984741211,36.7599983215332,36.61000061035156,36.65999984741211,0,0.0,0.0,2023-06-21
4421,2023-06-21 10:00:00+02:00,36.68000030517578,36.86000061035156,36.68000030517578,36.779998779296875,5942,0.0,0.0,2023-06-21
4422,2023-06-21 11:00:00+02:00,36.81999969482422,36.97999954223633,36.77000045776367,36.93000030517578,13281,0.0,0.0,2023-06-21
4423,2023-06-21 12:00:00+02:00,36.91999816894531,36.939998626708984,36.79999923706055,36.79999923706055,2329,0.0,0.0,2023-06-21
4424,2023-06-21 13:00:00+02:00,36.810001373291016,36.90999984741211,36.7400016784668,36.79999923706055,19098,0.0,0.0,2023-06-21
4425,2023-06-21 14:00:00+02:00,36.81999969482422,36.88999938964844,36.7599983215332,36.790000915527344,10684,0.0,0.0,2023-06-21
4426,2023-06-21 15:00:00+02:00,36.790000915527344,36.79999923706055,36.650001525878906,36.65999984741211,13862,0.0,0.0,2023-06-21
4427,2023-06-21 16:00:00+02:00,36.65999984741211,36.81999969482422,36.650001525878906,36.790000915527344,27792,0.0,0.0,2023-06-21
4428,2023-06-21 17:00:00+02:00,36.779998779296875,36.79999923706055,36.689998626708984,36.79999923706055,266343,0.0,0.0,2023-06-21
4429,2023-06-22 09:00:00+02:00,36.650001525878906,36.880001068115234,36.45000076293945,36.86000061035156,0,0.0,0.0,2023-06-22
4430,2023-06-22 10:00:00+02:00,36.86000061035156,36.95000076293945,36.81999969482422,36.83000183105469,8945,0.0,0.0,2023-06-22
4431,2023-06-22 11:00:00+02:00,36.849998474121094,37.0,36.81999969482422,36.91999816894531,30420,0.0,0.0,2023-06-22
4432,2023-06-22 12:00:00+02:00,36.939998626708984,36.97999954223633,36.86000061035156,36.86000061035156,11376,0.0,0.0,2023-06-22
4433,2023-06-22 13:00:00+02:00,36.849998474121094,36.849998474121094,36.72999954223633,36.810001373291016,13884,0.0,0.0,2023-06-22
4434,2023-06-22 14:00:00+02:00,36.81999969482422,36.9900016784668,36.790000915527344,36.95000076293945,10059,0.0,0.0,2023-06-22
4435,2023-06-22 15:00:00+02:00,36.939998626708984,36.9900016784668,36.810001373291016,36.84000015258789,36634,0.0,0.0,2023-06-22
4436,2023-06-22 16:00:00+02:00,36.84000015258789,36.86000061035156,36.689998626708984,36.689998626708984,39470,0.0,0.0,2023-06-22
4437,2023-06-22 17:00:00+02:00,36.70000076293945,36.720001220703125,36.650001525878906,36.66999816894531,280065,0.0,0.0,2023-06-22
4438,2023-06-23 09:00:00+02:00,36.540000915527344,36.77000045776367,36.5099983215332,36.5099983215332,0,0.0,0.0,2023-06-23
4439,2023-06-23 10:00:00+02:00,36.529998779296875,37.11000061035156,36.529998779296875,37.11000061035156,25558,0.0,0.0,2023-06-23
4440,2023-06-23 11:00:00+02:00,37.11000061035156,37.119998931884766,36.900001525878906,36.959999084472656,7731,0.0,0.0,2023-06-23
4441,2023-06-23 12:00:00+02:00,36.9900016784668,37.0,36.90999984741211,36.90999984741211,5526,0.0,0.0,2023-06-23
4442,2023-06-23 13:00:00+02:00,36.91999816894531,37.0,36.91999816894531,36.939998626708984,3175,0.0,0.0,2023-06-23
4443,2023-06-23 14:00:00+02:00,36.91999816894531,36.91999816894531,36.66999816894531,36.689998626708984,6880,0.0,0.0,2023-06-23
4444,2023-06-23 15:00:00+02:00,36.720001220703125,36.880001068115234,36.70000076293945,36.86000061035156,7670,0.0,0.0,2023-06-23
4445,2023-06-23 16:00:00+02:00,36.849998474121094,36.88999938964844,36.83000183105469,36.880001068115234,11628,0.0,0.0,2023-06-23
4446,2023-06-23 17:00:00+02:00,36.880001068115234,36.90999984741211,36.83000183105469,36.90999984741211,0,0.0,0.0,2023-06-23
4447,2023-06-26 09:00:00+02:00,37.0,37.16999816894531,36.56999969482422,36.790000915527344,27386,0.0,0.0,2023-06-26
4448,2023-06-26 10:00:00+02:00,36.779998779296875,36.880001068115234,36.65999984741211,36.7400016784668,11547,0.0,0.0,2023-06-26
4449,2023-06-26 11:00:00+02:00,36.7400016784668,36.88999938964844,36.7400016784668,36.849998474121094,9792,0.0,0.0,2023-06-26
4450,2023-06-26 12:00:00+02:00,36.849998474121094,36.93000030517578,36.79999923706055,36.84000015258789,7418,0.0,0.0,2023-06-26
4451,2023-06-26 13:00:00+02:00,36.84000015258789,36.93000030517578,36.83000183105469,36.90999984741211,11794,0.0,0.0,2023-06-26
4452,2023-06-26 14:00:00+02:00,36.91999816894531,36.93000030517578,36.7400016784668,36.7599983215332,7286,0.0,0.0,2023-06-26
4453,2023-06-26 15:00:00+02:00,36.77000045776367,37.0099983215332,36.7599983215332,36.939998626708984,9014,0.0,0.0,2023-06-26
4454,2023-06-26 16:00:00+02:00,36.93000030517578,36.939998626708984,36.83000183105469,36.900001525878906,13837,0.0,0.0,2023-06-26
4455,2023-06-26 17:00:00+02:00,36.900001525878906,37.06999969482422,36.900001525878906,37.0099983215332,311032,0.0,0.0,2023-06-26
4456,2023-06-27 09:00:00+02:00,37.209999084472656,37.2599983215332,37.04999923706055,37.09000015258789,0,0.0,0.0,2023-06-27
4457,2023-06-27 10:00:00+02:00,37.08000183105469,37.150001525878906,36.959999084472656,36.959999084472656,20210,0.0,0.0,2023-06-27
4458,2023-06-27 11:00:00+02:00,36.97999954223633,37.040000915527344,36.900001525878906,36.90999984741211,5042,0.0,0.0,2023-06-27
4459,2023-06-27 12:00:00+02:00,36.900001525878906,37.029998779296875,36.900001525878906,37.0,10224,0.0,0.0,2023-06-27
4460,2023-06-27 13:00:00+02:00,37.0,37.02000045776367,36.90999984741211,36.93000030517578,3018,0.0,0.0,2023-06-27
4461,2023-06-27 14:00:00+02:00,36.93000030517578,37.040000915527344,36.88999938964844,37.029998779296875,6903,0.0,0.0,2023-06-27
4462,2023-06-27 15:00:00+02:00,37.02000045776367,37.08000183105469,36.97999954223633,37.060001373291016,16488,0.0,0.0,2023-06-27
4463,2023-06-27 16:00:00+02:00,37.06999969482422,37.290000915527344,37.06999969482422,37.20000076293945,17029,0.0,0.0,2023-06-27
4464,2023-06-27 17:00:00+02:00,37.20000076293945,37.2400016784668,37.15999984741211,37.2400016784668,181098,0.0,0.0,2023-06-27
4465,2023-06-28 09:00:00+02:00,37.29999923706055,37.29999923706055,37.040000915527344,37.060001373291016,0,0.0,0.0,2023-06-28
4466,2023-06-28 10:00:00+02:00,37.08000183105469,37.11000061035156,36.90999984741211,37.06999969482422,5670,0.0,0.0,2023-06-28
4467,2023-06-28 11:00:00+02:00,37.04999923706055,37.06999969482422,36.9900016784668,37.0099983215332,3668,0.0,0.0,2023-06-28
4468,2023-06-28 12:00:00+02:00,37.040000915527344,37.119998931884766,37.040000915527344,37.06999969482422,1675,0.0,0.0,2023-06-28
4469,2023-06-28 13:00:00+02:00,37.099998474121094,37.099998474121094,37.04999923706055,37.04999923706055,1573,0.0,0.0,2023-06-28
4470,2023-06-28 14:00:00+02:00,37.04999923706055,37.099998474121094,37.04999923706055,37.099998474121094,3218,0.0,0.0,2023-06-28
4471,2023-06-28 15:00:00+02:00,37.09000015258789,37.11000061035156,36.790000915527344,36.83000183105469,14756,0.0,0.0,2023-06-28
4472,2023-06-28 16:00:00+02:00,36.81999969482422,36.90999984741211,36.79999923706055,36.81999969482422,8323,0.0,0.0,2023-06-28
4473,2023-06-28 17:00:00+02:00,36.810001373291016,36.869998931884766,36.77000045776367,36.869998931884766,156884,0.0,0.0,2023-06-28
4474,2023-06-29 09:00:00+02:00,36.900001525878906,36.939998626708984,36.779998779296875,36.880001068115234,0,0.0,0.0,2023-06-29
4475,2023-06-29 10:00:00+02:00,36.869998931884766,36.9900016784668,36.83000183105469,36.9900016784668,7477,0.0,0.0,2023-06-29
4476,2023-06-29 11:00:00+02:00,36.970001220703125,36.970001220703125,36.88999938964844,36.88999938964844,8554,0.0,0.0,2023-06-29
4477,2023-06-29 12:00:00+02:00,36.90999984741211,37.0,36.90999984741211,36.95000076293945,4647,0.0,0.0,2023-06-29
4478,2023-06-29 13:00:00+02:00,36.939998626708984,37.0099983215332,36.93000030517578,36.959999084472656,2018,0.0,0.0,2023-06-29
4479,2023-06-29 14:00:00+02:00,36.970001220703125,37.029998779296875,36.91999816894531,37.029998779296875,11352,0.0,0.0,2023-06-29
4480,2023-06-29 15:00:00+02:00,37.04999923706055,37.04999923706055,36.900001525878906,36.97999954223633,13197,0.0,0.0,2023-06-29
4481,2023-06-29 16:00:00+02:00,36.9900016784668,36.9900016784668,36.900001525878906,36.90999984741211,15076,0.0,0.0,2023-06-29
4482,2023-06-29 17:00:00+02:00,36.90999984741211,36.95000076293945,36.88999938964844,36.939998626708984,151840,0.0,0.0,2023-06-29
4483,2023-06-30 09:00:00+02:00,36.95000076293945,37.130001068115234,36.95000076293945,37.0,0,0.0,0.0,2023-06-30
4484,2023-06-30 10:00:00+02:00,37.0099983215332,37.15999984741211,37.0,37.15999984741211,7032,0.0,0.0,2023-06-30
4485,2023-06-30 11:00:00+02:00,37.150001525878906,37.25,37.150001525878906,37.2400016784668,6936,0.0,0.0,2023-06-30
4486,2023-06-30 12:00:00+02:00,37.2400016784668,37.2400016784668,37.16999816894531,37.16999816894531,2060,0.0,0.0,2023-06-30
4487,2023-06-30 13:00:00+02:00,37.15999984741211,37.2400016784668,37.130001068115234,37.2400016784668,5719,0.0,0.0,2023-06-30
4488,2023-06-30 14:00:00+02:00,37.2400016784668,37.2400016784668,37.189998626708984,37.209999084472656,1577,0.0,0.0,2023-06-30
4489,2023-06-30 15:00:00+02:00,37.220001220703125,37.33000183105469,37.18000030517578,37.279998779296875,23345,0.0,0.0,2023-06-30
4490,2023-06-30 16:00:00+02:00,37.2599983215332,37.279998779296875,37.09000015258789,37.099998474121094,12251,0.0,0.0,2023-06-30
4491,2023-06-30 17:00:00+02:00,37.119998931884766,37.18000030517578,37.11000061035156,37.11000061035156,154490,0.0,0.0,2023-06-30
4492,2023-07-03 09:00:00+02:00,37.290000915527344,37.470001220703125,37.2599983215332,37.400001525878906,0,0.0,0.0,2023-07-03
4493,2023-07-03 10:00:00+02:00,37.40999984741211,37.529998779296875,37.31999969482422,37.529998779296875,5165,0.0,0.0,2023-07-03
4494,2023-07-03 11:00:00+02:00,37.52000045776367,37.619998931884766,37.47999954223633,37.4900016784668,11660,0.0,0.0,2023-07-03
4495,2023-07-03 12:00:00+02:00,37.459999084472656,37.529998779296875,37.459999084472656,37.470001220703125,4317,0.0,0.0,2023-07-03
4496,2023-07-03 13:00:00+02:00,37.459999084472656,37.459999084472656,37.349998474121094,37.369998931884766,3731,0.0,0.0,2023-07-03
4497,2023-07-03 14:00:00+02:00,37.380001068115234,37.380001068115234,37.15999984741211,37.209999084472656,12890,0.0,0.0,2023-07-03
4498,2023-07-03 15:00:00+02:00,37.209999084472656,37.209999084472656,37.099998474121094,37.13999938964844,7158,0.0,0.0,2023-07-03
4499,2023-07-03 16:00:00+02:00,37.099998474121094,37.18000030517578,37.04999923706055,37.13999938964844,12673,0.0,0.0,2023-07-03
4500,2023-07-03 17:00:00+02:00,37.13999938964844,37.150001525878906,37.09000015258789,37.119998931884766,98500,0.0,0.0,2023-07-03
4501,2023-07-04 09:00:00+02:00,37.099998474121094,37.29999923706055,37.099998474121094,37.15999984741211,0,0.0,0.0,2023-07-04
4502,2023-07-04 10:00:00+02:00,37.15999984741211,37.25,37.150001525878906,37.220001220703125,5398,0.0,0.0,2023-07-04
4503,2023-07-04 11:00:00+02:00,37.22999954223633,37.540000915527344,37.220001220703125,37.47999954223633,12160,0.0,0.0,2023-07-04
4504,2023-07-04 12:00:00+02:00,37.470001220703125,37.5,37.369998931884766,37.5,17585,0.0,0.0,2023-07-04
4505,2023-07-04 13:00:00+02:00,37.52000045776367,37.560001373291016,37.4900016784668,37.4900016784668,8864,0.0,0.0,2023-07-04
4506,2023-07-04 14:00:00+02:00,37.5,37.5,37.31999969482422,37.380001068115234,8288,0.0,0.0,2023-07-04
4507,2023-07-04 15:00:00+02:00,37.36000061035156,37.36000061035156,37.279998779296875,37.31999969482422,12755,0.0,0.0,2023-07-04
4508,2023-07-04 16:00:00+02:00,37.31999969482422,37.349998474121094,37.27000045776367,37.29999923706055,18189,0.0,0.0,2023-07-04
4509,2023-07-04 17:00:00+02:00,37.290000915527344,37.349998474121094,37.25,37.349998474121094,129393,0.0,0.0,2023-07-04
4510,2023-07-05 09:00:00+02:00,37.20000076293945,37.310001373291016,36.97999954223633,37.11000061035156,0,0.0,0.0,2023-07-05
4511,2023-07-05 10:00:00+02:00,37.119998931884766,37.25,37.11000061035156,37.150001525878906,9769,0.0,0.0,2023-07-05
4512,2023-07-05 11:00:00+02:00,37.150001525878906,37.150001525878906,37.0099983215332,37.060001373291016,7596,0.0,0.0,2023-07-05
4513,2023-07-05 12:00:00+02:00,37.060001373291016,37.099998474121094,37.02000045776367,37.029998779296875,7541,0.0,0.0,2023-07-05
4514,2023-07-05 13:00:00+02:00,37.02000045776367,37.06999969482422,36.970001220703125,36.970001220703125,13721,0.0,0.0,2023-07-05
4515,2023-07-05 14:00:00+02:00,36.970001220703125,36.970001220703125,36.79999923706055,36.81999969482422,8033,0.0,0.0,2023-07-05
4516,2023-07-05 15:00:00+02:00,36.81999969482422,36.880001068115234,36.70000076293945,36.720001220703125,19631,0.0,0.0,2023-07-05
4517,2023-07-05 16:00:00+02:00,36.68000030517578,36.779998779296875,36.630001068115234,36.63999938964844,22623,0.0,0.0,2023-07-05
4518,2023-07-05 17:00:00+02:00,36.630001068115234,36.7400016784668,36.619998931884766,36.7400016784668,207720,0.0,0.0,2023-07-05
4519,2023-07-06 09:00:00+02:00,36.56999969482422,36.720001220703125,36.529998779296875,36.689998626708984,0,0.0,0.0,2023-07-06
4520,2023-07-06 10:00:00+02:00,36.68000030517578,36.7599983215332,36.599998474121094,36.70000076293945,7045,0.0,0.0,2023-07-06
4521,2023-07-06 11:00:00+02:00,36.70000076293945,36.70000076293945,36.58000183105469,36.619998931884766,5162,0.0,0.0,2023-07-06
4522,2023-07-06 12:00:00+02:00,36.61000061035156,36.619998931884766,36.56999969482422,36.59000015258789,3962,0.0,0.0,2023-07-06
4523,2023-07-06 13:00:00+02:00,36.599998474121094,36.599998474121094,36.54999923706055,36.560001373291016,4229,0.0,0.0,2023-07-06
4524,2023-07-06 14:00:00+02:00,36.58000183105469,36.59000015258789,36.40999984741211,36.43000030517578,42150,0.0,0.0,2023-07-06
4525,2023-07-06 15:00:00+02:00,36.43000030517578,36.43000030517578,36.29999923706055,36.33000183105469,12523,0.0,0.0,2023-07-06
4526,2023-07-06 16:00:00+02:00,36.31999969482422,36.369998931884766,36.150001525878906,36.16999816894531,19699,0.0,0.0,2023-07-06
4527,2023-07-06 17:00:00+02:00,36.18000030517578,36.189998626708984,36.130001068115234,36.130001068115234,282584,0.0,0.0,2023-07-06
4528,2023-07-07 09:00:00+02:00,36.02000045776367,36.40999984741211,36.02000045776367,36.380001068115234,0,0.0,0.0,2023-07-07
4529,2023-07-07 10:00:00+02:00,36.349998474121094,36.38999938964844,36.25,36.29999923706055,4494,0.0,0.0,2023-07-07
4530,2023-07-07 11:00:00+02:00,36.34000015258789,36.459999084472656,36.33000183105469,36.34000015258789,8018,0.0,0.0,2023-07-07
4531,2023-07-07 12:00:00+02:00,36.310001373291016,36.34000015258789,36.290000915527344,36.29999923706055,3321,0.0,0.0,2023-07-07
4532,2023-07-07 13:00:00+02:00,36.27000045776367,36.310001373291016,36.27000045776367,36.279998779296875,4902,0.0,0.0,2023-07-07
4533,2023-07-07 14:00:00+02:00,36.29999923706055,36.34000015258789,36.189998626708984,36.220001220703125,5237,0.0,0.0,2023-07-07
4534,2023-07-07 15:00:00+02:00,36.220001220703125,36.380001068115234,36.15999984741211,36.33000183105469,10038,0.0,0.0,2023-07-07
4535,2023-07-07 16:00:00+02:00,36.310001373291016,36.52000045776367,36.310001373291016,36.470001220703125,14254,0.0,0.0,2023-07-07
4536,2023-07-07 17:00:00+02:00,36.470001220703125,36.5099983215332,36.41999816894531,36.5099983215332,128205,0.0,0.0,2023-07-07
4537,2023-07-10 09:00:00+02:00,36.5,36.54999923706055,36.349998474121094,36.54999923706055,0,0.0,0.0,2023-07-10
4538,2023-07-10 10:00:00+02:00,36.61000061035156,36.720001220703125,36.56999969482422,36.689998626708984,9004,0.0,0.0,2023-07-10
4539,2023-07-10 11:00:00+02:00,36.70000076293945,36.7400016784668,36.599998474121094,36.619998931884766,5608,0.0,0.0,2023-07-10
4540,2023-07-10 12:00:00+02:00,36.61000061035156,36.61000061035156,36.529998779296875,36.56999969482422,5258,0.0,0.0,2023-07-10
4541,2023-07-10 13:00:00+02:00,36.560001373291016,36.63999938964844,36.540000915527344,36.63999938964844,4606,0.0,0.0,2023-07-10
4542,2023-07-10 14:00:00+02:00,36.630001068115234,36.79999923706055,36.630001068115234,36.7599983215332,15438,0.0,0.0,2023-07-10
4543,2023-07-10 15:00:00+02:00,36.75,36.83000183105469,36.70000076293945,36.83000183105469,8982,0.0,0.0,2023-07-10
4544,2023-07-10 16:00:00+02:00,36.83000183105469,36.88999938964844,36.7599983215332,36.7599983215332,10870,0.0,0.0,2023-07-10
4545,2023-07-10 17:00:00+02:00,36.7599983215332,36.779998779296875,36.630001068115234,36.779998779296875,199463,0.0,0.0,2023-07-10
4546,2023-07-11 09:00:00+02:00,36.75,36.93000030517578,36.650001525878906,36.86000061035156,0,0.0,0.0,2023-07-11
4547,2023-07-11 10:00:00+02:00,36.810001373291016,36.81999969482422,36.77000045776367,36.81999969482422,3424,0.0,0.0,2023-07-11
4548,2023-07-11 11:00:00+02:00,36.86000061035156,36.880001068115234,36.75,36.880001068115234,3517,0.0,0.0,2023-07-11
4549,2023-07-11 12:00:00+02:00,36.93000030517578,36.959999084472656,36.880001068115234,36.900001525878906,4508,0.0,0.0,2023-07-11
4550,2023-07-11 13:00:00+02:00,36.900001525878906,36.970001220703125,36.900001525878906,36.95000076293945,3627,0.0,0.0,2023-07-11
4551,2023-07-11 14:00:00+02:00,36.970001220703125,37.0,36.959999084472656,37.0,3828,0.0,0.0,2023-07-11
4552,2023-07-11 15:00:00+02:00,36.9900016784668,37.06999969482422,36.959999084472656,37.040000915527344,8088,0.0,0.0,2023-07-11
4553,2023-07-11 16:00:00+02:00,37.029998779296875,37.06999969482422,36.97999954223633,37.0,8248,0.0,0.0,2023-07-11
4554,2023-07-11 17:00:00+02:00,37.0099983215332,37.06999969482422,37.0,37.06999969482422,142135,0.0,0.0,2023-07-11
4555,2023-07-12 09:00:00+02:00,37.15999984741211,37.5,37.13999938964844,37.4900016784668,0,0.0,0.0,2023-07-12
4556,2023-07-12 10:00:00+02:00,37.5,37.58000183105469,37.47999954223633,37.58000183105469,11949,0.0,0.0,2023-07-12
4557,2023-07-12 11:00:00+02:00,37.58000183105469,37.63999938964844,37.54999923706055,37.59000015258789,7553,0.0,0.0,2023-07-12
4558,2023-07-12 12:00:00+02:00,37.59000015258789,37.619998931884766,37.56999969482422,37.56999969482422,4601,0.0,0.0,2023-07-12
4559,2023-07-12 13:00:00+02:00,37.56999969482422,37.630001068115234,37.54999923706055,37.56999969482422,5315,0.0,0.0,2023-07-12
4560,2023-07-12 14:00:00+02:00,37.560001373291016,37.63999938964844,37.5099983215332,37.540000915527344,16496,0.0,0.0,2023-07-12
4561,2023-07-12 15:00:00+02:00,37.540000915527344,37.68000030517578,37.540000915527344,37.63999938964844,16801,0.0,0.0,2023-07-12
4562,2023-07-12 16:00:00+02:00,37.65999984741211,37.84000015258789,37.599998474121094,37.709999084472656,53579,0.0,0.0,2023-07-12
4563,2023-07-12 17:00:00+02:00,37.720001220703125,37.72999954223633,37.599998474121094,37.599998474121094,0,0.0,0.0,2023-07-12
4564,2023-07-13 09:00:00+02:00,37.63999938964844,37.63999938964844,37.439998626708984,37.459999084472656,14653,0.0,0.0,2023-07-13
4565,2023-07-13 10:00:00+02:00,37.45000076293945,37.45000076293945,37.349998474121094,37.41999816894531,9280,0.0,0.0,2023-07-13
4566,2023-07-13 11:00:00+02:00,37.43000030517578,37.4900016784668,37.41999816894531,37.4900016784668,7167,0.0,0.0,2023-07-13
4567,2023-07-13 12:00:00+02:00,37.5,37.5099983215332,37.380001068115234,37.43000030517578,7965,0.0,0.0,2023-07-13
4568,2023-07-13 13:00:00+02:00,37.43000030517578,37.470001220703125,37.41999816894531,37.439998626708984,3179,0.0,0.0,2023-07-13
4569,2023-07-13 14:00:00+02:00,37.470001220703125,37.47999954223633,37.36000061035156,37.41999816894531,7515,0.0,0.0,2023-07-13
4570,2023-07-13 15:00:00+02:00,37.40999984741211,37.529998779296875,37.400001525878906,37.529998779296875,11693,0.0,0.0,2023-07-13
4571,2023-07-13 16:00:00+02:00,37.52000045776367,37.529998779296875,37.41999816894531,37.41999816894531,20992,0.0,0.0,2023-07-13
4572,2023-07-13 17:00:00+02:00,37.41999816894531,37.470001220703125,37.369998931884766,37.369998931884766,233825,0.0,0.0,2023-07-13
4573,2023-07-14 09:00:00+02:00,37.31999969482422,37.52000045776367,37.31999969482422,37.40999984741211,0,0.0,0.0,2023-07-14
4574,2023-07-14 10:00:00+02:00,37.400001525878906,37.439998626708984,37.33000183105469,37.369998931884766,5279,0.0,0.0,2023-07-14
4575,2023-07-14 11:00:00+02:00,37.36000061035156,37.400001525878906,37.16999816894531,37.22999954223633,13002,0.0,0.0,2023-07-14
4576,2023-07-14 12:00:00+02:00,37.2400016784668,37.34000015258789,37.22999954223633,37.310001373291016,7939,0.0,0.0,2023-07-14
4577,2023-07-14 13:00:00+02:00,37.33000183105469,37.369998931884766,37.27000045776367,37.36000061035156,1497,0.0,0.0,2023-07-14
4578,2023-07-14 14:00:00+02:00,37.369998931884766,37.38999938964844,37.36000061035156,37.38999938964844,1699,0.0,0.0,2023-07-14
4579,2023-07-14 15:00:00+02:00,37.38999938964844,37.38999938964844,37.16999816894531,37.189998626708984,9665,0.0,0.0,2023-07-14
4580,2023-07-14 16:00:00+02:00,37.16999816894531,37.20000076293945,37.040000915527344,37.060001373291016,11322,0.0,0.0,2023-07-14
4581,2023-07-14 17:00:00+02:00,37.06999969482422,37.09000015258789,37.02000045776367,37.09000015258789,197145,0.0,0.0,2023-07-14
4582,2023-07-17 09:00:00+02:00,36.95000076293945,37.45000076293945,36.93000030517578,37.38999938964844,0,0.0,0.0,2023-07-17
4583,2023-07-17 10:00:00+02:00,37.38999938964844,37.5,37.33000183105469,37.369998931884766,9283,0.0,0.0,2023-07-17
4584,2023-07-17 11:00:00+02:00,37.38999938964844,37.459999084472656,37.31999969482422,37.34000015258789,14122,0.0,0.0,2023-07-17
4585,2023-07-17 12:00:00+02:00,37.369998931884766,37.369998931884766,37.209999084472656,37.25,6551,0.0,0.0,2023-07-17
4586,2023-07-17 13:00:00+02:00,37.22999954223633,37.290000915527344,37.220001220703125,37.22999954223633,5326,0.0,0.0,2023-07-17
4587,2023-07-17 14:00:00+02:00,37.25,37.279998779296875,37.150001525878906,37.220001220703125,7428,0.0,0.0,2023-07-17
4588,2023-07-17 15:00:00+02:00,37.220001220703125,37.310001373291016,37.16999816894531,37.2599983215332,15728,0.0,0.0,2023-07-17
4589,2023-07-17 16:00:00+02:00,37.25,37.279998779296875,37.18000030517578,37.209999084472656,13797,0.0,0.0,2023-07-17
4590,2023-07-17 17:00:00+02:00,37.20000076293945,37.209999084472656,37.09000015258789,37.09000015258789,155715,0.0,0.0,2023-07-17
4591,2023-07-18 09:00:00+02:00,37.0,37.060001373291016,36.95000076293945,37.02000045776367,0,0.0,0.0,2023-07-18
4592,2023-07-18 10:00:00+02:00,37.040000915527344,37.08000183105469,36.959999084472656,36.97999954223633,5628,0.0,0.0,2023-07-18
4593,2023-07-18 11:00:00+02:00,36.959999084472656,37.150001525878906,36.93000030517578,37.119998931884766,18222,0.0,0.0,2023-07-18
4594,2023-07-18 12:00:00+02:00,37.130001068115234,37.13999938964844,36.95000076293945,36.959999084472656,5702,0.0,0.0,2023-07-18
4595,2023-07-18 13:00:00+02:00,36.970001220703125,36.970001220703125,36.810001373291016,36.880001068115234,22566,0.0,0.0,2023-07-18
4596,2023-07-18 14:00:00+02:00,36.869998931884766,36.900001525878906,36.7599983215332,36.810001373291016,8267,0.0,0.0,2023-07-18
4597,2023-07-18 15:00:00+02:00,36.810001373291016,36.970001220703125,36.75,36.95000076293945,6334,0.0,0.0,2023-07-18
4598,2023-07-18 16:00:00+02:00,36.95000076293945,37.060001373291016,36.90999984741211,37.029998779296875,20398,0.0,0.0,2023-07-18
4599,2023-07-18 17:00:00+02:00,37.029998779296875,37.13999938964844,37.0099983215332,37.13999938964844,0,0.0,0.0,2023-07-18
4600,2023-07-19 09:00:00+02:00,37.290000915527344,37.54999923706055,37.18000030517578,37.279998779296875,25813,0.0,0.0,2023-07-19
4601,2023-07-19 10:00:00+02:00,37.22999954223633,37.33000183105469,37.22999954223633,37.279998779296875,8429,0.0,0.0,2023-07-19
4602,2023-07-19 11:00:00+02:00,37.279998779296875,37.38999938964844,37.2400016784668,37.33000183105469,29201,0.0,0.0,2023-07-19
4603,2023-07-19 12:00:00+02:00,37.34000015258789,37.38999938964844,37.27000045776367,37.38999938964844,6970,0.0,0.0,2023-07-19
4604,2023-07-19 13:00:00+02:00,37.380001068115234,37.439998626708984,37.27000045776367,37.27000045776367,19506,0.0,0.0,2023-07-19
4605,2023-07-19 14:00:00+02:00,37.2599983215332,37.310001373291016,37.189998626708984,37.290000915527344,12216,0.0,0.0,2023-07-19
4606,2023-07-19 15:00:00+02:00,37.290000915527344,37.40999984741211,37.25,37.380001068115234,22786,0.0,0.0,2023-07-19
4607,2023-07-19 16:00:00+02:00,37.369998931884766,37.459999084472656,37.34000015258789,37.36000061035156,20706,0.0,0.0,2023-07-19
4608,2023-07-19 17:00:00+02:00,37.349998474121094,37.369998931884766,37.290000915527344,37.290000915527344,224837,0.0,0.0,2023-07-19
4609,2023-07-20 09:00:00+02:00,37.380001068115234,38.040000915527344,37.27000045776367,37.83000183105469,0,0.0,0.0,2023-07-20
4610,2023-07-20 10:00:00+02:00,37.810001373291016,37.880001068115234,37.72999954223633,37.79999923706055,15107,0.0,0.0,2023-07-20
4611,2023-07-20 11:00:00+02:00,37.79999923706055,37.91999816894531,37.72999954223633,37.810001373291016,13542,0.0,0.0,2023-07-20
4612,2023-07-20 12:00:00+02:00,37.810001373291016,37.81999969482422,37.72999954223633,37.72999954223633,6077,0.0,0.0,2023-07-20
4613,2023-07-20 13:00:00+02:00,37.720001220703125,37.7400016784668,37.68000030517578,37.72999954223633,2790,0.0,0.0,2023-07-20
4614,2023-07-20 14:00:00+02:00,37.72999954223633,37.86000061035156,37.720001220703125,37.86000061035156,11017,0.0,0.0,2023-07-20
4615,2023-07-20 15:00:00+02:00,37.84000015258789,37.970001220703125,37.810001373291016,37.95000076293945,19117,0.0,0.0,2023-07-20
4616,2023-07-20 16:00:00+02:00,37.970001220703125,38.0,37.90999984741211,37.95000076293945,16457,0.0,0.0,2023-07-20
4617,2023-07-20 17:00:00+02:00,37.970001220703125,38.0,37.7400016784668,37.7400016784668,240310,0.0,0.0,2023-07-20
4618,2023-07-21 09:00:00+02:00,37.79999923706055,38.11000061035156,37.79999923706055,38.04999923706055,0,0.0,0.0,2023-07-21
4619,2023-07-21 10:00:00+02:00,38.060001373291016,38.290000915527344,38.040000915527344,38.290000915527344,13338,0.0,0.0,2023-07-21
4620,2023-07-21 11:00:00+02:00,38.290000915527344,38.310001373291016,38.20000076293945,38.220001220703125,8330,0.0,0.0,2023-07-21
4621,2023-07-21 12:00:00+02:00,38.209999084472656,38.22999954223633,38.09000015258789,38.119998931884766,6721,0.0,0.0,2023-07-21
4622,2023-07-21 13:00:00+02:00,38.119998931884766,38.119998931884766,38.029998779296875,38.06999969482422,3886,0.0,0.0,2023-07-21
4623,2023-07-21 14:00:00+02:00,38.09000015258789,38.13999938964844,38.060001373291016,38.13999938964844,6879,0.0,0.0,2023-07-21
4624,2023-07-21 15:00:00+02:00,38.13999938964844,38.13999938964844,37.779998779296875,37.88999938964844,14262,0.0,0.0,2023-07-21
4625,2023-07-21 16:00:00+02:00,37.900001525878906,37.970001220703125,37.900001525878906,37.939998626708984,8645,0.0,0.0,2023-07-21
4626,2023-07-21 17:00:00+02:00,37.95000076293945,37.9900016784668,37.779998779296875,37.779998779296875,423894,0.0,0.0,2023-07-21
