,Timestamp,Open,High,Low,Close,Volume,Dividends,Stock Splits,Date
0,2021-07-23 09:00:00+02:00,301.79998779296875,302.20001220703125,296.0,298.0,0,0.0,0.0,2021-07-23
1,2021-07-23 10:00:00+02:00,298.0,298.3999938964844,296.3999938964844,296.3999938964844,32621,0.0,0.0,2021-07-23
2,2021-07-23 11:00:00+02:00,296.20001220703125,296.79998779296875,295.3999938964844,296.0,45801,0.0,0.0,2021-07-23
3,2021-07-23 12:00:00+02:00,296.0,296.0,295.20001220703125,296.0,17075,0.0,0.0,2021-07-23
4,2021-07-23 13:00:00+02:00,296.0,296.20001220703125,294.79998779296875,295.20001220703125,26198,0.0,0.0,2021-07-23
5,2021-07-23 14:00:00+02:00,295.20001220703125,295.20001220703125,294.3999938964844,295.20001220703125,17291,0.0,0.0,2021-07-23
6,2021-07-23 15:00:00+02:00,295.0,295.6000061035156,294.3999938964844,295.6000061035156,22506,0.0,0.0,2021-07-23
7,2021-07-23 16:00:00+02:00,295.6000061035156,298.20001220703125,295.3999938964844,296.6000061035156,83546,0.0,0.0,2021-07-23
8,2021-07-23 17:00:00+02:00,296.6000061035156,297.3999938964844,296.3999938964844,297.0,105959,0.0,0.0,2021-07-23
9,2021-07-26 09:00:00+02:00,297.0,298.3999938964844,295.6000061035156,295.79998779296875,0,0.0,0.0,2021-07-26
10,2021-07-26 10:00:00+02:00,295.79998779296875,296.0,295.20001220703125,295.3999938964844,19921,0.0,0.0,2021-07-26
11,2021-07-26 11:00:00+02:00,296.0,296.20001220703125,295.20001220703125,296.20001220703125,11745,0.0,0.0,2021-07-26
12,2021-07-26 12:00:00+02:00,296.20001220703125,296.3999938964844,295.3999938964844,296.0,10641,0.0,0.0,2021-07-26
13,2021-07-26 13:00:00+02:00,296.0,296.20001220703125,295.3999938964844,295.79998779296875,24857,0.0,0.0,2021-07-26
14,2021-07-26 14:00:00+02:00,295.79998779296875,296.0,295.0,295.79998779296875,9207,0.0,0.0,2021-07-26
15,2021-07-26 15:00:00+02:00,295.79998779296875,296.0,295.20001220703125,295.20001220703125,25851,0.0,0.0,2021-07-26
16,2021-07-26 16:00:00+02:00,295.3999938964844,296.0,294.79998779296875,295.79998779296875,14686,0.0,0.0,2021-07-26
17,2021-07-26 17:00:00+02:00,295.6000061035156,296.0,295.3999938964844,295.79998779296875,71896,0.0,0.0,2021-07-26
18,2021-07-27 09:00:00+02:00,295.79998779296875,296.3999938964844,294.0,295.3999938964844,0,0.0,0.0,2021-07-27
19,2021-07-27 10:00:00+02:00,295.20001220703125,295.79998779296875,294.3999938964844,294.79998779296875,27558,0.0,0.0,2021-07-27
20,2021-07-27 11:00:00+02:00,294.79998779296875,297.0,294.6000061035156,296.3999938964844,36433,0.0,0.0,2021-07-27
21,2021-07-27 12:00:00+02:00,296.6000061035156,296.79998779296875,295.6000061035156,296.79998779296875,11640,0.0,0.0,2021-07-27
22,2021-07-27 13:00:00+02:00,296.79998779296875,297.0,296.0,296.0,13567,0.0,0.0,2021-07-27
23,2021-07-27 14:00:00+02:00,296.20001220703125,296.6000061035156,296.20001220703125,296.3999938964844,14083,0.0,0.0,2021-07-27
24,2021-07-27 15:00:00+02:00,296.3999938964844,297.79998779296875,296.3999938964844,297.0,39187,0.0,0.0,2021-07-27
25,2021-07-27 16:00:00+02:00,297.3999938964844,297.3999938964844,295.79998779296875,296.0,19295,0.0,0.0,2021-07-27
26,2021-07-27 17:00:00+02:00,296.20001220703125,296.3999938964844,295.6000061035156,296.3999938964844,71165,0.0,0.0,2021-07-27
27,2021-07-28 09:00:00+02:00,296.3999938964844,297.0,294.6000061035156,296.3999938964844,0,0.0,0.0,2021-07-28
28,2021-07-28 10:00:00+02:00,296.0,298.79998779296875,295.79998779296875,298.79998779296875,76718,0.0,0.0,2021-07-28
29,2021-07-28 11:00:00+02:00,298.79998779296875,300.0,297.79998779296875,299.3999938964844,33817,0.0,0.0,2021-07-28
30,2021-07-28 12:00:00+02:00,299.3999938964844,299.6000061035156,298.20001220703125,298.20001220703125,14096,0.0,0.0,2021-07-28
31,2021-07-28 13:00:00+02:00,298.3999938964844,299.20001220703125,298.0,299.20001220703125,38816,0.0,0.0,2021-07-28
32,2021-07-28 14:00:00+02:00,299.0,299.20001220703125,298.20001220703125,298.3999938964844,24722,0.0,0.0,2021-07-28
33,2021-07-28 15:00:00+02:00,298.3999938964844,298.79998779296875,297.3999938964844,298.6000061035156,46266,0.0,0.0,2021-07-28
34,2021-07-28 16:00:00+02:00,298.6000061035156,299.3999938964844,297.6000061035156,298.20001220703125,64705,0.0,0.0,2021-07-28
35,2021-07-28 17:00:00+02:00,298.20001220703125,298.20001220703125,297.6000061035156,298.20001220703125,77600,0.0,0.0,2021-07-28
36,2021-07-29 09:00:00+02:00,298.3999938964844,300.79998779296875,296.6000061035156,297.6000061035156,0,0.0,0.0,2021-07-29
37,2021-07-29 10:00:00+02:00,297.3999938964844,298.20001220703125,296.20001220703125,297.3999938964844,36588,0.0,0.0,2021-07-29
38,2021-07-29 11:00:00+02:00,297.3999938964844,298.3999938964844,295.6000061035156,296.6000061035156,16718,0.0,0.0,2021-07-29
39,2021-07-29 12:00:00+02:00,296.6000061035156,297.6000061035156,296.3999938964844,297.20001220703125,32468,0.0,0.0,2021-07-29
40,2021-07-29 13:00:00+02:00,297.20001220703125,297.20001220703125,296.6000061035156,297.0,9106,0.0,0.0,2021-07-29
41,2021-07-29 14:00:00+02:00,297.20001220703125,299.20001220703125,296.79998779296875,297.79998779296875,18428,0.0,0.0,2021-07-29
42,2021-07-29 15:00:00+02:00,298.0,299.0,297.79998779296875,298.79998779296875,13061,0.0,0.0,2021-07-29
43,2021-07-29 16:00:00+02:00,298.79998779296875,300.0,298.6000061035156,299.79998779296875,10610,0.0,0.0,2021-07-29
44,2021-07-29 17:00:00+02:00,299.3999938964844,300.6000061035156,299.3999938964844,300.6000061035156,65712,0.0,0.0,2021-07-29
45,2021-07-30 09:00:00+02:00,300.6000061035156,301.0,296.6000061035156,297.3999938964844,0,0.0,0.0,2021-07-30
46,2021-07-30 10:00:00+02:00,297.3999938964844,298.20001220703125,297.20001220703125,297.6000061035156,12356,0.0,0.0,2021-07-30
47,2021-07-30 11:00:00+02:00,297.6000061035156,299.79998779296875,297.3999938964844,299.3999938964844,19626,0.0,0.0,2021-07-30
48,2021-07-30 12:00:00+02:00,299.6000061035156,300.6000061035156,299.20001220703125,300.3999938964844,6588,0.0,0.0,2021-07-30
49,2021-07-30 13:00:00+02:00,300.3999938964844,302.0,300.20001220703125,301.6000061035156,43812,0.0,0.0,2021-07-30
50,2021-07-30 14:00:00+02:00,301.3999938964844,301.6000061035156,300.6000061035156,301.6000061035156,20028,0.0,0.0,2021-07-30
51,2021-07-30 15:00:00+02:00,301.6000061035156,303.0,301.3999938964844,302.0,0,0.0,0.0,2021-07-30
52,2021-07-30 16:00:00+02:00,302.0,302.6000061035156,301.3999938964844,302.0,204446,0.0,0.0,2021-07-30
53,2021-07-30 17:00:00+02:00,301.79998779296875,303.3999938964844,301.6000061035156,302.3999938964844,120139,0.0,0.0,2021-07-30
54,2021-08-02 09:00:00+02:00,302.6000061035156,306.79998779296875,302.6000061035156,306.6000061035156,0,0.0,0.0,2021-08-02
55,2021-08-02 10:00:00+02:00,306.79998779296875,308.3999938964844,306.6000061035156,308.20001220703125,21460,0.0,0.0,2021-08-02
56,2021-08-02 11:00:00+02:00,308.20001220703125,309.3999938964844,307.20001220703125,309.3999938964844,18241,0.0,0.0,2021-08-02
57,2021-08-02 12:00:00+02:00,309.3999938964844,310.0,308.79998779296875,309.20001220703125,11285,0.0,0.0,2021-08-02
58,2021-08-02 13:00:00+02:00,309.3999938964844,309.3999938964844,307.79998779296875,308.79998779296875,17106,0.0,0.0,2021-08-02
59,2021-08-02 14:00:00+02:00,308.79998779296875,309.6000061035156,308.20001220703125,309.20001220703125,12424,0.0,0.0,2021-08-02
60,2021-08-02 15:00:00+02:00,309.3999938964844,310.79998779296875,309.20001220703125,310.79998779296875,18455,0.0,0.0,2021-08-02
61,2021-08-02 16:00:00+02:00,310.6000061035156,312.3999938964844,310.6000061035156,312.3999938964844,29899,0.0,0.0,2021-08-02
62,2021-08-02 17:00:00+02:00,312.6000061035156,313.3999938964844,312.3999938964844,312.6000061035156,60131,0.0,0.0,2021-08-02
63,2021-08-03 09:00:00+02:00,312.6000061035156,317.0,311.20001220703125,314.0,0,0.0,0.0,2021-08-03
64,2021-08-03 10:00:00+02:00,314.0,314.79998779296875,312.79998779296875,314.79998779296875,24714,0.0,0.0,2021-08-03
65,2021-08-03 11:00:00+02:00,314.79998779296875,315.0,313.0,313.20001220703125,18998,0.0,0.0,2021-08-03
66,2021-08-03 12:00:00+02:00,313.20001220703125,313.6000061035156,312.3999938964844,313.0,16789,0.0,0.0,2021-08-03
67,2021-08-03 13:00:00+02:00,313.20001220703125,313.20001220703125,312.6000061035156,312.79998779296875,15764,0.0,0.0,2021-08-03
68,2021-08-03 14:00:00+02:00,312.79998779296875,315.3999938964844,312.79998779296875,315.3999938964844,16487,0.0,0.0,2021-08-03
69,2021-08-03 15:00:00+02:00,315.20001220703125,316.79998779296875,314.79998779296875,316.6000061035156,24764,0.0,0.0,2021-08-03
70,2021-08-03 16:00:00+02:00,316.3999938964844,316.79998779296875,315.20001220703125,316.6000061035156,45111,0.0,0.0,2021-08-03
71,2021-08-03 17:00:00+02:00,316.3999938964844,317.3999938964844,316.3999938964844,316.79998779296875,97288,0.0,0.0,2021-08-03
72,2021-08-04 09:00:00+02:00,319.0,319.79998779296875,316.20001220703125,319.6000061035156,0,0.0,0.0,2021-08-04
73,2021-08-04 10:00:00+02:00,319.20001220703125,323.20001220703125,319.20001220703125,322.79998779296875,34719,0.0,0.0,2021-08-04
74,2021-08-04 11:00:00+02:00,322.79998779296875,323.3999938964844,321.79998779296875,322.6000061035156,16354,0.0,0.0,2021-08-04
75,2021-08-04 12:00:00+02:00,322.79998779296875,322.79998779296875,321.20001220703125,321.6000061035156,8608,0.0,0.0,2021-08-04
76,2021-08-04 13:00:00+02:00,321.6000061035156,322.79998779296875,321.6000061035156,322.3999938964844,11634,0.0,0.0,2021-08-04
77,2021-08-04 14:00:00+02:00,322.3999938964844,325.0,322.3999938964844,324.79998779296875,17552,0.0,0.0,2021-08-04
78,2021-08-04 15:00:00+02:00,324.3999938964844,325.0,323.6000061035156,324.3999938964844,125086,0.0,0.0,2021-08-04
79,2021-08-04 16:00:00+02:00,324.3999938964844,324.6000061035156,322.0,323.0,69903,0.0,0.0,2021-08-04
80,2021-08-04 17:00:00+02:00,323.20001220703125,323.6000061035156,322.79998779296875,323.6000061035156,64975,0.0,0.0,2021-08-04
81,2021-08-05 09:00:00+02:00,324.20001220703125,325.6000061035156,322.3999938964844,324.3999938964844,0,0.0,0.0,2021-08-05
82,2021-08-05 10:00:00+02:00,324.3999938964844,326.20001220703125,323.6000061035156,325.79998779296875,10531,0.0,0.0,2021-08-05
83,2021-08-05 11:00:00+02:00,325.6000061035156,326.3999938964844,324.6000061035156,325.20001220703125,18275,0.0,0.0,2021-08-05
84,2021-08-05 12:00:00+02:00,325.3999938964844,326.20001220703125,324.79998779296875,326.0,15340,0.0,0.0,2021-08-05
85,2021-08-05 13:00:00+02:00,326.0,326.6000061035156,325.79998779296875,326.20001220703125,9626,0.0,0.0,2021-08-05
86,2021-08-05 14:00:00+02:00,326.0,326.0,324.6000061035156,325.20001220703125,12909,0.0,0.0,2021-08-05
87,2021-08-05 15:00:00+02:00,325.3999938964844,326.20001220703125,325.20001220703125,325.6000061035156,18071,0.0,0.0,2021-08-05
88,2021-08-05 16:00:00+02:00,325.6000061035156,325.6000061035156,323.0,323.6000061035156,43008,0.0,0.0,2021-08-05
89,2021-08-05 17:00:00+02:00,323.6000061035156,323.79998779296875,322.20001220703125,323.0,65794,0.0,0.0,2021-08-05
90,2021-08-06 09:00:00+02:00,323.0,323.0,319.0,319.20001220703125,0,0.0,0.0,2021-08-06
91,2021-08-06 10:00:00+02:00,319.0,321.20001220703125,318.3999938964844,320.6000061035156,16212,0.0,0.0,2021-08-06
92,2021-08-06 11:00:00+02:00,320.6000061035156,321.0,318.6000061035156,319.0,20272,0.0,0.0,2021-08-06
93,2021-08-06 12:00:00+02:00,319.0,320.0,318.6000061035156,319.79998779296875,13622,0.0,0.0,2021-08-06
94,2021-08-06 13:00:00+02:00,319.79998779296875,320.6000061035156,319.0,320.20001220703125,8110,0.0,0.0,2021-08-06
95,2021-08-06 14:00:00+02:00,320.20001220703125,321.20001220703125,318.0,318.0,19802,0.0,0.0,2021-08-06
96,2021-08-06 15:00:00+02:00,318.3999938964844,319.6000061035156,317.79998779296875,318.6000061035156,26981,0.0,0.0,2021-08-06
97,2021-08-06 16:00:00+02:00,319.0,319.0,317.79998779296875,318.20001220703125,17919,0.0,0.0,2021-08-06
98,2021-08-06 17:00:00+02:00,318.20001220703125,319.20001220703125,317.79998779296875,319.20001220703125,60330,0.0,0.0,2021-08-06
99,2021-08-09 09:00:00+02:00,318.0,318.3999938964844,315.3999938964844,316.0,0,0.0,0.0,2021-08-09
100,2021-08-09 10:00:00+02:00,316.0,318.3999938964844,315.3999938964844,317.3999938964844,23348,0.0,0.0,2021-08-09
101,2021-08-09 11:00:00+02:00,318.0,318.20001220703125,317.0,317.6000061035156,10804,0.0,0.0,2021-08-09
102,2021-08-09 12:00:00+02:00,317.20001220703125,317.3999938964844,316.6000061035156,317.3999938964844,6390,0.0,0.0,2021-08-09
103,2021-08-09 13:00:00+02:00,317.3999938964844,318.6000061035156,317.0,318.3999938964844,13994,0.0,0.0,2021-08-09
104,2021-08-09 14:00:00+02:00,318.3999938964844,319.3999938964844,318.20001220703125,319.20001220703125,10437,0.0,0.0,2021-08-09
105,2021-08-09 15:00:00+02:00,319.20001220703125,319.20001220703125,318.3999938964844,319.0,9549,0.0,0.0,2021-08-09
106,2021-08-09 16:00:00+02:00,319.0,320.6000061035156,318.79998779296875,319.6000061035156,27487,0.0,0.0,2021-08-09
107,2021-08-09 17:00:00+02:00,319.6000061035156,320.0,318.0,319.20001220703125,37461,0.0,0.0,2021-08-09
108,2021-08-10 09:00:00+02:00,319.6000061035156,324.0,318.79998779296875,323.20001220703125,0,0.0,0.0,2021-08-10
109,2021-08-10 10:00:00+02:00,323.0,324.3999938964844,323.0,324.3999938964844,23462,0.0,0.0,2021-08-10
110,2021-08-10 11:00:00+02:00,324.20001220703125,325.20001220703125,322.6000061035156,323.3999938964844,10870,0.0,0.0,2021-08-10
111,2021-08-10 12:00:00+02:00,323.0,323.79998779296875,322.79998779296875,323.6000061035156,15056,0.0,0.0,2021-08-10
112,2021-08-10 13:00:00+02:00,323.6000061035156,324.0,323.0,323.6000061035156,16092,0.0,0.0,2021-08-10
113,2021-08-10 14:00:00+02:00,323.3999938964844,323.6000061035156,322.0,322.0,13172,0.0,0.0,2021-08-10
114,2021-08-10 15:00:00+02:00,322.0,322.20001220703125,321.0,322.0,16566,0.0,0.0,2021-08-10
115,2021-08-10 16:00:00+02:00,321.79998779296875,321.79998779296875,319.79998779296875,320.20001220703125,27120,0.0,0.0,2021-08-10
116,2021-08-10 17:00:00+02:00,320.20001220703125,320.79998779296875,319.79998779296875,320.79998779296875,85731,0.0,0.0,2021-08-10
117,2021-08-11 09:00:00+02:00,321.3999938964844,323.20001220703125,318.3999938964844,323.20001220703125,0,0.0,0.0,2021-08-11
118,2021-08-11 10:00:00+02:00,323.20001220703125,324.79998779296875,322.3999938964844,323.20001220703125,28619,0.0,0.0,2021-08-11
119,2021-08-11 11:00:00+02:00,323.0,325.0,322.79998779296875,325.0,41430,0.0,0.0,2021-08-11
120,2021-08-11 12:00:00+02:00,324.79998779296875,325.6000061035156,324.0,325.6000061035156,11814,0.0,0.0,2021-08-11
121,2021-08-11 13:00:00+02:00,325.3999938964844,325.79998779296875,324.6000061035156,325.3999938964844,32565,0.0,0.0,2021-08-11
122,2021-08-11 14:00:00+02:00,325.20001220703125,326.6000061035156,324.79998779296875,326.3999938964844,26804,0.0,0.0,2021-08-11
123,2021-08-11 15:00:00+02:00,326.3999938964844,328.79998779296875,326.20001220703125,328.3999938964844,21434,0.0,0.0,2021-08-11
124,2021-08-11 16:00:00+02:00,328.6000061035156,329.6000061035156,328.3999938964844,328.79998779296875,26268,0.0,0.0,2021-08-11
125,2021-08-11 17:00:00+02:00,328.6000061035156,329.20001220703125,328.0,328.0,88633,0.0,0.0,2021-08-11
126,2021-08-12 09:00:00+02:00,328.0,329.3999938964844,326.6000061035156,327.20001220703125,0,0.0,0.0,2021-08-12
127,2021-08-12 10:00:00+02:00,327.3999938964844,327.79998779296875,326.3999938964844,327.3999938964844,19528,0.0,0.0,2021-08-12
128,2021-08-12 11:00:00+02:00,327.6000061035156,327.6000061035156,326.0,327.0,14737,0.0,0.0,2021-08-12
129,2021-08-12 12:00:00+02:00,327.0,327.0,326.0,326.0,30241,0.0,0.0,2021-08-12
130,2021-08-12 13:00:00+02:00,326.0,326.0,325.3999938964844,325.6000061035156,15024,0.0,0.0,2021-08-12
131,2021-08-12 14:00:00+02:00,325.6000061035156,326.0,325.0,325.3999938964844,14635,0.0,0.0,2021-08-12
132,2021-08-12 15:00:00+02:00,325.3999938964844,325.3999938964844,324.20001220703125,325.0,27051,0.0,0.0,2021-08-12
133,2021-08-12 16:00:00+02:00,324.79998779296875,325.6000061035156,324.6000061035156,324.6000061035156,17345,0.0,0.0,2021-08-12
134,2021-08-12 17:00:00+02:00,324.79998779296875,325.20001220703125,323.6000061035156,325.0,58047,0.0,0.0,2021-08-12
135,2021-08-13 09:00:00+02:00,324.6000061035156,326.79998779296875,323.79998779296875,326.0,0,0.0,0.0,2021-08-13
136,2021-08-13 10:00:00+02:00,326.20001220703125,328.3999938964844,325.6000061035156,327.79998779296875,5777,0.0,0.0,2021-08-13
137,2021-08-13 11:00:00+02:00,327.79998779296875,328.3999938964844,327.6000061035156,328.20001220703125,8715,0.0,0.0,2021-08-13
138,2021-08-13 12:00:00+02:00,327.79998779296875,329.20001220703125,327.20001220703125,329.20001220703125,4111,0.0,0.0,2021-08-13
139,2021-08-13 13:00:00+02:00,329.20001220703125,329.6000061035156,328.6000061035156,329.6000061035156,6713,0.0,0.0,2021-08-13
140,2021-08-13 14:00:00+02:00,329.6000061035156,331.3999938964844,329.20001220703125,331.20001220703125,18079,0.0,0.0,2021-08-13
141,2021-08-13 15:00:00+02:00,331.0,333.0,331.0,333.0,11030,0.0,0.0,2021-08-13
142,2021-08-13 16:00:00+02:00,333.20001220703125,333.3999938964844,332.20001220703125,332.6000061035156,18238,0.0,0.0,2021-08-13
143,2021-08-13 17:00:00+02:00,332.3999938964844,332.6000061035156,330.6000061035156,332.0,47602,0.0,0.0,2021-08-13
144,2021-08-16 09:00:00+02:00,331.6000061035156,336.20001220703125,330.79998779296875,335.3999938964844,0,0.0,0.0,2021-08-16
145,2021-08-16 10:00:00+02:00,335.20001220703125,336.6000061035156,334.79998779296875,334.79998779296875,23964,0.0,0.0,2021-08-16
146,2021-08-16 11:00:00+02:00,334.79998779296875,336.0,334.3999938964844,334.79998779296875,69891,0.0,0.0,2021-08-16
147,2021-08-16 12:00:00+02:00,334.3999938964844,334.79998779296875,334.20001220703125,334.6000061035156,14809,0.0,0.0,2021-08-16
148,2021-08-16 13:00:00+02:00,334.79998779296875,335.0,333.20001220703125,333.20001220703125,15549,0.0,0.0,2021-08-16
149,2021-08-16 14:00:00+02:00,333.20001220703125,335.0,333.20001220703125,334.79998779296875,19775,0.0,0.0,2021-08-16
150,2021-08-16 15:00:00+02:00,335.20001220703125,335.79998779296875,334.6000061035156,335.79998779296875,20913,0.0,0.0,2021-08-16
151,2021-08-16 16:00:00+02:00,335.79998779296875,335.79998779296875,332.79998779296875,332.79998779296875,66039,0.0,0.0,2021-08-16
152,2021-08-16 17:00:00+02:00,333.0,333.20001220703125,332.6000061035156,333.0,98695,0.0,0.0,2021-08-16
153,2021-08-17 09:00:00+02:00,334.0,336.6000061035156,329.20001220703125,329.6000061035156,0,0.0,0.0,2021-08-17
154,2021-08-17 10:00:00+02:00,329.3999938964844,330.3999938964844,329.0,330.0,8910,0.0,0.0,2021-08-17
155,2021-08-17 11:00:00+02:00,327.6000061035156,328.0,326.6000061035156,327.3999938964844,61290,0.0,0.0,2021-08-17
156,2021-08-17 12:00:00+02:00,327.3999938964844,328.0,326.79998779296875,327.6000061035156,25365,0.0,0.0,2021-08-17
157,2021-08-17 13:00:00+02:00,327.6000061035156,327.6000061035156,326.3999938964844,327.20001220703125,25148,0.0,0.0,2021-08-17
158,2021-08-17 14:00:00+02:00,327.20001220703125,327.79998779296875,326.3999938964844,326.3999938964844,38298,0.0,0.0,2021-08-17
159,2021-08-17 15:00:00+02:00,326.6000061035156,327.20001220703125,325.3999938964844,326.6000061035156,75935,0.0,0.0,2021-08-17
160,2021-08-17 16:00:00+02:00,326.6000061035156,326.79998779296875,325.6000061035156,326.0,30389,0.0,0.0,2021-08-17
161,2021-08-17 17:00:00+02:00,326.0,326.20001220703125,325.3999938964844,325.3999938964844,115719,0.0,0.0,2021-08-17
162,2021-08-18 09:00:00+02:00,325.3999938964844,329.0,322.79998779296875,327.79998779296875,0,0.0,0.0,2021-08-18
163,2021-08-18 10:00:00+02:00,328.0,328.0,325.79998779296875,326.20001220703125,51856,0.0,0.0,2021-08-18
164,2021-08-18 11:00:00+02:00,326.20001220703125,326.6000061035156,325.0,326.0,21668,0.0,0.0,2021-08-18
165,2021-08-18 12:00:00+02:00,325.79998779296875,326.6000061035156,325.3999938964844,326.6000061035156,23410,0.0,0.0,2021-08-18
166,2021-08-18 13:00:00+02:00,326.79998779296875,326.79998779296875,325.3999938964844,326.0,56986,0.0,0.0,2021-08-18
167,2021-08-18 14:00:00+02:00,326.0,327.20001220703125,325.3999938964844,326.0,41679,0.0,0.0,2021-08-18
168,2021-08-18 15:00:00+02:00,326.0,326.20001220703125,325.3999938964844,325.79998779296875,26752,0.0,0.0,2021-08-18
169,2021-08-18 16:00:00+02:00,325.79998779296875,326.20001220703125,325.20001220703125,325.79998779296875,50270,0.0,0.0,2021-08-18
170,2021-08-18 17:00:00+02:00,325.79998779296875,325.79998779296875,325.0,325.20001220703125,113486,0.0,0.0,2021-08-18
171,2021-08-19 09:00:00+02:00,322.3999938964844,326.0,319.20001220703125,324.3999938964844,0,0.0,0.0,2021-08-19
172,2021-08-19 10:00:00+02:00,324.3999938964844,324.79998779296875,319.79998779296875,320.20001220703125,25558,0.0,0.0,2021-08-19
173,2021-08-19 11:00:00+02:00,320.0,321.3999938964844,318.3999938964844,321.20001220703125,37722,0.0,0.0,2021-08-19
174,2021-08-19 12:00:00+02:00,320.79998779296875,321.3999938964844,320.20001220703125,321.20001220703125,17482,0.0,0.0,2021-08-19
175,2021-08-19 13:00:00+02:00,321.20001220703125,322.3999938964844,320.79998779296875,321.6000061035156,31832,0.0,0.0,2021-08-19
176,2021-08-19 14:00:00+02:00,321.3999938964844,321.6000061035156,319.3999938964844,319.79998779296875,21918,0.0,0.0,2021-08-19
177,2021-08-19 15:00:00+02:00,320.0,320.79998779296875,319.6000061035156,320.6000061035156,29649,0.0,0.0,2021-08-19
178,2021-08-19 16:00:00+02:00,320.6000061035156,321.20001220703125,320.20001220703125,320.6000061035156,69018,0.0,0.0,2021-08-19
179,2021-08-19 17:00:00+02:00,320.79998779296875,321.6000061035156,320.6000061035156,320.6000061035156,226998,0.0,0.0,2021-08-19
180,2021-08-20 09:00:00+02:00,320.3999938964844,322.3999938964844,318.6000061035156,319.20001220703125,0,0.0,0.0,2021-08-20
181,2021-08-20 10:00:00+02:00,319.3999938964844,321.79998779296875,319.0,321.6000061035156,22188,0.0,0.0,2021-08-20
182,2021-08-20 11:00:00+02:00,321.79998779296875,323.6000061035156,321.6000061035156,322.3999938964844,27193,0.0,0.0,2021-08-20
183,2021-08-20 12:00:00+02:00,322.3999938964844,324.3999938964844,321.0,324.0,90890,0.0,0.0,2021-08-20
184,2021-08-20 13:00:00+02:00,323.79998779296875,328.79998779296875,323.79998779296875,328.6000061035156,27720,0.0,0.0,2021-08-20
185,2021-08-20 14:00:00+02:00,328.79998779296875,330.0,328.79998779296875,328.79998779296875,28230,0.0,0.0,2021-08-20
186,2021-08-20 15:00:00+02:00,329.0,331.6000061035156,329.0,331.6000061035156,43387,0.0,0.0,2021-08-20
187,2021-08-20 16:00:00+02:00,331.3999938964844,332.79998779296875,330.79998779296875,332.3999938964844,63684,0.0,0.0,2021-08-20
188,2021-08-20 17:00:00+02:00,332.3999938964844,332.79998779296875,331.79998779296875,332.0,105281,0.0,0.0,2021-08-20
189,2021-08-23 09:00:00+02:00,331.79998779296875,334.0,321.0,321.0,0,0.0,0.0,2021-08-23
190,2021-08-23 10:00:00+02:00,321.0,321.20001220703125,315.6000061035156,317.20001220703125,164632,0.0,0.0,2021-08-23
191,2021-08-23 11:00:00+02:00,317.0,317.6000061035156,312.6000061035156,316.79998779296875,70217,0.0,0.0,2021-08-23
192,2021-08-23 12:00:00+02:00,317.0,318.3999938964844,316.3999938964844,318.3999938964844,26413,0.0,0.0,2021-08-23
193,2021-08-23 13:00:00+02:00,318.3999938964844,319.79998779296875,317.79998779296875,319.3999938964844,28516,0.0,0.0,2021-08-23
194,2021-08-23 14:00:00+02:00,319.3999938964844,319.3999938964844,317.0,318.20001220703125,41457,0.0,0.0,2021-08-23
195,2021-08-23 15:00:00+02:00,318.6000061035156,320.0,317.3999938964844,319.6000061035156,78901,0.0,0.0,2021-08-23
196,2021-08-23 16:00:00+02:00,319.6000061035156,319.79998779296875,317.79998779296875,318.79998779296875,43945,0.0,0.0,2021-08-23
197,2021-08-23 17:00:00+02:00,318.79998779296875,319.0,317.3999938964844,319.0,76982,0.0,0.0,2021-08-23
198,2021-08-24 09:00:00+02:00,318.20001220703125,320.79998779296875,313.6000061035156,314.3999938964844,0,0.0,0.0,2021-08-24
199,2021-08-24 10:00:00+02:00,314.20001220703125,314.3999938964844,313.20001220703125,313.79998779296875,31673,0.0,0.0,2021-08-24
200,2021-08-24 11:00:00+02:00,313.79998779296875,314.3999938964844,313.3999938964844,314.0,29916,0.0,0.0,2021-08-24
201,2021-08-24 12:00:00+02:00,314.0,314.0,311.79998779296875,312.3999938964844,18484,0.0,0.0,2021-08-24
202,2021-08-24 13:00:00+02:00,312.6000061035156,314.20001220703125,311.79998779296875,314.20001220703125,16225,0.0,0.0,2021-08-24
203,2021-08-24 14:00:00+02:00,314.20001220703125,314.79998779296875,313.20001220703125,313.20001220703125,24201,0.0,0.0,2021-08-24
204,2021-08-24 15:00:00+02:00,313.3999938964844,315.0,312.79998779296875,314.20001220703125,22706,0.0,0.0,2021-08-24
205,2021-08-24 16:00:00+02:00,314.3999938964844,316.79998779296875,314.3999938964844,316.6000061035156,32289,0.0,0.0,2021-08-24
206,2021-08-24 17:00:00+02:00,316.6000061035156,317.79998779296875,316.6000061035156,317.6000061035156,72108,0.0,0.0,2021-08-24
207,2021-08-25 09:00:00+02:00,317.6000061035156,319.0,316.0,318.3999938964844,0,0.0,0.0,2021-08-25
208,2021-08-25 10:00:00+02:00,318.20001220703125,320.0,317.20001220703125,320.0,23293,0.0,0.0,2021-08-25
209,2021-08-25 11:00:00+02:00,320.0,320.0,318.0,318.20001220703125,12725,0.0,0.0,2021-08-25
210,2021-08-25 12:00:00+02:00,318.0,318.0,317.0,317.79998779296875,13460,0.0,0.0,2021-08-25
211,2021-08-25 13:00:00+02:00,317.79998779296875,318.0,315.79998779296875,316.6000061035156,18500,0.0,0.0,2021-08-25
212,2021-08-25 14:00:00+02:00,316.6000061035156,316.79998779296875,314.3999938964844,314.3999938964844,17704,0.0,0.0,2021-08-25
213,2021-08-25 15:00:00+02:00,314.20001220703125,314.6000061035156,312.6000061035156,313.0,33261,0.0,0.0,2021-08-25
214,2021-08-25 16:00:00+02:00,313.0,314.79998779296875,312.6000061035156,314.20001220703125,39633,0.0,0.0,2021-08-25
215,2021-08-25 17:00:00+02:00,314.6000061035156,314.6000061035156,314.0,314.6000061035156,90683,0.0,0.0,2021-08-25
216,2021-08-26 09:00:00+02:00,313.6000061035156,316.20001220703125,313.0,315.6000061035156,0,0.0,0.0,2021-08-26
217,2021-08-26 10:00:00+02:00,315.79998779296875,316.3999938964844,315.0,315.0,13545,0.0,0.0,2021-08-26
218,2021-08-26 11:00:00+02:00,315.3999938964844,315.3999938964844,313.20001220703125,313.6000061035156,10597,0.0,0.0,2021-08-26
219,2021-08-26 12:00:00+02:00,313.6000061035156,314.6000061035156,313.20001220703125,313.20001220703125,10102,0.0,0.0,2021-08-26
220,2021-08-26 13:00:00+02:00,313.20001220703125,315.0,313.20001220703125,314.79998779296875,12661,0.0,0.0,2021-08-26
221,2021-08-26 14:00:00+02:00,315.20001220703125,315.79998779296875,314.6000061035156,315.0,10813,0.0,0.0,2021-08-26
222,2021-08-26 15:00:00+02:00,315.3999938964844,316.3999938964844,314.6000061035156,314.6000061035156,18791,0.0,0.0,2021-08-26
223,2021-08-26 16:00:00+02:00,315.0,315.3999938964844,314.0,314.0,32865,0.0,0.0,2021-08-26
224,2021-08-26 17:00:00+02:00,314.20001220703125,315.20001220703125,314.20001220703125,315.0,73436,0.0,0.0,2021-08-26
225,2021-08-27 09:00:00+02:00,314.0,317.0,313.3999938964844,317.0,0,0.0,0.0,2021-08-27
226,2021-08-27 10:00:00+02:00,316.79998779296875,318.6000061035156,316.79998779296875,318.3999938964844,50454,0.0,0.0,2021-08-27
227,2021-08-27 11:00:00+02:00,318.3999938964844,320.0,318.3999938964844,319.20001220703125,62443,0.0,0.0,2021-08-27
228,2021-08-27 12:00:00+02:00,319.20001220703125,320.20001220703125,319.0,320.0,27530,0.0,0.0,2021-08-27
229,2021-08-27 13:00:00+02:00,320.0,320.3999938964844,319.6000061035156,320.0,33356,0.0,0.0,2021-08-27
230,2021-08-27 14:00:00+02:00,319.79998779296875,320.3999938964844,319.6000061035156,320.3999938964844,17842,0.0,0.0,2021-08-27
231,2021-08-27 15:00:00+02:00,320.3999938964844,321.79998779296875,319.0,319.79998779296875,149254,0.0,0.0,2021-08-27
232,2021-08-27 16:00:00+02:00,319.6000061035156,320.79998779296875,319.0,320.79998779296875,33327,0.0,0.0,2021-08-27
233,2021-08-27 17:00:00+02:00,320.79998779296875,322.0,320.6000061035156,321.79998779296875,86317,0.0,0.0,2021-08-27
234,2021-08-30 09:00:00+02:00,322.79998779296875,327.0,322.6000061035156,325.79998779296875,0,0.0,0.0,2021-08-30
235,2021-08-30 10:00:00+02:00,326.20001220703125,327.3999938964844,325.3999938964844,325.3999938964844,18779,0.0,0.0,2021-08-30
236,2021-08-30 11:00:00+02:00,325.79998779296875,326.20001220703125,324.6000061035156,325.0,23966,0.0,0.0,2021-08-30
237,2021-08-30 12:00:00+02:00,325.3999938964844,325.3999938964844,324.6000061035156,325.3999938964844,10856,0.0,0.0,2021-08-30
238,2021-08-30 13:00:00+02:00,325.20001220703125,325.20001220703125,324.20001220703125,324.3999938964844,10616,0.0,0.0,2021-08-30
239,2021-08-30 14:00:00+02:00,324.6000061035156,324.6000061035156,323.6000061035156,323.79998779296875,7283,0.0,0.0,2021-08-30
240,2021-08-30 15:00:00+02:00,323.79998779296875,324.6000061035156,323.20001220703125,324.6000061035156,18843,0.0,0.0,2021-08-30
241,2021-08-30 16:00:00+02:00,324.6000061035156,325.6000061035156,324.6000061035156,325.3999938964844,18310,0.0,0.0,2021-08-30
242,2021-08-30 17:00:00+02:00,325.6000061035156,326.0,325.20001220703125,326.0,74348,0.0,0.0,2021-08-30
243,2021-08-31 09:00:00+02:00,327.0,328.20001220703125,321.79998779296875,322.0,0,0.0,0.0,2021-08-31
244,2021-08-31 10:00:00+02:00,322.0,324.3999938964844,321.79998779296875,322.3999938964844,21127,0.0,0.0,2021-08-31
245,2021-08-31 11:00:00+02:00,322.3999938964844,323.0,320.20001220703125,320.20001220703125,22776,0.0,0.0,2021-08-31
246,2021-08-31 12:00:00+02:00,320.20001220703125,322.79998779296875,320.20001220703125,321.20001220703125,16026,0.0,0.0,2021-08-31
247,2021-08-31 13:00:00+02:00,321.0,322.79998779296875,320.79998779296875,321.3999938964844,15868,0.0,0.0,2021-08-31
248,2021-08-31 14:00:00+02:00,321.0,321.6000061035156,320.20001220703125,320.79998779296875,26820,0.0,0.0,2021-08-31
249,2021-08-31 15:00:00+02:00,320.6000061035156,321.79998779296875,320.0,321.3999938964844,36980,0.0,0.0,2021-08-31
250,2021-08-31 16:00:00+02:00,321.20001220703125,321.20001220703125,319.0,320.79998779296875,39570,0.0,0.0,2021-08-31
251,2021-08-31 17:00:00+02:00,320.79998779296875,321.79998779296875,320.79998779296875,321.79998779296875,202012,0.0,0.0,2021-08-31
252,2021-09-01 09:00:00+02:00,322.20001220703125,325.6000061035156,322.20001220703125,323.79998779296875,0,0.0,0.0,2021-09-01
253,2021-09-01 10:00:00+02:00,324.0,327.0,323.6000061035156,327.0,23772,0.0,0.0,2021-09-01
254,2021-09-01 11:00:00+02:00,327.20001220703125,327.79998779296875,326.3999938964844,327.20001220703125,15681,0.0,0.0,2021-09-01
255,2021-09-01 12:00:00+02:00,327.20001220703125,327.79998779296875,326.0,326.3999938964844,13969,0.0,0.0,2021-09-01
256,2021-09-01 13:00:00+02:00,326.6000061035156,326.6000061035156,325.20001220703125,325.79998779296875,7751,0.0,0.0,2021-09-01
257,2021-09-01 14:00:00+02:00,325.6000061035156,325.79998779296875,323.20001220703125,323.20001220703125,10784,0.0,0.0,2021-09-01
258,2021-09-01 15:00:00+02:00,323.20001220703125,325.3999938964844,322.6000061035156,325.20001220703125,23573,0.0,0.0,2021-09-01
259,2021-09-01 16:00:00+02:00,325.0,326.6000061035156,325.0,326.3999938964844,24608,0.0,0.0,2021-09-01
260,2021-09-01 17:00:00+02:00,326.20001220703125,326.79998779296875,325.6000061035156,325.6000061035156,91573,0.0,0.0,2021-09-01
261,2021-09-02 09:00:00+02:00,325.79998779296875,327.6000061035156,324.3999938964844,325.0,0,0.0,0.0,2021-09-02
262,2021-09-02 10:00:00+02:00,325.20001220703125,329.20001220703125,325.20001220703125,328.0,19157,0.0,0.0,2021-09-02
263,2021-09-02 11:00:00+02:00,327.79998779296875,330.0,327.79998779296875,329.6000061035156,25288,0.0,0.0,2021-09-02
264,2021-09-02 12:00:00+02:00,329.6000061035156,330.3999938964844,328.6000061035156,328.79998779296875,16907,0.0,0.0,2021-09-02
265,2021-09-02 13:00:00+02:00,329.0,330.20001220703125,328.6000061035156,330.20001220703125,11545,0.0,0.0,2021-09-02
266,2021-09-02 14:00:00+02:00,330.0,330.6000061035156,328.6000061035156,328.79998779296875,29172,0.0,0.0,2021-09-02
267,2021-09-02 15:00:00+02:00,328.79998779296875,329.0,328.20001220703125,329.0,31089,0.0,0.0,2021-09-02
268,2021-09-02 16:00:00+02:00,328.79998779296875,328.79998779296875,326.20001220703125,326.3999938964844,44078,0.0,0.0,2021-09-02
269,2021-09-02 17:00:00+02:00,326.3999938964844,327.6000061035156,326.3999938964844,327.0,50828,0.0,0.0,2021-09-02
270,2021-09-03 09:00:00+02:00,327.3999938964844,329.6000061035156,325.0,325.0,0,0.0,0.0,2021-09-03
271,2021-09-03 10:00:00+02:00,325.3999938964844,325.79998779296875,323.6000061035156,324.20001220703125,16404,0.0,0.0,2021-09-03
272,2021-09-03 11:00:00+02:00,324.0,324.6000061035156,322.6000061035156,323.79998779296875,14350,0.0,0.0,2021-09-03
273,2021-09-03 12:00:00+02:00,324.0,325.79998779296875,323.79998779296875,325.79998779296875,13180,0.0,0.0,2021-09-03
274,2021-09-03 13:00:00+02:00,326.0,327.79998779296875,326.0,327.3999938964844,13456,0.0,0.0,2021-09-03
275,2021-09-03 14:00:00+02:00,327.3999938964844,328.3999938964844,324.0,324.20001220703125,28798,0.0,0.0,2021-09-03
276,2021-09-03 15:00:00+02:00,324.3999938964844,325.20001220703125,322.79998779296875,325.20001220703125,31881,0.0,0.0,2021-09-03
277,2021-09-03 16:00:00+02:00,325.20001220703125,326.6000061035156,324.6000061035156,326.6000061035156,27865,0.0,0.0,2021-09-03
278,2021-09-03 17:00:00+02:00,326.79998779296875,327.0,326.0,326.6000061035156,113694,0.0,0.0,2021-09-03
279,2021-09-06 09:00:00+02:00,326.3999938964844,328.20001220703125,325.0,327.20001220703125,0,0.0,0.0,2021-09-06
280,2021-09-06 10:00:00+02:00,327.20001220703125,328.79998779296875,327.20001220703125,328.79998779296875,21099,0.0,0.0,2021-09-06
281,2021-09-06 11:00:00+02:00,328.79998779296875,329.3999938964844,327.3999938964844,329.3999938964844,12394,0.0,0.0,2021-09-06
282,2021-09-06 12:00:00+02:00,329.3999938964844,329.6000061035156,327.20001220703125,327.6000061035156,9809,0.0,0.0,2021-09-06
283,2021-09-06 13:00:00+02:00,327.6000061035156,330.3999938964844,327.3999938964844,330.3999938964844,16153,0.0,0.0,2021-09-06
284,2021-09-06 14:00:00+02:00,330.3999938964844,330.6000061035156,329.6000061035156,330.6000061035156,17675,0.0,0.0,2021-09-06
285,2021-09-06 15:00:00+02:00,330.6000061035156,331.3999938964844,330.3999938964844,331.3999938964844,21289,0.0,0.0,2021-09-06
286,2021-09-06 16:00:00+02:00,331.3999938964844,331.79998779296875,330.6000061035156,331.79998779296875,32502,0.0,0.0,2021-09-06
287,2021-09-06 17:00:00+02:00,331.79998779296875,332.0,331.20001220703125,331.20001220703125,67959,0.0,0.0,2021-09-06
288,2021-09-07 09:00:00+02:00,331.3999938964844,336.6000061035156,331.20001220703125,335.79998779296875,0,0.0,0.0,2021-09-07
289,2021-09-07 10:00:00+02:00,335.79998779296875,336.0,332.20001220703125,333.79998779296875,33312,0.0,0.0,2021-09-07
290,2021-09-07 11:00:00+02:00,333.6000061035156,333.6000061035156,330.20001220703125,330.6000061035156,26829,0.0,0.0,2021-09-07
291,2021-09-07 12:00:00+02:00,330.6000061035156,330.79998779296875,330.0,330.0,11914,0.0,0.0,2021-09-07
292,2021-09-07 13:00:00+02:00,330.20001220703125,330.3999938964844,328.79998779296875,329.3999938964844,33346,0.0,0.0,2021-09-07
293,2021-09-07 14:00:00+02:00,329.3999938964844,329.79998779296875,329.0,329.79998779296875,19837,0.0,0.0,2021-09-07
294,2021-09-07 15:00:00+02:00,329.6000061035156,330.0,328.3999938964844,329.20001220703125,45232,0.0,0.0,2021-09-07
295,2021-09-07 16:00:00+02:00,329.3999938964844,330.6000061035156,327.6000061035156,330.3999938964844,50558,0.0,0.0,2021-09-07
296,2021-09-07 17:00:00+02:00,330.3999938964844,330.3999938964844,328.6000061035156,329.20001220703125,74376,0.0,0.0,2021-09-07
297,2021-09-08 09:00:00+02:00,327.6000061035156,327.6000061035156,321.79998779296875,322.20001220703125,0,0.0,0.0,2021-09-08
298,2021-09-08 10:00:00+02:00,322.0,323.6000061035156,321.6000061035156,322.79998779296875,23965,0.0,0.0,2021-09-08
299,2021-09-08 11:00:00+02:00,322.6000061035156,323.79998779296875,322.3999938964844,323.3999938964844,28799,0.0,0.0,2021-09-08
300,2021-09-08 12:00:00+02:00,323.6000061035156,324.0,322.20001220703125,322.3999938964844,13133,0.0,0.0,2021-09-08
301,2021-09-08 13:00:00+02:00,322.3999938964844,322.79998779296875,322.0,322.79998779296875,20816,0.0,0.0,2021-09-08
302,2021-09-08 14:00:00+02:00,322.79998779296875,323.3999938964844,322.20001220703125,322.20001220703125,20111,0.0,0.0,2021-09-08
303,2021-09-08 15:00:00+02:00,322.20001220703125,322.20001220703125,320.3999938964844,321.6000061035156,73556,0.0,0.0,2021-09-08
304,2021-09-08 16:00:00+02:00,321.6000061035156,324.20001220703125,321.3999938964844,322.6000061035156,34645,0.0,0.0,2021-09-08
305,2021-09-08 17:00:00+02:00,322.3999938964844,322.6000061035156,316.6000061035156,318.20001220703125,109681,0.0,0.0,2021-09-08
306,2021-09-09 09:00:00+02:00,316.79998779296875,319.3999938964844,314.79998779296875,319.3999938964844,0,0.0,0.0,2021-09-09
307,2021-09-09 10:00:00+02:00,319.3999938964844,320.20001220703125,318.3999938964844,318.6000061035156,44399,0.0,0.0,2021-09-09
308,2021-09-09 11:00:00+02:00,318.3999938964844,319.6000061035156,318.0,318.79998779296875,39701,0.0,0.0,2021-09-09
309,2021-09-09 12:00:00+02:00,318.6000061035156,319.0,317.79998779296875,318.0,23652,0.0,0.0,2021-09-09
310,2021-09-09 13:00:00+02:00,318.20001220703125,318.3999938964844,317.6000061035156,317.79998779296875,26431,0.0,0.0,2021-09-09
311,2021-09-09 14:00:00+02:00,317.79998779296875,318.6000061035156,316.79998779296875,318.0,37073,0.0,0.0,2021-09-09
312,2021-09-09 15:00:00+02:00,318.0,319.20001220703125,317.6000061035156,319.20001220703125,73760,0.0,0.0,2021-09-09
313,2021-09-09 16:00:00+02:00,319.0,319.6000061035156,317.6000061035156,317.6000061035156,49986,0.0,0.0,2021-09-09
314,2021-09-09 17:00:00+02:00,317.6000061035156,318.0,317.20001220703125,318.0,100009,0.0,0.0,2021-09-09
315,2021-09-10 09:00:00+02:00,317.79998779296875,321.0,317.6000061035156,318.20001220703125,0,0.0,0.0,2021-09-10
316,2021-09-10 10:00:00+02:00,318.0,318.6000061035156,317.0,318.3999938964844,23485,0.0,0.0,2021-09-10
317,2021-09-10 11:00:00+02:00,318.20001220703125,318.79998779296875,317.79998779296875,318.20001220703125,24565,0.0,0.0,2021-09-10
318,2021-09-10 12:00:00+02:00,318.6000061035156,319.20001220703125,318.3999938964844,318.3999938964844,26425,0.0,0.0,2021-09-10
319,2021-09-10 13:00:00+02:00,318.3999938964844,318.79998779296875,318.0,318.20001220703125,12957,0.0,0.0,2021-09-10
320,2021-09-10 14:00:00+02:00,318.20001220703125,318.3999938964844,317.20001220703125,317.6000061035156,27036,0.0,0.0,2021-09-10
321,2021-09-10 15:00:00+02:00,317.6000061035156,317.79998779296875,316.79998779296875,317.20001220703125,28278,0.0,0.0,2021-09-10
322,2021-09-10 16:00:00+02:00,317.0,317.0,314.6000061035156,315.0,65736,0.0,0.0,2021-09-10
323,2021-09-10 17:00:00+02:00,315.20001220703125,316.0,315.0,315.79998779296875,79146,0.0,0.0,2021-09-10
324,2021-09-13 09:00:00+02:00,315.0,318.79998779296875,314.3999938964844,315.0,0,0.0,0.0,2021-09-13
325,2021-09-13 10:00:00+02:00,315.0,316.0,314.79998779296875,315.20001220703125,25821,0.0,0.0,2021-09-13
326,2021-09-13 11:00:00+02:00,315.20001220703125,317.0,315.20001220703125,317.0,12967,0.0,0.0,2021-09-13
327,2021-09-13 12:00:00+02:00,317.0,320.3999938964844,316.79998779296875,319.79998779296875,36379,0.0,0.0,2021-09-13
328,2021-09-13 13:00:00+02:00,320.0,320.3999938964844,319.0,319.6000061035156,15251,0.0,0.0,2021-09-13
329,2021-09-13 14:00:00+02:00,319.3999938964844,320.79998779296875,319.20001220703125,319.79998779296875,19858,0.0,0.0,2021-09-13
330,2021-09-13 15:00:00+02:00,320.20001220703125,320.20001220703125,318.79998779296875,319.79998779296875,66523,0.0,0.0,2021-09-13
331,2021-09-13 16:00:00+02:00,319.6000061035156,319.6000061035156,318.20001220703125,318.6000061035156,41737,0.0,0.0,2021-09-13
332,2021-09-13 17:00:00+02:00,318.3999938964844,318.3999938964844,317.6000061035156,317.6000061035156,127043,0.0,0.0,2021-09-13
333,2021-09-14 09:00:00+02:00,318.0,320.20001220703125,317.3999938964844,318.0,0,0.0,0.0,2021-09-14
334,2021-09-14 10:00:00+02:00,317.79998779296875,320.0,317.0,319.3999938964844,27214,0.0,0.0,2021-09-14
335,2021-09-14 11:00:00+02:00,319.3999938964844,319.79998779296875,318.6000061035156,319.6000061035156,0,0.0,0.0,2021-09-14
336,2021-09-14 12:00:00+02:00,319.6000061035156,319.6000061035156,318.3999938964844,319.6000061035156,100032,0.0,0.0,2021-09-14
337,2021-09-14 13:00:00+02:00,319.3999938964844,320.0,318.79998779296875,318.79998779296875,41383,0.0,0.0,2021-09-14
338,2021-09-14 14:00:00+02:00,319.0,319.79998779296875,318.20001220703125,318.3999938964844,30747,0.0,0.0,2021-09-14
339,2021-09-14 15:00:00+02:00,318.6000061035156,319.0,317.79998779296875,318.6000061035156,56542,0.0,0.0,2021-09-14
340,2021-09-14 16:00:00+02:00,318.79998779296875,320.20001220703125,318.20001220703125,319.3999938964844,68625,0.0,0.0,2021-09-14
341,2021-09-14 17:00:00+02:00,319.3999938964844,320.79998779296875,319.0,320.3999938964844,101158,0.0,0.0,2021-09-14
342,2021-09-15 09:00:00+02:00,320.3999938964844,321.79998779296875,319.3999938964844,321.6000061035156,0,0.0,0.0,2021-09-15
343,2021-09-15 10:00:00+02:00,321.6000061035156,322.79998779296875,320.79998779296875,322.0,14932,0.0,0.0,2021-09-15
344,2021-09-15 11:00:00+02:00,322.20001220703125,322.6000061035156,319.3999938964844,320.20001220703125,14152,0.0,0.0,2021-09-15
345,2021-09-15 12:00:00+02:00,320.0,321.0,319.79998779296875,320.0,8743,0.0,0.0,2021-09-15
346,2021-09-15 13:00:00+02:00,319.79998779296875,320.20001220703125,319.6000061035156,319.79998779296875,5477,0.0,0.0,2021-09-15
347,2021-09-15 14:00:00+02:00,319.79998779296875,319.79998779296875,315.6000061035156,316.3999938964844,18128,0.0,0.0,2021-09-15
348,2021-09-15 15:00:00+02:00,316.6000061035156,317.20001220703125,315.79998779296875,316.79998779296875,48120,0.0,0.0,2021-09-15
349,2021-09-15 16:00:00+02:00,316.79998779296875,317.0,315.20001220703125,316.79998779296875,32260,0.0,0.0,2021-09-15
350,2021-09-15 17:00:00+02:00,316.79998779296875,317.0,316.20001220703125,316.20001220703125,98438,0.0,0.0,2021-09-15
351,2021-09-16 09:00:00+02:00,317.0,319.20001220703125,316.20001220703125,317.79998779296875,0,0.0,0.0,2021-09-16
352,2021-09-16 10:00:00+02:00,318.3999938964844,319.20001220703125,317.0,317.3999938964844,14820,0.0,0.0,2021-09-16
353,2021-09-16 11:00:00+02:00,317.79998779296875,319.0,317.6000061035156,318.20001220703125,8603,0.0,0.0,2021-09-16
354,2021-09-16 12:00:00+02:00,318.3999938964844,319.20001220703125,318.20001220703125,318.6000061035156,17484,0.0,0.0,2021-09-16
355,2021-09-16 13:00:00+02:00,318.6000061035156,318.6000061035156,316.79998779296875,317.0,16929,0.0,0.0,2021-09-16
356,2021-09-16 14:00:00+02:00,316.79998779296875,317.79998779296875,316.6000061035156,317.6000061035156,16013,0.0,0.0,2021-09-16
357,2021-09-16 15:00:00+02:00,317.79998779296875,319.0,317.3999938964844,318.79998779296875,22988,0.0,0.0,2021-09-16
358,2021-09-16 16:00:00+02:00,318.6000061035156,319.79998779296875,318.6000061035156,319.3999938964844,41465,0.0,0.0,2021-09-16
359,2021-09-16 17:00:00+02:00,319.20001220703125,320.6000061035156,318.79998779296875,320.6000061035156,139841,0.0,0.0,2021-09-16
360,2021-09-17 09:00:00+02:00,321.79998779296875,326.79998779296875,321.79998779296875,325.79998779296875,0,0.0,0.0,2021-09-17
361,2021-09-17 10:00:00+02:00,325.3999938964844,326.0,324.20001220703125,325.6000061035156,17755,0.0,0.0,2021-09-17
362,2021-09-17 11:00:00+02:00,325.3999938964844,326.3999938964844,323.20001220703125,323.20001220703125,34908,0.0,0.0,2021-09-17
363,2021-09-17 12:00:00+02:00,323.20001220703125,324.20001220703125,322.6000061035156,323.0,26512,0.0,0.0,2021-09-17
364,2021-09-17 13:00:00+02:00,323.20001220703125,323.79998779296875,321.6000061035156,321.79998779296875,33120,0.0,0.0,2021-09-17
365,2021-09-17 14:00:00+02:00,322.0,324.20001220703125,321.79998779296875,323.79998779296875,39680,0.0,0.0,2021-09-17
366,2021-09-17 15:00:00+02:00,323.6000061035156,323.79998779296875,322.6000061035156,322.79998779296875,77315,0.0,0.0,2021-09-17
367,2021-09-17 16:00:00+02:00,323.0,323.20001220703125,321.20001220703125,321.6000061035156,75495,0.0,0.0,2021-09-17
368,2021-09-17 17:00:00+02:00,321.6000061035156,321.6000061035156,320.3999938964844,321.6000061035156,1175963,0.0,0.0,2021-09-17
369,2021-09-20 09:00:00+02:00,316.79998779296875,316.79998779296875,309.20001220703125,309.20001220703125,0,0.0,0.0,2021-09-20
370,2021-09-20 10:00:00+02:00,309.3999938964844,309.3999938964844,306.20001220703125,307.20001220703125,54887,0.0,0.0,2021-09-20
371,2021-09-20 11:00:00+02:00,306.79998779296875,307.79998779296875,303.6000061035156,305.3999938964844,46202,0.0,0.0,2021-09-20
372,2021-09-20 12:00:00+02:00,305.20001220703125,307.79998779296875,305.20001220703125,306.79998779296875,33546,0.0,0.0,2021-09-20
373,2021-09-20 13:00:00+02:00,306.79998779296875,307.20001220703125,305.0,305.79998779296875,17510,0.0,0.0,2021-09-20
374,2021-09-20 14:00:00+02:00,305.6000061035156,305.79998779296875,302.0,302.6000061035156,39885,0.0,0.0,2021-09-20
375,2021-09-20 15:00:00+02:00,302.79998779296875,303.3999938964844,298.20001220703125,298.79998779296875,96569,0.0,0.0,2021-09-20
376,2021-09-20 16:00:00+02:00,298.79998779296875,301.20001220703125,298.6000061035156,300.79998779296875,71093,0.0,0.0,2021-09-20
377,2021-09-20 17:00:00+02:00,300.6000061035156,300.6000061035156,299.0,299.20001220703125,133757,0.0,0.0,2021-09-20
378,2021-09-21 09:00:00+02:00,299.0,301.79998779296875,293.3999938964844,298.0,0,0.0,0.0,2021-09-21
379,2021-09-21 10:00:00+02:00,298.20001220703125,301.20001220703125,297.79998779296875,301.0,56046,0.0,0.0,2021-09-21
380,2021-09-21 11:00:00+02:00,301.20001220703125,303.20001220703125,301.0,302.0,18116,0.0,0.0,2021-09-21
381,2021-09-21 12:00:00+02:00,302.0,303.20001220703125,302.0,302.79998779296875,12174,0.0,0.0,2021-09-21
382,2021-09-21 13:00:00+02:00,303.20001220703125,303.3999938964844,302.3999938964844,303.20001220703125,31067,0.0,0.0,2021-09-21
383,2021-09-21 14:00:00+02:00,303.20001220703125,305.0,302.0,302.3999938964844,76381,0.0,0.0,2021-09-21
384,2021-09-21 15:00:00+02:00,302.6000061035156,303.3999938964844,300.3999938964844,302.0,57403,0.0,0.0,2021-09-21
385,2021-09-21 16:00:00+02:00,302.0,303.3999938964844,300.3999938964844,303.0,67502,0.0,0.0,2021-09-21
386,2021-09-21 17:00:00+02:00,303.0,304.3999938964844,301.79998779296875,304.0,75252,0.0,0.0,2021-09-21
387,2021-09-22 09:00:00+02:00,305.0,308.6000061035156,304.20001220703125,307.0,0,0.0,0.0,2021-09-22
388,2021-09-22 10:00:00+02:00,307.0,307.79998779296875,305.3999938964844,305.6000061035156,20482,0.0,0.0,2021-09-22
389,2021-09-22 11:00:00+02:00,305.79998779296875,305.79998779296875,303.3999938964844,303.6000061035156,15146,0.0,0.0,2021-09-22
390,2021-09-22 12:00:00+02:00,303.79998779296875,304.0,302.0,302.6000061035156,15190,0.0,0.0,2021-09-22
391,2021-09-22 13:00:00+02:00,302.20001220703125,302.20001220703125,299.20001220703125,299.3999938964844,15578,0.0,0.0,2021-09-22
392,2021-09-22 14:00:00+02:00,299.79998779296875,300.79998779296875,299.79998779296875,300.6000061035156,14045,0.0,0.0,2021-09-22
393,2021-09-22 15:00:00+02:00,300.6000061035156,301.3999938964844,299.3999938964844,299.6000061035156,24452,0.0,0.0,2021-09-22
394,2021-09-22 16:00:00+02:00,299.3999938964844,301.20001220703125,299.3999938964844,300.6000061035156,37078,0.0,0.0,2021-09-22
395,2021-09-22 17:00:00+02:00,300.6000061035156,302.6000061035156,300.6000061035156,302.6000061035156,86823,0.0,0.0,2021-09-22
396,2021-09-23 09:00:00+02:00,302.6000061035156,308.3999938964844,302.6000061035156,308.20001220703125,0,0.0,0.0,2021-09-23
397,2021-09-23 10:00:00+02:00,308.20001220703125,309.0,307.3999938964844,308.0,25517,0.0,0.0,2021-09-23
398,2021-09-23 11:00:00+02:00,308.0,308.3999938964844,306.20001220703125,307.20001220703125,22706,0.0,0.0,2021-09-23
399,2021-09-23 12:00:00+02:00,307.20001220703125,308.6000061035156,304.3999938964844,305.20001220703125,112529,0.0,0.0,2021-09-23
400,2021-09-23 13:00:00+02:00,305.0,307.20001220703125,305.0,306.79998779296875,18350,0.0,0.0,2021-09-23
401,2021-09-23 14:00:00+02:00,306.79998779296875,309.3999938964844,306.3999938964844,307.20001220703125,23541,0.0,0.0,2021-09-23
402,2021-09-23 15:00:00+02:00,307.0,309.79998779296875,305.79998779296875,308.20001220703125,122919,0.0,0.0,2021-09-23
403,2021-09-23 16:00:00+02:00,308.6000061035156,312.20001220703125,308.6000061035156,311.6000061035156,40215,0.0,0.0,2021-09-23
404,2021-09-23 17:00:00+02:00,311.3999938964844,311.3999938964844,310.20001220703125,310.20001220703125,98912,0.0,0.0,2021-09-23
405,2021-09-24 09:00:00+02:00,310.20001220703125,311.0,301.3999938964844,301.3999938964844,0,0.0,0.0,2021-09-24
406,2021-09-24 10:00:00+02:00,301.20001220703125,301.3999938964844,299.3999938964844,300.6000061035156,17070,0.0,0.0,2021-09-24
407,2021-09-24 11:00:00+02:00,300.6000061035156,301.3999938964844,300.0,300.20001220703125,17193,0.0,0.0,2021-09-24
408,2021-09-24 12:00:00+02:00,300.20001220703125,300.3999938964844,299.20001220703125,300.20001220703125,15137,0.0,0.0,2021-09-24
409,2021-09-24 13:00:00+02:00,300.0,300.6000061035156,299.3999938964844,300.6000061035156,17661,0.0,0.0,2021-09-24
410,2021-09-24 14:00:00+02:00,300.6000061035156,301.20001220703125,299.79998779296875,300.79998779296875,24082,0.0,0.0,2021-09-24
411,2021-09-24 15:00:00+02:00,301.0,301.3999938964844,300.0,301.0,32528,0.0,0.0,2021-09-24
412,2021-09-24 16:00:00+02:00,301.20001220703125,301.3999938964844,300.20001220703125,301.0,30245,0.0,0.0,2021-09-24
413,2021-09-24 17:00:00+02:00,300.79998779296875,301.6000061035156,300.3999938964844,300.79998779296875,76856,0.0,0.0,2021-09-24
414,2021-09-27 09:00:00+02:00,302.0,304.0,299.3999938964844,300.3999938964844,0,0.0,0.0,2021-09-27
415,2021-09-27 10:00:00+02:00,300.3999938964844,300.6000061035156,296.3999938964844,297.3999938964844,27730,0.0,0.0,2021-09-27
416,2021-09-27 11:00:00+02:00,297.6000061035156,298.20001220703125,296.79998779296875,297.0,91195,0.0,0.0,2021-09-27
417,2021-09-27 12:00:00+02:00,297.20001220703125,297.3999938964844,294.79998779296875,295.0,45968,0.0,0.0,2021-09-27
418,2021-09-27 13:00:00+02:00,295.0,297.6000061035156,294.6000061035156,296.0,34331,0.0,0.0,2021-09-27
419,2021-09-27 14:00:00+02:00,295.79998779296875,296.0,293.3999938964844,293.3999938964844,31712,0.0,0.0,2021-09-27
420,2021-09-27 15:00:00+02:00,293.20001220703125,295.0,292.79998779296875,294.3999938964844,58104,0.0,0.0,2021-09-27
421,2021-09-27 16:00:00+02:00,294.3999938964844,294.3999938964844,292.79998779296875,292.79998779296875,57618,0.0,0.0,2021-09-27
422,2021-09-27 17:00:00+02:00,292.79998779296875,293.79998779296875,292.79998779296875,293.79998779296875,170208,0.0,0.0,2021-09-27
423,2021-09-28 09:00:00+02:00,292.79998779296875,292.79998779296875,280.20001220703125,280.20001220703125,0,0.0,0.0,2021-09-28
424,2021-09-28 10:00:00+02:00,280.0,281.3999938964844,278.0,280.6000061035156,92689,0.0,0.0,2021-09-28
425,2021-09-28 11:00:00+02:00,280.3999938964844,280.6000061035156,274.79998779296875,275.20001220703125,50412,0.0,0.0,2021-09-28
426,2021-09-28 12:00:00+02:00,275.20001220703125,280.0,275.0,279.79998779296875,74573,0.0,0.0,2021-09-28
427,2021-09-28 13:00:00+02:00,279.6000061035156,279.6000061035156,278.20001220703125,278.79998779296875,27502,0.0,0.0,2021-09-28
428,2021-09-28 14:00:00+02:00,278.6000061035156,278.6000061035156,275.20001220703125,275.20001220703125,23014,0.0,0.0,2021-09-28
429,2021-09-28 15:00:00+02:00,275.3999938964844,277.0,274.20001220703125,274.6000061035156,66688,0.0,0.0,2021-09-28
430,2021-09-28 16:00:00+02:00,274.6000061035156,277.0,273.20001220703125,277.0,109500,0.0,0.0,2021-09-28
431,2021-09-28 17:00:00+02:00,277.0,277.0,275.79998779296875,276.20001220703125,189436,0.0,0.0,2021-09-28
432,2021-09-29 09:00:00+02:00,276.20001220703125,283.3999938964844,276.0,280.79998779296875,0,0.0,0.0,2021-09-29
433,2021-09-29 10:00:00+02:00,280.79998779296875,281.3999938964844,276.6000061035156,279.3999938964844,40801,0.0,0.0,2021-09-29
434,2021-09-29 11:00:00+02:00,279.3999938964844,280.3999938964844,278.6000061035156,279.20001220703125,22182,0.0,0.0,2021-09-29
435,2021-09-29 12:00:00+02:00,279.3999938964844,280.20001220703125,278.79998779296875,280.20001220703125,24724,0.0,0.0,2021-09-29
436,2021-09-29 13:00:00+02:00,280.3999938964844,280.3999938964844,277.20001220703125,277.20001220703125,31178,0.0,0.0,2021-09-29
437,2021-09-29 14:00:00+02:00,277.3999938964844,277.3999938964844,275.20001220703125,275.6000061035156,20683,0.0,0.0,2021-09-29
438,2021-09-29 15:00:00+02:00,275.3999938964844,276.20001220703125,273.79998779296875,274.6000061035156,52678,0.0,0.0,2021-09-29
439,2021-09-29 16:00:00+02:00,274.79998779296875,274.79998779296875,272.20001220703125,273.20001220703125,52664,0.0,0.0,2021-09-29
440,2021-09-29 17:00:00+02:00,273.20001220703125,274.79998779296875,273.20001220703125,273.6000061035156,136509,0.0,0.0,2021-09-29
441,2021-09-30 09:00:00+02:00,274.6000061035156,282.3999938964844,274.6000061035156,281.6000061035156,0,0.0,0.0,2021-09-30
442,2021-09-30 10:00:00+02:00,281.79998779296875,282.79998779296875,279.0,280.79998779296875,23804,0.0,0.0,2021-09-30
443,2021-09-30 11:00:00+02:00,281.0,281.0,277.3999938964844,279.3999938964844,22289,0.0,0.0,2021-09-30
444,2021-09-30 12:00:00+02:00,279.3999938964844,279.6000061035156,276.3999938964844,277.0,37084,0.0,0.0,2021-09-30
445,2021-09-30 13:00:00+02:00,277.0,277.20001220703125,274.79998779296875,276.0,38877,0.0,0.0,2021-09-30
446,2021-09-30 14:00:00+02:00,276.0,276.20001220703125,274.20001220703125,274.3999938964844,42700,0.0,0.0,2021-09-30
447,2021-09-30 15:00:00+02:00,274.20001220703125,277.0,273.0,276.6000061035156,90339,0.0,0.0,2021-09-30
448,2021-09-30 16:00:00+02:00,276.3999938964844,276.3999938964844,273.6000061035156,274.3999938964844,63412,0.0,0.0,2021-09-30
449,2021-09-30 17:00:00+02:00,274.3999938964844,274.6000061035156,273.20001220703125,273.79998779296875,192512,0.0,0.0,2021-09-30
450,2021-10-01 09:00:00+02:00,269.20001220703125,275.20001220703125,266.79998779296875,275.0,0,0.0,0.0,2021-10-01
451,2021-10-01 10:00:00+02:00,275.20001220703125,276.0,273.0,275.3999938964844,35491,0.0,0.0,2021-10-01
452,2021-10-01 11:00:00+02:00,275.79998779296875,278.0,275.6000061035156,278.0,12974,0.0,0.0,2021-10-01
453,2021-10-01 12:00:00+02:00,278.20001220703125,280.20001220703125,277.79998779296875,279.3999938964844,12994,0.0,0.0,2021-10-01
454,2021-10-01 13:00:00+02:00,279.79998779296875,282.20001220703125,279.79998779296875,281.79998779296875,59456,0.0,0.0,2021-10-01
455,2021-10-01 14:00:00+02:00,282.0,283.3999938964844,281.20001220703125,283.20001220703125,31594,0.0,0.0,2021-10-01
456,2021-10-01 15:00:00+02:00,283.20001220703125,283.79998779296875,282.3999938964844,283.20001220703125,31031,0.0,0.0,2021-10-01
457,2021-10-01 16:00:00+02:00,282.79998779296875,283.0,281.3999938964844,282.79998779296875,52911,0.0,0.0,2021-10-01
458,2021-10-01 17:00:00+02:00,282.79998779296875,283.20001220703125,282.0,282.3999938964844,117071,0.0,0.0,2021-10-01
459,2021-10-04 09:00:00+02:00,282.3999938964844,283.6000061035156,276.6000061035156,279.79998779296875,0,0.0,0.0,2021-10-04
460,2021-10-04 10:00:00+02:00,280.0,281.0,277.20001220703125,279.3999938964844,46599,0.0,0.0,2021-10-04
461,2021-10-04 11:00:00+02:00,279.6000061035156,281.0,279.3999938964844,280.0,21858,0.0,0.0,2021-10-04
462,2021-10-04 12:00:00+02:00,280.3999938964844,280.79998779296875,279.6000061035156,280.3999938964844,17247,0.0,0.0,2021-10-04
463,2021-10-04 13:00:00+02:00,280.3999938964844,280.3999938964844,279.20001220703125,280.0,17824,0.0,0.0,2021-10-04
464,2021-10-04 14:00:00+02:00,280.0,281.20001220703125,279.6000061035156,279.6000061035156,22491,0.0,0.0,2021-10-04
465,2021-10-04 15:00:00+02:00,279.6000061035156,280.20001220703125,277.79998779296875,278.79998779296875,31018,0.0,0.0,2021-10-04
466,2021-10-04 16:00:00+02:00,278.79998779296875,279.0,275.6000061035156,276.20001220703125,31960,0.0,0.0,2021-10-04
467,2021-10-04 17:00:00+02:00,276.0,276.79998779296875,275.79998779296875,276.0,113762,0.0,0.0,2021-10-04
468,2021-10-05 09:00:00+02:00,276.0,279.20001220703125,275.3999938964844,275.3999938964844,0,0.0,0.0,2021-10-05
469,2021-10-05 10:00:00+02:00,275.20001220703125,277.0,274.6000061035156,277.0,25403,0.0,0.0,2021-10-05
470,2021-10-05 11:00:00+02:00,277.20001220703125,278.20001220703125,276.79998779296875,278.0,28431,0.0,0.0,2021-10-05
471,2021-10-05 12:00:00+02:00,278.0,279.0,277.0,278.6000061035156,22449,0.0,0.0,2021-10-05
472,2021-10-05 13:00:00+02:00,278.6000061035156,278.79998779296875,277.79998779296875,278.0,19964,0.0,0.0,2021-10-05
473,2021-10-05 14:00:00+02:00,277.79998779296875,278.0,274.20001220703125,275.20001220703125,35161,0.0,0.0,2021-10-05
474,2021-10-05 15:00:00+02:00,275.0,275.20001220703125,273.0,273.3999938964844,57853,0.0,0.0,2021-10-05
475,2021-10-05 16:00:00+02:00,273.3999938964844,277.20001220703125,273.3999938964844,277.20001220703125,63688,0.0,0.0,2021-10-05
476,2021-10-05 17:00:00+02:00,277.20001220703125,278.6000061035156,277.0,278.6000061035156,122388,0.0,0.0,2021-10-05
477,2021-10-06 09:00:00+02:00,277.6000061035156,277.6000061035156,271.79998779296875,272.6000061035156,0,0.0,0.0,2021-10-06
478,2021-10-06 10:00:00+02:00,272.6000061035156,272.79998779296875,270.3999938964844,270.3999938964844,26729,0.0,0.0,2021-10-06
479,2021-10-06 11:00:00+02:00,270.3999938964844,272.20001220703125,269.3999938964844,271.79998779296875,35246,0.0,0.0,2021-10-06
480,2021-10-06 12:00:00+02:00,271.6000061035156,271.6000061035156,269.79998779296875,269.79998779296875,25941,0.0,0.0,2021-10-06
481,2021-10-06 13:00:00+02:00,270.20001220703125,271.79998779296875,269.6000061035156,271.79998779296875,43078,0.0,0.0,2021-10-06
482,2021-10-06 14:00:00+02:00,271.79998779296875,272.79998779296875,271.20001220703125,272.20001220703125,34825,0.0,0.0,2021-10-06
483,2021-10-06 15:00:00+02:00,272.0,274.20001220703125,272.0,273.3999938964844,61209,0.0,0.0,2021-10-06
484,2021-10-06 16:00:00+02:00,273.20001220703125,276.6000061035156,272.3999938964844,276.6000061035156,78773,0.0,0.0,2021-10-06
485,2021-10-06 17:00:00+02:00,276.6000061035156,277.20001220703125,274.79998779296875,275.79998779296875,117486,0.0,0.0,2021-10-06
486,2021-10-07 09:00:00+02:00,278.6000061035156,280.3999938964844,276.3999938964844,279.79998779296875,0,0.0,0.0,2021-10-07
487,2021-10-07 10:00:00+02:00,279.6000061035156,281.20001220703125,279.0,280.3999938964844,14814,0.0,0.0,2021-10-07
488,2021-10-07 11:00:00+02:00,280.3999938964844,281.0,279.6000061035156,280.0,16577,0.0,0.0,2021-10-07
489,2021-10-07 12:00:00+02:00,280.20001220703125,281.3999938964844,279.6000061035156,280.79998779296875,13015,0.0,0.0,2021-10-07
490,2021-10-07 13:00:00+02:00,281.0,282.20001220703125,280.6000061035156,282.0,19329,0.0,0.0,2021-10-07
491,2021-10-07 14:00:00+02:00,282.0,283.79998779296875,281.6000061035156,283.0,19314,0.0,0.0,2021-10-07
492,2021-10-07 15:00:00+02:00,283.20001220703125,285.6000061035156,282.3999938964844,285.0,38152,0.0,0.0,2021-10-07
493,2021-10-07 16:00:00+02:00,285.20001220703125,286.0,283.79998779296875,285.3999938964844,49330,0.0,0.0,2021-10-07
494,2021-10-07 17:00:00+02:00,285.6000061035156,287.20001220703125,285.6000061035156,285.79998779296875,98917,0.0,0.0,2021-10-07
495,2021-10-08 09:00:00+02:00,286.20001220703125,286.79998779296875,283.3999938964844,285.3999938964844,0,0.0,0.0,2021-10-08
496,2021-10-08 10:00:00+02:00,285.6000061035156,286.20001220703125,284.0,285.0,29188,0.0,0.0,2021-10-08
497,2021-10-08 11:00:00+02:00,285.0,285.3999938964844,283.3999938964844,285.3999938964844,16478,0.0,0.0,2021-10-08
498,2021-10-08 12:00:00+02:00,285.3999938964844,286.20001220703125,284.20001220703125,286.0,16557,0.0,0.0,2021-10-08
499,2021-10-08 13:00:00+02:00,286.20001220703125,286.20001220703125,284.6000061035156,284.6000061035156,17819,0.0,0.0,2021-10-08
500,2021-10-08 14:00:00+02:00,284.6000061035156,284.79998779296875,281.79998779296875,282.6000061035156,27426,0.0,0.0,2021-10-08
501,2021-10-08 15:00:00+02:00,282.79998779296875,283.20001220703125,280.79998779296875,281.6000061035156,25115,0.0,0.0,2021-10-08
502,2021-10-08 16:00:00+02:00,281.79998779296875,282.20001220703125,280.3999938964844,280.3999938964844,26719,0.0,0.0,2021-10-08
503,2021-10-08 17:00:00+02:00,280.6000061035156,281.79998779296875,280.3999938964844,281.79998779296875,107078,0.0,0.0,2021-10-08
504,2021-10-11 09:00:00+02:00,281.79998779296875,281.79998779296875,275.20001220703125,275.20001220703125,0,0.0,0.0,2021-10-11
505,2021-10-11 10:00:00+02:00,275.0,277.3999938964844,274.79998779296875,277.0,36685,0.0,0.0,2021-10-11
506,2021-10-11 11:00:00+02:00,277.20001220703125,279.0,277.20001220703125,277.79998779296875,21502,0.0,0.0,2021-10-11
507,2021-10-11 12:00:00+02:00,277.6000061035156,277.79998779296875,276.20001220703125,276.79998779296875,29649,0.0,0.0,2021-10-11
508,2021-10-11 13:00:00+02:00,276.79998779296875,278.0,276.3999938964844,277.20001220703125,17658,0.0,0.0,2021-10-11
509,2021-10-11 14:00:00+02:00,277.0,277.0,275.0,275.79998779296875,23280,0.0,0.0,2021-10-11
510,2021-10-11 15:00:00+02:00,276.0,277.0,275.6000061035156,276.79998779296875,72593,0.0,0.0,2021-10-11
511,2021-10-11 16:00:00+02:00,277.0,277.79998779296875,276.6000061035156,277.3999938964844,114291,0.0,0.0,2021-10-11
512,2021-10-11 17:00:00+02:00,277.20001220703125,278.79998779296875,276.6000061035156,278.79998779296875,201244,0.0,0.0,2021-10-11
513,2021-10-12 09:00:00+02:00,276.79998779296875,283.79998779296875,274.3999938964844,283.20001220703125,0,0.0,0.0,2021-10-12
514,2021-10-12 10:00:00+02:00,283.3999938964844,284.6000061035156,282.79998779296875,284.0,32798,0.0,0.0,2021-10-12
515,2021-10-12 11:00:00+02:00,284.0,285.3999938964844,284.0,285.20001220703125,90867,0.0,0.0,2021-10-12
516,2021-10-12 12:00:00+02:00,285.20001220703125,286.0,284.6000061035156,285.20001220703125,47453,0.0,0.0,2021-10-12
517,2021-10-12 13:00:00+02:00,285.20001220703125,286.0,285.20001220703125,285.79998779296875,31566,0.0,0.0,2021-10-12
518,2021-10-12 14:00:00+02:00,285.79998779296875,287.79998779296875,285.79998779296875,286.20001220703125,81763,0.0,0.0,2021-10-12
519,2021-10-12 15:00:00+02:00,286.0,286.6000061035156,284.79998779296875,286.0,40805,0.0,0.0,2021-10-12
520,2021-10-12 16:00:00+02:00,286.20001220703125,289.0,286.20001220703125,288.0,53719,0.0,0.0,2021-10-12
521,2021-10-12 17:00:00+02:00,288.0,291.3999938964844,288.0,290.3999938964844,100444,0.0,0.0,2021-10-12
522,2021-10-13 09:00:00+02:00,290.79998779296875,292.79998779296875,287.3999938964844,291.3999938964844,0,0.0,0.0,2021-10-13
523,2021-10-13 10:00:00+02:00,291.3999938964844,298.0,291.3999938964844,298.0,29823,0.0,0.0,2021-10-13
524,2021-10-13 11:00:00+02:00,297.79998779296875,299.0,296.6000061035156,298.20001220703125,48077,0.0,0.0,2021-10-13
525,2021-10-13 12:00:00+02:00,298.3999938964844,298.6000061035156,296.3999938964844,297.6000061035156,29776,0.0,0.0,2021-10-13
526,2021-10-13 13:00:00+02:00,297.79998779296875,299.0,297.3999938964844,298.79998779296875,16507,0.0,0.0,2021-10-13
527,2021-10-13 14:00:00+02:00,298.3999938964844,298.6000061035156,296.6000061035156,297.79998779296875,22292,0.0,0.0,2021-10-13
528,2021-10-13 15:00:00+02:00,298.0,302.0,297.6000061035156,301.79998779296875,58103,0.0,0.0,2021-10-13
529,2021-10-13 16:00:00+02:00,301.6000061035156,301.79998779296875,299.0,299.20001220703125,53971,0.0,0.0,2021-10-13
530,2021-10-13 17:00:00+02:00,299.6000061035156,302.20001220703125,299.6000061035156,301.6000061035156,133712,0.0,0.0,2021-10-13
531,2021-10-14 09:00:00+02:00,303.79998779296875,307.3999938964844,302.0,306.79998779296875,0,0.0,0.0,2021-10-14
532,2021-10-14 10:00:00+02:00,307.20001220703125,309.0,305.0,308.6000061035156,57071,0.0,0.0,2021-10-14
533,2021-10-14 11:00:00+02:00,308.6000061035156,308.79998779296875,307.0,308.0,34862,0.0,0.0,2021-10-14
534,2021-10-14 12:00:00+02:00,307.79998779296875,310.0,307.0,309.3999938964844,31487,0.0,0.0,2021-10-14
535,2021-10-14 13:00:00+02:00,309.6000061035156,311.6000061035156,309.0,311.6000061035156,27580,0.0,0.0,2021-10-14
536,2021-10-14 14:00:00+02:00,311.3999938964844,312.0,310.6000061035156,311.3999938964844,27261,0.0,0.0,2021-10-14
537,2021-10-14 15:00:00+02:00,311.6000061035156,312.3999938964844,311.0,312.0,57294,0.0,0.0,2021-10-14
538,2021-10-14 16:00:00+02:00,312.0,312.20001220703125,310.20001220703125,311.0,115153,0.0,0.0,2021-10-14
539,2021-10-14 17:00:00+02:00,311.0,311.79998779296875,310.79998779296875,311.6000061035156,172235,0.0,0.0,2021-10-14
540,2021-10-15 09:00:00+02:00,314.79998779296875,315.0,311.3999938964844,313.0,0,0.0,0.0,2021-10-15
541,2021-10-15 10:00:00+02:00,313.3999938964844,317.0,313.3999938964844,315.79998779296875,45751,0.0,0.0,2021-10-15
542,2021-10-15 11:00:00+02:00,315.79998779296875,317.79998779296875,315.6000061035156,317.79998779296875,37976,0.0,0.0,2021-10-15
543,2021-10-15 12:00:00+02:00,317.6000061035156,318.20001220703125,316.79998779296875,318.20001220703125,25634,0.0,0.0,2021-10-15
544,2021-10-15 13:00:00+02:00,318.0,318.3999938964844,317.0,317.79998779296875,20376,0.0,0.0,2021-10-15
545,2021-10-15 14:00:00+02:00,317.79998779296875,319.0,317.20001220703125,318.3999938964844,22829,0.0,0.0,2021-10-15
546,2021-10-15 15:00:00+02:00,318.20001220703125,318.79998779296875,316.3999938964844,318.3999938964844,44696,0.0,0.0,2021-10-15
547,2021-10-15 16:00:00+02:00,318.6000061035156,320.6000061035156,318.6000061035156,320.6000061035156,48525,0.0,0.0,2021-10-15
548,2021-10-15 17:00:00+02:00,320.6000061035156,321.3999938964844,320.3999938964844,320.79998779296875,249582,0.0,0.0,2021-10-15
549,2021-10-18 09:00:00+02:00,319.20001220703125,323.20001220703125,317.20001220703125,323.0,0,0.0,0.0,2021-10-18
550,2021-10-18 10:00:00+02:00,322.79998779296875,324.20001220703125,321.20001220703125,322.20001220703125,26504,0.0,0.0,2021-10-18
551,2021-10-18 11:00:00+02:00,322.3999938964844,322.6000061035156,321.0,321.6000061035156,33408,0.0,0.0,2021-10-18
552,2021-10-18 12:00:00+02:00,321.6000061035156,322.79998779296875,321.0,322.20001220703125,21718,0.0,0.0,2021-10-18
553,2021-10-18 13:00:00+02:00,322.0,322.6000061035156,321.3999938964844,321.79998779296875,18553,0.0,0.0,2021-10-18
554,2021-10-18 14:00:00+02:00,321.79998779296875,322.6000061035156,321.3999938964844,321.6000061035156,29551,0.0,0.0,2021-10-18
555,2021-10-18 15:00:00+02:00,321.6000061035156,324.20001220703125,321.3999938964844,324.0,38567,0.0,0.0,2021-10-18
556,2021-10-18 16:00:00+02:00,323.79998779296875,323.79998779296875,322.3999938964844,323.3999938964844,66140,0.0,0.0,2021-10-18
557,2021-10-18 17:00:00+02:00,323.20001220703125,324.6000061035156,323.0,323.3999938964844,139278,0.0,0.0,2021-10-18
558,2021-10-19 09:00:00+02:00,322.0,327.79998779296875,322.0,324.0,0,0.0,0.0,2021-10-19
559,2021-10-19 10:00:00+02:00,323.79998779296875,325.0,320.79998779296875,321.20001220703125,25732,0.0,0.0,2021-10-19
560,2021-10-19 11:00:00+02:00,321.3999938964844,324.0,321.20001220703125,323.79998779296875,12365,0.0,0.0,2021-10-19
561,2021-10-19 12:00:00+02:00,323.6000061035156,325.6000061035156,323.3999938964844,325.6000061035156,10950,0.0,0.0,2021-10-19
562,2021-10-19 13:00:00+02:00,325.3999938964844,325.6000061035156,324.0,324.79998779296875,19054,0.0,0.0,2021-10-19
563,2021-10-19 14:00:00+02:00,325.0,325.3999938964844,324.3999938964844,325.0,9279,0.0,0.0,2021-10-19
564,2021-10-19 15:00:00+02:00,324.6000061035156,325.6000061035156,323.20001220703125,323.6000061035156,29963,0.0,0.0,2021-10-19
565,2021-10-19 16:00:00+02:00,323.79998779296875,325.20001220703125,323.79998779296875,324.3999938964844,42644,0.0,0.0,2021-10-19
566,2021-10-19 17:00:00+02:00,324.0,324.79998779296875,323.6000061035156,324.3999938964844,97144,0.0,0.0,2021-10-19
567,2021-10-20 09:00:00+02:00,324.20001220703125,325.0,321.0,324.20001220703125,0,0.0,0.0,2021-10-20
568,2021-10-20 10:00:00+02:00,324.20001220703125,325.0,323.0,323.79998779296875,22950,0.0,0.0,2021-10-20
569,2021-10-20 11:00:00+02:00,323.6000061035156,324.79998779296875,322.79998779296875,324.20001220703125,23261,0.0,0.0,2021-10-20
570,2021-10-20 12:00:00+02:00,324.20001220703125,325.6000061035156,323.3999938964844,325.20001220703125,16990,0.0,0.0,2021-10-20
571,2021-10-20 13:00:00+02:00,325.3999938964844,325.6000061035156,324.20001220703125,325.20001220703125,22303,0.0,0.0,2021-10-20
572,2021-10-20 14:00:00+02:00,325.6000061035156,327.79998779296875,325.6000061035156,326.3999938964844,25365,0.0,0.0,2021-10-20
573,2021-10-20 15:00:00+02:00,326.20001220703125,327.3999938964844,318.79998779296875,318.79998779296875,106892,0.0,0.0,2021-10-20
574,2021-10-20 16:00:00+02:00,319.20001220703125,323.0,319.20001220703125,322.3999938964844,56534,0.0,0.0,2021-10-20
575,2021-10-20 17:00:00+02:00,322.20001220703125,324.0,321.79998779296875,324.0,116781,0.0,0.0,2021-10-20
576,2021-10-21 09:00:00+02:00,322.79998779296875,327.20001220703125,320.20001220703125,325.0,0,0.0,0.0,2021-10-21
577,2021-10-21 10:00:00+02:00,324.79998779296875,325.79998779296875,323.79998779296875,324.79998779296875,33932,0.0,0.0,2021-10-21
578,2021-10-21 11:00:00+02:00,325.0,329.0,324.79998779296875,328.3999938964844,91952,0.0,0.0,2021-10-21
579,2021-10-21 12:00:00+02:00,328.3999938964844,329.3999938964844,327.3999938964844,329.20001220703125,19385,0.0,0.0,2021-10-21
580,2021-10-21 13:00:00+02:00,329.3999938964844,330.0,328.3999938964844,328.3999938964844,13385,0.0,0.0,2021-10-21
581,2021-10-21 14:00:00+02:00,328.3999938964844,329.3999938964844,328.3999938964844,328.79998779296875,21464,0.0,0.0,2021-10-21
582,2021-10-21 15:00:00+02:00,328.79998779296875,329.3999938964844,328.20001220703125,329.3999938964844,31247,0.0,0.0,2021-10-21
583,2021-10-21 16:00:00+02:00,329.3999938964844,329.3999938964844,328.3999938964844,328.79998779296875,43076,0.0,0.0,2021-10-21
584,2021-10-21 17:00:00+02:00,328.79998779296875,329.20001220703125,328.20001220703125,329.20001220703125,128674,0.0,0.0,2021-10-21
585,2021-10-22 09:00:00+02:00,330.6000061035156,331.0,326.3999938964844,328.79998779296875,0,0.0,0.0,2021-10-22
586,2021-10-22 10:00:00+02:00,328.79998779296875,330.20001220703125,327.6000061035156,328.0,21188,0.0,0.0,2021-10-22
587,2021-10-22 11:00:00+02:00,328.0,329.3999938964844,327.6000061035156,329.3999938964844,11638,0.0,0.0,2021-10-22
588,2021-10-22 12:00:00+02:00,329.20001220703125,330.6000061035156,329.0,329.79998779296875,15044,0.0,0.0,2021-10-22
589,2021-10-22 13:00:00+02:00,330.0,332.6000061035156,330.0,332.20001220703125,13363,0.0,0.0,2021-10-22
590,2021-10-22 14:00:00+02:00,332.3999938964844,333.79998779296875,331.79998779296875,333.0,20082,0.0,0.0,2021-10-22
591,2021-10-22 15:00:00+02:00,332.6000061035156,333.3999938964844,330.3999938964844,333.20001220703125,73076,0.0,0.0,2021-10-22
592,2021-10-22 16:00:00+02:00,333.3999938964844,334.79998779296875,331.3999938964844,334.3999938964844,50571,0.0,0.0,2021-10-22
593,2021-10-22 17:00:00+02:00,334.79998779296875,334.79998779296875,331.6000061035156,332.79998779296875,152552,0.0,0.0,2021-10-22
594,2021-10-25 09:00:00+02:00,334.79998779296875,335.79998779296875,331.20001220703125,334.6000061035156,0,0.0,0.0,2021-10-25
595,2021-10-25 10:00:00+02:00,334.6000061035156,335.79998779296875,333.20001220703125,335.3999938964844,23242,0.0,0.0,2021-10-25
596,2021-10-25 11:00:00+02:00,335.6000061035156,336.79998779296875,334.6000061035156,335.0,17889,0.0,0.0,2021-10-25
597,2021-10-25 12:00:00+02:00,335.20001220703125,336.20001220703125,334.20001220703125,336.20001220703125,16317,0.0,0.0,2021-10-25
598,2021-10-25 13:00:00+02:00,336.6000061035156,336.6000061035156,334.3999938964844,335.3999938964844,18387,0.0,0.0,2021-10-25
599,2021-10-25 14:00:00+02:00,335.0,335.0,334.0,334.6000061035156,18821,0.0,0.0,2021-10-25
600,2021-10-25 15:00:00+02:00,334.79998779296875,335.0,333.0,333.0,24638,0.0,0.0,2021-10-25
601,2021-10-25 16:00:00+02:00,333.20001220703125,334.20001220703125,332.79998779296875,333.6000061035156,27733,0.0,0.0,2021-10-25
602,2021-10-25 17:00:00+02:00,333.3999938964844,334.3999938964844,333.3999938964844,334.3999938964844,95174,0.0,0.0,2021-10-25
603,2021-10-26 09:00:00+02:00,333.79998779296875,339.3999938964844,332.79998779296875,337.3999938964844,0,0.0,0.0,2021-10-26
604,2021-10-26 10:00:00+02:00,337.0,339.3999938964844,336.0,338.79998779296875,22728,0.0,0.0,2021-10-26
605,2021-10-26 11:00:00+02:00,338.79998779296875,339.3999938964844,336.79998779296875,339.20001220703125,24925,0.0,0.0,2021-10-26
606,2021-10-26 12:00:00+02:00,339.0,339.0,335.0,335.79998779296875,19081,0.0,0.0,2021-10-26
607,2021-10-26 13:00:00+02:00,336.0,336.0,335.20001220703125,336.0,16152,0.0,0.0,2021-10-26
608,2021-10-26 14:00:00+02:00,336.0,336.6000061035156,334.0,334.20001220703125,127532,0.0,0.0,2021-10-26
609,2021-10-26 15:00:00+02:00,334.0,336.6000061035156,334.0,336.6000061035156,24178,0.0,0.0,2021-10-26
610,2021-10-26 16:00:00+02:00,336.6000061035156,336.79998779296875,335.0,336.3999938964844,21242,0.0,0.0,2021-10-26
611,2021-10-26 17:00:00+02:00,336.6000061035156,337.0,335.79998779296875,336.79998779296875,98186,0.0,0.0,2021-10-26
612,2021-10-27 09:00:00+02:00,336.6000061035156,343.20001220703125,335.79998779296875,342.0,0,0.0,0.0,2021-10-27
613,2021-10-27 10:00:00+02:00,342.0,343.20001220703125,338.20001220703125,339.3999938964844,41542,0.0,0.0,2021-10-27
614,2021-10-27 11:00:00+02:00,339.3999938964844,341.0,338.0,340.79998779296875,30512,0.0,0.0,2021-10-27
615,2021-10-27 12:00:00+02:00,340.79998779296875,341.3999938964844,339.20001220703125,339.20001220703125,15319,0.0,0.0,2021-10-27
616,2021-10-27 13:00:00+02:00,339.3999938964844,340.79998779296875,338.6000061035156,340.0,22148,0.0,0.0,2021-10-27
617,2021-10-27 14:00:00+02:00,340.0,342.0,339.79998779296875,341.79998779296875,23022,0.0,0.0,2021-10-27
618,2021-10-27 15:00:00+02:00,341.6000061035156,341.6000061035156,339.20001220703125,340.79998779296875,51522,0.0,0.0,2021-10-27
619,2021-10-27 16:00:00+02:00,340.79998779296875,340.79998779296875,336.3999938964844,337.0,58509,0.0,0.0,2021-10-27
620,2021-10-27 17:00:00+02:00,337.20001220703125,338.3999938964844,337.20001220703125,337.79998779296875,135879,0.0,0.0,2021-10-27
621,2021-10-28 09:00:00+02:00,332.20001220703125,342.20001220703125,332.20001220703125,340.20001220703125,0,0.0,0.0,2021-10-28
622,2021-10-28 10:00:00+02:00,340.0,341.6000061035156,338.6000061035156,339.6000061035156,39440,0.0,0.0,2021-10-28
623,2021-10-28 11:00:00+02:00,339.3999938964844,340.3999938964844,338.6000061035156,338.6000061035156,23428,0.0,0.0,2021-10-28
624,2021-10-28 12:00:00+02:00,339.20001220703125,340.0,338.79998779296875,339.6000061035156,15728,0.0,0.0,2021-10-28
625,2021-10-28 13:00:00+02:00,339.3999938964844,339.6000061035156,334.79998779296875,338.3999938964844,77281,0.0,0.0,2021-10-28
626,2021-10-28 14:00:00+02:00,338.3999938964844,339.0,337.20001220703125,337.79998779296875,23525,0.0,0.0,2021-10-28
627,2021-10-28 15:00:00+02:00,337.79998779296875,340.0,337.6000061035156,339.3999938964844,26507,0.0,0.0,2021-10-28
628,2021-10-28 16:00:00+02:00,339.3999938964844,340.79998779296875,339.20001220703125,340.0,53834,0.0,0.0,2021-10-28
629,2021-10-28 17:00:00+02:00,339.79998779296875,340.20001220703125,339.6000061035156,340.0,202958,0.0,0.0,2021-10-28
630,2021-10-29 09:00:00+02:00,338.0,344.0,338.0,339.79998779296875,0,0.0,0.0,2021-10-29
631,2021-10-29 10:00:00+02:00,340.0,341.3999938964844,334.6000061035156,334.6000061035156,43776,0.0,0.0,2021-10-29
632,2021-10-29 11:00:00+02:00,334.6000061035156,335.3999938964844,332.0,333.79998779296875,31664,0.0,0.0,2021-10-29
633,2021-10-29 12:00:00+02:00,333.79998779296875,334.3999938964844,331.79998779296875,333.3999938964844,30584,0.0,0.0,2021-10-29
634,2021-10-29 13:00:00+02:00,333.3999938964844,333.3999938964844,330.20001220703125,332.20001220703125,22402,0.0,0.0,2021-10-29
635,2021-10-29 14:00:00+02:00,332.0,334.0,331.6000061035156,333.3999938964844,15251,0.0,0.0,2021-10-29
636,2021-10-29 15:00:00+02:00,333.6000061035156,335.0,332.79998779296875,335.0,21536,0.0,0.0,2021-10-29
637,2021-10-29 16:00:00+02:00,334.79998779296875,337.6000061035156,334.79998779296875,336.20001220703125,30715,0.0,0.0,2021-10-29
638,2021-10-29 17:00:00+02:00,336.0,337.79998779296875,335.6000061035156,336.0,136078,0.0,0.0,2021-10-29
639,2021-11-01 09:00:00+01:00,336.0,341.6000061035156,336.0,341.0,0,0.0,0.0,2021-11-01
640,2021-11-01 10:00:00+01:00,340.79998779296875,341.0,337.3999938964844,338.79998779296875,50110,0.0,0.0,2021-11-01
641,2021-11-01 11:00:00+01:00,338.6000061035156,340.0,338.6000061035156,339.3999938964844,32562,0.0,0.0,2021-11-01
642,2021-11-01 12:00:00+01:00,339.6000061035156,339.6000061035156,338.0,338.0,23400,0.0,0.0,2021-11-01
643,2021-11-01 13:00:00+01:00,338.3999938964844,338.79998779296875,336.6000061035156,337.0,24488,0.0,0.0,2021-11-01
644,2021-11-01 14:00:00+01:00,337.20001220703125,337.20001220703125,336.0,336.79998779296875,39617,0.0,0.0,2021-11-01
645,2021-11-01 15:00:00+01:00,337.0,337.3999938964844,336.20001220703125,336.79998779296875,36365,0.0,0.0,2021-11-01
646,2021-11-01 16:00:00+01:00,336.6000061035156,337.20001220703125,336.3999938964844,336.79998779296875,55701,0.0,0.0,2021-11-01
647,2021-11-01 17:00:00+01:00,336.79998779296875,338.20001220703125,336.20001220703125,338.20001220703125,159238,0.0,0.0,2021-11-01
648,2021-11-02 09:00:00+01:00,339.0,340.79998779296875,335.3999938964844,339.3999938964844,0,0.0,0.0,2021-11-02
649,2021-11-02 10:00:00+01:00,339.6000061035156,340.0,338.79998779296875,339.3999938964844,14297,0.0,0.0,2021-11-02
650,2021-11-02 11:00:00+01:00,339.6000061035156,340.79998779296875,339.20001220703125,340.79998779296875,19409,0.0,0.0,2021-11-02
651,2021-11-02 12:00:00+01:00,340.6000061035156,341.6000061035156,340.3999938964844,341.3999938964844,54199,0.0,0.0,2021-11-02
652,2021-11-02 13:00:00+01:00,341.6000061035156,342.0,340.6000061035156,340.6000061035156,33285,0.0,0.0,2021-11-02
653,2021-11-02 14:00:00+01:00,340.3999938964844,340.79998779296875,339.79998779296875,340.20001220703125,56574,0.0,0.0,2021-11-02
654,2021-11-02 15:00:00+01:00,340.3999938964844,340.3999938964844,339.6000061035156,339.79998779296875,20806,0.0,0.0,2021-11-02
655,2021-11-02 16:00:00+01:00,339.79998779296875,340.3999938964844,339.20001220703125,340.20001220703125,24630,0.0,0.0,2021-11-02
656,2021-11-02 17:00:00+01:00,340.20001220703125,340.20001220703125,339.3999938964844,339.6000061035156,91030,0.0,0.0,2021-11-02
657,2021-11-03 09:00:00+01:00,339.6000061035156,342.0,338.79998779296875,341.79998779296875,0,0.0,0.0,2021-11-03
658,2021-11-03 10:00:00+01:00,341.79998779296875,342.0,340.3999938964844,340.3999938964844,24555,0.0,0.0,2021-11-03
659,2021-11-03 11:00:00+01:00,340.6000061035156,340.79998779296875,338.79998779296875,338.79998779296875,20556,0.0,0.0,2021-11-03
660,2021-11-03 12:00:00+01:00,338.79998779296875,339.6000061035156,338.20001220703125,339.3999938964844,9532,0.0,0.0,2021-11-03
661,2021-11-03 13:00:00+01:00,339.6000061035156,341.20001220703125,339.6000061035156,340.6000061035156,12582,0.0,0.0,2021-11-03
662,2021-11-03 14:00:00+01:00,340.3999938964844,340.79998779296875,340.0,340.3999938964844,18342,0.0,0.0,2021-11-03
663,2021-11-03 15:00:00+01:00,340.20001220703125,340.79998779296875,338.79998779296875,340.3999938964844,36354,0.0,0.0,2021-11-03
664,2021-11-03 16:00:00+01:00,340.3999938964844,340.3999938964844,340.0,340.3999938964844,29984,0.0,0.0,2021-11-03
665,2021-11-03 17:00:00+01:00,340.20001220703125,340.3999938964844,340.0,340.0,137873,0.0,0.0,2021-11-03
666,2021-11-04 09:00:00+01:00,342.3999938964844,347.0,339.79998779296875,340.0,0,0.0,0.0,2021-11-04
667,2021-11-04 10:00:00+01:00,339.79998779296875,341.6000061035156,338.79998779296875,340.79998779296875,33413,0.0,0.0,2021-11-04
668,2021-11-04 11:00:00+01:00,341.0,341.3999938964844,340.20001220703125,340.3999938964844,61595,0.0,0.0,2021-11-04
669,2021-11-04 12:00:00+01:00,340.6000061035156,341.6000061035156,340.20001220703125,340.20001220703125,45190,0.0,0.0,2021-11-04
670,2021-11-04 13:00:00+01:00,340.3999938964844,341.3999938964844,339.6000061035156,341.3999938964844,18985,0.0,0.0,2021-11-04
671,2021-11-04 14:00:00+01:00,341.3999938964844,344.20001220703125,340.0,343.3999938964844,131854,0.0,0.0,2021-11-04
672,2021-11-04 15:00:00+01:00,343.79998779296875,346.20001220703125,343.79998779296875,345.79998779296875,22290,0.0,0.0,2021-11-04
673,2021-11-04 16:00:00+01:00,346.0,347.3999938964844,345.3999938964844,347.20001220703125,52794,0.0,0.0,2021-11-04
674,2021-11-04 17:00:00+01:00,347.20001220703125,347.79998779296875,347.0,347.6000061035156,124289,0.0,0.0,2021-11-04
675,2021-11-05 09:00:00+01:00,351.20001220703125,352.6000061035156,347.6000061035156,351.20001220703125,0,0.0,0.0,2021-11-05
676,2021-11-05 10:00:00+01:00,350.79998779296875,352.0,350.6000061035156,351.79998779296875,16100,0.0,0.0,2021-11-05
677,2021-11-05 11:00:00+01:00,352.0,354.3999938964844,352.0,353.3999938964844,21262,0.0,0.0,2021-11-05
678,2021-11-05 12:00:00+01:00,353.3999938964844,353.79998779296875,350.20001220703125,352.3999938964844,75785,0.0,0.0,2021-11-05
679,2021-11-08 09:00:00+01:00,351.20001220703125,352.3999938964844,347.20001220703125,348.79998779296875,0,0.0,0.0,2021-11-08
680,2021-11-08 10:00:00+01:00,348.6000061035156,350.6000061035156,348.20001220703125,350.3999938964844,21023,0.0,0.0,2021-11-08
681,2021-11-08 11:00:00+01:00,350.3999938964844,351.3999938964844,349.3999938964844,350.0,18279,0.0,0.0,2021-11-08
682,2021-11-08 12:00:00+01:00,350.20001220703125,350.79998779296875,348.0,350.79998779296875,13970,0.0,0.0,2021-11-08
683,2021-11-08 13:00:00+01:00,350.79998779296875,352.0,350.0,350.3999938964844,18648,0.0,0.0,2021-11-08
684,2021-11-08 14:00:00+01:00,350.0,352.3999938964844,350.0,352.3999938964844,15589,0.0,0.0,2021-11-08
685,2021-11-08 15:00:00+01:00,352.6000061035156,354.0,350.20001220703125,351.3999938964844,27370,0.0,0.0,2021-11-08
686,2021-11-08 16:00:00+01:00,351.3999938964844,352.6000061035156,350.79998779296875,352.6000061035156,19556,0.0,0.0,2021-11-08
687,2021-11-08 17:00:00+01:00,352.3999938964844,354.20001220703125,352.20001220703125,354.0,167740,0.0,0.0,2021-11-08
688,2021-11-09 09:00:00+01:00,355.0,360.20001220703125,354.6000061035156,358.0,0,0.0,0.0,2021-11-09
689,2021-11-09 10:00:00+01:00,358.3999938964844,358.79998779296875,357.6000061035156,358.0,55030,0.0,0.0,2021-11-09
690,2021-11-09 11:00:00+01:00,357.79998779296875,358.6000061035156,356.0,357.6000061035156,14672,0.0,0.0,2021-11-09
691,2021-11-09 12:00:00+01:00,358.0,358.20001220703125,356.79998779296875,357.20001220703125,16343,0.0,0.0,2021-11-09
692,2021-11-09 13:00:00+01:00,357.3999938964844,358.0,356.79998779296875,357.0,11356,0.0,0.0,2021-11-09
693,2021-11-09 14:00:00+01:00,357.0,357.3999938964844,356.0,356.79998779296875,12454,0.0,0.0,2021-11-09
694,2021-11-09 15:00:00+01:00,356.79998779296875,357.20001220703125,356.3999938964844,356.79998779296875,34986,0.0,0.0,2021-11-09
695,2021-11-09 16:00:00+01:00,356.3999938964844,356.3999938964844,355.20001220703125,356.0,32461,0.0,0.0,2021-11-09
696,2021-11-09 17:00:00+01:00,356.0,356.3999938964844,355.6000061035156,356.3999938964844,138878,0.0,0.0,2021-11-09
697,2021-11-10 09:00:00+01:00,356.3999938964844,358.3999938964844,355.3999938964844,355.6000061035156,0,0.0,0.0,2021-11-10
698,2021-11-10 10:00:00+01:00,355.79998779296875,357.0,354.0,354.0,41010,0.0,0.0,2021-11-10
699,2021-11-10 11:00:00+01:00,354.20001220703125,355.20001220703125,350.3999938964844,350.3999938964844,16616,0.0,0.0,2021-11-10
700,2021-11-10 12:00:00+01:00,350.3999938964844,352.3999938964844,350.3999938964844,351.20001220703125,17752,0.0,0.0,2021-11-10
701,2021-11-10 13:00:00+01:00,351.3999938964844,353.20001220703125,351.0,352.6000061035156,18506,0.0,0.0,2021-11-10
702,2021-11-10 14:00:00+01:00,352.3999938964844,353.79998779296875,351.3999938964844,351.79998779296875,34807,0.0,0.0,2021-11-10
703,2021-11-10 15:00:00+01:00,351.6000061035156,352.79998779296875,350.79998779296875,352.3999938964844,23572,0.0,0.0,2021-11-10
704,2021-11-10 16:00:00+01:00,352.3999938964844,354.3999938964844,352.0,353.79998779296875,20994,0.0,0.0,2021-11-10
705,2021-11-10 17:00:00+01:00,353.79998779296875,354.0,352.79998779296875,353.20001220703125,77834,0.0,0.0,2021-11-10
706,2021-11-11 09:00:00+01:00,353.6000061035156,354.0,351.79998779296875,352.79998779296875,0,0.0,0.0,2021-11-11
707,2021-11-11 10:00:00+01:00,353.0,355.79998779296875,351.6000061035156,352.6000061035156,43278,0.0,0.0,2021-11-11
708,2021-11-11 11:00:00+01:00,352.6000061035156,355.79998779296875,352.20001220703125,355.0,37485,0.0,0.0,2021-11-11
709,2021-11-11 12:00:00+01:00,355.0,355.0,353.6000061035156,354.20001220703125,15320,0.0,0.0,2021-11-11
710,2021-11-11 13:00:00+01:00,354.0,354.20001220703125,353.20001220703125,353.6000061035156,10452,0.0,0.0,2021-11-11
711,2021-11-11 14:00:00+01:00,353.79998779296875,353.79998779296875,352.6000061035156,353.0,18923,0.0,0.0,2021-11-11
712,2021-11-11 15:00:00+01:00,352.79998779296875,354.0,352.6000061035156,352.79998779296875,22414,0.0,0.0,2021-11-11
713,2021-11-11 16:00:00+01:00,353.0,353.20001220703125,352.20001220703125,352.6000061035156,24160,0.0,0.0,2021-11-11
714,2021-11-11 17:00:00+01:00,352.6000061035156,354.0,352.6000061035156,354.0,95913,0.0,0.0,2021-11-11
715,2021-11-12 09:00:00+01:00,354.6000061035156,357.3999938964844,352.3999938964844,353.0,0,0.0,0.0,2021-11-12
716,2021-11-12 10:00:00+01:00,353.0,354.6000061035156,352.6000061035156,353.79998779296875,29390,0.0,0.0,2021-11-12
717,2021-11-12 11:00:00+01:00,354.0,354.6000061035156,353.0,354.0,21968,0.0,0.0,2021-11-12
718,2021-11-12 12:00:00+01:00,354.0,355.20001220703125,353.79998779296875,355.20001220703125,21262,0.0,0.0,2021-11-12
719,2021-11-12 13:00:00+01:00,355.20001220703125,356.79998779296875,354.79998779296875,356.79998779296875,20118,0.0,0.0,2021-11-12
720,2021-11-12 14:00:00+01:00,356.79998779296875,356.79998779296875,353.3999938964844,354.20001220703125,40685,0.0,0.0,2021-11-12
721,2021-11-12 15:00:00+01:00,354.6000061035156,357.3999938964844,354.20001220703125,357.0,39463,0.0,0.0,2021-11-12
722,2021-11-12 16:00:00+01:00,357.3999938964844,360.20001220703125,357.3999938964844,359.3999938964844,49327,0.0,0.0,2021-11-12
723,2021-11-12 17:00:00+01:00,359.3999938964844,360.6000061035156,359.20001220703125,360.20001220703125,134489,0.0,0.0,2021-11-12
724,2021-11-15 09:00:00+01:00,360.3999938964844,364.79998779296875,358.79998779296875,364.0,0,0.0,0.0,2021-11-15
725,2021-11-15 10:00:00+01:00,364.20001220703125,365.20001220703125,362.79998779296875,364.6000061035156,34290,0.0,0.0,2021-11-15
726,2021-11-15 11:00:00+01:00,365.0,366.79998779296875,365.0,366.79998779296875,19433,0.0,0.0,2021-11-15
727,2021-11-15 12:00:00+01:00,366.6000061035156,366.79998779296875,365.3999938964844,366.0,15261,0.0,0.0,2021-11-15
728,2021-11-15 13:00:00+01:00,366.0,366.0,364.3999938964844,365.3999938964844,17399,0.0,0.0,2021-11-15
729,2021-11-15 14:00:00+01:00,365.3999938964844,366.20001220703125,364.6000061035156,364.79998779296875,19704,0.0,0.0,2021-11-15
730,2021-11-15 15:00:00+01:00,364.79998779296875,365.79998779296875,363.20001220703125,365.3999938964844,18885,0.0,0.0,2021-11-15
731,2021-11-15 16:00:00+01:00,365.6000061035156,366.20001220703125,364.6000061035156,366.20001220703125,24609,0.0,0.0,2021-11-15
732,2021-11-15 17:00:00+01:00,366.20001220703125,367.3999938964844,365.79998779296875,367.3999938964844,140655,0.0,0.0,2021-11-15
733,2021-11-16 09:00:00+01:00,367.3999938964844,371.3999938964844,365.79998779296875,370.79998779296875,0,0.0,0.0,2021-11-16
734,2021-11-16 10:00:00+01:00,370.6000061035156,370.6000061035156,368.6000061035156,369.0,17949,0.0,0.0,2021-11-16
735,2021-11-16 11:00:00+01:00,369.0,372.6000061035156,368.79998779296875,372.3999938964844,17923,0.0,0.0,2021-11-16
736,2021-11-16 12:00:00+01:00,372.20001220703125,374.20001220703125,372.0,373.20001220703125,32668,0.0,0.0,2021-11-16
737,2021-11-16 13:00:00+01:00,373.20001220703125,374.0,372.6000061035156,373.6000061035156,17090,0.0,0.0,2021-11-16
738,2021-11-16 14:00:00+01:00,373.6000061035156,376.0,373.6000061035156,375.79998779296875,25387,0.0,0.0,2021-11-16
739,2021-11-16 15:00:00+01:00,376.0,377.3999938964844,374.79998779296875,377.3999938964844,30601,0.0,0.0,2021-11-16
740,2021-11-16 16:00:00+01:00,377.20001220703125,378.6000061035156,375.79998779296875,378.3999938964844,23262,0.0,0.0,2021-11-16
741,2021-11-16 17:00:00+01:00,378.6000061035156,379.3999938964844,378.3999938964844,378.3999938964844,98485,0.0,0.0,2021-11-16
742,2021-11-17 09:00:00+01:00,378.0,383.3999938964844,375.3999938964844,383.20001220703125,0,0.0,0.0,2021-11-17
743,2021-11-17 10:00:00+01:00,383.3999938964844,384.20001220703125,382.0,382.79998779296875,45936,0.0,0.0,2021-11-17
744,2021-11-17 11:00:00+01:00,383.0,385.6000061035156,383.0,384.20001220703125,41490,0.0,0.0,2021-11-17
745,2021-11-17 12:00:00+01:00,384.3999938964844,385.3999938964844,384.20001220703125,385.20001220703125,30761,0.0,0.0,2021-11-17
746,2021-11-17 13:00:00+01:00,385.20001220703125,385.20001220703125,381.3999938964844,382.0,35388,0.0,0.0,2021-11-17
747,2021-11-17 14:00:00+01:00,382.0,382.20001220703125,380.20001220703125,380.6000061035156,28435,0.0,0.0,2021-11-17
748,2021-11-17 15:00:00+01:00,380.79998779296875,381.20001220703125,379.79998779296875,380.6000061035156,42886,0.0,0.0,2021-11-17
749,2021-11-17 16:00:00+01:00,380.79998779296875,381.20001220703125,380.0,380.6000061035156,51085,0.0,0.0,2021-11-17
750,2021-11-17 17:00:00+01:00,380.3999938964844,380.79998779296875,380.0,380.3999938964844,124068,0.0,0.0,2021-11-17
751,2021-11-18 09:00:00+01:00,380.6000061035156,384.3999938964844,380.6000061035156,380.6000061035156,0,0.0,0.0,2021-11-18
752,2021-11-18 10:00:00+01:00,380.79998779296875,382.79998779296875,380.20001220703125,380.20001220703125,21690,0.0,0.0,2021-11-18
753,2021-11-18 11:00:00+01:00,380.3999938964844,381.79998779296875,380.3999938964844,381.6000061035156,42464,0.0,0.0,2021-11-18
754,2021-11-18 12:00:00+01:00,381.3999938964844,382.0,379.20001220703125,379.3999938964844,29364,0.0,0.0,2021-11-18
755,2021-11-18 13:00:00+01:00,379.6000061035156,379.79998779296875,379.20001220703125,379.20001220703125,23757,0.0,0.0,2021-11-18
756,2021-11-18 14:00:00+01:00,379.20001220703125,380.20001220703125,379.0,379.3999938964844,37849,0.0,0.0,2021-11-18
757,2021-11-18 15:00:00+01:00,379.3999938964844,379.79998779296875,379.0,379.79998779296875,62105,0.0,0.0,2021-11-18
758,2021-11-18 16:00:00+01:00,379.79998779296875,380.0,379.0,379.3999938964844,39209,0.0,0.0,2021-11-18
759,2021-11-18 17:00:00+01:00,379.6000061035156,380.0,379.3999938964844,380.0,147894,0.0,0.0,2021-11-18
760,2021-11-19 09:00:00+01:00,381.3999938964844,382.20001220703125,379.0,381.3999938964844,0,0.0,0.0,2021-11-19
761,2021-11-19 10:00:00+01:00,381.3999938964844,382.3999938964844,380.6000061035156,380.6000061035156,89674,0.0,0.0,2021-11-19
762,2021-11-19 11:00:00+01:00,380.6000061035156,382.6000061035156,379.6000061035156,382.6000061035156,31751,0.0,0.0,2021-11-19
763,2021-11-19 12:00:00+01:00,382.6000061035156,382.6000061035156,380.79998779296875,381.20001220703125,16170,0.0,0.0,2021-11-19
764,2021-11-19 13:00:00+01:00,381.20001220703125,382.0,380.6000061035156,381.0,13047,0.0,0.0,2021-11-19
765,2021-11-19 14:00:00+01:00,381.0,381.20001220703125,380.0,380.3999938964844,18192,0.0,0.0,2021-11-19
766,2021-11-19 15:00:00+01:00,380.3999938964844,381.3999938964844,379.0,380.6000061035156,51993,0.0,0.0,2021-11-19
767,2021-11-19 16:00:00+01:00,380.3999938964844,381.20001220703125,379.6000061035156,380.79998779296875,27312,0.0,0.0,2021-11-19
768,2021-11-19 17:00:00+01:00,380.3999938964844,381.3999938964844,380.0,380.0,106332,0.0,0.0,2021-11-19
769,2021-11-22 09:00:00+01:00,380.6000061035156,383.0,380.0,381.3999938964844,0,0.0,0.0,2021-11-22
770,2021-11-22 10:00:00+01:00,381.3999938964844,382.79998779296875,380.6000061035156,380.6000061035156,29404,0.0,0.0,2021-11-22
771,2021-11-22 11:00:00+01:00,380.6000061035156,381.20001220703125,379.0,379.0,30686,0.0,0.0,2021-11-22
772,2021-11-22 12:00:00+01:00,378.6000061035156,378.6000061035156,377.20001220703125,377.6000061035156,18792,0.0,0.0,2021-11-22
773,2021-11-22 13:00:00+01:00,377.3999938964844,377.3999938964844,374.79998779296875,376.6000061035156,20218,0.0,0.0,2021-11-22
774,2021-11-22 14:00:00+01:00,376.3999938964844,377.79998779296875,375.6000061035156,376.3999938964844,27119,0.0,0.0,2021-11-22
775,2021-11-22 15:00:00+01:00,376.20001220703125,377.79998779296875,374.6000061035156,376.20001220703125,33827,0.0,0.0,2021-11-22
776,2021-11-22 16:00:00+01:00,376.6000061035156,377.3999938964844,373.3999938964844,373.3999938964844,33472,0.0,0.0,2021-11-22
777,2021-11-22 17:00:00+01:00,373.79998779296875,373.79998779296875,369.79998779296875,370.6000061035156,88005,0.0,0.0,2021-11-22
778,2021-11-23 09:00:00+01:00,368.20001220703125,368.20001220703125,361.79998779296875,366.79998779296875,0,0.0,0.0,2021-11-23
779,2021-11-23 10:00:00+01:00,367.0,367.3999938964844,364.6000061035156,366.6000061035156,33040,0.0,0.0,2021-11-23
780,2021-11-23 11:00:00+01:00,366.3999938964844,367.20001220703125,364.79998779296875,365.0,42152,0.0,0.0,2021-11-23
781,2021-11-23 12:00:00+01:00,365.0,367.3999938964844,364.3999938964844,366.3999938964844,17494,0.0,0.0,2021-11-23
782,2021-11-23 13:00:00+01:00,366.0,366.0,364.3999938964844,364.6000061035156,21598,0.0,0.0,2021-11-23
783,2021-11-23 14:00:00+01:00,364.79998779296875,365.3999938964844,363.3999938964844,363.79998779296875,14437,0.0,0.0,2021-11-23
784,2021-11-23 15:00:00+01:00,364.0,365.0,363.20001220703125,364.3999938964844,49253,0.0,0.0,2021-11-23
785,2021-11-23 16:00:00+01:00,364.20001220703125,364.3999938964844,359.79998779296875,360.20001220703125,34623,0.0,0.0,2021-11-23
786,2021-11-23 17:00:00+01:00,360.20001220703125,360.79998779296875,358.6000061035156,358.6000061035156,143301,0.0,0.0,2021-11-23
787,2021-11-24 09:00:00+01:00,359.6000061035156,364.20001220703125,359.6000061035156,361.79998779296875,0,0.0,0.0,2021-11-24
788,2021-11-24 10:00:00+01:00,362.0,362.20001220703125,356.20001220703125,356.20001220703125,67701,0.0,0.0,2021-11-24
789,2021-11-24 11:00:00+01:00,356.0,360.20001220703125,355.79998779296875,358.79998779296875,35412,0.0,0.0,2021-11-24
790,2021-11-24 12:00:00+01:00,358.3999938964844,360.0,357.6000061035156,358.3999938964844,61936,0.0,0.0,2021-11-24
791,2021-11-24 13:00:00+01:00,358.6000061035156,362.0,358.20001220703125,361.20001220703125,37251,0.0,0.0,2021-11-24
792,2021-11-24 14:00:00+01:00,361.20001220703125,361.6000061035156,359.0,359.3999938964844,27665,0.0,0.0,2021-11-24
793,2021-11-24 15:00:00+01:00,359.6000061035156,361.3999938964844,359.0,360.3999938964844,55749,0.0,0.0,2021-11-24
794,2021-11-24 16:00:00+01:00,360.6000061035156,363.79998779296875,360.6000061035156,361.20001220703125,235349,0.0,0.0,2021-11-24
795,2021-11-24 17:00:00+01:00,361.0,361.6000061035156,360.0,360.6000061035156,156520,0.0,0.0,2021-11-24
796,2021-11-25 09:00:00+01:00,364.79998779296875,371.0,364.0,371.0,0,0.0,0.0,2021-11-25
797,2021-11-25 10:00:00+01:00,371.0,373.0,370.6000061035156,372.3999938964844,52396,0.0,0.0,2021-11-25
798,2021-11-25 11:00:00+01:00,372.20001220703125,374.6000061035156,370.3999938964844,370.3999938964844,59014,0.0,0.0,2021-11-25
799,2021-11-25 12:00:00+01:00,370.20001220703125,370.6000061035156,369.0,370.0,35429,0.0,0.0,2021-11-25
800,2021-11-25 13:00:00+01:00,370.20001220703125,374.20001220703125,370.20001220703125,374.0,35208,0.0,0.0,2021-11-25
801,2021-11-25 14:00:00+01:00,374.20001220703125,375.0,372.20001220703125,373.0,29173,0.0,0.0,2021-11-25
802,2021-11-25 15:00:00+01:00,372.79998779296875,377.3999938964844,371.79998779296875,377.0,49866,0.0,0.0,2021-11-25
803,2021-11-25 16:00:00+01:00,376.6000061035156,376.6000061035156,372.79998779296875,373.0,27653,0.0,0.0,2021-11-25
804,2021-11-25 17:00:00+01:00,373.0,374.20001220703125,372.0,374.20001220703125,91885,0.0,0.0,2021-11-25
805,2021-11-26 09:00:00+01:00,365.0,370.6000061035156,360.0,370.20001220703125,0,0.0,0.0,2021-11-26
806,2021-11-26 10:00:00+01:00,370.0,374.3999938964844,369.79998779296875,373.79998779296875,54157,0.0,0.0,2021-11-26
807,2021-11-26 11:00:00+01:00,373.6000061035156,376.0,371.3999938964844,372.3999938964844,48838,0.0,0.0,2021-11-26
808,2021-11-26 12:00:00+01:00,372.3999938964844,374.79998779296875,368.79998779296875,369.6000061035156,141143,0.0,0.0,2021-11-26
809,2021-11-26 13:00:00+01:00,369.79998779296875,370.79998779296875,367.3999938964844,368.0,41158,0.0,0.0,2021-11-26
810,2021-11-26 14:00:00+01:00,367.79998779296875,369.0,366.0,368.20001220703125,30259,0.0,0.0,2021-11-26
811,2021-11-26 15:00:00+01:00,368.6000061035156,370.0,366.79998779296875,369.6000061035156,74224,0.0,0.0,2021-11-26
812,2021-11-26 16:00:00+01:00,369.6000061035156,369.6000061035156,364.6000061035156,365.6000061035156,61967,0.0,0.0,2021-11-26
813,2021-11-26 17:00:00+01:00,365.6000061035156,365.6000061035156,361.20001220703125,362.6000061035156,177131,0.0,0.0,2021-11-26
814,2021-11-29 09:00:00+01:00,370.0,371.79998779296875,363.79998779296875,368.6000061035156,0,0.0,0.0,2021-11-29
815,2021-11-29 10:00:00+01:00,369.20001220703125,372.79998779296875,369.0,370.79998779296875,70152,0.0,0.0,2021-11-29
816,2021-11-29 11:00:00+01:00,370.79998779296875,370.79998779296875,367.6000061035156,369.0,50507,0.0,0.0,2021-11-29
817,2021-11-29 12:00:00+01:00,369.0,369.0,366.6000061035156,367.0,60994,0.0,0.0,2021-11-29
818,2021-11-29 13:00:00+01:00,366.3999938964844,367.0,365.6000061035156,366.79998779296875,48724,0.0,0.0,2021-11-29
819,2021-11-29 14:00:00+01:00,366.6000061035156,366.6000061035156,365.3999938964844,366.0,42931,0.0,0.0,2021-11-29
820,2021-11-29 15:00:00+01:00,366.0,368.0,365.20001220703125,367.6000061035156,71417,0.0,0.0,2021-11-29
821,2021-11-29 16:00:00+01:00,367.3999938964844,368.79998779296875,365.0,365.79998779296875,76421,0.0,0.0,2021-11-29
822,2021-11-29 17:00:00+01:00,365.79998779296875,366.3999938964844,364.79998779296875,365.20001220703125,262485,0.0,0.0,2021-11-29
823,2021-11-30 09:00:00+01:00,365.20001220703125,367.79998779296875,355.79998779296875,357.6000061035156,0,0.0,0.0,2021-11-30
824,2021-11-30 10:00:00+01:00,357.20001220703125,357.3999938964844,350.6000061035156,352.20001220703125,105768,0.0,0.0,2021-11-30
825,2021-11-30 11:00:00+01:00,352.3999938964844,353.0,350.79998779296875,352.0,67228,0.0,0.0,2021-11-30
826,2021-11-30 12:00:00+01:00,352.0,352.0,350.20001220703125,351.6000061035156,63362,0.0,0.0,2021-11-30
827,2021-11-30 13:00:00+01:00,351.79998779296875,353.0,350.6000061035156,352.79998779296875,43707,0.0,0.0,2021-11-30
828,2021-11-30 14:00:00+01:00,352.6000061035156,355.6000061035156,351.3999938964844,355.6000061035156,64363,0.0,0.0,2021-11-30
829,2021-11-30 15:00:00+01:00,355.3999938964844,364.0,355.3999938964844,364.0,109331,0.0,0.0,2021-11-30
830,2021-11-30 16:00:00+01:00,363.6000061035156,363.6000061035156,356.0,357.0,136763,0.0,0.0,2021-11-30
831,2021-11-30 17:00:00+01:00,355.6000061035156,358.6000061035156,353.20001220703125,353.20001220703125,8157078,0.0,0.0,2021-11-30
832,2021-12-01 09:00:00+01:00,353.3999938964844,354.3999938964844,347.3999938964844,352.20001220703125,0,0.0,0.0,2021-12-01
833,2021-12-01 10:00:00+01:00,352.0,356.79998779296875,351.3999938964844,356.0,28893,0.0,0.0,2021-12-01
834,2021-12-01 11:00:00+01:00,356.0,356.20001220703125,352.79998779296875,353.20001220703125,13333,0.0,0.0,2021-12-01
835,2021-12-01 12:00:00+01:00,353.0,353.3999938964844,352.3999938964844,353.3999938964844,15471,0.0,0.0,2021-12-01
836,2021-12-01 13:00:00+01:00,353.20001220703125,353.6000061035156,352.3999938964844,353.0,15549,0.0,0.0,2021-12-01
837,2021-12-01 14:00:00+01:00,353.3999938964844,353.79998779296875,352.3999938964844,353.6000061035156,17020,0.0,0.0,2021-12-01
838,2021-12-01 15:00:00+01:00,353.20001220703125,357.20001220703125,352.3999938964844,357.20001220703125,53130,0.0,0.0,2021-12-01
839,2021-12-01 16:00:00+01:00,356.6000061035156,356.6000061035156,352.6000061035156,353.6000061035156,36400,0.0,0.0,2021-12-01
840,2021-12-01 17:00:00+01:00,353.20001220703125,354.0,352.6000061035156,354.0,179490,0.0,0.0,2021-12-01
841,2021-12-02 09:00:00+01:00,351.0,353.79998779296875,349.3999938964844,353.6000061035156,0,0.0,0.0,2021-12-02
842,2021-12-02 10:00:00+01:00,353.3999938964844,353.6000061035156,350.79998779296875,353.3999938964844,57619,0.0,0.0,2021-12-02
843,2021-12-02 11:00:00+01:00,353.6000061035156,354.20001220703125,351.0,352.3999938964844,35747,0.0,0.0,2021-12-02
844,2021-12-02 12:00:00+01:00,352.6000061035156,352.6000061035156,351.0,351.79998779296875,27892,0.0,0.0,2021-12-02
845,2021-12-02 13:00:00+01:00,351.79998779296875,351.79998779296875,348.6000061035156,349.20001220703125,25871,0.0,0.0,2021-12-02
846,2021-12-02 14:00:00+01:00,349.20001220703125,349.20001220703125,344.79998779296875,345.79998779296875,65074,0.0,0.0,2021-12-02
847,2021-12-02 15:00:00+01:00,345.79998779296875,350.6000061035156,345.0,350.0,90047,0.0,0.0,2021-12-02
848,2021-12-02 16:00:00+01:00,349.79998779296875,349.79998779296875,344.79998779296875,348.0,71574,0.0,0.0,2021-12-02
849,2021-12-02 17:00:00+01:00,347.79998779296875,350.6000061035156,347.20001220703125,350.6000061035156,196359,0.0,0.0,2021-12-02
850,2021-12-03 09:00:00+01:00,353.6000061035156,358.0,348.3999938964844,348.79998779296875,0,0.0,0.0,2021-12-03
851,2021-12-03 10:00:00+01:00,349.3999938964844,351.6000061035156,349.0,350.20001220703125,40630,0.0,0.0,2021-12-03
852,2021-12-03 11:00:00+01:00,350.0,350.6000061035156,349.3999938964844,349.3999938964844,20211,0.0,0.0,2021-12-03
853,2021-12-03 12:00:00+01:00,349.6000061035156,350.3999938964844,349.6000061035156,350.0,22161,0.0,0.0,2021-12-03
854,2021-12-03 13:00:00+01:00,350.20001220703125,350.3999938964844,348.79998779296875,349.0,20708,0.0,0.0,2021-12-03
855,2021-12-03 14:00:00+01:00,349.20001220703125,350.0,348.3999938964844,349.20001220703125,40701,0.0,0.0,2021-12-03
856,2021-12-03 15:00:00+01:00,349.20001220703125,349.6000061035156,346.20001220703125,346.3999938964844,45514,0.0,0.0,2021-12-03
857,2021-12-03 16:00:00+01:00,346.6000061035156,346.6000061035156,341.3999938964844,341.6000061035156,44489,0.0,0.0,2021-12-03
858,2021-12-03 17:00:00+01:00,341.3999938964844,341.3999938964844,339.6000061035156,340.0,180694,0.0,0.0,2021-12-03
859,2021-12-06 09:00:00+01:00,344.3999938964844,349.20001220703125,344.3999938964844,345.6000061035156,0,0.0,0.0,2021-12-06
860,2021-12-06 10:00:00+01:00,346.0,346.20001220703125,341.6000061035156,341.6000061035156,25177,0.0,0.0,2021-12-06
861,2021-12-06 11:00:00+01:00,341.6000061035156,341.6000061035156,337.79998779296875,338.20001220703125,41693,0.0,0.0,2021-12-06
862,2021-12-06 12:00:00+01:00,338.3999938964844,339.3999938964844,338.0,339.20001220703125,15868,0.0,0.0,2021-12-06
863,2021-12-06 13:00:00+01:00,339.3999938964844,341.6000061035156,337.79998779296875,341.6000061035156,23324,0.0,0.0,2021-12-06
864,2021-12-06 14:00:00+01:00,341.3999938964844,343.0,339.3999938964844,339.79998779296875,22924,0.0,0.0,2021-12-06
865,2021-12-06 15:00:00+01:00,339.79998779296875,342.20001220703125,339.3999938964844,340.6000061035156,38322,0.0,0.0,2021-12-06
866,2021-12-06 16:00:00+01:00,340.6000061035156,340.6000061035156,339.20001220703125,339.3999938964844,27916,0.0,0.0,2021-12-06
867,2021-12-06 17:00:00+01:00,339.6000061035156,339.6000061035156,338.0,339.0,132192,0.0,0.0,2021-12-06
868,2021-12-07 09:00:00+01:00,339.0,346.0,339.0,343.79998779296875,0,0.0,0.0,2021-12-07
869,2021-12-07 10:00:00+01:00,344.0,345.3999938964844,343.0,343.0,32215,0.0,0.0,2021-12-07
870,2021-12-07 11:00:00+01:00,343.0,344.3999938964844,342.20001220703125,343.79998779296875,26403,0.0,0.0,2021-12-07
871,2021-12-07 12:00:00+01:00,344.0,345.0,343.6000061035156,344.3999938964844,20213,0.0,0.0,2021-12-07
872,2021-12-07 13:00:00+01:00,344.3999938964844,346.0,343.79998779296875,345.6000061035156,33505,0.0,0.0,2021-12-07
873,2021-12-07 14:00:00+01:00,345.3999938964844,346.79998779296875,345.0,346.20001220703125,30455,0.0,0.0,2021-12-07
874,2021-12-07 15:00:00+01:00,346.3999938964844,349.20001220703125,346.3999938964844,349.0,44316,0.0,0.0,2021-12-07
875,2021-12-07 16:00:00+01:00,349.0,349.0,345.6000061035156,346.0,73546,0.0,0.0,2021-12-07
876,2021-12-07 17:00:00+01:00,346.0,346.6000061035156,344.79998779296875,346.3999938964844,188816,0.0,0.0,2021-12-07
877,2021-12-08 09:00:00+01:00,347.0,351.6000061035156,345.0,349.3999938964844,0,0.0,0.0,2021-12-08
878,2021-12-08 10:00:00+01:00,349.6000061035156,349.6000061035156,344.6000061035156,346.20001220703125,27089,0.0,0.0,2021-12-08
879,2021-12-08 11:00:00+01:00,346.6000061035156,346.6000061035156,345.0,345.3999938964844,31663,0.0,0.0,2021-12-08
880,2021-12-08 12:00:00+01:00,345.3999938964844,346.0,344.3999938964844,344.6000061035156,26334,0.0,0.0,2021-12-08
881,2021-12-08 13:00:00+01:00,344.79998779296875,345.20001220703125,343.79998779296875,344.6000061035156,26665,0.0,0.0,2021-12-08
882,2021-12-08 14:00:00+01:00,344.6000061035156,351.3999938964844,343.20001220703125,343.20001220703125,29511,0.0,0.0,2021-12-08
883,2021-12-08 15:00:00+01:00,343.3999938964844,344.3999938964844,341.6000061035156,344.3999938964844,21819,0.0,0.0,2021-12-08
884,2021-12-08 16:00:00+01:00,344.20001220703125,344.20001220703125,342.0,342.0,19142,0.0,0.0,2021-12-08
885,2021-12-08 17:00:00+01:00,342.20001220703125,343.20001220703125,340.6000061035156,342.0,251397,0.0,0.0,2021-12-08
886,2021-12-09 09:00:00+01:00,333.0,339.3999938964844,332.20001220703125,337.79998779296875,0,0.0,0.0,2021-12-09
887,2021-12-09 10:00:00+01:00,337.79998779296875,338.20001220703125,335.3999938964844,336.20001220703125,30634,0.0,0.0,2021-12-09
888,2021-12-09 11:00:00+01:00,336.20001220703125,336.6000061035156,334.3999938964844,334.79998779296875,21771,0.0,0.0,2021-12-09
889,2021-12-09 12:00:00+01:00,334.79998779296875,335.0,332.0,332.0,14632,0.0,0.0,2021-12-09
890,2021-12-09 13:00:00+01:00,332.20001220703125,332.3999938964844,331.0,331.0,25475,0.0,0.0,2021-12-09
891,2021-12-09 14:00:00+01:00,331.0,332.0,331.0,331.3999938964844,10664,0.0,0.0,2021-12-09
892,2021-12-09 15:00:00+01:00,331.3999938964844,331.3999938964844,327.0,327.0,40792,0.0,0.0,2021-12-09
893,2021-12-09 16:00:00+01:00,326.79998779296875,326.79998779296875,320.6000061035156,326.0,397285,0.0,0.0,2021-12-09
894,2021-12-09 17:00:00+01:00,326.0,327.3999938964844,325.6000061035156,326.0,184341,0.0,0.0,2021-12-09
895,2021-12-10 09:00:00+01:00,324.0,326.0,316.79998779296875,317.6000061035156,0,0.0,0.0,2021-12-10
896,2021-12-10 10:00:00+01:00,317.79998779296875,318.79998779296875,316.6000061035156,317.79998779296875,48760,0.0,0.0,2021-12-10
897,2021-12-10 11:00:00+01:00,317.79998779296875,318.3999938964844,317.3999938964844,317.79998779296875,27254,0.0,0.0,2021-12-10
898,2021-12-10 12:00:00+01:00,317.79998779296875,318.3999938964844,317.20001220703125,318.0,22647,0.0,0.0,2021-12-10
899,2021-12-10 13:00:00+01:00,317.79998779296875,317.79998779296875,315.0,315.20001220703125,14695,0.0,0.0,2021-12-10
900,2021-12-10 14:00:00+01:00,315.0,317.20001220703125,314.3999938964844,315.79998779296875,39304,0.0,0.0,2021-12-10
901,2021-12-10 15:00:00+01:00,315.79998779296875,316.6000061035156,314.3999938964844,314.3999938964844,33802,0.0,0.0,2021-12-10
902,2021-12-10 16:00:00+01:00,314.79998779296875,316.0,314.20001220703125,315.6000061035156,33810,0.0,0.0,2021-12-10
903,2021-12-10 17:00:00+01:00,315.6000061035156,315.79998779296875,314.79998779296875,315.79998779296875,135379,0.0,0.0,2021-12-10
904,2021-12-13 09:00:00+01:00,315.6000061035156,317.6000061035156,312.6000061035156,314.3999938964844,0,0.0,0.0,2021-12-13
905,2021-12-13 10:00:00+01:00,314.0,318.6000061035156,314.0,317.79998779296875,19580,0.0,0.0,2021-12-13
906,2021-12-13 11:00:00+01:00,317.3999938964844,318.3999938964844,316.6000061035156,316.6000061035156,14196,0.0,0.0,2021-12-13
907,2021-12-13 12:00:00+01:00,316.6000061035156,317.0,314.3999938964844,314.3999938964844,11883,0.0,0.0,2021-12-13
908,2021-12-13 13:00:00+01:00,314.0,314.0,312.20001220703125,312.79998779296875,13846,0.0,0.0,2021-12-13
909,2021-12-13 14:00:00+01:00,312.79998779296875,313.20001220703125,312.0,312.3999938964844,9190,0.0,0.0,2021-12-13
910,2021-12-13 15:00:00+01:00,312.3999938964844,313.20001220703125,311.0,311.0,29733,0.0,0.0,2021-12-13
911,2021-12-13 16:00:00+01:00,311.0,312.0,308.0,308.6000061035156,46586,0.0,0.0,2021-12-13
912,2021-12-13 17:00:00+01:00,308.79998779296875,310.0,308.3999938964844,309.3999938964844,140198,0.0,0.0,2021-12-13
913,2021-12-14 09:00:00+01:00,309.6000061035156,311.6000061035156,309.3999938964844,309.6000061035156,0,0.0,0.0,2021-12-14
914,2021-12-14 10:00:00+01:00,309.3999938964844,310.0,306.3999938964844,306.3999938964844,24301,0.0,0.0,2021-12-14
915,2021-12-14 11:00:00+01:00,306.79998779296875,306.79998779296875,304.3999938964844,305.20001220703125,29472,0.0,0.0,2021-12-14
916,2021-12-14 12:00:00+01:00,305.3999938964844,305.79998779296875,304.3999938964844,304.3999938964844,24550,0.0,0.0,2021-12-14
917,2021-12-14 13:00:00+01:00,304.3999938964844,305.0,302.6000061035156,303.0,16128,0.0,0.0,2021-12-14
918,2021-12-14 14:00:00+01:00,303.20001220703125,303.3999938964844,300.6000061035156,300.79998779296875,35524,0.0,0.0,2021-12-14
919,2021-12-14 15:00:00+01:00,300.79998779296875,301.3999938964844,299.0,299.20001220703125,25777,0.0,0.0,2021-12-14
920,2021-12-14 16:00:00+01:00,299.0,299.0,296.0,296.0,33850,0.0,0.0,2021-12-14
921,2021-12-14 17:00:00+01:00,296.0,296.20001220703125,294.20001220703125,294.20001220703125,0,0.0,0.0,2021-12-14
922,2021-12-15 09:00:00+01:00,296.79998779296875,302.3999938964844,296.79998779296875,299.0,54706,0.0,0.0,2021-12-15
923,2021-12-15 10:00:00+01:00,298.79998779296875,300.20001220703125,298.20001220703125,298.79998779296875,25044,0.0,0.0,2021-12-15
924,2021-12-15 11:00:00+01:00,299.0,300.20001220703125,297.3999938964844,297.3999938964844,12584,0.0,0.0,2021-12-15
925,2021-12-15 12:00:00+01:00,297.6000061035156,298.6000061035156,296.79998779296875,298.20001220703125,21973,0.0,0.0,2021-12-15
926,2021-12-15 13:00:00+01:00,298.20001220703125,298.79998779296875,297.79998779296875,298.6000061035156,17929,0.0,0.0,2021-12-15
927,2021-12-15 14:00:00+01:00,298.6000061035156,299.3999938964844,297.6000061035156,297.6000061035156,17170,0.0,0.0,2021-12-15
928,2021-12-15 15:00:00+01:00,298.0,298.79998779296875,294.20001220703125,294.3999938964844,27683,0.0,0.0,2021-12-15
929,2021-12-15 16:00:00+01:00,294.6000061035156,298.0,294.3999938964844,297.6000061035156,27004,0.0,0.0,2021-12-15
930,2021-12-15 17:00:00+01:00,298.0,299.6000061035156,297.79998779296875,299.20001220703125,130854,0.0,0.0,2021-12-15
931,2021-12-16 09:00:00+01:00,304.0,305.79998779296875,302.20001220703125,302.6000061035156,0,0.0,0.0,2021-12-16
932,2021-12-16 10:00:00+01:00,302.3999938964844,302.3999938964844,298.6000061035156,300.20001220703125,28098,0.0,0.0,2021-12-16
933,2021-12-16 11:00:00+01:00,300.20001220703125,302.20001220703125,299.79998779296875,302.0,32732,0.0,0.0,2021-12-16
934,2021-12-16 12:00:00+01:00,302.20001220703125,304.6000061035156,302.0,304.0,18742,0.0,0.0,2021-12-16
935,2021-12-16 13:00:00+01:00,303.79998779296875,305.0,302.79998779296875,303.3999938964844,26867,0.0,0.0,2021-12-16
936,2021-12-16 14:00:00+01:00,303.3999938964844,304.0,302.6000061035156,303.20001220703125,16583,0.0,0.0,2021-12-16
937,2021-12-16 15:00:00+01:00,303.0,304.79998779296875,303.0,303.79998779296875,29959,0.0,0.0,2021-12-16
938,2021-12-16 16:00:00+01:00,303.79998779296875,306.20001220703125,303.20001220703125,305.20001220703125,46913,0.0,0.0,2021-12-16
939,2021-12-16 17:00:00+01:00,305.20001220703125,305.79998779296875,304.79998779296875,305.0,218285,0.0,0.0,2021-12-16
940,2021-12-17 09:00:00+01:00,303.6000061035156,308.0,303.20001220703125,304.79998779296875,0,0.0,0.0,2021-12-17
941,2021-12-17 10:00:00+01:00,304.6000061035156,304.6000061035156,299.20001220703125,299.20001220703125,26777,0.0,0.0,2021-12-17
942,2021-12-17 11:00:00+01:00,299.20001220703125,299.20001220703125,294.79998779296875,295.79998779296875,62143,0.0,0.0,2021-12-17
943,2021-12-17 12:00:00+01:00,295.79998779296875,297.20001220703125,294.0,297.0,34460,0.0,0.0,2021-12-17
944,2021-12-17 13:00:00+01:00,297.20001220703125,297.20001220703125,295.0,295.0,19675,0.0,0.0,2021-12-17
945,2021-12-17 14:00:00+01:00,295.0,298.3999938964844,295.0,297.79998779296875,66683,0.0,0.0,2021-12-17
946,2021-12-17 15:00:00+01:00,298.20001220703125,302.0,297.79998779296875,302.0,21814,0.0,0.0,2021-12-17
947,2021-12-17 16:00:00+01:00,302.20001220703125,305.20001220703125,300.6000061035156,304.79998779296875,36854,0.0,0.0,2021-12-17
948,2021-12-17 17:00:00+01:00,304.79998779296875,306.6000061035156,304.0,304.0,939433,0.0,0.0,2021-12-17
949,2021-12-20 09:00:00+01:00,300.20001220703125,305.3999938964844,296.0,305.0,0,0.0,0.0,2021-12-20
950,2021-12-20 10:00:00+01:00,304.79998779296875,305.20001220703125,301.79998779296875,302.6000061035156,23871,0.0,0.0,2021-12-20
951,2021-12-20 11:00:00+01:00,302.79998779296875,303.6000061035156,301.79998779296875,302.79998779296875,13357,0.0,0.0,2021-12-20
952,2021-12-20 12:00:00+01:00,303.0,303.0,301.20001220703125,302.79998779296875,16814,0.0,0.0,2021-12-20
953,2021-12-20 13:00:00+01:00,302.6000061035156,302.6000061035156,301.0,301.79998779296875,15447,0.0,0.0,2021-12-20
954,2021-12-20 14:00:00+01:00,301.6000061035156,302.0,300.79998779296875,301.20001220703125,13161,0.0,0.0,2021-12-20
955,2021-12-20 15:00:00+01:00,301.3999938964844,302.0,300.3999938964844,301.0,24834,0.0,0.0,2021-12-20
956,2021-12-20 16:00:00+01:00,301.0,301.6000061035156,299.3999938964844,299.3999938964844,20946,0.0,0.0,2021-12-20
957,2021-12-20 17:00:00+01:00,299.20001220703125,301.0,298.79998779296875,300.20001220703125,125028,0.0,0.0,2021-12-20
958,2021-12-21 09:00:00+01:00,300.79998779296875,307.3999938964844,300.20001220703125,300.6000061035156,0,0.0,0.0,2021-12-21
959,2021-12-21 10:00:00+01:00,301.6000061035156,302.79998779296875,300.0,300.0,47855,0.0,0.0,2021-12-21
960,2021-12-21 11:00:00+01:00,300.0,300.79998779296875,298.3999938964844,300.0,48685,0.0,0.0,2021-12-21
961,2021-12-21 12:00:00+01:00,300.0,301.79998779296875,300.0,300.6000061035156,81692,0.0,0.0,2021-12-21
962,2021-12-21 13:00:00+01:00,300.20001220703125,300.79998779296875,299.79998779296875,300.6000061035156,14193,0.0,0.0,2021-12-21
963,2021-12-21 14:00:00+01:00,300.6000061035156,300.79998779296875,299.3999938964844,300.6000061035156,22037,0.0,0.0,2021-12-21
964,2021-12-21 15:00:00+01:00,300.6000061035156,301.0,298.79998779296875,299.20001220703125,26797,0.0,0.0,2021-12-21
965,2021-12-21 16:00:00+01:00,299.20001220703125,300.0,296.79998779296875,298.0,21964,0.0,0.0,2021-12-21
966,2021-12-21 17:00:00+01:00,298.0,298.20001220703125,295.79998779296875,298.0,152364,0.0,0.0,2021-12-21
967,2021-12-22 09:00:00+01:00,300.0,300.0,294.20001220703125,295.6000061035156,0,0.0,0.0,2021-12-22
968,2021-12-22 10:00:00+01:00,295.6000061035156,295.79998779296875,294.20001220703125,294.20001220703125,18574,0.0,0.0,2021-12-22
969,2021-12-22 11:00:00+01:00,294.0,294.6000061035156,292.0,294.20001220703125,57323,0.0,0.0,2021-12-22
970,2021-12-22 12:00:00+01:00,294.3999938964844,295.0,294.0,295.0,9986,0.0,0.0,2021-12-22
971,2021-12-22 13:00:00+01:00,295.0,295.0,293.6000061035156,294.3999938964844,14454,0.0,0.0,2021-12-22
972,2021-12-22 14:00:00+01:00,294.6000061035156,296.20001220703125,294.6000061035156,295.3999938964844,23743,0.0,0.0,2021-12-22
973,2021-12-22 15:00:00+01:00,295.3999938964844,296.20001220703125,294.6000061035156,295.6000061035156,39167,0.0,0.0,2021-12-22
974,2021-12-22 16:00:00+01:00,295.3999938964844,295.3999938964844,293.6000061035156,295.20001220703125,20818,0.0,0.0,2021-12-22
975,2021-12-22 17:00:00+01:00,295.3999938964844,296.3999938964844,294.6000061035156,296.3999938964844,110500,0.0,0.0,2021-12-22
976,2021-12-23 09:00:00+01:00,298.0,300.0,296.0,299.20001220703125,0,0.0,0.0,2021-12-23
977,2021-12-23 10:00:00+01:00,298.79998779296875,299.20001220703125,297.6000061035156,297.6000061035156,10437,0.0,0.0,2021-12-23
978,2021-12-23 11:00:00+01:00,297.20001220703125,299.0,297.20001220703125,297.6000061035156,6765,0.0,0.0,2021-12-23
979,2021-12-23 12:00:00+01:00,297.3999938964844,297.79998779296875,296.79998779296875,297.0,6999,0.0,0.0,2021-12-23
980,2021-12-27 09:00:00+01:00,296.79998779296875,298.6000061035156,295.20001220703125,298.20001220703125,0,0.0,0.0,2021-12-27
981,2021-12-27 10:00:00+01:00,298.20001220703125,299.6000061035156,298.0,299.3999938964844,23610,0.0,0.0,2021-12-27
982,2021-12-27 11:00:00+01:00,299.20001220703125,299.3999938964844,298.3999938964844,299.20001220703125,20056,0.0,0.0,2021-12-27
983,2021-12-27 12:00:00+01:00,299.0,299.20001220703125,297.20001220703125,297.20001220703125,9192,0.0,0.0,2021-12-27
984,2021-12-27 13:00:00+01:00,297.3999938964844,299.20001220703125,296.79998779296875,299.20001220703125,8236,0.0,0.0,2021-12-27
985,2021-12-27 14:00:00+01:00,299.3999938964844,299.3999938964844,298.0,298.20001220703125,14180,0.0,0.0,2021-12-27
986,2021-12-27 15:00:00+01:00,298.20001220703125,299.0,297.79998779296875,298.6000061035156,27891,0.0,0.0,2021-12-27
987,2021-12-27 16:00:00+01:00,298.3999938964844,303.6000061035156,298.0,302.6000061035156,31070,0.0,0.0,2021-12-27
988,2021-12-27 17:00:00+01:00,302.6000061035156,302.79998779296875,300.6000061035156,301.79998779296875,48277,0.0,0.0,2021-12-27
989,2021-12-28 09:00:00+01:00,304.20001220703125,305.6000061035156,300.20001220703125,300.3999938964844,0,0.0,0.0,2021-12-28
990,2021-12-28 10:00:00+01:00,300.3999938964844,303.3999938964844,300.0,302.3999938964844,9416,0.0,0.0,2021-12-28
991,2021-12-28 11:00:00+01:00,302.79998779296875,304.20001220703125,302.20001220703125,303.79998779296875,7395,0.0,0.0,2021-12-28
992,2021-12-28 12:00:00+01:00,303.6000061035156,305.0,303.6000061035156,305.0,4195,0.0,0.0,2021-12-28
993,2021-12-28 13:00:00+01:00,304.79998779296875,305.79998779296875,304.3999938964844,305.79998779296875,4350,0.0,0.0,2021-12-28
994,2021-12-28 14:00:00+01:00,305.6000061035156,305.6000061035156,303.79998779296875,303.79998779296875,7265,0.0,0.0,2021-12-28
995,2021-12-28 15:00:00+01:00,303.6000061035156,304.20001220703125,303.3999938964844,304.20001220703125,9803,0.0,0.0,2021-12-28
996,2021-12-28 16:00:00+01:00,304.6000061035156,304.79998779296875,304.0,304.79998779296875,6144,0.0,0.0,2021-12-28
997,2021-12-28 17:00:00+01:00,304.6000061035156,304.6000061035156,303.20001220703125,304.6000061035156,42039,0.0,0.0,2021-12-28
998,2021-12-29 09:00:00+01:00,303.6000061035156,304.20001220703125,301.3999938964844,303.20001220703125,0,0.0,0.0,2021-12-29
999,2021-12-29 10:00:00+01:00,303.0,304.20001220703125,302.20001220703125,302.20001220703125,12789,0.0,0.0,2021-12-29
1000,2021-12-29 11:00:00+01:00,302.6000061035156,302.79998779296875,300.3999938964844,302.3999938964844,22820,0.0,0.0,2021-12-29
1001,2021-12-29 12:00:00+01:00,302.20001220703125,303.3999938964844,301.6000061035156,303.3999938964844,7335,0.0,0.0,2021-12-29
1002,2021-12-29 13:00:00+01:00,303.20001220703125,303.3999938964844,301.79998779296875,302.0,6435,0.0,0.0,2021-12-29
1003,2021-12-29 14:00:00+01:00,301.79998779296875,302.0,301.0,302.0,8418,0.0,0.0,2021-12-29
1004,2021-12-29 15:00:00+01:00,302.0,302.0,299.79998779296875,300.79998779296875,18713,0.0,0.0,2021-12-29
1005,2021-12-29 16:00:00+01:00,300.6000061035156,301.3999938964844,299.3999938964844,300.6000061035156,18412,0.0,0.0,2021-12-29
1006,2021-12-29 17:00:00+01:00,300.79998779296875,302.6000061035156,300.79998779296875,302.6000061035156,60469,0.0,0.0,2021-12-29
1007,2021-12-30 09:00:00+01:00,302.20001220703125,305.3999938964844,301.3999938964844,304.3999938964844,0,0.0,0.0,2021-12-30
1008,2021-12-30 10:00:00+01:00,304.6000061035156,305.79998779296875,304.3999938964844,305.0,9347,0.0,0.0,2021-12-30
1009,2021-12-30 11:00:00+01:00,304.6000061035156,305.20001220703125,301.79998779296875,301.79998779296875,14543,0.0,0.0,2021-12-30
1010,2021-12-30 12:00:00+01:00,301.79998779296875,302.79998779296875,301.20001220703125,302.0,17630,0.0,0.0,2021-12-30
1011,2022-01-03 09:00:00+01:00,306.3999938964844,307.79998779296875,303.79998779296875,305.0,0,0.0,0.0,2022-01-03
1012,2022-01-03 10:00:00+01:00,305.0,306.6000061035156,302.3999938964844,304.3999938964844,28019,0.0,0.0,2022-01-03
1013,2022-01-03 11:00:00+01:00,304.3999938964844,306.79998779296875,304.20001220703125,305.79998779296875,28613,0.0,0.0,2022-01-03
1014,2022-01-03 12:00:00+01:00,305.20001220703125,307.79998779296875,305.20001220703125,307.6000061035156,24639,0.0,0.0,2022-01-03
1015,2022-01-03 13:00:00+01:00,308.0,308.79998779296875,307.0,308.3999938964844,13646,0.0,0.0,2022-01-03
1016,2022-01-03 14:00:00+01:00,308.3999938964844,308.79998779296875,306.6000061035156,307.6000061035156,11085,0.0,0.0,2022-01-03
1017,2022-01-03 15:00:00+01:00,307.3999938964844,308.0,304.3999938964844,305.0,11047,0.0,0.0,2022-01-03
1018,2022-01-03 16:00:00+01:00,305.0,306.20001220703125,303.79998779296875,304.3999938964844,10762,0.0,0.0,2022-01-03
1019,2022-01-03 17:00:00+01:00,304.3999938964844,304.79998779296875,303.3999938964844,304.79998779296875,99980,0.0,0.0,2022-01-03
1020,2022-01-04 09:00:00+01:00,307.3999938964844,308.79998779296875,301.79998779296875,302.6000061035156,0,0.0,0.0,2022-01-04
1021,2022-01-04 10:00:00+01:00,302.6000061035156,304.6000061035156,302.20001220703125,304.20001220703125,20449,0.0,0.0,2022-01-04
1022,2022-01-04 11:00:00+01:00,304.3999938964844,304.6000061035156,302.79998779296875,304.20001220703125,14394,0.0,0.0,2022-01-04
1023,2022-01-04 12:00:00+01:00,304.20001220703125,305.6000061035156,303.3999938964844,303.3999938964844,12075,0.0,0.0,2022-01-04
1024,2022-01-04 13:00:00+01:00,303.6000061035156,303.79998779296875,301.20001220703125,301.79998779296875,18953,0.0,0.0,2022-01-04
1025,2022-01-04 14:00:00+01:00,301.6000061035156,302.20001220703125,300.6000061035156,301.6000061035156,20675,0.0,0.0,2022-01-04
1026,2022-01-04 15:00:00+01:00,301.6000061035156,302.0,299.79998779296875,300.3999938964844,14959,0.0,0.0,2022-01-04
1027,2022-01-04 16:00:00+01:00,300.3999938964844,300.3999938964844,296.3999938964844,296.79998779296875,31273,0.0,0.0,2022-01-04
1028,2022-01-04 17:00:00+01:00,296.6000061035156,297.6000061035156,296.3999938964844,297.0,140636,0.0,0.0,2022-01-04
1029,2022-01-05 09:00:00+01:00,297.0,299.0,293.79998779296875,294.79998779296875,0,0.0,0.0,2022-01-05
1030,2022-01-05 10:00:00+01:00,294.6000061035156,296.0,294.20001220703125,295.20001220703125,19424,0.0,0.0,2022-01-05
1031,2022-01-05 11:00:00+01:00,295.0,295.3999938964844,294.3999938964844,294.79998779296875,16512,0.0,0.0,2022-01-05
1032,2022-01-05 12:00:00+01:00,294.3999938964844,296.20001220703125,293.20001220703125,296.20001220703125,105303,0.0,0.0,2022-01-05
1033,2022-01-07 09:00:00+01:00,294.20001220703125,294.20001220703125,281.79998779296875,282.6000061035156,0,0.0,0.0,2022-01-07
1034,2022-01-07 10:00:00+01:00,282.3999938964844,285.20001220703125,282.3999938964844,285.0,58034,0.0,0.0,2022-01-07
1035,2022-01-07 11:00:00+01:00,284.79998779296875,285.3999938964844,282.3999938964844,282.3999938964844,48213,0.0,0.0,2022-01-07
1036,2022-01-07 12:00:00+01:00,282.3999938964844,283.6000061035156,282.0,282.79998779296875,18549,0.0,0.0,2022-01-07
1037,2022-01-07 13:00:00+01:00,283.0,283.3999938964844,281.79998779296875,282.6000061035156,23868,0.0,0.0,2022-01-07
1038,2022-01-07 14:00:00+01:00,282.6000061035156,283.20001220703125,281.0,281.6000061035156,24249,0.0,0.0,2022-01-07
1039,2022-01-07 15:00:00+01:00,281.3999938964844,285.20001220703125,281.3999938964844,283.6000061035156,30683,0.0,0.0,2022-01-07
1040,2022-01-07 16:00:00+01:00,283.3999938964844,283.3999938964844,279.20001220703125,280.0,47642,0.0,0.0,2022-01-07
1041,2022-01-07 17:00:00+01:00,280.20001220703125,281.79998779296875,280.20001220703125,280.3999938964844,151467,0.0,0.0,2022-01-07
1042,2022-01-10 09:00:00+01:00,280.6000061035156,284.0,270.20001220703125,273.0,0,0.0,0.0,2022-01-10
1043,2022-01-10 10:00:00+01:00,272.3999938964844,274.0,271.79998779296875,273.0,23648,0.0,0.0,2022-01-10
1044,2022-01-10 11:00:00+01:00,273.0,274.79998779296875,272.3999938964844,273.0,20161,0.0,0.0,2022-01-10
1045,2022-01-10 12:00:00+01:00,273.0,273.0,269.3999938964844,271.0,43424,0.0,0.0,2022-01-10
1046,2022-01-10 13:00:00+01:00,271.0,271.20001220703125,268.0,268.3999938964844,19434,0.0,0.0,2022-01-10
1047,2022-01-10 14:00:00+01:00,268.3999938964844,268.79998779296875,267.0,267.6000061035156,14530,0.0,0.0,2022-01-10
1048,2022-01-10 15:00:00+01:00,267.3999938964844,267.79998779296875,264.20001220703125,265.79998779296875,36544,0.0,0.0,2022-01-10
1049,2022-01-10 16:00:00+01:00,265.79998779296875,266.3999938964844,264.6000061035156,264.79998779296875,70862,0.0,0.0,2022-01-10
1050,2022-01-10 17:00:00+01:00,265.0,267.20001220703125,264.79998779296875,266.20001220703125,145624,0.0,0.0,2022-01-10
1051,2022-01-11 09:00:00+01:00,267.6000061035156,271.3999938964844,265.0,266.0,0,0.0,0.0,2022-01-11
1052,2022-01-11 10:00:00+01:00,266.0,268.20001220703125,265.3999938964844,267.3999938964844,23994,0.0,0.0,2022-01-11
1053,2022-01-11 11:00:00+01:00,267.20001220703125,268.0,265.0,265.20001220703125,65059,0.0,0.0,2022-01-11
1054,2022-01-11 12:00:00+01:00,265.20001220703125,267.3999938964844,264.20001220703125,267.0,17314,0.0,0.0,2022-01-11
1055,2022-01-11 13:00:00+01:00,267.3999938964844,267.79998779296875,265.3999938964844,266.3999938964844,11413,0.0,0.0,2022-01-11
1056,2022-01-11 14:00:00+01:00,266.3999938964844,266.3999938964844,264.79998779296875,265.20001220703125,16773,0.0,0.0,2022-01-11
1057,2022-01-11 15:00:00+01:00,265.6000061035156,267.79998779296875,265.20001220703125,266.20001220703125,27307,0.0,0.0,2022-01-11
1058,2022-01-11 16:00:00+01:00,266.20001220703125,266.3999938964844,264.6000061035156,265.6000061035156,27036,0.0,0.0,2022-01-11
1059,2022-01-11 17:00:00+01:00,265.6000061035156,268.0,265.6000061035156,268.0,98594,0.0,0.0,2022-01-11
1060,2022-01-12 09:00:00+01:00,273.3999938964844,275.3999938964844,268.0,269.79998779296875,0,0.0,0.0,2022-01-12
1061,2022-01-12 10:00:00+01:00,270.0,272.6000061035156,266.3999938964844,272.0,23182,0.0,0.0,2022-01-12
1062,2022-01-12 11:00:00+01:00,272.20001220703125,273.6000061035156,271.6000061035156,273.20001220703125,15065,0.0,0.0,2022-01-12
1063,2022-01-12 12:00:00+01:00,272.79998779296875,273.0,270.3999938964844,270.3999938964844,7309,0.0,0.0,2022-01-12
1064,2022-01-12 13:00:00+01:00,270.3999938964844,272.0,269.0,271.6000061035156,16056,0.0,0.0,2022-01-12
1065,2022-01-12 14:00:00+01:00,272.0,274.20001220703125,271.6000061035156,274.0,14047,0.0,0.0,2022-01-12
1066,2022-01-12 15:00:00+01:00,274.20001220703125,274.20001220703125,272.0,273.0,20560,0.0,0.0,2022-01-12
1067,2022-01-12 16:00:00+01:00,273.0,274.3999938964844,272.3999938964844,272.79998779296875,7976,0.0,0.0,2022-01-12
1068,2022-01-12 17:00:00+01:00,272.79998779296875,273.20001220703125,272.0,272.79998779296875,52831,0.0,0.0,2022-01-12
1069,2022-01-13 09:00:00+01:00,271.0,274.79998779296875,270.6000061035156,274.0,0,0.0,0.0,2022-01-13
1070,2022-01-13 10:00:00+01:00,274.20001220703125,274.3999938964844,273.0,273.3999938964844,10890,0.0,0.0,2022-01-13
1071,2022-01-13 11:00:00+01:00,273.3999938964844,274.0,272.6000061035156,272.79998779296875,16423,0.0,0.0,2022-01-13
1072,2022-01-13 12:00:00+01:00,273.0,273.20001220703125,271.6000061035156,272.3999938964844,8710,0.0,0.0,2022-01-13
1073,2022-01-13 13:00:00+01:00,272.6000061035156,274.0,272.20001220703125,273.6000061035156,27869,0.0,0.0,2022-01-13
1074,2022-01-13 14:00:00+01:00,274.0,274.6000061035156,273.79998779296875,274.6000061035156,4915,0.0,0.0,2022-01-13
1075,2022-01-13 15:00:00+01:00,274.79998779296875,274.79998779296875,272.20001220703125,272.3999938964844,17835,0.0,0.0,2022-01-13
1076,2022-01-13 16:00:00+01:00,272.6000061035156,272.6000061035156,267.79998779296875,269.0,40939,0.0,0.0,2022-01-13
1077,2022-01-13 17:00:00+01:00,269.3999938964844,271.0,269.0,271.0,116534,0.0,0.0,2022-01-13
1078,2022-01-14 09:00:00+01:00,267.3999938964844,267.3999938964844,261.0,262.79998779296875,0,0.0,0.0,2022-01-14
1079,2022-01-14 10:00:00+01:00,262.3999938964844,265.0,262.3999938964844,264.6000061035156,15765,0.0,0.0,2022-01-14
1080,2022-01-14 11:00:00+01:00,264.0,264.20001220703125,262.20001220703125,263.79998779296875,15093,0.0,0.0,2022-01-14
1081,2022-01-14 12:00:00+01:00,264.0,264.0,262.6000061035156,263.20001220703125,29935,0.0,0.0,2022-01-14
1082,2022-01-14 13:00:00+01:00,263.20001220703125,263.20001220703125,261.3999938964844,262.20001220703125,25070,0.0,0.0,2022-01-14
1083,2022-01-14 14:00:00+01:00,262.0,263.0,261.20001220703125,261.79998779296875,13007,0.0,0.0,2022-01-14
1084,2022-01-14 15:00:00+01:00,261.79998779296875,263.3999938964844,259.6000061035156,263.3999938964844,39442,0.0,0.0,2022-01-14
1085,2022-01-14 16:00:00+01:00,263.20001220703125,263.20001220703125,260.20001220703125,260.20001220703125,19170,0.0,0.0,2022-01-14
1086,2022-01-14 17:00:00+01:00,260.3999938964844,260.6000061035156,259.3999938964844,260.20001220703125,120164,0.0,0.0,2022-01-14
1087,2022-01-17 09:00:00+01:00,260.0,260.0,251.8000030517578,255.8000030517578,0,0.0,0.0,2022-01-17
1088,2022-01-17 10:00:00+01:00,255.1999969482422,258.0,254.60000610351562,256.79998779296875,19615,0.0,0.0,2022-01-17
1089,2022-01-17 11:00:00+01:00,257.0,258.0,255.8000030517578,256.3999938964844,8432,0.0,0.0,2022-01-17
1090,2022-01-17 12:00:00+01:00,256.3999938964844,256.3999938964844,254.60000610351562,255.1999969482422,6270,0.0,0.0,2022-01-17
1091,2022-01-17 13:00:00+01:00,255.60000610351562,256.0,254.0,254.0,5662,0.0,0.0,2022-01-17
1092,2022-01-17 14:00:00+01:00,253.8000030517578,254.8000030517578,253.1999969482422,254.8000030517578,9503,0.0,0.0,2022-01-17
1093,2022-01-17 15:00:00+01:00,255.0,256.20001220703125,253.39999389648438,256.20001220703125,34628,0.0,0.0,2022-01-17
1094,2022-01-17 16:00:00+01:00,256.0,257.20001220703125,255.60000610351562,256.3999938964844,40637,0.0,0.0,2022-01-17
1095,2022-01-17 17:00:00+01:00,256.3999938964844,257.0,256.0,256.79998779296875,65142,0.0,0.0,2022-01-17
1096,2022-01-18 09:00:00+01:00,254.0,254.0,247.0,249.0,0,0.0,0.0,2022-01-18
1097,2022-01-18 10:00:00+01:00,248.1999969482422,249.39999389648438,247.60000610351562,247.60000610351562,21536,0.0,0.0,2022-01-18
1098,2022-01-18 11:00:00+01:00,247.60000610351562,248.39999389648438,246.39999389648438,246.8000030517578,13105,0.0,0.0,2022-01-18
1099,2022-01-18 12:00:00+01:00,247.0,247.0,245.8000030517578,247.0,10037,0.0,0.0,2022-01-18
1100,2022-01-18 13:00:00+01:00,246.8000030517578,247.0,244.60000610351562,247.0,12070,0.0,0.0,2022-01-18
1101,2022-01-18 14:00:00+01:00,246.8000030517578,248.0,246.1999969482422,247.1999969482422,22791,0.0,0.0,2022-01-18
1102,2022-01-18 15:00:00+01:00,247.39999389648438,249.60000610351562,247.1999969482422,248.60000610351562,333561,0.0,0.0,2022-01-18
1103,2022-01-18 16:00:00+01:00,248.39999389648438,250.0,247.8000030517578,249.1999969482422,33750,0.0,0.0,2022-01-18
1104,2022-01-18 17:00:00+01:00,249.39999389648438,249.60000610351562,248.8000030517578,249.0,97817,0.0,0.0,2022-01-18
1105,2022-01-19 09:00:00+01:00,246.1999969482422,253.60000610351562,244.1999969482422,252.1999969482422,0,0.0,0.0,2022-01-19
1106,2022-01-19 10:00:00+01:00,252.1999969482422,258.0,252.0,258.0,78025,0.0,0.0,2022-01-19
1107,2022-01-19 11:00:00+01:00,257.79998779296875,260.6000061035156,257.6000061035156,259.0,68223,0.0,0.0,2022-01-19
1108,2022-01-19 12:00:00+01:00,259.0,259.0,256.0,257.20001220703125,96497,0.0,0.0,2022-01-19
1109,2022-01-19 13:00:00+01:00,257.6000061035156,258.3999938964844,256.3999938964844,257.3999938964844,91107,0.0,0.0,2022-01-19
1110,2022-01-19 14:00:00+01:00,257.6000061035156,258.79998779296875,257.3999938964844,258.3999938964844,8830,0.0,0.0,2022-01-19
1111,2022-01-19 15:00:00+01:00,258.3999938964844,259.3999938964844,257.79998779296875,258.20001220703125,20022,0.0,0.0,2022-01-19
1112,2022-01-19 16:00:00+01:00,258.3999938964844,258.79998779296875,256.0,256.79998779296875,32945,0.0,0.0,2022-01-19
1113,2022-01-19 17:00:00+01:00,257.0,258.20001220703125,256.20001220703125,257.3999938964844,125226,0.0,0.0,2022-01-19
1114,2022-01-20 09:00:00+01:00,269.79998779296875,271.6000061035156,261.0,266.0,0,0.0,0.0,2022-01-20
1115,2022-01-20 10:00:00+01:00,266.0,271.20001220703125,265.20001220703125,271.20001220703125,41211,0.0,0.0,2022-01-20
1116,2022-01-20 11:00:00+01:00,271.0,273.20001220703125,269.3999938964844,272.3999938964844,63059,0.0,0.0,2022-01-20
1117,2022-01-20 12:00:00+01:00,272.3999938964844,274.0,271.6000061035156,272.79998779296875,115987,0.0,0.0,2022-01-20
1118,2022-01-20 13:00:00+01:00,272.6000061035156,274.6000061035156,272.20001220703125,274.20001220703125,24684,0.0,0.0,2022-01-20
1119,2022-01-20 14:00:00+01:00,273.79998779296875,274.0,272.6000061035156,273.0,16556,0.0,0.0,2022-01-20
1120,2022-01-20 15:00:00+01:00,273.0,273.3999938964844,271.0,272.3999938964844,19565,0.0,0.0,2022-01-20
1121,2022-01-20 16:00:00+01:00,272.6000061035156,274.6000061035156,271.79998779296875,273.20001220703125,34125,0.0,0.0,2022-01-20
1122,2022-01-20 17:00:00+01:00,273.20001220703125,273.79998779296875,272.20001220703125,273.20001220703125,89675,0.0,0.0,2022-01-20
1123,2022-01-21 09:00:00+01:00,270.20001220703125,271.3999938964844,267.6000061035156,270.0,0,0.0,0.0,2022-01-21
1124,2022-01-21 10:00:00+01:00,270.0,271.6000061035156,267.20001220703125,268.0,37029,0.0,0.0,2022-01-21
1125,2022-01-21 11:00:00+01:00,267.6000061035156,269.3999938964844,267.6000061035156,268.79998779296875,52542,0.0,0.0,2022-01-21
1126,2022-01-21 12:00:00+01:00,268.6000061035156,270.0,268.20001220703125,269.20001220703125,16712,0.0,0.0,2022-01-21
1127,2022-01-21 13:00:00+01:00,268.79998779296875,270.3999938964844,268.0,269.6000061035156,15002,0.0,0.0,2022-01-21
1128,2022-01-21 14:00:00+01:00,269.79998779296875,270.20001220703125,267.3999938964844,268.6000061035156,14005,0.0,0.0,2022-01-21
1129,2022-01-21 15:00:00+01:00,268.20001220703125,270.6000061035156,267.0,267.20001220703125,62031,0.0,0.0,2022-01-21
1130,2022-01-21 16:00:00+01:00,267.3999938964844,270.6000061035156,266.3999938964844,270.0,42937,0.0,0.0,2022-01-21
1131,2022-01-21 17:00:00+01:00,269.79998779296875,270.20001220703125,268.0,268.0,96460,0.0,0.0,2022-01-21
1132,2022-01-24 09:00:00+01:00,266.3999938964844,266.79998779296875,261.0,261.3999938964844,0,0.0,0.0,2022-01-24
1133,2022-01-24 10:00:00+01:00,261.3999938964844,263.20001220703125,260.0,261.20001220703125,46447,0.0,0.0,2022-01-24
1134,2022-01-24 11:00:00+01:00,260.20001220703125,260.3999938964844,256.0,256.6000061035156,36826,0.0,0.0,2022-01-24
1135,2022-01-24 12:00:00+01:00,256.79998779296875,261.20001220703125,255.1999969482422,258.20001220703125,26083,0.0,0.0,2022-01-24
1136,2022-01-24 13:00:00+01:00,259.0,259.0,256.20001220703125,256.79998779296875,12639,0.0,0.0,2022-01-24
1137,2022-01-24 14:00:00+01:00,256.20001220703125,256.3999938964844,254.8000030517578,255.8000030517578,20799,0.0,0.0,2022-01-24
1138,2022-01-24 15:00:00+01:00,255.8000030517578,256.0,254.0,254.0,36968,0.0,0.0,2022-01-24
1139,2022-01-24 16:00:00+01:00,254.1999969482422,256.20001220703125,252.39999389648438,255.1999969482422,44149,0.0,0.0,2022-01-24
1140,2022-01-24 17:00:00+01:00,255.1999969482422,255.8000030517578,254.0,255.8000030517578,146913,0.0,0.0,2022-01-24
1141,2022-01-25 09:00:00+01:00,255.8000030517578,258.6000061035156,248.8000030517578,251.8000030517578,0,0.0,0.0,2022-01-25
1142,2022-01-25 10:00:00+01:00,251.60000610351562,255.39999389648438,250.60000610351562,252.60000610351562,62291,0.0,0.0,2022-01-25
1143,2022-01-25 11:00:00+01:00,252.8000030517578,254.1999969482422,251.8000030517578,252.0,10459,0.0,0.0,2022-01-25
1144,2022-01-25 12:00:00+01:00,252.1999969482422,253.0,248.8000030517578,250.1999969482422,18286,0.0,0.0,2022-01-25
1145,2022-01-25 13:00:00+01:00,250.0,250.8000030517578,248.1999969482422,249.8000030517578,9911,0.0,0.0,2022-01-25
1146,2022-01-25 14:00:00+01:00,249.8000030517578,250.8000030517578,248.60000610351562,250.0,16216,0.0,0.0,2022-01-25
1147,2022-01-25 15:00:00+01:00,250.1999969482422,253.1999969482422,250.1999969482422,251.8000030517578,19041,0.0,0.0,2022-01-25
1148,2022-01-25 16:00:00+01:00,252.0,253.39999389648438,250.39999389648438,251.60000610351562,19071,0.0,0.0,2022-01-25
1149,2022-01-25 17:00:00+01:00,251.8000030517578,252.8000030517578,251.0,252.8000030517578,129816,0.0,0.0,2022-01-25
1150,2022-01-26 09:00:00+01:00,255.39999389648438,259.6000061035156,253.0,258.79998779296875,0,0.0,0.0,2022-01-26
1151,2022-01-26 10:00:00+01:00,260.0,262.79998779296875,260.0,260.3999938964844,25325,0.0,0.0,2022-01-26
1152,2022-01-26 11:00:00+01:00,260.20001220703125,264.6000061035156,259.79998779296875,263.3999938964844,27687,0.0,0.0,2022-01-26
1153,2022-01-26 12:00:00+01:00,263.6000061035156,266.20001220703125,263.0,266.20001220703125,19936,0.0,0.0,2022-01-26
1154,2022-01-26 13:00:00+01:00,266.3999938964844,266.3999938964844,263.6000061035156,265.20001220703125,70454,0.0,0.0,2022-01-26
1155,2022-01-26 14:00:00+01:00,265.20001220703125,265.79998779296875,264.6000061035156,265.3999938964844,10142,0.0,0.0,2022-01-26
1156,2022-01-26 15:00:00+01:00,265.3999938964844,266.3999938964844,264.20001220703125,266.20001220703125,25885,0.0,0.0,2022-01-26
1157,2022-01-26 16:00:00+01:00,266.0,268.20001220703125,265.20001220703125,265.3999938964844,41285,0.0,0.0,2022-01-26
1158,2022-01-26 17:00:00+01:00,265.3999938964844,265.3999938964844,264.6000061035156,264.6000061035156,103731,0.0,0.0,2022-01-26
1159,2022-01-27 09:00:00+01:00,258.3999938964844,263.3999938964844,256.79998779296875,262.3999938964844,0,0.0,0.0,2022-01-27
1160,2022-01-27 10:00:00+01:00,262.20001220703125,264.20001220703125,261.0,263.6000061035156,20029,0.0,0.0,2022-01-27
1161,2022-01-27 11:00:00+01:00,264.0,264.3999938964844,262.0,262.0,17561,0.0,0.0,2022-01-27
1162,2022-01-27 12:00:00+01:00,262.20001220703125,263.3999938964844,262.20001220703125,262.79998779296875,216175,0.0,0.0,2022-01-27
1163,2022-01-27 13:00:00+01:00,263.0,264.6000061035156,262.20001220703125,264.3999938964844,12621,0.0,0.0,2022-01-27
1164,2022-01-27 14:00:00+01:00,264.6000061035156,265.0,262.20001220703125,263.0,17227,0.0,0.0,2022-01-27
1165,2022-01-27 15:00:00+01:00,263.0,263.0,261.79998779296875,263.0,64655,0.0,0.0,2022-01-27
1166,2022-01-27 16:00:00+01:00,262.79998779296875,263.3999938964844,259.0,259.6000061035156,34058,0.0,0.0,2022-01-27
1167,2022-01-27 17:00:00+01:00,259.3999938964844,260.20001220703125,258.79998779296875,259.20001220703125,139391,0.0,0.0,2022-01-27
1168,2022-01-28 09:00:00+01:00,258.0,258.0,251.1999969482422,257.0,0,0.0,0.0,2022-01-28
1169,2022-01-28 10:00:00+01:00,256.3999938964844,257.20001220703125,255.1999969482422,256.3999938964844,9708,0.0,0.0,2022-01-28
1170,2022-01-28 11:00:00+01:00,256.20001220703125,256.20001220703125,254.60000610351562,255.8000030517578,13213,0.0,0.0,2022-01-28
1171,2022-01-28 12:00:00+01:00,256.0,257.3999938964844,255.60000610351562,257.20001220703125,12354,0.0,0.0,2022-01-28
1172,2022-01-28 13:00:00+01:00,257.20001220703125,257.20001220703125,253.0,253.8000030517578,219598,0.0,0.0,2022-01-28
1173,2022-01-28 14:00:00+01:00,253.60000610351562,258.0,253.60000610351562,257.3999938964844,109957,0.0,0.0,2022-01-28
1174,2022-01-28 15:00:00+01:00,257.20001220703125,257.79998779296875,255.1999969482422,256.0,16377,0.0,0.0,2022-01-28
1175,2022-01-28 16:00:00+01:00,256.20001220703125,257.3999938964844,254.8000030517578,256.79998779296875,15761,0.0,0.0,2022-01-28
1176,2022-01-28 17:00:00+01:00,257.0,258.6000061035156,256.6000061035156,257.79998779296875,105869,0.0,0.0,2022-01-28
1177,2022-01-31 09:00:00+01:00,262.20001220703125,267.79998779296875,261.79998779296875,266.6000061035156,0,0.0,0.0,2022-01-31
1178,2022-01-31 10:00:00+01:00,267.0,267.0,265.20001220703125,266.20001220703125,114078,0.0,0.0,2022-01-31
1179,2022-01-31 11:00:00+01:00,266.0,266.3999938964844,263.79998779296875,264.3999938964844,10350,0.0,0.0,2022-01-31
1180,2022-01-31 12:00:00+01:00,264.20001220703125,265.0,263.20001220703125,264.20001220703125,6715,0.0,0.0,2022-01-31
1181,2022-01-31 13:00:00+01:00,264.3999938964844,264.3999938964844,262.20001220703125,263.20001220703125,9355,0.0,0.0,2022-01-31
1182,2022-01-31 14:00:00+01:00,263.3999938964844,264.6000061035156,262.6000061035156,264.6000061035156,9183,0.0,0.0,2022-01-31
1183,2022-01-31 15:00:00+01:00,264.20001220703125,269.6000061035156,264.20001220703125,269.6000061035156,32093,0.0,0.0,2022-01-31
1184,2022-01-31 16:00:00+01:00,269.3999938964844,271.79998779296875,268.6000061035156,271.79998779296875,48273,0.0,0.0,2022-01-31
1185,2022-01-31 17:00:00+01:00,271.79998779296875,272.0,269.0,269.0,0,0.0,0.0,2022-01-31
1186,2022-02-01 09:00:00+01:00,272.0,275.0,271.0,273.79998779296875,22641,0.0,0.0,2022-02-01
1187,2022-02-01 10:00:00+01:00,273.6000061035156,274.3999938964844,270.79998779296875,272.6000061035156,13970,0.0,0.0,2022-02-01
1188,2022-02-01 11:00:00+01:00,272.3999938964844,272.79998779296875,271.20001220703125,271.6000061035156,8315,0.0,0.0,2022-02-01
1189,2022-02-01 12:00:00+01:00,271.79998779296875,272.79998779296875,270.79998779296875,272.3999938964844,11952,0.0,0.0,2022-02-01
1190,2022-02-01 13:00:00+01:00,272.79998779296875,274.6000061035156,272.6000061035156,274.20001220703125,27674,0.0,0.0,2022-02-01
1191,2022-02-01 14:00:00+01:00,274.0,274.0,272.6000061035156,273.79998779296875,16400,0.0,0.0,2022-02-01
1192,2022-02-01 15:00:00+01:00,273.79998779296875,273.79998779296875,270.6000061035156,271.3999938964844,33234,0.0,0.0,2022-02-01
1193,2022-02-01 16:00:00+01:00,270.79998779296875,271.20001220703125,268.20001220703125,271.20001220703125,30994,0.0,0.0,2022-02-01
1194,2022-02-01 17:00:00+01:00,271.3999938964844,272.79998779296875,271.3999938964844,272.6000061035156,123607,0.0,0.0,2022-02-01
1195,2022-02-02 09:00:00+01:00,274.79998779296875,277.20001220703125,273.6000061035156,275.79998779296875,0,0.0,0.0,2022-02-02
1196,2022-02-02 10:00:00+01:00,276.20001220703125,277.20001220703125,276.0,276.3999938964844,8624,0.0,0.0,2022-02-02
1197,2022-02-02 11:00:00+01:00,276.0,277.0,275.0,277.0,10941,0.0,0.0,2022-02-02
1198,2022-02-02 12:00:00+01:00,277.0,278.3999938964844,276.0,278.3999938964844,10999,0.0,0.0,2022-02-02
1199,2022-02-02 13:00:00+01:00,278.6000061035156,280.79998779296875,278.6000061035156,280.3999938964844,27609,0.0,0.0,2022-02-02
1200,2022-02-02 14:00:00+01:00,280.6000061035156,281.20001220703125,280.0,280.20001220703125,19574,0.0,0.0,2022-02-02
1201,2022-02-02 15:00:00+01:00,280.0,281.79998779296875,280.0,281.20001220703125,27607,0.0,0.0,2022-02-02
1202,2022-02-02 16:00:00+01:00,281.6000061035156,282.3999938964844,280.3999938964844,281.0,23293,0.0,0.0,2022-02-02
1203,2022-02-02 17:00:00+01:00,281.0,281.0,280.0,280.0,101761,0.0,0.0,2022-02-02
1204,2022-02-03 09:00:00+01:00,280.0,281.6000061035156,277.0,277.0,0,0.0,0.0,2022-02-03
1205,2022-02-03 10:00:00+01:00,277.0,277.20001220703125,273.3999938964844,273.3999938964844,31539,0.0,0.0,2022-02-03
1206,2022-02-03 11:00:00+01:00,273.3999938964844,275.79998779296875,273.20001220703125,275.79998779296875,20761,0.0,0.0,2022-02-03
1207,2022-02-03 12:00:00+01:00,275.79998779296875,276.20001220703125,274.6000061035156,276.20001220703125,8514,0.0,0.0,2022-02-03
1208,2022-02-03 13:00:00+01:00,275.6000061035156,277.0,275.3999938964844,276.79998779296875,16709,0.0,0.0,2022-02-03
1209,2022-02-03 14:00:00+01:00,276.79998779296875,277.3999938964844,275.79998779296875,276.0,12026,0.0,0.0,2022-02-03
1210,2022-02-03 15:00:00+01:00,276.0,276.6000061035156,270.3999938964844,271.3999938964844,58314,0.0,0.0,2022-02-03
1211,2022-02-03 16:00:00+01:00,271.6000061035156,274.6000061035156,271.6000061035156,273.6000061035156,26257,0.0,0.0,2022-02-03
1212,2022-02-03 17:00:00+01:00,273.79998779296875,274.3999938964844,273.20001220703125,274.3999938964844,99803,0.0,0.0,2022-02-03
1213,2022-02-04 09:00:00+01:00,275.79998779296875,276.6000061035156,267.3999938964844,268.79998779296875,0,0.0,0.0,2022-02-04
1214,2022-02-04 10:00:00+01:00,268.79998779296875,269.20001220703125,266.3999938964844,266.6000061035156,12729,0.0,0.0,2022-02-04
1215,2022-02-04 11:00:00+01:00,267.0,268.6000061035156,265.79998779296875,267.79998779296875,19180,0.0,0.0,2022-02-04
1216,2022-02-04 12:00:00+01:00,267.6000061035156,269.3999938964844,267.20001220703125,267.6000061035156,9523,0.0,0.0,2022-02-04
1217,2022-02-04 13:00:00+01:00,267.79998779296875,268.3999938964844,266.6000061035156,268.20001220703125,8173,0.0,0.0,2022-02-04
1218,2022-02-04 14:00:00+01:00,268.20001220703125,268.6000061035156,266.0,266.79998779296875,44413,0.0,0.0,2022-02-04
1219,2022-02-04 15:00:00+01:00,266.20001220703125,266.20001220703125,263.20001220703125,263.20001220703125,17758,0.0,0.0,2022-02-04
1220,2022-02-04 16:00:00+01:00,263.79998779296875,265.6000061035156,261.20001220703125,261.6000061035156,31222,0.0,0.0,2022-02-04
1221,2022-02-04 17:00:00+01:00,261.3999938964844,262.0,260.20001220703125,260.79998779296875,62835,0.0,0.0,2022-02-04
1222,2022-02-07 09:00:00+01:00,262.79998779296875,264.20001220703125,258.0,259.20001220703125,0,0.0,0.0,2022-02-07
1223,2022-02-07 10:00:00+01:00,259.20001220703125,260.20001220703125,258.3999938964844,259.20001220703125,68025,0.0,0.0,2022-02-07
1224,2022-02-07 11:00:00+01:00,259.0,259.0,257.0,257.0,20092,0.0,0.0,2022-02-07
1225,2022-02-07 12:00:00+01:00,257.0,260.20001220703125,256.6000061035156,260.0,16413,0.0,0.0,2022-02-07
1226,2022-02-07 13:00:00+01:00,259.6000061035156,261.20001220703125,259.20001220703125,260.6000061035156,34578,0.0,0.0,2022-02-07
1227,2022-02-07 14:00:00+01:00,260.6000061035156,262.6000061035156,259.3999938964844,260.0,37932,0.0,0.0,2022-02-07
1228,2022-02-07 15:00:00+01:00,260.20001220703125,260.3999938964844,258.3999938964844,258.79998779296875,27636,0.0,0.0,2022-02-07
1229,2022-02-07 16:00:00+01:00,258.6000061035156,259.20001220703125,258.0,258.79998779296875,18779,0.0,0.0,2022-02-07
1230,2022-02-07 17:00:00+01:00,258.6000061035156,259.0,258.20001220703125,258.3999938964844,71335,0.0,0.0,2022-02-07
1231,2022-02-08 09:00:00+01:00,258.20001220703125,262.6000061035156,255.39999389648438,261.6000061035156,0,0.0,0.0,2022-02-08
1232,2022-02-08 10:00:00+01:00,261.3999938964844,261.3999938964844,256.3999938964844,256.6000061035156,8803,0.0,0.0,2022-02-08
1233,2022-02-08 11:00:00+01:00,256.6000061035156,256.6000061035156,254.60000610351562,254.8000030517578,19744,0.0,0.0,2022-02-08
1234,2022-02-08 12:00:00+01:00,255.1999969482422,255.1999969482422,253.1999969482422,253.39999389648438,12463,0.0,0.0,2022-02-08
1235,2022-02-08 13:00:00+01:00,253.60000610351562,254.0,251.0,251.8000030517578,30241,0.0,0.0,2022-02-08
1236,2022-02-08 14:00:00+01:00,251.60000610351562,252.8000030517578,251.39999389648438,252.1999969482422,6785,0.0,0.0,2022-02-08
1237,2022-02-08 15:00:00+01:00,252.0,252.0,249.39999389648438,249.8000030517578,11257,0.0,0.0,2022-02-08
1238,2022-02-08 16:00:00+01:00,249.60000610351562,250.8000030517578,248.60000610351562,249.0,26383,0.0,0.0,2022-02-08
1239,2022-02-08 17:00:00+01:00,249.1999969482422,251.39999389648438,249.0,251.39999389648438,85451,0.0,0.0,2022-02-08
1240,2022-02-09 09:00:00+01:00,254.39999389648438,257.3999938964844,253.1999969482422,256.6000061035156,0,0.0,0.0,2022-02-09
1241,2022-02-09 10:00:00+01:00,256.6000061035156,260.79998779296875,256.0,259.79998779296875,15516,0.0,0.0,2022-02-09
1242,2022-02-09 11:00:00+01:00,259.79998779296875,263.0,259.79998779296875,262.20001220703125,114334,0.0,0.0,2022-02-09
1243,2022-02-09 12:00:00+01:00,262.0,262.3999938964844,261.0,262.0,11502,0.0,0.0,2022-02-09
1244,2022-02-09 13:00:00+01:00,262.20001220703125,263.0,261.79998779296875,262.20001220703125,10007,0.0,0.0,2022-02-09
1245,2022-02-09 14:00:00+01:00,262.3999938964844,264.20001220703125,262.3999938964844,263.6000061035156,12045,0.0,0.0,2022-02-09
1246,2022-02-09 15:00:00+01:00,263.79998779296875,263.79998779296875,262.0,262.79998779296875,10846,0.0,0.0,2022-02-09
1247,2022-02-09 16:00:00+01:00,262.3999938964844,264.20001220703125,262.20001220703125,264.0,15625,0.0,0.0,2022-02-09
1248,2022-02-09 17:00:00+01:00,264.0,264.6000061035156,262.6000061035156,262.6000061035156,122060,0.0,0.0,2022-02-09
1249,2022-02-10 09:00:00+01:00,263.20001220703125,267.79998779296875,260.79998779296875,262.6000061035156,0,0.0,0.0,2022-02-10
1250,2022-02-10 10:00:00+01:00,262.79998779296875,265.3999938964844,262.20001220703125,264.20001220703125,10576,0.0,0.0,2022-02-10
1251,2022-02-10 11:00:00+01:00,263.79998779296875,264.3999938964844,263.0,263.0,8366,0.0,0.0,2022-02-10
1252,2022-02-10 12:00:00+01:00,263.20001220703125,265.0,262.6000061035156,264.20001220703125,10759,0.0,0.0,2022-02-10
1253,2022-02-10 13:00:00+01:00,264.3999938964844,264.3999938964844,262.3999938964844,262.6000061035156,11070,0.0,0.0,2022-02-10
1254,2022-02-10 14:00:00+01:00,262.3999938964844,262.79998779296875,254.1999969482422,254.8000030517578,38893,0.0,0.0,2022-02-10
1255,2022-02-10 15:00:00+01:00,254.1999969482422,258.0,253.1999969482422,258.0,43211,0.0,0.0,2022-02-10
1256,2022-02-10 16:00:00+01:00,257.6000061035156,265.0,257.6000061035156,263.0,60126,0.0,0.0,2022-02-10
1257,2022-02-10 17:00:00+01:00,263.0,263.6000061035156,260.0,261.0,141099,0.0,0.0,2022-02-10
1258,2022-02-11 09:00:00+01:00,258.3999938964844,259.3999938964844,252.8000030517578,252.8000030517578,0,0.0,0.0,2022-02-11
1259,2022-02-11 10:00:00+01:00,253.0,256.6000061035156,253.0,255.39999389648438,18204,0.0,0.0,2022-02-11
1260,2022-02-11 11:00:00+01:00,255.1999969482422,256.6000061035156,254.0,256.20001220703125,20348,0.0,0.0,2022-02-11
1261,2022-02-11 12:00:00+01:00,256.3999938964844,260.0,255.8000030517578,259.0,46043,0.0,0.0,2022-02-11
1262,2022-02-11 13:00:00+01:00,259.6000061035156,260.3999938964844,259.6000061035156,260.3999938964844,21253,0.0,0.0,2022-02-11
1263,2022-02-11 14:00:00+01:00,260.6000061035156,263.20001220703125,260.20001220703125,263.0,20173,0.0,0.0,2022-02-11
1264,2022-02-11 15:00:00+01:00,263.0,263.20001220703125,260.20001220703125,260.6000061035156,17405,0.0,0.0,2022-02-11
1265,2022-02-11 16:00:00+01:00,260.79998779296875,264.20001220703125,259.6000061035156,263.79998779296875,39705,0.0,0.0,2022-02-11
1266,2022-02-11 17:00:00+01:00,264.0,265.6000061035156,262.6000061035156,262.6000061035156,109898,0.0,0.0,2022-02-11
1267,2022-02-14 09:00:00+01:00,252.60000610351562,257.79998779296875,250.1999969482422,255.39999389648438,0,0.0,0.0,2022-02-14
1268,2022-02-14 10:00:00+01:00,255.39999389648438,255.8000030517578,252.39999389648438,253.39999389648438,26249,0.0,0.0,2022-02-14
1269,2022-02-14 11:00:00+01:00,253.39999389648438,253.8000030517578,250.60000610351562,250.60000610351562,22720,0.0,0.0,2022-02-14
1270,2022-02-14 12:00:00+01:00,250.39999389648438,250.39999389648438,246.1999969482422,247.0,28302,0.0,0.0,2022-02-14
1271,2022-02-14 13:00:00+01:00,246.60000610351562,247.1999969482422,241.8000030517578,246.8000030517578,44303,0.0,0.0,2022-02-14
1272,2022-02-14 14:00:00+01:00,246.8000030517578,253.1999969482422,246.39999389648438,252.39999389648438,46686,0.0,0.0,2022-02-14
1273,2022-02-14 15:00:00+01:00,252.1999969482422,255.0,252.1999969482422,254.1999969482422,46013,0.0,0.0,2022-02-14
1274,2022-02-14 16:00:00+01:00,254.0,255.0,252.0,253.1999969482422,54689,0.0,0.0,2022-02-14
1275,2022-02-14 17:00:00+01:00,252.60000610351562,255.1999969482422,252.39999389648438,255.0,91352,0.0,0.0,2022-02-14
1276,2022-02-15 09:00:00+01:00,253.60000610351562,260.3999938964844,251.39999389648438,259.79998779296875,0,0.0,0.0,2022-02-15
1277,2022-02-15 10:00:00+01:00,259.79998779296875,261.20001220703125,258.3999938964844,259.0,44850,0.0,0.0,2022-02-15
1278,2022-02-15 11:00:00+01:00,259.3999938964844,262.6000061035156,258.79998779296875,262.6000061035156,30423,0.0,0.0,2022-02-15
1279,2022-02-15 12:00:00+01:00,262.6000061035156,263.79998779296875,262.3999938964844,263.3999938964844,13839,0.0,0.0,2022-02-15
1280,2022-02-15 13:00:00+01:00,263.3999938964844,264.0,261.6000061035156,262.6000061035156,14191,0.0,0.0,2022-02-15
1281,2022-02-15 14:00:00+01:00,262.3999938964844,263.20001220703125,262.0,262.6000061035156,13227,0.0,0.0,2022-02-15
1282,2022-02-15 15:00:00+01:00,262.79998779296875,266.6000061035156,262.79998779296875,265.6000061035156,37912,0.0,0.0,2022-02-15
1283,2022-02-15 16:00:00+01:00,265.79998779296875,268.0,265.6000061035156,267.3999938964844,27079,0.0,0.0,2022-02-15
1284,2022-02-15 17:00:00+01:00,267.79998779296875,268.20001220703125,267.20001220703125,268.0,122211,0.0,0.0,2022-02-15
1285,2022-02-16 09:00:00+01:00,265.3999938964844,270.79998779296875,265.0,269.20001220703125,0,0.0,0.0,2022-02-16
1286,2022-02-16 10:00:00+01:00,269.3999938964844,271.0,267.6000061035156,269.79998779296875,20138,0.0,0.0,2022-02-16
1287,2022-02-16 11:00:00+01:00,270.0,271.6000061035156,269.20001220703125,271.0,21751,0.0,0.0,2022-02-16
1288,2022-02-16 12:00:00+01:00,271.0,272.6000061035156,270.3999938964844,271.0,8428,0.0,0.0,2022-02-16
1289,2022-02-16 13:00:00+01:00,271.20001220703125,272.20001220703125,270.20001220703125,272.20001220703125,11185,0.0,0.0,2022-02-16
1290,2022-02-16 14:00:00+01:00,272.0,273.0,272.0,272.20001220703125,6354,0.0,0.0,2022-02-16
1291,2022-02-16 15:00:00+01:00,272.3999938964844,273.0,268.6000061035156,270.3999938964844,52603,0.0,0.0,2022-02-16
1292,2022-02-16 16:00:00+01:00,269.79998779296875,270.79998779296875,268.20001220703125,270.79998779296875,17589,0.0,0.0,2022-02-16
1293,2022-02-16 17:00:00+01:00,270.3999938964844,272.3999938964844,270.3999938964844,272.0,55809,0.0,0.0,2022-02-16
1294,2022-02-17 09:00:00+01:00,271.79998779296875,275.6000061035156,271.3999938964844,272.0,0,0.0,0.0,2022-02-17
1295,2022-02-17 10:00:00+01:00,272.0,272.20001220703125,267.6000061035156,268.20001220703125,0,0.0,0.0,2022-02-17
1296,2022-02-17 11:00:00+01:00,268.20001220703125,269.3999938964844,267.20001220703125,269.0,84720,0.0,0.0,2022-02-17
1297,2022-02-17 12:00:00+01:00,268.3999938964844,268.3999938964844,264.79998779296875,265.3999938964844,12113,0.0,0.0,2022-02-17
1298,2022-02-17 13:00:00+01:00,265.6000061035156,267.3999938964844,265.3999938964844,267.0,9992,0.0,0.0,2022-02-17
1299,2022-02-17 14:00:00+01:00,266.79998779296875,268.6000061035156,265.3999938964844,265.6000061035156,22584,0.0,0.0,2022-02-17
1300,2022-02-17 15:00:00+01:00,266.0,266.3999938964844,264.3999938964844,264.6000061035156,19363,0.0,0.0,2022-02-17
1301,2022-02-17 16:00:00+01:00,264.6000061035156,265.20001220703125,262.0,263.3999938964844,15924,0.0,0.0,2022-02-17
1302,2022-02-17 17:00:00+01:00,263.0,263.3999938964844,262.3999938964844,262.3999938964844,80781,0.0,0.0,2022-02-17
1303,2022-02-18 09:00:00+01:00,262.20001220703125,264.0,258.3999938964844,262.3999938964844,0,0.0,0.0,2022-02-18
1304,2022-02-18 10:00:00+01:00,262.0,264.20001220703125,261.6000061035156,262.3999938964844,11807,0.0,0.0,2022-02-18
1305,2022-02-18 11:00:00+01:00,262.3999938964844,262.3999938964844,260.6000061035156,260.6000061035156,9787,0.0,0.0,2022-02-18
1306,2022-02-18 12:00:00+01:00,261.0,261.0,259.79998779296875,260.79998779296875,6471,0.0,0.0,2022-02-18
1307,2022-02-18 13:00:00+01:00,260.6000061035156,261.0,260.0,261.0,10878,0.0,0.0,2022-02-18
1308,2022-02-18 14:00:00+01:00,260.79998779296875,261.20001220703125,257.79998779296875,259.3999938964844,15458,0.0,0.0,2022-02-18
1309,2022-02-18 15:00:00+01:00,259.3999938964844,259.3999938964844,256.0,256.3999938964844,16186,0.0,0.0,2022-02-18
1310,2022-02-18 16:00:00+01:00,256.6000061035156,256.79998779296875,253.39999389648438,253.39999389648438,13260,0.0,0.0,2022-02-18
1311,2022-02-18 17:00:00+01:00,254.0,254.1999969482422,252.39999389648438,254.0,66070,0.0,0.0,2022-02-18
1312,2022-02-21 09:00:00+01:00,250.0,254.1999969482422,243.60000610351562,243.60000610351562,0,0.0,0.0,2022-02-21
1313,2022-02-21 10:00:00+01:00,243.8000030517578,243.8000030517578,239.39999389648438,239.39999389648438,35129,0.0,0.0,2022-02-21
1314,2022-02-21 11:00:00+01:00,239.39999389648438,243.8000030517578,236.1999969482422,242.0,54900,0.0,0.0,2022-02-21
1315,2022-02-21 12:00:00+01:00,241.1999969482422,244.60000610351562,241.0,243.0,14405,0.0,0.0,2022-02-21
1316,2022-02-21 13:00:00+01:00,243.1999969482422,244.60000610351562,242.39999389648438,244.39999389648438,7847,0.0,0.0,2022-02-21
1317,2022-02-21 14:00:00+01:00,244.60000610351562,245.0,241.60000610351562,243.39999389648438,12454,0.0,0.0,2022-02-21
1318,2022-02-21 15:00:00+01:00,242.39999389648438,244.39999389648438,240.39999389648438,241.60000610351562,19833,0.0,0.0,2022-02-21
1319,2022-02-21 16:00:00+01:00,241.60000610351562,244.60000610351562,241.60000610351562,244.1999969482422,13624,0.0,0.0,2022-02-21
1320,2022-02-21 17:00:00+01:00,244.1999969482422,244.1999969482422,241.39999389648438,241.39999389648438,84023,0.0,0.0,2022-02-21
1321,2022-02-22 09:00:00+01:00,235.0,246.0,232.39999389648438,245.60000610351562,0,0.0,0.0,2022-02-22
1322,2022-02-22 10:00:00+01:00,245.1999969482422,245.8000030517578,242.39999389648438,243.0,16475,0.0,0.0,2022-02-22
1323,2022-02-22 11:00:00+01:00,243.8000030517578,249.39999389648438,243.8000030517578,248.60000610351562,19390,0.0,0.0,2022-02-22
1324,2022-02-22 12:00:00+01:00,248.8000030517578,250.1999969482422,247.8000030517578,249.8000030517578,13900,0.0,0.0,2022-02-22
1325,2022-02-22 13:00:00+01:00,249.8000030517578,251.8000030517578,249.8000030517578,251.8000030517578,7412,0.0,0.0,2022-02-22
1326,2022-02-22 14:00:00+01:00,252.0,253.0,250.39999389648438,251.8000030517578,21176,0.0,0.0,2022-02-22
1327,2022-02-22 15:00:00+01:00,251.8000030517578,254.8000030517578,251.8000030517578,254.1999969482422,20854,0.0,0.0,2022-02-22
1328,2022-02-22 16:00:00+01:00,254.1999969482422,255.1999969482422,253.1999969482422,253.8000030517578,36524,0.0,0.0,2022-02-22
1329,2022-02-22 17:00:00+01:00,254.0,254.0,252.39999389648438,252.39999389648438,166943,0.0,0.0,2022-02-22
1330,2022-02-23 09:00:00+01:00,254.0,258.20001220703125,252.8000030517578,254.39999389648438,0,0.0,0.0,2022-02-23
1331,2022-02-23 10:00:00+01:00,254.8000030517578,256.20001220703125,251.8000030517578,252.0,20388,0.0,0.0,2022-02-23
1332,2022-02-23 11:00:00+01:00,252.0,253.39999389648438,250.60000610351562,252.39999389648438,18691,0.0,0.0,2022-02-23
1333,2022-02-23 12:00:00+01:00,252.39999389648438,252.8000030517578,250.1999969482422,251.1999969482422,14466,0.0,0.0,2022-02-23
1334,2022-02-23 13:00:00+01:00,250.60000610351562,251.60000610351562,250.1999969482422,251.60000610351562,16372,0.0,0.0,2022-02-23
1335,2022-02-23 14:00:00+01:00,251.1999969482422,253.1999969482422,251.1999969482422,253.1999969482422,9339,0.0,0.0,2022-02-23
1336,2022-02-23 15:00:00+01:00,253.1999969482422,253.8000030517578,251.60000610351562,252.1999969482422,15631,0.0,0.0,2022-02-23
1337,2022-02-23 16:00:00+01:00,252.1999969482422,252.60000610351562,249.8000030517578,250.8000030517578,23111,0.0,0.0,2022-02-23
1338,2022-02-23 17:00:00+01:00,250.60000610351562,251.0,248.8000030517578,248.8000030517578,85088,0.0,0.0,2022-02-23
1339,2022-02-24 09:00:00+01:00,231.8000030517578,245.1999969482422,229.8000030517578,244.1999969482422,0,0.0,0.0,2022-02-24
1340,2022-02-24 10:00:00+01:00,244.60000610351562,248.1999969482422,240.8000030517578,240.8000030517578,41363,0.0,0.0,2022-02-24
1341,2022-02-24 11:00:00+01:00,241.1999969482422,242.39999389648438,235.1999969482422,235.1999969482422,232617,0.0,0.0,2022-02-24
1342,2022-02-24 12:00:00+01:00,235.39999389648438,235.8000030517578,232.39999389648438,235.8000030517578,24091,0.0,0.0,2022-02-24
1343,2022-02-24 13:00:00+01:00,235.39999389648438,235.39999389648438,232.0,233.1999969482422,17961,0.0,0.0,2022-02-24
1344,2022-02-24 14:00:00+01:00,233.39999389648438,235.39999389648438,232.1999969482422,234.8000030517578,9734,0.0,0.0,2022-02-24
1345,2022-02-24 15:00:00+01:00,235.1999969482422,241.0,235.0,240.60000610351562,14648,0.0,0.0,2022-02-24
1346,2022-02-25 09:00:00+01:00,248.39999389648438,252.0,245.0,247.0,0,0.0,0.0,2022-02-25
1347,2022-02-25 10:00:00+01:00,247.39999389648438,249.39999389648438,245.8000030517578,249.39999389648438,214297,0.0,0.0,2022-02-25
1348,2022-02-25 11:00:00+01:00,249.8000030517578,254.0,249.39999389648438,253.1999969482422,8820,0.0,0.0,2022-02-25
1349,2022-02-25 12:00:00+01:00,253.60000610351562,255.8000030517578,253.0,254.8000030517578,10121,0.0,0.0,2022-02-25
1350,2022-02-25 13:00:00+01:00,254.60000610351562,258.20001220703125,254.60000610351562,258.20001220703125,212096,0.0,0.0,2022-02-25
1351,2022-02-25 14:00:00+01:00,258.0,259.6000061035156,257.20001220703125,257.79998779296875,16119,0.0,0.0,2022-02-25
1352,2022-02-25 15:00:00+01:00,257.6000061035156,258.0,255.8000030517578,256.20001220703125,24636,0.0,0.0,2022-02-25
1353,2022-02-25 16:00:00+01:00,255.8000030517578,258.0,254.8000030517578,257.3999938964844,27907,0.0,0.0,2022-02-25
1354,2022-02-25 17:00:00+01:00,257.20001220703125,257.20001220703125,255.8000030517578,256.3999938964844,99194,0.0,0.0,2022-02-25
1355,2022-02-28 09:00:00+01:00,248.8000030517578,256.3999938964844,248.8000030517578,254.1999969482422,0,0.0,0.0,2022-02-28
1356,2022-02-28 10:00:00+01:00,254.39999389648438,256.6000061035156,252.8000030517578,256.3999938964844,225688,0.0,0.0,2022-02-28
1357,2022-02-28 11:00:00+01:00,256.3999938964844,257.20001220703125,252.8000030517578,254.1999969482422,14336,0.0,0.0,2022-02-28
1358,2022-02-28 12:00:00+01:00,254.39999389648438,254.60000610351562,252.8000030517578,254.0,8435,0.0,0.0,2022-02-28
1359,2022-02-28 13:00:00+01:00,254.1999969482422,257.3999938964844,254.1999969482422,256.6000061035156,11827,0.0,0.0,2022-02-28
1360,2022-02-28 14:00:00+01:00,256.6000061035156,256.6000061035156,255.60000610351562,256.0,19757,0.0,0.0,2022-02-28
1361,2022-02-28 15:00:00+01:00,256.20001220703125,257.3999938964844,255.60000610351562,257.3999938964844,26436,0.0,0.0,2022-02-28
1362,2022-02-28 16:00:00+01:00,256.79998779296875,260.0,254.39999389648438,260.0,56973,0.0,0.0,2022-02-28
1363,2022-02-28 17:00:00+01:00,260.0,260.6000061035156,259.6000061035156,260.0,276109,0.0,0.0,2022-02-28
1364,2022-03-01 09:00:00+01:00,258.79998779296875,261.3999938964844,252.39999389648438,254.8000030517578,0,0.0,0.0,2022-03-01
1365,2022-03-01 10:00:00+01:00,254.8000030517578,256.20001220703125,253.1999969482422,256.0,30916,0.0,0.0,2022-03-01
1366,2022-03-01 11:00:00+01:00,255.60000610351562,257.20001220703125,252.0,256.79998779296875,29061,0.0,0.0,2022-03-01
1367,2022-03-01 12:00:00+01:00,256.6000061035156,259.20001220703125,256.6000061035156,257.79998779296875,7607,0.0,0.0,2022-03-01
1368,2022-03-01 13:00:00+01:00,257.6000061035156,259.6000061035156,256.79998779296875,258.79998779296875,10432,0.0,0.0,2022-03-01
1369,2022-03-01 14:00:00+01:00,258.79998779296875,262.0,258.20001220703125,261.6000061035156,12321,0.0,0.0,2022-03-01
1370,2022-03-01 15:00:00+01:00,261.79998779296875,265.79998779296875,261.79998779296875,262.79998779296875,63740,0.0,0.0,2022-03-01
1371,2022-03-01 16:00:00+01:00,263.0,263.79998779296875,259.3999938964844,259.3999938964844,60923,0.0,0.0,2022-03-01
1372,2022-03-01 17:00:00+01:00,259.0,260.0,258.20001220703125,258.20001220703125,124209,0.0,0.0,2022-03-01
1373,2022-03-02 09:00:00+01:00,255.0,261.3999938964844,251.1999969482422,253.0,0,0.0,0.0,2022-03-02
1374,2022-03-02 10:00:00+01:00,253.0,256.3999938964844,251.8000030517578,253.0,25733,0.0,0.0,2022-03-02
1375,2022-03-02 11:00:00+01:00,252.8000030517578,259.20001220703125,251.8000030517578,257.6000061035156,18987,0.0,0.0,2022-03-02
1376,2022-03-02 12:00:00+01:00,257.79998779296875,259.3999938964844,257.6000061035156,259.3999938964844,8660,0.0,0.0,2022-03-02
1377,2022-03-02 13:00:00+01:00,259.79998779296875,260.6000061035156,257.0,258.6000061035156,22851,0.0,0.0,2022-03-02
1378,2022-03-02 14:00:00+01:00,258.3999938964844,259.79998779296875,257.79998779296875,259.0,10465,0.0,0.0,2022-03-02
1379,2022-03-02 15:00:00+01:00,259.20001220703125,262.0,257.20001220703125,261.3999938964844,35035,0.0,0.0,2022-03-02
1380,2022-03-02 16:00:00+01:00,261.3999938964844,262.3999938964844,258.6000061035156,262.0,31877,0.0,0.0,2022-03-02
1381,2022-03-02 17:00:00+01:00,262.3999938964844,264.79998779296875,262.0,262.0,106513,0.0,0.0,2022-03-02
1382,2022-03-03 09:00:00+01:00,260.6000061035156,265.20001220703125,260.20001220703125,263.79998779296875,0,0.0,0.0,2022-03-03
1383,2022-03-03 10:00:00+01:00,264.20001220703125,264.79998779296875,262.0,263.3999938964844,18588,0.0,0.0,2022-03-03
1384,2022-03-03 11:00:00+01:00,263.6000061035156,266.79998779296875,263.20001220703125,266.79998779296875,18144,0.0,0.0,2022-03-03
1385,2022-03-03 12:00:00+01:00,266.3999938964844,268.3999938964844,263.79998779296875,263.79998779296875,37427,0.0,0.0,2022-03-03
1386,2022-03-03 13:00:00+01:00,264.3999938964844,264.6000061035156,262.79998779296875,264.3999938964844,25289,0.0,0.0,2022-03-03
1387,2022-03-03 14:00:00+01:00,264.5,268.79998779296875,264.0,268.79998779296875,27902,0.0,0.0,2022-03-03
1388,2022-03-03 15:00:00+01:00,268.3999938964844,269.6000061035156,264.79998779296875,265.20001220703125,58617,0.0,0.0,2022-03-03
1389,2022-03-03 16:00:00+01:00,265.0,265.0,259.20001220703125,259.20001220703125,42975,0.0,0.0,2022-03-03
1390,2022-03-03 17:00:00+01:00,259.0,259.79998779296875,257.79998779296875,257.79998779296875,105736,0.0,0.0,2022-03-03
1391,2022-03-04 09:00:00+01:00,255.0,265.0,255.0,259.79998779296875,0,0.0,0.0,2022-03-04
1392,2022-03-04 10:00:00+01:00,259.20001220703125,259.3999938964844,252.1999969482422,252.8000030517578,264934,0.0,0.0,2022-03-04
1393,2022-03-04 11:00:00+01:00,252.39999389648438,256.6000061035156,252.1999969482422,255.8000030517578,29757,0.0,0.0,2022-03-04
1394,2022-03-04 12:00:00+01:00,256.0,257.0,251.60000610351562,251.60000610351562,11536,0.0,0.0,2022-03-04
1395,2022-03-04 13:00:00+01:00,252.0,252.1999969482422,250.8000030517578,251.60000610351562,7873,0.0,0.0,2022-03-04
1396,2022-03-04 14:00:00+01:00,252.0,254.60000610351562,250.8000030517578,251.1999969482422,28187,0.0,0.0,2022-03-04
1397,2022-03-04 15:00:00+01:00,251.39999389648438,251.60000610351562,248.8000030517578,250.8000030517578,13813,0.0,0.0,2022-03-04
1398,2022-03-04 16:00:00+01:00,250.8000030517578,250.8000030517578,247.1999969482422,247.1999969482422,20381,0.0,0.0,2022-03-04
1399,2022-03-04 17:00:00+01:00,247.1999969482422,248.0,246.1999969482422,247.39999389648438,70667,0.0,0.0,2022-03-04
1400,2022-03-07 09:00:00+01:00,237.1999969482422,242.1999969482422,233.1999969482422,235.8000030517578,0,0.0,0.0,2022-03-07
1401,2022-03-07 10:00:00+01:00,235.60000610351562,242.0,234.1999969482422,237.1999969482422,245596,0.0,0.0,2022-03-07
1402,2022-03-07 11:00:00+01:00,237.39999389648438,238.0,234.8000030517578,235.0,25726,0.0,0.0,2022-03-07
1403,2022-03-07 12:00:00+01:00,235.0,237.0,233.8000030517578,236.60000610351562,23278,0.0,0.0,2022-03-07
1404,2022-03-07 13:00:00+01:00,237.0,242.1999969482422,236.60000610351562,241.8000030517578,134828,0.0,0.0,2022-03-07
1405,2022-03-07 14:00:00+01:00,243.0,246.1999969482422,242.1999969482422,245.8000030517578,25095,0.0,0.0,2022-03-07
1406,2022-03-07 15:00:00+01:00,245.60000610351562,248.39999389648438,245.1999969482422,247.39999389648438,25146,0.0,0.0,2022-03-07
1407,2022-03-07 16:00:00+01:00,246.60000610351562,247.0,239.60000610351562,240.60000610351562,61162,0.0,0.0,2022-03-07
1408,2022-03-07 17:00:00+01:00,240.8000030517578,242.8000030517578,240.0,241.0,118245,0.0,0.0,2022-03-07
1409,2022-03-08 09:00:00+01:00,237.0,247.8000030517578,236.0,239.1999969482422,0,0.0,0.0,2022-03-08
1410,2022-03-08 10:00:00+01:00,238.1999969482422,244.0,238.1999969482422,241.39999389648438,37144,0.0,0.0,2022-03-08
1411,2022-03-08 11:00:00+01:00,241.60000610351562,242.0,236.39999389648438,236.8000030517578,36512,0.0,0.0,2022-03-08
1412,2022-03-08 12:00:00+01:00,236.60000610351562,236.8000030517578,233.39999389648438,234.1999969482422,12181,0.0,0.0,2022-03-08
1413,2022-03-08 13:00:00+01:00,234.60000610351562,239.60000610351562,234.39999389648438,236.0,14623,0.0,0.0,2022-03-08
1414,2022-03-08 14:00:00+01:00,235.8000030517578,236.1999969482422,232.8000030517578,234.39999389648438,39777,0.0,0.0,2022-03-08
1415,2022-03-08 15:00:00+01:00,234.39999389648438,238.8000030517578,234.39999389648438,237.8000030517578,17749,0.0,0.0,2022-03-08
1416,2022-03-08 16:00:00+01:00,237.60000610351562,237.60000610351562,231.8000030517578,236.0,43137,0.0,0.0,2022-03-08
1417,2022-03-08 17:00:00+01:00,236.0,236.8000030517578,234.8000030517578,234.8000030517578,104433,0.0,0.0,2022-03-08
1418,2022-03-09 09:00:00+01:00,237.0,246.0,236.60000610351562,245.60000610351562,0,0.0,0.0,2022-03-09
1419,2022-03-09 10:00:00+01:00,245.60000610351562,248.39999389648438,244.0,246.1999969482422,110343,0.0,0.0,2022-03-09
1420,2022-03-09 11:00:00+01:00,246.0,249.8000030517578,245.8000030517578,246.0,45091,0.0,0.0,2022-03-09
1421,2022-03-09 12:00:00+01:00,246.0,248.1999969482422,245.39999389648438,247.0,15229,0.0,0.0,2022-03-09
1422,2022-03-09 13:00:00+01:00,247.8000030517578,248.0,246.1999969482422,247.8000030517578,11055,0.0,0.0,2022-03-09
1423,2022-03-09 14:00:00+01:00,248.0,249.60000610351562,246.1999969482422,246.1999969482422,13571,0.0,0.0,2022-03-09
1424,2022-03-09 15:00:00+01:00,246.0,253.1999969482422,245.8000030517578,249.39999389648438,51698,0.0,0.0,2022-03-09
1425,2022-03-09 16:00:00+01:00,249.8000030517578,252.60000610351562,249.60000610351562,252.60000610351562,75049,0.0,0.0,2022-03-09
1426,2022-03-09 17:00:00+01:00,252.39999389648438,252.39999389648438,250.1999969482422,250.60000610351562,139926,0.0,0.0,2022-03-09
1427,2022-03-10 09:00:00+01:00,259.3999938964844,263.79998779296875,246.8000030517578,251.60000610351562,0,0.0,0.0,2022-03-10
1428,2022-03-10 10:00:00+01:00,251.39999389648438,255.39999389648438,251.1999969482422,251.1999969482422,17714,0.0,0.0,2022-03-10
1429,2022-03-10 11:00:00+01:00,251.1999969482422,254.1999969482422,251.1999969482422,252.1999969482422,9052,0.0,0.0,2022-03-10
1430,2022-03-10 12:00:00+01:00,252.60000610351562,254.39999389648438,252.39999389648438,253.0,9420,0.0,0.0,2022-03-10
1431,2022-03-10 13:00:00+01:00,253.1999969482422,254.0,251.8000030517578,251.8000030517578,9275,0.0,0.0,2022-03-10
1432,2022-03-10 14:00:00+01:00,251.39999389648438,251.60000610351562,250.1999969482422,251.0,20152,0.0,0.0,2022-03-10
1433,2022-03-10 15:00:00+01:00,250.60000610351562,253.8000030517578,250.1999969482422,253.39999389648438,15396,0.0,0.0,2022-03-10
1434,2022-03-10 16:00:00+01:00,253.60000610351562,253.8000030517578,251.60000610351562,251.8000030517578,18671,0.0,0.0,2022-03-10
1435,2022-03-10 17:00:00+01:00,251.60000610351562,253.0,250.8000030517578,252.1999969482422,101973,0.0,0.0,2022-03-10
1436,2022-03-11 09:00:00+01:00,247.1999969482422,255.60000610351562,247.1999969482422,251.1999969482422,0,0.0,0.0,2022-03-11
1437,2022-03-11 10:00:00+01:00,251.1999969482422,256.20001220703125,251.1999969482422,255.0,11798,0.0,0.0,2022-03-11
1438,2022-03-11 11:00:00+01:00,255.60000610351562,257.6000061035156,255.0,255.1999969482422,13576,0.0,0.0,2022-03-11
1439,2022-03-11 12:00:00+01:00,255.39999389648438,260.0,254.8000030517578,258.79998779296875,33473,0.0,0.0,2022-03-11
1440,2022-03-11 13:00:00+01:00,258.6000061035156,260.79998779296875,258.0,258.0,16804,0.0,0.0,2022-03-11
1441,2022-03-11 14:00:00+01:00,258.3999938964844,260.6000061035156,258.20001220703125,259.6000061035156,8902,0.0,0.0,2022-03-11
1442,2022-03-11 15:00:00+01:00,260.0,261.0,257.3999938964844,258.0,12590,0.0,0.0,2022-03-11
1443,2022-03-11 16:00:00+01:00,256.79998779296875,260.0,256.79998779296875,260.0,15746,0.0,0.0,2022-03-11
1444,2022-03-11 17:00:00+01:00,259.6000061035156,259.6000061035156,258.0,259.6000061035156,97348,0.0,0.0,2022-03-11
1445,2022-03-14 09:00:00+01:00,259.6000061035156,266.20001220703125,258.79998779296875,259.20001220703125,0,0.0,0.0,2022-03-14
1446,2022-03-14 10:00:00+01:00,259.79998779296875,267.20001220703125,259.6000061035156,266.0,24351,0.0,0.0,2022-03-14
1447,2022-03-14 11:00:00+01:00,265.79998779296875,266.20001220703125,263.6000061035156,265.79998779296875,16051,0.0,0.0,2022-03-14
1448,2022-03-14 12:00:00+01:00,266.0,266.0,262.3999938964844,262.6000061035156,15281,0.0,0.0,2022-03-14
1449,2022-03-14 13:00:00+01:00,262.79998779296875,265.6000061035156,262.6000061035156,265.20001220703125,5097,0.0,0.0,2022-03-14
1450,2022-03-14 14:00:00+01:00,265.20001220703125,265.79998779296875,263.79998779296875,265.0,8880,0.0,0.0,2022-03-14
1451,2022-03-14 15:00:00+01:00,265.0,272.79998779296875,264.6000061035156,271.79998779296875,40038,0.0,0.0,2022-03-14
1452,2022-03-14 16:00:00+01:00,270.79998779296875,271.0,266.0,267.3999938964844,32228,0.0,0.0,2022-03-14
1453,2022-03-14 17:00:00+01:00,267.6000061035156,267.6000061035156,265.6000061035156,265.79998779296875,73915,0.0,0.0,2022-03-14
1454,2022-03-15 09:00:00+01:00,260.0,264.20001220703125,254.8000030517578,255.39999389648438,0,0.0,0.0,2022-03-15
1455,2022-03-15 10:00:00+01:00,255.60000610351562,257.3999938964844,254.0,257.20001220703125,14016,0.0,0.0,2022-03-15
1456,2022-03-15 11:00:00+01:00,257.3999938964844,259.20001220703125,256.3999938964844,258.6000061035156,18500,0.0,0.0,2022-03-15
1457,2022-03-15 12:00:00+01:00,258.79998779296875,260.6000061035156,257.6000061035156,258.6000061035156,7932,0.0,0.0,2022-03-15
1458,2022-03-15 13:00:00+01:00,258.6000061035156,262.20001220703125,258.3999938964844,261.6000061035156,19128,0.0,0.0,2022-03-15
1459,2022-03-15 14:00:00+01:00,261.6000061035156,262.3999938964844,259.3999938964844,262.3999938964844,12502,0.0,0.0,2022-03-15
1460,2022-03-15 15:00:00+01:00,262.0,262.20001220703125,260.20001220703125,260.6000061035156,19079,0.0,0.0,2022-03-15
1461,2022-03-15 16:00:00+01:00,261.0,261.79998779296875,256.20001220703125,257.3999938964844,26000,0.0,0.0,2022-03-15
1462,2022-03-15 17:00:00+01:00,257.20001220703125,257.79998779296875,256.0,256.6000061035156,92723,0.0,0.0,2022-03-15
1463,2022-03-16 09:00:00+01:00,262.3999938964844,268.6000061035156,260.79998779296875,267.79998779296875,0,0.0,0.0,2022-03-16
1464,2022-03-16 10:00:00+01:00,268.20001220703125,270.20001220703125,268.20001220703125,268.20001220703125,10811,0.0,0.0,2022-03-16
1465,2022-03-16 11:00:00+01:00,269.0,273.0,269.0,272.20001220703125,10415,0.0,0.0,2022-03-16
1466,2022-03-16 12:00:00+01:00,272.3999938964844,273.0,271.3999938964844,272.0,7187,0.0,0.0,2022-03-16
1467,2022-03-16 13:00:00+01:00,272.6000061035156,272.6000061035156,271.0,271.79998779296875,9715,0.0,0.0,2022-03-16
1468,2022-03-16 14:00:00+01:00,271.6000061035156,272.20001220703125,269.6000061035156,270.20001220703125,9560,0.0,0.0,2022-03-16
1469,2022-03-16 15:00:00+01:00,270.3999938964844,273.20001220703125,269.6000061035156,270.79998779296875,34470,0.0,0.0,2022-03-16
1470,2022-03-16 16:00:00+01:00,270.6000061035156,272.6000061035156,269.79998779296875,270.6000061035156,19917,0.0,0.0,2022-03-16
1471,2022-03-16 17:00:00+01:00,270.6000061035156,272.79998779296875,270.6000061035156,272.79998779296875,97800,0.0,0.0,2022-03-16
1472,2022-03-17 09:00:00+01:00,273.20001220703125,281.0,273.20001220703125,279.6000061035156,0,0.0,0.0,2022-03-17
1473,2022-03-17 10:00:00+01:00,280.20001220703125,281.20001220703125,280.0,280.6000061035156,15045,0.0,0.0,2022-03-17
1474,2022-03-17 11:00:00+01:00,280.3999938964844,280.6000061035156,278.20001220703125,279.79998779296875,34368,0.0,0.0,2022-03-17
1475,2022-03-17 12:00:00+01:00,279.79998779296875,280.20001220703125,277.79998779296875,278.20001220703125,13292,0.0,0.0,2022-03-17
1476,2022-03-17 13:00:00+01:00,278.0,278.0,275.20001220703125,275.3999938964844,16863,0.0,0.0,2022-03-17
1477,2022-03-17 14:00:00+01:00,275.6000061035156,278.20001220703125,274.0,277.79998779296875,19544,0.0,0.0,2022-03-17
1478,2022-03-17 15:00:00+01:00,277.79998779296875,279.6000061035156,276.3999938964844,277.79998779296875,82595,0.0,0.0,2022-03-17
1479,2022-03-17 16:00:00+01:00,278.0,278.79998779296875,276.3999938964844,277.6000061035156,21762,0.0,0.0,2022-03-17
1480,2022-03-17 17:00:00+01:00,277.3999938964844,278.20001220703125,277.20001220703125,278.20001220703125,64638,0.0,0.0,2022-03-17
1481,2022-03-18 09:00:00+01:00,278.0,281.0,278.0,278.79998779296875,0,0.0,0.0,2022-03-18
1482,2022-03-18 10:00:00+01:00,279.0,280.6000061035156,278.6000061035156,279.3999938964844,14408,0.0,0.0,2022-03-18
1483,2022-03-18 11:00:00+01:00,279.6000061035156,280.3999938964844,278.0,279.0,45401,0.0,0.0,2022-03-18
1484,2022-03-18 12:00:00+01:00,279.0,279.0,275.3999938964844,277.6000061035156,23880,0.0,0.0,2022-03-18
1485,2022-03-18 13:00:00+01:00,277.6000061035156,280.79998779296875,277.6000061035156,279.79998779296875,13182,0.0,0.0,2022-03-18
1486,2022-03-18 14:00:00+01:00,280.0,281.20001220703125,278.79998779296875,281.20001220703125,13203,0.0,0.0,2022-03-18
1487,2022-03-18 15:00:00+01:00,281.0,284.6000061035156,281.0,283.20001220703125,34244,0.0,0.0,2022-03-18
1488,2022-03-18 16:00:00+01:00,283.6000061035156,285.79998779296875,283.6000061035156,285.6000061035156,34918,0.0,0.0,2022-03-18
1489,2022-03-18 17:00:00+01:00,285.3999938964844,287.3999938964844,285.3999938964844,287.3999938964844,378369,0.0,0.0,2022-03-18
1490,2022-03-21 09:00:00+01:00,287.20001220703125,288.0,285.0,285.3999938964844,0,0.0,0.0,2022-03-21
1491,2022-03-21 10:00:00+01:00,285.3999938964844,287.6000061035156,283.0,286.6000061035156,60070,0.0,0.0,2022-03-21
1492,2022-03-21 11:00:00+01:00,286.79998779296875,288.3999938964844,286.79998779296875,287.6000061035156,18859,0.0,0.0,2022-03-21
1493,2022-03-21 12:00:00+01:00,287.79998779296875,287.79998779296875,286.0,287.3999938964844,17712,0.0,0.0,2022-03-21
1494,2022-03-21 13:00:00+01:00,287.6000061035156,287.6000061035156,285.20001220703125,286.20001220703125,13432,0.0,0.0,2022-03-21
1495,2022-03-21 14:00:00+01:00,286.0,287.79998779296875,284.79998779296875,285.0,29103,0.0,0.0,2022-03-21
1496,2022-03-21 15:00:00+01:00,285.0,290.3999938964844,283.20001220703125,289.6000061035156,49417,0.0,0.0,2022-03-21
1497,2022-03-21 16:00:00+01:00,288.0,288.79998779296875,285.3999938964844,287.79998779296875,25151,0.0,0.0,2022-03-21
1498,2022-03-21 17:00:00+01:00,287.6000061035156,288.0,286.0,287.20001220703125,76436,0.0,0.0,2022-03-21
1499,2022-03-22 09:00:00+01:00,287.20001220703125,287.20001220703125,283.0,284.79998779296875,0,0.0,0.0,2022-03-22
1500,2022-03-22 10:00:00+01:00,285.0,286.20001220703125,284.3999938964844,285.20001220703125,12064,0.0,0.0,2022-03-22
1501,2022-03-22 11:00:00+01:00,285.0,287.79998779296875,284.79998779296875,287.3999938964844,15555,0.0,0.0,2022-03-22
1502,2022-03-22 12:00:00+01:00,287.20001220703125,287.20001220703125,284.20001220703125,285.0,15055,0.0,0.0,2022-03-22
1503,2022-03-22 13:00:00+01:00,285.20001220703125,285.20001220703125,283.0,284.0,19267,0.0,0.0,2022-03-22
1504,2022-03-22 14:00:00+01:00,283.79998779296875,284.3999938964844,282.0,282.6000061035156,20592,0.0,0.0,2022-03-22
1505,2022-03-22 15:00:00+01:00,282.3999938964844,284.79998779296875,282.20001220703125,284.20001220703125,31390,0.0,0.0,2022-03-22
1506,2022-03-22 16:00:00+01:00,284.0,284.20001220703125,282.3999938964844,283.20001220703125,40896,0.0,0.0,2022-03-22
1507,2022-03-22 17:00:00+01:00,283.3999938964844,283.3999938964844,281.20001220703125,282.0,133351,0.0,0.0,2022-03-22
1508,2022-03-23 09:00:00+01:00,283.3999938964844,284.3999938964844,276.3999938964844,276.79998779296875,0,0.0,0.0,2022-03-23
1509,2022-03-23 10:00:00+01:00,277.0,277.20001220703125,271.3999938964844,272.0,30337,0.0,0.0,2022-03-23
1510,2022-03-23 11:00:00+01:00,271.6000061035156,271.6000061035156,269.0,270.0,19471,0.0,0.0,2022-03-23
1511,2022-03-23 12:00:00+01:00,270.20001220703125,270.79998779296875,269.0,270.0,10402,0.0,0.0,2022-03-23
1512,2022-03-23 13:00:00+01:00,270.0,271.6000061035156,269.20001220703125,269.3999938964844,12528,0.0,0.0,2022-03-23
1513,2022-03-23 14:00:00+01:00,269.3999938964844,270.20001220703125,268.20001220703125,268.6000061035156,15102,0.0,0.0,2022-03-23
1514,2022-03-23 15:00:00+01:00,268.6000061035156,269.20001220703125,266.79998779296875,267.3999938964844,20128,0.0,0.0,2022-03-23
1515,2022-03-23 16:00:00+01:00,267.3999938964844,269.0,267.0,268.6000061035156,28321,0.0,0.0,2022-03-23
1516,2022-03-23 17:00:00+01:00,269.20001220703125,269.79998779296875,268.20001220703125,268.6000061035156,85581,0.0,0.0,2022-03-23
1517,2022-03-24 09:00:00+01:00,269.20001220703125,270.3999938964844,266.6000061035156,267.79998779296875,0,0.0,0.0,2022-03-24
1518,2022-03-24 10:00:00+01:00,267.3999938964844,267.3999938964844,265.6000061035156,265.6000061035156,8776,0.0,0.0,2022-03-24
1519,2022-03-24 11:00:00+01:00,265.3999938964844,265.3999938964844,260.6000061035156,261.20001220703125,231652,0.0,0.0,2022-03-24
1520,2022-03-24 12:00:00+01:00,261.6000061035156,263.0,261.20001220703125,262.6000061035156,12296,0.0,0.0,2022-03-24
1521,2022-03-24 13:00:00+01:00,262.79998779296875,264.20001220703125,262.20001220703125,263.6000061035156,12542,0.0,0.0,2022-03-24
1522,2022-03-24 14:00:00+01:00,263.6000061035156,264.6000061035156,263.0,263.20001220703125,16728,0.0,0.0,2022-03-24
1523,2022-03-24 15:00:00+01:00,263.3999938964844,264.6000061035156,261.20001220703125,261.3999938964844,20622,0.0,0.0,2022-03-24
1524,2022-03-24 16:00:00+01:00,261.3999938964844,261.79998779296875,260.0,260.20001220703125,10919,0.0,0.0,2022-03-24
1525,2022-03-24 17:00:00+01:00,260.20001220703125,263.20001220703125,260.0,261.3999938964844,138251,0.0,0.0,2022-03-24
1526,2022-03-25 09:00:00+01:00,261.3999938964844,267.6000061035156,260.0,267.0,0,0.0,0.0,2022-03-25
1527,2022-03-25 10:00:00+01:00,267.20001220703125,271.6000061035156,266.3999938964844,271.0,16136,0.0,0.0,2022-03-25
1528,2022-03-25 11:00:00+01:00,271.20001220703125,271.6000061035156,270.3999938964844,271.20001220703125,9827,0.0,0.0,2022-03-25
1529,2022-03-25 12:00:00+01:00,270.79998779296875,271.20001220703125,268.3999938964844,269.6000061035156,7682,0.0,0.0,2022-03-25
1530,2022-03-25 13:00:00+01:00,269.3999938964844,269.79998779296875,268.79998779296875,268.79998779296875,8204,0.0,0.0,2022-03-25
1531,2022-03-25 14:00:00+01:00,268.6000061035156,268.6000061035156,264.20001220703125,264.3999938964844,13970,0.0,0.0,2022-03-25
1532,2022-03-25 15:00:00+01:00,264.0,264.6000061035156,262.6000061035156,263.6000061035156,16120,0.0,0.0,2022-03-25
1533,2022-03-25 16:00:00+01:00,264.20001220703125,264.20001220703125,260.20001220703125,263.0,32713,0.0,0.0,2022-03-25
1534,2022-03-25 17:00:00+01:00,263.0,264.20001220703125,262.6000061035156,264.0,97203,0.0,0.0,2022-03-25
1535,2022-03-28 09:00:00+02:00,264.0,266.79998779296875,262.6000061035156,266.0,0,0.0,0.0,2022-03-28
1536,2022-03-28 10:00:00+02:00,265.6000061035156,265.6000061035156,261.79998779296875,265.0,7792,0.0,0.0,2022-03-28
1537,2022-03-28 11:00:00+02:00,265.3999938964844,265.79998779296875,263.3999938964844,264.0,13208,0.0,0.0,2022-03-28
1538,2022-03-28 12:00:00+02:00,264.3999938964844,264.6000061035156,263.3999938964844,264.20001220703125,4106,0.0,0.0,2022-03-28
1539,2022-03-28 13:00:00+02:00,264.0,266.20001220703125,263.79998779296875,266.0,100218,0.0,0.0,2022-03-28
1540,2022-03-28 14:00:00+02:00,266.0,267.6000061035156,265.20001220703125,265.79998779296875,15620,0.0,0.0,2022-03-28
1541,2022-03-28 15:00:00+02:00,265.79998779296875,267.3999938964844,264.20001220703125,266.20001220703125,30118,0.0,0.0,2022-03-28
1542,2022-03-28 16:00:00+02:00,266.3999938964844,266.3999938964844,263.6000061035156,265.3999938964844,14976,0.0,0.0,2022-03-28
1543,2022-03-28 17:00:00+02:00,265.3999938964844,266.6000061035156,264.3999938964844,266.6000061035156,75842,0.0,0.0,2022-03-28
1544,2022-03-29 09:00:00+02:00,272.0,273.79998779296875,269.0,271.0,0,0.0,0.0,2022-03-29
1545,2022-03-29 10:00:00+02:00,272.0,272.20001220703125,269.0,270.0,7640,0.0,0.0,2022-03-29
1546,2022-03-29 11:00:00+02:00,270.20001220703125,271.79998779296875,270.20001220703125,271.0,7393,0.0,0.0,2022-03-29
1547,2022-03-29 12:00:00+02:00,270.79998779296875,271.3999938964844,270.20001220703125,270.3999938964844,6200,0.0,0.0,2022-03-29
1548,2022-03-29 13:00:00+02:00,271.3999938964844,272.6000061035156,270.3999938964844,272.20001220703125,30112,0.0,0.0,2022-03-29
1549,2022-03-29 14:00:00+02:00,272.3999938964844,273.20001220703125,271.6000061035156,273.20001220703125,21744,0.0,0.0,2022-03-29
1550,2022-03-29 15:00:00+02:00,273.3999938964844,275.6000061035156,273.3999938964844,275.6000061035156,14298,0.0,0.0,2022-03-29
1551,2022-03-29 16:00:00+02:00,275.79998779296875,277.3999938964844,273.0,276.79998779296875,36623,0.0,0.0,2022-03-29
1552,2022-03-29 17:00:00+02:00,277.0,280.0,276.79998779296875,280.0,112021,0.0,0.0,2022-03-29
1553,2022-03-30 09:00:00+02:00,280.20001220703125,281.6000061035156,276.6000061035156,276.79998779296875,0,0.0,0.0,2022-03-30
1554,2022-03-30 10:00:00+02:00,276.3999938964844,276.79998779296875,274.3999938964844,274.6000061035156,12485,0.0,0.0,2022-03-30
1555,2022-03-30 11:00:00+02:00,275.20001220703125,275.79998779296875,274.20001220703125,275.6000061035156,9204,0.0,0.0,2022-03-30
1556,2022-03-30 12:00:00+02:00,275.6000061035156,277.3999938964844,274.6000061035156,277.3999938964844,8984,0.0,0.0,2022-03-30
1557,2022-03-30 13:00:00+02:00,277.3999938964844,278.6000061035156,277.20001220703125,278.6000061035156,11131,0.0,0.0,2022-03-30
1558,2022-03-30 14:00:00+02:00,278.3999938964844,279.79998779296875,277.6000061035156,279.0,17581,0.0,0.0,2022-03-30
1559,2022-03-30 15:00:00+02:00,278.79998779296875,279.0,276.3999938964844,277.20001220703125,14493,0.0,0.0,2022-03-30
1560,2022-03-30 16:00:00+02:00,277.3999938964844,280.0,277.3999938964844,279.6000061035156,10548,0.0,0.0,2022-03-30
1561,2022-03-30 17:00:00+02:00,280.0,283.0,280.0,281.3999938964844,64347,0.0,0.0,2022-03-30
1562,2022-03-31 09:00:00+02:00,284.6000061035156,285.0,278.6000061035156,284.20001220703125,0,0.0,0.0,2022-03-31
1563,2022-03-31 10:00:00+02:00,283.79998779296875,284.6000061035156,281.3999938964844,283.3999938964844,14959,0.0,0.0,2022-03-31
1564,2022-03-31 11:00:00+02:00,283.3999938964844,284.6000061035156,282.3999938964844,282.79998779296875,11429,0.0,0.0,2022-03-31
1565,2022-03-31 12:00:00+02:00,282.6000061035156,282.79998779296875,281.20001220703125,282.20001220703125,10999,0.0,0.0,2022-03-31
1566,2022-03-31 13:00:00+02:00,282.0,285.0,282.0,285.0,6975,0.0,0.0,2022-03-31
1567,2022-03-31 14:00:00+02:00,285.3999938964844,286.3999938964844,284.79998779296875,285.0,11298,0.0,0.0,2022-03-31
1568,2022-03-31 15:00:00+02:00,284.79998779296875,287.3999938964844,284.6000061035156,287.3999938964844,20865,0.0,0.0,2022-03-31
1569,2022-03-31 16:00:00+02:00,287.3999938964844,288.20001220703125,285.79998779296875,287.3999938964844,23540,0.0,0.0,2022-03-31
1570,2022-03-31 17:00:00+02:00,287.20001220703125,287.20001220703125,285.20001220703125,287.0,255820,0.0,0.0,2022-03-31
1571,2022-04-01 09:00:00+02:00,284.79998779296875,284.79998779296875,277.0,278.0,0,0.0,0.0,2022-04-01
1572,2022-04-01 10:00:00+02:00,277.6000061035156,279.5,276.0,278.5,15649,0.0,0.0,2022-04-01
1573,2022-04-01 11:00:00+02:00,278.20001220703125,281.70001220703125,278.20001220703125,280.70001220703125,13937,0.0,0.0,2022-04-01
1574,2022-04-01 12:00:00+02:00,280.79998779296875,282.20001220703125,280.6000061035156,282.20001220703125,4817,0.0,0.0,2022-04-01
1575,2022-04-01 13:00:00+02:00,282.20001220703125,282.20001220703125,279.29998779296875,279.29998779296875,2257,0.0,0.0,2022-04-01
1576,2022-04-01 14:00:00+02:00,279.5,281.70001220703125,279.29998779296875,281.6000061035156,6065,0.0,0.0,2022-04-01
1577,2022-04-01 15:00:00+02:00,281.6000061035156,284.20001220703125,281.20001220703125,284.20001220703125,17727,0.0,0.0,2022-04-01
1578,2022-04-01 16:00:00+02:00,284.1000061035156,286.70001220703125,284.1000061035156,286.70001220703125,26146,0.0,0.0,2022-04-01
1579,2022-04-01 17:00:00+02:00,286.6000061035156,287.8999938964844,286.0,287.8999938964844,77237,0.0,0.0,2022-04-01
1580,2022-04-04 09:00:00+02:00,287.8999938964844,289.29998779296875,282.20001220703125,286.0,0,0.0,0.0,2022-04-04
1581,2022-04-04 10:00:00+02:00,286.1000061035156,286.79998779296875,285.29998779296875,286.1000061035156,9002,0.0,0.0,2022-04-04
1582,2022-04-04 11:00:00+02:00,286.29998779296875,290.6000061035156,286.0,290.3999938964844,8156,0.0,0.0,2022-04-04
1583,2022-04-04 12:00:00+02:00,289.8999938964844,292.6000061035156,289.8999938964844,290.79998779296875,19247,0.0,0.0,2022-04-04
1584,2022-04-04 13:00:00+02:00,291.20001220703125,292.3999938964844,291.1000061035156,291.79998779296875,6504,0.0,0.0,2022-04-04
1585,2022-04-04 14:00:00+02:00,291.8999938964844,293.3999938964844,291.3999938964844,291.5,10531,0.0,0.0,2022-04-04
1586,2022-04-04 15:00:00+02:00,291.6000061035156,292.5,290.6000061035156,291.20001220703125,13798,0.0,0.0,2022-04-04
1587,2022-04-04 16:00:00+02:00,291.29998779296875,291.6000061035156,290.29998779296875,291.0,10672,0.0,0.0,2022-04-04
1588,2022-04-04 17:00:00+02:00,290.70001220703125,291.8999938964844,290.5,291.3999938964844,64948,0.0,0.0,2022-04-04
1589,2022-04-05 09:00:00+02:00,291.3999938964844,295.6000061035156,289.29998779296875,294.0,0,0.0,0.0,2022-04-05
1590,2022-04-05 10:00:00+02:00,294.1000061035156,295.5,293.6000061035156,295.5,15669,0.0,0.0,2022-04-05
1591,2022-04-05 11:00:00+02:00,295.29998779296875,297.70001220703125,295.29998779296875,297.0,10510,0.0,0.0,2022-04-05
1592,2022-04-05 12:00:00+02:00,297.0,297.0,294.1000061035156,295.29998779296875,9877,0.0,0.0,2022-04-05
1593,2022-04-05 13:00:00+02:00,295.29998779296875,295.29998779296875,292.3999938964844,293.20001220703125,23917,0.0,0.0,2022-04-05
1594,2022-04-05 14:00:00+02:00,293.3999938964844,294.29998779296875,289.1000061035156,289.29998779296875,15217,0.0,0.0,2022-04-05
1595,2022-04-05 15:00:00+02:00,289.5,291.5,287.5,288.29998779296875,23245,0.0,0.0,2022-04-05
1596,2022-04-05 16:00:00+02:00,288.20001220703125,288.20001220703125,284.0,285.79998779296875,23392,0.0,0.0,2022-04-05
1597,2022-04-05 17:00:00+02:00,285.6000061035156,285.6000061035156,283.8999938964844,285.0,121156,0.0,0.0,2022-04-05
1598,2022-04-06 09:00:00+02:00,284.3999938964844,286.3999938964844,279.20001220703125,279.6000061035156,0,0.0,0.0,2022-04-06
1599,2022-04-06 10:00:00+02:00,279.3999938964844,280.29998779296875,276.6000061035156,277.5,16250,0.0,0.0,2022-04-06
1600,2022-04-06 11:00:00+02:00,277.5,277.70001220703125,274.70001220703125,274.8999938964844,9928,0.0,0.0,2022-04-06
1601,2022-04-06 12:00:00+02:00,275.0,275.29998779296875,272.0,272.20001220703125,26244,0.0,0.0,2022-04-06
1602,2022-04-06 13:00:00+02:00,272.0,272.0,268.20001220703125,268.3999938964844,12975,0.0,0.0,2022-04-06
1603,2022-04-06 14:00:00+02:00,268.3999938964844,270.29998779296875,268.3999938964844,269.1000061035156,16060,0.0,0.0,2022-04-06
1604,2022-04-06 15:00:00+02:00,269.1000061035156,269.8999938964844,267.5,269.8999938964844,23315,0.0,0.0,2022-04-06
1605,2022-04-06 16:00:00+02:00,269.70001220703125,270.70001220703125,268.1000061035156,269.20001220703125,19332,0.0,0.0,2022-04-06
1606,2022-04-06 17:00:00+02:00,268.8999938964844,269.3999938964844,268.0,269.3999938964844,126640,0.0,0.0,2022-04-06
1607,2022-04-07 09:00:00+02:00,269.3999938964844,271.70001220703125,265.3999938964844,271.20001220703125,0,0.0,0.0,2022-04-07
1608,2022-04-07 10:00:00+02:00,271.5,271.5,270.20001220703125,271.1000061035156,4557,0.0,0.0,2022-04-07
1609,2022-04-07 11:00:00+02:00,271.29998779296875,272.29998779296875,270.29998779296875,272.29998779296875,3659,0.0,0.0,2022-04-07
1610,2022-04-07 12:00:00+02:00,272.1000061035156,273.20001220703125,271.0,271.70001220703125,13762,0.0,0.0,2022-04-07
1611,2022-04-07 13:00:00+02:00,271.70001220703125,275.0,271.6000061035156,273.0,17855,0.0,0.0,2022-04-07
1612,2022-04-07 14:00:00+02:00,273.1000061035156,273.3999938964844,271.8999938964844,273.3999938964844,8407,0.0,0.0,2022-04-07
1613,2022-04-07 15:00:00+02:00,273.3999938964844,273.79998779296875,271.70001220703125,273.29998779296875,20882,0.0,0.0,2022-04-07
1614,2022-04-07 16:00:00+02:00,273.1000061035156,273.1000061035156,270.3999938964844,270.70001220703125,38781,0.0,0.0,2022-04-07
1615,2022-04-07 17:00:00+02:00,271.0,271.6000061035156,270.0,270.1000061035156,199362,0.0,0.0,2022-04-07
1616,2022-04-08 09:00:00+02:00,270.29998779296875,273.70001220703125,270.29998779296875,273.3999938964844,0,0.0,0.0,2022-04-08
1617,2022-04-08 10:00:00+02:00,273.1000061035156,273.6000061035156,272.0,272.5,7122,0.0,0.0,2022-04-08
1618,2022-04-08 11:00:00+02:00,272.5,272.5,270.6000061035156,270.70001220703125,6039,0.0,0.0,2022-04-08
1619,2022-04-08 12:00:00+02:00,270.6000061035156,271.8999938964844,270.6000061035156,271.70001220703125,0,0.0,0.0,2022-04-08
1620,2022-04-08 13:00:00+02:00,271.8999938964844,271.8999938964844,271.5,271.8999938964844,33209,0.0,0.0,2022-04-08
1621,2022-04-08 14:00:00+02:00,271.70001220703125,271.70001220703125,268.5,269.29998779296875,16453,0.0,0.0,2022-04-08
1622,2022-04-08 15:00:00+02:00,269.3999938964844,269.3999938964844,267.20001220703125,267.20001220703125,6080,0.0,0.0,2022-04-08
1623,2022-04-08 16:00:00+02:00,267.1000061035156,267.20001220703125,264.29998779296875,266.20001220703125,9692,0.0,0.0,2022-04-08
1624,2022-04-08 17:00:00+02:00,266.5,267.1000061035156,266.3999938964844,267.1000061035156,54706,0.0,0.0,2022-04-08
1625,2022-04-11 09:00:00+02:00,267.1000061035156,268.5,262.79998779296875,264.0,0,0.0,0.0,2022-04-11
1626,2022-04-11 10:00:00+02:00,263.70001220703125,263.70001220703125,259.5,261.1000061035156,8576,0.0,0.0,2022-04-11
1627,2022-04-11 11:00:00+02:00,261.0,263.0,260.20001220703125,261.5,5452,0.0,0.0,2022-04-11
1628,2022-04-11 12:00:00+02:00,261.79998779296875,262.8999938964844,261.5,262.8999938964844,1779,0.0,0.0,2022-04-11
1629,2022-04-11 13:00:00+02:00,262.79998779296875,263.6000061035156,261.8999938964844,262.5,3480,0.0,0.0,2022-04-11
1630,2022-04-11 14:00:00+02:00,262.20001220703125,262.79998779296875,261.29998779296875,262.20001220703125,4127,0.0,0.0,2022-04-11
1631,2022-04-11 15:00:00+02:00,262.20001220703125,266.29998779296875,262.0,262.6000061035156,13806,0.0,0.0,2022-04-11
1632,2022-04-11 16:00:00+02:00,262.6000061035156,263.20001220703125,258.79998779296875,259.5,10980,0.0,0.0,2022-04-11
1633,2022-04-11 17:00:00+02:00,259.6000061035156,261.29998779296875,259.6000061035156,261.29998779296875,61551,0.0,0.0,2022-04-11
1634,2022-04-12 09:00:00+02:00,256.1000061035156,260.3999938964844,255.0,260.3999938964844,0,0.0,0.0,2022-04-12
1635,2022-04-12 10:00:00+02:00,261.20001220703125,262.5,259.6000061035156,262.5,5967,0.0,0.0,2022-04-12
1636,2022-04-12 11:00:00+02:00,262.29998779296875,262.79998779296875,259.5,259.6000061035156,10215,0.0,0.0,2022-04-12
1637,2022-04-12 12:00:00+02:00,259.1000061035156,259.8999938964844,258.6000061035156,258.79998779296875,1691,0.0,0.0,2022-04-12
1638,2022-04-12 13:00:00+02:00,258.70001220703125,259.1000061035156,257.0,257.0,3600,0.0,0.0,2022-04-12
1639,2022-04-12 14:00:00+02:00,257.1000061035156,264.79998779296875,257.1000061035156,262.79998779296875,21759,0.0,0.0,2022-04-12
1640,2022-04-12 15:00:00+02:00,262.79998779296875,263.1000061035156,261.3999938964844,262.6000061035156,22715,0.0,0.0,2022-04-12
1641,2022-04-12 16:00:00+02:00,263.0,264.20001220703125,262.70001220703125,264.20001220703125,28545,0.0,0.0,2022-04-12
1642,2022-04-12 17:00:00+02:00,263.8999938964844,265.79998779296875,263.70001220703125,265.0,106097,0.0,0.0,2022-04-12
1643,2022-04-13 09:00:00+02:00,265.0,268.1000061035156,264.1000061035156,266.6000061035156,0,0.0,0.0,2022-04-13
1644,2022-04-13 10:00:00+02:00,266.70001220703125,266.70001220703125,262.0,263.6000061035156,9509,0.0,0.0,2022-04-13
1645,2022-04-13 11:00:00+02:00,264.20001220703125,264.20001220703125,260.0,260.70001220703125,9409,0.0,0.0,2022-04-13
1646,2022-04-13 12:00:00+02:00,260.79998779296875,262.29998779296875,260.70001220703125,262.29998779296875,9439,0.0,0.0,2022-04-13
1647,2022-04-14 09:00:00+02:00,264.0,265.6000061035156,259.0,265.0,0,0.0,0.0,2022-04-14
1648,2022-04-14 10:00:00+02:00,264.70001220703125,265.0,262.79998779296875,264.79998779296875,9888,0.0,0.0,2022-04-14
1649,2022-04-14 11:00:00+02:00,264.8999938964844,265.8999938964844,263.8999938964844,265.1000061035156,104057,0.0,0.0,2022-04-14
1650,2022-04-14 12:00:00+02:00,265.1000061035156,266.70001220703125,265.1000061035156,266.70001220703125,45117,0.0,0.0,2022-04-14
1651,2022-04-19 09:00:00+02:00,267.29998779296875,267.29998779296875,258.20001220703125,259.20001220703125,0,0.0,0.0,2022-04-19
1652,2022-04-19 10:00:00+02:00,259.6000061035156,261.3999938964844,257.3999938964844,257.3999938964844,8969,0.0,0.0,2022-04-19
1653,2022-04-19 11:00:00+02:00,257.0,257.0,254.1999969482422,254.89999389648438,11120,0.0,0.0,2022-04-19
1654,2022-04-19 12:00:00+02:00,255.1999969482422,255.3000030517578,253.8000030517578,254.6999969482422,4291,0.0,0.0,2022-04-19
1655,2022-04-19 13:00:00+02:00,254.39999389648438,255.10000610351562,252.60000610351562,255.0,3385,0.0,0.0,2022-04-19
1656,2022-04-19 14:00:00+02:00,254.89999389648438,255.3000030517578,251.5,251.5,9051,0.0,0.0,2022-04-19
1657,2022-04-19 15:00:00+02:00,251.5,251.5,248.0,248.6999969482422,15498,0.0,0.0,2022-04-19
1658,2022-04-19 16:00:00+02:00,248.5,249.39999389648438,247.60000610351562,248.0,14189,0.0,0.0,2022-04-19
1659,2022-04-19 17:00:00+02:00,247.60000610351562,248.1999969482422,246.3000030517578,246.3000030517578,148502,0.0,0.0,2022-04-19
1660,2022-04-20 09:00:00+02:00,247.39999389648438,248.8000030517578,244.3000030517578,246.6999969482422,0,0.0,0.0,2022-04-20
1661,2022-04-20 10:00:00+02:00,246.39999389648438,246.5,243.8000030517578,246.3000030517578,9050,0.0,0.0,2022-04-20
1662,2022-04-20 11:00:00+02:00,246.3000030517578,249.60000610351562,246.0,249.5,12555,0.0,0.0,2022-04-20
1663,2022-04-20 12:00:00+02:00,249.60000610351562,250.60000610351562,248.8000030517578,249.0,3855,0.0,0.0,2022-04-20
1664,2022-04-20 13:00:00+02:00,248.8000030517578,252.39999389648438,248.5,252.39999389648438,14281,0.0,0.0,2022-04-20
1665,2022-04-20 14:00:00+02:00,252.10000610351562,253.0,251.0,252.0,8263,0.0,0.0,2022-04-20
1666,2022-04-20 15:00:00+02:00,251.89999389648438,252.10000610351562,249.3000030517578,250.3000030517578,23541,0.0,0.0,2022-04-20
1667,2022-04-20 16:00:00+02:00,250.3000030517578,252.5,249.1999969482422,252.0,32277,0.0,0.0,2022-04-20
1668,2022-04-20 17:00:00+02:00,251.8000030517578,253.10000610351562,250.10000610351562,250.89999389648438,111756,0.0,0.0,2022-04-20
1669,2022-04-21 09:00:00+02:00,250.8000030517578,255.8000030517578,250.1999969482422,255.60000610351562,0,0.0,0.0,2022-04-21
1670,2022-04-21 10:00:00+02:00,255.89999389648438,259.1000061035156,255.89999389648438,258.8999938964844,14910,0.0,0.0,2022-04-21
1671,2022-04-21 11:00:00+02:00,259.0,259.0,256.70001220703125,257.3999938964844,212186,0.0,0.0,2022-04-21
1672,2022-04-21 12:00:00+02:00,257.20001220703125,260.0,257.0,259.6000061035156,12837,0.0,0.0,2022-04-21
1673,2022-04-21 13:00:00+02:00,259.70001220703125,260.5,258.0,260.3999938964844,17502,0.0,0.0,2022-04-21
1674,2022-04-21 14:00:00+02:00,260.3999938964844,261.0,259.3999938964844,260.70001220703125,23068,0.0,0.0,2022-04-21
1675,2022-04-21 15:00:00+02:00,260.6000061035156,262.0,258.8999938964844,259.3999938964844,51359,0.0,0.0,2022-04-21
1676,2022-04-21 16:00:00+02:00,260.0,260.0,257.6000061035156,259.1000061035156,59813,0.0,0.0,2022-04-21
1677,2022-04-21 17:00:00+02:00,259.29998779296875,260.1000061035156,257.5,258.1000061035156,132923,0.0,0.0,2022-04-21
1678,2022-04-22 09:00:00+02:00,253.6999969482422,256.29998779296875,252.3000030517578,255.89999389648438,0,0.0,0.0,2022-04-22
1679,2022-04-22 10:00:00+02:00,255.89999389648438,256.20001220703125,255.0,255.3000030517578,16055,0.0,0.0,2022-04-22
1680,2022-04-22 11:00:00+02:00,255.3000030517578,257.29998779296875,255.10000610351562,256.79998779296875,13314,0.0,0.0,2022-04-22
1681,2022-04-22 12:00:00+02:00,256.8999938964844,257.6000061035156,256.5,256.79998779296875,7743,0.0,0.0,2022-04-22
1682,2022-04-22 13:00:00+02:00,256.8999938964844,258.29998779296875,256.79998779296875,258.0,7405,0.0,0.0,2022-04-22
1683,2022-04-22 14:00:00+02:00,258.1000061035156,259.3999938964844,257.3999938964844,258.79998779296875,8548,0.0,0.0,2022-04-22
1684,2022-04-22 15:00:00+02:00,258.8999938964844,259.79998779296875,257.6000061035156,257.70001220703125,11633,0.0,0.0,2022-04-22
1685,2022-04-22 16:00:00+02:00,257.70001220703125,258.0,255.10000610351562,255.8000030517578,49997,0.0,0.0,2022-04-22
1686,2022-04-22 17:00:00+02:00,256.0,256.0,254.6999969482422,254.6999969482422,0,0.0,0.0,2022-04-22
1687,2022-04-25 09:00:00+02:00,249.0,250.8000030517578,244.60000610351562,244.8000030517578,22211,0.0,0.0,2022-04-25
1688,2022-04-25 10:00:00+02:00,244.39999389648438,244.39999389648438,240.5,241.1999969482422,25996,0.0,0.0,2022-04-25
1689,2022-04-25 11:00:00+02:00,241.0,244.89999389648438,240.3000030517578,244.89999389648438,18876,0.0,0.0,2022-04-25
1690,2022-04-25 12:00:00+02:00,244.6999969482422,245.60000610351562,243.60000610351562,244.39999389648438,7676,0.0,0.0,2022-04-25
1691,2022-04-25 13:00:00+02:00,244.89999389648438,246.89999389648438,243.89999389648438,246.39999389648438,12203,0.0,0.0,2022-04-25
1692,2022-04-25 14:00:00+02:00,246.3000030517578,248.1999969482422,245.8000030517578,248.10000610351562,8996,0.0,0.0,2022-04-25
1693,2022-04-25 15:00:00+02:00,248.1999969482422,249.60000610351562,247.5,248.60000610351562,18736,0.0,0.0,2022-04-25
1694,2022-04-25 16:00:00+02:00,248.8000030517578,250.5,248.6999969482422,249.1999969482422,21603,0.0,0.0,2022-04-25
1695,2022-04-25 17:00:00+02:00,249.3000030517578,249.39999389648438,247.3000030517578,247.3000030517578,65856,0.0,0.0,2022-04-25
1696,2022-04-26 09:00:00+02:00,249.6999969482422,249.6999969482422,242.89999389648438,245.10000610351562,0,0.0,0.0,2022-04-26
1697,2022-04-26 10:00:00+02:00,245.1999969482422,247.0,244.3000030517578,246.8000030517578,5178,0.0,0.0,2022-04-26
1698,2022-04-26 11:00:00+02:00,246.60000610351562,249.60000610351562,246.3000030517578,249.3000030517578,18835,0.0,0.0,2022-04-26
1699,2022-04-26 12:00:00+02:00,249.39999389648438,251.0,249.0,251.0,5884,0.0,0.0,2022-04-26
1700,2022-04-26 13:00:00+02:00,250.60000610351562,250.60000610351562,248.60000610351562,250.3000030517578,4099,0.0,0.0,2022-04-26
1701,2022-04-26 14:00:00+02:00,250.0,250.0,247.1999969482422,247.5,8857,0.0,0.0,2022-04-26
1702,2022-04-26 15:00:00+02:00,247.3000030517578,247.8000030517578,245.0,245.1999969482422,20473,0.0,0.0,2022-04-26
1703,2022-04-26 16:00:00+02:00,244.89999389648438,245.0,243.39999389648438,244.0,18166,0.0,0.0,2022-04-26
1704,2022-04-26 17:00:00+02:00,243.60000610351562,243.60000610351562,241.5,241.5,78552,0.0,0.0,2022-04-26
1705,2022-04-27 09:00:00+02:00,243.0,245.39999389648438,239.8000030517578,244.39999389648438,0,0.0,0.0,2022-04-27
1706,2022-04-27 10:00:00+02:00,244.10000610351562,246.10000610351562,243.0,245.10000610351562,11287,0.0,0.0,2022-04-27
1707,2022-04-27 11:00:00+02:00,245.0,245.3000030517578,242.5,243.10000610351562,30231,0.0,0.0,2022-04-27
1708,2022-04-27 12:00:00+02:00,243.10000610351562,248.39999389648438,242.89999389648438,247.60000610351562,13150,0.0,0.0,2022-04-27
1709,2022-04-27 13:00:00+02:00,247.39999389648438,247.60000610351562,244.3000030517578,245.39999389648438,13094,0.0,0.0,2022-04-27
1710,2022-04-27 14:00:00+02:00,245.6999969482422,247.5,245.6999969482422,246.5,6586,0.0,0.0,2022-04-27
1711,2022-04-27 15:00:00+02:00,246.5,248.39999389648438,246.10000610351562,247.6999969482422,16009,0.0,0.0,2022-04-27
1712,2022-04-27 16:00:00+02:00,247.39999389648438,247.39999389648438,244.8000030517578,245.8000030517578,13944,0.0,0.0,2022-04-27
1713,2022-04-27 17:00:00+02:00,245.89999389648438,247.1999969482422,245.39999389648438,247.1999969482422,55409,0.0,0.0,2022-04-27
1714,2022-04-28 09:00:00+02:00,249.0,257.0,249.0,252.1999969482422,0,0.0,0.0,2022-04-28
1715,2022-04-28 10:00:00+02:00,251.8000030517578,255.1999969482422,251.0,254.3000030517578,26786,0.0,0.0,2022-04-28
1716,2022-04-28 11:00:00+02:00,254.10000610351562,254.5,252.5,254.10000610351562,20384,0.0,0.0,2022-04-28
1717,2022-04-28 12:00:00+02:00,254.1999969482422,257.1000061035156,254.1999969482422,257.0,19987,0.0,0.0,2022-04-28
1718,2022-04-28 13:00:00+02:00,257.20001220703125,259.3999938964844,257.20001220703125,258.70001220703125,19568,0.0,0.0,2022-04-28
1719,2022-04-28 14:00:00+02:00,258.79998779296875,258.79998779296875,256.6000061035156,257.6000061035156,16996,0.0,0.0,2022-04-28
1720,2022-04-28 15:00:00+02:00,257.29998779296875,258.5,256.29998779296875,257.79998779296875,38947,0.0,0.0,2022-04-28
1721,2022-04-28 16:00:00+02:00,257.70001220703125,257.79998779296875,251.6999969482422,252.5,34988,0.0,0.0,2022-04-28
1722,2022-04-28 17:00:00+02:00,252.5,254.1999969482422,252.39999389648438,252.89999389648438,100268,0.0,0.0,2022-04-28
1723,2022-04-29 09:00:00+02:00,253.6999969482422,256.79998779296875,249.39999389648438,256.70001220703125,0,0.0,0.0,2022-04-29
1724,2022-04-29 10:00:00+02:00,256.79998779296875,262.70001220703125,256.5,262.70001220703125,26300,0.0,0.0,2022-04-29
1725,2022-04-29 11:00:00+02:00,262.6000061035156,262.6000061035156,260.20001220703125,260.20001220703125,28382,0.0,0.0,2022-04-29
1726,2022-04-29 12:00:00+02:00,260.3999938964844,260.8999938964844,257.20001220703125,258.8999938964844,11756,0.0,0.0,2022-04-29
1727,2022-04-29 13:00:00+02:00,259.0,259.0,255.89999389648438,256.29998779296875,16872,0.0,0.0,2022-04-29
1728,2022-04-29 14:00:00+02:00,256.3999938964844,258.6000061035156,255.0,256.79998779296875,14791,0.0,0.0,2022-04-29
1729,2022-04-29 15:00:00+02:00,256.3999938964844,258.70001220703125,254.8000030517578,257.79998779296875,37663,0.0,0.0,2022-04-29
1730,2022-04-29 16:00:00+02:00,257.79998779296875,258.5,254.10000610351562,254.89999389648438,101525,0.0,0.0,2022-04-29
1731,2022-04-29 17:00:00+02:00,254.89999389648438,255.3000030517578,253.39999389648438,253.39999389648438,159096,0.0,0.0,2022-04-29
1732,2022-05-02 09:00:00+02:00,252.3000030517578,255.8000030517578,220.0,220.0,0,0.0,0.0,2022-05-02
1733,2022-05-02 10:00:00+02:00,247.8000030517578,248.6999969482422,200.5,245.89999389648438,101847,0.0,0.0,2022-05-02
1734,2022-05-02 11:00:00+02:00,245.6999969482422,248.8000030517578,245.6999969482422,248.8000030517578,6285,0.0,0.0,2022-05-02
1735,2022-05-02 12:00:00+02:00,248.60000610351562,250.89999389648438,247.6999969482422,247.8000030517578,10444,0.0,0.0,2022-05-02
1736,2022-05-02 13:00:00+02:00,247.8000030517578,249.0,245.0,245.3000030517578,46027,0.0,0.0,2022-05-02
1737,2022-05-02 14:00:00+02:00,245.3000030517578,245.8000030517578,244.0,244.5,23339,0.0,0.0,2022-05-02
1738,2022-05-02 15:00:00+02:00,244.8000030517578,249.39999389648438,244.8000030517578,247.1999969482422,15547,0.0,0.0,2022-05-02
1739,2022-05-02 16:00:00+02:00,247.0,248.60000610351562,245.10000610351562,245.10000610351562,15600,0.0,0.0,2022-05-02
1740,2022-05-02 17:00:00+02:00,245.0,246.0,244.60000610351562,244.60000610351562,63956,0.0,0.0,2022-05-02
1741,2022-05-03 09:00:00+02:00,245.0,249.5,244.60000610351562,245.0,0,0.0,0.0,2022-05-03
1742,2022-05-03 10:00:00+02:00,244.6999969482422,246.5,240.60000610351562,241.0,41170,0.0,0.0,2022-05-03
1743,2022-05-03 11:00:00+02:00,240.39999389648438,243.89999389648438,240.39999389648438,243.10000610351562,5463,0.0,0.0,2022-05-03
1744,2022-05-03 12:00:00+02:00,243.0,243.5,241.60000610351562,241.6999969482422,3673,0.0,0.0,2022-05-03
1745,2022-05-03 13:00:00+02:00,242.10000610351562,243.60000610351562,241.89999389648438,242.5,4324,0.0,0.0,2022-05-03
1746,2022-05-03 14:00:00+02:00,242.5,242.5,240.5,240.89999389648438,7520,0.0,0.0,2022-05-03
1747,2022-05-03 15:00:00+02:00,240.60000610351562,241.10000610351562,238.0,239.1999969482422,7079,0.0,0.0,2022-05-03
1748,2022-05-03 16:00:00+02:00,239.5,240.6999969482422,236.1999969482422,236.6999969482422,22098,0.0,0.0,2022-05-03
1749,2022-05-03 17:00:00+02:00,236.89999389648438,239.10000610351562,236.89999389648438,237.5,78059,0.0,0.0,2022-05-03
1750,2022-05-04 09:00:00+02:00,239.8000030517578,240.60000610351562,236.0,237.5,0,0.0,0.0,2022-05-04
1751,2022-05-04 10:00:00+02:00,237.10000610351562,237.3000030517578,232.39999389648438,232.39999389648438,13274,0.0,0.0,2022-05-04
1752,2022-05-04 11:00:00+02:00,232.60000610351562,233.1999969482422,228.5,231.10000610351562,30495,0.0,0.0,2022-05-04
1753,2022-05-04 12:00:00+02:00,232.1999969482422,234.3000030517578,231.8000030517578,233.89999389648438,9175,0.0,0.0,2022-05-04
1754,2022-05-04 13:00:00+02:00,233.8000030517578,234.1999969482422,232.5,232.8000030517578,32397,0.0,0.0,2022-05-04
1755,2022-05-04 14:00:00+02:00,232.6999969482422,233.5,231.6999969482422,231.8000030517578,26246,0.0,0.0,2022-05-04
1756,2022-05-04 15:00:00+02:00,231.8000030517578,232.1999969482422,230.10000610351562,231.39999389648438,70028,0.0,0.0,2022-05-04
1757,2022-05-04 16:00:00+02:00,230.8000030517578,230.89999389648438,227.39999389648438,228.0,27169,0.0,0.0,2022-05-04
1758,2022-05-04 17:00:00+02:00,227.6999969482422,228.0,226.6999969482422,227.89999389648438,98222,0.0,0.0,2022-05-04
1759,2022-05-05 09:00:00+02:00,232.39999389648438,236.8000030517578,230.0,236.8000030517578,0,0.0,0.0,2022-05-05
1760,2022-05-05 10:00:00+02:00,236.5,237.8000030517578,235.1999969482422,237.10000610351562,40627,0.0,0.0,2022-05-05
1761,2022-05-05 11:00:00+02:00,237.3000030517578,240.3000030517578,237.1999969482422,240.3000030517578,10819,0.0,0.0,2022-05-05
1762,2022-05-05 12:00:00+02:00,240.0,242.3000030517578,239.60000610351562,240.6999969482422,10128,0.0,0.0,2022-05-05
1763,2022-05-05 13:00:00+02:00,240.89999389648438,242.3000030517578,240.3000030517578,240.39999389648438,11002,0.0,0.0,2022-05-05
1764,2022-05-05 14:00:00+02:00,240.3000030517578,241.0,237.60000610351562,238.3000030517578,7758,0.0,0.0,2022-05-05
1765,2022-05-05 15:00:00+02:00,238.39999389648438,238.6999969482422,236.3000030517578,236.89999389648438,14883,0.0,0.0,2022-05-05
1766,2022-05-05 16:00:00+02:00,236.5,236.5,231.89999389648438,232.3000030517578,19261,0.0,0.0,2022-05-05
1767,2022-05-05 17:00:00+02:00,232.3000030517578,232.60000610351562,230.5,231.89999389648438,88274,0.0,0.0,2022-05-05
1768,2022-05-06 09:00:00+02:00,228.1999969482422,232.3000030517578,227.5,232.1999969482422,0,0.0,0.0,2022-05-06
1769,2022-05-06 10:00:00+02:00,231.8000030517578,232.6999969482422,230.0,231.0,11947,0.0,0.0,2022-05-06
1770,2022-05-06 11:00:00+02:00,231.0,231.39999389648438,228.6999969482422,229.10000610351562,58269,0.0,0.0,2022-05-06
1771,2022-05-06 12:00:00+02:00,229.0,230.10000610351562,228.0,228.39999389648438,22923,0.0,0.0,2022-05-06
1772,2022-05-06 13:00:00+02:00,228.39999389648438,228.6999969482422,226.1999969482422,226.6999969482422,24224,0.0,0.0,2022-05-06
1773,2022-05-06 14:00:00+02:00,226.89999389648438,227.39999389648438,224.8000030517578,225.5,10711,0.0,0.0,2022-05-06
1774,2022-05-06 15:00:00+02:00,225.1999969482422,225.1999969482422,220.3000030517578,220.6999969482422,26889,0.0,0.0,2022-05-06
1775,2022-05-06 16:00:00+02:00,220.8000030517578,221.60000610351562,219.0,220.1999969482422,92566,0.0,0.0,2022-05-06
1776,2022-05-06 17:00:00+02:00,219.8000030517578,221.1999969482422,219.3000030517578,219.8000030517578,116256,0.0,0.0,2022-05-06
1777,2022-05-09 09:00:00+02:00,219.6999969482422,220.3000030517578,213.8000030517578,213.8000030517578,0,0.0,0.0,2022-05-09
1778,2022-05-09 10:00:00+02:00,213.5,214.10000610351562,210.3000030517578,210.6999969482422,24355,0.0,0.0,2022-05-09
1779,2022-05-09 11:00:00+02:00,210.60000610351562,211.5,208.3000030517578,208.6999969482422,34656,0.0,0.0,2022-05-09
1780,2022-05-09 12:00:00+02:00,208.39999389648438,209.3000030517578,206.5,207.1999969482422,15351,0.0,0.0,2022-05-09
1781,2022-05-09 13:00:00+02:00,207.5,208.89999389648438,205.60000610351562,208.60000610351562,108951,0.0,0.0,2022-05-09
1782,2022-05-09 14:00:00+02:00,208.39999389648438,211.39999389648438,208.1999969482422,210.39999389648438,14735,0.0,0.0,2022-05-09
1783,2022-05-09 15:00:00+02:00,209.89999389648438,210.5,208.1999969482422,209.60000610351562,23013,0.0,0.0,2022-05-09
1784,2022-05-09 16:00:00+02:00,209.5,209.6999969482422,203.6999969482422,203.6999969482422,28694,0.0,0.0,2022-05-09
1785,2022-05-09 17:00:00+02:00,203.60000610351562,204.8000030517578,203.39999389648438,203.39999389648438,103344,0.0,0.0,2022-05-09
1786,2022-05-10 09:00:00+02:00,204.3000030517578,208.6999969482422,202.6999969482422,205.5,0,0.0,0.0,2022-05-10
1787,2022-05-10 10:00:00+02:00,205.60000610351562,206.6999969482422,204.1999969482422,205.3000030517578,31644,0.0,0.0,2022-05-10
1788,2022-05-10 11:00:00+02:00,205.60000610351562,207.0,205.0,205.89999389648438,27941,0.0,0.0,2022-05-10
1789,2022-05-10 12:00:00+02:00,205.60000610351562,206.39999389648438,203.89999389648438,204.5,27406,0.0,0.0,2022-05-10
1790,2022-05-10 13:00:00+02:00,204.60000610351562,206.8000030517578,204.5,205.1999969482422,15532,0.0,0.0,2022-05-10
1791,2022-05-10 14:00:00+02:00,205.1999969482422,207.10000610351562,205.0,207.0,30090,0.0,0.0,2022-05-10
1792,2022-05-10 15:00:00+02:00,207.5,210.3000030517578,207.0,210.10000610351562,30091,0.0,0.0,2022-05-10
1793,2022-05-10 16:00:00+02:00,210.0,210.5,207.5,207.5,22283,0.0,0.0,2022-05-10
1794,2022-05-10 17:00:00+02:00,207.60000610351562,208.10000610351562,206.0,206.0,71973,0.0,0.0,2022-05-10
1795,2022-05-11 09:00:00+02:00,206.0,213.39999389648438,204.0,212.60000610351562,0,0.0,0.0,2022-05-11
1796,2022-05-11 10:00:00+02:00,212.8000030517578,213.5,211.39999389648438,212.89999389648438,8335,0.0,0.0,2022-05-11
1797,2022-05-11 11:00:00+02:00,212.60000610351562,213.3000030517578,211.10000610351562,211.60000610351562,6877,0.0,0.0,2022-05-11
1798,2022-05-11 12:00:00+02:00,211.3000030517578,217.10000610351562,210.5,216.8000030517578,10605,0.0,0.0,2022-05-11
1799,2022-05-11 13:00:00+02:00,216.8000030517578,218.8000030517578,215.0,217.5,17075,0.0,0.0,2022-05-11
1800,2022-05-11 14:00:00+02:00,217.5,219.1999969482422,211.0,211.10000610351562,46839,0.0,0.0,2022-05-11
1801,2022-05-11 15:00:00+02:00,211.0,221.6999969482422,210.60000610351562,221.5,41030,0.0,0.0,2022-05-11
1802,2022-05-11 16:00:00+02:00,220.1999969482422,223.60000610351562,219.1999969482422,222.8000030517578,43861,0.0,0.0,2022-05-11
1803,2022-05-11 17:00:00+02:00,222.89999389648438,224.0,221.89999389648438,224.0,143819,0.0,0.0,2022-05-11
1804,2022-05-12 09:00:00+02:00,220.8000030517578,226.0,214.89999389648438,224.39999389648438,0,0.0,0.0,2022-05-12
1805,2022-05-12 10:00:00+02:00,224.60000610351562,228.0,222.39999389648438,228.0,63729,0.0,0.0,2022-05-12
1806,2022-05-12 11:00:00+02:00,227.8000030517578,228.89999389648438,223.5,227.39999389648438,201132,0.0,0.0,2022-05-12
1807,2022-05-12 12:00:00+02:00,227.39999389648438,229.3000030517578,224.3000030517578,226.39999389648438,79600,0.0,0.0,2022-05-12
1808,2022-05-12 13:00:00+02:00,226.6999969482422,229.0,226.0,226.39999389648438,25439,0.0,0.0,2022-05-12
1809,2022-05-12 14:00:00+02:00,226.0,228.0,224.39999389648438,227.5,125762,0.0,0.0,2022-05-12
1810,2022-05-12 15:00:00+02:00,227.10000610351562,228.10000610351562,225.3000030517578,227.0,40277,0.0,0.0,2022-05-12
1811,2022-05-12 16:00:00+02:00,227.0,232.60000610351562,226.39999389648438,231.5,33310,0.0,0.0,2022-05-12
1812,2022-05-12 17:00:00+02:00,231.3000030517578,232.89999389648438,229.0,229.0,137398,0.0,0.0,2022-05-12
1813,2022-05-13 09:00:00+02:00,235.1999969482422,244.8000030517578,235.1999969482422,242.60000610351562,0,0.0,0.0,2022-05-13
1814,2022-05-13 10:00:00+02:00,243.0,245.89999389648438,242.5,244.0,56051,0.0,0.0,2022-05-13
1815,2022-05-13 11:00:00+02:00,243.89999389648438,246.0,241.60000610351562,242.0,61092,0.0,0.0,2022-05-13
1816,2022-05-13 12:00:00+02:00,241.89999389648438,242.89999389648438,238.3000030517578,239.0,37289,0.0,0.0,2022-05-13
1817,2022-05-13 13:00:00+02:00,238.60000610351562,241.6999969482422,238.1999969482422,241.10000610351562,27433,0.0,0.0,2022-05-13
1818,2022-05-13 14:00:00+02:00,241.3000030517578,241.3000030517578,238.10000610351562,239.5,31862,0.0,0.0,2022-05-13
1819,2022-05-13 15:00:00+02:00,239.8000030517578,242.3000030517578,237.39999389648438,240.89999389648438,106198,0.0,0.0,2022-05-13
1820,2022-05-13 16:00:00+02:00,241.10000610351562,245.3000030517578,240.8000030517578,242.60000610351562,64810,0.0,0.0,2022-05-13
1821,2022-05-13 17:00:00+02:00,242.60000610351562,243.1999969482422,241.8000030517578,242.0,159616,0.0,0.0,2022-05-13
1822,2022-05-16 09:00:00+02:00,242.89999389648438,245.0,238.39999389648438,244.6999969482422,0,0.0,0.0,2022-05-16
1823,2022-05-16 10:00:00+02:00,244.3000030517578,247.60000610351562,242.5,246.6999969482422,18002,0.0,0.0,2022-05-16
1824,2022-05-16 11:00:00+02:00,246.3000030517578,248.6999969482422,246.10000610351562,247.89999389648438,25292,0.0,0.0,2022-05-16
1825,2022-05-16 12:00:00+02:00,248.39999389648438,248.60000610351562,247.0,247.1999969482422,11334,0.0,0.0,2022-05-16
1826,2022-05-16 13:00:00+02:00,247.10000610351562,248.89999389648438,247.0,247.3000030517578,15402,0.0,0.0,2022-05-16
1827,2022-05-16 14:00:00+02:00,247.10000610351562,250.1999969482422,247.10000610351562,248.5,17219,0.0,0.0,2022-05-16
1828,2022-05-16 15:00:00+02:00,248.5,248.89999389648438,245.60000610351562,246.39999389648438,63055,0.0,0.0,2022-05-16
1829,2022-05-16 16:00:00+02:00,246.5,249.60000610351562,246.0,247.1999969482422,59715,0.0,0.0,2022-05-16
1830,2022-05-16 17:00:00+02:00,247.39999389648438,248.3000030517578,246.89999389648438,247.39999389648438,116478,0.0,0.0,2022-05-16
1831,2022-05-17 09:00:00+02:00,252.0,252.89999389648438,245.5,249.10000610351562,0,0.0,0.0,2022-05-17
1832,2022-05-17 10:00:00+02:00,249.1999969482422,251.1999969482422,247.10000610351562,249.3000030517578,22633,0.0,0.0,2022-05-17
1833,2022-05-17 11:00:00+02:00,249.0,253.6999969482422,248.60000610351562,253.60000610351562,24283,0.0,0.0,2022-05-17
1834,2022-05-17 12:00:00+02:00,253.60000610351562,255.5,251.6999969482422,253.8000030517578,20439,0.0,0.0,2022-05-17
1835,2022-05-17 13:00:00+02:00,253.3000030517578,254.3000030517578,252.39999389648438,253.1999969482422,11964,0.0,0.0,2022-05-17
1836,2022-05-17 14:00:00+02:00,253.3000030517578,253.3000030517578,249.8000030517578,250.0,18279,0.0,0.0,2022-05-17
1837,2022-05-17 15:00:00+02:00,250.10000610351562,250.89999389648438,247.8000030517578,248.60000610351562,19679,0.0,0.0,2022-05-17
1838,2022-05-17 16:00:00+02:00,248.60000610351562,248.6999969482422,246.10000610351562,246.6999969482422,20531,0.0,0.0,2022-05-17
1839,2022-05-17 17:00:00+02:00,247.0,248.5,246.5,248.10000610351562,97176,0.0,0.0,2022-05-17
1840,2022-05-18 09:00:00+02:00,251.8000030517578,252.6999969482422,248.89999389648438,249.3000030517578,0,0.0,0.0,2022-05-18
1841,2022-05-18 10:00:00+02:00,249.60000610351562,252.8000030517578,247.6999969482422,252.10000610351562,60456,0.0,0.0,2022-05-18
1842,2022-05-18 11:00:00+02:00,252.3000030517578,256.3999938964844,252.3000030517578,256.0,22641,0.0,0.0,2022-05-18
1843,2022-05-18 12:00:00+02:00,255.89999389648438,258.0,255.3000030517578,256.70001220703125,32010,0.0,0.0,2022-05-18
1844,2022-05-18 13:00:00+02:00,256.8999938964844,258.0,255.39999389648438,256.79998779296875,36511,0.0,0.0,2022-05-18
1845,2022-05-18 14:00:00+02:00,257.1000061035156,258.0,255.6999969482422,257.20001220703125,56760,0.0,0.0,2022-05-18
1846,2022-05-18 15:00:00+02:00,257.1000061035156,258.70001220703125,256.70001220703125,258.29998779296875,84773,0.0,0.0,2022-05-18
1847,2022-05-18 16:00:00+02:00,258.5,259.3999938964844,255.89999389648438,258.3999938964844,71834,0.0,0.0,2022-05-18
1848,2022-05-18 17:00:00+02:00,258.3999938964844,258.6000061035156,257.0,257.20001220703125,128860,0.0,0.0,2022-05-18
1849,2022-05-19 09:00:00+02:00,251.89999389648438,255.6999969482422,250.6999969482422,255.6999969482422,0,0.0,0.0,2022-05-19
1850,2022-05-19 10:00:00+02:00,255.10000610351562,256.3999938964844,249.8000030517578,250.60000610351562,593401,0.0,0.0,2022-05-19
1851,2022-05-19 11:00:00+02:00,250.60000610351562,252.89999389648438,249.8000030517578,251.8000030517578,57017,0.0,0.0,2022-05-19
1852,2022-05-19 12:00:00+02:00,251.6999969482422,256.20001220703125,251.6999969482422,255.1999969482422,78796,0.0,0.0,2022-05-19
1853,2022-05-19 13:00:00+02:00,255.10000610351562,255.5,253.10000610351562,255.3000030517578,56556,0.0,0.0,2022-05-19
1854,2022-05-19 14:00:00+02:00,255.0,256.3999938964844,254.39999389648438,255.5,24341,0.0,0.0,2022-05-19
1855,2022-05-19 15:00:00+02:00,255.39999389648438,261.20001220703125,255.39999389648438,261.0,44352,0.0,0.0,2022-05-19
1856,2022-05-19 16:00:00+02:00,261.20001220703125,265.70001220703125,260.20001220703125,265.29998779296875,74032,0.0,0.0,2022-05-19
1857,2022-05-19 17:00:00+02:00,265.3999938964844,266.8999938964844,265.29998779296875,265.29998779296875,147134,0.0,0.0,2022-05-19
1858,2022-05-20 09:00:00+02:00,268.20001220703125,268.6000061035156,261.20001220703125,268.5,0,0.0,0.0,2022-05-20
1859,2022-05-20 10:00:00+02:00,268.5,270.29998779296875,267.8999938964844,269.3999938964844,20102,0.0,0.0,2022-05-20
1860,2022-05-20 11:00:00+02:00,269.20001220703125,273.29998779296875,269.20001220703125,273.0,26283,0.0,0.0,2022-05-20
1861,2022-05-20 12:00:00+02:00,272.79998779296875,273.79998779296875,271.6000061035156,271.6000061035156,20064,0.0,0.0,2022-05-20
1862,2022-05-20 13:00:00+02:00,271.3999938964844,272.8999938964844,270.1000061035156,271.70001220703125,19923,0.0,0.0,2022-05-20
1863,2022-05-20 14:00:00+02:00,271.6000061035156,274.1000061035156,271.3999938964844,271.70001220703125,38389,0.0,0.0,2022-05-20
1864,2022-05-20 15:00:00+02:00,271.3999938964844,273.70001220703125,270.1000061035156,271.20001220703125,21236,0.0,0.0,2022-05-20
1865,2022-05-20 16:00:00+02:00,271.1000061035156,271.3999938964844,267.6000061035156,267.8999938964844,31710,0.0,0.0,2022-05-20
1866,2022-05-20 17:00:00+02:00,267.79998779296875,268.20001220703125,266.0,267.70001220703125,134675,0.0,0.0,2022-05-20
1867,2022-05-23 09:00:00+02:00,274.5,275.0,268.6000061035156,269.1000061035156,0,0.0,0.0,2022-05-23
1868,2022-05-23 10:00:00+02:00,268.70001220703125,269.6000061035156,266.1000061035156,266.5,50979,0.0,0.0,2022-05-23
1869,2022-05-23 11:00:00+02:00,266.5,267.6000061035156,263.8999938964844,266.0,22105,0.0,0.0,2022-05-23
1870,2022-05-23 12:00:00+02:00,265.79998779296875,267.0,264.3999938964844,266.20001220703125,21380,0.0,0.0,2022-05-23
1871,2022-05-23 13:00:00+02:00,266.0,267.0,263.0,264.79998779296875,13344,0.0,0.0,2022-05-23
1872,2022-05-23 14:00:00+02:00,265.0,266.79998779296875,263.5,263.79998779296875,12057,0.0,0.0,2022-05-23
1873,2022-05-23 15:00:00+02:00,263.8999938964844,265.8999938964844,262.0,265.3999938964844,17406,0.0,0.0,2022-05-23
1874,2022-05-23 16:00:00+02:00,265.3999938964844,266.79998779296875,264.1000061035156,266.29998779296875,26710,0.0,0.0,2022-05-23
1875,2022-05-23 17:00:00+02:00,266.1000061035156,269.79998779296875,266.1000061035156,269.79998779296875,150234,0.0,0.0,2022-05-23
1876,2022-05-24 09:00:00+02:00,266.70001220703125,271.5,264.8999938964844,267.8999938964844,0,0.0,0.0,2022-05-24
1877,2022-05-24 10:00:00+02:00,268.29998779296875,269.8999938964844,268.0,268.70001220703125,10019,0.0,0.0,2022-05-24
1878,2022-05-24 11:00:00+02:00,268.20001220703125,270.8999938964844,267.29998779296875,269.79998779296875,23763,0.0,0.0,2022-05-24
1879,2022-05-24 12:00:00+02:00,269.8999938964844,271.0,268.70001220703125,271.0,21393,0.0,0.0,2022-05-24
1880,2022-05-24 13:00:00+02:00,271.0,274.1000061035156,271.0,272.5,21329,0.0,0.0,2022-05-24
1881,2022-05-24 14:00:00+02:00,272.6000061035156,274.1000061035156,272.1000061035156,272.8999938964844,19846,0.0,0.0,2022-05-24
1882,2022-05-24 15:00:00+02:00,272.6000061035156,273.8999938964844,271.20001220703125,272.79998779296875,37364,0.0,0.0,2022-05-24
1883,2022-05-24 16:00:00+02:00,272.79998779296875,273.0,267.8999938964844,269.70001220703125,28706,0.0,0.0,2022-05-24
1884,2022-05-24 17:00:00+02:00,269.29998779296875,270.29998779296875,268.29998779296875,268.5,134578,0.0,0.0,2022-05-24
1885,2022-05-25 09:00:00+02:00,272.79998779296875,272.8999938964844,266.1000061035156,268.70001220703125,0,0.0,0.0,2022-05-25
1886,2022-05-25 10:00:00+02:00,268.6000061035156,270.79998779296875,264.6000061035156,265.5,91135,0.0,0.0,2022-05-25
1887,2022-05-25 11:00:00+02:00,265.70001220703125,266.5,262.6000061035156,262.79998779296875,44990,0.0,0.0,2022-05-25
1888,2022-05-25 12:00:00+02:00,262.6000061035156,265.8999938964844,261.29998779296875,261.29998779296875,160696,0.0,0.0,2022-05-25
1889,2022-05-27 09:00:00+02:00,262.0,267.70001220703125,258.20001220703125,265.6000061035156,0,0.0,0.0,2022-05-27
1890,2022-05-27 10:00:00+02:00,265.20001220703125,273.20001220703125,265.0,270.70001220703125,29488,0.0,0.0,2022-05-27
1891,2022-05-27 11:00:00+02:00,270.3999938964844,273.5,269.79998779296875,272.29998779296875,15027,0.0,0.0,2022-05-27
1892,2022-05-27 12:00:00+02:00,272.0,272.3999938964844,270.70001220703125,271.70001220703125,13204,0.0,0.0,2022-05-27
1893,2022-05-27 13:00:00+02:00,271.6000061035156,274.0,271.29998779296875,271.8999938964844,19553,0.0,0.0,2022-05-27
1894,2022-05-27 14:00:00+02:00,271.8999938964844,272.70001220703125,270.79998779296875,271.3999938964844,27878,0.0,0.0,2022-05-27
1895,2022-05-27 15:00:00+02:00,271.3999938964844,275.20001220703125,271.3999938964844,275.20001220703125,26613,0.0,0.0,2022-05-27
1896,2022-05-27 16:00:00+02:00,275.1000061035156,279.79998779296875,275.1000061035156,275.8999938964844,56350,0.0,0.0,2022-05-27
1897,2022-05-27 17:00:00+02:00,275.6000061035156,278.8999938964844,275.20001220703125,278.0,112245,0.0,0.0,2022-05-27
1898,2022-05-30 09:00:00+02:00,280.20001220703125,283.29998779296875,277.8999938964844,279.8999938964844,0,0.0,0.0,2022-05-30
1899,2022-05-30 10:00:00+02:00,279.79998779296875,281.5,277.1000061035156,278.79998779296875,16190,0.0,0.0,2022-05-30
1900,2022-05-30 11:00:00+02:00,278.8999938964844,282.1000061035156,278.29998779296875,279.5,24006,0.0,0.0,2022-05-30
1901,2022-05-30 12:00:00+02:00,279.6000061035156,280.6000061035156,276.6000061035156,277.8999938964844,43348,0.0,0.0,2022-05-30
1902,2022-05-30 13:00:00+02:00,277.29998779296875,279.5,277.29998779296875,279.5,30376,0.0,0.0,2022-05-30
1903,2022-05-30 14:00:00+02:00,279.79998779296875,279.8999938964844,274.1000061035156,274.5,16635,0.0,0.0,2022-05-30
1904,2022-05-30 15:00:00+02:00,274.29998779296875,275.0,271.8999938964844,275.0,18245,0.0,0.0,2022-05-30
1905,2022-05-30 16:00:00+02:00,274.70001220703125,276.70001220703125,273.29998779296875,276.3999938964844,37100,0.0,0.0,2022-05-30
1906,2022-05-30 17:00:00+02:00,276.3999938964844,278.0,275.70001220703125,277.20001220703125,91499,0.0,0.0,2022-05-30
1907,2022-05-31 09:00:00+02:00,275.20001220703125,276.20001220703125,266.5,267.5,0,0.0,0.0,2022-05-31
1908,2022-05-31 10:00:00+02:00,267.70001220703125,268.0,263.3999938964844,263.6000061035156,45553,0.0,0.0,2022-05-31
1909,2022-05-31 11:00:00+02:00,263.70001220703125,267.0,262.79998779296875,265.0,18802,0.0,0.0,2022-05-31
1910,2022-05-31 12:00:00+02:00,264.70001220703125,267.29998779296875,264.0,266.70001220703125,13987,0.0,0.0,2022-05-31
1911,2022-05-31 13:00:00+02:00,266.70001220703125,268.0,265.79998779296875,267.0,23360,0.0,0.0,2022-05-31
1912,2022-05-31 14:00:00+02:00,267.0,267.70001220703125,265.79998779296875,266.70001220703125,20070,0.0,0.0,2022-05-31
1913,2022-05-31 15:00:00+02:00,266.70001220703125,267.6000061035156,263.5,267.0,52040,0.0,0.0,2022-05-31
1914,2022-05-31 16:00:00+02:00,267.0,267.0,264.6000061035156,266.5,40922,0.0,0.0,2022-05-31
1915,2022-05-31 17:00:00+02:00,266.6000061035156,267.0,265.70001220703125,266.0,2699577,0.0,0.0,2022-05-31
1916,2022-06-01 09:00:00+02:00,268.79998779296875,269.0,257.70001220703125,258.5,0,0.0,0.0,2022-06-01
1917,2022-06-01 10:00:00+02:00,258.5,258.79998779296875,252.5,256.6000061035156,29114,0.0,0.0,2022-06-01
1918,2022-06-01 11:00:00+02:00,256.3999938964844,257.5,253.89999389648438,256.1000061035156,27306,0.0,0.0,2022-06-01
1919,2022-06-01 12:00:00+02:00,256.20001220703125,257.0,254.5,255.0,11113,0.0,0.0,2022-06-01
1920,2022-06-01 13:00:00+02:00,254.6999969482422,255.10000610351562,253.8000030517578,254.8000030517578,9473,0.0,0.0,2022-06-01
1921,2022-06-01 14:00:00+02:00,254.6999969482422,256.20001220703125,254.0,254.5,10934,0.0,0.0,2022-06-01
1922,2022-06-01 15:00:00+02:00,254.60000610351562,259.1000061035156,254.5,256.6000061035156,11723,0.0,0.0,2022-06-01
1923,2022-06-01 16:00:00+02:00,256.6000061035156,256.79998779296875,248.3000030517578,248.8000030517578,41805,0.0,0.0,2022-06-01
1924,2022-06-01 17:00:00+02:00,248.5,249.8000030517578,248.0,248.0,181619,0.0,0.0,2022-06-01
1925,2022-06-02 09:00:00+02:00,248.89999389648438,250.1999969482422,238.6999969482422,241.1999969482422,0,0.0,0.0,2022-06-02
1926,2022-06-02 10:00:00+02:00,241.0,245.3000030517578,239.8000030517578,244.0,45216,0.0,0.0,2022-06-02
1927,2022-06-02 11:00:00+02:00,244.10000610351562,245.39999389648438,235.5,235.5,25761,0.0,0.0,2022-06-02
1928,2022-06-02 12:00:00+02:00,235.5,243.10000610351562,235.5,243.10000610351562,66008,0.0,0.0,2022-06-02
1929,2022-06-02 13:00:00+02:00,243.3000030517578,243.3000030517578,239.0,241.6999969482422,16977,0.0,0.0,2022-06-02
1930,2022-06-02 14:00:00+02:00,241.60000610351562,244.39999389648438,241.39999389648438,243.10000610351562,23441,0.0,0.0,2022-06-02
1931,2022-06-02 15:00:00+02:00,242.6999969482422,243.6999969482422,242.1999969482422,242.1999969482422,15584,0.0,0.0,2022-06-02
1932,2022-06-02 16:00:00+02:00,242.1999969482422,244.8000030517578,240.60000610351562,244.5,26524,0.0,0.0,2022-06-02
1933,2022-06-02 17:00:00+02:00,244.3000030517578,247.1999969482422,244.3000030517578,247.1999969482422,106436,0.0,0.0,2022-06-02
1934,2022-06-03 09:00:00+02:00,249.8000030517578,251.6999969482422,247.0,247.60000610351562,0,0.0,0.0,2022-06-03
1935,2022-06-03 10:00:00+02:00,248.0,251.1999969482422,247.39999389648438,250.60000610351562,17598,0.0,0.0,2022-06-03
1936,2022-06-03 11:00:00+02:00,251.10000610351562,251.60000610351562,248.0,248.0,6135,0.0,0.0,2022-06-03
1937,2022-06-03 12:00:00+02:00,248.3000030517578,249.0,245.0,245.0,8709,0.0,0.0,2022-06-03
1938,2022-06-03 13:00:00+02:00,245.0,246.10000610351562,244.60000610351562,245.1999969482422,5236,0.0,0.0,2022-06-03
1939,2022-06-03 14:00:00+02:00,245.5,248.3000030517578,245.39999389648438,247.0,17139,0.0,0.0,2022-06-03
1940,2022-06-03 15:00:00+02:00,247.10000610351562,247.10000610351562,244.0,244.6999969482422,8181,0.0,0.0,2022-06-03
1941,2022-06-03 16:00:00+02:00,245.10000610351562,246.1999969482422,244.3000030517578,245.6999969482422,18525,0.0,0.0,2022-06-03
1942,2022-06-03 17:00:00+02:00,245.6999969482422,246.6999969482422,244.39999389648438,246.6999969482422,74781,0.0,0.0,2022-06-03
1943,2022-06-07 09:00:00+02:00,246.89999389648438,253.5,246.39999389648438,253.5,0,0.0,0.0,2022-06-07
1944,2022-06-07 10:00:00+02:00,253.6999969482422,254.60000610351562,246.6999969482422,247.6999969482422,8538,0.0,0.0,2022-06-07
1945,2022-06-07 11:00:00+02:00,247.3000030517578,247.5,246.3000030517578,247.0,6373,0.0,0.0,2022-06-07
1946,2022-06-07 12:00:00+02:00,246.39999389648438,247.6999969482422,245.39999389648438,246.10000610351562,9511,0.0,0.0,2022-06-07
1947,2022-06-07 13:00:00+02:00,246.1999969482422,246.39999389648438,244.89999389648438,245.1999969482422,5372,0.0,0.0,2022-06-07
1948,2022-06-07 14:00:00+02:00,245.39999389648438,247.1999969482422,244.8000030517578,244.8000030517578,6299,0.0,0.0,2022-06-07
1949,2022-06-07 15:00:00+02:00,244.89999389648438,245.39999389648438,240.1999969482422,240.60000610351562,20878,0.0,0.0,2022-06-07
1950,2022-06-07 16:00:00+02:00,240.5,244.8000030517578,240.39999389648438,244.8000030517578,14609,0.0,0.0,2022-06-07
1951,2022-06-07 17:00:00+02:00,244.60000610351562,246.1999969482422,244.0,246.1999969482422,83905,0.0,0.0,2022-06-07
1952,2022-06-08 09:00:00+02:00,247.1999969482422,248.1999969482422,246.0,247.0,0,0.0,0.0,2022-06-08
1953,2022-06-08 10:00:00+02:00,246.89999389648438,251.10000610351562,246.89999389648438,251.0,3375,0.0,0.0,2022-06-08
1954,2022-06-08 11:00:00+02:00,251.10000610351562,251.10000610351562,249.3000030517578,249.3000030517578,8799,0.0,0.0,2022-06-08
1955,2022-06-08 12:00:00+02:00,248.6999969482422,249.10000610351562,247.1999969482422,247.5,4198,0.0,0.0,2022-06-08
1956,2022-06-08 13:00:00+02:00,247.89999389648438,249.6999969482422,247.89999389648438,247.89999389648438,3585,0.0,0.0,2022-06-08
1957,2022-06-08 14:00:00+02:00,247.8000030517578,249.1999969482422,247.0,248.10000610351562,4575,0.0,0.0,2022-06-08
1958,2022-06-08 15:00:00+02:00,247.60000610351562,248.60000610351562,247.3000030517578,247.89999389648438,4634,0.0,0.0,2022-06-08
1959,2022-06-08 16:00:00+02:00,247.89999389648438,248.10000610351562,246.8000030517578,247.60000610351562,6529,0.0,0.0,2022-06-08
1960,2022-06-08 17:00:00+02:00,247.5,249.89999389648438,247.5,249.10000610351562,98439,0.0,0.0,2022-06-08
1961,2022-06-09 09:00:00+02:00,244.89999389648438,248.3000030517578,244.60000610351562,244.60000610351562,0,0.0,0.0,2022-06-09
1962,2022-06-09 10:00:00+02:00,244.10000610351562,244.1999969482422,242.10000610351562,243.89999389648438,9378,0.0,0.0,2022-06-09
1963,2022-06-09 11:00:00+02:00,243.5,246.5,243.0,243.60000610351562,8879,0.0,0.0,2022-06-09
1964,2022-06-09 12:00:00+02:00,244.3000030517578,244.8000030517578,243.3000030517578,244.1999969482422,11552,0.0,0.0,2022-06-09
1965,2022-06-09 13:00:00+02:00,244.3000030517578,246.60000610351562,242.89999389648438,243.3000030517578,21325,0.0,0.0,2022-06-09
1966,2022-06-09 14:00:00+02:00,243.10000610351562,243.39999389648438,236.0,236.0,26252,0.0,0.0,2022-06-09
1967,2022-06-09 15:00:00+02:00,236.10000610351562,242.1999969482422,236.10000610351562,242.1999969482422,38016,0.0,0.0,2022-06-09
1968,2022-06-09 16:00:00+02:00,242.1999969482422,243.5,240.89999389648438,242.8000030517578,77902,0.0,0.0,2022-06-09
1969,2022-06-09 17:00:00+02:00,242.89999389648438,243.39999389648438,241.10000610351562,241.6999969482422,168777,0.0,0.0,2022-06-09
1970,2022-06-10 09:00:00+02:00,240.0,240.0,234.39999389648438,235.0,0,0.0,0.0,2022-06-10
1971,2022-06-10 10:00:00+02:00,235.0,236.5,233.89999389648438,235.1999969482422,7886,0.0,0.0,2022-06-10
1972,2022-06-10 11:00:00+02:00,235.89999389648438,239.1999969482422,235.89999389648438,238.39999389648438,11133,0.0,0.0,2022-06-10
1973,2022-06-10 12:00:00+02:00,238.0,239.1999969482422,237.60000610351562,238.60000610351562,6693,0.0,0.0,2022-06-10
1974,2022-06-10 13:00:00+02:00,238.8000030517578,239.10000610351562,237.8000030517578,237.89999389648438,4086,0.0,0.0,2022-06-10
1975,2022-06-10 14:00:00+02:00,238.1999969482422,240.1999969482422,235.0,235.0,33271,0.0,0.0,2022-06-10
1976,2022-06-10 15:00:00+02:00,235.10000610351562,235.39999389648438,230.10000610351562,231.10000610351562,22715,0.0,0.0,2022-06-10
1977,2022-06-10 16:00:00+02:00,230.6999969482422,232.0,229.8000030517578,230.8000030517578,26262,0.0,0.0,2022-06-10
1978,2022-06-10 17:00:00+02:00,230.6999969482422,230.89999389648438,229.39999389648438,229.6999969482422,83369,0.0,0.0,2022-06-10
1979,2022-06-13 09:00:00+02:00,237.6999969482422,237.6999969482422,222.10000610351562,223.39999389648438,0,0.0,0.0,2022-06-13
1980,2022-06-13 10:00:00+02:00,223.39999389648438,223.39999389648438,219.6999969482422,221.6999969482422,76160,0.0,0.0,2022-06-13
1981,2022-06-13 11:00:00+02:00,221.5,223.0,219.6999969482422,219.89999389648438,21023,0.0,0.0,2022-06-13
1982,2022-06-13 12:00:00+02:00,220.10000610351562,221.1999969482422,220.0,220.89999389648438,37316,0.0,0.0,2022-06-13
1983,2022-06-13 13:00:00+02:00,221.1999969482422,221.8000030517578,218.6999969482422,218.89999389648438,42493,0.0,0.0,2022-06-13
1984,2022-06-13 14:00:00+02:00,218.89999389648438,220.39999389648438,218.60000610351562,219.0,17801,0.0,0.0,2022-06-13
1985,2022-06-13 15:00:00+02:00,219.39999389648438,220.39999389648438,217.39999389648438,219.5,48131,0.0,0.0,2022-06-13
1986,2022-06-13 16:00:00+02:00,219.6999969482422,219.8000030517578,215.89999389648438,216.8000030517578,30670,0.0,0.0,2022-06-13
1987,2022-06-13 17:00:00+02:00,216.8000030517578,218.0,215.39999389648438,218.0,149400,0.0,0.0,2022-06-13
1988,2022-06-14 09:00:00+02:00,222.0,222.89999389648438,209.10000610351562,209.10000610351562,0,0.0,0.0,2022-06-14
1989,2022-06-14 10:00:00+02:00,209.1999969482422,210.10000610351562,205.3000030517578,205.5,35161,0.0,0.0,2022-06-14
1990,2022-06-14 11:00:00+02:00,205.3000030517578,206.3000030517578,203.8000030517578,206.1999969482422,28472,0.0,0.0,2022-06-14
1991,2022-06-14 12:00:00+02:00,205.6999969482422,206.6999969482422,204.39999389648438,205.60000610351562,42608,0.0,0.0,2022-06-14
1992,2022-06-14 13:00:00+02:00,205.60000610351562,206.89999389648438,202.8000030517578,203.0,26010,0.0,0.0,2022-06-14
1993,2022-06-14 14:00:00+02:00,203.10000610351562,209.1999969482422,203.10000610351562,208.89999389648438,117722,0.0,0.0,2022-06-14
1994,2022-06-14 15:00:00+02:00,208.89999389648438,209.6999969482422,203.39999389648438,207.0,89031,0.0,0.0,2022-06-14
1995,2022-06-14 16:00:00+02:00,206.8000030517578,208.39999389648438,203.60000610351562,205.8000030517578,50093,0.0,0.0,2022-06-14
1996,2022-06-14 17:00:00+02:00,205.6999969482422,206.1999969482422,204.10000610351562,204.60000610351562,146217,0.0,0.0,2022-06-14
1997,2022-06-15 09:00:00+02:00,204.60000610351562,209.6999969482422,203.89999389648438,207.8000030517578,0,0.0,0.0,2022-06-15
1998,2022-06-15 10:00:00+02:00,208.0,210.89999389648438,206.39999389648438,208.5,26720,0.0,0.0,2022-06-15
1999,2022-06-15 11:00:00+02:00,207.60000610351562,208.5,204.8000030517578,208.0,12418,0.0,0.0,2022-06-15
2000,2022-06-15 12:00:00+02:00,208.0,208.0,206.8000030517578,207.60000610351562,5905,0.0,0.0,2022-06-15
2001,2022-06-15 13:00:00+02:00,207.60000610351562,207.60000610351562,204.89999389648438,205.3000030517578,7096,0.0,0.0,2022-06-15
2002,2022-06-15 14:00:00+02:00,205.10000610351562,206.6999969482422,204.39999389648438,206.0,27043,0.0,0.0,2022-06-15
2003,2022-06-15 15:00:00+02:00,206.0,207.6999969482422,204.60000610351562,205.39999389648438,37116,0.0,0.0,2022-06-15
2004,2022-06-15 16:00:00+02:00,205.3000030517578,208.0,204.89999389648438,207.5,31493,0.0,0.0,2022-06-15
2005,2022-06-15 17:00:00+02:00,208.0,209.1999969482422,207.0,207.0,120173,0.0,0.0,2022-06-15
2006,2022-06-16 09:00:00+02:00,209.39999389648438,210.8000030517578,197.1999969482422,198.64999389648438,0,0.0,0.0,2022-06-16
2007,2022-06-16 10:00:00+02:00,198.89999389648438,199.60000610351562,195.64999389648438,195.64999389648438,15109,0.0,0.0,2022-06-16
2008,2022-06-16 11:00:00+02:00,195.5500030517578,196.5500030517578,194.0,195.3000030517578,21366,0.0,0.0,2022-06-16
2009,2022-06-16 12:00:00+02:00,195.0500030517578,195.64999389648438,194.10000610351562,194.64999389648438,14683,0.0,0.0,2022-06-16
2010,2022-06-16 13:00:00+02:00,195.0,196.60000610351562,191.1999969482422,192.5,32497,0.0,0.0,2022-06-16
2011,2022-06-16 14:00:00+02:00,192.5,196.0,192.1999969482422,194.0,37182,0.0,0.0,2022-06-16
2012,2022-06-16 15:00:00+02:00,193.75,194.39999389648438,189.8000030517578,190.25,35497,0.0,0.0,2022-06-16
2013,2022-06-16 16:00:00+02:00,190.0500030517578,190.8000030517578,188.0,190.14999389648438,31881,0.0,0.0,2022-06-16
2014,2022-06-16 17:00:00+02:00,190.39999389648438,192.5,190.39999389648438,192.35000610351562,129102,0.0,0.0,2022-06-16
2015,2022-06-17 09:00:00+02:00,195.0,198.0,190.5500030517578,197.3000030517578,0,0.0,0.0,2022-06-17
2016,2022-06-17 10:00:00+02:00,197.25,202.39999389648438,197.14999389648438,198.0,109622,0.0,0.0,2022-06-17
2017,2022-06-17 11:00:00+02:00,198.10000610351562,202.0,198.10000610351562,200.89999389648438,64957,0.0,0.0,2022-06-17
2018,2022-06-17 12:00:00+02:00,200.89999389648438,201.3000030517578,198.0,198.10000610351562,36328,0.0,0.0,2022-06-17
2019,2022-06-17 13:00:00+02:00,198.25,200.1999969482422,198.0,198.4499969482422,147762,0.0,0.0,2022-06-17
2020,2022-06-17 14:00:00+02:00,198.5500030517578,199.64999389648438,198.0,199.10000610351562,27450,0.0,0.0,2022-06-17
2021,2022-06-17 15:00:00+02:00,198.85000610351562,199.39999389648438,196.39999389648438,197.39999389648438,53090,0.0,0.0,2022-06-17
2022,2022-06-17 16:00:00+02:00,198.1999969482422,198.39999389648438,194.60000610351562,195.0,56473,0.0,0.0,2022-06-17
2023,2022-06-17 17:00:00+02:00,195.0,198.35000610351562,194.5,198.0,403124,0.0,0.0,2022-06-17
2024,2022-06-20 09:00:00+02:00,194.89999389648438,205.89999389648438,194.89999389648438,205.39999389648438,0,0.0,0.0,2022-06-20
2025,2022-06-20 10:00:00+02:00,205.89999389648438,209.39999389648438,205.39999389648438,207.8000030517578,22521,0.0,0.0,2022-06-20
2026,2022-06-20 11:00:00+02:00,207.89999389648438,208.10000610351562,205.39999389648438,207.0,19338,0.0,0.0,2022-06-20
2027,2022-06-20 12:00:00+02:00,206.6999969482422,206.8000030517578,203.39999389648438,204.0,9331,0.0,0.0,2022-06-20
2028,2022-06-20 13:00:00+02:00,204.10000610351562,204.89999389648438,203.1999969482422,204.10000610351562,12716,0.0,0.0,2022-06-20
2029,2022-06-20 14:00:00+02:00,203.8000030517578,204.3000030517578,203.1999969482422,204.1999969482422,7047,0.0,0.0,2022-06-20
2030,2022-06-20 15:00:00+02:00,204.39999389648438,206.0,204.0,204.0,66521,0.0,0.0,2022-06-20
2031,2022-06-20 16:00:00+02:00,204.10000610351562,205.10000610351562,202.10000610351562,204.8000030517578,36549,0.0,0.0,2022-06-20
2032,2022-06-20 17:00:00+02:00,205.0,205.39999389648438,202.6999969482422,205.3000030517578,116625,0.0,0.0,2022-06-20
2033,2022-06-21 09:00:00+02:00,205.8000030517578,207.39999389648438,199.1999969482422,204.1999969482422,0,0.0,0.0,2022-06-21
2034,2022-06-21 10:00:00+02:00,204.0,205.89999389648438,203.5,205.6999969482422,107812,0.0,0.0,2022-06-21
2035,2022-06-21 11:00:00+02:00,205.6999969482422,207.89999389648438,205.0,207.1999969482422,15894,0.0,0.0,2022-06-21
2036,2022-06-21 12:00:00+02:00,206.89999389648438,207.6999969482422,205.0,205.0,17184,0.0,0.0,2022-06-21
2037,2022-06-21 13:00:00+02:00,205.1999969482422,205.3000030517578,202.8000030517578,203.5,74204,0.0,0.0,2022-06-21
2038,2022-06-21 14:00:00+02:00,203.10000610351562,204.60000610351562,202.0,202.39999389648438,66847,0.0,0.0,2022-06-21
2039,2022-06-21 15:00:00+02:00,202.60000610351562,203.0,197.5,199.35000610351562,40208,0.0,0.0,2022-06-21
2040,2022-06-21 16:00:00+02:00,199.25,200.6999969482422,198.6999969482422,200.10000610351562,19335,0.0,0.0,2022-06-21
2041,2022-06-21 17:00:00+02:00,200.0,200.0,198.35000610351562,199.0,76315,0.0,0.0,2022-06-21
2042,2022-06-22 09:00:00+02:00,199.0,199.5,190.3000030517578,190.3000030517578,0,0.0,0.0,2022-06-22
2043,2022-06-22 10:00:00+02:00,190.1999969482422,190.35000610351562,187.0,187.39999389648438,58747,0.0,0.0,2022-06-22
2044,2022-06-22 11:00:00+02:00,187.64999389648438,190.10000610351562,187.5,189.39999389648438,28229,0.0,0.0,2022-06-22
2045,2022-06-22 12:00:00+02:00,189.25,190.60000610351562,189.10000610351562,190.10000610351562,19611,0.0,0.0,2022-06-22
2046,2022-06-22 13:00:00+02:00,190.0500030517578,190.25,188.10000610351562,189.35000610351562,74024,0.0,0.0,2022-06-22
2047,2022-06-22 14:00:00+02:00,189.1999969482422,191.0,188.8000030517578,191.0,12634,0.0,0.0,2022-06-22
2048,2022-06-22 15:00:00+02:00,191.8000030517578,194.85000610351562,191.39999389648438,193.64999389648438,59702,0.0,0.0,2022-06-22
2049,2022-06-22 16:00:00+02:00,193.75,199.6999969482422,193.5500030517578,198.9499969482422,42715,0.0,0.0,2022-06-22
2050,2022-06-22 17:00:00+02:00,198.75,198.75,196.25,196.75,148564,0.0,0.0,2022-06-22
2051,2022-06-23 09:00:00+02:00,196.75,200.10000610351562,195.0,196.0,0,0.0,0.0,2022-06-23
2052,2022-06-23 10:00:00+02:00,195.8000030517578,196.5500030517578,194.10000610351562,195.0,13253,0.0,0.0,2022-06-23
2053,2022-06-23 11:00:00+02:00,195.4499969482422,196.85000610351562,193.8000030517578,194.60000610351562,11445,0.0,0.0,2022-06-23
2054,2022-06-23 12:00:00+02:00,195.0,196.14999389648438,193.5500030517578,195.25,7794,0.0,0.0,2022-06-23
2055,2022-06-27 09:00:00+02:00,203.0,205.0,200.6999969482422,204.60000610351562,0,0.0,0.0,2022-06-27
2056,2022-06-27 10:00:00+02:00,204.60000610351562,206.0,202.39999389648438,203.0,88098,0.0,0.0,2022-06-27
2057,2022-06-27 11:00:00+02:00,202.60000610351562,204.0,202.5,203.6999969482422,19381,0.0,0.0,2022-06-27
2058,2022-06-27 12:00:00+02:00,203.3000030517578,203.8000030517578,201.39999389648438,202.6999969482422,15391,0.0,0.0,2022-06-27
2059,2022-06-27 13:00:00+02:00,202.3000030517578,202.5,201.5,201.89999389648438,6607,0.0,0.0,2022-06-27
2060,2022-06-27 14:00:00+02:00,202.3000030517578,202.89999389648438,201.6999969482422,202.0,9202,0.0,0.0,2022-06-27
2061,2022-06-27 15:00:00+02:00,202.8000030517578,203.0,200.89999389648438,201.5,24121,0.0,0.0,2022-06-27
2062,2022-06-27 16:00:00+02:00,201.39999389648438,202.0,200.39999389648438,201.8000030517578,26509,0.0,0.0,2022-06-27
2063,2022-06-27 17:00:00+02:00,202.0,203.0,201.6999969482422,203.0,0,0.0,0.0,2022-06-27
2064,2022-06-28 09:00:00+02:00,203.1999969482422,205.8000030517578,198.10000610351562,199.10000610351562,50107,0.0,0.0,2022-06-28
2065,2022-06-28 10:00:00+02:00,199.4499969482422,200.8000030517578,198.6999969482422,198.85000610351562,8133,0.0,0.0,2022-06-28
2066,2022-06-28 11:00:00+02:00,198.6999969482422,199.1999969482422,195.75,196.5500030517578,7841,0.0,0.0,2022-06-28
2067,2022-06-28 12:00:00+02:00,196.60000610351562,198.89999389648438,196.60000610351562,197.89999389648438,6118,0.0,0.0,2022-06-28
2068,2022-06-28 13:00:00+02:00,198.0,198.5,197.1999969482422,198.14999389648438,9300,0.0,0.0,2022-06-28
2069,2022-06-28 14:00:00+02:00,198.14999389648438,198.39999389648438,197.25,197.75,11330,0.0,0.0,2022-06-28
2070,2022-06-28 15:00:00+02:00,197.75,201.0,197.75,199.5,32184,0.0,0.0,2022-06-28
2071,2022-06-28 16:00:00+02:00,199.8000030517578,199.8000030517578,197.60000610351562,198.35000610351562,15119,0.0,0.0,2022-06-28
2072,2022-06-28 17:00:00+02:00,198.39999389648438,199.89999389648438,197.85000610351562,198.0,116920,0.0,0.0,2022-06-28
2073,2022-06-29 09:00:00+02:00,196.0500030517578,196.10000610351562,190.5500030517578,191.35000610351562,0,0.0,0.0,2022-06-29
2074,2022-06-29 10:00:00+02:00,191.5500030517578,195.0,191.5500030517578,194.1999969482422,12902,0.0,0.0,2022-06-29
2075,2022-06-29 11:00:00+02:00,194.25,194.9499969482422,190.3000030517578,190.4499969482422,13906,0.0,0.0,2022-06-29
2076,2022-06-29 12:00:00+02:00,190.14999389648438,190.85000610351562,188.60000610351562,190.0,10392,0.0,0.0,2022-06-29
2077,2022-06-29 13:00:00+02:00,190.0500030517578,192.8000030517578,189.39999389648438,192.8000030517578,108698,0.0,0.0,2022-06-29
2078,2022-06-29 14:00:00+02:00,193.0,194.64999389648438,191.4499969482422,192.0500030517578,15373,0.0,0.0,2022-06-29
2079,2022-06-29 15:00:00+02:00,191.9499969482422,193.5500030517578,190.14999389648438,193.3000030517578,37673,0.0,0.0,2022-06-29
2080,2022-06-29 16:00:00+02:00,193.35000610351562,194.0,190.10000610351562,190.1999969482422,44646,0.0,0.0,2022-06-29
2081,2022-06-29 17:00:00+02:00,190.1999969482422,192.5,189.9499969482422,191.75,137394,0.0,0.0,2022-06-29
2082,2022-06-30 09:00:00+02:00,191.64999389648438,192.4499969482422,188.85000610351562,189.4499969482422,0,0.0,0.0,2022-06-30
2083,2022-06-30 10:00:00+02:00,189.14999389648438,192.25,187.8000030517578,189.14999389648438,27758,0.0,0.0,2022-06-30
2084,2022-06-30 11:00:00+02:00,189.25,190.1999969482422,186.1999969482422,187.0,10665,0.0,0.0,2022-06-30
2085,2022-06-30 12:00:00+02:00,187.0,188.89999389648438,186.60000610351562,187.64999389648438,15675,0.0,0.0,2022-06-30
2086,2022-06-30 13:00:00+02:00,187.39999389648438,188.5,187.1999969482422,188.35000610351562,94484,0.0,0.0,2022-06-30
2087,2022-06-30 14:00:00+02:00,188.39999389648438,189.9499969482422,187.39999389648438,187.39999389648438,29175,0.0,0.0,2022-06-30
2088,2022-06-30 15:00:00+02:00,187.25,189.4499969482422,187.14999389648438,188.3000030517578,29335,0.0,0.0,2022-06-30
2089,2022-06-30 16:00:00+02:00,188.4499969482422,188.64999389648438,185.64999389648438,187.85000610351562,26484,0.0,0.0,2022-06-30
2090,2022-06-30 17:00:00+02:00,187.6999969482422,189.89999389648438,187.4499969482422,188.6999969482422,186371,0.0,0.0,2022-06-30
2091,2022-07-01 09:00:00+02:00,189.89999389648438,192.5500030517578,186.60000610351562,192.0,0,0.0,0.0,2022-07-01
2092,2022-07-01 10:00:00+02:00,192.1999969482422,196.25,190.75,193.14999389648438,28145,0.0,0.0,2022-07-01
2093,2022-07-01 11:00:00+02:00,193.3000030517578,194.60000610351562,192.0,192.10000610351562,15469,0.0,0.0,2022-07-01
2094,2022-07-01 12:00:00+02:00,192.10000610351562,192.5,189.8000030517578,190.1750030517578,88380,0.0,0.0,2022-07-01
2095,2022-07-01 13:00:00+02:00,190.0500030517578,190.8000030517578,187.85000610351562,188.3000030517578,49202,0.0,0.0,2022-07-01
2096,2022-07-01 14:00:00+02:00,187.9499969482422,190.64999389648438,187.9499969482422,189.89999389648438,11219,0.0,0.0,2022-07-01
2097,2022-07-01 15:00:00+02:00,190.1999969482422,193.1999969482422,189.6999969482422,192.6999969482422,58789,0.0,0.0,2022-07-01
2098,2022-07-01 16:00:00+02:00,192.64999389648438,193.14999389648438,190.3000030517578,191.6999969482422,58549,0.0,0.0,2022-07-01
2099,2022-07-01 17:00:00+02:00,191.64999389648438,191.85000610351562,191.0,191.25,73964,0.0,0.0,2022-07-01
2100,2022-07-04 09:00:00+02:00,191.5,193.8000030517578,183.64999389648438,184.4499969482422,0,0.0,0.0,2022-07-04
2101,2022-07-04 10:00:00+02:00,184.39999389648438,185.5500030517578,183.89999389648438,184.60000610351562,6421,0.0,0.0,2022-07-04
2102,2022-07-04 11:00:00+02:00,184.39999389648438,185.9499969482422,184.0,185.5500030517578,7116,0.0,0.0,2022-07-04
2103,2022-07-04 12:00:00+02:00,185.5500030517578,185.85000610351562,184.60000610351562,184.64999389648438,8789,0.0,0.0,2022-07-04
2104,2022-07-04 13:00:00+02:00,185.14999389648438,185.35000610351562,182.60000610351562,182.60000610351562,48894,0.0,0.0,2022-07-04
2105,2022-07-04 14:00:00+02:00,182.25,182.35000610351562,180.75,181.6999969482422,15608,0.0,0.0,2022-07-04
2106,2022-07-04 15:00:00+02:00,181.8000030517578,183.39999389648438,181.0,183.3000030517578,35618,0.0,0.0,2022-07-04
2107,2022-07-04 16:00:00+02:00,183.25,183.5500030517578,180.60000610351562,181.14999389648438,12271,0.0,0.0,2022-07-04
2108,2022-07-04 17:00:00+02:00,181.1999969482422,181.39999389648438,179.25,179.5,71883,0.0,0.0,2022-07-04
2109,2022-07-05 09:00:00+02:00,179.5,187.39999389648438,179.5,186.75,0,0.0,0.0,2022-07-05
2110,2022-07-05 10:00:00+02:00,187.0500030517578,187.6999969482422,184.10000610351562,184.10000610351562,115772,0.0,0.0,2022-07-05
2111,2022-07-05 11:00:00+02:00,184.5500030517578,185.6999969482422,183.10000610351562,185.14999389648438,7323,0.0,0.0,2022-07-05
2112,2022-07-05 12:00:00+02:00,184.75,184.89999389648438,182.85000610351562,183.39999389648438,64129,0.0,0.0,2022-07-05
2113,2022-07-05 13:00:00+02:00,183.25,184.4499969482422,183.0500030517578,183.0500030517578,60732,0.0,0.0,2022-07-05
2114,2022-07-05 14:00:00+02:00,183.89999389648438,184.3000030517578,181.75,184.3000030517578,28414,0.0,0.0,2022-07-05
2115,2022-07-05 15:00:00+02:00,184.6999969482422,189.4499969482422,184.5,189.10000610351562,60530,0.0,0.0,2022-07-05
2116,2022-07-05 16:00:00+02:00,188.89999389648438,190.60000610351562,188.14999389648438,188.14999389648438,77165,0.0,0.0,2022-07-05
2117,2022-07-05 17:00:00+02:00,187.6999969482422,188.5,187.64999389648438,188.0500030517578,117268,0.0,0.0,2022-07-05
2118,2022-07-06 09:00:00+02:00,192.25,193.14999389648438,187.3000030517578,192.5,0,0.0,0.0,2022-07-06
2119,2022-07-06 10:00:00+02:00,192.5,193.0,191.10000610351562,192.0500030517578,115765,0.0,0.0,2022-07-06
2120,2022-07-06 11:00:00+02:00,192.0,192.5500030517578,191.8000030517578,192.39999389648438,23089,0.0,0.0,2022-07-06
2121,2022-07-06 12:00:00+02:00,192.4499969482422,194.35000610351562,192.0,193.8000030517578,118844,0.0,0.0,2022-07-06
2122,2022-07-06 13:00:00+02:00,194.0,195.39999389648438,192.60000610351562,195.39999389648438,25530,0.0,0.0,2022-07-06
2123,2022-07-06 14:00:00+02:00,195.9499969482422,197.8000030517578,194.5500030517578,197.39999389648438,34897,0.0,0.0,2022-07-06
2124,2022-07-06 15:00:00+02:00,197.4499969482422,198.4499969482422,195.3000030517578,196.39999389648438,22760,0.0,0.0,2022-07-06
2125,2022-07-06 16:00:00+02:00,196.25,198.60000610351562,195.25,197.6999969482422,33929,0.0,0.0,2022-07-06
2126,2022-07-06 17:00:00+02:00,198.0,198.5500030517578,197.1999969482422,198.5500030517578,131593,0.0,0.0,2022-07-06
2127,2022-07-07 09:00:00+02:00,198.8000030517578,201.89999389648438,196.85000610351562,200.6999969482422,0,0.0,0.0,2022-07-07
2128,2022-07-07 10:00:00+02:00,200.89999389648438,202.1999969482422,199.89999389648438,201.10000610351562,27982,0.0,0.0,2022-07-07
2129,2022-07-07 11:00:00+02:00,201.0,201.3000030517578,199.4499969482422,199.89999389648438,20617,0.0,0.0,2022-07-07
2130,2022-07-07 12:00:00+02:00,200.10000610351562,201.60000610351562,199.75,201.60000610351562,13024,0.0,0.0,2022-07-07
2131,2022-07-07 13:00:00+02:00,201.60000610351562,202.60000610351562,200.3000030517578,202.3000030517578,5771,0.0,0.0,2022-07-07
2132,2022-07-07 14:00:00+02:00,202.10000610351562,203.10000610351562,201.60000610351562,202.89999389648438,16068,0.0,0.0,2022-07-07
2133,2022-07-07 15:00:00+02:00,202.6999969482422,207.1999969482422,201.5,206.89999389648438,27648,0.0,0.0,2022-07-07
2134,2022-07-07 16:00:00+02:00,206.89999389648438,207.60000610351562,204.0,206.89999389648438,54183,0.0,0.0,2022-07-07
2135,2022-07-07 17:00:00+02:00,207.1999969482422,209.89999389648438,207.10000610351562,207.6999969482422,155424,0.0,0.0,2022-07-07
2136,2022-07-08 09:00:00+02:00,207.6999969482422,208.1999969482422,203.1999969482422,204.6999969482422,0,0.0,0.0,2022-07-08
2137,2022-07-08 10:00:00+02:00,204.89999389648438,207.39999389648438,204.5,206.89999389648438,19933,0.0,0.0,2022-07-08
2138,2022-07-08 11:00:00+02:00,206.6999969482422,207.0,205.60000610351562,206.60000610351562,21563,0.0,0.0,2022-07-08
2139,2022-07-08 12:00:00+02:00,206.39999389648438,208.0,205.39999389648438,206.0,28006,0.0,0.0,2022-07-08
2140,2022-07-08 13:00:00+02:00,206.1999969482422,206.60000610351562,205.3000030517578,206.0,5002,0.0,0.0,2022-07-08
2141,2022-07-08 14:00:00+02:00,206.0,206.1999969482422,203.39999389648438,203.8000030517578,6577,0.0,0.0,2022-07-08
2142,2022-07-08 15:00:00+02:00,204.5,207.10000610351562,204.1999969482422,206.1999969482422,17649,0.0,0.0,2022-07-08
2143,2022-07-08 16:00:00+02:00,206.5,208.60000610351562,205.39999389648438,207.8000030517578,25047,0.0,0.0,2022-07-08
2144,2022-07-08 17:00:00+02:00,207.89999389648438,207.89999389648438,206.60000610351562,207.1999969482422,90967,0.0,0.0,2022-07-08
2145,2022-07-11 09:00:00+02:00,206.5,206.5,200.1999969482422,205.39999389648438,0,0.0,0.0,2022-07-11
2146,2022-07-11 10:00:00+02:00,205.10000610351562,210.10000610351562,204.89999389648438,210.0,40985,0.0,0.0,2022-07-11
2147,2022-07-11 11:00:00+02:00,210.0,211.6999969482422,210.0,210.0,38120,0.0,0.0,2022-07-11
2148,2022-07-11 12:00:00+02:00,210.10000610351562,210.10000610351562,206.60000610351562,208.1999969482422,37603,0.0,0.0,2022-07-11
2149,2022-07-11 13:00:00+02:00,208.60000610351562,209.10000610351562,207.10000610351562,207.89999389648438,15595,0.0,0.0,2022-07-11
2150,2022-07-11 14:00:00+02:00,207.60000610351562,208.6999969482422,207.10000610351562,208.10000610351562,9956,0.0,0.0,2022-07-11
2151,2022-07-11 15:00:00+02:00,208.3000030517578,210.10000610351562,206.39999389648438,208.3000030517578,26239,0.0,0.0,2022-07-11
2152,2022-07-11 16:00:00+02:00,208.0,210.1999969482422,206.39999389648438,210.10000610351562,16947,0.0,0.0,2022-07-11
2153,2022-07-11 17:00:00+02:00,210.0,210.3000030517578,209.5,209.5,88193,0.0,0.0,2022-07-11
2154,2022-07-12 09:00:00+02:00,209.10000610351562,209.10000610351562,202.3000030517578,205.10000610351562,0,0.0,0.0,2022-07-12
2155,2022-07-12 10:00:00+02:00,206.1999969482422,211.8000030517578,205.5,210.89999389648438,44651,0.0,0.0,2022-07-12
2156,2022-07-12 11:00:00+02:00,210.89999389648438,212.6999969482422,210.10000610351562,211.10000610351562,28605,0.0,0.0,2022-07-12
2157,2022-07-12 12:00:00+02:00,211.1999969482422,213.8000030517578,211.1999969482422,213.1999969482422,15264,0.0,0.0,2022-07-12
2158,2022-07-12 13:00:00+02:00,213.0,215.3000030517578,212.89999389648438,214.89999389648438,51621,0.0,0.0,2022-07-12
2159,2022-07-12 14:00:00+02:00,214.8000030517578,215.6999969482422,214.0,215.3000030517578,41728,0.0,0.0,2022-07-12
2160,2022-07-12 15:00:00+02:00,215.5,218.10000610351562,214.5,216.89999389648438,36175,0.0,0.0,2022-07-12
2161,2022-07-12 16:00:00+02:00,216.60000610351562,219.5,216.39999389648438,219.5,18370,0.0,0.0,2022-07-12
2162,2022-07-12 17:00:00+02:00,219.1999969482422,220.0,218.60000610351562,219.5,113003,0.0,0.0,2022-07-12
2163,2022-07-13 09:00:00+02:00,218.1999969482422,220.39999389648438,215.3000030517578,220.39999389648438,0,0.0,0.0,2022-07-13
2164,2022-07-13 10:00:00+02:00,220.6999969482422,222.8000030517578,218.6999969482422,222.5,17132,0.0,0.0,2022-07-13
2165,2022-07-13 11:00:00+02:00,222.6999969482422,223.0,221.8000030517578,222.5,28825,0.0,0.0,2022-07-13
2166,2022-07-13 12:00:00+02:00,222.60000610351562,223.1999969482422,222.1999969482422,222.89999389648438,24391,0.0,0.0,2022-07-13
2167,2022-07-13 13:00:00+02:00,223.0,223.3000030517578,219.89999389648438,221.39999389648438,15825,0.0,0.0,2022-07-13
2168,2022-07-13 14:00:00+02:00,221.39999389648438,222.89999389648438,212.6999969482422,217.3000030517578,151349,0.0,0.0,2022-07-13
2169,2022-07-13 15:00:00+02:00,217.6999969482422,218.60000610351562,214.1999969482422,218.39999389648438,47657,0.0,0.0,2022-07-13
2170,2022-07-13 16:00:00+02:00,218.0,221.5,214.60000610351562,221.3000030517578,90357,0.0,0.0,2022-07-13
2171,2022-07-13 17:00:00+02:00,221.3000030517578,221.60000610351562,218.5,218.5,112344,0.0,0.0,2022-07-13
2172,2022-07-14 09:00:00+02:00,216.0,216.89999389648438,211.1999969482422,212.10000610351562,0,0.0,0.0,2022-07-14
2173,2022-07-14 10:00:00+02:00,211.60000610351562,215.39999389648438,209.0,209.6999969482422,12241,0.0,0.0,2022-07-14
2174,2022-07-14 11:00:00+02:00,209.39999389648438,210.0,206.5,207.6999969482422,13213,0.0,0.0,2022-07-14
2175,2022-07-14 12:00:00+02:00,208.0,208.8000030517578,207.1999969482422,207.1999969482422,11051,0.0,0.0,2022-07-14
2176,2022-07-14 13:00:00+02:00,207.60000610351562,209.10000610351562,207.60000610351562,208.3000030517578,11866,0.0,0.0,2022-07-14
2177,2022-07-14 14:00:00+02:00,208.6999969482422,209.5,205.0,206.3000030517578,55973,0.0,0.0,2022-07-14
2178,2022-07-14 15:00:00+02:00,206.6999969482422,207.89999389648438,203.6999969482422,204.10000610351562,23847,0.0,0.0,2022-07-14
2179,2022-07-14 16:00:00+02:00,203.6999969482422,210.3000030517578,203.6999969482422,210.3000030517578,32674,0.0,0.0,2022-07-14
2180,2022-07-14 17:00:00+02:00,210.39999389648438,211.3000030517578,209.60000610351562,210.39999389648438,102795,0.0,0.0,2022-07-14
2181,2022-07-15 09:00:00+02:00,210.0,211.89999389648438,203.8000030517578,210.3000030517578,0,0.0,0.0,2022-07-15
2182,2022-07-15 10:00:00+02:00,210.8000030517578,213.60000610351562,208.60000610351562,212.5,27485,0.0,0.0,2022-07-15
2183,2022-07-15 11:00:00+02:00,212.3000030517578,212.8000030517578,209.6999969482422,210.60000610351562,42164,0.0,0.0,2022-07-15
2184,2022-07-15 12:00:00+02:00,210.1999969482422,212.6999969482422,209.6999969482422,211.8000030517578,0,0.0,0.0,2022-07-15
2185,2022-07-15 13:00:00+02:00,212.0,213.89999389648438,211.89999389648438,213.1999969482422,145162,0.0,0.0,2022-07-15
2186,2022-07-15 14:00:00+02:00,213.10000610351562,218.39999389648438,211.5,218.3000030517578,43888,0.0,0.0,2022-07-15
2187,2022-07-15 15:00:00+02:00,218.60000610351562,220.1999969482422,217.3000030517578,218.8000030517578,36101,0.0,0.0,2022-07-15
2188,2022-07-15 16:00:00+02:00,218.60000610351562,222.3000030517578,218.60000610351562,221.6999969482422,29944,0.0,0.0,2022-07-15
2189,2022-07-15 17:00:00+02:00,221.39999389648438,223.8000030517578,221.39999389648438,222.60000610351562,106028,0.0,0.0,2022-07-15
2190,2022-07-18 09:00:00+02:00,226.5,227.39999389648438,219.39999389648438,223.89999389648438,0,0.0,0.0,2022-07-18
2191,2022-07-18 10:00:00+02:00,223.89999389648438,226.5,223.39999389648438,225.5,26234,0.0,0.0,2022-07-18
2192,2022-07-18 11:00:00+02:00,225.3000030517578,227.0,223.5,226.5,24719,0.0,0.0,2022-07-18
2193,2022-07-18 12:00:00+02:00,226.5,228.10000610351562,226.0,227.8000030517578,15804,0.0,0.0,2022-07-18
2194,2022-07-18 13:00:00+02:00,227.1999969482422,228.8000030517578,227.0,228.10000610351562,15374,0.0,0.0,2022-07-18
2195,2022-07-18 14:00:00+02:00,227.89999389648438,227.89999389648438,224.3000030517578,226.60000610351562,14910,0.0,0.0,2022-07-18
2196,2022-07-18 15:00:00+02:00,226.89999389648438,229.3000030517578,226.0,229.10000610351562,14801,0.0,0.0,2022-07-18
2197,2022-07-18 16:00:00+02:00,228.8000030517578,229.3000030517578,226.89999389648438,228.39999389648438,22042,0.0,0.0,2022-07-18
2198,2022-07-18 17:00:00+02:00,228.39999389648438,230.6999969482422,228.39999389648438,230.0,133559,0.0,0.0,2022-07-18
2199,2022-07-19 09:00:00+02:00,229.5,231.60000610351562,227.39999389648438,229.5,0,0.0,0.0,2022-07-19
2200,2022-07-19 10:00:00+02:00,230.1999969482422,233.8000030517578,230.10000610351562,233.1999969482422,16218,0.0,0.0,2022-07-19
2201,2022-07-19 11:00:00+02:00,233.0,233.39999389648438,230.1999969482422,230.5,10356,0.0,0.0,2022-07-19
2202,2022-07-19 12:00:00+02:00,230.8000030517578,232.5,230.60000610351562,231.6999969482422,9926,0.0,0.0,2022-07-19
2203,2022-07-19 13:00:00+02:00,232.0,233.10000610351562,231.5,232.89999389648438,10769,0.0,0.0,2022-07-19
2204,2022-07-19 14:00:00+02:00,232.8000030517578,233.8000030517578,232.8000030517578,233.0,8337,0.0,0.0,2022-07-19
2205,2022-07-19 15:00:00+02:00,233.0,234.89999389648438,232.6999969482422,234.8000030517578,24439,0.0,0.0,2022-07-19
2206,2022-07-19 16:00:00+02:00,234.6999969482422,236.60000610351562,233.1999969482422,235.5,24830,0.0,0.0,2022-07-19
2207,2022-07-19 17:00:00+02:00,235.6999969482422,237.1999969482422,235.60000610351562,236.1999969482422,117924,0.0,0.0,2022-07-19
2208,2022-07-20 09:00:00+02:00,238.0,240.6999969482422,235.0,238.8000030517578,0,0.0,0.0,2022-07-20
2209,2022-07-20 10:00:00+02:00,239.10000610351562,240.5,238.39999389648438,239.8000030517578,19218,0.0,0.0,2022-07-20
2210,2022-07-20 11:00:00+02:00,239.6999969482422,241.39999389648438,239.6999969482422,240.0,15421,0.0,0.0,2022-07-20
2211,2022-07-20 12:00:00+02:00,240.10000610351562,240.8000030517578,239.1999969482422,240.3000030517578,14017,0.0,0.0,2022-07-20
2212,2022-07-20 13:00:00+02:00,239.89999389648438,240.39999389648438,239.60000610351562,240.0,4939,0.0,0.0,2022-07-20
2213,2022-07-20 14:00:00+02:00,240.0,240.5,238.60000610351562,239.5,22886,0.0,0.0,2022-07-20
2214,2022-07-20 15:00:00+02:00,239.0,240.89999389648438,238.8000030517578,239.0,13927,0.0,0.0,2022-07-20
2215,2022-07-20 16:00:00+02:00,239.1999969482422,240.39999389648438,238.0,239.5,22029,0.0,0.0,2022-07-20
2216,2022-07-20 17:00:00+02:00,239.6999969482422,240.10000610351562,239.3000030517578,239.3000030517578,105368,0.0,0.0,2022-07-20
2217,2022-07-21 09:00:00+02:00,243.89999389648438,243.89999389648438,237.89999389648438,238.6999969482422,0,0.0,0.0,2022-07-21
2218,2022-07-21 10:00:00+02:00,238.10000610351562,240.5,235.3000030517578,236.1999969482422,58763,0.0,0.0,2022-07-21
2219,2022-07-21 11:00:00+02:00,236.1999969482422,241.89999389648438,236.10000610351562,241.3000030517578,6855,0.0,0.0,2022-07-21
2220,2022-07-21 12:00:00+02:00,241.39999389648438,242.39999389648438,240.8000030517578,241.1999969482422,11075,0.0,0.0,2022-07-21
2221,2022-07-21 13:00:00+02:00,241.1999969482422,242.0,239.39999389648438,240.0,10183,0.0,0.0,2022-07-21
2222,2022-07-21 14:00:00+02:00,240.0,241.8000030517578,238.3000030517578,239.0,40574,0.0,0.0,2022-07-21
2223,2022-07-21 15:00:00+02:00,239.1999969482422,240.0,236.0,236.8000030517578,49542,0.0,0.0,2022-07-21
2224,2022-07-21 16:00:00+02:00,237.1999969482422,242.0,236.39999389648438,242.0,13738,0.0,0.0,2022-07-21
2225,2022-07-21 17:00:00+02:00,241.89999389648438,243.39999389648438,241.89999389648438,243.10000610351562,85199,0.0,0.0,2022-07-21
2226,2022-07-22 09:00:00+02:00,246.39999389648438,246.39999389648438,240.6999969482422,243.5,0,0.0,0.0,2022-07-22
2227,2022-07-22 10:00:00+02:00,243.10000610351562,249.10000610351562,242.3000030517578,248.8000030517578,17155,0.0,0.0,2022-07-22
2228,2022-07-22 11:00:00+02:00,249.0,254.10000610351562,249.0,251.0,19003,0.0,0.0,2022-07-22
2229,2022-07-22 12:00:00+02:00,251.3000030517578,253.10000610351562,250.89999389648438,252.5,20999,0.0,0.0,2022-07-22
2230,2022-07-22 13:00:00+02:00,252.1999969482422,255.0,252.0,255.0,8788,0.0,0.0,2022-07-22
2231,2022-07-22 14:00:00+02:00,255.10000610351562,255.39999389648438,254.0,254.3000030517578,9205,0.0,0.0,2022-07-22
2232,2022-07-22 15:00:00+02:00,254.1999969482422,255.3000030517578,253.1999969482422,253.1999969482422,24683,0.0,0.0,2022-07-22
2233,2022-07-22 16:00:00+02:00,253.0,254.60000610351562,252.89999389648438,254.1999969482422,21697,0.0,0.0,2022-07-22
2234,2022-07-22 17:00:00+02:00,254.39999389648438,254.8000030517578,253.8000030517578,254.1999969482422,100766,0.0,0.0,2022-07-22
2235,2022-07-25 09:00:00+02:00,254.1999969482422,255.1999969482422,248.6999969482422,253.3000030517578,0,0.0,0.0,2022-07-25
2236,2022-07-25 10:00:00+02:00,252.3000030517578,254.89999389648438,251.89999389648438,254.1999969482422,23339,0.0,0.0,2022-07-25
2237,2022-07-25 11:00:00+02:00,254.1999969482422,254.89999389648438,253.5,254.60000610351562,62797,0.0,0.0,2022-07-25
2238,2022-07-25 12:00:00+02:00,254.8000030517578,255.10000610351562,254.39999389648438,255.0,9415,0.0,0.0,2022-07-25
2239,2022-07-25 13:00:00+02:00,255.3000030517578,255.89999389648438,254.3000030517578,255.10000610351562,9590,0.0,0.0,2022-07-25
2240,2022-07-25 14:00:00+02:00,255.10000610351562,255.3000030517578,253.10000610351562,253.89999389648438,9409,0.0,0.0,2022-07-25
2241,2022-07-25 15:00:00+02:00,253.5,255.39999389648438,252.39999389648438,255.1999969482422,20565,0.0,0.0,2022-07-25
2242,2022-07-25 16:00:00+02:00,255.1999969482422,255.3000030517578,250.8000030517578,250.8000030517578,32132,0.0,0.0,2022-07-25
2243,2022-07-25 17:00:00+02:00,250.60000610351562,252.10000610351562,250.10000610351562,252.10000610351562,72417,0.0,0.0,2022-07-25
2244,2022-07-26 09:00:00+02:00,255.0,255.60000610351562,250.3000030517578,254.60000610351562,0,0.0,0.0,2022-07-26
2245,2022-07-26 10:00:00+02:00,254.1999969482422,255.5,249.5,249.6999969482422,13004,0.0,0.0,2022-07-26
2246,2022-07-26 11:00:00+02:00,249.6999969482422,251.3000030517578,249.60000610351562,251.10000610351562,8925,0.0,0.0,2022-07-26
2247,2022-07-26 12:00:00+02:00,250.6999969482422,250.6999969482422,247.1999969482422,247.89999389648438,15616,0.0,0.0,2022-07-26
2248,2022-07-26 13:00:00+02:00,247.6999969482422,249.6999969482422,247.3000030517578,248.8000030517578,10496,0.0,0.0,2022-07-26
2249,2022-07-26 14:00:00+02:00,248.89999389648438,250.1999969482422,248.6999969482422,249.1999969482422,9360,0.0,0.0,2022-07-26
2250,2022-07-26 15:00:00+02:00,249.0,249.1999969482422,246.1999969482422,246.89999389648438,19419,0.0,0.0,2022-07-26
2251,2022-07-26 16:00:00+02:00,246.60000610351562,248.5,242.39999389648438,245.0,27452,0.0,0.0,2022-07-26
2252,2022-07-26 17:00:00+02:00,244.89999389648438,244.89999389648438,241.10000610351562,241.1999969482422,123230,0.0,0.0,2022-07-26
2253,2022-07-27 09:00:00+02:00,242.0,247.89999389648438,239.5,247.89999389648438,0,0.0,0.0,2022-07-27
2254,2022-07-27 10:00:00+02:00,247.60000610351562,248.10000610351562,244.60000610351562,246.39999389648438,4658,0.0,0.0,2022-07-27
2255,2022-07-27 11:00:00+02:00,246.39999389648438,246.8000030517578,239.39999389648438,239.89999389648438,9445,0.0,0.0,2022-07-27
2256,2022-07-27 12:00:00+02:00,239.5,242.3000030517578,238.5,240.6999969482422,45865,0.0,0.0,2022-07-27
2257,2022-07-27 13:00:00+02:00,240.5,241.0,239.10000610351562,241.0,27624,0.0,0.0,2022-07-27
2258,2022-07-27 14:00:00+02:00,240.89999389648438,242.10000610351562,240.1999969482422,242.10000610351562,16571,0.0,0.0,2022-07-27
2259,2022-07-27 15:00:00+02:00,241.89999389648438,241.89999389648438,238.5,241.10000610351562,32038,0.0,0.0,2022-07-27
2260,2022-07-27 16:00:00+02:00,241.10000610351562,241.8000030517578,237.0,237.0,35004,0.0,0.0,2022-07-27
2261,2022-07-27 17:00:00+02:00,237.3000030517578,239.0,237.0,237.0,136647,0.0,0.0,2022-07-27
2262,2022-07-28 09:00:00+02:00,237.0,249.6999969482422,237.0,249.10000610351562,0,0.0,0.0,2022-07-28
2263,2022-07-28 10:00:00+02:00,249.0,251.10000610351562,248.1999969482422,249.3000030517578,26370,0.0,0.0,2022-07-28
2264,2022-07-28 11:00:00+02:00,249.3000030517578,251.89999389648438,248.3000030517578,251.89999389648438,25229,0.0,0.0,2022-07-28
2265,2022-07-28 12:00:00+02:00,251.5,251.8000030517578,247.3000030517578,247.6999969482422,16555,0.0,0.0,2022-07-28
2266,2022-07-28 13:00:00+02:00,248.10000610351562,248.10000610351562,246.1999969482422,246.5,5882,0.0,0.0,2022-07-28
2267,2022-07-28 14:00:00+02:00,246.5,249.6999969482422,246.39999389648438,249.3000030517578,19224,0.0,0.0,2022-07-28
2268,2022-07-28 15:00:00+02:00,249.39999389648438,251.8000030517578,246.3000030517578,247.60000610351562,18886,0.0,0.0,2022-07-28
2269,2022-07-28 16:00:00+02:00,248.0,249.1999969482422,247.10000610351562,249.1999969482422,12607,0.0,0.0,2022-07-28
2270,2022-07-28 17:00:00+02:00,249.1999969482422,252.1999969482422,249.1999969482422,251.3000030517578,71698,0.0,0.0,2022-07-28
2271,2022-07-29 09:00:00+02:00,252.10000610351562,255.60000610351562,252.10000610351562,255.60000610351562,0,0.0,0.0,2022-07-29
2272,2022-07-29 10:00:00+02:00,255.60000610351562,256.1000061035156,254.3000030517578,255.39999389648438,9999,0.0,0.0,2022-07-29
2273,2022-07-29 11:00:00+02:00,255.60000610351562,257.29998779296875,254.60000610351562,256.6000061035156,19444,0.0,0.0,2022-07-29
2274,2022-07-29 12:00:00+02:00,255.89999389648438,257.70001220703125,255.6999969482422,257.5,15051,0.0,0.0,2022-07-29
2275,2022-07-29 13:00:00+02:00,257.5,258.0,256.3999938964844,257.3999938964844,9556,0.0,0.0,2022-07-29
2276,2022-07-29 14:00:00+02:00,257.5,257.70001220703125,256.5,256.8999938964844,7395,0.0,0.0,2022-07-29
2277,2022-07-29 15:00:00+02:00,256.8999938964844,257.79998779296875,255.5,257.6000061035156,10499,0.0,0.0,2022-07-29
2278,2022-07-29 16:00:00+02:00,257.6000061035156,260.0,256.79998779296875,259.5,32840,0.0,0.0,2022-07-29
2279,2022-07-29 17:00:00+02:00,259.1000061035156,260.8999938964844,258.3999938964844,260.6000061035156,108872,0.0,0.0,2022-07-29
2280,2022-08-01 09:00:00+02:00,258.0,260.0,254.3000030517578,256.70001220703125,0,0.0,0.0,2022-08-01
2281,2022-08-01 10:00:00+02:00,257.70001220703125,260.6000061035156,256.79998779296875,257.3999938964844,10144,0.0,0.0,2022-08-01
2282,2022-08-01 11:00:00+02:00,257.5,258.5,256.5,256.70001220703125,14144,0.0,0.0,2022-08-01
2283,2022-08-01 12:00:00+02:00,256.79998779296875,257.79998779296875,255.8000030517578,256.1000061035156,6902,0.0,0.0,2022-08-01
2284,2022-08-01 13:00:00+02:00,256.3999938964844,256.8999938964844,255.89999389648438,256.0,3096,0.0,0.0,2022-08-01
2285,2022-08-01 14:00:00+02:00,256.3999938964844,256.3999938964844,253.8000030517578,254.3000030517578,4380,0.0,0.0,2022-08-01
2286,2022-08-01 15:00:00+02:00,254.3000030517578,258.3999938964844,253.89999389648438,258.3999938964844,10144,0.0,0.0,2022-08-01
2287,2022-08-01 16:00:00+02:00,257.8999938964844,259.8999938964844,256.6000061035156,259.70001220703125,10032,0.0,0.0,2022-08-01
2288,2022-08-01 17:00:00+02:00,259.8999938964844,260.0,257.0,257.79998779296875,41026,0.0,0.0,2022-08-01
2289,2022-08-02 09:00:00+02:00,257.29998779296875,258.6000061035156,255.0,257.5,0,0.0,0.0,2022-08-02
2290,2022-08-02 10:00:00+02:00,257.3999938964844,257.8999938964844,254.10000610351562,254.10000610351562,27297,0.0,0.0,2022-08-02
2291,2022-08-02 11:00:00+02:00,254.39999389648438,257.5,254.3000030517578,255.8000030517578,13540,0.0,0.0,2022-08-02
2292,2022-08-02 12:00:00+02:00,255.3000030517578,255.3000030517578,254.10000610351562,254.39999389648438,8267,0.0,0.0,2022-08-02
2293,2022-08-02 13:00:00+02:00,254.1999969482422,255.39999389648438,254.10000610351562,254.3000030517578,12478,0.0,0.0,2022-08-02
2294,2022-08-02 14:00:00+02:00,254.10000610351562,254.60000610351562,252.5,253.8000030517578,8314,0.0,0.0,2022-08-02
2295,2022-08-02 15:00:00+02:00,253.8000030517578,255.6999969482422,252.0,255.1999969482422,14621,0.0,0.0,2022-08-02
2296,2022-08-02 16:00:00+02:00,254.60000610351562,256.1000061035156,254.60000610351562,255.10000610351562,11955,0.0,0.0,2022-08-02
2297,2022-08-02 17:00:00+02:00,254.6999969482422,254.6999969482422,252.60000610351562,254.5,96758,0.0,0.0,2022-08-02
2298,2022-08-03 09:00:00+02:00,254.39999389648438,260.29998779296875,250.89999389648438,256.70001220703125,0,0.0,0.0,2022-08-03
2299,2022-08-03 10:00:00+02:00,257.1000061035156,257.79998779296875,255.6999969482422,257.29998779296875,11618,0.0,0.0,2022-08-03
2300,2022-08-03 11:00:00+02:00,257.1000061035156,259.6000061035156,257.1000061035156,258.1000061035156,8839,0.0,0.0,2022-08-03
2301,2022-08-03 12:00:00+02:00,258.20001220703125,259.8999938964844,258.20001220703125,258.8999938964844,7948,0.0,0.0,2022-08-03
2302,2022-08-03 13:00:00+02:00,259.29998779296875,259.3999938964844,258.3999938964844,258.3999938964844,4161,0.0,0.0,2022-08-03
2303,2022-08-03 14:00:00+02:00,258.0,260.1000061035156,257.3999938964844,259.79998779296875,6204,0.0,0.0,2022-08-03
2304,2022-08-03 15:00:00+02:00,259.5,259.8999938964844,255.39999389648438,255.39999389648438,12153,0.0,0.0,2022-08-03
2305,2022-08-03 16:00:00+02:00,255.39999389648438,258.3999938964844,254.8000030517578,257.79998779296875,11845,0.0,0.0,2022-08-03
2306,2022-08-03 17:00:00+02:00,257.79998779296875,259.1000061035156,257.3999938964844,257.3999938964844,98081,0.0,0.0,2022-08-03
2307,2022-08-04 09:00:00+02:00,257.5,259.6000061035156,254.3000030517578,258.0,0,0.0,0.0,2022-08-04
2308,2022-08-04 10:00:00+02:00,258.3999938964844,258.3999938964844,255.5,256.79998779296875,6557,0.0,0.0,2022-08-04
2309,2022-08-04 11:00:00+02:00,256.3999938964844,256.79998779296875,254.1999969482422,254.1999969482422,10043,0.0,0.0,2022-08-04
2310,2022-08-04 12:00:00+02:00,253.8000030517578,255.0,249.89999389648438,249.89999389648438,8413,0.0,0.0,2022-08-04
2311,2022-08-04 13:00:00+02:00,249.8000030517578,252.39999389648438,248.89999389648438,251.60000610351562,8238,0.0,0.0,2022-08-04
2312,2022-08-04 14:00:00+02:00,251.6999969482422,254.0,251.6999969482422,253.0,8188,0.0,0.0,2022-08-04
2313,2022-08-04 15:00:00+02:00,252.8000030517578,254.10000610351562,251.8000030517578,253.1999969482422,12155,0.0,0.0,2022-08-04
2314,2022-08-04 16:00:00+02:00,253.0,253.10000610351562,251.3000030517578,252.6999969482422,11995,0.0,0.0,2022-08-04
2315,2022-08-04 17:00:00+02:00,252.89999389648438,254.8000030517578,252.8000030517578,254.8000030517578,88222,0.0,0.0,2022-08-04
2316,2022-08-05 09:00:00+02:00,254.8000030517578,258.8999938964844,254.0,258.8999938964844,0,0.0,0.0,2022-08-05
2317,2022-08-05 10:00:00+02:00,258.79998779296875,259.0,251.39999389648438,251.8000030517578,19213,0.0,0.0,2022-08-05
2318,2022-08-05 11:00:00+02:00,252.1999969482422,254.0,251.39999389648438,252.5,10712,0.0,0.0,2022-08-05
2319,2022-08-05 12:00:00+02:00,252.3000030517578,252.60000610351562,251.10000610351562,251.8000030517578,3193,0.0,0.0,2022-08-05
2320,2022-08-05 13:00:00+02:00,251.89999389648438,253.3000030517578,251.5,252.8000030517578,6766,0.0,0.0,2022-08-05
2321,2022-08-05 14:00:00+02:00,252.89999389648438,253.89999389648438,242.60000610351562,243.39999389648438,37450,0.0,0.0,2022-08-05
2322,2022-08-05 15:00:00+02:00,243.5,244.8000030517578,242.3000030517578,242.3000030517578,14099,0.0,0.0,2022-08-05
2323,2022-08-05 16:00:00+02:00,242.1999969482422,247.3000030517578,242.0,244.6999969482422,24223,0.0,0.0,2022-08-05
2324,2022-08-05 17:00:00+02:00,244.8000030517578,245.0,242.6999969482422,242.6999969482422,65598,0.0,0.0,2022-08-05
2325,2022-08-08 09:00:00+02:00,244.6999969482422,250.3000030517578,243.6999969482422,245.89999389648438,0,0.0,0.0,2022-08-08
2326,2022-08-08 10:00:00+02:00,245.8000030517578,248.0,244.6999969482422,246.6999969482422,7381,0.0,0.0,2022-08-08
2327,2022-08-08 11:00:00+02:00,246.3000030517578,248.1999969482422,246.3000030517578,246.89999389648438,7573,0.0,0.0,2022-08-08
2328,2022-08-08 12:00:00+02:00,247.0,248.3000030517578,246.60000610351562,248.3000030517578,7031,0.0,0.0,2022-08-08
2329,2022-08-08 13:00:00+02:00,248.1999969482422,248.60000610351562,246.89999389648438,248.3000030517578,11007,0.0,0.0,2022-08-08
2330,2022-08-08 14:00:00+02:00,248.5,251.5,248.10000610351562,251.5,7223,0.0,0.0,2022-08-08
2331,2022-08-08 15:00:00+02:00,251.10000610351562,253.6999969482422,250.10000610351562,252.5,8916,0.0,0.0,2022-08-08
2332,2022-08-08 16:00:00+02:00,252.5,253.5,251.39999389648438,251.8000030517578,11564,0.0,0.0,2022-08-08
2333,2022-08-08 17:00:00+02:00,251.8000030517578,252.0,249.8000030517578,250.60000610351562,76131,0.0,0.0,2022-08-08
2334,2022-08-09 09:00:00+02:00,250.5,256.1000061035156,247.39999389648438,248.60000610351562,0,0.0,0.0,2022-08-09
2335,2022-08-09 10:00:00+02:00,249.10000610351562,250.0,247.8000030517578,248.6999969482422,5603,0.0,0.0,2022-08-09
2336,2022-08-09 11:00:00+02:00,249.0,249.89999389648438,247.5,247.6999969482422,4691,0.0,0.0,2022-08-09
2337,2022-08-09 12:00:00+02:00,247.89999389648438,248.0,245.39999389648438,247.10000610351562,29039,0.0,0.0,2022-08-09
2338,2022-08-09 13:00:00+02:00,247.10000610351562,247.39999389648438,245.60000610351562,245.60000610351562,9842,0.0,0.0,2022-08-09
2339,2022-08-09 14:00:00+02:00,245.3000030517578,246.60000610351562,245.0,245.39999389648438,3095,0.0,0.0,2022-08-09
2340,2022-08-09 15:00:00+02:00,245.5,247.39999389648438,245.5,246.60000610351562,10211,0.0,0.0,2022-08-09
2341,2022-08-09 16:00:00+02:00,246.8000030517578,246.8000030517578,242.5,242.60000610351562,8646,0.0,0.0,2022-08-09
2342,2022-08-09 17:00:00+02:00,242.8000030517578,243.3000030517578,241.1999969482422,243.3000030517578,78285,0.0,0.0,2022-08-09
2343,2022-08-10 09:00:00+02:00,245.8000030517578,245.8000030517578,237.8000030517578,243.1999969482422,0,0.0,0.0,2022-08-10
2344,2022-08-10 10:00:00+02:00,244.10000610351562,246.89999389648438,244.0,244.60000610351562,4945,0.0,0.0,2022-08-10
2345,2022-08-10 11:00:00+02:00,244.60000610351562,246.3000030517578,244.60000610351562,246.3000030517578,943,0.0,0.0,2022-08-10
2346,2022-08-10 12:00:00+02:00,246.5,247.39999389648438,245.89999389648438,246.5,1923,0.0,0.0,2022-08-10
2347,2022-08-10 13:00:00+02:00,246.5,247.6999969482422,246.5,247.6999969482422,2559,0.0,0.0,2022-08-10
2348,2022-08-10 14:00:00+02:00,247.89999389648438,259.79998779296875,247.89999389648438,258.1000061035156,58132,0.0,0.0,2022-08-10
2349,2022-08-10 15:00:00+02:00,258.0,258.0,254.10000610351562,255.3000030517578,18601,0.0,0.0,2022-08-10
2350,2022-08-10 16:00:00+02:00,255.5,259.0,255.5,258.29998779296875,19979,0.0,0.0,2022-08-10
2351,2022-08-10 17:00:00+02:00,258.29998779296875,260.0,258.29998779296875,259.0,73899,0.0,0.0,2022-08-10
2352,2022-08-11 09:00:00+02:00,257.8999938964844,263.29998779296875,257.6000061035156,258.6000061035156,0,0.0,0.0,2022-08-11
2353,2022-08-11 10:00:00+02:00,259.3999938964844,260.8999938964844,257.5,260.5,13306,0.0,0.0,2022-08-11
2354,2022-08-11 11:00:00+02:00,260.1000061035156,262.5,259.3999938964844,262.3999938964844,9725,0.0,0.0,2022-08-11
2355,2022-08-11 12:00:00+02:00,262.6000061035156,262.6000061035156,260.3999938964844,260.5,4109,0.0,0.0,2022-08-11
2356,2022-08-11 13:00:00+02:00,260.8999938964844,262.1000061035156,259.8999938964844,260.8999938964844,12458,0.0,0.0,2022-08-11
2357,2022-08-11 14:00:00+02:00,260.8999938964844,264.8999938964844,260.8999938964844,263.3999938964844,11451,0.0,0.0,2022-08-11
2358,2022-08-11 15:00:00+02:00,263.3999938964844,264.5,262.29998779296875,262.70001220703125,14023,0.0,0.0,2022-08-11
2359,2022-08-11 16:00:00+02:00,263.20001220703125,263.79998779296875,261.20001220703125,261.6000061035156,9582,0.0,0.0,2022-08-11
2360,2022-08-11 17:00:00+02:00,261.70001220703125,261.79998779296875,259.6000061035156,260.79998779296875,80374,0.0,0.0,2022-08-11
2361,2022-08-12 09:00:00+02:00,262.70001220703125,262.70001220703125,256.5,260.5,0,0.0,0.0,2022-08-12
2362,2022-08-12 10:00:00+02:00,260.6000061035156,260.8999938964844,259.0,259.0,16439,0.0,0.0,2022-08-12
2363,2022-08-12 11:00:00+02:00,259.29998779296875,260.1000061035156,258.3999938964844,259.70001220703125,4927,0.0,0.0,2022-08-12
2364,2022-08-12 12:00:00+02:00,259.70001220703125,260.29998779296875,259.0,260.1000061035156,11334,0.0,0.0,2022-08-12
2365,2022-08-12 13:00:00+02:00,260.0,260.70001220703125,259.3999938964844,260.5,12746,0.0,0.0,2022-08-12
2366,2022-08-12 14:00:00+02:00,260.0,263.5,260.0,263.29998779296875,15865,0.0,0.0,2022-08-12
2367,2022-08-12 15:00:00+02:00,263.29998779296875,265.1000061035156,263.29998779296875,264.0,12856,0.0,0.0,2022-08-12
2368,2022-08-12 16:00:00+02:00,263.8999938964844,266.1000061035156,262.70001220703125,264.5,21127,0.0,0.0,2022-08-12
2369,2022-08-12 17:00:00+02:00,264.20001220703125,264.29998779296875,262.8999938964844,262.8999938964844,111410,0.0,0.0,2022-08-12
2370,2022-08-15 09:00:00+02:00,261.29998779296875,265.0,259.5,262.3999938964844,0,0.0,0.0,2022-08-15
2371,2022-08-15 10:00:00+02:00,262.79998779296875,265.29998779296875,262.6000061035156,264.8999938964844,12029,0.0,0.0,2022-08-15
2372,2022-08-15 11:00:00+02:00,265.1000061035156,267.79998779296875,264.6000061035156,267.5,14007,0.0,0.0,2022-08-15
2373,2022-08-15 12:00:00+02:00,266.8999938964844,267.20001220703125,265.70001220703125,267.20001220703125,7611,0.0,0.0,2022-08-15
2374,2022-08-15 13:00:00+02:00,266.70001220703125,267.1000061035156,264.1000061035156,264.5,5202,0.0,0.0,2022-08-15
2375,2022-08-15 14:00:00+02:00,264.5,265.20001220703125,261.70001220703125,261.79998779296875,6970,0.0,0.0,2022-08-15
2376,2022-08-15 15:00:00+02:00,261.79998779296875,263.6000061035156,261.0,263.6000061035156,21979,0.0,0.0,2022-08-15
2377,2022-08-15 16:00:00+02:00,263.29998779296875,263.29998779296875,258.79998779296875,259.70001220703125,12486,0.0,0.0,2022-08-15
2378,2022-08-15 17:00:00+02:00,259.79998779296875,259.8999938964844,257.29998779296875,259.20001220703125,67101,0.0,0.0,2022-08-15
2379,2022-08-16 09:00:00+02:00,259.5,259.70001220703125,255.5,259.70001220703125,0,0.0,0.0,2022-08-16
2380,2022-08-16 10:00:00+02:00,259.6000061035156,261.0,256.6000061035156,259.5,9600,0.0,0.0,2022-08-16
2381,2022-08-16 11:00:00+02:00,258.79998779296875,258.79998779296875,256.5,256.79998779296875,3427,0.0,0.0,2022-08-16
2382,2022-08-16 12:00:00+02:00,257.6000061035156,259.6000061035156,257.6000061035156,259.5,6982,0.0,0.0,2022-08-16
2383,2022-08-16 13:00:00+02:00,258.70001220703125,260.20001220703125,258.6000061035156,259.70001220703125,2622,0.0,0.0,2022-08-16
2384,2022-08-16 14:00:00+02:00,260.0,260.8999938964844,259.79998779296875,260.6000061035156,4743,0.0,0.0,2022-08-16
2385,2022-08-16 15:00:00+02:00,260.79998779296875,261.3999938964844,256.79998779296875,256.8999938964844,17509,0.0,0.0,2022-08-16
2386,2022-08-16 16:00:00+02:00,256.79998779296875,257.20001220703125,251.3000030517578,253.89999389648438,36821,0.0,0.0,2022-08-16
2387,2022-08-16 17:00:00+02:00,253.89999389648438,254.8000030517578,253.10000610351562,254.8000030517578,62561,0.0,0.0,2022-08-16
2388,2022-08-17 09:00:00+02:00,255.0,257.70001220703125,253.1999969482422,253.89999389648438,0,0.0,0.0,2022-08-17
2389,2022-08-17 10:00:00+02:00,253.89999389648438,254.10000610351562,247.8000030517578,248.10000610351562,25059,0.0,0.0,2022-08-17
2390,2022-08-17 11:00:00+02:00,248.39999389648438,250.39999389648438,248.39999389648438,249.8000030517578,4672,0.0,0.0,2022-08-17
2391,2022-08-17 12:00:00+02:00,249.60000610351562,252.5,249.0,251.89999389648438,4661,0.0,0.0,2022-08-17
2392,2022-08-17 13:00:00+02:00,251.89999389648438,252.10000610351562,251.0,251.1999969482422,1658,0.0,0.0,2022-08-17
2393,2022-08-17 14:00:00+02:00,251.3000030517578,251.6999969482422,248.5,248.89999389648438,7045,0.0,0.0,2022-08-17
2394,2022-08-17 15:00:00+02:00,249.0,249.3000030517578,246.5,247.89999389648438,10342,0.0,0.0,2022-08-17
2395,2022-08-17 16:00:00+02:00,247.8000030517578,248.10000610351562,245.6999969482422,246.39999389648438,11894,0.0,0.0,2022-08-17
2396,2022-08-17 17:00:00+02:00,246.1999969482422,248.39999389648438,246.10000610351562,247.8000030517578,59829,0.0,0.0,2022-08-17
2397,2022-08-18 09:00:00+02:00,247.5,253.5,246.1999969482422,252.8000030517578,0,0.0,0.0,2022-08-18
2398,2022-08-18 10:00:00+02:00,252.8000030517578,253.5,250.39999389648438,253.5,2489,0.0,0.0,2022-08-18
2399,2022-08-18 11:00:00+02:00,253.8000030517578,254.10000610351562,251.1999969482422,253.60000610351562,56172,0.0,0.0,2022-08-18
2400,2022-08-18 12:00:00+02:00,253.60000610351562,253.60000610351562,250.39999389648438,250.39999389648438,4883,0.0,0.0,2022-08-18
2401,2022-08-18 13:00:00+02:00,250.5,251.39999389648438,249.10000610351562,249.8000030517578,7449,0.0,0.0,2022-08-18
2402,2022-08-18 14:00:00+02:00,250.0,250.89999389648438,247.1999969482422,247.89999389648438,11820,0.0,0.0,2022-08-18
2403,2022-08-18 15:00:00+02:00,247.89999389648438,250.0,246.6999969482422,249.60000610351562,17438,0.0,0.0,2022-08-18
2404,2022-08-18 16:00:00+02:00,249.5,251.3000030517578,248.89999389648438,250.6999969482422,5722,0.0,0.0,2022-08-18
2405,2022-08-18 17:00:00+02:00,250.89999389648438,251.39999389648438,250.3000030517578,250.3000030517578,46881,0.0,0.0,2022-08-18
2406,2022-08-19 09:00:00+02:00,250.10000610351562,250.3000030517578,243.39999389648438,244.5,0,0.0,0.0,2022-08-19
2407,2022-08-19 10:00:00+02:00,244.8000030517578,245.1999969482422,241.1999969482422,245.0,12364,0.0,0.0,2022-08-19
2408,2022-08-19 11:00:00+02:00,244.89999389648438,245.8000030517578,244.89999389648438,245.5,4813,0.0,0.0,2022-08-19
2409,2022-08-19 12:00:00+02:00,245.1999969482422,246.6999969482422,243.89999389648438,244.1999969482422,14819,0.0,0.0,2022-08-19
2410,2022-08-19 13:00:00+02:00,244.60000610351562,246.0,244.3000030517578,246.0,5188,0.0,0.0,2022-08-19
2411,2022-08-19 14:00:00+02:00,245.8000030517578,245.8000030517578,243.89999389648438,244.60000610351562,5720,0.0,0.0,2022-08-19
2412,2022-08-19 15:00:00+02:00,244.60000610351562,245.1999969482422,242.39999389648438,242.6999969482422,16404,0.0,0.0,2022-08-19
2413,2022-08-19 16:00:00+02:00,242.1999969482422,243.5,240.60000610351562,240.8000030517578,43023,0.0,0.0,2022-08-19
2414,2022-08-19 17:00:00+02:00,240.8000030517578,242.0,240.8000030517578,241.5,47583,0.0,0.0,2022-08-19
2415,2022-08-22 09:00:00+02:00,241.5,244.0,238.3000030517578,238.3000030517578,0,0.0,0.0,2022-08-22
2416,2022-08-22 10:00:00+02:00,238.8000030517578,241.6999969482422,237.10000610351562,241.6999969482422,10095,0.0,0.0,2022-08-22
2417,2022-08-22 11:00:00+02:00,241.8000030517578,243.10000610351562,240.10000610351562,243.0,3654,0.0,0.0,2022-08-22
2418,2022-08-22 12:00:00+02:00,243.10000610351562,243.6999969482422,240.39999389648438,240.39999389648438,6627,0.0,0.0,2022-08-22
2419,2022-08-22 13:00:00+02:00,240.6999969482422,240.6999969482422,239.39999389648438,240.6999969482422,3086,0.0,0.0,2022-08-22
2420,2022-08-22 14:00:00+02:00,240.8000030517578,240.8000030517578,239.39999389648438,239.6999969482422,5008,0.0,0.0,2022-08-22
2421,2022-08-22 15:00:00+02:00,239.60000610351562,242.0,239.1999969482422,241.3000030517578,8932,0.0,0.0,2022-08-22
2422,2022-08-22 16:00:00+02:00,241.0,241.39999389648438,236.6999969482422,236.6999969482422,20563,0.0,0.0,2022-08-22
2423,2022-08-22 17:00:00+02:00,237.0,238.8000030517578,237.0,238.39999389648438,66855,0.0,0.0,2022-08-22
2424,2022-08-23 09:00:00+02:00,238.39999389648438,242.39999389648438,236.1999969482422,237.8000030517578,0,0.0,0.0,2022-08-23
2425,2022-08-23 10:00:00+02:00,238.6999969482422,240.39999389648438,236.8000030517578,237.60000610351562,3477,0.0,0.0,2022-08-23
2426,2022-08-23 11:00:00+02:00,237.5,239.1999969482422,237.1999969482422,239.1999969482422,2218,0.0,0.0,2022-08-23
2427,2022-08-23 12:00:00+02:00,239.5,239.5,236.89999389648438,237.3000030517578,0,0.0,0.0,2022-08-23
2428,2022-08-23 13:00:00+02:00,236.6999969482422,238.6999969482422,236.60000610351562,238.60000610351562,21492,0.0,0.0,2022-08-23
2429,2022-08-23 14:00:00+02:00,238.0,238.39999389648438,235.3000030517578,235.6999969482422,2708,0.0,0.0,2022-08-23
2430,2022-08-23 15:00:00+02:00,235.60000610351562,236.89999389648438,233.6999969482422,235.39999389648438,15311,0.0,0.0,2022-08-23
2431,2022-08-23 16:00:00+02:00,234.89999389648438,237.3000030517578,232.8000030517578,233.0,10621,0.0,0.0,2022-08-23
2432,2022-08-23 17:00:00+02:00,233.0,233.6999969482422,232.3000030517578,232.89999389648438,48041,0.0,0.0,2022-08-23
2433,2022-08-24 09:00:00+02:00,232.89999389648438,233.39999389648438,229.10000610351562,232.10000610351562,0,0.0,0.0,2022-08-24
2434,2022-08-24 10:00:00+02:00,232.3000030517578,234.5,231.5,233.6999969482422,15550,0.0,0.0,2022-08-24
2435,2022-08-24 11:00:00+02:00,233.6999969482422,234.3000030517578,232.1999969482422,234.1999969482422,5751,0.0,0.0,2022-08-24
2436,2022-08-24 12:00:00+02:00,233.89999389648438,234.60000610351562,233.5,234.60000610351562,5467,0.0,0.0,2022-08-24
2437,2022-08-24 13:00:00+02:00,234.39999389648438,236.0,234.39999389648438,235.39999389648438,6288,0.0,0.0,2022-08-24
2438,2022-08-24 14:00:00+02:00,235.3000030517578,236.3000030517578,235.0,236.1999969482422,6220,0.0,0.0,2022-08-24
2439,2022-08-24 15:00:00+02:00,236.10000610351562,239.10000610351562,234.6999969482422,239.10000610351562,17921,0.0,0.0,2022-08-24
2440,2022-08-24 16:00:00+02:00,238.8000030517578,239.3000030517578,236.5,237.60000610351562,18169,0.0,0.0,2022-08-24
2441,2022-08-24 17:00:00+02:00,237.60000610351562,238.39999389648438,236.6999969482422,236.6999969482422,80624,0.0,0.0,2022-08-24
2442,2022-08-25 09:00:00+02:00,237.1999969482422,241.10000610351562,233.5,235.60000610351562,0,0.0,0.0,2022-08-25
2443,2022-08-25 10:00:00+02:00,236.0,236.0,233.1999969482422,233.1999969482422,3868,0.0,0.0,2022-08-25
2444,2022-08-25 11:00:00+02:00,233.5,233.8000030517578,231.8000030517578,232.60000610351562,9097,0.0,0.0,2022-08-25
2445,2022-08-25 12:00:00+02:00,232.10000610351562,236.1999969482422,232.0,236.10000610351562,6391,0.0,0.0,2022-08-25
2446,2022-08-25 13:00:00+02:00,236.1999969482422,236.60000610351562,234.5,235.1999969482422,3883,0.0,0.0,2022-08-25
2447,2022-08-25 14:00:00+02:00,235.1999969482422,235.3000030517578,233.60000610351562,233.89999389648438,3930,0.0,0.0,2022-08-25
2448,2022-08-25 15:00:00+02:00,234.10000610351562,239.60000610351562,234.0,239.10000610351562,14568,0.0,0.0,2022-08-25
2449,2022-08-25 16:00:00+02:00,238.89999389648438,241.0,238.60000610351562,238.60000610351562,9152,0.0,0.0,2022-08-25
2450,2022-08-25 17:00:00+02:00,238.5,238.5,237.39999389648438,237.39999389648438,66705,0.0,0.0,2022-08-25
2451,2022-08-26 09:00:00+02:00,238.0,241.0,236.10000610351562,237.8000030517578,0,0.0,0.0,2022-08-26
2452,2022-08-26 10:00:00+02:00,237.39999389648438,237.39999389648438,235.8000030517578,236.1999969482422,10081,0.0,0.0,2022-08-26
2453,2022-08-26 11:00:00+02:00,236.3000030517578,236.89999389648438,235.5,236.60000610351562,3492,0.0,0.0,2022-08-26
2454,2022-08-26 12:00:00+02:00,236.1999969482422,236.60000610351562,235.60000610351562,236.0,4156,0.0,0.0,2022-08-26
2455,2022-08-26 13:00:00+02:00,235.8000030517578,237.39999389648438,235.60000610351562,236.39999389648438,3164,0.0,0.0,2022-08-26
2456,2022-08-26 14:00:00+02:00,236.60000610351562,237.5,235.89999389648438,237.5,6749,0.0,0.0,2022-08-26
2457,2022-08-26 15:00:00+02:00,237.1999969482422,239.6999969482422,233.6999969482422,234.5,23072,0.0,0.0,2022-08-26
2458,2022-08-26 16:00:00+02:00,234.60000610351562,236.1999969482422,231.3000030517578,231.60000610351562,52254,0.0,0.0,2022-08-26
2459,2022-08-26 17:00:00+02:00,231.5,231.5,229.6999969482422,229.8000030517578,66687,0.0,0.0,2022-08-26
2460,2022-08-29 09:00:00+02:00,229.1999969482422,232.1999969482422,224.60000610351562,229.0,0,0.0,0.0,2022-08-29
2461,2022-08-29 10:00:00+02:00,229.3000030517578,229.3000030517578,226.6999969482422,227.10000610351562,21271,0.0,0.0,2022-08-29
2462,2022-08-29 11:00:00+02:00,227.10000610351562,229.1999969482422,227.10000610351562,228.8000030517578,5340,0.0,0.0,2022-08-29
2463,2022-08-29 12:00:00+02:00,228.6999969482422,229.89999389648438,227.89999389648438,229.60000610351562,9677,0.0,0.0,2022-08-29
2464,2022-08-29 13:00:00+02:00,229.60000610351562,229.6999969482422,228.60000610351562,229.3000030517578,6743,0.0,0.0,2022-08-29
2465,2022-08-29 14:00:00+02:00,228.89999389648438,229.60000610351562,228.3000030517578,228.60000610351562,7377,0.0,0.0,2022-08-29
2466,2022-08-29 15:00:00+02:00,229.10000610351562,230.10000610351562,228.0,229.6999969482422,15219,0.0,0.0,2022-08-29
2467,2022-08-29 16:00:00+02:00,229.39999389648438,230.3000030517578,227.89999389648438,228.0,0,0.0,0.0,2022-08-29
2468,2022-08-29 17:00:00+02:00,228.0,228.39999389648438,227.60000610351562,227.60000610351562,164147,0.0,0.0,2022-08-29
2469,2022-08-30 09:00:00+02:00,227.60000610351562,234.10000610351562,227.5,233.3000030517578,0,0.0,0.0,2022-08-30
2470,2022-08-30 10:00:00+02:00,233.89999389648438,234.60000610351562,230.89999389648438,231.60000610351562,11495,0.0,0.0,2022-08-30
2471,2022-08-30 11:00:00+02:00,232.0,233.0,230.1999969482422,231.89999389648438,6641,0.0,0.0,2022-08-30
2472,2022-08-30 12:00:00+02:00,231.60000610351562,231.60000610351562,229.89999389648438,230.3000030517578,1723,0.0,0.0,2022-08-30
2473,2022-08-30 13:00:00+02:00,230.10000610351562,231.8000030517578,230.10000610351562,231.5,2898,0.0,0.0,2022-08-30
2474,2022-08-30 14:00:00+02:00,231.5,232.3000030517578,230.10000610351562,230.10000610351562,4318,0.0,0.0,2022-08-30
2475,2022-08-30 15:00:00+02:00,230.3000030517578,230.39999389648438,229.1999969482422,229.8000030517578,4449,0.0,0.0,2022-08-30
2476,2022-08-30 16:00:00+02:00,229.89999389648438,229.89999389648438,224.6999969482422,226.39999389648438,7931,0.0,0.0,2022-08-30
2477,2022-08-30 17:00:00+02:00,227.10000610351562,227.6999969482422,226.0,226.60000610351562,54259,0.0,0.0,2022-08-30
2478,2022-08-31 09:00:00+02:00,227.0,231.8000030517578,226.8000030517578,228.39999389648438,0,0.0,0.0,2022-08-31
2479,2022-08-31 10:00:00+02:00,227.89999389648438,230.0,226.89999389648438,229.8000030517578,7481,0.0,0.0,2022-08-31
2480,2022-08-31 11:00:00+02:00,229.60000610351562,230.5,228.39999389648438,229.8000030517578,6105,0.0,0.0,2022-08-31
2481,2022-08-31 12:00:00+02:00,228.39999389648438,231.39999389648438,228.39999389648438,230.5,7825,0.0,0.0,2022-08-31
2482,2022-08-31 13:00:00+02:00,230.89999389648438,231.0,230.1999969482422,230.39999389648438,1682,0.0,0.0,2022-08-31
2483,2022-08-31 14:00:00+02:00,230.5,231.6999969482422,230.3000030517578,230.39999389648438,6597,0.0,0.0,2022-08-31
2484,2022-08-31 15:00:00+02:00,230.3000030517578,233.60000610351562,229.89999389648438,233.1999969482422,10825,0.0,0.0,2022-08-31
2485,2022-08-31 16:00:00+02:00,233.10000610351562,234.39999389648438,231.8000030517578,233.5,23422,0.0,0.0,2022-08-31
2486,2022-08-31 17:00:00+02:00,233.10000610351562,233.10000610351562,229.60000610351562,230.1999969482422,224105,0.0,0.0,2022-08-31
2487,2022-09-01 09:00:00+02:00,231.6999969482422,232.10000610351562,222.8000030517578,224.10000610351562,0,0.0,0.0,2022-09-01
2488,2022-09-01 10:00:00+02:00,224.1999969482422,225.0,223.39999389648438,223.39999389648438,13756,0.0,0.0,2022-09-01
2489,2022-09-01 11:00:00+02:00,223.1999969482422,223.5,220.39999389648438,221.3000030517578,32918,0.0,0.0,2022-09-01
2490,2022-09-01 12:00:00+02:00,221.10000610351562,221.8000030517578,220.6999969482422,221.3000030517578,5969,0.0,0.0,2022-09-01
2491,2022-09-01 13:00:00+02:00,221.39999389648438,225.39999389648438,220.89999389648438,225.39999389648438,10277,0.0,0.0,2022-09-01
2492,2022-09-01 14:00:00+02:00,225.39999389648438,225.60000610351562,220.89999389648438,221.1999969482422,7161,0.0,0.0,2022-09-01
2493,2022-09-01 15:00:00+02:00,221.1999969482422,223.3000030517578,220.5,222.89999389648438,42706,0.0,0.0,2022-09-01
2494,2022-09-01 16:00:00+02:00,222.39999389648438,222.5,220.10000610351562,221.1999969482422,10551,0.0,0.0,2022-09-01
2495,2022-09-01 17:00:00+02:00,221.10000610351562,221.60000610351562,220.8000030517578,221.0,45075,0.0,0.0,2022-09-01
2496,2022-09-02 09:00:00+02:00,223.60000610351562,226.6999969482422,220.0,221.10000610351562,0,0.0,0.0,2022-09-02
2497,2022-09-02 10:00:00+02:00,221.0,223.39999389648438,221.0,222.1999969482422,7094,0.0,0.0,2022-09-02
2498,2022-09-02 11:00:00+02:00,222.0,222.39999389648438,221.10000610351562,222.10000610351562,7985,0.0,0.0,2022-09-02
2499,2022-09-02 12:00:00+02:00,222.10000610351562,222.89999389648438,221.10000610351562,222.1999969482422,15125,0.0,0.0,2022-09-02
2500,2022-09-02 13:00:00+02:00,222.0,222.60000610351562,221.1999969482422,222.5,3723,0.0,0.0,2022-09-02
2501,2022-09-02 14:00:00+02:00,222.5,226.1999969482422,221.60000610351562,224.5,9412,0.0,0.0,2022-09-02
2502,2022-09-02 15:00:00+02:00,224.60000610351562,229.39999389648438,224.5,229.39999389648438,11732,0.0,0.0,2022-09-02
2503,2022-09-02 16:00:00+02:00,229.10000610351562,229.10000610351562,225.3000030517578,226.10000610351562,39518,0.0,0.0,2022-09-02
2504,2022-09-02 17:00:00+02:00,226.0,226.60000610351562,225.8000030517578,226.0,72508,0.0,0.0,2022-09-02
2505,2022-09-05 09:00:00+02:00,220.5,225.3000030517578,219.0,221.8000030517578,0,0.0,0.0,2022-09-05
2506,2022-09-05 10:00:00+02:00,221.8000030517578,223.89999389648438,219.89999389648438,223.1999969482422,5687,0.0,0.0,2022-09-05
2507,2022-09-05 11:00:00+02:00,223.6999969482422,225.8000030517578,222.89999389648438,225.60000610351562,3466,0.0,0.0,2022-09-05
2508,2022-09-05 12:00:00+02:00,225.60000610351562,226.39999389648438,225.0,225.6999969482422,8514,0.0,0.0,2022-09-05
2509,2022-09-05 13:00:00+02:00,225.60000610351562,226.6999969482422,225.5,226.39999389648438,4203,0.0,0.0,2022-09-05
2510,2022-09-05 14:00:00+02:00,226.3000030517578,227.0,225.6999969482422,226.5,18469,0.0,0.0,2022-09-05
2511,2022-09-05 15:00:00+02:00,226.60000610351562,226.6999969482422,224.3000030517578,225.3000030517578,18607,0.0,0.0,2022-09-05
2512,2022-09-05 16:00:00+02:00,225.3000030517578,225.3000030517578,221.89999389648438,222.5,28227,0.0,0.0,2022-09-05
2513,2022-09-05 17:00:00+02:00,222.5,223.39999389648438,222.5,222.89999389648438,55513,0.0,0.0,2022-09-05
2514,2022-09-06 09:00:00+02:00,222.89999389648438,226.8000030517578,222.5,224.60000610351562,0,0.0,0.0,2022-09-06
2515,2022-09-06 10:00:00+02:00,224.8000030517578,225.39999389648438,223.10000610351562,224.39999389648438,17037,0.0,0.0,2022-09-06
2516,2022-09-06 11:00:00+02:00,224.39999389648438,226.0,223.60000610351562,226.0,12375,0.0,0.0,2022-09-06
2517,2022-09-06 12:00:00+02:00,226.0,228.3000030517578,225.60000610351562,227.8000030517578,84523,0.0,0.0,2022-09-06
2518,2022-09-06 13:00:00+02:00,227.6999969482422,228.10000610351562,226.8000030517578,227.8000030517578,3601,0.0,0.0,2022-09-06
2519,2022-09-06 14:00:00+02:00,227.3000030517578,227.8000030517578,226.8000030517578,227.3000030517578,5596,0.0,0.0,2022-09-06
2520,2022-09-06 15:00:00+02:00,227.1999969482422,228.6999969482422,225.60000610351562,228.6999969482422,11375,0.0,0.0,2022-09-06
2521,2022-09-06 16:00:00+02:00,228.3000030517578,228.39999389648438,222.6999969482422,227.3000030517578,21369,0.0,0.0,2022-09-06
2522,2022-09-06 17:00:00+02:00,227.3000030517578,228.10000610351562,226.6999969482422,227.8000030517578,73381,0.0,0.0,2022-09-06
2523,2022-09-07 09:00:00+02:00,227.8000030517578,230.39999389648438,224.5,228.8000030517578,0,0.0,0.0,2022-09-07
2524,2022-09-07 10:00:00+02:00,228.39999389648438,229.3000030517578,225.8000030517578,228.1999969482422,8928,0.0,0.0,2022-09-07
2525,2022-09-07 11:00:00+02:00,227.5,227.60000610351562,226.0,226.8000030517578,7853,0.0,0.0,2022-09-07
2526,2022-09-07 12:00:00+02:00,226.8000030517578,227.1999969482422,225.10000610351562,225.10000610351562,7067,0.0,0.0,2022-09-07
2527,2022-09-07 13:00:00+02:00,224.89999389648438,225.89999389648438,224.5,225.39999389648438,4552,0.0,0.0,2022-09-07
2528,2022-09-07 14:00:00+02:00,225.0,225.0,223.1999969482422,224.60000610351562,4296,0.0,0.0,2022-09-07
2529,2022-09-07 15:00:00+02:00,224.89999389648438,228.39999389648438,224.10000610351562,227.39999389648438,83278,0.0,0.0,2022-09-07
2530,2022-09-07 16:00:00+02:00,227.10000610351562,227.10000610351562,225.1999969482422,225.3000030517578,12896,0.0,0.0,2022-09-07
2531,2022-09-07 17:00:00+02:00,225.1999969482422,226.8000030517578,225.1999969482422,225.89999389648438,87632,0.0,0.0,2022-09-07
2532,2022-09-08 09:00:00+02:00,228.0,229.60000610351562,225.3000030517578,227.10000610351562,0,0.0,0.0,2022-09-08
2533,2022-09-08 10:00:00+02:00,227.10000610351562,229.6999969482422,227.10000610351562,229.60000610351562,13963,0.0,0.0,2022-09-08
2534,2022-09-08 11:00:00+02:00,229.1999969482422,230.1999969482422,228.8000030517578,230.1999969482422,8282,0.0,0.0,2022-09-08
2535,2022-09-08 12:00:00+02:00,229.89999389648438,230.1999969482422,229.1999969482422,229.8000030517578,12300,0.0,0.0,2022-09-08
2536,2022-09-08 13:00:00+02:00,229.6999969482422,230.1999969482422,229.39999389648438,230.0,6961,0.0,0.0,2022-09-08
2537,2022-09-08 14:00:00+02:00,229.6999969482422,231.0,225.5,226.0,39198,0.0,0.0,2022-09-08
2538,2022-09-08 15:00:00+02:00,226.10000610351562,228.1999969482422,223.8000030517578,227.89999389648438,22898,0.0,0.0,2022-09-08
2539,2022-09-08 16:00:00+02:00,228.0,229.5,226.8000030517578,229.1999969482422,32473,0.0,0.0,2022-09-08
2540,2022-09-08 17:00:00+02:00,229.3000030517578,229.6999969482422,228.8000030517578,229.0,69686,0.0,0.0,2022-09-08
2541,2022-09-09 09:00:00+02:00,229.60000610351562,231.1999969482422,227.89999389648438,229.0,0,0.0,0.0,2022-09-09
2542,2022-09-09 10:00:00+02:00,228.8000030517578,231.0,228.60000610351562,229.5,8392,0.0,0.0,2022-09-09
2543,2022-09-09 11:00:00+02:00,229.3000030517578,229.3000030517578,226.8000030517578,228.60000610351562,6735,0.0,0.0,2022-09-09
2544,2022-09-09 12:00:00+02:00,228.5,229.89999389648438,228.0,229.60000610351562,4173,0.0,0.0,2022-09-09
2545,2022-09-09 13:00:00+02:00,229.39999389648438,229.39999389648438,228.1999969482422,229.1999969482422,4800,0.0,0.0,2022-09-09
2546,2022-09-09 14:00:00+02:00,229.10000610351562,230.1999969482422,228.6999969482422,230.0,9731,0.0,0.0,2022-09-09
2547,2022-09-09 15:00:00+02:00,229.8000030517578,232.10000610351562,228.8000030517578,232.10000610351562,28398,0.0,0.0,2022-09-09
2548,2022-09-09 16:00:00+02:00,232.0,232.0,229.6999969482422,230.10000610351562,19004,0.0,0.0,2022-09-09
2549,2022-09-09 17:00:00+02:00,230.10000610351562,230.10000610351562,229.3000030517578,229.5,70100,0.0,0.0,2022-09-09
2550,2022-09-12 09:00:00+02:00,230.6999969482422,233.8000030517578,230.6999969482422,233.0,0,0.0,0.0,2022-09-12
2551,2022-09-12 10:00:00+02:00,233.0,237.10000610351562,233.0,237.10000610351562,13162,0.0,0.0,2022-09-12
2552,2022-09-12 11:00:00+02:00,237.10000610351562,237.39999389648438,236.5,237.3000030517578,10840,0.0,0.0,2022-09-12
2553,2022-09-12 12:00:00+02:00,237.5,237.8000030517578,236.60000610351562,237.0,7509,0.0,0.0,2022-09-12
2554,2022-09-12 13:00:00+02:00,236.6999969482422,237.60000610351562,235.8000030517578,237.60000610351562,26785,0.0,0.0,2022-09-12
2555,2022-09-12 14:00:00+02:00,237.3000030517578,238.89999389648438,237.0,238.39999389648438,14673,0.0,0.0,2022-09-12
2556,2022-09-12 15:00:00+02:00,238.1999969482422,241.3000030517578,238.10000610351562,241.0,16758,0.0,0.0,2022-09-12
2557,2022-09-12 16:00:00+02:00,241.0,242.39999389648438,240.1999969482422,240.8000030517578,18210,0.0,0.0,2022-09-12
2558,2022-09-12 17:00:00+02:00,241.0,241.0,239.3000030517578,240.89999389648438,0,0.0,0.0,2022-09-12
2559,2022-09-13 09:00:00+02:00,243.0,243.5,237.89999389648438,241.3000030517578,22648,0.0,0.0,2022-09-13
2560,2022-09-13 10:00:00+02:00,241.3000030517578,241.6999969482422,237.39999389648438,238.0,11672,0.0,0.0,2022-09-13
2561,2022-09-13 11:00:00+02:00,237.6999969482422,238.3000030517578,237.1999969482422,237.8000030517578,7675,0.0,0.0,2022-09-13
2562,2022-09-13 12:00:00+02:00,237.60000610351562,238.5,237.10000610351562,238.10000610351562,6683,0.0,0.0,2022-09-13
2563,2022-09-13 13:00:00+02:00,238.0,238.8000030517578,237.8000030517578,238.60000610351562,8475,0.0,0.0,2022-09-13
2564,2022-09-13 14:00:00+02:00,238.5,239.60000610351562,231.3000030517578,232.8000030517578,52922,0.0,0.0,2022-09-13
2565,2022-09-13 15:00:00+02:00,232.60000610351562,234.3000030517578,230.1999969482422,233.39999389648438,37715,0.0,0.0,2022-09-13
2566,2022-09-13 16:00:00+02:00,233.10000610351562,233.10000610351562,230.5,231.3000030517578,29690,0.0,0.0,2022-09-13
2567,2022-09-13 17:00:00+02:00,231.10000610351562,231.1999969482422,228.8000030517578,228.8000030517578,96409,0.0,0.0,2022-09-13
2568,2022-09-14 09:00:00+02:00,226.0,233.10000610351562,224.5,230.5,0,0.0,0.0,2022-09-14
2569,2022-09-14 10:00:00+02:00,230.60000610351562,231.1999969482422,228.6999969482422,230.3000030517578,47402,0.0,0.0,2022-09-14
2570,2022-09-14 11:00:00+02:00,230.3000030517578,231.39999389648438,228.5,228.8000030517578,13371,0.0,0.0,2022-09-14
2571,2022-09-14 12:00:00+02:00,228.8000030517578,229.0,226.3000030517578,226.6999969482422,7263,0.0,0.0,2022-09-14
2572,2022-09-14 13:00:00+02:00,226.89999389648438,226.89999389648438,224.5,224.5,7622,0.0,0.0,2022-09-14
2573,2022-09-14 14:00:00+02:00,224.8000030517578,224.8000030517578,223.10000610351562,223.60000610351562,23557,0.0,0.0,2022-09-14
2574,2022-09-14 15:00:00+02:00,223.39999389648438,225.10000610351562,221.10000610351562,224.60000610351562,34623,0.0,0.0,2022-09-14
2575,2022-09-14 16:00:00+02:00,225.0,225.0,221.60000610351562,222.60000610351562,19399,0.0,0.0,2022-09-14
2576,2022-09-14 17:00:00+02:00,222.8000030517578,222.89999389648438,221.8000030517578,221.8000030517578,121105,0.0,0.0,2022-09-14
2577,2022-09-15 09:00:00+02:00,223.0,223.1999969482422,221.39999389648438,222.89999389648438,0,0.0,0.0,2022-09-15
2578,2022-09-15 10:00:00+02:00,222.89999389648438,223.3000030517578,220.0,220.5,16601,0.0,0.0,2022-09-15
2579,2022-09-15 11:00:00+02:00,220.39999389648438,222.10000610351562,219.39999389648438,219.5,7335,0.0,0.0,2022-09-15
2580,2022-09-15 12:00:00+02:00,219.89999389648438,220.39999389648438,219.0,219.60000610351562,6103,0.0,0.0,2022-09-15
2581,2022-09-15 13:00:00+02:00,219.3000030517578,219.60000610351562,218.6999969482422,219.3000030517578,0,0.0,0.0,2022-09-15
2582,2022-09-15 14:00:00+02:00,219.1999969482422,219.5,217.60000610351562,218.8000030517578,59284,0.0,0.0,2022-09-15
2583,2022-09-15 15:00:00+02:00,218.60000610351562,219.8000030517578,216.0,218.89999389648438,18663,0.0,0.0,2022-09-15
2584,2022-09-15 16:00:00+02:00,218.89999389648438,219.6999969482422,215.1999969482422,215.39999389648438,26472,0.0,0.0,2022-09-15
2585,2022-09-15 17:00:00+02:00,215.1999969482422,216.60000610351562,215.0,216.1999969482422,58088,0.0,0.0,2022-09-15
2586,2022-09-16 09:00:00+02:00,216.1999969482422,216.1999969482422,209.10000610351562,211.39999389648438,0,0.0,0.0,2022-09-16
2587,2022-09-16 10:00:00+02:00,212.3000030517578,213.89999389648438,210.60000610351562,211.3000030517578,18644,0.0,0.0,2022-09-16
2588,2022-09-16 11:00:00+02:00,211.39999389648438,214.89999389648438,211.39999389648438,214.3000030517578,53064,0.0,0.0,2022-09-16
2589,2022-09-16 12:00:00+02:00,214.3000030517578,215.0,211.60000610351562,212.39999389648438,12738,0.0,0.0,2022-09-16
2590,2022-09-16 13:00:00+02:00,212.5,212.6999969482422,211.1999969482422,212.6999969482422,5649,0.0,0.0,2022-09-16
2591,2022-09-16 14:00:00+02:00,212.6999969482422,213.89999389648438,212.0,213.0,13679,0.0,0.0,2022-09-16
2592,2022-09-16 15:00:00+02:00,213.10000610351562,213.8000030517578,211.5,212.89999389648438,24991,0.0,0.0,2022-09-16
2593,2022-09-16 16:00:00+02:00,213.0,216.5,212.89999389648438,214.8000030517578,78245,0.0,0.0,2022-09-16
2594,2022-09-16 17:00:00+02:00,214.39999389648438,215.60000610351562,214.3000030517578,215.10000610351562,435048,0.0,0.0,2022-09-16
2595,2022-09-19 09:00:00+02:00,213.0,215.8000030517578,207.1999969482422,207.8000030517578,0,0.0,0.0,2022-09-19
2596,2022-09-19 10:00:00+02:00,207.6999969482422,207.89999389648438,206.1999969482422,206.6999969482422,17286,0.0,0.0,2022-09-19
2597,2022-09-19 11:00:00+02:00,207.0,208.3000030517578,206.0,208.1999969482422,11874,0.0,0.0,2022-09-19
2598,2022-09-19 12:00:00+02:00,208.1999969482422,209.0,206.60000610351562,207.1999969482422,17236,0.0,0.0,2022-09-19
2599,2022-09-19 13:00:00+02:00,207.1999969482422,208.0,206.5,207.3000030517578,13429,0.0,0.0,2022-09-19
2600,2022-09-19 14:00:00+02:00,207.10000610351562,208.0,207.0,207.5,14839,0.0,0.0,2022-09-19
2601,2022-09-19 15:00:00+02:00,207.10000610351562,208.6999969482422,205.8000030517578,208.6999969482422,50660,0.0,0.0,2022-09-19
2602,2022-09-19 16:00:00+02:00,208.5,208.5,204.60000610351562,205.5,97154,0.0,0.0,2022-09-19
2603,2022-09-19 17:00:00+02:00,205.5,206.1999969482422,205.39999389648438,206.0,67737,0.0,0.0,2022-09-19
2604,2022-09-20 09:00:00+02:00,206.1999969482422,208.6999969482422,199.0500030517578,199.6999969482422,0,0.0,0.0,2022-09-20
2605,2022-09-20 10:00:00+02:00,199.39999389648438,199.9499969482422,197.5,197.5,41572,0.0,0.0,2022-09-20
2606,2022-09-20 11:00:00+02:00,197.8000030517578,198.5,195.64999389648438,195.89999389648438,21107,0.0,0.0,2022-09-20
2607,2022-09-20 12:00:00+02:00,195.6999969482422,196.4499969482422,194.85000610351562,195.75,28808,0.0,0.0,2022-09-20
2608,2022-09-20 13:00:00+02:00,195.6999969482422,196.10000610351562,194.1999969482422,194.1999969482422,7248,0.0,0.0,2022-09-20
2609,2022-09-20 14:00:00+02:00,194.0,194.10000610351562,191.9499969482422,191.9499969482422,8986,0.0,0.0,2022-09-20
2610,2022-09-20 15:00:00+02:00,192.0500030517578,194.0500030517578,190.64999389648438,191.64999389648438,126067,0.0,0.0,2022-09-20
2611,2022-09-20 16:00:00+02:00,191.60000610351562,192.75,188.9499969482422,191.35000610351562,147944,0.0,0.0,2022-09-20
2612,2022-09-20 17:00:00+02:00,191.5500030517578,193.0,191.0,192.0,218734,0.0,0.0,2022-09-20
2613,2022-09-21 09:00:00+02:00,193.0,194.10000610351562,190.0,193.5,0,0.0,0.0,2022-09-21
2614,2022-09-21 10:00:00+02:00,193.64999389648438,194.14999389648438,192.60000610351562,193.60000610351562,24171,0.0,0.0,2022-09-21
2615,2022-09-21 11:00:00+02:00,193.5,194.8000030517578,193.1999969482422,194.3000030517578,22228,0.0,0.0,2022-09-21
2616,2022-09-21 12:00:00+02:00,194.3000030517578,194.60000610351562,193.5,193.5,13191,0.0,0.0,2022-09-21
2617,2022-09-21 13:00:00+02:00,193.4499969482422,193.4499969482422,192.0,192.1999969482422,20102,0.0,0.0,2022-09-21
2618,2022-09-21 14:00:00+02:00,192.4499969482422,193.5,191.89999389648438,192.8000030517578,210759,0.0,0.0,2022-09-21
2619,2022-09-21 15:00:00+02:00,192.60000610351562,193.9499969482422,192.14999389648438,192.25,22659,0.0,0.0,2022-09-21
2620,2022-09-21 16:00:00+02:00,192.4499969482422,193.6999969482422,191.64999389648438,193.0,71812,0.0,0.0,2022-09-21
2621,2022-09-21 17:00:00+02:00,192.89999389648438,193.10000610351562,192.39999389648438,192.39999389648438,175078,0.0,0.0,2022-09-21
2622,2022-09-22 09:00:00+02:00,187.1999969482422,190.0,186.1999969482422,186.9499969482422,0,0.0,0.0,2022-09-22
2623,2022-09-22 10:00:00+02:00,187.0,187.8000030517578,185.39999389648438,186.3000030517578,13923,0.0,0.0,2022-09-22
2624,2022-09-22 11:00:00+02:00,185.89999389648438,186.60000610351562,184.6999969482422,186.5,100513,0.0,0.0,2022-09-22
2625,2022-09-22 12:00:00+02:00,186.35000610351562,186.4499969482422,184.0500030517578,184.5,12631,0.0,0.0,2022-09-22
2626,2022-09-22 13:00:00+02:00,184.5,184.89999389648438,183.3000030517578,184.0,16220,0.0,0.0,2022-09-22
2627,2022-09-22 14:00:00+02:00,183.89999389648438,185.39999389648438,183.6999969482422,184.5500030517578,16183,0.0,0.0,2022-09-22
2628,2022-09-22 15:00:00+02:00,184.60000610351562,184.85000610351562,181.64999389648438,183.9499969482422,31083,0.0,0.0,2022-09-22
2629,2022-09-22 16:00:00+02:00,183.6999969482422,183.6999969482422,181.6999969482422,182.0500030517578,38728,0.0,0.0,2022-09-22
2630,2022-09-22 17:00:00+02:00,182.0,182.39999389648438,181.39999389648438,181.9499969482422,87904,0.0,0.0,2022-09-22
2631,2022-09-23 09:00:00+02:00,184.10000610351562,184.10000610351562,179.35000610351562,180.10000610351562,0,0.0,0.0,2022-09-23
2632,2022-09-23 10:00:00+02:00,180.14999389648438,180.1999969482422,177.3000030517578,177.75,25633,0.0,0.0,2022-09-23
2633,2022-09-23 11:00:00+02:00,177.75,180.25,177.5,179.25,19538,0.0,0.0,2022-09-23
2634,2022-09-23 12:00:00+02:00,179.0,179.89999389648438,178.25,178.3000030517578,16140,0.0,0.0,2022-09-23
2635,2022-09-23 13:00:00+02:00,178.3000030517578,179.4499969482422,177.5500030517578,177.60000610351562,12158,0.0,0.0,2022-09-23
2636,2022-09-23 14:00:00+02:00,177.75,179.75,177.64999389648438,178.9499969482422,49203,0.0,0.0,2022-09-23
2637,2022-09-23 15:00:00+02:00,179.14999389648438,181.64999389648438,179.0,179.89999389648438,211033,0.0,0.0,2022-09-23
2638,2022-09-23 16:00:00+02:00,179.9499969482422,182.0,179.6999969482422,181.64999389648438,73464,0.0,0.0,2022-09-23
2639,2022-09-23 17:00:00+02:00,181.60000610351562,181.85000610351562,181.0,181.6999969482422,282352,0.0,0.0,2022-09-23
2640,2022-09-26 09:00:00+02:00,181.64999389648438,182.75,177.3000030517578,180.75,0,0.0,0.0,2022-09-26
2641,2022-09-26 10:00:00+02:00,180.75,182.5,179.85000610351562,180.75,30428,0.0,0.0,2022-09-26
2642,2022-09-26 11:00:00+02:00,180.60000610351562,181.35000610351562,178.9499969482422,179.64999389648438,34800,0.0,0.0,2022-09-26
2643,2022-09-26 12:00:00+02:00,179.89999389648438,181.5,179.3000030517578,179.8000030517578,29298,0.0,0.0,2022-09-26
2644,2022-09-26 13:00:00+02:00,179.89999389648438,180.0,179.0500030517578,179.25,10717,0.0,0.0,2022-09-26
2645,2022-09-26 14:00:00+02:00,179.0,179.64999389648438,178.3000030517578,179.39999389648438,14363,0.0,0.0,2022-09-26
2646,2022-09-26 15:00:00+02:00,179.39999389648438,181.4499969482422,177.5,181.4499969482422,48063,0.0,0.0,2022-09-26
2647,2022-09-26 16:00:00+02:00,181.0,181.0,178.10000610351562,178.60000610351562,29833,0.0,0.0,2022-09-26
2648,2022-09-26 17:00:00+02:00,178.60000610351562,179.25,177.3000030517578,177.3000030517578,0,0.0,0.0,2022-09-26
2649,2022-09-27 09:00:00+02:00,177.39999389648438,179.60000610351562,176.3000030517578,178.25,99122,0.0,0.0,2022-09-27
2650,2022-09-27 10:00:00+02:00,178.5500030517578,178.5500030517578,173.5500030517578,173.5500030517578,21995,0.0,0.0,2022-09-27
2651,2022-09-27 11:00:00+02:00,173.60000610351562,174.85000610351562,173.60000610351562,173.9499969482422,20115,0.0,0.0,2022-09-27
2652,2022-09-27 12:00:00+02:00,174.0,174.8000030517578,173.1999969482422,174.5,9907,0.0,0.0,2022-09-27
2653,2022-09-27 13:00:00+02:00,174.5500030517578,176.0,174.3000030517578,175.1999969482422,8400,0.0,0.0,2022-09-27
2654,2022-09-27 14:00:00+02:00,175.3000030517578,176.14999389648438,174.0,174.35000610351562,20283,0.0,0.0,2022-09-27
2655,2022-09-27 15:00:00+02:00,174.14999389648438,175.25,173.5,174.1999969482422,26990,0.0,0.0,2022-09-27
2656,2022-09-27 16:00:00+02:00,174.0500030517578,174.0500030517578,171.5500030517578,172.89999389648438,30404,0.0,0.0,2022-09-27
2657,2022-09-27 17:00:00+02:00,172.9499969482422,173.8000030517578,172.64999389648438,173.10000610351562,117490,0.0,0.0,2022-09-27
2658,2022-09-28 09:00:00+02:00,170.25,173.89999389648438,170.0500030517578,171.89999389648438,0,0.0,0.0,2022-09-28
2659,2022-09-28 10:00:00+02:00,172.0500030517578,172.0500030517578,168.35000610351562,168.35000610351562,21289,0.0,0.0,2022-09-28
2660,2022-09-28 11:00:00+02:00,168.5,169.4499969482422,167.75,169.4499969482422,102612,0.0,0.0,2022-09-28
2661,2022-09-28 12:00:00+02:00,169.5,173.14999389648438,169.1999969482422,170.14999389648438,78610,0.0,0.0,2022-09-28
2662,2022-09-28 13:00:00+02:00,170.0500030517578,170.35000610351562,166.89999389648438,167.14999389648438,45881,0.0,0.0,2022-09-28
2663,2022-09-28 14:00:00+02:00,167.4499969482422,171.25,167.3000030517578,171.1999969482422,51873,0.0,0.0,2022-09-28
2664,2022-09-28 15:00:00+02:00,171.39999389648438,175.0,170.10000610351562,174.1999969482422,65195,0.0,0.0,2022-09-28
2665,2022-09-28 16:00:00+02:00,174.25,177.35000610351562,173.89999389648438,177.1999969482422,197855,0.0,0.0,2022-09-28
2666,2022-09-28 17:00:00+02:00,177.1999969482422,179.14999389648438,176.75,179.14999389648438,213418,0.0,0.0,2022-09-28
2667,2022-09-29 09:00:00+02:00,178.0,179.0,173.6999969482422,175.25,0,0.0,0.0,2022-09-29
2668,2022-09-29 10:00:00+02:00,174.1999969482422,176.8000030517578,174.14999389648438,175.60000610351562,47890,0.0,0.0,2022-09-29
2669,2022-09-29 11:00:00+02:00,175.75,176.14999389648438,172.5500030517578,172.85000610351562,24146,0.0,0.0,2022-09-29
2670,2022-09-29 12:00:00+02:00,172.89999389648438,173.89999389648438,172.6999969482422,172.6999969482422,7341,0.0,0.0,2022-09-29
2671,2022-09-29 13:00:00+02:00,172.89999389648438,173.1999969482422,171.8000030517578,171.89999389648438,14180,0.0,0.0,2022-09-29
2672,2022-09-29 14:00:00+02:00,171.9499969482422,172.35000610351562,170.1999969482422,171.89999389648438,34541,0.0,0.0,2022-09-29
2673,2022-09-29 15:00:00+02:00,171.8000030517578,172.60000610351562,170.1999969482422,171.75,82706,0.0,0.0,2022-09-29
2674,2022-09-29 16:00:00+02:00,171.4499969482422,171.4499969482422,168.85000610351562,169.39999389648438,48239,0.0,0.0,2022-09-29
2675,2022-09-29 17:00:00+02:00,169.5,171.0,169.5,170.9499969482422,157736,0.0,0.0,2022-09-29
2676,2022-09-30 09:00:00+02:00,173.1999969482422,176.25,171.0500030517578,172.6999969482422,0,0.0,0.0,2022-09-30
2677,2022-09-30 10:00:00+02:00,173.0500030517578,175.8000030517578,172.0,175.0500030517578,26770,0.0,0.0,2022-09-30
2678,2022-09-30 11:00:00+02:00,175.35000610351562,176.4499969482422,175.0,176.35000610351562,30537,0.0,0.0,2022-09-30
2679,2022-09-30 12:00:00+02:00,176.39999389648438,177.89999389648438,176.25,176.39999389648438,31682,0.0,0.0,2022-09-30
2680,2022-09-30 13:00:00+02:00,176.8000030517578,176.85000610351562,175.5500030517578,176.35000610351562,20736,0.0,0.0,2022-09-30
2681,2022-09-30 14:00:00+02:00,176.35000610351562,178.39999389648438,174.25,178.10000610351562,37836,0.0,0.0,2022-09-30
2682,2022-09-30 15:00:00+02:00,178.14999389648438,182.10000610351562,177.64999389648438,182.10000610351562,111243,0.0,0.0,2022-09-30
2683,2022-09-30 16:00:00+02:00,182.14999389648438,182.14999389648438,179.3000030517578,181.60000610351562,54824,0.0,0.0,2022-09-30
2684,2022-09-30 17:00:00+02:00,181.8000030517578,184.1999969482422,181.8000030517578,184.1999969482422,308322,0.0,0.0,2022-09-30
2685,2022-10-03 09:00:00+02:00,181.60000610351562,183.5,176.6999969482422,178.6999969482422,0,0.0,0.0,2022-10-03
2686,2022-10-03 10:00:00+02:00,178.60000610351562,179.0,177.1999969482422,178.89999389648438,20836,0.0,0.0,2022-10-03
2687,2022-10-03 11:00:00+02:00,178.6999969482422,178.8000030517578,176.6999969482422,178.35000610351562,15731,0.0,0.0,2022-10-03
2688,2022-10-03 12:00:00+02:00,178.5,178.64999389648438,176.5,176.89999389648438,18573,0.0,0.0,2022-10-03
2689,2022-10-03 13:00:00+02:00,176.75,178.14999389648438,175.89999389648438,177.75,38336,0.0,0.0,2022-10-03
2690,2022-10-03 14:00:00+02:00,177.9499969482422,180.39999389648438,177.5500030517578,179.4499969482422,84471,0.0,0.0,2022-10-03
2691,2022-10-03 15:00:00+02:00,179.5500030517578,182.4499969482422,179.3000030517578,182.0500030517578,22182,0.0,0.0,2022-10-03
2692,2022-10-03 16:00:00+02:00,182.35000610351562,184.5500030517578,182.35000610351562,184.5,49247,0.0,0.0,2022-10-03
2693,2022-10-03 17:00:00+02:00,184.5,184.64999389648438,183.9499969482422,184.64999389648438,126503,0.0,0.0,2022-10-03
2694,2022-10-04 09:00:00+02:00,188.75,188.75,181.5500030517578,182.25,0,0.0,0.0,2022-10-04
2695,2022-10-04 10:00:00+02:00,182.5,185.3000030517578,181.60000610351562,185.25,218053,0.0,0.0,2022-10-04
2696,2022-10-04 11:00:00+02:00,185.60000610351562,186.1999969482422,184.75,185.39999389648438,60752,0.0,0.0,2022-10-04
2697,2022-10-04 12:00:00+02:00,185.0,185.85000610351562,184.89999389648438,185.6999969482422,23873,0.0,0.0,2022-10-04
2698,2022-10-04 13:00:00+02:00,185.39999389648438,185.6999969482422,183.89999389648438,185.64999389648438,11977,0.0,0.0,2022-10-04
2699,2022-10-04 14:00:00+02:00,185.5500030517578,185.5500030517578,184.1999969482422,184.89999389648438,13535,0.0,0.0,2022-10-04
2700,2022-10-04 15:00:00+02:00,184.64999389648438,185.35000610351562,184.1999969482422,184.39999389648438,18503,0.0,0.0,2022-10-04
2701,2022-10-04 16:00:00+02:00,184.39999389648438,186.0,182.5,185.0500030517578,46224,0.0,0.0,2022-10-04
2702,2022-10-04 17:00:00+02:00,185.14999389648438,185.6999969482422,184.85000610351562,185.6999969482422,103621,0.0,0.0,2022-10-04
2703,2022-10-05 09:00:00+02:00,185.6999969482422,186.0,180.10000610351562,183.5,0,0.0,0.0,2022-10-05
2704,2022-10-05 10:00:00+02:00,183.6999969482422,183.85000610351562,181.5500030517578,181.5500030517578,8350,0.0,0.0,2022-10-05
2705,2022-10-05 11:00:00+02:00,181.25,182.0,179.60000610351562,179.64999389648438,6239,0.0,0.0,2022-10-05
2706,2022-10-05 12:00:00+02:00,179.75,181.6999969482422,179.75,181.1999969482422,8162,0.0,0.0,2022-10-05
2707,2022-10-05 13:00:00+02:00,181.39999389648438,181.39999389648438,179.1999969482422,179.75,6646,0.0,0.0,2022-10-05
2708,2022-10-05 14:00:00+02:00,179.6999969482422,180.4499969482422,179.0500030517578,179.9499969482422,27188,0.0,0.0,2022-10-05
2709,2022-10-05 15:00:00+02:00,180.0,180.0,176.5,177.0,41559,0.0,0.0,2022-10-05
2710,2022-10-05 16:00:00+02:00,176.85000610351562,177.0,174.10000610351562,174.25,135878,0.0,0.0,2022-10-05
2711,2022-10-05 17:00:00+02:00,174.35000610351562,175.35000610351562,174.35000610351562,175.0,167181,0.0,0.0,2022-10-05
2712,2022-10-06 09:00:00+02:00,177.64999389648438,178.35000610351562,176.0,176.10000610351562,0,0.0,0.0,2022-10-06
2713,2022-10-06 10:00:00+02:00,175.85000610351562,178.3000030517578,175.64999389648438,176.60000610351562,31782,0.0,0.0,2022-10-06
2714,2022-10-06 11:00:00+02:00,177.1999969482422,178.8000030517578,176.6999969482422,177.3000030517578,12066,0.0,0.0,2022-10-06
2715,2022-10-06 12:00:00+02:00,177.0,177.1999969482422,176.0500030517578,176.9499969482422,16192,0.0,0.0,2022-10-06
2716,2022-10-06 13:00:00+02:00,177.0,177.0,174.25,174.3000030517578,21503,0.0,0.0,2022-10-06
2717,2022-10-06 14:00:00+02:00,174.5,184.35000610351562,166.5500030517578,184.3000030517578,259322,0.0,0.0,2022-10-06
2718,2022-10-06 15:00:00+02:00,184.25,188.0500030517578,183.0,186.39999389648438,164873,0.0,0.0,2022-10-06
2719,2022-10-06 16:00:00+02:00,187.25,187.25,183.10000610351562,183.85000610351562,129740,0.0,0.0,2022-10-06
2720,2022-10-06 17:00:00+02:00,183.9499969482422,184.0500030517578,181.85000610351562,182.85000610351562,133722,0.0,0.0,2022-10-06
2721,2022-10-07 09:00:00+02:00,180.9499969482422,181.75,174.8000030517578,174.9499969482422,0,0.0,0.0,2022-10-07
2722,2022-10-07 10:00:00+02:00,174.25,174.25,171.35000610351562,171.9499969482422,69626,0.0,0.0,2022-10-07
2723,2022-10-07 11:00:00+02:00,171.89999389648438,177.6999969482422,171.8000030517578,177.6999969482422,18808,0.0,0.0,2022-10-07
2724,2022-10-07 12:00:00+02:00,177.64999389648438,177.64999389648438,174.9499969482422,175.6999969482422,17896,0.0,0.0,2022-10-07
2725,2022-10-07 13:00:00+02:00,175.60000610351562,176.64999389648438,174.14999389648438,174.5,12539,0.0,0.0,2022-10-07
2726,2022-10-07 14:00:00+02:00,174.6999969482422,175.10000610351562,170.89999389648438,170.89999389648438,56792,0.0,0.0,2022-10-07
2727,2022-10-07 15:00:00+02:00,170.8000030517578,173.10000610351562,169.25,169.9499969482422,198040,0.0,0.0,2022-10-07
2728,2022-10-07 16:00:00+02:00,169.75,170.6999969482422,168.60000610351562,169.64999389648438,0,0.0,0.0,2022-10-07
2729,2022-10-07 17:00:00+02:00,169.4499969482422,169.9499969482422,168.14999389648438,168.14999389648438,618478,0.0,0.0,2022-10-07
2730,2022-10-10 09:00:00+02:00,167.5500030517578,170.5500030517578,166.8000030517578,168.0500030517578,0,0.0,0.0,2022-10-10
2731,2022-10-10 10:00:00+02:00,168.0500030517578,170.60000610351562,168.0500030517578,170.0500030517578,10253,0.0,0.0,2022-10-10
2732,2022-10-10 11:00:00+02:00,170.35000610351562,172.0,170.35000610351562,171.89999389648438,8091,0.0,0.0,2022-10-10
2733,2022-10-10 12:00:00+02:00,172.0500030517578,172.6999969482422,171.9499969482422,172.4499969482422,6925,0.0,0.0,2022-10-10
2734,2022-10-10 13:00:00+02:00,172.5,173.9499969482422,172.5,173.6999969482422,5272,0.0,0.0,2022-10-10
2735,2022-10-10 14:00:00+02:00,173.39999389648438,174.85000610351562,172.8000030517578,174.64999389648438,7140,0.0,0.0,2022-10-10
2736,2022-10-10 15:00:00+02:00,174.60000610351562,175.4499969482422,169.0500030517578,169.64999389648438,38027,0.0,0.0,2022-10-10
2737,2022-10-10 16:00:00+02:00,169.64999389648438,171.5500030517578,168.3000030517578,169.35000610351562,30099,0.0,0.0,2022-10-10
2738,2022-10-10 17:00:00+02:00,169.5,169.5,168.60000610351562,168.89999389648438,95627,0.0,0.0,2022-10-10
2739,2022-10-11 09:00:00+02:00,177.39999389648438,177.39999389648438,166.5500030517578,170.0500030517578,0,0.0,0.0,2022-10-11
2740,2022-10-11 10:00:00+02:00,170.10000610351562,170.9499969482422,168.5500030517578,168.8000030517578,53735,0.0,0.0,2022-10-11
2741,2022-10-11 11:00:00+02:00,168.75,169.14999389648438,166.5500030517578,167.0,12520,0.0,0.0,2022-10-11
2742,2022-10-11 12:00:00+02:00,166.85000610351562,168.1999969482422,165.89999389648438,168.1999969482422,14560,0.0,0.0,2022-10-11
2743,2022-10-11 13:00:00+02:00,168.89999389648438,169.35000610351562,168.14999389648438,168.60000610351562,19244,0.0,0.0,2022-10-11
2744,2022-10-11 14:00:00+02:00,168.85000610351562,169.4499969482422,167.0500030517578,167.4499969482422,44286,0.0,0.0,2022-10-11
2745,2022-10-11 15:00:00+02:00,167.1999969482422,168.60000610351562,166.25,166.4499969482422,33136,0.0,0.0,2022-10-11
2746,2022-10-11 16:00:00+02:00,166.5,170.1999969482422,165.3000030517578,169.89999389648438,38295,0.0,0.0,2022-10-11
2747,2022-10-11 17:00:00+02:00,169.85000610351562,171.5500030517578,169.75,171.1999969482422,116807,0.0,0.0,2022-10-11
2748,2022-10-12 09:00:00+02:00,169.14999389648438,169.75,166.0500030517578,166.5500030517578,0,0.0,0.0,2022-10-12
2749,2022-10-12 10:00:00+02:00,166.5500030517578,166.75,164.60000610351562,165.8000030517578,33294,0.0,0.0,2022-10-12
2750,2022-10-12 11:00:00+02:00,165.85000610351562,169.0500030517578,165.85000610351562,167.4499969482422,16856,0.0,0.0,2022-10-12
2751,2022-10-12 12:00:00+02:00,167.35000610351562,167.4499969482422,164.85000610351562,165.5500030517578,145863,0.0,0.0,2022-10-12
2752,2022-10-12 13:00:00+02:00,165.64999389648438,165.89999389648438,164.5500030517578,165.8000030517578,51872,0.0,0.0,2022-10-12
2753,2022-10-12 14:00:00+02:00,165.8000030517578,169.0500030517578,165.4499969482422,167.75,80939,0.0,0.0,2022-10-12
2754,2022-10-12 15:00:00+02:00,167.75,168.0,165.64999389648438,166.10000610351562,66037,0.0,0.0,2022-10-12
2755,2022-10-12 16:00:00+02:00,166.25,167.6999969482422,164.85000610351562,165.25,52516,0.0,0.0,2022-10-12
2756,2022-10-12 17:00:00+02:00,165.14999389648438,166.5500030517578,165.14999389648438,166.14999389648438,146273,0.0,0.0,2022-10-12
2757,2022-10-13 09:00:00+02:00,166.0,166.3000030517578,162.39999389648438,162.8000030517578,0,0.0,0.0,2022-10-13
2758,2022-10-13 10:00:00+02:00,162.75,164.14999389648438,161.5,163.10000610351562,20896,0.0,0.0,2022-10-13
2759,2022-10-13 11:00:00+02:00,163.0500030517578,165.0,162.60000610351562,162.6999969482422,51930,0.0,0.0,2022-10-13
2760,2022-10-13 12:00:00+02:00,162.89999389648438,164.35000610351562,162.60000610351562,163.85000610351562,21212,0.0,0.0,2022-10-13
2761,2022-10-13 13:00:00+02:00,163.75,168.8000030517578,163.25,167.85000610351562,35012,0.0,0.0,2022-10-13
2762,2022-10-13 14:00:00+02:00,168.10000610351562,168.10000610351562,158.75,159.89999389648438,144608,0.0,0.0,2022-10-13
2763,2022-10-13 15:00:00+02:00,159.85000610351562,163.4499969482422,157.75,163.4499969482422,73523,0.0,0.0,2022-10-13
2764,2022-10-13 16:00:00+02:00,163.3000030517578,166.64999389648438,162.60000610351562,164.89999389648438,97135,0.0,0.0,2022-10-13
2765,2022-10-13 17:00:00+02:00,164.85000610351562,167.5500030517578,164.64999389648438,167.5500030517578,130739,0.0,0.0,2022-10-13
2766,2022-10-14 09:00:00+02:00,169.1999969482422,173.60000610351562,168.5500030517578,171.5,0,0.0,0.0,2022-10-14
2767,2022-10-14 10:00:00+02:00,171.5500030517578,174.4499969482422,171.0500030517578,173.8000030517578,56676,0.0,0.0,2022-10-14
2768,2022-10-14 11:00:00+02:00,173.75,176.1999969482422,173.75,175.39999389648438,32651,0.0,0.0,2022-10-14
2769,2022-10-14 12:00:00+02:00,175.4499969482422,177.9499969482422,175.4499969482422,176.5500030517578,44424,0.0,0.0,2022-10-14
2770,2022-10-14 13:00:00+02:00,176.3000030517578,179.14999389648438,176.14999389648438,177.9499969482422,24859,0.0,0.0,2022-10-14
2771,2022-10-14 14:00:00+02:00,178.14999389648438,182.10000610351562,178.0500030517578,180.6999969482422,50115,0.0,0.0,2022-10-14
2772,2022-10-14 15:00:00+02:00,180.8000030517578,181.8000030517578,179.6999969482422,180.0,50424,0.0,0.0,2022-10-14
2773,2022-10-14 16:00:00+02:00,179.85000610351562,180.5500030517578,176.64999389648438,180.25,96681,0.0,0.0,2022-10-14
2774,2022-10-14 17:00:00+02:00,180.39999389648438,180.60000610351562,178.6999969482422,178.75,143462,0.0,0.0,2022-10-14
2775,2022-10-17 09:00:00+02:00,178.6999969482422,180.4499969482422,176.0500030517578,179.8000030517578,0,0.0,0.0,2022-10-17
2776,2022-10-17 10:00:00+02:00,179.35000610351562,179.35000610351562,177.64999389648438,179.10000610351562,14774,0.0,0.0,2022-10-17
2777,2022-10-17 11:00:00+02:00,179.1999969482422,180.60000610351562,178.14999389648438,180.5500030517578,10129,0.0,0.0,2022-10-17
2778,2022-10-17 12:00:00+02:00,180.35000610351562,180.60000610351562,179.0,180.14999389648438,7514,0.0,0.0,2022-10-17
2779,2022-10-17 13:00:00+02:00,180.10000610351562,181.14999389648438,179.64999389648438,180.6999969482422,6572,0.0,0.0,2022-10-17
2780,2022-10-17 14:00:00+02:00,181.0,181.5,180.3000030517578,181.5,8711,0.0,0.0,2022-10-17
2781,2022-10-17 15:00:00+02:00,181.75,186.89999389648438,181.39999389648438,186.1999969482422,85518,0.0,0.0,2022-10-17
2782,2022-10-17 16:00:00+02:00,186.10000610351562,187.3000030517578,185.25,185.6999969482422,47413,0.0,0.0,2022-10-17
2783,2022-10-17 17:00:00+02:00,185.89999389648438,186.3000030517578,185.14999389648438,185.75,0,0.0,0.0,2022-10-17
2784,2022-10-18 09:00:00+02:00,188.0,189.5500030517578,186.35000610351562,188.35000610351562,55183,0.0,0.0,2022-10-18
2785,2022-10-18 10:00:00+02:00,188.8000030517578,191.3000030517578,187.9499969482422,189.4499969482422,82088,0.0,0.0,2022-10-18
2786,2022-10-18 11:00:00+02:00,189.5,190.14999389648438,188.39999389648438,189.9499969482422,23791,0.0,0.0,2022-10-18
2787,2022-10-18 12:00:00+02:00,189.8000030517578,190.5500030517578,188.0,188.64999389648438,28342,0.0,0.0,2022-10-18
2788,2022-10-18 13:00:00+02:00,188.64999389648438,189.10000610351562,188.0500030517578,188.60000610351562,21465,0.0,0.0,2022-10-18
2789,2022-10-18 14:00:00+02:00,188.89999389648438,190.0,187.75,189.0,26660,0.0,0.0,2022-10-18
2790,2022-10-18 15:00:00+02:00,189.0500030517578,189.64999389648438,188.1999969482422,188.6999969482422,22692,0.0,0.0,2022-10-18
2791,2022-10-18 16:00:00+02:00,188.6999969482422,190.89999389648438,187.39999389648438,189.0,26025,0.0,0.0,2022-10-18
2792,2022-10-18 17:00:00+02:00,189.0,189.0,187.14999389648438,187.89999389648438,69830,0.0,0.0,2022-10-18
2793,2022-10-19 09:00:00+02:00,187.89999389648438,188.0500030517578,182.4499969482422,184.35000610351562,0,0.0,0.0,2022-10-19
2794,2022-10-19 10:00:00+02:00,184.35000610351562,185.39999389648438,182.60000610351562,183.5,12640,0.0,0.0,2022-10-19
2795,2022-10-19 11:00:00+02:00,183.60000610351562,185.3000030517578,183.5,185.10000610351562,34621,0.0,0.0,2022-10-19
2796,2022-10-19 12:00:00+02:00,185.25,185.25,182.0,182.35000610351562,16419,0.0,0.0,2022-10-19
2797,2022-10-19 13:00:00+02:00,182.39999389648438,182.85000610351562,180.39999389648438,182.8000030517578,18369,0.0,0.0,2022-10-19
2798,2022-10-19 14:00:00+02:00,182.85000610351562,183.0,181.25,181.85000610351562,16661,0.0,0.0,2022-10-19
2799,2022-10-19 15:00:00+02:00,181.60000610351562,182.64999389648438,180.10000610351562,180.10000610351562,33632,0.0,0.0,2022-10-19
2800,2022-10-19 16:00:00+02:00,180.0,183.25,179.75,181.60000610351562,20469,0.0,0.0,2022-10-19
2801,2022-10-19 17:00:00+02:00,181.64999389648438,182.0,180.35000610351562,180.35000610351562,106572,0.0,0.0,2022-10-19
2802,2022-10-20 09:00:00+02:00,179.1999969482422,181.85000610351562,177.89999389648438,180.10000610351562,0,0.0,0.0,2022-10-20
2803,2022-10-20 10:00:00+02:00,179.9499969482422,181.9499969482422,179.4499969482422,179.4499969482422,34690,0.0,0.0,2022-10-20
2804,2022-10-20 11:00:00+02:00,179.8000030517578,182.39999389648438,179.60000610351562,181.64999389648438,39969,0.0,0.0,2022-10-20
2805,2022-10-20 12:00:00+02:00,182.0500030517578,183.85000610351562,180.10000610351562,180.10000610351562,19202,0.0,0.0,2022-10-20
2806,2022-10-20 13:00:00+02:00,179.89999389648438,182.1999969482422,179.75,180.89999389648438,21911,0.0,0.0,2022-10-20
2807,2022-10-20 14:00:00+02:00,180.9499969482422,183.10000610351562,180.6999969482422,181.60000610351562,35099,0.0,0.0,2022-10-20
2808,2022-10-20 15:00:00+02:00,181.60000610351562,183.10000610351562,180.25,182.60000610351562,29902,0.0,0.0,2022-10-20
2809,2022-10-20 16:00:00+02:00,182.8000030517578,186.64999389648438,182.75,184.60000610351562,33047,0.0,0.0,2022-10-20
2810,2022-10-20 17:00:00+02:00,184.85000610351562,185.25,184.0500030517578,184.89999389648438,103112,0.0,0.0,2022-10-20
2811,2022-10-21 09:00:00+02:00,181.5500030517578,188.64999389648438,181.0500030517578,185.60000610351562,0,0.0,0.0,2022-10-21
2812,2022-10-21 10:00:00+02:00,186.0,186.0500030517578,181.14999389648438,182.1999969482422,11670,0.0,0.0,2022-10-21
2813,2022-10-21 11:00:00+02:00,181.9499969482422,181.9499969482422,180.39999389648438,181.10000610351562,9207,0.0,0.0,2022-10-21
2814,2022-10-21 12:00:00+02:00,181.3000030517578,182.35000610351562,180.4499969482422,181.0,10404,0.0,0.0,2022-10-21
2815,2022-10-21 13:00:00+02:00,180.8000030517578,181.3000030517578,179.89999389648438,180.0500030517578,6793,0.0,0.0,2022-10-21
2816,2022-10-21 14:00:00+02:00,180.14999389648438,180.64999389648438,178.5,180.39999389648438,8256,0.0,0.0,2022-10-21
2817,2022-10-21 15:00:00+02:00,180.5,183.1999969482422,180.4499969482422,182.75,20097,0.0,0.0,2022-10-21
2818,2022-10-21 16:00:00+02:00,183.0,183.6999969482422,179.75,179.89999389648438,22436,0.0,0.0,2022-10-21
2819,2022-10-21 17:00:00+02:00,180.0500030517578,182.0500030517578,179.1999969482422,181.64999389648438,86883,0.0,0.0,2022-10-21
2820,2022-10-24 09:00:00+02:00,184.0,185.60000610351562,180.25,181.0500030517578,0,0.0,0.0,2022-10-24
2821,2022-10-24 10:00:00+02:00,181.10000610351562,181.10000610351562,178.4499969482422,178.5,9578,0.0,0.0,2022-10-24
2822,2022-10-24 11:00:00+02:00,178.10000610351562,179.3000030517578,176.60000610351562,179.3000030517578,4963,0.0,0.0,2022-10-24
2823,2022-10-24 12:00:00+02:00,179.35000610351562,179.64999389648438,177.75,179.0,9876,0.0,0.0,2022-10-24
2824,2022-10-24 13:00:00+02:00,179.0,181.8000030517578,178.89999389648438,180.85000610351562,138574,0.0,0.0,2022-10-24
2825,2022-10-24 14:00:00+02:00,180.39999389648438,184.10000610351562,179.0,184.0,80428,0.0,0.0,2022-10-24
2826,2022-10-24 15:00:00+02:00,184.0,184.14999389648438,181.64999389648438,183.0500030517578,21410,0.0,0.0,2022-10-24
2827,2022-10-24 16:00:00+02:00,183.25,184.1999969482422,179.9499969482422,183.89999389648438,48812,0.0,0.0,2022-10-24
2828,2022-10-24 17:00:00+02:00,183.89999389648438,185.0500030517578,183.85000610351562,185.0500030517578,119868,0.0,0.0,2022-10-24
2829,2022-10-25 09:00:00+02:00,186.35000610351562,186.6999969482422,180.9499969482422,180.9499969482422,0,0.0,0.0,2022-10-25
2830,2022-10-25 10:00:00+02:00,180.89999389648438,184.0,180.5500030517578,183.60000610351562,6647,0.0,0.0,2022-10-25
2831,2022-10-25 11:00:00+02:00,183.6999969482422,186.25,183.6999969482422,185.39999389648438,110244,0.0,0.0,2022-10-25
2832,2022-10-25 12:00:00+02:00,185.5500030517578,186.85000610351562,185.1999969482422,186.1999969482422,7830,0.0,0.0,2022-10-25
2833,2022-10-25 13:00:00+02:00,186.10000610351562,188.5,185.9499969482422,188.14999389648438,10631,0.0,0.0,2022-10-25
2834,2022-10-25 14:00:00+02:00,188.0500030517578,188.1999969482422,186.9499969482422,187.64999389648438,10647,0.0,0.0,2022-10-25
2835,2022-10-25 15:00:00+02:00,187.6999969482422,193.60000610351562,187.10000610351562,193.35000610351562,63648,0.0,0.0,2022-10-25
2836,2022-10-25 16:00:00+02:00,193.25,196.0,192.1999969482422,195.25,105560,0.0,0.0,2022-10-25
2837,2022-10-25 17:00:00+02:00,195.35000610351562,196.89999389648438,195.35000610351562,196.0500030517578,153968,0.0,0.0,2022-10-25
2838,2022-10-26 09:00:00+02:00,195.75,196.25,191.0500030517578,195.3000030517578,0,0.0,0.0,2022-10-26
2839,2022-10-26 10:00:00+02:00,195.60000610351562,197.39999389648438,194.75,195.85000610351562,21910,0.0,0.0,2022-10-26
2840,2022-10-26 11:00:00+02:00,195.85000610351562,196.4499969482422,193.0500030517578,193.0500030517578,17480,0.0,0.0,2022-10-26
2841,2022-10-26 12:00:00+02:00,193.0,193.0,191.5500030517578,191.8000030517578,10491,0.0,0.0,2022-10-26
2842,2022-10-26 13:00:00+02:00,191.75,194.1999969482422,191.5,192.5500030517578,15895,0.0,0.0,2022-10-26
2843,2022-10-26 14:00:00+02:00,192.60000610351562,194.25,191.60000610351562,192.10000610351562,15565,0.0,0.0,2022-10-26
2844,2022-10-26 15:00:00+02:00,192.0500030517578,195.4499969482422,191.85000610351562,194.1999969482422,22519,0.0,0.0,2022-10-26
2845,2022-10-26 16:00:00+02:00,194.25,196.75,194.25,195.10000610351562,26099,0.0,0.0,2022-10-26
2846,2022-10-26 17:00:00+02:00,195.1999969482422,196.1999969482422,194.75,196.1999969482422,91110,0.0,0.0,2022-10-26
2847,2022-10-27 09:00:00+02:00,196.1999969482422,200.3000030517578,194.5,200.3000030517578,0,0.0,0.0,2022-10-27
2848,2022-10-27 10:00:00+02:00,199.14999389648438,203.5,199.14999389648438,201.3000030517578,17088,0.0,0.0,2022-10-27
2849,2022-10-27 11:00:00+02:00,202.10000610351562,202.1999969482422,199.85000610351562,201.1999969482422,7403,0.0,0.0,2022-10-27
2850,2022-10-27 12:00:00+02:00,201.10000610351562,201.8000030517578,196.1999969482422,196.1999969482422,13206,0.0,0.0,2022-10-27
2851,2022-10-27 13:00:00+02:00,196.10000610351562,197.8000030517578,195.64999389648438,196.6999969482422,10978,0.0,0.0,2022-10-27
2852,2022-10-27 14:00:00+02:00,196.8000030517578,199.89999389648438,196.0,199.89999389648438,18987,0.0,0.0,2022-10-27
2853,2022-10-27 15:00:00+02:00,200.3000030517578,203.10000610351562,199.85000610351562,200.60000610351562,19441,0.0,0.0,2022-10-27
2854,2022-10-27 16:00:00+02:00,200.1999969482422,203.39999389648438,200.1999969482422,202.60000610351562,23376,0.0,0.0,2022-10-27
2855,2022-10-27 17:00:00+02:00,202.5,203.5,202.0,203.0,128406,0.0,0.0,2022-10-27
2856,2022-10-28 09:00:00+02:00,200.3000030517578,202.3000030517578,194.0,195.3000030517578,0,0.0,0.0,2022-10-28
2857,2022-10-28 10:00:00+02:00,195.0500030517578,197.75,194.85000610351562,197.6999969482422,7412,0.0,0.0,2022-10-28
2858,2022-10-28 11:00:00+02:00,197.60000610351562,197.64999389648438,195.4499969482422,196.8000030517578,17372,0.0,0.0,2022-10-28
2859,2022-10-28 12:00:00+02:00,196.5500030517578,197.5,195.6999969482422,196.10000610351562,14532,0.0,0.0,2022-10-28
2860,2022-10-28 13:00:00+02:00,196.1999969482422,196.1999969482422,195.10000610351562,195.39999389648438,9361,0.0,0.0,2022-10-28
2861,2022-10-28 14:00:00+02:00,195.39999389648438,198.1999969482422,193.9499969482422,194.0500030517578,47484,0.0,0.0,2022-10-28
2862,2022-10-28 15:00:00+02:00,194.1999969482422,201.0,193.5500030517578,200.3000030517578,46524,0.0,0.0,2022-10-28
2863,2022-10-28 16:00:00+02:00,200.39999389648438,201.0,197.64999389648438,199.3000030517578,42580,0.0,0.0,2022-10-28
2864,2022-10-28 17:00:00+02:00,199.39999389648438,200.60000610351562,198.9499969482422,198.9499969482422,62202,0.0,0.0,2022-10-28
2865,2022-10-31 09:00:00+01:00,201.10000610351562,201.89999389648438,197.0,201.1999969482422,0,0.0,0.0,2022-10-31
2866,2022-10-31 10:00:00+01:00,201.6999969482422,204.0,200.3000030517578,202.1999969482422,12292,0.0,0.0,2022-10-31
2867,2022-10-31 11:00:00+01:00,202.1999969482422,204.0,202.1999969482422,203.60000610351562,7681,0.0,0.0,2022-10-31
2868,2022-10-31 12:00:00+01:00,203.60000610351562,204.10000610351562,202.5,203.39999389648438,3988,0.0,0.0,2022-10-31
2869,2022-10-31 13:00:00+01:00,203.6999969482422,204.60000610351562,202.5,203.39999389648438,5779,0.0,0.0,2022-10-31
2870,2022-10-31 14:00:00+01:00,203.6999969482422,204.60000610351562,201.6999969482422,202.6999969482422,15523,0.0,0.0,2022-10-31
2871,2022-10-31 15:00:00+01:00,202.8000030517578,203.8000030517578,201.5,201.5,18942,0.0,0.0,2022-10-31
2872,2022-10-31 16:00:00+01:00,201.89999389648438,203.60000610351562,201.8000030517578,202.1999969482422,20089,0.0,0.0,2022-10-31
2873,2022-10-31 17:00:00+01:00,201.89999389648438,203.60000610351562,201.89999389648438,203.60000610351562,239742,0.0,0.0,2022-10-31
2874,2022-11-01 09:00:00+01:00,207.6999969482422,213.89999389648438,206.10000610351562,212.3000030517578,0,0.0,0.0,2022-11-01
2875,2022-11-01 10:00:00+01:00,212.60000610351562,214.3000030517578,210.5,213.5,22381,0.0,0.0,2022-11-01
2876,2022-11-01 11:00:00+01:00,213.5,214.8000030517578,212.5,214.3000030517578,40028,0.0,0.0,2022-11-01
2877,2022-11-01 12:00:00+01:00,214.39999389648438,215.5,213.39999389648438,214.0,19339,0.0,0.0,2022-11-01
2878,2022-11-01 13:00:00+01:00,214.10000610351562,215.3000030517578,213.10000610351562,214.89999389648438,14015,0.0,0.0,2022-11-01
2879,2022-11-01 14:00:00+01:00,215.10000610351562,216.10000610351562,214.1999969482422,214.89999389648438,16404,0.0,0.0,2022-11-01
2880,2022-11-01 15:00:00+01:00,214.89999389648438,214.89999389648438,210.0,210.60000610351562,30332,0.0,0.0,2022-11-01
2881,2022-11-01 16:00:00+01:00,211.10000610351562,213.8000030517578,211.0,212.6999969482422,26330,0.0,0.0,2022-11-01
2882,2022-11-01 17:00:00+01:00,212.60000610351562,212.6999969482422,211.5,212.10000610351562,102796,0.0,0.0,2022-11-01
2883,2022-11-02 09:00:00+01:00,212.89999389648438,213.0,208.0,208.5,0,0.0,0.0,2022-11-02
2884,2022-11-02 10:00:00+01:00,208.5,208.5,206.6999969482422,207.89999389648438,20887,0.0,0.0,2022-11-02
2885,2022-11-02 11:00:00+01:00,207.6999969482422,209.89999389648438,207.3000030517578,209.8000030517578,24741,0.0,0.0,2022-11-02
2886,2022-11-02 12:00:00+01:00,209.8000030517578,212.0,209.1999969482422,210.60000610351562,18086,0.0,0.0,2022-11-02
2887,2022-11-02 13:00:00+01:00,210.89999389648438,211.8000030517578,209.60000610351562,211.8000030517578,13662,0.0,0.0,2022-11-02
2888,2022-11-02 14:00:00+01:00,211.60000610351562,212.5,210.5,211.6999969482422,24155,0.0,0.0,2022-11-02
2889,2022-11-02 15:00:00+01:00,211.5,215.39999389648438,211.0,214.8000030517578,20960,0.0,0.0,2022-11-02
2890,2022-11-02 16:00:00+01:00,214.39999389648438,214.89999389648438,212.1999969482422,212.39999389648438,19597,0.0,0.0,2022-11-02
2891,2022-11-02 17:00:00+01:00,212.39999389648438,212.60000610351562,210.89999389648438,211.3000030517578,180846,0.0,0.0,2022-11-02
2892,2022-11-03 09:00:00+01:00,210.5,210.60000610351562,205.60000610351562,207.10000610351562,0,0.0,0.0,2022-11-03
2893,2022-11-03 10:00:00+01:00,207.3000030517578,208.5,203.6999969482422,205.3000030517578,19145,0.0,0.0,2022-11-03
2894,2022-11-03 11:00:00+01:00,205.6999969482422,206.39999389648438,205.3000030517578,206.3000030517578,9118,0.0,0.0,2022-11-03
2895,2022-11-03 12:00:00+01:00,206.0,206.10000610351562,205.0,205.5,9516,0.0,0.0,2022-11-03
2896,2022-11-03 13:00:00+01:00,205.39999389648438,206.5,202.1999969482422,202.1999969482422,14234,0.0,0.0,2022-11-03
2897,2022-11-03 14:00:00+01:00,202.1999969482422,204.10000610351562,202.0,202.5,13747,0.0,0.0,2022-11-03
2898,2022-11-03 15:00:00+01:00,202.60000610351562,206.39999389648438,202.10000610351562,206.1999969482422,18750,0.0,0.0,2022-11-03
2899,2022-11-03 16:00:00+01:00,206.10000610351562,206.60000610351562,203.6999969482422,204.1999969482422,36339,0.0,0.0,2022-11-03
2900,2022-11-03 17:00:00+01:00,204.3000030517578,204.3000030517578,202.89999389648438,203.5,116597,0.0,0.0,2022-11-03
2901,2022-11-04 09:00:00+01:00,206.0,207.0,201.1999969482422,203.0,0,0.0,0.0,2022-11-04
2902,2022-11-04 10:00:00+01:00,203.3000030517578,205.0,202.8000030517578,203.5,13141,0.0,0.0,2022-11-04
2903,2022-11-04 11:00:00+01:00,203.1999969482422,205.39999389648438,203.0,204.6999969482422,13392,0.0,0.0,2022-11-04
2904,2022-11-04 12:00:00+01:00,204.5,205.10000610351562,203.60000610351562,205.0,47354,0.0,0.0,2022-11-04
2905,2022-11-07 09:00:00+01:00,205.10000610351562,212.39999389648438,204.8000030517578,212.0,0,0.0,0.0,2022-11-07
2906,2022-11-07 10:00:00+01:00,212.3000030517578,212.8000030517578,211.1999969482422,211.3000030517578,19117,0.0,0.0,2022-11-07
2907,2022-11-07 11:00:00+01:00,211.3000030517578,211.3000030517578,210.0,210.39999389648438,8509,0.0,0.0,2022-11-07
2908,2022-11-07 12:00:00+01:00,210.1999969482422,211.8000030517578,210.1999969482422,211.39999389648438,4929,0.0,0.0,2022-11-07
2909,2022-11-07 13:00:00+01:00,211.10000610351562,212.0,210.8000030517578,211.60000610351562,6840,0.0,0.0,2022-11-07
2910,2022-11-07 14:00:00+01:00,211.6999969482422,212.6999969482422,210.60000610351562,211.89999389648438,14732,0.0,0.0,2022-11-07
2911,2022-11-07 15:00:00+01:00,211.5,212.10000610351562,209.1999969482422,210.5,0,0.0,0.0,2022-11-07
2912,2022-11-07 16:00:00+01:00,211.0,211.5,208.89999389648438,209.8000030517578,103221,0.0,0.0,2022-11-07
2913,2022-11-07 17:00:00+01:00,209.89999389648438,210.3000030517578,209.1999969482422,210.3000030517578,63343,0.0,0.0,2022-11-07
2914,2022-11-08 09:00:00+01:00,210.3000030517578,213.0,206.39999389648438,209.1999969482422,0,0.0,0.0,2022-11-08
2915,2022-11-08 10:00:00+01:00,209.0,210.5,208.0,210.3000030517578,19922,0.0,0.0,2022-11-08
2916,2022-11-08 11:00:00+01:00,210.1999969482422,210.3000030517578,208.89999389648438,209.3000030517578,32267,0.0,0.0,2022-11-08
2917,2022-11-08 12:00:00+01:00,209.3000030517578,210.5,208.89999389648438,209.8000030517578,10134,0.0,0.0,2022-11-08
2918,2022-11-08 13:00:00+01:00,209.8000030517578,209.89999389648438,209.10000610351562,209.8000030517578,4578,0.0,0.0,2022-11-08
2919,2022-11-08 14:00:00+01:00,209.60000610351562,210.5,209.10000610351562,210.3000030517578,14411,0.0,0.0,2022-11-08
2920,2022-11-08 15:00:00+01:00,210.1999969482422,211.1999969482422,208.89999389648438,209.1999969482422,21558,0.0,0.0,2022-11-08
2921,2022-11-08 16:00:00+01:00,209.5,213.60000610351562,209.5,212.6999969482422,16771,0.0,0.0,2022-11-08
2922,2022-11-08 17:00:00+01:00,212.6999969482422,213.0,210.89999389648438,212.10000610351562,101901,0.0,0.0,2022-11-08
2923,2022-11-09 09:00:00+01:00,212.10000610351562,212.10000610351562,209.10000610351562,210.3000030517578,0,0.0,0.0,2022-11-09
2924,2022-11-09 10:00:00+01:00,210.1999969482422,210.1999969482422,205.89999389648438,207.8000030517578,49440,0.0,0.0,2022-11-09
2925,2022-11-09 11:00:00+01:00,207.39999389648438,212.1999969482422,206.1999969482422,211.0,23926,0.0,0.0,2022-11-09
2926,2022-11-09 12:00:00+01:00,211.1999969482422,213.5,211.1999969482422,212.8000030517578,1709,0.0,0.0,2022-11-09
2927,2022-11-09 13:00:00+01:00,212.3000030517578,212.5,211.0,211.10000610351562,13435,0.0,0.0,2022-11-09
2928,2022-11-09 14:00:00+01:00,211.5,211.6999969482422,210.0,210.89999389648438,5087,0.0,0.0,2022-11-09
2929,2022-11-09 15:00:00+01:00,211.0,211.8000030517578,210.0,210.5,7054,0.0,0.0,2022-11-09
2930,2022-11-09 16:00:00+01:00,210.60000610351562,214.60000610351562,210.5,213.6999969482422,38703,0.0,0.0,2022-11-09
2931,2022-11-09 17:00:00+01:00,213.8000030517578,213.89999389648438,213.3000030517578,213.5,117015,0.0,0.0,2022-11-09
2932,2022-11-10 09:00:00+01:00,213.5,213.5,205.89999389648438,206.5,0,0.0,0.0,2022-11-10
2933,2022-11-10 10:00:00+01:00,206.5,208.39999389648438,205.60000610351562,207.1999969482422,13741,0.0,0.0,2022-11-10
2934,2022-11-10 11:00:00+01:00,207.1999969482422,207.6999969482422,206.60000610351562,207.39999389648438,3398,0.0,0.0,2022-11-10
2935,2022-11-10 12:00:00+01:00,207.3000030517578,208.10000610351562,206.8000030517578,207.8000030517578,8607,0.0,0.0,2022-11-10
2936,2022-11-10 13:00:00+01:00,207.6999969482422,208.89999389648438,207.6999969482422,208.6999969482422,6317,0.0,0.0,2022-11-10
2937,2022-11-10 14:00:00+01:00,209.0,223.39999389648438,208.1999969482422,223.0,73218,0.0,0.0,2022-11-10
2938,2022-11-10 15:00:00+01:00,223.0,231.5,222.3000030517578,229.89999389648438,275866,0.0,0.0,2022-11-10
2939,2022-11-10 16:00:00+01:00,230.39999389648438,236.0,230.10000610351562,235.39999389648438,91633,0.0,0.0,2022-11-10
2940,2022-11-10 17:00:00+01:00,234.89999389648438,235.5,234.0,234.8000030517578,78304,0.0,0.0,2022-11-10
2941,2022-11-11 09:00:00+01:00,239.10000610351562,243.0,234.60000610351562,242.6999969482422,0,0.0,0.0,2022-11-11
2942,2022-11-11 10:00:00+01:00,242.0,244.8000030517578,240.3000030517578,241.89999389648438,43783,0.0,0.0,2022-11-11
2943,2022-11-11 11:00:00+01:00,241.6999969482422,241.8000030517578,235.8000030517578,236.10000610351562,40025,0.0,0.0,2022-11-11
2944,2022-11-11 12:00:00+01:00,235.89999389648438,238.8000030517578,234.6999969482422,238.3000030517578,15590,0.0,0.0,2022-11-11
2945,2022-11-11 13:00:00+01:00,238.1999969482422,238.89999389648438,236.6999969482422,236.89999389648438,6920,0.0,0.0,2022-11-11
2946,2022-11-11 14:00:00+01:00,236.60000610351562,236.6999969482422,233.60000610351562,235.0,15354,0.0,0.0,2022-11-11
2947,2022-11-11 15:00:00+01:00,234.89999389648438,238.5,233.89999389648438,237.39999389648438,273179,0.0,0.0,2022-11-11
2948,2022-11-11 16:00:00+01:00,237.0,237.8000030517578,235.60000610351562,236.39999389648438,22036,0.0,0.0,2022-11-11
2949,2022-11-11 17:00:00+01:00,236.60000610351562,236.8000030517578,235.3000030517578,235.3000030517578,81707,0.0,0.0,2022-11-11
2950,2022-11-14 09:00:00+01:00,235.3000030517578,236.3000030517578,230.39999389648438,234.0,0,0.0,0.0,2022-11-14
2951,2022-11-14 10:00:00+01:00,233.6999969482422,233.6999969482422,230.0,232.0,15775,0.0,0.0,2022-11-14
2952,2022-11-14 11:00:00+01:00,232.39999389648438,233.60000610351562,231.1999969482422,233.60000610351562,9551,0.0,0.0,2022-11-14
2953,2022-11-14 12:00:00+01:00,233.6999969482422,234.0,231.89999389648438,232.6999969482422,5078,0.0,0.0,2022-11-14
2954,2022-11-14 13:00:00+01:00,233.39999389648438,234.39999389648438,232.6999969482422,233.6999969482422,208472,0.0,0.0,2022-11-14
2955,2022-11-14 14:00:00+01:00,233.60000610351562,235.0,233.5,234.1999969482422,6736,0.0,0.0,2022-11-14
2956,2022-11-14 15:00:00+01:00,234.1999969482422,235.0,232.60000610351562,233.6999969482422,18996,0.0,0.0,2022-11-14
2957,2022-11-14 16:00:00+01:00,233.8000030517578,234.8000030517578,233.0,233.8000030517578,13120,0.0,0.0,2022-11-14
2958,2022-11-14 17:00:00+01:00,233.89999389648438,233.89999389648438,233.39999389648438,233.89999389648438,72749,0.0,0.0,2022-11-14
2959,2022-11-15 09:00:00+01:00,233.0,234.1999969482422,228.39999389648438,229.1999969482422,0,0.0,0.0,2022-11-15
2960,2022-11-15 10:00:00+01:00,228.6999969482422,231.0,226.6999969482422,230.5,16193,0.0,0.0,2022-11-15
2961,2022-11-15 11:00:00+01:00,230.60000610351562,231.6999969482422,228.89999389648438,229.5,13099,0.0,0.0,2022-11-15
2962,2022-11-15 12:00:00+01:00,229.60000610351562,230.5,228.0,229.10000610351562,8152,0.0,0.0,2022-11-15
2963,2022-11-15 13:00:00+01:00,228.60000610351562,229.1999969482422,228.1999969482422,228.6999969482422,5991,0.0,0.0,2022-11-15
2964,2022-11-15 14:00:00+01:00,228.6999969482422,234.60000610351562,227.39999389648438,231.89999389648438,43014,0.0,0.0,2022-11-15
2965,2022-11-15 15:00:00+01:00,231.89999389648438,233.5,229.6999969482422,231.0,17004,0.0,0.0,2022-11-15
2966,2022-11-15 16:00:00+01:00,231.10000610351562,232.1999969482422,230.0,230.5,19109,0.0,0.0,2022-11-15
2967,2022-11-15 17:00:00+01:00,230.5,231.6999969482422,230.10000610351562,230.3000030517578,104982,0.0,0.0,2022-11-15
2968,2022-11-16 09:00:00+01:00,229.0,231.0,222.3000030517578,222.5,0,0.0,0.0,2022-11-16
2969,2022-11-16 10:00:00+01:00,222.3000030517578,224.10000610351562,221.5,223.39999389648438,14116,0.0,0.0,2022-11-16
2970,2022-11-16 11:00:00+01:00,223.5,224.39999389648438,223.1999969482422,223.60000610351562,91732,0.0,0.0,2022-11-16
2971,2022-11-16 12:00:00+01:00,223.5,225.0,223.0,224.0,9688,0.0,0.0,2022-11-16
2972,2022-11-16 13:00:00+01:00,223.89999389648438,224.39999389648438,222.8000030517578,224.0,38439,0.0,0.0,2022-11-16
2973,2022-11-16 14:00:00+01:00,223.8000030517578,226.1999969482422,222.8000030517578,223.1999969482422,22751,0.0,0.0,2022-11-16
2974,2022-11-16 15:00:00+01:00,223.3000030517578,230.0,223.3000030517578,230.0,44429,0.0,0.0,2022-11-16
2975,2022-11-16 16:00:00+01:00,230.0,230.0,225.1999969482422,225.89999389648438,30112,0.0,0.0,2022-11-16
2976,2022-11-16 17:00:00+01:00,225.6999969482422,229.3000030517578,225.6999969482422,228.10000610351562,35568,0.0,0.0,2022-11-16
2977,2022-11-17 09:00:00+01:00,228.3000030517578,232.10000610351562,224.60000610351562,226.60000610351562,0,0.0,0.0,2022-11-17
2978,2022-11-17 10:00:00+01:00,226.60000610351562,228.0,225.39999389648438,227.8000030517578,12455,0.0,0.0,2022-11-17
2979,2022-11-17 11:00:00+01:00,228.0,228.39999389648438,225.89999389648438,226.8000030517578,13476,0.0,0.0,2022-11-17
2980,2022-11-17 12:00:00+01:00,226.89999389648438,227.1999969482422,225.1999969482422,225.89999389648438,18116,0.0,0.0,2022-11-17
2981,2022-11-17 13:00:00+01:00,225.5,227.1999969482422,225.0,225.10000610351562,10391,0.0,0.0,2022-11-17
2982,2022-11-17 14:00:00+01:00,224.60000610351562,224.89999389648438,222.89999389648438,223.39999389648438,9979,0.0,0.0,2022-11-17
2983,2022-11-17 15:00:00+01:00,223.5,225.60000610351562,222.5,224.0,16651,0.0,0.0,2022-11-17
2984,2022-11-17 16:00:00+01:00,224.1999969482422,225.89999389648438,223.10000610351562,223.3000030517578,20356,0.0,0.0,2022-11-17
2985,2022-11-17 17:00:00+01:00,223.10000610351562,223.5,222.60000610351562,223.10000610351562,142113,0.0,0.0,2022-11-17
2986,2022-11-18 09:00:00+01:00,224.0,225.89999389648438,222.60000610351562,225.1999969482422,0,0.0,0.0,2022-11-18
2987,2022-11-18 10:00:00+01:00,224.6999969482422,226.3000030517578,223.60000610351562,223.60000610351562,17586,0.0,0.0,2022-11-18
2988,2022-11-18 11:00:00+01:00,223.60000610351562,225.60000610351562,222.89999389648438,225.39999389648438,17558,0.0,0.0,2022-11-18
2989,2022-11-18 12:00:00+01:00,226.3000030517578,227.6999969482422,224.3000030517578,225.10000610351562,11275,0.0,0.0,2022-11-18
2990,2022-11-18 13:00:00+01:00,224.8000030517578,225.5,224.0,225.3000030517578,9320,0.0,0.0,2022-11-18
2991,2022-11-18 14:00:00+01:00,225.1999969482422,225.60000610351562,224.60000610351562,225.5,14367,0.0,0.0,2022-11-18
2992,2022-11-18 15:00:00+01:00,225.8000030517578,227.0,224.8000030517578,224.8000030517578,19888,0.0,0.0,2022-11-18
2993,2022-11-18 16:00:00+01:00,224.89999389648438,227.10000610351562,224.0,226.0,19936,0.0,0.0,2022-11-18
2994,2022-11-18 17:00:00+01:00,226.10000610351562,226.89999389648438,225.6999969482422,226.89999389648438,97047,0.0,0.0,2022-11-18
2995,2022-11-21 09:00:00+01:00,226.39999389648438,227.5,224.5,226.0,0,0.0,0.0,2022-11-21
2996,2022-11-21 10:00:00+01:00,226.5,228.5,226.0,228.0,8227,0.0,0.0,2022-11-21
2997,2022-11-21 11:00:00+01:00,227.6999969482422,228.0,225.3000030517578,225.8000030517578,3716,0.0,0.0,2022-11-21
2998,2022-11-21 12:00:00+01:00,225.5,225.89999389648438,224.8000030517578,225.60000610351562,4346,0.0,0.0,2022-11-21
2999,2022-11-21 13:00:00+01:00,225.0,225.89999389648438,224.3000030517578,225.8000030517578,3224,0.0,0.0,2022-11-21
3000,2022-11-21 14:00:00+01:00,226.0,226.1999969482422,224.60000610351562,225.3000030517578,7158,0.0,0.0,2022-11-21
3001,2022-11-21 15:00:00+01:00,225.5,229.10000610351562,224.6999969482422,228.39999389648438,20648,0.0,0.0,2022-11-21
3002,2022-11-21 16:00:00+01:00,228.39999389648438,228.8000030517578,226.1999969482422,227.3000030517578,12991,0.0,0.0,2022-11-21
3003,2022-11-21 17:00:00+01:00,227.5,228.10000610351562,226.6999969482422,227.6999969482422,68142,0.0,0.0,2022-11-21
3004,2022-11-22 09:00:00+01:00,227.6999969482422,227.6999969482422,220.8000030517578,223.3000030517578,0,0.0,0.0,2022-11-22
3005,2022-11-22 10:00:00+01:00,223.5,227.10000610351562,223.39999389648438,226.6999969482422,36553,0.0,0.0,2022-11-22
3006,2022-11-22 11:00:00+01:00,226.5,226.8000030517578,225.0,225.3000030517578,28551,0.0,0.0,2022-11-22
3007,2022-11-22 12:00:00+01:00,225.6999969482422,225.89999389648438,224.10000610351562,224.10000610351562,27094,0.0,0.0,2022-11-22
3008,2022-11-22 13:00:00+01:00,224.0,225.6999969482422,223.6999969482422,224.5,12833,0.0,0.0,2022-11-22
3009,2022-11-22 14:00:00+01:00,224.60000610351562,225.1999969482422,224.10000610351562,224.60000610351562,6079,0.0,0.0,2022-11-22
3010,2022-11-22 15:00:00+01:00,224.60000610351562,227.60000610351562,224.60000610351562,226.5,13342,0.0,0.0,2022-11-22
3011,2022-11-22 16:00:00+01:00,226.1999969482422,227.5,225.5,226.6999969482422,15424,0.0,0.0,2022-11-22
3012,2022-11-22 17:00:00+01:00,226.89999389648438,227.3000030517578,226.3000030517578,226.3000030517578,83864,0.0,0.0,2022-11-22
3013,2022-11-23 09:00:00+01:00,226.3000030517578,226.60000610351562,220.6999969482422,223.1999969482422,0,0.0,0.0,2022-11-23
3014,2022-11-23 10:00:00+01:00,223.1999969482422,225.0,222.89999389648438,223.60000610351562,36939,0.0,0.0,2022-11-23
3015,2022-11-23 11:00:00+01:00,223.3000030517578,223.3000030517578,219.0,219.1999969482422,32110,0.0,0.0,2022-11-23
3016,2022-11-23 12:00:00+01:00,219.6999969482422,220.10000610351562,217.3000030517578,218.0,26827,0.0,0.0,2022-11-23
3017,2022-11-23 13:00:00+01:00,217.8000030517578,219.60000610351562,217.0,218.8000030517578,11123,0.0,0.0,2022-11-23
3018,2022-11-23 14:00:00+01:00,219.8000030517578,220.89999389648438,219.60000610351562,220.60000610351562,3986,0.0,0.0,2022-11-23
3019,2022-11-23 15:00:00+01:00,220.89999389648438,223.60000610351562,220.5,222.89999389648438,5488,0.0,0.0,2022-11-23
3020,2022-11-23 16:00:00+01:00,223.3000030517578,225.1999969482422,222.3000030517578,224.60000610351562,17390,0.0,0.0,2022-11-23
3021,2022-11-23 17:00:00+01:00,224.5,224.89999389648438,222.8000030517578,222.8000030517578,175834,0.0,0.0,2022-11-23
3022,2022-11-24 09:00:00+01:00,222.0,235.60000610351562,221.89999389648438,235.5,0,0.0,0.0,2022-11-24
3023,2022-11-24 10:00:00+01:00,235.60000610351562,238.0,235.39999389648438,236.89999389648438,101781,0.0,0.0,2022-11-24
3024,2022-11-24 11:00:00+01:00,236.89999389648438,238.0,233.10000610351562,235.0,20351,0.0,0.0,2022-11-24
3025,2022-11-24 12:00:00+01:00,235.0,235.5,233.89999389648438,234.1999969482422,5731,0.0,0.0,2022-11-24
3026,2022-11-24 13:00:00+01:00,233.89999389648438,234.8000030517578,231.3000030517578,231.3000030517578,15341,0.0,0.0,2022-11-24
3027,2022-11-24 14:00:00+01:00,231.3000030517578,232.8000030517578,230.10000610351562,232.8000030517578,10085,0.0,0.0,2022-11-24
3028,2022-11-24 15:00:00+01:00,232.5,232.6999969482422,231.10000610351562,231.8000030517578,8914,0.0,0.0,2022-11-24
3029,2022-11-24 16:00:00+01:00,231.8000030517578,234.0,231.60000610351562,232.6999969482422,11245,0.0,0.0,2022-11-24
3030,2022-11-24 17:00:00+01:00,232.89999389648438,233.0,231.3000030517578,231.3000030517578,65307,0.0,0.0,2022-11-24
3031,2022-11-25 09:00:00+01:00,231.5,232.6999969482422,229.0,229.0,0,0.0,0.0,2022-11-25
3032,2022-11-25 10:00:00+01:00,229.10000610351562,230.3000030517578,228.3000030517578,228.8000030517578,8148,0.0,0.0,2022-11-25
3033,2022-11-25 11:00:00+01:00,228.60000610351562,231.1999969482422,227.60000610351562,231.1999969482422,9176,0.0,0.0,2022-11-25
3034,2022-11-25 12:00:00+01:00,231.1999969482422,231.39999389648438,230.3000030517578,231.0,1837,0.0,0.0,2022-11-25
3035,2022-11-25 13:00:00+01:00,230.89999389648438,232.3000030517578,229.5,232.3000030517578,5092,0.0,0.0,2022-11-25
3036,2022-11-25 14:00:00+01:00,232.39999389648438,232.89999389648438,231.60000610351562,232.39999389648438,12774,0.0,0.0,2022-11-25
3037,2022-11-25 15:00:00+01:00,232.60000610351562,232.6999969482422,231.5,232.39999389648438,12573,0.0,0.0,2022-11-25
3038,2022-11-25 16:00:00+01:00,232.1999969482422,232.1999969482422,230.10000610351562,231.39999389648438,9159,0.0,0.0,2022-11-25
3039,2022-11-25 17:00:00+01:00,231.60000610351562,232.5,231.5,232.3000030517578,73054,0.0,0.0,2022-11-25
3040,2022-11-28 09:00:00+01:00,232.10000610351562,234.0,230.39999389648438,231.8000030517578,0,0.0,0.0,2022-11-28
3041,2022-11-28 10:00:00+01:00,231.8000030517578,231.89999389648438,226.3000030517578,226.3000030517578,16466,0.0,0.0,2022-11-28
3042,2022-11-28 11:00:00+01:00,226.5,227.0,224.6999969482422,226.0,220303,0.0,0.0,2022-11-28
3043,2022-11-28 12:00:00+01:00,225.6999969482422,226.60000610351562,225.0,225.39999389648438,11596,0.0,0.0,2022-11-28
3044,2022-11-28 13:00:00+01:00,225.6999969482422,227.10000610351562,225.5,226.8000030517578,4853,0.0,0.0,2022-11-28
3045,2022-11-28 14:00:00+01:00,226.6999969482422,227.1999969482422,226.0,226.89999389648438,11881,0.0,0.0,2022-11-28
3046,2022-11-28 15:00:00+01:00,226.8000030517578,231.60000610351562,226.0,230.1999969482422,33005,0.0,0.0,2022-11-28
3047,2022-11-28 16:00:00+01:00,230.1999969482422,231.0,229.1999969482422,229.6999969482422,24882,0.0,0.0,2022-11-28
3048,2022-11-28 17:00:00+01:00,229.8000030517578,230.60000610351562,229.39999389648438,229.5,80708,0.0,0.0,2022-11-28
3049,2022-11-29 09:00:00+01:00,229.5,232.0,227.6999969482422,231.8000030517578,0,0.0,0.0,2022-11-29
3050,2022-11-29 10:00:00+01:00,232.10000610351562,232.8000030517578,230.5,231.3000030517578,11282,0.0,0.0,2022-11-29
3051,2022-11-29 11:00:00+01:00,231.6999969482422,232.8000030517578,230.39999389648438,230.39999389648438,7503,0.0,0.0,2022-11-29
3052,2022-11-29 12:00:00+01:00,230.5,230.5,229.0,229.6999969482422,12476,0.0,0.0,2022-11-29
3053,2022-11-29 13:00:00+01:00,229.60000610351562,229.6999969482422,227.3000030517578,227.39999389648438,7895,0.0,0.0,2022-11-29
3054,2022-11-29 14:00:00+01:00,227.1999969482422,227.1999969482422,224.5,225.1999969482422,13592,0.0,0.0,2022-11-29
3055,2022-11-29 15:00:00+01:00,225.5,225.5,223.0,223.5,14232,0.0,0.0,2022-11-29
3056,2022-11-29 16:00:00+01:00,223.39999389648438,224.39999389648438,222.89999389648438,224.0,15247,0.0,0.0,2022-11-29
3057,2022-11-29 17:00:00+01:00,224.3000030517578,224.39999389648438,222.5,222.89999389648438,72354,0.0,0.0,2022-11-29
3058,2022-11-30 09:00:00+01:00,227.60000610351562,229.60000610351562,225.10000610351562,228.5,0,0.0,0.0,2022-11-30
3059,2022-11-30 10:00:00+01:00,228.5,229.1999969482422,226.89999389648438,228.0,17575,0.0,0.0,2022-11-30
3060,2022-11-30 11:00:00+01:00,228.10000610351562,228.10000610351562,225.39999389648438,225.39999389648438,85919,0.0,0.0,2022-11-30
3061,2022-11-30 12:00:00+01:00,225.6999969482422,228.6999969482422,225.6999969482422,228.60000610351562,18638,0.0,0.0,2022-11-30
3062,2022-11-30 13:00:00+01:00,228.3000030517578,230.0,228.3000030517578,229.5,16406,0.0,0.0,2022-11-30
3063,2022-11-30 14:00:00+01:00,229.3000030517578,230.3000030517578,227.10000610351562,228.6999969482422,47836,0.0,0.0,2022-11-30
3064,2022-11-30 15:00:00+01:00,228.39999389648438,228.6999969482422,225.3000030517578,227.0,40011,0.0,0.0,2022-11-30
3065,2022-11-30 16:00:00+01:00,227.89999389648438,229.60000610351562,226.10000610351562,227.3000030517578,39903,0.0,0.0,2022-11-30
3066,2022-11-30 17:00:00+01:00,227.3000030517578,230.6999969482422,225.39999389648438,230.6999969482422,1360415,0.0,0.0,2022-11-30
3067,2022-12-01 09:00:00+01:00,238.39999389648438,241.0,234.10000610351562,237.8000030517578,0,0.0,0.0,2022-12-01
3068,2022-12-01 10:00:00+01:00,237.6999969482422,237.6999969482422,233.1999969482422,234.8000030517578,36836,0.0,0.0,2022-12-01
3069,2022-12-01 11:00:00+01:00,234.5,234.6999969482422,231.8000030517578,232.89999389648438,29695,0.0,0.0,2022-12-01
3070,2022-12-01 12:00:00+01:00,232.60000610351562,233.0,230.5,232.10000610351562,22657,0.0,0.0,2022-12-01
3071,2022-12-01 13:00:00+01:00,232.3000030517578,232.6999969482422,231.1999969482422,232.5,11452,0.0,0.0,2022-12-01
3072,2022-12-01 14:00:00+01:00,232.6999969482422,233.3000030517578,231.39999389648438,231.8000030517578,20581,0.0,0.0,2022-12-01
3073,2022-12-01 15:00:00+01:00,231.8000030517578,233.3000030517578,229.1999969482422,229.39999389648438,33315,0.0,0.0,2022-12-01
3074,2022-12-01 16:00:00+01:00,229.5,229.8000030517578,226.39999389648438,227.60000610351562,39322,0.0,0.0,2022-12-01
3075,2022-12-01 17:00:00+01:00,228.1999969482422,229.3000030517578,227.89999389648438,229.3000030517578,125189,0.0,0.0,2022-12-01
3076,2022-12-02 09:00:00+01:00,233.6999969482422,235.3000030517578,227.10000610351562,234.3000030517578,0,0.0,0.0,2022-12-02
3077,2022-12-02 10:00:00+01:00,234.3000030517578,238.0,234.10000610351562,236.6999969482422,14440,0.0,0.0,2022-12-02
3078,2022-12-02 11:00:00+01:00,237.1999969482422,239.10000610351562,236.8000030517578,238.60000610351562,0,0.0,0.0,2022-12-02
3079,2022-12-02 12:00:00+01:00,238.8000030517578,239.39999389648438,237.60000610351562,238.0,76790,0.0,0.0,2022-12-02
3080,2022-12-02 13:00:00+01:00,237.89999389648438,238.1999969482422,237.1999969482422,237.89999389648438,10799,0.0,0.0,2022-12-02
3081,2022-12-02 14:00:00+01:00,238.0,238.6999969482422,232.0,238.10000610351562,112608,0.0,0.0,2022-12-02
3082,2022-12-02 15:00:00+01:00,237.6999969482422,238.60000610351562,236.0,238.39999389648438,35963,0.0,0.0,2022-12-02
3083,2022-12-02 16:00:00+01:00,238.60000610351562,240.0,238.0,238.39999389648438,30385,0.0,0.0,2022-12-02
3084,2022-12-02 17:00:00+01:00,238.1999969482422,238.5,236.39999389648438,236.39999389648438,128976,0.0,0.0,2022-12-02
3085,2022-12-05 09:00:00+01:00,238.0,242.0,237.6999969482422,241.0,0,0.0,0.0,2022-12-05
3086,2022-12-05 10:00:00+01:00,241.0,242.89999389648438,239.8000030517578,242.5,45716,0.0,0.0,2022-12-05
3087,2022-12-05 11:00:00+01:00,242.60000610351562,245.5,242.5,245.0,53527,0.0,0.0,2022-12-05
3088,2022-12-05 12:00:00+01:00,245.0,246.39999389648438,243.89999389648438,245.0,34991,0.0,0.0,2022-12-05
3089,2022-12-05 13:00:00+01:00,244.8000030517578,245.0,243.5,244.5,18608,0.0,0.0,2022-12-05
3090,2022-12-05 14:00:00+01:00,244.5,245.0,243.0,243.6999969482422,25699,0.0,0.0,2022-12-05
3091,2022-12-05 15:00:00+01:00,243.8000030517578,248.0,243.8000030517578,247.39999389648438,53744,0.0,0.0,2022-12-05
3092,2022-12-05 16:00:00+01:00,247.1999969482422,247.1999969482422,241.60000610351562,243.5,98021,0.0,0.0,2022-12-05
3093,2022-12-05 17:00:00+01:00,243.6999969482422,244.5,242.8000030517578,242.8000030517578,101709,0.0,0.0,2022-12-05
3094,2022-12-06 09:00:00+01:00,241.6999969482422,245.60000610351562,241.10000610351562,244.5,0,0.0,0.0,2022-12-06
3095,2022-12-06 10:00:00+01:00,244.1999969482422,246.39999389648438,243.6999969482422,245.3000030517578,20672,0.0,0.0,2022-12-06
3096,2022-12-06 11:00:00+01:00,244.89999389648438,245.0,242.8000030517578,244.10000610351562,19074,0.0,0.0,2022-12-06
3097,2022-12-06 12:00:00+01:00,244.39999389648438,245.39999389648438,243.8000030517578,244.5,14853,0.0,0.0,2022-12-06
3098,2022-12-06 13:00:00+01:00,244.3000030517578,245.3000030517578,243.60000610351562,244.39999389648438,15292,0.0,0.0,2022-12-06
3099,2022-12-06 14:00:00+01:00,244.3000030517578,244.39999389648438,243.10000610351562,243.10000610351562,9789,0.0,0.0,2022-12-06
3100,2022-12-06 15:00:00+01:00,243.10000610351562,243.89999389648438,240.10000610351562,242.5,23713,0.0,0.0,2022-12-06
3101,2022-12-06 16:00:00+01:00,242.3000030517578,242.5,238.89999389648438,240.8000030517578,22004,0.0,0.0,2022-12-06
3102,2022-12-06 17:00:00+01:00,240.89999389648438,241.10000610351562,240.10000610351562,240.60000610351562,0,0.0,0.0,2022-12-06
3103,2022-12-07 09:00:00+01:00,239.89999389648438,240.8000030517578,234.8000030517578,238.0,73822,0.0,0.0,2022-12-07
3104,2022-12-07 10:00:00+01:00,238.0,238.8000030517578,236.8000030517578,238.3000030517578,4853,0.0,0.0,2022-12-07
3105,2022-12-07 11:00:00+01:00,239.0,239.39999389648438,237.8000030517578,239.10000610351562,12954,0.0,0.0,2022-12-07
3106,2022-12-07 12:00:00+01:00,239.39999389648438,240.5,238.6999969482422,238.89999389648438,124487,0.0,0.0,2022-12-07
3107,2022-12-07 13:00:00+01:00,238.5,239.3000030517578,237.89999389648438,238.0,8036,0.0,0.0,2022-12-07
3108,2022-12-07 14:00:00+01:00,238.39999389648438,238.89999389648438,237.10000610351562,238.3000030517578,6075,0.0,0.0,2022-12-07
3109,2022-12-07 15:00:00+01:00,238.10000610351562,240.6999969482422,238.10000610351562,238.89999389648438,15900,0.0,0.0,2022-12-07
3110,2022-12-07 16:00:00+01:00,238.89999389648438,240.5,237.1999969482422,240.1999969482422,14776,0.0,0.0,2022-12-07
3111,2022-12-07 17:00:00+01:00,240.3000030517578,240.60000610351562,238.1999969482422,238.1999969482422,83319,0.0,0.0,2022-12-07
3112,2022-12-08 09:00:00+01:00,238.3000030517578,242.39999389648438,238.1999969482422,238.5,0,0.0,0.0,2022-12-08
3113,2022-12-08 10:00:00+01:00,238.1999969482422,238.5,235.60000610351562,235.8000030517578,13755,0.0,0.0,2022-12-08
3114,2022-12-08 11:00:00+01:00,236.3000030517578,237.0,233.89999389648438,235.10000610351562,18351,0.0,0.0,2022-12-08
3115,2022-12-08 12:00:00+01:00,235.3000030517578,235.6999969482422,234.10000610351562,234.10000610351562,8589,0.0,0.0,2022-12-08
3116,2022-12-08 13:00:00+01:00,233.89999389648438,235.89999389648438,233.5,235.89999389648438,138152,0.0,0.0,2022-12-08
3117,2022-12-08 14:00:00+01:00,236.0,236.89999389648438,234.6999969482422,236.60000610351562,8329,0.0,0.0,2022-12-08
3118,2022-12-08 15:00:00+01:00,236.6999969482422,238.10000610351562,234.8000030517578,237.6999969482422,19501,0.0,0.0,2022-12-08
3119,2022-12-08 16:00:00+01:00,237.6999969482422,240.89999389648438,237.10000610351562,239.0,31516,0.0,0.0,2022-12-08
3120,2022-12-08 17:00:00+01:00,239.3000030517578,239.39999389648438,237.8000030517578,238.0,55298,0.0,0.0,2022-12-08
3121,2022-12-09 09:00:00+01:00,238.0,242.5,236.8000030517578,237.89999389648438,0,0.0,0.0,2022-12-09
3122,2022-12-09 10:00:00+01:00,237.89999389648438,238.8000030517578,237.1999969482422,238.5,9607,0.0,0.0,2022-12-09
3123,2022-12-09 11:00:00+01:00,238.5,239.39999389648438,238.3000030517578,239.39999389648438,8277,0.0,0.0,2022-12-09
3124,2022-12-09 12:00:00+01:00,239.6999969482422,241.3000030517578,239.5,240.8000030517578,6782,0.0,0.0,2022-12-09
3125,2022-12-09 13:00:00+01:00,240.60000610351562,243.10000610351562,240.3000030517578,242.89999389648438,8392,0.0,0.0,2022-12-09
3126,2022-12-09 14:00:00+01:00,243.0,243.0,238.60000610351562,241.5,28813,0.0,0.0,2022-12-09
3127,2022-12-09 15:00:00+01:00,241.5,244.10000610351562,239.6999969482422,243.0,27003,0.0,0.0,2022-12-09
3128,2022-12-09 16:00:00+01:00,243.0,243.89999389648438,241.39999389648438,243.5,95213,0.0,0.0,2022-12-09
3129,2022-12-09 17:00:00+01:00,243.5,243.8000030517578,242.8000030517578,243.39999389648438,83986,0.0,0.0,2022-12-09
3130,2022-12-12 09:00:00+01:00,241.10000610351562,243.3000030517578,237.89999389648438,238.5,0,0.0,0.0,2022-12-12
3131,2022-12-12 10:00:00+01:00,238.89999389648438,241.5,237.89999389648438,240.60000610351562,6496,0.0,0.0,2022-12-12
3132,2022-12-12 11:00:00+01:00,240.89999389648438,242.3000030517578,240.3000030517578,241.60000610351562,3942,0.0,0.0,2022-12-12
3133,2022-12-12 12:00:00+01:00,241.5,242.89999389648438,241.1999969482422,242.60000610351562,7774,0.0,0.0,2022-12-12
3134,2022-12-12 13:00:00+01:00,242.8000030517578,244.8000030517578,242.8000030517578,244.0,14446,0.0,0.0,2022-12-12
3135,2022-12-12 14:00:00+01:00,243.89999389648438,245.60000610351562,243.6999969482422,244.6999969482422,17293,0.0,0.0,2022-12-12
3136,2022-12-12 15:00:00+01:00,244.6999969482422,246.5,244.6999969482422,246.5,15217,0.0,0.0,2022-12-12
3137,2022-12-12 16:00:00+01:00,246.89999389648438,246.89999389648438,242.60000610351562,243.6999969482422,23870,0.0,0.0,2022-12-12
3138,2022-12-12 17:00:00+01:00,243.60000610351562,245.89999389648438,243.3000030517578,245.60000610351562,122875,0.0,0.0,2022-12-12
3139,2022-12-13 09:00:00+01:00,248.0,248.0,242.6999969482422,244.5,0,0.0,0.0,2022-12-13
3140,2022-12-13 10:00:00+01:00,244.1999969482422,245.5,243.39999389648438,244.6999969482422,13097,0.0,0.0,2022-12-13
3141,2022-12-13 11:00:00+01:00,244.8000030517578,246.39999389648438,243.6999969482422,246.39999389648438,11961,0.0,0.0,2022-12-13
3142,2022-12-13 12:00:00+01:00,247.6999969482422,249.89999389648438,247.60000610351562,249.6999969482422,6199,0.0,0.0,2022-12-13
3143,2022-12-13 13:00:00+01:00,250.1999969482422,252.1999969482422,249.39999389648438,252.0,6546,0.0,0.0,2022-12-13
3144,2022-12-13 14:00:00+01:00,251.60000610351562,262.20001220703125,250.60000610351562,258.29998779296875,102760,0.0,0.0,2022-12-13
3145,2022-12-13 15:00:00+01:00,257.79998779296875,263.0,256.8999938964844,262.1000061035156,46602,0.0,0.0,2022-12-13
3146,2022-12-13 16:00:00+01:00,261.79998779296875,261.79998779296875,253.39999389648438,254.3000030517578,45111,0.0,0.0,2022-12-13
3147,2022-12-13 17:00:00+01:00,254.0,254.1999969482422,252.60000610351562,252.89999389648438,108549,0.0,0.0,2022-12-13
3148,2022-12-14 09:00:00+01:00,253.0,256.0,249.3000030517578,256.0,0,0.0,0.0,2022-12-14
3149,2022-12-14 10:00:00+01:00,255.1999969482422,256.3999938964844,252.1999969482422,252.5,42326,0.0,0.0,2022-12-14
3150,2022-12-14 11:00:00+01:00,252.6999969482422,252.6999969482422,250.3000030517578,250.6999969482422,89806,0.0,0.0,2022-12-14
3151,2022-12-14 12:00:00+01:00,250.6999969482422,251.5,248.0,250.5,51465,0.0,0.0,2022-12-14
3152,2022-12-14 13:00:00+01:00,250.5,251.0,249.39999389648438,250.0,3883,0.0,0.0,2022-12-14
3153,2022-12-14 14:00:00+01:00,250.10000610351562,252.8000030517578,249.8000030517578,252.8000030517578,19694,0.0,0.0,2022-12-14
3154,2022-12-14 15:00:00+01:00,252.6999969482422,259.0,252.0,257.79998779296875,72264,0.0,0.0,2022-12-14
3155,2022-12-14 16:00:00+01:00,257.3999938964844,257.3999938964844,254.0,256.70001220703125,28648,0.0,0.0,2022-12-14
3156,2022-12-14 17:00:00+01:00,256.8999938964844,257.3999938964844,256.1000061035156,256.70001220703125,173630,0.0,0.0,2022-12-14
3157,2022-12-15 09:00:00+01:00,248.5,250.8000030517578,246.0,250.10000610351562,0,0.0,0.0,2022-12-15
3158,2022-12-15 10:00:00+01:00,250.0,253.10000610351562,248.60000610351562,250.1999969482422,32112,0.0,0.0,2022-12-15
3159,2022-12-15 11:00:00+01:00,250.1999969482422,254.5,250.1999969482422,253.0,29229,0.0,0.0,2022-12-15
3160,2022-12-15 12:00:00+01:00,252.3000030517578,254.3000030517578,252.3000030517578,252.8000030517578,14461,0.0,0.0,2022-12-15
3161,2022-12-15 13:00:00+01:00,252.8000030517578,253.10000610351562,250.89999389648438,252.8000030517578,14739,0.0,0.0,2022-12-15
3162,2022-12-15 14:00:00+01:00,253.10000610351562,253.10000610351562,245.8000030517578,247.60000610351562,54743,0.0,0.0,2022-12-15
3163,2022-12-15 15:00:00+01:00,247.5,252.1999969482422,246.5,250.5,117486,0.0,0.0,2022-12-15
3164,2022-12-15 16:00:00+01:00,250.1999969482422,250.1999969482422,243.5,243.5,64336,0.0,0.0,2022-12-15
3165,2022-12-15 17:00:00+01:00,243.60000610351562,245.3000030517578,243.60000610351562,244.8000030517578,153324,0.0,0.0,2022-12-15
3166,2022-12-16 09:00:00+01:00,242.6999969482422,246.10000610351562,238.60000610351562,239.89999389648438,0,0.0,0.0,2022-12-16
3167,2022-12-16 10:00:00+01:00,238.8000030517578,240.8000030517578,237.39999389648438,239.8000030517578,90138,0.0,0.0,2022-12-16
3168,2022-12-16 11:00:00+01:00,239.60000610351562,240.10000610351562,237.10000610351562,237.5,92095,0.0,0.0,2022-12-16
3169,2022-12-16 12:00:00+01:00,237.5,240.1999969482422,236.1999969482422,238.8000030517578,11454,0.0,0.0,2022-12-16
3170,2022-12-16 13:00:00+01:00,238.8000030517578,240.0,237.39999389648438,238.8000030517578,8931,0.0,0.0,2022-12-16
3171,2022-12-16 14:00:00+01:00,238.3000030517578,238.3000030517578,235.10000610351562,236.5,74150,0.0,0.0,2022-12-16
3172,2022-12-16 15:00:00+01:00,236.0,237.1999969482422,233.60000610351562,236.5,35963,0.0,0.0,2022-12-16
3173,2022-12-16 16:00:00+01:00,236.8000030517578,236.8000030517578,229.6999969482422,231.8000030517578,38904,0.0,0.0,2022-12-16
3174,2022-12-16 17:00:00+01:00,231.60000610351562,233.89999389648438,231.10000610351562,233.89999389648438,376799,0.0,0.0,2022-12-16
3175,2022-12-19 09:00:00+01:00,233.89999389648438,233.89999389648438,225.6999969482422,226.3000030517578,0,0.0,0.0,2022-12-19
3176,2022-12-19 10:00:00+01:00,226.10000610351562,228.89999389648438,225.0,227.89999389648438,47741,0.0,0.0,2022-12-19
3177,2022-12-19 11:00:00+01:00,228.0,228.6999969482422,227.60000610351562,228.3000030517578,38618,0.0,0.0,2022-12-19
3178,2022-12-19 12:00:00+01:00,228.6999969482422,230.1999969482422,227.39999389648438,228.0,65279,0.0,0.0,2022-12-19
3179,2022-12-19 13:00:00+01:00,227.60000610351562,229.6999969482422,227.39999389648438,228.3000030517578,10534,0.0,0.0,2022-12-19
3180,2022-12-19 14:00:00+01:00,227.89999389648438,228.5,225.60000610351562,226.60000610351562,27559,0.0,0.0,2022-12-19
3181,2022-12-19 15:00:00+01:00,226.60000610351562,227.3000030517578,223.6999969482422,225.6999969482422,35129,0.0,0.0,2022-12-19
3182,2022-12-19 16:00:00+01:00,225.10000610351562,228.1999969482422,224.10000610351562,227.60000610351562,52939,0.0,0.0,2022-12-19
3183,2022-12-19 17:00:00+01:00,227.5,227.60000610351562,226.5,227.60000610351562,101067,0.0,0.0,2022-12-19
3184,2022-12-20 09:00:00+01:00,224.8000030517578,226.0,218.89999389648438,222.0,0,0.0,0.0,2022-12-20
3185,2022-12-20 10:00:00+01:00,222.10000610351562,224.8000030517578,221.89999389648438,224.3000030517578,14684,0.0,0.0,2022-12-20
3186,2022-12-20 11:00:00+01:00,224.3000030517578,225.10000610351562,223.0,224.5,5573,0.0,0.0,2022-12-20
3187,2022-12-20 12:00:00+01:00,224.6999969482422,225.3000030517578,224.1999969482422,225.1999969482422,6552,0.0,0.0,2022-12-20
3188,2022-12-20 13:00:00+01:00,225.5,226.0,224.6999969482422,224.89999389648438,7402,0.0,0.0,2022-12-20
3189,2022-12-20 14:00:00+01:00,225.0,227.5,224.6999969482422,225.5,31166,0.0,0.0,2022-12-20
3190,2022-12-20 15:00:00+01:00,225.39999389648438,227.1999969482422,224.8000030517578,226.3000030517578,34930,0.0,0.0,2022-12-20
3191,2022-12-20 16:00:00+01:00,226.60000610351562,229.10000610351562,226.3000030517578,227.0,22915,0.0,0.0,2022-12-20
3192,2022-12-20 17:00:00+01:00,227.0,227.8000030517578,226.8000030517578,227.1999969482422,73185,0.0,0.0,2022-12-20
3193,2022-12-21 09:00:00+01:00,227.1999969482422,232.6999969482422,227.1999969482422,231.10000610351562,0,0.0,0.0,2022-12-21
3194,2022-12-21 10:00:00+01:00,231.0,231.10000610351562,229.0,229.5,10040,0.0,0.0,2022-12-21
3195,2022-12-21 11:00:00+01:00,229.60000610351562,230.6999969482422,228.8000030517578,230.10000610351562,7919,0.0,0.0,2022-12-21
3196,2022-12-21 12:00:00+01:00,229.6999969482422,231.39999389648438,229.60000610351562,231.1999969482422,12612,0.0,0.0,2022-12-21
3197,2022-12-21 13:00:00+01:00,231.39999389648438,232.5,230.89999389648438,232.5,14007,0.0,0.0,2022-12-21
3198,2022-12-21 14:00:00+01:00,232.5,234.10000610351562,232.3000030517578,233.60000610351562,38054,0.0,0.0,2022-12-21
3199,2022-12-21 15:00:00+01:00,233.6999969482422,233.89999389648438,230.3000030517578,232.0,18102,0.0,0.0,2022-12-21
3200,2022-12-21 16:00:00+01:00,232.0,236.10000610351562,231.60000610351562,235.3000030517578,20160,0.0,0.0,2022-12-21
3201,2022-12-21 17:00:00+01:00,235.8000030517578,235.8000030517578,234.3000030517578,234.3000030517578,84505,0.0,0.0,2022-12-21
3202,2022-12-22 09:00:00+01:00,233.8000030517578,235.6999969482422,231.89999389648438,232.89999389648438,0,0.0,0.0,2022-12-22
3203,2022-12-22 10:00:00+01:00,232.89999389648438,235.5,231.60000610351562,234.89999389648438,15232,0.0,0.0,2022-12-22
3204,2022-12-22 11:00:00+01:00,234.6999969482422,235.60000610351562,233.89999389648438,235.1999969482422,12536,0.0,0.0,2022-12-22
3205,2022-12-22 12:00:00+01:00,235.10000610351562,235.60000610351562,234.1999969482422,234.6999969482422,8537,0.0,0.0,2022-12-22
3206,2022-12-22 13:00:00+01:00,234.6999969482422,234.8000030517578,233.6999969482422,234.60000610351562,8893,0.0,0.0,2022-12-22
3207,2022-12-22 14:00:00+01:00,234.6999969482422,237.0,231.5,232.0,20333,0.0,0.0,2022-12-22
3208,2022-12-22 15:00:00+01:00,231.89999389648438,232.60000610351562,230.60000610351562,231.6999969482422,26306,0.0,0.0,2022-12-22
3209,2022-12-22 16:00:00+01:00,231.39999389648438,233.0,230.6999969482422,232.10000610351562,10385,0.0,0.0,2022-12-22
3210,2022-12-22 17:00:00+01:00,231.89999389648438,233.39999389648438,231.89999389648438,232.39999389648438,48385,0.0,0.0,2022-12-22
3211,2022-12-23 09:00:00+01:00,233.8000030517578,236.8000030517578,231.89999389648438,235.8000030517578,0,0.0,0.0,2022-12-23
3212,2022-12-23 10:00:00+01:00,235.60000610351562,238.5,235.60000610351562,237.8000030517578,25664,0.0,0.0,2022-12-23
3213,2022-12-23 11:00:00+01:00,237.3000030517578,239.1999969482422,237.0,238.3000030517578,23968,0.0,0.0,2022-12-23
3214,2022-12-23 12:00:00+01:00,238.5,239.8000030517578,238.3000030517578,238.5,9705,0.0,0.0,2022-12-23
3215,2022-12-27 09:00:00+01:00,240.0,245.6999969482422,239.10000610351562,240.0,0,0.0,0.0,2022-12-27
3216,2022-12-27 10:00:00+01:00,239.60000610351562,240.1999969482422,236.89999389648438,240.10000610351562,13809,0.0,0.0,2022-12-27
3217,2022-12-27 11:00:00+01:00,240.5,240.5,238.5,239.6999969482422,13249,0.0,0.0,2022-12-27
3218,2022-12-27 12:00:00+01:00,239.39999389648438,241.8000030517578,238.89999389648438,241.8000030517578,0,0.0,0.0,2022-12-27
3219,2022-12-27 13:00:00+01:00,241.6999969482422,242.0,239.10000610351562,239.3000030517578,66506,0.0,0.0,2022-12-27
3220,2022-12-27 14:00:00+01:00,239.10000610351562,240.10000610351562,237.60000610351562,238.10000610351562,11327,0.0,0.0,2022-12-27
3221,2022-12-27 15:00:00+01:00,238.3000030517578,239.6999969482422,236.60000610351562,236.8000030517578,54129,0.0,0.0,2022-12-27
3222,2022-12-27 16:00:00+01:00,236.60000610351562,239.8000030517578,236.39999389648438,238.6999969482422,10902,0.0,0.0,2022-12-27
3223,2022-12-27 17:00:00+01:00,239.0,240.10000610351562,239.0,239.3000030517578,30089,0.0,0.0,2022-12-27
3224,2022-12-28 09:00:00+01:00,238.10000610351562,241.0,238.0,239.39999389648438,0,0.0,0.0,2022-12-28
3225,2022-12-28 10:00:00+01:00,239.8000030517578,241.0,238.39999389648438,239.0,5219,0.0,0.0,2022-12-28
3226,2022-12-28 11:00:00+01:00,239.1999969482422,243.5,239.10000610351562,241.10000610351562,9067,0.0,0.0,2022-12-28
3227,2022-12-28 12:00:00+01:00,241.3000030517578,241.6999969482422,240.39999389648438,241.0,6802,0.0,0.0,2022-12-28
3228,2022-12-28 13:00:00+01:00,241.0,241.60000610351562,240.6999969482422,240.8000030517578,2921,0.0,0.0,2022-12-28
3229,2022-12-28 14:00:00+01:00,240.89999389648438,241.0,238.6999969482422,238.6999969482422,5880,0.0,0.0,2022-12-28
3230,2022-12-28 15:00:00+01:00,239.0,240.0,238.0,239.39999389648438,15899,0.0,0.0,2022-12-28
3231,2022-12-28 16:00:00+01:00,239.60000610351562,239.6999969482422,236.6999969482422,236.6999969482422,60334,0.0,0.0,2022-12-28
3232,2022-12-28 17:00:00+01:00,236.89999389648438,237.89999389648438,236.89999389648438,237.8000030517578,28818,0.0,0.0,2022-12-28
3233,2022-12-29 09:00:00+01:00,237.8000030517578,239.5,235.3000030517578,236.39999389648438,0,0.0,0.0,2022-12-29
3234,2022-12-29 10:00:00+01:00,236.3000030517578,238.1999969482422,235.0,238.10000610351562,5648,0.0,0.0,2022-12-29
3235,2022-12-29 11:00:00+01:00,237.6999969482422,239.0,237.5,237.5,16409,0.0,0.0,2022-12-29
3236,2022-12-29 12:00:00+01:00,237.39999389648438,237.39999389648438,236.1999969482422,236.3000030517578,2972,0.0,0.0,2022-12-29
3237,2022-12-29 13:00:00+01:00,236.0,237.0,236.0,236.6999969482422,5442,0.0,0.0,2022-12-29
3238,2022-12-29 14:00:00+01:00,236.8000030517578,238.3000030517578,236.8000030517578,238.0,17903,0.0,0.0,2022-12-29
3239,2022-12-29 15:00:00+01:00,237.89999389648438,240.0,237.8000030517578,239.60000610351562,7481,0.0,0.0,2022-12-29
3240,2022-12-29 16:00:00+01:00,239.60000610351562,241.8000030517578,239.1999969482422,241.8000030517578,13311,0.0,0.0,2022-12-29
3241,2022-12-29 17:00:00+01:00,241.3000030517578,242.3000030517578,240.89999389648438,242.3000030517578,46856,0.0,0.0,2022-12-29
3242,2022-12-30 09:00:00+01:00,242.5,245.0,240.60000610351562,241.10000610351562,0,0.0,0.0,2022-12-30
3243,2022-12-30 10:00:00+01:00,241.10000610351562,242.1999969482422,240.1999969482422,242.1999969482422,3665,0.0,0.0,2022-12-30
3244,2022-12-30 11:00:00+01:00,242.0,243.1999969482422,241.3000030517578,241.3000030517578,5354,0.0,0.0,2022-12-30
3245,2022-12-30 12:00:00+01:00,241.60000610351562,243.0,241.10000610351562,242.8000030517578,5539,0.0,0.0,2022-12-30
3246,2023-01-02 09:00:00+01:00,238.89999389648438,244.8000030517578,238.89999389648438,244.6999969482422,0,0.0,0.0,2023-01-02
3247,2023-01-02 10:00:00+01:00,244.5,244.6999969482422,242.60000610351562,243.1999969482422,5282,0.0,0.0,2023-01-02
3248,2023-01-02 11:00:00+01:00,243.39999389648438,244.6999969482422,243.39999389648438,244.0,2585,0.0,0.0,2023-01-02
3249,2023-01-02 12:00:00+01:00,244.0,246.1999969482422,244.0,245.89999389648438,23281,0.0,0.0,2023-01-02
3250,2023-01-02 13:00:00+01:00,245.89999389648438,246.89999389648438,244.6999969482422,245.10000610351562,11821,0.0,0.0,2023-01-02
3251,2023-01-02 14:00:00+01:00,244.89999389648438,245.3000030517578,242.6999969482422,242.8000030517578,14858,0.0,0.0,2023-01-02
3252,2023-01-02 15:00:00+01:00,242.8000030517578,242.89999389648438,241.5,241.5,3498,0.0,0.0,2023-01-02
3253,2023-01-02 16:00:00+01:00,241.39999389648438,242.6999969482422,241.10000610351562,242.0,4625,0.0,0.0,2023-01-02
3254,2023-01-02 17:00:00+01:00,241.60000610351562,242.89999389648438,241.3000030517578,242.89999389648438,24831,0.0,0.0,2023-01-02
3255,2023-01-03 09:00:00+01:00,242.89999389648438,247.0,242.3000030517578,246.8000030517578,0,0.0,0.0,2023-01-03
3256,2023-01-03 10:00:00+01:00,246.89999389648438,249.0,246.10000610351562,249.0,6602,0.0,0.0,2023-01-03
3257,2023-01-03 11:00:00+01:00,248.8000030517578,249.39999389648438,246.8000030517578,248.8000030517578,9300,0.0,0.0,2023-01-03
3258,2023-01-03 12:00:00+01:00,248.8000030517578,249.10000610351562,246.3000030517578,246.39999389648438,13795,0.0,0.0,2023-01-03
3259,2023-01-03 13:00:00+01:00,246.0,248.0,246.0,248.0,6386,0.0,0.0,2023-01-03
3260,2023-01-03 14:00:00+01:00,248.0,250.60000610351562,248.0,249.5,16945,0.0,0.0,2023-01-03
3261,2023-01-03 15:00:00+01:00,249.60000610351562,252.10000610351562,248.8000030517578,249.10000610351562,26927,0.0,0.0,2023-01-03
3262,2023-01-03 16:00:00+01:00,249.1999969482422,249.1999969482422,246.3000030517578,248.1999969482422,15822,0.0,0.0,2023-01-03
3263,2023-01-03 17:00:00+01:00,248.6999969482422,248.6999969482422,247.39999389648438,247.6999969482422,75990,0.0,0.0,2023-01-03
3264,2023-01-04 09:00:00+01:00,247.6999969482422,248.6999969482422,244.6999969482422,247.8000030517578,0,0.0,0.0,2023-01-04
3265,2023-01-04 10:00:00+01:00,247.89999389648438,249.1999969482422,246.3000030517578,247.6999969482422,13333,0.0,0.0,2023-01-04
3266,2023-01-04 11:00:00+01:00,248.10000610351562,250.10000610351562,248.10000610351562,250.0,12002,0.0,0.0,2023-01-04
3267,2023-01-04 12:00:00+01:00,249.8000030517578,250.5,248.8000030517578,250.0,7924,0.0,0.0,2023-01-04
3268,2023-01-04 13:00:00+01:00,250.10000610351562,250.6999969482422,249.39999389648438,249.5,7037,0.0,0.0,2023-01-04
3269,2023-01-04 14:00:00+01:00,249.39999389648438,253.0,249.3000030517578,252.8000030517578,13395,0.0,0.0,2023-01-04
3270,2023-01-04 15:00:00+01:00,252.60000610351562,256.3999938964844,252.39999389648438,254.89999389648438,41329,0.0,0.0,2023-01-04
3271,2023-01-04 16:00:00+01:00,254.89999389648438,256.3999938964844,253.8000030517578,256.1000061035156,29561,0.0,0.0,2023-01-04
3272,2023-01-04 17:00:00+01:00,256.0,257.0,254.8000030517578,257.0,109673,0.0,0.0,2023-01-04
3273,2023-01-05 09:00:00+01:00,257.0,258.29998779296875,253.89999389648438,257.3999938964844,0,0.0,0.0,2023-01-05
3274,2023-01-05 10:00:00+01:00,257.5,258.5,254.0,254.6999969482422,15733,0.0,0.0,2023-01-05
3275,2023-01-05 11:00:00+01:00,254.39999389648438,254.39999389648438,252.10000610351562,252.1999969482422,22986,0.0,0.0,2023-01-05
3276,2023-01-05 12:00:00+01:00,252.3000030517578,252.60000610351562,251.0,251.0,106658,0.0,0.0,2023-01-05
3277,2023-01-09 09:00:00+01:00,256.0,259.8999938964844,248.10000610351562,251.0,0,0.0,0.0,2023-01-09
3278,2023-01-09 10:00:00+01:00,251.5,253.10000610351562,251.3000030517578,252.0,14984,0.0,0.0,2023-01-09
3279,2023-01-09 11:00:00+01:00,251.60000610351562,254.8000030517578,251.3000030517578,253.10000610351562,21444,0.0,0.0,2023-01-09
3280,2023-01-09 12:00:00+01:00,253.0,253.60000610351562,252.0,252.8000030517578,8197,0.0,0.0,2023-01-09
3281,2023-01-09 13:00:00+01:00,252.6999969482422,254.39999389648438,252.60000610351562,254.39999389648438,6309,0.0,0.0,2023-01-09
3282,2023-01-09 14:00:00+01:00,254.0,254.10000610351562,253.0,253.39999389648438,8734,0.0,0.0,2023-01-09
3283,2023-01-09 15:00:00+01:00,253.0,256.29998779296875,253.0,255.8000030517578,16377,0.0,0.0,2023-01-09
3284,2023-01-09 16:00:00+01:00,255.60000610351562,257.3999938964844,255.1999969482422,256.20001220703125,21642,0.0,0.0,2023-01-09
3285,2023-01-09 17:00:00+01:00,256.1000061035156,257.20001220703125,255.5,257.20001220703125,73531,0.0,0.0,2023-01-09
3286,2023-01-10 09:00:00+01:00,254.5,258.79998779296875,253.39999389648438,257.70001220703125,0,0.0,0.0,2023-01-10
3287,2023-01-10 10:00:00+01:00,257.79998779296875,260.8999938964844,257.79998779296875,260.70001220703125,18448,0.0,0.0,2023-01-10
3288,2023-01-10 11:00:00+01:00,260.6000061035156,262.29998779296875,259.70001220703125,262.0,9796,0.0,0.0,2023-01-10
3289,2023-01-10 12:00:00+01:00,262.20001220703125,262.29998779296875,260.8999938964844,261.8999938964844,7814,0.0,0.0,2023-01-10
3290,2023-01-10 13:00:00+01:00,261.70001220703125,261.70001220703125,259.6000061035156,260.5,10379,0.0,0.0,2023-01-10
3291,2023-01-10 14:00:00+01:00,260.29998779296875,261.1000061035156,259.79998779296875,260.3999938964844,18799,0.0,0.0,2023-01-10
3292,2023-01-10 15:00:00+01:00,260.5,261.5,259.20001220703125,261.1000061035156,23824,0.0,0.0,2023-01-10
3293,2023-01-10 16:00:00+01:00,261.0,262.70001220703125,260.5,261.8999938964844,20075,0.0,0.0,2023-01-10
3294,2023-01-10 17:00:00+01:00,261.79998779296875,262.29998779296875,261.5,262.29998779296875,65626,0.0,0.0,2023-01-10
3295,2023-01-11 09:00:00+01:00,262.29998779296875,266.5,262.29998779296875,266.1000061035156,0,0.0,0.0,2023-01-11
3296,2023-01-11 10:00:00+01:00,266.0,269.20001220703125,266.0,268.79998779296875,43263,0.0,0.0,2023-01-11
3297,2023-01-11 11:00:00+01:00,268.70001220703125,269.5,267.8999938964844,269.5,9423,0.0,0.0,2023-01-11
3298,2023-01-11 12:00:00+01:00,269.5,270.0,267.70001220703125,270.0,5849,0.0,0.0,2023-01-11
3299,2023-01-11 13:00:00+01:00,270.0,273.20001220703125,269.79998779296875,272.20001220703125,30537,0.0,0.0,2023-01-11
3300,2023-01-11 14:00:00+01:00,272.3999938964844,273.20001220703125,270.1000061035156,270.20001220703125,26282,0.0,0.0,2023-01-11
3301,2023-01-11 15:00:00+01:00,269.8999938964844,271.70001220703125,269.20001220703125,271.6000061035156,21264,0.0,0.0,2023-01-11
3302,2023-01-11 16:00:00+01:00,271.5,274.6000061035156,271.5,273.6000061035156,28704,0.0,0.0,2023-01-11
3303,2023-01-11 17:00:00+01:00,273.70001220703125,275.79998779296875,272.8999938964844,275.79998779296875,145639,0.0,0.0,2023-01-11
3304,2023-01-12 09:00:00+01:00,276.3999938964844,278.3999938964844,269.5,277.29998779296875,0,0.0,0.0,2023-01-12
3305,2023-01-12 10:00:00+01:00,277.20001220703125,277.79998779296875,274.1000061035156,274.5,9511,0.0,0.0,2023-01-12
3306,2023-01-12 11:00:00+01:00,274.70001220703125,275.0,271.5,274.3999938964844,19739,0.0,0.0,2023-01-12
3307,2023-01-12 12:00:00+01:00,274.3999938964844,275.0,273.8999938964844,274.6000061035156,5166,0.0,0.0,2023-01-12
3308,2023-01-12 13:00:00+01:00,274.5,275.1000061035156,273.8999938964844,274.0,29630,0.0,0.0,2023-01-12
3309,2023-01-12 14:00:00+01:00,274.0,275.5,266.3999938964844,273.8999938964844,99882,0.0,0.0,2023-01-12
3310,2023-01-12 15:00:00+01:00,274.0,276.79998779296875,272.3999938964844,274.79998779296875,102922,0.0,0.0,2023-01-12
3311,2023-01-12 16:00:00+01:00,274.8999938964844,275.0,273.0,274.20001220703125,21393,0.0,0.0,2023-01-12
3312,2023-01-12 17:00:00+01:00,274.1000061035156,275.0,273.1000061035156,275.0,84880,0.0,0.0,2023-01-12
3313,2023-01-13 09:00:00+01:00,273.79998779296875,274.0,265.6000061035156,272.8999938964844,0,0.0,0.0,2023-01-13
3314,2023-01-13 10:00:00+01:00,272.6000061035156,274.70001220703125,270.3999938964844,273.0,14651,0.0,0.0,2023-01-13
3315,2023-01-13 11:00:00+01:00,272.6000061035156,274.0,271.6000061035156,273.0,12271,0.0,0.0,2023-01-13
3316,2023-01-13 12:00:00+01:00,272.8999938964844,273.79998779296875,270.6000061035156,271.0,9454,0.0,0.0,2023-01-13
3317,2023-01-13 13:00:00+01:00,271.20001220703125,272.0,269.70001220703125,270.1000061035156,20919,0.0,0.0,2023-01-13
3318,2023-01-13 14:00:00+01:00,270.0,270.1000061035156,267.70001220703125,268.0,23063,0.0,0.0,2023-01-13
3319,2023-01-13 15:00:00+01:00,268.0,269.5,267.0,268.8999938964844,24831,0.0,0.0,2023-01-13
3320,2023-01-13 16:00:00+01:00,268.70001220703125,271.6000061035156,268.3999938964844,269.79998779296875,24603,0.0,0.0,2023-01-13
3321,2023-01-13 17:00:00+01:00,269.70001220703125,270.0,268.20001220703125,269.6000061035156,73942,0.0,0.0,2023-01-13
3322,2023-01-16 09:00:00+01:00,272.3999938964844,272.3999938964844,269.1000061035156,271.79998779296875,0,0.0,0.0,2023-01-16
3323,2023-01-16 10:00:00+01:00,272.20001220703125,275.79998779296875,271.0,275.79998779296875,10280,0.0,0.0,2023-01-16
3324,2023-01-16 11:00:00+01:00,275.70001220703125,276.79998779296875,275.3999938964844,276.5,7738,0.0,0.0,2023-01-16
3325,2023-01-16 12:00:00+01:00,276.5,277.1000061035156,275.20001220703125,277.1000061035156,10493,0.0,0.0,2023-01-16
3326,2023-01-16 13:00:00+01:00,277.29998779296875,278.6000061035156,277.1000061035156,278.5,12238,0.0,0.0,2023-01-16
3327,2023-01-16 14:00:00+01:00,278.20001220703125,278.79998779296875,277.1000061035156,278.6000061035156,17278,0.0,0.0,2023-01-16
3328,2023-01-16 15:00:00+01:00,278.79998779296875,280.5,278.3999938964844,279.6000061035156,10886,0.0,0.0,2023-01-16
3329,2023-01-16 16:00:00+01:00,279.6000061035156,280.0,277.3999938964844,277.8999938964844,13667,0.0,0.0,2023-01-16
3330,2023-01-16 17:00:00+01:00,277.70001220703125,277.79998779296875,276.5,277.79998779296875,51784,0.0,0.0,2023-01-16
3331,2023-01-17 09:00:00+01:00,277.79998779296875,279.79998779296875,275.0,276.8999938964844,0,0.0,0.0,2023-01-17
3332,2023-01-17 10:00:00+01:00,276.5,276.5,272.5,272.6000061035156,39322,0.0,0.0,2023-01-17
3333,2023-01-17 11:00:00+01:00,272.5,272.5,270.5,271.8999938964844,13313,0.0,0.0,2023-01-17
3334,2023-01-17 12:00:00+01:00,271.70001220703125,272.29998779296875,270.0,271.0,19683,0.0,0.0,2023-01-17
3335,2023-01-17 13:00:00+01:00,270.70001220703125,271.29998779296875,269.29998779296875,269.8999938964844,9982,0.0,0.0,2023-01-17
3336,2023-01-17 14:00:00+01:00,269.70001220703125,269.70001220703125,268.0,269.3999938964844,25350,0.0,0.0,2023-01-17
3337,2023-01-17 15:00:00+01:00,269.70001220703125,270.29998779296875,268.29998779296875,270.0,27360,0.0,0.0,2023-01-17
3338,2023-01-17 16:00:00+01:00,270.20001220703125,275.3999938964844,270.20001220703125,271.8999938964844,54830,0.0,0.0,2023-01-17
3339,2023-01-17 17:00:00+01:00,272.0,272.20001220703125,270.20001220703125,272.20001220703125,96784,0.0,0.0,2023-01-17
3340,2023-01-18 09:00:00+01:00,273.0,273.3999938964844,265.79998779296875,266.79998779296875,0,0.0,0.0,2023-01-18
3341,2023-01-18 10:00:00+01:00,266.3999938964844,268.8999938964844,266.20001220703125,267.20001220703125,25085,0.0,0.0,2023-01-18
3342,2023-01-18 11:00:00+01:00,267.1000061035156,267.79998779296875,264.5,265.6000061035156,39575,0.0,0.0,2023-01-18
3343,2023-01-18 12:00:00+01:00,266.0,267.0,265.70001220703125,266.20001220703125,16429,0.0,0.0,2023-01-18
3344,2023-01-18 13:00:00+01:00,266.20001220703125,266.6000061035156,265.1000061035156,265.8999938964844,13312,0.0,0.0,2023-01-18
3345,2023-01-18 14:00:00+01:00,266.0,270.0,265.79998779296875,268.0,36647,0.0,0.0,2023-01-18
3346,2023-01-18 15:00:00+01:00,267.79998779296875,273.3999938964844,267.70001220703125,272.8999938964844,44881,0.0,0.0,2023-01-18
3347,2023-01-18 16:00:00+01:00,272.70001220703125,272.70001220703125,265.20001220703125,265.79998779296875,24875,0.0,0.0,2023-01-18
3348,2023-01-18 17:00:00+01:00,266.0,266.0,262.79998779296875,264.20001220703125,143385,0.0,0.0,2023-01-18
3349,2023-01-19 09:00:00+01:00,262.29998779296875,264.6000061035156,258.8999938964844,262.6000061035156,0,0.0,0.0,2023-01-19
3350,2023-01-19 10:00:00+01:00,262.20001220703125,262.70001220703125,259.8999938964844,261.70001220703125,35235,0.0,0.0,2023-01-19
3351,2023-01-19 11:00:00+01:00,261.8999938964844,263.29998779296875,259.20001220703125,259.5,17063,0.0,0.0,2023-01-19
3352,2023-01-19 12:00:00+01:00,259.3999938964844,259.70001220703125,257.29998779296875,257.70001220703125,15442,0.0,0.0,2023-01-19
3353,2023-01-19 13:00:00+01:00,257.8999938964844,259.29998779296875,256.8999938964844,257.3999938964844,15281,0.0,0.0,2023-01-19
3354,2023-01-19 14:00:00+01:00,257.3999938964844,259.3999938964844,255.5,259.3999938964844,15691,0.0,0.0,2023-01-19
3355,2023-01-19 15:00:00+01:00,259.5,261.0,257.6000061035156,260.8999938964844,29434,0.0,0.0,2023-01-19
3356,2023-01-19 16:00:00+01:00,260.79998779296875,260.79998779296875,255.0,255.0,54228,0.0,0.0,2023-01-19
3357,2023-01-19 17:00:00+01:00,255.1999969482422,255.3000030517578,253.89999389648438,254.6999969482422,151077,0.0,0.0,2023-01-19
3358,2023-01-20 09:00:00+01:00,256.3999938964844,260.70001220703125,254.60000610351562,259.1000061035156,0,0.0,0.0,2023-01-20
3359,2023-01-20 10:00:00+01:00,259.3999938964844,260.6000061035156,258.3999938964844,259.70001220703125,24207,0.0,0.0,2023-01-20
3360,2023-01-20 11:00:00+01:00,259.3999938964844,259.8999938964844,258.0,258.3999938964844,24445,0.0,0.0,2023-01-20
3361,2023-01-20 12:00:00+01:00,258.20001220703125,258.20001220703125,256.1000061035156,257.8999938964844,18871,0.0,0.0,2023-01-20
3362,2023-01-20 13:00:00+01:00,258.1000061035156,259.3999938964844,257.5,258.20001220703125,5644,0.0,0.0,2023-01-20
3363,2023-01-20 14:00:00+01:00,258.8999938964844,258.8999938964844,254.6999969482422,255.0,10422,0.0,0.0,2023-01-20
3364,2023-01-20 15:00:00+01:00,254.8000030517578,258.1000061035156,254.0,257.0,27123,0.0,0.0,2023-01-20
3365,2023-01-20 16:00:00+01:00,257.0,259.20001220703125,256.70001220703125,257.6000061035156,10052,0.0,0.0,2023-01-20
3366,2023-01-20 17:00:00+01:00,257.6000061035156,260.0,257.29998779296875,259.79998779296875,68632,0.0,0.0,2023-01-20
3367,2023-01-23 09:00:00+01:00,260.0,265.5,260.0,262.5,0,0.0,0.0,2023-01-23
3368,2023-01-23 10:00:00+01:00,261.79998779296875,264.1000061035156,261.79998779296875,263.70001220703125,8351,0.0,0.0,2023-01-23
3369,2023-01-23 11:00:00+01:00,263.6000061035156,264.29998779296875,262.8999938964844,264.29998779296875,8298,0.0,0.0,2023-01-23
3370,2023-01-23 12:00:00+01:00,264.3999938964844,264.3999938964844,262.0,262.0,9177,0.0,0.0,2023-01-23
3371,2023-01-23 13:00:00+01:00,262.0,263.1000061035156,261.79998779296875,262.3999938964844,65113,0.0,0.0,2023-01-23
3372,2023-01-23 14:00:00+01:00,262.5,263.0,261.29998779296875,261.5,7121,0.0,0.0,2023-01-23
3373,2023-01-23 15:00:00+01:00,261.29998779296875,262.29998779296875,260.20001220703125,261.3999938964844,13261,0.0,0.0,2023-01-23
3374,2023-01-23 16:00:00+01:00,261.3999938964844,265.0,261.3999938964844,264.8999938964844,15431,0.0,0.0,2023-01-23
3375,2023-01-23 17:00:00+01:00,264.5,265.1000061035156,264.20001220703125,264.8999938964844,62782,0.0,0.0,2023-01-23
3376,2023-01-24 09:00:00+01:00,267.5,267.6000061035156,263.0,265.8999938964844,0,0.0,0.0,2023-01-24
3377,2023-01-24 10:00:00+01:00,266.0,266.1000061035156,264.0,264.70001220703125,80304,0.0,0.0,2023-01-24
3378,2023-01-24 11:00:00+01:00,264.3999938964844,265.3999938964844,262.79998779296875,265.3999938964844,30284,0.0,0.0,2023-01-24
3379,2023-01-24 12:00:00+01:00,264.8999938964844,265.0,263.5,264.5,2987,0.0,0.0,2023-01-24
3380,2023-01-24 13:00:00+01:00,264.20001220703125,264.8999938964844,263.5,264.3999938964844,6543,0.0,0.0,2023-01-24
3381,2023-01-24 14:00:00+01:00,264.0,265.0,262.70001220703125,263.20001220703125,10261,0.0,0.0,2023-01-24
3382,2023-01-24 15:00:00+01:00,263.1000061035156,265.29998779296875,263.1000061035156,265.0,14739,0.0,0.0,2023-01-24
3383,2023-01-24 16:00:00+01:00,265.0,266.8999938964844,264.8999938964844,266.1000061035156,9255,0.0,0.0,2023-01-24
3384,2023-01-24 17:00:00+01:00,266.0,266.1000061035156,265.20001220703125,265.6000061035156,47566,0.0,0.0,2023-01-24
3385,2023-01-25 09:00:00+01:00,267.6000061035156,268.0,264.0,267.29998779296875,0,0.0,0.0,2023-01-25
3386,2023-01-25 10:00:00+01:00,267.6000061035156,267.8999938964844,264.20001220703125,265.5,8478,0.0,0.0,2023-01-25
3387,2023-01-25 11:00:00+01:00,265.20001220703125,265.70001220703125,263.0,264.6000061035156,5424,0.0,0.0,2023-01-25
3388,2023-01-25 12:00:00+01:00,264.29998779296875,264.8999938964844,263.8999938964844,264.6000061035156,4752,0.0,0.0,2023-01-25
3389,2023-01-25 13:00:00+01:00,264.29998779296875,264.5,263.5,263.6000061035156,4484,0.0,0.0,2023-01-25
3390,2023-01-25 14:00:00+01:00,263.3999938964844,263.79998779296875,262.3999938964844,262.70001220703125,6692,0.0,0.0,2023-01-25
3391,2023-01-25 15:00:00+01:00,263.3999938964844,265.3999938964844,263.0,264.1000061035156,18639,0.0,0.0,2023-01-25
3392,2023-01-25 16:00:00+01:00,264.1000061035156,265.29998779296875,263.29998779296875,265.20001220703125,9699,0.0,0.0,2023-01-25
3393,2023-01-25 17:00:00+01:00,265.5,265.8999938964844,264.8999938964844,265.79998779296875,39553,0.0,0.0,2023-01-25
3394,2023-01-26 09:00:00+01:00,266.0,268.3999938964844,262.3999938964844,262.3999938964844,0,0.0,0.0,2023-01-26
3395,2023-01-26 10:00:00+01:00,262.5,263.79998779296875,262.20001220703125,263.0,14365,0.0,0.0,2023-01-26
3396,2023-01-26 11:00:00+01:00,262.8999938964844,263.20001220703125,262.0,263.1000061035156,4669,0.0,0.0,2023-01-26
3397,2023-01-26 12:00:00+01:00,263.0,267.3999938964844,262.20001220703125,267.20001220703125,13401,0.0,0.0,2023-01-26
3398,2023-01-26 13:00:00+01:00,267.29998779296875,268.1000061035156,266.8999938964844,267.3999938964844,40453,0.0,0.0,2023-01-26
3399,2023-01-26 14:00:00+01:00,267.6000061035156,267.6000061035156,265.6000061035156,266.1000061035156,66693,0.0,0.0,2023-01-26
3400,2023-01-26 15:00:00+01:00,266.3999938964844,266.5,263.6000061035156,264.70001220703125,8011,0.0,0.0,2023-01-26
3401,2023-01-26 16:00:00+01:00,264.70001220703125,265.8999938964844,263.79998779296875,264.20001220703125,12878,0.0,0.0,2023-01-26
3402,2023-01-26 17:00:00+01:00,264.3999938964844,265.70001220703125,264.1000061035156,265.70001220703125,70260,0.0,0.0,2023-01-26
3403,2023-01-27 09:00:00+01:00,265.70001220703125,268.29998779296875,264.1000061035156,267.6000061035156,0,0.0,0.0,2023-01-27
3404,2023-01-27 10:00:00+01:00,267.20001220703125,267.6000061035156,265.8999938964844,266.70001220703125,5063,0.0,0.0,2023-01-27
3405,2023-01-27 11:00:00+01:00,266.20001220703125,268.3999938964844,265.8999938964844,268.1000061035156,110613,0.0,0.0,2023-01-27
3406,2023-01-27 12:00:00+01:00,268.20001220703125,269.3999938964844,267.3999938964844,268.8999938964844,4917,0.0,0.0,2023-01-27
3407,2023-01-27 13:00:00+01:00,269.0,269.8999938964844,268.0,268.79998779296875,6273,0.0,0.0,2023-01-27
3408,2023-01-27 14:00:00+01:00,268.3999938964844,270.20001220703125,268.1000061035156,268.70001220703125,14273,0.0,0.0,2023-01-27
3409,2023-01-27 15:00:00+01:00,268.8999938964844,270.6000061035156,268.6000061035156,270.0,7072,0.0,0.0,2023-01-27
3410,2023-01-27 16:00:00+01:00,270.1000061035156,272.20001220703125,269.8999938964844,270.79998779296875,13572,0.0,0.0,2023-01-27
3411,2023-01-27 17:00:00+01:00,270.79998779296875,271.79998779296875,270.79998779296875,271.79998779296875,76150,0.0,0.0,2023-01-27
3412,2023-01-30 09:00:00+01:00,271.79998779296875,271.79998779296875,264.5,264.5,0,0.0,0.0,2023-01-30
3413,2023-01-30 10:00:00+01:00,264.8999938964844,267.5,263.6000061035156,264.20001220703125,15822,0.0,0.0,2023-01-30
3414,2023-01-30 11:00:00+01:00,264.1000061035156,264.5,262.6000061035156,262.70001220703125,8337,0.0,0.0,2023-01-30
3415,2023-01-30 12:00:00+01:00,263.0,263.6000061035156,262.20001220703125,262.79998779296875,4038,0.0,0.0,2023-01-30
3416,2023-01-30 13:00:00+01:00,263.1000061035156,264.1000061035156,263.1000061035156,264.1000061035156,4735,0.0,0.0,2023-01-30
3417,2023-01-30 14:00:00+01:00,264.0,264.6000061035156,263.20001220703125,263.5,6710,0.0,0.0,2023-01-30
3418,2023-01-30 15:00:00+01:00,263.5,264.8999938964844,263.1000061035156,264.8999938964844,18081,0.0,0.0,2023-01-30
3419,2023-01-30 16:00:00+01:00,264.8999938964844,265.8999938964844,264.0,264.20001220703125,9355,0.0,0.0,2023-01-30
3420,2023-01-30 17:00:00+01:00,264.6000061035156,265.5,264.20001220703125,264.20001220703125,73857,0.0,0.0,2023-01-30
3421,2023-01-31 09:00:00+01:00,264.0,264.0,260.29998779296875,262.20001220703125,0,0.0,0.0,2023-01-31
3422,2023-01-31 10:00:00+01:00,262.0,264.1000061035156,260.70001220703125,263.1000061035156,5086,0.0,0.0,2023-01-31
3423,2023-01-31 11:00:00+01:00,263.20001220703125,263.20001220703125,260.29998779296875,260.29998779296875,4916,0.0,0.0,2023-01-31
3424,2023-01-31 12:00:00+01:00,259.70001220703125,261.0,259.6000061035156,261.0,3159,0.0,0.0,2023-01-31
3425,2023-01-31 13:00:00+01:00,261.20001220703125,262.8999938964844,261.1000061035156,261.8999938964844,5704,0.0,0.0,2023-01-31
3426,2023-01-31 14:00:00+01:00,261.8999938964844,264.20001220703125,261.8999938964844,263.20001220703125,9751,0.0,0.0,2023-01-31
3427,2023-01-31 15:00:00+01:00,263.1000061035156,263.1000061035156,259.29998779296875,259.29998779296875,22200,0.0,0.0,2023-01-31
3428,2023-01-31 16:00:00+01:00,259.20001220703125,261.1000061035156,258.3999938964844,259.70001220703125,27658,0.0,0.0,2023-01-31
3429,2023-01-31 17:00:00+01:00,259.79998779296875,260.1000061035156,258.6000061035156,259.1000061035156,127175,0.0,0.0,2023-01-31
3430,2023-02-01 09:00:00+01:00,259.1000061035156,266.20001220703125,256.5,264.20001220703125,0,0.0,0.0,2023-02-01
3431,2023-02-01 10:00:00+01:00,263.79998779296875,267.5,262.6000061035156,266.79998779296875,12255,0.0,0.0,2023-02-01
3432,2023-02-01 11:00:00+01:00,266.8999938964844,267.20001220703125,264.3999938964844,265.5,11196,0.0,0.0,2023-02-01
3433,2023-02-01 12:00:00+01:00,265.1000061035156,266.0,264.8999938964844,266.0,3779,0.0,0.0,2023-02-01
3434,2023-02-01 13:00:00+01:00,266.1000061035156,266.5,265.5,266.29998779296875,6331,0.0,0.0,2023-02-01
3435,2023-02-01 14:00:00+01:00,266.20001220703125,268.1000061035156,266.20001220703125,266.3999938964844,12373,0.0,0.0,2023-02-01
3436,2023-02-01 15:00:00+01:00,266.79998779296875,267.8999938964844,266.0,267.8999938964844,15687,0.0,0.0,2023-02-01
3437,2023-02-01 16:00:00+01:00,267.8999938964844,268.70001220703125,266.8999938964844,268.20001220703125,18353,0.0,0.0,2023-02-01
3438,2023-02-01 17:00:00+01:00,268.5,268.5,266.20001220703125,266.6000061035156,107368,0.0,0.0,2023-02-01
3439,2023-02-02 09:00:00+01:00,268.6000061035156,280.5,268.6000061035156,279.0,0,0.0,0.0,2023-02-02
3440,2023-02-02 10:00:00+01:00,279.1000061035156,280.70001220703125,276.6000061035156,277.0,118447,0.0,0.0,2023-02-02
3441,2023-02-02 11:00:00+01:00,277.20001220703125,278.79998779296875,277.1000061035156,277.6000061035156,10302,0.0,0.0,2023-02-02
3442,2023-02-02 12:00:00+01:00,277.3999938964844,279.29998779296875,277.3999938964844,279.1000061035156,6707,0.0,0.0,2023-02-02
3443,2023-02-02 13:00:00+01:00,279.0,279.5,277.79998779296875,279.1000061035156,7319,0.0,0.0,2023-02-02
3444,2023-02-02 14:00:00+01:00,278.6000061035156,285.6000061035156,277.8999938964844,285.3999938964844,25991,0.0,0.0,2023-02-02
3445,2023-02-02 15:00:00+01:00,285.3999938964844,287.70001220703125,284.0,284.0,82515,0.0,0.0,2023-02-02
3446,2023-02-02 16:00:00+01:00,284.0,288.6000061035156,281.8999938964844,287.5,36267,0.0,0.0,2023-02-02
3447,2023-02-02 17:00:00+01:00,287.29998779296875,290.5,286.79998779296875,290.5,135108,0.0,0.0,2023-02-02
3448,2023-02-03 09:00:00+01:00,285.20001220703125,287.5,283.70001220703125,285.0,0,0.0,0.0,2023-02-03
3449,2023-02-03 10:00:00+01:00,284.8999938964844,287.0,284.5,286.20001220703125,13366,0.0,0.0,2023-02-03
3450,2023-02-03 11:00:00+01:00,286.0,289.0,286.0,289.0,11146,0.0,0.0,2023-02-03
3451,2023-02-03 12:00:00+01:00,288.5,290.29998779296875,288.1000061035156,290.0,15303,0.0,0.0,2023-02-03
3452,2023-02-03 13:00:00+01:00,290.1000061035156,291.6000061035156,289.5,290.6000061035156,22402,0.0,0.0,2023-02-03
3453,2023-02-03 14:00:00+01:00,290.6000061035156,291.29998779296875,281.0,282.6000061035156,154388,0.0,0.0,2023-02-03
3454,2023-02-03 15:00:00+01:00,282.3999938964844,285.8999938964844,281.0,284.6000061035156,32033,0.0,0.0,2023-02-03
3455,2023-02-03 16:00:00+01:00,284.6000061035156,286.3999938964844,283.0,285.5,56599,0.0,0.0,2023-02-03
3456,2023-02-03 17:00:00+01:00,285.6000061035156,286.70001220703125,285.0,286.70001220703125,59348,0.0,0.0,2023-02-03
3457,2023-02-06 09:00:00+01:00,285.0,285.0,277.8999938964844,278.1000061035156,0,0.0,0.0,2023-02-06
3458,2023-02-06 10:00:00+01:00,277.79998779296875,279.1000061035156,274.8999938964844,274.8999938964844,18799,0.0,0.0,2023-02-06
3459,2023-02-06 11:00:00+01:00,274.8999938964844,276.6000061035156,273.5,274.20001220703125,24590,0.0,0.0,2023-02-06
3460,2023-02-06 12:00:00+01:00,273.79998779296875,274.3999938964844,271.6000061035156,272.29998779296875,60472,0.0,0.0,2023-02-06
3461,2023-02-06 13:00:00+01:00,272.3999938964844,272.79998779296875,271.79998779296875,272.1000061035156,10807,0.0,0.0,2023-02-06
3462,2023-02-06 14:00:00+01:00,272.3999938964844,273.5,270.8999938964844,271.1000061035156,13128,0.0,0.0,2023-02-06
3463,2023-02-06 15:00:00+01:00,271.29998779296875,272.1000061035156,269.20001220703125,270.1000061035156,15248,0.0,0.0,2023-02-06
3464,2023-02-06 16:00:00+01:00,270.20001220703125,271.1000061035156,268.29998779296875,270.5,21073,0.0,0.0,2023-02-06
3465,2023-02-06 17:00:00+01:00,270.79998779296875,272.29998779296875,270.3999938964844,271.8999938964844,71312,0.0,0.0,2023-02-06
3466,2023-02-07 09:00:00+01:00,275.20001220703125,275.20001220703125,268.20001220703125,270.6000061035156,0,0.0,0.0,2023-02-07
3467,2023-02-07 10:00:00+01:00,270.5,270.5,268.1000061035156,268.3999938964844,5495,0.0,0.0,2023-02-07
3468,2023-02-07 11:00:00+01:00,268.20001220703125,268.20001220703125,265.5,267.5,11064,0.0,0.0,2023-02-07
3469,2023-02-07 12:00:00+01:00,267.6000061035156,268.0,266.20001220703125,266.5,2938,0.0,0.0,2023-02-07
3470,2023-02-07 13:00:00+01:00,267.0,268.5,267.0,268.1000061035156,3784,0.0,0.0,2023-02-07
3471,2023-02-07 14:00:00+01:00,268.20001220703125,268.6000061035156,267.70001220703125,267.8999938964844,3683,0.0,0.0,2023-02-07
3472,2023-02-07 15:00:00+01:00,268.29998779296875,270.29998779296875,268.29998779296875,268.70001220703125,3843,0.0,0.0,2023-02-07
3473,2023-02-07 16:00:00+01:00,268.79998779296875,270.70001220703125,267.0,269.20001220703125,8701,0.0,0.0,2023-02-07
3474,2023-02-07 17:00:00+01:00,269.29998779296875,270.20001220703125,269.20001220703125,269.6000061035156,68346,0.0,0.0,2023-02-07
3475,2023-02-08 09:00:00+01:00,269.6000061035156,275.0,269.6000061035156,274.3999938964844,0,0.0,0.0,2023-02-08
3476,2023-02-08 10:00:00+01:00,274.70001220703125,277.29998779296875,274.70001220703125,277.29998779296875,7076,0.0,0.0,2023-02-08
3477,2023-02-08 11:00:00+01:00,277.0,277.3999938964844,275.79998779296875,276.5,4237,0.0,0.0,2023-02-08
3478,2023-02-08 12:00:00+01:00,276.79998779296875,277.5,275.79998779296875,276.79998779296875,15108,0.0,0.0,2023-02-08
3479,2023-02-08 13:00:00+01:00,277.20001220703125,278.3999938964844,276.5,278.20001220703125,19384,0.0,0.0,2023-02-08
3480,2023-02-08 14:00:00+01:00,277.8999938964844,277.8999938964844,273.79998779296875,276.5,11662,0.0,0.0,2023-02-08
3481,2023-02-08 15:00:00+01:00,276.3999938964844,277.70001220703125,275.79998779296875,277.0,20967,0.0,0.0,2023-02-08
3482,2023-02-08 16:00:00+01:00,276.5,276.5,271.6000061035156,272.1000061035156,13470,0.0,0.0,2023-02-08
3483,2023-02-08 17:00:00+01:00,272.1000061035156,272.5,271.20001220703125,271.20001220703125,81524,0.0,0.0,2023-02-08
3484,2023-02-09 09:00:00+01:00,274.70001220703125,274.70001220703125,270.1000061035156,272.0,0,0.0,0.0,2023-02-09
3485,2023-02-09 10:00:00+01:00,272.20001220703125,272.20001220703125,269.70001220703125,271.1000061035156,10624,0.0,0.0,2023-02-09
3486,2023-02-09 11:00:00+01:00,270.8999938964844,273.8999938964844,270.0,272.3999938964844,11916,0.0,0.0,2023-02-09
3487,2023-02-09 12:00:00+01:00,272.29998779296875,272.29998779296875,268.8999938964844,270.79998779296875,12493,0.0,0.0,2023-02-09
3488,2023-02-09 13:00:00+01:00,270.6000061035156,271.3999938964844,270.0,271.0,7687,0.0,0.0,2023-02-09
3489,2023-02-09 14:00:00+01:00,270.8999938964844,271.1000061035156,265.8999938964844,266.79998779296875,38013,0.0,0.0,2023-02-09
3490,2023-02-09 15:00:00+01:00,267.5,268.1000061035156,266.20001220703125,266.6000061035156,20869,0.0,0.0,2023-02-09
3491,2023-02-09 16:00:00+01:00,266.70001220703125,268.5,266.0,268.29998779296875,20565,0.0,0.0,2023-02-09
3492,2023-02-09 17:00:00+01:00,268.20001220703125,268.5,267.3999938964844,268.5,101766,0.0,0.0,2023-02-09
3493,2023-02-10 09:00:00+01:00,266.6000061035156,273.0,266.6000061035156,267.5,0,0.0,0.0,2023-02-10
3494,2023-02-10 10:00:00+01:00,267.6000061035156,268.3999938964844,266.6000061035156,267.20001220703125,23208,0.0,0.0,2023-02-10
3495,2023-02-10 11:00:00+01:00,267.6000061035156,267.6000061035156,263.3999938964844,264.6000061035156,17566,0.0,0.0,2023-02-10
3496,2023-02-10 12:00:00+01:00,264.6000061035156,266.6000061035156,263.20001220703125,265.70001220703125,13024,0.0,0.0,2023-02-10
3497,2023-02-10 13:00:00+01:00,266.0,268.6000061035156,265.8999938964844,267.79998779296875,113825,0.0,0.0,2023-02-10
3498,2023-02-10 14:00:00+01:00,268.1000061035156,269.1000061035156,267.70001220703125,268.70001220703125,9107,0.0,0.0,2023-02-10
3499,2023-02-10 15:00:00+01:00,269.0,270.3999938964844,268.79998779296875,269.79998779296875,23093,0.0,0.0,2023-02-10
3500,2023-02-10 16:00:00+01:00,269.29998779296875,271.6000061035156,268.70001220703125,269.8999938964844,23788,0.0,0.0,2023-02-10
3501,2023-02-10 17:00:00+01:00,269.70001220703125,271.29998779296875,269.6000061035156,270.1000061035156,70534,0.0,0.0,2023-02-10
3502,2023-02-13 09:00:00+01:00,269.6000061035156,270.0,258.0,262.0,0,0.0,0.0,2023-02-13
3503,2023-02-13 10:00:00+01:00,262.0,263.79998779296875,260.6000061035156,262.20001220703125,34795,0.0,0.0,2023-02-13
3504,2023-02-13 11:00:00+01:00,262.29998779296875,266.0,261.79998779296875,265.1000061035156,19000,0.0,0.0,2023-02-13
3505,2023-02-13 12:00:00+01:00,265.29998779296875,266.0,262.6000061035156,263.0,35024,0.0,0.0,2023-02-13
3506,2023-02-13 13:00:00+01:00,263.3999938964844,265.5,263.3999938964844,264.6000061035156,8342,0.0,0.0,2023-02-13
3507,2023-02-13 14:00:00+01:00,264.3999938964844,264.5,259.29998779296875,261.20001220703125,62879,0.0,0.0,2023-02-13
3508,2023-02-13 15:00:00+01:00,261.3999938964844,266.8999938964844,261.3999938964844,266.20001220703125,19506,0.0,0.0,2023-02-13
3509,2023-02-13 16:00:00+01:00,266.20001220703125,266.6000061035156,264.3999938964844,265.79998779296875,29404,0.0,0.0,2023-02-13
3510,2023-02-13 17:00:00+01:00,266.1000061035156,267.3999938964844,265.6000061035156,267.3999938964844,87004,0.0,0.0,2023-02-13
3511,2023-02-14 09:00:00+01:00,267.3999938964844,270.0,267.0,269.29998779296875,0,0.0,0.0,2023-02-14
3512,2023-02-14 10:00:00+01:00,269.20001220703125,270.0,268.5,269.0,28734,0.0,0.0,2023-02-14
3513,2023-02-14 11:00:00+01:00,268.8999938964844,271.5,268.1000061035156,271.20001220703125,59478,0.0,0.0,2023-02-14
3514,2023-02-14 12:00:00+01:00,271.70001220703125,272.6000061035156,271.0,272.6000061035156,7307,0.0,0.0,2023-02-14
3515,2023-02-14 13:00:00+01:00,272.79998779296875,274.20001220703125,272.79998779296875,273.29998779296875,5309,0.0,0.0,2023-02-14
3516,2023-02-14 14:00:00+01:00,272.79998779296875,275.79998779296875,270.6000061035156,271.5,28826,0.0,0.0,2023-02-14
3517,2023-02-14 15:00:00+01:00,271.20001220703125,273.3999938964844,269.0,272.8999938964844,12439,0.0,0.0,2023-02-14
3518,2023-02-14 16:00:00+01:00,273.20001220703125,274.5,268.20001220703125,269.8999938964844,23924,0.0,0.0,2023-02-14
3519,2023-02-14 17:00:00+01:00,269.8999938964844,271.20001220703125,269.79998779296875,270.3999938964844,99773,0.0,0.0,2023-02-14
3520,2023-02-15 09:00:00+01:00,270.3999938964844,270.3999938964844,263.70001220703125,264.29998779296875,0,0.0,0.0,2023-02-15
3521,2023-02-15 10:00:00+01:00,264.0,265.70001220703125,263.8999938964844,265.1000061035156,11604,0.0,0.0,2023-02-15
3522,2023-02-15 11:00:00+01:00,264.79998779296875,266.20001220703125,264.0,265.6000061035156,17085,0.0,0.0,2023-02-15
3523,2023-02-15 12:00:00+01:00,265.6000061035156,266.20001220703125,265.0,265.1000061035156,35243,0.0,0.0,2023-02-15
3524,2023-02-15 13:00:00+01:00,264.8999938964844,265.20001220703125,263.3999938964844,264.0,19139,0.0,0.0,2023-02-15
3525,2023-02-15 14:00:00+01:00,264.0,264.1000061035156,261.6000061035156,262.20001220703125,16875,0.0,0.0,2023-02-15
3526,2023-02-15 15:00:00+01:00,262.5,264.79998779296875,262.5,263.20001220703125,24276,0.0,0.0,2023-02-15
3527,2023-02-15 16:00:00+01:00,263.20001220703125,264.6000061035156,263.1000061035156,263.8999938964844,20754,0.0,0.0,2023-02-15
3528,2023-02-15 17:00:00+01:00,263.8999938964844,264.70001220703125,263.70001220703125,264.20001220703125,126728,0.0,0.0,2023-02-15
3529,2023-02-16 09:00:00+01:00,264.20001220703125,266.0,260.29998779296875,261.70001220703125,0,0.0,0.0,2023-02-16
3530,2023-02-16 10:00:00+01:00,262.1000061035156,265.0,261.3999938964844,265.0,26741,0.0,0.0,2023-02-16
3531,2023-02-16 11:00:00+01:00,264.6000061035156,264.70001220703125,261.0,261.20001220703125,37512,0.0,0.0,2023-02-16
3532,2023-02-16 12:00:00+01:00,261.0,261.29998779296875,257.20001220703125,257.20001220703125,16656,0.0,0.0,2023-02-16
3533,2023-02-16 13:00:00+01:00,257.70001220703125,261.20001220703125,257.6000061035156,260.1000061035156,101890,0.0,0.0,2023-02-16
3534,2023-02-16 14:00:00+01:00,260.5,261.29998779296875,258.3999938964844,260.29998779296875,12846,0.0,0.0,2023-02-16
3535,2023-02-16 15:00:00+01:00,260.5,260.6000061035156,256.20001220703125,256.20001220703125,22700,0.0,0.0,2023-02-16
3536,2023-02-16 16:00:00+01:00,256.3999938964844,259.8999938964844,256.20001220703125,258.5,18645,0.0,0.0,2023-02-16
3537,2023-02-16 17:00:00+01:00,258.5,259.79998779296875,257.8999938964844,259.79998779296875,190700,0.0,0.0,2023-02-16
3538,2023-02-17 09:00:00+01:00,258.0,258.0,253.6999969482422,256.3999938964844,0,0.0,0.0,2023-02-17
3539,2023-02-17 10:00:00+01:00,256.1000061035156,259.6000061035156,256.0,256.8999938964844,71580,0.0,0.0,2023-02-17
3540,2023-02-17 11:00:00+01:00,256.8999938964844,259.20001220703125,256.6000061035156,258.3999938964844,54153,0.0,0.0,2023-02-17
3541,2023-02-17 12:00:00+01:00,258.20001220703125,261.0,257.8999938964844,260.1000061035156,27108,0.0,0.0,2023-02-17
3542,2023-02-17 13:00:00+01:00,260.0,260.79998779296875,259.29998779296875,260.5,5606,0.0,0.0,2023-02-17
3543,2023-02-17 14:00:00+01:00,260.20001220703125,261.29998779296875,259.6000061035156,260.3999938964844,5263,0.0,0.0,2023-02-17
3544,2023-02-17 15:00:00+01:00,260.70001220703125,261.20001220703125,258.6000061035156,260.20001220703125,17116,0.0,0.0,2023-02-17
3545,2023-02-17 16:00:00+01:00,260.0,261.29998779296875,259.0,259.0,20977,0.0,0.0,2023-02-17
3546,2023-02-17 17:00:00+01:00,259.0,259.3999938964844,257.70001220703125,258.3999938964844,130177,0.0,0.0,2023-02-17
3547,2023-02-20 09:00:00+01:00,265.8999938964844,265.8999938964844,260.8999938964844,264.29998779296875,0,0.0,0.0,2023-02-20
3548,2023-02-20 10:00:00+01:00,264.29998779296875,264.70001220703125,262.29998779296875,263.3999938964844,14300,0.0,0.0,2023-02-20
3549,2023-02-20 11:00:00+01:00,263.8999938964844,264.3999938964844,263.1000061035156,263.8999938964844,12178,0.0,0.0,2023-02-20
3550,2023-02-20 12:00:00+01:00,263.70001220703125,263.79998779296875,262.3999938964844,262.79998779296875,16389,0.0,0.0,2023-02-20
3551,2023-02-20 13:00:00+01:00,262.79998779296875,262.79998779296875,260.0,260.6000061035156,13903,0.0,0.0,2023-02-20
3552,2023-02-20 14:00:00+01:00,260.5,262.79998779296875,260.5,262.3999938964844,12187,0.0,0.0,2023-02-20
3553,2023-02-20 15:00:00+01:00,262.70001220703125,262.70001220703125,261.20001220703125,261.70001220703125,17980,0.0,0.0,2023-02-20
3554,2023-02-20 16:00:00+01:00,261.5,262.8999938964844,260.79998779296875,261.3999938964844,216580,0.0,0.0,2023-02-20
3555,2023-02-20 17:00:00+01:00,261.70001220703125,263.0,261.0,262.8999938964844,84721,0.0,0.0,2023-02-20
3556,2023-02-21 09:00:00+01:00,262.3999938964844,262.5,257.1000061035156,257.1000061035156,0,0.0,0.0,2023-02-21
3557,2023-02-21 10:00:00+01:00,257.0,260.29998779296875,255.8000030517578,259.70001220703125,8843,0.0,0.0,2023-02-21
3558,2023-02-21 11:00:00+01:00,259.20001220703125,259.3999938964844,257.29998779296875,257.8999938964844,7261,0.0,0.0,2023-02-21
3559,2023-02-21 12:00:00+01:00,257.5,258.6000061035156,257.1000061035156,257.6000061035156,7654,0.0,0.0,2023-02-21
3560,2023-02-21 13:00:00+01:00,257.20001220703125,257.6000061035156,256.29998779296875,256.3999938964844,4431,0.0,0.0,2023-02-21
3561,2023-02-21 14:00:00+01:00,256.3999938964844,256.5,255.10000610351562,256.1000061035156,7345,0.0,0.0,2023-02-21
3562,2023-02-21 15:00:00+01:00,256.0,256.5,253.89999389648438,254.39999389648438,28661,0.0,0.0,2023-02-21
3563,2023-02-21 16:00:00+01:00,254.1999969482422,255.6999969482422,252.39999389648438,254.1999969482422,14468,0.0,0.0,2023-02-21
3564,2023-02-21 17:00:00+01:00,254.60000610351562,255.10000610351562,254.0,254.0,64890,0.0,0.0,2023-02-21
3565,2023-02-22 09:00:00+01:00,253.8000030517578,254.0,251.0,252.1999969482422,0,0.0,0.0,2023-02-22
3566,2023-02-22 10:00:00+01:00,252.5,253.10000610351562,250.39999389648438,250.89999389648438,13546,0.0,0.0,2023-02-22
3567,2023-02-22 11:00:00+01:00,250.89999389648438,251.0,249.5,249.6999969482422,15618,0.0,0.0,2023-02-22
3568,2023-02-22 12:00:00+01:00,249.8000030517578,250.39999389648438,249.1999969482422,250.39999389648438,8153,0.0,0.0,2023-02-22
3569,2023-02-22 13:00:00+01:00,250.60000610351562,254.60000610351562,250.60000610351562,254.60000610351562,22686,0.0,0.0,2023-02-22
3570,2023-02-22 14:00:00+01:00,254.89999389648438,255.60000610351562,253.89999389648438,254.0,9601,0.0,0.0,2023-02-22
3571,2023-02-22 15:00:00+01:00,254.10000610351562,254.3000030517578,251.8000030517578,251.8000030517578,68584,0.0,0.0,2023-02-22
3572,2023-02-22 16:00:00+01:00,251.6999969482422,253.5,250.1999969482422,253.3000030517578,19378,0.0,0.0,2023-02-22
3573,2023-02-22 17:00:00+01:00,253.3000030517578,253.6999969482422,252.5,252.8000030517578,35340,0.0,0.0,2023-02-22
3574,2023-02-23 09:00:00+01:00,252.6999969482422,258.8999938964844,252.5,258.79998779296875,0,0.0,0.0,2023-02-23
3575,2023-02-23 10:00:00+01:00,259.0,260.0,256.20001220703125,256.29998779296875,127089,0.0,0.0,2023-02-23
3576,2023-02-23 11:00:00+01:00,256.20001220703125,258.0,256.0,258.0,8013,0.0,0.0,2023-02-23
3577,2023-02-23 12:00:00+01:00,258.0,258.70001220703125,256.79998779296875,257.29998779296875,10346,0.0,0.0,2023-02-23
3578,2023-02-23 13:00:00+01:00,256.8999938964844,257.3999938964844,256.0,256.29998779296875,9451,0.0,0.0,2023-02-23
3579,2023-02-23 14:00:00+01:00,256.29998779296875,257.0,255.3000030517578,256.70001220703125,16006,0.0,0.0,2023-02-23
3580,2023-02-23 15:00:00+01:00,256.70001220703125,258.79998779296875,256.70001220703125,257.6000061035156,20134,0.0,0.0,2023-02-23
3581,2023-02-23 16:00:00+01:00,257.8999938964844,258.5,256.0,256.20001220703125,26521,0.0,0.0,2023-02-23
3582,2023-02-23 17:00:00+01:00,256.29998779296875,257.6000061035156,256.29998779296875,257.0,53168,0.0,0.0,2023-02-23
3583,2023-02-24 09:00:00+01:00,255.39999389648438,259.3999938964844,254.39999389648438,254.39999389648438,0,0.0,0.0,2023-02-24
3584,2023-02-24 10:00:00+01:00,254.89999389648438,257.3999938964844,254.39999389648438,256.1000061035156,18843,0.0,0.0,2023-02-24
3585,2023-02-24 11:00:00+01:00,256.1000061035156,256.1000061035156,255.10000610351562,255.60000610351562,6308,0.0,0.0,2023-02-24
3586,2023-02-24 12:00:00+01:00,255.89999389648438,255.89999389648438,253.8000030517578,254.0,8750,0.0,0.0,2023-02-24
3587,2023-02-24 13:00:00+01:00,254.10000610351562,255.3000030517578,253.39999389648438,254.8000030517578,6009,0.0,0.0,2023-02-24
3588,2023-02-24 14:00:00+01:00,255.0,255.0,251.39999389648438,252.3000030517578,18648,0.0,0.0,2023-02-24
3589,2023-02-24 15:00:00+01:00,252.10000610351562,252.10000610351562,249.10000610351562,250.39999389648438,38147,0.0,0.0,2023-02-24
3590,2023-02-24 16:00:00+01:00,250.39999389648438,251.0,248.3000030517578,249.60000610351562,34634,0.0,0.0,2023-02-24
3591,2023-02-24 17:00:00+01:00,249.39999389648438,250.89999389648438,249.39999389648438,250.3000030517578,77333,0.0,0.0,2023-02-24
3592,2023-02-27 09:00:00+01:00,250.3000030517578,254.89999389648438,250.3000030517578,253.5,0,0.0,0.0,2023-02-27
3593,2023-02-27 10:00:00+01:00,253.39999389648438,255.5,253.0,253.1999969482422,11973,0.0,0.0,2023-02-27
3594,2023-02-27 11:00:00+01:00,253.3000030517578,254.1999969482422,252.60000610351562,253.8000030517578,7787,0.0,0.0,2023-02-27
3595,2023-02-27 12:00:00+01:00,253.89999389648438,255.0,253.60000610351562,254.5,5040,0.0,0.0,2023-02-27
3596,2023-02-27 13:00:00+01:00,254.39999389648438,255.5,254.39999389648438,254.6999969482422,5342,0.0,0.0,2023-02-27
3597,2023-02-27 14:00:00+01:00,254.1999969482422,256.8999938964844,254.10000610351562,256.8999938964844,9767,0.0,0.0,2023-02-27
3598,2023-02-27 15:00:00+01:00,256.79998779296875,256.79998779296875,254.6999969482422,255.3000030517578,12959,0.0,0.0,2023-02-27
3599,2023-02-27 16:00:00+01:00,255.1999969482422,256.20001220703125,253.89999389648438,254.6999969482422,11260,0.0,0.0,2023-02-27
3600,2023-02-27 17:00:00+01:00,255.0,255.6999969482422,254.89999389648438,255.6999969482422,45020,0.0,0.0,2023-02-27
3601,2023-02-28 09:00:00+01:00,253.39999389648438,254.8000030517578,253.0,254.60000610351562,0,0.0,0.0,2023-02-28
3602,2023-02-28 10:00:00+01:00,254.10000610351562,255.8000030517578,253.8000030517578,255.6999969482422,11491,0.0,0.0,2023-02-28
3603,2023-02-28 11:00:00+01:00,255.6999969482422,257.5,255.5,255.6999969482422,15640,0.0,0.0,2023-02-28
3604,2023-02-28 12:00:00+01:00,255.39999389648438,256.6000061035156,255.39999389648438,255.6999969482422,5171,0.0,0.0,2023-02-28
3605,2023-02-28 13:00:00+01:00,255.8000030517578,256.6000061035156,255.10000610351562,255.8000030517578,4778,0.0,0.0,2023-02-28
3606,2023-02-28 14:00:00+01:00,255.89999389648438,256.20001220703125,255.39999389648438,255.5,7515,0.0,0.0,2023-02-28
3607,2023-02-28 15:00:00+01:00,255.39999389648438,256.1000061035156,254.5,255.1999969482422,16047,0.0,0.0,2023-02-28
3608,2023-02-28 16:00:00+01:00,255.1999969482422,257.70001220703125,255.1999969482422,257.20001220703125,14884,0.0,0.0,2023-02-28
3609,2023-02-28 17:00:00+01:00,257.29998779296875,258.3999938964844,257.1000061035156,258.1000061035156,387534,0.0,0.0,2023-02-28
3610,2023-03-01 09:00:00+01:00,256.1000061035156,256.1000061035156,250.60000610351562,251.39999389648438,0,0.0,0.0,2023-03-01
3611,2023-03-01 10:00:00+01:00,251.39999389648438,253.0,250.39999389648438,253.0,9800,0.0,0.0,2023-03-01
3612,2023-03-01 11:00:00+01:00,252.60000610351562,252.60000610351562,249.89999389648438,250.60000610351562,35627,0.0,0.0,2023-03-01
3613,2023-03-01 12:00:00+01:00,250.60000610351562,253.1999969482422,250.60000610351562,252.10000610351562,26361,0.0,0.0,2023-03-01
3614,2023-03-01 13:00:00+01:00,251.8000030517578,252.10000610351562,250.89999389648438,251.8000030517578,13472,0.0,0.0,2023-03-01
3615,2023-03-01 14:00:00+01:00,251.60000610351562,251.60000610351562,249.0,250.0,14316,0.0,0.0,2023-03-01
3616,2023-03-01 15:00:00+01:00,249.8000030517578,249.8000030517578,248.5,249.60000610351562,19151,0.0,0.0,2023-03-01
3617,2023-03-01 16:00:00+01:00,249.8000030517578,251.3000030517578,248.8000030517578,250.1999969482422,30898,0.0,0.0,2023-03-01
3618,2023-03-01 17:00:00+01:00,250.1999969482422,250.39999389648438,249.10000610351562,249.8000030517578,134068,0.0,0.0,2023-03-01
3619,2023-03-02 09:00:00+01:00,247.8000030517578,253.89999389648438,247.0,252.5,0,0.0,0.0,2023-03-02
3620,2023-03-02 10:00:00+01:00,252.5,253.10000610351562,251.10000610351562,252.39999389648438,17695,0.0,0.0,2023-03-02
3621,2023-03-02 11:00:00+01:00,252.1999969482422,254.0,250.89999389648438,253.89999389648438,42921,0.0,0.0,2023-03-02
3622,2023-03-02 12:00:00+01:00,253.89999389648438,254.3000030517578,252.89999389648438,253.39999389648438,18591,0.0,0.0,2023-03-02
3623,2023-03-02 13:00:00+01:00,253.60000610351562,254.39999389648438,253.1999969482422,254.1999969482422,11996,0.0,0.0,2023-03-02
3624,2023-03-02 14:00:00+01:00,254.1999969482422,254.39999389648438,253.0,254.10000610351562,13383,0.0,0.0,2023-03-02
3625,2023-03-02 15:00:00+01:00,254.1999969482422,254.39999389648438,252.8000030517578,253.39999389648438,17140,0.0,0.0,2023-03-02
3626,2023-03-02 16:00:00+01:00,253.6999969482422,254.10000610351562,251.3000030517578,251.6999969482422,30687,0.0,0.0,2023-03-02
3627,2023-03-02 17:00:00+01:00,251.6999969482422,252.10000610351562,251.5,251.5,98207,0.0,0.0,2023-03-02
3628,2023-03-03 09:00:00+01:00,249.10000610351562,255.8000030517578,249.10000610351562,254.3000030517578,0,0.0,0.0,2023-03-03
3629,2023-03-03 10:00:00+01:00,254.8000030517578,255.6999969482422,254.10000610351562,255.0,8346,0.0,0.0,2023-03-03
3630,2023-03-03 11:00:00+01:00,255.0,255.0,253.6999969482422,254.3000030517578,2714,0.0,0.0,2023-03-03
3631,2023-03-03 12:00:00+01:00,254.1999969482422,255.0,253.60000610351562,254.89999389648438,7740,0.0,0.0,2023-03-03
3632,2023-03-03 13:00:00+01:00,254.6999969482422,254.89999389648438,253.8000030517578,254.3000030517578,3509,0.0,0.0,2023-03-03
3633,2023-03-03 14:00:00+01:00,254.10000610351562,254.89999389648438,253.6999969482422,254.89999389648438,9649,0.0,0.0,2023-03-03
3634,2023-03-03 15:00:00+01:00,255.1999969482422,257.0,255.1999969482422,256.79998779296875,7221,0.0,0.0,2023-03-03
3635,2023-03-03 16:00:00+01:00,256.70001220703125,256.79998779296875,255.5,255.6999969482422,14002,0.0,0.0,2023-03-03
3636,2023-03-03 17:00:00+01:00,255.8000030517578,257.0,255.8000030517578,256.79998779296875,51285,0.0,0.0,2023-03-03
3637,2023-03-06 09:00:00+01:00,257.8999938964844,259.79998779296875,254.6999969482422,258.29998779296875,0,0.0,0.0,2023-03-06
3638,2023-03-06 10:00:00+01:00,257.6000061035156,257.6000061035156,255.39999389648438,256.8999938964844,3619,0.0,0.0,2023-03-06
3639,2023-03-06 11:00:00+01:00,257.1000061035156,257.29998779296875,256.5,257.29998779296875,4716,0.0,0.0,2023-03-06
3640,2023-03-06 12:00:00+01:00,257.29998779296875,258.0,254.89999389648438,254.89999389648438,9576,0.0,0.0,2023-03-06
3641,2023-03-06 13:00:00+01:00,255.1999969482422,258.79998779296875,255.1999969482422,258.20001220703125,7477,0.0,0.0,2023-03-06
3642,2023-03-06 14:00:00+01:00,258.3999938964844,258.79998779296875,257.79998779296875,258.6000061035156,128848,0.0,0.0,2023-03-06
3643,2023-03-06 15:00:00+01:00,258.6000061035156,258.70001220703125,256.3999938964844,257.5,68168,0.0,0.0,2023-03-06
3644,2023-03-06 16:00:00+01:00,257.29998779296875,258.0,257.1000061035156,257.6000061035156,9886,0.0,0.0,2023-03-06
3645,2023-03-06 17:00:00+01:00,257.70001220703125,258.5,257.6000061035156,258.5,83505,0.0,0.0,2023-03-06
3646,2023-03-07 09:00:00+01:00,258.70001220703125,260.8999938964844,257.8999938964844,260.3999938964844,0,0.0,0.0,2023-03-07
3647,2023-03-07 10:00:00+01:00,260.79998779296875,262.3999938964844,260.79998779296875,261.1000061035156,9593,0.0,0.0,2023-03-07
3648,2023-03-07 11:00:00+01:00,261.3999938964844,261.3999938964844,259.3999938964844,259.3999938964844,6138,0.0,0.0,2023-03-07
3649,2023-03-07 12:00:00+01:00,259.29998779296875,259.29998779296875,256.79998779296875,256.79998779296875,7469,0.0,0.0,2023-03-07
3650,2023-03-07 13:00:00+01:00,256.8999938964844,258.1000061035156,256.79998779296875,257.6000061035156,4282,0.0,0.0,2023-03-07
3651,2023-03-07 14:00:00+01:00,257.79998779296875,259.20001220703125,257.70001220703125,258.6000061035156,5398,0.0,0.0,2023-03-07
3652,2023-03-07 15:00:00+01:00,258.6000061035156,258.6000061035156,255.5,256.20001220703125,38637,0.0,0.0,2023-03-07
3653,2023-03-07 16:00:00+01:00,256.0,256.20001220703125,252.0,254.0,46881,0.0,0.0,2023-03-07
3654,2023-03-07 17:00:00+01:00,254.10000610351562,254.3000030517578,253.3000030517578,254.1999969482422,82507,0.0,0.0,2023-03-07
3655,2023-03-08 09:00:00+01:00,254.0,254.0,251.0,252.60000610351562,0,0.0,0.0,2023-03-08
3656,2023-03-08 10:00:00+01:00,252.6999969482422,253.10000610351562,249.89999389648438,250.60000610351562,12675,0.0,0.0,2023-03-08
3657,2023-03-08 11:00:00+01:00,250.39999389648438,251.39999389648438,248.60000610351562,251.39999389648438,11712,0.0,0.0,2023-03-08
3658,2023-03-08 12:00:00+01:00,250.6999969482422,251.8000030517578,250.3000030517578,250.5,3392,0.0,0.0,2023-03-08
3659,2023-03-08 13:00:00+01:00,250.5,251.1999969482422,250.10000610351562,250.60000610351562,4382,0.0,0.0,2023-03-08
3660,2023-03-08 14:00:00+01:00,250.8000030517578,251.1999969482422,250.0,250.0,6393,0.0,0.0,2023-03-08
3661,2023-03-08 15:00:00+01:00,250.10000610351562,250.1999969482422,248.8000030517578,249.5,12681,0.0,0.0,2023-03-08
3662,2023-03-08 16:00:00+01:00,249.3000030517578,250.89999389648438,248.8000030517578,249.8000030517578,17874,0.0,0.0,2023-03-08
3663,2023-03-08 17:00:00+01:00,249.60000610351562,250.60000610351562,249.0,250.39999389648438,136639,0.0,0.0,2023-03-08
3664,2023-03-09 09:00:00+01:00,248.60000610351562,248.60000610351562,245.1999969482422,245.8000030517578,0,0.0,0.0,2023-03-09
3665,2023-03-09 10:00:00+01:00,245.6999969482422,246.10000610351562,242.0,242.10000610351562,14803,0.0,0.0,2023-03-09
3666,2023-03-09 11:00:00+01:00,242.3000030517578,243.3000030517578,240.6999969482422,243.0,14752,0.0,0.0,2023-03-09
3667,2023-03-09 12:00:00+01:00,242.89999389648438,242.89999389648438,241.1999969482422,242.39999389648438,5819,0.0,0.0,2023-03-09
3668,2023-03-09 13:00:00+01:00,242.1999969482422,242.39999389648438,240.89999389648438,241.8000030517578,12321,0.0,0.0,2023-03-09
3669,2023-03-09 14:00:00+01:00,241.60000610351562,245.0,241.10000610351562,244.1999969482422,26468,0.0,0.0,2023-03-09
3670,2023-03-09 15:00:00+01:00,244.1999969482422,244.6999969482422,242.8000030517578,244.0,20276,0.0,0.0,2023-03-09
3671,2023-03-09 16:00:00+01:00,243.89999389648438,244.89999389648438,242.8000030517578,243.39999389648438,0,0.0,0.0,2023-03-09
3672,2023-03-09 17:00:00+01:00,243.39999389648438,244.0,242.60000610351562,242.60000610351562,327857,0.0,0.0,2023-03-09
3673,2023-03-10 09:00:00+01:00,241.60000610351562,241.60000610351562,235.3000030517578,237.3000030517578,0,0.0,0.0,2023-03-10
3674,2023-03-10 10:00:00+01:00,237.39999389648438,240.10000610351562,236.0,239.1999969482422,16109,0.0,0.0,2023-03-10
3675,2023-03-10 11:00:00+01:00,239.1999969482422,240.5,239.1999969482422,239.39999389648438,6282,0.0,0.0,2023-03-10
3676,2023-03-10 12:00:00+01:00,239.5,239.89999389648438,238.5,239.5,19262,0.0,0.0,2023-03-10
3677,2023-03-10 13:00:00+01:00,239.3000030517578,240.10000610351562,238.8000030517578,238.8000030517578,61417,0.0,0.0,2023-03-10
3678,2023-03-10 14:00:00+01:00,238.60000610351562,241.89999389648438,238.1999969482422,240.6999969482422,22913,0.0,0.0,2023-03-10
3679,2023-03-10 15:00:00+01:00,240.5,240.89999389648438,237.39999389648438,237.89999389648438,20932,0.0,0.0,2023-03-10
3680,2023-03-10 16:00:00+01:00,238.0,240.10000610351562,237.5,239.8000030517578,53555,0.0,0.0,2023-03-10
3681,2023-03-10 17:00:00+01:00,239.6999969482422,239.89999389648438,238.60000610351562,239.89999389648438,131431,0.0,0.0,2023-03-10
3682,2023-03-13 09:00:00+01:00,241.0,242.60000610351562,236.89999389648438,237.3000030517578,0,0.0,0.0,2023-03-13
3683,2023-03-13 10:00:00+01:00,237.10000610351562,237.60000610351562,233.5,235.10000610351562,59491,0.0,0.0,2023-03-13
3684,2023-03-13 11:00:00+01:00,234.8000030517578,237.0,234.8000030517578,236.6999969482422,20428,0.0,0.0,2023-03-13
3685,2023-03-13 12:00:00+01:00,236.6999969482422,238.0,235.89999389648438,236.60000610351562,15071,0.0,0.0,2023-03-13
3686,2023-03-13 13:00:00+01:00,236.60000610351562,238.39999389648438,234.89999389648438,237.89999389648438,24914,0.0,0.0,2023-03-13
3687,2023-03-13 14:00:00+01:00,237.89999389648438,242.0,237.10000610351562,241.6999969482422,59516,0.0,0.0,2023-03-13
3688,2023-03-13 15:00:00+01:00,241.10000610351562,244.0,239.8000030517578,242.10000610351562,46271,0.0,0.0,2023-03-13
3689,2023-03-13 16:00:00+01:00,241.89999389648438,245.6999969482422,241.89999389648438,244.39999389648438,36069,0.0,0.0,2023-03-13
3690,2023-03-13 17:00:00+01:00,244.39999389648438,245.1999969482422,243.0,243.60000610351562,118285,0.0,0.0,2023-03-13
3691,2023-03-14 09:00:00+01:00,243.39999389648438,247.3000030517578,243.1999969482422,247.3000030517578,0,0.0,0.0,2023-03-14
3692,2023-03-14 10:00:00+01:00,247.0,247.0,244.0,244.5,30521,0.0,0.0,2023-03-14
3693,2023-03-14 11:00:00+01:00,244.10000610351562,246.89999389648438,243.89999389648438,246.89999389648438,20696,0.0,0.0,2023-03-14
3694,2023-03-14 12:00:00+01:00,246.89999389648438,248.1999969482422,246.89999389648438,247.89999389648438,13393,0.0,0.0,2023-03-14
3695,2023-03-14 13:00:00+01:00,248.1999969482422,251.0,245.60000610351562,250.60000610351562,31874,0.0,0.0,2023-03-14
3696,2023-03-14 14:00:00+01:00,250.89999389648438,251.0,248.0,248.6999969482422,9082,0.0,0.0,2023-03-14
3697,2023-03-14 15:00:00+01:00,248.39999389648438,249.39999389648438,246.1999969482422,246.5,26610,0.0,0.0,2023-03-14
3698,2023-03-14 16:00:00+01:00,246.5,247.60000610351562,245.60000610351562,247.60000610351562,29591,0.0,0.0,2023-03-14
3699,2023-03-14 17:00:00+01:00,247.60000610351562,248.39999389648438,247.3000030517578,248.39999389648438,125277,0.0,0.0,2023-03-14
3700,2023-03-15 09:00:00+01:00,245.0,245.60000610351562,241.8000030517578,241.89999389648438,0,0.0,0.0,2023-03-15
3701,2023-03-15 10:00:00+01:00,242.39999389648438,242.60000610351562,240.10000610351562,240.60000610351562,23964,0.0,0.0,2023-03-15
3702,2023-03-15 11:00:00+01:00,240.6999969482422,241.8000030517578,236.8000030517578,238.10000610351562,38949,0.0,0.0,2023-03-15
3703,2023-03-15 12:00:00+01:00,238.89999389648438,240.6999969482422,238.39999389648438,239.8000030517578,5101,0.0,0.0,2023-03-15
3704,2023-03-15 13:00:00+01:00,240.1999969482422,241.39999389648438,237.8000030517578,241.39999389648438,20986,0.0,0.0,2023-03-15
3705,2023-03-15 14:00:00+01:00,241.0,245.1999969482422,240.3000030517578,242.89999389648438,17328,0.0,0.0,2023-03-15
3706,2023-03-15 15:00:00+01:00,242.60000610351562,244.3000030517578,241.8000030517578,243.6999969482422,45861,0.0,0.0,2023-03-15
3707,2023-03-15 16:00:00+01:00,244.10000610351562,245.60000610351562,243.6999969482422,244.5,27777,0.0,0.0,2023-03-15
3708,2023-03-15 17:00:00+01:00,244.89999389648438,244.89999389648438,242.6999969482422,242.6999969482422,121235,0.0,0.0,2023-03-15
3709,2023-03-16 09:00:00+01:00,247.0,249.6999969482422,240.10000610351562,240.5,0,0.0,0.0,2023-03-16
3710,2023-03-16 10:00:00+01:00,240.1999969482422,240.60000610351562,238.3000030517578,238.3000030517578,18122,0.0,0.0,2023-03-16
3711,2023-03-16 11:00:00+01:00,238.6999969482422,240.5,238.0,239.0,74483,0.0,0.0,2023-03-16
3712,2023-03-16 12:00:00+01:00,239.39999389648438,240.60000610351562,238.10000610351562,239.6999969482422,8635,0.0,0.0,2023-03-16
3713,2023-03-16 13:00:00+01:00,239.60000610351562,239.60000610351562,237.5,238.0,11111,0.0,0.0,2023-03-16
3714,2023-03-16 14:00:00+01:00,238.0,240.39999389648438,235.8000030517578,240.39999389648438,18260,0.0,0.0,2023-03-16
3715,2023-03-16 15:00:00+01:00,241.1999969482422,241.39999389648438,235.39999389648438,240.0,51361,0.0,0.0,2023-03-16
3716,2023-03-16 16:00:00+01:00,240.10000610351562,242.1999969482422,238.8000030517578,241.39999389648438,19819,0.0,0.0,2023-03-16
3717,2023-03-16 17:00:00+01:00,241.0,242.0,240.0,241.89999389648438,166934,0.0,0.0,2023-03-16
3718,2023-03-17 09:00:00+01:00,243.60000610351562,246.0,242.8000030517578,244.3000030517578,0,0.0,0.0,2023-03-17
3719,2023-03-17 10:00:00+01:00,244.6999969482422,244.6999969482422,242.3000030517578,242.3000030517578,10870,0.0,0.0,2023-03-17
3720,2023-03-17 11:00:00+01:00,242.39999389648438,242.8000030517578,239.5,240.3000030517578,33780,0.0,0.0,2023-03-17
3721,2023-03-17 12:00:00+01:00,240.60000610351562,241.39999389648438,239.10000610351562,241.3000030517578,6505,0.0,0.0,2023-03-17
3722,2023-03-17 13:00:00+01:00,241.10000610351562,242.60000610351562,239.60000610351562,240.8000030517578,7522,0.0,0.0,2023-03-17
3723,2023-03-17 14:00:00+01:00,241.3000030517578,242.6999969482422,239.0,240.39999389648438,23233,0.0,0.0,2023-03-17
3724,2023-03-17 15:00:00+01:00,241.6999969482422,241.6999969482422,234.89999389648438,234.89999389648438,29393,0.0,0.0,2023-03-17
3725,2023-03-17 16:00:00+01:00,234.89999389648438,237.1999969482422,234.3000030517578,236.8000030517578,41716,0.0,0.0,2023-03-17
3726,2023-03-17 17:00:00+01:00,237.0,238.8000030517578,236.60000610351562,237.6999969482422,411038,0.0,0.0,2023-03-17
3727,2023-03-20 09:00:00+01:00,236.10000610351562,238.39999389648438,232.60000610351562,235.6999969482422,0,0.0,0.0,2023-03-20
3728,2023-03-20 10:00:00+01:00,236.0,238.1999969482422,234.39999389648438,237.60000610351562,34890,0.0,0.0,2023-03-20
3729,2023-03-20 11:00:00+01:00,237.3000030517578,238.39999389648438,236.5,237.5,13427,0.0,0.0,2023-03-20
3730,2023-03-20 12:00:00+01:00,237.39999389648438,238.5,235.6999969482422,236.3000030517578,8231,0.0,0.0,2023-03-20
3731,2023-03-20 13:00:00+01:00,236.3000030517578,237.60000610351562,236.0,236.39999389648438,15742,0.0,0.0,2023-03-20
3732,2023-03-20 14:00:00+01:00,236.0,237.0,235.5,236.3000030517578,15706,0.0,0.0,2023-03-20
3733,2023-03-20 15:00:00+01:00,236.60000610351562,236.6999969482422,235.1999969482422,235.89999389648438,50413,0.0,0.0,2023-03-20
3734,2023-03-20 16:00:00+01:00,236.10000610351562,240.10000610351562,235.89999389648438,239.39999389648438,30599,0.0,0.0,2023-03-20
3735,2023-03-20 17:00:00+01:00,239.5,240.10000610351562,238.6999969482422,238.8000030517578,226577,0.0,0.0,2023-03-20
3736,2023-03-21 09:00:00+01:00,238.8000030517578,241.60000610351562,236.6999969482422,236.6999969482422,0,0.0,0.0,2023-03-21
3737,2023-03-21 10:00:00+01:00,236.3000030517578,238.10000610351562,235.8000030517578,237.3000030517578,16871,0.0,0.0,2023-03-21
3738,2023-03-21 11:00:00+01:00,237.5,239.60000610351562,237.5,238.89999389648438,17169,0.0,0.0,2023-03-21
3739,2023-03-21 12:00:00+01:00,238.6999969482422,239.5,238.0,238.39999389648438,13379,0.0,0.0,2023-03-21
3740,2023-03-21 13:00:00+01:00,238.6999969482422,238.8000030517578,237.5,238.10000610351562,15636,0.0,0.0,2023-03-21
3741,2023-03-21 14:00:00+01:00,238.5,239.1999969482422,237.5,238.1999969482422,13030,0.0,0.0,2023-03-21
3742,2023-03-21 15:00:00+01:00,238.39999389648438,239.1999969482422,236.6999969482422,236.89999389648438,38252,0.0,0.0,2023-03-21
3743,2023-03-21 16:00:00+01:00,237.10000610351562,240.10000610351562,237.0,239.10000610351562,26861,0.0,0.0,2023-03-21
3744,2023-03-21 17:00:00+01:00,239.0,239.39999389648438,238.8000030517578,239.1999969482422,82886,0.0,0.0,2023-03-21
3745,2023-03-22 09:00:00+01:00,241.10000610351562,241.10000610351562,230.60000610351562,230.8000030517578,0,0.0,0.0,2023-03-22
3746,2023-03-22 10:00:00+01:00,230.60000610351562,230.60000610351562,228.6999969482422,229.10000610351562,40766,0.0,0.0,2023-03-22
3747,2023-03-22 11:00:00+01:00,229.10000610351562,230.39999389648438,228.39999389648438,229.3000030517578,16298,0.0,0.0,2023-03-22
3748,2023-03-22 12:00:00+01:00,229.1999969482422,229.1999969482422,227.10000610351562,227.10000610351562,6209,0.0,0.0,2023-03-22
3749,2023-03-22 13:00:00+01:00,227.5,227.60000610351562,225.10000610351562,226.39999389648438,10001,0.0,0.0,2023-03-22
3750,2023-03-22 14:00:00+01:00,226.5,227.1999969482422,226.3000030517578,226.89999389648438,7549,0.0,0.0,2023-03-22
3751,2023-03-22 15:00:00+01:00,226.8000030517578,231.0,226.8000030517578,230.60000610351562,31721,0.0,0.0,2023-03-22
3752,2023-03-22 16:00:00+01:00,229.89999389648438,231.1999969482422,229.60000610351562,230.5,29087,0.0,0.0,2023-03-22
3753,2023-03-22 17:00:00+01:00,230.39999389648438,230.8000030517578,229.10000610351562,229.10000610351562,133864,0.0,0.0,2023-03-22
3754,2023-03-23 09:00:00+01:00,228.89999389648438,231.3000030517578,228.60000610351562,228.89999389648438,0,0.0,0.0,2023-03-23
3755,2023-03-23 10:00:00+01:00,228.3000030517578,228.3000030517578,226.60000610351562,227.5,59629,0.0,0.0,2023-03-23
3756,2023-03-23 11:00:00+01:00,227.39999389648438,227.39999389648438,225.60000610351562,226.3000030517578,9610,0.0,0.0,2023-03-23
3757,2023-03-23 12:00:00+01:00,226.0,228.1999969482422,225.6999969482422,227.6999969482422,15401,0.0,0.0,2023-03-23
3758,2023-03-23 13:00:00+01:00,227.5,228.10000610351562,227.10000610351562,227.8000030517578,5235,0.0,0.0,2023-03-23
3759,2023-03-23 14:00:00+01:00,227.8000030517578,227.8000030517578,226.3000030517578,227.10000610351562,11468,0.0,0.0,2023-03-23
3760,2023-03-23 15:00:00+01:00,227.1999969482422,229.3000030517578,227.10000610351562,228.39999389648438,28404,0.0,0.0,2023-03-23
3761,2023-03-23 16:00:00+01:00,228.5,231.1999969482422,228.5,231.1999969482422,20796,0.0,0.0,2023-03-23
3762,2023-03-23 17:00:00+01:00,231.10000610351562,231.10000610351562,230.10000610351562,230.8000030517578,96338,0.0,0.0,2023-03-23
3763,2023-03-24 09:00:00+01:00,226.89999389648438,230.39999389648438,224.8000030517578,225.10000610351562,0,0.0,0.0,2023-03-24
3764,2023-03-24 10:00:00+01:00,225.1999969482422,226.10000610351562,223.6999969482422,224.5,24865,0.0,0.0,2023-03-24
3765,2023-03-24 11:00:00+01:00,224.6999969482422,225.8000030517578,221.0,221.0,25261,0.0,0.0,2023-03-24
3766,2023-03-24 12:00:00+01:00,221.1999969482422,221.8000030517578,219.6999969482422,219.8000030517578,22064,0.0,0.0,2023-03-24
3767,2023-03-24 13:00:00+01:00,220.0,220.10000610351562,218.8000030517578,220.0,43416,0.0,0.0,2023-03-24
3768,2023-03-24 14:00:00+01:00,219.60000610351562,219.8000030517578,217.6999969482422,219.0,47019,0.0,0.0,2023-03-24
3769,2023-03-24 15:00:00+01:00,218.89999389648438,224.0,218.60000610351562,223.5,25792,0.0,0.0,2023-03-24
3770,2023-03-24 16:00:00+01:00,223.39999389648438,223.60000610351562,219.3000030517578,221.0,27832,0.0,0.0,2023-03-24
3771,2023-03-24 17:00:00+01:00,222.0,222.0,219.5,220.89999389648438,155461,0.0,0.0,2023-03-24
3772,2023-03-27 09:00:00+02:00,223.3000030517578,224.5,221.1999969482422,221.89999389648438,0,0.0,0.0,2023-03-27
3773,2023-03-27 10:00:00+02:00,222.60000610351562,225.39999389648438,222.60000610351562,224.8000030517578,14319,0.0,0.0,2023-03-27
3774,2023-03-27 11:00:00+02:00,225.3000030517578,226.1999969482422,224.10000610351562,224.10000610351562,24093,0.0,0.0,2023-03-27
3775,2023-03-27 12:00:00+02:00,223.89999389648438,225.3000030517578,223.8000030517578,224.39999389648438,9735,0.0,0.0,2023-03-27
3776,2023-03-27 13:00:00+02:00,224.60000610351562,225.0,223.6999969482422,224.0,8354,0.0,0.0,2023-03-27
3777,2023-03-27 14:00:00+02:00,224.1999969482422,224.5,222.89999389648438,224.3000030517578,10880,0.0,0.0,2023-03-27
3778,2023-03-27 15:00:00+02:00,224.5,224.8000030517578,222.5,222.8000030517578,15166,0.0,0.0,2023-03-27
3779,2023-03-27 16:00:00+02:00,222.6999969482422,222.6999969482422,221.1999969482422,222.10000610351562,16886,0.0,0.0,2023-03-27
3780,2023-03-27 17:00:00+02:00,221.8000030517578,222.89999389648438,221.8000030517578,222.8000030517578,88834,0.0,0.0,2023-03-27
3781,2023-03-28 09:00:00+02:00,225.1999969482422,226.6999969482422,220.6999969482422,220.6999969482422,0,0.0,0.0,2023-03-28
3782,2023-03-28 10:00:00+02:00,220.1999969482422,220.1999969482422,218.1999969482422,218.3000030517578,7189,0.0,0.0,2023-03-28
3783,2023-03-28 11:00:00+02:00,218.3000030517578,218.60000610351562,217.3000030517578,217.39999389648438,11178,0.0,0.0,2023-03-28
3784,2023-03-28 12:00:00+02:00,217.6999969482422,218.0,217.10000610351562,217.8000030517578,5602,0.0,0.0,2023-03-28
3785,2023-03-28 13:00:00+02:00,217.60000610351562,217.8000030517578,216.6999969482422,216.89999389648438,3523,0.0,0.0,2023-03-28
3786,2023-03-28 14:00:00+02:00,217.3000030517578,217.60000610351562,216.39999389648438,217.39999389648438,5174,0.0,0.0,2023-03-28
3787,2023-03-28 15:00:00+02:00,217.39999389648438,218.39999389648438,216.5,216.6999969482422,10087,0.0,0.0,2023-03-28
3788,2023-03-28 16:00:00+02:00,216.8000030517578,217.1999969482422,216.1999969482422,216.6999969482422,12267,0.0,0.0,2023-03-28
3789,2023-03-28 17:00:00+02:00,216.3000030517578,217.3000030517578,216.3000030517578,217.1999969482422,0,0.0,0.0,2023-03-28
3790,2023-03-29 09:00:00+02:00,218.5,218.6999969482422,214.39999389648438,217.60000610351562,37979,0.0,0.0,2023-03-29
3791,2023-03-29 10:00:00+02:00,217.89999389648438,218.5,216.39999389648438,218.0,19744,0.0,0.0,2023-03-29
3792,2023-03-29 11:00:00+02:00,218.10000610351562,222.3000030517578,218.10000610351562,221.3000030517578,28532,0.0,0.0,2023-03-29
3793,2023-03-29 12:00:00+02:00,221.1999969482422,221.5,220.1999969482422,220.60000610351562,9617,0.0,0.0,2023-03-29
3794,2023-03-29 13:00:00+02:00,220.5,221.6999969482422,220.5,221.6999969482422,10861,0.0,0.0,2023-03-29
3795,2023-03-29 14:00:00+02:00,221.60000610351562,224.0,220.89999389648438,223.89999389648438,11385,0.0,0.0,2023-03-29
3796,2023-03-29 15:00:00+02:00,223.89999389648438,224.89999389648438,223.10000610351562,223.10000610351562,31652,0.0,0.0,2023-03-29
3797,2023-03-29 16:00:00+02:00,223.3000030517578,225.39999389648438,223.3000030517578,224.10000610351562,27850,0.0,0.0,2023-03-29
3798,2023-03-29 17:00:00+02:00,224.5,226.10000610351562,224.5,226.10000610351562,182996,0.0,0.0,2023-03-29
3799,2023-03-30 09:00:00+02:00,226.3000030517578,234.89999389648438,226.3000030517578,234.8000030517578,0,0.0,0.0,2023-03-30
3800,2023-03-30 10:00:00+02:00,234.6999969482422,236.0,233.89999389648438,234.10000610351562,19756,0.0,0.0,2023-03-30
3801,2023-03-30 11:00:00+02:00,233.89999389648438,233.89999389648438,231.8000030517578,231.8000030517578,3952,0.0,0.0,2023-03-30
3802,2023-03-30 12:00:00+02:00,231.89999389648438,232.60000610351562,230.60000610351562,231.39999389648438,21354,0.0,0.0,2023-03-30
3803,2023-03-30 13:00:00+02:00,231.60000610351562,233.0,230.8000030517578,232.60000610351562,8008,0.0,0.0,2023-03-30
3804,2023-03-30 14:00:00+02:00,232.60000610351562,233.8000030517578,232.1999969482422,233.0,20555,0.0,0.0,2023-03-30
3805,2023-03-30 15:00:00+02:00,233.0,234.6999969482422,232.60000610351562,234.60000610351562,22245,0.0,0.0,2023-03-30
3806,2023-03-30 16:00:00+02:00,234.60000610351562,236.60000610351562,234.0,236.10000610351562,17213,0.0,0.0,2023-03-30
3807,2023-03-30 17:00:00+02:00,236.0,237.10000610351562,235.8000030517578,236.89999389648438,188360,0.0,0.0,2023-03-30
3808,2023-03-31 09:00:00+02:00,240.0,240.0,231.39999389648438,234.39999389648438,0,0.0,0.0,2023-03-31
3809,2023-03-31 10:00:00+02:00,234.60000610351562,236.6999969482422,234.1999969482422,235.3000030517578,30005,0.0,0.0,2023-03-31
3810,2023-03-31 11:00:00+02:00,235.10000610351562,236.5,235.10000610351562,236.3000030517578,7605,0.0,0.0,2023-03-31
3811,2023-03-31 12:00:00+02:00,236.3000030517578,236.3000030517578,235.0,235.6999969482422,5601,0.0,0.0,2023-03-31
3812,2023-03-31 13:00:00+02:00,235.6999969482422,237.0,235.1999969482422,236.89999389648438,6967,0.0,0.0,2023-03-31
3813,2023-03-31 14:00:00+02:00,236.89999389648438,238.6999969482422,235.6999969482422,238.39999389648438,16504,0.0,0.0,2023-03-31
3814,2023-03-31 15:00:00+02:00,238.3000030517578,240.3000030517578,238.3000030517578,239.39999389648438,24428,0.0,0.0,2023-03-31
3815,2023-03-31 16:00:00+02:00,239.5,239.8000030517578,237.60000610351562,238.5,23412,0.0,0.0,2023-03-31
3816,2023-03-31 17:00:00+02:00,238.8000030517578,239.5,238.1999969482422,238.8000030517578,226041,0.0,0.0,2023-03-31
3817,2023-04-03 09:00:00+02:00,241.5,242.0,236.3000030517578,237.89999389648438,0,0.0,0.0,2023-04-03
3818,2023-04-03 10:00:00+02:00,237.89999389648438,238.3000030517578,236.8000030517578,237.1999969482422,6232,0.0,0.0,2023-04-03
3819,2023-04-03 11:00:00+02:00,237.10000610351562,237.89999389648438,236.1999969482422,236.1999969482422,9329,0.0,0.0,2023-04-03
3820,2023-04-03 12:00:00+02:00,236.1999969482422,237.1999969482422,235.5,236.6999969482422,16334,0.0,0.0,2023-04-03
3821,2023-04-03 13:00:00+02:00,236.5,236.60000610351562,235.5,235.5,9533,0.0,0.0,2023-04-03
3822,2023-04-03 14:00:00+02:00,235.3000030517578,235.8000030517578,233.5,233.89999389648438,13424,0.0,0.0,2023-04-03
3823,2023-04-03 15:00:00+02:00,234.39999389648438,235.0,233.6999969482422,234.89999389648438,33809,0.0,0.0,2023-04-03
3824,2023-04-03 16:00:00+02:00,235.0,235.89999389648438,233.89999389648438,234.3000030517578,26987,0.0,0.0,2023-04-03
3825,2023-04-03 17:00:00+02:00,234.10000610351562,235.10000610351562,234.0,235.10000610351562,108650,0.0,0.0,2023-04-03
3826,2023-04-04 09:00:00+02:00,237.5,239.6999969482422,235.3000030517578,239.5,0,0.0,0.0,2023-04-04
3827,2023-04-04 10:00:00+02:00,239.5,240.8000030517578,239.10000610351562,239.8000030517578,9214,0.0,0.0,2023-04-04
3828,2023-04-04 11:00:00+02:00,239.89999389648438,241.5,239.6999969482422,241.10000610351562,4213,0.0,0.0,2023-04-04
3829,2023-04-04 12:00:00+02:00,241.0,242.39999389648438,240.6999969482422,242.39999389648438,4016,0.0,0.0,2023-04-04
3830,2023-04-04 13:00:00+02:00,242.10000610351562,242.10000610351562,240.8000030517578,241.10000610351562,8089,0.0,0.0,2023-04-04
3831,2023-04-04 14:00:00+02:00,241.60000610351562,241.6999969482422,239.39999389648438,239.60000610351562,11436,0.0,0.0,2023-04-04
3832,2023-04-04 15:00:00+02:00,240.1999969482422,241.39999389648438,239.60000610351562,240.1999969482422,28981,0.0,0.0,2023-04-04
3833,2023-04-04 16:00:00+02:00,239.8000030517578,241.10000610351562,238.89999389648438,238.89999389648438,17708,0.0,0.0,2023-04-04
3834,2023-04-04 17:00:00+02:00,238.89999389648438,239.60000610351562,238.8000030517578,239.60000610351562,137973,0.0,0.0,2023-04-04
3835,2023-04-05 09:00:00+02:00,240.0,240.0,236.39999389648438,237.1999969482422,0,0.0,0.0,2023-04-05
3836,2023-04-05 10:00:00+02:00,237.0,237.3000030517578,234.6999969482422,234.8000030517578,9638,0.0,0.0,2023-04-05
3837,2023-04-05 11:00:00+02:00,235.10000610351562,235.39999389648438,232.89999389648438,233.10000610351562,17262,0.0,0.0,2023-04-05
3838,2023-04-05 12:00:00+02:00,233.10000610351562,234.1999969482422,232.5,232.5,40826,0.0,0.0,2023-04-05
3839,2023-04-06 09:00:00+02:00,235.0,235.5,233.1999969482422,233.5,0,0.0,0.0,2023-04-06
3840,2023-04-06 10:00:00+02:00,233.8000030517578,236.1999969482422,233.6999969482422,236.0,10910,0.0,0.0,2023-04-06
3841,2023-04-06 11:00:00+02:00,236.0,236.6999969482422,234.39999389648438,236.6999969482422,0,0.0,0.0,2023-04-06
3842,2023-04-06 12:00:00+02:00,236.8000030517578,238.3000030517578,235.6999969482422,238.3000030517578,0,0.0,0.0,2023-04-06
3843,2023-04-11 09:00:00+02:00,237.5,244.1999969482422,237.5,242.10000610351562,26976,0.0,0.0,2023-04-11
3844,2023-04-11 10:00:00+02:00,242.6999969482422,242.6999969482422,241.10000610351562,242.1999969482422,13507,0.0,0.0,2023-04-11
3845,2023-04-11 11:00:00+02:00,242.1999969482422,242.5,240.89999389648438,240.89999389648438,16724,0.0,0.0,2023-04-11
3846,2023-04-11 12:00:00+02:00,240.8000030517578,242.1999969482422,240.6999969482422,241.89999389648438,6269,0.0,0.0,2023-04-11
3847,2023-04-11 13:00:00+02:00,242.0,242.0,240.5,240.5,4795,0.0,0.0,2023-04-11
3848,2023-04-11 14:00:00+02:00,240.39999389648438,240.5,239.6999969482422,240.10000610351562,9052,0.0,0.0,2023-04-11
3849,2023-04-11 15:00:00+02:00,240.10000610351562,240.5,239.39999389648438,240.10000610351562,18275,0.0,0.0,2023-04-11
3850,2023-04-11 16:00:00+02:00,240.0,240.5,239.6999969482422,240.5,37631,0.0,0.0,2023-04-11
3851,2023-04-11 17:00:00+02:00,240.1999969482422,241.0,239.89999389648438,241.0,157898,0.0,0.0,2023-04-11
3852,2023-04-12 09:00:00+02:00,242.0,243.3000030517578,241.3000030517578,241.5,0,0.0,0.0,2023-04-12
3853,2023-04-12 10:00:00+02:00,241.39999389648438,242.39999389648438,241.39999389648438,242.1999969482422,10545,0.0,0.0,2023-04-12
3854,2023-04-12 11:00:00+02:00,242.5,244.5,242.3000030517578,243.60000610351562,5649,0.0,0.0,2023-04-12
3855,2023-04-12 12:00:00+02:00,243.10000610351562,243.60000610351562,242.6999969482422,243.10000610351562,8897,0.0,0.0,2023-04-12
3856,2023-04-12 13:00:00+02:00,243.0,244.5,242.89999389648438,243.8000030517578,9102,0.0,0.0,2023-04-12
3857,2023-04-12 14:00:00+02:00,244.10000610351562,251.1999969482422,243.8000030517578,249.89999389648438,145911,0.0,0.0,2023-04-12
3858,2023-04-12 15:00:00+02:00,249.1999969482422,249.3000030517578,246.5,247.39999389648438,43706,0.0,0.0,2023-04-12
3859,2023-04-12 16:00:00+02:00,247.3000030517578,247.3000030517578,243.39999389648438,244.1999969482422,26799,0.0,0.0,2023-04-12
3860,2023-04-12 17:00:00+02:00,244.39999389648438,245.0,243.8000030517578,244.6999969482422,84026,0.0,0.0,2023-04-12
3861,2023-04-13 09:00:00+02:00,243.8000030517578,247.0,243.39999389648438,244.39999389648438,0,0.0,0.0,2023-04-13
3862,2023-04-13 10:00:00+02:00,244.5,245.89999389648438,243.60000610351562,243.89999389648438,10269,0.0,0.0,2023-04-13
3863,2023-04-13 11:00:00+02:00,243.60000610351562,244.0,242.3000030517578,243.5,6129,0.0,0.0,2023-04-13
3864,2023-04-13 12:00:00+02:00,243.1999969482422,243.39999389648438,242.3000030517578,242.6999969482422,7186,0.0,0.0,2023-04-13
3865,2023-04-13 13:00:00+02:00,243.0,243.5,242.60000610351562,242.8000030517578,307426,0.0,0.0,2023-04-13
3866,2023-04-13 14:00:00+02:00,242.6999969482422,245.10000610351562,242.60000610351562,244.89999389648438,16459,0.0,0.0,2023-04-13
3867,2023-04-13 15:00:00+02:00,244.8000030517578,245.60000610351562,242.89999389648438,245.60000610351562,0,0.0,0.0,2023-04-13
3868,2023-04-13 16:00:00+02:00,245.10000610351562,246.5,245.10000610351562,246.0,407975,0.0,0.0,2023-04-13
3869,2023-04-13 17:00:00+02:00,246.10000610351562,246.39999389648438,245.1999969482422,246.10000610351562,63064,0.0,0.0,2023-04-13
3870,2023-04-14 09:00:00+02:00,247.0,255.89999389648438,247.0,255.8000030517578,0,0.0,0.0,2023-04-14
3871,2023-04-14 10:00:00+02:00,256.0,257.20001220703125,253.3000030517578,253.6999969482422,21893,0.0,0.0,2023-04-14
3872,2023-04-14 11:00:00+02:00,253.89999389648438,255.60000610351562,253.89999389648438,255.0,8310,0.0,0.0,2023-04-14
3873,2023-04-14 12:00:00+02:00,254.8000030517578,255.89999389648438,254.6999969482422,255.8000030517578,10086,0.0,0.0,2023-04-14
3874,2023-04-14 13:00:00+02:00,255.39999389648438,257.1000061035156,254.6999969482422,257.1000061035156,10240,0.0,0.0,2023-04-14
3875,2023-04-14 14:00:00+02:00,257.29998779296875,258.5,254.1999969482422,254.39999389648438,14965,0.0,0.0,2023-04-14
3876,2023-04-14 15:00:00+02:00,254.39999389648438,256.1000061035156,254.3000030517578,255.8000030517578,16666,0.0,0.0,2023-04-14
3877,2023-04-14 16:00:00+02:00,255.5,256.0,253.5,254.1999969482422,26572,0.0,0.0,2023-04-14
3878,2023-04-14 17:00:00+02:00,254.1999969482422,254.60000610351562,253.60000610351562,254.10000610351562,68471,0.0,0.0,2023-04-14
3879,2023-04-17 09:00:00+02:00,254.6999969482422,256.20001220703125,253.60000610351562,255.89999389648438,0,0.0,0.0,2023-04-17
3880,2023-04-17 10:00:00+02:00,255.5,256.3999938964844,253.10000610351562,253.39999389648438,22866,0.0,0.0,2023-04-17
3881,2023-04-17 11:00:00+02:00,253.10000610351562,254.3000030517578,252.89999389648438,253.89999389648438,6087,0.0,0.0,2023-04-17
3882,2023-04-17 12:00:00+02:00,254.10000610351562,255.8000030517578,254.10000610351562,255.8000030517578,3819,0.0,0.0,2023-04-17
3883,2023-04-17 13:00:00+02:00,255.89999389648438,256.0,255.0,255.60000610351562,1994,0.0,0.0,2023-04-17
3884,2023-04-17 14:00:00+02:00,255.6999969482422,256.5,255.10000610351562,255.8000030517578,9856,0.0,0.0,2023-04-17
3885,2023-04-17 15:00:00+02:00,255.89999389648438,258.0,255.89999389648438,258.0,24339,0.0,0.0,2023-04-17
3886,2023-04-17 16:00:00+02:00,258.1000061035156,258.1000061035156,256.0,256.1000061035156,15953,0.0,0.0,2023-04-17
3887,2023-04-17 17:00:00+02:00,256.1000061035156,257.1000061035156,256.1000061035156,256.6000061035156,66787,0.0,0.0,2023-04-17
3888,2023-04-18 09:00:00+02:00,259.79998779296875,259.79998779296875,254.3000030517578,255.1999969482422,0,0.0,0.0,2023-04-18
3889,2023-04-18 10:00:00+02:00,255.10000610351562,257.6000061035156,255.0,257.0,12736,0.0,0.0,2023-04-18
3890,2023-04-18 11:00:00+02:00,256.79998779296875,257.0,254.39999389648438,254.6999969482422,12148,0.0,0.0,2023-04-18
3891,2023-04-18 12:00:00+02:00,254.6999969482422,256.0,254.6999969482422,255.8000030517578,3408,0.0,0.0,2023-04-18
3892,2023-04-18 13:00:00+02:00,255.60000610351562,256.20001220703125,254.8000030517578,254.89999389648438,8504,0.0,0.0,2023-04-18
3893,2023-04-18 14:00:00+02:00,254.60000610351562,254.60000610351562,252.1999969482422,252.8000030517578,14097,0.0,0.0,2023-04-18
3894,2023-04-18 15:00:00+02:00,252.6999969482422,253.60000610351562,252.3000030517578,253.0,10003,0.0,0.0,2023-04-18
3895,2023-04-18 16:00:00+02:00,253.0,253.8000030517578,252.60000610351562,253.1999969482422,13271,0.0,0.0,2023-04-18
3896,2023-04-18 17:00:00+02:00,253.1999969482422,253.5,251.6999969482422,252.39999389648438,93686,0.0,0.0,2023-04-18
3897,2023-04-19 09:00:00+02:00,250.0,250.0,246.3000030517578,248.0,0,0.0,0.0,2023-04-19
3898,2023-04-19 10:00:00+02:00,247.1999969482422,249.1999969482422,247.1999969482422,249.1999969482422,7182,0.0,0.0,2023-04-19
3899,2023-04-19 11:00:00+02:00,249.10000610351562,249.1999969482422,247.60000610351562,247.60000610351562,9711,0.0,0.0,2023-04-19
3900,2023-04-19 12:00:00+02:00,247.39999389648438,248.60000610351562,247.1999969482422,248.5,3991,0.0,0.0,2023-04-19
3901,2023-04-19 13:00:00+02:00,248.10000610351562,248.1999969482422,245.89999389648438,247.39999389648438,15816,0.0,0.0,2023-04-19
3902,2023-04-19 14:00:00+02:00,247.39999389648438,249.1999969482422,246.6999969482422,248.6999969482422,6161,0.0,0.0,2023-04-19
3903,2023-04-19 15:00:00+02:00,248.89999389648438,250.10000610351562,247.8000030517578,249.89999389648438,9074,0.0,0.0,2023-04-19
3904,2023-04-19 16:00:00+02:00,249.89999389648438,250.10000610351562,248.89999389648438,249.89999389648438,22368,0.0,0.0,2023-04-19
3905,2023-04-19 17:00:00+02:00,249.8000030517578,250.39999389648438,249.6999969482422,250.0,0,0.0,0.0,2023-04-19
3906,2023-04-20 09:00:00+02:00,249.8000030517578,251.6999969482422,249.0,251.1999969482422,11873,0.0,0.0,2023-04-20
3907,2023-04-20 10:00:00+02:00,250.6999969482422,252.6999969482422,250.0,252.60000610351562,46646,0.0,0.0,2023-04-20
3908,2023-04-20 11:00:00+02:00,252.39999389648438,252.5,250.89999389648438,250.89999389648438,104415,0.0,0.0,2023-04-20
3909,2023-04-20 12:00:00+02:00,250.89999389648438,253.0,250.89999389648438,252.60000610351562,6061,0.0,0.0,2023-04-20
3910,2023-04-20 13:00:00+02:00,252.5,253.89999389648438,252.3000030517578,253.1999969482422,7666,0.0,0.0,2023-04-20
3911,2023-04-20 14:00:00+02:00,253.0,253.0,250.60000610351562,250.8000030517578,13844,0.0,0.0,2023-04-20
3912,2023-04-20 15:00:00+02:00,250.60000610351562,250.6999969482422,248.6999969482422,248.6999969482422,13058,0.0,0.0,2023-04-20
3913,2023-04-20 16:00:00+02:00,248.8000030517578,249.1999969482422,247.60000610351562,248.3000030517578,12209,0.0,0.0,2023-04-20
3914,2023-04-20 17:00:00+02:00,248.3000030517578,248.60000610351562,248.0,248.10000610351562,70355,0.0,0.0,2023-04-20
3915,2023-04-21 09:00:00+02:00,248.10000610351562,249.39999389648438,246.89999389648438,249.0,0,0.0,0.0,2023-04-21
3916,2023-04-21 10:00:00+02:00,248.8000030517578,248.8000030517578,245.89999389648438,246.8000030517578,3498,0.0,0.0,2023-04-21
3917,2023-04-21 11:00:00+02:00,247.0,247.8000030517578,245.6999969482422,247.6999969482422,2955,0.0,0.0,2023-04-21
3918,2023-04-21 12:00:00+02:00,247.60000610351562,248.0,246.6999969482422,246.6999969482422,4415,0.0,0.0,2023-04-21
3919,2023-04-21 13:00:00+02:00,246.39999389648438,248.3000030517578,246.39999389648438,247.60000610351562,607,0.0,0.0,2023-04-21
3920,2023-04-21 14:00:00+02:00,247.5,248.5,247.5,248.39999389648438,2095,0.0,0.0,2023-04-21
3921,2023-04-21 15:00:00+02:00,248.8000030517578,250.39999389648438,248.39999389648438,249.60000610351562,13242,0.0,0.0,2023-04-21
3922,2023-04-21 16:00:00+02:00,249.60000610351562,249.60000610351562,248.10000610351562,248.1999969482422,7612,0.0,0.0,2023-04-21
3923,2023-04-21 17:00:00+02:00,248.60000610351562,249.5,248.60000610351562,249.39999389648438,60380,0.0,0.0,2023-04-21
3924,2023-04-24 09:00:00+02:00,249.3000030517578,251.3000030517578,248.39999389648438,250.10000610351562,0,0.0,0.0,2023-04-24
3925,2023-04-24 10:00:00+02:00,250.0,250.8000030517578,248.8000030517578,250.1999969482422,4853,0.0,0.0,2023-04-24
3926,2023-04-24 11:00:00+02:00,250.6999969482422,251.10000610351562,250.3000030517578,250.5,5272,0.0,0.0,2023-04-24
3927,2023-04-24 12:00:00+02:00,250.5,251.1999969482422,250.1999969482422,251.0,13664,0.0,0.0,2023-04-24
3928,2023-04-24 13:00:00+02:00,251.0,251.89999389648438,250.39999389648438,251.89999389648438,4267,0.0,0.0,2023-04-24
3929,2023-04-24 14:00:00+02:00,252.0,252.0,250.0,251.10000610351562,5368,0.0,0.0,2023-04-24
3930,2023-04-24 15:00:00+02:00,250.6999969482422,251.0,248.8000030517578,249.1999969482422,10309,0.0,0.0,2023-04-24
3931,2023-04-24 16:00:00+02:00,248.8000030517578,249.1999969482422,247.89999389648438,248.1999969482422,7340,0.0,0.0,2023-04-24
3932,2023-04-24 17:00:00+02:00,248.5,249.1999969482422,248.1999969482422,248.5,39279,0.0,0.0,2023-04-24
3933,2023-04-25 09:00:00+02:00,248.5,248.5,241.60000610351562,241.60000610351562,0,0.0,0.0,2023-04-25
3934,2023-04-25 10:00:00+02:00,241.39999389648438,243.3000030517578,241.0,242.39999389648438,7135,0.0,0.0,2023-04-25
3935,2023-04-25 11:00:00+02:00,241.89999389648438,244.39999389648438,241.6999969482422,244.1999969482422,9139,0.0,0.0,2023-04-25
3936,2023-04-25 12:00:00+02:00,244.10000610351562,244.1999969482422,242.89999389648438,243.10000610351562,8515,0.0,0.0,2023-04-25
3937,2023-04-25 13:00:00+02:00,243.1999969482422,244.5,242.8000030517578,244.5,6779,0.0,0.0,2023-04-25
3938,2023-04-25 14:00:00+02:00,244.60000610351562,245.0,244.10000610351562,244.1999969482422,53574,0.0,0.0,2023-04-25
3939,2023-04-25 15:00:00+02:00,244.1999969482422,245.3000030517578,243.39999389648438,244.0,8279,0.0,0.0,2023-04-25
3940,2023-04-25 16:00:00+02:00,244.0,244.6999969482422,242.5,243.0,13534,0.0,0.0,2023-04-25
3941,2023-04-25 17:00:00+02:00,243.10000610351562,243.5,242.60000610351562,243.5,39556,0.0,0.0,2023-04-25
3942,2023-04-26 09:00:00+02:00,242.8000030517578,242.8000030517578,237.1999969482422,239.89999389648438,0,0.0,0.0,2023-04-26
3943,2023-04-26 10:00:00+02:00,240.3000030517578,243.8000030517578,240.3000030517578,242.6999969482422,133095,0.0,0.0,2023-04-26
3944,2023-04-26 11:00:00+02:00,243.10000610351562,245.3000030517578,243.10000610351562,243.89999389648438,34886,0.0,0.0,2023-04-26
3945,2023-04-26 12:00:00+02:00,244.1999969482422,244.89999389648438,243.39999389648438,243.60000610351562,12948,0.0,0.0,2023-04-26
3946,2023-04-26 13:00:00+02:00,243.8000030517578,244.60000610351562,243.0,243.6999969482422,7009,0.0,0.0,2023-04-26
3947,2023-04-26 14:00:00+02:00,243.89999389648438,246.39999389648438,243.6999969482422,246.10000610351562,9404,0.0,0.0,2023-04-26
3948,2023-04-26 15:00:00+02:00,245.39999389648438,245.39999389648438,241.3000030517578,241.60000610351562,14223,0.0,0.0,2023-04-26
3949,2023-04-26 16:00:00+02:00,241.60000610351562,242.5,240.39999389648438,241.6999969482422,17918,0.0,0.0,2023-04-26
3950,2023-04-26 17:00:00+02:00,241.6999969482422,242.10000610351562,241.3000030517578,242.10000610351562,164719,0.0,0.0,2023-04-26
3951,2023-04-27 09:00:00+02:00,242.3000030517578,243.0,239.89999389648438,242.0,0,0.0,0.0,2023-04-27
3952,2023-04-27 10:00:00+02:00,242.1999969482422,246.0,242.1999969482422,246.0,6816,0.0,0.0,2023-04-27
3953,2023-04-27 11:00:00+02:00,246.8000030517578,249.0,246.0,247.39999389648438,12438,0.0,0.0,2023-04-27
3954,2023-04-27 12:00:00+02:00,247.60000610351562,247.8000030517578,245.1999969482422,246.10000610351562,8024,0.0,0.0,2023-04-27
3955,2023-04-27 13:00:00+02:00,246.10000610351562,247.0,245.6999969482422,246.39999389648438,13526,0.0,0.0,2023-04-27
3956,2023-04-27 14:00:00+02:00,246.3000030517578,246.89999389648438,245.0,245.89999389648438,7747,0.0,0.0,2023-04-27
3957,2023-04-27 15:00:00+02:00,246.39999389648438,247.60000610351562,246.1999969482422,247.5,19006,0.0,0.0,2023-04-27
3958,2023-04-27 16:00:00+02:00,247.0,249.8000030517578,246.5,249.3000030517578,7806,0.0,0.0,2023-04-27
3959,2023-04-27 17:00:00+02:00,249.3000030517578,249.8000030517578,248.60000610351562,248.89999389648438,47088,0.0,0.0,2023-04-27
3960,2023-04-28 09:00:00+02:00,259.79998779296875,259.79998779296875,246.3000030517578,246.3000030517578,0,0.0,0.0,2023-04-28
3961,2023-04-28 10:00:00+02:00,245.89999389648438,248.1999969482422,245.60000610351562,247.5,9599,0.0,0.0,2023-04-28
3962,2023-04-28 11:00:00+02:00,247.8000030517578,250.1999969482422,247.5,249.8000030517578,11278,0.0,0.0,2023-04-28
3963,2023-04-28 12:00:00+02:00,249.8000030517578,249.89999389648438,248.39999389648438,248.60000610351562,4845,0.0,0.0,2023-04-28
3964,2023-04-28 13:00:00+02:00,248.60000610351562,251.10000610351562,248.0,251.10000610351562,7981,0.0,0.0,2023-04-28
3965,2023-04-28 14:00:00+02:00,251.3000030517578,253.6999969482422,251.3000030517578,252.6999969482422,13764,0.0,0.0,2023-04-28
3966,2023-04-28 15:00:00+02:00,252.60000610351562,252.89999389648438,250.39999389648438,250.8000030517578,10061,0.0,0.0,2023-04-28
3967,2023-04-28 16:00:00+02:00,250.89999389648438,251.3000030517578,250.1999969482422,250.1999969482422,6716,0.0,0.0,2023-04-28
3968,2023-04-28 17:00:00+02:00,250.10000610351562,251.0,249.6999969482422,251.0,164606,0.0,0.0,2023-04-28
3969,2023-05-02 09:00:00+02:00,251.0,251.0,244.10000610351562,244.1999969482422,0,0.0,0.0,2023-05-02
3970,2023-05-02 10:00:00+02:00,244.5,245.60000610351562,242.1999969482422,242.6999969482422,10726,0.0,0.0,2023-05-02
3971,2023-05-02 11:00:00+02:00,242.6999969482422,244.89999389648438,242.6999969482422,243.10000610351562,16739,0.0,0.0,2023-05-02
3972,2023-05-02 12:00:00+02:00,242.6999969482422,243.5,242.3000030517578,242.89999389648438,21749,0.0,0.0,2023-05-02
3973,2023-05-02 13:00:00+02:00,243.1999969482422,245.10000610351562,243.1999969482422,244.89999389648438,10273,0.0,0.0,2023-05-02
3974,2023-05-02 14:00:00+02:00,244.89999389648438,244.89999389648438,242.39999389648438,242.8000030517578,47866,0.0,0.0,2023-05-02
3975,2023-05-02 15:00:00+02:00,242.6999969482422,244.5,242.1999969482422,243.5,11146,0.0,0.0,2023-05-02
3976,2023-05-02 16:00:00+02:00,243.8000030517578,244.0,241.39999389648438,242.8000030517578,9919,0.0,0.0,2023-05-02
3977,2023-05-02 17:00:00+02:00,242.89999389648438,243.10000610351562,241.1999969482422,241.39999389648438,97815,0.0,0.0,2023-05-02
3978,2023-05-03 09:00:00+02:00,241.39999389648438,242.5,238.10000610351562,239.8000030517578,0,0.0,0.0,2023-05-03
3979,2023-05-03 10:00:00+02:00,240.1999969482422,240.1999969482422,237.5,237.6999969482422,13274,0.0,0.0,2023-05-03
3980,2023-05-03 11:00:00+02:00,237.60000610351562,238.1999969482422,236.8000030517578,237.5,9270,0.0,0.0,2023-05-03
3981,2023-05-03 12:00:00+02:00,238.10000610351562,239.39999389648438,237.39999389648438,238.1999969482422,11644,0.0,0.0,2023-05-03
3982,2023-05-03 13:00:00+02:00,238.3000030517578,239.89999389648438,238.1999969482422,238.89999389648438,7639,0.0,0.0,2023-05-03
3983,2023-05-03 14:00:00+02:00,239.1999969482422,241.0,238.6999969482422,240.60000610351562,21727,0.0,0.0,2023-05-03
3984,2023-05-03 15:00:00+02:00,240.8000030517578,242.3000030517578,239.89999389648438,239.89999389648438,15861,0.0,0.0,2023-05-03
3985,2023-05-03 16:00:00+02:00,240.1999969482422,241.39999389648438,238.3000030517578,239.6999969482422,20035,0.0,0.0,2023-05-03
3986,2023-05-03 17:00:00+02:00,240.0,240.6999969482422,239.6999969482422,240.1999969482422,144139,0.0,0.0,2023-05-03
3987,2023-05-04 09:00:00+02:00,242.39999389648438,242.39999389648438,236.89999389648438,238.0,0,0.0,0.0,2023-05-04
3988,2023-05-04 10:00:00+02:00,237.3000030517578,237.3000030517578,230.6999969482422,231.10000610351562,23542,0.0,0.0,2023-05-04
3989,2023-05-04 11:00:00+02:00,231.5,234.10000610351562,231.39999389648438,234.10000610351562,15998,0.0,0.0,2023-05-04
3990,2023-05-04 12:00:00+02:00,234.10000610351562,235.39999389648438,233.39999389648438,234.89999389648438,18384,0.0,0.0,2023-05-04
3991,2023-05-04 13:00:00+02:00,235.10000610351562,235.89999389648438,234.5,235.6999969482422,12479,0.0,0.0,2023-05-04
3992,2023-05-04 14:00:00+02:00,235.5,237.10000610351562,235.0,237.0,12782,0.0,0.0,2023-05-04
3993,2023-05-04 15:00:00+02:00,236.6999969482422,238.8000030517578,234.8000030517578,238.5,17706,0.0,0.0,2023-05-04
3994,2023-05-04 16:00:00+02:00,238.60000610351562,240.39999389648438,236.39999389648438,239.60000610351562,18178,0.0,0.0,2023-05-04
3995,2023-05-04 17:00:00+02:00,239.60000610351562,240.1999969482422,239.0,240.0,95465,0.0,0.0,2023-05-04
3996,2023-05-05 09:00:00+02:00,240.0,243.39999389648438,239.39999389648438,241.8000030517578,0,0.0,0.0,2023-05-05
3997,2023-05-05 10:00:00+02:00,242.3000030517578,242.3000030517578,238.6999969482422,240.6999969482422,14753,0.0,0.0,2023-05-05
3998,2023-05-05 11:00:00+02:00,240.10000610351562,241.60000610351562,239.8000030517578,239.8000030517578,7485,0.0,0.0,2023-05-05
3999,2023-05-05 12:00:00+02:00,240.10000610351562,240.8000030517578,240.10000610351562,240.6999969482422,3965,0.0,0.0,2023-05-05
4000,2023-05-05 13:00:00+02:00,240.6999969482422,241.8000030517578,240.3000030517578,240.89999389648438,14704,0.0,0.0,2023-05-05
4001,2023-05-05 14:00:00+02:00,241.39999389648438,241.60000610351562,239.0,239.10000610351562,16088,0.0,0.0,2023-05-05
4002,2023-05-05 15:00:00+02:00,239.3000030517578,243.3000030517578,238.89999389648438,242.89999389648438,36629,0.0,0.0,2023-05-05
4003,2023-05-05 16:00:00+02:00,242.89999389648438,242.89999389648438,240.6999969482422,241.10000610351562,42883,0.0,0.0,2023-05-05
4004,2023-05-05 17:00:00+02:00,241.1999969482422,242.10000610351562,241.10000610351562,241.8000030517578,69050,0.0,0.0,2023-05-05
4005,2023-05-08 09:00:00+02:00,242.1999969482422,243.8000030517578,240.0,241.0,0,0.0,0.0,2023-05-08
4006,2023-05-08 10:00:00+02:00,241.10000610351562,241.39999389648438,236.0,236.0,32415,0.0,0.0,2023-05-08
4007,2023-05-08 11:00:00+02:00,236.39999389648438,237.39999389648438,234.6999969482422,235.5,41494,0.0,0.0,2023-05-08
4008,2023-05-08 12:00:00+02:00,235.1999969482422,236.10000610351562,232.8000030517578,234.6999969482422,7284,0.0,0.0,2023-05-08
4009,2023-05-08 13:00:00+02:00,234.6999969482422,235.60000610351562,234.39999389648438,235.1999969482422,5583,0.0,0.0,2023-05-08
4010,2023-05-08 14:00:00+02:00,235.0,236.0,234.5,235.3000030517578,4939,0.0,0.0,2023-05-08
4011,2023-05-08 15:00:00+02:00,235.3000030517578,235.39999389648438,233.39999389648438,235.1999969482422,6210,0.0,0.0,2023-05-08
4012,2023-05-08 16:00:00+02:00,235.0,235.3000030517578,234.10000610351562,234.6999969482422,8613,0.0,0.0,2023-05-08
4013,2023-05-08 17:00:00+02:00,234.8000030517578,235.39999389648438,234.8000030517578,235.0,93879,0.0,0.0,2023-05-08
4014,2023-05-09 09:00:00+02:00,233.6999969482422,233.6999969482422,225.3000030517578,227.60000610351562,0,0.0,0.0,2023-05-09
4015,2023-05-09 10:00:00+02:00,228.0,230.0,224.60000610351562,224.60000610351562,25957,0.0,0.0,2023-05-09
4016,2023-05-09 11:00:00+02:00,224.89999389648438,227.0,224.39999389648438,226.1999969482422,12807,0.0,0.0,2023-05-09
4017,2023-05-09 12:00:00+02:00,226.0,226.39999389648438,222.0,222.89999389648438,32420,0.0,0.0,2023-05-09
4018,2023-05-09 13:00:00+02:00,222.89999389648438,223.5,221.39999389648438,221.39999389648438,15409,0.0,0.0,2023-05-09
4019,2023-05-09 14:00:00+02:00,221.39999389648438,222.3000030517578,219.3000030517578,219.5,61144,0.0,0.0,2023-05-09
4020,2023-05-09 15:00:00+02:00,219.3000030517578,219.5,216.1999969482422,217.10000610351562,56452,0.0,0.0,2023-05-09
4021,2023-05-09 16:00:00+02:00,217.1999969482422,220.8000030517578,215.8000030517578,219.39999389648438,100988,0.0,0.0,2023-05-09
4022,2023-05-09 17:00:00+02:00,220.0,220.3000030517578,218.8000030517578,218.8000030517578,205579,0.0,0.0,2023-05-09
4023,2023-05-10 09:00:00+02:00,216.3000030517578,222.8000030517578,215.8000030517578,219.6999969482422,0,0.0,0.0,2023-05-10
4024,2023-05-10 10:00:00+02:00,220.0,220.10000610351562,216.10000610351562,217.3000030517578,44362,0.0,0.0,2023-05-10
4025,2023-05-10 11:00:00+02:00,217.39999389648438,218.6999969482422,216.60000610351562,216.6999969482422,16482,0.0,0.0,2023-05-10
4026,2023-05-10 12:00:00+02:00,216.8000030517578,219.0,216.10000610351562,216.6999969482422,17958,0.0,0.0,2023-05-10
4027,2023-05-10 13:00:00+02:00,216.8000030517578,221.3000030517578,216.8000030517578,217.3000030517578,74749,0.0,0.0,2023-05-10
4028,2023-05-10 14:00:00+02:00,217.0,218.3000030517578,214.39999389648438,216.10000610351562,40018,0.0,0.0,2023-05-10
4029,2023-05-10 15:00:00+02:00,216.1999969482422,217.5,212.6999969482422,213.6999969482422,49566,0.0,0.0,2023-05-10
4030,2023-05-10 16:00:00+02:00,213.89999389648438,218.89999389648438,213.89999389648438,218.89999389648438,72692,0.0,0.0,2023-05-10
4031,2023-05-10 17:00:00+02:00,219.0,219.89999389648438,218.89999389648438,219.3000030517578,101277,0.0,0.0,2023-05-10
4032,2023-05-11 09:00:00+02:00,219.3000030517578,224.3000030517578,219.3000030517578,222.89999389648438,0,0.0,0.0,2023-05-11
4033,2023-05-11 10:00:00+02:00,223.0,223.5,220.89999389648438,222.10000610351562,57372,0.0,0.0,2023-05-11
4034,2023-05-11 11:00:00+02:00,221.89999389648438,223.1999969482422,221.89999389648438,222.60000610351562,42933,0.0,0.0,2023-05-11
4035,2023-05-11 12:00:00+02:00,222.8000030517578,225.3000030517578,222.6999969482422,224.0,15645,0.0,0.0,2023-05-11
4036,2023-05-11 13:00:00+02:00,224.0,225.60000610351562,223.6999969482422,225.10000610351562,17668,0.0,0.0,2023-05-11
4037,2023-05-11 14:00:00+02:00,225.0,227.3000030517578,224.8000030517578,227.0,18973,0.0,0.0,2023-05-11
4038,2023-05-11 15:00:00+02:00,226.8000030517578,226.8000030517578,223.89999389648438,225.10000610351562,24413,0.0,0.0,2023-05-11
4039,2023-05-11 16:00:00+02:00,225.1999969482422,225.3000030517578,223.1999969482422,224.6999969482422,19063,0.0,0.0,2023-05-11
4040,2023-05-11 17:00:00+02:00,224.89999389648438,225.1999969482422,224.39999389648438,224.39999389648438,76937,0.0,0.0,2023-05-11
4041,2023-05-12 09:00:00+02:00,226.5,227.3000030517578,221.39999389648438,222.5,0,0.0,0.0,2023-05-12
4042,2023-05-12 10:00:00+02:00,222.0,224.5,221.1999969482422,224.5,23030,0.0,0.0,2023-05-12
4043,2023-05-12 11:00:00+02:00,224.39999389648438,224.39999389648438,222.1999969482422,222.1999969482422,6609,0.0,0.0,2023-05-12
4044,2023-05-12 12:00:00+02:00,222.3000030517578,222.6999969482422,221.60000610351562,221.89999389648438,8047,0.0,0.0,2023-05-12
4045,2023-05-12 13:00:00+02:00,222.0,222.3000030517578,221.1999969482422,221.3000030517578,8756,0.0,0.0,2023-05-12
4046,2023-05-12 14:00:00+02:00,221.39999389648438,221.89999389648438,221.1999969482422,221.39999389648438,16033,0.0,0.0,2023-05-12
4047,2023-05-12 15:00:00+02:00,221.3000030517578,221.60000610351562,219.39999389648438,220.3000030517578,27347,0.0,0.0,2023-05-12
4048,2023-05-12 16:00:00+02:00,220.1999969482422,220.1999969482422,218.3000030517578,218.39999389648438,18456,0.0,0.0,2023-05-12
4049,2023-05-12 17:00:00+02:00,218.60000610351562,219.3000030517578,218.39999389648438,218.8000030517578,74844,0.0,0.0,2023-05-12
4050,2023-05-15 09:00:00+02:00,218.8000030517578,222.0,218.5,219.5,0,0.0,0.0,2023-05-15
4051,2023-05-15 10:00:00+02:00,219.5,222.3000030517578,218.8000030517578,222.3000030517578,28836,0.0,0.0,2023-05-15
4052,2023-05-15 11:00:00+02:00,222.10000610351562,224.39999389648438,221.89999389648438,223.8000030517578,27875,0.0,0.0,2023-05-15
4053,2023-05-15 12:00:00+02:00,223.6999969482422,223.6999969482422,222.5,223.1999969482422,12759,0.0,0.0,2023-05-15
4054,2023-05-15 13:00:00+02:00,223.1999969482422,224.3000030517578,223.0,223.6999969482422,15251,0.0,0.0,2023-05-15
4055,2023-05-15 14:00:00+02:00,223.89999389648438,224.60000610351562,223.60000610351562,224.39999389648438,15124,0.0,0.0,2023-05-15
4056,2023-05-15 15:00:00+02:00,224.3000030517578,225.0,223.8000030517578,224.10000610351562,11692,0.0,0.0,2023-05-15
4057,2023-05-15 16:00:00+02:00,224.3000030517578,226.39999389648438,224.3000030517578,226.1999969482422,11972,0.0,0.0,2023-05-15
4058,2023-05-15 17:00:00+02:00,226.0,226.8000030517578,225.89999389648438,226.60000610351562,74485,0.0,0.0,2023-05-15
4059,2023-05-16 09:00:00+02:00,225.0,226.39999389648438,223.6999969482422,225.6999969482422,0,0.0,0.0,2023-05-16
4060,2023-05-16 10:00:00+02:00,225.89999389648438,227.0,223.5,224.5,12151,0.0,0.0,2023-05-16
4061,2023-05-16 11:00:00+02:00,224.60000610351562,225.60000610351562,224.5,224.8000030517578,6370,0.0,0.0,2023-05-16
4062,2023-05-16 12:00:00+02:00,225.3000030517578,227.0,225.10000610351562,227.0,5266,0.0,0.0,2023-05-16
4063,2023-05-16 13:00:00+02:00,227.3000030517578,227.60000610351562,226.5,226.60000610351562,4898,0.0,0.0,2023-05-16
4064,2023-05-16 14:00:00+02:00,226.8000030517578,228.5,226.6999969482422,228.0,60573,0.0,0.0,2023-05-16
4065,2023-05-16 15:00:00+02:00,227.89999389648438,228.10000610351562,224.89999389648438,225.89999389648438,25024,0.0,0.0,2023-05-16
4066,2023-05-16 16:00:00+02:00,225.8000030517578,225.89999389648438,223.89999389648438,224.3000030517578,16378,0.0,0.0,2023-05-16
4067,2023-05-16 17:00:00+02:00,224.1999969482422,224.1999969482422,223.10000610351562,223.89999389648438,62006,0.0,0.0,2023-05-16
4068,2023-05-17 09:00:00+02:00,222.0,222.39999389648438,215.1999969482422,216.5,0,0.0,0.0,2023-05-17
4069,2023-05-17 10:00:00+02:00,216.5,217.6999969482422,216.0,216.0,26535,0.0,0.0,2023-05-17
4070,2023-05-17 11:00:00+02:00,215.8000030517578,218.5,215.8000030517578,217.8000030517578,26592,0.0,0.0,2023-05-17
4071,2023-05-17 12:00:00+02:00,217.6999969482422,218.89999389648438,217.3000030517578,218.0,64845,0.0,0.0,2023-05-17
4072,2023-05-19 09:00:00+02:00,218.0,219.1999969482422,216.60000610351562,217.1999969482422,0,0.0,0.0,2023-05-19
4073,2023-05-19 10:00:00+02:00,217.0,218.1999969482422,217.0,217.39999389648438,14231,0.0,0.0,2023-05-19
4074,2023-05-19 11:00:00+02:00,217.60000610351562,217.60000610351562,215.0,215.3000030517578,17938,0.0,0.0,2023-05-19
4075,2023-05-19 12:00:00+02:00,215.60000610351562,215.89999389648438,215.0,215.0,7244,0.0,0.0,2023-05-19
4076,2023-05-19 13:00:00+02:00,215.0,215.60000610351562,214.5,214.60000610351562,6349,0.0,0.0,2023-05-19
4077,2023-05-19 14:00:00+02:00,214.8000030517578,216.3000030517578,214.8000030517578,216.3000030517578,13865,0.0,0.0,2023-05-19
4078,2023-05-19 15:00:00+02:00,216.3000030517578,216.6999969482422,215.6999969482422,216.39999389648438,9092,0.0,0.0,2023-05-19
4079,2023-05-19 16:00:00+02:00,216.39999389648438,216.89999389648438,215.8000030517578,216.39999389648438,9514,0.0,0.0,2023-05-19
4080,2023-05-19 17:00:00+02:00,216.39999389648438,216.39999389648438,215.0,215.39999389648438,119465,0.0,0.0,2023-05-19
4081,2023-05-22 09:00:00+02:00,213.6999969482422,215.8000030517578,213.6999969482422,214.8000030517578,0,0.0,0.0,2023-05-22
4082,2023-05-22 10:00:00+02:00,214.60000610351562,214.6999969482422,212.3000030517578,212.8000030517578,52773,0.0,0.0,2023-05-22
4083,2023-05-22 11:00:00+02:00,212.60000610351562,213.60000610351562,212.39999389648438,212.39999389648438,13943,0.0,0.0,2023-05-22
4084,2023-05-22 12:00:00+02:00,212.1999969482422,213.10000610351562,211.6999969482422,212.39999389648438,14678,0.0,0.0,2023-05-22
4085,2023-05-22 13:00:00+02:00,212.60000610351562,213.10000610351562,211.60000610351562,212.1999969482422,10215,0.0,0.0,2023-05-22
4086,2023-05-22 14:00:00+02:00,211.89999389648438,212.10000610351562,211.10000610351562,211.3000030517578,28346,0.0,0.0,2023-05-22
4087,2023-05-22 15:00:00+02:00,211.3000030517578,216.1999969482422,211.1999969482422,215.60000610351562,35946,0.0,0.0,2023-05-22
4088,2023-05-22 16:00:00+02:00,215.6999969482422,217.3000030517578,215.6999969482422,216.6999969482422,18443,0.0,0.0,2023-05-22
4089,2023-05-22 17:00:00+02:00,217.0,218.39999389648438,216.60000610351562,218.0,99034,0.0,0.0,2023-05-22
4090,2023-05-23 09:00:00+02:00,215.1999969482422,221.3000030517578,215.1999969482422,220.89999389648438,0,0.0,0.0,2023-05-23
4091,2023-05-23 10:00:00+02:00,221.3000030517578,224.6999969482422,220.6999969482422,223.60000610351562,42914,0.0,0.0,2023-05-23
4092,2023-05-23 11:00:00+02:00,223.1999969482422,223.60000610351562,222.6999969482422,223.1999969482422,6879,0.0,0.0,2023-05-23
4093,2023-05-23 12:00:00+02:00,223.39999389648438,224.0,222.10000610351562,222.39999389648438,11936,0.0,0.0,2023-05-23
4094,2023-05-23 13:00:00+02:00,222.3000030517578,222.8000030517578,222.0,222.3000030517578,6179,0.0,0.0,2023-05-23
4095,2023-05-23 14:00:00+02:00,222.0,223.1999969482422,221.1999969482422,223.10000610351562,11054,0.0,0.0,2023-05-23
4096,2023-05-23 15:00:00+02:00,223.0,223.39999389648438,222.3000030517578,222.60000610351562,8564,0.0,0.0,2023-05-23
4097,2023-05-23 16:00:00+02:00,223.10000610351562,224.0,223.0,223.89999389648438,8390,0.0,0.0,2023-05-23
4098,2023-05-23 17:00:00+02:00,224.0,224.0,223.3000030517578,223.3000030517578,77115,0.0,0.0,2023-05-23
4099,2023-05-24 09:00:00+02:00,219.1999969482422,220.0,214.1999969482422,215.6999969482422,0,0.0,0.0,2023-05-24
4100,2023-05-24 10:00:00+02:00,215.8000030517578,216.5,215.3000030517578,216.1999969482422,17053,0.0,0.0,2023-05-24
4101,2023-05-24 11:00:00+02:00,216.10000610351562,217.10000610351562,215.60000610351562,217.10000610351562,7194,0.0,0.0,2023-05-24
4102,2023-05-24 12:00:00+02:00,217.1999969482422,217.39999389648438,216.1999969482422,216.60000610351562,5305,0.0,0.0,2023-05-24
4103,2023-05-24 13:00:00+02:00,216.39999389648438,216.39999389648438,213.89999389648438,214.5,19993,0.0,0.0,2023-05-24
4104,2023-05-24 14:00:00+02:00,214.89999389648438,215.6999969482422,214.1999969482422,214.39999389648438,7572,0.0,0.0,2023-05-24
4105,2023-05-24 15:00:00+02:00,214.3000030517578,215.60000610351562,213.89999389648438,214.89999389648438,38005,0.0,0.0,2023-05-24
4106,2023-05-24 16:00:00+02:00,214.6999969482422,215.0,213.5,213.5,13303,0.0,0.0,2023-05-24
4107,2023-05-24 17:00:00+02:00,213.8000030517578,214.0,212.5,212.60000610351562,74974,0.0,0.0,2023-05-24
4108,2023-05-25 09:00:00+02:00,212.0,213.10000610351562,209.0,209.89999389648438,0,0.0,0.0,2023-05-25
4109,2023-05-25 10:00:00+02:00,209.8000030517578,211.5,209.6999969482422,210.3000030517578,9468,0.0,0.0,2023-05-25
4110,2023-05-25 11:00:00+02:00,210.1999969482422,212.10000610351562,210.10000610351562,212.10000610351562,1696,0.0,0.0,2023-05-25
4111,2023-05-25 12:00:00+02:00,212.60000610351562,212.89999389648438,211.89999389648438,212.1999969482422,2258,0.0,0.0,2023-05-25
4112,2023-05-25 13:00:00+02:00,212.1999969482422,212.1999969482422,210.5,210.6999969482422,5770,0.0,0.0,2023-05-25
4113,2023-05-25 14:00:00+02:00,210.89999389648438,211.39999389648438,209.0,210.10000610351562,23192,0.0,0.0,2023-05-25
4114,2023-05-25 15:00:00+02:00,210.39999389648438,211.8000030517578,210.3000030517578,211.39999389648438,11621,0.0,0.0,2023-05-25
4115,2023-05-25 16:00:00+02:00,210.89999389648438,211.0,208.89999389648438,209.5,7892,0.0,0.0,2023-05-25
4116,2023-05-25 17:00:00+02:00,209.39999389648438,209.89999389648438,208.6999969482422,208.6999969482422,78113,0.0,0.0,2023-05-25
4117,2023-05-26 09:00:00+02:00,208.6999969482422,211.5,207.0,210.60000610351562,0,0.0,0.0,2023-05-26
4118,2023-05-26 10:00:00+02:00,210.8000030517578,210.8000030517578,208.8000030517578,209.60000610351562,5972,0.0,0.0,2023-05-26
4119,2023-05-26 11:00:00+02:00,209.5,210.10000610351562,208.8000030517578,209.6999969482422,5831,0.0,0.0,2023-05-26
4120,2023-05-26 12:00:00+02:00,209.60000610351562,210.60000610351562,209.0,210.5,84561,0.0,0.0,2023-05-26
4121,2023-05-26 13:00:00+02:00,211.10000610351562,213.39999389648438,210.6999969482422,213.39999389648438,19572,0.0,0.0,2023-05-26
4122,2023-05-26 14:00:00+02:00,213.0,213.60000610351562,212.60000610351562,213.60000610351562,68565,0.0,0.0,2023-05-26
4123,2023-05-26 15:00:00+02:00,213.6999969482422,214.10000610351562,211.89999389648438,212.39999389648438,43644,0.0,0.0,2023-05-26
4124,2023-05-26 16:00:00+02:00,212.39999389648438,214.89999389648438,212.3000030517578,214.3000030517578,32707,0.0,0.0,2023-05-26
4125,2023-05-26 17:00:00+02:00,214.5,215.10000610351562,213.1999969482422,213.1999969482422,91358,0.0,0.0,2023-05-26
4126,2023-05-29 09:00:00+02:00,217.5,218.3000030517578,214.1999969482422,214.1999969482422,0,0.0,0.0,2023-05-29
4127,2023-05-29 10:00:00+02:00,214.5,215.89999389648438,213.10000610351562,215.39999389648438,24781,0.0,0.0,2023-05-29
4128,2023-05-29 11:00:00+02:00,215.39999389648438,216.5,214.8000030517578,216.5,9454,0.0,0.0,2023-05-29
4129,2023-05-29 12:00:00+02:00,216.3000030517578,216.3000030517578,214.8000030517578,214.8000030517578,4213,0.0,0.0,2023-05-29
4130,2023-05-29 13:00:00+02:00,214.89999389648438,215.1999969482422,213.5,214.3000030517578,7675,0.0,0.0,2023-05-29
4131,2023-05-29 14:00:00+02:00,214.3000030517578,214.60000610351562,213.6999969482422,213.89999389648438,4477,0.0,0.0,2023-05-29
4132,2023-05-29 15:00:00+02:00,213.6999969482422,213.6999969482422,212.5,212.8000030517578,7266,0.0,0.0,2023-05-29
4133,2023-05-29 16:00:00+02:00,213.0,214.6999969482422,212.8000030517578,213.6999969482422,7819,0.0,0.0,2023-05-29
4134,2023-05-29 17:00:00+02:00,213.39999389648438,213.8000030517578,213.0,213.3000030517578,55855,0.0,0.0,2023-05-29
4135,2023-05-30 09:00:00+02:00,211.6999969482422,217.5,211.1999969482422,215.3000030517578,0,0.0,0.0,2023-05-30
4136,2023-05-30 10:00:00+02:00,215.6999969482422,215.89999389648438,214.10000610351562,214.5,6698,0.0,0.0,2023-05-30
4137,2023-05-30 11:00:00+02:00,213.89999389648438,214.10000610351562,212.6999969482422,212.6999969482422,3227,0.0,0.0,2023-05-30
4138,2023-05-30 12:00:00+02:00,212.5,213.6999969482422,212.0,213.6999969482422,6900,0.0,0.0,2023-05-30
4139,2023-05-30 13:00:00+02:00,213.6999969482422,214.1999969482422,213.39999389648438,213.5,1293,0.0,0.0,2023-05-30
4140,2023-05-30 14:00:00+02:00,213.6999969482422,214.0,213.10000610351562,213.39999389648438,4965,0.0,0.0,2023-05-30
4141,2023-05-30 15:00:00+02:00,213.5,215.60000610351562,213.39999389648438,215.3000030517578,11976,0.0,0.0,2023-05-30
4142,2023-05-30 16:00:00+02:00,215.39999389648438,215.60000610351562,214.0,214.8000030517578,36010,0.0,0.0,2023-05-30
4143,2023-05-30 17:00:00+02:00,214.89999389648438,215.39999389648438,214.6999969482422,215.10000610351562,91619,0.0,0.0,2023-05-30
4144,2023-05-31 09:00:00+02:00,213.39999389648438,214.3000030517578,210.0,211.60000610351562,0,0.0,0.0,2023-05-31
4145,2023-05-31 10:00:00+02:00,211.3000030517578,212.0,209.6999969482422,209.8000030517578,19461,0.0,0.0,2023-05-31
4146,2023-05-31 11:00:00+02:00,209.6999969482422,210.39999389648438,207.8000030517578,208.10000610351562,28011,0.0,0.0,2023-05-31
4147,2023-05-31 12:00:00+02:00,207.6999969482422,209.10000610351562,206.89999389648438,209.0,12671,0.0,0.0,2023-05-31
4148,2023-05-31 13:00:00+02:00,208.8000030517578,210.5,208.60000610351562,210.5,13494,0.0,0.0,2023-05-31
4149,2023-05-31 14:00:00+02:00,210.6999969482422,210.89999389648438,208.0,208.3000030517578,13664,0.0,0.0,2023-05-31
4150,2023-05-31 15:00:00+02:00,208.1999969482422,212.1999969482422,208.0,212.10000610351562,77305,0.0,0.0,2023-05-31
4151,2023-05-31 16:00:00+02:00,211.89999389648438,214.3000030517578,210.3000030517578,214.1999969482422,74709,0.0,0.0,2023-05-31
4152,2023-05-31 17:00:00+02:00,214.1999969482422,214.5,213.1999969482422,213.8000030517578,707659,0.0,0.0,2023-05-31
4153,2023-06-01 09:00:00+02:00,215.10000610351562,216.8000030517578,211.39999389648438,213.89999389648438,0,0.0,0.0,2023-06-01
4154,2023-06-01 10:00:00+02:00,214.0,215.6999969482422,212.0,215.60000610351562,18122,0.0,0.0,2023-06-01
4155,2023-06-01 11:00:00+02:00,215.5,217.0,214.8000030517578,215.5,25645,0.0,0.0,2023-06-01
4156,2023-06-01 12:00:00+02:00,215.39999389648438,215.39999389648438,213.10000610351562,213.3000030517578,5489,0.0,0.0,2023-06-01
4157,2023-06-01 13:00:00+02:00,213.3000030517578,213.3000030517578,212.39999389648438,212.39999389648438,4468,0.0,0.0,2023-06-01
4158,2023-06-01 14:00:00+02:00,212.5,212.5,210.60000610351562,212.0,23402,0.0,0.0,2023-06-01
4159,2023-06-01 15:00:00+02:00,212.10000610351562,213.10000610351562,211.3000030517578,211.3000030517578,16931,0.0,0.0,2023-06-01
4160,2023-06-01 16:00:00+02:00,211.39999389648438,214.10000610351562,210.89999389648438,214.10000610351562,16695,0.0,0.0,2023-06-01
4161,2023-06-01 17:00:00+02:00,214.1999969482422,215.1999969482422,214.0,215.1999969482422,97082,0.0,0.0,2023-06-01
4162,2023-06-02 09:00:00+02:00,220.0,226.6999969482422,217.1999969482422,226.6999969482422,0,0.0,0.0,2023-06-02
4163,2023-06-02 10:00:00+02:00,226.60000610351562,229.5,225.10000610351562,227.8000030517578,63488,0.0,0.0,2023-06-02
4164,2023-06-02 11:00:00+02:00,228.0,229.0,227.3000030517578,228.60000610351562,53187,0.0,0.0,2023-06-02
4165,2023-06-02 12:00:00+02:00,228.6999969482422,229.39999389648438,227.3000030517578,228.8000030517578,28795,0.0,0.0,2023-06-02
4166,2023-06-02 13:00:00+02:00,228.8000030517578,229.39999389648438,226.8000030517578,227.60000610351562,18821,0.0,0.0,2023-06-02
4167,2023-06-02 14:00:00+02:00,227.5,229.5,227.10000610351562,228.3000030517578,49090,0.0,0.0,2023-06-02
4168,2023-06-02 15:00:00+02:00,228.39999389648438,231.0,228.39999389648438,230.10000610351562,52615,0.0,0.0,2023-06-02
4169,2023-06-02 16:00:00+02:00,229.89999389648438,232.39999389648438,228.0,231.0,65553,0.0,0.0,2023-06-02
4170,2023-06-02 17:00:00+02:00,231.0,232.89999389648438,230.89999389648438,232.0,195918,0.0,0.0,2023-06-02
4171,2023-06-05 09:00:00+02:00,232.10000610351562,237.0,230.0,237.0,0,0.0,0.0,2023-06-05
4172,2023-06-05 10:00:00+02:00,236.60000610351562,236.89999389648438,233.10000610351562,235.1999969482422,15385,0.0,0.0,2023-06-05
4173,2023-06-05 11:00:00+02:00,235.6999969482422,235.8000030517578,233.5,235.60000610351562,36433,0.0,0.0,2023-06-05
4174,2023-06-05 12:00:00+02:00,235.60000610351562,238.3000030517578,235.60000610351562,237.6999969482422,9422,0.0,0.0,2023-06-05
4175,2023-06-07 09:00:00+02:00,231.5,236.6999969482422,230.6999969482422,232.10000610351562,0,0.0,0.0,2023-06-07
4176,2023-06-07 10:00:00+02:00,232.10000610351562,234.10000610351562,232.10000610351562,232.60000610351562,14207,0.0,0.0,2023-06-07
4177,2023-06-07 11:00:00+02:00,232.60000610351562,233.3000030517578,231.6999969482422,232.1999969482422,25582,0.0,0.0,2023-06-07
4178,2023-06-07 12:00:00+02:00,232.3000030517578,233.10000610351562,232.0,232.3000030517578,8982,0.0,0.0,2023-06-07
4179,2023-06-07 13:00:00+02:00,232.3000030517578,232.3000030517578,230.3000030517578,230.3000030517578,7026,0.0,0.0,2023-06-07
4180,2023-06-07 14:00:00+02:00,230.10000610351562,232.1999969482422,230.0,231.8000030517578,11184,0.0,0.0,2023-06-07
4181,2023-06-07 15:00:00+02:00,232.1999969482422,235.1999969482422,232.10000610351562,234.10000610351562,9844,0.0,0.0,2023-06-07
4182,2023-06-07 16:00:00+02:00,233.89999389648438,234.10000610351562,232.6999969482422,232.6999969482422,25322,0.0,0.0,2023-06-07
4183,2023-06-07 17:00:00+02:00,232.6999969482422,233.0,231.5,231.6999969482422,182538,0.0,0.0,2023-06-07
4184,2023-06-08 09:00:00+02:00,231.6999969482422,232.0,225.39999389648438,226.10000610351562,0,0.0,0.0,2023-06-08
4185,2023-06-08 10:00:00+02:00,226.3000030517578,226.60000610351562,225.1999969482422,226.1999969482422,11400,0.0,0.0,2023-06-08
4186,2023-06-08 11:00:00+02:00,226.10000610351562,229.5,226.0,229.5,8004,0.0,0.0,2023-06-08
4187,2023-06-08 12:00:00+02:00,229.3000030517578,231.10000610351562,229.3000030517578,231.0,6080,0.0,0.0,2023-06-08
4188,2023-06-08 13:00:00+02:00,230.89999389648438,231.5,230.39999389648438,230.8000030517578,7160,0.0,0.0,2023-06-08
4189,2023-06-08 14:00:00+02:00,230.60000610351562,230.89999389648438,229.5,229.89999389648438,5692,0.0,0.0,2023-06-08
4190,2023-06-08 15:00:00+02:00,230.1999969482422,230.3000030517578,227.39999389648438,227.6999969482422,11812,0.0,0.0,2023-06-08
4191,2023-06-08 16:00:00+02:00,227.6999969482422,228.39999389648438,226.6999969482422,228.1999969482422,25665,0.0,0.0,2023-06-08
4192,2023-06-08 17:00:00+02:00,228.5,229.3000030517578,228.1999969482422,228.1999969482422,61915,0.0,0.0,2023-06-08
4193,2023-06-09 09:00:00+02:00,224.0,228.1999969482422,224.0,226.60000610351562,0,0.0,0.0,2023-06-09
4194,2023-06-09 10:00:00+02:00,226.6999969482422,228.1999969482422,226.5,228.1999969482422,14311,0.0,0.0,2023-06-09
4195,2023-06-09 11:00:00+02:00,228.89999389648438,231.0,228.6999969482422,228.6999969482422,20336,0.0,0.0,2023-06-09
4196,2023-06-09 12:00:00+02:00,229.0,229.0,227.3000030517578,228.1999969482422,15499,0.0,0.0,2023-06-09
4197,2023-06-09 13:00:00+02:00,228.1999969482422,230.5,228.0,229.8000030517578,9658,0.0,0.0,2023-06-09
4198,2023-06-09 14:00:00+02:00,230.39999389648438,231.1999969482422,229.60000610351562,230.3000030517578,22081,0.0,0.0,2023-06-09
4199,2023-06-09 15:00:00+02:00,230.0,232.1999969482422,230.0,231.89999389648438,27708,0.0,0.0,2023-06-09
4200,2023-06-09 16:00:00+02:00,231.89999389648438,233.0,231.6999969482422,232.6999969482422,13471,0.0,0.0,2023-06-09
4201,2023-06-09 17:00:00+02:00,232.60000610351562,233.1999969482422,232.5,232.5,82087,0.0,0.0,2023-06-09
4202,2023-06-12 09:00:00+02:00,226.8000030517578,231.0,226.8000030517578,228.10000610351562,0,0.0,0.0,2023-06-12
4203,2023-06-12 10:00:00+02:00,227.89999389648438,229.60000610351562,227.89999389648438,228.8000030517578,7368,0.0,0.0,2023-06-12
4204,2023-06-12 11:00:00+02:00,228.6999969482422,229.0,228.0,228.0,5000,0.0,0.0,2023-06-12
4205,2023-06-12 12:00:00+02:00,228.6999969482422,229.0,228.3000030517578,228.8000030517578,1592,0.0,0.0,2023-06-12
4206,2023-06-12 13:00:00+02:00,228.6999969482422,228.6999969482422,227.0,227.0,2754,0.0,0.0,2023-06-12
4207,2023-06-12 14:00:00+02:00,227.0,228.60000610351562,227.0,228.0,3578,0.0,0.0,2023-06-12
4208,2023-06-12 15:00:00+02:00,228.3000030517578,228.39999389648438,226.5,226.5,15290,0.0,0.0,2023-06-12
4209,2023-06-12 16:00:00+02:00,226.60000610351562,228.0,226.0,226.8000030517578,10412,0.0,0.0,2023-06-12
4210,2023-06-12 17:00:00+02:00,226.8000030517578,227.60000610351562,226.6999969482422,227.0,72841,0.0,0.0,2023-06-12
4211,2023-06-13 09:00:00+02:00,227.0,227.60000610351562,225.60000610351562,226.89999389648438,0,0.0,0.0,2023-06-13
4212,2023-06-13 10:00:00+02:00,226.8000030517578,226.8000030517578,226.0,226.8000030517578,7255,0.0,0.0,2023-06-13
4213,2023-06-13 11:00:00+02:00,226.60000610351562,227.89999389648438,226.5,227.6999969482422,29845,0.0,0.0,2023-06-13
4214,2023-06-13 12:00:00+02:00,227.6999969482422,228.8000030517578,227.3000030517578,228.60000610351562,86489,0.0,0.0,2023-06-13
4215,2023-06-13 13:00:00+02:00,228.8000030517578,228.8000030517578,228.0,228.5,5737,0.0,0.0,2023-06-13
4216,2023-06-13 14:00:00+02:00,228.8000030517578,230.3000030517578,228.60000610351562,230.1999969482422,17633,0.0,0.0,2023-06-13
4217,2023-06-13 15:00:00+02:00,230.1999969482422,230.6999969482422,228.60000610351562,229.10000610351562,11639,0.0,0.0,2023-06-13
4218,2023-06-13 16:00:00+02:00,228.89999389648438,230.60000610351562,228.39999389648438,229.60000610351562,23390,0.0,0.0,2023-06-13
4219,2023-06-13 17:00:00+02:00,229.60000610351562,230.10000610351562,229.3000030517578,229.39999389648438,124346,0.0,0.0,2023-06-13
4220,2023-06-14 09:00:00+02:00,226.0,233.8000030517578,226.0,233.60000610351562,0,0.0,0.0,2023-06-14
4221,2023-06-14 10:00:00+02:00,233.60000610351562,234.1999969482422,232.60000610351562,234.10000610351562,16587,0.0,0.0,2023-06-14
4222,2023-06-14 11:00:00+02:00,234.1999969482422,234.1999969482422,232.1999969482422,233.39999389648438,7839,0.0,0.0,2023-06-14
4223,2023-06-14 12:00:00+02:00,233.39999389648438,233.5,232.60000610351562,232.6999969482422,15982,0.0,0.0,2023-06-14
4224,2023-06-14 13:00:00+02:00,232.5,234.3000030517578,232.5,234.1999969482422,8342,0.0,0.0,2023-06-14
4225,2023-06-14 14:00:00+02:00,234.10000610351562,235.6999969482422,232.8000030517578,232.89999389648438,16979,0.0,0.0,2023-06-14
4226,2023-06-14 15:00:00+02:00,232.5,232.5,231.1999969482422,231.60000610351562,20572,0.0,0.0,2023-06-14
4227,2023-06-14 16:00:00+02:00,231.39999389648438,231.5,230.3000030517578,231.3000030517578,14577,0.0,0.0,2023-06-14
4228,2023-06-14 17:00:00+02:00,231.1999969482422,231.3000030517578,230.6999969482422,230.8000030517578,75820,0.0,0.0,2023-06-14
4229,2023-06-15 09:00:00+02:00,230.8000030517578,231.0,229.39999389648438,230.1999969482422,0,0.0,0.0,2023-06-15
4230,2023-06-15 10:00:00+02:00,229.89999389648438,231.3000030517578,229.60000610351562,231.3000030517578,14019,0.0,0.0,2023-06-15
4231,2023-06-15 11:00:00+02:00,231.39999389648438,231.39999389648438,229.8000030517578,229.89999389648438,8872,0.0,0.0,2023-06-15
4232,2023-06-15 12:00:00+02:00,229.60000610351562,229.6999969482422,229.0,229.3000030517578,16176,0.0,0.0,2023-06-15
4233,2023-06-15 13:00:00+02:00,229.1999969482422,230.5,228.8000030517578,229.89999389648438,16377,0.0,0.0,2023-06-15
4234,2023-06-15 14:00:00+02:00,230.0,230.0,226.10000610351562,226.8000030517578,35435,0.0,0.0,2023-06-15
4235,2023-06-15 15:00:00+02:00,226.8000030517578,227.39999389648438,225.8000030517578,226.10000610351562,20620,0.0,0.0,2023-06-15
4236,2023-06-15 16:00:00+02:00,226.3000030517578,228.39999389648438,226.1999969482422,227.8000030517578,12160,0.0,0.0,2023-06-15
4237,2023-06-15 17:00:00+02:00,227.8000030517578,227.8000030517578,227.1999969482422,227.5,214652,0.0,0.0,2023-06-15
4238,2023-06-16 09:00:00+02:00,229.0,230.6999969482422,227.10000610351562,227.5,0,0.0,0.0,2023-06-16
4239,2023-06-16 10:00:00+02:00,227.60000610351562,228.5,226.39999389648438,228.1999969482422,29690,0.0,0.0,2023-06-16
4240,2023-06-16 11:00:00+02:00,228.39999389648438,229.10000610351562,227.1999969482422,227.60000610351562,129966,0.0,0.0,2023-06-16
4241,2023-06-16 12:00:00+02:00,227.5,228.6999969482422,227.0,227.1999969482422,8245,0.0,0.0,2023-06-16
4242,2023-06-16 13:00:00+02:00,227.1999969482422,227.3000030517578,225.5,225.8000030517578,54187,0.0,0.0,2023-06-16
4243,2023-06-16 14:00:00+02:00,225.89999389648438,228.39999389648438,225.89999389648438,227.10000610351562,15884,0.0,0.0,2023-06-16
4244,2023-06-16 15:00:00+02:00,227.10000610351562,227.1999969482422,224.60000610351562,225.6999969482422,21093,0.0,0.0,2023-06-16
4245,2023-06-16 16:00:00+02:00,226.0,227.0,224.6999969482422,224.6999969482422,136043,0.0,0.0,2023-06-16
4246,2023-06-16 17:00:00+02:00,224.8000030517578,225.6999969482422,224.39999389648438,225.60000610351562,481706,0.0,0.0,2023-06-16
4247,2023-06-19 09:00:00+02:00,224.0,224.6999969482422,217.8000030517578,220.60000610351562,0,0.0,0.0,2023-06-19
4248,2023-06-19 10:00:00+02:00,220.8000030517578,223.3000030517578,220.10000610351562,223.3000030517578,13055,0.0,0.0,2023-06-19
4249,2023-06-19 11:00:00+02:00,223.1999969482422,224.39999389648438,222.60000610351562,224.3000030517578,13702,0.0,0.0,2023-06-19
4250,2023-06-19 12:00:00+02:00,224.5,224.60000610351562,223.39999389648438,223.60000610351562,11893,0.0,0.0,2023-06-19
4251,2023-06-19 13:00:00+02:00,223.6999969482422,224.10000610351562,222.89999389648438,223.39999389648438,14870,0.0,0.0,2023-06-19
4252,2023-06-19 14:00:00+02:00,223.3000030517578,224.1999969482422,223.3000030517578,223.89999389648438,19362,0.0,0.0,2023-06-19
4253,2023-06-19 15:00:00+02:00,224.10000610351562,224.6999969482422,221.89999389648438,221.89999389648438,39029,0.0,0.0,2023-06-19
4254,2023-06-19 16:00:00+02:00,221.6999969482422,223.0,220.89999389648438,221.1999969482422,41582,0.0,0.0,2023-06-19
4255,2023-06-19 17:00:00+02:00,221.60000610351562,221.60000610351562,220.6999969482422,220.6999969482422,77261,0.0,0.0,2023-06-19
4256,2023-06-20 09:00:00+02:00,220.6999969482422,221.8000030517578,219.39999389648438,220.10000610351562,0,0.0,0.0,2023-06-20
4257,2023-06-20 10:00:00+02:00,220.1999969482422,220.5,218.5,218.6999969482422,8877,0.0,0.0,2023-06-20
4258,2023-06-20 11:00:00+02:00,218.6999969482422,219.39999389648438,218.10000610351562,218.5,11221,0.0,0.0,2023-06-20
4259,2023-06-20 12:00:00+02:00,218.3000030517578,218.5,215.8000030517578,217.10000610351562,16745,0.0,0.0,2023-06-20
4260,2023-06-20 13:00:00+02:00,217.3000030517578,218.60000610351562,217.10000610351562,217.10000610351562,9155,0.0,0.0,2023-06-20
4261,2023-06-20 14:00:00+02:00,216.89999389648438,217.89999389648438,216.6999969482422,217.8000030517578,4156,0.0,0.0,2023-06-20
4262,2023-06-20 15:00:00+02:00,217.8000030517578,218.5,217.5,218.10000610351562,3629,0.0,0.0,2023-06-20
4263,2023-06-20 16:00:00+02:00,218.10000610351562,218.10000610351562,217.0,218.0,12060,0.0,0.0,2023-06-20
4264,2023-06-20 17:00:00+02:00,217.8000030517578,218.10000610351562,217.0,217.0,88189,0.0,0.0,2023-06-20
4265,2023-06-21 09:00:00+02:00,211.10000610351562,211.8000030517578,207.39999389648438,211.3000030517578,56560,0.0,0.0,2023-06-21
4266,2023-06-21 10:00:00+02:00,211.0,214.3000030517578,209.6999969482422,213.3000030517578,63305,0.0,0.0,2023-06-21
4267,2023-06-21 11:00:00+02:00,213.10000610351562,214.5,212.3000030517578,214.0,66723,0.0,0.0,2023-06-21
4268,2023-06-21 12:00:00+02:00,213.8000030517578,214.0,212.6999969482422,212.89999389648438,30122,0.0,0.0,2023-06-21
4269,2023-06-21 13:00:00+02:00,212.89999389648438,213.1999969482422,212.10000610351562,212.89999389648438,21290,0.0,0.0,2023-06-21
4270,2023-06-21 14:00:00+02:00,212.89999389648438,213.3000030517578,211.6999969482422,212.1999969482422,27398,0.0,0.0,2023-06-21
4271,2023-06-21 15:00:00+02:00,212.1999969482422,212.6999969482422,211.1999969482422,212.0,37460,0.0,0.0,2023-06-21
4272,2023-06-21 16:00:00+02:00,212.10000610351562,212.89999389648438,211.6999969482422,211.89999389648438,37126,0.0,0.0,2023-06-21
4273,2023-06-21 17:00:00+02:00,211.89999389648438,214.3000030517578,211.89999389648438,213.89999389648438,267167,0.0,0.0,2023-06-21
4274,2023-06-22 09:00:00+02:00,213.10000610351562,214.0,210.60000610351562,212.1999969482422,0,0.0,0.0,2023-06-22
4275,2023-06-22 10:00:00+02:00,211.8000030517578,213.10000610351562,211.39999389648438,211.5,35083,0.0,0.0,2023-06-22
4276,2023-06-22 11:00:00+02:00,211.60000610351562,212.10000610351562,210.5,211.10000610351562,20333,0.0,0.0,2023-06-22
4277,2023-06-22 12:00:00+02:00,211.10000610351562,211.3000030517578,209.89999389648438,210.0,13375,0.0,0.0,2023-06-22
4278,2023-06-26 09:00:00+02:00,211.8000030517578,213.0,208.8000030517578,210.5,0,0.0,0.0,2023-06-26
4279,2023-06-26 10:00:00+02:00,210.1999969482422,211.1999969482422,209.1999969482422,209.1999969482422,22358,0.0,0.0,2023-06-26
4280,2023-06-26 11:00:00+02:00,209.5,209.5,208.10000610351562,208.60000610351562,11900,0.0,0.0,2023-06-26
4281,2023-06-26 12:00:00+02:00,208.60000610351562,209.1999969482422,208.3000030517578,208.8000030517578,7865,0.0,0.0,2023-06-26
4282,2023-06-26 13:00:00+02:00,208.6999969482422,209.0,208.0,208.8000030517578,8626,0.0,0.0,2023-06-26
4283,2023-06-26 14:00:00+02:00,208.6999969482422,208.89999389648438,208.0,208.10000610351562,13721,0.0,0.0,2023-06-26
4284,2023-06-26 15:00:00+02:00,208.1999969482422,209.89999389648438,207.39999389648438,208.89999389648438,23176,0.0,0.0,2023-06-26
4285,2023-06-26 16:00:00+02:00,209.0,209.10000610351562,207.60000610351562,207.6999969482422,21877,0.0,0.0,2023-06-26
4286,2023-06-26 17:00:00+02:00,207.6999969482422,208.8000030517578,207.6999969482422,208.8000030517578,176645,0.0,0.0,2023-06-26
4287,2023-06-27 09:00:00+02:00,210.39999389648438,213.5,209.8000030517578,210.6999969482422,0,0.0,0.0,2023-06-27
4288,2023-06-27 10:00:00+02:00,210.6999969482422,211.3000030517578,210.1999969482422,210.60000610351562,9300,0.0,0.0,2023-06-27
4289,2023-06-27 11:00:00+02:00,210.3000030517578,210.39999389648438,209.5,209.60000610351562,366239,0.0,0.0,2023-06-27
4290,2023-06-27 12:00:00+02:00,209.5,209.8000030517578,208.89999389648438,209.5,9704,0.0,0.0,2023-06-27
4291,2023-06-27 13:00:00+02:00,209.60000610351562,210.3000030517578,209.39999389648438,210.1999969482422,13236,0.0,0.0,2023-06-27
4292,2023-06-27 14:00:00+02:00,210.10000610351562,210.5,209.3000030517578,209.8000030517578,9502,0.0,0.0,2023-06-27
4293,2023-06-27 15:00:00+02:00,209.60000610351562,210.0,208.89999389648438,209.10000610351562,13826,0.0,0.0,2023-06-27
4294,2023-06-27 16:00:00+02:00,208.89999389648438,209.0,208.10000610351562,208.8000030517578,27065,0.0,0.0,2023-06-27
4295,2023-06-27 17:00:00+02:00,208.8000030517578,209.60000610351562,208.8000030517578,209.60000610351562,86408,0.0,0.0,2023-06-27
4296,2023-06-28 09:00:00+02:00,211.5,213.10000610351562,208.1999969482422,209.3000030517578,0,0.0,0.0,2023-06-28
4297,2023-06-28 10:00:00+02:00,209.3000030517578,210.8000030517578,209.1999969482422,210.8000030517578,38888,0.0,0.0,2023-06-28
4298,2023-06-28 11:00:00+02:00,210.60000610351562,210.60000610351562,209.39999389648438,210.0,25215,0.0,0.0,2023-06-28
4299,2023-06-28 12:00:00+02:00,210.3000030517578,211.60000610351562,209.8000030517578,210.6999969482422,59725,0.0,0.0,2023-06-28
4300,2023-06-28 13:00:00+02:00,210.6999969482422,211.0,210.10000610351562,211.0,39680,0.0,0.0,2023-06-28
4301,2023-06-28 14:00:00+02:00,211.0,211.60000610351562,210.8000030517578,211.60000610351562,49842,0.0,0.0,2023-06-28
4302,2023-06-28 15:00:00+02:00,211.39999389648438,212.1999969482422,210.5,211.89999389648438,32701,0.0,0.0,2023-06-28
4303,2023-06-28 16:00:00+02:00,211.5,212.89999389648438,211.39999389648438,212.3000030517578,67944,0.0,0.0,2023-06-28
4304,2023-06-28 17:00:00+02:00,212.1999969482422,213.0,212.10000610351562,213.0,151953,0.0,0.0,2023-06-28
4305,2023-06-29 09:00:00+02:00,213.0,213.0,210.0,211.0,0,0.0,0.0,2023-06-29
4306,2023-06-29 10:00:00+02:00,211.0,212.39999389648438,210.5,212.3000030517578,19727,0.0,0.0,2023-06-29
4307,2023-06-29 11:00:00+02:00,212.60000610351562,213.0,211.3000030517578,212.0,21711,0.0,0.0,2023-06-29
4308,2023-06-29 12:00:00+02:00,211.89999389648438,212.6999969482422,211.3000030517578,211.8000030517578,20986,0.0,0.0,2023-06-29
4309,2023-06-29 13:00:00+02:00,211.89999389648438,212.1999969482422,211.0,212.0,18075,0.0,0.0,2023-06-29
4310,2023-06-29 14:00:00+02:00,212.10000610351562,212.39999389648438,211.0,211.1999969482422,21338,0.0,0.0,2023-06-29
4311,2023-06-29 15:00:00+02:00,211.39999389648438,211.39999389648438,209.0,210.0,32986,0.0,0.0,2023-06-29
4312,2023-06-29 16:00:00+02:00,210.0,210.1999969482422,209.0,209.3000030517578,36328,0.0,0.0,2023-06-29
4313,2023-06-29 17:00:00+02:00,209.5,209.5,208.39999389648438,209.5,134627,0.0,0.0,2023-06-29
4314,2023-06-30 09:00:00+02:00,209.6999969482422,212.8000030517578,209.6999969482422,211.10000610351562,0,0.0,0.0,2023-06-30
4315,2023-06-30 10:00:00+02:00,211.3000030517578,211.5,210.3000030517578,210.5,12297,0.0,0.0,2023-06-30
4316,2023-06-30 11:00:00+02:00,210.60000610351562,211.60000610351562,210.3000030517578,211.10000610351562,7281,0.0,0.0,2023-06-30
4317,2023-06-30 12:00:00+02:00,211.10000610351562,211.89999389648438,211.0,211.1999969482422,6992,0.0,0.0,2023-06-30
4318,2023-06-30 13:00:00+02:00,211.3000030517578,213.3000030517578,211.10000610351562,212.6999969482422,15145,0.0,0.0,2023-06-30
4319,2023-06-30 14:00:00+02:00,212.8000030517578,215.89999389648438,212.8000030517578,215.3000030517578,43399,0.0,0.0,2023-06-30
4320,2023-06-30 15:00:00+02:00,214.8000030517578,215.89999389648438,214.3000030517578,214.60000610351562,17164,0.0,0.0,2023-06-30
4321,2023-06-30 16:00:00+02:00,214.6999969482422,214.8000030517578,212.0,212.39999389648438,22019,0.0,0.0,2023-06-30
4322,2023-06-30 17:00:00+02:00,212.3000030517578,213.0,212.1999969482422,213.0,195346,0.0,0.0,2023-06-30
4323,2023-07-03 09:00:00+02:00,213.6999969482422,214.10000610351562,211.89999389648438,213.5,0,0.0,0.0,2023-07-03
4324,2023-07-03 10:00:00+02:00,213.60000610351562,215.6999969482422,212.89999389648438,215.6999969482422,11271,0.0,0.0,2023-07-03
4325,2023-07-03 11:00:00+02:00,215.60000610351562,216.3000030517578,215.3000030517578,216.0,9578,0.0,0.0,2023-07-03
4326,2023-07-03 12:00:00+02:00,216.0,216.39999389648438,215.39999389648438,215.5,5491,0.0,0.0,2023-07-03
4327,2023-07-03 13:00:00+02:00,215.3000030517578,216.0,215.0,215.1999969482422,3050,0.0,0.0,2023-07-03
4328,2023-07-03 14:00:00+02:00,215.10000610351562,215.3000030517578,213.3000030517578,214.0,8584,0.0,0.0,2023-07-03
4329,2023-07-03 15:00:00+02:00,213.8000030517578,215.10000610351562,213.8000030517578,214.89999389648438,5595,0.0,0.0,2023-07-03
4330,2023-07-03 16:00:00+02:00,215.0,216.39999389648438,214.39999389648438,216.10000610351562,22449,0.0,0.0,2023-07-03
4331,2023-07-03 17:00:00+02:00,216.10000610351562,216.6999969482422,215.8000030517578,216.6999969482422,156639,0.0,0.0,2023-07-03
4332,2023-07-04 09:00:00+02:00,216.6999969482422,220.89999389648438,215.60000610351562,220.89999389648438,0,0.0,0.0,2023-07-04
4333,2023-07-04 10:00:00+02:00,221.10000610351562,225.39999389648438,220.8000030517578,222.60000610351562,38093,0.0,0.0,2023-07-04
4334,2023-07-04 11:00:00+02:00,222.39999389648438,223.1999969482422,222.10000610351562,222.5,26589,0.0,0.0,2023-07-04
4335,2023-07-04 12:00:00+02:00,222.1999969482422,224.1999969482422,222.10000610351562,223.8000030517578,61233,0.0,0.0,2023-07-04
4336,2023-07-04 13:00:00+02:00,224.10000610351562,224.8000030517578,223.6999969482422,224.60000610351562,10652,0.0,0.0,2023-07-04
4337,2023-07-04 14:00:00+02:00,224.60000610351562,225.39999389648438,223.60000610351562,225.10000610351562,14859,0.0,0.0,2023-07-04
4338,2023-07-04 15:00:00+02:00,225.10000610351562,225.5,224.5,224.60000610351562,6658,0.0,0.0,2023-07-04
4339,2023-07-04 16:00:00+02:00,224.5,225.10000610351562,224.39999389648438,224.6999969482422,17008,0.0,0.0,2023-07-04
4340,2023-07-04 17:00:00+02:00,224.60000610351562,224.8000030517578,224.3000030517578,224.3000030517578,109814,0.0,0.0,2023-07-04
4341,2023-07-05 09:00:00+02:00,222.6999969482422,224.5,219.0,221.5,0,0.0,0.0,2023-07-05
4342,2023-07-05 10:00:00+02:00,222.1999969482422,223.3000030517578,221.8000030517578,222.6999969482422,103288,0.0,0.0,2023-07-05
4343,2023-07-05 11:00:00+02:00,222.39999389648438,223.8000030517578,222.39999389648438,223.60000610351562,4526,0.0,0.0,2023-07-05
4344,2023-07-05 12:00:00+02:00,223.60000610351562,223.60000610351562,222.6999969482422,223.1999969482422,3684,0.0,0.0,2023-07-05
4345,2023-07-05 13:00:00+02:00,222.89999389648438,223.10000610351562,222.0,222.6999969482422,4617,0.0,0.0,2023-07-05
4346,2023-07-05 14:00:00+02:00,223.0,225.8000030517578,222.60000610351562,225.5,28418,0.0,0.0,2023-07-05
4347,2023-07-05 15:00:00+02:00,226.0,226.1999969482422,224.60000610351562,225.1999969482422,35255,0.0,0.0,2023-07-05
4348,2023-07-05 16:00:00+02:00,225.1999969482422,226.10000610351562,225.10000610351562,225.6999969482422,32437,0.0,0.0,2023-07-05
4349,2023-07-05 17:00:00+02:00,225.60000610351562,226.0,225.39999389648438,225.60000610351562,181854,0.0,0.0,2023-07-05
4350,2023-07-06 09:00:00+02:00,224.0,225.3000030517578,222.1999969482422,222.3000030517578,0,0.0,0.0,2023-07-06
4351,2023-07-06 10:00:00+02:00,222.39999389648438,222.39999389648438,220.5,221.3000030517578,26210,0.0,0.0,2023-07-06
4352,2023-07-06 11:00:00+02:00,221.10000610351562,221.10000610351562,219.60000610351562,220.5,24041,0.0,0.0,2023-07-06
4353,2023-07-06 12:00:00+02:00,220.5,221.3000030517578,220.3000030517578,220.3000030517578,10361,0.0,0.0,2023-07-06
4354,2023-07-06 13:00:00+02:00,220.39999389648438,221.10000610351562,220.10000610351562,220.39999389648438,11473,0.0,0.0,2023-07-06
4355,2023-07-06 14:00:00+02:00,220.60000610351562,220.6999969482422,216.89999389648438,217.39999389648438,15292,0.0,0.0,2023-07-06
4356,2023-07-06 15:00:00+02:00,217.6999969482422,218.10000610351562,214.89999389648438,217.0,35088,0.0,0.0,2023-07-06
4357,2023-07-06 16:00:00+02:00,216.8000030517578,216.8000030517578,213.3000030517578,213.3000030517578,34837,0.0,0.0,2023-07-06
4358,2023-07-06 17:00:00+02:00,213.39999389648438,213.89999389648438,212.5,213.89999389648438,91696,0.0,0.0,2023-07-06
4359,2023-07-07 09:00:00+02:00,214.3000030517578,216.1999969482422,211.3000030517578,212.1999969482422,0,0.0,0.0,2023-07-07
4360,2023-07-07 10:00:00+02:00,211.6999969482422,212.89999389648438,211.3000030517578,212.89999389648438,10001,0.0,0.0,2023-07-07
4361,2023-07-07 11:00:00+02:00,212.6999969482422,214.8000030517578,212.6999969482422,214.1999969482422,7842,0.0,0.0,2023-07-07
4362,2023-07-07 12:00:00+02:00,214.10000610351562,215.1999969482422,213.89999389648438,214.89999389648438,3102,0.0,0.0,2023-07-07
4363,2023-07-07 13:00:00+02:00,215.0,215.39999389648438,214.5,215.3000030517578,10205,0.0,0.0,2023-07-07
4364,2023-07-07 14:00:00+02:00,215.5,218.89999389648438,215.5,216.89999389648438,19403,0.0,0.0,2023-07-07
4365,2023-07-07 15:00:00+02:00,216.6999969482422,217.3000030517578,216.39999389648438,216.8000030517578,8674,0.0,0.0,2023-07-07
4366,2023-07-07 16:00:00+02:00,216.6999969482422,217.39999389648438,216.6999969482422,217.3000030517578,5377,0.0,0.0,2023-07-07
4367,2023-07-07 17:00:00+02:00,217.5,218.0,217.1999969482422,217.1999969482422,62899,0.0,0.0,2023-07-07
4368,2023-07-10 09:00:00+02:00,216.3000030517578,218.10000610351562,213.1999969482422,216.6999969482422,0,0.0,0.0,2023-07-10
4369,2023-07-10 10:00:00+02:00,216.6999969482422,217.0,214.5,214.6999969482422,8435,0.0,0.0,2023-07-10
4370,2023-07-10 11:00:00+02:00,214.8000030517578,215.10000610351562,213.8000030517578,214.8000030517578,4255,0.0,0.0,2023-07-10
4371,2023-07-10 12:00:00+02:00,214.5,214.60000610351562,213.3000030517578,213.89999389648438,3461,0.0,0.0,2023-07-10
4372,2023-07-10 13:00:00+02:00,213.8000030517578,215.0,213.8000030517578,214.5,4150,0.0,0.0,2023-07-10
4373,2023-07-10 14:00:00+02:00,214.5,214.5,211.60000610351562,212.5,10892,0.0,0.0,2023-07-10
4374,2023-07-10 15:00:00+02:00,212.60000610351562,213.60000610351562,212.60000610351562,213.60000610351562,16248,0.0,0.0,2023-07-10
4375,2023-07-10 16:00:00+02:00,213.60000610351562,213.6999969482422,212.60000610351562,212.89999389648438,9619,0.0,0.0,2023-07-10
4376,2023-07-10 17:00:00+02:00,212.89999389648438,213.10000610351562,212.1999969482422,212.39999389648438,80872,0.0,0.0,2023-07-10
4377,2023-07-11 09:00:00+02:00,214.1999969482422,216.5,213.8000030517578,215.60000610351562,0,0.0,0.0,2023-07-11
4378,2023-07-11 10:00:00+02:00,215.1999969482422,215.1999969482422,213.10000610351562,213.5,3710,0.0,0.0,2023-07-11
4379,2023-07-11 11:00:00+02:00,213.89999389648438,215.39999389648438,213.60000610351562,215.39999389648438,4014,0.0,0.0,2023-07-11
4380,2023-07-11 12:00:00+02:00,215.1999969482422,217.0,215.1999969482422,216.89999389648438,12037,0.0,0.0,2023-07-11
4381,2023-07-11 13:00:00+02:00,217.0,217.89999389648438,217.0,217.89999389648438,4099,0.0,0.0,2023-07-11
4382,2023-07-11 14:00:00+02:00,217.89999389648438,218.39999389648438,217.60000610351562,218.1999969482422,4666,0.0,0.0,2023-07-11
4383,2023-07-11 15:00:00+02:00,218.1999969482422,219.10000610351562,217.60000610351562,217.8000030517578,11475,0.0,0.0,2023-07-11
4384,2023-07-11 16:00:00+02:00,217.5,219.10000610351562,217.39999389648438,218.6999969482422,13214,0.0,0.0,2023-07-11
4385,2023-07-11 17:00:00+02:00,218.60000610351562,219.3000030517578,218.60000610351562,218.89999389648438,52840,0.0,0.0,2023-07-11
4386,2023-07-12 09:00:00+02:00,218.89999389648438,218.89999389648438,213.0,217.5,0,0.0,0.0,2023-07-12
4387,2023-07-12 10:00:00+02:00,217.39999389648438,220.5,216.1999969482422,219.6999969482422,12288,0.0,0.0,2023-07-12
4388,2023-07-12 11:00:00+02:00,219.60000610351562,221.3000030517578,219.3000030517578,220.39999389648438,24299,0.0,0.0,2023-07-12
4389,2023-07-12 12:00:00+02:00,220.89999389648438,221.1999969482422,219.6999969482422,221.1999969482422,7854,0.0,0.0,2023-07-12
4390,2023-07-12 13:00:00+02:00,221.3000030517578,221.3000030517578,219.60000610351562,220.5,4806,0.0,0.0,2023-07-12
4391,2023-07-12 14:00:00+02:00,220.39999389648438,224.3000030517578,219.60000610351562,223.89999389648438,21982,0.0,0.0,2023-07-12
4392,2023-07-12 15:00:00+02:00,224.3000030517578,226.89999389648438,223.1999969482422,223.1999969482422,13281,0.0,0.0,2023-07-12
4393,2023-07-12 16:00:00+02:00,223.10000610351562,223.60000610351562,222.39999389648438,222.60000610351562,31137,0.0,0.0,2023-07-12
4394,2023-07-12 17:00:00+02:00,222.5,223.6999969482422,222.39999389648438,223.6999969482422,107881,0.0,0.0,2023-07-12
4395,2023-07-13 09:00:00+02:00,229.3000030517578,229.3000030517578,221.3000030517578,223.39999389648438,0,0.0,0.0,2023-07-13
4396,2023-07-13 10:00:00+02:00,222.8000030517578,223.60000610351562,222.0,222.10000610351562,13325,0.0,0.0,2023-07-13
4397,2023-07-13 11:00:00+02:00,222.3000030517578,223.0,222.3000030517578,223.0,5248,0.0,0.0,2023-07-13
4398,2023-07-13 12:00:00+02:00,223.0,223.1999969482422,222.5,223.0,6592,0.0,0.0,2023-07-13
4399,2023-07-13 13:00:00+02:00,222.8000030517578,223.3000030517578,222.8000030517578,223.10000610351562,2859,0.0,0.0,2023-07-13
4400,2023-07-13 14:00:00+02:00,223.0,223.39999389648438,221.89999389648438,222.39999389648438,10027,0.0,0.0,2023-07-13
4401,2023-07-13 15:00:00+02:00,222.3000030517578,223.10000610351562,221.6999969482422,222.89999389648438,7981,0.0,0.0,2023-07-13
4402,2023-07-13 16:00:00+02:00,222.8000030517578,223.10000610351562,221.3000030517578,222.3000030517578,10511,0.0,0.0,2023-07-13
4403,2023-07-13 17:00:00+02:00,222.1999969482422,222.1999969482422,220.89999389648438,220.89999389648438,80754,0.0,0.0,2023-07-13
4404,2023-07-14 09:00:00+02:00,217.3000030517578,219.1999969482422,215.10000610351562,215.60000610351562,0,0.0,0.0,2023-07-14
4405,2023-07-14 10:00:00+02:00,215.60000610351562,216.89999389648438,214.8000030517578,216.89999389648438,7671,0.0,0.0,2023-07-14
4406,2023-07-14 11:00:00+02:00,216.60000610351562,217.60000610351562,215.3000030517578,215.3000030517578,28776,0.0,0.0,2023-07-14
4407,2023-07-14 12:00:00+02:00,215.0,217.89999389648438,214.8000030517578,217.6999969482422,7370,0.0,0.0,2023-07-14
4408,2023-07-14 13:00:00+02:00,217.6999969482422,218.8000030517578,217.60000610351562,218.39999389648438,2324,0.0,0.0,2023-07-14
4409,2023-07-14 14:00:00+02:00,218.1999969482422,219.5,217.89999389648438,219.39999389648438,7429,0.0,0.0,2023-07-14
4410,2023-07-14 15:00:00+02:00,219.39999389648438,219.8000030517578,219.0,219.5,3415,0.0,0.0,2023-07-14
4411,2023-07-14 16:00:00+02:00,219.39999389648438,219.39999389648438,218.1999969482422,218.6999969482422,8434,0.0,0.0,2023-07-14
4412,2023-07-14 17:00:00+02:00,218.89999389648438,219.3000030517578,218.60000610351562,218.6999969482422,56781,0.0,0.0,2023-07-14
4413,2023-07-17 09:00:00+02:00,216.0,216.0,211.8000030517578,213.6999969482422,0,0.0,0.0,2023-07-17
4414,2023-07-17 10:00:00+02:00,213.5,216.39999389648438,212.3000030517578,216.10000610351562,20932,0.0,0.0,2023-07-17
4415,2023-07-17 11:00:00+02:00,216.10000610351562,217.10000610351562,215.89999389648438,217.10000610351562,4889,0.0,0.0,2023-07-17
4416,2023-07-17 12:00:00+02:00,217.10000610351562,217.39999389648438,216.39999389648438,216.5,6309,0.0,0.0,2023-07-17
4417,2023-07-17 13:00:00+02:00,216.3000030517578,216.6999969482422,216.3000030517578,216.60000610351562,1517,0.0,0.0,2023-07-17
4418,2023-07-17 14:00:00+02:00,216.60000610351562,216.60000610351562,215.6999969482422,215.89999389648438,4656,0.0,0.0,2023-07-17
4419,2023-07-17 15:00:00+02:00,216.3000030517578,217.0,216.10000610351562,216.6999969482422,5561,0.0,0.0,2023-07-17
4420,2023-07-17 16:00:00+02:00,216.39999389648438,218.10000610351562,216.3000030517578,217.39999389648438,35227,0.0,0.0,2023-07-17
4421,2023-07-17 17:00:00+02:00,217.39999389648438,217.6999969482422,216.3000030517578,216.3000030517578,46084,0.0,0.0,2023-07-17
4422,2023-07-18 09:00:00+02:00,217.10000610351562,220.39999389648438,217.10000610351562,217.89999389648438,0,0.0,0.0,2023-07-18
4423,2023-07-18 10:00:00+02:00,217.6999969482422,218.3000030517578,216.6999969482422,217.0,20776,0.0,0.0,2023-07-18
4424,2023-07-18 11:00:00+02:00,217.0,218.3000030517578,216.6999969482422,217.5,14004,0.0,0.0,2023-07-18
4425,2023-07-18 12:00:00+02:00,217.6999969482422,219.6999969482422,217.5,219.0,30158,0.0,0.0,2023-07-18
4426,2023-07-18 13:00:00+02:00,218.6999969482422,218.89999389648438,218.39999389648438,218.89999389648438,3484,0.0,0.0,2023-07-18
4427,2023-07-18 14:00:00+02:00,219.1999969482422,221.8000030517578,219.0,221.8000030517578,35694,0.0,0.0,2023-07-18
4428,2023-07-18 15:00:00+02:00,221.89999389648438,222.3000030517578,219.5,221.1999969482422,25660,0.0,0.0,2023-07-18
4429,2023-07-18 16:00:00+02:00,221.39999389648438,223.0,221.39999389648438,222.6999969482422,27621,0.0,0.0,2023-07-18
4430,2023-07-18 17:00:00+02:00,222.60000610351562,222.89999389648438,221.6999969482422,222.89999389648438,83097,0.0,0.0,2023-07-18
4431,2023-07-19 09:00:00+02:00,222.89999389648438,232.39999389648438,222.89999389648438,230.39999389648438,0,0.0,0.0,2023-07-19
4432,2023-07-19 10:00:00+02:00,230.60000610351562,233.3000030517578,229.60000610351562,233.10000610351562,58542,0.0,0.0,2023-07-19
4433,2023-07-19 11:00:00+02:00,233.10000610351562,235.3000030517578,232.5,233.89999389648438,46615,0.0,0.0,2023-07-19
4434,2023-07-19 12:00:00+02:00,233.6999969482422,235.60000610351562,233.60000610351562,234.89999389648438,28936,0.0,0.0,2023-07-19
4435,2023-07-19 13:00:00+02:00,235.0,235.8000030517578,234.89999389648438,235.5,32575,0.0,0.0,2023-07-19
4436,2023-07-19 14:00:00+02:00,235.60000610351562,237.5,235.39999389648438,237.10000610351562,26580,0.0,0.0,2023-07-19
4437,2023-07-19 15:00:00+02:00,237.0,237.6999969482422,235.8000030517578,235.89999389648438,20592,0.0,0.0,2023-07-19
4438,2023-07-19 16:00:00+02:00,235.89999389648438,237.39999389648438,235.5,236.89999389648438,16119,0.0,0.0,2023-07-19
4439,2023-07-19 17:00:00+02:00,237.0,237.6999969482422,236.6999969482422,236.89999389648438,138161,0.0,0.0,2023-07-19
4440,2023-07-20 09:00:00+02:00,232.0,236.39999389648438,232.0,236.1999969482422,0,0.0,0.0,2023-07-20
4441,2023-07-20 10:00:00+02:00,236.39999389648438,236.89999389648438,235.8000030517578,236.39999389648438,13687,0.0,0.0,2023-07-20
4442,2023-07-20 11:00:00+02:00,236.5,237.0,234.8000030517578,235.0,14314,0.0,0.0,2023-07-20
4443,2023-07-20 12:00:00+02:00,234.8000030517578,236.3000030517578,234.8000030517578,236.3000030517578,10151,0.0,0.0,2023-07-20
4444,2023-07-20 13:00:00+02:00,236.39999389648438,237.0,235.6999969482422,236.10000610351562,15895,0.0,0.0,2023-07-20
4445,2023-07-20 14:00:00+02:00,236.0,236.5,235.1999969482422,235.6999969482422,31503,0.0,0.0,2023-07-20
4446,2023-07-20 15:00:00+02:00,235.89999389648438,236.1999969482422,234.10000610351562,235.5,23012,0.0,0.0,2023-07-20
4447,2023-07-20 16:00:00+02:00,235.5,235.5,234.10000610351562,234.3000030517578,15065,0.0,0.0,2023-07-20
4448,2023-07-20 17:00:00+02:00,234.3000030517578,235.39999389648438,234.3000030517578,235.39999389648438,54871,0.0,0.0,2023-07-20
4449,2023-07-21 09:00:00+02:00,234.0,234.89999389648438,232.5,232.60000610351562,0,0.0,0.0,2023-07-21
4450,2023-07-21 10:00:00+02:00,232.6999969482422,235.6999969482422,232.6999969482422,235.6999969482422,19022,0.0,0.0,2023-07-21
4451,2023-07-21 11:00:00+02:00,236.10000610351562,236.1999969482422,234.89999389648438,235.1999969482422,10229,0.0,0.0,2023-07-21
4452,2023-07-21 12:00:00+02:00,235.60000610351562,235.6999969482422,234.89999389648438,235.1999969482422,3481,0.0,0.0,2023-07-21
4453,2023-07-21 13:00:00+02:00,234.89999389648438,235.8000030517578,234.5,234.6999969482422,4813,0.0,0.0,2023-07-21
4454,2023-07-21 14:00:00+02:00,234.8000030517578,235.89999389648438,231.0,235.89999389648438,34246,0.0,0.0,2023-07-21
4455,2023-07-21 15:00:00+02:00,236.10000610351562,236.10000610351562,235.10000610351562,235.39999389648438,8551,0.0,0.0,2023-07-21
4456,2023-07-21 16:00:00+02:00,235.39999389648438,236.0,234.60000610351562,235.8000030517578,11350,0.0,0.0,2023-07-21
4457,2023-07-21 17:00:00+02:00,236.10000610351562,237.0,236.0,236.89999389648438,76984,0.0,0.0,2023-07-21
